<?xml version="1.0" encoding="utf-8"?>
<COLLADA xmlns="http://www.collada.org/2005/11/COLLADASchema" version="1.4.1" xmlns:xsi="http://www.w3.org/2001/XMLSchema-instance">
  <asset>
    <contributor>
      <author>Blender User</author>
      <authoring_tool>Blender 4.5.9 LTS commit date:2026-04-20, commit time:14:24, hash:8bf95cbd38d1</authoring_tool>
    </contributor>
    <created>2026-05-10T02:41:25</created>
    <modified>2026-05-10T02:41:25</modified>
    <unit name="meter" meter="1"/>
    <up_axis>Z_UP</up_axis>
  </asset>
  <library_effects>
    <effect id="hpl3export_M_C_02_Back-effect">
      <profile_COMMON>
        <newparam sid="hpl3export_M_C_02_Back_DIFFUSE_micro-surface">
          <surface type="2D">
            <init_from>hpl3export_M_C_02_Back_DIFFUSE_micro</init_from>
          </surface>
        </newparam>
        <newparam sid="hpl3export_M_C_02_Back_DIFFUSE_micro-sampler">
          <sampler2D>
            <source>hpl3export_M_C_02_Back_DIFFUSE_micro-surface</source>
          </sampler2D>
        </newparam>
        <technique sid="common">
          <lambert>
            <emission>
              <color sid="emission">0 0 0 1</color>
            </emission>
            <diffuse>
              <texture texture="hpl3export_M_C_02_Back_DIFFUSE_micro-sampler" texcoord="UVMap.001"/>
            </diffuse>
            <index_of_refraction>
              <float sid="ior">1.5</float>
            </index_of_refraction>
          </lambert>
        </technique>
      </profile_COMMON>
    </effect>
    <effect id="hpl3export_M_C_02_storefrontb-effect">
      <profile_COMMON>
        <newparam sid="hpl3export_M_C_02_storefrontb_DIFFUSE_micro-surface">
          <surface type="2D">
            <init_from>hpl3export_M_C_02_storefrontb_DIFFUSE_micro</init_from>
          </surface>
        </newparam>
        <newparam sid="hpl3export_M_C_02_storefrontb_DIFFUSE_micro-sampler">
          <sampler2D>
            <source>hpl3export_M_C_02_storefrontb_DIFFUSE_micro-surface</source>
          </sampler2D>
        </newparam>
        <technique sid="common">
          <lambert>
            <emission>
              <color sid="emission">0 0 0 1</color>
            </emission>
            <diffuse>
              <texture texture="hpl3export_M_C_02_storefrontb_DIFFUSE_micro-sampler" texcoord="UVMap.001"/>
            </diffuse>
            <index_of_refraction>
              <float sid="ior">1.5</float>
            </index_of_refraction>
          </lambert>
        </technique>
      </profile_COMMON>
    </effect>
    <effect id="hpl3export_M_C_02_storefront-effect">
      <profile_COMMON>
        <newparam sid="hpl3export_M_C_02_storefront_DIFFUSE_micro-surface">
          <surface type="2D">
            <init_from>hpl3export_M_C_02_storefront_DIFFUSE_micro</init_from>
          </surface>
        </newparam>
        <newparam sid="hpl3export_M_C_02_storefront_DIFFUSE_micro-sampler">
          <sampler2D>
            <source>hpl3export_M_C_02_storefront_DIFFUSE_micro-surface</source>
          </sampler2D>
        </newparam>
        <technique sid="common">
          <lambert>
            <emission>
              <color sid="emission">0 0 0 1</color>
            </emission>
            <diffuse>
              <texture texture="hpl3export_M_C_02_storefront_DIFFUSE_micro-sampler" texcoord="UVMap.001"/>
            </diffuse>
            <index_of_refraction>
              <float sid="ior">1.5</float>
            </index_of_refraction>
          </lambert>
        </technique>
      </profile_COMMON>
    </effect>
    <effect id="hpl3export_M_Doors_Generic_01_005-effect">
      <profile_COMMON>
        <newparam sid="hpl3export_M_Doors_Generic_01_005_DIFFUSE_micro-surface">
          <surface type="2D">
            <init_from>hpl3export_M_Doors_Generic_01_005_DIFFUSE_micro</init_from>
          </surface>
        </newparam>
        <newparam sid="hpl3export_M_Doors_Generic_01_005_DIFFUSE_micro-sampler">
          <sampler2D>
            <source>hpl3export_M_Doors_Generic_01_005_DIFFUSE_micro-surface</source>
          </sampler2D>
        </newparam>
        <technique sid="common">
          <lambert>
            <emission>
              <color sid="emission">0 0 0 1</color>
            </emission>
            <diffuse>
              <texture texture="hpl3export_M_Doors_Generic_01_005_DIFFUSE_micro-sampler" texcoord="UVMap.001"/>
            </diffuse>
            <index_of_refraction>
              <float sid="ior">1.5</float>
            </index_of_refraction>
          </lambert>
        </technique>
      </profile_COMMON>
    </effect>
    <effect id="hpl3export_M_C_02_Facade_02-effect">
      <profile_COMMON>
        <newparam sid="hpl3export_M_C_02_Facade_02_DIFFUSE_micro-surface">
          <surface type="2D">
            <init_from>hpl3export_M_C_02_Facade_02_DIFFUSE_micro</init_from>
          </surface>
        </newparam>
        <newparam sid="hpl3export_M_C_02_Facade_02_DIFFUSE_micro-sampler">
          <sampler2D>
            <source>hpl3export_M_C_02_Facade_02_DIFFUSE_micro-surface</source>
          </sampler2D>
        </newparam>
        <technique sid="common">
          <lambert>
            <emission>
              <color sid="emission">0 0 0 1</color>
            </emission>
            <diffuse>
              <texture texture="hpl3export_M_C_02_Facade_02_DIFFUSE_micro-sampler" texcoord="UVMap.001"/>
            </diffuse>
            <index_of_refraction>
              <float sid="ior">1.5</float>
            </index_of_refraction>
          </lambert>
        </technique>
      </profile_COMMON>
    </effect>
  </library_effects>
  <library_images>
    <image id="hpl3export_M_C_02_Back_DIFFUSE_micro" name="hpl3export_M_C_02_Back_DIFFUSE_micro">
      <init_from>/C:/Program%20Files%20(x86)/Steam/steamapps/common/Amnesia%20The%20Bunker/mods/BunkersEdge/static_objects/city/buildings/B_C_02/S_C_02_01_S/M_C_02_Back.dds</init_from>
    </image>
    <image id="hpl3export_M_C_02_Facade_02_DIFFUSE_micro" name="hpl3export_M_C_02_Facade_02_DIFFUSE_micro">
      <init_from>/C:/Program%20Files%20(x86)/Steam/steamapps/common/Amnesia%20The%20Bunker/mods/BunkersEdge/static_objects/city/buildings/B_C_02/S_C_02_01_S/M_C_02_Facade_02.dds</init_from>
    </image>
    <image id="hpl3export_M_C_02_storefront_DIFFUSE_micro" name="hpl3export_M_C_02_storefront_DIFFUSE_micro">
      <init_from>/C:/Program%20Files%20(x86)/Steam/steamapps/common/Amnesia%20The%20Bunker/mods/BunkersEdge/static_objects/city/buildings/B_C_02/S_C_02_01_S/M_C_02_storefront.dds</init_from>
    </image>
    <image id="hpl3export_M_C_02_storefrontb_DIFFUSE_micro" name="hpl3export_M_C_02_storefront_DIFFUSE_micro">
      <init_from>/C:/Program%20Files%20(x86)/Steam/steamapps/common/Amnesia%20The%20Bunker/mods/BunkersEdge/static_objects/city/buildings/B_C_02/S_C_02_01_S/M_C_02_storefront.dds</init_from>
    </image>
    <image id="hpl3export_M_Doors_Generic_01_005_DIFFUSE_micro" name="hpl3export_M_Doors_Generic_01_005_DIFFUSE_micro">
      <init_from>/C:/Program%20Files%20(x86)/Steam/steamapps/common/Amnesia%20The%20Bunker/mods/BunkersEdge/static_objects/city/buildings/B_C_02/S_C_02_01_S/T_Doors_D.dds</init_from>
    </image>
  </library_images>
  <library_materials>
    <material id="hpl3export_M_C_02_Back-material" name="hpl3export_M_C_02_Back">
      <instance_effect url="#hpl3export_M_C_02_Back-effect"/>
    </material>
    <material id="hpl3export_M_C_02_storefrontb-material" name="hpl3export_M_C_02_storefrontb">
      <instance_effect url="#hpl3export_M_C_02_storefrontb-effect"/>
    </material>
    <material id="hpl3export_M_C_02_storefront-material" name="hpl3export_M_C_02_storefront">
      <instance_effect url="#hpl3export_M_C_02_storefront-effect"/>
    </material>
    <material id="hpl3export_M_Doors_Generic_01_005-material" name="hpl3export_M_Doors_Generic_01.005">
      <instance_effect url="#hpl3export_M_Doors_Generic_01_005-effect"/>
    </material>
    <material id="hpl3export_M_C_02_Facade_02-material" name="hpl3export_M_C_02_Facade_02">
      <instance_effect url="#hpl3export_M_C_02_Facade_02-effect"/>
    </material>
  </library_materials>
  <library_geometries>
    <geometry id="S_C_02_01_S_007-mesh" name="S_C_02_01_S.007">
      <mesh>
        <source id="S_C_02_01_S_007-mesh-positions">
          <float_array id="S_C_02_01_S_007-mesh-positions-array" count="1647">16.6 15.27 4.6 16.6 15.33 4.6 16.6 15.27 8.96 16.6 15.33 8.96 11.48 15.33 4.6 11.24 15.33 4.6 11.48 15.33 8.96 11.24 15.33 8.96 11.24 15.27 8.96 11.24 15.33 8.96 11.24 15.27 4.6 11.24 15.33 4.6 11.48 15.27 4.6 11.48 15.33 4.6 11.48 15.27 8.96 11.48 15.33 8.96 16.6 15.33 4.6 16.37 15.33 4.6 16.6 15.33 8.96 16.37 15.33 8.96 16.37 15.27 8.96 16.37 15.33 8.96 16.37 15.27 4.6 16.37 15.33 4.6 29.72 2 8.840001 25.82 2 8.840001 29.72 2 5.52 25.82 2 5.52 30.72 12.72 5.7 30.72 11.82 5.7 30.57 12.72 5.7 30.57 11.82 5.7 30.72 12.72 4.72 30.72 12.72 5.7 30.57 12.72 4.72 30.57 12.72 5.7 30.72 11.82 4.72 30.72 12.72 4.72 30.57 11.82 4.72 30.57 12.72 4.72 30.72 11.82 5.7 30.72 11.82 4.72 30.57 11.82 5.7 30.57 11.82 4.72 30.72 7.36 7.55 30.72 6.57 7.55 30.57 7.36 7.55 30.57 6.57 7.55 30.72 7.36 6.57 30.72 7.36 7.55 30.57 7.36 6.57 30.57 7.36 7.55 30.72 6.57 6.57 30.72 7.36 6.57 30.57 6.57 6.57 30.57 7.36 6.57 30.72 6.57 7.55 30.72 6.57 6.57 30.57 6.57 7.55 30.57 6.57 6.57 30.72 3.88 7.55 30.72 3.48 7.55 30.57 3.88 7.55 30.57 3.48 7.55 30.72 3.88 7.15 30.72 3.88 7.55 30.57 3.88 7.15 30.57 3.88 7.55 30.72 3.48 7.15 30.72 3.88 7.15 30.57 3.48 7.15 30.57 3.88 7.15 30.72 3.48 7.55 30.72 3.48 7.15 30.57 3.48 7.55 30.57 3.48 7.15 30.57 11.82 5.7 30.57 11.82 4.72 30.57 12.72 5.7 30.57 12.72 4.72 30.57 3.48 7.55 30.57 3.48 7.15 30.57 3.88 7.55 30.57 3.88 7.15 30.57 6.57 7.55 30.57 6.57 6.57 30.57 7.36 7.55 30.57 7.36 6.57 0 12.72 5.7 0.15 12.72 5.7 0 11.82 5.7 0.15 11.82 5.7 0 12.72 4.72 0.15 12.72 4.72 0 12.72 5.7 0.15 12.72 5.7 0 11.82 4.72 0.15 11.82 4.72 0 12.72 4.72 0.15 12.72 4.72 0 11.82 5.7 0.15 11.82 5.7 0 11.82 4.72 0.15 11.82 4.72 0 7.36 7.55 0.15 7.36 7.55 0 6.57 7.55 0.15 6.57 7.55 0 7.36 6.57 0.15 7.36 6.57 0 7.36 7.55 0.15 7.36 7.55 0 6.57 6.57 0.15 6.57 6.57 0 7.36 6.57 0.15 7.36 6.57 0 6.57 7.55 0.15 6.57 7.55 0 6.57 6.57 0.15 6.57 6.57 0 3.88 7.55 0.15 3.88 7.55 0 3.48 7.55 0.15 3.48 7.55 0 3.88 7.15 0.15 3.88 7.15 0 3.88 7.55 0.15 3.88 7.55 0 3.48 7.15 0.15 3.48 7.15 0 3.88 7.15 0.15 3.88 7.15 0 3.48 7.55 0.15 3.48 7.55 0 3.48 7.15 0.15 3.48 7.15 0.15 11.82 5.7 0.15 12.72 5.7 0.15 11.82 4.72 0.15 12.72 4.72 0.15 3.48 7.55 0.15 3.88 7.55 0.15 3.48 7.15 0.15 3.88 7.15 0.15 6.57 7.55 0.15 7.36 7.55 0.15 6.57 6.57 0.15 7.36 6.57 29.72 13.35 8.840001 29.72 13.35 5.52 25.82 13.35 8.840001 25.82 13.35 5.52 1 2 8.840001 1 2 5.52 5.14 2 8.840001 5.14 2 5.52 25.82 15.27 4.44 25.85 15.27 4.44 25.82 15.27 8.96 25.85 15.27 8.96 25.59 15.33 8.96 25.59 15.33 4.44 25.59 15.27 8.96 25.59 15.27 4.44 0.97 15.27 4.44 1 15.27 4.48 0.97 15.27 8.96 1 15.27 8.96 0.97 15.33 4.44 1.23 15.33 4.44 0.97 15.27 4.44 1.23 15.27 4.44 0.97 15.33 4.44 0.97 15.33 8.96 1.23 15.33 4.44 1.23 15.33 8.96 1.23 15.27 8.96 1.23 15.27 4.48 1.23 15.33 8.96 1.23 15.33 4.44 1.23 15.27 4.44 0.97 15.27 4.44 0.97 15.27 8.96 0.97 15.33 4.44 0.97 15.33 8.96 25.59 15.33 4.44 25.85 15.33 4.44 25.59 15.27 4.44 25.85 15.27 4.44 25.59 15.33 8.96 25.85 15.33 8.96 25.59 15.33 4.44 25.85 15.33 4.44 25.85 15.33 4.44 25.85 15.33 8.96 25.85 15.27 4.44 25.85 15.27 8.96 25.59 15.31 4.6 25.59 15.33 4.6 1.23 15.31 4.6 1.23 15.33 4.6 25.59 15.33 4.6 25.59 15.33 4.46 1.23 15.33 4.6 1.23 15.33 4.46 1.23 15.27 4.46 1.23 15.33 4.46 25.59 15.27 4.46 25.59 15.33 4.46 1.23 15.27 4.46 25.59 15.27 4.46 1.23 15.27 4.48 25.59 15.27 4.48 25.59 15.27 5.52 25.59 15.31 5.52 1.23 15.27 5.52 1.23 15.31 5.52 6.35 15.33 4.6 6.11 15.33 4.6 6.35 15.33 8.96 6.11 15.33 8.96 6.11 15.27 8.96 6.11 15.33 8.96 6.11 15.27 4.6 6.11 15.33 4.6 6.35 15.27 4.6 6.35 15.33 4.6 6.35 15.27 8.96 6.35 15.33 8.96 25.82 14.35 4.44 25.84 14.35 4.44 25.82 14.35 4.48 25.84 14.35 4.48 25.84 15.27 4.48 25.82 15.27 4.48 25.84 14.35 4.48 25.82 14.35 4.48 25.84 15.27 4.44 25.84 15.27 4.48 25.84 14.35 4.44 25.84 14.35 4.48 25.59 15.27 4.48 25.59 15.27 4.44 25.59 14.35 4.48 25.59 14.35 4.44 25.59 15.27 4.44 25.84 15.27 4.44 25.59 14.35 4.44 25.84 14.35 4.44 1 14.35 4.44 1 14.35 4.48 0.98 14.35 4.44 0.98 14.35 4.48 0.98 14.35 4.48 1 14.35 4.48 0.98 15.27 4.48 1 15.27 4.48 0.98 14.35 4.44 0.98 14.35 4.48 0.98 15.27 4.44 0.98 15.27 4.48 1.23 14.35 4.48 1.23 14.35 4.44 1.23 15.27 4.48 1.23 15.27 4.44 1.23 14.35 4.44 0.98 14.35 4.44 1.23 15.27 4.44 0.98 15.27 4.44 5.14 1 4.44 5.11 1 4.44 5.14 1 4.48 5.11 1 4.48 5.11 0.07999998 4.48 5.14 0.07999998 4.48 5.11 1 4.48 5.14 1 4.48 5.11 0.07999998 4.44 5.11 0.07999998 4.48 5.11 1 4.44 5.11 1 4.48 5.36 0.07999998 4.48 5.36 0.07999998 4.44 5.36 1 4.48 5.36 1 4.44 5.36 0.07999998 4.44 5.11 0.07999998 4.44 5.36 1 4.44 5.11 1 4.44 25.82 1 4.44 25.82 1 4.48 25.84 1 4.44 25.84 1 4.48 25.84 1 4.48 25.82 1 4.48 25.84 0.07999998 4.48 25.82 0.07999998 4.48 25.84 1 4.44 25.84 1 4.48 25.84 0.07999998 4.44 25.84 0.07999998 4.48 25.595 1 4.48 25.595 1 4.44 25.595 0.07999998 4.48 25.595 0.07999998 4.44 25.595 1 4.44 25.84 1 4.44 25.595 0.07999998 4.44 25.84 0.07999998 4.44 -0.03999996 12.78 4.62 -0.03999996 12.78 4.72 0 12.78 4.62 0 12.78 4.72 0 11.78 4.62 0 11.78 4.72 -0.03999996 11.78 4.62 -0.03999996 11.78 4.72 -0.03999996 12.78 4.62 0 12.78 4.62 -0.03999996 11.78 4.62 0 11.78 4.62 -0.03999996 12.78 4.72 -0.03999996 12.78 4.62 -0.03999996 11.78 4.72 -0.03999996 11.78 4.62 0 12.78 4.72 -0.03999996 12.78 4.72 0 11.78 4.72 -0.03999996 11.78 4.72 -0.03999996 7.42 6.47 -0.03999996 7.42 6.57 0 7.42 6.47 0 7.42 6.57 0 6.51 6.47 0 6.51 6.57 -0.03999996 6.51 6.47 -0.03999996 6.51 6.57 -0.03999996 7.42 6.47 0 7.42 6.47 -0.03999996 6.51 6.47 0 6.51 6.47 -0.03999996 7.42 6.57 -0.03999996 7.42 6.47 -0.03999996 6.51 6.57 -0.03999996 6.51 6.47 0 7.42 6.57 -0.03999996 7.42 6.57 0 6.51 6.57 -0.03999996 6.51 6.57 -0.03999996 3.93 7.05 -0.03999996 3.93 7.15 0 3.93 7.05 0 3.93 7.15 0 3.44 7.05 0 3.44 7.15 -0.03999996 3.44 7.05 -0.03999996 3.44 7.15 -0.03999996 3.93 7.05 0 3.93 7.05 -0.03999996 3.44 7.05 0 3.44 7.05 -0.03999996 3.93 7.15 -0.03999996 3.93 7.05 -0.03999996 3.44 7.15 -0.03999996 3.44 7.05 0 3.93 7.15 -0.03999996 3.93 7.15 0 3.44 7.15 -0.03999996 3.44 7.15 30.76 12.78 4.62 30.72 12.78 4.62 30.76 12.78 4.72 30.72 12.78 4.72 30.72 11.78 4.62 30.76 11.78 4.62 30.72 11.78 4.72 30.76 11.78 4.72 30.76 12.78 4.62 30.76 11.78 4.62 30.72 12.78 4.62 30.72 11.78 4.62 30.76 12.78 4.72 30.76 11.78 4.72 30.76 12.78 4.62 30.76 11.78 4.62 30.72 12.78 4.72 30.72 11.78 4.72 30.76 12.78 4.72 30.76 11.78 4.72 30.76 7.42 6.47 30.72 7.42 6.47 30.76 7.42 6.57 30.72 7.42 6.57 30.72 6.51 6.47 30.76 6.51 6.47 30.72 6.51 6.57 30.76 6.51 6.57 30.76 7.42 6.47 30.76 6.51 6.47 30.72 7.42 6.47 30.72 6.51 6.47 30.76 7.42 6.57 30.76 6.51 6.57 30.76 7.42 6.47 30.76 6.51 6.47 30.72 7.42 6.57 30.72 6.51 6.57 30.76 7.42 6.57 30.76 6.51 6.57 30.76 3.93 7.05 30.72 3.93 7.05 30.76 3.93 7.15 30.72 3.93 7.15 30.72 3.44 7.05 30.76 3.44 7.05 30.72 3.44 7.15 30.76 3.44 7.15 30.76 3.93 7.05 30.76 3.44 7.05 30.72 3.93 7.05 30.72 3.44 7.05 30.76 3.93 7.15 30.76 3.44 7.15 30.76 3.93 7.05 30.76 3.44 7.05 30.72 3.93 7.15 30.72 3.44 7.15 30.76 3.93 7.15 30.76 3.44 7.15 5.36 0.07999998 5.52 5.36 0.03999996 5.52 25.595 0.07999998 5.52 25.595 0.03999996 5.52 25.595 0.07999998 4.46 5.36 0.07999998 4.46 25.595 0.07999998 4.48 5.36 0.07999998 4.48 5.36 0.01999998 4.6 25.595 0.01999998 4.6 5.36 0.07999998 4.6 25.595 0.07999998 4.6 5.36 0.01999998 4.46 25.595 0.01999998 4.46 5.36 0.01999998 4.6 25.595 0.01999998 4.6 25.595 0.07999998 4.46 25.595 0.01999998 4.46 5.36 0.07999998 4.46 5.36 0.01999998 4.46 10.23 0.01999998 4.6 10.48 0.01999998 4.6 10.23 0.01999998 8.96 10.48 0.01999998 8.96 10.48 0.07999998 8.96 10.48 0.01999998 8.96 10.48 0.07999998 4.6 10.48 0.01999998 4.6 10.23 0.07999998 4.6 10.23 0.01999998 4.6 10.23 0.07999998 8.96 10.23 0.01999998 8.96 15.355 0.01999998 4.6 15.6 0.01999998 4.6 15.355 0.01999998 8.96 15.6 0.01999998 8.96 15.6 0.07999998 8.96 15.6 0.01999998 8.96 15.6 0.07999998 4.6 15.6 0.01999998 4.6 15.355 0.07999998 4.6 15.355 0.01999998 4.6 15.355 0.07999998 8.96 15.355 0.01999998 8.96 5.36 0.01999998 4.44 5.36 0.07999998 4.44 5.36 0.01999998 4.48 5.36 0.07999998 4.48 5.11 0.07999998 4.48 5.11 0.07999998 8.96 5.14 0.07999998 4.48 5.14 0.07999998 8.96 5.11 0.01999998 4.44 5.11 0.07999998 4.44 5.36 0.01999998 4.44 5.36 0.07999998 4.44 5.11 0.01999998 4.44 5.36 0.01999998 4.44 5.11 0.01999998 8.96 5.36 0.01999998 8.96 5.36 0.07999998 8.96 5.36 0.01999998 8.96 5.36 0.07999998 4.6 5.36 0.01999998 4.6 5.11 0.07999998 4.44 5.11 0.01999998 4.44 5.11 0.07999998 8.96 5.11 0.01999998 8.96 20.475 0.01999998 4.6 20.72 0.01999998 4.6 20.475 0.01999998 8.96 20.72 0.01999998 8.96 20.72 0.07999998 8.96 20.72 0.01999998 8.96 20.72 0.07999998 4.6 20.72 0.01999998 4.6 20.475 0.07999998 4.6 20.475 0.01999998 4.6 20.475 0.07999998 8.96 20.475 0.01999998 8.96 25.595 0.01999998 4.44 25.595 0.01999998 4.48 25.595 0.07999998 4.44 25.595 0.07999998 4.48 25.84 0.07999998 4.48 25.82 0.07999998 4.48 25.84 0.07999998 8.96 25.82 0.07999998 8.96 25.84 0.01999998 4.44 25.595 0.01999998 4.44 25.84 0.07999998 4.44 25.595 0.07999998 4.44 25.84 0.01999998 4.44 25.84 0.01999998 8.96 25.595 0.01999998 4.44 25.595 0.01999998 8.96 25.595 0.07999998 8.96 25.595 0.07999998 4.6 25.595 0.01999998 8.96 25.595 0.01999998 4.6 25.84 0.07999998 4.44 25.84 0.07999998 8.96 25.84 0.01999998 4.44 25.84 0.01999998 8.96 21.72 15.33 4.6 21.48 15.33 4.6 21.72 15.33 8.96 21.48 15.33 8.96 21.48 15.27 8.96 21.48 15.33 8.96 21.48 15.27 4.6 21.48 15.33 4.6 21.72 15.27 4.6 21.72 15.33 4.6 21.72 15.27 8.96 21.72 15.33 8.96 1.23 15.27 4.48 1 15.27 4.48 0.97 15.27 4.44 1.23 15.27 4.44</float_array>
          <technique_common>
            <accessor source="#S_C_02_01_S_007-mesh-positions-array" count="549" stride="3">
              <param name="X" type="float"/>
              <param name="Y" type="float"/>
              <param name="Z" type="float"/>
            </accessor>
          </technique_common>
        </source>
        <source id="S_C_02_01_S_007-mesh-normals">
          <float_array id="S_C_02_01_S_007-mesh-normals-array" count="51">1 0 0 0 1 0 -1 0 0 0 -1 0 0 0 -1 0 0 1 1 2.74724e-6 0 0 -4.77711e-5 -1 0.7070559 -0.7071576 0 0.7070559 -0.7071576 0 -4.77711e-5 0 -1 0.7071576 0 0.7070559 0.8944003 0 0.4472674 0.707158 -0.7070555 -3.15564e-5 0 -1 3.23939e-5 0 -1 2.70626e-5 0.7071576 -0.7070559 3.39419e-5</float_array>
          <technique_common>
            <accessor source="#S_C_02_01_S_007-mesh-normals-array" count="17" stride="3">
              <param name="X" type="float"/>
              <param name="Y" type="float"/>
              <param name="Z" type="float"/>
            </accessor>
          </technique_common>
        </source>
        <source id="S_C_02_01_S_007-mesh-map">
          <float_array id="S_C_02_01_S_007-mesh-map-array" count="1650">1.173828 0.9637451 1.173828 0.9752655 0.3225098 0.9637451 0.3225098 0.9637451 1.173828 0.9752655 0.3225098 0.9752655 1.173828 0.9983358 1.173828 0.9752655 0.3225098 0.9983358 0.3225098 0.9983358 1.173828 0.9752655 0.3225098 0.9752655 0.3225098 0.9637451 0.3225098 0.9752655 1.173828 0.9637451 1.173828 0.9637451 0.3225098 0.9752655 1.173828 0.9752655 1.173828 0.9637451 1.173828 0.9752655 0.3225098 0.9637451 0.3225098 0.9637451 1.173828 0.9752655 0.3225098 0.9752655 1.173828 0.9983358 1.173828 0.9752655 0.3225098 0.9983358 0.3225098 0.9983358 1.173828 0.9752655 0.3225098 0.9752655 0.3225098 0.9637451 0.3225098 0.9752655 1.173828 0.9637451 1.173828 0.9637451 0.3225098 0.9752655 1.173828 0.9752655 0.7441406 0.3022461 0.07806396 0.3022461 0.7441406 0.02832031 0.7441406 0.02832031 0.07806396 0.3022461 0.07806396 0.02832031 0.7910156 0.9002075 0.96875 0.9002075 0.7910156 0.8855591 0.7910156 0.8855591 0.96875 0.9002075 0.96875 0.8855591 0.7646484 0.789917 0.7646484 0.8855591 0.7910156 0.789917 0.7910156 0.789917 0.7646484 0.8855591 0.7910156 0.8855591 0.96875 0.7752686 0.7910156 0.7752686 0.96875 0.789917 0.96875 0.789917 0.7910156 0.7752686 0.7910156 0.789917 0.996582 0.8855591 0.996582 0.789917 0.96875 0.8855591 0.96875 0.8855591 0.996582 0.789917 0.96875 0.789917 0.7910156 0.9002075 0.96875 0.9002075 0.7910156 0.8855591 0.7910156 0.8855591 0.96875 0.9002075 0.96875 0.8855591 0.7646484 0.789917 0.7646484 0.8855591 0.7910156 0.789917 0.7910156 0.789917 0.7646484 0.8855591 0.7910156 0.8855591 0.96875 0.7752686 0.7910156 0.7752686 0.96875 0.789917 0.96875 0.789917 0.7910156 0.7752686 0.7910156 0.789917 0.996582 0.8855591 0.996582 0.789917 0.96875 0.8855591 0.96875 0.8855591 0.996582 0.789917 0.96875 0.789917 0.7915039 0.7880859 0.8696289 0.7880859 0.7915039 0.7734375 0.7915039 0.7734375 0.8696289 0.7880859 0.8696289 0.7734375 0.7646484 0.734375 0.7646484 0.7734375 0.7915039 0.734375 0.7915039 0.734375 0.7646484 0.7734375 0.7915039 0.7734375 0.8696289 0.7197266 0.7915039 0.7197266 0.8696289 0.734375 0.8696289 0.734375 0.7915039 0.7197266 0.7915039 0.734375 0.8989258 0.7734375 0.8989258 0.734375 0.8696289 0.7734375 0.8696289 0.7734375 0.8989258 0.734375 0.8696289 0.734375 0.96875 0.8855591 0.96875 0.789917 0.7910156 0.8855591 0.7910156 0.8855591 0.96875 0.789917 0.7910156 0.789917 0.8696289 0.7734375 0.8696289 0.734375 0.7915039 0.7734375 0.7915039 0.7734375 0.8696289 0.734375 0.7915039 0.734375 0.96875 0.8855591 0.96875 0.789917 0.7910156 0.8855591 0.7910156 0.8855591 0.96875 0.789917 0.7910156 0.789917 0.7910156 0.9002075 0.7910156 0.8855591 0.96875 0.9002075 0.96875 0.9002075 0.7910156 0.8855591 0.96875 0.8855591 0.7646484 0.789917 0.7910156 0.789917 0.7646484 0.8855591 0.7646484 0.8855591 0.7910156 0.789917 0.7910156 0.8855591 0.96875 0.7752686 0.96875 0.789917 0.7910156 0.7752686 0.7910156 0.7752686 0.96875 0.789917 0.7910156 0.789917 0.996582 0.8855591 0.96875 0.8855591 0.996582 0.789917 0.996582 0.789917 0.96875 0.8855591 0.96875 0.789917 0.7910156 0.9002075 0.7910156 0.8855591 0.96875 0.9002075 0.96875 0.9002075 0.7910156 0.8855591 0.96875 0.8855591 0.7646484 0.789917 0.7910156 0.789917 0.7646484 0.8855591 0.7646484 0.8855591 0.7910156 0.789917 0.7910156 0.8855591 0.96875 0.7752686 0.96875 0.789917 0.7910156 0.7752686 0.7910156 0.7752686 0.96875 0.789917 0.7910156 0.789917 0.996582 0.8855591 0.96875 0.8855591 0.996582 0.789917 0.996582 0.789917 0.96875 0.8855591 0.96875 0.789917 0.8696289 0.7880859 0.8696289 0.7734375 0.7915039 0.7880859 0.7915039 0.7880859 0.8696289 0.7734375 0.7915039 0.7734375 0.8989258 0.734375 0.8696289 0.734375 0.8989258 0.7734375 0.8989258 0.7734375 0.8696289 0.734375 0.8696289 0.7734375 0.7915039 0.7197266 0.7915039 0.734375 0.8696289 0.7197266 0.8696289 0.7197266 0.7915039 0.734375 0.8696289 0.734375 0.7646484 0.7734375 0.7915039 0.7734375 0.7646484 0.734375 0.7646484 0.734375 0.7915039 0.7734375 0.7915039 0.734375 0.96875 0.8855591 0.7910156 0.8855591 0.96875 0.789917 0.96875 0.789917 0.7910156 0.8855591 0.7910156 0.789917 0.7915039 0.7734375 0.8696289 0.7734375 0.7915039 0.734375 0.7915039 0.734375 0.8696289 0.7734375 0.8696289 0.734375 0.96875 0.8855591 0.7910156 0.8855591 0.96875 0.789917 0.96875 0.789917 0.7910156 0.8855591 0.7910156 0.789917 0.7441406 0.3022461 0.7441406 0.02832031 0.07806396 0.3022461 0.07806396 0.3022461 0.7441406 0.02832031 0.07806396 0.02832031 0.078125 0.3022461 0.078125 0.02832031 0.7441406 0.3022461 0.7441406 0.3022461 0.078125 0.02832031 0.7441406 0.02832031 5.777344 0.9434815 5.777344 0.9500733 4.78125 0.9434815 4.78125 0.9434815 5.777344 0.9500733 4.78125 0.9500733 4.539062 0.9667358 5.25 0.9667358 4.539062 0.9702149 4.539062 0.9702149 5.25 0.9667358 5.25 0.9702149 4.257812 0.9636536 4.246094 0.9702454 3.230469 0.9636536 3.230469 0.9636536 4.246094 0.9702454 3.230469 0.9702454 3.078125 0.9642334 3.185547 0.9642334 3.078125 0.9740448 3.078125 0.9740448 3.185547 0.9642334 3.185547 0.9740448 4.265625 0.9968491 3.228516 0.9968491 4.265625 0.97612 4.265625 0.97612 3.228516 0.9968491 3.228516 0.97612 4.265625 0.9742584 3.238281 0.9742584 4.265625 0.9639282 4.265625 0.9639282 3.238281 0.9742584 3.228516 0.9639282 3.228516 0.9639282 3.238281 0.9742584 3.228516 0.9742584 4.265625 0.9750671 3.228516 0.9750671 4.265625 0.9630737 4.265625 0.9630737 3.228516 0.9750671 3.228516 0.9630737 5.828125 0.9756012 5.757812 0.9756012 5.828125 0.9631653 5.828125 0.9631653 5.757812 0.9756012 5.757812 0.9631653 4.539062 0.9964562 4.539062 0.9779358 5.25 0.9964581 5.25 0.9964581 4.539062 0.9779358 5.25 0.9779358 4.539062 0.9674988 5.25 0.9674988 4.539062 0.9727326 4.539062 0.9727326 5.25 0.9674988 5.25 0.9727326 2.820312 0.9738922 2.820312 0.9714813 5.273437 0.9738922 5.273437 0.9738922 2.820312 0.9714813 5.273437 0.9714813 2.820312 0.9921875 2.820312 0.9849014 5.273437 0.9921875 5.273437 0.9921875 2.820312 0.9849014 5.273437 0.9849014 2.820312 0.9686279 2.820312 0.9758453 5.273437 0.9686585 5.273437 0.9686585 2.820312 0.9758453 5.273437 0.9758301 2.820312 0.9659119 5.273437 0.9659119 2.820312 0.963501 2.820312 0.963501 5.273437 0.9659119 5.273437 0.963501 3.433594 0.9687195 3.433594 0.971283 1.09082 0.9687195 1.09082 0.9687195 3.433594 0.971283 1.089844 0.971283 1.173828 0.9983358 1.173828 0.9752655 0.3225098 0.9983358 0.3225098 0.9983358 1.173828 0.9752655 0.3225098 0.9752655 0.3225098 0.9637451 0.3225098 0.9752655 1.173828 0.9637451 1.173828 0.9637451 0.3225098 0.9752655 1.173828 0.9752655 1.173828 0.9637451 1.173828 0.9752655 0.3225098 0.9637451 0.3225098 0.9637451 1.173828 0.9752655 0.3225098 0.9752655 0.2749024 0.9639893 0.2749024 0.9712372 0.3039551 0.9639893 0.3039551 0.9639893 0.2749024 0.9712372 0.3039551 0.9712372 0.2539063 0.971344 0.2539063 0.9693451 0.4638672 0.971344 0.4638672 0.971344 0.2539063 0.9693451 0.4638672 0.9693451 0.2766113 0.9755554 0.2766113 0.9715576 0.4558106 0.9755554 0.4558106 0.9755554 0.2766113 0.9715576 0.4558106 0.9715576 2.769531 0.9632874 2.769531 0.9659729 2.707031 0.9632874 2.707031 0.9632874 2.769531 0.9659729 2.707031 0.9659729 2.841797 0.9631958 2.841797 0.9754486 2.763672 0.9631958 2.763672 0.9631958 2.841797 0.9754486 2.763672 0.9754486 0.2749024 0.9639893 0.3039551 0.9639893 0.2749024 0.9712372 0.2749024 0.9712372 0.3039551 0.9639893 0.3039551 0.9712372 0.2539063 0.973938 0.2539063 0.9719391 0.4655762 0.973938 0.4655762 0.973938 0.2539063 0.9719391 0.4655762 0.9719391 1.209961 0.9709168 1.209961 0.966919 1.46582 0.9709168 1.46582 0.9709168 1.209961 0.966919 1.46582 0.966919 2.769531 0.9629822 2.769531 0.9656677 2.707031 0.9629822 2.707031 0.9629822 2.769531 0.9656677 2.707031 0.9656677 2.841797 0.9631958 2.841797 0.9754486 2.763672 0.9631958 2.763672 0.9631958 2.841797 0.9754486 2.763672 0.9754486 0.2749024 0.9639893 0.2749024 0.9712372 0.3039551 0.9639893 0.3039551 0.9639893 0.2749024 0.9712372 0.3039551 0.9712372 0.2539063 0.971344 0.2539063 0.9693451 0.4638672 0.971344 0.4638672 0.971344 0.2539063 0.9693451 0.4638672 0.9693451 0.2766113 0.9755554 0.2766113 0.9715576 0.4558106 0.9755554 0.4558106 0.9755554 0.2766113 0.9715576 0.4558106 0.9715576 2.769531 0.9632874 2.769531 0.9659729 2.707031 0.9632874 2.707031 0.9632874 2.769531 0.9659729 2.707031 0.9659729 2.841797 0.9631958 2.841797 0.9754486 2.763672 0.9631958 2.763672 0.9631958 2.841797 0.9754486 2.763672 0.9754486 0.2749024 0.9639893 0.3039551 0.9639893 0.2749024 0.9712372 0.2749024 0.9712372 0.3039551 0.9639893 0.3039551 0.9712372 0.3679199 0.9745483 0.3681641 0.9725494 0.4741211 0.9745483 0.4741211 0.9745483 0.3681641 0.9725494 0.4741211 0.9725494 0.3376465 0.9755554 0.3378906 0.9715576 0.4655762 0.9755554 0.4655762 0.9755554 0.3378906 0.9715576 0.4655762 0.9715576 2.769531 0.9632874 2.769531 0.9659729 2.707031 0.9632874 2.707031 0.9632874 2.769531 0.9659729 2.707031 0.9659729 2.841797 0.9631958 2.841797 0.9754486 2.763672 0.9631958 2.763672 0.9631958 2.841797 0.9754486 2.763672 0.9754486 0.5551758 0.9041748 0.5366211 0.9041748 0.5551758 0.9083252 0.5551758 0.9083252 0.5366211 0.9041748 0.5366211 0.9083252 0.5551758 0.7967529 0.5366211 0.7967529 0.5551758 0.8009033 0.5551758 0.8009033 0.5366211 0.7967529 0.5366211 0.8009033 0.5551758 0.9041748 0.5634766 0.9041748 0.5551758 0.8009033 0.5551758 0.8009033 0.5634766 0.9041748 0.5634766 0.8009033 0.5366211 0.9041748 0.5551758 0.9041748 0.5366211 0.8009033 0.5366211 0.8009033 0.5551758 0.9041748 0.5551758 0.8009033 0.5283203 0.9041748 0.5366211 0.9041748 0.5283203 0.8009033 0.5283203 0.8009033 0.5366211 0.9041748 0.5366211 0.8009033 0.5551758 0.9041748 0.5366211 0.9041748 0.5551758 0.9083252 0.5551758 0.9083252 0.5366211 0.9041748 0.5366211 0.9083252 0.5551758 0.7967529 0.5366211 0.7967529 0.5551758 0.8009033 0.5551758 0.8009033 0.5366211 0.7967529 0.5366211 0.8009033 0.5551758 0.9041748 0.5634766 0.9041748 0.5551758 0.8009033 0.5551758 0.8009033 0.5634766 0.9041748 0.5634766 0.8009033 0.5366211 0.9041748 0.5551758 0.9041748 0.5366211 0.8009033 0.5366211 0.8009033 0.5551758 0.9041748 0.5551758 0.8009033 0.5283203 0.9041748 0.5366211 0.9041748 0.5283203 0.8009033 0.5283203 0.8009033 0.5366211 0.9041748 0.5366211 0.8009033 0.5551758 0.9041748 0.5366211 0.9041748 0.5551758 0.9083252 0.5551758 0.9083252 0.5366211 0.9041748 0.5366211 0.9083252 0.5551758 0.7967529 0.5366211 0.7967529 0.5551758 0.8009033 0.5551758 0.8009033 0.5366211 0.7967529 0.5366211 0.8009033 0.5551758 0.9041748 0.5634766 0.9041748 0.5551758 0.8009033 0.5551758 0.8009033 0.5634766 0.9041748 0.5634766 0.8009033 0.5366211 0.9041748 0.5551758 0.9041748 0.5366211 0.8009033 0.5366211 0.8009033 0.5551758 0.9041748 0.5551758 0.8009033 0.5283203 0.9041748 0.5366211 0.9041748 0.5283203 0.8009033 0.5283203 0.8009033 0.5366211 0.9041748 0.5366211 0.8009033 0.5551758 0.9041748 0.5551758 0.9083252 0.5366211 0.9041748 0.5366211 0.9041748 0.5551758 0.9083252 0.5366211 0.9083252 0.5551758 0.7967529 0.5551758 0.8009033 0.5366211 0.7967529 0.5366211 0.7967529 0.5551758 0.8009033 0.5366211 0.8009033 0.5551758 0.9041748 0.5551758 0.8009033 0.5634766 0.9041748 0.5634766 0.9041748 0.5551758 0.8009033 0.5634766 0.8009033 0.5366211 0.9041748 0.5366211 0.8009033 0.5551758 0.9041748 0.5551758 0.9041748 0.5366211 0.8009033 0.5551758 0.8009033 0.5283203 0.9041748 0.5283203 0.8009033 0.5366211 0.9041748 0.5366211 0.9041748 0.5283203 0.8009033 0.5366211 0.8009033 0.5551758 0.9041748 0.5551758 0.9083252 0.5366211 0.9041748 0.5366211 0.9041748 0.5551758 0.9083252 0.5366211 0.9083252 0.5551758 0.7967529 0.5551758 0.8009033 0.5366211 0.7967529 0.5366211 0.7967529 0.5551758 0.8009033 0.5366211 0.8009033 0.5551758 0.9041748 0.5551758 0.8009033 0.5634766 0.9041748 0.5634766 0.9041748 0.5551758 0.8009033 0.5634766 0.8009033 0.5366211 0.9041748 0.5366211 0.8009033 0.5551758 0.9041748 0.5551758 0.9041748 0.5366211 0.8009033 0.5551758 0.8009033 0.5283203 0.9041748 0.5283203 0.8009033 0.5366211 0.9041748 0.5366211 0.9041748 0.5283203 0.8009033 0.5366211 0.8009033 0.5551758 0.9041748 0.5551758 0.9083252 0.5366211 0.9041748 0.5366211 0.9041748 0.5551758 0.9083252 0.5366211 0.9083252 0.5551758 0.7967529 0.5551758 0.8009033 0.5366211 0.7967529 0.5366211 0.7967529 0.5551758 0.8009033 0.5366211 0.8009033 0.5551758 0.9041748 0.5551758 0.8009033 0.5634766 0.9041748 0.5634766 0.9041748 0.5551758 0.8009033 0.5634766 0.8009033 0.5366211 0.9041748 0.5366211 0.8009033 0.5551758 0.9041748 0.5551758 0.9041748 0.5366211 0.8009033 0.5551758 0.8009033 0.5283203 0.9041748 0.5283203 0.8009033 0.5366211 0.9041748 0.5366211 0.9041748 0.5283203 0.8009033 0.5366211 0.8009033 1.47939e-4 0.9997671 1.47939e-4 0.9983225 1.976562 0.9997671 1.976562 0.9997671 1.47939e-4 0.9983225 1.976562 0.9983225 6 0.9710693 6 0.9710693 6 0.9671631 6 0.9671631 6 0.9710693 6 0.9671631 7.710937 0.975708 0.1369628 0.975708 7.710937 0.9644775 7.710937 0.9644775 0.1369628 0.975708 0.1369628 0.9644775 0.6777344 0.974823 7.773437 0.9748383 0.6777344 0.9982777 0.6777344 0.9982777 7.773437 0.9748383 7.773437 0.9982958 7.773437 0.9648438 7.773437 0.9748383 0.6777344 0.9647827 0.6777344 0.9647827 7.773437 0.9748383 0.6777344 0.974823 3.609375 0.975174 3.609375 0.9983864 4.460937 0.975174 4.460937 0.975174 3.609375 0.9983864 4.460937 0.9983864 4.382812 0.9693604 4.382812 0.9751587 3.533203 0.9693604 3.533203 0.9693604 4.382812 0.9751587 3.533203 0.9751587 3.609375 0.9693756 3.609375 0.975174 4.460937 0.9693756 4.460937 0.9693756 3.609375 0.975174 4.460937 0.975174 3.609375 0.975174 3.609375 0.9983864 4.460937 0.975174 4.460937 0.975174 3.609375 0.9983864 4.460937 0.9983864 4.382812 0.9693604 4.382812 0.9751587 3.533203 0.9693604 3.533203 0.9693604 4.382812 0.9751587 3.533203 0.9751587 3.609375 0.9693756 3.609375 0.975174 4.460937 0.9693756 4.460937 0.9693756 3.609375 0.975174 4.460937 0.975174 0.1021728 0.9685669 0.1126708 0.9685669 0.1021728 0.9711762 0.1021728 0.9711762 0.1126708 0.9685669 0.1126708 0.9711762 0.9619141 0.9755249 0.08697509 0.9755249 0.9619141 0.9716187 0.9619141 0.9716187 0.08697509 0.9755249 0.08697509 0.9716187 0.6484375 0.975296 0.6484375 0.9694214 0.6015625 0.975296 0.6015625 0.975296 0.6484375 0.9694214 0.6015625 0.9694214 0.9423828 0.9985771 0.9423828 0.9751434 1.821289 0.9985771 1.821289 0.9985771 0.9423828 0.9751434 1.821289 0.9751434 1.821289 0.9692841 1.821289 0.9751434 0.9423828 0.9692841 0.9423828 0.9692841 1.821289 0.9751434 0.9423828 0.9751434 0.8378906 0.9692688 0.8378906 0.9751282 1.716797 0.9692688 1.716797 0.9692688 0.8378906 0.9751282 1.716797 0.9751282 3.609375 0.975174 3.609375 0.9983864 4.460937 0.975174 4.460937 0.975174 3.609375 0.9983864 4.460937 0.9983864 4.382812 0.9693604 4.382812 0.9751587 3.533203 0.9693604 3.533203 0.9693604 4.382812 0.9751587 3.533203 0.9751587 3.609375 0.9693756 3.609375 0.975174 4.460937 0.9693756 4.460937 0.9693756 3.609375 0.975174 4.460937 0.975174 0.1021728 0.9685669 0.1021728 0.9711762 0.1126708 0.9685669 0.1126708 0.9685669 0.1021728 0.9711762 0.1126708 0.9711762 0.9619141 0.9755249 0.9619141 0.9716187 0.08697509 0.9755249 0.08697509 0.9755249 0.9619141 0.9716187 0.08697509 0.9716187 0.6484375 0.975296 0.6015625 0.975296 0.6484375 0.9694214 0.6484375 0.9694214 0.6015625 0.975296 0.6015625 0.9694214 0.9423828 0.9985771 1.821289 0.9985771 0.9423828 0.9751434 0.9423828 0.9751434 1.821289 0.9985771 1.821289 0.9751434 1.821289 0.9692841 0.9423828 0.9692841 1.821289 0.9751434 1.821289 0.9751434 0.9423828 0.9692841 0.9423828 0.9751434 0.8378906 0.9692688 1.716797 0.9692688 0.8378906 0.9751282 0.8378906 0.9751282 1.716797 0.9692688 1.716797 0.9751282 1.173828 0.9983358 1.173828 0.9752655 0.3225098 0.9983358 0.3225098 0.9983358 1.173828 0.9752655 0.3225098 0.9752655 0.3225098 0.9637451 0.3225098 0.9752655 1.173828 0.9637451 1.173828 0.9637451 0.3225098 0.9752655 1.173828 0.9752655 1.173828 0.9637451 1.173828 0.9752655 0.3225098 0.9637451 0.3225098 0.9637451 1.173828 0.9752655 0.3225098 0.9752655 4.347656 0.9723206 4.246094 0.9723206 4.242187 0.9635315 4.347656 0.9723206 4.242187 0.9635315 4.347656 0.9635315</float_array>
          <technique_common>
            <accessor source="#S_C_02_01_S_007-mesh-map-array" count="825" stride="2">
              <param name="S" type="float"/>
              <param name="T" type="float"/>
            </accessor>
          </technique_common>
        </source>
        <vertices id="S_C_02_01_S_007-mesh-vertices">
          <input semantic="POSITION" source="#S_C_02_01_S_007-mesh-positions"/>
        </vertices>
        <triangles material="hpl3export_M_C_02_Back-material" count="275">
          <input semantic="VERTEX" source="#S_C_02_01_S_007-mesh-vertices" offset="0"/>
          <input semantic="NORMAL" source="#S_C_02_01_S_007-mesh-normals" offset="1"/>
          <input semantic="TEXCOORD" source="#S_C_02_01_S_007-mesh-map" offset="2" set="0"/>
          <p>0 0 0 1 0 1 2 0 2 2 0 3 1 0 4 3 0 5 4 1 6 5 1 7 6 1 8 6 1 9 5 1 10 7 1 11 8 2 12 9 2 13 10 2 14 10 2 15 9 2 16 11 2 17 12 0 18 13 0 19 14 0 20 14 0 21 13 0 22 15 0 23 16 1 24 17 1 25 18 1 26 18 1 27 17 1 28 19 1 29 20 2 30 21 2 31 22 2 32 22 2 33 21 2 34 23 2 35 24 3 36 25 3 37 26 3 38 26 3 39 25 3 40 27 3 41 28 4 42 29 4 43 30 4 44 30 4 45 29 4 46 31 4 47 32 3 48 33 3 49 34 3 50 34 3 51 33 3 52 35 3 53 36 5 54 37 5 55 38 5 56 38 5 57 37 5 58 39 5 59 40 1 60 41 1 61 42 1 62 42 1 63 41 1 64 43 1 65 44 4 66 45 4 67 46 4 68 46 4 69 45 4 70 47 4 71 48 3 72 49 3 73 50 3 74 50 3 75 49 3 76 51 3 77 52 5 78 53 5 79 54 5 80 54 5 81 53 5 82 55 5 83 56 1 84 57 1 85 58 1 86 58 1 87 57 1 88 59 1 89 60 4 90 61 4 91 62 4 92 62 4 93 61 4 94 63 4 95 64 3 96 65 3 97 66 3 98 66 3 99 65 3 100 67 3 101 68 5 102 69 5 103 70 5 104 70 5 105 69 5 106 71 5 107 72 1 108 73 1 109 74 1 110 74 1 111 73 1 112 75 1 113 76 0 114 77 0 115 78 0 116 78 0 117 77 0 118 79 0 119 80 0 120 81 0 121 82 0 122 82 0 123 81 0 124 83 0 125 84 0 126 85 0 127 86 0 128 86 0 129 85 0 130 87 0 131 88 4 132 89 4 133 90 4 134 90 4 135 89 4 136 91 4 137 92 3 138 93 3 139 94 3 140 94 3 141 93 3 142 95 3 143 96 5 144 97 5 145 98 5 146 98 5 147 97 5 148 99 5 149 100 1 150 101 1 151 102 1 152 102 1 153 101 1 154 103 1 155 104 4 156 105 4 157 106 4 158 106 4 159 105 4 160 107 4 161 108 3 162 109 3 163 110 3 164 110 3 165 109 3 166 111 3 167 112 5 168 113 5 169 114 5 170 114 5 171 113 5 172 115 5 173 116 1 174 117 1 175 118 1 176 118 1 177 117 1 178 119 1 179 120 4 180 121 4 181 122 4 182 122 4 183 121 4 184 123 4 185 124 3 186 125 3 187 126 3 188 126 3 189 125 3 190 127 3 191 128 5 192 129 5 193 130 5 194 130 5 195 129 5 196 131 5 197 132 1 198 133 1 199 134 1 200 134 1 201 133 1 202 135 1 203 136 2 204 137 2 205 138 2 206 138 2 207 137 2 208 139 2 209 140 2 210 141 2 211 142 2 212 142 2 213 141 2 214 143 2 215 144 2 216 145 2 217 146 2 218 146 2 219 145 2 220 147 2 221 148 1 222 149 1 223 150 1 224 150 1 225 149 1 226 151 1 227 152 3 228 153 3 229 154 3 230 154 3 231 153 3 232 155 3 233 156 3 234 157 3 235 158 3 236 158 3 237 157 3 238 159 3 239 160 2 240 161 2 241 162 2 242 162 2 243 161 2 244 163 2 245 164 3 246 165 3 247 166 3 248 166 3 249 165 3 250 167 3 251 168 4 252 169 4 253 170 4 254 170 4 255 169 4 256 171 4 257 172 1 258 173 1 259 174 1 260 174 1 261 173 1 262 175 1 263 176 0 264 177 0 265 178 0 266 178 6 267 177 6 268 179 6 269 179 0 270 177 0 271 180 0 272 181 2 273 182 2 274 183 2 275 183 2 276 182 2 277 184 2 278 185 4 279 186 4 280 187 4 281 187 4 282 186 4 283 188 4 284 189 1 285 190 1 286 191 1 287 191 1 288 190 1 289 192 1 290 193 0 291 194 0 292 195 0 293 195 0 294 194 0 295 196 0 296 197 5 297 198 5 298 199 5 299 199 5 300 198 5 301 200 5 302 201 1 303 202 1 304 203 1 305 203 1 306 202 1 307 204 1 308 205 4 309 206 4 310 207 4 311 207 4 312 206 4 313 208 4 314 209 3 315 210 3 316 211 3 317 211 3 318 210 3 319 212 3 320 213 5 321 214 5 322 215 5 323 215 5 324 214 5 325 216 5 326 217 1 327 218 1 328 219 1 329 219 1 330 218 1 331 220 1 332 221 2 333 222 2 334 223 2 335 223 2 336 222 2 337 224 2 338 225 0 339 226 0 340 227 0 341 227 0 342 226 0 343 228 0 344 229 3 345 230 3 346 231 3 347 231 3 348 230 3 349 232 3 350 233 5 351 234 5 352 235 5 353 235 5 354 234 5 355 236 5 356 237 0 357 238 0 358 239 0 359 239 0 360 238 0 361 240 0 362 241 2 363 242 2 364 243 2 365 243 2 366 242 2 367 244 2 368 245 4 369 246 4 370 247 4 371 247 4 372 246 4 373 248 4 374 249 3 375 250 3 376 251 3 377 251 3 378 250 3 379 252 3 380 253 5 381 254 5 382 255 5 383 255 5 384 254 5 385 256 7 386 257 2 387 258 2 388 259 2 389 259 2 390 258 2 391 260 2 392 261 0 393 262 0 394 263 8 395 263 8 396 262 0 397 264 9 398 265 4 399 266 4 400 267 4 401 267 4 402 266 4 403 268 4 404 269 1 405 270 1 406 271 1 407 271 1 408 270 1 409 272 1 410 273 5 411 274 10 412 275 5 413 275 5 414 274 10 415 276 5 416 277 2 417 278 2 418 279 2 419 279 2 420 278 2 421 280 2 422 281 0 423 282 0 424 283 0 425 283 0 426 282 0 427 284 0 428 285 4 429 286 4 430 287 4 431 287 4 432 286 4 433 288 4 434 289 1 435 290 1 436 291 1 437 291 1 438 290 1 439 292 1 440 293 5 441 294 11 442 295 5 443 295 5 444 294 11 445 296 12 446 297 0 447 298 0 448 299 0 449 299 0 450 298 0 451 300 0 452 301 2 453 302 2 454 303 2 455 303 2 456 302 2 457 304 2 458 305 4 459 306 4 460 307 4 461 307 4 462 306 4 463 308 4 464 309 1 465 310 1 466 311 1 467 311 1 468 310 1 469 312 1 470 313 3 471 314 3 472 315 3 473 315 3 474 314 3 475 316 3 476 317 4 477 318 4 478 319 4 479 319 4 480 318 4 481 320 4 482 321 2 483 322 2 484 323 2 485 323 2 486 322 2 487 324 2 488 325 5 489 326 5 490 327 5 491 327 5 492 326 5 493 328 5 494 329 1 495 330 1 496 331 1 497 331 1 498 330 1 499 332 1 500 333 3 501 334 3 502 335 3 503 335 3 504 334 3 505 336 3 506 337 4 507 338 4 508 339 4 509 339 4 510 338 4 511 340 4 512 341 2 513 342 2 514 343 2 515 343 2 516 342 2 517 344 2 518 345 5 519 346 5 520 347 5 521 347 5 522 346 5 523 348 5 524 349 1 525 350 1 526 351 1 527 351 1 528 350 1 529 352 1 530 353 3 531 354 3 532 355 3 533 355 3 534 354 3 535 356 3 536 357 4 537 358 4 538 359 4 539 359 4 540 358 4 541 360 4 542 361 2 543 362 2 544 363 2 545 363 2 546 362 2 547 364 2 548 365 5 549 366 5 550 367 5 551 367 5 552 366 5 553 368 5 554 369 1 555 370 1 556 371 1 557 371 1 558 370 1 559 372 1 560 373 3 561 374 3 562 375 3 563 375 3 564 374 3 565 376 3 566 377 4 567 378 4 568 379 4 569 379 4 570 378 4 571 380 4 572 381 0 573 382 0 574 383 0 575 383 0 576 382 0 577 384 0 578 385 5 579 386 5 580 387 5 581 387 5 582 386 5 583 388 5 584 389 1 585 390 1 586 391 1 587 391 1 588 390 1 589 392 1 590 393 3 591 394 3 592 395 3 593 395 3 594 394 3 595 396 3 596 397 4 597 398 4 598 399 4 599 399 4 600 398 4 601 400 4 602 401 0 603 402 0 604 403 0 605 403 0 606 402 0 607 404 0 608 405 5 609 406 5 610 407 5 611 407 5 612 406 5 613 408 5 614 409 1 615 410 1 616 411 1 617 411 1 618 410 1 619 412 1 620 413 3 621 414 3 622 415 3 623 415 3 624 414 3 625 416 3 626 417 4 627 418 4 628 419 4 629 419 4 630 418 4 631 420 4 632 421 0 633 422 0 634 423 0 635 423 0 636 422 0 637 424 0 638 425 5 639 426 5 640 427 5 641 427 5 642 426 5 643 428 5 644 429 5 645 430 5 646 431 5 647 431 5 648 430 5 649 432 5 650 433 1 651 434 1 652 435 1 653 435 1 654 434 1 655 436 1 656 437 5 657 438 5 658 439 5 659 439 5 660 438 5 661 440 5 662 441 3 663 442 3 664 443 3 665 443 3 666 442 3 667 444 3 668 445 4 669 446 4 670 447 4 671 447 4 672 446 4 673 448 4 674 449 3 675 450 3 676 451 3 677 451 3 678 450 3 679 452 3 680 453 0 681 454 0 682 455 0 683 455 0 684 454 0 685 456 0 686 457 2 687 458 2 688 459 2 689 459 2 690 458 2 691 460 2 692 461 3 693 462 3 694 463 3 695 463 3 696 462 3 697 464 3 698 465 0 699 466 0 700 467 0 701 467 0 702 466 0 703 468 0 704 469 2 705 470 2 706 471 2 707 471 2 708 470 2 709 472 2 710 473 0 711 474 0 712 475 0 713 475 0 714 474 0 715 476 0 716 477 1 717 478 1 718 479 1 719 479 1 720 478 1 721 480 1 722 481 4 723 482 4 724 483 4 725 483 4 726 482 4 727 484 4 728 485 3 729 486 3 730 487 3 731 487 3 732 486 3 733 488 3 734 489 0 735 490 0 736 491 0 737 491 0 738 490 0 739 492 0 740 493 2 741 494 2 742 495 2 743 495 2 744 494 2 745 496 2 746 497 3 747 498 3 748 499 3 749 499 3 750 498 3 751 500 3 752 501 0 753 502 0 754 503 0 755 503 0 756 502 0 757 504 0 758 505 2 759 506 2 760 507 2 761 507 2 762 506 2 763 508 2 764 509 2 765 510 2 766 511 2 767 511 2 768 510 2 769 512 2 770 513 1 771 514 1 772 515 1 773 515 1 774 514 1 775 516 1 776 517 4 777 518 4 778 519 4 779 519 4 780 518 4 781 520 4 782 521 3 783 522 3 784 523 3 785 523 3 786 522 3 787 524 3 788 525 2 789 526 2 790 527 2 791 527 2 792 526 2 793 528 2 794 529 0 795 530 0 796 531 0 797 531 0 798 530 0 799 532 0 800 533 1 801 534 1 802 535 1 803 535 1 804 534 1 805 536 1 806 537 2 807 538 2 808 539 2 809 539 2 810 538 2 811 540 2 812 541 0 813 542 0 814 543 0 815 543 0 816 542 0 817 544 0 818 545 13 819 546 14 820 547 15 821 545 13 822 547 15 823 548 16 824</p>
        </triangles>
      </mesh>
    </geometry>
    <geometry id="S_C_02_01_S_006-mesh" name="S_C_02_01_S.006">
      <mesh>
        <source id="S_C_02_01_S_006-mesh-positions">
          <float_array id="S_C_02_01_S_006-mesh-positions-array" count="792">9.43 14.34 4.48 9.43 14.35 4.48 9.43 14.34 0 9.43 14.35 0 25.82 1 4.48 25.82 1.01 4.48 25.82 1.01 8.96 25.82 2 0 25.82 2 4.48 25.82 1.01 0 25.82 2 5.52 25.82 1.94 8.96 25.82 2 8.96 25.82 1.01 4.48 25.82 1 0 25.82 1 4.48 30.72 14.35 0 30.71 14.35 0 30.72 14.35 4.48 30.71 14.35 4.48 29.73 14.35 0 29.73 14.35 4.48 29.72 14.35 0 29.72 14.35 4.48 30.72 14.35 8.96 30.71 14.35 8.96 29.73 14.35 8.96 29.72 1.01 4.48 29.72 2 0 29.72 1.01 0 29.72 2 4.48 29.72 2 8.96 29.72 1.01 8.96 29.72 1 8.96 29.72 1 4.48 29.72 1 0 5.14 2 8.96 5.14 2 5.52 5.14 1.94 8.96 5.14 1 8.96 5.14 1 4.48 5.14 1.01 4.48 5.14 2.000001 4.48 5.14 1.01 0 5.14 2 0 5.14 1 0 5.14 1.01 4.48 5.14 1 4.48 1 14.35 8.96 1 15.27 8.96 1 14.35 4.48 1 15.27 4.48 25.82 13.35 8.96 25.82 13.35 5.52 25.82 14.34 8.96 25.82 14.35 4.48 25.82 14.34 4.48 25.82 13.35 4.48 25.82 14.34 0 25.82 13.35 0 25.82 14.35 0 25.82 14.34 4.48 25.82 14.35 4.48 6.13 1 4.48 6.14 1 0 6.14 1 4.48 6.13 1 0 5.15 1 4.48 5.15 1 0 5.14 1 4.48 5.14 1 0 0 1.01 4.48 0 1 0 0 1 4.48 0 1.01 0 0 1.1 4.48 0 1.1 0 30.72 14.34 0 30.72 14.25 4.48 30.72 14.25 0 30.72 14.34 4.48 30.72 14.35 0 30.72 14.35 4.48 30.72 14.35 8.96 30.72 14.34 8.96 30.72 14.25 8.96 1 1.01 8.96 1 1 8.96 1 1.01 4.48 1 1 4.48 1 1 0 1 1.01 0 1 2 8.96 1 1.94 8.96 1 2 5.52 1 1.01 8.96 1 1.01 4.48 1 2.000001 4.48 1 2 0 24.82 2 0.12 24.82 2 0 24.82 1.01 0 24.82 1.01 4.48 24.82 2 4.48 10.43 14.35 0 10.42 14.35 0 10.43 14.35 4.48 10.42 14.35 4.48 9.44 14.35 4.48 9.44 14.35 0 9.43 14.35 0 9.43 14.35 4.48 10.43 14.34 4.48 10.43 14.35 0 10.43 14.35 4.48 10.43 14.34 0 10.43 13.35 0 10.43 13.35 4.48 0.00999999 1 0 0.99 1 0 0.00999999 1 4.48 1 1 0 0.99 1 4.48 0.00999999 1 8.96 0 1 8.96 0 1 4.48 0 1 0 1 1 4.48 0.99 1 8.96 1 1 8.96 25.82 1 4.48 25.82 1.01 8.96 25.82 0.07999998 4.48 25.82 0.07999998 8.96 24.82 1.01 4.48 24.82 1.01 0 24.82 1 4.48 24.82 1 0 30.72 1.01 0 30.72 1.01 4.48 30.72 1 0 30.72 1 4.48 30.72 1.1 0 30.72 1.1 4.48 30.72 1.1 8.96 30.72 1.01 8.96 30.72 1 8.96 15.36 1.01 4.48 15.36 1 0 15.36 1 4.48 15.36 1.01 0 15.36 2 0 15.36 2 4.48 25.82 14.35 0 25.81 14.35 0 25.82 14.35 4.48 25.81 14.35 4.48 29.72 14.34 8.96 29.72 14.35 8.96 29.72 14.34 4.48 29.72 14.35 4.48 29.72 14.34 0 29.72 14.35 0 29.72 13.35 8.96 29.72 13.35 5.52 29.72 14.34 4.48 29.72 13.35 4.48 29.72 13.35 0 29.72 14.34 0 29.72 14.35 8.96 29.73 14.35 8.96 29.72 14.35 4.48 29.73 14.35 4.48 25.82 14.35 4.48 25.82 15.27 4.48 25.82 14.34 8.96 25.82 15.27 8.96 5.14 1 4.48 5.14 0.07999998 4.48 5.14 1 8.96 5.14 0.07999998 8.96 9.43 14.34 0 9.420001 13.35 0 9.43 14.34 4.48 9.420001 13.35 4.48 0 1.1 8.96 0 1.1 4.48 0 1.01 8.96 0 1.01 4.48 0 1 8.96 0 1 4.48 29.72 1 4.48 29.72 1 0 29.73 1 4.48 29.73 1 0 30.71 1 4.48 30.71 1 0 29.72 1 8.96 29.73 1 8.96 30.71 1 8.96 30.72 1 8.96 30.72 1 4.48 30.72 1 0 24.82 14.34 4.48 24.82 13.35 0 24.82 13.35 4.48 24.82 14.34 0 24.82 14.35 4.48 24.82 14.35 0 6.14 1.01 4.48 6.14 2 0 6.14 2 4.48 6.14 1.01 0 6.14 1 4.48 6.14 1 0 2 14.34 4.48 2 14.35 0 2 14.35 4.48 2 14.34 0 2 13.35 4.48 2 13.35 0 2 14.35 0 1.99 14.35 0 2 14.35 4.48 1.99 14.35 4.48 1.01 14.35 4.48 1.01 14.35 0 1 14.35 0 1 14.35 4.48 24.82 14.35 4.48 24.83 14.35 4.48 24.82 14.35 0 24.83 14.35 0 25.81 14.35 0 25.81 14.35 4.48 24.82 1 4.48 24.82 1 0 24.83 1 4.48 24.83 1 0 25.81 1 0 25.81 1 4.48 25.82 1 4.48 25.82 1 0 15.36 1 0 15.37 1 0 15.36 1 4.48 15.37 1 4.48 16.35 1 4.48 16.35 1 0 16.36 1 0 16.36 1 4.48 16.36 1.01 0 16.36 1.01 4.48 16.36 2 0 16.36 2 4.48 1 13.35 8.96 1 14.35 8.96 1 14.35 4.48 1 14.34 4.48 1 13.35 4.48 1 13.35 0 1 14.34 0 1 14.35 4.48 1 14.35 0</float_array>
          <technique_common>
            <accessor source="#S_C_02_01_S_006-mesh-positions-array" count="264" stride="3">
              <param name="X" type="float"/>
              <param name="Y" type="float"/>
              <param name="Z" type="float"/>
            </accessor>
          </technique_common>
        </source>
        <source id="S_C_02_01_S_006-mesh-normals">
          <float_array id="S_C_02_01_S_006-mesh-normals-array" count="177">-1 0 0 -0.8928729 0.4503091 -2.16138e-5 -0.4503946 0.8928296 4.26515e-5 0.7070559 5.05883e-5 0.7071576 1 0 0 0.8944432 -0.4471817 2.13624e-5 0.4472674 -0.8944003 -4.29291e-5 0.8912481 0.4535162 4.25759e-5 0 1 0 0.4440917 0.8959813 2.13012e-5 -0.4503091 0.8928729 2.16138e-5 -0.7071576 0.7070559 -3.37817e-5 0.8912481 0.4535162 -4.27778e-5 -0.8959813 -0.4440917 -2.12148e-5 -0.7109436 -0.703249 -3.37319e-5 -0.4535162 -0.8912481 4.27778e-5 -1 8.58084e-7 0 -0.8959813 -0.4440917 2.13154e-5 -0.4535162 -0.8912481 -4.25759e-5 0.8912914 0.4534308 2.17636e-5 0.4441776 0.8959388 -4.28e-5 0 -1 0 0.4471817 -0.8944432 2.14637e-5 0.8944003 -0.4472674 -4.27265e-5 -0.4534308 -0.8912914 -2.17636e-5 -0.8959388 -0.4441776 4.28e-5 -0.5565016 -0.8308466 -3.96905e-5 0.4441776 0.8959388 -4.29745e-5 0.8912914 0.4534308 -2.16609e-5 0.8944432 -0.4471817 -2.14637e-5 0.551073 -0.834457 4.00254e-5 0.7070559 -0.7071576 3.37817e-5 -1 2.90282e-6 0 0.4440917 0.8959813 -2.13154e-5 -0.8928296 0.4503946 -4.26515e-5 0.7071576 -0.7070559 3.39419e-5 -0.7110785 -0.7031126 -3.41301e-5 -0.5565415 -0.8308199 2.6695e-5 0.551073 -0.834457 -2.64327e-5 0.7070559 0.00157845 0.7071559 0.8944432 0 0.4471817 0.7070559 -0.7071576 3.39194e-5 -0.7070559 0.7071576 3.39194e-5 -0.7071576 0.7070559 3.39419e-5 -0.9998781 0.01561456 2.63357e-7 -0.9998781 0.01561409 0 -0.9998782 0.01561164 -2.64605e-7 -0.9998782 0.01561117 0 -0.7109436 -0.703249 -3.3595e-5 -0.5565016 -0.8308466 3.98787e-5 -0.7110785 -0.7031126 3.41075e-5 -0.4534308 -0.8912914 2.16609e-5 -0.8959388 -0.4441776 -4.30029e-5 0.4471817 -0.8944432 -2.13624e-5 0.7071576 -0.7070559 -3.39194e-5 0.8944003 -0.4472674 4.29291e-5 0.4472674 -0.8944003 4.27265e-5 0.4472934 -0.8943873 0 0.8943873 -0.4472935 -3.02734e-5</float_array>
          <technique_common>
            <accessor source="#S_C_02_01_S_006-mesh-normals-array" count="59" stride="3">
              <param name="X" type="float"/>
              <param name="Y" type="float"/>
              <param name="Z" type="float"/>
            </accessor>
          </technique_common>
        </source>
        <source id="S_C_02_01_S_006-mesh-map">
          <float_array id="S_C_02_01_S_006-mesh-map-array" count="1182">1.125 0.8933106 1.125 0.892334 2 0.8933106 2 0.8933106 1.125 0.892334 2 0.892334 2.75 0.9999695 2.75 0.9990611 3.625 0.9998441 1.875 0.9024048 2.75 0.9024048 1.875 0.9990611 1.875 0.9990611 2.75 0.9024048 2.75 0.9990611 2.75 0.9990611 2.75 0.9024048 2.953125 0.9024048 2.75 0.9990611 2.953125 0.9024048 3.625 0.9998441 3.625 0.9081421 3.625 0.9998441 2.953125 0.9024048 3.625 0.9024048 3.625 0.9081421 2.953125 0.9024048 1.875 0.9990611 2.75 0.9990611 1.875 0.9999695 1.875 0.9999695 2.75 0.9990611 2.75 0.9999695 0.8120117 0.8926392 0.8120117 0.8936157 1.686523 0.8926392 1.686523 0.8926392 0.8120117 0.8936157 1.686523 0.8936157 0.8120117 0.8936157 0.8120117 0.989296 1.686523 0.8936157 1.686523 0.8936157 0.8120117 0.989296 1.686523 0.989296 0.8120117 0.9902725 1.686523 0.989296 0.8120117 0.989296 1.686523 0.9902725 1.686523 0.989296 0.8120117 0.9902725 2.560547 0.8926392 1.686523 0.8926392 2.560547 0.8936157 2.560547 0.8936157 1.686523 0.8926392 1.686523 0.8936157 1.686523 0.8936157 1.686523 0.989296 2.560547 0.8936157 2.560547 0.8936157 1.686523 0.989296 2.560547 0.9893036 4.496094 0.9895783 3.623047 0.8925171 3.623047 0.9895783 4.496094 0.8925171 3.623047 0.8925171 4.496094 0.9895783 4.496094 0.9895783 5.371094 0.8925171 4.496094 0.8925171 5.371094 0.9895783 5.371094 0.8925171 4.496094 0.9895783 5.371094 0.9895783 4.496094 0.9895783 5.371094 0.9905548 5.371094 0.9905548 4.496094 0.9895783 4.496094 0.9905548 4.496094 0.9895783 3.623047 0.9895783 4.496094 0.9905548 4.496094 0.9905548 3.623047 0.9895783 3.623047 0.9905624 0.9375 0.8927002 1.609375 0.8926392 0.9375 0.899231 1.609375 0.8926392 0.9375 0.9903107 0.9375 0.899231 1.8125 0.9902954 0.9375 0.9903107 1.8125 0.9893189 1.8125 0.9893189 0.9375 0.9903107 1.609375 0.8926392 1.8125 0.9893189 1.609375 0.8926392 1.8125 0.8926392 1.8125 0.8926392 2.6875 0.9893189 1.8125 0.9893189 2.6875 0.8926392 2.6875 0.9893189 1.8125 0.8926392 2.6875 0.9893189 2.6875 0.9902954 1.8125 0.9893189 1.8125 0.9893189 2.6875 0.9902954 1.8125 0.9902954 1.374023 0.9019775 1.374023 0.9912033 0.4992676 0.9019775 0.4992676 0.9019775 1.374023 0.9912033 0.4992676 0.9912033 3.625 0.9024048 2.953125 0.9024048 3.625 0.9998441 2.75 0.9999695 3.625 0.9998441 2.75 0.9990611 3.625 0.9998441 2.953125 0.9024048 2.75 0.9990611 2.75 0.9990611 2.953125 0.9024048 2.75 0.9024048 2.75 0.9024048 1.875 0.9990611 2.75 0.9990611 1.875 0.9024048 1.875 0.9990611 2.75 0.9024048 1.875 0.9990611 1.875 0.9999695 2.75 0.9990611 2.75 0.9990611 1.875 0.9999695 2.75 0.9999695 2.810547 0.90271 1.936523 0.9014282 2.810547 0.9014282 1.936523 0.90271 1.936523 0.9014282 2.810547 0.90271 2.810547 0.9990401 1.936523 0.90271 2.810547 0.90271 1.936523 0.9990401 1.936523 0.90271 2.810547 0.9990401 2.810547 0.9999695 1.936523 0.9990401 2.810547 0.9990401 1.936523 0.9999695 1.936523 0.9990401 2.810547 0.9999695 1.436523 0.9326782 0.5615234 0.9317017 1.436523 0.9317017 0.5615234 0.9326782 0.5615234 0.9317017 1.436523 0.9326782 1.436523 0.9415894 0.5615234 0.9326782 1.436523 0.9326782 0.5615234 0.9415894 0.5615234 0.9326782 1.436523 0.9415894 0.8120117 0.9403076 1.686523 0.9316406 0.8120117 0.9316406 1.686523 0.9403076 1.686523 0.9316406 0.8120117 0.9403076 0.8120117 0.9413452 1.686523 0.9403076 0.8120117 0.9403076 1.686523 0.9413452 1.686523 0.9403076 0.8120117 0.9413452 2.560547 0.9413452 1.686523 0.9403076 1.686523 0.9413452 2.560547 0.9403076 1.686523 0.9403076 2.560547 0.9413452 2.560547 0.9403076 1.686523 0.9316406 1.686523 0.9403076 2.560547 0.9316406 1.686523 0.9316406 2.560547 0.9403076 3.373047 0.8933716 3.373047 0.892395 2.498047 0.8933716 2.498047 0.8933716 3.373047 0.892395 2.498047 0.892395 1.623047 0.892395 2.498047 0.8933716 2.498047 0.892395 1.623047 0.8933716 2.498047 0.8933716 1.623047 0.892395 3.373047 0.9899979 3.373047 0.9851456 2.703125 0.9899979 2.703125 0.9899979 3.373047 0.9851456 3.373047 0.8933716 3.373047 0.8933716 2.498047 0.8933716 2.703125 0.9899979 2.703125 0.9899979 2.498047 0.8933716 2.498047 0.9899979 2.498047 0.9899979 2.498047 0.8933716 1.623047 0.9899979 1.623047 0.9899979 2.498047 0.8933716 1.623047 0.8933716 4.582031 0.8926392 4.5625 0.8926392 4.5625 0.9894104 5.433594 0.989296 4.582031 0.8926392 4.5625 0.9894104 5.433594 0.8926392 4.582031 0.8926392 5.433594 0.989296 1.9375 0.9903336 1.9375 0.989357 1.0625 0.9903336 1.0625 0.9903336 1.9375 0.989357 1.0625 0.989357 1.0625 0.989357 1.9375 0.989357 1.0625 0.8936768 1.0625 0.8936768 1.9375 0.989357 1.9375 0.8936768 1.9375 0.8927002 1.0625 0.8936768 1.9375 0.8936768 1.0625 0.8927002 1.0625 0.8936768 1.9375 0.8927002 1.0625 0.9032593 1.9375 0.9022827 1.0625 0.9022827 1.9375 0.9032593 1.9375 0.9022827 1.0625 0.9032593 1.9375 0.9032593 1.0625 0.9032593 1.9375 0.999888 1.9375 0.999888 1.0625 0.9032593 1.0625 0.999888 1.561523 0.9889832 1.561523 0.8933106 2.435547 0.9889832 1.561523 0.8933106 1.561523 0.892334 2.435547 0.8933106 2.435547 0.9889832 1.561523 0.8933106 2.435547 0.8933106 2.435547 0.9889832 2.435547 0.8933106 3.310547 0.9889832 3.310547 0.9900894 2.435547 0.9889832 3.310547 0.9889832 2.435547 0.9900894 2.435547 0.9889832 3.310547 0.9900894 2.435547 0.9900894 1.561523 0.9889832 2.435547 0.9889832 1.561523 0.9900894 1.561523 0.9889832 2.435547 0.9900894 2.435547 0.8933106 1.561523 0.892334 2.435547 0.892334 2.435547 0.8933106 2.435547 0.892334 3.310547 0.8933106 3.310547 0.9889832 2.435547 0.8933106 3.310547 0.8933106 3.310547 0.8933106 2.435547 0.892334 3.310547 0.892334 3.6875 0.9894104 4.5625 0.9894104 3.6875 0.8926392 3.6875 0.8926392 4.5625 0.9894104 4.5625 0.8926392 5.433594 0.989296 4.5625 0.9894104 5.433594 0.9902725 5.433594 0.9902725 4.5625 0.9894104 4.5625 0.9902725 0.6235352 0.9792023 1.498047 0.979065 0.6235352 0.9804077 0.6235352 0.9804077 1.498047 0.979065 1.498047 0.9804077 0.6235352 0.970459 1.498047 0.970459 0.6235352 0.9792023 0.6235352 0.9792023 1.498047 0.970459 1.498047 0.979065 1.498047 0.970459 2.373047 0.970459 1.498047 0.979065 1.498047 0.979065 2.373047 0.970459 2.373047 0.9789429 1.498047 0.979065 2.373047 0.9789429 1.498047 0.9804077 1.498047 0.9804077 2.373047 0.9789429 2.373047 0.9804077 1.0625 0.9896698 1.9375 0.9906464 1.0625 0.9906464 1.9375 0.9896698 1.9375 0.9906464 1.0625 0.9896698 1.9375 0.9896698 1.0625 0.9896698 1.9375 0.8930054 1.9375 0.8930054 1.0625 0.9896698 1.0625 0.8930054 4.375 0.8927612 4.375 0.8937378 5.25 0.8927612 5.25 0.8927612 4.375 0.8937378 5.25 0.8937378 2.060547 0.9988394 2.060547 0.9999695 1.186523 0.9988384 1.186523 0.9988384 2.060547 0.9999695 1.186523 0.9999695 1.186523 0.9988384 1.186523 0.9999695 0.3120117 0.9988394 0.3120117 0.9988394 1.186523 0.9999695 0.3120117 0.9999695 2.060547 0.9022827 2.060547 0.9988394 1.389648 0.9022827 2.060547 0.9988394 1.186523 0.9988384 1.389648 0.9022827 1.389648 0.9022827 1.186523 0.9988384 1.186523 0.9022827 1.186523 0.9022827 1.186523 0.9988384 0.3120117 0.9022827 0.3120117 0.9022827 1.186523 0.9988384 0.3120117 0.9988394 2.560547 0.9902725 2.560547 0.9893036 1.686523 0.9902725 1.686523 0.9902725 2.560547 0.9893036 1.686523 0.989296 0.6875 0.9900589 0.6875 0.8933106 1.5625 0.9900589 1.5625 0.9900589 0.6875 0.8933106 1.5625 0.8933106 4.75 0.9021607 4.75 0.9919968 3.875 0.9022217 3.875 0.9022217 4.75 0.9919968 3.875 0.9919968 2 0.8933106 2 0.9899368 1.125 0.8933106 1.125 0.8933106 2 0.9899368 1.125 0.9899368 1.311523 0.9415894 0.4367676 0.9415894 1.311523 0.9326782 1.311523 0.9326782 0.4367676 0.9415894 0.4367676 0.9326782 1.311523 0.9326782 0.4367676 0.9326782 1.311523 0.9317017 1.311523 0.9317017 0.4367676 0.9326782 0.4367676 0.9317017 2.248047 0.9995411 1.374023 0.9995411 2.248047 0.9985647 2.248047 0.9985647 1.374023 0.9995411 1.374023 0.9985647 1.374023 0.9985647 2.248047 0.9028931 2.248047 0.9985647 1.374023 0.9028931 2.248047 0.9028931 1.374023 0.9985647 3.123047 0.9995411 2.248047 0.9995411 3.123047 0.9985657 3.123047 0.9985657 2.248047 0.9995411 2.248047 0.9985647 2.248047 0.9985647 3.123047 0.9028931 3.123047 0.9985657 2.248047 0.9028931 3.123047 0.9028931 2.248047 0.9985647 2.248047 0.9028931 3.123047 0.9019165 3.123047 0.9028931 2.248047 0.9019165 3.123047 0.9019165 2.248047 0.9028931 1.374023 0.9028931 2.248047 0.9019165 2.248047 0.9028931 1.374023 0.9019165 2.248047 0.9019165 1.374023 0.9028931 5.433594 0.989296 4.5625 0.8926392 5.433594 0.8926392 4.5625 0.9894104 4.5625 0.8926392 5.433594 0.989296 5.433594 0.989296 5.433594 0.9902725 4.5625 0.9894104 4.5625 0.9894104 5.433594 0.9902725 4.5625 0.9902725 1.186523 0.8942871 0.3115234 0.9920197 1.186523 0.9919052 0.3115234 0.8942871 0.3115234 0.9920197 1.186523 0.8942871 1.186523 0.8942871 1.186523 0.892273 0.3115234 0.8942871 0.3115234 0.8942871 1.186523 0.892273 0.3115234 0.892273 3.310547 0.9891129 2.435547 0.9900894 3.310547 0.9900894 2.435547 0.9891129 2.435547 0.9900894 3.310547 0.9891129 3.310547 0.8924561 2.435547 0.9891129 3.310547 0.9891129 2.435547 0.8924561 2.435547 0.9891129 3.310547 0.8924561 2.373047 0.9022827 2.373047 0.9032593 3.248047 0.9022827 3.248047 0.9022827 2.373047 0.9032593 3.248047 0.9032593 3.248047 0.9032593 2.373047 0.9032593 3.248047 0.9989376 3.248047 0.9989376 2.373047 0.9032593 2.373047 0.9989376 2.373047 0.9999695 3.248047 0.9989376 2.373047 0.9989376 3.248047 0.9999695 3.248047 0.9989376 2.373047 0.9999695 5.25 0.9904022 5.25 0.9894257 4.375 0.9904022 4.375 0.9904022 5.25 0.9894257 4.375 0.9894257 5.25 0.9894257 4.375 0.8937378 4.375 0.9894257 5.25 0.8937378 4.375 0.8937378 5.25 0.9894257 5.25 0.9904022 4.375 0.9904022 5.25 0.9894257 5.25 0.9894257 4.375 0.9904022 4.375 0.9894257 4.375 0.8937378 5.25 0.9894257 4.375 0.9894257 5.25 0.8937378 5.25 0.9894257 4.375 0.8937378 4.375 0.8937378 5.25 0.8927612 5.25 0.8937378 4.375 0.8927612 5.25 0.8927612 4.375 0.8937378 1.9375 0.8928833 1.9375 0.8938599 1.0625 0.8928833 1.0625 0.8928833 1.9375 0.8938599 1.0625 0.8938599 1.0625 0.8938599 1.9375 0.8938599 1.0625 0.9895325 1.0625 0.9895325 1.9375 0.8938599 1.9375 0.9895325 1.9375 0.9906464 1.0625 0.9895325 1.9375 0.9895325 1.0625 0.9906464 1.0625 0.9895325 1.9375 0.9906464 1.9375 0.9896698 1.0625 0.9906464 1.9375 0.9906464 1.0625 0.9896698 1.0625 0.9906464 1.9375 0.9896698 1.9375 0.9896698 1.9375 0.8930054 1.0625 0.9896698 1.0625 0.9896698 1.9375 0.8930054 1.0625 0.8930054 3.998047 0.8928223 3.998047 0.9896851 3.123047 0.9904251 3.123047 0.9904251 3.123047 0.9894486 3.998047 0.8928223 3.123047 0.9894486 3.123047 0.8928223 3.998047 0.8928223 3.123047 0.8928223 3.123047 0.9894486 2.248047 0.8928223 2.248047 0.8928223 3.123047 0.9894486 2.248047 0.9894486 3.123047 0.9894486 3.123047 0.9904251 2.248047 0.9894486 2.248047 0.9894486 3.123047 0.9904251 2.248047 0.9904251</float_array>
          <technique_common>
            <accessor source="#S_C_02_01_S_006-mesh-map-array" count="591" stride="2">
              <param name="S" type="float"/>
              <param name="T" type="float"/>
            </accessor>
          </technique_common>
        </source>
        <vertices id="S_C_02_01_S_006-mesh-vertices">
          <input semantic="POSITION" source="#S_C_02_01_S_006-mesh-positions"/>
        </vertices>
        <triangles material="hpl3export_M_C_02_storefrontb-material" count="197">
          <input semantic="VERTEX" source="#S_C_02_01_S_006-mesh-vertices" offset="0"/>
          <input semantic="NORMAL" source="#S_C_02_01_S_006-mesh-normals" offset="1"/>
          <input semantic="TEXCOORD" source="#S_C_02_01_S_006-mesh-map" offset="2" set="0"/>
          <p>0 0 0 1 1 1 2 0 2 2 0 3 1 1 4 3 2 5 4 3 6 5 4 7 6 4 8 7 4 9 8 4 10 9 4 11 9 4 12 8 4 13 5 4 14 5 4 15 8 4 16 10 4 17 5 4 18 10 4 19 6 4 20 11 4 21 6 4 22 10 4 23 12 4 24 11 4 25 10 4 26 9 4 27 13 4 28 14 5 29 14 5 30 13 4 31 15 6 32 16 7 33 17 8 34 18 9 35 18 9 36 17 8 37 19 8 38 17 8 39 20 8 40 19 8 41 19 8 42 20 8 43 21 8 44 22 10 45 21 8 46 20 8 47 23 11 48 21 8 49 22 10 50 24 12 51 18 9 52 25 8 53 25 8 54 18 9 55 19 8 56 19 8 57 21 8 58 25 8 59 25 8 60 21 8 61 26 8 62 27 0 63 28 0 64 29 0 65 30 0 66 28 0 67 27 0 68 27 0 69 31 0 70 30 0 71 32 0 72 31 0 73 27 0 74 32 0 75 27 0 76 33 13 77 33 13 78 27 0 79 34 14 80 27 0 81 29 0 82 34 14 83 34 14 84 29 0 85 35 15 86 36 0 87 37 0 88 38 0 89 37 0 90 39 0 91 38 0 92 40 0 93 39 0 94 41 0 95 41 16 96 39 16 97 37 16 98 41 0 99 37 0 100 42 0 101 42 0 102 43 0 103 41 0 104 44 0 105 43 0 106 42 0 107 43 0 108 45 17 109 46 0 110 46 0 111 45 17 112 47 18 113 48 0 114 49 0 115 50 0 116 50 0 117 49 0 118 51 0 119 52 4 120 53 4 121 54 4 122 55 4 123 54 4 124 56 4 125 54 4 126 53 4 127 56 4 128 56 4 129 53 4 130 57 4 131 57 4 132 58 4 133 56 4 134 59 4 135 58 4 136 57 4 137 58 4 138 60 19 139 61 4 140 61 4 141 60 19 142 62 20 143 63 21 144 64 22 145 65 23 146 66 21 147 64 22 148 63 21 149 67 21 150 66 21 151 63 21 152 68 21 153 66 21 154 67 21 155 69 24 156 68 21 157 67 21 158 70 25 159 68 21 160 69 24 161 71 0 162 72 17 163 73 26 164 74 0 165 72 17 166 71 0 167 75 0 168 74 0 169 71 0 170 76 0 171 74 0 172 75 0 173 77 4 174 78 4 175 79 4 176 80 4 177 78 4 178 77 4 179 81 19 180 80 4 181 77 4 182 82 27 183 80 4 184 81 19 185 83 28 186 80 4 187 82 27 188 84 4 189 80 4 190 83 28 191 84 4 192 78 4 193 80 4 194 85 4 195 78 4 196 84 4 197 86 4 198 87 29 199 88 4 200 88 4 201 87 29 202 89 30 203 90 31 204 88 4 205 89 30 206 91 4 207 88 4 208 90 31 209 92 4 210 93 4 211 94 4 212 94 4 213 93 4 214 95 4 215 95 4 216 96 4 217 94 4 218 94 4 219 96 4 220 97 4 221 97 4 222 96 4 223 98 4 224 98 4 225 96 4 226 91 4 227 99 0 228 100 0 229 101 0 230 102 32 231 99 32 232 101 32 233 103 0 234 99 0 235 102 0 236 104 7 237 105 8 238 106 33 239 106 33 240 105 8 241 107 8 242 107 8 243 105 8 244 108 8 245 108 8 246 105 8 247 109 8 248 110 10 249 108 8 250 109 8 251 111 34 252 108 8 253 110 10 254 112 4 255 113 19 256 114 20 257 115 4 258 113 19 259 112 4 260 115 4 261 112 4 262 116 4 263 116 4 264 112 4 265 117 4 266 118 21 267 119 21 268 120 21 269 119 21 270 121 35 271 122 21 272 120 21 273 119 21 274 122 21 275 120 21 276 122 21 277 123 21 278 124 36 279 120 21 280 123 21 281 125 37 282 120 21 283 124 36 284 125 37 285 118 21 286 120 21 287 126 25 288 118 21 289 125 37 290 122 21 291 121 35 292 127 38 293 122 21 294 127 38 295 128 21 296 123 21 297 122 21 298 128 21 299 128 21 300 127 38 301 129 23 302 130 39 303 131 4 304 132 40 305 132 40 306 131 4 307 133 4 308 134 0 309 135 0 310 136 13 311 136 13 312 135 0 313 137 15 314 138 4 315 139 4 316 140 5 317 140 5 318 139 4 319 141 41 320 142 4 321 143 4 322 138 4 323 138 4 324 143 4 325 139 4 326 143 4 327 144 4 328 139 4 329 139 4 330 144 4 331 145 4 332 139 4 333 145 4 334 141 41 335 141 41 336 145 4 337 146 6 338 147 0 339 148 17 340 149 18 341 150 0 342 148 17 343 147 0 344 150 0 345 147 0 346 151 0 347 151 0 348 147 0 349 152 0 350 153 7 351 154 8 352 155 33 353 155 33 354 154 8 355 156 8 356 157 0 357 158 1 358 159 0 359 159 0 360 158 1 361 160 42 362 159 0 363 160 42 364 161 0 365 161 0 366 160 42 367 162 2 368 163 0 369 157 0 370 164 0 371 157 0 372 165 0 373 164 0 374 164 0 375 165 0 376 166 0 377 166 0 378 165 0 379 167 0 380 167 0 381 165 0 382 168 0 383 169 34 384 170 8 385 171 43 386 171 43 387 170 8 388 172 8 389 173 4 390 174 4 391 175 4 392 175 4 393 174 4 394 176 4 395 177 0 396 178 0 397 179 0 398 179 0 399 178 0 400 180 0 401 181 44 402 182 45 403 183 46 404 183 46 405 182 45 406 184 47 407 185 0 408 186 0 409 187 0 410 187 0 411 186 0 412 188 0 413 187 0 414 188 0 415 189 48 416 189 48 417 188 0 418 190 49 419 191 50 420 192 51 421 193 21 422 193 21 423 192 51 424 194 21 425 194 21 426 195 21 427 193 21 428 196 21 429 195 21 430 194 21 431 197 52 432 191 50 433 198 21 434 198 21 435 191 50 436 193 21 437 193 21 438 199 21 439 198 21 440 195 21 441 199 21 442 193 21 443 195 21 444 200 53 445 199 21 446 201 54 447 200 53 448 195 21 449 196 21 450 201 54 451 195 21 452 202 55 453 201 54 454 196 21 455 203 0 456 204 0 457 205 0 458 206 0 459 204 0 460 203 0 461 203 0 462 207 1 463 206 0 464 206 0 465 207 1 466 208 2 467 209 4 468 210 4 469 211 4 470 212 4 471 210 4 472 209 4 473 209 4 474 213 29 475 212 4 476 212 4 477 213 29 478 214 56 479 215 4 480 216 19 481 217 20 482 218 4 483 216 19 484 215 4 485 219 4 486 218 4 487 215 4 488 220 4 489 218 4 490 219 4 491 221 7 492 222 8 493 223 33 494 223 33 495 222 8 496 224 8 497 224 8 498 222 8 499 225 8 500 225 8 501 222 8 502 226 8 503 227 10 504 225 8 505 226 8 506 228 34 507 225 8 508 227 10 509 229 34 510 230 8 511 231 10 512 231 10 513 230 8 514 232 8 515 230 8 516 233 8 517 232 8 518 234 8 519 233 8 520 230 8 521 235 52 522 236 51 523 237 21 524 237 21 525 236 51 526 238 21 527 239 21 528 237 21 529 238 21 530 240 21 531 237 21 532 239 21 533 239 21 534 241 53 535 240 21 536 242 55 537 241 53 538 239 21 539 243 25 540 244 21 541 245 24 542 245 24 543 244 21 544 246 21 545 246 21 546 244 21 547 247 21 548 247 21 549 244 21 550 248 21 551 249 57 552 247 21 553 248 21 554 250 58 555 247 21 556 249 57 557 251 4 558 250 58 559 249 57 560 252 4 561 250 58 562 251 4 563 251 4 564 253 4 565 252 4 566 252 4 567 253 4 568 254 4 569 255 0 570 256 0 571 257 0 572 257 0 573 258 0 574 255 0 575 258 0 576 259 0 577 255 0 578 259 0 579 258 0 580 260 0 581 260 0 582 258 0 583 261 0 584 258 0 585 262 1 586 261 0 587 261 0 588 262 1 589 263 2 590</p>
        </triangles>
      </mesh>
    </geometry>
    <geometry id="S_C_02_01_S_005-mesh" name="S_C_02_01_S.005">
      <mesh>
        <source id="S_C_02_01_S_005-mesh-positions">
          <float_array id="S_C_02_01_S_005-mesh-positions-array" count="1821">10.62 1.94 0.12 10.63 1.94 0.12 10.62 1.94 4.36 10.63 1.94 4.36 20.48 2 4.36 20.48 1.95 4.36 20.48 2 0.12 20.48 1.95 0.12 20.48 1.94 4.36 20.48 1.94 0.12 20.24 1.94 0.12 20.25 1.94 0.12 20.24 1.94 4.36 20.25 1.94 4.36 20.47 1.94 4.36 20.47 1.94 0.12 20.48 1.94 0.12 20.48 1.94 4.36 27.53 2 2.66 25.82 2 0.12 27.53 2 0.12 25.82 2 4.48 29.72 2 4.48 29.09 2 2.66 29.72 2 0.12 29.09 2 0.12 20.24 2 0.12 20.24 1.95 0.12 20.24 2 4.36 20.24 1.95 4.36 20.24 1.94 0.12 20.24 1.94 4.36 21.53 13.41 0.12 21.52 13.41 0.12 21.53 13.41 4.36 21.52 13.41 4.36 21.3 13.41 4.36 21.3 13.41 0.12 21.29 13.41 0.12 21.29 13.41 4.36 2.08 13.41 0.12 2.07 13.41 0.12 2.08 13.41 4.36 2.07 13.41 4.36 2 13.41 4.36 2 13.41 0.12 4.462282 13.19158 -1.0197e-4 3.217718 13.19158 -1.0197e-4 4.462281 13.19158 2.483909 3.217717 13.19158 2.483909 3.217718 2.158418 -1.0197e-4 4.462282 2.158418 -1.0197e-4 3.217719 2.158418 2.483909 4.462283 2.158418 2.483909 27.68772 2.158418 -1.0197e-4 28.93228 2.158418 -1.0197e-4 27.68772 2.158418 2.483909 28.93228 2.158418 2.483909 5.14 1.994553 0.12 4.62 1.994553 2.66 4.62 1.994553 0.12 5.14 1.994553 4.48 3.06 1.994553 2.66 1 1.994553 4.48 1 1.994553 0.12 3.06 1.994553 0.12 25.9 13.41 0.12 25.89 13.41 0.12 25.9 13.41 4.48 25.89 13.41 4.48 25.82 13.41 4.48 25.82 13.41 0.12 1 1.94 8.840001 5.14 1.94 8.840001 1 1.94 8.96 5.14 1.94 8.96 5.14 2 8.840001 5.14 1.94 8.840001 1 2 8.840001 1 1.94 8.840001 30.72 10.84 2.56 30.72 9.45 0 30.72 10.84 0 30.72 1.1 4.48 30.72 1.1 0 30.72 5.61 4.48 30.72 5.61 0 30.72 9.45 4.48 30.72 12.2 2.56 30.72 14.25 4.48 30.72 14.25 0 30.72 12.2 0 10.51 13.41 0.12 10.5 13.41 0.12 10.51 13.41 4.36 10.5 13.41 4.36 10.43 13.41 4.36 10.43 13.41 0.12 29.72 13.35 0 25.82 13.35 0 29.72 13.35 4.48 25.82 13.35 4.48 30.72 12.72 5.7 30.72 14.25 8.96 30.72 11.82 5.7 30.72 9.45 8.96 30.72 14.25 4.48 30.72 12.72 4.72 30.72 11.82 4.72 30.72 9.45 4.48 30.72 7.36 6.57 30.72 7.36 7.55 30.72 5.61 8.96 30.72 6.57 7.55 30.72 6.57 6.57 30.72 5.61 4.48 30.72 1.1 4.48 30.72 3.48 7.15 30.72 3.88 7.15 30.72 3.88 7.55 30.72 3.48 7.55 30.72 1.1 8.96 5.06 2 0.12 5.06 1.95 0.12 5.06 2 4.48 5.06 1.95 4.48 5.06 1.94 0.12 5.06 1.94 4.48 0 5.61 4.48 0 3.88 7.15 0 5.61 8.96 0 3.88 7.55 0 3.48 7.55 0 1.1 8.96 0 3.48 7.15 0 1.1 4.48 0 9.45 8.96 0 7.36 7.55 0 6.57 7.55 0 6.57 6.57 0 7.36 6.57 0 9.45 4.48 0 13.34 8.96 0 11.82 5.7 0 12.72 5.7 0 13.34 4.48 0 12.72 4.72 0 11.82 4.72 0 13.35 8.96 0 13.35 4.48 0 13.34 8.96 6.14 2 0.12 15.36 2 0.12 6.14 2 4.36 15.36 2 4.36 16.36 2 0.12 24.82 2 0.12 16.36 2 4.36 24.82 2 4.36 1 13.35 4.48 1 13.35 0 0.00999999 13.35 4.48 0.00999999 13.35 0 0 13.35 4.48 0 13.35 0 2 13.35 0.12 3.06 13.35 2.66 3.06 13.35 0.12 2 13.35 4.36 4.62 13.35 2.66 9.420001 13.35 4.36 9.420001 13.35 0.12 4.62 13.35 0.12 15.28 1.94 0.12 15.29 1.94 0.12 15.28 1.94 4.36 15.29 1.94 4.36 15.36 1.94 4.36 15.36 1.94 0.12 24.82 13.35 4.36 24.82 13.35 0.12 10.43 13.35 4.36 10.43 13.35 0.12 1 13.35 8.96 1 13.35 4.48 0.00999999 13.35 8.96 0.00999999 13.35 4.48 0 13.35 8.96 0 13.35 4.48 24.82 1.94 4.36 24.82 1.94 4.48 6.12 1.94 4.36 6.12 1.94 4.48 24.82 2 4.36 24.82 1.94 4.36 6.12 2 4.36 6.12 1.94 4.36 2 13.41 4.36 2 13.41 4.48 5.31 13.41 4.36 5.31 13.41 4.48 10.43 13.41 4.36 10.43 13.41 4.48 15.56 13.41 4.36 15.56 13.41 4.48 24.82 13.41 4.36 24.82 13.41 4.48 2 13.35 4.36 2 13.41 4.36 5.31 13.35 4.36 5.31 13.41 4.36 10.43 13.35 4.36 10.43 13.41 4.36 15.56 13.35 4.36 15.56 13.41 4.36 24.82 13.35 4.36 24.82 13.41 4.36 24.74 1.94 0.12 24.75 1.94 0.12 24.74 1.94 4.36 24.75 1.94 4.36 24.75 1.94 4.36 24.82 1.94 4.36 24.82 1.94 0.12 1 1.94 4.48 1 1.94 0.12 1.09 1.94 4.48 1.09 1.94 0.12 1.1 1.94 0.12 1.1 1.94 4.48 6.23 1.95 0.12 6.23 1.94 4.36 6.23 1.94 0.12 6.23 1.95 4.36 6.23 2 0.12 6.23 2 4.36 7.19 13.41 0.12 7.18 13.41 0.12 7.19 13.41 4.36 7.18 13.41 4.36 6.96 13.41 4.36 6.96 13.41 0.12 6.95 13.41 0.12 6.95 13.41 4.36 14.46 13.41 4.36 14.47 13.41 4.36 14.46 13.41 0.12 14.47 13.41 0.12 14.69 13.41 0.12 14.69 13.41 4.36 14.7 13.41 4.36 14.7 13.41 0.12 21.53 13.4 4.36 21.53 13.41 0.12 21.53 13.41 4.36 21.53 13.4 0.12 21.53 13.35 4.36 21.53 13.35 0.12 0 13.35 4.48 0 13.35 0 0 13.34 4.48 0 13.34 0 0 9.45 4.48 0 9.45 0 0 5.61 4.48 0 5.61 0 0 1.1 4.48 0 1.1 0 10.62 2 0.12 10.62 1.95 0.12 10.62 2 4.36 10.62 1.95 4.36 10.62 1.94 0.12 10.62 1.94 4.36 1.1 2 4.48 1.1 1.95 4.48 1.1 2 0.12 1.1 1.95 0.12 1.1 1.94 4.48 1.1 1.94 0.12 10.86 2 4.36 10.86 1.95 4.36 10.86 2 0.12 10.86 1.95 0.12 10.86 1.94 4.36 10.86 1.94 0.12 29.64 1.94 0.12 29.65 1.94 0.12 29.64 1.94 4.48 29.65 1.94 4.48 29.65 1.94 4.48 29.65 1.94 0.12 29.72 1.94 4.48 29.72 1.94 0.12 27.63 2 2.66 27.63 1.94 2.66 28.99 2 2.66 28.99 1.94 2.66 28.99 2 2.56 28.99 1.94 2.56 27.63 2 2.56 27.63 1.94 2.56 29.09 2 4.48 29.09 1.94 4.48 29.09 2 0 29.09 1.94 0 28.99 2 -5.103e-5 28.99 1.94 0 28.99 2 4.48 28.99 1.94 4.48 27.53 2 0 27.53 1.94 0 27.53 2 4.48 27.53 1.94 4.48 27.63 2 4.48 27.63 1.94 4.48 27.63 2 -5.085e-5 27.63 1.94 0 28.99 1.94 2.56 28.99 1.94 2.66 27.63 1.94 2.56 27.63 1.94 2.66 28.99 1.94 0 29.09 1.94 0 28.99 1.94 4.48 29.09 1.94 4.48 27.63 1.94 4.48 27.53 1.94 4.48 27.63 1.94 0 27.53 1.94 0 3.16 2 2.66 3.16 1.94 2.66 4.52 2 2.66 4.52 1.94 2.66 4.52 2 2.56 4.52 1.94 2.56 3.16 2 2.56 3.16 1.94 2.56 4.62 2 4.48 4.62 1.94 4.48 4.62 2 0 4.62 1.94 0 4.52 2 -5.103e-5 4.52 1.94 0 4.52 2 4.48 4.52 1.94 4.48 3.06 2 0 3.06 1.94 0 3.06 2 4.48 3.06 1.94 4.48 3.16 2 4.48 3.16 1.94 4.48 3.16 2 -5.085e-5 3.16 1.94 0 4.52 1.94 2.56 4.52 1.94 2.66 3.16 1.94 2.56 3.16 1.94 2.66 4.52 1.94 0 4.62 1.94 0 4.52 1.94 4.48 4.62 1.94 4.48 3.16 1.94 4.48 3.06 1.94 4.48 3.16 1.94 0 3.06 1.94 0 4.52 13.35 2.66 4.52 13.41 2.66 3.16 13.35 2.66 3.16 13.41 2.66 3.159999 13.35 2.56 3.16 13.41 2.56 4.52 13.35 2.56 4.52 13.41 2.56 3.06 13.35 4.36 3.06 13.41 4.36 3.06 13.35 0 3.06 13.41 0 3.16 13.35 -5.103e-5 3.16 13.41 0 3.16 13.35 4.36 3.16 13.41 4.36 4.62 13.35 0 4.62 13.41 0 4.62 13.35 4.36 4.62 13.41 4.36 4.52 13.35 4.36 4.52 13.41 4.36 4.52 13.35 -5.085e-5 4.52 13.41 0 3.16 13.41 2.56 3.16 13.41 2.66 4.52 13.41 2.56 4.52 13.41 2.66 3.16 13.41 0 3.06 13.41 0 3.16 13.41 4.36 3.06 13.41 4.36 4.52 13.41 4.36 4.62 13.41 4.36 4.52 13.41 0 4.62 13.41 0 3.06 1.94 0.12 3.06 1.95 0.12 1 1.94 0.12 1 1.95 0.12 1 2.000001 0.12 1 1.95 0.12 3.06 2 0.12 14.46 13.35 4.36 14.46 13.4 4.36 14.46 13.35 0.12 14.46 13.4 0.12 14.46 13.41 4.36 14.46 13.41 0.12 10.63 1.94 4.36 10.63 1.94 0.12 10.85 1.94 4.36 10.85 1.94 0.12 10.86 1.94 0.12 10.86 1.94 4.36 14.7 13.35 0.12 14.7 13.4 0.12 14.7 13.35 4.36 14.7 13.4 4.36 14.7 13.41 0.12 14.7 13.41 4.36 7.19 13.35 0.12 7.19 13.4 0.12 7.19 13.35 4.36 7.19 13.4 4.36 7.19 13.41 0.12 7.19 13.41 4.36 21.29 13.35 4.36 21.29 13.4 4.36 21.29 13.35 0.12 21.29 13.4 0.12 21.29 13.41 4.36 21.29 13.41 0.12 6.95 13.35 4.36 6.95 13.4 4.36 6.95 13.35 0.12 6.95 13.4 0.12 6.95 13.41 4.36 6.95 13.41 0.12 29.09 2 0.12 29.09 1.95 0.12 29.72 2 0.12 29.72 1.95 0.12 29.09 1.94 0.12 29.72 1.94 0.12 3.06 1.94 0 3.06 1.94 0.11 1 1.94 0 1 1.94 0.11 3.06 1.94 0.12 1 1.94 0.12 29.72 1.94 0 29.72 1.94 0.11 29.09 1.94 0 29.09 1.94 0.11 29.72 1.94 0.12 29.09 1.94 0.12 6.23 1.94 4.36 6.22 1.94 4.36 6.23 1.94 0.12 6.22 1.94 0.12 6.14 1.94 0.12 6.14 1.94 4.36 15.28 2 0.12 15.28 1.95 0.12 15.28 2 4.36 15.28 1.95 4.36 15.28 1.94 0.12 15.28 1.94 4.36 27.53 1.94 0 27.53 1.94 0.11 4.62 1.94 0 4.62 1.94 0.11 27.53 1.94 0.12 4.62 1.94 0.12 25.92 2 4.48 25.92 1.95 4.48 25.92 2 0.12 25.92 1.95 0.12 25.92 1.94 4.48 25.92 1.94 0.12 4.62 2 0.12 4.62 1.95 0.12 27.53 2 0.12 27.53 1.95 0.12 4.62 1.94 0.12 27.53 1.94 0.12 25.82 1.94 4.48 25.82 1.94 0.12 25.91 1.94 4.48 25.91 1.94 0.12 25.92 1.94 0.12 25.92 1.94 4.48 2 13.41 0 2 13.41 0.11 3.06 13.41 0 3.06 13.41 0.11 2 13.41 0.12 3.06 13.41 0.12 29.64 2 0.12 29.64 1.95 0.12 29.64 2 4.48 29.64 1.95 4.48 29.64 1.94 0.12 29.64 1.94 4.48 3.06 13.35 0.12 3.06 13.4 0.12 2 13.35 0.12 2 13.4 0.12 3.06 13.41 0.12 2 13.41 0.12 5.06 1.94 0.12 5.07 1.94 0.12 5.06 1.94 4.48 5.07 1.94 4.48 5.14 1.94 4.48 5.14 1.94 0.12 24.72 13.35 4.36 24.72 13.4 4.36 24.72 13.35 0.12 24.72 13.4 0.12 24.72 13.41 4.36 24.72 13.41 0.12 4.62 13.41 0 4.62 13.41 0.11 29.72 13.41 0 29.72 13.41 0.11 4.62 13.41 0.12 29.72 13.41 0.12 24.82 13.41 4.36 24.82 13.41 0.12 24.73 13.41 4.36 24.73 13.41 0.12 24.72 13.41 0.12 24.72 13.41 4.36 29.72 13.35 0.12 29.72 13.4 0.12 4.62 13.35 0.12 4.62 13.4 0.12 29.72 13.41 0.12 4.62 13.41 0.12 10.51 13.35 0.12 10.51 13.4 0.12 10.51 13.35 4.36 10.51 13.4 4.36 10.51 13.41 0.12 10.51 13.41 4.36 24.74 2 0.12 24.74 1.95 0.12 24.74 2 4.36 24.74 1.95 4.36 24.74 1.94 0.12 24.74 1.94 4.36 29.62 13.35 4.48 29.62 13.4 4.48 29.62 13.35 0.12 29.62 13.4 0.12 29.62 13.41 4.48 29.62 13.41 0.12 16.36 1.94 4.36 16.36 1.94 0.12 16.45 1.94 4.36 16.45 1.94 0.12 16.46 1.94 0.12 16.46 1.94 4.36 29.72 13.41 4.48 29.72 13.41 0.12 29.63 13.41 4.48 29.63 13.41 0.12 29.62 13.41 0.12 29.62 13.41 4.48 16.46 2 4.36 16.46 1.95 4.36 16.46 2 0.12 16.46 1.95 0.12 16.46 1.94 4.36 16.46 1.94 0.12 25.9 13.35 0.12 25.9 13.4 0.12 25.9 13.35 4.48 25.9 13.4 4.48 25.9 13.41 0.12 25.9 13.41 4.48 2.08 13.35 0.12 2.08 13.4 0.12 2.08 13.35 4.36 2.08 13.4 4.36 2.08 13.41 0.12 2.08 13.41 4.36 9.32 13.35 4.36 9.32 13.4 4.36 9.32 13.35 0.12 9.32 13.4 0.12 9.32 13.41 4.36 9.32 13.41 0.12 9.420001 13.41 4.36 9.420001 13.41 0.12 9.33 13.41 4.36 9.33 13.41 0.12 9.32 13.41 0.12 9.32 13.41 4.36</float_array>
          <technique_common>
            <accessor source="#S_C_02_01_S_005-mesh-positions-array" count="607" stride="3">
              <param name="X" type="float"/>
              <param name="Y" type="float"/>
              <param name="Z" type="float"/>
            </accessor>
          </technique_common>
        </source>
        <source id="S_C_02_01_S_005-mesh-normals">
          <float_array id="S_C_02_01_S_005-mesh-normals-array" count="153">-0.8959388 -0.4441776 4.28e-5 0 -1 0 -0.4534308 -0.8912914 -2.17636e-5 1 0 0 0.8944432 -0.4471817 -2.14637e-5 0.4472674 -0.8944003 4.27265e-5 0.4471817 -0.8944432 2.14637e-5 0.8944003 -0.4472674 -4.27265e-5 -1 0 0 -0.8959813 -0.4440917 2.13154e-5 -0.4535162 -0.8912481 -4.25759e-5 0.8912481 0.4535162 4.25759e-5 0 1 0 0.4440917 0.8959813 -2.13154e-5 -0.4503091 0.8928729 2.16138e-5 -0.8928296 0.4503946 -4.26515e-5 0 1 -4.98765e-7 0 -1 0 0 -1 0 0 0 -1 1 -2.45034e-6 0 1 1.66145e-6 0 1 -4.05473e-6 0 -0.4503946 0.8928296 -4.28537e-5 -0.7070559 0.7071576 3.37817e-5 -0.7071576 0.7070559 -3.37817e-5 -0.8928296 0.4503946 4.28537e-5 -0.4503091 0.8928729 -2.15118e-5 -0.7071576 0.7070559 3.39419e-5 0.8944003 -0.4472674 -4.27265e-5 0.8912914 0.4534308 2.17636e-5 0.4441776 0.8959388 -4.28e-5 -0.7070559 0.7071576 -3.39419e-5 -0.8928729 0.4503091 2.15118e-5 0 0 1 1 -5.67663e-5 0 1 -7.09578e-6 0 1 7.29095e-6 0 -4.27265e-5 -0.8944003 0.4472674 2.14637e-5 -0.4471817 0.8944432 -0.8928729 0.4503091 -2.16138e-5 -0.4503946 0.8928296 4.26515e-5 -2.14637e-5 -0.8944432 0.4471817 4.27265e-5 -0.4472674 0.8944003 4.27265e-5 -0.4472674 0.8944003 -4.27265e-5 -0.8944003 0.4472674 2.13154e-5 0.8959813 0.4440917 -4.25759e-5 0.4535162 0.8912481 -2.17636e-5 0.4534308 0.8912914 4.28e-5 0.8959388 0.4441776 -0.8959388 -0.4441776 4.28e-5</float_array>
          <technique_common>
            <accessor source="#S_C_02_01_S_005-mesh-normals-array" count="51" stride="3">
              <param name="X" type="float"/>
              <param name="Y" type="float"/>
              <param name="Z" type="float"/>
            </accessor>
          </technique_common>
        </source>
        <source id="S_C_02_01_S_005-mesh-map">
          <float_array id="S_C_02_01_S_005-mesh-map-array" count="2448">3.857422 0.001464843 3.857422 0.001953125 3.306641 0.001464843 3.306641 0.001464843 3.857422 0.001953125 3.306641 0.001953125 3.857422 0.01269531 3.857422 0.015625 3.306641 0.01269531 3.306641 0.01269531 3.857422 0.015625 3.306641 0.015625 3.857422 0.015625 3.857422 0.01660156 3.306641 0.015625 3.306641 0.015625 3.857422 0.01660156 3.306641 0.01660156 3.857422 0.001464843 3.857422 0.001953125 3.306641 0.001464843 3.306641 0.001464843 3.857422 0.001953125 3.306641 0.001953125 3.306641 0.001953125 3.857422 0.001953125 3.306641 0.01660156 3.306641 0.01660156 3.857422 0.001953125 3.857422 0.01660156 3.857422 0.01708984 3.306641 0.01660156 3.857422 0.01660156 3.306641 0.01708984 3.306641 0.01660156 3.857422 0.01708984 2.701172 0.28125 2.375 0.02197265 2.701172 0.02197265 2.375 0.4399414 2.375 0.02197265 2.701172 0.28125 2.375 0.4399414 2.701172 0.28125 3.128906 0.4399414 3.128906 0.4399414 2.701172 0.28125 3.003906 0.28125 3.128906 0.4399414 3.003906 0.28125 3.128906 0.02197265 3.128906 0.02197265 3.003906 0.28125 3.003906 0.02197265 3.306641 0.01269531 3.306641 0.015625 3.857422 0.01269531 3.857422 0.01269531 3.306641 0.015625 3.857422 0.015625 3.306641 0.015625 3.306641 0.01660156 3.857422 0.015625 3.857422 0.015625 3.306641 0.01660156 3.857422 0.01660156 3.857422 0.01708984 3.857422 0.01660156 3.306641 0.01708984 3.306641 0.01708984 3.857422 0.01660156 3.306641 0.01660156 3.306641 0.01660156 3.857422 0.01660156 3.306641 0.001953125 3.306641 0.001953125 3.857422 0.01660156 3.857422 0.001953125 3.857422 0.001464843 3.306641 0.001953125 3.857422 0.001953125 3.306641 0.001464843 3.306641 0.001953125 3.857422 0.001464843 1.796875 0.008300781 1.796875 0.009277343 0.9692383 0.008300781 0.9692383 0.008300781 1.796875 0.009277343 0.9692383 0.009277343 0.9692383 0.009277343 1.796875 0.009277343 0.9692383 0.01708984 0.9692383 0.01708984 1.796875 0.009277343 1.796875 0.01708984 0.4020996 0.02636718 0.6088867 0.02636718 0.4020996 0.4389649 0.4020996 0.4389649 0.6088867 0.02636718 0.6088867 0.4389649 0.4020996 0.02636718 0.6088867 0.02636718 0.4020996 0.4389649 0.4020996 0.4389649 0.6088867 0.02636718 0.6088867 0.4389649 0.4020996 0.02636718 0.6088867 0.02636718 0.4020996 0.4389649 0.4020996 0.4389649 0.6088867 0.02636718 0.6088867 0.4389649 1.819336 0.02099609 1.720703 0.2749024 1.720703 0.02099609 1.819336 0.440918 1.720703 0.2749024 1.819336 0.02099609 1.720703 0.2749024 1.819336 0.440918 1.412109 0.2734375 1.412109 0.2734375 1.819336 0.440918 1.010742 0.440918 1.010742 0.440918 1.010742 0.02099609 1.412109 0.2734375 1.412109 0.2734375 1.010742 0.02099609 1.412109 0.02099609 1.796875 0.008300781 1.796875 0.009277343 0.9692383 0.008300781 0.9692383 0.008300781 1.796875 0.009277343 0.9692383 0.009277343 0.9692383 0.009277343 1.796875 0.009277343 0.9692383 0.01708984 0.9692383 0.01708984 1.796875 0.009277343 1.796875 0.01708984 0.3740234 0.9709473 1.188477 0.9709473 0.3740234 0.9806519 0.3740234 0.9806519 1.188477 0.9709473 1.188477 0.9806519 1.188477 0.9610596 1.188477 0.9709473 0.3740234 0.9610596 0.3740234 0.9610596 1.188477 0.9709473 0.3740234 0.9709473 1.299805 0.6999512 1.522461 0.4433594 1.299805 0.4433594 2.978516 0.8922119 2.978516 0.4433594 2.21875 0.8922119 2.21875 0.8922119 2.978516 0.4433594 2.21875 0.4433594 2.21875 0.8922119 2.21875 0.4433594 1.522461 0.8922119 1.522461 0.8922119 2.21875 0.4433594 1.522461 0.4433594 1.522461 0.8922119 1.522461 0.4433594 1.299805 0.6999512 1.060547 0.6999512 1.522461 0.8922119 1.299805 0.6999512 0.699707 0.8922119 1.522461 0.8922119 1.060547 0.6999512 0.699707 0.8922119 1.060547 0.6999512 0.699707 0.4433594 0.699707 0.4433594 1.060547 0.6999512 1.060547 0.4433594 1.796875 0.008300781 1.796875 0.009277343 0.9692383 0.008300781 0.9692383 0.008300781 1.796875 0.009277343 0.9692383 0.009277343 0.9692383 0.009277343 1.796875 0.009277343 0.9692383 0.01708984 0.9692383 0.01708984 1.796875 0.009277343 1.796875 0.01708984 0.210083 0.02050781 0.940918 0.02050781 0.210083 0.4404297 0.210083 0.4404297 0.940918 0.02050781 0.940918 0.4404297 1.256836 0.5725098 0.9262695 0.8591309 1.4375 0.5725098 1.4375 0.5725098 0.9262695 0.8591309 1.913086 0.8591309 1.256836 0.5725098 0.9262695 0.465332 0.9262695 0.8591309 1.256836 0.4863281 0.9262695 0.465332 1.256836 0.5725098 1.4375 0.4863281 0.9262695 0.465332 1.256836 0.4863281 1.913086 0.465332 0.9262695 0.465332 1.4375 0.4863281 1.4375 0.4863281 1.4375 0.5725098 1.913086 0.465332 1.913086 0.465332 1.4375 0.5725098 1.913086 0.8591309 1.913086 0.465332 1.913086 0.8591309 2.332031 0.6489258 2.332031 0.6489258 1.913086 0.8591309 2.332031 0.7351074 1.913086 0.8591309 2.681641 0.8591309 2.332031 0.7351074 2.332031 0.7351074 2.681641 0.8591309 2.490234 0.7351074 2.681641 0.8591309 2.490234 0.6489258 2.490234 0.7351074 2.681641 0.465332 2.490234 0.6489258 2.681641 0.8591309 2.681641 0.465332 2.332031 0.6489258 2.490234 0.6489258 1.913086 0.465332 2.332031 0.6489258 2.681641 0.465332 3.560547 0.465332 2.681641 0.465332 3.072266 0.6999512 2.992187 0.6999512 3.072266 0.6999512 2.681641 0.465332 2.681641 0.465332 2.681641 0.8591309 2.992187 0.6999512 2.992187 0.6999512 2.681641 0.8591309 2.992187 0.7351074 3.072266 0.7351074 2.992187 0.7351074 2.681641 0.8591309 3.560547 0.8591309 3.072266 0.7351074 2.681641 0.8591309 3.072266 0.6999512 3.072266 0.7351074 3.560547 0.8591309 3.560547 0.465332 3.072266 0.6999512 3.560547 0.8591309 0.9692383 0.01757812 0.9692383 0.01513671 1.796875 0.01757812 1.796875 0.01757812 0.9692383 0.01513671 1.796875 0.01513671 0.9692383 0.01513671 0.9692383 0.01464843 1.796875 0.01513671 1.796875 0.01513671 0.9692383 0.01464843 1.796875 0.01464843 2.455078 0.4672852 2.777344 0.703125 2.455078 0.8592529 2.777344 0.703125 2.775391 0.7338867 2.455078 0.8592529 2.455078 0.8592529 2.775391 0.7338867 2.859375 0.7338867 3.333984 0.8592529 2.455078 0.8592529 2.859375 0.7338867 2.859375 0.703125 3.333984 0.8592529 2.859375 0.7338867 3.333984 0.4672852 3.333984 0.8592529 2.859375 0.703125 3.333984 0.4672852 2.859375 0.703125 2.455078 0.4672852 2.777344 0.703125 2.455078 0.4672852 2.859375 0.703125 1.686523 0.8592529 2.105469 0.736084 2.455078 0.8592529 2.455078 0.8592529 2.105469 0.736084 2.263672 0.736084 2.263672 0.6501465 2.455078 0.8592529 2.263672 0.736084 2.455078 0.4672852 2.455078 0.8592529 2.263672 0.6501465 2.263672 0.6501465 2.105469 0.6501465 2.455078 0.4672852 2.455078 0.4672852 2.105469 0.6501465 1.686523 0.4672852 0.8823242 0.8592529 1.210937 0.5742188 1.686523 0.8592529 1.030273 0.5742188 1.210937 0.5742188 0.8823242 0.8592529 0.8823242 0.4672852 1.030273 0.5742188 0.8823242 0.8592529 1.030273 0.4882813 1.030273 0.5742188 0.8823242 0.4672852 0.8823242 0.4672852 1.210937 0.4882813 1.030273 0.4882813 1.686523 0.4672852 1.210937 0.4882813 0.8823242 0.4672852 1.686523 0.4672852 1.210937 0.5742188 1.210937 0.4882813 1.686523 0.8592529 1.210937 0.5742188 1.686523 0.4672852 1.686523 0.4672852 2.105469 0.6501465 1.686523 0.8592529 1.686523 0.8592529 2.105469 0.6501465 2.105469 0.736084 0.8798828 0.8592529 0.8798828 0.4672852 0.8823242 0.8592529 0.8823242 0.8592529 0.8798828 0.4672852 0.8823242 0.4672852 0.1384277 0.02050781 1.938477 0.02050781 0.1384277 0.4414063 0.1384277 0.4414063 1.938477 0.02050781 1.938477 0.4414063 1.585937 0.02050781 2.488281 0.02050781 1.585937 0.4414063 1.585937 0.4414063 2.488281 0.02050781 2.488281 0.4414063 0.7265625 0.892273 0.7265625 0.4433594 0.9150391 0.892273 0.9150391 0.892273 0.7265625 0.4433594 0.9150391 0.4433594 0.9150391 0.892273 0.9150391 0.4433594 0.9169922 0.892273 0.9169922 0.892273 0.9150391 0.4433594 0.9169922 0.4433594 2.033203 0.02197265 2.232422 0.3564453 2.232422 0.02197265 2.033203 0.4375 2.232422 0.3564453 2.033203 0.02197265 2.232422 0.3564453 2.033203 0.4375 2.533203 0.3564453 2.533203 0.3564453 2.033203 0.4375 3.447266 0.4375 3.447266 0.4375 3.447266 0.02197265 2.533203 0.3564453 2.533203 0.3564453 3.447266 0.02197265 2.533203 0.02197265 1.796875 0.008300781 1.796875 0.009277343 0.9692383 0.008300781 0.9692383 0.008300781 1.796875 0.009277343 0.9692383 0.009277343 0.9692383 0.009277343 1.796875 0.009277343 0.9692383 0.01708984 0.9692383 0.01708984 1.796875 0.009277343 1.796875 0.01708984 2.494141 0.4423828 2.494141 0.02050781 0.4020996 0.4423828 0.4020996 0.4423828 2.494141 0.02050781 0.4020996 0.02050781 0.8823242 0.859375 0.8823242 0.4697266 1.05957 0.859375 1.05957 0.859375 0.8823242 0.4697266 1.05957 0.4697266 1.05957 0.859375 1.05957 0.4697266 1.061523 0.859375 1.061523 0.859375 1.05957 0.4697266 1.061523 0.4697266 7.507812 0.0180664 7.507812 0.01171875 3.519531 0.0180664 3.519531 0.0180664 7.507812 0.01171875 3.519531 0.01171875 8.007813 0.01464843 8.007813 0.0180664 4.019531 0.01464843 4.019531 0.01464843 8.007813 0.0180664 4.019531 0.0180664 3.894531 0.007324218 3.894531 0.01660156 3.388672 0.007324218 3.388672 0.007324218 3.894531 0.01660156 3.388672 0.01660156 3.388672 0.007324218 3.388672 0.01660156 2.607422 0.007324218 2.607422 0.007324218 3.388672 0.01660156 2.607422 0.01660156 2.607422 0.007324218 2.607422 0.01660156 1.826172 0.007324218 1.826172 0.007324218 2.607422 0.01660156 1.826172 0.01660156 1.826172 0.007324218 1.826172 0.01660156 0.4130859 0.007324218 0.4130859 0.007324218 1.826172 0.01660156 0.4130859 0.01660156 3.894531 0.01318359 3.894531 0.0180664 3.388672 0.01318359 3.388672 0.01318359 3.894531 0.0180664 3.388672 0.0180664 3.388672 0.01318359 3.388672 0.0180664 2.607422 0.01318359 2.607422 0.01318359 3.388672 0.0180664 2.607422 0.0180664 2.607422 0.01318359 2.607422 0.0180664 1.826172 0.01318359 1.826172 0.01318359 2.607422 0.0180664 1.826172 0.0180664 1.826172 0.01318359 1.826172 0.0180664 0.4130859 0.01318359 0.4130859 0.01318359 1.826172 0.0180664 0.4130859 0.0180664 1.796875 0.008300781 1.796875 0.009277343 0.9692383 0.008300781 0.9692383 0.008300781 1.796875 0.009277343 0.9692383 0.009277343 0.9692383 0.009277343 1.796875 0.009277343 0.9692383 0.01708984 0.9692383 0.01708984 1.796875 0.009277343 1.796875 0.01708984 0.9692383 0.009277343 1.796875 0.009277343 0.9692383 0.01708984 0.9692383 0.01708984 1.796875 0.009277343 1.796875 0.01708984 1.796875 0.0180664 0.9692383 0.01708984 1.796875 0.01708984 0.9692383 0.0180664 0.9692383 0.01708984 1.796875 0.0180664 1.62793 0.01220703 0.800293 0.01123046 1.62793 0.01123046 0.800293 0.01220703 0.800293 0.01123046 1.62793 0.01220703 1.62793 0.01708984 0.800293 0.01220703 1.62793 0.01220703 0.800293 0.01708984 0.800293 0.01220703 1.62793 0.01708984 4.511719 0.01708984 4.511719 0.01660156 3.960937 0.01708984 3.960937 0.01708984 4.511719 0.01660156 3.960937 0.01660156 3.960937 0.01660156 4.511719 0.01660156 3.960937 0.001953125 3.960937 0.001953125 4.511719 0.01660156 4.511719 0.001953125 4.511719 0.001464843 3.960937 0.001953125 4.511719 0.001953125 3.960937 0.001464843 3.960937 0.001953125 4.511719 0.001464843 3.306641 0.001464843 3.306641 0.001953125 3.857422 0.001464843 3.857422 0.001464843 3.306641 0.001953125 3.857422 0.001953125 3.306641 0.001953125 3.857422 0.01660156 3.857422 0.001953125 3.306641 0.01660156 3.857422 0.01660156 3.306641 0.001953125 3.306641 0.01708984 3.857422 0.01660156 3.306641 0.01660156 3.857422 0.01708984 3.857422 0.01660156 3.306641 0.01708984 3.857422 0.015625 3.306641 0.01660156 3.857422 0.01660156 3.306641 0.015625 3.306641 0.01660156 3.857422 0.015625 3.857422 0.01269531 3.306641 0.015625 3.857422 0.015625 3.306641 0.01269531 3.306641 0.015625 3.857422 0.01269531 0.8671875 0.892273 0.8671875 0.4433594 0.8691406 0.892273 0.8691406 0.892273 0.8671875 0.4433594 0.8691406 0.4433594 0.8691406 0.892273 0.8691406 0.4433594 1.646484 0.892273 1.646484 0.892273 0.8691406 0.4433594 1.646484 0.4433594 1.646484 0.892273 1.646484 0.4433594 2.539062 0.892273 2.539062 0.892273 1.646484 0.4433594 2.539062 0.4433594 2.539062 0.892273 2.539062 0.4433594 3.542969 0.892273 3.542969 0.892273 2.539062 0.4433594 3.542969 0.4433594 3.306641 0.01269531 3.306641 0.015625 3.857422 0.01269531 3.857422 0.01269531 3.306641 0.015625 3.857422 0.015625 3.306641 0.015625 3.306641 0.01660156 3.857422 0.015625 3.857422 0.015625 3.306641 0.01660156 3.857422 0.01660156 0.800293 0.01708984 0.800293 0.01220703 1.62793 0.01708984 1.62793 0.01708984 0.800293 0.01220703 1.62793 0.01220703 0.800293 0.01220703 0.800293 0.01123046 1.62793 0.01220703 1.62793 0.01220703 0.800293 0.01123046 1.62793 0.01123046 3.857422 0.01269531 3.857422 0.015625 3.306641 0.01269531 3.306641 0.01269531 3.857422 0.015625 3.306641 0.015625 3.857422 0.015625 3.857422 0.01660156 3.306641 0.015625 3.306641 0.015625 3.857422 0.01660156 3.306641 0.01660156 1.796875 0.008300781 1.796875 0.009277343 0.9692383 0.008300781 0.9692383 0.008300781 1.796875 0.009277343 0.9692383 0.009277343 0.9692383 0.009277343 1.796875 0.009277343 0.9692383 0.01708984 0.9692383 0.01708984 1.796875 0.009277343 1.796875 0.01708984 0.6328125 0.01269531 0.6328125 0.01855468 0.3671875 0.01269531 0.3671875 0.01269531 0.6328125 0.01855468 0.3671875 0.01855468 0.3671875 0.01171875 0.3671875 0.01757812 0.6328125 0.01171875 0.6328125 0.01171875 0.3671875 0.01757812 0.6328125 0.01757812 1.244141 0.01220703 1.244141 0.0180664 0.3691406 0.01220703 0.3691406 0.01220703 1.244141 0.0180664 0.3691406 0.0180664 0.3691406 0.01220703 0.3691406 0.0180664 1.244141 0.01220703 1.244141 0.01220703 0.3691406 0.0180664 1.244141 0.0180664 1.489258 0.01220703 1.489258 0.0180664 0.6147461 0.01220703 0.6147461 0.01220703 1.489258 0.0180664 0.6147461 0.0180664 0.7045899 0.001953125 0.7045899 0.0078125 1.579102 0.001953125 1.579102 0.001953125 0.7045899 0.0078125 1.579102 0.0078125 0.2949219 0.01757812 0.2949219 0.0078125 0.5605469 0.01757812 0.5605469 0.01757812 0.2949219 0.0078125 0.5605469 0.0078125 1.244141 0.008300781 1.244141 0.0180664 0.3691406 0.008300781 0.3691406 0.008300781 1.244141 0.0180664 0.3691406 0.0180664 0.0625 0.0180664 0.0625 0.008300781 0.9375 0.0180664 0.9375 0.0180664 0.0625 0.008300781 0.9375 0.008300781 0.6328125 0.01269531 0.6328125 0.01855468 0.3671875 0.01269531 0.3671875 0.01269531 0.6328125 0.01855468 0.3671875 0.01855468 0.3671875 0.01171875 0.3671875 0.01757812 0.6328125 0.01171875 0.6328125 0.01171875 0.3671875 0.01757812 0.6328125 0.01757812 1.244141 0.01220703 1.244141 0.0180664 0.3691406 0.01220703 0.3691406 0.01220703 1.244141 0.0180664 0.3691406 0.0180664 0.3691406 0.01220703 0.3691406 0.0180664 1.244141 0.01220703 1.244141 0.01220703 0.3691406 0.0180664 1.244141 0.0180664 1.489258 0.01220703 1.489258 0.0180664 0.6147461 0.01220703 0.6147461 0.01220703 1.489258 0.0180664 0.6147461 0.0180664 0.7045899 0.001953125 0.7045899 0.0078125 1.579102 0.001953125 1.579102 0.001953125 0.7045899 0.0078125 1.579102 0.0078125 0.2949219 0.01757812 0.2949219 0.0078125 0.5605469 0.01757812 0.5605469 0.01757812 0.2949219 0.0078125 0.5605469 0.0078125 1.244141 0.008300781 1.244141 0.0180664 0.3691406 0.008300781 0.3691406 0.008300781 1.244141 0.0180664 0.3691406 0.0180664 0.0625 0.0180664 0.0625 0.008300781 0.9375 0.0180664 0.9375 0.0180664 0.0625 0.008300781 0.9375 0.008300781 0.6328125 0.01269531 0.6328125 0.01855468 0.3671875 0.01269531 0.3671875 0.01269531 0.6328125 0.01855468 0.3671875 0.01855468 0.3671875 0.01171875 0.3671875 0.01757812 0.6328125 0.01171875 0.6328125 0.01171875 0.3671875 0.01757812 0.6328125 0.01757812 1.244141 0.01220703 1.244141 0.0180664 0.3691406 0.01220703 0.3691406 0.01220703 1.244141 0.0180664 0.3691406 0.0180664 0.3691406 0.01220703 0.3691406 0.0180664 1.244141 0.01220703 1.244141 0.01220703 0.3691406 0.0180664 1.244141 0.0180664 1.489258 0.01220703 1.489258 0.0180664 0.6147461 0.01220703 0.6147461 0.01220703 1.489258 0.0180664 0.6147461 0.0180664 0.7045899 0.001953125 0.7045899 0.0078125 1.579102 0.001953125 1.579102 0.001953125 0.7045899 0.0078125 1.579102 0.0078125 0.2949219 0.01757812 0.2949219 0.0078125 0.5605469 0.01757812 0.5605469 0.01757812 0.2949219 0.0078125 0.5605469 0.0078125 1.244141 0.008300781 1.244141 0.0180664 0.3691406 0.008300781 0.3691406 0.008300781 1.244141 0.0180664 0.3691406 0.0180664 0.0625 0.0180664 0.0625 0.008300781 0.9375 0.0180664 0.9375 0.0180664 0.0625 0.008300781 0.9375 0.008300781 0.4560547 0.006835937 0.4560547 0.005859375 0.8569336 0.006835937 0.8569336 0.006835937 0.4560547 0.005859375 0.8569336 0.005859375 0.8569336 9.76562e-4 0.8569336 0.005859375 0.4560547 9.76562e-4 0.4560547 9.76562e-4 0.8569336 0.005859375 0.4560547 0.005859375 3.857422 0.01269531 3.857422 0.015625 3.306641 0.01269531 3.306641 0.01269531 3.857422 0.015625 3.306641 0.015625 3.857422 0.015625 3.857422 0.01660156 3.306641 0.015625 3.306641 0.015625 3.857422 0.01660156 3.306641 0.01660156 3.306641 0.001953125 3.857422 0.001953125 3.306641 0.01660156 3.306641 0.01660156 3.857422 0.001953125 3.857422 0.01660156 3.857422 0.01708984 3.306641 0.01660156 3.857422 0.01660156 3.306641 0.01708984 3.306641 0.01660156 3.857422 0.01708984 3.306641 0.01269531 3.306641 0.015625 3.857422 0.01269531 3.857422 0.01269531 3.306641 0.015625 3.857422 0.015625 3.306641 0.015625 3.306641 0.01660156 3.857422 0.015625 3.857422 0.015625 3.306641 0.01660156 3.857422 0.01660156 3.306641 0.01269531 3.306641 0.015625 3.857422 0.01269531 3.857422 0.01269531 3.306641 0.015625 3.857422 0.015625 3.306641 0.015625 3.306641 0.01660156 3.857422 0.015625 3.857422 0.015625 3.306641 0.01660156 3.857422 0.01660156 3.857422 0.01269531 3.857422 0.015625 3.306641 0.01269531 3.306641 0.01269531 3.857422 0.015625 3.306641 0.015625 3.857422 0.015625 3.857422 0.01660156 3.306641 0.015625 3.306641 0.015625 3.857422 0.01660156 3.306641 0.01660156 3.857422 0.01269531 3.857422 0.015625 3.306641 0.01269531 3.306641 0.01269531 3.857422 0.015625 3.306641 0.015625 3.857422 0.015625 3.857422 0.01660156 3.306641 0.015625 3.306641 0.015625 3.857422 0.01660156 3.306641 0.01660156 0.7451172 9.76562e-4 0.7451172 0.005859375 0.578125 9.76562e-4 0.578125 9.76562e-4 0.7451172 0.005859375 0.578125 0.005859375 0.7451172 0.006835937 0.578125 0.005859375 0.7451172 0.005859375 0.578125 0.006835937 0.578125 0.005859375 0.7451172 0.006835937 0.8745117 0.006835937 0.8745117 0.01757812 0.473877 0.006835937 0.473877 0.006835937 0.8745117 0.01757812 0.473877 0.01757812 0.8745117 0.01757812 0.8745117 0.01855468 0.473877 0.01757812 0.473877 0.01757812 0.8745117 0.01855468 0.473877 0.01855468 0.7524414 0.006835937 0.7524414 0.01757812 0.5854492 0.006835937 0.5854492 0.006835937 0.7524414 0.01757812 0.5854492 0.01757812 0.7524414 0.01757812 0.7524414 0.01855468 0.5854492 0.01757812 0.5854492 0.01757812 0.7524414 0.01855468 0.5854492 0.01855468 0.9692383 0.0180664 0.9692383 0.01708984 1.796875 0.0180664 1.796875 0.0180664 0.9692383 0.01708984 1.796875 0.01708984 0.9692383 0.01708984 1.796875 0.009277343 1.796875 0.01708984 0.9692383 0.009277343 1.796875 0.009277343 0.9692383 0.01708984 0.9692383 0.01757812 0.9692383 0.01513671 1.796875 0.01757812 1.796875 0.01757812 0.9692383 0.01513671 1.796875 0.01513671 0.9692383 0.01513671 0.9692383 0.01464843 1.796875 0.01513671 1.796875 0.01513671 0.9692383 0.01464843 1.796875 0.01464843 5.5625 0.006347656 5.5625 0.01708984 0.8955078 0.006347656 0.8955078 0.006347656 5.5625 0.01708984 0.8955078 0.01708984 5.5625 0.0180664 0.8955078 0.01708984 5.5625 0.01708984 0.8955078 0.0180664 0.8955078 0.01708984 5.5625 0.0180664 0.800293 0.01708984 0.800293 0.01220703 1.62793 0.01708984 1.62793 0.01708984 0.800293 0.01220703 1.62793 0.01220703 0.800293 0.01220703 0.800293 0.01123046 1.62793 0.01220703 1.62793 0.01220703 0.800293 0.01123046 1.62793 0.01123046 4.9375 9.76562e-4 4.9375 0.005859375 0.2697754 9.76562e-4 0.2697754 9.76562e-4 4.9375 0.005859375 0.2697754 0.005859375 4.9375 0.005859375 4.9375 0.006835937 0.2697754 0.005859375 0.2697754 0.005859375 4.9375 0.006835937 0.2697754 0.006835937 0.9692383 0.009277343 1.796875 0.009277343 0.9692383 0.01708984 0.9692383 0.01708984 1.796875 0.009277343 1.796875 0.01708984 1.796875 0.0180664 0.9692383 0.01708984 1.796875 0.01708984 0.9692383 0.0180664 0.9692383 0.01708984 1.796875 0.0180664 3.126953 0.006835937 3.126953 0.01757812 3.353516 0.006835937 3.353516 0.006835937 3.126953 0.01757812 3.353516 0.01757812 3.126953 0.01855468 3.353516 0.01757812 3.126953 0.01757812 3.353516 0.01855468 3.353516 0.01757812 3.126953 0.01855468 0.9692383 0.01757812 0.9692383 0.01513671 1.796875 0.01757812 1.796875 0.01757812 0.9692383 0.01513671 1.796875 0.01513671 0.9692383 0.01513671 0.9692383 0.01464843 1.796875 0.01513671 1.796875 0.01513671 0.9692383 0.01464843 1.796875 0.01464843 3.222656 0.01318359 3.222656 0.008300781 3.449219 0.01318359 3.449219 0.01318359 3.222656 0.008300781 3.449219 0.008300781 3.222656 0.008300781 3.222656 0.007324218 3.449219 0.008300781 3.449219 0.008300781 3.222656 0.007324218 3.449219 0.007324218 1.796875 0.008300781 1.796875 0.009277343 0.9692383 0.008300781 0.9692383 0.008300781 1.796875 0.009277343 0.9692383 0.009277343 0.9692383 0.009277343 1.796875 0.009277343 0.9692383 0.01708984 0.9692383 0.01708984 1.796875 0.009277343 1.796875 0.01708984 0.800293 0.01708984 0.800293 0.01220703 1.62793 0.01708984 1.62793 0.01708984 0.800293 0.01220703 1.62793 0.01220703 0.800293 0.01220703 0.800293 0.01123046 1.62793 0.01220703 1.62793 0.01220703 0.800293 0.01123046 1.62793 0.01123046 2.705078 0.006835937 2.705078 0.01757812 5.695312 0.006835937 5.695312 0.006835937 2.705078 0.01757812 5.695312 0.01757812 2.705078 0.01855468 5.695312 0.01757812 2.705078 0.01757812 5.695312 0.01855468 5.695312 0.01757812 2.705078 0.01855468 0.9692383 0.009277343 1.796875 0.009277343 0.9692383 0.01708984 0.9692383 0.01708984 1.796875 0.009277343 1.796875 0.01708984 1.796875 0.0180664 0.9692383 0.01708984 1.796875 0.01708984 0.9692383 0.0180664 0.9692383 0.01708984 1.796875 0.0180664 0.4111328 0.01171875 0.4111328 0.01660156 3.400391 0.01171875 3.400391 0.01171875 0.4111328 0.01660156 3.400391 0.01660156 0.4111328 0.01660156 0.4111328 0.01757812 3.400391 0.01660156 3.400391 0.01660156 0.4111328 0.01757812 3.400391 0.01757812 0.9692383 0.01708984 0.9692383 0.01220703 1.796875 0.01708984 1.796875 0.01708984 0.9692383 0.01220703 1.796875 0.01220703 0.9692383 0.01220703 0.9692383 0.01220703 1.796875 0.01220703 1.796875 0.01220703 0.9692383 0.01220703 1.796875 0.01220703 0.9692383 0.01757812 0.9692383 0.01513671 1.796875 0.01757812 1.796875 0.01757812 0.9692383 0.01513671 1.796875 0.01513671 0.9692383 0.01513671 0.9692383 0.01464843 1.796875 0.01513671 1.796875 0.01513671 0.9692383 0.01464843 1.796875 0.01464843 0.800293 0.01708984 0.800293 0.01220703 1.62793 0.01708984 1.62793 0.01708984 0.800293 0.01220703 1.62793 0.01220703 0.800293 0.01220703 0.800293 0.01123046 1.62793 0.01220703 1.62793 0.01220703 0.800293 0.01123046 1.62793 0.01123046 0.9692383 0.009277343 1.796875 0.009277343 0.9692383 0.01708984 0.9692383 0.01708984 1.796875 0.009277343 1.796875 0.01708984 1.796875 0.0180664 0.9692383 0.01708984 1.796875 0.01708984 0.9692383 0.0180664 0.9692383 0.01708984 1.796875 0.0180664 0.9692383 0.009277343 1.796875 0.009277343 0.9692383 0.01708984 0.9692383 0.01708984 1.796875 0.009277343 1.796875 0.01708984 1.796875 0.0180664 0.9692383 0.01708984 1.796875 0.01708984 0.9692383 0.0180664 0.9692383 0.01708984 1.796875 0.0180664 0.800293 0.01708984 0.800293 0.01220703 1.62793 0.01708984 1.62793 0.01708984 0.800293 0.01220703 1.62793 0.01220703 0.800293 0.01220703 0.800293 0.01123046 1.62793 0.01220703 1.62793 0.01220703 0.800293 0.01123046 1.62793 0.01123046 0.9692383 0.01708984 0.9692383 0.01220703 1.796875 0.01708984 1.796875 0.01708984 0.9692383 0.01220703 1.796875 0.01220703 0.9692383 0.01220703 0.9692383 0.01220703 1.796875 0.01220703 1.796875 0.01220703 0.9692383 0.01220703 1.796875 0.01220703 0.9692383 0.01708984 0.9692383 0.01220703 1.796875 0.01708984 1.796875 0.01708984 0.9692383 0.01220703 1.796875 0.01220703 0.9692383 0.01220703 0.9692383 0.01220703 1.796875 0.01220703 1.796875 0.01220703 0.9692383 0.01220703 1.796875 0.01220703 0.800293 0.01708984 0.800293 0.01220703 1.62793 0.01708984 1.62793 0.01708984 0.800293 0.01220703 1.62793 0.01220703 0.800293 0.01220703 0.800293 0.01123046 1.62793 0.01220703 1.62793 0.01220703 0.800293 0.01123046 1.62793 0.01123046 0.9692383 0.009277343 1.796875 0.009277343 0.9692383 0.01708984 0.9692383 0.01708984 1.796875 0.009277343 1.796875 0.01708984 1.796875 0.0180664 0.9692383 0.01708984 1.796875 0.01708984 0.9692383 0.0180664 0.9692383 0.01708984 1.796875 0.0180664</float_array>
          <technique_common>
            <accessor source="#S_C_02_01_S_005-mesh-map-array" count="1224" stride="2">
              <param name="S" type="float"/>
              <param name="T" type="float"/>
            </accessor>
          </technique_common>
        </source>
        <vertices id="S_C_02_01_S_005-mesh-vertices">
          <input semantic="POSITION" source="#S_C_02_01_S_005-mesh-positions"/>
        </vertices>
        <triangles material="hpl3export_M_C_02_storefront-material" count="408">
          <input semantic="VERTEX" source="#S_C_02_01_S_005-mesh-vertices" offset="0"/>
          <input semantic="NORMAL" source="#S_C_02_01_S_005-mesh-normals" offset="1"/>
          <input semantic="TEXCOORD" source="#S_C_02_01_S_005-mesh-map" offset="2" set="0"/>
          <p>0 0 0 1 1 1 2 2 2 2 2 3 1 1 4 3 1 5 4 3 6 5 3 7 6 3 8 6 3 9 5 3 10 7 3 11 5 3 12 8 4 13 7 3 14 7 3 15 8 4 16 9 5 17 10 0 18 11 1 19 12 2 20 12 2 21 11 1 22 13 1 23 13 1 24 11 1 25 14 1 26 14 1 27 11 1 28 15 1 29 16 6 30 14 1 31 15 1 32 17 7 33 14 1 34 16 6 35 18 1 36 19 1 37 20 1 38 21 1 39 19 1 40 18 1 41 21 1 42 18 1 43 22 1 44 22 1 45 18 1 46 23 1 47 22 1 48 23 1 49 24 1 50 24 1 51 23 1 52 25 1 53 26 8 54 27 8 55 28 8 56 28 8 57 27 8 58 29 8 59 27 8 60 30 9 61 29 8 62 29 8 63 30 9 64 31 10 65 32 11 66 33 12 67 34 13 68 34 13 69 33 12 70 35 12 71 35 12 72 33 12 73 36 12 74 36 12 75 33 12 76 37 12 77 38 14 78 36 12 79 37 12 80 39 15 81 36 12 82 38 14 83 40 11 84 41 12 85 42 13 86 42 13 87 41 12 88 43 12 89 43 12 90 41 12 91 44 12 92 44 12 93 41 12 94 45 12 95 46 12 96 47 12 97 48 12 98 48 16 99 47 16 100 49 16 101 50 1 102 51 1 103 52 1 104 52 17 105 51 17 106 53 17 107 54 1 108 55 1 109 56 1 110 56 18 111 55 18 112 57 18 113 58 1 114 59 1 115 60 1 116 61 1 117 59 1 118 58 1 119 59 1 120 61 1 121 62 1 122 62 1 123 61 1 124 63 1 125 63 1 126 64 1 127 62 1 128 62 1 129 64 1 130 65 1 131 66 11 132 67 12 133 68 13 134 68 13 135 67 12 136 69 12 137 69 12 138 67 12 139 70 12 140 70 12 141 67 12 142 71 12 143 72 1 144 73 1 145 74 1 146 74 1 147 73 1 148 75 1 149 76 19 150 77 19 151 78 19 152 78 19 153 77 19 154 79 19 155 80 3 156 81 3 157 82 3 158 83 3 159 84 3 160 85 3 161 85 3 162 84 3 163 86 3 164 85 3 165 86 3 166 87 3 167 87 3 168 86 3 169 81 3 170 87 20 171 81 20 172 80 20 173 88 3 174 87 3 175 80 3 176 89 3 177 87 3 178 88 3 179 89 21 180 88 21 181 90 21 182 90 3 183 88 3 184 91 3 185 92 11 186 93 12 187 94 13 188 94 13 189 93 12 190 95 12 191 95 12 192 93 12 193 96 12 194 96 12 195 93 12 196 97 12 197 98 12 198 99 12 199 100 12 200 100 12 201 99 12 202 101 12 203 102 3 204 103 3 205 104 3 206 104 3 207 103 3 208 105 3 209 102 3 210 106 3 211 103 3 212 107 3 213 106 3 214 102 3 215 108 3 216 106 3 217 107 3 218 109 3 219 106 3 220 108 3 221 108 3 222 104 3 223 109 3 224 109 3 225 104 3 226 105 3 227 109 3 228 105 3 229 110 3 230 110 3 231 105 3 232 111 3 233 105 3 234 112 3 235 111 3 236 111 3 237 112 3 238 113 3 239 112 22 240 114 22 241 113 22 242 115 3 243 114 3 244 112 3 245 115 3 246 110 3 247 114 3 248 109 3 249 110 3 250 115 3 251 116 3 252 115 3 253 117 3 254 118 3 255 117 3 256 115 3 257 115 3 258 112 3 259 118 3 260 118 3 261 112 3 262 119 3 263 120 3 264 119 3 265 112 3 266 121 3 267 120 3 268 112 3 269 117 3 270 120 3 271 121 3 272 116 3 273 117 3 274 121 3 275 122 8 276 123 8 277 124 8 278 124 8 279 123 8 280 125 8 281 123 8 282 126 9 283 125 8 284 125 8 285 126 9 286 127 10 287 128 8 288 129 8 289 130 8 290 129 8 291 131 8 292 130 8 293 130 8 294 131 8 295 132 8 296 133 8 297 130 8 298 132 8 299 134 8 300 133 8 301 132 8 302 135 8 303 133 8 304 134 8 305 135 8 306 134 8 307 128 8 308 129 8 309 128 8 310 134 8 311 136 8 312 137 8 313 130 8 314 130 8 315 137 8 316 138 8 317 139 8 318 130 8 319 138 8 320 128 8 321 130 8 322 139 8 323 139 8 324 140 8 325 128 8 326 128 8 327 140 8 328 141 8 329 142 8 330 143 8 331 136 8 332 144 8 333 143 8 334 142 8 335 145 8 336 144 8 337 142 8 338 146 8 339 144 8 340 145 8 341 145 8 342 147 8 343 146 8 344 141 8 345 147 8 346 145 8 347 141 8 348 143 8 349 147 8 350 136 8 351 143 8 352 141 8 353 141 8 354 140 8 355 136 8 356 136 8 357 140 8 358 137 8 359 148 23 360 149 24 361 150 8 362 150 8 363 149 24 364 145 8 365 151 1 366 152 1 367 153 1 368 153 1 369 152 1 370 154 1 371 155 1 372 156 1 373 157 1 374 157 1 375 156 1 376 158 1 377 159 12 378 160 12 379 161 12 380 161 12 381 160 12 382 162 12 383 161 12 384 162 12 385 163 25 386 163 25 387 162 12 388 164 26 389 165 12 390 166 12 391 167 12 392 168 12 393 166 12 394 165 12 395 166 12 396 168 12 397 169 12 398 169 12 399 168 12 400 170 12 401 170 12 402 171 12 403 169 12 404 169 12 405 171 12 406 172 12 407 173 0 408 174 1 409 175 2 410 175 2 411 174 1 412 176 1 413 176 1 414 174 1 415 177 1 416 177 1 417 174 1 418 178 1 419 179 12 420 180 12 421 181 12 422 181 12 423 180 12 424 182 12 425 183 12 426 184 12 427 185 12 428 185 12 429 184 12 430 186 12 431 185 12 432 186 12 433 187 27 434 187 27 435 186 12 436 188 28 437 189 1 438 190 1 439 191 1 440 191 1 441 190 1 442 192 1 443 193 19 444 194 19 445 195 19 446 195 19 447 194 19 448 196 19 449 197 12 450 198 12 451 199 12 452 199 12 453 198 12 454 200 12 455 199 12 456 200 12 457 201 12 458 201 12 459 200 12 460 202 12 461 201 12 462 202 12 463 203 12 464 203 12 465 202 12 466 204 12 467 203 12 468 204 12 469 205 12 470 205 12 471 204 12 472 206 12 473 207 19 474 208 19 475 209 19 476 209 19 477 208 19 478 210 19 479 209 19 480 210 19 481 211 19 482 211 19 483 210 19 484 212 19 485 211 19 486 212 19 487 213 19 488 213 19 489 212 19 490 214 19 491 213 19 492 214 19 493 215 19 494 215 19 495 214 19 496 216 19 497 217 0 498 218 1 499 219 2 500 219 2 501 218 1 502 220 1 503 221 1 504 218 1 505 222 1 506 222 1 507 218 1 508 223 1 509 224 1 510 225 1 511 226 1 512 226 1 513 225 1 514 227 1 515 228 6 516 226 1 517 227 1 518 229 29 519 226 1 520 228 6 521 230 3 522 231 4 523 232 5 524 233 3 525 231 4 526 230 3 527 234 3 528 233 3 529 230 3 530 235 3 531 233 3 532 234 3 533 236 11 534 237 12 535 238 13 536 238 13 537 237 12 538 239 12 539 239 12 540 237 12 541 240 12 542 240 12 543 237 12 544 241 12 545 242 14 546 240 12 547 241 12 548 243 15 549 240 12 550 242 14 551 244 15 552 245 12 553 246 14 554 246 14 555 245 12 556 247 12 557 245 12 558 248 12 559 247 12 560 249 12 561 248 12 562 245 12 563 250 13 564 248 12 565 249 12 566 251 11 567 248 12 568 250 13 569 252 3 570 253 30 571 254 31 572 255 3 573 253 30 574 252 3 575 256 3 576 255 3 577 252 3 578 257 3 579 255 3 580 256 3 581 258 32 582 259 33 583 260 8 584 260 8 585 259 33 586 261 8 587 260 8 588 261 8 589 262 8 590 262 8 591 261 8 592 263 8 593 262 8 594 263 8 595 264 8 596 264 8 597 263 8 598 265 8 599 264 8 600 265 8 601 266 8 602 266 8 603 265 8 604 267 8 605 268 8 606 269 8 607 270 8 608 270 8 609 269 8 610 271 8 611 269 8 612 272 9 613 271 8 614 271 8 615 272 9 616 273 10 617 274 3 618 275 3 619 276 3 620 276 3 621 275 3 622 277 3 623 275 3 624 278 4 625 277 3 626 277 3 627 278 4 628 279 5 629 280 3 630 281 3 631 282 3 632 282 3 633 281 3 634 283 3 635 281 3 636 284 4 637 283 3 638 283 3 639 284 4 640 285 5 641 286 0 642 287 1 643 288 2 644 288 2 645 287 1 646 289 1 647 290 1 648 291 1 649 292 1 650 292 1 651 291 1 652 293 1 653 294 34 654 295 34 655 296 34 656 296 34 657 295 34 658 297 34 659 298 19 660 299 19 661 300 19 662 300 19 663 299 19 664 301 19 665 302 3 666 303 3 667 304 3 668 304 3 669 303 3 670 305 3 671 306 8 672 307 8 673 308 8 674 308 8 675 307 8 676 309 8 677 310 8 678 311 8 679 312 8 680 312 8 681 311 8 682 313 8 683 314 3 684 315 3 685 316 3 686 316 35 687 315 35 688 317 35 689 318 1 690 319 1 691 320 1 692 320 1 693 319 1 694 321 1 695 322 1 696 323 1 697 324 1 698 324 1 699 323 1 700 325 1 701 326 1 702 327 1 703 328 1 704 328 1 705 327 1 706 329 1 707 330 34 708 331 34 709 332 34 710 332 34 711 331 34 712 333 34 713 334 19 714 335 19 715 336 19 716 336 19 717 335 19 718 337 19 719 338 3 720 339 3 721 340 3 722 340 3 723 339 3 724 341 3 725 342 8 726 343 8 727 344 8 728 344 8 729 343 8 730 345 8 731 346 8 732 347 8 733 348 8 734 348 8 735 347 8 736 349 8 737 350 3 738 351 3 739 352 3 740 352 36 741 351 36 742 353 36 743 354 1 744 355 1 745 356 1 746 356 1 747 355 1 748 357 1 749 358 1 750 359 1 751 360 1 752 360 1 753 359 1 754 361 1 755 362 1 756 363 1 757 364 1 758 364 1 759 363 1 760 365 1 761 366 34 762 367 34 763 368 34 764 368 34 765 367 34 766 369 34 767 370 19 768 371 19 769 372 19 770 372 19 771 371 19 772 373 19 773 374 8 774 375 8 775 376 8 776 376 8 777 375 8 778 377 8 779 378 37 780 379 37 781 380 37 782 380 3 783 379 3 784 381 3 785 382 3 786 383 3 787 384 3 788 384 3 789 383 3 790 385 3 791 386 8 792 387 8 793 388 8 794 388 8 795 387 8 796 389 8 797 390 12 798 391 12 799 392 12 800 392 12 801 391 12 802 393 12 803 394 12 804 395 12 805 396 12 806 396 12 807 395 12 808 397 12 809 398 12 810 399 12 811 400 12 812 400 12 813 399 12 814 401 12 815 402 38 816 403 34 817 404 39 818 404 39 819 403 34 820 405 34 821 406 34 822 407 34 823 408 34 824 408 34 825 407 34 826 403 34 827 409 8 828 410 8 829 411 8 830 411 8 831 410 8 832 412 8 833 410 8 834 413 40 835 412 8 836 412 8 837 413 40 838 414 41 839 415 1 840 416 1 841 417 1 842 417 1 843 416 1 844 418 1 845 419 6 846 417 1 847 418 1 848 420 7 849 417 1 850 419 6 851 421 3 852 422 3 853 423 3 854 423 3 855 422 3 856 424 3 857 422 3 858 425 30 859 424 3 860 424 3 861 425 30 862 426 31 863 427 3 864 428 3 865 429 3 866 429 3 867 428 3 868 430 3 869 428 3 870 431 30 871 430 3 872 430 3 873 431 30 874 432 31 875 433 8 876 434 8 877 435 8 878 435 8 879 434 8 880 436 8 881 434 8 882 437 40 883 436 8 884 436 8 885 437 40 886 438 41 887 439 8 888 440 8 889 441 8 890 441 8 891 440 8 892 442 8 893 440 8 894 443 40 895 442 8 896 442 8 897 443 40 898 444 41 899 445 34 900 446 34 901 447 34 902 447 34 903 446 34 904 448 34 905 449 39 906 448 34 907 446 34 908 450 38 909 448 34 910 449 39 911 451 1 912 452 1 913 453 1 914 453 1 915 452 1 916 454 1 917 452 1 918 455 42 919 454 1 920 454 1 921 455 42 922 456 43 923 457 1 924 458 1 925 459 1 926 459 1 927 458 1 928 460 1 929 458 1 930 461 42 931 460 1 932 460 1 933 461 42 934 462 43 935 463 7 936 464 1 937 465 6 938 465 6 939 464 1 940 466 1 941 464 1 942 467 1 943 466 1 944 468 1 945 467 1 946 464 1 947 469 8 948 470 8 949 471 8 950 471 8 951 470 8 952 472 8 953 470 8 954 473 9 955 472 8 956 472 8 957 473 9 958 474 10 959 475 1 960 476 1 961 477 1 962 477 1 963 476 1 964 478 1 965 479 42 966 478 1 967 476 1 968 480 44 969 478 1 970 479 42 971 481 3 972 482 3 973 483 3 974 483 3 975 482 3 976 484 3 977 482 3 978 485 4 979 484 3 980 484 3 981 485 4 982 486 5 983 487 34 984 488 34 985 489 34 986 489 34 987 488 34 988 490 34 989 488 34 990 491 39 991 490 34 992 490 34 993 491 39 994 492 45 995 493 1 996 494 1 997 495 1 998 495 1 999 494 1 1000 496 1 1001 497 6 1002 495 1 1003 496 1 1004 498 7 1005 495 1 1006 497 6 1007 499 12 1008 500 12 1009 501 12 1010 501 12 1011 500 12 1012 502 12 1013 503 46 1014 502 12 1015 500 12 1016 504 47 1017 502 12 1018 503 46 1019 505 8 1020 506 8 1021 507 8 1022 507 8 1023 506 8 1024 508 8 1025 506 8 1026 509 9 1027 508 8 1028 508 8 1029 509 9 1030 510 10 1031 511 34 1032 512 34 1033 513 34 1034 513 34 1035 512 34 1036 514 34 1037 512 34 1038 515 48 1039 514 34 1040 514 34 1041 515 48 1042 516 49 1043 517 50 1044 518 1 1045 519 2 1046 519 2 1047 518 1 1048 520 1 1049 520 1 1050 518 1 1051 521 1 1052 521 1 1053 518 1 1054 522 1 1055 523 8 1056 524 8 1057 525 8 1058 525 8 1059 524 8 1060 526 8 1061 524 8 1062 527 40 1063 526 8 1064 526 8 1065 527 40 1066 528 41 1067 529 12 1068 530 12 1069 531 12 1070 531 12 1071 530 12 1072 532 12 1073 533 46 1074 532 12 1075 530 12 1076 534 47 1077 532 12 1078 533 46 1079 535 12 1080 536 12 1081 537 12 1082 537 12 1083 536 12 1084 538 12 1085 539 14 1086 537 12 1087 538 12 1088 540 15 1089 537 12 1090 539 14 1091 541 34 1092 542 34 1093 543 34 1094 543 34 1095 542 34 1096 544 34 1097 542 34 1098 545 48 1099 544 34 1100 544 34 1101 545 48 1102 546 49 1103 547 3 1104 548 3 1105 549 3 1106 549 3 1107 548 3 1108 550 3 1109 548 3 1110 551 30 1111 550 3 1112 550 3 1113 551 30 1114 552 31 1115 553 8 1116 554 8 1117 555 8 1118 555 8 1119 554 8 1120 556 8 1121 554 8 1122 557 9 1123 556 8 1124 556 8 1125 557 9 1126 558 10 1127 559 8 1128 560 8 1129 561 8 1130 561 8 1131 560 8 1132 562 8 1133 560 8 1134 563 40 1135 562 8 1136 562 8 1137 563 40 1138 564 41 1139 565 1 1140 566 1 1141 567 1 1142 567 1 1143 566 1 1144 568 1 1145 569 6 1146 567 1 1147 568 1 1148 570 7 1149 567 1 1150 569 6 1151 571 12 1152 572 12 1153 573 12 1154 573 12 1155 572 12 1156 574 12 1157 575 14 1158 573 12 1159 574 12 1160 576 15 1161 573 12 1162 575 14 1163 577 3 1164 578 3 1165 579 3 1166 579 3 1167 578 3 1168 580 3 1169 578 3 1170 581 4 1171 580 3 1172 580 3 1173 581 4 1174 582 5 1175 583 3 1176 584 3 1177 585 3 1178 585 3 1179 584 3 1180 586 3 1181 584 3 1182 587 30 1183 586 3 1184 586 3 1185 587 30 1186 588 31 1187 589 3 1188 590 3 1189 591 3 1190 591 3 1191 590 3 1192 592 3 1193 590 3 1194 593 30 1195 592 3 1196 592 3 1197 593 30 1198 594 31 1199 595 8 1200 596 8 1201 597 8 1202 597 8 1203 596 8 1204 598 8 1205 596 8 1206 599 40 1207 598 8 1208 598 8 1209 599 40 1210 600 41 1211 601 12 1212 602 12 1213 603 12 1214 603 12 1215 602 12 1216 604 12 1217 605 14 1218 603 12 1219 604 12 1220 606 15 1221 603 12 1222 605 14 1223</p>
        </triangles>
      </mesh>
    </geometry>
    <geometry id="S_C_02_01_S_004-mesh" name="S_C_02_01_S.004">
      <mesh>
        <source id="S_C_02_01_S_004-mesh-positions">
          <float_array id="S_C_02_01_S_004-mesh-positions-array" count="789">28.68407 2.158418 1.310814 28.68407 2.142498 1.310814 28.80164 2.158418 1.310814 28.80164 2.142498 1.310814 28.68407 2.142498 0.8760761 28.68407 2.158418 0.8760761 28.80164 2.142498 0.8760761 28.80164 2.158418 0.8760761 28.68407 2.142498 1.310814 28.68407 2.142498 0.8760761 28.80164 2.142498 1.310814 28.80164 2.142498 0.8760761 30.62 10.84 0 30.62 10.84 2.56 30.72 10.84 0 30.72 10.84 2.56 30.62 12.2 2.56 30.62 12.2 0 30.72 12.2 2.56 30.72 12.2 0 30.62 10.84 2.56 30.62 12.2 2.56 30.72 10.84 2.56 30.72 12.2 2.56 30.54429 12.05695 1.108167 30.54429 11.97561 1.121049 30.56475 12.05695 1.108167 30.56475 11.97561 1.121049 30.54429 12.06983 1.026829 30.54429 12.05695 1.108167 30.56475 12.06983 1.026829 30.56475 12.05695 1.108167 30.54429 11.99646 0.9894427 30.54429 12.06983 1.026829 30.56475 11.99646 0.9894428 30.56475 12.06983 1.026829 30.54429 11.93822 1.047673 30.54429 11.99646 0.9894427 30.56475 11.93822 1.047674 30.56475 11.99646 0.9894428 30.54429 11.97561 1.121049 30.54429 11.93822 1.047673 30.56475 11.97561 1.121049 30.56475 11.93822 1.047674 30.56475 11.99646 1.148824 30.56475 12.06983 1.18621 30.56475 12.00741 1.218013 30.56475 12.05695 1.267547 30.56475 11.97561 1.28043 30.56475 12.06983 1.026829 30.56475 12.05695 1.108167 30.56475 12.00742 1.058632 30.56475 11.97561 1.121049 30.56475 11.93822 1.047674 30.56475 11.99646 0.9894428 30.56475 11.97561 1.28043 30.56475 11.93822 1.207054 30.56475 12.00741 1.218013 30.56475 11.99646 1.148824 30.54429 12.05695 1.267547 30.54429 11.97561 1.28043 30.56475 12.05695 1.267547 30.56475 11.97561 1.28043 30.54429 12.06983 1.18621 30.54429 12.05695 1.267547 30.56475 12.06983 1.18621 30.56475 12.05695 1.267547 30.54429 11.99646 1.148823 30.54429 12.06983 1.18621 30.56475 11.99646 1.148824 30.56475 12.06983 1.18621 30.54429 11.93822 1.207054 30.54429 11.99646 1.148823 30.56475 11.93822 1.207054 30.56475 11.99646 1.148824 30.54429 11.97561 1.28043 30.54429 11.93822 1.207054 30.56475 11.97561 1.28043 30.56475 11.93822 1.207054 30.54429 12.14999 2.51 30.54429 12.15 0 30.62 12.14999 2.51 30.62 12.15 0 30.54429 10.89 2.51 30.62 10.89 2.51 30.54429 10.89 0 30.62 10.89 0 30.62 12.14999 2.51 30.62 10.89 2.51 30.54429 12.14999 2.51 30.54429 10.89 2.51 30.62 12.2 2.56 30.62 12.14999 2.51 30.62 12.2 0 30.62 12.15 0 30.54429 12.14999 2.51 30.54429 10.89 2.51 30.54429 12.15 0 30.54429 10.89 0 30.62 10.84 2.56 30.62 10.84 0 30.62 10.89 2.51 30.62 10.89 0 30.62 12.14999 2.51 30.62 12.2 2.56 30.62 10.89 2.51 30.62 10.84 2.56 4.52 13.27 -1.0171e-4 4.52 13.27 2.56 4.52 13.35 -5.085e-5 4.52 13.35 2.56 3.159999 13.27 2.56 3.16 13.27 -1.0205e-4 3.159999 13.35 2.56 3.16 13.35 -5.103e-5 4.52 13.27 2.56 3.159999 13.27 2.56 4.52 13.35 2.56 3.159999 13.35 2.56 4.462281 13.19158 2.483909 4.462282 13.27 2.483909 4.462282 13.19158 -1.0197e-4 4.462282 13.27 -1.0194e-4 4.52 13.27 2.56 4.52 13.27 -1.0171e-4 4.462282 13.27 2.483909 4.462282 13.27 -1.0194e-4 3.217717 13.19158 2.483909 3.217718 13.19158 -1.0197e-4 3.217716 13.27 2.483909 3.217717 13.27 -1.0199e-4 3.217717 13.19158 2.483909 3.217716 13.27 2.483909 4.462281 13.19158 2.483909 4.462282 13.27 2.483909 3.217717 13.27 -1.0199e-4 3.16 13.27 -1.0205e-4 3.217716 13.27 2.483909 3.159999 13.27 2.56 3.217716 13.27 2.483909 3.159999 13.27 2.56 4.462282 13.27 2.483909 4.52 13.27 2.56 3.465934 13.2075 0.8760761 3.465934 13.2075 1.310814 3.465934 13.19158 0.8760761 3.465934 13.19158 1.310814 3.348356 13.19158 0.8760761 3.348356 13.19158 1.310814 3.348356 13.2075 0.8760761 3.348356 13.2075 1.310814 3.465934 13.2075 0.8760761 3.465934 13.19158 0.8760761 3.348356 13.2075 0.8760761 3.348356 13.19158 0.8760761 3.465934 13.2075 1.310814 3.465934 13.2075 0.8760761 3.348356 13.2075 1.310814 3.348356 13.2075 0.8760761 3.465934 13.19158 1.310814 3.465934 13.2075 1.310814 3.348356 13.19158 1.310814 3.348356 13.2075 1.310814 3.16 2.080003 -1.0171e-4 3.16 2.080003 2.56 3.16 2 -5.085e-5 3.16 2 2.56 4.520001 2.080003 2.56 4.52 2.080003 -1.0205e-4 4.52 2 2.56 4.52 2 -5.103e-5 3.16 2.080003 2.56 4.520001 2.080003 2.56 3.16 2 2.56 4.52 2 2.56 3.217719 2.158418 2.483909 3.217718 2.080003 2.483909 3.217718 2.158418 -1.0197e-4 3.217718 2.080003 -1.0194e-4 3.16 2.080003 2.56 3.16 2.080003 -1.0171e-4 3.217718 2.080003 2.483909 3.217718 2.080003 -1.0194e-4 4.462283 2.158418 2.483909 4.462282 2.158418 -1.0197e-4 4.462284 2.080003 2.483909 4.462283 2.080003 -1.0199e-4 4.462283 2.158418 2.483909 4.462284 2.080003 2.483909 3.217719 2.158418 2.483909 3.217718 2.080003 2.483909 4.462283 2.080003 -1.0199e-4 4.52 2.080003 -1.0205e-4 4.462284 2.080003 2.483909 4.520001 2.080003 2.56 4.462284 2.080003 2.483909 4.520001 2.080003 2.56 3.217718 2.080003 2.483909 3.16 2.080003 2.56 4.214066 2.142498 0.8760761 4.214066 2.142498 1.310814 4.214066 2.158418 0.8760761 4.214066 2.158418 1.310814 4.331645 2.158418 0.8760761 4.331645 2.158418 1.310814 4.331645 2.142498 0.8760761 4.331645 2.142498 1.310814 4.214066 2.142498 0.8760761 4.214066 2.158418 0.8760761 4.331645 2.142498 0.8760761 4.331645 2.158418 0.8760761 4.214066 2.142498 1.310814 4.214066 2.142498 0.8760761 4.331645 2.142498 1.310814 4.331645 2.142498 0.8760761 4.214066 2.158418 1.310814 4.214066 2.142498 1.310814 4.331645 2.158418 1.310814 4.331645 2.142498 1.310814 27.63 2.080003 -1.0171e-4 27.63 2.080003 2.56 27.63 2 -5.085e-5 27.63 2 2.56 28.99 2.080003 2.56 28.99 2.080003 -1.0205e-4 28.99 2 2.56 28.99 2 -5.103e-5 27.63 2.080003 2.56 28.99 2.080003 2.56 27.63 2 2.56 28.99 2 2.56 27.68772 2.158418 2.483909 27.68772 2.080003 2.483909 27.68772 2.158418 -1.0197e-4 27.68772 2.080003 -1.0194e-4 27.63 2.080003 2.56 27.63 2.080003 -1.0171e-4 27.68772 2.080003 2.483909 27.68772 2.080003 -1.0194e-4 28.93228 2.158418 2.483909 28.93228 2.158418 -1.0197e-4 28.93228 2.080003 2.483909 28.93228 2.080003 -1.0199e-4 28.93228 2.158418 2.483909 28.93228 2.080003 2.483909 27.68772 2.158418 2.483909 27.68772 2.080003 2.483909 28.93228 2.080003 -1.0199e-4 28.99 2.080003 -1.0205e-4 28.93228 2.080003 2.483909 28.99 2.080003 2.56 28.93228 2.080003 2.483909 28.99 2.080003 2.56 27.68772 2.080003 2.483909 27.63 2.080003 2.56 28.68407 2.142498 0.8760761 28.68407 2.142498 1.310814 28.68407 2.158418 0.8760761 28.68407 2.158418 1.310814 28.80164 2.158418 0.8760761 28.80164 2.158418 1.310814 28.80164 2.142498 0.8760761 28.80164 2.142498 1.310814</float_array>
          <technique_common>
            <accessor source="#S_C_02_01_S_004-mesh-positions-array" count="263" stride="3">
              <param name="X" type="float"/>
              <param name="Y" type="float"/>
              <param name="Z" type="float"/>
            </accessor>
          </technique_common>
        </source>
        <source id="S_C_02_01_S_004-mesh-normals">
          <float_array id="S_C_02_01_S_004-mesh-normals-array" count="336">0 0 1 0 0 -1 5.4828e-7 0 -1 0 -1 0 0 1 0 0 0.158059 0.9874297 -0.007894933 0.1579843 0.9874101 -0.007899761 0.1579856 0.9874098 -0.00789386 0.1579843 0.9874101 -0.007847249 0.9887904 0.1491041 -0.007844209 0.9887903 0.1491048 -0.007840216 0.9887896 0.14911 0 0.9888227 0.1490961 -0.007805347 0.4534445 -0.8912503 -0.007830381 0.4534423 -0.8912513 -0.007809877 0.4534441 -0.8912505 -0.00783503 0.4534428 -0.891251 8.84345e-6 -0.7031875 -0.7110044 -2.70407e-7 -0.703196 -0.7109962 0 -0.7031954 -0.7109968 5.16618e-7 -0.7032039 -0.7109884 -0.007910966 -0.8928158 0.4503526 -0.007898747 -0.8928127 0.4503591 -0.007908642 -0.8928154 0.4503537 -0.007896184 -0.8928123 0.4503598 1 2.55425e-5 0 1 0 0 1 -5.10856e-5 0 1 5.10859e-5 0 1 1.2771e-5 0 1 -5.10846e-5 0 1 2.55426e-5 0 0 0.1579298 0.9874504 0 0.1579162 0.9874526 0 0.157936 0.9874494 0 0.1579697 0.987444 3.54955e-7 0.9888188 0.1491226 0 0.9888209 0.1491079 -3.56637e-7 0.9888191 0.1491199 0 0.9888214 0.1491053 -3.89186e-7 0.4534292 -0.8912923 0 0.4534353 -0.8912892 7.44565e-7 0.4535158 -0.8912484 0 0.4536072 -0.8912017 0 -0.7031904 -0.7110016 -1.77514e-7 -0.7031903 -0.7110018 0 -0.7031841 -0.7110078 -1.29601e-7 -0.703184 -0.711008 0 -0.8928482 0.4503577 -0.007888317 -0.8928109 0.4503627 -0.007904052 -0.8928142 0.450356 -0.0078848 -0.8928101 0.4503644 0 -0.9999691 -0.007866203 3.73828e-7 -0.9999691 -0.007866144 0 -0.9999691 -0.007866203 -3.8084e-7 -0.9999691 -0.007866144 1 0 7.45058e-7 1 0 7.599e-7 0.9999691 0.007866621 4.06807e-7 0.9999691 0.00786519 1.58409e-7 0.9999691 0.007863223 -5.05131e-7 1 -4.87975e-6 0 0.9999382 0.007866978 -0.007866382 0.9999381 0.007865965 -0.007867097 0.9999383 0.007863461 -0.007863342 0.9999692 0.007861793 8.10251e-7 -1 -9.31264e-6 0 -1 -1.21067e-6 0 1 0 2.79381e-7 1 -5.09864e-7 1.86261e-7 0 0.007816851 -0.9999696 0 0.007816851 -0.9999695 -3.73278e-7 0.007816851 -0.9999695 3.82499e-7 0.007816851 -0.9999695 -0.9999392 0.007800638 -0.007802069 -0.9999392 0.007800996 -0.007801294 -0.9999389 0.007825434 -0.007825434 -1 -9.79203e-6 0 0.9999691 0.007871568 0 0.999969 0.007876992 4.7597e-7 0.9999691 0.007871687 0 0.999969 0.007877111 -2.74887e-7 0 1 1.93603e-7 0 1 -3.68627e-5 -1 0 0 -0.007863759 0 0.9999692 -0.007863581 0 0.9999691 -0.007861971 3.75568e-7 0.9999691 -0.007861793 -3.77348e-7 0.9999692 0.9999691 0.007861793 -1.56856e-7 0.9999691 0.0078637 -3.84001e-7 0.9999691 0.007861852 -4.99796e-6 0.9999692 0.007863759 0 -0.9999695 0.007813811 0 -0.9999695 0.007815539 0 -0.9999695 0.00781387 3.45515e-7 -1 1.74613e-6 1.8626e-7 0 -2.98011e-6 -1 0 -2.98013e-6 -1 0.9999691 3.82328e-7 -0.00786215 0.9999383 0.007860124 -0.007858932 0.9999381 0.007869482 -0.007867991 0.9999691 0.007871568 0 -1 -9.79212e-6 3.83924e-7 -1 9.16762e-7 1.91962e-7 0 -1 0 1 -7.45e-5 0 1 1.01741e-5 0 -1 1.00869e-5 0 0 -2.9801e-6 -1 -1 0 7.67848e-7 -1 5.94405e-6 0</float_array>
          <technique_common>
            <accessor source="#S_C_02_01_S_004-mesh-normals-array" count="112" stride="3">
              <param name="X" type="float"/>
              <param name="Y" type="float"/>
              <param name="Z" type="float"/>
            </accessor>
          </technique_common>
        </source>
        <source id="S_C_02_01_S_004-mesh-map">
          <float_array id="S_C_02_01_S_004-mesh-map-array" count="804">0.126831 0.9613953 0.126831 0.9654541 0.09674072 0.9613953 0.09674072 0.9613953 0.126831 0.9654541 0.09674072 0.9654541 0.126831 0.9490357 0.126831 0.953125 0.09674072 0.9490357 0.09674072 0.9490357 0.126831 0.953125 0.09674072 0.953125 0.1231079 0.9875259 0.0116806 0.9875259 0.1231079 0.9573975 0.1231079 0.9573975 0.0116806 0.9875259 0.0116806 0.9573975 0.07507324 0.09228515 0.07507324 0.6459961 0.06427001 0.09228515 0.06427001 0.09228515 0.07507324 0.6459961 0.06427001 0.6459961 0.0352478 0.09228515 0.0352478 0.6459961 0.02444458 0.09228515 0.02444458 0.09228515 0.0352478 0.6459961 0.02444458 0.6459961 0.1439208 0.09228515 0.1439208 0.3862305 0.1331787 0.09228515 0.1331787 0.09228515 0.1439208 0.3862305 0.1331787 0.3862305 0.1783447 0.8834839 0.1783447 0.9406128 0.1583251 0.8834839 0.1583251 0.8834839 0.1783447 0.9406128 0.1583251 0.9406128 0.2043457 0.8834839 0.2043457 0.9406128 0.1842041 0.8834839 0.1842041 0.8834839 0.2043457 0.9406128 0.1842041 0.9406128 0.1696777 0.8834839 0.1696777 0.9349976 0.1496582 0.8834839 0.1496582 0.8834839 0.1696777 0.9349976 0.1496582 0.9349976 0.1826171 0.890625 0.1826171 0.9315796 0.1625976 0.890625 0.1625976 0.890625 0.1826171 0.9315796 0.1625976 0.9315796 0.1790771 0.8834839 0.1790771 0.9349976 0.1590576 0.8834839 0.1590576 0.8834839 0.1790771 0.9349976 0.1590576 0.9349976 0.3339844 0.0649414 0.3522949 0.02880859 0.3681641 0.05957031 0.3522949 0.02880859 0.3925781 0.03515625 0.3681641 0.05957031 0.3925781 0.03515625 0.3989258 0.07519531 0.3681641 0.05957031 0.3955078 0.1264648 0.3916016 0.1660156 0.3664551 0.1435546 0.3916016 0.1660156 0.3527832 0.1743164 0.3664551 0.1435546 0.3527832 0.1743164 0.3327637 0.1401367 0.3664551 0.1435546 0.3327637 0.1401367 0.359375 0.1108398 0.3664551 0.1435546 0.359375 0.1108398 0.3955078 0.1264648 0.3664551 0.1435546 0.3989258 0.07519531 0.362793 0.09375 0.3681641 0.05957031 0.362793 0.09375 0.3339844 0.0649414 0.3681641 0.05957031 0.2030029 0.8834839 0.2030029 0.9406128 0.1829833 0.8834839 0.1829833 0.8834839 0.2030029 0.9406128 0.1829833 0.9406128 0.1796875 0.8834839 0.1796875 0.9406128 0.1596679 0.8834839 0.1596679 0.8834839 0.1796875 0.9406128 0.1596679 0.9406128 0.1943359 0.8834839 0.1943359 0.9349976 0.1743164 0.8834839 0.1743164 0.8834839 0.1943359 0.9349976 0.1743164 0.9349976 0.2072753 0.890625 0.2072753 0.9315796 0.1872558 0.890625 0.1872558 0.890625 0.2072753 0.9315796 0.1872558 0.9315796 0.2037353 0.8834839 0.2037353 0.9349976 0.1837158 0.8834839 0.1837158 0.8834839 0.2037353 0.9349976 0.1837158 0.9349976 0.1882324 0.01953125 0.1882324 0.6538086 0.1623535 0.01953125 0.1623535 0.01953125 0.1882324 0.6538086 0.1623535 0.6538086 0.1513671 0.6535645 0.1253662 0.6535645 0.1513671 0.01904296 0.1513671 0.01904296 0.1253662 0.6535645 0.1253662 0.01904296 0.1798095 0.4692383 0.1798095 0.1699218 0.2056884 0.4692383 0.2056884 0.4692383 0.1798095 0.1699218 0.2056884 0.1699218 0.08245849 0.6796875 0.05664062 0.6538086 0.08245849 0.01953125 0.08245849 0.01953125 0.05664062 0.6538086 0.05664062 0.01953125 0.9614258 0.9648132 0.5302734 0.9648132 0.9614258 0.05078125 0.9614258 0.05078125 0.5302734 0.9648132 0.5302734 0.05078125 0.02067565 0.6745606 0.02067565 0.01416015 0.04647827 0.6486817 0.04647827 0.6486817 0.02067565 0.01416015 0.04647827 0.01416015 0.2514649 0.2026367 0.2770996 0.177246 0.2514649 0.5019531 0.2514649 0.5019531 0.2770996 0.177246 0.2770996 0.527832 0.1416015 0.7197266 0.1416015 0.06347656 0.1621093 0.7197266 0.1621093 0.7197266 0.1416015 0.06347656 0.1621093 0.06347656 0.13208 0.06201171 0.13208 0.7185059 0.1115112 0.06201171 0.1115112 0.06201171 0.13208 0.7185059 0.1115112 0.7185059 0.07427978 0.5209961 0.07427978 0.1723632 0.09478759 0.5209961 0.09478759 0.5209961 0.07427978 0.1723632 0.09478759 0.1723632 0.08319091 0.08300781 0.1033325 0.08300781 0.08319091 0.7197266 0.08319091 0.7197266 0.1033325 0.08300781 0.1033325 0.7197266 0.1711425 0.7197266 0.1711425 0.06347656 0.185913 0.7001953 0.185913 0.7001953 0.1711425 0.06347656 0.185913 0.06347656 0.1318359 0.08300781 0.1318359 0.7197266 0.1118164 0.08300781 0.1118164 0.08300781 0.1318359 0.7197266 0.1118164 0.7197266 0.1030273 0.2021484 0.1231079 0.2021484 0.1030273 0.5209961 0.1030273 0.5209961 0.1231079 0.2021484 0.1231079 0.5209961 0.08850097 0.06201171 0.1032714 0.06201171 0.08850097 0.6989746 0.08850097 0.6989746 0.1032714 0.06201171 0.1032714 0.7185059 0.1672363 0.6220703 0.147705 0.6367188 0.1672363 0.3032227 0.1672363 0.3032227 0.147705 0.6367188 0.147705 0.2880859 0.1262207 0.9798889 0.01486968 0.9798889 0.1262207 0.9758148 0.1262207 0.9758148 0.01486968 0.9798889 0.01486968 0.9758148 0.126831 0.9777985 0.01544952 0.9777985 0.126831 0.9737091 0.126831 0.9737091 0.01544952 0.9777985 0.01544952 0.9737091 0.126831 0.9490357 0.126831 0.953125 0.09674072 0.9490357 0.09674072 0.9490357 0.126831 0.953125 0.09674072 0.953125 0.1231079 0.9875259 0.0116806 0.9875259 0.1231079 0.9573975 0.1231079 0.9573975 0.0116806 0.9875259 0.0116806 0.9573975 0.126831 0.9613953 0.126831 0.9654541 0.09674072 0.9613953 0.09674072 0.9613953 0.126831 0.9654541 0.09674072 0.9654541 0.1416015 0.7197266 0.1416015 0.06347656 0.1621093 0.7197266 0.1621093 0.7197266 0.1416015 0.06347656 0.1621093 0.06347656 0.13208 0.06201171 0.13208 0.7185059 0.1115112 0.06201171 0.1115112 0.06201171 0.13208 0.7185059 0.1115112 0.7185059 0.07427978 0.5209961 0.07427978 0.1723632 0.09478759 0.5209961 0.09478759 0.5209961 0.07427978 0.1723632 0.09478759 0.1723632 0.08319091 0.08300781 0.1033325 0.08300781 0.08319091 0.7197266 0.08319091 0.7197266 0.1033325 0.08300781 0.1033325 0.7197266 0.1711425 0.7197266 0.1711425 0.06347656 0.185913 0.7001953 0.185913 0.7001953 0.1711425 0.06347656 0.185913 0.06347656 0.1318359 0.08300781 0.1318359 0.7197266 0.1118164 0.08300781 0.1118164 0.08300781 0.1318359 0.7197266 0.1118164 0.7197266 0.1030273 0.2021484 0.1231079 0.2021484 0.1030273 0.5209961 0.1030273 0.5209961 0.1231079 0.2021484 0.1231079 0.5209961 0.08850097 0.06201171 0.1032714 0.06201171 0.08850097 0.6989746 0.08850097 0.6989746 0.1032714 0.06201171 0.1032714 0.7185059 0.1672363 0.6220703 0.147705 0.6367188 0.1672363 0.3032227 0.1672363 0.3032227 0.147705 0.6367188 0.147705 0.2880859 0.1262207 0.9798889 0.01486968 0.9798889 0.1262207 0.9758148 0.1262207 0.9758148 0.01486968 0.9798889 0.01486968 0.9758148 0.126831 0.9777985 0.01544952 0.9777985 0.126831 0.9737091 0.126831 0.9737091 0.01544952 0.9777985 0.01544952 0.9737091 0.126831 0.9490357 0.126831 0.953125 0.09674072 0.9490357 0.09674072 0.9490357 0.126831 0.953125 0.09674072 0.953125 0.1231079 0.9875259 0.0116806 0.9875259 0.1231079 0.9573975 0.1231079 0.9573975 0.0116806 0.9875259 0.0116806 0.9573975 0.126831 0.9613953 0.126831 0.9654541 0.09674072 0.9613953 0.09674072 0.9613953 0.126831 0.9654541 0.09674072 0.9654541 0.1416015 0.7197266 0.1416015 0.06347656 0.1621093 0.7197266 0.1621093 0.7197266 0.1416015 0.06347656 0.1621093 0.06347656 0.13208 0.06201171 0.13208 0.7185059 0.1115112 0.06201171 0.1115112 0.06201171 0.13208 0.7185059 0.1115112 0.7185059 0.07427978 0.5209961 0.07427978 0.1723632 0.09478759 0.5209961 0.09478759 0.5209961 0.07427978 0.1723632 0.09478759 0.1723632 0.08319091 0.08300781 0.1033325 0.08300781 0.08319091 0.7197266 0.08319091 0.7197266 0.1033325 0.08300781 0.1033325 0.7197266 0.1711425 0.7197266 0.1711425 0.06347656 0.185913 0.7001953 0.185913 0.7001953 0.1711425 0.06347656 0.185913 0.06347656 0.1318359 0.08300781 0.1318359 0.7197266 0.1118164 0.08300781 0.1118164 0.08300781 0.1318359 0.7197266 0.1118164 0.7197266 0.1030273 0.2021484 0.1231079 0.2021484 0.1030273 0.5209961 0.1030273 0.5209961 0.1231079 0.2021484 0.1231079 0.5209961 0.08850097 0.06201171 0.1032714 0.06201171 0.08850097 0.6989746 0.08850097 0.6989746 0.1032714 0.06201171 0.1032714 0.7185059 0.1672363 0.6220703 0.147705 0.6367188 0.1672363 0.3032227 0.1672363 0.3032227 0.147705 0.6367188 0.147705 0.2880859 0.1262207 0.9798889 0.01486968 0.9798889 0.1262207 0.9758148 0.1262207 0.9758148 0.01486968 0.9798889 0.01486968 0.9758148 0.126831 0.9777985 0.01544952 0.9777985 0.126831 0.9737091 0.126831 0.9737091 0.01544952 0.9777985 0.01544952 0.9737091</float_array>
          <technique_common>
            <accessor source="#S_C_02_01_S_004-mesh-map-array" count="402" stride="2">
              <param name="S" type="float"/>
              <param name="T" type="float"/>
            </accessor>
          </technique_common>
        </source>
        <vertices id="S_C_02_01_S_004-mesh-vertices">
          <input semantic="POSITION" source="#S_C_02_01_S_004-mesh-positions"/>
        </vertices>
        <triangles material="hpl3export_M_Doors_Generic_01_005-material" count="134">
          <input semantic="VERTEX" source="#S_C_02_01_S_004-mesh-vertices" offset="0"/>
          <input semantic="NORMAL" source="#S_C_02_01_S_004-mesh-normals" offset="1"/>
          <input semantic="TEXCOORD" source="#S_C_02_01_S_004-mesh-map" offset="2" set="0"/>
          <p>0 0 0 1 0 1 2 0 2 2 0 3 1 0 4 3 0 5 4 1 6 5 1 7 6 1 8 6 2 9 5 2 10 7 2 11 8 3 12 9 3 13 10 3 14 10 3 15 9 3 16 11 3 17 12 4 18 13 4 19 14 4 20 14 4 21 13 4 22 15 4 23 16 3 24 17 3 25 18 3 26 18 3 27 17 3 28 19 3 29 20 1 30 21 1 31 22 1 32 22 1 33 21 1 34 23 1 35 24 5 36 25 6 37 26 7 38 26 7 39 25 6 40 27 8 41 28 9 42 29 10 43 30 11 44 30 11 45 29 10 46 31 12 47 32 13 48 33 14 49 34 15 50 34 15 51 33 14 52 35 16 53 36 17 54 37 18 55 38 19 56 38 19 57 37 18 58 39 20 59 40 21 60 41 22 61 42 23 62 42 23 63 41 22 64 43 24 65 44 25 66 45 25 67 46 25 68 45 26 69 47 26 70 46 26 71 47 26 72 48 26 73 46 26 74 49 27 75 50 27 76 51 27 77 50 28 78 52 28 79 51 28 80 52 29 81 53 29 82 51 29 83 53 26 84 54 26 85 51 26 86 54 30 87 49 30 88 51 30 89 55 31 90 56 31 91 57 31 92 56 26 93 58 26 94 57 26 95 59 32 96 60 33 97 61 34 98 61 34 99 60 33 100 62 35 101 63 36 102 64 37 103 65 38 104 65 38 105 64 37 106 66 39 107 67 40 108 68 41 109 69 42 110 69 42 111 68 41 112 70 43 113 71 44 114 72 45 115 73 46 116 73 46 117 72 45 118 74 47 119 75 48 120 76 49 121 77 50 122 77 50 123 76 49 124 78 51 125 79 52 126 80 53 127 81 54 128 81 54 129 80 53 130 82 55 131 83 4 132 84 4 133 85 4 134 85 4 135 84 4 136 86 4 137 87 1 138 88 1 139 89 1 140 89 1 141 88 1 142 90 1 143 91 56 144 92 56 145 93 56 146 93 57 147 92 57 148 94 57 149 95 58 150 96 59 151 97 60 152 97 60 153 96 59 154 98 26 155 99 26 156 100 26 157 101 26 158 101 61 159 100 61 160 102 61 161 103 62 162 104 63 163 105 64 164 105 64 165 104 63 166 106 65 167 107 66 168 108 66 169 109 66 170 109 67 171 108 67 172 110 67 173 111 68 174 112 68 175 113 68 176 113 69 177 112 69 178 114 69 179 115 70 180 116 71 181 117 72 182 117 72 183 116 71 184 118 73 185 119 74 186 120 75 187 121 76 188 121 76 189 120 75 190 122 77 191 123 4 192 124 4 193 125 4 194 125 4 195 124 4 196 126 4 197 127 78 198 128 79 199 129 80 200 129 80 201 128 79 202 130 81 203 131 1 204 132 1 205 133 1 206 133 1 207 132 1 208 134 1 209 135 4 210 136 4 211 137 4 212 137 82 213 136 82 214 138 82 215 139 4 216 140 4 217 141 4 218 141 83 219 140 83 220 142 83 221 143 26 222 144 26 223 145 26 224 145 26 225 144 26 226 146 26 227 147 84 228 148 84 229 149 84 230 149 84 231 148 84 232 150 84 233 151 1 234 152 1 235 153 1 236 153 1 237 152 1 238 154 1 239 155 4 240 156 4 241 157 4 242 157 4 243 156 4 244 158 4 245 159 85 246 160 86 247 161 87 248 161 87 249 160 86 250 162 88 251 163 89 252 164 90 253 165 91 254 165 91 255 164 90 256 166 92 257 167 93 258 168 94 259 169 95 260 169 95 261 168 94 262 170 96 263 171 97 264 172 97 265 173 97 266 173 98 267 172 98 268 174 98 269 175 99 270 176 100 271 177 101 272 177 101 273 176 100 274 178 102 275 179 3 276 180 3 277 181 3 278 181 3 279 180 3 280 182 3 281 183 103 282 184 103 283 185 103 284 185 104 285 184 104 286 186 104 287 187 1 288 188 1 289 189 1 290 189 1 291 188 1 292 190 1 293 191 3 294 192 3 295 193 3 296 193 105 297 192 105 298 194 105 299 195 3 300 196 3 301 197 3 302 197 3 303 196 3 304 198 3 305 199 84 306 200 84 307 201 84 308 201 84 309 200 84 310 202 84 311 203 26 312 204 26 313 205 26 314 205 26 315 204 26 316 206 26 317 207 1 318 208 1 319 209 1 320 209 2 321 208 2 322 210 2 323 211 3 324 212 3 325 213 3 326 213 3 327 212 3 328 214 3 329 215 0 330 216 0 331 217 0 332 217 0 333 216 0 334 218 0 335 219 106 336 220 106 337 221 106 338 221 107 339 220 107 340 222 107 341 223 84 342 224 84 343 225 84 344 225 108 345 224 108 346 226 108 347 227 109 348 228 109 349 229 109 350 229 98 351 228 98 352 230 98 353 231 26 354 232 26 355 233 26 356 233 26 357 232 26 358 234 26 359 235 3 360 236 3 361 237 3 362 237 3 363 236 3 364 238 3 365 239 110 366 240 110 367 241 110 368 241 111 369 240 111 370 242 111 371 243 1 372 244 1 373 245 1 374 245 1 375 244 1 376 246 1 377 247 3 378 248 3 379 249 3 380 249 3 381 248 3 382 250 3 383 251 3 384 252 3 385 253 3 386 253 3 387 252 3 388 254 3 389 255 84 390 256 84 391 257 84 392 257 84 393 256 84 394 258 84 395 259 26 396 260 26 397 261 26 398 261 26 399 260 26 400 262 26 401</p>
        </triangles>
      </mesh>
    </geometry>
    <geometry id="S_C_02_01_S_003-mesh" name="S_C_02_01_S.003">
      <mesh>
        <source id="S_C_02_01_S_003-mesh-positions">
          <float_array id="S_C_02_01_S_003-mesh-positions-array" count="564">25.595 0.06 5.41 25.595 0.03999996 5.41 5.36 0.06 5.41 5.36 0.03999996 5.41 25.595 0.06 4.6 25.595 0.06 5.41 5.36 0.06 4.6 5.36 0.06 5.41 25.595 0.03999996 5.41 25.595 0.03999996 5.52 5.36 0.03999996 5.41 5.36 0.03999996 5.52 29.72 13.41 8.840001 25.82 13.41 8.840001 29.72 13.41 8.96 25.82 13.41 8.96 25.82 13.35 8.840001 25.82 13.41 8.840001 29.72 13.35 8.840001 29.72 13.41 8.840001 25.82 1.94 8.840001 29.72 1.94 8.840001 25.82 1.94 8.96 29.72 1.94 8.96 29.72 2 8.840001 29.72 1.94 8.840001 25.82 2 8.840001 25.82 1.94 8.840001 29.72 1.94 4.6 29.72 1.97 4.6 25.82 1.94 4.6 25.82 1.97 4.6 29.72 1.94 4.48 29.72 1.94 4.6 25.82 1.94 4.48 25.82 1.94 4.6 25.82 2 4.48 29.72 2 4.48 25.82 1.94 4.48 29.72 1.94 4.48 29.72 1.94 5.52 29.72 2 5.52 25.82 1.94 5.52 25.82 2 5.52 29.72 1.94 5.4 29.72 1.94 5.52 25.82 1.94 5.4 25.82 1.94 5.52 25.82 1.97 5.4 29.72 1.97 5.4 25.82 1.94 5.4 29.72 1.94 5.4 29.72 1.97 5.4 25.82 1.97 5.4 29.72 1.97 4.6 25.82 1.97 4.6 1 1.94 5.52 5.14 1.94 5.52 1 2 5.52 5.14 2 5.52 1 1.94 5.4 5.14 1.94 5.4 1 1.94 5.52 5.14 1.94 5.52 5.14 1.97 5.4 5.14 1.94 5.4 1 1.97 5.4 1 1.94 5.4 1 1.94 4.6 5.14 1.94 4.6 1 1.97 4.6 5.14 1.97 4.6 1 1.94 4.48 5.14 1.94 4.48 1 1.94 4.6 5.14 1.94 4.6 5.14 2.000001 4.48 5.14 1.94 4.48 1 2.000001 4.48 1 1.94 4.48 1 1.97 5.4 1 1.97 4.6 5.14 1.97 5.4 5.14 1.97 4.6 29.72 13.41 4.6 25.82 13.41 4.6 29.72 13.38 4.6 25.82 13.38 4.6 29.72 13.41 4.48 25.82 13.41 4.48 29.72 13.41 4.6 25.82 13.41 4.6 25.82 13.35 4.48 25.82 13.41 4.48 29.72 13.35 4.48 29.72 13.41 4.48 29.72 13.41 5.52 25.82 13.41 5.52 29.72 13.35 5.52 25.82 13.35 5.52 29.72 13.41 5.4 25.82 13.41 5.4 29.72 13.41 5.52 25.82 13.41 5.52 25.82 13.38 5.4 25.82 13.41 5.4 29.72 13.38 5.4 29.72 13.41 5.4 29.72 13.38 5.4 29.72 13.38 4.6 25.82 13.38 5.4 25.82 13.38 4.6 5.14 0.07999998 5.52 25.82 0.07999998 5.52 5.14 0.07999998 8.96 25.82 0.07999998 8.96 25.82 15.27 8.96 25.82 15.27 5.52 1 15.27 8.96 1 15.27 5.52 1.23 15.31 4.6 1.23 15.31 5.52 25.59 15.31 4.6 25.59 15.31 5.52 5.14 0.07999998 4.48 5.14 1 4.48 6.13 1 4.48 6.14 1 4.48 25.82 0.07999998 4.48 24.82 1 4.48 25.82 1 4.48 6.14 1.94 4.48 24.82 1.94 4.48 1 15.27 4.48 2 15.27 4.48 2 14.35 4.48 1 14.35 4.48 15.56 14.35 4.48 24.82 13.41 4.48 15.56 13.41 4.48 24.82 14.35 4.48 15.56 15.27 4.48 25.82 15.27 4.48 25.82 14.35 4.48 30.72 14.35 8.96 29.72 14.35 8.96 30.72 15.27 8.96 25.82 15.27 8.96 25.82 13.41 8.96 29.72 13.41 8.96 1 15.27 8.96 1 14.35 8.96 0 15.27 8.96 0 13.35 8.96 0.00999999 13.35 8.96 1 13.35 8.96 10.43 15.27 4.48 15.56 15.27 4.48 10.43 14.35 4.48 15.56 14.35 4.48 15.56 13.41 4.48 10.43 13.41 4.48 29.72 1.94 8.96 25.82 1.01 8.96 25.82 1.94 8.96 29.72 1 8.96 25.82 0.07999998 8.96 30.72 0.07999998 8.96 30.72 1 8.96 0 1 8.96 1 1 8.96 0 0.07999998 8.96 5.14 0.07999998 8.96 5.14 1 8.96 1 1.94 8.96 5.14 1.94 8.96 2 14.35 4.48 5.31 13.41 4.48 2 13.41 4.48 5.31 14.35 4.48 5.31 15.27 4.48 2 15.27 4.48 5.31 14.35 4.48 10.43 13.41 4.48 5.31 13.41 4.48 10.43 14.35 4.48 10.43 15.27 4.48 5.31 15.27 4.48</float_array>
          <technique_common>
            <accessor source="#S_C_02_01_S_003-mesh-positions-array" count="188" stride="3">
              <param name="X" type="float"/>
              <param name="Y" type="float"/>
              <param name="Z" type="float"/>
            </accessor>
          </technique_common>
        </source>
        <source id="S_C_02_01_S_003-mesh-normals">
          <float_array id="S_C_02_01_S_003-mesh-normals-array" count="24">0 0 -1 0 -1 0 0 1 0 0 0 1 3.35542e-4 0 1 -2.62938e-7 0 -1 -9.93411e-7 0 -1 1.68444e-7 0 -1</float_array>
          <technique_common>
            <accessor source="#S_C_02_01_S_003-mesh-normals-array" count="8" stride="3">
              <param name="X" type="float"/>
              <param name="Y" type="float"/>
              <param name="Z" type="float"/>
            </accessor>
          </technique_common>
        </source>
        <source id="S_C_02_01_S_003-mesh-map">
          <float_array id="S_C_02_01_S_003-mesh-map-array" count="636">1.976562 0.4775391 1.976562 0.4799805 1.47939e-4 0.4775391 1.47939e-4 0.4775391 1.976562 0.4799805 1.47939e-4 0.4799805 1.976562 0.4003906 1.976562 0.4775391 1.47939e-4 0.4003906 1.47939e-4 0.4003906 1.976562 0.4775391 1.47939e-4 0.4775391 1.976562 0.4799805 1.976562 0.4882813 1.47939e-4 0.4799805 1.47939e-4 0.4799805 1.976562 0.4882813 1.47939e-4 0.4882813 2.03967e-4 0.3891602 0.4765625 0.3886719 2.02894e-4 0.3989258 2.02894e-4 0.3989258 0.4765625 0.3886719 0.4765625 0.3984375 0.4765625 0.3789063 0.4765625 0.3886719 2.04921e-4 0.3793945 2.04921e-4 0.3793945 0.4765625 0.3886719 2.03967e-4 0.3891602 0.4997559 0.3881836 0.9765625 0.3881836 0.4997559 0.3979492 0.4997559 0.3979492 0.9765625 0.3881836 0.9765625 0.3979492 0.9765625 0.378418 0.9765625 0.3881836 0.4997559 0.378418 0.4997559 0.378418 0.9765625 0.3881836 0.4997559 0.3881836 0.4550781 0.3979492 0.4550781 0.3950195 0.05279541 0.3979492 0.05279541 0.3979492 0.4550781 0.3950195 0.05279541 0.3950195 0.4106445 0.3847656 0.4106445 0.3964844 0.00830841 0.3847656 0.00830841 0.3847656 0.4106445 0.3964844 0.00830841 0.3964844 0.05279541 0.3920899 0.4550781 0.3920899 0.05279541 0.3979492 0.05279541 0.3979492 0.4550781 0.3920899 0.4550781 0.3979492 0.4550781 0.3979492 0.4550781 0.3920899 0.05279541 0.3979492 0.05279541 0.3979492 0.4550781 0.3920899 0.05279541 0.3920899 0.4106445 0.4799805 0.4106445 0.4882813 0.00830841 0.4799805 0.00830841 0.4799805 0.4106445 0.4882813 0.00830841 0.4882813 0.05279541 0.3950195 0.4550781 0.3950195 0.05279541 0.3979492 0.05279541 0.3979492 0.4550781 0.3950195 0.4550781 0.3979492 0.4106445 0.4780274 0.00830841 0.4780274 0.4106445 0.4008789 0.4106445 0.4008789 0.00830841 0.4780274 0.00830841 0.4008789 0.001749992 0.480957 0.4060059 0.480957 0.001749992 0.4868164 0.001749992 0.4868164 0.4060059 0.480957 0.4060059 0.4868164 0.001841545 0.4799805 0.4060059 0.4799805 0.001841545 0.4882813 0.001841545 0.4882813 0.4060059 0.4799805 0.4060059 0.4882813 0.5083008 0.4829102 0.5083008 0.4858399 0.9125977 0.4829102 0.9125977 0.4829102 0.5083008 0.4858399 0.9125977 0.4858399 0.4475098 0.4858399 0.04321289 0.4858399 0.4475098 0.4829102 0.4475098 0.4829102 0.04321289 0.4858399 0.04321289 0.4829102 0.001841545 0.3823242 0.4060059 0.3823242 0.001841545 0.394043 0.001841545 0.394043 0.4060059 0.3823242 0.4060059 0.394043 0.4060059 0.487793 0.4060059 0.4819336 0.001749992 0.487793 0.001749992 0.487793 0.4060059 0.4819336 0.001749992 0.4819336 0.001841545 0.4785156 0.001841545 0.4003906 0.4060059 0.4785156 0.4060059 0.4785156 0.001841545 0.4003906 0.4060059 0.4003906 0.4550781 0.3979492 0.05279541 0.3979492 0.4550781 0.3950195 0.4550781 0.3950195 0.05279541 0.3979492 0.05279541 0.3950195 0.4106445 0.3847656 0.00830841 0.3847656 0.4106445 0.3964844 0.4106445 0.3964844 0.00830841 0.3847656 0.00830841 0.3964844 0.05279541 0.3920899 0.05279541 0.3979492 0.4550781 0.3920899 0.4550781 0.3920899 0.05279541 0.3979492 0.4550781 0.3979492 0.4550781 0.3979492 0.05279541 0.3979492 0.4550781 0.3920899 0.4550781 0.3920899 0.05279541 0.3979492 0.05279541 0.3920899 0.4106445 0.4799805 0.00830841 0.4799805 0.4106445 0.4882813 0.4106445 0.4882813 0.00830841 0.4799805 0.00830841 0.4882813 0.05279541 0.3950195 0.05279541 0.3979492 0.4550781 0.3950195 0.4550781 0.3950195 0.05279541 0.3979492 0.4550781 0.3979492 0.4106445 0.4780274 0.4106445 0.4008789 0.00830841 0.4780274 0.00830841 0.4780274 0.4106445 0.4008789 0.00830841 0.4008789 0.9785156 0.4902344 2.998047 0.4902344 0.9785156 0.8127442 0.9785156 0.8127442 2.998047 0.4902344 2.998047 0.8127442 2.900391 0.8104248 2.900391 0.4907227 0.4775391 0.8104248 0.4775391 0.8104248 2.900391 0.4907227 0.4775391 0.4907227 0.5 0.4003906 0.5 0.4882813 2.876953 0.4003906 2.876953 0.4003906 0.5 0.4882813 2.876953 0.4882813 1.998047 1.00034 1.998047 0.9094849 2.09375 0.9094849 2.095703 0.9094849 1.998047 1.00034 2.09375 0.9094849 1.998047 1.00034 2.095703 0.9094849 4.015625 1.000341 3.919922 0.9094849 4.015625 0.9094849 4.015625 1.000341 4.015625 1.000341 2.095703 0.9094849 3.919922 0.9094849 2.095703 0.9094849 2.095703 0.8166504 3.919922 0.9094849 3.919922 0.9094849 2.095703 0.8166504 3.919922 0.8166504 1.928711 0.9993034 1.831055 0.9993034 1.831055 0.9085693 1.928711 0.9993034 1.831055 0.9085693 1.928711 0.9085693 0.9990234 0.9091187 0.09490966 0.8164063 0.9990234 0.8164063 0.09490966 0.9091187 0.09490966 0.8164063 0.9990234 0.9091187 0.9990234 0.999868 0.09490966 0.9091187 0.9990234 0.9091187 -0.002727508 0.999868 0.09490966 0.9091187 0.9990234 0.999868 -0.002727508 0.999868 -0.002727508 0.9091187 0.09490966 0.9091187 3.998047 0.9125977 4.101562 0.9125977 3.998047 0.9992642 3.998047 0.9992642 4.101562 0.9125977 4.5 0.9993644 4.5 0.9993644 4.101562 0.9125977 4.5 0.8182373 4.5 0.8182373 4.101562 0.9125977 4.101562 0.8182373 0.4995117 0.9999695 0.4995117 0.911438 0.4038086 0.9999695 0.4038086 0.9999695 0.4995117 0.911438 0.4038086 0.8166504 0.4038086 0.8166504 0.4995117 0.911438 0.4047852 0.8166504 0.4995117 0.911438 0.4995117 0.8166504 0.4047852 0.8166504 0.8334961 0.999868 0.3330078 0.999868 0.8334961 0.9091187 0.8334961 0.9091187 0.3330078 0.999868 0.3330078 0.9091187 0.3330078 0.9091187 0.3330078 0.8164063 0.8334961 0.9091187 0.8334961 0.9091187 0.3330078 0.8164063 0.8334961 0.8164063 1.56543 0.8164063 1.165039 0.9113159 1.165039 0.8164063 1.56543 0.9122315 1.165039 0.9113159 1.56543 0.8164063 1.165039 1.000437 1.165039 0.9113159 1.56543 0.9122315 1.667969 1.000437 1.165039 1.000437 1.56543 0.9122315 1.56543 0.9122315 1.667969 0.9122315 1.667969 1.000437 1.008789 0.9092407 1.104492 0.9092407 1.008789 0.9970665 1.008789 0.9970665 1.104492 0.9092407 1.5 0.9970665 1.5 0.9970665 1.104492 0.9092407 1.5 0.9092407 1.104492 0.9092407 1.104492 0.819458 1.5 0.9092407 1.5 0.9092407 1.104492 0.819458 1.5 0.819458 1.824219 0.9091187 1.5 0.8164063 1.824219 0.8164063 1.5 0.9091187 1.5 0.8164063 1.824219 0.9091187 1.824219 0.9091187 1.5 0.999868 1.5 0.9091187 1.824219 0.999868 1.5 0.999868 1.824219 0.9091187 2 0.9091187 1.5 0.8164063 2 0.8164063 1.5 0.9091187 1.5 0.8164063 2 0.9091187 2 0.9091187 1.5 0.999868 1.5 0.9091187 2 0.999868 1.5 0.999868 2 0.9091187</float_array>
          <technique_common>
            <accessor source="#S_C_02_01_S_003-mesh-map-array" count="318" stride="2">
              <param name="S" type="float"/>
              <param name="T" type="float"/>
            </accessor>
          </technique_common>
        </source>
        <vertices id="S_C_02_01_S_003-mesh-vertices">
          <input semantic="POSITION" source="#S_C_02_01_S_003-mesh-positions"/>
        </vertices>
        <triangles material="hpl3export_M_C_02_Facade_02-material" count="106">
          <input semantic="VERTEX" source="#S_C_02_01_S_003-mesh-vertices" offset="0"/>
          <input semantic="NORMAL" source="#S_C_02_01_S_003-mesh-normals" offset="1"/>
          <input semantic="TEXCOORD" source="#S_C_02_01_S_003-mesh-map" offset="2" set="0"/>
          <p>0 0 0 1 0 1 2 0 2 2 0 3 1 0 4 3 0 5 4 1 6 5 1 7 6 1 8 6 1 9 5 1 10 7 1 11 8 1 12 9 1 13 10 1 14 10 1 15 9 1 16 11 1 17 12 2 18 13 2 19 14 2 20 14 2 21 13 2 22 15 2 23 16 0 24 17 0 25 18 0 26 18 0 27 17 0 28 19 0 29 20 1 30 21 1 31 22 1 32 22 1 33 21 1 34 23 1 35 24 0 36 25 0 37 26 0 38 26 0 39 25 0 40 27 0 41 28 3 42 29 3 43 30 3 44 30 3 45 29 3 46 31 3 47 32 1 48 33 1 49 34 1 50 34 1 51 33 1 52 35 1 53 36 0 54 37 0 55 38 0 56 38 0 57 37 0 58 39 0 59 40 3 60 41 3 61 42 3 62 42 3 63 41 3 64 43 3 65 44 1 66 45 1 67 46 1 68 46 1 69 45 1 70 47 1 71 48 0 72 49 0 73 50 0 74 50 0 75 49 0 76 51 0 77 52 1 78 53 1 79 54 1 80 54 1 81 53 1 82 55 1 83 56 3 84 57 3 85 58 3 86 58 3 87 57 3 88 59 3 89 60 1 90 61 1 91 62 1 92 62 1 93 61 1 94 63 1 95 64 0 96 65 0 97 66 0 98 66 0 99 65 0 100 67 0 101 68 3 102 69 3 103 70 3 104 70 3 105 69 3 106 71 3 107 72 1 108 73 1 109 74 1 110 74 1 111 73 1 112 75 1 113 76 0 114 77 0 115 78 0 116 78 0 117 77 0 118 79 0 119 80 1 120 81 1 121 82 1 122 82 1 123 81 1 124 83 1 125 84 3 126 85 3 127 86 3 128 86 3 129 85 3 130 87 3 131 88 2 132 89 2 133 90 2 134 90 2 135 89 2 136 91 2 137 92 0 138 93 0 139 94 0 140 94 0 141 93 0 142 95 0 143 96 3 144 97 3 145 98 3 146 98 3 147 97 3 148 99 3 149 100 2 150 101 2 151 102 2 152 102 2 153 101 2 154 103 2 155 104 0 156 105 0 157 106 0 158 106 0 159 105 0 160 107 0 161 108 2 162 109 2 163 110 2 164 110 2 165 109 2 166 111 2 167 112 1 168 113 1 169 114 1 170 114 1 171 113 1 172 115 1 173 116 2 174 117 2 175 118 2 176 118 2 177 117 2 178 119 2 179 120 2 180 121 2 181 122 2 182 122 2 183 121 2 184 123 2 185 124 0 186 125 0 187 126 0 188 127 0 189 124 0 190 126 0 191 124 0 192 127 0 193 128 0 194 129 0 195 130 0 196 128 0 197 128 0 198 127 0 199 129 0 200 127 0 201 131 0 202 129 0 203 129 0 204 131 0 205 132 0 206 133 0 207 134 0 208 135 0 209 133 0 210 135 0 211 136 4 212 137 0 213 138 0 214 139 0 215 140 0 216 138 0 217 137 0 218 141 0 219 140 0 220 137 0 221 142 0 222 140 0 223 141 0 224 142 0 225 143 0 226 140 0 227 144 0 228 145 0 229 146 0 230 146 0 231 145 0 232 147 0 233 147 5 234 145 5 235 148 5 236 148 0 237 145 0 238 149 0 239 150 0 240 151 0 241 152 0 242 152 6 243 151 6 244 153 6 245 153 0 246 151 0 247 154 0 248 151 0 249 155 0 250 154 0 251 156 0 252 157 0 253 158 0 254 158 0 255 157 0 256 159 0 257 159 0 258 160 0 259 158 0 260 158 0 261 160 0 262 161 0 263 162 0 264 163 0 265 164 0 266 165 0 267 163 0 268 162 0 269 166 7 270 163 7 271 165 7 272 167 0 273 166 0 274 165 0 275 165 0 276 168 0 277 167 0 278 169 0 279 170 0 280 171 0 281 171 0 282 170 0 283 172 0 284 172 0 285 170 0 286 173 0 287 170 0 288 174 0 289 173 0 290 173 0 291 174 0 292 175 0 293 176 0 294 177 0 295 178 0 296 179 0 297 177 0 298 176 0 299 176 0 300 180 0 301 179 0 302 181 0 303 180 0 304 176 0 305 182 0 306 183 0 307 184 0 308 185 0 309 183 0 310 182 0 311 182 0 312 186 0 313 185 0 314 187 0 315 186 0 316 182 0 317</p>
        </triangles>
      </mesh>
    </geometry>
  </library_geometries>
  <library_visual_scenes>
    <visual_scene id="Scene" name="Scene">
      <node id="S_C_02_01_S_005" name="S_C_02_01_S.005" type="NODE">
        <matrix sid="transform">0 0 1 0 0 1 0 0 -1 0 0 0 0 0 0 1</matrix>
        <instance_geometry url="#S_C_02_01_S_007-mesh" name="S_C_02_01_S.005">
          <bind_material>
            <technique_common>
              <instance_material symbol="hpl3export_M_C_02_Back-material" target="#hpl3export_M_C_02_Back-material"/>
            </technique_common>
          </bind_material>
        </instance_geometry>
      </node>
      <node id="S_C_02_01_S_004" name="S_C_02_01_S.004" type="NODE">
        <matrix sid="transform">0 0 1 0 0 1 0 0 -1 0 0 0 0 0 0 1</matrix>
        <instance_geometry url="#S_C_02_01_S_006-mesh" name="S_C_02_01_S.004">
          <bind_material>
            <technique_common>
              <instance_material symbol="hpl3export_M_C_02_storefrontb-material" target="#hpl3export_M_C_02_storefrontb-material"/>
            </technique_common>
          </bind_material>
        </instance_geometry>
      </node>
      <node id="S_C_02_01_S_003" name="S_C_02_01_S.003" type="NODE">
        <matrix sid="transform">0 0 1 0 0 1 0 0 -1 0 0 0 0 0 0 1</matrix>
        <instance_geometry url="#S_C_02_01_S_005-mesh" name="S_C_02_01_S.003">
          <bind_material>
            <technique_common>
              <instance_material symbol="hpl3export_M_C_02_storefront-material" target="#hpl3export_M_C_02_storefront-material"/>
            </technique_common>
          </bind_material>
        </instance_geometry>
      </node>
      <node id="S_C_02_01_S_002" name="S_C_02_01_S.002" type="NODE">
        <matrix sid="transform">0 0 1 0 0 1 0 0 -1 0 0 0 0 0 0 1</matrix>
        <instance_geometry url="#S_C_02_01_S_004-mesh" name="S_C_02_01_S.002">
          <bind_material>
            <technique_common>
              <instance_material symbol="hpl3export_M_Doors_Generic_01_005-material" target="#hpl3export_M_Doors_Generic_01_005-material"/>
            </technique_common>
          </bind_material>
        </instance_geometry>
      </node>
      <node id="S_C_02_01_S_001" name="S_C_02_01_S.001" type="NODE">
        <matrix sid="transform">0 0 1 0 0 1 0 0 -1 0 0 0 0 0 0 1</matrix>
        <instance_geometry url="#S_C_02_01_S_003-mesh" name="S_C_02_01_S.001">
          <bind_material>
            <technique_common>
              <instance_material symbol="hpl3export_M_C_02_Facade_02-material" target="#hpl3export_M_C_02_Facade_02-material"/>
            </technique_common>
          </bind_material>
        </instance_geometry>
      </node>
    </visual_scene>
  </library_visual_scenes>
  <scene>
    <instance_visual_scene url="#Scene"/>
  </scene>
</COLLADA>