<?xml version="1.0" encoding="utf-8"?>
<COLLADA xmlns="http://www.collada.org/2005/11/COLLADASchema" version="1.4.1">
  <asset>
    <contributor>
      <author>Marc</author>
      <authoring_tool>OpenCOLLADA2008</authoring_tool>
      <comments>
			ColladaMaya export options: 
			bakeTransforms=0;relativePaths=0;copyTextures=0;exportTriangles=1;exportCgfxFileReferences=1;
			isSampling=0;curveConstrainSampling=0;removeStaticCurves=0;exportPolygonMeshes=1;exportLights=1;
			exportCameras=1;exportJointsAndSkin=1;exportAnimations=1;exportInvisibleNodes=0;exportDefaultCameras=0;
			exportTexCoords=1;exportNormals=1;exportNormalsPerVertex=1;exportVertexColors=1;exportVertexColorsPerVertex=1;
			exportTexTangents=0;exportTangents=0;exportReferencedMaterials=0;exportMaterialsOnly=0;
			exportXRefs=1;dereferenceXRefs=1;exportCameraAsLookat=0;cameraXFov=0;cameraYFov=1;doublePrecision=0
		</comments>
      <source_data>file:///H:/Dropbox%20(Frictional%20Games)/Team/depth_marc/models/station/statics/plant_ladder_special/plant%20ladder%20top%20broken.mb</source_data>
    </contributor>
    <created>2015-03-26T09:49:44</created>
    <modified>2015-03-26T09:49:44</modified>
    <unit name="meter" meter="1"/>
    <up_axis>Y_UP</up_axis>
  </asset>
  <library_materials>
    <material id="lambert2" name="lambert2">
      <instance_effect url="#lambert2-fx"/>
    </material>
  </library_materials>
  <library_effects>
    <effect id="lambert2-fx">
      <profile_COMMON>
        <newparam sid="file1-surface">
          <surface type="2D">
            <init_from>file1</init_from>
          </surface>
        </newparam>
        <newparam sid="file1-sampler">
          <sampler2D>
            <source>file1-surface</source>
          </sampler2D>
        </newparam>
        <technique sid="common">
          <lambert>
            <emission>
              <color>0 0 0 1</color>
            </emission>
            <ambient>
              <color>0 0 0 1</color>
            </ambient>
            <diffuse>
              <texture texture="file1-sampler" texcoord="TEX0">
                <extra>
                  <technique profile="OpenCOLLADAMaya">
                    <blend_mode>NONE</blend_mode>
                    <coverageU>1</coverageU>
                    <coverageV>1</coverageV>
                    <fast>0</fast>
                    <mirrorU>0</mirrorU>
                    <mirrorV>0</mirrorV>
                    <noiseU>0</noiseU>
                    <noiseV>0</noiseV>
                    <offsetU>0</offsetU>
                    <offsetV>0</offsetV>
                    <repeatU>1</repeatU>
                    <repeatV>1</repeatV>
                    <rotateFrame>0</rotateFrame>
                    <rotateUV>0</rotateUV>
                    <stagger>0</stagger>
                    <translateFrameU>0</translateFrameU>
                    <translateFrameV>0</translateFrameV>
                    <wrapU>1</wrapU>
                    <wrapV>1</wrapV>
                  </technique>
                </extra>
              </texture>
            </diffuse>
            <transparent opaque="RGB_ZERO">
              <color>0 0 0 1</color>
            </transparent>
            <transparency>
              <float>1</float>
            </transparency>
          </lambert>
        </technique>
      </profile_COMMON>
    </effect>
  </library_effects>
  <library_images>
    <image id="file1" name="file1">
      <init_from>file:///E:/depth/redist/static_objects/station/stairs/ladder_pplant/ladder_pplant.dds</init_from>
      <extra>
        <technique profile="OpenCOLLADAMaya">
          <dgnode_type>kFile</dgnode_type>
          <image_sequence>0</image_sequence>
          <originalMayaNodeId>file1</originalMayaNodeId>
        </technique>
      </extra>
    </image>
  </library_images>
  <library_geometries>
    <geometry id="Geometry-mesh064" name="ladder_top_pplant">
      <mesh>
        <source id="Geometry-mesh064-positions" name="Geometry-mesh064-positions">
          <float_array id="Geometry-mesh064-positions-array" count="2505">0.375 1 -0.802206 0.359504 1 -0.808624 0.353086 1 -0.82412 0.359504 1 -0.839615 0.375 1 -0.846034 0.390496 1 -0.839615 0.396914 1 -0.82412 0.390496 1 -0.808624 -0.375 1.300479 -0.5164683 -0.358762 1.304825 -0.5082582 -0.358762 1.313562 -0.4918383 -0.375 1.317933 -0.4836287 -0.391238 1.313562 -0.4918383 -0.391238 1.304825 -0.5082582 -0.375 1.42285 -0.584228 -0.358762 1.4274 -0.576028 -0.358762 1.43649 -0.559629 -0.375 1.44103 -0.55143 -0.391238 1.43649 -0.559629 -0.391238 1.4274 -0.576028 0.375 1.300479 -0.5164683 0.358762 1.304825 -0.5082582 0.358762 1.313562 -0.4918383 0.375 1.317933 -0.4836287 0.391238 1.313562 -0.4918383 0.391238 1.304825 -0.5082582 0.375 1.42285 -0.584228 0.358762 1.4274 -0.576028 0.358762 1.43649 -0.559629 0.375 1.44103 -0.55143 0.391238 1.43649 -0.559629 0.391238 1.4274 -0.576028 -0.375 1 -0.802206 -0.359504 1 -0.808624 -0.353086 1 -0.82412 -0.359504 1 -0.839615 -0.375 1 -0.846034 -0.390496 1 -0.839615 -0.396914 1 -0.82412 -0.390496 1 -0.808624 -0.345215 1 -0.589745 -0.335938 1 -0.599022 -0.414063 1 -0.599022 -0.404785 1 -0.589745 -0.404785 1 -0.683495 -0.414063 1 -0.674217 -0.335938 1 -0.674217 -0.345215 1 -0.683495 0.345215 1 -0.589745 0.335938 1 -0.599022 0.414063 1 -0.599022 0.404785 1 -0.589745 0.404785 1 -0.683495 0.414063 1 -0.674217 0.335938 1 -0.674217 0.345215 1 -0.683495 0.3756976 1.017305 0.1652962 0.3602468 1.018069 0.1716932 0.3539162 1.019892 0.1870768 0.3604134 1.021707 0.2024348 0.3759347 1.02245 0.2087696 0.3913866 1.021686 0.2023723 0.3977161 1.019862 0.186989 0.3912179 1.018048 0.1716315 -0.3740907 1.017719 0.1648503 -0.3585949 1.018401 0.1712195 -0.3521537 1.020203 0.1865978 -0.3585389 1.02207 0.201976 -0.3740115 1.022908 0.2083452 -0.3895073 1.022226 0.201976 -0.3959484 1.020423 0.1865978 -0.3895633 1.018557 0.1712195 0.404785 1.1249 -0.661471 0.414063 1.12173 -0.652754 0.404785 1.23474 -0.598058 0.414063 1.22877 -0.590951 0.404785 1.315765 -0.5008746 0.414063 1.307595 -0.4962281 0.404785 1.357113 -0.3815789 0.414063 1.347798 -0.3799578 0.404785 1.354839 -0.2546202 0.414063 1.345455 -0.2562172 0.404785 1.30887 -0.1352925 0.414063 1.300318 -0.1399021 0.404785 1.230592 -0.03832376 0.414063 1.224072 -0.04539915 0.404785 1.124763 0.02485986 0.414063 1.120815 0.01618658 0.414063 1.09601 -0.582093 0.404785 1.09284 -0.573375 0.414063 1.18044 -0.533348 0.404785 1.17447 -0.526241 0.414063 1.241117 -0.4585521 0.404785 1.232882 -0.4539023 0.414063 1.27221 -0.3668115 0.404785 1.262865 -0.3651887 0.414063 1.269553 -0.2691678 0.404785 1.260199 -0.2707666 0.414063 1.232418 -0.1773405 0.404785 1.224226 -0.1819691 0.414063 1.170583 -0.1027058 0.404785 1.163889 -0.1097713 0.414063 1.088327 -0.05408572 0.404785 1.084266 -0.06275153 0.345215 1.09284 -0.573375 0.335938 1.09601 -0.582093 0.345215 1.17447 -0.526241 0.335938 1.18044 -0.533348 0.345215 1.232882 -0.4539023 0.335938 1.241117 -0.4585521 0.345215 1.262865 -0.3651887 0.335938 1.27221 -0.3668115 0.345215 1.260199 -0.2707666 0.335938 1.269553 -0.2691678 0.345215 1.224226 -0.1819691 0.335938 1.232418 -0.1773405 0.345215 1.163889 -0.1097713 0.335938 1.170583 -0.1027058 0.345215 1.084266 -0.06275153 0.335938 1.088327 -0.05408572 0.335938 1.12173 -0.652754 0.345215 1.1249 -0.661471 0.335938 1.22877 -0.590951 0.345215 1.23474 -0.598058 0.335938 1.307595 -0.4962281 0.345215 1.315765 -0.5008746 0.335938 1.347798 -0.3799578 0.345215 1.357113 -0.3815789 0.335938 1.345455 -0.2562172 0.345215 1.354839 -0.2546202 0.335938 1.300318 -0.1399021 0.345215 1.30887 -0.1352925 0.335938 1.224072 -0.04539915 0.345215 1.230592 -0.03832376 0.335938 1.120815 0.01618658 0.345215 1.124763 0.02485986 -0.414063 1.12173 -0.652754 -0.404785 1.1249 -0.661471 -0.414063 1.22877 -0.590951 -0.404785 1.23474 -0.598058 -0.414063 1.307595 -0.4962281 -0.404785 1.315765 -0.5008746 -0.414063 1.347798 -0.3799578 -0.404785 1.357113 -0.3815789 -0.414063 1.345455 -0.2562172 -0.404785 1.354839 -0.2546202 -0.414063 1.300318 -0.1399021 -0.404785 1.30887 -0.1352925 -0.414063 1.224072 -0.04539915 -0.404785 1.230592 -0.03832376 -0.414063 1.120815 0.01618658 -0.404785 1.124763 0.02485986 -0.404785 1.09284 -0.573375 -0.414063 1.09601 -0.582093 -0.404785 1.17447 -0.526241 -0.414063 1.18044 -0.533348 -0.404785 1.232882 -0.4539023 -0.414063 1.241117 -0.4585521 -0.404785 1.262865 -0.3651887 -0.414063 1.27221 -0.3668115 -0.404785 1.260199 -0.2707666 -0.414063 1.269553 -0.2691678 -0.404785 1.224226 -0.1819691 -0.414063 1.232418 -0.1773405 -0.404785 1.163889 -0.1097713 -0.414063 1.170583 -0.1027058 -0.404785 1.084266 -0.06275153 -0.414063 1.088327 -0.05408572 -0.335938 1.09601 -0.582093 -0.345215 1.09284 -0.573375 -0.335938 1.18044 -0.533348 -0.345215 1.17447 -0.526241 -0.335938 1.241117 -0.4585521 -0.345215 1.232882 -0.4539023 -0.335938 1.27221 -0.3668115 -0.345215 1.262865 -0.3651887 -0.335938 1.269553 -0.2691678 -0.345215 1.260199 -0.2707666 -0.335938 1.232418 -0.1773405 -0.345215 1.224226 -0.1819691 -0.335938 1.170583 -0.1027058 -0.345215 1.163889 -0.1097713 -0.335938 1.088327 -0.05408572 -0.345215 1.084266 -0.06275153 -0.345215 1.1249 -0.661471 -0.335938 1.12173 -0.652754 -0.345215 1.23474 -0.598058 -0.335938 1.22877 -0.590951 -0.345215 1.315765 -0.5008746 -0.335938 1.307595 -0.4962281 -0.345215 1.357113 -0.3815789 -0.335938 1.347798 -0.3799578 -0.345215 1.354839 -0.2546202 -0.335938 1.345455 -0.2562172 -0.345215 1.30887 -0.1352925 -0.335938 1.300318 -0.1399021 -0.345215 1.230592 -0.03832376 -0.335938 1.224072 -0.04539915 -0.345215 1.124763 0.02485986 -0.335938 1.120815 0.01618658 0.375 1.1655 -0.773023 0.359504 1.1677 -0.779055 0.375 1.31104 -0.688996 0.359504 1.31517 -0.693913 0.375 1.41907 -0.560258 0.359504 1.42462 -0.563468 0.375 1.475958 -0.4023046 0.359504 1.482378 -0.4034247 0.375 1.475145 -0.2342009 0.359504 1.481675 -0.2330984 0.375 1.416753 -0.0762279 0.359504 1.422499 -0.07303017 0.375 1.312254 0.05230624 0.359504 1.316586 0.05721168 0.375 1.17423 0.1359025 0.359504 1.176852 0.1419093 0.353086 1.173 -0.793616 0.353086 1.32513 -0.705783 0.353086 1.43804 -0.571215 0.353086 1.497848 -0.4061278 0.353086 1.497424 -0.2304354 0.353086 1.43636 -0.06530751 0.353086 1.326994 0.06905591 0.353086 1.183145 0.1564133 0.359504 1.1783 -0.808177 0.359504 1.33509 -0.717653 0.359504 1.45146 -0.578963 0.359504 1.513309 -0.4088294 0.359504 1.513181 -0.227773 0.359504 1.450175 -0.05758317 0.359504 1.33735 0.0809032 0.359504 1.189404 0.1709192 0.375 1.18049 -0.814208 0.375 1.33921 -0.72257 0.375 1.45702 -0.582172 0.375 1.51971 -0.409949 0.375 1.51971 -0.226671 0.375 1.455884 -0.05438277 0.375 1.341618 0.08581167 0.375 1.191981 0.176928 0.390496 1.1783 -0.808177 0.390496 1.33509 -0.717653 0.390496 1.45146 -0.578963 0.390496 1.513309 -0.4088294 0.390496 1.513181 -0.227773 0.390496 1.450175 -0.05758317 0.390496 1.33735 0.0809032 0.390496 1.189404 0.1709192 0.396914 1.173 -0.793616 0.396914 1.32513 -0.705783 0.396914 1.43804 -0.571215 0.396914 1.497848 -0.4061278 0.396914 1.497424 -0.2304354 0.396914 1.43636 -0.06530751 0.396914 1.326994 0.06905591 0.396914 1.183145 0.1564133 0.390496 1.1677 -0.779055 0.390496 1.31517 -0.693913 0.390496 1.42462 -0.563468 0.390496 1.482378 -0.4034247 0.390496 1.481675 -0.2330984 0.390496 1.422499 -0.07303017 0.390496 1.316586 0.05721168 0.390496 1.176852 0.1419093 -0.359504 1.1677 -0.779055 -0.375 1.1655 -0.773023 -0.359504 1.31517 -0.693913 -0.375 1.31104 -0.688996 -0.359504 1.42462 -0.563468 -0.375 1.41907 -0.560258 -0.359504 1.482378 -0.4034247 -0.375 1.475958 -0.4023046 -0.359504 1.481675 -0.2330984 -0.375 1.475145 -0.2342009 -0.359504 1.422499 -0.07303017 -0.375 1.416753 -0.0762279 -0.359504 1.316586 0.05721168 -0.375 1.312254 0.05230624 -0.359504 1.176852 0.1419093 -0.375 1.17423 0.1359025 -0.353086 1.173 -0.793616 -0.353086 1.32513 -0.705783 -0.353086 1.43804 -0.571215 -0.353086 1.497848 -0.4061278 -0.353086 1.497424 -0.2304354 -0.353086 1.43636 -0.06530751 -0.353086 1.326994 0.06905591 -0.353086 1.183145 0.1564133 -0.359504 1.1783 -0.808177 -0.359504 1.33509 -0.717653 -0.359504 1.45146 -0.578963 -0.359504 1.513309 -0.4088294 -0.359504 1.513181 -0.227773 -0.359504 1.450175 -0.05758317 -0.359504 1.33735 0.0809032 -0.359504 1.189404 0.1709192 -0.375 1.18049 -0.814208 -0.375 1.33921 -0.72257 -0.375 1.45702 -0.582172 -0.375 1.51971 -0.409949 -0.375 1.51971 -0.226671 -0.375 1.455884 -0.05438277 -0.375 1.341618 0.08581167 -0.375 1.191981 0.176928 -0.390496 1.1783 -0.808177 -0.390496 1.33509 -0.717653 -0.390496 1.45146 -0.578963 -0.390496 1.513309 -0.4088294 -0.390496 1.513181 -0.227773 -0.390496 1.450175 -0.05758317 -0.390496 1.33735 0.0809032 -0.390496 1.189404 0.1709192 -0.396914 1.173 -0.793616 -0.396914 1.32513 -0.705783 -0.396914 1.43804 -0.571215 -0.396914 1.497848 -0.4061278 -0.396914 1.497424 -0.2304354 -0.396914 1.43636 -0.06530751 -0.396914 1.326994 0.06905591 -0.396914 1.183145 0.1564133 -0.390496 1.1677 -0.779055 -0.390496 1.31517 -0.693913 -0.390496 1.42462 -0.563468 -0.390496 1.482378 -0.4034247 -0.390496 1.481675 -0.2330984 -0.390496 1.422499 -0.07303017 -0.390496 1.316586 0.05721168 -0.390496 1.176852 0.1419093 -0.375 1.309622 -0.1545846 -0.358762 1.305128 -0.1464762 -0.358762 1.296169 -0.1302624 -0.375 1.291715 -0.122157 -0.391238 1.296169 -0.1302624 -0.391238 1.305128 -0.1464762 -0.375 1.436839 -0.0850669 -0.358762 1.432187 -0.0769501 -0.358762 1.422935 -0.06071945 -0.375 1.418345 -0.0526056 -0.391238 1.422935 -0.06071945 -0.391238 1.432187 -0.0769501 0.375 1.309622 -0.1545846 0.358762 1.305128 -0.1464762 0.358762 1.296169 -0.1302624 0.375 1.291715 -0.122157 0.391238 1.296169 -0.1302624 0.391238 1.305128 -0.1464762 0.375 1.436839 -0.0850669 0.358762 1.432187 -0.0769501 0.358762 1.422935 -0.06071945 0.375 1.418345 -0.0526056 0.391238 1.422935 -0.06071945 0.391238 1.432187 -0.0769501 -0.28125 0.999512 -0.544922 -0.46875 0.999512 -0.544922 -0.46875 0.999512 -0.888672 -0.28125 0.999512 -0.888672 -0.28125 1.01514 -0.544922 -0.46875 1.01514 -0.544922 -0.46875 1.01514 -0.888672 -0.28125 1.01514 -0.888672 0.28125 0.999512 -0.544922 0.46875 0.999512 -0.544922 0.46875 0.999512 -0.888672 0.28125 0.999512 -0.888672 0.28125 1.01514 -0.544922 0.46875 1.01514 -0.544922 0.46875 1.01514 -0.888672 0.28125 1.01514 -0.888672 0.4464645 0.1172708 0.360911 0.4339683 0.1197187 0.3717518 0.4330193 0.1243782 0.3878026 0.4441728 0.1285197 0.3996606 0.4608976 0.129717 0.4003781 0.4733953 0.1272691 0.3895367 0.4743427 0.1226096 0.3734864 0.4631877 0.1184681 0.361629 -0.3658388 0.9133839 0.0497672 -0.3490303 0.9042599 0.05009324 -0.3475625 0.8881724 0.05074531 -0.36285 0.881561 0.05107134 -0.3796319 0.890861 0.05074531 -0.3811529 0.9065962 0.05009324 -0.3626875 0.9352639 0.1789501 -0.3456219 0.9266934 0.1791305 -0.3436401 0.9117126 0.1794912 -0.3586706 0.9056546 0.1796715 -0.3757095 0.9144012 0.1794912 -0.3777446 0.9290297 0.1791305 -0.2450948 0.4299311 0.03510776 -0.2383215 0.459658 0.05503552 -0.2411349 0.4472653 0.03976814 -0.2364657 0.4623493 0.07516061 -0.2373927 0.454813 0.09209654 -0.3406566 0.4352023 0.06062086 -0.3238777 0.4894073 0.07516061 -0.3305361 0.4678971 0.1000053 -0.3285469 0.4743233 0.03976814 -0.3248001 0.4864272 0.05503552 -0.3356928 0.451238 0.09545965 -0.3260577 0.4823645 0.09231697 -0.3384203 0.4424269 0.04335876 -0.3337599 0.4574825 0.0353282 0.2390267 0.435478 0.07944047 0.2496982 0.4663625 0.09929209 0.2431504 0.4547985 0.08412573 0.2551268 0.4658697 0.1195273 0.2584528 0.4533913 0.1367044 0.3319868 0.3997028 0.08843916 0.3412897 0.4621774 0.105604 0.3472594 0.4300794 0.1290007 0.3289517 0.4511062 0.07032609 0.3347585 0.4627096 0.08582827 0.3443911 0.410774 0.1236945 0.3460669 0.4497142 0.1220932 0.3272223 0.4121661 0.07194564 0.3260707 0.4318008 0.06502423 -0.3395868 0.4386583 0.08046911 0.3385511 0.3991706 0.1082036 0.3756643 0.9095094 0.05643801 0.3596987 0.9013972 0.05774943 0.35984 0.8848777 0.05955622 0.375881 0.8764226 0.05991848 0.3918137 0.8845109 0.05854051 0.3917383 0.9010783 0.05686683 0.3850919 0.9296303 0.1847669 0.3698303 0.9219279 0.1858852 0.3714996 0.9062283 0.1872647 0.3883844 0.8981831 0.187386 0.4036229 0.9058614 0.1861978 0.4019998 0.9216091 0.1849581 -0.4208994 0.2974181 0.3442638 -0.4049645 0.2964923 0.3494076 -0.3961008 0.3034227 0.3618272 -0.399499 0.3141488 0.3742469 -0.4131702 0.3223874 0.3793907 -0.429105 0.3233132 0.3742469 -0.4379687 0.3163828 0.3618272 -0.4345705 0.3056567 0.3494076 -0.2397883 0.8837833 -0.02597799 -0.2426214 0.9109383 0.004213649 -0.2417125 0.9017446 -0.01465109 -0.2408461 0.9080739 0.02358747 -0.238169 0.8944924 0.03576936 -0.3289824 0.8591823 -0.01237146 -0.3314944 0.9137323 0.02358747 -0.3284988 0.8832153 0.03675569 -0.3323607 0.907403 -0.01465109 -0.332352 0.9162046 0.004213649 -0.327681 0.8664481 0.02562054 -0.3300067 0.9011662 0.03600821 -0.330387 0.8719273 -0.02483928 -0.3316261 0.890457 -0.02573915 0.2430091 0.8911882 -0.01490172 0.2477888 0.9164444 0.01303804 0.2455444 0.9079081 -0.005153048 0.2480067 0.9137537 0.03289503 0.2476088 0.9009933 0.04649048 0.3342015 0.8587811 -0.001235173 0.3383907 0.9129816 0.03077892 0.339212 0.8820028 0.0463497 0.3358353 0.9071359 -0.007237325 0.3372301 0.9157258 0.01108342 0.33804 0.8653204 0.03642289 0.3391945 0.9001263 0.04423611 0.3336428 0.8717688 -0.01476077 0.3344183 0.8903211 -0.01709572 -0.3279072 0.8571783 0.006879084 0.3360037 0.8563837 0.01828124 -0.4194161 0.1701111 0.1814174 -0.4299143 0.1675691 0.1739821 -0.4868203 0.1851842 0.1739821 -0.4940474 0.1932129 0.1814174 -0.4807864 0.236053 0.2416849 -0.4702873 0.2385946 0.2491201 -0.4133813 0.2209796 0.2491201 -0.4061551 0.2129511 0.2416849 0.3427523 0.06114723 0.1906939 0.3484383 0.05813843 0.1793117 0.4045586 0.0557347 0.159869 0.4163556 0.05799479 0.1651943 0.4411281 0.0793488 0.2329049 0.4354408 0.08235764 0.2442875 0.3793022 0.08476136 0.2637365 0.3675057 0.08250124 0.258411 0.3756976 1.017305 0.1652962 0.3602468 1.018069 0.1716932 0.3539162 1.019892 0.1870768 0.3604134 1.021707 0.2024348 0.3759347 1.02245 0.2087696 0.3913866 1.021686 0.2023723 0.3977161 1.019862 0.186989 0.3912179 1.018048 0.1716315 -0.3740907 1.017719 0.1648503 -0.3585949 1.018401 0.1712195 -0.3521537 1.020203 0.1865978 -0.3585389 1.02207 0.201976 -0.3740115 1.022908 0.2083452 -0.3895073 1.022226 0.201976 -0.3959484 1.020423 0.1865978 -0.3895633 1.018557 0.1712195 -0.4133554 1.002763 0.03783521 -0.4040676 1.003814 0.04704169 -0.4042371 0.992715 -0.04599568 -0.4134913 0.99386 -0.0367892 -0.3354258 0.9934669 -0.0367892 -0.3447124 0.9924153 -0.04599568 -0.344543 1.003515 0.04704169 -0.3352898 1.00237 0.03783521 0.414031 1.002255 0.03826983 0.4048126 1.00335 0.04748914 0.4042996 0.9923454 -0.04550027 0.413618 0.9934279 -0.0363156 0.3355803 0.9934815 -0.03617186 0.3447973 0.9923862 -0.04539106 0.3452985 1.003391 0.04760241 0.3359808 1.002308 0.03841784 0.4249585 0.07981292 0.214664 0.3638702 0.07144989 0.2215241 0.3720565 0.07032859 0.2453453 0.406373 0.07296607 0.2181552 0.4099423 0.06603952 0.1737269 0.3878296 0.05327394 0.2027861 0.4202717 0.06994143 0.2326568 -0.4771112 0.2165498 0.2262766 -0.4240469 0.1865237 0.1950489 -0.4807494 0.2047965 0.1961714 -0.4577942 0.2076166 0.2143155 -0.4207881 0.1970515 0.2298463 -0.4392997 0.2131812 0.2288088 -0.4498576 0.2269834 0.2343815 -0.4387696 0.1937311 0.2040496 -0.4639853 0.1856123 0.1910665 -0.4384184 0.1702015 0.1739821 0.4422767 0.1213099 0.3755 0.4578355 0.1242895 0.3825185 0.4564204 0.1264096 0.3730941 0.4531731 0.1199699 0.3908214 -0.4251844 0.3051312 0.3581432 -0.4134183 0.3141719 0.3615545 -0.2381174 0.8641438 -0.02483928 -0.2368484 0.8505022 -0.01237146 -0.235825 0.8481557 0.006879084 -0.235547 0.8577681 0.02562054 -0.2362292 0.8754318 0.03675568 0.2432413 0.8728155 -0.01194886 0.2439505 0.8599483 0.001915513 0.2457519 0.857597 0.02158125 0.2476483 0.8664877 0.03962169 0.2486064 0.8830494 0.04923141 -0.2504763 0.4152042 0.04335877 -0.2527126 0.4079796 0.06062086 -0.2516428 0.4114356 0.08046911 -0.2477488 0.4240152 0.09545965 -0.2425921 0.4406743 0.1000054 0.2411902 0.415871 0.08724553 0.2458356 0.4034078 0.1044393 0.2522381 0.4028756 0.124511 0.2579238 0.414479 0.1398027 0.2606926 0.4337844 0.1444834 0.01381493 0.87646 0.04481938 0.01234117 0.8953029 0.04265674 0.009248942 0.8850677 -0.01893508 0.01020212 0.8657269 -0.01659346 0.011193 0.8521494 -0.003214582 0.01260211 0.8496692 0.01633204 0.01368307 0.8590328 0.0346519 0.01916515 0.4433283 0.1230535 0.005599787 0.4221037 0.0658212 0.0041677 0.4047418 0.07438086 0.005484399 0.3947653 0.0919717 0.009271361 0.3961262 0.1120973 0.01402622 0.408193 0.1271423 0.01787667 0.4262422 0.1314333 -0.1142349 0.4314997 0.09884543 -0.1232153 0.4074151 0.04180357 -0.1275121 0.3918966 0.05005471 -0.1289815 0.384078 0.06738776 -0.1273252 0.3870818 0.08729589 -0.1232454 0.3995507 0.1022982 -0.1183706 0.4165098 0.1067889 0.1598791 0.4558053 0.1485889 0.1414773 0.4375977 0.09115563 0.143067 0.4182914 0.1000407 0.1473226 0.4060386 0.1179035 0.1533571 0.4056665 0.1382586 0.158824 0.4173092 0.1533486 0.161594 0.4365082 0.1574288 0.1365481 0.8828886 0.05093693 0.1353268 0.9008158 0.04790193 0.1311128 0.8909416 -0.01357144 0.1316269 0.8725767 -0.01033776 0.1325053 0.8596986 0.003732308 0.1342446 0.8573653 0.02350356 0.1358971 0.8662917 0.04150356 -0.1220896 0.889277 0.03692342 -0.1239558 0.8786472 -0.02479787 -0.1225227 0.8582396 -0.02343133 -0.1214087 0.8438977 -0.01080795 -0.1203606 0.8412568 0.00849314 -0.1199044 0.8510983 0.02716261 -0.12034 0.8694329 0.03813253 -0.3331529 0.8759946 0.05214923 -0.3919094 0.8813736 0.05214923 -0.4013618 0.880501 0.04310386 -0.403802 0.8666373 -0.03021459 -0.3949517 0.8640892 -0.03925996 -0.3361951 0.8587102 -0.03925996 -0.3267438 0.8595828 -0.03021459 -0.3243036 0.8734466 0.04310386 -0.3655734 0.8613997 -0.03925996 -0.355462 0.7541721 -0.0337776 -0.387394 0.7593978 -0.0337776 -0.3959156 0.763088 -0.02486337 -0.3916 0.7809897 0.04739213 -0.3820136 0.7817165 0.05630636 -0.3238823 0.7722034 0.05630636 -0.3153618 0.7685133 0.04739213 -0.3196774 0.7506116 -0.02486337 -0.3292627 0.7498846 -0.0337776 -0.309972 0.6009456 -0.01751377 -0.3030806 0.6243932 0.05328184 -0.3111496 0.6296518 0.06201595 -0.3684222 0.6448431 0.06201595 -0.3781926 0.6443163 0.05328184 -0.385084 0.6208687 -0.01751377 -0.377014 0.6156099 -0.02624789 -0.3416749 0.6062364 -0.02624789 -0.3197414 0.6004186 -0.02624789 -0.3579375 0.4625335 0.01943012 -0.3972052 0.4746887 0.01943012 -0.4049424 0.4810698 0.02782398 -0.3958155 0.5105543 0.09586155 -0.3858265 0.5114482 0.1042554 -0.3289204 0.4938332 0.1042554 -0.3211843 0.4874524 0.09586155 -0.3303111 0.4579679 0.02782398 -0.3402992 0.4570736 0.01943012 -0.3907352 0.3434019 0.08241343 -0.4337253 0.3567093 0.08241343 -0.4412546 0.3637618 0.09041663 -0.430443 0.398689 0.1552877 -0.4202461 0.4002544 0.163291 -0.36334 0.3826394 0.163291 -0.3558118 0.3755872 0.1552877 -0.3666233 0.34066 0.09041663 -0.3768193 0.3390942 0.08241343 -0.4644495 0.2574536 0.135401 -0.4183278 0.2431768 0.135401 -0.4075435 0.2398386 0.135401 -0.3971727 0.2419692 0.1430756 -0.3849437 0.2814753 0.2052828 -0.3922972 0.2890924 0.2129573 -0.4492032 0.3067075 0.2129573 -0.459575 0.3045771 0.2052828 -0.4718039 0.2650711 0.1430756 0.4052269 0.8879585 0.05872742 0.3465511 0.8886132 0.0605405 0.3366224 0.8872247 0.0518276 0.3302113 0.875144 -0.02108468 0.3385285 0.8735516 -0.03035218 0.3970145 0.872897 -0.03210038 0.4069393 0.8742854 -0.02338582 0.41355 0.8863662 0.04945819 0.4056943 0.7577673 0.07140708 0.3479643 0.7591145 0.07513801 0.3373463 0.7573809 0.06695727 0.3241537 0.7416287 -0.004062451 0.3314557 0.7394756 -0.01338445 0.3887951 0.7381284 -0.01698184 0.399404 0.739862 -0.008797697 0.4130074 0.7556142 0.06208155 0.4123979 0.6087418 0.07626125 0.4062193 0.6115249 0.08565002 0.3495518 0.6136499 0.09153525 0.3381594 0.6115287 0.08395227 0.3173492 0.5916524 0.01505845 0.3235109 0.5888693 0.005675236 0.3795623 0.5867443 0 0.3909396 0.5888655 0.007589 0.4134347 0.4437264 0.1279152 0.3571838 0.4461301 0.1376685 0.3454833 0.44387 0.1307943 0.3216499 0.422516 0.06276262 0.3273867 0.4195072 0.05287895 0.383105 0.4171035 0.04330776 0.3947926 0.4193636 0.05018655 0.4191863 0.4407176 0.1180266 0.4277201 0.3001712 0.162706 0.4219935 0.30318 0.1731757 0.3657862 0.3055837 0.1866998 0.3540484 0.3033236 0.180428 0.3298572 0.2819696 0.1125187 0.3355742 0.2789608 0.1020522 0.3914489 0.2765571 0.08864167 0.403179 0.2788172 0.09491628 0.4362334 0.1599609 0.2072785 0.4305318 0.1629697 0.2183279 0.3743681 0.1653734 0.235614 0.362593 0.1631133 0.229943 0.3380449 0.1417593 0.1621557 0.3437422 0.1387505 0.1511078 0.3997729 0.1363468 0.1338672 0.4115454 0.1386068 0.139539 0.4048907 0.9120755 0.2105264 0.3901076 0.9132814 0.2172496 0.3742024 0.9124194 0.2115356 0.3665042 0.9099941 0.1967259 0.3715094 0.9074265 0.1815005 0.3862759 0.9062206 0.1747829 0.4021647 0.9070825 0.1805026 0.4098794 0.9095078 0.1953067 0.4196012 0.7926736 0.2194089 0.4055467 0.7943608 0.2264872 0.3892232 0.7933688 0.2214494 0.3802167 0.7902783 0.2072369 0.3837781 0.7868998 0.192184 0.3977993 0.7852126 0.185117 0.4140894 0.7862045 0.1901663 0.4231292 0.789295 0.2043674 0.4384755 0.650062 0.2148616 0.4366392 0.6543796 0.2296968 0.4234285 0.6566245 0.2371864 0.4066207 0.655482 0.2329318 0.3960989 0.6516209 0.219411 0.397988 0.6473033 0.2045578 0.4111458 0.6450584 0.1970863 0.4279009 0.6462009 0.2013589 0.4514193 0.4835373 0.2562944 0.4502652 0.4881968 0.2713679 0.4374603 0.4906446 0.2797852 0.4205391 0.4894474 0.2766059 0.4094463 0.4853058 0.2636797 0.4106462 0.4806463 0.2485906 0.4234053 0.4781985 0.2401889 0.4402807 0.4793958 0.2433839 0.4587715 0.3554622 0.3148256 0.4460796 0.3579101 0.3241344 0.4292307 0.3567128 0.3218604 0.4181155 0.3525712 0.3093271 0.4192231 0.3479117 0.2938843 0.4318855 0.3454639 0.2845856 0.4487049 0.3466612 0.2868696 0.4598496 0.3508027 0.2993929 0.4682867 0.2179614 0.3425261 0.4672847 0.2226209 0.3583183 0.4547058 0.2250687 0.3685192 0.4379291 0.2238715 0.3671514 0.4267917 0.2197299 0.3550112 0.4278069 0.2150704 0.3392145 0.4403726 0.2126226 0.329018 0.457136 0.2138198 0.3303904 -0.3575782 0.9108434 0.210586 -0.3730709 0.9110422 0.2043261 -0.3798966 0.9087739 0.1892119 -0.3740584 0.9053675 0.1740976 -0.3589746 0.9028185 0.1678377 -0.3434819 0.9026197 0.1740976 -0.3366563 0.9048881 0.1892119 -0.3424945 0.9082944 0.2043261 -0.3594371 0.8188166 0.2062755 -0.3665818 0.8161617 0.1913802 -0.3611972 0.8114784 0.1764849 -0.3464361 0.8075099 0.1703157 -0.3309459 0.8065807 0.1764849 -0.3238013 0.8092355 0.1913802 -0.3291858 0.8139189 0.2062755 -0.343947 0.8178874 0.2124447 -0.340728 0.692259 0.2089506 -0.3483104 0.6890736 0.1943558 -0.3435484 0.6826379 0.179761 -0.3292299 0.6767216 0.1737162 -0.3137432 0.67479 0.179761 -0.3061609 0.6779752 0.1943558 -0.3109229 0.684411 0.2089506 -0.3252414 0.6903274 0.2149954 -0.3529265 0.5694104 0.2450037 -0.3609349 0.5652431 0.2309765 -0.3566814 0.5572802 0.2169493 -0.3426559 0.550186 0.2111396 -0.3270754 0.5481157 0.2169493 -0.319067 0.552283 0.2309765 -0.3233205 0.5602459 0.2450037 -0.337346 0.5673402 0.2508133 -0.382497 0.4738821 0.2951724 -0.3908374 0.4686422 0.2817692 -0.3869159 0.4596067 0.2683661 -0.373028 0.4520683 0.2628148 -0.3573098 0.4504423 0.2683661 -0.3489694 0.4556821 0.2817692 -0.352891 0.4647176 0.2951724 -0.3667789 0.4722561 0.3007236 -0.4109642 0.3819178 0.3434694 -0.4196243 0.3756454 0.330667 -0.4160223 0.3655773 0.3178645 -0.4022668 0.3576112 0.3125621 -0.3864163 0.3564129 0.3178645 -0.3777563 0.3626853 0.330667 -0.3813582 0.3727533 0.3434694 -0.3951137 0.3807195 0.3487718 -0.377682 0.9025633 0.1147475 -0.3794586 0.9177484 0.1142403 -0.3642722 0.9242609 0.1139867 -0.3473359 0.9154121 0.1142403 -0.3456126 0.8998747 0.1147475 -0.3607723 0.8935384 0.1150011 0.365871 0.8959213 0.1256137 0.3649393 0.9120167 0.1240279 0.3805408 0.919917 0.1228164 0.3970461 0.9116979 0.1231223 0.3979221 0.8955545 0.1245715 0.3823484 0.8876782 0.1258514 -0.391238 1.359689 -0.09570282 -0.391238 1.368793 -0.111925 -0.375 1.373366 -0.1200376 -0.358762 1.368793 -0.111925 -0.358762 1.359689 -0.09570282 -0.375 1.355167 -0.08759321 0.358762 1.349953 -0.1010364 0.358762 1.359035 -0.1172573 0.375 1.363596 -0.1253692 0.391238 1.359035 -0.1172573 0.391238 1.349953 -0.1010364 0.375 1.345442 -0.09292746 0.358762 1.373153 -0.5245195 0.358762 1.364058 -0.5409185 0.375 1.359513 -0.549118 0.391238 1.364058 -0.5409185 0.391238 1.373153 -0.5245195 0.375 1.377592 -0.5163143 -0.391238 1.371466 -0.5235843 -0.391238 1.362371 -0.5399833 -0.375 1.357826 -0.5481828 -0.358762 1.362371 -0.5399833 -0.358762 1.371466 -0.5235843 -0.375 1.375889 -0.515378</float_array>
          <technique_common>
            <accessor source="#Geometry-mesh064-positions-array" count="835" stride="3">
              <param name="X" type="float"/>
              <param name="Y" type="float"/>
              <param name="Z" type="float"/>
            </accessor>
          </technique_common>
        </source>
        <source id="Geometry-mesh064-normals" name="Geometry-mesh064-normals">
          <float_array id="Geometry-mesh064-normals-array" count="8376">-0.9945074 0.104667 0 -0.9883209 0.152387 0 -0.9931757 0.116628 0 -0.9967372 0.08071602 0 -0.9967372 0.08071602 0 -5.52e-4 -0.2419979 0.9702767 -0.001661999 0.4066499 0.9135827 -0.001659001 0.2058111 0.9785904 0.1736682 0.3584726 0.9172441 -0.9945074 0.104667 0 -0.9883209 0.152387 0 -0.9931757 0.116628 0 -0.9967372 0.08071602 0 -0.9967372 0.08071602 0 -5.52e-4 -0.2419979 0.9702767 -0.001661999 0.4066499 0.9135827 -0.001659001 0.2058111 0.9785904 0.02933256 0.1341459 0.9905273 -0.9999999 0 0 -0.9999999 0 0 -0.866024 -0.242406 -0.437312 -0.866024 0.242406 0.437312 0.38412 0.9107941 -0.151347 0.924257 0.379213 -0.04412 0.9003411 0.3768811 -0.217593 0.306312 0.842694 -0.442764 0.4378088 -0.8803036 0.1827269 0.3063099 -0.8047917 0.5084138 0.9003411 -0.3768811 0.217593 0.9527833 -0.2990381 0.05272902 -0.3841208 -0.9107936 0.1513479 -0.9242582 -0.3792101 0.04412001 -0.9003411 -0.3768811 0.217593 -0.30631 -0.8426941 0.4427651 -0.4378069 0.8803048 -0.182726 -0.306312 0.8047909 -0.5084139 -0.9003411 0.3768811 -0.217593 -0.9527826 0.2990399 -0.05272898 -0.30631 -0.8426941 0.4427651 0.3063099 -0.8047917 0.5084138 0.4378088 -0.8803036 0.1827269 -0.3841208 -0.9107936 0.1513479 -0.4378069 0.8803048 -0.182726 0.38412 0.9107941 -0.151347 0.306312 0.842694 -0.442764 -0.306312 0.8047909 -0.5084139 0.9003411 -0.3768811 0.217593 0.9003411 0.3768811 -0.217593 0.924257 0.379213 -0.04412 0.9527833 -0.2990381 0.05272902 -0.9003411 0.3768811 -0.217593 -0.9003411 -0.3768811 0.217593 -0.9242582 -0.3792101 0.04412001 -0.9527826 0.2990399 -0.05272898 -0.4378069 0.8803048 -0.182726 -0.306312 0.8047909 -0.5084139 -0.9003411 0.3768811 -0.217593 -0.9527826 0.2990399 -0.05272898 -0.3841208 -0.9107936 0.1513479 -0.9242582 -0.3792101 0.04412001 -0.9003411 -0.3768811 0.217593 -0.30631 -0.8426941 0.4427651 0.4378088 -0.8803036 0.1827269 0.3063099 -0.8047917 0.5084138 0.9003411 -0.3768811 0.217593 0.9527833 -0.2990381 0.05272902 0.38412 0.9107941 -0.151347 0.924257 0.379213 -0.04412 0.9003411 0.3768811 -0.217593 0.306312 0.842694 -0.442764 0.4378088 -0.8803036 0.1827269 -0.3841208 -0.9107936 0.1513479 -0.30631 -0.8426941 0.4427651 0.3063099 -0.8047917 0.5084138 0.306312 0.842694 -0.442764 -0.306312 0.8047909 -0.5084139 -0.4378069 0.8803048 -0.182726 0.38412 0.9107941 -0.151347 -0.9242582 -0.3792101 0.04412001 -0.9527826 0.2990399 -0.05272898 -0.9003411 0.3768811 -0.217593 -0.9003411 -0.3768811 0.217593 0.924257 0.379213 -0.04412 0.9527833 -0.2990381 0.05272902 0.9003411 -0.3768811 0.217593 0.9003411 0.3768811 -0.217593 -0.6657022 -0.7329882 0.139889 -0.7086899 -0.6109979 0.352761 0 -0.8660249 0.500001 0.08250903 -0.9869393 0.138359 -0.9981998 -0.05636099 0.02051399 -0.9964805 0.04191302 -0.07259604 -0.748857 -0.444828 0.491265 -0.7086899 -0.6109979 0.352761 -0.9964805 0.04191302 -0.07259604 -0.708587 0.440421 -0.551302 -0.748856 0.203034 -0.630866 -0.9964806 -0.04191199 0.07259398 -0.748856 0.203034 -0.630866 0 0.3420199 -0.9396927 -0.134734 0.172065 -0.9758281 -0.7032682 0.123451 -0.7001242 0 0.3420199 0.9396927 -0.7488562 0.2499791 0.6137791 -0.5994329 0.138992 0.7882649 0.134734 0.172065 0.9758281 0.708587 0.440421 0.551302 -0.05905099 0.660718 0.7483079 0 0.3420199 0.9396927 0.748856 0.203034 0.630866 1 0 0 0.6657029 0.6514189 0.363996 0.708587 0.440421 0.551302 0.9964805 0.04191302 0.07259504 0.9981996 -0.05997898 0 1 0 0 0.7643677 -0.5655608 -0.3096499 0.6053088 -0.7838977 -0.138223 0.08250903 -0.9869393 0.138359 0.7085872 -0.6917522 0.139224 0.6053088 -0.7838977 -0.138223 -0.08250903 -0.9869393 -0.138359 0.7085872 -0.6917522 0.139224 0.08250903 -0.9869393 0.138359 0 -0.8660249 0.500001 0.7643673 -0.5655613 0.3096502 1 0 0 0.7643673 -0.5655613 0.3096502 0.70869 -0.453499 0.5404601 0.9964805 0.04191302 -0.07259604 0.7488562 0.2499791 -0.6137791 0.7643666 0.4255478 -0.4844097 0.9964805 0.04191302 -0.07259604 0.9964806 -0.04191199 0.07259398 0 0.3420199 -0.9396927 0.7488562 0.2499791 -0.6137791 0.5994329 0.138992 -0.7882649 -0.134734 0.172065 -0.9758281 0.748856 0.203034 0.630866 0 0.3420199 0.9396927 0.134734 0.172065 0.9758281 0.7032682 0.123451 0.7001242 -0.7488562 0.2499791 0.6137791 0 0.3420199 0.9396927 -0.05905099 0.660718 0.7483079 -0.7643666 0.4255478 0.4844097 -1 0 0 -0.9964805 0.04191302 0.07259504 -0.7643666 0.4255478 0.4844097 -0.6657029 0.6514189 0.363996 -0.7643677 -0.5655608 -0.3096499 -1 0 0 -0.9981998 0.05997698 0 -0.708587 -0.691752 -0.139225 -0.6657022 -0.7329882 0.139889 0.08250903 -0.9869393 0.138359 -0.08250903 -0.9869393 -0.138359 -0.708587 -0.691752 -0.139225 -0.4956371 -0.4152761 0.7628168 -0.4956371 -0.4152761 0.7628168 -0.9449106 -0.1636639 0.2834749 0 -0.5000002 0.8660254 0.4964912 0.4134231 -0.7632678 0.4964912 0.4134231 -0.7632678 0.7559257 0.3273289 -0.5669498 -0.1889789 0.4909908 -0.8504206 0 0 1 0 0 1 0 0 1 0 0 1 0 0 1 0 0 1 -0.3977863 0.9058906 -0.1453556 0.1889831 0.9819804 0 -0.7559297 0.6546528 0 -0.3977863 0.9058906 -0.1453556 0 0.8676043 0.4972552 0 1 0 0 1 0 -7.47e-4 0.7388302 0.6738912 -0.4565471 0.8834561 -0.1052148 -0.4565471 0.8834561 -0.1052148 -0.1889831 0.9819804 0 -0.9449115 0.3273261 0 -0.001654 0.41256 -0.910929 0 0.8676043 -0.4972552 -7.36e-4 0.74318 -0.669091 -0.001655999 0.2037689 -0.9790176 0.9967372 0.08071602 0 0.9967372 0.08071602 0 0.9945074 0.104667 0 0.9883209 0.152387 0 0.9931757 0.116628 0 -0.08132211 0.3139799 0.9459404 -0.08132211 0.3139799 0.9459404 -0.603747 0 0.797176 0.1367731 0 0.9906025 0.4835546 0.2848716 0.8276612 0.4835546 0.2848716 0.8276612 -0.1367731 0 0.9906025 0.603747 0 0.797176 -0.9233618 0.04470899 0.3813189 -0.3827432 0.08520304 0.9199174 -0.4378082 0.3328131 0.8352003 -0.9527829 0.103855 0.28534 0.9236649 0.033525 0.3817319 0.9527829 0.103855 0.28534 0.437808 0.281906 0.853729 0.3821561 0.08066702 0.9205703 0.7238665 0.09083509 0.6839344 0.7238665 0.09083509 0.6839344 0.7399727 0.09153007 0.6663803 0.7399727 0.09153007 0.6663803 -0.4629764 0.2682553 0.8448029 -0.4629764 0.2682553 0.8448029 -0.8628564 0 0.5054492 -0.2527251 0 0.9675382 -0.4982528 -0.419133 -0.7589937 0 -0.4848102 -0.8746194 -0.866024 -0.242406 -0.437312 -0.4982528 -0.419133 -0.7589937 0.9003411 0.3768811 -0.217593 0.9527828 0.195184 -0.2326119 0.4378081 0.5983971 -0.671003 0.306312 0.842694 -0.442764 0.9003411 -0.3768811 0.217593 0.3063099 -0.8047917 0.5084138 0.437808 -0.556898 0.705825 0.952783 -0.195184 0.232611 -0.9003411 -0.3768811 0.217593 -0.952783 -0.195184 0.232611 -0.4378081 -0.5983971 0.671003 -0.30631 -0.8426941 0.4427651 -0.9003411 0.3768811 -0.217593 -0.306312 0.8047909 -0.5084139 -0.3841199 0.5864669 -0.7130978 -0.9242571 0.227815 -0.306348 -0.4378081 -0.5983971 0.671003 0.437808 -0.556898 0.705825 0.3063099 -0.8047917 0.5084138 -0.30631 -0.8426941 0.4427651 -0.306312 0.8047909 -0.5084139 0.306312 0.842694 -0.442764 0.4378081 0.5983971 -0.671003 -0.3841199 0.5864669 -0.7130978 0.952783 -0.195184 0.232611 0.9527828 0.195184 -0.2326119 0.9003411 0.3768811 -0.217593 0.9003411 -0.3768811 0.217593 -0.9242571 0.227815 -0.306348 -0.952783 -0.195184 0.232611 -0.9003411 -0.3768811 0.217593 -0.9003411 0.3768811 -0.217593 -0.9003411 0.3768811 -0.217593 -0.306312 0.8047909 -0.5084139 -0.3841199 0.5864669 -0.7130978 -0.9242571 0.227815 -0.306348 -0.9003411 -0.3768811 0.217593 -0.952783 -0.195184 0.232611 -0.4378081 -0.5983971 0.671003 -0.30631 -0.8426941 0.4427651 0.9003411 -0.3768811 0.217593 0.3063099 -0.8047917 0.5084138 0.437808 -0.556898 0.705825 0.952783 -0.195184 0.232611 0.9003411 0.3768811 -0.217593 0.9527828 0.195184 -0.2326119 0.4378081 0.5983971 -0.671003 0.306312 0.842694 -0.442764 0.3063099 -0.8047917 0.5084138 -0.30631 -0.8426941 0.4427651 -0.4378081 -0.5983971 0.671003 0.437808 -0.556898 0.705825 0.4378081 0.5983971 -0.671003 -0.3841199 0.5864669 -0.7130978 -0.306312 0.8047909 -0.5084139 0.306312 0.842694 -0.442764 -0.9003411 -0.3768811 0.217593 -0.9003411 0.3768811 -0.217593 -0.9242571 0.227815 -0.306348 -0.952783 -0.195184 0.232611 0.9003411 0.3768811 -0.217593 0.9003411 -0.3768811 0.217593 0.952783 -0.195184 0.232611 0.9527828 0.195184 -0.2326119 0 -0.8660249 0.500001 -0.7086899 -0.6109979 0.352761 -0.748857 -0.444828 0.491265 -0.08250906 -0.6132914 0.7855355 -0.748857 -0.444828 0.491265 -0.9964805 0.04191302 -0.07259604 -0.9964806 -0.04191199 0.07259398 -0.7085871 -0.25723 0.6570671 -0.748856 0.203034 -0.630866 -0.7032682 0.123451 -0.7001242 -1 0 0 -0.9964806 -0.04191199 0.07259398 -0.7488562 0.2499791 0.6137791 -0.9906024 -0.04677901 -0.128525 -0.9903142 0.02411001 0.136735 -0.5994329 0.138992 0.7882649 -0.05905099 0.660718 0.7483079 -0.7643666 0.4255478 0.4844097 -0.7488562 0.2499791 0.6137791 0 0.3420199 0.9396927 0.6657029 0.6514189 0.363996 0 0.8660249 0.500001 -0.05905099 0.660718 0.7483079 0.708587 0.440421 0.551302 0.9981996 -0.05997898 0 0.7643678 0.6373598 0.09754198 0.6657029 0.6514189 0.363996 1 0 0 0.7085872 -0.6917522 0.139224 0.9981998 0.05997698 0 0.9981996 -0.05997898 0 0.6053088 -0.7838977 -0.138223 0 -0.8660249 0.500001 0.7643673 -0.5655613 0.3096502 0.7085872 -0.6917522 0.139224 0.08250903 -0.9869393 0.138359 0 -0.8660249 0.500001 -0.08250906 -0.6132914 0.7855355 0.70869 -0.453499 0.5404601 0.7643673 -0.5655613 0.3096502 0.9964806 -0.04191199 0.07259398 0.9964805 0.04191302 -0.07259604 0.70869 -0.453499 0.5404601 0.7080808 -0.202162 0.6765738 0.7488562 0.2499791 -0.6137791 0.9964806 -0.04191199 0.07259398 1 0 0 0.5994329 0.138992 -0.7882649 0.748856 0.203034 0.630866 0.7032682 0.123451 0.7001242 1 0 0 0.9964806 -0.04191199 -0.07259398 0 0.3420199 0.9396927 0.748856 0.203034 0.630866 0.708587 0.440421 0.551302 -0.05905099 0.660718 0.7483079 -0.6657029 0.6514189 0.363996 -0.7643666 0.4255478 0.4844097 -0.05905099 0.660718 0.7483079 0 0.8660249 0.500001 -0.9981998 0.05997698 0 -1 0 0 -0.6657029 0.6514189 0.363996 -0.6475489 0.7557299 0.09773899 -0.708587 -0.691752 -0.139225 -0.9981998 0.05997698 0 -0.9997038 -0.004226999 -0.02396899 -0.6657022 -0.7329882 0.139889 -0.6657022 -0.7329882 0.139889 -0.7086899 -0.6109979 0.352761 0 -0.8660249 0.500001 0.08250903 -0.9869393 0.138359 0.495637 -0.4152766 0.7628166 0.495637 -0.4152766 0.7628166 0 -0.5000002 0.8660254 0.866024 -0.250001 0.433015 0.9999999 0 0 0.9999999 0 0 0.9449106 -0.1636639 0.2834749 0.7559257 0.3273289 -0.5669498 -1 0 0 -1 0 0 -1 0 0 -1 0 0 -1 0 0 -1 0 0 -0.9934533 -0.1041968 0.0468339 -0.7559297 0.6546528 0 -0.9449115 -0.3273261 0 -0.9934533 -0.1041968 0.0468339 0 0.8676043 -0.4972552 7.36e-4 0.74318 -0.669091 0 1 0 0 1 0 -0.2708496 -0.8749885 -0.4012923 0 -0.8676043 -0.4972552 -5.51e-4 -0.2513881 -0.9678863 -0.2708496 -0.8749885 -0.4012923 -0.2221586 -0.7176908 0.6599737 -0.2221586 -0.7176908 0.6599737 0 -0.809018 0.587784 0 -1 0 0.001654 0.41256 -0.910929 0.001232999 0.1486139 -0.9888945 7.36e-4 0.74318 -0.669091 0 0.8676043 -0.4972552 -0.7505796 0.1695993 0.6386439 -0.7505796 0.1695993 0.6386439 -0.9906024 0 0.136774 -0.603747 0 0.797176 0.9320135 -0.1064531 0.3464369 0.603747 0 0.797176 0.9906024 0 0.136774 0.9320135 -0.1064531 0.3464369 -0.3815619 -0.07613198 -0.9212028 -0.9238521 -0.022343 -0.3820971 -0.9003412 -0.148842 -0.4089401 -0.3063101 -0.2897051 -0.9067773 0.3821561 -0.08066702 -0.9205703 0.3063099 -0.3609379 -0.8808507 0.9003412 -0.148842 -0.4089401 0.9236649 -0.033525 -0.3817319 0.6915705 0.008524194 -0.7222586 0.6915705 0.008524194 -0.7222586 0.6797212 0.007206699 -0.7334351 0.6797212 0.007206699 -0.7334351 -0.8913128 -0.1958915 -0.408886 -0.8913128 -0.1958915 -0.408886 -0.5054492 0 -0.8628564 -0.9675382 0 -0.2527251 -0.4982525 -0.4190981 -0.7590132 0 -0.4848102 -0.8746194 -0.866024 -0.242406 -0.437312 -0.4982525 -0.4190981 -0.7590132 0.4378081 0.5983971 -0.671003 0.9527828 0.195184 -0.2326119 0.9242574 0.1513971 -0.3504672 0.3841199 0.3243259 -0.8644448 0.437808 -0.556898 0.705825 0.3063101 -0.2897051 0.9067773 0.9003412 -0.148842 0.4089401 0.952783 -0.195184 0.232611 -0.4378081 -0.5983971 0.671003 -0.952783 -0.195184 0.232611 -0.9003412 -0.148842 0.4089401 -0.3063099 -0.3609379 0.8808507 -0.9242571 0.227815 -0.306348 -0.3841199 0.5864669 -0.7130978 -0.437808 0.281906 -0.853729 -0.9527829 0.103855 -0.28534 -0.3063099 -0.3609379 0.8808507 0.3063101 -0.2897051 0.9067773 0.437808 -0.556898 0.705825 -0.4378081 -0.5983971 0.671003 -0.3841199 0.5864669 -0.7130978 0.4378081 0.5983971 -0.671003 0.3841199 0.3243259 -0.8644448 -0.437808 0.281906 -0.853729 0.9003412 -0.148842 0.4089401 0.9242574 0.1513971 -0.3504672 0.9527828 0.195184 -0.2326119 0.952783 -0.195184 0.232611 -0.9527829 0.103855 -0.28534 -0.9003412 -0.148842 0.4089401 -0.952783 -0.195184 0.232611 -0.9242571 0.227815 -0.306348 -0.9242571 0.227815 -0.306348 -0.3841199 0.5864669 -0.7130978 -0.437808 0.281906 -0.853729 -0.9527829 0.103855 -0.28534 -0.4378081 -0.5983971 0.671003 -0.952783 -0.195184 0.232611 -0.9003412 -0.148842 0.4089401 -0.3063099 -0.3609379 0.8808507 0.437808 -0.556898 0.705825 0.3063101 -0.2897051 0.9067773 0.9003412 -0.148842 0.4089401 0.952783 -0.195184 0.232611 0.4378081 0.5983971 -0.671003 0.9527828 0.195184 -0.2326119 0.9242574 0.1513971 -0.3504672 0.3841199 0.3243259 -0.8644448 0.437808 -0.556898 0.705825 -0.4378081 -0.5983971 0.671003 -0.3063099 -0.3609379 0.8808507 0.3063101 -0.2897051 0.9067773 0.3841199 0.3243259 -0.8644448 -0.437808 0.281906 -0.853729 -0.3841199 0.5864669 -0.7130978 0.4378081 0.5983971 -0.671003 -0.952783 -0.195184 0.232611 -0.9242571 0.227815 -0.306348 -0.9527829 0.103855 -0.28534 -0.9003412 -0.148842 0.4089401 0.9527828 0.195184 -0.2326119 0.952783 -0.195184 0.232611 0.9003412 -0.148842 0.4089401 0.9242574 0.1513971 -0.3504672 -0.08250906 -0.6132914 0.7855355 -0.748857 -0.444828 0.491265 -0.7085871 -0.25723 0.6570671 0 -0.3420199 0.9396927 -0.7085871 -0.25723 0.6570671 -0.9964806 -0.04191199 0.07259398 -1 0 0 -0.5994329 -0.138992 0.7882649 -0.9906024 -0.04677901 -0.128525 -0.6475487 -0.2274849 -0.7272766 -0.7938882 -0.105589 -0.5988261 -0.9903142 0.02411001 0.136735 -0.7488562 0.2499791 0.6137791 -0.7643666 0.4255478 0.4844097 -0.9964805 0.04191302 0.07259504 -0.9906024 -0.04677901 -0.128525 -0.05905099 0.660718 0.7483079 0 0.8660249 0.500001 -0.6657029 0.6514189 0.363996 -0.7643666 0.4255478 0.4844097 0.05905101 0.9784122 0.198047 0 0.8660249 0.500001 0.6657029 0.6514189 0.363996 0.7643678 0.6373598 0.09754198 0.9981998 0.05997698 0 0.6475489 0.7557299 -0.09773899 0.7643678 0.6373598 0.09754198 0.9981996 -0.05997898 0 0.7643673 -0.5655613 0.3096502 1 0 0 0.9981998 0.05997698 0 0.7085872 -0.6917522 0.139224 0.70869 -0.453499 0.5404601 0.7643673 -0.5655613 0.3096502 0 -0.8660249 0.500001 -0.08250906 -0.6132914 0.7855355 0.70869 -0.453499 0.5404601 -0.08250906 -0.6132914 0.7855355 0 -0.3420199 0.9396927 0.7080808 -0.202162 0.6765738 0.7080808 -0.202162 0.6765738 0.7032682 -0.123451 0.7001242 1 0 0 0.9964806 -0.04191199 0.07259398 0.7085871 -0.25723 -0.6570671 0.9964806 -0.04191199 -0.07259398 1 0 0 0.5994329 -0.138992 -0.7882649 0.748856 0.203034 0.630866 0.9964806 -0.04191199 -0.07259398 0.9964805 0.04191302 0.07259504 0.708587 0.440421 0.551302 -0.05905099 0.660718 0.7483079 0.708587 0.440421 0.551302 0.6657029 0.6514189 0.363996 0 0.8660249 0.500001 -0.6657029 0.6514189 0.363996 0 0.8660249 0.500001 0.05905101 0.9784122 0.198047 -0.6475489 0.7557299 0.09773899 -0.9981998 0.05997698 0 -0.6475489 0.7557299 0.09773899 -0.7643678 0.6373598 -0.09754198 -0.9997038 -0.004226999 -0.02396899 -0.6657022 -0.7329882 0.139889 -0.9997038 -0.004226999 -0.02396899 -0.9981998 -0.05636099 0.02051399 -0.7086899 -0.6109979 0.352761 -0.748857 -0.444828 0.491265 -0.08250906 -0.6132914 0.7855355 0 -0.8660249 0.500001 -0.7086899 -0.6109979 0.352761 0.9999999 0 0 0.866024 -0.250001 0.433015 0.9449106 0.1636639 -0.2834749 0.9999999 0 0 0.4955263 -0.4149038 0.7630914 0.4955263 -0.4149038 0.7630914 0 -0.5000002 0.8660254 0.9449106 -0.1636639 0.2834749 0 0 -1 0 0 -1 0 0 -1 0 0 -1 0 0 -1 0 0 -1 -0.4727684 -0.8636857 0.174749 -0.4727684 -0.8636857 0.174749 -0.9449115 -0.3273261 0 -0.1889831 -0.9819804 0 0.001661999 0.4066499 0.9135827 0.001236 0.156357 0.9876999 7.47e-4 0.7388302 0.6738912 0 0.8676043 0.4972552 -0.07458704 -0.2409554 0.9676658 9.17e-4 -0.200838 0.9796241 0 -0.809018 0.587784 -0.07458704 -0.2409554 0.9676658 -0.2909103 -0.9397958 0.1793185 0 -1 0 0 -0.8676043 -0.4972552 -0.2909103 -0.9397958 0.1793185 0.0456527 0.984147 -0.1713778 0 1 0 0 1 0 0.0456527 0.984147 -0.1713778 -0.001661999 0.4066499 0.9135827 0 0.8676043 0.4972552 -7.47e-4 0.7388302 0.6738912 -0.001659001 0.2058111 0.9785904 -0.9962083 -0.07795236 -0.03863233 -0.9962083 -0.07795236 -0.03863233 -0.7971743 0 -0.6037493 -0.9906024 0 0.136774 0.8291273 -0.4388628 -0.3463341 0.9906024 0 0.136774 0.7971743 0 -0.6037493 0.8291273 -0.4388628 -0.3463341 0.4358822 -0.09200805 -0.8952884 0.3063099 -0.3609379 -0.8808507 0.9003412 -0.148842 -0.4089401 0.9522113 -0.02672201 -0.304269 -0.4561881 -0.09102201 -0.8852161 -0.9448684 -0.01911501 -0.3268921 -0.9003412 -0.148842 -0.4089401 -0.3063101 -0.2897051 -0.9067773 -0.7237101 -0.08927388 -0.6843054 -0.7237101 -0.08927388 -0.6843054 -0.7396445 -0.0895561 -0.6670125 -0.7396445 -0.0895561 -0.6670125 0.4623305 -0.2454839 -0.8520494 0.4623305 -0.2454839 -0.8520494 0.8628564 0 -0.5054492 0.2527251 0 -0.9675382 -0.9999999 0 0 -0.9999999 0 0 -0.866024 -0.242406 -0.437312 -0.866024 0.242406 0.437312 0.3841199 0.3243259 -0.8644448 0.9242574 0.1513971 -0.3504672 0.8601671 0.08856301 -0.5022641 0.2504382 0.1681141 -0.9534246 0.9003412 -0.148842 0.4089401 0.3063101 -0.2897051 0.9067773 0.500876 -0.150295 0.85237 0.9669395 -0.04428098 0.2511319 -0.9003412 -0.148842 0.4089401 -0.9224082 -0.06706601 0.3803491 -0.3791448 -0.1606829 0.9112794 -0.3063099 -0.3609379 0.8808507 -0.437808 0.281906 -0.853729 -0.3791451 0.1606831 -0.9112793 -0.9224082 0.06706601 -0.3803491 -0.9527829 0.103855 -0.28534 0.3063101 -0.2897051 0.9067773 -0.3063099 -0.3609379 0.8808507 -0.3791448 -0.1606829 0.9112794 0.500876 -0.150295 0.85237 -0.437808 0.281906 -0.853729 0.3841199 0.3243259 -0.8644448 0.2504382 0.1681141 -0.9534246 -0.3791451 0.1606831 -0.9112793 0.9242574 0.1513971 -0.3504672 0.9003412 -0.148842 0.4089401 0.9669395 -0.04428098 0.2511319 0.8601671 0.08856301 -0.5022641 -0.9003412 -0.148842 0.4089401 -0.9527829 0.103855 -0.28534 -0.9224082 0.06706601 -0.3803491 -0.9224082 -0.06706601 0.3803491 -0.437808 0.281906 -0.853729 -0.3791451 0.1606831 -0.9112793 -0.9224082 0.06706601 -0.3803491 -0.9527829 0.103855 -0.28534 -0.9003412 -0.148842 0.4089401 -0.9224082 -0.06706601 0.3803491 -0.3791448 -0.1606829 0.9112794 -0.3063099 -0.3609379 0.8808507 0.9003412 -0.148842 0.4089401 0.3063101 -0.2897051 0.9067773 0.500876 -0.150295 0.85237 0.9669395 -0.04428098 0.2511319 0.3841199 0.3243259 -0.8644448 0.9242574 0.1513971 -0.3504672 0.8601671 0.08856301 -0.5022641 0.2504382 0.1681141 -0.9534246 0.3063101 -0.2897051 0.9067773 -0.3063099 -0.3609379 0.8808507 -0.3791448 -0.1606829 0.9112794 0.500876 -0.150295 0.85237 -0.437808 0.281906 -0.853729 0.3841199 0.3243259 -0.8644448 0.2504382 0.1681141 -0.9534246 -0.3791451 0.1606831 -0.9112793 -0.9003412 -0.148842 0.4089401 -0.9527829 0.103855 -0.28534 -0.9224082 0.06706601 -0.3803491 -0.9224082 -0.06706601 0.3803491 0.9242574 0.1513971 -0.3504672 0.9003412 -0.148842 0.4089401 0.9669395 -0.04428098 0.2511319 0.8601671 0.08856301 -0.5022641 0 -0.3420199 0.9396927 -0.7085871 -0.25723 0.6570671 -0.5994329 -0.138992 0.7882649 0.134734 -0.172065 0.9758281 -0.6475487 -0.2274849 -0.7272766 0 -0.3420199 -0.9396927 -0.134734 -0.172065 -0.9758281 -0.7938882 -0.105589 -0.5988261 -0.9906024 -0.04677901 -0.128525 -0.9964805 0.04191302 0.07259504 -0.70869 -0.453499 -0.5404601 -0.6475487 -0.2274849 -0.7272766 -0.7643666 0.4255478 0.4844097 -0.6657029 0.6514189 0.363996 -1 0 0 -0.9964805 0.04191302 0.07259504 -0.6657029 0.6514189 0.363996 0 0.8660249 0.500001 0.05905101 0.9784122 0.198047 -0.6475489 0.7557299 0.09773899 0.6475489 0.7557299 -0.09773899 -0.05905101 0.9784122 -0.198047 0.05905101 0.9784122 0.198047 0.7643678 0.6373598 0.09754198 0.6657029 0.6514189 -0.363996 0.6475489 0.7557299 -0.09773899 0.9981998 0.05997698 0 1 0 0 0.70869 -0.453499 0.5404601 0.9964805 0.04191302 -0.07259604 1 0 0 0.7643673 -0.5655613 0.3096502 0 -0.3420199 0.9396927 0.7080808 -0.202162 0.6765738 0.70869 -0.453499 0.5404601 -0.08250906 -0.6132914 0.7855355 0.7080808 -0.202162 0.6765738 0 -0.3420199 0.9396927 0.134734 -0.172065 0.9758281 0.7032682 -0.123451 0.7001242 0 -0.3420199 -0.9396927 0.7085871 -0.25723 -0.6570671 0.5994329 -0.138992 -0.7882649 -0.134734 -0.172065 -0.9758281 0.9964806 -0.04191199 -0.07259398 0.7085871 -0.25723 -0.6570671 0.748857 -0.444828 -0.491265 0.9964805 0.04191302 0.07259504 0.708587 0.440421 0.551302 0.9964805 0.04191302 0.07259504 1 0 0 0.6657029 0.6514189 0.363996 -0.6475489 0.7557299 0.09773899 0.05905101 0.9784122 0.198047 -0.05905101 0.9784122 -0.198047 -0.7643678 0.6373598 -0.09754198 -0.9997038 -0.004226999 -0.02396899 -0.7643678 0.6373598 -0.09754198 -0.6657029 0.6514189 -0.363996 -0.9981998 -0.05636099 0.02051399 -0.748857 -0.444828 0.491265 -0.7086899 -0.6109979 0.352761 -0.9981998 -0.05636099 0.02051399 -0.9964805 0.04191302 -0.07259604 -0.7085871 -0.25723 0.6570671 0 -0.3420199 0.9396927 -0.08250906 -0.6132914 0.7855355 -0.748857 -0.444828 0.491265 0.496621 0.4137891 -0.7629849 0.9449106 0.1636639 -0.2834749 0.1889789 0.4909908 -0.8504206 0.496621 0.4137891 -0.7629849 -0.4955261 -0.4149044 0.7630911 -0.4955261 -0.4149044 0.7630911 -0.866024 -0.250001 0.433015 0 -0.5000002 0.8660254 1 0 0 1 0 0 1 0 0 1 0 0 1 0 0 1 0 0 0.3890698 -0.9079365 0.1558077 -0.1889831 -0.9819804 0 0.7559297 -0.6546528 0 0.3890698 -0.9079365 0.1558077 0 0.8676043 0.4972552 7.47e-4 0.7388302 0.6738912 0 1 0 0 1 0 -0.001655999 0.2037689 -0.9790176 -0.1372924 -0.4391001 -0.8878862 -5.51e-4 -0.2513881 -0.9678863 -0.001654 0.41256 -0.910929 0.4512825 0.8753664 -0.173429 0.4512825 0.8753664 -0.173429 0.7559297 0.6546528 0 -0.1889831 0.9819804 0 0 0.8676043 0.4972552 0 1 0 0 1 0 -7.47e-4 0.7388302 0.6738912 -0.6486591 -0.2806875 -0.707429 -0.6486591 -0.2806875 -0.707429 -0.1367731 0 -0.9906025 -0.7971743 0 -0.6037493 0.2378241 -0.5091538 -0.8271649 0.7971743 0 -0.6037493 0.1367731 0 -0.9906025 0.2378241 -0.5091538 -0.8271649 0.8993422 0.03825301 0.4355691 0.9527829 0.103855 0.28534 0.437808 0.281906 0.853729 0.3047 0.06431802 0.9502742 -0.8883223 0.05347702 0.4560961 -0.327534 0.07291299 0.9420219 -0.4378082 0.3328131 0.8352003 -0.9527829 0.103855 0.28534 -0.6896659 -0.03740471 0.723161 -0.6896659 -0.03740471 0.723161 -0.6781204 -0.03580222 0.7340782 -0.6781204 -0.03580222 0.7340782 0.8918824 0.1861207 0.4121951 0.8918824 0.1861207 0.4121951 0.5054492 0 0.8628564 0.9675382 0 0.2527251 -0.4974392 0.4169164 0.7607462 -0.4974392 0.4169164 0.7607462 -0.866024 0.242406 0.437312 0 0.4848098 0.8746196 0.4982522 -0.4191326 -0.7589944 0.4982522 -0.4191326 -0.7589944 0.866024 -0.242406 -0.437312 0 -0.4848102 -0.8746194 0.437808 0.281906 0.853729 0.9527829 0.103855 0.28534 0.9242576 0.2278142 0.3063472 0.3841199 0.5864669 0.7130978 0.9003412 -0.148842 -0.4089401 0.3063099 -0.3609379 -0.8808507 0.4378081 -0.5983971 -0.671003 0.952783 -0.195184 -0.232611 -0.9003412 -0.148842 -0.4089401 -0.952783 -0.195184 -0.232611 -0.437808 -0.556898 -0.705825 -0.3063101 -0.2897051 -0.9067773 -0.4378082 0.3328131 0.8352003 -0.3835721 0.6341071 0.671402 -0.9242576 0.2278142 0.3063472 -0.9527829 0.103855 0.28534 -0.437808 -0.556898 -0.705825 0.4378081 -0.5983971 -0.671003 0.3063099 -0.3609379 -0.8808507 -0.3063101 -0.2897051 -0.9067773 -0.4378082 0.3328131 0.8352003 0.437808 0.281906 0.853729 0.3841199 0.5864669 0.7130978 -0.3835721 0.6341071 0.671402 0.952783 -0.195184 -0.232611 0.9242576 0.2278142 0.3063472 0.9527829 0.103855 0.28534 0.9003412 -0.148842 -0.4089401 -0.9242576 0.2278142 0.3063472 -0.952783 -0.195184 -0.232611 -0.9003412 -0.148842 -0.4089401 -0.9527829 0.103855 0.28534 -0.4378082 0.3328131 0.8352003 -0.3835721 0.6341071 0.671402 -0.9242576 0.2278142 0.3063472 -0.9527829 0.103855 0.28534 -0.9003412 -0.148842 -0.4089401 -0.952783 -0.195184 -0.232611 -0.437808 -0.556898 -0.705825 -0.3063101 -0.2897051 -0.9067773 0.9003412 -0.148842 -0.4089401 0.3063099 -0.3609379 -0.8808507 0.4378081 -0.5983971 -0.671003 0.952783 -0.195184 -0.232611 0.437808 0.281906 0.853729 0.9527829 0.103855 0.28534 0.9242576 0.2278142 0.3063472 0.3841199 0.5864669 0.7130978 0.3063099 -0.3609379 -0.8808507 -0.3063101 -0.2897051 -0.9067773 -0.437808 -0.556898 -0.705825 0.4378081 -0.5983971 -0.671003 0.3841199 0.5864669 0.7130978 -0.3835721 0.6341071 0.671402 -0.4378082 0.3328131 0.8352003 0.437808 0.281906 0.853729 -0.9003412 -0.148842 -0.4089401 -0.9527829 0.103855 0.28534 -0.9242576 0.2278142 0.3063472 -0.952783 -0.195184 -0.232611 0.9527829 0.103855 0.28534 0.9003412 -0.148842 -0.4089401 0.952783 -0.195184 -0.232611 0.9242576 0.2278142 0.3063472 0 -0.3420199 -0.9396927 -0.6475487 -0.2274849 -0.7272766 -0.70869 -0.453499 -0.5404601 0.082509 -0.613292 -0.785535 -1 0 0 -0.7643677 -0.5655608 -0.3096499 -0.70869 -0.453499 -0.5404601 -0.9964805 0.04191302 0.07259504 -0.6657029 0.6514189 0.363996 -0.6475489 0.7557299 0.09773899 -0.9981998 0.05997698 0 -1 0 0 -0.6475489 0.7557299 0.09773899 0.05905101 0.9784122 0.198047 -0.05905101 0.9784122 -0.198047 -0.7643678 0.6373598 -0.09754198 0.6657029 0.6514189 -0.363996 0 0.8660249 -0.500001 -0.05905101 0.9784122 -0.198047 0.6475489 0.7557299 -0.09773899 0.7643666 0.4255478 -0.4844097 0.6657029 0.6514189 -0.363996 1 0 0 0.9964805 0.04191302 -0.07259604 0.9964806 -0.04191199 0.07259398 0.9964805 0.04191302 -0.07259604 0.70869 -0.453499 0.5404601 0.7080808 -0.202162 0.6765738 0.134734 -0.172065 0.9758281 0.7032682 -0.123451 0.7001242 0.7080808 -0.202162 0.6765738 0 -0.3420199 0.9396927 0 -0.3420199 -0.9396927 0.7085871 -0.25723 -0.6570671 0.5994329 -0.138992 -0.7882649 -0.134734 -0.172065 -0.9758281 0.7085871 -0.25723 -0.6570671 0 -0.3420199 -0.9396927 0.082509 -0.613292 -0.785535 0.748857 -0.444828 -0.491265 1 0 0 0.9964805 0.04191302 0.07259504 0.748857 -0.444828 -0.491265 0.7643677 -0.5655608 -0.3096499 0.6657029 0.6514189 0.363996 1 0 0 0.9981996 -0.05997898 0 0.7643678 0.6373598 0.09754198 0.05905101 0.9784122 0.198047 0 0.8660249 0.500001 0.05905101 0.9784122 0.198047 0.7643678 0.6373598 0.09754198 0.6475489 0.7557299 -0.09773899 -0.05905101 0.9784122 -0.198047 -0.6657029 0.6514189 -0.363996 -0.7643678 0.6373598 -0.09754198 -0.05905101 0.9784122 -0.198047 0 0.8660249 -0.500001 -0.9981998 -0.05636099 0.02051399 -0.6657029 0.6514189 -0.363996 -0.708587 0.440421 -0.551302 -0.9964805 0.04191302 -0.07259604 -0.748857 -0.444828 0.491265 -0.9964805 0.04191302 -0.07259604 -0.9964806 -0.04191199 0.07259398 -0.7085871 -0.25723 0.6570671 0 -0.3420199 0.9396927 -0.7085871 -0.25723 0.6570671 -0.5994329 -0.138992 0.7882649 0.134734 -0.172065 0.9758281 -0.6475487 -0.2274849 -0.7272766 0 -0.3420199 -0.9396927 -0.134734 -0.172065 -0.9758281 -0.7938882 -0.105589 -0.5988261 -1 0 0 -1 0 0 -0.9449106 0.1636639 -0.2834749 -0.866024 -0.250001 0.433015 1 0 0 1 0 0 1 0 0 1 0 0 1 0 0 1 0 0 0.9940675 0.09862398 -0.04585782 0.7559297 -0.6546528 0 0.9449115 0.3273261 0 0.9940675 0.09862398 -0.04585782 0 0.8676043 -0.4972552 0 1 0 0 1 0 -7.36e-4 0.74318 -0.669091 0.9957965 0.02043996 -0.08928307 0.9957965 0.02043996 -0.08928307 0.9449115 -0.3273261 0 0.7559297 0.6546528 0 0 0.8676043 -0.4972552 7.36e-4 0.74318 -0.669091 0 1 0 0 1 0 -0.06149814 -0.6888236 -0.7223157 0 -0.8676043 -0.4972552 -5.51e-4 -0.2513881 -0.9678863 -0.06149814 -0.6888236 -0.7223157 -0.08546411 -0.8893521 0.4491644 -0.08546411 -0.8893521 0.4491644 0 -0.809018 0.587784 0 -1 0 0.08122478 -0.3085694 -0.9477275 0.08122478 -0.3085694 -0.9477275 0.603747 0 -0.797176 -0.1367731 0 -0.9906025 -0.4838844 -0.2857504 -0.8271654 0.1367731 0 -0.9906025 -0.603747 0 -0.797176 -0.4838844 -0.2857504 -0.8271654 -0.9238521 -0.022343 -0.3820971 -0.9233618 0.04470899 0.3813189 -0.9527829 0.103855 0.28534 -0.9003412 -0.148842 -0.4089401 0.9236649 0.033525 0.3817319 0.9236649 -0.033525 -0.3817319 0.9003412 -0.148842 -0.4089401 0.9527829 0.103855 0.28534 0.9963395 0.07252549 -0.04525095 0.9942828 0.07080904 -0.07992333 0.9942828 0.07080904 -0.07992333 0.9963395 0.07252549 -0.04525095 -0.9445501 0.05792411 0.3232178 -0.9445501 0.05792411 0.3232178 -0.9675382 0 -0.2527251 -0.8628564 0 0.5054492 0.4974393 0.4169159 0.7607464 0.4974393 0.4169159 0.7607464 0 0.4848098 0.8746196 0.866024 0.242406 0.437312 0.9999999 0 0 0.866024 0.242406 0.437312 0.866024 -0.242406 -0.437312 0.9999999 0 0 0.3841199 0.5864669 0.7130978 0.9242576 0.2278142 0.3063472 0.9003411 0.3768811 0.217593 0.306312 0.8047909 0.5084139 0.4378081 -0.5983971 -0.671003 0.30631 -0.8426941 -0.4427651 0.9003411 -0.3768811 -0.217593 0.952783 -0.195184 -0.232611 -0.437808 -0.556898 -0.705825 -0.952783 -0.195184 -0.232611 -0.9003411 -0.3768811 -0.217593 -0.3063099 -0.8047917 -0.5084138 -0.3835721 0.6341071 0.671402 -0.306312 0.842694 0.442764 -0.9003411 0.3768811 0.217593 -0.9242576 0.2278142 0.3063472 -0.3063099 -0.8047917 -0.5084138 0.30631 -0.8426941 -0.4427651 0.4378081 -0.5983971 -0.671003 -0.437808 -0.556898 -0.705825 -0.3835721 0.6341071 0.671402 0.3841199 0.5864669 0.7130978 0.306312 0.8047909 0.5084139 -0.306312 0.842694 0.442764 0.9003411 -0.3768811 -0.217593 0.9003411 0.3768811 0.217593 0.9242576 0.2278142 0.3063472 0.952783 -0.195184 -0.232611 -0.9003411 0.3768811 0.217593 -0.9003411 -0.3768811 -0.217593 -0.952783 -0.195184 -0.232611 -0.9242576 0.2278142 0.3063472 -0.3835721 0.6341071 0.671402 -0.306312 0.842694 0.442764 -0.9003411 0.3768811 0.217593 -0.9242576 0.2278142 0.3063472 -0.437808 -0.556898 -0.705825 -0.952783 -0.195184 -0.232611 -0.9003411 -0.3768811 -0.217593 -0.3063099 -0.8047917 -0.5084138 0.4378081 -0.5983971 -0.671003 0.30631 -0.8426941 -0.4427651 0.9003411 -0.3768811 -0.217593 0.952783 -0.195184 -0.232611 0.3841199 0.5864669 0.7130978 0.9242576 0.2278142 0.3063472 0.9003411 0.3768811 0.217593 0.306312 0.8047909 0.5084139 0.4378081 -0.5983971 -0.671003 -0.437808 -0.556898 -0.705825 -0.3063099 -0.8047917 -0.5084138 0.30631 -0.8426941 -0.4427651 0.306312 0.8047909 0.5084139 -0.306312 0.842694 0.442764 -0.3835721 0.6341071 0.671402 0.3841199 0.5864669 0.7130978 -0.952783 -0.195184 -0.232611 -0.9242576 0.2278142 0.3063472 -0.9003411 0.3768811 0.217593 -0.9003411 -0.3768811 -0.217593 0.9242576 0.2278142 0.3063472 0.952783 -0.195184 -0.232611 0.9003411 -0.3768811 -0.217593 0.9003411 0.3768811 0.217593 -0.70869 -0.453499 -0.5404601 -0.7643677 -0.5655608 -0.3096499 0 -0.8660249 -0.500001 0.082509 -0.613292 -0.785535 -0.7643677 -0.5655608 -0.3096499 -1 0 0 -0.9981998 0.05997698 0 -0.708587 -0.691752 -0.139225 -0.9981998 0.05997698 0 -0.6475489 0.7557299 0.09773899 -0.7643678 0.6373598 -0.09754198 -0.9997038 -0.004226999 -0.02396899 -0.05905101 0.9784122 -0.198047 0 0.8660249 -0.500001 -0.6657029 0.6514189 -0.363996 -0.7643678 0.6373598 -0.09754198 0.05905099 0.660718 -0.7483079 0 0.8660249 -0.500001 0.6657029 0.6514189 -0.363996 0.7643666 0.4255478 -0.4844097 0.7488562 0.2499791 -0.6137791 0.7643666 0.4255478 -0.4844097 0.9964805 0.04191302 -0.07259604 0.9964806 -0.04191199 0.07259398 1 0 0 0.9964806 -0.04191199 0.07259398 0.7080808 -0.202162 0.6765738 0.7032682 -0.123451 0.7001242 0.7085871 -0.25723 -0.6570671 0.9964806 -0.04191199 -0.07259398 1 0 0 0.5994329 -0.138992 -0.7882649 0.7085871 -0.25723 -0.6570671 0 -0.3420199 -0.9396927 0.082509 -0.613292 -0.785535 0.748857 -0.444828 -0.491265 0.748857 -0.444828 -0.491265 0.082509 -0.613292 -0.785535 0 -0.8660249 -0.500001 0.7643677 -0.5655608 -0.3096499 0.9981996 -0.05997898 0 1 0 0 0.7643677 -0.5655608 -0.3096499 0.6053088 -0.7838977 -0.138223 0.9981998 0.05997698 0 0.6475489 0.7557299 -0.09773899 0.7643678 0.6373598 0.09754198 0.9981996 -0.05997898 0 -0.05905101 0.9784122 -0.198047 0.6475489 0.7557299 -0.09773899 0.6657029 0.6514189 -0.363996 0 0.8660249 -0.500001 -0.6657029 0.6514189 -0.363996 0 0.8660249 -0.500001 0.05905099 0.660718 -0.7483079 -0.708587 0.440421 -0.551302 -0.9964805 0.04191302 -0.07259604 -0.708587 0.440421 -0.551302 -0.748856 0.203034 -0.630866 -0.9964806 -0.04191199 0.07259398 -0.7085871 -0.25723 0.6570671 -0.9964806 -0.04191199 0.07259398 -1 0 0 -0.5994329 -0.138992 0.7882649 -0.9906024 -0.04677901 -0.128525 -0.6475487 -0.2274849 -0.7272766 -0.7938882 -0.105589 -0.5988261 -0.9903142 0.02411001 0.136735 -0.70869 -0.453499 -0.5404601 0.082509 -0.613292 -0.785535 0 -0.3420199 -0.9396927 -0.6475487 -0.2274849 -0.7272766 -0.4964913 0.4134225 -0.763268 -0.4964913 0.4134225 -0.763268 -0.1889789 0.4909908 -0.8504206 -0.9449106 0.1636639 -0.2834749 0 0 1 0 0 1 0 0 1 0 0 1 0 0 1 0 0 1 0.4660998 0.8699354 -0.1611315 0.9449115 0.3273261 0 0.1889831 0.9819804 0 0.4660998 0.8699354 -0.1611315 -0.001654 0.41256 -0.910929 0 0.8676043 -0.4972552 -7.36e-4 0.74318 -0.669091 -0.001655999 0.2037689 -0.9790176 0.9967372 0.08071602 0 0.9967372 0.08071602 0 0.9945074 0.104667 0 0.9883209 0.152387 0 0.9931757 0.116628 0 0.4565458 -0.8833908 0.1057663 0.4565458 -0.8833908 0.1057663 0.1889831 -0.9819804 0 0.9449115 -0.3273261 0 0.001661999 0.4066499 0.9135827 0.001236 0.156357 0.9876999 7.47e-4 0.7388302 0.6738912 0 0.8676043 0.4972552 -0.0485642 -0.5439545 0.8377081 9.17e-4 -0.200838 0.9796241 0 -0.809018 0.587784 -0.0485642 -0.5439545 0.8377081 -0.09511123 -0.9897372 -0.1066492 0 -1 0 0 -0.8676043 -0.4972552 -0.09511123 -0.9897372 -0.1066492 0.7499651 -0.1615927 -0.641436 0.7499651 -0.1615927 -0.641436 0.9906024 0 -0.136774 0.603747 0 -0.797176 -0.9320681 0.1063084 -0.3463343 -0.603747 0 -0.797176 -0.9906024 0 -0.136774 -0.9320681 0.1063084 -0.3463343 0.8993422 0.03825301 0.4355691 0.9522113 -0.02672201 -0.304269 0.9003412 -0.148842 -0.4089401 0.9527829 0.103855 0.28534 -0.9448684 -0.01911501 -0.3268921 -0.8883223 0.05347702 0.4560961 -0.9527829 0.103855 0.28534 -0.9003412 -0.148842 -0.4089401 -0.9953163 -0.0842541 0.04739739 -0.9931561 -0.08238623 0.08278555 -0.9931561 -0.08238623 0.08278555 -0.9953163 -0.0842541 0.04739739 0.943296 -0.04770881 -0.3285065 0.943296 -0.04770881 -0.3285065 0.9675382 0 0.2527251 0.8628564 0 -0.5054492 0.4982499 -0.4190988 -0.7590147 0.4982499 -0.4190988 -0.7590147 0.866024 -0.242406 -0.437312 0 -0.4848102 -0.8746194 -0.4975792 0.4169426 0.7606403 -0.4975792 0.4169426 0.7606403 -0.866024 0.242406 0.437312 0 0.4848098 0.8746196 0.4378069 0.8803048 0.182726 0.9527826 0.2990399 0.05272898 0.924257 0.379213 -0.04412 0.38412 0.9107941 -0.151347 0.9242582 -0.3792101 -0.04412001 0.3841208 -0.9107936 -0.1513479 0.4378088 -0.8803036 0.1827269 0.9527833 -0.2990381 0.05272902 -0.4378088 -0.8803036 -0.1827269 -0.9527833 -0.2990381 -0.05272902 -0.9242582 -0.3792101 0.04412001 -0.3841208 -0.9107936 0.1513479 -0.924257 0.379213 0.04412 -0.38412 0.9107941 0.151347 -0.4378069 0.8803048 -0.182726 -0.9527826 0.2990399 -0.05272898 -0.3841208 -0.9107936 0.1513479 0.4378088 -0.8803036 0.1827269 0.3841208 -0.9107936 -0.1513479 -0.4378088 -0.8803036 -0.1827269 -0.38412 0.9107941 0.151347 0.4378069 0.8803048 0.182726 0.38412 0.9107941 -0.151347 -0.4378069 0.8803048 -0.182726 0.9527833 -0.2990381 0.05272902 0.924257 0.379213 -0.04412 0.9527826 0.2990399 0.05272898 0.9242582 -0.3792101 -0.04412001 -0.9527826 0.2990399 -0.05272898 -0.9242582 -0.3792101 0.04412001 -0.9527833 -0.2990381 -0.05272902 -0.924257 0.379213 0.04412 -0.924257 0.379213 0.04412 -0.38412 0.9107941 0.151347 -0.4378069 0.8803048 -0.182726 -0.9527826 0.2990399 -0.05272898 -0.4378088 -0.8803036 -0.1827269 -0.9527833 -0.2990381 -0.05272902 -0.9242582 -0.3792101 0.04412001 -0.3841208 -0.9107936 0.1513479 0.9242582 -0.3792101 -0.04412001 0.3841208 -0.9107936 -0.1513479 0.4378088 -0.8803036 0.1827269 0.9527833 -0.2990381 0.05272902 0.4378069 0.8803048 0.182726 0.9527826 0.2990399 0.05272898 0.924257 0.379213 -0.04412 0.38412 0.9107941 -0.151347 0.3841208 -0.9107936 -0.1513479 -0.4378088 -0.8803036 -0.1827269 -0.3841208 -0.9107936 0.1513479 0.4378088 -0.8803036 0.1827269 0.38412 0.9107941 -0.151347 -0.4378069 0.8803048 -0.182726 -0.38412 0.9107941 0.151347 0.4378069 0.8803048 0.182726 -0.9527833 -0.2990381 -0.05272902 -0.924257 0.379213 0.04412 -0.9527826 0.2990399 -0.05272898 -0.9242582 -0.3792101 0.04412001 0.9527826 0.2990399 0.05272898 0.9242582 -0.3792101 -0.04412001 0.9527833 -0.2990381 0.05272902 0.924257 0.379213 -0.04412 -0.08250903 -0.9869393 -0.138359 -0.708587 -0.691752 -0.139225 -0.6657022 -0.7329882 0.139889 0.08250903 -0.9869393 0.138359 -0.6657022 -0.7329882 0.139889 -0.9997038 -0.004226999 -0.02396899 -0.9981998 -0.05636099 0.02051399 -0.7086899 -0.6109979 0.352761 -0.9981998 -0.05636099 0.02051399 -0.6657029 0.6514189 -0.363996 -0.708587 0.440421 -0.551302 -0.9964805 0.04191302 -0.07259604 -0.708587 0.440421 -0.551302 0.05905099 0.660718 -0.7483079 0 0.3420199 -0.9396927 -0.748856 0.203034 -0.630866 0.5994329 0.138992 -0.7882649 -0.134734 0.172065 -0.9758281 0 0.3420199 -0.9396927 0.7488562 0.2499791 -0.6137791 0.748856 0.203034 0.630866 0 0.3420199 0.9396927 0.134734 0.172065 0.9758281 0.7032682 0.123451 0.7001242 0.9964805 0.04191302 0.07259504 0.708587 0.440421 0.551302 0.748856 0.203034 0.630866 0.9964806 -0.04191199 -0.07259398 0.748857 -0.444828 -0.491265 0.7643677 -0.5655608 -0.3096499 1 0 0 0.9964805 0.04191302 0.07259504 0.6053088 -0.7838977 -0.138223 0.7643677 -0.5655608 -0.3096499 0 -0.8660249 -0.500001 -0.08250903 -0.9869393 -0.138359 0.6053088 -0.7838977 -0.138223 -0.08250903 -0.9869393 -0.138359 0.08250903 -0.9869393 0.138359 0.7085872 -0.6917522 0.139224 0.9981998 0.05997698 0 0.7085872 -0.6917522 0.139224 0.7643673 -0.5655613 0.3096502 1 0 0 0.7643666 0.4255478 -0.4844097 0.6657029 0.6514189 -0.363996 1 0 0 0.9964805 0.04191302 -0.07259604 0.05905099 0.660718 -0.7483079 0.7643666 0.4255478 -0.4844097 0.7488562 0.2499791 -0.6137791 0 0.3420199 -0.9396927 -0.748856 0.203034 -0.630866 0 0.3420199 -0.9396927 -0.134734 0.172065 -0.9758281 -0.7032682 0.123451 -0.7001242 0 0.3420199 0.9396927 -0.7488562 0.2499791 0.6137791 -0.5994329 0.138992 0.7882649 0.134734 0.172065 0.9758281 -0.9964805 0.04191302 0.07259504 -0.9906024 -0.04677901 -0.128525 -0.7488562 0.2499791 0.6137791 -0.7643666 0.4255478 0.4844097 -0.70869 -0.453499 -0.5404601 -0.9964805 0.04191302 0.07259504 -1 0 0 -0.7643677 -0.5655608 -0.3096499 -0.708587 -0.691752 -0.139225 -0.08250903 -0.9869393 -0.138359 0 -0.8660249 -0.500001 -0.7643677 -0.5655608 -0.3096499 -0.9999999 0 0 -0.7559257 0.3273289 -0.5669498 -0.9449106 -0.1636639 0.2834749 -0.9999999 0 0 0 1 0 0 1 0 0 1 0 0 1 0 0 1 0 0 1 0 -1 0 0 -1 0 0 -1 0 0 -1 0 0 -1 0 0 -1 0 0 0.189345 0.8918959 -0.4106948 0 1 0 0 1 0 0.189345 0.8918959 -0.4106948 -0.001661999 0.4066499 0.9135827 0 0.8676043 0.4972552 -7.47e-4 0.7388302 0.6738912 -0.001659001 0.2058111 0.9785904 -0.9957832 -0.02353514 0.08866731 -0.9957832 -0.02353514 0.08866731 -0.9449115 0.3273261 0 -0.7559297 -0.6546528 0 0 0.8676043 -0.4972552 0 1 0 0 1 0 -7.36e-4 0.74318 -0.669091 0.6488526 0.2763537 0.7089561 0.6488526 0.2763537 0.7089561 0.1367731 0 0.9906025 0.7971743 0 0.6037493 -0.2380498 0.5082417 0.8276609 -0.2380498 0.5082417 0.8276609 -0.7971743 0 0.6037493 -0.1367731 0 0.9906025 0.4358822 -0.09200805 -0.8952884 -0.3815619 -0.07613198 -0.9212028 -0.3063101 -0.2897051 -0.9067773 0.3063099 -0.3609379 -0.8808507 0.3821561 -0.08066702 -0.9205703 -0.4561881 -0.09102201 -0.8852161 -0.3063101 -0.2897051 -0.9067773 0.3063099 -0.3609379 -0.8808507 -0.005213147 -0.05162419 -0.9986529 -0.009067318 -0.05236115 -0.998587 -0.009067318 -0.05236115 -0.998587 -0.004606595 -0.0518416 -0.9986447 -0.2850307 -0.3204826 -0.9033539 -0.2850307 -0.3204826 -0.9033539 0.2527251 0 -0.9675382 -0.5054492 0 -0.8628564 0.9999999 0 0 0.866024 0.242406 0.437312 0.866024 -0.242406 -0.437312 0.9999999 0 0 0.4975776 0.4169427 0.7606414 0.4975776 0.4169427 0.7606414 0 0.4848098 0.8746196 0.866024 0.242406 0.437312 0.9003411 0.3768811 0.217593 0.9527826 0.2990399 0.05272898 0.4378069 0.8803048 0.182726 0.306312 0.8047909 0.5084139 0.9003411 -0.3768811 -0.217593 0.30631 -0.8426941 -0.4427651 0.3841208 -0.9107936 -0.1513479 0.9242582 -0.3792101 -0.04412001 -0.9003411 -0.3768811 -0.217593 -0.9527833 -0.2990381 -0.05272902 -0.4378088 -0.8803036 -0.1827269 -0.3063099 -0.8047917 -0.5084138 -0.9003411 0.3768811 0.217593 -0.306312 0.842694 0.442764 -0.38412 0.9107941 0.151347 -0.924257 0.379213 0.04412 -0.4378088 -0.8803036 -0.1827269 0.3841208 -0.9107936 -0.1513479 0.30631 -0.8426941 -0.4427651 -0.3063099 -0.8047917 -0.5084138 -0.306312 0.842694 0.442764 0.306312 0.8047909 0.5084139 0.4378069 0.8803048 0.182726 -0.38412 0.9107941 0.151347 0.9242582 -0.3792101 -0.04412001 0.9527826 0.2990399 0.05272898 0.9003411 0.3768811 0.217593 0.9003411 -0.3768811 -0.217593 -0.924257 0.379213 0.04412 -0.9527833 -0.2990381 -0.05272902 -0.9003411 -0.3768811 -0.217593 -0.9003411 0.3768811 0.217593 -0.9003411 0.3768811 0.217593 -0.306312 0.842694 0.442764 -0.38412 0.9107941 0.151347 -0.924257 0.379213 0.04412 -0.9003411 -0.3768811 -0.217593 -0.9527833 -0.2990381 -0.05272902 -0.4378088 -0.8803036 -0.1827269 -0.3063099 -0.8047917 -0.5084138 0.9003411 -0.3768811 -0.217593 0.30631 -0.8426941 -0.4427651 0.3841208 -0.9107936 -0.1513479 0.9242582 -0.3792101 -0.04412001 0.9003411 0.3768811 0.217593 0.9527826 0.2990399 0.05272898 0.4378069 0.8803048 0.182726 0.306312 0.8047909 0.5084139 0.30631 -0.8426941 -0.4427651 -0.3063099 -0.8047917 -0.5084138 -0.4378088 -0.8803036 -0.1827269 0.3841208 -0.9107936 -0.1513479 0.4378069 0.8803048 0.182726 -0.38412 0.9107941 0.151347 -0.306312 0.842694 0.442764 0.306312 0.8047909 0.5084139 -0.9003411 -0.3768811 -0.217593 -0.9003411 0.3768811 0.217593 -0.924257 0.379213 0.04412 -0.9527833 -0.2990381 -0.05272902 0.9003411 0.3768811 0.217593 0.9003411 -0.3768811 -0.217593 0.9242582 -0.3792101 -0.04412001 0.9527826 0.2990399 0.05272898 0 -0.8660249 -0.500001 -0.7643677 -0.5655608 -0.3096499 -0.708587 -0.691752 -0.139225 -0.08250903 -0.9869393 -0.138359 -0.708587 -0.691752 -0.139225 -0.9981998 0.05997698 0 -0.9997038 -0.004226999 -0.02396899 -0.6657022 -0.7329882 0.139889 -0.9997038 -0.004226999 -0.02396899 -0.7643678 0.6373598 -0.09754198 -0.6657029 0.6514189 -0.363996 -0.9981998 -0.05636099 0.02051399 -0.6657029 0.6514189 -0.363996 0 0.8660249 -0.500001 0.05905099 0.660718 -0.7483079 -0.708587 0.440421 -0.551302 0.7488562 0.2499791 -0.6137791 0 0.3420199 -0.9396927 0.05905099 0.660718 -0.7483079 0.7643666 0.4255478 -0.4844097 1 0 0 0.5994329 0.138992 -0.7882649 0.7488562 0.2499791 -0.6137791 0.9964806 -0.04191199 0.07259398 0.748856 0.203034 0.630866 0.7032682 0.123451 0.7001242 1 0 0 0.9964806 -0.04191199 -0.07259398 0.748857 -0.444828 -0.491265 0.9964805 0.04191302 0.07259504 0.9964806 -0.04191199 -0.07259398 0.7085871 -0.25723 -0.6570671 0.748857 -0.444828 -0.491265 0.082509 -0.613292 -0.785535 0 -0.8660249 -0.500001 0.7643677 -0.5655608 -0.3096499 0 -0.8660249 -0.500001 -0.08250903 -0.9869393 -0.138359 0.6053088 -0.7838977 -0.138223 0.7643677 -0.5655608 -0.3096499 0.9981996 -0.05997898 0 0.6053088 -0.7838977 -0.138223 0.7085872 -0.6917522 0.139224 0.9981998 0.05997698 0 0.6657029 0.6514189 -0.363996 0.6475489 0.7557299 -0.09773899 0.9981998 0.05997698 0 1 0 0 0.05905099 0.660718 -0.7483079 0 0.8660249 -0.500001 0.6657029 0.6514189 -0.363996 0.7643666 0.4255478 -0.4844097 -0.708587 0.440421 -0.551302 0.05905099 0.660718 -0.7483079 0 0.3420199 -0.9396927 -0.748856 0.203034 -0.630866 -0.748856 0.203034 -0.630866 -0.7032682 0.123451 -0.7001242 -1 0 0 -0.9964806 -0.04191199 0.07259398 -0.7488562 0.2499791 0.6137791 -0.9906024 -0.04677901 -0.128525 -0.9903142 0.02411001 0.136735 -0.5994329 0.138992 0.7882649 -0.70869 -0.453499 -0.5404601 -0.6475487 -0.2274849 -0.7272766 -0.9906024 -0.04677901 -0.128525 -0.9964805 0.04191302 0.07259504 -0.70869 -0.453499 -0.5404601 -0.7643677 -0.5655608 -0.3096499 0 -0.8660249 -0.500001 0.082509 -0.613292 -0.785535 -0.4966213 0.4137881 -0.7629853 0.1889789 0.4909908 -0.8504206 -0.7559257 0.3273289 -0.5669498 -0.4966213 0.4137881 -0.7629853 0 1 0 0 1 0 0 1 0 0 1 0 0 1 0 0 1 0 0 0 -1 0 0 -1 0 0 -1 0 0 -1 0 0 -1 0 0 -1 0.001654 0.41256 -0.910929 0.001232999 0.1486139 -0.9888945 7.36e-4 0.74318 -0.669091 0 0.8676043 -0.4972552 -0.4512418 -0.8719324 0.1900385 -0.4512418 -0.8719324 0.1900385 -0.7559297 -0.6546528 0 0.1889831 -0.9819804 0 0 0.8676043 0.4972552 7.47e-4 0.7388302 0.6738912 0 1 0 0 1 0 -0.001655999 0.2037689 -0.9790176 -0.005516336 -0.05375174 -0.998539 -5.51e-4 -0.2513881 -0.9678863 -0.001654 0.41256 -0.910929 0.9963423 0.07618419 0.03870221 0.9963423 0.07618419 0.03870221 0.7971743 0 0.6037493 0.9906024 0 -0.136774 -0.829163 0.4387131 0.3464383 -0.9906024 0 -0.136774 -0.7971743 0 0.6037493 -0.829163 0.4387131 0.3464383 -0.3827432 0.08520304 0.9199174 0.3047 0.06431802 0.9502742 0.437808 0.281906 0.853729 -0.4378082 0.3328131 0.8352003 -0.327534 0.07291299 0.9420219 0.3821561 0.08066702 0.9205703 0.437808 0.281906 0.853729 -0.4378082 0.3328131 0.8352003 0.003617251 0.0411726 0.9991454 0.007092759 0.04149868 0.9991133 0.007092759 0.04149868 0.9991133 0.003617251 0.0411726 0.9991454 0.2851246 0.3204312 0.9033425 0.2851246 0.3204312 0.9033425 -0.2527251 0 0.9675382 0.5054492 0 0.8628564 0.6648402 -0.7299582 0.1585828 0.6648402 -0.7299582 0.1585828 0.6648402 -0.7299582 0.1585828 -0.4730612 -0.7727881 0.4230978 -0.4730612 -0.7727881 0.4230978 -0.4730612 -0.7727881 0.4230978 -0.4730612 -0.7727881 0.4230978 0.07665898 -0.7288018 0.6804199 0.07665898 -0.7288018 0.6804199 0.07665898 -0.7288018 0.6804199 -0.3474528 -0.6207348 0.7028264 -0.3474528 -0.6207348 0.7028264 -0.3474528 -0.6207348 0.7028264 0.05647226 -0.9579196 0.2814266 0.05647226 -0.9579196 0.2814266 0.05647226 -0.9579196 0.2814266 0.3688236 -0.9134395 0.1720392 0.3688236 -0.9134395 0.1720392 0.3688236 -0.9134395 0.1720392 -0.2021779 -0.9670671 0.1546136 -0.2021779 -0.9670671 0.1546136 -0.2021779 -0.9670671 0.1546136 0.1753844 -0.7786316 0.6024724 0.1753844 -0.7786316 0.6024724 0.1753844 -0.7786316 0.6024724 -0.1481752 -0.7488039 0.6460159 -0.1481752 -0.7488039 0.6460159 -0.1481752 -0.7488039 0.6460159 -0.274643 -0.9133185 0.3006999 -0.274643 -0.9133185 0.3006999 -0.274643 -0.9133185 0.3006999 -0.274643 -0.9133185 0.3006999 0.03102787 -0.9978555 -0.0576338 0.03102787 -0.9978555 -0.0576338 0.03102787 -0.9978555 -0.0576338 0.155358 -0.8206596 0.5498925 0.155358 -0.8206596 0.5498925 0.155358 -0.8206596 0.5498925 -0.1344507 -0.7694495 0.6243958 -0.1344507 -0.7694495 0.6243958 -0.1344507 -0.7694495 0.6243958 0.6489559 -0.7420843 0.1678298 0.6489559 -0.7420843 0.1678298 0.6489559 -0.7420843 0.1678298 0.0827158 -0.6603931 0.7463504 0.0827158 -0.6603931 0.7463504 0.0827158 -0.6603931 0.7463504 -0.3400494 -0.854058 0.3936382 -0.3400494 -0.854058 0.3936382 -0.3400494 -0.854058 0.3936382 0.4190897 -0.7871054 0.4525801 0.4190897 -0.7871054 0.4525801 0.4190897 -0.7871054 0.4525801 0.7052385 -0.6827864 -0.1908962 0.7052385 -0.6827864 -0.1908962 0.7052385 -0.6827864 -0.1908962 -0.2874412 -0.95475 0.07635471 -0.2874412 -0.95475 0.07635471 -0.2874412 -0.95475 0.07635471 0.2442805 -0.8755853 -0.4167461 0.2442805 -0.8755853 -0.4167461 0.2442805 -0.8755853 -0.4167461 0.08897276 -0.9350849 -0.3430744 0.08897276 -0.9350849 -0.3430744 0.08897276 -0.9350849 -0.3430744 0.08951568 -0.8209848 0.563889 0.08951568 -0.8209848 0.563889 0.08951568 -0.8209848 0.563889 -0.1863244 -0.9073769 0.3767628 -0.1863244 -0.9073769 0.3767628 -0.1863244 -0.9073769 0.3767628 -0.3233277 -0.6569227 0.6811105 -0.3233277 -0.6569227 0.6811105 -0.3233277 -0.6569227 0.6811105 -0.114619 -0.7285693 0.6753141 -0.114619 -0.7285693 0.6753141 -0.114619 -0.7285693 0.6753141 -0.07997458 -0.7608172 0.6440194 -0.07997458 -0.7608172 0.6440194 -0.07997458 -0.7608172 0.6440194 -0.07997458 -0.7608172 0.6440194 -0.2639179 -0.9160884 0.3018762 -0.2639179 -0.9160884 0.3018762 -0.2639179 -0.9160884 0.3018762 0.07627571 -0.6396832 0.7648446 0.07627571 -0.6396832 0.7648446 0.07627571 -0.6396832 0.7648446 -0.4523021 -0.4703555 0.7577522 -0.4523021 -0.4703555 0.7577522 -0.4523021 -0.4703555 0.7577522 -0.2797331 -0.9036876 0.3241883 -0.2797331 -0.9036876 0.3241883 -0.2797331 -0.9036876 0.3241883 -0.1094664 -0.6932238 0.7123607 -0.1094664 -0.6932238 0.7123607 -0.1094664 -0.6932238 0.7123607 -0.1094664 -0.6932238 0.7123607 -0.3849995 -0.5832822 0.7152322 -0.3849995 -0.5832822 0.7152322 -0.3849995 -0.5832822 0.7152322 -0.2372304 -0.7663864 0.5969701 -0.2372304 -0.7663864 0.5969701 -0.2372304 -0.7663864 0.5969701 -0.3022551 -0.6508235 0.6964701 -0.3022551 -0.6508235 0.6964701 -0.3022551 -0.6508235 0.6964701 -0.3022551 -0.6508235 0.6964701 -0.476598 -0.5899193 0.6518047 -0.476598 -0.5899193 0.6518047 -0.476598 -0.5899193 0.6518047 -0.2727135 -0.8810098 0.3865864 -0.2727135 -0.8810098 0.3865864 -0.2727135 -0.8810098 0.3865864 -0.8952929 -0.3675604 0.2516935 -0.8952929 -0.3675604 0.2516935 -0.8952929 -0.3675604 0.2516935 -0.5469722 -0.6207935 0.5616373 -0.5469722 -0.6207935 0.5616373 -0.5469722 -0.6207935 0.5616373 -0.03974887 -0.8106756 0.5841447 -0.03974887 -0.8106756 0.5841447 -0.03974887 -0.8106756 0.5841447 -0.5873898 -0.6424776 0.4921335 -0.5873898 -0.6424776 0.4921335 -0.5873898 -0.6424776 0.4921335 -0.3609451 -0.8451321 0.3942973 -0.3609451 -0.8451321 0.3942973 -0.3609451 -0.8451321 0.3942973 -0.04646886 -0.9939088 0.09992892 -0.04646886 -0.9939088 0.09992892 -0.04646886 -0.9939088 0.09992892 -0.04646886 -0.9939088 0.09992892 0.02042184 -0.7081567 0.7057598 0.02042184 -0.7081567 0.7057598 0.02042184 -0.7081567 0.7057598 0.05650006 -0.9579194 0.2814214 0.05650006 -0.9579194 0.2814214 0.05650006 -0.9579194 0.2814214 0.03316293 -0.8123321 0.5822514 0.03316293 -0.8123321 0.5822514 0.03316293 -0.8123321 0.5822514 -0.2561676 -0.8119416 0.5245275 -0.2561676 -0.8119416 0.5245275 -0.2561676 -0.8119416 0.5245275 0.290192 -0.923385 -0.2512936 0.290192 -0.923385 -0.2512936 0.290192 -0.923385 -0.2512936 0.3697508 -0.8627108 0.3449846 0.3697508 -0.8627108 0.3449846 0.3697508 -0.8627108 0.3449846 -0.01922014 -0.9971074 -0.0735347 -0.01922014 -0.9971074 -0.0735347 -0.01922014 -0.9971074 -0.0735347 -0.01922014 -0.9971074 -0.0735347 0.3158569 -0.7799922 0.5402284 0.3158569 -0.7799922 0.5402284 0.3158569 -0.7799922 0.5402284 -0.1920304 -0.8561647 0.4796939 -0.1920304 -0.8561647 0.4796939 -0.1920304 -0.8561647 0.4796939 -0.3913664 -0.6559945 0.6453708 -0.3913664 -0.6559945 0.6453708 -0.3913664 -0.6559945 0.6453708 -0.379964 -0.8533641 0.3569271 -0.379964 -0.8533641 0.3569271 -0.379964 -0.8533641 0.3569271 -0.4083933 -0.6414624 0.6494157 -0.4083933 -0.6414624 0.6494157 -0.4083933 -0.6414624 0.6494157 0.04014332 -0.7866089 0.6161452 0.04014332 -0.7866089 0.6161452 0.04014332 -0.7866089 0.6161452 0.04014332 -0.7866089 0.6161452 -0.005219235 -0.717029 0.6970237 -0.005219235 -0.717029 0.6970237 -0.005219235 -0.717029 0.6970237 -0.005219235 -0.717029 0.6970237 -0.4611093 -0.7300719 0.5043542 -0.4611093 -0.7300719 0.5043542 -0.4611093 -0.7300719 0.5043542 -0.4936761 -0.7204217 0.4871101 -0.4936761 -0.7204217 0.4871101 -0.4936761 -0.7204217 0.4871101 0.3073415 -0.9038501 -0.2976511 0.3073415 -0.9038501 -0.2976511 0.3073415 -0.9038501 -0.2976511 0.05649598 -0.9579201 0.2814203 0.05649598 -0.9579201 0.2814203 0.05649598 -0.9579201 0.2814203 -0.02664164 -0.6686031 -0.743142 -0.02664164 -0.6686031 -0.743142 -0.02664164 -0.6686031 -0.743142 -0.02664164 -0.6686031 -0.743142 -0.05620596 -0.9905474 -0.1251263 -0.05620596 -0.9905474 -0.1251263 -0.05620596 -0.9905474 -0.1251263 -0.05620596 -0.9905474 -0.1251263 -0.05827609 -0.8852377 0.4614738 -0.05827609 -0.8852377 0.4614738 -0.05827609 -0.8852377 0.4614738 -0.05827609 -0.8852377 0.4614738 -0.03938647 -0.5237596 0.850955 -0.03938647 -0.5237596 0.850955 -0.03938647 -0.5237596 0.850955 -0.03938647 -0.5237596 0.850955 0 -0.7410238 -0.6714788 -0.03153577 -0.727554 -0.6853253 -0.03153577 -0.727554 -0.6853253 9.15e-4 -0.208791 -0.9779599 0 -1 0 -0.01733595 -0.992776 -0.1187231 -0.01733595 -0.992776 -0.1187231 0 -0.7410238 -0.6714788 0 -1 0 0 -0.809018 0.587784 0.004064386 -0.897193 0.4416198 0.004064386 -0.897193 0.4416198 -5.52e-4 -0.2419979 0.9702767 0.02272589 -0.5076088 0.8612879 0.02272589 -0.5076088 0.8612879 0 -0.809018 0.587784 -0.1501094 -0.900681 -0.4077265 -0.1501094 -0.900681 -0.4077265 -0.1501094 -0.900681 -0.4077265 -0.1501094 -0.900681 -0.4077265 -0.1971569 -0.9654517 0.1703882 -0.1971569 -0.9654517 0.1703882 -0.1971569 -0.9654517 0.1703882 -0.1971569 -0.9654517 0.1703882 -0.1795822 -0.731042 0.6582763 -0.1795822 -0.731042 0.6582763 -0.1795822 -0.731042 0.6582763 -0.1795822 -0.731042 0.6582763 -0.09816091 -0.2309067 0.9680116 -0.09816091 -0.2309067 0.9680116 -0.09816091 -0.2309067 0.9680116 -0.09816091 -0.2309067 0.9680116 0 -0.7410238 -0.6714788 -0.1375719 -0.8142099 -0.5640357 -0.1375719 -0.8142099 -0.5640357 9.15e-4 -0.208791 -0.9779599 0 -1 0 -0.04516479 -0.9989076 -0.0119915 -0.04516479 -0.9989076 -0.0119915 0 -0.7410238 -0.6714788 0 -1 0 0 -0.809018 0.587784 0.07454247 -0.8094993 0.5823694 0.07454247 -0.8094993 0.5823694 -5.52e-4 -0.2419979 0.9702767 0.1618043 -0.2691899 0.9493977 0.1618043 -0.2691899 0.9493977 0 -0.809018 0.587784 0.1369745 0.4380731 0.8884425 0.001236 0.156357 0.9876999 0.001661999 0.4066499 0.9135827 9.17e-4 -0.200838 0.9796241 0.04138416 0.4673385 0.8831092 0.04138416 0.4673385 0.8831092 0.001236 0.156357 0.9876999 0.04138416 0.4673385 0.8831092 0.001232999 0.1486139 -0.9888945 0.001654 0.41256 -0.910929 9.15e-4 -0.208791 -0.9779599 -0.1727948 -0.3588269 -0.9172704 -0.03947758 -0.4688171 -0.8824126 -0.03947758 -0.4688171 -0.8824126 -0.03947758 -0.4688171 -0.8824126 -0.001655999 0.2037689 -0.9790176 0.008213147 -0.06179934 -0.9980547 0.008213147 -0.06179934 -0.9980547 0.008213147 -0.06179934 -0.9980547 -0.001655999 0.2037689 -0.9790176 0.001232999 0.1486139 -0.9888945 0.001654 0.41256 -0.910929 9.15e-4 -0.208791 -0.9779599 -0.02873317 -0.1412849 -0.989552 0.005006921 0.04725871 0.99887 0.001236 0.156357 0.9876999 0.001661999 0.4066499 0.9135827 9.17e-4 -0.200838 0.9796241 -0.008207171 0.05556378 0.9984214 -0.008207171 0.05556378 0.9984214 0.001236 0.156357 0.9876999 -0.008207171 0.05556378 0.9984214 -0.05235902 0.1360085 0.9893231 -0.05235902 0.1360085 0.9893231 -0.05235902 0.1360085 0.9893231 -0.05235902 0.1360085 0.9893231 -0.03899442 0.9865262 -0.1588877 -0.03899442 0.9865262 -0.1588877 -0.03899442 0.9865262 -0.1588877 -0.03899442 0.9865262 -0.1588877 0.05471926 -0.1439699 -0.988068 0.05471926 -0.1439699 -0.988068 0.05471926 -0.1439699 -0.988068 0.05471926 -0.1439699 -0.988068 0.0801878 -0.7149627 -0.6945489 0.0801878 -0.7149627 -0.6945489 0.0801878 -0.7149627 -0.6945489 0.0801878 -0.7149627 -0.6945489 0.06945383 -0.9895071 -0.1266961 0.06945383 -0.9895071 -0.1266961 0.06945383 -0.9895071 -0.1266961 0.06945383 -0.9895071 -0.1266961 0.02905157 -0.8936445 0.4478342 0.02905157 -0.8936445 0.4478342 0.02905157 -0.8936445 0.4478342 0.02905157 -0.8936445 0.4478342 -0.01800834 -0.4987871 0.8665373 -0.01800834 -0.4987871 0.8665373 -0.01800834 -0.4987871 0.8665373 -0.01800834 -0.4987871 0.8665373 -0.03785809 0.948167 -0.3155092 -0.03785809 0.948167 -0.3155092 -0.03785809 0.948167 -0.3155092 -0.03785809 0.948167 -0.3155092 0.2083091 -0.4194521 -0.8835538 0.2083091 -0.4194521 -0.8835538 0.2083091 -0.4194521 -0.8835538 0.2083091 -0.4194521 -0.8835538 0.1724018 -0.8221295 -0.5425685 0.1724018 -0.8221295 -0.5425685 0.1724018 -0.8221295 -0.5425685 0.1724018 -0.8221295 -0.5425685 0.07132082 -0.9974283 0.007060598 0.07132082 -0.9974283 0.007060598 0.07132082 -0.9974283 0.007060598 0.07132082 -0.9974283 0.007060598 -0.06432562 -0.773568 0.63044 -0.06432562 -0.773568 0.63044 -0.06432562 -0.773568 0.63044 -0.06432562 -0.773568 0.63044 -0.1625481 -0.1887632 0.9684763 -0.1625481 -0.1887632 0.9684763 -0.1625481 -0.1887632 0.9684763 -0.1625481 -0.1887632 0.9684763 -0.194204 0.4177871 0.8875464 -0.194204 0.4177871 0.8875464 -0.194204 0.4177871 0.8875464 -0.194204 0.4177871 0.8875464 -0.02725025 0.931081 -0.3637932 -0.02725025 0.931081 -0.3637932 -0.02725025 0.931081 -0.3637932 -0.02725025 0.931081 -0.3637932 0.2088487 -0.4737874 -0.855516 0.2088487 -0.4737874 -0.855516 0.2088487 -0.4737874 -0.855516 0.2088487 -0.4737874 -0.855516 0.1600467 -0.8797997 -0.4475905 0.1600467 -0.8797997 -0.4475905 0.1600467 -0.8797997 -0.4475905 0.1600467 -0.8797997 -0.4475905 0.05391857 -0.9934263 0.1009792 0.05391857 -0.9934263 0.1009792 0.05391857 -0.9934263 0.1009792 0.05391857 -0.9934263 0.1009792 -0.06725466 -0.7630371 0.6428459 -0.06725466 -0.7630371 0.6428459 -0.06725466 -0.7630371 0.6428459 -0.06725466 -0.7630371 0.6428459 -0.1612009 -0.202138 0.9659992 -0.1612009 -0.202138 0.9659992 -0.1612009 -0.202138 0.9659992 -0.1612009 -0.202138 0.9659992 -0.1935876 0.4707691 0.8607555 -0.1935876 0.4707691 0.8607555 -0.1935876 0.4707691 0.8607555 -0.1935876 0.4707691 0.8607555 0 1 0 -0.01357528 0.9550053 -0.2962777 -0.01357528 0.9550053 -0.2962777 0 1 0 0.001232999 0.1486139 -0.9888945 -0.1230086 -0.4011826 -0.907701 -0.1230086 -0.4011826 -0.907701 -0.1230086 -0.4011826 -0.907701 -0.09560491 -0.8248216 -0.5572513 -0.09560491 -0.8248216 -0.5572513 -0.09560491 -0.8248216 -0.5572513 -0.09560491 -0.8248216 -0.5572513 -0.02929253 -0.9994817 -0.01334594 -0.02929253 -0.9994817 -0.01334594 -0.02929253 -0.9994817 -0.01334594 -0.02929253 -0.9994817 -0.01334594 0.05893023 -0.8031351 0.5928752 0.05893023 -0.8031351 0.5928752 0.05893023 -0.8031351 0.5928752 0.05893023 -0.8031351 0.5928752 0.1221879 -0.2368756 0.9638257 0.1221879 -0.2368756 0.9638257 0.1221879 -0.2368756 0.9638257 0.1221879 -0.2368756 0.9638257 0.1244421 0.4004532 0.9078278 -0.001659001 0.2058111 0.9785904 0.1244421 0.4004532 0.9078278 0.1244421 0.4004532 0.9078278 0.01347334 0.1597701 0.9870623 -0.001659001 0.2058111 0.9785904 0.01347334 0.1597701 0.9870623 0.01347334 0.1597701 0.9870623 0 1 0 -0.003799108 0.9874499 -0.1578863 -0.003799108 0.9874499 -0.1578863 0 1 0 0.001232999 0.1486139 -0.9888945 -0.01261443 -0.1662953 -0.9859952 -0.01261443 -0.1662953 -0.9859952 -0.01261443 -0.1662953 -0.9859952 -0.008799296 -0.7355531 -0.6774098 -0.008799296 -0.7355531 -0.6774098 -0.008799296 -0.7355531 -0.6774098 -0.008799296 -0.7355531 -0.6774098 1.6539e-4 -0.9930171 -0.1179699 1.6539e-4 -0.9930171 -0.1179699 1.6539e-4 -0.9930171 -0.1179699 1.6539e-4 -0.9930171 -0.1179699 0.009255828 -0.8967637 0.4424127 0.009255828 -0.8967637 0.4424127 0.009255828 -0.8967637 0.4424127 0.009255828 -0.8967637 0.4424127 0.01468761 -0.4984979 0.8667665 0.01468761 -0.4984979 0.8667665 0.01468761 -0.4984979 0.8667665 0.01468761 -0.4984979 0.8667665 -0.03867345 0.9855024 -0.1651944 -0.03867345 0.9855024 -0.1651944 -0.03867345 0.9855024 -0.1651944 -0.03867345 0.9855024 -0.1651944 0.05219075 -0.08965398 -0.9946045 0.05219075 -0.08965398 -0.9946045 0.05219075 -0.08965398 -0.9946045 0.05219075 -0.08965398 -0.9946045 0.07994459 -0.6761191 -0.7324423 0.07994459 -0.6761191 -0.7324423 0.07994459 -0.6761191 -0.7324423 0.07994459 -0.6761191 -0.7324423 0.06985175 -0.9884189 -0.1347169 0.06985175 -0.9884189 -0.1347169 0.06985175 -0.9884189 -0.1347169 0.06985175 -0.9884189 -0.1347169 0.02800069 -0.8876287 0.4597077 0.02800069 -0.8876287 0.4597077 0.02800069 -0.8876287 0.4597077 0.02800069 -0.8876287 0.4597077 -0.01713502 -0.5088613 0.8606778 -0.01713502 -0.5088613 0.8606778 -0.01713502 -0.5088613 0.8606778 -0.01713502 -0.5088613 0.8606778 -0.05004037 0.08257895 0.9953274 -0.05004037 0.08257895 0.9953274 -0.05004037 0.08257895 0.9953274 -0.05004037 0.08257895 0.9953274 -0.004448272 -0.05132096 -0.9986722 -0.008610117 -0.0513011 -0.9986461 -0.008610117 -0.0513011 -0.9986461 -0.04860799 -0.1750104 -0.9833661 -0.1100307 -0.3654763 -0.9242944 -0.1100307 -0.3654763 -0.9242944 -0.04860799 -0.1750104 -0.9833661 -0.755854 -0.09383328 -0.6479815 -0.755854 -0.09383328 -0.6479815 -0.7657149 -0.09902784 -0.6355108 -0.7657149 -0.09902784 -0.6355108 -0.9962282 0.03608306 0.07891377 -0.9962282 0.03608306 0.07891377 -0.9739496 0.2250502 0.0278339 -0.9739496 0.2250502 0.0278339 -0.6639296 0.1386432 0.7348303 -0.6639296 0.1386432 0.7348303 -0.6104842 0.4142971 0.6750309 -0.6104842 0.4142971 0.6750309 0.0463043 0.1665146 0.9849512 0.0463043 0.1665146 0.9849512 0.1086923 0.3615248 0.9260053 0.1086923 0.3615248 0.9260053 0.756086 0.09494116 0.6475493 0.756086 0.09494116 0.6475493 0.7655667 0.09842065 0.6357837 0.7655667 0.09842065 0.6357837 0.9961351 -0.04180275 -0.07724851 0.9961351 -0.04180275 -0.07724851 0.9739576 -0.225013 -0.02784885 0.9739576 -0.225013 -0.02784885 0.6628736 -0.156318 -0.7322317 0.6628736 -0.156318 -0.7322317 0.6095263 -0.4182495 -0.6734575 0.6095263 -0.4182495 -0.6734575 -0.04746593 -0.1733774 -0.9837109 -0.04746593 -0.1733774 -0.9837109 -0.1092107 -0.3644483 -0.9247976 -0.1092107 -0.3644483 -0.9247976 -0.1343407 -0.4339924 -0.890844 -0.1343407 -0.4339924 -0.890844 -0.7673638 -0.100462 -0.6332931 -0.7673638 -0.100462 -0.6332931 -0.9552798 0.2957032 0 -0.9552798 0.2957032 0 -0.5767551 0.5152152 0.6339612 -0.5767551 0.5152152 0.6339612 0.1337554 0.4321019 0.8918505 0.1337554 0.4321019 0.8918505 0.7669991 0.09924354 0.6339269 0.7669991 0.09924354 0.6339269 0.9552798 -0.2957034 0 0.9552798 -0.2957034 0 0.5764524 -0.5164168 -0.6332585 0.5764524 -0.5164168 -0.6332585 -0.1343412 -0.4339931 -0.8908436 -0.1343412 -0.4339931 -0.8908436 -0.1343407 -0.4339924 -0.890844 -0.1343407 -0.4339923 -0.890844 -0.1343407 -0.4339923 -0.890844 -0.1343407 -0.4339924 -0.890844 -0.7666084 -0.1011282 -0.6341015 -0.7666084 -0.1011282 -0.6341015 -0.3826829 0 -0.9238797 -0.9238797 0 -0.3826829 -0.9552798 0.2957034 0 -0.9552798 0.2957034 0 -0.9238797 0 -0.3826829 -0.9238797 0 0.3826829 -0.5757003 0.515342 0.6348163 -0.5757003 0.515342 0.6348163 -0.9238797 0 0.3826829 -0.3826829 0 0.9238797 0.1337555 0.432102 0.8918505 0.1337555 0.432102 0.8918505 -0.3826829 0 0.9238797 0.3826829 0 0.9238797 0.7661996 0.09994467 0.6347829 0.7661996 0.09994467 0.6347829 0.3826829 0 0.9238797 0.9238797 0 0.3826829 0.9552797 -0.2957034 0 0.9552797 -0.2957034 0 0.9238797 0 0.3826829 0.9238797 0 -0.3826829 0.5754527 -0.5165393 -0.6340672 0.5754527 -0.5165393 -0.6340672 0.9238797 0 -0.3826829 0.3826829 0 -0.9238797 -0.1343412 -0.4339926 -0.8908437 -0.1343412 -0.4339926 -0.8908437 0.3826829 0 -0.9238797 -0.1343408 -0.4339913 -0.8908445 0.3047 0.06431802 0.9502742 -0.3827432 0.08520304 0.9199174 0.03296929 0.1046422 0.9939633 0.03296929 0.1046422 0.9939633 -0.3827432 0.08520304 0.9199174 -0.9233618 0.04470899 0.3813189 -0.662595 0.07990162 0.7447037 -0.662595 0.07990162 0.7447037 -0.9233618 0.04470899 0.3813189 -0.9238521 -0.022343 -0.3820971 -0.9958784 0.03059286 0.08538277 -0.9958784 0.03059286 0.08538277 -0.9238521 -0.022343 -0.3820971 -0.3815619 -0.07613198 -0.9212028 -0.7490981 -0.04717596 -0.6607772 -0.7490981 -0.04717596 -0.6607772 -0.3815619 -0.07613198 -0.9212028 0.4358822 -0.09200805 -0.8952884 -0.03206031 -0.1166485 -0.9926556 -0.03206031 -0.1166485 -0.9926556 0.4358822 -0.09200805 -0.8952884 0.9522113 -0.02672201 -0.304269 0.6633065 -0.1203297 -0.7386103 0.6633065 -0.1203297 -0.7386103 0.9522113 -0.02672201 -0.304269 0.8993422 0.03825301 0.4355691 0.99545 -0.03923438 -0.08683304 0.99545 -0.03923438 -0.08683304 0.8993422 0.03825301 0.4355691 0.3047 0.06431802 0.9502742 0.7496699 0.06366058 0.6587429 0.7496699 0.06366058 0.6587429 0.06779467 0.1047081 0.9921895 0.06779467 0.1047081 0.9921895 -0.6155464 0.08473971 0.7835316 -0.6155464 0.08473971 0.7835316 -0.9834213 0.0414684 0.1765301 -0.9834213 0.0414684 0.1765301 -0.7928238 -0.03835754 -0.6082426 -0.7928238 -0.03835754 -0.6082426 -0.06611553 -0.1145396 -0.9912161 -0.06611553 -0.1145396 -0.9912161 0.6174499 -0.1218943 -0.7771084 0.6174499 -0.1218943 -0.7771084 0.9823011 -0.04848937 -0.1809228 0.9823011 -0.04848937 -0.1809228 0.7939818 0.05844864 0.6051252 0.7939818 0.05844864 0.6051252 0.8406283 0.1066199 0.5310142 0.8406283 0.1066199 0.5310142 0.1149747 0.1820884 0.976537 0.1149747 0.1820884 0.976537 -0.569572 0.1443525 0.8091662 -0.569572 0.1443525 0.8091662 -0.9642716 0.04866891 0.2604065 -0.9642716 0.04866891 0.2604065 -0.8407422 -0.09532834 -0.5329776 -0.8407422 -0.09532834 -0.5329776 -0.1129849 -0.1863961 -0.9759564 -0.1129849 -0.1863961 -0.9759564 0.5705651 -0.1585388 -0.8058046 0.5705651 -0.1585388 -0.8058046 0.9620765 -0.04984438 -0.2681866 0.9620765 -0.04984438 -0.2681866 0.1740703 0.2906843 0.9408519 0.1740703 0.2906843 0.9408519 -0.5287577 0.2291401 0.8172577 -0.5287577 0.2291401 0.8172577 -0.9504066 0.05287445 0.3064824 -0.9504066 0.05287445 0.3064824 -0.8697413 -0.1803434 -0.4593761 -0.8697413 -0.1803434 -0.4593761 -0.1727311 -0.290832 -0.941053 -0.1727311 -0.290832 -0.941053 0.5289848 -0.2145894 -0.821052 0.5289848 -0.2145894 -0.821052 0.9477117 -0.0465993 -0.3157071 0.9477117 -0.0465993 -0.3157071 0.8695163 0.175451 0.4616909 0.8695163 0.175451 0.4616909 0.8831659 0.1908069 0.4284981 0.8831659 0.1908069 0.4284981 0.2342201 0.3220077 0.9173068 0.2342201 0.3220077 0.9173068 -0.4934268 0.2610858 0.8296772 -0.4934268 0.2610858 0.8296772 -0.9459918 0.05643224 0.319241 -0.9459918 0.05643224 0.319241 -0.8827602 -0.2009512 -0.42468 -0.8827602 -0.2009512 -0.42468 -0.2337129 -0.3221789 -0.9173762 -0.2337129 -0.3221789 -0.9173762 0.4932665 -0.2386599 -0.8364984 0.4932665 -0.2386599 -0.8364984 0.9438979 -0.04714747 -0.3268544 0.9438979 -0.04714747 -0.3268544 0.603747 0 0.797176 -0.1367731 0 0.9906025 0.401779 0.1198536 0.9078594 0.401779 0.1198536 0.9078594 -0.1367731 0 0.9906025 -0.7971743 0 0.6037493 -0.3591344 0.02910383 0.932832 -0.3591344 0.02910383 0.932832 -0.7971743 0 0.6037493 -0.9906024 0 -0.136774 -0.8986528 -0.07111706 0.4328575 -0.8986528 -0.07111706 0.4328575 -0.9906024 0 -0.136774 -0.603747 0 -0.797176 -0.9357196 -0.1301194 -0.3278684 -0.9357196 -0.1301194 -0.3278684 -0.603747 0 -0.797176 0.1367731 0 -0.9906025 -0.4018117 -0.1185922 -0.9080104 -0.4018117 -0.1185922 -0.9080104 0.1367731 0 -0.9906025 0.7971743 0 -0.6037493 0.3598766 -0.04217039 -0.9320462 0.3598766 -0.04217039 -0.9320462 0.7971743 0 -0.6037493 0.9906024 0 0.136774 0.8996491 0.06035676 -0.4324216 0.8996491 0.06035676 -0.4324216 0.9906024 0 0.136774 0.603747 0 0.797176 0.9355816 0.1336467 0.3268421 0.9355816 0.1336467 0.3268421 0.4384419 0.123156 0.8902815 0.4384419 0.123156 0.8902815 0.4384419 0.123156 0.8902815 0.4384419 0.123156 0.8902815 -0.3181043 0.03552706 0.9473898 -0.3181043 0.03552706 0.9473898 -0.3181043 0.03552706 0.9473898 -0.3181043 0.03552706 0.9473898 -0.8601289 -0.06018 0.5065138 -0.8601289 -0.06018 0.5065138 -0.8601289 -0.06018 0.5065138 -0.8601289 -0.06018 0.5065138 -0.960789 -0.1257093 -0.247147 -0.960789 -0.1257093 -0.247147 -0.960789 -0.1257093 -0.247147 -0.960789 -0.1257093 -0.247147 -0.4385624 -0.1206936 -0.8905593 -0.4385624 -0.1206936 -0.8905593 -0.4385624 -0.1206936 -0.8905593 -0.4385624 -0.1206936 -0.8905593 0.3194524 -0.04727793 -0.9464222 0.3194524 -0.04727793 -0.9464222 0.3194524 -0.04727793 -0.9464222 0.3194524 -0.04727793 -0.9464222 0.8606214 0.05051039 -0.5067338 0.8606214 0.05051039 -0.5067338 0.8606214 0.05051039 -0.5067338 0.8606214 0.05051039 -0.5067338 0.9607672 0.1304399 0.2447685 0.9607672 0.1304399 0.2447685 0.9607672 0.1304399 0.2447685 0.9607672 0.1304399 0.2447685 0.9816148 0.1253235 0.1439666 0.9816148 0.1253235 0.1439666 0.9816148 0.1253235 0.1439666 0.9816148 0.1253235 0.1439666 0.4816209 0.1268593 0.8671492 0.4816209 0.1268593 0.8671492 0.4816209 0.1268593 0.8671492 0.4816209 0.1268593 0.8671492 -0.2723433 0.04250063 0.961261 -0.2723433 0.04250063 0.961261 -0.2723433 0.04250063 0.961261 -0.2723433 0.04250063 0.961261 -0.8110349 -0.04772463 0.5830478 -0.8110349 -0.04772463 0.5830478 -0.8110349 -0.04772463 0.5830478 -0.8110349 -0.04772463 0.5830478 -0.9817358 -0.1192487 -0.1482377 -0.9817358 -0.1192487 -0.1482377 -0.9817358 -0.1192487 -0.1482377 -0.9817358 -0.1192487 -0.1482377 -0.4818698 -0.1229595 -0.8675727 -0.4818698 -0.1229595 -0.8675727 -0.4818698 -0.1229595 -0.8675727 -0.4818698 -0.1229595 -0.8675727 0.2742779 -0.05279588 -0.9602 0.2742779 -0.05279588 -0.9602 0.2742779 -0.05279588 -0.9602 0.2742779 -0.05279588 -0.9602 0.8108402 0.03931532 -0.5839455 0.8108402 0.03931532 -0.5839455 0.8108402 0.03931532 -0.5839455 0.8108402 0.03931532 -0.5839455 0.9928224 0.09682263 0.07020752 0.9928224 0.09682263 0.07020752 0.9928224 0.09682263 0.07020752 0.9928224 0.09682263 0.07020752 0.5375215 0.2491397 0.8056053 0.5375215 0.2491397 0.8056053 0.5375215 0.2491397 0.8056053 0.5375215 0.2491397 0.8056053 -0.2246131 0.2273128 0.9475641 -0.2246131 0.2273128 0.9475641 -0.2246131 0.2273128 0.9475641 -0.2246131 0.2273128 0.9475641 -0.7848649 0.09753539 0.6119427 -0.7848649 0.09753539 0.6119427 -0.7848649 0.09753539 0.6119427 -0.7848649 0.09753539 0.6119427 -0.9925826 -0.09696829 -0.07332724 -0.9925826 -0.09696829 -0.07332724 -0.9925826 -0.09696829 -0.07332724 -0.9925826 -0.09696829 -0.07332724 -0.5382199 -0.250457 -0.8047302 -0.5382199 -0.250457 -0.8047302 -0.5382199 -0.250457 -0.8047302 -0.5382199 -0.250457 -0.8047302 0.2261054 -0.2250992 -0.9477376 0.2261054 -0.2250992 -0.9477376 0.2261054 -0.2250992 -0.9477376 0.2261054 -0.2250992 -0.9477376 0.7828856 -0.09449053 -0.6149484 0.7828856 -0.09449053 -0.6149484 0.7828856 -0.09449053 -0.6149484 0.7828856 -0.09449053 -0.6149484 0.5832753 0.2887477 0.7592196 0.5832753 0.2887477 0.7592196 0.5832753 0.2887477 0.7592196 0.5832753 0.2887477 0.7592196 -0.1728569 0.3048525 0.9365817 -0.1728569 0.3048525 0.9365817 -0.1728569 0.3048525 0.9365817 -0.1728569 0.3048525 0.9365817 -0.7691242 0.1614441 0.6183718 -0.7691242 0.1614441 0.6183718 -0.7691242 0.1614441 0.6183718 -0.7691242 0.1614441 0.6183718 -0.9953757 -0.08187376 -0.05023668 -0.9953757 -0.08187376 -0.05023668 -0.9953757 -0.08187376 -0.05023668 -0.9953757 -0.08187376 -0.05023668 -0.5836773 -0.2933134 -0.7571577 -0.5836773 -0.2933134 -0.7571577 -0.5836773 -0.2933134 -0.7571577 -0.5836773 -0.2933134 -0.7571577 0.1738304 -0.2994944 -0.9381289 0.1738304 -0.2994944 -0.9381289 0.1738304 -0.2994944 -0.9381289 0.1738304 -0.2994944 -0.9381289 0.7675073 -0.1542102 -0.6222151 0.7675073 -0.1542102 -0.6222151 0.7675073 -0.1542102 -0.6222151 0.7675073 -0.1542102 -0.6222151 0.9956591 0.07937193 0.04860984 0.9956591 0.07937193 0.04860984 0.9956591 0.07937193 0.04860984 0.9956591 0.07937193 0.04860984 0.9960467 0.07762662 0.04318736 0.9960467 0.07762662 0.04318736 0.9960467 0.07762662 0.04318736 0.9960467 0.07762662 0.04318736 0.6199224 0.2821672 0.7321733 0.6199224 0.2821672 0.7321733 0.6199224 0.2821672 0.7321733 0.6199224 0.2821672 0.7321733 -0.1241636 0.3100512 0.9425771 -0.1241636 0.3100512 0.9425771 -0.1241636 0.3100512 0.9425771 -0.1241636 0.3100512 0.9425771 -0.75936 0.1657888 0.6291951 -0.75936 0.1657888 0.6291951 -0.75936 0.1657888 0.6291951 -0.75936 0.1657888 0.6291951 -0.9958498 -0.07972977 -0.04388769 -0.9958498 -0.07972977 -0.04388769 -0.9958498 -0.07972977 -0.04388769 -0.9958498 -0.07972977 -0.04388769 -0.6200164 -0.2865987 -0.7303702 -0.6200164 -0.2865987 -0.7303702 -0.6200164 -0.2865987 -0.7303702 -0.6200164 -0.2865987 -0.7303702 0.1245348 -0.3046694 -0.9442814 0.1245348 -0.3046694 -0.9442814 0.1245348 -0.3046694 -0.9442814 0.1245348 -0.3046694 -0.9442814 0.7582703 -0.1581414 -0.6324694 0.7582703 -0.1581414 -0.6324694 0.7582703 -0.1581414 -0.6324694 0.7582703 -0.1581414 -0.6324694 -0.603747 0 0.797176 -0.3766655 -0.03642295 0.9256329 -0.3766655 -0.03642295 0.9256329 0.1367731 0 0.9906025 -0.9906024 0 0.136774 -0.9039494 -0.1226651 0.409669 -0.9039494 -0.1226651 0.409669 -0.603747 0 0.797176 -0.7971743 0 -0.6037493 -0.927285 -0.1386409 -0.347737 -0.927285 -0.1386409 -0.347737 -0.9906024 0 0.136774 -0.1367731 0 -0.9906025 -0.388027 -0.0757134 -0.9185328 -0.388027 -0.0757134 -0.9185328 -0.7971743 0 -0.6037493 0.603747 0 -0.797176 0.376931 0.02585188 -0.9258804 0.376931 0.02585188 -0.9258804 -0.1367731 0 -0.9906025 0.9906024 0 -0.136774 0.9059063 0.1102768 -0.4088675 0.9059063 0.1102768 -0.4088675 0.603747 0 -0.797176 0.7971743 0 0.6037493 0.9275284 0.135255 0.3484208 0.9275284 0.135255 0.3484208 0.9906024 0 -0.136774 0.1367731 0 0.9906025 0.3879429 0.07446474 0.9186704 0.3879429 0.07446474 0.9186704 0.7971743 0 0.6037493 -0.8922796 -0.1203975 0.4351338 -0.8922796 -0.1203975 0.4351338 -0.8922796 -0.1203975 0.4351338 -0.8922796 -0.1203975 0.4351338 -0.939238 -0.1394864 -0.3136487 -0.939238 -0.1394864 -0.3136487 -0.939238 -0.1394864 -0.3136487 -0.939238 -0.1394864 -0.3136487 -0.3975755 -0.07688705 -0.9143423 -0.3975755 -0.07688705 -0.9143423 -0.3975755 -0.07688705 -0.9143423 -0.3975755 -0.07688705 -0.9143423 0.3729925 0.02529476 -0.9274895 0.3729925 0.02529476 -0.9274895 0.3729925 0.02529476 -0.9274895 0.3729925 0.02529476 -0.9274895 0.8943541 0.1081482 -0.4340903 0.8943541 0.1081482 -0.4340903 0.8943541 0.1081482 -0.4340903 0.8943541 0.1081482 -0.4340903 0.9394057 0.1361576 0.3146074 0.9394057 0.1361576 0.3146074 0.9394057 0.1361576 0.3146074 0.9394057 0.1361576 0.3146074 0.3973947 0.07573966 0.9145167 0.3973947 0.07573966 0.9145167 0.3973947 0.07573966 0.9145167 0.3973947 0.07573966 0.9145167 -0.3732031 -0.03588371 0.9270554 -0.3732031 -0.03588371 0.9270554 -0.3732031 -0.03588371 0.9270554 -0.3732031 -0.03588371 0.9270554 -0.878888 -0.1178402 0.4622443 -0.878888 -0.1178402 0.4622443 -0.878888 -0.1178402 0.4622443 -0.878888 -0.1178402 0.4622443 -0.9513226 -0.1402246 -0.2744491 -0.9513226 -0.1402246 -0.2744491 -0.9513226 -0.1402246 -0.2744491 -0.9513226 -0.1402246 -0.2744491 -0.4085479 -0.0782326 -0.9093779 -0.4085479 -0.0782326 -0.9093779 -0.4085479 -0.0782326 -0.9093779 -0.4085479 -0.0782326 -0.9093779 0.3686717 0.02468418 -0.9292318 0.3686717 0.02468418 -0.9292318 0.3686717 0.02468418 -0.9292318 0.3686717 0.02468418 -0.9292318 0.8810996 0.1057535 -0.4609551 0.8810996 0.1057535 -0.4609551 0.8810996 0.1057535 -0.4609551 0.8810996 0.1057535 -0.4609551 0.9514319 0.1369702 0.2757111 0.9514319 0.1369702 0.2757111 0.9514319 0.1369702 0.2757111 0.9514319 0.1369702 0.2757111 0.4082852 0.07720502 0.9095837 0.4082852 0.07720502 0.9095837 0.4082852 0.07720502 0.9095837 0.4082852 0.07720502 0.9095837 -0.3694024 -0.03529233 0.9285991 -0.3694024 -0.03529233 0.9285991 -0.3694024 -0.03529233 0.9285991 -0.3694024 -0.03529233 0.9285991 -0.8799089 0.2135848 0.4244308 -0.8799089 0.2135848 0.4244308 -0.8799089 0.2135848 0.4244308 -0.8799089 0.2135848 0.4244308 -0.952558 0.008347207 -0.3042425 -0.952558 0.008347207 -0.3042425 -0.952558 0.008347207 -0.3042425 -0.952558 0.008347207 -0.3042425 -0.4571211 -0.2079456 -0.8647536 -0.4571211 -0.2079456 -0.8647536 -0.4571211 -0.2079456 -0.8647536 -0.4571211 -0.2079456 -0.8647536 0.3063982 -0.2987028 -0.9038233 0.3063982 -0.2987028 -0.9038233 0.3063982 -0.2987028 -0.9038233 0.3063982 -0.2987028 -0.9038233 0.8797332 -0.2154309 -0.4238619 0.8797332 -0.2154309 -0.4238619 0.8797332 -0.2154309 -0.4238619 0.8797332 -0.2154309 -0.4238619 0.9526072 -0.008024028 0.3040971 0.9526072 -0.008024028 0.3040971 0.9526072 -0.008024028 0.3040971 0.9526072 -0.008024028 0.3040971 0.4566593 0.206375 0.8653737 0.4566593 0.206375 0.8653737 0.4566593 0.206375 0.8653737 0.4566593 0.206375 0.8653737 -0.3072546 0.2948914 0.9047837 -0.3072546 0.2948914 0.9047837 -0.3072546 0.2948914 0.9047837 -0.3072546 0.2948914 0.9047837 -0.8302578 0.4380869 0.3446039 -0.8302578 0.4380869 0.3446039 -0.8302578 0.4380869 0.3446039 -0.8302578 0.4380869 0.3446039 -0.932611 0.1074321 -0.3445216 -0.932611 0.1074321 -0.3445216 -0.932611 0.1074321 -0.3445216 -0.932611 0.1074321 -0.3445216 -0.4856698 -0.2848169 -0.8264406 -0.4856698 -0.2848169 -0.8264406 -0.4856698 -0.2848169 -0.8264406 -0.4856698 -0.2848169 -0.8264406 0.2398264 -0.5093919 -0.82644 0.2398264 -0.5093919 -0.82644 0.2398264 -0.5093919 -0.82644 0.2398264 -0.5093919 -0.82644 0.8302094 -0.4382443 -0.3445202 0.8302094 -0.4382443 -0.3445202 0.8302094 -0.4382443 -0.3445202 0.8302094 -0.4382443 -0.3445202 0.9325631 -0.1075849 0.3446034 0.9325631 -0.1075849 0.3446034 0.9325631 -0.1075849 0.3446034 0.9325631 -0.1075849 0.3446034 0.485392 0.2839117 0.8269151 0.485392 0.2839117 0.8269151 0.485392 0.2839117 0.8269151 0.485392 0.2839117 0.8269151 -0.2401074 0.5084879 0.826915 -0.2401074 0.5084879 0.826915 -0.2401074 0.5084879 0.826915 -0.2401074 0.5084879 0.826915 -0.8296532 0.4384335 0.3456177 -0.8296532 0.4384335 0.3456177 -0.8296532 0.4384335 0.3456177 -0.8296532 0.4384335 0.3456177 -0.9323111 0.1068099 -0.3455247 -0.9323111 0.1068099 -0.3455247 -0.9323111 0.1068099 -0.3455247 -0.9323111 0.1068099 -0.3455247 -0.4846796 -0.2853352 -0.826843 -0.4846796 -0.2853352 -0.826843 -0.4846796 -0.2853352 -0.826843 -0.4846796 -0.2853352 -0.826843 0.2387166 -0.5092599 -0.8268425 0.2387166 -0.5092599 -0.8268425 0.2387166 -0.5092599 -0.8268425 0.2387166 -0.5092599 -0.8268425 0.8296121 -0.4385858 -0.3455231 0.8296121 -0.4385858 -0.3455231 0.8296121 -0.4385858 -0.3455231 0.8296121 -0.4385858 -0.3455231 0.9322598 -0.106961 0.345617 0.9322598 -0.106961 0.345617 0.9322598 -0.106961 0.345617 0.9322598 -0.106961 0.345617 0.4843717 0.2844452 0.82733 0.4843717 0.2844452 0.82733 0.4843717 0.2844452 0.82733 0.4843717 0.2844452 0.82733 -0.2389638 0.5083511 0.8273302 -0.2389638 0.5083511 0.8273302 -0.2389638 0.5083511 0.8273302 -0.2389638 0.5083511 0.8273302 -0.9449115 0.3273261 0 -0.9908433 -0.1252134 0.05050743 -0.9908433 -0.1252134 0.05050743 -0.7559297 -0.6546528 0 -0.1889831 0.9819804 0 -0.3859759 0.9108024 -0.1464975 -0.3859759 0.9108024 -0.1464975 -0.9449115 0.3273261 0 0.7559297 0.6546528 0 0.4515632 0.8774009 -0.1620441 0.4515632 0.8774009 -0.1620441 -0.1889831 0.9819804 0 0.9449115 -0.3273261 0 0.9916647 0.1189897 -0.04942094 0.9916647 0.1189897 -0.04942094 0.7559297 0.6546528 0 0.1889831 -0.9819804 0 0.3770017 -0.9127943 0.1570867 0.3770017 -0.9127943 0.1570867 0.9449115 -0.3273261 0 -0.7559297 -0.6546528 0 -0.4583304 -0.8712433 0.1756937 -0.4583304 -0.8712433 0.1756937 0.1889831 -0.9819804 0 -0.9449115 -0.3273261 0 -0.7559297 0.6546528 0 -0.9927213 -0.07222325 0.09637555 -0.9927213 -0.07222325 0.09637555 -0.7559297 0.6546528 0 0.1889831 0.9819804 0 -0.454981 0.8842343 -0.1054602 -0.454981 0.8842343 -0.1054602 0.1889831 0.9819804 0 0.9449115 0.3273261 0 0.4326024 0.8847376 -0.173478 0.4326024 0.8847376 -0.173478 0.9449115 0.3273261 0 0.7559297 -0.6546528 0 0.9928388 0.06961551 -0.0970806 0.9928388 0.06961551 -0.0970806 0.7559297 -0.6546528 0 -0.1889831 -0.9819804 0 0.454871 -0.8842183 0.1060684 0.454871 -0.8842183 0.1060684 -0.1889831 -0.9819804 0 -0.9449115 -0.3273261 0 -0.4323972 -0.8814671 0.1898639 -0.4323972 -0.8814671 0.1898639 -0.9449106 0.1636639 -0.2834749 -0.9999999 0 0 -0.9999999 0 0 -0.7559254 -0.3273292 0.5669503 -0.1889789 0.4909908 -0.8504206 -0.49832 0.4185983 -0.7592446 -0.49832 0.4185983 -0.7592446 -0.9449106 0.1636639 -0.2834749 0.7559257 0.3273289 -0.5669498 0.49832 0.4185976 -0.7592451 0.49832 0.4185976 -0.7592451 -0.1889789 0.4909908 -0.8504206 0.8660232 -0.2500021 0.4330161 0.9999999 0 0 0.9999999 0 0 0.7559257 0.3273289 -0.5669498 0.8660232 -0.2500021 0.4330161 0 -0.4999998 0.8660256 0.4971278 -0.4201696 0.7591585 0.4971278 -0.4201696 0.7591585 -0.7559254 -0.3273292 0.5669503 -0.4971275 -0.42017 0.7591583 -0.4971275 -0.42017 0.7591583 0 -0.4999998 0.8660256 -0.8660232 -0.2500021 0.4330161 -0.7559257 0.3273289 -0.5669498 -0.9999999 0 0 -0.9999999 0 0 -0.7559257 0.3273289 -0.5669498 0.1889789 0.4909908 -0.8504206 -0.4981895 0.4182261 -0.7595354 -0.4981895 0.4182261 -0.7595354 0.1889789 0.4909908 -0.8504206 0.9449106 0.1636639 -0.2834749 0.4981895 0.4182261 -0.7595354 0.4981895 0.4182261 -0.7595354 0.9449106 0.1636639 -0.2834749 0.7559254 -0.3273292 0.5669503 0.9999999 0 0 0.9999999 0 0 0.7559254 -0.3273292 0.5669503 0 -0.4999998 0.8660256 0.4970147 -0.4197908 0.7594419 0.4970147 -0.4197908 0.7594419 -0.8660232 -0.2500021 0.4330161 -0.497015 -0.4197901 0.759442 -0.497015 -0.4197901 0.759442 0 -0.4999998 0.8660256 -0.866024 0.242406 0.437312 -0.8660244 -0.2424061 -0.4373112 -0.9999999 0 0 -0.9999999 0 0 0 -0.4848098 -0.8746196 -0.5000504 -0.4198435 -0.7574173 -0.5000504 -0.4198435 -0.7574173 -0.8660244 -0.2424061 -0.4373112 0 -0.4848098 -0.8746196 0.8660244 -0.2424061 -0.4373112 0.5000506 -0.4198436 -0.757417 0.5000506 -0.4198436 -0.757417 0.866024 0.242406 0.437312 0.9999999 0 0 0.9999999 0 0 0.8660244 -0.2424061 -0.4373112 0.866024 0.242406 0.437312 0 0.4848102 0.8746194 0.4990145 0.419917 0.7580594 0.4990145 0.419917 0.7580594 -0.866024 0.242406 0.437312 -0.4990134 0.4199178 0.7580597 -0.4990134 0.4199178 0.7580597 0 0.4848102 0.8746194 -0.866024 0.242406 0.437312 -0.8660244 -0.2424061 -0.4373112 -0.9999999 0 0 -0.9999999 0 0 0 -0.4848098 -0.8746196 -0.50005 -0.419843 -0.7574178 -0.50005 -0.419843 -0.7574178 -0.8660244 -0.2424061 -0.4373112 0 -0.4848098 -0.8746196 0.8660244 -0.2424061 -0.4373112 0.5000502 -0.4198436 -0.7574174 0.5000502 -0.4198436 -0.7574174 0.866024 0.242406 0.437312 0.9999999 0 0 0.9999999 0 0 0.8660244 -0.2424061 -0.4373112 0.866024 0.242406 0.437312 0 0.4848102 0.8746194 0.4988742 0.4199258 0.7581468 0.4988742 0.4199258 0.7581468 -0.866024 0.242406 0.437312 -0.4988749 0.419926 0.7581463 -0.4988749 0.419926 0.7581463 0 0.4848102 0.8746194</float_array>
          <technique_common>
            <accessor source="#Geometry-mesh064-normals-array" count="2792" stride="3">
              <param name="X" type="float"/>
              <param name="Y" type="float"/>
              <param name="Z" type="float"/>
            </accessor>
          </technique_common>
        </source>
        <source id="Geometry-mesh064-Geometry-mesh064-uvSet1" name="Geometry-mesh064-Geometry-mesh064-uvSet1">
          <float_array id="Geometry-mesh064-Geometry-mesh064-uvSet1-array" count="3300">0.888158 0.034514 0.899866 0.016711 0.899863 0.052318 0.938137 0.094085 0.926432 0.111888 0.926429 0.076282 0.918678 0.998836 0.918671 0.941056 0.944184 0.998839 0.918676 0.576773 0.944189 0.576772 0.918675 0.634556 0.816632 0.576856 0.816633 0.63462 0.791124 0.576859 0.816665 0.998755 0.791164 0.998754 0.816661 0.940994 0.873527 0.147856 0.676051 0.147856 0.873527 0.161899 0.676051 0.161899 0.15294 0.832485 0.15294 0.777147 0.166112 0.832485 0.166112 0.777147 0.241603 0.777147 0.254774 0.777147 0.241603 0.832485 0.254774 0.832485 0.327751 0.777147 0.327751 0.832485 0.314579 0.777147 0.314579 0.832485 0.093137 0.832486 0.079965 0.832486 0.093137 0.777148 0.079965 0.777148 0.004475 0.777149 0.004475 0.832486 0.241603 0.832485 0.093137 0.777148 0.35082 0.832699 0.333971 0.832699 0.35082 0.777324 0.333971 0.777324 0.36767 0.888074 0.35082 0.888074 0.36767 0.832699 0.384519 0.888074 0.384519 0.943448 0.36767 0.943448 0.401368 0.943448 0.401368 0.998823 0.384519 0.998823 0.401368 0.500451 0.401368 0.555826 0.384519 0.500451 0.384519 0.555826 0.401368 0.6112 0.418217 0.6112 0.418217 0.555826 0.418217 0.666575 0.435067 0.666575 0.435067 0.611201 0.451916 0.666575 0.435067 0.72195 0.451916 0.72195 0.451916 0.777325 0.468765 0.777325 0.468765 0.72195 0.384519 0.555826 0.384519 0.500451 0.451916 0.666575 0.451916 0.777325 0.673492 0.284872 0.673492 0.270829 0.870967 0.284872 0.870967 0.270829 0.873527 0.11977 0.676051 0.119771 0.873527 0.133813 0.676051 0.133813 0.750687 0.575193 0.750687 0.566388 0.962 0.575193 0.962 0.566388 0.870967 0.209506 0.870967 0.223549 0.673492 0.209506 0.673492 0.223549 0.89334 0.941877 0.893173 0.998816 0.867835 0.942471 0.86767 0.998796 0.873526 0.044405 0.676051 0.044405 0.873526 0.058448 0.676051 0.058448 0.842315 0.633769 0.842141 0.576834 0.930251 0.063544 0.930252 0.005931 0.401368 0.002079 0.384519 0.002079 0.093137 0.500457 0.093137 0.555795 0.079965 0.500457 0.079965 0.555795 0.093137 0.500457 0.079965 0.500457 0.093137 0.555795 0.079965 0.555795 0.079965 0.002414 0.093137 0.002414 0.15294 0.22604 0.166112 0.22604 0.15294 0.281378 0.166112 0.281378 0.241603 0.281378 0.241603 0.22604 0.254774 0.281378 0.254774 0.22604 0.327751 0.281378 0.314579 0.281378 0.327751 0.22604 0.314579 0.22604 0.093137 0.22604 0.093137 0.281379 0.079965 0.22604 0.079965 0.281379 0.004475 0.226041 0.004474 0.281379 0.241603 0.22604 0.333971 0.888073 0.35082 0.943448 0.36767 0.998823 0.36767 0.500451 0.36767 0.555826 0.384519 0.6112 0.401368 0.666575 0.418217 0.72195 0.435067 0.777325 0.451916 0.8327 0.468765 0.8327 0.36767 0.500451 0.36767 0.555826 0.384519 0.6112 0.673492 0.341043 0.870967 0.341043 0.673492 0.355085 0.870967 0.355085 0.873527 0.105728 0.676051 0.105728 0.707614 0.370243 0.725223 0.370243 0.707611 0.563946 0.72522 0.563946 0.870967 0.195464 0.673492 0.195464 0.842337 0.941847 0.842167 0.998776 0.765664 0.998755 0.765621 0.57686 0.995212 0.576773 0.995203 0.998839 0.969701 0.576772 0.969693 0.998838 0.36767 0.002079 0.327751 0.500454 0.327751 0.555793 0.314579 0.500455 0.314579 0.555793 0.314579 0.002409 0.327751 0.002409 0.870967 0.298914 0.870967 0.312957 0.673492 0.298915 0.673492 0.312957 0.15294 0.336716 0.166112 0.336716 0.241603 0.336716 0.254774 0.336716 0.327751 0.336716 0.314579 0.336716 0.093137 0.336717 0.079965 0.336717 0.004474 0.336717 0.241603 0.336716 0.333971 0.943448 0.35082 0.998823 0.35082 0.500451 0.35082 0.555826 0.36767 0.6112 0.384519 0.666575 0.401368 0.72195 0.418217 0.777325 0.435067 0.8327 0.451916 0.888075 0.468765 0.888075 0.36767 0.6112 0.384519 0.666575 0.870967 0.327 0.673492 0.327 0.676051 0.091685 0.873527 0.091685 0.961998 0.359485 0.961998 0.36829 0.750686 0.359484 0.750686 0.368289 0.870967 0.181421 0.673492 0.181421 0.893336 0.633738 0.893163 0.576793 0.740118 0.576861 0.740163 0.998756 0.566155 0.357225 0.475143 0.357226 0.566155 0.001949 0.475144 0.001948 0.35082 0.002079 0.241603 0.500455 0.254774 0.500455 0.241603 0.555793 0.254774 0.555793 0.241603 0.500455 0.241602 0.00241 0.254774 0.00241 0.15294 0.392055 0.166112 0.392055 0.241603 0.392055 0.254774 0.392055 0.327751 0.392055 0.314579 0.392055 0.093137 0.392055 0.079965 0.392055 0.004474 0.392055 0.333971 0.998823 0.333971 0.500451 0.333971 0.555825 0.35082 0.6112 0.36767 0.666575 0.384519 0.72195 0.401368 0.777325 0.418217 0.832699 0.435067 0.888074 0.451916 0.943449 0.468765 0.943449 0.36767 0.666575 0.384519 0.721949 0.676051 0.175941 0.873526 0.175941 0.730635 0.370242 0.748244 0.370242 0.730636 0.563947 0.748245 0.563947 0.870967 0.251634 0.870967 0.265677 0.673492 0.251634 0.673492 0.265677 0.867822 0.633146 0.867652 0.576814 0.896042 0.065502 0.896044 0.123115 0.873526 0.030362 0.676051 0.030362 0.333971 0.002079 0.15294 0.500456 0.166112 0.500456 0.15294 0.555794 0.166112 0.555794 0.15294 0.002412 0.166112 0.002411 0.15294 0.611132 0.166112 0.611132 0.241603 0.611131 0.254774 0.611131 0.327751 0.611131 0.314579 0.611131 0.093137 0.611133 0.079965 0.611133 0.004475 0.555797 0.004475 0.611134 0.241603 0.611131 0.093137 0.611133 0.079965 0.611133 0.333971 0.6112 0.35082 0.666575 0.36767 0.721949 0.384519 0.777325 0.401368 0.832699 0.418217 0.888074 0.435067 0.943449 0.451916 0.998824 0.468765 0.998824 0.451916 0.555826 0.451916 0.500451 0.468765 0.555826 0.468765 0.500452 0.451916 0.500451 0.451916 0.555826 0.490683 0.563946 0.473074 0.563946 0.490685 0.370242 0.473076 0.370241 0.870967 0.237592 0.673492 0.237592 0.873526 0.01632 0.676051 0.01632 0.468765 0.002079 0.451916 0.002079 0.004475 0.500459 0.004476 0.002417 0.15294 0.281705 0.15294 0.226366 0.166112 0.281705 0.166112 0.226366 0.241603 0.226366 0.254774 0.226366 0.241603 0.281704 0.254774 0.281704 0.327751 0.226365 0.327751 0.281704 0.314579 0.226366 0.314579 0.281704 0.093137 0.281705 0.079965 0.281705 0.093137 0.226367 0.079965 0.226367 0.004475 0.226369 0.004475 0.281707 0.241603 0.226366 0.093137 0.281705 0.093137 0.226367 0.079965 0.281705 0.079965 0.226367 0.333971 0.666575 0.35082 0.721949 0.36767 0.777325 0.384519 0.832699 0.401368 0.888074 0.418217 0.943449 0.435067 0.998824 0.435067 0.555826 0.435067 0.500451 0.451916 0.611201 0.468765 0.611201 0.36767 0.777324 0.451916 0.611201 0.704437 0.566387 0.704438 0.575192 0.493124 0.566387 0.493124 0.575192 0.873526 0.002277 0.676051 0.002277 0.435067 0.002079 0.15294 0.392382 0.15294 0.337043 0.166112 0.392381 0.166112 0.337043 0.241603 0.392381 0.241603 0.337042 0.254774 0.392381 0.254774 0.337042 0.327751 0.337042 0.327751 0.392381 0.314579 0.337042 0.314579 0.392381 0.093137 0.337043 0.093137 0.392382 0.079965 0.337044 0.079965 0.392382 0.004475 0.337045 0.004475 0.392383 0.241603 0.337042 0.093137 0.392382 0.079965 0.337044 0.333971 0.721949 0.418217 0.998823 0.418217 0.500451 0.468765 0.666576 0.70444 0.370243 0.704437 0.563946 0.493127 0.370242 0.493124 0.563946 0.982783 0.563947 0.965174 0.563947 0.982782 0.370242 0.965172 0.370243 0.873526 0.07249 0.676051 0.07249 0.418217 0.002079 0.961998 0.370243 0.962 0.563947 0.750686 0.370242 0.750687 0.563947 0.493127 0.368288 0.493127 0.359484 0.70444 0.36829 0.70444 0.359486 0.873526 0.086533 0.676051 0.086533 0.888158 0.034514 0.899863 0.052318 0.938137 0.094085 0.926429 0.076282 0.918678 0.998836 0.944184 0.998839 0.918676 0.576773 0.918675 0.634556 0.816632 0.576856 0.791124 0.576859 0.816665 0.998755 0.816661 0.940994 0.15294 0.832485 0.15294 0.777147 0.166112 0.777147 0.166112 0.832485 0.241603 0.777147 0.254774 0.777147 0.254774 0.832485 0.327751 0.777147 0.327751 0.832485 0.314579 0.832485 0.314579 0.777147 0.093137 0.832486 0.079965 0.832486 0.079965 0.777148 0.314579 0.832485 0.254774 0.832485 0.254774 0.777147 0.314579 0.777147 0.15294 0.832485 0.093137 0.832486 0.15294 0.777147 0.166112 0.777147 0.241603 0.777147 0.166112 0.832485 0.079965 0.832486 0.004475 0.832486 0.004475 0.777149 0.079965 0.777148 0.35082 0.832699 0.333971 0.832699 0.333971 0.777324 0.35082 0.777324 0.36767 0.888074 0.35082 0.888074 0.35082 0.832699 0.36767 0.832699 0.384519 0.888074 0.384519 0.943448 0.36767 0.943448 0.36767 0.888074 0.401368 0.998823 0.384519 0.998823 0.384519 0.943448 0.401368 0.943448 0.401368 0.555826 0.401368 0.500451 0.401368 0.555826 0.418217 0.555826 0.418217 0.6112 0.401368 0.6112 0.418217 0.666575 0.418217 0.6112 0.435067 0.611201 0.435067 0.666575 0.435067 0.666575 0.451916 0.72195 0.435067 0.72195 0.451916 0.72195 0.468765 0.72195 0.468765 0.777325 0.816633 0.63462 0.816632 0.576856 0.899866 0.016711 0.384519 0.500451 0.401368 0.500451 0.401368 0.002079 0.401368 0.500451 0.384519 0.500451 0.384519 0.002079 0.093137 0.002414 0.079965 0.002414 0.676051 0.133813 0.873527 0.133813 0.15294 0.22604 0.166112 0.22604 0.166112 0.281378 0.15294 0.281378 0.241603 0.281378 0.254774 0.22604 0.254774 0.281378 0.327751 0.281378 0.314579 0.281378 0.314579 0.22604 0.327751 0.22604 0.093137 0.22604 0.093137 0.281379 0.079965 0.281379 0.079965 0.22604 0.314579 0.281378 0.254774 0.281378 0.254774 0.22604 0.314579 0.22604 0.15294 0.281378 0.093137 0.281379 0.093137 0.22604 0.15294 0.22604 0.166112 0.22604 0.241603 0.281378 0.166112 0.281378 0.079965 0.281379 0.004474 0.281379 0.004475 0.226041 0.079965 0.22604 0.35082 0.832699 0.35082 0.888074 0.333971 0.888073 0.333971 0.832699 0.36767 0.888074 0.36767 0.943448 0.35082 0.943448 0.35082 0.888074 0.384519 0.998823 0.36767 0.998823 0.36767 0.943448 0.384519 0.943448 0.401368 0.6112 0.401368 0.555826 0.401368 0.666575 0.401368 0.6112 0.418217 0.6112 0.418217 0.666575 0.418217 0.72195 0.418217 0.666575 0.435067 0.666575 0.435067 0.72195 0.435067 0.72195 0.451916 0.72195 0.435067 0.777325 0.451916 0.8327 0.468765 0.777325 0.468765 0.8327 0.816661 0.940994 0.816665 0.998755 0.842167 0.998776 0.842337 0.941847 0.944189 0.576772 0.918671 0.941056 0.36767 0.500451 0.384519 0.500451 0.384519 0.002079 0.384519 0.500451 0.36767 0.500451 0.36767 0.002079 0.327751 0.500454 0.327751 0.555793 0.314579 0.555793 0.314579 0.500455 0.327751 0.500454 0.314579 0.500455 0.327751 0.002409 0.314579 0.002409 0.15294 0.281378 0.166112 0.281378 0.166112 0.336716 0.15294 0.336716 0.241603 0.281378 0.254774 0.281378 0.254774 0.336716 0.327751 0.281378 0.327751 0.336716 0.314579 0.336716 0.314579 0.281378 0.093137 0.336717 0.079965 0.336717 0.079965 0.281379 0.093137 0.281379 0.314579 0.336716 0.254774 0.336716 0.254774 0.281378 0.314579 0.281378 0.15294 0.336716 0.093137 0.336717 0.093137 0.281379 0.15294 0.281378 0.166112 0.281378 0.241603 0.281378 0.166112 0.336716 0.079965 0.336717 0.004474 0.336717 0.004474 0.281379 0.079965 0.281379 0.35082 0.943448 0.333971 0.943448 0.333971 0.888073 0.35082 0.888074 0.36767 0.943448 0.36767 0.998823 0.35082 0.998823 0.35082 0.943448 0.35082 0.555826 0.35082 0.500451 0.401368 0.666575 0.401368 0.6112 0.401368 0.666575 0.418217 0.666575 0.418217 0.72195 0.401368 0.72195 0.418217 0.72195 0.435067 0.72195 0.435067 0.777325 0.418217 0.777325 0.435067 0.777325 0.451916 0.8327 0.435067 0.8327 0.451916 0.8327 0.468765 0.8327 0.468765 0.888075 0.451916 0.888075 0.918671 0.941056 0.89334 0.941877 0.893173 0.998816 0.918678 0.998836 0.35082 0.500451 0.36767 0.500451 0.36767 0.002079 0.36767 0.500451 0.35082 0.500451 0.35082 0.002079 0.254774 0.500455 0.254774 0.555793 0.241603 0.555793 0.254774 0.500455 0.254774 0.00241 0.241602 0.00241 0.870967 0.284872 0.673492 0.284872 0.15294 0.392055 0.15294 0.336716 0.166112 0.336716 0.166112 0.392055 0.241603 0.392055 0.254774 0.336716 0.254774 0.392055 0.327751 0.392055 0.314579 0.392055 0.314579 0.336716 0.327751 0.336716 0.093137 0.392055 0.079965 0.392055 0.079965 0.336717 0.093137 0.336717 0.314579 0.392055 0.254774 0.392055 0.254774 0.336716 0.314579 0.336716 0.15294 0.392055 0.093137 0.392055 0.093137 0.336717 0.15294 0.336716 0.166112 0.336716 0.241603 0.392055 0.166112 0.392055 0.079965 0.392055 0.004474 0.392055 0.004474 0.336717 0.079965 0.336717 0.35082 0.998823 0.333971 0.998823 0.333971 0.943448 0.35082 0.943448 0.35082 0.555826 0.333971 0.555825 0.333971 0.500451 0.35082 0.500451 0.35082 0.6112 0.35082 0.555826 0.401368 0.666575 0.401368 0.72195 0.401368 0.72195 0.418217 0.72195 0.418217 0.777325 0.401368 0.777325 0.418217 0.777325 0.435067 0.777325 0.435067 0.8327 0.418217 0.832699 0.435067 0.888074 0.435067 0.8327 0.451916 0.8327 0.451916 0.888075 0.451916 0.888075 0.468765 0.888075 0.468765 0.943449 0.451916 0.943449 0.870967 0.312957 0.673492 0.312957 0.676051 0.161899 0.873527 0.161899 0.89334 0.941877 0.867835 0.942471 0.86767 0.998796 0.893173 0.998816 0.333971 0.500451 0.35082 0.500451 0.35082 0.002079 0.35082 0.500451 0.333971 0.500451 0.333971 0.002079 0.15294 0.500456 0.166112 0.500456 0.166112 0.555794 0.15294 0.555794 0.166112 0.500456 0.15294 0.500456 0.166112 0.002411 0.15294 0.002412 0.673492 0.284872 0.870967 0.284872 0.870967 0.270829 0.673492 0.270829 0.873527 0.11977 0.873527 0.133813 0.676051 0.133813 0.676051 0.119771 0.15294 0.611132 0.15294 0.555794 0.166112 0.555794 0.166112 0.611132 0.241603 0.555793 0.254774 0.555793 0.254774 0.611131 0.327751 0.611131 0.314579 0.611131 0.314579 0.555793 0.327751 0.555793 0.314579 0.611131 0.254774 0.611131 0.254774 0.555793 0.314579 0.555793 0.15294 0.611132 0.15294 0.555794 0.166112 0.555794 0.241603 0.555793 0.166112 0.611132 0.004475 0.611134 0.004475 0.555797 0.35082 0.6112 0.333971 0.6112 0.333971 0.555825 0.35082 0.555826 0.35082 0.666575 0.35082 0.6112 0.36767 0.721949 0.401368 0.777325 0.384519 0.777325 0.401368 0.72195 0.401368 0.832699 0.401368 0.777325 0.418217 0.777325 0.418217 0.832699 0.418217 0.832699 0.435067 0.8327 0.435067 0.888074 0.418217 0.888074 0.435067 0.888074 0.451916 0.888075 0.451916 0.943449 0.435067 0.943449 0.451916 0.943449 0.468765 0.943449 0.468765 0.998824 0.451916 0.998824 0.468765 0.500452 0.468765 0.555826 0.873527 0.147856 0.873527 0.161899 0.676051 0.161899 0.676051 0.147856 0.842315 0.633769 0.842141 0.576834 0.842337 0.941847 0.842167 0.998776 0.86767 0.998796 0.867835 0.942471 0.791164 0.998754 0.791124 0.576859 0.765621 0.57686 0.765664 0.998755 0.995212 0.576773 0.969701 0.576772 0.969693 0.998838 0.995203 0.998839 0.451916 0.500451 0.468765 0.500452 0.468765 0.002079 0.468765 0.500452 0.451916 0.500451 0.451916 0.002079 0.004475 0.555797 0.004475 0.500459 0.004475 0.500459 0.079965 0.002414 0.004476 0.002417 0.673492 0.341043 0.673492 0.355085 0.870967 0.355085 0.870967 0.341043 0.873527 0.11977 0.676051 0.119771 0.676051 0.105728 0.873527 0.105728 0.15294 0.281705 0.15294 0.226366 0.166112 0.226366 0.166112 0.281705 0.254774 0.226366 0.254774 0.281704 0.241603 0.281704 0.327751 0.226365 0.327751 0.281704 0.314579 0.281704 0.314579 0.226366 0.314579 0.281704 0.254774 0.281704 0.254774 0.226366 0.314579 0.226366 0.15294 0.281705 0.15294 0.226366 0.166112 0.226366 0.241603 0.281704 0.166112 0.281705 0.004475 0.281707 0.004475 0.226369 0.35082 0.666575 0.333971 0.666575 0.333971 0.6112 0.35082 0.6112 0.36767 0.721949 0.35082 0.721949 0.35082 0.666575 0.384519 0.777325 0.36767 0.721949 0.401368 0.832699 0.384519 0.832699 0.384519 0.777325 0.401368 0.777325 0.401368 0.832699 0.418217 0.832699 0.418217 0.888074 0.401368 0.888074 0.418217 0.888074 0.435067 0.888074 0.435067 0.943449 0.418217 0.943449 0.435067 0.943449 0.451916 0.943449 0.451916 0.998824 0.435067 0.998824 0.435067 0.500451 0.435067 0.555826 0.468765 0.555826 0.468765 0.611201 0.873527 0.147856 0.676051 0.147856 0.842315 0.633769 0.842141 0.576834 0.930251 0.063544 0.930252 0.005931 0.918675 0.634556 0.918676 0.576773 0.893163 0.576793 0.893336 0.633738 0.944189 0.576772 0.944184 0.998839 0.969693 0.998838 0.969701 0.576772 0.740118 0.576861 0.740163 0.998756 0.765664 0.998755 0.765621 0.57686 0.435067 0.500451 0.451916 0.500451 0.451916 0.002079 0.451916 0.500451 0.435067 0.500451 0.435067 0.002079 0.166112 0.500456 0.241603 0.555793 0.166112 0.555794 0.166112 0.500456 0.241602 0.00241 0.166112 0.002411 0.870967 0.327 0.673492 0.327 0.873526 0.175941 0.676051 0.175941 0.15294 0.337043 0.166112 0.337043 0.166112 0.392381 0.15294 0.392382 0.254774 0.337042 0.254774 0.392381 0.241603 0.392381 0.327751 0.392381 0.314579 0.392381 0.314579 0.337042 0.327751 0.337042 0.079965 0.392382 0.093137 0.337043 0.314579 0.392381 0.254774 0.392381 0.254774 0.337042 0.314579 0.337042 0.15294 0.392382 0.093137 0.337043 0.15294 0.337043 0.166112 0.337043 0.241603 0.392381 0.166112 0.392381 0.079965 0.392382 0.004475 0.392383 0.004475 0.337045 0.35082 0.777324 0.333971 0.777324 0.333971 0.721949 0.35082 0.721949 0.36767 0.832699 0.35082 0.832699 0.35082 0.777324 0.384519 0.832699 0.384519 0.888074 0.36767 0.888074 0.36767 0.832699 0.401368 0.943448 0.384519 0.943448 0.384519 0.888074 0.401368 0.888074 0.401368 0.943448 0.418217 0.943449 0.418217 0.998823 0.401368 0.998823 0.401368 0.500451 0.418217 0.500451 0.418217 0.555826 0.401368 0.555826 0.418217 0.6112 0.418217 0.555826 0.435067 0.555826 0.435067 0.611201 0.435067 0.611201 0.435067 0.666575 0.468765 0.666576 0.468765 0.72195 0.451916 0.72195 0.673492 0.298915 0.870967 0.298914 0.566155 0.357225 0.566155 0.001949 0.475144 0.001948 0.475143 0.357226 0.867822 0.633146 0.867652 0.576814 0.401368 0.500451 0.418217 0.500451 0.418217 0.002079 0.418217 0.500451 0.401368 0.500451 0.401368 0.002079 0.314579 0.555793 0.254774 0.555793 0.254774 0.500455 0.314579 0.500455 0.314579 0.500455 0.254774 0.500455 0.314579 0.002409 0.254774 0.00241 0.870967 0.327 0.673492 0.327 0.673492 0.341043 0.870967 0.341043 0.676051 0.105728 0.676051 0.091685 0.873527 0.091685 0.873527 0.105728 0.15294 0.281705 0.166112 0.281705 0.166112 0.337043 0.15294 0.337043 0.241603 0.281704 0.254774 0.281704 0.254774 0.337042 0.327751 0.337042 0.314579 0.337042 0.314579 0.281704 0.327751 0.281704 0.093137 0.337043 0.314579 0.337042 0.254774 0.337042 0.254774 0.281704 0.314579 0.281704 0.15294 0.337043 0.093137 0.337043 0.15294 0.281705 0.166112 0.281705 0.241603 0.281704 0.166112 0.337043 0.004475 0.337045 0.004475 0.281707 0.35082 0.666575 0.35082 0.721949 0.333971 0.721949 0.333971 0.666575 0.35082 0.777324 0.35082 0.721949 0.36767 0.721949 0.384519 0.777325 0.384519 0.832699 0.36767 0.832699 0.401368 0.832699 0.401368 0.888074 0.384519 0.888074 0.384519 0.832699 0.401368 0.888074 0.418217 0.888074 0.418217 0.943449 0.401368 0.943448 0.418217 0.998823 0.418217 0.943449 0.435067 0.943449 0.435067 0.998824 0.418217 0.500451 0.435067 0.500451 0.435067 0.555826 0.418217 0.555826 0.435067 0.611201 0.435067 0.555826 0.468765 0.611201 0.468765 0.666576 0.870967 0.298914 0.673492 0.298915 0.673492 0.312957 0.870967 0.312957 0.893336 0.633738 0.893163 0.576793 0.867652 0.576814 0.867822 0.633146 0.896042 0.065502 0.896044 0.123115 0.926432 0.111888 0.791164 0.998754 0.816633 0.63462 0.418217 0.500451 0.435067 0.500451 0.435067 0.002079 0.435067 0.500451 0.418217 0.500451 0.418217 0.002079 0.15294 0.555794 0.15294 0.500456 0.15294 0.500456 0.15294 0.002412 0.093137 0.002414 0.3056417 0.002409149 1.432707 0.3365618 1.434978 0.3022831 1.443686 0.3530077 1.401087 0.3477945 1.380262 0.3620133 1.380262 0.333612 1.434318 0.3620133 1.371843 0.3535952 1.413943 0.3390169 1.399404 0.3226072 1.380262 0.3037447 1.419621 0.3109843 1.400905 0.1706434 1.371843 0.2853598 1.399942 0.2939627 1.429028 0.1706434 1.380262 0.2769415 1.395081 0.1565817 1.426239 0.2769415 1.434318 0.2769415 1.442736 0.2853598 1.378667 0.1837058 1.378667 0.2262417 1.370249 0.192124 1.405695 0.2128316 1.378667 0.2475098 1.370249 0.2603594 1.432724 0.1994212 1.41605 0.2363981 1.378667 0.2687776 1.432724 0.1837058 1.432724 0.2409284 1.441143 0.192124 1.423766 0.2513836 1.441143 0.2603594 1.432724 0.2687776 1.434852 0.1159077 1.416873 0.1139184 1.429028 0.1018463 1.429028 0.1299693 1.409045 0.1216919 1.414967 0.09602247 1.414967 0.1357931 1.400905 0.1018463 1.395081 0.1159077 1.400905 0.1299693 1.429028 0.1425203 1.41793 0.1536184 1.410493 0.1521044 1.414967 0.1366963 1.422027 0.159903 1.406832 0.1647167 1.400905 0.1425202 1.434852 0.1565817 1.414967 0.1764672 0.7911295 0.6349922 0.7911295 0.6349922 0.7656269 0.6349933 0.7656269 0.6349933 0.9952108 0.6349298 0.7401242 0.6349943 0.9696999 0.6349288 0.9696999 0.6349288 0.9441884 0.6349289 0.9441884 0.6349289 0.7911586 0.941468 0.7911586 0.941468 0.7656581 0.9414689 0.7656581 0.9414689 0.9952042 0.9415298 0.7401569 0.94147 0.9696941 0.9415287 0.9696941 0.9415287 0.9441847 0.9415296 0.9441847 0.9415296 0.7911294 0.6341302 0.7656268 0.6341312 0.9952108 0.6340674 0.7401241 0.6341322 0.9696999 0.6340663 0.9441884 0.6340665 0.7911586 0.9416338 0.7656581 0.9416347 0.9952043 0.9416956 0.7401569 0.9416357 0.9696941 0.9416946 0.9441847 0.9416954 0.9441864 0.7929585 0.9441864 0.7929585 0.566155 0.185067 0.9186729 0.7925336 0.8166474 0.7925327 0.4751435 0.1850671 0.7911445 0.7929574 0.7911445 0.7929574 0.765643 0.7929584 0.765643 0.7929584 0.9952074 0.792959 0.740141 0.7929595 0.9696969 0.792958 0.9696969 0.792958 0.566155 0.1851868 0.9186729 0.792637 0.8166474 0.7926361 0.4751435 0.1851869 0.7911444 0.7927288 0.7656429 0.7927298 0.9952074 0.7927303 0.740141 0.7927308 0.9696969 0.7927293 0.9441864 0.7927298 0.5661551 0.09266326 0.918674 0.712816 0.8166401 0.7128479 0.4751438 0.09266277 0.7911369 0.7126465 0.7656348 0.7126475 0.9952091 0.7126155 0.7401325 0.7126485 0.9696984 0.7126145 0.9441874 0.7126148 0.566155 0.2827832 0.9186718 0.8768343 0.8166551 0.8767987 0.4751432 0.2827838 0.7911525 0.8772019 0.7656516 0.8772027 0.9952056 0.8772376 0.74015 0.8772038 0.9696953 0.8772365 0.9441854 0.8772372 0.9441855 0.8706414 0.9441855 0.8706414 0.566155 0.2750827 0.918672 0.870191 0.8166546 0.8701582 0.4751432 0.2750832 0.7911519 0.8706087 0.7911519 0.8706087 0.7656509 0.8706096 0.7656509 0.8706096 0.9952058 0.8706417 0.7401494 0.8706107 0.9696954 0.8706406 0.9696954 0.8706406 0.566155 0.08667434 0.918674 0.7076494 0.8166397 0.7076833 0.4751437 0.08667382 0.7911364 0.7080798 0.7911364 0.7080798 0.7656343 0.7080808 0.7656343 0.7080808 0.9952092 0.708047 0.740132 0.7080818 0.9696985 0.708046 0.9696985 0.708046 0.9441874 0.7080463 0.9441874 0.7080463 0.093137 0.4270692 0.15294 0.4270681 0.15294 0.4270681 0.166112 0.4270679 0.166112 0.4270679 0.2416029 0.427067 0.254774 0.427067 0.254774 0.427067 0.314579 0.4270668 0.314579 0.4270668 0.004475147 0.4270714 0.327751 0.4270659 0.079965 0.4270692 0.2846765 0.4270669 0.2876255 0.3673346 0.254774 0.3673348 0.254774 0.3673348 0.2416027 0.3673348 0.166112 0.3673358 0.166112 0.3673358 0.15294 0.367336 0.15294 0.367336 0.093137 0.3673373 0.07996501 0.3673373 0.004475267 0.3673396 0.327751 0.3673338 0.314579 0.3673345 0.314579 0.3673345 0.004475432 0.2853012 0.327751 0.2852949 0.07996501 0.2852988 0.093137 0.2852988 0.15294 0.2852974 0.15294 0.2852974 0.166112 0.2852969 0.166112 0.2852969 0.2416026 0.2852959 0.254774 0.2852959 0.254774 0.2852959 0.2916757 0.2852956 0.314579 0.2852955 0.314579 0.2852955 0.2960421 0.1968517 0.254774 0.1968522 0.254774 0.1968522 0.2416024 0.1968522 0.166112 0.1968532 0.166112 0.1968532 0.15294 0.1968538 0.15294 0.1968538 0.093137 0.1968555 0.07996501 0.1968555 0.004475609 0.1968581 0.327751 0.1968512 0.314579 0.1968516 0.314579 0.1968516 0.2999542 0.1176121 0.254774 0.1176128 0.254774 0.1176128 0.2416022 0.1176128 0.166112 0.1176138 0.166112 0.1176138 0.15294 0.1176145 0.15294 0.1176145 0.093137 0.1176163 0.07996501 0.1176163 0.004475769 0.1176191 0.327751 0.1176118 0.314579 0.117612 0.314579 0.117612 0.254774 0.05094892 0.254774 0.05094892 0.3032453 0.05094816 0.314579 0.05094801 0.314579 0.05094801 0.004475903 0.05095562 0.327751 0.05094792 0.079965 0.05095273 0.093137 0.05095273 0.15294 0.05095082 0.15294 0.05095082 0.166112 0.05094992 0.166112 0.05094992 0.2416021 0.05094892 0.15294 0.4354701 0.15294 0.4354701 0.093137 0.4354712 0.093137 0.4354712 0.079965 0.4354712 0.079965 0.4354712 0.327751 0.435468 0.00447513 0.4354734 0.314579 0.4354689 0.314579 0.4354689 0.254774 0.435469 0.254774 0.435469 0.2416029 0.435469 0.2416029 0.435469 0.166112 0.43547 0.166112 0.43547 0.15294 0.3621492 0.15294 0.3621492 0.093137 0.3621505 0.093137 0.3621505 0.079965 0.3621505 0.079965 0.3621505 0.327751 0.362147 0.004475277 0.3621528 0.314579 0.3621477 0.314579 0.3621477 0.254774 0.362148 0.254774 0.362148 0.2416027 0.362148 0.2416027 0.362148 0.166112 0.362149 0.166112 0.362149 0.166112 0.2797882 0.166112 0.2797882 0.15294 0.2797886 0.15294 0.2797886 0.093137 0.2797901 0.093137 0.2797901 0.079965 0.2797901 0.079965 0.2797901 0.327751 0.2797862 0.004475443 0.2797925 0.314579 0.2797868 0.314579 0.2797868 0.254774 0.2797872 0.254774 0.2797872 0.2416026 0.2797872 0.2416026 0.2797872 0.15294 0.1902837 0.15294 0.1902837 0.093137 0.1902853 0.093137 0.1902853 0.079965 0.1902853 0.079965 0.1902853 0.327751 0.190281 0.004475622 0.1902879 0.314579 0.1902814 0.314579 0.1902814 0.254774 0.190282 0.254774 0.190282 0.2416024 0.190282 0.2416024 0.190282 0.166112 0.190283 0.166112 0.190283 0.166112 0.1172144 0.166112 0.1172144 0.15294 0.1172151 0.15294 0.1172151 0.093137 0.1172169 0.093137 0.1172169 0.079965 0.1172169 0.079965 0.1172169 0.327751 0.1172124 0.00447577 0.1172197 0.314579 0.1172126 0.314579 0.1172126 0.254774 0.1172134 0.254774 0.1172134 0.2416022 0.1172134 0.2416022 0.1172134 0.166112 0.04432041 0.166112 0.04432041 0.15294 0.04432132 0.15294 0.04432132 0.093137 0.04432324 0.093137 0.04432324 0.079965 0.04432324 0.079965 0.04432324 0.327751 0.04431841 0.004475916 0.04432616 0.314579 0.0443185 0.314579 0.0443185 0.254774 0.04431941 0.254774 0.04431941 0.2416021 0.04431941 0.2416021 0.04431941 0.418217 0.4347498 0.418217 0.4347498 0.401368 0.4347498 0.401368 0.4347498 0.384519 0.4347498 0.384519 0.4347498 0.36767 0.4347498 0.36767 0.4347498 0.35082 0.4347498 0.35082 0.4347498 0.468765 0.4347506 0.333971 0.4347498 0.451916 0.4347498 0.451916 0.4347498 0.435067 0.4347498 0.435067 0.4347498 0.418217 0.3631792 0.418217 0.3631792 0.401368 0.3631792 0.401368 0.3631792 0.384519 0.3631792 0.384519 0.3631792 0.36767 0.3631792 0.36767 0.3631792 0.35082 0.3631792 0.35082 0.3631792 0.468765 0.3631799 0.333971 0.3631792 0.451916 0.3631792 0.451916 0.3631792 0.435067 0.3631792 0.435067 0.3631792 0.435067 0.2802846 0.435067 0.2802846 0.418217 0.2802846 0.418217 0.2802846 0.401368 0.2802846 0.401368 0.2802846 0.384519 0.2802846 0.384519 0.2802846 0.36767 0.2802846 0.36767 0.2802846 0.35082 0.2802846 0.35082 0.2802846 0.468765 0.2802851 0.333971 0.2802846 0.451916 0.2802846 0.451916 0.2802846 0.435067 0.1898449 0.435067 0.1898449 0.418217 0.1898449 0.418217 0.1898449 0.401368 0.1898449 0.401368 0.1898449 0.384519 0.1898449 0.384519 0.1898449 0.36767 0.1898449 0.36767 0.1898449 0.35082 0.1898449 0.35082 0.1898449 0.468765 0.1898453 0.333971 0.1898449 0.451916 0.1898449 0.451916 0.1898449 0.418217 0.1207922 0.418217 0.1207922 0.401368 0.1207922 0.401368 0.1207922 0.384519 0.1207922 0.384519 0.1207922 0.36767 0.1207922 0.36767 0.1207922 0.35082 0.1207922 0.35082 0.1207922 0.468765 0.1207924 0.333971 0.1207922 0.451916 0.1207922 0.451916 0.1207922 0.435067 0.1207922 0.435067 0.1207922 0.435067 0.05168398 0.435067 0.05168398 0.418217 0.05168398 0.418217 0.05168398 0.401368 0.05168398 0.401368 0.05168398 0.384519 0.05168398 0.384519 0.05168398 0.36767 0.05168398 0.36767 0.05168398 0.35082 0.05168398 0.35082 0.05168398 0.468765 0.05168408 0.333971 0.05168398 0.451916 0.05168398 0.451916 0.05168398 0.401368 0.4284239 0.401368 0.4284239 0.418217 0.4284239 0.418217 0.4284239 0.435067 0.4284239 0.435067 0.4284239 0.451916 0.4284239 0.451916 0.4284239 0.333971 0.4284239 0.468765 0.4284247 0.35082 0.4284239 0.35082 0.4284239 0.36767 0.4284239 0.36767 0.4284239 0.384519 0.4284239 0.384519 0.4284239 0.418217 0.3686781 0.418217 0.3686781 0.435067 0.3686781 0.435067 0.3686781 0.451916 0.3686781 0.451916 0.3686781 0.333971 0.3686781 0.468765 0.3686788 0.35082 0.3686781 0.35082 0.3686781 0.36767 0.3686781 0.36767 0.3686781 0.384519 0.3686781 0.384519 0.3686781 0.401368 0.3686781 0.401368 0.3686781 0.418217 0.2866913 0.418217 0.2866913 0.435067 0.2866913 0.435067 0.2866913 0.451916 0.2866913 0.451916 0.2866913 0.333971 0.2866913 0.468765 0.2866918 0.35082 0.2866913 0.35082 0.2866913 0.36767 0.2866913 0.36767 0.2866913 0.384519 0.2866913 0.384519 0.2866913 0.401368 0.2866913 0.401368 0.2866913 0.418217 0.1974205 0.418217 0.1974205 0.435067 0.1974205 0.435067 0.1974205 0.451916 0.1974205 0.451916 0.1974205 0.333971 0.1974205 0.468765 0.1974209 0.35082 0.1974205 0.35082 0.1974205 0.36767 0.1974205 0.36767 0.1974205 0.384519 0.1974205 0.384519 0.1974205 0.401368 0.1974205 0.401368 0.1974205 0.418217 0.1215942 0.418217 0.1215942 0.435067 0.1215942 0.435067 0.1215942 0.451916 0.1215942 0.451916 0.1215942 0.333971 0.1215942 0.468765 0.1215944 0.35082 0.1215942 0.35082 0.1215942 0.36767 0.1215942 0.36767 0.1215942 0.384519 0.1215942 0.384519 0.1215942 0.401368 0.1215942 0.401368 0.1215942 0.418217 0.04859681 0.418217 0.04859681 0.435067 0.04859681 0.435067 0.04859681 0.451916 0.04859681 0.451916 0.04859681 0.333971 0.04859681 0.468765 0.0485969 0.35082 0.04859681 0.35082 0.04859681 0.36767 0.04859681 0.36767 0.04859681 0.384519 0.04859681 0.384519 0.04859681 0.401368 0.04859681 0.401368 0.04859681 0.7716608 0.195464 0.7716608 0.209506 0.7716608 0.223549 0.7716608 0.237592 0.7716608 0.251634 0.7716608 0.181421 0.7716608 0.265677 0.7781954 0.07249 0.7781954 0.058448 0.7781954 0.044405 0.7781954 0.030362 0.7781954 0.01632 0.7781954 0.086533 0.7781954 0.002277 0.771705 0.284872 0.771705 0.2989145 0.771705 0.2989145 0.771705 0.312957 0.771705 0.312957 0.771705 0.327 0.771705 0.341043 0.771705 0.270829 0.771705 0.355085 0.7591171 0.161899 0.7591171 0.161899 0.7591171 0.147856 0.7591171 0.147856 0.7591171 0.133813 0.7591171 0.1197706 0.7591171 0.105728 0.7591168 0.175941 0.7591171 0.091685 0.7711909 0.161899 0.7711909 0.147856 0.7711909 0.133813 0.7711909 0.133813 0.7711909 0.1197705 0.7711909 0.1197705 0.7711909 0.105728 0.7711909 0.105728 0.7711903 0.175941 0.7711909 0.091685 0.7659053 0.284872 0.7659053 0.284872 0.7659053 0.2989145 0.7659053 0.312957 0.7659053 0.327 0.7659053 0.327 0.7659053 0.341043 0.7659053 0.341043 0.7659053 0.270829 0.7659053 0.355085</float_array>
          <technique_common>
            <accessor source="#Geometry-mesh064-Geometry-mesh064-uvSet1-array" count="1650" stride="2">
              <param name="S" type="float"/>
              <param name="T" type="float"/>
            </accessor>
          </technique_common>
        </source>
        <vertices id="Geometry-mesh064-vertices" name="Geometry-mesh064-vertices">
          <input semantic="POSITION" source="#Geometry-mesh064-positions"/>
        </vertices>
        <triangles material="lambert2SG" count="1474">
          <input semantic="VERTEX" source="#Geometry-mesh064-vertices" offset="0"/>
          <input semantic="NORMAL" source="#Geometry-mesh064-normals" offset="1"/>
          <input semantic="TEXCOORD" source="#Geometry-mesh064-Geometry-mesh064-uvSet1" offset="2" set="0"/>
          <p>406 4 262 405 0 5 402 3 263 405 0 5 403 1 3 402 3 263 403 1 3 404 2 4 402 3 263 409 5 8 413 6 6 558 8 1153 558 8 1153 413 6 6 406 7 7 452 12 1051 456 13 1050 454 11 1052 454 11 1052 456 13 1050 453 10 404 455 9 405 453 10 404 456 13 1050 459 14 407 463 15 406 548 17 1140 548 17 1140 463 15 406 456 16 550 824 19 1631 21 20 19 823 18 1630 823 18 1630 21 20 19 22 21 21 79 23 25 77 24 24 78 22 23 78 22 23 77 24 24 76 25 22 95 26 27 93 27 29 94 29 26 94 29 26 93 27 29 92 28 28 110 30 32 111 31 30 108 33 33 108 33 33 111 31 30 109 32 31 125 35 34 124 36 35 127 34 36 127 34 36 124 36 35 126 37 37 108 38 33 93 39 29 110 41 32 110 41 32 93 39 29 95 40 27 127 42 36 78 43 23 125 45 34 125 45 34 78 43 23 76 44 22 77 47 24 79 48 25 92 46 28 92 46 28 79 48 25 94 49 26 124 50 35 109 51 39 126 53 37 126 53 37 109 51 39 111 52 38 141 55 414 140 56 417 143 54 415 143 54 415 140 56 417 142 57 416 158 58 419 159 59 418 156 61 420 156 61 420 159 59 418 157 60 40 175 62 424 173 63 423 174 65 421 174 65 421 173 63 423 172 64 422 191 67 427 189 68 426 190 66 41 190 66 41 189 68 426 188 69 425 175 70 431 158 71 430 173 73 428 173 73 428 158 71 430 156 72 429 188 74 433 141 75 432 190 77 41 190 77 41 141 75 432 143 76 434 159 78 436 142 79 435 157 81 40 157 81 40 142 79 435 140 80 437 174 83 440 172 84 439 191 82 441 191 82 441 172 84 439 189 85 438 207 86 44 205 87 42 206 89 45 206 89 45 205 87 42 204 88 43 218 90 48 217 91 46 205 93 42 205 93 42 217 91 46 203 92 47 217 94 46 225 95 49 216 97 51 216 97 51 225 95 49 224 96 50 224 98 50 232 99 52 3 101 54 3 101 54 232 99 52 4 100 53 239 102 56 231 103 58 60 105 55 60 105 55 231 103 58 59 104 57 238 107 59 239 108 56 246 106 60 246 106 60 239 108 56 247 109 61 253 110 63 245 111 62 254 113 64 254 113 64 245 111 62 246 112 60 252 114 66 253 115 63 260 117 67 260 117 67 253 115 63 261 116 65 206 118 69 259 119 68 208 121 70 208 121 70 259 119 68 260 120 67 270 122 445 271 123 444 268 125 442 268 125 442 271 123 444 269 124 443 282 126 449 268 127 448 281 129 446 281 129 446 268 127 448 266 128 447 288 130 451 289 131 450 280 133 452 280 133 452 289 131 450 281 132 453 296 134 457 288 135 456 36 137 454 36 137 454 288 135 456 35 136 455 303 139 458 68 140 459 295 138 71 295 138 71 68 140 459 67 141 72 311 142 461 303 143 460 310 145 462 310 145 462 303 143 460 302 144 463 317 146 467 318 147 466 309 149 464 309 149 464 318 147 466 310 148 465 325 150 73 317 151 468 324 153 469 324 153 469 317 151 468 316 152 470 323 154 74 271 155 473 324 157 471 324 157 471 271 155 473 273 156 472 811 159 1612 332 160 75 816 158 1619 816 158 1619 332 160 75 331 161 76 819 162 1625 820 163 1626 340 165 82 340 165 82 820 163 1626 345 164 80 361 166 83 365 167 84 360 168 85 364 169 86 360 170 85 365 171 84 801 172 1600 376 173 90 800 175 1599 800 175 1599 376 173 90 381 174 89 408 176 92 411 177 94 405 179 91 405 179 91 411 177 94 403 178 93 807 181 1607 418 182 96 806 180 1606 806 180 1606 418 182 96 419 183 98 446 185 100 440 186 99 451 184 475 451 184 475 440 186 99 438 187 474 438 189 101 440 190 403 442 188 102 440 190 403 439 191 402 442 188 102 442 188 102 439 191 402 441 192 476 746 194 1493 371 195 104 745 193 1490 745 193 1490 371 195 104 372 196 103 798 198 1597 434 199 479 797 197 1594 797 197 1594 434 199 479 433 200 482 515 201 107 514 202 105 134 204 108 134 204 108 514 202 105 135 203 106 507 205 110 199 206 112 506 208 109 506 208 109 199 206 112 198 207 111 601 210 1226 615 211 1248 608 209 1238 608 209 1238 615 211 1248 616 212 1249 698 214 1397 483 215 484 697 213 1394 697 213 1394 483 215 484 482 216 483 825 217 1633 20 218 485 824 220 1631 824 220 1631 20 218 485 21 219 19 77 221 116 75 222 118 76 224 115 76 224 115 75 222 118 74 223 117 93 226 122 91 227 121 92 225 120 92 225 120 91 227 121 90 228 119 107 230 123 106 231 124 109 229 125 109 229 125 106 231 124 108 232 126 124 233 129 125 234 127 122 236 130 122 236 130 125 234 127 123 235 128 106 237 124 91 238 121 108 240 126 108 240 126 91 238 121 93 239 122 125 241 127 76 242 115 123 244 128 123 244 128 76 242 115 74 243 117 75 246 118 77 247 116 90 245 119 90 245 119 77 247 116 92 248 120 122 249 130 107 250 132 124 252 129 124 252 129 107 250 132 109 251 131 140 253 488 141 254 487 138 256 489 138 256 489 141 254 487 139 255 490 155 258 491 154 259 493 157 257 133 157 257 133 154 259 493 156 260 492 173 262 496 171 263 495 172 261 497 172 261 497 171 263 495 170 264 494 189 265 501 187 266 500 188 268 498 188 268 498 187 266 500 186 267 499 173 269 505 156 270 504 171 272 502 171 272 502 156 270 504 154 271 503 186 273 507 139 274 506 188 276 508 188 276 508 139 274 506 141 275 509 157 277 133 140 278 510 155 280 511 155 280 511 140 278 510 138 279 512 172 282 515 170 283 514 189 281 516 189 281 516 170 283 514 187 284 513 204 285 43 205 286 42 202 288 134 202 288 134 205 286 42 203 287 47 203 289 47 217 290 46 201 292 135 201 292 135 217 290 46 216 291 51 224 293 50 3 294 54 216 296 51 216 296 51 3 294 54 2 295 136 231 297 58 223 298 138 59 300 57 59 300 57 223 298 138 58 299 137 238 301 59 230 302 139 239 304 56 239 304 56 230 302 139 231 303 58 245 305 62 237 306 140 246 308 60 246 308 60 237 306 140 238 307 59 244 310 141 245 311 62 252 309 66 252 309 66 245 311 62 253 312 63 251 314 142 252 315 66 259 313 68 259 313 68 252 315 66 260 316 67 204 317 144 258 318 143 206 320 69 206 320 69 258 318 143 259 319 68 269 321 520 267 322 519 268 324 517 268 324 517 267 322 519 266 323 518 280 325 522 281 326 521 264 328 523 264 328 523 281 326 521 266 327 524 288 329 528 280 330 527 35 332 525 35 332 525 280 330 527 34 331 526 295 333 71 67 334 72 287 336 146 287 336 146 67 334 72 66 335 145 295 338 71 294 339 147 303 337 530 303 337 530 294 339 147 302 340 529 309 341 534 310 342 533 301 344 531 301 344 531 310 342 533 302 343 532 317 346 537 309 347 536 316 345 538 316 345 538 309 347 536 308 348 535 324 349 540 316 350 539 323 352 74 323 352 74 316 350 539 315 351 541 323 353 74 322 354 542 271 356 543 271 356 543 322 354 542 269 355 544 815 357 1618 816 358 1620 330 360 148 330 360 148 816 358 1620 331 359 150 820 361 1626 821 362 1627 345 364 80 345 364 80 821 362 1627 344 363 153 358 365 154 354 366 155 357 367 156 353 368 157 357 369 156 354 370 155 800 371 1599 381 372 89 799 374 1598 799 374 1598 381 372 89 380 373 159 404 376 160 403 377 93 410 375 161 410 375 161 403 377 93 411 378 94 550 379 1143 393 380 163 549 382 1142 549 382 1142 393 380 163 400 381 14 551 383 1144 552 384 1146 416 386 164 416 386 164 552 384 1146 398 385 166 452 388 545 454 389 548 465 387 546 465 387 546 454 389 548 460 390 547 747 392 1495 370 393 168 746 391 1492 746 391 1492 370 393 168 371 394 104 797 395 1595 433 396 553 796 398 1592 796 398 1592 433 396 553 432 397 556 513 399 171 512 400 169 118 402 172 118 402 172 512 400 169 119 401 170 505 403 560 183 404 559 504 406 557 504 406 557 183 404 559 182 405 558 606 407 1234 607 408 1237 618 410 1252 618 410 1252 607 408 1237 617 409 1251 700 412 1401 477 413 564 699 411 1398 699 411 1398 477 413 564 476 414 563 831 415 1643 8 416 178 830 418 1642 830 418 1642 8 416 178 13 417 177 74 419 117 75 420 118 72 422 179 72 422 179 75 420 118 73 421 180 91 423 121 89 424 182 90 426 119 90 426 119 89 424 182 88 425 181 106 427 124 107 428 123 104 430 184 104 430 184 107 428 123 105 429 183 122 431 130 123 432 128 120 434 186 120 434 186 123 432 128 121 433 185 104 435 184 89 436 182 106 438 124 106 438 124 89 436 182 91 437 121 123 439 128 74 440 117 121 442 185 121 442 185 74 440 117 72 441 179 88 443 181 73 444 180 90 446 119 90 446 119 73 444 180 75 445 118 120 447 186 105 448 187 122 450 130 122 450 130 105 448 187 107 449 132 138 451 566 139 452 565 136 454 567 136 454 567 139 452 565 137 453 568 154 455 570 155 456 569 152 458 571 152 458 571 155 456 569 153 457 188 171 459 575 169 460 574 170 462 572 170 462 572 169 460 574 168 461 573 186 463 579 187 464 578 184 466 576 184 466 576 187 464 578 185 465 577 171 467 583 154 468 582 169 470 580 169 470 580 154 468 582 152 469 581 184 471 585 137 472 584 186 474 586 186 474 586 137 472 584 139 473 587 155 475 589 138 476 588 153 478 188 153 478 188 138 476 588 136 477 590 187 479 594 170 480 593 185 482 591 185 482 591 170 480 593 168 481 592 202 483 134 203 484 47 200 486 189 200 486 189 203 484 47 201 485 135 201 487 135 216 488 51 1 490 190 1 490 190 216 488 51 2 489 136 223 491 138 215 492 192 58 494 137 58 494 137 215 492 192 57 493 191 230 496 139 222 497 193 231 495 58 231 495 58 222 497 193 223 498 138 238 499 59 237 500 140 230 502 139 230 502 139 237 500 140 229 501 194 236 503 195 237 504 140 244 506 141 244 506 141 237 504 140 245 505 62 251 507 142 243 508 196 252 510 66 252 510 66 243 508 196 244 509 141 258 511 143 250 512 197 259 514 68 259 514 68 250 512 197 251 513 142 257 515 198 258 516 143 202 518 199 202 518 199 258 516 143 204 517 144 266 519 598 267 520 597 264 522 595 264 522 595 267 520 597 265 521 596 264 523 602 33 524 601 280 526 599 280 526 599 33 524 601 34 525 600 287 528 146 66 529 145 278 527 603 278 527 603 66 529 145 65 530 604 287 532 146 286 533 200 295 531 71 295 531 71 286 533 200 294 534 147 302 535 606 294 536 147 301 538 605 301 538 605 294 536 147 293 537 201 309 539 608 301 540 607 308 542 609 308 542 609 301 540 607 300 541 610 316 543 612 308 544 611 315 546 613 315 546 613 308 544 611 307 545 614 323 547 74 315 548 615 322 550 616 322 550 616 315 548 615 314 549 617 321 551 621 267 552 620 322 554 618 322 554 618 267 552 620 269 553 619 330 556 148 329 557 203 815 555 1618 815 555 1618 329 557 203 814 558 1617 821 559 1627 822 560 1629 344 562 153 344 562 153 822 560 1629 343 561 204 363 563 206 367 564 207 362 565 208 366 566 209 362 567 208 367 568 207 799 570 1598 380 571 159 804 569 1603 804 569 1603 380 571 159 379 572 211 392 574 11 391 575 212 399 573 9 399 573 9 391 575 212 394 576 213 553 577 1147 395 578 10 552 580 1146 552 580 1146 395 578 10 398 579 166 551 581 1145 416 582 214 550 584 1143 550 584 1143 416 582 214 393 583 163 438 586 219 442 587 218 595 585 1215 595 585 1215 442 587 218 594 588 1212 463 589 625 458 590 624 456 592 622 456 592 622 458 590 624 455 591 623 748 594 1497 369 595 220 747 593 1494 747 593 1494 369 595 220 370 596 168 796 597 1593 432 598 628 795 600 1590 795 600 1590 432 598 628 431 599 631 510 601 222 103 602 224 511 604 221 511 604 221 103 602 224 102 603 223 502 605 632 503 606 225 166 608 633 166 608 633 503 606 225 167 607 634 604 609 1231 605 610 1233 612 612 1243 612 612 1243 605 610 1233 611 611 1242 701 613 1402 702 614 1405 478 616 636 478 616 636 702 614 1405 479 615 637 830 618 1642 13 619 177 829 617 1640 829 617 1640 13 619 177 12 620 639 72 621 179 73 622 180 52 624 228 52 624 228 73 622 180 53 623 229 88 625 181 89 626 182 50 628 230 50 628 230 89 626 182 51 627 231 105 629 183 49 630 232 104 632 184 104 632 184 49 630 232 48 631 233 121 633 185 55 634 234 120 636 186 120 636 186 55 634 234 54 635 235 89 637 182 104 638 184 51 640 231 51 640 231 104 638 184 48 639 233 121 641 185 72 642 179 55 644 234 55 644 234 72 642 179 52 643 228 73 645 180 88 646 181 53 648 229 53 648 229 88 646 181 50 647 230 105 649 187 120 650 186 49 652 236 49 652 236 120 650 186 54 651 235 137 653 641 44 654 640 136 656 642 136 656 642 44 654 640 45 655 643 153 657 188 42 658 644 152 660 645 152 660 645 42 658 644 43 659 646 168 661 650 169 662 649 41 664 647 41 664 647 169 662 649 40 663 648 184 665 654 185 666 653 47 668 651 47 668 651 185 666 653 46 667 652 169 669 658 152 670 657 40 672 655 40 672 655 152 670 657 43 671 656 137 673 662 184 674 661 44 676 659 44 676 659 184 674 661 47 675 660 153 677 188 136 678 663 42 680 664 42 680 664 136 678 663 45 679 665 185 681 669 168 682 668 46 684 666 46 684 666 168 682 668 41 683 667 200 685 189 201 686 135 0 688 237 0 688 237 201 686 135 1 687 190 215 689 192 214 690 239 57 692 191 57 692 191 214 690 239 56 691 238 222 694 193 213 695 240 223 693 138 223 693 138 213 695 240 215 696 192 230 697 139 229 698 194 222 700 193 222 700 193 229 698 194 221 699 241 229 701 194 237 702 140 228 704 242 228 704 242 237 702 140 236 703 195 243 705 196 235 706 243 244 708 141 244 708 141 235 706 243 236 707 195 242 709 244 243 710 196 250 712 197 250 712 197 243 710 196 251 711 142 257 713 198 249 714 245 258 716 143 258 716 143 249 714 245 250 715 197 200 717 247 256 718 246 202 720 199 202 720 199 256 718 246 257 719 198 264 721 673 265 722 672 33 724 670 33 724 670 265 722 672 32 723 671 278 726 674 65 727 677 279 725 675 279 725 675 65 727 677 64 728 676 278 730 679 276 731 678 287 729 146 287 729 146 276 731 678 286 732 200 294 733 147 286 734 200 293 736 201 293 736 201 286 734 200 285 735 248 308 737 683 300 738 682 307 740 684 307 740 684 300 738 682 299 739 685 315 741 687 307 742 686 314 744 688 314 744 688 307 742 686 306 743 689 321 745 693 322 746 692 313 748 690 313 748 690 322 746 692 314 747 691 320 749 697 265 750 696 321 752 694 321 752 694 265 750 696 267 751 695 329 754 203 328 755 699 814 753 1617 814 753 1617 328 755 699 813 756 1615 817 758 1622 342 759 700 822 757 1628 822 757 1628 342 759 700 343 760 250 362 761 252 366 762 253 361 763 254 365 764 255 361 765 254 366 766 253 379 768 259 378 769 258 804 767 1604 804 767 1604 378 769 258 803 770 1602 391 772 212 389 773 260 394 771 213 394 771 213 389 773 260 397 774 261 388 775 13 549 776 1142 401 778 12 401 778 12 549 776 1142 400 777 14 808 780 1608 423 781 265 807 779 1607 807 779 1607 423 781 265 418 782 96 458 783 705 461 784 704 455 786 702 455 786 702 461 784 704 453 785 703 749 788 1499 368 789 266 748 787 1496 748 787 1496 368 789 266 369 790 220 795 791 1591 431 792 708 794 794 1588 794 794 1588 431 792 708 430 793 711 508 795 268 87 796 270 509 798 267 509 798 267 87 796 270 86 797 269 500 799 713 501 800 712 150 802 714 150 802 714 501 800 712 151 801 715 603 804 1230 613 805 1245 602 803 1227 602 803 1227 613 805 1245 614 806 1246 695 807 1390 696 808 1393 480 810 718 480 810 718 696 808 1393 481 809 719 829 812 1641 12 813 720 834 811 1648 834 811 1648 12 813 720 11 814 723 825 815 1632 826 816 1635 20 818 726 20 818 726 826 816 1635 25 817 727 87 820 270 85 821 274 86 819 269 86 819 269 85 821 274 84 822 273 103 824 224 101 825 276 102 823 223 102 823 223 101 825 276 100 826 275 117 828 277 116 829 278 119 827 170 119 827 170 116 829 278 118 830 172 133 832 279 132 833 280 135 831 106 135 831 106 132 833 280 134 834 108 116 835 278 101 836 276 118 838 172 118 838 172 101 836 276 103 837 224 135 839 106 86 840 269 133 842 279 133 842 279 86 840 269 84 841 273 85 844 274 87 845 270 100 843 275 100 843 275 87 845 270 102 846 223 132 847 280 117 848 282 134 850 108 134 850 108 117 848 282 119 849 281 149 852 728 148 853 731 151 851 729 151 851 729 148 853 731 150 854 730 165 856 283 164 857 734 167 855 732 167 855 732 164 857 734 166 858 733 183 860 737 181 861 736 182 859 738 182 859 738 181 861 736 180 862 735 199 864 112 197 865 285 198 863 111 198 863 111 197 865 285 196 866 284 183 867 742 166 868 741 181 870 739 181 870 739 166 868 741 164 869 740 196 871 284 149 872 743 198 874 111 198 874 111 149 872 743 151 873 744 167 875 746 150 876 745 165 878 283 165 878 283 150 876 745 148 877 747 182 880 749 180 881 748 199 879 112 199 879 112 180 881 748 197 882 285 214 883 239 215 884 192 212 886 286 212 886 286 215 884 192 213 885 240 221 887 241 211 888 287 222 890 193 222 890 193 211 888 287 213 889 240 228 892 242 220 893 288 229 891 194 229 891 194 220 893 288 221 894 241 228 895 242 236 896 195 227 898 289 227 898 289 236 896 195 235 897 243 242 899 244 234 900 290 243 902 196 243 902 196 234 900 290 235 901 243 241 903 291 242 904 244 249 906 245 249 906 245 242 904 244 250 905 197 248 907 292 249 908 245 256 910 246 256 910 246 249 908 245 257 909 198 0 911 294 7 912 293 200 914 247 200 914 247 7 912 293 256 913 246 263 916 295 63 917 296 214 915 297 214 915 297 63 917 296 56 918 298 279 920 752 277 921 751 278 919 753 278 919 753 277 921 751 276 922 750 285 923 248 286 924 200 274 926 754 274 926 754 286 924 200 276 925 755 284 929 756 292 930 249 285 928 248 285 928 248 292 930 249 293 927 201 301 932 680 293 927 201 300 931 681 293 927 201 292 930 249 300 931 681 300 933 759 292 934 249 299 936 757 299 936 757 292 934 249 291 935 758 306 937 763 307 938 762 298 940 760 298 940 760 307 938 762 299 939 761 314 941 765 306 942 764 313 944 766 313 944 766 306 942 764 305 943 767 321 945 769 313 946 768 320 948 770 320 948 770 313 946 768 312 947 771 265 949 773 320 950 772 32 952 774 32 952 774 320 950 772 39 951 775 327 953 300 279 954 777 71 956 299 71 956 299 279 954 777 64 955 776 818 958 1624 341 959 781 817 957 1621 817 957 1621 341 959 781 342 960 780 356 961 301 352 962 302 359 963 303 355 964 304 359 965 303 352 966 302 378 968 258 377 969 306 803 967 1602 803 967 1602 377 969 306 802 970 1601 397 972 261 389 973 260 396 971 783 396 971 783 389 973 260 390 974 782 808 975 1608 809 976 1609 423 978 265 423 978 265 809 976 1609 422 977 308 454 980 784 453 981 787 460 979 785 460 979 785 453 981 787 461 982 786 540 983 1125 443 984 790 539 986 1122 539 986 1122 443 984 790 450 985 789 541 987 1126 542 988 1129 466 990 792 466 990 792 542 988 1129 448 989 793 749 991 1498 750 992 1501 368 994 309 368 994 309 750 992 1501 375 993 310 430 996 798 437 997 801 794 995 1589 794 995 1589 437 997 801 793 998 1586 512 999 311 515 1000 107 119 1002 281 119 1002 281 515 1000 107 134 1001 108 504 1004 803 182 1005 802 507 1003 110 507 1003 110 182 1005 802 199 1006 112 608 1007 1238 616 1008 1249 607 1010 1236 607 1010 1236 616 1008 1249 617 1009 1250 699 1012 1399 476 1013 806 698 1011 1396 698 1011 1396 476 1013 806 483 1014 805 833 1015 1646 834 1016 1649 10 1018 807 10 1018 807 834 1016 1649 11 1017 808 24 1020 813 25 1021 812 827 1019 1637 827 1019 1637 25 1021 812 826 1022 1634 85 1024 316 83 1025 315 84 1023 314 84 1023 314 83 1025 315 82 1026 313 101 1027 318 99 1028 320 100 1030 317 100 1030 317 99 1028 320 98 1029 319 116 1031 323 117 1032 321 114 1034 324 114 1034 324 117 1032 321 115 1033 322 131 1036 325 130 1037 326 133 1035 327 133 1035 327 130 1037 326 132 1038 328 114 1039 324 99 1040 320 116 1042 323 116 1042 323 99 1040 320 101 1041 318 133 1043 327 84 1044 314 131 1046 325 131 1046 325 84 1044 314 82 1045 313 83 1048 315 85 1049 316 98 1047 319 98 1047 319 85 1049 316 100 1050 317 130 1051 326 115 1052 330 132 1054 328 132 1054 328 115 1052 330 117 1053 329 147 1056 815 146 1057 818 149 1055 816 149 1055 816 146 1057 818 148 1058 817 164 1059 819 165 1060 331 162 1062 820 162 1062 820 165 1060 331 163 1061 821 181 1063 825 179 1064 824 180 1066 822 180 1066 822 179 1064 824 178 1065 823 197 1068 335 195 1069 334 196 1067 333 196 1067 333 195 1069 334 194 1070 332 181 1071 829 164 1072 828 179 1074 826 179 1074 826 164 1072 828 162 1073 827 194 1075 332 147 1076 830 196 1078 333 196 1078 333 147 1076 830 149 1077 831 165 1079 331 148 1080 832 163 1082 833 163 1082 833 148 1080 832 146 1081 834 180 1084 836 178 1085 835 197 1083 335 197 1083 335 178 1085 835 195 1086 334 213 1087 240 211 1088 287 212 1090 286 212 1090 286 211 1088 287 210 1089 336 211 1091 287 221 1092 241 209 1094 337 209 1094 337 221 1092 241 220 1093 288 220 1095 288 228 1096 242 219 1098 338 219 1098 338 228 1096 242 227 1097 289 235 1099 243 234 1100 290 227 1102 289 227 1102 289 234 1100 290 226 1101 339 233 1103 340 234 1104 290 241 1106 291 241 1106 291 234 1104 290 242 1105 244 240 1107 341 241 1108 291 248 1110 292 248 1110 292 241 1108 291 249 1109 245 6 1111 342 248 1112 292 7 1114 293 7 1114 293 248 1112 292 256 1113 246 255 1116 343 62 1117 344 263 1115 295 263 1115 295 62 1117 344 63 1118 296 214 1120 297 212 1121 346 263 1119 295 263 1119 295 212 1121 346 262 1122 345 276 1123 840 277 1124 839 274 1126 837 274 1126 837 277 1124 839 275 1125 838 284 1127 841 285 1128 248 272 1130 842 272 1130 842 285 1128 248 274 1129 843 283 1131 347 291 1132 844 284 1134 845 284 1134 845 291 1132 844 292 1133 249 299 1135 849 291 1136 848 298 1138 846 298 1138 846 291 1136 848 290 1137 847 306 1139 851 298 1140 850 305 1142 852 305 1142 852 298 1140 850 297 1141 853 313 1143 855 305 1144 854 312 1146 856 312 1146 856 305 1144 854 304 1145 857 320 1147 859 312 1148 858 39 1150 860 39 1150 860 312 1148 858 38 1149 861 319 1151 863 327 1152 300 70 1154 862 70 1154 862 327 1152 300 71 1153 299 326 1155 348 277 1156 865 327 1158 300 327 1158 300 277 1156 865 279 1157 864 819 1160 1625 340 1161 82 818 1159 1623 818 1159 1623 340 1161 82 341 1162 867 357 1163 349 353 1164 350 356 1165 351 352 1166 352 356 1167 351 353 1168 350 377 1170 306 376 1171 90 802 1169 1601 802 1169 1601 376 1171 90 801 1172 1600 396 1174 869 390 1175 868 401 1173 12 401 1173 12 390 1175 868 388 1176 13 392 1177 871 388 1178 870 391 1181 1 391 1181 1 388 1178 870 389 1180 0 388 1178 870 390 1179 2 389 1180 0 809 1182 1609 810 1183 1611 422 1185 308 422 1185 308 810 1183 1611 421 1184 354 442 1187 872 441 1188 875 449 1186 873 449 1186 873 441 1188 875 444 1189 874 445 1191 876 448 1192 879 543 1190 1131 543 1190 1131 448 1192 879 542 1193 1128 541 1194 1127 466 1195 880 540 1197 1124 540 1197 1124 466 1195 880 443 1196 883 750 1198 1500 743 1199 1487 375 1201 310 375 1201 310 743 1199 1487 374 1200 355 437 1203 886 436 1204 889 793 1202 1587 793 1202 1587 436 1204 889 792 1205 1584 511 1207 221 102 1208 223 508 1206 268 508 1206 268 102 1208 223 87 1209 270 503 1210 225 500 1211 890 167 1213 891 167 1213 891 500 1211 890 150 1212 892 612 1215 1243 613 1216 1244 604 1214 1231 604 1214 1231 613 1216 1244 603 1217 1229 702 1218 1404 695 1219 1391 479 1221 894 479 1221 894 695 1219 1391 480 1220 895 831 1222 1643 832 1223 1645 8 1225 178 8 1225 178 832 1223 1645 9 1224 897 823 1227 1630 22 1228 21 828 1226 1638 828 1226 1638 22 1228 21 23 1229 899 81 1231 359 79 1232 358 80 1230 357 80 1230 357 79 1232 358 78 1233 356 97 1235 363 95 1236 362 96 1234 361 96 1234 361 95 1236 362 94 1237 360 112 1238 366 113 1239 364 110 1241 367 110 1241 367 113 1239 364 111 1240 365 128 1242 370 129 1243 368 126 1245 371 126 1245 371 129 1243 368 127 1244 369 110 1246 367 95 1247 362 112 1249 366 112 1249 366 95 1247 362 97 1248 363 129 1250 368 80 1251 357 127 1253 369 127 1253 369 80 1251 357 78 1252 356 79 1255 358 81 1256 359 94 1254 360 94 1254 360 81 1256 359 96 1257 361 126 1258 371 111 1259 373 128 1261 370 128 1261 370 111 1259 373 113 1260 372 144 1262 901 145 1263 900 142 1265 902 142 1265 902 145 1263 900 143 1264 903 160 1266 904 161 1267 374 158 1269 905 158 1269 905 161 1267 374 159 1268 906 177 1271 909 175 1272 908 176 1270 910 176 1270 910 175 1272 908 174 1273 907 193 1275 376 191 1276 911 192 1274 912 192 1274 912 191 1276 911 190 1277 375 177 1278 916 160 1279 915 175 1281 913 175 1281 913 160 1279 915 158 1280 914 190 1282 375 143 1283 917 192 1285 918 192 1285 918 143 1283 917 145 1284 919 161 1286 374 144 1287 920 159 1289 921 159 1289 921 144 1287 920 142 1288 922 176 1291 925 174 1292 924 193 1290 376 193 1290 376 174 1292 924 191 1293 923 208 1294 377 209 1295 337 206 1297 45 206 1297 45 209 1295 337 207 1296 44 207 1298 44 219 1299 338 205 1301 42 205 1301 42 219 1299 338 218 1300 48 218 1302 48 226 1303 339 217 1305 46 217 1305 46 226 1303 339 225 1304 49 225 1306 49 233 1307 340 224 1309 50 224 1309 50 233 1307 340 232 1308 52 5 1310 378 4 1311 53 240 1313 341 240 1313 341 4 1311 53 232 1312 52 239 1315 56 60 1316 55 247 1314 61 247 1314 61 60 1316 55 61 1317 379 246 1319 60 247 1320 61 254 1318 64 254 1318 64 247 1320 61 255 1321 343 262 1322 345 261 1323 65 254 1325 64 254 1325 64 261 1323 65 253 1324 63 260 1326 67 261 1327 65 208 1329 70 208 1329 70 261 1327 65 210 1328 380 272 1330 929 273 1331 928 270 1333 926 270 1333 926 273 1331 928 271 1332 927 283 1334 347 270 1335 932 282 1337 930 282 1337 930 270 1335 932 268 1336 931 289 1338 934 290 1339 933 281 1341 935 281 1341 935 290 1339 933 282 1340 936 297 1342 940 289 1343 939 296 1345 937 296 1345 937 289 1343 939 288 1344 938 304 1346 942 296 1347 941 37 1349 943 37 1349 943 296 1347 941 36 1348 944 303 1350 948 311 1351 947 68 1353 945 68 1353 945 311 1351 947 69 1352 946 319 1355 951 311 1356 950 318 1354 952 318 1354 952 311 1356 950 310 1357 949 326 1358 348 318 1359 953 325 1361 73 325 1361 73 318 1359 953 317 1360 954 324 1362 957 273 1363 956 325 1365 73 325 1365 73 273 1363 956 275 1364 955 812 1366 1614 333 1367 958 811 1369 1612 811 1369 1612 333 1367 958 332 1368 75 358 1370 381 357 1371 382 359 1372 383 356 1373 384 359 1374 383 357 1375 382 360 1376 385 364 1377 386 363 1378 387 367 1379 388 363 1380 387 364 1381 386 388 1383 962 392 1384 961 574 1382 1181 574 1382 1181 392 1384 961 573 1385 1178 413 1386 6 408 1387 92 406 1389 7 406 1389 7 408 1387 92 405 1388 91 806 1391 1606 419 1392 98 805 1390 1605 805 1390 1605 419 1392 98 420 1393 390 447 1395 965 439 1396 964 446 1394 100 446 1394 100 439 1396 964 440 1397 99 744 1398 1488 745 1399 1491 373 1401 391 373 1401 391 745 1399 1491 372 1400 103 798 1402 1596 791 1403 1583 434 1405 971 434 1405 971 791 1403 1583 435 1404 968 513 1407 171 118 1408 172 510 1406 222 510 1406 222 118 1408 172 103 1409 224 505 1410 975 502 1411 974 183 1413 972 183 1413 972 502 1411 974 166 1412 973 610 1415 1240 611 1416 1241 609 1414 1239 609 1414 1239 611 1416 1241 605 1417 1232 701 1419 1403 478 1420 979 700 1418 1400 700 1418 1400 478 1420 979 477 1421 978 10 1423 982 9 1424 981 833 1422 1647 833 1422 1647 9 1424 981 832 1425 1644 827 1426 1636 828 1427 1639 24 1429 984 24 1429 984 828 1427 1639 23 1428 985 83 1430 315 81 1431 359 82 1433 313 82 1433 313 81 1431 359 80 1432 357 99 1435 320 97 1436 363 98 1434 319 98 1434 319 97 1436 363 96 1437 361 113 1439 364 112 1440 366 115 1438 322 115 1438 322 112 1440 366 114 1441 324 130 1442 326 131 1443 325 128 1445 370 128 1445 370 131 1443 325 129 1444 368 112 1446 366 97 1447 363 114 1449 324 114 1449 324 97 1447 363 99 1448 320 131 1450 325 82 1451 313 129 1453 368 129 1453 368 82 1451 313 80 1452 357 81 1455 359 83 1456 315 96 1454 361 96 1454 361 83 1456 315 98 1457 319 128 1458 370 113 1459 372 130 1461 326 130 1461 326 113 1459 372 115 1460 330 146 1462 989 147 1463 988 144 1465 990 144 1465 990 147 1463 988 145 1464 991 161 1467 374 160 1468 994 163 1466 992 163 1466 992 160 1468 994 162 1469 993 179 1471 997 177 1472 996 178 1470 998 178 1470 998 177 1472 996 176 1473 995 195 1474 334 193 1475 376 194 1477 332 194 1477 332 193 1475 376 192 1476 999 179 1478 1003 162 1479 1002 177 1481 1000 177 1481 1000 162 1479 1002 160 1480 1001 192 1482 1005 145 1483 1004 194 1485 332 194 1485 332 145 1483 1004 147 1484 1006 163 1486 1008 146 1487 1007 161 1489 374 161 1489 374 146 1487 1007 144 1488 1009 178 1491 1011 176 1492 1010 195 1490 334 195 1490 334 176 1492 1010 193 1493 376 210 1494 336 211 1495 287 208 1497 377 208 1497 377 211 1495 287 209 1496 337 209 1498 337 220 1499 288 207 1501 44 207 1501 44 220 1499 288 219 1500 338 219 1502 338 227 1503 289 218 1505 48 218 1505 48 227 1503 289 226 1504 339 226 1506 339 234 1507 290 225 1509 49 225 1509 49 234 1507 290 233 1508 340 240 1510 341 232 1511 52 241 1513 291 241 1513 291 232 1511 52 233 1512 340 6 1514 342 5 1515 378 248 1517 292 248 1517 292 5 1515 378 240 1516 341 247 1518 61 61 1519 379 255 1521 343 255 1521 343 61 1519 379 62 1520 344 254 1523 64 255 1524 343 262 1522 345 262 1522 345 255 1524 343 263 1525 295 262 1526 345 212 1527 346 261 1529 65 261 1529 65 212 1527 346 210 1528 380 275 1530 1015 273 1531 1014 274 1533 1012 274 1533 1012 273 1531 1014 272 1532 1013 272 1535 1017 270 1536 1016 284 1534 1018 284 1534 1018 270 1536 1016 283 1537 347 290 1538 1020 291 1539 1019 282 1541 1021 282 1541 1021 291 1539 1019 283 1540 347 297 1542 1023 298 1543 1022 289 1545 1024 289 1545 1024 298 1543 1022 290 1544 1025 305 1546 1027 297 1547 1026 304 1549 1028 304 1549 1028 297 1547 1026 296 1548 1029 304 1550 1031 37 1551 1030 312 1553 1032 312 1553 1032 37 1551 1030 38 1552 1033 311 1554 1037 319 1555 1036 69 1557 1034 69 1557 1034 319 1555 1036 70 1556 1035 327 1559 300 319 1560 1039 326 1558 348 326 1558 348 319 1560 1039 318 1561 1038 326 1562 348 325 1563 73 277 1565 1040 277 1565 1040 325 1563 73 275 1564 1041 813 1566 1616 328 1567 1044 812 1569 1613 812 1569 1613 328 1567 1044 333 1568 1043 367 1570 392 364 1571 393 366 1572 394 365 1573 395 366 1574 394 364 1575 393 359 1576 396 355 1577 397 358 1578 398 354 1579 399 358 1580 398 355 1581 397 402 1583 17 404 1584 160 415 1582 15 415 1582 15 404 1584 160 410 1585 161 810 1586 1610 805 1587 1605 421 1589 401 421 1589 401 805 1587 1605 420 1588 390 441 1591 1046 439 1592 1049 444 1590 1047 444 1590 1047 439 1592 1049 447 1593 1048 539 1595 1123 450 1596 411 438 1594 1054 438 1594 1054 450 1596 411 451 1597 410 743 1598 1486 744 1599 1489 374 1601 355 374 1601 355 744 1599 1489 373 1600 391 436 1603 1057 435 1604 1060 792 1602 1585 792 1602 1585 435 1604 1060 791 1605 1582 514 1606 105 509 1607 267 135 1609 106 135 1609 106 509 1607 267 86 1608 269 506 1611 109 198 1612 111 501 1610 1062 501 1610 1062 198 1612 111 151 1613 1061 602 1614 1228 614 1615 1247 601 1617 1226 601 1617 1226 614 1615 1247 615 1616 1248 696 1618 1392 697 1619 1395 481 1621 1064 481 1621 1064 697 1619 1395 482 1620 1065 527 1622 1067 524 1623 1068 475 1624 1069 520 1626 1094 479 1627 1099 516 1625 1098 516 1625 1098 479 1627 1099 480 1628 1101 529 1629 1070 473 1630 1071 523 1631 1072 523 1632 1072 473 1633 1071 472 1634 1074 477 1635 1088 517 1636 1089 476 1637 1090 516 1638 1098 519 1639 1095 520 1640 1094 481 1641 1102 516 1642 1098 480 1643 1101 481 1644 1102 482 1645 1096 522 1646 1100 483 1647 1093 518 1648 1092 482 1649 1096 476 1650 1090 517 1651 1089 483 1653 1093 483 1653 1093 517 1651 1089 518 1652 1092 519 1654 1095 518 1655 1092 517 1656 1089 520 1657 1094 477 1658 1088 478 1659 1097 479 1660 1099 520 1661 1094 478 1662 1097 520 1663 1094 519 1664 1095 521 1665 1091 521 1666 1091 519 1667 1095 517 1668 1089 477 1669 1088 521 1670 1091 517 1671 1089 519 1672 1095 482 1673 1096 518 1674 1092 481 1675 1102 522 1676 1100 516 1677 1098 522 1678 1100 482 1679 1096 519 1680 1095 516 1681 1098 522 1682 1100 519 1683 1095 520 1684 1094 521 1685 1091 477 1686 1088 525 1687 1077 472 1688 1074 471 1689 1080 526 1690 1076 523 1691 1072 525 1692 1077 468 1693 1087 524 1694 1068 469 1695 1086 470 1696 1083 525 1697 1077 471 1698 1080 531 1700 1081 532 1701 1085 524 1699 1068 524 1699 1068 532 1701 1085 469 1702 1086 527 1703 1067 530 1704 1078 524 1705 1068 474 1706 1073 527 1707 1067 475 1708 1069 474 1709 1073 528 1710 1075 527 1711 1067 474 1712 1073 473 1713 1071 529 1714 1070 528 1715 1075 529 1716 1070 526 1718 1076 526 1718 1076 529 1716 1070 523 1717 1072 474 1719 1073 529 1720 1070 528 1721 1075 528 1722 1075 526 1723 1076 530 1724 1078 530 1726 1078 526 1727 1076 531 1725 1081 531 1725 1081 526 1727 1076 525 1728 1077 470 1729 1083 531 1730 1081 525 1731 1077 532 1732 1085 531 1733 1081 470 1734 1083 525 1735 1077 523 1736 1072 472 1737 1074 475 1738 1069 524 1739 1068 468 1740 1087 524 1741 1068 530 1742 1078 531 1743 1081 528 1744 1075 530 1745 1078 527 1746 1067 434 1747 1103 538 1748 1104 433 1749 1105 373 1750 1113 534 1751 1114 374 1753 1116 374 1753 1116 534 1751 1114 535 1752 1115 536 1754 1117 372 1755 1120 371 1756 1082 533 1757 1118 370 1758 1121 369 1759 1079 375 1760 1119 535 1761 1115 368 1762 1084 536 1763 1117 371 1764 1082 370 1765 1121 535 1766 1115 534 1767 1114 533 1768 1118 368 1769 1084 535 1770 1115 533 1771 1118 534 1772 1114 536 1773 1117 533 1775 1118 533 1775 1118 536 1773 1117 370 1774 1121 373 1776 1113 372 1777 1120 536 1778 1117 374 1779 1116 535 1780 1115 375 1781 1119 537 1782 1107 435 1783 1106 436 1784 1109 430 1785 1111 537 1786 1107 437 1787 1112 432 1788 1108 538 1789 1104 431 1790 1110 434 1791 1103 435 1792 1106 538 1794 1104 538 1794 1104 435 1792 1106 537 1793 1107 538 1796 1104 537 1797 1107 431 1795 1110 431 1795 1110 537 1797 1107 430 1798 1111 433 1799 1105 538 1800 1104 432 1801 1108 537 1802 1107 436 1803 1109 437 1804 1112 373 1805 1113 536 1806 1117 534 1807 1114 368 1808 1084 533 1809 1118 369 1810 1079 597 1811 1219 540 1812 1125 596 1814 1216 596 1814 1216 540 1812 1125 539 1813 1122 598 1815 1221 541 1816 1127 597 1818 1218 597 1818 1218 541 1816 1127 540 1817 1124 599 1820 1223 542 1821 1129 598 1819 1220 598 1819 1220 542 1821 1129 541 1822 1126 599 1823 1222 600 1824 1225 542 1826 1128 542 1826 1128 600 1824 1225 543 1825 1131 457 1827 791 545 1828 1135 464 1830 788 464 1830 788 545 1828 1135 544 1829 1132 467 1831 881 546 1832 1137 457 1834 882 457 1834 882 546 1832 1137 545 1833 1134 462 1836 794 547 1837 1139 467 1835 795 467 1835 795 547 1837 1139 546 1838 1136 459 1839 877 548 1840 1141 462 1842 878 462 1842 878 548 1840 1141 547 1841 1138 576 1843 1183 550 1844 1143 575 1846 1182 575 1846 1182 550 1844 1143 549 1845 1142 577 1847 1185 551 1848 1145 576 1850 1183 576 1850 1183 551 1848 1145 550 1849 1143 578 1852 1186 552 1853 1146 577 1851 1184 577 1851 1184 552 1853 1146 551 1854 1144 579 1855 1187 553 1856 1147 578 1858 1186 578 1858 1186 553 1856 1147 552 1857 1146 407 1859 162 555 1860 1149 414 1862 16 414 1862 16 555 1860 1149 554 1861 1148 417 1863 215 556 1864 1151 407 1866 162 407 1866 162 556 1864 1151 555 1865 1149 412 1868 167 557 1869 1152 417 1867 165 417 1867 165 557 1869 1152 556 1870 1150 409 1871 8 558 1872 1153 412 1874 167 412 1874 167 558 1872 1153 557 1873 1152 392 1876 11 399 1877 9 553 1875 1147 553 1875 1147 399 1877 9 395 1878 10 573 1880 1179 392 1881 11 579 1879 1187 579 1879 1187 392 1881 11 553 1882 1147 402 1883 17 415 1884 15 554 1886 1148 554 1886 1148 415 1884 15 414 1885 16 574 1887 1180 575 1888 1182 388 1890 13 388 1890 13 575 1888 1182 549 1889 1142 596 1892 1217 539 1893 1123 595 1891 1214 595 1891 1214 539 1893 1123 438 1894 1054 465 1896 412 464 1897 1053 452 1895 413 452 1895 413 464 1897 1053 544 1898 1133 543 1899 1130 442 1900 409 445 1902 549 445 1902 549 442 1900 409 449 1901 408 600 1903 1224 594 1904 1213 543 1906 1130 543 1906 1130 594 1904 1213 442 1905 409 587 1907 1198 588 1908 1201 559 1910 1154 559 1910 1154 588 1908 1201 560 1909 1157 561 1912 1159 560 1913 1156 589 1911 1203 589 1911 1203 560 1913 1156 588 1914 1200 589 1915 1202 590 1916 1205 561 1918 1158 561 1918 1158 590 1916 1205 562 1917 1161 591 1919 1207 563 1920 1163 590 1922 1204 590 1922 1204 563 1920 1163 562 1921 1160 592 1923 1209 564 1924 1165 591 1926 1206 591 1926 1206 564 1924 1165 563 1925 1162 593 1928 1211 565 1929 1167 592 1927 1208 592 1927 1208 565 1929 1167 564 1930 1164 587 1932 1199 559 1933 1155 593 1931 1210 593 1931 1210 559 1933 1155 565 1934 1166 567 1936 1171 566 1937 1168 581 1935 1191 581 1935 1191 566 1937 1168 580 1938 1188 581 1939 1190 582 1940 1192 567 1942 1170 567 1942 1170 582 1940 1192 568 1941 1172 583 1943 1193 569 1944 1173 582 1946 1192 582 1946 1192 569 1944 1173 568 1945 1172 584 1947 1195 570 1948 1175 583 1950 1193 583 1950 1193 570 1948 1175 569 1949 1173 585 1952 1196 571 1953 1176 584 1951 1194 584 1951 1194 571 1953 1176 570 1954 1174 586 1955 1197 572 1956 1177 585 1958 1196 585 1958 1196 572 1956 1177 571 1957 1176 586 1959 1197 580 1960 1189 572 1962 1177 572 1962 1177 580 1960 1189 566 1961 1169 574 1964 1181 573 1965 1178 567 1963 1171 567 1963 1171 573 1965 1178 566 1966 1168 567 1967 1170 568 1968 1172 574 1970 1180 574 1970 1180 568 1968 1172 575 1969 1182 569 1971 1173 576 1972 1183 568 1974 1172 568 1974 1172 576 1972 1183 575 1973 1182 570 1975 1175 577 1976 1185 569 1978 1173 569 1978 1173 577 1976 1185 576 1977 1183 571 1980 1176 578 1981 1186 570 1979 1174 570 1979 1174 578 1981 1186 577 1982 1184 572 1983 1177 579 1984 1187 571 1986 1176 571 1986 1176 579 1984 1187 578 1985 1186 566 1988 1169 573 1989 1179 572 1987 1177 572 1987 1177 573 1989 1179 579 1990 1187 581 1992 1191 580 1993 1188 402 1991 963 402 1991 963 580 1993 1188 406 1994 960 554 1996 1148 582 1997 1192 402 1995 17 402 1995 17 582 1997 1192 581 1998 1190 555 1999 1149 583 2000 1193 554 2002 1148 554 2002 1148 583 2000 1193 582 2001 1192 556 2003 1151 584 2004 1195 555 2006 1149 555 2006 1149 584 2004 1195 583 2005 1193 557 2008 1152 585 2009 1196 556 2007 1150 556 2007 1150 585 2009 1196 584 2010 1194 558 2011 1153 586 2012 1197 557 2014 1152 557 2014 1152 586 2012 1197 585 2013 1196 558 2015 1153 406 2016 7 586 2018 1197 586 2018 1197 406 2016 7 580 2017 1189 548 2019 1140 456 2020 550 587 2022 1198 587 2022 1198 456 2020 550 588 2021 1201 589 2024 1203 588 2025 1200 452 2023 217 452 2023 217 588 2025 1200 456 2026 216 544 2028 1133 590 2029 1205 452 2027 413 452 2027 413 590 2029 1205 589 2030 1202 545 2031 1135 591 2032 1207 544 2034 1132 544 2034 1132 591 2032 1207 590 2033 1204 546 2035 1137 592 2036 1209 545 2038 1134 545 2038 1134 592 2036 1209 591 2037 1206 547 2040 1139 593 2041 1211 546 2039 1136 546 2039 1136 593 2041 1211 592 2042 1208 548 2043 1141 587 2044 1199 547 2046 1138 547 2046 1138 587 2044 1199 593 2045 1210 595 2048 1215 594 2049 1212 561 2047 1159 561 2047 1159 594 2049 1212 560 2050 1156 562 2052 1161 596 2053 1217 561 2051 1158 561 2051 1158 596 2053 1217 595 2054 1214 563 2055 1163 597 2056 1219 562 2058 1160 562 2058 1160 597 2056 1219 596 2057 1216 564 2059 1165 598 2060 1221 563 2062 1162 563 2062 1162 598 2060 1221 597 2061 1218 565 2064 1167 599 2065 1223 564 2063 1164 564 2063 1164 599 2065 1223 598 2066 1220 559 2068 1155 600 2069 1225 565 2067 1166 565 2067 1166 600 2069 1225 599 2070 1222 559 2071 1154 560 2072 1157 600 2074 1224 600 2074 1224 560 2072 1157 594 2073 1213 501 1610 1063 602 1614 1228 506 1611 109 506 1611 109 602 1614 1228 601 1617 1226 500 799 716 603 804 1230 501 800 717 501 800 717 603 804 1230 602 803 1227 604 1214 1231 603 1217 1229 503 1210 225 503 1210 225 603 1217 1229 500 1211 893 503 606 225 502 605 635 604 609 1231 604 609 1231 502 605 635 605 610 1233 606 2075 1235 609 1414 1239 505 1410 976 502 1411 977 505 1410 976 605 1417 1232 505 1410 976 609 1414 1239 605 1417 1232 505 403 562 504 406 561 606 407 1234 606 407 1234 504 406 561 607 408 1237 507 1003 110 608 1007 1238 504 1004 804 504 1004 804 608 1007 1238 607 1010 1236 506 208 109 601 210 1226 507 205 110 507 205 110 601 210 1226 608 209 1238 618 2076 1253 610 2077 1240 606 2075 1235 606 2075 1235 610 2077 1240 609 1414 1239 628 2079 1268 629 2080 1269 626 2078 1265 626 2078 1265 629 2080 1269 625 2081 1263 624 2082 1262 625 2083 1264 630 2085 1271 630 2085 1271 625 2083 1264 629 2084 1270 623 2086 1260 624 2087 1262 631 2089 1272 631 2089 1272 624 2087 1262 630 2088 1271 623 2091 1261 631 2092 1273 622 2090 1258 622 2090 1258 631 2092 1273 632 2093 1274 622 2095 1259 632 2096 1275 621 2094 1257 621 2094 1257 632 2096 1275 633 2097 1276 621 2099 1257 633 2100 1276 620 2098 1256 620 2098 1256 633 2100 1276 634 2101 1277 620 2103 1256 634 2104 1277 619 2102 1254 619 2102 1254 634 2104 1277 635 2105 1278 627 2106 1266 619 2107 1255 636 2109 1280 636 2109 1280 619 2107 1255 635 2108 1279 626 2110 1265 627 2111 1267 628 2113 1268 628 2113 1268 627 2111 1267 636 2112 1281 616 1008 1249 620 2103 1256 617 1009 1250 617 1009 1250 620 2103 1256 619 2102 1254 615 211 1248 621 2099 1257 616 212 1249 616 212 1249 621 2099 1257 620 2098 1256 614 1615 1247 622 2095 1259 615 1616 1248 615 1616 1248 622 2095 1259 621 2094 1257 613 805 1245 623 2091 1261 614 806 1246 614 806 1246 623 2091 1261 622 2090 1258 613 1216 1244 612 1215 1243 623 2086 1260 623 2086 1260 612 1215 1243 624 2087 1262 612 612 1243 611 611 1242 624 2082 1262 624 2082 1262 611 611 1242 625 2083 1264 626 2078 1265 625 2081 1263 610 1415 1240 610 1415 1240 625 2081 1263 611 1416 1241 610 2077 1240 618 2076 1253 626 2110 1265 626 2110 1265 618 2076 1253 627 2111 1267 618 410 1252 617 409 1251 627 2106 1266 627 2106 1266 617 409 1251 619 2107 1255 637 2114 1282 638 2115 1283 628 2079 1268 628 2079 1268 638 2115 1283 629 2080 1269 630 2085 1271 629 2084 1270 639 2117 1285 639 2117 1285 629 2084 1270 638 2116 1284 630 2088 1271 639 2118 1285 631 2089 1272 631 2089 1272 639 2118 1285 640 2119 1286 632 2093 1274 631 2092 1273 641 2121 1288 641 2121 1288 631 2092 1273 640 2120 1287 633 2097 1276 632 2096 1275 642 2123 1290 642 2123 1290 632 2096 1275 641 2122 1289 634 2101 1277 633 2100 1276 643 2125 1291 643 2125 1291 633 2100 1276 642 2124 1290 635 2105 1278 634 2104 1277 644 2127 1292 644 2127 1292 634 2104 1277 643 2126 1291 636 2109 1280 635 2108 1279 645 2129 1294 645 2129 1294 635 2108 1279 644 2128 1293 628 2113 1268 636 2112 1281 637 2131 1282 637 2131 1282 636 2112 1281 645 2130 1295 532 2133 1066 470 2134 227 647 2132 1298 647 2132 1298 470 2134 227 646 2135 1296 654 2136 1309 646 2137 1297 471 2139 226 471 2139 226 646 2137 1297 470 2138 227 653 2140 1307 654 2141 1309 472 2143 272 472 2143 272 654 2141 1309 471 2142 226 652 2144 1305 653 2145 1308 473 2147 271 473 2147 271 653 2145 1308 472 2146 272 651 2148 1304 652 2149 1306 474 2151 114 474 2151 114 652 2149 1306 473 2150 271 651 2153 1304 474 2154 114 650 2152 1303 650 2152 1303 474 2154 114 475 2155 113 650 2157 1303 475 2158 113 649 2156 1301 649 2156 1301 475 2158 113 468 2159 312 649 2161 1302 468 2162 174 648 2160 1299 648 2160 1299 468 2162 174 469 2163 173 647 2164 1298 648 2165 1300 532 2167 1066 532 2167 1066 648 2165 1300 469 2166 173 647 2132 1298 646 2135 1296 637 2114 1282 637 2114 1282 646 2135 1296 638 2115 1283 637 2131 1282 645 2130 1295 647 2164 1298 647 2164 1298 645 2130 1295 648 2165 1300 644 2128 1293 649 2161 1302 645 2129 1294 645 2129 1294 649 2161 1302 648 2160 1299 643 2126 1291 650 2157 1303 644 2127 1292 644 2127 1292 650 2157 1303 649 2156 1301 642 2124 1290 651 2153 1304 643 2125 1291 643 2125 1291 651 2153 1304 650 2152 1303 642 2123 1290 641 2122 1289 651 2148 1304 651 2148 1304 641 2122 1289 652 2149 1306 641 2121 1288 640 2120 1287 652 2144 1305 652 2144 1305 640 2120 1287 653 2145 1308 640 2119 1286 639 2118 1285 653 2140 1307 653 2140 1307 639 2118 1285 654 2141 1309 639 2117 1285 638 2116 1284 654 2136 1309 654 2136 1309 638 2116 1284 646 2137 1297 514 2169 105 656 2170 1313 509 2168 267 509 2168 267 656 2170 1313 655 2171 1310 514 2172 105 515 2173 107 656 2175 1312 656 2175 1312 515 2173 107 657 2174 1315 515 2176 107 512 2177 311 657 2179 1314 657 2179 1314 512 2177 311 658 2178 1317 513 2181 171 659 2182 1319 512 2180 169 512 2180 169 659 2182 1319 658 2183 1316 510 2185 222 660 2186 1321 513 2184 171 513 2184 171 660 2186 1321 659 2187 1318 511 2189 221 661 2190 1323 510 2188 222 510 2188 222 661 2190 1323 660 2191 1320 508 2193 268 662 2194 1325 511 2192 221 511 2192 221 662 2194 1325 661 2195 1322 509 2197 267 655 2198 1311 508 2196 268 508 2196 268 655 2198 1311 662 2199 1324 656 2170 1313 664 2200 1329 655 2171 1310 655 2171 1310 664 2200 1329 663 2201 1326 656 2175 1312 657 2174 1315 664 2203 1328 664 2203 1328 657 2174 1315 665 2202 1331 657 2179 1314 658 2178 1317 665 2205 1330 665 2205 1330 658 2178 1317 666 2204 1333 658 2183 1316 659 2182 1319 666 2207 1332 666 2207 1332 659 2182 1319 667 2206 1335 660 2186 1321 668 2208 1337 659 2187 1318 659 2187 1318 668 2208 1337 667 2209 1334 661 2190 1323 669 2210 1339 660 2191 1320 660 2191 1320 669 2210 1339 668 2211 1336 662 2194 1325 670 2212 1341 661 2195 1322 661 2195 1322 670 2212 1341 669 2213 1338 655 2198 1311 663 2214 1327 662 2199 1324 662 2199 1324 663 2214 1327 670 2215 1340 663 2214 1327 672 2216 1345 670 2215 1340 670 2215 1340 672 2216 1345 671 2217 1342 664 2200 1329 673 2218 1347 663 2201 1326 663 2201 1326 673 2218 1347 672 2219 1344 664 2203 1328 665 2202 1331 673 2221 1346 673 2221 1346 665 2202 1331 674 2220 1349 665 2205 1330 666 2204 1333 674 2223 1348 674 2223 1348 666 2204 1333 675 2222 1351 666 2207 1332 667 2206 1335 675 2225 1350 675 2225 1350 667 2206 1335 676 2224 1353 668 2208 1337 677 2226 1355 667 2209 1334 667 2209 1334 677 2226 1355 676 2227 1352 669 2210 1339 678 2228 1357 668 2211 1336 668 2211 1336 678 2228 1357 677 2229 1354 670 2212 1341 671 2230 1343 669 2213 1338 669 2213 1338 671 2230 1343 678 2231 1356 673 2218 1347 680 2232 1361 672 2219 1344 672 2219 1344 680 2232 1361 679 2233 1358 674 2220 1349 681 2234 1363 673 2221 1346 673 2221 1346 681 2234 1363 680 2235 1360 674 2223 1348 675 2222 1351 681 2237 1362 681 2237 1362 675 2222 1351 682 2236 1365 675 2225 1350 676 2224 1353 682 2239 1364 682 2239 1364 676 2224 1353 683 2238 1367 676 2227 1352 677 2226 1355 683 2241 1366 683 2241 1366 677 2226 1355 684 2240 1369 678 2228 1357 685 2242 1371 677 2229 1354 677 2229 1354 685 2242 1371 684 2243 1368 671 2230 1343 686 2244 1373 678 2231 1356 678 2231 1356 686 2244 1373 685 2245 1370 672 2216 1345 679 2246 1359 671 2217 1342 671 2217 1342 679 2246 1359 686 2247 1372 679 2246 1359 688 2248 1377 686 2247 1372 686 2247 1372 688 2248 1377 687 2249 1374 680 2232 1361 689 2250 1379 679 2233 1358 679 2233 1358 689 2250 1379 688 2251 1376 681 2234 1363 690 2252 1381 680 2235 1360 680 2235 1360 690 2252 1381 689 2253 1378 682 2236 1365 691 2254 1383 681 2237 1362 681 2237 1362 691 2254 1383 690 2255 1380 683 2238 1367 692 2256 1385 682 2239 1364 682 2239 1364 692 2256 1385 691 2257 1382 683 2241 1366 684 2240 1369 692 2259 1384 692 2259 1384 684 2240 1369 693 2258 1387 684 2243 1368 685 2242 1371 693 2261 1386 693 2261 1386 685 2242 1371 694 2260 1389 685 2245 1370 686 2244 1373 694 2263 1388 694 2263 1388 686 2244 1373 687 2262 1375 687 2249 1374 688 2248 1377 695 807 1390 695 807 1390 688 2248 1377 696 808 1393 689 2250 1379 697 1619 1395 688 2251 1376 688 2251 1376 697 1619 1395 696 1618 1392 690 2252 1381 698 214 1397 689 2253 1378 689 2253 1378 698 214 1397 697 213 1394 691 2254 1383 699 1012 1399 690 2255 1380 690 2255 1380 699 1012 1399 698 1011 1396 692 2256 1385 700 412 1401 691 2257 1382 691 2257 1382 700 412 1401 699 411 1398 692 2259 1384 693 2258 1387 700 1418 1400 700 1418 1400 693 2258 1387 701 1419 1403 693 2261 1386 694 2260 1389 701 613 1402 701 613 1402 694 2260 1389 702 614 1405 694 2263 1388 687 2262 1375 702 1218 1404 702 1218 1404 687 2262 1375 695 1219 1391 488 2265 966 704 2266 1409 489 2264 967 489 2264 967 704 2266 1409 703 2267 1406 487 2269 477 705 2270 1411 488 2268 478 488 2268 478 705 2270 1411 704 2271 1408 487 2272 552 486 2273 551 705 2275 1410 705 2275 1410 486 2273 551 706 2274 1413 486 2276 627 485 2277 626 706 2279 1412 706 2279 1412 485 2277 626 707 2278 1415 485 2280 707 484 2281 706 707 2283 1414 707 2283 1414 484 2281 706 708 2282 1417 484 2284 797 491 2285 796 708 2287 1416 708 2287 1416 491 2285 796 709 2286 1419 490 2289 884 710 2290 1421 491 2288 885 491 2288 885 710 2290 1421 709 2291 1418 489 2293 1055 703 2294 1407 490 2292 1056 490 2292 1056 703 2294 1407 710 2295 1420 704 2297 1409 712 2298 1425 703 2296 1406 703 2296 1406 712 2298 1425 711 2299 1422 705 2301 1411 713 2302 1427 704 2300 1408 704 2300 1408 713 2302 1427 712 2303 1424 705 2304 1410 706 2305 1413 713 2307 1426 713 2307 1426 706 2305 1413 714 2306 1429 706 2308 1412 707 2309 1415 714 2311 1428 714 2311 1428 707 2309 1415 715 2310 1431 707 2312 1414 708 2313 1417 715 2315 1430 715 2315 1430 708 2313 1417 716 2314 1433 708 2316 1416 709 2317 1419 716 2319 1432 716 2319 1432 709 2317 1419 717 2318 1435 710 2321 1421 718 2322 1437 709 2320 1418 709 2320 1418 718 2322 1437 717 2323 1434 703 2325 1407 711 2326 1423 710 2324 1420 710 2324 1420 711 2326 1423 718 2327 1436 711 2329 1423 720 2330 1441 718 2328 1436 718 2328 1436 720 2330 1441 719 2331 1438 712 2333 1425 721 2334 1443 711 2332 1422 711 2332 1422 721 2334 1443 720 2335 1440 713 2337 1427 722 2338 1445 712 2336 1424 712 2336 1424 722 2338 1445 721 2339 1442 713 2340 1426 714 2341 1429 722 2343 1444 722 2343 1444 714 2341 1429 723 2342 1447 714 2344 1428 715 2345 1431 723 2347 1446 723 2347 1446 715 2345 1431 724 2346 1449 715 2348 1430 716 2349 1433 724 2351 1448 724 2351 1448 716 2349 1433 725 2350 1451 716 2352 1432 717 2353 1435 725 2355 1450 725 2355 1450 717 2353 1435 726 2354 1453 718 2357 1437 719 2358 1439 717 2356 1434 717 2356 1434 719 2358 1439 726 2359 1452 720 2361 1441 728 2362 1457 719 2360 1438 719 2360 1438 728 2362 1457 727 2363 1454 721 2365 1443 729 2366 1459 720 2364 1440 720 2364 1440 729 2366 1459 728 2367 1456 722 2369 1445 730 2370 1461 721 2368 1442 721 2368 1442 730 2370 1461 729 2371 1458 723 2373 1447 731 2374 1463 722 2372 1444 722 2372 1444 731 2374 1463 730 2375 1460 723 2376 1446 724 2377 1449 731 2379 1462 731 2379 1462 724 2377 1449 732 2378 1465 724 2380 1448 725 2381 1451 732 2383 1464 732 2383 1464 725 2381 1451 733 2382 1467 725 2384 1450 726 2385 1453 733 2387 1466 733 2387 1466 726 2385 1453 734 2386 1469 726 2388 1452 719 2389 1439 734 2391 1468 734 2391 1468 719 2389 1439 727 2390 1455 729 2393 1459 736 2394 1473 728 2392 1456 728 2392 1456 736 2394 1473 735 2395 1470 730 2397 1461 737 2398 1475 729 2396 1458 729 2396 1458 737 2398 1475 736 2399 1472 731 2401 1463 738 2402 1477 730 2400 1460 730 2400 1460 738 2402 1477 737 2403 1474 732 2405 1465 739 2406 1479 731 2404 1462 731 2404 1462 739 2406 1479 738 2407 1476 732 2408 1464 733 2409 1467 739 2411 1478 739 2411 1478 733 2409 1467 740 2410 1481 733 2412 1466 734 2413 1469 740 2415 1480 740 2415 1480 734 2413 1469 741 2414 1483 734 2416 1468 727 2417 1455 741 2419 1482 741 2419 1482 727 2417 1455 742 2418 1485 727 2420 1454 728 2421 1457 742 2423 1484 742 2423 1484 728 2421 1457 735 2422 1471 742 2424 1484 735 2425 1471 743 2427 1486 743 2427 1486 735 2425 1471 744 2426 1489 735 2428 1470 736 2429 1473 744 2431 1488 744 2431 1488 736 2429 1473 745 2430 1491 737 2433 1475 746 2434 1493 736 2432 1472 736 2432 1472 746 2434 1493 745 2435 1490 738 2437 1477 747 2438 1495 737 2436 1474 737 2436 1474 747 2438 1495 746 2439 1492 739 2441 1479 748 2442 1497 738 2440 1476 738 2440 1476 748 2442 1497 747 2443 1494 739 2444 1478 740 2445 1481 748 2447 1496 748 2447 1496 740 2445 1481 749 2446 1499 740 2448 1480 741 2449 1483 749 2451 1498 749 2451 1498 741 2449 1483 750 2450 1501 741 2452 1482 742 2453 1485 750 2455 1500 750 2455 1500 742 2453 1485 743 2454 1487 497 2456 969 752 2457 1505 496 2459 970 496 2459 970 752 2457 1505 751 2458 1502 753 2461 1507 752 2462 1504 498 2460 1058 498 2460 1058 752 2462 1504 497 2463 1059 754 2465 1509 753 2466 1506 499 2464 887 499 2464 887 753 2466 1506 498 2467 888 755 2469 1511 754 2470 1508 492 2468 799 492 2468 799 754 2470 1508 499 2471 800 756 2473 1513 755 2474 1510 493 2472 709 493 2472 709 755 2474 1510 492 2475 710 494 2476 629 757 2477 1515 493 2479 630 493 2479 630 757 2477 1515 756 2478 1512 495 2480 554 758 2481 1517 494 2483 555 494 2483 555 758 2481 1517 757 2482 1514 496 2484 480 751 2485 1503 495 2487 481 495 2487 481 751 2485 1503 758 2486 1516 760 2489 1521 759 2490 1518 753 2488 1507 753 2488 1507 759 2490 1518 752 2491 1504 761 2493 1523 760 2494 1520 754 2492 1509 754 2492 1509 760 2494 1520 753 2495 1506 762 2497 1525 761 2498 1522 755 2496 1511 755 2496 1511 761 2498 1522 754 2499 1508 763 2501 1527 762 2502 1524 756 2500 1513 756 2500 1513 762 2502 1524 755 2503 1510 757 2504 1515 764 2505 1529 756 2507 1512 756 2507 1512 764 2505 1529 763 2506 1526 758 2508 1517 765 2509 1531 757 2511 1514 757 2511 1514 765 2509 1531 764 2510 1528 751 2513 1503 766 2514 1533 758 2512 1516 758 2512 1516 766 2514 1533 765 2515 1530 752 2516 1505 759 2517 1519 751 2519 1502 751 2519 1502 759 2517 1519 766 2518 1532 768 2521 1537 767 2522 1534 760 2520 1521 760 2520 1521 767 2522 1534 759 2523 1518 769 2525 1539 768 2526 1536 761 2524 1523 761 2524 1523 768 2526 1536 760 2527 1520 770 2529 1541 769 2530 1538 762 2528 1525 762 2528 1525 769 2530 1538 761 2531 1522 771 2533 1543 770 2534 1540 763 2532 1527 763 2532 1527 770 2534 1540 762 2535 1524 764 2536 1529 772 2537 1545 763 2539 1526 763 2539 1526 772 2537 1545 771 2538 1542 765 2540 1531 773 2541 1547 764 2543 1528 764 2543 1528 773 2541 1547 772 2542 1544 766 2545 1533 774 2546 1549 765 2544 1530 765 2544 1530 774 2546 1549 773 2547 1546 759 2549 1519 767 2550 1535 766 2548 1532 766 2548 1532 767 2550 1535 774 2551 1548 776 2553 1553 775 2554 1550 768 2552 1537 768 2552 1537 775 2554 1550 767 2555 1534 777 2557 1555 776 2558 1552 769 2556 1539 769 2556 1539 776 2558 1552 768 2559 1536 778 2561 1557 777 2562 1554 770 2560 1541 770 2560 1541 777 2562 1554 769 2563 1538 779 2565 1559 778 2566 1556 771 2564 1543 771 2564 1543 778 2566 1556 770 2567 1540 772 2568 1545 780 2569 1561 771 2571 1542 771 2571 1542 780 2569 1561 779 2570 1558 773 2572 1547 781 2573 1563 772 2575 1544 772 2575 1544 781 2573 1563 780 2574 1560 774 2577 1549 782 2578 1565 773 2576 1546 773 2576 1546 782 2578 1565 781 2579 1562 767 2581 1535 775 2582 1551 774 2580 1548 774 2580 1548 775 2582 1551 782 2583 1564 776 2584 1553 784 2585 1569 775 2587 1550 775 2587 1550 784 2585 1569 783 2586 1566 777 2588 1555 785 2589 1571 776 2591 1552 776 2591 1552 785 2589 1571 784 2590 1568 778 2592 1557 786 2593 1573 777 2595 1554 777 2595 1554 786 2593 1573 785 2594 1570 779 2596 1559 787 2597 1575 778 2599 1556 778 2599 1556 787 2597 1575 786 2598 1572 780 2600 1561 788 2601 1577 779 2603 1558 779 2603 1558 788 2601 1577 787 2602 1574 781 2604 1563 789 2605 1579 780 2607 1560 780 2607 1560 789 2605 1579 788 2606 1576 781 2608 1562 782 2609 1565 789 2611 1578 789 2611 1578 782 2609 1565 790 2610 1581 782 2612 1564 775 2613 1551 790 2615 1580 790 2615 1580 775 2613 1551 783 2614 1567 792 2617 1585 791 2618 1582 784 2616 1569 784 2616 1569 791 2618 1582 783 2619 1566 793 2621 1587 792 2622 1584 785 2620 1571 785 2620 1571 792 2622 1584 784 2623 1568 794 2625 1589 793 2626 1586 786 2624 1573 786 2624 1573 793 2626 1586 785 2627 1570 787 2628 1575 795 2629 1591 786 2631 1572 786 2631 1572 795 2629 1591 794 2630 1588 788 2632 1577 796 2633 1593 787 2635 1574 787 2635 1574 796 2633 1593 795 2634 1590 789 2636 1579 797 2637 1595 788 2639 1576 788 2639 1576 797 2637 1595 796 2638 1592 790 2641 1581 798 2642 1597 789 2640 1578 789 2640 1578 798 2642 1597 797 2643 1594 790 2644 1580 783 2645 1567 798 2647 1596 798 2647 1596 783 2645 1567 791 2646 1583 387 2648 87 800 2649 1599 386 2651 158 386 2651 158 800 2649 1599 799 2650 1598 382 2652 88 801 2653 1600 387 2655 87 387 2655 87 801 2653 1600 800 2654 1599 802 2657 1601 801 2658 1600 383 2656 305 383 2656 305 801 2658 1600 382 2659 88 803 2661 1602 802 2662 1601 384 2660 256 384 2660 256 802 2662 1601 383 2663 305 804 2665 1604 803 2666 1602 385 2664 257 385 2664 257 803 2666 1602 384 2667 256 386 2668 158 799 2669 1598 385 2671 210 385 2671 210 799 2669 1598 804 2670 1603 425 2673 97 806 2674 1606 426 2672 389 426 2672 389 806 2674 1606 805 2675 1605 424 2677 95 807 2678 1607 425 2676 97 425 2676 97 807 2678 1607 806 2679 1606 429 2681 264 808 2682 1608 424 2680 95 424 2680 95 808 2682 1608 807 2683 1607 429 2684 264 428 2685 307 808 2687 1608 808 2687 1608 428 2685 307 809 2686 1609 428 2688 307 427 2689 353 809 2691 1609 809 2691 1609 427 2689 353 810 2690 1611 427 2692 400 426 2693 389 810 2695 1610 810 2695 1610 426 2693 389 805 2694 1605 339 2696 959 812 2697 1614 338 2699 77 338 2699 77 812 2697 1614 811 2698 1612 334 2700 1045 813 2701 1616 339 2703 1042 339 2703 1042 813 2701 1616 812 2702 1613 814 2705 1617 813 2706 1615 335 2704 202 335 2704 202 813 2706 1615 334 2707 698 815 2709 1618 814 2710 1617 336 2708 149 336 2708 149 814 2710 1617 335 2711 202 336 2712 149 337 2713 151 815 2715 1618 815 2715 1618 337 2713 151 816 2714 1620 338 2716 77 811 2717 1612 337 2719 78 337 2719 78 811 2717 1612 816 2718 1619 347 2721 778 818 2722 1624 348 2720 779 348 2720 779 818 2722 1624 817 2723 1621 346 2725 81 819 2726 1625 347 2724 866 347 2724 866 819 2726 1625 818 2727 1623 346 2728 81 351 2729 79 819 2731 1625 819 2731 1625 351 2729 79 820 2730 1626 351 2732 79 350 2733 152 820 2735 1626 820 2735 1626 350 2733 152 821 2734 1627 350 2736 152 349 2737 205 821 2739 1627 821 2739 1627 349 2737 205 822 2738 1629 348 2740 701 817 2741 1622 349 2743 251 349 2743 251 817 2741 1622 822 2742 1628 28 2744 20 27 2745 18 823 2747 1630 823 2747 1630 27 2745 18 824 2746 1631 26 2748 486 825 2749 1633 27 2751 18 27 2751 18 825 2749 1633 824 2750 1631 26 2752 725 31 2753 724 825 2755 1632 825 2755 1632 31 2753 724 826 2754 1635 30 2756 814 827 2757 1637 31 2759 811 31 2759 811 827 2757 1637 826 2758 1634 30 2760 987 29 2761 986 827 2763 1636 827 2763 1636 29 2761 986 828 2762 1639 28 2764 20 823 2765 1630 29 2767 898 29 2767 898 823 2765 1630 828 2766 1638 18 2768 638 19 2769 175 829 2771 1640 829 2771 1640 19 2769 175 830 2770 1642 14 2772 176 831 2773 1643 19 2775 175 19 2775 175 831 2773 1643 830 2774 1642 14 2776 176 15 2777 896 831 2779 1643 831 2779 1643 15 2777 896 832 2778 1645 16 2780 983 833 2781 1647 15 2783 980 15 2783 980 833 2781 1647 832 2782 1644 16 2784 810 17 2785 809 833 2787 1646 833 2787 1646 17 2785 809 834 2786 1649 18 2788 721 829 2789 1641 17 2791 722 17 2791 722 829 2789 1641 834 2790 1648</p>
        </triangles>
      </mesh>
      <extra>
        <technique profile="OpenCOLLADAMaya">
          <originalMayaNodeId>ladder_top_pplant</originalMayaNodeId>
          <double_sided>1</double_sided>
        </technique>
      </extra>
    </geometry>
  </library_geometries>
  <library_visual_scenes>
    <visual_scene id="VisualSceneNode" name="plant_ladder_top_broken">
      <node id="Geometry-mesh064Node" name="ladder_top_pplant" type="NODE">
        <translate sid="translate">0 0 0</translate>
        <rotate sid="rotateY">0 1 0 0</rotate>
        <rotate sid="rotateX">1 0 0 0</rotate>
        <rotate sid="rotateZ">0 0 1 0</rotate>
        <scale sid="scale">1 1 1</scale>
        <instance_geometry url="#Geometry-mesh064">
          <bind_material>
            <technique_common>
              <instance_material symbol="lambert2SG" target="#lambert2">
                <bind_vertex_input semantic="TEX0" input_semantic="TEXCOORD" input_set="0"/>
              </instance_material>
            </technique_common>
          </bind_material>
        </instance_geometry>
        <extra>
          <technique profile="OpenCOLLADAMaya">
            <originalMayaNodeId>ladder_top_pplant</originalMayaNodeId>
          </technique>
        </extra>
      </node>
    </visual_scene>
  </library_visual_scenes>
  <scene>
    <instance_visual_scene url="#VisualSceneNode"/>
  </scene>
</COLLADA>