<?xml version="1.0" encoding="utf-8"?>
<COLLADA xmlns="http://www.collada.org/2005/11/COLLADASchema" version="1.4.1">
  <asset>
    <contributor>
      <author>Marc</author>
      <authoring_tool>OpenCOLLADA2008</authoring_tool>
      <comments>
			ColladaMaya export options: 
			bakeTransforms=0;relativePaths=0;copyTextures=0;exportTriangles=1;exportCgfxFileReferences=1;
			isSampling=0;curveConstrainSampling=0;removeStaticCurves=0;exportPolygonMeshes=1;exportLights=1;
			exportCameras=1;exportJointsAndSkin=1;exportAnimations=1;exportInvisibleNodes=0;exportDefaultCameras=0;
			exportTexCoords=1;exportNormals=1;exportNormalsPerVertex=1;exportVertexColors=1;exportVertexColorsPerVertex=1;
			exportTexTangents=0;exportTangents=0;exportReferencedMaterials=0;exportMaterialsOnly=0;
			exportXRefs=1;dereferenceXRefs=1;exportCameraAsLookat=0;cameraXFov=0;cameraYFov=1;doublePrecision=0
		</comments>
      <source_data>file:///H:/Dropbox%20(Frictional%20Games)/Team/depth_marc/models/station/statics/plant_ladder_special/plant%20ladder%20long%20broken.mb</source_data>
    </contributor>
    <created>2015-03-26T10:41:09</created>
    <modified>2015-03-26T10:41:09</modified>
    <unit name="meter" meter="1"/>
    <up_axis>Y_UP</up_axis>
  </asset>
  <library_materials>
    <material id="lambert2" name="lambert2">
      <instance_effect url="#lambert2-fx"/>
    </material>
  </library_materials>
  <library_effects>
    <effect id="lambert2-fx">
      <profile_COMMON>
        <newparam sid="file1-surface">
          <surface type="2D">
            <init_from>file1</init_from>
          </surface>
        </newparam>
        <newparam sid="file1-sampler">
          <sampler2D>
            <source>file1-surface</source>
          </sampler2D>
        </newparam>
        <technique sid="common">
          <lambert>
            <emission>
              <color>0 0 0 1</color>
            </emission>
            <ambient>
              <color>0 0 0 1</color>
            </ambient>
            <diffuse>
              <texture texture="file1-sampler" texcoord="TEX0">
                <extra>
                  <technique profile="OpenCOLLADAMaya">
                    <blend_mode>NONE</blend_mode>
                    <coverageU>1</coverageU>
                    <coverageV>1</coverageV>
                    <fast>0</fast>
                    <mirrorU>0</mirrorU>
                    <mirrorV>0</mirrorV>
                    <noiseU>0</noiseU>
                    <noiseV>0</noiseV>
                    <offsetU>0</offsetU>
                    <offsetV>0</offsetV>
                    <repeatU>1</repeatU>
                    <repeatV>1</repeatV>
                    <rotateFrame>0</rotateFrame>
                    <rotateUV>0</rotateUV>
                    <stagger>0</stagger>
                    <translateFrameU>0</translateFrameU>
                    <translateFrameV>0</translateFrameV>
                    <wrapU>1</wrapU>
                    <wrapV>1</wrapV>
                  </technique>
                </extra>
              </texture>
            </diffuse>
            <transparent opaque="RGB_ZERO">
              <color>0 0 0 1</color>
            </transparent>
            <transparency>
              <float>1</float>
            </transparency>
          </lambert>
        </technique>
      </profile_COMMON>
    </effect>
  </library_effects>
  <library_images>
    <image id="file1" name="file1">
      <init_from>file:///E:/depth/redist/static_objects/station/stairs/ladder_pplant/ladder_pplant.dds</init_from>
      <extra>
        <technique profile="OpenCOLLADAMaya">
          <dgnode_type>kFile</dgnode_type>
          <image_sequence>0</image_sequence>
          <originalMayaNodeId>file1</originalMayaNodeId>
        </technique>
      </extra>
    </image>
  </library_images>
  <library_geometries>
    <geometry id="Geometry-mesh025" name="ladder_long_pplant">
      <mesh>
        <source id="Geometry-mesh025-positions" name="Geometry-mesh025-positions">
          <float_array id="Geometry-mesh025-positions-array" count="2157">-0.221725 1.395292 -0.06253728 -0.2283005 1.418328 -0.03097924 -0.223906 1.411862 -0.05008557 -0.2319578 1.412313 -0.01198407 -0.2345282 1.396038 -8.41131e-4 -0.3166808 1.352796 -0.0707814 -0.3216894 1.406551 -0.03159427 -0.325892 1.369617 -0.02048598 -0.3136208 1.406348 -0.06969482 -0.3173205 1.412766 -0.05052196 -0.3243015 1.353008 -0.03258605 -0.324947 1.390071 -0.02011827 -0.3133377 1.369278 -0.08223929 -0.3121157 1.389738 -0.08181299 0.2575113 1.372732 0.004647679 0.2570635 1.396072 0.03575147 0.2583457 1.389476 0.01650808 0.2528709 1.389928 0.05509273 0.2485353 1.373478 0.06706135 0.3477513 1.342724 0.03158289 0.3439217 1.39647 0.06801485 0.3408619 1.359541 0.08139474 0.3494134 1.396266 0.0294302 0.3468776 1.402684 0.04847058 0.3420227 1.342935 0.07013368 0.3416153 1.379992 0.08058928 0.3500124 1.359203 0.01900199 0.3506194 1.379659 0.0181756 0.3737282 0.001153183 0.1680402 0.3581528 0.001104049 0.1743115 0.351586 0.001079947 0.1897342 0.357873 0.001092871 0.2052732 0.3733324 0.00113314 0.2118254 0.3889078 0.001179278 0.205554 0.3954746 0.001206376 0.1901313 0.3891877 0.001196446 0.1745923 0.3544838 2.043927 0.2398796 0.3399508 2.040594 0.2423166 0.3317291 2.041562 0.2557073 0.3344162 2.046263 0.2721785 0.3462218 2.051943 0.2820533 0.3604471 2.055275 0.2795766 0.3689765 2.054307 0.2662256 0.3665971 2.049607 0.2497941 -0.3651594 1.883853 -0.03246541 -0.3490073 1.875994 -0.02742122 -0.3483651 1.858016 -0.02607911 -0.3640792 1.847939 -0.02977333 -0.3803332 1.855809 -0.03481286 -0.3807716 1.873765 -0.03616427 -0.3896052 1.904126 0.0945341 -0.3727634 1.895656 0.09969253 -0.3727464 1.876384 0.1010689 -0.3896458 1.865612 0.09730718 -0.4065248 1.874088 0.09215964 -0.4064673 1.89335 0.09076146 -0.3592778 0.8954327 -0.0287945 -0.3427025 0.8867101 -0.02592725 -0.3420686 0.8678656 -0.02672463 -0.3582293 0.8577993 -0.03046284 -0.3749142 0.8665498 -0.03336688 -0.3753288 0.8853387 -0.03249592 -0.3857776 0.8957712 0.1003163 -0.3693455 0.8871857 0.1031549 -0.3690113 0.8683346 0.1023001 -0.385328 0.8581282 0.09853319 -0.4018695 0.8667434 0.09565785 -0.401985 0.8855351 0.09658621 -0.3208257 1.346585 -0.05180631 0.3446769 1.336514 0.05111022 -0.2446197 0.3825089 -0.08901327 -0.2463182 0.4054174 -0.05746841 -0.2451136 0.3991109 -0.07699734 -0.2466861 0.3991045 -0.03806641 -0.2467765 0.3824847 -0.02597569 -0.3330619 0.332291 -0.07446005 -0.3330809 0.3845076 -0.04188658 -0.3344473 0.3477048 -0.02595527 -0.3315059 0.3848523 -0.08081636 -0.331925 0.3913286 -0.06149775 -0.3342742 0.3319646 -0.03549894 -0.3341983 0.3672861 -0.02904016 -0.3323969 0.3482569 -0.08899317 -0.3320378 0.3678679 -0.09207581 0.2539202 0.4014903 0.002766337 0.2506062 0.4238299 0.03557442 0.2534236 0.4176295 0.01600487 0.2451543 0.4179417 0.05409487 0.2406482 0.4019992 0.06440812 0.3464789 0.3712221 0.02944553 0.3393362 0.4262628 0.07359982 0.3366121 0.3885853 0.08159484 0.3476148 0.4264639 0.03550982 0.3436275 0.4322459 0.05487112 0.3390234 0.3710293 0.06762453 0.3364792 0.41036 0.08428052 0.3492226 0.3889113 0.01987983 0.3497663 0.4107036 0.02263875 -0.333762 0.3260719 -0.0540265 0.3426876 0.3643938 0.04769374 0.3779141 1.909047 0.1154737 0.3629207 1.895379 0.111208 0.3631069 1.875595 0.1096805 0.3782205 1.869168 0.112214 0.3931809 1.88267 0.1163765 0.3930606 1.902786 0.1181104 0.3555685 1.926743 0.2434256 0.3417682 1.912548 0.2393815 0.3423321 1.891637 0.2380384 0.3567596 1.8846 0.2405514 0.3705919 1.898623 0.2445007 0.3699641 1.919877 0.2460334 0.3750419 0.8918799 0.1220528 0.3595905 0.8817532 0.119201 0.3599276 0.8630547 0.1200292 0.3754594 0.8544525 0.1237828 0.3907824 0.8645641 0.1266714 0.390702 0.8832928 0.1257696 0.348542 0.8922183 0.2511636 0.3329475 0.8822289 0.2482831 0.3329849 0.8635236 0.2490539 0.3483607 0.8547814 0.2527788 0.3638271 0.8647577 0.2556961 0.3640459 0.8834892 0.2548518 -0.3748972 -0.001094076 0.1629314 -0.3594495 -9.7999e-4 0.1693729 -0.3530703 -9.38307e-4 0.1848783 -0.359495 -9.94817e-4 0.200364 -0.3749616 -0.001117814 0.2067581 -0.3904094 -0.001233859 0.2003166 -0.3967886 -0.001273583 0.1848112 -0.3903638 -0.001215114 0.1693255 -0.3875301 2.010701 0.07499586 -0.3727595 2.013178 0.08548733 -0.3684961 2.016896 0.1021982 -0.3774527 2.019676 0.1153182 -0.3946013 2.01989 0.1171397 -0.409679 2.017412 0.1066185 -0.4136354 2.013695 0.08993742 -0.4043718 2.010916 0.07684715 -0.229007 1.872774 -0.07247335 -0.237404 1.898947 -0.04389451 -0.2335167 1.889952 -0.06208127 -0.2382843 1.89619 -0.02429904 -0.2371343 1.882339 -0.01134093 -0.3164133 1.834075 -0.08267612 -0.3260862 1.889891 -0.04884511 -0.3264247 1.856519 -0.03458564 -0.3196022 1.883708 -0.086461 -0.3231853 1.892719 -0.06810087 -0.3234926 1.839169 -0.04503764 -0.3273453 1.876025 -0.03604288 -0.3152679 1.847733 -0.09547403 -0.3165565 1.866566 -0.09691731 0.2669686 1.860275 0.01129888 0.2651682 1.887347 0.04397179 0.2665182 1.878219 0.02440073 0.2622491 1.883674 0.06252244 0.2600718 1.868643 0.07303899 0.3547206 1.845626 0.04050339 0.3485089 1.905451 0.08266181 0.3470408 1.868653 0.09156377 0.3544981 1.900052 0.0447619 0.3514624 1.909228 0.06420552 0.3489844 1.850078 0.07855063 0.3468293 1.88992 0.09311698 0.3564485 1.860977 0.03007635 0.3563934 1.881657 0.03172063 -0.3196119 1.830703 -0.06340907 0.3518937 1.841376 0.05903335 -0.2140631 0.8914962 -0.07920431 -0.2246143 0.9150052 -0.04790762 -0.2192469 0.9084033 -0.06698407 -0.2270291 0.9088324 -0.02879663 -0.2267824 0.8921874 -0.01744069 -0.3079596 0.8507783 -0.08737184 -0.3183736 0.904983 -0.04711149 -0.319201 0.8677145 -0.03678754 -0.3105798 0.9047897 -0.08529893 -0.314771 0.9112626 -0.06595765 -0.3160073 0.8509637 -0.04923297 -0.320075 0.8883494 -0.03597145 -0.3063067 0.8674104 -0.09852115 -0.3073375 0.8880405 -0.09773508 0.2674041 0.8764332 0.02035479 0.2616136 0.8996169 0.05121306 0.2650052 0.8930726 0.03212598 0.2572229 0.8935017 0.07031342 0.2546848 0.8771245 0.08211842 0.3551937 0.8444399 0.05276482 0.345564 0.8980788 0.08862827 0.3441946 0.8612012 0.1019904 0.3533577 0.8978855 0.05044084 0.3492591 0.9042915 0.06926309 0.347146 0.8446255 0.09090368 0.3436203 0.88162 0.101127 0.3570889 0.8608972 0.04025681 0.3563577 0.8813112 0.03936337 -0.3116891 0.8444949 -0.06854997 0.3513716 0.8382233 0.07210571 -0.3356349 -7.21072e-4 -0.04018676 -0.344875 -7.79625e-4 -0.04947763 -0.4042955 -0.001178379 -0.04956851 -0.4135638 -0.001246987 -0.04030595 -0.4136744 -0.001299696 0.0348877 -0.4044333 -0.001240545 0.04417858 -0.3450126 -8.19013e-4 0.04426953 -0.3357452 -7.4982e-4 0.03500698 -0.3270385 1.968324 -0.1214009 -0.320139 1.970943 -0.1099973 -0.389359 1.965267 -0.1307639 -0.3794651 1.963997 -0.1372011 -0.3963758 1.983646 -0.04722648 -0.4033689 1.981027 -0.05863929 -0.3303933 1.986712 -0.03750902 -0.3403789 1.987983 -0.03108052 0.3364457 0.001078583 -0.03529926 0.3458195 0.001120887 -0.04448314 0.4054735 0.001379804 -0.04394341 0.4146807 0.001413628 -0.0345914 0.4140015 0.001360919 0.04053113 0.4046267 0.001319515 0.04971501 0.3449733 0.001095429 0.04917527 0.3357671 0.001062514 0.03982328 0.3647491 1.996398 0.02771195 0.3539553 1.995394 0.0342624 0.4316174 2.018141 0.0544675 0.4243202 2.013743 0.04316401 0.4048584 2.030884 0.1331442 0.4155603 2.031888 0.1265821 0.3416621 2.009151 0.1068633 0.3488654 2.013548 0.1181545 -0.2284725 1.853777 -0.07124551 -0.22849 1.840074 -0.05841043 -0.2307513 1.836718 -0.03908002 -0.2341664 1.84525 -0.02063589 -0.2372058 1.862684 -0.01012214 0.2672264 1.840592 0.01052223 0.2663018 1.826091 0.02155428 0.2643 1.8222 0.04038189 0.262001 1.830627 0.05978626 0.2602981 1.848392 0.07232898 0.2558162 1.352322 0.005478414 0.2528262 1.335968 0.01788431 0.2494805 1.329908 0.03734484 0.2471156 1.336443 0.0564351 0.2466944 1.353081 0.06787117 -0.2223915 1.374977 -0.06288884 -0.2264251 1.358618 -0.05181931 -0.2308266 1.352557 -0.03299225 -0.2340276 1.359097 -0.01362324 -0.2349169 1.375741 -0.001134226 -0.213906 0.8706496 -0.07982727 -0.2150092 0.8539552 -0.06849493 -0.2185251 0.8477333 -0.04960314 -0.2230469 0.8543668 -0.03035606 -0.2267834 0.8713241 -0.01809365 0.2681176 0.8560817 0.02109087 0.2668814 0.839779 0.03341123 0.2633148 0.833709 0.05268044 0.258844 0.8401962 0.07155009 0.2552407 0.8567655 0.08282447 0.2418109 0.3807289 0.06314103 0.2443434 0.3633676 0.04997172 0.2480509 0.3566321 0.03034692 0.2517905 0.3630866 0.01179272 0.2544071 0.3802537 0.001426015 -0.2483074 0.3618743 -0.02287093 -0.247915 0.3454242 -0.0325488 -0.2473198 0.3391471 -0.05112803 -0.2467047 0.3454433 -0.07151098 -0.2462603 0.3619067 -0.08591063 0.3650838 1.91761 0.2700216 0.3507255 1.914981 0.2731288 0.3385105 1.910712 0.263764 0.3354435 1.907297 0.2473922 0.3434711 1.906743 0.2336235 0.3580438 1.909381 0.2305439 0.3704732 1.913659 0.2399363 0.3733258 1.917065 0.2562805 0.3779911 1.769852 0.245613 0.3700573 1.769944 0.2597725 0.3555564 1.76807 0.2635559 0.3429023 1.765314 0.2547383 0.3394277 1.763279 0.238473 0.3472472 1.763168 0.2242989 0.3618624 1.76506 0.2205301 0.3746308 1.767834 0.2293623 0.3828999 1.614957 0.2343888 0.3752903 1.614574 0.2489886 0.3606393 1.613493 0.2534835 0.3475233 1.612329 0.2452415 0.3436198 1.611745 0.2290885 0.3512204 1.612101 0.2144877 0.3658804 1.613209 0.2099937 0.3790054 1.6144 0.2182366 0.3794185 1.462828 0.2397688 0.3711493 1.462452 0.2542597 0.3553408 1.461518 0.2585389 0.3412524 1.460552 0.2501014 0.3371361 1.460096 0.2338882 0.3454031 1.46044 0.2193973 0.3612137 1.461405 0.2151181 0.3753043 1.462404 0.2235556 0.3753839 1.313019 0.2462647 0.3663937 1.312685 0.2606088 0.3493717 1.31185 0.2646088 0.3342878 1.310977 0.2559231 0.3299771 1.310554 0.2396383 0.3389649 1.310852 0.2252942 0.3559893 1.311723 0.2212943 0.3710757 1.312631 0.2299799 0.3716466 1.155262 0.2531998 0.3621439 1.154971 0.2673825 0.3444497 1.154239 0.2710815 0.3289276 1.153467 0.2621316 0.3246696 1.153082 0.2457741 0.3341698 1.153334 0.2315914 0.3518665 1.154104 0.2278925 0.367391 1.154914 0.2368424 0.3697106 1.028288 0.2589804 0.3603126 1.02803 0.2730188 0.3433476 1.027378 0.2764609 0.3287523 1.02669 0.267292 0.325076 1.026345 0.2508817 0.334472 1.026568 0.2368433 0.351439 1.027254 0.2334012 0.3660363 1.027977 0.2425701 0.3674034 0.8769717 0.265869 0.3581303 0.8767522 0.2797356 0.3420343 0.8761971 0.2828716 0.3285434 0.8756094 0.2734418 0.3255604 0.8753114 0.2569685 0.3348321 0.8754996 0.243102 0.3509296 0.876086 0.239966 0.3644219 0.8767049 0.2493958 0.3655451 0.7218119 0.2658041 0.3562046 0.7215301 0.2795758 0.3402547 0.7209168 0.2825432 0.3270381 0.7203053 0.2729696 0.3242971 0.7200274 0.2564617 0.3336364 0.7202721 0.2426899 0.3495875 0.7209224 0.2397225 0.3628053 0.721571 0.2492961 0.3547647 0.5784681 0.2718915 0.3381527 0.5776336 0.2748589 0.3242709 0.5768647 0.2652852 0.3212511 0.5765746 0.2487773 0.3308615 0.5769703 0.2350055 0.3474748 0.5778575 0.2320382 0.3613579 0.5786792 0.2416118 0.3643764 0.5789166 0.2581197 0.3631629 0.4305343 0.2501402 0.3532697 0.4299128 0.263912 0.33597 0.4288485 0.2668794 0.3213974 0.4279162 0.2573058 0.3180882 0.4276133 0.2407979 0.3279801 0.4281659 0.2270261 0.345281 0.4292992 0.2240587 0.3598549 0.4303004 0.2336323 0.3726324 0.2940259 0.2318888 0.3637039 0.2935687 0.2461484 0.3468692 0.2927904 0.2500922 0.3319896 0.2921111 0.2414114 0.3277816 0.2918931 0.2251898 0.3367092 0.2922997 0.2109302 0.3535448 0.2931285 0.2069864 0.3684254 0.2938584 0.2156672 0.3849059 0.13669 0.2094519 0.3772463 0.136464 0.2243365 0.3610882 0.1360791 0.2295309 0.3458971 0.1357431 0.2219939 0.340572 0.1356353 0.206139 0.3482311 0.1358364 0.1912545 0.3643896 0.1362463 0.1860601 0.3795812 0.1366072 0.1935971 -0.4107297 1.882055 0.116376 -0.4143682 1.879416 0.09968818 -0.4046088 1.877688 0.08652885 -0.3873127 1.877877 0.08459352 -0.3724663 1.879878 0.09502831 -0.3686214 1.882526 0.1117362 -0.3781745 1.884264 0.1249155 -0.3956769 1.884066 0.1268308 -0.3966991 1.754989 0.1360405 -0.4117282 1.753421 0.1256488 -0.4150647 1.751807 0.1089546 -0.4048341 1.751078 0.09572961 -0.3871061 1.75165 0.09371441 -0.3721876 1.753199 0.1040953 -0.3687405 1.754832 0.1208004 -0.3788604 1.755579 0.1340361 -0.4127329 1.623981 0.1349797 -0.4157654 1.623398 0.118279 -0.4050608 1.623675 0.104988 -0.3868982 1.624632 0.1028925 -0.3719072 1.625727 0.1132192 -0.3688603 1.626337 0.1299214 -0.3795506 1.626087 0.1432138 -0.3977276 1.625103 0.1453079 -0.3969881 1.49847 0.1464041 -0.4113846 1.497338 0.136476 -0.4144289 1.496859 0.1198726 -0.4043409 1.497291 0.1063202 -0.38703 1.49836 0.1037584 -0.3726356 1.499462 0.1136863 -0.3695892 1.499972 0.1302898 -0.3796751 1.499571 0.1438425 -0.395909 1.362703 0.1462755 -0.4095567 1.361486 0.1368319 -0.4126642 1.36097 0.12035 -0.4034146 1.361434 0.1064849 -0.3872263 1.36258 0.1033595 -0.373581 1.363763 0.112803 -0.3704712 1.364313 0.1292851 -0.3797184 1.363884 0.1431502 -0.4075832 1.214807 0.1372162 -0.410759 1.214252 0.1208653 -0.4024144 1.214749 0.1066627 -0.3874383 1.215979 0.1029288 -0.3746018 1.217249 0.1118494 -0.3714234 1.217842 0.1282002 -0.3797653 1.217384 0.1424029 -0.394744 1.216116 0.1461367 -0.4069744 1.072415 0.1307908 -0.4102117 1.07194 0.1143978 -0.4014071 1.07236 0.100312 -0.3857183 1.073405 0.09678563 -0.3723345 1.074486 0.1058826 -0.369095 1.074997 0.1222756 -0.3778975 1.074612 0.1363614 -0.3935884 1.073532 0.1398878 -0.4063288 0.8801932 0.1212003 -0.4096485 0.8798426 0.1047276 -0.4000422 0.8801457 0.09085952 -0.3831369 0.8809031 0.08772077 -0.3688346 0.8816931 0.09714828 -0.3655134 0.8820749 0.113621 -0.3751182 0.881803 0.127489 -0.392025 0.8810144 0.1306278 -0.4027011 0.7123915 0.1213318 -0.4064656 0.7119743 0.1049744 -0.3971483 0.7124393 0.09092094 -0.3802065 0.7134913 0.08740453 -0.3655641 0.7145368 0.09648342 -0.3617987 0.7149864 0.1128408 -0.3711149 0.7145538 0.1268943 -0.3880577 0.7134695 0.1304107 -0.3965582 0.5601634 0.1293661 -0.4010731 0.559523 0.1132856 -0.3929384 0.5603808 0.09871433 -0.3769183 0.5622072 0.0941888 -0.362397 0.5639594 0.1023584 -0.3578813 0.564638 0.1184391 -0.3660154 0.5638186 0.1330104 -0.3820362 0.5619539 0.1375358 -0.3904284 0.4082622 0.1373832 -0.3956923 0.4073992 0.1215788 -0.3887375 0.4086488 0.106491 -0.373637 0.411248 0.1009585 -0.3592366 0.4137053 0.1082208 -0.3539724 0.4146125 0.1240253 -0.3609267 0.4134071 0.1391133 -0.3760276 0.4107637 0.1446456 -0.374302 0.2759152 0.1611358 -0.3889216 0.2738058 0.1542907 -0.3946338 0.2730837 0.138625 -0.3880941 0.2741466 0.123316 -0.3731321 0.2763467 0.1173322 -0.3585126 0.2784205 0.1241772 -0.3528002 0.2791782 0.1398431 -0.3593397 0.278151 0.1551521 -0.3897293 0.1244858 0.1792783 -0.3958036 0.1241341 0.1636997 -0.3893264 0.1246517 0.1482948 -0.3740904 0.1257231 0.1420882 -0.3590213 0.126733 0.1487141 -0.3529469 0.1271019 0.1642928 -0.359424 0.1266017 0.1796978 -0.3746601 0.125513 0.1859043 -0.4050639 0.3519787 -0.02515909 -0.4025053 0.3531992 -0.1003008 -0.3934507 0.3547878 -0.1092433 -0.3373423 0.364021 -0.107139 -0.3289196 0.3653768 -0.09754077 -0.3314746 0.3647111 -0.02239715 -0.3405283 0.3631089 -0.01345461 -0.3966402 0.3533484 -0.01556076 -0.3964956 0.8786622 -0.04551921 -0.3812344 0.8786622 -0.1191345 -0.3700142 0.8789931 -0.1263335 -0.3100627 0.8811184 -0.1142436 -0.3026069 0.8814964 -0.1032788 -0.3178502 0.8818781 -0.02966352 -0.3290699 0.8815378 -0.02246433 -0.3890384 0.8790497 -0.03455423 -0.3993119 1.371538 -0.02993916 -0.3842096 1.371538 -0.1035293 -0.373376 1.372087 -0.1106897 -0.3157816 1.375609 -0.09837255 -0.308672 1.376209 -0.08737534 -0.3237458 1.376627 -0.01378392 -0.334579 1.376068 -0.006623249 -0.3922005 1.372149 -0.01894169 -0.4011248 1.856039 -0.04915926 -0.385498 1.845527 -0.1215057 -0.3748149 1.844844 -0.1279713 -0.3186016 1.848785 -0.1121775 -0.3114653 1.850711 -0.1007624 -0.3245792 1.861343 -0.02817236 -0.3353233 1.862023 -0.02171253 -0.3939255 1.857968 -0.03773788 0.4055266 1.891247 0.1206127 0.3503548 1.878105 0.1082307 0.3431404 1.874903 0.09726194 0.354307 1.865544 0.02398284 0.3646524 1.866454 0.016919 0.4222366 1.879709 0.0296117 0.4295146 1.882913 0.04058877 0.4158103 1.892154 0.113541 0.4159022 1.364389 0.09830726 0.4051565 1.363755 0.1061335 0.3448275 1.359682 0.0974679 0.3367783 1.358996 0.08694252 0.3476883 1.358575 0.01256621 0.3584337 1.35922 0.00473985 0.4187899 1.363692 0.01340542 0.4268409 1.364389 0.02393095 0.4294785 0.8796803 0.04888224 0.4142265 0.8796803 0.1224993 0.4034751 0.8792432 0.1296996 0.3465258 0.8764366 0.1176171 0.3395364 0.8759524 0.1066532 0.3547705 0.8755704 0.03303616 0.3655214 0.8760169 0.02583561 0.4224877 0.8791866 0.03791818 0.4282368 0.4108766 0.03138669 0.4126512 0.4096672 0.1048972 0.4011526 0.4087172 0.1120375 0.3396704 0.4035757 0.09965347 0.3320166 0.4028205 0.08865582 0.3475874 0.4031892 0.01514529 0.3590853 0.4041599 0.008004822 0.4205817 0.4101006 0.02038882 0.4214791 0.20676 -0.001503281 0.4133243 0.2061272 0.07281083 0.4028844 0.2056301 0.08096983 0.3423139 0.20294 0.07449017 0.3338862 0.2025448 0.06431288 0.3420333 0.2027377 -0.01000124 0.3524723 0.2032456 -0.01816034 0.4130502 0.2063539 -0.01168068 -0.3336065 0.182269 0.006259616 -0.3427669 0.1814322 0.01536191 -0.4005305 0.1763337 0.01426177 -0.4093623 0.1756183 0.00481692 -0.4080258 0.1762558 -0.07035071 -0.3988646 0.1770856 -0.07945301 -0.3411027 0.1819086 -0.07835382 -0.332272 0.1826167 -0.06890902 0.4133622 0.6454886 0.1188014 0.4024347 0.6448615 0.1258875 0.3449556 0.6412258 0.1131896 0.3379775 0.6406516 0.1021483 0.3539725 0.640587 0.02868054 0.3648994 0.6412278 0.02159423 0.4223925 0.645394 0.03429214 0.4293718 0.645982 0.04533363 -0.3210559 0.6272647 -0.02916663 -0.3316392 0.6264531 -0.02134366 -0.3911418 0.6212843 -0.02983939 -0.3990912 0.6205402 -0.04030854 -0.3884074 0.6210337 -0.1144422 -0.3778233 0.6218346 -0.1222651 -0.3183302 0.6265855 -0.1137701 -0.310382 0.6273188 -0.1033011 0.4153221 1.132278 0.1096056 0.4038655 1.131725 0.1171435 0.3405708 1.128173 0.1068791 0.3323086 1.127563 0.09614398 0.3452362 1.127108 0.0220859 0.3566925 1.127673 0.0145478 0.4200151 1.131657 0.02481224 0.428279 1.132278 0.03554753 -0.3289334 1.141229 -0.01947146 -0.3390024 1.14068 -0.01192812 -0.3934451 1.136794 -0.02216442 -0.4003304 1.136189 -0.03289618 -0.387409 1.136189 -0.1069611 -0.3773397 1.136727 -0.1145042 -0.3229251 1.140179 -0.1042679 -0.3160415 1.140773 -0.09353637 0.4068725 1.609973 0.09537008 0.3533549 1.605278 0.08824108 0.3461182 1.604485 0.07792181 0.3550154 1.603984 0.003276515 0.3644576 1.604704 -0.00482147 0.4180396 1.60972 0.002313019 0.4252789 1.610521 0.01263256 0.4163139 1.610684 0.08727208 -0.3269376 1.653091 -0.006173558 -0.389861 1.649501 -0.02199886 -0.3974026 1.648718 -0.03343448 -0.3790937 1.646909 -0.1061488 -0.3671014 1.6472 -0.1126614 -0.3046072 1.650502 -0.09687845 -0.297078 1.651277 -0.08544421 -0.3149353 1.653389 -0.01268538 -0.3587052 1.865806 0.0278443 -0.374922 1.855434 0.02412145 -0.3914411 1.863561 0.01903611 -0.3916692 1.882071 0.01766487 -0.3755268 1.892451 0.02139502 -0.3590823 1.884333 0.02648766 0.3806378 1.891528 0.1875207 0.3663038 1.877737 0.1834766 0.3515712 1.884503 0.1809545 0.3511752 1.904913 0.1823796 0.3655061 1.918873 0.1865222 0.3802357 1.912277 0.1891429 -0.3525087 0.8868851 0.02158227 -0.3519851 0.8680382 0.02076376 -0.3682032 0.8579204 0.01701499 -0.3848353 0.866621 0.01412152 -0.3851398 0.8854111 0.0150136 -0.3690312 0.8955573 0.01872559 0.3771384 0.8646621 0.1919798 0.3617428 0.854619 0.1890767 0.34629 0.863292 0.1853376 0.3461046 0.881994 0.1845384 0.3616285 0.8920512 0.1874048 0.3772095 0.8833923 0.1911071 -0.09906016 0.3988673 -0.0114662 -0.09504923 0.3980949 -0.07427201 -0.09576957 0.3769732 -0.07205433 -0.09632406 0.3599952 -0.05829556 -0.09735694 0.3536684 -0.03820438 -0.09855557 0.3604271 -0.01946101 -0.09954401 0.3777037 -0.009230493 0.06825867 0.394012 0.02742884 0.07905444 0.3927035 -0.03452255 0.07893051 0.3718319 -0.0341376 0.07697097 0.3551705 -0.02217356 0.07399342 0.3490759 -0.002945279 0.07091282 0.3559047 0.0161791 0.06868353 0.3730738 0.02787114 0.08939385 0.8775556 0.04747085 0.102092 0.8764186 -0.01429278 0.1035019 0.8561382 -0.01402966 0.10303 0.8398629 -0.002053142 0.09975978 0.8339038 0.01708473 0.09500436 0.840546 0.03608572 0.09064477 0.8572575 0.04770395 -0.07342144 0.8925481 0.01370311 -0.06072331 0.8914111 -0.04806051 -0.05951068 0.8706691 -0.04825833 -0.0599599 0.8540038 -0.03661693 -0.06322151 0.8478956 -0.01760708 -0.06798557 0.8546869 0.001521937 -0.07236776 0.8717886 0.01347527 -0.05919981 1.393346 0.02962047 -0.04742449 1.39212 -0.03226348 -0.04953021 1.371655 -0.03290338 -0.05408736 1.355438 -0.02185915 -0.05850772 1.349548 -0.0030091 -0.06117116 1.356219 0.0164309 -0.06112655 1.372901 0.02902032 0.08786467 1.373074 0.04582867 0.09754906 1.371847 -0.01644636 0.09522968 1.351457 -0.01615295 0.09120463 1.335246 -0.004252681 0.08734543 1.329358 0.01499117 0.08515112 1.336026 0.03423007 0.08548676 1.352703 0.04611741 0.09466058 1.835042 0.04312644 0.09431755 1.854061 0.04276767 0.09837998 1.845304 -0.01921602 0.0991072 1.82685 -0.01887774 0.09941469 1.813279 -0.006886274 0.09835066 1.809836 0.01233924 0.09647608 1.818059 0.031446 -0.09691868 1.884205 0.02161068 -0.09204294 1.874661 -0.03990785 -0.09045327 1.855938 -0.03857059 -0.08926608 1.842208 -0.02582375 -0.09038753 1.838857 -0.006444145 -0.09309464 1.84741 0.01217376 -0.09606071 1.864862 0.02292552 -0.3832564 2.011193 0.09271129 -0.3963551 2.02356 0.09900723 0.3429675 2.045887 0.2608588 0.3526228 2.049015 0.2628518 0.3556553 2.006217 0.07949264 0.4103323 2.026063 0.107836 0.3601902 2.005711 0.0539553 0.4205942 2.026512 0.06181439 0.3851386 2.009938 0.09412339 0.398139 2.011277 0.05818552 -0.3378212 1.988738 -0.05028035 -0.3870677 1.967741 -0.09551143 -0.3685635 1.969017 -0.07804889 -0.3311034 1.970466 -0.09183118 -0.3747607 1.981007 -0.1087539 -0.367219 -0.007694167 0.1827326 -0.3844231 0.004637307 0.1850036 0.376734 0.001157999 0.1775253 0.3678777 0.001123047 0.19953 -0.4043824 -0.00121757 0.009532676 -0.3447776 0.006632499 -0.02438786 -0.4046329 -0.01177281 -0.01824236 -0.3862622 -0.01724544 0.002017336 -0.3449006 0.005423095 0.02589959 -0.3651903 0.01258539 0.01093025 0.4054421 0.01282078 -0.01097973 0.3455464 0.001112669 -0.01425009 0.3771957 -0.007138836 0.01479331 0.4048404 0.001334731 0.02607733 0.3453614 0.007600198 0.01128569 0.370648 -0.009929348 -0.02840433</float_array>
          <technique_common>
            <accessor source="#Geometry-mesh025-positions-array" count="719" stride="3">
              <param name="X" type="float"/>
              <param name="Y" type="float"/>
              <param name="Z" type="float"/>
            </accessor>
          </technique_common>
        </source>
        <source id="Geometry-mesh025-normals" name="Geometry-mesh025-normals">
          <float_array id="Geometry-mesh025-normals-array" count="4182">0.9769983 0.05586056 0.2058003 0.9769983 0.05586056 0.2058003 0.9769983 0.05586056 0.2058003 -0.9655733 0.2195199 -0.139568 -0.9655733 0.2195199 -0.139568 -0.9655733 0.2195199 -0.139568 -0.1577632 0.3452539 0.9251543 -0.1190807 -0.2724127 0.9547833 -0.1190807 -0.2724127 0.9547833 -0.1577632 0.3452539 0.9251543 0.1796566 0.3201656 -0.9301707 0.2163184 -0.3028487 -0.9281642 0.2163184 -0.3028487 -0.9281642 0.1796566 0.3201656 -0.9301707 -0.9516804 0.2254995 -0.2084573 -0.9516804 0.2254995 -0.2084573 -0.9516804 0.2254995 -0.2084573 0.9634213 0.2559919 0.07929364 0.9634213 0.2559919 0.07929364 0.9634213 0.2559919 0.07929364 -0.9830124 0.1307587 -0.128797 -0.9830124 0.1307587 -0.128797 -0.9830124 0.1307587 -0.128797 -0.1325999 -0.3302798 0.9345225 -0.278542 0.2692689 0.9219049 -0.278542 0.2692689 0.9219049 -0.1325999 -0.3302798 0.9345225 0.9560068 0.221486 0.1923407 0.9560068 0.221486 0.1923407 0.9560068 0.221486 0.1923407 -0.9767901 0.07687801 -0.1999272 -0.9767901 0.07687801 -0.1999272 -0.9767901 0.07687801 -0.1999272 -0.1885561 -0.285218 0.9397326 -0.2125525 0.3316336 0.9191522 -0.2125525 0.3316336 0.9191522 -0.1885561 -0.285218 0.9397326 -0.07014999 0.9973024 -0.0216067 -0.1385813 0.8197709 0.5556716 -0.1385813 0.8197709 0.5556716 -0.07014999 0.9973024 -0.0216067 -0.7463552 -0.1468918 0.6491352 -0.9943141 -0.07129043 -0.07910144 -0.9961744 -0.07577572 -0.04352577 -0.7254462 -0.1479102 0.6721981 0.8544546 -0.4659984 0.2296799 0.8522826 -0.4698749 0.2298519 0.02290819 -0.9894886 0.1427851 0.02464469 -0.9893975 0.1431264 -0.8339521 -0.52414 -0.1726302 -0.8348089 -0.5227148 -0.1728099 -0.8556167 0.4859716 -0.1781897 -0.8564646 0.4844117 -0.1783638 -0.1587597 0.8000795 0.578505 -0.1587597 0.8000795 0.578505 -0.1634119 0.9865522 -0.003331215 -0.1634119 0.9865522 -0.003331215 -0.9675822 0.1400866 -0.2101438 -0.9675822 0.1400866 -0.2101438 -0.9675822 0.1400866 -0.2101438 -0.9675822 0.1400866 -0.2101438 -0.1401124 0.9779429 -0.1549067 0.8350062 0.5451483 0.07468578 0.8332618 0.547907 0.07397757 -0.1392168 0.9780805 -0.154846 0.9998821 0.001028864 0.01531841 0.9999665 -1.20311e-4 0.008183215 0.7140619 -0.1143731 -0.6906767 0.7230859 -0.1129202 -0.6814657 -0.03971108 0.7621213 -0.6462152 0.09022214 0.4500676 -0.8884251 0.09022214 0.4500676 -0.8884251 -0.03971108 0.7621213 -0.6462152 -0.1737473 0.9455185 -0.2753299 -0.1737473 0.9455185 -0.2753299 0.9686013 0.1516979 0.1969747 0.9686013 0.1516979 0.1969747 0.9686013 0.1516979 0.1969747 0.9686013 0.1516979 0.1969747 0.6962356 0.1037542 0.7102753 0.6995777 0.1032069 0.7070637 0.6995777 0.1032069 0.7070637 0.6962356 0.1037542 0.7102753 -0.7654177 -0.08734731 0.6375784 -0.7654177 -0.08734731 0.6375784 -0.7381436 -0.09085861 0.6684973 -0.7381436 -0.09085861 0.6684973 0.02694064 0.7978671 -0.6022311 0.02694064 0.7978671 -0.6022311 0.1709419 -0.8092326 -0.5620691 0.1709419 -0.8092326 -0.5620691 -0.6456128 0.0481819 -0.7621433 -0.6743088 0.04294868 -0.7371995 0.8368745 0.5424421 0.07346879 0.839909 0.5375514 0.07477454 0.03338607 -0.9993971 0.009525124 0.03396347 -0.9993764 0.00964628 -0.1066595 0.7942691 -0.5981308 -0.1066595 0.7942691 -0.5981308 0.8933278 -0.3994644 0.2058975 0.888919 -0.4089622 0.2063319 0.01265443 -0.1617841 -0.986745 0.02403385 -0.1618189 -0.9865277 0.02244484 0.9881902 -0.1515788 0.02244484 0.9881902 -0.1515788 0.02244484 0.9881902 -0.1515788 0.02244484 0.9881902 -0.1515788 -0.3180077 0.8124445 0.4886768 -0.3180077 0.8124445 0.4886768 0.1842359 0.287376 -0.939932 0.1842359 0.287376 -0.939932 0.08060477 0.8016128 -0.5923849 0.08060477 0.8016128 -0.5923849 0.716875 -0.1219951 -0.6864455 0.716875 -0.1219951 -0.6864455 0.716875 -0.1219951 -0.6864455 0.716875 -0.1219951 -0.6864455 -0.6560715 0.1152395 -0.7458484 -0.6560715 0.1152395 -0.7458484 -0.6560715 0.1152395 -0.7458484 -0.6560715 0.1152395 -0.7458484 -0.2184735 0.3005581 0.9284042 -0.2184735 0.3005581 0.9284042 -0.1737613 0.8078342 0.5632148 -0.1737613 0.8078342 0.5632148 -0.1762825 -0.3181497 0.9315069 -0.1762825 -0.3181497 0.9315069 -0.068532 -0.8098269 0.5826524 -0.068532 -0.8098269 0.5826524 0.07213207 0.1363414 -0.9880323 0.03870806 0.1343092 -0.9901832 -0.02056483 0.9867324 -0.1610469 -0.0187547 0.9868224 -0.1607161 0.8580127 -0.4809992 0.1801496 0.8571684 -0.4825653 0.1799806 0.9991332 0.0190069 0.03703022 0.9991332 0.0190069 0.03703022 0.9991332 0.0190069 0.03703022 0.9991332 0.0190069 0.03703022 0.9991332 0.0190069 0.03703022 0.1352239 -0.9801301 0.1451183 0.1344643 -0.9802614 0.1449372 -0.0345202 0.999357 -0.009690364 0.8399066 0.5144549 0.1728965 0.8381854 0.5173742 0.1725374 -0.03713744 0.9992578 -0.01022806 -0.6996418 -0.11188 -0.7056799 -0.6956055 -0.1125552 -0.7095522 0.002022278 0.9998946 -0.01438159 0.002022278 0.9998946 -0.01438159 0.002022278 0.9998946 -0.01438159 0.002022278 0.9998946 -0.01438159 -0.1588981 0.8159786 0.555815 -0.1588981 0.8159786 0.555815 -0.6968942 -0.09818438 -0.7104211 -0.7001031 -0.09756684 -0.7073445 -0.7001031 -0.09756684 -0.7073445 -0.6968942 -0.09818438 -0.7104211 0.7663898 0.07476493 -0.6380101 0.7663898 0.07476493 -0.6380101 0.7388412 0.08067099 -0.6690334 0.7388412 0.08067099 -0.6690334 -0.05842311 0.9981149 -0.01879535 -0.05842311 0.9981149 -0.01879535 -0.9781789 0.1518914 -0.1417565 -0.9781789 0.1518914 -0.1417565 -0.9781789 0.1518914 -0.1417565 -0.9781789 0.1518914 -0.1417565 0.7467141 0.1442179 -0.6493222 0.7257244 0.145944 -0.6723277 0.8315001 0.5287175 0.1704855 0.8323562 0.527309 0.1706698 -0.8370345 -0.5425863 -0.07052129 -0.8349468 -0.5458875 -0.06978994 0.8601632 -0.4771351 0.1801703 0.8617141 -0.474207 0.1804895 -0.9999475 0.005965854 -0.008328137 -0.999869 0.004765328 -0.01546525 0.1852435 -0.871779 -0.4535263 0.1852435 -0.871779 -0.4535263 0.2722273 -0.3837847 -0.8823841 0.2722273 -0.3837847 -0.8823841 0.03092464 -0.9905849 0.1333606 -0.1254669 -0.7529056 0.6460582 -0.1254669 -0.7529056 0.6460582 0.03092464 -0.9905849 0.1333606 -0.04904833 0.9985976 -0.01992061 -0.04904833 0.9985976 -0.01992061 -0.7291047 0.1305833 0.6718291 -0.7291047 0.1305833 0.6718291 -0.7161044 0.1325597 0.6852899 -0.7161044 0.1325597 0.6852899 0.6155147 -0.1173991 0.7793325 0.6155147 -0.1173991 0.7793325 0.6561893 -0.1120182 0.7462355 0.6561893 -0.1120182 0.7462355 0.07560156 0.811217 -0.5798374 0.07560156 0.811217 -0.5798374 0.9946271 0.06674789 0.07913084 0.9964566 0.0719742 0.04351773 -0.03485405 0.9993442 -0.009811847 -0.03544884 0.9993221 -0.009933413 -0.1058322 0.994322 -0.01109901 -0.1058322 0.994322 -0.01109901 -0.1058322 0.994322 -0.01109901 -0.1058322 0.994322 -0.01109901 -0.1491921 -0.3727006 0.9158799 -0.2146499 0.2538448 0.9431269 -0.2146499 0.2538448 0.9431269 -0.1491921 -0.3727006 0.9158799 -0.8955984 0.3960572 -0.2025881 -0.8914316 0.4050993 -0.2030868 0.03400811 -0.9993743 0.009705731 0.0366183 -0.9992767 0.01025258 -0.7137228 0.119099 0.6902283 -0.7228151 0.1175907 0.6809632 -0.2702181 0.3811935 0.8841231 -0.2702181 0.3811935 0.8841231 -0.186633 0.8748467 0.4470027 -0.186633 0.8748467 0.4470027 -0.2401672 -0.2471187 0.9387502 -0.2401672 -0.2471187 0.9387502 0.146054 -0.7983966 -0.5841498 0.146054 -0.7983966 -0.5841498 0.1990274 -0.274296 -0.9408239 0.1990274 -0.274296 -0.9408239 -0.08720501 -0.8126082 0.5762492 0.03311721 -0.9994058 0.009541884 0.03311721 -0.9994058 0.009541884 -0.08720501 -0.8126082 0.5762492 0.9998628 -0.0135132 0.009574507 0.9997687 -0.01223954 0.01768413 0.9997687 -0.01223954 0.01768413 0.9998628 -0.0135132 0.009574507 -0.9938157 0.02256511 -0.1087251 -0.9938157 0.02256511 -0.1087251 -0.9981267 0.01645462 -0.05892605 -0.9981267 0.01645462 -0.05892605 0.6455078 -0.05027668 0.7620971 -0.07229213 -0.1366226 0.9879819 -0.03880722 -0.133889 0.9902362 0.6742342 -0.04432532 0.7371863 -0.8351648 -0.5419641 -0.09367282 -0.8377883 -0.5376951 -0.09484161 -0.847355 0.4709913 -0.2452686 -0.8491948 0.4677246 -0.245157 0.06202618 -0.997892 0.01908742 0.06202618 -0.997892 0.01908742 0.03777466 0.83031 -0.55602 0.03777466 0.83031 -0.55602 -0.08704694 0.9960712 -0.01627554 -0.08704694 0.9960712 -0.01627554 -0.001039242 0.2233235 -0.9747438 -0.001039242 0.2233235 -0.9747438 0.08130325 -0.9966705 0.006135808 -0.04193962 -0.8169831 0.5751345 -0.04193962 -0.8169831 0.5751345 0.08130325 -0.9966705 0.006135808 -0.8375965 -0.518245 -0.1727836 -0.8625808 0.4728044 -0.1800279 -0.8641239 0.4698605 -0.1803354 -0.8358631 -0.5211599 -0.1724101 0.6953055 0.1147935 0.7094877 -0.02419278 0.1629696 0.9863344 -0.01270643 0.1629755 0.9865483 0.6993782 0.1141527 0.7055773 0.1291477 0.7485266 -0.6504065 -0.02679805 0.9871657 -0.1574346 -0.02679805 0.9871657 -0.1574346 0.1291477 0.7485266 -0.6504065 -0.1502061 0.7967459 0.5853496 -0.1502061 0.7967459 0.5853496 -0.008584976 0.9872125 -0.1591784 -0.008584976 0.9872125 -0.1591784 -0.979589 0.003923355 -0.2009727 -0.979589 0.003923355 -0.2009727 -0.979589 0.003923355 -0.2009727 -0.979589 0.003923355 -0.2009727 0.1550793 0.4724048 -0.8676313 0.1550793 0.4724048 -0.8676313 -0.01764165 0.1616073 0.9866973 -0.03326664 0.1618031 0.9862622 -0.03326664 0.1618031 0.9862622 -0.01764165 0.1616073 0.9866973 -0.09859895 -0.1383254 0.9854665 -0.09859895 -0.1383254 0.9854665 -0.05438436 -0.1383234 0.9888927 -0.05438436 -0.1383234 0.9888927 0.9786166 -0.01975862 0.2047415 0.9786166 -0.01975862 0.2047415 0.9786166 -0.01975862 0.2047415 0.9786166 -0.01975862 0.2047415 -0.1877509 0.8067628 0.5602528 -0.1877509 0.8067628 0.5602528 -0.9909696 0.0612495 -0.11928 -0.9909696 0.0612495 -0.11928 -0.9909696 0.0612495 -0.11928 -0.9909696 0.0612495 -0.11928 0.243755 0.2550788 -0.9356914 0.243755 0.2550788 -0.9356914 -0.1996694 0.2718893 0.9413864 -0.1996694 0.2718893 0.9413864 -0.1736268 -0.3368056 0.9254273 -0.1736268 -0.3368056 0.9254273 -0.9996124 0.02616991 -0.009499817 -0.9995383 0.02480152 -0.01755498 -0.9995383 0.02480152 -0.01755498 -0.9996124 0.02616991 -0.009499817 0.9935705 -0.03213297 0.1085586 0.9935705 -0.03213297 0.1085586 0.9979694 -0.02428099 0.05888469 0.9979694 -0.02428099 0.05888469 0.01888822 0.9997471 -0.01219904 0.01888822 0.9997471 -0.01219904 0.01888822 0.9997471 -0.01219904 0.01888822 0.9997471 -0.01219904 -0.09989773 0.3841015 0.9178706 -0.09989773 0.3841015 0.9178706 0.1813491 -0.7711561 -0.610271 0.1813491 -0.7711561 -0.610271 0.9776092 0.1863915 0.09766497 0.9776092 0.1863915 0.09766497 0.9776092 0.1863915 0.09766497 0.9776092 0.1863915 0.09766497 0.08373082 0.8104217 -0.5798324 0.08373082 0.8104217 -0.5798324 0.01719934 -0.1610819 -0.9867911 0.03244751 -0.1613997 -0.9863555 0.03244751 -0.1613997 -0.9863555 0.01719934 -0.1610819 -0.9867911 0.09770086 0.1384144 -0.9855434 0.09770086 0.1384144 -0.9855434 0.05378663 0.1403941 -0.9886336 0.05378663 0.1403941 -0.9886336 0.1239723 -0.8737004 -0.4704024 0.1239723 -0.8737004 -0.4704024 0.2182872 -0.3814802 -0.8982335 0.2182872 -0.3814802 -0.8982335 -0.01404156 -0.9919525 0.1258283 -0.01404156 -0.9919525 0.1258283 -0.1381885 -0.7538317 0.6423718 -0.1381885 -0.7538317 0.6423718 -0.216947 -0.2500223 0.9436223 -0.216947 -0.2500223 0.9436223 0.289188 -0.8155382 -0.5012662 0.289188 -0.8155382 -0.5012662 0.2652099 -0.2734527 -0.9246011 0.2652099 -0.2734527 -0.9246011 0.1881733 -0.9742293 0.1243697 0.1881733 -0.9742293 0.1243697 0.03394249 -0.7695748 0.6376539 0.03394249 -0.7695748 0.6376539 0.1583753 -0.3473453 -0.9242665 0.1583753 -0.3473453 -0.9242665 0.1380593 -0.8213095 -0.5535253 0.1380593 -0.8213095 -0.5535253 0.06625746 -0.9975621 0.0219095 0.06625746 -0.9975621 0.0219095 -0.03227667 -0.7963964 0.6039128 -0.03227667 -0.7963964 0.6039128 0.1577874 -0.2985956 -0.9412459 0.1577874 -0.2985956 -0.9412459 0.08596502 -0.810001 -0.5800935 0.08596502 -0.810001 -0.5800935 -0.01905655 -0.9997785 0.008925899 -0.01905655 -0.9997785 0.008925899 -0.1137917 -0.8091565 0.5764696 -0.1137917 -0.8091565 0.5764696 -0.1672073 -0.3201667 0.9324885 -0.1672073 -0.3201667 0.9324885 0.1205354 -0.8018136 -0.5852915 0.1205354 -0.8018136 -0.5852915 0.1920907 -0.2830635 -0.939668 0.1920907 -0.2830635 -0.939668 -7.36979e-4 -0.9999592 0.0090055 -7.36979e-4 -0.9999592 0.0090055 -0.1168643 -0.8083267 0.5770186 -0.1168643 -0.8083267 0.5770186 -0.188403 -0.3266734 0.9261689 -0.188403 -0.3266734 0.9261689 0.1634747 -0.8170589 -0.552893 0.1634747 -0.8170589 -0.552893 0.2158437 -0.333516 -0.9177029 0.2158437 -0.333516 -0.9177029 0.04700217 -0.9987033 0.01955377 0.04700217 -0.9987033 0.01955377 -0.08882295 -0.8005834 0.5926015 -0.08882295 -0.8005834 0.5926015 0.09852395 -0.4263101 -0.8991956 0.09852395 -0.4263101 -0.8991956 0.1497701 0.3809391 -0.9123892 0.1497701 0.3809391 -0.9123892 0.2062546 -0.2190183 -0.9536719 0.2062546 -0.2190183 -0.9536719 -0.07006064 -0.1999832 0.9772913 -0.07006064 -0.1999832 0.9772913 0.02103051 -0.7722634 0.6349543 0.02103051 -0.7722634 0.6349543 0.09541443 -0.9952095 0.02130772 0.09541443 -0.9952095 0.02130772 0.129342 -0.8280361 -0.545552 0.129342 -0.8280361 -0.545552 0.1242056 -0.4022979 -0.9070443 0.1242056 -0.4022979 -0.9070443 -0.004898682 -0.1899485 0.9817818 -0.004898682 -0.1899485 0.9817818 0.09911078 -0.774719 0.6244898 0.09911078 -0.774719 0.6244898 0.1504284 -0.9885177 0.014284 0.1504284 -0.9885177 0.014284 0.1463329 -0.8347721 -0.5307938 0.1463329 -0.8347721 -0.5307938 0.1073764 -0.1317332 -0.9854524 0.1073764 -0.1317332 -0.9854524 0.1996216 0.02590645 -0.9795305 0.1996216 0.02590645 -0.9795305 0.1712315 0.01231054 -0.9851539 0.1712315 0.01231054 -0.9851539 0.1170024 0.2747519 -0.9543698 0.1170024 0.2747519 -0.9543698 0.2312603 -0.05303908 -0.971445 0.2312603 -0.05303908 -0.971445 -0.2287782 0.05851625 0.9717183 -0.2287782 0.05851625 0.9717183 -0.1712356 -0.01186721 0.9851585 -0.1712356 -0.01186721 0.9851585 -0.1995254 -0.02577494 0.9795536 -0.1995254 -0.02577494 0.9795536 -0.1078216 0.1311855 0.9854769 -0.1078216 0.1311855 0.9854769 0.002962968 -0.9999954 -5.27723e-4 0.002962968 -0.9999954 -5.27723e-4 0.002962968 -0.9999954 -5.27723e-4 0.003819736 -0.9999925 -6.09177e-4 0.003819736 -0.9999925 -6.09177e-4 0.003819736 -0.9999925 -6.09177e-4 -0.3015132 -0.9022048 -0.3084091 -0.3015132 -0.9022048 -0.3084091 -0.3015132 -0.9022048 -0.3084091 0.1319663 -0.9444355 0.301042 0.1319663 -0.9444355 0.301042 0.1319663 -0.9444355 0.301042 -0.3034008 0.8801702 -0.3650318 -0.3034008 0.8801702 -0.3650318 -0.3034008 0.8801702 -0.3650318 -0.2552003 0.9396564 -0.227857 -0.2552003 0.9396564 -0.227857 -0.2552003 0.9396564 -0.227857 -0.2552003 0.9396564 -0.227857 0.1642472 0.9845551 0.06061333 0.1642472 0.9845551 0.06061333 0.1642472 0.9845551 0.06061333 -0.175746 0.98432 0.01507278 -0.175746 0.98432 0.01507278 -0.175746 0.98432 0.01507278 0.5731964 -0.03732333 0.8185675 -0.2213123 -0.07064268 0.972641 -0.2028986 -0.07029271 0.9766734 0.5869088 -0.03618937 0.8088439 -0.850934 -0.05852927 0.5220015 -0.8431454 -0.05906558 0.5344315 -0.9840012 -0.01618577 -0.1774243 -0.9859208 -0.01692946 -0.166354 -0.5771469 0.03823757 -0.8157446 -0.5900385 0.03729832 -0.8065132 0.2192438 0.0731549 -0.9729236 0.201296 0.07295635 -0.9768097 0.8520911 0.0618287 -0.5197288 0.8440678 0.06252857 -0.5325783 0.9812332 0.01723206 0.1920532 0.9838138 0.01830954 0.178256 0.6141732 -0.03386104 0.7884444 0.9884713 0.02049553 0.1500149 -0.1651217 -0.06950165 0.9838213 -0.8265525 -0.06012853 0.5596389 -0.9894474 -0.01843934 -0.143715 -0.6157467 0.03536238 -0.7871501 0.1642721 0.0724723 -0.9837492 0.8269408 0.06392429 -0.5586434 0.6264953 -0.01121867 0.7793446 0.9912298 0.001037306 0.1321457 -0.1412881 -0.01477383 0.9898583 -0.8138117 -0.004429909 0.5811117 -0.9914254 0.008760188 -0.1303799 -0.6269759 0.01663923 -0.7788608 0.1409553 0.01796987 -0.9898528 0.8138428 0.01208567 -0.5809593 0.6105706 0.01279306 0.7918584 0.9905241 -0.02080797 0.1357529 -0.1399012 0.04333318 0.9892169 -0.8025945 0.05608386 0.5938827 -0.989999 0.03854175 -0.1357069 -0.6107739 -0.003414918 -0.7917978 0.1398312 -0.04016826 -0.9893603 0.8029501 -0.044514 -0.5943816 0.5828947 0.01771905 0.8123544 0.9883414 -0.01960402 0.1509865 -0.1483458 0.04670777 0.9878318 -0.7963047 0.05552654 0.6023418 -0.9879711 0.03331035 -0.1510084 -0.5830543 -0.01056052 -0.8123646 0.1483394 -0.04442481 -0.9879382 0.7965978 -0.04676319 -0.6026981 0.5634311 0.02433022 0.8258048 0.9858119 -0.01145905 0.1674612 -0.1615648 0.04405143 0.9858784 -0.8006365 0.03806873 0.5979398 -0.985862 0.00865231 -0.1673355 -0.5633929 -0.02565211 -0.8257907 0.1616386 -0.04455816 -0.9858435 0.8006362 -0.04003918 -0.5978115 0.55584 0.02863051 0.8307961 0.9827299 -0.005310089 0.1849693 -0.1820219 0.04202344 0.9823961 -0.8181753 0.02472341 0.574437 -0.9827495 -0.009337997 -0.1847066 -0.5555976 -0.03597713 -0.8306724 0.1821363 -0.04448618 -0.9822664 0.8180798 -0.03442289 -0.5740736 0.5527473 0.01047777 0.8332829 0.9794523 -0.008226877 0.2015079 -0.2039028 0.02113294 0.978763 -0.8380364 0.01536205 0.5453979 -0.9795157 -3.89408e-4 -0.2013676 -0.5526641 -0.01481674 -0.8332724 0.2039598 -0.02257253 -0.9787191 0.8380223 -0.02109185 -0.5452281 0.5474879 -0.02901778 0.8363103 0.9773918 -0.01595706 0.2108326 -0.2136897 -0.02409184 0.9766045 -0.8454726 -0.002969808 0.5340104 -0.9773348 0.02002743 -0.2107502 -0.5474912 0.03104399 -0.8362355 0.2135748 0.02485584 -0.9766104 0.845432 0.005789593 -0.5340519 -0.2096839 -0.04837744 0.9765717 0.5398715 -0.05035752 0.8402398 -0.8393081 -0.01312817 0.5434974 -0.9768295 0.03116009 -0.2117385 -0.5398079 0.0557015 -0.8399433 0.2094177 0.05028122 -0.9765326 0.8391125 0.02052635 -0.5435704 0.9770835 -0.02031444 0.2118843 0.5471411 -0.05779952 0.8350425 0.9804231 0.01186984 0.1965445 -0.1870214 -0.09154378 0.9780812 -0.820841 -0.07220558 0.566574 -0.9804704 -0.008847611 -0.1964682 -0.5471851 0.05888356 -0.8349378 0.1867197 0.09154545 -0.9781386 0.8206884 0.07412345 -0.5665476 0.587472 -0.06068006 0.8069662 0.9875288 0.05281233 0.1483157 -0.136951 -0.1367783 0.9810892 -0.7859959 -0.1381594 0.6025965 -0.9872581 -0.05787753 -0.148228 -0.587619 0.05770485 -0.8070775 0.1366997 0.1353666 -0.9813201 0.7864156 0.1347286 -0.6028256 -0.8335099 0.04545318 0.5506318 -0.8317577 0.04563271 0.5532599 -0.9798505 -0.00937748 -0.1995119 -0.9778021 -0.01008951 -0.2092874 -0.4997148 -0.06107117 -0.8640344 -0.5048069 -0.06083853 -0.8610857 0.251045 -0.0691269 -0.9655039 0.2526235 -0.06909462 -0.9650944 0.8316326 -0.03884111 -0.5539663 0.8294413 -0.03907283 -0.5572257 0.9826238 0.01201534 0.185219 0.9801652 0.01292157 0.1977597 0.5094156 0.05918719 0.8584827 0.5034062 0.05945468 0.862002 -0.2509234 0.07095294 0.9654031 -0.2496842 0.07096685 0.9657234 -0.8369855 0.0450928 0.545364 -0.2472385 0.07099362 0.9663503 -0.9734889 -0.01148634 -0.2284456 -0.4897876 -0.06151637 -0.8696688 0.2479277 -0.06919008 -0.9663045 0.8359959 -0.03837387 -0.5473924 0.9748647 0.01469624 0.2223125 0.4917255 0.05996318 0.8686832 -0.8394505 0.02127396 0.5430196 -0.9713354 -0.01204012 -0.2374079 -0.4913865 -0.03691854 -0.8701586 0.2406727 -0.03874465 -0.9698327 0.8390908 -0.02249292 -0.5435261 0.9718525 0.005977089 0.235514 0.4921552 0.03192068 0.8699221 -0.2404242 0.03847257 0.9699051 -0.8393204 -0.006037086 0.5436035 -0.2254097 8.30071e-4 0.9742637 -0.974238 -0.0118948 -0.2252081 -0.5153743 -0.008522361 -0.8569229 0.2256046 -0.003578977 -0.9742124 0.8394836 -0.004437224 -0.5433669 0.9743399 -0.004977632 0.2250269 0.5156837 -5.18788e-4 0.8567789 -0.8384186 -0.009630325 0.5449417 -0.204816 -0.004143217 0.9787917 -0.9799592 -0.01186391 -0.1988447 -0.5546108 -0.004995233 -0.8320948 0.2050504 9.89184e-4 -0.9787509 0.838676 -0.002074014 -0.5446267 0.9800231 -0.006278433 0.1987842 0.5548885 -0.004627584 0.8319118 -0.836326 -0.01910097 0.5478993 -0.9837744 -0.004323138 -0.1793582 -0.5828589 0.01345384 -0.812462 0.1870971 0.02322138 -0.9820669 0.8363932 0.01699045 -0.5478663 0.983801 8.4958e-4 0.1792617 0.5829563 -0.015412 0.8123573 -0.1869865 -0.02379318 0.9820743 -0.8325168 -0.0296756 0.5532041 -0.9831523 0.004357697 -0.1827361 -0.5756565 0.03443475 -0.8169662 0.1852994 0.04773868 -0.9815218 0.8321168 0.03804731 -0.5532936 0.9831455 0.008164707 0.1826423 0.5757166 -0.02802066 0.8171691 -0.1853538 -0.04551737 0.9816172 -0.8256213 -0.02405073 0.5637118 -0.9816197 -0.006735642 -0.1907286 -0.5567475 0.01354084 -0.8305715 0.1880434 0.02755701 -0.981774 0.8254097 0.02918114 -0.5637794 0.9815531 0.01458024 0.1906331 0.5567563 -0.00972602 0.8306189 -0.1880525 -0.02644143 0.981803 -0.8107585 -0.008908941 0.5853129 -0.9850575 -0.03068 -0.1694712 -0.5693842 -0.03381443 -0.8213758 0.1681716 -0.01825671 -0.9855886 0.8108394 0.005961923 -0.5852383 0.9851925 0.02643923 0.1694011 0.5695701 0.03136703 0.8213441 -0.168113 0.01708726 0.9856195 -0.7867053 9.9055e-4 0.6173281 -0.9921904 -0.04070796 -0.1179033 -0.6156732 -0.05747799 -0.7859026 0.1222642 -0.0426364 -0.9915813 0.7868622 -0.007370431 -0.6170849 0.992543 0.03108713 0.1178631 0.6160964 0.05257135 0.7859145 -0.1222072 0.04095286 0.9916593 -0.7624893 0.03828739 0.6458669 -0.9975091 -0.02626677 -0.06546482 -0.6615285 -0.07570053 -0.7460895 0.07676485 -0.08176437 -0.9936909 0.7624582 -0.04095086 -0.6457403 0.9976192 0.02188618 0.06539839 0.6617312 0.07354781 0.746125 -0.07690709 0.08132336 0.9937161 -0.741754 0.0950463 0.663903 -0.04764017 0.1417409 0.9887567 -0.9994392 -0.004924648 -0.03312192 -0.6850528 -0.1037804 -0.7210632 0.04734985 -0.1410194 -0.9888739 0.7417922 -0.09245523 -0.6642259 0.9994231 0.007966686 0.03301613 0.6848568 0.1049465 0.7210806 -0.9979936 0.0279546 -0.05680691 -0.9911544 0.0239145 -0.1305417 -0.9911544 0.0239145 -0.1305417 -0.9979936 0.0279546 -0.05680691 -0.6090683 0 -0.7931177 -0.6725178 -0.05076484 -0.7383378 -0.6725178 -0.05076484 -0.7383378 -0.6090683 0 -0.7931177 0.07219393 -0.1026545 -0.9920937 0.07219393 -0.1026545 -0.9920937 0.1336118 -0.02867857 -0.9906187 0.1336118 -0.02867857 -0.9906187 0.7765145 -0.07038409 -0.6261559 0.7765145 -0.07038409 -0.6261559 0.7765145 -0.07038409 -0.6261559 0.7765145 -0.07038409 -0.6261559 0.9978705 -0.03191357 0.05688506 0.9978705 -0.03191357 0.05688506 0.9907612 -0.0369927 0.1304754 0.9907612 -0.0369927 0.1304754 0.6093132 -0.003238694 0.792923 0.6724942 0.05092255 0.7383484 0.6724942 0.05092255 0.7383484 0.6093132 -0.003238694 0.792923 -0.07302808 0.1032455 0.9919714 -0.07302808 0.1032455 0.9919714 -0.1338389 0.02846139 0.9905943 -0.1338389 0.02846139 0.9905943 -0.794817 0.03485377 0.6058474 -0.794817 0.03485377 0.6058474 -0.7599128 0.08989897 0.6437783 -0.7599128 0.08989897 0.6437783 -0.9836293 0.002635087 -0.1801841 -0.9823677 6.35111e-4 -0.186958 -0.9823677 6.35111e-4 -0.186958 -0.9836293 0.002635087 -0.1801841 -0.5728737 0.02234165 -0.8193392 -0.5686344 0.01292011 -0.822489 -0.5686344 0.01292011 -0.822489 -0.5728737 0.02234165 -0.8193392 0.1799406 0.01733993 -0.9835246 0.1799406 0.01733993 -0.9835246 0.1927857 0.03218087 -0.9807131 0.1927857 0.03218087 -0.9807131 0.8312867 0.06318183 -0.5522411 0.8312867 0.06318183 -0.5522411 0.8312867 0.06318183 -0.5522411 0.8312867 0.06318183 -0.5522411 0.9836481 0.009071569 0.1798723 0.9836481 0.009071569 0.1798723 0.9824275 0.004177417 0.1865981 0.9824275 0.004177417 0.1865981 0.5729136 -0.02030336 0.8193641 0.5685365 -0.006794132 0.8226299 0.5685365 -0.006794132 0.8226299 0.5729136 -0.02030336 0.8193641 -0.1797269 -0.0179957 0.9835518 -0.1797269 -0.0179957 0.9835518 -0.1924974 -0.03207255 0.9807732 -0.1924974 -0.03207255 0.9807732 -0.8368098 -0.02160311 0.5470674 -0.8368098 -0.02160311 0.5470674 -0.8230013 -0.01076341 0.5679377 -0.8230013 -0.01076341 0.5679377 -0.9787812 0.0106333 -0.2046319 -0.9745597 -0.01577034 -0.2235725 -0.9745597 -0.01577034 -0.2235725 -0.9787812 0.0106333 -0.2046319 -0.5055285 -0.04057644 -0.8618551 -0.5453576 0.01242189 -0.8381113 -0.5453576 0.01242189 -0.8381113 -0.5055285 -0.04057644 -0.8618551 0.2123951 0.003750073 -0.9771767 0.2123951 0.003750073 -0.9771767 0.2442664 -0.03418394 -0.9691054 0.2442664 -0.03418394 -0.9691054 0.8379116 -0.03129578 -0.5449077 0.8379116 -0.03129578 -0.5449077 0.8379116 -0.03129578 -0.5449077 0.8379116 -0.03129578 -0.5449077 0.9785622 -0.03406917 0.203114 0.9785622 -0.03406917 0.203114 0.9772822 0.01783697 0.2111899 0.9772822 0.01783697 0.2111899 0.505078 0.03409085 0.8624001 0.505078 0.03409085 0.8624001 0.5455346 -0.02426905 0.8377367 0.5455346 -0.02426905 0.8377367 -0.2121011 -0.003358558 0.9772419 -0.2121011 -0.003358558 0.9772419 -0.2424525 0.03665989 0.9694703 -0.2424525 0.03665989 0.9694703 -0.8395211 0.01897755 0.5429955 -0.8395211 0.01897755 0.5429955 -0.839093 0.004901125 0.5439659 -0.839093 0.004901125 0.5439659 -0.9770553 -0.04038601 -0.2091213 -0.9802264 -0.0393031 -0.193937 -0.9802264 -0.0393031 -0.193937 -0.9770553 -0.04038601 -0.2091213 -0.535085 -0.08411799 -0.8405999 -0.5157076 -0.0843565 -0.8526016 -0.5157076 -0.0843565 -0.8526016 -0.535085 -0.08411799 -0.8405999 0.2714691 -0.05938064 -0.9606136 0.2714691 -0.05938064 -0.9606136 0.2828695 -0.05850492 -0.9573724 0.2828695 -0.05850492 -0.9573724 0.849803 0.02009528 -0.5267172 0.849803 0.02009528 -0.5267172 0.849803 0.02009528 -0.5267172 0.849803 0.02009528 -0.5267172 0.9821566 0.0711014 0.1741059 0.9821566 0.0711014 0.1741059 0.9868056 0.06927617 0.1463403 0.9868056 0.06927617 0.1463403 0.5318601 0.08570254 0.8424844 0.5133715 0.08575027 0.8538715 0.5133715 0.08575027 0.8538715 0.5318601 0.08570254 0.8424844 -0.2654373 0.06416958 0.9619902 -0.2654373 0.06416958 0.9619902 -0.2740547 0.06373339 0.9595999 -0.2740547 0.06373339 0.9595999 -0.8511891 0.02373567 0.5243219 -0.8463688 0.02441004 0.5320374 -0.8463688 0.02441004 0.5320374 -0.8511891 0.02373567 0.5243219 -0.2172749 -0.08111037 0.9727345 -0.2172749 -0.08111037 0.9727345 -0.190269 -0.08135733 0.9783551 -0.190269 -0.08135733 0.9783551 -0.8305412 -0.04930326 0.5547706 -0.8305412 -0.04930326 0.5547706 -0.8262631 -0.04971355 0.5610864 -0.8262631 -0.04971355 0.5610864 -0.9871727 0.00517201 -0.1595722 -0.9871727 0.00517201 -0.1595722 -0.9891115 0.004220141 -0.1471072 -0.9891115 0.004220141 -0.1471072 -0.5445269 0.06727846 -0.8360406 -0.5445269 0.06727846 -0.8360406 -0.5445269 0.06727846 -0.8360406 -0.5445269 0.06727846 -0.8360406 0.2108816 0.08804198 -0.9735386 0.2108816 0.08804198 -0.9735386 0.1858197 0.08871307 -0.9785708 0.1858197 0.08871307 -0.9785708 0.8291149 0.04388941 -0.5573528 0.8291149 0.04388941 -0.5573528 0.8253104 0.04451605 -0.5629219 0.8253104 0.04451605 -0.5629219 0.978409 -0.02665812 0.2049514 0.978409 -0.02665812 0.2049514 0.9835338 -0.02416189 0.1791016 0.9835338 -0.02416189 0.1791016 0.5480458 -0.07446039 0.8331275 0.5480458 -0.07446039 0.8331275 0.580332 -0.07234324 0.8111603 0.580332 -0.07234324 0.8111603 0.6155207 -0.01902814 0.787891 0.6155207 -0.01902814 0.787891 0.5927886 0.03469849 0.8046102 0.5927886 0.03469849 0.8046102 -0.1521404 -0.01924413 0.9881715 -0.1521404 -0.01924413 0.9881715 -0.147247 0.04423009 0.9881102 -0.147247 0.04423009 0.9881102 -0.8156217 5.50801e-4 0.5785853 -0.8156217 5.50801e-4 0.5785853 -0.8005734 0.04529385 0.5975204 -0.8005734 0.04529385 0.5975204 -0.9909522 0.01599641 -0.1332586 -0.9909522 0.01599641 -0.1332586 -0.9892197 0.01853824 -0.145261 -0.9892197 0.01853824 -0.145261 -0.6187168 -0.01333683 -0.7855009 -0.6187168 -0.01333683 -0.7855009 -0.6187168 -0.01333683 -0.7855009 -0.6187168 -0.01333683 -0.7855009 0.151032 0.02317852 -0.9882571 0.151032 0.02317852 -0.9882571 0.1474623 -0.04420748 -0.9880791 0.1474623 -0.04420748 -0.9880791 0.8147315 0.01104711 -0.5797331 0.8147315 0.01104711 -0.5797331 0.8004229 -0.02432379 -0.598942 0.8004229 -0.02432379 -0.598942 0.9897326 -0.006665956 0.1427764 0.9897326 -0.006665956 0.1427764 0.9892926 0.008995153 0.1456676 0.9892926 0.008995153 0.1456676 0.9848215 0.009807344 0.1732928 0.9848215 0.009807344 0.1732928 0.9802468 0.002346877 0.1977644 0.9802468 0.002346877 0.1977644 0.5593039 0.03881348 0.8280535 0.5593039 0.03881348 0.8280535 0.5512081 0.01238259 0.8342759 0.5512081 0.01238259 0.8342759 -0.1693696 0.04432864 0.9845551 -0.1693696 0.04432864 0.9845551 -0.1978677 0.0136781 0.9801332 -0.1978677 0.0136781 0.9801332 -0.8063605 0.02110738 0.5910475 -0.8063605 0.02110738 0.5910475 -0.8314162 -8.61285e-4 0.5556493 -0.8314162 -8.61285e-4 0.5556493 -0.9848163 -0.0161684 -0.1728453 -0.9848163 -0.0161684 -0.1728453 -0.9801937 -0.0159342 -0.1973986 -0.9801937 -0.0159342 -0.1973986 -0.5502848 -0.05689659 -0.8330363 -0.5502848 -0.05689659 -0.8330363 -0.5502848 -0.05689659 -0.8330363 -0.5502848 -0.05689659 -0.8330363 0.1695917 -0.04435523 -0.9845158 0.1695917 -0.04435523 -0.9845158 0.1978834 -0.01364285 -0.9801305 0.1978834 -0.01364285 -0.9801305 0.8063051 -0.0248496 -0.5909777 0.8063051 -0.0248496 -0.5909777 0.8315533 -0.008123216 -0.5553856 0.8315533 -0.008123216 -0.5553856 0.9778734 -0.0107495 0.2089206 0.9778734 -0.0107495 0.2089206 0.9825186 -0.0280878 0.1840333 0.9825186 -0.0280878 0.1840333 0.5442432 -0.03369517 0.8382505 0.5442432 -0.03369517 0.8382505 0.5558431 -0.08718762 0.8267023 0.5558431 -0.08718762 0.8267023 -0.2065274 -0.03485543 0.9778197 -0.2065274 -0.03485543 0.9778197 -0.1726457 -0.09601565 0.9802931 -0.1726457 -0.09601565 0.9802931 -0.8385003 -0.008167489 0.5448398 -0.8385003 -0.008167489 0.5448398 -0.8130269 -0.04778642 0.5802616 -0.8130269 -0.04778642 0.5802616 -0.9776961 0.02306628 -0.2087539 -0.9776961 0.02306628 -0.2087539 -0.9823601 0.03297707 -0.1840679 -0.9823601 0.03297707 -0.1840679 -0.5378472 0.06189467 -0.840767 -0.5378472 0.06189467 -0.840767 -0.5378472 0.06189467 -0.840767 -0.5378472 0.06189467 -0.840767 0.2061287 0.03488488 -0.9779029 0.2061287 0.03488488 -0.9779029 0.1717342 0.09504095 -0.9805481 0.1717342 0.09504095 -0.9805481 0.8380901 0.01773364 -0.5452434 0.8380901 0.01773364 -0.5452434 0.8128781 0.04819873 -0.5804359 0.8128781 0.04819873 -0.5804359 -0.5733187 0.1209773 -0.810352 -0.5733187 0.1209773 -0.810352 -0.5733187 0.1209773 -0.810352 -0.5733187 0.1209773 -0.810352 0.7422138 -0.1182711 -0.6596444 0.7422138 -0.1182711 -0.6596444 0.7422138 -0.1182711 -0.6596444 0.7422138 -0.1182711 -0.6596444 -0.5508046 0.01693584 -0.8344623 -0.5508046 0.01693584 -0.8344623 -0.5508046 0.01693584 -0.8344623 -0.5508046 0.01693584 -0.8344623 0.8124064 -0.02613638 -0.5825054 0.8124064 -0.02613638 -0.5825054 0.8124064 -0.02613638 -0.5825054 0.8124064 -0.02613638 -0.5825054 -0.5677423 -0.02919987 -0.8226882 -0.5677423 -0.02919987 -0.8226882 -0.5677423 -0.02919987 -0.8226882 -0.5677423 -0.02919987 -0.8226882 0.8409833 -0.01207072 -0.5409264 0.8409833 -0.01207072 -0.5409264 0.8409833 -0.01207072 -0.5409264 0.8409833 -0.01207072 -0.5409264 -0.6102746 0.06345077 -0.7896447 -0.6102746 0.06345077 -0.7896447 -0.6102746 0.06345077 -0.7896447 -0.6102746 0.06345077 -0.7896447 0.840443 0.01828224 -0.5415913 0.840443 0.01828224 -0.5415913 0.840443 0.01828224 -0.5415913 0.840443 0.01828224 -0.5415913 0.8501049 -0.4737227 0.2300185 0.02116849 -0.9895765 0.1424428 -0.8403949 -0.5334025 -0.09601032 -0.8455099 0.4742398 -0.2453763 -0.01694206 0.9869093 -0.1603844 0.8429245 0.5326252 0.07608216 0.8976234 -0.3899563 0.2054421 0.135997 -0.9799958 0.1453025 -0.8390856 -0.539314 -0.07124326 -0.8996584 0.3870165 -0.2020717 -0.1410243 0.977802 -0.1549684 0.8367193 0.5424188 0.07538418 0.8332126 0.525895 0.1708541 0.8563235 -0.4841257 0.1798115 0.03454078 -0.9993556 0.00976742 -0.835666 -0.521284 -0.1729896 -0.8547683 0.4875261 -0.1780156 -0.03604353 0.9992996 -0.01005496 0.8586039 -0.4800556 0.1798493 0.03139744 -0.9994649 0.009158755 -0.8393216 -0.5153217 -0.1731554 -0.8610296 0.4757406 -0.1797187 -0.03190248 0.999449 -0.009152553 0.8416193 0.5115272 0.1732538 0.03293256 0.9993759 -0.01276099 0.03293256 0.9993759 -0.01276099 0.03293256 0.9993759 -0.01276099 0.03293256 0.9993759 -0.01276099 0.2150241 -0.06471751 -0.974462 0.1899823 -0.3513161 -0.9167789 0.1899823 -0.3513161 -0.9167789 0.2150241 -0.06471751 -0.974462 0.09661049 -0.8191402 -0.5653987 0.09661049 -0.8191402 -0.5653987 0.03559913 -0.9539834 -0.2977386 0.03559913 -0.9539834 -0.2977386 -0.09315927 -0.9404499 0.3269179 -0.150164 -0.7815276 0.6055291 -0.150164 -0.7815276 0.6055291 -0.09315927 -0.9404499 0.3269179 -0.2157032 -0.2511577 0.9436058 -0.2157032 -0.2511577 0.9436058 -0.2187891 0.06224681 0.9737847 -0.2187891 0.06224681 0.9737847 -0.0433019 0.9987944 -0.02311951 -0.0433019 0.9987944 -0.02311951 -0.0433019 0.9987944 -0.02311951 -0.0433019 0.9987944 -0.02311951 0.2024048 0.02395708 -0.9790088 0.2040735 -0.2806219 -0.9378727 0.2040735 -0.2806219 -0.9378727 0.2024048 0.02395708 -0.9790088 0.1511523 -0.7971842 -0.5845087 0.1511523 -0.7971842 -0.5845087 0.04073304 -0.9990517 0.01538317 0.04073304 -0.9990517 0.01538317 -0.08121961 -0.804722 0.5880698 -0.08121961 -0.804722 0.5880698 -0.1761452 -0.3237312 0.9296079 -0.1761452 -0.3237312 0.9296079 -0.2034425 -0.02677651 0.9787206 -0.2034425 -0.02677651 0.9787206 0.004181502 0.999894 -0.01394011 0.004181502 0.999894 -0.01394011 0.004181502 0.999894 -0.01394011 0.004181502 0.999894 -0.01394011 0.2068698 -0.01324591 -0.9782787 0.1972691 -0.3195219 -0.9268175 0.1972691 -0.3195219 -0.9268175 0.2068698 -0.01324591 -0.9782787 0.1212362 -0.8159472 -0.5652717 0.1212362 -0.8159472 -0.5652717 -0.003924618 -0.9999167 0.0122935 -0.003924618 -0.9999167 0.0122935 -0.1264971 -0.8051316 0.5794495 -0.1264971 -0.8051316 0.5794495 -0.1993886 -0.3015119 0.9323812 -0.1993886 -0.3015119 0.9323812 -0.2068584 0.01340503 0.9782791 -0.2068584 0.01340503 0.9782791 0.09159245 0.9957965 4.99032e-4 0.09159245 0.9957965 4.99032e-4 0.09159245 0.9957965 4.99032e-4 0.09159245 0.9957965 4.99032e-4 0.2052787 0.01156553 -0.9786352 0.1705636 -0.2995008 -0.9387264 0.1705636 -0.2995008 -0.9387264 0.2052787 0.01156553 -0.9786352 0.05345714 -0.8089319 -0.585467 0.05345714 -0.8089319 -0.585467 -0.08512366 -0.996362 -0.004076729 -0.08512366 -0.996362 -0.004076729 -0.1886361 -0.8062511 0.560692 -0.1886361 -0.8062511 0.560692 -0.2213364 -0.319014 0.9215423 -0.2213364 -0.319014 0.9215423 -0.2052636 -0.01139624 0.9786403 -0.2052636 -0.01139624 0.9786403 0.1370706 0.9905527 0.004123527 0.1370706 0.9905527 0.004123527 0.1370706 0.9905527 0.004123527 0.1370706 0.9905527 0.004123527 0.1112018 -0.003616355 -0.9937912 0.06661277 -0.3066364 -0.949493 0.06661277 -0.3066364 -0.949493 0.1112018 -0.003616355 -0.9937912 -0.0407038 -0.8037408 -0.5935856 -0.0407038 -0.8037408 -0.5935856 -0.1365639 -0.9906179 -0.005163011 -0.1365639 -0.9906179 -0.005163011 -0.1792867 -0.7975472 0.5759988 -0.1792867 -0.7975472 0.5759988 -0.1509306 -0.3034877 0.9408057 -0.1509306 -0.3034877 0.9408057 -0.1121067 0.00424179 0.993687 -0.1121067 0.00424179 0.993687 -0.001895777 0.9998686 -0.01609574 -0.001895777 0.9998686 -0.01609574 -0.001895777 0.9998686 -0.01609574 -0.001895777 0.9998686 -0.01609574 0.13223 -0.0402985 -0.9903995 0.1268961 -0.3409537 -0.9314762 0.1268961 -0.3409537 -0.9314762 0.13223 -0.0402985 -0.9903995 0.08027729 -0.8224857 -0.563092 0.08027729 -0.8224857 -0.563092 0.00101258 -0.9998429 0.0177034 0.00101258 -0.9998429 0.0177034 -0.07928417 -0.7980214 0.5973908 -0.07928417 -0.7980214 0.5973908 -0.1274698 -0.2794423 0.9516634 -0.1274698 -0.2794423 0.9516634 -0.1323641 0.04038547 0.9903781 -0.1323641 0.04038547 0.9903781 -0.1423214 -0.307499 0.9408448 -0.1757052 -0.01135243 0.9843773 -0.1757052 -0.01135243 0.9843773 -0.1423214 -0.307499 0.9408448 -0.06147225 0.987929 -0.1421879 -0.06147225 0.987929 -0.1421879 -0.06147225 0.987929 -0.1421879 -0.06147225 0.987929 -0.1421879 0.1738621 0.01580896 -0.984643 0.1884755 -0.3245081 -0.926915 0.1884755 -0.3245081 -0.926915 0.1738621 0.01580896 -0.984643 0.1516378 -0.8531265 -0.4991805 0.1516378 -0.8531265 -0.4991805 0.05548777 -0.9919891 0.1134841 0.05548777 -0.9919891 0.1134841 -0.04912879 -0.7763435 0.6283925 -0.04912879 -0.7763435 0.6283925 0.166869 0.9770088 -0.1326965 0.166869 0.9770088 -0.1326965 0.166869 0.9770088 -0.1326965 0.166869 0.9770088 -0.1326965 0.09973314 -0.038595 -0.9942654 0.03850849 -0.3788879 -0.9246411 0.03850849 -0.3788879 -0.9246411 0.09973314 -0.038595 -0.9942654 -0.08416542 -0.8701473 -0.485551 -0.08416542 -0.8701473 -0.485551 -0.1616936 -0.9811719 0.105626 -0.1616936 -0.9811719 0.105626 -0.1817952 -0.7609026 0.6228785 -0.1817952 -0.7609026 0.6228785 -0.1432345 -0.2706276 0.9519687 -0.1432345 -0.2706276 0.9519687 -0.1013236 0.04019456 0.9940411 -0.1013236 0.04019456 0.9940411 0.2854902 0.8164338 -0.5019272 0.2854902 0.8164338 -0.5019272 0.2854902 0.8164338 -0.5019272 -0.09799062 0.9323989 -0.3478938 -0.09799062 0.9323989 -0.3478938 -0.09799062 0.9323989 -0.3478938 -0.5168697 0.8553397 -0.03520774 -0.5168697 0.8553397 -0.03520774 -0.5168697 0.8553397 -0.03520774 0.4944582 0.8642333 -0.09279821 0.4944582 0.8642333 -0.09279821 0.4944582 0.8642333 -0.09279821 -0.2922243 0.8723109 -0.3920186 -0.2922243 0.8723109 -0.3920186 -0.2922243 0.8723109 -0.3920186 -0.3039581 0.9275914 0.2172177 -0.3039581 0.9275914 0.2172177 -0.3039581 0.9275914 0.2172177 -0.1628589 0.9367795 -0.3097109 -0.1628589 0.9367795 -0.3097109 -0.1628589 0.9367795 -0.3097109 -0.2766966 0.9505753 -0.1408739 -0.2766966 0.9505753 -0.1408739 -0.2766966 0.9505753 -0.1408739 0.3385867 0.9250683 -0.1720689 0.3385867 0.9250683 -0.1720689 0.3385867 0.9250683 -0.1720689 0.3385867 0.9250683 -0.1720689 0.2703962 0.8865436 -0.3754013 0.2703962 0.8865436 -0.3754013 0.2703962 0.8865436 -0.3754013 0.2703962 0.8865436 -0.3754013 -0.4584897 0.8842996 -0.08832584 -0.4584897 0.8842996 -0.08832584 -0.4584897 0.8842996 -0.08832584 -0.2577614 0.9393595 -0.2261919 -0.2577614 0.9393595 -0.2261919 -0.2577614 0.9393595 -0.2261919 -0.2605669 0.9381358 -0.2280478 -0.2605669 0.9381358 -0.2280478 -0.2605669 0.9381358 -0.2280478 -0.2585235 0.9384113 -0.2292377 -0.2585235 0.9384113 -0.2292377 -0.2585235 0.9384113 -0.2292377 -0.2585235 0.9384113 -0.2292377 -0.255939 0.9385603 -0.2315156 -0.255939 0.9385603 -0.2315156 -0.255939 0.9385603 -0.2315156 -0.2559689 0.9385794 -0.2314056 -0.2559689 0.9385794 -0.2314056 -0.2559689 0.9385794 -0.2314056 -0.2535343 0.9398981 -0.2287177 -0.2535343 0.9398981 -0.2287177 -0.2535343 0.9398981 -0.2287177 -0.2578335 0.9393777 -0.2260338 -0.2578335 0.9393777 -0.2260338 -0.2578335 0.9393777 -0.2260338 -0.2326152 0.9472482 -0.2204789 -0.2326152 0.9472482 -0.2204789 -0.2326152 0.9472482 -0.2204789 -0.4181607 0.8714224 -0.256446 -0.4181607 0.8714224 -0.256446 -0.4181607 0.8714224 -0.256446 -0.2266001 0.946238 -0.2308375 -0.2266001 0.946238 -0.2308375 -0.2266001 0.946238 -0.2308375 -0.4016966 0.8939325 -0.1988072 -0.4016966 0.8939325 -0.1988072 -0.4016966 0.8939325 -0.1988072 -0.4016966 0.8939325 -0.1988072 -0.1434758 0.9895396 -0.01503114 -0.1434758 0.9895396 -0.01503114 -0.1434758 0.9895396 -0.01503114 0.6607816 0.7345047 0.1545009 0.6607816 0.7345047 0.1545009 0.6607816 0.7345047 0.1545009 -0.1062611 0.9935895 -0.03857986 -0.1062611 0.9935895 -0.03857986 -0.1062611 0.9935895 -0.03857986 -0.02898188 0.9811368 -0.1911297 -0.02898188 0.9811368 -0.1911297 -0.02898188 0.9811368 -0.1911297 -0.1729797 0.9015759 -0.3965334 -0.1729797 0.9015759 -0.3965334 -0.1729797 0.9015759 -0.3965334 -0.512651 0.8491555 -0.1269787 -0.512651 0.8491555 -0.1269787 -0.512651 0.8491555 -0.1269787 -0.512651 0.8491555 -0.1269787 -0.2182825 0.9497072 -0.2245192 -0.2182825 0.9497072 -0.2245192 -0.2182825 0.9497072 -0.2245192 -0.3955436 0.7190958 -0.5713549 -0.3955436 0.7190958 -0.5713549 -0.3955436 0.7190958 -0.5713549 -0.2061913 0.9735053 -0.09885544 -0.2061913 0.9735053 -0.09885544 -0.2061913 0.9735053 -0.09885544 0.2477387 0.9681551 -0.03607159 0.2477387 0.9681551 -0.03607159 0.2477387 0.9681551 -0.03607159 0.0789036 0.9940653 -0.07488783 0.0789036 0.9940653 -0.07488783 0.0789036 0.9940653 -0.07488783 -0.8090333 0.5536701 -0.1972673 -0.8090333 0.5536701 -0.1972673 -0.8090333 0.5536701 -0.1972673 0.1928743 0.9424096 -0.2732458 0.1928743 0.9424096 -0.2732458 0.1928743 0.9424096 -0.2732458 0.1177415 0.9497154 -0.2901337 0.1177415 0.9497154 -0.2901337 0.1177415 0.9497154 -0.2901337 0.04323886 0.917118 -0.3962638 0.04323886 0.917118 -0.3962638 0.04323886 0.917118 -0.3962638 -0.1891038 0.8872538 -0.4207379 -0.1891038 0.8872538 -0.4207379 -0.1891038 0.8872538 -0.4207379 0.609581 0.7572579 -0.23446 0.609581 0.7572579 -0.23446 0.609581 0.7572579 -0.23446 0.08722825 0.8485792 -0.5218281 0.08722825 0.8485792 -0.5218281 0.08722825 0.8485792 -0.5218281 0.09126011 0.9337205 0.3461757 0.09126011 0.9337205 0.3461757 0.09126011 0.9337205 0.3461757 -0.4352252 0.8054246 0.4023309 -0.4352252 0.8054246 0.4023309 -0.4352252 0.8054246 0.4023309 0.4269385 -0.8875045 -0.173376 0.4269385 -0.8875045 -0.173376 0.4269385 -0.8875045 -0.173376 0.4308629 -0.9024173 2.00967e-4 0.4308629 -0.9024173 2.00967e-4 0.4308629 -0.9024173 2.00967e-4 0.4308629 -0.9024173 2.00967e-4 -0.3372714 -0.9359817 -0.1009269 -0.3372714 -0.9359817 -0.1009269 -0.3372714 -0.9359817 -0.1009269 -0.3372714 -0.9359817 -0.1009269 0.1599745 -0.9161941 -0.3674187 0.1599745 -0.9161941 -0.3674187 0.1599745 -0.9161941 -0.3674187 0.1323372 -0.9440019 0.3022371 0.1323372 -0.9440019 0.3022371 0.1323372 -0.9440019 0.3022371 -0.5857609 -0.8093615 -0.04263755 -0.5857609 -0.8093615 -0.04263755 -0.5857609 -0.8093615 -0.04263755 0.4226677 -0.8898141 0.171997 0.4226677 -0.8898141 0.171997 0.4226677 -0.8898141 0.171997 0.002984106 -0.9999954 -4.37991e-4 0.002984106 -0.9999954 -4.37991e-4 0.002984106 -0.9999954 -4.37991e-4 0.002885451 -0.9999956 -5.28425e-4 0.002885451 -0.9999956 -5.28425e-4 0.002885451 -0.9999956 -5.28425e-4 0.002779478 -0.999996 -4.12309e-4 0.002779478 -0.999996 -4.12309e-4 0.002779478 -0.999996 -4.12309e-4 0.002835147 -0.9999959 -3.15335e-4 0.002835147 -0.9999959 -3.15335e-4 0.002835147 -0.9999959 -3.15335e-4 0.002978876 -0.9999954 -4.36302e-4 0.002978876 -0.9999954 -4.36302e-4 0.002978876 -0.9999954 -4.36302e-4 0.002922317 -0.9999957 -3.73591e-4 0.002922317 -0.9999957 -3.73591e-4 0.002922317 -0.9999957 -3.73591e-4 0.002922317 -0.9999957 -3.73591e-4 0.002801805 -0.9999959 -4.4689e-4 0.002801805 -0.9999959 -4.4689e-4 0.002801805 -0.9999959 -4.4689e-4 0.002801805 -0.9999959 -4.4689e-4 0.004284644 -0.9999908 -2.33116e-4 0.004284644 -0.9999908 -2.33116e-4 0.004284644 -0.9999908 -2.33116e-4 0.2923017 -0.956324 0.002026997 0.2923017 -0.956324 0.002026997 0.2923017 -0.956324 0.002026997 0.007056961 -0.9999748 -6.52751e-4 0.007056961 -0.9999748 -6.52751e-4 0.007056961 -0.9999748 -6.52751e-4 -0.009028717 -0.9296576 -0.3683138 -0.009028717 -0.9296576 -0.3683138 -0.009028717 -0.9296576 -0.3683138 -0.009028717 -0.9296576 -0.3683138 -0.4830229 -0.8710218 0.08949859 -0.4830229 -0.8710218 0.08949859 -0.4830229 -0.8710218 0.08949859 -0.4830229 -0.8710218 0.08949859 -0.5597566 -0.7729189 0.2987788 -0.5597566 -0.7729189 0.2987788 -0.5597566 -0.7729189 0.2987788 -0.2694553 -0.9232694 0.2738017 -0.2694553 -0.9232694 0.2738017 -0.2694553 -0.9232694 0.2738017 -0.3015045 -0.9022191 -0.3083758 -0.3015045 -0.9022191 -0.3083758 -0.3015045 -0.9022191 -0.3083758 0.006860526 -0.9540555 -0.299551 0.006860526 -0.9540555 -0.299551 0.006860526 -0.9540555 -0.299551 -0.3172673 -0.948043 -0.02357671 -0.3172673 -0.948043 -0.02357671 -0.3172673 -0.948043 -0.02357671 -0.5965537 -0.8025223 -0.009028427 -0.5965537 -0.8025223 -0.009028427 -0.5965537 -0.8025223 -0.009028427 -0.5965537 -0.8025223 -0.009028427 0.2833878 -0.8496752 0.4446834 0.2833878 -0.8496752 0.4446834 0.2833878 -0.8496752 0.4446834 0.2833878 -0.8496752 0.4446834 0.6460841 -0.5980716 0.4742208 0.6460841 -0.5980716 0.4742208 0.6460841 -0.5980716 0.4742208 0.07012594 -0.9451888 -0.3189051 0.07012594 -0.9451888 -0.3189051 0.07012594 -0.9451888 -0.3189051 0.5901976 -0.7748017 0.2266032 0.5901976 -0.7748017 0.2266032 0.5901976 -0.7748017 0.2266032 -0.4044951 -0.9145318 -0.003902902 -0.4044951 -0.9145318 -0.003902902 -0.4044951 -0.9145318 -0.003902902 -0.3127678 -0.8974115 0.311173 -0.3127678 -0.8974115 0.311173 -0.3127678 -0.8974115 0.311173 -0.4003146 -0.9024724 -0.1590335 -0.4003146 -0.9024724 -0.1590335 -0.4003146 -0.9024724 -0.1590335 0.5578093 -0.8293911 -0.03097153 0.5578093 -0.8293911 -0.03097153 0.5578093 -0.8293911 -0.03097153 0.3807015 -0.884973 -0.2681218 0.3807015 -0.884973 -0.2681218 0.3807015 -0.884973 -0.2681218 -0.5563178 -0.8259377 -0.0913078 -0.5563178 -0.8259377 -0.0913078 -0.5563178 -0.8259377 -0.0913078 -0.5563178 -0.8259377 -0.0913078 0.001532342 -0.9721714 0.2342654 0.001532342 -0.9721714 0.2342654 0.001532342 -0.9721714 0.2342654 0.1710906 -0.9713398 -0.1650054 0.1710906 -0.9713398 -0.1650054 0.1710906 -0.9713398 -0.1650054 0.3533517 -0.9333642 0.06303866 0.3533517 -0.9333642 0.06303866 0.3533517 -0.9333642 0.06303866 0.3533517 -0.9333642 0.06303866 -0.4297133 -0.8759012 0.2194163 -0.4297133 -0.8759012 0.2194163 -0.4297133 -0.8759012 0.2194163 0.008756476 -0.817742 -0.5755182 0.008756476 -0.817742 -0.5755182 0.008756476 -0.817742 -0.5755182 0.4128002 -0.8603457 0.2990001 0.4128002 -0.8603457 0.2990001 0.4128002 -0.8603457 0.2990001 -0.3461903 -0.9313778 0.112639 -0.3461903 -0.9313778 0.112639 -0.3461903 -0.9313778 0.112639 -0.4518314 0.856302 -0.2501908 -0.4518314 0.856302 -0.2501908 -0.4518314 0.856302 -0.2501908 -0.2296603 0.9457427 -0.2298402 -0.2296603 0.9457427 -0.2298402 -0.2296603 0.9457427 -0.2298402</float_array>
          <technique_common>
            <accessor source="#Geometry-mesh025-normals-array" count="1394" stride="3">
              <param name="X" type="float"/>
              <param name="Y" type="float"/>
              <param name="Z" type="float"/>
            </accessor>
          </technique_common>
        </source>
        <source id="Geometry-mesh025-Geometry-mesh025-uvSet1" name="Geometry-mesh025-Geometry-mesh025-uvSet1">
          <float_array id="Geometry-mesh025-Geometry-mesh025-uvSet1-array" count="2424">0.940599 0.034127 0.952307 0.016324 0.952303 0.051931 0.990578 0.093698 0.978873 0.111501 0.97887 0.075895 0.655229 0.998836 0.655223 0.941056 0.680735 0.998839 0.655228 0.576773 0.680741 0.576772 0.655227 0.634556 0.553183 0.576856 0.553184 0.63462 0.527675 0.576859 0.553216 0.998755 0.527716 0.998754 0.553213 0.940994 0.888158 0.034514 0.899866 0.016711 0.899863 0.052318 0.938137 0.094085 0.926432 0.111888 0.926429 0.076282 0.918678 0.998836 0.918671 0.941056 0.944184 0.998839 0.918676 0.576773 0.944189 0.576772 0.918675 0.634556 0.816632 0.576856 0.816633 0.63462 0.791124 0.576859 0.816665 0.998755 0.791164 0.998754 0.816661 0.940994 0.629892 0.941877 0.629725 0.998816 0.604387 0.942471 0.604221 0.998796 0.384519 0.998823 0.36767 0.998823 0.36767 0.002079 0.384519 0.002079 0.870967 0.341043 0.870967 0.355085 0.673492 0.341043 0.673492 0.355085 0.870967 0.195464 0.870967 0.209506 0.673492 0.195464 0.673492 0.209506 0.893336 0.633738 0.867822 0.633146 0.893163 0.576793 0.867652 0.576814 0.896042 0.065502 0.896044 0.123115 0.873527 0.11977 0.676051 0.119771 0.873527 0.133813 0.676051 0.133813 0.35082 0.002079 0.35082 0.998823 0.578889 0.941847 0.578718 0.998776 0.842315 0.633769 0.842141 0.576834 0.930251 0.063544 0.930252 0.005931 0.093137 0.9985 0.093137 0.002414 0.079965 0.002414 0.079965 0.9985 0.502216 0.998755 0.502173 0.57686 0.870967 0.327 0.673492 0.327 0.870967 0.181421 0.673492 0.181421 0.873527 0.105728 0.676051 0.105728 0.333971 0.002079 0.333971 0.998823 0.667264 0.357179 0.576253 0.357179 0.667264 0.001902 0.576254 0.001902 0.842337 0.941847 0.842167 0.998776 0.327751 0.9985 0.327751 0.002409 0.314579 0.002409 0.314579 0.9985 0.629888 0.633738 0.629715 0.576793 0.706253 0.576772 0.706245 0.998838 0.870967 0.312957 0.673492 0.312957 0.870967 0.251634 0.870967 0.265677 0.673492 0.251634 0.673492 0.265677 0.873527 0.091685 0.676051 0.091685 0.873526 0.030362 0.676051 0.030362 0.873526 0.044405 0.676051 0.044405 0.451916 0.002079 0.451916 0.998824 0.468765 0.998824 0.468765 0.002079 0.566155 0.357225 0.475143 0.357226 0.566155 0.001949 0.475144 0.001948 0.89334 0.941877 0.893173 0.998816 0.254774 0.9985 0.254774 0.00241 0.241602 0.00241 0.241603 0.9985 0.604374 0.633146 0.604204 0.576814 0.948483 0.065115 0.948484 0.122728 0.870967 0.237592 0.673492 0.237592 0.873527 0.161899 0.676051 0.161899 0.873526 0.175941 0.676051 0.175941 0.873526 0.01632 0.676051 0.01632 0.435067 0.002079 0.435067 0.998824 0.731764 0.576773 0.731755 0.998839 0.867835 0.942471 0.86767 0.998796 0.166112 0.9985 0.166112 0.002411 0.15294 0.002412 0.15294 0.9985 0.578866 0.633769 0.578693 0.576834 0.870967 0.223549 0.673492 0.223549 0.873527 0.147856 0.676051 0.147856 0.873526 0.002277 0.676051 0.002277 0.418217 0.002079 0.418217 0.998823 0.47667 0.576861 0.476714 0.998756 0.765664 0.998755 0.765621 0.57686 0.995212 0.576773 0.995203 0.998839 0.969701 0.576772 0.969693 0.998838 0.004474 0.9985 0.004476 0.002417 0.401368 0.998823 0.401368 0.002079 0.870967 0.284872 0.870967 0.298914 0.673492 0.284872 0.673492 0.298915 0.873526 0.058448 0.676051 0.058448 0.873526 0.07249 0.676051 0.07249 0.982691 0.063157 0.982693 0.005544 0.873526 0.086533 0.676051 0.086533 0.740118 0.576861 0.740163 0.998756 0.870967 0.270829 0.673492 0.270829 0.940599 0.034127 0.952307 0.016324 0.952303 0.051931 0.990578 0.093698 0.978873 0.111501 0.97887 0.075895 0.655229 0.998836 0.680735 0.998839 0.655228 0.576773 0.655227 0.634556 0.553183 0.576856 0.527675 0.576859 0.553216 0.998755 0.553213 0.940994 0.888158 0.034514 0.899866 0.016711 0.899863 0.052318 0.938137 0.094085 0.926432 0.111888 0.926429 0.076282 0.918678 0.998836 0.944184 0.998839 0.918676 0.576773 0.918675 0.634556 0.816632 0.576856 0.791124 0.576859 0.816665 0.998755 0.816661 0.940994 0.36767 0.998823 0.36767 0.002079 0.553213 0.940994 0.553216 0.998755 0.680741 0.576772 0.655223 0.941056 0.816633 0.63462 0.816632 0.576856 0.899866 0.016711 0.899863 0.052318 0.079965 0.002414 0.093137 0.002414 0.093137 0.9985 0.079965 0.9985 0.578889 0.941847 0.578718 0.998776 0.35082 0.998823 0.35082 0.002079 0.842315 0.633769 0.842141 0.576834 0.655223 0.941056 0.629892 0.941877 0.629725 0.998816 0.655229 0.998836 0.816661 0.940994 0.816665 0.998755 0.944189 0.576772 0.918671 0.941056 0.314579 0.002409 0.327751 0.002409 0.327751 0.9985 0.314579 0.9985 0.35082 0.998823 0.333971 0.998823 0.333971 0.002079 0.35082 0.002079 0.842315 0.633769 0.842141 0.576834 0.930251 0.063544 0.930252 0.005931 0.629892 0.941877 0.604387 0.942471 0.604221 0.998796 0.629725 0.998816 0.918671 0.941056 0.918678 0.998836 0.241602 0.00241 0.254774 0.00241 0.254774 0.9985 0.241603 0.9985 0.468765 0.998824 0.451916 0.998824 0.451916 0.002079 0.468765 0.002079 0.842167 0.998776 0.842337 0.941847 0.604221 0.998796 0.604387 0.942471 0.527716 0.998754 0.527675 0.576859 0.502173 0.57686 0.502216 0.998755 0.706253 0.576772 0.706245 0.998838 0.15294 0.002412 0.166112 0.002411 0.166112 0.9985 0.15294 0.9985 0.451916 0.998824 0.435067 0.998824 0.435067 0.002079 0.451916 0.002079 0.566155 0.357225 0.566155 0.001949 0.475144 0.001948 0.475143 0.357226 0.89334 0.941877 0.893173 0.998816 0.655227 0.634556 0.655228 0.576773 0.629715 0.576793 0.629888 0.633738 0.680741 0.576772 0.680735 0.998839 0.706245 0.998838 0.706253 0.576772 0.502216 0.998755 0.502173 0.57686 0.791164 0.998754 0.791124 0.576859 0.004474 0.9985 0.079965 0.9985 0.079965 0.002414 0.004476 0.002417 0.578718 0.998776 0.578889 0.941847 0.418217 0.998823 0.418217 0.002079 0.47667 0.576861 0.476714 0.998756 0.842337 0.941847 0.842167 0.998776 0.86767 0.998796 0.867835 0.942471 0.765621 0.57686 0.765664 0.998755 0.995212 0.576773 0.969701 0.576772 0.969693 0.998838 0.995203 0.998839 0.384519 0.002079 0.384519 0.998823 0.401368 0.998823 0.401368 0.002079 0.578866 0.633769 0.604374 0.633146 0.604204 0.576814 0.578693 0.576834 0.893336 0.633738 0.893163 0.576793 0.867652 0.576814 0.867822 0.633146 0.896042 0.065502 0.896044 0.123115 0.926432 0.111888 0.926429 0.076282 0.791164 0.998754 0.816633 0.63462 0.093137 0.9985 0.15294 0.9985 0.15294 0.002412 0.093137 0.002414 0.435067 0.998824 0.418217 0.998823 0.418217 0.002079 0.435067 0.002079 0.731764 0.576773 0.731755 0.998839 0.89334 0.941877 0.867835 0.942471 0.86767 0.998796 0.893173 0.998816 0.401368 0.002079 0.401368 0.998823 0.629888 0.633738 0.629715 0.576793 0.604204 0.576814 0.604374 0.633146 0.948483 0.065115 0.948484 0.122728 0.978873 0.111501 0.97887 0.075895 0.527716 0.998754 0.553184 0.63462 0.918675 0.634556 0.918676 0.576773 0.893163 0.576793 0.893336 0.633738 0.944189 0.576772 0.944184 0.998839 0.166112 0.9985 0.241603 0.9985 0.241602 0.00241 0.166112 0.002411 0.667264 0.357179 0.667264 0.001902 0.576254 0.001902 0.576253 0.357179 0.969693 0.998838 0.969701 0.576772 0.740118 0.576861 0.740163 0.998756 0.765664 0.998755 0.765621 0.57686 0.36767 0.002079 0.36767 0.998823 0.384519 0.998823 0.384519 0.002079 0.553184 0.63462 0.578866 0.633769 0.578693 0.576834 0.553183 0.576856 0.982691 0.063157 0.982693 0.005544 0.952307 0.016324 0.952303 0.051931 0.867822 0.633146 0.867652 0.576814 0.254774 0.9985 0.314579 0.9985 0.314579 0.002409 0.254774 0.00241 0.5276805 0.6335756 0.5276805 0.6335756 0.5021788 0.6335766 0.5021788 0.6335766 0.7317628 0.6335126 0.4766759 0.6335776 0.7062519 0.6335115 0.7062519 0.6335115 0.6807402 0.6335117 0.6807402 0.6335117 0.5277103 0.9408545 0.5277103 0.9408545 0.5022101 0.9408556 0.5022101 0.9408556 0.7317563 0.9409161 0.476708 0.9408566 0.7062461 0.9409151 0.7062461 0.9409151 0.6807358 0.9409159 0.6807358 0.9409159 0.5277103 0.9409038 0.5022101 0.9409047 0.7317562 0.9409654 0.476708 0.9409058 0.7062461 0.9409643 0.6807358 0.9409652 0.5276807 0.6355562 0.502179 0.6355572 0.7317628 0.635494 0.4766761 0.6355582 0.7062519 0.635493 0.6807402 0.6354932 0.7911294 0.6336898 0.7911294 0.6336898 0.7656268 0.6336908 0.9952108 0.6336268 0.7401241 0.6336918 0.9696999 0.6336258 0.9441884 0.6336259 0.9441884 0.6336259 0.7911584 0.9404881 0.7911584 0.9404881 0.7656581 0.9404891 0.9952043 0.9405496 0.7401568 0.9404901 0.9696941 0.9405485 0.9441847 0.9405494 0.9441847 0.9405494 0.9441847 0.9416146 0.9696941 0.9416137 0.9696941 0.9416137 0.9952043 0.9416147 0.7401569 0.9415548 0.7656581 0.9415538 0.7656581 0.9415538 0.7911586 0.9415529 0.9441884 0.6335343 0.9697 0.6335341 0.9697 0.6335341 0.9952108 0.6335351 0.740124 0.6336001 0.7656268 0.6335992 0.7656268 0.6335992 0.7911294 0.6335981 0.418217 0.9388598 0.418217 0.9388598 0.401368 0.9388598 0.384519 0.9388598 0.36767 0.9388598 0.35082 0.9388598 0.35082 0.9388598 0.468765 0.9388607 0.333971 0.9388598 0.451916 0.9388607 0.451916 0.9388607 0.435067 0.9388607 0.435067 0.9388607 0.435067 0.8745415 0.435067 0.8745415 0.418217 0.8745406 0.418217 0.8745406 0.401368 0.8745406 0.384519 0.8745406 0.36767 0.8745406 0.35082 0.8745406 0.35082 0.8745406 0.468765 0.8745415 0.333971 0.8745406 0.451916 0.8745415 0.451916 0.8745415 0.435067 0.8068659 0.435067 0.8068659 0.418217 0.806865 0.418217 0.806865 0.401368 0.806865 0.384519 0.806865 0.36767 0.806865 0.35082 0.806865 0.35082 0.806865 0.468765 0.8068659 0.333971 0.806865 0.451916 0.8068659 0.451916 0.8068659 0.435067 0.7316452 0.435067 0.7316452 0.418217 0.7316444 0.418217 0.7316444 0.401368 0.7316444 0.384519 0.7316444 0.36767 0.7316444 0.35082 0.7316444 0.35082 0.7316444 0.468765 0.7316452 0.333971 0.7316444 0.451916 0.7316452 0.451916 0.7316452 0.435067 0.6569324 0.435067 0.6569324 0.418217 0.6569316 0.418217 0.6569316 0.401368 0.6569316 0.384519 0.6569316 0.36767 0.6569316 0.35082 0.6569316 0.35082 0.6569316 0.468765 0.6569324 0.333971 0.6569316 0.451916 0.6569324 0.451916 0.6569324 0.435067 0.5782551 0.435067 0.5782551 0.418217 0.5782545 0.418217 0.5782545 0.401368 0.5782545 0.384519 0.5782545 0.36767 0.5782545 0.35082 0.5782545 0.35082 0.5782545 0.468765 0.5782551 0.333971 0.5782545 0.451916 0.5782551 0.451916 0.5782551 0.435067 0.5149284 0.435067 0.5149284 0.418217 0.5149279 0.418217 0.5149279 0.401368 0.5149279 0.384519 0.5149279 0.36767 0.5149279 0.35082 0.5149279 0.35082 0.5149279 0.468765 0.5149284 0.333971 0.5149279 0.451916 0.5149284 0.451916 0.5149284 0.435067 0.4394615 0.435067 0.4394615 0.418217 0.439461 0.418217 0.439461 0.401368 0.439461 0.384519 0.439461 0.36767 0.439461 0.35082 0.439461 0.35082 0.439461 0.468765 0.4394615 0.333971 0.439461 0.451916 0.4394615 0.451916 0.4394615 0.435067 0.3593526 0.435067 0.3593526 0.418217 0.3593522 0.418217 0.3593522 0.401368 0.3593522 0.384519 0.3593522 0.36767 0.3593522 0.35082 0.3593522 0.35082 0.3593522 0.468765 0.3593526 0.333971 0.3593522 0.451916 0.3593526 0.451916 0.3593526 0.418217 0.2826611 0.418217 0.2826611 0.401368 0.2826611 0.384519 0.2826611 0.36767 0.2826611 0.35082 0.2826611 0.35082 0.2826611 0.468765 0.2826614 0.333971 0.2826611 0.451916 0.2826614 0.451916 0.2826614 0.435067 0.2826614 0.435067 0.2826614 0.435067 0.2030254 0.435067 0.2030254 0.418217 0.2030252 0.418217 0.2030252 0.401368 0.2030252 0.384519 0.2030252 0.36767 0.2030252 0.35082 0.2030252 0.35082 0.2030252 0.468765 0.2030254 0.333971 0.2030252 0.451916 0.2030254 0.451916 0.2030254 0.435067 0.1384712 0.435067 0.1384712 0.418217 0.138471 0.418217 0.138471 0.401368 0.138471 0.384519 0.138471 0.36767 0.138471 0.35082 0.138471 0.35082 0.138471 0.468765 0.1384712 0.333971 0.138471 0.451916 0.1384712 0.451916 0.1384712 0.435067 0.06518583 0.435067 0.06518583 0.418217 0.06518576 0.418217 0.06518576 0.401368 0.06518576 0.384519 0.06518576 0.36767 0.06518576 0.35082 0.06518576 0.35082 0.06518576 0.468765 0.06518583 0.333971 0.06518576 0.451916 0.06518583 0.451916 0.06518583 0.418217 0.9339657 0.435067 0.9339666 0.451916 0.9339666 0.333971 0.9339657 0.468765 0.9339666 0.35082 0.9339657 0.36767 0.9339657 0.36767 0.9339657 0.384519 0.9339657 0.384519 0.9339657 0.401368 0.9339657 0.401368 0.9339657 0.401368 0.8723302 0.401368 0.8723302 0.418217 0.8723302 0.435067 0.8723311 0.451916 0.8723311 0.333971 0.8723302 0.468765 0.8723311 0.35082 0.8723302 0.36767 0.8723302 0.36767 0.8723302 0.384519 0.8723302 0.384519 0.8723302 0.418217 0.8103083 0.435067 0.8103092 0.451916 0.8103092 0.333971 0.8103083 0.468765 0.8103092 0.35082 0.8103083 0.36767 0.8103083 0.36767 0.8103083 0.384519 0.8103083 0.384519 0.8103083 0.401368 0.8103083 0.401368 0.8103083 0.401368 0.7474642 0.401368 0.7474642 0.418217 0.7474642 0.435067 0.747465 0.451916 0.747465 0.333971 0.7474642 0.468765 0.747465 0.35082 0.7474642 0.36767 0.7474642 0.36767 0.7474642 0.384519 0.7474642 0.384519 0.7474642 0.401368 0.6796967 0.401368 0.6796967 0.418217 0.6796967 0.435067 0.6796974 0.451916 0.6796974 0.333971 0.6796967 0.468765 0.6796974 0.35082 0.6796967 0.36767 0.6796967 0.36767 0.6796967 0.384519 0.6796967 0.384519 0.6796967 0.418217 0.6065283 0.435067 0.6065289 0.451916 0.6065289 0.333971 0.6065283 0.468765 0.6065289 0.35082 0.6065283 0.36767 0.6065283 0.36767 0.6065283 0.384519 0.6065283 0.384519 0.6065283 0.401368 0.6065283 0.401368 0.6065283 0.418217 0.5357078 0.435067 0.5357084 0.451916 0.5357084 0.333971 0.5357078 0.468765 0.5357084 0.35082 0.5357078 0.36767 0.5357078 0.36767 0.5357078 0.384519 0.5357078 0.384519 0.5357078 0.401368 0.5357078 0.401368 0.5357078 0.418217 0.4401326 0.435067 0.440133 0.451916 0.440133 0.333971 0.4401326 0.468765 0.440133 0.35082 0.4401326 0.36767 0.4401326 0.36767 0.4401326 0.384519 0.4401326 0.384519 0.4401326 0.401368 0.4401326 0.401368 0.4401326 0.418217 0.3594501 0.435067 0.3594505 0.451916 0.3594505 0.333971 0.3594501 0.468765 0.3594505 0.35082 0.3594501 0.36767 0.3594501 0.36767 0.3594501 0.384519 0.3594501 0.384519 0.3594501 0.401368 0.3594501 0.401368 0.3594501 0.418217 0.2888163 0.435067 0.2888166 0.451916 0.2888166 0.333971 0.2888163 0.468765 0.2888166 0.35082 0.2888163 0.36767 0.2888163 0.36767 0.2888163 0.384519 0.2888163 0.384519 0.2888163 0.401368 0.2888163 0.401368 0.2888163 0.418217 0.2183341 0.435067 0.2183344 0.451916 0.2183344 0.333971 0.2183341 0.468765 0.2183344 0.35082 0.2183341 0.36767 0.2183341 0.36767 0.2183341 0.384519 0.2183341 0.384519 0.2183341 0.401368 0.2183341 0.401368 0.2183341 0.401368 0.1497139 0.401368 0.1497139 0.418217 0.1497139 0.435067 0.1497141 0.451916 0.1497141 0.333971 0.1497139 0.468765 0.1497141 0.35082 0.1497139 0.36767 0.1497139 0.36767 0.1497139 0.384519 0.1497139 0.384519 0.1497139 0.418217 0.06956237 0.435067 0.06956245 0.451916 0.06956245 0.333971 0.06956237 0.468765 0.06956245 0.35082 0.06956237 0.36767 0.06956237 0.36767 0.06956237 0.384519 0.06956237 0.384519 0.06956237 0.401368 0.06956237 0.401368 0.06956237 0.166112 0.1927005 0.2416022 0.1926997 0.254774 0.1926997 0.314579 0.1926988 0.004475618 0.1927053 0.327751 0.1926988 0.07996501 0.1927029 0.093137 0.1927029 0.15294 0.1927013 0.166112 0.4400239 0.2416024 0.4400233 0.254774 0.4400233 0.314579 0.4400228 0.004475121 0.4400272 0.327751 0.4400228 0.07996501 0.4400256 0.093137 0.4400256 0.15294 0.4400244 0.166112 0.685498 0.2416027 0.6854976 0.254774 0.6854976 0.314579 0.6854973 0.004474629 0.6854998 0.327751 0.6854973 0.07996501 0.685499 0.093137 0.685499 0.15294 0.6854983 0.166112 0.9331045 0.2416029 0.9331044 0.254774 0.9331044 0.314579 0.9331044 0.004474131 0.9331049 0.327751 0.9331044 0.079965 0.9331047 0.093137 0.9331047 0.15294 0.9331046 0.15294 0.9341124 0.15294 0.9341124 0.093137 0.9341125 0.093137 0.9341125 0.079965 0.9341125 0.079965 0.9341125 0.327751 0.9341122 0.00447413 0.9341127 0.314579 0.9341122 0.314579 0.9341122 0.254774 0.9341123 0.254774 0.9341123 0.2416029 0.9341123 0.2416029 0.9341123 0.166112 0.9341123 0.166112 0.9341123 0.166112 0.6819375 0.166112 0.6819375 0.15294 0.6819378 0.15294 0.6819378 0.093137 0.6819385 0.093137 0.6819385 0.079965 0.6819385 0.079965 0.6819385 0.327751 0.6819369 0.004474636 0.6819394 0.314579 0.6819369 0.314579 0.6819369 0.254774 0.6819372 0.254774 0.6819372 0.2416027 0.6819372 0.2416027 0.6819372 0.2416024 0.4405304 0.2416024 0.4405304 0.166112 0.4405309 0.166112 0.4405309 0.15294 0.4405315 0.15294 0.4405315 0.093137 0.4405326 0.093137 0.4405326 0.079965 0.4405326 0.079965 0.4405326 0.327751 0.4405298 0.00447512 0.4405343 0.314579 0.4405298 0.314579 0.4405298 0.254774 0.4405304 0.254774 0.4405304 0.2416022 0.190891 0.2416022 0.190891 0.166112 0.1908918 0.166112 0.1908918 0.15294 0.1908926 0.15294 0.1908926 0.093137 0.1908942 0.093137 0.1908942 0.079965 0.1908942 0.079965 0.1908942 0.327751 0.1908902 0.004475622 0.1908967 0.314579 0.1908902 0.314579 0.1908902 0.254774 0.190891 0.254774 0.190891 0.2416021 0.09693354 0.2416021 0.09693354 0.166112 0.09693444 0.166112 0.09693444 0.15294 0.09693535 0.15294 0.09693535 0.093137 0.09693715 0.093137 0.09693715 0.079965 0.09693715 0.079965 0.09693715 0.327751 0.09693263 0.00447581 0.09693987 0.314579 0.09693263 0.314579 0.09693263 0.254774 0.09693354 0.254774 0.09693354 0.07996501 0.09770861 0.093137 0.09770861 0.15294 0.09770679 0.166112 0.09770589 0.2416021 0.09770498 0.254774 0.09770498 0.314579 0.09770408 0.004475809 0.09771132 0.327751 0.09770408 0.166112 0.3175479 0.166112 0.3175479 0.15294 0.3175486 0.15294 0.3175486 0.093137 0.31755 0.093137 0.31755 0.079965 0.31755 0.079965 0.31755 0.327751 0.3175466 0.004475367 0.317552 0.314579 0.3175466 0.314579 0.3175466 0.254774 0.3175473 0.254774 0.3175473 0.2416023 0.3175473 0.2416023 0.3175473 0.07996501 0.3175308 0.093137 0.3175308 0.15294 0.3175294 0.166112 0.3175287 0.2416023 0.317528 0.254774 0.317528 0.314579 0.3175274 0.004475367 0.3175328 0.327751 0.3175274 0.166112 0.5663357 0.166112 0.5663357 0.15294 0.5663362 0.15294 0.5663362 0.093137 0.566337 0.093137 0.566337 0.079965 0.566337 0.079965 0.566337 0.327751 0.5663348 0.004474868 0.5663383 0.314579 0.5663348 0.314579 0.5663348 0.254774 0.5663353 0.254774 0.5663353 0.2416026 0.5663353 0.2416026 0.5663353 0.07996501 0.5682849 0.093137 0.5682849 0.15294 0.568284 0.166112 0.5682836 0.2416026 0.5682831 0.254774 0.5682831 0.314579 0.5682827 0.004474864 0.5682862 0.327751 0.5682827 0.15294 0.804415 0.15294 0.804415 0.093137 0.8044155 0.093137 0.8044155 0.079965 0.8044155 0.079965 0.8044155 0.327751 0.8044145 0.00447439 0.804416 0.314579 0.8044145 0.314579 0.8044145 0.254774 0.8044147 0.254774 0.8044147 0.2416028 0.8044147 0.2416028 0.8044147 0.166112 0.8044149 0.166112 0.8044149 0.093137 0.8246314 0.15294 0.824631 0.166112 0.8246309 0.2416028 0.8246307 0.254774 0.8246307 0.314579 0.8246306 0.004474349 0.8246319 0.327751 0.8246306 0.07996501 0.8246314 0.757241 0.341043 0.757241 0.270829 0.757241 0.355085 0.757241 0.284872 0.757241 0.2989146 0.757241 0.312957 0.757241 0.327 0.7857046 0.105728 0.785704 0.175941 0.7857046 0.091685 0.7857046 0.161899 0.7857046 0.147856 0.7857046 0.133813 0.7857046 0.1197705 0.746174 0.237592 0.746174 0.251634 0.746174 0.181421 0.746174 0.265677 0.746174 0.195464 0.746174 0.209506 0.746174 0.223549 0.7760068 0.01632 0.7760068 0.086533 0.7760068 0.002277 0.7760068 0.07249 0.7760068 0.058448 0.7760068 0.044405 0.7760068 0.030362 0.566155 0.1133532 0.9186738 0.7306655 0.8166418 0.73069 0.4751437 0.1133529 0.7911385 0.7301638 0.7656366 0.7301648 0.7656366 0.7301648 0.9952087 0.73014 0.7401344 0.7301658 0.9696982 0.7301389 0.9696982 0.7301389 0.9441873 0.7301393 0.566155 0.2350545 0.9186724 0.8356583 0.8166514 0.8356397 0.4751433 0.2350548 0.7911485 0.835655 0.7656474 0.8356559 0.7656474 0.8356559 0.9952065 0.8356738 0.7401456 0.8356569 0.9696962 0.8356728 0.9696962 0.8356728 0.944186 0.8356735 0.566155 0.2335854 0.9186724 0.8343909 0.8166512 0.8343728 0.4751433 0.2335857 0.7911484 0.8337193 0.7911484 0.8337193 0.7656472 0.8337202 0.9952066 0.8337374 0.7401454 0.8337212 0.9696962 0.8337363 0.944186 0.833737 0.944186 0.833737 0.566155 0.1130854 0.9186738 0.7304344 0.8166417 0.7304591 0.4751437 0.1130851 0.7911385 0.7296616 0.7911385 0.7296616 0.7656366 0.7296625 0.9952088 0.7296375 0.7401344 0.7296636 0.9696981 0.7296364 0.9441872 0.7296368 0.9441872 0.7296368 0.667264 0.1317509 0.6552255 0.7465775 0.5531945 0.7465955 0.5762537 0.1317509 0.5276915 0.7471566 0.5021904 0.7471576 0.7317604 0.7471396 0.4766878 0.7471586 0.7062498 0.7471386 0.6807386 0.747139 0.667264 0.2405404 0.6552243 0.8404311 0.5532035 0.8404105 0.5762534 0.2405404 0.5277005 0.8406572 0.5021999 0.8406582 0.7317584 0.8406781 0.4766976 0.8406592 0.706248 0.8406771 0.6807373 0.8406777 0.6807374 0.8351145 0.6807374 0.8351145 0.667264 0.2349008 0.6552244 0.8355657 0.553203 0.8355471 0.5762534 0.2349008 0.5277001 0.8350962 0.5277001 0.8350962 0.5021993 0.8350973 0.5021993 0.8350973 0.7317585 0.835115 0.4766969 0.8350983 0.7062481 0.8351139 0.7062481 0.8351139 0.667264 0.1040077 0.6552259 0.7226433 0.5531923 0.7226711 0.5762538 0.1040077 0.527689 0.7218868 0.527689 0.7218868 0.5021877 0.7218878 0.5021877 0.7218878 0.7317609 0.7218596 0.4766852 0.7218888 0.7062503 0.7218585 0.7062503 0.7218585 0.680739 0.7218589 0.680739 0.7218589 1.429877 0.5068097 1.419815 0.484152 1.429877 0.4816802 1.417312 0.5120136 1.412805 0.5020752 1.417312 0.4764762 1.435081 0.4942449 1.404747 0.5068097 1.404747 0.4816802 1.399543 0.4942449 1.433971 0.1536946 1.433971 0.1345095 1.441494 0.1461724 1.411554 0.1265185 1.433971 0.1029824 1.441494 0.08520073 1.38567 0.1536946 1.433971 0.07767861 1.38567 0.1222707 1.406137 0.09181904 1.378148 0.1461724 1.38567 0.1022167 1.38567 0.07767861 1.378148 0.08520073 1.436024 0.231735 1.436024 0.2176409 1.443546 0.2242129 1.387723 0.231735 1.419383 0.2065018 1.436024 0.1770157 1.443546 0.1632412 1.387723 0.203642 1.402742 0.1953628 1.436024 0.1557191 1.3802 0.2242129 1.387723 0.1796805 1.3802 0.1632412 1.387723 0.1557191 1.410106 0.5482384 1.416388 0.5278678 1.42267 0.5430344 1.397541 0.5430344 1.402363 0.5313942 1.42267 0.517905 1.427875 0.5304697 1.392337 0.5304697 1.410106 0.512701 1.397541 0.517905 1.390293 0.2923535 1.390293 0.3141141 1.382771 0.3065919 1.420749 0.2966339 1.390293 0.270593 1.382771 0.2456203 1.438595 0.3141141 1.416211 0.2646292 1.390293 0.2380981 1.438595 0.2991421 1.438595 0.2594787 1.446118 0.3065919 1.438595 0.2380981 1.446118 0.2456203 1.414093 0.4723661 1.401529 0.467162 1.407388 0.4530166 1.416482 0.4536039 1.396325 0.4545972 1.414093 0.4368284 1.426659 0.4420325 1.426659 0.467162 1.401529 0.4420325 1.431863 0.4545972 1.440881 0.3334104 1.440881 0.3175575 1.448404 0.3250796 1.410724 0.3491953 1.440881 0.3689578 1.39258 0.3175575 1.448404 0.3860513 1.401652 0.3713844 1.39258 0.3586924 1.440881 0.3935734 1.385057 0.3250796 1.39258 0.3935734 1.385057 0.3860513 1.415546 0.4340552 1.420993 0.4209049 1.42811 0.4288512 1.402981 0.4288512 1.411987 0.4123133 1.433314 0.4162865 1.397777 0.4162865 1.415546 0.3985177 1.42811 0.4037217 1.402981 0.4037217</float_array>
          <technique_common>
            <accessor source="#Geometry-mesh025-Geometry-mesh025-uvSet1-array" count="1212" stride="2">
              <param name="S" type="float"/>
              <param name="T" type="float"/>
            </accessor>
          </technique_common>
        </source>
        <vertices id="Geometry-mesh025-vertices" name="Geometry-mesh025-vertices">
          <input semantic="POSITION" source="#Geometry-mesh025-positions"/>
        </vertices>
        <triangles material="lambert2SG" count="1294">
          <input semantic="VERTEX" source="#Geometry-mesh025-vertices" offset="0"/>
          <input semantic="NORMAL" source="#Geometry-mesh025-normals" offset="1"/>
          <input semantic="TEXCOORD" source="#Geometry-mesh025-Geometry-mesh025-uvSet1" offset="2" set="0"/>
          <p>1 0 0 3 1 1 2 2 2 15 3 3 16 4 4 17 5 5 246 7 429 21 8 8 18 6 7 18 6 7 21 8 8 25 9 6 0 10 13 247 11 430 13 13 12 13 13 12 247 11 430 12 12 14 85 14 21 86 15 22 87 16 23 141 17 184 143 18 185 142 19 186 155 20 187 156 21 188 157 22 189 165 24 190 158 25 217 161 23 191 161 23 191 158 25 217 241 26 422 171 27 198 173 28 199 172 29 200 185 30 201 186 31 202 187 32 203 195 34 204 188 35 239 191 33 205 191 33 205 188 35 239 261 36 450 17 38 36 20 39 37 15 37 38 15 37 38 20 39 37 23 40 39 371 41 629 372 42 630 31 44 43 31 44 43 372 42 630 30 43 42 608 46 993 609 47 995 46 45 46 46 45 46 609 47 995 47 48 47 60 49 50 623 50 1011 61 52 51 61 52 51 623 50 1011 624 51 1012 76 53 54 73 54 52 79 56 55 79 56 55 73 54 52 71 55 53 84 57 57 88 58 56 86 60 22 86 60 22 88 58 56 87 59 23 618 61 1005 619 62 1006 100 64 61 100 64 61 619 62 1006 105 63 59 126 66 213 125 67 62 477 65 788 477 65 788 125 67 62 476 68 786 154 71 214 156 72 64 167 70 215 167 70 215 156 72 64 162 69 65 156 72 64 155 73 269 162 69 65 162 69 65 155 73 269 163 74 268 170 76 68 172 77 221 174 75 69 174 75 69 172 77 221 173 78 220 206 80 71 207 81 72 553 79 910 553 79 910 207 81 72 552 82 909 547 83 899 548 84 902 222 86 223 222 86 223 548 84 902 223 85 222 16 88 226 15 37 38 22 87 227 22 87 227 15 37 38 23 40 39 247 11 430 248 89 431 12 12 14 12 12 14 248 89 431 5 90 75 372 42 630 373 91 632 30 43 42 30 43 42 373 91 632 29 92 229 613 94 999 608 46 993 45 93 77 45 93 77 608 46 993 46 45 46 59 95 79 622 96 1009 60 49 50 60 49 50 622 96 1009 623 50 1011 78 97 231 79 56 55 72 98 230 72 98 230 79 56 55 71 55 53 619 62 1006 614 99 1000 105 63 59 105 63 59 614 99 1000 104 100 81 475 102 784 476 68 786 124 101 82 124 101 82 476 68 786 125 67 62 681 104 1103 682 105 1106 144 103 86 144 103 86 682 105 1106 140 106 87 160 107 234 157 108 233 165 24 235 165 24 235 157 108 233 158 25 232 184 110 236 186 111 88 197 109 237 197 109 237 186 111 88 192 112 89 200 114 91 201 115 92 559 113 917 559 113 917 201 115 92 558 116 915 549 117 903 550 118 906 216 120 241 216 120 241 550 118 906 217 119 240 11 121 9 4 122 11 6 124 95 6 124 95 4 122 11 3 123 94 251 125 435 7 126 10 250 128 434 250 128 434 7 126 10 10 127 96 373 91 631 374 129 634 29 92 247 29 92 247 374 129 634 28 130 246 44 131 99 612 132 998 45 93 77 45 93 77 612 132 998 613 94 999 621 134 1008 622 96 1010 58 133 102 58 133 102 622 96 1010 59 95 103 74 135 251 70 136 250 73 139 19 70 136 250 72 137 20 73 139 19 72 137 20 71 138 18 73 139 19 614 99 1000 615 140 1002 104 100 81 104 100 81 615 140 1002 103 141 105 631 143 1020 117 144 107 630 142 1019 630 142 1019 117 144 107 112 145 109 131 146 110 474 147 783 124 101 113 124 101 113 474 147 783 475 102 785 160 107 255 163 74 254 157 108 252 157 108 252 163 74 254 155 73 253 174 148 116 653 149 1057 170 151 117 170 151 117 653 149 1057 654 150 1060 190 152 119 187 153 118 195 34 257 195 34 257 187 153 118 188 35 256 557 154 914 202 155 121 556 157 913 556 157 913 202 155 121 203 156 122 544 159 894 219 160 258 551 158 907 551 158 907 219 160 258 218 161 259 6 124 95 3 123 94 9 163 125 9 163 125 3 123 94 1 162 124 18 165 126 17 166 5 14 164 127 14 164 127 17 166 5 16 167 4 375 168 636 35 169 264 374 129 633 374 129 633 35 169 264 28 130 265 620 171 1007 621 134 1008 57 170 129 57 170 129 621 134 1008 58 133 102 616 172 1003 102 173 131 615 140 1001 615 140 1001 102 173 131 103 141 133 626 174 1014 116 175 135 631 143 1020 631 143 1020 116 175 135 117 144 107 130 176 136 473 177 782 131 146 110 131 146 110 473 177 782 474 147 783 233 178 407 145 179 272 232 181 404 232 181 404 145 179 272 152 180 271 235 183 411 150 184 274 234 182 408 234 182 408 150 184 274 168 185 138 187 153 118 190 152 119 185 186 140 185 186 140 190 152 119 193 187 141 555 189 912 204 190 143 554 188 911 554 188 911 204 190 143 205 191 144 546 193 898 221 194 276 545 192 895 545 192 895 221 194 276 220 195 277 1 162 124 2 196 146 9 163 125 9 163 125 2 196 146 8 197 147 368 198 625 34 199 282 375 168 635 375 168 635 34 199 282 35 169 283 625 201 1013 620 171 1007 56 200 149 56 200 149 620 171 1007 57 170 129 70 203 286 74 204 285 633 202 1024 633 202 1024 74 204 285 632 205 1021 95 207 24 88 208 25 91 206 26 91 206 26 88 208 25 262 209 452 617 210 1004 101 211 151 616 172 1003 616 172 1003 101 211 151 102 173 131 627 212 1016 115 213 153 626 174 1014 626 174 1014 115 213 153 116 175 135 129 214 154 472 215 781 130 176 136 130 176 136 472 215 781 473 177 782 144 217 290 143 218 293 151 216 291 151 216 291 143 218 293 146 219 292 236 220 413 147 221 294 235 183 410 235 183 410 147 221 294 150 184 297 234 182 409 168 185 156 233 178 406 233 178 406 168 185 156 145 179 299 186 111 88 185 186 140 192 112 89 192 112 89 185 186 140 193 187 141 253 222 438 175 223 159 252 225 436 252 225 436 175 223 159 182 224 301 180 226 162 198 227 160 255 229 441 255 229 441 198 227 160 254 228 439 559 231 916 552 232 909 200 230 165 200 230 165 552 232 909 207 233 72 548 234 901 549 235 904 223 237 304 223 237 304 549 235 904 216 236 305 370 239 628 32 240 167 369 238 626 369 238 626 32 240 167 33 241 309 48 242 170 610 243 996 49 245 171 49 245 171 610 243 996 611 244 997 68 247 310 5 90 75 249 246 433 249 246 433 5 90 75 248 89 431 86 249 312 85 250 315 92 248 313 92 248 313 85 250 315 93 251 314 83 253 30 78 97 249 70 252 31 70 252 31 78 97 249 72 98 248 94 255 320 263 256 454 99 254 321 99 254 321 263 256 454 264 257 455 628 258 1017 629 259 1018 114 261 175 114 261 175 629 259 1018 113 260 173 478 262 789 479 263 792 127 265 322 127 265 322 479 263 792 128 264 325 148 266 329 149 267 328 142 269 326 142 269 326 149 267 328 141 268 327 173 271 330 171 272 333 176 270 331 176 270 331 171 272 333 179 273 332 187 274 337 186 275 336 188 277 334 188 277 334 186 275 336 184 276 335 170 278 339 252 225 437 183 279 208 183 279 208 252 225 437 182 224 209 553 281 910 554 282 911 206 280 71 206 280 71 554 282 911 205 283 144 546 284 897 547 285 900 221 287 342 221 287 342 547 285 900 222 286 343 2 196 146 0 10 13 8 197 147 8 197 147 0 10 13 13 13 12 0 289 176 2 290 2 4 288 177 4 288 177 2 290 2 3 291 1 369 238 627 33 241 346 368 198 624 368 198 624 33 241 346 34 199 347 49 245 171 611 244 997 44 131 99 44 131 99 611 244 997 612 132 998 250 128 434 10 127 96 249 246 432 249 246 432 10 127 96 68 247 348 93 251 352 85 250 351 90 292 353 90 292 353 85 250 351 87 293 350 618 61 1005 100 64 61 617 210 1004 617 210 1004 100 64 61 101 211 151 627 212 1015 628 258 1017 115 213 179 115 213 179 628 258 1017 114 261 175 472 215 781 129 214 154 479 263 791 479 263 791 129 214 154 128 264 354 143 218 356 141 268 359 146 219 357 146 219 357 141 268 359 149 267 358 157 294 363 156 295 362 158 297 360 158 297 360 156 295 362 154 296 361 140 298 365 232 181 405 153 299 194 153 299 194 232 181 405 152 180 195 174 301 366 173 271 369 181 300 367 181 300 367 173 271 369 176 270 368 177 303 370 180 226 162 256 302 443 256 302 443 180 226 162 255 229 441 254 228 440 198 227 180 253 222 438 253 222 438 198 227 180 175 223 159 204 304 143 555 305 912 203 307 122 203 307 122 555 305 912 556 306 913 545 309 896 220 310 375 544 308 893 544 308 893 220 310 375 219 311 374 661 312 1072 0 313 378 660 315 1069 660 315 1069 0 313 378 4 314 377 18 6 7 25 9 6 17 38 36 17 38 36 25 9 6 20 39 37 371 41 629 31 44 43 370 239 628 370 239 628 31 44 43 32 240 167 609 47 994 610 243 996 47 48 183 47 48 183 610 243 996 48 242 170 61 52 51 624 51 1012 56 200 149 56 200 149 624 51 1012 625 201 1013 81 316 27 74 317 29 76 53 54 76 53 54 74 317 29 73 54 52 264 257 456 265 318 457 99 254 383 99 254 383 265 318 457 89 319 384 629 259 1018 630 142 1019 113 260 173 113 260 173 630 142 1019 112 145 109 127 265 389 126 66 386 478 262 790 478 262 790 126 66 386 477 65 787 153 299 393 148 266 392 140 298 390 140 298 390 148 266 392 142 269 391 140 321 394 142 322 397 144 320 395 144 320 395 142 322 397 143 323 396 170 278 218 183 279 219 172 325 66 183 279 219 178 324 67 172 325 66 172 325 66 178 324 67 171 272 398 178 324 67 179 273 399 171 272 398 202 326 121 557 327 914 201 329 92 201 329 92 557 327 914 558 328 915 551 331 908 218 332 403 550 330 905 550 330 905 218 332 403 217 333 402 684 334 1110 233 335 407 683 337 1107 683 337 1107 233 335 407 232 336 404 685 338 1112 234 339 409 684 334 1109 684 334 1109 234 339 409 233 335 406 686 340 1114 235 341 411 685 338 1111 685 338 1111 235 341 411 234 339 408 686 340 1113 687 342 1116 235 341 410 235 341 410 687 342 1116 236 343 413 238 345 417 237 346 414 159 344 273 159 344 273 237 346 414 166 347 270 169 348 157 239 349 419 159 344 298 159 344 298 239 349 419 238 345 416 164 350 275 240 351 421 169 348 139 169 348 139 240 351 421 239 349 418 161 23 295 241 26 423 164 350 296 164 350 296 241 26 423 240 351 420 26 353 16 19 354 74 242 352 424 242 352 424 19 354 74 243 355 425 244 357 427 243 355 425 69 356 311 69 356 311 243 355 425 19 354 74 24 358 97 245 359 428 69 356 349 69 356 349 245 359 428 244 357 426 21 8 8 246 7 429 24 358 97 24 358 97 246 7 429 245 359 428 662 361 1073 663 362 1074 247 360 430 247 360 430 663 362 1074 248 363 431 249 365 433 248 363 431 664 364 1076 664 364 1076 248 363 431 663 362 1074 665 366 1077 250 367 434 664 364 1075 664 364 1075 250 367 434 249 365 432 666 368 1078 251 369 435 665 366 1077 665 366 1077 251 369 435 250 367 434 656 370 1063 253 371 438 655 373 1061 655 373 1061 253 371 438 252 372 436 657 374 1065 254 375 440 656 370 1063 656 370 1063 254 375 440 253 371 438 255 376 441 254 375 439 658 377 1066 658 377 1066 254 375 439 657 374 1064 256 379 443 255 376 441 659 378 1068 659 378 1068 255 376 441 658 377 1066 189 380 158 258 381 446 196 383 300 196 383 300 258 381 446 257 382 444 199 384 181 259 385 448 189 380 158 189 380 158 259 385 448 258 381 446 259 385 447 199 384 161 260 386 449 260 386 449 199 384 161 194 387 163 191 33 371 261 36 451 194 387 163 194 387 163 261 36 451 260 386 449 91 206 26 262 209 452 94 255 380 94 255 380 262 209 452 263 256 453 88 208 25 95 207 24 87 293 288 87 293 288 95 207 24 90 292 289 70 252 31 271 388 467 83 253 30 83 253 30 271 388 467 82 389 32 84 391 35 86 249 267 97 390 33 97 390 33 86 249 267 92 248 266 265 318 458 266 392 459 89 319 317 89 319 317 266 392 459 96 393 34 638 394 1032 267 395 460 637 397 1030 637 397 1030 267 395 460 268 396 461 637 397 1031 268 396 462 636 398 1028 636 398 1028 268 396 462 269 399 463 636 398 1029 269 399 464 635 400 1026 635 400 1026 269 399 464 270 401 465 634 402 1025 635 400 1027 271 403 467 271 403 467 635 400 1027 270 401 466 267 404 460 77 405 28 268 407 461 268 407 461 77 405 28 80 406 381 268 407 462 80 406 319 269 408 463 269 408 463 80 406 319 98 409 318 270 410 465 269 408 464 75 411 385 75 411 385 269 408 464 98 409 382 271 388 467 270 410 466 82 389 32 82 389 32 270 410 466 75 411 316 266 392 459 84 391 35 96 393 34 96 393 34 84 391 35 97 390 33 633 412 1023 634 402 1025 70 413 31 70 413 31 634 402 1025 271 403 467 655 373 1062 252 372 437 654 414 1059 654 414 1059 252 372 437 170 415 339 197 109 210 196 383 338 184 110 211 184 110 211 196 383 338 257 382 445 661 416 1071 662 361 1073 0 417 13 0 417 13 662 361 1073 247 360 430 27 418 15 26 353 16 14 419 17 14 419 17 26 353 16 242 352 424 14 419 17 16 88 307 27 418 15 27 418 15 16 88 307 22 87 306 167 70 196 166 347 364 154 71 197 154 71 197 166 347 364 237 346 415 683 337 1108 232 336 405 682 420 1105 682 420 1105 232 336 405 140 421 365 687 342 1115 681 422 1104 236 343 412 236 343 412 681 422 1104 144 423 193 144 217 193 151 216 192 236 220 412 236 220 412 151 216 192 147 221 216 7 126 10 251 125 435 11 121 9 11 121 9 251 125 435 4 122 11 251 369 435 666 368 1078 4 424 11 4 424 11 666 368 1078 660 425 1070 659 378 1067 653 426 1058 256 379 442 256 379 442 653 426 1058 174 427 207 174 301 207 181 300 206 256 302 442 256 302 442 181 300 206 177 303 238 74 317 29 81 316 27 267 404 460 267 404 460 81 316 27 77 405 28 632 428 1022 74 429 29 638 394 1032 638 394 1032 74 429 29 267 395 460 33 430 1117 705 431 1118 35 432 1119 221 433 1127 716 434 1128 220 435 1129 206 436 1141 711 437 1142 207 438 1143 128 439 1155 703 440 1156 127 441 1157 694 442 1165 224 443 1166 225 444 1167 37 446 1180 690 447 1181 36 445 1179 36 445 1179 690 447 1181 691 448 1182 698 449 1189 215 450 1190 214 451 1191 132 452 1202 688 453 1203 133 454 1204 41 455 308 40 456 166 272 458 468 272 458 468 40 456 166 273 457 470 40 456 166 39 459 40 273 457 470 273 457 470 39 459 40 274 460 471 39 459 40 38 461 41 274 460 471 274 460 471 38 461 41 275 462 472 38 461 41 37 463 228 275 462 472 275 462 472 37 463 228 276 464 474 36 465 245 277 466 476 37 463 244 37 463 244 277 466 476 276 464 473 43 467 263 278 468 478 36 465 262 36 465 262 278 468 478 277 466 475 42 469 281 279 470 480 43 467 280 43 467 280 279 470 480 278 468 477 41 455 345 272 458 469 42 469 344 42 469 344 272 458 469 279 470 479 272 458 469 281 471 484 279 470 479 279 470 479 281 471 484 280 472 481 272 458 468 273 457 470 281 471 483 281 471 483 273 457 470 282 473 485 273 457 470 274 460 471 282 473 485 282 473 485 274 460 471 283 474 486 274 460 471 275 462 472 283 474 486 283 474 486 275 462 472 284 475 487 275 462 472 276 464 474 284 475 487 284 475 487 276 464 474 285 476 489 277 466 476 286 477 491 276 464 473 276 464 473 286 477 491 285 476 488 278 468 478 287 478 493 277 466 475 277 466 475 287 478 493 286 477 490 279 470 480 280 472 482 278 468 477 278 468 477 280 472 482 287 478 492 281 471 484 289 479 497 280 472 481 280 472 481 289 479 497 288 480 494 281 471 483 282 473 485 289 479 496 289 479 496 282 473 485 290 481 498 282 473 485 283 474 486 290 481 498 290 481 498 283 474 486 291 482 499 283 474 486 284 475 487 291 482 499 291 482 499 284 475 487 292 483 500 284 475 487 285 476 489 292 483 500 292 483 500 285 476 489 293 484 502 286 477 491 294 485 504 285 476 488 285 476 488 294 485 504 293 484 501 287 478 493 295 486 506 286 477 490 286 477 490 295 486 506 294 485 503 280 472 482 288 480 495 287 478 492 287 478 492 288 480 495 295 486 505 288 480 494 289 479 497 296 488 507 296 488 507 289 479 497 297 487 510 289 479 496 290 481 498 297 487 509 297 487 509 290 481 498 298 489 511 290 481 498 291 482 499 298 489 511 298 489 511 291 482 499 299 490 512 291 482 499 292 483 500 299 490 512 299 490 512 292 483 500 300 491 513 293 484 502 301 492 515 292 483 500 292 483 500 301 492 515 300 491 513 294 485 504 302 493 517 293 484 501 293 484 501 302 493 517 301 492 514 295 486 506 303 494 519 294 485 503 294 485 503 303 494 519 302 493 516 295 486 505 288 480 495 303 494 518 303 494 518 288 480 495 296 488 508 296 488 507 297 487 510 304 496 520 304 496 520 297 487 510 305 495 523 297 487 509 298 489 511 305 495 522 305 495 522 298 489 511 306 497 524 298 489 511 299 490 512 306 497 524 306 497 524 299 490 512 307 498 525 299 490 512 300 491 513 307 498 525 307 498 525 300 491 513 308 499 526 301 492 515 309 500 528 300 491 513 300 491 513 309 500 528 308 499 526 302 493 517 310 501 530 301 492 514 301 492 514 310 501 530 309 500 527 303 494 519 311 502 532 302 493 516 302 493 516 311 502 532 310 501 529 303 494 518 296 488 508 311 502 531 311 502 531 296 488 508 304 496 521 304 496 520 305 495 523 312 504 533 312 504 533 305 495 523 313 503 536 305 495 522 306 497 524 313 503 535 313 503 535 306 497 524 314 505 537 306 497 524 307 498 525 314 505 537 314 505 537 307 498 525 315 506 538 308 499 526 316 507 539 307 498 525 307 498 525 316 507 539 315 506 538 309 500 528 317 508 541 308 499 526 308 499 526 317 508 541 316 507 539 310 501 530 318 509 543 309 500 527 309 500 527 318 509 543 317 508 540 311 502 532 319 510 545 310 501 529 310 501 529 319 510 545 318 509 542 311 502 531 304 496 521 319 510 544 319 510 544 304 496 521 312 504 534 312 504 533 313 503 536 320 512 546 320 512 546 313 503 536 321 511 549 313 503 535 314 505 537 321 511 548 321 511 548 314 505 537 322 513 550 314 505 537 315 506 538 322 513 550 322 513 550 315 506 538 323 514 551 316 507 539 324 515 552 315 506 538 315 506 538 324 515 552 323 514 551 317 508 541 325 516 554 316 507 539 316 507 539 325 516 554 324 515 552 318 509 543 326 517 556 317 508 540 317 508 540 326 517 556 325 516 553 319 510 545 327 518 558 318 509 542 318 509 542 327 518 558 326 517 555 319 510 544 312 504 534 327 518 557 327 518 557 312 504 534 320 512 547 320 512 546 321 511 549 328 520 559 328 520 559 321 511 549 329 519 562 321 511 548 322 513 550 329 519 561 329 519 561 322 513 550 330 521 563 322 513 550 323 514 551 330 521 563 330 521 563 323 514 551 331 522 564 324 515 552 332 523 565 323 514 551 323 514 551 332 523 565 331 522 564 325 516 554 333 524 567 324 515 552 324 515 552 333 524 567 332 523 565 326 517 556 334 525 569 325 516 553 325 516 553 334 525 569 333 524 566 327 518 558 335 526 571 326 517 555 326 517 555 335 526 571 334 525 568 327 518 557 320 512 547 335 526 570 335 526 570 320 512 547 328 520 560 328 520 559 329 519 562 336 528 572 336 528 572 329 519 562 337 527 575 329 519 561 330 521 563 337 527 574 337 527 574 330 521 563 338 529 576 330 521 563 331 522 564 338 529 576 338 529 576 331 522 564 339 530 577 331 522 564 332 523 565 339 530 577 339 530 577 332 523 565 340 531 578 333 524 567 341 532 580 332 523 565 332 523 565 341 532 580 340 531 578 334 525 569 342 533 582 333 524 566 333 524 566 342 533 582 341 532 579 335 526 571 343 534 584 334 525 568 334 525 568 343 534 584 342 533 581 328 520 560 336 528 573 335 526 570 335 526 570 336 528 573 343 534 583 337 527 574 338 529 576 344 536 585 344 536 585 338 529 576 345 535 587 338 529 576 339 530 577 345 535 587 345 535 587 339 530 577 346 537 588 339 530 577 340 531 578 346 537 588 346 537 588 340 531 578 347 538 589 340 531 578 341 532 580 347 538 589 347 538 589 341 532 580 348 539 591 342 533 582 349 540 593 341 532 579 341 532 579 349 540 593 348 539 590 343 534 584 350 541 595 342 533 581 342 533 581 350 541 595 349 540 592 336 528 573 351 542 597 343 534 583 343 534 583 351 542 597 350 541 594 337 527 575 344 536 586 336 528 572 336 528 572 344 536 586 351 542 596 344 536 586 353 543 601 351 542 596 351 542 596 353 543 601 352 544 598 344 536 585 345 535 587 353 543 600 353 543 600 345 535 587 354 545 602 345 535 587 346 537 588 354 545 602 354 545 602 346 537 588 355 546 603 346 537 588 347 538 589 355 546 603 355 546 603 347 538 589 356 547 604 347 538 589 348 539 591 356 547 604 356 547 604 348 539 591 357 548 606 349 540 593 358 549 608 348 539 590 348 539 590 358 549 608 357 548 605 350 541 595 359 550 610 349 540 592 349 540 592 359 550 610 358 549 607 351 542 597 352 544 599 350 541 594 350 541 594 352 544 599 359 550 609 353 543 601 361 551 614 352 544 598 352 544 598 361 551 614 360 552 611 354 545 602 362 553 615 353 543 600 353 543 600 362 553 615 361 551 613 354 545 602 355 546 603 362 553 615 362 553 615 355 546 603 363 554 616 355 546 603 356 547 604 363 554 616 363 554 616 356 547 604 364 555 617 356 547 604 357 548 606 364 555 617 364 555 617 357 548 606 365 556 619 357 548 605 358 549 608 365 556 618 365 556 618 358 549 608 366 557 621 359 550 610 367 558 623 358 549 607 358 549 607 367 558 623 366 557 620 352 544 599 360 552 612 359 550 609 359 550 609 360 552 612 367 558 622 361 551 614 369 238 627 360 552 611 360 552 611 369 238 627 368 198 624 362 553 615 370 239 628 361 551 613 361 551 613 370 239 628 369 238 626 362 553 615 363 554 616 370 239 628 370 239 628 363 554 616 371 41 629 363 554 616 364 555 617 371 41 629 371 41 629 364 555 617 372 42 630 364 555 617 365 556 619 372 42 630 372 42 630 365 556 619 373 91 632 365 556 618 366 557 621 373 91 631 373 91 631 366 557 621 374 129 634 367 558 623 375 168 636 366 557 620 366 557 620 375 168 636 374 129 633 360 552 612 368 198 625 367 558 622 367 558 622 368 198 625 375 168 635 137 560 155 138 561 137 376 559 637 376 559 637 138 561 137 377 562 638 378 563 639 377 562 638 139 564 111 139 564 111 377 562 638 138 561 137 378 563 639 139 564 111 379 565 641 379 565 641 139 564 111 132 566 112 379 565 640 132 566 83 380 567 642 380 567 642 132 566 83 133 568 63 134 569 212 381 570 644 133 568 63 133 568 63 381 570 644 380 567 642 135 571 388 382 572 646 134 569 387 134 569 387 382 572 646 381 570 643 383 574 648 382 572 645 136 573 324 136 573 324 382 572 645 135 571 323 376 559 637 383 574 647 137 560 155 137 560 155 383 574 647 136 573 355 383 574 647 376 559 637 384 576 649 384 576 649 376 559 637 385 575 651 386 577 652 385 575 651 377 562 638 377 562 638 385 575 651 376 559 637 387 578 653 386 577 652 378 563 639 378 563 639 386 577 652 377 562 638 387 578 653 378 563 639 388 579 655 388 579 655 378 563 639 379 565 641 388 579 654 379 565 640 389 580 656 389 580 656 379 565 640 380 567 642 381 570 644 390 581 658 380 567 642 380 567 642 390 581 658 389 580 656 382 572 646 391 582 660 381 570 643 381 570 643 391 582 660 390 581 657 384 576 650 391 582 659 383 574 648 383 574 648 391 582 659 382 572 645 392 583 661 385 575 651 393 584 662 393 584 662 385 575 651 386 577 652 393 584 662 386 577 652 394 585 663 394 585 663 386 577 652 387 578 653 394 585 663 387 578 653 395 586 665 395 586 665 387 578 653 388 579 655 395 586 664 388 579 654 396 587 666 396 587 666 388 579 654 389 580 656 397 588 668 396 587 666 390 581 658 390 581 658 396 587 666 389 580 656 398 589 670 397 588 667 391 582 660 391 582 660 397 588 667 390 581 657 391 582 659 384 576 650 398 589 669 398 589 669 384 576 650 399 590 672 384 576 649 385 575 651 399 590 671 399 590 671 385 575 651 392 583 661 399 590 671 392 583 661 400 592 673 400 592 673 392 583 661 401 591 675 402 593 676 401 591 675 393 584 662 393 584 662 401 591 675 392 583 661 402 593 676 393 584 662 403 594 677 403 594 677 393 584 662 394 585 663 403 594 677 394 585 663 404 595 679 404 595 679 394 585 663 395 586 665 404 595 678 395 586 664 405 596 680 405 596 680 395 586 664 396 587 666 397 588 668 406 597 682 396 587 666 396 587 666 406 597 682 405 596 680 407 598 684 406 597 681 398 589 670 398 589 670 406 597 681 397 588 667 398 589 669 399 590 672 407 598 683 407 598 683 399 590 672 400 592 674 400 592 673 401 591 675 408 600 685 408 600 685 401 591 675 409 599 687 410 601 688 409 599 687 402 593 676 402 593 676 409 599 687 401 591 675 410 601 688 402 593 676 411 602 689 411 602 689 402 593 676 403 594 677 411 602 689 403 594 677 412 603 691 412 603 691 403 594 677 404 595 679 412 603 690 404 595 678 413 604 692 413 604 692 404 595 678 405 596 680 406 597 682 414 605 694 405 596 680 405 596 680 414 605 694 413 604 692 415 606 696 414 605 693 407 598 684 407 598 684 414 605 693 406 597 681 407 598 683 400 592 674 415 606 695 415 606 695 400 592 674 408 600 686 409 599 687 410 601 688 416 607 697 416 607 697 410 601 688 417 608 698 417 608 698 410 601 688 418 609 699 418 609 699 410 601 688 411 602 689 418 609 699 411 602 689 419 610 701 419 610 701 411 602 689 412 603 691 419 610 700 412 603 690 420 611 702 420 611 702 412 603 690 413 604 692 414 605 694 421 612 704 413 604 692 413 604 692 421 612 704 420 611 702 422 613 706 421 612 703 415 606 696 415 606 696 421 612 703 414 605 693 415 606 695 408 600 686 422 613 705 422 613 705 408 600 686 423 614 708 408 600 685 409 599 687 423 614 707 423 614 707 409 599 687 416 607 697 416 607 697 417 608 698 424 615 709 424 615 709 417 608 698 425 616 710 426 617 711 425 616 710 418 609 699 418 609 699 425 616 710 417 608 698 426 617 711 418 609 699 427 618 713 427 618 713 418 609 699 419 610 701 427 618 712 419 610 700 428 619 714 428 619 714 419 610 700 420 611 702 421 612 704 429 620 716 420 611 702 420 611 702 429 620 716 428 619 714 422 613 706 430 621 718 421 612 703 421 612 703 430 621 718 429 620 715 422 613 705 423 614 708 430 621 717 430 621 717 423 614 708 431 622 720 423 614 707 416 607 697 431 622 719 431 622 719 416 607 697 424 615 709 424 615 709 425 616 710 432 623 721 432 623 721 425 616 710 433 624 722 434 625 723 433 624 722 426 617 711 426 617 711 433 624 722 425 616 710 434 625 723 426 617 711 435 626 725 435 626 725 426 617 711 427 618 713 435 626 724 427 618 712 436 627 726 436 627 726 427 618 712 428 619 714 429 620 716 437 628 728 428 619 714 428 619 714 437 628 728 436 627 726 430 621 718 438 629 730 429 620 715 429 620 715 438 629 730 437 628 727 430 621 717 431 622 720 438 629 729 438 629 729 431 622 720 439 630 732 431 622 719 424 615 709 439 630 731 439 630 731 424 615 709 432 623 721 432 623 721 433 624 722 440 631 733 440 631 733 433 624 722 441 632 734 441 632 734 433 624 722 442 633 735 442 633 735 433 624 722 434 625 723 442 633 735 434 625 723 443 634 737 443 634 737 434 625 723 435 626 725 443 634 736 435 626 724 444 635 738 444 635 738 435 626 724 436 627 726 437 628 728 445 636 740 436 627 726 436 627 726 445 636 740 444 635 738 446 637 742 445 636 739 438 629 730 438 629 730 445 636 739 437 628 727 438 629 729 439 630 732 446 637 741 446 637 741 439 630 732 447 638 744 439 630 731 432 623 721 447 638 743 447 638 743 432 623 721 440 631 733 448 639 745 440 631 733 449 640 746 449 640 746 440 631 733 441 632 734 449 640 746 441 632 734 450 641 747 450 641 747 441 632 734 442 633 735 450 641 747 442 633 735 451 642 749 451 642 749 442 633 735 443 634 737 451 642 748 443 634 736 452 643 750 452 643 750 443 634 736 444 635 738 453 644 752 452 643 750 445 636 740 445 636 740 452 643 750 444 635 738 454 645 754 453 644 751 446 637 742 446 637 742 453 644 751 445 636 739 446 637 741 447 638 744 454 645 753 454 645 753 447 638 744 455 646 756 447 638 743 440 631 733 455 646 755 455 646 755 440 631 733 448 639 745 456 647 757 448 639 745 457 648 758 457 648 758 448 639 745 449 640 746 457 648 758 449 640 746 458 649 759 458 649 759 449 640 746 450 641 747 458 649 759 450 641 747 459 650 761 459 650 761 450 641 747 451 642 749 459 650 760 451 642 748 460 651 762 460 651 762 451 642 748 452 643 750 453 644 752 461 652 764 452 643 750 452 643 750 461 652 764 460 651 762 462 653 766 461 652 763 454 645 754 454 645 754 461 652 763 453 644 751 454 645 753 455 646 756 462 653 765 462 653 765 455 646 756 463 654 768 455 646 755 448 639 745 463 654 767 463 654 767 448 639 745 456 647 757 463 654 767 456 647 757 464 656 769 464 656 769 456 647 757 465 655 771 465 655 771 456 647 757 466 657 772 466 657 772 456 647 757 457 648 758 466 657 772 457 648 758 467 658 773 467 658 773 457 648 758 458 649 759 467 658 773 458 649 759 468 659 775 468 659 775 458 649 759 459 650 761 468 659 774 459 650 760 469 660 776 469 660 776 459 650 760 460 651 762 470 661 778 469 660 776 461 652 764 461 652 764 469 660 776 460 651 762 471 662 780 470 661 777 462 653 766 462 653 766 470 661 777 461 652 763 462 653 765 463 654 768 471 662 779 471 662 779 463 654 768 464 656 770 472 215 781 465 655 771 473 177 782 473 177 782 465 655 771 466 657 772 473 177 782 466 657 772 474 147 783 474 147 783 466 657 772 467 658 773 474 147 783 467 658 773 475 102 785 475 102 785 467 658 773 468 659 775 475 102 784 468 659 774 476 68 786 476 68 786 468 659 774 469 660 776 477 65 788 476 68 786 470 661 778 470 661 778 476 68 786 469 660 776 478 262 790 477 65 787 471 662 780 471 662 780 477 65 787 470 661 777 471 662 779 464 656 770 478 262 789 478 262 789 464 656 770 479 263 792 464 656 769 465 655 771 479 263 791 479 263 791 465 655 771 472 215 781 480 663 793 571 664 937 481 666 794 481 666 794 571 664 937 572 665 938 573 667 939 482 668 795 572 670 938 572 670 938 482 668 795 481 669 794 482 672 795 573 673 939 483 671 796 483 671 796 573 673 939 574 674 940 575 675 942 484 676 798 574 678 940 574 678 940 484 676 798 483 677 796 485 679 799 484 680 797 568 682 934 568 682 934 484 680 797 575 681 941 486 684 800 485 685 799 569 683 935 569 683 935 485 685 799 568 686 934 487 687 801 486 688 800 570 690 936 570 690 936 486 688 800 569 689 935 570 691 936 571 692 937 487 694 801 487 694 801 571 692 937 480 693 793 587 696 962 588 697 963 488 695 802 488 695 802 588 697 963 489 698 803 490 700 804 489 701 803 589 699 964 589 699 964 489 701 803 588 702 963 490 704 804 589 705 964 491 703 805 491 703 805 589 705 964 590 706 965 591 707 967 492 708 807 590 710 965 590 710 965 492 708 807 491 709 805 492 712 806 591 713 966 493 711 808 493 711 808 591 713 966 584 714 959 585 715 960 494 716 809 584 718 959 584 718 959 494 716 809 493 717 808 495 719 810 494 720 809 586 722 961 586 722 961 494 720 809 585 721 960 586 723 961 587 724 962 495 726 810 495 726 810 587 724 962 488 725 802 496 727 811 602 728 986 497 730 812 497 730 812 602 728 986 603 729 987 604 731 988 498 732 813 603 734 987 603 734 987 498 732 813 497 733 812 498 736 813 604 737 988 499 735 814 499 735 814 604 737 988 605 738 989 606 739 991 500 740 816 605 742 989 605 742 989 500 740 816 499 741 814 500 744 815 606 745 990 501 743 817 501 743 817 606 745 990 607 746 992 607 747 992 600 748 984 501 750 817 501 750 817 600 748 984 502 749 818 503 751 819 502 752 818 601 754 985 601 754 985 502 752 818 600 753 984 601 755 985 602 756 986 503 758 819 503 758 819 602 756 986 496 757 811 213 760 142 210 761 123 504 759 820 504 759 820 210 761 123 505 762 821 506 764 822 505 765 821 211 763 120 211 763 120 505 765 821 210 766 123 507 767 823 506 768 822 208 770 93 208 770 93 506 768 822 211 769 120 209 771 90 508 772 825 208 774 93 208 774 93 508 772 825 507 773 823 508 776 824 209 777 164 509 775 826 509 775 826 209 777 164 214 778 73 215 779 70 510 780 827 214 782 73 214 782 73 510 780 827 509 781 826 511 783 828 510 784 827 212 786 145 212 786 145 510 784 827 215 785 70 504 788 820 511 789 828 213 787 142 213 787 142 511 789 828 212 790 145 228 791 341 231 792 340 512 794 829 512 794 829 231 792 340 513 793 832 231 795 224 230 796 225 513 798 831 513 798 831 230 796 225 514 797 834 230 799 303 225 800 302 514 802 833 514 802 833 225 800 302 515 801 836 224 804 243 516 805 838 225 803 242 225 803 242 516 805 838 515 806 835 227 808 400 517 809 840 224 807 401 224 807 401 517 809 840 516 810 837 226 812 261 518 813 842 227 811 260 227 811 260 518 813 842 517 814 839 229 816 372 519 817 844 226 815 373 226 815 373 519 817 844 518 818 841 229 819 278 228 820 279 519 822 843 519 822 843 228 820 279 512 821 830 599 823 982 592 824 969 520 826 845 520 826 845 592 824 969 521 825 848 592 827 968 593 828 971 521 830 847 521 830 847 593 828 971 522 829 850 593 831 970 594 832 973 522 834 849 522 834 849 594 832 973 523 833 852 595 836 975 524 837 854 594 835 972 594 835 972 524 837 854 523 838 851 596 840 977 525 841 856 595 839 974 595 839 974 525 841 856 524 842 853 597 844 979 526 845 858 596 843 976 596 843 976 526 845 858 525 846 855 598 848 981 527 849 860 597 847 978 597 847 978 527 849 860 526 850 857 598 851 980 599 852 983 527 854 859 527 854 859 599 852 983 520 853 846 583 855 957 576 856 944 528 858 861 528 858 861 576 856 944 529 857 864 576 859 943 577 860 946 529 862 863 529 862 863 577 860 946 530 861 866 577 863 945 578 864 948 530 866 865 530 866 865 578 864 948 531 865 868 579 868 950 532 869 870 578 867 947 578 867 947 532 869 870 531 870 867 580 872 952 533 873 872 579 871 949 579 871 949 533 873 872 532 874 869 581 876 954 534 877 874 580 875 951 580 875 951 534 877 874 533 878 871 582 880 956 535 881 876 581 879 953 581 879 953 535 881 876 534 882 873 582 883 955 583 884 958 535 886 875 535 886 875 583 884 958 528 885 862 560 888 919 537 889 880 567 887 932 567 887 932 537 889 880 536 890 877 560 891 918 561 892 921 537 894 879 537 894 879 561 892 921 538 893 882 561 895 920 562 896 923 538 898 881 538 898 881 562 896 923 539 897 884 562 899 922 563 900 925 539 902 883 539 902 883 563 900 925 540 901 886 563 903 924 564 904 927 540 906 885 540 906 885 564 904 927 541 905 888 565 908 929 542 909 890 564 907 926 564 907 926 542 909 890 541 910 887 566 912 931 543 913 892 565 911 928 565 911 928 543 913 892 542 914 889 567 916 933 536 917 878 566 915 930 566 915 930 536 917 878 543 918 891 537 889 880 545 309 896 536 890 877 536 890 877 545 309 896 544 308 893 538 893 882 546 193 898 537 894 879 537 894 879 546 193 898 545 192 895 538 898 881 539 897 884 546 284 897 546 284 897 539 897 884 547 285 900 539 902 883 540 901 886 547 83 899 547 83 899 540 901 886 548 84 902 540 906 885 541 905 888 548 234 901 548 234 901 541 905 888 549 235 904 542 920 890 550 921 906 541 919 887 541 919 887 550 921 906 549 922 903 543 913 892 551 331 908 542 914 889 542 914 889 551 331 908 550 330 905 536 917 878 544 159 894 543 918 891 543 918 891 544 159 894 551 158 907 553 79 910 552 82 909 486 684 800 486 684 800 552 82 909 485 685 799 554 282 911 553 281 910 487 687 801 487 687 801 553 281 910 486 688 800 480 693 793 555 189 912 487 694 801 487 694 801 555 189 912 554 188 911 555 305 912 480 663 793 556 306 913 556 306 913 480 663 793 481 666 794 482 668 795 557 154 914 481 669 794 481 669 794 557 154 914 556 157 913 557 327 914 482 672 795 558 328 915 558 328 915 482 672 795 483 671 796 559 924 917 558 925 915 484 923 798 484 923 798 558 925 915 483 926 796 552 232 909 559 231 916 485 679 799 485 679 799 559 231 916 484 680 797 529 862 863 530 861 866 560 891 918 560 891 918 530 861 866 561 892 921 530 866 865 531 865 868 561 895 920 561 895 920 531 865 868 562 896 923 531 870 867 532 869 870 562 899 922 562 899 922 532 869 870 563 900 925 532 874 869 533 873 872 563 903 924 563 903 924 533 873 872 564 904 927 534 928 874 565 929 929 533 927 871 533 927 871 565 929 929 564 930 926 535 881 876 566 912 931 534 882 873 534 882 873 566 912 931 565 911 928 528 885 862 567 916 933 535 886 875 535 886 875 567 916 933 566 915 930 529 857 864 560 888 919 528 858 861 528 858 861 560 888 919 567 887 932 569 683 935 568 686 934 494 716 809 494 716 809 568 686 934 493 717 808 570 690 936 569 689 935 495 719 810 495 719 810 569 689 935 494 720 809 495 726 810 488 725 802 570 691 936 570 691 936 488 725 802 571 692 937 571 664 937 488 695 802 572 665 938 572 665 938 488 695 802 489 698 803 490 700 804 573 667 939 489 701 803 489 701 803 573 667 939 572 670 938 573 673 939 490 704 804 574 674 940 574 674 940 490 704 804 491 703 805 492 931 807 575 932 942 491 934 805 491 934 805 575 932 942 574 933 940 568 682 934 575 681 941 493 711 808 493 711 808 575 681 941 492 712 806 520 826 845 521 825 848 576 859 943 576 859 943 521 825 848 577 860 946 521 830 847 522 829 850 577 863 945 577 863 945 522 829 850 578 864 948 522 834 849 523 833 852 578 867 947 578 867 947 523 833 852 579 868 950 524 837 854 580 872 952 523 838 851 523 838 851 580 872 952 579 871 949 525 936 856 581 937 954 524 935 853 524 935 853 581 937 954 580 938 951 526 845 858 582 880 956 525 846 855 525 846 855 582 880 956 581 879 953 527 849 860 583 884 958 526 850 857 526 850 857 583 884 958 582 883 955 527 854 859 520 853 846 583 855 957 583 855 957 520 853 846 576 856 944 585 715 960 584 718 959 502 749 818 502 749 818 584 718 959 501 750 817 586 722 961 585 721 960 503 751 819 503 751 819 585 721 960 502 752 818 503 758 819 496 757 811 586 723 961 586 723 961 496 757 811 587 724 962 588 697 963 587 696 962 497 730 812 497 730 812 587 696 962 496 727 811 498 732 813 589 699 964 497 733 812 497 733 812 589 699 964 588 702 963 589 705 964 498 736 813 590 706 965 590 706 965 498 736 813 499 735 814 500 939 816 591 940 967 499 942 814 499 942 814 591 940 967 590 941 965 591 713 966 500 744 815 584 714 959 584 714 959 500 744 815 501 743 817 512 794 829 513 793 832 592 827 968 592 827 968 513 793 832 593 828 971 513 798 831 514 797 834 593 831 970 593 831 970 514 797 834 594 832 973 514 802 833 515 801 836 594 835 972 594 835 972 515 801 836 595 836 975 516 944 838 596 945 977 515 943 835 515 943 835 596 945 977 595 946 974 517 809 840 597 844 979 516 810 837 516 810 837 597 844 979 596 843 976 518 813 842 598 848 981 517 814 839 517 814 839 598 848 981 597 847 978 519 817 844 599 852 983 518 818 841 518 818 841 599 852 983 598 851 980 519 822 843 512 821 830 599 823 982 599 823 982 512 821 830 592 824 969 601 754 985 600 753 984 511 783 828 511 783 828 600 753 984 510 784 827 511 789 828 504 788 820 601 755 985 601 755 985 504 788 820 602 756 986 603 729 987 602 728 986 505 762 821 505 762 821 602 728 986 504 759 820 604 731 988 603 734 987 506 764 822 506 764 822 603 734 987 505 765 821 605 738 989 604 737 988 507 767 823 507 767 823 604 737 988 506 768 822 606 948 991 605 949 989 508 947 825 508 947 825 605 949 989 507 950 823 606 745 990 508 776 824 607 746 992 607 746 992 508 776 824 509 775 826 510 780 827 600 748 984 509 781 826 509 781 826 600 748 984 607 747 992 52 951 44 53 952 45 608 46 993 608 46 993 53 952 45 609 47 995 610 243 996 609 47 994 54 953 168 54 953 168 609 47 994 53 952 182 610 243 996 54 953 168 611 244 997 611 244 997 54 953 168 55 954 169 611 244 997 55 954 169 612 132 998 612 132 998 55 954 169 50 955 98 612 132 998 50 955 98 613 94 999 613 94 999 50 955 98 51 956 76 608 46 993 613 94 999 52 951 44 52 951 44 613 94 999 51 956 76 110 957 80 109 958 104 614 99 1000 614 99 1000 109 958 104 615 140 1002 108 959 130 616 172 1003 109 958 132 109 958 132 616 172 1003 615 140 1001 107 960 150 617 210 1004 108 959 130 108 959 130 617 210 1004 616 172 1003 106 961 60 618 61 1005 107 960 150 107 960 150 618 61 1005 617 210 1004 106 961 60 111 962 58 618 61 1005 618 61 1005 111 962 58 619 62 1006 111 962 58 110 957 80 619 62 1006 619 62 1006 110 957 80 614 99 1000 63 963 128 64 964 100 620 171 1007 620 171 1007 64 964 100 621 134 1008 622 96 1010 621 134 1008 65 965 101 65 965 101 621 134 1008 64 964 100 622 96 1009 65 965 78 623 50 1011 623 50 1011 65 965 78 66 966 48 623 50 1011 66 966 48 624 51 1012 624 51 1012 66 966 48 67 967 49 624 51 1012 67 967 49 625 201 1013 625 201 1013 67 967 49 62 968 148 620 171 1007 625 201 1013 63 963 128 63 963 128 625 201 1013 62 968 148 121 970 152 627 212 1016 122 969 134 122 969 134 627 212 1016 626 174 1014 121 970 178 120 971 174 627 212 1015 627 212 1015 120 971 174 628 258 1017 120 971 174 119 972 172 628 258 1017 628 258 1017 119 972 172 629 259 1018 119 972 172 118 973 108 629 259 1018 629 259 1018 118 973 108 630 142 1019 123 974 106 631 143 1020 118 973 108 118 973 108 631 143 1020 630 142 1019 122 969 134 626 174 1014 123 974 106 123 974 106 626 174 1014 631 143 1020 633 976 1024 632 977 1021 640 975 1036 640 975 1036 632 977 1021 639 978 1033 641 980 1037 634 981 1025 640 979 1035 640 979 1035 634 981 1025 633 982 1023 642 983 1039 635 984 1027 641 980 1037 641 980 1037 635 984 1027 634 981 1025 643 985 1041 636 986 1029 642 983 1038 642 983 1038 636 986 1029 635 984 1026 644 988 1043 637 989 1031 643 987 1040 643 987 1040 637 989 1031 636 990 1028 645 991 1044 638 992 1032 644 988 1042 644 988 1042 638 992 1032 637 989 1030 645 991 1044 639 993 1034 638 992 1032 638 992 1032 639 993 1034 632 994 1022 640 996 1036 639 997 1033 84 995 287 84 995 287 639 997 1033 88 998 284 84 999 35 266 1000 459 640 1002 1035 640 1002 1035 266 1000 459 641 1001 1037 266 1000 459 265 1003 458 641 1001 1037 641 1001 1037 265 1003 458 642 1004 1039 265 1003 457 264 1005 456 642 1004 1038 642 1004 1038 264 1005 456 643 1006 1041 263 1007 454 644 1008 1043 264 1005 455 264 1005 455 644 1008 1043 643 1006 1040 262 1009 452 645 1010 1044 263 1007 453 263 1007 453 645 1010 1044 644 1008 1042 88 1011 25 639 1012 1034 262 1009 452 262 1009 452 639 1012 1034 645 1010 1044 188 1014 114 184 1015 115 646 1013 1045 646 1013 1045 184 1015 115 647 1016 1048 257 1018 445 648 1019 1050 184 1017 211 184 1017 211 648 1019 1050 647 1020 1047 258 1021 446 649 1022 1051 257 1018 444 257 1018 444 649 1022 1051 648 1019 1049 259 1023 448 650 1024 1053 258 1021 446 258 1021 446 650 1024 1053 649 1022 1051 651 1025 1054 650 1024 1052 260 1026 449 260 1026 449 650 1024 1052 259 1023 447 652 1028 1056 651 1025 1054 261 1027 451 261 1027 451 651 1025 1054 260 1026 449 261 1027 450 188 1029 239 652 1028 1055 652 1028 1055 188 1029 239 646 1030 1046 653 1031 1057 646 1032 1045 654 1034 1060 654 1034 1060 646 1032 1045 647 1033 1048 648 1036 1050 655 1037 1062 647 1035 1047 647 1035 1047 655 1037 1062 654 1038 1059 649 1039 1051 656 1040 1063 648 1036 1049 648 1036 1049 656 1040 1063 655 1037 1061 650 1041 1053 657 1042 1065 649 1039 1051 649 1039 1051 657 1042 1065 656 1040 1063 658 1043 1066 657 1042 1064 651 1044 1054 651 1044 1054 657 1042 1064 650 1041 1052 659 1046 1068 658 1043 1066 652 1045 1056 652 1045 1056 658 1043 1066 651 1044 1054 652 1045 1055 646 1047 1046 659 1046 1067 659 1046 1067 646 1047 1046 653 1048 1058 668 1049 1082 661 1050 1072 667 1052 1079 667 1052 1079 661 1050 1072 660 1051 1069 669 1054 1083 662 1055 1073 668 1053 1081 668 1053 1081 662 1055 1073 661 1056 1071 663 1057 1074 662 1055 1073 670 1058 1084 670 1058 1084 662 1055 1073 669 1054 1083 664 1060 1076 663 1057 1074 671 1059 1086 671 1059 1086 663 1057 1074 670 1058 1084 671 1059 1085 672 1061 1087 664 1060 1075 664 1060 1075 672 1061 1087 665 1062 1077 666 1064 1078 665 1062 1077 673 1063 1088 673 1063 1088 665 1062 1077 672 1061 1087 660 1065 1070 666 1064 1078 667 1066 1080 667 1066 1080 666 1064 1078 673 1063 1088 14 1067 379 668 1068 1082 18 1070 376 18 1070 376 668 1068 1082 667 1069 1079 14 1071 17 242 1072 424 668 1074 1081 668 1074 1081 242 1072 424 669 1073 1083 670 1075 1084 669 1073 1083 243 1076 425 243 1076 425 669 1073 1083 242 1072 424 671 1078 1086 670 1075 1084 244 1077 427 244 1077 427 670 1075 1084 243 1076 425 245 1079 428 672 1080 1087 244 1077 426 244 1077 426 672 1080 1087 671 1078 1085 246 1081 429 673 1082 1088 245 1079 428 245 1079 428 673 1082 1088 672 1080 1087 673 1082 1088 246 1081 429 667 1083 1080 667 1083 1080 246 1081 429 18 1084 7 158 1086 217 675 1087 1092 241 1085 422 241 1085 422 675 1087 1092 674 1088 1089 676 1089 1094 675 1090 1091 154 1092 85 154 1092 85 675 1090 1091 158 1091 84 154 1093 197 237 1094 415 676 1096 1093 676 1096 1093 237 1094 415 677 1095 1096 238 1097 417 678 1098 1098 237 1094 414 237 1094 414 678 1098 1098 677 1095 1095 239 1099 419 679 1100 1100 238 1097 416 238 1097 416 679 1100 1100 678 1098 1097 240 1101 421 680 1102 1102 239 1099 418 239 1099 418 680 1102 1102 679 1100 1099 241 1085 423 674 1088 1090 240 1101 420 240 1101 420 674 1088 1090 680 1102 1101 675 1104 1091 676 1105 1094 681 1103 1103 681 1103 1103 676 1105 1094 682 1106 1106 677 1108 1096 683 1109 1108 676 1107 1093 676 1107 1093 683 1109 1108 682 1110 1105 678 1111 1098 684 1112 1110 677 1108 1095 677 1108 1095 684 1112 1110 683 1109 1107 679 1113 1100 685 1114 1112 678 1111 1097 678 1111 1097 685 1114 1112 684 1112 1109 679 1113 1099 680 1115 1102 685 1114 1111 685 1114 1111 680 1115 1102 686 1116 1114 680 1115 1101 674 1117 1090 686 1116 1113 686 1116 1113 674 1117 1090 687 1118 1116 674 1117 1089 675 1119 1092 687 1118 1115 687 1118 1115 675 1119 1092 681 1120 1104 227 1121 1171 695 1122 1174 226 1123 1176 697 1124 1168 224 1125 1166 694 1126 1165 698 1127 1189 700 1128 1192 215 1129 1190 213 1130 1199 699 1131 1197 210 1132 1201 689 1133 1206 139 1134 1205 138 1135 1208 689 1136 1206 137 1137 1211 136 1138 1209 134 1139 1207 688 1140 1203 135 1141 1210 133 1142 1204 688 1143 1203 134 1144 1207 688 1145 1203 689 1146 1206 135 1148 1210 135 1148 1210 689 1146 1206 136 1147 1209 132 1149 1202 139 1150 1205 688 1152 1203 688 1152 1203 139 1150 1205 689 1151 1206 689 1153 1206 138 1154 1208 137 1155 1211 690 1156 1181 37 1157 1180 38 1158 1183 40 1159 1184 690 1160 1181 39 1161 1187 690 1163 1181 40 1164 1184 691 1162 1182 691 1162 1182 40 1164 1184 41 1165 1185 42 1166 1188 691 1167 1182 41 1168 1185 43 1169 1186 691 1170 1182 42 1171 1188 36 1172 1179 691 1173 1182 43 1174 1186 690 1175 1181 38 1176 1183 39 1177 1187 231 1178 1173 692 1179 1169 230 1180 1170 693 1181 1175 696 1182 1172 228 1183 1177 226 1184 1176 693 1185 1175 229 1186 1178 694 1188 1165 225 1189 1167 692 1187 1169 692 1187 1169 225 1189 1167 230 1190 1170 697 1191 1168 694 1192 1165 696 1193 1172 226 1194 1176 695 1195 1174 693 1196 1175 696 1197 1172 694 1198 1165 692 1199 1169 231 1200 1173 696 1201 1172 692 1202 1169 228 1203 1177 696 1204 1172 231 1205 1173 697 1207 1168 696 1208 1172 695 1206 1174 695 1206 1174 696 1208 1172 693 1209 1175 227 1210 1171 224 1211 1166 697 1212 1168 227 1213 1171 697 1214 1168 695 1215 1174 208 1216 1198 701 1217 1193 209 1218 1195 208 1219 1198 702 1220 1196 701 1221 1193 210 1222 1201 699 1223 1197 211 1224 1200 699 1225 1197 702 1226 1196 211 1227 1200 212 1228 1194 700 1229 1192 699 1230 1197 212 1231 1194 699 1232 1197 213 1233 1199 215 1234 1190 700 1235 1192 212 1236 1194 701 1237 1193 700 1238 1192 698 1239 1189 214 1240 1191 701 1241 1193 698 1242 1189 208 1243 1198 211 1244 1200 702 1245 1196 701 1246 1193 702 1247 1196 700 1248 1192 700 1249 1192 702 1250 1196 699 1251 1197 704 1252 1159 129 1253 1158 130 1254 1162 127 1255 1157 703 1256 1156 126 1258 1161 126 1258 1161 703 1256 1156 125 1257 1160 129 1260 1158 704 1261 1159 128 1259 1155 128 1259 1155 704 1261 1159 703 1262 1156 125 1263 1160 703 1264 1156 124 1265 1163 124 1266 1163 704 1267 1159 131 1268 1164 703 1269 1156 704 1270 1159 124 1271 1163 704 1272 1159 130 1273 1162 131 1274 1164 35 1275 1119 705 1276 1118 28 1277 1122 33 1278 1117 35 1279 1119 34 1280 1123 32 1281 1120 31 1282 1124 706 1283 1121 30 1284 1126 706 1285 1121 31 1286 1124 28 1287 1122 705 1288 1118 29 1289 1125 705 1291 1118 706 1292 1121 29 1290 1125 29 1290 1125 706 1292 1121 30 1293 1126 32 1294 1120 706 1295 1121 33 1297 1117 33 1297 1117 706 1295 1121 705 1296 1118 714 1298 1138 216 1299 1140 217 1300 1139 221 1301 1127 715 1302 1130 716 1303 1128 707 1304 1148 205 1305 1144 204 1306 1151 205 1308 1144 712 1309 1145 206 1307 1141 206 1307 1141 712 1309 1145 711 1310 1142 709 1311 1152 707 1312 1148 203 1314 1153 203 1314 1153 707 1312 1148 204 1313 1151 710 1315 1149 707 1316 1148 709 1317 1152 200 1318 1147 708 1319 1146 201 1320 1150 202 1321 1154 709 1322 1152 203 1323 1153 201 1324 1150 710 1325 1149 202 1326 1154 711 1327 1142 712 1328 1145 708 1329 1146 711 1331 1142 708 1332 1146 207 1330 1143 207 1330 1143 708 1332 1146 200 1333 1147 205 1335 1144 707 1336 1148 712 1334 1145 712 1334 1145 707 1336 1148 710 1337 1149 708 1338 1146 712 1339 1145 710 1340 1149 202 1341 1154 710 1342 1149 709 1343 1152 708 1344 1146 710 1345 1149 201 1346 1150 714 1347 1138 217 1348 1139 718 1349 1136 219 1350 1132 713 1351 1131 218 1352 1134 222 1353 1133 717 1354 1135 715 1355 1130 715 1356 1130 718 1357 1136 713 1358 1131 716 1359 1128 715 1360 1130 713 1361 1131 716 1363 1128 713 1364 1131 220 1362 1129 220 1362 1129 713 1364 1131 219 1365 1132 222 1366 1133 715 1367 1130 221 1368 1127 222 1369 1133 223 1370 1137 717 1371 1135 223 1373 1137 216 1374 1140 717 1372 1135 717 1372 1135 216 1374 1140 714 1375 1138 715 1376 1130 717 1377 1135 714 1378 1138 718 1379 1136 217 1380 1139 218 1381 1134 713 1382 1131 718 1383 1136 218 1384 1134 715 1385 1130 714 1386 1138 718 1387 1136 209 1388 1195 701 1389 1193 214 1390 1191 229 1391 1178 693 1392 1175 228 1393 1177</p>
        </triangles>
      </mesh>
      <extra>
        <technique profile="OpenCOLLADAMaya">
          <originalMayaNodeId>ladder_long_pplant</originalMayaNodeId>
          <double_sided>1</double_sided>
        </technique>
      </extra>
    </geometry>
  </library_geometries>
  <library_visual_scenes>
    <visual_scene id="VisualSceneNode" name="plant_ladder_long_broken">
      <node id="Geometry-mesh025Node" name="ladder_long_pplant" type="NODE">
        <translate sid="translate">0 0 0</translate>
        <rotate sid="rotateY">0 1 0 0</rotate>
        <rotate sid="rotateX">1 0 0 0</rotate>
        <rotate sid="rotateZ">0 0 1 0</rotate>
        <scale sid="scale">1 1 1</scale>
        <instance_geometry url="#Geometry-mesh025">
          <bind_material>
            <technique_common>
              <instance_material symbol="lambert2SG" target="#lambert2">
                <bind_vertex_input semantic="TEX0" input_semantic="TEXCOORD" input_set="0"/>
              </instance_material>
            </technique_common>
          </bind_material>
        </instance_geometry>
        <extra>
          <technique profile="OpenCOLLADAMaya">
            <originalMayaNodeId>ladder_long_pplant</originalMayaNodeId>
          </technique>
        </extra>
      </node>
    </visual_scene>
  </library_visual_scenes>
  <scene>
    <instance_visual_scene url="#VisualSceneNode"/>
  </scene>
</COLLADA>