<?xml version="1.0" encoding="utf-8"?>
<COLLADA xmlns="http://www.collada.org/2005/11/COLLADASchema" version="1.4.1">
  <asset>
    <contributor>
      <author>Marc</author>
      <authoring_tool>OpenCOLLADA2008</authoring_tool>
      <comments>
			ColladaMaya export options: 
			bakeTransforms=1;relativePaths=0;copyTextures=0;exportTriangles=1;exportCgfxFileReferences=0;
			isSampling=1;curveConstrainSampling=0;removeStaticCurves=0;exportPolygonMeshes=1;exportLights=0;
			exportCameras=0;exportJointsAndSkin=1;exportAnimations=1;exportInvisibleNodes=0;exportDefaultCameras=0;
			exportTexCoords=1;exportNormals=1;exportNormalsPerVertex=0;exportVertexColors=0;exportVertexColorsPerVertex=0;
			exportTexTangents=0;exportTangents=0;exportReferencedMaterials=0;exportMaterialsOnly=0;
			exportXRefs=0;dereferenceXRefs=0;exportCameraAsLookat=0;cameraXFov=0;cameraYFov=1;doublePrecision=0
		</comments>
      <source_data>file:///H:/Dropbox%20(Frictional%20Games)/Team/depth_marc/models/entities/glass_shards/glass_shards.mb</source_data>
    </contributor>
    <created>2014-11-10T18:47:21</created>
    <modified>2014-11-10T18:47:21</modified>
    <unit name="meter" meter="1"/>
    <up_axis>Y_UP</up_axis>
  </asset>
  <library_materials>
    <material id="Material__25" name="glass_shard01_glass_material_Material__25">
      <instance_effect url="#Material__25-fx"/>
    </material>
  </library_materials>
  <library_effects>
    <effect id="Material__25-fx">
      <profile_COMMON>
        <newparam sid="file1-surface">
          <surface type="2D">
            <init_from>file1</init_from>
          </surface>
        </newparam>
        <newparam sid="file1-sampler">
          <sampler2D>
            <source>file1-surface</source>
          </sampler2D>
        </newparam>
        <newparam sid="file1_1-surface">
          <surface type="2D">
            <init_from>file1_1</init_from>
          </surface>
        </newparam>
        <newparam sid="file1_1-sampler">
          <sampler2D>
            <source>file1_1-surface</source>
          </sampler2D>
        </newparam>
        <technique sid="common">
          <phong>
            <emission>
              <color sid="emission">0 0 0 1</color>
            </emission>
            <ambient>
              <color sid="ambient">0.588 0.588 0.588 1</color>
            </ambient>
            <diffuse>
              <texture texture="file1-sampler" texcoord="TEX0">
                <extra>
                  <technique profile="OpenCOLLADAMaya">
                    <blend_mode>NONE</blend_mode>
                    <coverageU sid="coverageU">1</coverageU>
                    <coverageV sid="coverageV">1</coverageV>
                    <fast sid="fast">0</fast>
                    <mirrorU sid="mirrorU">0</mirrorU>
                    <mirrorV sid="mirrorV">0</mirrorV>
                    <noiseU sid="noiseU">0</noiseU>
                    <noiseV sid="noiseV">0</noiseV>
                    <offsetU sid="offsetU">0</offsetU>
                    <offsetV sid="offsetV">0</offsetV>
                    <repeatU sid="repeatU">1</repeatU>
                    <repeatV sid="repeatV">1</repeatV>
                    <rotateFrame sid="rotateFrame">0</rotateFrame>
                    <rotateUV sid="rotateUV">0</rotateUV>
                    <stagger sid="stagger">0</stagger>
                    <translateFrameU sid="translateFrameU">0</translateFrameU>
                    <translateFrameV sid="translateFrameV">0</translateFrameV>
                    <wrapU sid="wrapU">1</wrapU>
                    <wrapV sid="wrapV">1</wrapV>
                  </technique>
                </extra>
              </texture>
            </diffuse>
            <specular>
              <color sid="specular">0 0 0 1</color>
            </specular>
            <shininess>
              <float sid="shininess">2</float>
            </shininess>
            <reflective>
              <color sid="reflective">0 0 0 1</color>
            </reflective>
            <reflectivity>
              <float sid="reflectivity">0.5</float>
            </reflectivity>
            <transparent opaque="A_ONE">
              <texture texture="file1_1-sampler" texcoord="TEX1">
                <extra>
                  <technique profile="OpenCOLLADAMaya">
                    <blend_mode>NONE</blend_mode>
                    <coverageU sid="coverageU">1</coverageU>
                    <coverageV sid="coverageV">1</coverageV>
                    <fast sid="fast">0</fast>
                    <mirrorU sid="mirrorU">0</mirrorU>
                    <mirrorV sid="mirrorV">0</mirrorV>
                    <noiseU sid="noiseU">0</noiseU>
                    <noiseV sid="noiseV">0</noiseV>
                    <offsetU sid="offsetU">0</offsetU>
                    <offsetV sid="offsetV">0</offsetV>
                    <repeatU sid="repeatU">1</repeatU>
                    <repeatV sid="repeatV">1</repeatV>
                    <rotateFrame sid="rotateFrame">0</rotateFrame>
                    <rotateUV sid="rotateUV">0</rotateUV>
                    <stagger sid="stagger">0</stagger>
                    <translateFrameU sid="translateFrameU">0</translateFrameU>
                    <translateFrameV sid="translateFrameV">0</translateFrameV>
                    <wrapU sid="wrapU">1</wrapU>
                    <wrapV sid="wrapV">1</wrapV>
                  </technique>
                </extra>
              </texture>
            </transparent>
            <transparency>
              <float>1</float>
            </transparency>
          </phong>
        </technique>
      </profile_COMMON>
    </effect>
  </library_effects>
  <library_images>
    <image id="file1_1" name="glass_shard02_glass_material_file1_1">
      <init_from>file:///E:/depth/redist/static_objects/station/pplant_glass_dirty.dds</init_from>
      <extra>
        <technique profile="OpenCOLLADAMaya">
          <dgnode_type>kFile</dgnode_type>
          <image_sequence>0</image_sequence>
          <originalMayaNodeId>glass_shard02_glass_material_file1_1</originalMayaNodeId>
        </technique>
      </extra>
    </image>
    <image id="file1" name="glass_shard02_glass_material_file1">
      <init_from>file://static_objects/station/glass_shards.dds</init_from>
      <extra>
        <technique profile="OpenCOLLADAMaya">
          <dgnode_type>kFile</dgnode_type>
          <image_sequence>0</image_sequence>
          <originalMayaNodeId>glass_shard02_glass_material_file1</originalMayaNodeId>
        </technique>
      </extra>
    </image>
  </library_images>
  <library_geometries>
    <geometry id="polySurfaceShape1" name="polySurfaceShape1">
      <mesh>
        <source id="polySurfaceShape1-positions" name="polySurfaceShape1-positions">
          <float_array id="polySurfaceShape1-positions-array" count="1365">-0.9803305 0.009491 0.5551212 -0.8972404 0.006158 0.5594252 -1.039618 0.009365 0.4620842 -1.040696 0.011955 0.4714592 -1.046269 0.007809 0.4754132 -1.046783 0.002215 0.4764452 -0.9814555 -1.01e-4 0.5569482 -0.8972355 -7.14e-4 0.5600341 -0.8997005 2.9e-5 0.5291702 -0.8995515 0.009603 0.5304892 -0.9538655 0.00248 0.4964832 -0.9574685 0.008119 0.4973072 -1.039249 0.002522 0.4613451 -0.2815487 0.010124 0.2247135 -0.2808447 0.001597 0.2257555 -0.2477697 0.007807 0.2014855 -0.2476587 0.001387 0.2015815 -0.2284247 0.009838 0.1210885 -0.2269537 2.9e-5 0.1202115 -0.3344247 0.001387 0.2068295 -0.3351287 0.007372 0.2065665 -0.3802937 0.003612 0.1860515 -0.3792877 0.013358 0.1857445 -0.2272787 0.001387 0.1450255 -0.2396587 2.9e-5 0.1882185 -0.2419497 0.010878 0.1873215 -0.2272457 0.007152 0.1449635 -0.3978837 2.9e-5 0.1207195 -0.3966797 0.008926 0.1215885 -0.3988247 0.001387 0.1455625 -0.3991137 0.007372 0.1453095 -0.3071647 0.00444 0.1105165 -0.3083057 -4.38e-4 0.1105205 -0.3132747 0.008467 0.1156055 0.1303167 0.010124 -0.294237 0.1310207 0.001597 -0.293195 0.1640957 0.007807 -0.317465 0.1642067 0.001387 -0.317369 0.1834407 0.009838 -0.397862 0.1849117 2.9e-5 -0.398739 0.0774407 0.001387 -0.312121 0.0767367 0.007372 -0.312384 0.0315717 0.003612 -0.332899 0.03257771 0.013358 -0.333206 0.1845867 0.001387 -0.373925 0.1722067 2.9e-5 -0.330732 0.1699157 0.010878 -0.331629 0.1846197 0.007152 -0.373987 0.0139817 2.9e-5 -0.398231 0.0151857 0.008926 -0.397362 0.0130407 0.001387 -0.373388 0.0127517 0.007372 -0.373641 0.1047007 0.00444 -0.408434 0.1035597 -4.38e-4 -0.40843 0.09859071 0.008467 -0.403345 0.265335 0.010124 0.3115275 0.264198 0.001597 0.3120645 0.2831464 0.007807 0.3484506 0.2830346 0.001387 0.3485457 0.3596583 0.009838 0.3798168 0.3603009 2.9e-5 0.3814042 0.291065 0.001387 0.2619929 0.2914322 0.007372 0.2613371 0.3185878 0.003612 0.2198243 0.3187379 0.013358 0.2208653 0.335826 0.001387 0.3773031 0.295023 2.9e-5 0.3584879 0.2962585 0.010878 0.3563603 0.3358823 0.007152 0.3773451 0.3858368 2.9e-5 0.2123917 0.3847945 0.008926 0.2134492 0.3614271 0.001387 0.2076773 0.3617212 0.007372 0.2074302 0.3821014 0.00444 0.3036062 0.3822713 -4.38e-4 0.3024779 0.3780025 0.008467 0.2967923 0.5900127 0.010124 -0.1909469 0.5911192 0.001597 -0.1915444 0.570238 0.007807 -0.2268568 0.5703445 0.001387 -0.2269577 0.4921474 0.009838 -0.2540552 0.4914201 2.9e-5 -0.2556057 0.5669889 0.001387 -0.1400979 0.5666576 0.007372 -0.1394234 0.541778 0.003612 -0.09650782 0.541572 0.013358 -0.09753923 0.5160804 0.001387 -0.2528291 0.5578379 2.9e-5 -0.2362396 0.5567188 0.010878 -0.2340485 0.516022 0.007152 -0.2528681 0.475027 2.9e-5 -0.08546286 0.4760108 0.008926 -0.08657504 0.4996553 0.001387 -0.08207043 0.499375 0.007372 -0.08180785 0.4738427 0.00444 -0.1767461 0.4737339 -4.38e-4 -0.1756103 0.4783028 0.008467 -0.1701629 0.3136861 0.010124 0.05872746 0.3147589 0.001597 0.05938355 0.3347865 0.007807 0.0235801 0.3349273 0.001387 0.02362141 0.3190386 0.009838 -0.05759816 0.3200133 2.9e-5 -0.05900634 0.2581554 0.001387 0.06438855 0.2574058 0.007372 0.06444128 0.2077999 0.003612 0.06450975 0.208588 0.013358 0.0638131 0.3300108 0.001387 -0.03629314 0.3366633 2.9e-5 0.008143817 0.3342067 0.010878 0.008277975 0.3300151 0.007152 -0.03636325 0.1646939 2.9e-5 0.01236045 0.1661499 0.008926 0.01265172 0.174143 0.001387 0.03535557 0.1737751 0.007372 0.03524524 0.2430072 0.00444 -0.03455504 0.2419707 -4.38e-4 -0.03407809 0.2395587 0.008467 -0.02739 -0.4500945 0.010124 -0.3487835 -0.4500929 0.001597 -0.350041 -0.4910881 0.007807 -0.3484965 -0.4911261 0.001387 -0.3486383 -0.5521934 0.009838 -0.2927826 -0.5539032 2.9e-5 -0.2928815 -0.4163466 0.001387 -0.3043223 -0.4159113 0.007372 -0.3037097 -0.3900232 0.003612 -0.2613948 -0.3910283 0.013358 -0.2617049 -0.5397177 0.001387 -0.3132435 -0.5052439 2.9e-5 -0.3420612 -0.5038502 0.010878 -0.3400337 -0.5397797 0.007152 -0.3132107 -0.4121 2.9e-5 -0.1974395 -0.4126094 0.008926 -0.1988342 -0.3973882 0.001387 -0.21748 -0.3972908 0.007372 -0.2171085 -0.4929312 0.00444 -0.23987 -0.4919843 -4.38e-4 -0.2392334 -0.4850185 0.008467 -0.2406566 -0.4860919 0.009491 0.01969608 -0.4030019 0.006158 0.02400007 -0.5453799 0.009365 -0.07334092 -0.5464579 0.011955 -0.06396593 -0.5520309 0.007809 -0.06001193 -0.5525449 0.002215 -0.05897993 -0.4872169 -1.01e-4 0.02152307 -0.4029969 -7.14e-4 0.02460907 -0.4054619 2.9e-5 -0.006254926 -0.4053129 0.009603 -0.004935926 -0.4596269 0.00248 -0.03894193 -0.4632299 0.008119 -0.03811793 -0.5450109 0.002522 -0.07407992 -0.3072669 0.009491 0.456371 -0.2474152 0.006158 0.5141659 -0.2909112 0.009365 0.3472681 -0.297879 0.011955 0.3536323 -0.3046787 0.007809 0.3529562 -0.3057439 0.002215 0.3533973 -0.309315 -1.01e-4 0.4570107 -0.2478113 -7.14e-4 0.5146286 -0.2294086 2.9e-5 0.4897287 -0.2301621 0.009603 0.4908215 -0.248808 0.00248 0.4295128 -0.2520668 0.008119 0.4277691 -0.2901477 0.002522 0.3469529 0.1458886 0.009491 -0.103237 0.1175844 0.006158 -0.02499798 0.2521548 0.009365 -0.1328755 0.2434996 0.011955 -0.1366358 0.2413391 0.007809 -0.1431184 0.2405014 0.002215 -0.1439106 0.1444682 -1.01e-4 -0.1048451 0.1170003 -7.14e-4 -0.02517047 0.1472453 2.9e-5 -0.01854454 0.14594 0.009603 -0.01878594 0.1942837 0.00248 -0.06084914 0.1945441 0.008119 -0.06453597 0.2527544 0.002522 -0.1323074 -9.06909e-5 0.009491 -0.1615247 0.08299931 0.006158 -0.1572207 -0.05937869 0.009365 -0.2545617 -0.06045669 0.011955 -0.2451867 -0.06602969 0.007809 -0.2412327 -0.06654369 0.002215 -0.2402007 -0.001215691 -1.01e-4 -0.1596977 0.0830043 -7.14e-4 -0.1566117 0.0805393 2.9e-5 -0.1874757 0.0806883 0.009603 -0.1861567 0.02637431 0.00248 -0.2201627 0.02277131 0.008119 -0.2193387 -0.05900969 0.002522 -0.2553007 -0.3295831 0.009491 -0.5486782 -0.246493 0.006158 -0.5443742 -0.388871 0.009365 -0.6417152 -0.389949 0.011955 -0.6323402 -0.395522 0.007809 -0.6283862 -0.396036 0.002215 -0.6273542 -0.330708 -1.01e-4 -0.5468512 -0.246488 -7.14e-4 -0.5437653 -0.248953 2.9e-5 -0.5746292 -0.248804 0.009603 -0.5733102 -0.303118 0.00248 -0.6073162 -0.306721 0.008119 -0.6064922 -0.388502 0.002522 -0.6424542 0.01638393 0.009491 -0.7216617 0.09947392 0.006158 -0.7173577 -0.04290407 0.009365 -0.8146987 -0.04398208 0.011955 -0.8053237 -0.04955507 0.007809 -0.8013697 -0.05006907 0.002215 -0.8003378 0.01525893 -1.01e-4 -0.7198347 0.09947892 -7.14e-4 -0.7167487 0.09701392 2.9e-5 -0.7476127 0.09716292 0.009603 -0.7462937 0.04284893 0.00248 -0.7802997 0.03924592 0.008119 -0.7794757 -0.04253508 0.002522 -0.8154377 0.3870628 0.009491 -0.1121009 0.4701528 0.006158 -0.1077969 0.3277748 0.009365 -0.2051379 0.3266968 0.011955 -0.1957629 0.3211238 0.007809 -0.1918089 0.3206098 0.002215 -0.1907769 0.3859378 -1.01e-4 -0.1102739 0.4701578 -7.14e-4 -0.1071879 0.4676928 2.9e-5 -0.1380519 0.4678418 0.009603 -0.1367329 0.4135278 0.00248 -0.1707389 0.4099248 0.008119 -0.1699149 0.3281438 0.002522 -0.2058769 0.5940622 0.009491 -0.4038623 0.6133577 0.006158 -0.4847953 0.4918188 0.009365 -0.3624227 0.500843 0.011955 -0.359663 0.5037212 0.007809 -0.3534656 0.5046429 0.002215 -0.3527731 0.5956549 -1.01e-4 -0.4024248 0.6139575 -7.14e-4 -0.4846899 0.583158 2.9e-5 -0.4878608 0.5844822 0.009603 -0.4877682 0.5411934 0.00248 -0.4405189 0.5413506 0.008119 -0.4368262 0.4911589 0.002522 -0.3629196 0.6042154 0.004506 0.115616 0.6044544 7.13e-4 0.115603 0.4503914 0.002032 0.08808502 0.4486714 0.005277 0.08876302 0.6022894 0.010244 0.09588902 0.6024014 7.13e-4 0.09457202 0.4176544 7.13e-4 0.12634 0.4179844 0.010244 0.126321 0.4317004 0.007898 0.09585202 0.4312624 7.13e-4 0.09611002 0.6015494 0.007898 0.111457 0.3453733 0.004506 -0.5105529 0.3455809 7.13e-4 -0.5104339 0.2312548 0.002032 -0.6173085 0.2294427 0.005277 -0.6176749 0.3544847 0.010244 -0.5281554 0.3552949 7.13e-4 -0.5291997 0.1829782 7.13e-4 -0.6030075 0.1832654 0.010244 -0.602844 0.2113454 0.007898 -0.6209549 0.2108376 7.13e-4 -0.6209765 0.3453976 0.007898 -0.515493 -0.08859965 0.02079028 -0.4264826 -0.08801586 0.01703484 -0.4264857 -0.2410697 0.004308691 -0.4566014 -0.2430894 0.007383446 -0.4559575 -0.09070593 0.02632889 -0.4462481 -0.08970367 0.01684775 -0.4475483 -0.2741938 1.18768e-5 -0.4189023 -0.2747334 0.009533291 -0.4189304 -0.2603463 0.008446984 -0.44916 -0.2601322 0.001251965 -0.4488983 -0.09149278 0.02392521 -0.4306912 -0.146452 0.004506 -0.1231573 -0.1462541 7.13e-4 -0.1232918 -0.2924082 0.002032 -0.06733096 -0.2935313 0.005277 -0.0658624 -0.1582849 0.010244 -0.1390585 -0.1588688 7.13e-4 -0.1402443 -0.3006985 7.13e-4 -0.01766783 -0.3004257 0.010244 -0.01785445 -0.3044069 0.007898 -0.05103033 -0.3046488 7.13e-4 -0.05058326 -0.1508823 0.007898 -0.1253431 0.004844371 0.004506 0.3150837 0.005010046 7.13e-4 0.3152565 -0.07456661 0.002032 0.1804967 -0.07620207 0.005277 0.1796345 0.01854683 0.010244 0.3007622 0.01961847 7.13e-4 0.2999885 -0.1249168 7.13e-4 0.1806142 -0.1246873 0.010244 0.1808521 -0.09264171 0.007898 0.1713878 -0.09312289 7.13e-4 0.1712239 0.006259847 0.007898 0.3103507 -0.4998842 0.004506 0.3873202 -0.4996513 7.13e-4 0.3872651 -0.6561525 0.002032 0.3874129 -0.6577256 0.005277 0.3883842 -0.5052669 0.010244 0.3682442 -0.5053894 7.13e-4 0.3669282 -0.681612 7.13e-4 0.4308522 -0.6812905 0.010244 0.4307751 -0.6731763 0.007898 0.3983615 -0.6735618 7.13e-4 0.3986928 -0.5032434 0.007898 0.3836979 -0.4375573 0.004506 -0.1791347 -0.4373205 7.13e-4 -0.1791001 -0.5828912 0.002032 -0.2365617 -0.5847113 0.005277 -0.2362374 -0.4355415 0.010244 -0.1988527 -0.4351711 7.13e-4 -0.2001215 -0.6225511 7.13e-4 -0.2055416 -0.6222239 0.010244 -0.2054949 -0.6027496 0.007898 -0.2326471 -0.6032299 7.13e-4 -0.2324808 -0.4393476 0.007898 -0.183739 -0.7823452 0.010131 0.02996222 -0.7837882 0 0.03415222 -0.6674212 0.009165 -0.1139778 -0.6663922 -3e-5 -0.1123038 -0.7501122 0.009597 -0.1782258 -0.7505512 3e-5 -0.1818508 -0.7472752 0.009596 -0.1782338 -0.7049712 0.010825 -0.09141778 -0.7043442 -2.3e-5 -0.08799479 -0.7193182 0.010521 -0.1190078 -0.7476042 0.012151 -0.1734038 -0.6731682 0.011724 -0.1139488 -0.7773222 0.012688 0.01710922 -0.7057332 0.010992 -0.1443248 -0.7043582 0.008436 -0.1480658 0.1447114 0.02072318 0.1292799 0.1432684 0.01059218 0.1334699 0.2596354 0.01975718 -0.01466006 0.2606644 0.01056218 -0.01298606 0.1769444 0.02018918 -0.07890806 0.1765054 0.01062218 -0.08253305 0.1797814 0.02018818 -0.07891605 0.2220854 0.02141718 0.007899942 0.2227124 0.01056918 0.01132294 0.2077384 0.02111318 -0.01969006 0.1794524 0.02274318 -0.07408606 0.2538884 0.02231618 -0.01463106 0.1497344 0.02328018 0.1164269 0.2213234 0.02158418 -0.04500706 0.2226984 0.01902818 -0.04874806 -0.4045503 0.007110381 0.3263704 -0.4051708 -0.003333879 0.3299492 -0.2892749 0.02406536 0.1837125 -0.2874975 0.01490355 0.1848576 -0.3714209 0.02147861 0.1188192 -0.3710513 0.01213783 0.114639 -0.3685935 0.02171128 0.118838 -0.3269376 0.0213029 0.2059745 -0.3254324 0.01036059 0.2087655 -0.3410827 0.0214446 0.1782792 -0.3691548 0.02394194 0.1238053 -0.2952137 0.02613716 0.1838361 -0.3996964 0.01082345 0.3137363 -0.3274661 0.02451952 0.1531623 -0.3258673 0.02230976 0.1492919 -0.1727843 0.010131 -0.2501063 -0.1742273 0 -0.2459163 -0.05786032 0.009165 -0.3940463 -0.05683132 -3e-5 -0.3923723 -0.1405513 0.009597 -0.4582943 -0.1409903 3e-5 -0.4619193 -0.1377143 0.009596 -0.4583023 -0.09541033 0.010825 -0.3714863 -0.09478333 -2.3e-5 -0.3680633 -0.1097573 0.010521 -0.3990763 -0.1380433 0.012151 -0.4534723 -0.06360732 0.011724 -0.3940173 -0.1677613 0.012688 -0.2629593 -0.09617232 0.010992 -0.4243933 -0.09479733 0.008436 -0.4281343 0.06136002 0.008248492 -0.8670657 0.06049145 -0.002246776 -0.8704376 0.06201278 0.02150234 -0.6833509 0.06073616 0.01218696 -0.6832938 0.1664868 0.02827718 -0.685603 0.1696885 0.01911494 -0.6823375 0.1642848 0.02827698 -0.6838142 0.07701632 0.02092626 -0.7245367 0.07506145 0.00979324 -0.7259593 0.1054471 0.02334846 -0.7121691 0.1613623 0.03034249 -0.6879563 0.06630676 0.02404596 -0.6871809 0.06533002 0.01206232 -0.8541559 0.1106788 0.02631739 -0.6840704 0.1121068 0.02414334 -0.680114 0.4465207 0.010131 -0.7379422 0.4427509 0 -0.7402717 0.561648 0.009165 -0.5941647 0.5597886 -3e-5 -0.5935293 0.6425153 0.009597 -0.6606937 0.646148 3e-5 -0.6603243 0.6418989 0.009596 -0.6579244 0.5479026 0.010825 -0.6357582 0.5444255 -2.3e-5 -0.6358997 0.5779731 0.010521 -0.6436833 0.6372596 0.012151 -0.659308 0.5628842 0.011724 -0.5997773 0.4579536 0.012688 -0.7302143 0.5996807 0.010992 -0.624861 0.6030276 0.008436 -0.6226966 -0.1573295 0.010131 0.6854921 -0.1580212 0 0.6898693 -0.06921009 0.009165 0.5237478 -0.06790545 -3e-5 0.5252172 -0.1618207 0.009597 0.4748715 -0.1628838 3e-5 0.4713783 -0.1590283 0.009596 0.4743699 -0.1022608 0.010825 0.5524986 -0.1010476 -2.3e-5 0.5557602 -0.1211905 0.010521 0.5278265 -0.1585117 0.012151 0.4791834 -0.07486434 0.011724 0.5247765 -0.15462 0.012688 0.6719611 -0.1122189 0.010992 0.5005316 -0.111516 0.008436 0.4966084 0.7580316 0.010131 -0.1512586 0.7565886 0 -0.1470686 0.8729556 0.009165 -0.2951986 0.8739846 -3e-5 -0.2935246 0.7902646 0.009597 -0.3594466 0.7898256 3e-5 -0.3630716 0.7931017 0.009596 -0.3594546 0.8354057 0.010825 -0.2726386 0.8360326 -2.3e-5 -0.2692156 0.8210587 0.010521 -0.3002286 0.7927726 0.012151 -0.3546246 0.8672086 0.011724 -0.2951696 0.7630547 0.012688 -0.1641116 0.8346436 0.010992 -0.3255456 0.8360186 0.008436 -0.3292866 0.7580316 0.010131 -0.1512586 0.7565886 0 -0.1470686 0.8729556 0.009165 -0.2951986 0.8739846 -3e-5 -0.2935246 0.7902646 0.009597 -0.3594466 0.7898256 3e-5 -0.3630716 0.7931017 0.009596 -0.3594546 0.8354057 0.010825 -0.2726386 0.8360326 -2.3e-5 -0.2692156 0.8210587 0.010521 -0.3002286 0.7927726 0.012151 -0.3546246 0.8672086 0.011724 -0.2951696 0.7630547 0.012688 -0.1641116 0.8346436 0.010992 -0.3255456 0.8360186 0.008436 -0.3292866</float_array>
          <technique_common>
            <accessor source="#polySurfaceShape1-positions-array" count="455" stride="3">
              <param name="X" type="float"/>
              <param name="Y" type="float"/>
              <param name="Z" type="float"/>
            </accessor>
          </technique_common>
        </source>
        <source id="polySurfaceShape1-normals" name="polySurfaceShape1-normals">
          <float_array id="polySurfaceShape1-normals-array" count="7074">0.04150298 0.9987515 -0.02780099 0.04150298 0.9987515 -0.02780099 0.04150298 0.9987515 -0.02780099 0.3352141 0.9173144 -0.2148621 0.3352141 0.9173144 -0.2148621 0.3352141 0.9173144 -0.2148621 -0.4087701 0.8546532 0.3201171 -0.4087701 0.8546532 0.3201171 -0.4087701 0.8546532 0.3201171 -0.7591261 0.185045 0.624088 -0.7579971 0.195968 0.6221231 -0.7579971 0.195968 0.6221231 -0.7579971 0.195968 0.6221231 -0.7579971 0.195968 0.6221231 -0.7567731 0.206867 0.6200811 0.9967939 -0.006333999 -0.07976199 0.9967843 -0.005400002 -0.07995003 0.9967843 -0.005400002 -0.07995003 0.9967843 -0.005400002 -0.07995003 0.9967843 -0.005400002 -0.07995003 0.9967738 -0.004466999 -0.08013798 0.517206 0.10899 -0.8488929 0.487996 0.258762 -0.833608 0.487996 0.258762 -0.833608 0.487996 0.258762 -0.833608 0.487996 0.258762 -0.833608 0.447309 0.402448 -0.798718 -0.06166699 0.9905099 0.122831 -0.06166699 0.9905099 0.122831 -0.06166699 0.9905099 0.122831 0.1301689 0.9540645 -0.2698459 0.1301689 0.9540645 -0.2698459 0.1301689 0.9540645 -0.2698459 -0.993824 -0.042543 -0.102489 -0.993824 -0.042543 -0.102489 -0.993824 -0.042543 -0.102489 -0.715192 0.4571629 -0.52868 -0.715192 0.4571629 -0.52868 -0.715192 0.4571629 -0.52868 -0.8948001 -1.14e-4 -0.4464671 -0.8948001 -1.14e-4 -0.4464671 -0.8948001 -1.14e-4 -0.4464671 -0.006412 -0.999702 -0.023555 -0.006412 -0.999702 -0.023555 -0.006412 -0.999702 -0.023555 0.09259299 -0.9696799 -0.226158 0.09259299 -0.9696799 -0.226158 0.09259299 -0.9696799 -0.226158 -0.006414 -0.999702 -0.023554 -0.006414 -0.999702 -0.023554 -0.006414 -0.999702 -0.023554 -0.006414 -0.999702 -0.023554 -0.006414 -0.999702 -0.023554 -0.006413001 -0.9997021 -0.023554 0.392767 0.119607 -0.9118269 0.377193 0.238464 -0.894908 0.377193 0.238464 -0.894908 0.377193 0.238464 -0.894908 0.377193 0.238464 -0.894908 0.3560911 0.3538271 -0.8648732 -0.04800301 0.08816902 0.9949483 -0.04133899 0.13972 0.9893278 -0.04133899 0.13972 0.9893278 -0.04133899 0.13972 0.9893278 -0.04133899 0.13972 0.9893278 -0.034562 0.190889 0.981003 0.5674939 0.02210799 0.8230808 0.5674939 0.02210799 0.8230808 0.5674939 0.02210799 0.8230808 0.5830939 0.145815 0.7992119 0.5830939 0.145815 0.7992119 0.5830939 0.145815 0.7992119 -0.115315 0.08181103 -0.9899542 -0.115315 0.08181103 -0.9899542 -0.115315 0.08181103 -0.9899542 -0.115315 0.08181103 -0.9899542 -0.115315 0.08181103 -0.9899542 -0.115315 0.08181103 -0.9899542 5.6e-4 -0.9985076 0.05460998 5.6e-4 -0.9985076 0.05460998 5.6e-4 -0.9985076 0.05460998 9.99e-4 -0.9985138 0.05449199 9.99e-4 -0.9985138 0.05449199 9.99e-4 -0.9985138 0.05449199 0.300075 -0.9522669 0.05606099 0.300075 -0.9522669 0.05606099 0.300075 -0.9522669 0.05606099 0.117498 -0.9784508 0.169789 0.117498 -0.9784508 0.169789 0.117498 -0.9784508 0.169789 -0.04582999 -0.9989126 -0.008561997 -0.04582999 -0.9989126 -0.008561997 -0.04582999 -0.9989126 -0.008561997 -0.02175299 -0.9997564 0.003743998 -0.02175299 -0.9997564 0.003743998 -0.02175299 -0.9997564 0.003743998 0.1654541 -0.8730323 -0.4587372 0.1654541 -0.8730323 -0.4587372 0.1654541 -0.8730323 -0.4587372 -0.8961653 -0.02456001 0.4430402 -0.8961653 -0.02456001 0.4430402 -0.8961653 -0.02456001 0.4430402 -0.9063262 0.106444 0.4089531 -0.9063262 0.106444 0.4089531 -0.9063262 0.106444 0.4089531 0.8843743 0.2207211 0.4112961 0.8843743 0.2207211 0.4112961 0.8843743 0.2207211 0.4112961 0.8587868 0.022523 0.5118379 0.8587868 0.022523 0.5118379 0.8587868 0.022523 0.5118379 0.9889925 0.1478849 0.004886998 0.9889925 0.1478849 0.004886998 0.9889925 0.1478849 0.004886998 0.9987299 -0.006254999 -0.04999599 0.9987299 -0.006254999 -0.04999599 0.9987299 -0.006254999 -0.04999599 -0.3320871 0.08740702 0.9391902 -0.3320871 0.08740702 0.9391902 -0.3320871 0.08740702 0.9391902 -0.320957 0.003887 0.9470859 -0.320957 0.003887 0.9470859 -0.320957 0.003887 0.9470859 -0.4174289 0.07166899 0.9058789 -0.4174289 0.07166899 0.9058789 -0.4174289 0.07166899 0.9058789 -0.4129499 -0.008524999 0.9107139 -0.4129499 -0.008524999 0.9107139 -0.4129499 -0.008524999 0.9107139 0.4498101 0.8897222 0.07788102 0.4498101 0.8897222 0.07788102 0.4498101 0.8897222 0.07788102 -0.3387441 0.9404954 0.02685301 -0.3387441 0.9404954 0.02685301 -0.3387441 0.9404954 0.02685301 5.34e-4 0.9976122 -0.06906202 5.34e-4 0.9976122 -0.06906202 5.34e-4 0.9976122 -0.06906202 -0.2924588 0.5539446 0.7794955 -0.2924588 0.5539446 0.7794955 -0.2924588 0.5539446 0.7794955 0.028371 0.9995281 0.01178 0.028371 0.9995281 0.01178 0.028371 0.9995281 0.01178 -0.04189001 0.9988282 -0.02423801 -0.04189001 0.9988282 -0.02423801 -0.04189001 0.9988282 -0.02423801 0.2760319 0.9095586 0.3106599 0.2760319 0.9095586 0.3106599 0.2760319 0.9095586 0.3106599 0.935816 0.22033 0.275142 0.935816 0.22033 0.275142 0.935816 0.22033 0.275142 0.9446491 -0.001934 0.328077 0.9446491 -0.001934 0.328077 0.9446491 -0.001934 0.328077 -0.998146 -0.049723 -0.035105 -0.998146 -0.049723 -0.035105 -0.998146 -0.049723 -0.035105 -0.9855444 0.142368 -0.09183503 -0.9855444 0.142368 -0.09183503 -0.9855444 0.142368 -0.09183503 -0.010946 0.9967502 -0.07980702 -0.010946 0.9967502 -0.07980702 -0.010946 0.9967502 -0.07980702 0.123104 0.06167801 -0.9904752 0.123104 0.06167801 -0.9904752 0.123104 0.06167801 -0.9904752 0.123104 0.06167801 -0.9904752 0.123104 0.06167801 -0.9904752 0.123104 0.06167801 -0.9904752 -5.8e-4 -0.9985948 0.05299199 -5.8e-4 -0.9985948 0.05299199 -5.8e-4 -0.9985948 0.05299199 0.025933 0.7987951 -0.6010441 0.025933 0.7987951 -0.6010441 0.025933 0.7987951 -0.6010441 -0.042523 0.757952 -0.650923 -0.042523 0.757952 -0.650923 -0.042523 0.757952 -0.650923 0.5674939 0.02210799 0.8230808 0.5674939 0.02210799 0.8230808 0.5674939 0.02210799 0.8230808 0.5830939 0.145815 0.7992119 0.5830939 0.145815 0.7992119 0.5830939 0.145815 0.7992119 -0.115315 0.08181103 -0.9899542 -0.115315 0.08181103 -0.9899542 -0.115315 0.08181103 -0.9899542 -0.115315 0.08181103 -0.9899542 -0.115315 0.08181103 -0.9899542 -0.115315 0.08181103 -0.9899542 5.6e-4 -0.9985076 0.05460998 5.6e-4 -0.9985076 0.05460998 5.6e-4 -0.9985076 0.05460998 9.99e-4 -0.9985138 0.05449199 9.99e-4 -0.9985138 0.05449199 9.99e-4 -0.9985138 0.05449199 0.300075 -0.9522669 0.05606099 0.300075 -0.9522669 0.05606099 0.300075 -0.9522669 0.05606099 0.117498 -0.9784508 0.169789 0.117498 -0.9784508 0.169789 0.117498 -0.9784508 0.169789 -0.04582999 -0.9989126 -0.008561997 -0.04582999 -0.9989126 -0.008561997 -0.04582999 -0.9989126 -0.008561997 -0.02175299 -0.9997564 0.003743998 -0.02175299 -0.9997564 0.003743998 -0.02175299 -0.9997564 0.003743998 0.1654541 -0.8730323 -0.4587372 0.1654541 -0.8730323 -0.4587372 0.1654541 -0.8730323 -0.4587372 -0.8961653 -0.02456001 0.4430402 -0.8961653 -0.02456001 0.4430402 -0.8961653 -0.02456001 0.4430402 -0.9063262 0.106444 0.4089531 -0.9063262 0.106444 0.4089531 -0.9063262 0.106444 0.4089531 0.8843743 0.2207211 0.4112961 0.8843743 0.2207211 0.4112961 0.8843743 0.2207211 0.4112961 0.8587868 0.022523 0.5118379 0.8587868 0.022523 0.5118379 0.8587868 0.022523 0.5118379 0.9889925 0.1478849 0.004886998 0.9889925 0.1478849 0.004886998 0.9889925 0.1478849 0.004886998 0.9987299 -0.006254999 -0.04999599 0.9987299 -0.006254999 -0.04999599 0.9987299 -0.006254999 -0.04999599 -0.3320871 0.08740702 0.9391902 -0.3320871 0.08740702 0.9391902 -0.3320871 0.08740702 0.9391902 -0.320957 0.003887 0.9470859 -0.320957 0.003887 0.9470859 -0.320957 0.003887 0.9470859 -0.4174289 0.07166899 0.9058789 -0.4174289 0.07166899 0.9058789 -0.4174289 0.07166899 0.9058789 -0.4129499 -0.008524999 0.9107139 -0.4129499 -0.008524999 0.9107139 -0.4129499 -0.008524999 0.9107139 0.4498101 0.8897222 0.07788102 0.4498101 0.8897222 0.07788102 0.4498101 0.8897222 0.07788102 -0.3387441 0.9404954 0.02685301 -0.3387441 0.9404954 0.02685301 -0.3387441 0.9404954 0.02685301 5.34e-4 0.9976122 -0.06906202 5.34e-4 0.9976122 -0.06906202 5.34e-4 0.9976122 -0.06906202 -0.2924588 0.5539446 0.7794955 -0.2924588 0.5539446 0.7794955 -0.2924588 0.5539446 0.7794955 0.028371 0.9995281 0.01178 0.028371 0.9995281 0.01178 0.028371 0.9995281 0.01178 -0.04189001 0.9988282 -0.02423801 -0.04189001 0.9988282 -0.02423801 -0.04189001 0.9988282 -0.02423801 0.2760319 0.9095586 0.3106599 0.2760319 0.9095586 0.3106599 0.2760319 0.9095586 0.3106599 0.935816 0.22033 0.275142 0.935816 0.22033 0.275142 0.935816 0.22033 0.275142 0.9446491 -0.001934 0.328077 0.9446491 -0.001934 0.328077 0.9446491 -0.001934 0.328077 -0.998146 -0.049723 -0.035105 -0.998146 -0.049723 -0.035105 -0.998146 -0.049723 -0.035105 -0.9855444 0.142368 -0.09183503 -0.9855444 0.142368 -0.09183503 -0.9855444 0.142368 -0.09183503 -0.010946 0.9967502 -0.07980702 -0.010946 0.9967502 -0.07980702 -0.010946 0.9967502 -0.07980702 0.123104 0.06167801 -0.9904752 0.123104 0.06167801 -0.9904752 0.123104 0.06167801 -0.9904752 0.123104 0.06167801 -0.9904752 0.123104 0.06167801 -0.9904752 0.123104 0.06167801 -0.9904752 -5.8e-4 -0.9985948 0.05299199 -5.8e-4 -0.9985948 0.05299199 -5.8e-4 -0.9985948 0.05299199 0.025933 0.7987951 -0.6010441 0.025933 0.7987951 -0.6010441 0.025933 0.7987951 -0.6010441 -0.042523 0.757952 -0.650923 -0.042523 0.757952 -0.650923 -0.042523 0.757952 -0.650923 -0.899922 0.02210799 0.4354903 -0.899922 0.02210799 0.4354903 -0.899922 0.02210799 0.4354903 -0.8787079 0.145815 0.4545442 -0.8787079 0.145815 0.4545442 -0.8787079 0.145815 0.4545442 0.9959671 0.08181103 0.03683143 0.9959671 0.08181103 0.03683143 0.9959671 0.08181103 0.03683143 0.9959671 0.08181103 0.03683143 0.9959671 0.08181103 0.03683143 0.9959671 0.08181103 0.03683143 -0.05405796 -0.9985076 -0.007765326 -0.05405796 -0.9985076 -0.007765326 -0.05405796 -0.9985076 -0.007765326 -0.05400822 -0.9985138 -0.007313475 -0.05400822 -0.9985138 -0.007313475 -0.05400822 -0.9985138 -0.007313475 -0.1011174 -0.9522669 0.2880331 -0.1011174 -0.9522669 0.2880331 -0.1011174 -0.9522669 0.2880331 -0.185706 -0.9784508 0.09026261 -0.185706 -0.9784508 0.09026261 -0.185706 -0.9784508 0.09026261 0.0154434 -0.9989126 -0.04399087 0.0154434 -0.9989126 -0.04399087 0.0154434 -0.9989126 -0.04399087 -3.8665e-4 -0.9997564 -0.02206945 -3.8665e-4 -0.9997564 -0.02206945 -3.8665e-4 -0.9997564 -0.02206945 0.4281797 -0.8730323 0.233403 0.4281797 -0.8730323 0.233403 0.4281797 -0.8730323 0.233403 -0.301356 -0.02456001 -0.9531954 -0.301356 -0.02456001 -0.9531954 -0.301356 -0.02456001 -0.9531954 -0.2661189 0.106444 -0.9580452 -0.2661189 0.106444 -0.9580452 -0.2661189 0.106444 -0.9580452 -0.5412136 0.2207211 0.8114001 -0.5412136 0.2207211 0.8114001 -0.5412136 0.2207211 0.8114001 -0.6366843 0.022523 0.7707956 -0.6366843 0.022523 0.7707956 -0.6366843 0.022523 0.7707956 -0.1554841 0.1478849 0.976706 -0.1554841 0.1478849 0.976706 -0.1554841 0.1478849 0.976706 -0.102725 -0.006254999 0.9946902 -0.102725 -0.006254999 0.9946902 -0.102725 -0.006254999 0.9946902 -0.8776423 0.08740702 -0.4712792 -0.8776423 0.08740702 -0.4712792 -0.8776423 0.08740702 -0.4712792 -0.8871412 0.003887 -0.4614817 -0.8871412 0.003887 -0.4614817 -0.8871412 0.003887 -0.4614817 -0.8317195 0.07166899 -0.5505508 -0.8317195 0.07166899 -0.5505508 -0.8317195 0.07166899 -0.5505508 -0.8371803 -0.008524999 -0.5468606 -0.8371803 -0.008524999 -0.5468606 -0.8371803 -0.008524999 -0.5468606 -0.1454921 0.8897222 0.4326969 -0.1454921 0.8897222 0.4326969 -0.1454921 0.8897222 0.4326969 0.02506159 0.9404954 -0.3388814 0.02506159 0.9404954 -0.3388814 0.02506159 0.9404954 -0.3388814 0.06817468 0.9976122 0.01104805 0.06817468 0.9976122 0.01104805 0.06817468 0.9976122 0.01104805 -0.725848 0.5539446 -0.407787 -0.725848 0.5539446 -0.407787 -0.725848 0.5539446 -0.407787 -0.01596431 0.9995281 0.02624544 -0.01596431 0.9995281 0.02624544 -0.01596431 0.9995281 0.02624544 0.03033628 0.9988282 -0.03770893 0.03033628 0.9988282 -0.03770893 0.03033628 0.9988282 -0.03770893 -0.3490825 0.9095586 0.2254873 -0.3490825 0.9095586 0.2254873 -0.3490825 0.9095586 0.2254873 -0.4144847 0.22033 0.882982 -0.4144847 0.22033 0.882982 -0.4144847 0.22033 0.882982 -0.4681475 -0.001934 0.8836483 -0.4681475 -0.001934 0.8836483 -0.4681475 -0.001934 0.8836483 0.1867438 -0.04972299 -0.9811495 0.1867438 -0.04972299 -0.9811495 0.1867438 -0.04972299 -0.9811495 0.2408922 0.142368 -0.9600533 0.2408922 0.142368 -0.9600533 0.2408922 0.142368 -0.9600533 0.08054305 0.9967502 0.001338821 0.08054305 0.9967502 0.001338821 0.08054305 0.9967502 0.001338821 0.9601635 0.06167802 0.2725474 0.9601635 0.06167802 0.2725474 0.9601635 0.06167802 0.2725474 0.9601635 0.06167802 0.2725474 0.9601635 0.06167802 0.2725474 0.9601635 0.06167802 0.2725474 -0.0522852 -0.9985948 -0.008645551 -0.0522852 -0.9985948 -0.008645551 -0.0522852 -0.9985948 -0.008645551 0.5900792 0.7987951 0.117188 0.5900792 0.7987951 0.117188 0.5900792 0.7987951 0.117188 0.649804 0.757952 0.05712898 0.649804 0.757952 0.05712898 0.649804 0.757952 0.05712898 0.8751523 0.02210799 -0.4833421 0.8751523 0.02210799 -0.4833421 0.8751523 0.02210799 -0.4833421 0.8529426 0.145815 -0.5012255 0.8529426 0.145815 -0.5012255 0.8529426 0.145815 -0.5012255 -0.9965049 0.08181103 0.016881 -0.9965049 0.08181103 0.016881 -0.9965049 0.08181103 0.016881 -0.9965049 0.08181103 0.016881 -0.9965049 0.08181103 0.016881 -0.9965049 0.08181103 0.016881 0.05439782 -0.9985076 0.004841609 0.05439782 -0.9985076 0.004841609 0.05439782 -0.9985076 0.004841609 0.0543238 -0.9985138 0.004393095 0.0543238 -0.9985138 0.004393095 0.0543238 -0.9985138 0.004393095 0.08545245 -0.9522669 -0.2930626 0.08545245 -0.9522669 -0.2930626 0.08545245 -0.9522669 -0.2930626 0.1805733 -0.9784508 -0.1001367 0.1805733 -0.9784508 -0.1001367 0.1805733 -0.9784508 -0.1001367 -0.01305091 -0.9989126 0.04475901 -0.01305091 -0.9989126 0.04475901 -0.01305091 -0.9989126 0.04475901 0.001575107 -0.9997564 0.02201656 0.001575107 -0.9997564 0.02201656 0.001575107 -0.9997564 0.02201656 -0.4401327 -0.8730322 -0.2099953 -0.4401327 -0.8730322 -0.2099953 -0.4401327 -0.8730322 -0.2099953 0.3522728 -0.02456001 0.9355751 0.3522728 -0.02456001 0.9355751 0.3522728 -0.02456001 0.9355751 0.3173482 0.106444 0.9423162 0.3173482 0.106444 0.9423162 0.3173482 0.106444 0.9423162 0.4967125 0.2207211 -0.8393801 0.4967125 0.2207211 -0.8393801 0.4967125 0.2207211 -0.8393801 0.5942321 0.022523 -0.8039783 0.5942321 0.022523 -0.8039783 0.5942321 0.022523 -0.8039783 0.1026371 0.1478849 -0.9836645 0.1026371 0.1478849 -0.9836645 0.1026371 0.1478849 -0.9836645 0.04898562 -0.006254999 -0.99878 0.04898562 -0.006254999 -0.99878 0.04898562 -0.006254999 -0.99878 0.9017584 0.08740702 0.4233107 0.9017584 0.08740702 0.4233107 0.9017584 0.08740702 0.4233107 0.9107156 0.003886999 0.4130157 0.9107156 0.003886999 0.4130157 0.9107156 0.003886999 0.4130157 0.8601732 0.07166899 0.5049413 0.8601732 0.07166899 0.5049413 0.8601732 0.07166899 0.5049413 0.8654273 -0.008524999 0.5009622 0.8654273 -0.008524999 0.5009622 0.8654273 -0.008524999 0.5009622 0.1219687 0.8897222 -0.4399071 0.1219687 0.8897222 -0.4399071 0.1219687 0.8897222 -0.4399071 -0.00676755 0.9404954 0.3397394 -0.00676755 0.9404954 0.3397394 -0.00676755 0.9404954 0.3397394 -0.0686709 0.9976122 -0.007359012 -0.0686709 0.9976122 -0.007359012 -0.0686709 0.9976122 -0.007359012 0.7467637 0.5539446 0.3680888 0.7467637 0.5539446 0.3680888 0.7467637 0.5539446 0.3680888 0.01452712 0.9995281 -0.02706742 0.01452712 0.9995281 -0.02706742 0.01452712 0.9995281 -0.02706742 -0.02826061 0.9988282 0.03928857 -0.02826061 0.9988282 0.03928857 -0.02826061 0.9988282 0.03928857 0.3364271 0.9095586 -0.2439671 0.3364271 0.9095586 -0.2439671 0.3364271 0.9095586 -0.2439671 0.366311 0.22033 -0.9040304 0.366311 0.22033 -0.9040304 0.366311 0.22033 -0.9040304 0.4198599 -0.001934 -0.9075869 0.4198599 -0.001934 -0.9075869 0.4198599 -0.001934 -0.9075869 -0.133612 -0.04972299 0.9897856 -0.133612 -0.04972299 0.9897856 -0.133612 -0.04972299 0.9897856 -0.1888183 0.142368 0.9716374 -0.1888183 0.142368 0.9716374 -0.1888183 0.142368 0.9716374 -0.0804982 0.9967502 0.003002478 -0.0804982 0.9967502 0.003002478 -0.0804982 0.9967502 0.003002478 -0.9734527 0.06167801 -0.2204216 -0.9734527 0.06167801 -0.2204216 -0.9734527 0.06167801 -0.2204216 -0.9734527 0.06167801 -0.2204216 -0.9734527 0.06167801 -0.2204216 -0.9734527 0.06167801 -0.2204216 0.05267505 -0.9985948 0.005816066 0.05267505 -0.9985948 0.005816066 0.05267505 -0.9985948 0.005816066 -0.5955358 0.7987951 -0.08522654 -0.5955358 0.7987951 -0.08522654 -0.5955358 0.7987951 -0.08522654 -0.6519381 0.757952 -0.02203703 -0.6519381 0.757952 -0.02203703 -0.6519381 0.757952 -0.02203703 0.857793 0.02210799 0.5135197 0.857793 0.02210799 0.5135197 0.857793 0.02210799 0.5135197 0.8620863 0.145815 0.48533 0.8620863 0.145815 0.48533 0.8620863 0.145815 0.48533 -0.515575 0.08181103 -0.8529299 -0.515575 0.08181103 -0.8529299 -0.515575 0.08181103 -0.8529299 -0.515575 0.08181103 -0.8529299 -0.515575 0.08181103 -0.8529299 -0.515575 0.08181103 -0.8529299 0.02316266 -0.9985076 0.0494576 0.02316266 -0.9985076 0.0494576 0.02316266 -0.9985076 0.0494576 0.02351316 -0.9985138 0.04916814 0.02351316 -0.9985138 0.04916814 0.02351316 -0.9985138 0.04916814 0.2962948 -0.9522669 -0.07346582 0.2962948 -0.9522669 -0.07346582 0.2962948 -0.9522669 -0.07346582 0.1773432 -0.9784508 0.1057518 0.1773432 -0.9784508 0.1057518 0.1773432 -0.9784508 0.1057518 -0.0452526 -0.9989126 0.01122042 -0.0452526 -0.9989126 0.01122042 -0.0452526 -0.9989126 0.01122042 -0.01824008 -0.9997564 0.01243018 -0.01824008 -0.9997564 0.01243018 -0.01824008 -0.9997564 0.01243018 -0.03974419 -0.8730323 -0.4860404 -0.03974419 -0.8730323 -0.4860404 -0.03974419 -0.8730323 -0.4860404 -0.6316451 -0.02456001 0.7748686 -0.6316451 -0.02456001 0.7748686 -0.6316451 -0.02456001 0.7748686 -0.6550304 0.106444 0.7480675 -0.6550304 0.106444 0.7480675 -0.6550304 0.106444 0.7480675 0.975309 0.2207211 0.007387524 0.975309 0.2207211 0.007387524 0.975309 0.2207211 0.007387524 0.9937333 0.022523 0.1094851 0.9937333 0.022523 0.1094851 0.9937333 0.022523 0.1094851 0.9019166 0.1478849 -0.4058036 0.9019166 0.1478849 -0.4058036 0.9019166 0.1478849 -0.4058036 0.8880103 -0.006254999 -0.4597811 0.8880103 -0.006254999 -0.4597811 0.8880103 -0.006254999 -0.4597811 0.08742373 0.08740702 0.9923291 0.08742373 0.08740702 0.9923291 0.08742373 0.08740702 0.9923291 0.1008263 0.003887 0.9948965 0.1008263 0.003887 0.9948965 0.1008263 0.003887 0.9948965 -0.004047335 0.07166899 0.9974203 -0.004047335 0.07166899 0.9974203 -0.004047335 0.07166899 0.9974203 0.002033738 -0.008524999 0.9999616 0.002033738 -0.008524999 0.9999616 0.002033738 -0.008524999 0.9999616 0.4415909 0.8897222 -0.1157243 0.4415909 0.8897222 -0.1157243 0.4415909 0.8897222 -0.1157243 -0.297086 0.9404954 0.1649503 -0.297086 0.9404954 0.1649503 -0.297086 0.9404954 0.1649503 -0.02816217 0.9976122 -0.06306139 -0.02816217 0.9976122 -0.06306139 -0.02816217 0.9976122 -0.06306139 0.05723772 0.5539446 0.8305836 0.05723772 0.5539446 0.8305836 0.05723772 0.5539446 0.8305836 0.03070146 0.9995281 -0.001050073 0.03070146 0.9995281 -0.001050073 0.03070146 0.9995281 -0.001050073 -0.04817026 0.9988282 -0.004677624 -0.04817026 0.9988282 -0.004677624 -0.04817026 0.9988282 -0.004677624 0.3800296 0.9095586 0.1681685 0.3800296 0.9095586 0.1681685 0.3800296 0.9095586 0.1681685 0.9656372 0.22033 -0.1378387 0.9656372 0.22033 -0.1378387 0.9656372 0.22033 -0.1378387 0.9956328 -0.001934 -0.09333694 0.9956328 -0.001934 -0.09333694 0.9956328 -0.001934 -0.09333694 -0.9227803 -0.049723 0.3821051 -0.9227803 -0.049723 0.3821051 -0.9227803 -0.049723 0.3821051 -0.9348466 0.142368 0.3252588 -0.9348466 0.142368 0.3252588 -0.9348466 0.142368 0.3252588 -0.04306508 0.9967502 -0.06807623 -0.04306508 0.9967502 -0.06807623 -0.04306508 0.9967502 -0.06807623 -0.2988524 0.06167802 -0.9523042 -0.2988524 0.06167802 -0.9523042 -0.2988524 0.06167802 -0.9523042 -0.2988524 0.06167802 -0.9523042 -0.2988524 0.06167802 -0.9523042 -0.2988524 0.06167802 -0.9523042 0.0214542 -0.9985948 0.04845828 0.0214542 -0.9985948 0.04845828 0.0214542 -0.9985948 0.04845828 -0.2257264 0.7987951 -0.5576505 -0.2257264 0.7987951 -0.5576505 -0.2257264 0.7987951 -0.5576505 -0.3087054 0.757952 -0.574639 -0.3087054 0.757952 -0.574639 -0.3087054 0.757952 -0.574639 -0.00823775 0.02210799 -0.9997217 -0.00823775 0.02210799 -0.9997217 -0.00823775 0.02210799 -0.9997217 -0.03453996 0.145815 -0.9887087 -0.03453996 0.145815 -0.9887087 -0.03453996 0.145815 -0.9887087 -0.4597228 0.08181103 0.8842862 -0.4597228 0.08181103 0.8842862 -0.4597228 0.08181103 0.8842862 -0.4597228 0.08181103 0.8842862 -0.4597228 0.08181103 0.8842862 -0.4597228 0.08181103 0.8842862 0.03016325 -0.9985076 -0.04552737 0.03016325 -0.9985076 -0.04552737 0.03016325 -0.9985076 -0.04552737 0.02973362 -0.9985138 -0.04567588 0.02973362 -0.9985138 -0.04567588 0.02973362 -0.9985138 -0.04567588 -0.2170008 -0.9522669 -0.2147056 -0.2170008 -0.9522669 -0.2147056 -0.2170008 -0.9522669 -0.2147056 -0.002057561 -0.9784508 -0.2064699 -0.002057561 -0.9784508 -0.2064699 -0.002057561 -0.9784508 -0.2064699 0.03314225 -0.9989126 0.03279156 0.03314225 -0.9989126 0.03279156 0.03314225 -0.9989126 0.03279156 0.02010972 -0.9997564 0.009099947 0.02010972 -0.9997564 0.009099947 0.02010972 -0.9997564 0.009099947 -0.394258 -0.8730323 0.2870113 -0.394258 -0.8730323 0.2870113 -0.394258 -0.8730323 0.2870113 0.9904333 -0.02456001 0.1357893 0.9904333 -0.02456001 0.1357893 0.9904333 -0.02456001 0.1357893 0.9797287 0.106444 0.1697095 0.9797287 0.106444 0.1697095 0.9797287 0.106444 0.1697095 -0.501534 0.2207211 -0.8365082 -0.501534 0.2207211 -0.8365082 -0.501534 0.2207211 -0.8365082 -0.4239626 0.022523 -0.9053996 -0.4239626 0.022523 -0.9053996 -0.4239626 0.022523 -0.9053996 -0.816077 0.1478849 -0.5587025 -0.816077 0.1478849 -0.5587025 -0.816077 0.1478849 -0.5587025 -0.8549189 -0.006254999 -0.5187241 -0.8549189 -0.006254999 -0.5187241 -0.8549189 -0.006254999 -0.5187241 0.801671 0.08740702 -0.5913406 0.801671 0.08740702 -0.5913406 0.801671 0.08740702 -0.5913406 0.7968841 0.003887 -0.6041198 0.7968841 0.003887 -0.6041198 0.7968841 0.003887 -0.6041198 0.8536463 0.071669 -0.5158989 0.8536463 0.071669 -0.5158989 0.8536463 0.071669 -0.5158989 0.8526495 -0.008524999 -0.5224138 0.8526495 -0.008524999 -0.5224138 0.8526495 -0.008524999 -0.5224138 -0.3287339 0.8897222 -0.316747 -0.3287339 0.8897222 -0.316747 -0.3287339 0.8897222 -0.316747 0.2955168 0.9404954 0.1677453 0.2955168 0.9404954 0.1677453 0.2955168 0.9404954 0.1677453 -0.03917414 0.9976122 0.05687912 -0.03917414 0.9976122 0.05687912 -0.03917414 0.9976122 0.05687912 0.6793 0.5539446 -0.4813491 0.6793 0.5539446 -0.4813491 0.6793 0.5539446 -0.4813491 -0.01688267 0.9995281 -0.02566433 -0.01688267 0.9995281 -0.02566433 -0.01688267 0.9995281 -0.02566433 0.02108866 0.9988282 0.04356056 0.02108866 0.9988282 0.04356056 0.02108866 0.9988282 0.04356056 -0.05430815 0.9095586 -0.4120118 -0.05430815 0.9095586 -0.4120118 -0.05430815 0.9095586 -0.4120118 -0.6204835 0.22033 -0.752632 -0.6204835 0.22033 -0.752632 -0.6204835 0.22033 -0.752632 -0.5981091 -0.001934 -0.8014125 -0.5981091 -0.001934 -0.8014125 -0.5981091 -0.001934 -0.8014125 0.8067082 -0.04972299 0.5888543 0.8067082 -0.04972299 0.5888543 0.8067082 -0.04972299 0.5888543 0.7644592 0.142368 0.6287556 0.7644592 0.142368 0.6287556 0.7644592 0.142368 0.6287556 -0.0356956 0.9967502 0.07221356 -0.0356956 0.9967502 0.07221356 -0.0356956 0.9967502 0.07221356 -0.6574096 0.06167802 0.7510051 -0.6574096 0.06167802 0.7510051 -0.6574096 0.06167802 0.7510051 -0.6574096 0.06167802 0.7510051 -0.6574096 0.06167802 0.7510051 -0.6574096 0.06167802 0.7510051 0.03019968 -0.9985948 -0.04354844 0.03019968 -0.9985948 -0.04354844 0.03019968 -0.9985948 -0.04354844 -0.3585541 0.7987951 0.4830792 -0.3585541 0.7987951 0.4830792 -0.3585541 0.7987951 0.4830792 -0.3298508 0.757952 0.5627676 -0.3298508 0.757952 0.5627676 -0.3298508 0.757952 0.5627676 0.04150298 0.9987515 -0.02780099 0.04150298 0.9987515 -0.02780099 0.04150298 0.9987515 -0.02780099 0.3352141 0.9173144 -0.2148621 0.3352141 0.9173144 -0.2148621 0.3352141 0.9173144 -0.2148621 -0.4087701 0.8546532 0.3201171 -0.4087701 0.8546532 0.3201171 -0.4087701 0.8546532 0.3201171 -0.7591261 0.185045 0.624088 -0.7579971 0.195968 0.6221231 -0.7579971 0.195968 0.6221231 -0.7579971 0.195968 0.6221231 -0.7579971 0.195968 0.6221231 -0.7567731 0.206867 0.6200811 0.9967939 -0.006333999 -0.07976199 0.9967843 -0.005400002 -0.07995003 0.9967843 -0.005400002 -0.07995003 0.9967843 -0.005400002 -0.07995003 0.9967843 -0.005400002 -0.07995003 0.9967738 -0.004466999 -0.08013798 0.517206 0.10899 -0.8488929 0.487996 0.258762 -0.833608 0.487996 0.258762 -0.833608 0.487996 0.258762 -0.833608 0.487996 0.258762 -0.833608 0.447309 0.402448 -0.798718 -0.06166699 0.9905099 0.122831 -0.06166699 0.9905099 0.122831 -0.06166699 0.9905099 0.122831 0.1301689 0.9540645 -0.2698459 0.1301689 0.9540645 -0.2698459 0.1301689 0.9540645 -0.2698459 -0.993824 -0.042543 -0.102489 -0.993824 -0.042543 -0.102489 -0.993824 -0.042543 -0.102489 -0.715192 0.4571629 -0.52868 -0.715192 0.4571629 -0.52868 -0.715192 0.4571629 -0.52868 -0.8948001 -1.14e-4 -0.4464671 -0.8948001 -1.14e-4 -0.4464671 -0.8948001 -1.14e-4 -0.4464671 -0.006412 -0.999702 -0.023555 -0.006412 -0.999702 -0.023555 -0.006412 -0.999702 -0.023555 0.09259299 -0.9696799 -0.226158 0.09259299 -0.9696799 -0.226158 0.09259299 -0.9696799 -0.226158 -0.006414 -0.999702 -0.023554 -0.006414 -0.999702 -0.023554 -0.006414 -0.999702 -0.023554 -0.006414 -0.999702 -0.023554 -0.006414 -0.999702 -0.023554 -0.006413001 -0.9997021 -0.023554 0.392767 0.119607 -0.9118269 0.377193 0.238464 -0.894908 0.377193 0.238464 -0.894908 0.377193 0.238464 -0.894908 0.377193 0.238464 -0.894908 0.3560911 0.3538271 -0.8648732 -0.04800301 0.08816902 0.9949483 -0.04133899 0.13972 0.9893278 -0.04133899 0.13972 0.9893278 -0.04133899 0.13972 0.9893278 -0.04133899 0.13972 0.9893278 -0.034562 0.190889 0.981003 0.04955816 0.9987515 0.006275441 0.04955816 0.9987515 0.006275441 0.04955816 0.9987515 0.006275441 0.393918 0.9173144 0.05798995 0.393918 0.9173144 0.05798995 0.393918 0.9173144 0.05798995 -0.5185029 0.8546532 -0.02688222 -0.5185029 0.8546532 -0.02688222 -0.5185029 0.8546532 -0.02688222 -0.9823425 0.185045 -0.02759528 -0.9802008 0.195968 -0.02833633 -0.9802008 0.195968 -0.02833633 -0.9802008 0.195968 -0.02833633 -0.9802008 0.195968 -0.02833633 -0.9779371 0.206867 -0.02907313 0.8042744 -0.006333999 0.5942245 0.8043907 -0.005400002 0.5940763 0.8043907 -0.005400002 0.5940763 0.8043907 -0.005400002 0.5940763 0.8043907 -0.005400002 0.5940763 0.8045061 -0.004466999 0.5939277 0.9474386 0.10899 -0.3008013 0.9153701 0.258762 -0.3084476 0.9153701 0.258762 -0.3084476 0.9153701 0.258762 -0.3084476 0.9153701 0.258762 -0.3084476 0.8617736 0.402448 -0.3088399 -0.1271553 0.9905099 0.05217089 -0.1271553 0.9905099 0.05217089 -0.1271553 0.9905099 0.05217089 0.275343 0.9540645 -0.1180973 0.275343 0.9540645 -0.1180973 0.275343 0.9540645 -0.1180973 -0.6823871 -0.042543 -0.729752 -0.6823871 -0.042543 -0.729752 -0.6823871 -0.042543 -0.729752 -0.192414 0.457163 -0.8683196 -0.192414 0.457163 -0.8683196 -0.192414 0.457163 -0.8683196 -0.3818702 -1.14e-4 -0.924216 -0.3818702 -1.14e-4 -0.924216 -0.3818702 -1.14e-4 -0.924216 0.010627 -0.999702 -0.02197768 0.010627 -0.999702 -0.02197768 0.010627 -0.999702 -0.02197768 0.2183174 -0.9696799 -0.1098107 0.2183174 -0.9696799 -0.1098107 0.2183174 -0.9696799 -0.1098107 0.01062484 -0.999702 -0.02197824 0.01062484 -0.999702 -0.02197824 0.01062484 -0.999702 -0.02197824 0.01062484 -0.999702 -0.02197824 0.01062484 -0.999702 -0.02197824 0.01062559 -0.9997021 -0.02197759 0.8948864 0.119607 -0.4299679 0.8720314 0.238464 -0.4274297 0.8720314 0.238464 -0.4274297 0.8720314 0.238464 -0.4274297 0.8720314 0.238464 -0.4274297 0.8363958 0.3538271 -0.4186269 -0.6893897 0.08816902 0.719005 -0.680673 0.13972 0.7191402 -0.680673 0.13972 0.7191402 -0.680673 0.13972 0.7191402 -0.680673 0.13972 0.7191402 -0.6700958 0.190889 0.7173097 0.01451601 0.9987515 0.0477983 0.01451601 0.9987515 0.0477983 0.01451601 0.9987515 0.0477983 0.1079804 0.9173144 0.383242 0.1079804 0.9173144 0.383242 0.1079804 0.9173144 0.383242 -0.1872661 0.8546532 -0.4842513 -0.1872661 0.8546532 -0.4842513 -0.1872661 0.8546532 -0.4842513 -0.3760889 0.185045 -0.9079182 -0.3745377 0.195968 -0.9062661 -0.3745377 0.195968 -0.9062661 -0.3745377 0.195968 -0.9062661 -0.3745377 0.195968 -0.9062661 -0.3729405 0.206867 -0.9045008 -0.2138481 -0.006333999 0.9768464 -0.2136654 -0.005400002 0.9768921 -0.2136654 -0.005400002 0.9768921 -0.2136654 -0.005400002 0.9768921 -0.2136654 -0.005400002 0.9768921 -0.2134826 -0.004466999 0.9769366 0.6615793 0.10899 0.7419125 0.6554589 0.258762 0.7095182 0.6554589 0.258762 0.7095182 0.6554589 0.258762 0.7095182 0.6554589 0.258762 0.7095182 0.6339233 0.402448 0.6604369 -0.09956129 0.9905099 -0.09475134 -0.09956129 0.9905099 -0.09475134 -0.09956129 0.9905099 -0.09475134 0.2202696 0.9540645 0.2030814 0.2202696 0.9540645 0.2030814 0.2202696 0.9540645 0.2030814 0.3873424 -0.042543 -0.9209539 0.3873424 -0.042543 -0.9209539 0.3873424 -0.042543 -0.9209539 0.7139708 0.457163 -0.5303281 0.7139708 0.457163 -0.5303281 0.7139708 0.457163 -0.5303281 0.6876 -1.14e-4 -0.7260897 0.6876 -1.14e-4 -0.7260897 0.6876 -1.14e-4 -0.7260897 0.02440144 -0.999702 7.22276e-4 0.02440144 -0.999702 7.22276e-4 0.02440144 -0.999702 7.22276e-4 0.1894116 -0.9696799 0.1544155 0.1894116 -0.9696799 0.1544155 0.1894116 -0.9696799 0.1544155 0.02440106 -0.999702 7.20071e-4 0.02440106 -0.999702 7.20071e-4 0.02440106 -0.999702 7.20071e-4 0.02440106 -0.999702 7.20071e-4 0.02440106 -0.999702 7.20071e-4 0.02440077 -0.9997021 7.21028e-4 0.7580107 0.119607 0.6411816 0.7463579 0.238464 0.6213572 0.7463579 0.238464 0.6213572 0.7463579 0.238464 0.6213572 0.7463579 0.238464 0.6213572 0.7237663 0.3538271 0.5924262 -0.9378898 0.08816902 -0.3355432 -0.9344524 0.13972 -0.3275316 -0.9344524 0.13972 -0.3275316 -0.9344524 0.13972 -0.3275316 -0.9344524 0.13972 -0.3275316 -0.928461 0.190889 -0.3186249 0.04150298 0.9987515 -0.02780099 0.04150298 0.9987515 -0.02780099 0.04150298 0.9987515 -0.02780099 0.3352141 0.9173144 -0.2148621 0.3352141 0.9173144 -0.2148621 0.3352141 0.9173144 -0.2148621 -0.4087701 0.8546532 0.3201171 -0.4087701 0.8546532 0.3201171 -0.4087701 0.8546532 0.3201171 -0.7591261 0.185045 0.624088 -0.7579971 0.195968 0.6221231 -0.7579971 0.195968 0.6221231 -0.7579971 0.195968 0.6221231 -0.7579971 0.195968 0.6221231 -0.7567731 0.206867 0.6200811 0.9967939 -0.006333999 -0.07976199 0.9967843 -0.005400002 -0.07995003 0.9967843 -0.005400002 -0.07995003 0.9967843 -0.005400002 -0.07995003 0.9967843 -0.005400002 -0.07995003 0.9967738 -0.004466999 -0.08013798 0.517206 0.10899 -0.8488929 0.487996 0.258762 -0.833608 0.487996 0.258762 -0.833608 0.487996 0.258762 -0.833608 0.487996 0.258762 -0.833608 0.447309 0.402448 -0.798718 -0.06166699 0.9905099 0.122831 -0.06166699 0.9905099 0.122831 -0.06166699 0.9905099 0.122831 0.1301689 0.9540645 -0.2698459 0.1301689 0.9540645 -0.2698459 0.1301689 0.9540645 -0.2698459 -0.993824 -0.042543 -0.102489 -0.993824 -0.042543 -0.102489 -0.993824 -0.042543 -0.102489 -0.715192 0.4571629 -0.52868 -0.715192 0.4571629 -0.52868 -0.715192 0.4571629 -0.52868 -0.8948001 -1.14e-4 -0.4464671 -0.8948001 -1.14e-4 -0.4464671 -0.8948001 -1.14e-4 -0.4464671 -0.006412 -0.999702 -0.023555 -0.006412 -0.999702 -0.023555 -0.006412 -0.999702 -0.023555 0.09259299 -0.9696799 -0.226158 0.09259299 -0.9696799 -0.226158 0.09259299 -0.9696799 -0.226158 -0.006414 -0.999702 -0.023554 -0.006414 -0.999702 -0.023554 -0.006414 -0.999702 -0.023554 -0.006414 -0.999702 -0.023554 -0.006414 -0.999702 -0.023554 -0.006413001 -0.9997021 -0.023554 0.392767 0.119607 -0.9118269 0.377193 0.238464 -0.894908 0.377193 0.238464 -0.894908 0.377193 0.238464 -0.894908 0.377193 0.238464 -0.894908 0.3560911 0.3538271 -0.8648732 -0.04800301 0.08816902 0.9949483 -0.04133899 0.13972 0.9893278 -0.04133899 0.13972 0.9893278 -0.04133899 0.13972 0.9893278 -0.04133899 0.13972 0.9893278 -0.034562 0.190889 0.981003 0.04150298 0.9987515 -0.02780099 0.04150298 0.9987515 -0.02780099 0.04150298 0.9987515 -0.02780099 0.3352141 0.9173144 -0.2148621 0.3352141 0.9173144 -0.2148621 0.3352141 0.9173144 -0.2148621 -0.4087701 0.8546532 0.3201171 -0.4087701 0.8546532 0.3201171 -0.4087701 0.8546532 0.3201171 -0.7591261 0.185045 0.624088 -0.7579971 0.195968 0.6221231 -0.7579971 0.195968 0.6221231 -0.7579971 0.195968 0.6221231 -0.7579971 0.195968 0.6221231 -0.7567731 0.206867 0.6200811 0.9967939 -0.006333999 -0.07976199 0.9967843 -0.005400002 -0.07995003 0.9967843 -0.005400002 -0.07995003 0.9967843 -0.005400002 -0.07995003 0.9967843 -0.005400002 -0.07995003 0.9967738 -0.004466999 -0.08013798 0.517206 0.10899 -0.8488929 0.487996 0.258762 -0.833608 0.487996 0.258762 -0.833608 0.487996 0.258762 -0.833608 0.487996 0.258762 -0.833608 0.447309 0.402448 -0.798718 -0.06166699 0.9905099 0.122831 -0.06166699 0.9905099 0.122831 -0.06166699 0.9905099 0.122831 0.1301689 0.9540645 -0.2698459 0.1301689 0.9540645 -0.2698459 0.1301689 0.9540645 -0.2698459 -0.993824 -0.042543 -0.102489 -0.993824 -0.042543 -0.102489 -0.993824 -0.042543 -0.102489 -0.715192 0.4571629 -0.52868 -0.715192 0.4571629 -0.52868 -0.715192 0.4571629 -0.52868 -0.8948001 -1.14e-4 -0.4464671 -0.8948001 -1.14e-4 -0.4464671 -0.8948001 -1.14e-4 -0.4464671 -0.006412 -0.999702 -0.023555 -0.006412 -0.999702 -0.023555 -0.006412 -0.999702 -0.023555 0.09259299 -0.9696799 -0.226158 0.09259299 -0.9696799 -0.226158 0.09259299 -0.9696799 -0.226158 -0.006414 -0.999702 -0.023554 -0.006414 -0.999702 -0.023554 -0.006414 -0.999702 -0.023554 -0.006414 -0.999702 -0.023554 -0.006414 -0.999702 -0.023554 -0.006413001 -0.9997021 -0.023554 0.392767 0.119607 -0.9118269 0.377193 0.238464 -0.894908 0.377193 0.238464 -0.894908 0.377193 0.238464 -0.894908 0.377193 0.238464 -0.894908 0.3560911 0.3538271 -0.8648732 -0.04800301 0.08816902 0.9949483 -0.04133899 0.13972 0.9893278 -0.04133899 0.13972 0.9893278 -0.04133899 0.13972 0.9893278 -0.04133899 0.13972 0.9893278 -0.034562 0.190889 0.981003 0.04150298 0.9987515 -0.02780099 0.04150298 0.9987515 -0.02780099 0.04150298 0.9987515 -0.02780099 0.3352141 0.9173144 -0.2148621 0.3352141 0.9173144 -0.2148621 0.3352141 0.9173144 -0.2148621 -0.4087701 0.8546532 0.3201171 -0.4087701 0.8546532 0.3201171 -0.4087701 0.8546532 0.3201171 -0.7591261 0.185045 0.624088 -0.7579971 0.195968 0.6221231 -0.7579971 0.195968 0.6221231 -0.7579971 0.195968 0.6221231 -0.7579971 0.195968 0.6221231 -0.7567731 0.206867 0.6200811 0.9967939 -0.006333999 -0.07976199 0.9967843 -0.005400002 -0.07995003 0.9967843 -0.005400002 -0.07995003 0.9967843 -0.005400002 -0.07995003 0.9967843 -0.005400002 -0.07995003 0.9967738 -0.004466999 -0.08013798 0.517206 0.10899 -0.8488929 0.487996 0.258762 -0.833608 0.487996 0.258762 -0.833608 0.487996 0.258762 -0.833608 0.487996 0.258762 -0.833608 0.447309 0.402448 -0.798718 -0.06166699 0.9905099 0.122831 -0.06166699 0.9905099 0.122831 -0.06166699 0.9905099 0.122831 0.1301689 0.9540645 -0.2698459 0.1301689 0.9540645 -0.2698459 0.1301689 0.9540645 -0.2698459 -0.993824 -0.042543 -0.102489 -0.993824 -0.042543 -0.102489 -0.993824 -0.042543 -0.102489 -0.715192 0.4571629 -0.52868 -0.715192 0.4571629 -0.52868 -0.715192 0.4571629 -0.52868 -0.8948001 -1.14e-4 -0.4464671 -0.8948001 -1.14e-4 -0.4464671 -0.8948001 -1.14e-4 -0.4464671 -0.006412 -0.999702 -0.023555 -0.006412 -0.999702 -0.023555 -0.006412 -0.999702 -0.023555 0.09259299 -0.9696799 -0.226158 0.09259299 -0.9696799 -0.226158 0.09259299 -0.9696799 -0.226158 -0.006414 -0.999702 -0.023554 -0.006414 -0.999702 -0.023554 -0.006414 -0.999702 -0.023554 -0.006414 -0.999702 -0.023554 -0.006414 -0.999702 -0.023554 -0.006413001 -0.9997021 -0.023554 0.392767 0.119607 -0.9118269 0.377193 0.238464 -0.894908 0.377193 0.238464 -0.894908 0.377193 0.238464 -0.894908 0.377193 0.238464 -0.894908 0.3560911 0.3538271 -0.8648732 -0.04800301 0.08816902 0.9949483 -0.04133899 0.13972 0.9893278 -0.04133899 0.13972 0.9893278 -0.04133899 0.13972 0.9893278 -0.04133899 0.13972 0.9893278 -0.034562 0.190889 0.981003 0.04150298 0.9987515 -0.02780099 0.04150298 0.9987515 -0.02780099 0.04150298 0.9987515 -0.02780099 0.3352141 0.9173144 -0.2148621 0.3352141 0.9173144 -0.2148621 0.3352141 0.9173144 -0.2148621 -0.4087701 0.8546532 0.3201171 -0.4087701 0.8546532 0.3201171 -0.4087701 0.8546532 0.3201171 -0.7591261 0.185045 0.624088 -0.7579971 0.195968 0.6221231 -0.7579971 0.195968 0.6221231 -0.7579971 0.195968 0.6221231 -0.7579971 0.195968 0.6221231 -0.7567731 0.206867 0.6200811 0.9967939 -0.006333999 -0.07976199 0.9967843 -0.005400002 -0.07995003 0.9967843 -0.005400002 -0.07995003 0.9967843 -0.005400002 -0.07995003 0.9967843 -0.005400002 -0.07995003 0.9967738 -0.004466999 -0.08013798 0.517206 0.10899 -0.8488929 0.487996 0.258762 -0.833608 0.487996 0.258762 -0.833608 0.487996 0.258762 -0.833608 0.487996 0.258762 -0.833608 0.447309 0.402448 -0.798718 -0.06166699 0.9905099 0.122831 -0.06166699 0.9905099 0.122831 -0.06166699 0.9905099 0.122831 0.1301689 0.9540645 -0.2698459 0.1301689 0.9540645 -0.2698459 0.1301689 0.9540645 -0.2698459 -0.993824 -0.042543 -0.102489 -0.993824 -0.042543 -0.102489 -0.993824 -0.042543 -0.102489 -0.715192 0.4571629 -0.52868 -0.715192 0.4571629 -0.52868 -0.715192 0.4571629 -0.52868 -0.8948001 -1.14e-4 -0.4464671 -0.8948001 -1.14e-4 -0.4464671 -0.8948001 -1.14e-4 -0.4464671 -0.006412 -0.999702 -0.023555 -0.006412 -0.999702 -0.023555 -0.006412 -0.999702 -0.023555 0.09259299 -0.9696799 -0.226158 0.09259299 -0.9696799 -0.226158 0.09259299 -0.9696799 -0.226158 -0.006414 -0.999702 -0.023554 -0.006414 -0.999702 -0.023554 -0.006414 -0.999702 -0.023554 -0.006414 -0.999702 -0.023554 -0.006414 -0.999702 -0.023554 -0.006413001 -0.9997021 -0.023554 0.392767 0.119607 -0.9118269 0.377193 0.238464 -0.894908 0.377193 0.238464 -0.894908 0.377193 0.238464 -0.894908 0.377193 0.238464 -0.894908 0.3560911 0.3538271 -0.8648732 -0.04800301 0.08816902 0.9949483 -0.04133899 0.13972 0.9893278 -0.04133899 0.13972 0.9893278 -0.04133899 0.13972 0.9893278 -0.04133899 0.13972 0.9893278 -0.034562 0.190889 0.981003 -0.01981655 0.9987515 -0.04585517 -0.01981655 0.9987515 -0.04585517 -0.01981655 0.9987515 -0.04585517 -0.1505333 0.9173144 -0.3686109 -0.1505333 0.9173144 -0.3686109 -0.1505333 0.9173144 -0.3686109 0.2407098 0.8546532 0.4600291 0.2407098 0.8546532 0.4600291 0.2407098 0.8546532 0.4600291 0.4761306 0.185045 0.8596849 0.4744028 0.195968 0.8582183 0.4744028 0.195968 0.8582183 0.4744028 0.195968 0.8582183 0.4744028 0.195968 0.8582183 0.4726166 0.206867 0.8566445 0.1022617 -0.006333999 -0.9947374 0.1020751 -0.005400002 -0.9947621 0.1020751 -0.005400002 -0.9947621 0.1020751 -0.005400002 -0.9947621 0.1020751 -0.005400002 -0.9947621 0.1018883 -0.004466999 -0.9947858 -0.7410667 0.10899 -0.6625265 -0.7313303 0.258762 -0.6310296 -0.7313303 0.258762 -0.6310296 -0.7313303 0.258762 -0.6310296 -0.7313303 0.258762 -0.6310296 -0.7043943 0.402448 -0.5846918 0.1096166 0.9905099 0.08291245 0.1096166 0.9905099 0.08291245 0.1096166 0.9905099 0.08291245 -0.2417773 0.9540645 -0.1769307 -0.2417773 0.9540645 -0.1769307 -0.2417773 0.9540645 -0.1769307 -0.2809546 -0.042543 0.9587777 -0.2809546 -0.042543 0.9587777 -0.2809546 -0.042543 0.9587777 -0.6495727 0.457163 0.607501 -0.6495727 0.457163 0.607501 -0.6495727 0.457163 0.607501 -0.6012819 -1.14e-4 0.7990371 -0.6012819 -1.14e-4 0.7990371 -0.6012819 -1.14e-4 0.7990371 -0.0243271 -0.999702 0.00203563 -0.0243271 -0.999702 0.00203563 -0.0243271 -0.999702 0.00203563 -0.2056252 -0.9696799 -0.1320575 -0.2056252 -0.9696799 -0.1320575 -0.2056252 -0.9696799 -0.1320575 -0.02432648 -0.999702 0.002037778 -0.02432648 -0.999702 0.002037778 -0.02432648 -0.999702 0.002037778 -0.02432648 -0.999702 0.002037778 -0.02432648 -0.999702 0.002037778 -0.02432631 -0.9997021 0.002036795 -0.8255166 0.119607 -0.5515583 -0.8117014 0.238464 -0.5331752 -0.8117014 0.238464 -0.5331752 -0.8117014 0.238464 -0.5331752 -0.8117014 0.238464 -0.5331752 -0.7859896 0.3538271 -0.5069781 0.9697608 0.08816902 0.2275752 0.9654415 0.13972 0.2200027 0.9654415 0.13972 0.2200027 0.9654415 0.13972 0.2200027 0.9654415 0.13972 0.2200027 0.9584832 0.190889 0.2118289 0.6876448 0.7124028 0.140096 0.6876448 0.7124028 0.140096 0.6876448 0.7124028 0.140096 0.9949552 0.02507401 -0.09713602 0.9949552 0.02507401 -0.09713602 0.9949552 0.02507401 -0.09713602 0.04341501 0.1373241 -0.9895744 0.04341501 0.1373241 -0.9895744 0.04341501 0.1373241 -0.9895744 0.03796199 0.2233719 -0.9739938 0.03796199 0.2233719 -0.9739938 0.03796199 0.2233719 -0.9739938 0.05738601 0 0.9983521 0.05738601 0 0.9983521 0.05738601 0 0.9983521 0.05738701 0 0.9983521 0.05738701 0 0.9983521 0.05738701 0 0.9983521 0.006775999 0.9972539 -0.07374799 0.006775999 0.9972539 -0.07374799 0.006775999 0.9972539 -0.07374799 -0.008710998 -0.9999617 8.5e-4 -0.008710998 -0.9999617 8.5e-4 -0.008710998 -0.9999617 8.5e-4 -0.002083 -0.9993412 -0.03623301 -0.002083 -0.9993412 -0.03623301 -0.002083 -0.9993412 -0.03623301 0.08462899 -0.9956839 0.038098 0.08462899 -0.9956839 0.038098 0.08462899 -0.9956839 0.038098 -0.3866989 -0.009632998 -0.9221557 -0.3866989 -0.009632998 -0.9221557 -0.3866989 -0.009632998 -0.9221557 -0.3861218 -0.01217199 -0.9223676 -0.3861218 -0.01217199 -0.9223676 -0.3861218 -0.01217199 -0.9223676 -0.9114309 0.030732 -0.410304 -0.9114309 0.030732 -0.410304 -0.9114309 0.030732 -0.410304 -0.9099366 0.04058798 -0.4127568 -0.9099366 0.04058798 -0.4127568 -0.9099366 0.04058798 -0.4127568 -0.012677 0.9276394 -0.3732621 -0.012677 0.9276394 -0.3732621 -0.012677 0.9276394 -0.3732621 0.05933601 0.7919101 0.607748 0.05933601 0.7919101 0.607748 0.05933601 0.7919101 0.607748 0.9948999 0.06294499 -0.07881799 0.9948999 0.06294499 -0.07881799 0.9948999 0.06294499 -0.07881799 -0.013634 0.9888349 0.148391 -0.013634 0.9888349 0.148391 -0.013634 0.9888349 0.148391 0.5008902 0.7124028 0.4915194 0.5008902 0.7124028 0.4915194 0.5008902 0.7124028 0.4915194 0.8877969 0.02507401 0.459552 0.8877969 0.02507401 0.459552 0.8877969 0.02507401 0.459552 0.5745772 0.1373241 -0.8068478 0.5745772 0.1373241 -0.8068478 0.5745772 0.1373241 -0.8068478 0.561528 0.2233719 -0.7967379 0.561528 0.2233719 -0.7967379 0.561528 0.2233719 -0.7967379 -0.4947577 0 0.869031 -0.4947577 0 0.869031 -0.4947577 0 0.869031 -0.4947569 0 0.8690315 -0.4947569 0 0.8690315 -0.4947569 0 0.8690315 0.04579155 0.9972539 -0.05820493 0.04579155 0.9972539 -0.05820493 0.04579155 0.9972539 -0.05820493 -0.007772568 -0.9999617 -0.004023825 -0.007772568 -0.9999617 -0.004023825 -0.007772568 -0.9999617 -0.004023825 0.0179559 -0.9993412 -0.03153975 0.0179559 -0.9993412 -0.03153975 0.0179559 -0.9993412 -0.03153975 0.05030305 -0.9956839 0.07799441 0.05030305 -0.9956839 0.07799441 0.05030305 -0.9956839 0.07799441 0.1769596 -0.009632998 -0.984171 0.1769596 -0.009632998 -0.984171 0.1769596 -0.009632998 -0.984171 0.1775591 -0.01217199 -0.9840349 0.1775591 -0.01217199 -0.9840349 0.1775591 -0.01217199 -0.9840349 -0.5417505 0.030732 -0.8399774 -0.5417505 0.030732 -0.8399774 -0.5417505 0.030732 -0.8399774 -0.5391625 0.04058798 -0.8412232 -0.5391625 0.04058798 -0.8412232 -0.5391625 0.04058798 -0.8412232 0.192346 0.9276394 -0.320138 0.192346 0.9276394 -0.320138 0.192346 0.9276394 -0.320138 -0.2807058 0.7919101 0.5422939 -0.2807058 0.7919101 0.5422939 -0.2807058 0.7919101 0.5422939 0.8777888 0.06294499 0.4748945 0.8777888 0.06294499 0.4748945 0.8777888 0.06294499 0.4748945 -0.09213863 0.9888349 0.1171164 -0.09213863 0.9888349 0.1171164 -0.09213863 0.9888349 0.1171164 0.6173999 0.7721032 0.1505791 0.6173999 0.7721032 0.1505791 0.6173999 0.7721032 0.1505791 0.9900343 0.1156393 -0.08037195 0.9900343 0.1156393 -0.08037195 0.9900343 0.1156393 -0.08037195 0.04748352 0.140709 -0.9889117 0.04748352 0.140709 -0.9889117 0.04748352 0.140709 -0.9889117 0.0339496 0.225902 -0.9735584 0.0339496 0.225902 -0.9735584 0.0339496 0.225902 -0.9735584 0.04022247 0.00522955 0.9991771 0.04022247 0.00522955 0.9991771 0.04022247 0.00522955 0.9991771 0.04022347 0.005229641 0.9991771 0.04022347 0.005229641 0.9991771 0.04022347 0.005229641 0.9991771 -0.08286961 0.9937219 -0.07516296 -0.08286961 0.9937219 -0.07516296 -0.08286961 0.9937219 -0.07516296 0.08242488 -0.9965948 0.002246968 0.08242488 -0.9965948 0.002246968 0.08242488 -0.9965948 0.002246968 0.08959617 -0.9953729 -0.03471983 0.08959617 -0.9953729 -0.03471983 0.08959617 -0.9953729 -0.03471983 0.1743422 -0.9838288 0.04105803 0.1743422 -0.9838288 0.04105803 0.1743422 -0.9838288 0.04105803 -0.3685314 -0.04483254 -0.9285336 -0.3685314 -0.04483254 -0.9285336 -0.3685314 -0.04483254 -0.9285336 -0.3677219 -0.04730838 -0.9287317 -0.3677219 -0.04730838 -0.9287317 -0.3677219 -0.04730838 -0.9287317 -0.903356 -0.05245399 -0.4256719 -0.903356 -0.05245399 -0.4256719 -0.903356 -0.05245399 -0.4256719 -0.9027246 -0.04250285 -0.4281144 -0.9027246 -0.04250285 -0.4281144 -0.9027246 -0.04250285 -0.4281144 -0.09082076 0.9226243 -0.3748548 -0.09082076 0.9226243 -0.3748548 -0.09082076 0.9226243 -0.3748548 -0.02337324 0.7940223 0.6074392 -0.02337324 0.7940223 0.6074392 -0.02337324 0.7940223 0.6074392 0.9862181 0.1533477 -0.06211596 0.9862181 0.1533477 -0.06211596 0.9862181 0.1533477 -0.06211596 -0.1061887 0.9834779 0.1466127 -0.1061887 0.9834779 0.1466127 -0.1061887 0.9834779 0.1466127 0.6612604 0.7124028 -0.2349829 0.6612604 0.7124028 -0.2349829 0.6612604 0.7124028 -0.2349829 0.8019983 0.02507401 -0.5967999 0.8019983 0.02507401 -0.5967999 0.8019983 0.02507401 -0.5967999 -0.4736456 0.137324 -0.8699436 -0.4736456 0.137324 -0.8699436 -0.4736456 0.137324 -0.8699436 -0.4702731 0.2233719 -0.8537847 -0.4702731 0.2233719 -0.8537847 -0.4702731 0.2233719 -0.8537847 0.564509 0 0.825427 0.564509 0 0.825427 0.564509 0 0.825427 0.5645099 0 0.8254265 0.5645099 0 0.8254265 0.5645099 0 0.8254265 -0.03226613 0.9972539 -0.06666017 -0.03226613 0.9972539 -0.06666017 -0.03226613 0.9972539 -0.06666017 -0.007021856 -0.9999617 0.005224703 -0.007021856 -0.9999617 0.005224703 -0.007021856 -0.9999617 0.005224703 -0.02048788 -0.9993412 -0.02995691 -0.02048788 -0.9993412 -0.02995691 -0.02048788 -0.9993412 -0.02995691 0.09214808 -0.9956839 -0.01105693 0.09214808 -0.9956839 -0.01105693 0.09214808 -0.9956839 -0.01105693 -0.8072195 -0.009632998 -0.5901728 -0.8072195 -0.009632998 -0.5901728 -0.8072195 -0.009632998 -0.5901728 -0.8068346 -0.01217199 -0.5906521 -0.8068346 -0.01217199 -0.5906521 -0.8068346 -0.01217199 -0.5906521 -0.9924089 0.030732 0.1190809 -0.9924089 0.030732 0.1190809 -0.9924089 0.030732 0.1190809 -0.9923952 0.04058798 0.1162087 -0.9923952 0.04058798 0.1162087 -0.9923952 0.04058798 0.1162087 -0.2035393 0.9276394 -0.3131407 -0.2035393 0.9276394 -0.3131407 -0.2035393 0.9276394 -0.3131407 0.3645451 0.7919101 0.489883 0.3645451 0.7919101 0.489883 0.3645451 0.7919101 0.489883 0.8114068 0.06294499 -0.5810826 0.8114068 0.06294499 -0.5810826 0.8114068 0.06294499 -0.5810826 0.06492403 0.9888349 0.1341292 0.06492403 0.9888349 0.1341292 0.06492403 0.9888349 0.1341292 0.3420858 0.7124028 0.6127476 0.3420858 0.7124028 0.6127476 0.3420858 0.7124028 0.6127476 0.7223215 0.02507401 0.6911028 0.7223215 0.02507401 0.6911028 0.7223215 0.02507401 0.6911028 0.7786558 0.1373241 -0.6122396 0.7786558 0.1373241 -0.6122396 0.7786558 0.1373241 -0.6122396 0.7632867 0.2233719 -0.6062165 0.7632867 0.2233719 -0.6062165 0.7632867 0.2233719 -0.6062165 -0.7195937 0 0.6943953 -0.7195937 0 0.6943953 -0.7195937 0 0.6943953 -0.719593 0 0.6943961 -0.719593 0 0.6943961 -0.719593 0 0.6943961 0.06033754 0.9972539 -0.04294253 0.06033754 0.9972539 -0.04294253 0.06033754 0.9972539 -0.04294253 -0.006323709 -0.9999617 -0.006051008 -0.006323709 -0.9999617 -0.006051008 -0.006323709 -0.9999617 -0.006051008 0.02611589 -0.9993412 -0.02520179 0.02611589 -0.9993412 -0.02520179 0.02611589 -0.9993412 -0.02520179 0.02628636 -0.9956839 0.08900871 0.02628636 -0.9956839 0.08900871 0.02628636 -0.9956839 0.08900871 0.4471197 -0.009632998 -0.8944222 0.4471197 -0.009632998 -0.8944222 0.4471197 -0.009632998 -0.8944222 0.4476566 -0.01217199 -0.8941228 0.4476566 -0.01217199 -0.8941228 0.4476566 -0.01217199 -0.8941228 -0.2830976 0.030732 -0.9585986 -0.2830976 0.030732 -0.9585986 -0.2830976 0.030732 -0.9585986 -0.2802635 0.04058798 -0.9590647 -0.2802635 0.04058798 -0.9590647 -0.2802635 0.04058798 -0.9590647 0.2747636 0.9276394 -0.252963 0.2747636 0.9276394 -0.252963 0.2747636 0.9276394 -0.252963 -0.4221444 0.7919101 0.4412171 -0.4221444 0.7919101 0.4412171 -0.4221444 0.7919101 0.4412171 0.7083956 0.06294499 0.7030033 0.7083956 0.06294499 0.7030033 0.7083956 0.06294499 0.7030033 -0.1214072 0.9888349 0.08640638 -0.1214072 0.9888349 0.08640638 -0.1214072 0.9888349 0.08640638 0.7015806 0.7124028 0.01634054 0.7015806 0.7124028 0.01634054 0.7015806 0.7124028 0.01634054 0.9621184 0.02507401 -0.2714767 0.9621184 0.02507401 -0.2714767 0.9621184 0.02507401 -0.2714767 -0.1321876 0.137324 -0.9816662 -0.1321876 0.137324 -0.9816662 -0.1321876 0.137324 -0.9816662 -0.1348008 0.2233719 -0.9653671 -0.1348008 0.2233719 -0.9653671 -0.1348008 0.2233719 -0.9653671 0.232953 0 0.972488 0.232953 0 0.972488 0.232953 0 0.972488 0.232954 0 0.9724879 0.232954 0 0.9724879 0.232954 0 0.9724879 -0.006366534 0.9972539 -0.07378447 -0.006366534 0.9972539 -0.07378447 -0.006366534 0.9972539 -0.07378447 -0.008423584 -0.9999617 0.002376388 -0.008423584 -0.9999617 0.002376388 -0.008423584 -0.9999617 0.002376388 -0.008454816 -0.9993412 -0.03529428 -0.008454816 -0.9993412 -0.03529428 -0.008454816 -0.9993412 -0.03529428 0.09003067 -0.9956839 0.02253891 0.09003067 -0.9956839 0.02253891 0.09003067 -0.9956839 0.02253891 -0.5436118 -0.009632998 -0.8392816 -0.5436118 -0.009632998 -0.8392816 -0.5436118 -0.009632998 -0.8392816 -0.5430813 -0.01217199 -0.839592 -0.5430813 -0.01217199 -0.839592 -0.5430813 -0.01217199 -0.839592 -0.9696053 0.030732 -0.2427369 -0.9696053 0.030732 -0.2427369 -0.9696053 0.030732 -0.2427369 -0.968568 0.04058798 -0.2454152 -0.968568 0.04058798 -0.2454152 -0.968568 0.04058798 -0.2454152 -0.07845592 0.9276394 -0.3651438 -0.07845592 0.9276394 -0.3651438 -0.07845592 0.9276394 -0.3651438 0.1658284 0.7919101 0.5876899 0.1658284 0.7919101 0.5876899 0.1658284 0.7919101 0.5876899 0.9653018 0.06294499 -0.2534373 0.9653018 0.06294499 -0.2534373 0.9653018 0.06294499 -0.2534373 0.01281056 0.9888349 0.1484643 0.01281056 0.9888349 0.1484643 0.01281056 0.9888349 0.1484643 0.6463222 0.7124028 0.2734043 0.6463222 0.7124028 0.2734043 0.6463222 0.7124028 0.2734043 0.9945014 0.02507401 0.1016779 0.9945014 0.02507401 0.1016779 0.9945014 0.02507401 0.1016779 0.2383845 0.1373241 -0.9614131 0.2383845 0.1373241 -0.9614131 0.2383845 0.1373241 -0.9614131 0.2299561 0.2233719 -0.9472197 0.2299561 0.2233719 -0.9472197 0.2299561 0.2233719 -0.9472197 -0.141314 0 0.9899648 -0.141314 0 0.9899648 -0.141314 0 0.9899648 -0.141313 0 0.989965 -0.141313 0 0.989965 -0.141313 0 0.989965 0.02123608 0.9972539 -0.07094864 0.02123608 0.9972539 -0.07094864 0.02123608 0.9972539 -0.07094864 -0.008706937 -0.9999617 -8.9064e-4 -0.008706937 -0.9999617 -8.9064e-4 -0.008706937 -0.9999617 -8.9064e-4 0.005128389 -0.9993412 -0.03592867 0.005128389 -0.9993412 -0.03592867 0.005128389 -0.9993412 -0.03592867 0.0754161 -0.9956839 0.0540919 0.0754161 -0.9956839 0.0540919 0.0754161 -0.9956839 0.0540919 -0.196565 -0.009632998 -0.9804435 -0.196565 -0.009632998 -0.9804435 -0.196565 -0.009632998 -0.9804435 -0.1959574 -0.01217199 -0.9805369 -0.1959574 -0.01217199 -0.9805369 -0.1959574 -0.01217199 -0.9805369 -0.8122108 0.030732 -0.582554 -0.8122108 0.030732 -0.582554 -0.8122108 0.030732 -0.582554 -0.8102607 0.04058798 -0.5846626 -0.8102607 0.04058798 -0.5846626 -0.8102607 0.04058798 -0.5846626 0.061439 0.9276394 -0.3683891 0.061439 0.9276394 -0.3683891 0.061439 0.9276394 -0.3683891 -0.06210545 0.7919101 0.6074712 -0.06210545 0.7919101 0.6074712 -0.06210545 0.7919101 0.6074712 0.9908221 0.06294499 0.1196227 0.9908221 0.06294499 0.1196227 0.9908221 0.06294499 0.1196227 -0.04272965 0.9888349 0.1427583 -0.04272965 0.9888349 0.1427583 -0.04272965 0.9888349 0.1427583 -0.9829366 0.102932 -0.1524489 -0.9842415 0.09028804 -0.1520421 -0.9842415 0.09028804 -0.1520421 -0.9842415 0.09028804 -0.1520421 -0.9842415 0.09028804 -0.1520421 -0.9853874 0.07762903 -0.1516101 -4.16e-4 -0.9999999 -3.62e-4 -4.16e-4 -0.9999999 -3.62e-4 -4.16e-4 -0.9999999 -3.62e-4 0.517109 0.2846 0.8072181 0.514176 0.246973 0.821357 0.514176 0.246973 0.821357 0.514176 0.246973 0.821357 0.514176 0.246973 0.821357 0.5104079 0.208945 0.8341618 0.5735591 0.110485 -0.8116792 0.5735591 0.110485 -0.8116792 0.5735591 0.110485 -0.8116792 -0.026354 0.9996491 0.002694 -0.026354 0.9996491 0.002694 -0.026354 0.9996491 0.002694 -0.002385001 0.3544382 -0.9350764 -0.002385001 0.3544382 -0.9350764 -0.002385001 0.3544382 -0.9350764 0.04843899 0.9988149 0.004743 0.04843899 0.9988149 0.004743 0.04843899 0.9988149 0.004743 0.8336208 0.105531 0.5421619 0.8296788 0.159789 0.5348839 0.8296788 0.159789 0.5348839 0.8296788 0.159789 0.5348839 0.8296788 0.159789 0.5348839 0.8232367 0.2135669 0.5259948 -6.61e-4 -0.9999998 -2.41e-4 -6.61e-4 -0.9999998 -2.41e-4 -6.61e-4 -0.9999998 -2.41e-4 0.010761 0.9996454 0.02436101 0.010761 0.9996454 0.02436101 0.010761 0.9996454 0.02436101 -8.17e-4 0.88388 -0.467713 -8.17e-4 0.88388 -0.467713 -8.17e-4 0.88388 -0.467713 0.005181998 0.9998927 -0.013707 0.005181998 0.9998927 -0.013707 0.005181998 0.9998927 -0.013707 0.3488779 0.7773398 0.5234759 0.3488779 0.7773398 0.5234759 0.3488779 0.7773398 0.5234759 0.332579 0.8310789 -0.4457569 0.327311 0.8384811 -0.4356801 0.327311 0.8384811 -0.4356801 0.327311 0.8384811 -0.4356801 0.327311 0.8384811 -0.4356801 0.3219829 0.8457288 -0.4255229 -0.6459683 0.7565253 -0.101954 -0.6290253 0.7709494 -0.09982204 -0.6290253 0.7709494 -0.09982204 -0.6290253 0.7709494 -0.09982204 -0.6290253 0.7709494 -0.09982204 -0.6117681 0.7849881 -0.09764002 0.573035 0.731523 0.369466 0.573035 0.731523 0.369466 0.573035 0.731523 0.369466 -0.02653501 0.9996385 0.004350002 -0.02653501 0.9996385 0.004350002 -0.02653501 0.9996385 0.004350002 0.377094 0.823363 -0.424115 0.3726 0.8273119 -0.4203859 0.3726 0.8273119 -0.4203859 0.3726 0.8273119 -0.4203859 0.3726 0.8273119 -0.4203859 0.3680861 0.8312201 -0.4166361 0.591123 -0.372066 -0.71564 0.591123 -0.372066 -0.71564 0.591123 -0.372066 -0.71564 0.67768 -0.057621 -0.733096 0.67768 -0.057621 -0.733096 0.67768 -0.057621 -0.733096 -0.9829366 0.102932 -0.1524489 -0.9842415 0.09028804 -0.1520421 -0.9842415 0.09028804 -0.1520421 -0.9842415 0.09028804 -0.1520421 -0.9842415 0.09028804 -0.1520421 -0.9853874 0.07762903 -0.1516101 -4.16e-4 -0.9999999 -3.62e-4 -4.16e-4 -0.9999999 -3.62e-4 -4.16e-4 -0.9999999 -3.62e-4 0.517109 0.2846 0.8072181 0.514176 0.246973 0.821357 0.514176 0.246973 0.821357 0.514176 0.246973 0.821357 0.514176 0.246973 0.821357 0.5104079 0.208945 0.8341618 0.5735591 0.110485 -0.8116792 0.5735591 0.110485 -0.8116792 0.5735591 0.110485 -0.8116792 -0.026354 0.9996491 0.002694 -0.026354 0.9996491 0.002694 -0.026354 0.9996491 0.002694 -0.002385001 0.3544382 -0.9350764 -0.002385001 0.3544382 -0.9350764 -0.002385001 0.3544382 -0.9350764 0.04843899 0.9988149 0.004743 0.04843899 0.9988149 0.004743 0.04843899 0.9988149 0.004743 0.8336208 0.105531 0.5421619 0.8296788 0.159789 0.5348839 0.8296788 0.159789 0.5348839 0.8296788 0.159789 0.5348839 0.8296788 0.159789 0.5348839 0.8232367 0.2135669 0.5259948 -6.61e-4 -0.9999998 -2.41e-4 -6.61e-4 -0.9999998 -2.41e-4 -6.61e-4 -0.9999998 -2.41e-4 0.010761 0.9996454 0.02436101 0.010761 0.9996454 0.02436101 0.010761 0.9996454 0.02436101 -8.17e-4 0.88388 -0.467713 -8.17e-4 0.88388 -0.467713 -8.17e-4 0.88388 -0.467713 0.005181998 0.9998927 -0.013707 0.005181998 0.9998927 -0.013707 0.005181998 0.9998927 -0.013707 0.3488779 0.7773398 0.5234759 0.3488779 0.7773398 0.5234759 0.3488779 0.7773398 0.5234759 0.332579 0.8310789 -0.4457569 0.327311 0.8384811 -0.4356801 0.327311 0.8384811 -0.4356801 0.327311 0.8384811 -0.4356801 0.327311 0.8384811 -0.4356801 0.3219829 0.8457288 -0.4255229 -0.6459683 0.7565253 -0.101954 -0.6290253 0.7709494 -0.09982204 -0.6290253 0.7709494 -0.09982204 -0.6290253 0.7709494 -0.09982204 -0.6290253 0.7709494 -0.09982204 -0.6117681 0.7849881 -0.09764002 0.573035 0.731523 0.369466 0.573035 0.731523 0.369466 0.573035 0.731523 0.369466 -0.02653501 0.9996385 0.004350002 -0.02653501 0.9996385 0.004350002 -0.02653501 0.9996385 0.004350002 0.377094 0.823363 -0.424115 0.3726 0.8273119 -0.4203859 0.3726 0.8273119 -0.4203859 0.3726 0.8273119 -0.4203859 0.3726 0.8273119 -0.4203859 0.3680861 0.8312201 -0.4166361 0.591123 -0.372066 -0.71564 0.591123 -0.372066 -0.71564 0.591123 -0.372066 -0.71564 0.67768 -0.057621 -0.733096 0.67768 -0.057621 -0.733096 0.67768 -0.057621 -0.733096 -0.9873645 0.03058027 -0.1554871 -0.9876223 0.01786993 -0.15583 -0.9876223 0.01786993 -0.15583 -0.9876223 0.01786993 -0.15583 -0.9876223 0.01786993 -0.15583 -0.9877204 0.005156148 -0.156147 0.08219782 -0.9948903 -0.05862455 0.08219782 -0.9948903 -0.05862455 0.08219782 -0.9948903 -0.05862455 0.4880916 0.2781495 0.8272844 0.4882117 0.2396422 0.8391789 0.4882117 0.2396422 0.8391789 0.4882117 0.2396422 0.8391789 0.4882117 0.2396422 0.8391789 0.4875387 0.2007457 0.8497101 0.5662192 0.2048242 -0.7984002 0.5662192 0.2048242 -0.7984002 0.5662192 0.2048242 -0.7984002 -0.1088578 0.9922037 0.06067875 -0.1088578 0.9922037 0.06067875 -0.1088578 0.9922037 0.06067875 -0.02733254 0.4074475 -0.9128195 -0.02733254 0.4074475 -0.9128195 -0.02733254 0.4074475 -0.9128195 -0.03426185 0.9974009 0.06338327 -0.03426185 0.9974009 0.06338327 -0.03426185 0.9974009 0.06338327 0.819537 0.1416103 0.5552527 0.8111599 0.1956946 0.5511111 0.8111599 0.1956946 0.5511111 0.8111599 0.1956946 0.5511111 0.8111599 0.1956946 0.5511111 0.8003383 0.2491906 0.5453097 0.08195309 -0.9949175 -0.05850607 0.08195309 -0.9949175 -0.05850607 0.08195309 -0.9949175 -0.05850607 -0.07196999 0.9939758 0.08265895 -0.07196999 0.9939758 0.08265895 -0.07196999 0.9939758 0.08265895 -0.07166902 0.906806 -0.4154111 -0.07166902 0.906806 -0.4154111 -0.07166902 0.906806 -0.4154111 -0.07737423 0.9960032 0.04461893 -0.07737423 0.9960032 0.04461893 -0.07737423 0.9960032 0.04461893 0.281044 0.7712328 0.5711517 0.281044 0.7712328 0.5711517 0.281044 0.7712328 0.5711517 0.2648442 0.8803877 -0.3934149 0.2589362 0.886726 -0.3829741 0.2589362 0.886726 -0.3829741 0.2589362 0.886726 -0.3829741 0.2589362 0.886726 -0.3829741 0.2529807 0.8929009 -0.3724629 -0.7057789 0.7055522 -0.06381395 -0.6900955 0.7211697 -0.06068503 -0.6900955 0.7211697 -0.06068503 -0.6900955 0.7211697 -0.06068503 -0.6900955 0.7211697 -0.06068503 -0.6740673 0.7364265 -0.05752563 0.5089298 0.7531379 0.416862 0.5089298 0.7531379 0.416862 0.5089298 0.7531379 0.416862 -0.109045 0.9920808 0.06232953 -0.109045 0.9920808 0.06232953 -0.109045 0.9920808 0.06232953 0.3097439 0.8750969 -0.371839 0.3049218 0.8784367 -0.3679289 0.3049218 0.8784367 -0.3679289 0.3049218 0.8784367 -0.3679289 0.3049218 0.8784367 -0.3679289 0.3000833 0.8817334 -0.3640006 0.6231426 -0.2794623 -0.7304754 0.6231426 -0.2794623 -0.7304754 0.6231426 -0.2794623 -0.7304754 0.683507 0.04151383 -0.7287626 0.683507 0.04151383 -0.7287626 0.683507 0.04151383 -0.7287626 -0.9829366 0.102932 -0.1524489 -0.9842415 0.09028804 -0.1520421 -0.9842415 0.09028804 -0.1520421 -0.9842415 0.09028804 -0.1520421 -0.9842415 0.09028804 -0.1520421 -0.9853874 0.07762903 -0.1516101 -4.16e-4 -0.9999999 -3.62e-4 -4.16e-4 -0.9999999 -3.62e-4 -4.16e-4 -0.9999999 -3.62e-4 0.517109 0.2846 0.8072181 0.514176 0.246973 0.821357 0.514176 0.246973 0.821357 0.514176 0.246973 0.821357 0.514176 0.246973 0.821357 0.5104079 0.208945 0.8341618 0.5735591 0.110485 -0.8116792 0.5735591 0.110485 -0.8116792 0.5735591 0.110485 -0.8116792 -0.026354 0.9996491 0.002694 -0.026354 0.9996491 0.002694 -0.026354 0.9996491 0.002694 -0.002385001 0.3544382 -0.9350764 -0.002385001 0.3544382 -0.9350764 -0.002385001 0.3544382 -0.9350764 0.04843899 0.9988149 0.004743 0.04843899 0.9988149 0.004743 0.04843899 0.9988149 0.004743 0.8336208 0.105531 0.5421619 0.8296788 0.159789 0.5348839 0.8296788 0.159789 0.5348839 0.8296788 0.159789 0.5348839 0.8296788 0.159789 0.5348839 0.8232367 0.2135669 0.5259948 -6.61e-4 -0.9999998 -2.41e-4 -6.61e-4 -0.9999998 -2.41e-4 -6.61e-4 -0.9999998 -2.41e-4 0.010761 0.9996454 0.02436101 0.010761 0.9996454 0.02436101 0.010761 0.9996454 0.02436101 -8.17e-4 0.88388 -0.467713 -8.17e-4 0.88388 -0.467713 -8.17e-4 0.88388 -0.467713 0.005181998 0.9998927 -0.013707 0.005181998 0.9998927 -0.013707 0.005181998 0.9998927 -0.013707 0.3488779 0.7773398 0.5234759 0.3488779 0.7773398 0.5234759 0.3488779 0.7773398 0.5234759 0.332579 0.8310789 -0.4457569 0.327311 0.8384811 -0.4356801 0.327311 0.8384811 -0.4356801 0.327311 0.8384811 -0.4356801 0.327311 0.8384811 -0.4356801 0.3219829 0.8457288 -0.4255229 -0.6459683 0.7565253 -0.101954 -0.6290253 0.7709494 -0.09982204 -0.6290253 0.7709494 -0.09982204 -0.6290253 0.7709494 -0.09982204 -0.6290253 0.7709494 -0.09982204 -0.6117681 0.7849881 -0.09764002 0.573035 0.731523 0.369466 0.573035 0.731523 0.369466 0.573035 0.731523 0.369466 -0.02653501 0.9996385 0.004350002 -0.02653501 0.9996385 0.004350002 -0.02653501 0.9996385 0.004350002 0.377094 0.823363 -0.424115 0.3726 0.8273119 -0.4203859 0.3726 0.8273119 -0.4203859 0.3726 0.8273119 -0.4203859 0.3726 0.8273119 -0.4203859 0.3680861 0.8312201 -0.4166361 0.591123 -0.372066 -0.71564 0.591123 -0.372066 -0.71564 0.591123 -0.372066 -0.71564 0.67768 -0.057621 -0.733096 0.67768 -0.057621 -0.733096 0.67768 -0.057621 -0.733096 0.8536112 0.1174842 -0.5074894 0.8551565 0.1048619 -0.5076528 0.8551565 0.1048619 -0.5076528 0.8551565 0.1048619 -0.5076528 0.8551565 0.1048619 -0.5076528 0.8565633 0.09222213 -0.5077347 0.06260123 -0.9950756 0.07684749 0.06260123 -0.9950756 0.07684749 0.06260123 -0.9950756 0.07684749 -0.9246597 0.2034901 -0.3218637 -0.9288835 0.1646507 -0.3317614 -0.9288835 0.1646507 -0.3317614 -0.9288835 0.1646507 -0.3317614 -0.9288835 0.1646507 -0.3317614 -0.9315985 0.125544 -0.3411202 0.05444362 0.1901041 0.9802532 0.05444362 0.1901041 0.9802532 0.05444362 0.1901041 0.9802532 -0.04321171 0.9944963 -0.09544601 -0.04321171 0.9944963 -0.09544601 -0.04321171 0.9944963 -0.09544601 0.5645183 0.4450511 0.695161 0.5645183 0.4450511 0.695161 0.5645183 0.4450511 0.695161 -0.1026266 0.9934638 -0.04997414 -0.1026266 0.9934638 -0.04997414 -0.1026266 0.9934638 -0.04997414 -0.9940536 0.05147266 0.09595848 -0.989803 0.1061842 0.09494734 -0.989803 0.1061842 0.09494734 -0.989803 0.1061842 0.09494734 -0.989803 0.1061842 0.09494734 -0.9825705 0.1605771 0.0936494 0.06271617 -0.9950875 0.07659987 0.06271617 -0.9950875 0.07659987 0.06271617 -0.9950875 0.07659987 -0.08563254 0.9923528 -0.08889911 -0.08563254 0.9923528 -0.08889911 -0.08563254 0.9923528 -0.08889911 0.2382271 0.9257494 0.29366 0.2382271 0.9257494 0.29366 0.2382271 0.9257494 0.29366 -0.05750567 0.9963584 -0.06295314 -0.05750567 0.9963584 -0.06295314 -0.05750567 0.9963584 -0.06295314 -0.646949 0.7218428 -0.2457641 -0.646949 0.7218428 -0.2457641 -0.646949 0.7218428 -0.2457641 -0.03159134 0.8710379 0.4901989 -0.03425305 0.8774088 0.4785193 -0.03425305 0.8774088 0.4785193 -0.03425305 0.8774088 0.4785193 -0.03425305 0.8774088 0.4785193 -0.0369085 0.8836181 0.4667516 0.5193371 0.7628957 -0.3850704 0.5039281 0.7770388 -0.3771835 0.5039281 0.7770388 -0.3771835 0.5039281 0.7770388 -0.3771835 0.5039281 0.7770388 -0.3771835 0.4882674 0.7907934 -0.3691082 -0.7221953 0.6914595 0.01782551 -0.7221953 0.6914595 0.01782551 -0.7221953 0.6914595 0.01782551 -0.04410565 0.9943222 -0.09684092 -0.04410565 0.9943222 -0.09684092 -0.04410565 0.9943222 -0.09684092 -0.07927485 0.8612224 0.5020074 -0.07835531 0.8647838 0.4959934 -0.07835531 0.8647838 0.4959934 -0.07835531 0.8647838 0.4959934 -0.07835531 0.8647838 0.4959934 -0.07743086 0.8683027 0.4899541 0.01067419 -0.2995725 0.9540139 0.01067419 -0.2995725 0.9540139 0.01067419 -0.2995725 0.9540139 -0.06526057 0.01505924 0.9977547 -0.06526057 0.01505924 0.9977547 -0.06526057 0.01505924 0.9977547 0.3649783 0.102932 -0.9253085 0.3648685 0.09028805 -0.926671 0.3648685 0.09028805 -0.926671 0.3648685 0.09028805 -0.926671 0.3648685 0.09028805 -0.926671 0.3646992 0.07762903 -0.9278839 4.44657e-4 -0.9999999 -3.26159e-4 4.44657e-4 -0.9999999 -3.26159e-4 4.44657e-4 -0.9999999 -3.26159e-4 -0.9012116 0.2846 0.326834 -0.9143587 0.246973 0.320862 -0.9143587 0.246973 0.320862 -0.9143587 0.246973 0.320862 -0.9143587 0.246973 0.320862 -0.9260206 0.208945 0.3143689 0.6655954 0.110485 0.7380894 0.6655954 0.110485 0.7380894 0.6655954 0.110485 0.7380894 0.003170404 0.9996491 -0.02630094 0.003170404 0.9996491 -0.02630094 0.003170404 0.9996491 -0.02630094 0.9126876 0.3544382 0.2034083 0.9126876 0.3544382 0.2034083 0.9126876 0.3544382 0.2034083 -0.01528429 0.9988149 0.04620847 -0.01528429 0.9988149 0.04620847 -0.01528429 0.9988149 0.04620847 -0.7122891 0.105531 0.6939073 -0.7043221 0.159789 0.6916632 -0.7043221 0.159789 0.6916632 -0.7043221 0.159789 0.6916632 -0.7043221 0.159789 0.6916632 -0.6942335 0.2135669 0.6873347 3.80527e-4 -0.9999998 -5.91778e-4 3.80527e-4 -0.9999998 -5.91778e-4 3.80527e-4 -0.9999998 -5.91778e-4 -0.02613168 0.9996454 0.00513742 -0.02613168 0.9996454 0.00513742 -0.02613168 0.9996454 0.00513742 0.4564317 0.88388 0.1021089 0.4564317 0.88388 0.1021089 0.4564317 0.88388 0.1021089 0.01223097 0.9998927 0.008070819 0.01223097 0.9998927 0.008070819 0.01223097 0.9998927 0.008070819 -0.5874082 0.7773398 0.225154 -0.5874082 0.7773398 0.225154 -0.5874082 0.7773398 0.225154 0.3616601 0.8310789 0.4225044 0.3529892 0.838481 0.4151484 0.3529892 0.838481 0.4151484 0.3529892 0.838481 0.4151484 0.3529892 0.838481 0.4151484 0.3442532 0.8457288 0.4077162 0.2415812 0.7565253 -0.6077073 0.2357737 0.7709494 -0.5916486 0.2357737 0.7709494 -0.5916486 0.2357737 0.7709494 -0.5916486 0.2357737 0.7709494 -0.5916486 0.2298482 0.7849881 -0.5752943 -0.4864912 0.731523 0.4777034 -0.4864912 0.731523 0.4777034 -0.4864912 0.731523 0.4777034 0.001594807 0.9996385 -0.02684187 0.001594807 0.9996385 -0.02684187 0.001594807 0.9996385 -0.02684187 0.3307543 0.823363 0.461167 0.3281054 0.8273119 0.4559626 0.3281054 0.8273119 0.4559626 0.3281054 0.8273119 0.4559626 0.3281054 0.8273119 0.4559626 0.3254406 0.8312201 0.4507343 0.5680451 -0.372066 0.7340924 0.5680451 -0.372066 0.7340924 0.5680451 -0.372066 0.7340924 0.5660292 -0.057621 0.8223691 0.5660292 -0.057621 0.8223691 0.5660292 -0.057621 0.8223691 -0.9944679 0.102932 0.02094429 -0.9956821 0.09028804 0.02157205 -0.9956821 0.09028804 0.02157205 -0.9956821 0.09028804 0.02157205 -0.9956821 0.09028804 0.02157205 -0.9967353 0.07762903 0.0221969 -4.72653e-4 -0.9999999 -2.84076e-4 -4.72653e-4 -0.9999999 -2.84076e-4 -4.72653e-4 -0.9999999 -2.84076e-4 0.6497029 0.2846 0.7049035 0.6492753 0.246973 0.7193372 0.6492753 0.246973 0.7193372 0.6492753 0.246973 0.7193372 0.6492753 0.246973 0.7193372 0.6477931 0.208945 0.7326023 0.4235444 0.110485 -0.8991125 0.4235444 0.110485 -0.8991125 0.4235444 0.110485 -0.8991125 -0.02548297 0.9996491 0.007239444 -0.02548297 0.9996491 0.007239444 -0.02548297 0.9996491 0.007239444 -0.1650859 0.3544382 -0.9203914 -0.1650859 0.3544382 -0.9203914 -0.1650859 0.3544382 -0.9203914 0.04852523 0.9988149 -0.00375953 0.04852523 0.9988149 -0.00375953 0.04852523 0.9988149 -0.00375953 0.915255 0.105531 0.3888077 0.9101065 0.1597889 0.3823268 0.9101065 0.1597889 0.3823268 0.9101065 0.1597889 0.3823268 0.9101065 0.1597889 0.3823268 0.9022158 0.2135669 0.3746946 -6.92855e-4 -0.9999998 -1.22284e-4 -6.92855e-4 -0.9999998 -1.22284e-4 -6.92855e-4 -0.9999998 -1.22284e-4 0.01483649 0.9996454 0.02211643 0.01483649 0.9996454 0.02211643 0.01483649 0.9996454 0.02211643 -0.08220362 0.88388 -0.4604332 -0.08220362 0.88388 -0.4604332 -0.08220362 0.88388 -0.4604332 0.002717401 0.9998927 -0.01439967 0.002717401 0.9998927 -0.01439967 0.002717401 0.9998927 -0.01439967 0.4346576 0.7773398 0.4547698 0.4346576 0.7773398 0.4547698 0.4346576 0.7773398 0.4547698 0.2499256 0.8310788 -0.4968351 0.2464918 0.838481 -0.4859952 0.2464918 0.838481 -0.4859952 0.2464918 0.838481 -0.4859952 0.2464918 0.838481 -0.4859952 0.2430128 0.8457288 -0.4750659 -0.653854 0.7565253 0.01202385 -0.6367985 0.7709493 0.01117461 -0.6367985 0.7709493 0.01117461 -0.6367985 0.7709493 0.01117461 -0.6367985 0.7709493 0.01117461 -0.6194249 0.7849881 0.01031996 0.6285906 0.731523 0.2640987 0.6285906 0.731523 0.2640987 0.6285906 0.731523 0.2640987 -0.02537301 0.9996385 0.008901676 -0.02537301 0.9996385 0.008901676 -0.02537301 0.9996385 0.008901676 0.2975278 0.823363 -0.4832708 0.2937513 0.8273119 -0.4788165 0.2937513 0.8273119 -0.4788165 0.2937513 0.8273119 -0.4788165 0.2937513 0.8273119 -0.4788165 0.289959 0.8312201 -0.4743383 0.4575546 -0.372066 -0.8075957 0.4575546 -0.372066 -0.8075957 0.4575546 -0.372066 -0.8075957 0.5397527 -0.05762099 -0.8398493 0.5397527 -0.05762099 -0.8398493 0.5397527 -0.05762099 -0.8398493 -0.9829366 0.102932 -0.1524489 -0.9842415 0.09028804 -0.1520421 -0.9842415 0.09028804 -0.1520421 -0.9842415 0.09028804 -0.1520421 -0.9842415 0.09028804 -0.1520421 -0.9853874 0.07762903 -0.1516101 -4.16e-4 -0.9999999 -3.62e-4 -4.16e-4 -0.9999999 -3.62e-4 -4.16e-4 -0.9999999 -3.62e-4 0.517109 0.2846 0.8072181 0.514176 0.246973 0.821357 0.514176 0.246973 0.821357 0.514176 0.246973 0.821357 0.514176 0.246973 0.821357 0.5104079 0.208945 0.8341618 0.5735591 0.110485 -0.8116792 0.5735591 0.110485 -0.8116792 0.5735591 0.110485 -0.8116792 -0.026354 0.9996491 0.002694 -0.026354 0.9996491 0.002694 -0.026354 0.9996491 0.002694 -0.002385001 0.3544382 -0.9350764 -0.002385001 0.3544382 -0.9350764 -0.002385001 0.3544382 -0.9350764 0.04843899 0.9988149 0.004743 0.04843899 0.9988149 0.004743 0.04843899 0.9988149 0.004743 0.8336208 0.105531 0.5421619 0.8296788 0.159789 0.5348839 0.8296788 0.159789 0.5348839 0.8296788 0.159789 0.5348839 0.8296788 0.159789 0.5348839 0.8232367 0.2135669 0.5259948 -6.61e-4 -0.9999998 -2.41e-4 -6.61e-4 -0.9999998 -2.41e-4 -6.61e-4 -0.9999998 -2.41e-4 0.010761 0.9996454 0.02436101 0.010761 0.9996454 0.02436101 0.010761 0.9996454 0.02436101 -8.17e-4 0.88388 -0.467713 -8.17e-4 0.88388 -0.467713 -8.17e-4 0.88388 -0.467713 0.005181998 0.9998927 -0.013707 0.005181998 0.9998927 -0.013707 0.005181998 0.9998927 -0.013707 0.3488779 0.7773398 0.5234759 0.3488779 0.7773398 0.5234759 0.3488779 0.7773398 0.5234759 0.332579 0.8310789 -0.4457569 0.327311 0.8384811 -0.4356801 0.327311 0.8384811 -0.4356801 0.327311 0.8384811 -0.4356801 0.327311 0.8384811 -0.4356801 0.3219829 0.8457288 -0.4255229 -0.6459683 0.7565253 -0.101954 -0.6290253 0.7709494 -0.09982204 -0.6290253 0.7709494 -0.09982204 -0.6290253 0.7709494 -0.09982204 -0.6290253 0.7709494 -0.09982204 -0.6117681 0.7849881 -0.09764002 0.573035 0.731523 0.369466 0.573035 0.731523 0.369466 0.573035 0.731523 0.369466 -0.02653501 0.9996385 0.004350002 -0.02653501 0.9996385 0.004350002 -0.02653501 0.9996385 0.004350002 0.377094 0.823363 -0.424115 0.3726 0.8273119 -0.4203859 0.3726 0.8273119 -0.4203859 0.3726 0.8273119 -0.4203859 0.3726 0.8273119 -0.4203859 0.3680861 0.8312201 -0.4166361 0.591123 -0.372066 -0.71564 0.591123 -0.372066 -0.71564 0.591123 -0.372066 -0.71564 0.67768 -0.057621 -0.733096 0.67768 -0.057621 -0.733096 0.67768 -0.057621 -0.733096 -0.9829366 0.102932 -0.1524489 -0.9842415 0.09028804 -0.1520421 -0.9842415 0.09028804 -0.1520421 -0.9842415 0.09028804 -0.1520421 -0.9842415 0.09028804 -0.1520421 -0.9853874 0.07762903 -0.1516101 -4.16e-4 -0.9999999 -3.62e-4 -4.16e-4 -0.9999999 -3.62e-4 -4.16e-4 -0.9999999 -3.62e-4 0.517109 0.2846 0.8072181 0.514176 0.246973 0.821357 0.514176 0.246973 0.821357 0.514176 0.246973 0.821357 0.514176 0.246973 0.821357 0.5104079 0.208945 0.8341618 0.5735591 0.110485 -0.8116792 0.5735591 0.110485 -0.8116792 0.5735591 0.110485 -0.8116792 -0.026354 0.9996491 0.002694 -0.026354 0.9996491 0.002694 -0.026354 0.9996491 0.002694 -0.002385001 0.3544382 -0.9350764 -0.002385001 0.3544382 -0.9350764 -0.002385001 0.3544382 -0.9350764 0.04843899 0.9988149 0.004743 0.04843899 0.9988149 0.004743 0.04843899 0.9988149 0.004743 0.8336208 0.105531 0.5421619 0.8296788 0.159789 0.5348839 0.8296788 0.159789 0.5348839 0.8296788 0.159789 0.5348839 0.8296788 0.159789 0.5348839 0.8232367 0.2135669 0.5259948 -6.61e-4 -0.9999998 -2.41e-4 -6.61e-4 -0.9999998 -2.41e-4 -6.61e-4 -0.9999998 -2.41e-4 0.010761 0.9996454 0.02436101 0.010761 0.9996454 0.02436101 0.010761 0.9996454 0.02436101 -8.17e-4 0.88388 -0.467713 -8.17e-4 0.88388 -0.467713 -8.17e-4 0.88388 -0.467713 0.005181998 0.9998927 -0.013707 0.005181998 0.9998927 -0.013707 0.005181998 0.9998927 -0.013707 0.3488779 0.7773398 0.5234759 0.3488779 0.7773398 0.5234759 0.3488779 0.7773398 0.5234759 0.332579 0.8310789 -0.4457569 0.327311 0.8384811 -0.4356801 0.327311 0.8384811 -0.4356801 0.327311 0.8384811 -0.4356801 0.327311 0.8384811 -0.4356801 0.3219829 0.8457288 -0.4255229 -0.6459683 0.7565253 -0.101954 -0.6290253 0.7709494 -0.09982204 -0.6290253 0.7709494 -0.09982204 -0.6290253 0.7709494 -0.09982204 -0.6290253 0.7709494 -0.09982204 -0.6117681 0.7849881 -0.09764002 0.573035 0.731523 0.369466 0.573035 0.731523 0.369466 0.573035 0.731523 0.369466 -0.02653501 0.9996385 0.004350002 -0.02653501 0.9996385 0.004350002 -0.02653501 0.9996385 0.004350002 0.377094 0.823363 -0.424115 0.3726 0.8273119 -0.4203859 0.3726 0.8273119 -0.4203859 0.3726 0.8273119 -0.4203859 0.3726 0.8273119 -0.4203859 0.3680861 0.8312201 -0.4166361 0.591123 -0.372066 -0.71564 0.591123 -0.372066 -0.71564 0.591123 -0.372066 -0.71564 0.67768 -0.057621 -0.733096 0.67768 -0.057621 -0.733096 0.67768 -0.057621 -0.733096</float_array>
          <technique_common>
            <accessor source="#polySurfaceShape1-normals-array" count="2358" stride="3">
              <param name="X" type="float"/>
              <param name="Y" type="float"/>
              <param name="Z" type="float"/>
            </accessor>
          </technique_common>
        </source>
        <source id="polySurfaceShape1-map1" name="polySurfaceShape1-map1">
          <float_array id="polySurfaceShape1-map1-array" count="2202">0.851642 0.35725 0.85606 0.357184 0.857654 0.373165 0.851787 0.373882 0.84916 0.418868 0.843039 0.41804 0.849482 0.357237 0.846126 0.356452 0.73743 0.406766 0.709573 0.419516 0.692481 0.418868 0.685464 0.357237 0.692132 0.301266 0.709204 0.30149 0.738921 0.310007 0.748115 0.315511 0.764747 0.338344 0.751726 0.375208 0.869809 0.370638 0.86569 0.398458 0.861573 0.398284 0.863103 0.370427 0.850708 0.348056 0.858172 0.347439 0.851642 0.318339 0.850708 0.301266 0.857457 0.30187 0.855609 0.318296 0.859365 0.33813 0.85951 0.301266 0.865377 0.301751 0.863483 0.338614 0.867602 0.368996 0.860896 0.369688 0.791666 0.311383 0.820809 0.301266 0.837235 0.302077 0.836891 0.417839 0.820571 0.419514 0.792751 0.405873 0.841007 0.360455 0.76594 0.338627 0.781921 0.315387 0.860638 0.415376 0.86676 0.414779 0.84916 0.301266 0.842412 0.302278 0.843355 0.360656 0.851642 0.35725 0.85606 0.357184 0.857654 0.373165 0.851787 0.373882 0.84916 0.418868 0.843039 0.41804 0.849482 0.357237 0.846126 0.356452 0.73743 0.406766 0.709573 0.419516 0.692481 0.418868 0.685464 0.357237 0.692132 0.301266 0.709204 0.30149 0.738921 0.310007 0.748115 0.315511 0.764747 0.338344 0.751726 0.375208 0.869809 0.370638 0.86569 0.398458 0.861573 0.398284 0.863103 0.370427 0.850708 0.348056 0.858172 0.347439 0.851642 0.318339 0.850708 0.301266 0.857457 0.30187 0.855609 0.318296 0.859365 0.33813 0.85951 0.301266 0.865377 0.301751 0.863483 0.338614 0.867602 0.368996 0.860896 0.369688 0.791666 0.311383 0.820809 0.301266 0.837235 0.302077 0.836891 0.417839 0.820571 0.419514 0.792751 0.405873 0.841007 0.360455 0.76594 0.338627 0.781921 0.315387 0.860638 0.415376 0.86676 0.414779 0.84916 0.301266 0.842412 0.302278 0.843355 0.360656 0.851642 0.35725 0.85606 0.357184 0.857654 0.373165 0.851787 0.373882 0.84916 0.418868 0.843039 0.41804 0.849482 0.357237 0.846126 0.356452 0.73743 0.406766 0.709573 0.419516 0.692481 0.418868 0.685464 0.357237 0.692132 0.301266 0.709204 0.30149 0.738921 0.310007 0.748115 0.315511 0.764747 0.338344 0.751726 0.375208 0.869809 0.370638 0.86569 0.398458 0.861573 0.398284 0.863103 0.370427 0.850708 0.348056 0.858172 0.347439 0.851642 0.318339 0.850708 0.301266 0.857457 0.30187 0.855609 0.318296 0.859365 0.33813 0.85951 0.301266 0.865377 0.301751 0.863483 0.338614 0.867602 0.368996 0.860896 0.369688 0.791666 0.311383 0.820809 0.301266 0.837235 0.302077 0.836891 0.417839 0.820571 0.419514 0.792751 0.405873 0.841007 0.360455 0.76594 0.338627 0.781921 0.315387 0.860638 0.415376 0.86676 0.414779 0.84916 0.301266 0.842412 0.302278 0.843355 0.360656 0.851642 0.35725 0.85606 0.357184 0.857654 0.373165 0.851787 0.373882 0.84916 0.418868 0.843039 0.41804 0.849482 0.357237 0.846126 0.356452 0.73743 0.406766 0.709573 0.419516 0.692481 0.418868 0.685464 0.357237 0.692132 0.301266 0.709204 0.30149 0.738921 0.310007 0.748115 0.315511 0.764747 0.338344 0.751726 0.375208 0.869809 0.370638 0.86569 0.398458 0.861573 0.398284 0.863103 0.370427 0.850708 0.348056 0.858172 0.347439 0.851642 0.318339 0.850708 0.301266 0.857457 0.30187 0.855609 0.318296 0.859365 0.33813 0.85951 0.301266 0.865377 0.301751 0.863483 0.338614 0.867602 0.368996 0.860896 0.369688 0.791666 0.311383 0.820809 0.301266 0.837235 0.302077 0.836891 0.417839 0.820571 0.419514 0.792751 0.405873 0.841007 0.360455 0.76594 0.338627 0.781921 0.315387 0.860638 0.415376 0.86676 0.414779 0.84916 0.301266 0.842412 0.302278 0.843355 0.360656 0.851642 0.35725 0.85606 0.357184 0.857654 0.373165 0.851787 0.373882 0.84916 0.418868 0.843039 0.41804 0.849482 0.357237 0.846126 0.356452 0.73743 0.406766 0.709573 0.419516 0.692481 0.418868 0.685464 0.357237 0.692132 0.301266 0.709204 0.30149 0.738921 0.310007 0.748115 0.315511 0.764747 0.338344 0.751726 0.375208 0.869809 0.370638 0.86569 0.398458 0.861573 0.398284 0.863103 0.370427 0.850708 0.348056 0.858172 0.347439 0.851642 0.318339 0.850708 0.301266 0.857457 0.30187 0.855609 0.318296 0.859365 0.33813 0.85951 0.301266 0.865377 0.301751 0.863483 0.338614 0.867602 0.368996 0.860896 0.369688 0.791666 0.311383 0.820809 0.301266 0.837235 0.302077 0.836891 0.417839 0.820571 0.419514 0.792751 0.405873 0.841007 0.360455 0.76594 0.338627 0.781921 0.315387 0.860638 0.415376 0.86676 0.414779 0.84916 0.301266 0.842412 0.302278 0.843355 0.360656 0.851642 0.35725 0.85606 0.357184 0.857654 0.373165 0.851787 0.373882 0.84916 0.418868 0.843039 0.41804 0.849482 0.357237 0.846126 0.356452 0.73743 0.406766 0.709573 0.419516 0.692481 0.418868 0.685464 0.357237 0.692132 0.301266 0.709204 0.30149 0.738921 0.310007 0.748115 0.315511 0.764747 0.338344 0.751726 0.375208 0.869809 0.370638 0.86569 0.398458 0.861573 0.398284 0.863103 0.370427 0.850708 0.348056 0.858172 0.347439 0.851642 0.318339 0.850708 0.301266 0.857457 0.30187 0.855609 0.318296 0.859365 0.33813 0.85951 0.301266 0.865377 0.301751 0.863483 0.338614 0.867602 0.368996 0.860896 0.369688 0.791666 0.311383 0.820809 0.301266 0.837235 0.302077 0.836891 0.417839 0.820571 0.419514 0.792751 0.405873 0.841007 0.360455 0.76594 0.338627 0.781921 0.315387 0.860638 0.415376 0.86676 0.414779 0.84916 0.301266 0.842412 0.302278 0.843355 0.360656 0.734989 0.361122 0.731845 0.300419 0.80296 0.404437 0.796111 0.405224 0.793222 0.409296 0.8162 0.359986 0.812113 0.359232 0.817429 0.301754 0.810421 0.300419 0.82118 0.409059 0.821723 0.38651 0.8262 0.408614 0.828717 0.387474 0.823513 0.36263 0.804095 0.300419 0.809299 0.340099 0.805179 0.342732 0.752985 0.302107 0.777227 0.34442 0.812337 0.370264 0.819229 0.362875 0.817336 0.369724 0.658563 0.404171 0.728408 0.361948 0.669595 0.409675 0.684234 0.341791 0.708114 0.30222 0.730663 0.300419 0.804269 0.402748 0.809268 0.402479 0.82543 0.300422 0.827865 0.361126 0.820409 0.300419 0.820857 0.361948 0.734989 0.361122 0.731845 0.300419 0.80296 0.404437 0.796111 0.405224 0.793222 0.409296 0.8162 0.359986 0.812113 0.359232 0.817429 0.301754 0.810421 0.300419 0.82118 0.409059 0.821723 0.38651 0.8262 0.408614 0.828717 0.387474 0.823513 0.36263 0.804095 0.300419 0.809299 0.340099 0.805179 0.342732 0.752985 0.302107 0.777227 0.34442 0.812337 0.370264 0.819229 0.362875 0.817336 0.369724 0.658563 0.404171 0.728408 0.361948 0.669595 0.409675 0.684234 0.341791 0.708114 0.30222 0.730663 0.300419 0.804269 0.402748 0.809268 0.402479 0.82543 0.300422 0.827865 0.361126 0.820409 0.300419 0.820857 0.361948 0.734989 0.361122 0.731845 0.300419 0.80296 0.404437 0.796111 0.405224 0.793222 0.409296 0.8162 0.359986 0.812113 0.359232 0.817429 0.301754 0.810421 0.300419 0.82118 0.409059 0.821723 0.38651 0.8262 0.408614 0.828717 0.387474 0.823513 0.36263 0.804095 0.300419 0.809299 0.340099 0.805179 0.342732 0.752985 0.302107 0.777227 0.34442 0.812337 0.370264 0.819229 0.362875 0.817336 0.369724 0.658563 0.404171 0.728408 0.361948 0.669595 0.409675 0.684234 0.341791 0.708114 0.30222 0.730663 0.300419 0.804269 0.402748 0.809268 0.402479 0.82543 0.300422 0.827865 0.361126 0.820409 0.300419 0.820857 0.361948 0.734989 0.361122 0.731845 0.300419 0.80296 0.404437 0.796111 0.405224 0.793222 0.409296 0.8162 0.359986 0.812113 0.359232 0.817429 0.301754 0.810421 0.300419 0.82118 0.409059 0.821723 0.38651 0.8262 0.408614 0.828717 0.387474 0.823513 0.36263 0.804095 0.300419 0.809299 0.340099 0.805179 0.342732 0.752985 0.302107 0.777227 0.34442 0.812337 0.370264 0.819229 0.362875 0.817336 0.369724 0.658563 0.404171 0.728408 0.361948 0.669595 0.409675 0.684234 0.341791 0.708114 0.30222 0.730663 0.300419 0.804269 0.402748 0.809268 0.402479 0.82543 0.300422 0.827865 0.361126 0.820409 0.300419 0.820857 0.361948 0.734989 0.361122 0.731845 0.300419 0.80296 0.404437 0.796111 0.405224 0.793222 0.409296 0.8162 0.359986 0.812113 0.359232 0.817429 0.301754 0.810421 0.300419 0.82118 0.409059 0.821723 0.38651 0.8262 0.408614 0.828717 0.387474 0.823513 0.36263 0.804095 0.300419 0.809299 0.340099 0.805179 0.342732 0.752985 0.302107 0.777227 0.34442 0.812337 0.370264 0.819229 0.362875 0.817336 0.369724 0.658563 0.404171 0.728408 0.361948 0.669595 0.409675 0.684234 0.341791 0.708114 0.30222 0.730663 0.300419 0.804269 0.402748 0.809268 0.402479 0.82543 0.300422 0.827865 0.361126 0.820409 0.300419 0.820857 0.361948 0.734989 0.361122 0.731845 0.300419 0.80296 0.404437 0.796111 0.405224 0.793222 0.409296 0.8162 0.359986 0.812113 0.359232 0.817429 0.301754 0.810421 0.300419 0.82118 0.409059 0.821723 0.38651 0.8262 0.408614 0.828717 0.387474 0.823513 0.36263 0.804095 0.300419 0.809299 0.340099 0.805179 0.342732 0.752985 0.302107 0.777227 0.34442 0.812337 0.370264 0.819229 0.362875 0.817336 0.369724 0.658563 0.404171 0.728408 0.361948 0.669595 0.409675 0.684234 0.341791 0.708114 0.30222 0.730663 0.300419 0.804269 0.402748 0.809268 0.402479 0.82543 0.300422 0.827865 0.361126 0.820409 0.300419 0.820857 0.361948 0.734989 0.361122 0.731845 0.300419 0.80296 0.404437 0.796111 0.405224 0.793222 0.409296 0.8162 0.359986 0.812113 0.359232 0.817429 0.301754 0.810421 0.300419 0.82118 0.409059 0.821723 0.38651 0.8262 0.408614 0.828717 0.387474 0.823513 0.36263 0.804095 0.300419 0.809299 0.340099 0.805179 0.342732 0.752985 0.302107 0.777227 0.34442 0.812337 0.370264 0.819229 0.362875 0.817336 0.369724 0.658563 0.404171 0.728408 0.361948 0.669595 0.409675 0.684234 0.341791 0.708114 0.30222 0.730663 0.300419 0.804269 0.402748 0.809268 0.402479 0.82543 0.300422 0.827865 0.361126 0.820409 0.300419 0.820857 0.361948 0.734989 0.361122 0.731845 0.300419 0.80296 0.404437 0.796111 0.405224 0.793222 0.409296 0.8162 0.359986 0.812113 0.359232 0.817429 0.301754 0.810421 0.300419 0.82118 0.409059 0.821723 0.38651 0.8262 0.408614 0.828717 0.387474 0.823513 0.36263 0.804095 0.300419 0.809299 0.340099 0.805179 0.342732 0.752985 0.302107 0.777227 0.34442 0.812337 0.370264 0.819229 0.362875 0.817336 0.369724 0.658563 0.404171 0.728408 0.361948 0.669595 0.409675 0.684234 0.341791 0.708114 0.30222 0.730663 0.300419 0.804269 0.402748 0.809268 0.402479 0.82543 0.300422 0.827865 0.361126 0.820409 0.300419 0.820857 0.361948 0.734989 0.361122 0.731845 0.300419 0.80296 0.404437 0.796111 0.405224 0.793222 0.409296 0.8162 0.359986 0.812113 0.359232 0.817429 0.301754 0.810421 0.300419 0.82118 0.409059 0.821723 0.38651 0.8262 0.408614 0.828717 0.387474 0.823513 0.36263 0.804095 0.300419 0.809299 0.340099 0.805179 0.342732 0.752985 0.302107 0.777227 0.34442 0.812337 0.370264 0.819229 0.362875 0.817336 0.369724 0.658563 0.404171 0.728408 0.361948 0.669595 0.409675 0.684234 0.341791 0.708114 0.30222 0.730663 0.300419 0.804269 0.402748 0.809268 0.402479 0.82543 0.300422 0.827865 0.361126 0.820409 0.300419 0.820857 0.361948 1.822713 0.30533 1.828715 0.284696 1.826261 0.30098 1.818745 0.305317 1.818745 0.283319 1.796212 0.283436 1.806181 0.283319 1.804801 0.442318 1.801407 0.444117 1.713194 0.478362 1.703225 0.478707 1.703225 0.283319 1.707193 0.283569 1.771269 0.284093 1.787591 0.461751 1.755722 0.476097 1.714527 0.444465 1.721312 0.285466 1.74331 0.283319 1.754541 0.478707 1.722921 0.464474 1.806181 0.462326 1.798666 0.461868 1.807479 0.314939 1.807479 0.283319 1.817448 0.283339 1.814994 0.315208 1.787553 0.283319 1.795006 0.444 1.71074 0.286357 1.822713 0.30533 1.828715 0.284696 1.826261 0.30098 1.818745 0.305317 1.818745 0.283319 1.796212 0.283436 1.806181 0.283319 1.804801 0.442318 1.801407 0.444117 1.713194 0.478362 1.703225 0.478707 1.703225 0.283319 1.707193 0.283569 1.771269 0.284093 1.787591 0.461751 1.755722 0.476097 1.714527 0.444465 1.721312 0.285466 1.74331 0.283319 1.754541 0.478707 1.722921 0.464474 1.806181 0.462326 1.798666 0.461868 1.807479 0.314939 1.807479 0.283319 1.817448 0.283339 1.814994 0.315208 1.787553 0.283319 1.795006 0.444 1.71074 0.286357 1.822713 0.30533 1.828715 0.284696 1.826261 0.30098 1.818745 0.305317 1.818745 0.283319 1.796212 0.283436 1.806181 0.283319 1.804801 0.442318 1.801407 0.444117 1.713194 0.478362 1.703225 0.478707 1.703225 0.283319 1.707193 0.283569 1.771269 0.284093 1.787591 0.461751 1.755722 0.476097 1.714527 0.444465 1.721312 0.285466 1.74331 0.283319 1.754541 0.478707 1.722921 0.464474 1.806181 0.462326 1.798666 0.461868 1.807479 0.314939 1.807479 0.283319 1.817448 0.283339 1.814994 0.315208 1.787553 0.283319 1.795006 0.444 1.71074 0.286357 1.822713 0.30533 1.828715 0.284696 1.826261 0.30098 1.818745 0.305317 1.818745 0.283319 1.796212 0.283436 1.806181 0.283319 1.804801 0.442318 1.801407 0.444117 1.713194 0.478362 1.703225 0.478707 1.703225 0.283319 1.707193 0.283569 1.771269 0.284093 1.787591 0.461751 1.755722 0.476097 1.714527 0.444465 1.721312 0.285466 1.74331 0.283319 1.754541 0.478707 1.722921 0.464474 1.806181 0.462326 1.798666 0.461868 1.807479 0.314939 1.807479 0.283319 1.817448 0.283339 1.814994 0.315208 1.787553 0.283319 1.795006 0.444 1.71074 0.286357 1.822713 0.30533 1.828715 0.284696 1.826261 0.30098 1.818745 0.305317 1.818745 0.283319 1.796212 0.283436 1.806181 0.283319 1.804801 0.442318 1.801407 0.444117 1.713194 0.478362 1.703225 0.478707 1.703225 0.283319 1.707193 0.283569 1.771269 0.284093 1.787591 0.461751 1.755722 0.476097 1.714527 0.444465 1.721312 0.285466 1.74331 0.283319 1.754541 0.478707 1.722921 0.464474 1.806181 0.462326 1.798666 0.461868 1.807479 0.314939 1.807479 0.283319 1.817448 0.283339 1.814994 0.315208 1.787553 0.283319 1.795006 0.444 1.71074 0.286357 1.822713 0.30533 1.828715 0.284696 1.826261 0.30098 1.818745 0.305317 1.818745 0.283319 1.796212 0.283436 1.806181 0.283319 1.804801 0.442318 1.801407 0.444117 1.713194 0.478362 1.703225 0.478707 1.703225 0.283319 1.707193 0.283569 1.771269 0.284093 1.787591 0.461751 1.755722 0.476097 1.714527 0.444465 1.721312 0.285466 1.74331 0.283319 1.754541 0.478707 1.722921 0.464474 1.806181 0.462326 1.798666 0.461868 1.807479 0.314939 1.807479 0.283319 1.817448 0.283339 1.814994 0.315208 1.787553 0.283319 1.795006 0.444 1.71074 0.286357 1.822713 0.30533 1.828715 0.284696 1.826261 0.30098 1.818745 0.305317 1.818745 0.283319 1.796212 0.283436 1.806181 0.283319 1.804801 0.442318 1.801407 0.444117 1.713194 0.478362 1.703225 0.478707 1.703225 0.283319 1.707193 0.283569 1.771269 0.284093 1.787591 0.461751 1.755722 0.476097 1.714527 0.444465 1.721312 0.285466 1.74331 0.283319 1.754541 0.478707 1.722921 0.464474 1.806181 0.462326 1.798666 0.461868 1.807479 0.314939 1.807479 0.283319 1.817448 0.283339 1.814994 0.315208 1.787553 0.283319 1.795006 0.444 1.71074 0.286357 0.629445 0.438328 0.620271 0.441804 0.629957 0.238686 0.620242 0.234668 0.66589 0.234668 0.746594 0.30136 0.7102 0.324671 0.860363 0.259584 0.860357 0.236273 0.870766 0.256301 0.869174 0.234668 0.850695 0.47173 0.858756 0.516026 0.849582 0.512885 0.808676 0.377523 0.822434 0.351065 0.852932 0.372672 0.849581 0.515606 0.781551 0.429686 0.753053 0.246993 0.860385 0.376717 0.8701 0.372699 0.634017 0.441804 0.821704 0.401801 0.779146 0.43431 0.781867 0.434318 0.858443 0.372699 0.823022 0.405388 0.632409 0.251011 0.631894 0.433704 0.748236 0.234668 0.858813 0.435322 0.849996 0.436309 0.629445 0.438328 0.620271 0.441804 0.629957 0.238686 0.620242 0.234668 0.66589 0.234668 0.746594 0.30136 0.7102 0.324671 0.860363 0.259584 0.860357 0.236273 0.870766 0.256301 0.869174 0.234668 0.850695 0.47173 0.858756 0.516026 0.849582 0.512885 0.808676 0.377523 0.822434 0.351065 0.852932 0.372672 0.849581 0.515606 0.781551 0.429686 0.753053 0.246993 0.860385 0.376717 0.8701 0.372699 0.634017 0.441804 0.821704 0.401801 0.779146 0.43431 0.781867 0.434318 0.858443 0.372699 0.823022 0.405388 0.632409 0.251011 0.631894 0.433704 0.748236 0.234668 0.858813 0.435322 0.849996 0.436309 0.629445 0.438328 0.620271 0.441804 0.629957 0.238686 0.620242 0.234668 0.66589 0.234668 0.746594 0.30136 0.7102 0.324671 0.860363 0.259584 0.860357 0.236273 0.870766 0.256301 0.869174 0.234668 0.850695 0.47173 0.858756 0.516026 0.849582 0.512885 0.808676 0.377523 0.822434 0.351065 0.852932 0.372672 0.849581 0.515606 0.781551 0.429686 0.753053 0.246993 0.860385 0.376717 0.8701 0.372699 0.634017 0.441804 0.821704 0.401801 0.779146 0.43431 0.781867 0.434318 0.858443 0.372699 0.823022 0.405388 0.632409 0.251011 0.631894 0.433704 0.748236 0.234668 0.858813 0.435322 0.849996 0.436309 0.629445 0.438328 0.620271 0.441804 0.629957 0.238686 0.620242 0.234668 0.66589 0.234668 0.746594 0.30136 0.7102 0.324671 0.860363 0.259584 0.860357 0.236273 0.870766 0.256301 0.869174 0.234668 0.850695 0.47173 0.858756 0.516026 0.849582 0.512885 0.808676 0.377523 0.822434 0.351065 0.852932 0.372672 0.849581 0.515606 0.781551 0.429686 0.753053 0.246993 0.860385 0.376717 0.8701 0.372699 0.634017 0.441804 0.821704 0.401801 0.779146 0.43431 0.781867 0.434318 0.858443 0.372699 0.823022 0.405388 0.632409 0.251011 0.631894 0.433704 0.748236 0.234668 0.858813 0.435322 0.849996 0.436309 0.629445 0.438328 0.620271 0.441804 0.629957 0.238686 0.620242 0.234668 0.66589 0.234668 0.746594 0.30136 0.7102 0.324671 0.860363 0.259584 0.860357 0.236273 0.870766 0.256301 0.869174 0.234668 0.850695 0.47173 0.858756 0.516026 0.849582 0.512885 0.808676 0.377523 0.822434 0.351065 0.852932 0.372672 0.849581 0.515606 0.781551 0.429686 0.753053 0.246993 0.860385 0.376717 0.8701 0.372699 0.634017 0.441804 0.821704 0.401801 0.779146 0.43431 0.781867 0.434318 0.858443 0.372699 0.823022 0.405388 0.632409 0.251011 0.631894 0.433704 0.748236 0.234668 0.858813 0.435322 0.849996 0.436309 0.629445 0.438328 0.620271 0.441804 0.629957 0.238686 0.620242 0.234668 0.66589 0.234668 0.746594 0.30136 0.7102 0.324671 0.860363 0.259584 0.860357 0.236273 0.870766 0.256301 0.869174 0.234668 0.850695 0.47173 0.858756 0.516026 0.849582 0.512885 0.808676 0.377523 0.822434 0.351065 0.852932 0.372672 0.849581 0.515606 0.781551 0.429686 0.753053 0.246993 0.860385 0.376717 0.8701 0.372699 0.634017 0.441804 0.821704 0.401801 0.779146 0.43431 0.781867 0.434318 0.858443 0.372699 0.823022 0.405388 0.632409 0.251011 0.631894 0.433704 0.748236 0.234668 0.858813 0.435322 0.849996 0.436309 0.629445 0.438328 0.620271 0.441804 0.629957 0.238686 0.620242 0.234668 0.66589 0.234668 0.746594 0.30136 0.7102 0.324671 0.860363 0.259584 0.860357 0.236273 0.870766 0.256301 0.869174 0.234668 0.850695 0.47173 0.858756 0.516026 0.849582 0.512885 0.808676 0.377523 0.822434 0.351065 0.852932 0.372672 0.849581 0.515606 0.781551 0.429686 0.753053 0.246993 0.860385 0.376717 0.8701 0.372699 0.634017 0.441804 0.821704 0.401801 0.779146 0.43431 0.781867 0.434318 0.858443 0.372699 0.823022 0.405388 0.632409 0.251011 0.631894 0.433704 0.748236 0.234668 0.858813 0.435322 0.849996 0.436309 0.629445 0.438328 0.620271 0.441804 0.629957 0.238686 0.620242 0.234668 0.66589 0.234668 0.746594 0.30136 0.7102 0.324671 0.860363 0.259584 0.860357 0.236273 0.870766 0.256301 0.869174 0.234668 0.850695 0.47173 0.858756 0.516026 0.849582 0.512885 0.808676 0.377523 0.822434 0.351065 0.852932 0.372672 0.849581 0.515606 0.781551 0.429686 0.753053 0.246993 0.860385 0.376717 0.8701 0.372699 0.634017 0.441804 0.821704 0.401801 0.779146 0.43431 0.781867 0.434318 0.858443 0.372699 0.823022 0.405388 0.632409 0.251011 0.631894 0.433704 0.748236 0.234668 0.858813 0.435322 0.849996 0.436309 0.629445 0.438328 0.620271 0.441804 0.629957 0.238686 0.620242 0.234668 0.66589 0.234668 0.746594 0.30136 0.7102 0.324671 0.860363 0.259584 0.860357 0.236273 0.870766 0.256301 0.869174 0.234668 0.850695 0.47173 0.858756 0.516026 0.849582 0.512885 0.808676 0.377523 0.822434 0.351065 0.852932 0.372672 0.849581 0.515606 0.781551 0.429686 0.753053 0.246993 0.860385 0.376717 0.8701 0.372699 0.634017 0.441804 0.821704 0.401801 0.779146 0.43431 0.781867 0.434318 0.858443 0.372699 0.823022 0.405388 0.632409 0.251011 0.631894 0.433704 0.748236 0.234668 0.858813 0.435322 0.849996 0.436309</float_array>
          <technique_common>
            <accessor source="#polySurfaceShape1-map1-array" count="1101" stride="2">
              <param name="S" type="float"/>
              <param name="T" type="float"/>
            </accessor>
          </technique_common>
        </source>
        <vertices id="polySurfaceShape1-vertices" name="polySurfaceShape1-vertices">
          <input semantic="POSITION" source="#polySurfaceShape1-positions"/>
        </vertices>
        <triangles material="glass_shard01_glass_material_Material__25SG" count="786">
          <input semantic="VERTEX" source="#polySurfaceShape1-vertices" offset="0"/>
          <input semantic="NORMAL" source="#polySurfaceShape1-normals" offset="1"/>
          <input semantic="TEXCOORD" source="#polySurfaceShape1-map1" offset="2" set="0"/>
          <p>0 0 288 1 1 289 2 2 290 0 3 288 2 4 290 3 5 291 3 6 291 4 7 292 0 8 288 4 9 293 5 10 294 0 11 295 0 12 295 5 13 294 6 14 296 7 15 297 8 16 298 1 17 299 1 18 299 8 19 298 9 20 300 8 21 298 10 22 301 9 23 300 9 24 302 10 25 303 11 26 304 1 27 289 9 28 305 2 29 290 9 30 305 11 31 306 2 32 290 12 33 307 3 34 308 2 35 309 12 36 307 4 37 293 3 38 308 12 39 307 5 40 294 4 41 293 12 42 310 6 43 311 5 44 312 12 45 310 10 46 313 8 47 314 12 48 310 8 49 314 6 50 311 6 51 311 8 52 314 7 53 315 2 54 316 11 55 304 12 56 317 12 57 317 11 58 304 10 59 303 1 60 318 0 61 319 7 62 320 7 63 320 0 64 319 6 65 321 16 66 0 15 67 1 13 68 2 13 69 2 14 70 3 16 71 0 27 72 4 28 73 5 32 74 6 32 75 6 28 76 5 31 77 7 21 78 8 29 79 9 27 80 10 21 81 8 27 82 10 32 83 11 18 84 12 23 85 13 24 86 14 24 87 14 16 88 15 14 89 16 18 90 12 24 91 14 14 92 16 21 93 8 18 94 12 14 95 16 21 96 8 14 97 16 19 98 17 22 99 18 30 100 19 29 101 20 29 102 20 21 103 21 22 104 18 24 105 22 25 106 23 15 107 1 15 108 1 16 109 0 24 110 22 23 111 24 18 112 25 17 113 26 17 114 26 26 115 27 23 116 24 19 117 28 14 118 29 13 119 30 13 120 30 20 121 31 19 122 28 20 123 31 22 124 32 21 125 33 21 126 33 19 127 28 20 128 31 25 129 34 26 130 35 17 131 36 28 132 37 30 133 38 22 134 39 33 135 40 28 136 37 22 137 39 22 138 32 20 139 31 13 140 30 17 141 36 22 142 39 13 143 41 25 144 34 17 145 36 13 146 41 25 147 34 13 148 41 15 149 42 25 150 23 24 151 22 23 152 24 23 153 24 26 154 27 25 155 23 27 156 43 29 157 20 30 158 19 30 159 19 28 160 44 27 161 43 17 162 36 33 163 40 22 164 39 32 165 6 31 166 7 18 167 45 18 168 45 31 169 7 17 170 46 21 171 8 32 172 11 18 173 12 17 174 46 31 175 7 33 176 47 31 177 7 28 178 5 33 179 47 37 180 48 36 181 49 34 182 50 34 183 50 35 184 51 37 185 48 48 186 52 49 187 53 53 188 54 53 189 54 49 190 53 52 191 55 42 192 56 50 193 57 48 194 58 42 195 56 48 196 58 53 197 59 39 198 60 44 199 61 45 200 62 45 201 62 37 202 63 35 203 64 39 204 60 45 205 62 35 206 64 42 207 56 39 208 60 35 209 64 42 210 56 35 211 64 40 212 65 43 213 66 51 214 67 50 215 68 50 216 68 42 217 69 43 218 66 45 219 70 46 220 71 36 221 49 36 222 49 37 223 48 45 224 70 44 225 72 39 226 73 38 227 74 38 228 74 47 229 75 44 230 72 40 231 76 35 232 77 34 233 78 34 234 78 41 235 79 40 236 76 41 237 79 43 238 80 42 239 81 42 240 81 40 241 76 41 242 79 46 243 82 47 244 83 38 245 84 49 246 85 51 247 86 43 248 87 54 249 88 49 250 85 43 251 87 43 252 80 41 253 79 34 254 78 38 255 84 43 256 87 34 257 89 46 258 82 38 259 84 34 260 89 46 261 82 34 262 89 36 263 90 46 264 71 45 265 70 44 266 72 44 267 72 47 268 75 46 269 71 48 270 91 50 271 68 51 272 67 51 273 67 49 274 92 48 275 91 38 276 84 54 277 88 43 278 87 53 279 54 52 280 55 39 281 93 39 282 93 52 283 55 38 284 94 42 285 56 53 286 59 39 287 60 38 288 94 52 289 55 54 290 95 52 291 55 49 292 53 54 293 95 58 294 96 57 295 97 55 296 98 55 297 98 56 298 99 58 299 96 69 300 100 70 301 101 74 302 102 74 303 102 70 304 101 73 305 103 63 306 104 71 307 105 69 308 106 63 309 104 69 310 106 74 311 107 60 312 108 65 313 109 66 314 110 66 315 110 58 316 111 56 317 112 60 318 108 66 319 110 56 320 112 63 321 104 60 322 108 56 323 112 63 324 104 56 325 112 61 326 113 64 327 114 72 328 115 71 329 116 71 330 116 63 331 117 64 332 114 66 333 118 67 334 119 57 335 97 57 336 97 58 337 96 66 338 118 65 339 120 60 340 121 59 341 122 59 342 122 68 343 123 65 344 120 61 345 124 56 346 125 55 347 126 55 348 126 62 349 127 61 350 124 62 351 127 64 352 128 63 353 129 63 354 129 61 355 124 62 356 127 67 357 130 68 358 131 59 359 132 70 360 133 72 361 134 64 362 135 75 363 136 70 364 133 64 365 135 64 366 128 62 367 127 55 368 126 59 369 132 64 370 135 55 371 137 67 372 130 59 373 132 55 374 137 67 375 130 55 376 137 57 377 138 67 378 119 66 379 118 65 380 120 65 381 120 68 382 123 67 383 119 69 384 139 71 385 116 72 386 115 72 387 115 70 388 140 69 389 139 59 390 132 75 391 136 64 392 135 74 393 102 73 394 103 60 395 141 60 396 141 73 397 103 59 398 142 63 399 104 74 400 107 60 401 108 59 402 142 73 403 103 75 404 143 73 405 103 70 406 101 75 407 143 79 408 144 78 409 145 76 410 146 76 411 146 77 412 147 79 413 144 90 414 148 91 415 149 95 416 150 95 417 150 91 418 149 94 419 151 84 420 152 92 421 153 90 422 154 84 423 152 90 424 154 95 425 155 81 426 156 86 427 157 87 428 158 87 429 158 79 430 159 77 431 160 81 432 156 87 433 158 77 434 160 84 435 152 81 436 156 77 437 160 84 438 152 77 439 160 82 440 161 85 441 162 93 442 163 92 443 164 92 444 164 84 445 165 85 446 162 87 447 166 88 448 167 78 449 145 78 450 145 79 451 144 87 452 166 86 453 168 81 454 169 80 455 170 80 456 170 89 457 171 86 458 168 82 459 172 77 460 173 76 461 174 76 462 174 83 463 175 82 464 172 83 465 175 85 466 176 84 467 177 84 468 177 82 469 172 83 470 175 88 471 178 89 472 179 80 473 180 91 474 181 93 475 182 85 476 183 96 477 184 91 478 181 85 479 183 85 480 176 83 481 175 76 482 174 80 483 180 85 484 183 76 485 185 88 486 178 80 487 180 76 488 185 88 489 178 76 490 185 78 491 186 88 492 167 87 493 166 86 494 168 86 495 168 89 496 171 88 497 167 90 498 187 92 499 164 93 500 163 93 501 163 91 502 188 90 503 187 80 504 180 96 505 184 85 506 183 95 507 150 94 508 151 81 509 189 81 510 189 94 511 151 80 512 190 84 513 152 95 514 155 81 515 156 80 516 190 94 517 151 96 518 191 94 519 151 91 520 149 96 521 191 100 522 192 99 523 193 97 524 194 97 525 194 98 526 195 100 527 192 111 528 196 112 529 197 116 530 198 116 531 198 112 532 197 115 533 199 105 534 200 113 535 201 111 536 202 105 537 200 111 538 202 116 539 203 102 540 204 107 541 205 108 542 206 108 543 206 100 544 207 98 545 208 102 546 204 108 547 206 98 548 208 105 549 200 102 550 204 98 551 208 105 552 200 98 553 208 103 554 209 106 555 210 114 556 211 113 557 212 113 558 212 105 559 213 106 560 210 108 561 214 109 562 215 99 563 193 99 564 193 100 565 192 108 566 214 107 567 216 102 568 217 101 569 218 101 570 218 110 571 219 107 572 216 103 573 220 98 574 221 97 575 222 97 576 222 104 577 223 103 578 220 104 579 223 106 580 224 105 581 225 105 582 225 103 583 220 104 584 223 109 585 226 110 586 227 101 587 228 112 588 229 114 589 230 106 590 231 117 591 232 112 592 229 106 593 231 106 594 224 104 595 223 97 596 222 101 597 228 106 598 231 97 599 233 109 600 226 101 601 228 97 602 233 109 603 226 97 604 233 99 605 234 109 606 215 108 607 214 107 608 216 107 609 216 110 610 219 109 611 215 111 612 235 113 613 212 114 614 211 114 615 211 112 616 236 111 617 235 101 618 228 117 619 232 106 620 231 116 621 198 115 622 199 102 623 237 102 624 237 115 625 199 101 626 238 105 627 200 116 628 203 102 629 204 101 630 238 115 631 199 117 632 239 115 633 199 112 634 197 117 635 239 121 636 240 120 637 241 118 638 242 118 639 242 119 640 243 121 641 240 132 642 244 133 643 245 137 644 246 137 645 246 133 646 245 136 647 247 126 648 248 134 649 249 132 650 250 126 651 248 132 652 250 137 653 251 123 654 252 128 655 253 129 656 254 129 657 254 121 658 255 119 659 256 123 660 252 129 661 254 119 662 256 126 663 248 123 664 252 119 665 256 126 666 248 119 667 256 124 668 257 127 669 258 135 670 259 134 671 260 134 672 260 126 673 261 127 674 258 129 675 262 130 676 263 120 677 241 120 678 241 121 679 240 129 680 262 128 681 264 123 682 265 122 683 266 122 684 266 131 685 267 128 686 264 124 687 268 119 688 269 118 689 270 118 690 270 125 691 271 124 692 268 125 693 271 127 694 272 126 695 273 126 696 273 124 697 268 125 698 271 130 699 274 131 700 275 122 701 276 133 702 277 135 703 278 127 704 279 138 705 280 133 706 277 127 707 279 127 708 272 125 709 271 118 710 270 122 711 276 127 712 279 118 713 281 130 714 274 122 715 276 118 716 281 130 717 274 118 718 281 120 719 282 130 720 263 129 721 262 128 722 264 128 723 264 131 724 267 130 725 263 132 726 283 134 727 260 135 728 259 135 729 259 133 730 284 132 731 283 122 732 276 138 733 280 127 734 279 137 735 246 136 736 247 123 737 285 123 738 285 136 739 247 122 740 286 126 741 248 137 742 251 123 743 252 122 744 286 136 745 247 138 746 287 136 747 247 133 748 245 138 749 287 139 750 322 140 751 323 141 752 324 139 753 322 141 754 324 142 755 325 142 756 325 143 757 326 139 758 322 143 759 327 144 760 328 139 761 329 139 762 329 144 763 328 145 764 330 146 765 331 147 766 332 140 767 333 140 768 333 147 769 332 148 770 334 147 771 332 149 772 335 148 773 334 148 774 336 149 775 337 150 776 338 140 777 323 148 778 339 141 779 324 148 780 339 150 781 340 141 782 324 151 783 341 142 784 342 141 785 343 151 786 341 143 787 327 142 788 342 151 789 341 144 790 328 143 791 327 151 792 344 145 793 345 144 794 346 151 795 344 149 796 347 147 797 348 151 798 344 147 799 348 145 800 345 145 801 345 147 802 348 146 803 349 141 804 350 150 805 338 151 806 351 151 807 351 150 808 338 149 809 337 140 810 352 139 811 353 146 812 354 146 813 354 139 814 353 145 815 355 152 816 356 153 817 357 154 818 358 152 819 356 154 820 358 155 821 359 155 822 359 156 823 360 152 824 356 156 825 361 157 826 362 152 827 363 152 828 363 157 829 362 158 830 364 159 831 365 160 832 366 153 833 367 153 834 367 160 835 366 161 836 368 160 837 366 162 838 369 161 839 368 161 840 370 162 841 371 163 842 372 153 843 357 161 844 373 154 845 358 161 846 373 163 847 374 154 848 358 164 849 375 155 850 376 154 851 377 164 852 375 156 853 361 155 854 376 164 855 375 157 856 362 156 857 361 164 858 378 158 859 379 157 860 380 164 861 378 162 862 381 160 863 382 164 864 378 160 865 382 158 866 379 158 867 379 160 868 382 159 869 383 154 870 384 163 871 372 164 872 385 164 873 385 163 874 372 162 875 371 153 876 386 152 877 387 159 878 388 159 879 388 152 880 387 158 881 389 165 882 390 166 883 391 167 884 392 165 885 390 167 886 392 168 887 393 168 888 393 169 889 394 165 890 390 169 891 395 170 892 396 165 893 397 165 894 397 170 895 396 171 896 398 172 897 399 173 898 400 166 899 401 166 900 401 173 901 400 174 902 402 173 903 400 175 904 403 174 905 402 174 906 404 175 907 405 176 908 406 166 909 391 174 910 407 167 911 392 174 912 407 176 913 408 167 914 392 177 915 409 168 916 410 167 917 411 177 918 409 169 919 395 168 920 410 177 921 409 170 922 396 169 923 395 177 924 412 171 925 413 170 926 414 177 927 412 175 928 415 173 929 416 177 930 412 173 931 416 171 932 413 171 933 413 173 934 416 172 935 417 167 936 418 176 937 406 177 938 419 177 939 419 176 940 406 175 941 405 166 942 420 165 943 421 172 944 422 172 945 422 165 946 421 171 947 423 178 948 424 179 949 425 180 950 426 178 951 424 180 952 426 181 953 427 181 954 427 182 955 428 178 956 424 182 957 429 183 958 430 178 959 431 178 960 431 183 961 430 184 962 432 185 963 433 186 964 434 179 965 435 179 966 435 186 967 434 187 968 436 186 969 434 188 970 437 187 971 436 187 972 438 188 973 439 189 974 440 179 975 425 187 976 441 180 977 426 187 978 441 189 979 442 180 980 426 190 981 443 181 982 444 180 983 445 190 984 443 182 985 429 181 986 444 190 987 443 183 988 430 182 989 429 190 990 446 184 991 447 183 992 448 190 993 446 188 994 449 186 995 450 190 996 446 186 997 450 184 998 447 184 999 447 186 1000 450 185 1001 451 180 1002 452 189 1003 440 190 1004 453 190 1005 453 189 1006 440 188 1007 439 179 1008 454 178 1009 455 185 1010 456 185 1011 456 178 1012 455 184 1013 457 191 1014 458 192 1015 459 193 1016 460 191 1017 458 193 1018 460 194 1019 461 194 1020 461 195 1021 462 191 1022 458 195 1023 463 196 1024 464 191 1025 465 191 1026 465 196 1027 464 197 1028 466 198 1029 467 199 1030 468 192 1031 469 192 1032 469 199 1033 468 200 1034 470 199 1035 468 201 1036 471 200 1037 470 200 1038 472 201 1039 473 202 1040 474 192 1041 459 200 1042 475 193 1043 460 200 1044 475 202 1045 476 193 1046 460 203 1047 477 194 1048 478 193 1049 479 203 1050 477 195 1051 463 194 1052 478 203 1053 477 196 1054 464 195 1055 463 203 1056 480 197 1057 481 196 1058 482 203 1059 480 201 1060 483 199 1061 484 203 1062 480 199 1063 484 197 1064 481 197 1065 481 199 1066 484 198 1067 485 193 1068 486 202 1069 474 203 1070 487 203 1071 487 202 1072 474 201 1073 473 192 1074 488 191 1075 489 198 1076 490 198 1077 490 191 1078 489 197 1079 491 204 1080 492 205 1081 493 206 1082 494 204 1083 492 206 1084 494 207 1085 495 207 1086 495 208 1087 496 204 1088 492 208 1089 497 209 1090 498 204 1091 499 204 1092 499 209 1093 498 210 1094 500 211 1095 501 212 1096 502 205 1097 503 205 1098 503 212 1099 502 213 1100 504 212 1101 502 214 1102 505 213 1103 504 213 1104 506 214 1105 507 215 1106 508 205 1107 493 213 1108 509 206 1109 494 213 1110 509 215 1111 510 206 1112 494 216 1113 511 207 1114 512 206 1115 513 216 1116 511 208 1117 497 207 1118 512 216 1119 511 209 1120 498 208 1121 497 216 1122 514 210 1123 515 209 1124 516 216 1125 514 214 1126 517 212 1127 518 216 1128 514 212 1129 518 210 1130 515 210 1131 515 212 1132 518 211 1133 519 206 1134 520 215 1135 508 216 1136 521 216 1137 521 215 1138 508 214 1139 507 205 1140 522 204 1141 523 211 1142 524 211 1143 524 204 1144 523 210 1145 525 217 1146 526 218 1147 527 219 1148 528 217 1149 526 219 1150 528 220 1151 529 220 1152 529 221 1153 530 217 1154 526 221 1155 531 222 1156 532 217 1157 533 217 1158 533 222 1159 532 223 1160 534 224 1161 535 225 1162 536 218 1163 537 218 1164 537 225 1165 536 226 1166 538 225 1167 536 227 1168 539 226 1169 538 226 1170 540 227 1171 541 228 1172 542 218 1173 527 226 1174 543 219 1175 528 226 1176 543 228 1177 544 219 1178 528 229 1179 545 220 1180 546 219 1181 547 229 1182 545 221 1183 531 220 1184 546 229 1185 545 222 1186 532 221 1187 531 229 1188 548 223 1189 549 222 1190 550 229 1191 548 227 1192 551 225 1193 552 229 1194 548 225 1195 552 223 1196 549 223 1197 549 225 1198 552 224 1199 553 219 1200 554 228 1201 542 229 1202 555 229 1203 555 228 1204 542 227 1205 541 218 1206 556 217 1207 557 224 1208 558 224 1209 558 217 1210 557 223 1211 559 230 1212 560 231 1213 561 232 1214 562 230 1215 560 232 1216 562 233 1217 563 233 1218 563 234 1219 564 230 1220 560 234 1221 565 235 1222 566 230 1223 567 230 1224 567 235 1225 566 236 1226 568 237 1227 569 238 1228 570 231 1229 571 231 1230 571 238 1231 570 239 1232 572 238 1233 570 240 1234 573 239 1235 572 239 1236 574 240 1237 575 241 1238 576 231 1239 561 239 1240 577 232 1241 562 239 1242 577 241 1243 578 232 1244 562 242 1245 579 233 1246 580 232 1247 581 242 1248 579 234 1249 565 233 1250 580 242 1251 579 235 1252 566 234 1253 565 242 1254 582 236 1255 583 235 1256 584 242 1257 582 240 1258 585 238 1259 586 242 1260 582 238 1261 586 236 1262 583 236 1263 583 238 1264 586 237 1265 587 232 1266 588 241 1267 576 242 1268 589 242 1269 589 241 1270 576 240 1271 575 231 1272 590 230 1273 591 237 1274 592 237 1275 592 230 1276 591 236 1277 593 243 1278 594 247 1279 595 253 1280 596 244 1281 597 248 1282 598 247 1283 595 247 1284 599 248 1285 600 245 1286 601 245 1287 601 246 1288 602 247 1289 599 250 1290 603 249 1291 604 244 1292 605 244 1293 605 243 1294 606 250 1295 603 253 1296 607 251 1297 608 250 1298 609 245 1299 610 248 1300 611 244 1301 612 245 1302 610 244 1303 612 249 1304 613 245 1305 610 249 1306 613 252 1307 614 252 1308 615 251 1309 616 246 1310 602 246 1311 602 245 1312 601 252 1313 615 252 1314 617 249 1315 618 250 1316 619 250 1317 619 251 1318 620 252 1319 617 251 1320 608 247 1321 621 246 1322 622 243 1323 606 253 1324 623 250 1325 603 244 1326 597 247 1327 595 243 1328 594 253 1329 607 247 1330 621 251 1331 608 254 1332 624 258 1333 625 264 1334 626 255 1335 627 259 1336 628 258 1337 625 258 1338 629 259 1339 630 256 1340 631 256 1341 631 257 1342 632 258 1343 629 261 1344 633 260 1345 634 255 1346 635 255 1347 635 254 1348 636 261 1349 633 264 1350 637 262 1351 638 261 1352 639 256 1353 640 259 1354 641 255 1355 642 256 1356 640 255 1357 642 260 1358 643 256 1359 640 260 1360 643 263 1361 644 263 1362 645 262 1363 646 257 1364 632 257 1365 632 256 1366 631 263 1367 645 263 1368 647 260 1369 648 261 1370 649 261 1371 649 262 1372 650 263 1373 647 262 1374 638 258 1375 651 257 1376 652 254 1377 636 264 1378 653 261 1379 633 255 1380 627 258 1381 625 254 1382 624 264 1383 637 258 1384 651 262 1385 638 265 1386 654 269 1387 655 275 1388 656 266 1389 657 270 1390 658 269 1391 655 269 1392 659 270 1393 660 267 1394 661 267 1395 661 268 1396 662 269 1397 659 272 1398 663 271 1399 664 266 1400 665 266 1401 665 265 1402 666 272 1403 663 275 1404 667 273 1405 668 272 1406 669 267 1407 670 270 1408 671 266 1409 672 267 1410 670 266 1411 672 271 1412 673 267 1413 670 271 1414 673 274 1415 674 274 1416 675 273 1417 676 268 1418 662 268 1419 662 267 1420 661 274 1421 675 274 1422 677 271 1423 678 272 1424 679 272 1425 679 273 1426 680 274 1427 677 273 1428 668 269 1429 681 268 1430 682 265 1431 666 275 1432 683 272 1433 663 266 1434 657 269 1435 655 265 1436 654 275 1437 667 269 1438 681 273 1439 668 276 1440 684 280 1441 685 286 1442 686 277 1443 687 281 1444 688 280 1445 685 280 1446 689 281 1447 690 278 1448 691 278 1449 691 279 1450 692 280 1451 689 283 1452 693 282 1453 694 277 1454 695 277 1455 695 276 1456 696 283 1457 693 286 1458 697 284 1459 698 283 1460 699 278 1461 700 281 1462 701 277 1463 702 278 1464 700 277 1465 702 282 1466 703 278 1467 700 282 1468 703 285 1469 704 285 1470 705 284 1471 706 279 1472 692 279 1473 692 278 1474 691 285 1475 705 285 1476 707 282 1477 708 283 1478 709 283 1479 709 284 1480 710 285 1481 707 284 1482 698 280 1483 711 279 1484 712 276 1485 696 286 1486 713 283 1487 693 277 1488 687 280 1489 685 276 1490 684 286 1491 697 280 1492 711 284 1493 698 287 1494 714 291 1495 715 297 1496 716 288 1497 717 292 1498 718 291 1499 715 291 1500 719 292 1501 720 289 1502 721 289 1503 721 290 1504 722 291 1505 719 294 1506 723 293 1507 724 288 1508 725 288 1509 725 287 1510 726 294 1511 723 297 1512 727 295 1513 728 294 1514 729 289 1515 730 292 1516 731 288 1517 732 289 1518 730 288 1519 732 293 1520 733 289 1521 730 293 1522 733 296 1523 734 296 1524 735 295 1525 736 290 1526 722 290 1527 722 289 1528 721 296 1529 735 296 1530 737 293 1531 738 294 1532 739 294 1533 739 295 1534 740 296 1535 737 295 1536 728 291 1537 741 290 1538 742 287 1539 726 297 1540 743 294 1541 723 288 1542 717 291 1543 715 287 1544 714 297 1545 727 291 1546 741 295 1547 728 298 1548 744 302 1549 745 308 1550 746 299 1551 747 303 1552 748 302 1553 745 302 1554 749 303 1555 750 300 1556 751 300 1557 751 301 1558 752 302 1559 749 305 1560 753 304 1561 754 299 1562 755 299 1563 755 298 1564 756 305 1565 753 308 1566 757 306 1567 758 305 1568 759 300 1569 760 303 1570 761 299 1571 762 300 1572 760 299 1573 762 304 1574 763 300 1575 760 304 1576 763 307 1577 764 307 1578 765 306 1579 766 301 1580 752 301 1581 752 300 1582 751 307 1583 765 307 1584 767 304 1585 768 305 1586 769 305 1587 769 306 1588 770 307 1589 767 306 1590 758 302 1591 771 301 1592 772 298 1593 756 308 1594 773 305 1595 753 299 1596 747 302 1597 745 298 1598 744 308 1599 757 302 1600 771 306 1601 758 309 1602 774 313 1603 775 319 1604 776 310 1605 777 314 1606 778 313 1607 775 313 1608 779 314 1609 780 311 1610 781 311 1611 781 312 1612 782 313 1613 779 316 1614 783 315 1615 784 310 1616 785 310 1617 785 309 1618 786 316 1619 783 319 1620 787 317 1621 788 316 1622 789 311 1623 790 314 1624 791 310 1625 792 311 1626 790 310 1627 792 315 1628 793 311 1629 790 315 1630 793 318 1631 794 318 1632 795 317 1633 796 312 1634 782 312 1635 782 311 1636 781 318 1637 795 318 1638 797 315 1639 798 316 1640 799 316 1641 799 317 1642 800 318 1643 797 317 1644 788 313 1645 801 312 1646 802 309 1647 786 319 1648 803 316 1649 783 310 1650 777 313 1651 775 309 1652 774 319 1653 787 313 1654 801 317 1655 788 324 1656 804 325 1657 805 320 1658 806 320 1659 806 325 1660 805 321 1661 807 325 1662 808 323 1663 809 328 1664 810 328 1665 811 323 1666 812 327 1667 813 327 1668 813 323 1669 812 322 1670 814 334 1671 815 325 1672 816 326 1673 817 329 1674 818 327 1675 819 331 1676 820 324 1677 821 326 1678 817 325 1679 816 330 1680 822 332 1681 823 329 1682 818 321 1683 824 328 1684 811 320 1685 825 320 1686 825 328 1687 811 327 1688 813 325 1689 808 328 1690 810 321 1691 826 330 1692 822 329 1693 818 333 1694 827 324 1695 828 330 1696 822 326 1697 829 329 1698 818 332 1699 823 327 1700 819 327 1701 819 322 1702 830 331 1703 820 333 1704 827 334 1705 831 330 1706 822 330 1707 822 334 1708 831 326 1709 829 320 1710 806 332 1711 832 324 1712 804 324 1713 804 332 1714 832 330 1715 833 327 1716 819 332 1717 823 320 1718 834 333 1719 827 329 1720 818 331 1721 820 333 1722 827 331 1723 820 334 1724 831 334 1725 831 331 1726 820 322 1727 830 323 1728 835 325 1729 816 334 1730 815 323 1731 835 334 1732 815 322 1733 836 339 1734 837 340 1735 838 335 1736 839 335 1737 839 340 1738 838 336 1739 840 340 1740 841 338 1741 842 343 1742 843 343 1743 844 338 1744 845 342 1745 846 342 1746 846 338 1747 845 337 1748 847 349 1749 848 340 1750 849 341 1751 850 344 1752 851 342 1753 852 346 1754 853 339 1755 854 341 1756 850 340 1757 849 345 1758 855 347 1759 856 344 1760 851 336 1761 857 343 1762 844 335 1763 858 335 1764 858 343 1765 844 342 1766 846 340 1767 841 343 1768 843 336 1769 859 345 1770 855 344 1771 851 348 1772 860 339 1773 861 345 1774 855 341 1775 862 344 1776 851 347 1777 856 342 1778 852 342 1779 852 337 1780 863 346 1781 853 348 1782 860 349 1783 864 345 1784 855 345 1785 855 349 1786 864 341 1787 862 335 1788 839 347 1789 865 339 1790 837 339 1791 837 347 1792 865 345 1793 866 342 1794 852 347 1795 856 335 1796 867 348 1797 860 344 1798 851 346 1799 853 348 1800 860 346 1801 853 349 1802 864 349 1803 864 346 1804 853 337 1805 863 338 1806 868 340 1807 849 349 1808 848 338 1809 868 349 1810 848 337 1811 869 354 1812 870 355 1813 871 350 1814 872 350 1815 872 355 1816 871 351 1817 873 355 1818 874 353 1819 875 358 1820 876 358 1821 877 353 1822 878 357 1823 879 357 1824 879 353 1825 878 352 1826 880 364 1827 881 355 1828 882 356 1829 883 359 1830 884 357 1831 885 361 1832 886 354 1833 887 356 1834 883 355 1835 882 360 1836 888 362 1837 889 359 1838 884 351 1839 890 358 1840 877 350 1841 891 350 1842 891 358 1843 877 357 1844 879 355 1845 874 358 1846 876 351 1847 892 360 1848 888 359 1849 884 363 1850 893 354 1851 894 360 1852 888 356 1853 895 359 1854 884 362 1855 889 357 1856 885 357 1857 885 352 1858 896 361 1859 886 363 1860 893 364 1861 897 360 1862 888 360 1863 888 364 1864 897 356 1865 895 350 1866 872 362 1867 898 354 1868 870 354 1869 870 362 1870 898 360 1871 899 357 1872 885 362 1873 889 350 1874 900 363 1875 893 359 1876 884 361 1877 886 363 1878 893 361 1879 886 364 1880 897 364 1881 897 361 1882 886 352 1883 896 353 1884 901 355 1885 882 364 1886 881 353 1887 901 364 1888 881 352 1889 902 369 1890 903 370 1891 904 365 1892 905 365 1893 905 370 1894 904 366 1895 906 370 1896 907 368 1897 908 373 1898 909 373 1899 910 368 1900 911 372 1901 912 372 1902 912 368 1903 911 367 1904 913 379 1905 914 370 1906 915 371 1907 916 374 1908 917 372 1909 918 376 1910 919 369 1911 920 371 1912 916 370 1913 915 375 1914 921 377 1915 922 374 1916 917 366 1917 923 373 1918 910 365 1919 924 365 1920 924 373 1921 910 372 1922 912 370 1923 907 373 1924 909 366 1925 925 375 1926 921 374 1927 917 378 1928 926 369 1929 927 375 1930 921 371 1931 928 374 1932 917 377 1933 922 372 1934 918 372 1935 918 367 1936 929 376 1937 919 378 1938 926 379 1939 930 375 1940 921 375 1941 921 379 1942 930 371 1943 928 365 1944 905 377 1945 931 369 1946 903 369 1947 903 377 1948 931 375 1949 932 372 1950 918 377 1951 922 365 1952 933 378 1953 926 374 1954 917 376 1955 919 378 1956 926 376 1957 919 379 1958 930 379 1959 930 376 1960 919 367 1961 929 368 1962 934 370 1963 915 379 1964 914 368 1965 934 379 1966 914 367 1967 935 384 1968 936 385 1969 937 380 1970 938 380 1971 938 385 1972 937 381 1973 939 385 1974 940 383 1975 941 388 1976 942 388 1977 943 383 1978 944 387 1979 945 387 1980 945 383 1981 944 382 1982 946 394 1983 947 385 1984 948 386 1985 949 389 1986 950 387 1987 951 391 1988 952 384 1989 953 386 1990 949 385 1991 948 390 1992 954 392 1993 955 389 1994 950 381 1995 956 388 1996 943 380 1997 957 380 1998 957 388 1999 943 387 2000 945 385 2001 940 388 2002 942 381 2003 958 390 2004 954 389 2005 950 393 2006 959 384 2007 960 390 2008 954 386 2009 961 389 2010 950 392 2011 955 387 2012 951 387 2013 951 382 2014 962 391 2015 952 393 2016 959 394 2017 963 390 2018 954 390 2019 954 394 2020 963 386 2021 961 380 2022 938 392 2023 964 384 2024 936 384 2025 936 392 2026 964 390 2027 965 387 2028 951 392 2029 955 380 2030 966 393 2031 959 389 2032 950 391 2033 952 393 2034 959 391 2035 952 394 2036 963 394 2037 963 391 2038 952 382 2039 962 383 2040 967 385 2041 948 394 2042 947 383 2043 967 394 2044 947 382 2045 968 399 2046 969 400 2047 970 395 2048 971 395 2049 971 400 2050 970 396 2051 972 400 2052 973 398 2053 974 403 2054 975 403 2055 976 398 2056 977 402 2057 978 402 2058 978 398 2059 977 397 2060 979 409 2061 980 400 2062 981 401 2063 982 404 2064 983 402 2065 984 406 2066 985 399 2067 986 401 2068 982 400 2069 981 405 2070 987 407 2071 988 404 2072 983 396 2073 989 403 2074 976 395 2075 990 395 2076 990 403 2077 976 402 2078 978 400 2079 973 403 2080 975 396 2081 991 405 2082 987 404 2083 983 408 2084 992 399 2085 993 405 2086 987 401 2087 994 404 2088 983 407 2089 988 402 2090 984 402 2091 984 397 2092 995 406 2093 985 408 2094 992 409 2095 996 405 2096 987 405 2097 987 409 2098 996 401 2099 994 395 2100 971 407 2101 997 399 2102 969 399 2103 969 407 2104 997 405 2105 998 402 2106 984 407 2107 988 395 2108 999 408 2109 992 404 2110 983 406 2111 985 408 2112 992 406 2113 985 409 2114 996 409 2115 996 406 2116 985 397 2117 995 398 2118 1000 400 2119 981 409 2120 980 398 2121 1000 409 2122 980 397 2123 1001 414 2124 1002 415 2125 1003 410 2126 1004 410 2127 1004 415 2128 1003 411 2129 1005 415 2130 1006 413 2131 1007 418 2132 1008 418 2133 1009 413 2134 1010 417 2135 1011 417 2136 1011 413 2137 1010 412 2138 1012 424 2139 1013 415 2140 1014 416 2141 1015 419 2142 1016 417 2143 1017 421 2144 1018 414 2145 1019 416 2146 1015 415 2147 1014 420 2148 1020 422 2149 1021 419 2150 1016 411 2151 1022 418 2152 1009 410 2153 1023 410 2154 1023 418 2155 1009 417 2156 1011 415 2157 1006 418 2158 1008 411 2159 1024 420 2160 1020 419 2161 1016 423 2162 1025 414 2163 1026 420 2164 1020 416 2165 1027 419 2166 1016 422 2167 1021 417 2168 1017 417 2169 1017 412 2170 1028 421 2171 1018 423 2172 1025 424 2173 1029 420 2174 1020 420 2175 1020 424 2176 1029 416 2177 1027 410 2178 1004 422 2179 1030 414 2180 1002 414 2181 1002 422 2182 1030 420 2183 1031 417 2184 1017 422 2185 1021 410 2186 1032 423 2187 1025 419 2188 1016 421 2189 1018 423 2190 1025 421 2191 1018 424 2192 1029 424 2193 1029 421 2194 1018 412 2195 1028 413 2196 1033 415 2197 1014 424 2198 1013 413 2199 1033 424 2200 1013 412 2201 1034 429 2202 1035 430 2203 1036 425 2204 1037 425 2205 1037 430 2206 1036 426 2207 1038 430 2208 1039 428 2209 1040 433 2210 1041 433 2211 1042 428 2212 1043 432 2213 1044 432 2214 1044 428 2215 1043 427 2216 1045 439 2217 1046 430 2218 1047 431 2219 1048 434 2220 1049 432 2221 1050 436 2222 1051 429 2223 1052 431 2224 1048 430 2225 1047 435 2226 1053 437 2227 1054 434 2228 1049 426 2229 1055 433 2230 1042 425 2231 1056 425 2232 1056 433 2233 1042 432 2234 1044 430 2235 1039 433 2236 1041 426 2237 1057 435 2238 1053 434 2239 1049 438 2240 1058 429 2241 1059 435 2242 1053 431 2243 1060 434 2244 1049 437 2245 1054 432 2246 1050 432 2247 1050 427 2248 1061 436 2249 1051 438 2250 1058 439 2251 1062 435 2252 1053 435 2253 1053 439 2254 1062 431 2255 1060 425 2256 1037 437 2257 1063 429 2258 1035 429 2259 1035 437 2260 1063 435 2261 1064 432 2262 1050 437 2263 1054 425 2264 1065 438 2265 1058 434 2266 1049 436 2267 1051 438 2268 1058 436 2269 1051 439 2270 1062 439 2271 1062 436 2272 1051 427 2273 1061 428 2274 1066 430 2275 1047 439 2276 1046 428 2277 1066 439 2278 1046 427 2279 1067 444 2280 1068 445 2281 1069 440 2282 1070 440 2283 1070 445 2284 1069 441 2285 1071 445 2286 1072 443 2287 1073 448 2288 1074 448 2289 1075 443 2290 1076 447 2291 1077 447 2292 1077 443 2293 1076 442 2294 1078 454 2295 1079 445 2296 1080 446 2297 1081 449 2298 1082 447 2299 1083 451 2300 1084 444 2301 1085 446 2302 1081 445 2303 1080 450 2304 1086 452 2305 1087 449 2306 1082 441 2307 1088 448 2308 1075 440 2309 1089 440 2310 1089 448 2311 1075 447 2312 1077 445 2313 1072 448 2314 1074 441 2315 1090 450 2316 1086 449 2317 1082 453 2318 1091 444 2319 1092 450 2320 1086 446 2321 1093 449 2322 1082 452 2323 1087 447 2324 1083 447 2325 1083 442 2326 1094 451 2327 1084 453 2328 1091 454 2329 1095 450 2330 1086 450 2331 1086 454 2332 1095 446 2333 1093 440 2334 1070 452 2335 1096 444 2336 1068 444 2337 1068 452 2338 1096 450 2339 1097 447 2340 1083 452 2341 1087 440 2342 1098 453 2343 1091 449 2344 1082 451 2345 1084 453 2346 1091 451 2347 1084 454 2348 1095 454 2349 1095 451 2350 1084 442 2351 1094 443 2352 1099 445 2353 1080 454 2354 1079 443 2355 1099 454 2356 1079 442 2357 1100</p>
        </triangles>
      </mesh>
      <extra>
        <technique profile="OpenCOLLADAMaya">
          <originalMayaNodeId>polySurfaceShape1</originalMayaNodeId>
          <double_sided>1</double_sided>
        </technique>
      </extra>
    </geometry>
  </library_geometries>
  <library_visual_scenes>
    <visual_scene id="VisualSceneNode" name="glass_shards">
      <node id="polySurface1" name="polySurface1" type="NODE">
        <matrix sid="transform">1 0 0 0 0 1 0 0 0 0 1 0 0 0 0 1</matrix>
        <instance_geometry url="#polySurfaceShape1">
          <bind_material>
            <technique_common>
              <instance_material symbol="glass_shard01_glass_material_Material__25SG" target="#Material__25">
                <bind_vertex_input semantic="TEX0" input_semantic="TEXCOORD" input_set="0"/>
                <bind_vertex_input semantic="TEX1" input_semantic="TEXCOORD" input_set="0"/>
              </instance_material>
            </technique_common>
          </bind_material>
        </instance_geometry>
        <extra>
          <technique profile="OpenCOLLADAMaya">
            <originalMayaNodeId>polySurface1</originalMayaNodeId>
          </technique>
        </extra>
      </node>
    </visual_scene>
  </library_visual_scenes>
  <scene>
    <instance_visual_scene url="#VisualSceneNode"/>
  </scene>
</COLLADA>