<?xml version="1.0" encoding="utf-8"?>
<COLLADA xmlns="http://www.collada.org/2005/11/COLLADASchema" version="1.4.1">
  <asset>
    <contributor>
      <author>Marc</author>
      <authoring_tool>OpenCOLLADA2008</authoring_tool>
      <comments>
			ColladaMaya export options: 
			bakeTransforms=1;relativePaths=0;copyTextures=0;exportTriangles=1;exportCgfxFileReferences=0;
			isSampling=0;curveConstrainSampling=0;removeStaticCurves=1;exportPolygonMeshes=1;exportLights=0;
			exportCameras=0;exportJointsAndSkin=1;exportAnimations=1;exportInvisibleNodes=0;exportDefaultCameras=0;
			exportTexCoords=1;exportNormals=1;exportNormalsPerVertex=0;exportVertexColors=0;exportVertexColorsPerVertex=0;
			exportTexTangents=0;exportTangents=0;exportReferencedMaterials=0;exportMaterialsOnly=0;
			exportXRefs=0;dereferenceXRefs=0;exportCameraAsLookat=0;cameraXFov=0;cameraYFov=1;doublePrecision=0
		</comments>
      <source_data>file:///E:/depth/redist/static_objects/station/special/tau_8sided_room_2doors.dae</source_data>
    </contributor>
    <created>2014-09-18T13:34:10</created>
    <modified>2014-09-18T13:34:10</modified>
    <unit name="meter" meter="1"/>
    <up_axis>Y_UP</up_axis>
  </asset>
  <library_materials>
    <material id="lambert1" name="lambert1">
      <instance_effect url="#lambert1-fx"/>
    </material>
    <material id="lambert8" name="lambert8">
      <instance_effect url="#lambert8-fx"/>
    </material>
    <material id="lambert6" name="lambert6">
      <instance_effect url="#lambert6-fx"/>
    </material>
  </library_materials>
  <library_effects>
    <effect id="lambert1-fx">
      <profile_COMMON>
        <technique sid="common">
          <lambert>
            <emission>
              <color>0 0 0 1</color>
            </emission>
            <ambient>
              <color>0 0 0 1</color>
            </ambient>
            <diffuse>
              <color>0.4 0.4 0.4 1</color>
            </diffuse>
            <transparent opaque="RGB_ZERO">
              <color>0 0 0 1</color>
            </transparent>
            <transparency>
              <float>1</float>
            </transparency>
          </lambert>
        </technique>
      </profile_COMMON>
    </effect>
    <effect id="lambert6-fx">
      <profile_COMMON>
        <newparam sid="file5-surface">
          <surface type="2D">
            <init_from>file5</init_from>
          </surface>
        </newparam>
        <newparam sid="file5-sampler">
          <sampler2D>
            <source>file5-surface</source>
          </sampler2D>
        </newparam>
        <technique sid="common">
          <lambert>
            <emission>
              <color>0 0 0 1</color>
            </emission>
            <ambient>
              <color>0 0 0 1</color>
            </ambient>
            <diffuse>
              <texture texture="file5-sampler" texcoord="TEX0">
                <extra>
                  <technique profile="OpenCOLLADAMaya">
                    <blend_mode>NONE</blend_mode>
                    <coverageU>1</coverageU>
                    <coverageV>1</coverageV>
                    <fast>0</fast>
                    <mirrorU>0</mirrorU>
                    <mirrorV>0</mirrorV>
                    <noiseU>0</noiseU>
                    <noiseV>0</noiseV>
                    <offsetU>0</offsetU>
                    <offsetV>0</offsetV>
                    <repeatU>1</repeatU>
                    <repeatV>1</repeatV>
                    <rotateFrame>0</rotateFrame>
                    <rotateUV>0</rotateUV>
                    <stagger>0</stagger>
                    <translateFrameU>0</translateFrameU>
                    <translateFrameV>0</translateFrameV>
                    <wrapU>1</wrapU>
                    <wrapV>1</wrapV>
                  </technique>
                </extra>
              </texture>
            </diffuse>
            <transparent opaque="RGB_ZERO">
              <color>0 0 0 1</color>
            </transparent>
            <transparency>
              <float>1</float>
            </transparency>
          </lambert>
        </technique>
      </profile_COMMON>
    </effect>
    <effect id="lambert8-fx">
      <profile_COMMON>
        <newparam sid="file7-surface">
          <surface type="2D">
            <init_from>file7</init_from>
          </surface>
        </newparam>
        <newparam sid="file7-sampler">
          <sampler2D>
            <source>file7-surface</source>
          </sampler2D>
        </newparam>
        <technique sid="common">
          <lambert>
            <emission>
              <color>0 0 0 1</color>
            </emission>
            <ambient>
              <color>0 0 0 1</color>
            </ambient>
            <diffuse>
              <texture texture="file7-sampler" texcoord="TEX0">
                <extra>
                  <technique profile="OpenCOLLADAMaya">
                    <blend_mode>NONE</blend_mode>
                    <coverageU>1</coverageU>
                    <coverageV>1</coverageV>
                    <fast>0</fast>
                    <mirrorU>0</mirrorU>
                    <mirrorV>0</mirrorV>
                    <noiseU>0</noiseU>
                    <noiseV>0</noiseV>
                    <offsetU>0</offsetU>
                    <offsetV>0</offsetV>
                    <repeatU>1</repeatU>
                    <repeatV>1</repeatV>
                    <rotateFrame>0</rotateFrame>
                    <rotateUV>0</rotateUV>
                    <stagger>0</stagger>
                    <translateFrameU>0</translateFrameU>
                    <translateFrameV>0</translateFrameV>
                    <wrapU>1</wrapU>
                    <wrapV>1</wrapV>
                  </technique>
                </extra>
              </texture>
            </diffuse>
            <transparent opaque="RGB_ZERO">
              <color>0 0 0 1</color>
            </transparent>
            <transparency>
              <float>1</float>
            </transparency>
          </lambert>
        </technique>
      </profile_COMMON>
    </effect>
  </library_effects>
  <library_images>
    <image id="file5" name="file5">
      <init_from>file:///E:/depth/redist/static_objects/_temp/marc/tau_tunnels/tau_tunnel_ring.dds</init_from>
      <extra>
        <technique profile="OpenCOLLADAMaya">
          <dgnode_type>kFile</dgnode_type>
          <image_sequence>0</image_sequence>
          <originalMayaNodeId>file5</originalMayaNodeId>
        </technique>
      </extra>
    </image>
    <image id="file7" name="file7">
      <init_from>file:///E:/depth/redist/static_objects/station/special/tau_8sided_room.dds</init_from>
      <extra>
        <technique profile="OpenCOLLADAMaya">
          <dgnode_type>kFile</dgnode_type>
          <image_sequence>0</image_sequence>
          <originalMayaNodeId>file7</originalMayaNodeId>
        </technique>
      </extra>
    </image>
  </library_images>
  <library_geometries>
    <geometry id="polySurfaceShape387" name="polySurfaceShape374">
      <mesh>
        <source id="polySurfaceShape387-positions" name="polySurfaceShape387-positions">
          <float_array id="polySurfaceShape387-positions-array" count="1224">-4 0 2 -2 0 4 -4.012534 3.786284 2.027798 -2 4 4 4 0 2 2 0 3.999999 4 4 2 2 4 3.999999 -4.035881 3.790659 -2.168042 -1.768873 3.459345 -3.554994 -3.991922 -0.5594524 -1.864412 -2.247791 -0.5669286 -4.091058 1.958531 3.509743 -3.277548 4 4 -2 4 0 -2 2 0 -4 -1.5 6.000001 2.5 -2.515928 5.53061 1.5 1.5 6.000001 2.499999 2.5 6.000001 1.5 2.5 6.000001 -1.5 1.5 5.571649 -2.5 -1.5 5.008544 -2.5 -2.5 5.093876 -1.5 -1.5 -2.000001 -2.5 -2.5 -2.000001 -1.5 1.5 -2.000001 -2.5 2.5 -2.000001 -1.5 2.5 -2.000001 1.5 1.5 -2.000001 2.499999 -1.5 -2.000001 2.5 -2.5 -2.000001 1.5 3.5 -0.294118 1.73205 1.732051 -0.294118 3.499999 -1.732051 -0.294118 3.5 -3.5 -0.294118 1.73205 -3.410998 -0.6586992 -1.617472 -1.86923 -0.6653078 -3.585771 1.732051 -0.294118 -3.5 3.5 -0.294118 -1.732051 3.5 0 1.73205 1.732051 0 3.499999 -1.732051 0 3.5 -3.5 0 1.73205 -3.486821 -0.3809997 -1.677798 -1.945054 -0.3876084 -3.646096 1.732051 0 -3.5 3.5 0 -1.732051 4 1.53518 -2 4 1.53518 2 4 2.794111 0 4 0 1.502751 2 1.53518 3.999999 -2 1.53518 4 0 2.794111 4 1.270815 2.25575 3.999999 1.796111 0.998001 3.999999 1.502751 0 3.999999 -1.270815 2.25575 4 -1.796111 0.998001 4 -1.5 0 4 -1.707231 0.468017 4 1.708657 0.468017 3.999999 1.735967 1.450085 3.999999 1.555479 1.896056 3.999999 -1.555479 1.896056 4 -1.735967 1.450085 4 0.898054 2.553478 4 0.449028 2.729706 4 -0.449028 2.729706 4 -0.898057 2.553478 4 4 4 0 0 4 4 4 2.25575 1.270815 4 0.998 1.796111 4 2.25575 -1.270817 4 0.998 -1.796111 4 0 -1.5 4 0.468017 1.708657 4 0.468017 -1.707233 4 1.450085 -1.735967 4 1.450085 1.735966 4 1.896056 1.555478 4 1.896056 -1.555479 4 2.553478 -0.898056 4 2.729706 -0.449029 4 2.729706 0.449028 4 2.553478 0.898054 3.790901 4 1.878521 3.743904 4.02823 1.856461 3.790901 4 -1.878522 3.743904 4.02823 -1.856461 1.837398 3.509743 -3.069045 1.814993 3.537973 -3.021453 -1.64774 3.459345 -3.346491 -1.625335 3.487575 -3.298899 -3.827378 3.790659 -2.046909 -3.779785 3.818889 -2.024503 -3.791497 3.800771 1.878867 -3.74407 3.829098 1.856444 -1.878867 4 3.791497 -1.856462 4.02823 3.743905 1.878867 4 3.791496 1.856462 4.02823 3.743904 -0.9329571 4.964552 -0.0766925 0.04032433 4.964552 -1.046114 -3.661512 0.7890211 -1.795549 -4.026725 1.411603 -1.95268 -3.648036 2.186306 -2.029919 -2 2.90817 -4 -4.035881 3.078483 -2.06365 -3.812046 -0.202127 0.0713311 -3.892141 0.6402256 -0.01799845 -4 1.418846 0 -4.033252 2.303362 0.0552884 -4.075621 3.062821 0.00521618 -4.075621 3.739197 0.00521618 -3.809437 3.681576 -0.08402107 -3.761927 3.709854 -0.08402962 1.842729 1.730217 -3.740294 1.915 2.547394 -3.760413 4 2.169674 -2 1.952933 3.028553 -3.551036 4 3.084837 -2 -2 2.28089 4 -2 3.020993 4 -2 0.76759 4 1.842729 0.6631066 -3.740294 4 0.76759 -2 -3.331045 -0.08659122 -0.001394965 -3.255221 -0.3642908 0.05893026 -2.507964 4.93758 0 -3.593596 0.8540584 -2.030092 -4 1.419242 -2 -3.648036 2.186306 -2.193156 -4.035881 3.078483 -2.168042 -4.078697 3.786372 -2.194417 -4.125165 3.059487 -2.160991 -3.697057 0.7924192 -1.847574 -4.047771 -0.5503802 -1.887327 -4.058459 1.412553 -2.004325 -3.738461 2.184033 -2.154124 -3.651843 0.8238112 -2.03572 -3.683663 2.18541 -2.078855 -4.076552 3.06983 -2.107991 -4.080523 3.068985 -2.164516 -3.693248 2.185169 -2.17364 -3.686093 2.185349 -2.045292 -4.113924 3.062338 -2.100905 -4.094171 3.066541 -2.184318 -3.739015 2.184019 -2.224029 -3.992795 -0.007747684 1.926073 -3.571973 0.8511705 1.782668 -3.555856 1.83246 1.79498 -3.995466 2.569838 1.991482 -3.749637 3.151175 1.940105 -3.980107 3.801521 1.976173 -3.96808 3.803145 2.003323 -3.681491 3.150323 2.07752 -3.947179 2.570478 2.050045 -3.498622 1.838786 1.916455 -3.512528 0.8577843 1.924298 -3.945345 0 2.054655 -3.789258 3.153489 1.993286 -3.555883 0.8637784 1.903412 -4.000138 0.05733554 2.005392 -3.587242 0.8611876 1.827529 -4.037091 2.578678 2.011659 -3.584005 1.823134 1.822087 -3.542812 1.82736 1.910853 -4.00901 2.577393 2.047168 -3.767246 3.1517 2.087332 -3.885008 3.154228 2.087545 -3.896671 3.153187 1.961285 -4.131835 3.738023 2.062297 -3.62291 0.8910094 2.01077 -3.688082 0.8959862 1.920263 -3.707699 0.8856841 1.803714 -4.138049 2.563262 1.997658 -4.153328 2.575405 2.054754 -3.705634 1.788415 1.82404 -3.683538 1.796361 1.923268 -3.621839 1.796307 2.007968 -4.058166 2.555906 2.10231 -3.784399 3.15226 2.172199 -1.662396 0.7788163 -3.729681 -1.66257 2.180873 -3.740423 -1.859058 1.440326 -3.961611 -1.305438 1.436329 -3.953059 -1.847599 1.34254 -3.949586 -1.789928 2.177308 -3.693097 -2.017789 1.37528 -3.95157 -1.766333 0.7831727 -3.692731 -1.876015 1.380464 -4.161615 -2.022007 1.347008 -4.176487 -1.759967 0.7677438 -4.030704 -1.664034 0.7837057 -3.789379 -1.853484 1.346551 -4.012576 -2.024182 2.910744 -4.05614 -1.864603 2.174584 -3.75307 -1.867064 2.11824 -3.94507 -1.850851 0.7931107 -3.737942 -2.244707 -0.5708047 -4.12567 -2.074742 1.36007 -4.023522 -1.696965 2.188324 -3.835909 -1.864943 1.444337 -4.024601 -1.329937 1.454376 -4.030892 -1.754997 1.060678 -3.884639 -1.758759 1.065128 -3.945983 -1.890987 1.057376 -4.103596 -1.962796 1.07659 -3.925737 -1.892061 1.079226 -3.867156 -1.708697 0.9197473 -3.770741 -1.711396 0.9244171 -3.831262 -1.825477 0.9125599 -4.06715 -1.906823 0.9348506 -3.79542 -1.829197 0.9311995 -3.743524 -2.067537 0.128086 -4.039796 -2.066813 0.1285927 -4.086951 -2.09199 0.1835436 -4.203149 -2.160222 0.1332952 -4.061233 -2.119505 0.1302642 -4.021321 -1.818635 0.6023837 -3.764471 -1.819093 0.6050818 -3.817897 -1.925979 0.4756437 -4.116927 -1.959205 0.6121355 -3.779319 -1.896588 0.605651 -3.736758 -1.814181 1.658792 -3.932005 -1.82858 1.663982 -4.004701 -1.975309 1.645738 -4.122491 -2.012443 1.652376 -3.961991 -1.9504 1.658305 -3.89592 -1.718436 1.902346 -3.776631 -1.741182 1.912605 -3.858854 -1.889447 1.917058 -3.958454 -1.91347 1.915266 -3.792191 -1.845111 1.919593 -3.729169 -1.760671 2.447048 -3.799416 -1.776103 2.418652 -3.871078 -1.915826 2.364195 -3.979541 -1.891064 2.39273 -3.805859 -1.833132 2.404617 -3.751377 -3.698245 2.462641 -2.025737 -3.736848 2.463289 -2.073553 -3.746357 2.45609 -2.046917 -3.77309 2.421281 -2.142425 -3.766356 2.422833 -2.201609 -3.73198 2.433408 -2.158166 -3.695888 2.457218 -2.173255 -3.690263 1.987265 -1.994214 -3.714507 1.987993 -2.024432 -3.720047 2.000807 -2.018973 -3.761216 1.998996 -2.103703 -3.763454 1.994622 -2.156911 -3.734326 1.982265 -2.115043 -3.696681 1.961223 -2.12282 -3.885143 1.744833 -2.019152 -3.914147 1.742996 -2.058347 -3.893785 1.791232 -2.056242 -3.928426 1.773843 -2.107859 -3.941317 1.748435 -2.134571 -3.909221 1.768307 -2.115742 -3.872513 1.742016 -2.115385 -3.658583 1.042446 -1.996263 -3.712443 1.013133 -2.001784 -3.877025 1.230854 -2.027724 -3.933185 1.212853 -2.032647 -3.933167 1.224766 -1.944242 -3.953329 1.207058 -1.9932 -3.72895 1.014955 -1.795853 -3.748851 0.9956477 -1.844589 -3.654921 0.5909028 -1.990436 -3.604906 0.5868047 -1.978364 -3.878084 0.1422934 -2.043834 -3.825489 0.1386098 -2.028341 -3.683628 0.5450798 -1.821522 -3.646705 0.531426 -1.774869 -3.885165 0.1867871 -1.986839 -3.845904 0.1617551 -1.947233 -0.1065016 -0.1938042 -3.573048 -0.1238954 -0.2834643 -4.045529 0.0901667 0.7209615 -3.734987 0.2686457 1.583273 -3.846676 0.168715 2.428708 -3.745115 -0.02353378 2.968361 -3.775518 0.09482887 3.484544 -3.416271 0.09482895 3.484544 -3.207768 -0.8370222 3.471945 -3.485632 -1.011767 2.938265 -3.962331 -0.7469275 2.304791 -3.886185 -0.518396 1.509801 -3.899868 -0.7861145 0.7498889 -3.732334 -1.185843 -0.4251965 -4.068294 -1.278902 2.232797 -3.810169 -1.045776 1.093109 -3.882999 -1.29217 1.834563 -3.933658 -1.026183 1.87056 -3.97257 -0.9859789 0.1623462 -3.900314 -2.737559 3.558846 -2.6967 -2.902377 3.558846 -2.861518 -3.017941 2.993326 -3.084021 -2.871539 2.430917 -3.070874 -2.82601 2.181807 -3.051684 -2.877925 1.940408 -3.034552 -2.911457 1.700161 -3.005652 -3.008895 1.397261 -2.975785 -2.957505 1.15504 -3.066063 -2.944772 0.9868229 -3.091696 -2.89597 0.8186156 -3.051252 -2.945276 0.5962279 -3.049955 -3.038582 0.134437 -3.071236 -3.119856 -0.5631905 -2.977735 -2.715938 -0.384304 -2.661947 -2.683824 -0.5650595 -3.534397 -2.546001 0.1323506 -3.523076 -2.484532 0.6009394 -3.453267 -2.384013 0.8008942 -3.433178 -2.419576 0.9590112 -3.42822 -2.439453 1.117133 -3.46798 -2.513342 1.38627 -3.463678 -2.430928 1.679233 -3.450786 -2.392258 1.93 -3.433885 -2.338709 2.179557 -3.424415 -2.359691 2.417107 -3.482961 -2.50897 2.950748 -3.54201 -2.335625 3.542173 -3.208256 -3.469129 3.70783 -2.51478 -3.526911 3.035905 -2.626031 -3.314453 2.444068 -2.674088 -3.267763 2.184056 -2.674444 -3.318043 1.950815 -2.63071 -3.391985 1.721089 -2.560519 -3.504447 1.408252 -2.487893 -3.431935 1.192947 -2.548264 -3.334269 1.014635 -2.554589 -3.297645 0.836337 -2.601859 -3.338691 0.5915163 -2.57407 -3.398993 0.1365234 -2.526586 -3.555889 -0.5613214 -2.421074 -4.055751 3.764928 -1.081413 -4.027864 3.770359 0.9906944 -3.902421 -0.1049373 0.9987019 -3.901984 -0.3807897 -0.8965407 -3.776826 0.7146234 -0.9454977 -4.013362 1.415225 -0.9763399 -3.79771 2.244834 -0.9434295 -4.055751 3.070652 -1.029217 -3.891258 3.109987 0.9658178 -3.924359 2.4366 1.067271 -3.777928 1.625653 0.8974902 -3.732057 0.7456981 0.8823347 -3.937325 1.190007 -0.9664252 -4.006681 1.417035 -0.4881699 -3.940211 1.646221 -0.9671764 -3.839405 0.1669169 -0.9210191 -3.853918 0.4715098 1.904553 -3.79369 0.4592616 1.916461 -3.782384 0.4217114 1.85437 -3.817239 0.3203804 0.9405183 -3.704654 1.185676 0.8899124 -3.498117 1.341815 1.788824 -3.519826 1.342161 1.824808 -3.64087 1.33705 1.813877 -3.620013 1.346174 1.921766 -3.556577 1.343658 2.009369 -3.48355 1.345569 1.907132 -3.439778 1.348285 1.920377 -3.851143 2.031127 0.9823807 -3.743328 2.176364 1.765924 -3.778215 2.176121 1.789566 -3.889508 2.151054 1.783541 -3.886099 2.161099 1.861703 -3.807669 2.151322 1.927832 -3.743577 2.177592 1.851703 -3.690567 2.179848 1.855943 -3.899444 2.397397 1.936191 -3.951573 2.389885 1.924913 -3.999408 2.348493 1.97822 -4.101717 2.393279 1.94298 -4.098982 2.389932 1.882227 -3.982932 2.389792 1.87609 -3.944676 2.385494 1.85418 -3.915885 2.754703 2.051838 -3.983271 2.761109 2.052175 -4.016957 2.759282 2.116115 -4.11649 2.768558 2.058177 -4.100349 2.776201 1.981277 -4.020895 2.740394 2.003155 -3.976257 2.739952 1.975152 -3.741518 2.946772 2.023197 -3.818088 2.950664 2.028272 -3.843508 2.95003 2.102676 -3.943579 2.955652 2.031379 -3.941339 2.958953 1.9298 -3.847906 2.941201 1.956739 -3.805777 2.939822 1.916147 -2.98404 3.901573 3.001661 -2.840746 3.085658 3.03876 -2.973589 2.425684 3.025023 -2.749311 1.686983 2.958228 -2.756264 0.8126871 2.962149 -2.972673 0 3.027327 -2.907167 2.755671 3.031891 -3.84411 0.4766608 1.962827 -3.811524 0.4741725 2.008081 -3.77801 0.4605569 1.954402 -3.728937 0.4288921 1.989476 -2.70256 3.587076 -2.661701</float_array>
          <technique_common>
            <accessor source="#polySurfaceShape387-positions-array" count="408" stride="3">
              <param name="X" type="float"/>
              <param name="Y" type="float"/>
              <param name="Z" type="float"/>
            </accessor>
          </technique_common>
        </source>
        <source id="polySurfaceShape387-normals" name="polySurfaceShape387-normals">
          <float_array id="polySurfaceShape387-normals-array" count="3708">0 0 -1 0 0 -1 0 0 -1 0 0 -1 -0.8835963 -0.2388014 0.4027793 -0.8835963 -0.2388014 0.4027793 -0.8835963 -0.2388014 0.4027793 -0.8835963 -0.2388014 0.4027793 -1 0 0 -1 0 0 -1 0 0 0.918842 0.384677 -0.08804943 0.918842 0.384677 -0.08804943 1 0 0 0.04281636 -0.9844652 0.170279 0 -1 0 0 -1 0 0 -1 0 0 1 0 0 1 0 0 1 0 0 1 0 0 1 0 0 1 0 0 1 0 0 1 0 0 1 0 0 1 0 0 1 0 0 1 0 0 1 0 0 1 0 -0.7071068 0 -0.7071068 -0.7071068 0 -0.7071068 -0.7071068 0 -0.7071068 -0.7071068 0 -0.7071068 -0.7071068 0 -0.7071068 -0.7071068 0 -0.7071068 -0.7071068 0 -0.7071068 0.9845342 0.1396995 -0.1057185 0.9845342 0.1396995 -0.1057185 0.9845342 0.1396995 -0.1057185 0.9845342 0.1396995 -0.1057185 -0.7071068 0 0.7071068 -0.630336 0.02110875 0.7760352 -0.6434857 -0.1026867 0.7585391 -0.6434857 -0.1026867 0.7585391 0.2992802 -0.9463577 -0.1218141 0.02184954 -0.9985085 0.05003315 0.02184954 -0.9985085 0.05003315 0 -1 0 0 -1 0 0 -1 0 0 -1 0 0 -1 0 -0.122193 -0.9463379 -0.299188 -0.300992 -0.9457628 -0.122216 0 -1 0 0 -1 0 0 -1 0 0 -1 0 0 -1 0 0 -1 0 -0.300992 -0.9457628 0.122216 -0.122193 -0.9463379 0.299188 0.01351971 -0.9999086 0 0.01351971 -0.9999086 0 0.01351971 -0.9999086 0 -0.01824555 -0.999667 0.01824742 -0.01824555 -0.999667 0.01824742 -0.01824555 -0.999667 0.01824742 -0.2578009 0.9441771 -0.2051053 -0.2578009 0.9441771 -0.2051053 -0.2578009 0.9441771 -0.2051053 -0.126318 0.9754385 -0.1804533 -0.126318 0.9754385 -0.1804533 -0.126318 0.9754385 -0.1804533 0 1 0 0 1 0 0 1 0 0 1 0 0 1 0 0 1 0 0 1 0 0 1 0 0 1 0 0 1 0 0 1 0 0 1 0 0 1 0 0 1 0 0 1 0 0 1 0 0.4826916 0.7307677 -0.4826876 0 1 0 -0.2526053 0.9554137 -0.15289 -0.2526053 0.9554137 -0.15289 -0.2526053 0.9554137 -0.15289 -0.6297377 0.4548198 -0.6297377 -0.6297377 0.4548198 -0.6297377 -0.6297377 0.4548198 -0.6297377 -0.6297377 0.4548198 -0.6297377 0 0.5057191 -0.8626982 0 0.5057191 -0.8626982 0 0.5057191 -0.8626982 0 0.5057191 -0.8626982 0.6297377 0.4548198 -0.6297377 0.6297377 0.4548198 -0.6297377 0.6297377 0.4548198 -0.6297377 0.6297377 0.4548198 -0.6297377 0.8626982 0.5057191 0 0.8626982 0.5057191 0 0.8807395 0.4734638 -0.01139614 0.8626982 0.5057191 0 0.8626982 0.5057191 0 0.6297377 0.4548198 0.6297377 0.6297377 0.4548198 0.6297377 0.6297377 0.4548198 0.6297377 0.6297377 0.4548198 0.6297377 0 0.5057191 0.8626982 0 0.5057191 0.8626982 0 0.5057191 0.8626982 0 0.5057191 0.8626982 -0.6297377 0.4548198 0.6297377 -0.6297377 0.4548198 0.6297377 -0.6297377 0.4548198 0.6297377 -0.6297377 0.4548198 0.6297377 -0.8626982 0.5057191 0 -0.8626982 0.5057191 0 -0.8626982 0.5057191 0 -0.8626982 0.5057191 0 -0.7071068 0 -0.7071068 -0.7071068 0 -0.7071068 -0.7071068 0 -0.7071068 -0.7071068 0 -0.7071068 0 0 -1 0 0 -1 0 0 -1 0 0 -1 0.7071068 0 -0.7071068 0.7071068 0 -0.7071068 0.7071068 0 -0.7071068 0.7071068 0 -0.7071068 1 0 0 1 0 0 0.9632597 0.234617 -0.1307122 0.9632597 0.234617 -0.1307122 0.7071068 0 0.7071068 0.7071068 0 0.7071068 0.7438345 0.3294269 0.5815393 0 0 1 -0.05958271 0.196342 0.9787235 0 0 1 -0.7071068 0 0.7071068 -0.7071068 0 0.7071068 -0.7071068 0 0.7071068 -0.7071068 0 0.7071068 -1 0 0 -1 0 0 -1 0 0 -1 0 0 -1 0 0 -1 0 0 -1 0 0 -1 0 0 -0.9999999 0 0 -1 0 0 -1 0 0 -1 0 0 0 0 -1 0 0 -0.9999999 0 0 -1 0 0 -1 0 0 -1 0 0 -1 0 0 -1 0 0 -1 -0.8457649 -0.5335559 0 -0.5997463 -0.7906374 0.1232761 -0.5997463 -0.7906374 -0.1232761 -0.8457649 -0.5335559 0 -0.613283 -0.4977641 0.6132821 -0.613283 -0.4977641 0.6132821 -0.613283 -0.4977641 0.6132821 -0.613283 -0.4977641 0.6132821 0 -0.5335559 0.8457649 0.122697 -0.7923462 0.5976061 -0.1233331 -0.7918063 0.5981903 0 -0.5335559 0.8457649 0.613283 -0.4977641 0.6132821 0.5669095 -0.5494279 0.6137934 0.613283 -0.4977641 0.6132821 0.8472817 -0.5311399 0.002038999 0.5990611 -0.7913101 -0.122287 0.7393379 -0.6723401 0.03658349 0.7393379 -0.6723401 0.03658349 0.612311 -0.495928 -0.615736 0.612311 -0.495928 -0.615736 0.612311 -0.495928 -0.615736 0.612311 -0.495928 -0.615736 0 -0.5335559 -0.8457649 -0.1233331 -0.7918063 -0.5981903 0.122947 -0.7921181 -0.5978571 0 -0.5335559 -0.8457649 -0.613283 -0.4977641 -0.6132821 -0.613283 -0.4977641 -0.6132821 -0.613283 -0.4977641 -0.6132821 -0.613283 -0.4977641 -0.6132821 0 1 0 0 1 0 0 1 0 0 1 0 0 1 0 0 1 0 0 1 0 0 1 0 0 1 0 0 1 0 0 1 0 -1 0 0 -1 0 0 -1 0 0 -1 0 0 0 0 -1 0 0 -1 0 0 -1 -0.9999999 0 0 -1 0 0 -1 0 0 -1 0 0 -1 0 0 -1 0 0 -1 0 0 -1 0 0 -1 0 0 -1 0 0 -1 0 0 -1 0 0 -1 0 0 -1 0 0 -1 0 0 -1 0 0 -1 0 0 -1 0 0 -1 0 0 -1 0 0 -1 0 0 -1 0 0 -1 0 0 -1 0 0 -1 0 0 -1 0 0 -1 0 0 -1 0 0 -1 0 0 -1 0 0 -1 0 0 0 -1 0 0 -1 0 0 -1 0 0 0 -1 0 0 -1 0 0 -1 0 0 -1 0 0 -1 0 0 -1 -0.7071068 0 -0.7071068 -0.7071068 0 -0.7071068 -0.7071068 0 -0.7071068 0 0 -1 0 0 -1 0 0 -1 0 0 -1 0 0 -1 0 0 -1 0 0 -1 0 0 -0.9999999 0 0 -1 0 0 -1 0 0 -1 0 0 -1 0 0 -1 0 0 -1 0.754849 -0.3379371 -0.56214 0.7071068 0 -0.7071068 0.754849 -0.3379371 -0.56214 0 0 -1 0 0 -1 0 0 -1 0 0 -1 0 0 -1 0 0 -1 0 0 -1 0 0 -1 0 0 -1 0 0 -1 0 0 -1 0 0 -1 0 0 -1 0 0 -1 0 0 -1 0 0 -1 -1 0 0 -1 0 0 -1 0 0 -1 0 0 -1 0 0 -1 0 0 -0.1233331 -0.7918063 -0.5981903 -0.5997463 -0.7906374 -0.1232761 -0.300992 -0.9457628 -0.122216 -0.122193 -0.9463379 -0.299188 -0.300992 -0.9457628 0.122216 -0.300992 -0.9457628 -0.122216 -0.5997463 -0.7906374 -0.1232761 -0.5997463 -0.7906374 0.1232761 -0.122193 -0.9463379 0.299188 -0.300992 -0.9457628 0.122216 -0.5997463 -0.7906374 0.1232761 -0.1233331 -0.7918063 0.5981903 0.121532 -0.946634 0.29852 -0.02905443 -0.8536522 0.5200323 0.122697 -0.7923462 0.5976061 0.2059765 -0.8520279 0.481271 0.122697 -0.7923462 0.5976061 0.2059765 -0.8520279 0.481271 0.5192096 -0.8530372 -0.05242908 0.5192096 -0.8530372 -0.05242908 0.2990031 -0.9464784 0.121556 0.5987139 -0.7913928 0.123447 0.121792 -0.9465097 -0.2988079 0.2992802 -0.9463577 -0.1218141 0.5990611 -0.7913101 -0.122287 0.122947 -0.7921181 -0.5978571 -0.122193 -0.9463379 -0.299188 0.121792 -0.9465097 -0.2988079 0.122947 -0.7921181 -0.5978571 -0.1233331 -0.7918063 -0.5981903 0 -1 0 0 -1 0 0 -1 0 0 -1 0 0.02358035 -0.9904379 0.1359292 0.1835421 -0.9829894 -0.006635668 0 -1 0 0 -1 0 0 -1 0 0 -1 0 0 -1 0 0.9107977 -0.1446742 0.3866741 0.9107977 -0.1446742 0.3866741 0.7071068 0 0.7071068 0.8675634 0.4423159 0.2273551 0.8675634 0.4423159 0.2273551 0.8675634 0.4423159 0.2273551 0.8675634 0.4423159 0.2273551 0.9323143 -0.2269705 0.2815571 0.9323143 -0.2269705 0.2815571 0.9323143 -0.2269705 0.2815571 0.9323143 -0.2269705 0.2815571 0.4717092 -0.5419798 0.6955202 0.5281271 -0.382732 0.7580224 0.6182328 -0.09365746 0.780395 0.5882371 -0.02980662 0.808139 0.92577 -0.3570862 -0.1242552 0.92577 -0.3570862 -0.1242552 0.92577 -0.3570862 -0.1242552 0.9685713 -0.2450794 -0.04249253 0.9685713 -0.2450794 -0.04249253 0.9685713 -0.2450794 -0.04249253 0.9685713 -0.2450794 -0.04249253 0.8797941 0.443353 -0.1714662 0.8797941 0.443353 -0.1714662 0.8797941 0.443353 -0.1714662 0.8797941 0.443353 -0.1714662 0.9759814 -0.1439183 -0.163547 0.9759814 -0.1439183 -0.163547 0.9759814 -0.1439183 -0.163547 0.9759814 -0.1439183 -0.163547 0.9887173 -0.1406417 -0.05155646 0.9898669 -0.1386135 0.0308157 0.9998004 -0.00801757 -0.01830477 0.9239007 0.3772187 0.06413689 0.9979505 0.05562877 -0.03162476 0.9813876 0.1211679 0.1489859 0.9987767 0.04762236 0.01330957 0.9982006 0.05633113 0.02054782 0.9493497 -0.3034142 0.081701 0.9976081 0.03809751 -0.05767697 0.9787631 0.192051 0.07168898 0.9972973 0.05213064 -0.05177374 0.9998232 0.001401766 0.01875461 -0.1167477 -0.9916899 -0.05404405 -0.1167477 -0.9916899 -0.05404405 0 -1 0 0.2992802 -0.9463577 -0.1218141 0.5197784 -0.8529885 0.04733882 0.5197784 -0.8529885 0.04733882 0.5990611 -0.7913101 -0.122287 -0.5880384 -0.1289955 0.7984803 -0.7071068 0 0.7071068 -0.7071068 0 0.7071068 -0.5880384 -0.1289955 0.7984803 -0.06036673 -0.6231567 0.7797638 -0.02090691 -0.08904526 0.9958082 -0.09837154 -0.3351348 0.9370206 -0.08030977 -0.5670448 0.8197625 -0.5881651 -0.1884564 0.7864769 -0.5881651 -0.1884564 0.7864769 -0.5881651 -0.1884564 0.7864769 -0.5881651 -0.1884564 0.7864769 -0.5881651 -0.1884564 0.7864769 -0.6313144 -0.02838687 0.7750073 -0.6313144 -0.02838687 0.7750073 -1 0 0 -1 0 0 -1 0 0 -0.9999999 0 0 -0.5659847 -0.03153119 0.8238125 -0.5659847 -0.03153119 0.8238125 -0.5659847 -0.03153119 0.8238125 -0.5659847 -0.03153119 0.8238125 -1 0 0 -1 0 0 -0.9999999 0 0 -0.9999999 0 0 0.7160191 0.258732 -0.6483628 0.7160191 0.258732 -0.6483628 0.7160191 0.258732 -0.6483628 0.7160191 0.258732 -0.6483628 0.6138234 0.06645931 -0.786641 0.6138234 0.06645931 -0.786641 0.6138234 0.06645931 -0.786641 0.6138234 0.06645931 -0.786641 0 0 -1 0 0 -0.9999999 0 0 -0.9999999 0 0 -1 0.6286711 0.2337226 -0.7417185 0.6286711 0.2337226 -0.7417185 0.6286711 0.2337226 -0.7417185 0 0 -1 0 0 -0.9999999 0 0 -1 0.8025483 -0.1194056 -0.5845154 0.8025483 -0.1194056 -0.5845154 0.8025483 -0.1194056 -0.5845154 0.8025483 -0.1194056 -0.5845154 0 0 -1 0 0 -0.9999999 0 0 -1 -0.9270386 0.2189437 0.3044059 -0.9270386 0.2189437 0.3044059 0 0 1 -0.7071068 0 0.7071068 -0.7071068 0 0.7071068 -1 0 0 -1 0 0 -0.9999999 0 0 0 1 0 -0.05879694 0.9922222 -0.1097162 0 1 0 0.9833649 0.1423047 0.1128831 0.9833649 0.1423047 0.1128831 1 0 0 1 0 0 0.5987139 -0.7913928 0.123447 0.8472817 -0.5311399 0.002038999 0.6520611 -0.09940759 -0.7516211 0.6928748 0.1279147 -0.7096212 0.6928748 0.1279147 -0.7096212 0.6520611 -0.09940759 -0.7516211 0.4838701 -0.2086556 -0.8499014 0.4838701 -0.2086556 -0.8499014 0.4838701 -0.2086556 -0.8499014 0.4838701 -0.2086556 -0.8499014 0.8465074 -0.02090019 -0.5319663 0.7951474 0.3790826 -0.4733252 0.7951474 0.3790826 -0.4733252 0.8465074 -0.02090019 -0.5319663 0.7940676 -0.05982175 -0.6048785 0.7674634 -0.2732879 -0.5799255 0.7674634 -0.2732879 -0.5799255 0.7940676 -0.05982175 -0.6048785 0.6955074 0.3481883 -0.6285174 0.6955074 0.3481883 -0.6285174 -0.03702493 0.06258082 0.9973528 -0.2557579 0.02054285 0.9665225 -0.2557579 0.02054285 0.9665225 -0.03702493 0.06258082 0.9973528 -0.2033627 0.1920666 0.9600801 -0.2033627 0.1920666 0.9600801 -0.2033627 0.1920666 0.9600801 -0.2033627 0.1920666 0.9600801 -0.003453579 -0.1777035 0.984078 -0.003453579 -0.1777035 0.984078 -0.003453579 -0.1777035 0.984078 -0.003453579 -0.1777035 0.984078 0.3498705 0.2022122 0.9147135 0.3498705 0.2022122 0.9147135 0.3498705 0.2022122 0.9147135 0.3498705 0.2022122 0.9147135 0.1835802 0.1014546 0.9777552 0.1835802 0.1014546 0.9777552 0.9116986 -0.02317193 -0.4102055 0.8792362 -0.2223899 -0.4212913 0.8792362 -0.2223899 -0.4212913 0.9116986 -0.02317193 -0.4102055 -0.3270574 -0.233347 -0.9157415 -0.4776092 -0.3376653 -0.8110927 -0.4776092 -0.3376653 -0.8110927 -0.3270574 -0.233347 -0.9157415 -0.1619516 -0.1186449 -0.9796402 0.7385277 0.2234313 0.6361253 0.6016051 -0.001725226 0.7987918 0.7385277 0.2234313 0.6361253 -0.6994877 -0.3750218 0.6083382 -0.7795771 -0.1787056 0.6002697 -0.7795771 -0.1787056 0.6002697 -0.6994877 -0.3750218 0.6083382 -0.7166361 0.3185135 0.6204689 -0.7166361 0.3185135 0.6204689 -0.7166361 0.3185135 0.6204689 -0.7166361 0.3185135 0.6204689 0.944476 0.2036628 -0.2578503 0.8296661 0.4614613 -0.3141775 0.8296661 0.4614613 -0.3141775 0.944476 0.2036628 -0.2578503 0.9810696 -0.07100198 -0.1801693 0.8046227 0.4271599 0.412452 0.8046227 0.4271599 0.412452 0.9912831 -0.1305374 -0.01782656 0.9912831 -0.1305374 -0.01782656 0.9912831 -0.1305374 -0.01782656 0.9912831 -0.1305374 -0.01782656 -0.9730549 -0.04163934 -0.2267824 -0.9653795 0.1141985 -0.2345227 -0.9653795 0.1141985 -0.2345227 -0.9730549 -0.04163934 -0.2267824 -0.8245704 0.02565594 0.5651773 0 1 0 -0.05879686 0.9922222 -0.1097162 -0.05879686 0.9922222 -0.1097162 0.9748859 -0.2199102 -0.03517291 0.9736652 -0.1788041 -0.1414398 0.9706973 0.05585394 -0.2337246 0.9501972 0.2503749 -0.1855744 0.9394041 0.2165064 -0.265791 0.9763662 0.1265807 -0.1751752 0.9888216 -0.1024239 -0.1083579 0.992232 0.1216837 -0.02585866 0.9755699 0.1886228 -0.1126264 -0.1983822 -0.9792843 0.04057949 -0.1983822 -0.9792843 0.04057949 -0.1983822 -0.9792843 0.04057949 0.0510888 -0.9972976 0.05279354 0.2992802 -0.9463577 -0.1218141 0.121792 -0.9465097 -0.2988079 0.7413535 -0.008695352 -0.6710585 0.7426492 0.02861716 -0.6690688 0.7210308 0.1599501 -0.6741888 0.7271116 0.1022764 -0.678858 0.7347927 0.09335566 -0.6718364 0.7057654 0.2272355 -0.6710136 0.6806253 -0.2227544 -0.6979467 0.8008879 0.1602438 -0.5769752 0.7596387 0.3830042 -0.5256016 0.6865165 0.4787051 -0.547299 0.7770711 -0.1774288 -0.6038871 0.7854243 -0.2524538 -0.5651332 0.8208413 0.02098423 -0.5707707 0.7003021 -0.372153 -0.6091625 0.7139525 -0.2677371 -0.6469843 0.6413617 -0.4210822 -0.6413618 0 1 0 0 0.9999999 0 0 0.9999999 0 0.7795048 -0.02029638 0.6260673 0.7897008 -0.5035313 0.3504696 0.255914 -0.9528511 -0.1630426 0.3665621 -0.06599177 0.9280502 0.4059686 -0.3327757 -0.8511462 0.4059686 -0.3327757 -0.8511462 -0.2399412 0.008388167 -0.9707512 -0.2399412 0.008388167 -0.9707512 0.941133 0.03389806 -0.3363324 0.856605 -0.3576473 0.3719088 0.881935 -0.2463568 0.4018691 0.4740037 -0.0637031 0.8782154 0.4798127 -0.05263794 0.8757904 0.9951928 -0.006787919 0.0976994 0.7168991 -0.2851109 0.6362133 0.2543426 -0.2201331 0.9417278 0.6736099 0.2351455 0.7006826 0.5489088 0.3669907 0.7510106 0.2724006 0.2392029 0.9319763 0.3439204 0.145953 0.9275863 0.8949843 -0.1316359 0.4262334 0.4684767 -0.07408855 0.8803639 0.1148959 -0.1057052 -0.9877374 0.1607769 -0.04059274 -0.9861556 -0.3078808 -0.1858026 -0.933106 -0.271531 -0.3138823 -0.9098071 -0.07813527 0.2888149 -0.9541911 -0.07813527 0.2888149 -0.9541911 -0.5927028 0.3680621 -0.7164032 -0.5927028 0.3680621 -0.7164032 0.05525434 -0.7386068 -0.6718684 -0.2282637 -0.1934222 -0.9541925 -0.3905745 -0.2857174 -0.8751098 0.3624368 -0.05427442 -0.9304267 0.3795697 -0.1917445 -0.9050751 -0.2712265 0.02909915 -0.9620756 -0.2918856 0.04389185 -0.9554456 0.03208323 -0.09862111 0.9946077 -0.129373 -0.09382695 0.9871469 -0.7543877 0.3449562 -0.5584839 -0.1377369 0.1466117 0.9795578 -0.13156 0.2781061 0.9514982 -0.2874466 -0.08657952 0.9538755 -0.03830343 0.08138669 0.9959462 -0.03663104 0.03433165 0.998739 -0.1414185 0.01246115 0.9898715 -0.7076733 -0.2870488 -0.6456016 -0.6039947 -0.4596795 -0.6510645 -0.9130992 0.3267311 -0.2439194 -0.9130992 0.3267311 -0.2439194 -0.5368258 -0.3662646 -0.7600448 -0.5368258 -0.3662646 -0.7600448 -0.7916224 0.2354636 -0.563818 -0.8182452 0.1228159 -0.5615967 0.009502853 -0.2975516 0.9546583 -0.02719411 -0.2896251 0.9567537 -0.02283871 -0.2158042 0.9761695 -0.04844633 0.02516366 0.9985088 -0.1128504 0.08838684 0.9896729 -0.03726897 0.0606189 0.997465 -0.01407025 -0.0955352 0.9953265 -0.08639274 -0.07435024 0.9934829 -0.03530829 -0.05545715 0.9978366 0.02196669 -0.906815 0.4209559 0.02196669 -0.906815 0.4209559 0.02196669 -0.906815 0.4209559 -0.1873591 0.9513013 0.2447902 -0.1873591 0.9513013 0.2447902 -0.1873591 0.9513013 0.2447902 0.5348115 0.2322224 0.8124343 0.6409213 0.1892542 0.7439103 0.6403785 0.04657077 0.7666462 0.5392044 0.04765076 0.8408258 0.6749 -0.09401289 0.7318959 0.6138475 -0.2555715 0.7469098 0.5505462 -0.1268258 0.8251145 0.6535369 -0.06125979 0.7544116 0.5159066 -0.03313083 0.8560039 0.5090676 0.2162048 0.83313 0.6766002 0.1743143 0.7154205 0.6917841 0.01428751 0.721963 0.7087415 -0.164105 0.6861158 0.5234063 -0.2510222 0.8142688 -0.9496848 -0.313067 0.009368091 -0.9496848 -0.313067 0.009368091 -0.9496848 -0.313067 0.009368091 -0.9496848 -0.313067 0.009368091 0.6563749 -0.08428391 -0.749712 0.6563749 -0.08428391 -0.749712 0.6563749 -0.08428391 -0.749712 0.6563749 -0.08428391 -0.749712 0.8892668 -0.09212766 -0.4480143 0.8892668 -0.09212766 -0.4480143 0.7071068 0 0.7071068 0.8892668 -0.09212766 -0.4480143 0.5034475 -0.1135751 -0.8565286 0.5034475 -0.1135751 -0.8565286 0.5034475 -0.1135751 -0.8565286 0.5034475 -0.1135751 -0.8565286 0.7597563 -0.03906735 -0.6490331 0.7597563 -0.03906735 -0.6490331 0.7597563 -0.03906735 -0.6490331 0.7597563 -0.03906735 -0.6490331 -0.9741183 0.1629299 0.1566757 -0.9741183 0.1629299 0.1566757 -0.9741183 0.1629299 0.1566757 -0.9741183 0.1629299 0.1566757 -0.9135317 -0.2680889 0.3059218 -0.9135317 -0.2680889 0.3059218 -0.9135317 -0.2680889 0.3059218 -0.9135317 -0.2680889 0.3059218 -0.9662105 0.2517382 -0.05536404 -0.9662105 0.2517382 -0.05536404 -0.9662105 0.2517382 -0.05536404 0 0 1 0.005807186 -0.9877451 -0.1559673 0.005807186 -0.9877451 -0.1559673 0.005807186 -0.9877451 -0.1559673 0.005807186 -0.9877451 -0.1559673 -0.1787595 0.9654151 0.1897858 -0.1787595 0.9654151 0.1897858 -0.1787595 0.9654151 0.1897858 -0.1787595 0.9654151 0.1897858 -0.951212 -0.3039317 0.05311623 -0.951212 -0.3039317 0.05311623 -0.951212 -0.3039317 0.05311623 -0.951212 -0.3039317 0.05311623 -0.7261485 0.04534476 0.6860408 -0.7261485 0.04534476 0.6860408 -0.7261485 0.04534476 0.6860408 -0.7261485 0.04534476 0.6860408 -0.7261485 0.04534476 0.6860408 0.8520584 0.4438555 0.2774685 0.8520584 0.4438555 0.2774685 0.8520584 0.4438555 0.2774685 0.8520584 0.4438555 0.2774685 0.7083392 0.06966203 -0.7024263 0.7083392 0.06966203 -0.7024263 0.7083392 0.06966203 -0.7024263 0.7083392 0.06966203 -0.7024263 -0.9552376 -0.2944532 0.02860672 -0.9552376 -0.2944532 0.02860672 -0.9552376 -0.2944532 0.02860672 -0.9552376 -0.2944532 0.02860672 -0.8452813 -0.05264039 0.5317221 -0.8452813 -0.05264039 0.5317221 -0.8452813 -0.05264039 0.5317221 -0.8452813 -0.05264039 0.5317221 0.8360879 0.4936793 0.2392437 0.8360879 0.4936793 0.2392437 0.8360879 0.4936793 0.2392437 0.8360879 0.4936793 0.2392437 0.5407252 -0.4180015 -0.7299938 0.5407252 -0.4180015 -0.7299938 0.5407252 -0.4180015 -0.7299938 0.5407252 -0.4180015 -0.7299938 -0.8891582 0.4574366 0.01222378 -0.8891582 0.4574366 0.01222378 -0.8891582 0.4574366 0.01222378 -0.8891582 0.4574366 0.01222378 -0.8978921 0.3830993 0.2168521 -0.8978921 0.3830993 0.2168521 -0.8978921 0.3830993 0.2168521 -0.8978921 0.3830993 0.2168521 0.8153322 -0.5147451 0.2650864 0.8153322 -0.5147451 0.2650864 0.8153322 -0.5147451 0.2650864 0.8153322 -0.5147451 0.2650864 0.6239671 0.1749254 -0.7616206 0.6239671 0.1749254 -0.7616206 0.6239671 0.1749254 -0.7616206 0.6239671 0.1749254 -0.7616206 -0.7557494 0.6523098 0.05774831 -0.7557494 0.6523098 0.05774831 -0.7557494 0.6523098 0.05774831 -0.7557494 0.6523098 0.05774831 -0.8328664 0.5264064 0.1709665 -0.8328664 0.5264064 0.1709665 -0.8328664 0.5264064 0.1709665 -0.8328664 0.5264064 0.1709665 0.7904029 -0.5376127 0.2936589 0.7904029 -0.5376127 0.2936589 0.7904029 -0.5376127 0.2936589 0.7904029 -0.5376127 0.2936589 0.4976906 -0.1268463 -0.8580291 0.4976906 -0.1268463 -0.8580291 0.4976906 -0.1268463 -0.8580291 0.4976906 -0.1268463 -0.8580291 -0.9477872 0.2013082 0.2473344 -0.9477872 0.2013082 0.2473344 -0.9477872 0.2013082 0.2473344 -0.9477872 0.2013082 0.2473344 -0.5615063 -0.2775006 0.7795537 -0.5615063 -0.2775006 0.7795537 -0.5615063 -0.2775006 0.7795537 -0.5615063 -0.2775006 0.7795537 0.8922793 -0.4169472 0.1731831 0.8922793 -0.4169472 0.1731831 0.8922793 -0.4169472 0.1731831 0.8922793 -0.4169472 0.1731831 0.6837394 0.1865201 -0.705486 0.6837394 0.1865201 -0.705486 0.6837394 0.1865201 -0.705486 0.6837394 0.1865201 -0.705486 -0.9391356 0.1359097 0.3155203 -0.9391356 0.1359097 0.3155203 -0.9391356 0.1359097 0.3155203 -0.9391356 0.1359097 0.3155203 -0.5502108 0.01323342 0.8349209 -0.5502108 0.01323342 0.8349209 -0.5502108 0.01323342 0.8349209 -0.5502108 0.01323342 0.8349209 0.9832769 -0.1616911 0.08379968 0.9832769 -0.1616911 0.08379968 0.9832769 -0.1616911 0.08379968 0.9832769 -0.1616911 0.08379968 0.6524498 -0.0211311 -0.7575371 0.6524498 -0.0211311 -0.7575371 0.6524498 -0.0211311 -0.7575371 0.6524498 -0.0211311 -0.7575371 -0.8862272 -0.3161763 0.3385765 -0.8862272 -0.3161763 0.3385765 -0.8862272 -0.3161763 0.3385765 -0.8862272 -0.3161763 0.3385765 -0.6107069 -0.01010484 0.7917922 -0.6107069 -0.01010484 0.7917922 -0.6107069 -0.01010484 0.7917922 0.9714342 0.169283 -0.1663093 0.9714342 0.169283 -0.1663093 0.9714342 0.169283 -0.1663093 0.8039625 -0.0531738 -0.5922979 0.8039625 -0.0531738 -0.5922979 0.8039625 -0.0531738 -0.5922979 0.8039625 -0.0531738 -0.5922979 0.7834313 0.1564499 -0.6014638 0.7834313 0.1564499 -0.6014638 -0.9569835 -0.196461 -0.2135076 -0.9569835 -0.196461 -0.2135076 0.9069049 0.176993 -0.3823569 0.9069049 0.176993 -0.3823569 0.9908891 0.1254762 0.0489322 0.9908891 0.1254762 0.0489322 0.9908891 0.1254762 0.0489322 0.9908891 0.1254762 0.0489322 -0.7421979 -0.1514767 0.6528376 -0.7421979 -0.1514767 0.6528376 -0.7421979 -0.1514767 0.6528376 -0.7421979 -0.1514767 0.6528376 0.3909727 0.002491186 0.9203989 0.3909727 0.002491186 0.9203989 0.3909727 0.002491186 0.9203989 0.3909727 0.002491186 0.9203989 0.6922544 -0.4971456 -0.5230966 0.6922544 -0.4971456 -0.5230966 0.6922544 -0.4971456 -0.5230966 0.6922544 -0.4971456 -0.5230966 0.05607104 0.1093446 -0.9924212 0.05607104 0.1093446 -0.9924212 0.05607104 0.1093446 -0.9924212 0.05607104 0.1093446 -0.9924212 0.7551917 -0.5597832 -0.3410693 0.7551917 -0.5597832 -0.3410693 0.7551917 -0.5597832 -0.3410693 0.7551917 -0.5597832 -0.3410693 0.8063157 -0.587748 0.06638608 0.8063157 -0.587748 0.06638608 0.8063157 -0.587748 0.06638608 0.8063157 -0.587748 0.06638608 -0.6349488 0.5138933 0.5768479 -0.6349488 0.5138933 0.5768479 -0.6349488 0.5138933 0.5768479 -0.6349488 0.5138933 0.5768479 0.07211587 -0.04289674 0.9964733 0.07211587 -0.04289674 0.9964733 0.07211587 -0.04289674 0.9964733 0.07211587 -0.04289674 0.9964733 0.757294 -0.4174123 -0.5022674 0.757294 -0.4174123 -0.5022674 -0.9183358 0.3904815 -0.06467957 -0.9183358 0.3904815 -0.06467957 -0.9183358 0.3904815 -0.06467957 0.8151178 -0.4105017 -0.4087433 0.8151178 -0.4105017 -0.4087433 0.8151178 -0.4105017 -0.4087433 0.9263204 -0.3626439 -0.1020778 0.9263204 -0.3626439 -0.1020778 0.9263204 -0.3626439 -0.1020778 -0.6437795 0.4612755 0.6105511 -0.6437795 0.4612755 0.6105511 -0.6437795 0.4612755 0.6105511 0.01722679 0.3106427 0.9503706 0.01722679 0.3106427 0.9503706 0.01722679 0.3106427 0.9503706 0.01722679 0.3106427 0.9503706 -0.1095726 0.03552149 0.9933438 -0.1095726 0.03552149 0.9933438 -0.1095726 0.03552149 0.9933438 -0.1095726 0.03552149 0.9933438 -0.04289909 -0.1696291 0.9845738 -0.04289909 -0.1696291 0.9845738 -0.04289909 -0.1696291 0.9845738 -0.04289909 -0.1696291 0.9845738 0.7748423 0.4164983 -0.4755507 0.7748423 0.4164983 -0.4755507 0.7748423 0.4164983 -0.4755507 0.7748423 0.4164983 -0.4755507 0.8353786 0.2351919 -0.4968171 0.8275589 0.1136694 -0.5497503 0.8275589 0.1136694 -0.5497503 0.8353786 0.2351919 -0.4968171 -0.2582412 0.01643914 0.9659405 -0.2582412 0.01643914 0.9659405 -0.2582412 0.01643914 0.9659405 -0.2582412 0.01643914 0.9659405 -0.2908565 0.2810165 0.9145666 -0.2908565 0.2810165 0.9145666 -0.2908565 0.2810165 0.9145666 -0.2908565 0.2810165 0.9145666 0.8051487 -0.009857059 -0.5929909 0.8051487 -0.009857059 -0.5929909 0.7276505 -0.084809 -0.6806849 0.7276505 -0.084809 -0.6806849 0.7276505 -0.084809 -0.6806849 0.7276505 -0.084809 -0.6806849 0.6866744 0.0677808 0.7237984 0.5776592 0.2863563 0.7644016 0.6728632 -0.02465764 0.7393559 0.6872445 -0.07740017 0.722291 0.7485785 -0.1286358 0.6504483 0.6578644 -0.2525518 0.7095293 0.7532958 -0.1075172 0.6488338 0.772589 -0.06511556 0.6315585 0 0 1 0 0 1 -0.03970018 0 0.9992116 0 0 1 -0.03402986 0.1003912 0.9943658 0 0 1 0 1 0 -0.1151537 0.9860026 -0.1205756 -0.1151537 0.9860026 -0.1205756 0 1 0 -0.01167806 -0.1341425 0.9908932 0 0 1 -0.02773491 0.005710603 0.9995989 -0.0351018 -0.1145709 0.9927946 -0.05848504 -0.3602592 0.931017 0 0 1 0.01366838 -0.9998987 0.003972303 0.01366838 -0.9998987 0.003972303 0 -1 0 0 -1 0 0.122697 -0.7923462 0.5976061 -0.02853112 -0.8597214 0.5099656 -0.1233331 -0.7918063 0.5981903 -0.1233331 -0.7918063 0.5981903 -0.02732493 -0.8653458 0.5004296 -0.122193 -0.9463379 0.299188 0 -1 0 0.01413052 -0.9998664 -0.008208901 0 -1 0 0 -1 0 0.0148016 -0.9998811 -0.004298326 0.0148016 -0.9998811 -0.004298326 0 0 1 -0.04391595 -0.1535046 0.9871716 0.03069972 0.2877599 0.9572104 -0.06328901 0.2886819 0.955331 0.003950244 0.04878128 0.9988016 -0.0818996 -0.3093627 0.9474108 0 0 1 0 1 0 -0.1198863 0.9464253 -0.2998437 0 1 0 -0.09163402 0.9637489 -0.2505817 -0.09163402 0.9637489 -0.2505817 0 1 0 0.1711548 -0.2201606 0.9603307 0.169088 -0.04759247 0.9844511 0.1874091 -0.02752617 0.9818962 0.1771044 -0.2626196 0.9485067 -0.02448532 0.2806397 0.9595008 0.007345336 0.3656752 0.9307135 0.01536311 -0.08431569 0.9963207 0.04014885 -0.2047558 0.9779893 -0.01625871 -0.1309926 0.99125 -0.03090215 0.2147803 0.9761732 0.02096056 0.06667136 0.9975547 -0.04643282 -0.3625032 0.9308251 0.2990031 -0.9464784 0.121556 0.1862805 -0.7840162 0.5921301 0.5987139 -0.7913928 0.123447 0.1804627 -0.8808919 0.4375644 0.121532 -0.946634 0.29852 0.122697 -0.7923462 0.5976061 -0.1933817 -0.9807906 0.02556098 -0.1933817 -0.9807906 0.02556098 0.2990031 -0.9464784 0.121556 0.5679855 -0.190012 0.8008046 0.6650383 0.07943553 0.7425725 0.7233509 0.1703731 0.669131 0.7292842 0.04945239 0.6824216 0.7364925 -0.03541561 0.675518 0.7008351 -0.1401823 0.6994134 0.7087827 0.002608099 0.705422 0.7427534 0.311749 0.592562 0.8087301 0.2327294 0.5401782 0.8348259 0.04685076 0.5485169 0.8477585 -0.08198789 0.524007 0.808721 -0.1449834 0.5700439 0.7912524 -0.05582822 0.6089357 -0.2578008 0.9441771 -0.2051054 -0.2578008 0.9441771 -0.2051054 -0.2578008 0.9441771 -0.2051054 0.7071068 0 0.7071068 0.7438347 0.3294264 0.5815395 0.7071068 0 0.7071068 0.7071068 0 0.7071068 0.7438347 0.3294269 0.5815391 0.7071068 0 0.7071068 0 1 0 -0.2578008 0.9441771 -0.2051055 0 1 0 0 1 0 -0.2578008 0.944177 -0.2051055 -0.2578008 0.944177 -0.2051055 0.7071068 0 0.7071068 0.7027773 -0.4001261 0.5882205 0.4868768 -0.3998123 0.7765955 0.4222587 -0.05756411 0.9046457 0.4630187 0.4154573 0.7829488 0.5553203 0.5092367 0.6574932 0.6716484 0.03383154 0.740097 0.6082372 -0.4347717 0.6640942 0.4985904 -0.3109951 0.8091288 0.4523951 0.05162059 0.8903223 0.5019082 0.3396744 0.7954304 0.7071068 0 0.7071068 0.6229936 -0.06196348 0.7797689 -0.133635 -0.988354 -0.07278793 -0.133635 -0.988354 -0.07278793 0.121532 -0.946634 0.29852 0.121532 -0.946634 0.29852 -0.1069935 -0.9923146 0.06216159 0 -1 0 0 -1 0 -0.07047997 -0.9901085 0.1213163 0.2990031 -0.9464784 0.121556 -0.1589209 -0.9744172 0.1589196 -0.1589209 -0.9744172 0.1589196 -0.1589209 -0.9744172 0.1589196 0.7071068 0 0.7071068 0.6332346 0.1320666 0.7626089 0.7407898 0.2331978 0.6299596 0.7912486 0.04863685 0.6095572 0.7466657 -0.1874186 0.6382513 0.6568937 -0.2562572 0.7091001 0.7111237 0.0796821 0.6985369 0.6678362 0.4811226 0.5679048 0.7692928 0.4404329 0.4628255 0.8888237 0.05625406 0.4547833 0.8543605 -0.1741278 0.4896403 0.7451336 -0.2360676 0.623737 0.7071068 0 0.7071068 0 1 0 -0.2578008 0.9441772 -0.2051053 0 1 0 -0.2578008 0.944177 -0.2051053 -0.2578008 0.944177 -0.2051053 0 1 0 -0.220167 -0.9750853 -0.02711507 -0.220167 -0.9750853 -0.02711507 -0.220167 -0.9750853 -0.02711507 0 -1 0 0.01360734 -0.9996331 -0.02342142 0 -1 0 0 -1 0 0.01202758 -0.9994463 0.03102163 0.01202758 -0.9994463 0.03102163 0 -1 0 -0.1023175 -0.9928657 0.06122627 -0.1023175 -0.9928657 0.06122627 -0.2495476 0.9602665 -0.1249562 -0.2495476 0.9602665 -0.1249562 -0.2495476 0.9602665 -0.1249562 -0.1423731 0.9877921 -0.06322025 -0.1423731 0.9877921 -0.06322025 0 1 0 0 1 0 -0.2799917 0.9483621 -0.1490435 0 1 0 0 1 0 -0.2676419 0.9529253 -0.142482 -0.2676419 0.9529253 -0.142482 1 0 0 0.946104 -0.3233576 -0.01808368 0.9771274 0.1323269 0.1664675 0.8462846 0.5236491 0.09794813 0.9812052 0.03442171 0.1898723 0.897482 -0.4355542 0.06941528 0.9878736 0.02869006 0.1525866 0.9204859 0.3819972 0.08236415 0.9681313 0.2496229 0.02025115 1 0 0 0.9566293 0.2726762 -0.1025085 0.9926235 0.01649297 -0.1201109 0.8679958 -0.469362 -0.1621192 0.9099582 0.3813794 -0.162867 0.9376093 0.2378054 -0.2536477 0.9749001 0.01755335 -0.2219497 0.9672637 -0.2210938 -0.1245729 0.9450831 -0.3268297 0 0.9999177 0.01144752 -0.005797194 0.8317879 0.5548848 0.01522707 0.9999055 0.01355707 0.002302508 0.8680303 -0.4964515 -0.007696741 0.9596213 -0.2686428 0.08341516 0.4796081 -0.05251446 0.87591 0.4796081 -0.05251446 0.87591 -0.1315555 0.2781074 0.9514984 0.8564613 -0.3574806 0.3723996 0.8564613 -0.3574806 0.3723996 0.9860569 -0.1625166 0.03578009 0.9461294 -0.3176442 0.06277796 0.4138252 0.04597465 0.9091947 0.7744205 0.09496068 0.6255041 -0.03487716 -0.01279979 0.9993097 0.9671078 0.1403617 -0.2121346 0.9671078 0.1403617 -0.2121346 0.9671078 0.1403617 -0.2121346 0.9671078 0.1403617 -0.2121346 0.804591 0.1148372 -0.5826195 0.804591 0.1148372 -0.5826195 0.804591 0.1148372 -0.5826195 0.804591 0.1148372 -0.5826195 -0.3403366 -0.04600294 -0.9391777 -0.7826342 -0.1027694 -0.6139399 0.2056374 0.02477731 -0.9783145 0.9954411 0.06810827 0.06676908 0.9427353 0.33307 -0.01773948 0.1786179 -0.5368148 0.8245759 0.3418572 -0.4900976 0.8018341 0.4305863 -0.2472784 0.8680143 0.1791624 -0.2601894 0.9487899 0.01013678 -0.5677782 0.823119 -0.09303636 -0.2544543 0.9625992 0.9775321 0.167972 0.1273424 0.9775321 0.167972 0.1273424 0.9775321 0.167972 0.1273424 0.9775321 0.167972 0.1273424 0.4688301 0.5508953 -0.6904436 0.4688301 0.5508953 -0.6904436 0.4688301 0.5508953 -0.6904436 0.4688301 0.5508953 -0.6904436 -0.3916266 0.4123501 -0.8225546 -0.3916266 0.4123501 -0.8225546 -0.7787027 0.1507721 -0.6090071 -0.7787027 0.1507721 -0.6090071 0.09878165 0.565128 -0.819068 0.09878165 0.565128 -0.819068 0.09498171 0.4151323 -0.9047892 0.09498171 0.4151323 -0.9047892 -0.2974232 0.02684277 -0.9543683 -0.2974232 0.02684277 -0.9543683 -0.598457 -0.3696931 -0.7107573 -0.598457 -0.3696931 -0.7107573 0.510285 0.6550347 -0.55726 0.510285 0.6550347 -0.55726 0.510285 0.6550347 -0.55726 0.510285 0.6550347 -0.55726 0.7272934 0.6828139 -0.06934889 0.7272934 0.6828139 -0.06934889 0.7272934 0.6828139 -0.06934889 0.7272934 0.6828139 -0.06934889 0.0386216 -0.3480041 0.9366971 0.3033921 -0.09924202 0.9476836 0.3033921 -0.09924202 0.9476836 0.0386216 -0.3480041 0.9366971 0.5280824 0.1626306 0.8334748 0.5280824 0.1626306 0.8334748 0.02121145 0.01518638 -0.9996595 0.02121145 0.01518638 -0.9996595 -0.4598054 0.1053562 -0.8817478 -0.4598054 0.1053562 -0.8817478 -0.8243025 0.1688275 -0.5403911 -0.8243025 0.1688275 -0.5403911 0.4695115 -0.05412201 -0.8812659 0.4695115 -0.05412201 -0.8812659 0.4695115 -0.05412201 -0.8812659 0.4695115 -0.05412201 -0.8812659 0.9583874 -0.1685604 0.2303927 0.9583874 -0.1685604 0.2303927 0.9583874 -0.1685604 0.2303927 0.9583874 -0.1685604 0.2303927 0.162009 0.05570662 0.9852157 -0.1842756 0.09150896 0.9786054 0.4886518 0.01315047 0.8723798 0.9579774 -0.2867219 -0.008358169 -0.04435341 -0.09743115 -0.9942534 -0.04435341 -0.09743115 -0.9942534 -0.483978 0.3265738 -0.811859 -0.483978 0.3265738 -0.811859 -0.7269537 0.6178859 -0.2995918 -0.7269537 0.6178859 -0.2995918 0.4476922 -0.4900421 -0.7479508 0.4476922 -0.4900421 -0.7479508 0.4476922 -0.4900421 -0.7479508 0.4476922 -0.4900421 -0.7479508 0.7475516 -0.6632097 0.03632174 0.7475516 -0.6632097 0.03632174 0.7475516 -0.6632097 0.03632174 0.7475516 -0.6632097 0.03632174 0.2540812 0.03303195 0.9666187 0.2540812 0.03303195 0.9666187 -0.1475181 0.3625497 0.9202153 -0.1475181 0.3625497 0.9202153 0.586566 -0.305471 0.7500851 0.586566 -0.305471 0.7500851 0 -1 0 0.06276543 -0.9973619 0.03646535 0.121792 -0.9465097 -0.2988079 0.03297802 -0.9972865 0.06581683 0.03297802 -0.9972865 0.06581683 0.2992802 -0.9463577 -0.1218141 0.7361051 -0.0305112 -0.6761792 0.7071068 0 -0.7071068 0.7192436 -0.1399103 -0.6805246 0.7071068 0 -0.7071068 0.7335443 0.006363514 -0.6796117 0.7823209 -0.06735545 -0.619223 0.7071068 0 -0.7071068 0 1 0 0 0.9999999 0 0 1 0 0 1 0 0 0.9999999 0 0 1 0 0.8064109 0.2236435 -0.5474349 0.7098195 -0.2190597 -0.6694543 0.92577 -0.3570855 -0.1242569 0.92577 -0.3570855 -0.1242569 0.92577 -0.3570855 -0.1242569 0.92577 -0.3570855 -0.1242569 0.7548519 -0.3379357 -0.5621369 0.7548519 -0.3379357 -0.5621369 0.7548519 -0.3379357 -0.5621369 0.7548519 -0.3379357 -0.5621369 -0.2490235 0.01332607 -0.9684058 -0.7543893 0.3449554 -0.5584823 0.3891741 -0.3254116 -0.861772 0.613283 -0.4977641 0.6132821 0.613283 -0.4977641 0.6132821 0.3037609 -0.6070021 0.7343552 0.613283 -0.4977641 0.6132821 0.4240634 -0.4482728 0.7869064 0.613283 -0.4977641 0.6132821 0.1371807 -0.8335467 0.535146 0.1371807 -0.8335467 0.535146 0.5987139 -0.7913928 0.123447</float_array>
          <technique_common>
            <accessor source="#polySurfaceShape387-normals-array" count="1236" stride="3">
              <param name="X" type="float"/>
              <param name="Y" type="float"/>
              <param name="Z" type="float"/>
            </accessor>
          </technique_common>
        </source>
        <source id="polySurfaceShape387-polySurfaceShape387-map1" name="polySurfaceShape387-polySurfaceShape387-map1">
          <float_array id="polySurfaceShape387-polySurfaceShape387-map1-array" count="1516">0.967047 0.22921 0.993191 0.186784 0.977674 0.17673 0.355945 0.008373 0.591199 0.007387 0.591688 0.477791 0.356444 0.478784 0.773259 0.177171 0.75774 0.187245 0.769663 0.124022 0.355945 0.008374 0.753822 0.884236 0.754587 0.596083 0.802622 0.500031 0.946727 0.500031 0.994762 0.596083 0.994762 0.884236 0.946727 0.980407 0.802622 0.980407 0.753822 0.884236 0.754587 0.596083 0.802622 0.500031 0.946727 0.500031 0.994762 0.596083 0.994762 0.884236 0.946727 0.980407 0.802622 0.980407 0.75774 0.187245 0.009967 0.19029 0.176 0.19029 0.176 0.479611 0.009967 0.479611 0.75802 0.477112 0.556725 0.962605 0.43128 0.518287 0.763281 0.984671 0.556725 0.962605 0.603231 0.490179 0.657832 0.984823 0.43128 0.518287 0.427477 0.489308 0.657832 0.984823 0.756826 0.962487 0.556725 0.962605 0.603231 0.490179 0.43128 0.518287 0.763281 0.984671 0.556725 0.962605 0.550279 0.984823 0.43128 0.518287 0.763281 0.984671 0.756826 0.962487 0.275739 0.822504 0.277354 0.564626 0.472521 0.902831 0.275739 0.822504 0.263609 0.9027 0.277354 0.564626 0.296975 0.491169 0.039808 0.491871 0.023023 0.565328 0.003301 0.491971 0.263609 0.9027 0.275739 0.822504 0.277354 0.564626 0.296975 0.491169 0.039808 0.491871 0.023023 0.565328 0.263609 0.9027 0.277354 0.564626 0.296975 0.491169 0.023023 0.565328 0.275748 0.779059 0.315915 0.496176 0.260527 0.898183 0.277383 0.607816 0.275748 0.779059 0.315915 0.496176 0.277383 0.607816 0.260527 0.898183 0.023052 0.6085 0.04027 0.898731 0.277383 0.607816 0.275748 0.779059 0.315915 0.496176 0.260527 0.898183 0.275748 0.779059 0.315915 0.496176 0.277383 0.607816 0.260527 0.898183 0.023052 0.6085 0.04027 0.898731 0.981292 0.123552 0.993491 0.00626 0.993191 0.186784 0.774823 0.061675 0.757548 0.006705 0.769663 0.124022 0.757548 0.006705 0.993491 0.00626 0.97626 0.061181 0.981292 0.123552 0.598249 0.526197 0.755631 0.956604 0.736615 0.708371 0.559601 0.807789 0.755631 0.956604 0.736615 0.708371 0.598249 0.526197 0.559601 0.807789 0.432379 0.525371 0.471022 0.808044 0.598249 0.526197 0.755631 0.956604 0.736615 0.708371 0.559601 0.807789 0.755631 0.956604 0.736615 0.708371 0.598249 0.526197 0.559601 0.807789 0.432379 0.525371 0.471022 0.808044 0.260267 0.491278 0.260267 0.491278 0.967047 0.22921 0.977674 0.17673 0.773259 0.177171 0.800729 0.271836 0.783935 0.229582 0.993239 0.476626 0.875628 0.47682 0.875557 0.334992 0.950309 0.271536 0.901974 0.327354 0.928384 0.306582 0.822695 0.306796 0.849132 0.327462 0.97626 0.061181 0.964249 0.006055 0.786955 0.006585 0.763281 0.984671 0.964249 0.006055 0.774823 0.061675 0.786955 0.006585 0.176 0.010087 0.009967 0.010087 0.75802 0.477112 0.875628 0.47682 0.875557 0.334992 0.783935 0.229582 0.950309 0.271536 0.993239 0.476626 0.901974 0.327354 0.928384 0.306582 0.849132 0.327462 0.800729 0.271836 0.822695 0.306796 0.460415 0.82262 0.460423 0.779188 0.275739 0.822504 0.023052 0.6085 0.460415 0.82262 0.460423 0.779188 0.420372 0.496262 0.04027 0.898731 0.420372 0.496261 0.472521 0.902831 0.003301 0.491971 0.472521 0.902831 0.432379 0.525371 0.756826 0.962487 0.557918 0.956714 0.599357 0.519125 0.599357 0.519125 0.557918 0.956714 0.576863 0.709363 0.471022 0.808044 0.576863 0.709363 0.550279 0.984823 0.427477 0.489308 0.557918 0.956714 0.599357 0.519125 0.432379 0.525371 0.756826 0.962487 0.557918 0.956714 0.599357 0.519125 0.576863 0.709363 0.471022 0.808044 0.576863 0.709363 0.603231 0.490179 0.427477 0.489308 0.550279 0.984823 0.460415 0.82262 0.460423 0.779188 0.023023 0.565328 0.023052 0.6085 0.460415 0.82262 0.460423 0.779188 0.420372 0.496262 0.04027 0.898731 0.420372 0.496261 0.472521 0.902831 0.003301 0.491971 0.296975 0.491169 0.82986 0.7327927 0.8766115 0.6396786 0.3560256 0.08439031 0.356122 0.1752804 0.3562489 0.2948943 0.3563359 0.3768253 0.3563551 0.3950304 0.473572 0.0078805 0.150138 0.49157 0.4736585 0.09034345 0.4737738 0.2003844 0.4738815 0.302748 0.4739824 0.3987445 0.65678 0.984747 0.474066 0.4782875 0.6567755 0.962546 0.6567745 0.956659 0.5914435 0.242589 0.5915262 0.3221511 0.7578121 0.2618626 0.5916071 0.3999711 0.7579161 0.3694873 0.7578247 0.2749417 0.7579088 0.3619791 0.757644 0.096975 0.5913042 0.1086244 0.757644 0.096975 0.1501885 0.564977 0.1502175 0.608158 0.7542045 0.7401595 0.656739 0.708867 0.356444 0.478784 0.190097 0.479489 0.427477 0.489308 0.003301 0.491971 0.263609 0.9027 0.189599 0.009079 0.1896795 0.1064704 0.1896795 0.1064704 0.3560256 0.08439031 0.1897757 0.1759854 0.1897757 0.1759854 0.356122 0.1752804 0.1899023 0.2955993 0.1899023 0.2955993 0.3562489 0.2948943 0.3563551 0.3950304 0.1900083 0.3957354 0.1900083 0.3957354 0.5866902 0.007405917 0.2913466 0.4911844 0.5866928 0.09606385 0.5873827 0.2246258 0.5878799 0.310359 0.5879627 0.4023434 0.5542922 0.9848201 0.5872557 0.4778097 0.5962341 0.4777724 0.5984274 0.4901552 0.5960718 0.4013724 0.5959065 0.3096598 0.5958996 0.2244597 0.5957088 0.09631459 0.466812 0.9028274 0.5957448 0.007368363 0.3624497 0.1304436 0.3627039 0.2959773 0.3627954 0.2073482 0.3986738 0.204509 0.3627366 0.1844134 0.3513151 0.2952496 0.3513151 0.2952496 0.3508911 0.1954723 0.3508911 0.1954723 0.3497637 0.1292254 0.3497637 0.1292254 0.8732684 0.2723038 0.8833789 0.2722205 0.8721587 0.3184816 0.8758103 0.2254751 0.8803823 0.2245027 0.8662881 0.2720951 0.8762199 0.1630922 0.8831539 0.1624559 0.871999 0.2239408 0.8764607 0.09099334 0.8817459 0.09016835 0.8694375 0.1630879 0.8690667 0.02177712 0.8702248 0.09059484 0.2762345 0.9964845 0.2095594 0.996484 0.2099421 0.9882269 0.2763413 0.9882269 0.05424798 0.9964851 0.05424798 0.9882277 0.3634837 0.9964839 0.3633831 0.9882267 0.4639635 0.9964842 0.462989 0.9882267 0.5441709 0.9964843 0.5436882 0.988227 0.462989 0.9774365 0.5436882 0.9774365 0.87632 0.3261911 0.8783988 0.2503665 0.8746775 0.2497824 0.3633831 0.9774363 0.884611 0.1562266 0.8713875 0.2490336 0.8797528 0.1561045 0.2763413 0.9774365 0.8784683 0.07421511 0.2099421 0.9774367 0.2095594 0.9856941 0.05424798 0.9774372 0.05424798 0.9856946 0.8759596 0.1308606 0.8732828 0.0677508 0.874698 0.1555263 0.8797529 0.1561046 0.8770739 0.2005857 0.8713874 0.2490337 0.8746777 0.2497824 0.8770353 0.258869 0.2444932 0.9774364 0.8714467 0.2005117 0.3220108 0.9774364 0.8694453 0.1288741 0.8585795 0.2423745 0.8784684 0.07421496 0.5402138 0.9774365 0.8715303 0.0450407 0.1664047 0.9856941 0.05629039 0.985694 0.06473362 0.9774365 0.8623425 0.08993423 0.05629039 0.9774365 0.8702248 0.09059484 0.2894877 0.9856939 0.8618891 0.1646544 0.8694375 0.1630879 0.382931 0.9856939 0.8651754 0.2255771 0.8720021 0.2239137 0.4575013 0.9856939 0.4575014 0.9774365 0.5390141 0.985694 0.8668858 0.3217478 0.8594294 0.2705449 0.5390142 0.9774366 0.05629039 0.9882267 0.1664047 0.9882268 0.1664047 0.9964843 0.06473386 0.9964843 0.289488 0.9882267 0.289488 0.9964842 0.05629039 0.9964843 0.382931 0.9882267 0.382931 0.9964843 0.4575013 0.9882267 0.4575013 0.9964842 0.5390141 0.9882267 0.5390141 0.9964843 0.8904476 0.2724907 0.8781935 0.3220769 0.8721587 0.3184817 0.8833788 0.2722206 0.8868732 0.2231227 0.8803822 0.2245028 0.8900295 0.1624458 0.8831537 0.162456 0.8884513 0.08702328 0.8817459 0.09016848 0.8690667 0.02177712 0.8594294 0.2705448 0.8651754 0.2255771 0.8690667 0.02177712 0.3829311 0.9774366 0.5420227 0.9924743 0.5390144 0.9924744 0.5390143 0.9842167 0.877252 0.1840853 0.8740005 0.1834947 0.8755727 0.1421314 0.8850149 0.1423825 0.8793725 0.1824606 0.8851978 0.2430885 0.8737111 0.2377044 0.87892 0.1864374 0.05690193 0.9774364 0.8725924 0.293958 0.8663913 0.1422499 0.01420236 0.9856945 0.4367833 0.9774365 0.05191636 0.9856945 0.5402142 0.9856939 0.4357593 0.9856939 0.8676832 0.1826128 0.05191636 0.977437 0.3220109 0.9856938 0.01420236 0.9774371 0.540215 0.9964842 0.2435751 0.9856938 0.05690181 0.9856939 0.5402148 0.9882267 0.8772324 0.06780636 0.8828486 0.1203634 0.8775606 0.1250604 0.05191636 0.9882277 0.8711867 0.1199697 0.01420236 0.9882276 0.05191636 0.9964852 0.01420236 0.996485 0.2441344 0.9882267 0.3233213 0.9882267 0.3217181 0.9964842 0.2447478 0.9964842 0.05690193 0.9882267 0.05690193 0.9964842 0.3297603 0.9882267 0.438918 0.9882267 0.4381564 0.9964842 0.3293555 0.9964843 0.4639635 0.9856939 0.5441709 0.985694 0.3634838 0.9856937 0.2762345 0.9856939 0.8812751 0.1991758 0.8807252 0.1295279 0.2894878 0.9774366 0.1664048 0.9774366 0.2837279 0.9882267 0.3625931 0.1574285 0.8821937 0.1624216 0.2832329 0.9964842 0.8747866 0.162813 0.8670372 0.1624313 0.283252 0.9774364 0.282793 0.9856938 0.3507892 0.1753603 0.2639312 0.9882267 0.3625214 0.143936 0.8836043 0.152402 0.2639903 0.9964842 0.8751796 0.1524722 0.8667142 0.1523406 0.2638726 0.9774364 0.263184 0.9856938 0.3493265 0.149164 0.1505182 0.9882267 0.3591973 0.06940828 0.8782726 0.0937116 0.1508248 0.9964842 0.8737415 0.09815076 0.8689608 0.09364529 0.1506976 0.9774364 0.1502385 0.9856939 0.3517935 0.07428356 0.1973263 0.9882267 0.3608235 0.09992592 0.8816438 0.1180471 0.1977863 0.9964842 0.8746571 0.1201411 0.867676 0.1179476 0.1975954 0.9774364 0.1969068 0.9856938 0.3494731 0.112506 0.362489 0.9882267 0.362768 0.2339218 0.8808035 0.2034344 0.361999 0.9964843 0.8738871 0.2047434 0.8643762 0.2043217 0.3637027 0.9774364 0.3626579 0.9856939 0.3510426 0.2311269 0.3978627 0.9882267 0.3627383 0.2626429 0.8828712 0.2220939 0.3978352 0.9964843 0.8737866 0.2235634 0.8614779 0.2233481 0.400243 0.9774365 0.3992086 0.9856939 0.3511788 0.2631882 0.4734184 0.9882267 0.3605351 0.323513 0.881501 0.2580068 0.4680865 0.9964842 0.873364 0.2551628 0.8623804 0.2563661 0.4648381 0.9774365 0.465607 0.9856939 0.3527497 0.3185596 0.3905853 0.9964839 0.3562776 0.3219032 0.3906584 0.9882267 0.8699933 0.1484908 0.8762583 0.1495479 0.8739358 0.1770543 0.8808518 0.1455627 0.8785846 0.1776651 0.8785848 0.1776651 0.3876475 0.9856938 0.8831171 0.1788657 0.1899303 0.3219996 0.3896436 0.9774363 0.342698 0.996484 0.3562187 0.2663983 0.342905 0.9882268 0.8703482 0.1144938 0.8753706 0.1169726 0.8755316 0.1375502 0.8790798 0.1158704 0.8794615 0.1375375 0.8794616 0.1375375 0.3422056 0.9856938 0.883113 0.1362258 0.1898676 0.2627585 0.3394852 0.9774364 0.3145663 0.9964842 0.3561777 0.2278313 0.3144234 0.9882268 0.8716038 0.09449321 0.8746225 0.09933408 0.8766652 0.1131016 0.876842 0.0972953 0.8790393 0.1106219 0.8790394 0.1106218 0.317288 0.9856939 0.8813586 0.112804 0.1898302 0.2274666 0.3138036 0.9774365 0.1897067 0.1278541 0.2287255 0.9774367 0.2277364 0.9856941 0.1897412 0.1536432 0.2525334 0.9774366 0.2519855 0.9856939 0.2548202 0.9964844 0.3560911 0.1460889 0.2528257 0.9882269 0.2308207 0.9964842 0.3560564 0.1133733 0.2286462 0.9882269 0.1778113 0.9856942 0.1896616 0.08350929 0.1752793 0.9774368 0.1361969 0.9856943 0.1896406 0.05695379 0.134743 0.9774369 0.1811134 0.988227 0.1797649 0.9964842 0.3560101 0.06980757 0.1433207 0.9882271 0.1409388 0.9964845 0.35599 0.05080432 0.1501885 0.564977 0.473572 0.00788 0.150138 0.49157 0.4768769 0.119534 0.4950587 0.223549 0.4771151 0.3090642 0.4739715 0.3883982 0.65678 0.984747 0.474066 0.4782875 0.6567755 0.962546 0.6035295 0.984785 0.415255 0.4785358 0.4151537 0.3826117 0.4199095 0.3025208 0.4468662 0.214029 0.4196633 0.1249888 0.4147585 0.0081265 0.2235565 0.4913695 0.3866739 0.2987191 0.4091686 0.1647489 0.3926739 0.2516141 0.4092917 0.2535149 0.4172109 0.06655763 0.5153185 0.518706 0.515354 0.4897435 0.2732705 0.4791365 0.2731721 0.3862803 0.2731721 0.3862803 0.27134 0.3202797 0.2706087 0.2954245 0.2706087 0.2954245 0.2705232 0.2629734 0.2704364 0.2292967 0.2703334 0.1857288 0.2703334 0.1857288 0.2702652 0.1655706 0.2692813 0.1425175 0.2701834 0.1239045 0.2701834 0.1239045 0.2713374 0.09484861 0.2714784 0.06432162 0.272772 0.008726 0.368065 0.9027655 0.368077 0.822562 0.3143585 0.0085495 0.420293 0.9027983 0.3116359 0.06238499 0.3109813 0.1042673 0.311359 0.1239424 0.311359 0.1239424 0.3095392 0.1439701 0.3105272 0.169931 0.3106122 0.1906006 0.3106122 0.1906006 0.3107395 0.2302118 0.310851 0.2630808 0.3109619 0.2953371 0.3109619 0.2953371 0.3140888 0.3193765 0.314754 0.3815528 0.314754 0.3815528 0.5592926 0.4899613 0.3148572 0.4789602 0.4714155 0.4895257 0.2316837 0.4793127 0.2315902 0.3910078 0.2315902 0.3910078 0.2306352 0.3211396 0.2302555 0.2955119 0.2302555 0.2955119 0.2301954 0.262866 0.2301333 0.2283817 0.2300545 0.1808571 0.2300545 0.1808571 0.2300032 0.1590724 0.2299646 0.1378582 0.2285548 0.1164638 0.2285548 0.1164638 0.2302466 0.09233799 0.2305595 0.06279945 0.2311855 0.008902499 0.315837 0.9027327 0.7100305 0.984709 0.415255 0.4785358 0.6055361 0.9847835 0.5306609 0.4780486 0.5301311 0.007643208 0.2207423 0.4913772 0.4147585 0.00812725 0.07671949 0.4917705 0.4148421 0.08736688 0.4148421 0.08736688 0.4149479 0.1878324 0.4149479 0.1878324 0.4150652 0.2988212 0.4150652 0.2988212 0.4151688 0.3968874 0.4151688 0.3968874 0.5309725 0.4005439 0.5308807 0.3065535 0.5305783 0.2125051 0.5301756 0.09320365 0.4149139 0.1555364 0.4443609 0.1941084 0.4443609 0.1941084 0.4149806 0.2187361 0.4148003 0.04774706 0.8754063 0.05597273 0.8754063 0.0559728 0.878759 0.0544002 0.1155693 0.9964843 0.1113476 0.9882268 0.5866915 0.05173488 0.5301534 0.05042343 0.5303769 0.1528544 0.2279463 0.9882267 0.5870377 0.1603448 0.8892404 0.1247345 0.2279463 0.9964843 0.8824499 0.1263121 0.8824498 0.1263122 0.8763403 0.1270427 0.8698311 0.1268414 0.8698311 0.1268414 0.8621158 0.1272943 0.2279463 0.9774366 0.2279462 0.9856939 0.5958042 0.1603871 0.5307295 0.2595293 0.3362095 0.9882267 0.5876313 0.2674924 0.8884514 0.1927842 0.3362095 0.9964843 0.8817681 0.1934793 0.881768 0.1934794 0.8760151 0.1942836 0.8707182 0.1935144 0.8707198 0.1935008 0.8635322 0.1951157 0.3362095 0.9774366 0.3362094 0.9856939 0.595903 0.2670597 0.360827 0.9856939 0.5959048 0.2895058 0.8643538 0.2103464 0.3595703 0.9774366 0.8712996 0.2073246 0.8713018 0.2073049 0.875906 0.2108911 0.8810023 0.2106231 0.8810022 0.2106232 0.8876623 0.2079535 0.3595702 0.9964843 0.3595702 0.9882267 0.5877556 0.2889257 0.4015868 0.9856939 0.5959479 0.3326042 0.8637292 0.2368949 0.4016995 0.9774366 0.8704278 0.2371888 0.8751345 0.2379259 0.8812637 0.238538 0.8812636 0.2385381 0.8876367 0.2336672 0.3988584 0.9964843 0.3997477 0.9882267 0.5878986 0.3311028 0.429544 0.9856939 0.5960099 0.3669883 0.8615793 0.2537198 0.4296004 0.9774365 0.868358 0.254642 0.8742014 0.2551149 0.8823213 0.2553792 0.8823212 0.2553793 0.8890421 0.2530789 0.4281799 0.9964843 0.4286245 0.9882267 0.5879306 0.3667231 0.677127 0.4774422 0.5129522 0.4897316 0.6769903 0.3816757 0.6768656 0.2923008 0.6768198 0.2058523 0.6766764 0.0966448 0.3652105 0.9027637 0.6766464 0.007036681 0.6769279 0.3369882 0.8727637 0.05638523 0.8696458 0.05618598 0.8696458 0.05618598 0.8657047 0.05585568 0.1155692 0.9774365 0.1113476 0.9856941 0.5957268 0.05184148 0.515314 0.525784</float_array>
          <technique_common>
            <accessor source="#polySurfaceShape387-polySurfaceShape387-map1-array" count="758" stride="2">
              <param name="S" type="float"/>
              <param name="T" type="float"/>
            </accessor>
          </technique_common>
        </source>
        <vertices id="polySurfaceShape387-vertices" name="polySurfaceShape387-vertices">
          <input semantic="POSITION" source="#polySurfaceShape387-positions"/>
        </vertices>
        <triangles material="lambert8SG" count="772">
          <input semantic="VERTEX" source="#polySurfaceShape387-vertices" offset="0"/>
          <input semantic="NORMAL" source="#polySurfaceShape387-normals" offset="1"/>
          <input semantic="TEXCOORD" source="#polySurfaceShape387-polySurfaceShape387-map1" offset="2" set="0"/>
          <p>63 1 2 64 2 0 52 0 1 52 0 1 64 2 0 7 3 151 214 5 449 195 6 388 213 4 447 213 4 447 195 6 388 196 7 389 80 8 7 48 9 8 76 10 9 172 11 280 173 12 281 174 13 282 18 15 17 16 16 18 104 14 204 104 14 204 16 16 18 17 17 11 25 18 19 31 19 20 24 20 26 26 21 25 24 22 26 30 24 21 30 24 21 24 22 26 31 23 20 26 25 25 30 26 21 28 28 23 28 28 23 30 26 21 29 27 22 28 29 23 27 30 24 26 31 25 6 33 31 49 34 28 52 32 29 52 32 29 49 34 28 4 35 145 6 36 31 52 37 29 7 38 30 240 39 495 199 40 333 239 42 494 239 42 494 199 40 333 200 41 392 119 44 221 127 45 229 48 43 8 48 43 8 127 45 229 128 46 230 98 47 172 157 48 262 156 49 259 3 50 35 100 51 170 72 52 38 6 53 40 7 54 37 88 56 39 88 56 39 7 54 37 102 55 173 88 58 42 90 59 43 71 57 41 71 57 41 90 59 43 13 60 191 13 62 44 90 63 185 12 61 190 12 61 190 90 63 185 92 64 45 287 65 572 285 66 569 286 67 571 299 68 586 325 69 623 298 70 585 313 71 607 311 72 604 312 73 605 280 74 564 292 75 579 279 76 562 14 77 201 15 78 56 47 80 192 47 80 192 15 78 56 46 79 55 4 82 61 51 83 59 40 81 60 40 81 60 51 83 59 77 84 122 5 85 168 4 86 62 41 88 161 41 88 161 4 86 62 40 87 63 60 89 66 42 90 67 1 91 167 0 92 166 162 93 267 43 94 157 342 95 651 111 96 212 129 97 231 33 98 162 32 99 72 29 101 165 29 101 165 32 99 72 28 100 73 30 102 164 34 103 160 29 105 74 29 105 74 34 103 160 33 104 75 31 106 163 35 107 158 30 109 77 30 109 77 35 107 158 34 108 76 35 113 78 31 114 79 130 112 232 31 114 79 25 110 81 130 112 232 25 110 81 36 111 80 130 112 232 37 116 197 36 117 83 24 115 200 24 115 200 36 117 83 25 118 84 38 120 195 37 121 82 26 119 199 26 119 199 37 121 82 24 122 85 27 123 198 39 124 193 26 126 87 26 126 87 39 124 193 38 125 86 28 127 91 32 128 90 27 130 89 27 130 89 32 128 90 39 129 88 41 131 161 40 132 63 33 134 162 33 134 162 40 132 63 32 133 72 34 135 160 42 136 67 33 138 75 33 138 75 42 136 67 41 137 64 35 139 158 43 140 157 34 142 76 34 142 76 43 140 157 42 141 159 44 144 71 129 145 231 36 143 80 36 143 80 129 145 231 130 146 232 37 147 197 45 148 196 312 149 605 37 150 82 279 151 562 45 152 53 39 153 193 47 154 192 38 156 86 38 156 86 47 154 192 46 155 55 32 157 90 40 158 60 39 160 88 39 160 88 40 158 60 47 159 57 49 162 94 74 163 92 4 161 93 4 161 93 74 163 92 78 164 137 79 166 95 76 167 9 128 165 230 128 165 230 76 167 9 48 168 8 1 169 98 126 170 228 61 172 142 61 172 142 126 170 228 59 171 97 62 174 100 56 175 101 5 173 99 5 173 99 56 175 101 52 176 1 20 177 188 91 178 184 19 180 104 19 180 104 91 178 184 89 179 103 93 182 182 91 183 102 21 181 187 21 181 187 91 183 102 20 184 105 95 186 180 93 187 106 22 185 186 22 185 186 93 187 106 21 188 107 23 189 111 407 190 757 22 191 109 17 192 177 99 193 171 131 195 234 131 195 234 99 193 171 118 194 220 16 196 176 101 197 169 17 199 115 17 199 115 101 197 169 99 198 112 18 200 175 103 201 174 16 203 117 16 203 117 103 201 174 101 202 116 19 204 121 89 205 120 18 207 119 18 207 119 89 205 120 103 206 118 14 209 58 47 210 57 77 208 122 77 208 122 47 210 57 40 211 60 5 212 65 41 213 64 57 214 123 57 216 123 41 217 64 60 215 66 60 215 66 41 217 64 42 218 67 81 220 125 49 221 94 82 219 124 82 219 124 49 221 94 6 222 129 53 223 27 66 224 126 59 225 97 123 226 225 75 227 127 13 228 32 49 229 94 81 230 125 74 231 92 6 233 129 71 234 130 50 232 131 50 232 131 71 234 130 13 235 32 6 236 129 73 237 132 82 238 124 6 239 129 86 240 133 87 241 134 6 242 129 87 243 134 73 244 132 13 245 32 84 246 135 85 247 136 75 248 127 84 249 135 13 250 32 78 251 137 51 252 138 4 253 93 79 254 95 14 255 96 77 256 139 6 257 140 88 258 42 71 259 41 57 260 141 62 261 100 5 262 99 1 263 98 61 264 142 60 265 143 5 266 144 52 267 29 4 268 145 3 269 146 72 270 147 69 272 154 69 272 154 72 270 147 54 271 148 66 274 126 53 275 27 65 273 149 65 273 149 53 275 27 124 276 226 55 277 150 7 278 151 64 279 0 63 280 2 52 281 1 56 282 101 404 283 751 165 284 292 403 285 750 54 286 148 72 287 147 68 289 152 68 289 152 72 287 147 7 288 151 55 290 150 67 291 153 7 292 151 7 293 151 67 294 153 68 295 152 3 296 146 69 297 154 70 298 156 3 299 146 70 300 156 58 301 155 13 302 32 85 303 136 50 304 131 6 305 129 50 306 131 86 307 133 103 308 118 89 309 120 102 311 173 102 311 173 89 309 120 88 310 39 90 312 43 88 313 42 91 315 184 91 315 184 88 313 42 89 314 103 90 317 185 91 318 102 92 316 45 92 316 45 91 318 102 93 319 182 94 320 47 286 321 571 95 322 180 298 323 585 95 324 108 407 325 757 118 326 220 117 327 219 97 329 113 97 329 113 117 327 219 96 328 51 98 331 172 99 332 112 100 330 34 100 330 34 99 332 112 101 333 169 102 334 36 100 335 170 103 337 174 103 337 174 100 335 170 101 336 116 7 339 178 72 340 38 102 338 36 102 338 36 72 340 38 100 341 170 104 14 204 17 17 11 131 342 233 105 343 205 104 14 204 22 345 13 22 345 13 104 14 204 23 344 12 105 343 205 19 346 16 104 14 204 104 14 204 19 346 16 18 15 17 21 347 14 105 343 205 22 345 13 19 346 16 105 343 205 20 348 15 20 348 15 105 343 205 21 347 14 219 349 458 220 350 459 202 351 336 214 352 449 215 353 450 195 355 388 195 355 388 215 353 450 201 354 396 230 357 477 203 358 402 229 356 476 229 356 476 203 358 402 194 359 387 299 361 587 300 362 589 325 360 624 325 360 624 300 362 589 324 363 622 165 364 292 355 365 669 403 366 750 393 368 735 173 369 281 392 367 734 392 367 734 173 369 281 172 370 280 181 371 286 180 372 287 371 374 697 371 374 697 180 372 287 370 373 695 177 376 290 362 377 681 176 375 289 176 375 289 362 377 681 363 378 683 342 379 650 354 380 668 111 381 211 351 382 664 112 383 213 343 384 653 114 385 215 352 386 666 353 387 667 115 388 216 114 385 215 346 389 659 115 388 216 346 389 658 116 390 218 116 390 218 346 389 658 339 391 645 117 392 219 339 393 644 96 394 51 98 395 33 117 396 219 99 398 171 99 398 171 117 396 219 118 397 220 13 400 32 12 401 5 123 399 225 123 399 225 12 401 5 122 402 224 288 404 574 284 405 568 287 403 573 287 403 573 284 405 568 285 406 570 194 409 387 193 410 386 229 408 476 193 410 386 205 411 393 229 408 476 228 407 474 229 408 476 205 411 393 48 43 8 121 412 223 119 44 221 119 44 221 121 412 223 120 413 222 80 415 7 83 416 128 48 414 8 48 414 8 83 416 128 121 417 223 238 419 492 239 420 494 204 418 391 204 418 391 239 420 494 200 421 392 123 399 225 122 402 224 121 412 223 121 412 223 122 402 224 120 413 222 83 422 128 75 423 127 121 425 223 121 425 223 75 423 127 123 424 225 182 426 291 181 427 286 372 429 698 372 429 698 181 427 286 371 428 697 392 431 734 172 432 280 391 430 733 391 430 733 172 432 280 184 433 285 65 434 149 124 435 226 58 437 155 58 437 155 124 435 226 125 436 227 184 438 285 172 439 280 174 440 282 58 441 155 125 442 227 3 443 146 364 444 684 175 445 293 363 447 683 363 447 683 175 445 293 176 446 289 59 448 97 126 449 228 53 450 27 218 451 456 219 452 458 202 453 336 128 46 230 127 45 229 14 455 96 14 455 96 127 45 229 15 454 4 14 456 96 79 457 95 128 458 230 43 459 69 151 460 254 0 461 70 129 463 231 43 464 69 130 462 232 130 462 232 43 464 69 35 465 78 131 195 234 118 194 220 23 467 114 23 467 114 118 194 220 97 466 113 104 14 204 131 342 233 23 344 12 8 468 304 110 469 302 136 471 305 136 471 305 110 469 302 144 470 303 10 473 298 139 474 299 278 472 560 278 472 560 139 474 299 277 475 559 267 477 544 268 478 546 107 476 294 107 476 294 268 478 546 140 479 297 249 481 512 250 482 514 108 480 300 108 480 300 250 482 514 143 483 301 242 484 499 243 485 501 110 469 302 110 469 302 243 485 501 144 470 303 8 487 307 136 488 429 135 486 306 135 486 306 136 488 429 145 489 428 132 491 317 142 492 318 272 490 552 272 490 552 142 492 318 271 493 550 263 495 539 264 496 540 132 494 317 132 494 317 264 496 540 142 497 318 134 499 311 146 500 430 255 498 524 255 498 524 146 500 430 254 501 521 248 502 511 135 486 306 247 503 508 247 503 508 135 486 306 145 489 428 251 505 516 252 506 518 147 504 321 147 504 321 252 506 518 141 507 433 243 509 502 244 510 503 144 508 330 144 508 330 244 510 503 148 511 325 136 512 328 144 508 330 148 511 325 149 513 310 136 514 308 137 515 313 247 516 509 145 517 309 246 519 506 246 519 506 145 517 309 149 518 310 254 520 522 146 521 312 253 523 519 253 523 519 146 521 312 150 522 314 148 524 325 244 525 503 137 527 432 137 527 432 244 525 503 245 526 505 136 528 328 148 524 325 137 527 432 137 515 326 245 529 504 149 513 327 149 513 327 245 529 504 246 530 507 150 532 324 141 533 323 253 531 520 253 531 520 141 533 323 252 534 517 250 536 515 251 537 516 143 535 332 143 535 332 251 537 516 147 538 321 145 517 309 136 539 308 149 518 310 43 540 69 341 541 649 151 542 254 358 543 675 112 383 213 350 544 663 359 545 676 350 544 663 112 383 213 367 546 690 349 547 662 113 548 214 348 550 661 114 385 215 347 549 660 347 549 660 114 385 215 115 388 216 340 551 647 347 549 660 116 390 218 116 390 218 347 549 660 115 388 216 117 552 219 340 553 646 116 554 217 396 555 742 98 556 172 100 557 34 397 558 743 158 559 263 396 561 741 396 561 741 158 559 263 157 560 261 398 562 744 159 563 264 382 564 718 399 565 745 374 566 703 398 562 744 398 562 744 374 566 703 375 567 705 399 565 745 400 568 746 366 570 689 366 570 689 400 568 746 161 569 266 406 571 756 401 572 748 162 573 268 43 574 157 162 575 267 401 576 747 155 577 364 156 578 366 163 580 365 163 580 365 156 578 366 2 579 367 162 582 338 165 583 339 406 581 755 406 581 755 165 583 339 405 584 754 162 93 338 0 92 341 165 585 339 357 586 673 152 587 356 356 589 672 356 589 672 152 587 356 166 588 357 0 92 361 151 590 355 165 585 358 155 577 364 163 580 365 395 591 739 395 591 739 163 580 365 394 592 738 153 593 359 368 594 691 168 596 360 168 596 360 368 594 691 369 595 694 152 587 356 360 597 677 166 588 357 166 588 357 360 597 677 361 598 680 160 600 343 169 601 434 374 599 702 374 599 702 169 601 434 373 602 701 158 603 349 389 604 729 171 606 350 171 606 350 389 604 729 390 605 732 158 608 349 171 609 350 157 607 351 157 607 351 171 609 350 2 579 354 366 610 688 161 611 337 365 613 687 365 613 687 161 611 337 164 612 435 163 580 368 2 579 369 173 615 371 173 615 371 2 579 369 174 614 370 405 584 753 165 583 381 404 616 752 166 588 376 177 617 377 356 589 671 356 589 671 177 617 377 355 618 670 163 580 368 173 615 371 394 592 737 394 592 737 173 615 371 393 619 736 168 596 374 369 595 693 180 621 375 180 621 375 369 595 693 370 620 696 361 598 679 362 622 682 166 588 376 166 588 376 362 622 682 177 617 377 373 602 700 169 601 344 372 624 699 372 624 699 169 601 344 182 623 345 390 605 731 391 625 733 171 606 379 171 606 379 391 625 733 184 626 285 171 609 353 184 627 285 2 579 352 2 579 352 184 627 285 174 628 282 164 612 340 175 629 342 365 613 686 365 613 686 175 629 342 364 630 685 156 578 383 157 607 384 2 579 385 280 631 563 297 632 584 292 633 578 282 634 566 290 635 576 281 637 565 281 637 565 290 635 576 291 636 577 289 639 575 290 635 576 283 638 567 283 638 567 290 635 576 282 634 566 288 404 574 289 639 575 284 405 568 284 405 568 289 639 575 283 638 567 206 640 410 205 641 411 193 642 412 197 643 414 206 644 410 193 645 412 301 647 590 302 648 591 323 646 620 323 646 620 302 648 591 322 649 618 304 650 594 320 651 616 303 653 593 303 653 593 320 651 616 321 652 617 316 654 610 317 655 612 308 657 599 308 657 599 317 655 612 307 656 598 309 658 601 315 659 609 308 657 600 308 657 600 315 659 609 316 654 611 185 660 418 212 661 445 196 663 421 196 663 421 212 661 445 213 662 448 190 665 401 199 666 398 241 664 497 241 664 497 199 666 398 240 667 496 221 668 461 11 669 408 220 671 460 220 671 460 11 669 408 202 670 394 192 673 407 201 674 329 216 672 452 216 672 452 201 674 329 215 675 451 231 676 479 191 677 404 230 679 478 230 679 478 191 677 404 203 678 331 227 681 472 228 682 475 187 680 424 187 680 424 228 682 475 205 683 427 186 684 425 237 685 490 204 687 426 204 687 426 237 685 490 238 686 493 217 689 454 218 690 457 11 688 422 11 688 422 218 690 457 202 691 423 188 692 405 187 693 403 206 695 397 206 695 397 187 693 403 205 694 399 188 697 417 206 698 415 189 696 416 189 696 416 206 698 415 197 699 413 207 700 436 189 701 419 208 703 439 208 703 439 189 701 419 197 702 420 208 707 438 197 708 390 209 706 440 194 705 387 209 706 440 193 704 386 193 704 386 209 706 440 197 708 390 194 709 387 203 710 402 209 712 440 209 712 440 203 710 402 210 711 441 211 714 443 210 715 442 191 713 404 191 713 404 210 715 442 203 716 331 212 717 445 207 718 436 213 720 448 213 720 448 207 718 436 208 719 439 209 722 440 214 723 449 208 721 438 208 721 438 214 723 449 213 724 447 209 725 440 210 726 441 214 728 449 214 728 449 210 726 441 215 727 450 216 730 452 215 731 451 211 729 443 211 729 443 215 731 451 210 732 442 222 734 463 223 735 466 217 733 454 217 733 454 223 735 466 218 736 457 223 737 465 224 738 467 218 740 456 218 740 456 224 738 467 219 739 458 225 742 468 220 743 459 224 741 467 224 741 467 220 743 459 219 744 458 226 745 470 221 746 461 225 748 469 225 748 469 221 746 461 220 747 460 185 750 418 196 751 421 222 749 463 222 749 463 196 751 421 223 752 466 196 753 389 195 754 388 223 756 465 223 756 465 195 754 388 224 755 467 201 758 396 225 759 468 195 757 388 195 757 388 225 759 468 224 760 467 192 761 407 226 762 470 201 764 329 201 764 329 226 762 470 225 763 469 232 766 481 233 767 484 227 765 472 227 765 472 233 767 484 228 768 475 233 769 483 234 770 485 228 772 474 228 772 474 234 770 485 229 771 476 235 774 486 230 775 477 234 773 485 234 773 485 230 775 477 229 776 476 236 777 488 231 778 479 235 780 487 235 780 487 231 778 479 230 779 478 186 782 425 204 783 426 232 781 481 232 781 481 204 783 426 233 784 484 204 785 391 200 786 392 233 788 483 233 788 483 200 786 392 234 787 485 199 790 333 235 791 486 200 789 392 200 789 392 235 791 486 234 792 485 190 793 401 236 794 488 199 796 398 199 796 398 236 794 488 235 795 487 237 797 490 109 798 409 238 800 493 238 800 493 109 798 409 198 799 406 239 801 494 238 802 492 198 803 395 198 804 395 240 805 495 239 806 494 241 808 497 240 809 496 109 807 400 109 807 400 240 809 496 198 810 335 108 480 300 143 483 301 242 811 499 242 811 499 143 483 301 243 812 501 243 814 502 143 535 332 244 813 503 244 813 503 143 535 332 147 538 321 244 816 503 147 504 321 245 815 505 245 815 505 147 504 321 141 507 433 150 817 324 246 818 507 141 820 323 141 820 323 246 818 507 245 819 504 247 822 509 246 823 506 146 821 312 146 821 312 246 823 506 150 824 314 248 826 511 247 827 508 134 825 311 134 825 311 247 827 508 146 828 430 249 829 512 256 830 525 250 832 514 250 832 514 256 830 525 257 831 527 251 833 516 250 834 515 258 836 529 258 836 529 250 834 515 257 835 528 251 838 516 258 839 529 252 837 518 252 837 518 258 839 529 259 840 531 260 841 533 253 842 520 259 844 530 259 844 530 253 842 520 252 843 517 254 846 522 253 847 519 261 845 535 261 845 535 253 847 519 260 848 532 255 850 524 254 851 521 262 849 537 262 849 537 254 851 521 261 852 534 256 853 525 107 476 294 257 854 527 257 854 527 107 476 294 140 479 297 258 855 529 257 856 528 140 857 322 259 858 531 258 859 529 140 860 322 140 861 334 260 862 533 259 863 530 140 864 316 261 865 535 260 866 532 262 868 537 261 869 534 133 867 315 133 867 315 261 869 534 140 870 431 263 871 539 265 872 542 264 874 540 264 874 540 265 872 542 266 873 543 265 875 542 133 876 315 266 878 543 266 878 543 133 876 315 140 877 431 269 880 547 270 881 549 267 879 544 267 879 544 270 881 549 268 882 546 269 883 547 106 884 295 270 886 549 270 886 549 106 884 295 138 885 296 272 888 552 271 889 550 274 887 555 274 887 555 271 889 550 273 890 553 274 892 555 273 893 553 10 891 319 10 891 319 273 893 553 139 894 320 276 895 557 275 896 556 106 884 295 106 884 295 275 896 556 138 885 296 276 897 557 278 898 560 275 900 556 275 900 556 278 898 560 277 899 559 318 902 613 319 903 615 306 901 597 306 901 597 319 903 615 305 904 596 317 655 612 318 902 613 307 656 598 307 656 598 318 902 613 306 901 597 320 651 616 304 650 594 319 903 614 319 903 614 304 650 594 305 904 595 303 653 593 321 652 617 302 648 592 302 648 592 321 652 617 322 649 619 300 362 588 301 647 590 324 363 621 324 363 621 301 647 590 323 646 620 314 906 608 310 907 602 313 905 606 313 905 606 310 907 602 311 908 603 310 907 602 314 906 608 309 658 601 309 658 601 314 906 608 315 659 609 38 909 195 46 910 194 279 911 562 38 912 195 279 913 562 37 914 82 15 915 202 280 916 564 46 918 194 46 918 194 280 916 564 279 917 562 127 919 229 281 637 565 15 920 4 15 920 4 281 637 565 280 631 563 119 921 221 282 634 566 127 919 229 127 919 229 282 634 566 281 637 565 120 922 222 283 638 567 119 921 221 119 921 221 283 638 567 282 634 566 284 405 568 283 638 567 122 923 224 122 923 224 283 638 567 120 922 222 284 405 568 122 923 224 285 406 570 285 406 570 122 923 224 12 924 5 286 925 571 285 926 569 92 928 183 92 928 183 285 926 569 12 927 46 95 929 180 286 930 571 93 931 106 93 932 106 286 933 571 92 934 183 9 935 48 287 936 572 94 937 47 94 938 47 287 939 572 286 940 571 109 942 209 288 404 574 9 941 6 9 941 6 288 404 574 287 403 573 237 943 491 288 404 574 109 942 209 294 944 581 290 635 576 188 945 272 297 632 584 217 946 455 292 633 578 292 633 578 217 946 455 11 947 3 45 948 53 292 949 579 11 950 203 279 951 562 292 952 579 45 953 53 293 955 580 186 956 270 295 954 582 295 954 582 186 956 270 232 957 482 294 944 581 188 945 272 212 959 446 212 959 446 188 945 272 207 958 437 289 639 575 293 955 580 296 960 583 296 960 583 293 955 580 295 954 582 289 639 575 288 404 574 293 955 580 288 404 574 237 943 491 293 955 580 293 955 580 237 943 491 186 956 270 188 945 272 227 961 473 187 962 271 207 958 437 188 945 272 189 963 273 291 636 577 294 944 581 185 964 269 185 964 269 294 944 581 212 959 446 291 636 577 290 635 576 294 944 581 188 945 272 295 954 582 227 961 473 227 961 473 295 954 582 232 957 482 289 639 575 296 960 583 290 635 576 296 960 583 295 954 582 188 945 272 290 635 576 296 960 583 188 945 272 291 636 577 297 632 584 281 637 565 281 637 565 297 632 584 280 631 563 222 965 464 297 632 584 185 964 269 185 964 269 297 632 584 291 636 577 217 946 455 297 632 584 222 965 464 96 966 49 298 967 585 97 968 110 298 969 585 94 970 181 95 971 108 326 972 625 298 973 585 96 974 49 300 362 589 299 361 587 327 976 628 327 976 628 299 361 587 326 975 626 301 647 590 300 362 588 328 977 629 328 977 629 300 362 588 327 976 627 302 648 591 301 647 590 329 978 630 329 978 630 301 647 590 328 977 629 330 979 632 303 653 593 329 978 631 329 978 631 303 653 593 302 648 592 331 980 633 304 650 594 330 979 632 330 979 632 304 650 594 303 653 593 304 650 594 331 980 633 305 904 595 305 904 595 331 980 633 332 981 634 306 901 597 305 904 596 333 982 636 333 982 636 305 904 596 332 981 635 307 656 598 306 901 597 334 983 637 334 983 637 306 901 597 333 982 636 308 657 599 307 656 598 335 984 638 335 984 638 307 656 598 334 983 637 336 985 640 309 658 601 335 984 639 335 984 639 309 658 601 308 657 600 337 986 641 310 907 602 336 985 640 336 985 640 310 907 602 309 658 601 310 907 602 337 986 641 311 908 603 311 908 603 337 986 641 338 987 642 312 988 605 311 989 604 338 990 643 36 991 83 312 992 605 44 993 52 37 994 197 312 995 605 36 996 83 11 997 54 313 998 607 45 999 196 45 1000 196 313 1001 607 312 1002 605 221 1004 462 314 906 608 11 1003 3 11 1003 3 314 906 608 313 905 606 226 1005 471 314 906 608 221 1004 462 315 659 609 226 1005 471 316 654 611 316 654 611 226 1005 471 192 1006 279 192 1006 278 216 1007 453 316 654 610 316 654 610 216 1007 453 317 655 612 318 902 613 216 1007 453 211 1008 444 319 903 615 318 902 613 191 1009 277 191 1009 277 318 902 613 211 1008 444 231 1010 480 320 651 616 191 1009 276 191 1009 276 320 651 616 319 903 614 236 1011 489 320 651 616 231 1010 480 321 652 617 236 1011 489 322 649 619 322 649 619 236 1011 489 190 1012 275 323 646 620 322 649 618 241 1013 498 241 1013 498 322 649 618 190 1012 274 241 1013 498 324 363 621 323 646 620 325 360 624 324 363 622 9 1014 6 9 1014 6 324 363 622 109 1015 209 298 1016 585 325 1017 623 94 1018 181 94 1019 181 325 1020 623 9 1021 189 8 1022 237 326 1023 625 96 1024 49 326 1025 625 299 1026 586 298 1027 585 327 976 628 326 975 626 135 1029 252 135 1029 252 326 975 626 8 1028 236 248 1030 510 327 976 627 135 1029 251 329 978 630 328 977 629 134 1031 248 134 1031 248 328 977 629 248 1030 510 255 1032 523 330 979 632 134 1031 247 134 1031 247 330 979 632 329 978 631 255 1032 523 331 980 633 330 979 632 331 980 633 262 1033 536 332 981 634 332 981 634 262 1033 536 133 1034 245 333 982 636 332 981 635 265 1035 541 265 1035 541 332 981 635 133 1034 244 263 1036 538 333 982 636 265 1035 541 335 984 638 334 983 637 132 1037 242 132 1037 242 334 983 637 263 1036 538 272 1038 551 336 985 640 132 1037 241 132 1037 241 336 985 640 335 984 639 272 1038 551 337 986 641 336 985 640 337 986 641 274 1039 554 338 987 642 338 987 642 274 1039 554 10 1040 240 44 1041 52 338 1042 643 10 1043 239 312 1044 605 338 1045 643 44 1046 52 321 652 617 320 651 616 236 1011 489 109 1015 209 324 363 621 241 1013 498 328 977 629 327 976 627 248 1030 510 262 1033 536 331 980 633 255 1032 523 263 1036 538 334 983 637 333 982 636 318 902 613 317 655 612 216 1007 453 315 659 609 314 906 608 226 1005 471 274 1039 554 337 986 641 272 1038 551 117 1047 219 116 1048 217 339 1049 644 96 1050 51 339 1051 644 8 1052 50 98 1053 33 156 1054 259 340 1055 646 98 1056 33 340 1057 646 117 1058 219 129 1059 231 111 1060 212 341 1061 649 129 1062 231 341 1063 649 43 1064 69 10 1065 238 342 1066 651 44 1067 71 44 1068 71 342 1069 651 129 1070 231 10 1071 10 278 1072 561 342 379 650 342 379 650 278 1072 561 354 380 668 351 382 664 343 384 653 269 1074 548 269 1074 548 343 384 653 106 1073 243 353 387 667 249 1076 513 345 1075 656 345 1075 656 249 1076 513 108 1077 208 346 389 659 345 1075 657 242 1078 500 242 1078 500 345 1075 657 108 1077 249 346 389 658 110 1079 210 339 391 645 339 391 645 110 1079 210 8 1080 235 156 1081 260 155 1082 258 340 551 647 340 551 647 155 1082 258 347 549 660 155 1082 258 395 1083 740 347 549 660 368 1084 692 153 1085 256 367 546 690 367 546 690 153 1085 256 349 547 662 360 1086 678 152 1087 255 359 545 676 359 545 676 152 1087 255 350 544 663 350 544 663 152 1087 255 358 543 675 358 543 675 152 1087 255 357 1088 674 351 382 664 267 1090 545 344 1089 654 344 1089 654 267 1090 545 107 1091 207 352 386 665 351 382 664 344 1089 654 353 387 667 352 386 666 344 1089 655 256 1092 526 353 387 667 107 1091 246 107 1091 246 353 387 667 344 1089 655 249 1076 513 353 387 667 256 1092 526 346 389 659 242 1078 500 110 1079 250 351 382 664 269 1074 548 267 1090 545 354 380 668 278 1072 561 276 1093 558 112 383 213 354 380 668 343 384 652 354 380 668 276 1093 558 343 384 652 343 384 652 276 1093 558 106 1073 206 352 386 665 112 383 213 351 382 664 111 381 211 354 380 668 112 383 213 114 385 215 353 387 667 345 1075 656 346 389 659 114 385 215 345 1075 657 114 385 215 113 548 214 352 386 666 113 548 214 112 383 213 352 386 665 165 1094 378 356 1095 671 355 1096 670 151 1097 355 357 1098 673 165 1094 358 165 1094 358 357 1098 673 356 1095 672 358 543 675 357 1088 674 341 1099 648 341 1099 648 357 1088 674 151 1100 253 112 383 213 358 543 675 111 381 211 111 381 211 358 543 675 341 1099 648 349 547 662 359 545 676 113 548 214 153 1085 256 360 1086 678 349 547 662 349 547 662 360 1086 678 359 545 676 361 1101 680 360 1102 677 168 596 360 168 596 360 360 1102 677 153 593 359 362 1103 682 361 1101 679 180 621 375 180 621 375 361 1101 679 168 596 374 362 1105 681 180 1106 287 363 1104 683 363 1104 683 180 1106 287 181 1107 286 364 1109 684 363 1110 683 182 1108 291 182 1108 291 363 1110 683 181 1111 286 169 601 344 365 1112 686 182 623 345 182 623 345 365 1112 686 364 1113 685 160 600 343 366 1114 688 169 601 434 169 601 434 366 1114 688 365 1112 687 113 548 214 359 545 676 112 383 213 348 550 661 367 546 690 114 385 215 114 385 215 367 546 690 113 548 214 154 1115 257 381 1116 716 348 550 661 381 1118 715 154 1119 362 380 1117 714 380 1117 714 154 1119 362 167 1120 363 380 1117 713 167 1120 372 379 1121 712 379 1121 712 167 1120 372 178 1122 373 379 1124 711 178 1125 284 378 1123 710 378 1123 710 178 1125 284 179 1126 283 377 1127 708 378 1128 710 183 1130 288 183 1130 288 378 1128 710 179 1129 283 376 1132 706 377 1133 709 170 1131 347 170 1131 347 377 1133 709 183 1134 348 375 1136 704 376 1132 707 159 1135 346 159 1135 346 376 1132 707 170 1131 382 374 1138 702 373 1139 701 375 1137 704 375 1137 704 373 1139 701 376 1140 707 377 1141 709 376 1140 706 372 1142 699 372 1142 699 376 1140 706 373 1139 700 372 1143 698 371 1144 697 377 1146 708 377 1146 708 371 1144 697 378 1145 710 370 1148 695 379 1149 711 371 1147 697 371 1147 697 379 1149 711 378 1150 710 369 1152 693 380 1153 713 370 1151 696 370 1151 696 380 1153 713 379 1154 712 368 1155 691 381 1156 715 369 1152 694 369 1152 694 381 1156 715 380 1153 714 381 1116 716 368 1084 692 348 550 661 348 550 661 368 1084 692 367 546 690 382 1157 717 159 1158 346 383 1160 720 383 1160 720 159 1158 346 170 1159 382 383 1160 719 170 1159 380 384 1161 721 384 1161 721 170 1159 380 183 1162 288 179 1164 283 385 1165 722 183 1163 288 183 1163 288 385 1165 722 384 1166 721 179 1167 283 178 1168 284 385 1170 722 385 1170 722 178 1168 284 386 1169 723 387 1171 725 386 1172 724 167 1120 372 167 1120 372 386 1172 724 178 1122 373 388 1173 727 387 1171 726 154 1119 362 154 1119 362 387 1171 726 167 1120 363 348 550 661 388 1174 728 154 1115 257 389 1175 729 382 1176 717 390 1178 732 390 1178 732 382 1176 717 383 1177 720 390 1178 731 383 1177 719 391 1179 733 391 1179 733 383 1177 719 384 1180 721 385 1182 722 392 1183 734 384 1181 721 384 1181 721 392 1183 734 391 1184 733 385 1185 722 386 1186 723 392 1188 734 392 1188 734 386 1186 723 393 1187 735 394 1190 737 393 1191 736 387 1189 725 387 1189 725 393 1191 736 386 1192 724 395 1194 739 394 1190 738 388 1193 727 388 1193 727 394 1190 738 387 1189 726 347 549 660 395 1083 740 388 1174 728 347 549 660 388 1174 728 348 550 661 3 1195 179 396 1196 742 100 1197 34 396 1198 742 157 1199 262 98 1200 172 125 1201 227 397 558 743 3 1202 146 3 1202 146 397 558 743 396 561 741 125 1201 227 402 1203 749 397 558 743 53 1204 27 399 565 745 124 1205 226 124 1205 226 399 565 745 398 562 744 126 1206 228 400 568 746 53 1204 27 53 1204 27 400 568 746 399 565 745 126 1206 228 1 1207 98 400 568 746 400 568 746 1 1207 98 401 572 748 42 1208 159 401 1209 747 1 1210 68 43 1211 157 401 1212 747 42 1213 159 399 565 745 366 570 689 160 1214 265 399 565 745 160 1214 265 374 566 703 398 562 744 375 567 705 159 563 264 382 564 718 389 1215 730 398 562 744 398 562 744 389 1215 730 402 1203 749 389 1215 730 158 559 263 402 1203 749 402 1203 749 158 559 263 397 558 743 124 1205 226 398 562 744 402 1203 749 124 1205 226 402 1203 749 125 1201 227 403 1216 750 355 1217 669 176 1219 289 176 1219 289 355 1217 669 177 1218 290 175 1220 293 404 1221 751 176 1223 289 176 1223 289 404 1221 751 403 1222 750 164 612 340 405 1224 753 175 629 342 175 629 342 405 1224 753 404 1225 752 161 611 337 406 1226 755 164 612 435 164 612 435 406 1226 755 405 1224 754 400 568 746 406 571 756 161 569 266 400 568 746 401 572 748 406 571 756 23 1227 111 97 1228 110 407 1229 757 22 1230 109 407 1231 757 95 1232 108 298 1233 585 407 1234 757 97 1235 110</p>
        </triangles>
      </mesh>
      <extra>
        <technique profile="OpenCOLLADAMaya">
          <originalMayaNodeId>polySurfaceShape374</originalMayaNodeId>
          <double_sided>1</double_sided>
        </technique>
      </extra>
    </geometry>
    <geometry id="polySurfaceShape385" name="polySurfaceShape385">
      <mesh>
        <source id="polySurfaceShape385-positions" name="polySurfaceShape385-positions">
          <float_array id="polySurfaceShape385-positions-array" count="255">4 2.25575 1.270814 4 0.998 1.79611 4 2.25575 -1.270818 4 0.998 -1.796112 4 0 -1.500001 4 0.468017 1.708656 4 0.468017 -1.707234 4 1.450085 -1.735968 4 1.450085 1.735966 4 1.896056 1.555477 4 1.896056 -1.55548 4 2.553478 -0.898057 4 2.729706 -0.44903 4 2.729706 0.449027 4 2.553478 0.898053 4.258083 2.794111 -10e-7 4.258083 2.729706 0.449027 4.258083 2.25575 1.270814 4.258083 1.896056 1.555477 4.258083 0.998 1.79611 4.258083 0.468017 1.708656 4.258083 2.25575 -1.270818 4.258083 2.553478 -0.898057 4.258083 1.896056 -1.55548 4.258083 0.998 -1.796112 4.258083 0.468017 -1.707234 4.258083 0 1.50275 4.258083 0 -1.500001 4.258083 1.450085 -1.735968 4.258083 1.450085 1.735966 4.258083 2.729706 -0.44903 4.258083 2.553478 0.898053 4 2.794111 -10e-7 4 0 1.50275 3.930291 2.863964 -10e-7 3.930291 2.796338 0.47148 3.930291 2.298685 1.334355 3.930291 1.921006 1.633252 3.930291 0.978048 1.885916 3.930291 0.421565 1.794089 3.930291 2.298685 -1.334358 3.930291 2.611299 -0.942959 3.930291 0 1.577888 3.930291 1.452737 -1.822766 3.930291 0.978048 -1.885917 3.930291 1.452737 1.822765 3.930291 1.921006 -1.633253 3.930291 2.796338 -0.471481 3.930291 2.611299 0.942957 3.930291 0.421565 -1.792595 3.930291 0 -1.575 3.930291 2.961143 -10e-7 3.930291 2.890135 0.495054 3.930291 2.3676 1.401074 3.930291 1.971036 1.714915 3.930291 0.98093 1.980212 3.930291 0.396623 1.883794 3.930291 2.3676 -1.401075 3.930291 2.695844 -0.990106 3.930291 0 1.656783 3.930291 1.479354 -1.913904 3.930291 0.98093 -1.980212 3.930291 1.479354 1.913904 3.930291 1.971036 -1.714915 3.930291 2.890135 -0.495054 3.930291 2.695844 0.990105 3.930291 0.396623 -1.882224 3.930291 0 -1.653749 4 2.961143 -10e-7 4 2.890135 0.495054 4 2.3676 1.401074 4 1.971036 1.714915 4 0.98093 1.980212 4 0.396623 1.883794 4 2.3676 -1.401075 4 2.695844 -0.990106 4 0 1.656783 4 1.479354 -1.913904 4 0.98093 -1.980212 4 1.479354 1.913904 4 1.971036 -1.714915 4 2.890135 -0.495054 4 2.695844 0.990105 4 0.396623 -1.882224 4 0 -1.653749</float_array>
          <technique_common>
            <accessor source="#polySurfaceShape385-positions-array" count="85" stride="3">
              <param name="X" type="float"/>
              <param name="Y" type="float"/>
              <param name="Z" type="float"/>
            </accessor>
          </technique_common>
        </source>
        <source id="polySurfaceShape385-normals" name="polySurfaceShape385-normals">
          <float_array id="polySurfaceShape385-normals-array" count="1170">0 -0.9898695 -0.1419811 0 -0.9898695 -0.1419811 0 -0.9898695 -0.1419811 0 -0.9898695 -0.1419811 0 -0.9898695 -0.1419811 0 -0.9898695 -0.1419811 0 -0.6205751 -0.7841471 0 -0.6205751 -0.7841471 0 -0.6205751 -0.7841471 0 -0.6205751 -0.7841471 0 -0.6205751 -0.7841471 0 -0.6205751 -0.7841471 0 0.1628101 -0.9866575 0 0.1628101 -0.9866575 0 0.1628101 -0.9866575 0 0.1628101 -0.9866575 0 0.1628101 -0.9866575 0 0.1628101 -0.9866575 0 -0.7813607 0.6240798 0 -0.7813607 0.6240798 0 -0.7813607 0.6240798 0 -0.7813607 0.6240798 0 -0.7813607 0.6240798 0 -0.7813607 0.6240798 0 -0.620574 0.784148 0 -0.620574 0.784148 0 -0.620574 0.784148 0 -0.620574 0.784148 0 -0.620574 0.784148 0 -0.620574 0.784148 0 0.16539 0.9862282 0 0.16539 0.9862282 0 0.16539 0.9862282 0 0.16539 0.9862282 0 0.16539 0.9862282 0 0.16539 0.9862282 0 0.4027033 -0.9153306 0 0.4027033 -0.9153306 0 0.4027033 -0.9153306 0 0.4027033 -0.9153306 0 0.4027033 -0.9153306 0 0.4027033 -0.9153306 0 0.4048738 0.9143726 0 0.4048738 0.9143726 0 0.4048738 0.9143726 0 0.4048738 0.9143726 0 0.4048738 0.9143726 0 0.4048738 0.9143726 0 -0.131875 0.9912664 0 -0.131875 0.9912664 0 -0.131875 0.9912664 0 -0.131875 0.9912664 0 -0.131875 0.9912664 0 -0.131875 0.9912664 0 -0.131875 -0.9912664 0 -0.131875 -0.9912664 0 -0.131875 -0.9912664 0 -0.131875 -0.9912664 0 -0.131875 -0.9912664 0 -0.131875 -0.9912664 0 -0.3751509 -0.9269637 0 -0.3751509 -0.9269637 0 -0.3751509 -0.9269637 0 -0.3751509 -0.9269637 0 -0.3751509 -0.9269637 0 -0.3751509 -0.9269637 0 -0.3751509 0.9269637 0 -0.3751509 0.9269637 0 -0.3751509 0.9269637 0 -0.3751509 0.9269637 0 -0.3751509 0.9269637 0 -0.3751509 0.9269637 0 -0.9308758 0.3653359 0 -0.9308758 0.3653359 0 -0.9308758 0.3653359 0 -0.9308758 0.3653359 0 -0.9308758 0.3653359 0 -0.9308758 0.3653359 0 -0.9898695 0.1419811 0 -0.9898695 0.1419811 0 -0.9898695 0.1419811 0 -0.9898695 0.1419811 0 -0.9898695 0.1419811 0 -0.9898695 0.1419811 0 -0.9308754 -0.3653371 0 -0.9308754 -0.3653371 0 -0.9308754 -0.3653371 0 -0.9308754 -0.3653371 0 -0.9308754 -0.3653371 0 -0.9308754 -0.3653371 0 -0.7813607 -0.6240798 0 -0.7813607 -0.6240798 0 -0.7813607 -0.6240798 0 -0.7813607 -0.6240798 0 -0.7813607 -0.6240798 0 -0.7813607 -0.6240798 0 1 0 0 1 0 0 1 0 0 1 0 0 1 0 0 1 0 -0.7078329 -0.70638 0 -0.7093542 -0.6815633 -0.1796891 -0.7078329 -0.70638 0 -0.7078329 -0.70638 0 -0.7093542 -0.6815633 -0.1796891 -0.7093542 -0.6815633 -0.1796891 -0.7338368 -0.4799218 -0.4807898 -0.7528121 -0.332511 -0.5680761 -0.7338368 -0.4799218 -0.4807898 -0.7338368 -0.4799218 -0.4807898 -0.7528121 -0.332511 -0.5680761 -0.7528121 -0.332511 -0.5680761 -0.7907662 0.007838001 -0.6120681 -0.783434 0.188341 -0.592249 -0.7907662 0.007838001 -0.6120681 -0.7907662 0.007838001 -0.6120681 -0.783434 0.188341 -0.592249 -0.783434 0.188341 -0.592249 -0.7209067 -0.6006107 0.3457749 -0.7209067 -0.6006107 0.3457749 -0.7338328 -0.4799238 0.4807938 -0.7338328 -0.4799238 0.4807938 -0.7209067 -0.6006107 0.3457749 -0.7338328 -0.4799238 0.4807938 -0.7637993 0.2767001 -0.5831362 -0.7637993 0.2767001 -0.5831362 -0.783434 0.188341 -0.592249 -0.783434 0.188341 -0.592249 -0.7637993 0.2767001 -0.5831362 -0.783434 0.188341 -0.592249 -0.7715723 -0.1639181 0.6146603 -0.7715723 -0.1639181 0.6146603 -0.790841 0.008618 0.611961 -0.790841 0.008618 0.611961 -0.7715723 -0.1639181 0.6146603 -0.790841 0.008618 0.611961 -0.7715759 -0.163917 -0.6146559 -0.7907662 0.007838001 -0.6120681 -0.7715759 -0.163917 -0.6146559 -0.7715759 -0.163917 -0.6146559 -0.7907662 0.007838001 -0.6120681 -0.7907662 0.007838001 -0.6120681 -0.7528121 -0.332511 -0.5680761 -0.7715759 -0.163917 -0.6146559 -0.7528121 -0.332511 -0.5680761 -0.7528121 -0.332511 -0.5680761 -0.7715759 -0.163917 -0.6146559 -0.7715759 -0.163917 -0.6146559 -0.7528077 -0.3325129 0.5680808 -0.7528077 -0.3325129 0.5680808 -0.7715723 -0.1639181 0.6146603 -0.7715723 -0.1639181 0.6146603 -0.7528077 -0.3325129 0.5680808 -0.7715723 -0.1639181 0.6146603 -0.7093524 -0.6815653 0.1796891 -0.7093524 -0.6815653 0.1796891 -0.7209067 -0.6006107 0.3457749 -0.7209067 -0.6006107 0.3457749 -0.7093524 -0.6815653 0.1796891 -0.7209067 -0.6006107 0.3457749 -0.7093542 -0.6815633 -0.1796891 -0.7209091 -0.6006091 -0.345773 -0.7093542 -0.6815633 -0.1796891 -0.7093542 -0.6815633 -0.1796891 -0.7209091 -0.6006091 -0.345773 -0.7209091 -0.6006091 -0.345773 -0.7209091 -0.6006091 -0.345773 -0.7338368 -0.4799218 -0.4807898 -0.7209091 -0.6006091 -0.345773 -0.7209091 -0.6006091 -0.345773 -0.7338368 -0.4799218 -0.4807898 -0.7338368 -0.4799218 -0.4807898 -0.7078329 -0.70638 0 -0.7078329 -0.70638 0 -0.7093524 -0.6815653 0.1796891 -0.7093524 -0.6815653 0.1796891 -0.7078329 -0.70638 0 -0.7093524 -0.6815653 0.1796891 -0.7338328 -0.4799238 0.4807938 -0.7338328 -0.4799238 0.4807938 -0.7528077 -0.3325129 0.5680808 -0.7528077 -0.3325129 0.5680808 -0.7338328 -0.4799238 0.4807938 -0.7528077 -0.3325129 0.5680808 -0.790841 0.008618 0.611961 -0.790841 0.008618 0.611961 -0.7832109 0.189979 0.5920209 -0.7832109 0.189979 0.5920209 -0.790841 0.008618 0.611961 -0.7832109 0.189979 0.5920209 -0.7633011 0.278407 0.582976 -0.7832109 0.189979 0.5920209 -0.7633011 0.278407 0.582976 -0.7633011 0.278407 0.582976 -0.7832109 0.189979 0.5920209 -0.7832109 0.189979 0.5920209 -1 0 0 -1 0 0 -1 0 0 -1 0 0 -1 0 0 -1 0 0 -1 0 0 -1 0 0 -1 0 0 -1 0 0 -1 0 0 -1 0 0 -1 0 0 -1 0 0 -1 0 0 -1 0 0 -1 0 0 -1 0 0 -1 0 0 -1 0 0 -1 0 0 -1 0 0 -1 0 0 -1 0 0 -1 0 0 -1 0 0 -1 0 0 -1 0 0 -1 0 0 -1 0 0 -1 0 0 -1 0 0 -1 0 0 -1 0 0 -1 0 0 -1 0 0 -1 0 0 -1 0 0 -1 0 0 -1 0 0 -1 0 0 -1 0 0 -1 0 0 -1 0 0 -1 0 0 -1 0 0 -1 0 0 -1 0 0 -1 0 0 -1 0 0 -1 0 0 -1 0 0 -1 0 0 -1 0 0 -1 0 0 -1 0 0 -1 0 0 -1 0 0 -1 0 0 -1 0 0 -1 0 0 -1 0 0 -1 0 0 -1 0 0 -1 0 0 -1 0 0 -1 0 0 -1 0 0 -1 0 0 -1 0 0 -1 0 0 -1 0 0 -1 0 0 -1 0 0 -1 0 0 -1 0 0 -1 0 0 -1 0 0 -1 0 0 -1 0 0 -1 0 0 -1 0 0 -1 0 0 -1 0 0 -1 0 0 -1 0 0 -1 0 0 -1 0 0 -1 0 0 -1 0 0 -1 0 0 -1 0 0 -1 0 0 -1 0 0 -1 0 0 -1 0 0 0 1 0 0 0.966844 0.255368 0 1 0 0 1 0 0 0.966844 0.255368 0 0.966844 0.255368 0 0.705522 0.708688 0 0.5029579 0.8643109 0 0.705522 0.708688 0 0.705522 0.708688 0 0.5029579 0.8643109 0 0.5029579 0.8643109 0 -0.015639 0.9998778 0 -0.3350829 0.9421886 0 -0.015639 0.9998778 0 -0.015639 0.9998778 0 -0.3350829 0.9421886 0 -0.3350829 0.9421886 0 0.705521 -0.708689 0 0.8658378 -0.5003249 0 0.705521 -0.708689 0 0.705521 -0.708689 0 0.8658378 -0.5003249 0 0.8658378 -0.5003249 0 -0.3350829 0.9421886 0 -0.4967472 0.8678953 0 -0.3350829 0.9421886 0 -0.3350829 0.9421886 0 -0.4967472 0.8678953 0 -0.4967472 0.8678953 0 -0.01694601 -0.9998565 0 0.2555441 -0.9667975 0 -0.01694601 -0.9998565 0 -0.01694601 -0.9998565 0 0.2555441 -0.9667975 0 0.2555441 -0.9667975 0 0.2555441 0.9667975 0 -0.015639 0.9998778 0 0.2555441 0.9667975 0 0.2555441 0.9667975 0 -0.015639 0.9998778 0 -0.015639 0.9998778 0 0.5029579 0.8643109 0 0.2555441 0.9667975 0 0.5029579 0.8643109 0 0.5029579 0.8643109 0 0.2555441 0.9667975 0 0.2555441 0.9667975 0 0.2555441 -0.9667975 0 0.5029572 -0.8643114 0 0.2555441 -0.9667975 0 0.2555441 -0.9667975 0 0.5029572 -0.8643114 0 0.5029572 -0.8643114 0 0.8658378 -0.5003249 0 0.9668437 -0.2553689 0 0.8658378 -0.5003249 0 0.8658378 -0.5003249 0 0.9668437 -0.2553689 0 0.9668437 -0.2553689 0 0.966844 0.255368 0 0.8658378 0.5003249 0 0.966844 0.255368 0 0.966844 0.255368 0 0.8658378 0.5003249 0 0.8658378 0.5003249 0 0.8658378 0.5003249 0 0.705522 0.708688 0 0.8658378 0.5003249 0 0.8658378 0.5003249 0 0.705522 0.708688 0 0.705522 0.708688 0 0.9668437 -0.2553689 0 1 0 0 0.9668437 -0.2553689 0 0.9668437 -0.2553689 0 1 0 0 1 0 0 0.5029572 -0.8643114 0 0.705521 -0.708689 0 0.5029572 -0.8643114 0 0.5029572 -0.8643114 0 0.705521 -0.708689 0 0.705521 -0.708689 0 -0.3376211 -0.9412822 0 -0.01694601 -0.9998565 0 -0.3376211 -0.9412822 0 -0.3376211 -0.9412822 0 -0.01694601 -0.9998565 0 -0.01694601 -0.9998565 0 -0.4991541 -0.8665132 0 -0.3376211 -0.9412822 0 -0.4991541 -0.8665132 0 -0.4991541 -0.8665132 0 -0.3376211 -0.9412822 0 -0.3376211 -0.9412822</float_array>
          <technique_common>
            <accessor source="#polySurfaceShape385-normals-array" count="390" stride="3">
              <param name="X" type="float"/>
              <param name="Y" type="float"/>
              <param name="Z" type="float"/>
            </accessor>
          </technique_common>
        </source>
        <source id="polySurfaceShape385-polySurfaceShape385-map1" name="polySurfaceShape385-polySurfaceShape385-map1">
          <float_array id="polySurfaceShape385-polySurfaceShape385-map1-array" count="178">0.236989 0.950901 0.214279 0.950901 0.214279 0.927769 0.236989 0.927769 0.311152 0.950901 0.287143 0.950901 0.287143 0.927769 0.311152 0.927769 0.389136 0.950901 0.361769 0.950901 0.361769 0.927769 0.389136 0.927769 0.166356 0.950901 0.141033 0.950901 0.141033 0.927769 0.166356 0.927769 0.116364 0.950901 0.116364 0.927769 0.066487 0.950901 0.038758 0.950901 0.038758 0.927769 0.066487 0.927769 0.41547 0.950901 0.41547 0.927769 0.013893 0.950901 0.013893 0.927769 0.090647 0.950901 0.090647 0.927769 0.337544 0.950901 0.337544 0.927769 0.191394 0.950901 0.191394 0.927769 0.013893 0.973642 0.038758 0.973642 0.261889 0.950901 0.261889 0.927769 0.418458 0.953086 0.418459 0.930591 0.549352 0.930633 0.549351 0.953129 0.236989 0.960312 0.214279 0.960312 0.311152 0.960312 0.287143 0.960312 0.389136 0.960312 0.361769 0.960312 0.166356 0.960312 0.141033 0.960312 0.41547 0.960312 0.090647 0.960312 0.066487 0.960312 0.337544 0.960312 0.116364 0.960312 0.191394 0.960312 0.261889 0.960312 0.261889 0.973642 0.038758 0.960312 0.013893 0.960312 0.236989 0.967707 0.214279 0.967707 0.311152 0.967707 0.287143 0.967707 0.389136 0.967707 0.361769 0.967707 0.166356 0.967707 0.141033 0.967707 0.41547 0.967707 0.090647 0.967707 0.066487 0.967707 0.337544 0.967707 0.116364 0.967707 0.191394 0.967707 0.261889 0.967707 0.191394 0.973642 0.038758 0.967707 0.013893 0.967707 0.236989 0.973642 0.214279 0.973642 0.311152 0.973642 0.287143 0.973642 0.389136 0.973642 0.361769 0.973642 0.166356 0.973642 0.141033 0.973642 0.41547 0.973642 0.090647 0.973642 0.066487 0.973642 0.337544 0.973642 0.116364 0.973642</float_array>
          <technique_common>
            <accessor source="#polySurfaceShape385-polySurfaceShape385-map1-array" count="89" stride="2">
              <param name="S" type="float"/>
              <param name="T" type="float"/>
            </accessor>
          </technique_common>
        </source>
        <vertices id="polySurfaceShape385-vertices" name="polySurfaceShape385-vertices">
          <input semantic="POSITION" source="#polySurfaceShape385-positions"/>
        </vertices>
        <triangles material="lambert8SG" count="130">
          <input semantic="VERTEX" source="#polySurfaceShape385-vertices" offset="0"/>
          <input semantic="NORMAL" source="#polySurfaceShape385-normals" offset="1"/>
          <input semantic="TEXCOORD" source="#polySurfaceShape385-polySurfaceShape385-map1" offset="2" set="0"/>
          <p>13 0 0 32 1 1 16 2 3 16 3 3 32 4 1 15 5 2 9 6 4 0 7 5 18 8 7 18 9 7 0 10 5 17 11 6 5 12 8 1 13 9 20 14 11 20 15 11 1 16 9 19 17 10 11 18 12 2 19 13 22 20 15 22 21 15 2 22 13 21 23 14 2 24 13 10 25 16 21 26 14 21 27 14 10 28 16 23 29 17 3 30 18 6 31 19 24 32 21 24 33 21 6 34 19 25 35 20 33 36 22 5 37 8 26 38 23 26 39 23 5 40 8 20 41 11 6 42 19 4 43 24 25 44 20 25 45 20 4 46 24 27 47 25 7 48 26 3 49 18 28 50 27 28 51 27 3 52 18 24 53 21 1 54 9 8 55 28 19 56 10 19 57 10 8 58 28 29 59 29 8 60 28 9 61 4 29 62 29 29 63 29 9 64 4 18 65 7 10 66 16 7 67 26 23 68 17 23 69 17 7 70 26 28 71 27 12 72 30 11 73 12 30 74 31 30 75 31 11 76 12 22 77 15 32 78 1 12 79 30 15 80 2 15 81 2 12 82 30 30 83 31 14 84 34 13 85 0 31 86 35 31 87 35 13 88 0 16 89 3 0 90 5 14 91 34 17 92 6 17 93 6 14 94 34 31 95 35 33 96 36 26 97 37 4 98 39 4 99 39 26 100 37 27 101 38 32 102 1 13 103 0 34 104 41 34 105 41 13 106 0 35 107 40 0 108 5 9 109 4 36 110 43 36 111 43 9 112 4 37 113 42 1 114 9 5 115 8 38 116 45 38 117 45 5 118 8 39 119 44 11 120 12 41 121 46 2 122 13 2 123 13 41 124 46 40 125 47 33 126 22 42 127 48 5 128 8 5 129 8 42 130 48 39 131 44 7 132 26 43 133 49 3 134 18 3 135 18 43 136 49 44 137 50 8 138 28 1 139 9 45 140 51 45 141 51 1 142 9 38 143 45 9 144 4 8 145 28 37 146 42 37 147 42 8 148 28 45 149 51 10 150 16 46 151 52 7 152 26 7 153 26 46 154 52 43 155 49 12 156 30 47 157 53 11 158 12 11 159 12 47 160 53 41 161 46 13 162 0 14 163 34 35 164 40 35 165 40 14 166 34 48 167 54 14 168 34 0 169 5 48 170 54 48 171 54 0 172 5 36 173 43 32 174 1 34 175 41 12 176 30 12 177 30 34 178 41 47 179 53 2 180 13 40 181 47 10 182 16 10 183 16 40 184 47 46 185 52 3 186 18 44 187 50 6 188 19 6 189 19 44 190 50 49 191 56 4 192 24 6 193 19 50 194 57 50 195 57 6 196 19 49 197 56 35 198 40 52 199 58 34 200 41 34 201 41 52 202 58 51 203 59 37 204 42 54 205 60 36 206 43 36 207 43 54 208 60 53 209 61 39 210 44 56 211 62 38 212 45 38 213 45 56 214 62 55 215 63 40 216 47 41 217 46 57 218 65 57 219 65 41 220 46 58 221 64 42 222 48 59 223 66 39 224 44 39 225 44 59 226 66 56 227 62 44 228 50 43 229 49 61 230 68 61 231 68 43 232 49 60 233 67 38 234 45 55 235 63 45 236 51 45 237 51 55 238 63 62 239 69 45 240 51 62 241 69 37 242 42 37 243 42 62 244 69 54 245 60 43 246 49 46 247 52 60 248 67 60 249 67 46 250 52 63 251 70 47 252 53 64 253 71 41 254 46 41 255 46 64 256 71 58 257 64 35 258 40 48 259 54 52 260 58 52 261 58 48 262 54 65 263 72 36 264 43 53 265 61 48 266 54 48 267 54 53 268 61 65 269 72 47 270 53 34 271 41 64 272 71 64 273 71 34 274 41 51 275 59 46 276 52 40 277 47 63 278 70 63 279 70 40 280 47 57 281 65 49 282 56 44 283 50 66 284 74 66 285 74 44 286 50 61 287 68 50 288 57 49 289 56 67 290 75 67 291 75 49 292 56 66 293 74 51 294 59 52 295 58 68 296 77 68 297 77 52 298 58 69 299 76 53 300 61 54 301 60 70 302 79 70 303 79 54 304 60 71 305 78 55 306 63 56 307 62 72 308 81 72 309 81 56 310 62 73 311 80 57 312 65 58 313 64 74 314 83 74 315 83 58 316 64 75 317 82 56 318 62 59 319 66 73 320 80 73 321 80 59 322 66 76 323 84 61 324 68 60 325 67 78 326 86 78 327 86 60 328 67 77 329 85 62 330 69 55 331 63 79 332 87 79 333 87 55 334 63 72 335 81 54 336 60 62 337 69 71 338 78 71 339 78 62 340 69 79 341 87 60 342 67 63 343 70 77 344 85 77 345 85 63 346 70 80 347 88 58 348 64 64 349 71 75 350 82 75 351 82 64 352 71 81 353 73 52 354 58 65 355 72 69 356 76 69 357 76 65 358 72 82 359 55 65 360 72 53 361 61 82 362 55 82 363 55 53 364 61 70 365 79 64 366 71 51 367 59 81 368 73 81 369 73 51 370 59 68 371 77 63 372 70 57 373 65 80 374 88 80 375 88 57 376 65 74 377 83 66 378 74 61 379 68 83 380 33 83 381 33 61 382 68 78 383 86 67 384 75 66 385 74 84 386 32 84 387 32 66 388 74 83 389 33</p>
        </triangles>
      </mesh>
      <extra>
        <technique profile="OpenCOLLADAMaya">
          <originalMayaNodeId>polySurfaceShape385</originalMayaNodeId>
          <double_sided>1</double_sided>
        </technique>
      </extra>
    </geometry>
    <geometry id="polySurfaceShape386" name="polySurfaceShape386">
      <mesh>
        <source id="polySurfaceShape386-positions" name="polySurfaceShape386-positions">
          <float_array id="polySurfaceShape386-positions-array" count="255">-1.270814 2.25575 4 -1.79611 0.998 4 1.270818 2.25575 4 1.796112 0.998 4 1.500001 0 4 -1.708656 0.468017 4 1.707234 0.468017 4 1.735968 1.450085 4 -1.735966 1.450085 4 -1.555477 1.896056 4 1.55548 1.896056 4 0.898057 2.553478 4 0.44903 2.729706 4 -0.449027 2.729706 4 -0.898053 2.553478 4 10e-7 2.794111 4.258083 -0.449027 2.729706 4.258083 -1.270814 2.25575 4.258083 -1.555477 1.896056 4.258083 -1.79611 0.998 4.258083 -1.708656 0.468017 4.258083 1.270818 2.25575 4.258083 0.898057 2.553478 4.258083 1.55548 1.896056 4.258083 1.796112 0.998 4.258083 1.707234 0.468017 4.258083 -1.50275 0 4.258083 1.500001 0 4.258083 1.735968 1.450085 4.258083 -1.735966 1.450085 4.258083 0.44903 2.729706 4.258083 -0.898053 2.553478 4.258083 10e-7 2.794111 4 -1.50275 0 4 10e-7 2.863964 3.930291 -0.47148 2.796338 3.930291 -1.334355 2.298685 3.930291 -1.633252 1.921006 3.930291 -1.885916 0.978048 3.930291 -1.794089 0.421565 3.930291 1.334358 2.298685 3.930291 0.942959 2.611299 3.930291 -1.577888 0 3.930291 1.822766 1.452737 3.930291 1.885917 0.978048 3.930291 -1.822765 1.452737 3.930291 1.633253 1.921006 3.930291 0.471481 2.796338 3.930291 -0.942957 2.611299 3.930291 1.792595 0.421565 3.930291 1.575 0 3.930291 10e-7 2.961143 3.930291 -0.495054 2.890135 3.930291 -1.401074 2.3676 3.930291 -1.714915 1.971036 3.930291 -1.980212 0.98093 3.930291 -1.883794 0.396623 3.930291 1.401075 2.3676 3.930291 0.990106 2.695844 3.930291 -1.656783 0 3.930291 1.913904 1.479354 3.930291 1.980212 0.98093 3.930291 -1.913904 1.479354 3.930291 1.714915 1.971036 3.930291 0.495054 2.890135 3.930291 -0.990105 2.695844 3.930291 1.882224 0.396623 3.930291 1.653749 0 3.930291 10e-7 2.961143 4 -0.495054 2.890135 4 -1.401074 2.3676 4 -1.714915 1.971036 4 -1.980212 0.98093 4 -1.883794 0.396623 4 1.401075 2.3676 4 0.990106 2.695844 4 -1.656783 0 4 1.913904 1.479354 4 1.980212 0.98093 4 -1.913904 1.479354 4 1.714915 1.971036 4 0.495054 2.890135 4 -0.990105 2.695844 4 1.882224 0.396623 4 1.653749 0 4</float_array>
          <technique_common>
            <accessor source="#polySurfaceShape386-positions-array" count="85" stride="3">
              <param name="X" type="float"/>
              <param name="Y" type="float"/>
              <param name="Z" type="float"/>
            </accessor>
          </technique_common>
        </source>
        <source id="polySurfaceShape386-normals" name="polySurfaceShape386-normals">
          <float_array id="polySurfaceShape386-normals-array" count="1170">0.1419809 -0.9898694 0 0.1419809 -0.9898694 0 0.1419809 -0.9898694 0 0.1419809 -0.9898694 0 0.1419809 -0.9898694 0 0.1419809 -0.9898694 0 0.7841462 -0.6205761 0 0.7841462 -0.6205761 0 0.7841462 -0.6205761 0 0.7841462 -0.6205761 0 0.7841462 -0.6205761 0 0.7841462 -0.6205761 0 0.9866575 0.1628101 0 0.9866575 0.1628101 0 0.9866575 0.1628101 0 0.9866575 0.1628101 0 0.9866575 0.1628101 0 0.9866575 0.1628101 0 -0.6240798 -0.7813607 0 -0.6240798 -0.7813607 0 -0.6240798 -0.7813607 0 -0.6240798 -0.7813607 0 -0.6240798 -0.7813607 0 -0.6240798 -0.7813607 0 -0.784148 -0.620574 0 -0.784148 -0.620574 0 -0.784148 -0.620574 0 -0.784148 -0.620574 0 -0.784148 -0.620574 0 -0.784148 -0.620574 0 -0.9862281 0.165391 0 -0.9862281 0.165391 0 -0.9862281 0.165391 0 -0.9862281 0.165391 0 -0.9862281 0.165391 0 -0.9862281 0.165391 0 0.9153302 0.4027041 0 0.9153302 0.4027041 0 0.9153302 0.4027041 0 0.9153302 0.4027041 0 0.9153302 0.4027041 0 0.9153302 0.4027041 0 -0.9143726 0.4048738 0 -0.9143726 0.4048738 0 -0.9143726 0.4048738 0 -0.9143726 0.4048738 0 -0.9143726 0.4048738 0 -0.9143726 0.4048738 0 -0.9912664 -0.131875 0 -0.9912664 -0.131875 0 -0.9912664 -0.131875 0 -0.9912664 -0.131875 0 -0.9912664 -0.131875 0 -0.9912664 -0.131875 0 0.9912664 -0.131875 0 0.9912664 -0.131875 0 0.9912664 -0.131875 0 0.9912664 -0.131875 0 0.9912664 -0.131875 0 0.9912664 -0.131875 0 0.9269637 -0.3751509 0 0.9269637 -0.3751509 0 0.9269637 -0.3751509 0 0.9269637 -0.3751509 0 0.9269637 -0.3751509 0 0.9269637 -0.3751509 0 -0.9269637 -0.3751509 0 -0.9269637 -0.3751509 0 -0.9269637 -0.3751509 0 -0.9269637 -0.3751509 0 -0.9269637 -0.3751509 0 -0.9269637 -0.3751509 0 -0.3653359 -0.9308758 0 -0.3653359 -0.9308758 0 -0.3653359 -0.9308758 0 -0.3653359 -0.9308758 0 -0.3653359 -0.9308758 0 -0.3653359 -0.9308758 0 -0.1419811 -0.9898695 0 -0.1419811 -0.9898695 0 -0.1419811 -0.9898695 0 -0.1419811 -0.9898695 0 -0.1419811 -0.9898695 0 -0.1419811 -0.9898695 0 0.3653371 -0.9308754 0 0.3653371 -0.9308754 0 0.3653371 -0.9308754 0 0.3653371 -0.9308754 0 0.3653371 -0.9308754 0 0.3653371 -0.9308754 0 0.6240798 -0.7813607 0 0.6240798 -0.7813607 0 0.6240798 -0.7813607 0 0.6240798 -0.7813607 0 0.6240798 -0.7813607 0 0.6240798 -0.7813607 0 0 1 0 0 1 0 0 1 0 0 1 0 0 1 0 0 1 0 0 -0.706381 -0.7078319 0.1796889 -0.6815647 -0.7093528 0 -0.706381 -0.7078319 0 -0.706381 -0.7078319 0.1796889 -0.6815647 -0.7093528 0.1796889 -0.6815647 -0.7093528 0.4807909 -0.4799219 -0.7338359 0.5680771 -0.3325111 -0.7528112 0.4807909 -0.4799219 -0.7338359 0.4807909 -0.4799219 -0.7338359 0.5680771 -0.3325111 -0.7528112 0.5680771 -0.3325111 -0.7528112 0.6120688 0.007837997 -0.7907657 0.5922491 0.18834 -0.7834342 0.6120688 0.007837997 -0.7907657 0.6120688 0.007837997 -0.7907657 0.5922491 0.18834 -0.7834342 0.5922491 0.18834 -0.7834342 -0.3457751 -0.6006112 -0.7209063 -0.3457751 -0.6006112 -0.7209063 -0.4807938 -0.4799238 -0.7338328 -0.4807938 -0.4799238 -0.7338328 -0.3457751 -0.6006112 -0.7209063 -0.4807938 -0.4799238 -0.7338328 0.5831359 0.2766989 -0.7637998 0.5831359 0.2766989 -0.7637998 0.5922491 0.18834 -0.7834342 0.5922491 0.18834 -0.7834342 0.5831359 0.2766989 -0.7637998 0.5922491 0.18834 -0.7834342 -0.6146619 -0.163918 -0.7715709 -0.6146619 -0.163918 -0.7715709 -0.6119621 0.008618001 -0.7908401 -0.6119621 0.008618001 -0.7908401 -0.6146619 -0.163918 -0.7715709 -0.6119621 0.008618001 -0.7908401 0.6146559 -0.163917 -0.7715759 0.6120688 0.007837997 -0.7907657 0.6146559 -0.163917 -0.7715759 0.6146559 -0.163917 -0.7715759 0.6120688 0.007837997 -0.7907657 0.6120688 0.007837997 -0.7907657 0.5680771 -0.3325111 -0.7528112 0.6146559 -0.163917 -0.7715759 0.5680771 -0.3325111 -0.7528112 0.5680771 -0.3325111 -0.7528112 0.6146559 -0.163917 -0.7715759 0.6146559 -0.163917 -0.7715759 -0.5680812 -0.3325131 -0.7528073 -0.5680812 -0.3325131 -0.7528073 -0.6146619 -0.163918 -0.7715709 -0.6146619 -0.163918 -0.7715709 -0.5680812 -0.3325131 -0.7528073 -0.6146619 -0.163918 -0.7715709 -0.1796899 -0.6815657 -0.7093517 -0.1796899 -0.6815657 -0.7093517 -0.3457751 -0.6006112 -0.7209063 -0.3457751 -0.6006112 -0.7209063 -0.1796899 -0.6815657 -0.7093517 -0.3457751 -0.6006112 -0.7209063 0.1796889 -0.6815647 -0.7093528 0.3457739 -0.6006089 -0.7209088 0.1796889 -0.6815647 -0.7093528 0.1796889 -0.6815647 -0.7093528 0.3457739 -0.6006089 -0.7209088 0.3457739 -0.6006089 -0.7209088 0.3457739 -0.6006089 -0.7209088 0.4807909 -0.4799219 -0.7338359 0.3457739 -0.6006089 -0.7209088 0.3457739 -0.6006089 -0.7209088 0.4807909 -0.4799219 -0.7338359 0.4807909 -0.4799219 -0.7338359 0 -0.706381 -0.7078319 0 -0.706381 -0.7078319 -0.1796899 -0.6815657 -0.7093517 -0.1796899 -0.6815657 -0.7093517 0 -0.706381 -0.7078319 -0.1796899 -0.6815657 -0.7093517 -0.4807938 -0.4799238 -0.7338328 -0.4807938 -0.4799238 -0.7338328 -0.5680812 -0.3325131 -0.7528073 -0.5680812 -0.3325131 -0.7528073 -0.4807938 -0.4799238 -0.7338328 -0.5680812 -0.3325131 -0.7528073 -0.6119621 0.008618001 -0.7908401 -0.6119621 0.008618001 -0.7908401 -0.5920199 0.189978 -0.7832119 -0.5920199 0.189978 -0.7832119 -0.6119621 0.008618001 -0.7908401 -0.5920199 0.189978 -0.7832119 -0.5829751 0.2784061 -0.7633022 -0.5920199 0.189978 -0.7832119 -0.5829751 0.2784061 -0.7633022 -0.5829751 0.2784061 -0.7633022 -0.5920199 0.189978 -0.7832119 -0.5920199 0.189978 -0.7832119 0 0 -1 0 0 -1 0 0 -1 0 0 -1 0 0 -1 0 0 -1 0 0 -1 0 0 -1 0 0 -1 0 0 -1 0 0 -1 0 0 -1 0 0 -1 0 0 -1 0 0 -1 0 0 -1 0 0 -1 0 0 -1 0 0 -1 0 0 -1 0 0 -1 0 0 -1 0 0 -1 0 0 -1 0 0 -1 0 0 -1 0 0 -1 0 0 -1 0 0 -1 0 0 -1 0 0 -1 0 0 -1 0 0 -1 0 0 -1 0 0 -1 0 0 -1 0 0 -1 0 0 -1 0 0 -1 0 0 -1 0 0 -1 0 0 -1 0 0 -1 0 0 -1 0 0 -1 0 0 -1 0 0 -1 0 0 -1 0 0 -1 0 0 -1 0 0 -1 0 0 -1 0 0 -1 0 0 -1 0 0 -1 0 0 -1 0 0 -1 0 0 -1 0 0 -1 0 0 -1 0 0 -1 0 0 -1 0 0 -1 0 0 -1 0 0 -1 0 0 -1 0 0 -1 0 0 -1 0 0 -1 0 0 -1 0 0 -1 0 0 -1 0 0 -1 0 0 -1 0 0 -1 0 0 -1 0 0 -1 0 0 -1 0 0 -1 0 0 -1 0 0 -1 0 0 -1 0 0 -1 0 0 -1 0 0 -1 0 0 -1 0 0 -1 0 0 -1 0 0 -1 0 0 -1 0 0 -1 0 0 -1 0 0 -1 0 0 -1 0 0 -1 0 0 -1 0 1 0 -0.255368 0.966844 0 0 1 0 0 1 0 -0.255368 0.966844 0 -0.255368 0.966844 0 -0.708688 0.705522 0 -0.8643104 0.5029587 0 -0.708688 0.705522 0 -0.708688 0.705522 0 -0.8643104 0.5029587 0 -0.8643104 0.5029587 0 -0.9998778 -0.015639 0 -0.9421886 -0.3350829 0 -0.9998778 -0.015639 0 -0.9998778 -0.015639 0 -0.9421886 -0.3350829 0 -0.9421886 -0.3350829 0 0.708689 0.705521 0 0.5003241 0.8658382 0 0.708689 0.705521 0 0.708689 0.705521 0 0.5003241 0.8658382 0 0.5003241 0.8658382 0 -0.9421886 -0.3350829 0 -0.8678949 -0.4967479 0 -0.9421886 -0.3350829 0 -0.9421886 -0.3350829 0 -0.8678949 -0.4967479 0 -0.8678949 -0.4967479 0 0.9998565 -0.01694601 0 0.9667972 0.255545 0 0.9998565 -0.01694601 0 0.9998565 -0.01694601 0 0.9667972 0.255545 0 0.9667972 0.255545 0 -0.9667972 0.255545 0 -0.9998778 -0.015639 0 -0.9667972 0.255545 0 -0.9667972 0.255545 0 -0.9998778 -0.015639 0 -0.9998778 -0.015639 0 -0.8643104 0.5029587 0 -0.9667972 0.255545 0 -0.8643104 0.5029587 0 -0.8643104 0.5029587 0 -0.9667972 0.255545 0 -0.9667972 0.255545 0 0.9667972 0.255545 0 0.8643109 0.5029579 0 0.9667972 0.255545 0 0.9667972 0.255545 0 0.8643109 0.5029579 0 0.8643109 0.5029579 0 0.5003241 0.8658382 0 0.255368 0.966844 0 0.5003241 0.8658382 0 0.5003241 0.8658382 0 0.255368 0.966844 0 0.255368 0.966844 0 -0.255368 0.966844 0 -0.5003241 0.8658382 0 -0.255368 0.966844 0 -0.255368 0.966844 0 -0.5003241 0.8658382 0 -0.5003241 0.8658382 0 -0.5003241 0.8658382 0 -0.708688 0.705522 0 -0.5003241 0.8658382 0 -0.5003241 0.8658382 0 -0.708688 0.705522 0 -0.708688 0.705522 0 0.255368 0.966844 0 0 1 0 0.255368 0.966844 0 0.255368 0.966844 0 0 1 0 0 1 0 0.8643109 0.5029579 0 0.708689 0.705521 0 0.8643109 0.5029579 0 0.8643109 0.5029579 0 0.708689 0.705521 0 0.708689 0.705521 0 0.9412822 -0.3376211 0 0.9998565 -0.01694601 0 0.9412822 -0.3376211 0 0.9412822 -0.3376211 0 0.9998565 -0.01694601 0 0.9998565 -0.01694601 0 0.8665128 -0.4991549 0 0.9412822 -0.3376211 0 0.8665128 -0.4991549 0 0.8665128 -0.4991549 0 0.9412822 -0.3376211 0 0.9412822 -0.3376211 0</float_array>
          <technique_common>
            <accessor source="#polySurfaceShape386-normals-array" count="390" stride="3">
              <param name="X" type="float"/>
              <param name="Y" type="float"/>
              <param name="Z" type="float"/>
            </accessor>
          </technique_common>
        </source>
        <source id="polySurfaceShape386-polySurfaceShape386-map1" name="polySurfaceShape386-polySurfaceShape386-map1">
          <float_array id="polySurfaceShape386-polySurfaceShape386-map1-array" count="178">0.236989 0.950901 0.214279 0.950901 0.214279 0.927769 0.236989 0.927769 0.311152 0.950901 0.287143 0.950901 0.287143 0.927769 0.311152 0.927769 0.389136 0.950901 0.361769 0.950901 0.361769 0.927769 0.389136 0.927769 0.166356 0.950901 0.141033 0.950901 0.141033 0.927769 0.166356 0.927769 0.116364 0.950901 0.116364 0.927769 0.066487 0.950901 0.038758 0.950901 0.038758 0.927769 0.066487 0.927769 0.41547 0.950901 0.41547 0.927769 0.013893 0.950901 0.013893 0.927769 0.090647 0.950901 0.090647 0.927769 0.337544 0.950901 0.337544 0.927769 0.191394 0.950901 0.191394 0.927769 0.013893 0.973642 0.038758 0.973642 0.261889 0.950901 0.261889 0.927769 0.418458 0.953086 0.418459 0.930591 0.549352 0.930633 0.549351 0.953129 0.236989 0.960312 0.214279 0.960312 0.311152 0.960312 0.287143 0.960312 0.389136 0.960312 0.361769 0.960312 0.166356 0.960312 0.141033 0.960312 0.41547 0.960312 0.090647 0.960312 0.066487 0.960312 0.337544 0.960312 0.116364 0.960312 0.191394 0.960312 0.261889 0.960312 0.261889 0.973642 0.038758 0.960312 0.013893 0.960312 0.236989 0.967707 0.214279 0.967707 0.311152 0.967707 0.287143 0.967707 0.389136 0.967707 0.361769 0.967707 0.166356 0.967707 0.141033 0.967707 0.41547 0.967707 0.090647 0.967707 0.066487 0.967707 0.337544 0.967707 0.116364 0.967707 0.191394 0.967707 0.261889 0.967707 0.191394 0.973642 0.038758 0.967707 0.013893 0.967707 0.236989 0.973642 0.214279 0.973642 0.311152 0.973642 0.287143 0.973642 0.389136 0.973642 0.361769 0.973642 0.166356 0.973642 0.141033 0.973642 0.41547 0.973642 0.090647 0.973642 0.066487 0.973642 0.337544 0.973642 0.116364 0.973642</float_array>
          <technique_common>
            <accessor source="#polySurfaceShape386-polySurfaceShape386-map1-array" count="89" stride="2">
              <param name="S" type="float"/>
              <param name="T" type="float"/>
            </accessor>
          </technique_common>
        </source>
        <vertices id="polySurfaceShape386-vertices" name="polySurfaceShape386-vertices">
          <input semantic="POSITION" source="#polySurfaceShape386-positions"/>
        </vertices>
        <triangles material="lambert8SG" count="130">
          <input semantic="VERTEX" source="#polySurfaceShape386-vertices" offset="0"/>
          <input semantic="NORMAL" source="#polySurfaceShape386-normals" offset="1"/>
          <input semantic="TEXCOORD" source="#polySurfaceShape386-polySurfaceShape386-map1" offset="2" set="0"/>
          <p>13 0 0 32 1 1 16 2 3 16 3 3 32 4 1 15 5 2 9 6 4 0 7 5 18 8 7 18 9 7 0 10 5 17 11 6 5 12 8 1 13 9 20 14 11 20 15 11 1 16 9 19 17 10 11 18 12 2 19 13 22 20 15 22 21 15 2 22 13 21 23 14 2 24 13 10 25 16 21 26 14 21 27 14 10 28 16 23 29 17 3 30 18 6 31 19 24 32 21 24 33 21 6 34 19 25 35 20 33 36 22 5 37 8 26 38 23 26 39 23 5 40 8 20 41 11 6 42 19 4 43 24 25 44 20 25 45 20 4 46 24 27 47 25 7 48 26 3 49 18 28 50 27 28 51 27 3 52 18 24 53 21 1 54 9 8 55 28 19 56 10 19 57 10 8 58 28 29 59 29 8 60 28 9 61 4 29 62 29 29 63 29 9 64 4 18 65 7 10 66 16 7 67 26 23 68 17 23 69 17 7 70 26 28 71 27 12 72 30 11 73 12 30 74 31 30 75 31 11 76 12 22 77 15 32 78 1 12 79 30 15 80 2 15 81 2 12 82 30 30 83 31 14 84 34 13 85 0 31 86 35 31 87 35 13 88 0 16 89 3 0 90 5 14 91 34 17 92 6 17 93 6 14 94 34 31 95 35 33 96 36 26 97 37 4 98 39 4 99 39 26 100 37 27 101 38 32 102 1 13 103 0 34 104 41 34 105 41 13 106 0 35 107 40 0 108 5 9 109 4 36 110 43 36 111 43 9 112 4 37 113 42 1 114 9 5 115 8 38 116 45 38 117 45 5 118 8 39 119 44 11 120 12 41 121 46 2 122 13 2 123 13 41 124 46 40 125 47 33 126 22 42 127 48 5 128 8 5 129 8 42 130 48 39 131 44 7 132 26 43 133 49 3 134 18 3 135 18 43 136 49 44 137 50 8 138 28 1 139 9 45 140 51 45 141 51 1 142 9 38 143 45 9 144 4 8 145 28 37 146 42 37 147 42 8 148 28 45 149 51 10 150 16 46 151 52 7 152 26 7 153 26 46 154 52 43 155 49 12 156 30 47 157 53 11 158 12 11 159 12 47 160 53 41 161 46 13 162 0 14 163 34 35 164 40 35 165 40 14 166 34 48 167 54 14 168 34 0 169 5 48 170 54 48 171 54 0 172 5 36 173 43 32 174 1 34 175 41 12 176 30 12 177 30 34 178 41 47 179 53 2 180 13 40 181 47 10 182 16 10 183 16 40 184 47 46 185 52 3 186 18 44 187 50 6 188 19 6 189 19 44 190 50 49 191 56 4 192 24 6 193 19 50 194 57 50 195 57 6 196 19 49 197 56 35 198 40 52 199 58 34 200 41 34 201 41 52 202 58 51 203 59 37 204 42 54 205 60 36 206 43 36 207 43 54 208 60 53 209 61 39 210 44 56 211 62 38 212 45 38 213 45 56 214 62 55 215 63 40 216 47 41 217 46 57 218 65 57 219 65 41 220 46 58 221 64 42 222 48 59 223 66 39 224 44 39 225 44 59 226 66 56 227 62 44 228 50 43 229 49 61 230 68 61 231 68 43 232 49 60 233 67 38 234 45 55 235 63 45 236 51 45 237 51 55 238 63 62 239 69 45 240 51 62 241 69 37 242 42 37 243 42 62 244 69 54 245 60 43 246 49 46 247 52 60 248 67 60 249 67 46 250 52 63 251 70 47 252 53 64 253 71 41 254 46 41 255 46 64 256 71 58 257 64 35 258 40 48 259 54 52 260 58 52 261 58 48 262 54 65 263 72 36 264 43 53 265 61 48 266 54 48 267 54 53 268 61 65 269 72 47 270 53 34 271 41 64 272 71 64 273 71 34 274 41 51 275 59 46 276 52 40 277 47 63 278 70 63 279 70 40 280 47 57 281 65 49 282 56 44 283 50 66 284 74 66 285 74 44 286 50 61 287 68 50 288 57 49 289 56 67 290 75 67 291 75 49 292 56 66 293 74 51 294 59 52 295 58 68 296 77 68 297 77 52 298 58 69 299 76 53 300 61 54 301 60 70 302 79 70 303 79 54 304 60 71 305 78 55 306 63 56 307 62 72 308 81 72 309 81 56 310 62 73 311 80 57 312 65 58 313 64 74 314 83 74 315 83 58 316 64 75 317 82 56 318 62 59 319 66 73 320 80 73 321 80 59 322 66 76 323 84 61 324 68 60 325 67 78 326 86 78 327 86 60 328 67 77 329 85 62 330 69 55 331 63 79 332 87 79 333 87 55 334 63 72 335 81 54 336 60 62 337 69 71 338 78 71 339 78 62 340 69 79 341 87 60 342 67 63 343 70 77 344 85 77 345 85 63 346 70 80 347 88 58 348 64 64 349 71 75 350 82 75 351 82 64 352 71 81 353 73 52 354 58 65 355 72 69 356 76 69 357 76 65 358 72 82 359 55 65 360 72 53 361 61 82 362 55 82 363 55 53 364 61 70 365 79 64 366 71 51 367 59 81 368 73 81 369 73 51 370 59 68 371 77 63 372 70 57 373 65 80 374 88 80 375 88 57 376 65 74 377 83 66 378 74 61 379 68 83 380 33 83 381 33 61 382 68 78 383 86 67 384 75 66 385 74 84 386 32 84 387 32 66 388 74 83 389 33</p>
        </triangles>
      </mesh>
      <extra>
        <technique profile="OpenCOLLADAMaya">
          <originalMayaNodeId>polySurfaceShape386</originalMayaNodeId>
          <double_sided>1</double_sided>
        </technique>
      </extra>
    </geometry>
    <geometry id="pPipeShape69" name="pPipeShape69">
      <mesh>
        <source id="pPipeShape69-positions" name="pPipeShape69-positions">
          <float_array id="pPipeShape69-positions-array" count="1296">4.258083 2.669086 0 4.258081 2.612214 0.43199 4.258081 2.445471 0.834544 4.258083 2.180222 1.180222 4.258081 1.834543 1.445471 4.258081 1.431992 1.612212 4.258081 1 1.669087 4.258083 0.568008 1.612212 4.258083 0.165457 1.445471 4.258081 -0.180222 1.180222 4.258083 -0.445471 0.834544 4.258081 -0.612214 0.43199 4.258081 -0.669086 0 4.258081 -0.612214 -0.43199 4.258083 -0.445471 -0.834544 4.258081 -0.180222 -1.180222 4.258083 0.165457 -1.445471 4.258083 0.568008 -1.612212 4.258081 1 -1.669087 4.258081 1.431992 -1.612212 4.258081 1.834543 -1.445471 4.258083 2.180222 -1.180222 4.258081 2.445471 -0.834544 4.258081 2.612214 -0.43199 4.258081 2.810549 0 4.258083 2.748857 0.468603 4.258081 2.567982 0.905273 4.258081 2.280251 1.280254 4.258081 1.905275 1.567981 4.258083 1.468605 1.748857 4.258081 1 1.810552 4.258083 0.531395 1.748857 4.258081 0.094725 1.567981 4.258083 -0.280252 1.280254 4.258081 -0.567982 0.905273 4.258083 -0.748857 0.468603 4.258081 -0.81055 0 4.258083 -0.748857 -0.468603 4.258081 -0.567982 -0.905273 4.258083 -0.280252 -1.280254 4.258081 0.094725 -1.567981 4.258083 0.531395 -1.748857 4.258081 1 -1.810552 4.258083 1.468605 -1.748857 4.258081 1.905275 -1.567981 4.258081 2.280251 -1.280254 4.258081 2.567982 -0.905273 4.258083 2.748857 -0.468603 4.200972 0.550297 -1.678313 4.200972 1 -1.73752 4.200972 1.449703 -1.678313 4.200972 1.868759 -1.504736 4.200974 2.228611 -1.228611 4.200972 2.504735 -0.868757 4.200972 2.678314 -0.449705 4.200972 2.737518 0 4.200972 2.678314 0.449705 4.200972 2.504735 0.868757 4.200974 2.228611 1.228611 4.200972 1.868759 1.504736 4.200972 1.449703 1.678313 4.200972 1 1.73752 4.200972 0.550297 1.678313 4.200972 0.131241 1.504736 4.200972 -0.228611 1.228611 4.200972 -0.504735 0.868757 4.200974 -0.678314 0.449705 4.200972 -0.737518 0 4.200974 -0.678314 -0.449705 4.200972 -0.504735 -0.868757 4.200972 -0.228611 -1.228611 4.200972 0.131241 -1.504736 4.200972 2.688383 0 4.220271 2.669086 0 4.200972 2.630853 0.436987 4.220269 2.612214 0.43199 4.200972 2.462182 0.844192 4.220269 2.445471 0.834544 4.200972 2.193867 1.193867 4.220271 2.180222 1.180222 4.200972 1.844191 1.462183 4.220269 1.834543 1.445471 4.200972 1.436985 1.630852 4.220269 1.431992 1.612212 4.200972 1 1.688381 4.220269 1 1.669087 4.200972 0.563015 1.630852 4.220271 0.568008 1.612212 4.200972 0.155809 1.462183 4.220271 0.165457 1.445471 4.200972 -0.193867 1.193867 4.220269 -0.180222 1.180222 4.200974 -0.462182 0.844192 4.220271 -0.445471 0.834544 4.200972 -0.630853 0.436987 4.220269 -0.612214 0.43199 4.200972 -0.688383 0 4.220269 -0.669086 0 4.200972 -0.630853 -0.436987 4.220269 -0.612214 -0.43199 4.200974 -0.462182 -0.844192 4.220271 -0.445471 -0.834544 4.200972 -0.193867 -1.193867 4.220269 -0.180222 -1.180222 4.200972 0.155809 -1.462183 4.220271 0.165457 -1.445471 4.200972 0.563015 -1.630852 4.220271 0.568008 -1.612212 4.200972 1 -1.688381 4.220269 1 -1.669087 4.200972 1.436985 -1.630852 4.220269 1.431992 -1.612212 4.200972 1.844191 -1.462183 4.220269 1.834543 -1.445471 4.200972 2.193867 -1.193867 4.220271 2.180222 -1.180222 4.200972 2.462182 -0.844192 4.220269 2.445471 -0.834544 4.200972 2.630853 -0.436987 4.220269 2.612214 -0.43199 4.07459 2.791254 0 4.093887 2.810549 0 4.07459 2.730219 0.463611 4.093889 2.748857 0.468603 4.07459 2.551271 0.895625 4.093887 2.567982 0.905273 4.074592 2.266608 1.266606 4.093887 2.280251 1.280254 4.074592 1.895627 1.55127 4.093887 1.905275 1.567981 4.07459 1.46361 1.73022 4.093889 1.468605 1.748857 4.07459 1 1.791255 4.093887 1 1.810552 4.074592 0.53639 1.73022 4.093889 0.531395 1.748857 4.074592 0.104373 1.55127 4.093887 0.094725 1.567981 4.07459 -0.266608 1.266606 4.093889 -0.280252 1.280254 4.07459 -0.551271 0.895625 4.093887 -0.567982 0.905273 4.07459 -0.730219 0.463611 4.093889 -0.748857 0.468603 4.07459 -0.791254 0 4.093887 -0.81055 0 4.07459 -0.730219 -0.463611 4.093889 -0.748857 -0.468603 4.07459 -0.551271 -0.895625 4.093887 -0.567982 -0.905273 4.07459 -0.266608 -1.266606 4.093889 -0.280252 -1.280254 4.074592 0.104373 -1.55127 4.093887 0.094725 -1.567981 4.074592 0.53639 -1.73022 4.093889 0.531395 -1.748857 4.07459 1 -1.791255 4.093887 1 -1.810552 4.07459 1.46361 -1.73022 4.093889 1.468605 -1.748857 4.074592 1.895627 -1.55127 4.093887 1.905275 -1.567981 4.074592 2.266608 -1.266606 4.093887 2.280251 -1.280254 4.07459 2.551271 -0.895625 4.093887 2.567982 -0.905273 4.07459 2.730219 -0.463611 4.093889 2.748857 -0.468603 4.093875 0.55121 -1.674907 4.074592 0.54638 -1.692932 4.07459 1 -1.752651 4.093875 1 -1.733992 4.074592 1.45362 -1.692932 4.093875 1.44879 -1.674907 4.07459 1.876327 -1.517842 4.093877 1.866996 -1.50168 4.074592 2.239313 -1.239312 4.093875 2.226118 -1.226116 4.074592 2.517842 -0.876328 4.093877 2.50168 -0.866997 4.07459 2.692933 -0.453618 4.093875 2.674907 -0.448792 4.07459 2.752653 0 4.093877 2.733992 0 4.07459 2.692933 0.453618 4.093875 2.674907 0.448792 4.074592 2.517842 0.876328 4.093877 2.50168 0.866997 4.074592 2.239313 1.239312 4.093875 2.226118 1.226116 4.07459 1.876327 1.517842 4.093877 1.866996 1.50168 4.074592 1.45362 1.692932 4.093875 1.44879 1.674907 4.07459 1 1.752651 4.093875 1 1.733992 4.074592 0.54638 1.692932 4.093875 0.55121 1.674907 4.07459 0.123673 1.517842 4.093875 0.133004 1.50168 4.07459 -0.239313 1.239312 4.093875 -0.226118 1.226116 4.07459 -0.517842 0.876328 4.093875 -0.501681 0.866997 4.07459 -0.692933 0.453618 4.093875 -0.674907 0.448792 4.07459 -0.752653 0 4.093875 -0.733992 0 4.07459 -0.692933 -0.453618 4.093875 -0.674907 -0.448792 4.07459 -0.517842 -0.876328 4.093875 -0.501681 -0.866997 4.07459 -0.239313 -1.239312 4.093875 -0.226118 -1.226116 4.07459 0.123673 -1.517842 4.093875 0.133004 -1.50168 4.258081 2.540606 -0.63814 4.258082 2.67118 -0.692224 4.093888 2.67118 -0.692224 4.07459 2.653369 -0.684849 4.074591 2.61774 -0.67009 4.093876 2.600515 -0.662959 4.200972 2.603771 -0.664304 4.200972 2.558417 -0.64552 4.220269 2.540606 -0.63814 4.22027 2.653321 -0.217302 4.258082 2.653321 -0.217302 4.258082 2.793447 -0.23572 4.093888 2.793447 -0.23572 4.07459 2.774334 -0.233208 4.07459 2.736098 -0.228184 4.093876 2.717613 -0.225754 4.200972 2.721106 -0.226213 4.200972 2.672435 -0.219815 4.200972 2.671996 0.223137 4.200972 2.720655 0.229631 4.093876 2.717162 0.229165 4.07459 2.735643 0.231631 4.07459 2.773869 0.236733 4.093888 2.792978 0.239285 4.258082 2.792978 0.239285 4.258082 2.652888 0.220586 4.22027 2.652888 0.220586 4.200972 2.555915 0.651555 4.200972 2.601196 0.670515 4.093876 2.597945 0.669155 4.074591 2.615143 0.676355 4.07459 2.650715 0.69125 4.093888 2.668497 0.698694 4.258082 2.668497 0.698694 4.258081 2.538133 0.644104 4.220269 2.538133 0.644104 4.200972 2.334231 1.032092 4.200973 2.37306 1.062126 4.093876 2.370273 1.059973 4.074592 2.38502 1.071382 4.074591 2.415524 1.094976 4.093887 2.430771 1.106775 4.258081 2.430771 1.106775 4.258082 2.318982 1.020298 4.22027 2.318982 1.020298 4.200972 2.024102 1.340361 4.200973 2.053906 1.379368 4.093876 2.051767 1.376567 4.074591 2.063086 1.391384 4.074592 2.086499 1.422026 4.093887 2.098203 1.437346 4.258081 2.098203 1.437346 4.258082 2.012398 1.325042 4.22027 2.012398 1.325042 4.200972 1.633748 1.563286 4.200972 1.652191 1.608779 4.093876 1.650867 1.605513 4.074591 1.657872 1.622793 4.074591 1.672361 1.658535 4.093888 1.679604 1.676401 4.258082 1.679604 1.676401 4.258081 1.626505 1.545417 4.220269 1.626505 1.545417 4.200972 1.209986 1.673718 4.200972 1.216097 1.722432 4.093875 1.215659 1.718933 4.074591 1.21798 1.737432 4.07459 1.22278 1.775701 4.093888 1.22518 1.794829 4.258082 1.22518 1.794829 4.258081 1.207587 1.65459 4.220269 1.207587 1.65459 4.258082 0.76544 1.793591 4.258082 0.783768 1.653452 4.22027 0.783768 1.653452 4.200972 0.781268 1.672568 4.200972 0.774902 1.721245 4.093875 0.775359 1.717751 4.074591 0.772941 1.736238 4.074591 0.767941 1.774478 4.093888 0.76544 1.793591 4.258083 0.361877 1.540603 4.220271 0.361877 1.540603 4.200972 0.3545 1.558413 4.200972 0.335714 1.603767 4.093875 0.337063 1.600508 4.074591 0.329928 1.617734 4.074592 0.31517 1.653364 4.093888 0.307793 1.671174 4.258082 0.307793 1.671174 4.258082 -0.010945 1.32615 4.22027 -0.010944 1.32615 4.200972 -0.022632 1.341482 4.200972 -0.052393 1.380522 4.093875 -0.050257 1.377717 4.07459 -0.06156 1.392544 4.074591 -0.08494 1.423213 4.093888 -0.096628 1.43855 4.258082 -0.096628 1.43855 4.258082 -0.32393 1.013835 4.22027 -0.32393 1.013835 4.200973 -0.339236 1.025559 4.200972 -0.378211 1.055403 4.093875 -0.375413 1.053262 4.07459 -0.390215 1.064597 4.07459 -0.420834 1.088042 4.093888 -0.43614 1.099766 4.258082 -0.43614 1.099766 4.258082 -0.539188 0.641533 4.22027 -0.539188 0.641533 4.200973 -0.556983 0.648955 4.200973 -0.602295 0.667837 4.093875 -0.599042 0.666482 4.07459 -0.616251 0.673655 4.07459 -0.651848 0.688489 4.093888 -0.669643 0.695906 4.258082 -0.669643 0.695906 4.258081 -0.653547 0.215501 4.220269 -0.653547 0.215501 4.200972 -0.672663 0.217993 4.200973 -0.721342 0.224338 4.093875 -0.717848 0.223884 4.07459 -0.736336 0.226289 4.07459 -0.774577 0.231277 4.093888 -0.793694 0.23377 4.258082 -0.793694 0.23377 4.258081 -0.654559 -0.207815 4.220269 -0.654559 -0.207817 4.200972 -0.673688 -0.21022 4.200973 -0.722396 -0.216338 4.093875 -0.7189 -0.215898 4.07459 -0.737399 -0.21822 4.07459 -0.775664 -0.22303 4.093888 -0.794792 -0.22543 4.258082 -0.794792 -0.22543 4.258082 -0.540187 -0.639128 4.22027 -0.540187 -0.639128 4.200973 -0.557993 -0.646519 4.200973 -0.603334 -0.665332 4.093875 -0.60008 -0.663982 4.07459 -0.6173 -0.671126 4.07459 -0.65292 -0.685908 4.093888 -0.670726 -0.693298 4.258082 -0.670726 -0.693298 4.258082 -0.32083 -1.017881 4.22027 -0.32083 -1.017881 4.200973 -0.3361 -1.029648 4.200972 -0.374984 -1.059614 4.093875 -0.372193 -1.057463 4.07459 -0.386961 -1.068845 4.07459 -0.417508 -1.092383 4.093888 -0.432778 -1.104153 4.258082 -0.432778 -1.104153 4.258082 -0.021339 -1.318179 4.22027 -0.021339 -1.318179 4.200972 -0.033147 -1.333418 4.200972 -0.063214 -1.372224 4.093875 -0.061056 -1.369438 4.07459 -0.072476 -1.384177 4.074591 -0.096096 -1.414661 4.093888 -0.107904 -1.429902 4.258082 -0.107904 -1.429902 4.258083 0.361647 -1.54051 4.220271 0.361647 -1.54051 4.200972 0.354267 -1.558323 4.200972 0.335474 -1.603674 4.093875 0.336823 -1.600417 4.074591 0.329686 -1.617642 4.074592 0.314923 -1.653269 4.093888 0.307543 -1.671079 4.258082 0.307543 -1.671079 4.258082 0.786688 -1.653843 4.22027 0.786688 -1.653843 4.200972 0.784222 -1.672961 4.200972 0.777943 -1.72165 4.093875 0.778394 -1.718157 4.074591 0.776008 -1.736648 4.074591 0.771075 -1.774897 4.093888 0.768609 -1.794016 4.258082 0.768609 -1.794016 4.258081 1.218974 -1.653098 4.220269 1.218974 -1.653098 4.200972 1.221506 -1.672209 4.200972 1.227952 -1.720876 4.093875 1.227489 -1.717383 4.074591 1.229937 -1.735864 4.07459 1.235001 -1.774097 4.093888 1.237533 -1.793208 4.258082 1.237533 -1.793208 4.258081 1.644104 -1.538135 4.220269 1.644104 -1.538135 4.200972 1.651551 -1.555918 4.200972 1.670512 -1.601199 4.093876 1.669151 -1.597947 4.074591 1.676353 -1.615144 4.074591 1.691248 -1.650718 4.093888 1.698695 -1.668499 4.258082 1.698695 -1.668499 4.258082 2.008707 -1.327881 4.22027 2.008707 -1.327881 4.200972 2.020368 -1.343235 4.200973 2.050063 -1.382322 4.093876 2.047932 -1.379517 4.074591 2.05921 -1.39436 4.074592 2.082538 -1.425071 4.093887 2.094199 -1.440425 4.258081 2.0942 -1.440425 4.258082 2.325569 -1.011719 4.22027 2.325569 -1.011719 4.200972 2.340894 -1.023418 4.200973 2.379916 -1.053198 4.093876 2.377115 -1.051062 4.074592 2.391936 -1.062375 4.074591 2.422592 -1.085771 4.093887 2.437917 -1.097466 4.258081 2.437917 -1.097466</float_array>
          <technique_common>
            <accessor source="#pPipeShape69-positions-array" count="432" stride="3">
              <param name="X" type="float"/>
              <param name="Y" type="float"/>
              <param name="Z" type="float"/>
            </accessor>
          </technique_common>
        </source>
        <source id="pPipeShape69-normals" name="pPipeShape69-normals">
          <float_array id="pPipeShape69-normals-array" count="7776">-0.3820329 -0.9216669 -0.06768399 -0.382909 -0.923786 -4.07e-4 0.7071103 -0.7052044 -0.05178603 0.7071103 -0.7052044 -0.05178603 -0.382909 -0.923786 -4.07e-4 0.7080492 -0.7061632 -3.1e-4 -0.3820562 -0.8724605 -0.3047062 -0.382939 -0.891999 -0.240199 0.707102 -0.66757 -0.233146 0.707102 -0.66757 -0.233146 -0.382939 -0.891999 -0.240199 0.7080442 -0.6818792 -0.183615 -0.3820289 -0.7638669 -0.520155 -0.3829271 -0.7992112 -0.4632801 0.707107 -0.584466 -0.397994 0.707107 -0.584466 -0.397994 -0.3829271 -0.7992112 -0.4632801 0.7080351 -0.610954 -0.354149 -0.3820391 -0.6037541 -0.6996622 -0.382905 -0.652332 -0.6541 0.707109 -0.46196 -0.535341 0.707109 -0.46196 -0.535341 -0.382905 -0.652332 -0.6541 0.7080278 -0.4986699 -0.5000249 -0.3820261 -0.4001941 -0.8330072 -0.38294 -0.460234 -0.800963 0.7071052 -0.3062031 -0.6373712 0.7071052 -0.3062031 -0.6373712 -0.38294 -0.460234 -0.800963 0.708067 -0.35181 -0.612267 -0.3820311 -0.171488 -0.9080992 -0.3829361 -0.2363291 -0.8930333 0.707102 -0.131218 -0.69483 0.707102 -0.131218 -0.69483 -0.3829361 -0.2363291 -0.8930333 0.7080203 -0.1806691 -0.6826903 -0.3820598 0.06664198 -0.9217317 -0.382903 0.001135 -0.9237879 0.7071071 0.05099901 -0.705265 0.7071071 0.05099901 -0.705265 -0.382903 0.001135 -0.9237879 0.707996 8.69e-4 -0.706216 -0.3820399 0.303267 -0.8729689 -0.3829099 0.2389209 -0.8923547 0.7071081 0.232039 -0.6679491 0.7071081 0.232039 -0.6679491 -0.3829099 0.2389209 -0.8923547 0.708043 0.18264 -0.6821421 -0.3820718 0.5177737 -0.7654616 -0.3828962 0.4613173 -0.8003605 0.7071109 0.3961749 -0.5856959 0.7071109 0.3961749 -0.5856959 -0.3828962 0.4613173 -0.8003605 0.7080237 0.3526518 -0.6118327 -0.382071 0.699384 -0.6040561 -0.382939 0.652899 -0.653514 0.7071032 0.5351421 -0.4621991 0.7071032 0.5351421 -0.4621991 -0.382939 0.652899 -0.653514 0.7080584 0.4990932 -0.4995592 -0.3820921 0.8313111 -0.4036431 -0.3829312 0.7998845 -0.4621133 0.7071093 0.6360853 -0.3088562 0.7071093 0.6360853 -0.3088562 -0.3829312 0.7998845 -0.4621133 0.708023 0.611478 -0.353268 -0.3820679 0.9077379 -0.173309 -0.3829459 0.8922477 -0.2392629 0.7071024 0.6945654 -0.1326101 0.7071024 0.6945654 -0.1326101 -0.3829459 0.8922477 -0.2392629 0.7080542 0.6820602 -0.1829021 -0.3821201 0.9218631 0.06444101 -0.3829209 0.9237806 -0.001015 0.7071041 0.7053881 0.04931101 0.7071041 0.7053881 0.04931101 -0.3829209 0.9237806 -0.001015 0.707994 0.7062181 -7.75e-4 -0.3820689 0.8728708 0.3035129 -0.382944 0.892565 0.238079 0.7071045 0.6678835 0.2322392 0.7071045 0.6678835 0.2322392 -0.382944 0.892565 0.238079 0.7080698 0.6822868 0.181994 -0.3820522 0.7642505 0.5195743 -0.3829347 0.7997345 0.4623697 0.7071099 0.5847659 0.3975479 0.7071099 0.5847659 0.3975479 -0.3829347 0.7997345 0.4623697 0.7080488 0.6113448 0.3534469 -0.382098 0.6058831 0.697787 -0.3829142 0.6536173 0.6528103 0.707103 0.463605 0.533925 0.707103 0.463605 0.533925 -0.3829142 0.6536173 0.6528103 0.7079951 0.4996801 0.4990621 -0.382055 0.4028929 0.8316919 -0.3829162 0.4627262 0.7995373 0.7071111 0.308269 0.636368 0.7071111 0.308269 0.636368 -0.3829162 0.4627262 0.7995373 0.7080671 0.353707 0.611173 -0.3820271 0.1728261 0.9078472 -0.3829172 0.2386111 0.8924344 0.7071068 0.132243 0.6946307 0.7071068 0.132243 0.6946307 -0.3829172 0.2386111 0.8924344 0.7080531 0.182403 0.6821951 -0.3820501 -0.067297 0.9216881 -0.382906 -7.13e-4 0.9237871 0.707105 -0.05149501 0.7052311 0.707105 -0.05149501 0.7052311 -0.382906 -7.13e-4 0.9237871 0.7080256 -5.44e-4 0.7061866 -0.3820521 -0.304698 0.8724651 -0.3829422 -0.2399952 0.8920525 0.7071019 -0.233138 0.6675729 0.7071019 -0.233138 0.6675729 -0.3829422 -0.2399952 0.8920525 0.7080489 -0.18346 0.6819159 -0.3821119 -0.5171059 0.7658929 -0.3829198 -0.4616978 0.8001297 0.7071081 -0.3956781 0.5860351 0.7071081 -0.3956781 0.5860351 -0.3829198 -0.4616978 0.8001297 0.707986 -0.352968 0.611694 -0.3820438 -0.6997797 0.6036147 -0.3829318 -0.6528967 0.6535207 0.7071083 -0.5354332 0.4618542 0.7071083 -0.5354332 0.4618542 -0.3829318 -0.6528967 0.6535207 0.7080799 -0.4990719 0.49955 -0.3829319 -0.8923118 0.2390459 -0.3820779 -0.8729658 0.3032279 0.7080337 -0.6821257 0.1827369 0.7080337 -0.6821257 0.1827369 -0.3820779 -0.8729658 0.3032279 0.7071021 -0.6679631 0.232017 -0.382909 -0.923786 -4.07e-4 -0.38205 -0.921719 0.066873 0.7080492 -0.7061632 -3.1e-4 0.7080492 -0.7061632 -3.1e-4 -0.38205 -0.921719 0.066873 0.7071099 -0.70525 0.05116699 0.7071103 -0.7052044 -0.05178603 0.7080492 -0.7061632 -3.1e-4 0.7071034 0.7052114 0.05178603 0.7071034 0.7052114 0.05178603 0.7080492 -0.7061632 -3.1e-4 0.7080422 0.7061702 3.1e-4 0.707102 -0.66757 -0.233146 0.7080442 -0.6818792 -0.183615 0.7071118 0.6675578 0.2331509 0.7071118 0.6675578 0.2331509 0.7080442 -0.6818792 -0.183615 0.7080522 0.6818702 0.1836171 0.707107 -0.584466 -0.397994 0.7080351 -0.610954 -0.354149 0.7071052 0.5844722 0.3979881 0.7071052 0.5844722 0.3979881 0.7080351 -0.610954 -0.354149 0.7080358 0.6109539 0.3541479 0.707109 -0.46196 -0.535341 0.7080278 -0.4986699 -0.5000249 0.7071016 0.4619598 0.5353507 0.7071016 0.4619598 0.5353507 0.7080278 -0.4986699 -0.5000249 0.7080208 0.4986759 0.5000289 0.7071052 -0.3062031 -0.6373712 0.708067 -0.35181 -0.612267 0.7071072 0.306215 0.6373632 0.7071072 0.306215 0.6373632 0.708067 -0.35181 -0.612267 0.7080657 0.3518129 0.6122668 0.707102 -0.131218 -0.69483 0.7080203 -0.1806691 -0.6826903 0.707111 0.131217 0.694821 0.707111 0.131217 0.694821 0.7080203 -0.1806691 -0.6826903 0.70803 0.18067 0.68268 0.7071071 0.05099901 -0.705265 0.707996 8.69e-4 -0.706216 0.7071068 -0.05099199 0.7052658 0.7071068 -0.05099199 0.7052658 0.707996 8.69e-4 -0.706216 0.7079975 -8.72001e-4 0.7062145 0.7071081 0.232039 -0.6679491 0.708043 0.18264 -0.6821421 0.7071049 -0.232058 0.6679459 0.7071049 -0.232058 0.6679459 0.708043 0.18264 -0.6821421 0.7080422 -0.182643 0.6821422 0.7071109 0.3961749 -0.5856959 0.7080237 0.3526518 -0.6118327 0.7071041 -0.396172 0.5857061 0.7071041 -0.396172 0.5857061 0.7080237 0.3526518 -0.6118327 0.7080159 -0.352653 0.611841 0.7071032 0.5351421 -0.4621991 0.7080584 0.4990932 -0.4995592 0.70711 -0.535135 0.462197 0.70711 -0.535135 0.462197 0.7080584 0.4990932 -0.4995592 0.7080642 -0.4990881 0.4995561 0.7071093 0.6360853 -0.3088562 0.708023 0.611478 -0.353268 0.7071044 -0.6360893 0.3088591 0.7071044 -0.6360893 0.3088591 0.708023 0.611478 -0.353268 0.7080169 -0.6114849 0.353268 0.7071024 0.6945654 -0.1326101 0.7080542 0.6820602 -0.1829021 0.7071114 -0.6945564 0.1326081 0.7071114 -0.6945564 0.1326081 0.7080542 0.6820602 -0.1829021 0.7080618 -0.6820529 0.1829 0.7071041 0.7053881 0.04931101 0.707994 0.7062181 -7.75e-4 0.7071092 -0.7053832 -0.04930502 0.7071092 -0.7053832 -0.04930502 0.707994 0.7062181 -7.75e-4 0.707997 -0.706215 7.75e-4 0.7071045 0.6678835 0.2322392 0.7080698 0.6822868 0.181994 0.7071089 -0.6678799 -0.232236 0.7071089 -0.6678799 -0.232236 0.7080698 0.6822868 0.181994 0.7080778 -0.6822798 -0.1819899 0.7071099 0.5847659 0.3975479 0.7080488 0.6113448 0.3534469 0.7071044 -0.5847733 -0.3975472 0.7071044 -0.5847733 -0.3975472 0.7080488 0.6113448 0.3534469 0.7080428 -0.6113499 -0.3534499 0.707103 0.463605 0.533925 0.7079951 0.4996801 0.4990621 0.7071099 -0.463598 -0.533922 0.7071099 -0.463598 -0.533922 0.7079951 0.4996801 0.4990621 0.7080008 -0.4996749 -0.4990589 0.7071111 0.308269 0.636368 0.7080671 0.353707 0.611173 0.7071022 -0.3082871 -0.6363692 0.7071022 -0.3082871 -0.6363692 0.7080671 0.353707 0.611173 0.708059 -0.353715 -0.6111779 0.7071068 0.132243 0.6946307 0.7080531 0.182403 0.6821951 0.707107 -0.132235 -0.694632 0.707107 -0.132235 -0.694632 0.7080531 0.182403 0.6821951 0.7080518 -0.182401 -0.6821968 0.707105 -0.05149501 0.7052311 0.7080256 -5.44e-4 0.7061866 0.7071082 0.05149201 -0.7052281 0.7071082 0.05149201 -0.7052281 0.7080256 -5.44e-4 0.7061866 0.7080271 5.47e-4 -0.706185 0.7071019 -0.233138 0.6675729 0.7080489 -0.18346 0.6819159 0.7071111 0.233147 -0.66756 0.7071111 0.233147 -0.66756 0.7080489 -0.18346 0.6819159 0.7080587 0.1834599 -0.6819057 0.7071081 -0.3956781 0.5860351 0.707986 -0.352968 0.611694 0.7071049 0.3956749 -0.5860409 0.7071049 0.3956749 -0.5860409 0.707986 -0.352968 0.611694 0.707985 0.352968 -0.6116951 0.7071083 -0.5354332 0.4618542 0.7080799 -0.4990719 0.49955 0.707102 0.535445 -0.46185 0.707102 0.535445 -0.46185 0.7080799 -0.4990719 0.49955 0.7080737 0.4990768 -0.4995538 0.7071021 -0.6679631 0.232017 0.7071117 0.6679507 -0.2320239 0.7080337 -0.6821257 0.1827369 0.7080337 -0.6821257 0.1827369 0.7071117 0.6679507 -0.2320239 0.708042 0.6821169 -0.182738 0.7071099 -0.70525 0.05116699 0.7071034 0.7052564 -0.05116803 0.7080492 -0.7061632 -3.1e-4 0.7080492 -0.7061632 -3.1e-4 0.7071034 0.7052564 -0.05116803 0.7080422 0.7061702 3.1e-4 0.7071034 0.7052114 0.05178603 0.7080422 0.7061702 3.1e-4 -0.3820421 0.9216632 0.06768301 -0.3820421 0.9216632 0.06768301 0.7080422 0.7061702 3.1e-4 -0.3829152 0.9237834 4.06e-4 0.7071118 0.6675578 0.2331509 0.7080522 0.6818702 0.1836171 -0.3820079 0.8724778 0.3047169 -0.3820079 0.8724778 0.3047169 0.7080522 0.6818702 0.1836171 -0.3829041 0.8920123 0.2402051 0.7071052 0.5844722 0.3979881 0.7080358 0.6109539 0.3541479 -0.3820462 0.7638664 0.5201432 -0.3820462 0.7638664 0.5201432 0.7080358 0.6109539 0.3541479 -0.382922 0.799216 0.463276 0.7071016 0.4619598 0.5353507 0.7080208 0.4986759 0.5000289 -0.3820941 0.6037381 0.6996461 -0.3820941 0.6037381 0.6996461 0.7080208 0.4986759 0.5000289 -0.3829661 0.6523111 0.654085 0.7071072 0.306215 0.6373632 0.7080657 0.3518129 0.6122668 -0.3820268 0.4002048 0.8330016 -0.3820268 0.4002048 0.8330016 0.7080657 0.3518129 0.6122668 -0.3829582 0.4602322 0.8009554 0.707111 0.131217 0.694821 0.70803 0.18067 0.68268 -0.3819958 0.1715009 0.9081116 -0.3819958 0.1715009 0.9081116 0.70803 0.18067 0.68268 -0.3828991 0.2363401 0.8930463 -0.3820691 -0.06664802 0.9217274 0.7071068 -0.05099199 0.7052658 -0.3829121 -0.001143 0.9237841 -0.3829121 -0.001143 0.9237841 0.7071068 -0.05099199 0.7052658 0.7079975 -8.72001e-4 0.7062145 0.7071049 -0.232058 0.6679459 0.7080422 -0.182643 0.6821422 -0.3820648 -0.3032768 0.8729546 -0.3820648 -0.3032768 0.8729546 0.7080422 -0.182643 0.6821422 -0.38292 -0.238926 0.892349 0.7071041 -0.396172 0.5857061 0.7080159 -0.352653 0.611841 -0.382136 -0.517754 0.765443 -0.382136 -0.517754 0.765443 0.7080159 -0.352653 0.611841 -0.3829559 -0.4612999 0.8003419 0.70711 -0.535135 0.462197 0.7080642 -0.4990881 0.4995561 -0.3820591 -0.6993871 0.6040601 -0.3820591 -0.6993871 0.6040601 0.7080642 -0.4990881 0.4995561 -0.382946 -0.652897 0.653512 0.7071044 -0.6360893 0.3088591 0.7080169 -0.6114849 0.353268 -0.3820811 -0.8313112 0.4036531 -0.3820811 -0.8313112 0.4036531 0.7080169 -0.6114849 0.353268 -0.3829219 -0.7998879 0.4621149 0.7071114 -0.6945564 0.1326081 0.7080618 -0.6820529 0.1829 -0.3820389 -0.9077488 0.173316 -0.3820389 -0.9077488 0.173316 0.7080618 -0.6820529 0.1829 -0.3829112 -0.8922606 0.2392702 0.7071092 -0.7053832 -0.04930502 0.707997 -0.706215 7.75e-4 -0.3821019 -0.9218708 -0.06443998 -0.3821019 -0.9218708 -0.06443998 0.707997 -0.706215 7.75e-4 -0.3829072 -0.9237863 0.001015 0.7071089 -0.6678799 -0.232236 0.7080778 -0.6822798 -0.1819899 -0.3820409 -0.8728809 -0.303519 -0.3820409 -0.8728809 -0.303519 0.7080778 -0.6822798 -0.1819899 -0.3829158 -0.8925756 -0.2380849 0.7071044 -0.5847733 -0.3975472 0.7080428 -0.6113499 -0.3534499 -0.382053 -0.764255 -0.519567 -0.382053 -0.764255 -0.519567 0.7080428 -0.6113499 -0.3534499 -0.3829289 -0.7997378 -0.4623689 0.7071099 -0.463598 -0.533922 0.7080008 -0.4996749 -0.4990589 -0.3821101 -0.6058822 -0.6977813 -0.3821101 -0.6058822 -0.6977813 0.7080008 -0.4996749 -0.4990589 -0.382919 -0.6536179 -0.6528069 0.7071022 -0.3082871 -0.6363692 0.708059 -0.353715 -0.6111779 -0.3820968 -0.4028928 -0.8316726 -0.3820968 -0.4028928 -0.8316726 0.708059 -0.353715 -0.6111779 -0.3829629 -0.4627139 -0.7995219 0.707107 -0.132235 -0.694632 0.7080518 -0.182401 -0.6821968 -0.3820352 -0.1728281 -0.9078434 -0.3820352 -0.1728281 -0.9078434 0.7080518 -0.182401 -0.6821968 -0.382927 -0.238612 -0.89243 0.7071082 0.05149201 -0.7052281 0.7080271 5.47e-4 -0.706185 -0.3820579 0.06729799 -0.9216847 -0.3820579 0.06729799 -0.9216847 0.7080271 5.47e-4 -0.706185 -0.382921 7.14e-4 -0.9237809 0.7071111 0.233147 -0.66756 0.7080587 0.1834599 -0.6819057 -0.3820108 0.3047138 -0.8724776 -0.3820108 0.3047138 -0.8724776 0.7080587 0.1834599 -0.6819057 -0.3829038 0.2400039 -0.8920666 0.7071049 0.3956749 -0.5860409 0.707985 0.352968 -0.6116951 -0.3821459 0.5171019 -0.7658788 -0.3821459 0.5171019 -0.7658788 0.707985 0.352968 -0.6116951 -0.3829389 0.4616958 -0.8001217 0.707102 0.535445 -0.46185 0.7080737 0.4990768 -0.4995538 -0.3820679 0.6997769 -0.6036029 -0.3820679 0.6997769 -0.6036029 0.7080737 0.4990768 -0.4995538 -0.382973 0.6528841 -0.6535091 0.708042 0.6821169 -0.182738 0.7071117 0.6679507 -0.2320239 -0.3829001 0.8923241 -0.239051 -0.3829001 0.8923241 -0.239051 0.7071117 0.6679507 -0.2320239 -0.382033 0.872982 -0.303238 0.7080422 0.7061702 3.1e-4 0.7071034 0.7052564 -0.05116803 -0.3829152 0.9237834 4.06e-4 -0.3829152 0.9237834 4.06e-4 0.7071034 0.7052564 -0.05116803 -0.3820533 0.9217176 -0.06687304 -0.9239774 0.3824472 1.68e-4 -0.9208106 -0.3900099 -1.72e-4 -0.9236146 0.3822932 0.02807502 -0.9236146 0.3822932 0.02807502 -0.9208106 -0.3900099 -1.72e-4 -0.9204346 -0.3898468 -0.02862999 -0.9239737 0.3692999 0.09944898 -0.920813 -0.37659 -0.101407 -0.9236035 0.3619108 0.1264009 -0.9236035 0.3619108 0.1264009 -0.920813 -0.37659 -0.101407 -0.920428 -0.369054 -0.128886 -0.9239875 0.3308552 0.1917861 -0.9208115 -0.3374172 -0.1955911 -0.9236252 0.3168201 0.215735 -0.9236252 0.3168201 0.215735 -0.9208115 -0.3374172 -0.1955911 -0.9204324 -0.3231041 -0.2200181 -0.9239969 0.270029 0.270766 -0.9208271 -0.275377 -0.276125 -0.9236324 0.2504011 0.2901771 -0.9236324 0.2504011 0.2901771 -0.9208271 -0.275377 -0.276125 -0.9204549 -0.255348 -0.295906 -0.9239858 0.19053 0.3315849 -0.9208306 -0.1942799 -0.3381219 -0.923601 0.166012 0.345545 -0.923601 0.166012 0.345545 -0.9208306 -0.1942799 -0.3381219 -0.9204322 -0.169277 -0.3523491 -0.9239765 0.09784506 0.3697212 -0.9208156 -0.09977296 -0.3770199 -0.9236037 0.07114097 0.3766899 -0.9236037 0.07114097 0.3766899 -0.9208156 -0.09977296 -0.3770199 -0.9204259 -0.07253999 -0.3841279 -0.9239761 -4.75e-4 0.3824501 -0.9208092 4.79e-4 -0.3900131 -0.9236246 -0.02764599 0.3822998 -0.9236246 -0.02764599 0.3822998 -0.9208092 4.79e-4 -0.3900131 -0.9204497 0.02817802 -0.3898443 -0.9239764 -0.09891704 0.3694362 -0.9208305 0.1008591 -0.3766942 -0.9236202 -0.12579 0.3620811 -0.9236202 -0.12579 0.3620811 -0.9208305 0.1008591 -0.3766942 -0.9204641 0.12826 -0.369182 -0.9239838 -0.190973 0.3313359 -0.920832 0.194737 -0.337855 -0.9236436 -0.2147279 0.3174499 -0.9236436 -0.2147279 0.3174499 -0.920832 0.194737 -0.337855 -0.9204704 0.2189691 -0.3237081 -0.9239873 -0.2702851 0.2705431 -0.9208216 0.2756299 -0.2758909 -0.9236211 -0.290086 0.250548 -0.9236211 -0.290086 0.250548 -0.9208216 0.2756299 -0.2758909 -0.9204444 0.2958122 -0.2554941 -0.9239783 -0.3311531 0.1913161 -0.9208167 0.3376902 -0.1950951 -0.9236293 -0.3447901 0.1674181 -0.9236293 -0.3447901 0.1674181 -0.9208167 0.3376902 -0.1950951 -0.9204568 0.3515879 -0.17072 -0.9239731 -0.369406 0.09906001 -0.9208184 0.3766832 -0.101012 -0.9236112 -0.3765291 0.07189102 -0.9236112 -0.3765291 0.07189102 -0.9208184 0.3766832 -0.101012 -0.9204415 0.3839452 -0.07330505 -0.9239741 -0.3824551 4.21e-4 -0.9208122 0.3900061 -4.29e-4 -0.9236398 -0.3823289 -0.02672599 -0.9236398 -0.3823289 -0.02672599 -0.9208122 0.3900061 -4.29e-4 -0.9204665 0.3898702 0.02725202 -0.9239753 -0.3695321 -0.09856804 -0.9208201 0.3768131 0.100511 -0.9236135 -0.3620612 -0.1258961 -0.9236135 -0.3620612 -0.1258961 -0.9208201 0.3768131 0.100511 -0.9204404 0.3692001 0.128378 -0.9239819 -0.331084 -0.191418 -0.9208187 0.3376249 0.195198 -0.9236191 -0.316993 -0.215507 -0.9236191 -0.316993 -0.215507 -0.9208187 0.3376249 0.195198 -0.9204431 0.32325 0.219759 -0.9239759 -0.270602 -0.270265 -0.9208168 0.2759389 0.2755979 -0.923639 -0.251281 -0.289394 -0.923639 -0.251281 -0.289394 -0.9208168 0.2759389 0.2755979 -0.9204689 0.256232 0.295097 -0.9239863 -0.1915561 -0.3309921 -0.9208366 0.1953269 0.3375019 -0.9236271 -0.167102 -0.344949 -0.9236271 -0.167102 -0.344949 -0.9208366 0.1953269 0.3375019 -0.9204652 0.17039 0.3517261 -0.923979 -0.098785 -0.369465 -0.9208308 0.100727 0.3767289 -0.9236109 -0.07169099 -0.3765679 -0.9236109 -0.07169099 -0.3765679 -0.9208308 0.100727 0.3767289 -0.9204496 0.07309304 0.3839662 -0.9239796 2.94e-4 -0.3824418 -0.9208122 -3.05e-4 0.3900061 -0.9236233 0.02791401 -0.3822841 -0.9236233 0.02791401 -0.3822841 -0.9208122 -3.05e-4 0.3900061 -0.9204384 -0.02846001 0.3898502 -0.9239786 0.09936296 -0.3693109 -0.9208177 -0.10132 0.3766019 -0.9236069 0.126396 -0.361904 -0.9236069 0.126396 -0.361904 -0.9208177 -0.10132 0.3766019 -0.9204363 -0.128884 0.3690341 -0.9239777 0.191144 -0.3312539 -0.9208133 -0.194921 0.3378001 -0.9236476 0.2144529 -0.3176239 -0.9236476 0.2144529 -0.3176239 -0.9208133 -0.194921 0.3378001 -0.9204646 -0.2186949 0.3239098 -0.923999 0.270265 -0.270523 -0.9208294 -0.2756141 0.2758811 -0.9236274 0.2902361 -0.2503511 -0.9236274 0.2902361 -0.2503511 -0.9208294 -0.2756141 0.2758811 -0.9204496 -0.2959682 0.2552952 -0.9239711 0.369435 -0.09897102 -0.9236154 0.3620972 -0.1257791 -0.9208122 -0.3767221 0.100923 -0.9208122 -0.3767221 0.100923 -0.9236154 0.3620972 -0.1257791 -0.9204391 -0.369246 0.128255 -0.9239774 0.3824472 1.68e-4 -0.9236206 0.3823029 -0.02773799 -0.9208106 -0.3900099 -1.72e-4 -0.9208106 -0.3900099 -1.72e-4 -0.9236206 0.3823029 -0.02773799 -0.9204406 -0.3898578 0.02828699 -0.3592081 0.1745321 0.9167923 -0.3600529 0.2409759 0.9012728 -0.6954079 0.134391 0.705937 -0.6954079 0.134391 0.705937 -0.3600529 0.2409759 0.9012728 -0.6963661 0.185378 0.6933321 -0.3591812 -0.06795504 0.9307905 -0.3600151 -7.22e-4 0.9329463 -0.6954016 -0.05232797 0.7167136 -0.6954016 -0.05232797 0.7167136 -0.3600151 -7.22e-4 0.9329463 -0.6963359 -5.54e-4 0.7177159 -0.3591872 -0.3077101 0.8810784 -0.3600421 -0.2423771 0.9009013 -0.6954041 -0.236937 0.6784351 -0.6954041 -0.236937 0.6784351 -0.3600421 -0.2423771 0.9009013 -0.696366 -0.186456 0.693043 -0.3592131 -0.5222251 0.7734642 -0.359992 -0.466287 0.8080731 -0.6954051 -0.4021191 0.5955771 -0.6954051 -0.4021191 0.5955771 -0.359992 -0.466287 0.8080731 -0.6962929 -0.358731 0.6216819 -0.3592139 -0.7066788 0.6095659 -0.3600521 -0.6593652 0.6600002 -0.6954191 -0.5441431 0.4693621 -0.6954191 -0.5441431 0.4693621 -0.3600521 -0.6593652 0.6600002 -0.6964067 -0.5072088 0.5076978 -0.3600158 -0.9011685 0.2414209 -0.3591911 -0.8815933 0.3062271 -0.6963488 -0.6932577 0.1857209 -0.6963488 -0.6932577 0.1857209 -0.3591911 -0.8815933 0.3062271 -0.695403 -0.6788331 0.235797 -0.360011 -0.932948 -4.11e-4 -0.359187 -0.9308189 0.06753499 -0.6963584 -0.7176943 -3.16e-4 -0.6963584 -0.7176943 -3.16e-4 -0.359187 -0.9308189 0.06753499 -0.6954041 -0.7167351 0.05200001 -0.3591699 -0.9307656 -0.06835398 -0.360011 -0.932948 -4.11e-4 -0.6954056 -0.7166876 -0.05263097 -0.6954056 -0.7166876 -0.05263097 -0.360011 -0.932948 -4.11e-4 -0.6963584 -0.7176943 -3.16e-4 -0.359163 -0.8810859 -0.307717 -0.3600182 -0.9008554 -0.2425831 -0.6954063 -0.6784303 -0.2369441 -0.6954063 -0.6784303 -0.2369441 -0.3600182 -0.9008554 -0.2425831 -0.6963609 -0.6930059 -0.186613 -0.359196 -0.7713961 -0.525287 -0.360036 -0.8071351 -0.4678751 -0.6954132 -0.5939763 -0.4044662 -0.6954132 -0.5939763 -0.4044662 -0.360036 -0.8071351 -0.4678751 -0.696354 -0.62092 -0.35993 -0.359209 -0.60971 -0.706557 -0.360049 -0.65879 -0.660576 -0.6954169 -0.4694709 -0.5440519 -0.6954169 -0.4694709 -0.5440519 -0.360049 -0.65879 -0.660576 -0.6963508 -0.5068058 -0.5081768 -0.3591451 -0.4041471 -0.8412372 -0.360031 -0.4647981 -0.8089131 -0.6954011 -0.311191 -0.6477481 -0.6954011 -0.311191 -0.6477481 -0.360031 -0.4647981 -0.8089131 -0.6963772 -0.3575541 -0.6222652 -0.3591689 -0.173187 -0.9170628 -0.3600369 -0.2386809 -0.9018897 -0.695404 -0.133356 -0.706137 -0.695404 -0.133356 -0.706137 -0.3600369 -0.2386809 -0.9018897 -0.6963352 -0.183622 -0.6938302 -0.359201 0.067293 -0.930831 -0.360004 0.001148 -0.9329501 -0.6954022 0.05181801 -0.7167502 -0.6954022 0.05181801 -0.7167502 -0.360004 0.001148 -0.9329501 -0.6963028 8.83e-4 -0.7177477 -0.3592241 0.3062661 -0.8815663 -0.3600498 0.2412949 -0.9011886 -0.6953992 0.2358311 -0.6788253 -0.6953992 0.2358311 -0.6788253 -0.3600498 0.2412949 -0.9011886 -0.6963533 0.1856271 -0.6932783 -0.3592199 0.5228869 -0.7730138 -0.3600259 0.4658869 -0.8082888 -0.6953959 0.4026339 -0.5952399 -0.6953959 0.4026339 -0.5952399 -0.3600259 0.4658869 -0.8082888 -0.6963225 0.3584143 -0.6218314 -0.3591951 0.7062902 -0.6100271 -0.3600281 0.6593772 -0.6600012 -0.6954021 0.543848 -0.4697291 -0.6954021 0.543848 -0.4697291 -0.3600281 0.6593772 -0.6600012 -0.69637 0.507239 -0.507718 -0.359223 0.8395179 -0.407638 -0.360027 0.8078191 -0.4667 -0.6953958 0.6464508 -0.3138889 -0.6953958 0.6464508 -0.3138889 -0.360027 0.8078191 -0.4667 -0.6963229 0.6214699 -0.35904 -0.359182 0.9167091 -0.175022 -0.360023 0.9011069 -0.24164 -0.695418 0.705856 -0.134763 -0.695418 0.705856 -0.134763 -0.360023 0.9011069 -0.24164 -0.696384 0.693179 -0.185883 -0.359244 0.930972 0.065077 -0.3600171 0.9329453 -0.001025 -0.6954055 0.7168685 0.05010804 -0.6954055 0.7168685 0.05010804 -0.3600171 0.9329453 -0.001025 -0.6963109 0.7177399 -7.88e-4 -0.359182 0.8814959 0.306518 -0.3600281 0.9014242 0.2404461 -0.6954154 0.6787433 0.2360191 -0.6954154 0.6787433 0.2360191 -0.3600281 0.9014242 0.2404461 -0.6964002 0.6934092 0.1849611 -0.3591958 0.7717956 0.5246997 -0.360032 0.8076701 0.4669541 -0.6953948 0.5942959 0.4040279 -0.6953948 0.5942959 0.4040279 -0.360032 0.8076701 0.4669541 -0.696348 0.621336 0.359223 -0.3592389 0.6118658 0.7046757 -0.3600188 0.6600987 0.6592847 -0.6954018 0.4711509 0.5426169 -0.6954018 0.4711509 0.5426169 -0.3600188 0.6600987 0.6592847 -0.696305 0.507835 0.507211 -0.359211 0.406875 0.839893 -0.3600412 0.4673112 0.8074594 -0.695398 0.3133 0.646734 -0.695398 0.3133 0.646734 -0.3600412 0.4673112 0.8074594 -0.6963712 0.3594891 0.6211561 -0.6963661 0.185378 0.6933321 -0.9239768 0.09878398 0.3694709 -0.6954079 0.134391 0.705937 -0.6954079 0.134391 0.705937 -0.9239768 0.09878398 0.3694709 -0.9236075 0.07168604 0.3765772 -0.6963359 -5.54e-4 0.7177159 -0.923972 -2.96e-4 0.38246 -0.6954016 -0.05232797 0.7167136 -0.6954016 -0.05232797 0.7167136 -0.923972 -2.96e-4 0.38246 -0.923617 -0.027912 0.382299 -0.696366 -0.186456 0.693043 -0.9239872 -0.09935402 0.3692921 -0.6954041 -0.236937 0.6784351 -0.6954041 -0.236937 0.6784351 -0.9239872 -0.09935402 0.3692921 -0.9236177 -0.126383 0.3618809 -0.6962929 -0.358731 0.6216819 -0.9239787 -0.191139 0.3312539 -0.6954051 -0.4021191 0.5955771 -0.6954051 -0.4021191 0.5955771 -0.9239787 -0.191139 0.3312539 -0.9236447 -0.2144509 0.3176339 -0.6964067 -0.5072088 0.5076978 -0.9239884 -0.2702831 0.2705411 -0.6954191 -0.5441431 0.4693621 -0.6954191 -0.5441431 0.4693621 -0.9239884 -0.2702831 0.2705411 -0.92362 -0.29025 0.250362 -0.6963488 -0.6932577 0.1857209 -0.695403 -0.6788331 0.235797 -0.9239824 -0.3694091 0.09896304 -0.9239824 -0.3694091 0.09896304 -0.695403 -0.6788331 0.235797 -0.9236279 -0.36207 0.125766 -0.6963584 -0.7176943 -3.16e-4 -0.6954041 -0.7167351 0.05200001 -0.9239733 -0.3824571 -1.69e-4 -0.9239733 -0.3824571 -1.69e-4 -0.6954041 -0.7167351 0.05200001 -0.9236169 -0.3823119 0.027738 -0.6963584 -0.7176943 -3.16e-4 -0.9239733 -0.3824571 -1.69e-4 -0.6954056 -0.7166876 -0.05263097 -0.6954056 -0.7166876 -0.05263097 -0.9239733 -0.3824571 -1.69e-4 -0.9236104 -0.3823032 -0.02807601 -0.6963609 -0.6930059 -0.186613 -0.9239864 -0.3692711 -0.09943904 -0.6954063 -0.6784303 -0.2369441 -0.6954063 -0.6784303 -0.2369441 -0.9239864 -0.3692711 -0.09943904 -0.9236201 -0.361874 -0.126385 -0.696354 -0.62092 -0.35993 -0.9239821 -0.330865 -0.191795 -0.6954132 -0.5939763 -0.4044662 -0.6954132 -0.5939763 -0.4044662 -0.9239821 -0.330865 -0.191795 -0.9236094 -0.3168511 -0.2157571 -0.6963508 -0.5068058 -0.5081768 -0.9239773 -0.2700661 -0.2707961 -0.6954169 -0.4694709 -0.5440519 -0.6954169 -0.4694709 -0.5440519 -0.9239773 -0.2700661 -0.2707961 -0.9236181 -0.250421 -0.290205 -0.6963772 -0.3575541 -0.6222652 -0.9239871 -0.190527 -0.331583 -0.6954011 -0.311191 -0.6477481 -0.6954011 -0.311191 -0.6477481 -0.9239871 -0.190527 -0.331583 -0.9236069 -0.166002 -0.345534 -0.6963352 -0.183622 -0.6938302 -0.9239846 -0.09783396 -0.3697039 -0.695404 -0.133356 -0.706137 -0.695404 -0.133356 -0.706137 -0.9239846 -0.09783396 -0.3697039 -0.9236093 -0.07113201 -0.3766781 -0.6963028 8.83e-4 -0.7177477 -0.9239708 4.69e-4 -0.3824629 -0.6954022 0.05181801 -0.7167502 -0.6954022 0.05181801 -0.7167502 -0.9239708 4.69e-4 -0.3824629 -0.9236211 0.027638 -0.382309 -0.6963533 0.1856271 -0.6932783 -0.9239734 0.09891594 -0.3694438 -0.6953992 0.2358311 -0.6788253 -0.6953992 0.2358311 -0.6788253 -0.9239734 0.09891594 -0.3694438 -0.9236128 0.125793 -0.3620989 -0.6963225 0.3584143 -0.6218314 -0.9239684 0.1909951 -0.3313661 -0.6953959 0.4026339 -0.5952399 -0.6953959 0.4026339 -0.5952399 -0.9239684 0.1909951 -0.3313661 -0.9236264 0.2147531 -0.3174831 -0.69637 0.507239 -0.507718 -0.9239845 0.2702898 -0.2705478 -0.6954021 0.543848 -0.4697291 -0.6954021 0.543848 -0.4697291 -0.9239845 0.2702898 -0.2705478 -0.9236239 0.290079 -0.250546 -0.6963229 0.6214699 -0.35904 -0.9239764 0.3311581 -0.1913171 -0.6953958 0.6464508 -0.3138889 -0.6953958 0.6464508 -0.3138889 -0.9239764 0.3311581 -0.1913171 -0.9236291 0.344794 -0.167411 -0.696384 0.693179 -0.185883 -0.9239953 0.3693551 -0.09904402 -0.695418 0.705856 -0.134763 -0.695418 0.705856 -0.134763 -0.9239953 0.3693551 -0.09904402 -0.9236321 0.3764801 -0.07187801 -0.6963109 0.7177399 -7.88e-4 -0.9239811 0.3824381 -4.21e-4 -0.6954055 0.7168685 0.05010804 -0.6954055 0.7168685 0.05010804 -0.9239811 0.3824381 -4.21e-4 -0.9236481 0.382309 0.026723 -0.6964002 0.6934092 0.1849611 -0.9239941 0.369489 0.09855402 -0.6954154 0.6787433 0.2360191 -0.6954154 0.6787433 0.2360191 -0.9239941 0.369489 0.09855402 -0.9236311 0.362022 0.12588 -0.696348 0.621336 0.359223 -0.9239773 0.3310931 0.191425 -0.6953948 0.5942959 0.4040279 -0.6953948 0.5942959 0.4040279 -0.9239773 0.3310931 0.191425 -0.9236106 0.3170078 0.2155219 -0.696305 0.507835 0.507211 -0.9239744 0.2706021 0.2702701 -0.6954018 0.4711509 0.5426169 -0.6954018 0.4711509 0.5426169 -0.9239744 0.2706021 0.2702701 -0.9236371 0.251281 0.2894 -0.6963712 0.3594891 0.6211561 -0.9239766 0.1915719 0.3310099 -0.695398 0.3133 0.646734 -0.695398 0.3133 0.646734 -0.9239766 0.1915719 0.3310099 -0.9236192 0.167111 0.3449661 -0.9239733 -0.3824571 -1.69e-4 -0.9236169 -0.3823119 0.027738 -0.382909 -0.923786 -4.07e-4 -0.382909 -0.923786 -4.07e-4 -0.9236169 -0.3823119 0.027738 -0.38205 -0.921719 0.066873 -0.9239733 -0.3824571 -1.69e-4 -0.382909 -0.923786 -4.07e-4 -0.9236104 -0.3823032 -0.02807601 -0.9236104 -0.3823032 -0.02807601 -0.382909 -0.923786 -4.07e-4 -0.3820329 -0.9216669 -0.06768399 -0.9239864 -0.3692711 -0.09943904 -0.382939 -0.891999 -0.240199 -0.9236201 -0.361874 -0.126385 -0.9236201 -0.361874 -0.126385 -0.382939 -0.891999 -0.240199 -0.3820562 -0.8724605 -0.3047062 -0.9239821 -0.330865 -0.191795 -0.3829271 -0.7992112 -0.4632801 -0.9236094 -0.3168511 -0.2157571 -0.9236094 -0.3168511 -0.2157571 -0.3829271 -0.7992112 -0.4632801 -0.3820289 -0.7638669 -0.520155 -0.9239773 -0.2700661 -0.2707961 -0.382905 -0.652332 -0.6541 -0.9236181 -0.250421 -0.290205 -0.9236181 -0.250421 -0.290205 -0.382905 -0.652332 -0.6541 -0.3820391 -0.6037541 -0.6996622 -0.9239871 -0.190527 -0.331583 -0.38294 -0.460234 -0.800963 -0.9236069 -0.166002 -0.345534 -0.9236069 -0.166002 -0.345534 -0.38294 -0.460234 -0.800963 -0.3820261 -0.4001941 -0.8330072 -0.9239846 -0.09783396 -0.3697039 -0.3829361 -0.2363291 -0.8930333 -0.9236093 -0.07113201 -0.3766781 -0.9236093 -0.07113201 -0.3766781 -0.3829361 -0.2363291 -0.8930333 -0.3820311 -0.171488 -0.9080992 -0.9239708 4.69e-4 -0.3824629 -0.382903 0.001135 -0.9237879 -0.9236211 0.027638 -0.382309 -0.9236211 0.027638 -0.382309 -0.382903 0.001135 -0.9237879 -0.3820598 0.06664198 -0.9217317 -0.9239734 0.09891594 -0.3694438 -0.3829099 0.2389209 -0.8923547 -0.9236128 0.125793 -0.3620989 -0.9236128 0.125793 -0.3620989 -0.3829099 0.2389209 -0.8923547 -0.3820399 0.303267 -0.8729689 -0.9239684 0.1909951 -0.3313661 -0.3828962 0.4613173 -0.8003605 -0.9236264 0.2147531 -0.3174831 -0.9236264 0.2147531 -0.3174831 -0.3828962 0.4613173 -0.8003605 -0.3820718 0.5177737 -0.7654616 -0.9239845 0.2702898 -0.2705478 -0.382939 0.652899 -0.653514 -0.9236239 0.290079 -0.250546 -0.9236239 0.290079 -0.250546 -0.382939 0.652899 -0.653514 -0.382071 0.699384 -0.6040561 -0.9239764 0.3311581 -0.1913171 -0.3829312 0.7998845 -0.4621133 -0.9236291 0.344794 -0.167411 -0.9236291 0.344794 -0.167411 -0.3829312 0.7998845 -0.4621133 -0.3820921 0.8313111 -0.4036431 -0.9239953 0.3693551 -0.09904402 -0.3829459 0.8922477 -0.2392629 -0.9236321 0.3764801 -0.07187801 -0.9236321 0.3764801 -0.07187801 -0.3829459 0.8922477 -0.2392629 -0.3820679 0.9077379 -0.173309 -0.9239811 0.3824381 -4.21e-4 -0.3829209 0.9237806 -0.001015 -0.9236481 0.382309 0.026723 -0.9236481 0.382309 0.026723 -0.3829209 0.9237806 -0.001015 -0.3821201 0.9218631 0.06444101 -0.9239941 0.369489 0.09855402 -0.382944 0.892565 0.238079 -0.9236311 0.362022 0.12588 -0.9236311 0.362022 0.12588 -0.382944 0.892565 0.238079 -0.3820689 0.8728708 0.3035129 -0.9239773 0.3310931 0.191425 -0.3829347 0.7997345 0.4623697 -0.9236106 0.3170078 0.2155219 -0.9236106 0.3170078 0.2155219 -0.3829347 0.7997345 0.4623697 -0.3820522 0.7642505 0.5195743 -0.9239744 0.2706021 0.2702701 -0.3829142 0.6536173 0.6528103 -0.9236371 0.251281 0.2894 -0.9236371 0.251281 0.2894 -0.3829142 0.6536173 0.6528103 -0.382098 0.6058831 0.697787 -0.9239766 0.1915719 0.3310099 -0.3829162 0.4627262 0.7995373 -0.9236192 0.167111 0.3449661 -0.9236192 0.167111 0.3449661 -0.3829162 0.4627262 0.7995373 -0.382055 0.4028929 0.8316919 -0.9239768 0.09878398 0.3694709 -0.3829172 0.2386111 0.8924344 -0.9236075 0.07168604 0.3765772 -0.9236075 0.07168604 0.3765772 -0.3829172 0.2386111 0.8924344 -0.3820271 0.1728261 0.9078472 -0.923972 -2.96e-4 0.38246 -0.382906 -7.13e-4 0.9237871 -0.923617 -0.027912 0.382299 -0.923617 -0.027912 0.382299 -0.382906 -7.13e-4 0.9237871 -0.3820501 -0.067297 0.9216881 -0.9239872 -0.09935402 0.3692921 -0.3829422 -0.2399952 0.8920525 -0.9236177 -0.126383 0.3618809 -0.9236177 -0.126383 0.3618809 -0.3829422 -0.2399952 0.8920525 -0.3820521 -0.304698 0.8724651 -0.9239787 -0.191139 0.3312539 -0.3829198 -0.4616978 0.8001297 -0.9236447 -0.2144509 0.3176339 -0.9236447 -0.2144509 0.3176339 -0.3829198 -0.4616978 0.8001297 -0.3821119 -0.5171059 0.7658929 -0.9239884 -0.2702831 0.2705411 -0.3829318 -0.6528967 0.6535207 -0.92362 -0.29025 0.250362 -0.92362 -0.29025 0.250362 -0.3829318 -0.6528967 0.6535207 -0.3820438 -0.6997797 0.6036147 -0.3820779 -0.8729658 0.3032279 -0.3829319 -0.8923118 0.2390459 -0.9236279 -0.36207 0.125766 -0.9236279 -0.36207 0.125766 -0.3829319 -0.8923118 0.2390459 -0.9239824 -0.3694091 0.09896304 -0.3829152 0.9237834 4.06e-4 -0.9239774 0.3824472 1.68e-4 -0.3820421 0.9216632 0.06768301 -0.3820421 0.9216632 0.06768301 -0.9239774 0.3824472 1.68e-4 -0.9236146 0.3822932 0.02807502 -0.3829152 0.9237834 4.06e-4 -0.3820533 0.9217176 -0.06687304 -0.9239774 0.3824472 1.68e-4 -0.9239774 0.3824472 1.68e-4 -0.3820533 0.9217176 -0.06687304 -0.9236206 0.3823029 -0.02773799 -0.3829041 0.8920123 0.2402051 -0.9239737 0.3692999 0.09944898 -0.3820079 0.8724778 0.3047169 -0.3820079 0.8724778 0.3047169 -0.9239737 0.3692999 0.09944898 -0.9236035 0.3619108 0.1264009 -0.382922 0.799216 0.463276 -0.9239875 0.3308552 0.1917861 -0.3820462 0.7638664 0.5201432 -0.3820462 0.7638664 0.5201432 -0.9239875 0.3308552 0.1917861 -0.9236252 0.3168201 0.215735 -0.3829661 0.6523111 0.654085 -0.9239969 0.270029 0.270766 -0.3820941 0.6037381 0.6996461 -0.3820941 0.6037381 0.6996461 -0.9239969 0.270029 0.270766 -0.9236324 0.2504011 0.2901771 -0.3829582 0.4602322 0.8009554 -0.9239858 0.19053 0.3315849 -0.3820268 0.4002048 0.8330016 -0.3820268 0.4002048 0.8330016 -0.9239858 0.19053 0.3315849 -0.923601 0.166012 0.345545 -0.3828991 0.2363401 0.8930463 -0.9239765 0.09784506 0.3697212 -0.3819958 0.1715009 0.9081116 -0.3819958 0.1715009 0.9081116 -0.9239765 0.09784506 0.3697212 -0.9236037 0.07114097 0.3766899 -0.3829121 -0.001143 0.9237841 -0.9239761 -4.75e-4 0.3824501 -0.3820691 -0.06664802 0.9217274 -0.3820691 -0.06664802 0.9217274 -0.9239761 -4.75e-4 0.3824501 -0.9236246 -0.02764599 0.3822998 -0.38292 -0.238926 0.892349 -0.9239764 -0.09891704 0.3694362 -0.3820648 -0.3032768 0.8729546 -0.3820648 -0.3032768 0.8729546 -0.9239764 -0.09891704 0.3694362 -0.9236202 -0.12579 0.3620811 -0.3829559 -0.4612999 0.8003419 -0.9239838 -0.190973 0.3313359 -0.382136 -0.517754 0.765443 -0.382136 -0.517754 0.765443 -0.9239838 -0.190973 0.3313359 -0.9236436 -0.2147279 0.3174499 -0.382946 -0.652897 0.653512 -0.9239873 -0.2702851 0.2705431 -0.3820591 -0.6993871 0.6040601 -0.3820591 -0.6993871 0.6040601 -0.9239873 -0.2702851 0.2705431 -0.9236211 -0.290086 0.250548 -0.3829219 -0.7998879 0.4621149 -0.9239783 -0.3311531 0.1913161 -0.3820811 -0.8313112 0.4036531 -0.3820811 -0.8313112 0.4036531 -0.9239783 -0.3311531 0.1913161 -0.9236293 -0.3447901 0.1674181 -0.3829112 -0.8922606 0.2392702 -0.9239731 -0.369406 0.09906001 -0.3820389 -0.9077488 0.173316 -0.3820389 -0.9077488 0.173316 -0.9239731 -0.369406 0.09906001 -0.9236112 -0.3765291 0.07189102 -0.3829072 -0.9237863 0.001015 -0.9239741 -0.3824551 4.21e-4 -0.3821019 -0.9218708 -0.06443998 -0.3821019 -0.9218708 -0.06443998 -0.9239741 -0.3824551 4.21e-4 -0.9236398 -0.3823289 -0.02672599 -0.3829158 -0.8925756 -0.2380849 -0.9239753 -0.3695321 -0.09856804 -0.3820409 -0.8728809 -0.303519 -0.3820409 -0.8728809 -0.303519 -0.9239753 -0.3695321 -0.09856804 -0.9236135 -0.3620612 -0.1258961 -0.3829289 -0.7997378 -0.4623689 -0.9239819 -0.331084 -0.191418 -0.382053 -0.764255 -0.519567 -0.382053 -0.764255 -0.519567 -0.9239819 -0.331084 -0.191418 -0.9236191 -0.316993 -0.215507 -0.382919 -0.6536179 -0.6528069 -0.9239759 -0.270602 -0.270265 -0.3821101 -0.6058822 -0.6977813 -0.3821101 -0.6058822 -0.6977813 -0.9239759 -0.270602 -0.270265 -0.923639 -0.251281 -0.289394 -0.3829629 -0.4627139 -0.7995219 -0.9239863 -0.1915561 -0.3309921 -0.3820968 -0.4028928 -0.8316726 -0.3820968 -0.4028928 -0.8316726 -0.9239863 -0.1915561 -0.3309921 -0.9236271 -0.167102 -0.344949 -0.382927 -0.238612 -0.89243 -0.923979 -0.098785 -0.369465 -0.3820352 -0.1728281 -0.9078434 -0.3820352 -0.1728281 -0.9078434 -0.923979 -0.098785 -0.369465 -0.9236109 -0.07169099 -0.3765679 -0.382921 7.14e-4 -0.9237809 -0.9239796 2.94e-4 -0.3824418 -0.3820579 0.06729799 -0.9216847 -0.3820579 0.06729799 -0.9216847 -0.9239796 2.94e-4 -0.3824418 -0.9236233 0.02791401 -0.3822841 -0.3829038 0.2400039 -0.8920666 -0.9239786 0.09936296 -0.3693109 -0.3820108 0.3047138 -0.8724776 -0.3820108 0.3047138 -0.8724776 -0.9239786 0.09936296 -0.3693109 -0.9236069 0.126396 -0.361904 -0.3829389 0.4616958 -0.8001217 -0.9239777 0.191144 -0.3312539 -0.3821459 0.5171019 -0.7658788 -0.3821459 0.5171019 -0.7658788 -0.9239777 0.191144 -0.3312539 -0.9236476 0.2144529 -0.3176239 -0.382973 0.6528841 -0.6535091 -0.923999 0.270265 -0.270523 -0.3820679 0.6997769 -0.6036029 -0.3820679 0.6997769 -0.6036029 -0.923999 0.270265 -0.270523 -0.9236274 0.2902361 -0.2503511 -0.9236154 0.3620972 -0.1257791 -0.9239711 0.369435 -0.09897102 -0.382033 0.872982 -0.303238 -0.382033 0.872982 -0.303238 -0.9239711 0.369435 -0.09897102 -0.3829001 0.8923241 -0.239051 -0.359211 0.406875 0.839893 -0.9204652 0.17039 0.3517261 -0.3600412 0.4673112 0.8074594 -0.3600412 0.4673112 0.8074594 -0.9204652 0.17039 0.3517261 -0.9208366 0.1953269 0.3375019 -0.9208308 0.100727 0.3767289 -0.3600529 0.2409759 0.9012728 -0.9204496 0.07309304 0.3839662 -0.9204496 0.07309304 0.3839662 -0.3600529 0.2409759 0.9012728 -0.3592081 0.1745321 0.9167923 -0.9208122 -3.05e-4 0.3900061 -0.3600151 -7.22e-4 0.9329463 -0.9204384 -0.02846001 0.3898502 -0.9204384 -0.02846001 0.3898502 -0.3600151 -7.22e-4 0.9329463 -0.3591812 -0.06795504 0.9307905 -0.9208177 -0.10132 0.3766019 -0.3600421 -0.2423771 0.9009013 -0.9204363 -0.128884 0.3690341 -0.9204363 -0.128884 0.3690341 -0.3600421 -0.2423771 0.9009013 -0.3591872 -0.3077101 0.8810784 -0.9208133 -0.194921 0.3378001 -0.359992 -0.466287 0.8080731 -0.9204646 -0.2186949 0.3239098 -0.9204646 -0.2186949 0.3239098 -0.359992 -0.466287 0.8080731 -0.3592131 -0.5222251 0.7734642 -0.9208294 -0.2756141 0.2758811 -0.3600521 -0.6593652 0.6600002 -0.9204496 -0.2959682 0.2552952 -0.9204496 -0.2959682 0.2552952 -0.3600521 -0.6593652 0.6600002 -0.3592139 -0.7066788 0.6095659 -0.3591911 -0.8815933 0.3062271 -0.3600158 -0.9011685 0.2414209 -0.9204391 -0.369246 0.128255 -0.9204391 -0.369246 0.128255 -0.3600158 -0.9011685 0.2414209 -0.9208122 -0.3767221 0.100923 -0.359187 -0.9308189 0.06753499 -0.360011 -0.932948 -4.11e-4 -0.9204406 -0.3898578 0.02828699 -0.9204406 -0.3898578 0.02828699 -0.360011 -0.932948 -4.11e-4 -0.9208106 -0.3900099 -1.72e-4 -0.9208106 -0.3900099 -1.72e-4 -0.360011 -0.932948 -4.11e-4 -0.9204346 -0.3898468 -0.02862999 -0.9204346 -0.3898468 -0.02862999 -0.360011 -0.932948 -4.11e-4 -0.3591699 -0.9307656 -0.06835398 -0.920813 -0.37659 -0.101407 -0.3600182 -0.9008554 -0.2425831 -0.920428 -0.369054 -0.128886 -0.920428 -0.369054 -0.128886 -0.3600182 -0.9008554 -0.2425831 -0.359163 -0.8810859 -0.307717 -0.9208115 -0.3374172 -0.1955911 -0.360036 -0.8071351 -0.4678751 -0.9204324 -0.3231041 -0.2200181 -0.9204324 -0.3231041 -0.2200181 -0.360036 -0.8071351 -0.4678751 -0.359196 -0.7713961 -0.525287 -0.9208271 -0.275377 -0.276125 -0.360049 -0.65879 -0.660576 -0.9204549 -0.255348 -0.295906 -0.9204549 -0.255348 -0.295906 -0.360049 -0.65879 -0.660576 -0.359209 -0.60971 -0.706557 -0.9208306 -0.1942799 -0.3381219 -0.360031 -0.4647981 -0.8089131 -0.9204322 -0.169277 -0.3523491 -0.9204322 -0.169277 -0.3523491 -0.360031 -0.4647981 -0.8089131 -0.3591451 -0.4041471 -0.8412372 -0.9208156 -0.09977296 -0.3770199 -0.3600369 -0.2386809 -0.9018897 -0.9204259 -0.07253999 -0.3841279 -0.9204259 -0.07253999 -0.3841279 -0.3600369 -0.2386809 -0.9018897 -0.3591689 -0.173187 -0.9170628 -0.9208092 4.79e-4 -0.3900131 -0.360004 0.001148 -0.9329501 -0.9204497 0.02817802 -0.3898443 -0.9204497 0.02817802 -0.3898443 -0.360004 0.001148 -0.9329501 -0.359201 0.067293 -0.930831 -0.9208305 0.1008591 -0.3766942 -0.3600498 0.2412949 -0.9011886 -0.9204641 0.12826 -0.369182 -0.9204641 0.12826 -0.369182 -0.3600498 0.2412949 -0.9011886 -0.3592241 0.3062661 -0.8815663 -0.920832 0.194737 -0.337855 -0.3600259 0.4658869 -0.8082888 -0.9204704 0.2189691 -0.3237081 -0.9204704 0.2189691 -0.3237081 -0.3600259 0.4658869 -0.8082888 -0.3592199 0.5228869 -0.7730138 -0.9208216 0.2756299 -0.2758909 -0.3600281 0.6593772 -0.6600012 -0.9204444 0.2958122 -0.2554941 -0.9204444 0.2958122 -0.2554941 -0.3600281 0.6593772 -0.6600012 -0.3591951 0.7062902 -0.6100271 -0.9208167 0.3376902 -0.1950951 -0.360027 0.8078191 -0.4667 -0.9204568 0.3515879 -0.17072 -0.9204568 0.3515879 -0.17072 -0.360027 0.8078191 -0.4667 -0.359223 0.8395179 -0.407638 -0.9208184 0.3766832 -0.101012 -0.360023 0.9011069 -0.24164 -0.9204415 0.3839452 -0.07330505 -0.9204415 0.3839452 -0.07330505 -0.360023 0.9011069 -0.24164 -0.359182 0.9167091 -0.175022 -0.9208122 0.3900061 -4.29e-4 -0.3600171 0.9329453 -0.001025 -0.9204665 0.3898702 0.02725202 -0.9204665 0.3898702 0.02725202 -0.3600171 0.9329453 -0.001025 -0.359244 0.930972 0.065077 -0.9208201 0.3768131 0.100511 -0.3600281 0.9014242 0.2404461 -0.9204404 0.3692001 0.128378 -0.9204404 0.3692001 0.128378 -0.3600281 0.9014242 0.2404461 -0.359182 0.8814959 0.306518 -0.9208187 0.3376249 0.195198 -0.360032 0.8076701 0.4669541 -0.9204431 0.32325 0.219759 -0.9204431 0.32325 0.219759 -0.360032 0.8076701 0.4669541 -0.3591958 0.7717956 0.5246997 -0.9208168 0.2759389 0.2755979 -0.3600188 0.6600987 0.6592847 -0.9204689 0.256232 0.295097 -0.9204689 0.256232 0.295097 -0.3600188 0.6600987 0.6592847 -0.3592389 0.6118658 0.7046757 0.7071058 -0.6363807 0.3082549 0.7080218 -0.6117848 0.3527389 0.7071077 0.6363787 -0.3082548 0.7071077 0.6363787 -0.3082548 0.7080218 -0.6117848 0.3527389 0.7080213 0.6117863 -0.3527372 -0.3820501 0.8317062 -0.4028681 0.7071077 0.6363787 -0.3082548 -0.3829103 0.8002926 -0.4614233 -0.3829103 0.8002926 -0.4614233 0.7071077 0.6363787 -0.3082548 0.7080213 0.6117863 -0.3527372 -0.3829103 0.8002926 -0.4614233 -0.9239823 0.3313111 -0.1910231 -0.3820501 0.8317062 -0.4028681 -0.3820501 0.8317062 -0.4028681 -0.9239823 0.3313111 -0.1910231 -0.9236241 0.344961 -0.167094 -0.9204364 -0.3517968 0.1703989 -0.9236241 0.344961 -0.167094 -0.9208089 -0.337879 0.194805 -0.9208089 -0.337879 0.194805 -0.9236241 0.344961 -0.167094 -0.9239823 0.3313111 -0.1910231 -0.9208089 -0.337879 0.194805 -0.360028 -0.8082261 0.4659941 -0.9204364 -0.3517968 0.1703989 -0.9204364 -0.3517968 0.1703989 -0.360028 -0.8082261 0.4659941 -0.3591941 -0.8399172 0.4068401 -0.6954067 -0.6467367 0.3132749 -0.3591941 -0.8399172 0.4068401 -0.6963378 -0.6217689 0.3584929 -0.6963378 -0.6217689 0.3584929 -0.3591941 -0.8399172 0.4068401 -0.360028 -0.8082261 0.4659941 -0.9236277 -0.3449519 0.1670929 -0.6954067 -0.6467367 0.3132749 -0.9239823 -0.3313111 0.1910231 -0.9239823 -0.3313111 0.1910231 -0.6954067 -0.6467367 0.3132749 -0.6963378 -0.6217689 0.3584929 -0.9239823 -0.3313111 0.1910231 -0.382929 -0.800285 0.461421 -0.9236277 -0.3449519 0.1670929 -0.9236277 -0.3449519 0.1670929 -0.382929 -0.800285 0.461421 -0.3820761 -0.8316952 0.4028661 0.7071058 -0.6363807 0.3082549 -0.3820761 -0.8316952 0.4028661 0.7080218 -0.6117848 0.3527389 0.7080218 -0.6117848 0.3527389 -0.3820761 -0.8316952 0.4028661 -0.382929 -0.800285 0.461421 -0.382065 -0.907647 0.173791 -0.3829319 -0.8923118 0.2390459 0.7071033 -0.6944942 0.132977 0.7071033 -0.6944942 0.132977 -0.3829319 -0.8923118 0.2390459 0.7080337 -0.6821257 0.1827369 0.7071033 -0.6944942 0.132977 0.7080337 -0.6821257 0.1827369 0.7071102 0.6944882 -0.132972 0.7071102 0.6944882 -0.132972 0.7080337 -0.6821257 0.1827369 0.708042 0.6821169 -0.182738 -0.3820461 0.9076552 -0.17379 0.7071102 0.6944882 -0.132972 -0.3829001 0.8923241 -0.239051 -0.3829001 0.8923241 -0.239051 0.7071102 0.6944882 -0.132972 0.708042 0.6821169 -0.182738 -0.923613 0.376487 -0.072087 -0.3820461 0.9076552 -0.17379 -0.9239711 0.369435 -0.09897102 -0.9239711 0.369435 -0.09897102 -0.3820461 0.9076552 -0.17379 -0.3829001 0.8923241 -0.239051 -0.9204462 -0.3838951 0.07350802 -0.923613 0.376487 -0.072087 -0.9208122 -0.3767221 0.100923 -0.9208122 -0.3767221 0.100923 -0.923613 0.376487 -0.072087 -0.9239711 0.369435 -0.09897102 -0.9208122 -0.3767221 0.100923 -0.3600158 -0.9011685 0.2414209 -0.9204462 -0.3838951 0.07350802 -0.9204462 -0.3838951 0.07350802 -0.3600158 -0.9011685 0.2414209 -0.3591901 -0.9166132 0.175507 -0.6954029 -0.7057989 0.13514 -0.3591901 -0.9166132 0.175507 -0.6963488 -0.6932577 0.1857209 -0.6963488 -0.6932577 0.1857209 -0.3591901 -0.9166132 0.175507 -0.3600158 -0.9011685 0.2414209 -0.9236231 -0.3764631 0.072083 -0.6954029 -0.7057989 0.13514 -0.9239824 -0.3694091 0.09896304 -0.9239824 -0.3694091 0.09896304 -0.6954029 -0.7057989 0.13514 -0.6963488 -0.6932577 0.1857209 -0.382065 -0.907647 0.173791 -0.9236231 -0.3764631 0.072083 -0.3829319 -0.8923118 0.2390459 -0.3829319 -0.8923118 0.2390459 -0.9236231 -0.3764631 0.072083 -0.9239824 -0.3694091 0.09896304 -0.6963609 -0.6930059 -0.186613 -0.6954039 -0.7056769 -0.13577 -0.9239864 -0.3692711 -0.09943904 -0.9239864 -0.3692711 -0.09943904 -0.6954039 -0.7056769 -0.13577 -0.9236309 -0.3763799 -0.07241599 -0.3600182 -0.9008554 -0.2425831 -0.3592049 -0.9164507 -0.176323 -0.6963609 -0.6930059 -0.186613 -0.6963609 -0.6930059 -0.186613 -0.3592049 -0.9164507 -0.176323 -0.6954039 -0.7056769 -0.13577 -0.3592049 -0.9164507 -0.176323 -0.3600182 -0.9008554 -0.2425831 -0.92045 -0.383821 -0.073847 -0.92045 -0.383821 -0.073847 -0.3600182 -0.9008554 -0.2425831 -0.920813 -0.37659 -0.101407 -0.9239737 0.3692999 0.09944898 -0.923622 0.376401 0.072421 -0.920813 -0.37659 -0.101407 -0.920813 -0.37659 -0.101407 -0.923622 0.376401 0.072421 -0.92045 -0.383821 -0.073847 -0.923622 0.376401 0.072421 -0.9239737 0.3692999 0.09944898 -0.3820599 0.9074939 0.1746 -0.3820599 0.9074939 0.1746 -0.9239737 0.3692999 0.09944898 -0.3829041 0.8920123 0.2402051 0.7080522 0.6818702 0.1836171 0.7071099 0.694369 0.133594 -0.3829041 0.8920123 0.2402051 -0.3829041 0.8920123 0.2402051 0.7071099 0.694369 0.133594 -0.3820599 0.9074939 0.1746 0.7071038 -0.6943748 -0.133596 0.7071099 0.694369 0.133594 0.7080442 -0.6818792 -0.183615 0.7080442 -0.6818792 -0.183615 0.7071099 0.694369 0.133594 0.7080522 0.6818702 0.1836171 -0.382939 -0.891999 -0.240199 -0.3820819 -0.9074848 -0.174599 0.7080442 -0.6818792 -0.183615 0.7080442 -0.6818792 -0.183615 -0.3820819 -0.9074848 -0.174599 0.7071038 -0.6943748 -0.133596 -0.3820819 -0.9074848 -0.174599 -0.382939 -0.891999 -0.240199 -0.9236309 -0.3763799 -0.07241599 -0.9236309 -0.3763799 -0.07241599 -0.382939 -0.891999 -0.240199 -0.9239864 -0.3692711 -0.09943904 -0.696354 -0.62092 -0.35993 -0.695408 -0.64618 -0.314419 -0.9239821 -0.330865 -0.191795 -0.9239821 -0.330865 -0.191795 -0.695408 -0.64618 -0.314419 -0.9236429 -0.344623 -0.167687 -0.360036 -0.8071351 -0.4678751 -0.359229 -0.8391829 -0.4083219 -0.696354 -0.62092 -0.35993 -0.696354 -0.62092 -0.35993 -0.359229 -0.8391829 -0.4083219 -0.695408 -0.64618 -0.314419 -0.359229 -0.8391829 -0.4083219 -0.360036 -0.8071351 -0.4678751 -0.9204521 -0.35146 -0.171008 -0.9204521 -0.35146 -0.171008 -0.360036 -0.8071351 -0.4678751 -0.9208115 -0.3374172 -0.1955911 -0.9239875 0.3308552 0.1917861 -0.9236373 0.3446358 0.1676909 -0.9208115 -0.3374172 -0.1955911 -0.9208115 -0.3374172 -0.1955911 -0.9236373 0.3446358 0.1676909 -0.9204521 -0.35146 -0.171008 -0.9236373 0.3446358 0.1676909 -0.9239875 0.3308552 0.1917861 -0.3820809 0.8309819 0.4043309 -0.3820809 0.8309819 0.4043309 -0.9239875 0.3308552 0.1917861 -0.382922 0.799216 0.463276 0.7080358 0.6109539 0.3541479 0.7071089 0.635832 0.309378 -0.382922 0.799216 0.463276 -0.382922 0.799216 0.463276 0.7071089 0.635832 0.309378 -0.3820809 0.8309819 0.4043309 0.7071052 -0.6358382 -0.3093741 0.7071089 0.635832 0.309378 0.7080351 -0.610954 -0.354149 0.7080351 -0.610954 -0.354149 0.7071089 0.635832 0.309378 0.7080358 0.6109539 0.3541479 -0.3829271 -0.7992112 -0.4632801 -0.3821081 -0.8309722 -0.4043251 0.7080351 -0.610954 -0.354149 0.7080351 -0.610954 -0.354149 -0.3821081 -0.8309722 -0.4043251 0.7071052 -0.6358382 -0.3093741 -0.3821081 -0.8309722 -0.4043251 -0.3829271 -0.7992112 -0.4632801 -0.9236429 -0.344623 -0.167687 -0.9236429 -0.344623 -0.167687 -0.3829271 -0.7992112 -0.4632801 -0.9239821 -0.330865 -0.191795 -0.6963508 -0.5068058 -0.5081768 -0.6954172 -0.5427811 -0.4709391 -0.9239773 -0.2700661 -0.2707961 -0.9239773 -0.2700661 -0.2707961 -0.6954172 -0.5427811 -0.4709391 -0.9236314 -0.2895051 -0.2511811 -0.360049 -0.65879 -0.660576 -0.3592601 -0.7048902 -0.6116061 -0.6963508 -0.5068058 -0.5081768 -0.6963508 -0.5068058 -0.5081768 -0.3592601 -0.7048902 -0.6116061 -0.6954172 -0.5427811 -0.4709391 -0.3592601 -0.7048902 -0.6116061 -0.360049 -0.65879 -0.660576 -0.9204699 -0.295187 -0.256125 -0.9204699 -0.295187 -0.256125 -0.360049 -0.65879 -0.660576 -0.9208271 -0.275377 -0.276125 -0.9239969 0.270029 0.270766 -0.9236568 0.2894509 0.25115 -0.9208271 -0.275377 -0.276125 -0.9208271 -0.275377 -0.276125 -0.9236568 0.2894509 0.25115 -0.9204699 -0.295187 -0.256125 -0.9236568 0.2894509 0.25115 -0.9239969 0.270029 0.270766 -0.3821402 0.6979914 0.6056213 -0.3821402 0.6979914 0.6056213 -0.9239969 0.270029 0.270766 -0.3829661 0.6523111 0.654085 0.7080208 0.4986759 0.5000289 0.7071022 0.5340961 0.4634091 -0.3829661 0.6523111 0.654085 -0.3829661 0.6523111 0.654085 0.7071022 0.5340961 0.4634091 -0.3821402 0.6979914 0.6056213 0.7071087 -0.5340858 -0.4634108 0.7071022 0.5340961 0.4634091 0.7080278 -0.4986699 -0.5000249 0.7080278 -0.4986699 -0.5000249 0.7071022 0.5340961 0.4634091 0.7080208 0.4986759 0.5000289 -0.382905 -0.652332 -0.6541 -0.3820719 -0.6980159 -0.6056359 0.7080278 -0.4986699 -0.5000249 0.7080278 -0.4986699 -0.5000249 -0.3820719 -0.6980159 -0.6056359 0.7071087 -0.5340858 -0.4634108 -0.3820719 -0.6980159 -0.6056359 -0.382905 -0.652332 -0.6541 -0.9236314 -0.2895051 -0.2511811 -0.9236314 -0.2895051 -0.2511811 -0.382905 -0.652332 -0.6541 -0.9239773 -0.2700661 -0.2707961 -0.6963772 -0.3575541 -0.6222652 -0.6954041 -0.4029151 -0.5950401 -0.9239871 -0.190527 -0.331583 -0.9239871 -0.190527 -0.331583 -0.6954041 -0.4029151 -0.5950401 -0.9236318 -0.2148982 -0.3173693 -0.360031 -0.4647981 -0.8089131 -0.3592159 -0.5232548 -0.7727667 -0.6963772 -0.3575541 -0.6222652 -0.6963772 -0.3575541 -0.6222652 -0.3592159 -0.5232548 -0.7727667 -0.6954041 -0.4029151 -0.5950401 -0.3592159 -0.5232548 -0.7727667 -0.360031 -0.4647981 -0.8089131 -0.9204665 -0.2191211 -0.3236162 -0.9204665 -0.2191211 -0.3236162 -0.360031 -0.4647981 -0.8089131 -0.9208306 -0.1942799 -0.3381219 -0.9239858 0.19053 0.3315849 -0.923635 0.214895 0.317362 -0.9208306 -0.1942799 -0.3381219 -0.9208306 -0.1942799 -0.3381219 -0.923635 0.214895 0.317362 -0.9204665 -0.2191211 -0.3236162 -0.923635 0.214895 0.317362 -0.9239858 0.19053 0.3315849 -0.3821159 0.518131 0.7651979 -0.3821159 0.518131 0.7651979 -0.9239858 0.19053 0.3315849 -0.3829582 0.4602322 0.8009554 0.7080657 0.3518129 0.6122668 0.707105 0.396457 0.585512 -0.3829582 0.4602322 0.8009554 -0.3829582 0.4602322 0.8009554 0.707105 0.396457 0.585512 -0.3821159 0.518131 0.7651979 0.7071082 -0.3964631 -0.5855041 0.707105 0.396457 0.585512 0.708067 -0.35181 -0.612267 0.708067 -0.35181 -0.612267 0.707105 0.396457 0.585512 0.7080657 0.3518129 0.6122668 -0.38294 -0.460234 -0.800963 -0.3820792 -0.5181442 -0.7652073 0.708067 -0.35181 -0.612267 0.708067 -0.35181 -0.612267 -0.3820792 -0.5181442 -0.7652073 0.7071082 -0.3964631 -0.5855041 -0.3820792 -0.5181442 -0.7652073 -0.38294 -0.460234 -0.800963 -0.9236318 -0.2148982 -0.3173693 -0.9236318 -0.2148982 -0.3173693 -0.38294 -0.460234 -0.800963 -0.9239871 -0.190527 -0.331583 -0.6963352 -0.183622 -0.6938302 -0.6954001 -0.233397 -0.6796651 -0.9239846 -0.09783396 -0.3697039 -0.9239846 -0.09783396 -0.3697039 -0.6954001 -0.233397 -0.6796651 -0.9236559 -0.124461 -0.362449 -0.3600369 -0.2386809 -0.9018897 -0.3592768 -0.3030998 -0.8826385 -0.6963352 -0.183622 -0.6938302 -0.6963352 -0.183622 -0.6938302 -0.3592768 -0.3030998 -0.8826385 -0.6954001 -0.233397 -0.6796651 -0.3592768 -0.3030998 -0.8826385 -0.3600369 -0.2386809 -0.9018897 -0.920476 -0.126926 -0.369613 -0.920476 -0.126926 -0.369613 -0.3600369 -0.2386809 -0.9018897 -0.9208156 -0.09977296 -0.3770199 -0.9239765 0.09784506 0.3697212 -0.9236454 0.124472 0.3624721 -0.9208156 -0.09977296 -0.3770199 -0.9208156 -0.09977296 -0.3770199 -0.9236454 0.124472 0.3624721 -0.920476 -0.126926 -0.369613 -0.9236454 0.124472 0.3624721 -0.9239765 0.09784506 0.3697212 -0.3821042 0.3001352 0.8740225 -0.3821042 0.3001352 0.8740225 -0.9239765 0.09784506 0.3697212 -0.3828991 0.2363401 0.8930463 0.70803 0.18067 0.68268 0.7071109 0.229654 0.66877 -0.3828991 0.2363401 0.8930463 -0.3828991 0.2363401 0.8930463 0.7071109 0.229654 0.66877 -0.3821042 0.3001352 0.8740225 0.7071022 -0.2296511 -0.6687802 0.7071109 0.229654 0.66877 0.7080203 -0.1806691 -0.6826903 0.7080203 -0.1806691 -0.6826903 0.7071109 0.229654 0.66877 0.70803 0.18067 0.68268 -0.3829361 -0.2363291 -0.8930333 -0.3821449 -0.300126 -0.8740079 0.7080203 -0.1806691 -0.6826903 0.7080203 -0.1806691 -0.6826903 -0.3821449 -0.300126 -0.8740079 0.7071022 -0.2296511 -0.6687802 -0.3821449 -0.300126 -0.8740079 -0.3829361 -0.2363291 -0.8930333 -0.9236559 -0.124461 -0.362449 -0.9236559 -0.124461 -0.362449 -0.3829361 -0.2363291 -0.8930333 -0.9239846 -0.09783396 -0.3697039 -0.6963028 8.83e-4 -0.7177477 -0.6953962 -0.05005502 -0.7168812 -0.9239708 4.69e-4 -0.3824629 -0.9239708 4.69e-4 -0.3824629 -0.6953962 -0.05005502 -0.7168812 -0.923638 -0.0267 -0.382335 -0.360004 0.001148 -0.9329501 -0.359231 -0.06500301 -0.9309821 -0.6963028 8.83e-4 -0.7177477 -0.6963028 8.83e-4 -0.7177477 -0.359231 -0.06500301 -0.9309821 -0.6953962 -0.05005502 -0.7168812 -0.359231 -0.06500301 -0.9309821 -0.360004 0.001148 -0.9329501 -0.920462 -0.027221 -0.389883 -0.920462 -0.027221 -0.389883 -0.360004 0.001148 -0.9329501 -0.9208092 4.79e-4 -0.3900131 -0.9239761 -4.75e-4 0.3824501 -0.9236448 0.02669599 0.3823189 -0.9208092 4.79e-4 -0.3900131 -0.9208092 4.79e-4 -0.3900131 -0.9236448 0.02669599 0.3823189 -0.920462 -0.027221 -0.389883 -0.9236448 0.02669599 0.3823189 -0.9239761 -4.75e-4 0.3824501 -0.3821089 0.06436799 0.9218729 -0.3821089 0.06436799 0.9218729 -0.9239761 -4.75e-4 0.3824501 -0.3829121 -0.001143 0.9237841 0.7079975 -8.72001e-4 0.7062145 0.7071082 0.04925001 0.7053882 -0.3829121 -0.001143 0.9237841 -0.3829121 -0.001143 0.9237841 0.7071082 0.04925001 0.7053882 -0.3821089 0.06436799 0.9218729 0.7071052 -0.04926402 -0.7053902 0.7071082 0.04925001 0.7053882 0.707996 8.69e-4 -0.706216 0.707996 8.69e-4 -0.706216 0.7071082 0.04925001 0.7053882 0.7079975 -8.72001e-4 0.7062145 -0.382903 0.001135 -0.9237879 -0.3821011 -0.06437902 -0.9218754 0.707996 8.69e-4 -0.706216 0.707996 8.69e-4 -0.706216 -0.3821011 -0.06437902 -0.9218754 0.7071052 -0.04926402 -0.7053902 -0.3821011 -0.06437902 -0.9218754 -0.382903 0.001135 -0.9237879 -0.923638 -0.0267 -0.382335 -0.923638 -0.0267 -0.382335 -0.382903 0.001135 -0.9237879 -0.9239708 4.69e-4 -0.3824629 0.7071066 0.1327579 -0.6945326 0.7071068 -0.132745 0.6945348 0.708043 0.18264 -0.6821421 0.708043 0.18264 -0.6821421 0.7071068 -0.132745 0.6945348 0.7080422 -0.182643 0.6821422 -0.3829099 0.2389209 -0.8923547 -0.3820499 0.1734959 -0.9077098 0.708043 0.18264 -0.6821421 0.708043 0.18264 -0.6821421 -0.3820499 0.1734959 -0.9077098 0.7071066 0.1327579 -0.6945326 -0.3820499 0.1734959 -0.9077098 -0.3829099 0.2389209 -0.8923547 -0.9236171 0.07196101 -0.3765011 -0.9236171 0.07196101 -0.3765011 -0.3829099 0.2389209 -0.8923547 -0.9239734 0.09891594 -0.3694438 -0.6963533 0.1856271 -0.6932783 -0.6954058 0.134917 -0.7058387 -0.9239734 0.09891594 -0.3694438 -0.9239734 0.09891594 -0.3694438 -0.6954058 0.134917 -0.7058387 -0.9236171 0.07196101 -0.3765011 -0.3600498 0.2412949 -0.9011886 -0.359216 0.175214 -0.9166591 -0.6963533 0.1856271 -0.6932783 -0.6963533 0.1856271 -0.6932783 -0.359216 0.175214 -0.9166591 -0.6954058 0.134917 -0.7058387 -0.359216 0.175214 -0.9166591 -0.3600498 0.2412949 -0.9011886 -0.9204538 0.07337698 -0.3839019 -0.9204538 0.07337698 -0.3839019 -0.3600498 0.2412949 -0.9011886 -0.9208305 0.1008591 -0.3766942 -0.9239764 -0.09891704 0.3694362 -0.9236153 -0.07196802 0.3765042 -0.9208305 0.1008591 -0.3766942 -0.9208305 0.1008591 -0.3766942 -0.9236153 -0.07196802 0.3765042 -0.9204538 0.07337698 -0.3839019 -0.9236153 -0.07196802 0.3765042 -0.9239764 -0.09891704 0.3694362 -0.3820462 -0.1734961 0.9077113 -0.3820462 -0.1734961 0.9077113 -0.9239764 -0.09891704 0.3694362 -0.38292 -0.238926 0.892349 0.7080422 -0.182643 0.6821422 0.7071068 -0.132745 0.6945348 -0.38292 -0.238926 0.892349 -0.38292 -0.238926 0.892349 0.7071068 -0.132745 0.6945348 -0.3820462 -0.1734961 0.9077113 -0.3828962 0.4613173 -0.8003605 -0.382034 0.40283 -0.831732 0.7080237 0.3526518 -0.6118327 0.7080237 0.3526518 -0.6118327 -0.382034 0.40283 -0.831732 0.7071117 0.3082188 -0.6363917 -0.382034 0.40283 -0.831732 -0.3828962 0.4613173 -0.8003605 -0.9236104 0.1670911 -0.3449992 -0.9236104 0.1670911 -0.3449992 -0.3828962 0.4613173 -0.8003605 -0.9239684 0.1909951 -0.3313661 -0.6963225 0.3584143 -0.6218314 -0.6953951 0.31324 -0.6467661 -0.9239684 0.1909951 -0.3313661 -0.9239684 0.1909951 -0.3313661 -0.6953951 0.31324 -0.6467661 -0.9236104 0.1670911 -0.3449992 -0.3600259 0.4658869 -0.8082888 -0.3592141 0.4067931 -0.8399313 -0.6963225 0.3584143 -0.6218314 -0.6963225 0.3584143 -0.6218314 -0.3592141 0.4067931 -0.8399313 -0.6953951 0.31324 -0.6467661 -0.3592141 0.4067931 -0.8399313 -0.3600259 0.4658869 -0.8082888 -0.9204683 0.1703521 -0.3517361 -0.9204683 0.1703521 -0.3517361 -0.3600259 0.4658869 -0.8082888 -0.920832 0.194737 -0.337855 -0.9239838 -0.190973 0.3313359 -0.9236239 -0.167073 0.344972 -0.920832 0.194737 -0.337855 -0.920832 0.194737 -0.337855 -0.9236239 -0.167073 0.344972 -0.9204683 0.1703521 -0.3517361 -0.9236239 -0.167073 0.344972 -0.9239838 -0.190973 0.3313359 -0.3820888 -0.4028138 0.8317146 -0.3820888 -0.4028138 0.8317146 -0.9239838 -0.190973 0.3313359 -0.3829559 -0.4612999 0.8003419 0.7080159 -0.352653 0.611841 0.7071022 -0.3082251 0.6363991 -0.3829559 -0.4612999 0.8003419 -0.3829559 -0.4612999 0.8003419 0.7071022 -0.3082251 0.6363991 -0.3820888 -0.4028138 0.8317146 0.7071117 0.3082188 -0.6363917 0.7071022 -0.3082251 0.6363991 0.7080237 0.3526518 -0.6118327 0.7080237 0.3526518 -0.6118327 0.7071022 -0.3082251 0.6363991 0.7080159 -0.352653 0.611841 -0.382939 0.652899 -0.653514 -0.382042 0.603407 -0.69996 0.7080584 0.4990932 -0.4995592 0.7080584 0.4990932 -0.4995592 -0.382042 0.603407 -0.69996 0.7071042 0.4616981 -0.5355731 -0.382042 0.603407 -0.69996 -0.382939 0.652899 -0.653514 -0.9236134 0.2502861 -0.2903362 -0.9236134 0.2502861 -0.2903362 -0.382939 0.652899 -0.653514 -0.9239845 0.2702898 -0.2705478 -0.69637 0.507239 -0.507718 -0.6954002 0.4692161 -0.5442931 -0.9239845 0.2702898 -0.2705478 -0.9239845 0.2702898 -0.2705478 -0.6954002 0.4692161 -0.5442931 -0.9236134 0.2502861 -0.2903362 -0.3600281 0.6593772 -0.6600012 -0.3591701 0.6093662 -0.7068732 -0.69637 0.507239 -0.507718 -0.69637 0.507239 -0.507718 -0.3591701 0.6093662 -0.7068732 -0.6954002 0.4692161 -0.5442931 -0.3591701 0.6093662 -0.7068732 -0.3600281 0.6593772 -0.6600012 -0.9204406 0.2552209 -0.2960599 -0.9204406 0.2552209 -0.2960599 -0.3600281 0.6593772 -0.6600012 -0.9208216 0.2756299 -0.2758909 -0.9239873 -0.2702851 0.2705431 -0.9236218 -0.2502709 0.2903229 -0.9208216 0.2756299 -0.2758909 -0.9208216 0.2756299 -0.2758909 -0.9236218 -0.2502709 0.2903229 -0.9204406 0.2552209 -0.2960599 -0.9236218 -0.2502709 0.2903229 -0.9239873 -0.2702851 0.2705431 -0.3820691 -0.603399 0.6999521 -0.3820691 -0.603399 0.6999521 -0.9239873 -0.2702851 0.2705431 -0.382946 -0.652897 0.653512 0.7080642 -0.4990881 0.4995561 0.7071096 -0.4616948 0.5355688 -0.382946 -0.652897 0.653512 -0.382946 -0.652897 0.653512 0.7071096 -0.4616948 0.5355688 -0.3820691 -0.603399 0.6999521 0.7071042 0.4616981 -0.5355731 0.7071096 -0.4616948 0.5355688 0.7080584 0.4990932 -0.4995592 0.7080584 0.4990932 -0.4995592 0.7071096 -0.4616948 0.5355688 0.7080642 -0.4990881 0.4995561 -0.3829312 0.7998845 -0.4621133 -0.3820831 0.7649331 -0.518546 0.708023 0.611478 -0.353268 0.708023 0.611478 -0.353268 -0.3820831 0.7649331 -0.518546 0.7071103 0.5852943 -0.3967692 -0.3820831 0.7649331 -0.518546 -0.3829312 0.7998845 -0.4621133 -0.9236236 0.3172699 -0.2150799 -0.9236236 0.3172699 -0.2150799 -0.3829312 0.7998845 -0.4621133 -0.9239764 0.3311581 -0.1913171 -0.6963229 0.6214699 -0.35904 -0.695395 0.594834 -0.403235 -0.9239764 0.3311581 -0.1913171 -0.9239764 0.3311581 -0.1913171 -0.695395 0.594834 -0.403235 -0.9236236 0.3172699 -0.2150799 -0.360027 0.8078191 -0.4667 -0.3592139 0.7724898 -0.5236649 -0.6963229 0.6214699 -0.35904 -0.6963229 0.6214699 -0.35904 -0.3592139 0.7724898 -0.5236649 -0.695395 0.594834 -0.403235 -0.3592139 0.7724898 -0.5236649 -0.360027 0.8078191 -0.4667 -0.9204512 0.3235271 -0.2193171 -0.9204512 0.3235271 -0.2193171 -0.360027 0.8078191 -0.4667 -0.9208167 0.3376902 -0.1950951 -0.9239783 -0.3311531 0.1913161 -0.9236274 -0.3172661 0.2150691 -0.9208167 0.3376902 -0.1950951 -0.9208167 0.3376902 -0.1950951 -0.9236274 -0.3172661 0.2150691 -0.9204512 0.3235271 -0.2193171 -0.9236274 -0.3172661 0.2150691 -0.9239783 -0.3311531 0.1913161 -0.3820751 -0.7649411 0.5185401 -0.3820751 -0.7649411 0.5185401 -0.9239783 -0.3311531 0.1913161 -0.3829219 -0.7998879 0.4621149 0.7080169 -0.6114849 0.353268 0.7071035 -0.5853044 0.3967663 -0.3829219 -0.7998879 0.4621149 -0.3829219 -0.7998879 0.4621149 0.7071035 -0.5853044 0.3967663 -0.3820751 -0.7649411 0.5185401 0.7071103 0.5852943 -0.3967692 0.7071035 -0.5853044 0.3967663 0.708023 0.611478 -0.353268 0.708023 0.611478 -0.353268 0.7071035 -0.5853044 0.3967663 0.7080169 -0.6114849 0.353268 -0.3829459 0.8922477 -0.2392629 -0.3820658 0.8726615 -0.3041178 0.7080542 0.6820602 -0.1829021 0.7080542 0.6820602 -0.1829021 -0.3820658 0.8726615 -0.3041178 0.7071041 0.6677231 -0.232701 -0.3820658 0.8726615 -0.3041178 -0.3829459 0.8922477 -0.2392629 -0.92363 0.361937 -0.126132 -0.92363 0.361937 -0.126132 -0.3829459 0.8922477 -0.2392629 -0.9239953 0.3693551 -0.09904402 -0.696384 0.693179 -0.185883 -0.6954169 0.6785789 -0.236487 -0.9239953 0.3693551 -0.09904402 -0.9239953 0.3693551 -0.09904402 -0.6954169 0.6785789 -0.236487 -0.92363 0.361937 -0.126132 -0.360023 0.9011069 -0.24164 -0.359179 0.8812851 -0.307127 -0.696384 0.693179 -0.185883 -0.696384 0.693179 -0.185883 -0.359179 0.8812851 -0.307127 -0.6954169 0.6785789 -0.236487 -0.359179 0.8812851 -0.307127 -0.360023 0.9011069 -0.24164 -0.9204395 0.3691122 -0.1286361 -0.9204395 0.3691122 -0.1286361 -0.360023 0.9011069 -0.24164 -0.9208184 0.3766832 -0.101012 -0.9239731 -0.369406 0.09906001 -0.9236062 -0.3619911 0.126151 -0.9208184 0.3766832 -0.101012 -0.9208184 0.3766832 -0.101012 -0.9236062 -0.3619911 0.126151 -0.9204395 0.3691122 -0.1286361 -0.9236062 -0.3619911 0.126151 -0.9239731 -0.369406 0.09906001 -0.382026 -0.8726761 0.304126 -0.382026 -0.8726761 0.304126 -0.9239731 -0.369406 0.09906001 -0.3829112 -0.8922606 0.2392702 0.7080618 -0.6820529 0.1829 0.7071097 -0.6677178 0.2326989 -0.3829112 -0.8922606 0.2392702 -0.3829112 -0.8922606 0.2392702 0.7071097 -0.6677178 0.2326989 -0.382026 -0.8726761 0.304126 0.7071041 0.6677231 -0.232701 0.7071097 -0.6677178 0.2326989 0.7080542 0.6820602 -0.1829021 0.7080542 0.6820602 -0.1829021 0.7071097 -0.6677178 0.2326989 0.7080618 -0.6820529 0.1829 -0.3829209 0.9237806 -0.001015 -0.3820792 0.9217364 -0.06646603 0.707994 0.7062181 -7.75e-4 0.707994 0.7062181 -7.75e-4 -0.3820792 0.9217364 -0.06646603 0.7071061 0.7052761 -0.05085901 -0.3820792 0.9217364 -0.06646603 -0.3829209 0.9237806 -0.001015 -0.9236329 0.382286 -0.027565 -0.9236329 0.382286 -0.027565 -0.3829209 0.9237806 -0.001015 -0.9239811 0.3824381 -4.21e-4 -0.6963109 0.7177399 -7.88e-4 -0.6954107 0.7167516 -0.05168197 -0.9239811 0.3824381 -4.21e-4 -0.9239811 0.3824381 -4.21e-4 -0.6954107 0.7167516 -0.05168197 -0.9236329 0.382286 -0.027565 -0.3600171 0.9329453 -0.001025 -0.359215 0.930838 -0.067122 -0.6963109 0.7177399 -7.88e-4 -0.6963109 0.7177399 -7.88e-4 -0.359215 0.930838 -0.067122 -0.6954107 0.7167516 -0.05168197 -0.359215 0.930838 -0.067122 -0.3600171 0.9329453 -0.001025 -0.9204522 0.3898431 -0.02811101 -0.9204522 0.3898431 -0.02811101 -0.3600171 0.9329453 -0.001025 -0.9208122 0.3900061 -4.29e-4 -0.9239741 -0.3824551 4.21e-4 -0.9236279 -0.3822979 0.027567 -0.9208122 0.3900061 -4.29e-4 -0.9208122 0.3900061 -4.29e-4 -0.9236279 -0.3822979 0.027567 -0.9204522 0.3898431 -0.02811101 -0.9236279 -0.3822979 0.027567 -0.9239741 -0.3824551 4.21e-4 -0.3820709 -0.9217399 0.06646399 -0.3820709 -0.9217399 0.06646399 -0.9239741 -0.3824551 4.21e-4 -0.3829072 -0.9237863 0.001015 0.707997 -0.706215 7.75e-4 0.7071078 -0.7052748 0.05085199 -0.3829072 -0.9237863 0.001015 -0.3829072 -0.9237863 0.001015 0.7071078 -0.7052748 0.05085199 -0.3820709 -0.9217399 0.06646399 0.7071061 0.7052761 -0.05085901 0.7071078 -0.7052748 0.05085199 0.707994 0.7062181 -7.75e-4 0.707994 0.7062181 -7.75e-4 0.7071078 -0.7052748 0.05085199 0.707997 -0.706215 7.75e-4 -0.382944 0.892565 0.238079 -0.3820312 0.9080904 0.1715341 0.7080698 0.6822868 0.181994 0.7080698 0.6822868 0.181994 -0.3820312 0.9080904 0.1715341 0.7071004 0.6948254 0.1312511 -0.3820312 0.9080904 0.1715341 -0.382944 0.892565 0.238079 -0.9236158 0.3766589 0.07114799 -0.9236158 0.3766589 0.07114799 -0.382944 0.892565 0.238079 -0.9239941 0.369489 0.09855402 -0.6964002 0.6934092 0.1849611 -0.6954193 0.7061172 0.133381 -0.9239941 0.369489 0.09855402 -0.9239941 0.369489 0.09855402 -0.6954193 0.7061172 0.133381 -0.9236158 0.3766589 0.07114799 -0.3600281 0.9014242 0.2404461 -0.3591591 0.9170582 0.1732311 -0.6964002 0.6934092 0.1849611 -0.6964002 0.6934092 0.1849611 -0.3591591 0.9170582 0.1732311 -0.6954193 0.7061172 0.133381 -0.3591591 0.9170582 0.1732311 -0.3600281 0.9014242 0.2404461 -0.9204314 0.3841111 0.07256002 -0.9204314 0.3841111 0.07256002 -0.3600281 0.9014242 0.2404461 -0.9208201 0.3768131 0.100511 -0.9239753 -0.3695321 -0.09856804 -0.9235957 -0.3767059 -0.07115998 -0.9208201 0.3768131 0.100511 -0.9208201 0.3768131 0.100511 -0.9235957 -0.3767059 -0.07115998 -0.9204314 0.3841111 0.07256002 -0.9235957 -0.3767059 -0.07115998 -0.9239753 -0.3695321 -0.09856804 -0.3820018 -0.9081017 -0.1715399 -0.3820018 -0.9081017 -0.1715399 -0.9239753 -0.3695321 -0.09856804 -0.3829158 -0.8925756 -0.2380849 0.7080778 -0.6822798 -0.1819899 0.7071117 -0.6948146 -0.1312469 -0.3829158 -0.8925756 -0.2380849 -0.3829158 -0.8925756 -0.2380849 0.7071117 -0.6948146 -0.1312469 -0.3820018 -0.9081017 -0.1715399 0.7071004 0.6948254 0.1312511 0.7071117 -0.6948146 -0.1312469 0.7080698 0.6822868 0.181994 0.7080698 0.6822868 0.181994 0.7071117 -0.6948146 -0.1312469 0.7080778 -0.6822798 -0.1819899 -0.3829347 0.7997345 0.4623697 -0.3820822 0.8315944 0.4030682 0.7080488 0.6113448 0.3534469 0.7080488 0.6113448 0.3534469 -0.3820822 0.8315944 0.4030682 0.7071099 0.6363019 0.308408 -0.3820822 0.8315944 0.4030682 -0.3829347 0.7997345 0.4623697 -0.9236234 0.3449212 0.1671801 -0.9236234 0.3449212 0.1671801 -0.3829347 0.7997345 0.4623697 -0.9239773 0.3310931 0.191425 -0.696348 0.621336 0.359223 -0.6953936 0.6466737 0.3134339 -0.9239773 0.3310931 0.191425 -0.9239773 0.3310931 0.191425 -0.6953936 0.6466737 0.3134339 -0.9236234 0.3449212 0.1671801 -0.360032 0.8076701 0.4669541 -0.3592042 0.8398115 0.4070492 -0.696348 0.621336 0.359223 -0.696348 0.621336 0.359223 -0.3592042 0.8398115 0.4070492 -0.6953936 0.6466737 0.3134339 -0.3592042 0.8398115 0.4070492 -0.360032 0.8076701 0.4669541 -0.9204482 0.3517271 0.170479 -0.9204482 0.3517271 0.170479 -0.360032 0.8076701 0.4669541 -0.9208187 0.3376249 0.195198 -0.9239819 -0.331084 -0.191418 -0.9236252 -0.3449161 -0.167181 -0.9208187 0.3376249 0.195198 -0.9208187 0.3376249 0.195198 -0.9236252 -0.3449161 -0.167181 -0.9204482 0.3517271 0.170479 -0.9236252 -0.3449161 -0.167181 -0.9239819 -0.331084 -0.191418 -0.3820699 -0.8315968 -0.4030749 -0.3820699 -0.8315968 -0.4030749 -0.9239819 -0.331084 -0.191418 -0.3829289 -0.7997378 -0.4623689 0.7080428 -0.6113499 -0.3534499 0.7071038 -0.6363048 -0.3084159 -0.3829289 -0.7997378 -0.4623689 -0.3829289 -0.7997378 -0.4623689 0.7071038 -0.6363048 -0.3084159 -0.3820699 -0.8315968 -0.4030749 0.7071099 0.6363019 0.308408 0.7071038 -0.6363048 -0.3084159 0.7080488 0.6113448 0.3534469 0.7080488 0.6113448 0.3534469 0.7071038 -0.6363048 -0.3084159 0.7080428 -0.6113499 -0.3534499 -0.3829142 0.6536173 0.6528103 -0.382082 0.6985391 0.6050261 0.7079951 0.4996801 0.4990621 0.7079951 0.4996801 0.4990621 -0.382082 0.6985391 0.6050261 0.707104 0.5344979 0.4629429 -0.382082 0.6985391 0.6050261 -0.3829142 0.6536173 0.6528103 -0.9236283 0.2897231 0.2509411 -0.9236283 0.2897231 0.2509411 -0.3829142 0.6536173 0.6528103 -0.9239744 0.2706021 0.2702701 -0.696305 0.507835 0.507211 -0.6953982 0.5431982 0.4704862 -0.9239744 0.2706021 0.2702701 -0.9239744 0.2706021 0.2702701 -0.6953982 0.5431982 0.4704862 -0.9236283 0.2897231 0.2509411 -0.3600188 0.6600987 0.6592847 -0.359218 0.7054361 0.6110011 -0.696305 0.507835 0.507211 -0.696305 0.507835 0.507211 -0.359218 0.7054361 0.6110011 -0.6953982 0.5431982 0.4704862 -0.359218 0.7054361 0.6110011 -0.3600188 0.6600987 0.6592847 -0.9204568 0.295435 0.2558859 -0.9204568 0.295435 0.2558859 -0.3600188 0.6600987 0.6592847 -0.9208168 0.2759389 0.2755979 -0.9239759 -0.270602 -0.270265 -0.9236291 -0.289724 -0.250937 -0.9208168 0.2759389 0.2755979 -0.9208168 0.2759389 0.2755979 -0.9236291 -0.289724 -0.250937 -0.9204568 0.295435 0.2558859 -0.9236291 -0.289724 -0.250937 -0.9239759 -0.270602 -0.270265 -0.38208 -0.698541 -0.6050251 -0.38208 -0.698541 -0.6050251 -0.9239759 -0.270602 -0.270265 -0.382919 -0.6536179 -0.6528069 0.7080008 -0.4996749 -0.4990589 0.7071097 -0.5344938 -0.4629388 -0.382919 -0.6536179 -0.6528069 -0.382919 -0.6536179 -0.6528069 0.7071097 -0.5344938 -0.4629388 -0.38208 -0.698541 -0.6050251 0.707104 0.5344979 0.4629429 0.7071097 -0.5344938 -0.4629388 0.7079951 0.4996801 0.4990621 0.7079951 0.4996801 0.4990621 0.7071097 -0.5344938 -0.4629388 0.7080008 -0.4996749 -0.4990589 -0.3829162 0.4627262 0.7995373 -0.3820102 0.5204222 0.7636943 0.7080671 0.353707 0.611173 0.7080671 0.353707 0.611173 -0.3820102 0.5204222 0.7636943 0.7071096 0.3981908 0.5843287 -0.3820102 0.5204222 0.7636943 -0.3829162 0.4627262 0.7995373 -0.923601 0.21588 0.316792 -0.923601 0.21588 0.316792 -0.3829162 0.4627262 0.7995373 -0.9239766 0.1915719 0.3310099 -0.6963712 0.3594891 0.6211561 -0.6954029 0.4046749 0.593846 -0.9239766 0.1915719 0.3310099 -0.9239766 0.1915719 0.3310099 -0.6954029 0.4046749 0.593846 -0.923601 0.21588 0.316792 -0.3600412 0.4673112 0.8074594 -0.3591772 0.5255473 0.7712275 -0.6963712 0.3594891 0.6211561 -0.6963712 0.3594891 0.6211561 -0.3591772 0.5255473 0.7712275 -0.6954029 0.4046749 0.593846 -0.3591772 0.5255473 0.7712275 -0.3600412 0.4673112 0.8074594 -0.9204485 0.2201039 0.3229998 -0.9204485 0.2201039 0.3229998 -0.3600412 0.4673112 0.8074594 -0.9208366 0.1953269 0.3375019 -0.9239863 -0.1915561 -0.3309921 -0.9236129 -0.215858 -0.316772 -0.9208366 0.1953269 0.3375019 -0.9208366 0.1953269 0.3375019 -0.9236129 -0.215858 -0.316772 -0.9204485 0.2201039 0.3229998 -0.9236129 -0.215858 -0.316772 -0.9239863 -0.1915561 -0.3309921 -0.3820628 -0.5204008 -0.7636827 -0.3820628 -0.5204008 -0.7636827 -0.9239863 -0.1915561 -0.3309921 -0.3829629 -0.4627139 -0.7995219 0.708059 -0.353715 -0.6111779 0.707104 -0.3981889 -0.5843369 -0.3829629 -0.4627139 -0.7995219 -0.3829629 -0.4627139 -0.7995219 0.707104 -0.3981889 -0.5843369 -0.3820628 -0.5204008 -0.7636827 0.7071096 0.3981908 0.5843287 0.707104 -0.3981889 -0.5843369 0.7080671 0.353707 0.611173 0.7080671 0.353707 0.611173 0.707104 -0.3981889 -0.5843369 0.708059 -0.353715 -0.6111779 -0.3829172 0.2386111 0.8924344 -0.3820599 0.303308 0.8729459 0.7080531 0.182403 0.6821951 0.7080531 0.182403 0.6821951 -0.3820599 0.303308 0.8729459 0.7071084 0.2320751 0.6679363 -0.3820599 0.303308 0.8729459 -0.3829172 0.2386111 0.8924344 -0.9236212 0.125803 0.3620741 -0.9236212 0.125803 0.3620741 -0.3829172 0.2386111 0.8924344 -0.9239768 0.09878398 0.3694709 -0.6963661 0.185378 0.6933321 -0.6954024 0.2358531 0.6788143 -0.9239768 0.09878398 0.3694709 -0.9239768 0.09878398 0.3694709 -0.6954024 0.2358531 0.6788143 -0.9236212 0.125803 0.3620741 -0.3600529 0.2409759 0.9012728 -0.359221 0.306299 0.8815561 -0.6963661 0.185378 0.6933321 -0.6963661 0.185378 0.6933321 -0.359221 0.306299 0.8815561 -0.6954024 0.2358531 0.6788143 -0.9208308 0.100727 0.3767289 -0.9204606 0.128279 0.3691839 -0.3600529 0.2409759 0.9012728 -0.3600529 0.2409759 0.9012728 -0.9204606 0.128279 0.3691839 -0.359221 0.306299 0.8815561 -0.923979 -0.098785 -0.369465 -0.9236223 -0.125801 -0.3620721 -0.9208308 0.100727 0.3767289 -0.9208308 0.100727 0.3767289 -0.9236223 -0.125801 -0.3620721 -0.9204606 0.128279 0.3691839 -0.9236223 -0.125801 -0.3620721 -0.923979 -0.098785 -0.369465 -0.3820699 -0.303307 -0.8729419 -0.3820699 -0.303307 -0.8729419 -0.923979 -0.098785 -0.369465 -0.382927 -0.238612 -0.89243 0.7080518 -0.182401 -0.6821968 0.707105 -0.23208 -0.6679381 -0.382927 -0.238612 -0.89243 -0.382927 -0.238612 -0.89243 0.707105 -0.23208 -0.6679381 -0.3820699 -0.303307 -0.8729419 0.7071084 0.2320751 0.6679363 0.707105 -0.23208 -0.6679381 0.7080531 0.182403 0.6821951 0.7080531 0.182403 0.6821951 0.707105 -0.23208 -0.6679381 0.7080518 -0.182401 -0.6821968 -0.382906 -7.13e-4 0.9237871 -0.382062 0.065873 0.921786 0.7080256 -5.44e-4 0.7061866 0.7080256 -5.44e-4 0.7061866 -0.382062 0.065873 0.921786 0.7071068 0.05040898 0.7053078 -0.382062 0.065873 0.921786 -0.382906 -7.13e-4 0.9237871 -0.9236219 0.027321 0.3823299 -0.9236219 0.027321 0.3823299 -0.382906 -7.13e-4 0.9237871 -0.923972 -2.96e-4 0.38246 -0.6963359 -5.54e-4 0.7177159 -0.695403 0.05122201 0.716792 -0.923972 -2.96e-4 0.38246 -0.923972 -2.96e-4 0.38246 -0.695403 0.05122201 0.716792 -0.9236219 0.027321 0.3823299 -0.3600151 -7.22e-4 0.9329463 -0.359219 0.06651599 0.9308799 -0.6963359 -5.54e-4 0.7177159 -0.6963359 -5.54e-4 0.7177159 -0.359219 0.06651599 0.9308799 -0.695403 0.05122201 0.716792 -0.359219 0.06651599 0.9308799 -0.3600151 -7.22e-4 0.9329463 -0.9204565 0.02785098 0.3898517 -0.9204565 0.02785098 0.3898517 -0.3600151 -7.22e-4 0.9329463 -0.9208122 -3.05e-4 0.3900061 -0.9239796 2.94e-4 -0.3824418 -0.9236309 -0.027325 -0.3823079 -0.9208122 -3.05e-4 0.3900061 -0.9208122 -3.05e-4 0.3900061 -0.9236309 -0.027325 -0.3823079 -0.9204565 0.02785098 0.3898517 -0.9236309 -0.027325 -0.3823079 -0.9239796 2.94e-4 -0.3824418 -0.382084 -0.06587299 -0.9217769 -0.382084 -0.06587299 -0.9217769 -0.9239796 2.94e-4 -0.3824418 -0.382921 7.14e-4 -0.9237809 0.7080271 5.47e-4 -0.706185 0.7071072 -0.05039801 -0.7053082 -0.382921 7.14e-4 -0.9237809 -0.382921 7.14e-4 -0.9237809 0.7071072 -0.05039801 -0.7053082 -0.382084 -0.06587299 -0.9217769 0.7071068 0.05040898 0.7053078 0.7071072 -0.05039801 -0.7053082 0.7080256 -5.44e-4 0.7061866 0.7080256 -5.44e-4 0.7061866 0.7071072 -0.05039801 -0.7053082 0.7080271 5.47e-4 -0.706185 -0.3829422 -0.2399952 0.8920525 -0.3820821 -0.1741951 0.9075623 0.7080489 -0.18346 0.6819159 0.7080489 -0.18346 0.6819159 -0.3820821 -0.1741951 0.9075623 0.7071021 -0.133292 0.6944351 -0.3820821 -0.1741951 0.9075623 -0.3829422 -0.2399952 0.8920525 -0.9236302 -0.07224701 0.3764141 -0.9236302 -0.07224701 0.3764141 -0.3829422 -0.2399952 0.8920525 -0.9239872 -0.09935402 0.3692921 -0.696366 -0.186456 0.693043 -0.6954038 -0.135459 0.7057368 -0.9239872 -0.09935402 0.3692921 -0.9239872 -0.09935402 0.3692921 -0.6954038 -0.135459 0.7057368 -0.9236302 -0.07224701 0.3764141 -0.3600421 -0.2423771 0.9009013 -0.359219 -0.175914 0.9165239 -0.696366 -0.186456 0.693043 -0.696366 -0.186456 0.693043 -0.359219 -0.175914 0.9165239 -0.6954038 -0.135459 0.7057368 -0.359219 -0.175914 0.9165239 -0.3600421 -0.2423771 0.9009013 -0.9204469 -0.07367299 0.3838619 -0.9204469 -0.07367299 0.3838619 -0.3600421 -0.2423771 0.9009013 -0.9208177 -0.10132 0.3766019 -0.9239786 0.09936296 -0.3693109 -0.9236246 0.07225198 -0.3764268 -0.9208177 -0.10132 0.3766019 -0.9208177 -0.10132 0.3766019 -0.9236246 0.07225198 -0.3764268 -0.9204469 -0.07367299 0.3838619 -0.9236246 0.07225198 -0.3764268 -0.9239786 0.09936296 -0.3693109 -0.3820462 0.1741961 -0.9075773 -0.3820462 0.1741961 -0.9075773 -0.9239786 0.09936296 -0.3693109 -0.3829038 0.2400039 -0.8920666 0.7080587 0.1834599 -0.6819057 0.7071114 0.1332821 -0.6944274 -0.3829038 0.2400039 -0.8920666 -0.3829038 0.2400039 -0.8920666 0.7071114 0.1332821 -0.6944274 -0.3820462 0.1741961 -0.9075773 0.7071021 -0.133292 0.6944351 0.7071114 0.1332821 -0.6944274 0.7080489 -0.18346 0.6819159 0.7080489 -0.18346 0.6819159 0.7071114 0.1332821 -0.6944274 0.7080587 0.1834599 -0.6819057 -0.3829198 -0.4616978 0.8001297 -0.3821039 -0.4043298 0.8309717 0.707986 -0.352968 0.611694 0.707986 -0.352968 0.611694 -0.3821039 -0.4043298 0.8309717 0.707105 -0.309383 0.635834 -0.3821039 -0.4043298 0.8309717 -0.3829198 -0.4616978 0.8001297 -0.9236389 -0.167688 0.344633 -0.9236389 -0.167688 0.344633 -0.3829198 -0.4616978 0.8001297 -0.9239787 -0.191139 0.3312539 -0.6962929 -0.358731 0.6216819 -0.6953959 -0.314423 0.6461909 -0.9239787 -0.191139 0.3312539 -0.9239787 -0.191139 0.3312539 -0.6953959 -0.314423 0.6461909 -0.9236389 -0.167688 0.344633 -0.359992 -0.466287 0.8080731 -0.359212 -0.4083301 0.8391861 -0.6962929 -0.358731 0.6216819 -0.6962929 -0.358731 0.6216819 -0.359212 -0.4083301 0.8391861 -0.6953959 -0.314423 0.6461909 -0.359212 -0.4083301 0.8391861 -0.359992 -0.466287 0.8080731 -0.9204641 -0.170999 0.351433 -0.9204641 -0.170999 0.351433 -0.359992 -0.466287 0.8080731 -0.9208133 -0.194921 0.3378001 -0.9239777 0.191144 -0.3312539 -0.9236341 0.167696 -0.344642 -0.9208133 -0.194921 0.3378001 -0.9208133 -0.194921 0.3378001 -0.9236341 0.167696 -0.344642 -0.9204641 -0.170999 0.351433 -0.9236341 0.167696 -0.344642 -0.9239777 0.191144 -0.3312539 -0.3821068 0.4043318 -0.8309695 -0.3821068 0.4043318 -0.8309695 -0.9239777 0.191144 -0.3312539 -0.3829389 0.4616958 -0.8001217 0.707985 0.352968 -0.6116951 0.707108 0.309384 -0.63583 -0.3829389 0.4616958 -0.8001217 -0.3829389 0.4616958 -0.8001217 0.707108 0.309384 -0.63583 -0.3821068 0.4043318 -0.8309695 0.707105 -0.309383 0.635834 0.707108 0.309384 -0.63583 0.707986 -0.352968 0.611694 0.707986 -0.352968 0.611694 0.707108 0.309384 -0.63583 0.707985 0.352968 -0.6116951 -0.3829318 -0.6528967 0.6535207 -0.3820232 -0.6029533 0.7003613 0.7080799 -0.4990719 0.49955 0.7080799 -0.4990719 0.49955 -0.3820232 -0.6029533 0.7003613 0.7071092 -0.4613411 0.5358741 -0.3820232 -0.6029533 0.7003613 -0.3829318 -0.6528967 0.6535207 -0.9236122 -0.2500971 0.2905031 -0.9236122 -0.2500971 0.2905031 -0.3829318 -0.6528967 0.6535207 -0.9239884 -0.2702831 0.2705411 -0.6964067 -0.5072088 0.5076978 -0.695421 -0.468836 0.544594 -0.9239884 -0.2702831 0.2705411 -0.9239884 -0.2702831 0.2705411 -0.695421 -0.468836 0.544594 -0.9236122 -0.2500971 0.2905031 -0.3600521 -0.6593652 0.6600002 -0.359169 -0.608898 0.7072771 -0.6964067 -0.5072088 0.5076978 -0.6964067 -0.5072088 0.5076978 -0.359169 -0.608898 0.7072771 -0.695421 -0.468836 0.544594 -0.359169 -0.608898 0.7072771 -0.3600521 -0.6593652 0.6600002 -0.9204371 -0.255029 0.296236 -0.9204371 -0.255029 0.296236 -0.3600521 -0.6593652 0.6600002 -0.9208294 -0.2756141 0.2758811 -0.923999 0.270265 -0.270523 -0.9236264 0.2500751 -0.2904771 -0.9208294 -0.2756141 0.2758811 -0.9208294 -0.2756141 0.2758811 -0.9236264 0.2500751 -0.2904771 -0.9204371 -0.255029 0.296236 -0.9236264 0.2500751 -0.2904771 -0.923999 0.270265 -0.270523 -0.3820809 0.6029288 -0.7003508 -0.3820809 0.6029288 -0.7003508 -0.923999 0.270265 -0.270523 -0.382973 0.6528841 -0.6535091 0.7080737 0.4990768 -0.4995538 0.7071021 0.4613381 -0.535886 -0.382973 0.6528841 -0.6535091 -0.382973 0.6528841 -0.6535091 0.7071021 0.4613381 -0.535886 -0.3820809 0.6029288 -0.7003508 0.7071092 -0.4613411 0.5358741 0.7071021 0.4613381 -0.535886 0.7080799 -0.4990719 0.49955 0.7080799 -0.4990719 0.49955 0.7071021 0.4613381 -0.535886 0.7080737 0.4990768 -0.4995538 -0.382929 -0.800285 0.461421 -0.3820911 -0.7653401 0.5179391 0.7080218 -0.6117848 0.3527389 0.7080218 -0.6117848 0.3527389 -0.3820911 -0.7653401 0.5179391 0.7071072 -0.5856082 0.3963112 -0.3820911 -0.7653401 0.5179391 -0.382929 -0.800285 0.461421 -0.9236358 -0.3174193 0.2148072 -0.9236358 -0.3174193 0.2148072 -0.382929 -0.800285 0.461421 -0.9239823 -0.3313111 0.1910231 -0.6963378 -0.6217689 0.3584929 -0.695411 -0.595141 0.402754 -0.9239823 -0.3313111 0.1910231 -0.9239823 -0.3313111 0.1910231 -0.695411 -0.595141 0.402754 -0.9236358 -0.3174193 0.2148072 -0.360028 -0.8082261 0.4659941 -0.3592409 -0.7728938 0.5230499 -0.6963378 -0.6217689 0.3584929 -0.6963378 -0.6217689 0.3584929 -0.3592409 -0.7728938 0.5230499 -0.695411 -0.595141 0.402754 -0.3592409 -0.7728938 0.5230499 -0.360028 -0.8082261 0.4659941 -0.9204539 -0.323696 0.219056 -0.9204539 -0.323696 0.219056 -0.360028 -0.8082261 0.4659941 -0.9208089 -0.337879 0.194805 -0.9239823 0.3313111 -0.1910231 -0.923639 0.31741 -0.214807 -0.9208089 -0.337879 0.194805 -0.9208089 -0.337879 0.194805 -0.923639 0.31741 -0.214807 -0.9204539 -0.323696 0.219056 -0.923639 0.31741 -0.214807 -0.9239823 0.3313111 -0.1910231 -0.3820801 0.7653443 -0.5179412 -0.3820801 0.7653443 -0.5179412 -0.9239823 0.3313111 -0.1910231 -0.3829103 0.8002926 -0.4614233 0.7080213 0.6117863 -0.3527372 0.707105 0.585613 -0.396308 -0.3829103 0.8002926 -0.4614233 -0.3829103 0.8002926 -0.4614233 0.707105 0.585613 -0.396308 -0.3820801 0.7653443 -0.5179412 0.7071072 -0.5856082 0.3963112 0.707105 0.585613 -0.396308 0.7080218 -0.6117848 0.3527389 0.7080218 -0.6117848 0.3527389 0.707105 0.585613 -0.396308 0.7080213 0.6117863 -0.3527372</float_array>
          <technique_common>
            <accessor source="#pPipeShape69-normals-array" count="2592" stride="3">
              <param name="X" type="float"/>
              <param name="Y" type="float"/>
              <param name="Z" type="float"/>
            </accessor>
          </technique_common>
        </source>
        <source id="pPipeShape69-pPipeShape69-map1" name="pPipeShape69-pPipeShape69-map1">
          <float_array id="pPipeShape69-pPipeShape69-map1-array" count="980">-1.342086 0.097205 -1.503374 0.097205 -1.503374 0.038991 -1.342086 0.038991 -1.17675 0.097205 -1.17675 0.038991 -1.009026 0.097205 -1.009026 0.038991 -0.840241 0.097205 -0.840241 0.038991 -0.671231 0.097205 -0.671231 0.038991 -0.502492 0.097205 -0.502492 0.038991 -0.334278 0.097205 -0.334278 0.038991 -0.166673 0.097205 -0.166673 0.038991 3.51e-4 0.097205 3.51e-4 0.038991 0.166892 0.097205 0.166892 0.038991 0.335221 0.097205 0.335312 0.038991 0.500269 0.097205 0.500269 0.038991 0.665687 0.097205 0.665687 0.038991 0.831692 0.097205 0.831692 0.038991 0.997965 0.097205 0.997965 0.038991 1.164979 0.097205 1.164979 0.038991 1.332636 0.097205 1.332636 0.038991 1.500925 0.097205 1.500925 0.038991 1.669771 0.097205 1.669771 0.038991 1.838927 0.097205 1.838927 0.038991 2.007897 0.097205 2.007897 0.038991 2.175843 0.097205 2.175843 0.038991 2.341426 0.097205 2.341426 0.038991 2.503366 0.097205 2.503366 0.038991 -1.342086 0.990329 -1.503374 0.990329 -1.503374 0.775084 -1.342086 0.775084 -1.17675 0.990329 -1.17675 0.775084 -1.009026 0.990329 -1.009026 0.775084 -0.840241 0.990329 -0.840241 0.775084 -0.671231 0.990329 -0.671231 0.775084 -0.502492 0.990329 -0.502492 0.775084 -0.334278 0.990329 -0.334278 0.775084 -0.166673 0.990329 -0.166673 0.775084 3.51e-4 0.990329 3.51e-4 0.775084 0.166892 0.990329 0.166892 0.775084 0.333093 0.990329 0.333329 0.775084 0.500269 0.990329 0.500269 0.775084 0.665687 0.990329 0.665687 0.775084 0.831692 0.990329 0.831692 0.775084 0.997965 0.990329 0.997965 0.775084 1.164979 0.990329 1.164979 0.775084 1.332636 0.990329 1.332636 0.775084 1.500925 0.990329 1.500925 0.775084 1.669771 0.990329 1.669771 0.775084 1.838927 0.990329 1.838927 0.775084 2.007897 0.990329 2.007897 0.775084 2.175843 0.990329 2.175843 0.775084 2.341426 0.990329 2.341426 0.775084 2.503366 0.990329 2.503366 0.775084 -1.503374 0.522805 -1.342086 0.522805 -1.17675 0.522805 -1.009026 0.522805 -0.840241 0.522805 -0.671231 0.522805 -0.502492 0.522805 -0.334278 0.522805 -0.166673 0.522805 3.51e-4 0.522805 0.166892 0.522805 0.333708 0.522805 0.500269 0.522805 0.665687 0.522805 0.831692 0.522805 0.997965 0.522805 1.164979 0.522805 1.332636 0.522805 1.500925 0.522805 1.669771 0.522805 1.838927 0.522805 2.007897 0.522805 2.175843 0.522805 2.341426 0.522805 2.503366 0.522805 -1.342086 0.480727 -1.503374 0.480727 -1.503374 0.421446 -1.342086 0.421446 -1.17675 0.480727 -1.17675 0.421446 -1.009026 0.480727 -1.009026 0.421446 -0.840241 0.480727 -0.840241 0.421446 -0.671231 0.480727 -0.671231 0.421446 -0.502492 0.480727 -0.502492 0.421446 -0.334278 0.480727 -0.334278 0.421446 -0.166673 0.480727 -0.166673 0.421446 3.51e-4 0.480727 3.51e-4 0.421446 0.166892 0.480727 0.166892 0.421446 0.333944 0.480727 0.334209 0.421446 0.500269 0.480727 0.500269 0.421446 0.665687 0.480727 0.665687 0.421446 0.831692 0.480727 0.831692 0.421446 0.997965 0.480727 0.997965 0.421446 1.164979 0.480727 1.164979 0.421446 1.332636 0.480727 1.332636 0.421446 1.500925 0.480727 1.500925 0.421446 1.669771 0.480727 1.669771 0.421446 1.838927 0.480727 1.838927 0.421446 2.007897 0.480727 2.007897 0.421446 2.175843 0.480727 2.175843 0.421446 2.341426 0.480727 2.341426 0.421446 2.503366 0.480727 2.503366 0.421446 1.500925 0.379888 1.332636 0.379888 1.332636 0.214775 1.500925 0.214775 1.669771 0.379888 1.669771 0.214775 1.838927 0.379888 1.838927 0.214775 2.007897 0.379888 2.007897 0.214775 2.175843 0.379888 2.175843 0.214775 2.341426 0.379888 2.341426 0.214775 2.503366 0.379888 2.503366 0.214775 -1.342086 0.379888 -1.503374 0.379888 -1.503374 0.214775 -1.342086 0.214775 -1.17675 0.379888 -1.17675 0.214775 -1.009026 0.379888 -1.009026 0.214775 -0.840241 0.379888 -0.840241 0.214775 -0.671231 0.379888 -0.671231 0.214775 -0.502492 0.379888 -0.502492 0.214775 -0.334278 0.379888 -0.334278 0.214775 -0.166673 0.379888 -0.166673 0.214775 3.51e-4 0.379888 3.51e-4 0.214775 0.166892 0.379888 0.166892 0.214775 0.334466 0.379888 0.334827 0.214775 0.500269 0.379888 0.500269 0.214775 0.665687 0.379888 0.665687 0.214775 0.831692 0.379888 0.831692 0.214775 0.997965 0.379888 0.997965 0.214775 1.164979 0.379888 1.164979 0.214775 1.332636 0.139355 1.500925 0.139355 1.669771 0.139355 1.838927 0.139355 2.007897 0.139355 2.175843 0.139355 2.341426 0.139355 2.503366 0.139355 -1.503374 0.139355 -1.342086 0.139355 -1.17675 0.139355 -1.009026 0.139355 -0.840241 0.139355 -0.671231 0.139355 -0.502492 0.139355 -0.334278 0.139355 -0.166673 0.139355 3.51e-4 0.139355 0.166892 0.139355 0.335069 0.139355 0.500269 0.139355 0.665687 0.139355 0.831692 0.139355 0.997965 0.139355 1.164979 0.139355 2.258634 0.038991 2.258634 0.990329 2.258634 0.775084 2.258634 0.522805 2.258634 0.480727 2.258634 0.421446 2.258634 0.379888 2.258634 0.214775 2.258634 0.139355 2.258634 0.097205 2.422529 0.097205 2.422529 0.038991 2.422529 0.990329 2.422529 0.775084 2.422529 0.522805 2.422529 0.480727 2.422529 0.421446 2.422529 0.379888 2.422529 0.214775 2.422529 0.139355 -1.421643 0.139355 -1.421643 0.214775 -1.421643 0.379888 -1.421643 0.421446 -1.421643 0.480727 -1.421643 0.522805 -1.421643 0.775084 -1.421643 0.038991 -1.421643 0.990329 -1.421643 0.097205 -1.256984 0.139355 -1.256984 0.214775 -1.256984 0.379888 -1.256984 0.421446 -1.256984 0.480727 -1.256984 0.522805 -1.256984 0.775084 -1.256984 0.038991 -1.256984 0.990329 -1.256984 0.097205 -1.090399 0.139355 -1.090399 0.214775 -1.090399 0.379888 -1.090399 0.421446 -1.090399 0.480727 -1.090399 0.522805 -1.090399 0.775084 -1.090399 0.038991 -1.090399 0.990329 -1.090399 0.097205 -0.923307 0.139355 -0.923307 0.214775 -0.923307 0.379888 -0.923307 0.421446 -0.923307 0.480727 -0.923307 0.522805 -0.923307 0.775084 -0.923307 0.038991 -0.923307 0.990329 -0.923307 0.097205 -0.750887 0.139355 -0.750887 0.214775 -0.750887 0.379888 -0.750887 0.421446 -0.750887 0.480727 -0.750887 0.522805 -0.750887 0.775084 -0.750887 0.038991 -0.750887 0.990329 -0.750887 0.097205 -0.582956 0.139355 -0.582956 0.214775 -0.582956 0.379888 -0.582956 0.421446 -0.582956 0.480727 -0.582956 0.522805 -0.582956 0.775084 -0.582956 0.038991 -0.582956 0.990329 -0.582956 0.097205 -0.418934 0.775084 -0.418934 0.038991 -0.418934 0.990329 -0.418934 0.097205 -0.418934 0.139355 -0.418934 0.214775 -0.418934 0.379888 -0.418934 0.421446 -0.418934 0.480727 -0.418934 0.522805 -0.250479 0.038991 -0.250479 0.990329 -0.250479 0.097205 -0.250479 0.139355 -0.250479 0.214775 -0.250479 0.379888 -0.250479 0.421446 -0.250479 0.480727 -0.250479 0.522805 -0.250479 0.775084 -0.085166 0.038991 -0.085166 0.990329 -0.085166 0.097205 -0.085166 0.139355 -0.085166 0.214775 -0.085166 0.379888 -0.085166 0.421446 -0.085166 0.480727 -0.085166 0.522805 -0.085166 0.775084 0.084239 0.038991 0.084239 0.990329 0.084239 0.097205 0.084239 0.139355 0.084239 0.214775 0.084239 0.379888 0.084239 0.421446 0.084239 0.480727 0.084239 0.522805 0.084239 0.775084 0.249691 0.038991 0.2486 0.990329 0.249646 0.097205 0.249571 0.139355 0.249452 0.214775 0.249275 0.379888 0.249148 0.421446 0.249018 0.480727 0.248902 0.522805 0.248716 0.775084 0.418606 0.038991 0.417507 0.990329 0.41856 0.097205 0.418485 0.139355 0.418365 0.214775 0.418187 0.379888 0.418059 0.421446 0.417929 0.480727 0.417811 0.522805 0.417624 0.775084 0.579238 0.038991 0.579238 0.990329 0.579238 0.097205 0.579238 0.139355 0.579238 0.214775 0.579238 0.379888 0.579238 0.421446 0.579238 0.480727 0.579238 0.522805 0.579238 0.775084 0.749094 0.038991 0.749094 0.990329 0.749094 0.097205 0.749094 0.139355 0.749094 0.214775 0.749094 0.379888 0.749094 0.421446 0.749094 0.480727 0.749094 0.522805 0.749094 0.775084 0.91614 0.038991 0.91614 0.990329 0.91614 0.097205 0.91614 0.139355 0.91614 0.214775 0.91614 0.379888 0.91614 0.421446 0.91614 0.480727 0.91614 0.522805 0.91614 0.775084 1.078493 0.038991 1.078493 0.990329 1.078493 0.097205 1.078493 0.139355 1.078493 0.214775 1.078493 0.379888 1.078493 0.421446 1.078493 0.480727 1.078493 0.522805 1.078493 0.775084 1.248717 0.038991 1.248717 0.990329 1.248717 0.097205 1.248717 0.139355 1.248717 0.214775 1.248717 0.379888 1.248717 0.421446 1.248717 0.480727 1.248717 0.522805 1.248717 0.775084 1.418458 0.038991 1.418458 0.990329 1.418458 0.097205 1.418458 0.139355 1.418458 0.214775 1.418458 0.379888 1.418458 0.421446 1.418458 0.480727 1.418458 0.522805 1.418458 0.775084 1.585857 0.038991 1.585857 0.990329 1.585857 0.097205 1.585857 0.139355 1.585857 0.214775 1.585857 0.379888 1.585857 0.421446 1.585857 0.480727 1.585857 0.522805 1.585857 0.775084 1.756835 0.038991 1.756835 0.990329 1.756835 0.097205 1.756835 0.139355 1.756835 0.214775 1.756835 0.379888 1.756835 0.421446 1.756835 0.480727 1.756835 0.522805 1.756835 0.775084 1.920294 0.038991 1.920294 0.990329 1.920294 0.097205 1.920294 0.139355 1.920294 0.214775 1.920294 0.379888 1.920294 0.421446 1.920294 0.480727 1.920294 0.522805 1.920294 0.775084 2.093516 0.038991 2.093516 0.990329 2.093516 0.097205 2.093516 0.139355 2.093516 0.214775 2.093516 0.379888 2.093516 0.421446 2.093516 0.480727 2.093516 0.522805 2.093516 0.775084</float_array>
          <technique_common>
            <accessor source="#pPipeShape69-pPipeShape69-map1-array" count="490" stride="2">
              <param name="S" type="float"/>
              <param name="T" type="float"/>
            </accessor>
          </technique_common>
        </source>
        <vertices id="pPipeShape69-vertices" name="pPipeShape69-vertices">
          <input semantic="POSITION" source="#pPipeShape69-positions"/>
        </vertices>
        <triangles material="lambert6SG" count="864">
          <input semantic="VERTEX" source="#pPipeShape69-vertices" offset="0"/>
          <input semantic="NORMAL" source="#pPipeShape69-normals" offset="1"/>
          <input semantic="TEXCOORD" source="#pPipeShape69-pPipeShape69-map1" offset="2" set="0"/>
          <p>242 0 279 73 1 1 241 2 277 241 3 277 73 4 1 0 5 2 251 6 289 75 7 0 250 8 287 250 9 287 75 10 0 1 11 3 260 12 299 77 13 4 259 14 297 259 15 297 77 16 4 2 17 5 269 18 309 79 19 6 268 20 307 268 21 307 79 22 6 3 23 7 278 24 319 81 25 8 277 26 317 277 27 317 81 28 8 4 29 9 287 30 329 83 31 10 286 32 327 286 33 327 83 34 10 5 35 11 290 36 333 85 37 12 289 38 331 289 39 331 85 40 12 6 41 13 298 42 342 87 43 14 297 44 340 297 45 340 87 46 14 7 47 15 307 48 352 89 49 16 306 50 350 306 51 350 89 52 16 8 53 17 316 54 362 91 55 18 315 56 360 315 57 360 91 58 18 9 59 19 325 60 372 93 61 20 324 62 370 324 63 370 93 64 20 10 65 21 334 66 382 95 67 22 333 68 380 333 69 380 95 70 22 11 71 23 343 72 392 97 73 24 342 74 390 342 75 390 97 76 24 12 77 25 352 78 402 99 79 26 351 80 400 351 81 400 99 82 26 13 83 27 361 84 412 101 85 28 360 86 410 360 87 410 101 88 28 14 89 29 370 90 422 103 91 30 369 92 420 369 93 420 103 94 30 15 95 31 379 96 432 105 97 32 378 98 430 378 99 430 105 100 32 16 101 33 388 102 442 107 103 34 387 104 440 387 105 440 107 106 34 17 107 35 397 108 452 109 109 36 396 110 450 396 111 450 109 112 36 18 113 37 406 114 462 111 115 38 405 116 460 405 117 460 111 118 38 19 119 39 415 120 472 113 121 40 414 122 470 414 123 470 113 124 40 20 125 41 424 126 482 115 127 42 423 128 480 423 129 480 115 130 42 21 131 43 119 132 46 224 133 259 23 134 47 23 135 47 224 136 259 216 137 250 73 138 48 225 139 260 0 140 49 0 141 49 225 142 260 226 143 261 241 144 278 0 145 51 240 146 276 240 147 276 0 148 51 24 149 52 250 150 288 1 151 50 249 152 286 249 153 286 1 154 50 25 155 53 259 156 298 2 157 54 258 158 296 258 159 296 2 160 54 26 161 55 268 162 308 3 163 56 267 164 306 267 165 306 3 166 56 27 167 57 277 168 318 4 169 58 276 170 316 276 171 316 4 172 58 28 173 59 286 174 328 5 175 60 285 176 326 285 177 326 5 178 60 29 179 61 289 180 332 6 181 62 288 182 330 288 183 330 6 184 62 30 185 63 297 186 341 7 187 64 305 188 349 305 189 349 7 190 64 31 191 65 306 192 351 8 193 66 314 194 359 314 195 359 8 196 66 32 197 67 315 198 361 9 199 68 323 200 369 323 201 369 9 202 68 33 203 69 324 204 371 10 205 70 332 206 379 332 207 379 10 208 70 34 209 71 333 210 381 11 211 72 341 212 389 341 213 389 11 214 72 35 215 73 342 216 391 12 217 74 350 218 399 350 219 399 12 220 74 36 221 75 351 222 401 13 223 76 359 224 409 359 225 409 13 226 76 37 227 77 360 228 411 14 229 78 368 230 419 368 231 419 14 232 78 38 233 79 369 234 421 15 235 80 377 236 429 377 237 429 15 238 80 39 239 81 378 240 431 16 241 82 386 242 439 386 243 439 16 244 82 40 245 83 387 246 441 17 247 84 395 248 449 395 249 449 17 250 84 41 251 85 396 252 451 18 253 86 404 254 459 404 255 459 18 256 86 42 257 87 405 258 461 19 259 88 413 260 469 413 261 469 19 262 88 43 263 89 414 264 471 20 265 90 422 266 479 422 267 479 20 268 90 44 269 91 423 270 481 21 271 92 431 272 489 431 273 489 21 274 92 45 275 93 216 276 251 217 277 252 23 278 96 23 279 96 217 280 252 47 281 97 226 282 262 227 283 263 0 284 98 0 285 98 227 286 263 24 287 99 240 288 276 24 289 52 239 290 275 239 291 275 24 292 52 121 293 100 249 294 286 25 295 53 248 296 285 248 297 285 25 298 53 123 299 101 258 300 296 26 301 55 257 302 295 257 303 295 26 304 55 125 305 102 267 306 306 27 307 57 266 308 305 266 309 305 27 310 57 127 311 103 276 312 316 28 313 59 275 314 315 275 315 315 28 316 59 129 317 104 285 318 326 29 319 61 284 320 325 284 321 325 29 322 61 131 323 105 296 324 339 288 325 330 133 326 106 133 327 106 288 328 330 30 329 63 305 330 349 31 331 65 304 332 348 304 333 348 31 334 65 135 335 107 314 336 359 32 337 67 313 338 358 313 339 358 32 340 67 137 341 108 323 342 369 33 343 69 322 344 368 322 345 368 33 346 69 139 347 109 332 348 379 34 349 71 331 350 378 331 351 378 34 352 71 141 353 110 341 354 389 35 355 73 340 356 388 340 357 388 35 358 73 143 359 111 350 360 399 36 361 75 349 362 398 349 363 398 36 364 75 145 365 112 359 366 409 37 367 77 358 368 408 358 369 408 37 370 77 147 371 113 368 372 419 38 373 79 367 374 418 367 375 418 38 376 79 149 377 114 377 378 429 39 379 81 376 380 428 376 381 428 39 382 81 151 383 115 386 384 439 40 385 83 385 386 438 385 387 438 40 388 83 153 389 116 395 390 449 41 391 85 394 392 448 394 393 448 41 394 85 155 395 117 404 396 459 42 397 87 403 398 458 403 399 458 42 400 87 157 401 118 413 402 469 43 403 89 412 404 468 412 405 468 43 406 89 159 407 119 422 408 479 44 409 91 421 410 478 421 411 478 44 412 91 161 413 120 431 414 489 45 415 93 430 416 488 430 417 488 45 418 93 163 419 121 47 420 97 217 421 252 167 422 123 167 423 123 217 424 252 218 425 253 24 426 99 227 427 263 121 428 124 121 429 124 227 430 263 228 431 264 120 432 126 182 433 127 238 434 274 238 435 274 182 436 127 237 437 273 122 438 125 184 439 128 247 440 284 247 441 284 184 442 128 246 443 283 124 444 129 186 445 130 256 446 294 256 447 294 186 448 130 255 449 293 126 450 131 188 451 132 265 452 304 265 453 304 188 454 132 264 455 303 128 456 133 190 457 134 274 458 314 274 459 314 190 460 134 273 461 313 130 462 135 192 463 136 283 464 324 283 465 324 192 466 136 282 467 323 132 468 137 194 469 138 295 470 338 295 471 338 194 472 138 294 473 337 134 474 139 196 475 140 303 476 347 303 477 347 196 478 140 302 479 346 136 480 141 198 481 142 312 482 357 312 483 357 198 484 142 311 485 356 138 486 143 200 487 144 321 488 367 321 489 367 200 490 144 320 491 366 140 492 145 202 493 146 330 494 377 330 495 377 202 496 146 329 497 376 142 498 147 204 499 148 339 500 387 339 501 387 204 502 148 338 503 386 144 504 149 206 505 150 348 506 397 348 507 397 206 508 150 347 509 396 146 510 151 208 511 152 357 512 407 357 513 407 208 514 152 356 515 406 148 516 153 210 517 154 366 518 417 366 519 417 210 520 154 365 521 416 150 522 155 212 523 156 375 524 427 375 525 427 212 526 156 374 527 426 152 528 157 214 529 158 384 530 437 384 531 437 214 532 158 383 533 436 154 534 159 169 535 160 393 536 447 393 537 447 169 538 160 392 539 446 156 540 161 170 541 162 402 542 457 402 543 457 170 544 162 401 545 456 158 546 163 172 547 164 411 548 467 411 549 467 172 550 164 410 551 466 160 552 165 174 553 166 420 554 477 420 555 477 174 556 166 419 557 476 162 558 167 176 559 168 429 560 487 429 561 487 176 562 168 428 563 486 166 564 171 219 565 254 180 566 172 180 567 172 219 568 254 220 569 255 120 570 173 229 571 265 182 572 174 182 573 174 229 574 265 230 575 266 391 576 445 168 577 176 390 578 444 390 579 444 168 580 176 48 581 177 400 582 455 171 583 175 399 584 454 399 585 454 171 586 175 49 587 178 409 588 465 173 589 179 408 590 464 408 591 464 173 592 179 50 593 180 418 594 475 175 595 181 417 596 474 417 597 474 175 598 181 51 599 182 427 600 485 177 601 183 426 602 484 426 603 484 177 604 183 52 605 184 181 606 187 221 607 256 54 608 188 54 609 188 221 610 256 222 611 257 183 612 189 231 613 267 55 614 190 55 615 190 231 616 267 232 617 268 236 618 272 183 619 192 235 620 271 235 621 271 183 622 192 55 623 193 245 624 282 185 625 191 244 626 281 244 627 281 185 628 191 56 629 194 254 630 292 187 631 195 253 632 291 253 633 291 187 634 195 57 635 196 263 636 302 189 637 197 262 638 301 262 639 301 189 640 197 58 641 198 272 642 312 191 643 199 271 644 311 271 645 311 191 646 199 59 647 200 281 648 322 193 649 201 280 650 321 280 651 321 193 652 201 60 653 202 293 654 336 195 655 203 292 656 335 292 657 335 195 658 203 61 659 204 301 660 345 197 661 205 300 662 344 300 663 344 197 664 205 62 665 206 310 666 355 199 667 207 309 668 354 309 669 354 199 670 207 63 671 208 319 672 365 201 673 209 318 674 364 318 675 364 201 676 209 64 677 210 328 678 375 203 679 211 327 680 374 327 681 374 203 682 211 65 683 212 337 684 385 205 685 213 336 686 384 336 687 384 205 688 213 66 689 214 346 690 395 207 691 215 345 692 394 345 693 394 207 694 215 67 695 216 355 696 405 209 697 217 354 698 404 354 699 404 209 700 217 68 701 218 364 702 415 211 703 219 363 704 414 363 705 414 211 706 219 69 707 220 373 708 425 213 709 221 372 710 424 372 711 424 213 712 221 70 713 222 382 714 435 215 715 223 381 716 434 381 717 434 215 718 223 71 719 224 48 720 177 106 721 225 390 722 444 390 723 444 106 724 225 389 725 443 49 726 178 108 727 226 399 728 454 399 729 454 108 730 226 398 731 453 50 732 180 110 733 227 408 734 464 408 735 464 110 736 227 407 737 463 51 738 182 112 739 228 417 740 474 417 741 474 112 742 228 416 743 473 52 744 184 114 745 229 426 746 484 426 747 484 114 748 229 425 749 483 54 750 188 222 751 257 118 752 231 118 753 231 222 754 257 223 755 258 55 756 190 232 757 268 72 758 232 72 759 232 232 760 268 233 761 269 55 762 193 72 763 233 235 764 271 235 765 271 72 766 233 234 767 270 56 768 194 74 769 234 244 770 281 244 771 281 74 772 234 243 773 280 57 774 196 76 775 235 253 776 291 253 777 291 76 778 235 252 779 290 58 780 198 78 781 236 262 782 301 262 783 301 78 784 236 261 785 300 59 786 200 80 787 237 271 788 311 271 789 311 80 790 237 270 791 310 60 792 202 82 793 238 280 794 321 280 795 321 82 796 238 279 797 320 61 798 204 84 799 239 292 800 335 292 801 335 84 802 239 291 803 334 62 804 206 86 805 240 300 806 344 300 807 344 86 808 240 299 809 343 63 810 208 88 811 241 309 812 354 309 813 354 88 814 241 308 815 353 64 816 210 90 817 242 318 818 364 318 819 364 90 820 242 317 821 363 65 822 212 92 823 243 327 824 374 327 825 374 92 826 243 326 827 373 66 828 214 94 829 244 336 830 384 336 831 384 94 832 244 335 833 383 67 834 216 96 835 245 345 836 394 345 837 394 96 838 245 344 839 393 68 840 218 98 841 246 354 842 404 354 843 404 98 844 246 353 845 403 69 846 220 100 847 247 363 848 414 363 849 414 100 850 247 362 851 413 70 852 222 102 853 248 372 854 424 372 855 424 102 856 248 371 857 423 71 858 224 104 859 249 381 860 434 381 861 434 104 862 249 380 863 433 72 864 232 233 865 269 73 866 48 73 867 48 233 868 269 225 869 260 72 870 233 73 871 1 234 872 270 234 873 270 73 874 1 242 875 279 74 876 234 75 877 0 243 878 280 243 879 280 75 880 0 251 881 289 76 882 235 77 883 4 252 884 290 252 885 290 77 886 4 260 887 299 78 888 236 79 889 6 261 890 300 261 891 300 79 892 6 269 893 309 80 894 237 81 895 8 270 896 310 270 897 310 81 898 8 278 899 319 82 900 238 83 901 10 279 902 320 279 903 320 83 904 10 287 905 329 84 906 239 85 907 12 291 908 334 291 909 334 85 910 12 290 911 333 86 912 240 87 913 14 299 914 343 299 915 343 87 916 14 298 917 342 88 918 241 89 919 16 308 920 353 308 921 353 89 922 16 307 923 352 90 924 242 91 925 18 317 926 363 317 927 363 91 928 18 316 929 362 92 930 243 93 931 20 326 932 373 326 933 373 93 934 20 325 935 372 94 936 244 95 937 22 335 938 383 335 939 383 95 940 22 334 941 382 96 942 245 97 943 24 344 944 393 344 945 393 97 946 24 343 947 392 98 948 246 99 949 26 353 950 403 353 951 403 99 952 26 352 953 402 100 954 247 101 955 28 362 956 413 362 957 413 101 958 28 361 959 412 102 960 248 103 961 30 371 962 423 371 963 423 103 964 30 370 965 422 104 966 249 105 967 32 380 968 433 380 969 433 105 970 32 379 971 432 106 972 225 107 973 34 389 974 443 389 975 443 107 976 34 388 977 442 108 978 226 109 979 36 398 980 453 398 981 453 109 982 36 397 983 452 110 984 227 111 985 38 407 986 463 407 987 463 111 988 38 406 989 462 112 990 228 113 991 40 416 992 473 416 993 473 113 994 40 415 995 472 114 996 229 115 997 42 425 998 483 425 999 483 115 1000 42 424 1001 482 224 1002 259 119 1003 46 223 1004 258 223 1005 258 119 1006 46 118 1007 231 121 1008 100 120 1009 126 239 1010 275 239 1011 275 120 1012 126 238 1013 274 121 1014 124 228 1015 264 120 1016 173 120 1017 173 228 1018 264 229 1019 265 123 1020 101 122 1021 125 248 1022 285 248 1023 285 122 1024 125 247 1025 284 125 1026 102 124 1027 129 257 1028 295 257 1029 295 124 1030 129 256 1031 294 127 1032 103 126 1033 131 266 1034 305 266 1035 305 126 1036 131 265 1037 304 129 1038 104 128 1039 133 275 1040 315 275 1041 315 128 1042 133 274 1043 314 131 1044 105 130 1045 135 284 1046 325 284 1047 325 130 1048 135 283 1049 324 133 1050 106 132 1051 137 296 1052 339 296 1053 339 132 1054 137 295 1055 338 135 1056 107 134 1057 139 304 1058 348 304 1059 348 134 1060 139 303 1061 347 137 1062 108 136 1063 141 313 1064 358 313 1065 358 136 1066 141 312 1067 357 139 1068 109 138 1069 143 322 1070 368 322 1071 368 138 1072 143 321 1073 367 141 1074 110 140 1075 145 331 1076 378 331 1077 378 140 1078 145 330 1079 377 143 1080 111 142 1081 147 340 1082 388 340 1083 388 142 1084 147 339 1085 387 145 1086 112 144 1087 149 349 1088 398 349 1089 398 144 1090 149 348 1091 397 147 1092 113 146 1093 151 358 1094 408 358 1095 408 146 1096 151 357 1097 407 149 1098 114 148 1099 153 367 1100 418 367 1101 418 148 1102 153 366 1103 417 151 1104 115 150 1105 155 376 1106 428 376 1107 428 150 1108 155 375 1109 427 153 1110 116 152 1111 157 385 1112 438 385 1113 438 152 1114 157 384 1115 437 155 1116 117 154 1117 159 394 1118 448 394 1119 448 154 1120 159 393 1121 447 157 1122 118 156 1123 161 403 1124 458 403 1125 458 156 1126 161 402 1127 457 159 1128 119 158 1129 163 412 1130 468 412 1131 468 158 1132 163 411 1133 467 161 1134 120 160 1135 165 421 1136 478 421 1137 478 160 1138 165 420 1139 477 163 1140 121 162 1141 167 430 1142 488 430 1143 488 162 1144 167 429 1145 487 219 1146 254 166 1147 171 218 1148 253 218 1149 253 166 1150 171 167 1151 123 382 1152 435 383 1153 436 215 1154 223 215 1155 223 383 1156 436 214 1157 158 169 1158 160 168 1159 176 392 1160 446 392 1161 446 168 1162 176 391 1163 445 170 1164 162 171 1165 175 401 1166 456 401 1167 456 171 1168 175 400 1169 455 172 1170 164 173 1171 179 410 1172 466 410 1173 466 173 1174 179 409 1175 465 174 1176 166 175 1177 181 419 1178 476 419 1179 476 175 1180 181 418 1181 475 176 1182 168 177 1183 183 428 1184 486 428 1185 486 177 1186 183 427 1187 485 221 1188 256 181 1189 187 220 1190 255 220 1191 255 181 1192 187 180 1193 172 231 1194 267 183 1195 189 230 1196 266 230 1197 266 183 1198 189 182 1199 174 182 1200 127 183 1201 192 237 1202 273 237 1203 273 183 1204 192 236 1205 272 184 1206 128 185 1207 191 246 1208 283 246 1209 283 185 1210 191 245 1211 282 186 1212 130 187 1213 195 255 1214 293 255 1215 293 187 1216 195 254 1217 292 188 1218 132 189 1219 197 264 1220 303 264 1221 303 189 1222 197 263 1223 302 190 1224 134 191 1225 199 273 1226 313 273 1227 313 191 1228 199 272 1229 312 192 1230 136 193 1231 201 282 1232 323 282 1233 323 193 1234 201 281 1235 322 194 1236 138 195 1237 203 294 1238 337 294 1239 337 195 1240 203 293 1241 336 196 1242 140 197 1243 205 302 1244 346 302 1245 346 197 1246 205 301 1247 345 198 1248 142 199 1249 207 311 1250 356 311 1251 356 199 1252 207 310 1253 355 200 1254 144 201 1255 209 320 1256 366 320 1257 366 201 1258 209 319 1259 365 202 1260 146 203 1261 211 329 1262 376 329 1263 376 203 1264 211 328 1265 375 204 1266 148 205 1267 213 338 1268 386 338 1269 386 205 1270 213 337 1271 385 206 1272 150 207 1273 215 347 1274 396 347 1275 396 207 1276 215 346 1277 395 208 1278 152 209 1279 217 356 1280 406 356 1281 406 209 1282 217 355 1283 405 210 1284 154 211 1285 219 365 1286 416 365 1287 416 211 1288 219 364 1289 415 212 1290 156 213 1291 221 374 1292 426 374 1293 426 213 1294 221 373 1295 425 216 1296 251 22 1297 94 217 1298 252 217 1299 252 22 1300 94 46 1301 95 218 1302 253 217 1303 252 165 1304 122 165 1305 122 217 1306 252 46 1307 95 165 1308 122 164 1309 169 218 1310 253 218 1311 253 164 1312 169 219 1313 254 220 1314 255 219 1315 254 178 1316 170 178 1317 170 219 1318 254 164 1319 169 178 1320 170 179 1321 185 220 1322 255 220 1323 255 179 1324 185 221 1325 256 222 1326 257 221 1327 256 53 1328 186 53 1329 186 221 1330 256 179 1331 185 223 1332 258 222 1333 257 116 1334 230 116 1335 230 222 1336 257 53 1337 186 116 1338 230 117 1339 44 223 1340 258 223 1341 258 117 1342 44 224 1343 259 216 1344 250 224 1345 259 22 1346 45 22 1347 45 224 1348 259 117 1349 44 225 1350 260 119 1351 46 226 1352 261 226 1353 261 119 1354 46 23 1355 47 226 1356 262 23 1357 96 227 1358 263 227 1359 263 23 1360 96 47 1361 97 228 1362 264 227 1363 263 167 1364 123 167 1365 123 227 1366 263 47 1367 97 229 1368 265 228 1369 264 166 1370 171 166 1371 171 228 1372 264 167 1373 123 230 1374 266 229 1375 265 180 1376 172 180 1377 172 229 1378 265 166 1379 171 180 1380 172 181 1381 187 230 1382 266 230 1383 266 181 1384 187 231 1385 267 232 1386 268 231 1387 267 54 1388 188 54 1389 188 231 1390 267 181 1391 187 233 1392 269 232 1393 268 118 1394 231 118 1395 231 232 1396 268 54 1397 188 225 1398 260 233 1399 269 119 1400 46 119 1401 46 233 1402 269 118 1403 231 56 1404 194 235 1405 271 74 1406 234 74 1407 234 235 1408 271 234 1409 270 185 1410 191 236 1411 272 56 1412 194 56 1413 194 236 1414 272 235 1415 271 236 1416 272 185 1417 191 237 1418 273 237 1419 273 185 1420 191 184 1421 128 122 1422 125 238 1423 274 184 1424 128 184 1425 128 238 1426 274 237 1427 273 238 1428 274 122 1429 125 239 1430 275 239 1431 275 122 1432 125 123 1433 101 25 1434 53 240 1435 276 123 1436 101 123 1437 101 240 1438 276 239 1439 275 241 1440 278 240 1441 276 1 1442 50 1 1443 50 240 1444 276 25 1445 53 75 1446 0 242 1447 279 1 1448 3 1 1449 3 242 1450 279 241 1451 277 242 1452 279 75 1453 0 234 1454 270 234 1455 270 75 1456 0 74 1457 234 57 1458 196 244 1459 281 76 1460 235 76 1461 235 244 1462 281 243 1463 280 187 1464 195 245 1465 282 57 1466 196 57 1467 196 245 1468 282 244 1469 281 245 1470 282 187 1471 195 246 1472 283 246 1473 283 187 1474 195 186 1475 130 124 1476 129 247 1477 284 186 1478 130 186 1479 130 247 1480 284 246 1481 283 247 1482 284 124 1483 129 248 1484 285 248 1485 285 124 1486 129 125 1487 102 26 1488 55 249 1489 286 125 1490 102 125 1491 102 249 1492 286 248 1493 285 250 1494 288 249 1495 286 2 1496 54 2 1497 54 249 1498 286 26 1499 55 77 1500 4 251 1501 289 2 1502 5 2 1503 5 251 1504 289 250 1505 287 251 1506 289 77 1507 4 243 1508 280 243 1509 280 77 1510 4 76 1511 235 58 1512 198 253 1513 291 78 1514 236 78 1515 236 253 1516 291 252 1517 290 189 1518 197 254 1519 292 58 1520 198 58 1521 198 254 1522 292 253 1523 291 254 1524 292 189 1525 197 255 1526 293 255 1527 293 189 1528 197 188 1529 132 126 1530 131 256 1531 294 188 1532 132 188 1533 132 256 1534 294 255 1535 293 256 1536 294 126 1537 131 257 1538 295 257 1539 295 126 1540 131 127 1541 103 27 1542 57 258 1543 296 127 1544 103 127 1545 103 258 1546 296 257 1547 295 259 1548 298 258 1549 296 3 1550 56 3 1551 56 258 1552 296 27 1553 57 79 1554 6 260 1555 299 3 1556 7 3 1557 7 260 1558 299 259 1559 297 260 1560 299 79 1561 6 252 1562 290 252 1563 290 79 1564 6 78 1565 236 59 1566 200 262 1567 301 80 1568 237 80 1569 237 262 1570 301 261 1571 300 191 1572 199 263 1573 302 59 1574 200 59 1575 200 263 1576 302 262 1577 301 263 1578 302 191 1579 199 264 1580 303 264 1581 303 191 1582 199 190 1583 134 128 1584 133 265 1585 304 190 1586 134 190 1587 134 265 1588 304 264 1589 303 265 1590 304 128 1591 133 266 1592 305 266 1593 305 128 1594 133 129 1595 104 28 1596 59 267 1597 306 129 1598 104 129 1599 104 267 1600 306 266 1601 305 268 1602 308 267 1603 306 4 1604 58 4 1605 58 267 1606 306 28 1607 59 81 1608 8 269 1609 309 4 1610 9 4 1611 9 269 1612 309 268 1613 307 269 1614 309 81 1615 8 261 1616 300 261 1617 300 81 1618 8 80 1619 237 60 1620 202 271 1621 311 82 1622 238 82 1623 238 271 1624 311 270 1625 310 193 1626 201 272 1627 312 60 1628 202 60 1629 202 272 1630 312 271 1631 311 272 1632 312 193 1633 201 273 1634 313 273 1635 313 193 1636 201 192 1637 136 130 1638 135 274 1639 314 192 1640 136 192 1641 136 274 1642 314 273 1643 313 274 1644 314 130 1645 135 275 1646 315 275 1647 315 130 1648 135 131 1649 105 29 1650 61 276 1651 316 131 1652 105 131 1653 105 276 1654 316 275 1655 315 277 1656 318 276 1657 316 5 1658 60 5 1659 60 276 1660 316 29 1661 61 83 1662 10 278 1663 319 5 1664 11 5 1665 11 278 1666 319 277 1667 317 278 1668 319 83 1669 10 270 1670 310 270 1671 310 83 1672 10 82 1673 238 61 1674 204 280 1675 321 84 1676 239 84 1677 239 280 1678 321 279 1679 320 195 1680 203 281 1681 322 61 1682 204 61 1683 204 281 1684 322 280 1685 321 281 1686 322 195 1687 203 282 1688 323 282 1689 323 195 1690 203 194 1691 138 132 1692 137 283 1693 324 194 1694 138 194 1695 138 283 1696 324 282 1697 323 283 1698 324 132 1699 137 284 1700 325 284 1701 325 132 1702 137 133 1703 106 30 1704 63 285 1705 326 133 1706 106 133 1707 106 285 1708 326 284 1709 325 286 1710 328 285 1711 326 6 1712 62 6 1713 62 285 1714 326 30 1715 63 85 1716 12 287 1717 329 6 1718 13 6 1719 13 287 1720 329 286 1721 327 287 1722 329 85 1723 12 279 1724 320 279 1725 320 85 1726 12 84 1727 239 289 1728 332 288 1729 330 7 1730 64 7 1731 64 288 1732 330 31 1733 65 87 1734 14 290 1735 333 7 1736 15 7 1737 15 290 1738 333 289 1739 331 290 1740 333 87 1741 14 291 1742 334 291 1743 334 87 1744 14 86 1745 240 62 1746 206 292 1747 335 86 1748 240 86 1749 240 292 1750 335 291 1751 334 197 1752 205 293 1753 336 62 1754 206 62 1755 206 293 1756 336 292 1757 335 293 1758 336 197 1759 205 294 1760 337 294 1761 337 197 1762 205 196 1763 140 134 1764 139 295 1765 338 196 1766 140 196 1767 140 295 1768 338 294 1769 337 295 1770 338 134 1771 139 296 1772 339 296 1773 339 134 1774 139 135 1775 107 31 1776 65 288 1777 330 135 1778 107 135 1779 107 288 1780 330 296 1781 339 89 1782 16 298 1783 342 8 1784 17 8 1785 17 298 1786 342 297 1787 340 298 1788 342 89 1789 16 299 1790 343 299 1791 343 89 1792 16 88 1793 241 63 1794 208 300 1795 344 88 1796 241 88 1797 241 300 1798 344 299 1799 343 199 1800 207 301 1801 345 63 1802 208 63 1803 208 301 1804 345 300 1805 344 301 1806 345 199 1807 207 302 1808 346 302 1809 346 199 1810 207 198 1811 142 136 1812 141 303 1813 347 198 1814 142 198 1815 142 303 1816 347 302 1817 346 303 1818 347 136 1819 141 304 1820 348 304 1821 348 136 1822 141 137 1823 108 32 1824 67 305 1825 349 137 1826 108 137 1827 108 305 1828 349 304 1829 348 297 1830 341 305 1831 349 8 1832 66 8 1833 66 305 1834 349 32 1835 67 91 1836 18 307 1837 352 9 1838 19 9 1839 19 307 1840 352 306 1841 350 307 1842 352 91 1843 18 308 1844 353 308 1845 353 91 1846 18 90 1847 242 64 1848 210 309 1849 354 90 1850 242 90 1851 242 309 1852 354 308 1853 353 201 1854 209 310 1855 355 64 1856 210 64 1857 210 310 1858 355 309 1859 354 310 1860 355 201 1861 209 311 1862 356 311 1863 356 201 1864 209 200 1865 144 138 1866 143 312 1867 357 200 1868 144 200 1869 144 312 1870 357 311 1871 356 312 1872 357 138 1873 143 313 1874 358 313 1875 358 138 1876 143 139 1877 109 33 1878 69 314 1879 359 139 1880 109 139 1881 109 314 1882 359 313 1883 358 306 1884 351 314 1885 359 9 1886 68 9 1887 68 314 1888 359 33 1889 69 93 1890 20 316 1891 362 10 1892 21 10 1893 21 316 1894 362 315 1895 360 316 1896 362 93 1897 20 317 1898 363 317 1899 363 93 1900 20 92 1901 243 65 1902 212 318 1903 364 92 1904 243 92 1905 243 318 1906 364 317 1907 363 203 1908 211 319 1909 365 65 1910 212 65 1911 212 319 1912 365 318 1913 364 319 1914 365 203 1915 211 320 1916 366 320 1917 366 203 1918 211 202 1919 146 140 1920 145 321 1921 367 202 1922 146 202 1923 146 321 1924 367 320 1925 366 321 1926 367 140 1927 145 322 1928 368 322 1929 368 140 1930 145 141 1931 110 34 1932 71 323 1933 369 141 1934 110 141 1935 110 323 1936 369 322 1937 368 315 1938 361 323 1939 369 10 1940 70 10 1941 70 323 1942 369 34 1943 71 95 1944 22 325 1945 372 11 1946 23 11 1947 23 325 1948 372 324 1949 370 325 1950 372 95 1951 22 326 1952 373 326 1953 373 95 1954 22 94 1955 244 66 1956 214 327 1957 374 94 1958 244 94 1959 244 327 1960 374 326 1961 373 205 1962 213 328 1963 375 66 1964 214 66 1965 214 328 1966 375 327 1967 374 328 1968 375 205 1969 213 329 1970 376 329 1971 376 205 1972 213 204 1973 148 142 1974 147 330 1975 377 204 1976 148 204 1977 148 330 1978 377 329 1979 376 330 1980 377 142 1981 147 331 1982 378 331 1983 378 142 1984 147 143 1985 111 35 1986 73 332 1987 379 143 1988 111 143 1989 111 332 1990 379 331 1991 378 324 1992 371 332 1993 379 11 1994 72 11 1995 72 332 1996 379 35 1997 73 97 1998 24 334 1999 382 12 2000 25 12 2001 25 334 2002 382 333 2003 380 334 2004 382 97 2005 24 335 2006 383 335 2007 383 97 2008 24 96 2009 245 67 2010 216 336 2011 384 96 2012 245 96 2013 245 336 2014 384 335 2015 383 207 2016 215 337 2017 385 67 2018 216 67 2019 216 337 2020 385 336 2021 384 337 2022 385 207 2023 215 338 2024 386 338 2025 386 207 2026 215 206 2027 150 144 2028 149 339 2029 387 206 2030 150 206 2031 150 339 2032 387 338 2033 386 339 2034 387 144 2035 149 340 2036 388 340 2037 388 144 2038 149 145 2039 112 36 2040 75 341 2041 389 145 2042 112 145 2043 112 341 2044 389 340 2045 388 333 2046 381 341 2047 389 12 2048 74 12 2049 74 341 2050 389 36 2051 75 99 2052 26 343 2053 392 13 2054 27 13 2055 27 343 2056 392 342 2057 390 343 2058 392 99 2059 26 344 2060 393 344 2061 393 99 2062 26 98 2063 246 68 2064 218 345 2065 394 98 2066 246 98 2067 246 345 2068 394 344 2069 393 209 2070 217 346 2071 395 68 2072 218 68 2073 218 346 2074 395 345 2075 394 346 2076 395 209 2077 217 347 2078 396 347 2079 396 209 2080 217 208 2081 152 146 2082 151 348 2083 397 208 2084 152 208 2085 152 348 2086 397 347 2087 396 348 2088 397 146 2089 151 349 2090 398 349 2091 398 146 2092 151 147 2093 113 37 2094 77 350 2095 399 147 2096 113 147 2097 113 350 2098 399 349 2099 398 342 2100 391 350 2101 399 13 2102 76 13 2103 76 350 2104 399 37 2105 77 101 2106 28 352 2107 402 14 2108 29 14 2109 29 352 2110 402 351 2111 400 352 2112 402 101 2113 28 353 2114 403 353 2115 403 101 2116 28 100 2117 247 69 2118 220 354 2119 404 100 2120 247 100 2121 247 354 2122 404 353 2123 403 211 2124 219 355 2125 405 69 2126 220 69 2127 220 355 2128 405 354 2129 404 355 2130 405 211 2131 219 356 2132 406 356 2133 406 211 2134 219 210 2135 154 148 2136 153 357 2137 407 210 2138 154 210 2139 154 357 2140 407 356 2141 406 357 2142 407 148 2143 153 358 2144 408 358 2145 408 148 2146 153 149 2147 114 38 2148 79 359 2149 409 149 2150 114 149 2151 114 359 2152 409 358 2153 408 351 2154 401 359 2155 409 14 2156 78 14 2157 78 359 2158 409 38 2159 79 103 2160 30 361 2161 412 15 2162 31 15 2163 31 361 2164 412 360 2165 410 361 2166 412 103 2167 30 362 2168 413 362 2169 413 103 2170 30 102 2171 248 70 2172 222 363 2173 414 102 2174 248 102 2175 248 363 2176 414 362 2177 413 213 2178 221 364 2179 415 70 2180 222 70 2181 222 364 2182 415 363 2183 414 364 2184 415 213 2185 221 365 2186 416 365 2187 416 213 2188 221 212 2189 156 150 2190 155 366 2191 417 212 2192 156 212 2193 156 366 2194 417 365 2195 416 366 2196 417 150 2197 155 367 2198 418 367 2199 418 150 2200 155 151 2201 115 39 2202 81 368 2203 419 151 2204 115 151 2205 115 368 2206 419 367 2207 418 360 2208 411 368 2209 419 15 2210 80 15 2211 80 368 2212 419 39 2213 81 105 2214 32 370 2215 422 16 2216 33 16 2217 33 370 2218 422 369 2219 420 370 2220 422 105 2221 32 371 2222 423 371 2223 423 105 2224 32 104 2225 249 71 2226 224 372 2227 424 104 2228 249 104 2229 249 372 2230 424 371 2231 423 215 2232 223 373 2233 425 71 2234 224 71 2235 224 373 2236 425 372 2237 424 373 2238 425 215 2239 223 374 2240 426 374 2241 426 215 2242 223 214 2243 158 152 2244 157 375 2245 427 214 2246 158 214 2247 158 375 2248 427 374 2249 426 375 2250 427 152 2251 157 376 2252 428 376 2253 428 152 2254 157 153 2255 116 40 2256 83 377 2257 429 153 2258 116 153 2259 116 377 2260 429 376 2261 428 369 2262 421 377 2263 429 16 2264 82 16 2265 82 377 2266 429 40 2267 83 107 2268 34 379 2269 432 17 2270 35 17 2271 35 379 2272 432 378 2273 430 379 2274 432 107 2275 34 380 2276 433 380 2277 433 107 2278 34 106 2279 225 48 2280 177 381 2281 434 106 2282 225 106 2283 225 381 2284 434 380 2285 433 168 2286 176 382 2287 435 48 2288 177 48 2289 177 382 2290 435 381 2291 434 169 2292 160 383 2293 436 168 2294 176 168 2295 176 383 2296 436 382 2297 435 154 2298 159 384 2299 437 169 2300 160 169 2301 160 384 2302 437 383 2303 436 384 2304 437 154 2305 159 385 2306 438 385 2307 438 154 2308 159 155 2309 117 41 2310 85 386 2311 439 155 2312 117 155 2313 117 386 2314 439 385 2315 438 378 2316 431 386 2317 439 17 2318 84 17 2319 84 386 2320 439 41 2321 85 109 2322 36 388 2323 442 18 2324 37 18 2325 37 388 2326 442 387 2327 440 388 2328 442 109 2329 36 389 2330 443 389 2331 443 109 2332 36 108 2333 226 49 2334 178 390 2335 444 108 2336 226 108 2337 226 390 2338 444 389 2339 443 171 2340 175 391 2341 445 49 2342 178 49 2343 178 391 2344 445 390 2345 444 391 2346 445 171 2347 175 392 2348 446 392 2349 446 171 2350 175 170 2351 162 156 2352 161 393 2353 447 170 2354 162 170 2355 162 393 2356 447 392 2357 446 393 2358 447 156 2359 161 394 2360 448 394 2361 448 156 2362 161 157 2363 118 42 2364 87 395 2365 449 157 2366 118 157 2367 118 395 2368 449 394 2369 448 387 2370 441 395 2371 449 18 2372 86 18 2373 86 395 2374 449 42 2375 87 111 2376 38 397 2377 452 19 2378 39 19 2379 39 397 2380 452 396 2381 450 397 2382 452 111 2383 38 398 2384 453 398 2385 453 111 2386 38 110 2387 227 50 2388 180 399 2389 454 110 2390 227 110 2391 227 399 2392 454 398 2393 453 173 2394 179 400 2395 455 50 2396 180 50 2397 180 400 2398 455 399 2399 454 400 2400 455 173 2401 179 401 2402 456 401 2403 456 173 2404 179 172 2405 164 158 2406 163 402 2407 457 172 2408 164 172 2409 164 402 2410 457 401 2411 456 402 2412 457 158 2413 163 403 2414 458 403 2415 458 158 2416 163 159 2417 119 43 2418 89 404 2419 459 159 2420 119 159 2421 119 404 2422 459 403 2423 458 396 2424 451 404 2425 459 19 2426 88 19 2427 88 404 2428 459 43 2429 89 113 2430 40 406 2431 462 20 2432 41 20 2433 41 406 2434 462 405 2435 460 406 2436 462 113 2437 40 407 2438 463 407 2439 463 113 2440 40 112 2441 228 51 2442 182 408 2443 464 112 2444 228 112 2445 228 408 2446 464 407 2447 463 175 2448 181 409 2449 465 51 2450 182 51 2451 182 409 2452 465 408 2453 464 409 2454 465 175 2455 181 410 2456 466 410 2457 466 175 2458 181 174 2459 166 160 2460 165 411 2461 467 174 2462 166 174 2463 166 411 2464 467 410 2465 466 411 2466 467 160 2467 165 412 2468 468 412 2469 468 160 2470 165 161 2471 120 44 2472 91 413 2473 469 161 2474 120 161 2475 120 413 2476 469 412 2477 468 405 2478 461 413 2479 469 20 2480 90 20 2481 90 413 2482 469 44 2483 91 115 2484 42 415 2485 472 21 2486 43 21 2487 43 415 2488 472 414 2489 470 415 2490 472 115 2491 42 416 2492 473 416 2493 473 115 2494 42 114 2495 229 52 2496 184 417 2497 474 114 2498 229 114 2499 229 417 2500 474 416 2501 473 177 2502 183 418 2503 475 52 2504 184 52 2505 184 418 2506 475 417 2507 474 418 2508 475 177 2509 183 419 2510 476 419 2511 476 177 2512 183 176 2513 168 162 2514 167 420 2515 477 176 2516 168 176 2517 168 420 2518 477 419 2519 476 420 2520 477 162 2521 167 421 2522 478 421 2523 478 162 2524 167 163 2525 121 45 2526 93 422 2527 479 163 2528 121 163 2529 121 422 2530 479 421 2531 478 414 2532 471 422 2533 479 21 2534 92 21 2535 92 422 2536 479 45 2537 93 117 2538 44 424 2539 482 22 2540 45 22 2541 45 424 2542 482 423 2543 480 424 2544 482 117 2545 44 425 2546 483 425 2547 483 117 2548 44 116 2549 230 53 2550 186 426 2551 484 116 2552 230 116 2553 230 426 2554 484 425 2555 483 179 2556 185 427 2557 485 53 2558 186 53 2559 186 427 2560 485 426 2561 484 427 2562 485 179 2563 185 428 2564 486 428 2565 486 179 2566 185 178 2567 170 164 2568 169 429 2569 487 178 2570 170 178 2571 170 429 2572 487 428 2573 486 429 2574 487 164 2575 169 430 2576 488 430 2577 488 164 2578 169 165 2579 122 46 2580 95 431 2581 489 165 2582 122 165 2583 122 431 2584 489 430 2585 488 423 2586 481 431 2587 489 22 2588 94 22 2589 94 431 2590 489 46 2591 95</p>
        </triangles>
      </mesh>
      <extra>
        <technique profile="OpenCOLLADAMaya">
          <originalMayaNodeId>pPipeShape69</originalMayaNodeId>
          <double_sided>1</double_sided>
        </technique>
      </extra>
    </geometry>
    <geometry id="pPipeShape70" name="pPipeShape70">
      <mesh>
        <source id="pPipeShape70-positions" name="pPipeShape70-positions">
          <float_array id="pPipeShape70-positions-array" count="1296">0 2.669086 4.258083 -0.43199 2.612214 4.258081 -0.834544 2.445471 4.258081 -1.180222 2.180222 4.258083 -1.445471 1.834543 4.258081 -1.612212 1.431992 4.258081 -1.669087 1 4.258081 -1.612212 0.568008 4.258083 -1.445471 0.165457 4.258083 -1.180222 -0.180222 4.258081 -0.834544 -0.445471 4.258083 -0.43199 -0.612214 4.258081 0 -0.669086 4.258081 0.43199 -0.612214 4.258081 0.834544 -0.445471 4.258083 1.180222 -0.180222 4.258081 1.445471 0.165457 4.258083 1.612212 0.568008 4.258083 1.669087 1 4.258081 1.612212 1.431992 4.258081 1.445471 1.834543 4.258081 1.180222 2.180222 4.258083 0.834544 2.445471 4.258081 0.43199 2.612214 4.258081 0 2.810549 4.258081 -0.468603 2.748857 4.258083 -0.905273 2.567982 4.258081 -1.280254 2.280251 4.258081 -1.567981 1.905275 4.258081 -1.748857 1.468605 4.258083 -1.810552 1 4.258081 -1.748857 0.531395 4.258083 -1.567981 0.094725 4.258081 -1.280254 -0.280252 4.258083 -0.905273 -0.567982 4.258081 -0.468603 -0.748857 4.258083 0 -0.81055 4.258081 0.468603 -0.748857 4.258083 0.905273 -0.567982 4.258081 1.280254 -0.280252 4.258083 1.567981 0.094725 4.258081 1.748857 0.531395 4.258083 1.810552 1 4.258081 1.748857 1.468605 4.258083 1.567981 1.905275 4.258081 1.280254 2.280251 4.258081 0.905273 2.567982 4.258081 0.468603 2.748857 4.258083 1.678313 0.550297 4.200972 1.73752 1 4.200972 1.678313 1.449703 4.200972 1.504736 1.868759 4.200972 1.228611 2.228611 4.200974 0.868757 2.504735 4.200972 0.449705 2.678314 4.200972 0 2.737518 4.200972 -0.449705 2.678314 4.200972 -0.868757 2.504735 4.200972 -1.228611 2.228611 4.200974 -1.504736 1.868759 4.200972 -1.678313 1.449703 4.200972 -1.73752 1 4.200972 -1.678313 0.550297 4.200972 -1.504736 0.131241 4.200972 -1.228611 -0.228611 4.200972 -0.868757 -0.504735 4.200972 -0.449705 -0.678314 4.200974 0 -0.737518 4.200972 0.449705 -0.678314 4.200974 0.868757 -0.504735 4.200972 1.228611 -0.228611 4.200972 1.504736 0.131241 4.200972 0 2.688383 4.200972 0 2.669086 4.220271 -0.436987 2.630853 4.200972 -0.43199 2.612214 4.220269 -0.844192 2.462182 4.200972 -0.834544 2.445471 4.220269 -1.193867 2.193867 4.200972 -1.180222 2.180222 4.220271 -1.462183 1.844191 4.200972 -1.445471 1.834543 4.220269 -1.630852 1.436985 4.200972 -1.612212 1.431992 4.220269 -1.688381 1 4.200972 -1.669087 1 4.220269 -1.630852 0.563015 4.200972 -1.612212 0.568008 4.220271 -1.462183 0.155809 4.200972 -1.445471 0.165457 4.220271 -1.193867 -0.193867 4.200972 -1.180222 -0.180222 4.220269 -0.844192 -0.462182 4.200974 -0.834544 -0.445471 4.220271 -0.436987 -0.630853 4.200972 -0.43199 -0.612214 4.220269 0 -0.688383 4.200972 0 -0.669086 4.220269 0.436987 -0.630853 4.200972 0.43199 -0.612214 4.220269 0.844192 -0.462182 4.200974 0.834544 -0.445471 4.220271 1.193867 -0.193867 4.200972 1.180222 -0.180222 4.220269 1.462183 0.155809 4.200972 1.445471 0.165457 4.220271 1.630852 0.563015 4.200972 1.612212 0.568008 4.220271 1.688381 1 4.200972 1.669087 1 4.220269 1.630852 1.436985 4.200972 1.612212 1.431992 4.220269 1.462183 1.844191 4.200972 1.445471 1.834543 4.220269 1.193867 2.193867 4.200972 1.180222 2.180222 4.220271 0.844192 2.462182 4.200972 0.834544 2.445471 4.220269 0.436987 2.630853 4.200972 0.43199 2.612214 4.220269 0 2.791254 4.07459 0 2.810549 4.093887 -0.463611 2.730219 4.07459 -0.468603 2.748857 4.093889 -0.895625 2.551271 4.07459 -0.905273 2.567982 4.093887 -1.266606 2.266608 4.074592 -1.280254 2.280251 4.093887 -1.55127 1.895627 4.074592 -1.567981 1.905275 4.093887 -1.73022 1.46361 4.07459 -1.748857 1.468605 4.093889 -1.791255 1 4.07459 -1.810552 1 4.093887 -1.73022 0.53639 4.074592 -1.748857 0.531395 4.093889 -1.55127 0.104373 4.074592 -1.567981 0.094725 4.093887 -1.266606 -0.266608 4.07459 -1.280254 -0.280252 4.093889 -0.895625 -0.551271 4.07459 -0.905273 -0.567982 4.093887 -0.463611 -0.730219 4.07459 -0.468603 -0.748857 4.093889 0 -0.791254 4.07459 0 -0.81055 4.093887 0.463611 -0.730219 4.07459 0.468603 -0.748857 4.093889 0.895625 -0.551271 4.07459 0.905273 -0.567982 4.093887 1.266606 -0.266608 4.07459 1.280254 -0.280252 4.093889 1.55127 0.104373 4.074592 1.567981 0.094725 4.093887 1.73022 0.53639 4.074592 1.748857 0.531395 4.093889 1.791255 1 4.07459 1.810552 1 4.093887 1.73022 1.46361 4.07459 1.748857 1.468605 4.093889 1.55127 1.895627 4.074592 1.567981 1.905275 4.093887 1.266606 2.266608 4.074592 1.280254 2.280251 4.093887 0.895625 2.551271 4.07459 0.905273 2.567982 4.093887 0.463611 2.730219 4.07459 0.468603 2.748857 4.093889 1.674907 0.55121 4.093875 1.692932 0.54638 4.074592 1.752651 1 4.07459 1.733992 1 4.093875 1.692932 1.45362 4.074592 1.674907 1.44879 4.093875 1.517842 1.876327 4.07459 1.50168 1.866996 4.093877 1.239312 2.239313 4.074592 1.226116 2.226118 4.093875 0.876328 2.517842 4.074592 0.866997 2.50168 4.093877 0.453618 2.692933 4.07459 0.448792 2.674907 4.093875 0 2.752653 4.07459 0 2.733992 4.093877 -0.453618 2.692933 4.07459 -0.448792 2.674907 4.093875 -0.876328 2.517842 4.074592 -0.866997 2.50168 4.093877 -1.239312 2.239313 4.074592 -1.226116 2.226118 4.093875 -1.517842 1.876327 4.07459 -1.50168 1.866996 4.093877 -1.692932 1.45362 4.074592 -1.674907 1.44879 4.093875 -1.752651 1 4.07459 -1.733992 1 4.093875 -1.692932 0.54638 4.074592 -1.674907 0.55121 4.093875 -1.517842 0.123673 4.07459 -1.50168 0.133004 4.093875 -1.239312 -0.239313 4.07459 -1.226116 -0.226118 4.093875 -0.876328 -0.517842 4.07459 -0.866997 -0.501681 4.093875 -0.453618 -0.692933 4.07459 -0.448792 -0.674907 4.093875 0 -0.752653 4.07459 0 -0.733992 4.093875 0.453618 -0.692933 4.07459 0.448792 -0.674907 4.093875 0.876328 -0.517842 4.07459 0.866997 -0.501681 4.093875 1.239312 -0.239313 4.07459 1.226116 -0.226118 4.093875 1.517842 0.123673 4.07459 1.50168 0.133004 4.093875 0.63814 2.540606 4.258081 0.692224 2.67118 4.258082 0.692224 2.67118 4.093888 0.684849 2.653369 4.07459 0.67009 2.61774 4.074591 0.662959 2.600515 4.093876 0.664304 2.603771 4.200972 0.64552 2.558417 4.200972 0.63814 2.540606 4.220269 0.217302 2.653321 4.22027 0.217302 2.653321 4.258082 0.23572 2.793447 4.258082 0.23572 2.793447 4.093888 0.233208 2.774334 4.07459 0.228184 2.736098 4.07459 0.225754 2.717613 4.093876 0.226213 2.721106 4.200972 0.219815 2.672435 4.200972 -0.223137 2.671996 4.200972 -0.229631 2.720655 4.200972 -0.229165 2.717162 4.093876 -0.231631 2.735643 4.07459 -0.236733 2.773869 4.07459 -0.239285 2.792978 4.093888 -0.239285 2.792978 4.258082 -0.220586 2.652888 4.258082 -0.220586 2.652888 4.22027 -0.651555 2.555915 4.200972 -0.670515 2.601196 4.200972 -0.669155 2.597945 4.093875 -0.676355 2.615143 4.07459 -0.69125 2.650715 4.07459 -0.698694 2.668497 4.093887 -0.698694 2.668497 4.258082 -0.644104 2.538133 4.258081 -0.644104 2.538133 4.220269 -1.032092 2.334231 4.200972 -1.062126 2.37306 4.200972 -1.059973 2.370273 4.093877 -1.071382 2.38502 4.074592 -1.094976 2.415524 4.07459 -1.106775 2.430771 4.093887 -1.106775 2.430771 4.258081 -1.020298 2.318982 4.258081 -1.020298 2.318982 4.220269 -1.340361 2.024102 4.200972 -1.379368 2.053906 4.200972 -1.376567 2.051767 4.093877 -1.391384 2.063086 4.07459 -1.422026 2.086499 4.074592 -1.437346 2.098203 4.093887 -1.437346 2.098203 4.258081 -1.325042 2.012398 4.258081 -1.325042 2.012398 4.220269 -1.563286 1.633748 4.200972 -1.608779 1.652191 4.200972 -1.605513 1.650867 4.093877 -1.622793 1.657872 4.07459 -1.658535 1.672361 4.07459 -1.676401 1.679604 4.093887 -1.676401 1.679604 4.258081 -1.545417 1.626505 4.258081 -1.545417 1.626505 4.220269 -1.673718 1.209986 4.200972 -1.722432 1.216097 4.200972 -1.718933 1.215659 4.093875 -1.737432 1.21798 4.07459 -1.775701 1.22278 4.07459 -1.794829 1.22518 4.093887 -1.794829 1.22518 4.258081 -1.65459 1.207587 4.258081 -1.65459 1.207587 4.220269 -1.793591 0.76544 4.258083 -1.653452 0.783768 4.258081 -1.653452 0.783768 4.220269 -1.672568 0.781268 4.200972 -1.721245 0.774902 4.200972 -1.717751 0.775359 4.093875 -1.736238 0.772941 4.07459 -1.774478 0.767941 4.07459 -1.793591 0.76544 4.093889 -1.540603 0.361877 4.258083 -1.540603 0.361877 4.220271 -1.558413 0.3545 4.200972 -1.603767 0.335714 4.200972 -1.600508 0.337063 4.093875 -1.617734 0.329928 4.07459 -1.653364 0.31517 4.074592 -1.671174 0.307793 4.093887 -1.671174 0.307793 4.258081 -1.32615 -0.010945 4.258081 -1.32615 -0.010944 4.220269 -1.341482 -0.022632 4.200972 -1.380522 -0.052393 4.200972 -1.377717 -0.050257 4.093875 -1.392544 -0.06156 4.07459 -1.423213 -0.08494 4.07459 -1.43855 -0.096628 4.093887 -1.43855 -0.096628 4.258081 -1.013835 -0.32393 4.258083 -1.013835 -0.32393 4.220271 -1.025559 -0.339236 4.200972 -1.055403 -0.378211 4.200972 -1.053262 -0.375413 4.093875 -1.064597 -0.390215 4.07459 -1.088042 -0.420834 4.07459 -1.099766 -0.43614 4.093889 -1.099766 -0.43614 4.258083 -0.641533 -0.539188 4.258082 -0.641533 -0.539188 4.22027 -0.648955 -0.556983 4.200973 -0.667837 -0.602295 4.200973 -0.666482 -0.599042 4.093875 -0.673655 -0.616251 4.07459 -0.688489 -0.651848 4.07459 -0.695906 -0.669643 4.093889 -0.695906 -0.669643 4.258082 -0.215501 -0.653547 4.258081 -0.215501 -0.653547 4.220269 -0.217993 -0.672663 4.200972 -0.224338 -0.721342 4.200973 -0.223884 -0.717848 4.093875 -0.226289 -0.736336 4.07459 -0.231277 -0.774577 4.07459 -0.23377 -0.793694 4.093888 -0.23377 -0.793694 4.258082 0.207815 -0.654559 4.258081 0.207817 -0.654559 4.220269 0.21022 -0.673688 4.200972 0.216338 -0.722396 4.200973 0.215898 -0.7189 4.093875 0.21822 -0.737399 4.07459 0.22303 -0.775664 4.07459 0.22543 -0.794792 4.093888 0.22543 -0.794792 4.258082 0.639128 -0.540187 4.258082 0.639128 -0.540187 4.22027 0.646519 -0.557993 4.200973 0.665332 -0.603334 4.200973 0.663982 -0.60008 4.093875 0.671126 -0.6173 4.07459 0.685908 -0.65292 4.07459 0.693298 -0.670726 4.093888 0.693298 -0.670726 4.258082 1.017881 -0.32083 4.258082 1.017881 -0.32083 4.22027 1.029648 -0.3361 4.200973 1.059614 -0.374984 4.200972 1.057463 -0.372193 4.093875 1.068845 -0.386961 4.07459 1.092383 -0.417508 4.07459 1.104153 -0.432778 4.093888 1.104153 -0.432778 4.258082 1.318179 -0.021339 4.258082 1.318179 -0.021339 4.22027 1.333418 -0.033147 4.200972 1.372224 -0.063214 4.200972 1.369438 -0.061056 4.093875 1.384177 -0.072476 4.07459 1.414661 -0.096096 4.074591 1.429902 -0.107904 4.093888 1.429902 -0.107904 4.258082 1.54051 0.361647 4.258083 1.54051 0.361647 4.220271 1.558323 0.354267 4.200972 1.603674 0.335474 4.200972 1.600417 0.336823 4.093875 1.617642 0.329686 4.074591 1.653269 0.314923 4.074592 1.671079 0.307543 4.093888 1.671079 0.307543 4.258082 1.653843 0.786688 4.258082 1.653843 0.786688 4.22027 1.672961 0.784222 4.200972 1.72165 0.777943 4.200972 1.718157 0.778394 4.093875 1.736648 0.776008 4.074591 1.774897 0.771075 4.074591 1.794016 0.768609 4.093888 1.794016 0.768609 4.258082 1.653098 1.218974 4.258081 1.653098 1.218974 4.220269 1.672209 1.221506 4.200972 1.720876 1.227952 4.200972 1.717383 1.227489 4.093875 1.735864 1.229937 4.074591 1.774097 1.235001 4.07459 1.793208 1.237533 4.093888 1.793208 1.237533 4.258082 1.538135 1.644104 4.258081 1.538135 1.644104 4.220269 1.555918 1.651551 4.200972 1.601199 1.670512 4.200972 1.597947 1.669151 4.093876 1.615144 1.676353 4.074591 1.650718 1.691248 4.074591 1.668499 1.698695 4.093888 1.668499 1.698695 4.258082 1.327881 2.008707 4.258082 1.327881 2.008707 4.22027 1.343235 2.020368 4.200972 1.382322 2.050063 4.200973 1.379517 2.047932 4.093876 1.39436 2.05921 4.074591 1.425071 2.082538 4.074592 1.440425 2.094199 4.093887 1.440425 2.0942 4.258081 1.011719 2.325569 4.258082 1.011719 2.325569 4.22027 1.023418 2.340894 4.200972 1.053198 2.379916 4.200973 1.051062 2.377115 4.093876 1.062375 2.391936 4.074592 1.085771 2.422592 4.074591 1.097466 2.437917 4.093887 1.097466 2.437917 4.258081</float_array>
          <technique_common>
            <accessor source="#pPipeShape70-positions-array" count="432" stride="3">
              <param name="X" type="float"/>
              <param name="Y" type="float"/>
              <param name="Z" type="float"/>
            </accessor>
          </technique_common>
        </source>
        <source id="pPipeShape70-normals" name="pPipeShape70-normals">
          <float_array id="pPipeShape70-normals-array" count="7776">0.06768298 -0.9216678 -0.3820309 4.06e-4 -0.9237872 -0.3829061 0.05178699 -0.7052048 0.7071098 0.05178699 -0.7052048 0.7071098 4.06e-4 -0.9237872 -0.3829061 3.1e-4 -0.7061636 0.7080486 0.304706 -0.872462 -0.382053 0.240199 -0.8919999 -0.382937 0.233146 -0.66757 0.707102 0.233146 -0.66757 0.707102 0.240199 -0.8919999 -0.382937 0.183616 -0.681879 0.708044 0.520152 -0.763865 -0.382037 0.4632788 -0.7992097 -0.3829318 0.3979941 -0.5844681 0.7071052 0.3979941 -0.5844681 0.7071052 0.4632788 -0.7992097 -0.3829318 0.35415 -0.6109549 0.7080339 0.6996598 -0.6037519 -0.3820469 0.6540988 -0.6523278 -0.3829139 0.53534 -0.461964 0.707107 0.53534 -0.461964 0.707107 0.6540988 -0.6523278 -0.3829139 0.5000239 -0.4986739 0.7080258 0.8330061 -0.4001971 -0.3820251 0.8009614 -0.4602332 -0.3829442 0.6373682 -0.3062071 0.7071062 0.6373682 -0.3062071 0.7071062 0.8009614 -0.4602332 -0.3829442 0.612268 -0.351812 0.708065 0.908098 -0.17149 -0.382033 0.8930311 -0.236331 -0.3829401 0.6948284 -0.1312191 0.7071034 0.6948284 -0.1312191 0.7071034 0.8930311 -0.236331 -0.3829401 0.682689 -0.180668 0.7080219 0.9217297 0.06664398 -0.3820639 0.9237866 0.001135 -0.3829058 0.705269 0.05099801 0.7071031 0.705269 0.05099801 0.7071031 0.9237866 0.001135 -0.3829058 0.706217 8.7e-4 0.707995 0.872968 0.303267 -0.382042 0.8923535 0.2389209 -0.3829128 0.6679468 0.2320379 0.7071108 0.6679468 0.2320379 0.7071108 0.8923535 0.2389209 -0.3829128 0.6821422 0.182639 0.7080432 0.7654605 0.5177723 -0.3820762 0.8003595 0.4613167 -0.3828987 0.5856981 0.3961731 0.70711 0.5856981 0.3961731 0.70711 0.8003595 0.4613167 -0.3828987 0.6118321 0.352652 0.7080241 0.6040599 0.699388 -0.3820579 0.6535138 0.6529018 -0.3829348 0.4621959 0.5351439 0.707104 0.4621959 0.5351439 0.707104 0.6535138 0.6529018 -0.3829348 0.4995569 0.4990949 0.7080588 0.4036433 0.8313085 -0.3820972 0.4621169 0.7998849 -0.3829259 0.308853 0.636086 0.70711 0.308853 0.636086 0.70711 0.4621169 0.7998849 -0.3829259 0.353268 0.611478 0.708023 0.173308 0.9077398 -0.3820639 0.239263 0.892248 -0.382945 0.132612 0.6945652 0.7071022 0.132612 0.6945652 0.7071022 0.239263 0.892248 -0.382945 0.1829021 0.6820602 0.7080542 -0.06444202 0.9218652 -0.3821151 0.001015 0.9237819 -0.3829179 -0.04931101 0.7053871 0.707105 -0.04931101 0.7053871 0.707105 0.001015 0.9237819 -0.3829179 7.75e-4 0.7062181 0.707994 -0.303514 0.8728681 -0.3820741 -0.2380789 0.8925638 -0.3829469 -0.2322381 0.6678842 0.7071042 -0.2322381 0.6678842 0.7071042 -0.2380789 0.8925638 -0.3829469 -0.181994 0.6822868 0.7080698 -0.5195741 0.7642512 -0.3820511 -0.4623681 0.7997372 -0.3829311 -0.3975491 0.5847651 0.70711 -0.3975491 0.5847651 0.70711 -0.4623681 0.7997372 -0.3829311 -0.353448 0.6113439 0.7080489 -0.6977866 0.6058837 -0.3820978 -0.6528103 0.6536173 -0.3829142 -0.5339258 0.4636028 0.7071038 -0.5339258 0.4636028 0.7071038 -0.6528103 0.6536173 -0.3829142 -0.499063 0.4996791 0.7079951 -0.8316919 0.4028929 -0.382055 -0.7995369 0.4627259 -0.3829169 -0.636367 0.308269 0.707112 -0.636367 0.308269 0.707112 -0.7995369 0.4627259 -0.3829169 -0.6111736 0.3537068 0.7080666 -0.9078474 0.1728271 -0.3820262 -0.892434 0.238613 -0.382917 -0.6946312 0.1322431 0.7071062 -0.6946312 0.1322431 0.7071062 -0.892434 0.238613 -0.382917 -0.6821949 0.182404 0.7080529 -0.9216894 -0.06729603 -0.3820472 -0.9237887 -7.14001e-4 -0.3829023 -0.70523 -0.051495 0.707106 -0.70523 -0.051495 0.707106 -0.9237887 -7.14001e-4 -0.3829023 -0.7061861 -5.44e-4 0.7080261 -0.8724639 -0.304698 -0.382055 -0.8920527 -0.2399949 -0.3829418 -0.6675729 -0.233138 0.7071019 -0.6675729 -0.233138 0.7071019 -0.8920527 -0.2399949 -0.3829418 -0.6819159 -0.18346 0.7080489 -0.7658916 -0.5171067 -0.3821138 -0.800129 -0.461699 -0.38292 -0.5860379 -0.3956779 0.7071058 -0.5860379 -0.3956779 0.7071058 -0.800129 -0.461699 -0.38292 -0.6116956 -0.3529678 0.7079846 -0.6036153 -0.6997803 -0.3820422 -0.6535218 -0.6528948 -0.3829329 -0.4618551 -0.5354341 0.7071071 -0.4618551 -0.5354341 0.7071071 -0.6535218 -0.6528948 -0.3829329 -0.4995518 -0.4990717 0.7080786 -0.239047 -0.892311 -0.382933 -0.303229 -0.8729641 -0.3820811 -0.1827371 -0.6821252 0.7080342 -0.1827371 -0.6821252 0.7080342 -0.303229 -0.8729641 -0.3820811 -0.232017 -0.6679631 0.7071021 4.06e-4 -0.9237872 -0.3829061 -0.06687304 -0.9217206 -0.3820463 3.1e-4 -0.7061636 0.7080486 3.1e-4 -0.7061636 0.7080486 -0.06687304 -0.9217206 -0.3820463 -0.05116799 -0.70525 0.7071099 0.05178699 -0.7052048 0.7071098 3.1e-4 -0.7061636 0.7080486 -0.05178599 0.7052108 0.7071038 -0.05178599 0.7052108 0.7071038 3.1e-4 -0.7061636 0.7080486 -3.1e-4 0.7061702 0.7080422 0.233146 -0.66757 0.707102 0.183616 -0.681879 0.708044 -0.2331521 0.6675582 0.7071112 -0.2331521 0.6675582 0.7071112 0.183616 -0.681879 0.708044 -0.1836171 0.6818702 0.7080522 0.3979941 -0.5844681 0.7071052 0.35415 -0.6109549 0.7080339 -0.3979881 0.58447 0.7071071 -0.3979881 0.58447 0.7071071 0.35415 -0.6109549 0.7080339 -0.354147 0.610953 0.708037 0.53534 -0.461964 0.707107 0.5000239 -0.4986739 0.7080258 -0.5353511 0.4619571 0.7071032 -0.5353511 0.4619571 0.7071032 0.5000239 -0.4986739 0.7080258 -0.500028 0.4986739 0.708023 0.6373682 -0.3062071 0.7071062 0.612268 -0.351812 0.708065 -0.6373641 0.3062131 0.7071072 -0.6373641 0.3062131 0.7071072 0.612268 -0.351812 0.708065 -0.612267 0.351812 0.708066 0.6948284 -0.1312191 0.7071034 0.682689 -0.180668 0.7080219 -0.6948221 0.131216 0.70711 -0.6948221 0.131216 0.70711 0.682689 -0.180668 0.7080219 -0.6826819 0.180671 0.708028 0.705269 0.05099801 0.7071031 0.706217 8.7e-4 0.707995 -0.7052624 -0.05099203 0.7071103 -0.7052624 -0.05099203 0.7071103 0.706217 8.7e-4 0.707995 -0.706214 -8.71e-4 0.707998 0.6679468 0.2320379 0.7071108 0.6821422 0.182639 0.7080432 -0.6679478 -0.2320589 0.7071028 -0.6679478 -0.2320589 0.7071028 0.6821422 0.182639 0.7080432 -0.6821422 -0.182643 0.7080422 0.5856981 0.3961731 0.70711 0.6118321 0.352652 0.7080241 -0.5857031 -0.3961761 0.7071042 -0.5857031 -0.3961761 0.7071042 0.6118321 0.352652 0.7080241 -0.6118411 -0.3526541 0.7080152 0.4621959 0.5351439 0.707104 0.4995569 0.4990949 0.7080588 -0.4621998 -0.5351328 0.7071097 -0.4621998 -0.5351328 0.7071097 0.4995569 0.4990949 0.7080588 -0.4995591 -0.4990851 0.7080642 0.308853 0.636086 0.70711 0.353268 0.611478 0.708023 -0.3088589 -0.6360898 0.7071038 -0.3088589 -0.6360898 0.7071038 0.353268 0.611478 0.708023 -0.3532671 -0.6114863 0.7080162 0.132612 0.6945652 0.7071022 0.1829021 0.6820602 0.7080542 -0.1326081 -0.6945564 0.7071114 -0.1326081 -0.6945564 0.7071114 0.1829021 0.6820602 0.7080542 -0.182899 -0.682053 0.708062 -0.04931101 0.7053871 0.707105 7.75e-4 0.7062181 0.707994 0.04930502 -0.7053843 0.7071083 0.04930502 -0.7053843 0.7071083 7.75e-4 0.7062181 0.707994 -7.75e-4 -0.706215 0.707997 -0.2322381 0.6678842 0.7071042 -0.181994 0.6822868 0.7080698 0.232235 -0.667879 0.70711 0.232235 -0.667879 0.70711 -0.181994 0.6822868 0.7080698 0.1819891 -0.6822793 0.7080784 -0.3975491 0.5847651 0.70711 -0.353448 0.6113439 0.7080489 0.3975483 -0.5847734 0.7071035 0.3975483 -0.5847734 0.7071035 -0.353448 0.6113439 0.7080489 0.3534499 -0.6113499 0.7080428 -0.5339258 0.4636028 0.7071038 -0.499063 0.4996791 0.7079951 0.5339212 -0.4635982 0.7071102 0.5339212 -0.4635982 0.7071102 -0.499063 0.4996791 0.7079951 0.4990582 -0.4996752 0.7080013 -0.636367 0.308269 0.707112 -0.6111736 0.3537068 0.7080666 0.6363699 -0.308286 0.7071019 0.6363699 -0.308286 0.7071019 -0.6111736 0.3537068 0.7080666 0.6111779 -0.353715 0.708059 -0.6946312 0.1322431 0.7071062 -0.6821949 0.182404 0.7080529 0.6946321 -0.132234 0.7071071 0.6946321 -0.132234 0.7071071 -0.6821949 0.182404 0.7080529 0.6821963 -0.1824011 0.7080523 -0.70523 -0.051495 0.707106 -0.7061861 -5.44e-4 0.7080261 0.7052281 0.05149101 0.7071082 0.7052281 0.05149101 0.7071082 -0.7061861 -5.44e-4 0.7080261 0.706185 5.47e-4 0.7080271 -0.6675729 -0.233138 0.7071019 -0.6819159 -0.18346 0.7080489 0.667559 0.233147 0.707112 0.667559 0.233147 0.707112 -0.6819159 -0.18346 0.7080489 0.6819057 0.1834599 0.7080587 -0.5860379 -0.3956779 0.7071058 -0.6116956 -0.3529678 0.7079846 0.5860409 0.3956749 0.7071049 0.5860409 0.3956749 0.7071049 -0.6116956 -0.3529678 0.7079846 0.6116951 0.352968 0.707985 -0.4618551 -0.5354341 0.7071071 -0.4995518 -0.4990717 0.7080786 0.4618479 0.5354459 0.7071028 0.4618479 0.5354459 0.7071028 -0.4995518 -0.4990717 0.7080786 0.4995531 0.4990771 0.708074 -0.232017 -0.6679631 0.7071021 0.232025 0.667951 0.707111 -0.1827371 -0.6821252 0.7080342 -0.1827371 -0.6821252 0.7080342 0.232025 0.667951 0.707111 0.182739 0.6821168 0.7080418 -0.05116799 -0.70525 0.7071099 0.05116799 0.7052559 0.707104 3.1e-4 -0.7061636 0.7080486 3.1e-4 -0.7061636 0.7080486 0.05116799 0.7052559 0.707104 -3.1e-4 0.7061702 0.7080422 -0.05178599 0.7052108 0.7071038 -3.1e-4 0.7061702 0.7080422 -0.06768399 0.9216639 -0.3820399 -0.06768399 0.9216639 -0.3820399 -3.1e-4 0.7061702 0.7080422 -4.06e-4 0.9237828 -0.3829169 -0.2331521 0.6675582 0.7071112 -0.1836171 0.6818702 0.7080522 -0.3047149 0.8724756 -0.3820148 -0.3047149 0.8724756 -0.3820148 -0.1836171 0.6818702 0.7080522 -0.2402041 0.8920122 -0.3829051 -0.3979881 0.58447 0.7071071 -0.354147 0.610953 0.708037 -0.5201488 0.7638647 -0.3820418 -0.5201488 0.7638647 -0.3820418 -0.354147 0.610953 0.708037 -0.4632799 0.7992138 -0.3829219 -0.5353511 0.4619571 0.7071032 -0.500028 0.4986739 0.708023 -0.6996467 0.6037367 -0.3820948 -0.6996467 0.6037367 -0.3820948 -0.500028 0.4986739 0.708023 -0.6540852 0.6523132 -0.3829621 -0.6373641 0.3062131 0.7071072 -0.612267 0.351812 0.708066 -0.8330038 0.4002039 -0.3820229 -0.8330038 0.4002039 -0.3820229 -0.612267 0.351812 0.708066 -0.8009574 0.4602302 -0.3829562 -0.6948221 0.131216 0.70711 -0.6826819 0.180671 0.708028 -0.9081107 0.171501 -0.3819979 -0.9081107 0.171501 -0.3819979 -0.6826819 0.180671 0.708028 -0.8930451 0.23634 -0.3829021 -0.9217344 -0.06664803 -0.3820522 -0.7052624 -0.05099203 0.7071103 -0.9237871 -0.001144 -0.3829051 -0.9237871 -0.001144 -0.3829051 -0.7052624 -0.05099203 0.7071103 -0.706214 -8.71e-4 0.707998 -0.6679478 -0.2320589 0.7071028 -0.6821422 -0.182643 0.7080422 -0.8729497 -0.3032769 -0.3820758 -0.8729497 -0.3032769 -0.3820758 -0.6821422 -0.182643 0.7080422 -0.8923511 -0.238926 -0.382915 -0.5857031 -0.3961761 0.7071042 -0.6118411 -0.3526541 0.7080152 -0.7654454 -0.5177503 -0.3821362 -0.7654454 -0.5177503 -0.3821362 -0.6118411 -0.3526541 0.7080152 -0.800342 -0.461298 -0.382958 -0.4621998 -0.5351328 0.7071097 -0.4995591 -0.4990851 0.7080642 -0.604064 -0.6993881 -0.3820511 -0.604064 -0.6993881 -0.3820511 -0.4995591 -0.4990851 0.7080642 -0.653513 -0.652899 -0.3829409 -0.3088589 -0.6360898 0.7071038 -0.3532671 -0.6114863 0.7080162 -0.4036541 -0.8313162 -0.3820691 -0.4036541 -0.8313162 -0.3820691 -0.3532671 -0.6114863 0.7080162 -0.462116 -0.799892 -0.382912 -0.1326081 -0.6945564 0.7071114 -0.182899 -0.682053 0.708062 -0.1733151 -0.9077493 -0.3820381 -0.1733151 -0.9077493 -0.3820381 -0.182899 -0.682053 0.708062 -0.2392709 -0.8922617 -0.3829079 0.04930502 -0.7053843 0.7071083 -7.75e-4 -0.706215 0.707997 0.06444003 -0.9218694 -0.3821052 0.06444003 -0.9218694 -0.3821052 -7.75e-4 -0.706215 0.707997 -0.001015001 -0.9237855 -0.3829092 0.232235 -0.667879 0.70711 0.1819891 -0.6822793 0.7080784 0.303519 -0.8728809 -0.3820409 0.303519 -0.8728809 -0.3820409 0.1819891 -0.6822793 0.7080784 0.2380851 -0.8925763 -0.3829142 0.3975483 -0.5847734 0.7071035 0.3534499 -0.6113499 0.7080428 0.5195638 -0.7642567 -0.3820539 0.5195638 -0.7642567 -0.3820539 0.3534499 -0.6113499 0.7080428 0.4623679 -0.7997388 -0.3829279 0.5339212 -0.4635982 0.7071102 0.4990582 -0.4996752 0.7080013 0.6977842 -0.6058782 -0.3821112 0.6977842 -0.6058782 -0.3821112 0.4990582 -0.4996752 0.7080013 0.6528091 -0.6536151 -0.3829201 0.6363699 -0.308286 0.7071019 0.6111779 -0.353715 0.708059 0.8316691 -0.4028981 -0.3820991 0.8316691 -0.4028981 -0.3820991 0.6111779 -0.353715 0.708059 0.799518 -0.462719 -0.382965 0.6946321 -0.132234 0.7071071 0.6821963 -0.1824011 0.7080523 0.9078444 -0.1728291 -0.3820322 0.9078444 -0.1728291 -0.3820322 0.6821963 -0.1824011 0.7080523 0.8924303 -0.2386121 -0.3829261 0.7052281 0.05149101 0.7071082 0.706185 5.47e-4 0.7080271 0.921683 0.067299 -0.382062 0.921683 0.067299 -0.382062 0.706185 5.47e-4 0.7080271 0.92378 7.15e-4 -0.382923 0.667559 0.233147 0.707112 0.6819057 0.1834599 0.7080587 0.872477 0.304713 -0.382013 0.872477 0.304713 -0.382013 0.6819057 0.1834599 0.7080587 0.8920668 0.2400029 -0.3829039 0.5860409 0.3956749 0.7071049 0.6116951 0.352968 0.707985 0.7658793 0.5171002 -0.3821472 0.7658793 0.5171002 -0.3821472 0.6116951 0.352968 0.707985 0.8001231 0.461695 -0.3829371 0.4618479 0.5354459 0.7071028 0.4995531 0.4990771 0.708074 0.6036038 0.6997768 -0.3820668 0.6036038 0.6997768 -0.3820668 0.4995531 0.4990771 0.708074 0.6535091 0.6528841 -0.382973 0.182739 0.6821168 0.7080418 0.232025 0.667951 0.707111 0.2390511 0.8923233 -0.3829021 0.2390511 0.8923233 -0.3829021 0.232025 0.667951 0.707111 0.3032389 0.8729787 -0.3820398 -3.1e-4 0.7061702 0.7080422 0.05116799 0.7052559 0.707104 -4.06e-4 0.9237828 -0.3829169 -4.06e-4 0.9237828 -0.3829169 0.05116799 0.7052559 0.707104 0.06687301 0.9217153 -0.3820591 -1.69e-4 0.3824489 -0.9239767 1.72e-4 -0.3900078 -0.9208116 -0.028076 0.3822969 -0.9236129 -0.028076 0.3822969 -0.9236129 1.72e-4 -0.3900078 -0.9208116 0.02862999 -0.3898468 -0.9204346 -0.09944796 0.3693058 -0.9239716 0.101409 -0.3765858 -0.9208146 -0.126397 0.3619151 -0.9236023 -0.126397 0.3619151 -0.9236023 0.101409 -0.3765858 -0.9208146 0.1288881 -0.3690442 -0.9204316 -0.191789 0.3308529 -0.9239877 0.195593 -0.3374209 -0.9208097 -0.215736 0.316817 -0.923626 -0.215736 0.316817 -0.923626 0.195593 -0.3374209 -0.9208097 0.2200289 -0.3231159 -0.9204257 -0.270769 0.270032 -0.9239951 0.276132 -0.275384 -0.9208229 -0.290182 0.250407 -0.9236291 -0.290182 0.250407 -0.9236291 0.276132 -0.275384 -0.9208229 0.295913 -0.255347 -0.9204529 -0.3315911 0.190532 -0.9239832 0.338131 -0.194286 -0.9208259 -0.345546 0.166015 -0.9236 -0.345546 0.166015 -0.9236 0.338131 -0.194286 -0.9208259 0.3523639 -0.169281 -0.9204258 -0.369723 0.097843 -0.923976 0.377026 -0.099774 -0.920813 -0.3766939 0.07114299 -0.9236019 -0.3766939 0.07114299 -0.9236019 0.377026 -0.099774 -0.920813 0.3841251 -0.07253602 -0.9204274 -0.3824571 -4.75e-4 -0.9239733 0.390018 4.8e-4 -0.9208071 -0.3823139 -0.027644 -0.9236189 -0.3823139 -0.027644 -0.9236189 0.390018 4.8e-4 -0.9208071 0.3898501 0.028183 -0.9204471 -0.369444 -0.09891999 -0.9239729 0.376698 0.100859 -0.9208291 -0.362079 -0.125789 -0.9236211 -0.362079 -0.125789 -0.9236211 0.376698 0.100859 -0.9208291 0.3691801 0.128264 -0.9204643 -0.3313361 -0.19097 -0.9239842 0.3378569 0.1947399 -0.9208307 -0.317448 -0.21472 -0.9236461 -0.317448 -0.21472 -0.9236461 0.3378569 0.1947399 -0.9208307 0.3237131 0.2189751 -0.9204673 -0.270541 -0.270288 -0.9239871 0.2758941 0.2756311 -0.9208204 -0.250554 -0.290091 -0.9236179 -0.250554 -0.290091 -0.9236179 0.2758941 0.2756311 -0.9208204 0.255493 0.295811 -0.9204451 -0.1913199 -0.3311609 -0.9239746 0.1950961 0.3376931 -0.9208153 -0.167421 -0.3448 -0.9236251 -0.167421 -0.3448 -0.9236251 0.1950961 0.3376931 -0.9208153 0.1707209 0.3515929 -0.9204547 -0.09906096 -0.3694069 -0.9239727 0.101013 0.3766861 -0.9208171 -0.07189 -0.3765271 -0.9236121 -0.07189 -0.3765271 -0.9236121 0.101013 0.3766861 -0.9208171 0.07330602 0.3839481 -0.9204403 -4.21e-4 -0.3824571 -0.9239733 4.29e-4 0.3900041 -0.9208131 0.02672599 -0.3823289 -0.9236398 0.02672599 -0.3823289 -0.9236398 4.29e-4 0.3900041 -0.9208131 -0.02725298 0.3898657 -0.9204683 0.09856804 -0.3695321 -0.9239753 -0.100511 0.3768151 -0.9208192 0.125896 -0.3620621 -0.9236133 0.125896 -0.3620621 -0.9236133 -0.100511 0.3768151 -0.9208192 -0.128379 0.369196 -0.9204419 0.191417 -0.331087 -0.923981 -0.1951981 0.3376261 -0.9208183 0.2155031 -0.3169972 -0.9236186 0.2155031 -0.3169972 -0.9236186 -0.1951981 0.3376261 -0.9208183 -0.2197579 0.3232489 -0.9204437 0.270265 -0.2705989 -0.9239768 -0.275599 0.27594 -0.9208161 0.289394 -0.251277 -0.9236401 0.289394 -0.251277 -0.9236401 -0.275599 0.27594 -0.9208161 -0.2951 0.256235 -0.9204671 0.330988 -0.191559 -0.9239871 -0.3375011 0.19533 -0.9208362 0.3449441 -0.1671061 -0.9236283 0.3449441 -0.1671061 -0.9236283 -0.3375011 0.19533 -0.9208362 -0.351723 0.170392 -0.920466 0.369465 -0.09878598 -0.9239789 -0.3767319 0.100726 -0.9208298 0.3765741 -0.07169302 -0.9236082 0.3765741 -0.07169302 -0.9236082 -0.3767319 0.100726 -0.9208298 -0.3839679 0.07309299 -0.9204489 0.3824401 2.95e-4 -0.9239804 -0.3900032 -3.04e-4 -0.9208134 0.3822799 0.027915 -0.9236249 0.3822799 0.027915 -0.9236249 -0.3900032 -3.04e-4 -0.9208134 -0.3898453 -0.02846002 -0.9204406 0.3693092 0.09936205 -0.9239794 -0.3766019 -0.10132 -0.9208177 0.361901 0.126395 -0.9236081 0.361901 0.126395 -0.9236081 -0.3766019 -0.10132 -0.9208177 -0.369035 -0.128884 -0.9204359 0.3312551 0.1911441 -0.9239774 -0.3377991 -0.1949221 -0.9208134 0.3176251 0.2144521 -0.9236474 0.3176251 0.2144521 -0.9236474 -0.3377991 -0.1949221 -0.9208134 -0.3239061 -0.218698 -0.9204652 0.270522 0.270263 -0.9239999 -0.2758839 -0.2756139 -0.9208286 0.2503511 0.2902361 -0.9236274 0.2503511 0.2902361 -0.9236274 -0.2758839 -0.2756139 -0.9208286 -0.2552991 -0.2959681 -0.9204484 0.09897099 0.369433 -0.9239719 0.1257789 0.3620968 -0.9236156 -0.100921 -0.3767209 -0.9208129 -0.100921 -0.3767209 -0.9208129 0.1257789 0.3620968 -0.9236156 -0.128255 -0.369244 -0.9204399 -1.69e-4 0.3824489 -0.9239767 0.027738 0.382302 -0.9236211 1.72e-4 -0.3900078 -0.9208116 1.72e-4 -0.3900078 -0.9208116 0.027738 0.382302 -0.9236211 -0.02828699 -0.3898529 -0.9204426 -0.9167941 0.174531 -0.359204 -0.9012741 0.240975 -0.36005 -0.7059399 0.134391 -0.6954049 -0.7059399 0.134391 -0.6954049 -0.9012741 0.240975 -0.36005 -0.6933327 0.1853769 -0.6963657 -0.9307886 -0.06795598 -0.3591859 -0.9329454 -7.22e-4 -0.3600172 -0.7167152 -0.05232701 -0.6954002 -0.7167152 -0.05232701 -0.6954002 -0.9329454 -7.22e-4 -0.3600172 -0.717715 -5.54e-4 -0.6963369 -0.8810787 -0.3077103 -0.3591863 -0.9009005 -0.2423781 -0.3600432 -0.6784328 -0.2369379 -0.6954058 -0.6784328 -0.2369379 -0.6954058 -0.9009005 -0.2423781 -0.3600432 -0.693042 -0.186456 -0.696367 -0.7734622 -0.5222281 -0.3592131 -0.8080727 -0.4662878 -0.3599919 -0.5955771 -0.4021191 -0.6954051 -0.5955771 -0.4021191 -0.6954051 -0.8080727 -0.4662878 -0.3599919 -0.6216809 -0.3587309 -0.6962938 -0.6095673 -0.7066784 -0.3592122 -0.6600022 -0.6593632 -0.3600521 -0.4693602 -0.5441432 -0.6954203 -0.4693602 -0.5441432 -0.6954203 -0.6600022 -0.6593632 -0.3600521 -0.507696 -0.5072101 -0.6964071 -0.2414201 -0.9011685 -0.3600162 -0.3062271 -0.8815942 -0.3591891 -0.1857209 -0.6932567 -0.6963497 -0.1857209 -0.6932567 -0.6963497 -0.3062271 -0.8815942 -0.3591891 -0.2357969 -0.6788316 -0.6954046 4.1e-4 -0.9329488 -0.3600089 -0.06753501 -0.9308192 -0.3591861 3.15e-4 -0.7176952 -0.6963573 3.15e-4 -0.7176952 -0.6963573 -0.06753501 -0.9308192 -0.3591861 -0.052002 -0.716736 -0.695403 0.06835303 -0.9307664 -0.3591682 4.1e-4 -0.9329488 -0.3600089 0.05263101 -0.7166891 -0.6954041 0.05263101 -0.7166891 -0.6954041 4.1e-4 -0.9329488 -0.3600089 3.15e-4 -0.7176952 -0.6963573 0.307718 -0.8810859 -0.359162 0.2425831 -0.9008563 -0.3600161 0.236943 -0.678432 -0.695405 0.236943 -0.678432 -0.695405 0.2425831 -0.9008563 -0.3600161 0.186613 -0.6930069 -0.6963599 0.5252889 -0.7713999 -0.359185 0.4678752 -0.8071363 -0.3600331 0.404469 -0.5939769 -0.695411 0.404469 -0.5939769 -0.695411 0.4678752 -0.8071363 -0.3600331 0.359932 -0.6209221 -0.6963511 0.706564 -0.60971 -0.359195 0.6605809 -0.6587909 -0.360038 0.5440561 -0.4694731 -0.6954122 0.5440561 -0.4694731 -0.6954122 0.6605809 -0.6587909 -0.360038 0.5081792 -0.5068082 -0.6963472 0.8412418 -0.4041509 -0.3591299 0.8089173 -0.4648032 -0.3600151 0.6477498 -0.3111899 -0.6953998 0.6477498 -0.3111899 -0.6953998 0.8089173 -0.4648032 -0.3600151 0.6222681 -0.357555 -0.6963741 0.917064 -0.173186 -0.359166 0.9018942 -0.2386801 -0.3600261 0.7061391 -0.133355 -0.6954021 0.7061391 -0.133355 -0.6954021 0.9018942 -0.2386801 -0.3600261 0.6938322 -0.1836221 -0.6963332 0.9308324 0.06729403 -0.3591972 0.9329516 0.001148 -0.3599999 0.716751 0.05181901 -0.6954011 0.716751 0.05181901 -0.6954011 0.9329516 0.001148 -0.3599999 0.7177477 8.83e-4 -0.6963028 0.8815687 0.3062689 -0.3592159 0.9011916 0.2412959 -0.3600418 0.6788232 0.2358311 -0.6954013 0.6788232 0.2358311 -0.6954013 0.9011916 0.2412959 -0.3600418 0.6932768 0.185627 -0.6963548 0.7730141 0.5228871 -0.359219 0.8082896 0.4658878 -0.3600228 0.5952363 0.4026352 -0.6953983 0.5952363 0.4026352 -0.6953983 0.8082896 0.4658878 -0.3600228 0.6218301 0.3584151 -0.6963232 0.6100261 0.7062911 -0.359195 0.6600009 0.6593769 -0.360029 0.4697257 0.5438477 -0.6954046 0.4697257 0.5438477 -0.6954046 0.6600009 0.6593769 -0.360029 0.5077178 0.5072368 -0.6963716 0.4076358 0.8395207 -0.3592189 0.4667 0.80782 -0.360025 0.313892 0.646449 -0.695396 0.313892 0.646449 -0.695396 0.4667 0.80782 -0.360025 0.3590401 0.6214672 -0.6963252 0.175023 0.916709 -0.359182 0.2416421 0.9011063 -0.3600231 0.134762 0.7058562 -0.6954182 0.134762 0.7058562 -0.6954182 0.2416421 0.9011063 -0.3600231 0.185882 0.693181 -0.696382 -0.06507701 0.9309711 -0.359246 0.001025 0.932946 -0.360015 -0.05010999 0.7168679 -0.695406 -0.05010999 0.7168679 -0.695406 0.001025 0.932946 -0.360015 7.87e-4 0.717741 -0.6963099 -0.3065191 0.8814943 -0.3591851 -0.2404459 0.9014247 -0.3600269 -0.236019 0.6787459 -0.6954129 -0.236019 0.6787459 -0.6954129 -0.2404459 0.9014247 -0.3600269 -0.1849609 0.6934106 -0.6963986 -0.5246988 0.7717967 -0.3591949 -0.4669531 0.8076711 -0.360031 -0.404029 0.594295 -0.6953949 -0.404029 0.594295 -0.6953949 -0.4669531 0.8076711 -0.360031 -0.359224 0.6213331 -0.69635 -0.7046744 0.6118683 -0.3592372 -0.6592839 0.6600999 -0.360018 -0.5426161 0.4711531 -0.6954011 -0.5426161 0.4711531 -0.6954011 -0.6592839 0.6600999 -0.360018 -0.507209 0.507837 -0.696305 -0.8398911 0.4068771 -0.359213 -0.8074583 0.4673132 -0.3600411 -0.646734 0.313302 -0.695397 -0.646734 0.313302 -0.695397 -0.8074583 0.4673132 -0.3600411 -0.6211559 0.35949 -0.696371 -0.6933327 0.1853769 -0.6963657 -0.3694721 0.09878404 -0.9239764 -0.7059399 0.134391 -0.6954049 -0.7059399 0.134391 -0.6954049 -0.3694721 0.09878404 -0.9239764 -0.376581 0.07168699 -0.9236059 -0.717715 -5.54e-4 -0.6963369 -0.3824629 -2.96e-4 -0.9239708 -0.7167152 -0.05232701 -0.6954002 -0.7167152 -0.05232701 -0.6954002 -0.3824629 -2.96e-4 -0.9239708 -0.382304 -0.027912 -0.923615 -0.693042 -0.186456 -0.696367 -0.3692909 -0.09935396 -0.9239876 -0.6784328 -0.2369379 -0.6954058 -0.6784328 -0.2369379 -0.6954058 -0.3692909 -0.09935396 -0.9239876 -0.361875 -0.126383 -0.92362 -0.6216809 -0.3587309 -0.6962938 -0.3312531 -0.1911421 -0.9239784 -0.5955771 -0.4021191 -0.6954051 -0.5955771 -0.4021191 -0.6954051 -0.3312531 -0.1911421 -0.9239784 -0.317631 -0.214454 -0.923645 -0.507696 -0.5072101 -0.6964071 -0.2705421 -0.2702831 -0.9239882 -0.4693602 -0.5441432 -0.6954203 -0.4693602 -0.5441432 -0.6954203 -0.2705421 -0.2702831 -0.9239882 -0.250364 -0.290252 -0.9236189 -0.1857209 -0.6932567 -0.6963497 -0.2357969 -0.6788316 -0.6954046 -0.09896202 -0.3694071 -0.9239832 -0.09896202 -0.3694071 -0.9239832 -0.2357969 -0.6788316 -0.6954046 -0.125765 -0.362065 -0.9236299 3.15e-4 -0.7176952 -0.6963573 -0.052002 -0.716736 -0.695403 1.68e-4 -0.3824601 -0.9239721 1.68e-4 -0.3824601 -0.9239721 -0.052002 -0.716736 -0.695403 -0.02774002 -0.3823152 -0.9236155 3.15e-4 -0.7176952 -0.6963573 1.68e-4 -0.3824601 -0.9239721 0.05263101 -0.7166891 -0.6954041 0.05263101 -0.7166891 -0.6954041 1.68e-4 -0.3824601 -0.9239721 0.02807499 -0.3823069 -0.9236088 0.186613 -0.6930069 -0.6963599 0.09943898 -0.3692749 -0.9239848 0.236943 -0.678432 -0.695405 0.236943 -0.678432 -0.695405 0.09943898 -0.3692749 -0.9239848 0.126386 -0.361879 -0.923618 0.359932 -0.6209221 -0.6963511 0.1917941 -0.3308651 -0.9239824 0.404469 -0.5939769 -0.695411 0.404469 -0.5939769 -0.695411 0.1917941 -0.3308651 -0.9239824 0.2157549 -0.3168489 -0.9236106 0.5081792 -0.5068082 -0.6963472 0.2707959 -0.2700619 -0.9239786 0.5440561 -0.4694731 -0.6954122 0.5440561 -0.4694731 -0.6954122 0.2707959 -0.2700619 -0.9239786 0.2902049 -0.2504189 -0.9236187 0.6222681 -0.357555 -0.6963741 0.3315849 -0.1905259 -0.9239866 0.6477498 -0.3111899 -0.6953998 0.6477498 -0.3111899 -0.6953998 0.3315849 -0.1905259 -0.9239866 0.345536 -0.166003 -0.923606 0.6938322 -0.1836221 -0.6963332 0.369702 -0.09783602 -0.9239851 0.7061391 -0.133355 -0.6954021 0.7061391 -0.133355 -0.6954021 0.369702 -0.09783602 -0.9239851 0.3766789 -0.07113299 -0.9236088 0.7177477 8.83e-4 -0.6963028 0.38246 4.7e-4 -0.923972 0.716751 0.05181901 -0.6954011 0.716751 0.05181901 -0.6954011 0.38246 4.7e-4 -0.923972 0.3823062 0.02764001 -0.9236224 0.6932768 0.185627 -0.6963548 0.369438 0.09891499 -0.9239759 0.6788232 0.2358311 -0.6954013 0.6788232 0.2358311 -0.6954013 0.369438 0.09891499 -0.9239759 0.3620939 0.125793 -0.9236147 0.6218301 0.3584151 -0.6963232 0.3313639 0.1909929 -0.9239696 0.5952363 0.4026352 -0.6953983 0.5952363 0.4026352 -0.6953983 0.3313639 0.1909929 -0.9239696 0.3174759 0.2147499 -0.9236296 0.5077178 0.5072368 -0.6963716 0.270548 0.270292 -0.9239839 0.4697257 0.5438477 -0.6954046 0.4697257 0.5438477 -0.6954046 0.270548 0.270292 -0.9239839 0.250551 0.290087 -0.92362 0.3590401 0.6214672 -0.6963252 0.1913229 0.3311568 -0.9239756 0.313892 0.646449 -0.695396 0.313892 0.646449 -0.695396 0.1913229 0.3311568 -0.9239756 0.1674141 0.3447862 -0.9236314 0.185882 0.693181 -0.696382 0.09904405 0.3693572 -0.9239944 0.134762 0.7058562 -0.6954182 0.134762 0.7058562 -0.6954182 0.09904405 0.3693572 -0.9239944 0.07187702 0.3764851 -0.9236302 7.87e-4 0.717741 -0.6963099 4.2e-4 0.382443 -0.923979 -0.05010999 0.7168679 -0.695406 -0.05010999 0.7168679 -0.695406 4.2e-4 0.382443 -0.923979 -0.02672601 0.3823132 -0.9236463 -0.1849609 0.6934106 -0.6963986 -0.09855404 0.3694882 -0.9239944 -0.236019 0.6787459 -0.6954129 -0.236019 0.6787459 -0.6954129 -0.09855404 0.3694882 -0.9239944 -0.1258811 0.3620203 -0.9236317 -0.359224 0.6213331 -0.69635 -0.191424 0.3310949 -0.9239768 -0.404029 0.594295 -0.6953949 -0.404029 0.594295 -0.6953949 -0.191424 0.3310949 -0.9239768 -0.21552 0.3170101 -0.9236102 -0.507209 0.507837 -0.696305 -0.27027 0.270604 -0.9239739 -0.5426161 0.4711531 -0.6954011 -0.5426161 0.4711531 -0.6954011 -0.27027 0.270604 -0.9239739 -0.2893992 0.2512842 -0.9236366 -0.6211559 0.35949 -0.696371 -0.3310099 0.1915719 -0.9239766 -0.646734 0.313302 -0.695397 -0.646734 0.313302 -0.695397 -0.3310099 0.1915719 -0.9239766 -0.344966 0.167112 -0.9236191 1.68e-4 -0.3824601 -0.9239721 -0.02774002 -0.3823152 -0.9236155 4.06e-4 -0.9237872 -0.3829061 4.06e-4 -0.9237872 -0.3829061 -0.02774002 -0.3823152 -0.9236155 -0.06687304 -0.9217206 -0.3820463 1.68e-4 -0.3824601 -0.9239721 4.06e-4 -0.9237872 -0.3829061 0.02807499 -0.3823069 -0.9236088 0.02807499 -0.3823069 -0.9236088 4.06e-4 -0.9237872 -0.3829061 0.06768298 -0.9216678 -0.3820309 0.09943898 -0.3692749 -0.9239848 0.240199 -0.8919999 -0.382937 0.126386 -0.361879 -0.923618 0.126386 -0.361879 -0.923618 0.240199 -0.8919999 -0.382937 0.304706 -0.872462 -0.382053 0.1917941 -0.3308651 -0.9239824 0.4632788 -0.7992097 -0.3829318 0.2157549 -0.3168489 -0.9236106 0.2157549 -0.3168489 -0.9236106 0.4632788 -0.7992097 -0.3829318 0.520152 -0.763865 -0.382037 0.2707959 -0.2700619 -0.9239786 0.6540988 -0.6523278 -0.3829139 0.2902049 -0.2504189 -0.9236187 0.2902049 -0.2504189 -0.9236187 0.6540988 -0.6523278 -0.3829139 0.6996598 -0.6037519 -0.3820469 0.3315849 -0.1905259 -0.9239866 0.8009614 -0.4602332 -0.3829442 0.345536 -0.166003 -0.923606 0.345536 -0.166003 -0.923606 0.8009614 -0.4602332 -0.3829442 0.8330061 -0.4001971 -0.3820251 0.369702 -0.09783602 -0.9239851 0.8930311 -0.236331 -0.3829401 0.3766789 -0.07113299 -0.9236088 0.3766789 -0.07113299 -0.9236088 0.8930311 -0.236331 -0.3829401 0.908098 -0.17149 -0.382033 0.38246 4.7e-4 -0.923972 0.9237866 0.001135 -0.3829058 0.3823062 0.02764001 -0.9236224 0.3823062 0.02764001 -0.9236224 0.9237866 0.001135 -0.3829058 0.9217297 0.06664398 -0.3820639 0.369438 0.09891499 -0.9239759 0.8923535 0.2389209 -0.3829128 0.3620939 0.125793 -0.9236147 0.3620939 0.125793 -0.9236147 0.8923535 0.2389209 -0.3829128 0.872968 0.303267 -0.382042 0.3313639 0.1909929 -0.9239696 0.8003595 0.4613167 -0.3828987 0.3174759 0.2147499 -0.9236296 0.3174759 0.2147499 -0.9236296 0.8003595 0.4613167 -0.3828987 0.7654605 0.5177723 -0.3820762 0.270548 0.270292 -0.9239839 0.6535138 0.6529018 -0.3829348 0.250551 0.290087 -0.92362 0.250551 0.290087 -0.92362 0.6535138 0.6529018 -0.3829348 0.6040599 0.699388 -0.3820579 0.1913229 0.3311568 -0.9239756 0.4621169 0.7998849 -0.3829259 0.1674141 0.3447862 -0.9236314 0.1674141 0.3447862 -0.9236314 0.4621169 0.7998849 -0.3829259 0.4036433 0.8313085 -0.3820972 0.09904405 0.3693572 -0.9239944 0.239263 0.892248 -0.382945 0.07187702 0.3764851 -0.9236302 0.07187702 0.3764851 -0.9236302 0.239263 0.892248 -0.382945 0.173308 0.9077398 -0.3820639 4.2e-4 0.382443 -0.923979 0.001015 0.9237819 -0.3829179 -0.02672601 0.3823132 -0.9236463 -0.02672601 0.3823132 -0.9236463 0.001015 0.9237819 -0.3829179 -0.06444202 0.9218652 -0.3821151 -0.09855404 0.3694882 -0.9239944 -0.2380789 0.8925638 -0.3829469 -0.1258811 0.3620203 -0.9236317 -0.1258811 0.3620203 -0.9236317 -0.2380789 0.8925638 -0.3829469 -0.303514 0.8728681 -0.3820741 -0.191424 0.3310949 -0.9239768 -0.4623681 0.7997372 -0.3829311 -0.21552 0.3170101 -0.9236102 -0.21552 0.3170101 -0.9236102 -0.4623681 0.7997372 -0.3829311 -0.5195741 0.7642512 -0.3820511 -0.27027 0.270604 -0.9239739 -0.6528103 0.6536173 -0.3829142 -0.2893992 0.2512842 -0.9236366 -0.2893992 0.2512842 -0.9236366 -0.6528103 0.6536173 -0.3829142 -0.6977866 0.6058837 -0.3820978 -0.3310099 0.1915719 -0.9239766 -0.7995369 0.4627259 -0.3829169 -0.344966 0.167112 -0.9236191 -0.344966 0.167112 -0.9236191 -0.7995369 0.4627259 -0.3829169 -0.8316919 0.4028929 -0.382055 -0.3694721 0.09878404 -0.9239764 -0.892434 0.238613 -0.382917 -0.376581 0.07168699 -0.9236059 -0.376581 0.07168699 -0.9236059 -0.892434 0.238613 -0.382917 -0.9078474 0.1728271 -0.3820262 -0.3824629 -2.96e-4 -0.9239708 -0.9237887 -7.14001e-4 -0.3829023 -0.382304 -0.027912 -0.923615 -0.382304 -0.027912 -0.923615 -0.9237887 -7.14001e-4 -0.3829023 -0.9216894 -0.06729603 -0.3820472 -0.3692909 -0.09935396 -0.9239876 -0.8920527 -0.2399949 -0.3829418 -0.361875 -0.126383 -0.92362 -0.361875 -0.126383 -0.92362 -0.8920527 -0.2399949 -0.3829418 -0.8724639 -0.304698 -0.382055 -0.3312531 -0.1911421 -0.9239784 -0.800129 -0.461699 -0.38292 -0.317631 -0.214454 -0.923645 -0.317631 -0.214454 -0.923645 -0.800129 -0.461699 -0.38292 -0.7658916 -0.5171067 -0.3821138 -0.2705421 -0.2702831 -0.9239882 -0.6535218 -0.6528948 -0.3829329 -0.250364 -0.290252 -0.9236189 -0.250364 -0.290252 -0.9236189 -0.6535218 -0.6528948 -0.3829329 -0.6036153 -0.6997803 -0.3820422 -0.303229 -0.8729641 -0.3820811 -0.239047 -0.892311 -0.382933 -0.125765 -0.362065 -0.9236299 -0.125765 -0.362065 -0.9236299 -0.239047 -0.892311 -0.382933 -0.09896202 -0.3694071 -0.9239832 -4.06e-4 0.9237828 -0.3829169 -1.69e-4 0.3824489 -0.9239767 -0.06768399 0.9216639 -0.3820399 -0.06768399 0.9216639 -0.3820399 -1.69e-4 0.3824489 -0.9239767 -0.028076 0.3822969 -0.9236129 -4.06e-4 0.9237828 -0.3829169 0.06687301 0.9217153 -0.3820591 -1.69e-4 0.3824489 -0.9239767 -1.69e-4 0.3824489 -0.9239767 0.06687301 0.9217153 -0.3820591 0.027738 0.382302 -0.9236211 -0.2402041 0.8920122 -0.3829051 -0.09944796 0.3693058 -0.9239716 -0.3047149 0.8724756 -0.3820148 -0.3047149 0.8724756 -0.3820148 -0.09944796 0.3693058 -0.9239716 -0.126397 0.3619151 -0.9236023 -0.4632799 0.7992138 -0.3829219 -0.191789 0.3308529 -0.9239877 -0.5201488 0.7638647 -0.3820418 -0.5201488 0.7638647 -0.3820418 -0.191789 0.3308529 -0.9239877 -0.215736 0.316817 -0.923626 -0.6540852 0.6523132 -0.3829621 -0.270769 0.270032 -0.9239951 -0.6996467 0.6037367 -0.3820948 -0.6996467 0.6037367 -0.3820948 -0.270769 0.270032 -0.9239951 -0.290182 0.250407 -0.9236291 -0.8009574 0.4602302 -0.3829562 -0.3315911 0.190532 -0.9239832 -0.8330038 0.4002039 -0.3820229 -0.8330038 0.4002039 -0.3820229 -0.3315911 0.190532 -0.9239832 -0.345546 0.166015 -0.9236 -0.8930451 0.23634 -0.3829021 -0.369723 0.097843 -0.923976 -0.9081107 0.171501 -0.3819979 -0.9081107 0.171501 -0.3819979 -0.369723 0.097843 -0.923976 -0.3766939 0.07114299 -0.9236019 -0.9237871 -0.001144 -0.3829051 -0.3824571 -4.75e-4 -0.9239733 -0.9217344 -0.06664803 -0.3820522 -0.9217344 -0.06664803 -0.3820522 -0.3824571 -4.75e-4 -0.9239733 -0.3823139 -0.027644 -0.9236189 -0.8923511 -0.238926 -0.382915 -0.369444 -0.09891999 -0.9239729 -0.8729497 -0.3032769 -0.3820758 -0.8729497 -0.3032769 -0.3820758 -0.369444 -0.09891999 -0.9239729 -0.362079 -0.125789 -0.9236211 -0.800342 -0.461298 -0.382958 -0.3313361 -0.19097 -0.9239842 -0.7654454 -0.5177503 -0.3821362 -0.7654454 -0.5177503 -0.3821362 -0.3313361 -0.19097 -0.9239842 -0.317448 -0.21472 -0.9236461 -0.653513 -0.652899 -0.3829409 -0.270541 -0.270288 -0.9239871 -0.604064 -0.6993881 -0.3820511 -0.604064 -0.6993881 -0.3820511 -0.270541 -0.270288 -0.9239871 -0.250554 -0.290091 -0.9236179 -0.462116 -0.799892 -0.382912 -0.1913199 -0.3311609 -0.9239746 -0.4036541 -0.8313162 -0.3820691 -0.4036541 -0.8313162 -0.3820691 -0.1913199 -0.3311609 -0.9239746 -0.167421 -0.3448 -0.9236251 -0.2392709 -0.8922617 -0.3829079 -0.09906096 -0.3694069 -0.9239727 -0.1733151 -0.9077493 -0.3820381 -0.1733151 -0.9077493 -0.3820381 -0.09906096 -0.3694069 -0.9239727 -0.07189 -0.3765271 -0.9236121 -0.001015001 -0.9237855 -0.3829092 -4.21e-4 -0.3824571 -0.9239733 0.06444003 -0.9218694 -0.3821052 0.06444003 -0.9218694 -0.3821052 -4.21e-4 -0.3824571 -0.9239733 0.02672599 -0.3823289 -0.9236398 0.2380851 -0.8925763 -0.3829142 0.09856804 -0.3695321 -0.9239753 0.303519 -0.8728809 -0.3820409 0.303519 -0.8728809 -0.3820409 0.09856804 -0.3695321 -0.9239753 0.125896 -0.3620621 -0.9236133 0.4623679 -0.7997388 -0.3829279 0.191417 -0.331087 -0.923981 0.5195638 -0.7642567 -0.3820539 0.5195638 -0.7642567 -0.3820539 0.191417 -0.331087 -0.923981 0.2155031 -0.3169972 -0.9236186 0.6528091 -0.6536151 -0.3829201 0.270265 -0.2705989 -0.9239768 0.6977842 -0.6058782 -0.3821112 0.6977842 -0.6058782 -0.3821112 0.270265 -0.2705989 -0.9239768 0.289394 -0.251277 -0.9236401 0.799518 -0.462719 -0.382965 0.330988 -0.191559 -0.9239871 0.8316691 -0.4028981 -0.3820991 0.8316691 -0.4028981 -0.3820991 0.330988 -0.191559 -0.9239871 0.3449441 -0.1671061 -0.9236283 0.8924303 -0.2386121 -0.3829261 0.369465 -0.09878598 -0.9239789 0.9078444 -0.1728291 -0.3820322 0.9078444 -0.1728291 -0.3820322 0.369465 -0.09878598 -0.9239789 0.3765741 -0.07169302 -0.9236082 0.92378 7.15e-4 -0.382923 0.3824401 2.95e-4 -0.9239804 0.921683 0.067299 -0.382062 0.921683 0.067299 -0.382062 0.3824401 2.95e-4 -0.9239804 0.3822799 0.027915 -0.9236249 0.8920668 0.2400029 -0.3829039 0.3693092 0.09936205 -0.9239794 0.872477 0.304713 -0.382013 0.872477 0.304713 -0.382013 0.3693092 0.09936205 -0.9239794 0.361901 0.126395 -0.9236081 0.8001231 0.461695 -0.3829371 0.3312551 0.1911441 -0.9239774 0.7658793 0.5171002 -0.3821472 0.7658793 0.5171002 -0.3821472 0.3312551 0.1911441 -0.9239774 0.3176251 0.2144521 -0.9236474 0.6535091 0.6528841 -0.382973 0.270522 0.270263 -0.9239999 0.6036038 0.6997768 -0.3820668 0.6036038 0.6997768 -0.3820668 0.270522 0.270263 -0.9239999 0.2503511 0.2902361 -0.9236274 0.1257789 0.3620968 -0.9236156 0.09897099 0.369433 -0.9239719 0.3032389 0.8729787 -0.3820398 0.3032389 0.8729787 -0.3820398 0.09897099 0.369433 -0.9239719 0.2390511 0.8923233 -0.3829021 -0.8398911 0.4068771 -0.359213 -0.351723 0.170392 -0.920466 -0.8074583 0.4673132 -0.3600411 -0.8074583 0.4673132 -0.3600411 -0.351723 0.170392 -0.920466 -0.3375011 0.19533 -0.9208362 -0.3767319 0.100726 -0.9208298 -0.9012741 0.240975 -0.36005 -0.3839679 0.07309299 -0.9204489 -0.3839679 0.07309299 -0.9204489 -0.9012741 0.240975 -0.36005 -0.9167941 0.174531 -0.359204 -0.3900032 -3.04e-4 -0.9208134 -0.9329454 -7.22e-4 -0.3600172 -0.3898453 -0.02846002 -0.9204406 -0.3898453 -0.02846002 -0.9204406 -0.9329454 -7.22e-4 -0.3600172 -0.9307886 -0.06795598 -0.3591859 -0.3766019 -0.10132 -0.9208177 -0.9009005 -0.2423781 -0.3600432 -0.369035 -0.128884 -0.9204359 -0.369035 -0.128884 -0.9204359 -0.9009005 -0.2423781 -0.3600432 -0.8810787 -0.3077103 -0.3591863 -0.3377991 -0.1949221 -0.9208134 -0.8080727 -0.4662878 -0.3599919 -0.3239061 -0.218698 -0.9204652 -0.3239061 -0.218698 -0.9204652 -0.8080727 -0.4662878 -0.3599919 -0.7734622 -0.5222281 -0.3592131 -0.2758839 -0.2756139 -0.9208286 -0.6600022 -0.6593632 -0.3600521 -0.2552991 -0.2959681 -0.9204484 -0.2552991 -0.2959681 -0.9204484 -0.6600022 -0.6593632 -0.3600521 -0.6095673 -0.7066784 -0.3592122 -0.3062271 -0.8815942 -0.3591891 -0.2414201 -0.9011685 -0.3600162 -0.128255 -0.369244 -0.9204399 -0.128255 -0.369244 -0.9204399 -0.2414201 -0.9011685 -0.3600162 -0.100921 -0.3767209 -0.9208129 -0.06753501 -0.9308192 -0.3591861 4.1e-4 -0.9329488 -0.3600089 -0.02828699 -0.3898529 -0.9204426 -0.02828699 -0.3898529 -0.9204426 4.1e-4 -0.9329488 -0.3600089 1.72e-4 -0.3900078 -0.9208116 1.72e-4 -0.3900078 -0.9208116 4.1e-4 -0.9329488 -0.3600089 0.02862999 -0.3898468 -0.9204346 0.02862999 -0.3898468 -0.9204346 4.1e-4 -0.9329488 -0.3600089 0.06835303 -0.9307664 -0.3591682 0.101409 -0.3765858 -0.9208146 0.2425831 -0.9008563 -0.3600161 0.1288881 -0.3690442 -0.9204316 0.1288881 -0.3690442 -0.9204316 0.2425831 -0.9008563 -0.3600161 0.307718 -0.8810859 -0.359162 0.195593 -0.3374209 -0.9208097 0.4678752 -0.8071363 -0.3600331 0.2200289 -0.3231159 -0.9204257 0.2200289 -0.3231159 -0.9204257 0.4678752 -0.8071363 -0.3600331 0.5252889 -0.7713999 -0.359185 0.276132 -0.275384 -0.9208229 0.6605809 -0.6587909 -0.360038 0.295913 -0.255347 -0.9204529 0.295913 -0.255347 -0.9204529 0.6605809 -0.6587909 -0.360038 0.706564 -0.60971 -0.359195 0.338131 -0.194286 -0.9208259 0.8089173 -0.4648032 -0.3600151 0.3523639 -0.169281 -0.9204258 0.3523639 -0.169281 -0.9204258 0.8089173 -0.4648032 -0.3600151 0.8412418 -0.4041509 -0.3591299 0.377026 -0.099774 -0.920813 0.9018942 -0.2386801 -0.3600261 0.3841251 -0.07253602 -0.9204274 0.3841251 -0.07253602 -0.9204274 0.9018942 -0.2386801 -0.3600261 0.917064 -0.173186 -0.359166 0.390018 4.8e-4 -0.9208071 0.9329516 0.001148 -0.3599999 0.3898501 0.028183 -0.9204471 0.3898501 0.028183 -0.9204471 0.9329516 0.001148 -0.3599999 0.9308324 0.06729403 -0.3591972 0.376698 0.100859 -0.9208291 0.9011916 0.2412959 -0.3600418 0.3691801 0.128264 -0.9204643 0.3691801 0.128264 -0.9204643 0.9011916 0.2412959 -0.3600418 0.8815687 0.3062689 -0.3592159 0.3378569 0.1947399 -0.9208307 0.8082896 0.4658878 -0.3600228 0.3237131 0.2189751 -0.9204673 0.3237131 0.2189751 -0.9204673 0.8082896 0.4658878 -0.3600228 0.7730141 0.5228871 -0.359219 0.2758941 0.2756311 -0.9208204 0.6600009 0.6593769 -0.360029 0.255493 0.295811 -0.9204451 0.255493 0.295811 -0.9204451 0.6600009 0.6593769 -0.360029 0.6100261 0.7062911 -0.359195 0.1950961 0.3376931 -0.9208153 0.4667 0.80782 -0.360025 0.1707209 0.3515929 -0.9204547 0.1707209 0.3515929 -0.9204547 0.4667 0.80782 -0.360025 0.4076358 0.8395207 -0.3592189 0.101013 0.3766861 -0.9208171 0.2416421 0.9011063 -0.3600231 0.07330602 0.3839481 -0.9204403 0.07330602 0.3839481 -0.9204403 0.2416421 0.9011063 -0.3600231 0.175023 0.916709 -0.359182 4.29e-4 0.3900041 -0.9208131 0.001025 0.932946 -0.360015 -0.02725298 0.3898657 -0.9204683 -0.02725298 0.3898657 -0.9204683 0.001025 0.932946 -0.360015 -0.06507701 0.9309711 -0.359246 -0.100511 0.3768151 -0.9208192 -0.2404459 0.9014247 -0.3600269 -0.128379 0.369196 -0.9204419 -0.128379 0.369196 -0.9204419 -0.2404459 0.9014247 -0.3600269 -0.3065191 0.8814943 -0.3591851 -0.1951981 0.3376261 -0.9208183 -0.4669531 0.8076711 -0.360031 -0.2197579 0.3232489 -0.9204437 -0.2197579 0.3232489 -0.9204437 -0.4669531 0.8076711 -0.360031 -0.5246988 0.7717967 -0.3591949 -0.275599 0.27594 -0.9208161 -0.6592839 0.6600999 -0.360018 -0.2951 0.256235 -0.9204671 -0.2951 0.256235 -0.9204671 -0.6592839 0.6600999 -0.360018 -0.7046744 0.6118683 -0.3592372 -0.3082531 -0.6363822 0.7071052 -0.352738 -0.6117861 0.708021 0.3082539 0.6363778 0.7071088 0.3082539 0.6363778 0.7071088 -0.352738 -0.6117861 0.708021 0.3527369 0.6117858 0.7080218 0.4028689 0.8317068 -0.3820479 0.3082539 0.6363778 0.7071088 0.461423 0.8002929 -0.38291 0.461423 0.8002929 -0.38291 0.3082539 0.6363778 0.7071088 0.3527369 0.6117858 0.7080218 0.461423 0.8002929 -0.38291 0.191023 0.331309 -0.923983 0.4028689 0.8317068 -0.3820479 0.4028689 0.8317068 -0.3820479 0.191023 0.331309 -0.923983 0.167097 0.3449579 -0.9236248 -0.1703989 -0.3517909 -0.9204386 0.167097 0.3449579 -0.9236248 -0.1948081 -0.3378761 -0.9208092 -0.1948081 -0.3378761 -0.9208092 0.167097 0.3449579 -0.9236248 0.191023 0.331309 -0.923983 -0.1948081 -0.3378761 -0.9208092 -0.4659982 -0.8082224 -0.3600312 -0.1703989 -0.3517909 -0.9204386 -0.1703989 -0.3517909 -0.9204386 -0.4659982 -0.8082224 -0.3600312 -0.4068441 -0.8399113 -0.3592031 -0.3132749 -0.6467367 -0.6954067 -0.4068441 -0.8399113 -0.3592031 -0.358492 -0.6217691 -0.6963381 -0.358492 -0.6217691 -0.6963381 -0.4068441 -0.8399113 -0.3592031 -0.4659982 -0.8082224 -0.3600312 -0.167093 -0.344954 -0.9236269 -0.3132749 -0.6467367 -0.6954067 -0.191022 -0.331312 -0.9239821 -0.191022 -0.331312 -0.9239821 -0.3132749 -0.6467367 -0.6954067 -0.358492 -0.6217691 -0.6963381 -0.191022 -0.331312 -0.9239821 -0.4614208 -0.8002857 -0.3829279 -0.167093 -0.344954 -0.9236269 -0.167093 -0.344954 -0.9236269 -0.4614208 -0.8002857 -0.3829279 -0.4028641 -0.8316971 -0.3820741 -0.3082531 -0.6363822 0.7071052 -0.4028641 -0.8316971 -0.3820741 -0.352738 -0.6117861 0.708021 -0.352738 -0.6117861 0.708021 -0.4028641 -0.8316971 -0.3820741 -0.4614208 -0.8002857 -0.3829279 -0.1737901 -0.9076476 -0.3820643 -0.239047 -0.892311 -0.382933 -0.1329769 -0.6944937 0.7071037 -0.1329769 -0.6944937 0.7071037 -0.239047 -0.892311 -0.382933 -0.1827371 -0.6821252 0.7080342 -0.1329769 -0.6944937 0.7071037 -0.1827371 -0.6821252 0.7080342 0.132973 0.694488 0.70711 0.132973 0.694488 0.70711 -0.1827371 -0.6821252 0.7080342 0.182739 0.6821168 0.7080418 0.1737889 0.9076567 -0.3820429 0.132973 0.694488 0.70711 0.2390511 0.8923233 -0.3829021 0.2390511 0.8923233 -0.3829021 0.132973 0.694488 0.70711 0.182739 0.6821168 0.7080418 0.07208599 0.3764849 -0.9236139 0.1737889 0.9076567 -0.3820429 0.09897099 0.369433 -0.9239719 0.09897099 0.369433 -0.9239719 0.1737889 0.9076567 -0.3820429 0.2390511 0.8923233 -0.3829021 -0.073507 -0.3838959 -0.9204459 0.07208599 0.3764849 -0.9236139 -0.100921 -0.3767209 -0.9208129 -0.100921 -0.3767209 -0.9208129 0.07208599 0.3764849 -0.9236139 0.09897099 0.369433 -0.9239719 -0.100921 -0.3767209 -0.9208129 -0.2414201 -0.9011685 -0.3600162 -0.073507 -0.3838959 -0.9204459 -0.073507 -0.3838959 -0.9204459 -0.2414201 -0.9011685 -0.3600162 -0.1755069 -0.9166118 -0.3591939 -0.13514 -0.7057989 -0.6954029 -0.1755069 -0.9166118 -0.3591939 -0.1857209 -0.6932567 -0.6963497 -0.1857209 -0.6932567 -0.6963497 -0.1755069 -0.9166118 -0.3591939 -0.2414201 -0.9011685 -0.3600162 -0.072083 -0.3764631 -0.9236231 -0.13514 -0.7057989 -0.6954029 -0.09896202 -0.3694071 -0.9239832 -0.09896202 -0.3694071 -0.9239832 -0.13514 -0.7057989 -0.6954029 -0.1857209 -0.6932567 -0.6963497 -0.1737901 -0.9076476 -0.3820643 -0.072083 -0.3764631 -0.9236231 -0.239047 -0.892311 -0.382933 -0.239047 -0.892311 -0.382933 -0.072083 -0.3764631 -0.9236231 -0.09896202 -0.3694071 -0.9239832 0.186613 -0.6930069 -0.6963599 0.135769 -0.705679 -0.695402 0.09943898 -0.3692749 -0.9239848 0.09943898 -0.3692749 -0.9239848 0.135769 -0.705679 -0.695402 0.07241499 -0.3763829 -0.9236298 0.2425831 -0.9008563 -0.3600161 0.176323 -0.9164528 -0.3591999 0.186613 -0.6930069 -0.6963599 0.186613 -0.6930069 -0.6963599 0.176323 -0.9164528 -0.3591999 0.135769 -0.705679 -0.695402 0.176323 -0.9164528 -0.3591999 0.2425831 -0.9008563 -0.3600161 0.07384704 -0.3838222 -0.9204494 0.07384704 -0.3838222 -0.9204494 0.2425831 -0.9008563 -0.3600161 0.101409 -0.3765858 -0.9208146 -0.09944796 0.3693058 -0.9239716 -0.07242101 0.3764081 -0.9236191 0.101409 -0.3765858 -0.9208146 0.101409 -0.3765858 -0.9208146 -0.07242101 0.3764081 -0.9236191 0.07384704 -0.3838222 -0.9204494 -0.07242101 0.3764081 -0.9236191 -0.09944796 0.3693058 -0.9239716 -0.174601 0.9074957 -0.3820549 -0.174601 0.9074957 -0.3820549 -0.09944796 0.3693058 -0.9239716 -0.2402041 0.8920122 -0.3829051 -0.1836171 0.6818702 0.7080522 -0.133593 0.6943691 0.70711 -0.2402041 0.8920122 -0.3829051 -0.2402041 0.8920122 -0.3829051 -0.133593 0.6943691 0.70711 -0.174601 0.9074957 -0.3820549 0.1335979 -0.6943746 0.7071036 -0.133593 0.6943691 0.70711 0.183616 -0.681879 0.708044 0.183616 -0.681879 0.708044 -0.133593 0.6943691 0.70711 -0.1836171 0.6818702 0.7080522 0.240199 -0.8919999 -0.382937 0.174599 -0.9074851 -0.3820811 0.183616 -0.681879 0.708044 0.183616 -0.681879 0.708044 0.174599 -0.9074851 -0.3820811 0.1335979 -0.6943746 0.7071036 0.174599 -0.9074851 -0.3820811 0.240199 -0.8919999 -0.382937 0.07241499 -0.3763829 -0.9236298 0.07241499 -0.3763829 -0.9236298 0.240199 -0.8919999 -0.382937 0.09943898 -0.3692749 -0.9239848 0.359932 -0.6209221 -0.6963511 0.314419 -0.6461841 -0.6954041 0.1917941 -0.3308651 -0.9239824 0.1917941 -0.3308651 -0.9239824 0.314419 -0.6461841 -0.6954041 0.1676859 -0.3446269 -0.9236416 0.4678752 -0.8071363 -0.3600331 0.4083201 -0.8391811 -0.359235 0.359932 -0.6209221 -0.6963511 0.359932 -0.6209221 -0.6963511 0.4083201 -0.8391811 -0.359235 0.314419 -0.6461841 -0.6954041 0.4083201 -0.8391811 -0.359235 0.4678752 -0.8071363 -0.3600331 0.171 -0.351454 -0.920456 0.171 -0.351454 -0.920456 0.4678752 -0.8071363 -0.3600331 0.195593 -0.3374209 -0.9208097 -0.191789 0.3308529 -0.9239877 -0.167694 0.344633 -0.9236379 0.195593 -0.3374209 -0.9208097 0.195593 -0.3374209 -0.9208097 -0.167694 0.344633 -0.9236379 0.171 -0.351454 -0.920456 -0.167694 0.344633 -0.9236379 -0.191789 0.3308529 -0.9239877 -0.404332 0.830979 -0.382086 -0.404332 0.830979 -0.382086 -0.191789 0.3308529 -0.9239877 -0.4632799 0.7992138 -0.3829219 -0.354147 0.610953 0.708037 -0.3093769 0.6358328 0.7071087 -0.4632799 0.7992138 -0.3829219 -0.4632799 0.7992138 -0.3829219 -0.3093769 0.6358328 0.7071087 -0.404332 0.830979 -0.382086 0.3093761 -0.6358372 0.7071052 -0.3093769 0.6358328 0.7071087 0.35415 -0.6109549 0.7080339 0.35415 -0.6109549 0.7080339 -0.3093769 0.6358328 0.7071087 -0.354147 0.610953 0.708037 0.4632788 -0.7992097 -0.3829318 0.4043248 -0.8309715 -0.3821098 0.35415 -0.6109549 0.7080339 0.35415 -0.6109549 0.7080339 0.4043248 -0.8309715 -0.3821098 0.3093761 -0.6358372 0.7071052 0.4043248 -0.8309715 -0.3821098 0.4632788 -0.7992097 -0.3829318 0.1676859 -0.3446269 -0.9236416 0.1676859 -0.3446269 -0.9236416 0.4632788 -0.7992097 -0.3829318 0.1917941 -0.3308651 -0.9239824 0.5081792 -0.5068082 -0.6963472 0.470939 -0.542784 -0.695415 0.2707959 -0.2700619 -0.9239786 0.2707959 -0.2700619 -0.9239786 0.470939 -0.542784 -0.695415 0.251179 -0.289499 -0.9236339 0.6605809 -0.6587909 -0.360038 0.6116079 -0.7048928 -0.3592519 0.5081792 -0.5068082 -0.6963472 0.5081792 -0.5068082 -0.6963472 0.6116079 -0.7048928 -0.3592519 0.470939 -0.542784 -0.695415 0.6116079 -0.7048928 -0.3592519 0.6605809 -0.6587909 -0.360038 0.256133 -0.295201 -0.9204631 0.256133 -0.295201 -0.9204631 0.6605809 -0.6587909 -0.360038 0.276132 -0.275384 -0.9208229 -0.270769 0.270032 -0.9239951 -0.2511499 0.2894518 -0.9236566 0.276132 -0.275384 -0.9208229 0.276132 -0.275384 -0.9208229 -0.2511499 0.2894518 -0.9236566 0.256133 -0.295201 -0.9204631 -0.2511499 0.2894518 -0.9236566 -0.270769 0.270032 -0.9239951 -0.6056219 0.6979958 -0.3821309 -0.6056219 0.6979958 -0.3821309 -0.270769 0.270032 -0.9239951 -0.6540852 0.6523132 -0.3829621 -0.500028 0.4986739 0.708023 -0.4634068 0.5340958 0.7071038 -0.6540852 0.6523132 -0.3829621 -0.6540852 0.6523132 -0.3829621 -0.4634068 0.5340958 0.7071038 -0.6056219 0.6979958 -0.3821309 0.4634099 -0.534089 0.7071069 -0.4634068 0.5340958 0.7071038 0.5000239 -0.4986739 0.7080258 0.5000239 -0.4986739 0.7080258 -0.4634068 0.5340958 0.7071038 -0.500028 0.4986739 0.708023 0.6540988 -0.6523278 -0.3829139 0.6056349 -0.6980119 -0.3820809 0.5000239 -0.4986739 0.7080258 0.5000239 -0.4986739 0.7080258 0.6056349 -0.6980119 -0.3820809 0.4634099 -0.534089 0.7071069 0.6056349 -0.6980119 -0.3820809 0.6540988 -0.6523278 -0.3829139 0.251179 -0.289499 -0.9236339 0.251179 -0.289499 -0.9236339 0.6540988 -0.6523278 -0.3829139 0.2707959 -0.2700619 -0.9239786 0.6222681 -0.357555 -0.6963741 0.5950431 -0.4029191 -0.6953992 0.3315849 -0.1905259 -0.9239866 0.3315849 -0.1905259 -0.9239866 0.5950431 -0.4029191 -0.6953992 0.3173691 -0.214896 -0.9236323 0.8089173 -0.4648032 -0.3600151 0.7727703 -0.5232612 -0.3591991 0.6222681 -0.357555 -0.6963741 0.6222681 -0.357555 -0.6963741 0.7727703 -0.5232612 -0.3591991 0.5950431 -0.4029191 -0.6953992 0.7727703 -0.5232612 -0.3591991 0.8089173 -0.4648032 -0.3600151 0.3236199 -0.2191309 -0.9204628 0.3236199 -0.2191309 -0.9204628 0.8089173 -0.4648032 -0.3600151 0.338131 -0.194286 -0.9208259 -0.3315911 0.190532 -0.9239832 -0.3173721 0.2148951 -0.9236314 0.338131 -0.194286 -0.9208259 0.338131 -0.194286 -0.9208259 -0.3173721 0.2148951 -0.9236314 0.3236199 -0.2191309 -0.9204628 -0.3173721 0.2148951 -0.9236314 -0.3315911 0.190532 -0.9239832 -0.7651999 0.5181279 -0.3821159 -0.7651999 0.5181279 -0.3821159 -0.3315911 0.190532 -0.9239832 -0.8009574 0.4602302 -0.3829562 -0.612267 0.351812 0.708066 -0.5855101 0.3964581 0.7071061 -0.8009574 0.4602302 -0.3829562 -0.8009574 0.4602302 -0.3829562 -0.5855101 0.3964581 0.7071061 -0.7651999 0.5181279 -0.3821159 0.5855071 -0.3964641 0.7071052 -0.5855101 0.3964581 0.7071061 0.612268 -0.351812 0.708065 0.612268 -0.351812 0.708065 -0.5855101 0.3964581 0.7071061 -0.612267 0.351812 0.708066 0.8009614 -0.4602332 -0.3829442 0.7652059 -0.5181389 -0.3820889 0.612268 -0.351812 0.708065 0.612268 -0.351812 0.708065 0.7652059 -0.5181389 -0.3820889 0.5855071 -0.3964641 0.7071052 0.7652059 -0.5181389 -0.3820889 0.8009614 -0.4602332 -0.3829442 0.3173691 -0.214896 -0.9236323 0.3173691 -0.214896 -0.9236323 0.8009614 -0.4602332 -0.3829442 0.3315849 -0.1905259 -0.9239866 0.6938322 -0.1836221 -0.6963332 0.6796659 -0.233398 -0.6953989 0.369702 -0.09783602 -0.9239851 0.369702 -0.09783602 -0.9239851 0.6796659 -0.233398 -0.6953989 0.362443 -0.124462 -0.9236581 0.9018942 -0.2386801 -0.3600261 0.8826463 -0.3030991 -0.3592581 0.6938322 -0.1836221 -0.6963332 0.6938322 -0.1836221 -0.6963332 0.8826463 -0.3030991 -0.3592581 0.6796659 -0.233398 -0.6953989 0.8826463 -0.3030991 -0.3592581 0.9018942 -0.2386801 -0.3600261 0.3696281 -0.126931 -0.9204692 0.3696281 -0.126931 -0.9204692 0.9018942 -0.2386801 -0.3600261 0.377026 -0.099774 -0.920813 -0.369723 0.097843 -0.923976 -0.3624708 0.1244669 -0.9236466 0.377026 -0.099774 -0.920813 0.377026 -0.099774 -0.920813 -0.3624708 0.1244669 -0.9236466 0.3696281 -0.126931 -0.9204692 -0.3624708 0.1244669 -0.9236466 -0.369723 0.097843 -0.923976 -0.87402 0.300135 -0.38211 -0.87402 0.300135 -0.38211 -0.369723 0.097843 -0.923976 -0.8930451 0.23634 -0.3829021 -0.6826819 0.180671 0.708028 -0.6687707 0.2296559 0.7071096 -0.8930451 0.23634 -0.3829021 -0.8930451 0.23634 -0.3829021 -0.6687707 0.2296559 0.7071096 -0.87402 0.300135 -0.38211 0.6687792 -0.2296481 0.7071042 -0.6687707 0.2296559 0.7071096 0.682689 -0.180668 0.7080219 0.682689 -0.180668 0.7080219 -0.6687707 0.2296559 0.7071096 -0.6826819 0.180671 0.708028 0.8930311 -0.236331 -0.3829401 0.8740044 -0.3001282 -0.3821512 0.682689 -0.180668 0.7080219 0.682689 -0.180668 0.7080219 0.8740044 -0.3001282 -0.3821512 0.6687792 -0.2296481 0.7071042 0.8740044 -0.3001282 -0.3821512 0.8930311 -0.236331 -0.3829401 0.362443 -0.124462 -0.9236581 0.362443 -0.124462 -0.9236581 0.8930311 -0.236331 -0.3829401 0.369702 -0.09783602 -0.9239851 0.7177477 8.83e-4 -0.6963028 0.7168816 -0.05005498 -0.6953956 0.38246 4.7e-4 -0.923972 0.38246 4.7e-4 -0.923972 0.7168816 -0.05005498 -0.6953956 0.382333 -0.026699 -0.9236389 0.9329516 0.001148 -0.3599999 0.9309844 -0.06500402 -0.3592251 0.7177477 8.83e-4 -0.6963028 0.7177477 8.83e-4 -0.6963028 0.9309844 -0.06500402 -0.3592251 0.7168816 -0.05005498 -0.6953956 0.9309844 -0.06500402 -0.3592251 0.9329516 0.001148 -0.3599999 0.3898859 -0.02722299 -0.9204608 0.3898859 -0.02722299 -0.9204608 0.9329516 0.001148 -0.3599999 0.390018 4.8e-4 -0.9208071 -0.3824571 -4.75e-4 -0.9239733 -0.3823172 0.02669402 -0.9236456 0.390018 4.8e-4 -0.9208071 0.390018 4.8e-4 -0.9208071 -0.3823172 0.02669402 -0.9236456 0.3898859 -0.02722299 -0.9204608 -0.3823172 0.02669402 -0.9236456 -0.3824571 -4.75e-4 -0.9239733 -0.9218709 0.06436599 -0.3821139 -0.9218709 0.06436599 -0.3821139 -0.3824571 -4.75e-4 -0.9239733 -0.9237871 -0.001144 -0.3829051 -0.706214 -8.71e-4 0.707998 -0.7053891 0.04925201 0.7071071 -0.9237871 -0.001144 -0.3829051 -0.9237871 -0.001144 -0.3829051 -0.7053891 0.04925201 0.7071071 -0.9218709 0.06436599 -0.3821139 0.7053888 -0.04926099 0.7071068 -0.7053891 0.04925201 0.7071071 0.706217 8.7e-4 0.707995 0.706217 8.7e-4 0.707995 -0.7053891 0.04925201 0.7071071 -0.706214 -8.71e-4 0.707998 0.9237866 0.001135 -0.3829058 0.9218746 -0.06437898 -0.3821028 0.706217 8.7e-4 0.707995 0.706217 8.7e-4 0.707995 0.9218746 -0.06437898 -0.3821028 0.7053888 -0.04926099 0.7071068 0.9218746 -0.06437898 -0.3821028 0.9237866 0.001135 -0.3829058 0.382333 -0.026699 -0.9236389 0.382333 -0.026699 -0.9236389 0.9237866 0.001135 -0.3829058 0.38246 4.7e-4 -0.923972 0.6945352 0.132758 0.7071042 -0.6945329 -0.132745 0.7071089 0.6821422 0.182639 0.7080432 0.6821422 0.182639 0.7080432 -0.6945329 -0.132745 0.7071089 -0.6821422 -0.182643 0.7080422 0.8923535 0.2389209 -0.3829128 0.9077082 0.173495 -0.3820541 0.6821422 0.182639 0.7080432 0.6821422 0.182639 0.7080432 0.9077082 0.173495 -0.3820541 0.6945352 0.132758 0.7071042 0.9077082 0.173495 -0.3820541 0.8923535 0.2389209 -0.3829128 0.3764961 0.07196002 -0.9236193 0.3764961 0.07196002 -0.9236193 0.8923535 0.2389209 -0.3829128 0.369438 0.09891499 -0.9239759 0.6932768 0.185627 -0.6963548 0.7058372 0.1349171 -0.6954072 0.369438 0.09891499 -0.9239759 0.369438 0.09891499 -0.9239759 0.7058372 0.1349171 -0.6954072 0.3764961 0.07196002 -0.9236193 0.9011916 0.2412959 -0.3600418 0.9166622 0.175212 -0.3592091 0.6932768 0.185627 -0.6963548 0.6932768 0.185627 -0.6963548 0.9166622 0.175212 -0.3592091 0.7058372 0.1349171 -0.6954072 0.9166622 0.175212 -0.3592091 0.9011916 0.2412959 -0.3600418 0.3839132 0.07337403 -0.9204494 0.3839132 0.07337403 -0.9204494 0.9011916 0.2412959 -0.3600418 0.376698 0.100859 -0.9208291 -0.369444 -0.09891999 -0.9239729 -0.3765219 -0.07197298 -0.9236076 0.376698 0.100859 -0.9208291 0.376698 0.100859 -0.9208291 -0.3765219 -0.07197298 -0.9236076 0.3839132 0.07337403 -0.9204494 -0.3765219 -0.07197298 -0.9236076 -0.369444 -0.09891999 -0.9239729 -0.9077204 -0.1734971 -0.3820242 -0.9077204 -0.1734971 -0.3820242 -0.369444 -0.09891999 -0.9239729 -0.8923511 -0.238926 -0.382915 -0.6821422 -0.182643 0.7080422 -0.6945329 -0.132745 0.7071089 -0.8923511 -0.238926 -0.382915 -0.8923511 -0.238926 -0.382915 -0.6945329 -0.132745 0.7071089 -0.9077204 -0.1734971 -0.3820242 0.8003595 0.4613167 -0.3828987 0.831732 0.40283 -0.382034 0.6118321 0.352652 0.7080241 0.6118321 0.352652 0.7080241 0.831732 0.40283 -0.382034 0.636389 0.308221 0.707113 0.831732 0.40283 -0.382034 0.8003595 0.4613167 -0.3828987 0.3450009 0.167091 -0.9236097 0.3450009 0.167091 -0.9236097 0.8003595 0.4613167 -0.3828987 0.3313639 0.1909929 -0.9239696 0.6218301 0.3584151 -0.6963232 0.6467682 0.3132401 -0.6953932 0.3313639 0.1909929 -0.9239696 0.3313639 0.1909929 -0.9239696 0.6467682 0.3132401 -0.6953932 0.3450009 0.167091 -0.9236097 0.8082896 0.4658878 -0.3600228 0.8399331 0.4067951 -0.359208 0.6218301 0.3584151 -0.6963232 0.6218301 0.3584151 -0.6963232 0.8399331 0.4067951 -0.359208 0.6467682 0.3132401 -0.6953932 0.8399331 0.4067951 -0.359208 0.8082896 0.4658878 -0.3600228 0.351734 0.170352 -0.9204691 0.351734 0.170352 -0.9204691 0.8082896 0.4658878 -0.3600228 0.3378569 0.1947399 -0.9208307 -0.3313361 -0.19097 -0.9239842 -0.3449742 -0.1670761 -0.9236224 0.3378569 0.1947399 -0.9208307 0.3378569 0.1947399 -0.9208307 -0.3449742 -0.1670761 -0.9236224 0.351734 0.170352 -0.9204691 -0.3449742 -0.1670761 -0.9236224 -0.3313361 -0.19097 -0.9239842 -0.8317118 -0.4028149 -0.3820939 -0.8317118 -0.4028149 -0.3820939 -0.3313361 -0.19097 -0.9239842 -0.800342 -0.461298 -0.382958 -0.6118411 -0.3526541 0.7080152 -0.636401 -0.308224 0.707101 -0.800342 -0.461298 -0.382958 -0.800342 -0.461298 -0.382958 -0.636401 -0.308224 0.707101 -0.8317118 -0.4028149 -0.3820939 0.636389 0.308221 0.707113 -0.636401 -0.308224 0.707101 0.6118321 0.352652 0.7080241 0.6118321 0.352652 0.7080241 -0.636401 -0.308224 0.707101 -0.6118411 -0.3526541 0.7080152 0.6535138 0.6529018 -0.3829348 0.6999562 0.6034081 -0.3820471 0.4995569 0.4990949 0.7080588 0.4995569 0.4990949 0.7080588 0.6999562 0.6034081 -0.3820471 0.53557 0.461702 0.707104 0.6999562 0.6034081 -0.3820471 0.6535138 0.6529018 -0.3829348 0.2903322 0.2502832 -0.9236155 0.2903322 0.2502832 -0.9236155 0.6535138 0.6529018 -0.3829348 0.270548 0.270292 -0.9239839 0.5077178 0.5072368 -0.6963716 0.5442964 0.4692133 -0.6953995 0.270548 0.270292 -0.9239839 0.270548 0.270292 -0.9239839 0.5442964 0.4692133 -0.6953995 0.2903322 0.2502832 -0.9236155 0.6600009 0.6593769 -0.360029 0.706874 0.6093649 -0.359171 0.5077178 0.5072368 -0.6963716 0.5077178 0.5072368 -0.6963716 0.706874 0.6093649 -0.359171 0.5442964 0.4692133 -0.6953995 0.706874 0.6093649 -0.359171 0.6600009 0.6593769 -0.360029 0.296068 0.255224 -0.9204371 0.296068 0.255224 -0.9204371 0.6600009 0.6593769 -0.360029 0.2758941 0.2756311 -0.9208204 -0.270541 -0.270288 -0.9239871 -0.2903138 -0.2502709 -0.9236246 0.2758941 0.2756311 -0.9208204 0.2758941 0.2756311 -0.9208204 -0.2903138 -0.2502709 -0.9236246 0.296068 0.255224 -0.9204371 -0.2903138 -0.2502709 -0.9236246 -0.270541 -0.270288 -0.9239871 -0.6999508 -0.6034019 -0.3820669 -0.6999508 -0.6034019 -0.3820669 -0.270541 -0.270288 -0.9239871 -0.653513 -0.652899 -0.3829409 -0.4995591 -0.4990851 0.7080642 -0.5355719 -0.4616909 0.7071098 -0.653513 -0.652899 -0.3829409 -0.653513 -0.652899 -0.3829409 -0.5355719 -0.4616909 0.7071098 -0.6999508 -0.6034019 -0.3820669 0.53557 0.461702 0.707104 -0.5355719 -0.4616909 0.7071098 0.4995569 0.4990949 0.7080588 0.4995569 0.4990949 0.7080588 -0.5355719 -0.4616909 0.7071098 -0.4995591 -0.4990851 0.7080642 0.4621169 0.7998849 -0.3829259 0.5185532 0.7649363 -0.3820671 0.353268 0.611478 0.708023 0.353268 0.611478 0.708023 0.5185532 0.7649363 -0.3820671 0.396773 0.585292 0.70711 0.5185532 0.7649363 -0.3820671 0.4621169 0.7998849 -0.3829259 0.215086 0.317276 -0.9236201 0.215086 0.317276 -0.9236201 0.4621169 0.7998849 -0.3829259 0.1913229 0.3311568 -0.9239756 0.3590401 0.6214672 -0.6963252 0.4032309 0.5948309 -0.6953999 0.1913229 0.3311568 -0.9239756 0.1913229 0.3311568 -0.9239756 0.4032309 0.5948309 -0.6953999 0.215086 0.317276 -0.9236201 0.4667 0.80782 -0.360025 0.5236658 0.7724897 -0.3592128 0.3590401 0.6214672 -0.6963252 0.3590401 0.6214672 -0.6963252 0.5236658 0.7724897 -0.3592128 0.4032309 0.5948309 -0.6953999 0.5236658 0.7724897 -0.3592128 0.4667 0.80782 -0.360025 0.219318 0.323527 -0.920451 0.219318 0.323527 -0.920451 0.4667 0.80782 -0.360025 0.1950961 0.3376931 -0.9208153 -0.1913199 -0.3311609 -0.9239746 -0.215074 -0.31727 -0.9236249 0.1950961 0.3376931 -0.9208153 0.1950961 0.3376931 -0.9208153 -0.215074 -0.31727 -0.9236249 0.219318 0.323527 -0.920451 -0.215074 -0.31727 -0.9236249 -0.1913199 -0.3311609 -0.9239746 -0.5185419 -0.7649429 -0.3820689 -0.5185419 -0.7649429 -0.3820689 -0.1913199 -0.3311609 -0.9239746 -0.462116 -0.799892 -0.382912 -0.3532671 -0.6114863 0.7080162 -0.3967633 -0.5853064 0.7071035 -0.462116 -0.799892 -0.382912 -0.462116 -0.799892 -0.382912 -0.3967633 -0.5853064 0.7071035 -0.5185419 -0.7649429 -0.3820689 0.396773 0.585292 0.70711 -0.3967633 -0.5853064 0.7071035 0.353268 0.611478 0.708023 0.353268 0.611478 0.708023 -0.3967633 -0.5853064 0.7071035 -0.3532671 -0.6114863 0.7080162 0.239263 0.892248 -0.382945 0.3041198 0.8726594 -0.3820688 0.1829021 0.6820602 0.7080542 0.1829021 0.6820602 0.7080542 0.3041198 0.8726594 -0.3820688 0.2327009 0.6677236 0.7071036 0.3041198 0.8726594 -0.3820688 0.239263 0.892248 -0.382945 0.1261329 0.3619378 -0.9236296 0.1261329 0.3619378 -0.9236296 0.239263 0.892248 -0.382945 0.09904405 0.3693572 -0.9239944 0.185882 0.693181 -0.696382 0.2364859 0.6785826 -0.6954136 0.09904405 0.3693572 -0.9239944 0.09904405 0.3693572 -0.9239944 0.2364859 0.6785826 -0.6954136 0.1261329 0.3619378 -0.9236296 0.2416421 0.9011063 -0.3600231 0.307129 0.8812849 -0.359178 0.185882 0.693181 -0.696382 0.185882 0.693181 -0.696382 0.307129 0.8812849 -0.359178 0.2364859 0.6785826 -0.6954136 0.307129 0.8812849 -0.359178 0.2416421 0.9011063 -0.3600231 0.128638 0.3691151 -0.9204382 0.128638 0.3691151 -0.9204382 0.2416421 0.9011063 -0.3600231 0.101013 0.3766861 -0.9208171 -0.09906096 -0.3694069 -0.9239727 -0.1261531 -0.3619943 -0.9236047 0.101013 0.3766861 -0.9208171 0.101013 0.3766861 -0.9208171 -0.1261531 -0.3619943 -0.9236047 0.128638 0.3691151 -0.9204382 -0.1261531 -0.3619943 -0.9236047 -0.09906096 -0.3694069 -0.9239727 -0.3041271 -0.8726783 -0.3820201 -0.3041271 -0.8726783 -0.3820201 -0.09906096 -0.3694069 -0.9239727 -0.2392709 -0.8922617 -0.3829079 -0.182899 -0.682053 0.708062 -0.2326989 -0.6677178 0.7071097 -0.2392709 -0.8922617 -0.3829079 -0.2392709 -0.8922617 -0.3829079 -0.2326989 -0.6677178 0.7071097 -0.3041271 -0.8726783 -0.3820201 0.2327009 0.6677236 0.7071036 -0.2326989 -0.6677178 0.7071097 0.1829021 0.6820602 0.7080542 0.1829021 0.6820602 0.7080542 -0.2326989 -0.6677178 0.7071097 -0.182899 -0.682053 0.708062 0.001015 0.9237819 -0.3829179 0.06646599 0.9217368 -0.3820779 7.75e-4 0.7062181 0.707994 7.75e-4 0.7062181 0.707994 0.06646599 0.9217368 -0.3820779 0.05086001 0.7052771 0.707105 0.06646599 0.9217368 -0.3820779 0.001015 0.9237819 -0.3829179 0.027566 0.3822901 -0.9236311 0.027566 0.3822901 -0.9236311 0.001015 0.9237819 -0.3829179 4.2e-4 0.382443 -0.923979 7.87e-4 0.717741 -0.6963099 0.05168297 0.7167536 -0.6954086 4.2e-4 0.382443 -0.923979 4.2e-4 0.382443 -0.923979 0.05168297 0.7167536 -0.6954086 0.027566 0.3822901 -0.9236311 0.001025 0.932946 -0.360015 0.06712099 0.9308399 -0.35921 7.87e-4 0.717741 -0.6963099 7.87e-4 0.717741 -0.6963099 0.06712099 0.9308399 -0.35921 0.05168297 0.7167536 -0.6954086 0.06712099 0.9308399 -0.35921 0.001025 0.932946 -0.360015 0.02811099 0.3898439 -0.9204518 0.02811099 0.3898439 -0.9204518 0.001025 0.932946 -0.360015 4.29e-4 0.3900041 -0.9208131 -4.21e-4 -0.3824571 -0.9239733 -0.02756799 -0.3823029 -0.9236258 4.29e-4 0.3900041 -0.9208131 4.29e-4 0.3900041 -0.9208131 -0.02756799 -0.3823029 -0.9236258 0.02811099 0.3898439 -0.9204518 -0.02756799 -0.3823029 -0.9236258 -4.21e-4 -0.3824571 -0.9239733 -0.06646399 -0.9217399 -0.3820709 -0.06646399 -0.9217399 -0.3820709 -4.21e-4 -0.3824571 -0.9239733 -0.001015001 -0.9237855 -0.3829092 -7.75e-4 -0.706215 0.707997 -0.05085203 -0.7052743 0.7071084 -0.001015001 -0.9237855 -0.3829092 -0.001015001 -0.9237855 -0.3829092 -0.05085203 -0.7052743 0.7071084 -0.06646399 -0.9217399 -0.3820709 0.05086001 0.7052771 0.707105 -0.05085203 -0.7052743 0.7071084 7.75e-4 0.7062181 0.707994 7.75e-4 0.7062181 0.707994 -0.05085203 -0.7052743 0.7071084 -7.75e-4 -0.706215 0.707997 -0.2380789 0.8925638 -0.3829469 -0.1715331 0.9080903 -0.3820322 -0.181994 0.6822868 0.7080698 -0.181994 0.6822868 0.7080698 -0.1715331 0.9080903 -0.3820322 -0.131252 0.6948248 0.7071007 -0.1715331 0.9080903 -0.3820322 -0.2380789 0.8925638 -0.3829469 -0.07114699 0.3766589 -0.9236159 -0.07114699 0.3766589 -0.9236159 -0.2380789 0.8925638 -0.3829469 -0.09855404 0.3694882 -0.9239944 -0.1849609 0.6934106 -0.6963986 -0.1333809 0.7061177 -0.6954188 -0.09855404 0.3694882 -0.9239944 -0.09855404 0.3694882 -0.9239944 -0.1333809 0.7061177 -0.6954188 -0.07114699 0.3766589 -0.9236159 -0.2404459 0.9014247 -0.3600269 -0.1732291 0.9170606 -0.3591542 -0.1849609 0.6934106 -0.6963986 -0.1849609 0.6934106 -0.6963986 -0.1732291 0.9170606 -0.3591542 -0.1333809 0.7061177 -0.6954188 -0.1732291 0.9170606 -0.3591542 -0.2404459 0.9014247 -0.3600269 -0.07255801 0.3841191 -0.9204281 -0.07255801 0.3841191 -0.9204281 -0.2404459 0.9014247 -0.3600269 -0.100511 0.3768151 -0.9208192 0.09856804 -0.3695321 -0.9239753 0.07116096 -0.3767058 -0.9235956 -0.100511 0.3768151 -0.9208192 -0.100511 0.3768151 -0.9208192 0.07116096 -0.3767058 -0.9235956 -0.07255801 0.3841191 -0.9204281 0.07116096 -0.3767058 -0.9235956 0.09856804 -0.3695321 -0.9239753 0.17154 -0.9081029 -0.3819989 0.17154 -0.9081029 -0.3819989 0.09856804 -0.3695321 -0.9239753 0.2380851 -0.8925763 -0.3829142 0.1819891 -0.6822793 0.7080784 0.131246 -0.6948152 0.7071112 0.2380851 -0.8925763 -0.3829142 0.2380851 -0.8925763 -0.3829142 0.131246 -0.6948152 0.7071112 0.17154 -0.9081029 -0.3819989 -0.131252 0.6948248 0.7071007 0.131246 -0.6948152 0.7071112 -0.181994 0.6822868 0.7080698 -0.181994 0.6822868 0.7080698 0.131246 -0.6948152 0.7071112 0.1819891 -0.6822793 0.7080784 -0.4623681 0.7997372 -0.3829311 -0.4030662 0.8315983 -0.3820761 -0.353448 0.6113439 0.7080489 -0.353448 0.6113439 0.7080489 -0.4030662 0.8315983 -0.3820761 -0.30841 0.6363009 0.7071099 -0.4030662 0.8315983 -0.3820761 -0.4623681 0.7997372 -0.3829311 -0.167178 0.344923 -0.9236231 -0.167178 0.344923 -0.9236231 -0.4623681 0.7997372 -0.3829311 -0.191424 0.3310949 -0.9239768 -0.359224 0.6213331 -0.69635 -0.3134349 0.6466688 -0.6953978 -0.191424 0.3310949 -0.9239768 -0.191424 0.3310949 -0.9239768 -0.3134349 0.6466688 -0.6953978 -0.167178 0.344923 -0.9236231 -0.4669531 0.8076711 -0.360031 -0.4070489 0.8398127 -0.3592019 -0.359224 0.6213331 -0.69635 -0.359224 0.6213331 -0.69635 -0.4070489 0.8398127 -0.3592019 -0.3134349 0.6466688 -0.6953978 -0.4070489 0.8398127 -0.3592019 -0.4669531 0.8076711 -0.360031 -0.170479 0.35173 -0.9204471 -0.170479 0.35173 -0.9204471 -0.4669531 0.8076711 -0.360031 -0.1951981 0.3376261 -0.9208183 0.191417 -0.331087 -0.923981 0.167183 -0.344918 -0.9236241 -0.1951981 0.3376261 -0.9208183 -0.1951981 0.3376261 -0.9208183 0.167183 -0.344918 -0.9236241 -0.170479 0.35173 -0.9204471 0.167183 -0.344918 -0.9236241 0.191417 -0.331087 -0.923981 0.4030759 -0.8315978 -0.3820669 0.4030759 -0.8315978 -0.3820669 0.191417 -0.331087 -0.923981 0.4623679 -0.7997388 -0.3829279 0.3534499 -0.6113499 0.7080428 0.308415 -0.636305 0.7071041 0.4623679 -0.7997388 -0.3829279 0.4623679 -0.7997388 -0.3829279 0.308415 -0.636305 0.7071041 0.4030759 -0.8315978 -0.3820669 -0.30841 0.6363009 0.7071099 0.308415 -0.636305 0.7071041 -0.353448 0.6113439 0.7080489 -0.353448 0.6113439 0.7080489 0.308415 -0.636305 0.7071041 0.3534499 -0.6113499 0.7080428 -0.6528103 0.6536173 -0.3829142 -0.6050259 0.6985388 -0.3820829 -0.499063 0.4996791 0.7079951 -0.499063 0.4996791 0.7079951 -0.6050259 0.6985388 -0.3820829 -0.4629433 0.5344983 0.7071034 -0.6050259 0.6985388 -0.3820829 -0.6528103 0.6536173 -0.3829142 -0.2509411 0.2897231 -0.9236283 -0.2509411 0.2897231 -0.9236283 -0.6528103 0.6536173 -0.3829142 -0.27027 0.270604 -0.9239739 -0.507209 0.507837 -0.696305 -0.470484 0.5432001 -0.695398 -0.27027 0.270604 -0.9239739 -0.27027 0.270604 -0.9239739 -0.470484 0.5432001 -0.695398 -0.2509411 0.2897231 -0.9236283 -0.6592839 0.6600999 -0.360018 -0.6110011 0.705435 -0.35922 -0.507209 0.507837 -0.696305 -0.507209 0.507837 -0.696305 -0.6110011 0.705435 -0.35922 -0.470484 0.5432001 -0.695398 -0.6110011 0.705435 -0.35922 -0.6592839 0.6600999 -0.360018 -0.2558869 0.2954339 -0.9204568 -0.2558869 0.2954339 -0.9204568 -0.6592839 0.6600999 -0.360018 -0.275599 0.27594 -0.9208161 0.270265 -0.2705989 -0.9239768 0.250937 -0.289721 -0.92363 -0.275599 0.27594 -0.9208161 -0.275599 0.27594 -0.9208161 0.250937 -0.289721 -0.92363 -0.2558869 0.2954339 -0.9204568 0.250937 -0.289721 -0.92363 0.270265 -0.2705989 -0.9239768 0.6050263 -0.6985394 -0.3820812 0.6050263 -0.6985394 -0.3820812 0.270265 -0.2705989 -0.9239768 0.6528091 -0.6536151 -0.3829201 0.4990582 -0.4996752 0.7080013 0.4629391 -0.5344931 0.70711 0.6528091 -0.6536151 -0.3829201 0.6528091 -0.6536151 -0.3829201 0.4629391 -0.5344931 0.70711 0.6050263 -0.6985394 -0.3820812 -0.4629433 0.5344983 0.7071034 0.4629391 -0.5344931 0.70711 -0.499063 0.4996791 0.7079951 -0.499063 0.4996791 0.7079951 0.4629391 -0.5344931 0.70711 0.4990582 -0.4996752 0.7080013 -0.7995369 0.4627259 -0.3829169 -0.7636929 0.5204229 -0.382012 -0.6111736 0.3537068 0.7080666 -0.6111736 0.3537068 0.7080666 -0.7636929 0.5204229 -0.382012 -0.5843301 0.3981901 0.707109 -0.7636929 0.5204229 -0.382012 -0.7995369 0.4627259 -0.3829169 -0.3167911 0.2158801 -0.9236013 -0.3167911 0.2158801 -0.9236013 -0.7995369 0.4627259 -0.3829169 -0.3310099 0.1915719 -0.9239766 -0.6211559 0.35949 -0.696371 -0.5938457 0.4046758 -0.6954026 -0.3310099 0.1915719 -0.9239766 -0.3310099 0.1915719 -0.9239766 -0.5938457 0.4046758 -0.6954026 -0.3167911 0.2158801 -0.9236013 -0.8074583 0.4673132 -0.3600411 -0.7712271 0.5255501 -0.359174 -0.6211559 0.35949 -0.696371 -0.6211559 0.35949 -0.696371 -0.7712271 0.5255501 -0.359174 -0.5938457 0.4046758 -0.6954026 -0.7712271 0.5255501 -0.359174 -0.8074583 0.4673132 -0.3600411 -0.3230002 0.2201081 -0.9204474 -0.3230002 0.2201081 -0.9204474 -0.8074583 0.4673132 -0.3600411 -0.3375011 0.19533 -0.9208362 0.330988 -0.191559 -0.9239871 0.3167692 -0.2158601 -0.9236134 -0.3375011 0.19533 -0.9208362 -0.3375011 0.19533 -0.9208362 0.3167692 -0.2158601 -0.9236134 -0.3230002 0.2201081 -0.9204474 0.3167692 -0.2158601 -0.9236134 0.330988 -0.191559 -0.9239871 0.7636799 -0.5204039 -0.382064 0.7636799 -0.5204039 -0.382064 0.330988 -0.191559 -0.9239871 0.799518 -0.462719 -0.382965 0.6111779 -0.353715 0.708059 0.5843363 -0.3981892 0.7071044 0.799518 -0.462719 -0.382965 0.799518 -0.462719 -0.382965 0.5843363 -0.3981892 0.7071044 0.7636799 -0.5204039 -0.382064 -0.5843301 0.3981901 0.707109 0.5843363 -0.3981892 0.7071044 -0.6111736 0.3537068 0.7080666 -0.6111736 0.3537068 0.7080666 0.5843363 -0.3981892 0.7071044 0.6111779 -0.353715 0.708059 -0.892434 0.238613 -0.382917 -0.8729457 0.3033099 -0.3820589 -0.6821949 0.182404 0.7080529 -0.6821949 0.182404 0.7080529 -0.8729457 0.3033099 -0.3820589 -0.667936 0.232077 0.707108 -0.8729457 0.3033099 -0.3820589 -0.892434 0.238613 -0.382917 -0.362072 0.125804 -0.9236219 -0.362072 0.125804 -0.9236219 -0.892434 0.238613 -0.382917 -0.3694721 0.09878404 -0.9239764 -0.6933327 0.1853769 -0.6963657 -0.6788123 0.2358531 -0.6954044 -0.3694721 0.09878404 -0.9239764 -0.3694721 0.09878404 -0.9239764 -0.6788123 0.2358531 -0.6954044 -0.362072 0.125804 -0.9236219 -0.9012741 0.240975 -0.36005 -0.8815572 0.3062971 -0.3592201 -0.6933327 0.1853769 -0.6963657 -0.6933327 0.1853769 -0.6963657 -0.8815572 0.3062971 -0.3592201 -0.6788123 0.2358531 -0.6954044 -0.3767319 0.100726 -0.9208298 -0.369189 0.128276 -0.9204591 -0.9012741 0.240975 -0.36005 -0.9012741 0.240975 -0.36005 -0.369189 0.128276 -0.9204591 -0.8815572 0.3062971 -0.3592201 0.369465 -0.09878598 -0.9239789 0.362067 -0.125802 -0.9236241 -0.3767319 0.100726 -0.9208298 -0.3767319 0.100726 -0.9208298 0.362067 -0.125802 -0.9236241 -0.369189 0.128276 -0.9204591 0.362067 -0.125802 -0.9236241 0.369465 -0.09878598 -0.9239789 0.8729413 -0.3033071 -0.3820711 0.8729413 -0.3033071 -0.3820711 0.369465 -0.09878598 -0.9239789 0.8924303 -0.2386121 -0.3829261 0.6821963 -0.1824011 0.7080523 0.6679376 -0.2320799 0.7071056 0.8924303 -0.2386121 -0.3829261 0.8924303 -0.2386121 -0.3829261 0.6679376 -0.2320799 0.7071056 0.8729413 -0.3033071 -0.3820711 -0.667936 0.232077 0.707108 0.6679376 -0.2320799 0.7071056 -0.6821949 0.182404 0.7080529 -0.6821949 0.182404 0.7080529 0.6679376 -0.2320799 0.7071056 0.6821963 -0.1824011 0.7080523 -0.9237887 -7.14001e-4 -0.3829023 -0.9217877 0.06587298 -0.3820579 -0.7061861 -5.44e-4 0.7080261 -0.7061861 -5.44e-4 0.7080261 -0.9217877 0.06587298 -0.3820579 -0.7053078 0.05040798 0.7071068 -0.9217877 0.06587298 -0.3820579 -0.9237887 -7.14001e-4 -0.3829023 -0.3823299 0.027321 -0.9236219 -0.3823299 0.027321 -0.9236219 -0.9237887 -7.14001e-4 -0.3829023 -0.3824629 -2.96e-4 -0.9239708 -0.717715 -5.54e-4 -0.6963369 -0.7167892 0.05122201 -0.6954062 -0.3824629 -2.96e-4 -0.9239708 -0.3824629 -2.96e-4 -0.9239708 -0.7167892 0.05122201 -0.6954062 -0.3823299 0.027321 -0.9236219 -0.9329454 -7.22e-4 -0.3600172 -0.9308799 0.06651599 -0.359219 -0.717715 -5.54e-4 -0.6963369 -0.717715 -5.54e-4 -0.6963369 -0.9308799 0.06651599 -0.359219 -0.7167892 0.05122201 -0.6954062 -0.9308799 0.06651599 -0.359219 -0.9329454 -7.22e-4 -0.3600172 -0.3898521 0.02785101 -0.9204563 -0.3898521 0.02785101 -0.9204563 -0.9329454 -7.22e-4 -0.3600172 -0.3900032 -3.04e-4 -0.9208134 0.3824401 2.95e-4 -0.9239804 0.3823071 -0.02732401 -0.9236314 -0.3900032 -3.04e-4 -0.9208134 -0.3900032 -3.04e-4 -0.9208134 0.3823071 -0.02732401 -0.9236314 -0.3898521 0.02785101 -0.9204563 0.3823071 -0.02732401 -0.9236314 0.3824401 2.95e-4 -0.9239804 0.9217769 -0.06587299 -0.382084 0.9217769 -0.06587299 -0.382084 0.3824401 2.95e-4 -0.9239804 0.92378 7.15e-4 -0.382923 0.706185 5.47e-4 0.7080271 0.7053081 -0.05039901 0.7071071 0.92378 7.15e-4 -0.382923 0.92378 7.15e-4 -0.382923 0.7053081 -0.05039901 0.7071071 0.9217769 -0.06587299 -0.382084 -0.7053078 0.05040798 0.7071068 0.7053081 -0.05039901 0.7071071 -0.7061861 -5.44e-4 0.7080261 -0.7061861 -5.44e-4 0.7080261 0.7053081 -0.05039901 0.7071071 0.706185 5.47e-4 0.7080271 -0.8920527 -0.2399949 -0.3829418 -0.9075641 -0.174195 -0.3820781 -0.6819159 -0.18346 0.7080489 -0.6819159 -0.18346 0.7080489 -0.9075641 -0.174195 -0.3820781 -0.6944352 -0.133291 0.7071022 -0.9075641 -0.174195 -0.3820781 -0.8920527 -0.2399949 -0.3829418 -0.3764162 -0.07224704 -0.9236294 -0.3764162 -0.07224704 -0.9236294 -0.8920527 -0.2399949 -0.3829418 -0.3692909 -0.09935396 -0.9239876 -0.693042 -0.186456 -0.696367 -0.7057354 -0.1354591 -0.6954054 -0.3692909 -0.09935396 -0.9239876 -0.3692909 -0.09935396 -0.9239876 -0.7057354 -0.1354591 -0.6954054 -0.3764162 -0.07224704 -0.9236294 -0.9009005 -0.2423781 -0.3600432 -0.9165226 -0.1759149 -0.3592218 -0.693042 -0.186456 -0.696367 -0.693042 -0.186456 -0.696367 -0.9165226 -0.1759149 -0.3592218 -0.7057354 -0.1354591 -0.6954054 -0.9165226 -0.1759149 -0.3592218 -0.9009005 -0.2423781 -0.3600432 -0.3838611 -0.07367401 -0.9204471 -0.3838611 -0.07367401 -0.9204471 -0.9009005 -0.2423781 -0.3600432 -0.3766019 -0.10132 -0.9208177 0.3693092 0.09936205 -0.9239794 0.3764277 0.07225095 -0.9236243 -0.3766019 -0.10132 -0.9208177 -0.3766019 -0.10132 -0.9208177 0.3764277 0.07225095 -0.9236243 -0.3838611 -0.07367401 -0.9204471 0.3764277 0.07225095 -0.9236243 0.3693092 0.09936205 -0.9239794 0.9075783 0.1741951 -0.3820441 0.9075783 0.1741951 -0.3820441 0.3693092 0.09936205 -0.9239794 0.8920668 0.2400029 -0.3829039 0.6819057 0.1834599 0.7080587 0.694427 0.133282 0.707112 0.8920668 0.2400029 -0.3829039 0.8920668 0.2400029 -0.3829039 0.694427 0.133282 0.707112 0.9075783 0.1741951 -0.3820441 -0.6944352 -0.133291 0.7071022 0.694427 0.133282 0.707112 -0.6819159 -0.18346 0.7080489 -0.6819159 -0.18346 0.7080489 0.694427 0.133282 0.707112 0.6819057 0.1834599 0.7080587 -0.800129 -0.461699 -0.38292 -0.8309717 -0.4043328 -0.3821009 -0.6116956 -0.3529678 0.7079846 -0.6116956 -0.3529678 0.7079846 -0.8309717 -0.4043328 -0.3821009 -0.6358343 -0.3093812 0.7071054 -0.8309717 -0.4043328 -0.3821009 -0.800129 -0.461699 -0.38292 -0.344634 -0.167691 -0.923638 -0.344634 -0.167691 -0.923638 -0.800129 -0.461699 -0.38292 -0.3312531 -0.1911421 -0.9239784 -0.6216809 -0.3587309 -0.6962938 -0.6461912 -0.3144221 -0.6953962 -0.3312531 -0.1911421 -0.9239784 -0.3312531 -0.1911421 -0.9239784 -0.6461912 -0.3144221 -0.6953962 -0.344634 -0.167691 -0.923638 -0.8080727 -0.4662878 -0.3599919 -0.8391858 -0.4083289 -0.3592139 -0.6216809 -0.3587309 -0.6962938 -0.6216809 -0.3587309 -0.6962938 -0.8391858 -0.4083289 -0.3592139 -0.6461912 -0.3144221 -0.6953962 -0.8391858 -0.4083289 -0.3592139 -0.8080727 -0.4662878 -0.3599919 -0.3514351 -0.1709991 -0.9204634 -0.3514351 -0.1709991 -0.9204634 -0.8080727 -0.4662878 -0.3599919 -0.3377991 -0.1949221 -0.9208134 0.3312551 0.1911441 -0.9239774 0.3446441 0.1676961 -0.9236333 -0.3377991 -0.1949221 -0.9208134 -0.3377991 -0.1949221 -0.9208134 0.3446441 0.1676961 -0.9236333 -0.3514351 -0.1709991 -0.9204634 0.3446441 0.1676961 -0.9236333 0.3312551 0.1911441 -0.9239774 0.8309717 0.4043319 -0.3821019 0.8309717 0.4043319 -0.3821019 0.3312551 0.1911441 -0.9239774 0.8001231 0.461695 -0.3829371 0.6116951 0.352968 0.707985 0.63583 0.309384 0.707108 0.8001231 0.461695 -0.3829371 0.8001231 0.461695 -0.3829371 0.63583 0.309384 0.707108 0.8309717 0.4043319 -0.3821019 -0.6358343 -0.3093812 0.7071054 0.63583 0.309384 0.707108 -0.6116956 -0.3529678 0.7079846 -0.6116956 -0.3529678 0.7079846 0.63583 0.309384 0.707108 0.6116951 0.352968 0.707985 -0.6535218 -0.6528948 -0.3829329 -0.7003635 -0.6029476 -0.3820277 -0.4995518 -0.4990717 0.7080786 -0.4995518 -0.4990717 0.7080786 -0.7003635 -0.6029476 -0.3820277 -0.535878 -0.46134 0.707107 -0.7003635 -0.6029476 -0.3820277 -0.6535218 -0.6528948 -0.3829329 -0.2905028 -0.2500959 -0.9236126 -0.2905028 -0.2500959 -0.9236126 -0.6535218 -0.6528948 -0.3829329 -0.2705421 -0.2702831 -0.9239882 -0.507696 -0.5072101 -0.6964071 -0.5445932 -0.4688392 -0.6954194 -0.2705421 -0.2702831 -0.9239882 -0.2705421 -0.2702831 -0.9239882 -0.5445932 -0.4688392 -0.6954194 -0.2905028 -0.2500959 -0.9236126 -0.6600022 -0.6593632 -0.3600521 -0.7072794 -0.6088953 -0.3591692 -0.507696 -0.5072101 -0.6964071 -0.507696 -0.5072101 -0.6964071 -0.7072794 -0.6088953 -0.3591692 -0.5445932 -0.4688392 -0.6954194 -0.7072794 -0.6088953 -0.3591692 -0.6600022 -0.6593632 -0.3600521 -0.296238 -0.255027 -0.9204371 -0.296238 -0.255027 -0.9204371 -0.6600022 -0.6593632 -0.3600521 -0.2758839 -0.2756139 -0.9208286 0.270522 0.270263 -0.9239999 0.290475 0.250072 -0.9236279 -0.2758839 -0.2756139 -0.9208286 -0.2758839 -0.2756139 -0.9208286 0.290475 0.250072 -0.9236279 -0.296238 -0.255027 -0.9204371 0.290475 0.250072 -0.9236279 0.270522 0.270263 -0.9239999 0.7003498 0.6029279 -0.3820839 0.7003498 0.6029279 -0.3820839 0.270522 0.270263 -0.9239999 0.6535091 0.6528841 -0.382973 0.4995531 0.4990771 0.708074 0.535886 0.4613381 0.7071021 0.6535091 0.6528841 -0.382973 0.6535091 0.6528841 -0.382973 0.535886 0.4613381 0.7071021 0.7003498 0.6029279 -0.3820839 -0.535878 -0.46134 0.707107 0.535886 0.4613381 0.7071021 -0.4995518 -0.4990717 0.7080786 -0.4995518 -0.4990717 0.7080786 0.535886 0.4613381 0.7071021 0.4995531 0.4990771 0.708074 -0.4614208 -0.8002857 -0.3829279 -0.5179402 -0.7653394 -0.3820912 -0.352738 -0.6117861 0.708021 -0.352738 -0.6117861 0.708021 -0.5179402 -0.7653394 -0.3820912 -0.396312 -0.585609 0.707106 -0.5179402 -0.7653394 -0.3820912 -0.4614208 -0.8002857 -0.3829279 -0.214807 -0.317419 -0.9236359 -0.214807 -0.317419 -0.9236359 -0.4614208 -0.8002857 -0.3829279 -0.191022 -0.331312 -0.9239821 -0.358492 -0.6217691 -0.6963381 -0.4027529 -0.5951409 -0.6954118 -0.191022 -0.331312 -0.9239821 -0.191022 -0.331312 -0.9239821 -0.4027529 -0.5951409 -0.6954118 -0.214807 -0.317419 -0.9236359 -0.4659982 -0.8082224 -0.3600312 -0.5230538 -0.7728927 -0.3592378 -0.358492 -0.6217691 -0.6963381 -0.358492 -0.6217691 -0.6963381 -0.5230538 -0.7728927 -0.3592378 -0.4027529 -0.5951409 -0.6954118 -0.5230538 -0.7728927 -0.3592378 -0.4659982 -0.8082224 -0.3600312 -0.219062 -0.323695 -0.9204529 -0.219062 -0.323695 -0.9204529 -0.4659982 -0.8082224 -0.3600312 -0.1948081 -0.3378761 -0.9208092 0.191023 0.331309 -0.923983 0.2148041 0.3174102 -0.9236395 -0.1948081 -0.3378761 -0.9208092 -0.1948081 -0.3378761 -0.9208092 0.2148041 0.3174102 -0.9236395 -0.219062 -0.323695 -0.9204529 0.2148041 0.3174102 -0.9236395 0.191023 0.331309 -0.923983 0.51794 0.7653441 -0.382082 0.51794 0.7653441 -0.382082 0.191023 0.331309 -0.923983 0.461423 0.8002929 -0.38291 0.3527369 0.6117858 0.7080218 0.396308 0.585613 0.707105 0.461423 0.8002929 -0.38291 0.461423 0.8002929 -0.38291 0.396308 0.585613 0.707105 0.51794 0.7653441 -0.382082 -0.396312 -0.585609 0.707106 0.396308 0.585613 0.707105 -0.352738 -0.6117861 0.708021 -0.352738 -0.6117861 0.708021 0.396308 0.585613 0.707105 0.3527369 0.6117858 0.7080218</float_array>
          <technique_common>
            <accessor source="#pPipeShape70-normals-array" count="2592" stride="3">
              <param name="X" type="float"/>
              <param name="Y" type="float"/>
              <param name="Z" type="float"/>
            </accessor>
          </technique_common>
        </source>
        <source id="pPipeShape70-pPipeShape70-map1" name="pPipeShape70-pPipeShape70-map1">
          <float_array id="pPipeShape70-pPipeShape70-map1-array" count="980">-1.342086 0.097205 -1.503374 0.097205 -1.503374 0.038991 -1.342086 0.038991 -1.17675 0.097205 -1.17675 0.038991 -1.009026 0.097205 -1.009026 0.038991 -0.840241 0.097205 -0.840241 0.038991 -0.671231 0.097205 -0.671231 0.038991 -0.502492 0.097205 -0.502492 0.038991 -0.334278 0.097205 -0.334278 0.038991 -0.166673 0.097205 -0.166673 0.038991 3.51e-4 0.097205 3.51e-4 0.038991 0.166892 0.097205 0.166892 0.038991 0.335221 0.097205 0.335312 0.038991 0.500269 0.097205 0.500269 0.038991 0.665687 0.097205 0.665687 0.038991 0.831692 0.097205 0.831692 0.038991 0.997965 0.097205 0.997965 0.038991 1.164979 0.097205 1.164979 0.038991 1.332636 0.097205 1.332636 0.038991 1.500925 0.097205 1.500925 0.038991 1.669771 0.097205 1.669771 0.038991 1.838927 0.097205 1.838927 0.038991 2.007897 0.097205 2.007897 0.038991 2.175843 0.097205 2.175843 0.038991 2.341426 0.097205 2.341426 0.038991 2.503366 0.097205 2.503366 0.038991 -1.342086 0.990329 -1.503374 0.990329 -1.503374 0.775084 -1.342086 0.775084 -1.17675 0.990329 -1.17675 0.775084 -1.009026 0.990329 -1.009026 0.775084 -0.840241 0.990329 -0.840241 0.775084 -0.671231 0.990329 -0.671231 0.775084 -0.502492 0.990329 -0.502492 0.775084 -0.334278 0.990329 -0.334278 0.775084 -0.166673 0.990329 -0.166673 0.775084 3.51e-4 0.990329 3.51e-4 0.775084 0.166892 0.990329 0.166892 0.775084 0.333093 0.990329 0.333329 0.775084 0.500269 0.990329 0.500269 0.775084 0.665687 0.990329 0.665687 0.775084 0.831692 0.990329 0.831692 0.775084 0.997965 0.990329 0.997965 0.775084 1.164979 0.990329 1.164979 0.775084 1.332636 0.990329 1.332636 0.775084 1.500925 0.990329 1.500925 0.775084 1.669771 0.990329 1.669771 0.775084 1.838927 0.990329 1.838927 0.775084 2.007897 0.990329 2.007897 0.775084 2.175843 0.990329 2.175843 0.775084 2.341426 0.990329 2.341426 0.775084 2.503366 0.990329 2.503366 0.775084 -1.503374 0.522805 -1.342086 0.522805 -1.17675 0.522805 -1.009026 0.522805 -0.840241 0.522805 -0.671231 0.522805 -0.502492 0.522805 -0.334278 0.522805 -0.166673 0.522805 3.51e-4 0.522805 0.166892 0.522805 0.333708 0.522805 0.500269 0.522805 0.665687 0.522805 0.831692 0.522805 0.997965 0.522805 1.164979 0.522805 1.332636 0.522805 1.500925 0.522805 1.669771 0.522805 1.838927 0.522805 2.007897 0.522805 2.175843 0.522805 2.341426 0.522805 2.503366 0.522805 -1.342086 0.480727 -1.503374 0.480727 -1.503374 0.421446 -1.342086 0.421446 -1.17675 0.480727 -1.17675 0.421446 -1.009026 0.480727 -1.009026 0.421446 -0.840241 0.480727 -0.840241 0.421446 -0.671231 0.480727 -0.671231 0.421446 -0.502492 0.480727 -0.502492 0.421446 -0.334278 0.480727 -0.334278 0.421446 -0.166673 0.480727 -0.166673 0.421446 3.51e-4 0.480727 3.51e-4 0.421446 0.166892 0.480727 0.166892 0.421446 0.333944 0.480727 0.334209 0.421446 0.500269 0.480727 0.500269 0.421446 0.665687 0.480727 0.665687 0.421446 0.831692 0.480727 0.831692 0.421446 0.997965 0.480727 0.997965 0.421446 1.164979 0.480727 1.164979 0.421446 1.332636 0.480727 1.332636 0.421446 1.500925 0.480727 1.500925 0.421446 1.669771 0.480727 1.669771 0.421446 1.838927 0.480727 1.838927 0.421446 2.007897 0.480727 2.007897 0.421446 2.175843 0.480727 2.175843 0.421446 2.341426 0.480727 2.341426 0.421446 2.503366 0.480727 2.503366 0.421446 1.500925 0.379888 1.332636 0.379888 1.332636 0.214775 1.500925 0.214775 1.669771 0.379888 1.669771 0.214775 1.838927 0.379888 1.838927 0.214775 2.007897 0.379888 2.007897 0.214775 2.175843 0.379888 2.175843 0.214775 2.341426 0.379888 2.341426 0.214775 2.503366 0.379888 2.503366 0.214775 -1.342086 0.379888 -1.503374 0.379888 -1.503374 0.214775 -1.342086 0.214775 -1.17675 0.379888 -1.17675 0.214775 -1.009026 0.379888 -1.009026 0.214775 -0.840241 0.379888 -0.840241 0.214775 -0.671231 0.379888 -0.671231 0.214775 -0.502492 0.379888 -0.502492 0.214775 -0.334278 0.379888 -0.334278 0.214775 -0.166673 0.379888 -0.166673 0.214775 3.51e-4 0.379888 3.51e-4 0.214775 0.166892 0.379888 0.166892 0.214775 0.334466 0.379888 0.334827 0.214775 0.500269 0.379888 0.500269 0.214775 0.665687 0.379888 0.665687 0.214775 0.831692 0.379888 0.831692 0.214775 0.997965 0.379888 0.997965 0.214775 1.164979 0.379888 1.164979 0.214775 1.332636 0.139355 1.500925 0.139355 1.669771 0.139355 1.838927 0.139355 2.007897 0.139355 2.175843 0.139355 2.341426 0.139355 2.503366 0.139355 -1.503374 0.139355 -1.342086 0.139355 -1.17675 0.139355 -1.009026 0.139355 -0.840241 0.139355 -0.671231 0.139355 -0.502492 0.139355 -0.334278 0.139355 -0.166673 0.139355 3.51e-4 0.139355 0.166892 0.139355 0.335069 0.139355 0.500269 0.139355 0.665687 0.139355 0.831692 0.139355 0.997965 0.139355 1.164979 0.139355 2.258634 0.038991 2.258634 0.990329 2.258634 0.775084 2.258634 0.522805 2.258634 0.480727 2.258634 0.421446 2.258634 0.379888 2.258634 0.214775 2.258634 0.139355 2.258634 0.097205 2.422529 0.097205 2.422529 0.038991 2.422529 0.990329 2.422529 0.775084 2.422529 0.522805 2.422529 0.480727 2.422529 0.421446 2.422529 0.379888 2.422529 0.214775 2.422529 0.139355 -1.421643 0.139355 -1.421643 0.214775 -1.421643 0.379888 -1.421643 0.421446 -1.421643 0.480727 -1.421643 0.522805 -1.421643 0.775084 -1.421643 0.038991 -1.421643 0.990329 -1.421643 0.097205 -1.256984 0.139355 -1.256984 0.214775 -1.256984 0.379888 -1.256984 0.421446 -1.256984 0.480727 -1.256984 0.522805 -1.256984 0.775084 -1.256984 0.038991 -1.256984 0.990329 -1.256984 0.097205 -1.090399 0.139355 -1.090399 0.214775 -1.090399 0.379888 -1.090399 0.421446 -1.090399 0.480727 -1.090399 0.522805 -1.090399 0.775084 -1.090399 0.038991 -1.090399 0.990329 -1.090399 0.097205 -0.923307 0.139355 -0.923307 0.214775 -0.923307 0.379888 -0.923307 0.421446 -0.923307 0.480727 -0.923307 0.522805 -0.923307 0.775084 -0.923307 0.038991 -0.923307 0.990329 -0.923307 0.097205 -0.750887 0.139355 -0.750887 0.214775 -0.750887 0.379888 -0.750887 0.421446 -0.750887 0.480727 -0.750887 0.522805 -0.750887 0.775084 -0.750887 0.038991 -0.750887 0.990329 -0.750887 0.097205 -0.582956 0.139355 -0.582956 0.214775 -0.582956 0.379888 -0.582956 0.421446 -0.582956 0.480727 -0.582956 0.522805 -0.582956 0.775084 -0.582956 0.038991 -0.582956 0.990329 -0.582956 0.097205 -0.418934 0.775084 -0.418934 0.038991 -0.418934 0.990329 -0.418934 0.097205 -0.418934 0.139355 -0.418934 0.214775 -0.418934 0.379888 -0.418934 0.421446 -0.418934 0.480727 -0.418934 0.522805 -0.250479 0.038991 -0.250479 0.990329 -0.250479 0.097205 -0.250479 0.139355 -0.250479 0.214775 -0.250479 0.379888 -0.250479 0.421446 -0.250479 0.480727 -0.250479 0.522805 -0.250479 0.775084 -0.085166 0.038991 -0.085166 0.990329 -0.085166 0.097205 -0.085166 0.139355 -0.085166 0.214775 -0.085166 0.379888 -0.085166 0.421446 -0.085166 0.480727 -0.085166 0.522805 -0.085166 0.775084 0.084239 0.038991 0.084239 0.990329 0.084239 0.097205 0.084239 0.139355 0.084239 0.214775 0.084239 0.379888 0.084239 0.421446 0.084239 0.480727 0.084239 0.522805 0.084239 0.775084 0.249691 0.038991 0.2486 0.990329 0.249646 0.097205 0.249571 0.139355 0.249452 0.214775 0.249275 0.379888 0.249148 0.421446 0.249018 0.480727 0.248902 0.522805 0.248716 0.775084 0.418606 0.038991 0.417507 0.990329 0.41856 0.097205 0.418485 0.139355 0.418365 0.214775 0.418187 0.379888 0.418059 0.421446 0.417929 0.480727 0.417811 0.522805 0.417624 0.775084 0.579238 0.038991 0.579238 0.990329 0.579238 0.097205 0.579238 0.139355 0.579238 0.214775 0.579238 0.379888 0.579238 0.421446 0.579238 0.480727 0.579238 0.522805 0.579238 0.775084 0.749094 0.038991 0.749094 0.990329 0.749094 0.097205 0.749094 0.139355 0.749094 0.214775 0.749094 0.379888 0.749094 0.421446 0.749094 0.480727 0.749094 0.522805 0.749094 0.775084 0.91614 0.038991 0.91614 0.990329 0.91614 0.097205 0.91614 0.139355 0.91614 0.214775 0.91614 0.379888 0.91614 0.421446 0.91614 0.480727 0.91614 0.522805 0.91614 0.775084 1.078493 0.038991 1.078493 0.990329 1.078493 0.097205 1.078493 0.139355 1.078493 0.214775 1.078493 0.379888 1.078493 0.421446 1.078493 0.480727 1.078493 0.522805 1.078493 0.775084 1.248717 0.038991 1.248717 0.990329 1.248717 0.097205 1.248717 0.139355 1.248717 0.214775 1.248717 0.379888 1.248717 0.421446 1.248717 0.480727 1.248717 0.522805 1.248717 0.775084 1.418458 0.038991 1.418458 0.990329 1.418458 0.097205 1.418458 0.139355 1.418458 0.214775 1.418458 0.379888 1.418458 0.421446 1.418458 0.480727 1.418458 0.522805 1.418458 0.775084 1.585857 0.038991 1.585857 0.990329 1.585857 0.097205 1.585857 0.139355 1.585857 0.214775 1.585857 0.379888 1.585857 0.421446 1.585857 0.480727 1.585857 0.522805 1.585857 0.775084 1.756835 0.038991 1.756835 0.990329 1.756835 0.097205 1.756835 0.139355 1.756835 0.214775 1.756835 0.379888 1.756835 0.421446 1.756835 0.480727 1.756835 0.522805 1.756835 0.775084 1.920294 0.038991 1.920294 0.990329 1.920294 0.097205 1.920294 0.139355 1.920294 0.214775 1.920294 0.379888 1.920294 0.421446 1.920294 0.480727 1.920294 0.522805 1.920294 0.775084 2.093516 0.038991 2.093516 0.990329 2.093516 0.097205 2.093516 0.139355 2.093516 0.214775 2.093516 0.379888 2.093516 0.421446 2.093516 0.480727 2.093516 0.522805 2.093516 0.775084</float_array>
          <technique_common>
            <accessor source="#pPipeShape70-pPipeShape70-map1-array" count="490" stride="2">
              <param name="S" type="float"/>
              <param name="T" type="float"/>
            </accessor>
          </technique_common>
        </source>
        <vertices id="pPipeShape70-vertices" name="pPipeShape70-vertices">
          <input semantic="POSITION" source="#pPipeShape70-positions"/>
        </vertices>
        <triangles material="lambert6SG" count="864">
          <input semantic="VERTEX" source="#pPipeShape70-vertices" offset="0"/>
          <input semantic="NORMAL" source="#pPipeShape70-normals" offset="1"/>
          <input semantic="TEXCOORD" source="#pPipeShape70-pPipeShape70-map1" offset="2" set="0"/>
          <p>242 0 279 73 1 1 241 2 277 241 3 277 73 4 1 0 5 2 251 6 289 75 7 0 250 8 287 250 9 287 75 10 0 1 11 3 260 12 299 77 13 4 259 14 297 259 15 297 77 16 4 2 17 5 269 18 309 79 19 6 268 20 307 268 21 307 79 22 6 3 23 7 278 24 319 81 25 8 277 26 317 277 27 317 81 28 8 4 29 9 287 30 329 83 31 10 286 32 327 286 33 327 83 34 10 5 35 11 290 36 333 85 37 12 289 38 331 289 39 331 85 40 12 6 41 13 298 42 342 87 43 14 297 44 340 297 45 340 87 46 14 7 47 15 307 48 352 89 49 16 306 50 350 306 51 350 89 52 16 8 53 17 316 54 362 91 55 18 315 56 360 315 57 360 91 58 18 9 59 19 325 60 372 93 61 20 324 62 370 324 63 370 93 64 20 10 65 21 334 66 382 95 67 22 333 68 380 333 69 380 95 70 22 11 71 23 343 72 392 97 73 24 342 74 390 342 75 390 97 76 24 12 77 25 352 78 402 99 79 26 351 80 400 351 81 400 99 82 26 13 83 27 361 84 412 101 85 28 360 86 410 360 87 410 101 88 28 14 89 29 370 90 422 103 91 30 369 92 420 369 93 420 103 94 30 15 95 31 379 96 432 105 97 32 378 98 430 378 99 430 105 100 32 16 101 33 388 102 442 107 103 34 387 104 440 387 105 440 107 106 34 17 107 35 397 108 452 109 109 36 396 110 450 396 111 450 109 112 36 18 113 37 406 114 462 111 115 38 405 116 460 405 117 460 111 118 38 19 119 39 415 120 472 113 121 40 414 122 470 414 123 470 113 124 40 20 125 41 424 126 482 115 127 42 423 128 480 423 129 480 115 130 42 21 131 43 119 132 46 224 133 259 23 134 47 23 135 47 224 136 259 216 137 250 73 138 48 225 139 260 0 140 49 0 141 49 225 142 260 226 143 261 241 144 278 0 145 51 240 146 276 240 147 276 0 148 51 24 149 52 250 150 288 1 151 50 249 152 286 249 153 286 1 154 50 25 155 53 259 156 298 2 157 54 258 158 296 258 159 296 2 160 54 26 161 55 268 162 308 3 163 56 267 164 306 267 165 306 3 166 56 27 167 57 277 168 318 4 169 58 276 170 316 276 171 316 4 172 58 28 173 59 286 174 328 5 175 60 285 176 326 285 177 326 5 178 60 29 179 61 289 180 332 6 181 62 288 182 330 288 183 330 6 184 62 30 185 63 297 186 341 7 187 64 305 188 349 305 189 349 7 190 64 31 191 65 306 192 351 8 193 66 314 194 359 314 195 359 8 196 66 32 197 67 315 198 361 9 199 68 323 200 369 323 201 369 9 202 68 33 203 69 324 204 371 10 205 70 332 206 379 332 207 379 10 208 70 34 209 71 333 210 381 11 211 72 341 212 389 341 213 389 11 214 72 35 215 73 342 216 391 12 217 74 350 218 399 350 219 399 12 220 74 36 221 75 351 222 401 13 223 76 359 224 409 359 225 409 13 226 76 37 227 77 360 228 411 14 229 78 368 230 419 368 231 419 14 232 78 38 233 79 369 234 421 15 235 80 377 236 429 377 237 429 15 238 80 39 239 81 378 240 431 16 241 82 386 242 439 386 243 439 16 244 82 40 245 83 387 246 441 17 247 84 395 248 449 395 249 449 17 250 84 41 251 85 396 252 451 18 253 86 404 254 459 404 255 459 18 256 86 42 257 87 405 258 461 19 259 88 413 260 469 413 261 469 19 262 88 43 263 89 414 264 471 20 265 90 422 266 479 422 267 479 20 268 90 44 269 91 423 270 481 21 271 92 431 272 489 431 273 489 21 274 92 45 275 93 216 276 251 217 277 252 23 278 96 23 279 96 217 280 252 47 281 97 226 282 262 227 283 263 0 284 98 0 285 98 227 286 263 24 287 99 240 288 276 24 289 52 239 290 275 239 291 275 24 292 52 121 293 100 249 294 286 25 295 53 248 296 285 248 297 285 25 298 53 123 299 101 258 300 296 26 301 55 257 302 295 257 303 295 26 304 55 125 305 102 267 306 306 27 307 57 266 308 305 266 309 305 27 310 57 127 311 103 276 312 316 28 313 59 275 314 315 275 315 315 28 316 59 129 317 104 285 318 326 29 319 61 284 320 325 284 321 325 29 322 61 131 323 105 296 324 339 288 325 330 133 326 106 133 327 106 288 328 330 30 329 63 305 330 349 31 331 65 304 332 348 304 333 348 31 334 65 135 335 107 314 336 359 32 337 67 313 338 358 313 339 358 32 340 67 137 341 108 323 342 369 33 343 69 322 344 368 322 345 368 33 346 69 139 347 109 332 348 379 34 349 71 331 350 378 331 351 378 34 352 71 141 353 110 341 354 389 35 355 73 340 356 388 340 357 388 35 358 73 143 359 111 350 360 399 36 361 75 349 362 398 349 363 398 36 364 75 145 365 112 359 366 409 37 367 77 358 368 408 358 369 408 37 370 77 147 371 113 368 372 419 38 373 79 367 374 418 367 375 418 38 376 79 149 377 114 377 378 429 39 379 81 376 380 428 376 381 428 39 382 81 151 383 115 386 384 439 40 385 83 385 386 438 385 387 438 40 388 83 153 389 116 395 390 449 41 391 85 394 392 448 394 393 448 41 394 85 155 395 117 404 396 459 42 397 87 403 398 458 403 399 458 42 400 87 157 401 118 413 402 469 43 403 89 412 404 468 412 405 468 43 406 89 159 407 119 422 408 479 44 409 91 421 410 478 421 411 478 44 412 91 161 413 120 431 414 489 45 415 93 430 416 488 430 417 488 45 418 93 163 419 121 47 420 97 217 421 252 167 422 123 167 423 123 217 424 252 218 425 253 24 426 99 227 427 263 121 428 124 121 429 124 227 430 263 228 431 264 120 432 126 182 433 127 238 434 274 238 435 274 182 436 127 237 437 273 122 438 125 184 439 128 247 440 284 247 441 284 184 442 128 246 443 283 124 444 129 186 445 130 256 446 294 256 447 294 186 448 130 255 449 293 126 450 131 188 451 132 265 452 304 265 453 304 188 454 132 264 455 303 128 456 133 190 457 134 274 458 314 274 459 314 190 460 134 273 461 313 130 462 135 192 463 136 283 464 324 283 465 324 192 466 136 282 467 323 132 468 137 194 469 138 295 470 338 295 471 338 194 472 138 294 473 337 134 474 139 196 475 140 303 476 347 303 477 347 196 478 140 302 479 346 136 480 141 198 481 142 312 482 357 312 483 357 198 484 142 311 485 356 138 486 143 200 487 144 321 488 367 321 489 367 200 490 144 320 491 366 140 492 145 202 493 146 330 494 377 330 495 377 202 496 146 329 497 376 142 498 147 204 499 148 339 500 387 339 501 387 204 502 148 338 503 386 144 504 149 206 505 150 348 506 397 348 507 397 206 508 150 347 509 396 146 510 151 208 511 152 357 512 407 357 513 407 208 514 152 356 515 406 148 516 153 210 517 154 366 518 417 366 519 417 210 520 154 365 521 416 150 522 155 212 523 156 375 524 427 375 525 427 212 526 156 374 527 426 152 528 157 214 529 158 384 530 437 384 531 437 214 532 158 383 533 436 154 534 159 169 535 160 393 536 447 393 537 447 169 538 160 392 539 446 156 540 161 170 541 162 402 542 457 402 543 457 170 544 162 401 545 456 158 546 163 172 547 164 411 548 467 411 549 467 172 550 164 410 551 466 160 552 165 174 553 166 420 554 477 420 555 477 174 556 166 419 557 476 162 558 167 176 559 168 429 560 487 429 561 487 176 562 168 428 563 486 166 564 171 219 565 254 180 566 172 180 567 172 219 568 254 220 569 255 120 570 173 229 571 265 182 572 174 182 573 174 229 574 265 230 575 266 391 576 445 168 577 176 390 578 444 390 579 444 168 580 176 48 581 177 400 582 455 171 583 175 399 584 454 399 585 454 171 586 175 49 587 178 409 588 465 173 589 179 408 590 464 408 591 464 173 592 179 50 593 180 418 594 475 175 595 181 417 596 474 417 597 474 175 598 181 51 599 182 427 600 485 177 601 183 426 602 484 426 603 484 177 604 183 52 605 184 181 606 187 221 607 256 54 608 188 54 609 188 221 610 256 222 611 257 183 612 189 231 613 267 55 614 190 55 615 190 231 616 267 232 617 268 236 618 272 183 619 192 235 620 271 235 621 271 183 622 192 55 623 193 245 624 282 185 625 191 244 626 281 244 627 281 185 628 191 56 629 194 254 630 292 187 631 195 253 632 291 253 633 291 187 634 195 57 635 196 263 636 302 189 637 197 262 638 301 262 639 301 189 640 197 58 641 198 272 642 312 191 643 199 271 644 311 271 645 311 191 646 199 59 647 200 281 648 322 193 649 201 280 650 321 280 651 321 193 652 201 60 653 202 293 654 336 195 655 203 292 656 335 292 657 335 195 658 203 61 659 204 301 660 345 197 661 205 300 662 344 300 663 344 197 664 205 62 665 206 310 666 355 199 667 207 309 668 354 309 669 354 199 670 207 63 671 208 319 672 365 201 673 209 318 674 364 318 675 364 201 676 209 64 677 210 328 678 375 203 679 211 327 680 374 327 681 374 203 682 211 65 683 212 337 684 385 205 685 213 336 686 384 336 687 384 205 688 213 66 689 214 346 690 395 207 691 215 345 692 394 345 693 394 207 694 215 67 695 216 355 696 405 209 697 217 354 698 404 354 699 404 209 700 217 68 701 218 364 702 415 211 703 219 363 704 414 363 705 414 211 706 219 69 707 220 373 708 425 213 709 221 372 710 424 372 711 424 213 712 221 70 713 222 382 714 435 215 715 223 381 716 434 381 717 434 215 718 223 71 719 224 48 720 177 106 721 225 390 722 444 390 723 444 106 724 225 389 725 443 49 726 178 108 727 226 399 728 454 399 729 454 108 730 226 398 731 453 50 732 180 110 733 227 408 734 464 408 735 464 110 736 227 407 737 463 51 738 182 112 739 228 417 740 474 417 741 474 112 742 228 416 743 473 52 744 184 114 745 229 426 746 484 426 747 484 114 748 229 425 749 483 54 750 188 222 751 257 118 752 231 118 753 231 222 754 257 223 755 258 55 756 190 232 757 268 72 758 232 72 759 232 232 760 268 233 761 269 55 762 193 72 763 233 235 764 271 235 765 271 72 766 233 234 767 270 56 768 194 74 769 234 244 770 281 244 771 281 74 772 234 243 773 280 57 774 196 76 775 235 253 776 291 253 777 291 76 778 235 252 779 290 58 780 198 78 781 236 262 782 301 262 783 301 78 784 236 261 785 300 59 786 200 80 787 237 271 788 311 271 789 311 80 790 237 270 791 310 60 792 202 82 793 238 280 794 321 280 795 321 82 796 238 279 797 320 61 798 204 84 799 239 292 800 335 292 801 335 84 802 239 291 803 334 62 804 206 86 805 240 300 806 344 300 807 344 86 808 240 299 809 343 63 810 208 88 811 241 309 812 354 309 813 354 88 814 241 308 815 353 64 816 210 90 817 242 318 818 364 318 819 364 90 820 242 317 821 363 65 822 212 92 823 243 327 824 374 327 825 374 92 826 243 326 827 373 66 828 214 94 829 244 336 830 384 336 831 384 94 832 244 335 833 383 67 834 216 96 835 245 345 836 394 345 837 394 96 838 245 344 839 393 68 840 218 98 841 246 354 842 404 354 843 404 98 844 246 353 845 403 69 846 220 100 847 247 363 848 414 363 849 414 100 850 247 362 851 413 70 852 222 102 853 248 372 854 424 372 855 424 102 856 248 371 857 423 71 858 224 104 859 249 381 860 434 381 861 434 104 862 249 380 863 433 72 864 232 233 865 269 73 866 48 73 867 48 233 868 269 225 869 260 72 870 233 73 871 1 234 872 270 234 873 270 73 874 1 242 875 279 74 876 234 75 877 0 243 878 280 243 879 280 75 880 0 251 881 289 76 882 235 77 883 4 252 884 290 252 885 290 77 886 4 260 887 299 78 888 236 79 889 6 261 890 300 261 891 300 79 892 6 269 893 309 80 894 237 81 895 8 270 896 310 270 897 310 81 898 8 278 899 319 82 900 238 83 901 10 279 902 320 279 903 320 83 904 10 287 905 329 84 906 239 85 907 12 291 908 334 291 909 334 85 910 12 290 911 333 86 912 240 87 913 14 299 914 343 299 915 343 87 916 14 298 917 342 88 918 241 89 919 16 308 920 353 308 921 353 89 922 16 307 923 352 90 924 242 91 925 18 317 926 363 317 927 363 91 928 18 316 929 362 92 930 243 93 931 20 326 932 373 326 933 373 93 934 20 325 935 372 94 936 244 95 937 22 335 938 383 335 939 383 95 940 22 334 941 382 96 942 245 97 943 24 344 944 393 344 945 393 97 946 24 343 947 392 98 948 246 99 949 26 353 950 403 353 951 403 99 952 26 352 953 402 100 954 247 101 955 28 362 956 413 362 957 413 101 958 28 361 959 412 102 960 248 103 961 30 371 962 423 371 963 423 103 964 30 370 965 422 104 966 249 105 967 32 380 968 433 380 969 433 105 970 32 379 971 432 106 972 225 107 973 34 389 974 443 389 975 443 107 976 34 388 977 442 108 978 226 109 979 36 398 980 453 398 981 453 109 982 36 397 983 452 110 984 227 111 985 38 407 986 463 407 987 463 111 988 38 406 989 462 112 990 228 113 991 40 416 992 473 416 993 473 113 994 40 415 995 472 114 996 229 115 997 42 425 998 483 425 999 483 115 1000 42 424 1001 482 224 1002 259 119 1003 46 223 1004 258 223 1005 258 119 1006 46 118 1007 231 121 1008 100 120 1009 126 239 1010 275 239 1011 275 120 1012 126 238 1013 274 121 1014 124 228 1015 264 120 1016 173 120 1017 173 228 1018 264 229 1019 265 123 1020 101 122 1021 125 248 1022 285 248 1023 285 122 1024 125 247 1025 284 125 1026 102 124 1027 129 257 1028 295 257 1029 295 124 1030 129 256 1031 294 127 1032 103 126 1033 131 266 1034 305 266 1035 305 126 1036 131 265 1037 304 129 1038 104 128 1039 133 275 1040 315 275 1041 315 128 1042 133 274 1043 314 131 1044 105 130 1045 135 284 1046 325 284 1047 325 130 1048 135 283 1049 324 133 1050 106 132 1051 137 296 1052 339 296 1053 339 132 1054 137 295 1055 338 135 1056 107 134 1057 139 304 1058 348 304 1059 348 134 1060 139 303 1061 347 137 1062 108 136 1063 141 313 1064 358 313 1065 358 136 1066 141 312 1067 357 139 1068 109 138 1069 143 322 1070 368 322 1071 368 138 1072 143 321 1073 367 141 1074 110 140 1075 145 331 1076 378 331 1077 378 140 1078 145 330 1079 377 143 1080 111 142 1081 147 340 1082 388 340 1083 388 142 1084 147 339 1085 387 145 1086 112 144 1087 149 349 1088 398 349 1089 398 144 1090 149 348 1091 397 147 1092 113 146 1093 151 358 1094 408 358 1095 408 146 1096 151 357 1097 407 149 1098 114 148 1099 153 367 1100 418 367 1101 418 148 1102 153 366 1103 417 151 1104 115 150 1105 155 376 1106 428 376 1107 428 150 1108 155 375 1109 427 153 1110 116 152 1111 157 385 1112 438 385 1113 438 152 1114 157 384 1115 437 155 1116 117 154 1117 159 394 1118 448 394 1119 448 154 1120 159 393 1121 447 157 1122 118 156 1123 161 403 1124 458 403 1125 458 156 1126 161 402 1127 457 159 1128 119 158 1129 163 412 1130 468 412 1131 468 158 1132 163 411 1133 467 161 1134 120 160 1135 165 421 1136 478 421 1137 478 160 1138 165 420 1139 477 163 1140 121 162 1141 167 430 1142 488 430 1143 488 162 1144 167 429 1145 487 219 1146 254 166 1147 171 218 1148 253 218 1149 253 166 1150 171 167 1151 123 382 1152 435 383 1153 436 215 1154 223 215 1155 223 383 1156 436 214 1157 158 169 1158 160 168 1159 176 392 1160 446 392 1161 446 168 1162 176 391 1163 445 170 1164 162 171 1165 175 401 1166 456 401 1167 456 171 1168 175 400 1169 455 172 1170 164 173 1171 179 410 1172 466 410 1173 466 173 1174 179 409 1175 465 174 1176 166 175 1177 181 419 1178 476 419 1179 476 175 1180 181 418 1181 475 176 1182 168 177 1183 183 428 1184 486 428 1185 486 177 1186 183 427 1187 485 221 1188 256 181 1189 187 220 1190 255 220 1191 255 181 1192 187 180 1193 172 231 1194 267 183 1195 189 230 1196 266 230 1197 266 183 1198 189 182 1199 174 182 1200 127 183 1201 192 237 1202 273 237 1203 273 183 1204 192 236 1205 272 184 1206 128 185 1207 191 246 1208 283 246 1209 283 185 1210 191 245 1211 282 186 1212 130 187 1213 195 255 1214 293 255 1215 293 187 1216 195 254 1217 292 188 1218 132 189 1219 197 264 1220 303 264 1221 303 189 1222 197 263 1223 302 190 1224 134 191 1225 199 273 1226 313 273 1227 313 191 1228 199 272 1229 312 192 1230 136 193 1231 201 282 1232 323 282 1233 323 193 1234 201 281 1235 322 194 1236 138 195 1237 203 294 1238 337 294 1239 337 195 1240 203 293 1241 336 196 1242 140 197 1243 205 302 1244 346 302 1245 346 197 1246 205 301 1247 345 198 1248 142 199 1249 207 311 1250 356 311 1251 356 199 1252 207 310 1253 355 200 1254 144 201 1255 209 320 1256 366 320 1257 366 201 1258 209 319 1259 365 202 1260 146 203 1261 211 329 1262 376 329 1263 376 203 1264 211 328 1265 375 204 1266 148 205 1267 213 338 1268 386 338 1269 386 205 1270 213 337 1271 385 206 1272 150 207 1273 215 347 1274 396 347 1275 396 207 1276 215 346 1277 395 208 1278 152 209 1279 217 356 1280 406 356 1281 406 209 1282 217 355 1283 405 210 1284 154 211 1285 219 365 1286 416 365 1287 416 211 1288 219 364 1289 415 212 1290 156 213 1291 221 374 1292 426 374 1293 426 213 1294 221 373 1295 425 216 1296 251 22 1297 94 217 1298 252 217 1299 252 22 1300 94 46 1301 95 218 1302 253 217 1303 252 165 1304 122 165 1305 122 217 1306 252 46 1307 95 165 1308 122 164 1309 169 218 1310 253 218 1311 253 164 1312 169 219 1313 254 220 1314 255 219 1315 254 178 1316 170 178 1317 170 219 1318 254 164 1319 169 178 1320 170 179 1321 185 220 1322 255 220 1323 255 179 1324 185 221 1325 256 222 1326 257 221 1327 256 53 1328 186 53 1329 186 221 1330 256 179 1331 185 223 1332 258 222 1333 257 116 1334 230 116 1335 230 222 1336 257 53 1337 186 116 1338 230 117 1339 44 223 1340 258 223 1341 258 117 1342 44 224 1343 259 216 1344 250 224 1345 259 22 1346 45 22 1347 45 224 1348 259 117 1349 44 225 1350 260 119 1351 46 226 1352 261 226 1353 261 119 1354 46 23 1355 47 226 1356 262 23 1357 96 227 1358 263 227 1359 263 23 1360 96 47 1361 97 228 1362 264 227 1363 263 167 1364 123 167 1365 123 227 1366 263 47 1367 97 229 1368 265 228 1369 264 166 1370 171 166 1371 171 228 1372 264 167 1373 123 230 1374 266 229 1375 265 180 1376 172 180 1377 172 229 1378 265 166 1379 171 180 1380 172 181 1381 187 230 1382 266 230 1383 266 181 1384 187 231 1385 267 232 1386 268 231 1387 267 54 1388 188 54 1389 188 231 1390 267 181 1391 187 233 1392 269 232 1393 268 118 1394 231 118 1395 231 232 1396 268 54 1397 188 225 1398 260 233 1399 269 119 1400 46 119 1401 46 233 1402 269 118 1403 231 56 1404 194 235 1405 271 74 1406 234 74 1407 234 235 1408 271 234 1409 270 185 1410 191 236 1411 272 56 1412 194 56 1413 194 236 1414 272 235 1415 271 236 1416 272 185 1417 191 237 1418 273 237 1419 273 185 1420 191 184 1421 128 122 1422 125 238 1423 274 184 1424 128 184 1425 128 238 1426 274 237 1427 273 238 1428 274 122 1429 125 239 1430 275 239 1431 275 122 1432 125 123 1433 101 25 1434 53 240 1435 276 123 1436 101 123 1437 101 240 1438 276 239 1439 275 241 1440 278 240 1441 276 1 1442 50 1 1443 50 240 1444 276 25 1445 53 75 1446 0 242 1447 279 1 1448 3 1 1449 3 242 1450 279 241 1451 277 242 1452 279 75 1453 0 234 1454 270 234 1455 270 75 1456 0 74 1457 234 57 1458 196 244 1459 281 76 1460 235 76 1461 235 244 1462 281 243 1463 280 187 1464 195 245 1465 282 57 1466 196 57 1467 196 245 1468 282 244 1469 281 245 1470 282 187 1471 195 246 1472 283 246 1473 283 187 1474 195 186 1475 130 124 1476 129 247 1477 284 186 1478 130 186 1479 130 247 1480 284 246 1481 283 247 1482 284 124 1483 129 248 1484 285 248 1485 285 124 1486 129 125 1487 102 26 1488 55 249 1489 286 125 1490 102 125 1491 102 249 1492 286 248 1493 285 250 1494 288 249 1495 286 2 1496 54 2 1497 54 249 1498 286 26 1499 55 77 1500 4 251 1501 289 2 1502 5 2 1503 5 251 1504 289 250 1505 287 251 1506 289 77 1507 4 243 1508 280 243 1509 280 77 1510 4 76 1511 235 58 1512 198 253 1513 291 78 1514 236 78 1515 236 253 1516 291 252 1517 290 189 1518 197 254 1519 292 58 1520 198 58 1521 198 254 1522 292 253 1523 291 254 1524 292 189 1525 197 255 1526 293 255 1527 293 189 1528 197 188 1529 132 126 1530 131 256 1531 294 188 1532 132 188 1533 132 256 1534 294 255 1535 293 256 1536 294 126 1537 131 257 1538 295 257 1539 295 126 1540 131 127 1541 103 27 1542 57 258 1543 296 127 1544 103 127 1545 103 258 1546 296 257 1547 295 259 1548 298 258 1549 296 3 1550 56 3 1551 56 258 1552 296 27 1553 57 79 1554 6 260 1555 299 3 1556 7 3 1557 7 260 1558 299 259 1559 297 260 1560 299 79 1561 6 252 1562 290 252 1563 290 79 1564 6 78 1565 236 59 1566 200 262 1567 301 80 1568 237 80 1569 237 262 1570 301 261 1571 300 191 1572 199 263 1573 302 59 1574 200 59 1575 200 263 1576 302 262 1577 301 263 1578 302 191 1579 199 264 1580 303 264 1581 303 191 1582 199 190 1583 134 128 1584 133 265 1585 304 190 1586 134 190 1587 134 265 1588 304 264 1589 303 265 1590 304 128 1591 133 266 1592 305 266 1593 305 128 1594 133 129 1595 104 28 1596 59 267 1597 306 129 1598 104 129 1599 104 267 1600 306 266 1601 305 268 1602 308 267 1603 306 4 1604 58 4 1605 58 267 1606 306 28 1607 59 81 1608 8 269 1609 309 4 1610 9 4 1611 9 269 1612 309 268 1613 307 269 1614 309 81 1615 8 261 1616 300 261 1617 300 81 1618 8 80 1619 237 60 1620 202 271 1621 311 82 1622 238 82 1623 238 271 1624 311 270 1625 310 193 1626 201 272 1627 312 60 1628 202 60 1629 202 272 1630 312 271 1631 311 272 1632 312 193 1633 201 273 1634 313 273 1635 313 193 1636 201 192 1637 136 130 1638 135 274 1639 314 192 1640 136 192 1641 136 274 1642 314 273 1643 313 274 1644 314 130 1645 135 275 1646 315 275 1647 315 130 1648 135 131 1649 105 29 1650 61 276 1651 316 131 1652 105 131 1653 105 276 1654 316 275 1655 315 277 1656 318 276 1657 316 5 1658 60 5 1659 60 276 1660 316 29 1661 61 83 1662 10 278 1663 319 5 1664 11 5 1665 11 278 1666 319 277 1667 317 278 1668 319 83 1669 10 270 1670 310 270 1671 310 83 1672 10 82 1673 238 61 1674 204 280 1675 321 84 1676 239 84 1677 239 280 1678 321 279 1679 320 195 1680 203 281 1681 322 61 1682 204 61 1683 204 281 1684 322 280 1685 321 281 1686 322 195 1687 203 282 1688 323 282 1689 323 195 1690 203 194 1691 138 132 1692 137 283 1693 324 194 1694 138 194 1695 138 283 1696 324 282 1697 323 283 1698 324 132 1699 137 284 1700 325 284 1701 325 132 1702 137 133 1703 106 30 1704 63 285 1705 326 133 1706 106 133 1707 106 285 1708 326 284 1709 325 286 1710 328 285 1711 326 6 1712 62 6 1713 62 285 1714 326 30 1715 63 85 1716 12 287 1717 329 6 1718 13 6 1719 13 287 1720 329 286 1721 327 287 1722 329 85 1723 12 279 1724 320 279 1725 320 85 1726 12 84 1727 239 289 1728 332 288 1729 330 7 1730 64 7 1731 64 288 1732 330 31 1733 65 87 1734 14 290 1735 333 7 1736 15 7 1737 15 290 1738 333 289 1739 331 290 1740 333 87 1741 14 291 1742 334 291 1743 334 87 1744 14 86 1745 240 62 1746 206 292 1747 335 86 1748 240 86 1749 240 292 1750 335 291 1751 334 197 1752 205 293 1753 336 62 1754 206 62 1755 206 293 1756 336 292 1757 335 293 1758 336 197 1759 205 294 1760 337 294 1761 337 197 1762 205 196 1763 140 134 1764 139 295 1765 338 196 1766 140 196 1767 140 295 1768 338 294 1769 337 295 1770 338 134 1771 139 296 1772 339 296 1773 339 134 1774 139 135 1775 107 31 1776 65 288 1777 330 135 1778 107 135 1779 107 288 1780 330 296 1781 339 89 1782 16 298 1783 342 8 1784 17 8 1785 17 298 1786 342 297 1787 340 298 1788 342 89 1789 16 299 1790 343 299 1791 343 89 1792 16 88 1793 241 63 1794 208 300 1795 344 88 1796 241 88 1797 241 300 1798 344 299 1799 343 199 1800 207 301 1801 345 63 1802 208 63 1803 208 301 1804 345 300 1805 344 301 1806 345 199 1807 207 302 1808 346 302 1809 346 199 1810 207 198 1811 142 136 1812 141 303 1813 347 198 1814 142 198 1815 142 303 1816 347 302 1817 346 303 1818 347 136 1819 141 304 1820 348 304 1821 348 136 1822 141 137 1823 108 32 1824 67 305 1825 349 137 1826 108 137 1827 108 305 1828 349 304 1829 348 297 1830 341 305 1831 349 8 1832 66 8 1833 66 305 1834 349 32 1835 67 91 1836 18 307 1837 352 9 1838 19 9 1839 19 307 1840 352 306 1841 350 307 1842 352 91 1843 18 308 1844 353 308 1845 353 91 1846 18 90 1847 242 64 1848 210 309 1849 354 90 1850 242 90 1851 242 309 1852 354 308 1853 353 201 1854 209 310 1855 355 64 1856 210 64 1857 210 310 1858 355 309 1859 354 310 1860 355 201 1861 209 311 1862 356 311 1863 356 201 1864 209 200 1865 144 138 1866 143 312 1867 357 200 1868 144 200 1869 144 312 1870 357 311 1871 356 312 1872 357 138 1873 143 313 1874 358 313 1875 358 138 1876 143 139 1877 109 33 1878 69 314 1879 359 139 1880 109 139 1881 109 314 1882 359 313 1883 358 306 1884 351 314 1885 359 9 1886 68 9 1887 68 314 1888 359 33 1889 69 93 1890 20 316 1891 362 10 1892 21 10 1893 21 316 1894 362 315 1895 360 316 1896 362 93 1897 20 317 1898 363 317 1899 363 93 1900 20 92 1901 243 65 1902 212 318 1903 364 92 1904 243 92 1905 243 318 1906 364 317 1907 363 203 1908 211 319 1909 365 65 1910 212 65 1911 212 319 1912 365 318 1913 364 319 1914 365 203 1915 211 320 1916 366 320 1917 366 203 1918 211 202 1919 146 140 1920 145 321 1921 367 202 1922 146 202 1923 146 321 1924 367 320 1925 366 321 1926 367 140 1927 145 322 1928 368 322 1929 368 140 1930 145 141 1931 110 34 1932 71 323 1933 369 141 1934 110 141 1935 110 323 1936 369 322 1937 368 315 1938 361 323 1939 369 10 1940 70 10 1941 70 323 1942 369 34 1943 71 95 1944 22 325 1945 372 11 1946 23 11 1947 23 325 1948 372 324 1949 370 325 1950 372 95 1951 22 326 1952 373 326 1953 373 95 1954 22 94 1955 244 66 1956 214 327 1957 374 94 1958 244 94 1959 244 327 1960 374 326 1961 373 205 1962 213 328 1963 375 66 1964 214 66 1965 214 328 1966 375 327 1967 374 328 1968 375 205 1969 213 329 1970 376 329 1971 376 205 1972 213 204 1973 148 142 1974 147 330 1975 377 204 1976 148 204 1977 148 330 1978 377 329 1979 376 330 1980 377 142 1981 147 331 1982 378 331 1983 378 142 1984 147 143 1985 111 35 1986 73 332 1987 379 143 1988 111 143 1989 111 332 1990 379 331 1991 378 324 1992 371 332 1993 379 11 1994 72 11 1995 72 332 1996 379 35 1997 73 97 1998 24 334 1999 382 12 2000 25 12 2001 25 334 2002 382 333 2003 380 334 2004 382 97 2005 24 335 2006 383 335 2007 383 97 2008 24 96 2009 245 67 2010 216 336 2011 384 96 2012 245 96 2013 245 336 2014 384 335 2015 383 207 2016 215 337 2017 385 67 2018 216 67 2019 216 337 2020 385 336 2021 384 337 2022 385 207 2023 215 338 2024 386 338 2025 386 207 2026 215 206 2027 150 144 2028 149 339 2029 387 206 2030 150 206 2031 150 339 2032 387 338 2033 386 339 2034 387 144 2035 149 340 2036 388 340 2037 388 144 2038 149 145 2039 112 36 2040 75 341 2041 389 145 2042 112 145 2043 112 341 2044 389 340 2045 388 333 2046 381 341 2047 389 12 2048 74 12 2049 74 341 2050 389 36 2051 75 99 2052 26 343 2053 392 13 2054 27 13 2055 27 343 2056 392 342 2057 390 343 2058 392 99 2059 26 344 2060 393 344 2061 393 99 2062 26 98 2063 246 68 2064 218 345 2065 394 98 2066 246 98 2067 246 345 2068 394 344 2069 393 209 2070 217 346 2071 395 68 2072 218 68 2073 218 346 2074 395 345 2075 394 346 2076 395 209 2077 217 347 2078 396 347 2079 396 209 2080 217 208 2081 152 146 2082 151 348 2083 397 208 2084 152 208 2085 152 348 2086 397 347 2087 396 348 2088 397 146 2089 151 349 2090 398 349 2091 398 146 2092 151 147 2093 113 37 2094 77 350 2095 399 147 2096 113 147 2097 113 350 2098 399 349 2099 398 342 2100 391 350 2101 399 13 2102 76 13 2103 76 350 2104 399 37 2105 77 101 2106 28 352 2107 402 14 2108 29 14 2109 29 352 2110 402 351 2111 400 352 2112 402 101 2113 28 353 2114 403 353 2115 403 101 2116 28 100 2117 247 69 2118 220 354 2119 404 100 2120 247 100 2121 247 354 2122 404 353 2123 403 211 2124 219 355 2125 405 69 2126 220 69 2127 220 355 2128 405 354 2129 404 355 2130 405 211 2131 219 356 2132 406 356 2133 406 211 2134 219 210 2135 154 148 2136 153 357 2137 407 210 2138 154 210 2139 154 357 2140 407 356 2141 406 357 2142 407 148 2143 153 358 2144 408 358 2145 408 148 2146 153 149 2147 114 38 2148 79 359 2149 409 149 2150 114 149 2151 114 359 2152 409 358 2153 408 351 2154 401 359 2155 409 14 2156 78 14 2157 78 359 2158 409 38 2159 79 103 2160 30 361 2161 412 15 2162 31 15 2163 31 361 2164 412 360 2165 410 361 2166 412 103 2167 30 362 2168 413 362 2169 413 103 2170 30 102 2171 248 70 2172 222 363 2173 414 102 2174 248 102 2175 248 363 2176 414 362 2177 413 213 2178 221 364 2179 415 70 2180 222 70 2181 222 364 2182 415 363 2183 414 364 2184 415 213 2185 221 365 2186 416 365 2187 416 213 2188 221 212 2189 156 150 2190 155 366 2191 417 212 2192 156 212 2193 156 366 2194 417 365 2195 416 366 2196 417 150 2197 155 367 2198 418 367 2199 418 150 2200 155 151 2201 115 39 2202 81 368 2203 419 151 2204 115 151 2205 115 368 2206 419 367 2207 418 360 2208 411 368 2209 419 15 2210 80 15 2211 80 368 2212 419 39 2213 81 105 2214 32 370 2215 422 16 2216 33 16 2217 33 370 2218 422 369 2219 420 370 2220 422 105 2221 32 371 2222 423 371 2223 423 105 2224 32 104 2225 249 71 2226 224 372 2227 424 104 2228 249 104 2229 249 372 2230 424 371 2231 423 215 2232 223 373 2233 425 71 2234 224 71 2235 224 373 2236 425 372 2237 424 373 2238 425 215 2239 223 374 2240 426 374 2241 426 215 2242 223 214 2243 158 152 2244 157 375 2245 427 214 2246 158 214 2247 158 375 2248 427 374 2249 426 375 2250 427 152 2251 157 376 2252 428 376 2253 428 152 2254 157 153 2255 116 40 2256 83 377 2257 429 153 2258 116 153 2259 116 377 2260 429 376 2261 428 369 2262 421 377 2263 429 16 2264 82 16 2265 82 377 2266 429 40 2267 83 107 2268 34 379 2269 432 17 2270 35 17 2271 35 379 2272 432 378 2273 430 379 2274 432 107 2275 34 380 2276 433 380 2277 433 107 2278 34 106 2279 225 48 2280 177 381 2281 434 106 2282 225 106 2283 225 381 2284 434 380 2285 433 168 2286 176 382 2287 435 48 2288 177 48 2289 177 382 2290 435 381 2291 434 169 2292 160 383 2293 436 168 2294 176 168 2295 176 383 2296 436 382 2297 435 154 2298 159 384 2299 437 169 2300 160 169 2301 160 384 2302 437 383 2303 436 384 2304 437 154 2305 159 385 2306 438 385 2307 438 154 2308 159 155 2309 117 41 2310 85 386 2311 439 155 2312 117 155 2313 117 386 2314 439 385 2315 438 378 2316 431 386 2317 439 17 2318 84 17 2319 84 386 2320 439 41 2321 85 109 2322 36 388 2323 442 18 2324 37 18 2325 37 388 2326 442 387 2327 440 388 2328 442 109 2329 36 389 2330 443 389 2331 443 109 2332 36 108 2333 226 49 2334 178 390 2335 444 108 2336 226 108 2337 226 390 2338 444 389 2339 443 171 2340 175 391 2341 445 49 2342 178 49 2343 178 391 2344 445 390 2345 444 391 2346 445 171 2347 175 392 2348 446 392 2349 446 171 2350 175 170 2351 162 156 2352 161 393 2353 447 170 2354 162 170 2355 162 393 2356 447 392 2357 446 393 2358 447 156 2359 161 394 2360 448 394 2361 448 156 2362 161 157 2363 118 42 2364 87 395 2365 449 157 2366 118 157 2367 118 395 2368 449 394 2369 448 387 2370 441 395 2371 449 18 2372 86 18 2373 86 395 2374 449 42 2375 87 111 2376 38 397 2377 452 19 2378 39 19 2379 39 397 2380 452 396 2381 450 397 2382 452 111 2383 38 398 2384 453 398 2385 453 111 2386 38 110 2387 227 50 2388 180 399 2389 454 110 2390 227 110 2391 227 399 2392 454 398 2393 453 173 2394 179 400 2395 455 50 2396 180 50 2397 180 400 2398 455 399 2399 454 400 2400 455 173 2401 179 401 2402 456 401 2403 456 173 2404 179 172 2405 164 158 2406 163 402 2407 457 172 2408 164 172 2409 164 402 2410 457 401 2411 456 402 2412 457 158 2413 163 403 2414 458 403 2415 458 158 2416 163 159 2417 119 43 2418 89 404 2419 459 159 2420 119 159 2421 119 404 2422 459 403 2423 458 396 2424 451 404 2425 459 19 2426 88 19 2427 88 404 2428 459 43 2429 89 113 2430 40 406 2431 462 20 2432 41 20 2433 41 406 2434 462 405 2435 460 406 2436 462 113 2437 40 407 2438 463 407 2439 463 113 2440 40 112 2441 228 51 2442 182 408 2443 464 112 2444 228 112 2445 228 408 2446 464 407 2447 463 175 2448 181 409 2449 465 51 2450 182 51 2451 182 409 2452 465 408 2453 464 409 2454 465 175 2455 181 410 2456 466 410 2457 466 175 2458 181 174 2459 166 160 2460 165 411 2461 467 174 2462 166 174 2463 166 411 2464 467 410 2465 466 411 2466 467 160 2467 165 412 2468 468 412 2469 468 160 2470 165 161 2471 120 44 2472 91 413 2473 469 161 2474 120 161 2475 120 413 2476 469 412 2477 468 405 2478 461 413 2479 469 20 2480 90 20 2481 90 413 2482 469 44 2483 91 115 2484 42 415 2485 472 21 2486 43 21 2487 43 415 2488 472 414 2489 470 415 2490 472 115 2491 42 416 2492 473 416 2493 473 115 2494 42 114 2495 229 52 2496 184 417 2497 474 114 2498 229 114 2499 229 417 2500 474 416 2501 473 177 2502 183 418 2503 475 52 2504 184 52 2505 184 418 2506 475 417 2507 474 418 2508 475 177 2509 183 419 2510 476 419 2511 476 177 2512 183 176 2513 168 162 2514 167 420 2515 477 176 2516 168 176 2517 168 420 2518 477 419 2519 476 420 2520 477 162 2521 167 421 2522 478 421 2523 478 162 2524 167 163 2525 121 45 2526 93 422 2527 479 163 2528 121 163 2529 121 422 2530 479 421 2531 478 414 2532 471 422 2533 479 21 2534 92 21 2535 92 422 2536 479 45 2537 93 117 2538 44 424 2539 482 22 2540 45 22 2541 45 424 2542 482 423 2543 480 424 2544 482 117 2545 44 425 2546 483 425 2547 483 117 2548 44 116 2549 230 53 2550 186 426 2551 484 116 2552 230 116 2553 230 426 2554 484 425 2555 483 179 2556 185 427 2557 485 53 2558 186 53 2559 186 427 2560 485 426 2561 484 427 2562 485 179 2563 185 428 2564 486 428 2565 486 179 2566 185 178 2567 170 164 2568 169 429 2569 487 178 2570 170 178 2571 170 429 2572 487 428 2573 486 429 2574 487 164 2575 169 430 2576 488 430 2577 488 164 2578 169 165 2579 122 46 2580 95 431 2581 489 165 2582 122 165 2583 122 431 2584 489 430 2585 488 423 2586 481 431 2587 489 22 2588 94 22 2589 94 431 2590 489 46 2591 95</p>
        </triangles>
      </mesh>
      <extra>
        <technique profile="OpenCOLLADAMaya">
          <originalMayaNodeId>pPipeShape70</originalMayaNodeId>
          <double_sided>1</double_sided>
        </technique>
      </extra>
    </geometry>
  </library_geometries>
  <library_visual_scenes>
    <visual_scene id="VisualSceneNode" name="tau_8sided_room_2doors">
      <node id="polySurface374" name="polySurface374" type="NODE">
        <matrix sid="transform">1 0 0 0 0 1 0 0 0 0 1 0 0 0 0 1</matrix>
        <instance_geometry url="#polySurfaceShape387">
          <bind_material>
            <technique_common>
              <instance_material symbol="lambert8SG" target="#lambert8">
                <bind_vertex_input semantic="TEX0" input_semantic="TEXCOORD" input_set="0"/>
              </instance_material>
            </technique_common>
          </bind_material>
        </instance_geometry>
        <extra>
          <technique profile="OpenCOLLADAMaya">
            <originalMayaNodeId>polySurface374</originalMayaNodeId>
          </technique>
        </extra>
      </node>
      <node id="polySurface385" name="polySurface385" type="NODE">
        <matrix sid="transform">1 0 0 0 0 1 0 0 0 0 1 0 0 0 0 1</matrix>
        <instance_geometry url="#polySurfaceShape385">
          <bind_material>
            <technique_common>
              <instance_material symbol="lambert8SG" target="#lambert8">
                <bind_vertex_input semantic="TEX0" input_semantic="TEXCOORD" input_set="0"/>
              </instance_material>
            </technique_common>
          </bind_material>
        </instance_geometry>
        <extra>
          <technique profile="OpenCOLLADAMaya">
            <originalMayaNodeId>polySurface385</originalMayaNodeId>
          </technique>
        </extra>
      </node>
      <node id="polySurface386" name="polySurface386" type="NODE">
        <matrix sid="transform">1 0 0 0 0 1 0 0 0 0 1 0 0 0 0 1</matrix>
        <instance_geometry url="#polySurfaceShape386">
          <bind_material>
            <technique_common>
              <instance_material symbol="lambert8SG" target="#lambert8">
                <bind_vertex_input semantic="TEX0" input_semantic="TEXCOORD" input_set="0"/>
              </instance_material>
            </technique_common>
          </bind_material>
        </instance_geometry>
        <extra>
          <technique profile="OpenCOLLADAMaya">
            <originalMayaNodeId>polySurface386</originalMayaNodeId>
          </technique>
        </extra>
      </node>
      <node id="pPipe69" name="pPipe69" type="NODE">
        <matrix sid="transform">1 0 0 0 0 1 0 0 0 0 1 0 0 0 0 1</matrix>
        <instance_geometry url="#pPipeShape69">
          <bind_material>
            <technique_common>
              <instance_material symbol="lambert6SG" target="#lambert6">
                <bind_vertex_input semantic="TEX0" input_semantic="TEXCOORD" input_set="0"/>
              </instance_material>
            </technique_common>
          </bind_material>
        </instance_geometry>
        <extra>
          <technique profile="OpenCOLLADAMaya">
            <originalMayaNodeId>pPipe69</originalMayaNodeId>
          </technique>
        </extra>
      </node>
      <node id="pPipe70" name="pPipe70" type="NODE">
        <matrix sid="transform">1 0 0 0 0 1 0 0 0 0 1 0 0 0 0 1</matrix>
        <instance_geometry url="#pPipeShape70">
          <bind_material>
            <technique_common>
              <instance_material symbol="lambert6SG" target="#lambert6">
                <bind_vertex_input semantic="TEX0" input_semantic="TEXCOORD" input_set="0"/>
              </instance_material>
            </technique_common>
          </bind_material>
        </instance_geometry>
        <extra>
          <technique profile="OpenCOLLADAMaya">
            <originalMayaNodeId>pPipe70</originalMayaNodeId>
          </technique>
        </extra>
      </node>
    </visual_scene>
  </library_visual_scenes>
  <scene>
    <instance_visual_scene url="#VisualSceneNode"/>
  </scene>
</COLLADA>