<?xml version="1.0" encoding="utf-8"?>
<COLLADA xmlns="http://www.collada.org/2005/11/COLLADASchema" version="1.4.1">
  <asset>
    <contributor>
      <author>Marc</author>
      <authoring_tool>OpenCOLLADA2008</authoring_tool>
      <comments>
			ColladaMaya export options: 
			bakeTransforms=0;relativePaths=0;copyTextures=0;exportTriangles=1;exportCgfxFileReferences=1;
			isSampling=0;curveConstrainSampling=0;removeStaticCurves=0;exportPolygonMeshes=1;exportLights=1;
			exportCameras=1;exportJointsAndSkin=1;exportAnimations=1;exportInvisibleNodes=0;exportDefaultCameras=0;
			exportTexCoords=1;exportNormals=1;exportNormalsPerVertex=1;exportVertexColors=1;exportVertexColorsPerVertex=1;
			exportTexTangents=0;exportTangents=0;exportReferencedMaterials=0;exportMaterialsOnly=0;
			exportXRefs=1;dereferenceXRefs=1;exportCameraAsLookat=0;cameraXFov=0;cameraYFov=1;doublePrecision=0
		</comments>
      <source_data>file:///E:/depth/redist/static_objects/station/special/tau_8sided_room_infirmary_1door_indented_sleeping.dae</source_data>
    </contributor>
    <created>2015-04-01T08:14:09</created>
    <modified>2015-04-01T08:14:09</modified>
    <unit name="meter" meter="1"/>
    <up_axis>Y_UP</up_axis>
  </asset>
  <library_materials>
    <material id="lambert1" name="lambert1">
      <instance_effect url="#lambert1-fx"/>
    </material>
    <material id="lambert1_1" name="lambert1_1">
      <instance_effect url="#lambert1-fx_1"/>
    </material>
    <material id="lambert8" name="lambert8">
      <instance_effect url="#lambert8-fx"/>
    </material>
    <material id="lambert6" name="lambert6">
      <instance_effect url="#lambert6-fx"/>
    </material>
  </library_materials>
  <library_effects>
    <effect id="lambert1-fx">
      <profile_COMMON>
        <technique sid="common">
          <lambert>
            <emission>
              <color>0 0 0 1</color>
            </emission>
            <ambient>
              <color>0 0 0 1</color>
            </ambient>
            <diffuse>
              <color>0.4 0.4 0.4 1</color>
            </diffuse>
            <transparent opaque="RGB_ZERO">
              <color>0 0 0 1</color>
            </transparent>
            <transparency>
              <float>1</float>
            </transparency>
          </lambert>
        </technique>
      </profile_COMMON>
    </effect>
    <effect id="lambert1-fx_1">
      <profile_COMMON>
        <technique sid="common">
          <lambert>
            <emission>
              <color>0 0 0 1</color>
            </emission>
            <ambient>
              <color>0 0 0 1</color>
            </ambient>
            <diffuse>
              <color>0.4 0.4 0.4 1</color>
            </diffuse>
            <transparent opaque="RGB_ZERO">
              <color>0 0 0 1</color>
            </transparent>
            <transparency>
              <float>1</float>
            </transparency>
          </lambert>
        </technique>
      </profile_COMMON>
    </effect>
    <effect id="lambert6-fx">
      <profile_COMMON>
        <newparam sid="file5-surface">
          <surface type="2D">
            <init_from>file5</init_from>
          </surface>
        </newparam>
        <newparam sid="file5-sampler">
          <sampler2D>
            <source>file5-surface</source>
          </sampler2D>
        </newparam>
        <technique sid="common">
          <lambert>
            <emission>
              <color>0 0 0 1</color>
            </emission>
            <ambient>
              <color>0 0 0 1</color>
            </ambient>
            <diffuse>
              <texture texture="file5-sampler" texcoord="TEX0">
                <extra>
                  <technique profile="OpenCOLLADAMaya">
                    <blend_mode>NONE</blend_mode>
                    <coverageU>1</coverageU>
                    <coverageV>1</coverageV>
                    <fast>0</fast>
                    <mirrorU>0</mirrorU>
                    <mirrorV>0</mirrorV>
                    <noiseU>0</noiseU>
                    <noiseV>0</noiseV>
                    <offsetU>0</offsetU>
                    <offsetV>0</offsetV>
                    <repeatU>1</repeatU>
                    <repeatV>1</repeatV>
                    <rotateFrame>0</rotateFrame>
                    <rotateUV>0</rotateUV>
                    <stagger>0</stagger>
                    <translateFrameU>0</translateFrameU>
                    <translateFrameV>0</translateFrameV>
                    <wrapU>1</wrapU>
                    <wrapV>1</wrapV>
                  </technique>
                </extra>
              </texture>
            </diffuse>
            <transparent opaque="RGB_ZERO">
              <color>0 0 0 1</color>
            </transparent>
            <transparency>
              <float>1</float>
            </transparency>
          </lambert>
        </technique>
      </profile_COMMON>
    </effect>
    <effect id="lambert8-fx">
      <profile_COMMON>
        <newparam sid="file7-surface">
          <surface type="2D">
            <init_from>file7</init_from>
          </surface>
        </newparam>
        <newparam sid="file7-sampler">
          <sampler2D>
            <source>file7-surface</source>
          </sampler2D>
        </newparam>
        <technique sid="common">
          <lambert>
            <emission>
              <color>0 0 0 1</color>
            </emission>
            <ambient>
              <color>0 0 0 1</color>
            </ambient>
            <diffuse>
              <texture texture="file7-sampler" texcoord="TEX0">
                <extra>
                  <technique profile="OpenCOLLADAMaya">
                    <blend_mode>NONE</blend_mode>
                    <coverageU>1</coverageU>
                    <coverageV>1</coverageV>
                    <fast>0</fast>
                    <mirrorU>0</mirrorU>
                    <mirrorV>0</mirrorV>
                    <noiseU>0</noiseU>
                    <noiseV>0</noiseV>
                    <offsetU>0</offsetU>
                    <offsetV>0</offsetV>
                    <repeatU>1</repeatU>
                    <repeatV>1</repeatV>
                    <rotateFrame>0</rotateFrame>
                    <rotateUV>0</rotateUV>
                    <stagger>0</stagger>
                    <translateFrameU>0</translateFrameU>
                    <translateFrameV>0</translateFrameV>
                    <wrapU>1</wrapU>
                    <wrapV>1</wrapV>
                  </technique>
                </extra>
              </texture>
            </diffuse>
            <transparent opaque="RGB_ZERO">
              <color>0 0 0 1</color>
            </transparent>
            <transparency>
              <float>1</float>
            </transparency>
          </lambert>
        </technique>
      </profile_COMMON>
    </effect>
  </library_effects>
  <library_images>
    <image id="file5" name="file5">
      <init_from>file:///E:/depth/redist/static_objects/_temp/marc/tau_tunnels/tau_tunnel_ring.dds</init_from>
      <extra>
        <technique profile="OpenCOLLADAMaya">
          <dgnode_type>kFile</dgnode_type>
          <image_sequence>0</image_sequence>
          <originalMayaNodeId>file5</originalMayaNodeId>
        </technique>
      </extra>
    </image>
    <image id="file7" name="file7">
      <init_from>file:///E:/depth/redist/static_objects/station/special/tau_8sided_room.dds</init_from>
      <extra>
        <technique profile="OpenCOLLADAMaya">
          <dgnode_type>kFile</dgnode_type>
          <image_sequence>0</image_sequence>
          <originalMayaNodeId>file7</originalMayaNodeId>
        </technique>
      </extra>
    </image>
  </library_images>
  <library_geometries>
    <geometry id="polySurfaceShape388" name="polySurfaceShape375">
      <mesh>
        <source id="polySurfaceShape388-positions" name="polySurfaceShape388-positions">
          <float_array id="polySurfaceShape388-positions-array" count="255">4 2.25575 1.270814 4 0.998 1.79611 4 2.25575 -1.270818 4 0.998 -1.796112 4 0 -1.500001 4 0.468017 1.708656 4 0.468017 -1.707234 4 1.450085 -1.735968 4 1.450085 1.735966 4 1.896056 1.555477 4 1.896056 -1.55548 4 2.553478 -0.898057 4 2.729706 -0.44903 4 2.729706 0.449027 4 2.553478 0.898053 4.258083 2.794111 -10e-7 4.258083 2.729706 0.449027 4.258083 2.25575 1.270814 4.258083 1.896056 1.555477 4.258083 0.998 1.79611 4.258083 0.468017 1.708656 4.258083 2.25575 -1.270818 4.258083 2.553478 -0.898057 4.258083 1.896056 -1.55548 4.258083 0.998 -1.796112 4.258083 0.468017 -1.707234 4.258083 0 1.50275 4.258083 0 -1.500001 4.258083 1.450085 -1.735968 4.258083 1.450085 1.735966 4.258083 2.729706 -0.44903 4.258083 2.553478 0.898053 4 2.794111 -10e-7 4 0 1.50275 3.930291 2.863964 -10e-7 3.930291 2.796338 0.47148 3.930291 2.298685 1.334355 3.930291 1.921006 1.633252 3.930291 0.978048 1.885916 3.930291 0.421565 1.794089 3.930291 2.298685 -1.334358 3.930291 2.611299 -0.942959 3.930291 0 1.577888 3.930291 1.452737 -1.822766 3.930291 0.978048 -1.885917 3.930291 1.452737 1.822765 3.930291 1.921006 -1.633253 3.930291 2.796338 -0.471481 3.930291 2.611299 0.942957 3.930291 0.421565 -1.792595 3.930291 0 -1.575 3.930291 2.961143 -10e-7 3.930291 2.890135 0.495054 3.930291 2.3676 1.401074 3.930291 1.971036 1.714915 3.930291 0.98093 1.980212 3.930291 0.396623 1.883794 3.930291 2.3676 -1.401075 3.930291 2.695844 -0.990106 3.930291 0 1.656783 3.930291 1.479354 -1.913904 3.930291 0.98093 -1.980212 3.930291 1.479354 1.913904 3.930291 1.971036 -1.714915 3.930291 2.890135 -0.495054 3.930291 2.695844 0.990105 3.930291 0.396623 -1.882224 3.930291 0 -1.653749 4 2.961143 -10e-7 4 2.890135 0.495054 4 2.3676 1.401074 4 1.971036 1.714915 4 0.98093 1.980212 4 0.396623 1.883794 4 2.3676 -1.401075 4 2.695844 -0.990106 4 0 1.656783 4 1.479354 -1.913904 4 0.98093 -1.980212 4 1.479354 1.913904 4 1.971036 -1.714915 4 2.890135 -0.495054 4 2.695844 0.990105 4 0.396623 -1.882224 4 0 -1.653749</float_array>
          <technique_common>
            <accessor source="#polySurfaceShape388-positions-array" count="85" stride="3">
              <param name="X" type="float"/>
              <param name="Y" type="float"/>
              <param name="Z" type="float"/>
            </accessor>
          </technique_common>
        </source>
        <source id="polySurfaceShape388-normals" name="polySurfaceShape388-normals">
          <float_array id="polySurfaceShape388-normals-array" count="1170">0 -0.9898694 -0.1419809 0 -0.9898694 -0.1419809 0 -0.9898694 -0.1419809 0 -0.9898694 -0.1419809 0 -0.9898694 -0.1419809 0 -0.9898694 -0.1419809 0 -0.6205751 -0.7841471 0 -0.6205751 -0.7841471 0 -0.6205751 -0.7841471 0 -0.6205751 -0.7841471 0 -0.6205751 -0.7841471 0 -0.6205751 -0.7841471 0 0.1628099 -0.9866575 0 0.1628099 -0.9866575 0 0.1628099 -0.9866575 0 0.1628099 -0.9866575 0 0.1628099 -0.9866575 0 0.1628099 -0.9866575 0 -0.7813607 0.6240798 0 -0.7813607 0.6240798 0 -0.7813607 0.6240798 0 -0.7813607 0.6240798 0 -0.7813607 0.6240798 0 -0.7813607 0.6240798 0 -0.620574 0.784148 0 -0.620574 0.784148 0 -0.620574 0.784148 0 -0.620574 0.784148 0 -0.620574 0.784148 0 -0.620574 0.784148 0 0.16539 0.9862282 0 0.16539 0.9862282 0 0.16539 0.9862282 0 0.16539 0.9862282 0 0.16539 0.9862282 0 0.16539 0.9862282 0 0.4027029 -0.9153308 0 0.4027029 -0.9153308 0 0.4027029 -0.9153308 0 0.4027029 -0.9153308 0 0.4027029 -0.9153308 0 0.4027029 -0.9153308 0 0.4048738 0.9143726 0 0.4048738 0.9143726 0 0.4048738 0.9143726 0 0.4048738 0.9143726 0 0.4048738 0.9143726 0 0.4048738 0.9143726 0 -0.131875 0.9912664 0 -0.131875 0.9912664 0 -0.131875 0.9912664 0 -0.131875 0.9912664 0 -0.131875 0.9912664 0 -0.131875 0.9912664 0 -0.131875 -0.9912664 0 -0.131875 -0.9912664 0 -0.131875 -0.9912664 0 -0.131875 -0.9912664 0 -0.131875 -0.9912664 0 -0.131875 -0.9912664 0 -0.3751509 -0.9269637 0 -0.3751509 -0.9269637 0 -0.3751509 -0.9269637 0 -0.3751509 -0.9269637 0 -0.3751509 -0.9269637 0 -0.3751509 -0.9269637 0 -0.3751509 0.9269637 0 -0.3751509 0.9269637 0 -0.3751509 0.9269637 0 -0.3751509 0.9269637 0 -0.3751509 0.9269637 0 -0.3751509 0.9269637 0 -0.9308758 0.3653359 0 -0.9308758 0.3653359 0 -0.9308758 0.3653359 0 -0.9308758 0.3653359 0 -0.9308758 0.3653359 0 -0.9308758 0.3653359 0 -0.9898694 0.1419809 0 -0.9898694 0.1419809 0 -0.9898694 0.1419809 0 -0.9898694 0.1419809 0 -0.9898694 0.1419809 0 -0.9898694 0.1419809 0 -0.9308754 -0.3653371 0 -0.9308754 -0.3653371 0 -0.9308754 -0.3653371 0 -0.9308754 -0.3653371 0 -0.9308754 -0.3653371 0 -0.9308754 -0.3653371 0 -0.7813607 -0.6240798 0 -0.7813607 -0.6240798 0 -0.7813607 -0.6240798 0 -0.7813607 -0.6240798 0 -0.7813607 -0.6240798 0 -0.7813607 -0.6240798 0 1 0 0 1 0 0 1 0 0 1 0 0 1 0 0 1 0 -0.7078329 -0.70638 0 -0.7093542 -0.6815633 -0.1796891 -0.7078329 -0.70638 0 -0.7078329 -0.70638 0 -0.7093542 -0.6815633 -0.1796891 -0.7093542 -0.6815633 -0.1796891 -0.7338368 -0.4799218 -0.4807898 -0.7528121 -0.332511 -0.5680761 -0.7338368 -0.4799218 -0.4807898 -0.7338368 -0.4799218 -0.4807898 -0.7528121 -0.332511 -0.5680761 -0.7528121 -0.332511 -0.5680761 -0.7907662 0.007838001 -0.6120681 -0.783434 0.188341 -0.592249 -0.7907662 0.007838001 -0.6120681 -0.7907662 0.007838001 -0.6120681 -0.783434 0.188341 -0.592249 -0.783434 0.188341 -0.592249 -0.7209067 -0.6006107 0.3457749 -0.7209067 -0.6006107 0.3457749 -0.7338328 -0.4799238 0.4807938 -0.7338328 -0.4799238 0.4807938 -0.7209067 -0.6006107 0.3457749 -0.7338328 -0.4799238 0.4807938 -0.7637993 0.2767001 -0.5831362 -0.7637993 0.2767001 -0.5831362 -0.783434 0.188341 -0.592249 -0.783434 0.188341 -0.592249 -0.7637993 0.2767001 -0.5831362 -0.783434 0.188341 -0.592249 -0.7715723 -0.1639181 0.6146603 -0.7715723 -0.1639181 0.6146603 -0.790841 0.008618 0.611961 -0.790841 0.008618 0.611961 -0.7715723 -0.1639181 0.6146603 -0.790841 0.008618 0.611961 -0.7715759 -0.163917 -0.6146559 -0.7907662 0.007838001 -0.6120681 -0.7715759 -0.163917 -0.6146559 -0.7715759 -0.163917 -0.6146559 -0.7907662 0.007838001 -0.6120681 -0.7907662 0.007838001 -0.6120681 -0.7528121 -0.332511 -0.5680761 -0.7715759 -0.163917 -0.6146559 -0.7528121 -0.332511 -0.5680761 -0.7528121 -0.332511 -0.5680761 -0.7715759 -0.163917 -0.6146559 -0.7715759 -0.163917 -0.6146559 -0.7528077 -0.3325129 0.5680808 -0.7528077 -0.3325129 0.5680808 -0.7715723 -0.1639181 0.6146603 -0.7715723 -0.1639181 0.6146603 -0.7528077 -0.3325129 0.5680808 -0.7715723 -0.1639181 0.6146603 -0.7093524 -0.6815653 0.1796891 -0.7093524 -0.6815653 0.1796891 -0.7209067 -0.6006107 0.3457749 -0.7209067 -0.6006107 0.3457749 -0.7093524 -0.6815653 0.1796891 -0.7209067 -0.6006107 0.3457749 -0.7093542 -0.6815633 -0.1796891 -0.7209091 -0.6006091 -0.345773 -0.7093542 -0.6815633 -0.1796891 -0.7093542 -0.6815633 -0.1796891 -0.7209091 -0.6006091 -0.345773 -0.7209091 -0.6006091 -0.345773 -0.7209091 -0.6006091 -0.345773 -0.7338368 -0.4799218 -0.4807898 -0.7209091 -0.6006091 -0.345773 -0.7209091 -0.6006091 -0.345773 -0.7338368 -0.4799218 -0.4807898 -0.7338368 -0.4799218 -0.4807898 -0.7078329 -0.70638 0 -0.7078329 -0.70638 0 -0.7093524 -0.6815653 0.1796891 -0.7093524 -0.6815653 0.1796891 -0.7078329 -0.70638 0 -0.7093524 -0.6815653 0.1796891 -0.7338328 -0.4799238 0.4807938 -0.7338328 -0.4799238 0.4807938 -0.7528077 -0.3325129 0.5680808 -0.7528077 -0.3325129 0.5680808 -0.7338328 -0.4799238 0.4807938 -0.7528077 -0.3325129 0.5680808 -0.790841 0.008618 0.611961 -0.790841 0.008618 0.611961 -0.7832109 0.189979 0.5920209 -0.7832109 0.189979 0.5920209 -0.790841 0.008618 0.611961 -0.7832109 0.189979 0.5920209 -0.7633011 0.278407 0.582976 -0.7832109 0.189979 0.5920209 -0.7633011 0.278407 0.582976 -0.7633011 0.278407 0.582976 -0.7832109 0.189979 0.5920209 -0.7832109 0.189979 0.5920209 -1 0 0 -1 0 0 -1 0 0 -1 0 0 -1 0 0 -1 0 0 -1 0 0 -1 0 0 -1 0 0 -1 0 0 -1 0 0 -1 0 0 -1 0 0 -1 0 0 -1 0 0 -1 0 0 -1 0 0 -1 0 0 -1 0 0 -1 0 0 -1 0 0 -1 0 0 -1 0 0 -1 0 0 -1 0 0 -1 0 0 -1 0 0 -1 0 0 -1 0 0 -1 0 0 -1 0 0 -1 0 0 -1 0 0 -1 0 0 -1 0 0 -1 0 0 -1 0 0 -1 0 0 -1 0 0 -1 0 0 -1 0 0 -1 0 0 -1 0 0 -1 0 0 -1 0 0 -1 0 0 -1 0 0 -1 0 0 -1 0 0 -1 0 0 -1 0 0 -1 0 0 -1 0 0 -1 0 0 -1 0 0 -1 0 0 -1 0 0 -1 0 0 -1 0 0 -1 0 0 -1 0 0 -1 0 0 -1 0 0 -1 0 0 -1 0 0 -1 0 0 -1 0 0 -1 0 0 -1 0 0 -1 0 0 -1 0 0 -1 0 0 -1 0 0 -1 0 0 -1 0 0 -1 0 0 -1 0 0 -1 0 0 -1 0 0 -1 0 0 -1 0 0 -1 0 0 -1 0 0 -1 0 0 -1 0 0 -1 0 0 -1 0 0 -1 0 0 -1 0 0 -1 0 0 -1 0 0 -1 0 0 -1 0 0 -1 0 0 -1 0 0 -1 0 0 0 1 0 0 0.966844 0.255368 0 1 0 0 1 0 0 0.966844 0.255368 0 0.966844 0.255368 0 0.705522 0.708688 0 0.5029579 0.8643109 0 0.705522 0.708688 0 0.705522 0.708688 0 0.5029579 0.8643109 0 0.5029579 0.8643109 0 -0.015639 0.9998778 0 -0.3350829 0.9421886 0 -0.015639 0.9998778 0 -0.015639 0.9998778 0 -0.3350829 0.9421886 0 -0.3350829 0.9421886 0 0.705521 -0.708689 0 0.8658378 -0.5003249 0 0.705521 -0.708689 0 0.705521 -0.708689 0 0.8658378 -0.5003249 0 0.8658378 -0.5003249 0 -0.3350829 0.9421886 0 -0.4967472 0.8678953 0 -0.3350829 0.9421886 0 -0.3350829 0.9421886 0 -0.4967472 0.8678953 0 -0.4967472 0.8678953 0 -0.01694599 -0.9998564 0 0.2555439 -0.9667975 0 -0.01694599 -0.9998564 0 -0.01694599 -0.9998564 0 0.2555439 -0.9667975 0 0.2555439 -0.9667975 0 0.2555439 0.9667975 0 -0.015639 0.9998778 0 0.2555439 0.9667975 0 0.2555439 0.9667975 0 -0.015639 0.9998778 0 -0.015639 0.9998778 0 0.5029579 0.8643109 0 0.2555439 0.9667975 0 0.5029579 0.8643109 0 0.5029579 0.8643109 0 0.2555439 0.9667975 0 0.2555439 0.9667975 0 0.2555439 -0.9667975 0 0.5029572 -0.8643114 0 0.2555439 -0.9667975 0 0.2555439 -0.9667975 0 0.5029572 -0.8643114 0 0.5029572 -0.8643114 0 0.8658378 -0.5003249 0 0.9668437 -0.2553689 0 0.8658378 -0.5003249 0 0.8658378 -0.5003249 0 0.9668437 -0.2553689 0 0.9668437 -0.2553689 0 0.966844 0.255368 0 0.8658378 0.5003249 0 0.966844 0.255368 0 0.966844 0.255368 0 0.8658378 0.5003249 0 0.8658378 0.5003249 0 0.8658378 0.5003249 0 0.705522 0.708688 0 0.8658378 0.5003249 0 0.8658378 0.5003249 0 0.705522 0.708688 0 0.705522 0.708688 0 0.9668437 -0.2553689 0 1 0 0 0.9668437 -0.2553689 0 0.9668437 -0.2553689 0 1 0 0 1 0 0 0.5029572 -0.8643114 0 0.705521 -0.708689 0 0.5029572 -0.8643114 0 0.5029572 -0.8643114 0 0.705521 -0.708689 0 0.705521 -0.708689 0 -0.3376211 -0.9412822 0 -0.01694599 -0.9998564 0 -0.3376211 -0.9412822 0 -0.3376211 -0.9412822 0 -0.01694599 -0.9998564 0 -0.01694599 -0.9998564 0 -0.4991541 -0.8665132 0 -0.3376211 -0.9412822 0 -0.4991541 -0.8665132 0 -0.4991541 -0.8665132 0 -0.3376211 -0.9412822 0 -0.3376211 -0.9412822</float_array>
          <technique_common>
            <accessor source="#polySurfaceShape388-normals-array" count="390" stride="3">
              <param name="X" type="float"/>
              <param name="Y" type="float"/>
              <param name="Z" type="float"/>
            </accessor>
          </technique_common>
        </source>
        <source id="polySurfaceShape388-polySurfaceShape388-polySurfaceShape388-map1" name="polySurfaceShape388-polySurfaceShape388-polySurfaceShape388-map1">
          <float_array id="polySurfaceShape388-polySurfaceShape388-polySurfaceShape388-map1-array" count="178">0.236989 0.950901 0.214279 0.950901 0.214279 0.927769 0.236989 0.927769 0.311152 0.950901 0.287143 0.950901 0.287143 0.927769 0.311152 0.927769 0.389136 0.950901 0.361769 0.950901 0.361769 0.927769 0.389136 0.927769 0.166356 0.950901 0.141033 0.950901 0.141033 0.927769 0.166356 0.927769 0.116364 0.950901 0.116364 0.927769 0.066487 0.950901 0.038758 0.950901 0.038758 0.927769 0.066487 0.927769 0.41547 0.950901 0.41547 0.927769 0.013893 0.950901 0.013893 0.927769 0.090647 0.950901 0.090647 0.927769 0.337544 0.950901 0.337544 0.927769 0.191394 0.950901 0.191394 0.927769 0.013893 0.973642 0.038758 0.973642 0.261889 0.950901 0.261889 0.927769 0.418458 0.953086 0.418459 0.930591 0.549352 0.930633 0.549351 0.953129 0.236989 0.960312 0.214279 0.960312 0.311152 0.960312 0.287143 0.960312 0.389136 0.960312 0.361769 0.960312 0.166356 0.960312 0.141033 0.960312 0.41547 0.960312 0.090647 0.960312 0.066487 0.960312 0.337544 0.960312 0.116364 0.960312 0.191394 0.960312 0.261889 0.960312 0.261889 0.973642 0.038758 0.960312 0.013893 0.960312 0.236989 0.967707 0.214279 0.967707 0.311152 0.967707 0.287143 0.967707 0.389136 0.967707 0.361769 0.967707 0.166356 0.967707 0.141033 0.967707 0.41547 0.967707 0.090647 0.967707 0.066487 0.967707 0.337544 0.967707 0.116364 0.967707 0.191394 0.967707 0.261889 0.967707 0.191394 0.973642 0.038758 0.967707 0.013893 0.967707 0.236989 0.973642 0.214279 0.973642 0.311152 0.973642 0.287143 0.973642 0.389136 0.973642 0.361769 0.973642 0.166356 0.973642 0.141033 0.973642 0.41547 0.973642 0.090647 0.973642 0.066487 0.973642 0.337544 0.973642 0.116364 0.973642</float_array>
          <technique_common>
            <accessor source="#polySurfaceShape388-polySurfaceShape388-polySurfaceShape388-map1-array" count="89" stride="2">
              <param name="S" type="float"/>
              <param name="T" type="float"/>
            </accessor>
          </technique_common>
        </source>
        <vertices id="polySurfaceShape388-vertices" name="polySurfaceShape388-vertices">
          <input semantic="POSITION" source="#polySurfaceShape388-positions"/>
        </vertices>
        <triangles material="lambert8SG" count="130">
          <input semantic="VERTEX" source="#polySurfaceShape388-vertices" offset="0"/>
          <input semantic="NORMAL" source="#polySurfaceShape388-normals" offset="1"/>
          <input semantic="TEXCOORD" source="#polySurfaceShape388-polySurfaceShape388-polySurfaceShape388-map1" offset="2" set="0"/>
          <p>13 0 0 32 1 1 16 2 3 16 3 3 32 4 1 15 5 2 9 6 4 0 7 5 18 8 7 18 9 7 0 10 5 17 11 6 5 12 8 1 13 9 20 14 11 20 15 11 1 16 9 19 17 10 11 18 12 2 19 13 22 20 15 22 21 15 2 22 13 21 23 14 2 24 13 10 25 16 21 26 14 21 27 14 10 28 16 23 29 17 3 30 18 6 31 19 24 32 21 24 33 21 6 34 19 25 35 20 33 36 22 5 37 8 26 38 23 26 39 23 5 40 8 20 41 11 6 42 19 4 43 24 25 44 20 25 45 20 4 46 24 27 47 25 7 48 26 3 49 18 28 50 27 28 51 27 3 52 18 24 53 21 1 54 9 8 55 28 19 56 10 19 57 10 8 58 28 29 59 29 8 60 28 9 61 4 29 62 29 29 63 29 9 64 4 18 65 7 10 66 16 7 67 26 23 68 17 23 69 17 7 70 26 28 71 27 12 72 30 11 73 12 30 74 31 30 75 31 11 76 12 22 77 15 32 78 1 12 79 30 15 80 2 15 81 2 12 82 30 30 83 31 14 84 34 13 85 0 31 86 35 31 87 35 13 88 0 16 89 3 0 90 5 14 91 34 17 92 6 17 93 6 14 94 34 31 95 35 33 96 36 26 97 37 4 98 39 4 99 39 26 100 37 27 101 38 32 102 1 13 103 0 34 104 41 34 105 41 13 106 0 35 107 40 0 108 5 9 109 4 36 110 43 36 111 43 9 112 4 37 113 42 1 114 9 5 115 8 38 116 45 38 117 45 5 118 8 39 119 44 11 120 12 41 121 46 2 122 13 2 123 13 41 124 46 40 125 47 33 126 22 42 127 48 5 128 8 5 129 8 42 130 48 39 131 44 7 132 26 43 133 49 3 134 18 3 135 18 43 136 49 44 137 50 8 138 28 1 139 9 45 140 51 45 141 51 1 142 9 38 143 45 9 144 4 8 145 28 37 146 42 37 147 42 8 148 28 45 149 51 10 150 16 46 151 52 7 152 26 7 153 26 46 154 52 43 155 49 12 156 30 47 157 53 11 158 12 11 159 12 47 160 53 41 161 46 13 162 0 14 163 34 35 164 40 35 165 40 14 166 34 48 167 54 14 168 34 0 169 5 48 170 54 48 171 54 0 172 5 36 173 43 32 174 1 34 175 41 12 176 30 12 177 30 34 178 41 47 179 53 2 180 13 40 181 47 10 182 16 10 183 16 40 184 47 46 185 52 3 186 18 44 187 50 6 188 19 6 189 19 44 190 50 49 191 56 4 192 24 6 193 19 50 194 57 50 195 57 6 196 19 49 197 56 35 198 40 52 199 58 34 200 41 34 201 41 52 202 58 51 203 59 37 204 42 54 205 60 36 206 43 36 207 43 54 208 60 53 209 61 39 210 44 56 211 62 38 212 45 38 213 45 56 214 62 55 215 63 40 216 47 41 217 46 57 218 65 57 219 65 41 220 46 58 221 64 42 222 48 59 223 66 39 224 44 39 225 44 59 226 66 56 227 62 44 228 50 43 229 49 61 230 68 61 231 68 43 232 49 60 233 67 38 234 45 55 235 63 45 236 51 45 237 51 55 238 63 62 239 69 45 240 51 62 241 69 37 242 42 37 243 42 62 244 69 54 245 60 43 246 49 46 247 52 60 248 67 60 249 67 46 250 52 63 251 70 47 252 53 64 253 71 41 254 46 41 255 46 64 256 71 58 257 64 35 258 40 48 259 54 52 260 58 52 261 58 48 262 54 65 263 72 36 264 43 53 265 61 48 266 54 48 267 54 53 268 61 65 269 72 47 270 53 34 271 41 64 272 71 64 273 71 34 274 41 51 275 59 46 276 52 40 277 47 63 278 70 63 279 70 40 280 47 57 281 65 49 282 56 44 283 50 66 284 74 66 285 74 44 286 50 61 287 68 50 288 57 49 289 56 67 290 75 67 291 75 49 292 56 66 293 74 51 294 59 52 295 58 68 296 77 68 297 77 52 298 58 69 299 76 53 300 61 54 301 60 70 302 79 70 303 79 54 304 60 71 305 78 55 306 63 56 307 62 72 308 81 72 309 81 56 310 62 73 311 80 57 312 65 58 313 64 74 314 83 74 315 83 58 316 64 75 317 82 56 318 62 59 319 66 73 320 80 73 321 80 59 322 66 76 323 84 61 324 68 60 325 67 78 326 86 78 327 86 60 328 67 77 329 85 62 330 69 55 331 63 79 332 87 79 333 87 55 334 63 72 335 81 54 336 60 62 337 69 71 338 78 71 339 78 62 340 69 79 341 87 60 342 67 63 343 70 77 344 85 77 345 85 63 346 70 80 347 88 58 348 64 64 349 71 75 350 82 75 351 82 64 352 71 81 353 73 52 354 58 65 355 72 69 356 76 69 357 76 65 358 72 82 359 55 65 360 72 53 361 61 82 362 55 82 363 55 53 364 61 70 365 79 64 366 71 51 367 59 81 368 73 81 369 73 51 370 59 68 371 77 63 372 70 57 373 65 80 374 88 80 375 88 57 376 65 74 377 83 66 378 74 61 379 68 83 380 33 83 381 33 61 382 68 78 383 86 67 384 75 66 385 74 84 386 32 84 387 32 66 388 74 83 389 33</p>
        </triangles>
      </mesh>
      <extra>
        <technique profile="OpenCOLLADAMaya">
          <originalMayaNodeId>polySurfaceShape375</originalMayaNodeId>
          <double_sided>1</double_sided>
        </technique>
      </extra>
    </geometry>
    <geometry id="pPipeShape68" name="pPipeShape68">
      <mesh>
        <source id="pPipeShape68-positions" name="pPipeShape68-positions">
          <float_array id="pPipeShape68-positions-array" count="1296">4.258083 2.669086 0 4.258081 2.612214 0.43199 4.258081 2.445471 0.834544 4.258083 2.180222 1.180222 4.258081 1.834543 1.445471 4.258081 1.431992 1.612212 4.258081 1 1.669087 4.258083 0.568008 1.612212 4.258083 0.165457 1.445471 4.258081 -0.180222 1.180222 4.258083 -0.445471 0.834544 4.258081 -0.612214 0.43199 4.258081 -0.669086 0 4.258081 -0.612214 -0.43199 4.258083 -0.445471 -0.834544 4.258081 -0.180222 -1.180222 4.258083 0.165457 -1.445471 4.258083 0.568008 -1.612212 4.258081 1 -1.669087 4.258081 1.431992 -1.612212 4.258081 1.834543 -1.445471 4.258083 2.180222 -1.180222 4.258081 2.445471 -0.834544 4.258081 2.612214 -0.43199 4.258081 2.810549 0 4.258083 2.748857 0.468603 4.258081 2.567982 0.905273 4.258081 2.280251 1.280254 4.258081 1.905275 1.567981 4.258083 1.468605 1.748857 4.258081 1 1.810552 4.258083 0.531395 1.748857 4.258081 0.094725 1.567981 4.258083 -0.280252 1.280254 4.258081 -0.567982 0.905273 4.258083 -0.748857 0.468603 4.258081 -0.81055 0 4.258083 -0.748857 -0.468603 4.258081 -0.567982 -0.905273 4.258083 -0.280252 -1.280254 4.258081 0.094725 -1.567981 4.258083 0.531395 -1.748857 4.258081 1 -1.810552 4.258083 1.468605 -1.748857 4.258081 1.905275 -1.567981 4.258081 2.280251 -1.280254 4.258081 2.567982 -0.905273 4.258083 2.748857 -0.468603 4.200972 0.550297 -1.678313 4.200972 1 -1.73752 4.200972 1.449703 -1.678313 4.200972 1.868759 -1.504736 4.200974 2.228611 -1.228611 4.200972 2.504735 -0.868757 4.200972 2.678314 -0.449705 4.200972 2.737518 0 4.200972 2.678314 0.449705 4.200972 2.504735 0.868757 4.200974 2.228611 1.228611 4.200972 1.868759 1.504736 4.200972 1.449703 1.678313 4.200972 1 1.73752 4.200972 0.550297 1.678313 4.200972 0.131241 1.504736 4.200972 -0.228611 1.228611 4.200972 -0.504735 0.868757 4.200974 -0.678314 0.449705 4.200972 -0.737518 0 4.200974 -0.678314 -0.449705 4.200972 -0.504735 -0.868757 4.200972 -0.228611 -1.228611 4.200972 0.131241 -1.504736 4.200972 2.688383 0 4.220271 2.669086 0 4.200972 2.630853 0.436987 4.220269 2.612214 0.43199 4.200972 2.462182 0.844192 4.220269 2.445471 0.834544 4.200972 2.193867 1.193867 4.220271 2.180222 1.180222 4.200972 1.844191 1.462183 4.220269 1.834543 1.445471 4.200972 1.436985 1.630852 4.220269 1.431992 1.612212 4.200972 1 1.688381 4.220269 1 1.669087 4.200972 0.563015 1.630852 4.220271 0.568008 1.612212 4.200972 0.155809 1.462183 4.220271 0.165457 1.445471 4.200972 -0.193867 1.193867 4.220269 -0.180222 1.180222 4.200974 -0.462182 0.844192 4.220271 -0.445471 0.834544 4.200972 -0.630853 0.436987 4.220269 -0.612214 0.43199 4.200972 -0.688383 0 4.220269 -0.669086 0 4.200972 -0.630853 -0.436987 4.220269 -0.612214 -0.43199 4.200974 -0.462182 -0.844192 4.220271 -0.445471 -0.834544 4.200972 -0.193867 -1.193867 4.220269 -0.180222 -1.180222 4.200972 0.155809 -1.462183 4.220271 0.165457 -1.445471 4.200972 0.563015 -1.630852 4.220271 0.568008 -1.612212 4.200972 1 -1.688381 4.220269 1 -1.669087 4.200972 1.436985 -1.630852 4.220269 1.431992 -1.612212 4.200972 1.844191 -1.462183 4.220269 1.834543 -1.445471 4.200972 2.193867 -1.193867 4.220271 2.180222 -1.180222 4.200972 2.462182 -0.844192 4.220269 2.445471 -0.834544 4.200972 2.630853 -0.436987 4.220269 2.612214 -0.43199 4.07459 2.791254 0 4.093887 2.810549 0 4.07459 2.730219 0.463611 4.093889 2.748857 0.468603 4.07459 2.551271 0.895625 4.093887 2.567982 0.905273 4.074592 2.266608 1.266606 4.093887 2.280251 1.280254 4.074592 1.895627 1.55127 4.093887 1.905275 1.567981 4.07459 1.46361 1.73022 4.093889 1.468605 1.748857 4.07459 1 1.791255 4.093887 1 1.810552 4.074592 0.53639 1.73022 4.093889 0.531395 1.748857 4.074592 0.104373 1.55127 4.093887 0.094725 1.567981 4.07459 -0.266608 1.266606 4.093889 -0.280252 1.280254 4.07459 -0.551271 0.895625 4.093887 -0.567982 0.905273 4.07459 -0.730219 0.463611 4.093889 -0.748857 0.468603 4.07459 -0.791254 0 4.093887 -0.81055 0 4.07459 -0.730219 -0.463611 4.093889 -0.748857 -0.468603 4.07459 -0.551271 -0.895625 4.093887 -0.567982 -0.905273 4.07459 -0.266608 -1.266606 4.093889 -0.280252 -1.280254 4.074592 0.104373 -1.55127 4.093887 0.094725 -1.567981 4.074592 0.53639 -1.73022 4.093889 0.531395 -1.748857 4.07459 1 -1.791255 4.093887 1 -1.810552 4.07459 1.46361 -1.73022 4.093889 1.468605 -1.748857 4.074592 1.895627 -1.55127 4.093887 1.905275 -1.567981 4.074592 2.266608 -1.266606 4.093887 2.280251 -1.280254 4.07459 2.551271 -0.895625 4.093887 2.567982 -0.905273 4.07459 2.730219 -0.463611 4.093889 2.748857 -0.468603 4.093875 0.55121 -1.674907 4.074592 0.54638 -1.692932 4.07459 1 -1.752651 4.093875 1 -1.733992 4.074592 1.45362 -1.692932 4.093875 1.44879 -1.674907 4.07459 1.876327 -1.517842 4.093877 1.866996 -1.50168 4.074592 2.239313 -1.239312 4.093875 2.226118 -1.226116 4.074592 2.517842 -0.876328 4.093877 2.50168 -0.866997 4.07459 2.692933 -0.453618 4.093875 2.674907 -0.448792 4.07459 2.752653 0 4.093877 2.733992 0 4.07459 2.692933 0.453618 4.093875 2.674907 0.448792 4.074592 2.517842 0.876328 4.093877 2.50168 0.866997 4.074592 2.239313 1.239312 4.093875 2.226118 1.226116 4.07459 1.876327 1.517842 4.093877 1.866996 1.50168 4.074592 1.45362 1.692932 4.093875 1.44879 1.674907 4.07459 1 1.752651 4.093875 1 1.733992 4.074592 0.54638 1.692932 4.093875 0.55121 1.674907 4.07459 0.123673 1.517842 4.093875 0.133004 1.50168 4.07459 -0.239313 1.239312 4.093875 -0.226118 1.226116 4.07459 -0.517842 0.876328 4.093875 -0.501681 0.866997 4.07459 -0.692933 0.453618 4.093875 -0.674907 0.448792 4.07459 -0.752653 0 4.093875 -0.733992 0 4.07459 -0.692933 -0.453618 4.093875 -0.674907 -0.448792 4.07459 -0.517842 -0.876328 4.093875 -0.501681 -0.866997 4.07459 -0.239313 -1.239312 4.093875 -0.226118 -1.226116 4.07459 0.123673 -1.517842 4.093875 0.133004 -1.50168 4.258081 2.540606 -0.63814 4.258082 2.67118 -0.692224 4.093888 2.67118 -0.692224 4.07459 2.653369 -0.684849 4.074591 2.61774 -0.67009 4.093876 2.600515 -0.662959 4.200972 2.603771 -0.664304 4.200972 2.558417 -0.64552 4.220269 2.540606 -0.63814 4.22027 2.653321 -0.217302 4.258082 2.653321 -0.217302 4.258082 2.793447 -0.23572 4.093888 2.793447 -0.23572 4.07459 2.774334 -0.233208 4.07459 2.736098 -0.228184 4.093876 2.717613 -0.225754 4.200972 2.721106 -0.226213 4.200972 2.672435 -0.219815 4.200972 2.671996 0.223137 4.200972 2.720655 0.229631 4.093876 2.717162 0.229165 4.07459 2.735643 0.231631 4.07459 2.773869 0.236733 4.093888 2.792978 0.239285 4.258082 2.792978 0.239285 4.258082 2.652888 0.220586 4.22027 2.652888 0.220586 4.200972 2.555915 0.651555 4.200972 2.601196 0.670515 4.093876 2.597945 0.669155 4.074591 2.615143 0.676355 4.07459 2.650715 0.69125 4.093888 2.668497 0.698694 4.258082 2.668497 0.698694 4.258081 2.538133 0.644104 4.220269 2.538133 0.644104 4.200972 2.334231 1.032092 4.200973 2.37306 1.062126 4.093876 2.370273 1.059973 4.074592 2.38502 1.071382 4.074591 2.415524 1.094976 4.093887 2.430771 1.106775 4.258081 2.430771 1.106775 4.258082 2.318982 1.020298 4.22027 2.318982 1.020298 4.200972 2.024102 1.340361 4.200973 2.053906 1.379368 4.093876 2.051767 1.376567 4.074591 2.063086 1.391384 4.074592 2.086499 1.422026 4.093887 2.098203 1.437346 4.258081 2.098203 1.437346 4.258082 2.012398 1.325042 4.22027 2.012398 1.325042 4.200972 1.633748 1.563286 4.200972 1.652191 1.608779 4.093876 1.650867 1.605513 4.074591 1.657872 1.622793 4.074591 1.672361 1.658535 4.093888 1.679604 1.676401 4.258082 1.679604 1.676401 4.258081 1.626505 1.545417 4.220269 1.626505 1.545417 4.200972 1.209986 1.673718 4.200972 1.216097 1.722432 4.093875 1.215659 1.718933 4.074591 1.21798 1.737432 4.07459 1.22278 1.775701 4.093888 1.22518 1.794829 4.258082 1.22518 1.794829 4.258081 1.207587 1.65459 4.220269 1.207587 1.65459 4.258082 0.76544 1.793591 4.258082 0.783768 1.653452 4.22027 0.783768 1.653452 4.200972 0.781268 1.672568 4.200972 0.774902 1.721245 4.093875 0.775359 1.717751 4.074591 0.772941 1.736238 4.074591 0.767941 1.774478 4.093888 0.76544 1.793591 4.258083 0.361877 1.540603 4.220271 0.361877 1.540603 4.200972 0.3545 1.558413 4.200972 0.335714 1.603767 4.093875 0.337063 1.600508 4.074591 0.329928 1.617734 4.074592 0.31517 1.653364 4.093888 0.307793 1.671174 4.258082 0.307793 1.671174 4.258082 -0.010945 1.32615 4.22027 -0.010944 1.32615 4.200972 -0.022632 1.341482 4.200972 -0.052393 1.380522 4.093875 -0.050257 1.377717 4.07459 -0.06156 1.392544 4.074591 -0.08494 1.423213 4.093888 -0.096628 1.43855 4.258082 -0.096628 1.43855 4.258082 -0.32393 1.013835 4.22027 -0.32393 1.013835 4.200973 -0.339236 1.025559 4.200972 -0.378211 1.055403 4.093875 -0.375413 1.053262 4.07459 -0.390215 1.064597 4.07459 -0.420834 1.088042 4.093888 -0.43614 1.099766 4.258082 -0.43614 1.099766 4.258082 -0.539188 0.641533 4.22027 -0.539188 0.641533 4.200973 -0.556983 0.648955 4.200973 -0.602295 0.667837 4.093875 -0.599042 0.666482 4.07459 -0.616251 0.673655 4.07459 -0.651848 0.688489 4.093888 -0.669643 0.695906 4.258082 -0.669643 0.695906 4.258081 -0.653547 0.215501 4.220269 -0.653547 0.215501 4.200972 -0.672663 0.217993 4.200973 -0.721342 0.224338 4.093875 -0.717848 0.223884 4.07459 -0.736336 0.226289 4.07459 -0.774577 0.231277 4.093888 -0.793694 0.23377 4.258082 -0.793694 0.23377 4.258081 -0.654559 -0.207815 4.220269 -0.654559 -0.207817 4.200972 -0.673688 -0.21022 4.200973 -0.722396 -0.216338 4.093875 -0.7189 -0.215898 4.07459 -0.737399 -0.21822 4.07459 -0.775664 -0.22303 4.093888 -0.794792 -0.22543 4.258082 -0.794792 -0.22543 4.258082 -0.540187 -0.639128 4.22027 -0.540187 -0.639128 4.200973 -0.557993 -0.646519 4.200973 -0.603334 -0.665332 4.093875 -0.60008 -0.663982 4.07459 -0.6173 -0.671126 4.07459 -0.65292 -0.685908 4.093888 -0.670726 -0.693298 4.258082 -0.670726 -0.693298 4.258082 -0.32083 -1.017881 4.22027 -0.32083 -1.017881 4.200973 -0.3361 -1.029648 4.200972 -0.374984 -1.059614 4.093875 -0.372193 -1.057463 4.07459 -0.386961 -1.068845 4.07459 -0.417508 -1.092383 4.093888 -0.432778 -1.104153 4.258082 -0.432778 -1.104153 4.258082 -0.021339 -1.318179 4.22027 -0.021339 -1.318179 4.200972 -0.033147 -1.333418 4.200972 -0.063214 -1.372224 4.093875 -0.061056 -1.369438 4.07459 -0.072476 -1.384177 4.074591 -0.096096 -1.414661 4.093888 -0.107904 -1.429902 4.258082 -0.107904 -1.429902 4.258083 0.361647 -1.54051 4.220271 0.361647 -1.54051 4.200972 0.354267 -1.558323 4.200972 0.335474 -1.603674 4.093875 0.336823 -1.600417 4.074591 0.329686 -1.617642 4.074592 0.314923 -1.653269 4.093888 0.307543 -1.671079 4.258082 0.307543 -1.671079 4.258082 0.786688 -1.653843 4.22027 0.786688 -1.653843 4.200972 0.784222 -1.672961 4.200972 0.777943 -1.72165 4.093875 0.778394 -1.718157 4.074591 0.776008 -1.736648 4.074591 0.771075 -1.774897 4.093888 0.768609 -1.794016 4.258082 0.768609 -1.794016 4.258081 1.218974 -1.653098 4.220269 1.218974 -1.653098 4.200972 1.221506 -1.672209 4.200972 1.227952 -1.720876 4.093875 1.227489 -1.717383 4.074591 1.229937 -1.735864 4.07459 1.235001 -1.774097 4.093888 1.237533 -1.793208 4.258082 1.237533 -1.793208 4.258081 1.644104 -1.538135 4.220269 1.644104 -1.538135 4.200972 1.651551 -1.555918 4.200972 1.670512 -1.601199 4.093876 1.669151 -1.597947 4.074591 1.676353 -1.615144 4.074591 1.691248 -1.650718 4.093888 1.698695 -1.668499 4.258082 1.698695 -1.668499 4.258082 2.008707 -1.327881 4.22027 2.008707 -1.327881 4.200972 2.020368 -1.343235 4.200973 2.050063 -1.382322 4.093876 2.047932 -1.379517 4.074591 2.05921 -1.39436 4.074592 2.082538 -1.425071 4.093887 2.094199 -1.440425 4.258081 2.0942 -1.440425 4.258082 2.325569 -1.011719 4.22027 2.325569 -1.011719 4.200972 2.340894 -1.023418 4.200973 2.379916 -1.053198 4.093876 2.377115 -1.051062 4.074592 2.391936 -1.062375 4.074591 2.422592 -1.085771 4.093887 2.437917 -1.097466 4.258081 2.437917 -1.097466</float_array>
          <technique_common>
            <accessor source="#pPipeShape68-positions-array" count="432" stride="3">
              <param name="X" type="float"/>
              <param name="Y" type="float"/>
              <param name="Z" type="float"/>
            </accessor>
          </technique_common>
        </source>
        <source id="pPipeShape68-normals" name="pPipeShape68-normals">
          <float_array id="pPipeShape68-normals-array" count="7776">-0.3820329 -0.9216669 -0.06768399 -0.382909 -0.923786 -4.07e-4 0.7071103 -0.7052044 -0.05178603 0.7071103 -0.7052044 -0.05178603 -0.382909 -0.923786 -4.07e-4 0.7080492 -0.7061632 -3.1e-4 -0.3820562 -0.8724605 -0.3047062 -0.382939 -0.891999 -0.240199 0.707102 -0.66757 -0.233146 0.707102 -0.66757 -0.233146 -0.382939 -0.891999 -0.240199 0.7080442 -0.6818792 -0.183615 -0.3820289 -0.7638669 -0.520155 -0.3829271 -0.7992112 -0.4632801 0.707107 -0.584466 -0.397994 0.707107 -0.584466 -0.397994 -0.3829271 -0.7992112 -0.4632801 0.7080351 -0.610954 -0.354149 -0.3820391 -0.6037541 -0.6996622 -0.382905 -0.652332 -0.6541 0.707109 -0.46196 -0.535341 0.707109 -0.46196 -0.535341 -0.382905 -0.652332 -0.6541 0.7080278 -0.4986699 -0.5000249 -0.3820261 -0.4001941 -0.8330072 -0.38294 -0.460234 -0.800963 0.7071052 -0.3062031 -0.6373712 0.7071052 -0.3062031 -0.6373712 -0.38294 -0.460234 -0.800963 0.708067 -0.35181 -0.612267 -0.3820311 -0.171488 -0.9080992 -0.3829361 -0.2363291 -0.8930333 0.707102 -0.131218 -0.69483 0.707102 -0.131218 -0.69483 -0.3829361 -0.2363291 -0.8930333 0.7080203 -0.1806691 -0.6826903 -0.3820598 0.06664198 -0.9217317 -0.382903 0.001135 -0.9237879 0.7071071 0.05099901 -0.705265 0.7071071 0.05099901 -0.705265 -0.382903 0.001135 -0.9237879 0.707996 8.69e-4 -0.706216 -0.3820399 0.303267 -0.8729689 -0.3829099 0.2389209 -0.8923547 0.7071081 0.232039 -0.6679491 0.7071081 0.232039 -0.6679491 -0.3829099 0.2389209 -0.8923547 0.708043 0.18264 -0.6821421 -0.3820718 0.5177737 -0.7654616 -0.3828959 0.4613169 -0.8003608 0.7071109 0.3961749 -0.5856959 0.7071109 0.3961749 -0.5856959 -0.3828959 0.4613169 -0.8003608 0.7080237 0.3526518 -0.6118327 -0.382071 0.699384 -0.6040561 -0.382939 0.652899 -0.653514 0.7071032 0.5351421 -0.4621991 0.7071032 0.5351421 -0.4621991 -0.382939 0.652899 -0.653514 0.7080584 0.4990932 -0.4995592 -0.3820921 0.8313111 -0.4036431 -0.3829312 0.7998845 -0.4621133 0.7071093 0.6360853 -0.3088562 0.7071093 0.6360853 -0.3088562 -0.3829312 0.7998845 -0.4621133 0.708023 0.611478 -0.353268 -0.3820679 0.9077379 -0.173309 -0.3829459 0.8922477 -0.2392629 0.7071024 0.6945654 -0.1326101 0.7071024 0.6945654 -0.1326101 -0.3829459 0.8922477 -0.2392629 0.7080542 0.6820602 -0.1829021 -0.3821201 0.9218631 0.06444101 -0.3829209 0.9237806 -0.001015 0.7071041 0.7053881 0.04931101 0.7071041 0.7053881 0.04931101 -0.3829209 0.9237806 -0.001015 0.707994 0.7062181 -7.75e-4 -0.3820689 0.8728708 0.3035129 -0.382944 0.892565 0.238079 0.7071045 0.6678835 0.2322388 0.7071045 0.6678835 0.2322388 -0.382944 0.892565 0.238079 0.7080698 0.6822868 0.181994 -0.3820519 0.7642508 0.5195739 -0.3829347 0.7997345 0.4623697 0.7071099 0.5847659 0.3975479 0.7071099 0.5847659 0.3975479 -0.3829347 0.7997345 0.4623697 0.7080488 0.6113448 0.3534469 -0.382098 0.6058831 0.697787 -0.3829142 0.6536173 0.6528103 0.707103 0.463605 0.533925 0.707103 0.463605 0.533925 -0.3829142 0.6536173 0.6528103 0.7079951 0.4996801 0.4990621 -0.382055 0.4028929 0.8316919 -0.3829162 0.4627262 0.7995373 0.7071111 0.308269 0.636368 0.7071111 0.308269 0.636368 -0.3829162 0.4627262 0.7995373 0.7080671 0.353707 0.611173 -0.3820271 0.1728261 0.9078472 -0.3829172 0.2386111 0.8924344 0.7071068 0.132243 0.6946307 0.7071068 0.132243 0.6946307 -0.3829172 0.2386111 0.8924344 0.7080531 0.182403 0.6821951 -0.3820501 -0.067297 0.9216881 -0.382906 -7.13e-4 0.9237871 0.707105 -0.05149501 0.7052311 0.707105 -0.05149501 0.7052311 -0.382906 -7.13e-4 0.9237871 0.7080256 -5.44e-4 0.7061866 -0.3820521 -0.304698 0.8724651 -0.3829418 -0.2399949 0.8920527 0.7071019 -0.233138 0.6675729 0.7071019 -0.233138 0.6675729 -0.3829418 -0.2399949 0.8920527 0.7080489 -0.18346 0.6819159 -0.3821119 -0.5171059 0.7658929 -0.3829198 -0.4616978 0.8001297 0.7071081 -0.3956781 0.5860351 0.7071081 -0.3956781 0.5860351 -0.3829198 -0.4616978 0.8001297 0.707986 -0.352968 0.611694 -0.3820438 -0.6997797 0.6036147 -0.3829318 -0.6528967 0.6535207 0.7071083 -0.5354332 0.4618542 0.7071083 -0.5354332 0.4618542 -0.3829318 -0.6528967 0.6535207 0.7080799 -0.4990719 0.49955 -0.3829319 -0.8923118 0.2390459 -0.3820779 -0.8729658 0.3032279 0.7080337 -0.6821257 0.1827369 0.7080337 -0.6821257 0.1827369 -0.3820779 -0.8729658 0.3032279 0.7071021 -0.6679631 0.232017 -0.382909 -0.923786 -4.07e-4 -0.38205 -0.921719 0.066873 0.7080492 -0.7061632 -3.1e-4 0.7080492 -0.7061632 -3.1e-4 -0.38205 -0.921719 0.066873 0.7071099 -0.70525 0.05116699 0.7071103 -0.7052044 -0.05178603 0.7080492 -0.7061632 -3.1e-4 0.7071034 0.7052114 0.05178603 0.7071034 0.7052114 0.05178603 0.7080492 -0.7061632 -3.1e-4 0.7080422 0.7061702 3.1e-4 0.707102 -0.66757 -0.233146 0.7080442 -0.6818792 -0.183615 0.7071118 0.6675578 0.2331509 0.7071118 0.6675578 0.2331509 0.7080442 -0.6818792 -0.183615 0.7080522 0.6818702 0.1836171 0.707107 -0.584466 -0.397994 0.7080351 -0.610954 -0.354149 0.7071052 0.5844722 0.3979881 0.7071052 0.5844722 0.3979881 0.7080351 -0.610954 -0.354149 0.7080358 0.6109539 0.3541479 0.707109 -0.46196 -0.535341 0.7080278 -0.4986699 -0.5000249 0.7071016 0.4619598 0.5353507 0.7071016 0.4619598 0.5353507 0.7080278 -0.4986699 -0.5000249 0.7080208 0.4986759 0.5000289 0.7071052 -0.3062031 -0.6373712 0.708067 -0.35181 -0.612267 0.7071072 0.306215 0.6373632 0.7071072 0.306215 0.6373632 0.708067 -0.35181 -0.612267 0.7080657 0.3518129 0.6122668 0.707102 -0.131218 -0.69483 0.7080203 -0.1806691 -0.6826903 0.707111 0.131217 0.694821 0.707111 0.131217 0.694821 0.7080203 -0.1806691 -0.6826903 0.70803 0.18067 0.68268 0.7071071 0.05099901 -0.705265 0.707996 8.69e-4 -0.706216 0.7071068 -0.05099199 0.7052658 0.7071068 -0.05099199 0.7052658 0.707996 8.69e-4 -0.706216 0.707998 -8.72e-4 0.706214 0.7071081 0.232039 -0.6679491 0.708043 0.18264 -0.6821421 0.7071049 -0.232058 0.6679459 0.7071049 -0.232058 0.6679459 0.708043 0.18264 -0.6821421 0.7080422 -0.182643 0.6821422 0.7071109 0.3961749 -0.5856959 0.7080237 0.3526518 -0.6118327 0.7071041 -0.396172 0.5857061 0.7071041 -0.396172 0.5857061 0.7080237 0.3526518 -0.6118327 0.7080159 -0.352653 0.611841 0.7071032 0.5351421 -0.4621991 0.7080584 0.4990932 -0.4995592 0.70711 -0.535135 0.462197 0.70711 -0.535135 0.462197 0.7080584 0.4990932 -0.4995592 0.7080642 -0.4990881 0.4995561 0.7071093 0.6360853 -0.3088562 0.708023 0.611478 -0.353268 0.7071044 -0.6360893 0.3088591 0.7071044 -0.6360893 0.3088591 0.708023 0.611478 -0.353268 0.7080169 -0.6114849 0.353268 0.7071024 0.6945654 -0.1326101 0.7080542 0.6820602 -0.1829021 0.7071114 -0.6945564 0.1326081 0.7071114 -0.6945564 0.1326081 0.7080542 0.6820602 -0.1829021 0.7080618 -0.6820529 0.1829 0.7071041 0.7053881 0.04931101 0.707994 0.7062181 -7.75e-4 0.7071092 -0.7053832 -0.04930502 0.7071092 -0.7053832 -0.04930502 0.707994 0.7062181 -7.75e-4 0.707997 -0.706215 7.75e-4 0.7071045 0.6678835 0.2322388 0.7080698 0.6822868 0.181994 0.7071089 -0.6678799 -0.232236 0.7071089 -0.6678799 -0.232236 0.7080698 0.6822868 0.181994 0.7080778 -0.6822798 -0.1819899 0.7071099 0.5847659 0.3975479 0.7080488 0.6113448 0.3534469 0.7071044 -0.5847733 -0.3975472 0.7071044 -0.5847733 -0.3975472 0.7080488 0.6113448 0.3534469 0.7080428 -0.6113499 -0.3534499 0.707103 0.463605 0.533925 0.7079951 0.4996801 0.4990621 0.7071099 -0.463598 -0.533922 0.7071099 -0.463598 -0.533922 0.7079951 0.4996801 0.4990621 0.7080008 -0.4996749 -0.4990589 0.7071111 0.308269 0.636368 0.7080671 0.353707 0.611173 0.7071022 -0.3082871 -0.6363692 0.7071022 -0.3082871 -0.6363692 0.7080671 0.353707 0.611173 0.708059 -0.353715 -0.6111779 0.7071068 0.132243 0.6946307 0.7080531 0.182403 0.6821951 0.707107 -0.132235 -0.694632 0.707107 -0.132235 -0.694632 0.7080531 0.182403 0.6821951 0.7080518 -0.182401 -0.6821968 0.707105 -0.05149501 0.7052311 0.7080256 -5.44e-4 0.7061866 0.7071082 0.05149201 -0.7052281 0.7071082 0.05149201 -0.7052281 0.7080256 -5.44e-4 0.7061866 0.7080271 5.47e-4 -0.706185 0.7071019 -0.233138 0.6675729 0.7080489 -0.18346 0.6819159 0.7071111 0.233147 -0.66756 0.7071111 0.233147 -0.66756 0.7080489 -0.18346 0.6819159 0.7080587 0.1834599 -0.6819057 0.7071081 -0.3956781 0.5860351 0.707986 -0.352968 0.611694 0.7071049 0.3956749 -0.5860409 0.7071049 0.3956749 -0.5860409 0.707986 -0.352968 0.611694 0.707985 0.352968 -0.6116951 0.7071083 -0.5354332 0.4618542 0.7080799 -0.4990719 0.49955 0.707102 0.535445 -0.46185 0.707102 0.535445 -0.46185 0.7080799 -0.4990719 0.49955 0.7080737 0.4990768 -0.4995538 0.7071021 -0.6679631 0.232017 0.7071117 0.6679507 -0.2320239 0.7080337 -0.6821257 0.1827369 0.7080337 -0.6821257 0.1827369 0.7071117 0.6679507 -0.2320239 0.708042 0.6821169 -0.182738 0.7071099 -0.70525 0.05116699 0.7071034 0.7052564 -0.05116803 0.7080492 -0.7061632 -3.1e-4 0.7080492 -0.7061632 -3.1e-4 0.7071034 0.7052564 -0.05116803 0.7080422 0.7061702 3.1e-4 0.7071034 0.7052114 0.05178603 0.7080422 0.7061702 3.1e-4 -0.3820421 0.9216632 0.06768301 -0.3820421 0.9216632 0.06768301 0.7080422 0.7061702 3.1e-4 -0.3829152 0.9237834 4.06e-4 0.7071118 0.6675578 0.2331509 0.7080522 0.6818702 0.1836171 -0.3820079 0.8724778 0.3047169 -0.3820079 0.8724778 0.3047169 0.7080522 0.6818702 0.1836171 -0.3829041 0.8920123 0.2402051 0.7071052 0.5844722 0.3979881 0.7080358 0.6109539 0.3541479 -0.3820462 0.7638664 0.5201432 -0.3820462 0.7638664 0.5201432 0.7080358 0.6109539 0.3541479 -0.382922 0.799216 0.463276 0.7071016 0.4619598 0.5353507 0.7080208 0.4986759 0.5000289 -0.3820941 0.6037381 0.6996461 -0.3820941 0.6037381 0.6996461 0.7080208 0.4986759 0.5000289 -0.3829661 0.6523111 0.654085 0.7071072 0.306215 0.6373632 0.7080657 0.3518129 0.6122668 -0.3820268 0.4002048 0.8330016 -0.3820268 0.4002048 0.8330016 0.7080657 0.3518129 0.6122668 -0.3829582 0.4602322 0.8009554 0.707111 0.131217 0.694821 0.70803 0.18067 0.68268 -0.3819958 0.1715009 0.9081116 -0.3819958 0.1715009 0.9081116 0.70803 0.18067 0.68268 -0.3828991 0.2363401 0.8930463 -0.3820691 -0.06664802 0.9217274 0.7071068 -0.05099199 0.7052658 -0.3829121 -0.001143 0.9237841 -0.3829121 -0.001143 0.9237841 0.7071068 -0.05099199 0.7052658 0.707998 -8.72e-4 0.706214 0.7071049 -0.232058 0.6679459 0.7080422 -0.182643 0.6821422 -0.3820648 -0.3032768 0.8729546 -0.3820648 -0.3032768 0.8729546 0.7080422 -0.182643 0.6821422 -0.38292 -0.238926 0.892349 0.7071041 -0.396172 0.5857061 0.7080159 -0.352653 0.611841 -0.382136 -0.517754 0.765443 -0.382136 -0.517754 0.765443 0.7080159 -0.352653 0.611841 -0.3829559 -0.4612999 0.8003419 0.70711 -0.535135 0.462197 0.7080642 -0.4990881 0.4995561 -0.3820591 -0.6993871 0.6040601 -0.3820591 -0.6993871 0.6040601 0.7080642 -0.4990881 0.4995561 -0.382946 -0.652897 0.653512 0.7071044 -0.6360893 0.3088591 0.7080169 -0.6114849 0.353268 -0.3820811 -0.8313112 0.4036531 -0.3820811 -0.8313112 0.4036531 0.7080169 -0.6114849 0.353268 -0.3829219 -0.7998879 0.4621149 0.7071114 -0.6945564 0.1326081 0.7080618 -0.6820529 0.1829 -0.3820389 -0.9077488 0.173316 -0.3820389 -0.9077488 0.173316 0.7080618 -0.6820529 0.1829 -0.3829108 -0.8922607 0.2392699 0.7071092 -0.7053832 -0.04930502 0.707997 -0.706215 7.75e-4 -0.3821019 -0.9218708 -0.06443998 -0.3821019 -0.9218708 -0.06443998 0.707997 -0.706215 7.75e-4 -0.3829072 -0.9237863 0.001015 0.7071089 -0.6678799 -0.232236 0.7080778 -0.6822798 -0.1819899 -0.3820409 -0.8728809 -0.303519 -0.3820409 -0.8728809 -0.303519 0.7080778 -0.6822798 -0.1819899 -0.3829158 -0.8925756 -0.2380849 0.7071044 -0.5847733 -0.3975472 0.7080428 -0.6113499 -0.3534499 -0.382053 -0.764255 -0.519567 -0.382053 -0.764255 -0.519567 0.7080428 -0.6113499 -0.3534499 -0.3829289 -0.7997378 -0.4623689 0.7071099 -0.463598 -0.533922 0.7080008 -0.4996749 -0.4990589 -0.3821101 -0.6058822 -0.6977813 -0.3821101 -0.6058822 -0.6977813 0.7080008 -0.4996749 -0.4990589 -0.382919 -0.6536179 -0.6528069 0.7071022 -0.3082871 -0.6363692 0.708059 -0.353715 -0.6111779 -0.3820968 -0.4028928 -0.8316726 -0.3820968 -0.4028928 -0.8316726 0.708059 -0.353715 -0.6111779 -0.3829629 -0.4627139 -0.7995219 0.707107 -0.132235 -0.694632 0.7080518 -0.182401 -0.6821968 -0.3820352 -0.1728281 -0.9078434 -0.3820352 -0.1728281 -0.9078434 0.7080518 -0.182401 -0.6821968 -0.382927 -0.238612 -0.89243 0.7071082 0.05149201 -0.7052281 0.7080271 5.47e-4 -0.706185 -0.3820579 0.06729799 -0.9216847 -0.3820579 0.06729799 -0.9216847 0.7080271 5.47e-4 -0.706185 -0.382921 7.14e-4 -0.9237809 0.7071111 0.233147 -0.66756 0.7080587 0.1834599 -0.6819057 -0.3820108 0.3047138 -0.8724776 -0.3820108 0.3047138 -0.8724776 0.7080587 0.1834599 -0.6819057 -0.3829038 0.2400039 -0.8920666 0.7071049 0.3956749 -0.5860409 0.707985 0.352968 -0.6116951 -0.3821459 0.5171019 -0.7658788 -0.3821459 0.5171019 -0.7658788 0.707985 0.352968 -0.6116951 -0.3829389 0.4616958 -0.8001217 0.707102 0.535445 -0.46185 0.7080737 0.4990768 -0.4995538 -0.3820679 0.6997769 -0.6036029 -0.3820679 0.6997769 -0.6036029 0.7080737 0.4990768 -0.4995538 -0.382973 0.6528841 -0.6535091 0.708042 0.6821169 -0.182738 0.7071117 0.6679507 -0.2320239 -0.3829001 0.8923241 -0.239051 -0.3829001 0.8923241 -0.239051 0.7071117 0.6679507 -0.2320239 -0.382033 0.872982 -0.303238 0.7080422 0.7061702 3.1e-4 0.7071034 0.7052564 -0.05116803 -0.3829152 0.9237834 4.06e-4 -0.3829152 0.9237834 4.06e-4 0.7071034 0.7052564 -0.05116803 -0.3820529 0.9217178 -0.06687298 -0.9239774 0.3824472 1.68e-4 -0.9208106 -0.3900099 -1.72e-4 -0.9236146 0.3822928 0.02807499 -0.9236146 0.3822928 0.02807499 -0.9208106 -0.3900099 -1.72e-4 -0.9204346 -0.3898468 -0.02862999 -0.9239737 0.3692999 0.09944898 -0.920813 -0.37659 -0.101407 -0.9236035 0.3619108 0.1264009 -0.9236035 0.3619108 0.1264009 -0.920813 -0.37659 -0.101407 -0.920428 -0.369054 -0.128886 -0.9239876 0.3308549 0.1917859 -0.9208117 -0.3374169 -0.1955909 -0.9236252 0.3168201 0.215735 -0.9236252 0.3168201 0.215735 -0.9208117 -0.3374169 -0.1955909 -0.9204324 -0.3231041 -0.2200181 -0.9239969 0.270029 0.270766 -0.9208271 -0.275377 -0.276125 -0.9236324 0.2504011 0.2901771 -0.9236324 0.2504011 0.2901771 -0.9208271 -0.275377 -0.276125 -0.9204549 -0.255348 -0.295906 -0.9239858 0.19053 0.3315849 -0.9208306 -0.1942799 -0.3381219 -0.923601 0.166012 0.345545 -0.923601 0.166012 0.345545 -0.9208306 -0.1942799 -0.3381219 -0.9204322 -0.169277 -0.3523491 -0.9239767 0.09784497 0.3697209 -0.9208156 -0.09977296 -0.3770199 -0.9236037 0.07114097 0.3766899 -0.9236037 0.07114097 0.3766899 -0.9208156 -0.09977296 -0.3770199 -0.9204259 -0.07253999 -0.3841279 -0.9239761 -4.75e-4 0.3824501 -0.9208092 4.79e-4 -0.3900131 -0.9236246 -0.02764599 0.3822998 -0.9236246 -0.02764599 0.3822998 -0.9208092 4.79e-4 -0.3900131 -0.9204497 0.02817799 -0.3898439 -0.9239764 -0.09891704 0.3694362 -0.9208305 0.1008591 -0.3766942 -0.9236202 -0.12579 0.3620811 -0.9236202 -0.12579 0.3620811 -0.9208305 0.1008591 -0.3766942 -0.9204641 0.12826 -0.369182 -0.9239838 -0.190973 0.3313359 -0.920832 0.194737 -0.337855 -0.9236436 -0.2147279 0.3174499 -0.9236436 -0.2147279 0.3174499 -0.920832 0.194737 -0.337855 -0.9204704 0.2189691 -0.3237081 -0.9239873 -0.2702851 0.2705431 -0.9208216 0.2756299 -0.2758909 -0.9236211 -0.290086 0.250548 -0.9236211 -0.290086 0.250548 -0.9208216 0.2756299 -0.2758909 -0.9204444 0.2958122 -0.2554941 -0.9239783 -0.3311531 0.1913161 -0.9208168 0.3376899 -0.195095 -0.9236293 -0.3447901 0.1674181 -0.9236293 -0.3447901 0.1674181 -0.9208168 0.3376899 -0.195095 -0.9204568 0.3515879 -0.17072 -0.9239731 -0.369406 0.09906001 -0.9208184 0.3766832 -0.101012 -0.9236112 -0.3765291 0.07189102 -0.9236112 -0.3765291 0.07189102 -0.9208184 0.3766832 -0.101012 -0.9204416 0.3839448 -0.07330497 -0.9239741 -0.3824551 4.21e-4 -0.9208122 0.3900061 -4.29e-4 -0.9236398 -0.3823289 -0.02672599 -0.9236398 -0.3823289 -0.02672599 -0.9208122 0.3900061 -4.29e-4 -0.9204665 0.3898702 0.02725202 -0.9239753 -0.3695321 -0.09856804 -0.9208201 0.3768131 0.100511 -0.9236135 -0.3620612 -0.1258961 -0.9236135 -0.3620612 -0.1258961 -0.9208201 0.3768131 0.100511 -0.9204404 0.3692001 0.128378 -0.9239819 -0.331084 -0.191418 -0.9208187 0.3376249 0.195198 -0.9236191 -0.316993 -0.215507 -0.9236191 -0.316993 -0.215507 -0.9208187 0.3376249 0.195198 -0.9204431 0.32325 0.219759 -0.9239759 -0.270602 -0.270265 -0.9208168 0.2759389 0.2755979 -0.923639 -0.251281 -0.289394 -0.923639 -0.251281 -0.289394 -0.9208168 0.2759389 0.2755979 -0.9204689 0.256232 0.295097 -0.9239863 -0.1915561 -0.3309921 -0.9208366 0.1953269 0.3375019 -0.9236271 -0.167102 -0.344949 -0.9236271 -0.167102 -0.344949 -0.9208366 0.1953269 0.3375019 -0.9204652 0.17039 0.3517261 -0.923979 -0.098785 -0.369465 -0.9208308 0.100727 0.3767289 -0.9236109 -0.07169099 -0.3765679 -0.9236109 -0.07169099 -0.3765679 -0.9208308 0.100727 0.3767289 -0.9204497 0.07309298 0.3839659 -0.9239796 2.94e-4 -0.3824418 -0.9208122 -3.05e-4 0.3900061 -0.9236233 0.02791401 -0.3822841 -0.9236233 0.02791401 -0.3822841 -0.9208122 -3.05e-4 0.3900061 -0.9204384 -0.02846001 0.3898502 -0.9239786 0.09936296 -0.3693109 -0.9208177 -0.10132 0.3766019 -0.9236069 0.126396 -0.361904 -0.9236069 0.126396 -0.361904 -0.9208177 -0.10132 0.3766019 -0.9204363 -0.128884 0.3690341 -0.9239777 0.191144 -0.3312539 -0.9208133 -0.194921 0.3378001 -0.9236476 0.2144529 -0.3176239 -0.9236476 0.2144529 -0.3176239 -0.9208133 -0.194921 0.3378001 -0.9204646 -0.2186949 0.3239098 -0.923999 0.270265 -0.270523 -0.9208294 -0.2756141 0.2758811 -0.9236274 0.2902361 -0.2503511 -0.9236274 0.2902361 -0.2503511 -0.9208294 -0.2756141 0.2758811 -0.9204496 -0.2959679 0.2552949 -0.9239711 0.369435 -0.09897102 -0.9236154 0.3620972 -0.1257791 -0.9208122 -0.3767221 0.100923 -0.9208122 -0.3767221 0.100923 -0.9236154 0.3620972 -0.1257791 -0.9204391 -0.369246 0.128255 -0.9239774 0.3824472 1.68e-4 -0.9236206 0.3823029 -0.02773799 -0.9208106 -0.3900099 -1.72e-4 -0.9208106 -0.3900099 -1.72e-4 -0.9236206 0.3823029 -0.02773799 -0.9204406 -0.3898578 0.02828699 -0.3592081 0.1745321 0.9167923 -0.3600529 0.2409759 0.9012728 -0.6954079 0.134391 0.705937 -0.6954079 0.134391 0.705937 -0.3600529 0.2409759 0.9012728 -0.6963661 0.185378 0.6933321 -0.3591812 -0.06795504 0.9307905 -0.3600151 -7.22e-4 0.9329463 -0.6954016 -0.05232797 0.7167136 -0.6954016 -0.05232797 0.7167136 -0.3600151 -7.22e-4 0.9329463 -0.6963359 -5.54e-4 0.7177159 -0.3591872 -0.3077101 0.8810784 -0.3600421 -0.2423771 0.9009013 -0.6954041 -0.236937 0.6784351 -0.6954041 -0.236937 0.6784351 -0.3600421 -0.2423771 0.9009013 -0.696366 -0.186456 0.693043 -0.3592131 -0.5222251 0.7734642 -0.359992 -0.466287 0.8080731 -0.6954051 -0.4021191 0.5955771 -0.6954051 -0.4021191 0.5955771 -0.359992 -0.466287 0.8080731 -0.6962929 -0.358731 0.6216819 -0.3592139 -0.7066788 0.6095659 -0.3600521 -0.6593652 0.6600002 -0.6954191 -0.5441431 0.4693621 -0.6954191 -0.5441431 0.4693621 -0.3600521 -0.6593652 0.6600002 -0.6964067 -0.5072088 0.5076978 -0.3600158 -0.9011685 0.2414209 -0.3591911 -0.8815933 0.3062271 -0.6963488 -0.6932577 0.1857209 -0.6963488 -0.6932577 0.1857209 -0.3591911 -0.8815933 0.3062271 -0.695403 -0.6788331 0.235797 -0.360011 -0.932948 -4.11e-4 -0.359187 -0.9308189 0.06753499 -0.6963584 -0.7176943 -3.16e-4 -0.6963584 -0.7176943 -3.16e-4 -0.359187 -0.9308189 0.06753499 -0.6954041 -0.7167351 0.05200001 -0.3591699 -0.9307656 -0.06835398 -0.360011 -0.932948 -4.11e-4 -0.6954056 -0.7166876 -0.05263097 -0.6954056 -0.7166876 -0.05263097 -0.360011 -0.932948 -4.11e-4 -0.6963584 -0.7176943 -3.16e-4 -0.359163 -0.8810859 -0.307717 -0.3600182 -0.9008554 -0.2425831 -0.6954063 -0.6784303 -0.2369441 -0.6954063 -0.6784303 -0.2369441 -0.3600182 -0.9008554 -0.2425831 -0.6963609 -0.6930059 -0.186613 -0.359196 -0.7713961 -0.525287 -0.360036 -0.8071351 -0.4678751 -0.6954132 -0.5939763 -0.4044662 -0.6954132 -0.5939763 -0.4044662 -0.360036 -0.8071351 -0.4678751 -0.696354 -0.62092 -0.35993 -0.359209 -0.60971 -0.706557 -0.360049 -0.65879 -0.660576 -0.6954169 -0.4694709 -0.5440519 -0.6954169 -0.4694709 -0.5440519 -0.360049 -0.65879 -0.660576 -0.6963508 -0.5068058 -0.5081768 -0.3591451 -0.4041471 -0.8412372 -0.360031 -0.4647981 -0.8089131 -0.6954011 -0.311191 -0.6477481 -0.6954011 -0.311191 -0.6477481 -0.360031 -0.4647981 -0.8089131 -0.6963772 -0.3575541 -0.6222652 -0.3591689 -0.173187 -0.9170628 -0.3600369 -0.2386809 -0.9018897 -0.695404 -0.133356 -0.706137 -0.695404 -0.133356 -0.706137 -0.3600369 -0.2386809 -0.9018897 -0.6963352 -0.183622 -0.6938302 -0.359201 0.067293 -0.930831 -0.360004 0.001148 -0.9329501 -0.6954022 0.05181801 -0.7167502 -0.6954022 0.05181801 -0.7167502 -0.360004 0.001148 -0.9329501 -0.6963028 8.83e-4 -0.7177477 -0.3592241 0.3062661 -0.8815663 -0.3600498 0.2412949 -0.9011886 -0.6953992 0.2358311 -0.6788253 -0.6953992 0.2358311 -0.6788253 -0.3600498 0.2412949 -0.9011886 -0.6963533 0.1856271 -0.6932783 -0.3592199 0.5228869 -0.7730138 -0.3600259 0.4658869 -0.8082888 -0.6953959 0.4026339 -0.5952399 -0.6953959 0.4026339 -0.5952399 -0.3600259 0.4658869 -0.8082888 -0.696323 0.358414 -0.621831 -0.3591951 0.7062902 -0.6100271 -0.3600281 0.6593772 -0.6600012 -0.6954021 0.543848 -0.4697291 -0.6954021 0.543848 -0.4697291 -0.3600281 0.6593772 -0.6600012 -0.69637 0.507239 -0.507718 -0.359223 0.8395179 -0.407638 -0.360027 0.8078191 -0.4667 -0.6953958 0.6464508 -0.3138889 -0.6953958 0.6464508 -0.3138889 -0.360027 0.8078191 -0.4667 -0.6963229 0.6214699 -0.35904 -0.359182 0.9167091 -0.175022 -0.360023 0.9011069 -0.24164 -0.695418 0.705856 -0.134763 -0.695418 0.705856 -0.134763 -0.360023 0.9011069 -0.24164 -0.696384 0.693179 -0.185883 -0.359244 0.930972 0.065077 -0.3600171 0.9329453 -0.001025 -0.695405 0.716869 0.050108 -0.695405 0.716869 0.050108 -0.3600171 0.9329453 -0.001025 -0.6963109 0.7177399 -7.88e-4 -0.359182 0.8814959 0.306518 -0.3600281 0.9014242 0.2404461 -0.6954154 0.6787433 0.2360191 -0.6954154 0.6787433 0.2360191 -0.3600281 0.9014242 0.2404461 -0.6964002 0.6934092 0.1849611 -0.3591958 0.7717956 0.5246997 -0.360032 0.8076701 0.4669541 -0.6953948 0.5942959 0.4040279 -0.6953948 0.5942959 0.4040279 -0.360032 0.8076701 0.4669541 -0.696348 0.621336 0.359223 -0.3592389 0.6118658 0.7046757 -0.3600188 0.6600987 0.6592847 -0.6954018 0.4711509 0.5426169 -0.6954018 0.4711509 0.5426169 -0.3600188 0.6600987 0.6592847 -0.696305 0.507835 0.507211 -0.359211 0.406875 0.839893 -0.3600412 0.4673112 0.8074594 -0.695398 0.3133 0.646734 -0.695398 0.3133 0.646734 -0.3600412 0.4673112 0.8074594 -0.6963712 0.3594891 0.6211561 -0.6963661 0.185378 0.6933321 -0.9239768 0.09878398 0.3694709 -0.6954079 0.134391 0.705937 -0.6954079 0.134391 0.705937 -0.9239768 0.09878398 0.3694709 -0.9236076 0.07168598 0.3765768 -0.6963359 -5.54e-4 0.7177159 -0.923972 -2.96e-4 0.38246 -0.6954016 -0.05232797 0.7167136 -0.6954016 -0.05232797 0.7167136 -0.923972 -2.96e-4 0.38246 -0.923617 -0.027912 0.382299 -0.696366 -0.186456 0.693043 -0.9239872 -0.09935402 0.3692921 -0.6954041 -0.236937 0.6784351 -0.6954041 -0.236937 0.6784351 -0.9239872 -0.09935402 0.3692921 -0.9236177 -0.126383 0.3618809 -0.6962929 -0.358731 0.6216819 -0.9239787 -0.191139 0.3312539 -0.6954051 -0.4021191 0.5955771 -0.6954051 -0.4021191 0.5955771 -0.9239787 -0.191139 0.3312539 -0.9236447 -0.2144509 0.3176339 -0.6964067 -0.5072088 0.5076978 -0.9239884 -0.2702831 0.2705411 -0.6954191 -0.5441431 0.4693621 -0.6954191 -0.5441431 0.4693621 -0.9239884 -0.2702831 0.2705411 -0.92362 -0.29025 0.250362 -0.6963488 -0.6932577 0.1857209 -0.695403 -0.6788331 0.235797 -0.9239824 -0.3694091 0.09896304 -0.9239824 -0.3694091 0.09896304 -0.695403 -0.6788331 0.235797 -0.9236279 -0.36207 0.125766 -0.6963584 -0.7176943 -3.16e-4 -0.6954041 -0.7167351 0.05200001 -0.9239733 -0.3824571 -1.69e-4 -0.9239733 -0.3824571 -1.69e-4 -0.6954041 -0.7167351 0.05200001 -0.9236169 -0.3823119 0.027738 -0.6963584 -0.7176943 -3.16e-4 -0.9239733 -0.3824571 -1.69e-4 -0.6954056 -0.7166876 -0.05263097 -0.6954056 -0.7166876 -0.05263097 -0.9239733 -0.3824571 -1.69e-4 -0.9236104 -0.3823032 -0.02807601 -0.6963609 -0.6930059 -0.186613 -0.9239864 -0.3692711 -0.09943904 -0.6954063 -0.6784303 -0.2369441 -0.6954063 -0.6784303 -0.2369441 -0.9239864 -0.3692711 -0.09943904 -0.9236201 -0.361874 -0.126385 -0.696354 -0.62092 -0.35993 -0.9239821 -0.330865 -0.191795 -0.6954132 -0.5939763 -0.4044662 -0.6954132 -0.5939763 -0.4044662 -0.9239821 -0.330865 -0.191795 -0.9236094 -0.3168511 -0.2157571 -0.6963508 -0.5068058 -0.5081768 -0.9239773 -0.2700661 -0.2707961 -0.6954169 -0.4694709 -0.5440519 -0.6954169 -0.4694709 -0.5440519 -0.9239773 -0.2700661 -0.2707961 -0.9236181 -0.250421 -0.290205 -0.6963772 -0.3575541 -0.6222652 -0.9239871 -0.190527 -0.331583 -0.6954011 -0.311191 -0.6477481 -0.6954011 -0.311191 -0.6477481 -0.9239871 -0.190527 -0.331583 -0.9236069 -0.166002 -0.345534 -0.6963352 -0.183622 -0.6938302 -0.9239846 -0.09783396 -0.3697039 -0.695404 -0.133356 -0.706137 -0.695404 -0.133356 -0.706137 -0.9239846 -0.09783396 -0.3697039 -0.9236093 -0.07113201 -0.3766781 -0.6963028 8.83e-4 -0.7177477 -0.9239708 4.69e-4 -0.3824629 -0.6954022 0.05181801 -0.7167502 -0.6954022 0.05181801 -0.7167502 -0.9239708 4.69e-4 -0.3824629 -0.9236211 0.027638 -0.382309 -0.6963533 0.1856271 -0.6932783 -0.9239734 0.09891604 -0.3694441 -0.6953992 0.2358311 -0.6788253 -0.6953992 0.2358311 -0.6788253 -0.9239734 0.09891604 -0.3694441 -0.9236128 0.125793 -0.3620989 -0.696323 0.358414 -0.621831 -0.9239684 0.1909951 -0.3313661 -0.6953959 0.4026339 -0.5952399 -0.6953959 0.4026339 -0.5952399 -0.9239684 0.1909951 -0.3313661 -0.9236264 0.2147531 -0.3174831 -0.69637 0.507239 -0.507718 -0.9239845 0.2702898 -0.2705478 -0.6954021 0.543848 -0.4697291 -0.6954021 0.543848 -0.4697291 -0.9239845 0.2702898 -0.2705478 -0.9236239 0.290079 -0.250546 -0.6963229 0.6214699 -0.35904 -0.9239764 0.3311581 -0.1913171 -0.6953958 0.6464508 -0.3138889 -0.6953958 0.6464508 -0.3138889 -0.9239764 0.3311581 -0.1913171 -0.9236291 0.344794 -0.167411 -0.696384 0.693179 -0.185883 -0.9239953 0.3693551 -0.09904402 -0.695418 0.705856 -0.134763 -0.695418 0.705856 -0.134763 -0.9239953 0.3693551 -0.09904402 -0.9236321 0.3764801 -0.07187801 -0.6963109 0.7177399 -7.88e-4 -0.9239811 0.3824381 -4.21e-4 -0.695405 0.716869 0.050108 -0.695405 0.716869 0.050108 -0.9239811 0.3824381 -4.21e-4 -0.9236481 0.382309 0.026723 -0.6964002 0.6934092 0.1849611 -0.9239941 0.369489 0.09855402 -0.6954154 0.6787433 0.2360191 -0.6954154 0.6787433 0.2360191 -0.9239941 0.369489 0.09855402 -0.9236311 0.362022 0.12588 -0.696348 0.621336 0.359223 -0.9239773 0.3310931 0.191425 -0.6953948 0.5942959 0.4040279 -0.6953948 0.5942959 0.4040279 -0.9239773 0.3310931 0.191425 -0.9236106 0.3170078 0.2155219 -0.696305 0.507835 0.507211 -0.9239744 0.2706021 0.2702701 -0.6954018 0.4711509 0.5426169 -0.6954018 0.4711509 0.5426169 -0.9239744 0.2706021 0.2702701 -0.9236371 0.251281 0.2894 -0.6963712 0.3594891 0.6211561 -0.9239766 0.1915719 0.3310099 -0.695398 0.3133 0.646734 -0.695398 0.3133 0.646734 -0.9239766 0.1915719 0.3310099 -0.9236192 0.167111 0.3449661 -0.9239733 -0.3824571 -1.69e-4 -0.9236169 -0.3823119 0.027738 -0.382909 -0.923786 -4.07e-4 -0.382909 -0.923786 -4.07e-4 -0.9236169 -0.3823119 0.027738 -0.38205 -0.921719 0.066873 -0.9239733 -0.3824571 -1.69e-4 -0.382909 -0.923786 -4.07e-4 -0.9236104 -0.3823032 -0.02807601 -0.9236104 -0.3823032 -0.02807601 -0.382909 -0.923786 -4.07e-4 -0.3820329 -0.9216669 -0.06768399 -0.9239864 -0.3692711 -0.09943904 -0.382939 -0.891999 -0.240199 -0.9236201 -0.361874 -0.126385 -0.9236201 -0.361874 -0.126385 -0.382939 -0.891999 -0.240199 -0.3820562 -0.8724605 -0.3047062 -0.9239821 -0.330865 -0.191795 -0.3829271 -0.7992112 -0.4632801 -0.9236094 -0.3168511 -0.2157571 -0.9236094 -0.3168511 -0.2157571 -0.3829271 -0.7992112 -0.4632801 -0.3820289 -0.7638669 -0.520155 -0.9239773 -0.2700661 -0.2707961 -0.382905 -0.652332 -0.6541 -0.9236181 -0.250421 -0.290205 -0.9236181 -0.250421 -0.290205 -0.382905 -0.652332 -0.6541 -0.3820391 -0.6037541 -0.6996622 -0.9239871 -0.190527 -0.331583 -0.38294 -0.460234 -0.800963 -0.9236069 -0.166002 -0.345534 -0.9236069 -0.166002 -0.345534 -0.38294 -0.460234 -0.800963 -0.3820261 -0.4001941 -0.8330072 -0.9239846 -0.09783396 -0.3697039 -0.3829361 -0.2363291 -0.8930333 -0.9236093 -0.07113201 -0.3766781 -0.9236093 -0.07113201 -0.3766781 -0.3829361 -0.2363291 -0.8930333 -0.3820311 -0.171488 -0.9080992 -0.9239708 4.69e-4 -0.3824629 -0.382903 0.001135 -0.9237879 -0.9236211 0.027638 -0.382309 -0.9236211 0.027638 -0.382309 -0.382903 0.001135 -0.9237879 -0.3820598 0.06664198 -0.9217317 -0.9239734 0.09891604 -0.3694441 -0.3829099 0.2389209 -0.8923547 -0.9236128 0.125793 -0.3620989 -0.9236128 0.125793 -0.3620989 -0.3829099 0.2389209 -0.8923547 -0.3820399 0.303267 -0.8729689 -0.9239684 0.1909951 -0.3313661 -0.3828959 0.4613169 -0.8003608 -0.9236264 0.2147531 -0.3174831 -0.9236264 0.2147531 -0.3174831 -0.3828959 0.4613169 -0.8003608 -0.3820718 0.5177737 -0.7654616 -0.9239845 0.2702898 -0.2705478 -0.382939 0.652899 -0.653514 -0.9236239 0.290079 -0.250546 -0.9236239 0.290079 -0.250546 -0.382939 0.652899 -0.653514 -0.382071 0.699384 -0.6040561 -0.9239764 0.3311581 -0.1913171 -0.3829312 0.7998845 -0.4621133 -0.9236291 0.344794 -0.167411 -0.9236291 0.344794 -0.167411 -0.3829312 0.7998845 -0.4621133 -0.3820921 0.8313111 -0.4036431 -0.9239953 0.3693551 -0.09904402 -0.3829459 0.8922477 -0.2392629 -0.9236321 0.3764801 -0.07187801 -0.9236321 0.3764801 -0.07187801 -0.3829459 0.8922477 -0.2392629 -0.3820679 0.9077379 -0.173309 -0.9239811 0.3824381 -4.21e-4 -0.3829209 0.9237806 -0.001015 -0.9236481 0.382309 0.026723 -0.9236481 0.382309 0.026723 -0.3829209 0.9237806 -0.001015 -0.3821201 0.9218631 0.06444101 -0.9239941 0.369489 0.09855402 -0.382944 0.892565 0.238079 -0.9236311 0.362022 0.12588 -0.9236311 0.362022 0.12588 -0.382944 0.892565 0.238079 -0.3820689 0.8728708 0.3035129 -0.9239773 0.3310931 0.191425 -0.3829347 0.7997345 0.4623697 -0.9236106 0.3170078 0.2155219 -0.9236106 0.3170078 0.2155219 -0.3829347 0.7997345 0.4623697 -0.3820519 0.7642508 0.5195739 -0.9239744 0.2706021 0.2702701 -0.3829142 0.6536173 0.6528103 -0.9236371 0.251281 0.2894 -0.9236371 0.251281 0.2894 -0.3829142 0.6536173 0.6528103 -0.382098 0.6058831 0.697787 -0.9239766 0.1915719 0.3310099 -0.3829162 0.4627262 0.7995373 -0.9236192 0.167111 0.3449661 -0.9236192 0.167111 0.3449661 -0.3829162 0.4627262 0.7995373 -0.382055 0.4028929 0.8316919 -0.9239768 0.09878398 0.3694709 -0.3829172 0.2386111 0.8924344 -0.9236076 0.07168598 0.3765768 -0.9236076 0.07168598 0.3765768 -0.3829172 0.2386111 0.8924344 -0.3820271 0.1728261 0.9078472 -0.923972 -2.96e-4 0.38246 -0.382906 -7.13e-4 0.9237871 -0.923617 -0.027912 0.382299 -0.923617 -0.027912 0.382299 -0.382906 -7.13e-4 0.9237871 -0.3820501 -0.067297 0.9216881 -0.9239872 -0.09935402 0.3692921 -0.3829418 -0.2399949 0.8920527 -0.9236177 -0.126383 0.3618809 -0.9236177 -0.126383 0.3618809 -0.3829418 -0.2399949 0.8920527 -0.3820521 -0.304698 0.8724651 -0.9239787 -0.191139 0.3312539 -0.3829198 -0.4616978 0.8001297 -0.9236447 -0.2144509 0.3176339 -0.9236447 -0.2144509 0.3176339 -0.3829198 -0.4616978 0.8001297 -0.3821119 -0.5171059 0.7658929 -0.9239884 -0.2702831 0.2705411 -0.3829318 -0.6528967 0.6535207 -0.92362 -0.29025 0.250362 -0.92362 -0.29025 0.250362 -0.3829318 -0.6528967 0.6535207 -0.3820438 -0.6997797 0.6036147 -0.3820779 -0.8729658 0.3032279 -0.3829319 -0.8923118 0.2390459 -0.9236279 -0.36207 0.125766 -0.9236279 -0.36207 0.125766 -0.3829319 -0.8923118 0.2390459 -0.9239824 -0.3694091 0.09896304 -0.3829152 0.9237834 4.06e-4 -0.9239774 0.3824472 1.68e-4 -0.3820421 0.9216632 0.06768301 -0.3820421 0.9216632 0.06768301 -0.9239774 0.3824472 1.68e-4 -0.9236146 0.3822928 0.02807499 -0.3829152 0.9237834 4.06e-4 -0.3820529 0.9217178 -0.06687298 -0.9239774 0.3824472 1.68e-4 -0.9239774 0.3824472 1.68e-4 -0.3820529 0.9217178 -0.06687298 -0.9236206 0.3823029 -0.02773799 -0.3829041 0.8920123 0.2402051 -0.9239737 0.3692999 0.09944898 -0.3820079 0.8724778 0.3047169 -0.3820079 0.8724778 0.3047169 -0.9239737 0.3692999 0.09944898 -0.9236035 0.3619108 0.1264009 -0.382922 0.799216 0.463276 -0.9239876 0.3308549 0.1917859 -0.3820462 0.7638664 0.5201432 -0.3820462 0.7638664 0.5201432 -0.9239876 0.3308549 0.1917859 -0.9236252 0.3168201 0.215735 -0.3829661 0.6523111 0.654085 -0.9239969 0.270029 0.270766 -0.3820941 0.6037381 0.6996461 -0.3820941 0.6037381 0.6996461 -0.9239969 0.270029 0.270766 -0.9236324 0.2504011 0.2901771 -0.3829582 0.4602322 0.8009554 -0.9239858 0.19053 0.3315849 -0.3820268 0.4002048 0.8330016 -0.3820268 0.4002048 0.8330016 -0.9239858 0.19053 0.3315849 -0.923601 0.166012 0.345545 -0.3828991 0.2363401 0.8930463 -0.9239767 0.09784497 0.3697209 -0.3819958 0.1715009 0.9081116 -0.3819958 0.1715009 0.9081116 -0.9239767 0.09784497 0.3697209 -0.9236037 0.07114097 0.3766899 -0.3829121 -0.001143 0.9237841 -0.9239761 -4.75e-4 0.3824501 -0.3820691 -0.06664802 0.9217274 -0.3820691 -0.06664802 0.9217274 -0.9239761 -4.75e-4 0.3824501 -0.9236246 -0.02764599 0.3822998 -0.38292 -0.238926 0.892349 -0.9239764 -0.09891704 0.3694362 -0.3820648 -0.3032768 0.8729546 -0.3820648 -0.3032768 0.8729546 -0.9239764 -0.09891704 0.3694362 -0.9236202 -0.12579 0.3620811 -0.3829559 -0.4612999 0.8003419 -0.9239838 -0.190973 0.3313359 -0.382136 -0.517754 0.765443 -0.382136 -0.517754 0.765443 -0.9239838 -0.190973 0.3313359 -0.9236436 -0.2147279 0.3174499 -0.382946 -0.652897 0.653512 -0.9239873 -0.2702851 0.2705431 -0.3820591 -0.6993871 0.6040601 -0.3820591 -0.6993871 0.6040601 -0.9239873 -0.2702851 0.2705431 -0.9236211 -0.290086 0.250548 -0.3829219 -0.7998879 0.4621149 -0.9239783 -0.3311531 0.1913161 -0.3820811 -0.8313112 0.4036531 -0.3820811 -0.8313112 0.4036531 -0.9239783 -0.3311531 0.1913161 -0.9236293 -0.3447901 0.1674181 -0.3829108 -0.8922607 0.2392699 -0.9239731 -0.369406 0.09906001 -0.3820389 -0.9077488 0.173316 -0.3820389 -0.9077488 0.173316 -0.9239731 -0.369406 0.09906001 -0.9236112 -0.3765291 0.07189102 -0.3829072 -0.9237863 0.001015 -0.9239741 -0.3824551 4.21e-4 -0.3821019 -0.9218708 -0.06443998 -0.3821019 -0.9218708 -0.06443998 -0.9239741 -0.3824551 4.21e-4 -0.9236398 -0.3823289 -0.02672599 -0.3829158 -0.8925756 -0.2380849 -0.9239753 -0.3695321 -0.09856804 -0.3820409 -0.8728809 -0.303519 -0.3820409 -0.8728809 -0.303519 -0.9239753 -0.3695321 -0.09856804 -0.9236135 -0.3620612 -0.1258961 -0.3829289 -0.7997378 -0.4623689 -0.9239819 -0.331084 -0.191418 -0.382053 -0.764255 -0.519567 -0.382053 -0.764255 -0.519567 -0.9239819 -0.331084 -0.191418 -0.9236191 -0.316993 -0.215507 -0.382919 -0.6536179 -0.6528069 -0.9239759 -0.270602 -0.270265 -0.3821101 -0.6058822 -0.6977813 -0.3821101 -0.6058822 -0.6977813 -0.9239759 -0.270602 -0.270265 -0.923639 -0.251281 -0.289394 -0.3829629 -0.4627139 -0.7995219 -0.9239863 -0.1915561 -0.3309921 -0.3820968 -0.4028928 -0.8316726 -0.3820968 -0.4028928 -0.8316726 -0.9239863 -0.1915561 -0.3309921 -0.9236271 -0.167102 -0.344949 -0.382927 -0.238612 -0.89243 -0.923979 -0.098785 -0.369465 -0.3820352 -0.1728281 -0.9078434 -0.3820352 -0.1728281 -0.9078434 -0.923979 -0.098785 -0.369465 -0.9236109 -0.07169099 -0.3765679 -0.382921 7.14e-4 -0.9237809 -0.9239796 2.94e-4 -0.3824418 -0.3820579 0.06729799 -0.9216847 -0.3820579 0.06729799 -0.9216847 -0.9239796 2.94e-4 -0.3824418 -0.9236233 0.02791401 -0.3822841 -0.3829038 0.2400039 -0.8920666 -0.9239786 0.09936296 -0.3693109 -0.3820108 0.3047138 -0.8724776 -0.3820108 0.3047138 -0.8724776 -0.9239786 0.09936296 -0.3693109 -0.9236069 0.126396 -0.361904 -0.3829389 0.4616958 -0.8001217 -0.9239777 0.191144 -0.3312539 -0.3821459 0.5171019 -0.7658788 -0.3821459 0.5171019 -0.7658788 -0.9239777 0.191144 -0.3312539 -0.9236476 0.2144529 -0.3176239 -0.382973 0.6528841 -0.6535091 -0.923999 0.270265 -0.270523 -0.3820679 0.6997769 -0.6036029 -0.3820679 0.6997769 -0.6036029 -0.923999 0.270265 -0.270523 -0.9236274 0.2902361 -0.2503511 -0.9236154 0.3620972 -0.1257791 -0.9239711 0.369435 -0.09897102 -0.382033 0.872982 -0.303238 -0.382033 0.872982 -0.303238 -0.9239711 0.369435 -0.09897102 -0.3829001 0.8923241 -0.239051 -0.359211 0.406875 0.839893 -0.9204652 0.17039 0.3517261 -0.3600412 0.4673112 0.8074594 -0.3600412 0.4673112 0.8074594 -0.9204652 0.17039 0.3517261 -0.9208366 0.1953269 0.3375019 -0.9208308 0.100727 0.3767289 -0.3600529 0.2409759 0.9012728 -0.9204497 0.07309298 0.3839659 -0.9204497 0.07309298 0.3839659 -0.3600529 0.2409759 0.9012728 -0.3592081 0.1745321 0.9167923 -0.9208122 -3.05e-4 0.3900061 -0.3600151 -7.22e-4 0.9329463 -0.9204384 -0.02846001 0.3898502 -0.9204384 -0.02846001 0.3898502 -0.3600151 -7.22e-4 0.9329463 -0.3591812 -0.06795504 0.9307905 -0.9208177 -0.10132 0.3766019 -0.3600421 -0.2423771 0.9009013 -0.9204363 -0.128884 0.3690341 -0.9204363 -0.128884 0.3690341 -0.3600421 -0.2423771 0.9009013 -0.3591872 -0.3077101 0.8810784 -0.9208133 -0.194921 0.3378001 -0.359992 -0.466287 0.8080731 -0.9204646 -0.2186949 0.3239098 -0.9204646 -0.2186949 0.3239098 -0.359992 -0.466287 0.8080731 -0.3592131 -0.5222251 0.7734642 -0.9208294 -0.2756141 0.2758811 -0.3600521 -0.6593652 0.6600002 -0.9204496 -0.2959679 0.2552949 -0.9204496 -0.2959679 0.2552949 -0.3600521 -0.6593652 0.6600002 -0.3592139 -0.7066788 0.6095659 -0.3591911 -0.8815933 0.3062271 -0.3600158 -0.9011685 0.2414209 -0.9204391 -0.369246 0.128255 -0.9204391 -0.369246 0.128255 -0.3600158 -0.9011685 0.2414209 -0.9208122 -0.3767221 0.100923 -0.359187 -0.9308189 0.06753499 -0.360011 -0.932948 -4.11e-4 -0.9204406 -0.3898578 0.02828699 -0.9204406 -0.3898578 0.02828699 -0.360011 -0.932948 -4.11e-4 -0.9208106 -0.3900099 -1.72e-4 -0.9208106 -0.3900099 -1.72e-4 -0.360011 -0.932948 -4.11e-4 -0.9204346 -0.3898468 -0.02862999 -0.9204346 -0.3898468 -0.02862999 -0.360011 -0.932948 -4.11e-4 -0.3591699 -0.9307656 -0.06835398 -0.920813 -0.37659 -0.101407 -0.3600182 -0.9008554 -0.2425831 -0.920428 -0.369054 -0.128886 -0.920428 -0.369054 -0.128886 -0.3600182 -0.9008554 -0.2425831 -0.359163 -0.8810859 -0.307717 -0.9208117 -0.3374169 -0.1955909 -0.360036 -0.8071351 -0.4678751 -0.9204324 -0.3231041 -0.2200181 -0.9204324 -0.3231041 -0.2200181 -0.360036 -0.8071351 -0.4678751 -0.359196 -0.7713961 -0.525287 -0.9208271 -0.275377 -0.276125 -0.360049 -0.65879 -0.660576 -0.9204549 -0.255348 -0.295906 -0.9204549 -0.255348 -0.295906 -0.360049 -0.65879 -0.660576 -0.359209 -0.60971 -0.706557 -0.9208306 -0.1942799 -0.3381219 -0.360031 -0.4647981 -0.8089131 -0.9204322 -0.169277 -0.3523491 -0.9204322 -0.169277 -0.3523491 -0.360031 -0.4647981 -0.8089131 -0.3591451 -0.4041471 -0.8412372 -0.9208156 -0.09977296 -0.3770199 -0.3600369 -0.2386809 -0.9018897 -0.9204259 -0.07253999 -0.3841279 -0.9204259 -0.07253999 -0.3841279 -0.3600369 -0.2386809 -0.9018897 -0.3591689 -0.173187 -0.9170628 -0.9208092 4.79e-4 -0.3900131 -0.360004 0.001148 -0.9329501 -0.9204497 0.02817799 -0.3898439 -0.9204497 0.02817799 -0.3898439 -0.360004 0.001148 -0.9329501 -0.359201 0.067293 -0.930831 -0.9208305 0.1008591 -0.3766942 -0.3600498 0.2412949 -0.9011886 -0.9204641 0.12826 -0.369182 -0.9204641 0.12826 -0.369182 -0.3600498 0.2412949 -0.9011886 -0.3592241 0.3062661 -0.8815663 -0.920832 0.194737 -0.337855 -0.3600259 0.4658869 -0.8082888 -0.9204704 0.2189691 -0.3237081 -0.9204704 0.2189691 -0.3237081 -0.3600259 0.4658869 -0.8082888 -0.3592199 0.5228869 -0.7730138 -0.9208216 0.2756299 -0.2758909 -0.3600281 0.6593772 -0.6600012 -0.9204444 0.2958122 -0.2554941 -0.9204444 0.2958122 -0.2554941 -0.3600281 0.6593772 -0.6600012 -0.3591951 0.7062902 -0.6100271 -0.9208168 0.3376899 -0.195095 -0.360027 0.8078191 -0.4667 -0.9204568 0.3515879 -0.17072 -0.9204568 0.3515879 -0.17072 -0.360027 0.8078191 -0.4667 -0.359223 0.8395179 -0.407638 -0.9208184 0.3766832 -0.101012 -0.360023 0.9011069 -0.24164 -0.9204416 0.3839448 -0.07330497 -0.9204416 0.3839448 -0.07330497 -0.360023 0.9011069 -0.24164 -0.359182 0.9167091 -0.175022 -0.9208122 0.3900061 -4.29e-4 -0.3600171 0.9329453 -0.001025 -0.9204665 0.3898702 0.02725202 -0.9204665 0.3898702 0.02725202 -0.3600171 0.9329453 -0.001025 -0.359244 0.930972 0.065077 -0.9208201 0.3768131 0.100511 -0.3600281 0.9014242 0.2404461 -0.9204404 0.3692001 0.128378 -0.9204404 0.3692001 0.128378 -0.3600281 0.9014242 0.2404461 -0.359182 0.8814959 0.306518 -0.9208187 0.3376249 0.195198 -0.360032 0.8076701 0.4669541 -0.9204431 0.32325 0.219759 -0.9204431 0.32325 0.219759 -0.360032 0.8076701 0.4669541 -0.3591958 0.7717956 0.5246997 -0.9208168 0.2759389 0.2755979 -0.3600188 0.6600987 0.6592847 -0.9204689 0.256232 0.295097 -0.9204689 0.256232 0.295097 -0.3600188 0.6600987 0.6592847 -0.3592389 0.6118658 0.7046757 0.7071058 -0.6363807 0.3082549 0.7080218 -0.6117848 0.3527389 0.7071077 0.6363787 -0.3082548 0.7071077 0.6363787 -0.3082548 0.7080218 -0.6117848 0.3527389 0.7080213 0.6117863 -0.3527372 -0.3820501 0.8317062 -0.4028681 0.7071077 0.6363787 -0.3082548 -0.38291 0.8002929 -0.461423 -0.38291 0.8002929 -0.461423 0.7071077 0.6363787 -0.3082548 0.7080213 0.6117863 -0.3527372 -0.38291 0.8002929 -0.461423 -0.9239823 0.3313111 -0.1910231 -0.3820501 0.8317062 -0.4028681 -0.3820501 0.8317062 -0.4028681 -0.9239823 0.3313111 -0.1910231 -0.9236241 0.344961 -0.167094 -0.9204364 -0.3517971 0.1703991 -0.9236241 0.344961 -0.167094 -0.9208089 -0.337879 0.194805 -0.9208089 -0.337879 0.194805 -0.9236241 0.344961 -0.167094 -0.9239823 0.3313111 -0.1910231 -0.9208089 -0.337879 0.194805 -0.360028 -0.8082261 0.4659941 -0.9204364 -0.3517971 0.1703991 -0.9204364 -0.3517971 0.1703991 -0.360028 -0.8082261 0.4659941 -0.3591941 -0.8399172 0.4068401 -0.6954067 -0.6467367 0.3132749 -0.3591941 -0.8399172 0.4068401 -0.6963378 -0.6217689 0.3584929 -0.6963378 -0.6217689 0.3584929 -0.3591941 -0.8399172 0.4068401 -0.360028 -0.8082261 0.4659941 -0.9236277 -0.3449519 0.1670929 -0.6954067 -0.6467367 0.3132749 -0.9239823 -0.3313111 0.1910231 -0.9239823 -0.3313111 0.1910231 -0.6954067 -0.6467367 0.3132749 -0.6963378 -0.6217689 0.3584929 -0.9239823 -0.3313111 0.1910231 -0.382929 -0.800285 0.461421 -0.9236277 -0.3449519 0.1670929 -0.9236277 -0.3449519 0.1670929 -0.382929 -0.800285 0.461421 -0.3820761 -0.8316952 0.4028661 0.7071058 -0.6363807 0.3082549 -0.3820761 -0.8316952 0.4028661 0.7080218 -0.6117848 0.3527389 0.7080218 -0.6117848 0.3527389 -0.3820761 -0.8316952 0.4028661 -0.382929 -0.800285 0.461421 -0.382065 -0.907647 0.173791 -0.3829319 -0.8923118 0.2390459 0.7071033 -0.6944942 0.132977 0.7071033 -0.6944942 0.132977 -0.3829319 -0.8923118 0.2390459 0.7080337 -0.6821257 0.1827369 0.7071033 -0.6944942 0.132977 0.7080337 -0.6821257 0.1827369 0.7071102 0.6944882 -0.132972 0.7071102 0.6944882 -0.132972 0.7080337 -0.6821257 0.1827369 0.708042 0.6821169 -0.182738 -0.3820461 0.9076552 -0.17379 0.7071102 0.6944882 -0.132972 -0.3829001 0.8923241 -0.239051 -0.3829001 0.8923241 -0.239051 0.7071102 0.6944882 -0.132972 0.708042 0.6821169 -0.182738 -0.923613 0.376487 -0.072087 -0.3820461 0.9076552 -0.17379 -0.9239711 0.369435 -0.09897102 -0.9239711 0.369435 -0.09897102 -0.3820461 0.9076552 -0.17379 -0.3829001 0.8923241 -0.239051 -0.9204462 -0.3838951 0.07350802 -0.923613 0.376487 -0.072087 -0.9208122 -0.3767221 0.100923 -0.9208122 -0.3767221 0.100923 -0.923613 0.376487 -0.072087 -0.9239711 0.369435 -0.09897102 -0.9208122 -0.3767221 0.100923 -0.3600158 -0.9011685 0.2414209 -0.9204462 -0.3838951 0.07350802 -0.9204462 -0.3838951 0.07350802 -0.3600158 -0.9011685 0.2414209 -0.3591901 -0.9166132 0.175507 -0.6954029 -0.7057989 0.13514 -0.3591901 -0.9166132 0.175507 -0.6963488 -0.6932577 0.1857209 -0.6963488 -0.6932577 0.1857209 -0.3591901 -0.9166132 0.175507 -0.3600158 -0.9011685 0.2414209 -0.9236231 -0.3764631 0.072083 -0.6954029 -0.7057989 0.13514 -0.9239824 -0.3694091 0.09896304 -0.9239824 -0.3694091 0.09896304 -0.6954029 -0.7057989 0.13514 -0.6963488 -0.6932577 0.1857209 -0.382065 -0.907647 0.173791 -0.9236231 -0.3764631 0.072083 -0.3829319 -0.8923118 0.2390459 -0.3829319 -0.8923118 0.2390459 -0.9236231 -0.3764631 0.072083 -0.9239824 -0.3694091 0.09896304 -0.6963609 -0.6930059 -0.186613 -0.6954039 -0.7056769 -0.13577 -0.9239864 -0.3692711 -0.09943904 -0.9239864 -0.3692711 -0.09943904 -0.6954039 -0.7056769 -0.13577 -0.9236309 -0.3763799 -0.07241599 -0.3600182 -0.9008554 -0.2425831 -0.3592049 -0.9164507 -0.176323 -0.6963609 -0.6930059 -0.186613 -0.6963609 -0.6930059 -0.186613 -0.3592049 -0.9164507 -0.176323 -0.6954039 -0.7056769 -0.13577 -0.3592049 -0.9164507 -0.176323 -0.3600182 -0.9008554 -0.2425831 -0.92045 -0.383821 -0.073847 -0.92045 -0.383821 -0.073847 -0.3600182 -0.9008554 -0.2425831 -0.920813 -0.37659 -0.101407 -0.9239737 0.3692999 0.09944898 -0.923622 0.376401 0.072421 -0.920813 -0.37659 -0.101407 -0.920813 -0.37659 -0.101407 -0.923622 0.376401 0.072421 -0.92045 -0.383821 -0.073847 -0.923622 0.376401 0.072421 -0.9239737 0.3692999 0.09944898 -0.3820599 0.9074939 0.1746 -0.3820599 0.9074939 0.1746 -0.9239737 0.3692999 0.09944898 -0.3829041 0.8920123 0.2402051 0.7080522 0.6818702 0.1836171 0.7071099 0.694369 0.133594 -0.3829041 0.8920123 0.2402051 -0.3829041 0.8920123 0.2402051 0.7071099 0.694369 0.133594 -0.3820599 0.9074939 0.1746 0.7071038 -0.6943748 -0.133596 0.7071099 0.694369 0.133594 0.7080442 -0.6818792 -0.183615 0.7080442 -0.6818792 -0.183615 0.7071099 0.694369 0.133594 0.7080522 0.6818702 0.1836171 -0.382939 -0.891999 -0.240199 -0.3820819 -0.9074848 -0.174599 0.7080442 -0.6818792 -0.183615 0.7080442 -0.6818792 -0.183615 -0.3820819 -0.9074848 -0.174599 0.7071038 -0.6943748 -0.133596 -0.3820819 -0.9074848 -0.174599 -0.382939 -0.891999 -0.240199 -0.9236309 -0.3763799 -0.07241599 -0.9236309 -0.3763799 -0.07241599 -0.382939 -0.891999 -0.240199 -0.9239864 -0.3692711 -0.09943904 -0.696354 -0.62092 -0.35993 -0.695408 -0.64618 -0.314419 -0.9239821 -0.330865 -0.191795 -0.9239821 -0.330865 -0.191795 -0.695408 -0.64618 -0.314419 -0.9236429 -0.344623 -0.167687 -0.360036 -0.8071351 -0.4678751 -0.359229 -0.8391829 -0.4083219 -0.696354 -0.62092 -0.35993 -0.696354 -0.62092 -0.35993 -0.359229 -0.8391829 -0.4083219 -0.695408 -0.64618 -0.314419 -0.359229 -0.8391829 -0.4083219 -0.360036 -0.8071351 -0.4678751 -0.9204521 -0.35146 -0.171008 -0.9204521 -0.35146 -0.171008 -0.360036 -0.8071351 -0.4678751 -0.9208117 -0.3374169 -0.1955909 -0.9239876 0.3308549 0.1917859 -0.9236372 0.3446361 0.1676911 -0.9208117 -0.3374169 -0.1955909 -0.9208117 -0.3374169 -0.1955909 -0.9236372 0.3446361 0.1676911 -0.9204521 -0.35146 -0.171008 -0.9236372 0.3446361 0.1676911 -0.9239876 0.3308549 0.1917859 -0.3820809 0.8309819 0.4043309 -0.3820809 0.8309819 0.4043309 -0.9239876 0.3308549 0.1917859 -0.382922 0.799216 0.463276 0.7080358 0.6109539 0.3541479 0.7071089 0.635832 0.309378 -0.382922 0.799216 0.463276 -0.382922 0.799216 0.463276 0.7071089 0.635832 0.309378 -0.3820809 0.8309819 0.4043309 0.7071052 -0.6358382 -0.3093741 0.7071089 0.635832 0.309378 0.7080351 -0.610954 -0.354149 0.7080351 -0.610954 -0.354149 0.7071089 0.635832 0.309378 0.7080358 0.6109539 0.3541479 -0.3829271 -0.7992112 -0.4632801 -0.3821081 -0.8309722 -0.4043251 0.7080351 -0.610954 -0.354149 0.7080351 -0.610954 -0.354149 -0.3821081 -0.8309722 -0.4043251 0.7071052 -0.6358382 -0.3093741 -0.3821081 -0.8309722 -0.4043251 -0.3829271 -0.7992112 -0.4632801 -0.9236429 -0.344623 -0.167687 -0.9236429 -0.344623 -0.167687 -0.3829271 -0.7992112 -0.4632801 -0.9239821 -0.330865 -0.191795 -0.6963508 -0.5068058 -0.5081768 -0.6954172 -0.5427811 -0.4709391 -0.9239773 -0.2700661 -0.2707961 -0.9239773 -0.2700661 -0.2707961 -0.6954172 -0.5427811 -0.4709391 -0.9236314 -0.2895051 -0.2511811 -0.360049 -0.65879 -0.660576 -0.3592601 -0.7048902 -0.6116061 -0.6963508 -0.5068058 -0.5081768 -0.6963508 -0.5068058 -0.5081768 -0.3592601 -0.7048902 -0.6116061 -0.6954172 -0.5427811 -0.4709391 -0.3592601 -0.7048902 -0.6116061 -0.360049 -0.65879 -0.660576 -0.9204699 -0.295187 -0.256125 -0.9204699 -0.295187 -0.256125 -0.360049 -0.65879 -0.660576 -0.9208271 -0.275377 -0.276125 -0.9239969 0.270029 0.270766 -0.9236568 0.2894509 0.25115 -0.9208271 -0.275377 -0.276125 -0.9208271 -0.275377 -0.276125 -0.9236568 0.2894509 0.25115 -0.9204699 -0.295187 -0.256125 -0.9236568 0.2894509 0.25115 -0.9239969 0.270029 0.270766 -0.3821402 0.6979914 0.6056213 -0.3821402 0.6979914 0.6056213 -0.9239969 0.270029 0.270766 -0.3829661 0.6523111 0.654085 0.7080208 0.4986759 0.5000289 0.7071022 0.5340961 0.4634091 -0.3829661 0.6523111 0.654085 -0.3829661 0.6523111 0.654085 0.7071022 0.5340961 0.4634091 -0.3821402 0.6979914 0.6056213 0.7071087 -0.5340858 -0.4634108 0.7071022 0.5340961 0.4634091 0.7080278 -0.4986699 -0.5000249 0.7080278 -0.4986699 -0.5000249 0.7071022 0.5340961 0.4634091 0.7080208 0.4986759 0.5000289 -0.382905 -0.652332 -0.6541 -0.3820719 -0.6980159 -0.6056359 0.7080278 -0.4986699 -0.5000249 0.7080278 -0.4986699 -0.5000249 -0.3820719 -0.6980159 -0.6056359 0.7071087 -0.5340858 -0.4634108 -0.3820719 -0.6980159 -0.6056359 -0.382905 -0.652332 -0.6541 -0.9236314 -0.2895051 -0.2511811 -0.9236314 -0.2895051 -0.2511811 -0.382905 -0.652332 -0.6541 -0.9239773 -0.2700661 -0.2707961 -0.6963772 -0.3575541 -0.6222652 -0.6954041 -0.4029151 -0.5950401 -0.9239871 -0.190527 -0.331583 -0.9239871 -0.190527 -0.331583 -0.6954041 -0.4029151 -0.5950401 -0.9236319 -0.214898 -0.317369 -0.360031 -0.4647981 -0.8089131 -0.3592159 -0.5232548 -0.7727667 -0.6963772 -0.3575541 -0.6222652 -0.6963772 -0.3575541 -0.6222652 -0.3592159 -0.5232548 -0.7727667 -0.6954041 -0.4029151 -0.5950401 -0.3592159 -0.5232548 -0.7727667 -0.360031 -0.4647981 -0.8089131 -0.9204665 -0.2191211 -0.3236162 -0.9204665 -0.2191211 -0.3236162 -0.360031 -0.4647981 -0.8089131 -0.9208306 -0.1942799 -0.3381219 -0.9239858 0.19053 0.3315849 -0.923635 0.214895 0.317362 -0.9208306 -0.1942799 -0.3381219 -0.9208306 -0.1942799 -0.3381219 -0.923635 0.214895 0.317362 -0.9204665 -0.2191211 -0.3236162 -0.923635 0.214895 0.317362 -0.9239858 0.19053 0.3315849 -0.3821159 0.518131 0.7651979 -0.3821159 0.518131 0.7651979 -0.9239858 0.19053 0.3315849 -0.3829582 0.4602322 0.8009554 0.7080657 0.3518129 0.6122668 0.707105 0.396457 0.585512 -0.3829582 0.4602322 0.8009554 -0.3829582 0.4602322 0.8009554 0.707105 0.396457 0.585512 -0.3821159 0.518131 0.7651979 0.7071082 -0.3964631 -0.5855041 0.707105 0.396457 0.585512 0.708067 -0.35181 -0.612267 0.708067 -0.35181 -0.612267 0.707105 0.396457 0.585512 0.7080657 0.3518129 0.6122668 -0.38294 -0.460234 -0.800963 -0.3820792 -0.5181442 -0.7652073 0.708067 -0.35181 -0.612267 0.708067 -0.35181 -0.612267 -0.3820792 -0.5181442 -0.7652073 0.7071082 -0.3964631 -0.5855041 -0.3820792 -0.5181442 -0.7652073 -0.38294 -0.460234 -0.800963 -0.9236319 -0.214898 -0.317369 -0.9236319 -0.214898 -0.317369 -0.38294 -0.460234 -0.800963 -0.9239871 -0.190527 -0.331583 -0.6963352 -0.183622 -0.6938302 -0.6954001 -0.233397 -0.6796651 -0.9239846 -0.09783396 -0.3697039 -0.9239846 -0.09783396 -0.3697039 -0.6954001 -0.233397 -0.6796651 -0.9236559 -0.124461 -0.362449 -0.3600369 -0.2386809 -0.9018897 -0.3592768 -0.3030998 -0.8826385 -0.6963352 -0.183622 -0.6938302 -0.6963352 -0.183622 -0.6938302 -0.3592768 -0.3030998 -0.8826385 -0.6954001 -0.233397 -0.6796651 -0.3592768 -0.3030998 -0.8826385 -0.3600369 -0.2386809 -0.9018897 -0.920476 -0.126926 -0.369613 -0.920476 -0.126926 -0.369613 -0.3600369 -0.2386809 -0.9018897 -0.9208156 -0.09977296 -0.3770199 -0.9239767 0.09784497 0.3697209 -0.9236454 0.124472 0.3624721 -0.9208156 -0.09977296 -0.3770199 -0.9208156 -0.09977296 -0.3770199 -0.9236454 0.124472 0.3624721 -0.920476 -0.126926 -0.369613 -0.9236454 0.124472 0.3624721 -0.9239767 0.09784497 0.3697209 -0.3821042 0.3001352 0.8740225 -0.3821042 0.3001352 0.8740225 -0.9239767 0.09784497 0.3697209 -0.3828991 0.2363401 0.8930463 0.70803 0.18067 0.68268 0.7071109 0.229654 0.66877 -0.3828991 0.2363401 0.8930463 -0.3828991 0.2363401 0.8930463 0.7071109 0.229654 0.66877 -0.3821042 0.3001352 0.8740225 0.7071022 -0.2296511 -0.6687802 0.7071109 0.229654 0.66877 0.7080203 -0.1806691 -0.6826903 0.7080203 -0.1806691 -0.6826903 0.7071109 0.229654 0.66877 0.70803 0.18067 0.68268 -0.3829361 -0.2363291 -0.8930333 -0.3821449 -0.300126 -0.8740079 0.7080203 -0.1806691 -0.6826903 0.7080203 -0.1806691 -0.6826903 -0.3821449 -0.300126 -0.8740079 0.7071022 -0.2296511 -0.6687802 -0.3821449 -0.300126 -0.8740079 -0.3829361 -0.2363291 -0.8930333 -0.9236559 -0.124461 -0.362449 -0.9236559 -0.124461 -0.362449 -0.3829361 -0.2363291 -0.8930333 -0.9239846 -0.09783396 -0.3697039 -0.6963028 8.83e-4 -0.7177477 -0.6953962 -0.05005502 -0.7168812 -0.9239708 4.69e-4 -0.3824629 -0.9239708 4.69e-4 -0.3824629 -0.6953962 -0.05005502 -0.7168812 -0.923638 -0.0267 -0.382335 -0.360004 0.001148 -0.9329501 -0.359231 -0.06500301 -0.9309821 -0.6963028 8.83e-4 -0.7177477 -0.6963028 8.83e-4 -0.7177477 -0.359231 -0.06500301 -0.9309821 -0.6953962 -0.05005502 -0.7168812 -0.359231 -0.06500301 -0.9309821 -0.360004 0.001148 -0.9329501 -0.920462 -0.027221 -0.389883 -0.920462 -0.027221 -0.389883 -0.360004 0.001148 -0.9329501 -0.9208092 4.79e-4 -0.3900131 -0.9239761 -4.75e-4 0.3824501 -0.9236448 0.02669599 0.3823189 -0.9208092 4.79e-4 -0.3900131 -0.9208092 4.79e-4 -0.3900131 -0.9236448 0.02669599 0.3823189 -0.920462 -0.027221 -0.389883 -0.9236448 0.02669599 0.3823189 -0.9239761 -4.75e-4 0.3824501 -0.3821089 0.06436799 0.9218729 -0.3821089 0.06436799 0.9218729 -0.9239761 -4.75e-4 0.3824501 -0.3829121 -0.001143 0.9237841 0.707998 -8.72e-4 0.706214 0.7071082 0.04925001 0.7053882 -0.3829121 -0.001143 0.9237841 -0.3829121 -0.001143 0.9237841 0.7071082 0.04925001 0.7053882 -0.3821089 0.06436799 0.9218729 0.7071052 -0.04926402 -0.7053902 0.7071082 0.04925001 0.7053882 0.707996 8.69e-4 -0.706216 0.707996 8.69e-4 -0.706216 0.7071082 0.04925001 0.7053882 0.707998 -8.72e-4 0.706214 -0.382903 0.001135 -0.9237879 -0.3821011 -0.06437902 -0.9218754 0.707996 8.69e-4 -0.706216 0.707996 8.69e-4 -0.706216 -0.3821011 -0.06437902 -0.9218754 0.7071052 -0.04926402 -0.7053902 -0.3821011 -0.06437902 -0.9218754 -0.382903 0.001135 -0.9237879 -0.923638 -0.0267 -0.382335 -0.923638 -0.0267 -0.382335 -0.382903 0.001135 -0.9237879 -0.9239708 4.69e-4 -0.3824629 0.7071066 0.1327579 -0.6945326 0.7071068 -0.132745 0.6945348 0.708043 0.18264 -0.6821421 0.708043 0.18264 -0.6821421 0.7071068 -0.132745 0.6945348 0.7080422 -0.182643 0.6821422 -0.3829099 0.2389209 -0.8923547 -0.3820499 0.1734959 -0.9077098 0.708043 0.18264 -0.6821421 0.708043 0.18264 -0.6821421 -0.3820499 0.1734959 -0.9077098 0.7071066 0.1327579 -0.6945326 -0.3820499 0.1734959 -0.9077098 -0.3829099 0.2389209 -0.8923547 -0.9236171 0.07196101 -0.3765011 -0.9236171 0.07196101 -0.3765011 -0.3829099 0.2389209 -0.8923547 -0.9239734 0.09891604 -0.3694441 -0.6963533 0.1856271 -0.6932783 -0.6954058 0.134917 -0.7058387 -0.9239734 0.09891604 -0.3694441 -0.9239734 0.09891604 -0.3694441 -0.6954058 0.134917 -0.7058387 -0.9236171 0.07196101 -0.3765011 -0.3600498 0.2412949 -0.9011886 -0.359216 0.175214 -0.9166591 -0.6963533 0.1856271 -0.6932783 -0.6963533 0.1856271 -0.6932783 -0.359216 0.175214 -0.9166591 -0.6954058 0.134917 -0.7058387 -0.359216 0.175214 -0.9166591 -0.3600498 0.2412949 -0.9011886 -0.9204538 0.07337698 -0.3839019 -0.9204538 0.07337698 -0.3839019 -0.3600498 0.2412949 -0.9011886 -0.9208305 0.1008591 -0.3766942 -0.9239764 -0.09891704 0.3694362 -0.9236153 -0.07196802 0.3765042 -0.9208305 0.1008591 -0.3766942 -0.9208305 0.1008591 -0.3766942 -0.9236153 -0.07196802 0.3765042 -0.9204538 0.07337698 -0.3839019 -0.9236153 -0.07196802 0.3765042 -0.9239764 -0.09891704 0.3694362 -0.3820462 -0.1734961 0.9077113 -0.3820462 -0.1734961 0.9077113 -0.9239764 -0.09891704 0.3694362 -0.38292 -0.238926 0.892349 0.7080422 -0.182643 0.6821422 0.7071068 -0.132745 0.6945348 -0.38292 -0.238926 0.892349 -0.38292 -0.238926 0.892349 0.7071068 -0.132745 0.6945348 -0.3820462 -0.1734961 0.9077113 -0.3828959 0.4613169 -0.8003608 -0.382034 0.40283 -0.831732 0.7080237 0.3526518 -0.6118327 0.7080237 0.3526518 -0.6118327 -0.382034 0.40283 -0.831732 0.7071117 0.3082188 -0.6363917 -0.382034 0.40283 -0.831732 -0.3828959 0.4613169 -0.8003608 -0.9236104 0.1670911 -0.3449992 -0.9236104 0.1670911 -0.3449992 -0.3828959 0.4613169 -0.8003608 -0.9239684 0.1909951 -0.3313661 -0.696323 0.358414 -0.621831 -0.6953951 0.31324 -0.6467661 -0.9239684 0.1909951 -0.3313661 -0.9239684 0.1909951 -0.3313661 -0.6953951 0.31324 -0.6467661 -0.9236104 0.1670911 -0.3449992 -0.3600259 0.4658869 -0.8082888 -0.3592141 0.4067931 -0.8399313 -0.696323 0.358414 -0.621831 -0.696323 0.358414 -0.621831 -0.3592141 0.4067931 -0.8399313 -0.6953951 0.31324 -0.6467661 -0.3592141 0.4067931 -0.8399313 -0.3600259 0.4658869 -0.8082888 -0.9204683 0.1703521 -0.3517361 -0.9204683 0.1703521 -0.3517361 -0.3600259 0.4658869 -0.8082888 -0.920832 0.194737 -0.337855 -0.9239838 -0.190973 0.3313359 -0.9236239 -0.167073 0.344972 -0.920832 0.194737 -0.337855 -0.920832 0.194737 -0.337855 -0.9236239 -0.167073 0.344972 -0.9204683 0.1703521 -0.3517361 -0.9236239 -0.167073 0.344972 -0.9239838 -0.190973 0.3313359 -0.3820888 -0.4028138 0.8317146 -0.3820888 -0.4028138 0.8317146 -0.9239838 -0.190973 0.3313359 -0.3829559 -0.4612999 0.8003419 0.7080159 -0.352653 0.611841 0.7071022 -0.3082251 0.6363991 -0.3829559 -0.4612999 0.8003419 -0.3829559 -0.4612999 0.8003419 0.7071022 -0.3082251 0.6363991 -0.3820888 -0.4028138 0.8317146 0.7071117 0.3082188 -0.6363917 0.7071022 -0.3082251 0.6363991 0.7080237 0.3526518 -0.6118327 0.7080237 0.3526518 -0.6118327 0.7071022 -0.3082251 0.6363991 0.7080159 -0.352653 0.611841 -0.382939 0.652899 -0.653514 -0.382042 0.603407 -0.69996 0.7080584 0.4990932 -0.4995592 0.7080584 0.4990932 -0.4995592 -0.382042 0.603407 -0.69996 0.7071042 0.4616981 -0.5355731 -0.382042 0.603407 -0.69996 -0.382939 0.652899 -0.653514 -0.9236134 0.2502861 -0.2903362 -0.9236134 0.2502861 -0.2903362 -0.382939 0.652899 -0.653514 -0.9239845 0.2702898 -0.2705478 -0.69637 0.507239 -0.507718 -0.6954002 0.4692161 -0.5442931 -0.9239845 0.2702898 -0.2705478 -0.9239845 0.2702898 -0.2705478 -0.6954002 0.4692161 -0.5442931 -0.9236134 0.2502861 -0.2903362 -0.3600281 0.6593772 -0.6600012 -0.3591701 0.6093662 -0.7068732 -0.69637 0.507239 -0.507718 -0.69637 0.507239 -0.507718 -0.3591701 0.6093662 -0.7068732 -0.6954002 0.4692161 -0.5442931 -0.3591701 0.6093662 -0.7068732 -0.3600281 0.6593772 -0.6600012 -0.9204406 0.2552209 -0.2960599 -0.9204406 0.2552209 -0.2960599 -0.3600281 0.6593772 -0.6600012 -0.9208216 0.2756299 -0.2758909 -0.9239873 -0.2702851 0.2705431 -0.9236218 -0.2502709 0.2903229 -0.9208216 0.2756299 -0.2758909 -0.9208216 0.2756299 -0.2758909 -0.9236218 -0.2502709 0.2903229 -0.9204406 0.2552209 -0.2960599 -0.9236218 -0.2502709 0.2903229 -0.9239873 -0.2702851 0.2705431 -0.3820691 -0.603399 0.6999521 -0.3820691 -0.603399 0.6999521 -0.9239873 -0.2702851 0.2705431 -0.382946 -0.652897 0.653512 0.7080642 -0.4990881 0.4995561 0.7071096 -0.4616948 0.5355688 -0.382946 -0.652897 0.653512 -0.382946 -0.652897 0.653512 0.7071096 -0.4616948 0.5355688 -0.3820691 -0.603399 0.6999521 0.7071042 0.4616981 -0.5355731 0.7071096 -0.4616948 0.5355688 0.7080584 0.4990932 -0.4995592 0.7080584 0.4990932 -0.4995592 0.7071096 -0.4616948 0.5355688 0.7080642 -0.4990881 0.4995561 -0.3829312 0.7998845 -0.4621133 -0.3820831 0.7649331 -0.518546 0.708023 0.611478 -0.353268 0.708023 0.611478 -0.353268 -0.3820831 0.7649331 -0.518546 0.7071103 0.5852943 -0.3967692 -0.3820831 0.7649331 -0.518546 -0.3829312 0.7998845 -0.4621133 -0.9236236 0.3172699 -0.2150799 -0.9236236 0.3172699 -0.2150799 -0.3829312 0.7998845 -0.4621133 -0.9239764 0.3311581 -0.1913171 -0.6963229 0.6214699 -0.35904 -0.695395 0.594834 -0.403235 -0.9239764 0.3311581 -0.1913171 -0.9239764 0.3311581 -0.1913171 -0.695395 0.594834 -0.403235 -0.9236236 0.3172699 -0.2150799 -0.360027 0.8078191 -0.4667 -0.3592139 0.7724898 -0.5236649 -0.6963229 0.6214699 -0.35904 -0.6963229 0.6214699 -0.35904 -0.3592139 0.7724898 -0.5236649 -0.695395 0.594834 -0.403235 -0.3592139 0.7724898 -0.5236649 -0.360027 0.8078191 -0.4667 -0.9204512 0.3235271 -0.2193171 -0.9204512 0.3235271 -0.2193171 -0.360027 0.8078191 -0.4667 -0.9208168 0.3376899 -0.195095 -0.9239783 -0.3311531 0.1913161 -0.9236274 -0.3172661 0.2150691 -0.9208168 0.3376899 -0.195095 -0.9208168 0.3376899 -0.195095 -0.9236274 -0.3172661 0.2150691 -0.9204512 0.3235271 -0.2193171 -0.9236274 -0.3172661 0.2150691 -0.9239783 -0.3311531 0.1913161 -0.3820751 -0.7649411 0.5185401 -0.3820751 -0.7649411 0.5185401 -0.9239783 -0.3311531 0.1913161 -0.3829219 -0.7998879 0.4621149 0.7080169 -0.6114849 0.353268 0.7071035 -0.5853044 0.3967663 -0.3829219 -0.7998879 0.4621149 -0.3829219 -0.7998879 0.4621149 0.7071035 -0.5853044 0.3967663 -0.3820751 -0.7649411 0.5185401 0.7071103 0.5852943 -0.3967692 0.7071035 -0.5853044 0.3967663 0.708023 0.611478 -0.353268 0.708023 0.611478 -0.353268 0.7071035 -0.5853044 0.3967663 0.7080169 -0.6114849 0.353268 -0.3829459 0.8922477 -0.2392629 -0.3820658 0.8726615 -0.3041178 0.7080542 0.6820602 -0.1829021 0.7080542 0.6820602 -0.1829021 -0.3820658 0.8726615 -0.3041178 0.7071041 0.6677231 -0.232701 -0.3820658 0.8726615 -0.3041178 -0.3829459 0.8922477 -0.2392629 -0.92363 0.361937 -0.126132 -0.92363 0.361937 -0.126132 -0.3829459 0.8922477 -0.2392629 -0.9239953 0.3693551 -0.09904402 -0.696384 0.693179 -0.185883 -0.6954169 0.6785789 -0.236487 -0.9239953 0.3693551 -0.09904402 -0.9239953 0.3693551 -0.09904402 -0.6954169 0.6785789 -0.236487 -0.92363 0.361937 -0.126132 -0.360023 0.9011069 -0.24164 -0.359179 0.8812851 -0.307127 -0.696384 0.693179 -0.185883 -0.696384 0.693179 -0.185883 -0.359179 0.8812851 -0.307127 -0.6954169 0.6785789 -0.236487 -0.359179 0.8812851 -0.307127 -0.360023 0.9011069 -0.24164 -0.9204395 0.3691122 -0.1286361 -0.9204395 0.3691122 -0.1286361 -0.360023 0.9011069 -0.24164 -0.9208184 0.3766832 -0.101012 -0.9239731 -0.369406 0.09906001 -0.9236062 -0.3619911 0.126151 -0.9208184 0.3766832 -0.101012 -0.9208184 0.3766832 -0.101012 -0.9236062 -0.3619911 0.126151 -0.9204395 0.3691122 -0.1286361 -0.9236062 -0.3619911 0.126151 -0.9239731 -0.369406 0.09906001 -0.382026 -0.8726761 0.304126 -0.382026 -0.8726761 0.304126 -0.9239731 -0.369406 0.09906001 -0.3829108 -0.8922607 0.2392699 0.7080618 -0.6820529 0.1829 0.7071097 -0.6677178 0.2326989 -0.3829108 -0.8922607 0.2392699 -0.3829108 -0.8922607 0.2392699 0.7071097 -0.6677178 0.2326989 -0.382026 -0.8726761 0.304126 0.7071041 0.6677231 -0.232701 0.7071097 -0.6677178 0.2326989 0.7080542 0.6820602 -0.1829021 0.7080542 0.6820602 -0.1829021 0.7071097 -0.6677178 0.2326989 0.7080618 -0.6820529 0.1829 -0.3829209 0.9237806 -0.001015 -0.3820792 0.9217364 -0.06646603 0.707994 0.7062181 -7.75e-4 0.707994 0.7062181 -7.75e-4 -0.3820792 0.9217364 -0.06646603 0.7071061 0.7052761 -0.05085901 -0.3820792 0.9217364 -0.06646603 -0.3829209 0.9237806 -0.001015 -0.9236329 0.382286 -0.027565 -0.9236329 0.382286 -0.027565 -0.3829209 0.9237806 -0.001015 -0.9239811 0.3824381 -4.21e-4 -0.6963109 0.7177399 -7.88e-4 -0.6954107 0.7167516 -0.05168197 -0.9239811 0.3824381 -4.21e-4 -0.9239811 0.3824381 -4.21e-4 -0.6954107 0.7167516 -0.05168197 -0.9236329 0.382286 -0.027565 -0.3600171 0.9329453 -0.001025 -0.359215 0.930838 -0.067122 -0.6963109 0.7177399 -7.88e-4 -0.6963109 0.7177399 -7.88e-4 -0.359215 0.930838 -0.067122 -0.6954107 0.7167516 -0.05168197 -0.359215 0.930838 -0.067122 -0.3600171 0.9329453 -0.001025 -0.9204522 0.3898431 -0.02811101 -0.9204522 0.3898431 -0.02811101 -0.3600171 0.9329453 -0.001025 -0.9208122 0.3900061 -4.29e-4 -0.9239741 -0.3824551 4.21e-4 -0.9236279 -0.3822979 0.027567 -0.9208122 0.3900061 -4.29e-4 -0.9208122 0.3900061 -4.29e-4 -0.9236279 -0.3822979 0.027567 -0.9204522 0.3898431 -0.02811101 -0.9236279 -0.3822979 0.027567 -0.9239741 -0.3824551 4.21e-4 -0.3820709 -0.9217399 0.06646399 -0.3820709 -0.9217399 0.06646399 -0.9239741 -0.3824551 4.21e-4 -0.3829072 -0.9237863 0.001015 0.707997 -0.706215 7.75e-4 0.7071078 -0.7052748 0.05085199 -0.3829072 -0.9237863 0.001015 -0.3829072 -0.9237863 0.001015 0.7071078 -0.7052748 0.05085199 -0.3820709 -0.9217399 0.06646399 0.7071061 0.7052761 -0.05085901 0.7071078 -0.7052748 0.05085199 0.707994 0.7062181 -7.75e-4 0.707994 0.7062181 -7.75e-4 0.7071078 -0.7052748 0.05085199 0.707997 -0.706215 7.75e-4 -0.382944 0.892565 0.238079 -0.3820312 0.9080904 0.1715341 0.7080698 0.6822868 0.181994 0.7080698 0.6822868 0.181994 -0.3820312 0.9080904 0.1715341 0.7071004 0.6948254 0.1312511 -0.3820312 0.9080904 0.1715341 -0.382944 0.892565 0.238079 -0.9236158 0.3766589 0.07114799 -0.9236158 0.3766589 0.07114799 -0.382944 0.892565 0.238079 -0.9239941 0.369489 0.09855402 -0.6964002 0.6934092 0.1849611 -0.6954193 0.7061172 0.133381 -0.9239941 0.369489 0.09855402 -0.9239941 0.369489 0.09855402 -0.6954193 0.7061172 0.133381 -0.9236158 0.3766589 0.07114799 -0.3600281 0.9014242 0.2404461 -0.3591591 0.9170582 0.1732311 -0.6964002 0.6934092 0.1849611 -0.6964002 0.6934092 0.1849611 -0.3591591 0.9170582 0.1732311 -0.6954193 0.7061172 0.133381 -0.3591591 0.9170582 0.1732311 -0.3600281 0.9014242 0.2404461 -0.9204314 0.3841111 0.07256002 -0.9204314 0.3841111 0.07256002 -0.3600281 0.9014242 0.2404461 -0.9208201 0.3768131 0.100511 -0.9239753 -0.3695321 -0.09856804 -0.9235957 -0.3767059 -0.07115998 -0.9208201 0.3768131 0.100511 -0.9208201 0.3768131 0.100511 -0.9235957 -0.3767059 -0.07115998 -0.9204314 0.3841111 0.07256002 -0.9235957 -0.3767059 -0.07115998 -0.9239753 -0.3695321 -0.09856804 -0.3820018 -0.9081017 -0.1715399 -0.3820018 -0.9081017 -0.1715399 -0.9239753 -0.3695321 -0.09856804 -0.3829158 -0.8925756 -0.2380849 0.7080778 -0.6822798 -0.1819899 0.7071117 -0.6948146 -0.1312469 -0.3829158 -0.8925756 -0.2380849 -0.3829158 -0.8925756 -0.2380849 0.7071117 -0.6948146 -0.1312469 -0.3820018 -0.9081017 -0.1715399 0.7071004 0.6948254 0.1312511 0.7071117 -0.6948146 -0.1312469 0.7080698 0.6822868 0.181994 0.7080698 0.6822868 0.181994 0.7071117 -0.6948146 -0.1312469 0.7080778 -0.6822798 -0.1819899 -0.3829347 0.7997345 0.4623697 -0.3820822 0.8315944 0.4030682 0.7080488 0.6113448 0.3534469 0.7080488 0.6113448 0.3534469 -0.3820822 0.8315944 0.4030682 0.7071099 0.6363019 0.308408 -0.3820822 0.8315944 0.4030682 -0.3829347 0.7997345 0.4623697 -0.9236234 0.3449212 0.1671801 -0.9236234 0.3449212 0.1671801 -0.3829347 0.7997345 0.4623697 -0.9239773 0.3310931 0.191425 -0.696348 0.621336 0.359223 -0.6953936 0.6466737 0.3134339 -0.9239773 0.3310931 0.191425 -0.9239773 0.3310931 0.191425 -0.6953936 0.6466737 0.3134339 -0.9236234 0.3449212 0.1671801 -0.360032 0.8076701 0.4669541 -0.3592039 0.8398118 0.4070489 -0.696348 0.621336 0.359223 -0.696348 0.621336 0.359223 -0.3592039 0.8398118 0.4070489 -0.6953936 0.6466737 0.3134339 -0.3592039 0.8398118 0.4070489 -0.360032 0.8076701 0.4669541 -0.9204482 0.3517271 0.170479 -0.9204482 0.3517271 0.170479 -0.360032 0.8076701 0.4669541 -0.9208187 0.3376249 0.195198 -0.9239819 -0.331084 -0.191418 -0.9236252 -0.3449161 -0.167181 -0.9208187 0.3376249 0.195198 -0.9208187 0.3376249 0.195198 -0.9236252 -0.3449161 -0.167181 -0.9204482 0.3517271 0.170479 -0.9236252 -0.3449161 -0.167181 -0.9239819 -0.331084 -0.191418 -0.3820699 -0.8315968 -0.4030749 -0.3820699 -0.8315968 -0.4030749 -0.9239819 -0.331084 -0.191418 -0.3829289 -0.7997378 -0.4623689 0.7080428 -0.6113499 -0.3534499 0.7071038 -0.6363048 -0.3084159 -0.3829289 -0.7997378 -0.4623689 -0.3829289 -0.7997378 -0.4623689 0.7071038 -0.6363048 -0.3084159 -0.3820699 -0.8315968 -0.4030749 0.7071099 0.6363019 0.308408 0.7071038 -0.6363048 -0.3084159 0.7080488 0.6113448 0.3534469 0.7080488 0.6113448 0.3534469 0.7071038 -0.6363048 -0.3084159 0.7080428 -0.6113499 -0.3534499 -0.3829142 0.6536173 0.6528103 -0.382082 0.6985391 0.6050261 0.7079951 0.4996801 0.4990621 0.7079951 0.4996801 0.4990621 -0.382082 0.6985391 0.6050261 0.707104 0.5344979 0.4629429 -0.382082 0.6985391 0.6050261 -0.3829142 0.6536173 0.6528103 -0.9236283 0.2897231 0.2509411 -0.9236283 0.2897231 0.2509411 -0.3829142 0.6536173 0.6528103 -0.9239744 0.2706021 0.2702701 -0.696305 0.507835 0.507211 -0.6953982 0.5431982 0.4704862 -0.9239744 0.2706021 0.2702701 -0.9239744 0.2706021 0.2702701 -0.6953982 0.5431982 0.4704862 -0.9236283 0.2897231 0.2509411 -0.3600188 0.6600987 0.6592847 -0.359218 0.7054361 0.6110011 -0.696305 0.507835 0.507211 -0.696305 0.507835 0.507211 -0.359218 0.7054361 0.6110011 -0.6953982 0.5431982 0.4704862 -0.359218 0.7054361 0.6110011 -0.3600188 0.6600987 0.6592847 -0.9204568 0.295435 0.2558859 -0.9204568 0.295435 0.2558859 -0.3600188 0.6600987 0.6592847 -0.9208168 0.2759389 0.2755979 -0.9239759 -0.270602 -0.270265 -0.9236291 -0.289724 -0.250937 -0.9208168 0.2759389 0.2755979 -0.9208168 0.2759389 0.2755979 -0.9236291 -0.289724 -0.250937 -0.9204568 0.295435 0.2558859 -0.9236291 -0.289724 -0.250937 -0.9239759 -0.270602 -0.270265 -0.38208 -0.698541 -0.6050251 -0.38208 -0.698541 -0.6050251 -0.9239759 -0.270602 -0.270265 -0.382919 -0.6536179 -0.6528069 0.7080008 -0.4996749 -0.4990589 0.7071097 -0.5344938 -0.4629388 -0.382919 -0.6536179 -0.6528069 -0.382919 -0.6536179 -0.6528069 0.7071097 -0.5344938 -0.4629388 -0.38208 -0.698541 -0.6050251 0.707104 0.5344979 0.4629429 0.7071097 -0.5344938 -0.4629388 0.7079951 0.4996801 0.4990621 0.7079951 0.4996801 0.4990621 0.7071097 -0.5344938 -0.4629388 0.7080008 -0.4996749 -0.4990589 -0.3829162 0.4627262 0.7995373 -0.3820102 0.5204222 0.7636943 0.7080671 0.353707 0.611173 0.7080671 0.353707 0.611173 -0.3820102 0.5204222 0.7636943 0.7071096 0.3981908 0.5843287 -0.3820102 0.5204222 0.7636943 -0.3829162 0.4627262 0.7995373 -0.923601 0.21588 0.316792 -0.923601 0.21588 0.316792 -0.3829162 0.4627262 0.7995373 -0.9239766 0.1915719 0.3310099 -0.6963712 0.3594891 0.6211561 -0.6954029 0.4046749 0.593846 -0.9239766 0.1915719 0.3310099 -0.9239766 0.1915719 0.3310099 -0.6954029 0.4046749 0.593846 -0.923601 0.21588 0.316792 -0.3600412 0.4673112 0.8074594 -0.3591769 0.5255469 0.7712278 -0.6963712 0.3594891 0.6211561 -0.6963712 0.3594891 0.6211561 -0.3591769 0.5255469 0.7712278 -0.6954029 0.4046749 0.593846 -0.3591769 0.5255469 0.7712278 -0.3600412 0.4673112 0.8074594 -0.9204484 0.2201041 0.3230001 -0.9204484 0.2201041 0.3230001 -0.3600412 0.4673112 0.8074594 -0.9208366 0.1953269 0.3375019 -0.9239863 -0.1915561 -0.3309921 -0.9236129 -0.215858 -0.316772 -0.9208366 0.1953269 0.3375019 -0.9208366 0.1953269 0.3375019 -0.9236129 -0.215858 -0.316772 -0.9204484 0.2201041 0.3230001 -0.9236129 -0.215858 -0.316772 -0.9239863 -0.1915561 -0.3309921 -0.3820628 -0.5204008 -0.7636827 -0.3820628 -0.5204008 -0.7636827 -0.9239863 -0.1915561 -0.3309921 -0.3829629 -0.4627139 -0.7995219 0.708059 -0.353715 -0.6111779 0.707104 -0.3981889 -0.5843369 -0.3829629 -0.4627139 -0.7995219 -0.3829629 -0.4627139 -0.7995219 0.707104 -0.3981889 -0.5843369 -0.3820628 -0.5204008 -0.7636827 0.7071096 0.3981908 0.5843287 0.707104 -0.3981889 -0.5843369 0.7080671 0.353707 0.611173 0.7080671 0.353707 0.611173 0.707104 -0.3981889 -0.5843369 0.708059 -0.353715 -0.6111779 -0.3829172 0.2386111 0.8924344 -0.3820599 0.303308 0.8729459 0.7080531 0.182403 0.6821951 0.7080531 0.182403 0.6821951 -0.3820599 0.303308 0.8729459 0.7071084 0.2320751 0.6679363 -0.3820599 0.303308 0.8729459 -0.3829172 0.2386111 0.8924344 -0.9236212 0.125803 0.3620741 -0.9236212 0.125803 0.3620741 -0.3829172 0.2386111 0.8924344 -0.9239768 0.09878398 0.3694709 -0.6963661 0.185378 0.6933321 -0.6954024 0.2358531 0.6788143 -0.9239768 0.09878398 0.3694709 -0.9239768 0.09878398 0.3694709 -0.6954024 0.2358531 0.6788143 -0.9236212 0.125803 0.3620741 -0.3600529 0.2409759 0.9012728 -0.359221 0.306299 0.8815561 -0.6963661 0.185378 0.6933321 -0.6963661 0.185378 0.6933321 -0.359221 0.306299 0.8815561 -0.6954024 0.2358531 0.6788143 -0.9208308 0.100727 0.3767289 -0.9204606 0.128279 0.3691839 -0.3600529 0.2409759 0.9012728 -0.3600529 0.2409759 0.9012728 -0.9204606 0.128279 0.3691839 -0.359221 0.306299 0.8815561 -0.923979 -0.098785 -0.369465 -0.9236223 -0.125801 -0.3620721 -0.9208308 0.100727 0.3767289 -0.9208308 0.100727 0.3767289 -0.9236223 -0.125801 -0.3620721 -0.9204606 0.128279 0.3691839 -0.9236223 -0.125801 -0.3620721 -0.923979 -0.098785 -0.369465 -0.3820699 -0.303307 -0.8729419 -0.3820699 -0.303307 -0.8729419 -0.923979 -0.098785 -0.369465 -0.382927 -0.238612 -0.89243 0.7080518 -0.182401 -0.6821968 0.707105 -0.23208 -0.6679381 -0.382927 -0.238612 -0.89243 -0.382927 -0.238612 -0.89243 0.707105 -0.23208 -0.6679381 -0.3820699 -0.303307 -0.8729419 0.7071084 0.2320751 0.6679363 0.707105 -0.23208 -0.6679381 0.7080531 0.182403 0.6821951 0.7080531 0.182403 0.6821951 0.707105 -0.23208 -0.6679381 0.7080518 -0.182401 -0.6821968 -0.382906 -7.13e-4 0.9237871 -0.382062 0.065873 0.921786 0.7080256 -5.44e-4 0.7061866 0.7080256 -5.44e-4 0.7061866 -0.382062 0.065873 0.921786 0.7071068 0.05040898 0.7053078 -0.382062 0.065873 0.921786 -0.382906 -7.13e-4 0.9237871 -0.9236219 0.027321 0.3823299 -0.9236219 0.027321 0.3823299 -0.382906 -7.13e-4 0.9237871 -0.923972 -2.96e-4 0.38246 -0.6963359 -5.54e-4 0.7177159 -0.695403 0.05122201 0.716792 -0.923972 -2.96e-4 0.38246 -0.923972 -2.96e-4 0.38246 -0.695403 0.05122201 0.716792 -0.9236219 0.027321 0.3823299 -0.3600151 -7.22e-4 0.9329463 -0.359219 0.06651599 0.9308799 -0.6963359 -5.54e-4 0.7177159 -0.6963359 -5.54e-4 0.7177159 -0.359219 0.06651599 0.9308799 -0.695403 0.05122201 0.716792 -0.359219 0.06651599 0.9308799 -0.3600151 -7.22e-4 0.9329463 -0.9204565 0.02785098 0.3898517 -0.9204565 0.02785098 0.3898517 -0.3600151 -7.22e-4 0.9329463 -0.9208122 -3.05e-4 0.3900061 -0.9239796 2.94e-4 -0.3824418 -0.9236309 -0.027325 -0.3823079 -0.9208122 -3.05e-4 0.3900061 -0.9208122 -3.05e-4 0.3900061 -0.9236309 -0.027325 -0.3823079 -0.9204565 0.02785098 0.3898517 -0.9236309 -0.027325 -0.3823079 -0.9239796 2.94e-4 -0.3824418 -0.382084 -0.06587299 -0.9217769 -0.382084 -0.06587299 -0.9217769 -0.9239796 2.94e-4 -0.3824418 -0.382921 7.14e-4 -0.9237809 0.7080271 5.47e-4 -0.706185 0.7071072 -0.05039801 -0.7053082 -0.382921 7.14e-4 -0.9237809 -0.382921 7.14e-4 -0.9237809 0.7071072 -0.05039801 -0.7053082 -0.382084 -0.06587299 -0.9217769 0.7071068 0.05040898 0.7053078 0.7071072 -0.05039801 -0.7053082 0.7080256 -5.44e-4 0.7061866 0.7080256 -5.44e-4 0.7061866 0.7071072 -0.05039801 -0.7053082 0.7080271 5.47e-4 -0.706185 -0.3829418 -0.2399949 0.8920527 -0.3820821 -0.1741951 0.9075623 0.7080489 -0.18346 0.6819159 0.7080489 -0.18346 0.6819159 -0.3820821 -0.1741951 0.9075623 0.7071021 -0.133292 0.6944351 -0.3820821 -0.1741951 0.9075623 -0.3829418 -0.2399949 0.8920527 -0.9236302 -0.07224701 0.3764141 -0.9236302 -0.07224701 0.3764141 -0.3829418 -0.2399949 0.8920527 -0.9239872 -0.09935402 0.3692921 -0.696366 -0.186456 0.693043 -0.6954038 -0.135459 0.7057368 -0.9239872 -0.09935402 0.3692921 -0.9239872 -0.09935402 0.3692921 -0.6954038 -0.135459 0.7057368 -0.9236302 -0.07224701 0.3764141 -0.3600421 -0.2423771 0.9009013 -0.359219 -0.175914 0.9165239 -0.696366 -0.186456 0.693043 -0.696366 -0.186456 0.693043 -0.359219 -0.175914 0.9165239 -0.6954038 -0.135459 0.7057368 -0.359219 -0.175914 0.9165239 -0.3600421 -0.2423771 0.9009013 -0.9204469 -0.07367299 0.3838619 -0.9204469 -0.07367299 0.3838619 -0.3600421 -0.2423771 0.9009013 -0.9208177 -0.10132 0.3766019 -0.9239786 0.09936296 -0.3693109 -0.9236246 0.07225198 -0.3764268 -0.9208177 -0.10132 0.3766019 -0.9208177 -0.10132 0.3766019 -0.9236246 0.07225198 -0.3764268 -0.9204469 -0.07367299 0.3838619 -0.9236246 0.07225198 -0.3764268 -0.9239786 0.09936296 -0.3693109 -0.3820462 0.1741961 -0.9075773 -0.3820462 0.1741961 -0.9075773 -0.9239786 0.09936296 -0.3693109 -0.3829038 0.2400039 -0.8920666 0.7080587 0.1834599 -0.6819057 0.7071114 0.1332821 -0.6944274 -0.3829038 0.2400039 -0.8920666 -0.3829038 0.2400039 -0.8920666 0.7071114 0.1332821 -0.6944274 -0.3820462 0.1741961 -0.9075773 0.7071021 -0.133292 0.6944351 0.7071114 0.1332821 -0.6944274 0.7080489 -0.18346 0.6819159 0.7080489 -0.18346 0.6819159 0.7071114 0.1332821 -0.6944274 0.7080587 0.1834599 -0.6819057 -0.3829198 -0.4616978 0.8001297 -0.3821039 -0.4043298 0.8309717 0.707986 -0.352968 0.611694 0.707986 -0.352968 0.611694 -0.3821039 -0.4043298 0.8309717 0.707105 -0.309383 0.635834 -0.3821039 -0.4043298 0.8309717 -0.3829198 -0.4616978 0.8001297 -0.9236389 -0.167688 0.344633 -0.9236389 -0.167688 0.344633 -0.3829198 -0.4616978 0.8001297 -0.9239787 -0.191139 0.3312539 -0.6962929 -0.358731 0.6216819 -0.6953959 -0.314423 0.6461909 -0.9239787 -0.191139 0.3312539 -0.9239787 -0.191139 0.3312539 -0.6953959 -0.314423 0.6461909 -0.9236389 -0.167688 0.344633 -0.359992 -0.466287 0.8080731 -0.359212 -0.4083301 0.8391861 -0.6962929 -0.358731 0.6216819 -0.6962929 -0.358731 0.6216819 -0.359212 -0.4083301 0.8391861 -0.6953959 -0.314423 0.6461909 -0.359212 -0.4083301 0.8391861 -0.359992 -0.466287 0.8080731 -0.9204641 -0.170999 0.351433 -0.9204641 -0.170999 0.351433 -0.359992 -0.466287 0.8080731 -0.9208133 -0.194921 0.3378001 -0.9239777 0.191144 -0.3312539 -0.9236341 0.167696 -0.344642 -0.9208133 -0.194921 0.3378001 -0.9208133 -0.194921 0.3378001 -0.9236341 0.167696 -0.344642 -0.9204641 -0.170999 0.351433 -0.9236341 0.167696 -0.344642 -0.9239777 0.191144 -0.3312539 -0.3821068 0.4043318 -0.8309695 -0.3821068 0.4043318 -0.8309695 -0.9239777 0.191144 -0.3312539 -0.3829389 0.4616958 -0.8001217 0.707985 0.352968 -0.6116951 0.707108 0.309384 -0.63583 -0.3829389 0.4616958 -0.8001217 -0.3829389 0.4616958 -0.8001217 0.707108 0.309384 -0.63583 -0.3821068 0.4043318 -0.8309695 0.707105 -0.309383 0.635834 0.707108 0.309384 -0.63583 0.707986 -0.352968 0.611694 0.707986 -0.352968 0.611694 0.707108 0.309384 -0.63583 0.707985 0.352968 -0.6116951 -0.3829318 -0.6528967 0.6535207 -0.3820232 -0.6029533 0.7003613 0.7080799 -0.4990719 0.49955 0.7080799 -0.4990719 0.49955 -0.3820232 -0.6029533 0.7003613 0.7071092 -0.4613411 0.5358741 -0.3820232 -0.6029533 0.7003613 -0.3829318 -0.6528967 0.6535207 -0.9236122 -0.2500971 0.2905031 -0.9236122 -0.2500971 0.2905031 -0.3829318 -0.6528967 0.6535207 -0.9239884 -0.2702831 0.2705411 -0.6964067 -0.5072088 0.5076978 -0.695421 -0.468836 0.544594 -0.9239884 -0.2702831 0.2705411 -0.9239884 -0.2702831 0.2705411 -0.695421 -0.468836 0.544594 -0.9236122 -0.2500971 0.2905031 -0.3600521 -0.6593652 0.6600002 -0.359169 -0.608898 0.7072771 -0.6964067 -0.5072088 0.5076978 -0.6964067 -0.5072088 0.5076978 -0.359169 -0.608898 0.7072771 -0.695421 -0.468836 0.544594 -0.359169 -0.608898 0.7072771 -0.3600521 -0.6593652 0.6600002 -0.9204371 -0.255029 0.296236 -0.9204371 -0.255029 0.296236 -0.3600521 -0.6593652 0.6600002 -0.9208294 -0.2756141 0.2758811 -0.923999 0.270265 -0.270523 -0.9236264 0.2500751 -0.2904771 -0.9208294 -0.2756141 0.2758811 -0.9208294 -0.2756141 0.2758811 -0.9236264 0.2500751 -0.2904771 -0.9204371 -0.255029 0.296236 -0.9236264 0.2500751 -0.2904771 -0.923999 0.270265 -0.270523 -0.3820809 0.6029288 -0.7003508 -0.3820809 0.6029288 -0.7003508 -0.923999 0.270265 -0.270523 -0.382973 0.6528841 -0.6535091 0.7080737 0.4990768 -0.4995538 0.7071021 0.4613381 -0.535886 -0.382973 0.6528841 -0.6535091 -0.382973 0.6528841 -0.6535091 0.7071021 0.4613381 -0.535886 -0.3820809 0.6029288 -0.7003508 0.7071092 -0.4613411 0.5358741 0.7071021 0.4613381 -0.535886 0.7080799 -0.4990719 0.49955 0.7080799 -0.4990719 0.49955 0.7071021 0.4613381 -0.535886 0.7080737 0.4990768 -0.4995538 -0.382929 -0.800285 0.461421 -0.3820911 -0.7653401 0.5179391 0.7080218 -0.6117848 0.3527389 0.7080218 -0.6117848 0.3527389 -0.3820911 -0.7653401 0.5179391 0.7071072 -0.5856082 0.3963112 -0.3820911 -0.7653401 0.5179391 -0.382929 -0.800285 0.461421 -0.9236359 -0.317419 0.214807 -0.9236359 -0.317419 0.214807 -0.382929 -0.800285 0.461421 -0.9239823 -0.3313111 0.1910231 -0.6963378 -0.6217689 0.3584929 -0.695411 -0.595141 0.402754 -0.9239823 -0.3313111 0.1910231 -0.9239823 -0.3313111 0.1910231 -0.695411 -0.595141 0.402754 -0.9236359 -0.317419 0.214807 -0.360028 -0.8082261 0.4659941 -0.3592409 -0.7728938 0.5230499 -0.6963378 -0.6217689 0.3584929 -0.6963378 -0.6217689 0.3584929 -0.3592409 -0.7728938 0.5230499 -0.695411 -0.595141 0.402754 -0.3592409 -0.7728938 0.5230499 -0.360028 -0.8082261 0.4659941 -0.9204539 -0.323696 0.219056 -0.9204539 -0.323696 0.219056 -0.360028 -0.8082261 0.4659941 -0.9208089 -0.337879 0.194805 -0.9239823 0.3313111 -0.1910231 -0.923639 0.31741 -0.214807 -0.9208089 -0.337879 0.194805 -0.9208089 -0.337879 0.194805 -0.923639 0.31741 -0.214807 -0.9204539 -0.323696 0.219056 -0.923639 0.31741 -0.214807 -0.9239823 0.3313111 -0.1910231 -0.3820801 0.7653443 -0.5179412 -0.3820801 0.7653443 -0.5179412 -0.9239823 0.3313111 -0.1910231 -0.38291 0.8002929 -0.461423 0.7080213 0.6117863 -0.3527372 0.707105 0.585613 -0.396308 -0.38291 0.8002929 -0.461423 -0.38291 0.8002929 -0.461423 0.707105 0.585613 -0.396308 -0.3820801 0.7653443 -0.5179412 0.7071072 -0.5856082 0.3963112 0.707105 0.585613 -0.396308 0.7080218 -0.6117848 0.3527389 0.7080218 -0.6117848 0.3527389 0.707105 0.585613 -0.396308 0.7080213 0.6117863 -0.3527372</float_array>
          <technique_common>
            <accessor source="#pPipeShape68-normals-array" count="2592" stride="3">
              <param name="X" type="float"/>
              <param name="Y" type="float"/>
              <param name="Z" type="float"/>
            </accessor>
          </technique_common>
        </source>
        <source id="pPipeShape68-pPipeShape68-pPipeShape68-map1" name="pPipeShape68-pPipeShape68-pPipeShape68-map1">
          <float_array id="pPipeShape68-pPipeShape68-pPipeShape68-map1-array" count="980">-1.342086 0.097205 -1.503374 0.097205 -1.503374 0.038991 -1.342086 0.038991 -1.17675 0.097205 -1.17675 0.038991 -1.009026 0.097205 -1.009026 0.038991 -0.840241 0.097205 -0.840241 0.038991 -0.671231 0.097205 -0.671231 0.038991 -0.502492 0.097205 -0.502492 0.038991 -0.334278 0.097205 -0.334278 0.038991 -0.166673 0.097205 -0.166673 0.038991 3.51e-4 0.097205 3.51e-4 0.038991 0.166892 0.097205 0.166892 0.038991 0.335221 0.097205 0.335312 0.038991 0.500269 0.097205 0.500269 0.038991 0.665687 0.097205 0.665687 0.038991 0.831692 0.097205 0.831692 0.038991 0.997965 0.097205 0.997965 0.038991 1.164979 0.097205 1.164979 0.038991 1.332636 0.097205 1.332636 0.038991 1.500925 0.097205 1.500925 0.038991 1.669771 0.097205 1.669771 0.038991 1.838927 0.097205 1.838927 0.038991 2.007897 0.097205 2.007897 0.038991 2.175843 0.097205 2.175843 0.038991 2.341426 0.097205 2.341426 0.038991 2.503366 0.097205 2.503366 0.038991 -1.342086 0.990329 -1.503374 0.990329 -1.503374 0.775084 -1.342086 0.775084 -1.17675 0.990329 -1.17675 0.775084 -1.009026 0.990329 -1.009026 0.775084 -0.840241 0.990329 -0.840241 0.775084 -0.671231 0.990329 -0.671231 0.775084 -0.502492 0.990329 -0.502492 0.775084 -0.334278 0.990329 -0.334278 0.775084 -0.166673 0.990329 -0.166673 0.775084 3.51e-4 0.990329 3.51e-4 0.775084 0.166892 0.990329 0.166892 0.775084 0.333093 0.990329 0.333329 0.775084 0.500269 0.990329 0.500269 0.775084 0.665687 0.990329 0.665687 0.775084 0.831692 0.990329 0.831692 0.775084 0.997965 0.990329 0.997965 0.775084 1.164979 0.990329 1.164979 0.775084 1.332636 0.990329 1.332636 0.775084 1.500925 0.990329 1.500925 0.775084 1.669771 0.990329 1.669771 0.775084 1.838927 0.990329 1.838927 0.775084 2.007897 0.990329 2.007897 0.775084 2.175843 0.990329 2.175843 0.775084 2.341426 0.990329 2.341426 0.775084 2.503366 0.990329 2.503366 0.775084 -1.503374 0.522805 -1.342086 0.522805 -1.17675 0.522805 -1.009026 0.522805 -0.840241 0.522805 -0.671231 0.522805 -0.502492 0.522805 -0.334278 0.522805 -0.166673 0.522805 3.51e-4 0.522805 0.166892 0.522805 0.333708 0.522805 0.500269 0.522805 0.665687 0.522805 0.831692 0.522805 0.997965 0.522805 1.164979 0.522805 1.332636 0.522805 1.500925 0.522805 1.669771 0.522805 1.838927 0.522805 2.007897 0.522805 2.175843 0.522805 2.341426 0.522805 2.503366 0.522805 -1.342086 0.480727 -1.503374 0.480727 -1.503374 0.421446 -1.342086 0.421446 -1.17675 0.480727 -1.17675 0.421446 -1.009026 0.480727 -1.009026 0.421446 -0.840241 0.480727 -0.840241 0.421446 -0.671231 0.480727 -0.671231 0.421446 -0.502492 0.480727 -0.502492 0.421446 -0.334278 0.480727 -0.334278 0.421446 -0.166673 0.480727 -0.166673 0.421446 3.51e-4 0.480727 3.51e-4 0.421446 0.166892 0.480727 0.166892 0.421446 0.333944 0.480727 0.334209 0.421446 0.500269 0.480727 0.500269 0.421446 0.665687 0.480727 0.665687 0.421446 0.831692 0.480727 0.831692 0.421446 0.997965 0.480727 0.997965 0.421446 1.164979 0.480727 1.164979 0.421446 1.332636 0.480727 1.332636 0.421446 1.500925 0.480727 1.500925 0.421446 1.669771 0.480727 1.669771 0.421446 1.838927 0.480727 1.838927 0.421446 2.007897 0.480727 2.007897 0.421446 2.175843 0.480727 2.175843 0.421446 2.341426 0.480727 2.341426 0.421446 2.503366 0.480727 2.503366 0.421446 1.500925 0.379888 1.332636 0.379888 1.332636 0.214775 1.500925 0.214775 1.669771 0.379888 1.669771 0.214775 1.838927 0.379888 1.838927 0.214775 2.007897 0.379888 2.007897 0.214775 2.175843 0.379888 2.175843 0.214775 2.341426 0.379888 2.341426 0.214775 2.503366 0.379888 2.503366 0.214775 -1.342086 0.379888 -1.503374 0.379888 -1.503374 0.214775 -1.342086 0.214775 -1.17675 0.379888 -1.17675 0.214775 -1.009026 0.379888 -1.009026 0.214775 -0.840241 0.379888 -0.840241 0.214775 -0.671231 0.379888 -0.671231 0.214775 -0.502492 0.379888 -0.502492 0.214775 -0.334278 0.379888 -0.334278 0.214775 -0.166673 0.379888 -0.166673 0.214775 3.51e-4 0.379888 3.51e-4 0.214775 0.166892 0.379888 0.166892 0.214775 0.334466 0.379888 0.334827 0.214775 0.500269 0.379888 0.500269 0.214775 0.665687 0.379888 0.665687 0.214775 0.831692 0.379888 0.831692 0.214775 0.997965 0.379888 0.997965 0.214775 1.164979 0.379888 1.164979 0.214775 1.332636 0.139355 1.500925 0.139355 1.669771 0.139355 1.838927 0.139355 2.007897 0.139355 2.175843 0.139355 2.341426 0.139355 2.503366 0.139355 -1.503374 0.139355 -1.342086 0.139355 -1.17675 0.139355 -1.009026 0.139355 -0.840241 0.139355 -0.671231 0.139355 -0.502492 0.139355 -0.334278 0.139355 -0.166673 0.139355 3.51e-4 0.139355 0.166892 0.139355 0.335069 0.139355 0.500269 0.139355 0.665687 0.139355 0.831692 0.139355 0.997965 0.139355 1.164979 0.139355 2.258634 0.038991 2.258634 0.990329 2.258634 0.775084 2.258634 0.522805 2.258634 0.480727 2.258634 0.421446 2.258634 0.379888 2.258634 0.214775 2.258634 0.139355 2.258634 0.097205 2.422529 0.097205 2.422529 0.038991 2.422529 0.990329 2.422529 0.775084 2.422529 0.522805 2.422529 0.480727 2.422529 0.421446 2.422529 0.379888 2.422529 0.214775 2.422529 0.139355 -1.421643 0.139355 -1.421643 0.214775 -1.421643 0.379888 -1.421643 0.421446 -1.421643 0.480727 -1.421643 0.522805 -1.421643 0.775084 -1.421643 0.038991 -1.421643 0.990329 -1.421643 0.097205 -1.256984 0.139355 -1.256984 0.214775 -1.256984 0.379888 -1.256984 0.421446 -1.256984 0.480727 -1.256984 0.522805 -1.256984 0.775084 -1.256984 0.038991 -1.256984 0.990329 -1.256984 0.097205 -1.090399 0.139355 -1.090399 0.214775 -1.090399 0.379888 -1.090399 0.421446 -1.090399 0.480727 -1.090399 0.522805 -1.090399 0.775084 -1.090399 0.038991 -1.090399 0.990329 -1.090399 0.097205 -0.923307 0.139355 -0.923307 0.214775 -0.923307 0.379888 -0.923307 0.421446 -0.923307 0.480727 -0.923307 0.522805 -0.923307 0.775084 -0.923307 0.038991 -0.923307 0.990329 -0.923307 0.097205 -0.750887 0.139355 -0.750887 0.214775 -0.750887 0.379888 -0.750887 0.421446 -0.750887 0.480727 -0.750887 0.522805 -0.750887 0.775084 -0.750887 0.038991 -0.750887 0.990329 -0.750887 0.097205 -0.582956 0.139355 -0.582956 0.214775 -0.582956 0.379888 -0.582956 0.421446 -0.582956 0.480727 -0.582956 0.522805 -0.582956 0.775084 -0.582956 0.038991 -0.582956 0.990329 -0.582956 0.097205 -0.418934 0.775084 -0.418934 0.038991 -0.418934 0.990329 -0.418934 0.097205 -0.418934 0.139355 -0.418934 0.214775 -0.418934 0.379888 -0.418934 0.421446 -0.418934 0.480727 -0.418934 0.522805 -0.250479 0.038991 -0.250479 0.990329 -0.250479 0.097205 -0.250479 0.139355 -0.250479 0.214775 -0.250479 0.379888 -0.250479 0.421446 -0.250479 0.480727 -0.250479 0.522805 -0.250479 0.775084 -0.085166 0.038991 -0.085166 0.990329 -0.085166 0.097205 -0.085166 0.139355 -0.085166 0.214775 -0.085166 0.379888 -0.085166 0.421446 -0.085166 0.480727 -0.085166 0.522805 -0.085166 0.775084 0.084239 0.038991 0.084239 0.990329 0.084239 0.097205 0.084239 0.139355 0.084239 0.214775 0.084239 0.379888 0.084239 0.421446 0.084239 0.480727 0.084239 0.522805 0.084239 0.775084 0.249691 0.038991 0.2486 0.990329 0.249646 0.097205 0.249571 0.139355 0.249452 0.214775 0.249275 0.379888 0.249148 0.421446 0.249018 0.480727 0.248902 0.522805 0.248716 0.775084 0.418606 0.038991 0.417507 0.990329 0.41856 0.097205 0.418485 0.139355 0.418365 0.214775 0.418187 0.379888 0.418059 0.421446 0.417929 0.480727 0.417811 0.522805 0.417624 0.775084 0.579238 0.038991 0.579238 0.990329 0.579238 0.097205 0.579238 0.139355 0.579238 0.214775 0.579238 0.379888 0.579238 0.421446 0.579238 0.480727 0.579238 0.522805 0.579238 0.775084 0.749094 0.038991 0.749094 0.990329 0.749094 0.097205 0.749094 0.139355 0.749094 0.214775 0.749094 0.379888 0.749094 0.421446 0.749094 0.480727 0.749094 0.522805 0.749094 0.775084 0.91614 0.038991 0.91614 0.990329 0.91614 0.097205 0.91614 0.139355 0.91614 0.214775 0.91614 0.379888 0.91614 0.421446 0.91614 0.480727 0.91614 0.522805 0.91614 0.775084 1.078493 0.038991 1.078493 0.990329 1.078493 0.097205 1.078493 0.139355 1.078493 0.214775 1.078493 0.379888 1.078493 0.421446 1.078493 0.480727 1.078493 0.522805 1.078493 0.775084 1.248717 0.038991 1.248717 0.990329 1.248717 0.097205 1.248717 0.139355 1.248717 0.214775 1.248717 0.379888 1.248717 0.421446 1.248717 0.480727 1.248717 0.522805 1.248717 0.775084 1.418458 0.038991 1.418458 0.990329 1.418458 0.097205 1.418458 0.139355 1.418458 0.214775 1.418458 0.379888 1.418458 0.421446 1.418458 0.480727 1.418458 0.522805 1.418458 0.775084 1.585857 0.038991 1.585857 0.990329 1.585857 0.097205 1.585857 0.139355 1.585857 0.214775 1.585857 0.379888 1.585857 0.421446 1.585857 0.480727 1.585857 0.522805 1.585857 0.775084 1.756835 0.038991 1.756835 0.990329 1.756835 0.097205 1.756835 0.139355 1.756835 0.214775 1.756835 0.379888 1.756835 0.421446 1.756835 0.480727 1.756835 0.522805 1.756835 0.775084 1.920294 0.038991 1.920294 0.990329 1.920294 0.097205 1.920294 0.139355 1.920294 0.214775 1.920294 0.379888 1.920294 0.421446 1.920294 0.480727 1.920294 0.522805 1.920294 0.775084 2.093516 0.038991 2.093516 0.990329 2.093516 0.097205 2.093516 0.139355 2.093516 0.214775 2.093516 0.379888 2.093516 0.421446 2.093516 0.480727 2.093516 0.522805 2.093516 0.775084</float_array>
          <technique_common>
            <accessor source="#pPipeShape68-pPipeShape68-pPipeShape68-map1-array" count="490" stride="2">
              <param name="S" type="float"/>
              <param name="T" type="float"/>
            </accessor>
          </technique_common>
        </source>
        <vertices id="pPipeShape68-vertices" name="pPipeShape68-vertices">
          <input semantic="POSITION" source="#pPipeShape68-positions"/>
        </vertices>
        <triangles material="lambert6SG" count="864">
          <input semantic="VERTEX" source="#pPipeShape68-vertices" offset="0"/>
          <input semantic="NORMAL" source="#pPipeShape68-normals" offset="1"/>
          <input semantic="TEXCOORD" source="#pPipeShape68-pPipeShape68-pPipeShape68-map1" offset="2" set="0"/>
          <p>242 0 279 73 1 1 241 2 277 241 3 277 73 4 1 0 5 2 251 6 289 75 7 0 250 8 287 250 9 287 75 10 0 1 11 3 260 12 299 77 13 4 259 14 297 259 15 297 77 16 4 2 17 5 269 18 309 79 19 6 268 20 307 268 21 307 79 22 6 3 23 7 278 24 319 81 25 8 277 26 317 277 27 317 81 28 8 4 29 9 287 30 329 83 31 10 286 32 327 286 33 327 83 34 10 5 35 11 290 36 333 85 37 12 289 38 331 289 39 331 85 40 12 6 41 13 298 42 342 87 43 14 297 44 340 297 45 340 87 46 14 7 47 15 307 48 352 89 49 16 306 50 350 306 51 350 89 52 16 8 53 17 316 54 362 91 55 18 315 56 360 315 57 360 91 58 18 9 59 19 325 60 372 93 61 20 324 62 370 324 63 370 93 64 20 10 65 21 334 66 382 95 67 22 333 68 380 333 69 380 95 70 22 11 71 23 343 72 392 97 73 24 342 74 390 342 75 390 97 76 24 12 77 25 352 78 402 99 79 26 351 80 400 351 81 400 99 82 26 13 83 27 361 84 412 101 85 28 360 86 410 360 87 410 101 88 28 14 89 29 370 90 422 103 91 30 369 92 420 369 93 420 103 94 30 15 95 31 379 96 432 105 97 32 378 98 430 378 99 430 105 100 32 16 101 33 388 102 442 107 103 34 387 104 440 387 105 440 107 106 34 17 107 35 397 108 452 109 109 36 396 110 450 396 111 450 109 112 36 18 113 37 406 114 462 111 115 38 405 116 460 405 117 460 111 118 38 19 119 39 415 120 472 113 121 40 414 122 470 414 123 470 113 124 40 20 125 41 424 126 482 115 127 42 423 128 480 423 129 480 115 130 42 21 131 43 119 132 46 224 133 259 23 134 47 23 135 47 224 136 259 216 137 250 73 138 48 225 139 260 0 140 49 0 141 49 225 142 260 226 143 261 241 144 278 0 145 51 240 146 276 240 147 276 0 148 51 24 149 52 250 150 288 1 151 50 249 152 286 249 153 286 1 154 50 25 155 53 259 156 298 2 157 54 258 158 296 258 159 296 2 160 54 26 161 55 268 162 308 3 163 56 267 164 306 267 165 306 3 166 56 27 167 57 277 168 318 4 169 58 276 170 316 276 171 316 4 172 58 28 173 59 286 174 328 5 175 60 285 176 326 285 177 326 5 178 60 29 179 61 289 180 332 6 181 62 288 182 330 288 183 330 6 184 62 30 185 63 297 186 341 7 187 64 305 188 349 305 189 349 7 190 64 31 191 65 306 192 351 8 193 66 314 194 359 314 195 359 8 196 66 32 197 67 315 198 361 9 199 68 323 200 369 323 201 369 9 202 68 33 203 69 324 204 371 10 205 70 332 206 379 332 207 379 10 208 70 34 209 71 333 210 381 11 211 72 341 212 389 341 213 389 11 214 72 35 215 73 342 216 391 12 217 74 350 218 399 350 219 399 12 220 74 36 221 75 351 222 401 13 223 76 359 224 409 359 225 409 13 226 76 37 227 77 360 228 411 14 229 78 368 230 419 368 231 419 14 232 78 38 233 79 369 234 421 15 235 80 377 236 429 377 237 429 15 238 80 39 239 81 378 240 431 16 241 82 386 242 439 386 243 439 16 244 82 40 245 83 387 246 441 17 247 84 395 248 449 395 249 449 17 250 84 41 251 85 396 252 451 18 253 86 404 254 459 404 255 459 18 256 86 42 257 87 405 258 461 19 259 88 413 260 469 413 261 469 19 262 88 43 263 89 414 264 471 20 265 90 422 266 479 422 267 479 20 268 90 44 269 91 423 270 481 21 271 92 431 272 489 431 273 489 21 274 92 45 275 93 216 276 251 217 277 252 23 278 96 23 279 96 217 280 252 47 281 97 226 282 262 227 283 263 0 284 98 0 285 98 227 286 263 24 287 99 240 288 276 24 289 52 239 290 275 239 291 275 24 292 52 121 293 100 249 294 286 25 295 53 248 296 285 248 297 285 25 298 53 123 299 101 258 300 296 26 301 55 257 302 295 257 303 295 26 304 55 125 305 102 267 306 306 27 307 57 266 308 305 266 309 305 27 310 57 127 311 103 276 312 316 28 313 59 275 314 315 275 315 315 28 316 59 129 317 104 285 318 326 29 319 61 284 320 325 284 321 325 29 322 61 131 323 105 296 324 339 288 325 330 133 326 106 133 327 106 288 328 330 30 329 63 305 330 349 31 331 65 304 332 348 304 333 348 31 334 65 135 335 107 314 336 359 32 337 67 313 338 358 313 339 358 32 340 67 137 341 108 323 342 369 33 343 69 322 344 368 322 345 368 33 346 69 139 347 109 332 348 379 34 349 71 331 350 378 331 351 378 34 352 71 141 353 110 341 354 389 35 355 73 340 356 388 340 357 388 35 358 73 143 359 111 350 360 399 36 361 75 349 362 398 349 363 398 36 364 75 145 365 112 359 366 409 37 367 77 358 368 408 358 369 408 37 370 77 147 371 113 368 372 419 38 373 79 367 374 418 367 375 418 38 376 79 149 377 114 377 378 429 39 379 81 376 380 428 376 381 428 39 382 81 151 383 115 386 384 439 40 385 83 385 386 438 385 387 438 40 388 83 153 389 116 395 390 449 41 391 85 394 392 448 394 393 448 41 394 85 155 395 117 404 396 459 42 397 87 403 398 458 403 399 458 42 400 87 157 401 118 413 402 469 43 403 89 412 404 468 412 405 468 43 406 89 159 407 119 422 408 479 44 409 91 421 410 478 421 411 478 44 412 91 161 413 120 431 414 489 45 415 93 430 416 488 430 417 488 45 418 93 163 419 121 47 420 97 217 421 252 167 422 123 167 423 123 217 424 252 218 425 253 24 426 99 227 427 263 121 428 124 121 429 124 227 430 263 228 431 264 120 432 126 182 433 127 238 434 274 238 435 274 182 436 127 237 437 273 122 438 125 184 439 128 247 440 284 247 441 284 184 442 128 246 443 283 124 444 129 186 445 130 256 446 294 256 447 294 186 448 130 255 449 293 126 450 131 188 451 132 265 452 304 265 453 304 188 454 132 264 455 303 128 456 133 190 457 134 274 458 314 274 459 314 190 460 134 273 461 313 130 462 135 192 463 136 283 464 324 283 465 324 192 466 136 282 467 323 132 468 137 194 469 138 295 470 338 295 471 338 194 472 138 294 473 337 134 474 139 196 475 140 303 476 347 303 477 347 196 478 140 302 479 346 136 480 141 198 481 142 312 482 357 312 483 357 198 484 142 311 485 356 138 486 143 200 487 144 321 488 367 321 489 367 200 490 144 320 491 366 140 492 145 202 493 146 330 494 377 330 495 377 202 496 146 329 497 376 142 498 147 204 499 148 339 500 387 339 501 387 204 502 148 338 503 386 144 504 149 206 505 150 348 506 397 348 507 397 206 508 150 347 509 396 146 510 151 208 511 152 357 512 407 357 513 407 208 514 152 356 515 406 148 516 153 210 517 154 366 518 417 366 519 417 210 520 154 365 521 416 150 522 155 212 523 156 375 524 427 375 525 427 212 526 156 374 527 426 152 528 157 214 529 158 384 530 437 384 531 437 214 532 158 383 533 436 154 534 159 169 535 160 393 536 447 393 537 447 169 538 160 392 539 446 156 540 161 170 541 162 402 542 457 402 543 457 170 544 162 401 545 456 158 546 163 172 547 164 411 548 467 411 549 467 172 550 164 410 551 466 160 552 165 174 553 166 420 554 477 420 555 477 174 556 166 419 557 476 162 558 167 176 559 168 429 560 487 429 561 487 176 562 168 428 563 486 166 564 171 219 565 254 180 566 172 180 567 172 219 568 254 220 569 255 120 570 173 229 571 265 182 572 174 182 573 174 229 574 265 230 575 266 391 576 445 168 577 176 390 578 444 390 579 444 168 580 176 48 581 177 400 582 455 171 583 175 399 584 454 399 585 454 171 586 175 49 587 178 409 588 465 173 589 179 408 590 464 408 591 464 173 592 179 50 593 180 418 594 475 175 595 181 417 596 474 417 597 474 175 598 181 51 599 182 427 600 485 177 601 183 426 602 484 426 603 484 177 604 183 52 605 184 181 606 187 221 607 256 54 608 188 54 609 188 221 610 256 222 611 257 183 612 189 231 613 267 55 614 190 55 615 190 231 616 267 232 617 268 236 618 272 183 619 192 235 620 271 235 621 271 183 622 192 55 623 193 245 624 282 185 625 191 244 626 281 244 627 281 185 628 191 56 629 194 254 630 292 187 631 195 253 632 291 253 633 291 187 634 195 57 635 196 263 636 302 189 637 197 262 638 301 262 639 301 189 640 197 58 641 198 272 642 312 191 643 199 271 644 311 271 645 311 191 646 199 59 647 200 281 648 322 193 649 201 280 650 321 280 651 321 193 652 201 60 653 202 293 654 336 195 655 203 292 656 335 292 657 335 195 658 203 61 659 204 301 660 345 197 661 205 300 662 344 300 663 344 197 664 205 62 665 206 310 666 355 199 667 207 309 668 354 309 669 354 199 670 207 63 671 208 319 672 365 201 673 209 318 674 364 318 675 364 201 676 209 64 677 210 328 678 375 203 679 211 327 680 374 327 681 374 203 682 211 65 683 212 337 684 385 205 685 213 336 686 384 336 687 384 205 688 213 66 689 214 346 690 395 207 691 215 345 692 394 345 693 394 207 694 215 67 695 216 355 696 405 209 697 217 354 698 404 354 699 404 209 700 217 68 701 218 364 702 415 211 703 219 363 704 414 363 705 414 211 706 219 69 707 220 373 708 425 213 709 221 372 710 424 372 711 424 213 712 221 70 713 222 382 714 435 215 715 223 381 716 434 381 717 434 215 718 223 71 719 224 48 720 177 106 721 225 390 722 444 390 723 444 106 724 225 389 725 443 49 726 178 108 727 226 399 728 454 399 729 454 108 730 226 398 731 453 50 732 180 110 733 227 408 734 464 408 735 464 110 736 227 407 737 463 51 738 182 112 739 228 417 740 474 417 741 474 112 742 228 416 743 473 52 744 184 114 745 229 426 746 484 426 747 484 114 748 229 425 749 483 54 750 188 222 751 257 118 752 231 118 753 231 222 754 257 223 755 258 55 756 190 232 757 268 72 758 232 72 759 232 232 760 268 233 761 269 55 762 193 72 763 233 235 764 271 235 765 271 72 766 233 234 767 270 56 768 194 74 769 234 244 770 281 244 771 281 74 772 234 243 773 280 57 774 196 76 775 235 253 776 291 253 777 291 76 778 235 252 779 290 58 780 198 78 781 236 262 782 301 262 783 301 78 784 236 261 785 300 59 786 200 80 787 237 271 788 311 271 789 311 80 790 237 270 791 310 60 792 202 82 793 238 280 794 321 280 795 321 82 796 238 279 797 320 61 798 204 84 799 239 292 800 335 292 801 335 84 802 239 291 803 334 62 804 206 86 805 240 300 806 344 300 807 344 86 808 240 299 809 343 63 810 208 88 811 241 309 812 354 309 813 354 88 814 241 308 815 353 64 816 210 90 817 242 318 818 364 318 819 364 90 820 242 317 821 363 65 822 212 92 823 243 327 824 374 327 825 374 92 826 243 326 827 373 66 828 214 94 829 244 336 830 384 336 831 384 94 832 244 335 833 383 67 834 216 96 835 245 345 836 394 345 837 394 96 838 245 344 839 393 68 840 218 98 841 246 354 842 404 354 843 404 98 844 246 353 845 403 69 846 220 100 847 247 363 848 414 363 849 414 100 850 247 362 851 413 70 852 222 102 853 248 372 854 424 372 855 424 102 856 248 371 857 423 71 858 224 104 859 249 381 860 434 381 861 434 104 862 249 380 863 433 72 864 232 233 865 269 73 866 48 73 867 48 233 868 269 225 869 260 72 870 233 73 871 1 234 872 270 234 873 270 73 874 1 242 875 279 74 876 234 75 877 0 243 878 280 243 879 280 75 880 0 251 881 289 76 882 235 77 883 4 252 884 290 252 885 290 77 886 4 260 887 299 78 888 236 79 889 6 261 890 300 261 891 300 79 892 6 269 893 309 80 894 237 81 895 8 270 896 310 270 897 310 81 898 8 278 899 319 82 900 238 83 901 10 279 902 320 279 903 320 83 904 10 287 905 329 84 906 239 85 907 12 291 908 334 291 909 334 85 910 12 290 911 333 86 912 240 87 913 14 299 914 343 299 915 343 87 916 14 298 917 342 88 918 241 89 919 16 308 920 353 308 921 353 89 922 16 307 923 352 90 924 242 91 925 18 317 926 363 317 927 363 91 928 18 316 929 362 92 930 243 93 931 20 326 932 373 326 933 373 93 934 20 325 935 372 94 936 244 95 937 22 335 938 383 335 939 383 95 940 22 334 941 382 96 942 245 97 943 24 344 944 393 344 945 393 97 946 24 343 947 392 98 948 246 99 949 26 353 950 403 353 951 403 99 952 26 352 953 402 100 954 247 101 955 28 362 956 413 362 957 413 101 958 28 361 959 412 102 960 248 103 961 30 371 962 423 371 963 423 103 964 30 370 965 422 104 966 249 105 967 32 380 968 433 380 969 433 105 970 32 379 971 432 106 972 225 107 973 34 389 974 443 389 975 443 107 976 34 388 977 442 108 978 226 109 979 36 398 980 453 398 981 453 109 982 36 397 983 452 110 984 227 111 985 38 407 986 463 407 987 463 111 988 38 406 989 462 112 990 228 113 991 40 416 992 473 416 993 473 113 994 40 415 995 472 114 996 229 115 997 42 425 998 483 425 999 483 115 1000 42 424 1001 482 224 1002 259 119 1003 46 223 1004 258 223 1005 258 119 1006 46 118 1007 231 121 1008 100 120 1009 126 239 1010 275 239 1011 275 120 1012 126 238 1013 274 121 1014 124 228 1015 264 120 1016 173 120 1017 173 228 1018 264 229 1019 265 123 1020 101 122 1021 125 248 1022 285 248 1023 285 122 1024 125 247 1025 284 125 1026 102 124 1027 129 257 1028 295 257 1029 295 124 1030 129 256 1031 294 127 1032 103 126 1033 131 266 1034 305 266 1035 305 126 1036 131 265 1037 304 129 1038 104 128 1039 133 275 1040 315 275 1041 315 128 1042 133 274 1043 314 131 1044 105 130 1045 135 284 1046 325 284 1047 325 130 1048 135 283 1049 324 133 1050 106 132 1051 137 296 1052 339 296 1053 339 132 1054 137 295 1055 338 135 1056 107 134 1057 139 304 1058 348 304 1059 348 134 1060 139 303 1061 347 137 1062 108 136 1063 141 313 1064 358 313 1065 358 136 1066 141 312 1067 357 139 1068 109 138 1069 143 322 1070 368 322 1071 368 138 1072 143 321 1073 367 141 1074 110 140 1075 145 331 1076 378 331 1077 378 140 1078 145 330 1079 377 143 1080 111 142 1081 147 340 1082 388 340 1083 388 142 1084 147 339 1085 387 145 1086 112 144 1087 149 349 1088 398 349 1089 398 144 1090 149 348 1091 397 147 1092 113 146 1093 151 358 1094 408 358 1095 408 146 1096 151 357 1097 407 149 1098 114 148 1099 153 367 1100 418 367 1101 418 148 1102 153 366 1103 417 151 1104 115 150 1105 155 376 1106 428 376 1107 428 150 1108 155 375 1109 427 153 1110 116 152 1111 157 385 1112 438 385 1113 438 152 1114 157 384 1115 437 155 1116 117 154 1117 159 394 1118 448 394 1119 448 154 1120 159 393 1121 447 157 1122 118 156 1123 161 403 1124 458 403 1125 458 156 1126 161 402 1127 457 159 1128 119 158 1129 163 412 1130 468 412 1131 468 158 1132 163 411 1133 467 161 1134 120 160 1135 165 421 1136 478 421 1137 478 160 1138 165 420 1139 477 163 1140 121 162 1141 167 430 1142 488 430 1143 488 162 1144 167 429 1145 487 219 1146 254 166 1147 171 218 1148 253 218 1149 253 166 1150 171 167 1151 123 382 1152 435 383 1153 436 215 1154 223 215 1155 223 383 1156 436 214 1157 158 169 1158 160 168 1159 176 392 1160 446 392 1161 446 168 1162 176 391 1163 445 170 1164 162 171 1165 175 401 1166 456 401 1167 456 171 1168 175 400 1169 455 172 1170 164 173 1171 179 410 1172 466 410 1173 466 173 1174 179 409 1175 465 174 1176 166 175 1177 181 419 1178 476 419 1179 476 175 1180 181 418 1181 475 176 1182 168 177 1183 183 428 1184 486 428 1185 486 177 1186 183 427 1187 485 221 1188 256 181 1189 187 220 1190 255 220 1191 255 181 1192 187 180 1193 172 231 1194 267 183 1195 189 230 1196 266 230 1197 266 183 1198 189 182 1199 174 182 1200 127 183 1201 192 237 1202 273 237 1203 273 183 1204 192 236 1205 272 184 1206 128 185 1207 191 246 1208 283 246 1209 283 185 1210 191 245 1211 282 186 1212 130 187 1213 195 255 1214 293 255 1215 293 187 1216 195 254 1217 292 188 1218 132 189 1219 197 264 1220 303 264 1221 303 189 1222 197 263 1223 302 190 1224 134 191 1225 199 273 1226 313 273 1227 313 191 1228 199 272 1229 312 192 1230 136 193 1231 201 282 1232 323 282 1233 323 193 1234 201 281 1235 322 194 1236 138 195 1237 203 294 1238 337 294 1239 337 195 1240 203 293 1241 336 196 1242 140 197 1243 205 302 1244 346 302 1245 346 197 1246 205 301 1247 345 198 1248 142 199 1249 207 311 1250 356 311 1251 356 199 1252 207 310 1253 355 200 1254 144 201 1255 209 320 1256 366 320 1257 366 201 1258 209 319 1259 365 202 1260 146 203 1261 211 329 1262 376 329 1263 376 203 1264 211 328 1265 375 204 1266 148 205 1267 213 338 1268 386 338 1269 386 205 1270 213 337 1271 385 206 1272 150 207 1273 215 347 1274 396 347 1275 396 207 1276 215 346 1277 395 208 1278 152 209 1279 217 356 1280 406 356 1281 406 209 1282 217 355 1283 405 210 1284 154 211 1285 219 365 1286 416 365 1287 416 211 1288 219 364 1289 415 212 1290 156 213 1291 221 374 1292 426 374 1293 426 213 1294 221 373 1295 425 216 1296 251 22 1297 94 217 1298 252 217 1299 252 22 1300 94 46 1301 95 218 1302 253 217 1303 252 165 1304 122 165 1305 122 217 1306 252 46 1307 95 165 1308 122 164 1309 169 218 1310 253 218 1311 253 164 1312 169 219 1313 254 220 1314 255 219 1315 254 178 1316 170 178 1317 170 219 1318 254 164 1319 169 178 1320 170 179 1321 185 220 1322 255 220 1323 255 179 1324 185 221 1325 256 222 1326 257 221 1327 256 53 1328 186 53 1329 186 221 1330 256 179 1331 185 223 1332 258 222 1333 257 116 1334 230 116 1335 230 222 1336 257 53 1337 186 116 1338 230 117 1339 44 223 1340 258 223 1341 258 117 1342 44 224 1343 259 216 1344 250 224 1345 259 22 1346 45 22 1347 45 224 1348 259 117 1349 44 225 1350 260 119 1351 46 226 1352 261 226 1353 261 119 1354 46 23 1355 47 226 1356 262 23 1357 96 227 1358 263 227 1359 263 23 1360 96 47 1361 97 228 1362 264 227 1363 263 167 1364 123 167 1365 123 227 1366 263 47 1367 97 229 1368 265 228 1369 264 166 1370 171 166 1371 171 228 1372 264 167 1373 123 230 1374 266 229 1375 265 180 1376 172 180 1377 172 229 1378 265 166 1379 171 180 1380 172 181 1381 187 230 1382 266 230 1383 266 181 1384 187 231 1385 267 232 1386 268 231 1387 267 54 1388 188 54 1389 188 231 1390 267 181 1391 187 233 1392 269 232 1393 268 118 1394 231 118 1395 231 232 1396 268 54 1397 188 225 1398 260 233 1399 269 119 1400 46 119 1401 46 233 1402 269 118 1403 231 56 1404 194 235 1405 271 74 1406 234 74 1407 234 235 1408 271 234 1409 270 185 1410 191 236 1411 272 56 1412 194 56 1413 194 236 1414 272 235 1415 271 236 1416 272 185 1417 191 237 1418 273 237 1419 273 185 1420 191 184 1421 128 122 1422 125 238 1423 274 184 1424 128 184 1425 128 238 1426 274 237 1427 273 238 1428 274 122 1429 125 239 1430 275 239 1431 275 122 1432 125 123 1433 101 25 1434 53 240 1435 276 123 1436 101 123 1437 101 240 1438 276 239 1439 275 241 1440 278 240 1441 276 1 1442 50 1 1443 50 240 1444 276 25 1445 53 75 1446 0 242 1447 279 1 1448 3 1 1449 3 242 1450 279 241 1451 277 242 1452 279 75 1453 0 234 1454 270 234 1455 270 75 1456 0 74 1457 234 57 1458 196 244 1459 281 76 1460 235 76 1461 235 244 1462 281 243 1463 280 187 1464 195 245 1465 282 57 1466 196 57 1467 196 245 1468 282 244 1469 281 245 1470 282 187 1471 195 246 1472 283 246 1473 283 187 1474 195 186 1475 130 124 1476 129 247 1477 284 186 1478 130 186 1479 130 247 1480 284 246 1481 283 247 1482 284 124 1483 129 248 1484 285 248 1485 285 124 1486 129 125 1487 102 26 1488 55 249 1489 286 125 1490 102 125 1491 102 249 1492 286 248 1493 285 250 1494 288 249 1495 286 2 1496 54 2 1497 54 249 1498 286 26 1499 55 77 1500 4 251 1501 289 2 1502 5 2 1503 5 251 1504 289 250 1505 287 251 1506 289 77 1507 4 243 1508 280 243 1509 280 77 1510 4 76 1511 235 58 1512 198 253 1513 291 78 1514 236 78 1515 236 253 1516 291 252 1517 290 189 1518 197 254 1519 292 58 1520 198 58 1521 198 254 1522 292 253 1523 291 254 1524 292 189 1525 197 255 1526 293 255 1527 293 189 1528 197 188 1529 132 126 1530 131 256 1531 294 188 1532 132 188 1533 132 256 1534 294 255 1535 293 256 1536 294 126 1537 131 257 1538 295 257 1539 295 126 1540 131 127 1541 103 27 1542 57 258 1543 296 127 1544 103 127 1545 103 258 1546 296 257 1547 295 259 1548 298 258 1549 296 3 1550 56 3 1551 56 258 1552 296 27 1553 57 79 1554 6 260 1555 299 3 1556 7 3 1557 7 260 1558 299 259 1559 297 260 1560 299 79 1561 6 252 1562 290 252 1563 290 79 1564 6 78 1565 236 59 1566 200 262 1567 301 80 1568 237 80 1569 237 262 1570 301 261 1571 300 191 1572 199 263 1573 302 59 1574 200 59 1575 200 263 1576 302 262 1577 301 263 1578 302 191 1579 199 264 1580 303 264 1581 303 191 1582 199 190 1583 134 128 1584 133 265 1585 304 190 1586 134 190 1587 134 265 1588 304 264 1589 303 265 1590 304 128 1591 133 266 1592 305 266 1593 305 128 1594 133 129 1595 104 28 1596 59 267 1597 306 129 1598 104 129 1599 104 267 1600 306 266 1601 305 268 1602 308 267 1603 306 4 1604 58 4 1605 58 267 1606 306 28 1607 59 81 1608 8 269 1609 309 4 1610 9 4 1611 9 269 1612 309 268 1613 307 269 1614 309 81 1615 8 261 1616 300 261 1617 300 81 1618 8 80 1619 237 60 1620 202 271 1621 311 82 1622 238 82 1623 238 271 1624 311 270 1625 310 193 1626 201 272 1627 312 60 1628 202 60 1629 202 272 1630 312 271 1631 311 272 1632 312 193 1633 201 273 1634 313 273 1635 313 193 1636 201 192 1637 136 130 1638 135 274 1639 314 192 1640 136 192 1641 136 274 1642 314 273 1643 313 274 1644 314 130 1645 135 275 1646 315 275 1647 315 130 1648 135 131 1649 105 29 1650 61 276 1651 316 131 1652 105 131 1653 105 276 1654 316 275 1655 315 277 1656 318 276 1657 316 5 1658 60 5 1659 60 276 1660 316 29 1661 61 83 1662 10 278 1663 319 5 1664 11 5 1665 11 278 1666 319 277 1667 317 278 1668 319 83 1669 10 270 1670 310 270 1671 310 83 1672 10 82 1673 238 61 1674 204 280 1675 321 84 1676 239 84 1677 239 280 1678 321 279 1679 320 195 1680 203 281 1681 322 61 1682 204 61 1683 204 281 1684 322 280 1685 321 281 1686 322 195 1687 203 282 1688 323 282 1689 323 195 1690 203 194 1691 138 132 1692 137 283 1693 324 194 1694 138 194 1695 138 283 1696 324 282 1697 323 283 1698 324 132 1699 137 284 1700 325 284 1701 325 132 1702 137 133 1703 106 30 1704 63 285 1705 326 133 1706 106 133 1707 106 285 1708 326 284 1709 325 286 1710 328 285 1711 326 6 1712 62 6 1713 62 285 1714 326 30 1715 63 85 1716 12 287 1717 329 6 1718 13 6 1719 13 287 1720 329 286 1721 327 287 1722 329 85 1723 12 279 1724 320 279 1725 320 85 1726 12 84 1727 239 289 1728 332 288 1729 330 7 1730 64 7 1731 64 288 1732 330 31 1733 65 87 1734 14 290 1735 333 7 1736 15 7 1737 15 290 1738 333 289 1739 331 290 1740 333 87 1741 14 291 1742 334 291 1743 334 87 1744 14 86 1745 240 62 1746 206 292 1747 335 86 1748 240 86 1749 240 292 1750 335 291 1751 334 197 1752 205 293 1753 336 62 1754 206 62 1755 206 293 1756 336 292 1757 335 293 1758 336 197 1759 205 294 1760 337 294 1761 337 197 1762 205 196 1763 140 134 1764 139 295 1765 338 196 1766 140 196 1767 140 295 1768 338 294 1769 337 295 1770 338 134 1771 139 296 1772 339 296 1773 339 134 1774 139 135 1775 107 31 1776 65 288 1777 330 135 1778 107 135 1779 107 288 1780 330 296 1781 339 89 1782 16 298 1783 342 8 1784 17 8 1785 17 298 1786 342 297 1787 340 298 1788 342 89 1789 16 299 1790 343 299 1791 343 89 1792 16 88 1793 241 63 1794 208 300 1795 344 88 1796 241 88 1797 241 300 1798 344 299 1799 343 199 1800 207 301 1801 345 63 1802 208 63 1803 208 301 1804 345 300 1805 344 301 1806 345 199 1807 207 302 1808 346 302 1809 346 199 1810 207 198 1811 142 136 1812 141 303 1813 347 198 1814 142 198 1815 142 303 1816 347 302 1817 346 303 1818 347 136 1819 141 304 1820 348 304 1821 348 136 1822 141 137 1823 108 32 1824 67 305 1825 349 137 1826 108 137 1827 108 305 1828 349 304 1829 348 297 1830 341 305 1831 349 8 1832 66 8 1833 66 305 1834 349 32 1835 67 91 1836 18 307 1837 352 9 1838 19 9 1839 19 307 1840 352 306 1841 350 307 1842 352 91 1843 18 308 1844 353 308 1845 353 91 1846 18 90 1847 242 64 1848 210 309 1849 354 90 1850 242 90 1851 242 309 1852 354 308 1853 353 201 1854 209 310 1855 355 64 1856 210 64 1857 210 310 1858 355 309 1859 354 310 1860 355 201 1861 209 311 1862 356 311 1863 356 201 1864 209 200 1865 144 138 1866 143 312 1867 357 200 1868 144 200 1869 144 312 1870 357 311 1871 356 312 1872 357 138 1873 143 313 1874 358 313 1875 358 138 1876 143 139 1877 109 33 1878 69 314 1879 359 139 1880 109 139 1881 109 314 1882 359 313 1883 358 306 1884 351 314 1885 359 9 1886 68 9 1887 68 314 1888 359 33 1889 69 93 1890 20 316 1891 362 10 1892 21 10 1893 21 316 1894 362 315 1895 360 316 1896 362 93 1897 20 317 1898 363 317 1899 363 93 1900 20 92 1901 243 65 1902 212 318 1903 364 92 1904 243 92 1905 243 318 1906 364 317 1907 363 203 1908 211 319 1909 365 65 1910 212 65 1911 212 319 1912 365 318 1913 364 319 1914 365 203 1915 211 320 1916 366 320 1917 366 203 1918 211 202 1919 146 140 1920 145 321 1921 367 202 1922 146 202 1923 146 321 1924 367 320 1925 366 321 1926 367 140 1927 145 322 1928 368 322 1929 368 140 1930 145 141 1931 110 34 1932 71 323 1933 369 141 1934 110 141 1935 110 323 1936 369 322 1937 368 315 1938 361 323 1939 369 10 1940 70 10 1941 70 323 1942 369 34 1943 71 95 1944 22 325 1945 372 11 1946 23 11 1947 23 325 1948 372 324 1949 370 325 1950 372 95 1951 22 326 1952 373 326 1953 373 95 1954 22 94 1955 244 66 1956 214 327 1957 374 94 1958 244 94 1959 244 327 1960 374 326 1961 373 205 1962 213 328 1963 375 66 1964 214 66 1965 214 328 1966 375 327 1967 374 328 1968 375 205 1969 213 329 1970 376 329 1971 376 205 1972 213 204 1973 148 142 1974 147 330 1975 377 204 1976 148 204 1977 148 330 1978 377 329 1979 376 330 1980 377 142 1981 147 331 1982 378 331 1983 378 142 1984 147 143 1985 111 35 1986 73 332 1987 379 143 1988 111 143 1989 111 332 1990 379 331 1991 378 324 1992 371 332 1993 379 11 1994 72 11 1995 72 332 1996 379 35 1997 73 97 1998 24 334 1999 382 12 2000 25 12 2001 25 334 2002 382 333 2003 380 334 2004 382 97 2005 24 335 2006 383 335 2007 383 97 2008 24 96 2009 245 67 2010 216 336 2011 384 96 2012 245 96 2013 245 336 2014 384 335 2015 383 207 2016 215 337 2017 385 67 2018 216 67 2019 216 337 2020 385 336 2021 384 337 2022 385 207 2023 215 338 2024 386 338 2025 386 207 2026 215 206 2027 150 144 2028 149 339 2029 387 206 2030 150 206 2031 150 339 2032 387 338 2033 386 339 2034 387 144 2035 149 340 2036 388 340 2037 388 144 2038 149 145 2039 112 36 2040 75 341 2041 389 145 2042 112 145 2043 112 341 2044 389 340 2045 388 333 2046 381 341 2047 389 12 2048 74 12 2049 74 341 2050 389 36 2051 75 99 2052 26 343 2053 392 13 2054 27 13 2055 27 343 2056 392 342 2057 390 343 2058 392 99 2059 26 344 2060 393 344 2061 393 99 2062 26 98 2063 246 68 2064 218 345 2065 394 98 2066 246 98 2067 246 345 2068 394 344 2069 393 209 2070 217 346 2071 395 68 2072 218 68 2073 218 346 2074 395 345 2075 394 346 2076 395 209 2077 217 347 2078 396 347 2079 396 209 2080 217 208 2081 152 146 2082 151 348 2083 397 208 2084 152 208 2085 152 348 2086 397 347 2087 396 348 2088 397 146 2089 151 349 2090 398 349 2091 398 146 2092 151 147 2093 113 37 2094 77 350 2095 399 147 2096 113 147 2097 113 350 2098 399 349 2099 398 342 2100 391 350 2101 399 13 2102 76 13 2103 76 350 2104 399 37 2105 77 101 2106 28 352 2107 402 14 2108 29 14 2109 29 352 2110 402 351 2111 400 352 2112 402 101 2113 28 353 2114 403 353 2115 403 101 2116 28 100 2117 247 69 2118 220 354 2119 404 100 2120 247 100 2121 247 354 2122 404 353 2123 403 211 2124 219 355 2125 405 69 2126 220 69 2127 220 355 2128 405 354 2129 404 355 2130 405 211 2131 219 356 2132 406 356 2133 406 211 2134 219 210 2135 154 148 2136 153 357 2137 407 210 2138 154 210 2139 154 357 2140 407 356 2141 406 357 2142 407 148 2143 153 358 2144 408 358 2145 408 148 2146 153 149 2147 114 38 2148 79 359 2149 409 149 2150 114 149 2151 114 359 2152 409 358 2153 408 351 2154 401 359 2155 409 14 2156 78 14 2157 78 359 2158 409 38 2159 79 103 2160 30 361 2161 412 15 2162 31 15 2163 31 361 2164 412 360 2165 410 361 2166 412 103 2167 30 362 2168 413 362 2169 413 103 2170 30 102 2171 248 70 2172 222 363 2173 414 102 2174 248 102 2175 248 363 2176 414 362 2177 413 213 2178 221 364 2179 415 70 2180 222 70 2181 222 364 2182 415 363 2183 414 364 2184 415 213 2185 221 365 2186 416 365 2187 416 213 2188 221 212 2189 156 150 2190 155 366 2191 417 212 2192 156 212 2193 156 366 2194 417 365 2195 416 366 2196 417 150 2197 155 367 2198 418 367 2199 418 150 2200 155 151 2201 115 39 2202 81 368 2203 419 151 2204 115 151 2205 115 368 2206 419 367 2207 418 360 2208 411 368 2209 419 15 2210 80 15 2211 80 368 2212 419 39 2213 81 105 2214 32 370 2215 422 16 2216 33 16 2217 33 370 2218 422 369 2219 420 370 2220 422 105 2221 32 371 2222 423 371 2223 423 105 2224 32 104 2225 249 71 2226 224 372 2227 424 104 2228 249 104 2229 249 372 2230 424 371 2231 423 215 2232 223 373 2233 425 71 2234 224 71 2235 224 373 2236 425 372 2237 424 373 2238 425 215 2239 223 374 2240 426 374 2241 426 215 2242 223 214 2243 158 152 2244 157 375 2245 427 214 2246 158 214 2247 158 375 2248 427 374 2249 426 375 2250 427 152 2251 157 376 2252 428 376 2253 428 152 2254 157 153 2255 116 40 2256 83 377 2257 429 153 2258 116 153 2259 116 377 2260 429 376 2261 428 369 2262 421 377 2263 429 16 2264 82 16 2265 82 377 2266 429 40 2267 83 107 2268 34 379 2269 432 17 2270 35 17 2271 35 379 2272 432 378 2273 430 379 2274 432 107 2275 34 380 2276 433 380 2277 433 107 2278 34 106 2279 225 48 2280 177 381 2281 434 106 2282 225 106 2283 225 381 2284 434 380 2285 433 168 2286 176 382 2287 435 48 2288 177 48 2289 177 382 2290 435 381 2291 434 169 2292 160 383 2293 436 168 2294 176 168 2295 176 383 2296 436 382 2297 435 154 2298 159 384 2299 437 169 2300 160 169 2301 160 384 2302 437 383 2303 436 384 2304 437 154 2305 159 385 2306 438 385 2307 438 154 2308 159 155 2309 117 41 2310 85 386 2311 439 155 2312 117 155 2313 117 386 2314 439 385 2315 438 378 2316 431 386 2317 439 17 2318 84 17 2319 84 386 2320 439 41 2321 85 109 2322 36 388 2323 442 18 2324 37 18 2325 37 388 2326 442 387 2327 440 388 2328 442 109 2329 36 389 2330 443 389 2331 443 109 2332 36 108 2333 226 49 2334 178 390 2335 444 108 2336 226 108 2337 226 390 2338 444 389 2339 443 171 2340 175 391 2341 445 49 2342 178 49 2343 178 391 2344 445 390 2345 444 391 2346 445 171 2347 175 392 2348 446 392 2349 446 171 2350 175 170 2351 162 156 2352 161 393 2353 447 170 2354 162 170 2355 162 393 2356 447 392 2357 446 393 2358 447 156 2359 161 394 2360 448 394 2361 448 156 2362 161 157 2363 118 42 2364 87 395 2365 449 157 2366 118 157 2367 118 395 2368 449 394 2369 448 387 2370 441 395 2371 449 18 2372 86 18 2373 86 395 2374 449 42 2375 87 111 2376 38 397 2377 452 19 2378 39 19 2379 39 397 2380 452 396 2381 450 397 2382 452 111 2383 38 398 2384 453 398 2385 453 111 2386 38 110 2387 227 50 2388 180 399 2389 454 110 2390 227 110 2391 227 399 2392 454 398 2393 453 173 2394 179 400 2395 455 50 2396 180 50 2397 180 400 2398 455 399 2399 454 400 2400 455 173 2401 179 401 2402 456 401 2403 456 173 2404 179 172 2405 164 158 2406 163 402 2407 457 172 2408 164 172 2409 164 402 2410 457 401 2411 456 402 2412 457 158 2413 163 403 2414 458 403 2415 458 158 2416 163 159 2417 119 43 2418 89 404 2419 459 159 2420 119 159 2421 119 404 2422 459 403 2423 458 396 2424 451 404 2425 459 19 2426 88 19 2427 88 404 2428 459 43 2429 89 113 2430 40 406 2431 462 20 2432 41 20 2433 41 406 2434 462 405 2435 460 406 2436 462 113 2437 40 407 2438 463 407 2439 463 113 2440 40 112 2441 228 51 2442 182 408 2443 464 112 2444 228 112 2445 228 408 2446 464 407 2447 463 175 2448 181 409 2449 465 51 2450 182 51 2451 182 409 2452 465 408 2453 464 409 2454 465 175 2455 181 410 2456 466 410 2457 466 175 2458 181 174 2459 166 160 2460 165 411 2461 467 174 2462 166 174 2463 166 411 2464 467 410 2465 466 411 2466 467 160 2467 165 412 2468 468 412 2469 468 160 2470 165 161 2471 120 44 2472 91 413 2473 469 161 2474 120 161 2475 120 413 2476 469 412 2477 468 405 2478 461 413 2479 469 20 2480 90 20 2481 90 413 2482 469 44 2483 91 115 2484 42 415 2485 472 21 2486 43 21 2487 43 415 2488 472 414 2489 470 415 2490 472 115 2491 42 416 2492 473 416 2493 473 115 2494 42 114 2495 229 52 2496 184 417 2497 474 114 2498 229 114 2499 229 417 2500 474 416 2501 473 177 2502 183 418 2503 475 52 2504 184 52 2505 184 418 2506 475 417 2507 474 418 2508 475 177 2509 183 419 2510 476 419 2511 476 177 2512 183 176 2513 168 162 2514 167 420 2515 477 176 2516 168 176 2517 168 420 2518 477 419 2519 476 420 2520 477 162 2521 167 421 2522 478 421 2523 478 162 2524 167 163 2525 121 45 2526 93 422 2527 479 163 2528 121 163 2529 121 422 2530 479 421 2531 478 414 2532 471 422 2533 479 21 2534 92 21 2535 92 422 2536 479 45 2537 93 117 2538 44 424 2539 482 22 2540 45 22 2541 45 424 2542 482 423 2543 480 424 2544 482 117 2545 44 425 2546 483 425 2547 483 117 2548 44 116 2549 230 53 2550 186 426 2551 484 116 2552 230 116 2553 230 426 2554 484 425 2555 483 179 2556 185 427 2557 485 53 2558 186 53 2559 186 427 2560 485 426 2561 484 427 2562 485 179 2563 185 428 2564 486 428 2565 486 179 2566 185 178 2567 170 164 2568 169 429 2569 487 178 2570 170 178 2571 170 429 2572 487 428 2573 486 429 2574 487 164 2575 169 430 2576 488 430 2577 488 164 2578 169 165 2579 122 46 2580 95 431 2581 489 165 2582 122 165 2583 122 431 2584 489 430 2585 488 423 2586 481 431 2587 489 22 2588 94 22 2589 94 431 2590 489 46 2591 95</p>
        </triangles>
      </mesh>
      <extra>
        <technique profile="OpenCOLLADAMaya">
          <originalMayaNodeId>pPipeShape68</originalMayaNodeId>
          <double_sided>1</double_sided>
        </technique>
      </extra>
    </geometry>
    <geometry id="polySurfaceShape391" name="polySurfaceShape380">
      <mesh>
        <source id="polySurfaceShape391-positions" name="polySurfaceShape391-positions">
          <float_array id="polySurfaceShape391-positions-array" count="339">-4 0 2 -2 0 4 -4 4 2 -2 4 4 4 0 2 2 0 4 4 4 2 2 4 4 -4 4 -2 -2 4 -4 -4 0 -2 -2 0 -4 2 4 -4 4 4 -2 4 0 -2 2 0 -4 -1.5 6.000001 2.5 -2.515928 6.000001 1.5 1.5 6.000001 2.5 2.5 6.000001 1.5 2.5 6.000001 -1.5 1.5 6.000001 -2.5 -1.5 6.000001 -2.5 -2.5 6.000001 -1.5 -1.5 -1 -2.5 -2.5 -1 -1.5 1.5 -1 -2.5 2.5 -1 -1.5 2.5 -1 1.5 1.5 -1 2.5 -1.5 -1 2.5 -2.5 -1 1.5 3.5 -0.294118 1.732051 1.732051 -0.294118 3.5 -1.732051 -0.294118 3.5 -3.5 -0.294118 1.732051 -3.5 -0.294118 -1.732051 -1.732051 -0.294118 -3.5 1.732051 -0.294118 -3.5 3.5 -0.294118 -1.732051 3.5 0 1.732051 1.732051 0 3.5 -1.732051 0 3.5 -3.5 0 1.732051 -3.5 0 -1.732051 -1.732051 0 -3.5 1.732051 0 -3.5 3.5 0 -1.732051 4 2.794111 0 4 2.25575 1.270815 4 0.998 1.796111 4 0 1.502751 4 2.25575 -1.270815 4 0.998 -1.796111 4 0 -1.5 4 0.468017 1.708657 4 0.468017 -1.707231 4 1.450085 -1.735967 4 1.450085 1.735967 4 1.896056 1.555479 4 1.896056 -1.555479 4 2.553478 -0.898057 4 2.729706 -0.449028 4 2.729706 0.449028 4 2.553478 0.898054 4 4 0 4 1.53518 -2 4 1.53518 2 -3.74407 4.028327 1.856444 -3.791497 4 1.878867 -1.878867 4 3.791497 -1.856462 4.02823 3.743905 1.878867 4 3.791497 1.856462 4.02823 3.743905 3.790901 4 1.878522 3.743904 4.02823 1.856461 3.790901 4 -1.878521 3.743904 4.02823 -1.856462 1.878867 4 -3.791497 1.856462 4.02823 -3.743904 -1.878867 4 -3.791497 -1.856462 4.02823 -3.743904 -3.791497 4 -1.878867 -3.743904 4.028229 -1.856462 4 2.469214 2 2 2.462307 4 3.642917 3.006154 2.357083 2.453392 3.002047 3.546608 2 2.013004 4 -2 2 4 -1.114011 2.143107 4 1.098103 2.150299 4 1.286407 2.010684 4 -1.319532 2.002212 4 1.230824 2.039236 4 1.170735 2.115272 4 -1.171203 2.12799 4 -1.245367 2.041216 4 2 0 5.188792 2 1.495919 5.18879 -2 0 5.188792 -2 1.482915 5.18879 -1.319532 1.485127 5.18879 -1.245367 1.524131 5.18879 -1.171203 1.610905 5.18879 -1.114011 1.626022 5.18879 1.098103 1.633213 5.18879 1.170735 1.598187 5.18879 1.230824 1.522151 5.18879 1.286407 1.493599 5.18879 -0.007954 2.146703 4 -0.007954 1.629617 5.18879 0 0 5.188792</float_array>
          <technique_common>
            <accessor source="#polySurfaceShape391-positions-array" count="113" stride="3">
              <param name="X" type="float"/>
              <param name="Y" type="float"/>
              <param name="Z" type="float"/>
            </accessor>
          </technique_common>
        </source>
        <source id="polySurfaceShape391-normals" name="polySurfaceShape391-normals">
          <float_array id="polySurfaceShape391-normals-array" count="1809">0.3826841 0 0.9238793 -0.5054492 0 0.8628564 0.3826841 0 0.9238793 0.3826841 0 0.9238793 -0.5054492 0 0.8628564 -0.5054492 0 0.8628564 0.9238793 0 0.3826841 0.9238793 0 -0.3826841 0.9238793 0 0.3826841 0.9238793 0 0.3826841 0.9238793 0 -0.3826841 0.9238793 0 -0.3826841 0 -1 0 0 -1 0 0 -1 0 0 -1 0 0 -1 0 0 -1 0 0 -1 0 0 -1 0 0 -1 0 0 -1 0 0 -1 0 0 -1 0 0 -1 0 0 -1 0 0 -1 0 0 -1 0 0 -1 0 0 -1 0 0.3619339 0.9187728 0.157672 0.3619339 0.9187728 -0.157672 0.157672 0.9187728 0.3619339 0.157672 0.9187728 -0.3619339 -0.157672 0.9187728 -0.3619339 0.3619339 0.9187728 -0.157672 -0.3619339 0.9187728 -0.157672 -0.3619339 0.9187728 0.157672 -0.157672 0.9187728 -0.3619339 -0.157672 0.9187728 0.3619339 0.157672 0.9187728 0.3619339 -0.3619339 0.9187728 0.157672 0.3619339 0.9187728 -0.157672 -0.157672 0.9187728 -0.3619339 0.157672 0.9187728 0.3619339 -0.157672 0.9187728 -0.3619339 -0.3619339 0.9187728 0.157672 0.157672 0.9187728 0.3619339 0.9238793 0 -0.3826841 0.9238793 0 -0.3826841 0.2527251 0 -0.9675382 0.2527251 0 -0.9675382 0.9238793 0 -0.3826841 0.7071068 0 -0.7071068 0.7071068 0 -0.7071068 0.9238793 0 -0.3826841 0.2527251 0 -0.9675382 -0.187366 0 -0.9822903 -0.5054492 0 -0.8628564 -0.7071068 0 -0.7071068 0.9238793 0 0.3826841 0.9238793 0 0.3826841 0.3826841 0 0.9238793 0.3826841 0 0.9238793 0.9238793 0 0.3826841 0.3826841 0 0.9238793 -0.5054492 0 0.8628564 -0.9448714 0 0.3274421 -0.9944885 0 0.1048459 0 -1 0 0.2992799 -0.9463577 -0.121814 0 -1 0 0 -1 0 0.2992799 -0.9463577 -0.121814 0.121792 -0.9465097 -0.2988079 0 -1 0 0 -1 0 0 -1 0 0 -1 0 0 -1 0 0 -1 0 0 -1 0 -0.122193 -0.9463379 -0.299188 0 -1 0 0 -1 0 -0.122193 -0.9463379 -0.299188 -0.300992 -0.9457628 -0.122216 0 -1 0 0 -1 0 0 -1 0 0 -1 0 -0.3009931 -0.9457622 0.122217 0 -1 0 0 -1 0 -0.3009931 -0.9457622 0.122217 -0.1221929 -0.9463385 0.2991858 0 -1 0 0 -1 0 0 -1 0 0 -1 0 0 -1 0 0 -1 0 0 -1 0 0.1215321 -0.9466355 0.2985151 0 -1 0 0 -1 0 0.1215321 -0.9466355 0.2985151 0.2990041 -0.9464784 0.121554 0 -1 0 0 -1 0 0 -1 0 0 -1 0 0 -1 0 0 -1 0 0 1 0 0 1 0 0 1 0 0 1 0 0 1 0 0 1 0 0 1 0 0 1 0 0 1 0 0 1 0 0 1 0 0 1 0 0 1 0 0 1 0 0 1 0 0 1 0 0 1 0 0 1 0 0 1 0 0 1 0 0 1 0 0 1 0 0 1 0 0 1 0 0 1 0 0 1 0 0 1 0 0 1 0 0 1 0 0 1 0 0 1 0 0 1 0 0 1 0 0 1 0 0 1 0 0 1 0 0 1 0 0 1 0 0 1 0 0 1 0 0 1 0 0 1 0 0 1 0 0 1 0 0 1 0 -0.5253702 0.8195144 -0.2288721 -0.3619339 0.9187728 -0.157672 -0.2288721 0.8195144 -0.5253702 -0.2288721 0.8195144 -0.5253702 -0.3619339 0.9187728 -0.157672 -0.157672 0.9187728 -0.3619339 0.2288721 0.8195144 -0.5253702 -0.2288721 0.8195144 -0.5253702 0.157672 0.9187728 -0.3619339 0.157672 0.9187728 -0.3619339 -0.2288721 0.8195144 -0.5253702 -0.157672 0.9187728 -0.3619339 0.5253702 0.8195144 -0.2288721 0.2288721 0.8195144 -0.5253702 0.3619339 0.9187728 -0.157672 0.3619339 0.9187728 -0.157672 0.2288721 0.8195144 -0.5253702 0.157672 0.9187728 -0.3619339 0.5253702 0.8195144 0.2288721 0.5253702 0.8195144 -0.2288721 0.3619339 0.9187728 0.157672 0.3619339 0.9187728 0.157672 0.5253702 0.8195144 -0.2288721 0.3619339 0.9187728 -0.157672 0.2288721 0.8195144 0.5253702 0.5253702 0.8195144 0.2288721 0.157672 0.9187728 0.3619339 0.157672 0.9187728 0.3619339 0.5253702 0.8195144 0.2288721 0.3619339 0.9187728 0.157672 -0.2288721 0.8195144 0.5253702 0.2288721 0.8195144 0.5253702 -0.157672 0.9187728 0.3619339 -0.157672 0.9187728 0.3619339 0.2288721 0.8195144 0.5253702 0.157672 0.9187728 0.3619339 -0.5253702 0.8195144 0.2288721 -0.2288721 0.8195144 0.5253702 -0.3619339 0.9187728 0.157672 -0.3619339 0.9187728 0.157672 -0.2288721 0.8195144 0.5253702 -0.157672 0.9187728 0.3619339 -0.5253702 0.8195144 -0.2288721 -0.5253702 0.8195144 0.2288721 -0.3619339 0.9187728 -0.157672 -0.3619339 0.9187728 -0.157672 -0.5253702 0.8195144 0.2288721 -0.3619339 0.9187728 0.157672 -0.9238797 0 -0.3826829 -0.9238797 0 -0.3826829 -0.3826829 0 -0.9238797 -0.3826829 0 -0.9238797 -0.9238797 0 -0.3826829 -0.3826829 0 -0.9238797 0.3826829 0 -0.9238797 -0.3826829 0 -0.9238797 0.3826829 0 -0.9238797 0.3826829 0 -0.9238797 -0.3826829 0 -0.9238797 -0.3826829 0 -0.9238797 0.9238797 0 -0.3826829 0.3826829 0 -0.9238797 0.9238797 0 -0.3826829 0.9238797 0 -0.3826829 0.3826829 0 -0.9238797 0.3826829 0 -0.9238797 0.9238797 0 0.3826829 0.9238797 0 -0.3826829 0.9238797 0 0.3826829 0.9238797 0 0.3826829 0.9238797 0 -0.3826829 0.9238797 0 -0.3826829 0.3826829 0 0.9238797 0.9238797 0 0.3826829 0.3826829 0 0.9238797 0.3826829 0 0.9238797 0.9238797 0 0.3826829 0.9238797 0 0.3826829 -0.3826829 0 0.9238797 0.3826829 0 0.9238797 -0.3826829 0 0.9238797 -0.3826829 0 0.9238797 0.3826829 0 0.9238797 0.3826829 0 0.9238797 -0.9238797 0 0.3826829 -0.3826829 0 0.9238797 -0.9238797 0 0.3826829 -0.9238797 0 0.3826829 -0.3826829 0 0.9238797 -0.3826829 0 0.9238797 -0.9238797 0 -0.3826829 -0.9238797 0 0.3826829 -0.9238797 0 -0.3826829 -0.9238797 0 -0.3826829 -0.9238797 0 0.3826829 -0.9238797 0 0.3826829 -0.9944885 0 0.1048459 -1 0 0 -1 0 0 0.2581349 -0.7389138 -0.6223929 0.6226181 -0.738534 -0.258678 0.3240351 -0.5448042 -0.7734273 0.3240351 -0.5448042 -0.7734273 0.6226181 -0.738534 -0.258678 0.7733761 -0.544199 -0.325172 -0.2586681 -0.7391084 -0.6219403 0.2581349 -0.7389138 -0.6223929 -0.3246499 -0.5459429 -0.7723658 -0.3246499 -0.5459429 -0.7723658 0.2581349 -0.7389138 -0.6223929 0.3240351 -0.5448042 -0.7734273 -0.623085 -0.738173 -0.258584 -0.2586681 -0.7391084 -0.6219403 -0.772366 -0.545943 -0.324649 -0.772366 -0.545943 -0.324649 -0.2586681 -0.7391084 -0.6219403 -0.3246499 -0.5459429 -0.7723658 -0.623085 -0.738173 0.258584 -0.623085 -0.738173 -0.258584 -0.772366 -0.545943 0.324649 -0.772366 -0.545943 0.324649 -0.623085 -0.738173 -0.258584 -0.772366 -0.545943 -0.324649 -0.2586679 -0.7391098 0.6219388 -0.623085 -0.738173 0.258584 -0.324649 -0.545943 0.772366 -0.324649 -0.545943 0.772366 -0.623085 -0.738173 0.258584 -0.772366 -0.545943 0.324649 0.2582121 -0.7395942 0.6215521 -0.2586679 -0.7391098 0.6219388 0.324649 -0.545943 0.772366 0.324649 -0.545943 0.772366 -0.2586679 -0.7391098 0.6219388 -0.324649 -0.545943 0.772366 0.6223208 -0.7387528 0.2587689 0.2582121 -0.7395942 0.6215521 0.7729571 -0.5445151 0.325639 0.7729571 -0.5445151 0.325639 0.2582121 -0.7395942 0.6215521 0.324649 -0.545943 0.772366 0.6226181 -0.738534 -0.258678 0.6223208 -0.7387528 0.2587689 0.7733761 -0.544199 -0.325172 0.7733761 -0.544199 -0.325172 0.6223208 -0.7387528 0.2587689 0.7729571 -0.5445151 0.325639 0 1 0 0 1 0 0 1 0 0 1 0 0 1 0 0 1 0 0 1 0 0 1 0 0 1 0 -1 0 0 -0.9822903 0 0.187366 -1 0 0 -0.9944885 0 0.1048459 -1 0 0 -1 0 0 -0.9675382 0 -0.2527251 -1 0 0 -1 0 0 -0.9765458 0 -0.21531 -1 0 0 -1 0 0 -0.9765458 0 -0.21531 -1 0 0 -1 0 0 -0.9944885 0 0.1048459 -1 0 0 -1 0 0 0 -1 0 0 -1 0 0 -1 0 0 -1 0 0 -1 0 0 -1 0 -1 0 0 -1 0 0 -0.9765458 0 -0.21531 -1 0 0 -1 0 0 -1 0 0 -0.9448714 0 0.3274421 -1 0 0 -0.9944885 0 0.1048459 -1 0 0 -1 0 0 -1 0 0 -0.9944885 0 0.1048459 -1 0 0 -1 0 0 -1 0 0 -1 0 0 -0.9822903 0 0.187366 -0.9448714 0 0.3274421 -1 0 0 -1 0 0 -0.9448714 0 0.3274421 -1 0 0 -1 0 0 -1 0 0 -1 0 0 -1 0 0 -1 0 0 -1 0 0 -1 0 0 -0.9448714 0 0.3274421 -0.5054492 0 0.8628564 -0.9822903 0 0.187366 -0.5054492 0 0.8628564 -0.5054492 0 0.8628564 -0.9448714 0 0.3274421 -1 0 0 -1 0 0 -1 0 0 -0.9822903 0 0.187366 -1 0 0 -0.9448714 0 0.3274421 -0.9944885 0 0.1048459 -1 0 0 -1 0 0 -0.9765458 0 -0.21531 -1 0 0 -1 0 0 0.6226181 -0.738534 -0.258678 0.2992799 -0.9463577 -0.121814 0.6223208 -0.7387528 0.2587689 0.6223208 -0.7387528 0.2587689 0.2992799 -0.9463577 -0.121814 0.2990041 -0.9464784 0.121554 0.2992799 -0.9463577 -0.121814 0.6226181 -0.738534 -0.258678 0.121792 -0.9465097 -0.2988079 0.121792 -0.9465097 -0.2988079 0.6226181 -0.738534 -0.258678 0.2581349 -0.7389138 -0.6223929 0.121792 -0.9465097 -0.2988079 0.2581349 -0.7389138 -0.6223929 -0.122193 -0.9463379 -0.299188 -0.122193 -0.9463379 -0.299188 0.2581349 -0.7389138 -0.6223929 -0.2586681 -0.7391084 -0.6219403 -0.122193 -0.9463379 -0.299188 -0.2586681 -0.7391084 -0.6219403 -0.300992 -0.9457628 -0.122216 -0.300992 -0.9457628 -0.122216 -0.2586681 -0.7391084 -0.6219403 -0.623085 -0.738173 -0.258584 -0.300992 -0.9457628 -0.122216 -0.623085 -0.738173 -0.258584 -0.3009931 -0.9457622 0.122217 -0.3009931 -0.9457622 0.122217 -0.623085 -0.738173 -0.258584 -0.623085 -0.738173 0.258584 -0.3009931 -0.9457622 0.122217 -0.623085 -0.738173 0.258584 -0.1221929 -0.9463385 0.2991858 -0.1221929 -0.9463385 0.2991858 -0.623085 -0.738173 0.258584 -0.2586679 -0.7391098 0.6219388 -0.1221929 -0.9463385 0.2991858 -0.2586679 -0.7391098 0.6219388 0.1215321 -0.9466355 0.2985151 0.1215321 -0.9466355 0.2985151 -0.2586679 -0.7391098 0.6219388 0.2582121 -0.7395942 0.6215521 0.1215321 -0.9466355 0.2985151 0.2582121 -0.7395942 0.6215521 0.2990041 -0.9464784 0.121554 0.2990041 -0.9464784 0.121554 0.2582121 -0.7395942 0.6215521 0.6223208 -0.7387528 0.2587689 -0.9765458 0 -0.21531 -1 0 0 -0.9675382 0 -0.2527251 -0.9675382 0 -0.2527251 -1 0 0 -1 0 0 -0.7071068 0 -0.7071068 -0.9765458 0 -0.21531 -0.9675382 0 -0.2527251 -0.5054492 0 -0.8628564 -0.9765458 0 -0.21531 -0.7071068 0 -0.7071068 -0.7071068 0 -0.7071068 -0.9765458 0 -0.21531 -0.7071068 0 -0.7071068 0.2527251 0 -0.9675382 -0.5054492 0 -0.8628564 -0.187366 0 -0.9822903 -0.187366 0 -0.9822903 0 0 -1 0 0 -1 0.2527251 0 -0.9675382 0 0 -1 0 0 -1 0 0 -1 0 0 -1 0 0 -1 0 0 -1 0 0 -1 0 0 -1 0 0 -1 0 0 -1 0 0 -1 0 0 -1 0 0 -1 0 0 -1 0 0 -1 0 0 -1 0 0 -1 0.2527251 0 -0.9675382 0 0 -1 0 0 -1 0.2527251 0 -0.9675382 0 0 -1 0 0 -1 -0.187366 0 -0.9822903 0 0 -1 0 0 -1 0.2527251 0 -0.9675382 0 0 -1 0 0 -1 -0.187366 0 -0.9822903 0 0 -1 0 0 -1 -0.187366 0 -0.9822903 0 0 -1 0 0 -1 0.2527251 0 -0.9675382 0 0 -1 0 0 -1 0.2527251 0 -0.9675382 0 0 -1 0 0 -1 -1 0 0 -1 0 0 -1 0 0 -1 0 0 -1 0 0 0 0 -1 0 1 0 0 1 0 0.2527251 0 -0.9675382 1 0 0 1 0 0 1 0 0 1 0 0 1 0 0 0.2527251 0 -0.9675382 0.230154 -0.9200231 -0.317154 0.230154 -0.9200231 -0.317154 0.003074 -0.945399 -0.325901 0.003074 -0.945399 -0.325901 0.230154 -0.9200231 -0.317154 0.003074 -0.945399 -0.325901 0.6040503 -0.7534355 -0.2597272 0.6040503 -0.7534355 -0.2597272 0.230154 -0.9200231 -0.317154 0.230154 -0.9200231 -0.317154 0.6040503 -0.7534355 -0.2597272 0.230154 -0.9200231 -0.317154 0.7417997 -0.6340077 -0.2185579 0.7417997 -0.6340077 -0.2185579 0.6040503 -0.7534355 -0.2597272 0.6040503 -0.7534355 -0.2597272 0.7417997 -0.6340077 -0.2185579 0.6040503 -0.7534355 -0.2597272 0.123656 -0.9381474 -0.3234021 0.123656 -0.9381474 -0.3234021 0.242433 -0.9172 -0.316181 0.242433 -0.9172 -0.316181 0.123656 -0.9381474 -0.3234021 0.242433 -0.9172 -0.316181 0.003074 -0.945399 -0.325901 0.003074 -0.945399 -0.325901 0.123656 -0.9381474 -0.3234021 0.123656 -0.9381474 -0.3234021 0.003074 -0.945399 -0.325901 0.123656 -0.9381474 -0.3234021 -0.2107539 -0.9241686 -0.3185829 -0.6061041 -0.7519601 -0.259218 -0.2107539 -0.9241686 -0.3185829 -0.2107539 -0.9241686 -0.3185829 -0.6061041 -0.7519601 -0.259218 -0.6061041 -0.7519601 -0.259218 -0.6061041 -0.7519601 -0.259218 -0.6157303 -0.7449374 -0.2567971 -0.6061041 -0.7519601 -0.259218 -0.6061041 -0.7519601 -0.259218 -0.6157303 -0.7449374 -0.2567971 -0.6157303 -0.7449374 -0.2567971 -0.6157303 -0.7449374 -0.2567971 -0.222623 -0.9216781 -0.317724 -0.6157303 -0.7449374 -0.2567971 -0.6157303 -0.7449374 -0.2567971 -0.222623 -0.9216781 -0.317724 -0.222623 -0.9216781 -0.317724 0.003073 -0.945399 -0.325901 0.003073 -0.945399 -0.325901 -0.222623 -0.9216781 -0.317724 -0.222623 -0.9216781 -0.317724 0.003073 -0.945399 -0.325901 -0.222623 -0.9216781 -0.317724 -0.187366 0 -0.9822903 0 0 -1 0.2527251 0 -0.9675382 0 0 -1 0 0 -1 0.2527251 0 -0.9675382 0.003074 -0.945399 -0.325901 0.003074 -0.945399 -0.325901 -0.2107539 -0.9241686 -0.3185829 -0.2107539 -0.9241686 -0.3185829 0.003074 -0.945399 -0.325901 -0.2107539 -0.9241686 -0.3185829 0 0 -1 0 0 -1 0 0 -1 0 0 -1 0 0 -1 0 0 -1 0 0 -1 0 0 -1 0 0 -1 0 0 -1 0 0 -1 0 0 -1 0 0 -1 0 0 -1 0 0 -1 0 0 -1 0 0 -1 0 0 -1 0 1 0 0 1 0 0 0 -1 0 1 0 0 1 0 0 1 0</float_array>
          <technique_common>
            <accessor source="#polySurfaceShape391-normals-array" count="603" stride="3">
              <param name="X" type="float"/>
              <param name="Y" type="float"/>
              <param name="Z" type="float"/>
            </accessor>
          </technique_common>
        </source>
        <source id="polySurfaceShape391-polySurfaceShape391-polySurfaceShape391-map1" name="polySurfaceShape391-polySurfaceShape391-polySurfaceShape391-map1">
          <float_array id="polySurfaceShape391-polySurfaceShape391-polySurfaceShape391-map1-array" count="548">0.356444 0.478784 0.591688 0.477791 0.355945 0.008373 0.355945 0.008373 0.591199 0.007387 0.591688 0.477791 0.356444 0.478784 0.356444 0.478784 0.591688 0.477791 0.189599 0.009079 0.355945 0.008373 0.753822 0.884236 0.754587 0.596083 0.802622 0.500031 0.946727 0.500031 0.994762 0.596083 0.994762 0.884236 0.946727 0.980407 0.802622 0.980407 0.753822 0.884236 0.754587 0.596083 0.802622 0.500031 0.946727 0.500031 0.994762 0.596083 0.994762 0.884236 0.946727 0.980407 0.802622 0.980407 0.190097 0.479489 0.189599 0.009079 0.75774 0.187245 0.75802 0.477112 0.603231 0.490179 0.599357 0.519125 0.43128 0.518287 0.427477 0.489308 0.763281 0.984671 0.756826 0.962487 0.556725 0.962605 0.603231 0.490179 0.43128 0.518287 0.427477 0.489308 0.657832 0.984823 0.756826 0.962487 0.556725 0.962605 0.603231 0.490179 0.43128 0.518287 0.763281 0.984671 0.556725 0.962605 0.550279 0.984823 0.43128 0.518287 0.427477 0.489308 0.763281 0.984671 0.756826 0.962487 0.556725 0.962605 0.550279 0.984823 0.263609 0.9027 0.275739 0.822504 0.460415 0.82262 0.472521 0.902831 0.296975 0.491169 0.277354 0.564626 0.023023 0.565328 0.003301 0.491971 0.263609 0.9027 0.275739 0.822504 0.460415 0.82262 0.472521 0.902831 0.039808 0.491871 0.023023 0.565328 0.003301 0.491971 0.263609 0.9027 0.275739 0.822504 0.277354 0.564626 0.296975 0.491169 0.275739 0.822504 0.003301 0.491971 0.277354 0.564626 0.472521 0.902831 0.023023 0.565328 0.003301 0.491971 0.275748 0.779059 0.315915 0.496176 0.260527 0.898183 0.277383 0.607816 0.275748 0.779059 0.315915 0.496176 0.277383 0.607816 0.260527 0.898183 0.023052 0.6085 0.04027 0.898731 0.460423 0.779188 0.275748 0.779059 0.315915 0.496176 0.420372 0.496262 0.023052 0.6085 0.277383 0.607816 0.260527 0.898183 0.04027 0.898731 0.460423 0.779188 0.275748 0.779059 0.315915 0.496176 0.420372 0.496262 0.023052 0.6085 0.277383 0.607816 0.260527 0.898183 0.04027 0.898731 0.277354 0.564626 0.800729 0.271836 0.822695 0.306796 0.432379 0.525371 0.598249 0.526197 0.559601 0.807789 0.471022 0.808044 0.598249 0.526197 0.755631 0.956604 0.736615 0.708371 0.559601 0.807789 0.432379 0.525371 0.471022 0.808044 0.598249 0.526197 0.755631 0.956604 0.736615 0.708371 0.559601 0.807789 0.755631 0.956604 0.736615 0.708372 0.598249 0.526197 0.559601 0.807789 0.432379 0.525371 0.471022 0.808044 0.557918 0.956714 0.755631 0.956604 0.736615 0.708371 0.576863 0.709363 0.260267 0.491278 0.296975 0.491169 0.774823 0.061675 0.757548 0.006705 0.786955 0.006585 0.849132 0.327462 0.993239 0.476626 0.950309 0.271536 0.967047 0.22921 0.928384 0.306582 0.901974 0.327354 0.875557 0.334992 0.875628 0.47682 0.763281 0.984671 0.993491 0.00626 0.97626 0.061181 0.964249 0.006055 0.783935 0.229582 0.993191 0.186784 0.977674 0.17673 0.769663 0.124022 0.773259 0.177171 0.981292 0.123552 0.75802 0.477112 0.591199 0.007387 0.190097 0.479489 0.557918 0.956714 0.599357 0.519125 0.576863 0.709363 0.550279 0.984823 0.460415 0.82262 0.460423 0.779188 0.023023 0.565328 0.023052 0.6085 0.460415 0.82262 0.460423 0.779188 0.420372 0.496261 0.04027 0.898731 0.420372 0.496261 0.296975 0.491169 0.263609 0.9027 0.472521 0.902831 0.557918 0.956714 0.599357 0.519125 0.432379 0.525371 0.756826 0.962487 0.557918 0.956714 0.599357 0.519125 0.576863 0.709363 0.471022 0.808044 0.576863 0.709363 0.603231 0.490179 0.427477 0.489308 0.550279 0.984823 0.756826 0.962487 0.556725 0.962605 0.657832 0.984823 0.756826 0.962487 0.556725 0.962605 0.756826 0.962487 0.556725 0.962605 0.756826 0.962487 0.556725 0.962605 0.557918 0.956714 0.755631 0.956604 0.557918 0.956714 0.755631 0.956604 0.557918 0.956714 0.755631 0.956604 0.557918 0.956714 0.755631 0.956604 0.657832 0.984823 0.556725 0.962605 0.756826 0.962487 0.757846 0.297089 0.993209 0.296618 0.5915 0.296957 0.728146 0.376301 0.62921 0.376222 0.591445 0.244118 0.356194 0.243579 0.408302 0.260228 0.538402 0.260228 0.549477 0.244022 0.396215 0.24367 0.546208 0.247533 0.542674 0.255897 0.404938 0.257394 0.400576 0.248309 0.591445 0.244118 0.591199 0.007387 0.355945 0.008373 0.356194 0.243579 0.396215 0.24367 0.400576 0.248309 0.404938 0.257394 0.408302 0.260228 0.538402 0.260228 0.542674 0.255897 0.546208 0.247533 0.549477 0.244022 0.561248 0.057233 0.752306 0.057232 0.752305 0.1996 0.610325 0.1996 0.751354 0.05677 0.561531 0.05677 0.610608 0.199137 0.751354 0.199137 0.19009 0.440213 0.19009 0.365185 0.355478 0.365185 0.355478 0.440213 0.19009 0.357008 0.355478 0.357008 0.19009 0.348831 0.355478 0.348831 0.19009 0.342525 0.355478 0.342525 0.19009 0.342525 0.355478 0.342525 0.19009 0.348831 0.355478 0.348831 0.19009 0.357008 0.355478 0.357008 0.19009 0.365185 0.355478 0.365185 0.19009 0.440213 0.355478 0.440213 0.177153 0.010527 0.177153 0.479553 0.009801 0.479553 0.009801 0.010527 0.473352 0.260228 0.19009 0.216948 0.355478 0.216948 0.473352 0.260228 0.009801 0.24504 0.473572 0.00788 0.19009 0.216948 0.355478 0.216948</float_array>
          <technique_common>
            <accessor source="#polySurfaceShape391-polySurfaceShape391-polySurfaceShape391-map1-array" count="274" stride="2">
              <param name="S" type="float"/>
              <param name="T" type="float"/>
            </accessor>
          </technique_common>
        </source>
        <vertices id="polySurfaceShape391-vertices" name="polySurfaceShape391-vertices">
          <input semantic="POSITION" source="#polySurfaceShape391-positions"/>
        </vertices>
        <triangles material="lambert8SG" count="201">
          <input semantic="VERTEX" source="#polySurfaceShape391-vertices" offset="0"/>
          <input semantic="NORMAL" source="#polySurfaceShape391-normals" offset="1"/>
          <input semantic="TEXCOORD" source="#polySurfaceShape391-polySurfaceShape391-polySurfaceShape391-map1" offset="2" set="0"/>
          <p>11 0 3 15 1 4 9 2 6 9 3 6 15 4 4 12 5 5 8 6 7 2 7 8 10 8 10 10 9 10 2 10 8 0 11 157 17 12 11 23 13 12 16 14 18 16 15 18 23 16 12 18 17 17 23 18 12 22 19 13 18 20 17 22 21 13 21 22 14 18 23 17 21 24 14 20 25 15 18 26 17 20 27 15 19 28 16 18 29 17 25 30 19 31 31 20 24 32 26 30 33 21 29 34 22 31 35 20 28 36 23 27 37 24 29 38 22 26 39 25 24 40 26 27 41 24 31 42 20 29 43 22 24 44 26 29 45 22 27 46 24 24 47 26 0 48 9 2 49 158 1 50 2 1 51 2 2 52 158 89 53 213 89 54 213 2 55 158 3 56 0 85 57 209 7 58 1 87 59 211 8 60 27 10 61 28 9 62 6 9 63 6 10 64 28 11 65 3 12 66 5 66 67 29 13 68 30 2 69 31 69 70 32 3 71 34 3 72 34 69 73 32 70 74 33 3 75 35 70 76 187 7 77 162 7 78 162 70 79 187 72 80 188 7 81 38 72 82 160 6 83 40 6 84 40 72 85 160 74 86 39 65 87 189 74 88 190 76 89 191 13 90 44 76 91 180 12 92 185 12 93 185 76 94 180 78 95 45 12 96 46 78 97 192 9 98 48 9 99 48 78 100 192 80 101 193 9 102 184 80 103 176 8 104 50 8 105 50 80 106 176 82 107 49 8 108 51 82 109 194 2 110 54 2 111 54 82 112 194 69 113 195 10 114 55 44 115 56 11 116 58 11 117 58 44 118 56 45 119 57 11 120 59 45 121 60 15 122 62 15 123 62 45 124 60 46 125 61 15 126 63 46 127 64 14 128 66 14 129 66 46 130 64 47 131 65 51 132 67 40 133 68 4 134 69 4 135 70 40 136 71 5 137 174 5 138 174 40 139 71 41 140 167 5 141 73 41 142 72 1 143 75 1 144 75 41 145 72 42 146 165 1 147 173 42 148 74 0 149 77 0 150 77 42 151 74 43 152 163 0 153 172 43 154 76 10 155 79 10 156 79 43 157 76 44 158 78 32 159 80 28 160 81 33 161 168 33 162 168 28 163 81 29 164 171 34 165 166 33 166 83 30 167 170 30 168 170 33 169 83 29 170 82 35 171 164 34 172 84 31 173 169 31 174 169 34 175 84 30 176 85 36 177 88 35 178 86 25 179 89 25 180 89 35 181 86 31 182 87 37 183 90 36 184 91 24 185 93 24 186 93 36 187 91 25 188 92 38 189 94 37 190 95 26 191 97 26 192 97 37 193 95 24 194 96 39 195 98 38 196 99 27 197 101 27 198 101 38 199 99 26 200 100 32 201 102 39 202 103 28 203 105 28 204 105 39 205 103 27 206 104 40 207 71 32 208 80 41 209 167 41 210 167 32 211 80 33 212 168 42 213 165 41 214 72 34 215 166 34 216 166 41 217 72 33 218 83 43 219 163 42 220 74 35 221 164 35 222 164 42 223 74 34 224 84 44 225 78 43 226 76 36 227 88 36 228 88 43 229 76 35 230 86 45 231 57 44 232 56 37 233 90 37 234 90 44 235 56 36 236 91 46 237 61 45 238 60 38 239 94 38 240 94 45 241 60 37 242 95 47 243 65 46 244 64 39 245 98 39 246 98 46 247 64 38 248 99 40 249 68 47 250 106 32 251 102 32 252 102 47 253 106 39 254 103 13 255 30 52 256 107 61 257 108 71 258 109 68 259 110 16 260 112 16 261 112 68 262 110 17 263 111 73 264 196 71 265 197 18 266 161 18 267 161 71 268 197 16 269 115 75 270 117 73 271 113 19 272 118 19 273 118 73 274 113 18 275 116 77 276 198 75 277 199 20 278 183 20 279 183 75 280 199 19 281 121 79 282 177 77 283 119 21 284 182 21 285 182 77 286 119 20 287 122 81 288 200 79 289 201 22 290 181 22 291 181 79 292 201 21 293 124 83 294 127 81 295 125 23 296 128 23 297 128 81 298 125 22 299 126 68 300 202 83 301 203 17 302 132 17 303 132 83 304 203 23 305 131 47 306 106 40 307 68 54 308 133 54 309 133 40 310 68 51 311 67 14 312 134 47 313 106 54 314 133 56 315 135 14 316 136 54 317 137 13 318 30 61 319 108 62 320 138 84 321 208 59 322 141 67 323 151 6 324 139 64 325 142 49 326 140 6 327 139 63 328 143 64 329 142 13 330 30 48 331 144 65 332 145 65 333 204 76 334 205 13 335 186 6 336 146 74 337 206 65 338 41 65 339 145 48 340 144 6 341 139 4 342 147 55 343 148 51 344 149 66 345 29 60 346 150 13 347 30 67 348 151 59 349 141 58 350 152 13 351 30 60 352 150 52 353 107 56 354 135 53 355 153 14 356 136 66 357 29 57 358 154 60 359 150 66 360 29 53 361 153 57 362 154 67 363 151 50 364 155 4 365 147 67 366 151 58 367 152 50 368 155 66 369 29 15 370 4 14 371 136 12 372 5 15 373 4 66 374 29 4 375 147 50 376 155 55 377 148 14 378 136 53 379 153 66 380 29 13 381 30 62 382 138 48 383 144 6 384 139 48 385 144 63 386 143 68 387 129 69 388 53 83 389 130 83 390 130 69 391 53 82 392 52 69 393 32 68 394 110 70 395 33 70 396 33 68 397 110 71 398 109 70 399 36 71 400 114 72 401 37 72 402 37 71 403 114 73 404 159 72 405 160 73 406 113 74 407 39 74 408 39 73 409 113 75 410 117 74 411 42 75 412 120 76 413 43 76 414 43 75 415 120 77 416 179 76 417 180 77 418 119 78 419 45 78 420 45 77 421 119 79 422 177 78 423 178 79 424 123 80 425 47 80 426 47 79 427 123 81 428 175 80 429 176 81 430 125 82 431 49 82 432 49 81 433 125 83 434 127 6 435 139 49 436 140 84 437 208 84 438 208 49 439 140 59 440 141 86 441 210 6 442 156 84 443 207 7 444 1 6 445 156 87 446 211 87 447 211 6 448 156 86 449 210 3 450 0 7 451 1 85 452 209 85 453 209 88 454 212 92 455 216 100 456 224 101 457 225 112 458 271 101 459 225 102 460 226 112 461 271 102 462 226 103 463 227 112 464 271 111 465 269 112 466 271 105 467 229 103 468 227 104 469 228 112 470 271 112 471 271 104 472 228 105 473 229 3 474 0 90 475 214 96 476 220 3 477 0 110 478 266 90 479 214 85 480 209 94 481 218 95 482 219 3 483 0 93 484 217 89 485 213 85 486 209 92 487 216 94 488 218 85 489 209 95 490 219 91 491 215 3 492 0 96 493 220 97 494 221 3 495 0 97 496 221 93 497 217 88 498 234 5 499 235 99 500 237 99 501 237 5 502 235 98 503 236 112 504 270 1 505 263 100 506 264 89 507 239 101 508 240 1 509 238 1 510 238 101 511 240 100 512 241 93 513 243 102 514 244 89 515 242 89 516 242 102 517 244 101 518 245 97 519 246 103 520 247 93 521 243 93 522 243 103 523 247 102 524 244 96 525 248 104 526 249 97 527 246 97 528 246 104 529 249 103 530 247 90 531 250 105 532 251 96 533 248 96 534 248 105 535 251 104 536 249 110 537 272 111 538 273 90 539 250 90 540 250 111 541 273 105 542 251 91 543 252 95 544 254 106 545 253 106 546 253 95 547 254 107 548 255 95 549 254 94 550 256 107 551 255 107 552 255 94 553 256 108 554 257 94 555 256 92 556 258 108 557 257 108 558 257 92 559 258 109 560 259 88 561 260 99 562 261 92 563 258 92 564 258 99 565 261 109 566 259 85 567 209 91 568 215 3 569 0 91 570 215 110 571 266 3 572 0 111 573 268 110 574 267 106 575 253 106 576 253 110 577 267 91 578 252 99 579 222 98 580 223 109 581 233 98 582 223 112 583 271 109 584 233 109 585 233 112 586 271 108 587 232 111 588 269 106 589 230 112 590 271 106 591 230 107 592 231 112 593 271 112 594 271 107 595 231 108 596 232 5 597 262 112 598 270 98 599 265 5 600 262 1 601 263 112 602 270</p>
        </triangles>
      </mesh>
      <extra>
        <technique profile="OpenCOLLADAMaya">
          <originalMayaNodeId>polySurfaceShape380</originalMayaNodeId>
          <double_sided>1</double_sided>
        </technique>
      </extra>
    </geometry>
  </library_geometries>
  <library_visual_scenes>
    <visual_scene id="VisualSceneNode" name="tau_8sided_room_infirmary_1door_indented_sleeping">
      <node id="polySurface380" name="polySurface380" type="NODE">
        <translate sid="translate">0 0 0</translate>
        <rotate sid="rotateZ">0 0 1 0</rotate>
        <rotate sid="rotateY">0 1 0 0</rotate>
        <rotate sid="rotateX">1 0 0 0</rotate>
        <scale sid="scale">1 1 1</scale>
        <instance_geometry url="#polySurfaceShape391">
          <bind_material>
            <technique_common>
              <instance_material symbol="lambert8SG" target="#lambert8">
                <bind_vertex_input semantic="TEX0" input_semantic="TEXCOORD" input_set="0"/>
              </instance_material>
            </technique_common>
          </bind_material>
        </instance_geometry>
        <node id="polySurface375" name="polySurface375" type="NODE">
          <translate sid="translate">0 0 0</translate>
          <scale sid="scale">1 1 1</scale>
          <instance_geometry url="#polySurfaceShape388">
            <bind_material>
              <technique_common>
                <instance_material symbol="lambert8SG" target="#lambert8">
                  <bind_vertex_input semantic="TEX0" input_semantic="TEXCOORD" input_set="0"/>
                </instance_material>
              </technique_common>
            </bind_material>
          </instance_geometry>
          <extra>
            <technique profile="OpenCOLLADAMaya">
              <originalMayaNodeId>polySurface375</originalMayaNodeId>
            </technique>
          </extra>
        </node>
        <node id="pPipe68" name="pPipe68" type="NODE">
          <translate sid="translate">0 0 0</translate>
          <scale sid="scale">1 1 1</scale>
          <instance_geometry url="#pPipeShape68">
            <bind_material>
              <technique_common>
                <instance_material symbol="lambert6SG" target="#lambert6">
                  <bind_vertex_input semantic="TEX0" input_semantic="TEXCOORD" input_set="0"/>
                </instance_material>
              </technique_common>
            </bind_material>
          </instance_geometry>
          <extra>
            <technique profile="OpenCOLLADAMaya">
              <originalMayaNodeId>pPipe68</originalMayaNodeId>
            </technique>
          </extra>
        </node>
        <extra>
          <technique profile="OpenCOLLADAMaya">
            <originalMayaNodeId>polySurface380</originalMayaNodeId>
          </technique>
        </extra>
      </node>
    </visual_scene>
  </library_visual_scenes>
  <scene>
    <instance_visual_scene url="#VisualSceneNode"/>
  </scene>
</COLLADA>