<?xml version="1.0" encoding="utf-8"?>
<COLLADA xmlns="http://www.collada.org/2005/11/COLLADASchema" version="1.4.1">
  <asset>
    <contributor>
      <author>Tucho</author>
      <authoring_tool>OpenCOLLADA for 3ds Max;  Version: 1.3.1;  Revision: 847M;  Platform: x64;  Configuration: Release_Max2010_static</authoring_tool>
      <source_data>file:///C:/Users/Tucho/Pictures/3D/Frictional_Games/station_batch/workdir/assets/server_data_xx/max/server_data_xx_final_model.max</source_data>
    </contributor>
    <created>2012-07-09T16:04:09</created>
    <modified>2012-07-09T16:04:09</modified>
    <unit name="centimeter" meter="0.01"/>
    <up_axis>Z_UP</up_axis>
  </asset>
  <library_effects>
    <effect id="server_data_xx">
      <profile_COMMON>
        <newparam sid="server_data_xx_dds-surface">
          <surface type="2D">
            <init_from>server_data_xx_dds</init_from>
          </surface>
        </newparam>
        <newparam sid="server_data_xx_dds-sampler">
          <sampler2D>
            <source>server_data_xx_dds-surface</source>
          </sampler2D>
        </newparam>
        <technique sid="common">
          <blinn>
            <emission>
              <color>0 0 0 1</color>
            </emission>
            <ambient>
              <color>0.588 0.588 0.588 1</color>
            </ambient>
            <diffuse>
              <texture texture="server_data_xx_dds-sampler" texcoord="CHANNEL1"/>
            </diffuse>
            <specular>
              <color>0.9 0.9 0.9 1</color>
            </specular>
            <shininess>
              <float>10</float>
            </shininess>
            <reflective>
              <color>0 0 0 1</color>
            </reflective>
            <transparent opaque="A_ONE">
              <color>1 1 1 1</color>
            </transparent>
            <transparency>
              <float>1</float>
            </transparency>
          </blinn>
        </technique>
      </profile_COMMON>
      <extra>
        <technique profile="OpenCOLLADA3dsMax">
          <extended_shader>
            <apply_reflection_dimming>0</apply_reflection_dimming>
            <dim_level>0</dim_level>
            <falloff_type>0</falloff_type>
            <index_of_refraction>1.5</index_of_refraction>
            <opacity_type>0</opacity_type>
            <reflection_level>3</reflection_level>
            <wire_size>1</wire_size>
            <wire_units>0</wire_units>
          </extended_shader>
          <shader>
            <ambient_diffuse_lock>1</ambient_diffuse_lock>
            <ambient_diffuse_texture_lock>1</ambient_diffuse_texture_lock>
            <diffuse_specular_lock>0</diffuse_specular_lock>
            <soften>0.1</soften>
            <use_self_illum_color>0</use_self_illum_color>
          </shader>
        </technique>
      </extra>
    </effect>
  </library_effects>
  <library_materials>
    <material id="server_data_xx-material" name="server_data_xx">
      <instance_effect url="#server_data_xx"/>
    </material>
  </library_materials>
  <library_geometries>
    <geometry id="geom-server_data_01" name="server_data_01">
      <mesh>
        <source id="geom-server_data_01-positions">
          <float_array id="geom-server_data_01-positions-array" count="1761">-47.31384 38.0607 57.94492 -47.31387 38.0607 76.33715 -47.31387 -37.271 76.33715 -47.31384 -37.271 57.94493 -46.0437 -34.68601 57.94493 -46.0437 34.88595 57.94492 -46.0437 34.88595 76.33715 -46.0437 -34.68601 76.33715 -47.83121 36.67345 42.86457 -47.83121 36.67345 47.60831 -47.83121 -36.47351 47.60832 -47.83121 -36.47351 42.86457 -46.0437 -34.68601 42.86457 -46.0437 34.88595 42.86457 -46.0437 34.88595 47.60831 -46.0437 -34.68601 47.60832 -46.34296 32.66087 58.19695 -46.34296 -32.53104 58.19696 -47.97113 -32.40749 57.74222 -46.03888 -32.40749 57.74222 -46.03888 -21.08236 57.74222 -47.97113 -21.08236 57.74222 -47.97113 -32.40749 78.05754 -47.97113 -21.08235 78.05754 -46.03888 -21.08235 78.05754 -46.03888 -32.40749 78.05754 -47.67828 -21.31831 74.39077 -46.03888 -21.31831 74.39077 -46.03888 32.45947 74.39077 -47.67828 32.45947 74.39077 -47.67828 -21.31831 77.22952 -47.67828 32.45947 77.22952 -46.03888 32.45947 77.22952 -46.03888 -21.31831 77.22952 -47.68927 -32.2802 81.67201 -46.27036 -32.2802 81.67201 -46.27036 32.45947 81.67201 -47.68927 32.45947 81.67201 -47.68927 -32.2802 86.37269 -47.68927 32.45947 86.37269 -46.04987 32.45947 86.37269 -46.04987 -32.2802 86.37269 -47.84723 -18.39682 104.0924 -46.27036 -18.39681 104.0924 -46.27036 32.45947 104.0924 -47.84723 32.45947 104.0924 -47.84723 -18.39682 106.9614 -47.84723 32.45947 106.9614 -46.04987 32.45947 106.9614 -46.04987 -18.39682 106.9614 -48.3403 -32.23991 103.7038 -46.33624 -32.23991 103.7038 -46.33624 -18.11192 103.7038 -48.3403 -18.11192 103.7038 -48.3403 -32.23991 107.35 -48.3403 -18.11192 107.35 -46.05603 -18.11192 107.35 -46.05603 -32.23991 107.35 -47.84723 -18.39681 120.4807 -46.27036 -18.39681 120.4807 -46.27036 32.45947 120.4807 -47.84723 32.45947 120.4807 -47.84723 -18.39681 123.3497 -47.84723 32.45947 123.3497 -46.04987 32.45947 123.3497 -46.04987 -18.39681 123.3497 -48.3403 -32.23991 120.0921 -46.33624 -32.23991 120.0921 -46.33624 -18.11192 120.0921 -48.3403 -18.11192 120.0921 -48.3403 -32.23991 123.7383 -48.3403 -18.11192 123.7383 -46.05603 -18.11192 123.7383 -46.05603 -32.23991 123.7383 -47.64673 -32.43397 133.2685 -46.06982 -32.43396 133.2685 -46.06982 32.45947 133.2685 -47.64673 32.45947 133.2685 -47.64673 -32.43397 137.9747 -47.64673 32.45947 137.9747 -45.84933 32.45947 137.9747 -45.84933 -32.43397 137.9747 -47.64673 -32.43397 143.9069 -46.06982 -32.43397 143.9069 -46.06982 32.45947 143.9069 -47.64673 32.45947 143.9069 -47.64673 32.45947 156.2108 -47.64673 -32.43396 156.2108 -48.1554 32.45947 156.2108 -48.1554 -32.43396 156.2108 -48.1554 32.45947 172.838 -48.1554 -32.43396 172.838 -47.54639 21.57532 143.9573 -47.54639 21.57531 137.9731 -47.54639 32.28906 137.9731 -47.54639 32.28906 143.9573 -46.06464 21.57532 143.9573 -46.06464 21.57531 137.9731 -46.34296 32.66087 75.7541 -46.34296 32.66088 144.9854 -46.34296 -32.53103 144.9854 -46.34296 -32.53104 75.7541 50 40.05051 -3.4925e-6 -50 -39.94949 3.50133e-6 50 -39.94947 180 -50 40.05051 -3.49249e-6 -50 -39.94948 180 42.77002 32.13384 -2.8004e-6 42.77002 -32.03282 2.80923e-6 -42.77002 -32.03282 2.80923e-6 -42.77002 32.13383 -2.8004e-6 50 40.05053 180 -50 40.05052 180 42.77002 -39.94949 7.350002 42.77002 -39.94947 172.65 -42.76999 -39.94948 172.65 -42.76999 -39.94949 7.350009 -42.77002 40.05051 7.349995 -42.77002 40.05052 172.65 42.77002 40.05052 172.65 42.77002 40.05051 7.350003 50 32.13385 7.349996 50 32.13386 172.65 50 -32.0328 172.65 50 -32.03281 7.350009 -50 -32.03282 7.350001 -50 -32.03281 172.65 -50 32.13386 172.65 -50 32.13383 7.350003 41.56683 -32.03281 172.65 41.56683 -32.03282 7.350001 -42.77002 -32.03281 172.65 42.77002 32.13384 7.349998 42.77002 32.13385 172.65 -42.77002 32.13383 7.349998 -42.77002 -32.03283 7.350004 -42.77002 32.13385 172.65 50 -39.94948 3.50133e-6 -46.78156 -37.271 57.94493 -46.78156 38.0607 57.94492 -46.78156 -37.271 76.33715 -46.78156 38.0607 76.33715 -45.51141 -34.68601 57.94493 -45.51141 34.88595 57.94492 -45.51141 -34.68601 76.33715 -45.51141 34.88595 76.33715 -47.29892 -36.47351 42.86457 -47.29892 36.67345 42.86457 -47.29892 -36.47351 47.60832 -47.29892 36.67345 47.60831 -45.51141 -34.68601 42.86457 -45.51141 34.88595 47.60831 46.76697 -37.271 57.94493 46.76697 -37.271 76.33715 46.76697 38.0607 57.94492 46.76697 38.0607 76.33715 45.49683 34.88595 57.94492 45.49683 -34.68601 57.94493 45.49683 -34.68601 76.33715 45.49683 34.88595 76.33715 47.2843 -36.47351 42.86457 47.2843 -36.47351 47.60832 47.2843 36.67345 42.86457 47.2843 36.67345 47.60831 45.49683 34.88595 42.86457 45.49683 -34.68601 47.60832 45.79605 -32.53103 144.9854 45.79605 32.66088 144.9854 47.42422 -32.40749 57.74222 47.42422 -21.08236 57.74222 45.492 -21.08236 57.74222 45.492 -32.40749 57.74222 47.42422 -32.40749 78.05754 45.492 -32.40749 78.05754 45.492 -21.08235 78.05754 47.42422 -21.08235 78.05754 47.13141 -21.31831 74.39077 47.13141 32.45947 74.39077 45.492 32.45947 74.39077 45.492 -21.31831 74.39077 47.13141 -21.31831 77.22952 45.492 -21.31831 77.22952 45.492 32.45947 77.22952 47.13141 32.45947 77.22952 47.14233 -32.2802 81.67201 47.14233 32.45947 81.67201 45.72345 32.45947 81.67201 45.72345 -32.2802 81.67201 47.14233 -32.2802 86.37269 45.50296 -32.2802 86.37269 45.50296 32.45947 86.37269 47.14233 32.45947 86.37269 47.30035 -18.39682 104.0924 47.30035 32.45947 104.0924 45.72345 32.45947 104.0924 45.72345 -18.39681 104.0924 47.30035 -18.39682 106.9614 45.50296 -18.39682 106.9614 45.50296 32.45947 106.9614 47.30035 32.45947 106.9614 47.7934 -32.23991 103.7038 47.7934 -18.11192 103.7038 45.78934 -18.11192 103.7038 45.78934 -32.23991 103.7038 47.7934 -32.23991 107.35 45.50909 -32.23991 107.35 45.50909 -18.11192 107.35 47.7934 -18.11192 107.35 47.30035 -18.39681 120.4807 47.30035 32.45947 120.4807 45.72345 32.45947 120.4807 45.72345 -18.39681 120.4807 47.30035 -18.39681 123.3497 45.50296 -18.39681 123.3497 45.50296 32.45947 123.3497 47.30035 32.45947 123.3497 47.7934 -32.23991 120.0921 47.7934 -18.11192 120.0921 45.78934 -18.11192 120.0921 45.78934 -32.23991 120.0921 47.7934 -32.23991 123.7383 45.50909 -32.23991 123.7383 45.50909 -18.11192 123.7383 47.7934 -18.11192 123.7383 47.09979 -32.43397 133.2685 47.09979 32.45947 133.2685 45.52292 32.45947 133.2685 45.52292 -32.43396 133.2685 47.09979 -32.43397 137.9747 45.30243 -32.43397 137.9747 45.30243 32.45947 137.9747 47.09979 32.45947 137.9747 47.09979 -32.43397 143.9069 47.09979 32.45947 143.9069 45.52292 32.45947 143.9069 45.52292 -32.43397 143.9069 47.09979 -32.43396 156.2108 47.09979 32.45947 156.2108 47.60852 -32.43396 156.2108 47.60852 32.45947 156.2108 47.60852 -32.43396 172.838 47.60852 32.45947 172.838 46.99948 21.57532 143.9573 46.99948 32.28906 143.9573 46.99948 32.28906 137.9731 46.99948 21.57531 137.9731 45.51776 21.57531 137.9731 45.51776 21.57532 143.9573 45.49683 34.88595 47.60831 -45.51141 34.88595 42.86457 -45.51141 -34.68601 47.60832 45.49683 -34.68601 42.86457 -28.26593 -38.2511 14.02907 -16.91135 -38.2511 14.02907 -28.26593 -24.84741 14.02906 -16.91135 -24.84741 14.02906 -28.26593 -38.25109 25.76239 -16.91135 -38.25109 25.76239 -16.91135 -35.03421 25.76239 -28.26593 -35.03421 25.76239 -16.91135 -24.84741 16.66906 -28.26593 -24.84741 16.66906 -16.91135 -35.03422 16.66907 -28.26593 -35.03422 16.66907 16.86041 -38.2511 14.02907 28.21503 -38.2511 14.02907 16.86041 -24.84741 14.02906 28.21503 -24.84741 14.02906 16.86041 -38.25109 25.76239 28.21503 -38.25109 25.76239 28.21503 -35.03421 25.76239 16.86041 -35.03421 25.76239 28.21503 -24.84741 16.66906 16.86041 -24.84741 16.66906 28.21503 -35.03422 16.66907 16.86041 -35.03422 16.66907 -17.63867 -37.52233 14.69266 -10.16006 -37.52232 23.89508 -17.63867 -37.52232 23.89508 17.59079 -37.52233 14.69266 10.14517 -37.52232 23.89508 17.59079 -37.52232 23.89508 -17.63867 -24.1503 14.69266 17.59079 -24.1503 14.69266 17.59079 -24.1503 16.63514 -17.63867 -25.01949 14.69266 17.59079 -25.01949 14.69266 17.59079 -25.01949 16.63514 -17.63867 -24.1503 16.63514 -17.63867 -25.01949 16.63514 8.711182 -37.52232 26.29012 -10.16006 -35.11626 23.89508 -17.63867 -35.11626 23.89508 8.711182 -35.11626 26.29012 10.14517 -35.11626 23.89508 17.59079 -35.11626 23.89508 -8.726074 -37.52232 26.29012 -8.726074 -35.11626 26.29012 28.21503 38.31119 14.37677 28.21503 24.90751 14.37677 16.86041 24.90751 14.37677 16.86041 38.3112 14.37677 28.21503 38.3112 26.11009 16.86041 38.3112 26.11009 16.86041 35.09431 26.11009 28.21503 35.09431 26.11009 16.86041 35.09431 17.01677 28.21503 24.90751 17.01677 16.86041 24.90751 17.01677 28.21503 35.0943 17.01677 -16.91135 38.3112 14.37677 -16.91135 24.90751 14.37677 -28.26593 24.90752 14.37677 -28.26593 38.3112 14.37677 -16.91135 38.3112 26.11009 -28.26593 38.31121 26.11009 -28.26593 35.09432 26.11009 -16.91135 35.09431 26.11009 -28.26593 35.09431 17.01677 -16.91135 24.90751 17.01677 -28.26593 24.90752 17.01677 -16.91135 35.09431 17.01677 -43.82391 -37.52831 140.3827 42.94135 -37.52831 173.4422 -43.82391 -37.52831 173.4422 42.94135 -37.52831 146.2959 12.16522 -35.40076 146.2959 42.94135 -35.40076 146.2959 12.16522 -37.52831 146.2959 12.16522 -37.52831 140.3827 -43.82391 -35.40076 140.3827 12.16522 -35.40076 140.3827 -8.772156 -38.29916 118.2903 43.43311 -38.29916 118.2903 -11.68219 -34.85215 121.2003 43.43311 -34.85215 118.2903 -11.68219 -38.29916 140.2306 43.43311 -38.29916 140.2306 -11.68219 -34.85215 140.2306 43.43311 -34.85215 140.2306 -11.68219 -38.29916 121.2003 -8.772156 -34.85215 118.2903 42.80063 -37.70843 86.40484 42.80063 -35.24781 86.40484 -42.87396 -35.24781 86.40484 -42.87396 -37.70844 86.40484 42.80063 -37.70843 81.62325 -42.87396 -37.70844 81.62325 -42.87396 -35.24781 81.62325 42.80063 -35.24781 81.62325 -43.14587 -36.4411 133.2648 -11.50424 -36.4411 133.2648 -43.14587 -35.26348 133.2648 -11.50424 -35.26348 133.2648 -43.14587 -36.4411 137.7865 -11.50424 -36.4411 137.7865 -43.14587 -37.6468 137.7865 -11.50424 -37.6468 137.7865 -43.14587 -37.6468 140.1935 -11.50424 -37.6468 140.1935 -43.14587 -35.16286 140.1935 -11.50424 -35.16286 140.1935 -39.15698 -37.06422 86.33344 -6.071564 -37.06422 86.33344 -39.15698 -33.51265 86.33344 -6.071564 -33.51265 86.33344 -39.15698 -37.06422 94.54028 -6.071564 -37.06422 88.5265 -39.15698 -33.51265 94.54028 -6.071564 -33.51265 88.5265 -16.36737 -37.06422 94.54028 -16.36737 -33.51265 94.54028 38.56747 -36.77624 86.33344 29.19257 -36.77624 86.33344 38.56747 -33.51265 86.33344 29.19257 -33.51265 86.33344 38.56747 -36.77624 91.01594 29.19257 -36.77624 88.59092 38.56747 -33.51265 91.01594 29.19257 -33.51265 88.59092 31.63165 -36.77624 91.01594 31.63165 -33.51265 91.01594 42.80063 -37.70843 77.22324 42.80063 -35.24781 77.22324 -42.87396 -35.24781 77.22324 -42.87396 -37.70844 77.22324 42.80063 -37.70843 74.32254 -42.87396 -37.70844 74.32254 -42.87396 -35.24781 74.32254 42.80063 -35.24781 74.32254 -38.35376 -36.85114 81.6937 -38.35376 -35.24781 81.6937 -38.35376 -35.24781 77.02341 -38.35376 -36.85114 77.02341 -15.48074 -36.85114 81.6937 -15.48074 -36.85114 77.02341 -15.48074 -35.24781 77.02341 -15.48074 -35.24781 81.6937 15.48111 -36.85114 81.6937 15.48111 -35.24781 81.6937 15.48111 -35.24781 77.02341 15.48111 -36.85114 77.02341 38.35413 -36.85114 81.6937 38.35413 -36.85114 77.02341 38.35413 -35.24781 77.02341 38.35413 -35.24781 81.6937 -24.13107 -40.05051 167.6995 -25.16241 -37.31062 166.6514 -25.16241 -40.05051 166.6514 -24.13107 -37.31062 163.6316 -25.16241 -37.31062 163.6316 -24.13107 -37.31062 167.6995 -24.13107 -40.05051 165.8663 -25.16241 -40.05051 165.8663 -37.67325 -37.31062 163.6316 -37.67325 -40.05051 165.8663 -36.64191 -37.31062 163.6316 -36.64191 -37.31062 166.6514 -36.64191 -40.05051 165.8663 -36.64191 -40.05051 166.6514 -37.67325 -40.05051 167.6995 -37.67325 -37.31062 167.6995 -39.11975 -37.1814 126.1877 -11.392 -37.1814 126.1877 -39.11975 -35.26348 126.1877 -11.392 -35.26348 126.1877 -39.11975 -37.1814 133.7737 -11.392 -37.1814 133.7737 -39.11975 -35.26348 133.7737 -11.392 -35.26348 133.7737 38.60742 -37.96277 107.6083 38.60742 -35.26349 107.6083 32.93945 -37.96277 107.6083 32.93945 -37.96276 117.5944 32.93945 -35.26348 117.5944 32.93945 -35.26349 107.6083 38.60742 -37.96276 117.5944 38.60742 -35.26348 117.5944 33.02765 -37.55105 112.4081 29.45117 -37.55105 112.4081 33.02765 -35.33609 112.4081 27.70404 -35.33609 112.4081 27.70404 -35.78924 112.4081 33.02765 -37.55105 115.2797 29.45117 -37.55105 115.2797 33.02765 -35.33609 115.2797 27.70404 -35.33609 115.2797 27.70404 -35.78924 115.2797 21.53674 -38.49763 54.64564 21.53674 -35.22429 54.64564 21.53674 -35.22429 58.39791 21.53674 -38.49763 58.39791 -1.42746 -38.49763 54.64564 -1.42746 -35.22429 54.64564 17.96295 -40.05051 54.56877 17.96295 -37.31062 54.56877 8.741638 -37.31062 54.56877 8.741638 -40.05051 54.56877 16.93158 -40.05051 53.52066 9.77301 -40.05051 53.52066 17.96295 -40.05051 52.7355 16.93158 -40.05051 52.7355 16.93158 -37.31062 53.52066 17.96295 -37.31062 50.50082 16.93158 -37.31062 50.50082 9.77301 -37.31062 53.52066 8.741638 -40.05051 52.7355 9.77301 -40.05051 52.7355 8.741638 -37.31062 50.50082 9.77301 -37.31062 50.50082 -1.42746 -35.22429 58.39791 -1.42746 -38.49763 58.39791 6.303955 -39.08168 53.88841 8.051086 -36.86672 53.88841 8.051086 -37.31987 53.88841 8.051086 -37.31987 51.07436 8.051086 -36.86672 51.07436 0.2958374 -39.08168 51.07436 6.303955 -39.08168 51.07436 0.2958374 -36.86672 51.07436 0.2958374 -39.08168 53.88841 0.2958374 -36.86672 53.88841 20.94879 -37.69656 47.60353 20.94879 -35.22429 47.60353 20.94879 -35.22429 54.8174 20.94879 -37.69656 54.8174 -0.8728638 -37.69656 47.60353 -0.8728638 -37.69656 54.8174 -0.8728638 -35.22429 54.8174 -0.8728638 -35.22429 47.60353 -1.518341 -37.15809 47.94811 -1.518341 -35.22429 47.94811 -1.518341 -35.22429 58.07423 -1.518341 -37.15809 58.07423 -43.20233 -37.15809 47.94811 -43.20233 -37.15809 58.07423 -43.20233 -35.22429 47.94811 -43.80719 38.27953 157.0818 43.26025 38.27953 157.0818 43.26025 39.28584 173.5061 43.26025 39.28584 157.0818 -43.80719 39.28584 157.0818 -43.80719 39.28584 173.5061 -43.80719 38.27953 144.972 43.26025 38.27953 144.972 -43.80719 36.67997 144.972 43.26025 36.67997 144.972 41.18893 38.57699 133.2761 41.18893 33.96409 133.2761 41.18893 33.96409 113.2942 41.18893 38.57699 113.2942 -11.60797 38.57699 133.2761 -11.60797 38.57699 113.2942 -11.60797 33.96409 113.2942 -11.60797 33.96409 133.2761 -11.47546 38.1758 133.2303 -11.47546 33.96409 133.2303 -11.47546 33.96409 130.1429 -11.47546 38.1758 130.1429 -39.10315 38.1758 133.2303 -39.10315 38.1758 130.1429 -39.10315 33.96409 130.1429 -39.10315 33.96409 133.2303 -39.10315 36.17994 130.3159 -39.10315 36.17994 122.5806 -39.10315 33.96409 122.5806 -39.10315 33.96409 130.3159 -11.47546 36.17994 130.3159 -11.47546 36.17994 122.5806 -11.47546 33.96409 130.3159 -11.47546 33.96409 122.5806 -43.18658 36.53416 86.41547 -43.18658 36.53416 81.60686 -43.18658 33.96408 81.60686 -43.18658 33.96408 86.41547 43.07336 36.53416 86.41547 43.07336 36.53416 81.60686 43.07336 33.96408 86.41547 43.07336 33.96408 81.60686 -38.98322 36.31982 86.29797 -43.44116 36.31982 86.29797 -43.44116 36.31983 133.3397 -38.98322 36.31983 133.3397 -38.98322 33.74974 86.29797 -38.98322 33.74975 133.3397 38.53662 36.31983 133.3397 42.99457 36.31983 133.3397 42.9946 36.31982 86.29797 38.53662 36.31982 86.29797 38.53662 33.74975 133.3397 38.53662 33.74974 86.29797 -43.80719 35.59296 133.1672 43.26025 35.59296 133.1672 -43.80719 36.67997 133.1672 43.26025 36.67997 133.1672 38.53662 -35.92454 86.29797 42.99457 -35.92454 86.29797 42.99457 -35.92453 118.9333 38.53662 -35.92453 118.9333 38.53662 -33.35445 86.29797 38.53662 -33.35445 118.9333 -39.03549 -35.92455 133.3397 -43.44116 -35.92455 133.3397 -43.44119 -35.92455 86.29797 -39.03552 -35.92455 86.29797 -39.03549 -33.35446 133.3397 -39.03552 -33.35447 86.29797 45.79605 -32.53104 58.19696 45.79605 32.66087 58.19695 42.94135 -35.40077 58.19696 -43.82391 -35.40077 58.19696 -43.80719 35.59296 58.19696 43.26025 35.59296 58.19696 45.79605 -32.53104 75.7541 -43.82391 -35.40077 75.7541 43.26025 35.59296 75.7541 45.79605 32.66087 75.7541 42.94135 -35.40077 75.7541 -43.80719 35.59296 75.7541 43.26025 35.59295 16.48001 45.79605 32.66087 16.48002 45.79605 -32.53104 16.48002 -46.34296 32.66087 16.48002 -43.80719 35.59295 16.48001 -46.34296 -32.60718 16.48002 42.94135 -35.40078 16.48002 -43.82391 -35.40078 16.48002</float_array>
          <technique_common>
            <accessor source="#geom-server_data_01-positions-array" count="587" stride="3">
              <param name="X" type="float"/>
              <param name="Y" type="float"/>
              <param name="Z" type="float"/>
            </accessor>
          </technique_common>
        </source>
        <source id="geom-server_data_01-normals">
          <float_array id="geom-server_data_01-normals-array" count="4077">-1 -2.56183e-14 -1.65927e-6 -1 -1.68046e-13 -1.65927e-6 -1 -1.42428e-13 -1.65927e-6 -1 0 -1.65926e-6 -2.53145e-7 -1.01277e-7 -1 -2.53145e-7 -1.01277e-7 -1 -2.53145e-7 -1.01277e-7 -1 2.23184e-7 -1.09662e-7 -1 2.23184e-7 -1.09662e-7 -1 2.23184e-7 -1.09662e-7 -1 0 0 1 0 0 1 0 0 1 0 0 1 0 0 1 0 0 1 -1 0 0 -1 0 0 -1 0 0 -1 0 0 -1.04302e-7 -1.04302e-7 -1 -1.04302e-7 -1.04302e-7 -1 -1.04302e-7 -1.04302e-7 -1 1.09661e-7 -1.09662e-7 -1 1.09661e-7 -1.09662e-7 -1 1.09661e-7 -1.09662e-7 -1 -1.04302e-7 1.04302e-7 1 -1.04302e-7 1.04302e-7 1 -1.04302e-7 1.04302e-7 1 1.09661e-7 1.09662e-7 1 1.09661e-7 1.09662e-7 1 1.09661e-7 1.09662e-7 1 -1 0 0 -1 0 0 -1 0 0 -1 0 0 0 -3.36835e-7 -1 0 -3.36835e-7 -1 0 -3.36835e-7 -1 0 -3.36835e-7 -1 0 0 1 0 0 1 0 0 1 0 0 1 0 1 -9.38872e-8 0 1 -9.38872e-8 0 1 -9.38872e-8 0 1 -9.38872e-8 -1 0 0 -1 0 0 -1 0 0 -1 0 0 0 0 -1 0 0 -1 0 0 -1 0 0 -1 0 0 1 0 0 1 0 0 1 0 0 1 -1 0 0 -1 0 0 -1 0 0 -1 0 0 0 0 -1 0 0 -1 0 0 -1 0 0 -1 0 0 1 0 0 1 0 0 1 0 0 1 -1 0 0 -1 0 0 -1 0 0 -1 0 0 0 0 -1 0 0 -1 0 0 -1 0 0 -1 0 0 1 0 0 1 0 0 1 0 0 1 -1 0 0 -1 0 0 -1 0 0 -1 0 0 0 0 -1 0 0 -1 0 0 -1 0 0 -1 0 0 1 0 0 1 0 0 1 0 0 1 -1 0 0 -1 0 0 -1 0 0 -1 0 0 0 1 0 0 1 0 0 1 0 0 1 0 0 1 0 0 1 0 0 0 -1 0 0 -1 0 0 -1 0 0 -1 0 0 1 0 0 1 0 0 1 0 0 1 -1 0 0 -1 0 0 -1 0 0 -1 0 0 0 0 -1 0 0 -1 0 0 -1 0 0 -1 0 0 1 0 0 1 0 0 1 0 0 1 -1 0 0 -1 0 0 -1 0 0 -1 0 0 0 1 0 0 1 0 0 1 0 0 1 0 0 1 0 0 1 0 0 0 -1 0 0 -1 0 0 -1 0 0 -1 0 0 1 0 0 1 0 0 1 0 0 1 -1 0 0 -1 0 0 -1 0 0 -1 0 0 0 0 -1 0 0 -1 0 0 -1 0 0 -1 -1 0 0 -1 0 0 -1 0 0 -1 0 0 0 0 -1 0 0 -1 0 0 -1 0 0 -1 0 0 -1 0 0 -1 -1 0 0 -1 0 0 -1 0 0 -1 0 0 -1 0 0 -1 0 0 -1 0 0 -1 0 0 -1 0 0 -1 0 0 0 -1 3.18729e-7 0 -1 3.18729e-7 0 -1 3.18729e-7 0 -1 3.18729e-7 0 -1 3.18729e-7 0 -1 3.18729e-7 -1 0 0 -1 0 0 -1 0 0 -1 0 0 0 0 1 0 0 1 0 0 1 0 0 1 -4.54729e-8 1 -9.39393e-8 -4.7085e-8 1 -4.63161e-8 4.90716e-9 1 1.09488e-8 4.09075e-9 1 -4.02395e-9 -5.67565e-7 1 4.30506e-7 -5.7655e-7 1 4.70877e-7 -5.24558e-7 1 -5.06244e-7 -5.18001e-7 1 -5.2847e-7 -1 0 0 -1 0 0 -1 0 0 -1 0 0 -1 0 0 -1 0 0 -1 0 0 -1 0 0 -0.9868647 -1.4123e-8 -0.1615486 -0.9868648 -1.4123e-8 -0.1615486 -0.9868647 -1.4123e-8 -0.1615486 -0.9998242 0.01874766 0 -0.9998243 0.01874766 0 -0.9998243 0.01874766 0 1 0 0 1 0 0 1 0 0 1 0 0 1 0 0 1 0 0 0 1 1.03801e-6 0 1 1.03801e-6 0 1 1.03801e-6 -9.04634e-8 1 -1.48087e-8 -9.04634e-8 1 -1.48087e-8 -9.04634e-8 1 -1.48087e-8 8.91909e-8 -1 0 8.91909e-8 -1 0 8.91909e-8 -1 0 8.91909e-8 -1 0 8.91909e-8 -1 0 8.91909e-8 -1 0 -0.9886471 -0.1502562 1.38701e-8 -0.9886471 -0.1502562 1.38701e-8 -0.9886471 -0.1502562 1.38701e-8 -0.9886471 -0.150256 6.93504e-9 -0.9886471 -0.150256 6.93504e-9 -0.9886471 -0.150256 6.93504e-9 1 3.85485e-6 -3.5584e-13 1 3.85485e-6 -3.5584e-13 1 3.85485e-6 -3.5584e-13 1 3.85485e-6 -5.3376e-13 1 3.85485e-6 -5.3376e-13 1 3.85485e-6 -5.3376e-13 0 0 -1 0 0 -1 0 0 -1 0 0 -1 0 0 -1 0 0 -1 8.91909e-8 7.37874e-8 1 8.91909e-8 7.37874e-8 1 8.91909e-8 7.37874e-8 1 3.39237e-8 6.62553e-7 1 3.39237e-8 6.62553e-7 1 3.39237e-8 6.62553e-7 1 1.05524e-6 -1 4.61548e-8 1.05524e-6 -1 4.61548e-8 1.05524e-6 -1 4.61548e-8 1.05524e-6 -1 4.61548e-8 1.05524e-6 -1 4.61548e-8 1.05524e-6 -1 4.61548e-8 -9.04689e-7 1 -9.23097e-8 -9.04689e-7 1 -9.23097e-8 -9.04689e-7 1 -9.23097e-8 -1.80938e-6 1 -4.61548e-8 -1.80938e-6 1 -4.61548e-8 -1.80938e-6 1 -4.61548e-8 0 0 -1 0 0 -1 0 0 -1 0 0 -1 0 0 -1 0 0 -1 3.95716e-7 2.08074e-7 1 3.95716e-7 2.08074e-7 1 3.95716e-7 2.08074e-7 1 -9.04689e-7 6.15512e-8 1 -9.04689e-7 6.15512e-8 1 -9.04689e-7 6.15512e-8 1 1 0 0 1 0 0 1 0 0 1 0 0 1 0 0 1 0 0 -1 0 0 -1 0 0 -1 0 0 -1 0 0 -1 0 0 -1 0 0 0 0 -1 0 0 -1 0 0 -1 0 0 -1 0 0 -1 0 0 -1 -8.91909e-8 4.21624e-7 1 -8.91909e-8 4.21624e-7 1 -8.91909e-8 4.21624e-7 1 4.83494e-14 -5.42089e-7 1 4.83494e-14 -5.42089e-7 1 4.83494e-14 -5.42089e-7 1 0 1 -9.23097e-8 0 1 -9.23097e-8 0 1 -9.23097e-8 1.05524e-6 1 -1.38465e-7 1.05524e-6 1 -1.38465e-7 1.05524e-6 1 -1.38465e-7 9.13212e-14 -1 1.38465e-7 9.13212e-14 -1 1.38465e-7 9.13212e-14 -1 1.38465e-7 -1.05524e-6 -1 9.23097e-8 -1.05524e-6 -1 9.23097e-8 -1.05524e-6 -1 9.23097e-8 0 0 -1 0 0 -1 0 0 -1 0 0 -1 0 0 -1 0 0 -1 -3.95717e-7 -2.97249e-8 1 -3.95717e-7 -2.97249e-8 1 -3.95717e-7 -2.97249e-8 1 6.59528e-7 8.91747e-8 1 6.59528e-7 8.91747e-8 1 6.59528e-7 8.91747e-8 1 2.97493e-8 -1 8.20727e-9 -2.64532e-9 -1 2.60213e-9 6.15461e-7 -1 -4.07272e-7 6.20505e-7 -1 -4.27641e-7 6.62105e-9 -1 -3.91325e-8 -2.64505e-9 -1 2.60187e-9 7.98708e-8 -1 7.72625e-8 8.11842e-8 -1 7.98588e-8 1 0 0 1 0 0 1 0 0 1 0 0 1 0 0 1 0 0 1 0 0 1 0 0 0 0 -1 0 0 -1 0 0 -1 0 0 -1 0 0 -1 0 0 -1 0 -1 0 0 -1 0 0 -1 0 0 -1 0 0 0 -1 0 0 -1 0 0 -1 0 0 -1 0 0 -1 0 0 -1 0 0 1 0 0 1 0 0 1 0 0 1 0 0 1 0 0 1 0 -1 1.82885e-7 0 -1 1.82885e-7 0 -1 1.82885e-7 0 -1 1.82885e-7 0 1 0 0 1 0 0 1 0 0 1 0 0 0 -1 0 0 -1 0 0 -1 0 0 -1 0 0 -1 0 0 -1 0 -1 0 0 -1 0 0 -1 0 0 -1 0 1 0 0 1 0 0 1 0 0 1 0 0 -2.23184e-7 -1.09662e-7 -1 -2.23184e-7 -1.09662e-7 -1 -2.23184e-7 -1.09662e-7 -1 2.53145e-7 -1.01277e-7 -1 2.53145e-7 -1.01277e-7 -1 2.53145e-7 -1.01277e-7 -1 0 0 1 0 0 1 0 0 1 0 0 1 0 0 1 0 0 1 0 0 1 0 0 1 0 0 1 0 0 1 0 0 1 0 0 1 1 0 0 1 0 0 1 0 0 1 0 0 -1.09663e-7 -1.09662e-7 -1 -1.09663e-7 -1.09662e-7 -1 -1.09663e-7 -1.09662e-7 -1 1.04304e-7 -1.04302e-7 -1 1.04304e-7 -1.04302e-7 -1 1.04304e-7 -1.04302e-7 -1 -1.09663e-7 1.09662e-7 1 -1.09663e-7 1.09662e-7 1 -1.09663e-7 1.09662e-7 1 1.04304e-7 1.04302e-7 1 1.04304e-7 1.04302e-7 1 1.04304e-7 1.04302e-7 1 1 0 0 1 0 0 1 0 0 1 0 0 0 -3.36834e-7 -1 0 -3.36834e-7 -1 0 -3.36834e-7 -1 0 -3.36834e-7 -1 0 0 1 0 0 1 0 0 1 0 0 1 0 1 -9.38872e-8 0 1 -9.38872e-8 0 1 -9.38872e-8 0 1 -9.38872e-8 1 0 0 1 0 0 1 0 0 1 0 0 0 0 -1 0 0 -1 0 0 -1 0 0 -1 0 0 1 0 0 1 0 0 1 0 0 1 1 0 0 1 0 0 1 0 0 1 0 0 0 0 -1 0 0 -1 0 0 -1 0 0 -1 0 0 1 0 0 1 0 0 1 0 0 1 1 0 0 1 0 0 1 0 0 1 0 0 0 0 -1 0 0 -1 0 0 -1 0 0 -1 0 0 1 0 0 1 0 0 1 0 0 1 1 0 0 1 0 0 1 0 0 1 0 0 0 0 -1 0 0 -1 0 0 -1 0 0 -1 0 0 1 0 0 1 0 0 1 0 0 1 1 0 0 1 0 0 1 0 0 1 0 0 0 1 0 0 1 0 0 1 0 0 1 0 0 1 0 0 1 0 0 0 -1 0 0 -1 0 0 -1 0 0 -1 0 0 1 0 0 1 0 0 1 0 0 1 1 0 0 1 0 0 1 0 0 1 0 0 0 0 -1 0 0 -1 0 0 -1 0 0 -1 0 0 1 0 0 1 0 0 1 0 0 1 1 0 0 1 0 0 1 0 0 1 0 0 0 1 0 0 1 0 0 1 0 0 1 0 0 1 0 0 1 0 0 0 -1 0 0 -1 0 0 -1 0 0 -1 0 0 1 0 0 1 0 0 1 0 0 1 1 0 0 1 0 0 1 0 0 1 0 0 0 0 -1 0 0 -1 0 0 -1 0 0 -1 1 0 0 1 0 0 1 0 0 1 0 0 0 0 -1 0 0 -1 0 0 -1 0 0 -1 0 0 -1 0 0 -1 1 0 0 1 0 0 1 0 0 1 0 0 1 0 0 1 0 0 1 0 0 1 0 0 1 0 0 1 0 0 0 -1 3.18729e-7 0 -1 3.18729e-7 0 -1 3.18729e-7 0 -1 3.18729e-7 0 -1 3.18729e-7 0 -1 3.18729e-7 0 0 -1 0 0 -1 0 0 -1 0 0 -1 0 0 -1 0 0 -1 0 0 1 0 0 1 0 0 1 0 0 1 0 0 1 0 0 1 0 1 0 0 1 0 0 1 0 0 1 0 0 0 1 0 0 1 0 0 1 0 0 1 0 0 1 0 0 1 0 -1.423e-7 -1 0 -1.423e-7 -1 0 -1.423e-7 -1 0 -1.423e-7 -1 0 0 1 0 0 1 0 0 1 0 0 1 0 -1 6.50233e-7 0 -1 6.50233e-7 0 -1 6.50233e-7 0 -1 6.50233e-7 1 0 0 1 0 0 1 0 0 1 0 0 0 1 0 0 1 0 0 1 0 0 1 0 -1 0 0 -1 0 0 -1 0 0 -1 0 0 1 0 0 1 0 0 -1 0 0 -1 0 0 0 -1.423e-7 -1 0 -1.423e-7 -1 0 -1.423e-7 -1 0 -1.423e-7 -1 0 0 1 0 0 1 0 0 1 0 0 1 0 -1 6.50233e-7 0 -1 6.50233e-7 0 -1 6.50233e-7 0 -1 6.50233e-7 1 0 0 1 0 0 1 0 0 1 0 0 0 1 0 0 1 0 0 1 0 0 1 0 -1 0 0 -1 0 0 -1 0 0 -1 0 0 1 0 0 1 0 0 -1 0 0 -1 0 0 0 -1 8.29064e-7 0 -1 8.29064e-7 0 -1 8.29064e-7 0 -1 8.29064e-7 0 -1 8.29064e-7 0 -1 8.29064e-7 0 -1 8.29064e-7 0 -1 8.29064e-7 0 -1 8.29064e-7 0 -1 8.29064e-7 0 -1 8.29064e-7 0 -1 8.29064e-7 4.12967e-15 -7.62766e-8 -1 4.12967e-15 -7.62766e-8 -1 4.12967e-15 -7.62766e-8 -1 0 -7.62766e-8 -1 0 -7.62766e-8 -1 0 -7.62766e-8 -1 0 1 0 0 1 0 0 1 0 0 1 0 0 1 0 0 1 0 0 0 -1 0 0 -1 0 0 -1 0 0 -1 0 0 -1 0 0 -1 1 0 0 1 0 0 1 0 0 1 0 0 1 0 0 1 0 0 -1 0 0 -1 0 0 -1 0 0 -1 0 0 -1 0 0 -1 0 0 0 -1 0 0 -1 0 0 -1 0 0 -1 0 0 -1 0 0 -1 0 0 0 1 0 0 1 0 0 1 0 0 1 0 0 1 0 0 1 -0.8579711 0 0.5136979 -0.8579711 0 0.5136979 -0.8579711 0 0.5136979 -0.8579711 0 0.5136979 -0.8579711 0 0.5136979 -0.8579711 0 0.5136979 0.8579711 0 0.5136979 0.8579711 0 0.5136979 0.8579711 0 0.5136979 0.8579711 0 0.5136979 0.8579711 0 0.5136979 0.8579711 0 0.5136979 0 0 1 0 0 1 0 0 1 0 0 1 0 0 1 0 0 1 0 0 1 0 0 1 0 0 1 0 0 1 0 0 1 0 0 1 -9.56145e-14 -1.423e-7 -1 -9.56145e-14 -1.423e-7 -1 -9.56145e-14 -1.423e-7 -1 -9.56145e-14 -1.423e-7 -1 0 0 1 0 0 1 0 0 1 0 0 1 6.7192e-7 1 -6.50233e-7 6.7192e-7 1 -6.50233e-7 6.7192e-7 1 -6.50233e-7 6.7192e-7 1 -6.50233e-7 -1 0 0 -1 0 0 -1 0 0 -1 0 0 -6.7192e-7 -1 0 -6.7192e-7 -1 0 -6.7192e-7 -1 0 -6.7192e-7 -1 0 1 0 0 1 0 0 1 0 0 1 0 0 -1 0 0 -1 0 0 1 0 0 1 0 0 -9.56147e-14 -1.423e-7 -1 -9.56147e-14 -1.423e-7 -1 -9.56147e-14 -1.423e-7 -1 -9.56147e-14 -1.423e-7 -1 0 0 1 0 0 1 0 0 1 0 0 1 6.71922e-7 1 -6.50233e-7 6.71922e-7 1 -6.50233e-7 6.71922e-7 1 -6.50233e-7 6.71922e-7 1 -6.50233e-7 -1 0 0 -1 0 0 -1 0 0 -1 0 0 -6.71922e-7 -1 0 -6.71922e-7 -1 0 -6.71922e-7 -1 0 -6.71922e-7 -1 0 1 0 0 1 0 0 1 0 0 1 0 0 -1 0 0 -1 0 0 1 0 0 1 0 0 0 -1 0 0 -1 0 0 -1 0 0 -1 0 0 -1 0 0 0 -1 0 0 -1 0 0 -1 0 0 -1 0 0 -1 0 0 -1 0 -1 0 -1.8269e-8 -1 9.50845e-8 0 -1 0 -5.80399e-9 -1 8.06912e-8 2.72531e-7 0 -1 2.72531e-7 0 -1 2.72531e-7 0 -1 2.72531e-7 0 -1 2.72531e-7 0 -1 2.72531e-7 0 -1 1 0 0 1 0 0 1 0 0 1 0 0 1 0 0 1 0 0 0 0 -1 0 0 -1 0 0 -1 0 0 -1 0 0 1 0 0 1 0 0 1 0 0 1 0 -1 0 0 -1 0 0 -1 0 0 -1 0 0 -1 0 -1 0 0 -1 0 0 -1 0 0 -1 0 0 -0.7071031 0 -0.7071105 -0.7071031 0 -0.7071105 -0.7071031 0 -0.7071105 -0.7071031 0 -0.7071105 -0.7071031 0 -0.7071105 -0.7071031 0 -0.7071105 0 0 1 0 0 1 0 0 1 0 0 1 0 0 -1 0 0 -1 0 0 -1 0 0 -1 0 0 -1 0 0 -1 8.90508e-8 -1 0 8.90508e-8 -1 0 8.90508e-8 -1 0 8.90508e-8 -1 0 0 0 -1 0 0 -1 0 0 -1 0 0 -1 0 0 -1 0 0 -1 0 0 -1 0 0 -1 0 -1 0 0 -1 0 0 -1 0 0 -1 0 0 -1 0 0 -1 0 0 -1 0 0 -1 0 0 -1 0 0 -1 0 0 0 1 0 0 1 0 0 1 0 0 1 0 0 1 0 0 1 0.2612562 0 0.9652695 0.2612562 0 0.9652695 0 0 1 0 0 1 0 -1 0 0 -1 0 0 -1 0 1 0 0 1 0 0 1 0 0 1 0 0 -1 0 0 -1 0 0 -1 0 0 -1 0 0 0.5043653 0 0.8634905 0.5043653 0 0.8634905 0 -1 0 0 -1 0 -0.3813469 0 0.924432 0 0 1 0 0 1 -0.3813469 0 0.924432 0 -1 0 0 -1 0 0 -1 0 -1 0 0 -1 0 0 -1 0 0 -1 0 0 1 0 0 1 0 0 1 0 0 1 0 0 -0.7050586 0 0.709149 -0.7050586 0 0.709149 0 -1 0 0 -1 0 0 0 1 0 0 1 0 0 1 0 0 1 0 0 -1 0 0 -1 0 0 -1 0 0 -1 0 0 -1 0 0 -1 8.90508e-8 -1 0 8.90508e-8 -1 0 8.90508e-8 -1 0 8.90508e-8 -1 0 -1 0 0 -1 0 0 -1 0 0 -1 0 0 1 0 0 1 0 0 1 0 0 1 0 0 1 0 0 1 0 0 0 -1 1.6336e-6 0 -1 1.6336e-6 0 -1 1.6336e-6 0 -1 1.6336e-6 -1 0 0 -1 0 0 -1 0 0 -1 0 0 1 0 0 1 0 0 1 0 0 1 0 0 1 0 0 1 0 0 0 -1 1.6336e-6 0 -1 1.6336e-6 0 -1 1.6336e-6 0 -1 1.6336e-6 0 0 1 0 0 1 0 0 1 0 0 1 0 -1 0 0 -1 0 0 -1 0 0 -1 0 1 0 0 1 0 0 1 0 0 0 -1 0 0 -1 0 0 -1 0 0 -1 0 0 -1 0 0 -1 0 -1 0 0 -1 0 0 -1 0 0 1 0 0 1 0 0 1 0 0 0 -0.6320428 -0.7749335 0 -0.6320428 -0.7749335 0 -0.6320428 -0.7749335 0 -0.6320428 -0.7749335 0 -0.6320428 -0.7749335 0 -0.6320428 -0.7749335 -1 0 0 -1 0 0 -1 0 0 0 0 -1 0 0 -1 0 0 -1 0 0 -1 -1 0 0 -1 0 0 -1 0 0 0 -1 0 0 -1 0 0 -1 0 0 -1 0 0 -1 0 0 -1 0 1 0 0 1 0 0 1 0 0 -1 0 0 -1 0 0 -1 0 0 0 -0.6320428 -0.7749335 0 -0.6320428 -0.7749335 0 -0.6320428 -0.7749335 0 -0.6320428 -0.7749335 0 -0.6320428 -0.7749335 0 -0.6320428 -0.7749335 1 0 0 1 0 0 1 0 0 0 0 -1 0 0 -1 0 0 -1 0 0 -1 0 0 1 0 0 1 0 0 1 0 0 1 0 -1 0 0 -1 0 0 -1 0 0 -1 0 -1 0 0 -1 0 0 -1 0 0 -1 0 0 1 0 0 1 0 0 1 0 0 1 0 0 -1 0 0 -1 0 0 -1 0 0 -1 0 0 0 -1 7.63998e-7 0 -1 7.63999e-7 0 -1 7.63998e-7 0 -1 7.63999e-7 0 0 -1 0 0 -1 0 0 -1 0 0 -1 0 0 1 0 0 1 0 0 1 0 0 1 0 0 1 0 0 1 0 0 -1 0 0 -1 0 0 -1 -1 0 0 -1 0 0 -1 0 0 -1 0 0 0 0 -1 0 0 -1 0 -1 0 0 -1 0 0 -1 0 0 -1 0 0 0 1 0 0 1 0 0 1 -0.7100587 -0.7041426 0 -0.7100586 -0.7041426 0 -0.7100587 -0.7041426 0 -0.7100586 -0.7041426 0 0 0 1 0 0 1 1 0 0 1 0 0 1 0 0 1 0 0 -1 0 0 -1 0 0 -1 0 0 -1 0 0 0 -1 0 0 -1 0 0 -1 0 0 -1 0 0 0 -1 0 0 -1 0 0 -1 0 0 -1 0 0 1 0 0 1 0 0 1 0 0 1 0 -1 0 0 -1 0 0 -1 0 0 -1 0 1 0 0 1 0 0 1 0 0 0 -1 0 0 -1 0 0 -1 0 0 -1 0 0 -1 0 0 -1 0 -1 0 0 -1 0 0 -1 0 0 1 0 0 1 0 0 1 0 0 0 -0.6320428 -0.7749335 0 -0.6320428 -0.7749335 0 -0.6320428 -0.7749335 0 -0.6320428 -0.7749335 0 -0.6320428 -0.7749335 0 -0.6320428 -0.7749335 -1 0 0 -1 0 0 -1 0 0 0 0 -1 0 0 -1 0 0 -1 0 0 -1 -1 0 0 -1 0 0 -1 0 0 0 -1 0 0 -1 0 0 -1 0 0 -1 0 0 -1 0 0 -1 0 1 0 0 1 0 0 1 0 0 -1 0 0 -1 0 0 -1 0 0 0 -0.6320428 -0.7749335 0 -0.6320428 -0.7749335 0 -0.6320428 -0.7749335 0 -0.6320428 -0.7749335 0 -0.6320428 -0.7749335 0 -0.6320428 -0.7749335 1 0 0 1 0 0 1 0 0 0 0 1 0 0 1 0 0 1 0 0 1 0 0 1 0 0 1 0 0 1 0 0 1 0 0 1 1 0 0 1 0 0 1 0 0 1 0 0 0 0 1 0 0 1 0 -1 0 0 -1 0 0 -1 0 0 -1 0 0 0 -1 0 0 -1 0 0 -1 0.7100586 -0.7041426 0 0.7100586 -0.7041427 0 0.7100586 -0.7041426 0 0.7100586 -0.7041427 0 0 0 -1 0 0 -1 -1 0 0 -1 0 0 -1 0 0 -1 0 0 -1 0 0 -1 0 0 1 0 0 1 0 0 1 0 0 1 0 0 -1 0 0 -1 0 0 -1 0 0 -1 0 0 0 -1 0 0 -1 0 0 -1 0 0 -1 0 0 0 -1 0 0 -1 0 0 -1 0 0 -1 1 0 0 1 0 0 1 0 0 1 0 0 0 -1 0 0 -1 0 0 -1 0 0 -1 0 0 0 -1 0 0 -1 0 0 -1 0 0 -1 0 1 -1.82885e-7 0 1 -1.82885e-7 0 1 -1.82885e-7 0 1 -1.82885e-7 0 1 0 0 1 0 0 1 0 0 1 0 0 1 0 0 1 0 0 1 0 0 1 0 0 1 0 0 1 0 0 1 0 0 1 0 0 0 -1 0 0 -1 0 0 -1 0 0 -1 0 0 -1 0 0 -1 0 0 -1 0 0 -1 0 0 -1 0 0 -1 0 0 -1 0 0 -1 1 0 0 1 0 0 1 0 0 1 0 0 -1 0 0 -1 0 0 -1 0 0 -1 0 0 0 1 0 0 1 0 0 1 0 0 1 0 0 0 1 0 0 1 0 0 1 0 0 1 0 0 -1 0 0 -1 0 0 -1 0 0 -1 0 0 -1 0 0 -1 -1 0 0 -1 0 0 -1 0 0 -1 0 0 0 1 0 0 1 0 0 1 0 0 1 0 0 0 1 0 0 1 0 0 1 0 0 1 0 0 -1 0 0 -1 0 0 -1 0 0 -1 0 0 -1 0 0 -1 0 1 0 0 1 0 0 1 0 0 1 0 0 0 1 0 0 1 0 0 1 0 0 1 0 0 -1 0 0 -1 0 0 -1 0 0 -1 0 0 -1 0 0 -1 -1 0 0 -1 0 0 -1 0 0 -1 0 0 0 1 0 0 1 0 0 1 0 0 1 0 0 0 1 0 0 1 0 0 1 0 0 1 0 0 -1 0 0 -1 0 0 -1 0 0 -1 0 0 -1 0 0 -1 0 1 -1.62183e-7 0 1 -1.62183e-7 0 1 -1.62183e-7 0 1 -1.62183e-7 1 0 0 1 0 0 1 0 0 1 0 0 0 1 -1.62183e-7 0 1 -1.62183e-7 0 1 -1.62183e-7 0 1 -1.62183e-7 -1 0 0 -1 0 0 -1 0 0 -1 0 0 0 1 0 0 1 0 0 1 0 0 1 0 1.75253e-7 0 -1 1.75253e-7 0 -1 1.75253e-7 0 -1 1.75253e-7 0 -1 0 -1 2.33777e-7 0 -1 2.33777e-7 0 -1 2.33777e-7 0 -1 2.33777e-7 -1 0 0 -1 0 0 -1 0 0 -1 0 0 0 -1 1.62183e-7 0 -1 1.62183e-7 0 -1 1.62183e-7 0 -1 1.62183e-7 1 0 -6.48734e-7 1 0 -6.48734e-7 1 0 -6.48734e-7 1 0 -6.48734e-7 -3.21723e-14 -1 1.1805e-7 -1.46216e-14 -1 1.1805e-7 -5.87934e-9 -1 1.1525e-7 1 0 0 1 0 0 1 0 0 1 0 0 8.64298e-15 1 -1.32886e-7 2.32886e-14 1 -1.32886e-7 1.46456e-14 1 -1.32886e-7 0 1 -1.32886e-7 -1.81867e-7 -9.21017e-8 -1 1.96258e-7 -1.08347e-7 -1 6.03364e-7 -1.09378e-7 -1 -6.09319e-7 -5.85149e-8 -1 -1.92286e-7 -9.29615e-8 -1 2.03147e-7 -1.07514e-7 -1 6.17415e-7 -1.06857e-7 -1 -6.84597e-7 -5.84466e-8 -1</float_array>
          <technique_common>
            <accessor source="#geom-server_data_01-normals-array" count="1359" stride="3">
              <param name="X" type="float"/>
              <param name="Y" type="float"/>
              <param name="Z" type="float"/>
            </accessor>
          </technique_common>
        </source>
        <source id="geom-server_data_01-map1">
          <float_array id="geom-server_data_01-map1-array" count="2337">0.9971268 0.9984258 0 0.9657063 0.9984255 0 0.9657068 0.7406327 0 0.9971273 0.7406329 0 0.9992973 0.7494791 0 0.9992968 0.9875621 0 0.9635364 0.9875619 0 0.9635369 0.7494788 0 0.2887596 0.0450896 0 0.2887596 0.06132331 0 0.1637996 0.06132354 0 0.1637996 0.0450896 0 0.1668533 0.03897291 0 0.2857061 0.03897291 0 0.2857061 0.06744033 0 0.1668533 0.06744033 0 0.1273143 0.1316203 0 0.1273133 0.2743802 0 0.01594241 0.2743769 0 0.01594346 0.131617 0 0.6827523 0.1683182 0 0.6827523 0.1617055 0 0.7020993 0.1617057 0 0.7020993 0.1683184 0 0.6827524 0.2378397 0 0.7020992 0.23784 0 0.7020994 0.244452 0 0.6827524 0.2444517 0 0.7054003 0.1683184 0 0.7054002 0.23784 0 0.188042 0.442004 0 0.188042 0.4363945 0 0.2799143 0.4363944 0 0.2799144 0.4420039 0 0.188042 0.451719 0 0.2799143 0.4517191 0 0.2799143 0.4573292 0 0.188042 0.4573292 0 0.1473177 0.5304291 0 0.144894 0.5304291 0 0.1448936 0.308882 0 0.1473173 0.308882 0 0.1553482 0.5304289 0 0.1553478 0.308882 0 0.1581486 0.308882 0 0.158149 0.5304289 0 0.1380789 0.1320326 0 0.1407726 0.1320326 0 0.1407724 0.3060678 0 0.1380786 0.3060677 0 0.1331776 0.1320326 0 0.1331773 0.3060677 0 0.1301066 0.3060676 0 0.1301069 0.1320326 0 0.9036399 0.518033 0 0.9036399 0.5111754 0 0.9277754 0.5111756 0 0.9277754 0.5180337 0 0.9036398 0.5305115 0 0.9277753 0.5305117 0 0.9277751 0.5383288 0 0.9036397 0.5383286 0 0.931199 0.5180337 0 0.9316776 0.5305117 0 0.1523664 0.1319848 0 0.1550603 0.1319848 0 0.1550601 0.3060201 0 0.1523661 0.3060201 0 0.1474653 0.1319847 0 0.147465 0.3060201 0 0.1443943 0.3060201 0 0.1443947 0.1319847 0 0.8675127 0.4321633 0 0.8675127 0.4253047 0 0.8916484 0.4253049 0 0.8916484 0.4321635 0 0.8675127 0.4446399 0 0.8916484 0.4446401 0 0.8916483 0.4524582 0 0.8675126 0.452458 0 0.8950722 0.4321635 0 0.8955508 0.4446401 0 0.131993 0.5313933 0 0.129299 0.5313933 0 0.1292987 0.3093221 0 0.1319926 0.3093221 0 0.1400327 0.5313932 0 0.1400323 0.3093221 0 0.1431028 0.309322 0 0.1431032 0.5313932 0 0.849611 0.7857229 0 0.849611 0.7803265 0 0.9604716 0.7803265 0 0.9604716 0.785723 0 0.9604716 0.8278275 0 0.8496109 0.8278275 0 0.9604716 0.8295687 0 0.8496109 0.8295689 0 0.9604716 0.886469 0 0.849611 0.8864689 0 0.8834519 0.2687794 0 0.8834519 0.248301 0 0.901755 0.248301 0 0.901755 0.2687794 0 0.880921 0.2687794 0 0.880921 0.248301 0 0.1874976 0.692497 0 0.1874985 0.4647576 0 0.294555 0.4647592 0 0.2945542 0.6924986 0 0.001549466 0.9931775 0 0.001550462 0.7194097 0 0.1723855 0.7194125 0 0.1723845 0.9931803 0 0.1723877 0.1034348 0 0.160034 0.6942598 0 0.1600361 0.1285872 0 0.3090532 0.7194144 0 0.001552647 0.1034323 0 0.0139042 0.1285851 0 0.01390215 0.6942576 0 0.3090554 0.1034368 0 0.2955288 0.6942619 0 0.2955309 0.1285892 0 0.185912 0.1285876 0 0.1859099 0.6942604 0 0.1749541 0.7221642 0 0.2878172 0.9448532 0 0.1757933 0.9422073 0 0.2854125 0.9422073 0 0.4334346 0.9969133 0 0.3654114 0.1036343 0 0.3937095 0.6696338 0 0.2878172 0.9969133 0 0.3210865 0.7744083 0 0.4465984 0.1039925 0 0.3665009 0.669737 0 0.1749541 0.7744083 0 0.2867045 0.8858944 0 0.3923765 0.1040612 0 0.3384529 0.6929789 0 0.1747548 0.8858944 0 0.2854125 0.9921016 0 0.4195853 0.103959 0 0.4207225 0.6696655 0 0.1757933 0.9921016 0 0.1750158 0.9130525 0 0.2891044 0.9130525 0 0.4334346 0.9448532 0 0.3210865 0.7221642 0 0.2854125 0.9673598 0 0.1757933 0.9673598 0 0.3654114 0.6929789 0 0.2878172 0.9699172 0 0.4334346 0.9699172 0 0.3937095 0.103959 0 0.3923765 0.669737 0 0.1747548 0.8606268 0 0.2867045 0.8606268 0 0.3384529 0.1036343 0 0.4465984 0.6696655 0 0.1749541 0.7473167 0 0.3210865 0.7473167 0 0.3665009 0.1040615 0 0.4195853 0.6696338 0 0.4207225 0.1039925 0 0.001550519 0.7194097 0 0.1723855 0.7194125 0 0.1723877 0.103435 0 0.1600341 0.69426 0 0.1600361 0.1285876 0 0.001552756 0.1034325 0 0.0139042 0.1285852 0 0.01390215 0.6942579 0 0.3090555 0.103437 0 0.3090533 0.7194144 0 0.2955289 0.6942619 0 0.295531 0.1285893 0 0.185912 0.1285877 0 0.1859099 0.6942605 0 0.174385 0.832574 0 0.3205177 0.832574 0 0.174385 0.8054822 0 0.3205177 0.8054822 0 0.1752772 0.9397828 0 0.2848965 0.9397828 0 0.1752772 0.9150409 0 0.2848965 0.9150409 0 0.1751155 0.7765927 0 0.3212481 0.7765927 0 0.3212481 0.8036844 0 0.1771712 0.8036844 0 0.1750158 0.887302 0 0.2891044 0.887302 0 0.3800254 0.669737 0 0.3800254 0.1040615 0 0.3513208 0.6929789 0 0.3513208 0.1036343 0 0.4072341 0.103959 0 0.4072341 0.6696338 0 0.4330739 0.6696655 0 0.4330739 0.1039925 0 0.1747548 0.8349395 0 0.2867045 0.8349395 0 0.7070358 0.9256377 0 0.7070358 0.9885777 0 0.5470953 0.902959 0 0.5470953 0.840019 0 0.5472221 0.9256377 0 0.001331092 0.06134354 0 0.7048662 0.9974238 0 0.549265 0.8291548 0 0.1632422 0.09309418 0 0.1632423 0.0768606 0 0.2887596 0.0450896 0 0.001331092 0.04510944 0 0.1601882 0.09921115 0 0.004384552 0.03899297 0 0.1065771 0.683916 0 0.1273143 0.1316203 0 0.5493922 0.9974238 0 0.9971273 0.7406329 0 0.9992973 0.7494791 0 0.9657063 0.9984255 0 0.9635364 0.9875619 0 0.7069091 0.902959 0 0.9992968 0.9875621 0 0.1629128 0.06134354 0 0.9635369 0.7494788 0 0.7047389 0.8291548 0 0.004714235 0.0992087 0 0.001660582 0.07685814 0 0.1637996 0.0450896 0 0.1668533 0.03897291 0 0.2887596 0.06132331 0 0.2857061 0.06744033 0 0.2857061 0.03897291 0 0.1668533 0.06744033 0 0.5446676 0.9984418 0 0.1874985 0.4647576 0 0.294555 0.4647592 0 0.01594346 0.131617 0 0.9971268 0.9984258 0 0.6827523 0.1683182 0 0.6827523 0.1617055 0 0.7020993 0.1617057 0 0.7020993 0.1683184 0 0.6827524 0.2378397 0 0.7020992 0.23784 0 0.7020994 0.244452 0 0.6827524 0.2444517 0 0.7054003 0.1683184 0 0.7054002 0.23784 0 0.1473177 0.5304291 0 0.144894 0.5304291 0 0.1448936 0.308882 0 0.1473173 0.308882 0 0.1553482 0.5304289 0 0.1553478 0.308882 0 0.188042 0.442004 0 0.188042 0.4363945 0 0.2799143 0.4363944 0 0.2799144 0.4420039 0 0.188042 0.451719 0 0.2799143 0.4517191 0 0.2799143 0.4573292 0 0.188042 0.4573292 0 0.131993 0.5313933 0 0.129299 0.5313933 0 0.1292987 0.3093221 0 0.1319926 0.3093221 0 0.1581486 0.308882 0 0.158149 0.5304289 0 0.1380789 0.1320326 0 0.1407726 0.1320326 0 0.1407724 0.3060678 0 0.1380786 0.3060677 0 0.1331776 0.1320326 0 0.1331773 0.3060677 0 0.1301066 0.3060676 0 0.1301069 0.1320326 0 0.1523664 0.1319848 0 0.1550603 0.1319848 0 0.1550601 0.3060201 0 0.1523661 0.3060201 0 0.1474653 0.1319847 0 0.147465 0.3060201 0 0.1443943 0.3060201 0 0.1443947 0.1319847 0 0.8675127 0.4321633 0 0.8675127 0.4253047 0 0.8916484 0.4253049 0 0.8916484 0.4321635 0 0.8675127 0.4446399 0 0.8916484 0.4446401 0 0.9036399 0.518033 0 0.9036399 0.5111754 0 0.9277754 0.5111756 0 0.9277754 0.5180337 0 0.9036398 0.5305115 0 0.9277753 0.5305117 0 0.1400327 0.5313932 0 0.8950722 0.4321635 0 0.1400323 0.3093221 0 0.931199 0.5180337 0 0.1431028 0.309322 0 0.1431032 0.5313932 0 0.849611 0.7857229 0 0.9316776 0.5305117 0 0.8916483 0.4524582 0 0.8675126 0.452458 0 0.9277751 0.5383288 0 0.9036397 0.5383286 0 0.849611 0.7803265 0 0.9604716 0.7803265 0 0.9604716 0.785723 0 0.8834519 0.2687794 0 0.9604716 0.8278275 0 0.8955508 0.4446401 0 0.8496109 0.8278275 0 0.8834519 0.248301 0 0.901755 0.248301 0 0.9604716 0.8295687 0 0.8496109 0.8295689 0 0.901755 0.2687794 0 0.5565315 0.01220212 0 0.9604716 0.886469 0 0.849611 0.8864689 0 0.7098798 0.02557475 0 0.880921 0.2687794 0 0.880921 0.248301 0 0.7098798 8.88403e-4 0 0.5621238 0.01220212 0 0.7513822 0.02557415 0 0.751382 8.87508e-4 0 0.7556058 8.87508e-4 0 0.7556058 0.02557391 0 0.7141031 0.02557475 0 0.7141031 8.88284e-4 0 0.5621238 0.02504285 0 0.7141031 0.03403493 0 0.5565315 0.02504285 0 0.7513822 0.03403493 0 0.5173008 0.01220212 0 0.5173008 0.02504285 0 0.5117086 0.02504285 0 0.5117086 0.01220212 0 0.8629146 0.4126745 0 0.8629146 0.4050947 0 0.8731786 0.4050947 0 0.8781912 0.4050947 0 0.8761634 0.4111235 0 0.8774176 0.3954647 0 0.8781912 0.3954647 0 0.8629146 0.3954647 0 0.8731784 0.3954647 0 0.8629146 0.3878849 0 0.9563496 0.1832732 0 0.9563496 0.1926496 0 0.9405968 0.1926496 0 0.9405968 0.1832732 0 0.9545876 0.1796865 0 0.9548382 0.2058073 0 0.9548382 0.1964309 0 0.9423585 0.1796865 0 0.9545876 0.1769994 0 0.9563496 0.1769994 0 0.1598589 0.03899297 0 0.7069091 0.840019 0 0.1637996 0.06132354 0 0.1598589 0.06746021 0 0.004714235 0.07074163 0 0.1877113 0.4305156 0 0.8955295 0.359566 0 0.8726315 0.3595658 0 0.8726317 0.3207093 0 0.8955296 0.3207095 0 0.8955296 0.2748407 0 0.9155743 0.3705748 0 0.9155744 0.3207096 0 0.9155743 0.3595662 0 0.9000398 0.3097008 0 0.9155744 0.3097009 0 0.8955295 0.4054353 0 0.9000397 0.3705747 0 0.9210699 0.3207096 0 0.9210697 0.3595662 0 0.9000398 0.2748407 0 0.8681213 0.3595658 0 0.8681214 0.3207093 0 0.9000397 0.4054353 0 0.8963745 0.4949632 0 0.8734763 0.4949632 0 0.8734764 0.4561062 0 0.8963747 0.4561062 0 0.8963747 0.4102371 0 0.916419 0.5059712 0 0.9164191 0.4561065 0 0.916419 0.4949635 0 0.9008849 0.4450971 0 0.9164193 0.4450973 0 0.8963743 0.5408315 0 0.9008846 0.505971 0 0.9219148 0.4561065 0 0.9219147 0.4949635 0 0.9008849 0.4102371 0 0.8689662 0.494963 0 0.8689663 0.456106 0 0.9008846 0.5408315 0 0.1347042 0.6876953 0 0.1504288 0.6620977 0 0.1504287 0.6876957 0 0.1347044 0.5671108 0 0.1504289 0.5925958 0 0.1504288 0.5671107 0 0.1133406 0.6876949 0 0.1133404 0.5671106 0 0.1118552 0.5671097 0 0.1118554 0.6876949 0 0.1085361 0.6876949 0 0.1085358 0.5671097 0 0.1085358 0.5641343 0 0.1085361 0.6906693 0 0.1545213 0.5975048 0 0.1545213 0.6571894 0 0.1544892 0.6620977 0 0.1544892 0.6876957 0 0.1586327 0.6571896 0 0.1586328 0.5879499 0 0.1586327 0.5975048 0 0.1544894 0.5671107 0 0.9405968 0.1769994 0 0.9423585 0.1769994 0 0.9561793 0.2058073 0 0.9599971 0.1964309 0 0.9594812 0.1832732 0 0.9290978 0.3870509 0 0.9519957 0.387051 0 0.9519956 0.4259075 0 0.9290977 0.4259073 0 0.9090528 0.3870507 0 0.9090527 0.4259073 0 0.9035573 0.425907 0 0.9035574 0.3870507 0 0.9245874 0.4369155 0 0.9090527 0.4369155 0 0.9565058 0.387051 0 0.9565057 0.4259075 0 0.9290978 0.3411816 0 0.9245876 0.3760425 0 0.9245875 0.3411815 0 0.9290977 0.4717761 0 0.9245872 0.4717761 0 0.9090528 0.3760424 0 0.9290979 0.251645 0 0.9519961 0.2516451 0 0.951996 0.2905021 0 0.9290978 0.290502 0 0.9090532 0.2516448 0 0.9090531 0.2905017 0 0.9035574 0.2905017 0 0.9035575 0.2516448 0 0.9245877 0.3015101 0 0.909053 0.3015099 0 0.956506 0.2516451 0 0.9565059 0.2905021 0 0.929098 0.2057762 0 0.924588 0.2406366 0 0.924588 0.2057761 0 0.9290978 0.3363708 0 0.9245877 0.3363706 0 0.9090532 0.2406365 0 0.3234967 0.70051 0 0.6766248 0.3552561 0 0.6766248 0.4481537 0 0.6240484 0.3552555 0 0.4717222 0.7005052 0 0.5283992 0.4481522 0 0.5283995 0.3350196 0 0.6290258 0.3449254 0 0.6290262 0.3246889 0 0.5333771 0.3246836 0 0.6240484 0.3350202 0 0.627683 0.3350202 0 0.627683 0.3552555 0 0.7195216 0.807777 0 0.7195215 0.7959808 0 0.8087063 0.7959808 0 0.8087063 0.8077767 0 0.71455 0.8828589 0 0.8087066 0.8828586 0 0.8087066 0.8946549 0 0.71455 0.8946549 0 0.7145499 0.8177356 0 0.7086616 0.8177356 0 0.5493922 0.9167916 0 0.7048662 0.9167916 0 0.001660469 0.09309217 0 0.5472221 0.9885777 0 0.7047389 0.9138233 0 0.9657068 0.7406327 0 0.1601883 0.07074364 0 0.549265 0.9138233 0 0.004384552 0.06746021 0 0.6934806 0.817115 0 0.6934806 0.8255355 0 0.5471182 0.8255355 0 0.5471182 0.817115 0 0.8593431 0.4784743 0 0.7106018 0.4784743 0 0.7106018 0.4747543 0 0.6934806 0.8007517 0 0.5499785 0.7545847 0 0.5472394 0.7545848 0 0.5472394 0.7386025 0 0.5471182 0.800752 0 0.8651135 0.7528824 0 0.8651135 0.7569121 0 0.8110586 0.7569115 0 0.8110586 0.7528818 0 0.8651135 0.7374085 0 0.8110586 0.7374076 0 0.8651136 0.7332825 0 0.8110586 0.7332819 0 0.9367349 0.428744 0 0.8071159 0.8970049 0 0.8149971 0.9811707 0 0.9499496 0.4287441 0 0.8651136 0.7250453 0 0.8110586 0.7250447 0 0.8110588 0.7165443 0 0.8651136 0.7165451 0 0.7247938 0.1737982 0 0.7247937 0.2517858 0 0.7247938 0.1616436 0 0.738814 0.1737983 0 0.7195544 0.2579159 0 0.7388135 0.2870197 0 0.7388135 0.2991734 0 0.7298281 0.2931497 0 0.735067 0.2991734 0 0.738814 0.1616437 0 0.7187264 0.1737982 0 0.7187263 0.2517858 0 0.7350671 0.2870197 0 0.8890364 0.3773422 0 0.8771873 0.3773423 0 0.8946117 0.3773422 0 0.8890364 0.3613183 0 0.8732567 0.3852625 0 0.8730205 0.3613183 0 0.8674451 0.3613183 0 0.8690898 0.3769638 0 0.8674451 0.3690438 0 0.8946117 0.3613183 0 0.8890364 0.3885107 0 0.8771873 0.3885107 0 0.8730208 0.3690438 0 0.6932787 0.7783244 0 0.6932787 0.7867447 0 0.5469167 0.7867447 0 0.5469167 0.7783244 0 0.6932787 0.7683978 0 0.5469167 0.7683978 0 0.5469167 0.7599773 0 0.6932787 0.7599773 0 0.6816022 0.3449267 0 0.5283995 0.327739 0 0.6816022 0.3522069 0 0.5499787 0.7386024 0 0.5890539 0.7545848 0 0.5890539 0.7386025 0 0.5917927 0.7386025 0 0.5917927 0.7545848 0 0.9208121 0.7781281 0 0.9180731 0.7781281 0 0.9180731 0.762146 0 0.9208121 0.762146 0 0.9598873 0.7781281 0 0.9598873 0.762146 0 0.962626 0.762146 0 0.962626 0.7781281 0 0.6290258 0.3522069 0 0.6240484 0.327739 0 0.9712393 0.4145115 0 0.9665586 0.4145115 0 0.9730299 0.4109815 0 0.9596506 0.4107246 0 0.9643313 0.4107247 0 0.1629128 0.04510944 0 0.9596506 0.4134111 0 0.9743711 0.4109815 0 0.9804113 0.4109816 0 0.9643313 0.4210584 0 0.9712393 0.4207844 0 0.9804113 0.4145117 0 0.9743711 0.4145115 0 0.1877119 0.1325612 0 0.9804113 0.3681693 0 0.9712393 0.3681692 0 0.9804113 0.3716979 0 0.97303 0.3716978 0 0.9743712 0.3716978 0 0.9596508 0.3714399 0 0.9665587 0.3681692 0 0.9712393 0.3618949 0 0.5446681 0.7004879 0 0.9643314 0.37144 0 0.9596508 0.3687538 0 0.9743712 0.3681692 0 0.963299 0.1926496 0 0.9643314 0.3611062 0 0.869647 0.7459114 0 0.869647 0.7393482 0 0.9170159 0.7393482 0 0.9170159 0.7459114 0 0.883111 0.5291852 0 0.8831109 0.5384225 0 0.9170159 0.778435 0 0.8663707 0.7718719 0 0.866051 0.5384223 0 0.8663707 0.7459114 0 0.9170159 0.7718719 0 0.869647 0.7718719 0 0.8660511 0.5291851 0 0.869647 0.778435 0 0.7169204 0.9127908 0 0.9499495 0.5232899 0 0.8660511 0.5005511 0 0.8877223 0.5097885 0 0.8614398 0.5291849 0 0.7090404 0.9811708 0 0.8660511 0.5097883 0 0.8614398 0.5097882 0 0.7090404 0.9127908 0 0.883111 0.5097885 0 0.8071159 0.9127908 0 0.8877223 0.5291852 0 0.9367348 0.5232898 0 0.883111 0.5005512 0 0.9329495 0.428744 0 0.7169204 0.8970049 0 0.7104115 0.161248 0 0.8149971 0.9127908 0 0.8071164 0.9969564 0 0.8071164 0.9811707 0 0.8916323 0.4126868 0 0.8855228 0.4126868 0 0.8916323 0.39528 0 0.8805097 0.40286 0 0.8812834 0.4126868 0 0.8916323 0.4202668 0 0.8812834 0.40286 0 0.9942811 0.358701 0 0.9866649 0.358701 0 0.8855228 0.40286 0 0.8308425 0.8556291 0 0.8308426 0.8490116 0 0.9426084 0.2058073 0 0.9426084 0.1964309 0 0.8481417 0.8490114 0 0.9545876 0.1649002 0 0.9563496 0.1649002 0 0.9412677 0.2058073 0 0.8481417 0.8556299 0 0.9374496 0.1964309 0 0.8275388 0.8556291 0 0.8481416 0.9982762 0 0.8308425 0.9982759 0 0.9374644 0.1832732 0 0.9336473 0.1926496 0 0.8275391 0.9982759 0 0.9405968 0.1649002 0 0.9423585 0.1649002 0 0.7106018 0.5657865 0 0.8593431 0.5657865 0 0.8593431 0.5692308 0 0.7106018 0.5692308 0 0.8593431 0.6254361 0 0.8593431 0.5188714 0 0.8593431 0.5243458 0 0.7106018 0.5243458 0 0.7106018 0.5188714 0 0.7180269 0.161248 0 0.9329494 0.5232898 0 0.716921 0.9969564 0 0.7169204 0.9811708 0 0.5096973 0.01518239 0 0.9537352 0.4287441 0 0.9537349 0.5232899 0 0.5096973 0.02574805 0 0.4553039 0.02574793 0 0.4553039 0.01518239 0 0.5025021 0.01518239 0 0.5025021 0.02574805 0 0.4553039 0.04016088 0 0.7180269 0.3222297 0 0.7104115 0.3222297 0 0.5025021 0.04016088 0 0.7060206 0.161248 0 0.4553039 7.69628e-4 0 0.5025021 7.69628e-4 0 0.8916323 0.40286 0 0.9866649 0.197719 0 0.7060206 0.3222297 0 0.8468937 0.7680291 0 0.8468937 0.7844846 0 0.6951408 0.7844846 0 0.6951408 0.7680291 0 0.8425027 0.7680291 0 0.8425027 0.7844846 0 0.6951408 0.7932799 0 0.8825378 0.3968308 0 0.8825378 0.39528 0 0.8425027 0.7932799 0 0.9942811 0.197719 0 0.6951408 0.7592341 0 0.8425027 0.7592341 0 0.9986711 0.358701 0 0.8805097 0.4126868 0 0.9986711 0.197719 0 0.8825378 0.4202668 0 0.8825378 0.4187161 0 0.7106018 0.6254361 0 0.8593431 0.4747543 0 0.9997051 0.7236848 0 0.9997051 0.7389401 0 0.9439527 0.7389396 0 0.9439527 0.7236843 0 0.9997052 0.7148901 0 0.9439527 0.7148896 0 0.9947612 0.5395526 0 0.9872345 0.5395526 0 0.9872345 0.3785716 0 0.9947612 0.3785716 0 0.9991516 0.5395526 0 0.9991516 0.3785716 0 0.5471182 0.7923315 0 0.6934806 0.7923315 0 0.9665586 0.4284316 0 0.9665587 0.3542477 0 0.7153575 0.7994359 0 0.7086616 0.8828592 0 0.7103864 0.8093948 0 0.1545211 0.6667445 0 0.1545216 0.5879495 0 0.1118554 0.6906693 0 0.1118552 0.5641343 0 0.1586325 0.6667445 0 0.1544895 0.5925962 0 0.5565318 0.00100045 0 0.5565318 0.03624446 0 0.5173008 0.03624446 0 0.5173008 0.00100045 0 0.8591306 0.4050947 0 0.8761634 0.4126743 0 0.8774176 0.4050947 0 0.8761634 0.3894358 0 0.8761634 0.3878849 0 0.8591306 0.3954647 0 0.01594241 0.2743769 0 0.1273133 0.2743802 0 0.4717231 0.8432655 0 0.3234975 0.8432689 0 0.4734002 0.9984413 0 0.4734008 0.7004874 0 0.2945542 0.6924986 0 0.53338 0.1035176 0 0.2857937 0.1325628 0 0.1874976 0.692497 0 0.6816057 0.1035255 0 0.2857928 0.4305163 0 0.1037552 0.689598 0 0.104071 0.5490208 0 0.1065776 0.554827 0 0.01549722 0.6842163 0 0.01549769 0.5548254 0 0.01800438 0.5490195 0 0.01798735 0.6895967 0</float_array>
          <technique_common>
            <accessor source="#geom-server_data_01-map1-array" count="779" stride="3">
              <param name="S" type="float"/>
              <param name="T" type="float"/>
              <param name="P" type="float"/>
            </accessor>
          </technique_common>
        </source>
        <source id="geom-server_data_01-map1-textangents">
          <float_array id="geom-server_data_01-map1-textangents-array" count="4083">1.65927e-6 -3.78802e-6 -1 1.65927e-6 -3.78802e-6 -1 1.65927e-6 -3.78802e-6 -1 1.65926e-6 -3.78802e-6 -1 1 -1.53205e-4 -2.5313e-7 1 -1.53205e-4 -2.5313e-7 1 -1.53205e-4 -2.5313e-7 1 -7.49686e-6 2.23185e-7 1 -7.49686e-6 2.23185e-7 1 -7.49686e-6 2.23185e-7 -1 -9.96233e-7 0 -1 -9.96233e-7 0 -1 -9.96233e-7 0 -1 1.60237e-4 0 -1 1.60237e-4 0 -1 1.60237e-4 0 0 1 3.57046e-7 0 1 -1.04302e-7 0 1 3.57046e-7 0 1 8.18395e-7 0 1 -1.04302e-7 0 1 -1.04302e-7 0 1 -1.04302e-7 0 1 -1.09662e-7 0 1 -1.09662e-7 0 1 -1.09662e-7 9.22739e-7 1 -1.04302e-7 9.22739e-7 1 -1.04302e-7 9.22739e-7 1 -1.04302e-7 0 1 -1.09662e-7 0 1 -1.09662e-7 0 1 -1.09662e-7 0 1 -1.48029e-5 0 1 -1.47358e-5 0 1 -1.48029e-5 0 1 -1.48701e-5 5.76703e-6 1 -3.36835e-7 5.38258e-6 1 -3.36835e-7 5.76703e-6 1 -3.36835e-7 6.15149e-6 1 -3.36835e-7 -5.76763e-6 1 0 -5.38311e-6 1 0 -5.76763e-6 1 0 -6.15215e-6 1 0 1 0 0 1 0 0 1 0 0 1 0 0 0 1 -5.93571e-6 0 1 -5.71964e-6 0 1 -5.93571e-6 0 1 -6.15178e-6 -3.2392e-7 1 0 -3.2392e-7 1 0 -3.2392e-7 1 0 -3.2392e-7 1 0 -1.61943e-7 1 0 0 1 0 -1.61943e-7 1 0 -3.23886e-7 1 0 0 1 1.98122e-12 0 1 3.23862e-7 0 1 1.98122e-12 0 1 -3.23858e-7 -1 0 0 -1 0 0 -1 0 0 -1 0 0 1 0 0 1 0 0 1 0 0 1 0 0 0 -5.55796e-6 1 0 -7.41062e-6 1 0 -5.55796e-6 1 0 -3.70531e-6 1 1 -7.67944e-6 0 1 -1.10456e-5 0 1 -7.67944e-6 0 1 -4.31324e-6 0 -1 -6.05664e-6 0 -1 -2.42266e-6 0 -1 -6.05664e-6 0 -1 -9.69063e-6 0 0 -7.58871e-7 -1 0 -1.51774e-6 -1 0 -7.58871e-7 -1 0 0 -1 9.86295e-6 1 0 1.47942e-5 1 0 9.86295e-6 1 0 4.93173e-6 1 0 -4.93131e-6 1 0 -4.93131e-6 1 0 -4.93131e-6 1 0 -4.93131e-6 1 0 0 1 -9.86214e-6 0 1 -1.47931e-5 0 1 -9.86214e-6 0 1 -4.93121e-6 1 0 0 1 0 0 1 0 0 1 0 0 1 0 0 1 0 0 1 6.04788e-7 0 1 0 0 1 6.04788e-7 0 1 1.20958e-6 0 -1 0 0 -1 0 0 -1 0 0 -1 0 0 0 -7.5887e-6 -1 0 -6.07096e-6 -1 0 -7.5887e-6 -1 0 -9.10644e-6 -1 4.93099e-6 1 0 4.93099e-6 1 0 4.93099e-6 1 0 4.93099e-6 1 0 -4.93069e-6 1 0 -4.93069e-6 1 0 -4.93069e-6 1 0 -4.93069e-6 1 0 0 1 -4.93179e-6 0 1 -4.93179e-6 0 1 -4.93179e-6 0 1 -4.93179e-6 1 0 0 1 0 0 1 0 0 1 0 0 1 0 0 1 0 0 -1 -2.41911e-6 0 -1 0 0 -1 -2.41911e-6 0 -1 -4.83821e-6 0 1 -4.84524e-6 0 1 0 0 1 -4.84524e-6 0 1 -9.69049e-6 0 0 -5.55159e-6 1 0 -7.40212e-6 1 0 -5.55159e-6 1 0 -3.70106e-6 1 2.68397e-7 1 0 5.36795e-7 1 0 2.68397e-7 1 0 0 1 0 0 1 -2.68405e-7 0 1 -5.36811e-7 0 1 -2.68405e-7 0 1 0 0 1 0 0 1 0 0 1 0 -5.36626e-7 1 0 -5.36626e-7 1 0 -5.36626e-7 1 0 0 1 5.36806e-7 0 1 5.36806e-7 0 1 5.36806e-7 0 1 -5.36804e-7 0 1 -5.36804e-7 0 1 -5.36804e-7 0 1 0 0 1 0 0 1 0 0 1 0 -1 0 0 -1 0 0 -1 0 0 -1 0 0 -1 0 0 -1 0 0 0 -1 7.30689e-6 0 -1 7.38734e-6 0 -1 7.30689e-6 0 -1 7.22643e-6 -1 8.19705e-6 0 -1 8.10997e-6 0 -1 8.19705e-6 0 -1 8.28414e-6 0 -1 -4.54735e-8 -6.9943e-6 -1 -4.70855e-8 -9.98496e-6 -1 4.90724e-9 -6.75707e-6 -1 4.09073e-9 -3.5355e-6 -1 -5.6756e-7 -1.07191e-5 -1 -5.76545e-7 -1.08747e-5 -1 -5.24564e-7 -1.09564e-5 -1 -5.18007e-7 -1.10317e-5 0 -1 -3.86458e-6 0 -1 -3.62377e-6 0 -1 -4.06086e-6 0 -1 -4.3474e-6 0 -1 -9.34388e-6 0 -1 -9.59296e-6 0 -1 -9.1476e-6 0 -1 -8.85278e-6 -1.91908e-15 -1 8.74228e-8 -2.32816e-15 -1 8.74228e-8 -1.04257e-15 -1 8.74228e-8 -0.01874766 -0.9998242 4.45795e-8 -0.01874766 -0.9998242 4.45795e-8 -0.01874766 -0.9998242 4.45795e-8 0 1 -8.74228e-8 0 1 -8.74228e-8 0 1 -8.74228e-8 0 1 -8.91747e-8 0 1 -8.91747e-8 0 1 -8.91747e-8 -1 0 0 -1 0 0 -1 0 0 -1 -9.04634e-8 3.39238e-8 -1 -9.04634e-8 3.39238e-8 -1 -9.04634e-8 3.39238e-8 1 8.91909e-8 -7.97429e-15 1 8.91909e-8 -7.97429e-15 1 8.91909e-8 -7.97429e-15 1 8.91909e-8 0 1 8.91909e-8 0 1 8.91909e-8 0 0.1502562 -0.9886471 0 0.1502562 -0.9886471 0 0.1502562 -0.9886471 0 0.150256 -0.9886471 5.95483e-8 0.150256 -0.9886471 5.95483e-8 0.150256 -0.9886471 5.95483e-8 -3.85485e-6 1 -6.62553e-7 -3.85485e-6 1 -6.62553e-7 -3.85485e-6 1 -6.62553e-7 -3.85485e-6 1 0 -3.85485e-6 1 0 -3.85485e-6 1 0 -1 -8.91909e-8 0 -1 -8.91909e-8 0 -1 -8.91909e-8 0 -1 9.04634e-8 0 -1 9.04634e-8 0 -1 9.04634e-8 0 -1 -8.91909e-8 8.91909e-8 -1 -8.91909e-8 8.91909e-8 -1 -8.91909e-8 8.91909e-8 -1 -9.04634e-8 3.39238e-8 -1 -9.04634e-8 3.39238e-8 -1 -9.04634e-8 3.39238e-8 1 1.05524e-6 0 1 1.05524e-6 0 1 1.05524e-6 0 1 1.05524e-6 8.33714e-6 1 1.05524e-6 8.33714e-6 1 1.05524e-6 8.33714e-6 -1 -9.04689e-7 -9.04689e-7 -1 -9.04689e-7 -9.04689e-7 -1 -9.04689e-7 -9.04689e-7 -1 -1.80938e-6 0 -1 -1.80938e-6 0 -1 -1.80938e-6 0 0 -1 0 0 -1 0 0 -1 0 -0.01874766 -0.9998242 0 -0.01874766 -0.9998242 0 -0.01874766 -0.9998242 0 0 -1 2.08074e-7 0 -1 2.08074e-7 0 -1 2.08074e-7 -0.01874766 -0.9998242 4.45795e-8 -0.01874766 -0.9998242 4.45795e-8 -0.01874766 -0.9998242 4.45795e-8 0 1 0 0 1 0 0 1 0 0 1 -4.21624e-7 0 1 -4.21624e-7 0 1 -4.21624e-7 0 -1 -5.42089e-7 0 -1 -5.42089e-7 0 -1 -5.42089e-7 0 -1 0 0 -1 0 0 -1 0 1 0 0 1 0 0 1 0 0 1 0 0 1 0 0 1 0 0 1 0 8.91909e-8 1 0 8.91909e-8 1 0 8.91909e-8 1 8.91909e-8 0 1 8.91909e-8 0 1 8.91909e-8 0 -1 0 0 -1 0 0 -1 0 0 -1 1.05524e-6 -3.95717e-7 -1 1.05524e-6 -3.95717e-7 -1 1.05524e-6 -3.95717e-7 1 0 -6.59528e-7 1 0 -6.59528e-7 1 0 -6.59528e-7 1 -1.05524e-6 0 1 -1.05524e-6 0 1 -1.05524e-6 0 0 1 0 0 1 0 0 1 0 0 1 0 0 1 0 0 1 0 0 1 2.97249e-8 0 1 2.97249e-8 0 1 2.97249e-8 0 1 -8.91747e-8 0 1 -8.91747e-8 0 1 -8.91747e-8 1 2.97493e-8 -2.96293e-6 1 -2.64534e-9 -5.24004e-6 1 6.15462e-7 -2.95473e-6 1 6.20505e-7 -2.17606e-7 1 6.62152e-9 -1.20881e-5 1 -2.64507e-9 -8.92849e-6 1 7.98698e-8 -1.20963e-5 1 8.11829e-8 -1.57159e-5 0 1 -4.30011e-6 0 1 -3.47845e-6 0 1 -4.76114e-6 0 1 -5.4648e-6 0 1 -9.78153e-6 0 1 -8.28946e-6 0 1 -9.3205e-6 0 1 -1.09306e-5 1 0 0 1 0 0 1 0 0 1 0 0 1 0 0 1 0 0 -1 0 6.90554e-6 -1 0 7.596e-6 -1 0 6.90554e-6 -1 0 6.21508e-6 1 0 0 1 0 0 1 0 0 1 0 0 1 0 0 1 0 0 -1 6.4597e-6 0 -1 6.4597e-6 0 -1 6.4597e-6 0 -1 7.59633e-6 0 -1 7.59633e-6 0 -1 7.59633e-6 0 1 2.51483e-12 1.37509e-5 1 2.93702e-12 1.60594e-5 1 2.51483e-12 1.37509e-5 1 2.09265e-12 1.14424e-5 1 0 0 1 0 0 1 0 0 1 0 0 1 0 0 1 0 0 1 0 0 1 0 0 1 0 0 1 0 0 1 0 0 1 0 0 1 0 0 1 0 0 0 -3.78802e-6 -1 0 -3.78802e-6 -1 0 -3.78802e-6 -1 0 -3.78802e-6 -1 -1 -7.49686e-6 2.23185e-7 -1 -7.49686e-6 2.23185e-7 -1 -7.49686e-6 2.23185e-7 -1 -1.53205e-4 -2.5313e-7 -1 -1.53205e-4 -2.5313e-7 -1 -1.53205e-4 -2.5313e-7 1 0 0 1 0 0 1 0 0 1 0 0 1 0 0 1 0 0 1 1.60241e-4 0 1 1.60241e-4 0 1 1.60241e-4 0 1 -9.96257e-7 0 1 -9.96257e-7 0 1 -9.96257e-7 0 0 1 3.57046e-7 0 1 8.18395e-7 0 1 3.57046e-7 0 1 -1.04302e-7 0 1 -1.09662e-7 0 1 -1.09662e-7 0 1 -1.09662e-7 0 1 -1.04302e-7 0 1 -1.04302e-7 0 1 -1.04302e-7 0 1 -1.09662e-7 0 1 -1.09662e-7 0 1 -1.09662e-7 -9.22723e-7 1 -1.04302e-7 -9.22723e-7 1 -1.04302e-7 -9.22723e-7 1 -1.04302e-7 0 1 -1.48115e-5 0 1 -1.48701e-5 0 1 -1.48115e-5 0 1 -1.4753e-5 -5.76694e-6 1 -3.36834e-7 -6.15139e-6 1 -3.36834e-7 -5.76694e-6 1 -3.36834e-7 -5.38249e-6 1 -3.36834e-7 5.76754e-6 1 0 6.15205e-6 1 0 5.76754e-6 1 0 5.38302e-6 1 0 -1 0 0 -1 0 0 -1 0 0 -1 0 0 0 1 -5.93571e-6 0 1 -6.15178e-6 0 1 -5.93571e-6 0 1 -5.71964e-6 3.2392e-7 1 0 3.2392e-7 1 0 3.2392e-7 1 0 3.2392e-7 1 0 1.61943e-7 1 0 3.23886e-7 1 0 1.61943e-7 1 0 0 1 0 0 1 1.98122e-12 0 1 -3.23858e-7 0 1 1.98122e-12 0 1 3.23862e-7 1 0 0 1 0 0 1 0 0 1 0 0 -1 0 0 -1 0 0 -1 0 0 -1 0 0 0 -5.55796e-6 1 0 -3.70531e-6 1 0 -5.55796e-6 1 0 -7.41062e-6 1 -1 -7.67929e-6 0 -1 -4.31316e-6 0 -1 -7.67929e-6 0 -1 -1.10454e-5 0 1 -6.05654e-6 0 1 -9.69046e-6 0 1 -6.05654e-6 0 1 -2.42262e-6 0 0 -7.58871e-7 -1 0 0 -1 0 -7.58871e-7 -1 0 -1.51774e-6 -1 -9.86295e-6 1 0 -4.93173e-6 1 0 -9.86295e-6 1 0 -1.47942e-5 1 0 4.93138e-6 1 0 4.93138e-6 1 0 4.93138e-6 1 0 4.93138e-6 1 0 0 1 -9.86214e-6 0 1 -4.93121e-6 0 1 -9.86214e-6 0 1 -1.47931e-5 -1 0 0 -1 0 0 -1 0 0 -1 0 0 -1 0 0 -1 0 0 -1 6.04776e-7 0 -1 1.20955e-6 0 -1 6.04776e-7 0 -1 0 0 1 0 0 1 0 0 1 0 0 1 0 0 0 -7.5887e-6 -1 0 -9.10644e-6 -1 0 -7.5887e-6 -1 0 -6.07096e-6 -1 -4.93099e-6 1 0 -4.93099e-6 1 0 -4.93099e-6 1 0 -4.93099e-6 1 0 4.93076e-6 1 0 4.93076e-6 1 0 4.93076e-6 1 0 4.93076e-6 1 0 0 1 -4.93179e-6 0 1 -4.93179e-6 0 1 -4.93179e-6 0 1 -4.93179e-6 -1 0 0 -1 0 0 -1 0 0 -1 0 0 -1 0 0 -1 0 0 1 -2.41915e-6 0 1 -4.8383e-6 0 1 -2.41915e-6 0 1 0 0 -1 -4.84533e-6 0 -1 -9.69065e-6 0 -1 -4.84533e-6 0 -1 0 0 0 -5.55159e-6 1 0 -3.70106e-6 1 0 -5.55159e-6 1 0 -7.40212e-6 1 -2.68392e-7 1 0 0 1 0 -2.68392e-7 1 0 -5.36785e-7 1 0 0 1 -2.68405e-7 0 1 0 0 1 -2.68405e-7 0 1 -5.36811e-7 5.3669e-7 1 0 5.3669e-7 1 0 5.3669e-7 1 0 0 1 0 0 1 0 0 1 0 0 1 -5.36804e-7 0 1 -5.36804e-7 0 1 -5.36804e-7 0 1 5.36806e-7 0 1 5.36806e-7 0 1 5.36806e-7 0 1 0 0 1 0 0 1 0 0 1 0 1 0 0 1 0 0 1 0 0 1 0 0 1 0 0 1 0 0 -1 -7.87136e-6 0 -1 -7.87136e-6 0 -1 -7.87136e-6 0 -1 -6.21508e-6 0 -1 -6.21508e-6 0 -1 -6.21508e-6 0 1 0 0 1 0 0 1 0 0 1 0 0 1 0 0 1 0 0 1 0 0 1 0 0 1 0 0 1 0 0 1 0 0 1 0 0 1 0 0 1 0 0 1 0 0 1 0 0 5.19784e-6 -1 1.423e-7 5.19784e-6 -1 1.423e-7 5.19784e-6 -1 1.423e-7 5.19784e-6 -1 1.423e-7 0 1 0 0 1 0 0 1 0 0 1 0 2.9689e-6 6.50233e-7 1 2.9689e-6 6.50233e-7 1 2.9689e-6 6.50233e-7 1 2.9689e-6 6.50233e-7 1 0 -3.01037e-6 1 0 4.66979e-6 1 0 4.14443e-6 1 0 -8.35563e-6 1 0 0 -1 0 0 -1 0 0 -1 0 0 -1 0 -3.43563e-6 1 0 -4.59494e-6 1 0 -3.04541e-6 1 0 0 1 0 -1.01652e-5 1 0 0 1 0 -2.6552e-6 1 0 -2.99177e-6 1 0 -1 1.423e-7 0 -1 1.423e-7 0 -1 1.423e-7 0 -1 1.423e-7 0 1 0 0 1 0 0 1 0 0 1 0 5.93775e-6 6.50233e-7 1 5.93775e-6 6.50233e-7 1 5.93775e-6 6.50233e-7 1 5.93775e-6 6.50233e-7 1 0 -1.21305e-5 1 0 8.50023e-6 1 0 7.54394e-6 1 0 -2.85111e-5 1 2.639e-5 0 -1 2.639e-5 0 -1 2.639e-5 0 -1 2.639e-5 0 -1 0 3.58862e-5 1 0 3.32422e-5 1 0 1.49153e-5 1 0 0 1 0 -3.18049e-5 1 0 0 1 0 -6.05561e-6 1 0 -6.82321e-6 1 1.13539e-5 8.29064e-7 1 1.13539e-5 8.29064e-7 1 1.13539e-5 8.29064e-7 1 1.1917e-5 8.29064e-7 1 1.1917e-5 8.29064e-7 1 1.1917e-5 8.29064e-7 1 -1.17572e-5 8.29064e-7 1 -1.17572e-5 8.29064e-7 1 -1.17572e-5 8.29064e-7 1 -3.78463e-6 8.29064e-7 1 -3.78463e-6 8.29064e-7 1 -3.78463e-6 8.29064e-7 1 9.74955e-6 -1 7.62766e-8 9.74955e-6 -1 7.62766e-8 9.74955e-6 -1 7.62766e-8 5.57116e-6 -1 7.62766e-8 5.57116e-6 -1 7.62766e-8 5.57116e-6 -1 7.62766e-8 0 0 -1 0 0 -1 0 0 -1 0 0 -1 0 0 -1 0 0 -1 3.0052e-4 -1 0 3.0052e-4 -1 0 3.0052e-4 -1 0 0 -1 0 0 -1 0 0 -1 0 0 0 -1 0 0 -1 0 0 -1 0 0 -1 0 0 -1 0 0 -1 0 0 -1 0 0 -1 0 0 -1 0 0 -1 0 0 -1 0 0 -1 8.45557e-5 0 1 8.45557e-5 0 1 8.45557e-5 0 1 -4.03869e-6 0 1 -4.03869e-6 0 1 -4.03869e-6 0 1 0 1 0 0 1 0 0 1 0 0 1 0 0 1 0 0 1 0 1.48711e-5 1 2.48374e-5 1.48711e-5 1 2.48374e-5 1.48711e-5 1 2.48374e-5 0 1 0 0 1 0 0 1 0 2.23063e-5 1 -3.72557e-5 2.23063e-5 1 -3.72557e-5 2.23063e-5 1 -3.72557e-5 0 1 0 0 1 0 0 1 0 0 1 0 0 1 0 0 1 0 5.7899e-5 1 0 5.7899e-5 1 0 5.7899e-5 1 0 0 1 0 0 1 0 0 1 0 2.89501e-5 1 0 2.89501e-5 1 0 2.89501e-5 1 0 3.8984e-6 -1 1.423e-7 5.19786e-6 -1 1.423e-7 3.8984e-6 -1 1.423e-7 2.59894e-6 -1 1.423e-7 1.08289e-5 1 0 2.16578e-5 1 0 1.08289e-5 1 0 0 1 0 2.9689e-6 -6.50235e-7 -1 0 -6.50233e-7 -1 2.9689e-6 -6.50235e-7 -1 5.93781e-6 -6.50237e-7 -1 0 7.72471e-6 -1 0 -8.3901e-7 -1 0 -7.44621e-7 -1 0 1.58689e-5 -1 0 0 1 0 0 1 0 0 1 0 0 1 0 9.72841e-6 -1 0 1.30317e-5 -1 0 2.04968e-6 -1 0 -1.31948e-5 -1 0 1.6194e-5 -1 0 0 -1 0 -5.62906e-6 -1 0 -4.66995e-6 -1 2.59889e-6 -1 1.423e-7 2.59889e-6 -1 1.423e-7 2.59889e-6 -1 1.423e-7 2.59889e-6 -1 1.423e-7 0 1 0 0 1 0 0 1 0 0 1 0 5.93774e-6 -6.50237e-7 -1 5.93774e-6 -6.50237e-7 -1 5.93774e-6 -6.50237e-7 -1 5.93774e-6 -6.50237e-7 -1 0 1.69624e-5 -1 0 2.99193e-6 -1 0 4.13985e-6 -1 0 2.58313e-5 -1 0 0 1 0 0 1 0 0 1 0 0 1 0 3.39483e-6 -1 0 6.69824e-6 -1 0 -1.11711e-6 -1 0 -1.3195e-5 -1 0 2.97849e-5 -1 0 1.3195e-5 -1 0 -5.62906e-6 -1 0 -4.66995e-6 -1 1 0 -6.22538e-6 1 0 -5.62198e-6 1 0 -4.31013e-6 1 0 -3.85507e-6 1 0 -2.99828e-6 1 0 0 1 0 0 1 0 0 1 1.18835e-5 0 1 1.18835e-5 0 1 1.18835e-5 0 1 0 -3.30501e-6 1 -1.82706e-8 -1.74047e-5 1 0 -1.18841e-5 1 -5.80578e-9 -2.21466e-5 1 3.57756e-6 2.72531e-7 1 3.57756e-6 2.72531e-7 1 3.57756e-6 2.72531e-7 1 0 2.72531e-7 1 0 2.72531e-7 1 0 2.72531e-7 0 1 0 0 1 0 0 1 0 0 1 0 0 1 0 0 1 0 1 -1.00092e-6 0 1 0 0 1 -1.00092e-6 0 1 -2.00183e-6 0 1 6.32027e-7 0 1 1.26405e-6 0 1 6.32027e-7 0 1 0 0 1 0 8.10067e-6 1 0 2.00181e-6 1 0 1.63295e-6 1 0 1.11501e-5 1 0 2.10361e-5 0 -1 1.51588e-5 0 -1 0 0 -1 1.51588e-5 0 -1 3.03176e-5 0.4999912 -0.707123 -0.4999859 0.4999911 -0.707123 -0.4999859 0.4999912 -0.707123 -0.4999859 0.4999932 -0.7071201 -0.4999879 0.4999932 -0.7071201 -0.4999879 0.4999932 -0.7071201 -0.4999879 1 4.45254e-8 0 1 0 0 1 4.45254e-8 0 1 8.90508e-8 0 1 -7.24143e-7 0 1 -7.24143e-7 0 1 -7.24143e-7 0 1 0 0 1 0 0 1 0 0 1 8.90508e-8 4.06593e-7 1 8.90508e-8 0 1 8.90508e-8 4.06593e-7 1 8.90508e-8 8.13186e-7 -1 -5.50488e-6 0 -1 -5.50488e-6 0 -1 -5.50488e-6 0 -1 -5.50488e-6 0 -1 -6.60592e-6 0 -1 -7.7071e-6 0 -1 -6.60592e-6 0 -1 -5.50475e-6 0 -1 0 6.60543e-6 -1 0 5.50448e-6 -1 0 6.60543e-6 -1 0 7.70639e-6 -1 0 5.50454e-6 -1 0 5.50454e-6 -1 0 5.50454e-6 -1 0 5.50454e-6 -1 0 5.50454e-6 -1 0 5.50454e-6 -1 5.50454e-6 0 -1 5.50454e-6 0 -1 5.50454e-6 0 -1 7.70658e-6 0 -1 7.70658e-6 0 -1 7.70658e-6 0 0.156647 -0.9544966 -0.04239747 0 -1 0 0 -1 0 0 -1 0 -1.36657e-5 0 -1 -9.11044e-6 0 -1 -3.7141e-6 0 -1 0 0 -1 0 0 -1 0 0 -1 0 0 -1 0 3.71384e-6 -1 0 3.71384e-6 -1 0 3.71384e-6 -1 0 3.71384e-6 -1 0.4355129 -0.8634915 -0.2543833 0.4355103 -0.8634933 -0.2543818 0.4699381 -0.8634915 -0.1271917 -1.18086e-5 0 -1 0 0 -1 0.7717271 -0.2350134 0.3183531 1 5.02241e-6 0 1 2.51121e-6 0 0.8545745 0 0.3525293 1 0 2.51126e-6 1 0 5.02251e-6 1 0 1.56132e-5 0 -1 0 0 -1 0 0 -1 0 0 -1 0 0 1 0 0 1 0 0 1 0 0 1 0 0.5028982 -0.7050503 0.4999975 0.6060277 -0.7050503 0.2499987 0.5028945 -0.7050555 0.4999938 1 0 2.09085e-5 1 0 4.18171e-5 1 4.45254e-8 0 1 0 0 1 4.45254e-8 0 1 8.90508e-8 0 1 8.90508e-8 0 1 8.90508e-8 0 1 8.90508e-8 0 1 0 0 1 0 0 1 0 0 1 8.90508e-8 0 1 8.90508e-8 0 1 8.90508e-8 0 1 8.90508e-8 0 0 -1 2.17267e-5 0 -1 2.17266e-5 0 -1 2.17267e-5 0 -1 2.17267e-5 0 1 0 0 1 0 0 1 0 0 1 0 0 1 0 0 1 0 1 -2.48793e-12 -1.52297e-6 1 -2.48793e-12 -1.52297e-6 1 -2.48793e-12 -1.52297e-6 1 -2.48793e-12 -1.52297e-6 0 -1 0 0 -1 0 0 -1 0 0 -1 0 0 1 0 0 1 0 0 1 0 0 1 0 0 1 0 0 1 0 1 0 0 1 0 0 1 0 0 1 0 0 0 -1 0 0 -1 0 0 -1 0 0 -1 0 2.07271e-4 0 -1 2.12799e-4 0 -1 2.07271e-4 0 -1 2.01744e-4 0 -1 0 -1 0 0 -1 0 0 -1 0 0 0 -1 0 0 -1 0 0 -1 0 0 -1 0 0 -1 0 0 -1 0 1 1.27156e-5 0 1 1.27156e-5 0 1 1.27156e-5 0 -1 -3.80382e-5 0 -1 -3.80382e-5 0 -1 -3.80382e-5 -9.85059e-6 0.7749335 -0.6320428 -9.85059e-6 0.7749335 -0.6320428 -9.85059e-6 0.7749335 -0.6320428 -9.85059e-6 0.7749335 -0.6320428 -9.85059e-6 0.7749335 -0.6320428 -9.85059e-6 0.7749335 -0.6320428 0 1 3.42654e-5 0 1 3.42654e-5 0 1 3.42654e-5 -1.27138e-5 1 0 -1.27138e-5 1 0 -1.27138e-5 1 0 -1.27138e-5 1 0 0 -1 0 0 -1 0 0 -1 0 0 0 -1 0 0 -1 0 0 -1 0 0 -1 0 0 -1 0 0 -1 0 1 -1.2718e-5 0 1 -1.2718e-5 0 1 -1.2718e-5 0 -1 4.57741e-5 0 -1 4.57741e-5 0 -1 4.57741e-5 -9.85475e-6 0.7749335 -0.6320428 -9.85475e-6 0.7749335 -0.6320428 -9.85475e-6 0.7749335 -0.6320428 -9.85475e-6 0.7749335 -0.6320428 -9.85475e-6 0.7749335 -0.6320428 -9.85475e-6 0.7749335 -0.6320428 0 1 6.36996e-5 0 1 6.36996e-5 0 1 6.36996e-5 1 0 0 1 0 0 1 0 0 1 0 0 1 0 0 1 0 0 1 0 0 1 0 0 1 0 0 1 0 0 1 0 0 1 0 0 0 -1 0 0 -1 0 0 -1 0 0 -1 0 0 -4.25232e-6 -1 0 -4.25232e-6 -1 0 -4.25232e-6 -1 0 -4.25232e-6 -1 0 2.72434e-6 -1 0 2.72434e-6 -1 0 2.72434e-6 -1 0 2.72434e-6 -1 -3.48828e-6 -7.63998e-7 -1 -3.48828e-6 -7.63999e-7 -1 -3.48828e-6 -7.63998e-7 -1 -3.48828e-6 -7.63999e-7 -1 0 1 0 0 1 0 0 1 0 0 1 0 -1.29051e-5 -1 0 -1.29051e-5 -1 0 -1.29051e-5 -1 0 -1.29051e-5 -1 0 -1.29051e-5 -1 0 -1.29051e-5 -1 0 1 0 0 1 0 0 1 1.83102e-6 0 0 -1 0 0 -1 0 0 -1 0 0 -1 0 1 2.74652e-6 0 1 5.49305e-6 0 1 0 0 1 0 0 1 0 0 1 0 0 1 0 0 1 1.49373e-5 0 1 0 0 0.7041425 -0.7100587 0 0.7041426 -0.7100586 0 0.7041425 -0.7100587 0 0.7041426 -0.7100586 0 1 2.24059e-5 0 1 4.48118e-5 0 0 1 0 0 1 0 0 1 0 0 1 0 0 -1 0 0 -1 0 0 -1 0 0 -1 0 1 0 0 1 0 0 1 0 0 1 0 0 1 0 0 1 0 0 1 0 0 1 0 0 1 0 0 1 0 0 1 0 0 1 0 0 1 0 0 1 0 0 1 0 0 1 0 0 0 0 -1 0 0 -1 0 0 -1 1 0 0 1 0 0 1 0 0 1 0 1.72206e-5 1 0 1.72206e-5 1 0 1.72206e-5 0 0 -1 0 0 -1 0 0 -1 0 0 -1 0 0 -1 0 0 -1 1 0 0 1 0 0 1 0 0 1 0 0 1 0 0 1 0 0 0 0 -1 0 0 -1 0 0 -1 1 0 0 1 0 0 1 0 0 1 0 0 0 0 1 0 0 1 0 0 1 1 0 0 1 0 0 1 0 0 1 0 -1.72206e-5 1 0 -1.72206e-5 1 0 -1.72206e-5 0 0 1 0 0 1 0 0 1 0 0 1 0 0 1 0 0 1 1 0 0 1 0 0 1 0 0 1 0 0 1 0 0 1 0 0 0 0 1 0 0 1 0 0 1 1 0 0 1 0 0 1 0 0 1 0 0 1 0 0 1 0 0 1 4.49189e-6 0 1 0 0 1 3.40204e-5 0 0 1 0 0 1 0 0 1 0 0 1 0 1 5.10306e-5 0 1 9.30775e-5 0 1 0 0 1 0 0 1 0 0 1 0 0 1 0 0 1 6.3318e-5 0 1 0 0 0.7041426 0.7100586 0 0.7041426 0.7100586 0 0.7041426 0.7100586 0 0.7041426 0.7100586 0 1 9.49769e-5 0 1 1.89954e-4 0 0 -1 0 0 -1 0 0 -1 0 0 -1 0 0 -1 0 0 -1 0 0 -1 -7.05897e-6 0 -1 0 0 -1 -7.05897e-6 0 -1 -1.41179e-5 0 1 -1.40905e-5 0 1 0 0 1 -1.40905e-5 0 1 -2.81809e-5 -1 0 -9.18452e-6 -1 0 -1.03873e-5 -1 0 -9.18452e-6 -1 0 -7.98176e-6 -1 3.99097e-6 0 -1 7.98193e-6 0 -1 3.99097e-6 0 -1 0 0 0 6.87888e-6 1 0 -6.88037e-6 1 0 6.87888e-6 1 0 2.06381e-5 1 1.37605e-5 0 1 2.06408e-5 0 1 1.37605e-5 0 1 6.88025e-6 0 1 0 -1 0 0 -1 0 0 -1 0 0 -1 0 3.34014e-6 -1.82885e-7 -1 3.34014e-6 -1.82885e-7 -1 3.34014e-6 -1.82885e-7 -1 3.34014e-6 -1.82885e-7 -1 -1 0 0 -1 0 0 -1 0 0 -1 0 0 -1 0 0 -1 0 0 -1 0 0 -1 0 0 -1 0 0 -1 0 0 -1 0 0 -1 0 0 -1 0 0 -1 0 0 -1 0 0 -1 0 0 -1 0 0 -1 0 0 -1 0 0 -1 0 0 -1 0 0 -1 0 0 -1 0 0 -1 0 0 0 -1 0 0 -1 0 0 -1 0 0 -1 0 0 1 0 0 1 0 0 1 0 0 1 0 1 0 -3.29898e-7 1 0 -6.59795e-7 1 0 -3.29898e-7 1 0 0 1 0 0 1 0 0 1 0 0 1 0 0 1 0 0 1 0 0 1 0 0 1 -6.59804e-7 0 1 -6.59804e-7 0 1 -6.59804e-7 0 0 -1 0 0 -1 0 0 -1 0 0 -1 0 -1 0 -6.30442e-7 -1 0 0 -1 0 -6.30442e-7 -1 0 -1.26088e-6 -1 6.30436e-7 0 -1 1.26087e-6 0 -1 6.30436e-7 0 -1 0 0 -1 0 0 -1 0 0 -1 0 0 -1 0 0 -1 0 0 -1 0 0 4.50334e-6 0 -1 4.50334e-6 0 -1 4.50334e-6 0 -1 4.50334e-6 0 -1 0 1 0 0 1 0 0 1 0 0 1 0 0 -1 0 0 -1 0 0 -1 0 0 -1 0 0 -1 0 0 -1 0 0 -1 0 0 -1 0 0 -1 0 0 -1 0 -1 0 0 -1 0 0 -1 0 0 -1 0 0 -1 0 0 -1 0 0 -1 0 0 -1 0 0 -1 0 0 -1 0 0 -1 0 0 -1 0 0 -1 0 0 -1 0 0 -1 0 0 -1 0 0 -1 0 0 -1 0 0 0 1 0 0 1 0 0 1 0 0 1 0 -1 0 0 -1 0 0 -1 0 0 -1 0 0 0 -1 0 0 -1 0 0 -1 0 0 -1 0 -1 0 -8.76263e-8 -1 0 0 -1 0 -8.76263e-8 -1 0 -1.75253e-7 -1 0 -1.75253e-7 -1 0 -1.75253e-7 -1 0 -1.75253e-7 -1 0 -1.75253e-7 -4.2697e-6 -2.33777e-7 -1 -4.2697e-6 -2.33777e-7 -1 -4.2697e-6 -2.33777e-7 -1 -4.2697e-6 -2.33777e-7 -1 0 4.03602e-6 -1 0 4.03602e-6 -1 0 4.03602e-6 -1 0 4.03602e-6 -1 1 0 0 1 0 0 1 0 0 1 0 0 0 1 0 0 1 0 0 1 0 0 1 0 1 -3.2317e-12 -2.71032e-5 1 -3.1888e-12 -2.68885e-5 1 -5.8822e-9 -2.47995e-5 0 -1 7.30689e-6 0 -1 7.22643e-6 0 -1 7.30689e-6 0 -1 7.38734e-6 6.02952e-6 -1.32886e-7 -1 8.11519e-6 -1.32886e-7 -1 6.02952e-6 -1.32886e-7 -1 3.94384e-6 -1.32886e-7 -1 1 4.21245e-5 -1.81871e-7 1 3.76208e-5 1.96254e-7 1 7.66293e-5 6.03356e-7 1 8.52771e-5 -6.09324e-7 0.9998849 -0.007233056 -1.91592e-7 0.9997702 -0.01515304 2.04729e-7 0.9997697 -0.01447373 6.1882e-7 0.9999991 0.001366601 -6.84676e-7</float_array>
          <technique_common>
            <accessor source="#geom-server_data_01-map1-textangents-array" count="1361" stride="3">
              <param name="X" type="float"/>
              <param name="Y" type="float"/>
              <param name="Z" type="float"/>
            </accessor>
          </technique_common>
        </source>
        <source id="geom-server_data_01-map1-texbinormals">
          <float_array id="geom-server_data_01-map1-texbinormals-array" count="4083">6.25972e-12 1 -3.78802e-6 6.11729e-12 1 -3.78802e-6 6.14291e-12 1 -3.78802e-6 6.28533e-12 1 -3.78802e-6 1.53205e-4 1 -1.01316e-7 1.53205e-4 1 -1.01316e-7 1.53205e-4 1 -1.01316e-7 7.49686e-6 1 -1.0966e-7 7.49686e-6 1 -1.0966e-7 7.49686e-6 1 -1.0966e-7 -9.96233e-7 1 0 -9.96233e-7 1 0 -9.96233e-7 1 0 1.60237e-4 1 0 1.60237e-4 1 0 1.60237e-4 1 0 0 -3.57046e-7 1 0 1.04302e-7 1 0 -3.57046e-7 1 0 -8.18395e-7 1 -1 1.08789e-14 1.04302e-7 -1 1.08789e-14 1.04302e-7 -1 1.08789e-14 1.04302e-7 -1 -1.20257e-14 -1.09661e-7 -1 -1.20257e-14 -1.09661e-7 -1 -1.20257e-14 -1.09661e-7 1 -9.22739e-7 1.04302e-7 1 -9.22739e-7 1.04302e-7 1 -9.22739e-7 1.04302e-7 1 -1.20257e-14 -1.09661e-7 1 -1.20257e-14 -1.09661e-7 1 -1.20257e-14 -1.09661e-7 0 1.48029e-5 1 0 1.47358e-5 1 0 1.48029e-5 1 0 1.48701e-5 1 -1 5.76703e-6 -1.94254e-12 -1 5.38258e-6 -1.81304e-12 -1 5.76703e-6 -1.94254e-12 -1 6.15149e-6 -2.07203e-12 1 5.76763e-6 0 1 5.38311e-6 0 1 5.76763e-6 0 1 6.15215e-6 0 0 9.38872e-8 1 0 9.38872e-8 1 0 9.38872e-8 1 0 9.38872e-8 1 0 5.93571e-6 1 0 5.71964e-6 1 0 5.93571e-6 1 0 6.15178e-6 1 -1 -3.2392e-7 0 -1 -3.2392e-7 0 -1 -3.2392e-7 0 -1 -3.2392e-7 0 1 1.61943e-7 0 1 0 0 1 1.61943e-7 0 1 3.23886e-7 0 0 -1.98122e-12 1 0 -3.23862e-7 1 0 -1.98122e-12 1 0 3.23858e-7 1 0 -1 0 0 -1 0 0 -1 0 0 -1 0 0 -1 0 0 -1 0 0 -1 0 0 -1 0 0 -1 -5.55796e-6 0 -1 -7.41062e-6 0 -1 -5.55796e-6 0 -1 -3.70531e-6 7.67944e-6 1 0 1.10456e-5 1 0 7.67944e-6 1 0 4.31324e-6 1 0 -6.05664e-6 1 0 -2.42266e-6 1 0 -6.05664e-6 1 0 -9.69063e-6 1 0 0 1 -7.58871e-7 0 1 -1.51774e-6 0 1 -7.58871e-7 0 1 0 -1 9.86295e-6 0 -1 1.47942e-5 0 -1 9.86295e-6 0 -1 4.93173e-6 0 1 4.93131e-6 0 1 4.93131e-6 0 1 4.93131e-6 0 1 4.93131e-6 0 0 9.86214e-6 1 0 1.47931e-5 1 0 9.86214e-6 1 0 4.93121e-6 1 0 0 1 0 0 1 0 0 1 0 0 1 0 0 1 0 0 1 -6.04788e-7 1 0 0 1 0 -6.04788e-7 1 0 -1.20958e-6 1 0 0 1 0 0 1 0 0 1 0 0 1 0 0 1 -7.5887e-6 0 1 -6.07096e-6 0 1 -7.5887e-6 0 1 -9.10644e-6 -1 4.93099e-6 0 -1 4.93099e-6 0 -1 4.93099e-6 0 -1 4.93099e-6 0 1 4.93069e-6 0 1 4.93069e-6 0 1 4.93069e-6 0 1 4.93069e-6 0 0 4.93179e-6 1 0 4.93179e-6 1 0 4.93179e-6 1 0 4.93179e-6 1 0 0 1 0 0 1 0 0 1 0 0 1 0 0 1 0 0 1 2.41911e-6 -1 0 0 -1 0 2.41911e-6 -1 0 4.83821e-6 -1 0 -4.84524e-6 -1 0 0 -1 0 -4.84524e-6 -1 0 -9.69049e-6 -1 0 0 -1 -5.55159e-6 0 -1 -7.40212e-6 0 -1 -5.55159e-6 0 -1 -3.70106e-6 -1 2.68397e-7 0 -1 5.36795e-7 0 -1 2.68397e-7 0 -1 0 0 0 2.68405e-7 1 0 5.36811e-7 1 0 2.68405e-7 1 0 0 1 -1 0 0 -1 0 0 -1 0 0 -1 -5.36626e-7 0 -1 -5.36626e-7 0 -1 -5.36626e-7 0 0 -5.36806e-7 1 0 -5.36806e-7 1 0 -5.36806e-7 1 0 5.36804e-7 1 0 5.36804e-7 1 0 5.36804e-7 1 0 0 1 0 0 1 0 0 1 0 0 1 0 3.18729e-7 1 0 3.18729e-7 1 0 3.18729e-7 1 0 3.18729e-7 1 0 3.18729e-7 1 0 3.18729e-7 1 0 -7.30689e-6 -1 0 -7.38734e-6 -1 0 -7.30689e-6 -1 0 -7.22643e-6 -1 8.19705e-6 1 0 8.10997e-6 1 0 8.19705e-6 1 0 8.28414e-6 1 0 6.9943e-6 -9.3939e-8 -1 9.98496e-6 -4.63156e-8 -1 6.75707e-6 1.09488e-8 -1 3.5355e-6 -4.02397e-9 -1 1.07191e-5 4.30512e-7 -1 1.08747e-5 4.70883e-7 -1 1.09564e-5 -5.06238e-7 -1 1.10317e-5 -5.28464e-7 -1 0 3.86458e-6 -1 0 3.62377e-6 -1 0 4.06086e-6 -1 0 4.3474e-6 -1 0 9.34388e-6 -1 0 9.59296e-6 -1 0 9.1476e-6 -1 0 8.85278e-6 -1 0.1615486 -8.62745e-8 -0.9868648 0.1615486 -8.62745e-8 -0.9868648 0.1615486 -8.62745e-8 -0.9868648 -8.35762e-10 -4.45717e-8 -1 -8.35762e-10 -4.45717e-8 -1 -8.35762e-10 -4.45717e-8 -1 0 -8.74228e-8 -1 0 -8.74228e-8 -1 0 -8.74228e-8 -1 0 -8.91747e-8 -1 0 -8.91747e-8 -1 0 -8.91747e-8 -1 0 1.03801e-6 -1 0 1.03801e-6 -1 0 1.03801e-6 -1 -3.39238e-8 -1.48087e-8 -1 -3.39238e-8 -1.48087e-8 -1 -3.39238e-8 -1.48087e-8 -1 -7.97429e-15 0 -1 -7.97429e-15 0 -1 -7.97429e-15 0 -1 0 0 -1 0 0 -1 0 0 -1 -1.37126e-8 -2.08407e-9 -1 -1.37126e-8 -2.08407e-9 -1 -1.37126e-8 -2.08407e-9 -1 2.09118e-9 -5.99143e-8 -1 2.09118e-9 -5.99143e-8 -1 2.09118e-9 -5.99143e-8 -1 2.1982e-12 -6.62553e-7 -1 2.1982e-12 -6.62553e-7 -1 2.1982e-12 -6.62553e-7 -1 -5.3376e-13 0 -1 -5.3376e-13 0 -1 -5.3376e-13 0 -1 8.91909e-8 -1 0 8.91909e-8 -1 0 8.91909e-8 -1 0 -9.04634e-8 -1 0 -9.04634e-8 -1 0 -9.04634e-8 -1 0 -8.9191e-8 1 -7.37874e-8 -8.9191e-8 1 -7.37874e-8 -8.9191e-8 1 -7.37874e-8 -9.04634e-8 1 -6.62553e-7 -9.04634e-8 1 -6.62553e-7 -9.04634e-8 1 -6.62553e-7 4.87046e-14 -4.61548e-8 -1 4.87046e-14 -4.61548e-8 -1 4.87046e-14 -4.61548e-8 -1 8.33714e-6 -4.6146e-8 -1 8.33714e-6 -4.6146e-8 -1 8.33714e-6 -4.6146e-8 -1 9.04689e-7 -9.23089e-8 -1 9.04689e-7 -9.23089e-8 -1 9.04689e-7 -9.23089e-8 -1 8.35116e-14 -4.61548e-8 -1 8.35116e-14 -4.61548e-8 -1 8.35116e-14 -4.61548e-8 -1 1 0 0 1 0 0 1 0 0 0.9998242 -0.01874766 0 0.9998242 -0.01874766 0 0.9998242 -0.01874766 0 -1 8.23384e-14 3.95716e-7 -1 8.23384e-14 3.95716e-7 -1 8.23384e-14 3.95716e-7 -0.9998242 0.01874766 -9.05684e-7 -0.9998242 0.01874766 -9.05684e-7 -0.9998242 0.01874766 -9.05684e-7 0 0 -1 0 0 -1 0 0 -1 0 -4.21624e-7 -1 0 -4.21624e-7 -1 0 -4.21624e-7 -1 0 5.42089e-7 -1 0 5.42089e-7 -1 0 5.42089e-7 -1 0 0 -1 0 0 -1 0 0 -1 0 1 0 0 1 0 0 1 0 0 1 0 0 1 0 0 1 0 -3.7605e-14 -1 4.21624e-7 -3.7605e-14 -1 4.21624e-7 -3.7605e-14 -1 4.21624e-7 8.91909e-8 -1 -5.42089e-7 8.91909e-8 -1 -5.42089e-7 8.91909e-8 -1 -5.42089e-7 0 -9.23097e-8 -1 0 -9.23097e-8 -1 0 -9.23097e-8 -1 3.95716e-7 -1.38465e-7 -1 3.95716e-7 -1.38465e-7 -1 3.95716e-7 -1.38465e-7 -1 -6.59528e-7 -1.38465e-7 -1 -6.59528e-7 -1.38465e-7 -1 -6.59528e-7 -1.38465e-7 -1 -9.74092e-14 -9.23097e-8 -1 -9.74092e-14 -9.23097e-8 -1 -9.74092e-14 -9.23097e-8 -1 -1 0 0 -1 0 0 -1 0 0 -1 0 0 -1 0 0 -1 0 0 1 -1.17626e-14 3.95717e-7 1 -1.17626e-14 3.95717e-7 1 -1.17626e-14 3.95717e-7 1 -5.88132e-14 -6.59528e-7 1 -5.88132e-14 -6.59528e-7 1 -5.88132e-14 -6.59528e-7 -2.96293e-6 -8.20736e-9 -1 -5.24004e-6 -2.60211e-9 -1 -2.95473e-6 4.0727e-7 -1 -2.17607e-7 4.27641e-7 -1 -1.20881e-5 3.91324e-8 -1 -8.92849e-6 -2.60185e-9 -1 -1.20963e-5 -7.72635e-8 -1 -1.57159e-5 -7.98601e-8 -1 0 -4.30011e-6 -1 0 -3.47845e-6 -1 0 -4.76114e-6 -1 0 -5.4648e-6 -1 0 -9.78153e-6 -1 0 -8.28946e-6 -1 0 -9.3205e-6 -1 0 -1.09306e-5 -1 0 1 0 0 1 0 0 1 0 0 1 0 0 1 0 0 1 0 6.90554e-6 0 1 7.596e-6 0 1 6.90554e-6 0 1 6.21508e-6 0 1 0 1 0 0 1 0 0 1 0 0 1 0 0 1 0 0 1 0 6.4597e-6 1 0 6.4597e-6 1 0 6.4597e-6 1 0 7.59633e-6 1 0 7.59633e-6 1 0 7.59633e-6 1 0 1.37509e-5 -1.82885e-7 -1 1.60594e-5 -1.82885e-7 -1 1.37509e-5 -1.82885e-7 -1 1.14424e-5 -1.82885e-7 -1 0 0 1 0 0 1 0 0 1 0 0 1 0 1 0 0 1 0 0 1 0 0 1 0 0 1 0 0 1 0 0 0 -1 0 0 -1 0 0 -1 0 0 -1 0 -1 3.78802e-6 0 -1 3.78802e-6 0 -1 3.78802e-6 0 -1 3.78802e-6 7.49686e-6 -1 1.0966e-7 7.49686e-6 -1 1.0966e-7 7.49686e-6 -1 1.0966e-7 1.53205e-4 -1 1.01316e-7 1.53205e-4 -1 1.01316e-7 1.53205e-4 -1 1.01316e-7 0 -1 0 0 -1 0 0 -1 0 0 -1 0 0 -1 0 0 -1 0 1.60241e-4 -1 0 1.60241e-4 -1 0 1.60241e-4 -1 0 -9.96257e-7 -1 0 -9.96257e-7 -1 0 -9.96257e-7 -1 0 0 3.57046e-7 -1 0 8.18395e-7 -1 0 3.57046e-7 -1 0 -1.04302e-7 -1 -1 1.20259e-14 1.09663e-7 -1 1.20259e-14 1.09663e-7 -1 1.20259e-14 1.09663e-7 -1 -1.08791e-14 -1.04304e-7 -1 -1.08791e-14 -1.04304e-7 -1 -1.08791e-14 -1.04304e-7 1 1.20259e-14 1.09663e-7 1 1.20259e-14 1.09663e-7 1 1.20259e-14 1.09663e-7 1 9.22723e-7 -1.04304e-7 1 9.22723e-7 -1.04304e-7 1 9.22723e-7 -1.04304e-7 0 -1.48115e-5 -1 0 -1.48701e-5 -1 0 -1.48115e-5 -1 0 -1.4753e-5 -1 -1 -5.76694e-6 1.9425e-12 -1 -6.15139e-6 2.072e-12 -1 -5.76694e-6 1.9425e-12 -1 -5.38249e-6 1.81301e-12 1 -5.76754e-6 0 1 -6.15205e-6 0 1 -5.76754e-6 0 1 -5.38302e-6 0 0 -9.38872e-8 -1 0 -9.38872e-8 -1 0 -9.38872e-8 -1 0 -9.38872e-8 -1 0 -5.93571e-6 -1 0 -6.15178e-6 -1 0 -5.93571e-6 -1 0 -5.71964e-6 -1 -1 3.2392e-7 0 -1 3.2392e-7 0 -1 3.2392e-7 0 -1 3.2392e-7 0 1 -1.61943e-7 0 1 -3.23886e-7 0 1 -1.61943e-7 0 1 0 0 0 1.98122e-12 -1 0 -3.23858e-7 -1 0 1.98122e-12 -1 0 3.23862e-7 -1 0 1 0 0 1 0 0 1 0 0 1 0 0 1 0 0 1 0 0 1 0 0 1 0 0 1 5.55796e-6 0 1 3.70531e-6 0 1 5.55796e-6 0 1 7.41062e-6 7.67929e-6 -1 0 4.31316e-6 -1 0 7.67929e-6 -1 0 1.10454e-5 -1 0 -6.05654e-6 -1 0 -9.69046e-6 -1 0 -6.05654e-6 -1 0 -2.42262e-6 -1 0 0 -1 7.58871e-7 0 -1 0 0 -1 7.58871e-7 0 -1 1.51774e-6 -1 -9.86295e-6 0 -1 -4.93173e-6 0 -1 -9.86295e-6 0 -1 -1.47942e-5 0 1 -4.93138e-6 0 1 -4.93138e-6 0 1 -4.93138e-6 0 1 -4.93138e-6 0 0 -9.86214e-6 -1 0 -4.93121e-6 -1 0 -9.86214e-6 -1 0 -1.47931e-5 -1 0 0 -1 0 0 -1 0 0 -1 0 0 -1 0 0 -1 0 0 -1 -6.04776e-7 -1 0 -1.20955e-6 -1 0 -6.04776e-7 -1 0 0 -1 0 0 -1 0 0 -1 0 0 -1 0 0 -1 0 0 -1 7.5887e-6 0 -1 9.10644e-6 0 -1 7.5887e-6 0 -1 6.07096e-6 -1 -4.93099e-6 0 -1 -4.93099e-6 0 -1 -4.93099e-6 0 -1 -4.93099e-6 0 1 -4.93076e-6 0 1 -4.93076e-6 0 1 -4.93076e-6 0 1 -4.93076e-6 0 0 -4.93179e-6 -1 0 -4.93179e-6 -1 0 -4.93179e-6 -1 0 -4.93179e-6 -1 0 0 -1 0 0 -1 0 0 -1 0 0 -1 0 0 -1 0 0 -1 2.41915e-6 1 0 4.8383e-6 1 0 2.41915e-6 1 0 0 1 0 -4.84533e-6 1 0 -9.69065e-6 1 0 -4.84533e-6 1 0 0 1 0 0 1 5.55159e-6 0 1 3.70106e-6 0 1 5.55159e-6 0 1 7.40212e-6 -1 -2.68392e-7 0 -1 0 0 -1 -2.68392e-7 0 -1 -5.36785e-7 0 0 -2.68405e-7 -1 0 0 -1 0 -2.68405e-7 -1 0 -5.36811e-7 -1 -1 5.3669e-7 0 -1 5.3669e-7 0 -1 5.3669e-7 0 -1 0 0 -1 0 0 -1 0 0 0 -5.36804e-7 -1 0 -5.36804e-7 -1 0 -5.36804e-7 -1 0 5.36806e-7 -1 0 5.36806e-7 -1 0 5.36806e-7 -1 0 0 -1 0 0 -1 0 0 -1 0 0 -1 0 -3.18729e-7 -1 0 -3.18729e-7 -1 0 -3.18729e-7 -1 0 -3.18729e-7 -1 0 -3.18729e-7 -1 0 -3.18729e-7 -1 7.87136e-6 -1 0 7.87136e-6 -1 0 7.87136e-6 -1 0 6.21508e-6 -1 0 6.21508e-6 -1 0 6.21508e-6 -1 0 0 -1 0 0 -1 0 0 -1 0 0 -1 0 0 -1 0 0 -1 0 0 0 1 0 0 1 0 0 1 0 0 1 0 -1 0 0 -1 0 0 -1 0 0 -1 0 0 -1 0 0 -1 0 1 5.19784e-6 -7.39655e-13 1 5.19784e-6 -7.39655e-13 1 5.19784e-6 -7.39655e-13 1 5.19784e-6 -7.39655e-13 1 0 0 1 0 0 1 0 0 1 0 0 1 -1.93048e-12 -2.9689e-6 1 -1.93048e-12 -2.9689e-6 1 -1.93048e-12 -2.9689e-6 1 -1.93048e-12 -2.9689e-6 0 1 3.01037e-6 0 1 -4.66979e-6 0 1 -4.14443e-6 0 1 8.35563e-6 1 0 0 1 0 0 1 0 0 1 0 0 0 -1 -3.43563e-6 0 -1 -4.59494e-6 0 -1 -3.04541e-6 0 -1 0 0 1 1.01652e-5 0 1 0 0 -1 -2.6552e-6 0 -1 -2.99177e-6 1 0 0 1 0 0 1 0 0 1 0 0 1 0 0 1 0 0 1 0 0 1 0 0 1 -3.86092e-12 -5.93775e-6 1 -3.86092e-12 -5.93775e-6 1 -3.86092e-12 -5.93775e-6 1 -3.86092e-12 -5.93775e-6 0 1 1.21305e-5 0 1 -8.50023e-6 0 1 -7.54394e-6 0 1 2.85111e-5 1 0 2.639e-5 1 0 2.639e-5 1 0 2.639e-5 1 0 2.639e-5 0 -1 3.58862e-5 0 -1 3.32422e-5 0 -1 1.49153e-5 0 -1 0 0 1 3.18049e-5 0 1 0 0 -1 -6.05561e-6 0 -1 -6.82321e-6 1 -9.41308e-12 -1.13539e-5 1 -9.41308e-12 -1.13539e-5 1 -9.41308e-12 -1.13539e-5 1 -9.87991e-12 -1.1917e-5 1 -9.87991e-12 -1.1917e-5 1 -9.87991e-12 -1.1917e-5 1 9.74748e-12 1.17572e-5 1 9.74748e-12 1.17572e-5 1 9.74748e-12 1.17572e-5 1 3.1377e-12 3.78463e-6 1 3.1377e-12 3.78463e-6 1 3.1377e-12 3.78463e-6 1 9.74955e-6 -7.39533e-13 1 9.74955e-6 -7.39533e-13 1 9.74955e-6 -7.39533e-13 1 5.57116e-6 -4.24949e-13 1 5.57116e-6 -4.24949e-13 1 5.57116e-6 -4.24949e-13 1 0 0 1 0 0 1 0 0 1 0 0 1 0 0 1 0 0 1 3.0052e-4 0 1 3.0052e-4 0 1 3.0052e-4 0 1 0 0 1 0 0 1 0 0 0 -1 0 0 -1 0 0 -1 0 0 -1 0 0 -1 0 0 -1 0 0 1 0 0 1 0 0 1 0 0 1 0 0 1 0 0 1 0 1 0 -8.45557e-5 1 0 -8.45557e-5 1 0 -8.45557e-5 1 0 4.03869e-6 1 0 4.03869e-6 1 0 4.03869e-6 1 0 0 1 0 0 1 0 0 1 0 0 1 0 0 1 0 0 0.5136979 -2.8949e-5 0.8579711 0.5136979 -2.8949e-5 0.8579711 0.5136979 -2.8949e-5 0.8579711 0.5136979 0 0.8579711 0.5136979 0 0.8579711 0.5136979 0 0.8579711 0.5136979 -4.3423e-5 -0.8579711 0.5136979 -4.3423e-5 -0.8579711 0.5136979 -4.3423e-5 -0.8579711 0.5136979 0 -0.8579711 0.5136979 0 -0.8579711 0.5136979 0 -0.8579711 1 0 0 1 0 0 1 0 0 1 -5.7899e-5 0 1 -5.7899e-5 0 1 -5.7899e-5 0 1 0 0 1 0 0 1 0 0 1 -2.89501e-5 0 1 -2.89501e-5 0 1 -2.89501e-5 0 1 3.8984e-6 -6.50358e-13 1 5.19786e-6 -8.35272e-13 1 3.8984e-6 -6.50358e-13 1 2.59894e-6 -4.65444e-13 1 -1.08289e-5 0 1 -2.16578e-5 0 1 -1.08289e-5 0 1 0 0 1 -6.71918e-7 2.9689e-6 1 -6.7192e-7 4.36905e-13 1 -6.71918e-7 2.9689e-6 1 -6.71916e-7 5.93781e-6 0 1 7.72471e-6 0 1 -8.3901e-7 0 1 -7.44621e-7 0 1 1.58689e-5 1 -6.7192e-7 0 1 -6.7192e-7 0 1 -6.7192e-7 0 1 -6.7192e-7 0 0 -1 -9.72841e-6 0 -1 -1.30317e-5 0 -1 -2.04968e-6 0 -1 1.31948e-5 0 1 1.6194e-5 0 1 0 0 -1 5.62906e-6 0 -1 4.66995e-6 1 2.59889e-6 -4.65438e-13 1 2.59889e-6 -4.65438e-13 1 2.59889e-6 -4.65438e-13 1 2.59889e-6 -4.65438e-13 1 0 0 1 0 0 1 0 0 1 0 0 1 -6.71918e-7 5.93774e-6 1 -6.71918e-7 5.93774e-6 1 -6.71918e-7 5.93774e-6 1 -6.71918e-7 5.93774e-6 0 1 1.69624e-5 0 1 2.99193e-6 0 1 4.13985e-6 0 1 2.58313e-5 1 -6.71922e-7 0 1 -6.71922e-7 0 1 -6.71922e-7 0 1 -6.71922e-7 0 0 -1 -3.39483e-6 0 -1 -6.69824e-6 0 -1 1.11711e-6 0 -1 1.3195e-5 0 1 2.97849e-5 0 1 1.3195e-5 0 -1 5.62906e-6 0 -1 4.66995e-6 -6.22538e-6 0 -1 -5.62198e-6 0 -1 -4.31013e-6 0 -1 -3.85507e-6 0 -1 -2.99828e-6 0 -1 0 1 0 0 1 0 0 1 0 -1.18835e-5 1 0 -1.18835e-5 1 0 -1.18835e-5 1 0 -3.30501e-6 0 -1 -1.74047e-5 -9.50842e-8 -1 -1.18841e-5 0 -1 -2.21466e-5 -8.0691e-8 -1 -3.57756e-6 1 -9.74997e-13 -3.57756e-6 1 -9.74997e-13 -3.57756e-6 1 -9.74997e-13 0 1 0 0 1 0 0 1 0 0 0 -1 0 0 -1 0 0 -1 0 0 -1 0 0 -1 0 0 -1 1.00092e-6 1 0 0 1 0 1.00092e-6 1 0 2.00183e-6 1 0 6.32027e-7 -1 0 1.26405e-6 -1 0 6.32027e-7 -1 0 0 -1 0 8.10067e-6 0 -1 2.00181e-6 0 -1 1.63295e-6 0 -1 1.11501e-5 0 -1 2.10361e-5 0 -1 0 -1.51588e-5 -1 0 0 -1 0 -1.51588e-5 -1 0 -3.03176e-5 -1 0.5000141 0.7070906 -0.5000088 0.5000141 0.7070906 -0.5000089 0.5000141 0.7070906 -0.5000088 0.5000121 0.7070934 -0.5000068 0.5000121 0.7070934 -0.5000068 0.5000121 0.7070934 -0.5000068 4.45254e-8 -1 0 0 -1 0 4.45254e-8 -1 0 8.90508e-8 -1 0 7.24143e-7 1 0 7.24143e-7 1 0 7.24143e-7 1 0 0 1 0 0 1 0 0 1 0 4.06593e-7 3.62075e-14 -1 0 0 -1 4.06593e-7 3.62075e-14 -1 8.13186e-7 7.24149e-14 -1 5.50488e-6 -1 0 5.50488e-6 -1 0 5.50488e-6 -1 0 5.50488e-6 -1 0 6.60592e-6 -1 0 7.7071e-6 -1 0 6.60592e-6 -1 0 5.50475e-6 -1 0 6.60543e-6 0 1 5.50448e-6 0 1 6.60543e-6 0 1 7.70639e-6 0 1 5.50454e-6 0 1 5.50454e-6 0 1 5.50454e-6 0 1 5.50454e-6 0 1 5.50454e-6 0 1 5.50454e-6 0 1 5.50454e-6 1 0 5.50454e-6 1 0 5.50454e-6 1 0 7.70658e-6 1 0 7.70658e-6 1 0 7.70658e-6 1 0 -0.9516135 -0.1676143 0.2575601 -0.9652695 0 0.2612562 -1 0 0 -1 0 0 -1 0 1.36657e-5 -1 0 9.11044e-6 -1 0 3.7141e-6 0 -1 0 0 -1 0 0 -1 0 0 -1 0 0 1 3.71384e-6 0 1 3.71384e-6 0 1 3.71384e-6 0 1 3.71384e-6 -0.7456167 -0.5043633 0.4355151 -0.7456182 -0.5043603 0.435516 -0.8408336 -0.4911289 0.2275768 -1 0 1.18086e-5 -1 0 0 -0.2505056 -0.9625841 -0.1033386 5.02241e-6 -1 0 2.51121e-6 -1 0 0 -1 0 2.51126e-6 0 -1 5.02251e-6 0 -1 1.56132e-5 0 -1 0 0 -1 0 0 -1 0 0 -1 0 0 -1 0 0 -1 0 0 -1 0 0 -1 0 0 -1 -0.4999857 -0.7091573 -0.4971018 -0.6769972 -0.6809407 -0.2792751 -0.4999894 -0.7091521 -0.4971055 2.09085e-5 0 -1 4.18171e-5 0 -1 4.45254e-8 -1 0 0 -1 0 4.45254e-8 -1 0 8.90508e-8 -1 0 -8.90508e-8 1 0 -8.90508e-8 1 0 -8.90508e-8 1 0 0 1 0 0 1 0 0 1 0 0 0 -1 0 0 -1 0 0 -1 0 0 -1 0 -2.17267e-5 -1 0 -2.17266e-5 -1 0 -2.17267e-5 -1 0 -2.17267e-5 -1 0 0 -1 0 0 -1 0 0 -1 0 0 -1 0 0 -1 0 0 -1 -1.52297e-6 -1.6336e-6 -1 -1.52297e-6 -1.6336e-6 -1 -1.52297e-6 -1.6336e-6 -1 -1.52297e-6 -1.6336e-6 -1 0 0 -1 0 0 -1 0 0 -1 0 0 -1 0 0 -1 0 0 -1 0 0 -1 0 0 -1 0 0 -1 0 0 -1 0 -1.6336e-6 -1 0 -1.6336e-6 -1 0 -1.6336e-6 -1 0 -1.6336e-6 -1 -1 0 0 -1 0 0 -1 0 0 -1 0 0 -1 0 -2.07271e-4 -1 0 -2.12799e-4 -1 0 -2.07271e-4 -1 0 -2.01744e-4 0 0 1 0 0 1 0 0 1 -1 0 0 -1 0 0 -1 0 0 -1 0 0 -1 0 0 -1 0 0 0 -1.27156e-5 1 0 -1.27156e-5 1 0 -1.27156e-5 1 0 -3.80382e-5 1 0 -3.80382e-5 1 0 -3.80382e-5 1 -1 -7.63355e-6 6.22599e-6 -1 -7.63355e-6 6.22599e-6 -1 -7.63355e-6 6.22599e-6 -1 -7.63355e-6 6.22599e-6 -1 -7.63355e-6 6.22599e-6 -1 -7.63355e-6 6.22599e-6 0 -3.42654e-5 1 0 -3.42654e-5 1 0 -3.42654e-5 1 -1 -1.27138e-5 0 -1 -1.27138e-5 0 -1 -1.27138e-5 0 -1 -1.27138e-5 0 0 0 -1 0 0 -1 0 0 -1 -1 0 0 -1 0 0 -1 0 0 -1 0 0 -1 0 0 -1 0 0 0 -1.2718e-5 -1 0 -1.2718e-5 -1 0 -1.2718e-5 -1 0 -4.57741e-5 -1 0 -4.57741e-5 -1 0 -4.57741e-5 -1 -1 -7.63678e-6 6.22862e-6 -1 -7.63678e-6 6.22862e-6 -1 -7.63678e-6 6.22862e-6 -1 -7.63678e-6 6.22862e-6 -1 -7.63678e-6 6.22862e-6 -1 -7.63678e-6 6.22862e-6 0 6.36996e-5 -1 0 6.36996e-5 -1 0 6.36996e-5 -1 0 1 0 0 1 0 0 1 0 0 1 0 0 -1 0 0 -1 0 0 -1 0 0 -1 0 0 0 -1 0 0 -1 0 0 -1 0 0 -1 0 0 -1 0 0 -1 0 0 -1 0 0 -1 0 -1 4.25232e-6 0 -1 4.25232e-6 0 -1 4.25232e-6 0 -1 4.25232e-6 0 1 2.72434e-6 0 1 2.72434e-6 0 1 2.72434e-6 0 1 2.72434e-6 -1 2.66504e-12 3.48828e-6 -1 2.66504e-12 3.48828e-6 -1 2.66504e-12 3.48828e-6 -1 2.66504e-12 3.48828e-6 -1 0 0 -1 0 0 -1 0 0 -1 0 0 -1 1.29051e-5 0 -1 1.29051e-5 0 -1 1.29051e-5 0 -1 1.29051e-5 0 -1 1.29051e-5 0 -1 1.29051e-5 0 0 1 0 0 1 0 -1.83102e-6 1 0 0 0 -1 0 0 -1 0 0 -1 0 0 -1 -2.74652e-6 1 0 -5.49305e-6 1 0 0 0 -1 0 0 -1 0 0 -1 0 0 -1 0 -1 0 1.49373e-5 -1 0 0 -1 0 0 0 -1 0 0 -1 0 0 -1 0 0 -1 2.24059e-5 -1 0 4.48118e-5 -1 0 0 0 -1 0 0 -1 0 0 -1 0 0 -1 0 0 -1 0 0 -1 0 0 -1 0 0 -1 0 0 -1 0 0 -1 0 0 -1 0 0 -1 0 1 0 0 1 0 0 1 0 0 1 0 0 -1 0 0 -1 0 0 -1 0 0 -1 0 0 0 -1 0 0 -1 0 0 -1 0 0 -1 0 -1 0 0 -1 0 0 -1 0 0 0 -1 0 0 -1 0 0 -1 1.72206e-5 0 -1 1.72206e-5 0 -1 1.72206e-5 0 -1 0 1 0 0 1 0 0 1 0 0 -1 0 0 -1 0 0 -1 0 0 0.7749335 -0.6320428 0 0.7749335 -0.6320428 0 0.7749335 -0.6320428 0 0.7749335 -0.6320428 0 0.7749335 -0.6320428 0 0.7749335 -0.6320428 0 1 0 0 1 0 0 1 0 0 1 0 0 1 0 0 1 0 0 1 0 0 -1 0 0 -1 0 0 -1 0 0 0 -1 0 0 -1 0 0 -1 -1.72206e-5 0 -1 -1.72206e-5 0 -1 -1.72206e-5 0 -1 0 1 0 0 1 0 0 1 0 0 -1 0 0 -1 0 0 -1 0 0 0.7749335 -0.6320428 0 0.7749335 -0.6320428 0 0.7749335 -0.6320428 0 0.7749335 -0.6320428 0 0.7749335 -0.6320428 0 0.7749335 -0.6320428 0 1 0 0 1 0 0 1 0 0 -1 0 0 -1 0 0 -1 0 0 -1 0 0 -1 0 0 -1 0 4.49189e-6 -1 0 0 -1 0 3.40204e-5 -1 0 0 0 -1 0 0 -1 0 0 -1 0 0 -1 5.10306e-5 -1 0 9.30775e-5 -1 0 0 0 -1 0 0 -1 0 0 -1 0 0 -1 0 1 0 -6.3318e-5 1 0 0 1 0 0 0 -1 0 0 -1 0 0 -1 0 0 -1 -9.49769e-5 1 0 -1.89954e-4 1 0 0 0 -1 0 0 -1 0 0 -1 0 0 -1 0 0 -1 0 0 -1 0 -7.05897e-6 1 0 0 1 0 -7.05897e-6 1 0 -1.41179e-5 1 0 1.40905e-5 1 0 0 1 0 1.40905e-5 1 0 2.81809e-5 1 -9.18452e-6 0 1 -1.03873e-5 0 1 -9.18452e-6 0 1 -7.98176e-6 0 1 -3.99097e-6 -1 0 -7.98193e-6 -1 0 -3.99097e-6 -1 0 0 -1 0 0 1 -6.87888e-6 0 1 6.88037e-6 0 1 -6.87888e-6 0 1 -2.06381e-5 1 0 -1.37605e-5 1 0 -2.06408e-5 1 0 -1.37605e-5 1 0 -6.88025e-6 1 0 0 1 0 0 1 0 0 1 0 0 1 6.10861e-13 3.34014e-6 1 6.10861e-13 3.34014e-6 1 6.10861e-13 3.34014e-6 1 6.10861e-13 3.34014e-6 0 0 -1 0 0 -1 0 0 -1 0 0 -1 0 0 -1 0 0 -1 0 0 -1 0 0 -1 0 0 -1 0 0 -1 0 0 -1 0 0 -1 0 -1 0 0 -1 0 0 -1 0 0 -1 0 0 -1 0 0 -1 0 0 -1 0 0 -1 0 0 -1 0 0 -1 0 0 -1 0 0 -1 0 0 0 1 0 0 1 0 0 1 0 0 1 0 0 1 0 0 1 0 0 1 0 0 1 3.29898e-7 0 1 6.59795e-7 0 1 3.29898e-7 0 1 0 0 1 0 -1 0 0 -1 0 0 -1 0 0 -1 0 0 1 0 0 1 0 0 1 0 6.59804e-7 1 0 6.59804e-7 1 0 6.59804e-7 1 0 0 0 -1 0 0 -1 0 0 -1 0 0 -1 6.30442e-7 0 -1 0 0 -1 6.30442e-7 0 -1 1.26088e-6 0 -1 6.30436e-7 1 0 1.26087e-6 1 0 6.30436e-7 1 0 0 1 0 0 -1 0 0 -1 0 0 -1 0 0 -1 0 0 -1 0 0 -1 0 1 0 4.50334e-6 1 0 4.50334e-6 1 0 4.50334e-6 1 0 4.50334e-6 1 0 0 1 0 0 1 0 0 1 0 0 1 0 0 1 0 0 1 0 0 1 0 0 1 0 0 1 0 0 0 0 -1 0 0 -1 0 0 -1 0 0 -1 0 0 -1 0 0 -1 0 0 -1 0 0 -1 0 1 0 0 1 0 0 1 0 0 1 0 0 -1 0 0 -1 0 0 -1 0 0 -1 0 0 -1 0 0 -1 0 0 -1.62183e-7 -1 0 -1.62183e-7 -1 0 -1.62183e-7 -1 0 -1.62183e-7 -1 0 0 -1 0 0 -1 0 0 -1 0 0 -1 0 -1.62183e-7 -1 0 -1.62183e-7 -1 0 -1.62183e-7 -1 0 -1.62183e-7 -1 0 0 -1 0 0 -1 0 0 -1 0 0 -1 8.76263e-8 0 -1 0 0 -1 8.76263e-8 0 -1 1.75253e-7 0 -1 0 -1 0 0 -1 0 0 -1 0 0 -1 0 -1 9.98159e-13 4.2697e-6 -1 9.98159e-13 4.2697e-6 -1 9.98159e-13 4.2697e-6 -1 9.98159e-13 4.2697e-6 0 1 4.03602e-6 0 1 4.03602e-6 0 1 4.03602e-6 0 1 4.03602e-6 0 -1.62183e-7 -1 0 -1.62183e-7 -1 0 -1.62183e-7 -1 0 -1.62183e-7 -1 -6.48734e-7 0 -1 -6.48734e-7 0 -1 -6.48734e-7 0 -1 -6.48734e-7 0 -1 -2.71032e-5 -1.1805e-7 -1 -2.68885e-5 -1.1805e-7 -1 -2.47995e-5 -1.1525e-7 -1 0 7.30689e-6 1 0 7.22643e-6 1 0 7.30689e-6 1 0 7.38734e-6 1 1 7.92595e-13 6.02952e-6 1 1.05511e-12 8.11519e-6 1 7.86592e-13 6.02952e-6 1 5.24081e-13 3.94384e-6 -4.21245e-5 1 -9.2094e-8 -3.76208e-5 1 -1.08355e-7 -7.66293e-5 1 -1.09425e-7 -8.52771e-5 1 -5.84629e-8 0.007233699 0.9999738 -9.435e-8 0.01515478 0.9998852 -1.04423e-7 0.01447555 0.9998952 -9.79084e-8 -0.001366601 0.9999991 -5.7511e-8</float_array>
          <technique_common>
            <accessor source="#geom-server_data_01-map1-texbinormals-array" count="1361" stride="3">
              <param name="X" type="float"/>
              <param name="Y" type="float"/>
              <param name="Z" type="float"/>
            </accessor>
          </technique_common>
        </source>
        <vertices id="geom-server_data_01-vertices">
          <input semantic="POSITION" source="#geom-server_data_01-positions"/>
        </vertices>
        <triangles material="server_data_xx" count="617">
          <input semantic="VERTEX" source="#geom-server_data_01-vertices" offset="0"/>
          <input semantic="NORMAL" source="#geom-server_data_01-normals" offset="1"/>
          <input semantic="TEXCOORD" source="#geom-server_data_01-map1" offset="2" set="0"/>
          <input semantic="TEXTANGENT" source="#geom-server_data_01-map1-textangents" offset="3" set="1"/>
          <input semantic="TEXBINORMAL" source="#geom-server_data_01-map1-texbinormals" offset="3" set="1"/>
          <p>0 0 0 0 3 1 3 1 2 2 2 2 2 2 2 2 1 3 1 3 0 0 0 0 3 4 3 4 0 5 0 5 5 6 5 6 5 7 5 7 4 8 4 8 3 9 3 9 1 10 1 10 2 11 2 11 7 12 7 12 7 13 7 13 6 14 6 14 1 15 1 15 8 16 8 16 11 17 11 17 10 18 10 18 10 18 10 18 9 19 9 19 8 16 8 16 11 20 11 20 8 21 8 21 13 22 13 22 13 23 13 23 12 24 12 24 11 25 11 25 9 26 9 26 10 27 10 27 15 28 15 28 15 29 15 29 14 30 14 30 9 31 9 31 16 32 17 32 582 33 16 33 584 34 19 34 584 34 19 34 17 35 18 35 16 32 17 32 18 36 20 36 21 37 23 37 20 38 22 38 20 38 22 38 19 39 21 39 18 36 20 36 22 40 24 40 25 41 27 41 24 42 26 42 24 42 26 42 23 43 25 43 22 40 24 40 20 44 28 44 21 45 23 45 23 46 25 46 23 46 25 46 24 47 29 47 20 44 28 44 21 48 23 48 18 49 20 49 22 50 24 50 22 50 24 50 23 51 25 51 21 48 23 48 26 52 30 52 29 53 33 53 28 54 32 54 28 54 32 54 27 55 31 55 26 52 30 52 30 56 34 56 33 57 37 57 32 58 36 58 32 58 36 58 31 59 35 59 30 56 34 56 29 60 33 60 26 61 30 61 30 62 34 62 30 62 34 62 31 63 35 63 29 60 33 60 34 64 38 64 37 65 41 65 36 66 40 66 36 66 40 66 35 67 39 67 34 64 38 64 38 68 42 68 41 69 45 69 40 70 44 70 40 70 44 70 39 71 43 71 38 68 42 68 37 72 41 72 34 73 38 73 38 74 42 74 38 74 42 74 39 75 43 75 37 72 41 72 42 76 46 76 45 77 49 77 44 78 48 78 44 78 48 78 43 79 47 79 42 76 46 76 46 80 50 80 49 81 53 81 48 82 52 82 48 82 52 82 47 83 51 83 46 80 50 80 45 84 49 84 42 85 46 85 46 86 50 86 46 86 50 86 47 87 51 87 45 84 49 84 50 88 54 88 53 89 57 89 52 90 56 90 52 90 56 90 51 91 55 91 50 88 54 88 54 92 58 92 57 93 61 93 56 94 60 94 56 94 60 94 55 95 59 95 54 92 58 92 53 96 57 96 50 97 54 97 54 98 58 98 54 98 58 98 55 99 59 99 53 96 57 96 55 100 59 100 56 101 63 101 52 102 62 102 52 103 62 103 53 104 57 104 55 105 59 105 58 106 64 106 61 107 67 107 60 108 66 108 60 108 66 108 59 109 65 109 58 106 64 106 62 110 68 110 65 111 71 111 64 112 70 112 64 112 70 112 63 113 69 113 62 110 68 110 61 114 67 114 58 115 64 115 62 116 68 116 62 116 68 116 63 117 69 117 61 114 67 114 66 118 72 118 69 119 75 119 68 120 74 120 68 120 74 120 67 121 73 121 66 118 72 118 70 122 76 122 73 123 79 123 72 124 78 124 72 124 78 124 71 125 77 125 70 122 76 122 69 126 75 126 66 127 72 127 70 128 76 128 70 128 76 128 71 129 77 129 69 126 75 126 71 130 77 130 72 131 81 131 68 132 80 132 68 133 80 133 69 134 75 134 71 135 77 135 74 136 82 136 77 137 85 137 76 138 84 138 76 138 84 138 75 139 83 139 74 136 82 136 78 140 86 140 81 141 89 141 80 142 88 142 80 142 88 142 79 143 87 143 78 140 86 140 77 144 85 144 74 145 82 145 78 146 86 146 78 146 86 146 79 147 87 147 77 144 85 144 82 148 90 148 85 149 93 149 84 150 92 150 84 150 92 150 83 151 91 151 82 148 90 148 85 152 93 152 82 153 90 153 87 154 95 154 87 154 95 154 86 155 94 155 85 152 93 152 86 156 94 156 87 157 95 157 89 158 97 158 89 159 97 159 88 160 96 160 86 161 94 161 88 162 96 162 89 163 97 163 91 164 99 164 91 165 99 165 90 166 98 166 88 167 96 167 92 168 100 168 95 169 103 169 94 170 102 170 94 170 102 170 93 171 101 171 92 168 100 168 93 172 101 172 97 173 105 173 96 174 104 174 96 175 104 175 92 176 100 176 93 177 101 177 99 178 107 178 98 179 106 179 101 180 109 180 101 180 109 180 100 181 108 181 99 178 107 178 111 182 111 182 112 183 112 183 106 184 113 184 106 184 113 184 104 185 110 185 111 182 111 182 112 186 112 186 118 187 115 187 117 188 116 188 117 188 116 188 105 189 114 189 112 186 112 186 102 190 118 190 120 191 119 191 119 192 120 192 119 192 120 192 111 193 111 193 102 190 118 190 106 194 117 194 126 195 122 195 125 196 123 196 125 196 123 196 103 197 121 197 106 194 117 194 105 198 114 198 128 199 124 199 127 200 125 200 127 200 125 200 112 201 112 201 105 198 114 198 112 186 112 186 111 193 111 193 119 192 120 192 119 192 120 192 118 187 115 187 112 186 112 186 102 190 118 190 105 189 114 189 117 188 116 188 117 188 116 188 120 191 119 191 102 190 118 190 106 194 117 194 112 201 112 201 127 200 125 200 127 200 125 200 126 195 122 195 106 194 117 194 105 198 114 198 103 197 121 197 125 196 123 196 125 196 123 196 128 199 124 199 105 198 114 198 107 202 202 202 108 203 203 203 130 204 158 204 130 205 158 205 132 206 157 206 107 207 202 207 109 208 128 208 110 209 129 209 134 210 150 210 134 211 150 211 135 212 151 212 109 213 128 213 108 214 127 214 109 215 148 215 135 216 154 216 135 217 154 217 130 218 153 218 108 219 127 219 110 220 126 220 107 221 149 221 132 222 162 222 132 223 162 223 134 224 161 224 110 225 126 225 113 226 131 226 114 227 152 227 129 228 196 228 129 229 196 229 130 230 197 230 113 231 131 231 115 232 132 232 116 233 155 233 135 234 198 234 135 235 198 235 131 236 199 236 115 237 132 237 114 238 188 238 115 239 189 239 131 240 190 240 131 241 190 241 129 242 191 242 114 243 188 243 116 244 130 244 113 245 133 245 130 246 153 246 130 247 153 247 135 248 154 248 116 249 130 249 121 250 139 250 122 251 156 251 133 252 194 252 133 253 194 253 132 254 195 254 121 255 139 255 123 256 140 256 124 257 159 257 130 258 197 258 130 259 197 259 129 260 196 260 123 261 140 261 122 262 192 262 123 263 193 263 129 264 147 264 129 265 147 265 133 266 146 266 122 267 192 267 124 268 138 268 121 269 141 269 132 270 157 270 132 271 157 271 130 272 158 272 124 273 138 273 117 274 135 274 118 275 160 275 136 276 200 276 136 277 200 277 134 278 201 278 117 279 135 279 119 280 136 280 120 281 163 281 132 282 195 282 132 283 195 283 133 284 194 284 119 285 136 285 118 286 182 286 119 287 183 287 133 288 181 288 133 289 181 289 136 290 180 290 118 291 182 291 120 292 134 292 117 293 137 293 134 294 161 294 134 295 161 295 132 296 162 296 120 297 134 297 125 298 143 298 126 299 164 299 131 300 199 300 131 301 199 301 135 302 198 302 125 303 143 303 127 304 144 304 128 305 165 305 134 306 201 306 134 307 201 307 136 308 200 308 127 309 144 309 126 310 186 310 127 311 187 311 136 312 185 312 136 313 185 313 131 314 184 314 126 315 186 315 128 316 142 316 125 317 145 317 135 318 151 318 135 319 151 319 134 320 150 320 128 321 142 321 104 322 167 322 114 323 169 323 113 324 170 324 113 324 170 324 137 325 168 325 104 322 167 322 103 326 171 326 116 327 172 327 115 328 173 328 115 328 173 328 106 329 166 329 103 326 171 326 111 330 175 330 122 331 176 331 121 332 177 332 121 332 177 332 102 333 174 333 111 330 175 330 137 334 168 334 124 335 178 335 123 336 179 336 123 336 179 336 104 337 167 337 137 334 168 334 104 322 167 322 106 329 166 329 115 328 173 328 115 328 173 328 114 323 169 323 104 322 167 322 103 326 171 326 137 325 168 325 113 324 170 324 113 324 170 324 116 327 172 327 103 326 171 326 111 330 175 330 104 337 167 337 123 336 179 336 123 336 179 336 122 331 176 331 111 330 175 330 137 334 168 334 102 333 174 333 121 332 177 332 121 332 177 332 124 335 178 335 137 334 168 334 154 338 225 338 156 339 499 339 143 340 502 340 143 341 502 341 139 342 206 342 154 343 225 343 160 344 497 344 161 345 231 345 148 346 213 346 148 346 213 346 146 347 212 347 160 344 497 344 162 348 227 348 164 349 370 349 249 350 503 350 249 351 503 351 147 352 209 352 162 353 227 353 161 354 231 354 165 355 371 355 250 356 501 356 250 357 501 357 148 358 213 358 161 359 231 359 586 360 472 360 585 361 476 361 569 362 762 362 569 362 762 362 570 363 763 363 586 360 472 360 147 364 209 364 149 365 215 365 163 366 589 366 163 366 589 366 162 367 227 367 147 364 209 364 138 368 208 368 142 369 495 369 157 370 496 370 157 371 496 371 152 372 204 372 138 373 208 373 152 374 204 374 153 375 205 375 140 376 498 376 140 376 498 376 138 377 208 377 152 374 204 374 154 378 242 378 155 379 223 379 153 380 500 380 153 380 500 380 152 381 221 381 154 378 242 378 152 382 221 382 157 383 222 383 156 384 226 384 156 385 226 385 154 386 242 386 152 387 221 387 158 388 210 388 144 389 220 389 140 390 498 390 140 391 498 391 153 392 205 392 158 393 210 393 155 394 223 394 159 395 224 395 158 396 228 396 158 397 228 397 153 398 500 398 155 399 223 399 162 400 214 400 163 401 234 401 161 402 369 402 161 402 369 402 160 403 232 403 162 400 214 400 160 404 232 404 251 405 233 405 164 406 236 406 164 407 236 407 162 408 214 408 160 409 232 409 163 410 234 410 248 411 235 411 165 412 237 412 165 413 237 413 161 414 369 414 163 415 234 415 568 416 761 416 567 417 760 417 581 418 241 418 581 418 241 418 580 419 219 419 568 416 761 416 168 420 243 420 171 421 244 421 170 422 245 422 170 422 245 422 169 423 246 423 168 420 243 420 172 424 247 424 175 425 248 425 174 426 249 426 174 426 249 426 173 427 250 427 172 424 247 424 170 428 251 428 174 429 252 429 175 430 248 430 175 430 248 430 169 431 246 431 170 428 251 428 169 432 246 432 175 433 248 433 172 434 247 434 172 434 247 434 168 435 243 435 169 432 246 432 176 436 259 436 179 437 260 437 178 438 261 438 178 438 261 438 177 439 262 439 176 436 259 436 180 440 263 440 183 441 264 441 182 442 265 442 182 442 265 442 181 443 266 443 180 440 263 440 177 444 262 444 183 445 264 445 180 446 263 446 180 446 263 446 176 447 259 447 177 444 262 444 184 448 253 448 187 449 254 449 186 450 255 450 186 450 255 450 185 451 256 451 184 448 253 448 188 452 257 452 191 453 258 453 190 454 271 454 190 454 271 454 189 455 272 455 188 452 257 452 185 456 256 456 191 457 258 457 188 458 257 458 188 458 257 458 184 459 253 459 185 456 256 456 192 460 273 460 195 461 274 461 194 462 275 462 194 462 275 462 193 463 276 463 192 460 273 460 196 464 277 464 199 465 278 465 198 466 279 466 198 466 279 466 197 467 280 467 196 464 277 464 193 468 276 468 199 469 278 469 196 470 277 470 196 470 277 470 192 471 273 471 193 468 276 468 200 472 295 472 203 473 296 473 202 474 297 474 202 474 297 474 201 475 298 475 200 472 295 472 204 476 299 476 207 477 300 477 206 478 311 478 206 478 311 478 205 479 312 479 204 476 299 476 201 480 298 480 207 481 300 481 204 482 299 482 204 482 299 482 200 483 295 483 201 480 298 480 207 484 300 484 201 485 298 485 202 486 304 486 202 487 304 487 206 488 308 488 207 489 300 489 208 490 281 490 211 491 282 491 210 492 283 492 210 492 283 492 209 493 284 493 208 490 281 490 212 494 285 494 215 495 286 495 214 496 287 496 214 496 287 496 213 497 288 497 212 494 285 494 209 498 284 498 215 499 286 499 212 500 285 500 212 500 285 500 208 501 281 501 209 498 284 498 216 502 289 502 219 503 290 503 218 504 291 504 218 504 291 504 217 505 292 505 216 502 289 502 220 506 293 506 223 507 294 507 222 508 309 508 222 508 309 508 221 509 310 509 220 506 293 506 217 510 292 510 223 511 294 511 220 512 293 512 220 512 293 512 216 513 289 513 217 510 292 510 223 514 294 514 217 515 292 515 218 516 302 516 218 517 302 517 222 518 318 518 223 519 294 519 224 520 267 520 227 521 268 521 226 522 269 522 226 522 269 522 225 523 270 523 224 520 267 520 228 524 301 524 231 525 303 525 230 526 305 526 230 526 305 526 229 527 306 527 228 524 301 524 225 528 270 528 231 529 303 529 228 530 301 530 228 530 301 530 224 531 267 531 225 528 270 528 232 532 307 532 235 533 313 533 234 534 314 534 234 534 314 534 233 535 315 535 232 532 307 532 233 536 315 536 237 537 317 537 236 538 319 538 236 538 319 538 232 539 307 539 233 536 315 536 237 540 317 540 239 541 322 541 238 542 323 542 238 543 323 543 236 544 319 544 237 545 317 545 239 546 322 546 241 547 326 547 240 548 327 548 240 549 327 549 238 550 323 550 239 551 322 551 242 552 316 552 245 553 320 553 244 554 321 554 244 554 321 554 243 555 324 555 242 552 316 552 245 556 320 556 242 557 316 557 247 558 329 558 247 559 329 559 246 560 330 560 245 561 320 561 150 562 216 562 251 563 230 563 160 564 497 564 160 565 497 565 146 566 212 566 150 567 216 567 151 568 217 568 248 569 367 569 163 570 589 570 163 571 589 571 149 572 215 572 151 573 217 573 141 574 207 574 155 575 368 575 154 576 225 576 154 576 225 576 139 577 206 577 141 574 207 574 141 578 207 578 145 579 211 579 159 580 229 580 159 581 229 581 155 582 368 582 141 583 207 583 254 584 374 584 255 585 375 585 253 586 376 586 253 586 376 586 252 587 373 587 254 584 374 584 257 588 379 588 258 589 385 589 259 590 386 590 259 590 386 590 256 591 380 591 257 588 379 588 252 592 373 592 253 593 376 593 257 594 379 594 257 594 379 594 256 595 380 595 252 592 373 592 262 596 381 596 258 597 382 597 257 598 379 598 257 598 379 598 253 599 376 599 262 596 381 596 254 600 374 600 261 601 388 601 260 602 389 602 260 602 389 602 255 603 375 603 254 600 374 600 254 604 383 604 252 605 373 605 263 606 384 606 263 606 384 606 261 607 390 607 254 604 383 604 255 608 377 608 260 609 387 609 262 596 381 596 262 596 381 596 253 599 376 599 255 608 377 608 256 610 380 610 259 611 378 611 263 606 384 606 263 606 384 606 252 605 373 605 256 610 380 610 266 612 392 612 267 613 393 613 265 614 394 614 265 614 394 614 264 615 391 615 266 612 392 612 269 616 397 616 270 617 403 617 271 618 404 618 271 618 404 618 268 619 398 619 269 616 397 616 264 620 391 620 265 621 394 621 269 622 397 622 269 622 397 622 268 623 398 623 264 620 391 620 274 624 399 624 270 625 400 625 269 626 397 626 269 626 397 626 265 627 394 627 274 624 399 624 266 628 392 628 273 629 406 629 272 630 407 630 272 630 407 630 267 631 393 631 266 628 392 628 266 632 401 632 264 633 391 633 275 634 402 634 275 634 402 634 273 635 408 635 266 632 401 632 267 636 395 636 272 637 405 637 274 624 399 624 274 624 399 624 265 627 394 627 267 636 395 636 268 638 398 638 271 639 396 639 275 634 402 634 275 634 402 634 264 633 391 633 268 638 398 638 276 640 409 640 277 641 410 641 278 642 411 642 277 643 410 643 276 644 409 644 279 645 412 645 279 646 412 646 280 647 413 647 277 648 410 648 280 649 413 649 279 650 412 650 281 651 414 651 276 652 409 652 285 653 415 653 286 654 416 654 286 655 416 655 279 656 412 656 276 657 409 657 283 658 417 658 282 659 418 659 288 660 419 660 288 661 419 661 284 662 420 662 283 663 417 663 282 664 418 664 283 665 417 665 286 666 416 666 286 667 416 667 285 668 415 668 282 669 418 669 286 670 747 670 283 671 417 671 284 672 420 672 284 673 420 673 287 674 421 674 286 675 747 675 282 676 418 676 285 677 746 677 289 678 422 678 289 679 422 679 288 680 419 680 282 681 418 681 277 682 410 682 280 683 413 683 290 684 423 684 290 685 423 685 296 686 424 686 277 687 410 687 278 688 411 688 277 689 410 689 291 690 425 690 291 691 425 691 292 692 426 692 278 693 411 693 277 694 744 694 296 695 424 695 297 696 427 696 297 697 427 697 291 698 748 698 277 699 744 699 290 700 423 700 280 701 745 701 294 702 428 702 294 703 428 703 293 704 429 704 290 705 423 705 280 706 413 706 281 707 414 707 295 708 430 708 295 709 430 709 294 710 749 710 280 711 413 711 290 712 423 712 293 713 429 713 297 714 427 714 297 715 427 715 296 716 424 716 290 717 423 717 299 718 437 718 300 719 438 719 301 720 439 720 301 720 439 720 298 721 436 721 299 718 437 718 303 722 441 722 304 723 442 723 305 724 443 724 305 724 443 724 302 725 440 725 303 722 441 722 298 726 436 726 301 727 439 727 303 728 441 728 303 728 441 728 302 729 440 729 298 726 436 726 306 730 444 730 304 731 445 731 303 732 441 732 303 732 441 732 301 733 439 733 306 730 444 730 299 734 437 734 307 735 446 735 308 736 447 736 308 736 447 736 300 737 438 737 299 734 437 734 299 738 448 738 298 739 436 739 309 740 449 740 309 740 449 740 307 741 450 741 299 738 448 738 300 742 451 742 308 743 452 743 306 730 444 730 306 730 444 730 301 733 439 733 300 742 451 742 302 744 440 744 305 745 453 745 309 740 449 740 309 740 449 740 298 739 436 739 302 744 440 744 311 746 455 746 312 747 456 747 313 748 457 748 313 748 457 748 310 749 454 749 311 746 455 746 315 750 459 750 316 751 460 751 317 752 461 752 317 752 461 752 314 753 458 753 315 750 459 750 310 754 454 754 313 755 457 755 315 756 459 756 315 756 459 756 314 757 458 757 310 754 454 754 318 758 462 758 316 759 463 759 315 760 459 760 315 760 459 760 313 761 457 761 318 758 462 758 311 762 455 762 319 763 464 763 320 764 465 764 320 764 465 764 312 765 456 765 311 762 455 762 311 766 466 766 310 767 454 767 321 768 467 768 321 768 467 768 319 769 468 769 311 766 466 766 312 770 469 770 320 771 470 771 318 758 462 758 318 758 462 758 313 761 457 761 312 770 469 770 314 772 458 772 317 773 471 773 321 768 467 768 321 768 467 768 310 767 454 767 314 772 458 772 325 774 473 774 323 775 474 775 328 776 475 776 324 777 477 777 322 778 478 778 328 776 475 776 328 776 475 776 323 775 474 775 324 777 477 777 327 779 566 779 325 780 568 780 328 781 582 781 328 782 582 782 326 783 479 783 327 784 566 784 329 785 482 785 328 776 475 776 322 778 478 778 327 786 566 786 326 787 479 787 331 788 480 788 329 789 482 789 322 790 478 790 330 791 567 791 330 792 567 792 331 793 583 793 329 794 482 794 328 795 475 795 329 796 482 796 331 797 483 797 331 798 483 798 326 799 484 799 328 800 475 800 332 801 485 801 341 802 486 802 335 803 487 803 335 803 487 803 333 804 488 804 332 801 485 801 336 805 489 805 337 806 490 806 339 807 491 807 339 807 491 807 338 808 492 808 336 805 489 805 332 809 485 809 333 810 488 810 337 811 490 811 332 809 485 809 337 811 490 811 336 812 489 812 340 813 493 813 332 809 485 809 336 812 489 812 334 814 494 814 340 815 493 815 336 816 489 816 336 816 489 816 338 817 742 817 334 814 494 814 332 818 485 818 340 819 493 819 334 820 743 820 334 821 743 821 341 822 741 822 332 823 485 823 343 824 505 824 344 825 506 825 345 826 507 826 345 826 507 826 342 827 504 827 343 824 505 824 346 828 511 828 347 829 515 829 348 830 737 830 348 831 737 831 349 832 738 832 346 833 511 833 342 834 504 834 345 835 507 835 347 836 515 836 347 836 515 836 346 837 511 837 342 834 504 834 350 838 516 838 352 839 517 839 353 840 518 840 353 840 518 840 351 841 519 841 350 838 516 838 354 842 520 842 355 843 521 843 357 844 523 844 357 844 523 844 356 845 522 845 354 842 520 842 350 846 516 846 351 847 519 847 355 848 521 848 355 848 521 848 354 849 520 849 350 846 516 846 356 850 522 850 357 851 523 851 359 852 529 852 359 853 529 853 358 854 528 854 356 855 522 855 358 856 528 856 359 857 529 857 361 858 530 858 361 859 530 859 360 860 531 860 358 861 528 861 370 862 533 862 371 863 543 863 368 864 542 864 368 864 542 864 366 865 532 865 370 862 533 862 362 866 535 866 370 867 533 867 366 868 532 868 363 869 537 869 365 870 538 870 369 871 540 871 369 871 540 871 367 872 544 872 363 869 537 869 364 873 541 873 362 874 535 874 366 875 532 875 366 875 532 875 368 876 534 876 364 873 541 873 367 877 544 877 369 878 539 878 371 863 536 879 371 863 536 879 370 862 533 862 367 877 544 877 363 879 537 880 367 880 544 881 370 867 533 867 370 867 533 867 362 866 535 866 363 879 537 880 380 881 546 882 376 882 545 883 378 883 555 884 378 883 555 884 381 884 556 885 380 881 546 882 372 885 548 886 376 886 545 887 380 887 546 888 373 888 550 889 377 889 557 890 379 890 553 891 379 890 553 891 375 891 551 892 373 888 550 889 374 892 554 893 378 893 547 894 376 894 545 895 376 894 545 895 372 895 548 896 374 892 554 893 377 896 557 897 380 881 546 882 381 884 549 898 381 884 549 898 379 897 552 899 377 896 557 897 373 898 550 900 372 885 548 886 380 887 546 888 380 887 546 888 377 899 557 901 373 898 550 900 383 900 559 902 384 901 560 903 385 902 561 904 385 902 561 904 382 903 558 905 383 900 559 902 386 904 562 906 387 905 563 907 388 906 564 908 388 907 564 909 389 908 565 910 386 909 562 911 382 910 558 912 385 911 561 913 387 912 563 914 387 912 563 914 386 913 562 915 382 910 558 912 391 914 513 916 392 915 514 917 393 916 569 918 393 916 569 918 390 917 512 919 391 914 513 916 394 918 570 920 395 919 571 921 396 920 572 922 396 921 572 923 397 922 573 924 394 923 570 925 390 924 512 926 393 925 569 927 395 926 571 928 395 926 571 928 394 927 570 929 390 924 512 926 399 928 575 930 400 929 576 931 401 930 577 932 401 930 577 932 398 931 574 933 399 928 575 930 402 932 578 934 403 933 579 935 404 934 580 936 404 935 580 937 405 936 581 938 402 937 578 939 398 938 574 940 401 939 577 941 403 940 579 942 403 940 579 942 402 941 578 943 398 938 574 940 411 942 585 944 421 943 604 945 420 944 599 946 420 944 599 946 406 945 584 947 411 942 585 944 406 946 584 948 420 947 599 949 419 948 601 950 419 948 601 950 408 949 586 951 406 946 584 948 411 950 585 952 406 951 584 953 412 952 594 954 408 953 586 955 413 954 591 956 412 955 596 957 412 956 596 958 406 957 584 959 408 958 586 960 408 959 587 961 407 960 588 962 413 961 590 963 409 962 739 964 411 963 585 965 412 964 594 966 413 965 591 967 410 966 592 968 409 967 595 969 409 968 595 970 412 969 596 971 413 970 591 972 410 971 593 973 413 972 590 974 407 973 588 975 407 974 588 976 408 975 587 977 419 976 603 978 419 976 603 978 417 977 607 979 407 974 588 976 420 978 599 980 421 979 604 981 415 980 605 982 415 981 609 983 418 982 602 984 419 983 601 985 419 984 601 986 420 985 599 987 415 986 609 988 419 987 603 989 418 988 608 990 417 989 607 991 415 990 605 992 421 991 604 993 414 992 740 994 414 993 598 995 416 994 600 996 418 995 602 997 418 996 602 998 415 997 609 999 414 998 598 1000 417 999 607 1001 418 1000 608 1002 416 1001 611 1003 422 1002 612 1004 424 1003 613 1005 425 1004 614 1006 425 1004 614 1006 423 1005 615 1007 422 1002 612 1004 426 1006 623 1008 427 1007 622 1009 429 1008 618 1010 429 1008 618 1010 428 1009 625 1011 426 1006 623 1008 422 1010 612 1012 423 1011 615 1013 427 1012 622 1014 427 1012 622 1014 426 1013 623 1015 422 1010 612 1012 424 1014 621 1016 422 1015 612 1017 426 1016 623 1018 426 1016 623 1018 428 1017 619 1019 424 1014 621 1016 430 1018 616 1020 431 1019 617 1021 437 1020 620 1022 437 1020 620 1022 436 1021 624 1023 430 1018 616 1020 432 1022 635 1024 433 1023 632 1025 434 1024 628 1026 434 1024 628 1026 435 1025 639 1027 432 1022 635 1024 430 1026 616 1028 436 1027 624 1029 433 1028 632 1030 433 1028 632 1030 432 1029 635 1031 430 1026 616 1028 431 1030 637 1032 430 1031 616 1033 432 1032 635 1034 432 1032 635 1034 435 1033 629 1035 431 1030 637 1032 434 1034 633 1036 433 1035 632 1037 436 1036 624 1038 436 1037 624 1039 437 1038 630 1040 434 1039 633 1041 440 1040 648 1042 438 1041 702 1043 439 1042 655 1044 441 1043 649 1045 442 1044 652 1046 447 1045 650 1047 447 1045 650 1047 446 1046 719 1048 441 1043 649 1045 441 1047 713 1049 440 1040 648 1042 439 1042 655 1044 439 1042 655 1044 442 1048 712 1050 441 1047 713 1049 443 1049 646 1051 444 1050 647 1052 439 1051 655 1053 439 1051 655 1053 438 1052 702 1054 443 1049 646 1051 445 1053 651 1055 444 1054 647 1056 443 1055 646 1057 444 1056 647 1058 447 1057 650 1059 442 1058 652 1060 442 1058 652 1060 439 1059 655 1061 444 1056 647 1058 446 1060 721 1062 447 1061 722 1063 444 1054 647 1056 444 1054 647 1056 445 1053 651 1055 446 1060 721 1062 448 1062 325 1064 449 1063 332 1065 450 1064 339 1066 450 1064 339 1066 451 1065 341 1067 448 1062 325 1064 452 1066 343 1068 471 1067 344 1069 470 1068 345 1070 470 1068 345 1070 453 1069 346 1071 452 1066 343 1068 448 1070 325 1072 451 1071 341 1073 471 1072 344 1074 471 1072 344 1074 452 1073 343 1075 448 1070 325 1072 449 1074 750 1076 448 1075 325 1077 452 1076 343 1078 452 1076 343 1078 453 1077 753 1079 449 1074 750 1076 455 1078 358 1080 456 1079 359 1081 457 1080 360 1082 457 1080 360 1082 454 1081 357 1083 455 1078 358 1080 454 1082 357 1084 457 1083 360 1085 459 1084 364 1086 459 1084 364 1086 458 1085 361 1087 454 1082 357 1084 455 1086 358 1088 454 1087 357 1089 460 1088 435 1090 458 1089 361 1091 461 1090 365 1092 460 1091 366 1093 460 1092 366 1094 454 1093 357 1095 458 1094 361 1096 458 1095 362 1097 462 1096 363 1098 461 1097 433 1099 463 1098 610 1100 455 1099 358 1101 460 1100 435 1102 461 1101 365 1103 464 1102 661 1104 463 1103 662 1105 463 1104 662 1106 460 1105 366 1107 461 1106 365 1108 464 1107 434 1109 461 1108 433 1110 462 1109 363 1111 462 1110 363 1112 458 1111 362 1113 459 1112 658 1114 459 1112 658 1114 465 1113 659 1115 462 1110 363 1112 457 1114 360 1116 456 1115 359 1117 466 1116 669 1118 466 1117 431 1119 467 1118 432 1120 459 1119 364 1121 459 1120 364 1122 457 1121 360 1123 466 1122 431 1124 459 1123 658 1125 467 1124 663 1126 465 1125 659 1127 466 1126 669 1128 456 1127 359 1129 468 1128 670 1130 468 1129 672 1131 469 1130 673 1132 467 1131 432 1133 467 1132 432 1134 466 1133 431 1135 468 1134 672 1136 465 1135 659 1137 467 1136 663 1138 469 1137 665 1139 451 1138 341 1140 450 1139 751 1141 470 1140 752 1142 470 1141 752 1143 471 1142 344 1144 451 1143 341 1145 481 1144 347 1146 480 1145 348 1147 472 1146 349 1148 473 1147 350 1149 474 1148 756 1150 475 1149 352 1151 475 1149 352 1151 476 1150 353 1152 473 1147 350 1149 473 1151 755 1153 481 1144 347 1146 472 1146 349 1148 472 1146 349 1148 474 1152 351 1154 473 1151 755 1153 477 1153 354 1155 478 1154 355 1156 472 1155 349 1157 472 1155 349 1157 480 1156 348 1158 477 1153 354 1155 479 1157 356 1159 478 1158 355 1160 477 1159 354 1161 478 1160 355 1162 475 1161 352 1163 474 1162 756 1164 474 1162 756 1164 472 1163 349 1165 478 1160 355 1162 476 1164 758 1166 475 1165 757 1167 478 1158 355 1160 478 1158 355 1160 479 1157 356 1159 476 1164 758 1166 479 1166 759 1168 477 1167 354 1169 480 1168 348 1170 480 1169 348 1171 481 1170 754 1172 479 1171 759 1173 482 1172 337 1174 483 1173 328 1175 484 1174 331 1176 484 1174 331 1176 485 1175 338 1177 482 1172 337 1174 486 1176 333 1178 487 1177 334 1179 488 1178 335 1180 488 1178 335 1180 489 1179 336 1181 486 1176 333 1178 482 1180 337 1182 485 1181 338 1183 487 1182 334 1184 487 1182 334 1184 486 1183 333 1185 482 1180 337 1182 483 1184 340 1186 482 1185 337 1187 486 1186 333 1188 486 1186 333 1188 489 1187 342 1189 483 1184 340 1186 490 1188 656 1190 491 1189 657 1191 492 1190 660 1192 492 1190 660 1192 493 1191 664 1193 490 1188 656 1190 490 1192 656 1194 493 1193 664 1195 495 1194 667 1196 495 1194 667 1196 494 1195 668 1197 490 1192 656 1194 491 1196 666 1198 490 1197 656 1199 494 1198 668 1200 494 1198 668 1200 496 1199 671 1201 491 1196 666 1198 571 1200 764 1202 572 1201 765 1203 579 1202 606 1204 579 1202 606 1204 583 1203 238 1205 571 1200 764 1202 503 1204 680 1206 497 1205 675 1207 498 1206 674 1208 498 1207 674 1209 504 1208 681 1210 503 1209 680 1211 502 1210 678 1212 499 1211 723 1213 500 1212 677 1214 500 1213 677 1215 501 1214 676 1216 502 1215 678 1217 498 1216 674 1218 497 1217 675 1219 501 1218 676 1220 501 1219 676 1221 500 1220 677 1222 498 1221 674 1223 503 1222 680 1224 504 1223 681 1225 506 1224 682 1226 506 1225 682 1227 505 1226 679 1228 503 1227 680 1229 507 1228 636 1230 508 1229 643 1231 509 1230 526 1232 509 1230 526 1232 510 1231 645 1233 507 1228 636 1230 511 1232 626 1234 512 1233 686 1235 513 1234 631 1236 513 1234 631 1236 514 1235 634 1237 511 1232 626 1234 507 1236 636 1238 510 1237 645 1239 512 1238 686 1240 512 1238 686 1240 511 1239 626 1241 507 1236 636 1238 508 1240 525 1242 507 1241 636 1243 511 1242 626 1244 511 1242 626 1244 514 1243 641 1245 508 1240 525 1242 510 1244 645 1246 509 1245 644 1247 513 1246 685 1248 513 1247 685 1249 512 1248 686 1250 510 1249 645 1251 519 1250 694 1252 520 1251 693 1253 521 1252 687 1254 521 1252 687 1254 522 1253 690 1255 519 1250 694 1252 515 1254 691 1256 518 1255 692 1257 520 1256 693 1258 520 1256 693 1258 519 1257 694 1259 515 1254 691 1256 516 1258 695 1260 515 1259 691 1261 519 1260 694 1262 519 1260 694 1262 522 1261 698 1263 516 1258 695 1260 518 1262 692 1264 517 1263 700 1265 521 1264 701 1266 521 1265 701 1267 520 1266 693 1268 518 1267 692 1269 527 1268 524 1270 528 1269 527 1271 524 1270 627 1272 524 1270 627 1272 523 1271 638 1273 527 1268 524 1270 529 1272 640 1274 527 1273 524 1275 523 1274 638 1276 523 1274 638 1276 526 1275 684 1277 529 1272 640 1274 528 1276 527 1278 530 1277 688 1279 525 1278 689 1280 525 1279 689 1281 524 1280 627 1282 528 1281 527 1283 531 1282 710 1284 532 1283 709 1285 533 1284 705 1286 533 1284 705 1286 534 1285 706 1287 531 1282 710 1284 535 1286 707 1288 536 1287 708 1289 532 1288 709 1290 532 1288 709 1290 531 1289 710 1291 535 1286 707 1288 537 1290 711 1292 535 1291 707 1293 531 1292 710 1294 531 1292 710 1294 534 1293 714 1295 537 1290 711 1292 536 1294 708 1296 538 1295 716 1297 533 1296 717 1298 533 1297 717 1299 532 1298 709 1300 536 1299 708 1301 539 1300 642 1302 540 1301 683 1303 541 1302 696 1304 541 1302 696 1304 542 1303 697 1305 539 1300 642 1302 543 1304 699 1306 539 1305 642 1307 542 1306 697 1308 542 1306 697 1308 544 1307 704 1309 543 1304 699 1306 545 1308 653 1310 546 1309 654 1311 547 1310 703 1312 547 1310 703 1312 548 1311 715 1313 545 1308 653 1310 549 1312 718 1314 545 1313 653 1315 548 1314 715 1316 548 1314 715 1316 550 1315 720 1317 549 1312 718 1314 505 1316 679 1318 506 1317 682 1319 554 1318 509 1320 554 1318 509 1320 553 1319 508 1321 505 1316 679 1318 554 1320 509 1322 552 1321 510 1323 551 1322 724 1324 551 1322 724 1324 553 1323 508 1325 554 1320 509 1322 555 1324 725 1326 556 1325 726 1327 557 1326 727 1328 557 1326 727 1328 558 1327 728 1329 555 1324 725 1326 559 1328 729 1330 555 1329 725 1331 558 1330 728 1332 558 1330 728 1332 560 1331 730 1333 559 1328 729 1330 561 1332 731 1334 562 1333 732 1335 563 1334 733 1336 563 1334 733 1336 564 1335 734 1337 561 1332 731 1334 565 1336 735 1338 561 1337 731 1339 564 1338 734 1340 564 1338 734 1340 566 1339 736 1341 565 1336 735 1338 331 788 480 788 330 1340 481 1342 574 1341 767 1343 574 1341 767 1343 577 1342 770 1344 331 788 480 788 167 1343 239 1345 166 1344 240 1346 573 1345 766 1347 573 1345 766 1347 576 1346 769 1348 167 1343 239 1345 577 1342 770 1344 327 786 566 786 331 788 480 788 551 1347 372 1349 552 1348 597 1350 575 1349 768 1351 575 1349 768 1351 578 1350 771 1352 551 1347 372 1349 585 1351 772 1353 579 1352 773 1354 580 1353 774 1355 580 1353 774 1355 581 1354 218 1356 585 1351 772 1353 583 1355 777 1357 586 1356 778 1358 584 1357 775 1359 584 1357 775 1359 582 1358 776 1360 583 1355 777 1357 585 1351 772 1353 586 1356 778 1358 583 1355 777 1357 583 1355 777 1357 579 1352 773 1354 585 1351 772 1353</p>
        </triangles>
      </mesh>
    </geometry>
  </library_geometries>
  <library_lights>
    <light id="EnvironmentAmbientLight" name="EnvironmentAmbientLight">
      <technique_common>
        <ambient>
          <color>0 0 0</color>
        </ambient>
      </technique_common>
    </light>
  </library_lights>
  <library_images>
    <image id="server_data_xx_dds">
      <init_from>./images/server_data_xx.dds</init_from>
    </image>
  </library_images>
  <library_visual_scenes>
    <visual_scene id="MaxScene">
      <node name="EnvironmentAmbientLight">
        <instance_light url="#EnvironmentAmbientLight"/>
      </node>
      <node id="node-server_data_01" name="server_data_01">
        <matrix>1 0 0 0 0 1 0 -0.05051041 0 0 1 0 0 0 0 1</matrix>
        <instance_geometry url="#geom-server_data_01">
          <bind_material>
            <technique_common>
              <instance_material symbol="server_data_xx" target="#server_data_xx-material">
                <bind_vertex_input semantic="CHANNEL1" input_semantic="TEXCOORD" input_set="0"/>
              </instance_material>
            </technique_common>
          </bind_material>
        </instance_geometry>
      </node>
    </visual_scene>
  </library_visual_scenes>
  <scene>
    <instance_visual_scene url="#MaxScene"/>
  </scene>
</COLLADA>