<?xml version="1.0" encoding="utf-8"?>
<COLLADA xmlns="http://www.collada.org/2005/11/COLLADASchema" version="1.4.1">
  <asset>
    <contributor>
      <author>marcus</author>
      <authoring_tool>OpenCOLLADA2008 x64</authoring_tool>
      <comments>
			ColladaMaya export options: 
			bakeTransforms=0;relativePaths=0;copyTextures=0;exportTriangles=1;exportCgfxFileReferences=1;
			isSampling=0;curveConstrainSampling=0;removeStaticCurves=1;exportPolygonMeshes=1;exportLights=0;
			exportCameras=0;exportJointsAndSkin=0;exportAnimations=0;exportInvisibleNodes=0;exportDefaultCameras=0;
			exportTexCoords=1;exportNormals=1;exportNormalsPerVertex=1;exportVertexColors=1;exportVertexColorsPerVertex=1;
			exportTexTangents=0;exportTangents=0;exportReferencedMaterials=0;exportMaterialsOnly=0;
			exportXRefs=1;dereferenceXRefs=1;exportCameraAsLookat=0;cameraXFov=0;cameraYFov=1;doublePrecision=0
		</comments>
      <source_data>file:///C:/Users/marcus/Documents/maya/projects/default/untitled</source_data>
    </contributor>
    <created>2013-12-05T15:40:58</created>
    <modified>2013-12-05T15:40:58</modified>
    <unit name="meter" meter="1"/>
    <up_axis>Y_UP</up_axis>
  </asset>
  <library_materials>
    <material id="Material-computer_communication_table" name="computer_communication_table_1">
      <instance_effect url="#Effect-computer_communication_table"/>
    </material>
  </library_materials>
  <library_effects>
    <effect id="Effect-computer_communication_table">
      <profile_COMMON>
        <newparam sid="Image0002-surface">
          <surface type="2D">
            <init_from>Image0002</init_from>
          </surface>
        </newparam>
        <newparam sid="Image0002-sampler">
          <sampler2D>
            <source>Image0002-surface</source>
          </sampler2D>
        </newparam>
        <newparam sid="Image0004-surface">
          <surface type="2D">
            <init_from>Image0004</init_from>
          </surface>
        </newparam>
        <newparam sid="Image0004-sampler">
          <sampler2D>
            <source>Image0004-surface</source>
          </sampler2D>
        </newparam>
        <technique sid="common">
          <phong>
            <emission>
              <color>0 0 0 1</color>
            </emission>
            <ambient>
              <color>0 0 0 1</color>
            </ambient>
            <diffuse>
              <texture texture="Image0002-sampler" texcoord="TEX0">
                <extra>
                  <technique profile="OpenCOLLADAMaya">
                    <blend_mode>NONE</blend_mode>
                    <coverageU>1</coverageU>
                    <coverageV>1</coverageV>
                    <fast>0</fast>
                    <mirrorU>0</mirrorU>
                    <mirrorV>0</mirrorV>
                    <noiseU>0</noiseU>
                    <noiseV>0</noiseV>
                    <offsetU>0</offsetU>
                    <offsetV>0</offsetV>
                    <repeatU>1</repeatU>
                    <repeatV>1</repeatV>
                    <rotateFrame>0</rotateFrame>
                    <rotateUV>0</rotateUV>
                    <stagger>0</stagger>
                    <translateFrameU>0</translateFrameU>
                    <translateFrameV>0</translateFrameV>
                    <wrapU>1</wrapU>
                    <wrapV>1</wrapV>
                  </technique>
                </extra>
              </texture>
            </diffuse>
            <specular>
              <texture texture="Image0004-sampler" texcoord="TEX1">
                <extra>
                  <technique profile="OpenCOLLADAMaya">
                    <blend_mode>NONE</blend_mode>
                    <coverageU>1</coverageU>
                    <coverageV>1</coverageV>
                    <fast>0</fast>
                    <mirrorU>0</mirrorU>
                    <mirrorV>0</mirrorV>
                    <noiseU>0</noiseU>
                    <noiseV>0</noiseV>
                    <offsetU>0</offsetU>
                    <offsetV>0</offsetV>
                    <repeatU>1</repeatU>
                    <repeatV>1</repeatV>
                    <rotateFrame>0</rotateFrame>
                    <rotateUV>0</rotateUV>
                    <stagger>0</stagger>
                    <translateFrameU>0</translateFrameU>
                    <translateFrameV>0</translateFrameV>
                    <wrapU>1</wrapU>
                    <wrapV>1</wrapV>
                  </technique>
                </extra>
              </texture>
            </specular>
            <shininess>
              <float>24.2515</float>
            </shininess>
            <reflective>
              <color>0 0 0 1</color>
            </reflective>
            <reflectivity>
              <float>0</float>
            </reflectivity>
            <transparent opaque="RGB_ZERO">
              <color>0 0 0 1</color>
            </transparent>
            <transparency>
              <float>1</float>
            </transparency>
          </phong>
        </technique>
      </profile_COMMON>
    </effect>
  </library_effects>
  <library_images>
    <image id="Image0004" name="Image0004">
      <init_from>file:///D:/Work/Google%20Drive/Work%20-%20Studio/Station_batch06/assets/tech/computer_communication_table/computer_communication_table_spec.tga</init_from>
      <extra>
        <technique profile="OpenCOLLADAMaya">
          <dgnode_type>kFile</dgnode_type>
          <image_sequence>0</image_sequence>
          <originalMayaNodeId>Image0004</originalMayaNodeId>
        </technique>
      </extra>
    </image>
    <image id="Image0002" name="Image0002">
      <init_from>file:///D:/work/depth/redist/entities/station/tech/computer_communication_table/computer_communication_table.dds</init_from>
      <extra>
        <technique profile="OpenCOLLADAMaya">
          <dgnode_type>kFile</dgnode_type>
          <image_sequence>0</image_sequence>
          <originalMayaNodeId>Image0002</originalMayaNodeId>
        </technique>
      </extra>
    </image>
  </library_images>
  <library_geometries>
    <geometry id="Geometry-mesh001" name="battery_hatch">
      <mesh>
        <source id="Geometry-mesh001-positions" name="Geometry-mesh001-positions">
          <float_array id="Geometry-mesh001-positions-array" count="72">1.27263 0.498276 -0.0300453 1.27263 0.274867 -0.0300453 0.949468 0.274867 -0.0300453 0.949468 0.498276 -0.0300453 1.26051 0.498276 -0.01759431 1.26051 0.274867 -0.01759431 0.961587 0.274867 -0.01759431 0.961587 0.498276 -0.01759431 0.961587 0.458063 -0.01759431 0.961587 0.315081 -0.01759431 1.26051 0.458063 -0.01759431 1.26051 0.315081 -0.01759431 0.984754 0.442335 -0.01759431 0.984754 0.330809 -0.01759431 1.23735 0.442335 -0.01759431 1.23735 0.330809 -0.01759431 0.949468 0.498276 -0.0411193 1.27263 0.498276 -0.0411193 1.27263 0.274867 -0.0411193 0.949468 0.274867 -0.0411193 1.27263 0.330809 -0.0300453 1.27263 0.442335 -0.0300453 0.949468 0.442335 -0.0300453 0.949468 0.330809 -0.0300453</float_array>
          <technique_common>
            <accessor source="#Geometry-mesh001-positions-array" count="24" stride="3">
              <param name="X" type="float"/>
              <param name="Y" type="float"/>
              <param name="Z" type="float"/>
            </accessor>
          </technique_common>
        </source>
        <source id="Geometry-mesh001-normals" name="Geometry-mesh001-normals">
          <float_array id="Geometry-mesh001-normals-array" count="396">0.1988261 0.09074605 0.9758245 0.2667719 0.06778899 0.9613727 0.8646895 0.08752394 0.4946227 0.8646895 0.08752394 0.4946227 0.8675453 0 0.4973582 1 0 0 0.312753 -0.07947299 0.9465039 0.130185 -0.09072303 0.9873304 0.7287943 -0.08714005 0.6791653 0.8675453 0 0.4973582 0.7287943 -0.08714005 0.6791653 1 0 0 -0.165407 -0.07549299 0.9833317 -0.312753 -0.07947299 0.9465039 -0.8646895 -0.08752394 0.4946227 -1 0 0 -0.8646895 -0.08752394 0.4946227 -0.8675453 0 0.4973582 -0.10813 0.07535399 0.9912769 -0.7287943 0.08714005 0.6791653 -0.3762968 0.09561996 0.9215516 -1 0 0 -0.8675453 0 0.4973582 -0.7287943 0.08714005 0.6791653 0 1 0 0 1 0 0 1 0 0 1 0 0 1 0 0 1 0 0.256754 0 0.9664769 0.312753 -0.07947299 0.9465039 0.8675453 0 0.4973582 0.7287943 -0.08714005 0.6791653 0.8675453 0 0.4973582 0.312753 -0.07947299 0.9465039 -0.3762968 0.09561996 0.9215516 0.2667719 0.06778899 0.9613727 -0.10813 0.07535399 0.9912769 0.1988261 0.09074605 0.9758245 -0.10813 0.07535399 0.9912769 0.2667719 0.06778899 0.9613727 0.3889252 0 0.9212694 0.8675453 0 0.4973582 0.2667719 0.06778899 0.9613727 0.8646895 0.08752394 0.4946227 0.2667719 0.06778899 0.9613727 0.8675453 0 0.4973582 -0.3889252 0 0.9212694 -0.8675453 0 0.4973582 -0.312753 -0.07947299 0.9465039 -0.8646895 -0.08752394 0.4946227 -0.312753 -0.07947299 0.9465039 -0.8675453 0 0.4973582 -1 0 0 -1 0 0 -0.8646895 -0.08752394 0.4946227 -0.7287943 0.08714005 0.6791653 -0.8646895 -0.08752394 0.4946227 -1 0 0 -0.3762968 0.09561996 0.9215516 -0.256754 0 0.9664769 0.2667719 0.06778899 0.9613727 0.3889252 0 0.9212694 0.2667719 0.06778899 0.9613727 -0.256754 0 0.9664769 0 1 0 0 0.894427 -0.447214 0 1 0 0 0.447214 -0.894427 0 1 0 0 0.894427 -0.447214 0 -1 0 0 -1 0 0 -1 0 0 -1 0 0 -1 0 0 -1 0 -0.312753 -0.07947299 0.9465039 -0.165407 -0.07549299 0.9833317 0.312753 -0.07947299 0.9465039 0.130185 -0.09072303 0.9873304 0.312753 -0.07947299 0.9465039 -0.165407 -0.07549299 0.9833317 0 -0.447214 -0.894427 0 -1 0 0 -0.894427 -0.447214 0 -1 0 0 -0.894427 -0.447214 0 -1 0 0.130185 -0.09072303 0.9873304 0.1988261 0.09074605 0.9758245 0.7287943 -0.08714005 0.6791653 0.8646895 0.08752394 0.4946227 0.7287943 -0.08714005 0.6791653 0.1988261 0.09074605 0.9758245 -0.165407 -0.07549299 0.9833317 -0.10813 0.07535399 0.9912769 0.130185 -0.09072303 0.9873304 0.1988261 0.09074605 0.9758245 0.130185 -0.09072303 0.9873304 -0.10813 0.07535399 0.9912769 0 0.894427 -0.447214 0 -0.447214 -0.894427 0 0.447214 -0.894427 0 -0.894427 -0.447214 0 0.447214 -0.894427 0 -0.447214 -0.894427 1 0 0 1 0 0 0.8646895 0.08752394 0.4946227 0.7287943 -0.08714005 0.6791653 0.8646895 0.08752394 0.4946227 1 0 0 -0.8646895 -0.08752394 0.4946227 -0.7287943 0.08714005 0.6791653 -0.165407 -0.07549299 0.9833317 -0.10813 0.07535399 0.9912769 -0.165407 -0.07549299 0.9833317 -0.7287943 0.08714005 0.6791653 -0.3889252 0 0.9212694 -0.312753 -0.07947299 0.9465039 0.256754 0 0.9664769 0.312753 -0.07947299 0.9465039 0.256754 0 0.9664769 -0.312753 -0.07947299 0.9465039 -0.256754 0 0.9664769 -0.3762968 0.09561996 0.9215516 -0.8675453 0 0.4973582 -0.7287943 0.08714005 0.6791653 -0.8675453 0 0.4973582 -0.3762968 0.09561996 0.9215516</float_array>
          <technique_common>
            <accessor source="#Geometry-mesh001-normals-array" count="132" stride="3">
              <param name="X" type="float"/>
              <param name="Y" type="float"/>
              <param name="Z" type="float"/>
            </accessor>
          </technique_common>
        </source>
        <source id="Geometry-mesh001-Geometry-mesh001-uvSet1" name="Geometry-mesh001-Geometry-mesh001-uvSet1">
          <float_array id="Geometry-mesh001-Geometry-mesh001-uvSet1-array" count="72">0.363491 0.048392 0.368507 0.041364 0.3721 0.048545 0.372225 0.0237 0.374585 0.023828 0.368515 0.104896 0.363504 0.09787 0.372097 0.097716 0.372229 0.122558 0.374585 0.122433 0.307541 0.097883 0.302529 0.104922 0.298938 0.097745 0.296465 0.122471 0.298822 0.122593 0.307515 0.048406 0.298914 0.048561 0.302498 0.04137 0.296412 0.023844 0.298773 0.023714 0.445714 0.02432 0.377417 0.024321 0.443152 0.019057 0.379978 0.019058 0.368478 0.122672 0.368468 0.02358 0.302572 0.122707 0.302533 0.023595 0.445714 0.029001 0.377417 0.029002 0.377417 0.128111 0.445714 0.128111 0.379979 0.133374 0.443153 0.133374 0.445714 0.12343 0.377417 0.12343</float_array>
          <technique_common>
            <accessor source="#Geometry-mesh001-Geometry-mesh001-uvSet1-array" count="36" stride="2">
              <param name="S" type="float"/>
              <param name="T" type="float"/>
            </accessor>
          </technique_common>
        </source>
        <vertices id="Geometry-mesh001-vertices" name="Geometry-mesh001-vertices">
          <input semantic="POSITION" source="#Geometry-mesh001-positions"/>
        </vertices>
        <triangles material="computer_communication_table_1SG" count="44">
          <input semantic="VERTEX" source="#Geometry-mesh001-vertices" offset="0"/>
          <input semantic="NORMAL" source="#Geometry-mesh001-normals" offset="1"/>
          <input semantic="TEXCOORD" source="#Geometry-mesh001-Geometry-mesh001-uvSet1" offset="2" set="0"/>
          <p>15 0 0 11 1 1 20 2 2 20 3 2 1 4 3 18 5 4 10 6 5 14 7 6 21 8 7 0 9 8 21 10 7 17 11 9 12 12 10 8 13 11 22 14 12 16 15 13 22 16 12 3 17 14 13 18 15 23 19 16 9 20 17 19 21 18 2 22 19 23 23 16 0 24 20 3 25 21 4 26 22 7 27 23 4 28 22 3 29 21 4 30 24 10 31 5 0 32 8 21 33 7 0 34 8 10 35 5 9 36 17 11 37 1 13 38 15 15 39 0 13 40 15 11 41 1 5 42 25 1 43 3 11 44 1 20 45 2 11 46 1 1 47 3 7 48 26 3 49 14 8 50 11 22 51 12 8 52 11 3 53 14 16 54 13 19 55 18 22 56 12 23 57 16 22 58 12 19 59 18 9 60 17 6 61 27 11 62 1 5 63 25 11 64 1 6 65 27 0 66 20 17 67 28 3 68 21 16 69 29 3 70 21 17 71 28 2 72 30 1 73 31 6 74 32 5 75 33 6 76 32 1 77 31 8 78 11 12 79 10 10 80 5 14 81 6 10 82 5 12 83 10 18 84 34 1 85 31 19 86 35 2 87 30 19 88 35 1 89 31 14 90 6 15 91 0 21 92 7 20 93 2 21 94 7 15 95 0 12 96 10 13 97 15 14 98 6 15 99 0 14 100 6 13 101 15 17 102 28 18 103 34 16 104 29 19 105 35 16 106 29 18 107 34 18 108 4 17 109 9 20 110 2 21 111 7 20 112 2 17 113 9 22 114 12 23 115 16 12 116 10 13 117 15 12 118 10 23 119 16 7 120 26 8 121 11 4 122 24 10 123 5 4 124 24 8 125 11 6 126 27 9 127 17 2 128 19 23 129 16 2 130 19 9 131 17</p>
        </triangles>
      </mesh>
      <extra>
        <technique profile="OpenCOLLADAMaya">
          <originalMayaNodeId>battery_hatch</originalMayaNodeId>
          <double_sided>1</double_sided>
        </technique>
      </extra>
    </geometry>
    <geometry id="Geometry-mesh002" name="wheel">
      <mesh>
        <source id="Geometry-mesh002-positions" name="Geometry-mesh002-positions">
          <float_array id="Geometry-mesh002-positions-array" count="282">-1.38574 1.00617 -0.3112833 -1.4402 0.99818 -0.3017613 -1.50812 0.943408 -0.2364893 -1.5081 0.907542 -0.1937453 -1.44015 0.85279 -0.1284973 -1.38574 0.844818 -0.1189963 -1.33134 0.85279 -0.1284973 -1.26338 0.907542 -0.1937453 -1.26337 0.943408 -0.2364893 -1.33129 0.99818 -0.3017613 -1.38574 1.01184 -0.2871333 -1.43375 1.0048 -0.2787383 -1.49362 0.956543 -0.2212323 -1.49362 0.924887 -0.1835063 -1.43376 0.876631 -0.1260003 -1.38574 0.869586 -0.1176043 -1.33773 0.876631 -0.1260003 -1.27786 0.924887 -0.1835063 -1.27787 0.956543 -0.2212323 -1.33773 1.0048 -0.2787383 -1.38574 0.965726 -0.2884003 -1.42131 0.960508 -0.2821813 -1.46567 0.924754 -0.2395743 -1.46567 0.901302 -0.2116243 -1.42131 0.865548 -0.1690173 -1.38574 0.86033 -0.1627973 -1.35017 0.865548 -0.1690173 -1.30582 0.901302 -0.2116243 -1.30582 0.924754 -0.2395743 -1.35017 0.960508 -0.2821813 -1.38574 0.984713 -0.2724693 -1.42131 0.979494 -0.2662503 -1.46567 0.943741 -0.2236423 -1.46567 0.920288 -0.1956933 -1.42131 0.884535 -0.1530853 -1.38574 0.879316 -0.1468663 -1.35017 0.884535 -0.1530853 -1.30582 0.920288 -0.1956933 -1.30582 0.943741 -0.2236423 -1.35017 0.979494 -0.2662503 -1.48296 0.974533 -0.2735803 -1.48235 0.875803 -0.1559213 -1.29028 0.875182 -0.1551813 -1.28819 0.974124 -0.2730933 -1.47093 0.984232 -0.2542283 -1.47123 0.897302 -0.1506333 -1.30127 0.896745 -0.1499693 -1.30026 0.983868 -0.2537953 -1.44818 0.945618 -0.2644373 -1.44946 0.881376 -0.1878793 -1.32279 0.880949 -0.1873703 -1.32308 0.945344 -0.2641113 -1.44818 0.964605 -0.2485063 -1.44946 0.900363 -0.1719483 -1.32279 0.899936 -0.1714393 -1.32308 0.964331 -0.2481803 -1.42962 0.916458 -0.2461103 -1.4293 0.892918 -0.2180563 -1.40318 0.876417 -0.1983913 -1.36656 0.876623 -0.1986363 -1.34089 0.893414 -0.2186473 -1.34121 0.916954 -0.2467013 -1.36733 0.933455 -0.2663663 -1.40395 0.933249 -0.2661213 -1.42962 0.943764 -0.2231993 -1.4293 0.920223 -0.1951443 -1.40318 0.903723 -0.1754803 -1.36656 0.903928 -0.1757243 -1.34089 0.920719 -0.1957353 -1.34121 0.94426 -0.2237903 -1.36733 0.96076 -0.2434543 -1.40395 0.960555 -0.2432093 -1.42099 0.949983 -0.2134243 -1.42073 0.931025 -0.1908313 -1.39969 0.917737 -0.1749953 -1.3702 0.917902 -0.1751923 -1.34952 0.931425 -0.1913073 -1.34978 0.950383 -0.2139003 -1.37082 0.963671 -0.2297373 -1.40031 0.963506 -0.2295403 -1.38574 0.983896 -0.3211593 -1.43727 0.976336 -0.3121503 -1.47758 0.954008 -0.2855413 -1.50157 0.924409 -0.2502683 -1.50152 0.890573 -0.2099443 -1.47719 0.860652 -0.1742873 -1.43707 0.83872 -0.1481513 -1.38574 0.831222 -0.1392163 -1.33441 0.83872 -0.1481513 -1.29538 0.86006 -0.1735823 -1.26996 0.890573 -0.2099443 -1.26991 0.924409 -0.2502683 -1.29359 0.953619 -0.2850783 -1.33422 0.976336 -0.3121503</float_array>
          <technique_common>
            <accessor source="#Geometry-mesh002-positions-array" count="94" stride="3">
              <param name="X" type="float"/>
              <param name="Y" type="float"/>
              <param name="Z" type="float"/>
            </accessor>
          </technique_common>
        </source>
        <source id="Geometry-mesh002-normals" name="Geometry-mesh002-normals">
          <float_array id="Geometry-mesh002-normals-array" count="1386">0.880278 -0.30497 0.363461 0.880278 -0.30497 0.363461 0.6886542 0.3390271 0.6409492 0.6062293 0.3469532 0.7156184 0.6886542 0.3390271 0.6409492 0.880278 -0.30497 0.363461 0.3907301 -0.5916892 0.7051482 0.327371 -0.347374 0.8787261 -0.2442709 -0.6233157 0.7428386 -0.4386331 -0.3363381 0.8333533 -0.2442709 -0.6233157 0.7428386 0.327371 -0.347374 0.8787261 4.5e-4 0.9961948 -0.08715398 -0.01489699 0.08715197 0.9960836 -0.4914031 0.8589812 -0.143786 -0.604934 0.144882 0.7829841 -0.4914031 0.8589812 -0.143786 -0.01489699 0.08715197 0.9960836 -0.9425176 0.3321439 0.03661799 -0.9331124 -0.06660202 -0.3533631 -0.9788653 -0.05625201 0.1966181 -0.9114571 -0.4076081 0.05569301 -0.9788653 -0.05625201 0.1966181 -0.9331124 -0.06660202 -0.3533631 0.9425178 0.3321439 0.03661699 0.9331144 -0.06659503 -0.3533592 0.8726661 0.4280411 -0.235021 0.8531772 0.07681601 -0.5159341 0.8726661 0.4280411 -0.235021 0.9331144 -0.06659503 -0.3533592 -0.401517 0.649845 -0.645357 -0.6422348 0.6141149 -0.4586909 -0.1815179 0.9191446 0.3496059 -0.013838 0.7763443 0.6301572 -0.1815179 0.9191446 0.3496059 -0.6422348 0.6141149 -0.4586909 -0.9788653 -0.05625201 0.1966181 -0.8726851 -0.158198 0.4619461 -0.3556292 0.6446393 0.6767333 -0.01920101 0.7595125 0.6502094 -0.3556292 0.6446393 0.6767333 -0.8726851 -0.158198 0.4619461 -0.2535239 0.7918636 0.5555878 -0.3556292 0.6446393 0.6767333 0.6886542 0.3390271 0.6409492 0.555579 0.761557 0.333711 0.6886542 0.3390271 0.6409492 -0.3556292 0.6446393 0.6767333 -0.4914031 0.8589812 -0.143786 -0.604934 0.144882 0.7829841 -0.342648 0.772109 0.535201 -0.3787319 0.594865 0.7090119 -0.342648 0.772109 0.535201 -0.604934 0.144882 0.7829841 -0.5260099 -0.5466669 0.6515128 -0.3106819 -0.05441999 0.9489548 0 -0.6427767 0.7660536 0.02029 0.040732 0.9989641 0 -0.6427767 0.7660536 -0.3106819 -0.05441999 0.9489548 0.555579 0.761557 0.333711 0.8258247 0.5553948 -0.09772597 0.8861421 0.297871 -0.355 0.8861421 0.297871 -0.355 0.8861421 0.297871 -0.355 0.8258247 0.5553948 -0.09772597 -0.4386331 -0.3363381 0.8333533 0.327371 -0.347374 0.8787261 -0.2050211 0.3149512 0.9266996 0.314529 0.266809 0.91098 -0.2050211 0.3149512 0.9266996 0.327371 -0.347374 0.8787261 0 0.864661 -0.502356 0 0.4053548 -0.9141595 -0.401517 0.649845 -0.645357 -0.5024849 0.314836 -0.8052249 -0.401517 0.649845 -0.645357 0 0.4053548 -0.9141595 0.3905298 -0.3511719 0.8509787 0.4298081 -0.7652223 0.4792702 0.6379493 -0.3462982 0.6878214 0.623312 -0.680023 0.386071 0.6379493 -0.3462982 0.6878214 0.4298081 -0.7652223 0.4792702 0.3905298 -0.3511719 0.8509787 0.6379493 -0.3462982 0.6878214 0.172226 0.6018389 0.7798258 0.012423 0.7551181 0.6554711 0.172226 0.6018389 0.7798258 0.6379493 -0.3462982 0.6878214 0.403193 0.649369 -0.644791 0.152473 0.9284033 0.3388501 0.6457393 0.6120892 -0.4564731 0.180102 0.8698309 0.4593009 0.6457393 0.6120892 -0.4564731 0.152473 0.9284033 0.3388501 0.2421551 0.6533772 0.7172582 0.3625902 0.6643374 0.6535934 -0.7321052 0.6787592 0.05751701 -0.5679692 0.7346752 0.3710301 -0.7321052 0.6787592 0.05751701 0.3625902 0.6643374 0.6535934 -0.1770621 0.6045473 0.7766413 -0.137718 0.5913199 0.7945908 0.4519103 0.8893746 0.06921104 0.4012042 0.8973964 -0.1836161 0.4519103 0.8893746 0.06921104 -0.137718 0.5913199 0.7945908 -0.292052 0.8716391 -0.3936381 -0.4914031 0.8589812 -0.143786 -0.314529 0.943471 0.104566 -0.342648 0.772109 0.535201 -0.314529 0.943471 0.104566 -0.4914031 0.8589812 -0.143786 0.523243 -0.547763 0.652819 0 -0.6427767 0.7660536 0.343443 -0.04464 0.938112 0.02029 0.040732 0.9989641 0.343443 -0.04464 0.938112 0 -0.6427767 0.7660536 -0.6566743 -0.4847652 0.5777383 -0.5453131 0.02395201 0.8378902 -0.5260099 -0.5466669 0.6515128 -0.3106819 -0.05441999 0.9489548 -0.5260099 -0.5466669 0.6515128 -0.5453131 0.02395201 0.8378902 0.4817761 0.8520181 -0.204834 0.50361 0.555324 -0.6618099 0.364385 0.757445 -0.541757 0.3746062 0.5959823 -0.7102644 0.364385 0.757445 -0.541757 0.50361 0.555324 -0.6618099 0.50361 0.555324 -0.6618099 0.4817761 0.8520181 -0.204834 0.01261 0.64273 -0.765989 0.01332301 0.9725506 0.2323101 0.01261 0.64273 -0.765989 0.4817761 0.8520181 -0.204834 -0.3905298 -0.3511719 0.8509787 -0.6379433 -0.3462561 0.6878482 -0.4298049 -0.7652337 0.4792548 -0.6233 -0.680067 0.386013 -0.4298049 -0.7652337 0.4792548 -0.6379433 -0.3462561 0.6878482 0 0.864661 -0.502356 0.403193 0.649369 -0.644791 0 0.4053548 -0.9141595 0.5050908 0.3138678 -0.8039716 0 0.4053548 -0.9141595 0.403193 0.649369 -0.644791 -0.9788653 -0.05625201 0.1966181 -0.3556292 0.6446393 0.6767333 -0.9425176 0.3321439 0.03661799 -0.2535239 0.7918636 0.5555878 -0.9425176 0.3321439 0.03661799 -0.3556292 0.6446393 0.6767333 0.2435711 0.8149763 0.5258202 0.019079 0.771266 0.636227 -0.674265 0.310561 0.670014 -0.729838 0.175432 0.660727 -0.674265 0.310561 0.670014 0.019079 0.771266 0.636227 -0.3556292 0.6446393 0.6767333 -0.01920101 0.7595125 0.6502094 0.555579 0.761557 0.333711 0.8258247 0.5553948 -0.09772597 0.555579 0.761557 0.333711 -0.01920101 0.7595125 0.6502094 -0.3787319 0.594865 0.7090119 -0.2050211 0.3149512 0.9266996 0.2489702 0.6732514 0.6962374 0.314529 0.266809 0.91098 0.2489702 0.6732514 0.6962374 -0.2050211 0.3149512 0.9266996 -0.8802783 -0.3049701 0.3634601 -0.674265 0.310561 0.670014 -0.8802783 -0.3049701 0.3634601 -0.729838 0.175432 0.660727 -0.8802783 -0.3049701 0.3634601 -0.674265 0.310561 0.670014 -0.604934 0.144882 0.7829841 -0.3845211 -0.5933641 0.7071511 -0.4386331 -0.3363381 0.8333533 -0.2442709 -0.6233157 0.7428386 -0.4386331 -0.3363381 0.8333533 -0.3845211 -0.5933641 0.7071511 -0.3825478 0.5938947 -0.7077756 0.009022999 0.6427559 -0.7660179 -0.4914031 0.8589812 -0.143786 4.5e-4 0.9961948 -0.08715398 -0.4914031 0.8589812 -0.143786 0.009022999 0.6427559 -0.7660179 -0.9425176 0.3321439 0.03661799 -0.8726631 0.428057 -0.235003 -0.9331124 -0.06660202 -0.3533631 -0.853169 0.076787 -0.515952 -0.9331124 -0.06660202 -0.3533631 -0.8726631 0.428057 -0.235003 0.9425178 0.3321439 0.03661699 0.9781336 -0.05869198 0.1995239 0.9331144 -0.06659503 -0.3533592 0.9094349 -0.4114289 0.06045299 0.9331144 -0.06659503 -0.3533592 0.9781336 -0.05869198 0.1995239 0.9781336 -0.05869198 0.1995239 0.9425178 0.3321439 0.03661699 0.3625902 0.6643374 0.6535934 0.2435711 0.8149763 0.5258202 0.3625902 0.6643374 0.6535934 0.9425178 0.3321439 0.03661699 0 -0.6285601 0.7777611 0.01514399 0.4731428 0.8808556 -0.3905298 -0.3511719 0.8509787 -0.137718 0.5913199 0.7945908 -0.3905298 -0.3511719 0.8509787 0.01514399 0.4731428 0.8808556 -0.137718 0.5913199 0.7945908 0.01514399 0.4731428 0.8808556 0.4012042 0.8973964 -0.1836161 -0.01464001 0.9338884 -0.3572651 0.4012042 0.8973964 -0.1836161 0.01514399 0.4731428 0.8808556 0.327371 -0.347374 0.8787261 0.5455719 0.258052 0.7973459 0.314529 0.266809 0.91098 0.2489702 0.6732514 0.6962374 0.314529 0.266809 0.91098 0.5455719 0.258052 0.7973459 0.4807069 0.7478978 0.4577879 0.2050209 0.9673117 0.149246 -0.342648 0.772109 0.535201 -0.314529 0.943471 0.104566 -0.342648 0.772109 0.535201 0.2050209 0.9673117 0.149246 0 0.6427783 -0.7660524 0.3780221 0.5950812 -0.7092093 -0.01464001 0.9338884 -0.3572651 0.4012042 0.8973964 -0.1836161 -0.01464001 0.9338884 -0.3572651 0.3780221 0.5950812 -0.7092093 0.6530405 -0.4867893 0.5801504 0.523243 -0.547763 0.652819 0.60861 -0.175956 0.7737141 0.343443 -0.04464 0.938112 0.60861 -0.175956 0.7737141 0.523243 -0.547763 0.652819 -0.292052 0.8716391 -0.3936381 0.364385 0.757445 -0.541757 -0.3907301 0.5916892 -0.7051482 0.3746062 0.5959823 -0.7102644 -0.3907301 0.5916892 -0.7051482 0.364385 0.757445 -0.541757 0.4817761 0.8520181 -0.204834 0.5455719 0.258052 0.7973459 0.01332301 0.9725506 0.2323101 -0.004028002 -0.2323351 0.9726275 0.01332301 0.9725506 0.2323101 0.5455719 0.258052 0.7973459 -0.3905298 -0.3511719 0.8509787 -0.4298049 -0.7652337 0.4792548 0 -0.6285601 0.7777611 0 -0.8298591 0.5579731 0 -0.6285601 0.7777611 -0.4298049 -0.7652337 0.4792548 -0.3905298 -0.3511719 0.8509787 -0.137718 0.5913199 0.7945908 -0.6379433 -0.3462561 0.6878482 -0.1770621 0.6045473 0.7766413 -0.6379433 -0.3462561 0.6878482 -0.137718 0.5913199 0.7945908 0.403193 0.649369 -0.644791 0 0.864661 -0.502356 0.152473 0.9284033 0.3388501 -0.02100901 0.8369773 0.5468342 0.152473 0.9284033 0.3388501 0 0.864661 -0.502356 0.3625902 0.6643374 0.6535934 0.2435711 0.8149763 0.5258202 -0.5679692 0.7346752 0.3710301 -0.674265 0.310561 0.670014 -0.5679692 0.7346752 0.3710301 0.2435711 0.8149763 0.5258202 0.01514399 0.4731428 0.8808556 0.172226 0.6018389 0.7798258 -0.01464001 0.9338884 -0.3572651 -0.4332168 0.8850846 -0.1701429 -0.01464001 0.9338884 -0.3572651 0.172226 0.6018389 0.7798258 0.4817761 0.8520181 -0.204834 0.4807069 0.7478978 0.4577879 0.5455719 0.258052 0.7973459 0.2489702 0.6732514 0.6962374 0.5455719 0.258052 0.7973459 0.4807069 0.7478978 0.4577879 -0.5679692 0.7346752 0.3710301 -0.8813899 0.303641 -0.361876 -0.7321052 0.6787592 0.05751701 -0.8813899 0.303641 -0.361876 -0.7321052 0.6787592 0.05751701 -0.8813899 0.303641 -0.361876 0.364385 0.757445 -0.541757 -0.292052 0.8716391 -0.3936381 0.2050209 0.9673117 0.149246 -0.314529 0.943471 0.104566 0.2050209 0.9673117 0.149246 -0.292052 0.8716391 -0.3936381 -0.401517 0.649845 -0.645357 -0.5024849 0.314836 -0.8052249 -0.6422348 0.6141149 -0.4586909 -0.6285373 0.2618621 -0.7323723 -0.6422348 0.6141149 -0.4586909 -0.5024849 0.314836 -0.8052249 0.9781336 -0.05869198 0.1995239 0.8681786 -0.1639449 0.4683888 0.9094349 -0.4114289 0.06045299 0.8488782 -0.4988861 0.174695 0.9094349 -0.4114289 0.06045299 0.8681786 -0.1639449 0.4683888 0.9781336 -0.05869198 0.1995239 0.3625902 0.6643374 0.6535934 0.8681786 -0.1639449 0.4683888 0.2421551 0.6533772 0.7172582 0.8681786 -0.1639449 0.4683888 0.3625902 0.6643374 0.6535934 -0.401517 0.649845 -0.645357 -0.1815179 0.9191446 0.3496059 0 0.864661 -0.502356 -0.02100901 0.8369773 0.5468342 0 0.864661 -0.502356 -0.1815179 0.9191446 0.3496059 0.180102 0.8698309 0.4593009 0.152473 0.9284033 0.3388501 -0.5453131 0.02395201 0.8378902 -0.3106819 -0.05441999 0.9489548 -0.5453131 0.02395201 0.8378902 0.152473 0.9284033 0.3388501 -0.240604 0.8186311 0.5214911 -0.2535239 0.7918636 0.5555878 0.6062293 0.3469532 0.7156184 0.6886542 0.3390271 0.6409492 0.6062293 0.3469532 0.7156184 -0.2535239 0.7918636 0.5555878 0.4807069 0.7478978 0.4577879 -0.342648 0.772109 0.535201 0.2489702 0.6732514 0.6962374 -0.3787319 0.594865 0.7090119 0.2489702 0.6732514 0.6962374 -0.342648 0.772109 0.535201 0 0.6427783 -0.7660524 -0.01464001 0.9338884 -0.3572651 -0.3780221 0.5950812 -0.7092093 -0.4332168 0.8850846 -0.1701429 -0.3780221 0.5950812 -0.7092093 -0.01464001 0.9338884 -0.3572651 0.4519103 0.8893746 0.06921104 0.4012042 0.8973964 -0.1836161 0.658442 0.483774 -0.576556 0.3780221 0.5950812 -0.7092093 0.658442 0.483774 -0.576556 0.4012042 0.8973964 -0.1836161 -0.292052 0.8716391 -0.3936381 -0.3907301 0.5916892 -0.7051482 -0.4914031 0.8589812 -0.143786 -0.3825478 0.5938947 -0.7077756 -0.4914031 0.8589812 -0.143786 -0.3907301 0.5916892 -0.7051482 0.5455719 0.258052 0.7973459 0.382638 -0.593867 0.70775 -0.004028002 -0.2323351 0.9726275 -0.008831001 -0.6427501 0.7660251 -0.004028002 -0.2323351 0.9726275 0.382638 -0.593867 0.70775 0.3905298 -0.3511719 0.8509787 0 -0.6285601 0.7777611 0.4298081 -0.7652223 0.4792702 0 -0.8298591 0.5579731 0.4298081 -0.7652223 0.4792702 0 -0.6285601 0.7777611 0 -0.6285601 0.7777611 0.3905298 -0.3511719 0.8509787 0.01514399 0.4731428 0.8808556 0.172226 0.6018389 0.7798258 0.01514399 0.4731428 0.8808556 0.3905298 -0.3511719 0.8509787 0.9425178 0.3321439 0.03661699 0.8726661 0.4280411 -0.235021 0.2435711 0.8149763 0.5258202 0.019079 0.771266 0.636227 0.2435711 0.8149763 0.5258202 0.8726661 0.4280411 -0.235021 0.172226 0.6018389 0.7798258 0.012423 0.7551181 0.6554711 -0.4332168 0.8850846 -0.1701429 -0.545923 0.829393 -0.11864 -0.4332168 0.8850846 -0.1701429 0.012423 0.7551181 0.6554711 -0.1815179 0.9191446 0.3496059 -0.013838 0.7763443 0.6301572 0.343443 -0.04464 0.938112 0.60861 -0.175956 0.7737141 0.343443 -0.04464 0.938112 -0.013838 0.7763443 0.6301572 0.364385 0.757445 -0.541757 0.2050209 0.9673117 0.149246 0.4817761 0.8520181 -0.204834 0.4807069 0.7478978 0.4577879 0.4817761 0.8520181 -0.204834 0.2050209 0.9673117 0.149246 -0.545923 0.829393 -0.11864 -0.6584411 0.4837741 -0.576557 -0.4332168 0.8850846 -0.1701429 -0.3780221 0.5950812 -0.7092093 -0.4332168 0.8850846 -0.1701429 -0.6584411 0.4837741 -0.576557 0.3907301 -0.5916892 0.7051482 0.382638 -0.593867 0.70775 0.327371 -0.347374 0.8787261 0.5455719 0.258052 0.7973459 0.327371 -0.347374 0.8787261 0.382638 -0.593867 0.70775 -0.604934 0.144882 0.7829841 -0.01489699 0.08715197 0.9960836 -0.3845211 -0.5933641 0.7071511 -0.0127 -0.6427237 0.7659927 -0.3845211 -0.5933641 0.7071511 -0.01489699 0.08715197 0.9960836 -0.9788653 -0.05625201 0.1966181 -0.9114571 -0.4076081 0.05569301 -0.8726851 -0.158198 0.4619461 -0.8531968 -0.4938449 0.1678469 -0.8726851 -0.158198 0.4619461 -0.9114571 -0.4076081 0.05569301 0.403193 0.649369 -0.644791 0.6457393 0.6120892 -0.4564731 0.5050908 0.3138678 -0.8039716 0.631996 0.260198 -0.729985 0.5050908 0.3138678 -0.8039716 0.6457393 0.6120892 -0.4564731 -0.9425176 0.3321439 0.03661799 -0.2535239 0.7918636 0.5555878 -0.8726631 0.428057 -0.235003 -0.240604 0.8186311 0.5214911 -0.8726631 0.428057 -0.235003 -0.2535239 0.7918636 0.5555878 0.152473 0.9284033 0.3388501 -0.02100901 0.8369773 0.5468342 -0.3106819 -0.05441999 0.9489548 0.02029 0.040732 0.9989641 -0.3106819 -0.05441999 0.9489548 -0.02100901 0.8369773 0.5468342 -0.02100901 0.8369773 0.5468342 -0.1815179 0.9191446 0.3496059 0.02029 0.040732 0.9989641 0.343443 -0.04464 0.938112 0.02029 0.040732 0.9989641 -0.1815179 0.9191446 0.3496059 -0.4386331 -0.3363381 0.8333533 -0.2050211 0.3149512 0.9266996 -0.604934 0.144882 0.7829841 -0.3787319 0.594865 0.7090119 -0.604934 0.144882 0.7829841 -0.2050211 0.3149512 0.9266996</float_array>
          <technique_common>
            <accessor source="#Geometry-mesh002-normals-array" count="462" stride="3">
              <param name="X" type="float"/>
              <param name="Y" type="float"/>
              <param name="Z" type="float"/>
            </accessor>
          </technique_common>
        </source>
        <source id="Geometry-mesh002-Geometry-mesh002-uvSet1" name="Geometry-mesh002-Geometry-mesh002-uvSet1">
          <float_array id="Geometry-mesh002-Geometry-mesh002-uvSet1-array" count="244">0.591986 0.813866 0.583288 0.809392 0.590538 0.825544 0.581726 0.820939 0.61657 0.869709 0.615433 0.883108 0.607403 0.86904 0.608156 0.883072 0.593582 0.908304 0.594018 0.893483 0.601279 0.91007 0.601432 0.891647 0.589267 0.851881 0.588926 0.86379 0.602036 0.851338 0.602849 0.86278 0.630566 0.820954 0.630214 0.809062 0.618086 0.825753 0.617485 0.813901 0.584903 0.953496 0.572752 0.961408 0.58608 0.964652 0.575567 0.972013 0.614834 0.844786 0.601261 0.839647 0.612283 0.83327 0.589709 0.840235 0.60008 0.825232 0.604096 0.906605 0.604313 0.895123 0.60504 0.990025 0.606229 0.978544 0.596995 0.98785 0.597011 0.976632 0.608321 0.820216 0.598379 0.813758 0.60651 0.808748 0.608855 0.888039 0.614675 0.888123 0.596993 0.951005 0.59698 0.939361 0.583714 0.942643 0.6573 0.986298 0.658518 0.998086 0.66944 0.978301 0.670858 0.989973 0.655985 0.974733 0.666744 0.966876 0.609086 0.953371 0.607936 0.964534 0.621395 0.961325 0.618601 0.97194 0.653809 0.839629 0.642559 0.833073 0.649842 0.852928 0.641377 0.847652 0.621786 0.968265 0.633011 0.975551 0.625675 0.954986 0.634701 0.960807 0.608003 0.91892 0.608667 0.914055 0.588945 0.98992 0.587795 0.978423 0.612848 0.995012 0.614449 0.984053 0.621766 0.910817 0.62391 0.926529 0.61514 0.919474 0.615916 0.933012 0.630133 0.91897 0.629074 0.909178 0.631899 0.987202 0.619277 0.979841 0.630878 0.999063 0.618068 0.991602 0.610265 0.942516 0.631033 0.832579 0.619982 0.837788 0.631844 0.847051 0.623188 0.851545 0.619084 0.895676 0.633292 0.858701 0.624731 0.863086 0.599389 0.875889 0.599242 0.925442 0.592703 0.918111 0.576597 0.847083 0.576011 0.858954 0.643305 0.821404 0.644135 0.80999 0.644627 0.989832 0.64452 0.977674 0.644396 0.962625 0.622025 0.892404 0.619088 0.907182 0.614515 0.91429 0.644321 0.950145 0.635842 0.948894 0.58122 0.994771 0.579645 0.983797 0.606556 0.933063 0.629449 0.894406 0.644727 1.00133 0.597008 0.962357 0.654064 0.960338 0.639653 0.859084 0.647981 0.864349 0.571539 0.950259 0.656376 0.828167 0.657245 0.816414 0.578503 0.835035 0.652784 0.948478 0.627286 0.943746 0.624373 0.876884 0.630788 0.884585 0.662799 0.954187 0.661045 0.943051 0.592701 0.883649 0.615679 0.856576 0.622596 0.950174</float_array>
          <technique_common>
            <accessor source="#Geometry-mesh002-Geometry-mesh002-uvSet1-array" count="122" stride="2">
              <param name="S" type="float"/>
              <param name="T" type="float"/>
            </accessor>
          </technique_common>
        </source>
        <vertices id="Geometry-mesh002-vertices" name="Geometry-mesh002-vertices">
          <input semantic="POSITION" source="#Geometry-mesh002-positions"/>
        </vertices>
        <triangles material="computer_communication_table_1SG" count="154">
          <input semantic="VERTEX" source="#Geometry-mesh002-vertices" offset="0"/>
          <input semantic="NORMAL" source="#Geometry-mesh002-normals" offset="1"/>
          <input semantic="TEXCOORD" source="#Geometry-mesh002-Geometry-mesh002-uvSet1" offset="2" set="0"/>
          <p>22 0 0 48 1 1 32 2 2 52 3 3 32 4 2 48 5 1 59 6 4 67 7 5 58 8 6 66 9 7 58 10 6 67 11 5 32 12 8 33 13 9 64 14 10 65 15 11 64 16 10 33 17 9 2 18 12 83 19 13 3 20 14 84 21 15 3 22 14 83 23 13 8 24 16 91 25 17 43 26 18 92 27 19 43 28 18 91 29 17 1 30 20 40 31 21 11 32 22 44 33 23 11 34 22 40 35 21 3 36 14 41 37 24 13 38 25 45 39 26 13 40 25 41 41 24 12 42 27 13 43 25 32 44 2 33 45 28 32 46 2 13 47 25 64 48 10 65 49 11 72 50 29 73 51 30 72 52 29 65 53 11 29 54 31 39 55 32 20 56 33 30 57 34 20 58 33 39 59 32 33 60 28 53 61 35 23 62 36 49 63 37 23 64 36 53 65 35 66 66 7 67 67 5 74 68 38 75 69 39 74 70 38 67 71 5 0 72 40 80 73 41 1 74 20 81 75 42 1 76 20 80 77 41 6 78 43 88 79 44 42 80 45 89 81 46 42 82 45 88 83 44 6 84 43 42 85 45 16 86 47 46 87 48 16 88 47 42 89 45 9 90 49 19 91 50 43 92 51 47 93 52 43 94 51 19 95 50 46 96 53 17 97 54 54 98 55 37 99 56 54 100 55 17 101 54 45 102 57 14 103 58 53 104 59 34 105 60 53 106 59 14 107 58 71 108 61 64 109 10 79 110 62 72 111 29 79 112 62 64 113 10 21 114 63 20 115 33 31 116 64 30 117 34 31 118 64 20 119 33 51 120 65 55 121 66 29 122 31 39 123 32 29 124 31 55 125 66 69 126 67 61 127 68 70 128 69 62 129 70 70 130 69 61 131 68 61 132 68 69 133 67 28 134 71 38 135 72 28 136 71 69 137 67 4 138 73 41 139 74 86 140 75 85 141 76 86 142 75 41 143 74 0 144 40 9 145 49 80 146 41 93 147 77 80 148 41 9 149 49 3 150 14 13 151 25 2 152 12 12 153 27 2 154 12 13 155 25 18 156 78 47 157 79 38 158 80 55 159 81 38 160 80 47 161 79 13 162 25 45 163 26 33 164 28 53 165 35 33 166 28 45 167 26 73 168 30 74 169 38 76 170 82 75 171 39 76 172 82 74 173 38 28 174 83 38 175 80 51 176 84 55 177 81 51 178 84 38 179 80 65 180 11 57 181 85 66 182 7 58 183 6 66 184 7 57 185 85 56 186 86 22 187 87 64 188 10 32 189 8 64 190 10 22 191 87 2 192 12 40 193 88 83 194 13 82 195 89 83 196 13 40 197 88 8 198 16 7 199 90 91 200 17 90 201 91 91 202 17 7 203 90 7 204 90 8 205 16 17 206 54 18 207 78 17 208 54 8 209 16 5 210 92 15 211 93 4 212 73 14 213 58 4 214 73 15 215 93 14 216 58 15 217 93 34 218 60 35 219 94 34 220 60 15 221 93 67 222 5 68 223 95 75 224 39 76 225 82 75 226 39 68 227 95 77 228 96 78 229 97 72 230 29 79 231 62 72 232 29 78 233 97 25 234 98 24 235 99 35 236 94 34 237 60 35 238 94 24 239 99 48 240 100 21 241 63 52 242 101 31 243 64 52 244 101 21 245 63 71 246 61 70 247 69 63 248 102 62 249 70 63 250 102 70 251 69 69 252 67 68 253 95 38 254 72 37 255 103 38 256 72 68 257 95 4 258 73 86 259 75 5 260 92 87 261 104 5 262 92 86 263 75 4 264 73 14 265 58 41 266 74 45 267 57 41 268 74 14 269 58 9 270 49 0 271 40 19 272 50 10 273 105 19 274 50 0 275 40 17 276 54 18 277 78 37 278 56 38 279 80 37 280 56 18 281 78 15 282 93 16 283 47 35 284 94 36 285 106 35 286 94 16 287 47 69 288 67 77 289 96 68 290 95 76 291 82 68 292 95 77 293 96 37 294 56 27 295 107 54 296 55 50 297 108 54 298 55 27 299 107 70 300 69 71 301 61 78 302 97 79 303 62 78 304 97 71 305 61 1 306 20 81 307 42 40 308 21 82 309 109 40 310 21 81 311 42 7 312 90 42 313 110 90 314 91 89 315 111 90 316 91 42 317 110 7 318 90 17 319 54 42 320 110 46 321 53 42 322 110 17 323 54 1 324 20 11 325 22 0 326 40 10 327 105 0 328 40 11 329 22 47 330 52 19 331 50 55 332 66 39 333 32 55 334 66 19 335 50 44 336 112 12 337 27 52 338 3 32 339 2 52 340 3 12 341 27 77 342 96 72 343 29 76 344 82 73 345 30 76 346 82 72 347 29 25 348 98 35 349 94 26 350 113 36 351 106 26 352 113 35 353 94 53 354 59 34 355 60 49 356 114 24 357 99 49 358 114 34 359 60 71 360 61 63 361 102 64 362 10 56 363 86 64 364 10 63 365 102 68 366 95 60 367 115 37 368 103 27 369 116 37 370 103 60 371 115 6 372 43 5 373 92 88 374 44 87 375 104 88 376 44 5 377 92 5 378 92 6 379 43 15 380 93 16 381 47 15 382 93 6 383 43 8 384 16 43 385 18 18 386 78 47 387 79 18 388 78 43 389 18 16 390 47 46 391 48 36 392 106 54 393 117 36 394 106 46 395 48 11 396 22 44 397 23 31 398 64 52 399 101 31 400 64 44 401 23 70 402 69 78 403 97 69 404 67 77 405 96 69 406 67 78 407 97 54 408 117 50 409 118 36 410 106 26 411 113 36 412 106 50 413 118 59 414 4 60 415 115 67 416 5 68 417 95 67 418 5 60 419 115 65 420 11 33 421 9 57 422 85 23 423 119 57 424 85 33 425 9 3 426 14 84 427 15 41 428 24 85 429 120 41 430 24 84 431 15 9 432 49 43 433 51 93 434 77 92 435 121 93 436 77 43 437 51 2 438 12 12 439 27 40 440 88 44 441 112 40 442 88 12 443 27 19 444 50 10 445 105 39 446 32 30 447 34 39 448 32 10 449 105 10 450 105 11 451 22 30 452 34 31 453 64 30 454 34 11 455 22 66 456 7 74 457 38 65 458 11 73 459 30 65 460 11 74 461 38</p>
        </triangles>
      </mesh>
      <extra>
        <technique profile="OpenCOLLADAMaya">
          <originalMayaNodeId>wheel</originalMayaNodeId>
          <double_sided>1</double_sided>
        </technique>
      </extra>
    </geometry>
    <geometry id="Geometry-mesh003" name="button">
      <mesh>
        <source id="Geometry-mesh003-positions" name="Geometry-mesh003-positions">
          <float_array id="Geometry-mesh003-positions-array" count="48">-0.967453 0.890784 -0.1810563 -0.947266 0.896439 -0.1876783 -0.927078 0.890784 -0.1810563 -0.918624 0.878432 -0.1665903 -0.927078 0.86608 -0.1521243 -0.947266 0.860425 -0.1455013 -0.967453 0.86608 -0.1521243 -0.975907 0.878432 -0.1665903 -0.947266 0.88303 -0.1262003 -0.927078 0.888685 -0.1328223 -0.918624 0.901037 -0.1472883 -0.927078 0.913389 -0.1617543 -0.947266 0.919044 -0.1683773 -0.967453 0.913389 -0.1617543 -0.975907 0.901037 -0.1472883 -0.967453 0.888685 -0.1328223</float_array>
          <technique_common>
            <accessor source="#Geometry-mesh003-positions-array" count="16" stride="3">
              <param name="X" type="float"/>
              <param name="Y" type="float"/>
              <param name="Z" type="float"/>
            </accessor>
          </technique_common>
        </source>
        <source id="Geometry-mesh003-normals" name="Geometry-mesh003-normals">
          <float_array id="Geometry-mesh003-normals-array" count="198">0 0.7604829 0.6493579 0 0.7604829 0.6493579 0 0.7604829 0.6493579 0 0.760482 0.649359 0 0.7604843 0.6493563 0 0.7604853 0.6493552 0 0.7604847 0.6493558 0 0.7604853 0.6493552 0 0.7604847 0.6493558 0 0.7604843 0.6493563 0 0.7604847 0.6493558 0 0.7604853 0.6493552 0 0.6493542 -0.7604862 0.6054531 0.516809 -0.6052561 0 0.6493552 -0.7604853 0.7891923 0.3987992 -0.4670492 0 0.6493552 -0.7604853 0.6054531 0.516809 -0.6052561 -0.7891929 -0.3987979 0.4670489 -0.6054541 -0.516808 0.6052561 0 -0.6493542 0.7604862 0 -0.6493542 0.7604862 0 -0.6493542 0.7604862 -0.6054541 -0.516808 0.6052561 0.9892036 -0.09516096 0.111448 0.7891923 0.3987992 -0.4670492 0.9892038 0.09516098 -0.111447 0.6054531 0.516809 -0.6052561 0.9892038 0.09516098 -0.111447 0.7891923 0.3987992 -0.4670492 -0.6054531 0.516809 -0.6052561 -0.7891923 0.3987992 -0.4670492 -0.9892038 0.09516098 -0.111447 -0.9892036 -0.09516096 0.111448 -0.9892038 0.09516098 -0.111447 -0.7891923 0.3987992 -0.4670492 0.6054541 -0.516808 0.6052561 0.9892036 -0.09516096 0.111448 0.7891929 -0.3987979 0.4670489 0.9892038 0.09516098 -0.111447 0.7891929 -0.3987979 0.4670489 0.9892036 -0.09516096 0.111448 0 0.6493542 -0.7604862 0 0.6493552 -0.7604853 -0.6054531 0.516809 -0.6052561 -0.7891923 0.3987992 -0.4670492 -0.6054531 0.516809 -0.6052561 0 0.6493552 -0.7604853 0.7891929 -0.3987979 0.4670489 0 -0.6493542 0.7604862 0.6054541 -0.516808 0.6052561 0 -0.6493542 0.7604862 0.6054541 -0.516808 0.6052561 0 -0.6493542 0.7604862 0 0.7604847 0.6493558 0 0.7604847 0.6493558 0 0.7604829 0.6493579 0 0.7604829 0.6493579 0 0.7604829 0.6493579 0 0.7604847 0.6493558 -0.6054541 -0.516808 0.6052561 -0.7891929 -0.3987979 0.4670489 -0.9892036 -0.09516096 0.111448 -0.9892038 0.09516098 -0.111447 -0.9892036 -0.09516096 0.111448 -0.7891929 -0.3987979 0.4670489</float_array>
          <technique_common>
            <accessor source="#Geometry-mesh003-normals-array" count="66" stride="3">
              <param name="X" type="float"/>
              <param name="Y" type="float"/>
              <param name="Z" type="float"/>
            </accessor>
          </technique_common>
        </source>
        <source id="Geometry-mesh003-Geometry-mesh003-uvSet1" name="Geometry-mesh003-Geometry-mesh003-uvSet1">
          <float_array id="Geometry-mesh003-Geometry-mesh003-uvSet1-array" count="52">0.28109 0.914597 0.275866 0.902344 0.289192 0.915247 0.289961 0.877741 0.295265 0.889954 0.281879 0.877083 0.276062 0.88702 0.295042 0.905297 0.321189 0.877119 0.313103 0.876729 0.321444 0.855226 0.313351 0.854838 0.281774 0.875694 0.281733 0.853816 0.289792 0.875751 0.289876 0.853919 0.305684 0.854469 0.30546 0.876361 0.266645 0.876132 0.266271 0.854366 0.274201 0.875854 0.274008 0.853911 0.298005 0.854144 0.297831 0.876029 0.258608 0.877119 0.25813 0.855096</float_array>
          <technique_common>
            <accessor source="#Geometry-mesh003-Geometry-mesh003-uvSet1-array" count="26" stride="2">
              <param name="S" type="float"/>
              <param name="T" type="float"/>
            </accessor>
          </technique_common>
        </source>
        <vertices id="Geometry-mesh003-vertices" name="Geometry-mesh003-vertices">
          <input semantic="POSITION" source="#Geometry-mesh003-positions"/>
        </vertices>
        <triangles material="computer_communication_table_1SG" count="22">
          <input semantic="VERTEX" source="#Geometry-mesh003-vertices" offset="0"/>
          <input semantic="NORMAL" source="#Geometry-mesh003-normals" offset="1"/>
          <input semantic="TEXCOORD" source="#Geometry-mesh003-Geometry-mesh003-uvSet1" offset="2" set="0"/>
          <p>12 0 0 13 1 1 11 2 2 8 3 3 9 4 4 15 5 5 14 6 6 15 7 5 10 8 7 9 9 4 10 10 7 15 11 5 12 12 8 11 13 9 1 14 10 2 15 11 1 16 10 11 17 9 15 18 12 6 19 13 8 20 14 5 21 15 8 22 14 6 23 13 3 24 16 2 25 11 10 26 17 11 27 9 10 28 17 2 29 11 13 30 18 0 31 19 14 32 20 7 33 21 14 34 20 0 35 19 4 36 22 3 37 16 9 38 23 10 39 17 9 40 23 3 41 16 12 42 24 1 43 25 13 44 18 0 45 19 13 46 18 1 47 25 9 48 23 8 49 14 4 50 22 5 51 15 4 52 22 8 53 14 14 54 6 10 55 7 13 56 1 11 57 2 13 58 1 10 59 7 6 60 13 15 61 12 7 62 21 14 63 20 7 64 21 15 65 12</p>
        </triangles>
      </mesh>
      <extra>
        <technique profile="OpenCOLLADAMaya">
          <originalMayaNodeId>button</originalMayaNodeId>
          <double_sided>1</double_sided>
        </technique>
      </extra>
    </geometry>
    <geometry id="computer_communication_tableShape" name="computer_communication_tableShape">
      <mesh>
        <source id="computer_communication_tableShape-positions" name="computer_communication_tableShape-positions">
          <float_array id="computer_communication_tableShape-positions-array" count="1908">-0.674316 0.410156 -0.2167973 -0.656785 0.356199 -0.2167973 -0.610886 0.322852 -0.2167973 -0.554153 0.322852 -0.2167973 -0.508254 0.356199 -0.2167973 -0.490723 0.410156 -0.2167973 -0.674316 0.410156 -0.03320331 -0.656785 0.356199 -0.03320331 -0.610886 0.322852 -0.03320331 -0.554153 0.322852 -0.03320331 -0.508254 0.356199 -0.03320331 -0.490723 0.410156 -0.03320331 -0.490723 0.5 -0.2167973 -0.490723 0.5 -0.03320331 -0.674316 0.5 -0.03320331 -0.674316 0.5 -0.2167973 -1.9118 0.5 -1.25 -1.9118 0.5 0 1.9118 0.5 0 -2 0.5 -0.09750031 -2 0.5 -1.15 -2 0 0 -2 0 -1.25 -1.9118 0 -1.25 -1.9118 0 0 -1.9118 0 -0.09750031 -2 0 -0.09750031 -2 0 -1.15 -1.9118 0 -1.15 1.94567 0.7825 -0.03900031 -1.94567 0.7825 -0.03900031 -1.94567 1.34429 -0.7131493 1.94567 1.34429 -0.7131493 -1.932 1.31153 -0.7226523 1.932 1.31153 -0.7226523 1.00391 1.31161 -0.7220333 0.140625 1.07708 -0.4413073 0.433594 1.07708 -0.4413073 1.00391 1.21219 -0.6027323 0.621094 1.21211 -0.6033513 0.168246 1.13156 -0.4491923 0.41755 1.13073 -0.4481633 0.976524 1.25664 -0.6036983 0.599177 1.25706 -0.6049203 -0.741006 1.31153 -0.7226523 -0.741006 1.19861 -0.5871463 -0.713663 1.23875 -0.5842083 0.139357 1.19861 -0.5871463 0.168195 1.23849 -0.5828773 -1.932 0.767246 -0.06950931 -2 0.75 0 -0.713663 1.34429 -0.7131493 0.976347 1.34362 -0.7116153 -2 1.375 -0.7500003 1.932 0.767246 -0.06950931 1.29102 1.37498 -1.25 2 1.37499 -0.9882813 1.29102 1.37499 -0.9882813 -2 1.375 -1.25 1.9118 0.5 -1.25 1.29102 1.35449 -0.9931643 1.29102 1.35449 -1.25 -1.27631 1.4032 -1.22631 -1.9732 1.4032 -0.9221293 -1.9732 1.4032 -1.22631 -1.27631 1.4032 -0.9221293 -1.9732 1.65918 -0.9221293 -1.27631 1.65918 -0.9221293 -1.27631 1.65918 -1.22631 -1.9732 1.65918 -1.22631 -1.94128 1.69092 -0.9221293 -1.30823 1.69092 -0.9221293 -1.30823 1.69092 -1.22631 -1.94128 1.69092 -1.22631 1.99175 1.35437 -1.24486 1.29487 1.35437 -0.9983013 1.29487 1.35437 -1.24486 1.99175 1.35437 -0.9983013 1.29487 1.44141 -0.9983013 1.99175 1.44141 -0.9983013 1.99175 1.44141 -1.24486 1.29487 1.44141 -1.24486 1.32678 1.47314 -0.9983013 1.95984 1.47314 -0.9983013 1.95984 1.47314 -1.24486 1.32678 1.47314 -1.24486 0.933159 1.37195 -0.8737703 0.236274 1.27234 -0.6272073 0.236274 1.37195 -0.8737703 0.933159 1.27234 -0.6272073 0.236274 1.41602 -0.6272073 0.933159 1.41602 -0.6272073 0.933159 1.41602 -0.8737703 0.236274 1.41602 -0.8737703 0.268188 1.44775 -0.6272073 0.901245 1.44775 -0.6272073 0.901245 1.44775 -0.8737703 0.268188 1.44775 -0.8737703 0.038628 1.37195 -0.8737703 -0.658257 1.27234 -0.6272073 -0.658257 1.37195 -0.8737703 0.038628 1.27234 -0.6272073 -0.658257 1.41602 -0.6272073 0.038628 1.41602 -0.6272073 0.038628 1.41602 -0.8737703 -0.658257 1.41602 -0.8737703 -0.626343 1.44775 -0.6272073 0.006714 1.44775 -0.6272073 0.006714 1.44775 -0.8737703 -0.626343 1.44775 -0.8737703 -1.26337 1.39197 -1.23925 -1.98614 1.39197 -0.9091893 -1.98614 1.39197 -1.23925 -1.26337 1.39197 -0.9091893 -1.26337 1.37488 -1.23925 -1.98614 1.37488 -0.9091893 -1.98614 1.37488 -1.23925 -1.26337 1.37488 -0.9091893 -0.150378 1.16718 -0.5099443 -0.22743 1.15526 -0.4958903 -0.291565 1.12517 -0.4604173 -0.333019 1.08151 -0.4089263 -0.34548 1.0309 -0.3492563 -0.327053 0.981066 -0.2904913 -0.280542 0.939584 -0.2415773 -0.213027 0.912773 -0.2099613 -0.134789 0.904712 -0.2004573 -0.057737 0.916631 -0.2145113 0.006398 0.946714 -0.2499843 0.047852 0.990382 -0.3014753 0.060314 1.04099 -0.3611453 0.041887 1.09082 -0.4199103 -0.004625 1.1323 -0.4688243 -0.072139 1.15912 -0.5004393 -0.150378 1.18906 -0.4913863 -0.22743 1.17714 -0.4773323 -0.291565 1.14706 -0.4418603 -0.333019 1.10339 -0.3903693 -0.34548 1.05278 -0.3306983 -0.327053 1.00295 -0.2719333 -0.280542 0.961466 -0.2230193 -0.213027 0.934655 -0.1914043 -0.134789 0.926594 -0.1819003 -0.057737 0.938513 -0.1959543 0.006398 0.968596 -0.2314263 0.047852 1.01226 -0.2829173 0.060314 1.06287 -0.3425883 0.041887 1.1127 -0.4013533 -0.004625 1.15419 -0.4502673 -0.072139 1.181 -0.4818823 -1.03984 1.05624 -0.4173843 -1.01175 1.07411 -0.4390603 -0.632105 1.07411 -0.4390603 -0.604013 1.05624 -0.4173843 -0.604013 0.970735 -0.3136543 -0.632105 0.952866 -0.2919773 -1.01175 0.952866 -0.2919773 -1.03984 0.970735 -0.3136543 -1.00734 1.09789 -0.4121503 -1.0342 1.0808 -0.3914283 -1.00363 1.09876 -0.3718103 -0.609655 1.0808 -0.3914283 -0.636511 1.09789 -0.4121503 -0.640224 1.09876 -0.3718103 -0.636511 0.983819 -0.2737753 -0.609655 1.0009 -0.2944973 -0.640224 1.02358 -0.2806093 -1.00363 1.02358 -0.2806093 -1.0342 1.0009 -0.2944973 -1.00734 0.983819 -0.2737753 -0.617521 0.988822 -0.2798443 -1.00469 1.00491 -0.2697513 -0.639166 1.00491 -0.2697513 -0.639166 1.10586 -0.3922183 -0.619964 1.01712 -0.2845673 -1.00469 1.10586 -0.3922183 -0.619964 1.09365 -0.3774013 -1.02389 1.01712 -0.2845673 -1.02389 1.09365 -0.3774013 -1.03154 0.958179 -0.2983563 -0.612314 0.958179 -0.2983563 -0.612314 1.06886 -0.4326283 -1.03154 1.06886 -0.4326283 -1.02633 0.988822 -0.2798443 -1.02633 1.09288 -0.4060813 -0.617521 1.09288 -0.4060803 -1.02155 1.10244 -0.3920043 -0.622304 1.10244 -0.3920043 -0.622304 1.00446 -0.2731483 -1.02155 1.00446 -0.2731483 1.29627 0.461311 -0.2662943 1.29627 0.251217 -0.2662943 1.29627 0.461311 -0.03123131 1.29627 0.251217 -0.03123131 1.27263 0.461311 -0.03123131 1.27263 0.274853 -0.03123131 1.31079 0.475829 -0.2662943 1.31079 0.475829 -0.03123131 1.31079 0.499464 -0.03123131 1.28381 0.488289 -0.03123131 1.30052 0.471576 -0.03123131 1.30052 0.471576 -0.2662943 1.35161 0.475829 -0.2662943 1.35161 0.475829 -0.03123131 1.35161 0.499464 -0.2662943 1.35161 0.499464 -0.03123131 0.925833 0.461311 -0.2662943 0.925833 0.251217 -0.2662943 0.925833 0.461311 -0.03123131 0.925833 0.251217 -0.03123131 0.949468 0.461311 -0.03123131 0.949468 0.274853 -0.03123131 0.911315 0.475829 -0.2662943 0.911315 0.475829 -0.03123131 0.911315 0.499464 -0.03123131 0.938293 0.488289 -0.03123131 0.92158 0.471576 -0.03123131 0.92158 0.471576 -0.2662943 0.870495 0.475829 -0.2662943 0.870495 0.475829 -0.03123131 0.870495 0.499464 -0.2662943 0.870495 0.499464 -0.03123131 1.31079 0.499464 -0.2497623 1.28381 0.488289 -0.2497623 1.27263 0.461311 -0.2497623 1.27263 0.274853 -0.2497623 0.949468 0.274853 -0.2497623 0.949468 0.461311 -0.2497623 0.938293 0.488289 -0.2497623 0.911315 0.499464 -0.2497623 1.18992 0.430942 -0.2691173 1.20964 0.439901 -0.2688323 1.22702 0.4253 -0.2696423 1.22412 0.404535 -0.2701353 1.20367 0.39761 -0.2703383 1.18786 0.41083 -0.2700513 1.19171 0.43 -0.2836313 1.20969 0.438166 -0.2831483 1.22574 0.424998 -0.2830983 1.22281 0.406012 -0.2832123 1.20417 0.39969 -0.2836693 1.18962 0.411626 -0.2840233 1.19731 0.425987 -0.3281923 1.21306 0.433452 -0.3262383 1.22681 0.422622 -0.3210013 1.22337 0.406125 -0.3182483 1.20712 0.400228 -0.3206233 1.19473 0.410034 -0.3254903 1.21241 0.410997 -0.3646183 1.22652 0.419006 -0.3605063 1.23669 0.41183 -0.3479743 1.23162 0.397742 -0.3411583 1.21731 0.390962 -0.3463323 1.20817 0.397483 -0.3577043 1.25181 0.369617 -0.3925113 1.26423 0.379381 -0.3870243 1.26892 0.377946 -0.3700243 1.26073 0.367137 -0.3607393 1.24859 0.358104 -0.3676643 1.24439 0.359441 -0.3830513 1.29517 0.32225 -0.3971123 1.30652 0.333173 -0.3915133 1.30699 0.336365 -0.3741153 1.29618 0.328431 -0.3646153 1.28547 0.317834 -0.3716823 1.2851 0.314978 -0.3874283 1.33747 0.269116 -0.3743213 1.34835 0.280625 -0.3689783 1.34534 0.288095 -0.3532103 1.33206 0.283206 -0.3448683 1.32215 0.271614 -0.3515243 1.32492 0.26489 -0.3657943 1.36406 0.234266 -0.3482323 1.37428 0.24663 -0.3435413 1.36973 0.256113 -0.3293023 1.3558 0.252061 -0.3215793 1.34667 0.239467 -0.3274723 1.35083 0.230926 -0.3403633 1.39435 0.199977 -0.3047093 1.40289 0.214175 -0.3025243 1.39551 0.226768 -0.2925303 1.3807 0.223691 -0.2860913 1.37344 0.209042 -0.2891793 1.38016 0.197682 -0.2982243 1.41024 0.189759 -0.2650813 1.41767 0.204723 -0.2655663 1.40801 0.218857 -0.2610613 1.39235 0.216329 -0.2567463 1.38638 0.2008 -0.2567503 1.39517 0.18805 -0.2608353 1.41913 0.188795 -0.2279143 1.42616 0.20381 -0.2300083 1.41572 0.218049 -0.2286603 1.39981 0.215553 -0.2254073 1.39429 0.199967 -0.2235823 1.40378 0.187121 -0.2248163 1.42708 0.195287 -0.1782223 1.4338 0.21005 -0.1822553 1.42289 0.223916 -0.1837733 1.40688 0.221347 -0.1810983 1.40171 0.206037 -0.1771513 1.41162 0.193528 -0.1757923 1.43242 0.208705 -0.1335313 1.43883 0.222708 -0.1400063 1.4276 0.235731 -0.1442093 1.41162 0.23324 -0.1413153 1.40675 0.218726 -0.1348063 1.41696 0.206973 -0.1310393 1.43718 0.243313 -0.0784433 1.44325 0.25485 -0.0888943 1.43165 0.264952 -0.0976463 1.41566 0.262329 -0.0948863 1.41116 0.25044 -0.08415931 1.4217 0.241326 -0.0762733 1.43549 0.314155 -0.02214631 1.44162 0.322132 -0.0354823 1.43007 0.328643 -0.04721931 1.41408 0.326383 -0.04422231 1.40951 0.318214 -0.0304723 1.42 0.312347 -0.01988731 1.43451 0.388698 0.009592695 1.44069 0.392685 -0.005410305 1.42917 0.395716 -0.01851231 1.41317 0.394219 -0.01509331 1.40856 0.390169 3.65695e-4 1.41902 0.387461 0.0121867 1.43248 0.451553 0.0207057 1.43874 0.453644 0.005356695 1.42726 0.454416 -0.008207305 1.41121 0.45297 -0.004805305 1.40653 0.450935 0.01102769 1.41696 0.450243 0.02325769 1.4321 0.51625 0.0274527 1.43836 0.517006 0.01196169 1.42689 0.517498 -0.001670305 1.41081 0.517109 0.001805695 1.40613 0.516354 0.01777769 1.41655 0.515896 0.03006769 1.43849 0.572288 0.03174469 1.44442 0.570822 0.01603969 1.43363 0.574813 0.002598695 1.41845 0.57948 0.006400695 1.414 0.580392 0.0225387 1.4238 0.576781 0.0346647 1.45188 0.5979 0.03381069 1.45646 0.593488 0.0177957 1.44721 0.600321 0.004522695 1.43465 0.610004 0.008677695 1.43129 0.613246 0.02505069 1.43971 0.607246 0.03708169 1.47382 0.617809 0.03358469 1.47633 0.611201 0.01749869 1.46973 0.620334 0.004188695 1.46148 0.633942 0.008296695 1.45978 0.638902 0.02471869 1.46581 0.630983 0.03685369 1.51402 0.632777 0.03190769 1.51565 0.626651 0.01608969 1.51199 0.63728 0.002763695 1.50746 0.652388 0.006754695 1.5063 0.656996 0.0229867 1.50962 0.64737 0.03502169 1.58085 0.635971 0.02985369 1.58133 0.630004 0.01414569 1.58007 0.641279 8.47695e-4 1.57873 0.656891 0.004811695 1.5784 0.661325 0.02094869 1.57954 0.651075 0.0329447 1.65554 0.633069 0.02763469 1.65565 0.627246 0.0119707 1.65531 0.639071 -0.001209305 1.65505 0.654987 0.002841695 1.65499 0.659231 0.01892769 1.65528 0.648491 0.0308097 1.73798 0.63148 0.02763469 1.73793 0.625657 0.0119707 1.73808 0.637485 -0.001209305 1.73819 0.653401 0.002841695 1.73822 0.657646 0.01892869 1.73809 0.646902 0.03081069 1.7895 0.635631 0.02763669 1.79109 0.630027 0.01196869 1.78779 0.641393 -0.001211305 1.78347 0.656702 0.002837695 1.78232 0.660789 0.0189307 1.78529 0.650462 0.03081169 1.8284 0.651763 0.02763769 1.83143 0.646783 0.01196769 1.8253 0.65691 -0.001211305 1.81705 0.670509 0.002837695 1.81484 0.674139 0.0189307 1.82041 0.664941 0.03081169 1.85472 0.675 0.02763769 1.85935 0.67146 0.0119697 1.85007 0.678818 -0.001210305 1.83746 0.68851 0.002836695 1.83408 0.691075 0.01892969 1.84251 0.684404 0.03081169 1.86532 0.695704 0.0290787 1.87153 0.695025 0.0135787 1.86089 0.699747 2.34695e-4 1.84569 0.704681 0.003988695 1.84094 0.704806 0.0199377 1.85061 0.700511 0.03196769 1.87346 0.733425 0.0302037 1.87934 0.730744 0.01479569 1.86777 0.731068 0.001399695 1.85202 0.734122 0.004998695 1.8477 0.736593 0.02086869 1.85821 0.736272 0.0329497 1.87756 0.758231 0.0228457 1.88267 0.750911 0.008720695 1.87038 0.746797 -0.003334305 1.85474 0.750441 1.78695e-4 1.85122 0.757743 0.01470269 1.86238 0.761437 0.02557369 1.87985 0.790639 0.001433695 1.88471 0.779996 -0.01049031 1.87212 0.772002 -0.0200293 1.85647 0.775613 -0.01653931 1.85321 0.78644 -0.004342305 1.86464 0.793651 0.004247695 1.88052 0.809369 -0.0210023 1.88525 0.795229 -0.02852431 1.87257 0.784512 -0.03466031 1.85695 0.789161 -0.03247131 1.85381 0.80356 -0.0247713 1.86533 0.813227 -0.0192583 1.88058 0.818265 -0.04847331 1.8853 0.802417 -0.0508493 1.87259 0.790205 -0.0525383 1.85699 0.795274 -0.05161631 1.85387 0.811433 -0.0492123 1.86541 0.82244 -0.0477063 1.88038 0.818008 -0.0720293 1.88514 0.802341 -0.0687703 1.87247 0.790258 -0.0661583 1.85684 0.79524 -0.0673063 1.85368 0.811215 -0.0706273 1.86519 0.822108 -0.07296131 1.88037 0.804028 -0.09912331 1.88514 0.791809 -0.08885631 1.87243 0.782097 -0.08135031 1.85685 0.786346 -0.0841123 1.85369 0.798793 -0.09460331 1.86522 0.807489 -0.1014333 1.52319 0.636906 0.03422869 1.52319 0.653874 0.0342397 1.54993 0.653874 0.0342397 1.54993 0.636906 0.03422869 1.52319 0.636579 0.04151569 1.52319 0.654053 0.04153369 1.54993 0.654053 0.04153369 1.54993 0.636579 0.04151569 1.52319 0.66292 0.01430869 1.54993 0.66292 0.01430869 1.52319 0.662073 0.02896369 1.52319 0.66869 0.03203569 1.52319 0.658773 0.03274469 1.52319 0.662773 0.03884569 1.54993 0.66869 0.03203569 1.54993 0.662773 0.03884569 1.54993 0.662073 0.02896369 1.54993 0.658773 0.03274469 1.52319 0.624634 0.009520695 1.54993 0.624634 0.009520695 1.52319 0.63055 0.03222169 1.52319 0.626634 0.03837669 1.52319 0.62604 0.02731469 1.52319 0.619577 0.03069969 1.54993 0.63055 0.03222169 1.54993 0.62604 0.02731469 1.54993 0.626634 0.03837669 1.54993 0.619577 0.03069969 1.54993 0.665872 0.006338695 1.54993 0.672469 9.77695e-4 1.52319 0.665872 0.006338695 1.52319 0.672469 9.77695e-4 1.54993 0.620483 1.82695e-4 1.52319 0.620483 1.82695e-4 1.52319 0.606425 -8.86305e-4 1.54993 0.606425 -8.86305e-4 1.52319 0.606323 0.006103695 1.54993 0.606323 0.006103695 1.52319 0.688575 -2.81305e-4 1.54993 0.688575 -2.81305e-4 1.52319 0.687721 0.006909695 1.54993 0.687721 0.006909695 1.84958 0.799084 -0.0882273 1.85567 0.808819 -0.09923031 1.87036 0.812851 -0.1037873 1.88505 0.808819 -0.09923031 1.89114 0.799084 -0.0882273 1.88505 0.78935 -0.07722431 1.87036 0.785318 -0.07266631 1.85567 0.78935 -0.07722431 1.84958 0.788845 -0.0972863 1.85567 0.798579 -0.1082893 1.87036 0.802612 -0.1128473 1.88505 0.798579 -0.1082893 1.89114 0.788845 -0.0972863 1.88505 0.77911 -0.0862833 1.87036 0.775078 -0.0817253 1.85567 0.77911 -0.0862833 -1.04415 0.917228 -0.2516403 -0.850377 0.917228 -0.2516403 -0.850377 0.801325 -0.1159253 -1.04415 0.801325 -0.1159253 -1.03772 0.938001 -0.2248373 -0.856816 0.938001 -0.2248373 -0.856816 0.831046 -0.09960031 -1.03772 0.831046 -0.09960031 -0.08463 1.18609 -0.4332893 0.009176 1.12991 -0.3670393 0.014084 1.04727 -0.2696043 -0.072782 0.986602 -0.1980613 -0.200536 0.983427 -0.1943183 -0.294343 1.03961 -0.2605683 -0.299251 1.12224 -0.3580023 -0.212385 1.18291 -0.4295453 -1.82813 0.5625 0 1.83008 0.5625 0 -1.82813 0.5625 -1.25 1.83008 0.5625 -1.25 -1.82813 0.5625 -1.23438 1.83008 0.5625 -1.23438 -1.82813 0.5625 -0.01562531 1.83008 0.5625 -0.01562531 -1.89447 0.513184 -1.23438 1.89471 0.513184 -1.23438 -1.89447 0.513184 -0.01562531 1.89471 0.513184 -0.01562531 -0.885254 0.410156 -0.2167973 -0.867722 0.356199 -0.2167973 -0.821824 0.322852 -0.2167973 -0.76509 0.322852 -0.2167973 -0.719192 0.356199 -0.2167973 -0.70166 0.410156 -0.2167973 -0.885254 0.410156 -0.03320331 -0.867722 0.356199 -0.03320331 -0.821824 0.322852 -0.03320331 -0.76509 0.322852 -0.03320331 -0.719192 0.356199 -0.03320331 -0.70166 0.410156 -0.03320331 -0.70166 0.5 -0.2167973 -0.70166 0.5 -0.03320331 -0.885254 0.5 -0.03320331 -0.885254 0.5 -0.2167973 -0.703613 0.407715 -0.2036133 -0.703613 0.5 -0.2036133 -0.670898 0.5 -0.2036133 -0.670898 0.407715 -0.2036133 -0.703613 0.407715 -0.0527343 -0.703613 0.5 -0.0527343 -0.670898 0.5 -0.0527343 -0.670898 0.407715 -0.0527343 -0.463867 0.408203 -0.2480473 -0.463867 0.5 -0.2480473 -0.153809 0.5 -0.2480473 -0.153809 0.408203 -0.2480473 -0.463867 0.408203 -0.03173831 -0.463867 0.5 -0.03173831 -0.153809 0.5 -0.03173831 -0.153809 0.408203 -0.03173831 -1.9118 0.5 -0.09750031 -1.9118 0.5 -0.0288093 -1.9118 0.5 -1.15 -1.9118 0.5 -1.22119 1.9118 0.5 -0.09750031 1.9118 0.5 -0.0288093 1.9118 0.5 -1.22119 1.9118 0.5 -1.15 2 0 -1.25 1.9118 0 -1.25 2 0 -1.15 1.9118 0 -1.15 2 0.5 -1.15 2 1.375 -0.7500003 2 0 0 1.9118 0 0 1.9118 0 -0.09750031 2 0 -0.09750031 2 0.5 -0.09750031 2 0.75 0 1.54993 0.672033 0.01019369 1.52319 0.672033 0.01019369 1.54993 0.616211 0.007567695 1.52319 0.616211 0.007567695 1.742 0.636906 0.03422869 1.742 0.653874 0.0342397 1.76875 0.653874 0.0342397 1.76875 0.636906 0.03422869 1.742 0.636579 0.04151569 1.742 0.654053 0.04153369 1.76875 0.654053 0.04153369 1.76875 0.636579 0.04151569 1.742 0.66292 0.01430869 1.76875 0.66292 0.01430869 1.742 0.662073 0.02896369 1.742 0.66869 0.03203569 1.742 0.658773 0.03274469 1.742 0.662773 0.03884569 1.76875 0.66869 0.03203569 1.76875 0.662773 0.03884569 1.76875 0.662073 0.02896369 1.76875 0.658773 0.03274469 1.742 0.624634 0.009520695 1.76875 0.624634 0.009520695 1.742 0.63055 0.03222169 1.742 0.626634 0.03837669 1.742 0.62604 0.02731469 1.742 0.619577 0.03069969 1.76875 0.63055 0.03222169 1.76875 0.62604 0.02731469 1.76875 0.626634 0.03837669 1.76875 0.619577 0.03069969 1.76875 0.665872 0.006338695 1.76875 0.672469 9.77695e-4 1.742 0.665872 0.006338695 1.742 0.672469 9.77695e-4 1.76875 0.620483 1.82695e-4 1.742 0.620483 1.82695e-4 1.742 0.606425 -8.86305e-4 1.76875 0.606425 -8.86305e-4 1.742 0.606323 0.006103695 1.76875 0.606323 0.006103695 1.742 0.688575 -2.81305e-4 1.76875 0.688575 -2.81305e-4 1.742 0.687721 0.006909695 1.76875 0.687721 0.006909695 1.76875 0.672033 0.01019369 1.742 0.672033 0.01019369 1.76875 0.616211 0.007567695 1.742 0.616211 0.007567695 2 1.35449 -1.25 2 1.35449 -0.9931643</float_array>
          <technique_common>
            <accessor source="#computer_communication_tableShape-positions-array" count="636" stride="3">
              <param name="X" type="float"/>
              <param name="Y" type="float"/>
              <param name="Z" type="float"/>
            </accessor>
          </technique_common>
        </source>
        <source id="computer_communication_tableShape-normals" name="computer_communication_tableShape-normals">
          <float_array id="computer_communication_tableShape-normals-array" count="10170">0 0 1 0 0 1 0 0 1 0 0 1 0 0 1 0 0 1 0.9876885 -0.1564341 0 0.9876885 -0.1564341 0 0.8676043 -0.4972552 0 0.7410228 -0.6714798 0 0.8676043 -0.4972552 0 0.9876885 -0.1564341 0 -0.4096271 -0.9122531 0 -0.204814 -0.9788009 0 0.204814 -0.9788009 0 0.4096271 -0.9122531 0 0.204814 -0.9788009 0 -0.204814 -0.9788009 0 0 0 -1 0 0 -1 0 0 -1 0 0 -1 0 0 -1 0 0 -1 0 0 -1 0 0 -1 0 0 -1 0 0 -1 0 0 -1 0 0 -1 0.9876885 -0.1564341 0 1 0 0 0.9876885 -0.1564341 0 1 0 0 0.9876885 -0.1564341 0 1 0 0 -0.7410228 -0.6714798 0 -0.8676043 -0.4972552 0 -0.9876885 -0.1564341 0 -0.9876885 -0.1564341 0 -0.9876885 -0.1564341 0 -0.8676043 -0.4972552 0 0 0 1 0 0 1 0 0 1 0 0 1 0 0 1 0 0 1 0.204814 -0.9788009 0 0.4096271 -0.9122531 0 0.7410228 -0.6714798 0 0.8676043 -0.4972552 0 0.7410228 -0.6714798 0 0.4096271 -0.9122531 0 0 0 -1 0 0 -1 0 0 -1 0 0 -1 0 0 -1 0 0 -1 -0.8676043 -0.4972552 0 -0.7410228 -0.6714798 0 -0.4096271 -0.9122531 0 -0.204814 -0.9788009 0 -0.4096271 -0.9122531 0 -0.7410228 -0.6714798 0 0 0 1 0 0 1 0 0 1 0 0 1 0 0 1 0 0 1 -0.9876885 -0.1564341 0 -1 0 0 -0.9876885 -0.1564341 0 -1 0 0 -0.9876885 -0.1564341 0 -1 0 0 -0.3718221 0.3896931 0.8425483 -0.121731 0.6814988 0.7216238 -0.1454329 0.6376317 0.7564886 0.109904 0.578999 0.807887 0.363264 0.4375229 0.8225649 0.105476 0.6799582 0.7256252 -1 0 0 -1 0 0 -1 0 0 0 0 -1 0 0 -1 0 0 -1 0 0 -1 0 0 -1 0 0 -1 -0.03591902 0.8738565 -0.4848553 0.152904 0.9519559 0.265331 0.3196011 0.8555453 -0.4073052 0.8449281 0.5184211 -0.131667 0.5921351 0.7621111 -0.261845 0.4746452 0.7915093 0.3850001 0.9055604 0.04945102 0.4213252 0.9084641 0.360086 0.212205 0.355503 0.620701 0.698819 0.152904 0.9519559 0.265331 0.355503 0.620701 0.698819 0.4746452 0.7915093 0.3850001 0.6865328 -0.142071 0.7130838 0.184167 0.4256219 0.8859619 0.3849449 -0.2445979 0.8899378 0.03591799 -0.3356219 0.9413118 -0.131504 0.4758209 0.8696558 -0.319602 -0.262104 0.9105801 -0.8806933 0.005067002 0.4736601 -0.6357367 -0.1749249 0.7518246 -0.474645 0.5091051 0.7180001 -0.9112381 0.314872 0.26552 -0.4133559 0.7834989 0.4639679 -0.875866 0.475665 -0.08125 -0.131504 0.4758209 0.8696558 -0.4133559 0.7834989 0.4639679 -0.474645 0.5091051 0.7180001 -0.643528 0.7314081 -0.225641 -0.1385251 0.9143395 0.3805182 -0.3849441 0.8380393 -0.3866631 -0.875866 0.475665 -0.08125 -0.4133559 0.7834989 0.4639679 -0.643528 0.7314081 -0.225641 -0.1385251 0.9143395 0.3805182 -0.643528 0.7314081 -0.225641 -0.4133559 0.7834989 0.4639679 -0.3849441 0.8380393 -0.3866631 -0.1385251 0.9143395 0.3805182 -0.03591902 0.8738565 -0.4848553 0.152904 0.9519559 0.265331 -0.03591902 0.8738565 -0.4848553 -0.1385251 0.9143395 0.3805182 -0.8806933 0.005067002 0.4736601 -0.474645 0.5091051 0.7180001 -0.9112381 0.314872 0.26552 -0.4133559 0.7834989 0.4639679 -0.9112381 0.314872 0.26552 -0.474645 0.5091051 0.7180001 -0.319602 -0.262104 0.9105801 -0.131504 0.4758209 0.8696558 -0.6357367 -0.1749249 0.7518246 -0.474645 0.5091051 0.7180001 -0.6357367 -0.1749249 0.7518246 -0.131504 0.4758209 0.8696558 0.3849449 -0.2445979 0.8899378 0.184167 0.4256219 0.8859619 0.03591799 -0.3356219 0.9413118 -0.131504 0.4758209 0.8696558 0.03591799 -0.3356219 0.9413118 0.184167 0.4256219 0.8859619 0.9055604 0.04945102 0.4213252 0.355503 0.620701 0.698819 0.6865328 -0.142071 0.7130838 0.184167 0.4256219 0.8859619 0.6865328 -0.142071 0.7130838 0.355503 0.620701 0.698819 0.8449281 0.5184211 -0.131667 0.4746452 0.7915093 0.3850001 0.9084641 0.360086 0.212205 0.355503 0.620701 0.698819 0.9084641 0.360086 0.212205 0.4746452 0.7915093 0.3850001 0.3196011 0.8555453 -0.4073052 0.152904 0.9519559 0.265331 0.5921351 0.7621111 -0.261845 0.4746452 0.7915093 0.3850001 0.5921351 0.7621111 -0.261845 0.152904 0.9519559 0.265331 -0.1454329 0.6376317 0.7564886 0 0.8770879 0.4803299 0.2409899 0.3385849 0.9095517 0.3162281 0 0.9486833 0 0 1 0 0.279386 0.9601789 0 0 -1 0 0 -1 0 0 -1 0 0 -1 0.3162281 0 -0.9486833 0 0 -1 0.3162281 0 0.9486833 0.894428 0 0.447212 1 0 0 0.3162281 0 -0.9486833 1 0 0 0.894428 0 -0.447212 -0.6091532 -0.7930473 0.002924001 -0.2270179 -0.8198827 -0.5255998 -0.459664 -0.7778681 -0.4285211 0.3709371 -0.7857862 0.4949201 0.6018929 -0.7985539 -0.006058999 0.3424138 -0.8501686 0.3999578 -0.6091532 -0.7930473 -0.002924001 -0.4063972 -0.6877273 0.6015583 -0.2270179 -0.8198827 0.5255998 0.3424138 -0.8501686 -0.3999578 0.6018929 -0.7985539 0.006058999 0.3322558 -0.7038446 -0.6278607 0.105476 0.6799582 0.7256252 -0.4139991 0.3541441 0.8385623 0 0.8934014 0.4492592 -0.316232 0 0.9486819 0 0.4241552 0.9055895 0 0 1 -0.316232 0 0.9486819 -1 0 0 -0.8944354 0 0.4471972 -0.316232 0 -0.9486819 -0.8944354 0 -0.4471972 -1 0 0 1 0 0 0.7725997 0.4609858 0.4365568 1 0 0 1 0 0 0.7725997 0.4609858 0.4365568 1 0 0 -1 0 0 -1 0 0 -0.9249657 0.2759489 0.2613249 -1 0 0 -1 0 0 -0.9249657 0.2759489 0.2613249 1 0 0 1 0 0 0.9281027 -0.2636099 0.2629359 -1 0 0 -0.7799798 -0.4430769 0.4419439 -1 0 0 1 0 0 0.7725997 0.4609858 0.4365568 1 0 0 1 0 0 0.7725997 0.4609858 0.4365568 1 0 0 -1 0 0 -1 0 0 -0.9249657 0.2759489 0.2613249 -1 0 0 -1 0 0 -0.9249657 0.2759489 0.2613249 1 0 0 1 0 0 0.9281027 -0.2636099 0.2629359 -1 0 0 -0.7799798 -0.4430769 0.4419439 -1 0 0 0 0 -1 0 0 -1 0 0 -1 -0.316232 0 -0.9486819 0 0 -1 0 0 -1 1 0 0 1 0 0 1 0 0 1 0 0 1 0 0 1 0 0 1 0 0 1 0 0 1 0 0 -0.7071068 -0.7071068 0 -0.7071068 -0.7071068 0 -1 0 0 -1 0 0 -1 0 0 -0.7071068 -0.7071068 0 -0.3671559 0.4743198 0.8001357 0.2232921 0.4851523 0.8454395 -0.121731 0.6814988 0.7216238 0.109904 0.578999 0.807887 -0.121731 0.6814988 0.7216238 0.2232921 0.4851523 0.8454395 0.3870321 0.1609401 0.9079123 0.7628797 0.5220328 0.3814399 0.8119492 0.3376341 -0.4761741 0.3814399 0.5220328 -0.7628797 0.8119492 0.3376341 -0.4761741 0.7628797 0.5220328 0.3814399 -0.8119492 0.3376341 0.4761741 -0.447214 0 0.894427 0.3870321 0.1609401 0.9079123 0.894427 0 0.447214 0.3870321 0.1609401 0.9079123 -0.447214 0 0.894427 -0.7071068 0 0.7071068 -0.71671 0.29803 0.63048 -0.894427 0 -0.447214 -0.3870321 0.1609401 -0.9079123 -0.894427 0 -0.447214 -0.71671 0.29803 0.63048 -0.258902 0.6274938 0.7343168 0.3681809 0.8923497 0.2610649 -0.3681809 0.8923497 -0.2610649 0.258902 0.6274938 -0.7343168 -0.3681809 0.8923497 -0.2610649 0.3681809 0.8923497 0.2610649 -0.3870321 0.1609401 -0.9079123 -0.71671 0.29803 0.63048 -0.3681809 0.8923497 -0.2610649 -0.258902 0.6274938 0.7343168 -0.3681809 0.8923497 -0.2610649 -0.71671 0.29803 0.63048 -0.634323 0.541206 -0.552024 0.552024 0.541206 -0.634323 -0.447214 0 -0.894427 0.894427 0 -0.447214 -0.447214 0 -0.894427 0.552024 0.541206 -0.634323 -0.136288 0.8438467 0.5189878 -0.155737 0.9868373 0.04357001 -0.5940873 0.7080123 0.3818102 -0.5258197 0.8503715 0.01954499 -0.5940873 0.7080123 0.3818102 -0.155737 0.9868373 0.04357001 -0.9226249 0.1456 0.357161 -0.6673551 -0.169416 0.7252141 -0.6779718 0.4551189 0.5772529 -0.525822 0.181444 0.831017 -0.6779718 0.4551189 0.5772529 -0.6673551 -0.169416 0.7252141 0.9055604 0.04945102 0.4213252 0.6865328 -0.142071 0.7130838 0.9128813 -0.2640351 0.3113411 0.73373 -0.439456 0.518188 0.9128813 -0.2640351 0.3113411 0.6865328 -0.142071 0.7130838 -0.8788722 -0.3085551 0.3638371 -0.8806933 0.005067002 0.4736601 -0.994534 -0.067534 0.079633 -0.9112381 0.314872 0.26552 -0.994534 -0.067534 0.079633 -0.8806933 0.005067002 0.4736601 0.6923013 0.5974303 -0.4047172 0.6673551 0.6795641 -0.30468 0.9493715 0.3033382 -0.08173005 0.9341763 0.3362591 0.119351 0.9493715 0.3033382 -0.08173005 0.6673551 0.6795641 -0.30468 0.9226241 0.1456 0.357163 0.9341763 0.3362591 0.119351 0.6779707 0.4551198 0.5772537 0.5940859 0.7080129 0.3818109 0.6779707 0.4551198 0.5772537 0.9341763 0.3362591 0.119351 -0.96573 0.259549 0 -0.5883698 0.07700697 0.8049167 -0.894427 0.447214 0 -0.4082479 0.8164969 0.4082479 -0.894427 0.447214 0 -0.5883698 0.07700697 0.8049167 -0.3535521 -0.9232752 -0.150213 -0.1714909 -0.9803677 -0.09731496 0.6217731 -0.7691011 -0.147925 0.8167494 -0.5751723 -0.04579702 0.6217731 -0.7691011 -0.147925 -0.1714909 -0.9803677 -0.09731496 -0.9426516 -0.1484099 0.2989689 -0.9775546 -0.06498598 0.2004089 -0.589608 0.7697249 0.244716 -0.5394291 0.8409191 0.04326 -0.589608 0.7697249 0.244716 -0.9775546 -0.06498598 0.2004089 -0.9580461 -0.216673 0.187618 -0.7554398 0.6268438 -0.190729 -0.9897397 -0.04189898 0.136601 -0.654458 0.7522121 -0.07656201 -0.9897397 -0.04189898 0.136601 -0.7554398 0.6268438 -0.190729 -0.9767655 0.03792198 0.2109289 -0.6805481 0.092783 -0.726805 -0.9906934 -0.04299602 0.1291431 -0.5935119 0.106573 -0.7977379 -0.9906934 -0.04299602 0.1291431 -0.6805481 0.092783 -0.726805 -0.648525 0.110078 0.753192 -0.6037474 -0.5282223 0.5970514 0 0.100464 0.9949408 0 -0.6626173 0.7489582 0 0.100464 0.9949408 -0.6037474 -0.5282223 0.5970514 0.6204809 0.6607428 0.4224009 0.6964052 0.4439031 0.5638882 0.9680411 -0.22486 -0.11106 0.9688856 -0.1882531 -0.1606911 0.9680411 -0.22486 -0.11106 0.6964052 0.4439031 0.5638882 -0.9534025 0.2977822 0.04847202 -0.8656542 -0.4952541 -0.07325502 -0.9540457 0.2681329 0.133797 -0.6134642 -0.6864392 -0.3904651 -0.9540457 0.2681329 0.133797 -0.8656542 -0.4952541 -0.07325502 0.9907619 -0.130753 -0.035981 0.2249799 -0.9625947 -0.150981 0.9678815 -0.2512551 0.008735004 0.3454761 -0.9000803 0.2655221 0.9678815 -0.2512551 0.008735004 0.2249799 -0.9625947 -0.150981 -0.1888851 0.2466791 0.9505115 -0.4659592 0.8522404 0.2378411 -0.09895898 0.2945269 0.9505057 -0.1716809 0.9560676 0.2376139 -0.09895898 0.2945269 0.9505057 -0.4659592 0.8522404 0.2378411 -0.9339409 0.282699 0.218714 -0.5906532 0.2131551 -0.7782633 -0.9767655 0.03792198 0.2109289 -0.6805481 0.092783 -0.726805 -0.9767655 0.03792198 0.2109289 -0.5906532 0.2131551 -0.7782633 0.1940331 -0.08397403 -0.9773943 0.1692631 -0.2479741 -0.9538653 0.7776735 -0.6054694 -0.1692061 0.500757 -0.862905 -0.068098 0.7776735 -0.6054694 -0.1692061 0.1692631 -0.2479741 -0.9538653 -0.4919291 0.219321 -0.8425581 -0.558927 0.421823 -0.713909 -0.9309551 0.334962 0.145338 -0.7330982 0.6374522 0.2371111 -0.9309551 0.334962 0.145338 -0.558927 0.421823 -0.713909 -0.3900681 0.5831961 -0.7125512 -0.1824839 0.6775457 -0.7124826 -0.4659592 0.8522404 0.2378411 -0.1716809 0.9560676 0.2376139 -0.4659592 0.8522404 0.2378411 -0.1824839 0.6775457 -0.7124826 -0.345975 -0.8401671 0.4176371 -0.3307589 -0.6969798 0.6362528 -0.9580461 -0.216673 0.187618 -0.993349 -0.081232 0.081604 -0.9580461 -0.216673 0.187618 -0.3307589 -0.6969798 0.6362528 -0.9466549 -0.194415 0.256997 -0.9764944 -0.08666803 0.1973511 -0.8167383 0.2842301 -0.5021472 -0.6890929 0.205365 -0.6949649 -0.8167383 0.2842301 -0.5021472 -0.9764944 -0.08666803 0.1973511 -0.9208143 -0.3671181 -0.131626 -0.8979507 -0.3946069 -0.1948589 -0.1714909 -0.9803677 -0.09731496 -0.1781451 -0.9802083 0.08634903 -0.1714909 -0.9803677 -0.09731496 -0.8979507 -0.3946069 -0.1948589 -0.896043 -0.276855 0.347071 -0.458138 0.6794271 0.5731391 -0.8665226 -0.2818159 0.4119688 -0.3915298 0.4362977 0.8101535 -0.8665226 -0.2818159 0.4119688 -0.458138 0.6794271 0.5731391 0.458975 0.649803 -0.605886 0.3713962 0.8203864 -0.4347772 0.7400998 0.5548939 0.3799279 0.8531085 0.4418713 0.2774092 0.7400998 0.5548939 0.3799279 0.3713962 0.8203864 -0.4347772 0.2389181 -0.3691251 -0.8981453 -0.001448 -0.2481081 -0.9687313 0.7690657 0.2903959 -0.5693928 0.6555552 0.5116631 -0.5553811 0.7690657 0.2903959 -0.5693928 -0.001448 -0.2481081 -0.9687313 -0.02175101 -0.2957702 -0.9550116 -0.014186 -0.30925 -0.950875 0.004045 0.703722 -0.710464 -0.025766 0.7001029 -0.7135769 0.004045 0.703722 -0.710464 -0.014186 -0.30925 -0.950875 0.436091 -0.425362 -0.793027 0.213065 -0.151053 -0.9652908 -0.7303798 -0.2153119 -0.6482177 -0.7652407 0.07931997 -0.6388388 -0.7303798 -0.2153119 -0.6482177 0.213065 -0.151053 -0.9652908 -0.5935119 0.106573 -0.7977379 -0.6805481 0.092783 -0.726805 0.3185719 0.137037 -0.9379408 0.3219381 0.07698903 -0.9436253 0.3185719 0.137037 -0.9379408 -0.6805481 0.092783 -0.726805 -0.8656542 -0.4952541 -0.07325502 0.2249799 -0.9625947 -0.150981 -0.6134642 -0.6864392 -0.3904651 0.2281319 -0.8521266 -0.4709948 -0.6134642 -0.6864392 -0.3904651 0.2249799 -0.9625947 -0.150981 0.6722311 -0.244367 0.6988491 0.5804987 0.009680996 0.8142036 -0.2551399 0.02708799 0.9665247 -0.4132952 0.2132431 0.8852766 -0.2551399 0.02708799 0.9665247 0.5804987 0.009680996 0.8142036 0.3992081 -0.7232041 -0.5635681 0.5065719 -0.8022258 -0.3159409 -0.429204 -0.879039 -0.207544 -0.4092859 -0.9120279 0.026269 -0.429204 -0.879039 -0.207544 0.5065719 -0.8022258 -0.3159409 -0.4132952 0.2132431 0.8852766 0.5804987 0.009680996 0.8142036 -0.08886299 0.4296489 0.8986129 0.7580632 0.2187191 0.6144121 -0.08886299 0.4296489 0.8986129 0.5804987 0.009680996 0.8142036 0.2389181 -0.3691251 -0.8981453 -0.5835827 -0.6948056 -0.4203288 -0.001448 -0.2481081 -0.9687313 -0.7153522 -0.6321962 -0.2976561 -0.001448 -0.2481081 -0.9687313 -0.5835827 -0.6948056 -0.4203288 0.6044738 -0.121709 0.7872727 1 0 0 0.7106416 0.1393119 0.6896236 1 0 0 0.7106416 0.1393119 0.6896236 1 0 0 0.566413 -0.502258 0.653386 1 0 0 0.6044738 -0.121709 0.7872727 1 0 0 0.6044738 -0.121709 0.7872727 1 0 0 0.566413 -0.502258 0.653386 0.6044738 -0.121709 0.7872727 -0.5664129 -0.3790099 0.7317978 -0.8350161 -0.08406401 0.5437661 -0.5664129 -0.3790099 0.7317978 0.6044738 -0.121709 0.7872727 0 -0.9788081 -0.20478 0 -0.9788081 -0.20478 0 -0.9627015 -0.2705661 0 -0.8769817 -0.4805238 0 -0.9627015 -0.2705661 0 -0.9788081 -0.20478 0.9915437 0.129774 0 0.7992423 0.2148031 0.5613122 0.797176 0.603747 0 0.4117851 0.5437121 0.7313072 0.797176 0.603747 0 0.7992423 0.2148031 0.5613122 0 0 1 0 0 1 0 0 1 0 0 1 0 0 1 0 0 1 0 0 -1 0 0 -1 0 0 -1 0 0 -1 0 0 -1 0 0 -1 0.8647957 -0.08452397 0.4949588 0.362163 -0.021277 0.9318719 -0.6811308 -0.2335859 0.6939008 -0.354909 0.428109 0.8311211 -0.6811308 -0.2335859 0.6939008 0.362163 -0.021277 0.9318719 0.163855 0.9245948 0.3439129 0.3277101 0.8196972 0.4697901 -0.195962 0.941446 0.274369 -0.195962 0.941446 0.274369 -0.3919209 0.8158847 0.4251238 0.163855 0.9245948 0.3439129 -0.9876885 -0.1564341 0 -1 0 0 -0.9876885 -0.1564341 0 -1 0 0 -0.9876885 -0.1564341 0 -1 0 0 0.6666668 -0.3333329 0.6666668 -0.4082479 -0.8164969 0.4082479 0.3333329 -0.6666668 -0.6666668 -0.8164969 -0.4082479 -0.4082479 0.3333329 -0.6666668 -0.6666668 -0.4082479 -0.8164969 0.4082479 0 0 1 0 0 1 0 0 1 0 0 1 0 0 1 0 0 1 0.894428 0 0.447212 0.3162281 0 0.9486833 0 0 1 0 0.279386 0.9601789 0 0 1 0.3162281 0 0.9486833 0.894428 0 -0.447212 1 0 0 0.7071074 0 0.7071064 0.7071074 0 0.7071064 0.7071074 0 0.7071064 1 0 0 -0.2201829 -0.6515448 -0.7259538 -0.320415 -0.947276 0.001536 -0.459664 -0.7778681 -0.4285211 -0.6091532 -0.7930473 0.002924001 -0.459664 -0.7778681 -0.4285211 -0.320415 -0.947276 0.001536 -0.8944354 0 0.4471972 0 0 1 -0.316232 0 0.9486819 0 0.4241552 0.9055895 -0.316232 0 0.9486819 0 0 1 0.7071068 -0.7071068 0 0.7071068 -0.7071068 0 0 -1 0 0 -1 0 0 -1 0 0.7071068 -0.7071068 0 0.9281027 -0.2636099 0.2629359 1 0 0 0.8113738 -0.5507949 0.1956979 1 0 0 0.8113738 -0.5507949 0.1956979 1 0 0 -0.648525 0.110078 0.753192 0 0.957793 0.287459 -0.8058852 0.5092641 0.3019921 -0.5685277 0.7494746 -0.3392108 -0.8058852 0.5092641 0.3019921 0 0.957793 0.287459 0.7106416 0.1393119 0.6896236 1 0 0 0.8418795 0.2945008 0.4522257 1 0 0 0.8418795 0.2945008 0.4522257 1 0 0 0 -0.1963381 -0.9805363 0 0.101851 -0.9947997 0 -0.09782299 -0.9952039 0 0.2030099 -0.9791766 0 -0.09782299 -0.9952039 0 0.101851 -0.9947997 0 -0.8129619 -0.5823169 0 -0.9788081 -0.20478 0 -0.8129619 -0.5823169 0 -0.9788081 -0.20478 0 -0.8129619 -0.5823169 0 -0.9788081 -0.20478 0.9281027 -0.2636099 0.2629359 1 0 0 0.8113738 -0.5507949 0.1956979 1 0 0 0.8113738 -0.5507949 0.1956979 1 0 0 -0.1436329 0.6537936 0.7429156 -0.382608 0.382078 0.841206 -0.3718221 0.3896931 0.8425483 -0.121731 0.6814988 0.7216238 -0.3718221 0.3896931 0.8425483 -0.382608 0.382078 0.841206 -0.195962 0.941446 0.274369 -0.4139991 0.3541441 0.8385623 -0.3919209 0.8158847 0.4251238 -0.296351 0.5072891 0.8092181 -0.3919209 0.8158847 0.4251238 -0.4139991 0.3541441 0.8385623 0.7071068 0.7071068 0 1 0 0 0.6347813 0.7083254 -0.3087521 0.4472139 0.2072619 -0.8700818 0.6347813 0.7083254 -0.3087521 1 0 0 -0.3870321 0.1609401 -0.9079123 -0.8119492 0.3376341 0.4761741 -0.3681809 0.8923497 -0.2610649 -0.258902 0.6274938 0.7343168 -0.3681809 0.8923497 -0.2610649 -0.8119492 0.3376341 0.4761741 0.71671 0.29803 -0.63048 -0.4840299 0.201275 -0.8515888 0.258902 0.6274938 -0.7343168 -0.3681809 0.8923497 -0.2610649 0.258902 0.6274938 -0.7343168 -0.4840299 0.201275 -0.8515888 0.6595848 0.172886 0.7314768 0.7010549 0.4124679 -0.5817149 0.3681809 0.8923497 0.2610649 0.258902 0.6274938 -0.7343168 0.3681809 0.8923497 0.2610649 0.7010549 0.4124679 -0.5817149 -0.71671 0.29803 0.63048 0.6595848 0.172886 0.7314768 -0.258902 0.6274938 0.7343168 0.3681809 0.8923497 0.2610649 -0.258902 0.6274938 0.7343168 0.6595848 0.172886 0.7314768 -0.634323 0.541206 -0.552024 -0.552024 0.541206 0.634323 -0.7628797 0.5220328 -0.3814399 -0.3814399 0.5220328 0.7628797 -0.7628797 0.5220328 -0.3814399 -0.552024 0.541206 0.634323 0.9226241 0.1456 0.357163 0.6779707 0.4551198 0.5772537 0.6673546 -0.1694159 0.7252146 0.5258211 0.1814451 0.8310173 0.6673546 -0.1694159 0.7252146 0.6779707 0.4551198 0.5772537 -0.9587871 0.183769 -0.216694 -0.875866 0.475665 -0.08125 -0.777074 0.407095 -0.480031 -0.643528 0.7314081 -0.225641 -0.777074 0.407095 -0.480031 -0.875866 0.475665 -0.08125 0.9341633 0.2308041 -0.2721551 0.7264958 0.4444549 -0.5240839 0.8449281 0.5184211 -0.131667 0.5921351 0.7621111 -0.261845 0.8449281 0.5184211 -0.131667 0.7264958 0.4444549 -0.5240839 0.6923016 -0.2832848 0.6636777 0.6673546 -0.1694159 0.7252146 0.192425 -0.4774671 0.8573201 0.182981 -0.3248699 0.9278888 0.192425 -0.4774671 0.8573201 0.6673546 -0.1694159 0.7252146 -0.9226249 0.1456 0.357161 -0.6779718 0.4551189 0.5772529 -0.9341763 0.3362591 0.119351 -0.5940873 0.7080123 0.3818102 -0.9341763 0.3362591 0.119351 -0.6779718 0.4551189 0.5772529 -0.9493711 0.30334 -0.081728 -0.9652354 0.014102 0.2610021 -0.9341763 0.3362591 0.119351 -0.9226249 0.1456 0.357161 -0.9341763 0.3362591 0.119351 -0.9652354 0.014102 0.2610021 0 0 1 0 0 1 0 0 1 0 0 1 0 0 1 0 0 1 0.447214 -0.894427 0 0.894427 -0.447214 0 1 0 0 1 0 0 1 0 0 0.894427 -0.447214 0 -0.576838 -0.761065 -0.296712 -0.8665226 -0.2818159 0.4119688 -0.5835827 -0.6948056 -0.4203288 -0.768778 -0.262204 0.583292 -0.5835827 -0.6948056 -0.4203288 -0.8665226 -0.2818159 0.4119688 -0.3827331 -0.9136133 0.137208 -0.4377308 -0.8608167 0.2595889 -0.9775546 -0.06498598 0.2004089 -0.9897397 -0.04189898 0.136601 -0.9775546 -0.06498598 0.2004089 -0.4377308 -0.8608167 0.2595889 -0.3382819 -0.136757 0.9310548 -0.9906934 -0.04299602 0.1291431 -0.3336621 -0.2844131 0.8987653 -0.9764944 -0.08666803 0.1973511 -0.3336621 -0.2844131 0.8987653 -0.9906934 -0.04299602 0.1291431 -0.5685277 0.7494746 -0.3392108 -0.7971752 0.4000541 -0.4521821 -0.8058852 0.5092641 0.3019921 -0.9906023 -0.09062902 0.102438 -0.8058852 0.5092641 0.3019921 -0.7971752 0.4000541 -0.4521821 0.5804987 0.009680996 0.8142036 0.6722311 -0.244367 0.6988491 0.9592271 -0.237339 -0.153472 0.9270434 -0.3323452 -0.1736011 0.9592271 -0.237339 -0.153472 0.6722311 -0.244367 0.6988491 -0.9806653 0.163445 0.107617 -0.9540457 0.2681329 0.133797 -0.8192062 -0.3638711 -0.4432821 -0.6134642 -0.6864392 -0.3904651 -0.8192062 -0.3638711 -0.4432821 -0.9540457 0.2681329 0.133797 -0.08886299 0.4296489 0.8986129 -0.331297 0.6567971 0.6773921 -0.8909696 0.2757889 0.3607128 -0.9806653 0.163445 0.107617 -0.8909696 0.2757889 0.3607128 -0.331297 0.6567971 0.6773921 0.2724601 -0.4075231 0.8716022 0.4742093 -0.4342673 0.7658575 0.500757 -0.862905 -0.068098 0.7776735 -0.6054694 -0.1692061 0.500757 -0.862905 -0.068098 0.4742093 -0.4342673 0.7658575 0.1692631 -0.2479741 -0.9538653 0.06986499 -0.300056 -0.9513597 0.500757 -0.862905 -0.068098 0.151169 -0.975072 -0.162427 0.500757 -0.862905 -0.068098 0.06986499 -0.300056 -0.9513597 0.06986499 -0.300056 -0.9513597 -0.014186 -0.30925 -0.950875 0.151169 -0.975072 -0.162427 -0.01157599 -0.9845825 -0.1745369 0.151169 -0.975072 -0.162427 -0.014186 -0.30925 -0.950875 0.5591741 -0.8261722 -0.06902102 0.3238939 -0.5620748 0.7610287 0.280543 -0.9413219 -0.18764 0.130907 -0.635521 0.760905 0.280543 -0.9413219 -0.18764 0.3238939 -0.5620748 0.7610287 0.3219381 0.07698903 -0.9436253 0.4269751 -0.030107 -0.9037621 0.9868342 -0.04041401 -0.156605 0.9467034 -0.2752701 -0.1672701 0.9868342 -0.04041401 -0.156605 0.4269751 -0.030107 -0.9037621 0.02126 0.3116449 0.9499608 0.028664 0.9729261 0.229332 0.031066 0.322003 0.9462289 -0.023732 0.977158 0.211185 0.031066 0.322003 0.9462289 0.028664 0.9729261 0.229332 -0.3336621 -0.2844131 0.8987653 -0.9764944 -0.08666803 0.1973511 -0.4359579 -0.4486499 0.7801628 -0.9466549 -0.194415 0.256997 -0.4359579 -0.4486499 0.7801628 -0.9764944 -0.08666803 0.1973511 -0.896043 -0.276855 0.347071 -0.9426516 -0.1484099 0.2989689 -0.458138 0.6794271 0.5731391 -0.589608 0.7697249 0.244716 -0.458138 0.6794271 0.5731391 -0.9426516 -0.1484099 0.2989689 -0.576838 -0.761065 -0.296712 -0.429204 -0.879039 -0.207544 -0.8665226 -0.2818159 0.4119688 -0.896043 -0.276855 0.347071 -0.8665226 -0.2818159 0.4119688 -0.429204 -0.879039 -0.207544 0.6477593 0.7411193 -0.1764941 0.9678815 -0.2512551 0.008735004 0.8139942 0.5157411 -0.2672541 0.8952106 -0.3937088 0.2087859 0.8139942 0.5157411 -0.2672541 0.9678815 -0.2512551 0.008735004 0.7690657 0.2903959 -0.5693928 0.6555552 0.5116631 -0.5553811 0.622471 0.68782 0.373408 0.666462 0.635519 0.3898 0.622471 0.68782 0.373408 0.6555552 0.5116631 -0.5553811 -0.622824 0.4626669 -0.6308959 0.1940331 -0.08397403 -0.9773943 -0.5906532 0.2131551 -0.7782633 0.4269751 -0.030107 -0.9037621 -0.5906532 0.2131551 -0.7782633 0.1940331 -0.08397403 -0.9773943 0.004045 0.703722 -0.710464 -0.02503501 0.7039914 -0.7097673 -0.02175101 -0.2957702 -0.9550116 -6.4e-4 -0.290154 -0.9569798 -0.02175101 -0.2957702 -0.9550116 -0.02503501 0.7039914 -0.7097673 0.666462 0.635519 0.3898 0.7400998 0.5548939 0.3799279 -0.01279101 0.1561001 0.9876585 0.237015 -0.121139 0.9639239 -0.01279101 0.1561001 0.9876585 0.7400998 0.5548939 0.3799279 0.3185719 0.137037 -0.9379408 0.313757 0.268409 -0.9107761 -0.5935119 0.106573 -0.7977379 -0.6890929 0.205365 -0.6949649 -0.5935119 0.106573 -0.7977379 0.313757 0.268409 -0.9107761 0.68787 -0.082658 0.721112 -0.3382819 -0.136757 0.9310548 0.6341132 -0.195296 0.7481712 -0.3336621 -0.2844131 0.8987653 0.6341132 -0.195296 0.7481712 -0.3382819 -0.136757 0.9310548 0.6722311 -0.244367 0.6988491 -0.2551399 0.02708799 0.9665247 0.5441008 -0.4498689 0.7082177 -0.2815389 0.136373 0.9498097 0.5441008 -0.4498689 0.7082177 -0.2551399 0.02708799 0.9665247 -0.7997686 0.5837227 -0.1401359 -0.7758613 0.5696862 -0.2711031 -0.9208143 -0.3671181 -0.131626 -0.8979507 -0.3946069 -0.1948589 -0.9208143 -0.3671181 -0.131626 -0.7758613 0.5696862 -0.2711031 -0.4359579 -0.4486499 0.7801628 0.4876182 -0.4401892 0.7539643 -0.3336621 -0.2844131 0.8987653 0.6341132 -0.195296 0.7481712 -0.3336621 -0.2844131 0.8987653 0.4876182 -0.4401892 0.7539643 -0.010462 -0.650166 0.7597201 0.02126 0.3116449 0.9499608 0.03225701 -0.6452171 0.7633181 0.031066 0.322003 0.9462289 0.03225701 -0.6452171 0.7633181 0.02126 0.3116449 0.9499608 0.7106416 0.1393119 0.6896236 1 0 0 0.8418795 0.2945008 0.4522257 1 0 0 0.8418795 0.2945008 0.4522257 1 0 0 0 -0.1963381 -0.9805363 0 0.101851 -0.9947997 0 -0.09782299 -0.9952039 0 0.2030099 -0.9791766 0 -0.09782299 -0.9952039 0 0.101851 -0.9947997 0 -0.8129619 -0.5823169 0 -0.9788081 -0.20478 0 -0.8129619 -0.5823169 0 -0.9788081 -0.20478 0 -0.8129619 -0.5823169 0 -0.9788081 -0.20478 -0.3826821 0.9238801 0 -0.3422811 0.8263433 0.4472142 -0.6037481 0.7971752 0 -0.5437128 0.4117849 0.7313068 -0.6037481 0.7971752 0 -0.3422811 0.8263433 0.4472142 0.797176 -0.603747 0 0.6037481 -0.7971752 0 0.2595508 -0.9657294 0 0.1297751 -0.9915435 0 0.2595508 -0.9657294 0 0.6037481 -0.7971752 0 -0.296351 0.5072891 0.8092181 -0.4139991 0.3541441 0.8385623 0.3938708 0.3039518 0.8674555 0.105476 0.6799582 0.7256252 0.3938708 0.3039518 0.8674555 -0.4139991 0.3541441 0.8385623 0.48198 0.492863 0.724418 -0.3893849 0.3103039 0.8672317 0.2409899 0.3385849 0.9095517 -0.1454329 0.6376317 0.7564886 0.2409899 0.3385849 0.9095517 -0.3893849 0.3103039 0.8672317 0.204814 -0.9788009 0 0.4096271 -0.9122531 0 0.7410228 -0.6714798 0 0.8676043 -0.4972552 0 0.7410228 -0.6714798 0 0.4096271 -0.9122531 0 -0.8164969 -0.4082479 -0.4082479 -0.447214 0 -0.894427 0.3333329 -0.6666668 -0.6666668 0.894427 0 -0.447214 0.3333329 -0.6666668 -0.6666668 -0.447214 0 -0.894427 0.9876885 -0.1564341 0 0.9876885 -0.1564341 0 0.8676043 -0.4972552 0 0.7410228 -0.6714798 0 0.8676043 -0.4972552 0 0.9876885 -0.1564341 0 0 -1 0 0 -1 0 0 -1 0 0 -1 0 0 -1 0 0 -1 0 0 -1 0 0 -1 0 0 -1 0 0 -1 0 0 -1 0 0 -1 0 -0.2831378 -0.8378356 0.4667597 -0.4063972 -0.6877273 0.6015583 -0.320415 -0.947276 -0.001536 -0.6091532 -0.7930473 -0.002924001 -0.320415 -0.947276 -0.001536 -0.4063972 -0.6877273 0.6015583 0.105476 0.6799582 0.7256252 0 0.8934014 0.4492592 0 0.8770879 0.4803299 0.105476 0.6799582 0.7256252 0 0.8770879 0.4803299 -0.1454329 0.6376317 0.7564886 0 0 1 -0.4472168 0 0.8944256 0 0 1 -0.8944304 0 0.4472072 0 0 1 -0.4472168 0 0.8944256 -0.9249657 0.2759489 0.2613249 -0.5243159 0.6280668 0.5749999 -1 0 0 -0.7071071 0.702177 0.083349 -1 0 0 -0.5243159 0.6280668 0.5749999 -1 0 0 -0.7071072 -0.7070312 -0.010316 -0.7799798 -0.4430769 0.4419439 -0.5534921 -0.6345471 0.539441 -0.7799798 -0.4430769 0.4419439 -0.7071072 -0.7070312 -0.010316 -0.5664129 -0.3790099 0.7317978 -1 0 0 -0.811374 -0.499403 0.303758 -1 0 0 -0.811374 -0.499403 0.303758 -1 0 0 0 -0.6306408 -0.7760748 0 -0.6306408 -0.7760748 0 -0.8129619 -0.5823169 0 -0.8129619 -0.5823169 0 -0.8129619 -0.5823169 0 -0.6306408 -0.7760748 0.8113738 -0.5507949 0.1956979 0.566413 -0.502258 0.653386 -0.811374 -0.499403 0.303758 -0.5664129 -0.3790099 0.7317978 -0.811374 -0.499403 0.303758 0.566413 -0.502258 0.653386 0 0.9138119 -0.4061379 0 0.9138119 -0.4061379 0 0.969275 -0.24598 0 0.969275 -0.24598 0 0.969275 -0.24598 0 0.9138119 -0.4061379 -0.9249657 0.2759489 0.2613249 -0.5243159 0.6280668 0.5749999 -1 0 0 -0.7071071 0.702177 0.083349 -1 0 0 -0.5243159 0.6280668 0.5749999 -1 0 0 -0.7071072 -0.7070312 -0.010316 -0.7799798 -0.4430769 0.4419439 -0.5534921 -0.6345471 0.539441 -0.7799798 -0.4430769 0.4419439 -0.7071072 -0.7070312 -0.010316 0.7071068 0.7071068 0 0.6347813 0.7083254 -0.3087521 0 1 0 0 0.6011244 -0.7991556 0 1 0 0.6347813 0.7083254 -0.3087521 0.07917797 0.5560488 0.8273697 0.222442 0.295827 0.9289811 0.2232921 0.4851523 0.8454395 0.109904 0.578999 0.807887 0.2232921 0.4851523 0.8454395 0.222442 0.295827 0.9289811 -0.1454329 0.6376317 0.7564886 -0.3893849 0.3103039 0.8672317 -0.3718221 0.3896931 0.8425483 -0.1436329 0.6537936 0.7429156 -0.3718221 0.3896931 0.8425483 -0.3893849 0.3103039 0.8672317 -1 0 0 -1 0 0 -1 0 0 -1 0 0 -1 0 0 -1 0 0 -0.8119492 0.3376341 0.4761741 0.3870321 0.1609401 0.9079123 -0.258902 0.6274938 0.7343168 0.3681809 0.8923497 0.2610649 -0.258902 0.6274938 0.7343168 0.3870321 0.1609401 0.9079123 -0.4840299 0.201275 -0.8515888 0.71671 0.29803 -0.63048 -0.7071068 0 -0.7071068 0.7071068 0 -0.7071068 -0.7071068 0 -0.7071068 0.71671 0.29803 -0.63048 0.447214 0 0.894427 0.7071068 0 -0.7071068 0.6595848 0.172886 0.7314768 0.7010549 0.4124679 -0.5817149 0.6595848 0.172886 0.7314768 0.7071068 0 -0.7071068 -0.71671 0.29803 0.63048 -0.7071068 0 0.7071068 0.447214 0 0.894427 0.447214 0 0.894427 0.6595848 0.172886 0.7314768 -0.71671 0.29803 0.63048 0.552024 0.541206 -0.634323 -0.634323 0.541206 -0.552024 0.3814399 0.5220328 -0.7628797 -0.7628797 0.5220328 -0.3814399 0.3814399 0.5220328 -0.7628797 -0.634323 0.541206 -0.552024 0.182981 0.8488519 -0.495952 0.155932 0.9855468 -0.06620298 0.6673551 0.6795641 -0.30468 0.525822 0.8503701 0.019548 0.6673551 0.6795641 -0.30468 0.155932 0.9855468 -0.06620298 0.9128813 -0.2640351 0.3113411 0.9996133 -0.017985 0.02120701 0.9055604 0.04945102 0.4213252 0.9084641 0.360086 0.212205 0.9055604 0.04945102 0.4213252 0.9996133 -0.017985 0.02120701 -0.3849441 0.8380393 -0.3866631 -0.03591902 0.8738565 -0.4848553 -0.4178668 0.5876137 -0.6928906 -0.03838798 0.6463147 -0.7621047 -0.4178668 0.5876137 -0.6928906 -0.03591902 0.8738565 -0.4848553 -0.6923014 -0.2832842 0.6636784 -0.6673551 -0.169416 0.7252141 -0.9652354 0.014102 0.2610021 -0.9226249 0.1456 0.357161 -0.9652354 0.014102 0.2610021 -0.6673551 -0.169416 0.7252141 0.155932 0.9855468 -0.06620298 -0.155737 0.9868373 0.04357001 0.1363139 0.8795865 0.4557917 -0.136288 0.8438467 0.5189878 0.1363139 0.8795865 0.4557917 -0.155737 0.9868373 0.04357001 0.6779707 0.4551198 0.5772537 0.5940859 0.7080129 0.3818109 0.1731039 0.6826738 0.7099237 0.1363139 0.8795865 0.4557917 0.1731039 0.6826738 0.7099237 0.5940859 0.7080129 0.3818109 -0.894427 0.447214 0 -0.4082479 0.8164969 0.4082479 0.447214 0.894427 0 0.6666668 0.3333329 0.6666668 0.447214 0.894427 0 -0.4082479 0.8164969 0.4082479 0.193159 -0.615591 -0.7640271 0.2389181 -0.3691251 -0.8981453 0.8016305 0.1166371 -0.5863314 0.7690657 0.2903959 -0.5693928 0.8016305 0.1166371 -0.5863314 0.2389181 -0.3691251 -0.8981453 0.5976288 -0.7976387 0.08131597 0.6306387 -0.7697917 -0.09856796 0.9671645 0.1773181 -0.1820751 0.9573156 0.2103279 -0.1982649 0.9671645 0.1773181 -0.1820751 0.6306387 -0.7697917 -0.09856796 0.6341132 -0.195296 0.7481712 0.9862239 0.06468299 -0.152245 0.68787 -0.082658 0.721112 0.9610817 0.04857199 -0.2719609 0.68787 -0.082658 0.721112 0.9862239 0.06468299 -0.152245 0.4911678 0.8652606 -0.100391 0.8058852 0.5092641 0.3019921 0.7971752 0.4000541 -0.4521821 0.9906023 -0.09062902 0.102438 0.7971752 0.4000541 -0.4521821 0.8058852 0.5092641 0.3019921 -0.9534025 0.2977822 0.04847202 -0.9293953 0.3574111 -0.09209702 -0.8656542 -0.4952541 -0.07325502 -0.6985058 -0.6917928 0.1830639 -0.8656542 -0.4952541 -0.07325502 -0.9293953 0.3574111 -0.09209702 0.9592271 -0.237339 -0.153472 0.9270434 -0.3323452 -0.1736011 0.213065 -0.151053 -0.9652908 0.4009882 -0.11967 -0.9082333 0.213065 -0.151053 -0.9652908 0.9270434 -0.3323452 -0.1736011 -0.8909696 0.2757889 0.3607128 -0.9806653 0.163445 0.107617 -0.7303798 -0.2153119 -0.6482177 -0.8192062 -0.3638711 -0.4432821 -0.7303798 -0.2153119 -0.6482177 -0.9806653 0.163445 0.107617 0.6563669 -0.297193 0.69344 0.6251647 -0.1121619 0.7723916 0.9467034 -0.2752701 -0.1672701 0.9868342 -0.04041401 -0.156605 0.9467034 -0.2752701 -0.1672701 0.6251647 -0.1121619 0.7723916 0.5591741 -0.8261722 -0.06902102 0.280543 -0.9413219 -0.18764 0.1901199 -0.3169589 -0.9291887 0.03823199 -0.287335 -0.9570669 0.1901199 -0.3169589 -0.9291887 0.280543 -0.9413219 -0.18764 0.028664 0.9729261 0.229332 -0.010695 0.9716172 0.2363171 0.004045 0.703722 -0.710464 -0.02503501 0.7039914 -0.7097673 0.004045 0.703722 -0.710464 -0.010695 0.9716172 0.2363171 0.03225701 -0.6452171 0.7633181 -0.01157599 -0.9845825 -0.1745369 -0.010462 -0.650166 0.7597201 -0.026582 -0.9821278 -0.186329 -0.010462 -0.650166 0.7597201 -0.01157599 -0.9845825 -0.1745369 -0.023732 0.977158 0.211185 0.028664 0.9729261 0.229332 -0.025766 0.7001029 -0.7135769 0.004045 0.703722 -0.710464 -0.025766 0.7001029 -0.7135769 0.028664 0.9729261 0.229332 0.7374126 -0.5601736 -0.3773968 0.9270434 -0.3323452 -0.1736011 0.5441008 -0.4498689 0.7082177 0.6722311 -0.244367 0.6988491 0.5441008 -0.4498689 0.7082177 0.9270434 -0.3323452 -0.1736011 0.7218128 -0.5127559 0.4648309 0.5592182 -0.7708683 0.3050201 0.9659272 0.16053 -0.203014 0.9934196 -0.017464 -0.113192 0.9659272 0.16053 -0.203014 0.5592182 -0.7708683 0.3050201 -0.7997686 0.5837227 -0.1401359 0.1330419 0.9846187 -0.113252 -0.7758613 0.5696862 -0.2711031 0.1630679 0.9570066 -0.2398899 -0.7758613 0.5696862 -0.2711031 0.1330419 0.9846187 -0.113252 0.1330419 0.9846187 -0.113252 0.8854344 0.4625842 -0.04496602 0.1630679 0.9570066 -0.2398899 0.9528722 0.2839591 0.10678 0.1630679 0.9570066 -0.2398899 0.8854344 0.4625842 -0.04496602 -0.2496909 0.9398378 -0.2331509 -0.2421882 0.8624055 -0.4445243 -0.9293953 0.3574111 -0.09209702 -0.9920261 0.112017 -0.05776201 -0.9293953 0.3574111 -0.09209702 -0.2421882 0.8624055 -0.4445243 -0.5835827 -0.6948056 -0.4203288 -0.768778 -0.262204 0.583292 -0.7153522 -0.6321962 -0.2976561 -0.664775 -0.469816 0.580816 -0.7153522 -0.6321962 -0.2976561 -0.768778 -0.262204 0.583292 -0.7554398 0.6268438 -0.190729 0.325953 0.8477511 -0.4184171 -0.654458 0.7522121 -0.07656201 0.2346559 0.9478996 -0.2154599 -0.654458 0.7522121 -0.07656201 0.325953 0.8477511 -0.4184171 -0.622824 0.4626669 -0.6308959 -0.4092609 0.62405 -0.665633 0.1940331 -0.08397403 -0.9773943 0.1692631 -0.2479741 -0.9538653 0.1940331 -0.08397403 -0.9773943 -0.4092609 0.62405 -0.665633 0.8854344 0.4625842 -0.04496602 0.8167494 -0.5751723 -0.04579702 0.9528722 0.2839591 0.10678 0.6464282 -0.7068912 0.2871161 0.9528722 0.2839591 0.10678 0.8167494 -0.5751723 -0.04579702 0.436091 -0.425362 -0.793027 -0.7303798 -0.2153119 -0.6482177 0.1483641 -0.6716672 -0.7258452 -0.8192062 -0.3638711 -0.4432821 0.1483641 -0.6716672 -0.7258452 -0.7303798 -0.2153119 -0.6482177 0.6217731 -0.7691011 -0.147925 0.8167494 -0.5751723 -0.04579702 0.9276798 0.3578499 -0.106554 0.8854344 0.4625842 -0.04496602 0.9276798 0.3578499 -0.106554 0.8167494 -0.5751723 -0.04579702 -0.001448 -0.2481081 -0.9687313 -0.7153522 -0.6321962 -0.2976561 -0.223312 0.113921 -0.9680671 -0.748587 -0.48447 -0.452666 -0.223312 0.113921 -0.9680671 -0.7153522 -0.6321962 -0.2976561 -0.2510041 0.196352 0.9478623 -0.253491 0.02867399 0.9669127 0.4742093 -0.4342673 0.7658575 0.6563669 -0.297193 0.69344 0.4742093 -0.4342673 0.7658575 -0.253491 0.02867399 0.9669127 0.3238939 -0.5620748 0.7610287 -0.1888851 0.2466791 0.9505115 0.130907 -0.635521 0.760905 -0.09895898 0.2945269 0.9505057 0.130907 -0.635521 0.760905 -0.1888851 0.2466791 0.9505115 0.7218128 -0.5127559 0.4648309 -0.3307589 -0.6969798 0.6362528 0.5592182 -0.7708683 0.3050201 -0.345975 -0.8401671 0.4176371 0.5592182 -0.7708683 0.3050201 -0.3307589 -0.6969798 0.6362528 -0.5664129 -0.3790099 0.7317978 -1 0 0 -0.811374 -0.499403 0.303758 -1 0 0 -0.811374 -0.499403 0.303758 -1 0 0 0 -0.6306408 -0.7760748 0 -0.6306408 -0.7760748 0 -0.8129619 -0.5823169 0 -0.8129619 -0.5823169 0 -0.8129619 -0.5823169 0 -0.6306408 -0.7760748 0.8113738 -0.5507949 0.1956979 0.566413 -0.502258 0.653386 -0.811374 -0.499403 0.303758 -0.5664129 -0.3790099 0.7317978 -0.811374 -0.499403 0.303758 0.566413 -0.502258 0.653386 0 0.9138119 -0.4061379 0 0.9138119 -0.4061379 0 0.969275 -0.24598 0 0.969275 -0.24598 0 0.969275 -0.24598 0 0.9138119 -0.4061379 0 0 1 0 0 1 0 0 1 0 0 1 0 0 1 0 0 1 -0.3422811 0.8263433 0.4472142 0.171141 0.413172 0.894427 -0.5437128 0.4117849 0.7313068 0.4117851 0.5437121 0.7313072 -0.5437128 0.4117849 0.7313068 0.171141 0.413172 0.894427 -0.447214 -0.894427 0 -0.894427 -0.447214 0 -0.9915435 -0.1297751 0 -0.9657297 -0.2595499 0 -0.9915435 -0.1297751 0 -0.894427 -0.447214 0 0.681124 0.6488361 -0.339237 0.4993818 0.8625277 0.08163197 0.8647957 -0.08452397 0.4949588 0.362163 -0.021277 0.9318719 0.8647957 -0.08452397 0.4949588 0.4993818 0.8625277 0.08163197 0.07917797 0.5560488 0.8273697 -0.3919209 0.8158847 0.4251238 0.143101 0.663152 0.734678 0.222442 0.295827 0.9289811 0.07917797 0.5560488 0.8273697 0.143101 0.663152 0.734678 0.3709371 -0.7857862 0.4949201 -0.4063972 -0.6877273 0.6015583 0.1707329 -0.8020316 0.5723597 -0.2831378 -0.8378356 0.4667597 0.1707329 -0.8020316 0.5723597 -0.4063972 -0.6877273 0.6015583 0 -0.7071068 -0.7071068 0 0 -1 0 -0.7071068 -0.7071068 0 0 -1 0 -0.7071068 -0.7071068 0 0 -1 0 0 -1 0 0 -1 0 0 -1 0 0 -1 0 0 -1 0 0 -1 -0.2270179 -0.8198827 0.5255998 -0.4063972 -0.6877273 0.6015583 0.3709371 -0.7857862 0.4949201 0.3424138 -0.8501686 0.3999578 -0.2270179 -0.8198827 0.5255998 0.3709371 -0.7857862 0.4949201 0 0.279386 0.9601789 0 0.4241552 0.9055895 0.3277101 0.8196972 0.4697901 -0.195962 0.941446 0.274369 0.3277101 0.8196972 0.4697901 0 0.4241552 0.9055895 1 0 0 1 0 0 1 0 0 1 0 0 1 0 0 1 0 0 -0.9249657 0.2759489 0.2613249 -1 0 0 -0.8100798 0.5532569 0.194107 -1 0 0 -0.8100798 0.5532569 0.194107 -1 0 0 1 0 0 0.9281027 -0.2636099 0.2629359 0.8944272 -0.4471661 -0.006524001 0.315333 -0.7230229 0.6146569 0.8944272 -0.4471661 -0.006524001 0.9281027 -0.2636099 0.2629359 0.4911678 0.8652606 -0.100391 0 0.100464 0.9949408 0.8058852 0.5092641 0.3019921 0.7506695 -0.1246501 0.6488125 0.8058852 0.5092641 0.3019921 0 0.100464 0.9949408 -0.710642 0.069304 0.7001321 -0.6150323 0.4302932 0.6607443 -1 0 0 -1 0 0 -1 0 0 -0.6150323 0.4302932 0.6607443 0 -0.5436647 -0.8393025 0 -0.1963381 -0.9805363 0 -0.5436647 -0.8393025 0 -0.09782299 -0.9952039 0 -0.5436647 -0.8393025 0 -0.1963381 -0.9805363 0 0.9166883 -0.3996031 0 0.969275 -0.24598 0 0.9166883 -0.3996031 0 0.969275 -0.24598 0 0.9166883 -0.3996031 0 0.969275 -0.24598 -0.9249657 0.2759489 0.2613249 -1 0 0 -0.8100798 0.5532569 0.194107 -1 0 0 -0.8100798 0.5532569 0.194107 -1 0 0 1 0 0 0.9281027 -0.2636099 0.2629359 0.8944272 -0.4471661 -0.006524001 0.315333 -0.7230229 0.6146569 0.8944272 -0.4471661 -0.006524001 0.9281027 -0.2636099 0.2629359 -0.8944354 0 -0.4471972 -0.316232 0 -0.9486819 0 0 -1 0 0 -1 0 0 -1 -0.316232 0 -0.9486819 0.2409899 0.3385849 0.9095517 0.3277101 0.8196972 0.4697901 0.48198 0.492863 0.724418 0.163855 0.9245948 0.3439129 0.48198 0.492863 0.724418 0.3277101 0.8196972 0.4697901 -0.1454329 0.6376317 0.7564886 -0.121731 0.6814988 0.7216238 0.105476 0.6799582 0.7256252 0.109904 0.578999 0.807887 0.105476 0.6799582 0.7256252 -0.121731 0.6814988 0.7216238 -0.8119492 0.3376341 0.4761741 -0.3814399 0.5220328 0.7628797 0.3870321 0.1609401 0.9079123 0.7628797 0.5220328 0.3814399 0.3870321 0.1609401 0.9079123 -0.3814399 0.5220328 0.7628797 -0.4840299 0.201275 -0.8515888 -0.7071068 0 -0.7071068 -0.8119492 0.3376341 0.4761741 -0.447214 0 0.894427 -0.8119492 0.3376341 0.4761741 -0.7071068 0 -0.7071068 -0.258902 0.6274938 0.7343168 0.3681809 0.8923497 0.2610649 -0.3681809 0.8923497 -0.2610649 0.258902 0.6274938 -0.7343168 -0.3681809 0.8923497 -0.2610649 0.3681809 0.8923497 0.2610649 -0.3870321 0.1609401 -0.9079123 -0.71671 0.29803 0.63048 -0.3681809 0.8923497 -0.2610649 -0.258902 0.6274938 0.7343168 -0.3681809 0.8923497 -0.2610649 -0.71671 0.29803 0.63048 0.7010549 0.4124679 -0.5817149 -0.3870321 0.1609401 -0.9079123 0.258902 0.6274938 -0.7343168 -0.3681809 0.8923497 -0.2610649 0.258902 0.6274938 -0.7343168 -0.3870321 0.1609401 -0.9079123 -0.552024 0.541206 0.634323 -0.634323 0.541206 -0.552024 -0.894427 0 0.447214 -0.447214 0 -0.894427 -0.894427 0 0.447214 -0.634323 0.541206 -0.552024 -0.9341763 0.3362591 0.119351 -0.5940873 0.7080123 0.3818102 -0.6673548 0.6795638 -0.3046809 -0.5258197 0.8503715 0.01954499 -0.6673548 0.6795638 -0.3046809 -0.5940873 0.7080123 0.3818102 -0.173426 0.6377459 0.7504689 -0.6779718 0.4551189 0.5772529 -0.1825441 0.1785011 0.9668584 -0.525822 0.181444 0.831017 -0.1825441 0.1785011 0.9668584 -0.6779718 0.4551189 0.5772529 0.3196011 0.8555453 -0.4073052 0.3469349 0.6066167 -0.7152988 -0.03591902 0.8738565 -0.4848553 -0.03838798 0.6463147 -0.7621047 -0.03591902 0.8738565 -0.4848553 0.3469349 0.6066167 -0.7152988 -0.319602 -0.262104 0.9105801 -0.3469351 -0.6066172 0.7152982 0.03591799 -0.3356219 0.9413118 0.038388 -0.6463121 0.7621071 0.03591799 -0.3356219 0.9413118 -0.3469351 -0.6066172 0.7152982 -0.6923012 0.5974311 -0.4047161 -0.9493711 0.30334 -0.081728 -0.6673548 0.6795638 -0.3046809 -0.9341763 0.3362591 0.119351 -0.6673548 0.6795638 -0.3046809 -0.9493711 0.30334 -0.081728 0.182981 -0.3248699 0.9278888 0.136239 0.176435 0.9748383 -0.121794 -0.335419 0.934163 -0.1825441 0.1785011 0.9668584 -0.121794 -0.335419 0.934163 0.136239 0.176435 0.9748383 0 0 1 0 0 1 0 0 1 0 0 1 0 0 1 0 0 1 -0.069216 0.99042 -0.119488 0.9276798 0.3578499 -0.106554 0.1330419 0.9846187 -0.113252 0.8854344 0.4625842 -0.04496602 0.1330419 0.9846187 -0.113252 0.9276798 0.3578499 -0.106554 0.9590166 0.09480196 -0.2670199 0.4023699 0.9152919 0.018415 0.9573156 0.2103279 -0.1982649 0.3682132 0.9233075 -0.1091891 0.9573156 0.2103279 -0.1982649 0.4023699 0.9152919 0.018415 0.9934196 -0.017464 -0.113192 0.9671645 0.1773181 -0.1820751 0.325953 0.8477511 -0.4184171 0.2346559 0.9478996 -0.2154599 0.325953 0.8477511 -0.4184171 0.9671645 0.1773181 -0.1820751 0.9868342 -0.04041401 -0.156605 0.9610817 0.04857199 -0.2719609 0.3219381 0.07698903 -0.9436253 0.3185719 0.137037 -0.9379408 0.3219381 0.07698903 -0.9436253 0.9610817 0.04857199 -0.2719609 -0.8058852 0.5092641 0.3019921 -0.9906023 -0.09062902 0.102438 -0.648525 0.110078 0.753192 -0.6037474 -0.5282223 0.5970514 -0.648525 0.110078 0.753192 -0.9906023 -0.09062902 0.102438 0.7039099 0.695536 0.144016 0.9907619 -0.130753 -0.035981 0.6477593 0.7411193 -0.1764941 0.9678815 -0.2512551 0.008735004 0.6477593 0.7411193 -0.1764941 0.9907619 -0.130753 -0.035981 0.985434 -0.164189 -0.044293 0.9592271 -0.237339 -0.153472 0.436091 -0.425362 -0.793027 0.213065 -0.151053 -0.9652908 0.436091 -0.425362 -0.793027 0.9592271 -0.237339 -0.153472 0.6964052 0.4439031 0.5638882 0.7580632 0.2187191 0.6144121 0.9688856 -0.1882531 -0.1606911 0.985434 -0.164189 -0.044293 0.9688856 -0.1882531 -0.1606911 0.7580632 0.2187191 0.6144121 -0.2551399 0.02708799 0.9665247 -0.9309551 0.334962 0.145338 -0.2815389 0.136373 0.9498097 -0.7330982 0.6374522 0.2371111 -0.2815389 0.136373 0.9498097 -0.9309551 0.334962 0.145338 -0.9339409 0.282699 0.218714 -0.253491 0.02867399 0.9669127 -0.7747153 0.5946622 0.2149261 -0.2510041 0.196352 0.9478623 -0.7747153 0.5946622 0.2149261 -0.253491 0.02867399 0.9669127 0.028664 0.9729261 0.229332 0.02126 0.3116449 0.9499608 -0.010695 0.9716172 0.2363171 -0.016823 0.3121821 0.9498733 -0.010695 0.9716172 0.2363171 0.02126 0.3116449 0.9499608 -0.5241922 0.7975023 0.2986851 -0.2523018 0.9474545 0.1966569 -0.4092609 0.62405 -0.665633 -0.151387 0.6757991 -0.7213721 -0.4092609 0.62405 -0.665633 -0.2523018 0.9474545 0.1966569 -0.558927 0.421823 -0.713909 -0.3900681 0.5831961 -0.7125512 -0.7330982 0.6374522 0.2371111 -0.4659592 0.8522404 0.2378411 -0.7330982 0.6374522 0.2371111 -0.3900681 0.5831961 -0.7125512 0.4876182 -0.4401892 0.7539643 0.7218128 -0.5127559 0.4648309 0.9967576 0.04172799 -0.06879798 0.9659272 0.16053 -0.203014 0.9967576 0.04172799 -0.06879798 0.7218128 -0.5127559 0.4648309 0.4876182 -0.4401892 0.7539643 0.9967576 0.04172799 -0.06879798 0.6341132 -0.195296 0.7481712 0.9862239 0.06468299 -0.152245 0.6341132 -0.195296 0.7481712 0.9967576 0.04172799 -0.06879798 -0.1714909 -0.9803677 -0.09731496 -0.1781451 -0.9802083 0.08634903 0.8167494 -0.5751723 -0.04579702 0.6464282 -0.7068912 0.2871161 0.8167494 -0.5751723 -0.04579702 -0.1781451 -0.9802083 0.08634903 0.3992081 -0.7232041 -0.5635681 0.8957253 0.05380001 -0.4413411 0.5065719 -0.8022258 -0.3159409 0.9590166 0.09480196 -0.2670199 0.5065719 -0.8022258 -0.3159409 0.8957253 0.05380001 -0.4413411 -0.1857859 -0.8869666 0.4228168 -0.4884937 -0.6601076 0.5706416 0.5716661 -0.3444251 0.7446942 0.237015 -0.121139 0.9639239 0.5716661 -0.3444251 0.7446942 -0.4884937 -0.6601076 0.5706416 -0.664775 -0.469816 0.580816 -0.01279101 0.1561001 0.9876585 -0.4884937 -0.6601076 0.5706416 0.237015 -0.121139 0.9639239 -0.4884937 -0.6601076 0.5706416 -0.01279101 0.1561001 0.9876585 0.622471 0.68782 0.373408 -0.111182 0.4563702 0.8828164 0.563691 0.7640949 0.313706 -0.3915298 0.4362977 0.8101535 0.563691 0.7640949 0.313706 -0.111182 0.4563702 0.8828164 -0.8167383 0.2842301 -0.5021472 -0.6890929 0.205365 -0.6949649 0.2263629 0.5144569 -0.8270998 0.313757 0.268409 -0.9107761 0.2263629 0.5144569 -0.8270998 -0.6890929 0.205365 -0.6949649 0.3682132 0.9233075 -0.1091891 -0.5394291 0.8409191 0.04326 0.2346559 0.9478996 -0.2154599 -0.654458 0.7522121 -0.07656201 0.2346559 0.9478996 -0.2154599 -0.5394291 0.8409191 0.04326 0.5603783 0.8226164 0.09632505 0.563691 0.7640949 0.313706 -0.458138 0.6794271 0.5731391 -0.3915298 0.4362977 0.8101535 -0.458138 0.6794271 0.5731391 0.563691 0.7640949 0.313706 -0.3239911 0.9387882 0.117075 -0.135471 0.8883942 0.4386381 0.7039099 0.695536 0.144016 0.6204809 0.6607428 0.4224009 0.7039099 0.695536 0.144016 -0.135471 0.8883942 0.4386381 0.130907 -0.635521 0.760905 -0.09895898 0.2945269 0.9505057 0.012746 -0.6512588 0.7587487 -0.016823 0.3121821 0.9498733 0.012746 -0.6512588 0.7587487 -0.09895898 0.2945269 0.9505057 -0.135471 0.8883942 0.4386381 -0.331297 0.6567971 0.6773921 0.6204809 0.6607428 0.4224009 0.6964052 0.4439031 0.5638882 0.6204809 0.6607428 0.4224009 -0.331297 0.6567971 0.6773921 0.03225701 -0.6452171 0.7633181 0.031066 0.322003 0.9462289 0.1757981 -0.6094843 0.7730613 -0.007743002 0.3314411 0.9434443 0.1757981 -0.6094843 0.7730613 0.031066 0.322003 0.9462289 0.02126 0.3116449 0.9499608 -0.010462 -0.650166 0.7597201 -0.016823 0.3121821 0.9498733 0.012746 -0.6512588 0.7587487 -0.016823 0.3121821 0.9498733 -0.010462 -0.650166 0.7597201 -0.710642 0.069304 0.7001321 -0.6150323 0.4302932 0.6607443 -1 0 0 -1 0 0 -1 0 0 -0.6150323 0.4302932 0.6607443 0 -0.5436647 -0.8393025 0 -0.1963381 -0.9805363 0 -0.5436647 -0.8393025 0 -0.09782299 -0.9952039 0 -0.5436647 -0.8393025 0 -0.1963381 -0.9805363 0 0.9166883 -0.3996031 0 0.969275 -0.24598 0 0.9166883 -0.3996031 0 0.969275 -0.24598 0 0.9166883 -0.3996031 0 0.969275 -0.24598 0 0 1 0 0 1 0 0 1 0 0 1 0 0 1 0 0 1 0.6037481 -0.7971752 0 0.797176 -0.603747 0 0.9657297 -0.2595499 0 0.9915435 -0.1297751 0 0.9657297 -0.2595499 0 0.797176 -0.603747 0 0 0 -1 0 0 -1 0 0 -1 0 0 -1 0 0 -1 0 0 -1 -0.382608 0.382078 0.841206 -0.1436329 0.6537936 0.7429156 -0.178254 0.6505001 0.738292 -0.1436329 0.6537936 0.7429156 0.163855 0.9245948 0.3439129 -0.178254 0.6505001 0.738292 0 0 1 0 0 1 0 0 1 0 0 1 0 0 1 0 0 1 0.7071068 0 0.7071068 0.6666668 -0.3333329 0.6666668 0.894427 0 -0.447214 0.3333329 -0.6666668 -0.6666668 0.894427 0 -0.447214 0.6666668 -0.3333329 0.6666668 0 0 -1 0 0 -1 0 0 -1 0 0 -1 0 0 -1 0 0 -1 0.894428 0 -0.447212 0 0 -1 0.3162281 0 -0.9486833 0 0 -1 0.3162281 0 -0.9486833 0 0 -1 0.196582 -0.9234609 -0.329508 0.3322558 -0.7038446 -0.6278607 0.4171219 -0.9088407 0.004228998 0.6018929 -0.7985539 0.006058999 0.4171219 -0.9088407 0.004228998 0.3322558 -0.7038446 -0.6278607 0 0.4241552 0.9055895 0 0.279386 0.9601789 0 0 1 0 0 1 0 0 1 0 0.279386 0.9601789 -0.8944354 0 -0.4471972 -0.8944304 0 0.4472072 -1 0 0 -0.4472168 0 0.8944256 -1 0 0 -0.8944304 0 0.4472072 0.7725997 0.4609858 0.4365568 0.8100796 0.5059497 0.2962869 1 0 0 1 0 0 1 0 0 0.8100796 0.5059497 0.2962869 0.7762912 0.4649511 0.4256671 -0.5243159 0.6280668 0.5749999 0.7725997 0.4609858 0.4365568 -0.9249657 0.2759489 0.2613249 0.7725997 0.4609858 0.4365568 -0.5243159 0.6280668 0.5749999 -0.5534921 -0.6345471 0.539441 0.315333 -0.7230229 0.6146569 -0.7799798 -0.4430769 0.4419439 0.9281027 -0.2636099 0.2629359 -0.7799798 -0.4430769 0.4419439 0.315333 -0.7230229 0.6146569 -0.6150323 0.4302932 0.6607443 -0.8100798 0.5532569 0.194107 -1 0 0 -1 0 0 -1 0 0 -0.8100798 0.5532569 0.194107 -0.7071071 0.702177 0.083349 -0.5243159 0.6280668 0.5749999 0.4472139 0.8881917 0.105429 0.7762912 0.4649511 0.4256671 0.4472139 0.8881917 0.105429 -0.5243159 0.6280668 0.5749999 0 0.101851 -0.9947997 0 0.5367832 -0.8437203 0 0.2030099 -0.9791766 0 0.5367832 -0.8437203 0 0.2030099 -0.9791766 0 0.5367832 -0.8437203 0.7725997 0.4609858 0.4365568 0.8100796 0.5059497 0.2962869 1 0 0 1 0 0 1 0 0 0.8100796 0.5059497 0.2962869 0.7762912 0.4649511 0.4256671 -0.5243159 0.6280668 0.5749999 0.7725997 0.4609858 0.4365568 -0.9249657 0.2759489 0.2613249 0.7725997 0.4609858 0.4365568 -0.5243159 0.6280668 0.5749999 -0.5534921 -0.6345471 0.539441 0.315333 -0.7230229 0.6146569 -0.7799798 -0.4430769 0.4419439 0.9281027 -0.2636099 0.2629359 -0.7799798 -0.4430769 0.4419439 0.315333 -0.7230229 0.6146569 -0.121731 0.6814988 0.7216238 -0.382608 0.382078 0.841206 -0.3671559 0.4743198 0.8001357 -0.178254 0.6505001 0.738292 -0.3671559 0.4743198 0.8001357 -0.382608 0.382078 0.841206 -0.7071068 -0.7071068 0 -1 0 0 -0.7071068 -0.7071068 0 -1 0 0 -0.7071068 -0.7071068 0 -1 0 0 0.3870321 0.1609401 0.9079123 0.8119492 0.3376341 -0.4761741 0.3681809 0.8923497 0.2610649 0.258902 0.6274938 -0.7343168 0.3681809 0.8923497 0.2610649 0.8119492 0.3376341 -0.4761741 -0.8119492 0.3376341 0.4761741 0.3870321 0.1609401 0.9079123 -0.258902 0.6274938 0.7343168 0.3681809 0.8923497 0.2610649 -0.258902 0.6274938 0.7343168 0.3870321 0.1609401 0.9079123 0.7010549 0.4124679 -0.5817149 0.7071068 0 -0.7071068 -0.3870321 0.1609401 -0.9079123 -0.894427 0 -0.447214 -0.3870321 0.1609401 -0.9079123 0.7071068 0 -0.7071068 0.447214 0 0.894427 0.7071068 0 -0.7071068 0.6595848 0.172886 0.7314768 0.7010549 0.4124679 -0.5817149 0.6595848 0.172886 0.7314768 0.7071068 0 -0.7071068 0.634323 0.541206 0.552024 0.552024 0.541206 -0.634323 0.7628797 0.5220328 0.3814399 0.3814399 0.5220328 -0.7628797 0.7628797 0.5220328 0.3814399 0.552024 0.541206 -0.634323 0.1363139 0.8795865 0.4557917 0.5940859 0.7080129 0.3818109 0.155932 0.9855468 -0.06620298 0.525822 0.8503701 0.019548 0.155932 0.9855468 -0.06620298 0.5940859 0.7080129 0.3818109 -0.8806933 0.005067002 0.4736601 -0.8788722 -0.3085551 0.3638371 -0.6357367 -0.1749249 0.7518246 -0.6794413 -0.4745692 0.5595922 -0.6357367 -0.1749249 0.7518246 -0.8788722 -0.3085551 0.3638371 -0.994534 -0.067534 0.079633 -0.9112381 0.314872 0.26552 -0.9587871 0.183769 -0.216694 -0.875866 0.475665 -0.08125 -0.9587871 0.183769 -0.216694 -0.9112381 0.314872 0.26552 -0.6923014 -0.2832842 0.6636784 -0.2560131 -0.4633772 0.8483743 -0.6673551 -0.169416 0.7252141 -0.121794 -0.335419 0.934163 -0.6673551 -0.169416 0.7252141 -0.2560131 -0.4633772 0.8483743 -0.173426 0.6377459 0.7504689 0.1731039 0.6826738 0.7099237 -0.136288 0.8438467 0.5189878 0.1363139 0.8795865 0.4557917 -0.136288 0.8438467 0.5189878 0.1731039 0.6826738 0.7099237 -0.6779718 0.4551189 0.5772529 -0.173426 0.6377459 0.7504689 -0.5940873 0.7080123 0.3818102 -0.136288 0.8438467 0.5189878 -0.5940873 0.7080123 0.3818102 -0.173426 0.6377459 0.7504689 0 0 1 0 0 1 0 0 1 0 0 1 0 0 1 0 0 1 -0.4082479 0.8164969 0.4082479 -0.5883698 0.07700697 0.8049167 0.6666668 0.3333329 0.6666668 0.7992423 0.2148031 0.5613122 0.6666668 0.3333329 0.6666668 -0.5883698 0.07700697 0.8049167 0.8016305 0.1166371 -0.5863314 0.7690657 0.2903959 -0.5693928 0.563691 0.7640949 0.313706 0.622471 0.68782 0.373408 0.563691 0.7640949 0.313706 0.7690657 0.2903959 -0.5693928 0.9573156 0.2103279 -0.1982649 0.3682132 0.9233075 -0.1091891 0.9671645 0.1773181 -0.1820751 0.2346559 0.9478996 -0.2154599 0.9671645 0.1773181 -0.1820751 0.3682132 0.9233075 -0.1091891 0.9610817 0.04857199 -0.2719609 0.9862239 0.06468299 -0.152245 0.3185719 0.137037 -0.9379408 0.313757 0.268409 -0.9107761 0.3185719 0.137037 -0.9379408 0.9862239 0.06468299 -0.152245 -0.7971752 0.4000541 -0.4521821 -0.5685277 0.7494746 -0.3392108 0 0.6626183 -0.7489573 0 0.957793 0.287459 0 0.6626183 -0.7489573 -0.5685277 0.7494746 -0.3392108 -0.2496909 0.9398378 -0.2331509 -0.9293953 0.3574111 -0.09209702 -0.3239911 0.9387882 0.117075 -0.9534025 0.2977822 0.04847202 -0.3239911 0.9387882 0.117075 -0.9293953 0.3574111 -0.09209702 0.9907619 -0.130753 -0.035981 0.9680411 -0.22486 -0.11106 0.2249799 -0.9625947 -0.150981 0.2281319 -0.8521266 -0.4709948 0.2249799 -0.9625947 -0.150981 0.9680411 -0.22486 -0.11106 -0.4132952 0.2132431 0.8852766 -0.9612319 0.180225 0.208692 -0.2551399 0.02708799 0.9665247 -0.9309551 0.334962 0.145338 -0.2551399 0.02708799 0.9665247 -0.9612319 0.180225 0.208692 -0.9767655 0.03792198 0.2109289 -0.344412 -0.053553 0.93729 -0.9339409 0.282699 0.218714 -0.253491 0.02867399 0.9669127 -0.9339409 0.282699 0.218714 -0.344412 -0.053553 0.93729 -0.7747153 0.5946622 0.2149261 -0.2510041 0.196352 0.9478623 -0.5241922 0.7975023 0.2986851 -0.1802931 0.3993132 0.8989123 -0.5241922 0.7975023 0.2986851 -0.2510041 0.196352 0.9478623 -0.1824839 0.6775457 -0.7124826 -0.02503501 0.7039914 -0.7097673 -0.1716809 0.9560676 0.2376139 -0.010695 0.9716172 0.2363171 -0.1716809 0.9560676 0.2376139 -0.02503501 0.7039914 -0.7097673 0.280543 -0.9413219 -0.18764 0.04664399 -0.9814178 -0.186128 0.03823199 -0.287335 -0.9570669 -6.4e-4 -0.290154 -0.9569798 0.03823199 -0.287335 -0.9570669 0.04664399 -0.9814178 -0.186128 0.031066 0.322003 0.9462289 -0.023732 0.977158 0.211185 -0.007743002 0.3314411 0.9434443 -0.2523018 0.9474545 0.1966569 -0.007743002 0.3314411 0.9434443 -0.023732 0.977158 0.211185 0.9270434 -0.3323452 -0.1736011 0.7374126 -0.5601736 -0.3773968 0.4009882 -0.11967 -0.9082333 0.1504869 -0.08309597 -0.9851136 0.4009882 -0.11967 -0.9082333 0.7374126 -0.5601736 -0.3773968 0.9862239 0.06468299 -0.152245 0.9967576 0.04172799 -0.06879798 0.313757 0.268409 -0.9107761 0.2263629 0.5144569 -0.8270998 0.313757 0.268409 -0.9107761 0.9967576 0.04172799 -0.06879798 -0.429204 -0.879039 -0.207544 -0.4092859 -0.9120279 0.026269 -0.896043 -0.276855 0.347071 -0.9426516 -0.1484099 0.2989689 -0.896043 -0.276855 0.347071 -0.4092859 -0.9120279 0.026269 -0.1781451 -0.9802083 0.08634903 -0.1857859 -0.8869666 0.4228168 0.6464282 -0.7068912 0.2871161 0.5716661 -0.3444251 0.7446942 0.6464282 -0.7068912 0.2871161 -0.1857859 -0.8869666 0.4228168 0.9678815 -0.2512551 0.008735004 0.3454761 -0.9000803 0.2655221 0.8952106 -0.3937088 0.2087859 0.03068301 -0.8817644 0.4706912 0.8952106 -0.3937088 0.2087859 0.3454761 -0.9000803 0.2655221 -0.664775 -0.469816 0.580816 -0.768778 -0.262204 0.583292 -0.01279101 0.1561001 0.9876585 -0.111182 0.4563702 0.8828164 -0.01279101 0.1561001 0.9876585 -0.768778 -0.262204 0.583292 -0.4092609 0.62405 -0.665633 -0.151387 0.6757991 -0.7213721 0.1692631 -0.2479741 -0.9538653 0.06986499 -0.300056 -0.9513597 0.1692631 -0.2479741 -0.9538653 -0.151387 0.6757991 -0.7213721 0.5603783 0.8226164 0.09632505 -0.458138 0.6794271 0.5731391 0.4023699 0.9152919 0.018415 -0.589608 0.7697249 0.244716 0.4023699 0.9152919 0.018415 -0.458138 0.6794271 0.5731391 -0.7472773 -0.5875472 0.3104271 0.03068301 -0.8817644 0.4706912 -0.6985058 -0.6917928 0.1830639 0.3454761 -0.9000803 0.2655221 -0.6985058 -0.6917928 0.1830639 0.03068301 -0.8817644 0.4706912 0.4009882 -0.11967 -0.9082333 0.1504869 -0.08309597 -0.9851136 -0.4919291 0.219321 -0.8425581 -0.558927 0.421823 -0.713909 -0.4919291 0.219321 -0.8425581 0.1504869 -0.08309597 -0.9851136 0.309902 0.702179 -0.641019 0.325953 0.8477511 -0.4184171 -0.6308958 0.5989839 -0.4931419 -0.7554398 0.6268438 -0.190729 -0.6308958 0.5989839 -0.4931419 0.325953 0.8477511 -0.4184171 -0.2496909 0.9398378 -0.2331509 -0.3239911 0.9387882 0.117075 0.6477593 0.7411193 -0.1764941 0.7039099 0.695536 0.144016 0.6477593 0.7411193 -0.1764941 -0.3239911 0.9387882 0.117075 0.5065719 -0.8022258 -0.3159409 0.6306387 -0.7697917 -0.09856796 -0.4092859 -0.9120279 0.026269 -0.3827331 -0.9136133 0.137208 -0.4092859 -0.9120279 0.026269 0.6306387 -0.7697917 -0.09856796 0.2389181 -0.3691251 -0.8981453 0.193159 -0.615591 -0.7640271 -0.5835827 -0.6948056 -0.4203288 -0.576838 -0.761065 -0.296712 -0.5835827 -0.6948056 -0.4203288 0.193159 -0.615591 -0.7640271 -0.345975 -0.8401671 0.4176371 -0.4377308 -0.8608167 0.2595889 0.5592182 -0.7708683 0.3050201 0.5976288 -0.7976387 0.08131597 0.5592182 -0.7708683 0.3050201 -0.4377308 -0.8608167 0.2595889 0.566413 -0.502258 0.653386 0.8113738 -0.5507949 0.1956979 1 0 0 1 0 0 1 0 0 0.8113738 -0.5507949 0.1956979 -0.710642 0.069304 0.7001321 0.7106416 0.1393119 0.6896236 -0.6150323 0.4302932 0.6607443 0.8418795 0.2945008 0.4522257 -0.6150323 0.4302932 0.6607443 0.7106416 0.1393119 0.6896236 0.8418795 0.2945008 0.4522257 0.8100796 0.5059497 0.2962869 -0.6150323 0.4302932 0.6607443 -0.8100798 0.5532569 0.194107 -0.6150323 0.4302932 0.6607443 0.8100796 0.5059497 0.2962869 -0.6037481 0.7971752 0 -0.5437128 0.4117849 0.7313068 -0.96573 0.259549 0 -0.5883698 0.07700697 0.8049167 -0.96573 0.259549 0 -0.5437128 0.4117849 0.7313068 -0.2595508 -0.9657294 0 -0.1297751 -0.9915435 0 -0.447214 -0.894427 0 -0.894427 -0.447214 0 -0.447214 -0.894427 0 -0.1297751 -0.9915435 0 0 0 -1 0 0 -1 0 0 -1 0 0 -1 0 0 -1 0 0 -1 0.681124 0.6488361 -0.339237 -0.4323938 0.7600327 -0.4851658 0.4993818 0.8625277 0.08163197 -0.725567 0.6800951 0.104991 0.4993818 0.8625277 0.08163197 -0.4323938 0.7600327 -0.4851658 0.184167 0.4256219 0.8859619 0.355503 0.620701 0.698819 -0.1385251 0.9143395 0.3805182 0.152904 0.9519559 0.265331 -0.1385251 0.9143395 0.3805182 0.355503 0.620701 0.698819 0 0.8770879 0.4803299 0 1 0 0 1 0 0 1 0 0 1 0 0 1 0 -0.8676043 -0.4972552 0 -0.7410228 -0.6714798 0 -0.4096271 -0.9122531 0 -0.204814 -0.9788009 0 -0.4096271 -0.9122531 0 -0.7410228 -0.6714798 0 0 -0.447214 0.894427 0 -0.894427 0.447214 0 -0.7071068 -0.7071068 0 -0.7071068 -0.7071068 0 -0.7071068 -0.7071068 0 -0.894427 0.447214 0 0 -1 0 0 -1 0 0 -1 0 0 -1 0 0 -1 0 0 -1 0.894428 0 0.447212 0.8944274 0 -0.4472132 1 0 0 0.447214 0 -0.894427 1 0 0 0.8944274 0 -0.4472132 0 -1 0 0 -1 0 0 -1 0 0 -1 0 0 -1 0 0 -1 0 0.1707329 -0.8020316 0.5723597 0.4171219 -0.9088407 -0.004228998 0.3709371 -0.7857862 0.4949201 0.6018929 -0.7985539 -0.006058999 0.3709371 -0.7857862 0.4949201 0.4171219 -0.9088407 -0.004228998 0 1 0 0 1 0 0 0.8934014 0.4492592 0 0.8770879 0.4803299 0 0.8934014 0.4492592 0 1 0 -0.8944354 0 0.4471972 -1 0 0 -0.7071103 0 -0.7071034 -0.7071138 0 -0.7070998 -0.7071103 0 -0.7071034 -1 0 0 0 -1 0 0.7071068 -0.7071068 0 0 -1 0 0.7071068 -0.7071068 0 0 -1 0 0.7071068 -0.7071068 0 -0.7799798 -0.4430769 0.4419439 -0.811374 -0.499403 0.303758 -1 0 0 -1 0 0 -1 0 0 -0.811374 -0.499403 0.303758 0.6044738 -0.121709 0.7872727 1 0 0 0.7106416 0.1393119 0.6896236 1 0 0 0.7106416 0.1393119 0.6896236 1 0 0 0.566413 -0.502258 0.653386 1 0 0 0.6044738 -0.121709 0.7872727 1 0 0 0.6044738 -0.121709 0.7872727 1 0 0 0.566413 -0.502258 0.653386 0.6044738 -0.121709 0.7872727 -0.5664129 -0.3790099 0.7317978 -0.8350161 -0.08406401 0.5437661 -0.5664129 -0.3790099 0.7317978 0.6044738 -0.121709 0.7872727 0 -0.9788081 -0.20478 0 -0.9788081 -0.20478 0 -0.9627015 -0.2705661 0 -0.8769817 -0.4805238 0 -0.9627015 -0.2705661 0 -0.9788081 -0.20478 -0.7799798 -0.4430769 0.4419439 -0.811374 -0.499403 0.303758 -1 0 0 -1 0 0 -1 0 0 -0.811374 -0.499403 0.303758 0.7071068 -0.7071068 0 0.7071068 -0.7071068 0 1 0 0 1 0 0 1 0 0 0.7071068 -0.7071068 0 -0.7071068 -0.7071068 0 0 -1 0 -0.7071068 -0.7071068 0 0 -1 0 -0.7071068 -0.7071068 0 0 -1 0 0 0.279386 0.9601789 0.3277101 0.8196972 0.4697901 0 0.8770879 0.4803299 0.2409899 0.3385849 0.9095517 0 0.8770879 0.4803299 0.3277101 0.8196972 0.4697901 -0.3870321 0.1609401 -0.9079123 -0.7628797 0.5220328 -0.3814399 -0.8119492 0.3376341 0.4761741 -0.3814399 0.5220328 0.7628797 -0.8119492 0.3376341 0.4761741 -0.7628797 0.5220328 -0.3814399 -0.258902 0.6274938 0.7343168 0.3681809 0.8923497 0.2610649 -0.3681809 0.8923497 -0.2610649 0.258902 0.6274938 -0.7343168 -0.3681809 0.8923497 -0.2610649 0.3681809 0.8923497 0.2610649 -0.4840299 0.201275 -0.8515888 -0.8119492 0.3376341 0.4761741 -0.3681809 0.8923497 -0.2610649 -0.258902 0.6274938 0.7343168 -0.3681809 0.8923497 -0.2610649 -0.8119492 0.3376341 0.4761741 0.7010549 0.4124679 -0.5817149 -0.3870321 0.1609401 -0.9079123 0.258902 0.6274938 -0.7343168 -0.3681809 0.8923497 -0.2610649 0.258902 0.6274938 -0.7343168 -0.3870321 0.1609401 -0.9079123 0.6595848 0.172886 0.7314768 0.7010549 0.4124679 -0.5817149 0.3681809 0.8923497 0.2610649 0.258902 0.6274938 -0.7343168 0.3681809 0.8923497 0.2610649 0.7010549 0.4124679 -0.5817149 0.634323 0.541206 0.552024 -0.552024 0.541206 0.634323 0.447214 0 0.894427 -0.894427 0 0.447214 0.447214 0 0.894427 -0.552024 0.541206 0.634323 -0.1217929 0.8529986 -0.5075037 -0.6673548 0.6795638 -0.3046809 -0.155737 0.9868373 0.04357001 -0.5258197 0.8503715 0.01954499 -0.155737 0.9868373 0.04357001 -0.6673548 0.6795638 -0.3046809 0.1731039 0.6826738 0.7099237 0.136239 0.176435 0.9748383 0.6779707 0.4551198 0.5772537 0.5258211 0.1814451 0.8310173 0.6779707 0.4551198 0.5772537 0.136239 0.176435 0.9748383 0.9996133 -0.017985 0.02120701 0.9341633 0.2308041 -0.2721551 0.9084641 0.360086 0.212205 0.8449281 0.5184211 -0.131667 0.9084641 0.360086 0.212205 0.9341633 0.2308041 -0.2721551 -0.3849441 0.8380393 -0.3866631 -0.4178668 0.5876137 -0.6928906 -0.643528 0.7314081 -0.225641 -0.777074 0.407095 -0.480031 -0.643528 0.7314081 -0.225641 -0.4178668 0.5876137 -0.6928906 -0.6923012 0.5974311 -0.4047161 -0.6673548 0.6795638 -0.3046809 -0.2560119 0.7443697 -0.6167428 -0.1217929 0.8529986 -0.5075037 -0.2560119 0.7443697 -0.6167428 -0.6673548 0.6795638 -0.3046809 0.182981 0.8488519 -0.495952 -0.1217929 0.8529986 -0.5075037 0.155932 0.9855468 -0.06620298 -0.155737 0.9868373 0.04357001 0.155932 0.9855468 -0.06620298 -0.1217929 0.8529986 -0.5075037 0.9493715 0.3033382 -0.08173005 0.9341763 0.3362591 0.119351 0.9652357 0.014099 0.2610009 0.9226241 0.1456 0.357163 0.9652357 0.014099 0.2610009 0.9341763 0.3362591 0.119351 0 0 1 0 0 1 0 0 1 0 0 1 0 0 1 0 0 1 -1 0 0 -1 0 0 -0.894427 -0.447214 0 -0.447214 -0.894427 0 -0.894427 -0.447214 0 -1 0 0 -0.8018028 0.5818359 -0.136306 -0.069216 0.99042 -0.119488 -0.7997686 0.5837227 -0.1401359 0.1330419 0.9846187 -0.113252 -0.7997686 0.5837227 -0.1401359 -0.069216 0.99042 -0.119488 0.5065719 -0.8022258 -0.3159409 0.9590166 0.09480196 -0.2670199 0.6306387 -0.7697917 -0.09856796 0.9573156 0.2103279 -0.1982649 0.6306387 -0.7697917 -0.09856796 0.9590166 0.09480196 -0.2670199 0.5592182 -0.7708683 0.3050201 0.5976288 -0.7976387 0.08131597 0.9934196 -0.017464 -0.113192 0.9671645 0.1773181 -0.1820751 0.9934196 -0.017464 -0.113192 0.5976288 -0.7976387 0.08131597 0.6251647 -0.1121619 0.7723916 0.68787 -0.082658 0.721112 0.9868342 -0.04041401 -0.156605 0.9610817 0.04857199 -0.2719609 0.9868342 -0.04041401 -0.156605 0.68787 -0.082658 0.721112 0.7506695 -0.1246501 0.6488125 0 0.100464 0.9949408 0.6037474 -0.5282223 0.5970514 0 -0.6626173 0.7489582 0.6037474 -0.5282223 0.5970514 0 0.100464 0.9949408 0.985434 -0.164189 -0.044293 0.436091 -0.425362 -0.793027 0.9688856 -0.1882531 -0.1606911 0.1483641 -0.6716672 -0.7258452 0.9688856 -0.1882531 -0.1606911 0.436091 -0.425362 -0.793027 0.9688856 -0.1882531 -0.1606911 0.1483641 -0.6716672 -0.7258452 0.9680411 -0.22486 -0.11106 0.2281319 -0.8521266 -0.4709948 0.9680411 -0.22486 -0.11106 0.1483641 -0.6716672 -0.7258452 -0.08886299 0.4296489 0.8986129 -0.8909696 0.2757889 0.3607128 -0.4132952 0.2132431 0.8852766 -0.9612319 0.180225 0.208692 -0.4132952 0.2132431 0.8852766 -0.8909696 0.2757889 0.3607128 0.5591741 -0.8261722 -0.06902102 0.1901199 -0.3169589 -0.9291887 0.7374126 -0.5601736 -0.3773968 0.1504869 -0.08309597 -0.9851136 0.7374126 -0.5601736 -0.3773968 0.1901199 -0.3169589 -0.9291887 -0.5241922 0.7975023 0.2986851 -0.1802931 0.3993132 0.8989123 -0.2523018 0.9474545 0.1966569 -0.007743002 0.3314411 0.9434443 -0.2523018 0.9474545 0.1966569 -0.1802931 0.3993132 0.8989123 0.280543 -0.9413219 -0.18764 0.130907 -0.635521 0.760905 0.04664399 -0.9814178 -0.186128 0.012746 -0.6512588 0.7587487 0.04664399 -0.9814178 -0.186128 0.130907 -0.635521 0.760905 0.7374126 -0.5601736 -0.3773968 0.5441008 -0.4498689 0.7082177 0.5591741 -0.8261722 -0.06902102 0.3238939 -0.5620748 0.7610287 0.5591741 -0.8261722 -0.06902102 0.5441008 -0.4498689 0.7082177 -0.02175101 -0.2957702 -0.9550116 -6.4e-4 -0.290154 -0.9569798 -0.026582 -0.9821278 -0.186329 0.04664399 -0.9814178 -0.186128 -0.026582 -0.9821278 -0.186329 -6.4e-4 -0.290154 -0.9569798 0.9967576 0.04172799 -0.06879798 0.9659272 0.16053 -0.203014 0.2263629 0.5144569 -0.8270998 0.309902 0.702179 -0.641019 0.2263629 0.5144569 -0.8270998 0.9659272 0.16053 -0.203014 -0.993349 -0.081232 0.081604 -0.6308958 0.5989839 -0.4931419 -0.9580461 -0.216673 0.187618 -0.7554398 0.6268438 -0.190729 -0.9580461 -0.216673 0.187618 -0.6308958 0.5989839 -0.4931419 0.8016305 0.1166371 -0.5863314 0.563691 0.7640949 0.313706 0.8957253 0.05380001 -0.4413411 0.5603783 0.8226164 0.09632505 0.8957253 0.05380001 -0.4413411 0.563691 0.7640949 0.313706 -0.8979507 -0.3946069 -0.1948589 -0.7937841 -0.5887821 -0.152455 -0.1781451 -0.9802083 0.08634903 -0.1857859 -0.8869666 0.4228168 -0.1781451 -0.9802083 0.08634903 -0.7937841 -0.5887821 -0.152455 -0.748587 -0.48447 -0.452666 -0.4884937 -0.6601076 0.5706416 -0.7937841 -0.5887821 -0.152455 -0.1857859 -0.8869666 0.4228168 -0.7937841 -0.5887821 -0.152455 -0.4884937 -0.6601076 0.5706416 0.458975 0.649803 -0.605886 0.7400998 0.5548939 0.3799279 0.6555552 0.5116631 -0.5553811 0.666462 0.635519 0.3898 0.6555552 0.5116631 -0.5553811 0.7400998 0.5548939 0.3799279 0.4009882 -0.11967 -0.9082333 -0.4919291 0.219321 -0.8425581 0.213065 -0.151053 -0.9652908 -0.7652407 0.07931997 -0.6388388 0.213065 -0.151053 -0.9652908 -0.4919291 0.219321 -0.8425581 0.1504869 -0.08309597 -0.9851136 0.1901199 -0.3169589 -0.9291887 -0.558927 0.421823 -0.713909 -0.3900681 0.5831961 -0.7125512 -0.558927 0.421823 -0.713909 0.1901199 -0.3169589 -0.9291887 -0.6805481 0.092783 -0.726805 -0.5906532 0.2131551 -0.7782633 0.3219381 0.07698903 -0.9436253 0.4269751 -0.030107 -0.9037621 0.3219381 0.07698903 -0.9436253 -0.5906532 0.2131551 -0.7782633 -0.8192062 -0.3638711 -0.4432821 -0.6134642 -0.6864392 -0.3904651 0.1483641 -0.6716672 -0.7258452 0.2281319 -0.8521266 -0.4709948 0.1483641 -0.6716672 -0.7258452 -0.6134642 -0.6864392 -0.3904651 -0.3382819 -0.136757 0.9310548 0.68787 -0.082658 0.721112 -0.344412 -0.053553 0.93729 0.6251647 -0.1121619 0.7723916 -0.344412 -0.053553 0.93729 0.68787 -0.082658 0.721112 0.5441008 -0.4498689 0.7082177 -0.2815389 0.136373 0.9498097 0.3238939 -0.5620748 0.7610287 -0.1888851 0.2466791 0.9505115 0.3238939 -0.5620748 0.7610287 -0.2815389 0.136373 0.9498097 -0.2496909 0.9398378 -0.2331509 0.6477593 0.7411193 -0.1764941 -0.2421882 0.8624055 -0.4445243 0.8139942 0.5157411 -0.2672541 -0.2421882 0.8624055 -0.4445243 0.6477593 0.7411193 -0.1764941 -0.344412 -0.053553 0.93729 0.6251647 -0.1121619 0.7723916 -0.253491 0.02867399 0.9669127 0.6563669 -0.297193 0.69344 -0.253491 0.02867399 0.9669127 0.6251647 -0.1121619 0.7723916 -0.1802931 0.3993132 0.8989123 -0.2510041 0.196352 0.9478623 0.2724601 -0.4075231 0.8716022 0.4742093 -0.4342673 0.7658575 0.2724601 -0.4075231 0.8716022 -0.2510041 0.196352 0.9478623 -0.5664129 -0.3790099 0.7317978 -0.8350161 -0.08406401 0.5437661 -1 0 0 -1 0 0 -1 0 0 -0.8350161 -0.08406401 0.5437661 0 0.5367832 -0.8437203 0 0.5367832 -0.8437203 0 0.9166883 -0.3996031 0 0.9166883 -0.3996031 0 0.9166883 -0.3996031 0 0.5367832 -0.8437203 -0.5534921 -0.6345471 0.539441 -0.7071072 -0.7070312 -0.010316 0.315333 -0.7230229 0.6146569 0.8944272 -0.4471661 -0.006524001 0.315333 -0.7230229 0.6146569 -0.7071072 -0.7070312 -0.010316 -0.5437128 0.4117849 0.7313068 0.4117851 0.5437121 0.7313072 -0.5883698 0.07700697 0.8049167 0.7992423 0.2148031 0.5613122 -0.5883698 0.07700697 0.8049167 0.4117851 0.5437121 0.7313072 -0.1297751 -0.9915435 0 -0.2595508 -0.9657294 0 -0.6037481 -0.7971752 0 -0.797176 -0.603747 0 -0.6037481 -0.7971752 0 -0.2595508 -0.9657294 0 0.163855 0.9245948 0.3439129 -0.1436329 0.6537936 0.7429156 0.48198 0.492863 0.724418 -0.3893849 0.3103039 0.8672317 0.48198 0.492863 0.724418 -0.1436329 0.6537936 0.7429156 0.9876885 -0.1564341 0 1 0 0 0.9876885 -0.1564341 0 1 0 0 0.9876885 -0.1564341 0 1 0 0 -0.4082479 -0.8164969 0.4082479 -0.7071068 0 0.7071068 -0.8164969 -0.4082479 -0.4082479 -0.447214 0 -0.894427 -0.8164969 -0.4082479 -0.4082479 -0.7071068 0 0.7071068 0 -1 0 0 -1 0 -0.7071068 -0.7071068 0 -0.7071068 -0.7071068 0 -0.7071068 -0.7071068 0 0 -1 0 0 -1 0 0 -1 0 0 -1 0 0 -1 0 0 -1 0 0 -1 0 0 -1 0 0 -1 0 0 -1 0 0 -1 0 0 -1 0 0 -1 0 0.8100796 0.5059497 0.2962869 0.7725997 0.4609858 0.4365568 -0.8100798 0.5532569 0.194107 -0.9249657 0.2759489 0.2613249 -0.8100798 0.5532569 0.194107 0.7725997 0.4609858 0.4365568 0.9281027 -0.2636099 0.2629359 0.8113738 -0.5507949 0.1956979 -0.7799798 -0.4430769 0.4419439 -0.811374 -0.499403 0.303758 -0.7799798 -0.4430769 0.4419439 0.8113738 -0.5507949 0.1956979 0.566413 -0.502258 0.653386 0.8113738 -0.5507949 0.1956979 1 0 0 1 0 0 1 0 0 0.8113738 -0.5507949 0.1956979 -0.710642 0.069304 0.7001321 0.7106416 0.1393119 0.6896236 -0.6150323 0.4302932 0.6607443 0.8418795 0.2945008 0.4522257 -0.6150323 0.4302932 0.6607443 0.7106416 0.1393119 0.6896236 0.8418795 0.2945008 0.4522257 0.8100796 0.5059497 0.2962869 -0.6150323 0.4302932 0.6607443 -0.8100798 0.5532569 0.194107 -0.6150323 0.4302932 0.6607443 0.8100796 0.5059497 0.2962869 0.8100796 0.5059497 0.2962869 0.7725997 0.4609858 0.4365568 -0.8100798 0.5532569 0.194107 -0.9249657 0.2759489 0.2613249 -0.8100798 0.5532569 0.194107 0.7725997 0.4609858 0.4365568 0.9281027 -0.2636099 0.2629359 0.8113738 -0.5507949 0.1956979 -0.7799798 -0.4430769 0.4419439 -0.811374 -0.499403 0.303758 -0.7799798 -0.4430769 0.4419439 0.8113738 -0.5507949 0.1956979 0.109904 0.578999 0.807887 0.222442 0.295827 0.9289811 0.363264 0.4375229 0.8225649 0.143101 0.663152 0.734678 0.363264 0.4375229 0.8225649 0.222442 0.295827 0.9289811 0.105476 0.6799582 0.7256252 0.363264 0.4375229 0.8225649 0.3938708 0.3039518 0.8674555 0.143101 0.663152 0.734678 0.3938708 0.3039518 0.8674555 0.363264 0.4375229 0.8225649 0.8119492 0.3376341 -0.4761741 -0.3870321 0.1609401 -0.9079123 0.258902 0.6274938 -0.7343168 -0.3681809 0.8923497 -0.2610649 0.258902 0.6274938 -0.7343168 -0.3870321 0.1609401 -0.9079123 0.3870321 0.1609401 0.9079123 0.71671 0.29803 -0.63048 0.3681809 0.8923497 0.2610649 0.258902 0.6274938 -0.7343168 0.3681809 0.8923497 0.2610649 0.71671 0.29803 -0.63048 -0.71671 0.29803 0.63048 0.6595848 0.172886 0.7314768 -0.258902 0.6274938 0.7343168 0.3681809 0.8923497 0.2610649 -0.258902 0.6274938 0.7343168 0.6595848 0.172886 0.7314768 0.7010549 0.4124679 -0.5817149 0.7071068 0 -0.7071068 -0.3870321 0.1609401 -0.9079123 -0.894427 0 -0.447214 -0.3870321 0.1609401 -0.9079123 0.7071068 0 -0.7071068 -0.552024 0.541206 0.634323 0.634323 0.541206 0.552024 -0.3814399 0.5220328 0.7628797 0.7628797 0.5220328 0.3814399 -0.3814399 0.5220328 0.7628797 0.634323 0.541206 0.552024 0.182981 -0.3248699 0.9278888 0.6673546 -0.1694159 0.7252146 0.136239 0.176435 0.9748383 0.5258211 0.1814451 0.8310173 0.136239 0.176435 0.9748383 0.6673546 -0.1694159 0.7252146 0.3849449 -0.2445979 0.8899378 0.4178668 -0.5876137 0.6928906 0.6865328 -0.142071 0.7130838 0.73373 -0.439456 0.518188 0.6865328 -0.142071 0.7130838 0.4178668 -0.5876137 0.6928906 0.3849449 -0.2445979 0.8899378 0.03591799 -0.3356219 0.9413118 0.4178668 -0.5876137 0.6928906 0.038388 -0.6463121 0.7621071 0.4178668 -0.5876137 0.6928906 0.03591799 -0.3356219 0.9413118 0.6923016 -0.2832848 0.6636777 0.9652357 0.014099 0.2610009 0.6673546 -0.1694159 0.7252146 0.9226241 0.1456 0.357163 0.6673546 -0.1694159 0.7252146 0.9652357 0.014099 0.2610009 -0.1825441 0.1785011 0.9668584 0.136239 0.176435 0.9748383 -0.173426 0.6377459 0.7504689 0.1731039 0.6826738 0.7099237 -0.173426 0.6377459 0.7504689 0.136239 0.176435 0.9748383 -0.2560131 -0.4633772 0.8483743 0.192425 -0.4774671 0.8573201 -0.121794 -0.335419 0.934163 0.182981 -0.3248699 0.9278888 -0.121794 -0.335419 0.934163 0.192425 -0.4774671 0.8573201 0 0 1 0 0 1 0 0 1 0 0 1 0 0 1 0 0 1 -0.894427 -0.447214 0 -0.447214 -0.894427 0 0.447214 -0.894427 0 0.894427 -0.447214 0 0.447214 -0.894427 0 -0.447214 -0.894427 0 -0.8665226 -0.2818159 0.4119688 -0.3915298 0.4362977 0.8101535 -0.768778 -0.262204 0.583292 -0.111182 0.4563702 0.8828164 -0.768778 -0.262204 0.583292 -0.3915298 0.4362977 0.8101535 -0.9897397 -0.04189898 0.136601 -0.654458 0.7522121 -0.07656201 -0.9775546 -0.06498598 0.2004089 -0.5394291 0.8409191 0.04326 -0.9775546 -0.06498598 0.2004089 -0.654458 0.7522121 -0.07656201 -0.9764944 -0.08666803 0.1973511 -0.9906934 -0.04299602 0.1291431 -0.6890929 0.205365 -0.6949649 -0.5935119 0.106573 -0.7977379 -0.6890929 0.205365 -0.6949649 -0.9906934 -0.04299602 0.1291431 0.8058852 0.5092641 0.3019921 0.7506695 -0.1246501 0.6488125 0.9906023 -0.09062902 0.102438 0.6037474 -0.5282223 0.5970514 0.9906023 -0.09062902 0.102438 0.7506695 -0.1246501 0.6488125 0.6204809 0.6607428 0.4224009 0.9680411 -0.22486 -0.11106 0.7039099 0.695536 0.144016 0.9907619 -0.130753 -0.035981 0.7039099 0.695536 0.144016 0.9680411 -0.22486 -0.11106 -0.135471 0.8883942 0.4386381 -0.9540457 0.2681329 0.133797 -0.331297 0.6567971 0.6773921 -0.9806653 0.163445 0.107617 -0.331297 0.6567971 0.6773921 -0.9540457 0.2681329 0.133797 0.7580632 0.2187191 0.6144121 0.5804987 0.009680996 0.8142036 0.985434 -0.164189 -0.044293 0.9592271 -0.237339 -0.153472 0.985434 -0.164189 -0.044293 0.5804987 0.009680996 0.8142036 -0.026582 -0.9821278 -0.186329 -0.01157599 -0.9845825 -0.1745369 -0.02175101 -0.2957702 -0.9550116 -0.014186 -0.30925 -0.950875 -0.02175101 -0.2957702 -0.9550116 -0.01157599 -0.9845825 -0.1745369 0.4269751 -0.030107 -0.9037621 0.1940331 -0.08397403 -0.9773943 0.9467034 -0.2752701 -0.1672701 0.7776735 -0.6054694 -0.1692061 0.9467034 -0.2752701 -0.1672701 0.1940331 -0.08397403 -0.9773943 -0.2815389 0.136373 0.9498097 -0.7330982 0.6374522 0.2371111 -0.1888851 0.2466791 0.9505115 -0.4659592 0.8522404 0.2378411 -0.1888851 0.2466791 0.9505115 -0.7330982 0.6374522 0.2371111 0.2724601 -0.4075231 0.8716022 0.500757 -0.862905 -0.068098 0.1757981 -0.6094843 0.7730613 0.151169 -0.975072 -0.162427 0.1757981 -0.6094843 0.7730613 0.500757 -0.862905 -0.068098 0.4742093 -0.4342673 0.7658575 0.6563669 -0.297193 0.69344 0.7776735 -0.6054694 -0.1692061 0.9467034 -0.2752701 -0.1672701 0.7776735 -0.6054694 -0.1692061 0.6563669 -0.297193 0.69344 -0.2523018 0.9474545 0.1966569 -0.023732 0.977158 0.211185 -0.151387 0.6757991 -0.7213721 -0.025766 0.7001029 -0.7135769 -0.151387 0.6757991 -0.7213721 -0.023732 0.977158 0.211185 -0.9466549 -0.194415 0.256997 -0.8167383 0.2842301 -0.5021472 -0.993349 -0.081232 0.081604 -0.6308958 0.5989839 -0.4931419 -0.993349 -0.081232 0.081604 -0.8167383 0.2842301 -0.5021472 -0.7758613 0.5696862 -0.2711031 0.1630679 0.9570066 -0.2398899 -0.6517363 0.3343261 -0.6807833 0.3713962 0.8203864 -0.4347772 -0.6517363 0.3343261 -0.6807833 0.1630679 0.9570066 -0.2398899 0.8957253 0.05380001 -0.4413411 0.5603783 0.8226164 0.09632505 0.9590166 0.09480196 -0.2670199 0.4023699 0.9152919 0.018415 0.9590166 0.09480196 -0.2670199 0.5603783 0.8226164 0.09632505 -0.9293953 0.3574111 -0.09209702 -0.9920261 0.112017 -0.05776201 -0.6985058 -0.6917928 0.1830639 -0.7472773 -0.5875472 0.3104271 -0.6985058 -0.6917928 0.1830639 -0.9920261 0.112017 -0.05776201 -0.748587 -0.48447 -0.452666 -0.7153522 -0.6321962 -0.2976561 -0.4884937 -0.6601076 0.5706416 -0.664775 -0.469816 0.580816 -0.4884937 -0.6601076 0.5706416 -0.7153522 -0.6321962 -0.2976561 0.666462 0.635519 0.3898 -0.01279101 0.1561001 0.9876585 0.622471 0.68782 0.373408 -0.111182 0.4563702 0.8828164 0.622471 0.68782 0.373408 -0.01279101 0.1561001 0.9876585 0.8531085 0.4418713 0.2774092 0.9528722 0.2839591 0.10678 0.5716661 -0.3444251 0.7446942 0.6464282 -0.7068912 0.2871161 0.5716661 -0.3444251 0.7446942 0.9528722 0.2839591 0.10678 0.8531085 0.4418713 0.2774092 0.5716661 -0.3444251 0.7446942 0.7400998 0.5548939 0.3799279 0.237015 -0.121139 0.9639239 0.7400998 0.5548939 0.3799279 0.5716661 -0.3444251 0.7446942 0.03823199 -0.287335 -0.9570669 -6.4e-4 -0.290154 -0.9569798 -0.1824839 0.6775457 -0.7124826 -0.02503501 0.7039914 -0.7097673 -0.1824839 0.6775457 -0.7124826 -6.4e-4 -0.290154 -0.9569798 0.4023699 0.9152919 0.018415 -0.589608 0.7697249 0.244716 0.3682132 0.9233075 -0.1091891 -0.5394291 0.8409191 0.04326 0.3682132 0.9233075 -0.1091891 -0.589608 0.7697249 0.244716 -0.8018028 0.5818359 -0.136306 -0.7997686 0.5837227 -0.1401359 -0.9701006 -0.2001171 -0.1373251 -0.9208143 -0.3671181 -0.131626 -0.9701006 -0.2001171 -0.1373251 -0.7997686 0.5837227 -0.1401359 -0.223312 0.113921 -0.9680671 -0.748587 -0.48447 -0.452666 -0.6517363 0.3343261 -0.6807833 -0.7937841 -0.5887821 -0.152455 -0.6517363 0.3343261 -0.6807833 -0.748587 -0.48447 -0.452666 0.7580632 0.2187191 0.6144121 0.6964052 0.4439031 0.5638882 -0.08886299 0.4296489 0.8986129 -0.331297 0.6567971 0.6773921 -0.08886299 0.4296489 0.8986129 0.6964052 0.4439031 0.5638882 -0.1802931 0.3993132 0.8989123 0.2724601 -0.4075231 0.8716022 -0.007743002 0.3314411 0.9434443 0.1757981 -0.6094843 0.7730613 -0.007743002 0.3314411 0.9434443 0.2724601 -0.4075231 0.8716022 -0.6150323 0.4302932 0.6607443 -0.8100798 0.5532569 0.194107 -1 0 0 -1 0 0 -1 0 0 -0.8100798 0.5532569 0.194107 -0.7071071 0.702177 0.083349 -0.5243159 0.6280668 0.5749999 0.4472139 0.8881917 0.105429 0.7762912 0.4649511 0.4256671 0.4472139 0.8881917 0.105429 -0.5243159 0.6280668 0.5749999 0 0.101851 -0.9947997 0 0.5367832 -0.8437203 0 0.2030099 -0.9791766 0 0.5367832 -0.8437203 0 0.2030099 -0.9791766 0 0.5367832 -0.8437203 0 0 1 0 0 1 0 0 1 0 0 1 0 0 1 0 0 1 0.894427 -0.447214 0 0.447214 -0.894427 0 0.1297751 -0.9915435 0 0.2595508 -0.9657294 0 0.1297751 -0.9915435 0 0.447214 -0.894427 0 0 0 -1 0 0 -1 0 0 -1 0 0 -1 0 0 -1 0 0 -1 0.4993818 0.8625277 0.08163197 -0.725567 0.6800951 0.104991 -0.354909 0.428109 0.8311211 -0.354909 0.428109 0.8311211 0.362163 -0.021277 0.9318719 0.4993818 0.8625277 0.08163197 0.184167 0.4256219 0.8859619 -0.1385251 0.9143395 0.3805182 -0.131504 0.4758209 0.8696558 -0.4133559 0.7834989 0.4639679 -0.131504 0.4758209 0.8696558 -0.1385251 0.9143395 0.3805182 0.143101 0.663152 0.734678 -0.3919209 0.8158847 0.4251238 -0.296351 0.5072891 0.8092181 0.3938708 0.3039518 0.8674555 0.143101 0.663152 0.734678 -0.296351 0.5072891 0.8092181 -0.4096271 -0.9122531 0 -0.204814 -0.9788009 0 0.204814 -0.9788009 0 0.4096271 -0.9122531 0 0.204814 -0.9788009 0 -0.204814 -0.9788009 0 0 -0.894427 0.447214 0 -0.447214 0.894427 0 0 1 0 0 1 0 0 1 0 -0.447214 0.894427 -0.7410228 -0.6714798 0 -0.8676043 -0.4972552 0 -0.9876885 -0.1564341 0 -0.9876885 -0.1564341 0 -0.9876885 -0.1564341 0 -0.8676043 -0.4972552 0 0.7071074 0 0.7071064 0 0 1 0.7071074 0 0.7071064 0 0 1 0.7071074 0 0.7071064 0 0 1 0.3322558 -0.7038446 -0.6278607 -0.459664 -0.7778681 -0.4285211 -0.2270179 -0.8198827 -0.5255998 -0.2270179 -0.8198827 -0.5255998 0.3424138 -0.8501686 -0.3999578 0.3322558 -0.7038446 -0.6278607 -0.320415 -0.947276 -0.001536 0.4171219 -0.9088407 -0.004228998 0.1707329 -0.8020316 0.5723597 0.1707329 -0.8020316 0.5723597 -0.2831378 -0.8378356 0.4667597 -0.320415 -0.947276 -0.001536 0.8418795 0.2945008 0.4522257 1 0 0 0.8100796 0.5059497 0.2962869 1 0 0 0.8100796 0.5059497 0.2962869 1 0 0 -0.8350161 -0.08406401 0.5437661 -0.710642 0.069304 0.7001321 -1 0 0 -1 0 0 -1 0 0 -0.710642 0.069304 0.7001321 -0.8350161 -0.08406401 0.5437661 0.6044738 -0.121709 0.7872727 -0.710642 0.069304 0.7001321 0.7106416 0.1393119 0.6896236 -0.710642 0.069304 0.7001321 0.6044738 -0.121709 0.7872727 0 -0.9627015 -0.2705661 0 -0.8769817 -0.4805238 0 -0.5436647 -0.8393025 0 -0.5436647 -0.8393025 0 -0.5436647 -0.8393025 0 -0.8769817 -0.4805238 0.6347813 0.7083254 -0.3087521 0.4472139 0.2072619 -0.8700818 0 0.6011244 -0.7991556 0 0.2317369 -0.9727785 0 0.6011244 -0.7991556 0.4472139 0.2072619 -0.8700818 -0.178254 0.6505001 0.738292 0.07917797 0.5560488 0.8273697 -0.3671559 0.4743198 0.8001357 0.2232921 0.4851523 0.8454395 -0.3671559 0.4743198 0.8001357 0.07917797 0.5560488 0.8273697 0.8119492 0.3376341 -0.4761741 0.3814399 0.5220328 -0.7628797 -0.3870321 0.1609401 -0.9079123 -0.7628797 0.5220328 -0.3814399 -0.3870321 0.1609401 -0.9079123 0.3814399 0.5220328 -0.7628797 0.3870321 0.1609401 0.9079123 0.894427 0 0.447214 0.71671 0.29803 -0.63048 0.7071068 0 -0.7071068 0.71671 0.29803 -0.63048 0.894427 0 0.447214 -0.7071068 0 0.7071068 -0.71671 0.29803 0.63048 -0.894427 0 -0.447214 -0.3870321 0.1609401 -0.9079123 -0.894427 0 -0.447214 -0.71671 0.29803 0.63048 -0.258902 0.6274938 0.7343168 0.3681809 0.8923497 0.2610649 -0.3681809 0.8923497 -0.2610649 0.258902 0.6274938 -0.7343168 -0.3681809 0.8923497 -0.2610649 0.3681809 0.8923497 0.2610649 0.552024 0.541206 -0.634323 0.634323 0.541206 0.552024 0.894427 0 -0.447214 0.447214 0 0.894427 0.894427 0 -0.447214 0.634323 0.541206 0.552024 0.9341763 0.3362591 0.119351 0.6673551 0.6795641 -0.30468 0.5940859 0.7080129 0.3818109 0.525822 0.8503701 0.019548 0.5940859 0.7080129 0.3818109 0.6673551 0.6795641 -0.30468 -0.121794 -0.335419 0.934163 -0.1825441 0.1785011 0.9668584 -0.6673551 -0.169416 0.7252141 -0.525822 0.181444 0.831017 -0.6673551 -0.169416 0.7252141 -0.1825441 0.1785011 0.9668584 -0.319602 -0.262104 0.9105801 -0.6357367 -0.1749249 0.7518246 -0.3469351 -0.6066172 0.7152982 -0.6794413 -0.4745692 0.5595922 -0.3469351 -0.6066172 0.7152982 -0.6357367 -0.1749249 0.7518246 0.7264958 0.4444549 -0.5240839 0.3469349 0.6066167 -0.7152988 0.5921351 0.7621111 -0.261845 0.3196011 0.8555453 -0.4073052 0.5921351 0.7621111 -0.261845 0.3469349 0.6066167 -0.7152988 0.6923013 0.5974303 -0.4047172 0.1924241 0.7504623 -0.6322812 0.6673551 0.6795641 -0.30468 0.182981 0.8488519 -0.495952 0.6673551 0.6795641 -0.30468 0.1924241 0.7504623 -0.6322812 -0.2560119 0.7443697 -0.6167428 -0.1217929 0.8529986 -0.5075037 0.1924241 0.7504623 -0.6322812 0.182981 0.8488519 -0.495952 0.1924241 0.7504623 -0.6322812 -0.1217929 0.8529986 -0.5075037 0.447214 0.894427 0 0.6666668 0.3333329 0.6666668 0.9915437 0.129774 0 0.7992423 0.2148031 0.5613122 0.9915437 0.129774 0 0.6666668 0.3333329 0.6666668 -0.9701006 -0.2001171 -0.1373251 -0.9208143 -0.3671181 -0.131626 -0.3535521 -0.9232752 -0.150213 -0.1714909 -0.9803677 -0.09731496 -0.3535521 -0.9232752 -0.150213 -0.9208143 -0.3671181 -0.131626 -0.4092859 -0.9120279 0.026269 -0.3827331 -0.9136133 0.137208 -0.9426516 -0.1484099 0.2989689 -0.9775546 -0.06498598 0.2004089 -0.9426516 -0.1484099 0.2989689 -0.3827331 -0.9136133 0.137208 -0.345975 -0.8401671 0.4176371 -0.9580461 -0.216673 0.187618 -0.4377308 -0.8608167 0.2595889 -0.9897397 -0.04189898 0.136601 -0.4377308 -0.8608167 0.2595889 -0.9580461 -0.216673 0.187618 -0.344412 -0.053553 0.93729 -0.9767655 0.03792198 0.2109289 -0.3382819 -0.136757 0.9310548 -0.9906934 -0.04299602 0.1291431 -0.3382819 -0.136757 0.9310548 -0.9767655 0.03792198 0.2109289 0.7971752 0.4000541 -0.4521821 0 0.6626183 -0.7489573 0.4911678 0.8652606 -0.100391 0 0.957793 0.287459 0.4911678 0.8652606 -0.100391 0 0.6626183 -0.7489573 -0.135471 0.8883942 0.4386381 -0.3239911 0.9387882 0.117075 -0.9540457 0.2681329 0.133797 -0.9534025 0.2977822 0.04847202 -0.9540457 0.2681329 0.133797 -0.3239911 0.9387882 0.117075 -0.9612319 0.180225 0.208692 -0.7652407 0.07931997 -0.6388388 -0.9309551 0.334962 0.145338 -0.4919291 0.219321 -0.8425581 -0.9309551 0.334962 0.145338 -0.7652407 0.07931997 -0.6388388 -0.8909696 0.2757889 0.3607128 -0.7303798 -0.2153119 -0.6482177 -0.9612319 0.180225 0.208692 -0.7652407 0.07931997 -0.6388388 -0.9612319 0.180225 0.208692 -0.7303798 -0.2153119 -0.6482177 -0.010462 -0.650166 0.7597201 -0.026582 -0.9821278 -0.186329 0.012746 -0.6512588 0.7587487 0.04664399 -0.9814178 -0.186128 0.012746 -0.6512588 0.7587487 -0.026582 -0.9821278 -0.186329 -0.5241922 0.7975023 0.2986851 -0.4092609 0.62405 -0.665633 -0.7747153 0.5946622 0.2149261 -0.622824 0.4626669 -0.6308959 -0.7747153 0.5946622 0.2149261 -0.4092609 0.62405 -0.665633 0.1757981 -0.6094843 0.7730613 0.151169 -0.975072 -0.162427 0.03225701 -0.6452171 0.7633181 -0.01157599 -0.9845825 -0.1745369 0.03225701 -0.6452171 0.7633181 0.151169 -0.975072 -0.162427 -0.7747153 0.5946622 0.2149261 -0.622824 0.4626669 -0.6308959 -0.9339409 0.282699 0.218714 -0.5906532 0.2131551 -0.7782633 -0.9339409 0.282699 0.218714 -0.622824 0.4626669 -0.6308959 -0.09895898 0.2945269 0.9505057 -0.1716809 0.9560676 0.2376139 -0.016823 0.3121821 0.9498733 -0.010695 0.9716172 0.2363171 -0.016823 0.3121821 0.9498733 -0.1716809 0.9560676 0.2376139 -0.4359579 -0.4486499 0.7801628 -0.9466549 -0.194415 0.256997 -0.3307589 -0.6969798 0.6362528 -0.993349 -0.081232 0.081604 -0.3307589 -0.6969798 0.6362528 -0.9466549 -0.194415 0.256997 0.9934196 -0.017464 -0.113192 0.325953 0.8477511 -0.4184171 0.9659272 0.16053 -0.203014 0.309902 0.702179 -0.641019 0.9659272 0.16053 -0.203014 0.325953 0.8477511 -0.4184171 0.3992081 -0.7232041 -0.5635681 0.193159 -0.615591 -0.7640271 0.8957253 0.05380001 -0.4413411 0.8016305 0.1166371 -0.5863314 0.8957253 0.05380001 -0.4413411 0.193159 -0.615591 -0.7640271 0.1630679 0.9570066 -0.2398899 0.9528722 0.2839591 0.10678 0.3713962 0.8203864 -0.4347772 0.8531085 0.4418713 0.2774092 0.3713962 0.8203864 -0.4347772 0.9528722 0.2839591 0.10678 -0.001448 -0.2481081 -0.9687313 -0.223312 0.113921 -0.9680671 0.6555552 0.5116631 -0.5553811 0.458975 0.649803 -0.605886 0.6555552 0.5116631 -0.5553811 -0.223312 0.113921 -0.9680671 -0.6517363 0.3343261 -0.6807833 0.3713962 0.8203864 -0.4347772 -0.223312 0.113921 -0.9680671 0.458975 0.649803 -0.605886 -0.223312 0.113921 -0.9680671 0.3713962 0.8203864 -0.4347772 -0.8656542 -0.4952541 -0.07325502 -0.6985058 -0.6917928 0.1830639 0.2249799 -0.9625947 -0.150981 0.3454761 -0.9000803 0.2655221 0.2249799 -0.9625947 -0.150981 -0.6985058 -0.6917928 0.1830639 -0.014186 -0.30925 -0.950875 0.06986499 -0.300056 -0.9513597 -0.025766 0.7001029 -0.7135769 -0.151387 0.6757991 -0.7213721 -0.025766 0.7001029 -0.7135769 0.06986499 -0.300056 -0.9513597 0.1901199 -0.3169589 -0.9291887 0.03823199 -0.287335 -0.9570669 -0.3900681 0.5831961 -0.7125512 -0.1824839 0.6775457 -0.7124826 -0.3900681 0.5831961 -0.7125512 0.03823199 -0.287335 -0.9570669 -0.8167383 0.2842301 -0.5021472 0.2263629 0.5144569 -0.8270998 -0.6308958 0.5989839 -0.4931419 0.309902 0.702179 -0.641019 -0.6308958 0.5989839 -0.4931419 0.2263629 0.5144569 -0.8270998 -0.7758613 0.5696862 -0.2711031 -0.6517363 0.3343261 -0.6807833 -0.8979507 -0.3946069 -0.1948589 -0.7937841 -0.5887821 -0.152455 -0.8979507 -0.3946069 -0.1948589 -0.6517363 0.3343261 -0.6807833 0.3992081 -0.7232041 -0.5635681 -0.429204 -0.879039 -0.207544 0.193159 -0.615591 -0.7640271 -0.576838 -0.761065 -0.296712 0.193159 -0.615591 -0.7640271 -0.429204 -0.879039 -0.207544 -0.4359579 -0.4486499 0.7801628 -0.3307589 -0.6969798 0.6362528 0.4876182 -0.4401892 0.7539643 0.7218128 -0.5127559 0.4648309 0.4876182 -0.4401892 0.7539643 -0.3307589 -0.6969798 0.6362528 0.6306387 -0.7697917 -0.09856796 0.5976288 -0.7976387 0.08131597 -0.3827331 -0.9136133 0.137208 -0.4377308 -0.8608167 0.2595889 -0.3827331 -0.9136133 0.137208 0.5976288 -0.7976387 0.08131597 0.8418795 0.2945008 0.4522257 1 0 0 0.8100796 0.5059497 0.2962869 1 0 0 0.8100796 0.5059497 0.2962869 1 0 0 -0.8350161 -0.08406401 0.5437661 -0.710642 0.069304 0.7001321 -1 0 0 -1 0 0 -1 0 0 -0.710642 0.069304 0.7001321 -0.8350161 -0.08406401 0.5437661 0.6044738 -0.121709 0.7872727 -0.710642 0.069304 0.7001321 0.7106416 0.1393119 0.6896236 -0.710642 0.069304 0.7001321 0.6044738 -0.121709 0.7872727 0 -0.9627015 -0.2705661 0 -0.8769817 -0.4805238 0 -0.5436647 -0.8393025 0 -0.5436647 -0.8393025 0 -0.5436647 -0.8393025 0 -0.8769817 -0.4805238 0.797176 0.603747 0 0.4117851 0.5437121 0.7313072 0.3826821 0.9238801 0 0.171141 0.413172 0.894427 0.3826821 0.9238801 0 0.4117851 0.5437121 0.7313072 -0.9915435 -0.1297751 0 -0.9657297 -0.2595499 0 -0.797176 -0.603747 0 -0.6037481 -0.7971752 0 -0.797176 -0.603747 0 -0.9657297 -0.2595499 0 0.9657297 -0.2595499 0 0.9915435 -0.1297751 0 0.894427 -0.447214 0 0.447214 -0.894427 0 0.894427 -0.447214 0 0.9915435 -0.1297751 0 -0.4323938 0.7600327 -0.4851658 -0.6811308 -0.2335859 0.6939008 -0.725567 0.6800951 0.104991 -0.354909 0.428109 0.8311211 -0.725567 0.6800951 0.104991 -0.6811308 -0.2335859 0.6939008 0.07917797 0.5560488 0.8273697 0.163855 0.9245948 0.3439129 -0.3919209 0.8158847 0.4251238 0.07917797 0.5560488 0.8273697 -0.178254 0.6505001 0.738292 0.163855 0.9245948 0.3439129 -0.459664 -0.7778681 -0.4285211 0.3322558 -0.7038446 -0.6278607 -0.2201829 -0.6515448 -0.7259538 0.196582 -0.9234609 -0.329508 -0.2201829 -0.6515448 -0.7259538 0.3322558 -0.7038446 -0.6278607 0 0 -1 0 0 -1 0 0 -1 0 0 -1 0 0 -1 0 0 -1 -0.7071068 0 0.7071068 0.6666668 -0.3333329 0.6666668 0.7071068 0 0.7071068 0.6666668 -0.3333329 0.6666668 -0.7071068 0 0.7071068 -0.4082479 -0.8164969 0.4082479 0 0 1 0 0 1 0 0 1 0 0 1 0 0 1 0 0 1 0 0 -1 0.447214 0 -0.894427 0 0 -1 0.8944274 0 -0.4472132 0 0 -1 0.447214 0 -0.894427 -0.320415 -0.947276 0.001536 -0.2201829 -0.6515448 -0.7259538 0.196582 -0.9234609 -0.329508 0.196582 -0.9234609 -0.329508 0.4171219 -0.9088407 0.004228998 -0.320415 -0.947276 0.001536 0 0.4241552 0.9055895 0 0.8934014 0.4492592 -0.195962 0.941446 0.274369 -0.4139991 0.3541441 0.8385623 -0.195962 0.941446 0.274369 0 0.8934014 0.4492592 -0.7071138 0 -0.7070998 0 0 -1 -0.7071103 0 -0.7071034 0 0 -1 -0.7071103 0 -0.7071034 0 0 -1 0.7071068 -0.7071068 0 1 0 0 0.7071068 -0.7071068 0 1 0 0 0.7071068 -0.7071068 0 1 0 0 0.7725997 0.4609858 0.4365568 1 0 0 0.7762912 0.4649511 0.4256671 0.4472139 0.8881917 0.105429 0.7762912 0.4649511 0.4256671 1 0 0 -0.648525 0.110078 0.753192 0 0.100464 0.9949408 0 0.957793 0.287459 0.4911678 0.8652606 -0.100391 0 0.957793 0.287459 0 0.100464 0.9949408 -0.5664129 -0.3790099 0.7317978 -0.8350161 -0.08406401 0.5437661 -1 0 0 -1 0 0 -1 0 0 -0.8350161 -0.08406401 0.5437661 0 0.5367832 -0.8437203 0 0.5367832 -0.8437203 0 0.9166883 -0.3996031 0 0.9166883 -0.3996031 0 0.9166883 -0.3996031 0 0.5367832 -0.8437203 -0.5534921 -0.6345471 0.539441 -0.7071072 -0.7070312 -0.010316 0.315333 -0.7230229 0.6146569 0.8944272 -0.4471661 -0.006524001 0.315333 -0.7230229 0.6146569 -0.7071072 -0.7070312 -0.010316 0.7725997 0.4609858 0.4365568 1 0 0 0.7762912 0.4649511 0.4256671 0.4472139 0.8881917 0.105429 0.7762912 0.4649511 0.4256671 1 0 0 0.447214 0 0.894427 0.6595848 0.172886 0.7314768 -0.71671 0.29803 0.63048 -0.71671 0.29803 0.63048 -0.7071068 0 0.7071068 0.447214 0 0.894427</float_array>
          <technique_common>
            <accessor source="#computer_communication_tableShape-normals-array" count="3390" stride="3">
              <param name="X" type="float"/>
              <param name="Y" type="float"/>
              <param name="Z" type="float"/>
            </accessor>
          </technique_common>
        </source>
        <source id="computer_communication_tableShape-map1" name="computer_communication_tableShape-map1">
          <float_array id="computer_communication_tableShape-map1-array" count="1786">0.166528 0.107372 0.166528 0.139904 0.133288 0.107372 0.133288 0.139904 0.192492 0.012747 0.192491 0.072993 0.183183 0.012746 0.183182 0.072993 0.164565 0.072992 0.164565 0.012746 0.173874 0.072992 0.173874 0.012746 0.17036 0.128229 0.19728 0.128229 0.178679 0.140317 0.188962 0.140317 0.167183 0.10867 0.167183 0.076103 0.200458 0.10867 0.200458 0.076103 0.207234 0.012747 0.207232 0.072995 0.155256 0.012746 0.155257 0.072992 0.145947 0.012746 0.145948 0.072993 0.136462 0.087834 0.163354 0.087834 0.144772 0.075759 0.155044 0.075759 0.131207 0.072995 0.131206 0.012748 0.17843 0.424029 0.298427 0.424487 0.177231 0.470174 0.357702 0.432235 0.408449 0.431166 0.409891 0.470231 0.569898 0.201008 0.637379 0.496299 0.553035 0.496412 0.796163 0.418775 0.800197 0.4188 0.800167 0.432724 0.799877 0.568905 0.799846 0.582832 0.795812 0.582788 0.697823 0.97089 0.710157 0.949283 0.713191 0.966891 0.736254 0.926614 0.726564 0.951107 0.727767 0.918251 0.737994 0.865028 0.740437 0.896195 0.729091 0.871425 0.729747 0.838507 0.713341 0.836621 0.717348 0.81981 0.702304 0.812372 0.689923 0.833902 0.686929 0.816249 0.663715 0.856337 0.67351 0.831907 0.672247 0.864892 0.659507 0.887046 0.670917 0.911929 0.661957 0.918507 0.670314 0.944989 0.686735 0.946707 0.682764 0.963572 0 0.482857 0.007489 0.469662 0.01331 0.13794 0.024686 0.155016 0.001046 0.206322 0.453207 0.628264 0.527188 0.845239 0.024037 0.845141 0.012567 0.862352 3.27e-4 0.622275 0.013722 0.001023 0.017254 0.137989 0.016511 0.862357 0.012642 0.999498 0.982971 0.003836 0.985611 0.006493 0.983213 0.010891 0.990339 0.988669 0.990595 0.995763 0.987941 0.993125 0.989491 0.00382 0.98926 0.01088 0.986853 0.006485 0.986777 0.992651 0.984125 0.995289 0.984371 0.98819 0.543604 0.470757 0.550953 0.484049 0.538511 0.138456 0.550406 0.206935 0.527118 0.155552 0.534568 0.138402 0.538994 0.001609 0.538378 0.86244 0.538259 0.999442 0.534434 0.862432 0.375652 0.877061 0.372968 0.884154 0.372778 0.877721 0.370037 0.877975 0.372541 0.913016 0.369872 0.912634 0.372831 0.906575 0.375299 0.913741 0.333511 0.877604 0.336836 0.877964 0.334935 0.88395 0.333272 0.913151 0.334829 0.906962 0.336707 0.912986 0.3756015 0.877061 0.3729214 0.884154 0.3727314 0.877721 0.3699915 0.877975 0.3724914 0.913016 0.3698214 0.912634 0.3727815 0.906575 0.3752515 0.913741 0.3334614 0.877604 0.3367914 0.877964 0.3348913 0.88395 0.3332213 0.913151 0.3347814 0.906962 0.3366613 0.912986 0.550656 0.628348 0.552708 0.506402 0.596284 0.506402 0.569675 0.796356 0.63754 0.499443 0.597113 0.499447 0.747255 0.032201 0.763706 0.032174 0.747314 0.20091 0.763796 0.285288 0.300165 0.376169 0.332375 0.377015 0.869683 0.902067 0.869645 0.986342 0.819672 0.902221 0.819627 0.986344 0.057549 0.874772 0.057549 0.847389 0.167247 0.874771 0.167246 0.847388 0.821103 0.003003 0.821095 0.051183 0.779757 0.036378 0.779754 0.051156 0.821093 0.066277 0.821095 0.278673 0.779751 0.06625 0.779757 0.278687 0.722958 0.380152 0.763846 0.380178 0.722955 0.395083 0.763844 0.395107 0.76903 0.664728 0.769578 0.902713 0.76622 0.664753 0.766768 0.90274 0.215811 0.975629 0.218921 0.976303 0.216244 0.981635 0.218528 0.98071 0.197093 0.987198 0.193956 0.983964 0.198118 0.981486 0.195834 0.980547 0.743565 0.860951 0.734114 0.830523 0.658373 0.850875 0.653204 0.886333 0.224102 0.853521 0.220571 0.859731 0.21918 0.846434 0.217423 0.856337 0.197289 0.856422 0.198298 0.862146 0.216424 0.862209 0.723066 0.012873 0.72301 0.096749 0.687274 0.01276 0.687233 0.096627 0.256226 0.917427 0.258566 0.921126 0.259024 0.910473 0.261205 0.914315 0.335214 0.931769 0.342419 0.936264 0.335834 0.924654 0.343601 0.929587 0.357556 0.957911 0.359226 0.951485 0.350718 0.946722 0.352446 0.940247 0.39404 0.898457 0.390569 0.896883 0.394991 0.926257 0.391419 0.924685 0.450047 0.904929 0.445384 0.9094 0.448878 0.893063 0.444155 0.890907 0.49427 0.908836 0.49095 0.917836 0.497216 0.913437 0.49388 0.922255 0.492272 0.89199 0.489237 0.887783 0.488876 0.900323 0.486156 0.896049 0.500444 0.904477 0.503471 0.9096 0.503006 0.897761 0.505651 0.903552 0.466339 0.95798 0.465485 0.9514 0.457793 0.96309 0.457827 0.95651 0.398467 0.870155 0.395594 0.866278 0.40941 0.882233 0.412312 0.881823 0.408825 0.876149 0.414113 0.877039 0.471309 0.932052 0.468647 0.937489 0.473209 0.938934 0.470528 0.944116 0.464469 0.944608 0.458082 0.949597 0.356073 0.964182 0.366692 0.976742 0.36725 0.969831 0.382904 0.969625 0.393278 0.950329 0.381599 0.963331 0.390267 0.946468 0.255909 0.927848 0.263505 0.936978 0.265387 0.930706 0.327246 0.930577 0.327339 0.923189 0.315491 0.933206 0.315276 0.925974 0.280694 0.962432 0.26826 0.956521 0.280085 0.970345 0.267567 0.963586 0.306928 0.951565 0.293566 0.955964 0.307468 0.958982 0.293641 0.963361 0.442882 0.923188 0.438165 0.896691 0.439946 0.927136 0.43493 0.899141 0.475578 0.911168 0.473492 0.917257 0.47836 0.915858 0.475847 0.922545 0.387731 0.923619 0.387026 0.89508 0.486276 0.883661 0.483302 0.89162 0.477655 0.950044 0.482908 0.937842 0.475225 0.944918 0.480385 0.933363 0.326827 0.94414 0.334043 0.945222 0.326988 0.937311 0.334638 0.938568 0.483698 0.925581 0.48622 0.930018 0.306405 0.944587 0.293498 0.949025 0.351281 0.885075 0.350884 0.879453 0.357843 0.884994 0.358424 0.879429 0.347475 0.885369 0.347362 0.879602 0.347608 0.905562 0.351382 0.905709 0.372863 0.849559 0.372743 0.875016 0.365801 0.849559 0.36568 0.875016 0.58944 0.012691 0.58944 0.096576 0.583836 0.012692 0.583836 0.096578 0.866092 0.425412 0.863258 0.43116 0.861482 0.421658 0.861498 0.42973 0.800886 0.43623 0.80061 0.565412 0.511222 0.128328 0.501914 0.12474 0.511367 0.021873 0.50205 0.025358 0.011788 0.229087 0.008481 0.220273 0.542952 0.220876 0.539686 0.22973 0.05859 0.072993 0.043848 0.072995 0.058589 0.012746 0.043847 0.012748 0.276918 0.112022 0.225099 0.112023 0.276918 0.039722 0.225099 0.039722 0.045929 0.107372 0.049104 0.087834 0.079169 0.107372 0.075995 0.087834 0.001643 8.71e-4 0.026332 0.99944 0.02626 0.862359 0.976901 0.027598 0.974885 0.027508 0.551065 0.001803 0.748246 0.966019 0.764789 0.96602 0.748245 0.995948 0.764788 0.99595 0.343707 0.885366 0.343714 0.880155 0.463799 0.899886 0.454938 0.911753 0.460737 0.909618 0.3577914 0.884994 0.3583714 0.879429 0.3610914 0.885132 0.3612915 0.879736 0.3607515 0.875016 0.3525914 0.875016 0.3608714 0.849559 0.3527113 0.849559 0.3767814 0.875016 0.3726915 0.875016 0.3769014 0.849559 0.3728114 0.849559 0.3436613 0.885366 0.3436613 0.880155 0.17399 0.413323 0.293883 0.413871 0.539643 0.462607 0.456606 0.624288 0.454103 0.619318 0.458567 0.555866 0.455475 0.55053 0.819233 0.664284 0.869226 0.664208 0.81922 0.679122 0.869219 0.678968 0.167244 0.972317 0.057553 0.972316 0.162222 0.962331 0.062577 0.96233 0.821097 0.293766 0.779758 0.293781 0.769107 0.384513 0.769111 0.6158 0.763848 0.605206 0.817209 0.574385 0.871486 0.574511 0.819327 0.580026 0.869349 0.580137 0.194143 0.859615 0.196009 0.863057 0.656342 0.92273 0.665965 0.953054 0.741559 0.931921 0.730453 0.960025 0.190652 0.853296 0.187316 0.863712 0.192563 0.865999 0.217226 0.987519 0.218953 0.997443 0.195394 0.997443 0.861584 0.310986 0.829815 0.31136 0.861556 0.302919 0.825791 0.303295 0.968834 0.6748 0.928698 0.674799 0.968833 0.666729 0.928697 0.666729 0.315666 0.9404 0.305943 0.93761 0.341255 0.942901 0.34922 0.95305 0.398363 0.927854 0.396167 0.953858 0.462931 0.919053 0.453067 0.921459 0.485761 0.942336 0.480335 0.954976 0.485521 0.909265 0.482844 0.904324 0.488164 0.913672 0.481083 0.920901 0.414915 0.871067 0.408223 0.870443 0.415693 0.892273 0.41875 0.888738 0.419209 0.916796 0.422718 0.91403 0.468284 0.971319 0.467204 0.964474 0.457845 0.97678 0.457803 0.969655 0.408104 0.90542 0.408771 0.88819 0.40413 0.903796 0.405541 0.884088 0.434438 0.936053 0.43709 0.931419 0.428791 0.906309 0.431762 0.902487 0.384315 0.975753 0.500483 0.892629 0.504831 0.8833 0.506739 0.890981 0.307942 0.966774 0.293914 0.97085 0.404823 0.853307 0.403686 0.846536 0.392755 0.862806 0.450299 0.947285 0.451971 0.941224 0.292875 0.927106 0.282781 0.927444 0.29319 0.934569 0.282352 0.934227 0.38714 0.942511 0.401678 0.929402 0.398993 0.957434 0.473974 0.956685 0.472209 0.950618 0.253624 0.934959 0.261899 0.943354 0.385633 0.982129 0.431851 0.940748 0.425947 0.910225 0.36114 0.885132 0.361343 0.879736 0.360801 0.875016 0.352636 0.875016 0.360921 0.849559 0.352757 0.849559 0.376832 0.875016 0.376953 0.849559 0.734274 0.012901 0.734218 0.09678 0.72867 0.012886 0.728614 0.096764 0.96884 0.692534 0.928701 0.69253 0.968837 0.688739 0.9287 0.688736 0.414098 0.461571 0.011289 0.461425 0.17302 0.461307 0.086515 0.072992 0.086516 0.012746 0.095824 0.072993 0.095824 0.012746 0.225099 0.009039 0.276918 0.009039 0.105133 0.012747 0.105132 0.072993 0.965116 0.645151 0.965114 0.659402 0.88024 0.644884 0.880226 0.659122 0.964435 0.026381 0.879515 0.026383 0.995606 0.027582 0.99762 0.027476 0.51261 0.86237 0.524686 0.862409 0.512491 0.999343 0.524567 0.999388 0.378713 0.90504 0.381264 0.907166 0.328331 0.906743 0.33102 0.904431 0.3475614 0.905562 0.3474814 0.911348 0.3438014 0.905727 0.3437614 0.910923 0.3809914 0.849559 0.3808715 0.875016 0.3474214 0.885369 0.3326714 0.875016 0.3327913 0.849559 0.3375814 0.875016 0.3377014 0.849559 0.3786615 0.90504 0.3812115 0.907166 0.3282814 0.906743 0.3309714 0.904431 0.550643 0.624368 0.551038 0.556154 0.33513 0.362101 0.361144 0.419958 0.874405 0.66841 0.874941 0.897674 0.869691 0.887228 0.057555 0.999699 0.167242 0.9997 0.821103 0.341946 0.779759 0.308559 0.792932 0.384524 0.792937 0.615792 0.772385 0.89842 0.77186 0.668971 0.222141 0.866165 0.219081 0.867572 0.218703 0.86316 0.746364 0.896866 0.680277 0.974165 0.697504 0.982636 0.190454 0.990248 0.215978 0.868212 0.198731 0.868093 0.625232 0.012679 0.625213 0.096551 0.315882 0.947186 0.31643 0.95454 0.34775 0.95943 0.340154 0.949502 0.346164 0.966085 0.338912 0.956458 0.401986 0.961347 0.405193 0.931114 0.463147 0.888395 0.458371 0.881526 0.467158 0.88178 0.458785 0.87115 0.494926 0.884625 0.491636 0.881415 0.488679 0.947474 0.483029 0.96048 0.403236 0.878825 0.400533 0.901717 0.469662 0.978815 0.457533 0.984481 0.448622 0.953384 0.429056 0.945564 0.475854 0.96292 0.366231 0.983299 0.354632 0.970546 0.365533 0.990339 0.353209 0.977158 0.251944 0.943405 0.260557 0.950566 0.250892 0.952696 0.259467 0.958302 0.497844 0.888409 0.501757 0.877492 0.497734 0.874509 0.293388 0.94201 0.360936 0.945383 0.354429 0.934113 0.416695 0.851942 0.417996 0.845539 0.263921 0.907597 0.269304 0.918087 0.267363 0.924049 0.480107 0.899495 0.26184 0.903545 0.281202 0.955312 0.281603 0.948455 0.407412 0.865023 0.40095 0.874412 0.347525 0.911348 0.343848 0.905727 0.343807 0.910923 0.381043 0.849559 0.380922 0.875016 0.332717 0.875016 0.332838 0.849559 0.337634 0.875016 0.337755 0.849559 0.868035 0.434584 0.863999 0.434653 0.694555 0.182819 0.617825 0.182725 0.689372 0.178525 0.62301 0.178443 0.928516 0.894368 0.968629 0.894777 0.928215 0.966039 0.96833 0.966598 0.454764 0.143067 0.456682 0.1245 0.503781 0.143327 0.413283 0.419442 0.996649 0.971534 0.122626 0.047389 0.122626 0.013262 0.128669 0.047348 0.128669 0.013222 0.083002 0.128229 0.109922 0.128229 0.091321 0.140317 0.101603 0.140317 0.764789 0.711523 0.748247 0.796355 0.364467 0.905275 0.364219 0.910438 0.328965 0.883472 0.331326 0.886166 0.45251 0.883414 0.3578814 0.905557 0.3611614 0.905323 0.3585014 0.911102 0.3613715 0.910707 0.3632215 0.875016 0.3633414 0.849559 0.3461714 0.875016 0.3462913 0.849559 0.3644214 0.905275 0.3641714 0.910438 0.3289113 0.883472 0.3312813 0.886166 0.550335 0.9995 0.916449 0.667881 0.917073 0.897212 0.055497 0.962332 0.041805 0.962335 0.055494 0.884759 0.041802 0.884762 0.062575 0.884757 0.162222 0.884757 0.7177 0.615809 0.717691 0.384485 0.722962 0.605217 0.87149 0.568891 0.817215 0.568765 0.220387 0.984161 0.198566 0.975543 0.195461 0.976165 0.715092 0.977955 0.685054 0.805163 0.702648 0.800629 0.223893 0.990418 0.19562 0.867436 0.192384 0.977561 0.863908 0.283962 0.867944 0.283857 0.864001 0.297903 0.868035 0.297799 0.248923 0.941362 0.247969 0.951495 0.333285 0.952283 0.332346 0.959698 0.337335 0.963572 0.351385 0.984336 0.344173 0.972686 0.409125 0.932597 0.497655 0.900009 0.488896 0.934796 0.491974 0.939933 0.406251 0.859405 0.447155 0.959387 0.415892 0.8591 0.42572 0.872981 0.428481 0.868597 0.387003 0.989096 0.326642 0.951195 0.271469 0.936735 0.281965 0.941432 0.272719 0.929692 0.305102 0.923206 0.305547 0.930347 0.31479 0.918852 0.380376 0.957004 0.345004 0.922947 0.327377 0.915947 0.49497 0.895884 0.491634 0.904671 0.445644 0.965357 0.421383 0.883377 0.423494 0.878104 0.357934 0.905557 0.36121 0.905323 0.358548 0.911102 0.361424 0.910707 0.363265 0.875016 0.363386 0.849559 0.346222 0.875016 0.346343 0.849559 0.866181 0.307069 0.863298 0.301427 0.928704 0.696323 0.968843 0.69633 0.29493 0.362044 0.079169 0.139904 0.045929 0.139904 0.292259 0.112022 0.292259 0.039722 0.451879 0.623087 5.65e-4 0.999578 0.978025 0.971046 0.976011 0.971152 0.364385 0.885117 0.364201 0.879962 0.379057 0.886133 0.3818114 0.884504 0.3790115 0.886133 0.3493814 0.875016 0.3495014 0.849559 0.3643414 0.885117 0.3641514 0.879962 0.569907 0.032183 0.553035 0.032172 0.819662 0.887445 0.774436 0.289403 0.767047 0.289404 0.774429 0.055532 0.76704 0.055534 0.763854 0.667785 0.722965 0.634762 0.763849 0.620134 0.722963 0.620145 0.871769 0.991977 0.817497 0.991977 0.669643 0.822914 0.187168 0.9798 0.829608 0.421861 0.825563 0.429934 0.687224 0.168173 0.625167 0.168092 0.317196 0.962332 0.40513 0.966086 0.469255 0.902372 0.500162 0.918002 0.478064 0.928342 0.39734 0.899985 0.415454 0.865232 0.444077 0.971898 0.442226 0.978772 0.477795 0.969207 0.388185 0.996593 0.508718 0.898286 0.431495 0.865037 0.336588 0.917584 0.493546 0.873558 0.490041 0.870957 0.488333 0.878131 0.469043 0.92597 0.466493 0.93152 0.368736 0.955207 0.367869 0.962666 0.928183 0.973626 0.9683 0.974189 0.928128 0.987562 0.968248 0.988129 0.802631 0.437685 0.802363 0.563987 0.447364 0.127985 0.447508 0.02152 0.456816 0.025106 0.453301 0.548992 3.27e-4 0.619834 0.451879 0.620646 0.067899 0.072992 0.067898 0.012746 0.077207 0.072992 0.077207 0.012746 0.128669 0.103143 0.122626 0.103184 0.113099 0.10867 0.079824 0.10867 0.027073 0.001189 0.026659 0.138103 0.969975 0.026367 0.970657 0.645179 0.998663 0.971622 0.551044 0.54909 0.525649 0.001405 0.525165 0.138271 0.552709 0.99595 0.552709 0.966021 0.569675 0.995949 0.569675 0.966021 0.3512314 0.885075 0.3508314 0.879453 0.3473114 0.879602 0.3513314 0.905709 0.3657514 0.849559 0.3656314 0.875016 0.747243 0.002439 0.763693 0.002411 0.919905 0.901443 0.919254 0.663585 0.922714 0.901412 0.922063 0.663554 0.221994 0.977742 0.227202 0.980037 0.195619 0.846156 0.868099 0.448517 0.864064 0.448591 0.968217 0.996202 0.928097 0.995633 0.250757 0.932046 0.449278 0.875337 0.496967 0.926969 0.42582 0.950019 0.364993 0.99773 0.32666 0.958764 0.270292 0.943093 0.463054 0.938084 0.351037 0.911345 0.34955 0.849559 0.349429 0.875016 0.968315 0.970393 0.928199 0.969833 0.119875 0.012747 0.119874 0.072995 0.209757 0.112022 0.209757 0.039722 0.553039 0.002409 0.569912 0.00242 0.873769 0.026372 0.874501 0.644882 0.964436 0.01214 0.879514 0.01214 0.814468 0.897996 0.813974 0.668659 0.169303 0.884757 0.169303 0.962331 0.826415 0.055569 0.826417 0.289377 0.710392 0.615809 0.710383 0.384487 0.719861 0.809245 0.968857 0.768139 0.928755 0.767985 0.269237 0.949498 0.274012 0.922425 0.458224 0.942597 0.253361 0.924356 0.381858 0.884504 0.838184 0.56429 0.838423 0.437906 0.122626 0.13731 0.128669 0.13727 0.038335 0.862342 0.038409 0.999405 0.3509914 0.911345 0.551018 0.550625 0.182995 0.884757 0.182995 0.962331 0.763854 0.332526 0.722961 0.365535 0.817495 0.997596 0.871768 0.997596 0.227395 0.863945 0.578232 0.012693 0.578232 0.096578 0.454949 0.006519 0.503967 0.006791 0.079824 0.076103 0.113099 0.076103 0.225099 0.142705 0.276918 0.142705 0.057413 0.075759 0.067685 0.075759 0.038735 0.13825 0.03915 0.001338 0.513089 0.138103 0.513572 0.00123 0.850507 0.289367 0.850504 0.055577</float_array>
          <technique_common>
            <accessor source="#computer_communication_tableShape-map1-array" count="893" stride="2">
              <param name="S" type="float"/>
              <param name="T" type="float"/>
            </accessor>
          </technique_common>
        </source>
        <vertices id="computer_communication_tableShape-vertices" name="computer_communication_tableShape-vertices">
          <input semantic="POSITION" source="#computer_communication_tableShape-positions"/>
        </vertices>
        <triangles material="computer_communication_table_1SG" count="1130">
          <input semantic="VERTEX" source="#computer_communication_tableShape-vertices" offset="0"/>
          <input semantic="NORMAL" source="#computer_communication_tableShape-normals" offset="1"/>
          <input semantic="TEXCOORD" source="#computer_communication_tableShape-map1" offset="2" set="0"/>
          <p>11 0 0 13 1 1 6 2 2 14 3 3 6 4 2 13 5 1 5 6 4 11 7 5 4 8 6 10 9 7 4 10 6 11 11 5 8 12 8 2 13 9 9 14 10 3 15 11 9 16 10 2 17 9 1 18 12 4 19 13 2 20 14 3 21 15 2 22 14 4 23 13 0 24 16 15 25 17 5 26 18 12 27 19 5 28 18 15 29 17 5 30 4 12 31 20 11 32 5 13 33 21 11 34 5 12 35 20 1 36 22 7 37 23 0 38 24 6 39 25 0 40 24 7 41 23 6 42 2 7 43 26 11 44 0 10 45 27 11 46 0 7 47 26 9 48 10 3 49 11 10 50 7 4 51 6 10 52 7 3 53 11 5 54 18 4 55 13 0 56 16 1 57 12 0 58 16 4 59 13 7 60 23 1 61 22 8 62 8 2 63 9 8 64 8 1 65 22 7 66 26 8 67 28 10 68 27 9 69 29 10 70 27 8 71 28 6 72 25 14 73 30 0 74 24 15 75 31 0 76 24 14 77 30 46 78 32 48 79 33 51 80 34 43 81 35 42 82 36 52 83 37 20 84 38 53 85 39 58 86 40 204 87 41 202 88 42 196 89 43 212 90 44 218 91 45 220 92 46 134 93 47 512 94 48 149 95 49 147 96 50 148 97 51 513 98 52 145 99 53 146 100 54 514 101 55 512 102 48 514 103 55 513 104 52 144 105 56 515 106 57 143 107 58 142 108 59 516 109 60 141 110 61 139 111 62 140 112 63 517 113 64 138 114 65 518 115 66 137 116 67 516 117 60 518 118 66 517 119 64 136 120 68 519 121 69 135 122 70 137 123 67 518 124 66 136 125 68 519 126 69 136 127 68 518 128 66 135 129 70 519 130 69 134 131 47 512 132 48 134 133 47 519 134 69 139 135 62 517 136 64 138 137 65 518 138 66 138 139 65 517 140 64 141 141 61 516 142 60 140 143 63 517 144 64 140 145 63 516 146 60 143 147 58 515 148 57 142 149 59 516 150 60 142 151 59 515 152 57 145 153 53 514 154 55 144 155 56 515 156 57 144 157 56 514 158 55 147 159 50 513 160 52 146 161 54 514 162 55 146 163 54 513 164 52 149 165 49 512 166 48 148 167 51 513 168 52 148 169 51 512 170 48 51 171 34 53 172 71 31 173 72 17 174 73 520 175 74 50 176 75 61 177 76 523 178 77 522 179 78 522 180 78 16 181 79 58 182 80 17 183 73 24 184 81 565 185 82 16 186 79 567 187 83 23 188 84 59 189 85 570 190 86 529 191 87 530 192 88 17 193 89 565 194 90 18 195 91 531 196 92 569 197 93 567 198 94 16 199 95 528 200 96 52 201 37 32 202 97 577 203 98 18 204 99 583 205 100 521 206 101 18 207 99 569 208 102 579 209 103 59 210 104 573 211 105 570 212 106 475 213 107 584 214 108 474 215 109 474 216 109 584 217 108 455 218 110 476 219 111 454 220 112 585 221 113 477 222 114 476 223 111 585 224 113 478 225 115 465 226 116 586 227 117 479 228 118 587 229 119 464 230 120 617 231 121 630 232 122 616 233 123 616 234 123 630 235 122 597 236 124 618 237 125 596 238 126 631 239 127 619 240 128 618 241 125 631 242 127 620 243 129 607 244 130 632 245 131 621 246 132 633 247 133 606 248 134 61 249 76 634 250 135 523 251 77 59 252 104 523 253 77 634 254 135 634 255 136 635 256 137 576 257 138 577 258 139 576 259 138 635 260 137 577 261 139 635 262 137 56 263 140 26 264 141 21 265 142 19 266 143 50 267 144 19 268 143 21 269 142 40 270 145 41 271 146 48 272 33 43 273 35 48 274 33 41 275 146 67 276 147 65 277 148 68 278 149 62 279 150 68 280 149 65 281 148 78 282 151 75 283 152 79 284 153 77 285 154 79 286 153 75 287 152 87 288 155 90 289 156 88 290 157 93 291 158 88 292 157 90 293 156 94 294 159 95 295 160 97 296 161 96 297 162 97 298 161 95 299 160 105 300 163 102 301 164 109 302 165 106 303 166 109 304 165 102 305 164 112 306 167 110 307 168 116 308 169 114 309 170 116 310 169 110 311 168 160 312 171 175 313 172 178 314 173 186 315 174 178 316 173 175 317 172 168 318 175 183 319 176 177 320 177 189 321 178 177 322 177 183 323 176 145 324 53 144 325 56 129 326 179 128 327 180 129 328 179 144 329 56 123 330 181 139 331 62 122 332 182 138 333 65 122 334 182 139 335 62 181 336 183 185 337 184 153 338 185 161 339 186 153 340 185 185 341 184 165 342 187 161 343 186 174 344 188 176 345 189 174 346 188 161 347 186 194 348 190 224 349 191 195 350 192 225 351 193 195 352 192 224 353 191 234 354 194 240 355 195 233 356 196 239 357 197 233 358 196 240 359 195 288 360 198 294 361 199 287 362 200 293 363 201 287 364 200 294 365 199 306 366 202 305 367 203 300 368 204 299 369 205 300 370 204 305 371 203 336 372 206 335 373 207 330 374 208 329 375 209 330 376 208 335 377 207 495 378 210 503 379 211 494 380 212 502 381 213 494 382 212 503 383 211 422 384 214 416 385 215 423 386 216 417 387 217 423 388 216 416 389 215 432 390 218 431 391 219 426 392 220 425 393 221 426 394 220 431 395 219 429 396 222 430 397 223 435 398 224 436 399 225 435 400 224 430 401 223 391 402 226 390 403 227 385 404 228 384 405 229 385 406 228 390 407 227 342 408 230 341 409 231 336 410 206 335 411 207 336 412 206 341 413 231 346 414 232 352 415 233 345 416 234 351 417 235 345 418 234 352 419 233 401 420 236 395 421 237 402 422 238 396 423 239 402 424 238 395 425 237 389 426 240 383 427 241 390 428 227 384 429 229 390 430 227 383 431 241 307 432 242 313 433 243 306 434 202 312 435 244 306 436 202 313 437 243 318 438 245 324 439 246 317 440 247 323 441 248 317 442 247 324 443 246 241 444 249 247 445 250 240 446 195 246 447 251 240 448 195 247 449 250 282 450 252 281 451 253 276 452 254 275 453 255 276 454 254 281 455 253 255 456 256 249 457 257 256 458 258 250 459 259 256 460 258 249 461 257 266 462 260 260 463 261 267 464 262 261 465 263 267 466 262 260 467 261 370 468 264 364 469 265 371 470 266 365 471 267 371 472 266 364 473 265 412 474 268 406 475 269 413 476 270 407 477 271 413 478 270 406 479 269 329 480 209 335 481 207 328 482 272 334 483 273 328 484 272 335 485 207 431 486 219 430 487 274 425 488 221 424 489 275 425 490 221 430 491 274 398 492 276 404 493 277 403 494 278 409 495 279 403 496 278 404 497 277 278 498 280 284 499 281 283 500 282 289 501 283 283 502 282 284 503 281 409 504 279 404 505 277 415 506 284 410 507 285 415 508 284 404 509 277 266 510 260 271 511 286 260 512 261 265 513 287 260 514 261 271 515 286 453 516 288 449 517 289 452 518 290 448 519 291 452 520 290 449 521 289 472 522 292 470 523 293 453 524 288 449 525 289 453 526 288 470 527 293 472 528 292 453 529 288 467 530 294 450 531 295 467 532 294 453 533 288 454 534 296 455 535 297 456 536 298 462 537 299 456 538 298 455 539 297 210 540 300 227 541 301 215 542 302 228 543 303 215 544 302 227 545 301 215 546 304 216 547 305 210 548 306 208 549 307 210 550 306 216 551 305 196 552 43 201 553 308 212 554 44 217 555 309 212 556 44 201 557 308 506 558 310 510 559 311 507 560 312 511 561 313 507 562 312 510 563 311 49 564 314 30 565 315 29 566 316 29 567 316 54 568 317 49 569 314 538 570 318 546 571 319 532 572 320 547 573 321 532 574 320 546 575 319 563 576 322 560 577 323 559 578 324 556 579 325 559 580 324 560 581 323 538 582 326 539 583 327 543 584 328 542 585 329 543 586 328 539 587 327 24 588 81 17 589 73 21 590 330 50 591 75 21 592 330 17 593 73 23 594 84 567 595 83 28 596 331 566 597 332 28 598 331 567 599 83 525 600 333 523 601 334 529 602 87 59 603 85 529 604 87 523 605 334 579 606 103 578 607 335 18 608 99 583 609 100 18 610 99 578 611 335 581 612 336 578 613 337 580 614 338 579 615 339 580 616 338 578 617 337 586 618 117 465 619 116 473 620 340 471 621 341 473 622 340 465 623 116 495 624 210 490 625 342 488 626 343 489 627 344 488 628 343 490 629 342 594 630 345 590 631 346 603 632 347 605 633 348 603 634 347 590 635 346 590 636 349 591 637 350 589 638 351 588 639 352 589 640 351 591 641 350 616 642 353 597 643 354 618 644 355 596 645 356 618 646 355 597 647 354 632 648 131 607 649 130 615 650 357 613 651 358 615 652 357 607 653 130 45 654 359 47 655 360 46 656 32 48 657 33 46 658 32 47 659 360 29 660 316 32 661 97 54 662 317 34 663 361 54 664 317 32 665 97 61 666 362 55 667 363 60 668 364 57 669 365 60 670 364 55 671 363 69 672 366 66 673 367 73 674 368 70 675 369 73 676 368 66 677 367 80 678 370 81 679 371 84 680 372 85 681 373 84 682 372 81 683 371 91 684 374 92 685 375 95 686 160 96 687 162 95 688 160 92 689 375 102 690 376 103 691 377 106 692 166 107 693 378 106 694 166 103 695 377 112 696 379 111 697 380 64 698 381 63 699 382 64 700 381 111 701 380 165 702 187 174 703 188 170 704 383 188 705 384 170 706 383 174 707 188 121 708 385 137 709 67 120 710 386 136 711 68 120 712 386 137 713 67 131 714 387 132 715 388 147 716 50 148 717 51 147 718 50 132 719 388 180 720 389 170 721 383 155 722 390 164 723 391 155 724 390 170 725 383 168 726 175 177 727 177 159 728 392 178 729 173 159 730 392 177 731 177 150 732 393 157 733 394 159 734 392 168 735 175 159 736 392 157 737 394 194 738 395 195 739 396 192 740 397 193 741 398 192 742 397 195 743 396 203 744 399 202 745 400 205 746 401 204 747 402 205 748 401 202 749 400 277 750 403 276 751 254 271 752 286 270 753 404 271 754 286 276 755 254 295 756 405 301 757 406 294 758 199 300 759 204 294 760 199 301 761 406 331 762 407 330 763 208 325 764 408 324 765 246 325 766 408 330 767 208 489 768 344 497 769 409 488 770 343 496 771 410 488 772 343 497 773 409 404 774 277 398 775 276 405 776 411 399 777 412 405 778 411 398 779 276 420 780 413 426 781 220 419 782 414 425 783 221 419 784 414 426 785 220 415 786 284 421 787 415 414 788 416 420 789 413 414 790 416 421 791 415 350 792 417 344 793 418 351 794 235 345 795 234 351 796 235 344 797 418 352 798 233 358 799 419 351 800 235 357 801 420 351 802 235 358 803 419 358 804 419 364 805 421 357 806 420 363 807 422 357 808 420 364 809 421 387 810 423 386 811 424 381 812 425 380 813 426 381 814 425 386 815 424 334 816 427 340 817 428 333 818 429 339 819 430 333 820 429 340 821 428 373 822 431 372 823 432 367 824 433 366 825 434 367 826 433 372 827 432 325 828 408 324 829 246 319 830 435 318 831 245 319 832 435 324 833 246 282 834 252 288 835 198 281 836 253 287 837 200 281 838 253 288 839 198 277 840 403 283 841 282 276 842 254 282 843 252 276 844 254 283 845 282 434 846 436 435 847 224 440 848 437 441 849 438 440 850 437 435 851 224 267 852 262 261 853 263 268 854 439 262 855 440 268 856 439 261 857 263 347 858 441 346 859 442 341 860 231 340 861 443 341 862 231 346 863 442 371 864 266 377 865 444 370 866 264 376 867 445 370 868 264 377 869 444 262 870 446 256 871 447 263 872 448 257 873 449 263 874 448 256 875 447 328 876 272 322 877 450 329 878 209 323 879 248 329 880 209 322 881 450 326 882 451 331 883 407 320 884 452 325 885 408 320 886 452 331 887 407 398 888 276 403 889 278 392 890 453 397 891 454 392 892 453 403 893 278 236 894 455 242 895 456 241 896 249 247 897 250 241 898 249 242 899 456 319 900 435 314 901 457 325 902 408 320 903 452 325 904 408 314 905 457 368 906 458 373 907 431 362 908 459 367 909 433 362 910 459 373 911 431 452 912 290 448 913 291 461 914 460 463 915 461 461 916 460 448 917 291 448 918 462 449 919 463 447 920 464 446 921 465 447 922 464 449 923 463 474 924 466 455 925 297 476 926 467 454 927 296 476 928 467 455 929 297 198 930 468 222 931 469 199 932 470 223 933 471 199 934 470 222 935 469 200 936 472 201 937 473 197 938 474 196 939 475 197 940 474 201 941 473 34 942 361 32 943 97 35 944 476 52 945 37 35 946 476 32 947 97 33 948 477 44 949 478 31 950 72 51 951 34 31 952 72 44 953 478 541 954 479 535 955 480 542 956 481 536 957 482 542 958 481 535 959 480 556 960 325 557 961 483 559 962 324 558 963 484 559 964 324 557 965 483 537 966 485 543 967 486 536 968 482 542 969 481 536 970 482 543 971 486 564 972 487 19 973 488 566 974 489 20 975 490 566 976 489 19 977 488 564 978 487 566 979 489 568 980 491 571 981 492 568 982 491 566 983 489 527 984 493 531 985 92 521 986 494 18 987 91 521 988 494 531 989 92 52 990 37 577 991 98 53 992 71 52 993 37 53 994 71 51 995 34 576 996 495 571 997 496 574 998 497 575 999 498 574 1000 497 571 1001 496 585 1002 113 486 1003 499 477 1004 114 484 1005 500 477 1006 114 486 1007 499 479 1008 118 480 1009 501 587 1010 119 482 1011 502 587 1012 119 480 1013 501 609 1014 503 608 1015 504 611 1016 505 610 1017 506 611 1018 505 608 1019 504 619 1020 507 617 1021 508 618 1022 355 616 1023 353 618 1024 355 617 1025 508 615 1026 357 614 1027 509 611 1028 505 609 1029 503 611 1030 505 614 1031 509 620 1032 510 621 1033 511 607 1034 512 606 1035 513 607 1036 512 621 1037 511 631 1038 127 628 1039 514 619 1040 128 626 1041 515 619 1042 128 628 1043 514 621 1044 132 622 1045 516 633 1046 133 624 1047 517 633 1048 133 622 1049 516 61 1050 362 60 1051 364 634 1052 518 635 1053 519 634 1054 518 60 1055 364 37 1056 520 39 1057 521 41 1058 146 43 1059 35 41 1060 146 39 1061 521 51 1062 34 44 1063 478 46 1064 32 45 1065 359 46 1066 32 44 1067 478 53 1068 39 20 1069 38 50 1070 144 19 1071 143 50 1072 144 20 1073 38 66 1074 522 67 1075 523 70 1076 369 71 1077 524 70 1078 369 67 1079 523 81 1080 371 80 1081 370 76 1082 525 74 1083 526 76 1084 525 80 1085 370 89 1086 527 86 1087 528 91 1088 374 92 1089 375 91 1090 374 86 1091 528 102 1092 376 99 1093 529 101 1094 530 101 1095 530 103 1096 377 102 1097 376 110 1098 168 112 1099 167 62 1100 531 64 1101 532 62 1102 531 112 1103 167 162 1104 533 173 1105 534 185 1106 184 187 1107 535 185 1108 184 173 1109 534 129 1110 179 130 1111 536 145 1112 53 146 1113 54 145 1114 53 130 1115 536 135 1116 70 134 1117 47 119 1118 537 118 1119 538 119 1120 537 134 1121 47 179 1122 539 183 1123 176 157 1124 394 168 1125 175 157 1126 394 183 1127 176 173 1128 534 175 1129 172 163 1130 540 160 1131 171 163 1132 540 175 1133 172 174 1134 188 176 1135 189 166 1136 541 163 1137 540 166 1138 541 176 1139 189 195 1140 192 225 1141 193 211 1142 542 226 1143 543 211 1144 542 225 1145 193 272 1146 544 266 1147 260 273 1148 545 267 1149 262 273 1150 545 266 1151 260 296 1152 546 290 1153 547 297 1154 548 291 1155 549 297 1156 548 290 1157 547 320 1158 452 321 1159 550 326 1160 451 327 1161 551 326 1162 451 321 1163 550 491 1164 552 492 1165 553 499 1166 554 500 1167 555 499 1168 554 492 1169 553 432 1170 218 438 1171 556 431 1172 219 437 1173 557 431 1174 219 438 1175 556 405 1176 411 399 1177 412 406 1178 558 400 1179 559 406 1180 558 399 1181 412 414 1182 416 420 1183 413 413 1184 270 419 1185 414 413 1186 270 420 1187 413 338 1188 560 332 1189 561 339 1190 430 333 1191 429 339 1192 430 332 1193 561 387 1194 423 381 1195 425 388 1196 562 382 1197 563 388 1198 562 381 1199 425 372 1200 432 378 1201 564 371 1202 266 377 1203 444 371 1204 266 378 1205 564 362 1206 459 363 1207 422 368 1208 458 369 1209 565 368 1210 458 363 1211 422 366 1212 434 372 1213 432 365 1214 267 371 1215 266 365 1216 267 372 1217 432 393 1218 566 399 1219 412 392 1220 453 398 1221 276 392 1222 453 399 1223 412 308 1224 567 302 1225 568 309 1226 569 303 1227 570 309 1228 569 302 1229 568 236 1230 455 237 1231 571 242 1232 456 243 1233 572 242 1234 456 237 1235 571 237 1236 571 238 1237 573 243 1238 572 244 1239 574 243 1240 572 238 1241 573 439 1242 575 445 1243 576 438 1244 556 444 1245 577 438 1246 556 445 1247 576 271 1248 286 270 1249 404 265 1250 287 264 1251 578 265 1252 287 270 1253 404 305 1254 203 304 1255 579 299 1256 205 298 1257 580 299 1258 205 304 1259 579 347 1260 441 353 1261 581 346 1262 442 352 1263 582 346 1264 442 353 1265 581 238 1266 583 239 1267 197 244 1268 584 245 1269 585 244 1270 584 239 1271 197 412 1272 268 413 1273 270 418 1274 586 419 1275 414 418 1276 586 413 1277 270 233 1278 196 239 1279 197 232 1280 587 238 1281 583 232 1282 587 239 1283 197 260 1284 261 265 1285 287 254 1286 588 259 1287 589 254 1288 588 265 1289 287 349 1290 590 343 1291 591 344 1292 418 338 1293 560 344 1294 418 343 1295 591 386 1296 424 391 1297 226 380 1298 426 385 1299 228 380 1300 426 391 1301 226 308 1302 567 313 1303 243 302 1304 568 307 1305 242 302 1306 568 313 1307 243 467 1308 294 466 1309 592 469 1310 593 468 1311 594 469 1312 593 466 1313 592 477 1314 595 475 1315 596 476 1316 467 474 1317 466 476 1318 467 475 1319 596 473 1320 340 472 1321 292 469 1322 593 467 1323 294 469 1324 593 472 1325 292 478 1326 597 479 1327 598 465 1328 599 464 1329 600 465 1330 599 479 1331 598 214 1332 601 213 1333 602 215 1334 304 216 1335 305 215 1336 304 213 1337 602 222 1338 603 229 1339 604 223 1340 605 228 1341 606 223 1342 605 229 1343 604 207 1344 607 209 1345 608 206 1346 609 208 1347 610 206 1348 609 209 1349 608 505 1350 611 509 1351 612 506 1352 613 510 1353 311 506 1354 613 509 1355 612 37 1356 520 54 1357 317 38 1358 614 39 1359 521 37 1360 520 38 1361 614 530 1362 88 531 1363 92 526 1364 615 527 1365 493 526 1366 615 531 1367 92 548 1368 616 549 1369 617 551 1370 618 550 1371 619 551 1372 618 549 1373 617 533 1374 620 536 1375 621 534 1376 622 535 1377 623 534 1378 622 536 1379 621 569 1380 93 531 1381 92 530 1382 88 565 1383 90 569 1384 93 530 1385 88 50 1386 75 583 1387 100 30 1388 315 29 1389 316 30 1390 315 583 1391 100 577 1392 139 583 1393 624 576 1394 138 582 1395 625 576 1396 138 583 1397 624 585 1398 113 454 1399 112 457 1400 626 456 1401 627 457 1402 626 454 1403 112 478 1404 115 586 1405 117 481 1406 628 483 1407 629 481 1408 628 586 1409 117 491 1410 552 494 1411 212 492 1412 553 493 1413 630 492 1414 553 494 1415 212 593 1416 631 601 1417 632 589 1418 633 600 1419 634 589 1420 633 601 1421 632 605 1422 635 590 1423 349 600 1424 636 589 1425 351 600 1426 636 590 1427 349 613 1428 637 607 1429 512 610 1430 638 606 1431 513 610 1432 638 607 1433 512 631 1434 127 596 1435 126 599 1436 639 598 1437 640 599 1438 639 596 1439 126 620 1440 129 632 1441 131 623 1442 641 625 1443 642 623 1444 641 632 1445 131 573 1446 105 59 1447 104 572 1448 643 634 1449 135 572 1450 643 59 1451 104 31 1452 72 30 1453 315 33 1454 477 49 1455 314 33 1456 477 30 1457 315 51 1458 34 48 1459 33 52 1460 37 43 1461 35 52 1462 37 48 1463 33 66 1464 522 63 1465 644 67 1466 523 65 1467 645 67 1468 523 63 1469 644 81 1470 646 76 1471 647 78 1472 648 75 1473 649 78 1474 648 76 1475 647 82 1476 650 83 1477 651 85 1478 373 84 1479 372 85 1480 373 83 1481 651 93 1482 158 90 1483 156 97 1484 161 94 1485 159 97 1486 161 90 1487 156 104 1488 652 105 1489 653 108 1490 654 109 1491 165 108 1492 654 105 1493 653 111 1494 380 112 1495 379 115 1496 655 116 1497 656 115 1498 655 112 1499 379 159 1500 392 178 1501 173 184 1502 657 186 1503 174 184 1504 657 178 1505 173 167 1506 658 177 1507 177 171 1508 659 189 1509 178 171 1510 659 177 1511 177 149 1512 49 133 1513 660 134 1514 47 118 1515 538 134 1516 47 133 1517 660 141 1518 61 125 1519 661 142 1520 59 126 1521 662 142 1522 59 125 1523 661 182 1524 663 150 1525 393 184 1526 657 159 1527 392 184 1528 657 150 1529 393 164 1530 391 172 1531 664 169 1532 665 171 1533 659 169 1534 665 172 1535 664 203 1536 666 205 1537 667 197 1538 668 198 1539 669 197 1540 668 205 1541 667 231 1542 670 232 1543 671 237 1544 571 238 1545 573 237 1546 571 232 1547 671 285 1548 672 286 1549 673 291 1550 549 292 1551 674 291 1552 549 286 1553 673 303 1554 570 297 1555 548 304 1556 675 298 1557 676 304 1558 675 297 1559 548 333 1560 429 327 1561 551 334 1562 427 328 1563 677 334 1564 427 327 1565 551 488 1566 343 496 1567 410 495 1568 210 503 1569 211 495 1570 210 496 1571 410 428 1572 678 429 1573 222 434 1574 436 435 1575 224 434 1576 436 429 1577 222 411 1578 679 405 1579 411 412 1580 680 406 1581 558 412 1582 680 405 1583 411 416 1584 215 410 1585 285 417 1586 217 411 1587 679 417 1588 217 410 1589 285 403 1590 278 402 1591 238 397 1592 454 396 1593 239 397 1594 454 402 1595 238 342 1596 230 343 1597 591 348 1598 681 349 1599 590 348 1600 681 343 1601 591 372 1602 432 373 1603 431 378 1604 564 379 1605 682 378 1606 564 373 1607 431 354 1608 683 360 1609 684 353 1610 581 359 1611 685 353 1612 581 360 1613 684 395 1614 237 389 1615 240 396 1616 239 390 1617 227 396 1618 239 389 1619 240 314 1620 457 308 1621 567 315 1622 686 309 1623 569 315 1624 686 308 1625 567 314 1626 457 315 1627 686 320 1628 452 321 1629 550 320 1630 452 315 1631 686 240 1632 195 246 1633 251 239 1634 197 245 1635 585 239 1636 197 246 1637 251 278 1638 280 279 1639 687 284 1640 281 285 1641 672 284 1642 281 279 1643 687 252 1644 688 258 1645 689 251 1646 690 257 1647 449 251 1648 690 258 1649 689 264 1650 578 263 1651 448 258 1652 689 257 1653 449 258 1654 689 263 1655 448 268 1656 691 269 1657 692 274 1658 693 275 1659 255 274 1660 693 269 1661 692 317 1662 247 323 1663 248 316 1664 694 322 1665 450 316 1666 694 323 1667 248 292 1668 695 293 1669 201 298 1670 580 299 1671 205 298 1672 580 293 1673 201 280 1674 696 274 1675 693 281 1676 253 275 1677 255 281 1678 253 274 1679 693 433 1680 697 427 1681 698 428 1682 678 422 1683 214 428 1684 678 427 1685 698 380 1686 426 385 1687 228 374 1688 699 379 1689 682 374 1690 699 385 1691 228 427 1692 698 421 1693 415 422 1694 214 416 1695 215 422 1696 214 421 1697 415 362 1698 459 367 1699 433 356 1700 700 361 1701 701 356 1702 700 367 1703 433 373 1704 431 368 1705 458 379 1706 682 374 1707 699 379 1708 682 368 1709 458 451 1710 702 459 1711 703 447 1712 704 458 1713 705 447 1714 704 459 1715 703 463 1716 706 448 1717 462 458 1718 707 447 1719 464 458 1720 707 448 1721 462 471 1722 708 465 1723 599 468 1724 709 464 1725 600 468 1726 709 465 1727 599 198 1728 669 199 1729 710 197 1730 668 200 1731 711 197 1732 668 199 1733 710 201 1734 473 200 1735 472 190 1736 712 192 1737 713 190 1738 712 200 1739 472 220 1740 46 204 1741 41 212 1742 44 196 1743 43 212 1744 44 204 1745 41 47 1746 360 45 1747 359 36 1748 714 45 1749 359 49 1750 314 36 1751 714 543 1752 328 545 1753 715 538 1754 326 546 1755 716 538 1756 326 545 1757 715 562 1758 717 563 1759 322 558 1760 718 559 1761 324 558 1762 718 563 1763 322 522 1764 78 58 1765 80 55 1766 719 55 1767 719 61 1768 76 522 1769 78 23 1770 84 22 1771 720 16 1772 79 58 1773 80 16 1774 79 22 1775 720 524 1776 721 528 1777 96 522 1778 722 16 1779 95 522 1780 722 528 1781 96 583 1782 100 50 1783 75 521 1784 101 520 1785 74 521 1786 101 50 1787 75 573 1788 105 575 1789 498 570 1790 106 571 1791 496 570 1792 106 575 1793 498 584 1794 108 460 1795 723 455 1796 110 462 1797 724 455 1798 110 460 1799 723 487 1800 725 486 1801 499 584 1802 108 585 1803 113 584 1804 108 486 1805 499 482 1806 502 483 1807 629 587 1808 119 586 1809 117 587 1810 119 483 1811 629 601 1812 632 599 1813 639 600 1814 634 598 1815 640 600 1816 634 599 1817 639 626 1818 515 628 1819 514 627 1820 726 629 1821 727 627 1822 726 628 1823 514 591 1824 350 612 1825 728 588 1826 352 608 1827 729 588 1828 352 612 1829 728 630 1830 122 602 1831 730 597 1832 124 604 1833 731 597 1834 124 602 1835 730 629 1836 727 628 1837 514 630 1838 122 631 1839 127 630 1840 122 628 1841 514 624 1842 517 625 1843 642 633 1844 133 632 1845 131 633 1846 133 625 1847 642 48 1848 33 47 1849 360 40 1850 145 36 1851 714 40 1852 145 47 1853 360 27 1854 732 20 1855 38 22 1856 733 58 1857 40 22 1858 733 20 1859 38 67 1860 147 68 1861 149 71 1862 524 72 1863 734 71 1864 524 68 1865 149 78 1866 151 79 1867 153 82 1868 650 83 1869 651 82 1870 650 79 1871 153 92 1872 735 86 1873 736 93 1874 737 88 1875 738 93 1876 737 86 1877 736 101 1878 739 98 1879 740 103 1880 741 104 1881 742 103 1882 741 98 1883 740 113 1884 743 110 1885 744 65 1886 148 62 1887 150 65 1888 148 110 1889 744 163 1890 540 176 1891 189 173 1892 534 187 1893 535 173 1894 534 176 1895 189 139 1896 62 123 1897 181 140 1898 63 124 1899 745 140 1900 63 123 1901 181 122 1902 182 138 1903 65 121 1904 385 137 1905 67 121 1906 385 138 1907 65 179 1908 539 156 1909 746 183 1910 176 169 1911 665 183 1912 176 156 1913 746 167 1914 658 166 1915 541 160 1916 171 163 1917 540 160 1918 171 166 1919 541 177 1920 177 167 1921 658 178 1922 173 160 1923 171 178 1924 173 167 1925 658 210 1926 306 208 1927 307 211 1928 747 209 1929 748 211 1930 747 208 1931 307 225 1932 193 224 1933 749 226 1934 543 227 1935 750 226 1936 543 224 1937 749 273 1938 545 267 1939 262 274 1940 751 268 1941 439 274 1942 751 267 1943 262 291 1944 549 292 1945 674 297 1946 548 298 1947 676 297 1948 548 292 1949 674 327 1950 551 321 1951 550 328 1952 677 322 1953 752 328 1954 677 321 1955 550 497 1956 409 489 1957 344 498 1958 753 490 1959 342 498 1960 753 489 1961 344 439 1962 575 438 1963 556 433 1964 697 432 1965 218 433 1966 697 438 1967 556 429 1968 222 423 1969 216 430 1970 223 424 1971 754 430 1972 223 423 1973 216 409 1974 279 408 1975 755 403 1976 278 402 1977 238 403 1978 278 408 1979 755 336 1980 206 337 1981 756 342 1982 230 343 1983 591 342 1984 230 337 1985 756 348 1986 681 349 1987 590 354 1988 683 355 1989 757 354 1990 683 349 1991 590 383 1992 241 377 1993 444 384 1994 229 378 1995 564 384 1996 229 377 1997 444 381 1998 425 375 1999 758 382 2000 563 376 2001 759 382 2002 563 375 2003 758 367 2004 433 366 2005 434 361 2006 701 360 2007 684 361 2008 701 366 2009 434 399 2010 412 393 2011 566 400 2012 559 394 2013 760 400 2014 559 393 2015 566 321 2016 550 315 2017 686 322 2018 752 316 2019 761 322 2020 752 315 2021 686 283 2022 282 289 2023 283 282 2024 252 288 2025 198 282 2026 252 289 2027 283 246 2028 251 252 2029 688 245 2030 585 251 2031 690 245 2032 585 252 2033 688 435 2034 224 436 2035 225 441 2036 438 442 2037 762 441 2038 438 436 2039 225 264 2040 578 270 2041 404 263 2042 448 269 2043 692 263 2044 448 270 2045 404 353 2046 581 359 2047 685 352 2048 582 358 2049 763 352 2050 582 359 2051 685 280 2052 696 281 2053 253 286 2054 764 287 2055 200 286 2056 764 281 2057 253 443 2058 765 442 2059 766 437 2060 557 436 2061 767 437 2062 557 442 2063 766 400 2064 768 394 2065 769 401 2066 236 395 2067 237 401 2068 236 394 2069 769 310 2070 770 304 2071 579 311 2072 771 305 2073 203 311 2074 771 304 2075 579 439 2076 575 433 2077 697 434 2078 436 428 2079 678 434 2080 436 433 2081 697 284 2082 281 290 2083 547 289 2084 283 295 2085 405 289 2086 283 290 2087 547 266 2088 260 272 2089 544 271 2090 286 277 2091 403 271 2092 286 272 2093 544 307 2094 242 301 2095 406 302 2096 568 296 2097 546 302 2098 568 301 2099 406 472 2100 292 473 2101 340 470 2102 293 471 2103 341 470 2104 293 473 2105 340 451 2106 702 452 2107 290 459 2108 703 461 2109 460 459 2110 703 452 2111 290 461 2112 460 460 2113 723 459 2114 703 457 2115 626 459 2116 703 460 2117 723 199 2118 470 223 2119 471 194 2120 190 224 2121 191 194 2122 190 223 2123 471 212 2124 772 213 2125 773 218 2126 774 219 2127 775 218 2128 774 213 2129 773 201 2130 308 190 2131 776 217 2132 309 206 2133 777 217 2134 309 190 2135 776 505 2136 778 504 2137 779 509 2138 612 508 2139 780 509 2140 612 504 2141 779 515 2142 57 514 2143 55 519 2144 69 512 2145 48 519 2146 69 514 2147 55 53 2148 71 57 2149 781 58 2150 782 55 2151 783 58 2152 782 57 2153 781 539 2154 784 533 2155 785 540 2156 786 534 2157 787 540 2158 786 533 2159 785 555 2160 788 552 2161 789 551 2162 618 548 2163 616 551 2164 618 552 2165 789 537 2166 790 536 2167 621 532 2168 791 533 2169 620 532 2170 791 536 2171 621 24 2172 81 25 2173 792 565 2174 82 564 2175 793 565 2176 82 25 2177 792 569 2178 794 565 2179 795 568 2180 491 564 2181 487 568 2182 491 565 2183 795 526 2184 615 520 2185 796 530 2186 88 17 2187 89 530 2188 88 520 2189 796 56 2190 797 57 2191 781 577 2192 98 53 2193 71 577 2194 98 57 2195 781 579 2196 103 569 2197 102 580 2198 798 568 2199 799 580 2200 798 569 2201 102 573 2202 800 572 2203 801 575 2204 802 574 2205 803 575 2206 802 572 2207 801 587 2208 119 469 2209 593 464 2210 120 468 2211 594 464 2212 120 469 2213 593 595 2214 804 591 2215 805 594 2216 345 590 2217 346 594 2218 345 591 2219 805 614 2220 509 612 2221 806 595 2222 804 591 2223 805 595 2224 804 612 2225 806 614 2226 509 595 2227 804 609 2228 503 592 2229 807 609 2230 503 595 2231 804 596 2232 356 597 2233 354 598 2234 808 604 2235 809 598 2236 808 597 2237 354 633 2238 133 611 2239 505 606 2240 134 610 2241 506 606 2242 134 611 2243 505 574 2244 803 572 2245 801 576 2246 138 634 2247 136 576 2248 138 572 2249 801 26 2250 141 25 2251 810 21 2252 142 24 2253 811 21 2254 142 25 2255 810 50 2256 75 30 2257 315 53 2258 71 31 2259 72 53 2260 71 30 2261 315 69 2262 366 64 2263 381 66 2264 367 63 2265 382 66 2266 367 64 2267 381 70 2268 369 71 2269 524 73 2270 368 72 2271 734 73 2272 368 71 2273 524 81 2274 646 78 2275 648 85 2276 373 82 2277 650 85 2278 373 78 2279 648 92 2280 735 93 2281 737 96 2282 162 97 2283 161 96 2284 162 93 2285 737 103 2286 741 104 2287 742 107 2288 378 108 2289 654 107 2290 378 104 2291 742 113 2292 812 111 2293 813 117 2294 814 115 2295 815 117 2296 814 111 2297 813 158 2298 816 184 2299 657 175 2300 172 186 2301 174 175 2302 172 184 2303 657 166 2304 541 172 2305 664 174 2306 188 188 2307 384 174 2308 188 172 2309 664 130 2310 536 131 2311 387 146 2312 54 147 2313 50 146 2314 54 131 2315 387 135 2316 70 119 2317 537 136 2318 68 120 2319 386 136 2320 68 119 2321 537 182 2322 663 184 2323 657 151 2324 817 158 2325 816 151 2326 817 184 2327 657 162 2328 533 158 2329 816 173 2330 534 175 2331 172 173 2332 534 158 2333 816 153 2334 185 161 2335 186 154 2336 818 165 2337 187 154 2338 818 161 2339 186 214 2340 601 221 2341 819 213 2342 602 219 2343 820 213 2344 602 221 2345 819 221 2346 821 220 2347 822 219 2348 775 218 2349 774 219 2350 775 220 2351 822 230 2352 823 231 2353 670 236 2354 455 237 2355 571 236 2356 455 231 2357 670 284 2358 281 285 2359 672 290 2360 547 291 2361 549 290 2362 547 285 2363 672 302 2364 568 296 2365 546 303 2366 570 297 2367 548 303 2368 570 296 2369 546 332 2370 561 326 2371 451 333 2372 429 327 2373 551 333 2374 429 326 2375 451 493 2376 630 494 2377 212 501 2378 824 502 2379 213 501 2380 824 494 2381 212 411 2382 679 412 2383 680 417 2384 217 418 2385 825 417 2386 217 412 2387 680 417 2388 217 418 2389 825 423 2390 216 424 2391 754 423 2392 216 418 2393 825 415 2394 284 414 2395 416 409 2396 279 408 2397 755 409 2398 279 414 2399 416 387 2400 423 388 2401 562 393 2402 566 394 2403 760 393 2404 566 388 2405 562 354 2406 683 355 2407 757 360 2408 684 361 2409 701 360 2410 684 355 2411 757 381 2412 425 380 2413 426 375 2414 758 374 2415 699 375 2416 758 380 2417 426 393 2418 566 392 2419 453 387 2420 423 386 2421 424 387 2422 423 392 2423 453 370 2424 826 376 2425 759 369 2426 565 375 2427 758 369 2428 565 376 2429 759 315 2430 686 309 2431 569 316 2432 761 310 2433 827 316 2434 761 309 2435 569 312 2436 244 311 2437 771 306 2438 202 305 2439 203 306 2440 202 311 2441 771 273 2442 545 274 2443 751 279 2444 687 280 2445 828 279 2446 687 274 2447 751 247 2448 250 253 2449 829 246 2450 251 252 2451 688 246 2452 251 253 2453 829 259 2454 589 258 2455 689 253 2456 829 252 2457 688 253 2458 829 258 2459 689 255 2460 256 256 2461 258 261 2462 263 262 2463 440 261 2464 263 256 2465 258 400 2466 768 401 2467 236 406 2468 269 407 2469 271 406 2470 269 401 2471 236 394 2472 769 388 2473 830 395 2474 237 389 2475 240 395 2476 237 388 2477 830 335 2478 207 341 2479 231 334 2480 273 340 2481 443 334 2482 273 341 2483 231 419 2484 414 425 2485 221 418 2486 586 424 2487 275 418 2488 586 425 2489 221 331 2490 407 326 2491 451 337 2492 756 332 2493 561 337 2494 756 326 2495 451 392 2496 453 397 2497 454 386 2498 424 391 2499 226 386 2500 424 397 2501 454 439 2502 575 434 2503 436 445 2504 576 440 2505 437 445 2506 576 434 2507 436 337 2508 756 332 2509 561 343 2510 591 338 2511 560 343 2512 591 332 2513 561 355 2514 757 349 2515 590 350 2516 417 344 2517 418 350 2518 417 349 2519 590 467 2520 294 450 2521 295 466 2522 592 446 2523 831 466 2524 592 450 2525 295 466 2526 832 470 2527 833 468 2528 709 471 2529 708 468 2530 709 470 2531 833 482 2532 502 480 2533 501 483 2534 629 481 2535 628 483 2536 629 480 2537 501 223 2538 605 228 2539 606 224 2540 749 227 2541 750 224 2542 749 228 2543 606 213 2544 773 212 2545 772 216 2546 834 217 2547 835 216 2548 834 212 2549 772 49 2550 314 45 2551 359 33 2552 477 44 2553 478 33 2554 477 45 2555 359 537 2556 485 544 2557 836 543 2558 486 545 2559 837 543 2560 486 544 2561 836 560 2562 323 561 2563 838 556 2564 325 557 2565 839 556 2566 325 561 2567 838 23 2568 840 28 2569 841 22 2570 733 27 2571 732 22 2572 733 28 2573 841 570 2574 842 571 2575 492 567 2576 843 566 2577 489 567 2578 843 571 2579 492 582 2580 844 568 2581 491 576 2582 845 571 2583 492 576 2584 845 568 2585 491 460 2586 723 584 2587 108 457 2588 626 585 2589 113 457 2590 626 584 2591 108 586 2592 117 473 2593 340 587 2594 119 469 2595 593 587 2596 119 473 2597 340 614 2598 509 615 2599 357 612 2600 806 613 2601 358 612 2602 806 615 2603 357 593 2604 631 594 2605 345 601 2606 632 603 2607 347 601 2608 632 594 2609 345 603 2610 347 602 2611 730 601 2612 632 599 2613 639 601 2614 632 602 2615 730 602 2616 730 630 2617 122 599 2618 639 631 2619 127 599 2620 639 630 2621 122 632 2622 131 615 2623 357 633 2624 133 611 2625 505 633 2626 133 615 2627 357 43 2628 35 39 2629 521 42 2630 36 38 2631 614 42 2632 36 39 2633 521 52 2634 37 42 2635 36 35 2636 476 38 2637 614 35 2638 476 42 2639 36 68 2640 846 69 2641 847 72 2642 734 73 2643 368 72 2644 734 69 2645 847 79 2646 848 80 2647 849 83 2648 651 84 2649 372 83 2650 651 80 2651 849 90 2652 850 91 2653 851 94 2654 159 95 2655 160 94 2656 159 91 2657 851 104 2658 652 98 2659 852 105 2660 653 100 2661 853 105 2662 653 98 2663 852 111 2664 813 113 2665 812 63 2666 644 65 2667 645 63 2668 644 113 2669 812 164 2670 391 170 2671 383 172 2672 664 188 2673 384 172 2674 664 170 2675 383 143 2676 58 127 2677 854 144 2678 56 128 2679 180 144 2680 56 127 2681 854 143 2682 58 142 2683 59 127 2684 854 126 2685 662 127 2686 854 142 2687 59 180 2688 389 154 2689 818 170 2690 383 165 2691 187 170 2692 383 154 2693 818 171 2694 659 172 2695 664 167 2696 658 166 2697 541 167 2698 658 172 2699 664 156 2700 746 155 2701 390 169 2702 665 164 2703 391 169 2704 665 155 2705 390 193 2706 398 195 2707 396 209 2708 748 211 2709 747 209 2710 748 195 2711 396 209 2712 608 207 2713 607 193 2714 855 191 2715 856 193 2716 855 207 2717 607 276 2718 254 275 2719 255 270 2720 404 269 2721 692 270 2722 404 275 2723 255 300 2724 204 299 2725 205 294 2726 199 293 2727 201 294 2728 199 299 2729 205 324 2730 246 330 2731 208 323 2732 248 329 2733 209 323 2734 248 330 2735 208 492 2736 553 493 2737 630 500 2738 555 501 2739 824 500 2740 555 493 2741 630 422 2742 214 423 2743 216 428 2744 678 429 2745 222 428 2746 678 423 2747 216 427 2748 698 426 2749 220 421 2750 415 420 2751 413 421 2752 415 426 2753 220 410 2754 285 404 2755 277 411 2756 679 405 2757 411 411 2758 679 404 2759 277 369 2760 565 363 2761 422 370 2762 826 364 2763 421 370 2764 826 363 2765 422 340 2766 428 346 2767 232 339 2768 430 345 2769 234 339 2770 430 346 2771 232 397 2772 454 396 2773 239 391 2774 226 390 2775 227 391 2776 226 396 2777 239 350 2778 417 351 2779 235 356 2780 700 357 2781 420 356 2782 700 351 2783 235 344 2784 418 338 2785 560 345 2786 234 339 2787 430 345 2788 234 338 2789 560 360 2790 684 366 2791 434 359 2792 685 365 2793 267 359 2794 685 366 2795 434 318 2796 245 317 2797 247 312 2798 244 311 2799 771 312 2800 244 317 2801 247 242 2802 456 243 2803 572 248 2804 857 249 2805 257 248 2806 857 243 2807 572 279 2808 687 280 2809 828 285 2810 672 286 2811 673 285 2812 672 280 2813 828 438 2814 556 444 2815 577 437 2816 557 443 2817 765 437 2818 557 444 2819 577 259 2820 589 265 2821 287 258 2822 689 264 2823 578 258 2824 689 265 2825 287 262 2826 446 263 2827 448 268 2828 691 269 2829 692 268 2830 691 263 2831 448 250 2832 858 244 2833 584 251 2834 690 245 2835 585 251 2836 690 244 2837 584 250 2838 858 251 2839 690 256 2840 447 257 2841 449 256 2842 447 251 2843 690 382 2844 859 376 2845 445 383 2846 241 377 2847 444 383 2848 241 376 2849 445 286 2850 764 287 2851 200 292 2852 695 293 2853 201 292 2854 695 287 2855 200 230 2856 823 236 2857 455 235 2858 860 241 2859 249 235 2860 860 236 2861 455 254 2862 588 259 2863 589 248 2864 857 253 2865 829 248 2866 857 259 2867 589 410 2868 285 416 2869 215 415 2870 284 421 2871 415 415 2872 284 416 2873 215 355 2874 757 350 2875 417 361 2876 701 356 2877 700 361 2878 701 350 2879 417 459 2880 703 457 2881 626 458 2882 705 456 2883 627 458 2884 705 457 2885 626 484 2886 500 486 2887 499 485 2888 861 487 2889 725 485 2890 861 486 2891 499 449 2892 463 470 2893 833 446 2894 465 466 2895 832 446 2896 465 470 2897 833 199 2898 710 194 2899 395 200 2900 711 192 2901 397 200 2902 711 194 2903 395 202 2904 400 203 2905 399 196 2906 475 197 2907 474 196 2908 475 203 2909 399 207 2910 862 206 2911 777 191 2912 863 190 2913 776 191 2914 863 206 2915 777 509 2916 612 508 2917 780 511 2918 313 511 2919 313 510 2920 311 509 2921 612 515 2922 57 519 2923 69 516 2924 60 518 2925 66 516 2926 60 519 2927 69 38 2928 614 54 2929 317 34 2930 361 35 2931 476 38 2932 614 34 2933 361 540 2934 786 534 2935 787 541 2936 479 535 2937 480 541 2938 479 534 2939 787 552 2940 789 555 2941 788 553 2942 864 554 2943 865 553 2944 864 555 2945 788 533 2946 785 539 2947 784 532 2948 320 538 2949 318 532 2950 320 539 2951 784 566 2952 332 20 2953 866 28 2954 331 27 2955 867 28 2956 331 20 2957 866 528 2958 96 529 2959 87 570 2960 86 570 2961 86 567 2962 94 528 2963 96 521 2964 494 520 2965 796 526 2966 615 526 2967 615 527 2968 493 521 2969 494 603 2970 347 605 2971 348 602 2972 730 604 2973 731 602 2974 730 605 2975 348 592 2976 807 593 2977 631 588 2978 868 589 2979 633 588 2980 868 593 2981 631 592 2982 807 595 2983 804 593 2984 631 594 2985 345 593 2986 631 595 2987 804 598 2988 808 604 2989 809 600 2990 636 605 2991 635 600 2992 636 604 2993 809 60 2994 364 57 2995 365 635 2996 519 56 2997 869 635 2998 519 57 2999 365 36 3000 714 37 3001 520 40 3002 145 41 3003 146 40 3004 145 37 3005 520 68 3006 846 62 3007 531 69 3008 847 64 3009 532 69 3010 847 62 3011 531 79 3012 848 77 3013 870 80 3014 849 74 3015 871 80 3016 849 77 3017 870 99 3018 872 102 3019 164 100 3020 873 105 3021 163 100 3022 873 102 3023 164 106 3024 166 107 3025 378 109 3026 165 108 3027 654 109 3028 165 107 3029 378 110 3030 744 113 3031 743 114 3032 874 117 3033 875 114 3034 874 113 3035 743 161 3036 186 185 3037 184 176 3038 189 187 3039 535 176 3040 189 185 3041 184 169 3042 665 171 3043 659 183 3044 176 189 3045 178 183 3046 176 171 3047 659 141 3048 61 140 3049 63 125 3050 661 124 3051 745 125 3052 661 140 3053 63 132 3054 388 133 3055 660 148 3056 51 149 3057 49 148 3058 51 133 3059 660 181 3060 183 152 3061 876 185 3062 184 162 3063 533 185 3064 184 152 3065 876 151 3066 817 158 3067 816 152 3068 876 162 3069 533 152 3070 876 158 3071 816 211 3072 542 226 3073 543 210 3074 300 227 3075 301 210 3076 300 226 3077 543 235 3078 860 241 3079 249 234 3080 194 240 3081 195 234 3082 194 241 3083 249 289 3084 283 295 3085 405 288 3086 198 294 3087 199 288 3088 198 295 3089 405 307 3090 242 306 3091 202 301 3092 406 300 3093 204 301 3094 406 306 3095 202 337 3096 756 336 3097 206 331 3098 407 330 3099 208 331 3100 407 336 3101 206 499 3102 554 498 3103 753 491 3104 552 490 3105 342 491 3106 552 498 3107 753 427 3108 698 433 3109 697 426 3110 220 432 3111 218 426 3112 220 433 3113 697 408 3114 755 407 3115 271 402 3116 238 401 3117 236 402 3118 238 407 3119 271 414 3120 416 413 3121 270 408 3122 755 407 3123 271 408 3124 755 413 3125 270 368 3126 458 369 3127 565 374 3128 699 375 3129 758 374 3130 699 369 3131 565 354 3132 683 353 3133 581 348 3134 681 347 3135 441 348 3136 681 353 3137 581 356 3138 700 357 3139 420 362 3140 459 363 3141 422 362 3142 459 357 3143 420 348 3144 681 347 3145 441 342 3146 230 341 3147 231 342 3148 230 347 3149 441 385 3150 228 384 3151 229 379 3152 682 378 3153 564 379 3154 682 384 3155 229 319 3156 435 318 3157 245 313 3158 243 312 3159 244 313 3160 243 318 3161 245 303 3162 570 304 3163 675 309 3164 569 310 3165 827 309 3166 569 304 3167 675 278 3168 280 272 3169 544 279 3170 687 273 3171 545 279 3172 687 272 3173 544 243 3174 572 244 3175 574 249 3176 257 250 3177 259 249 3178 257 244 3179 574 260 3180 261 254 3181 588 261 3182 263 255 3183 256 261 3184 263 254 3185 588 248 3186 857 249 3187 257 254 3188 588 255 3189 256 254 3190 588 249 3191 257 431 3192 219 437 3193 557 430 3194 274 436 3195 767 430 3196 274 437 3197 557 364 3198 265 358 3199 763 365 3200 267 359 3201 685 365 3202 267 358 3203 763 388 3204 830 382 3205 859 389 3206 240 383 3207 241 389 3208 240 382 3209 859 317 3210 247 316 3211 694 311 3212 771 310 3213 770 311 3214 771 316 3215 694 242 3216 456 248 3217 857 247 3218 250 253 3219 829 247 3220 250 248 3221 857 278 3222 280 283 3223 282 272 3224 544 277 3225 403 272 3226 544 283 3227 282 319 3228 435 313 3229 243 314 3230 457 308 3231 567 314 3232 457 313 3233 243 290 3234 547 296 3235 546 295 3236 405 301 3237 406 295 3238 405 296 3239 546 461 3240 460 463 3241 461 460 3242 723 462 3243 724 460 3244 723 463 3245 461 450 3246 295 451 3247 702 446 3248 831 447 3249 704 446 3250 831 451 3251 702 450 3252 295 453 3253 288 451 3254 702 452 3255 290 451 3256 702 453 3257 288 456 3258 298 462 3259 299 458 3260 707 463 3261 706 458 3262 707 462 3263 299 215 3264 302 228 3265 303 214 3266 877 229 3267 878 214 3268 877 228 3269 303 206 3270 609 208 3271 610 217 3272 835 216 3273 834 217 3274 835 208 3275 610 190 3276 712 192 3277 713 191 3278 856 193 3279 855 191 3280 856 192 3281 713 504 3282 879 507 3283 880 508 3284 780 511 3285 313 508 3286 780 507 3287 880 37 3288 520 49 3289 314 54 3290 317 37 3291 520 36 3292 714 49 3293 314 529 3294 87 528 3295 96 525 3296 333 524 3297 721 525 3298 333 528 3299 96 532 3300 791 547 3301 881 537 3302 790 544 3303 882 537 3304 790 547 3305 881 561 3306 883 563 3307 322 562 3308 884 563 3309 322 561 3310 883 560 3311 323 539 3312 327 540 3313 885 542 3314 329 541 3315 886 542 3316 329 540 3317 885 19 3318 887 564 3319 793 26 3320 888 25 3321 792 26 3322 888 564 3323 793 523 3324 334 525 3325 333 524 3326 721 524 3327 721 522 3328 722 523 3329 334 583 3330 100 577 3331 98 29 3332 316 32 3333 97 29 3334 316 577 3335 98 568 3336 799 582 3337 889 580 3338 798 581 3339 890 580 3340 798 582 3341 889 581 3342 336 582 3343 625 578 3344 337 583 3345 624 578 3346 337 582 3347 625 584 3348 108 475 3349 107 487 3350 725 485 3351 861 487 3352 725 475 3353 107 495 3354 210 494 3355 212 490 3356 342 491 3357 552 490 3358 342 494 3359 212 609 3360 503 592 3361 807 608 3362 504 588 3363 868 608 3364 504 592 3365 807 608 3366 729 612 3367 728 610 3368 638 613 3369 637 610 3370 638 612 3371 728 624 3372 517 622 3373 516 625 3374 642 623 3375 641 625 3376 642 622 3377 516 630 3378 122 617 3379 121 629 3380 727 627 3381 726 629 3382 727 617 3383 121 89 3384 891 91 3385 851 90 3386 850 90 3387 850 87 3388 892 89 3389 891</p>
        </triangles>
      </mesh>
      <extra>
        <technique profile="OpenCOLLADAMaya">
          <originalMayaNodeId>computer_communication_tableShape</originalMayaNodeId>
          <double_sided>1</double_sided>
        </technique>
      </extra>
    </geometry>
  </library_geometries>
  <library_visual_scenes>
    <visual_scene id="VisualSceneNode" name="untitled">
      <node id="Geometry-mesh001Node" name="battery_hatch" type="NODE">
        <translate sid="translate">0 0 0</translate>
        <rotate sid="rotateZ">0 0 1 0</rotate>
        <rotate sid="rotateY">0 1 0 0</rotate>
        <rotate sid="rotateX">1 0 0 0</rotate>
        <scale sid="scale">1 1 1</scale>
        <instance_geometry url="#Geometry-mesh001">
          <bind_material>
            <technique_common>
              <instance_material symbol="computer_communication_table_1SG" target="#Material-computer_communication_table">
                <bind_vertex_input semantic="TEX0" input_semantic="TEXCOORD" input_set="0"/>
                <bind_vertex_input semantic="TEX1" input_semantic="TEXCOORD" input_set="0"/>
              </instance_material>
            </technique_common>
          </bind_material>
        </instance_geometry>
        <extra>
          <technique profile="OpenCOLLADAMaya">
            <originalMayaNodeId>battery_hatch</originalMayaNodeId>
          </technique>
        </extra>
      </node>
      <node id="Geometry-mesh002Node" name="wheel" type="NODE">
        <translate sid="translate">0 0 0</translate>
        <scale sid="scale">1 1 1</scale>
        <instance_geometry url="#Geometry-mesh002">
          <bind_material>
            <technique_common>
              <instance_material symbol="computer_communication_table_1SG" target="#Material-computer_communication_table">
                <bind_vertex_input semantic="TEX0" input_semantic="TEXCOORD" input_set="0"/>
                <bind_vertex_input semantic="TEX1" input_semantic="TEXCOORD" input_set="0"/>
              </instance_material>
            </technique_common>
          </bind_material>
        </instance_geometry>
        <extra>
          <technique profile="OpenCOLLADAMaya">
            <originalMayaNodeId>wheel</originalMayaNodeId>
          </technique>
        </extra>
      </node>
      <node id="Geometry-mesh003Node" name="button" type="NODE">
        <translate sid="translate">0 0 0</translate>
        <scale sid="scale">1 1 1</scale>
        <instance_geometry url="#Geometry-mesh003">
          <bind_material>
            <technique_common>
              <instance_material symbol="computer_communication_table_1SG" target="#Material-computer_communication_table">
                <bind_vertex_input semantic="TEX0" input_semantic="TEXCOORD" input_set="0"/>
                <bind_vertex_input semantic="TEX1" input_semantic="TEXCOORD" input_set="0"/>
              </instance_material>
            </technique_common>
          </bind_material>
        </instance_geometry>
        <extra>
          <technique profile="OpenCOLLADAMaya">
            <originalMayaNodeId>button</originalMayaNodeId>
          </technique>
        </extra>
      </node>
      <node id="computer_communication_table" name="computer_communication_table" type="NODE">
        <translate sid="translate">0 0 0</translate>
        <scale sid="scale">1 1 1</scale>
        <instance_geometry url="#computer_communication_tableShape">
          <bind_material>
            <technique_common>
              <instance_material symbol="computer_communication_table_1SG" target="#Material-computer_communication_table">
                <bind_vertex_input semantic="TEX0" input_semantic="TEXCOORD" input_set="0"/>
                <bind_vertex_input semantic="TEX1" input_semantic="TEXCOORD" input_set="0"/>
              </instance_material>
            </technique_common>
          </bind_material>
        </instance_geometry>
        <extra>
          <technique profile="OpenCOLLADAMaya">
            <originalMayaNodeId>computer_communication_table</originalMayaNodeId>
          </technique>
        </extra>
      </node>
    </visual_scene>
  </library_visual_scenes>
  <scene>
    <instance_visual_scene url="#VisualSceneNode"/>
  </scene>
</COLLADA>