<?xml version="1.0" encoding="utf-8"?>
<COLLADA xmlns="http://www.collada.org/2005/11/COLLADASchema" version="1.4.0">
  <asset>
    <contributor>
      <author></author>
      <authoring_tool>FBX COLLADA exporter</authoring_tool>
      <comments></comments>
    </contributor>
    <created>2015-01-21T08:20:27Z</created>
    <modified>2015-01-21T08:20:27Z</modified>
    <revision></revision>
    <title></title>
    <subject></subject>
    <keywords></keywords>
    <unit meter="1.000000"/>
    <up_axis>Y_UP</up_axis>
  </asset>
  <library_images>
    <image id="Map__56-image" name="Map__56">
      <init_from>file://C:\Program Files\Autodesk\3ds Max Design 2011\sceneassets\scenes\Frictional_Games\Props\Station_batch_14\dripbag_bottle_Asset_Files\dripbag_bottle\stations\dripbag_bottle\dripbag_bottle.dds</init_from>
    </image>
    <image id="Map__58-image" name="Map__58">
      <init_from>file://C:\Program Files\Autodesk\3ds Max Design 2011\sceneassets\scenes\Frictional_Games\Props\Station_batch_14\dripbag_bottle_Asset_Files\dripbag_bottle\stations\dripbag_bottle\dripbag_cap</init_from>
    </image>
    <image id="Map__60-image" name="Map__60">
      <init_from>file://C:\Program Files\Autodesk\3ds Max Design 2011\sceneassets\scenes\Frictional_Games\Props\Station_batch_14\dripbag_bottle_Asset_Files\dripbag_bottle\stations\dripbag_bottle\dripbag_cap</init_from>
    </image>
  </library_images>
  <library_materials>
    <material id="bottle" name="bottle">
      <instance_effect url="#bottle-fx"/>
    </material>
    <material id="cap_n_label" name="cap_n_label">
      <instance_effect url="#cap_n_label-fx"/>
    </material>
    <material id="handle" name="handle">
      <instance_effect url="#handle-fx"/>
    </material>
  </library_materials>
  <library_effects>
    <effect id="bottle-fx" name="bottle">
      <profile_COMMON>
        <technique sid="standard">
          <phong>
            <emission>
              <color sid="emission">0.000000  0.000000 0.000000 1.000000</color>
            </emission>
            <ambient>
              <color sid="ambient">0.588000  0.588000 0.588000 1.000000</color>
            </ambient>
            <diffuse>
              <texture texture="Map__56-image" texcoord="CHANNEL0">
                <extra>
                  <technique profile="MAYA">
                    <wrapU sid="wrapU0">TRUE</wrapU>
                    <wrapV sid="wrapV0">TRUE</wrapV>
                    <blend_mode>ADD</blend_mode>
                  </technique>
                </extra>
              </texture>
            </diffuse>
            <specular>
              <color sid="specular">0.000000  0.000000 0.000000 1.000000</color>
            </specular>
            <shininess>
              <float sid="shininess">2.000000</float>
            </shininess>
            <reflective>
              <color sid="reflective">0.000000  0.000000 0.000000 1.000000</color>
            </reflective>
            <reflectivity>
              <float sid="reflectivity">1.000000</float>
            </reflectivity>
            <transparent>
              <color sid="transparent">1.000000  1.000000 1.000000 1.000000</color>
            </transparent>
            <transparency>
              <float sid="transparency">0.000000</float>
            </transparency>
          </phong>
        </technique>
      </profile_COMMON>
    </effect>
    <effect id="cap_n_label-fx" name="cap_n_label">
      <profile_COMMON>
        <technique sid="standard">
          <phong>
            <emission>
              <color sid="emission">0.000000  0.000000 0.000000 1.000000</color>
            </emission>
            <ambient>
              <color sid="ambient">0.588000  0.588000 0.588000 1.000000</color>
            </ambient>
            <diffuse>
              <texture texture="Map__58-image" texcoord="CHANNEL0">
                <extra>
                  <technique profile="MAYA">
                    <wrapU sid="wrapU0">TRUE</wrapU>
                    <wrapV sid="wrapV0">TRUE</wrapV>
                    <blend_mode>ADD</blend_mode>
                  </technique>
                </extra>
              </texture>
            </diffuse>
            <specular>
              <color sid="specular">0.000000  0.000000 0.000000 1.000000</color>
            </specular>
            <shininess>
              <float sid="shininess">2.000000</float>
            </shininess>
            <reflective>
              <color sid="reflective">0.000000  0.000000 0.000000 1.000000</color>
            </reflective>
            <reflectivity>
              <float sid="reflectivity">1.000000</float>
            </reflectivity>
            <transparent>
              <color sid="transparent">1.000000  1.000000 1.000000 1.000000</color>
            </transparent>
            <transparency>
              <float sid="transparency">0.000000</float>
            </transparency>
          </phong>
        </technique>
      </profile_COMMON>
    </effect>
    <effect id="handle-fx" name="handle">
      <profile_COMMON>
        <technique sid="standard">
          <phong>
            <emission>
              <color sid="emission">0.000000  0.000000 0.000000 1.000000</color>
            </emission>
            <ambient>
              <color sid="ambient">0.588000  0.588000 0.588000 1.000000</color>
            </ambient>
            <diffuse>
              <texture texture="Map__60-image" texcoord="CHANNEL0">
                <extra>
                  <technique profile="MAYA">
                    <wrapU sid="wrapU0">TRUE</wrapU>
                    <wrapV sid="wrapV0">TRUE</wrapV>
                    <blend_mode>ADD</blend_mode>
                  </technique>
                </extra>
              </texture>
            </diffuse>
            <specular>
              <color sid="specular">0.000000  0.000000 0.000000 1.000000</color>
            </specular>
            <shininess>
              <float sid="shininess">2.000000</float>
            </shininess>
            <reflective>
              <color sid="reflective">0.000000  0.000000 0.000000 1.000000</color>
            </reflective>
            <reflectivity>
              <float sid="reflectivity">1.000000</float>
            </reflectivity>
            <transparent>
              <color sid="transparent">1.000000  1.000000 1.000000 1.000000</color>
            </transparent>
            <transparency>
              <float sid="transparency">0.000000</float>
            </transparency>
          </phong>
        </technique>
      </profile_COMMON>
    </effect>
  </library_effects>
  <library_geometries>
    <geometry id="bottle-lib" name="bottleMesh">
      <mesh>
        <source id="bottle-lib-Position">
          <float_array id="bottle-lib-Position-array" count="420">
0.069726 0.022655 0.219112
0.059011 0.042874 0.217184
0.042874 0.059011 0.217184
0.022540 0.069371 0.217184
-0.000000 0.072391 0.217183
-0.000000 -0.072762 0.219112
0.022540 -0.069371 0.217184
0.042874 -0.059011 0.217184
0.059011 -0.042874 0.217184
0.069371 -0.022540 0.217184
0.073311 0.000000 0.219112
0.069726 0.022655 0.423361
0.059313 0.043093 0.423361
0.043093 0.059313 0.423361
0.022655 0.069726 0.423361
-0.000000 0.072762 0.423361
-0.000000 -0.072762 0.423361
0.022655 -0.069726 0.423361
0.043093 -0.059313 0.423361
0.059313 -0.043093 0.423361
0.069726 -0.022655 0.423361
0.072482 0.000000 0.423361
0.024227 0.007872 0.099257
0.020609 0.014973 0.099257
0.014973 0.020609 0.099257
0.007872 0.024227 0.099257
-0.000000 0.025282 0.099257
-0.000000 -0.025282 0.099257
0.007872 -0.024227 0.099257
0.014973 -0.020609 0.099257
0.020609 -0.014973 0.099257
0.024227 -0.007872 0.099257
0.025474 0.000000 0.099257
-0.069371 0.022540 0.217184
-0.059313 0.043093 0.219112
-0.059313 0.043093 0.423361
-0.043093 0.059313 0.219112
-0.022540 0.069371 0.217184
-0.022655 -0.069726 0.219112
-0.043093 -0.059313 0.219112
-0.059313 -0.043093 0.219112
-0.059313 -0.043093 0.423361
-0.069726 -0.022655 0.219112
-0.072941 -0.000000 0.217184
-0.069726 0.022655 0.423361
-0.043093 0.059313 0.423361
-0.022656 0.069726 0.423361
-0.022655 -0.069726 0.423361
-0.043093 -0.059313 0.423361
-0.069726 -0.022655 0.423361
-0.072482 -0.000000 0.423361
-0.020609 0.014973 0.099257
-0.024228 0.007872 0.099257
-0.014973 0.020609 0.099257
-0.007872 0.024227 0.099257
-0.007872 -0.024227 0.099257
-0.014973 -0.020609 0.099257
-0.020609 -0.014973 0.099257
-0.024228 -0.007872 0.099257
-0.025474 0.000000 0.099257
-0.000000 -0.071360 0.424140
0.022219 -0.068383 0.424140
0.022219 0.068383 0.424140
-0.000000 0.071360 0.424140
0.042263 -0.058170 0.424140
0.042263 0.058170 0.424140
0.058170 -0.042263 0.424140
0.058170 0.042263 0.424140
0.068383 -0.022219 0.424140
0.068383 0.022219 0.424140
0.071086 0.000000 0.424140
-0.022219 -0.068383 0.424140
-0.022219 0.068383 0.424140
-0.042263 -0.058170 0.424140
-0.042263 0.058170 0.424140
-0.058170 -0.042263 0.424140
-0.058170 0.042263 0.424140
-0.068383 -0.022219 0.424140
-0.068383 0.022219 0.424140
-0.071086 -0.000000 0.424140
0.022337 0.007258 0.100010
0.019001 0.013805 0.100010
0.013805 0.019001 0.100010
0.007280 0.022333 0.100008
-0.000000 0.023288 0.100007
-0.000000 -0.023288 0.100007
0.007280 -0.022333 0.100008
0.013805 -0.019001 0.100010
0.019001 -0.013805 0.100010
0.022337 -0.007258 0.100010
0.023487 0.000000 0.100010
-0.022337 0.007258 0.100010
-0.019001 0.013805 0.100010
-0.013805 0.019001 0.100010
-0.007280 0.022333 0.100008
-0.007280 -0.022333 0.100008
-0.013805 -0.019001 0.100010
-0.019001 -0.013805 0.100010
-0.022337 -0.007258 0.100010
-0.023487 0.000000 0.100010
0.022337 0.007258 0.092918
0.019001 0.013805 0.092918
0.013805 0.019001 0.092918
0.007280 0.022333 0.092917
-0.000000 0.023288 0.092915
-0.000000 -0.023288 0.092915
0.007280 -0.022333 0.092917
0.013805 -0.019001 0.092918
0.019001 -0.013805 0.092918
0.022337 -0.007258 0.092918
0.023487 0.000000 0.092918
-0.022337 0.007258 0.092918
-0.019001 0.013805 0.092918
-0.013805 0.019001 0.092918
-0.007280 0.022333 0.092917
-0.007280 -0.022333 0.092917
-0.013805 -0.019001 0.092918
-0.019001 -0.013805 0.092918
-0.022337 -0.007258 0.092918
-0.023487 0.000000 0.092918
0.069371 0.022540 0.217184
0.059313 0.043093 0.219112
0.043093 0.059313 0.219112
0.022655 0.069726 0.219112
-0.000000 0.072762 0.219112
-0.000000 -0.072391 0.217183
0.022655 -0.069726 0.219112
0.043093 -0.059313 0.219112
0.059313 -0.043093 0.219112
0.069726 -0.022655 0.219112
0.072941 0.000000 0.217184
-0.069726 0.022655 0.219112
-0.059011 0.042874 0.217184
-0.042874 0.059011 0.217184
-0.022656 0.069726 0.219112
-0.022540 -0.069371 0.217184
-0.042874 -0.059011 0.217184
-0.059011 -0.042874 0.217184
-0.069371 -0.022540 0.217184
-0.073311 0.000000 0.219112
</float_array>
          <technique_common>
            <accessor source="#bottle-lib-Position-array" count="140" stride="3">
              <param name="X" type="float"/>
              <param name="Y" type="float"/>
              <param name="Z" type="float"/>
            </accessor>
          </technique_common>
        </source>
        <source id="bottle-lib-Normal0">
          <float_array id="bottle-lib-Normal0-array" count="2322">
0.809017 0.587785 0.000000
0.953808 0.300416 0.001018
0.948262 0.303269 -0.093949
0.948262 0.303269 -0.093949
0.805387 0.585148 -0.094630
0.809017 0.587785 0.000000
0.585147 0.805387 -0.094629
0.587785 0.809017 0.000000
0.809017 0.587785 0.000000
0.809017 0.587785 0.000000
0.805387 0.585148 -0.094630
0.585147 0.805387 -0.094629
0.297628 0.954682 0.000000
0.587785 0.809017 0.000000
0.585147 0.805387 -0.094629
0.585147 0.805387 -0.094629
0.296404 0.950369 -0.094569
0.297628 0.954682 0.000000
-0.000000 1.000000 0.000000
0.297628 0.954682 0.000000
0.296404 0.950369 -0.094569
0.296404 0.950369 -0.094569
-0.000000 0.995563 -0.094097
-0.000000 1.000000 0.000000
0.297628 -0.954682 0.000000
0.000000 -1.000000 0.000000
0.000000 -0.995563 -0.094097
0.000000 -0.995563 -0.094097
0.296404 -0.950369 -0.094569
0.297628 -0.954682 0.000000
0.587785 -0.809017 0.000000
0.297628 -0.954682 0.000000
0.296404 -0.950369 -0.094569
0.296404 -0.950369 -0.094569
0.585148 -0.805386 -0.094629
0.587785 -0.809017 0.000000
0.809017 -0.587785 0.000000
0.587785 -0.809017 0.000000
0.585148 -0.805386 -0.094629
0.585148 -0.805386 -0.094629
0.805386 -0.585148 -0.094629
0.809017 -0.587785 0.000000
0.953807 -0.300417 0.001018
0.809017 -0.587785 0.000000
0.805386 -0.585148 -0.094629
0.805386 -0.585148 -0.094629
0.948262 -0.303270 -0.093946
0.953807 -0.300417 0.001018
0.434438 0.141156 -0.889572
0.369554 0.268497 -0.889573
0.750502 0.545271 -0.373398
0.750502 0.545271 -0.373398
0.882268 0.286665 -0.373398
0.434438 0.141156 -0.889572
0.369554 0.268497 -0.889573
0.268454 0.369516 -0.889601
0.545271 0.750502 -0.373398
0.545271 0.750502 -0.373398
0.750502 0.545271 -0.373398
0.369554 0.268497 -0.889573
0.268454 0.369516 -0.889601
0.136989 0.440417 -0.887281
0.276506 0.885514 -0.373377
0.276506 0.885514 -0.373377
0.545271 0.750502 -0.373398
0.268454 0.369516 -0.889601
0.136989 0.440417 -0.887281
-0.000000 0.450077 -0.892990
-0.000000 0.928645 -0.370970
-0.000000 0.928645 -0.370970
0.276506 0.885514 -0.373377
0.136989 0.440417 -0.887281
0.000000 -0.450076 -0.892990
0.136989 -0.440417 -0.887281
0.276506 -0.885514 -0.373377
0.276506 -0.885514 -0.373377
0.000000 -0.928645 -0.370970
0.000000 -0.450076 -0.892990
0.136989 -0.440417 -0.887281
0.268455 -0.369517 -0.889601
0.545272 -0.750502 -0.373398
0.545272 -0.750502 -0.373398
0.276506 -0.885514 -0.373377
0.136989 -0.440417 -0.887281
0.545272 -0.750502 -0.373398
0.268455 -0.369517 -0.889601
0.369555 -0.268497 -0.889572
0.369555 -0.268497 -0.889572
0.750502 -0.545271 -0.373398
0.545272 -0.750502 -0.373398
0.369555 -0.268497 -0.889572
0.434438 -0.141157 -0.889572
0.882268 -0.286666 -0.373398
0.882268 -0.286666 -0.373398
0.750502 -0.545271 -0.373398
0.369555 -0.268497 -0.889572
0.434438 -0.141157 -0.889572
0.456791 -0.000000 -0.889574
0.927671 -0.000000 -0.373398
0.927671 -0.000000 -0.373398
0.882268 -0.286666 -0.373398
0.434438 -0.141157 -0.889572
0.456791 -0.000000 -0.889574
0.434438 0.141156 -0.889572
0.882268 0.286665 -0.373398
0.882268 0.286665 -0.373398
0.927671 -0.000000 -0.373398
0.456791 -0.000000 -0.889574
0.999998 -0.000000 0.002028
0.953807 -0.300417 0.001018
0.948262 -0.303270 -0.093946
0.948262 -0.303270 -0.093946
0.995664 0.000003 -0.093027
0.999998 -0.000000 0.002028
0.953808 0.300416 0.001018
0.999998 -0.000000 0.002028
0.995664 0.000003 -0.093027
0.995664 0.000003 -0.093027
0.948262 0.303269 -0.093949
0.953808 0.300416 0.001018
-0.809017 0.587785 0.000000
-0.805386 0.585148 -0.094629
-0.948262 0.303270 -0.093948
-0.948262 0.303270 -0.093948
-0.953808 0.300416 0.001018
-0.809017 0.587785 0.000000
-0.948262 -0.303270 -0.093946
-0.805387 -0.585147 -0.094629
-0.809017 -0.587785 0.000000
-0.809017 -0.587785 0.000000
-0.953807 -0.300417 0.001018
-0.948262 -0.303270 -0.093946
-0.953807 -0.300417 0.001018
-0.999998 -0.000001 0.002028
-0.995664 0.000002 -0.093027
-0.995664 0.000002 -0.093027
-0.948262 -0.303270 -0.093946
-0.953807 -0.300417 0.001018
-0.809017 -0.587785 0.000000
-0.805387 -0.585147 -0.094629
-0.585148 -0.805387 -0.094629
-0.585148 -0.805387 -0.094629
-0.587785 -0.809017 0.000000
-0.809017 -0.587785 0.000000
-0.587785 -0.809017 0.000000
-0.585148 -0.805387 -0.094629
-0.296404 -0.950369 -0.094569
-0.296404 -0.950369 -0.094569
-0.297628 -0.954682 0.000000
-0.587785 -0.809017 0.000000
-0.297628 -0.954682 0.000000
-0.296404 -0.950369 -0.094569
0.000000 -0.995563 -0.094097
0.000000 -0.995563 -0.094097
0.000000 -1.000000 0.000000
-0.297628 -0.954682 0.000000
-0.000000 1.000000 0.000000
-0.000000 0.995563 -0.094097
-0.296404 0.950369 -0.094569
-0.296404 0.950369 -0.094569
-0.297628 0.954682 0.000000
-0.000000 1.000000 0.000000
-0.297628 0.954682 0.000000
-0.296404 0.950369 -0.094569
-0.585148 0.805387 -0.094629
-0.585148 0.805387 -0.094629
-0.587785 0.809017 0.000000
-0.297628 0.954682 0.000000
-0.585148 0.805387 -0.094629
-0.805386 0.585148 -0.094629
-0.809017 0.587785 0.000000
-0.809017 0.587785 0.000000
-0.587785 0.809017 0.000000
-0.585148 0.805387 -0.094629
-0.999998 -0.000001 0.002028
-0.953808 0.300416 0.001018
-0.948262 0.303270 -0.093948
-0.948262 0.303270 -0.093948
-0.995664 0.000002 -0.093027
-0.999998 -0.000001 0.002028
-0.369556 -0.268498 -0.889571
-0.750502 -0.545271 -0.373398
-0.882268 -0.286666 -0.373398
-0.882268 -0.286666 -0.373398
-0.434441 -0.141158 -0.889570
-0.369556 -0.268498 -0.889571
-0.434441 -0.141158 -0.889570
-0.882268 -0.286666 -0.373398
-0.927671 -0.000001 -0.373398
-0.927671 -0.000001 -0.373398
-0.456798 -0.000001 -0.889570
-0.434441 -0.141158 -0.889570
-0.456798 -0.000001 -0.889570
-0.927671 -0.000001 -0.373398
-0.882268 0.286665 -0.373398
-0.882268 0.286665 -0.373398
-0.434440 0.141158 -0.889571
-0.456798 -0.000001 -0.889570
-0.434440 0.141158 -0.889571
-0.882268 0.286665 -0.373398
-0.750502 0.545272 -0.373398
-0.750502 0.545272 -0.373398
-0.369556 0.268498 -0.889572
-0.434440 0.141158 -0.889571
-0.369556 0.268498 -0.889572
-0.750502 0.545272 -0.373398
-0.545271 0.750502 -0.373398
-0.545271 0.750502 -0.373398
-0.268454 0.369515 -0.889602
-0.369556 0.268498 -0.889572
-0.268454 0.369515 -0.889602
-0.545271 0.750502 -0.373398
-0.276506 0.885514 -0.373377
-0.276506 0.885514 -0.373377
-0.136989 0.440417 -0.887280
-0.268454 0.369515 -0.889602
-0.136989 0.440417 -0.887280
-0.276506 0.885514 -0.373377
-0.000000 0.928645 -0.370970
-0.000000 0.928645 -0.370970
-0.000000 0.450077 -0.892990
-0.136989 0.440417 -0.887280
0.000000 -0.450076 -0.892990
0.000000 -0.928645 -0.370970
-0.276506 -0.885514 -0.373377
-0.276506 -0.885514 -0.373377
-0.136989 -0.440417 -0.887281
0.000000 -0.450076 -0.892990
-0.136989 -0.440417 -0.887281
-0.276506 -0.885514 -0.373377
-0.545271 -0.750502 -0.373398
-0.545271 -0.750502 -0.373398
-0.268455 -0.369516 -0.889601
-0.136989 -0.440417 -0.887281
-0.268455 -0.369516 -0.889601
-0.545271 -0.750502 -0.373398
-0.750502 -0.545271 -0.373398
-0.750502 -0.545271 -0.373398
-0.369556 -0.268498 -0.889571
-0.268455 -0.369516 -0.889601
0.081311 0.262015 0.961632
-0.000000 0.270774 0.962643
0.000000 -0.270773 0.962643
0.000000 -0.270773 0.962643
0.081312 -0.262014 0.961632
0.081311 0.262015 0.961632
0.160226 0.220531 0.962130
0.081311 0.262015 0.961632
0.081312 -0.262014 0.961632
0.081312 -0.262014 0.961632
0.160224 -0.220530 0.962130
0.160226 0.220531 0.962130
0.220531 0.160225 0.962130
0.160226 0.220531 0.962130
0.160224 -0.220530 0.962130
0.160224 -0.220530 0.962130
0.220528 -0.160224 0.962131
0.220531 0.160225 0.962130
0.263428 0.079787 0.961374
0.220531 0.160225 0.962130
0.220528 -0.160224 0.962131
0.220528 -0.160224 0.962131
0.263423 -0.079786 0.961375
0.263428 0.079787 0.961374
0.263423 -0.079786 0.961375
0.269836 -0.000000 0.962906
0.263428 0.079787 0.961374
-0.000000 0.270774 0.962643
-0.081311 0.262015 0.961632
-0.081310 -0.262013 0.961633
-0.081310 -0.262013 0.961633
0.000000 -0.270773 0.962643
-0.000000 0.270774 0.962643
-0.081311 0.262015 0.961632
-0.160225 0.220530 0.962130
-0.160224 -0.220530 0.962130
-0.160224 -0.220530 0.962130
-0.081310 -0.262013 0.961633
-0.081311 0.262015 0.961632
-0.160225 0.220530 0.962130
-0.220531 0.160225 0.962130
-0.220532 -0.160225 0.962130
-0.220532 -0.160225 0.962130
-0.160224 -0.220530 0.962130
-0.160225 0.220530 0.962130
-0.220531 0.160225 0.962130
-0.263428 0.079787 0.961374
-0.263427 -0.079787 0.961374
-0.263427 -0.079787 0.961374
-0.220532 -0.160225 0.962130
-0.220531 0.160225 0.962130
-0.269836 -0.000000 0.962906
-0.263427 -0.079787 0.961374
-0.263428 0.079787 0.961374
0.081312 -0.262014 0.961632
0.000000 -0.270773 0.962643
0.000000 -0.486019 0.873948
0.000000 -0.486019 0.873948
0.144278 -0.461194 0.875491
0.081312 -0.262014 0.961632
-0.000000 0.270774 0.962643
0.081311 0.262015 0.961632
0.144280 0.461194 0.875490
0.144280 0.461194 0.875490
-0.000000 0.486021 0.873947
-0.000000 0.270774 0.962643
0.160224 -0.220530 0.962130
0.081312 -0.262014 0.961632
0.144278 -0.461194 0.875491
0.144278 -0.461194 0.875491
0.284025 -0.390926 0.875504
0.160224 -0.220530 0.962130
0.081311 0.262015 0.961632
0.160226 0.220531 0.962130
0.284025 0.390929 0.875503
0.284025 0.390929 0.875503
0.144280 0.461194 0.875490
0.081311 0.262015 0.961632
0.220528 -0.160224 0.962131
0.160224 -0.220530 0.962130
0.284025 -0.390926 0.875504
0.284025 -0.390926 0.875504
0.390924 -0.284023 0.875505
0.220528 -0.160224 0.962131
0.160226 0.220531 0.962130
0.220531 0.160225 0.962130
0.390928 0.284025 0.875503
0.390928 0.284025 0.875503
0.284025 0.390929 0.875503
0.160226 0.220531 0.962130
0.263423 -0.079786 0.961375
0.220528 -0.160224 0.962131
0.390924 -0.284023 0.875505
0.390924 -0.284023 0.875505
0.462005 -0.141737 0.875478
0.263423 -0.079786 0.961375
0.220531 0.160225 0.962130
0.263428 0.079787 0.961374
0.462013 0.141739 0.875474
0.462013 0.141739 0.875474
0.390928 0.284025 0.875503
0.220531 0.160225 0.962130
0.269836 -0.000000 0.962906
0.263423 -0.079786 0.961375
0.462005 -0.141737 0.875478
0.462005 -0.141737 0.875478
0.487450 0.000000 0.873151
0.269836 -0.000000 0.962906
0.263428 0.079787 0.961374
0.269836 -0.000000 0.962906
0.487450 0.000000 0.873151
0.487450 0.000000 0.873151
0.462013 0.141739 0.875474
0.263428 0.079787 0.961374
0.000000 -0.270773 0.962643
-0.081310 -0.262013 0.961633
-0.144279 -0.461190 0.875493
-0.144279 -0.461190 0.875493
0.000000 -0.486019 0.873948
0.000000 -0.270773 0.962643
-0.081311 0.262015 0.961632
-0.000000 0.270774 0.962643
-0.000000 0.486021 0.873947
-0.000000 0.486021 0.873947
-0.144279 0.461194 0.875491
-0.081311 0.262015 0.961632
-0.081310 -0.262013 0.961633
-0.160224 -0.220530 0.962130
-0.284025 -0.390926 0.875504
-0.284025 -0.390926 0.875504
-0.144279 -0.461190 0.875493
-0.081310 -0.262013 0.961633
-0.160225 0.220530 0.962130
-0.081311 0.262015 0.961632
-0.144279 0.461194 0.875491
-0.144279 0.461194 0.875491
-0.284025 0.390927 0.875503
-0.160225 0.220530 0.962130
-0.160224 -0.220530 0.962130
-0.220532 -0.160225 0.962130
-0.390929 -0.284027 0.875502
-0.390929 -0.284027 0.875502
-0.284025 -0.390926 0.875504
-0.160224 -0.220530 0.962130
-0.220531 0.160225 0.962130
-0.160225 0.220530 0.962130
-0.284025 0.390927 0.875503
-0.284025 0.390927 0.875503
-0.390928 0.284026 0.875503
-0.220531 0.160225 0.962130
-0.220532 -0.160225 0.962130
-0.263427 -0.079787 0.961374
-0.462012 -0.141740 0.875474
-0.462012 -0.141740 0.875474
-0.390929 -0.284027 0.875502
-0.220532 -0.160225 0.962130
-0.263428 0.079787 0.961374
-0.220531 0.160225 0.962130
-0.390928 0.284026 0.875503
-0.390928 0.284026 0.875503
-0.462012 0.141739 0.875474
-0.263428 0.079787 0.961374
-0.263427 -0.079787 0.961374
-0.269836 -0.000000 0.962906
-0.487451 -0.000001 0.873150
-0.487451 -0.000001 0.873150
-0.462012 -0.141740 0.875474
-0.263427 -0.079787 0.961374
-0.269836 -0.000000 0.962906
-0.263428 0.079787 0.961374
-0.462012 0.141739 0.875474
-0.462012 0.141739 0.875474
-0.487451 -0.000001 0.873150
-0.269836 -0.000000 0.962906
-0.336835 -0.109444 -0.935181
-0.286528 -0.208174 -0.935182
0.369554 0.268497 -0.889573
0.369554 0.268497 -0.889573
0.434438 0.141156 -0.889572
-0.336835 -0.109444 -0.935181
-0.286528 -0.208174 -0.935182
-0.208281 -0.286618 -0.935130
0.268454 0.369516 -0.889601
0.268454 0.369516 -0.889601
0.369554 0.268497 -0.889573
-0.286528 -0.208174 -0.935182
-0.208281 -0.286618 -0.935130
-0.104910 -0.337050 -0.935624
0.136989 0.440417 -0.887281
0.136989 0.440417 -0.887281
0.268454 0.369516 -0.889601
-0.208281 -0.286618 -0.935130
-0.104910 -0.337050 -0.935624
-0.000000 -0.354027 -0.935235
-0.000000 0.450077 -0.892990
-0.000000 0.450077 -0.892990
0.136989 0.440417 -0.887281
-0.104910 -0.337050 -0.935624
-0.000000 0.354027 -0.935235
-0.104911 0.337049 -0.935624
0.136989 -0.440417 -0.887281
0.136989 -0.440417 -0.887281
0.000000 -0.450076 -0.892990
-0.000000 0.354027 -0.935235
-0.104911 0.337049 -0.935624
-0.208280 0.286617 -0.935131
0.268455 -0.369517 -0.889601
0.268455 -0.369517 -0.889601
0.136989 -0.440417 -0.887281
-0.104911 0.337049 -0.935624
-0.208280 0.286617 -0.935131
-0.286526 0.208173 -0.935183
0.369555 -0.268497 -0.889572
0.369555 -0.268497 -0.889572
0.268455 -0.369517 -0.889601
-0.208280 0.286617 -0.935131
-0.286526 0.208173 -0.935183
-0.336835 0.109444 -0.935181
0.434438 -0.141157 -0.889572
0.434438 -0.141157 -0.889572
0.369555 -0.268497 -0.889572
-0.286526 0.208173 -0.935183
-0.336835 0.109444 -0.935181
-0.354171 -0.000000 -0.935181
0.456791 -0.000000 -0.889574
0.456791 -0.000000 -0.889574
0.434438 -0.141157 -0.889572
-0.336835 0.109444 -0.935181
-0.354171 -0.000000 -0.935181
-0.336835 -0.109444 -0.935181
0.434438 0.141156 -0.889572
0.434438 0.141156 -0.889572
0.456791 -0.000000 -0.889574
-0.354171 -0.000000 -0.935181
0.286525 -0.208173 -0.935183
0.336827 -0.109442 -0.935184
-0.434440 0.141158 -0.889571
-0.434440 0.141158 -0.889571
-0.369556 0.268498 -0.889572
0.286525 -0.208173 -0.935183
0.208280 -0.286618 -0.935131
0.286525 -0.208173 -0.935183
-0.369556 0.268498 -0.889572
-0.369556 0.268498 -0.889572
-0.268454 0.369515 -0.889602
0.208280 -0.286618 -0.935131
0.104911 -0.337050 -0.935623
0.208280 -0.286618 -0.935131
-0.268454 0.369515 -0.889602
-0.268454 0.369515 -0.889602
-0.136989 0.440417 -0.887280
0.104911 -0.337050 -0.935623
-0.000000 -0.354027 -0.935235
0.104911 -0.337050 -0.935623
-0.136989 0.440417 -0.887280
-0.136989 0.440417 -0.887280
-0.000000 0.450077 -0.892990
-0.000000 -0.354027 -0.935235
0.104911 0.337049 -0.935624
-0.000000 0.354027 -0.935235
0.000000 -0.450076 -0.892990
0.000000 -0.450076 -0.892990
-0.136989 -0.440417 -0.887281
0.104911 0.337049 -0.935624
0.208280 0.286617 -0.935131
0.104911 0.337049 -0.935624
-0.136989 -0.440417 -0.887281
-0.136989 -0.440417 -0.887281
-0.268455 -0.369516 -0.889601
0.208280 0.286617 -0.935131
0.286523 0.208172 -0.935184
0.208280 0.286617 -0.935131
-0.268455 -0.369516 -0.889601
-0.268455 -0.369516 -0.889601
-0.369556 -0.268498 -0.889571
0.286523 0.208172 -0.935184
0.336826 0.109441 -0.935185
0.286523 0.208172 -0.935184
-0.369556 -0.268498 -0.889571
-0.369556 -0.268498 -0.889571
-0.434441 -0.141158 -0.889570
0.336826 0.109441 -0.935185
0.354158 -0.000000 -0.935185
0.336826 0.109441 -0.935185
-0.434441 -0.141158 -0.889570
-0.434441 -0.141158 -0.889570
-0.456798 -0.000001 -0.889570
0.354158 -0.000000 -0.935185
0.336827 -0.109442 -0.935184
0.354158 -0.000000 -0.935185
-0.456798 -0.000001 -0.889570
-0.456798 -0.000001 -0.889570
-0.434440 0.141158 -0.889571
0.336827 -0.109442 -0.935184
0.951056 0.309018 0.000000
0.809017 0.587785 0.000000
0.809017 0.587785 0.000000
0.809017 0.587785 0.000000
0.951056 0.309018 0.000000
0.951056 0.309018 0.000000
0.809017 0.587785 0.000000
0.588148 0.808753 0.000000
0.588162 0.808743 0.000000
0.588162 0.808743 0.000000
0.809017 0.587785 0.000000
0.809017 0.587785 0.000000
0.588148 0.808753 0.000000
0.296706 0.954969 0.000000
0.296744 0.954957 0.000000
0.296744 0.954957 0.000000
0.588162 0.808743 0.000000
0.588148 0.808753 0.000000
0.296706 0.954969 0.000000
0.000000 1.000000 0.000000
0.000000 1.000000 0.000000
0.000000 1.000000 0.000000
0.296744 0.954957 0.000000
0.296706 0.954969 0.000000
0.000000 -1.000000 0.000000
0.296708 -0.954968 0.000000
0.296745 -0.954957 0.000000
0.296745 -0.954957 0.000000
0.000000 -1.000000 0.000000
0.000000 -1.000000 0.000000
0.296708 -0.954968 0.000000
0.588148 -0.808753 0.000000
0.588163 -0.808743 0.000000
0.588163 -0.808743 0.000000
0.296745 -0.954957 0.000000
0.296708 -0.954968 0.000000
0.588148 -0.808753 0.000000
0.809017 -0.587786 0.000000
0.809017 -0.587786 0.000000
0.809017 -0.587786 0.000000
0.588163 -0.808743 0.000000
0.588148 -0.808753 0.000000
0.809017 -0.587786 0.000000
0.951056 -0.309017 0.000000
0.951056 -0.309017 0.000000
0.951056 -0.309017 0.000000
0.809017 -0.587786 0.000000
0.809017 -0.587786 0.000000
0.951056 -0.309017 0.000000
1.000000 0.000000 0.000000
1.000000 0.000000 0.000000
1.000000 0.000000 0.000000
0.951056 -0.309017 0.000000
0.951056 -0.309017 0.000000
1.000000 0.000000 0.000000
0.951056 0.309018 0.000000
0.951056 0.309018 0.000000
0.951056 0.309018 0.000000
1.000000 0.000000 0.000000
1.000000 0.000000 0.000000
-0.809017 0.587785 0.000000
-0.951058 0.309013 0.000000
-0.951058 0.309013 0.000000
-0.951058 0.309013 0.000000
-0.809017 0.587785 0.000000
-0.809017 0.587785 0.000000
-0.588148 0.808753 0.000000
-0.809017 0.587785 0.000000
-0.809017 0.587785 0.000000
-0.809017 0.587785 0.000000
-0.588162 0.808743 0.000000
-0.588148 0.808753 0.000000
-0.296708 0.954968 0.000000
-0.588148 0.808753 0.000000
-0.588162 0.808743 0.000000
-0.588162 0.808743 0.000000
-0.296745 0.954957 0.000000
-0.296708 0.954968 0.000000
0.000000 1.000000 0.000000
-0.296708 0.954968 0.000000
-0.296745 0.954957 0.000000
-0.296745 0.954957 0.000000
0.000000 1.000000 0.000000
0.000000 1.000000 0.000000
-0.296708 -0.954968 0.000000
0.000000 -1.000000 0.000000
0.000000 -1.000000 0.000000
0.000000 -1.000000 0.000000
-0.296745 -0.954957 0.000000
-0.296708 -0.954968 0.000000
-0.588149 -0.808752 0.000000
-0.296708 -0.954968 0.000000
-0.296745 -0.954957 0.000000
-0.296745 -0.954957 0.000000
-0.588164 -0.808742 0.000000
-0.588149 -0.808752 0.000000
-0.809018 -0.587785 0.000000
-0.588149 -0.808752 0.000000
-0.588164 -0.808742 0.000000
-0.588164 -0.808742 0.000000
-0.809018 -0.587785 0.000000
-0.809018 -0.587785 0.000000
-0.951057 -0.309015 0.000000
-0.809018 -0.587785 0.000000
-0.809018 -0.587785 0.000000
-0.809018 -0.587785 0.000000
-0.951057 -0.309015 0.000000
-0.951057 -0.309015 0.000000
-1.000000 0.000000 0.000000
-0.951057 -0.309015 0.000000
-0.951057 -0.309015 0.000000
-0.951057 -0.309015 0.000000
-1.000000 0.000000 0.000000
-1.000000 0.000000 0.000000
-0.951058 0.309013 0.000000
-1.000000 0.000000 0.000000
-1.000000 0.000000 0.000000
-1.000000 0.000000 0.000000
-0.951058 0.309013 0.000000
-0.951058 0.309013 0.000000
0.948262 0.303269 -0.093949
0.933806 0.303352 -0.189693
0.794253 0.577059 -0.190170
0.794253 0.577059 -0.190170
0.805387 0.585148 -0.094630
0.948262 0.303269 -0.093949
0.805387 0.585148 -0.094630
0.794253 0.577059 -0.190170
0.577059 0.794254 -0.190169
0.577059 0.794254 -0.190169
0.585147 0.805387 -0.094629
0.805387 0.585148 -0.094630
0.585147 0.805387 -0.094629
0.577059 0.794254 -0.190169
0.291958 0.937332 -0.190181
0.291958 0.937332 -0.190181
0.296404 0.950369 -0.094569
0.585147 0.805387 -0.094629
0.296404 0.950369 -0.094569
0.291958 0.937332 -0.190181
-0.000000 0.982009 -0.188836
-0.000000 0.982009 -0.188836
-0.000000 0.995563 -0.094097
0.296404 0.950369 -0.094569
0.000000 -0.995563 -0.094097
0.000000 -0.982009 -0.188836
0.291957 -0.937332 -0.190181
0.291957 -0.937332 -0.190181
0.296404 -0.950369 -0.094569
0.000000 -0.995563 -0.094097
0.296404 -0.950369 -0.094569
0.291957 -0.937332 -0.190181
0.577059 -0.794253 -0.190169
0.577059 -0.794253 -0.190169
0.585148 -0.805386 -0.094629
0.296404 -0.950369 -0.094569
0.585148 -0.805386 -0.094629
0.577059 -0.794253 -0.190169
0.794253 -0.577059 -0.190169
0.794253 -0.577059 -0.190169
0.805386 -0.585148 -0.094629
0.585148 -0.805386 -0.094629
0.805386 -0.585148 -0.094629
0.794253 -0.577059 -0.190169
0.933807 -0.303353 -0.189688
0.933807 -0.303353 -0.189688
0.948262 -0.303270 -0.093946
0.805386 -0.585148 -0.094629
0.948262 -0.303270 -0.093946
0.933807 -0.303353 -0.189688
0.981937 -0.000005 -0.189206
0.981937 -0.000005 -0.189206
0.995664 0.000003 -0.093027
0.948262 -0.303270 -0.093946
0.995664 0.000003 -0.093027
0.981937 -0.000005 -0.189206
0.933806 0.303352 -0.189693
0.933806 0.303352 -0.189693
0.948262 0.303269 -0.093949
0.995664 0.000003 -0.093027
-0.805386 0.585148 -0.094629
-0.794253 0.577059 -0.190169
-0.933806 0.303352 -0.189692
-0.933806 0.303352 -0.189692
-0.948262 0.303270 -0.093948
-0.805386 0.585148 -0.094629
-0.948262 -0.303270 -0.093946
-0.933807 -0.303353 -0.189688
-0.794254 -0.577059 -0.190169
-0.794254 -0.577059 -0.190169
-0.805387 -0.585147 -0.094629
-0.948262 -0.303270 -0.093946
-0.995664 0.000002 -0.093027
-0.981937 -0.000007 -0.189206
-0.933807 -0.303353 -0.189688
-0.933807 -0.303353 -0.189688
-0.948262 -0.303270 -0.093946
-0.995664 0.000002 -0.093027
-0.948262 0.303270 -0.093948
-0.933806 0.303352 -0.189692
-0.981937 -0.000007 -0.189206
-0.981937 -0.000007 -0.189206
-0.995664 0.000002 -0.093027
-0.948262 0.303270 -0.093948
-0.805387 -0.585147 -0.094629
-0.794254 -0.577059 -0.190169
-0.577059 -0.794254 -0.190169
-0.577059 -0.794254 -0.190169
-0.585148 -0.805387 -0.094629
-0.805387 -0.585147 -0.094629
-0.585148 -0.805387 -0.094629
-0.577059 -0.794254 -0.190169
-0.291957 -0.937332 -0.190181
-0.291957 -0.937332 -0.190181
-0.296404 -0.950369 -0.094569
-0.585148 -0.805387 -0.094629
-0.296404 -0.950369 -0.094569
-0.291957 -0.937332 -0.190181
0.000000 -0.982009 -0.188836
0.000000 -0.982009 -0.188836
0.000000 -0.995563 -0.094097
-0.296404 -0.950369 -0.094569
-0.000000 0.995563 -0.094097
-0.000000 0.982009 -0.188836
-0.291958 0.937332 -0.190181
-0.291958 0.937332 -0.190181
-0.296404 0.950369 -0.094569
-0.000000 0.995563 -0.094097
-0.296404 0.950369 -0.094569
-0.291958 0.937332 -0.190181
-0.577059 0.794254 -0.190169
-0.577059 0.794254 -0.190169
-0.585148 0.805387 -0.094629
-0.296404 0.950369 -0.094569
-0.585148 0.805387 -0.094629
-0.577059 0.794254 -0.190169
-0.794253 0.577059 -0.190169
-0.794253 0.577059 -0.190169
-0.805386 0.585148 -0.094629
-0.585148 0.805387 -0.094629
</float_array>
          <technique_common>
            <accessor source="#bottle-lib-Normal0-array" count="774" stride="3">
              <param name="X" type="float"/>
              <param name="Y" type="float"/>
              <param name="Z" type="float"/>
            </accessor>
          </technique_common>
        </source>
        <source id="bottle-lib-UV0">
          <float_array id="bottle-lib-UV0-array" count="334">
0.567854 0.415825
0.595792 0.409842
0.611128 0.967254
0.014650 0.974459
0.024458 0.410279
0.053045 0.410676
0.043950 0.976667
0.081193 0.410917
0.073314 0.978788
0.396395 0.416696
0.424431 0.410871
0.431393 0.985455
0.401340 0.986800
0.452934 0.410639
0.461527 0.983473
0.481932 0.410279
0.510683 0.410400
0.491602 0.980940
0.539531 0.416018
0.515970 0.038444
0.530157 0.036030
0.441736 0.038150
0.462864 0.038991
0.484186 0.039810
0.109058 0.411001
0.102660 0.980632
0.099163 0.037531
0.120174 0.041195
0.144131 0.041982
0.165604 0.041002
0.314283 0.030030
0.104905 0.010991
0.377902 0.036622
0.399139 0.037129
0.420505 0.037496
0.552044 0.977457
0.521809 0.979104
0.581778 0.971660
0.521905 0.983733
0.491684 0.985582
0.611040 0.971745
0.581903 0.976301
0.552158 0.982042
0.509796 0.032701
0.527819 0.028519
0.441647 0.032407
0.223375 0.410729
0.191236 0.984254
0.193971 0.416240
0.310185 0.416241
0.311241 0.987312
0.280951 0.416452
0.252200 0.410789
0.281150 0.987867
0.250937 0.988882
0.220888 0.986240
0.339426 0.416526
0.341247 0.987558
0.208130 0.033024
0.335498 0.030118
0.368098 0.416681
0.371314 0.987444
0.136987 0.410982
0.132069 0.982097
0.164969 0.416520
0.161628 0.983271
0.186875 0.034206
0.378258 0.009899
0.293116 0.036149
0.314271 0.035903
0.271973 0.036574
0.250906 0.037126
0.229684 0.037824
0.311241 0.991954
0.281137 0.992508
0.220854 0.990874
0.191185 0.988889
0.250913 0.993470
0.229408 0.031997
0.250648 0.031305
0.293077 0.030328
0.208291 0.038820
0.186935 0.040017
0.102600 0.985240
0.073257 0.983423
0.043869 0.981300
0.356703 0.036367
0.335463 0.035995
0.431431 0.990110
0.401371 0.991415
0.461602 0.988118
0.809151 0.771048
0.805305 0.829913
0.628581 0.829912
0.624735 0.771047
0.792108 0.883017
0.641778 0.883015
0.771554 0.925160
0.662333 0.925157
0.745654 0.952217
0.688233 0.952214
0.716943 0.959375
0.805305 0.712185
0.628581 0.712184
0.792108 0.659084
0.641778 0.659084
0.771553 0.616944
0.662333 0.616944
0.745653 0.589888
0.688233 0.589888
0.716943 0.582728
0.399567 0.010391
0.420807 0.010913
0.186112 0.013360
0.207297 0.012197
0.165103 0.014415
0.144447 0.015183
0.125012 0.014326
0.356928 0.009555
0.335595 0.009240
0.271418 0.009918
0.314113 0.009154
0.292708 0.009486
0.250117 0.010466
0.228711 0.011148
0.271863 0.030754
0.371341 0.992086
0.014797 0.978946
0.132006 0.986736
0.341244 0.992199
0.356709 0.030460
0.161589 0.987903
0.377946 0.030744
0.399190 0.031272
0.101289 0.031553
0.121808 0.035494
0.462815 0.033167
0.483948 0.033840
0.503497 0.012226
0.523926 0.008667
0.442027 0.011601
0.463094 0.012315
0.483941 0.012908
0.420420 0.031734
0.144348 0.036085
0.165615 0.035215
0.567382 0.410186
0.596381 0.415484
0.023826 0.415945
0.052475 0.416326
0.080662 0.416572
0.108584 0.416676
0.396226 0.410957
0.424663 0.416596
0.453230 0.416351
0.482294 0.415972
0.511111 0.416071
0.539040 0.410375
0.223148 0.416453
0.194263 0.410527
0.165323 0.410819
0.136572 0.416668
0.367993 0.410940
0.339387 0.410782
0.310212 0.410498
0.281044 0.410712
0.252040 0.416521
</float_array>
          <technique_common>
            <accessor source="#bottle-lib-UV0-array" count="167" stride="2">
              <param name="S" type="float"/>
              <param name="T" type="float"/>
            </accessor>
          </technique_common>
        </source>
        <vertices id="bottle-lib-Vertex">
          <input semantic="POSITION" source="#bottle-lib-Position"/>
        </vertices>
        <polygons material="bottle" count="258">
          <input semantic="VERTEX" offset="0" source="#bottle-lib-Vertex"/>
          <input semantic="NORMAL" offset="1" source="#bottle-lib-Normal0"/>
          <input semantic="TEXCOORD" offset="2" set="0" source="#bottle-lib-UV0"/>
          <p>12 0 2 11 1 37 0 2 0</p>
          <p>0 3 0 121 4 147 12 5 2</p>
          <p>122 6 149 13 7 6 12 8 3</p>
          <p>12 9 3 121 10 148 122 11 149</p>
          <p>14 12 8 13 13 6 122 14 149</p>
          <p>122 15 149 123 16 150 14 17 8</p>
          <p>15 18 25 14 19 8 123 20 150</p>
          <p>123 21 150 124 22 151 15 23 25</p>
          <p>17 24 11 16 25 12 5 26 9</p>
          <p>5 27 9 126 28 153 17 29 11</p>
          <p>18 30 14 17 31 11 126 32 153</p>
          <p>126 33 153 127 34 154 18 35 14</p>
          <p>19 36 17 18 37 14 127 38 154</p>
          <p>127 39 154 128 40 155 19 41 17</p>
          <p>20 42 36 19 43 17 128 44 155</p>
          <p>128 45 155 129 46 156 20 47 36</p>
          <p>22 48 19 23 49 20 1 50 1</p>
          <p>1 51 1 120 52 146 22 53 19</p>
          <p>23 54 26 24 55 27 2 56 5</p>
          <p>2 57 5 1 58 4 23 59 26</p>
          <p>24 60 27 25 61 28 3 62 7</p>
          <p>3 63 7 2 64 5 24 65 27</p>
          <p>25 66 28 26 67 29 4 68 24</p>
          <p>4 69 24 3 70 7 25 71 28</p>
          <p>27 72 32 28 73 33 6 74 10</p>
          <p>6 75 10 125 76 152 27 77 32</p>
          <p>28 78 33 29 79 34 7 80 13</p>
          <p>7 81 13 6 82 10 28 83 33</p>
          <p>7 84 13 29 85 34 30 86 21</p>
          <p>30 87 21 8 88 15 7 89 13</p>
          <p>30 90 21 31 91 22 9 92 16</p>
          <p>9 93 16 8 94 15 30 95 21</p>
          <p>31 96 22 32 97 23 130 98 157</p>
          <p>130 99 157 9 100 16 31 101 22</p>
          <p>32 102 23 22 103 19 120 104 146</p>
          <p>120 105 146 130 106 157 32 107 23</p>
          <p>21 108 35 20 109 36 129 110 156</p>
          <p>129 111 156 10 112 18 21 113 35</p>
          <p>11 114 37 21 115 35 10 116 18</p>
          <p>10 117 18 0 118 0 11 119 37</p>
          <p>35 120 47 34 121 48 131 122 158</p>
          <p>131 123 158 44 124 55 35 125 47</p>
          <p>42 126 51 40 127 49 41 128 50</p>
          <p>41 129 50 49 130 53 42 131 51</p>
          <p>49 132 53 50 133 54 139 134 166</p>
          <p>139 135 166 42 136 51 49 137 53</p>
          <p>41 138 50 40 139 49 39 140 56</p>
          <p>39 141 56 48 142 57 41 143 50</p>
          <p>48 144 57 39 145 56 38 146 60</p>
          <p>38 147 60 47 148 61 48 149 57</p>
          <p>47 150 61 38 151 60 5 152 9</p>
          <p>5 153 9 16 154 12 47 155 61</p>
          <p>15 156 25 124 157 151 134 158 161</p>
          <p>134 159 161 46 160 63 15 161 25</p>
          <p>46 162 63 134 163 161 36 164 64</p>
          <p>36 165 64 45 166 65 46 167 63</p>
          <p>36 168 64 34 169 48 35 170 47</p>
          <p>35 171 47 45 172 65 36 173 64</p>
          <p>50 174 54 44 175 55 131 176 158</p>
          <p>131 177 158 139 178 166 50 179 54</p>
          <p>57 180 69 137 181 164 138 182 165</p>
          <p>138 183 165 58 184 68 57 185 69</p>
          <p>58 186 68 138 187 165 43 188 52</p>
          <p>43 189 52 59 190 70 58 191 68</p>
          <p>59 192 70 43 193 52 33 194 46</p>
          <p>33 195 46 52 196 71 59 197 70</p>
          <p>52 198 71 33 199 46 132 200 159</p>
          <p>132 201 159 51 202 72 52 203 71</p>
          <p>51 204 72 132 205 159 133 206 160</p>
          <p>133 207 160 53 208 81 51 209 72</p>
          <p>53 210 81 133 211 160 37 212 62</p>
          <p>37 213 62 54 214 82 53 215 81</p>
          <p>54 216 82 37 217 62 4 218 24</p>
          <p>4 219 24 26 220 29 54 221 82</p>
          <p>27 222 32 125 223 152 135 224 162</p>
          <p>135 225 162 55 226 86 27 227 32</p>
          <p>55 228 86 135 229 162 136 230 163</p>
          <p>136 231 163 56 232 87 55 233 86</p>
          <p>56 234 87 136 235 163 137 236 164</p>
          <p>137 237 164 57 238 69 56 239 87</p>
          <p>62 240 93 63 241 94 60 242 91</p>
          <p>60 243 91 61 244 92 62 245 93</p>
          <p>65 246 96 62 247 93 61 248 92</p>
          <p>61 249 92 64 250 95 65 251 96</p>
          <p>67 252 98 65 253 96 64 254 95</p>
          <p>64 255 95 66 256 97 67 257 98</p>
          <p>69 258 100 67 259 98 66 260 97</p>
          <p>66 261 97 68 262 99 69 263 100</p>
          <p>68 264 99 70 265 101 69 266 100</p>
          <p>63 267 94 72 268 103 71 269 102</p>
          <p>71 270 102 60 271 91 63 272 94</p>
          <p>72 273 103 74 274 105 73 275 104</p>
          <p>73 276 104 71 277 102 72 278 103</p>
          <p>74 279 105 76 280 107 75 281 106</p>
          <p>75 282 106 73 283 104 74 284 105</p>
          <p>76 285 107 78 286 109 77 287 108</p>
          <p>77 288 108 75 289 106 76 290 107</p>
          <p>79 291 110 77 292 108 78 293 109</p>
          <p>61 294 88 60 295 89 16 296 12</p>
          <p>16 297 12 17 298 11 61 299 88</p>
          <p>63 300 83 62 301 84 14 302 8</p>
          <p>14 303 8 15 304 25 63 305 83</p>
          <p>64 306 90 61 307 88 17 308 11</p>
          <p>17 309 11 18 310 14 64 311 90</p>
          <p>62 312 84 65 313 85 13 314 6</p>
          <p>13 315 6 14 316 8 62 317 84</p>
          <p>66 318 39 64 319 90 18 320 14</p>
          <p>18 321 14 19 322 17 66 323 39</p>
          <p>65 324 85 67 325 127 12 326 3</p>
          <p>12 327 3 13 328 6 65 329 85</p>
          <p>68 330 38 66 331 39 19 332 17</p>
          <p>19 333 17 20 334 36 68 335 38</p>
          <p>67 336 40 69 337 41 11 338 37</p>
          <p>11 339 37 12 340 2 67 341 40</p>
          <p>70 342 42 68 343 38 20 344 36</p>
          <p>20 345 36 21 346 35 70 347 42</p>
          <p>69 348 41 70 349 42 21 350 35</p>
          <p>21 351 35 11 352 37 69 353 41</p>
          <p>60 354 89 71 355 126 47 356 61</p>
          <p>47 357 61 16 358 12 60 359 89</p>
          <p>72 360 128 63 361 83 15 362 25</p>
          <p>15 363 25 46 364 63 72 365 128</p>
          <p>71 366 126 73 367 129 48 368 57</p>
          <p>48 369 57 47 370 61 71 371 126</p>
          <p>74 372 131 72 373 128 46 374 63</p>
          <p>46 375 63 45 376 65 74 377 131</p>
          <p>73 378 129 75 379 73 41 380 50</p>
          <p>41 381 50 48 382 57 73 383 129</p>
          <p>76 384 76 74 385 131 45 386 65</p>
          <p>45 387 65 35 388 47 76 389 76</p>
          <p>75 390 73 77 391 74 49 392 53</p>
          <p>49 393 53 41 394 50 75 395 73</p>
          <p>78 396 75 76 397 76 35 398 47</p>
          <p>35 399 47 44 400 55 78 401 75</p>
          <p>77 402 74 79 403 77 50 404 54</p>
          <p>50 405 54 49 406 53 77 407 74</p>
          <p>79 408 77 78 409 75 44 410 55</p>
          <p>44 411 55 50 412 54 79 413 77</p>
          <p>80 414 43 81 415 44 23 416 20</p>
          <p>23 417 20 22 418 19 80 419 43</p>
          <p>81 420 134 82 421 135 24 422 27</p>
          <p>24 423 27 23 424 26 81 425 134</p>
          <p>82 426 135 83 427 144 25 428 28</p>
          <p>25 429 28 24 430 27 82 431 135</p>
          <p>83 432 144 84 433 145 26 434 29</p>
          <p>26 435 29 25 436 28 83 437 144</p>
          <p>85 438 132 86 439 133 28 440 33</p>
          <p>28 441 33 27 442 32 85 443 132</p>
          <p>86 444 133 87 445 143 29 446 34</p>
          <p>29 447 34 28 448 33 86 449 133</p>
          <p>87 450 143 88 451 45 30 452 21</p>
          <p>30 453 21 29 454 34 87 455 143</p>
          <p>88 456 45 89 457 136 31 458 22</p>
          <p>31 459 22 30 460 21 88 461 45</p>
          <p>89 462 136 90 463 137 32 464 23</p>
          <p>32 465 23 31 466 22 89 467 136</p>
          <p>90 468 137 80 469 43 22 470 19</p>
          <p>22 471 19 32 472 23 90 473 137</p>
          <p>92 474 78 91 475 79 52 476 71</p>
          <p>52 477 71 51 478 72 92 479 78</p>
          <p>93 480 58 92 481 78 51 482 72</p>
          <p>51 483 72 53 484 81 93 485 58</p>
          <p>94 486 66 93 487 58 53 488 81</p>
          <p>53 489 81 54 490 82 94 491 66</p>
          <p>84 492 145 94 493 66 54 494 82</p>
          <p>54 495 82 26 496 29 84 497 145</p>
          <p>95 498 130 85 499 132 27 500 32</p>
          <p>27 501 32 55 502 86 95 503 130</p>
          <p>96 504 59 95 505 130 55 506 86</p>
          <p>55 507 86 56 508 87 96 509 59</p>
          <p>97 510 30 96 511 59 56 512 87</p>
          <p>56 513 87 57 514 69 97 515 30</p>
          <p>98 516 80 97 517 30 57 518 69</p>
          <p>57 519 69 58 520 68 98 521 80</p>
          <p>99 522 125 98 523 80 58 524 68</p>
          <p>58 525 68 59 526 70 99 527 125</p>
          <p>91 528 79 99 529 125 59 530 70</p>
          <p>59 531 70 52 532 71 91 533 79</p>
          <p>100 534 138 101 535 139 81 536 44</p>
          <p>81 537 44 80 538 43 100 539 138</p>
          <p>101 540 31 102 541 117 82 542 135</p>
          <p>82 543 135 81 544 134 101 545 31</p>
          <p>102 546 117 103 547 116 83 548 144</p>
          <p>83 549 144 82 550 135 102 551 117</p>
          <p>103 552 116 104 553 115 84 554 145</p>
          <p>84 555 145 83 556 144 103 557 116</p>
          <p>105 558 67 106 559 111 86 560 133</p>
          <p>86 561 133 85 562 132 105 563 67</p>
          <p>106 564 111 107 565 112 87 566 143</p>
          <p>87 567 143 86 568 133 106 569 111</p>
          <p>107 570 112 108 571 140 88 572 45</p>
          <p>88 573 45 87 574 143 107 575 112</p>
          <p>108 576 140 109 577 141 89 578 136</p>
          <p>89 579 136 88 580 45 108 581 140</p>
          <p>109 582 141 110 583 142 90 584 137</p>
          <p>90 585 137 89 586 136 109 587 141</p>
          <p>110 588 142 100 589 138 80 590 43</p>
          <p>80 591 43 90 592 137 110 593 142</p>
          <p>112 594 124 111 595 123 91 596 79</p>
          <p>91 597 79 92 598 78 112 599 124</p>
          <p>113 600 114 112 601 124 92 602 78</p>
          <p>92 603 78 93 604 58 113 605 114</p>
          <p>114 606 113 113 607 114 93 608 58</p>
          <p>93 609 58 94 610 66 114 611 113</p>
          <p>104 612 115 114 613 113 94 614 66</p>
          <p>94 615 66 84 616 145 104 617 115</p>
          <p>115 618 118 105 619 67 85 620 132</p>
          <p>85 621 132 95 622 130 115 623 118</p>
          <p>116 624 119 115 625 118 95 626 130</p>
          <p>95 627 130 96 628 59 116 629 119</p>
          <p>117 630 121 116 631 119 96 632 59</p>
          <p>96 633 59 97 634 30 117 635 121</p>
          <p>118 636 122 117 637 121 97 638 30</p>
          <p>97 639 30 98 640 80 118 641 122</p>
          <p>119 642 120 118 643 122 98 644 80</p>
          <p>98 645 80 99 646 125 119 647 120</p>
          <p>111 648 123 119 649 120 99 650 125</p>
          <p>99 651 125 91 652 79 111 653 123</p>
          <p>0 654 0 120 655 146 1 656 1</p>
          <p>1 657 1 121 658 147 0 659 0</p>
          <p>121 660 148 1 661 4 2 662 5</p>
          <p>2 663 5 122 664 149 121 665 148</p>
          <p>122 666 149 2 667 5 3 668 7</p>
          <p>3 669 7 123 670 150 122 671 149</p>
          <p>123 672 150 3 673 7 4 674 24</p>
          <p>4 675 24 124 676 151 123 677 150</p>
          <p>5 678 9 125 679 152 6 680 10</p>
          <p>6 681 10 126 682 153 5 683 9</p>
          <p>126 684 153 6 685 10 7 686 13</p>
          <p>7 687 13 127 688 154 126 689 153</p>
          <p>127 690 154 7 691 13 8 692 15</p>
          <p>8 693 15 128 694 155 127 695 154</p>
          <p>128 696 155 8 697 15 9 698 16</p>
          <p>9 699 16 129 700 156 128 701 155</p>
          <p>129 702 156 9 703 16 130 704 157</p>
          <p>130 705 157 10 706 18 129 707 156</p>
          <p>10 708 18 130 709 157 120 710 146</p>
          <p>120 711 146 0 712 0 10 713 18</p>
          <p>34 714 48 132 715 159 33 716 46</p>
          <p>33 717 46 131 718 158 34 719 48</p>
          <p>42 720 51 138 721 165 137 722 164</p>
          <p>137 723 164 40 724 49 42 725 51</p>
          <p>139 726 166 43 727 52 138 728 165</p>
          <p>138 729 165 42 730 51 139 731 166</p>
          <p>131 732 158 33 733 46 43 734 52</p>
          <p>43 735 52 139 736 166 131 737 158</p>
          <p>40 738 49 137 739 164 136 740 163</p>
          <p>136 741 163 39 742 56 40 743 49</p>
          <p>39 744 56 136 745 163 135 746 162</p>
          <p>135 747 162 38 748 60 39 749 56</p>
          <p>38 750 60 135 751 162 125 752 152</p>
          <p>125 753 152 5 754 9 38 755 60</p>
          <p>124 756 151 4 757 24 37 758 62</p>
          <p>37 759 62 134 760 161 124 761 151</p>
          <p>134 762 161 37 763 62 133 764 160</p>
          <p>133 765 160 36 766 64 134 767 161</p>
          <p>36 768 64 133 769 160 132 770 159</p>
          <p>132 771 159 34 772 48 36 773 64</p>
        </polygons>
      </mesh>
    </geometry>
    <geometry id="cap_n_label-lib" name="cap_n_labelMesh">
      <mesh>
        <source id="cap_n_label-lib-Position">
          <float_array id="cap_n_label-lib-Position-array" count="708">
0.021373 0.006945 0.050138
0.018181 0.013209 0.050138
0.013209 0.018181 0.050138
0.006944 0.021373 0.050138
-0.000000 0.022303 0.050138
-0.000000 -0.022303 0.050138
0.006944 -0.021373 0.050138
0.013209 -0.018181 0.050138
0.018181 -0.013209 0.050138
0.021373 -0.006944 0.050138
0.022473 0.000000 0.050138
0.008879 0.002885 0.014862
0.007553 0.005488 0.014862
0.005488 0.007553 0.014862
0.002885 0.008879 0.014862
-0.000000 0.009266 0.014862
-0.000000 -0.009266 0.014862
0.002885 -0.008879 0.014862
0.005488 -0.007553 0.014862
0.007553 -0.005488 0.014862
0.008879 -0.002885 0.014862
0.009336 0.000000 0.014862
0.010329 0.003356 0.013609
0.008787 0.006384 0.013609
0.006384 0.008787 0.013609
0.003356 0.010329 0.013609
-0.000000 0.010779 0.013609
-0.000000 -0.010779 0.013609
0.003356 -0.010329 0.013609
0.006384 -0.008787 0.013609
0.008787 -0.006384 0.013609
0.010329 -0.003356 0.013609
0.010861 0.000000 0.013609
0.013091 0.004253 -0.000167
0.011136 0.008090 -0.000167
0.008091 0.011136 -0.000167
0.004253 0.013091 -0.000167
-0.000000 0.013661 -0.000167
-0.000000 -0.013661 -0.000167
0.004253 -0.013091 -0.000167
0.008091 -0.011136 -0.000167
0.011136 -0.008090 -0.000167
0.013091 -0.004253 -0.000167
0.013764 0.000000 -0.000167
-0.000000 -0.009802 0.027584
0.003052 -0.009393 0.027584
0.005805 -0.007990 0.027584
0.007990 -0.005805 0.027584
0.009393 -0.003052 0.027584
0.009877 0.000000 0.027584
0.009393 0.003052 0.027584
0.007990 0.005805 0.027584
0.005805 0.007990 0.027584
0.003052 0.009393 0.027584
-0.000000 0.009802 0.027584
0.003916 -0.012051 0.036643
0.007448 -0.010251 0.036643
0.010251 -0.007448 0.036643
0.012051 -0.003916 0.036643
0.012671 0.000000 0.036643
0.012051 0.003916 0.036643
0.010251 0.007448 0.036643
0.007448 0.010251 0.036643
0.003916 0.012051 0.036643
-0.000000 0.012576 0.036643
-0.000000 -0.012576 0.036643
-0.000000 -0.017769 0.043239
0.005533 -0.017028 0.043239
0.010524 -0.014485 0.043239
0.014485 -0.010524 0.043239
0.017028 -0.005533 0.043239
0.017904 0.000000 0.043239
0.017028 0.005533 0.043239
0.014485 0.010524 0.043239
0.010524 0.014485 0.043239
0.005533 0.017028 0.043239
-0.000000 0.017769 0.043239
0.025869 0.008405 0.098044
0.022006 0.015988 0.098044
0.025869 0.008405 0.052574
0.022006 0.015988 0.052574
0.015988 0.022006 0.098044
0.015988 0.022006 0.052574
0.008405 0.025869 0.098044
0.008405 0.025869 0.052574
-0.000000 0.026995 0.098044
-0.000000 0.026995 0.052574
-0.000000 -0.026995 0.098044
-0.000000 -0.026995 0.052574
0.008405 -0.025869 0.098044
0.008405 -0.025869 0.052574
0.015988 -0.022006 0.098044
0.015988 -0.022006 0.052574
0.022006 -0.015988 0.098044
0.022006 -0.015988 0.052574
0.025869 -0.008405 0.098044
0.025869 -0.008405 0.052574
0.027200 0.000000 0.098044
0.027200 0.000000 0.052574
-0.011136 0.008090 -0.000167
-0.013091 0.004253 -0.000167
-0.008091 0.011136 -0.000167
-0.004254 0.013091 -0.000167
-0.004253 -0.013091 -0.000167
-0.008091 -0.011136 -0.000167
-0.011136 -0.008090 -0.000167
-0.013091 -0.004253 -0.000167
-0.013764 0.000000 -0.000167
-0.022006 0.015988 0.098044
-0.025869 0.008405 0.098044
-0.025869 0.008405 0.052574
-0.022006 0.015988 0.052574
-0.015988 0.022006 0.098044
-0.015988 0.022006 0.052574
-0.008405 0.025869 0.098044
-0.008405 0.025869 0.052574
-0.008405 -0.025869 0.098044
-0.008405 -0.025869 0.052574
-0.015988 -0.022006 0.098044
-0.015988 -0.022006 0.052574
-0.022006 -0.015988 0.098044
-0.022006 -0.015988 0.052574
-0.025869 -0.008405 0.098044
-0.025869 -0.008405 0.052574
-0.027200 0.000000 0.052574
-0.027200 0.000000 0.098044
-0.021373 0.006945 0.050138
-0.018181 0.013209 0.050138
-0.013209 0.018181 0.050138
-0.006944 0.021373 0.050138
-0.006944 -0.021373 0.050138
-0.013209 -0.018181 0.050138
-0.018181 -0.013209 0.050138
-0.021373 -0.006944 0.050138
-0.022473 0.000000 0.050138
-0.017028 0.005533 0.043239
-0.014485 0.010524 0.043239
-0.010524 0.014485 0.043239
-0.005533 0.017028 0.043239
-0.005533 -0.017028 0.043239
-0.010524 -0.014485 0.043239
-0.014485 -0.010524 0.043239
-0.017028 -0.005533 0.043239
-0.017904 0.000000 0.043239
-0.007553 0.005488 0.014862
-0.008879 0.002885 0.014862
-0.010329 0.003356 0.013609
-0.008787 0.006384 0.013609
-0.005488 0.007553 0.014862
-0.006384 0.008787 0.013609
-0.002885 0.008879 0.014862
-0.003356 0.010329 0.013609
-0.002885 -0.008879 0.014862
-0.003356 -0.010329 0.013609
-0.005488 -0.007553 0.014862
-0.006384 -0.008787 0.013609
-0.007553 -0.005488 0.014862
-0.008787 -0.006384 0.013609
-0.008879 -0.002885 0.014862
-0.010329 -0.003356 0.013609
-0.010861 0.000000 0.013609
-0.009336 0.000000 0.014862
-0.003052 -0.009393 0.027584
-0.005805 -0.007990 0.027584
-0.007990 -0.005805 0.027584
-0.009393 -0.003052 0.027584
-0.009877 0.000000 0.027584
-0.009393 0.003052 0.027584
-0.007990 0.005805 0.027584
-0.005805 0.007990 0.027584
-0.003052 0.009393 0.027584
-0.007448 -0.010251 0.036643
-0.003916 -0.012051 0.036643
-0.010251 -0.007448 0.036643
-0.012051 -0.003916 0.036643
-0.012671 0.000000 0.036643
-0.012051 0.003916 0.036643
-0.010251 0.007448 0.036643
-0.007448 0.010251 0.036643
-0.003916 0.012051 0.036643
0.020609 0.014973 0.099257
0.024227 0.007872 0.099257
0.014973 0.020609 0.099257
0.007872 0.024227 0.099257
-0.000000 0.025282 0.099257
0.007872 -0.024227 0.099257
-0.000000 -0.025282 0.099257
0.014973 -0.020609 0.099257
0.020609 -0.014973 0.099257
0.024227 -0.007872 0.099257
0.025474 0.000000 0.099257
-0.024228 0.007872 0.099257
-0.020609 0.014973 0.099257
-0.014973 0.020609 0.099257
-0.007872 0.024227 0.099257
-0.007872 -0.024227 0.099257
-0.014973 -0.020609 0.099257
-0.020609 -0.014973 0.099257
-0.024228 -0.007872 0.099257
-0.025474 0.000000 0.099257
-0.000000 -0.074294 0.245908
0.022763 -0.071238 0.245908
0.022763 -0.071238 0.395564
-0.000000 -0.074294 0.395564
0.043307 -0.060773 0.245908
0.043307 -0.060773 0.395564
0.056844 -0.047036 0.249280
0.056844 -0.047036 0.392193
-0.043307 -0.060773 0.245908
-0.043307 -0.060773 0.395564
-0.056844 -0.047036 0.392193
-0.056844 -0.047036 0.249280
-0.022763 -0.071238 0.245908
-0.022763 -0.071238 0.395564
-0.051417 -0.052679 0.395564
-0.051417 -0.052679 0.245908
0.051417 -0.052679 0.395564
0.051417 -0.052679 0.245908
0.059526 -0.044584 0.385270
0.051417 -0.052679 0.385270
0.043307 -0.060773 0.385270
0.022763 -0.071238 0.385270
-0.000000 -0.074294 0.385270
-0.022763 -0.071238 0.385271
-0.043307 -0.060773 0.385271
-0.051417 -0.052679 0.385270
-0.059526 -0.044584 0.385270
0.059526 -0.044584 0.256202
0.051417 -0.052679 0.256202
0.043307 -0.060773 0.256202
0.022763 -0.071238 0.256202
-0.000000 -0.074294 0.256202
-0.022763 -0.071238 0.256202
-0.043307 -0.060773 0.256202
-0.051417 -0.052679 0.256202
-0.059526 -0.044584 0.256202
</float_array>
          <technique_common>
            <accessor source="#cap_n_label-lib-Position-array" count="236" stride="3">
              <param name="X" type="float"/>
              <param name="Y" type="float"/>
              <param name="Z" type="float"/>
            </accessor>
          </technique_common>
        </source>
        <source id="cap_n_label-lib-Normal0">
          <float_array id="cap_n_label-lib-Normal0-array" count="3834">
0.809018 0.587783 -0.000000
0.951056 0.309017 0.000000
0.951056 0.309017 0.000000
0.951056 0.309017 0.000000
0.809019 0.587783 -0.000000
0.809018 0.587783 -0.000000
0.587785 0.809017 -0.000000
0.809018 0.587783 -0.000000
0.809019 0.587783 -0.000000
0.809019 0.587783 -0.000000
0.587786 0.809017 -0.000000
0.587785 0.809017 -0.000000
0.297628 0.954682 0.000000
0.587785 0.809017 -0.000000
0.587786 0.809017 -0.000000
0.587786 0.809017 -0.000000
0.297628 0.954682 0.000000
0.297628 0.954682 0.000000
0.000000 1.000000 0.000000
0.297628 0.954682 0.000000
0.297628 0.954682 0.000000
0.297628 0.954682 0.000000
0.000000 1.000000 0.000000
0.000000 1.000000 0.000000
0.297628 -0.954682 0.000000
0.000001 -1.000000 0.000000
0.000001 -1.000000 0.000000
0.000001 -1.000000 0.000000
0.297628 -0.954682 0.000000
0.297628 -0.954682 0.000000
0.587786 -0.809017 0.000000
0.297628 -0.954682 0.000000
0.297628 -0.954682 0.000000
0.297628 -0.954682 0.000000
0.587786 -0.809017 0.000000
0.587786 -0.809017 0.000000
0.809017 -0.587785 0.000000
0.587786 -0.809017 0.000000
0.587786 -0.809017 0.000000
0.587786 -0.809017 0.000000
0.809017 -0.587785 0.000000
0.809017 -0.587785 0.000000
0.951056 -0.309020 0.000000
0.809017 -0.587785 0.000000
0.809017 -0.587785 0.000000
0.809017 -0.587785 0.000000
0.951056 -0.309020 0.000000
0.951056 -0.309020 0.000000
1.000000 -0.000001 0.000000
1.000000 -0.000001 0.000000
0.951056 -0.309020 0.000000
0.951056 -0.309020 0.000000
0.951056 -0.309020 0.000000
1.000000 -0.000001 0.000000
0.951056 0.309017 0.000000
0.951056 0.309017 0.000000
1.000000 -0.000001 0.000000
1.000000 -0.000001 0.000000
1.000000 -0.000001 0.000000
0.951056 0.309017 0.000000
0.674553 0.490091 -0.552078
0.792983 0.257660 -0.552078
0.771109 0.250552 -0.585333
0.771109 0.250552 -0.585333
0.655946 0.476572 -0.585333
0.674553 0.490091 -0.552078
0.490093 0.674551 -0.552077
0.674553 0.490091 -0.552078
0.655946 0.476572 -0.585333
0.655946 0.476572 -0.585333
0.476574 0.655944 -0.585333
0.490093 0.674551 -0.552077
0.248683 0.795861 -0.552053
0.490093 0.674551 -0.552077
0.476574 0.655944 -0.585333
0.476574 0.655944 -0.585333
0.241281 0.774196 -0.585153
0.248683 0.795861 -0.552053
0.000000 0.835710 -0.549172
0.248683 0.795861 -0.552053
0.241281 0.774196 -0.585153
0.241281 0.774196 -0.585153
0.000000 0.812656 -0.582744
0.000000 0.835710 -0.549172
0.248682 -0.795861 -0.552054
0.000000 -0.835709 -0.549173
0.000000 -0.812655 -0.582745
0.000000 -0.812655 -0.582745
0.241279 -0.774196 -0.585154
0.248682 -0.795861 -0.552054
0.490090 -0.674553 -0.552078
0.248682 -0.795861 -0.552054
0.241279 -0.774196 -0.585154
0.241279 -0.774196 -0.585154
0.476572 -0.655945 -0.585334
0.490090 -0.674553 -0.552078
0.674552 -0.490091 -0.552078
0.490090 -0.674553 -0.552078
0.476572 -0.655945 -0.585334
0.476572 -0.655945 -0.585334
0.655945 -0.476572 -0.585333
0.674552 -0.490091 -0.552078
0.792983 -0.257659 -0.552078
0.674552 -0.490091 -0.552078
0.655945 -0.476572 -0.585333
0.655945 -0.476572 -0.585333
0.771109 -0.250550 -0.585333
0.792983 -0.257659 -0.552078
0.810792 0.000000 -0.585334
0.833793 0.000000 -0.552078
0.792983 -0.257659 -0.552078
0.792983 -0.257659 -0.552078
0.771109 -0.250550 -0.585333
0.810792 0.000000 -0.585334
0.771109 0.250552 -0.585333
0.792983 0.257660 -0.552078
0.833793 0.000000 -0.552078
0.833793 0.000000 -0.552078
0.810792 0.000000 -0.585334
0.771109 0.250552 -0.585333
0.732091 0.531893 0.425597
0.860624 0.279635 0.425595
0.603710 0.196158 0.772694
0.603710 0.196158 0.772694
0.513547 0.373113 0.772694
0.732091 0.531893 0.425597
0.531896 0.732090 0.425595
0.732091 0.531893 0.425597
0.513547 0.373113 0.772694
0.513547 0.373113 0.772694
0.373116 0.513544 0.772695
0.531896 0.732090 0.425595
0.268709 0.863411 0.426986
0.531896 0.732090 0.425595
0.373116 0.513544 0.772695
0.373116 0.513544 0.772695
0.189471 0.605865 0.772676
0.268709 0.863411 0.426986
0.000000 0.906990 0.421151
0.268709 0.863411 0.426986
0.189471 0.605865 0.772676
0.189471 0.605865 0.772676
0.000000 0.637647 0.770329
0.000000 0.906990 0.421151
0.268704 -0.863413 0.426986
0.000000 -0.906990 0.421151
0.000000 -0.637647 0.770329
0.000000 -0.637647 0.770329
0.189469 -0.605865 0.772677
0.268704 -0.863413 0.426986
0.531894 -0.732089 0.425599
0.268704 -0.863413 0.426986
0.189469 -0.605865 0.772677
0.189469 -0.605865 0.772677
0.373111 -0.513543 0.772698
0.531894 -0.732089 0.425599
0.732090 -0.531893 0.425598
0.531894 -0.732089 0.425599
0.373111 -0.513543 0.772698
0.373111 -0.513543 0.772698
0.513545 -0.373110 0.772697
0.732090 -0.531893 0.425598
0.860622 -0.279638 0.425596
0.732090 -0.531893 0.425598
0.513545 -0.373110 0.772697
0.513545 -0.373110 0.772697
0.603708 -0.196158 0.772695
0.860622 -0.279638 0.425596
0.634778 -0.000000 0.772695
0.904913 0.000000 0.425597
0.860622 -0.279638 0.425596
0.860622 -0.279638 0.425596
0.603708 -0.196158 0.772695
0.634778 -0.000000 0.772695
0.603710 0.196158 0.772694
0.860624 0.279635 0.425595
0.904913 0.000000 0.425597
0.904913 0.000000 0.425597
0.634778 -0.000000 0.772695
0.603710 0.196158 0.772694
0.791630 0.575148 0.206221
0.930613 0.302377 0.206222
0.930613 0.302376 0.206222
0.930613 0.302376 0.206222
0.791631 0.575147 0.206221
0.791630 0.575148 0.206221
0.575157 0.791623 0.206223
0.791630 0.575148 0.206221
0.791631 0.575147 0.206221
0.791631 0.575147 0.206221
0.575156 0.791624 0.206223
0.575157 0.791623 0.206223
0.290976 0.934244 0.206208
0.575157 0.791623 0.206223
0.575156 0.791624 0.206223
0.575156 0.791624 0.206223
0.291470 0.934089 0.206209
0.290976 0.934244 0.206208
0.000000 0.978818 0.204731
0.290976 0.934244 0.206208
0.291470 0.934089 0.206209
0.291470 0.934089 0.206209
0.000000 0.978818 0.204731
0.000000 0.978818 0.204731
0.290972 -0.934244 0.206210
0.000000 -0.978818 0.204733
0.000000 -0.978818 0.204733
0.000000 -0.978818 0.204733
0.291465 -0.934090 0.206211
0.290972 -0.934244 0.206210
0.575156 -0.791623 0.206223
0.290972 -0.934244 0.206210
0.291465 -0.934090 0.206211
0.291465 -0.934090 0.206211
0.575155 -0.791624 0.206223
0.575156 -0.791623 0.206223
0.791632 -0.575146 0.206220
0.575156 -0.791623 0.206223
0.575155 -0.791624 0.206223
0.575155 -0.791624 0.206223
0.791632 -0.575145 0.206220
0.791632 -0.575146 0.206220
0.930613 -0.302377 0.206222
0.791632 -0.575146 0.206220
0.791632 -0.575145 0.206220
0.791632 -0.575145 0.206220
0.930613 -0.302376 0.206222
0.930613 -0.302377 0.206222
0.930613 -0.302376 0.206222
0.978505 -0.000000 0.206223
0.978505 -0.000000 0.206223
0.978505 -0.000000 0.206223
0.930613 -0.302377 0.206222
0.930613 -0.302376 0.206222
0.978505 -0.000000 0.206223
0.930613 0.302376 0.206222
0.930613 0.302377 0.206222
0.930613 0.302377 0.206222
0.978505 -0.000000 0.206223
0.978505 -0.000000 0.206223
0.293015 -0.940451 -0.172318
0.000000 -0.985341 -0.170598
0.000000 -0.906990 0.421151
0.000000 -0.906990 0.421151
0.268704 -0.863413 0.426986
0.293015 -0.940451 -0.172318
0.579009 -0.796937 -0.172163
0.293015 -0.940451 -0.172318
0.268704 -0.863413 0.426986
0.268704 -0.863413 0.426986
0.531894 -0.732089 0.425599
0.579009 -0.796937 -0.172163
0.796937 -0.579009 -0.172164
0.579009 -0.796937 -0.172163
0.531894 -0.732089 0.425599
0.531894 -0.732089 0.425599
0.732090 -0.531893 0.425598
0.796937 -0.579009 -0.172164
0.936854 -0.304407 -0.172164
0.796937 -0.579009 -0.172164
0.732090 -0.531893 0.425598
0.732090 -0.531893 0.425598
0.860622 -0.279638 0.425596
0.936854 -0.304407 -0.172164
0.904913 0.000000 0.425597
0.985068 0.000000 -0.172163
0.936854 -0.304407 -0.172164
0.936854 -0.304407 -0.172164
0.860622 -0.279638 0.425596
0.904913 0.000000 0.425597
0.860624 0.279635 0.425595
0.936856 0.304403 -0.172163
0.985068 0.000000 -0.172163
0.985068 0.000000 -0.172163
0.904913 0.000000 0.425597
0.860624 0.279635 0.425595
0.796938 0.579007 -0.172164
0.936856 0.304403 -0.172163
0.860624 0.279635 0.425595
0.860624 0.279635 0.425595
0.732091 0.531893 0.425597
0.796938 0.579007 -0.172164
0.579009 0.796937 -0.172163
0.796938 0.579007 -0.172164
0.732091 0.531893 0.425597
0.732091 0.531893 0.425597
0.531896 0.732090 0.425595
0.579009 0.796937 -0.172163
0.293017 0.940451 -0.172318
0.579009 0.796937 -0.172163
0.531896 0.732090 0.425595
0.531896 0.732090 0.425595
0.268709 0.863411 0.426986
0.293017 0.940451 -0.172318
0.000000 0.985341 -0.170597
0.293017 0.940451 -0.172318
0.268709 0.863411 0.426986
0.268709 0.863411 0.426986
0.000000 0.906990 0.421151
0.000000 0.985341 -0.170597
0.517579 -0.712388 -0.473936
0.261793 -0.840419 -0.474510
0.293015 -0.940451 -0.172318
0.293015 -0.940451 -0.172318
0.579009 -0.796937 -0.172163
0.517579 -0.712388 -0.473936
0.712387 -0.517580 -0.473937
0.517579 -0.712388 -0.473936
0.579009 -0.796937 -0.172163
0.579009 -0.796937 -0.172163
0.796937 -0.579009 -0.172164
0.712387 -0.517580 -0.473937
0.837461 -0.272109 -0.473937
0.712387 -0.517580 -0.473937
0.796937 -0.579009 -0.172164
0.796937 -0.579009 -0.172164
0.936854 -0.304407 -0.172164
0.837461 -0.272109 -0.473937
0.880559 0.000000 -0.473937
0.837461 -0.272109 -0.473937
0.936854 -0.304407 -0.172164
0.936854 -0.304407 -0.172164
0.985068 0.000000 -0.172163
0.880559 0.000000 -0.473937
0.837461 0.272108 -0.473937
0.880559 0.000000 -0.473937
0.985068 0.000000 -0.172163
0.985068 0.000000 -0.172163
0.936856 0.304403 -0.172163
0.837461 0.272108 -0.473937
0.712388 0.517579 -0.473936
0.837461 0.272108 -0.473937
0.936856 0.304403 -0.172163
0.936856 0.304403 -0.172163
0.796938 0.579007 -0.172164
0.712388 0.517579 -0.473936
0.517581 0.712386 -0.473936
0.712388 0.517579 -0.473936
0.796938 0.579007 -0.172164
0.796938 0.579007 -0.172164
0.579009 0.796937 -0.172163
0.517581 0.712386 -0.473936
0.261793 0.840419 -0.474510
0.517581 0.712386 -0.473936
0.579009 0.796937 -0.172163
0.579009 0.796937 -0.172163
0.293017 0.940451 -0.172318
0.261793 0.840419 -0.474510
0.000000 0.882606 -0.470113
0.261793 0.840419 -0.474510
0.293017 0.940451 -0.172318
0.293017 0.940451 -0.172318
0.000000 0.985341 -0.170597
0.000000 0.882606 -0.470113
0.261793 -0.840419 -0.474510
0.000000 -0.882606 -0.470113
0.000000 -0.985341 -0.170598
0.000000 -0.985341 -0.170598
0.293015 -0.940451 -0.172318
0.261793 -0.840419 -0.474510
0.241279 -0.774196 -0.585154
0.000000 -0.812655 -0.582745
0.000000 -0.882606 -0.470113
0.000000 -0.882606 -0.470113
0.261793 -0.840419 -0.474510
0.241279 -0.774196 -0.585154
0.476572 -0.655945 -0.585334
0.241279 -0.774196 -0.585154
0.261793 -0.840419 -0.474510
0.261793 -0.840419 -0.474510
0.517579 -0.712388 -0.473936
0.476572 -0.655945 -0.585334
0.655945 -0.476572 -0.585333
0.476572 -0.655945 -0.585334
0.517579 -0.712388 -0.473936
0.517579 -0.712388 -0.473936
0.712387 -0.517580 -0.473937
0.655945 -0.476572 -0.585333
0.771109 -0.250550 -0.585333
0.655945 -0.476572 -0.585333
0.712387 -0.517580 -0.473937
0.712387 -0.517580 -0.473937
0.837461 -0.272109 -0.473937
0.771109 -0.250550 -0.585333
0.880559 0.000000 -0.473937
0.810792 0.000000 -0.585334
0.771109 -0.250550 -0.585333
0.771109 -0.250550 -0.585333
0.837461 -0.272109 -0.473937
0.880559 0.000000 -0.473937
0.837461 0.272108 -0.473937
0.771109 0.250552 -0.585333
0.810792 0.000000 -0.585334
0.810792 0.000000 -0.585334
0.880559 0.000000 -0.473937
0.837461 0.272108 -0.473937
0.655946 0.476572 -0.585333
0.771109 0.250552 -0.585333
0.837461 0.272108 -0.473937
0.837461 0.272108 -0.473937
0.712388 0.517579 -0.473936
0.655946 0.476572 -0.585333
0.476574 0.655944 -0.585333
0.655946 0.476572 -0.585333
0.712388 0.517579 -0.473936
0.712388 0.517579 -0.473936
0.517581 0.712386 -0.473936
0.476574 0.655944 -0.585333
0.241281 0.774196 -0.585153
0.476574 0.655944 -0.585333
0.517581 0.712386 -0.473936
0.517581 0.712386 -0.473936
0.261793 0.840419 -0.474510
0.241281 0.774196 -0.585153
0.000000 0.812656 -0.582744
0.241281 0.774196 -0.585153
0.261793 0.840419 -0.474510
0.261793 0.840419 -0.474510
0.000000 0.882606 -0.470113
0.000000 0.812656 -0.582744
0.465195 0.337984 0.818145
0.546872 0.177688 0.818143
0.546872 0.177689 0.818143
0.546872 0.177689 0.818143
0.465196 0.337982 0.818145
0.465195 0.337984 0.818145
0.370512 0.269192 -0.888964
0.370512 0.269192 -0.888964
0.435564 0.141524 -0.888963
0.435564 0.141524 -0.888963
0.435564 0.141524 -0.888963
0.370512 0.269192 -0.888964
0.337983 0.465195 0.818145
0.465195 0.337984 0.818145
0.465196 0.337982 0.818145
0.465196 0.337982 0.818145
0.337984 0.465195 0.818145
0.337983 0.465195 0.818145
0.269193 0.370511 -0.888964
0.269193 0.370511 -0.888964
0.370512 0.269192 -0.888964
0.370512 0.269192 -0.888964
0.370512 0.269192 -0.888964
0.269193 0.370511 -0.888964
0.170489 0.549194 0.818119
0.337983 0.465195 0.818145
0.337984 0.465195 0.818145
0.337984 0.465195 0.818145
0.171657 0.548820 0.818126
0.170489 0.549194 0.818119
0.135737 0.437433 -0.888947
0.136750 0.437107 -0.888953
0.269193 0.370511 -0.888964
0.269193 0.370511 -0.888964
0.269193 0.370511 -0.888964
0.135737 0.437433 -0.888947
-0.000000 0.577932 0.816085
0.170489 0.549194 0.818119
0.171657 0.548820 0.818126
0.171657 0.548820 0.818126
-0.000000 0.577932 0.816085
-0.000000 0.577932 0.816085
0.000000 0.460723 -0.887544
0.136750 0.437107 -0.888953
0.135737 0.437433 -0.888947
0.135737 0.437433 -0.888947
0.000000 0.460723 -0.887544
0.000000 0.460723 -0.887544
0.170490 -0.549195 0.818119
0.000000 -0.577930 0.816087
0.000000 -0.577929 0.816087
0.000000 -0.577929 0.816087
0.171658 -0.548821 0.818126
0.170490 -0.549195 0.818119
0.135738 -0.437434 -0.888947
0.136750 -0.437108 -0.888952
0.000000 -0.460722 -0.887544
0.000000 -0.460722 -0.887544
0.000000 -0.460722 -0.887544
0.135738 -0.437434 -0.888947
0.337988 -0.465199 0.818140
0.170490 -0.549195 0.818119
0.171658 -0.548821 0.818126
0.171658 -0.548821 0.818126
0.337987 -0.465200 0.818140
0.337988 -0.465199 0.818140
0.269193 -0.370513 -0.888963
0.269193 -0.370513 -0.888963
0.136750 -0.437108 -0.888952
0.136750 -0.437108 -0.888952
0.135738 -0.437434 -0.888947
0.269193 -0.370513 -0.888963
0.465203 -0.337988 0.818138
0.337988 -0.465199 0.818140
0.337987 -0.465200 0.818140
0.337987 -0.465200 0.818140
0.465202 -0.337989 0.818138
0.465203 -0.337988 0.818138
0.370514 -0.269194 -0.888962
0.370513 -0.269194 -0.888962
0.269193 -0.370513 -0.888963
0.269193 -0.370513 -0.888963
0.269193 -0.370513 -0.888963
0.370514 -0.269194 -0.888962
0.546876 -0.177691 0.818140
0.465203 -0.337988 0.818138
0.465202 -0.337989 0.818138
0.465202 -0.337989 0.818138
0.546875 -0.177692 0.818140
0.546876 -0.177691 0.818140
0.435565 -0.141525 -0.888962
0.435565 -0.141525 -0.888962
0.370513 -0.269194 -0.888962
0.370513 -0.269194 -0.888962
0.370514 -0.269194 -0.888962
0.435565 -0.141525 -0.888962
0.575015 -0.000000 0.818143
0.575015 -0.000000 0.818143
0.546876 -0.177691 0.818140
0.546876 -0.177691 0.818140
0.546875 -0.177692 0.818140
0.575015 -0.000000 0.818143
0.457980 -0.000000 -0.888963
0.457980 -0.000000 -0.888963
0.435565 -0.141525 -0.888962
0.435565 -0.141525 -0.888962
0.435565 -0.141525 -0.888962
0.457980 -0.000000 -0.888963
0.546872 0.177689 0.818143
0.546872 0.177688 0.818143
0.575015 -0.000000 0.818143
0.575015 -0.000000 0.818143
0.575015 -0.000000 0.818143
0.546872 0.177689 0.818143
0.435564 0.141524 -0.888963
0.435564 0.141524 -0.888963
0.457980 -0.000000 -0.888963
0.457980 -0.000000 -0.888963
0.457980 -0.000000 -0.888963
0.435564 0.141524 -0.888963
-0.809017 0.587785 -0.000000
-0.809017 0.587785 -0.000000
-0.951056 0.309017 0.000000
-0.951056 0.309017 0.000000
-0.951056 0.309017 0.000000
-0.809017 0.587785 -0.000000
-0.587786 0.809017 -0.000000
-0.587786 0.809016 -0.000000
-0.809017 0.587785 -0.000000
-0.809017 0.587785 -0.000000
-0.809017 0.587785 -0.000000
-0.587786 0.809017 -0.000000
-0.297629 0.954682 0.000000
-0.297629 0.954682 0.000000
-0.587786 0.809016 -0.000000
-0.587786 0.809016 -0.000000
-0.587786 0.809017 -0.000000
-0.297629 0.954682 0.000000
0.000000 1.000000 0.000000
0.000000 1.000000 0.000000
-0.297629 0.954682 0.000000
-0.297629 0.954682 0.000000
-0.297629 0.954682 0.000000
0.000000 1.000000 0.000000
-0.297628 -0.954682 0.000000
-0.297628 -0.954682 0.000000
0.000001 -1.000000 0.000000
0.000001 -1.000000 0.000000
0.000001 -1.000000 0.000000
-0.297628 -0.954682 0.000000
-0.587786 -0.809017 0.000000
-0.587786 -0.809017 0.000000
-0.297628 -0.954682 0.000000
-0.297628 -0.954682 0.000000
-0.297628 -0.954682 0.000000
-0.587786 -0.809017 0.000000
-0.809017 -0.587786 0.000000
-0.809017 -0.587786 0.000000
-0.587786 -0.809017 0.000000
-0.587786 -0.809017 0.000000
-0.587786 -0.809017 0.000000
-0.809017 -0.587786 0.000000
-0.951056 -0.309018 0.000000
-0.951056 -0.309018 0.000000
-0.809017 -0.587786 0.000000
-0.809017 -0.587786 0.000000
-0.809017 -0.587786 0.000000
-0.951056 -0.309018 0.000000
-1.000000 0.000000 0.000000
-0.951056 -0.309018 0.000000
-0.951056 -0.309018 0.000000
-0.951056 -0.309018 0.000000
-1.000000 0.000000 0.000000
-1.000000 0.000000 0.000000
-0.951056 0.309017 0.000000
-1.000000 0.000000 0.000000
-1.000000 0.000000 0.000000
-1.000000 0.000000 0.000000
-0.951056 0.309017 0.000000
-0.951056 0.309017 0.000000
-0.370512 0.269193 -0.888964
-0.435564 0.141524 -0.888963
-0.435564 0.141524 -0.888963
-0.435564 0.141524 -0.888963
-0.370512 0.269193 -0.888963
-0.370512 0.269193 -0.888964
-0.269193 0.370511 -0.888964
-0.370512 0.269193 -0.888964
-0.370512 0.269193 -0.888963
-0.370512 0.269193 -0.888963
-0.269193 0.370511 -0.888964
-0.269193 0.370511 -0.888964
-0.135737 0.437433 -0.888947
-0.269193 0.370511 -0.888964
-0.269193 0.370511 -0.888964
-0.269193 0.370511 -0.888964
-0.136751 0.437107 -0.888953
-0.135737 0.437433 -0.888947
0.000000 0.460723 -0.887544
0.000000 0.460723 -0.887544
-0.135737 0.437433 -0.888947
-0.135737 0.437433 -0.888947
-0.136751 0.437107 -0.888953
0.000000 0.460723 -0.887544
-0.135738 -0.437433 -0.888947
0.000000 -0.460722 -0.887544
0.000000 -0.460722 -0.887544
0.000000 -0.460722 -0.887544
-0.136750 -0.437107 -0.888953
-0.135738 -0.437433 -0.888947
-0.269193 -0.370512 -0.888963
-0.135738 -0.437433 -0.888947
-0.136750 -0.437107 -0.888953
-0.136750 -0.437107 -0.888953
-0.269193 -0.370512 -0.888963
-0.269193 -0.370512 -0.888963
-0.370513 -0.269193 -0.888963
-0.269193 -0.370512 -0.888963
-0.269193 -0.370512 -0.888963
-0.269193 -0.370512 -0.888963
-0.370512 -0.269194 -0.888963
-0.370513 -0.269193 -0.888963
-0.435563 -0.141524 -0.888963
-0.370513 -0.269193 -0.888963
-0.370512 -0.269194 -0.888963
-0.370512 -0.269194 -0.888963
-0.435563 -0.141524 -0.888963
-0.435563 -0.141524 -0.888963
-0.457979 -0.000000 -0.888963
-0.435563 -0.141524 -0.888963
-0.435563 -0.141524 -0.888963
-0.435563 -0.141524 -0.888963
-0.457979 -0.000000 -0.888963
-0.457979 -0.000000 -0.888963
-0.435564 0.141524 -0.888963
-0.457979 -0.000000 -0.888963
-0.457979 -0.000000 -0.888963
-0.457979 -0.000000 -0.888963
-0.435564 0.141524 -0.888963
-0.435564 0.141524 -0.888963
-0.674552 0.490092 -0.552077
-0.655945 0.476574 -0.585332
-0.771109 0.250551 -0.585333
-0.771109 0.250551 -0.585333
-0.792983 0.257659 -0.552078
-0.674552 0.490092 -0.552077
-0.490093 0.674552 -0.552077
-0.476574 0.655945 -0.585332
-0.655945 0.476574 -0.585332
-0.655945 0.476574 -0.585332
-0.674552 0.490092 -0.552077
-0.490093 0.674552 -0.552077
-0.248683 0.795861 -0.552053
-0.241281 0.774196 -0.585153
-0.476574 0.655945 -0.585332
-0.476574 0.655945 -0.585332
-0.490093 0.674552 -0.552077
-0.248683 0.795861 -0.552053
0.000000 0.835710 -0.549172
0.000000 0.812656 -0.582744
-0.241281 0.774196 -0.585153
-0.241281 0.774196 -0.585153
-0.248683 0.795861 -0.552053
0.000000 0.835710 -0.549172
-0.248682 -0.795860 -0.552054
-0.241279 -0.774196 -0.585154
0.000000 -0.812655 -0.582745
0.000000 -0.812655 -0.582745
0.000000 -0.835709 -0.549173
-0.248682 -0.795860 -0.552054
-0.490090 -0.674553 -0.552078
-0.476571 -0.655946 -0.585334
-0.241279 -0.774196 -0.585154
-0.241279 -0.774196 -0.585154
-0.248682 -0.795860 -0.552054
-0.490090 -0.674553 -0.552078
-0.674552 -0.490091 -0.552078
-0.655945 -0.476573 -0.585333
-0.476571 -0.655946 -0.585334
-0.476571 -0.655946 -0.585334
-0.490090 -0.674553 -0.552078
-0.674552 -0.490091 -0.552078
-0.792984 -0.257659 -0.552076
-0.771110 -0.250550 -0.585333
-0.655945 -0.476573 -0.585333
-0.655945 -0.476573 -0.585333
-0.674552 -0.490091 -0.552078
-0.792984 -0.257659 -0.552076
-0.810793 -0.000001 -0.585333
-0.771110 -0.250550 -0.585333
-0.792984 -0.257659 -0.552076
-0.792984 -0.257659 -0.552076
-0.833793 -0.000001 -0.552077
-0.810793 -0.000001 -0.585333
-0.771109 0.250551 -0.585333
-0.810793 -0.000001 -0.585333
-0.833793 -0.000001 -0.552077
-0.833793 -0.000001 -0.552077
-0.792983 0.257659 -0.552078
-0.771109 0.250551 -0.585333
-0.732089 0.531894 0.425598
-0.513544 0.373112 0.772697
-0.603708 0.196159 0.772696
-0.603708 0.196159 0.772696
-0.860622 0.279638 0.425597
-0.732089 0.531894 0.425598
-0.531897 0.732088 0.425597
-0.373115 0.513543 0.772696
-0.513544 0.373112 0.772697
-0.513544 0.373112 0.772697
-0.732089 0.531894 0.425598
-0.531897 0.732088 0.425597
-0.268709 0.863411 0.426986
-0.189470 0.605866 0.772676
-0.373115 0.513543 0.772696
-0.373115 0.513543 0.772696
-0.531897 0.732088 0.425597
-0.268709 0.863411 0.426986
0.000000 0.906990 0.421151
0.000000 0.637647 0.770329
-0.189470 0.605866 0.772676
-0.189470 0.605866 0.772676
-0.268709 0.863411 0.426986
0.000000 0.906990 0.421151
-0.268703 -0.863413 0.426986
-0.189469 -0.605865 0.772677
0.000000 -0.637647 0.770329
0.000000 -0.637647 0.770329
0.000000 -0.906990 0.421151
-0.268703 -0.863413 0.426986
-0.531893 -0.732089 0.425600
-0.373110 -0.513543 0.772698
-0.189469 -0.605865 0.772677
-0.189469 -0.605865 0.772677
-0.268703 -0.863413 0.426986
-0.531893 -0.732089 0.425600
-0.732089 -0.531894 0.425598
-0.513544 -0.373109 0.772698
-0.373110 -0.513543 0.772698
-0.373110 -0.513543 0.772698
-0.531893 -0.732089 0.425600
-0.732089 -0.531894 0.425598
-0.860621 -0.279639 0.425597
-0.603707 -0.196158 0.772696
-0.513544 -0.373109 0.772698
-0.513544 -0.373109 0.772698
-0.732089 -0.531894 0.425598
-0.860621 -0.279639 0.425597
-0.634777 -0.000000 0.772695
-0.603707 -0.196158 0.772696
-0.860621 -0.279639 0.425597
-0.860621 -0.279639 0.425597
-0.904913 0.000000 0.425598
-0.634777 -0.000000 0.772695
-0.603708 0.196159 0.772696
-0.634777 -0.000000 0.772695
-0.904913 0.000000 0.425598
-0.904913 0.000000 0.425598
-0.860622 0.279638 0.425597
-0.603708 0.196159 0.772696
-0.791630 0.575148 0.206221
-0.791630 0.575147 0.206221
-0.930614 0.302375 0.206221
-0.930614 0.302375 0.206221
-0.930613 0.302377 0.206221
-0.791630 0.575148 0.206221
-0.575155 0.791624 0.206223
-0.575155 0.791624 0.206223
-0.791630 0.575147 0.206221
-0.791630 0.575147 0.206221
-0.791630 0.575148 0.206221
-0.575155 0.791624 0.206223
-0.290975 0.934244 0.206208
-0.291469 0.934090 0.206209
-0.575155 0.791624 0.206223
-0.575155 0.791624 0.206223
-0.575155 0.791624 0.206223
-0.290975 0.934244 0.206208
0.000000 0.978818 0.204731
0.000000 0.978818 0.204731
-0.291469 0.934090 0.206209
-0.291469 0.934090 0.206209
-0.290975 0.934244 0.206208
0.000000 0.978818 0.204731
-0.290972 -0.934245 0.206210
-0.291465 -0.934091 0.206211
0.000000 -0.978818 0.204733
0.000000 -0.978818 0.204733
0.000000 -0.978818 0.204733
-0.290972 -0.934245 0.206210
-0.575155 -0.791624 0.206223
-0.575154 -0.791625 0.206223
-0.291465 -0.934091 0.206211
-0.291465 -0.934091 0.206211
-0.290972 -0.934245 0.206210
-0.575155 -0.791624 0.206223
-0.791632 -0.575146 0.206220
-0.791632 -0.575145 0.206220
-0.575154 -0.791625 0.206223
-0.575154 -0.791625 0.206223
-0.575155 -0.791624 0.206223
-0.791632 -0.575146 0.206220
-0.930613 -0.302376 0.206221
-0.930614 -0.302375 0.206221
-0.791632 -0.575145 0.206220
-0.791632 -0.575145 0.206220
-0.791632 -0.575146 0.206220
-0.930613 -0.302376 0.206221
-0.930614 -0.302375 0.206221
-0.930613 -0.302376 0.206221
-0.978505 -0.000000 0.206223
-0.978505 -0.000000 0.206223
-0.978505 -0.000000 0.206223
-0.930614 -0.302375 0.206221
-0.978505 -0.000000 0.206223
-0.978505 -0.000000 0.206223
-0.930613 0.302377 0.206221
-0.930613 0.302377 0.206221
-0.930614 0.302375 0.206221
-0.978505 -0.000000 0.206223
-0.293015 -0.940451 -0.172318
-0.268703 -0.863413 0.426986
0.000000 -0.906990 0.421151
0.000000 -0.906990 0.421151
0.000000 -0.985341 -0.170598
-0.293015 -0.940451 -0.172318
-0.579008 -0.796937 -0.172164
-0.531893 -0.732089 0.425600
-0.268703 -0.863413 0.426986
-0.268703 -0.863413 0.426986
-0.293015 -0.940451 -0.172318
-0.579008 -0.796937 -0.172164
-0.796937 -0.579009 -0.172164
-0.732089 -0.531894 0.425598
-0.531893 -0.732089 0.425600
-0.531893 -0.732089 0.425600
-0.579008 -0.796937 -0.172164
-0.796937 -0.579009 -0.172164
-0.936854 -0.304408 -0.172164
-0.860621 -0.279639 0.425597
-0.732089 -0.531894 0.425598
-0.732089 -0.531894 0.425598
-0.796937 -0.579009 -0.172164
-0.936854 -0.304408 -0.172164
-0.904913 0.000000 0.425598
-0.860621 -0.279639 0.425597
-0.936854 -0.304408 -0.172164
-0.936854 -0.304408 -0.172164
-0.985068 0.000000 -0.172164
-0.904913 0.000000 0.425598
-0.860622 0.279638 0.425597
-0.904913 0.000000 0.425598
-0.985068 0.000000 -0.172164
-0.985068 0.000000 -0.172164
-0.936854 0.304407 -0.172164
-0.860622 0.279638 0.425597
-0.796937 0.579008 -0.172164
-0.732089 0.531894 0.425598
-0.860622 0.279638 0.425597
-0.860622 0.279638 0.425597
-0.936854 0.304407 -0.172164
-0.796937 0.579008 -0.172164
-0.579011 0.796936 -0.172164
-0.531897 0.732088 0.425597
-0.732089 0.531894 0.425598
-0.732089 0.531894 0.425598
-0.796937 0.579008 -0.172164
-0.579011 0.796936 -0.172164
-0.293017 0.940451 -0.172318
-0.268709 0.863411 0.426986
-0.531897 0.732088 0.425597
-0.531897 0.732088 0.425597
-0.579011 0.796936 -0.172164
-0.293017 0.940451 -0.172318
0.000000 0.985341 -0.170597
0.000000 0.906990 0.421151
-0.268709 0.863411 0.426986
-0.268709 0.863411 0.426986
-0.293017 0.940451 -0.172318
0.000000 0.985341 -0.170597
-0.241279 -0.774196 -0.585154
-0.261793 -0.840420 -0.474510
0.000000 -0.882606 -0.470113
0.000000 -0.882606 -0.470113
0.000000 -0.812655 -0.582745
-0.241279 -0.774196 -0.585154
-0.476571 -0.655946 -0.585334
-0.517578 -0.712388 -0.473936
-0.261793 -0.840420 -0.474510
-0.261793 -0.840420 -0.474510
-0.241279 -0.774196 -0.585154
-0.476571 -0.655946 -0.585334
-0.655945 -0.476573 -0.585333
-0.712386 -0.517580 -0.473937
-0.517578 -0.712388 -0.473936
-0.517578 -0.712388 -0.473936
-0.476571 -0.655946 -0.585334
-0.655945 -0.476573 -0.585333
-0.771110 -0.250550 -0.585333
-0.837461 -0.272109 -0.473937
-0.712386 -0.517580 -0.473937
-0.712386 -0.517580 -0.473937
-0.655945 -0.476573 -0.585333
-0.771110 -0.250550 -0.585333
-0.880559 0.000000 -0.473937
-0.837461 -0.272109 -0.473937
-0.771110 -0.250550 -0.585333
-0.771110 -0.250550 -0.585333
-0.810793 -0.000001 -0.585333
-0.880559 0.000000 -0.473937
-0.837461 0.272109 -0.473937
-0.880559 0.000000 -0.473937
-0.810793 -0.000001 -0.585333
-0.810793 -0.000001 -0.585333
-0.771109 0.250551 -0.585333
-0.837461 0.272109 -0.473937
-0.655945 0.476574 -0.585332
-0.712387 0.517580 -0.473936
-0.837461 0.272109 -0.473937
-0.837461 0.272109 -0.473937
-0.771109 0.250551 -0.585333
-0.655945 0.476574 -0.585332
-0.476574 0.655945 -0.585332
-0.517581 0.712386 -0.473936
-0.712387 0.517580 -0.473936
-0.712387 0.517580 -0.473936
-0.655945 0.476574 -0.585332
-0.476574 0.655945 -0.585332
-0.241281 0.774196 -0.585153
-0.261793 0.840419 -0.474510
-0.517581 0.712386 -0.473936
-0.517581 0.712386 -0.473936
-0.476574 0.655945 -0.585332
-0.241281 0.774196 -0.585153
0.000000 0.812656 -0.582744
0.000000 0.882606 -0.470113
-0.261793 0.840419 -0.474510
-0.261793 0.840419 -0.474510
-0.241281 0.774196 -0.585153
0.000000 0.812656 -0.582744
-0.261793 -0.840420 -0.474510
-0.293015 -0.940451 -0.172318
0.000000 -0.985341 -0.170598
0.000000 -0.985341 -0.170598
0.000000 -0.882606 -0.470113
-0.261793 -0.840420 -0.474510
-0.517578 -0.712388 -0.473936
-0.579008 -0.796937 -0.172164
-0.293015 -0.940451 -0.172318
-0.293015 -0.940451 -0.172318
-0.261793 -0.840420 -0.474510
-0.517578 -0.712388 -0.473936
-0.712386 -0.517580 -0.473937
-0.796937 -0.579009 -0.172164
-0.579008 -0.796937 -0.172164
-0.579008 -0.796937 -0.172164
-0.517578 -0.712388 -0.473936
-0.712386 -0.517580 -0.473937
-0.837461 -0.272109 -0.473937
-0.936854 -0.304408 -0.172164
-0.796937 -0.579009 -0.172164
-0.796937 -0.579009 -0.172164
-0.712386 -0.517580 -0.473937
-0.837461 -0.272109 -0.473937
-0.880559 0.000000 -0.473937
-0.985068 0.000000 -0.172164
-0.936854 -0.304408 -0.172164
-0.936854 -0.304408 -0.172164
-0.837461 -0.272109 -0.473937
-0.880559 0.000000 -0.473937
-0.837461 0.272109 -0.473937
-0.936854 0.304407 -0.172164
-0.985068 0.000000 -0.172164
-0.985068 0.000000 -0.172164
-0.880559 0.000000 -0.473937
-0.837461 0.272109 -0.473937
-0.712387 0.517580 -0.473936
-0.796937 0.579008 -0.172164
-0.936854 0.304407 -0.172164
-0.936854 0.304407 -0.172164
-0.837461 0.272109 -0.473937
-0.712387 0.517580 -0.473936
-0.517581 0.712386 -0.473936
-0.579011 0.796936 -0.172164
-0.796937 0.579008 -0.172164
-0.796937 0.579008 -0.172164
-0.712387 0.517580 -0.473936
-0.517581 0.712386 -0.473936
-0.261793 0.840419 -0.474510
-0.293017 0.940451 -0.172318
-0.579011 0.796936 -0.172164
-0.579011 0.796936 -0.172164
-0.517581 0.712386 -0.473936
-0.261793 0.840419 -0.474510
0.000000 0.882606 -0.470113
0.000000 0.985341 -0.170597
-0.293017 0.940451 -0.172318
-0.293017 0.940451 -0.172318
-0.261793 0.840419 -0.474510
0.000000 0.882606 -0.470113
-0.465196 0.337985 0.818144
-0.465197 0.337984 0.818143
-0.546874 0.177690 0.818141
-0.546874 0.177690 0.818141
-0.546874 0.177689 0.818141
-0.465196 0.337985 0.818144
-0.337983 0.465196 0.818144
-0.337984 0.465195 0.818144
-0.465197 0.337984 0.818143
-0.465197 0.337984 0.818143
-0.465196 0.337985 0.818144
-0.337983 0.465196 0.818144
-0.170490 0.549194 0.818119
-0.171658 0.548819 0.818126
-0.337984 0.465195 0.818144
-0.337984 0.465195 0.818144
-0.337983 0.465196 0.818144
-0.170490 0.549194 0.818119
-0.000000 0.577932 0.816085
-0.000000 0.577932 0.816085
-0.171658 0.548819 0.818126
-0.171658 0.548819 0.818126
-0.170490 0.549194 0.818119
-0.000000 0.577932 0.816085
-0.170490 -0.549193 0.818120
-0.171657 -0.548819 0.818127
0.000000 -0.577929 0.816087
0.000000 -0.577929 0.816087
0.000000 -0.577930 0.816087
-0.170490 -0.549193 0.818120
-0.337986 -0.465198 0.818142
-0.337986 -0.465198 0.818142
-0.171657 -0.548819 0.818127
-0.171657 -0.548819 0.818127
-0.170490 -0.549193 0.818120
-0.337986 -0.465198 0.818142
-0.465200 -0.337987 0.818140
-0.465200 -0.337988 0.818140
-0.337986 -0.465198 0.818142
-0.337986 -0.465198 0.818142
-0.337986 -0.465198 0.818142
-0.465200 -0.337987 0.818140
-0.546876 -0.177691 0.818140
-0.546876 -0.177691 0.818140
-0.465200 -0.337988 0.818140
-0.465200 -0.337988 0.818140
-0.465200 -0.337987 0.818140
-0.546876 -0.177691 0.818140
-0.575019 0.000000 0.818140
-0.546876 -0.177691 0.818140
-0.546876 -0.177691 0.818140
-0.546876 -0.177691 0.818140
-0.575019 0.000000 0.818140
-0.575019 0.000000 0.818140
-0.546874 0.177690 0.818141
-0.575019 0.000000 0.818140
-0.575019 0.000000 0.818140
-0.575019 0.000000 0.818140
-0.546874 0.177689 0.818141
-0.546874 0.177690 0.818141
0.000000 0.000000 -1.000000
0.000000 0.000000 -1.000000
0.000000 0.000000 -1.000000
0.000000 0.000000 -1.000000
0.000000 0.000000 -1.000000
0.000000 0.000000 -1.000000
0.000000 0.000000 -1.000000
0.000000 0.000000 -1.000000
0.000000 0.000000 -1.000000
0.000000 0.000000 -1.000000
0.000000 0.000000 -1.000000
0.000000 0.000000 -1.000000
0.000000 0.000000 -1.000000
0.000000 0.000000 -1.000000
0.000000 0.000000 -1.000000
0.000000 0.000000 -1.000000
0.000000 0.000000 -1.000000
0.000000 0.000000 -1.000000
0.000000 0.000000 -1.000000
0.000000 0.000000 -1.000000
0.000000 0.000000 -1.000000
0.000000 0.000000 -1.000000
0.000000 0.000000 -1.000000
0.000000 0.000000 -1.000000
0.000000 0.000000 -1.000000
0.000000 0.000000 -1.000000
0.000000 0.000000 -1.000000
0.000000 0.000000 -1.000000
0.000000 0.000000 -1.000000
0.000000 0.000000 -1.000000
0.000000 0.000000 -1.000000
0.000000 0.000000 -1.000000
0.000000 0.000000 -1.000000
0.000000 0.000000 -1.000000
0.000000 0.000000 -1.000000
0.000000 0.000000 -1.000000
0.000000 0.000000 -1.000000
0.000000 0.000000 -1.000000
0.000000 0.000000 -1.000000
0.000000 0.000000 -1.000000
0.000000 0.000000 -1.000000
0.000000 0.000000 -1.000000
0.000000 0.000000 -1.000000
0.000000 0.000000 -1.000000
0.000000 0.000000 -1.000000
0.000000 0.000000 -1.000000
0.000000 0.000000 -1.000000
0.000000 0.000000 -1.000000
0.000000 0.000000 -1.000000
0.000000 0.000000 -1.000000
0.000000 0.000000 -1.000000
0.000000 0.000000 -1.000000
0.000000 0.000000 -1.000000
0.000000 0.000000 -1.000000
-0.000000 -1.000000 0.000000
0.297720 -0.954653 0.000000
0.297720 -0.954653 0.000000
0.297720 -0.954653 0.000000
-0.000000 -1.000000 0.000000
-0.000000 -1.000000 0.000000
0.297720 -0.954653 0.000000
0.587366 -0.809321 0.000000
0.587366 -0.809321 0.000000
0.587366 -0.809321 0.000000
0.297720 -0.954653 0.000000
0.297720 -0.954653 0.000000
0.709521 -0.704668 -0.004860
0.713622 -0.700438 -0.011417
0.709403 -0.704788 -0.004672
0.709403 -0.704788 -0.004672
0.708255 -0.705950 -0.002854
0.709521 -0.704668 -0.004860
-0.587365 -0.809322 0.000000
-0.587365 -0.809322 0.000000
-0.708255 -0.705951 -0.002854
-0.708255 -0.705951 -0.002854
-0.709521 -0.704668 -0.004860
-0.587365 -0.809322 0.000000
-0.297720 -0.954653 0.000000
-0.297720 -0.954653 0.000000
-0.587365 -0.809322 0.000000
-0.587365 -0.809322 0.000000
-0.587365 -0.809322 0.000000
-0.297720 -0.954653 0.000000
-0.000000 -1.000000 0.000000
-0.000000 -1.000000 0.000000
-0.297720 -0.954653 0.000000
-0.297720 -0.954653 0.000000
-0.297720 -0.954653 0.000000
-0.000000 -1.000000 0.000000
-0.709521 -0.704668 -0.004860
-0.708255 -0.705951 -0.002854
-0.709403 -0.704788 -0.004672
-0.709403 -0.704788 -0.004672
-0.713622 -0.700438 -0.011417
-0.709521 -0.704668 -0.004860
0.587366 -0.809321 0.000000
0.709521 -0.704668 -0.004860
0.708255 -0.705950 -0.002854
0.708255 -0.705950 -0.002854
0.587366 -0.809321 0.000000
0.587366 -0.809321 0.000000
0.708255 -0.705950 0.002854
0.709403 -0.704788 0.004672
0.713622 -0.700438 0.011417
0.713622 -0.700438 0.011417
0.709521 -0.704668 0.004860
0.708255 -0.705950 0.002854
0.587366 -0.809321 0.000000
0.708255 -0.705950 0.002854
0.709521 -0.704668 0.004860
0.709521 -0.704668 0.004860
0.587366 -0.809321 0.000000
0.587366 -0.809321 0.000000
0.297720 -0.954653 0.000000
0.587366 -0.809321 0.000000
0.587366 -0.809321 0.000000
0.587366 -0.809321 0.000000
0.297720 -0.954653 0.000000
0.297720 -0.954653 0.000000
-0.000000 -1.000000 0.000000
0.297720 -0.954653 0.000000
0.297720 -0.954653 0.000000
0.297720 -0.954653 0.000000
-0.000000 -1.000000 0.000000
-0.000000 -1.000000 0.000000
-0.297720 -0.954653 0.000000
-0.000000 -1.000000 0.000000
-0.000000 -1.000000 0.000000
-0.000000 -1.000000 0.000000
-0.297720 -0.954653 0.000000
-0.297720 -0.954653 0.000000
-0.587365 -0.809322 0.000000
-0.297720 -0.954653 0.000000
-0.297720 -0.954653 0.000000
-0.297720 -0.954653 0.000000
-0.587365 -0.809322 0.000000
-0.587365 -0.809322 0.000000
-0.708255 -0.705951 0.002854
-0.587365 -0.809322 0.000000
-0.587365 -0.809322 0.000000
-0.587365 -0.809322 0.000000
-0.709521 -0.704668 0.004860
-0.708255 -0.705951 0.002854
-0.709403 -0.704788 0.004672
-0.708255 -0.705951 0.002854
-0.709521 -0.704668 0.004860
-0.709521 -0.704668 0.004860
-0.713622 -0.700438 0.011417
-0.709403 -0.704788 0.004672
0.708255 -0.705950 -0.002854
0.709403 -0.704788 -0.004672
0.709403 -0.704788 0.004672
0.709403 -0.704788 0.004672
0.708255 -0.705950 0.002854
0.708255 -0.705950 -0.002854
0.587366 -0.809321 0.000000
0.708255 -0.705950 -0.002854
0.708255 -0.705950 0.002854
0.708255 -0.705950 0.002854
0.587366 -0.809321 0.000000
0.587366 -0.809321 0.000000
0.297720 -0.954653 0.000000
0.587366 -0.809321 0.000000
0.587366 -0.809321 0.000000
0.587366 -0.809321 0.000000
0.297720 -0.954653 0.000000
0.297720 -0.954653 0.000000
-0.000000 -1.000000 0.000000
0.297720 -0.954653 0.000000
0.297720 -0.954653 0.000000
0.297720 -0.954653 0.000000
-0.000000 -1.000000 0.000000
-0.000000 -1.000000 0.000000
-0.297720 -0.954653 0.000000
-0.000000 -1.000000 0.000000
-0.000000 -1.000000 0.000000
-0.000000 -1.000000 0.000000
-0.297720 -0.954653 0.000000
-0.297720 -0.954653 0.000000
-0.587365 -0.809322 0.000000
-0.297720 -0.954653 0.000000
-0.297720 -0.954653 0.000000
-0.297720 -0.954653 0.000000
-0.587365 -0.809322 0.000000
-0.587365 -0.809322 0.000000
-0.708255 -0.705951 -0.002854
-0.587365 -0.809322 0.000000
-0.587365 -0.809322 0.000000
-0.587365 -0.809322 0.000000
-0.708255 -0.705951 0.002854
-0.708255 -0.705951 -0.002854
-0.709403 -0.704788 -0.004672
-0.708255 -0.705951 -0.002854
-0.708255 -0.705951 0.002854
-0.708255 -0.705951 0.002854
-0.709403 -0.704788 0.004672
-0.709403 -0.704788 -0.004672
</float_array>
          <technique_common>
            <accessor source="#cap_n_label-lib-Normal0-array" count="1278" stride="3">
              <param name="X" type="float"/>
              <param name="Y" type="float"/>
              <param name="Z" type="float"/>
            </accessor>
          </technique_common>
        </source>
        <source id="cap_n_label-lib-UV0">
          <float_array id="cap_n_label-lib-UV0-array" count="532">
0.752943 0.264197
0.713096 0.268049
0.678904 0.163099
0.709209 0.160138
0.632605 0.272550
0.592192 0.273261
0.587762 0.166910
0.618215 0.166448
0.792269 0.259162
0.485025 0.056210
0.648579 0.165179
0.672943 0.270817
0.703325 0.148289
0.674496 0.151024
0.666980 0.131953
0.693178 0.129569
0.616737 0.154116
0.510455 0.271486
0.469854 0.269021
0.487248 0.051468
0.739489 0.156198
0.830814 0.252934
0.769751 0.151196
0.868302 0.245607
0.799856 0.144898
0.732102 0.144668
0.719143 0.126456
0.760853 0.140077
0.744781 0.122554
0.789141 0.134179
0.769655 0.117591
0.672906 0.057719
0.497594 0.163444
0.527539 0.165524
0.551422 0.272952
0.557534 0.166660
0.440026 0.012953
0.420012 0.013051
0.530126 0.153300
0.501462 0.151280
0.508520 0.132236
0.534666 0.133967
0.559083 0.154363
0.560945 0.134888
0.587947 0.154514
0.587438 0.135039
0.551460 0.062059
0.534258 0.061143
0.535522 0.056473
0.670761 0.053040
0.688879 0.055637
0.614096 0.134677
0.640608 0.133647
0.686472 0.050972
0.704096 0.053350
0.645622 0.152950
0.656336 0.059484
0.701689 0.048773
0.639281 0.060892
0.637879 0.056236
0.661189 0.020325
0.676851 0.018241
0.654545 0.054816
0.604222 0.062528
0.693249 0.015975
0.689631 0.086672
0.552373 0.057373
0.568856 0.062622
0.202685 0.222668
0.281944 0.121076
0.569517 0.057924
0.586455 0.062737
0.314584 0.130751
0.239430 0.230721
0.586520 0.058010
0.541632 0.023609
0.312416 0.247796
0.376199 0.146438
0.556407 0.024458
0.571097 0.024961
0.406599 0.152416
0.350542 0.254921
0.586533 0.024974
0.545339 0.091926
0.345656 0.139207
0.275459 0.239605
0.603592 0.057863
0.620873 0.057254
0.621865 0.061910
0.631255 0.023414
0.708051 0.084246
0.646055 0.022065
0.601936 0.024914
0.616570 0.024355
0.524644 0.090765
0.566489 0.092593
0.725088 0.081538
0.705142 0.107841
0.727289 0.104687
0.748283 0.100868
0.794956 0.263809
0.834081 0.257471
0.872007 0.250093
0.940259 0.228118
0.861131 0.128919
0.893444 0.118968
0.587613 0.092738
0.563529 0.114976
0.539679 0.114203
0.587487 0.115178
0.516135 0.112776
0.509459 0.276262
0.468441 0.273795
0.550862 0.277762
0.429586 0.265484
0.467324 0.160974
0.389696 0.260821
0.436960 0.157211
0.455469 0.051731
0.457449 0.047271
0.472695 0.149080
0.443986 0.145603
0.482378 0.130218
0.456446 0.127268
0.517390 0.059811
0.519022 0.055089
0.500902 0.058160
0.502895 0.053418
0.526628 0.022264
0.511136 0.020586
0.504471 0.089228
0.485008 0.087260
0.492848 0.110992
0.470001 0.108541
0.427744 0.270199
0.387243 0.265488
0.305430 0.109512
0.330315 0.120263
0.386557 0.135642
0.415245 0.141186
0.358065 0.128767
0.340720 0.096321
0.358864 0.105814
0.405581 0.118867
0.608561 0.092445
0.629451 0.091680
0.650070 0.090442
0.670210 0.088759
0.611450 0.114834
0.635318 0.113930
0.658987 0.112462
0.682309 0.110432
0.755075 0.268923
0.714691 0.272811
0.633200 0.277371
0.592155 0.278105
0.674039 0.275611
0.271552 0.244051
0.347509 0.259522
0.630602 0.393113
0.622613 0.368154
0.308869 0.252301
0.235649 0.235249
0.200239 0.227616
0.976667 0.219761
0.904650 0.237212
0.375747 0.085811
0.389295 0.092443
0.830301 0.137601
0.406788 0.097633
0.845075 0.118597
0.869620 0.107647
0.817553 0.127327
0.816122 0.104389
0.833981 0.094763
0.793944 0.111830
0.732355 0.048417
0.731265 0.044502
0.746772 0.043537
0.745755 0.046421
0.718541 0.050871
0.716468 0.046459
0.729553 0.011832
0.749496 0.011330
0.710715 0.013621
0.754168 0.075535
0.766196 0.071806
0.740552 0.078676
0.785343 0.091240
0.798715 0.084524
0.768000 0.096549
0.944190 0.232619
0.979294 0.224695
0.908627 0.241635
0.785853 0.287991
0.785853 0.448315
0.836298 0.291335
0.735408 0.291335
0.836297 0.444971
0.735408 0.444971
0.881803 0.302808
0.689903 0.302808
0.447816 0.105527
0.426582 0.101920
0.408027 0.072909
0.420132 0.076579
0.881803 0.433499
0.689902 0.433499
0.433833 0.079614
0.466542 0.084956
0.917917 0.320678
0.653789 0.320678
0.449377 0.082390
0.459478 0.014295
0.917917 0.415629
0.653789 0.415629
0.494997 0.018579
0.477893 0.016379
0.941103 0.343195
0.630602 0.343195
0.430784 0.123522
0.381258 0.113096
0.941103 0.393113
0.949093 0.368154
0.428407 0.047606
0.427238 0.044962
0.442745 0.045583
0.441775 0.049458
0.469863 0.054035
0.472116 0.049357
0.501308 0.467276
0.662126 0.467276
0.662126 0.502946
0.501308 0.502946
0.823560 0.467276
0.823560 0.502946
0.903787 0.467276
0.958610 0.478954
0.984019 0.502948
0.903786 0.502946
0.179042 0.467276
0.179042 0.502946
0.098808 0.502945
0.098808 0.467276
0.340486 0.467276
0.340486 0.502946
0.018572 0.502947
0.043982 0.478954
0.903786 0.950185
0.984019 0.950184
0.958610 0.974178
0.903786 0.985856
0.823559 0.950185
0.823559 0.985856
0.662126 0.950184
0.662126 0.985856
0.501308 0.950184
0.501308 0.985856
0.340486 0.950184
0.340486 0.985856
0.179042 0.950185
0.179042 0.985856
0.098808 0.950185
0.098808 0.985856
0.018573 0.950183
0.043983 0.974177
</float_array>
          <technique_common>
            <accessor source="#cap_n_label-lib-UV0-array" count="266" stride="2">
              <param name="S" type="float"/>
              <param name="T" type="float"/>
            </accessor>
          </technique_common>
        </source>
        <vertices id="cap_n_label-lib-Vertex">
          <input semantic="POSITION" source="#cap_n_label-lib-Position"/>
        </vertices>
        <polygons material="cap_n_label" count="426">
          <input semantic="VERTEX" offset="0" source="#cap_n_label-lib-Vertex"/>
          <input semantic="NORMAL" offset="1" source="#cap_n_label-lib-Normal0"/>
          <input semantic="TEXCOORD" offset="2" set="0" source="#cap_n_label-lib-UV0"/>
          <p>78 0 0 77 1 1 79 2 2</p>
          <p>79 3 2 80 4 3 78 5 0</p>
          <p>81 6 8 78 7 0 80 8 3</p>
          <p>80 9 3 82 10 20 81 11 8</p>
          <p>83 12 21 81 13 8 82 14 20</p>
          <p>82 15 20 84 16 22 83 17 21</p>
          <p>85 18 23 83 19 21 84 20 22</p>
          <p>84 21 22 86 22 24 85 23 23</p>
          <p>89 24 17 87 25 18 88 26 32</p>
          <p>88 27 32 90 28 33 89 29 17</p>
          <p>91 30 34 89 31 17 90 32 33</p>
          <p>90 33 33 92 34 35 91 35 34</p>
          <p>93 36 5 91 37 34 92 38 35</p>
          <p>92 39 35 94 40 6 93 41 5</p>
          <p>95 42 4 93 43 5 94 44 6</p>
          <p>94 45 6 96 46 7 95 47 4</p>
          <p>98 48 10 97 49 11 95 50 4</p>
          <p>95 51 4 96 52 7 98 53 10</p>
          <p>79 54 2 77 55 1 97 56 11</p>
          <p>97 57 11 98 58 10 79 59 2</p>
          <p>1 60 12 0 61 13 72 62 14</p>
          <p>72 63 14 73 64 15 1 65 12</p>
          <p>2 66 25 1 67 12 73 68 15</p>
          <p>73 69 15 74 70 26 2 71 25</p>
          <p>3 72 27 2 73 25 74 74 26</p>
          <p>74 75 26 75 76 28 3 77 27</p>
          <p>4 78 29 3 79 27 75 80 28</p>
          <p>75 81 28 76 82 30 4 83 29</p>
          <p>6 84 38 5 85 39 66 86 40</p>
          <p>66 87 40 67 88 41 6 89 38</p>
          <p>7 90 42 6 91 38 67 92 41</p>
          <p>67 93 41 68 94 43 7 95 42</p>
          <p>8 96 44 7 97 42 68 98 43</p>
          <p>68 99 43 69 100 45 8 101 44</p>
          <p>9 102 16 8 103 44 69 104 45</p>
          <p>69 105 45 70 106 51 9 107 16</p>
          <p>71 108 52 10 109 55 9 110 16</p>
          <p>9 111 16 70 112 51 71 113 52</p>
          <p>72 114 14 0 115 13 10 116 55</p>
          <p>10 117 55 71 118 52 72 119 14</p>
          <p>12 120 56 11 121 58 22 122 59</p>
          <p>22 123 59 23 124 62 12 125 56</p>
          <p>13 126 31 12 127 56 23 128 62</p>
          <p>23 129 62 24 130 49 13 131 31</p>
          <p>14 132 50 13 133 31 24 134 49</p>
          <p>24 135 49 25 136 53 14 137 50</p>
          <p>15 138 54 14 139 50 25 140 53</p>
          <p>25 141 53 26 142 57 15 143 54</p>
          <p>17 144 46 16 145 47 27 146 48</p>
          <p>27 147 48 28 148 66 17 149 46</p>
          <p>18 150 67 17 151 46 28 152 66</p>
          <p>28 153 66 29 154 70 18 155 67</p>
          <p>19 156 71 18 157 67 29 158 70</p>
          <p>29 159 70 30 160 74 19 161 71</p>
          <p>20 162 63 19 163 71 30 164 74</p>
          <p>30 165 74 31 166 86 20 167 63</p>
          <p>32 168 87 21 169 88 20 170 63</p>
          <p>20 171 63 31 172 86 32 173 87</p>
          <p>22 174 59 11 175 58 21 176 88</p>
          <p>21 177 88 32 178 87 22 179 59</p>
          <p>23 180 62 22 181 59 33 182 89</p>
          <p>33 183 89 34 184 91 23 185 62</p>
          <p>24 186 49 23 187 62 34 188 91</p>
          <p>34 189 91 35 190 60 24 191 49</p>
          <p>25 192 53 24 193 49 35 194 60</p>
          <p>35 195 60 36 196 61 25 197 53</p>
          <p>26 198 57 25 199 53 36 200 61</p>
          <p>36 201 61 37 202 64 26 203 57</p>
          <p>28 204 66 27 205 48 38 206 75</p>
          <p>38 207 75 39 208 78 28 209 66</p>
          <p>29 210 70 28 211 66 39 212 78</p>
          <p>39 213 78 40 214 79 29 215 70</p>
          <p>30 216 74 29 217 70 40 218 79</p>
          <p>40 219 79 41 220 82 30 221 74</p>
          <p>31 222 86 30 223 74 41 224 82</p>
          <p>41 225 82 42 226 92 31 227 86</p>
          <p>42 228 92 43 229 93 32 230 87</p>
          <p>32 231 87 31 232 86 42 233 92</p>
          <p>43 234 93 33 235 89 22 236 59</p>
          <p>22 237 59 32 238 87 43 239 93</p>
          <p>45 240 83 44 241 94 16 242 47</p>
          <p>16 243 47 17 244 46 45 245 83</p>
          <p>46 246 95 45 247 83 17 248 46</p>
          <p>17 249 46 18 250 67 46 251 95</p>
          <p>47 252 106 46 253 95 18 254 67</p>
          <p>18 255 67 19 256 71 47 257 106</p>
          <p>48 258 144 47 259 106 19 260 71</p>
          <p>19 261 71 20 262 63 48 263 144</p>
          <p>21 264 88 49 265 145 48 266 144</p>
          <p>48 267 144 20 268 63 21 269 88</p>
          <p>11 270 58 50 271 146 49 272 145</p>
          <p>49 273 145 21 274 88 11 275 58</p>
          <p>51 276 147 50 277 146 11 278 58</p>
          <p>11 279 58 12 280 56 51 281 147</p>
          <p>52 282 65 51 283 147 12 284 56</p>
          <p>12 285 56 13 286 31 52 287 65</p>
          <p>53 288 90 52 289 65 13 290 31</p>
          <p>13 291 31 14 292 50 53 293 90</p>
          <p>54 294 96 53 295 90 14 296 50</p>
          <p>14 297 50 15 298 54 54 299 96</p>
          <p>56 300 107 55 301 108 45 302 83</p>
          <p>45 303 83 46 304 95 56 305 107</p>
          <p>57 306 109 56 307 107 46 308 95</p>
          <p>46 309 95 47 310 106 57 311 109</p>
          <p>58 312 148 57 313 109 47 314 106</p>
          <p>47 315 106 48 316 144 58 317 148</p>
          <p>59 318 149 58 319 148 48 320 144</p>
          <p>48 321 144 49 322 145 59 323 149</p>
          <p>60 324 150 59 325 149 49 326 145</p>
          <p>49 327 145 50 328 146 60 329 150</p>
          <p>61 330 151 60 331 150 50 332 146</p>
          <p>50 333 146 51 334 147 61 335 151</p>
          <p>62 336 97 61 337 151 51 338 147</p>
          <p>51 339 147 52 340 65 62 341 97</p>
          <p>63 342 98 62 343 97 52 344 65</p>
          <p>52 345 65 53 346 90 63 347 98</p>
          <p>64 348 99 63 349 98 53 350 90</p>
          <p>53 351 90 54 352 96 64 353 99</p>
          <p>55 354 108 65 355 110 44 356 94</p>
          <p>44 357 94 45 358 83 55 359 108</p>
          <p>67 360 41 66 361 40 65 362 110</p>
          <p>65 363 110 55 364 108 67 365 41</p>
          <p>68 366 43 67 367 41 55 368 108</p>
          <p>55 369 108 56 370 107 68 371 43</p>
          <p>69 372 45 68 373 43 56 374 107</p>
          <p>56 375 107 57 376 109 69 377 45</p>
          <p>70 378 51 69 379 45 57 380 109</p>
          <p>57 381 109 58 382 148 70 383 51</p>
          <p>59 384 149 71 385 52 70 386 51</p>
          <p>70 387 51 58 388 148 59 389 149</p>
          <p>60 390 150 72 391 14 71 392 52</p>
          <p>71 393 52 59 394 149 60 395 150</p>
          <p>73 396 15 72 397 14 60 398 150</p>
          <p>60 399 150 61 400 151 73 401 15</p>
          <p>74 402 26 73 403 15 61 404 151</p>
          <p>61 405 151 62 406 97 74 407 26</p>
          <p>75 408 28 74 409 26 62 410 97</p>
          <p>62 411 97 63 412 98 75 413 28</p>
          <p>76 414 30 75 415 28 63 416 98</p>
          <p>63 417 98 64 418 99 76 419 30</p>
          <p>180 420 152 181 421 153 77 422 1</p>
          <p>77 423 1 78 424 0 180 425 152</p>
          <p>1 426 12 80 427 3 79 428 2</p>
          <p>79 429 2 0 430 13 1 431 12</p>
          <p>182 432 100 180 433 152 78 434 0</p>
          <p>78 435 0 81 436 8 182 437 100</p>
          <p>2 438 25 82 439 20 80 440 3</p>
          <p>80 441 3 1 442 12 2 443 25</p>
          <p>183 444 101 182 445 100 81 446 8</p>
          <p>81 447 8 83 448 21 183 449 101</p>
          <p>3 450 27 84 451 22 82 452 20</p>
          <p>82 453 20 2 454 25 3 455 27</p>
          <p>184 456 102 183 457 101 83 458 21</p>
          <p>83 459 21 85 460 23 184 461 102</p>
          <p>86 462 24 84 463 22 3 464 27</p>
          <p>3 465 27 4 466 29 86 467 24</p>
          <p>185 468 111 186 469 112 87 470 18</p>
          <p>87 471 18 89 472 17 185 473 111</p>
          <p>6 474 38 90 475 33 88 476 32</p>
          <p>88 477 32 5 478 39 6 479 38</p>
          <p>187 480 113 185 481 111 89 482 17</p>
          <p>89 483 17 91 484 34 187 485 113</p>
          <p>7 486 42 92 487 35 90 488 33</p>
          <p>90 489 33 6 490 38 7 491 42</p>
          <p>188 492 155 187 493 113 91 494 34</p>
          <p>91 495 34 93 496 5 188 497 155</p>
          <p>8 498 44 94 499 6 92 500 35</p>
          <p>92 501 35 7 502 42 8 503 44</p>
          <p>189 504 154 188 505 155 93 506 5</p>
          <p>93 507 5 95 508 4 189 509 154</p>
          <p>9 510 16 96 511 7 94 512 6</p>
          <p>94 513 6 8 514 44 9 515 16</p>
          <p>97 516 11 190 517 156 189 518 154</p>
          <p>189 519 154 95 520 4 97 521 11</p>
          <p>10 522 55 98 523 10 96 524 7</p>
          <p>96 525 7 9 526 16 10 527 55</p>
          <p>77 528 1 181 529 153 190 530 156</p>
          <p>190 531 156 97 532 11 77 533 1</p>
          <p>0 534 13 79 535 2 98 536 10</p>
          <p>98 537 10 10 538 55 0 539 13</p>
          <p>108 540 68 111 541 69 110 542 72</p>
          <p>110 543 72 109 544 73 108 545 68</p>
          <p>112 546 103 113 547 104 111 548 105</p>
          <p>111 549 105 108 550 164 112 551 103</p>
          <p>114 552 165 115 553 168 113 554 104</p>
          <p>113 555 104 112 556 103 114 557 165</p>
          <p>85 558 23 86 559 24 115 560 168</p>
          <p>115 561 168 114 562 165 85 563 23</p>
          <p>116 564 114 117 565 115 88 566 32</p>
          <p>88 567 32 87 568 18 116 569 114</p>
          <p>118 570 116 119 571 117 117 572 115</p>
          <p>117 573 115 116 574 114 118 575 116</p>
          <p>120 576 81 121 577 80 119 578 117</p>
          <p>119 579 117 118 580 116 120 581 81</p>
          <p>122 582 76 123 583 77 121 584 80</p>
          <p>121 585 80 120 586 81 122 587 76</p>
          <p>124 588 84 123 589 77 122 590 76</p>
          <p>122 591 76 125 592 85 124 593 84</p>
          <p>110 594 72 124 595 84 125 596 85</p>
          <p>125 597 85 109 598 73 110 599 72</p>
          <p>127 600 136 126 601 137 110 602 72</p>
          <p>110 603 72 111 604 69 127 605 136</p>
          <p>128 606 170 127 607 171 111 608 105</p>
          <p>111 609 105 113 610 104 128 611 170</p>
          <p>129 612 172 128 613 170 113 614 104</p>
          <p>113 615 104 115 616 168 129 617 172</p>
          <p>86 618 24 4 619 29 129 620 172</p>
          <p>129 621 172 115 622 168 86 623 24</p>
          <p>130 624 120 5 625 39 88 626 32</p>
          <p>88 627 32 117 628 115 130 629 120</p>
          <p>131 630 121 130 631 120 117 632 115</p>
          <p>117 633 115 119 634 117 131 635 121</p>
          <p>132 636 139 131 637 121 119 638 117</p>
          <p>119 639 117 121 640 80 132 641 139</p>
          <p>133 642 138 132 643 139 121 644 80</p>
          <p>121 645 80 123 646 77 133 647 138</p>
          <p>134 648 140 133 649 138 123 650 77</p>
          <p>123 651 77 124 652 84 134 653 140</p>
          <p>126 654 137 134 655 140 124 656 84</p>
          <p>124 657 84 110 658 72 126 659 137</p>
          <p>127 660 136 136 661 141 135 662 142</p>
          <p>135 663 142 126 664 137 127 665 136</p>
          <p>128 666 170 137 667 173 136 668 174</p>
          <p>136 669 174 127 670 171 128 671 170</p>
          <p>129 672 172 138 673 175 137 674 173</p>
          <p>137 675 173 128 676 170 129 677 172</p>
          <p>4 678 29 76 679 30 138 680 175</p>
          <p>138 681 175 129 682 172 4 683 29</p>
          <p>130 684 120 139 685 122 66 686 40</p>
          <p>66 687 40 5 688 39 130 689 120</p>
          <p>131 690 121 140 691 123 139 692 122</p>
          <p>139 693 122 130 694 120 131 695 121</p>
          <p>132 696 139 141 697 220 140 698 123</p>
          <p>140 699 123 131 700 121 132 701 139</p>
          <p>133 702 138 142 703 143 141 704 220</p>
          <p>141 705 220 132 706 139 133 707 138</p>
          <p>143 708 221 142 709 143 133 710 138</p>
          <p>133 711 138 134 712 140 143 713 221</p>
          <p>135 714 142 143 715 221 134 716 140</p>
          <p>134 717 140 126 718 137 135 719 142</p>
          <p>144 720 224 147 721 225 146 722 226</p>
          <p>146 723 226 145 724 227 144 725 224</p>
          <p>148 726 176 149 727 177 147 728 178</p>
          <p>147 729 178 144 730 179 148 731 176</p>
          <p>150 732 180 151 733 181 149 734 177</p>
          <p>149 735 177 148 736 176 150 737 180</p>
          <p>15 738 54 26 739 57 151 740 181</p>
          <p>151 741 181 150 742 180 15 743 54</p>
          <p>152 744 124 153 745 125 27 746 48</p>
          <p>27 747 48 16 748 47 152 749 124</p>
          <p>154 750 126 155 751 127 153 752 125</p>
          <p>153 753 125 152 754 124 154 755 126</p>
          <p>156 756 9 157 757 19 155 758 127</p>
          <p>155 759 127 154 760 126 156 761 9</p>
          <p>158 762 228 159 763 229 157 764 19</p>
          <p>157 765 19 156 766 9 158 767 228</p>
          <p>160 768 119 159 769 229 158 770 228</p>
          <p>158 771 228 161 772 118 160 773 119</p>
          <p>146 774 226 160 775 119 161 776 118</p>
          <p>161 777 118 145 778 227 146 779 226</p>
          <p>147 780 225 99 781 37 100 782 36</p>
          <p>100 783 36 146 784 226 147 785 225</p>
          <p>149 786 177 101 787 182 99 788 183</p>
          <p>99 789 183 147 790 178 149 791 177</p>
          <p>151 792 181 102 793 184 101 794 182</p>
          <p>101 795 182 149 796 177 151 797 181</p>
          <p>26 798 57 37 799 64 102 800 184</p>
          <p>102 801 184 151 802 181 26 803 57</p>
          <p>153 804 125 103 805 128 38 806 75</p>
          <p>38 807 75 27 808 48 153 809 125</p>
          <p>155 810 127 104 811 129 103 812 128</p>
          <p>103 813 128 153 814 125 155 815 127</p>
          <p>157 816 19 105 817 216 104 818 129</p>
          <p>104 819 129 155 820 127 157 821 19</p>
          <p>159 822 229 106 823 217 105 824 216</p>
          <p>105 825 216 157 826 19 159 827 229</p>
          <p>106 828 217 159 829 229 160 830 119</p>
          <p>160 831 119 107 832 213 106 833 217</p>
          <p>107 834 213 160 835 119 146 836 226</p>
          <p>146 837 226 100 838 36 107 839 213</p>
          <p>162 840 130 152 841 124 16 842 47</p>
          <p>16 843 47 44 844 94 162 845 130</p>
          <p>163 846 131 154 847 126 152 848 124</p>
          <p>152 849 124 162 850 130 163 851 131</p>
          <p>164 852 209 156 853 9 154 854 126</p>
          <p>154 855 126 163 856 131 164 857 209</p>
          <p>165 858 212 158 859 228 156 860 9</p>
          <p>156 861 9 164 862 209 165 863 212</p>
          <p>161 864 118 158 865 228 165 866 212</p>
          <p>165 867 212 166 868 208 161 869 118</p>
          <p>145 870 227 161 871 118 166 872 208</p>
          <p>166 873 208 167 874 205 145 875 227</p>
          <p>168 876 204 144 877 224 145 878 227</p>
          <p>145 879 227 167 880 205 168 881 204</p>
          <p>169 882 185 148 883 176 144 884 179</p>
          <p>144 885 179 168 886 186 169 887 185</p>
          <p>170 888 187 150 889 180 148 890 176</p>
          <p>148 891 176 169 892 185 170 893 187</p>
          <p>54 894 96 15 895 54 150 896 180</p>
          <p>150 897 180 170 898 187 54 899 96</p>
          <p>139 900 122 172 901 132 65 902 110</p>
          <p>65 903 110 66 904 40 139 905 122</p>
          <p>140 906 123 171 907 133 172 908 132</p>
          <p>172 909 132 139 910 122 140 911 123</p>
          <p>141 912 220 173 913 202 171 914 133</p>
          <p>171 915 133 140 916 123 141 917 220</p>
          <p>142 918 143 174 919 203 173 920 202</p>
          <p>173 921 202 141 922 220 142 923 143</p>
          <p>175 924 169 174 925 203 142 926 143</p>
          <p>142 927 143 143 928 221 175 929 169</p>
          <p>176 930 167 175 931 169 143 932 221</p>
          <p>143 933 221 135 934 142 176 935 167</p>
          <p>136 936 141 177 937 166 176 938 167</p>
          <p>176 939 167 135 940 142 136 941 141</p>
          <p>137 942 173 178 943 188 177 944 189</p>
          <p>177 945 189 136 946 174 137 947 173</p>
          <p>138 948 175 179 949 190 178 950 188</p>
          <p>178 951 188 137 952 173 138 953 175</p>
          <p>76 954 30 64 955 99 179 956 190</p>
          <p>179 957 190 138 958 175 76 959 30</p>
          <p>172 960 132 162 961 130 44 962 94</p>
          <p>44 963 94 65 964 110 172 965 132</p>
          <p>171 966 133 163 967 131 162 968 130</p>
          <p>162 969 130 172 970 132 171 971 133</p>
          <p>173 972 202 164 973 209 163 974 131</p>
          <p>163 975 131 171 976 133 173 977 202</p>
          <p>174 978 203 165 979 212 164 980 209</p>
          <p>164 981 209 173 982 202 174 983 203</p>
          <p>175 984 169 166 985 208 165 986 212</p>
          <p>165 987 212 174 988 203 175 989 169</p>
          <p>176 990 167 167 991 205 166 992 208</p>
          <p>166 993 208 175 994 169 176 995 167</p>
          <p>177 996 166 168 997 204 167 998 205</p>
          <p>167 999 205 176 1000 167 177 1001 166</p>
          <p>178 1002 188 169 1003 185 168 1004 186</p>
          <p>168 1005 186 177 1006 189 178 1007 188</p>
          <p>179 1008 190 170 1009 187 169 1010 185</p>
          <p>169 1011 185 178 1012 188 179 1013 190</p>
          <p>64 1014 99 54 1015 96 170 1016 187</p>
          <p>170 1017 187 179 1018 190 64 1019 99</p>
          <p>192 1020 163 108 1021 68 109 1022 73</p>
          <p>109 1023 73 191 1024 162 192 1025 163</p>
          <p>193 1026 191 112 1027 103 108 1028 164</p>
          <p>108 1029 164 192 1030 192 193 1031 191</p>
          <p>194 1032 193 114 1033 165 112 1034 103</p>
          <p>112 1035 103 193 1036 191 194 1037 193</p>
          <p>184 1038 102 85 1039 23 114 1040 165</p>
          <p>114 1041 165 194 1042 193 184 1043 102</p>
          <p>195 1044 134 116 1045 114 87 1046 18</p>
          <p>87 1047 18 186 1048 112 195 1049 134</p>
          <p>196 1050 135 118 1051 116 116 1052 114</p>
          <p>116 1053 114 195 1054 134 196 1055 135</p>
          <p>197 1056 158 120 1057 81 118 1058 116</p>
          <p>118 1059 116 196 1060 135 197 1061 158</p>
          <p>198 1062 161 122 1063 76 120 1064 81</p>
          <p>120 1065 81 197 1066 158 198 1067 161</p>
          <p>125 1068 85 122 1069 76 198 1070 161</p>
          <p>198 1071 161 199 1072 157 125 1073 85</p>
          <p>109 1074 73 125 1075 85 199 1076 157</p>
          <p>199 1077 157 191 1078 162 109 1079 73</p>
          <p>106 1080 159 107 1081 160 43 1082 223</p>
          <p>43 1083 223 42 1084 222 106 1085 159</p>
          <p>107 1086 160 100 1087 219 33 1088 218</p>
          <p>33 1089 218 43 1090 223 107 1091 160</p>
          <p>100 1092 219 99 1093 211 34 1094 210</p>
          <p>34 1095 210 33 1096 218 100 1097 219</p>
          <p>99 1098 211 101 1099 201 35 1100 200</p>
          <p>35 1101 200 34 1102 210 99 1103 211</p>
          <p>101 1104 201 102 1105 197 36 1106 196</p>
          <p>36 1107 196 35 1108 200 101 1109 201</p>
          <p>37 1110 194 36 1111 196 102 1112 197</p>
          <p>105 1113 215 106 1114 159 42 1115 222</p>
          <p>42 1116 222 41 1117 214 105 1118 215</p>
          <p>104 1119 207 105 1120 215 41 1121 214</p>
          <p>41 1122 214 40 1123 206 104 1124 207</p>
          <p>103 1125 199 104 1126 207 40 1127 206</p>
          <p>40 1128 206 39 1129 198 103 1130 199</p>
          <p>38 1131 195 103 1132 199 39 1133 198</p>
          <p>200 1134 230 201 1135 231 230 1136 232</p>
          <p>230 1137 232 231 1138 233 200 1139 230</p>
          <p>201 1140 231 204 1141 234 229 1142 235</p>
          <p>229 1143 235 230 1144 232 201 1145 231</p>
          <p>217 1146 236 206 1147 237 227 1148 238</p>
          <p>227 1149 238 228 1150 239 217 1151 236</p>
          <p>208 1152 240 233 1153 241 234 1154 242</p>
          <p>234 1155 242 215 1156 243 208 1157 240</p>
          <p>212 1158 244 232 1159 245 233 1160 241</p>
          <p>233 1161 241 208 1162 240 212 1163 244</p>
          <p>200 1164 230 231 1165 233 232 1166 245</p>
          <p>232 1167 245 212 1168 244 200 1169 230</p>
          <p>215 1170 243 234 1171 242 235 1172 246</p>
          <p>235 1173 246 211 1174 247 215 1175 243</p>
          <p>204 1176 234 217 1177 236 228 1178 239</p>
          <p>228 1179 239 229 1180 235 204 1181 234</p>
          <p>219 1182 248 218 1183 249 207 1184 250</p>
          <p>207 1185 250 216 1186 251 219 1187 248</p>
          <p>220 1188 252 219 1189 248 216 1190 251</p>
          <p>216 1191 251 205 1192 253 220 1193 252</p>
          <p>221 1194 254 220 1195 252 205 1196 253</p>
          <p>205 1197 253 202 1198 255 221 1199 254</p>
          <p>222 1200 256 221 1201 254 202 1202 255</p>
          <p>202 1203 255 203 1204 257 222 1205 256</p>
          <p>223 1206 258 222 1207 256 203 1208 257</p>
          <p>203 1209 257 213 1210 259 223 1211 258</p>
          <p>224 1212 260 223 1213 258 213 1214 259</p>
          <p>213 1215 259 209 1216 261 224 1217 260</p>
          <p>225 1218 262 224 1219 260 209 1220 261</p>
          <p>209 1221 261 214 1222 263 225 1223 262</p>
          <p>226 1224 264 225 1225 262 214 1226 263</p>
          <p>214 1227 263 210 1228 265 226 1229 264</p>
          <p>228 1230 239 227 1231 238 218 1232 249</p>
          <p>218 1233 249 219 1234 248 228 1235 239</p>
          <p>229 1236 235 228 1237 239 219 1238 248</p>
          <p>219 1239 248 220 1240 252 229 1241 235</p>
          <p>230 1242 232 229 1243 235 220 1244 252</p>
          <p>220 1245 252 221 1246 254 230 1247 232</p>
          <p>231 1248 233 230 1249 232 221 1250 254</p>
          <p>221 1251 254 222 1252 256 231 1253 233</p>
          <p>232 1254 245 231 1255 233 222 1256 256</p>
          <p>222 1257 256 223 1258 258 232 1259 245</p>
          <p>233 1260 241 232 1261 245 223 1262 258</p>
          <p>223 1263 258 224 1264 260 233 1265 241</p>
          <p>234 1266 242 233 1267 241 224 1268 260</p>
          <p>224 1269 260 225 1270 262 234 1271 242</p>
          <p>235 1272 246 234 1273 242 225 1274 262</p>
          <p>225 1275 262 226 1276 264 235 1277 246</p>
        </polygons>
      </mesh>
    </geometry>
    <geometry id="handle-lib" name="handleMesh">
      <mesh>
        <source id="handle-lib-Position">
          <float_array id="handle-lib-Position-array" count="720">
0.070276 -0.002194 0.406015
0.070661 0.000022 0.405154
0.070272 -0.003999 0.408343
0.070272 -0.003999 0.410869
0.070661 0.000022 0.413877
0.070276 -0.002194 0.413074
0.070263 0.004104 0.410869
0.070266 0.002300 0.413074
0.070263 0.004103 0.408343
0.070266 0.002299 0.406016
0.075548 0.000024 0.405069
0.075545 -0.002769 0.405910
0.075545 -0.004447 0.408276
0.075545 -0.004446 0.410937
0.075548 0.000024 0.413973
0.075545 -0.002769 0.413189
0.075545 0.004555 0.410937
0.075545 0.002877 0.413189
0.075545 0.004555 0.408276
0.075545 0.002877 0.405909
0.076412 -0.002497 0.437837
0.075574 0.000022 0.437645
0.078710 -0.004316 0.438367
0.081216 -0.004312 0.438938
0.084103 0.000022 0.439620
0.083345 -0.002482 0.439434
0.081216 0.004418 0.438938
0.083344 0.002587 0.439434
0.078711 0.004422 0.438367
0.076412 0.002603 0.437837
0.078473 0.000024 0.420405
0.079314 -0.002769 0.420408
0.081680 -0.004447 0.420408
0.084341 -0.004446 0.420408
0.087378 0.000024 0.420405
0.086593 -0.002769 0.420408
0.084341 0.004555 0.420408
0.086594 0.002877 0.420408
0.081680 0.004555 0.420408
0.079314 0.002877 0.420408
0.078981 -0.002833 0.406367
0.079193 0.000025 0.405577
0.078981 0.002941 0.406366
0.078397 0.004597 0.408602
0.077726 0.004587 0.411135
0.077154 0.002905 0.413279
0.076962 0.000024 0.414023
0.077154 -0.002797 0.413278
0.077726 -0.004478 0.411135
0.078397 -0.004488 0.408603
0.082653 -0.002825 0.408647
0.083135 0.000025 0.408022
0.082653 0.002933 0.408647
0.081293 0.004591 0.410420
0.079719 0.004581 0.412442
0.078348 0.002899 0.414172
0.077850 0.000024 0.414782
0.078348 -0.002791 0.414171
0.079719 -0.004472 0.412442
0.081292 -0.004482 0.410420
0.085208 -0.002785 0.412177
0.085887 0.000024 0.411798
0.085209 0.002893 0.412177
0.083279 0.004565 0.413254
0.081038 0.004562 0.414486
0.079069 0.002882 0.415554
0.078345 0.000024 0.415941
0.079070 -0.002774 0.415554
0.081038 -0.004454 0.414486
0.083279 -0.004457 0.413254
0.086544 -0.002769 0.417535
0.087337 0.000024 0.417509
0.086545 0.002877 0.417535
0.084276 0.004555 0.417605
0.081617 0.004555 0.417684
0.079272 0.002877 0.417752
0.078442 0.000024 0.417774
0.079273 -0.002769 0.417752
0.081618 -0.004447 0.417684
0.084276 -0.004446 0.417604
0.058093 -0.004286 0.472923
0.056470 -0.002291 0.471394
0.055860 0.000018 0.470836
0.059826 -0.004282 0.474576
0.061347 -0.002274 0.476018
0.061907 0.000018 0.476551
0.061346 0.002378 0.476016
0.059826 0.004386 0.474575
0.058093 0.004390 0.472923
0.056471 0.002394 0.471396
0.040814 -0.004338 0.486610
0.039746 -0.002409 0.484685
0.039347 0.000019 0.483979
0.039747 0.002513 0.484687
0.040815 0.004443 0.486611
0.041966 0.004443 0.488708
0.042972 0.002511 0.490531
0.043337 0.000019 0.491195
0.042973 -0.002407 0.490533
0.041967 -0.004338 0.488709
0.070440 -0.004267 0.455290
0.068406 -0.002323 0.454217
0.067653 0.000019 0.453826
0.068407 0.002427 0.454218
0.070441 0.004371 0.455291
0.072622 0.004366 0.456444
0.074502 0.002406 0.457448
0.075186 0.000019 0.457825
0.074503 -0.002302 0.457450
0.072622 -0.004262 0.456445
0.016801 -0.004271 0.495978
0.016352 -0.004270 0.493591
0.015937 -0.002422 0.491410
0.015782 0.000021 0.490610
0.015937 0.002527 0.491413
0.016352 0.004375 0.493592
0.016801 0.004376 0.495977
0.017193 0.002531 0.498045
0.017334 0.000021 0.498792
0.017193 -0.002427 0.498048
-0.068086 -0.002194 0.406015
-0.068083 -0.003999 0.408343
-0.068471 0.000022 0.405154
-0.068083 -0.003999 0.410869
-0.068086 -0.002194 0.413074
-0.068471 0.000022 0.413877
-0.068077 0.002300 0.413074
-0.068073 0.004104 0.410869
-0.068073 0.004103 0.408343
-0.068077 0.002299 0.406016
-0.073359 0.000024 0.405069
-0.073356 -0.002769 0.405910
-0.073356 -0.004447 0.408276
-0.073356 -0.004446 0.410937
-0.073356 -0.002769 0.413189
-0.073359 0.000024 0.413973
-0.073356 0.002877 0.413189
-0.073356 0.004555 0.410937
-0.073356 0.004555 0.408276
-0.073356 0.002877 0.405909
-0.074222 -0.002497 0.437837
-0.073385 0.000022 0.437645
-0.076283 0.000024 0.420405
-0.077125 -0.002769 0.420408
-0.076521 -0.004316 0.438367
-0.079491 -0.004447 0.420408
-0.079026 -0.004312 0.438938
-0.082152 -0.004446 0.420408
-0.081913 0.000022 0.439620
-0.081155 -0.002482 0.439434
-0.084404 -0.002769 0.420408
-0.085188 0.000024 0.420405
-0.079026 0.004418 0.438938
-0.081155 0.002587 0.439434
-0.084404 0.002877 0.420408
-0.082152 0.004555 0.420408
-0.076521 0.004422 0.438367
-0.079491 0.004555 0.420408
-0.074222 0.002603 0.437837
-0.077124 0.002877 0.420408
-0.084355 -0.002769 0.417535
-0.085148 0.000024 0.417509
-0.084355 0.002877 0.417535
-0.082086 0.004555 0.417605
-0.079428 0.004555 0.417684
-0.077083 0.002877 0.417752
-0.076252 0.000024 0.417774
-0.077083 -0.002769 0.417752
-0.079428 -0.004447 0.417684
-0.082086 -0.004446 0.417604
-0.077003 0.000025 0.405577
-0.076791 -0.002833 0.406367
-0.076791 0.002941 0.406366
-0.076208 0.004597 0.408602
-0.075537 0.004587 0.411135
-0.074965 0.002905 0.413279
-0.074773 0.000024 0.414023
-0.074965 -0.002797 0.413278
-0.075537 -0.004478 0.411135
-0.076208 -0.004488 0.408603
-0.080946 0.000025 0.408022
-0.080463 -0.002825 0.408647
-0.080464 0.002933 0.408647
-0.079103 0.004591 0.410420
-0.077530 0.004581 0.412442
-0.076158 0.002899 0.414172
-0.075660 0.000024 0.414782
-0.076158 -0.002791 0.414171
-0.077530 -0.004472 0.412442
-0.079103 -0.004482 0.410420
-0.083698 0.000024 0.411798
-0.083019 -0.002785 0.412177
-0.083019 0.002893 0.412177
-0.081090 0.004565 0.413254
-0.078849 0.004562 0.414486
-0.076880 0.002882 0.415554
-0.076156 0.000024 0.415941
-0.076880 -0.002774 0.415554
-0.078849 -0.004454 0.414486
-0.081089 -0.004457 0.413254
-0.068253 -0.004262 0.455233
-0.066219 -0.002320 0.454164
-0.065466 0.000019 0.453774
-0.070436 -0.004257 0.456383
-0.072316 -0.002299 0.457384
-0.073000 0.000019 0.457758
-0.072315 0.002403 0.457383
-0.070435 0.004361 0.456382
-0.068254 0.004366 0.455233
-0.066220 0.002424 0.454165
-0.054278 -0.002281 0.471264
-0.055901 -0.004268 0.472783
-0.038626 -0.004297 0.486317
-0.037558 -0.002385 0.484411
-0.053669 0.000018 0.470709
-0.037159 0.000020 0.483713
-0.057635 -0.004264 0.474426
-0.039778 -0.004296 0.488394
-0.059155 -0.002263 0.475858
-0.040785 -0.002381 0.490199
-0.059715 0.000018 0.476388
-0.041149 0.000020 0.490854
-0.059154 0.002367 0.475857
-0.040784 0.002485 0.490197
-0.057634 0.004368 0.474425
-0.039778 0.004400 0.488393
-0.055902 0.004372 0.472784
-0.038626 0.004402 0.486318
-0.054279 0.002384 0.471266
-0.037559 0.002489 0.484414
-0.013961 -0.004240 0.493459
-0.013569 -0.002400 0.491298
-0.013423 0.000021 0.490505
-0.013570 0.002504 0.491301
-0.013961 0.004345 0.493461
-0.014384 0.004345 0.495822
-0.014753 0.002506 0.497871
-0.014887 0.000021 0.498612
-0.014754 -0.002402 0.497874
-0.014384 -0.004240 0.495823
</float_array>
          <technique_common>
            <accessor source="#handle-lib-Position-array" count="240" stride="3">
              <param name="X" type="float"/>
              <param name="Y" type="float"/>
              <param name="Z" type="float"/>
            </accessor>
          </technique_common>
        </source>
        <source id="handle-lib-Normal0">
          <float_array id="handle-lib-Normal0-array" count="4140">
-0.064625 -0.587922 -0.806332
-0.037628 -0.003671 -0.999285
0.047237 -0.003144 -0.998879
0.047237 -0.003144 -0.998879
0.016822 -0.582093 -0.812948
-0.064625 -0.587922 -0.806332
-0.090511 -0.944701 -0.315195
-0.064625 -0.587922 -0.806332
0.016822 -0.582093 -0.812948
0.016822 -0.582093 -0.812948
-0.031906 -0.947399 -0.318461
-0.090511 -0.944701 -0.315195
-0.090590 -0.940593 0.327228
-0.090511 -0.944701 -0.315195
-0.031906 -0.947399 -0.318461
-0.031906 -0.947399 -0.318461
-0.063504 -0.948122 0.311500
-0.090590 -0.940593 0.327228
-0.038347 -0.003480 0.999258
-0.064764 -0.569262 0.819602
-0.060604 -0.571415 0.818420
-0.060604 -0.571415 0.818420
-0.043444 -0.003024 0.999051
-0.038347 -0.003480 0.999258
-0.064764 -0.569262 0.819602
-0.090590 -0.940593 0.327228
-0.063504 -0.948122 0.311500
-0.063504 -0.948122 0.311500
-0.060604 -0.571415 0.818420
-0.064764 -0.569262 0.819602
-0.091105 0.940531 0.327263
-0.065010 0.566377 0.821578
-0.060803 0.568945 0.820125
-0.060803 0.568945 0.820125
-0.063813 0.948091 0.311530
-0.091105 0.940531 0.327263
-0.065010 0.566377 0.821578
-0.038347 -0.003480 0.999258
-0.043444 -0.003024 0.999051
-0.043444 -0.003024 0.999051
-0.060803 0.568945 0.820125
-0.065010 0.566377 0.821578
-0.091023 0.944639 -0.315233
-0.091105 0.940531 0.327263
-0.063813 0.948091 0.311530
-0.063813 0.948091 0.311530
-0.032204 0.947374 -0.318506
-0.091023 0.944639 -0.315233
-0.037628 -0.003671 -0.999285
-0.064869 0.584931 -0.808485
0.016780 0.579486 -0.814810
0.016780 0.579486 -0.814810
0.047237 -0.003144 -0.998879
-0.037628 -0.003671 -0.999285
-0.064869 0.584931 -0.808485
-0.091023 0.944639 -0.315233
-0.032204 0.947374 -0.318506
-0.032204 0.947374 -0.318506
0.016780 0.579486 -0.814810
-0.064869 0.584931 -0.808485
-0.768553 -0.591880 -0.242910
-0.952293 -0.003692 -0.305164
-0.997129 -0.003147 -0.075660
-0.997129 -0.003147 -0.075660
-0.803981 -0.591850 -0.057686
-0.768553 -0.591880 -0.242910
-0.282348 -0.955705 -0.083110
-0.768553 -0.591880 -0.242910
-0.803981 -0.591850 -0.057686
-0.803981 -0.591850 -0.057686
-0.291017 -0.956581 -0.016221
-0.282348 -0.955705 -0.083110
0.348419 -0.929275 0.122689
-0.282348 -0.955705 -0.083110
-0.291017 -0.956581 -0.016221
-0.291017 -0.956581 -0.016221
0.336973 -0.941004 0.030988
0.348419 -0.929275 0.122689
0.951803 -0.003277 0.306694
0.797929 -0.542873 0.261913
0.828023 -0.556865 0.065427
0.828023 -0.556865 0.065427
0.997080 -0.002890 0.076308
0.951803 -0.003277 0.306694
0.797929 -0.542873 0.261913
0.348419 -0.929275 0.122689
0.336973 -0.941004 0.030988
0.336973 -0.941004 0.030988
0.828023 -0.556865 0.065427
0.797929 -0.542873 0.261913
0.348448 0.929247 0.122819
0.799724 0.539912 0.262557
0.829703 0.554337 0.065591
0.829703 0.554337 0.065591
0.337026 0.940983 0.031067
0.348448 0.929247 0.122819
0.799724 0.539912 0.262557
0.951803 -0.003277 0.306694
0.997080 -0.002890 0.076308
0.997080 -0.002890 0.076308
0.829703 0.554337 0.065591
0.799724 0.539912 0.262557
-0.282430 0.955690 -0.083008
0.348448 0.929247 0.122819
0.337026 0.940983 0.031067
0.337026 0.940983 0.031067
-0.291086 0.956561 -0.016146
-0.282430 0.955690 -0.083008
-0.952293 -0.003692 -0.305164
-0.770548 0.589031 -0.243514
-0.805808 0.589350 -0.057785
-0.805808 0.589350 -0.057785
-0.997129 -0.003147 -0.075660
-0.952293 -0.003692 -0.305164
-0.770548 0.589031 -0.243514
-0.282430 0.955690 -0.083008
-0.291086 0.956561 -0.016146
-0.291086 0.956561 -0.016146
-0.805808 0.589350 -0.057785
-0.770548 0.589031 -0.243514
0.826017 -0.553394 -0.107013
0.991689 -0.002724 -0.128632
0.997080 -0.002890 0.076308
0.997080 -0.002890 0.076308
0.828023 -0.556865 0.065427
0.826017 -0.553394 -0.107013
0.991689 -0.002724 -0.128632
0.827603 0.550984 -0.107189
0.829703 0.554337 0.065591
0.829703 0.554337 0.065591
0.997080 -0.002890 0.076308
0.991689 -0.002724 -0.128632
0.827603 0.550984 -0.107189
0.332281 0.942168 -0.043703
0.337026 0.940983 0.031067
0.337026 0.940983 0.031067
0.829703 0.554337 0.065591
0.827603 0.550984 -0.107189
0.332281 0.942168 -0.043703
-0.295779 0.954930 0.024974
-0.291086 0.956561 -0.016146
-0.291086 0.956561 -0.016146
0.337026 0.940983 0.031067
0.332281 0.942168 -0.043703
-0.295779 0.954930 0.024974
-0.816951 0.574619 0.049029
-0.805808 0.589350 -0.057785
-0.805808 0.589350 -0.057785
-0.291086 0.956561 -0.016146
-0.295779 0.954930 0.024974
-0.816951 0.574619 0.049029
-0.999021 -0.002884 0.044151
-0.997129 -0.003147 -0.075660
-0.997129 -0.003147 -0.075660
-0.805808 0.589350 -0.057785
-0.816951 0.574619 0.049029
-0.999021 -0.002884 0.044151
-0.815262 -0.577021 0.048931
-0.803981 -0.591850 -0.057686
-0.803981 -0.591850 -0.057686
-0.997129 -0.003147 -0.075660
-0.999021 -0.002884 0.044151
-0.815262 -0.577021 0.048931
-0.295706 -0.954953 0.024947
-0.291017 -0.956581 -0.016221
-0.291017 -0.956581 -0.016221
-0.803981 -0.591850 -0.057686
-0.815262 -0.577021 0.048931
-0.295706 -0.954953 0.024947
0.332213 -0.942191 -0.043713
0.336973 -0.941004 0.030988
0.336973 -0.941004 0.030988
-0.291017 -0.956581 -0.016221
-0.295706 -0.954953 0.024947
0.332213 -0.942191 -0.043713
0.826017 -0.553394 -0.107013
0.828023 -0.556865 0.065427
0.828023 -0.556865 0.065427
0.336973 -0.941004 0.030988
0.332213 -0.942191 -0.043713
0.016822 -0.582093 -0.812948
0.047237 -0.003144 -0.998879
0.334940 -0.002703 -0.942236
0.334940 -0.002703 -0.942236
0.275643 -0.559650 -0.781545
0.016822 -0.582093 -0.812948
0.047237 -0.003144 -0.998879
0.016780 0.579486 -0.814810
0.276136 0.557216 -0.783109
0.276136 0.557216 -0.783109
0.334940 -0.002703 -0.942236
0.047237 -0.003144 -0.998879
0.016780 0.579486 -0.814810
-0.032204 0.947374 -0.318506
0.111783 0.939987 -0.322380
0.111783 0.939987 -0.322380
0.276136 0.557216 -0.783109
0.016780 0.579486 -0.814810
-0.032204 0.947374 -0.318506
-0.063813 0.948091 0.311530
-0.094141 0.962438 0.254657
-0.094141 0.962438 0.254657
0.111783 0.939987 -0.322380
-0.032204 0.947374 -0.318506
-0.063813 0.948091 0.311530
-0.060803 0.568945 0.820125
-0.281269 0.596338 0.751843
-0.281269 0.596338 0.751843
-0.094141 0.962438 0.254657
-0.063813 0.948091 0.311530
-0.060803 0.568945 0.820125
-0.043444 -0.003024 0.999051
-0.357455 -0.002954 0.933926
-0.357455 -0.002954 0.933926
-0.281269 0.596338 0.751843
-0.060803 0.568945 0.820125
-0.043444 -0.003024 0.999051
-0.060604 -0.571415 0.818420
-0.280648 -0.598490 0.750364
-0.280648 -0.598490 0.750364
-0.357455 -0.002954 0.933926
-0.043444 -0.003024 0.999051
-0.060604 -0.571415 0.818420
-0.063504 -0.948122 0.311500
-0.094061 -0.962464 0.254590
-0.094061 -0.962464 0.254590
-0.280648 -0.598490 0.750364
-0.060604 -0.571415 0.818420
-0.063504 -0.948122 0.311500
-0.031906 -0.947399 -0.318461
0.111808 -0.940011 -0.322302
0.111808 -0.940011 -0.322302
-0.094061 -0.962464 0.254590
-0.063504 -0.948122 0.311500
-0.031906 -0.947399 -0.318461
0.016822 -0.582093 -0.812948
0.275643 -0.559650 -0.781545
0.275643 -0.559650 -0.781545
0.111808 -0.940011 -0.322302
-0.031906 -0.947399 -0.318461
0.275643 -0.559650 -0.781545
0.334940 -0.002703 -0.942236
0.679275 -0.002618 -0.733879
0.679275 -0.002618 -0.733879
0.571326 -0.548455 -0.610560
0.275643 -0.559650 -0.781545
0.334940 -0.002703 -0.942236
0.276136 0.557216 -0.783109
0.572361 0.546080 -0.611718
0.572361 0.546080 -0.611718
0.679275 -0.002618 -0.733879
0.334940 -0.002703 -0.942236
0.276136 0.557216 -0.783109
0.111783 0.939987 -0.322380
0.244313 0.937551 -0.247608
0.244313 0.937551 -0.247608
0.572361 0.546080 -0.611718
0.276136 0.557216 -0.783109
0.111783 0.939987 -0.322380
-0.094141 0.962438 0.254657
-0.200187 0.959120 0.200038
-0.200187 0.959120 0.200038
0.244313 0.937551 -0.247608
0.111783 0.939987 -0.322380
-0.094141 0.962438 0.254657
-0.281269 0.596338 0.751843
-0.619301 0.579862 0.529364
-0.619301 0.579862 0.529364
-0.200187 0.959120 0.200038
-0.094141 0.962438 0.254657
-0.281269 0.596338 0.751843
-0.357455 -0.002954 0.933926
-0.786689 -0.002849 0.617343
-0.786689 -0.002849 0.617343
-0.619301 0.579862 0.529364
-0.281269 0.596338 0.751843
-0.357455 -0.002954 0.933926
-0.280648 -0.598490 0.750364
-0.618049 -0.582060 0.528414
-0.618049 -0.582060 0.528414
-0.786689 -0.002849 0.617343
-0.357455 -0.002954 0.933926
-0.280648 -0.598490 0.750364
-0.094061 -0.962464 0.254590
-0.200140 -0.959146 0.199959
-0.200140 -0.959146 0.199959
-0.618049 -0.582060 0.528414
-0.280648 -0.598490 0.750364
-0.094061 -0.962464 0.254590
0.111808 -0.940011 -0.322302
0.244259 -0.937574 -0.247573
0.244259 -0.937574 -0.247573
-0.200140 -0.959146 0.199959
-0.094061 -0.962464 0.254590
0.111808 -0.940011 -0.322302
0.275643 -0.559650 -0.781545
0.571326 -0.548455 -0.610560
0.571326 -0.548455 -0.610560
0.244259 -0.937574 -0.247573
0.111808 -0.940011 -0.322302
0.905164 -0.002642 -0.425054
0.761812 -0.544007 -0.351707
0.571326 -0.548455 -0.610560
0.571326 -0.548455 -0.610560
0.679275 -0.002618 -0.733879
0.905164 -0.002642 -0.425054
0.763217 0.541598 -0.352380
0.905164 -0.002642 -0.425054
0.679275 -0.002618 -0.733879
0.679275 -0.002618 -0.733879
0.572361 0.546080 -0.611718
0.763217 0.541598 -0.352380
0.323620 0.935895 -0.139180
0.763217 0.541598 -0.352380
0.572361 0.546080 -0.611718
0.572361 0.546080 -0.611718
0.244313 0.937551 -0.247608
0.323620 0.935895 -0.139180
-0.261853 0.959627 0.102712
0.323620 0.935895 -0.139180
0.244313 0.937551 -0.247608
0.244313 0.937551 -0.247608
-0.200187 0.959120 0.200038
-0.261853 0.959627 0.102712
-0.778568 0.581500 0.235987
-0.261853 0.959627 0.102712
-0.200187 0.959120 0.200038
-0.200187 0.959120 0.200038
-0.619301 0.579862 0.529364
-0.778568 0.581500 0.235987
-0.968095 -0.002898 0.250566
-0.778568 0.581500 0.235987
-0.619301 0.579862 0.529364
-0.619301 0.579862 0.529364
-0.786689 -0.002849 0.617343
-0.968095 -0.002898 0.250566
-0.776986 -0.583768 0.235602
-0.968095 -0.002898 0.250566
-0.786689 -0.002849 0.617343
-0.786689 -0.002849 0.617343
-0.618049 -0.582060 0.528414
-0.776986 -0.583768 0.235602
-0.261795 -0.959649 0.102655
-0.776986 -0.583768 0.235602
-0.618049 -0.582060 0.528414
-0.618049 -0.582060 0.528414
-0.200140 -0.959146 0.199959
-0.261795 -0.959649 0.102655
0.323546 -0.935921 -0.139173
-0.261795 -0.959649 0.102655
-0.200140 -0.959146 0.199959
-0.200140 -0.959146 0.199959
0.244259 -0.937574 -0.247573
0.323546 -0.935921 -0.139173
0.571326 -0.548455 -0.610560
0.761812 -0.544007 -0.351707
0.323546 -0.935921 -0.139173
0.323546 -0.935921 -0.139173
0.244259 -0.937574 -0.247573
0.571326 -0.548455 -0.610560
0.761812 -0.544007 -0.351707
0.905164 -0.002642 -0.425054
0.991689 -0.002724 -0.128632
0.991689 -0.002724 -0.128632
0.826017 -0.553394 -0.107013
0.761812 -0.544007 -0.351707
0.905164 -0.002642 -0.425054
0.763217 0.541598 -0.352380
0.827603 0.550984 -0.107189
0.827603 0.550984 -0.107189
0.991689 -0.002724 -0.128632
0.905164 -0.002642 -0.425054
0.763217 0.541598 -0.352380
0.323620 0.935895 -0.139180
0.332281 0.942168 -0.043703
0.332281 0.942168 -0.043703
0.827603 0.550984 -0.107189
0.763217 0.541598 -0.352380
0.323620 0.935895 -0.139180
-0.261853 0.959627 0.102712
-0.295779 0.954930 0.024974
-0.295779 0.954930 0.024974
0.332281 0.942168 -0.043703
0.323620 0.935895 -0.139180
-0.261853 0.959627 0.102712
-0.778568 0.581500 0.235987
-0.816951 0.574619 0.049029
-0.816951 0.574619 0.049029
-0.295779 0.954930 0.024974
-0.261853 0.959627 0.102712
-0.778568 0.581500 0.235987
-0.968095 -0.002898 0.250566
-0.999021 -0.002884 0.044151
-0.999021 -0.002884 0.044151
-0.816951 0.574619 0.049029
-0.778568 0.581500 0.235987
-0.968095 -0.002898 0.250566
-0.776986 -0.583768 0.235602
-0.815262 -0.577021 0.048931
-0.815262 -0.577021 0.048931
-0.999021 -0.002884 0.044151
-0.968095 -0.002898 0.250566
-0.776986 -0.583768 0.235602
-0.261795 -0.959649 0.102655
-0.295706 -0.954953 0.024947
-0.295706 -0.954953 0.024947
-0.815262 -0.577021 0.048931
-0.776986 -0.583768 0.235602
-0.261795 -0.959649 0.102655
0.323546 -0.935921 -0.139173
0.332213 -0.942191 -0.043713
0.332213 -0.942191 -0.043713
-0.295706 -0.954953 0.024947
-0.261795 -0.959649 0.102655
0.323546 -0.935921 -0.139173
0.761812 -0.544007 -0.351707
0.826017 -0.553394 -0.107013
0.826017 -0.553394 -0.107013
0.332213 -0.942191 -0.043713
0.323546 -0.935921 -0.139173
-0.768553 -0.591880 -0.242910
-0.282348 -0.955705 -0.083110
-0.282866 -0.944974 -0.164352
-0.282866 -0.944974 -0.164352
-0.706822 -0.573594 -0.413996
-0.768553 -0.591880 -0.242910
-0.952293 -0.003692 -0.305164
-0.768553 -0.591880 -0.242910
-0.706822 -0.573594 -0.413996
-0.706822 -0.573594 -0.413996
-0.862511 -0.004060 -0.506023
-0.952293 -0.003692 -0.305164
-0.282348 -0.955705 -0.083110
0.348419 -0.929275 0.122689
0.324551 -0.925346 0.195963
0.324551 -0.925346 0.195963
-0.282866 -0.944974 -0.164352
-0.282348 -0.955705 -0.083110
0.348419 -0.929275 0.122689
0.797929 -0.542873 0.261913
0.724956 -0.536079 0.432501
0.724956 -0.536079 0.432501
0.324551 -0.925346 0.195963
0.348419 -0.929275 0.122689
0.797929 -0.542873 0.261913
0.951803 -0.003277 0.306694
0.859576 -0.003719 0.510994
0.859576 -0.003719 0.510994
0.724956 -0.536079 0.432501
0.797929 -0.542873 0.261913
0.951803 -0.003277 0.306694
0.799724 0.539912 0.262557
0.726736 0.532767 0.433606
0.726736 0.532767 0.433606
0.859576 -0.003719 0.510994
0.951803 -0.003277 0.306694
0.799724 0.539912 0.262557
0.348448 0.929247 0.122819
0.324586 0.925313 0.196059
0.324586 0.925313 0.196059
0.726736 0.532767 0.433606
0.799724 0.539912 0.262557
0.348448 0.929247 0.122819
-0.282430 0.955690 -0.083008
-0.282967 0.944946 -0.164335
-0.282967 0.944946 -0.164335
0.324586 0.925313 0.196059
0.348448 0.929247 0.122819
-0.282430 0.955690 -0.083008
-0.770548 0.589031 -0.243514
-0.708821 0.570296 -0.415132
-0.708821 0.570296 -0.415132
-0.282967 0.944946 -0.164335
-0.282430 0.955690 -0.083008
-0.770548 0.589031 -0.243514
-0.952293 -0.003692 -0.305164
-0.862511 -0.004060 -0.506023
-0.862511 -0.004060 -0.506023
-0.708821 0.570296 -0.415132
-0.770548 0.589031 -0.243514
-0.597725 -0.571248 -0.562495
-0.233698 -0.946534 -0.222392
-0.142333 -0.950816 -0.275119
-0.142333 -0.950816 -0.275119
-0.372465 -0.575132 -0.728350
-0.597725 -0.571248 -0.562495
-0.729068 -0.004119 -0.684429
-0.597725 -0.571248 -0.562495
-0.372465 -0.575132 -0.728350
-0.372465 -0.575132 -0.728350
-0.453660 -0.003788 -0.891167
-0.729068 -0.004119 -0.684429
-0.233698 -0.946534 -0.222392
0.289662 -0.917534 0.272448
0.183585 -0.916661 0.355005
0.183585 -0.916661 0.355005
-0.142333 -0.950816 -0.275119
-0.233698 -0.946534 -0.222392
0.289662 -0.917534 0.272448
0.616802 -0.527192 0.584487
0.391350 -0.525297 0.755585
0.391350 -0.525297 0.755585
0.183585 -0.916661 0.355005
0.289662 -0.917534 0.272448
0.616802 -0.527192 0.584487
0.725113 -0.003682 0.688620
0.459277 -0.003318 0.888287
0.459277 -0.003318 0.888287
0.391350 -0.525297 0.755585
0.616802 -0.527192 0.584487
0.725113 -0.003682 0.688620
0.618333 0.523788 0.585927
0.392277 0.522146 0.757286
0.392277 0.522146 0.757286
0.459277 -0.003318 0.888287
0.725113 -0.003682 0.688620
0.618333 0.523788 0.585927
0.289744 0.917484 0.272527
0.183672 0.916594 0.355133
0.183672 0.916594 0.355133
0.392277 0.522146 0.757286
0.618333 0.523788 0.585927
0.289744 0.917484 0.272527
-0.233799 0.946486 -0.222492
-0.142407 0.950744 -0.275328
-0.142407 0.950744 -0.275328
0.183672 0.916594 0.355133
0.289744 0.917484 0.272527
-0.233799 0.946486 -0.222492
-0.599400 0.567941 -0.564059
-0.373411 0.572088 -0.730260
-0.373411 0.572088 -0.730260
-0.142407 0.950744 -0.275328
-0.233799 0.946486 -0.222492
-0.599400 0.567941 -0.564059
-0.729068 -0.004119 -0.684429
-0.453660 -0.003788 -0.891167
-0.453660 -0.003788 -0.891167
-0.373411 0.572088 -0.730260
-0.599400 0.567941 -0.564059
-0.372465 -0.575132 -0.728350
-0.142333 -0.950816 -0.275119
-0.045941 -0.948390 -0.313761
-0.045941 -0.948390 -0.313761
-0.111510 -0.570565 -0.813646
-0.372465 -0.575132 -0.728350
-0.453660 -0.003788 -0.891167
-0.372465 -0.575132 -0.728350
-0.111510 -0.570565 -0.813646
-0.111510 -0.570565 -0.813646
-0.133637 -0.003445 -0.991024
-0.453660 -0.003788 -0.891167
-0.373411 0.572088 -0.730260
-0.453660 -0.003788 -0.891167
-0.133637 -0.003445 -0.991024
-0.133637 -0.003445 -0.991024
-0.111762 0.567655 -0.815646
-0.373411 0.572088 -0.730260
-0.142407 0.950744 -0.275328
-0.373411 0.572088 -0.730260
-0.111762 0.567655 -0.815646
-0.111762 0.567655 -0.815646
-0.045970 0.948299 -0.314031
-0.142407 0.950744 -0.275328
0.183672 0.916594 0.355133
-0.142407 0.950744 -0.275328
-0.045970 0.948299 -0.314031
-0.045970 0.948299 -0.314031
0.051111 0.922970 0.381464
0.183672 0.916594 0.355133
0.392277 0.522146 0.757286
0.183672 0.916594 0.355133
0.051111 0.922970 0.381464
0.051111 0.922970 0.381464
0.118320 0.525837 0.842316
0.392277 0.522146 0.757286
0.459277 -0.003318 0.888287
0.392277 0.522146 0.757286
0.118320 0.525837 0.842316
0.118320 0.525837 0.842316
0.140032 -0.003059 0.990142
0.459277 -0.003318 0.888287
0.391350 -0.525297 0.755585
0.459277 -0.003318 0.888287
0.140032 -0.003059 0.990142
0.140032 -0.003059 0.990142
0.118047 -0.528744 0.840532
0.391350 -0.525297 0.755585
0.183585 -0.916661 0.355005
0.391350 -0.525297 0.755585
0.118047 -0.528744 0.840532
0.118047 -0.528744 0.840532
0.051080 -0.923046 0.381283
0.183585 -0.916661 0.355005
-0.142333 -0.950816 -0.275119
0.183585 -0.916661 0.355005
0.051080 -0.923046 0.381283
0.051080 -0.923046 0.381283
-0.045941 -0.948390 -0.313761
-0.142333 -0.950816 -0.275119
-0.706822 -0.573594 -0.413996
-0.282866 -0.944974 -0.164352
-0.233698 -0.946534 -0.222392
-0.233698 -0.946534 -0.222392
-0.597725 -0.571248 -0.562495
-0.706822 -0.573594 -0.413996
-0.862511 -0.004060 -0.506023
-0.706822 -0.573594 -0.413996
-0.597725 -0.571248 -0.562495
-0.597725 -0.571248 -0.562495
-0.729068 -0.004119 -0.684429
-0.862511 -0.004060 -0.506023
-0.708821 0.570296 -0.415132
-0.862511 -0.004060 -0.506023
-0.729068 -0.004119 -0.684429
-0.729068 -0.004119 -0.684429
-0.599400 0.567941 -0.564059
-0.708821 0.570296 -0.415132
-0.282967 0.944946 -0.164335
-0.708821 0.570296 -0.415132
-0.599400 0.567941 -0.564059
-0.599400 0.567941 -0.564059
-0.233799 0.946486 -0.222492
-0.282967 0.944946 -0.164335
0.324586 0.925313 0.196059
-0.282967 0.944946 -0.164335
-0.233799 0.946486 -0.222492
-0.233799 0.946486 -0.222492
0.289744 0.917484 0.272527
0.324586 0.925313 0.196059
0.726736 0.532767 0.433606
0.324586 0.925313 0.196059
0.289744 0.917484 0.272527
0.289744 0.917484 0.272527
0.618333 0.523788 0.585927
0.726736 0.532767 0.433606
0.859576 -0.003719 0.510994
0.726736 0.532767 0.433606
0.618333 0.523788 0.585927
0.618333 0.523788 0.585927
0.725113 -0.003682 0.688620
0.859576 -0.003719 0.510994
0.724956 -0.536079 0.432501
0.859576 -0.003719 0.510994
0.725113 -0.003682 0.688620
0.725113 -0.003682 0.688620
0.616802 -0.527192 0.584487
0.724956 -0.536079 0.432501
0.324551 -0.925346 0.195963
0.724956 -0.536079 0.432501
0.616802 -0.527192 0.584487
0.616802 -0.527192 0.584487
0.289662 -0.917534 0.272448
0.324551 -0.925346 0.195963
-0.282866 -0.944974 -0.164352
0.324551 -0.925346 0.195963
0.289662 -0.917534 0.272448
0.289662 -0.917534 0.272448
-0.233698 -0.946534 -0.222392
-0.282866 -0.944974 -0.164352
-0.045941 -0.948390 -0.313761
0.051080 -0.923046 0.381283
-0.055173 -0.922951 0.380944
-0.055173 -0.922951 0.380944
0.046545 -0.948126 -0.314469
-0.045941 -0.948390 -0.313761
-0.111510 -0.570565 -0.813646
-0.045941 -0.948390 -0.313761
0.046545 -0.948126 -0.314469
0.046545 -0.948126 -0.314469
0.116131 -0.569862 -0.813493
-0.111510 -0.570565 -0.813646
0.140032 -0.003059 0.990142
0.118320 0.525837 0.842316
-0.124481 0.525469 0.841657
-0.124481 0.525469 0.841657
-0.146660 -0.003062 0.989182
0.140032 -0.003059 0.990142
0.118047 -0.528744 0.840532
0.140032 -0.003059 0.990142
-0.146660 -0.003062 0.989182
-0.146660 -0.003062 0.989182
-0.124200 -0.528381 0.839874
0.118047 -0.528744 0.840532
0.051080 -0.923046 0.381283
0.118047 -0.528744 0.840532
-0.124200 -0.528381 0.839874
-0.124200 -0.528381 0.839874
-0.055173 -0.922951 0.380944
0.051080 -0.923046 0.381283
0.064625 -0.587922 -0.806332
-0.016822 -0.582094 -0.812948
-0.047237 -0.003144 -0.998879
-0.047237 -0.003144 -0.998879
0.037628 -0.003671 -0.999285
0.064625 -0.587922 -0.806332
0.090511 -0.944701 -0.315195
0.031906 -0.947399 -0.318461
-0.016822 -0.582094 -0.812948
-0.016822 -0.582094 -0.812948
0.064625 -0.587922 -0.806332
0.090511 -0.944701 -0.315195
0.090590 -0.940593 0.327228
0.063504 -0.948122 0.311500
0.031906 -0.947399 -0.318461
0.031906 -0.947399 -0.318461
0.090511 -0.944701 -0.315195
0.090590 -0.940593 0.327228
0.038347 -0.003479 0.999258
0.043444 -0.003024 0.999051
0.060604 -0.571415 0.818420
0.060604 -0.571415 0.818420
0.064764 -0.569262 0.819602
0.038347 -0.003479 0.999258
0.064764 -0.569262 0.819602
0.060604 -0.571415 0.818420
0.063504 -0.948122 0.311500
0.063504 -0.948122 0.311500
0.090590 -0.940593 0.327228
0.064764 -0.569262 0.819602
0.091105 0.940531 0.327263
0.063813 0.948091 0.311530
0.060803 0.568945 0.820125
0.060803 0.568945 0.820125
0.065010 0.566377 0.821578
0.091105 0.940531 0.327263
0.065010 0.566377 0.821578
0.060803 0.568945 0.820125
0.043444 -0.003024 0.999051
0.043444 -0.003024 0.999051
0.038347 -0.003479 0.999258
0.065010 0.566377 0.821578
0.091023 0.944639 -0.315233
0.032204 0.947374 -0.318506
0.063813 0.948091 0.311530
0.063813 0.948091 0.311530
0.091105 0.940531 0.327263
0.091023 0.944639 -0.315233
0.037628 -0.003671 -0.999285
-0.047237 -0.003144 -0.998879
-0.016780 0.579486 -0.814810
-0.016780 0.579486 -0.814810
0.064869 0.584931 -0.808485
0.037628 -0.003671 -0.999285
0.064869 0.584931 -0.808485
-0.016780 0.579486 -0.814810
0.032204 0.947374 -0.318506
0.032204 0.947374 -0.318506
0.091023 0.944639 -0.315233
0.064869 0.584931 -0.808485
0.768348 -0.591990 -0.243287
0.803981 -0.591850 -0.057687
0.997129 -0.003148 -0.075660
0.997129 -0.003148 -0.075660
0.952113 -0.003691 -0.305723
0.768348 -0.591990 -0.243287
0.282181 -0.955757 -0.083085
0.291018 -0.956580 -0.016222
0.803981 -0.591850 -0.057687
0.803981 -0.591850 -0.057687
0.768348 -0.591990 -0.243287
0.282181 -0.955757 -0.083085
-0.348364 -0.929245 0.123071
-0.336973 -0.941004 0.030988
0.291018 -0.956580 -0.016222
0.291018 -0.956580 -0.016222
0.282181 -0.955757 -0.083085
-0.348364 -0.929245 0.123071
-0.951606 -0.003276 0.307303
-0.997080 -0.002891 0.076308
-0.828022 -0.556866 0.065427
-0.828022 -0.556866 0.065427
-0.797739 -0.542886 0.262464
-0.951606 -0.003276 0.307303
-0.797739 -0.542886 0.262464
-0.828022 -0.556866 0.065427
-0.336973 -0.941004 0.030988
-0.336973 -0.941004 0.030988
-0.348364 -0.929245 0.123071
-0.797739 -0.542886 0.262464
-0.348395 0.929216 0.123202
-0.337027 0.940983 0.031066
-0.829703 0.554338 0.065590
-0.829703 0.554338 0.065590
-0.799535 0.539924 0.263109
-0.348395 0.929216 0.123202
-0.799535 0.539924 0.263109
-0.829703 0.554338 0.065590
-0.997080 -0.002891 0.076308
-0.997080 -0.002891 0.076308
-0.951606 -0.003276 0.307303
-0.799535 0.539924 0.263109
0.282263 0.955741 -0.082983
0.291085 0.956561 -0.016146
-0.337027 0.940983 0.031066
-0.337027 0.940983 0.031066
-0.348395 0.929216 0.123202
0.282263 0.955741 -0.082983
0.952113 -0.003691 -0.305723
0.997129 -0.003148 -0.075660
0.805808 0.589351 -0.057784
0.805808 0.589351 -0.057784
0.770343 0.589142 -0.243892
0.952113 -0.003691 -0.305723
0.770343 0.589142 -0.243892
0.805808 0.589351 -0.057784
0.291085 0.956561 -0.016146
0.291085 0.956561 -0.016146
0.282263 0.955741 -0.082983
0.770343 0.589142 -0.243892
-0.826017 -0.553394 -0.107014
-0.828022 -0.556866 0.065427
-0.997080 -0.002891 0.076308
-0.997080 -0.002891 0.076308
-0.991688 -0.002725 -0.128633
-0.826017 -0.553394 -0.107014
-0.991688 -0.002725 -0.128633
-0.997080 -0.002891 0.076308
-0.829703 0.554338 0.065590
-0.829703 0.554338 0.065590
-0.827602 0.550985 -0.107190
-0.991688 -0.002725 -0.128633
-0.827602 0.550985 -0.107190
-0.829703 0.554338 0.065590
-0.337027 0.940983 0.031066
-0.337027 0.940983 0.031066
-0.332279 0.942168 -0.043704
-0.827602 0.550985 -0.107190
-0.332279 0.942168 -0.043704
-0.337027 0.940983 0.031066
0.291085 0.956561 -0.016146
0.291085 0.956561 -0.016146
0.295777 0.954930 0.024974
-0.332279 0.942168 -0.043704
0.295777 0.954930 0.024974
0.291085 0.956561 -0.016146
0.805808 0.589351 -0.057784
0.805808 0.589351 -0.057784
0.816952 0.574619 0.049027
0.295777 0.954930 0.024974
0.816952 0.574619 0.049027
0.805808 0.589351 -0.057784
0.997129 -0.003148 -0.075660
0.997129 -0.003148 -0.075660
0.999021 -0.002886 0.044149
0.816952 0.574619 0.049027
0.999021 -0.002886 0.044149
0.997129 -0.003148 -0.075660
0.803981 -0.591850 -0.057687
0.803981 -0.591850 -0.057687
0.815262 -0.577022 0.048930
0.999021 -0.002886 0.044149
0.815262 -0.577022 0.048930
0.803981 -0.591850 -0.057687
0.291018 -0.956580 -0.016222
0.291018 -0.956580 -0.016222
0.295706 -0.954953 0.024947
0.815262 -0.577022 0.048930
0.295706 -0.954953 0.024947
0.291018 -0.956580 -0.016222
-0.336973 -0.941004 0.030988
-0.336973 -0.941004 0.030988
-0.332215 -0.942190 -0.043713
0.295706 -0.954953 0.024947
-0.332215 -0.942190 -0.043713
-0.336973 -0.941004 0.030988
-0.828022 -0.556866 0.065427
-0.828022 -0.556866 0.065427
-0.826017 -0.553394 -0.107014
-0.332215 -0.942190 -0.043713
-0.016822 -0.582094 -0.812948
-0.275645 -0.559649 -0.781545
-0.334941 -0.002703 -0.942235
-0.334941 -0.002703 -0.942235
-0.047237 -0.003144 -0.998879
-0.016822 -0.582094 -0.812948
-0.047237 -0.003144 -0.998879
-0.334941 -0.002703 -0.942235
-0.276138 0.557214 -0.783109
-0.276138 0.557214 -0.783109
-0.016780 0.579486 -0.814810
-0.047237 -0.003144 -0.998879
-0.016780 0.579486 -0.814810
-0.276138 0.557214 -0.783109
-0.111782 0.939987 -0.322379
-0.111782 0.939987 -0.322379
0.032204 0.947374 -0.318506
-0.016780 0.579486 -0.814810
0.032204 0.947374 -0.318506
-0.111782 0.939987 -0.322379
0.094141 0.962438 0.254657
0.094141 0.962438 0.254657
0.063813 0.948091 0.311530
0.032204 0.947374 -0.318506
0.063813 0.948091 0.311530
0.094141 0.962438 0.254657
0.281269 0.596338 0.751843
0.281269 0.596338 0.751843
0.060803 0.568945 0.820125
0.063813 0.948091 0.311530
0.060803 0.568945 0.820125
0.281269 0.596338 0.751843
0.357457 -0.002952 0.933925
0.357457 -0.002952 0.933925
0.043444 -0.003024 0.999051
0.060803 0.568945 0.820125
0.043444 -0.003024 0.999051
0.357457 -0.002952 0.933925
0.280651 -0.598491 0.750362
0.280651 -0.598491 0.750362
0.060604 -0.571415 0.818420
0.043444 -0.003024 0.999051
0.060604 -0.571415 0.818420
0.280651 -0.598491 0.750362
0.094061 -0.962464 0.254589
0.094061 -0.962464 0.254589
0.063504 -0.948122 0.311500
0.060604 -0.571415 0.818420
0.063504 -0.948122 0.311500
0.094061 -0.962464 0.254589
-0.111807 -0.940011 -0.322301
-0.111807 -0.940011 -0.322301
0.031906 -0.947399 -0.318461
0.063504 -0.948122 0.311500
0.031906 -0.947399 -0.318461
-0.111807 -0.940011 -0.322301
-0.275645 -0.559649 -0.781545
-0.275645 -0.559649 -0.781545
-0.016822 -0.582094 -0.812948
0.031906 -0.947399 -0.318461
-0.275645 -0.559649 -0.781545
-0.571328 -0.548452 -0.610561
-0.679277 -0.002618 -0.733878
-0.679277 -0.002618 -0.733878
-0.334941 -0.002703 -0.942235
-0.275645 -0.559649 -0.781545
-0.334941 -0.002703 -0.942235
-0.679277 -0.002618 -0.733878
-0.572363 0.546078 -0.611718
-0.572363 0.546078 -0.611718
-0.276138 0.557214 -0.783109
-0.334941 -0.002703 -0.942235
-0.276138 0.557214 -0.783109
-0.572363 0.546078 -0.611718
-0.244312 0.937551 -0.247607
-0.244312 0.937551 -0.247607
-0.111782 0.939987 -0.322379
-0.276138 0.557214 -0.783109
-0.111782 0.939987 -0.322379
-0.244312 0.937551 -0.247607
0.200186 0.959120 0.200037
0.200186 0.959120 0.200037
0.094141 0.962438 0.254657
-0.111782 0.939987 -0.322379
0.094141 0.962438 0.254657
0.200186 0.959120 0.200037
0.619301 0.579862 0.529364
0.619301 0.579862 0.529364
0.281269 0.596338 0.751843
0.094141 0.962438 0.254657
0.281269 0.596338 0.751843
0.619301 0.579862 0.529364
0.786689 -0.002846 0.617343
0.786689 -0.002846 0.617343
0.357457 -0.002952 0.933925
0.281269 0.596338 0.751843
0.357457 -0.002952 0.933925
0.786689 -0.002846 0.617343
0.618052 -0.582057 0.528414
0.618052 -0.582057 0.528414
0.280651 -0.598491 0.750362
0.357457 -0.002952 0.933925
0.280651 -0.598491 0.750362
0.618052 -0.582057 0.528414
0.200138 -0.959147 0.199956
0.200138 -0.959147 0.199956
0.094061 -0.962464 0.254589
0.280651 -0.598491 0.750362
0.094061 -0.962464 0.254589
0.200138 -0.959147 0.199956
-0.244259 -0.937574 -0.247572
-0.244259 -0.937574 -0.247572
-0.111807 -0.940011 -0.322301
0.094061 -0.962464 0.254589
-0.111807 -0.940011 -0.322301
-0.244259 -0.937574 -0.247572
-0.571328 -0.548452 -0.610561
-0.571328 -0.548452 -0.610561
-0.275645 -0.559649 -0.781545
-0.111807 -0.940011 -0.322301
-0.679277 -0.002618 -0.733878
-0.571328 -0.548452 -0.610561
-0.761813 -0.544006 -0.351708
-0.761813 -0.544006 -0.351708
-0.905163 -0.002644 -0.425056
-0.679277 -0.002618 -0.733878
-0.572363 0.546078 -0.611718
-0.679277 -0.002618 -0.733878
-0.905163 -0.002644 -0.425056
-0.905163 -0.002644 -0.425056
-0.763217 0.541598 -0.352380
-0.572363 0.546078 -0.611718
-0.244312 0.937551 -0.247607
-0.572363 0.546078 -0.611718
-0.763217 0.541598 -0.352380
-0.763217 0.541598 -0.352380
-0.323617 0.935896 -0.139177
-0.244312 0.937551 -0.247607
0.200186 0.959120 0.200037
-0.244312 0.937551 -0.247607
-0.323617 0.935896 -0.139177
-0.323617 0.935896 -0.139177
0.261854 0.959626 0.102712
0.200186 0.959120 0.200037
0.619301 0.579862 0.529364
0.200186 0.959120 0.200037
0.261854 0.959626 0.102712
0.261854 0.959626 0.102712
0.778569 0.581499 0.235985
0.619301 0.579862 0.529364
0.786689 -0.002846 0.617343
0.619301 0.579862 0.529364
0.778569 0.581499 0.235985
0.778569 0.581499 0.235985
0.968095 -0.002898 0.250566
0.786689 -0.002846 0.617343
0.618052 -0.582057 0.528414
0.786689 -0.002846 0.617343
0.968095 -0.002898 0.250566
0.968095 -0.002898 0.250566
0.776985 -0.583768 0.235605
0.618052 -0.582057 0.528414
0.200138 -0.959147 0.199956
0.618052 -0.582057 0.528414
0.776985 -0.583768 0.235605
0.776985 -0.583768 0.235605
0.261794 -0.959649 0.102655
0.200138 -0.959147 0.199956
-0.244259 -0.937574 -0.247572
0.200138 -0.959147 0.199956
0.261794 -0.959649 0.102655
0.261794 -0.959649 0.102655
-0.323548 -0.935920 -0.139175
-0.244259 -0.937574 -0.247572
-0.571328 -0.548452 -0.610561
-0.244259 -0.937574 -0.247572
-0.323548 -0.935920 -0.139175
-0.323548 -0.935920 -0.139175
-0.761813 -0.544006 -0.351708
-0.571328 -0.548452 -0.610561
-0.761813 -0.544006 -0.351708
-0.826017 -0.553394 -0.107014
-0.991688 -0.002725 -0.128633
-0.991688 -0.002725 -0.128633
-0.905163 -0.002644 -0.425056
-0.761813 -0.544006 -0.351708
-0.905163 -0.002644 -0.425056
-0.991688 -0.002725 -0.128633
-0.827602 0.550985 -0.107190
-0.827602 0.550985 -0.107190
-0.763217 0.541598 -0.352380
-0.905163 -0.002644 -0.425056
-0.763217 0.541598 -0.352380
-0.827602 0.550985 -0.107190
-0.332279 0.942168 -0.043704
-0.332279 0.942168 -0.043704
-0.323617 0.935896 -0.139177
-0.763217 0.541598 -0.352380
-0.323617 0.935896 -0.139177
-0.332279 0.942168 -0.043704
0.295777 0.954930 0.024974
0.295777 0.954930 0.024974
0.261854 0.959626 0.102712
-0.323617 0.935896 -0.139177
0.261854 0.959626 0.102712
0.295777 0.954930 0.024974
0.816952 0.574619 0.049027
0.816952 0.574619 0.049027
0.778569 0.581499 0.235985
0.261854 0.959626 0.102712
0.778569 0.581499 0.235985
0.816952 0.574619 0.049027
0.999021 -0.002886 0.044149
0.999021 -0.002886 0.044149
0.968095 -0.002898 0.250566
0.778569 0.581499 0.235985
0.968095 -0.002898 0.250566
0.999021 -0.002886 0.044149
0.815262 -0.577022 0.048930
0.815262 -0.577022 0.048930
0.776985 -0.583768 0.235605
0.968095 -0.002898 0.250566
0.776985 -0.583768 0.235605
0.815262 -0.577022 0.048930
0.295706 -0.954953 0.024947
0.295706 -0.954953 0.024947
0.261794 -0.959649 0.102655
0.776985 -0.583768 0.235605
0.261794 -0.959649 0.102655
0.295706 -0.954953 0.024947
-0.332215 -0.942190 -0.043713
-0.332215 -0.942190 -0.043713
-0.323548 -0.935920 -0.139175
0.261794 -0.959649 0.102655
-0.323548 -0.935920 -0.139175
-0.332215 -0.942190 -0.043713
-0.826017 -0.553394 -0.107014
-0.826017 -0.553394 -0.107014
-0.761813 -0.544006 -0.351708
-0.323548 -0.935920 -0.139175
0.768348 -0.591990 -0.243287
0.706049 -0.573819 -0.415002
0.282538 -0.945076 -0.164330
0.282538 -0.945076 -0.164330
0.282181 -0.955757 -0.083085
0.768348 -0.591990 -0.243287
0.952113 -0.003691 -0.305723
0.861645 -0.004058 -0.507495
0.706049 -0.573819 -0.415002
0.706049 -0.573819 -0.415002
0.768348 -0.591990 -0.243287
0.952113 -0.003691 -0.305723
0.282181 -0.955757 -0.083085
0.282538 -0.945076 -0.164330
-0.324009 -0.925325 0.196956
-0.324009 -0.925325 0.196956
-0.348364 -0.929245 0.123071
0.282181 -0.955757 -0.083085
-0.348364 -0.929245 0.123071
-0.324009 -0.925325 0.196956
-0.723971 -0.536231 0.433960
-0.723971 -0.536231 0.433960
-0.797739 -0.542886 0.262464
-0.348364 -0.929245 0.123071
-0.797739 -0.542886 0.262464
-0.723971 -0.536231 0.433960
-0.858588 -0.003719 0.512652
-0.858588 -0.003719 0.512652
-0.951606 -0.003276 0.307303
-0.797739 -0.542886 0.262464
-0.951606 -0.003276 0.307303
-0.858588 -0.003719 0.512652
-0.725751 0.532918 0.435067
-0.725751 0.532918 0.435067
-0.799535 0.539924 0.263109
-0.951606 -0.003276 0.307303
-0.799535 0.539924 0.263109
-0.725751 0.532918 0.435067
-0.324043 0.925292 0.197054
-0.324043 0.925292 0.197054
-0.348395 0.929216 0.123202
-0.799535 0.539924 0.263109
-0.348395 0.929216 0.123202
-0.324043 0.925292 0.197054
0.282641 0.945048 -0.164313
0.282641 0.945048 -0.164313
0.282263 0.955741 -0.082983
-0.348395 0.929216 0.123202
0.282263 0.955741 -0.082983
0.282641 0.945048 -0.164313
0.708046 0.570523 -0.416143
0.708046 0.570523 -0.416143
0.770343 0.589142 -0.243892
0.282263 0.955741 -0.082983
0.770343 0.589142 -0.243892
0.708046 0.570523 -0.416143
0.861645 -0.004058 -0.507495
0.861645 -0.004058 -0.507495
0.952113 -0.003691 -0.305723
0.770343 0.589142 -0.243892
0.595508 -0.571812 -0.564271
0.372377 -0.574260 -0.729082
0.142993 -0.950440 -0.276073
0.142993 -0.950440 -0.276073
0.232993 -0.946760 -0.222169
0.595508 -0.571812 -0.564271
0.726454 -0.004126 -0.687203
0.453217 -0.003789 -0.891392
0.372377 -0.574260 -0.729082
0.372377 -0.574260 -0.729082
0.595508 -0.571812 -0.564271
0.726454 -0.004126 -0.687203
0.232993 -0.946760 -0.222169
0.142993 -0.950440 -0.276073
-0.182707 -0.916615 0.355577
-0.182707 -0.916615 0.355577
-0.288046 -0.917482 0.274329
0.232993 -0.946760 -0.222169
-0.288046 -0.917482 0.274329
-0.182707 -0.916615 0.355577
-0.390271 -0.525087 0.756289
-0.390271 -0.525087 0.756289
-0.614062 -0.527552 0.587040
-0.288046 -0.917482 0.274329
-0.614062 -0.527552 0.587040
-0.390271 -0.525087 0.756289
-0.458161 -0.003323 0.888863
-0.458161 -0.003323 0.888863
-0.722307 -0.003687 0.691563
-0.614062 -0.527552 0.587040
-0.722307 -0.003687 0.691563
-0.458161 -0.003323 0.888863
-0.391199 0.521932 0.757991
-0.391199 0.521932 0.757991
-0.615593 0.524145 0.588487
-0.722307 -0.003687 0.691563
-0.615593 0.524145 0.588487
-0.391199 0.521932 0.757991
-0.182794 0.916547 0.355708
-0.182794 0.916547 0.355708
-0.288126 0.917433 0.274409
-0.615593 0.524145 0.588487
-0.288126 0.917433 0.274409
-0.182794 0.916547 0.355708
0.143065 0.950370 -0.276277
0.143065 0.950370 -0.276277
0.233093 0.946712 -0.222270
-0.288126 0.917433 0.274409
0.233093 0.946712 -0.222270
0.143065 0.950370 -0.276277
0.373324 0.571210 -0.730991
0.373324 0.571210 -0.730991
0.597177 0.568505 -0.565846
0.233093 0.946712 -0.222270
0.597177 0.568505 -0.565846
0.373324 0.571210 -0.730991
0.453217 -0.003789 -0.891392
0.453217 -0.003789 -0.891392
0.726454 -0.004126 -0.687203
0.597177 0.568505 -0.565846
0.372377 -0.574260 -0.729082
0.116131 -0.569862 -0.813493
0.046545 -0.948126 -0.314469
0.046545 -0.948126 -0.314469
0.142993 -0.950440 -0.276073
0.372377 -0.574260 -0.729082
0.453217 -0.003789 -0.891392
0.139730 -0.003447 -0.990184
0.116131 -0.569862 -0.813493
0.116131 -0.569862 -0.813493
0.372377 -0.574260 -0.729082
0.453217 -0.003789 -0.891392
0.373324 0.571210 -0.730991
0.116398 0.566948 -0.815488
0.139730 -0.003447 -0.990184
0.139730 -0.003447 -0.990184
0.453217 -0.003789 -0.891392
0.373324 0.571210 -0.730991
0.143065 0.950370 -0.276277
0.046574 0.948036 -0.314737
0.116398 0.566948 -0.815488
0.116398 0.566948 -0.815488
0.373324 0.571210 -0.730991
0.143065 0.950370 -0.276277
-0.182794 0.916547 0.355708
-0.055206 0.922872 0.381129
0.046574 0.948036 -0.314737
0.046574 0.948036 -0.314737
0.143065 0.950370 -0.276277
-0.182794 0.916547 0.355708
-0.391199 0.521932 0.757991
-0.124481 0.525469 0.841657
-0.055206 0.922872 0.381129
-0.055206 0.922872 0.381129
-0.182794 0.916547 0.355708
-0.391199 0.521932 0.757991
-0.458161 -0.003323 0.888863
-0.146660 -0.003062 0.989182
-0.124481 0.525469 0.841657
-0.124481 0.525469 0.841657
-0.391199 0.521932 0.757991
-0.458161 -0.003323 0.888863
-0.390271 -0.525087 0.756289
-0.124200 -0.528381 0.839874
-0.146660 -0.003062 0.989182
-0.146660 -0.003062 0.989182
-0.458161 -0.003323 0.888863
-0.390271 -0.525087 0.756289
-0.182707 -0.916615 0.355577
-0.055173 -0.922951 0.380944
-0.124200 -0.528381 0.839874
-0.124200 -0.528381 0.839874
-0.390271 -0.525087 0.756289
-0.182707 -0.916615 0.355577
0.142993 -0.950440 -0.276073
0.046545 -0.948126 -0.314469
-0.055173 -0.922951 0.380944
-0.055173 -0.922951 0.380944
-0.182707 -0.916615 0.355577
0.142993 -0.950440 -0.276073
0.706049 -0.573819 -0.415002
0.595508 -0.571812 -0.564271
0.232993 -0.946760 -0.222169
0.232993 -0.946760 -0.222169
0.282538 -0.945076 -0.164330
0.706049 -0.573819 -0.415002
0.861645 -0.004058 -0.507495
0.726454 -0.004126 -0.687203
0.595508 -0.571812 -0.564271
0.595508 -0.571812 -0.564271
0.706049 -0.573819 -0.415002
0.861645 -0.004058 -0.507495
0.708046 0.570523 -0.416143
0.597177 0.568505 -0.565846
0.726454 -0.004126 -0.687203
0.726454 -0.004126 -0.687203
0.861645 -0.004058 -0.507495
0.708046 0.570523 -0.416143
0.282641 0.945048 -0.164313
0.233093 0.946712 -0.222270
0.597177 0.568505 -0.565846
0.597177 0.568505 -0.565846
0.708046 0.570523 -0.416143
0.282641 0.945048 -0.164313
-0.324043 0.925292 0.197054
-0.288126 0.917433 0.274409
0.233093 0.946712 -0.222270
0.233093 0.946712 -0.222270
0.282641 0.945048 -0.164313
-0.324043 0.925292 0.197054
-0.725751 0.532918 0.435067
-0.615593 0.524145 0.588487
-0.288126 0.917433 0.274409
-0.288126 0.917433 0.274409
-0.324043 0.925292 0.197054
-0.725751 0.532918 0.435067
-0.858588 -0.003719 0.512652
-0.722307 -0.003687 0.691563
-0.615593 0.524145 0.588487
-0.615593 0.524145 0.588487
-0.725751 0.532918 0.435067
-0.858588 -0.003719 0.512652
-0.723971 -0.536231 0.433960
-0.614062 -0.527552 0.587040
-0.722307 -0.003687 0.691563
-0.722307 -0.003687 0.691563
-0.858588 -0.003719 0.512652
-0.723971 -0.536231 0.433960
-0.324009 -0.925325 0.196956
-0.288046 -0.917482 0.274329
-0.614062 -0.527552 0.587040
-0.614062 -0.527552 0.587040
-0.723971 -0.536231 0.433960
-0.324009 -0.925325 0.196956
0.282538 -0.945076 -0.164330
0.232993 -0.946760 -0.222169
-0.288046 -0.917482 0.274329
-0.288046 -0.917482 0.274329
-0.324009 -0.925325 0.196956
0.282538 -0.945076 -0.164330
-0.111510 -0.570565 -0.813646
0.116131 -0.569862 -0.813493
0.139730 -0.003447 -0.990184
0.139730 -0.003447 -0.990184
-0.133637 -0.003445 -0.991024
-0.111510 -0.570565 -0.813646
-0.133637 -0.003445 -0.991024
0.139730 -0.003447 -0.990184
0.116398 0.566948 -0.815488
0.116398 0.566948 -0.815488
-0.111762 0.567655 -0.815646
-0.133637 -0.003445 -0.991024
-0.111762 0.567655 -0.815646
0.116398 0.566948 -0.815488
0.046574 0.948036 -0.314737
0.046574 0.948036 -0.314737
-0.045970 0.948299 -0.314031
-0.111762 0.567655 -0.815646
-0.045970 0.948299 -0.314031
0.046574 0.948036 -0.314737
-0.055206 0.922872 0.381129
-0.055206 0.922872 0.381129
0.051111 0.922970 0.381464
-0.045970 0.948299 -0.314031
0.051111 0.922970 0.381464
-0.055206 0.922872 0.381129
-0.124481 0.525469 0.841657
-0.124481 0.525469 0.841657
0.118320 0.525837 0.842316
0.051111 0.922970 0.381464
</float_array>
          <technique_common>
            <accessor source="#handle-lib-Normal0-array" count="1380" stride="3">
              <param name="X" type="float"/>
              <param name="Y" type="float"/>
              <param name="Z" type="float"/>
            </accessor>
          </technique_common>
        </source>
        <source id="handle-lib-UV0">
          <float_array id="handle-lib-UV0-array" count="576">
0.500159 0.450219
0.508853 0.368807
0.503698 0.452647
0.515236 0.450183
0.504802 0.366037
0.511736 0.447127
0.516272 0.362635
0.520136 0.365348
0.501867 0.363508
0.511488 0.359989
0.496761 0.446946
0.512246 0.371430
0.508537 0.444037
0.493872 0.444177
0.523447 0.368047
0.505740 0.441195
0.520326 0.376841
0.516246 0.374531
0.527209 0.370974
0.531351 0.373909
0.487973 0.438634
0.518626 0.329567
0.490355 0.441230
0.502400 0.438316
0.524882 0.328111
0.498224 0.435515
0.541675 0.349759
0.534842 0.350559
0.530709 0.326615
0.548847 0.348827
0.498409 0.407510
0.492344 0.408688
0.512947 0.330815
0.502205 0.428499
0.509402 0.427949
0.528398 0.351275
0.500399 0.333758
0.506372 0.332308
0.521409 0.352059
0.514207 0.352920
0.505187 0.406269
0.550500 0.352684
0.516505 0.427441
0.511016 0.405229
0.543115 0.353100
0.523043 0.426973
0.536148 0.353762
0.529633 0.354475
0.522594 0.355123
0.515244 0.355542
0.523392 0.402773
0.533839 0.368511
0.539268 0.370962
0.529077 0.366075
0.524716 0.363748
0.519731 0.361360
0.513881 0.359094
0.517467 0.404009
0.529984 0.426439
0.537158 0.425811
0.530813 0.429854
0.539759 0.364406
0.546457 0.366001
0.533719 0.362800
0.528121 0.361272
0.521895 0.359706
0.515027 0.358254
0.538092 0.429723
0.502763 0.431192
0.510025 0.431061
0.517160 0.430696
0.542946 0.359599
0.550229 0.360201
0.536183 0.358977
0.529862 0.358391
0.522897 0.357781
0.515496 0.357248
0.523772 0.430240
0.523668 0.447568
0.518812 0.444934
0.506081 0.437186
0.493929 0.309052
0.498562 0.307056
0.488454 0.311253
0.483721 0.313065
0.478035 0.315328
0.473304 0.317326
0.500783 0.434720
0.510601 0.439784
0.514517 0.442295
0.531738 0.442899
0.525477 0.441060
0.453824 0.288869
0.508537 0.435619
0.502079 0.433925
0.450304 0.291276
0.397422 0.278854
0.399663 0.275972
0.446067 0.294034
0.394777 0.281966
0.514448 0.437443
0.519748 0.439204
0.442490 0.296275
0.392435 0.284577
0.438130 0.299121
0.389699 0.287801
0.434563 0.301557
0.387456 0.290721
0.536560 0.437240
0.529536 0.436369
0.509870 0.433732
0.502723 0.432929
0.327264 0.285453
0.328030 0.282346
0.329078 0.278953
0.330029 0.276104
0.331033 0.272819
0.331799 0.269732
0.516698 0.434628
0.522894 0.435472
0.479327 0.387296
0.473340 0.389361
0.468424 0.391136
0.250560 0.272812
0.249847 0.269739
0.069677 0.367928
0.058526 0.364376
0.062490 0.361696
0.073832 0.365193
0.484267 0.385640
0.490026 0.383626
0.067375 0.359091
0.076862 0.362689
0.494832 0.381843
0.436452 0.371615
0.441104 0.368906
0.392608 0.355794
0.389664 0.358945
0.066188 0.370522
0.432681 0.373876
0.387253 0.361744
0.055114 0.367047
0.057909 0.375865
0.046993 0.372842
0.051243 0.369943
0.062074 0.373589
0.061345 0.328610
0.044402 0.349471
0.037603 0.348620
0.055124 0.327110
0.444870 0.366774
0.030467 0.347632
0.049341 0.325572
0.395092 0.353251
0.449383 0.364146
0.397933 0.350209
0.453090 0.361907
0.400336 0.347444
0.066997 0.329897
0.329639 0.349354
0.328512 0.352728
0.050820 0.350234
0.079469 0.332929
0.064955 0.351989
0.057784 0.351070
0.073537 0.331436
0.028697 0.351460
0.036053 0.351947
0.042980 0.352663
0.049465 0.353426
0.327685 0.355760
0.056480 0.354128
0.063814 0.354611
0.039185 0.369831
0.044704 0.367424
0.049558 0.365028
0.054007 0.362738
0.332559 0.340251
0.331730 0.343262
0.330651 0.346528
0.059080 0.360392
0.252031 0.346528
0.065019 0.358179
0.032175 0.364812
0.038933 0.363271
0.045038 0.361715
0.050698 0.360233
0.252923 0.349357
0.253929 0.352736
0.250286 0.340256
0.056981 0.358718
0.251059 0.343254
0.063911 0.357334
0.028597 0.358973
0.035916 0.358443
0.042722 0.357876
0.049074 0.357339
0.079311 0.449280
0.067836 0.446104
0.064237 0.449134
0.056066 0.356783
0.075692 0.451682
0.063493 0.356323
0.081971 0.306302
0.086548 0.308324
0.091972 0.310555
0.096669 0.312391
0.082813 0.446032
0.071134 0.443037
0.085791 0.443284
0.074020 0.440215
0.091866 0.437784
0.081717 0.434592
0.077451 0.437361
0.102307 0.314683
0.106986 0.316705
0.089401 0.440363
0.082462 0.406581
0.070791 0.426938
0.077973 0.427543
0.127025 0.288450
0.181229 0.275932
0.183407 0.278794
0.130477 0.290864
0.185996 0.281891
0.134655 0.293631
0.188293 0.284489
0.138193 0.295879
0.190969 0.287696
0.142498 0.298733
0.088496 0.407800
0.075712 0.405296
0.063698 0.426381
0.069905 0.404219
0.193150 0.290595
0.146007 0.301175
0.057172 0.425870
0.057594 0.401681
0.043105 0.424611
0.050253 0.425289
0.253233 0.282354
0.253942 0.285448
0.252299 0.278956
0.251462 0.276105
0.254696 0.355756
0.128845 0.361417
0.181736 0.347371
0.132484 0.363667
0.184070 0.350119
0.136936 0.366306
0.063483 0.402956
0.049353 0.428701
0.186850 0.353147
0.194506 0.361599
0.148967 0.373435
0.140662 0.368445
0.189286 0.355680
0.192164 0.358816
0.042103 0.428499
0.077329 0.430238
0.070068 0.430046
0.062941 0.429632
0.056349 0.429133
0.060831 0.443859
0.055892 0.446457
0.079183 0.433778
0.073805 0.436205
0.069204 0.438769
0.065210 0.441252
0.054283 0.439937
0.047962 0.441733
0.077911 0.432975
0.071398 0.434619
0.065432 0.436400
0.060075 0.438122
0.050335 0.435226
0.043252 0.436030
0.077298 0.431978
0.070125 0.432719
0.063271 0.433568
0.057040 0.434371
0.108006 0.388644
0.102066 0.386550
0.112874 0.390446
0.097158 0.384870
0.091447 0.382827
0.086693 0.381017
0.145257 0.371165
</float_array>
          <technique_common>
            <accessor source="#handle-lib-UV0-array" count="288" stride="2">
              <param name="S" type="float"/>
              <param name="T" type="float"/>
            </accessor>
          </technique_common>
        </source>
        <vertices id="handle-lib-Vertex">
          <input semantic="POSITION" source="#handle-lib-Position"/>
        </vertices>
        <polygons material="handle" count="460">
          <input semantic="VERTEX" offset="0" source="#handle-lib-Vertex"/>
          <input semantic="NORMAL" offset="1" source="#handle-lib-Normal0"/>
          <input semantic="TEXCOORD" offset="2" set="0" source="#handle-lib-UV0"/>
          <p>0 0 0 1 1 2 10 2 3</p>
          <p>10 3 3 11 4 5 0 5 0</p>
          <p>2 6 10 0 7 0 11 8 5</p>
          <p>11 9 5 12 10 12 2 11 10</p>
          <p>3 12 13 2 13 10 12 14 12</p>
          <p>12 15 12 13 16 15 3 17 13</p>
          <p>4 18 20 5 19 22 15 20 23</p>
          <p>15 21 23 14 22 25 4 23 20</p>
          <p>5 24 22 3 25 13 13 26 15</p>
          <p>13 27 15 15 28 23 5 29 22</p>
          <p>6 30 1 7 31 4 17 32 6</p>
          <p>17 33 6 16 34 7 6 35 1</p>
          <p>7 36 4 4 37 8 14 38 9</p>
          <p>14 39 9 17 40 6 7 41 4</p>
          <p>8 42 11 6 43 1 16 44 7</p>
          <p>16 45 7 18 46 14 8 47 11</p>
          <p>1 48 16 9 49 17 19 50 18</p>
          <p>19 51 18 10 52 19 1 53 16</p>
          <p>9 54 17 8 55 11 18 56 14</p>
          <p>18 57 14 19 58 18 9 59 17</p>
          <p>20 60 30 21 61 31 30 62 33</p>
          <p>30 63 33 31 64 34 20 65 30</p>
          <p>22 66 40 20 67 30 31 68 34</p>
          <p>31 69 34 32 70 42 22 71 40</p>
          <p>23 72 43 22 73 40 32 74 42</p>
          <p>32 75 42 33 76 45 23 77 43</p>
          <p>24 78 50 25 79 57 35 80 58</p>
          <p>35 81 58 34 82 59 24 83 50</p>
          <p>25 84 57 23 85 43 33 86 45</p>
          <p>33 87 45 35 88 58 25 89 57</p>
          <p>26 90 21 27 91 24 37 92 26</p>
          <p>37 93 26 36 94 27 26 95 21</p>
          <p>27 96 24 24 97 28 34 98 29</p>
          <p>34 99 29 37 100 26 27 101 24</p>
          <p>28 102 32 26 103 21 36 104 27</p>
          <p>36 105 27 38 106 35 28 107 32</p>
          <p>21 108 36 29 109 37 39 110 38</p>
          <p>39 111 38 30 112 39 21 113 36</p>
          <p>29 114 37 28 115 32 38 116 35</p>
          <p>38 117 35 39 118 38 29 119 37</p>
          <p>70 120 60 71 121 67 34 122 59</p>
          <p>34 123 59 35 124 58 70 125 60</p>
          <p>71 126 41 72 127 44 37 128 26</p>
          <p>37 129 26 34 130 29 71 131 41</p>
          <p>72 132 44 73 133 46 36 134 27</p>
          <p>36 135 27 37 136 26 72 137 44</p>
          <p>73 138 46 74 139 47 38 140 35</p>
          <p>38 141 35 36 142 27 73 143 46</p>
          <p>74 144 47 75 145 48 39 146 38</p>
          <p>39 147 38 38 148 35 74 149 47</p>
          <p>75 150 48 76 151 49 30 152 39</p>
          <p>30 153 39 39 154 38 75 155 48</p>
          <p>76 156 68 77 157 69 31 158 34</p>
          <p>31 159 34 30 160 33 76 161 68</p>
          <p>77 162 69 78 163 70 32 164 42</p>
          <p>32 165 42 31 166 34 77 167 69</p>
          <p>78 168 70 79 169 77 33 170 45</p>
          <p>33 171 45 32 172 42 78 173 70</p>
          <p>79 174 77 70 175 60 35 176 58</p>
          <p>35 177 58 33 178 45 79 179 77</p>
          <p>11 180 5 10 181 3 41 182 78</p>
          <p>41 183 78 40 184 79 11 185 5</p>
          <p>10 186 19 19 187 18 42 188 51</p>
          <p>42 189 51 41 190 52 10 191 19</p>
          <p>19 192 18 18 193 14 43 194 53</p>
          <p>43 195 53 42 196 51 19 197 18</p>
          <p>18 198 14 16 199 7 44 200 54</p>
          <p>44 201 54 43 202 53 18 203 14</p>
          <p>16 204 7 17 205 6 45 206 55</p>
          <p>45 207 55 44 208 54 16 209 7</p>
          <p>17 210 6 14 211 9 46 212 56</p>
          <p>46 213 56 45 214 55 17 215 6</p>
          <p>14 216 25 15 217 23 47 218 80</p>
          <p>47 219 80 46 220 87 14 221 25</p>
          <p>15 222 23 13 223 15 48 224 88</p>
          <p>48 225 88 47 226 80 15 227 23</p>
          <p>13 228 15 12 229 12 49 230 89</p>
          <p>49 231 89 48 232 88 13 233 15</p>
          <p>12 234 12 11 235 5 40 236 79</p>
          <p>40 237 79 49 238 89 12 239 12</p>
          <p>40 240 79 41 241 78 51 242 90</p>
          <p>51 243 90 50 244 91 40 245 79</p>
          <p>41 246 52 42 247 51 52 248 61</p>
          <p>52 249 61 51 250 62 41 251 52</p>
          <p>42 252 51 43 253 53 53 254 63</p>
          <p>53 255 63 52 256 61 42 257 51</p>
          <p>43 258 53 44 259 54 54 260 64</p>
          <p>54 261 64 53 262 63 43 263 53</p>
          <p>44 264 54 45 265 55 55 266 65</p>
          <p>55 267 65 54 268 64 44 269 54</p>
          <p>45 270 55 46 271 56 56 272 66</p>
          <p>56 273 66 55 274 65 45 275 55</p>
          <p>46 276 87 47 277 80 57 278 93</p>
          <p>57 279 93 56 280 94 46 281 87</p>
          <p>47 282 80 48 283 88 58 284 100</p>
          <p>58 285 100 57 286 93 47 287 80</p>
          <p>48 288 88 49 289 89 59 290 101</p>
          <p>59 291 101 58 292 100 48 293 88</p>
          <p>49 294 89 40 295 79 50 296 91</p>
          <p>50 297 91 59 298 101 49 299 89</p>
          <p>61 300 108 60 301 109 50 302 91</p>
          <p>50 303 91 51 304 90 61 305 108</p>
          <p>62 306 71 61 307 72 51 308 62</p>
          <p>51 309 62 52 310 61 62 311 71</p>
          <p>63 312 73 62 313 71 52 314 61</p>
          <p>52 315 61 53 316 63 63 317 73</p>
          <p>64 318 74 63 319 73 53 320 63</p>
          <p>53 321 63 54 322 64 64 323 74</p>
          <p>65 324 75 64 325 74 54 326 64</p>
          <p>54 327 64 55 328 65 65 329 75</p>
          <p>66 330 76 65 331 75 55 332 65</p>
          <p>55 333 65 56 334 66 66 335 76</p>
          <p>67 336 110 66 337 111 56 338 94</p>
          <p>56 339 94 57 340 93 67 341 110</p>
          <p>68 342 118 67 343 110 57 344 93</p>
          <p>57 345 93 58 346 100 68 347 118</p>
          <p>69 348 119 68 349 118 58 350 100</p>
          <p>58 351 100 59 352 101 69 353 119</p>
          <p>50 354 91 60 355 109 69 356 119</p>
          <p>69 357 119 59 358 101 50 359 91</p>
          <p>60 360 109 61 361 108 71 362 67</p>
          <p>71 363 67 70 364 60 60 365 109</p>
          <p>61 366 72 62 367 71 72 368 44</p>
          <p>72 369 44 71 370 41 61 371 72</p>
          <p>62 372 71 63 373 73 73 374 46</p>
          <p>73 375 46 72 376 44 62 377 71</p>
          <p>63 378 73 64 379 74 74 380 47</p>
          <p>74 381 47 73 382 46 63 383 73</p>
          <p>64 384 74 65 385 75 75 386 48</p>
          <p>75 387 48 74 388 47 64 389 74</p>
          <p>65 390 75 66 391 76 76 392 49</p>
          <p>76 393 49 75 394 48 65 395 75</p>
          <p>66 396 111 67 397 110 77 398 69</p>
          <p>77 399 69 76 400 68 66 401 111</p>
          <p>67 402 110 68 403 118 78 404 70</p>
          <p>78 405 70 77 406 69 67 407 110</p>
          <p>68 408 118 69 409 119 79 410 77</p>
          <p>79 411 77 78 412 70 68 413 118</p>
          <p>69 414 119 60 415 109 70 416 60</p>
          <p>70 417 60 79 418 77 69 419 119</p>
          <p>20 420 30 22 421 40 100 422 120</p>
          <p>100 423 120 101 424 121 20 425 30</p>
          <p>21 426 31 20 427 30 101 428 121</p>
          <p>101 429 121 102 430 122 21 431 31</p>
          <p>22 432 40 23 433 43 109 434 129</p>
          <p>109 435 129 100 436 120 22 437 40</p>
          <p>23 438 43 25 439 57 108 440 130</p>
          <p>108 441 130 109 442 129 23 443 43</p>
          <p>25 444 57 24 445 50 107 446 133</p>
          <p>107 447 133 108 448 130 25 449 57</p>
          <p>24 450 28 27 451 24 106 452 81</p>
          <p>106 453 81 107 454 82 24 455 28</p>
          <p>27 456 24 26 457 21 105 458 83</p>
          <p>105 459 83 106 460 81 27 461 24</p>
          <p>26 462 21 28 463 32 104 464 84</p>
          <p>104 465 84 105 466 83 26 467 21</p>
          <p>28 468 32 29 469 37 103 470 85</p>
          <p>103 471 85 104 472 84 28 473 32</p>
          <p>29 474 37 21 475 36 102 476 86</p>
          <p>102 477 86 103 478 85 29 479 37</p>
          <p>81 480 134 80 481 135 90 482 136</p>
          <p>90 483 136 91 484 137 81 485 134</p>
          <p>82 486 139 81 487 134 91 488 137</p>
          <p>91 489 137 92 490 140 82 491 139</p>
          <p>80 492 135 83 493 150 99 494 153</p>
          <p>99 495 153 90 496 136 80 497 135</p>
          <p>83 498 150 84 499 154 98 500 155</p>
          <p>98 501 155 99 502 153 83 503 150</p>
          <p>84 504 154 85 505 156 97 506 157</p>
          <p>97 507 157 98 508 155 84 509 154</p>
          <p>85 510 92 86 511 95 96 512 96</p>
          <p>96 513 96 97 514 97 85 515 92</p>
          <p>86 516 95 87 517 98 95 518 99</p>
          <p>95 519 99 96 520 96 86 521 95</p>
          <p>87 522 98 88 523 102 94 524 103</p>
          <p>94 525 103 95 526 99 87 527 98</p>
          <p>88 528 102 89 529 104 93 530 105</p>
          <p>93 531 105 94 532 103 88 533 102</p>
          <p>89 534 104 82 535 106 92 536 107</p>
          <p>92 537 107 93 538 105 89 539 104</p>
          <p>91 540 137 90 541 136 111 542 159</p>
          <p>111 543 159 112 544 160 91 545 137</p>
          <p>92 546 140 91 547 137 112 548 160</p>
          <p>112 549 160 113 550 170 92 551 140</p>
          <p>93 552 105 92 553 107 113 554 112</p>
          <p>113 555 112 114 556 113 93 557 105</p>
          <p>94 558 103 93 559 105 114 560 113</p>
          <p>114 561 113 115 562 114 94 563 103</p>
          <p>95 564 99 94 565 103 115 566 114</p>
          <p>115 567 114 116 568 115 95 569 99</p>
          <p>96 570 96 95 571 99 116 572 115</p>
          <p>116 573 115 117 574 116 96 575 96</p>
          <p>97 576 97 96 577 96 117 578 116</p>
          <p>117 579 116 118 580 117 97 581 97</p>
          <p>98 582 155 97 583 157 118 584 177</p>
          <p>118 585 177 119 586 178 98 587 155</p>
          <p>99 588 153 98 589 155 119 590 178</p>
          <p>119 591 178 110 592 179 99 593 153</p>
          <p>90 594 136 99 595 153 110 596 179</p>
          <p>110 597 179 111 598 159 90 599 136</p>
          <p>101 600 121 100 601 120 80 602 135</p>
          <p>80 603 135 81 604 134 101 605 121</p>
          <p>102 606 122 101 607 121 81 608 134</p>
          <p>81 609 134 82 610 139 102 611 122</p>
          <p>103 612 85 102 613 86 82 614 106</p>
          <p>82 615 106 89 616 104 103 617 85</p>
          <p>104 618 84 103 619 85 89 620 104</p>
          <p>89 621 104 88 622 102 104 623 84</p>
          <p>105 624 83 104 625 84 88 626 102</p>
          <p>88 627 102 87 628 98 105 629 83</p>
          <p>106 630 81 105 631 83 87 632 98</p>
          <p>87 633 98 86 634 95 106 635 81</p>
          <p>107 636 82 106 637 81 86 638 95</p>
          <p>86 639 95 85 640 92 107 641 82</p>
          <p>108 642 130 107 643 133 85 644 156</p>
          <p>85 645 156 84 646 154 108 647 130</p>
          <p>109 648 129 108 649 130 84 650 154</p>
          <p>84 651 154 83 652 150 109 653 129</p>
          <p>100 654 120 109 655 129 83 656 150</p>
          <p>83 657 150 80 658 135 100 659 120</p>
          <p>111 660 159 110 661 179 239 662 181</p>
          <p>239 663 181 230 664 187 111 665 159</p>
          <p>112 666 160 111 667 159 230 668 187</p>
          <p>230 669 187 231 670 188 112 671 160</p>
          <p>118 672 117 117 673 116 236 674 123</p>
          <p>236 675 123 237 676 124 118 677 117</p>
          <p>119 678 178 118 679 177 237 680 189</p>
          <p>237 681 189 238 682 191 119 683 178</p>
          <p>110 684 179 119 685 178 238 686 191</p>
          <p>238 687 191 239 688 181 110 689 179</p>
          <p>120 690 197 131 691 198 130 692 199</p>
          <p>130 693 199 122 694 201 120 695 197</p>
          <p>121 696 207 132 697 208 131 698 198</p>
          <p>131 699 198 120 700 197 121 701 207</p>
          <p>123 702 209 133 703 210 132 704 208</p>
          <p>132 705 208 121 706 207 123 707 209</p>
          <p>125 708 211 135 709 212 134 710 213</p>
          <p>134 711 213 124 712 216 125 713 211</p>
          <p>124 714 216 134 715 213 133 716 210</p>
          <p>133 717 210 123 718 209 124 719 216</p>
          <p>127 720 125 137 721 126 136 722 127</p>
          <p>136 723 127 126 724 128 127 725 125</p>
          <p>126 726 128 136 727 127 135 728 131</p>
          <p>135 729 131 125 730 132 126 731 128</p>
          <p>128 732 138 138 733 141 137 734 126</p>
          <p>137 735 126 127 736 125 128 737 138</p>
          <p>122 738 142 130 739 143 139 740 144</p>
          <p>139 741 144 129 742 145 122 743 142</p>
          <p>129 744 145 139 745 144 138 746 141</p>
          <p>138 747 141 128 748 138 129 749 145</p>
          <p>140 750 217 143 751 218 142 752 219</p>
          <p>142 753 219 141 754 230 140 755 217</p>
          <p>144 756 231 145 757 232 143 758 218</p>
          <p>143 759 218 140 760 217 144 761 231</p>
          <p>146 762 233 147 763 236 145 764 232</p>
          <p>145 765 232 144 766 231 146 767 233</p>
          <p>148 768 237 151 769 238 150 770 239</p>
          <p>150 771 239 149 772 250 148 773 237</p>
          <p>149 774 250 150 775 239 147 776 236</p>
          <p>147 777 236 146 778 233 149 779 250</p>
          <p>152 780 146 155 781 147 154 782 148</p>
          <p>154 783 148 153 784 149 152 785 146</p>
          <p>153 786 149 154 787 148 151 788 151</p>
          <p>151 789 151 148 790 152 153 791 149</p>
          <p>156 792 158 157 793 161 155 794 147</p>
          <p>155 795 147 152 796 146 156 797 158</p>
          <p>141 798 162 142 799 163 159 800 164</p>
          <p>159 801 164 158 802 165 141 803 162</p>
          <p>158 804 165 159 805 164 157 806 161</p>
          <p>157 807 161 156 808 158 158 809 165</p>
          <p>160 810 251 150 811 239 151 812 238</p>
          <p>151 813 238 161 814 258 160 815 251</p>
          <p>161 816 166 151 817 151 154 818 148</p>
          <p>154 819 148 162 820 167 161 821 166</p>
          <p>162 822 167 154 823 148 155 824 147</p>
          <p>155 825 147 163 826 168 162 827 167</p>
          <p>163 828 168 155 829 147 157 830 161</p>
          <p>157 831 161 164 832 169 163 833 168</p>
          <p>164 834 169 157 835 161 159 836 164</p>
          <p>159 837 164 165 838 171 164 839 169</p>
          <p>165 840 171 159 841 164 142 842 163</p>
          <p>142 843 163 166 844 172 165 845 171</p>
          <p>166 846 259 142 847 219 143 848 218</p>
          <p>143 849 218 167 850 260 166 851 259</p>
          <p>167 852 260 143 853 218 145 854 232</p>
          <p>145 855 232 168 856 261 167 857 260</p>
          <p>168 858 261 145 859 232 147 860 236</p>
          <p>147 861 236 169 862 262 168 863 261</p>
          <p>169 864 262 147 865 236 150 866 239</p>
          <p>150 867 239 160 868 251 169 869 262</p>
          <p>131 870 198 171 871 263 170 872 264</p>
          <p>170 873 264 130 874 199 131 875 198</p>
          <p>130 876 143 170 877 173 172 878 174</p>
          <p>172 879 174 139 880 144 130 881 143</p>
          <p>139 882 144 172 883 174 173 884 175</p>
          <p>173 885 175 138 886 141 139 887 144</p>
          <p>138 888 141 173 889 175 174 890 176</p>
          <p>174 891 176 137 892 126 138 893 141</p>
          <p>137 894 126 174 895 176 175 896 180</p>
          <p>175 897 180 136 898 127 137 899 126</p>
          <p>136 900 127 175 901 180 176 902 182</p>
          <p>176 903 182 135 904 131 136 905 127</p>
          <p>135 906 212 176 907 265 177 908 266</p>
          <p>177 909 266 134 910 213 135 911 212</p>
          <p>134 912 213 177 913 266 178 914 267</p>
          <p>178 915 267 133 916 210 134 917 213</p>
          <p>133 918 210 178 919 267 179 920 268</p>
          <p>179 921 268 132 922 208 133 923 210</p>
          <p>132 924 208 179 925 268 171 926 263</p>
          <p>171 927 263 131 928 198 132 929 208</p>
          <p>171 930 263 181 931 269 180 932 270</p>
          <p>180 933 270 170 934 264 171 935 263</p>
          <p>170 936 173 180 937 183 182 938 184</p>
          <p>182 939 184 172 940 174 170 941 173</p>
          <p>172 942 174 182 943 184 183 944 185</p>
          <p>183 945 185 173 946 175 172 947 174</p>
          <p>173 948 175 183 949 185 184 950 186</p>
          <p>184 951 186 174 952 176 173 953 175</p>
          <p>174 954 176 184 955 186 185 956 190</p>
          <p>185 957 190 175 958 180 174 959 176</p>
          <p>175 960 180 185 961 190 186 962 192</p>
          <p>186 963 192 176 964 182 175 965 180</p>
          <p>176 966 265 186 967 271 187 968 272</p>
          <p>187 969 272 177 970 266 176 971 265</p>
          <p>177 972 266 187 973 272 188 974 273</p>
          <p>188 975 273 178 976 267 177 977 266</p>
          <p>178 978 267 188 979 273 189 980 274</p>
          <p>189 981 274 179 982 268 178 983 267</p>
          <p>179 984 268 189 985 274 181 986 269</p>
          <p>181 987 269 171 988 263 179 989 268</p>
          <p>180 990 270 181 991 269 191 992 275</p>
          <p>191 993 275 190 994 276 180 995 270</p>
          <p>182 996 184 180 997 183 190 998 193</p>
          <p>190 999 193 192 1000 194 182 1001 184</p>
          <p>183 1002 185 182 1003 184 192 1004 194</p>
          <p>192 1005 194 193 1006 195 183 1007 185</p>
          <p>184 1008 186 183 1009 185 193 1010 195</p>
          <p>193 1011 195 194 1012 196 184 1013 186</p>
          <p>185 1014 190 184 1015 186 194 1016 196</p>
          <p>194 1017 196 195 1018 200 185 1019 190</p>
          <p>186 1020 192 185 1021 190 195 1022 200</p>
          <p>195 1023 200 196 1024 202 186 1025 192</p>
          <p>187 1026 272 186 1027 271 196 1028 277</p>
          <p>196 1029 277 197 1030 278 187 1031 272</p>
          <p>188 1032 273 187 1033 272 197 1034 278</p>
          <p>197 1035 278 198 1036 279 188 1037 273</p>
          <p>189 1038 274 188 1039 273 198 1040 279</p>
          <p>198 1041 279 199 1042 280 189 1043 274</p>
          <p>181 1044 269 189 1045 274 199 1046 280</p>
          <p>199 1047 280 191 1048 275 181 1049 269</p>
          <p>191 1050 275 160 1051 251 161 1052 258</p>
          <p>161 1053 258 190 1054 276 191 1055 275</p>
          <p>190 1056 193 161 1057 166 162 1058 167</p>
          <p>162 1059 167 192 1060 194 190 1061 193</p>
          <p>192 1062 194 162 1063 167 163 1064 168</p>
          <p>163 1065 168 193 1066 195 192 1067 194</p>
          <p>193 1068 195 163 1069 168 164 1070 169</p>
          <p>164 1071 169 194 1072 196 193 1073 195</p>
          <p>194 1074 196 164 1075 169 165 1076 171</p>
          <p>165 1077 171 195 1078 200 194 1079 196</p>
          <p>195 1080 200 165 1081 171 166 1082 172</p>
          <p>166 1083 172 196 1084 202 195 1085 200</p>
          <p>196 1086 277 166 1087 259 167 1088 260</p>
          <p>167 1089 260 197 1090 278 196 1091 277</p>
          <p>197 1092 278 167 1093 260 168 1094 261</p>
          <p>168 1095 261 198 1096 279 197 1097 278</p>
          <p>198 1098 279 168 1099 261 169 1100 262</p>
          <p>169 1101 262 199 1102 280 198 1103 279</p>
          <p>199 1104 280 169 1105 262 160 1106 251</p>
          <p>160 1107 251 191 1108 275 199 1109 280</p>
          <p>140 1110 217 201 1111 281 200 1112 282</p>
          <p>200 1113 282 144 1114 231 140 1115 217</p>
          <p>141 1116 230 202 1117 283 201 1118 281</p>
          <p>201 1119 281 140 1120 217 141 1121 230</p>
          <p>144 1122 231 200 1123 282 203 1124 284</p>
          <p>203 1125 284 146 1126 233 144 1127 231</p>
          <p>146 1128 233 203 1129 284 204 1130 285</p>
          <p>204 1131 285 149 1132 250 146 1133 233</p>
          <p>149 1134 250 204 1135 285 205 1136 286</p>
          <p>205 1137 286 148 1138 237 149 1139 250</p>
          <p>148 1140 152 205 1141 203 206 1142 204</p>
          <p>206 1143 204 153 1144 149 148 1145 152</p>
          <p>153 1146 149 206 1147 204 207 1148 205</p>
          <p>207 1149 205 152 1150 146 153 1151 149</p>
          <p>152 1152 146 207 1153 205 208 1154 206</p>
          <p>208 1155 206 156 1156 158 152 1157 146</p>
          <p>156 1158 158 208 1159 206 209 1160 214</p>
          <p>209 1161 214 158 1162 165 156 1163 158</p>
          <p>158 1164 165 209 1165 214 202 1166 215</p>
          <p>202 1167 215 141 1168 162 158 1169 165</p>
          <p>210 1170 287 213 1171 257 212 1172 256</p>
          <p>212 1173 256 211 1174 255 210 1175 287</p>
          <p>214 1176 254 215 1177 253 213 1178 257</p>
          <p>213 1179 257 210 1180 287 214 1181 254</p>
          <p>211 1182 255 212 1183 256 217 1184 252</p>
          <p>217 1185 252 216 1186 249 211 1187 255</p>
          <p>216 1188 249 217 1189 252 219 1190 248</p>
          <p>219 1191 248 218 1192 247 216 1193 249</p>
          <p>218 1194 247 219 1195 248 221 1196 246</p>
          <p>221 1197 246 220 1198 245 218 1199 247</p>
          <p>220 1200 220 221 1201 221 223 1202 222</p>
          <p>223 1203 222 222 1204 223 220 1205 220</p>
          <p>222 1206 223 223 1207 222 225 1208 224</p>
          <p>225 1209 224 224 1210 225 222 1211 223</p>
          <p>224 1212 225 225 1213 224 227 1214 226</p>
          <p>227 1215 226 226 1216 227 224 1217 225</p>
          <p>226 1218 227 227 1219 226 229 1220 228</p>
          <p>229 1221 228 228 1222 229 226 1223 227</p>
          <p>228 1224 229 229 1225 228 215 1226 234</p>
          <p>215 1227 234 214 1228 235 228 1229 229</p>
          <p>213 1230 257 231 1231 188 230 1232 187</p>
          <p>230 1233 187 212 1234 256 213 1235 257</p>
          <p>215 1236 253 232 1237 244 231 1238 188</p>
          <p>231 1239 188 213 1240 257 215 1241 253</p>
          <p>229 1242 228 233 1243 240 232 1244 241</p>
          <p>232 1245 241 215 1246 234 229 1247 228</p>
          <p>227 1248 226 234 1249 242 233 1250 240</p>
          <p>233 1251 240 229 1252 228 227 1253 226</p>
          <p>225 1254 224 235 1255 243 234 1256 242</p>
          <p>234 1257 242 227 1258 226 225 1259 224</p>
          <p>223 1260 222 236 1261 123 235 1262 243</p>
          <p>235 1263 243 225 1264 224 223 1265 222</p>
          <p>221 1266 221 237 1267 124 236 1268 123</p>
          <p>236 1269 123 223 1270 222 221 1271 221</p>
          <p>219 1272 248 238 1273 191 237 1274 189</p>
          <p>237 1275 189 221 1276 246 219 1277 248</p>
          <p>217 1278 252 239 1279 181 238 1280 191</p>
          <p>238 1281 191 219 1282 248 217 1283 252</p>
          <p>212 1284 256 230 1285 187 239 1286 181</p>
          <p>239 1287 181 217 1288 252 212 1289 256</p>
          <p>201 1290 281 210 1291 287 211 1292 255</p>
          <p>211 1293 255 200 1294 282 201 1295 281</p>
          <p>202 1296 283 214 1297 254 210 1298 287</p>
          <p>210 1299 287 201 1300 281 202 1301 283</p>
          <p>209 1302 214 228 1303 229 214 1304 235</p>
          <p>214 1305 235 202 1306 215 209 1307 214</p>
          <p>208 1308 206 226 1309 227 228 1310 229</p>
          <p>228 1311 229 209 1312 214 208 1313 206</p>
          <p>207 1314 205 224 1315 225 226 1316 227</p>
          <p>226 1317 227 208 1318 206 207 1319 205</p>
          <p>206 1320 204 222 1321 223 224 1322 225</p>
          <p>224 1323 225 207 1324 205 206 1325 204</p>
          <p>205 1326 203 220 1327 220 222 1328 223</p>
          <p>222 1329 223 206 1330 204 205 1331 203</p>
          <p>204 1332 285 218 1333 247 220 1334 245</p>
          <p>220 1335 245 205 1336 286 204 1337 285</p>
          <p>203 1338 284 216 1339 249 218 1340 247</p>
          <p>218 1341 247 204 1342 285 203 1343 284</p>
          <p>200 1344 282 211 1345 255 216 1346 249</p>
          <p>216 1347 249 203 1348 284 200 1349 282</p>
          <p>112 1350 160 231 1351 188 232 1352 244</p>
          <p>232 1353 244 113 1354 170 112 1355 160</p>
          <p>113 1356 112 232 1357 241 233 1358 240</p>
          <p>233 1359 240 114 1360 113 113 1361 112</p>
          <p>114 1362 113 233 1363 240 234 1364 242</p>
          <p>234 1365 242 115 1366 114 114 1367 113</p>
          <p>115 1368 114 234 1369 242 235 1370 243</p>
          <p>235 1371 243 116 1372 115 115 1373 114</p>
          <p>116 1374 115 235 1375 243 236 1376 123</p>
          <p>236 1377 123 117 1378 116 116 1379 115</p>
        </polygons>
      </mesh>
    </geometry>
  </library_geometries>
  <library_visual_scenes>
    <visual_scene id="RootNode" name="RootNode">
      <node id="bottle" name="bottle">
        <matrix sid="matrix">1.000000 0.000000 0.000000 0.000006 0.000000 0.000000 1.000000 0.000051 0.000000 -1.000000 0.000000 -0.000005 0.000000 0.000000 0.000000 1.000000</matrix>
        <instance_geometry url="#bottle-lib">
          <bind_material>
            <technique_common>
              <instance_material symbol="bottle" target="#bottle"/>
            </technique_common>
          </bind_material>
        </instance_geometry>
      </node>
      <node id="cap_n_label" name="cap_n_label">
        <matrix sid="matrix">1.000000 0.000000 0.000000 0.000006 0.000000 0.000000 1.000000 0.000051 0.000000 -1.000000 0.000000 -0.000005 0.000000 0.000000 0.000000 1.000000</matrix>
        <instance_geometry url="#cap_n_label-lib">
          <bind_material>
            <technique_common>
              <instance_material symbol="cap_n_label" target="#cap_n_label"/>
            </technique_common>
          </bind_material>
        </instance_geometry>
      </node>
      <node id="handle" name="handle">
        <matrix sid="matrix">1.000000 0.000000 0.000000 0.000006 0.000000 0.000000 1.000000 0.000051 0.000000 -1.000000 0.000000 -0.000005 0.000000 0.000000 0.000000 1.000000</matrix>
        <instance_geometry url="#handle-lib">
          <bind_material>
            <technique_common>
              <instance_material symbol="handle" target="#handle"/>
            </technique_common>
          </bind_material>
        </instance_geometry>
      </node>
    </visual_scene>
  </library_visual_scenes>
  <scene>
    <instance_visual_scene url="#RootNode"/>
  </scene>
</COLLADA>

