<?xml version="1.0" encoding="utf-8"?>
<COLLADA xmlns="http://www.collada.org/2005/11/COLLADASchema" version="1.4.0">
  <asset>
    <contributor>
      <author></author>
      <authoring_tool>FBX COLLADA exporter</authoring_tool>
      <comments></comments>
    </contributor>
    <created>2014-11-10T07:41:03Z</created>
    <modified>2014-11-10T07:41:03Z</modified>
    <revision></revision>
    <title></title>
    <subject></subject>
    <keywords></keywords>
    <unit meter="0.010000"/>
    <up_axis>Y_UP</up_axis>
  </asset>
  <library_images>
    <image id="Map__8-image" name="Map__8">
      <init_from>file://D:\Freelance\Sanket\crate_carthage_plastic\crate_carthage_plastic\crate_carthage_plastic\station\crate_carthage_plastic\crate_carthage_plastic.dds</init_from>
    </image>
  </library_images>
  <library_materials>
    <material id="crate_carthage_plastic" name="crate_carthage_plastic">
      <instance_effect url="#crate_carthage_plastic-fx"/>
    </material>
  </library_materials>
  <library_effects>
    <effect id="crate_carthage_plastic-fx" name="crate_carthage_plastic">
      <profile_COMMON>
        <technique sid="standard">
          <phong>
            <emission>
              <color sid="emission">0.000000  0.000000 0.000000 1.000000</color>
            </emission>
            <ambient>
              <color sid="ambient">0.588000  0.588000 0.588000 1.000000</color>
            </ambient>
            <diffuse>
              <texture texture="Map__8-image" texcoord="CHANNEL0">
                <extra>
                  <technique profile="MAYA">
                    <wrapU sid="wrapU0">TRUE</wrapU>
                    <wrapV sid="wrapV0">TRUE</wrapV>
                    <blend_mode>ADD</blend_mode>
                  </technique>
                </extra>
              </texture>
            </diffuse>
            <specular>
              <color sid="specular">0.000000  0.000000 0.000000 1.000000</color>
            </specular>
            <shininess>
              <float sid="shininess">2.000000</float>
            </shininess>
            <reflective>
              <color sid="reflective">0.000000  0.000000 0.000000 1.000000</color>
            </reflective>
            <reflectivity>
              <float sid="reflectivity">1.000000</float>
            </reflectivity>
            <transparent>
              <color sid="transparent">1.000000  1.000000 1.000000 1.000000</color>
            </transparent>
            <transparency>
              <float sid="transparency">0.000000</float>
            </transparency>
          </phong>
        </technique>
      </profile_COMMON>
    </effect>
  </library_effects>
  <library_geometries>
    <geometry id="crate_carthage_plastic-lib" name="crate_carthage_plasticMesh">
      <mesh>
        <source id="crate_carthage_plastic-lib-Position">
          <float_array id="crate_carthage_plastic-lib-Position-array" count="1116">
-28.494051 -44.500000 29.980453
-28.306551 -45.812500 29.980453
-27.744051 -46.750000 29.980453
-26.806551 -47.312500 29.980453
-18.181252 -47.500000 18.552649
-6.275733 -47.500000 27.112087
-6.264617 -47.500000 18.686226
-18.181252 -47.500000 27.218235
-25.494051 -47.500000 29.980453
-5.980241 -47.500000 26.382883
-7.019684 -47.500000 27.404493
-17.480314 -47.500000 27.404493
-18.519758 -47.500000 26.382881
-18.519758 -47.500000 19.388002
-17.480314 -47.500000 18.366390
-7.019685 -47.500000 18.366390
-5.980241 -47.500000 19.388000
-6.806496 -46.099998 26.103346
-7.013388 -46.099998 26.613905
-7.412800 -46.099998 26.720039
-17.087196 -46.099998 26.720039
-17.486609 -46.099998 26.613905
-17.693502 -46.099998 26.103344
-17.693502 -46.099998 19.667538
-17.486609 -46.099998 19.156977
-17.087196 -46.099998 19.050842
-7.412800 -46.099998 19.050842
-7.013388 -46.099998 19.156977
-6.806496 -46.099998 19.667536
-27.994051 -50.000000 29.980453
-27.994051 -50.000000 35.801178
-30.994051 -47.000000 29.980453
-30.994051 -47.000000 35.801182
-29.306551 -49.812500 29.980453
-30.244051 -49.250000 29.980453
-30.806551 -48.312500 29.980453
-30.806551 -48.312500 35.801182
-30.244051 -49.250000 35.801178
-29.306551 -49.812500 35.801178
-24.368174 -45.994987 35.801182
-26.965298 -43.235291 35.801174
-26.802979 -44.442657 35.801182
-26.316017 -45.305065 35.801182
-25.504417 -45.822506 35.801182
-24.368174 -45.994987 30.975504
-26.965298 -43.235291 30.975504
-26.802979 -44.442657 30.975504
-26.316017 -45.305065 30.975504
-25.504417 -45.822506 30.975504
28.494051 -44.500000 29.980453
25.494051 -47.500000 29.980453
26.806551 -47.312500 29.980453
27.744051 -46.750000 29.980453
28.306551 -45.812500 29.980453
7.019684 -47.500000 27.404493
18.181252 -47.500000 27.218235
17.480314 -47.500000 27.404493
18.519758 -47.500000 26.382881
18.519758 -47.500000 19.388002
18.181252 -47.500000 18.552649
17.480314 -47.500000 18.366390
7.019685 -47.500000 18.366390
5.980241 -47.500000 26.382883
6.275733 -47.500000 27.112087
7.013388 -46.099998 26.613905
6.806496 -46.099998 26.103346
7.412800 -46.099998 26.720039
17.087196 -46.099998 26.720039
17.486609 -46.099998 26.613905
17.693502 -46.099998 26.103344
17.693502 -46.099998 19.667538
17.486609 -46.099998 19.156977
17.087196 -46.099998 19.050842
7.412800 -46.099998 19.050842
6.264617 -47.500000 18.686226
7.013388 -46.099998 19.156977
5.980241 -47.500000 19.388000
6.806496 -46.099998 19.667536
27.994051 -50.000000 29.980453
27.994051 -50.000000 35.801178
29.306551 -49.812500 35.801178
29.306551 -49.812500 29.980453
30.244051 -49.250000 35.801178
30.244051 -49.250000 29.980453
30.806551 -48.312500 35.801182
30.806551 -48.312500 29.980453
30.994051 -47.000000 35.801182
30.994051 -47.000000 29.980453
24.368174 -45.994987 35.801182
25.504417 -45.822506 35.801182
26.802979 -44.442657 35.801182
26.965298 -43.235291 35.801174
26.316017 -45.305065 35.801182
24.368174 -45.994987 30.975504
25.504417 -45.822506 30.975504
26.802979 -44.442657 30.975504
26.965298 -43.235291 30.975504
26.316017 -45.305065 30.975504
-28.494051 44.500000 29.980453
-25.494051 47.500000 29.980453
-26.806551 47.312500 29.980453
-27.744051 46.750000 29.980453
-28.306551 45.812500 29.980453
-7.019684 47.500000 27.404493
-18.181252 47.500000 27.218235
-17.480314 47.500000 27.404493
-18.519758 47.500000 26.382881
-18.519758 47.500000 19.388002
-18.181252 47.500000 18.552649
-17.480314 47.500000 18.366390
-7.019685 47.500000 18.366390
-5.980241 47.500000 26.382883
-6.318746 47.500000 27.218235
-7.013388 46.099998 26.613905
-6.806496 46.099998 26.103346
-7.412800 46.099998 26.720039
-17.087196 46.099998 26.720039
-17.486609 46.099998 26.613905
-17.693502 46.099998 26.103344
-17.693502 46.099998 19.667538
-17.486609 46.099998 19.156977
-17.087196 46.099998 19.050842
-7.412800 46.099998 19.050842
-6.318747 47.500000 18.552649
-7.013388 46.099998 19.156977
-5.980241 47.500000 19.388000
-6.806496 46.099998 19.667536
-27.994051 50.000000 29.980453
-27.994051 50.000000 35.801178
-29.306551 49.812500 35.801178
-29.306551 49.812500 29.980453
-30.244051 49.250000 35.801178
-30.244051 49.250000 29.980453
-30.806551 48.312500 35.801182
-30.806551 48.312500 29.980453
-30.994051 47.000000 35.801182
-30.994051 47.000000 29.980453
-24.368174 45.994987 35.801182
-25.504417 45.822506 35.801182
-26.802979 44.442657 35.801182
-26.965298 43.235291 35.801174
-26.316017 45.305065 35.801182
-24.368174 45.994987 30.975504
-25.504417 45.822506 30.975504
-26.802979 44.442657 30.975504
-26.965298 43.235291 30.975504
-26.316017 45.305065 30.975504
28.494051 44.500000 29.980453
26.806551 47.312500 29.980453
25.494051 47.500000 29.980453
27.744051 46.750000 29.980453
28.306551 45.812500 29.980453
7.019684 47.500000 27.404493
17.480314 47.500000 27.404493
18.181252 47.500000 27.218235
18.519758 47.500000 26.382881
18.519758 47.500000 19.388002
18.181252 47.500000 18.552649
17.480314 47.500000 18.366390
7.019685 47.500000 18.366390
5.980241 47.500000 26.382883
6.806496 46.099998 26.103346
7.013388 46.099998 26.613905
6.318746 47.500000 27.218235
7.412800 46.099998 26.720039
17.087196 46.099998 26.720039
17.486609 46.099998 26.613905
17.693502 46.099998 26.103344
17.693502 46.099998 19.667538
17.486609 46.099998 19.156977
17.087196 46.099998 19.050842
7.412800 46.099998 19.050842
7.013388 46.099998 19.156977
6.318747 47.500000 18.552649
6.806496 46.099998 19.667536
5.980241 47.500000 19.388000
27.994051 50.000000 29.980453
27.994051 50.000000 35.801178
29.306551 49.812500 29.980453
29.306551 49.812500 35.801178
30.244051 49.250000 29.980453
30.244051 49.250000 35.801178
30.806551 48.312500 29.980453
30.806551 48.312500 35.801182
30.994051 47.000000 29.980453
30.994051 47.000000 35.801182
24.368174 45.994987 35.801182
25.504417 45.822506 35.801182
26.965298 43.235291 35.801174
26.802979 44.442657 35.801182
26.316017 45.305065 35.801182
24.368174 45.994987 30.975504
25.504417 45.822506 30.975504
26.965298 43.235291 30.975504
26.802979 44.442657 30.975504
26.316017 45.305065 30.975504
-12.249696 -46.813808 25.862207
-12.249991 -46.568058 25.332445
-12.250796 -46.376991 26.306078
-17.501400 -46.810154 21.594040
-16.953365 -46.573494 21.481514
-17.889652 -46.352459 21.663902
-16.926310 -46.794262 23.429840
-16.347887 -46.591015 23.068935
-17.194342 -46.322578 23.595303
-15.499276 -46.805969 24.846779
-15.142716 -46.581375 24.363531
-15.729822 -46.353264 25.150101
-13.700165 -46.814137 25.636599
-13.552006 -46.567764 25.130110
-13.806651 -46.375587 26.067507
-17.508753 -46.819187 20.541656
-17.107792 -46.591171 20.185183
-17.879263 -46.389950 20.954218
-18.344143 -46.814133 20.628298
-18.343929 -46.565849 20.105133
-18.351740 -46.344616 21.029413
-7.016553 -46.811874 21.595612
-7.557269 -46.573490 21.481302
-8.179557 -46.573570 23.052151
-7.708541 -46.811497 23.344368
-6.599890 -46.367519 21.663307
-7.352139 -46.372974 23.580900
-9.365136 -46.573570 24.352865
-9.029082 -46.810265 24.799644
-8.774777 -46.367790 25.127846
-10.948635 -46.565300 25.126545
-10.796193 -46.815662 25.617544
-10.669241 -46.385059 26.066936
-6.992903 -46.818886 20.538963
-7.391910 -46.591160 20.184877
-6.606287 -46.399109 20.966082
-6.155839 -46.815018 20.623892
-6.156054 -46.565849 20.105133
-6.146153 -46.352139 21.038641
17.501400 -46.810154 21.594040
16.953365 -46.573494 21.481514
16.347887 -46.591015 23.068935
16.926310 -46.794262 23.429840
17.889652 -46.352459 21.663902
17.194342 -46.322578 23.595303
15.142716 -46.581375 24.363531
15.499276 -46.805969 24.846779
15.729822 -46.353264 25.150101
13.552006 -46.567764 25.130110
13.700165 -46.814137 25.636599
13.806651 -46.375587 26.067507
12.249991 -46.568058 25.332445
12.249696 -46.813808 25.862207
12.250796 -46.376991 26.306078
17.508753 -46.819187 20.541656
17.107792 -46.591171 20.185183
17.879263 -46.389950 20.954218
18.344143 -46.814133 20.628298
18.343929 -46.565849 20.105133
18.351740 -46.344616 21.029413
7.016553 -46.811874 21.595612
7.708541 -46.811497 23.344368
8.179557 -46.573570 23.052151
7.557269 -46.573490 21.481302
6.599890 -46.367519 21.663307
7.352139 -46.372974 23.580900
9.029082 -46.810265 24.799644
9.365136 -46.573570 24.352865
8.774777 -46.367790 25.127846
10.796193 -46.815662 25.617544
10.948635 -46.565300 25.126545
10.669241 -46.385059 26.066936
7.391910 -46.591160 20.184877
6.992903 -46.818886 20.538963
6.606287 -46.399109 20.966082
6.155839 -46.815018 20.623892
6.156054 -46.565849 20.105133
6.146153 -46.352139 21.038641
-17.501400 46.810154 21.594040
-16.953365 46.573494 21.481514
-16.347887 46.591015 23.068935
-16.926310 46.794262 23.429840
-17.889652 46.352459 21.663902
-17.194342 46.322578 23.595303
-15.142716 46.581375 24.363531
-15.499276 46.805969 24.846779
-15.729822 46.353264 25.150101
-13.552006 46.567764 25.130110
-13.700165 46.814137 25.636599
-13.806651 46.375587 26.067507
-12.249991 46.568058 25.332445
-12.249696 46.813808 25.862207
-12.250796 46.376991 26.306078
-17.508753 46.819187 20.541656
-17.107792 46.591171 20.185183
-17.879263 46.389950 20.954218
-18.344143 46.814133 20.628298
-18.343929 46.565849 20.105133
-18.351740 46.344616 21.029413
-7.016553 46.811874 21.595612
-7.708541 46.811497 23.344368
-8.179557 46.573570 23.052151
-7.557269 46.573490 21.481302
-6.599890 46.367519 21.663307
-7.352139 46.372974 23.580900
-9.029082 46.810265 24.799644
-9.365136 46.573570 24.352865
-8.774777 46.367790 25.127846
-10.796193 46.815662 25.617544
-10.948635 46.565300 25.126545
-10.669241 46.385059 26.066936
-7.391910 46.591160 20.184877
-6.992903 46.818886 20.538963
-6.606287 46.399109 20.966082
-6.155839 46.815018 20.623892
-6.156054 46.565849 20.105133
-6.146153 46.352139 21.038641
17.501400 46.810154 21.594040
16.926310 46.794262 23.429840
16.347887 46.591015 23.068935
16.953365 46.573494 21.481514
17.889652 46.352459 21.663902
17.194342 46.322578 23.595303
15.499276 46.805969 24.846779
15.142716 46.581375 24.363531
15.729822 46.353264 25.150101
13.700165 46.814137 25.636599
13.552006 46.567764 25.130110
13.806651 46.375587 26.067507
12.249696 46.813808 25.862207
12.249991 46.568058 25.332445
12.250796 46.376991 26.306078
17.107792 46.591171 20.185183
17.508753 46.819187 20.541656
17.879263 46.389950 20.954218
18.344143 46.814133 20.628298
18.343929 46.565849 20.105133
18.351740 46.344616 21.029413
7.016553 46.811874 21.595612
7.557269 46.573490 21.481302
8.179557 46.573570 23.052151
7.708541 46.811497 23.344368
6.599890 46.367519 21.663307
7.352139 46.372974 23.580900
9.365136 46.573570 24.352865
9.029082 46.810265 24.799644
8.774777 46.367790 25.127846
10.948635 46.565300 25.126545
10.796193 46.815662 25.617544
10.669241 46.385059 26.066936
6.992903 46.818886 20.538963
7.391910 46.591160 20.184877
6.606287 46.399109 20.966082
6.155839 46.815018 20.623892
6.156054 46.565849 20.105133
6.146153 46.352139 21.038641
-28.494051 -44.500000 0.000000
-28.306551 -45.812500 0.000000
-26.806551 -47.312500 0.000000
-25.494051 -47.500000 0.000000
-27.744051 -46.750000 0.000000
28.494051 -44.500000 0.000000
25.494051 -47.500000 0.000000
26.806551 -47.312500 0.000000
28.306551 -45.812500 0.000000
27.744051 -46.750000 0.000000
-28.494051 44.500000 0.000000
-25.494051 47.500000 0.000000
-26.806551 47.312500 0.000000
-28.306551 45.812500 0.000000
28.494051 44.500000 0.000000
-27.744051 46.750000 0.000000
28.306551 45.812500 0.000000
26.806551 47.312500 0.000000
25.494051 47.500000 0.000000
27.744051 46.750000 0.000000
</float_array>
          <technique_common>
            <accessor source="#crate_carthage_plastic-lib-Position-array" count="372" stride="3">
              <param name="X" type="float"/>
              <param name="Y" type="float"/>
              <param name="Z" type="float"/>
            </accessor>
          </technique_common>
        </source>
        <source id="crate_carthage_plastic-lib-Normal0">
          <float_array id="crate_carthage_plastic-lib-Normal0-array" count="5580">
-0.334579 -0.942368 0.000000
-0.070889 -0.997484 0.000000
-0.070889 -0.997484 0.000000
-0.070889 -0.997484 0.000000
-0.334579 -0.942368 0.000000
-0.334579 -0.942368 0.000000
-0.334579 -0.942368 0.000000
-0.334579 -0.942368 0.000000
-0.707107 -0.707107 0.000000
-0.707107 -0.707107 0.000000
-0.707107 -0.707107 0.000000
-0.334579 -0.942368 0.000000
-0.707107 -0.707107 0.000000
-0.707107 -0.707107 0.000000
-0.942368 -0.334579 0.000000
-0.942368 -0.334579 0.000000
-0.942368 -0.334579 0.000000
-0.707107 -0.707107 0.000000
-0.942368 -0.334579 0.000000
-0.942368 -0.334579 0.000000
-0.997484 -0.070889 0.000000
-0.997484 -0.070889 0.000000
-0.997484 -0.070889 0.000000
-0.942368 -0.334579 0.000000
0.000000 -1.000000 0.000000
0.000000 -1.000000 0.000000
0.070889 -0.997484 0.000000
0.070889 -0.997484 0.000000
-0.070889 -0.997484 0.000000
0.000000 -1.000000 0.000000
-0.070889 -0.997484 0.000000
0.000000 -1.000000 0.000000
0.000000 -1.000000 0.000000
0.000000 -1.000000 0.000000
-0.070889 -0.997484 0.000000
0.000000 -1.000000 0.000000
-0.070889 -0.997484 0.000000
0.000000 -1.000000 0.000000
0.000000 -1.000000 0.000000
0.000000 -1.000000 0.000000
-0.070889 -0.997484 0.000000
-0.070889 -0.997484 0.000000
-0.070889 -0.997484 0.000000
0.000000 -1.000000 0.000000
0.000000 -1.000000 0.000000
0.000000 -1.000000 0.000000
-0.070889 -0.997484 0.000000
0.000000 -1.000000 0.000000
-0.070889 -0.997484 0.000000
0.000000 -1.000000 0.000000
0.000000 -1.000000 0.000000
-0.833604 -0.525780 -0.169293
-0.596280 -0.536473 -0.597199
-0.558729 -0.532055 -0.636191
-0.558729 -0.532055 -0.636191
-0.836957 -0.524887 -0.154908
-0.833604 -0.525780 -0.169293
-0.596280 -0.536473 -0.597199
-0.162744 -0.461120 -0.872286
-0.130066 -0.457705 -0.879539
-0.130066 -0.457705 -0.879539
-0.558729 -0.532055 -0.636191
-0.596280 -0.536473 -0.597199
-0.162744 -0.461120 -0.872286
0.127607 -0.464314 -0.876430
0.100502 -0.459626 -0.882408
0.100502 -0.459626 -0.882408
-0.130066 -0.457705 -0.879539
-0.162744 -0.461120 -0.872286
0.127607 -0.464314 -0.876430
0.564223 -0.546929 -0.618483
0.537742 -0.544629 -0.643594
0.537742 -0.544629 -0.643594
0.100502 -0.459626 -0.882408
0.127607 -0.464314 -0.876430
0.564223 -0.546929 -0.618483
0.833603 -0.525781 -0.169293
0.836957 -0.524888 -0.154909
0.836957 -0.524888 -0.154909
0.537742 -0.544629 -0.643594
0.564223 -0.546929 -0.618483
0.833603 -0.525781 -0.169293
0.833604 -0.525780 0.169293
0.836957 -0.524887 0.154909
0.836957 -0.524887 0.154909
0.836957 -0.524888 -0.154909
0.833603 -0.525781 -0.169293
0.833604 -0.525780 0.169293
0.564223 -0.546928 0.618483
0.537742 -0.544628 0.643594
0.537742 -0.544628 0.643594
0.836957 -0.524887 0.154909
0.833604 -0.525780 0.169293
0.564223 -0.546928 0.618483
0.127608 -0.464313 0.876430
0.100502 -0.459625 0.882408
0.100502 -0.459625 0.882408
0.537742 -0.544628 0.643594
0.564223 -0.546928 0.618483
0.127608 -0.464313 0.876430
-0.171020 -0.460269 0.871151
-0.137157 -0.457173 0.878738
-0.137157 -0.457173 0.878738
0.100502 -0.459625 0.882408
0.127608 -0.464313 0.876430
-0.171020 -0.460269 0.871151
-0.603984 -0.533991 0.591656
-0.563832 -0.528902 0.634316
-0.563832 -0.528902 0.634316
-0.137157 -0.457173 0.878738
-0.171020 -0.460269 0.871151
-0.603984 -0.533991 0.591656
-0.833604 -0.525780 0.169293
-0.836957 -0.524887 0.154908
-0.836957 -0.524887 0.154908
-0.563832 -0.528902 0.634316
-0.603984 -0.533991 0.591656
-0.833604 -0.525780 0.169293
-0.833604 -0.525780 -0.169293
-0.836957 -0.524887 -0.154908
-0.836957 -0.524887 -0.154908
-0.836957 -0.524887 0.154908
-0.833604 -0.525780 0.169293
0.000000 -1.000000 0.000000
0.000000 -1.000000 0.000000
0.000000 -1.000000 0.000000
0.000000 -1.000000 0.000000
0.000000 -1.000000 0.000000
0.000000 -1.000000 0.000000
0.000000 -1.000000 0.000000
0.000000 -1.000000 0.000000
0.000000 -1.000000 0.000000
0.000000 -1.000000 0.000000
0.000000 -1.000000 0.000000
0.000000 -1.000000 0.000000
0.000000 -1.000000 0.000000
0.000000 -1.000000 0.000000
0.000000 -1.000000 0.000000
0.000000 -1.000000 0.000000
0.000000 -1.000000 0.000000
0.000000 -1.000000 0.000000
0.000000 -1.000000 0.000000
0.000000 -1.000000 0.000000
0.000000 -1.000000 0.000000
0.000000 -1.000000 0.000000
0.000000 -1.000000 0.000000
0.000000 -1.000000 0.000000
0.000000 -1.000000 0.000000
0.000000 -1.000000 0.000000
0.000000 -1.000000 0.000000
0.000000 -1.000000 0.000000
0.000000 -1.000000 0.000000
0.000000 -1.000000 0.000000
0.070889 -0.997484 0.000000
0.070889 -0.997484 0.000000
-0.070889 -0.997484 0.000000
-0.070889 -0.997484 0.000000
-0.070889 -0.997484 0.000000
0.070889 -0.997484 0.000000
-0.334579 -0.942368 0.000000
-0.070889 -0.997484 0.000000
-0.070889 -0.997484 0.000000
-0.070889 -0.997484 0.000000
-0.334579 -0.942368 0.000000
-0.334579 -0.942368 0.000000
-0.707107 -0.707107 0.000000
-0.334579 -0.942368 0.000000
-0.334579 -0.942368 0.000000
-0.334579 -0.942368 0.000000
-0.707107 -0.707107 0.000000
-0.707107 -0.707107 0.000000
-0.942368 -0.334579 0.000000
-0.707107 -0.707107 0.000000
-0.707107 -0.707107 0.000000
-0.707107 -0.707107 0.000000
-0.942368 -0.334579 0.000000
-0.942368 -0.334579 0.000000
-0.997484 -0.070889 0.000000
-0.942368 -0.334579 0.000000
-0.942368 -0.334579 0.000000
-0.942368 -0.334579 0.000000
-0.997484 -0.070889 0.000000
-0.997484 -0.070889 0.000000
-0.000000 -0.000001 1.000000
-0.000000 -0.000001 1.000000
-0.000000 -0.000001 1.000000
-0.000000 -0.000001 1.000000
-0.000000 -0.000001 1.000000
-0.000000 -0.000001 1.000000
-0.000001 0.000002 1.000000
0.000000 -0.000000 1.000000
-0.000001 0.000001 1.000000
-0.000001 0.000001 1.000000
0.000001 0.000001 1.000000
-0.000001 0.000002 1.000000
0.000000 -0.000000 1.000000
0.000000 -0.000001 1.000000
0.000000 -0.000001 1.000000
0.000000 -0.000001 1.000000
-0.000001 0.000001 1.000000
0.000000 -0.000000 1.000000
0.000000 -0.000001 1.000000
-0.000000 -0.000001 1.000000
-0.000000 -0.000001 1.000000
-0.000000 -0.000001 1.000000
0.000000 -0.000001 1.000000
0.000000 -0.000001 1.000000
0.351445 0.936209 0.000000
0.075254 0.997164 0.000000
0.075254 0.997164 0.000000
0.075254 0.997164 0.000000
0.351445 0.936209 0.000000
0.351445 0.936209 0.000000
0.997768 0.066770 0.000000
0.948023 0.318202 0.000000
0.948023 0.318201 0.000000
0.948023 0.318201 0.000000
0.997768 0.066770 0.000000
0.997768 0.066770 0.000000
0.948023 0.318202 0.000000
0.725785 0.687921 0.000000
0.725785 0.687921 0.000000
0.725785 0.687921 0.000000
0.948023 0.318201 0.000000
0.948023 0.318202 0.000000
0.725785 0.687921 0.000000
0.351445 0.936209 0.000000
0.351445 0.936209 0.000000
0.351445 0.936209 0.000000
0.725785 0.687921 0.000000
0.725785 0.687921 0.000000
0.000000 0.000000 1.000000
0.000000 0.000000 1.000000
0.000000 0.000000 1.000000
0.000000 0.000000 1.000000
0.000000 0.000000 1.000000
0.000000 0.000000 1.000000
-0.000001 0.000002 1.000000
0.000001 0.000001 1.000000
0.000001 -0.000001 1.000000
0.000001 -0.000001 1.000000
-0.000001 -0.000002 1.000000
-0.000001 0.000002 1.000000
0.997768 0.066770 0.000000
0.997768 -0.066770 0.000000
0.997768 -0.066770 0.000000
0.997768 -0.066770 0.000000
0.997768 0.066770 0.000000
0.997768 0.066770 0.000000
0.000000 0.000000 -1.000000
0.000000 0.000000 -1.000000
0.000000 0.000000 -1.000000
0.000000 0.000000 -1.000000
0.000000 0.000000 -1.000000
0.000000 0.000000 -1.000000
0.000000 0.000000 -1.000000
0.000000 0.000000 -1.000000
0.000000 0.000000 -1.000000
0.000000 0.000000 -1.000000
0.000000 0.000000 -1.000000
0.000000 0.000000 -1.000000
0.000000 0.000000 -1.000000
0.000000 0.000000 -1.000000
0.000000 0.000000 -1.000000
0.000000 0.000000 -1.000000
0.000000 0.000000 -1.000000
0.000000 0.000000 -1.000000
0.000000 0.000000 -1.000000
0.000000 0.000000 -1.000000
0.000000 0.000000 -1.000000
0.000000 0.000000 -1.000000
0.000000 0.000000 -1.000000
0.000000 0.000000 -1.000000
0.000000 0.000000 -1.000000
0.000000 0.000000 -1.000000
0.000000 0.000000 -1.000000
0.000000 0.000000 -1.000000
0.000000 0.000000 -1.000000
0.000000 0.000000 -1.000000
0.000000 0.000000 1.000000
0.000000 0.000000 1.000000
0.000000 0.000000 1.000000
0.000000 -1.000000 0.000000
0.000000 -1.000000 0.000000
0.000000 -1.000000 0.000000
0.000000 -1.000000 0.000000
0.000000 -1.000000 0.000000
0.000000 -1.000000 0.000000
-0.070889 -0.997484 0.000000
0.000000 -1.000000 0.000000
0.000000 -1.000000 0.000000
0.000000 -1.000000 0.000000
0.000000 -1.000000 0.000000
0.000000 -1.000000 0.000000
0.000000 -1.000000 0.000000
0.000000 -1.000000 0.000000
0.000000 -1.000000 0.000000
0.000000 -1.000000 0.000000
0.000000 -1.000000 0.000000
0.000000 -1.000000 0.000000
0.000000 -1.000000 0.000000
0.000000 -1.000000 0.000000
0.000000 -1.000000 0.000000
0.000000 -1.000000 0.000000
0.000000 -1.000000 0.000000
0.000000 -1.000000 0.000000
0.000000 -1.000000 0.000000
0.000000 -1.000000 0.000000
0.000000 -1.000000 0.000000
0.334579 -0.942368 0.000000
0.334579 -0.942368 0.000000
0.070889 -0.997484 0.000000
0.070889 -0.997484 0.000000
0.070889 -0.997484 0.000000
0.334579 -0.942368 0.000000
0.334579 -0.942368 0.000000
0.707107 -0.707107 0.000000
0.707107 -0.707107 0.000000
0.707107 -0.707107 0.000000
0.334579 -0.942368 0.000000
0.334579 -0.942368 0.000000
0.707107 -0.707107 0.000000
0.942368 -0.334579 0.000000
0.942368 -0.334579 0.000000
0.942368 -0.334579 0.000000
0.707107 -0.707107 0.000000
0.707107 -0.707107 0.000000
0.942368 -0.334579 0.000000
0.997484 -0.070889 0.000000
0.997484 -0.070889 0.000000
0.997484 -0.070889 0.000000
0.942368 -0.334579 0.000000
0.942368 -0.334579 0.000000
0.070889 -0.997484 0.000000
0.000000 -1.000000 0.000000
0.000000 -1.000000 0.000000
0.000000 -1.000000 0.000000
0.000000 -1.000000 0.000000
0.070889 -0.997484 0.000000
0.070889 -0.997484 0.000000
0.070889 -0.997484 0.000000
0.000000 -1.000000 0.000000
0.000000 -1.000000 0.000000
0.000000 -1.000000 0.000000
0.070889 -0.997484 0.000000
0.070889 -0.997484 0.000000
0.000000 -1.000000 0.000000
0.000000 -1.000000 0.000000
0.000000 -1.000000 0.000000
0.000000 -1.000000 0.000000
0.070889 -0.997484 0.000000
0.070889 -0.997484 0.000000
0.000000 -1.000000 0.000000
0.000000 -1.000000 0.000000
0.833604 -0.525780 -0.169293
0.836957 -0.524887 -0.154908
0.558729 -0.532055 -0.636191
0.558729 -0.532055 -0.636191
0.596280 -0.536473 -0.597199
0.833604 -0.525780 -0.169293
0.596280 -0.536473 -0.597199
0.558729 -0.532055 -0.636191
0.130066 -0.457705 -0.879539
0.130066 -0.457705 -0.879539
0.162744 -0.461120 -0.872286
0.596280 -0.536473 -0.597199
0.162744 -0.461120 -0.872286
0.130066 -0.457705 -0.879539
-0.100502 -0.459626 -0.882408
-0.100502 -0.459626 -0.882408
-0.127607 -0.464314 -0.876430
0.162744 -0.461120 -0.872286
-0.127607 -0.464314 -0.876430
-0.100502 -0.459626 -0.882408
-0.537742 -0.544629 -0.643594
-0.537742 -0.544629 -0.643594
-0.564223 -0.546929 -0.618483
-0.127607 -0.464314 -0.876430
-0.564223 -0.546929 -0.618483
-0.537742 -0.544629 -0.643594
-0.836957 -0.524888 -0.154909
-0.836957 -0.524888 -0.154909
-0.833603 -0.525781 -0.169293
-0.564223 -0.546929 -0.618483
-0.833603 -0.525781 -0.169293
-0.836957 -0.524888 -0.154909
-0.836957 -0.524887 0.154909
-0.836957 -0.524887 0.154909
-0.833604 -0.525780 0.169293
-0.833603 -0.525781 -0.169293
-0.833604 -0.525780 0.169293
-0.836957 -0.524887 0.154909
-0.537742 -0.544628 0.643594
-0.537742 -0.544628 0.643594
-0.564223 -0.546928 0.618483
-0.833604 -0.525780 0.169293
-0.564223 -0.546928 0.618483
-0.537742 -0.544628 0.643594
-0.100502 -0.459625 0.882408
-0.100502 -0.459625 0.882408
-0.127608 -0.464313 0.876430
-0.564223 -0.546928 0.618483
-0.127608 -0.464313 0.876430
-0.100502 -0.459625 0.882408
0.137157 -0.457173 0.878738
0.137157 -0.457173 0.878738
0.171020 -0.460269 0.871151
-0.127608 -0.464313 0.876430
0.171020 -0.460269 0.871151
0.137157 -0.457173 0.878738
0.563832 -0.528902 0.634316
0.563832 -0.528902 0.634316
0.603984 -0.533991 0.591656
0.171020 -0.460269 0.871151
0.603984 -0.533991 0.591656
0.563832 -0.528902 0.634316
0.836957 -0.524887 0.154908
0.836957 -0.524887 0.154908
0.833604 -0.525780 0.169293
0.603984 -0.533991 0.591656
0.833604 -0.525780 0.169293
0.836957 -0.524887 0.154908
0.836957 -0.524887 -0.154908
0.836957 -0.524887 -0.154908
0.833604 -0.525780 -0.169293
0.833604 -0.525780 0.169293
0.000000 -1.000000 0.000000
0.000000 -1.000000 0.000000
0.000000 -1.000000 0.000000
0.000000 -1.000000 0.000000
0.000000 -1.000000 0.000000
0.000000 -1.000000 0.000000
0.000000 -1.000000 0.000000
0.000000 -1.000000 0.000000
0.000000 -1.000000 0.000000
0.000000 -1.000000 0.000000
0.000000 -1.000000 0.000000
0.000000 -1.000000 0.000000
0.000000 -1.000000 0.000000
0.000000 -1.000000 0.000000
0.000000 -1.000000 0.000000
0.000000 -1.000000 0.000000
0.000000 -1.000000 0.000000
0.000000 -1.000000 0.000000
0.000000 -1.000000 0.000000
0.000000 -1.000000 0.000000
0.000000 -1.000000 0.000000
0.000000 -1.000000 0.000000
0.000000 -1.000000 0.000000
0.000000 -1.000000 0.000000
0.000000 -1.000000 0.000000
0.000000 -1.000000 0.000000
0.000000 -1.000000 0.000000
0.000000 -1.000000 0.000000
0.000000 -1.000000 0.000000
0.000000 -1.000000 0.000000
0.334579 -0.942368 0.000000
0.334579 -0.942368 0.000000
0.070889 -0.997484 0.000000
0.070889 -0.997484 0.000000
0.070889 -0.997484 0.000000
0.334579 -0.942368 0.000000
0.707107 -0.707107 0.000000
0.707107 -0.707107 0.000000
0.334579 -0.942368 0.000000
0.334579 -0.942368 0.000000
0.334579 -0.942368 0.000000
0.707107 -0.707107 0.000000
0.942368 -0.334579 0.000000
0.942368 -0.334579 0.000000
0.707107 -0.707107 0.000000
0.707107 -0.707107 0.000000
0.707107 -0.707107 0.000000
0.942368 -0.334579 0.000000
0.997484 -0.070889 0.000000
0.997484 -0.070889 0.000000
0.942368 -0.334579 0.000000
0.942368 -0.334579 0.000000
0.942368 -0.334579 0.000000
0.997484 -0.070889 0.000000
0.000000 -0.000001 1.000000
0.000000 -0.000001 1.000000
-0.000000 -0.000001 1.000000
-0.000000 -0.000001 1.000000
-0.000000 -0.000001 1.000000
0.000000 -0.000001 1.000000
0.000000 -0.000001 1.000000
0.000000 -0.000001 1.000000
0.000000 -0.000001 1.000000
0.000000 -0.000001 1.000000
0.000000 -0.000001 1.000000
0.000000 -0.000001 1.000000
0.000001 0.000002 1.000000
-0.000001 0.000001 1.000000
0.000001 0.000001 1.000000
0.000001 0.000001 1.000000
-0.000000 -0.000000 1.000000
0.000001 0.000002 1.000000
-0.000000 -0.000000 1.000000
0.000001 0.000001 1.000000
-0.000000 -0.000001 1.000000
-0.000000 -0.000001 1.000000
-0.000000 -0.000001 1.000000
-0.000000 -0.000000 1.000000
-0.000000 -0.000001 1.000000
-0.000000 -0.000001 1.000000
0.000000 -0.000001 1.000000
0.000000 -0.000001 1.000000
0.000000 -0.000001 1.000000
-0.000000 -0.000001 1.000000
-0.075254 0.997164 0.000000
0.075254 0.997164 0.000000
0.075254 0.997164 0.000000
0.075254 0.997164 0.000000
-0.075254 0.997164 0.000000
-0.075254 0.997164 0.000000
-0.351445 0.936209 0.000000
-0.351445 0.936209 0.000000
-0.075254 0.997164 0.000000
-0.075254 0.997164 0.000000
-0.075254 0.997164 0.000000
-0.351445 0.936209 0.000000
-0.997768 0.066770 0.000000
-0.997768 0.066770 0.000000
-0.948023 0.318201 0.000000
-0.948023 0.318201 0.000000
-0.948023 0.318202 0.000000
-0.997768 0.066770 0.000000
-0.948023 0.318202 0.000000
-0.948023 0.318201 0.000000
-0.725785 0.687921 0.000000
-0.725785 0.687921 0.000000
-0.725785 0.687921 0.000000
-0.948023 0.318202 0.000000
-0.725785 0.687921 0.000000
-0.725785 0.687921 0.000000
-0.351445 0.936209 0.000000
-0.351445 0.936209 0.000000
-0.351445 0.936209 0.000000
-0.725785 0.687921 0.000000
0.000000 0.000000 1.000000
0.000000 0.000000 1.000000
0.000000 0.000000 1.000000
0.000000 0.000000 1.000000
0.000000 0.000000 1.000000
0.000000 0.000000 1.000000
0.000000 0.000000 -1.000000
0.000000 0.000000 -1.000000
0.000000 0.000000 -1.000000
0.000000 0.000000 -1.000000
0.000000 0.000000 -1.000000
0.000000 0.000000 -1.000000
0.000000 0.000000 -1.000000
0.000000 0.000000 -1.000000
0.000000 0.000000 -1.000000
0.000000 0.000000 -1.000000
0.000000 0.000000 -1.000000
0.000000 0.000000 -1.000000
0.000000 0.000000 -1.000000
0.000000 0.000000 -1.000000
0.000000 0.000000 -1.000000
0.000000 0.000000 -1.000000
0.000000 0.000000 -1.000000
0.000000 0.000000 -1.000000
0.000000 0.000000 -1.000000
0.000000 0.000000 -1.000000
0.000000 0.000000 -1.000000
0.000000 0.000000 -1.000000
0.000000 0.000000 -1.000000
0.000000 0.000000 -1.000000
0.000000 0.000000 1.000000
0.000000 0.000000 1.000000
0.000000 0.000000 1.000000
0.000000 -1.000000 0.000000
0.000000 -1.000000 0.000000
0.000000 -1.000000 0.000000
0.000000 -1.000000 0.000000
0.000000 -1.000000 0.000000
0.000000 -1.000000 0.000000
0.070889 -0.997484 0.000000
0.000000 -1.000000 0.000000
0.000000 -1.000000 0.000000
0.000000 -1.000000 0.000000
-0.070889 -0.997484 0.000000
0.070889 -0.997484 0.000000
0.070889 -0.997484 0.000000
0.000000 -1.000000 0.000000
0.000000 -1.000000 0.000000
0.000000 0.000000 1.000000
0.000000 0.000000 1.000000
0.000000 0.000000 1.000000
0.000000 0.000000 1.000000
0.000000 0.000000 1.000000
0.000000 0.000000 1.000000
-0.997484 -0.070889 0.000000
-0.997484 -0.070889 0.000000
-0.997484 0.070889 0.000000
-0.997484 0.070889 0.000000
-0.997484 0.070889 0.000000
-0.997484 -0.070889 0.000000
-0.334579 0.942368 0.000000
-0.334579 0.942368 0.000000
-0.070889 0.997484 0.000000
-0.070889 0.997484 0.000000
-0.070889 0.997484 0.000000
-0.334579 0.942368 0.000000
-0.334579 0.942368 0.000000
-0.707107 0.707107 0.000000
-0.707107 0.707107 0.000000
-0.707107 0.707107 0.000000
-0.334579 0.942368 0.000000
-0.334579 0.942368 0.000000
-0.707107 0.707107 0.000000
-0.942368 0.334579 0.000000
-0.942368 0.334579 0.000000
-0.942368 0.334579 0.000000
-0.707107 0.707107 0.000000
-0.707107 0.707107 0.000000
-0.942368 0.334579 0.000000
-0.997484 0.070889 0.000000
-0.997484 0.070889 0.000000
-0.997484 0.070889 0.000000
-0.942368 0.334579 0.000000
-0.942368 0.334579 0.000000
0.070889 0.997484 0.000000
0.000000 1.000000 0.000000
0.000000 1.000000 0.000000
0.000000 1.000000 0.000000
-0.070889 0.997484 0.000000
0.070889 0.997484 0.000000
-0.070889 0.997484 0.000000
0.000000 1.000000 0.000000
0.000000 1.000000 0.000000
0.000000 1.000000 0.000000
0.000000 1.000000 0.000000
-0.070889 0.997484 0.000000
-0.070889 0.997484 0.000000
-0.070889 0.997484 0.000000
0.000000 1.000000 0.000000
0.000000 1.000000 0.000000
0.000000 1.000000 0.000000
-0.070889 0.997484 0.000000
-0.070889 0.997484 0.000000
0.000000 1.000000 0.000000
0.000000 1.000000 0.000000
0.000000 1.000000 0.000000
0.000000 1.000000 0.000000
-0.070889 0.997484 0.000000
-0.070889 0.997484 0.000000
0.000000 1.000000 0.000000
0.000000 1.000000 0.000000
-0.833604 0.525780 -0.169293
-0.836957 0.524887 -0.154908
-0.537742 0.544629 -0.643594
-0.537742 0.544629 -0.643594
-0.564223 0.546928 -0.618483
-0.833604 0.525780 -0.169293
-0.564223 0.546928 -0.618483
-0.537742 0.544629 -0.643594
-0.100502 0.459626 -0.882408
-0.100502 0.459626 -0.882408
-0.127607 0.464314 -0.876430
-0.564223 0.546928 -0.618483
-0.127607 0.464314 -0.876430
-0.100502 0.459626 -0.882408
0.100502 0.459626 -0.882408
0.100502 0.459626 -0.882408
0.127607 0.464314 -0.876430
-0.127607 0.464314 -0.876430
0.127607 0.464314 -0.876430
0.100502 0.459626 -0.882408
0.537742 0.544629 -0.643594
0.537742 0.544629 -0.643594
0.564223 0.546929 -0.618483
0.127607 0.464314 -0.876430
0.564223 0.546929 -0.618483
0.537742 0.544629 -0.643594
0.836957 0.524888 -0.154909
0.836957 0.524888 -0.154909
0.833603 0.525781 -0.169293
0.564223 0.546929 -0.618483
0.833603 0.525781 -0.169293
0.836957 0.524888 -0.154909
0.836957 0.524887 0.154909
0.836957 0.524887 0.154909
0.833604 0.525780 0.169293
0.833603 0.525781 -0.169293
0.833604 0.525780 0.169293
0.836957 0.524887 0.154909
0.537742 0.544628 0.643594
0.537742 0.544628 0.643594
0.564223 0.546928 0.618483
0.833604 0.525780 0.169293
0.564223 0.546928 0.618483
0.537742 0.544628 0.643594
0.100502 0.459625 0.882408
0.100502 0.459625 0.882408
0.127608 0.464313 0.876430
0.564223 0.546928 0.618483
0.127608 0.464313 0.876430
0.100502 0.459625 0.882408
-0.100502 0.459625 0.882408
-0.100502 0.459625 0.882408
-0.127607 0.464313 0.876430
0.127608 0.464313 0.876430
-0.127607 0.464313 0.876430
-0.100502 0.459625 0.882408
-0.537742 0.544628 0.643594
-0.537742 0.544628 0.643594
-0.564223 0.546928 0.618484
-0.127607 0.464313 0.876430
-0.564223 0.546928 0.618484
-0.537742 0.544628 0.643594
-0.836957 0.524887 0.154908
-0.836957 0.524887 0.154908
-0.833604 0.525780 0.169293
-0.564223 0.546928 0.618484
-0.833604 0.525780 0.169293
-0.836957 0.524887 0.154908
-0.836957 0.524887 -0.154908
-0.836957 0.524887 -0.154908
-0.833604 0.525780 -0.169293
-0.833604 0.525780 0.169293
0.000000 1.000000 0.000000
0.000000 1.000000 0.000000
0.000000 1.000000 0.000000
0.000000 1.000000 0.000000
0.000000 1.000000 0.000000
0.000000 1.000000 0.000000
0.000000 1.000000 0.000000
0.000000 1.000000 0.000000
0.000000 1.000000 0.000000
0.000000 1.000000 0.000000
0.000000 1.000000 0.000000
0.000000 1.000000 0.000000
0.000000 1.000000 0.000000
0.000000 1.000000 0.000000
0.000000 1.000000 0.000000
0.000000 1.000000 0.000000
0.000000 1.000000 0.000000
0.000000 1.000000 0.000000
0.000000 1.000000 0.000000
0.000000 1.000000 0.000000
0.000000 1.000000 0.000000
0.000000 1.000000 0.000000
0.000000 1.000000 0.000000
0.000000 1.000000 0.000000
0.000000 1.000000 0.000000
0.000000 1.000000 0.000000
0.000000 1.000000 0.000000
0.000000 1.000000 0.000000
0.000000 1.000000 0.000000
0.000000 1.000000 0.000000
-0.070889 0.997484 0.000000
0.070889 0.997484 0.000000
0.070889 0.997484 0.000000
0.070889 0.997484 0.000000
-0.070889 0.997484 0.000000
-0.070889 0.997484 0.000000
-0.334579 0.942368 0.000000
-0.334579 0.942368 0.000000
-0.070889 0.997484 0.000000
-0.070889 0.997484 0.000000
-0.070889 0.997484 0.000000
-0.334579 0.942368 0.000000
-0.707107 0.707107 0.000000
-0.707107 0.707107 0.000000
-0.334579 0.942368 0.000000
-0.334579 0.942368 0.000000
-0.334579 0.942368 0.000000
-0.707107 0.707107 0.000000
-0.942368 0.334579 0.000000
-0.942368 0.334579 0.000000
-0.707107 0.707107 0.000000
-0.707107 0.707107 0.000000
-0.707107 0.707107 0.000000
-0.942368 0.334579 0.000000
-0.997484 0.070889 0.000000
-0.997484 0.070889 0.000000
-0.942368 0.334579 0.000000
-0.942368 0.334579 0.000000
-0.942368 0.334579 0.000000
-0.997484 0.070889 0.000000
-0.000000 0.000001 1.000000
-0.000000 0.000001 1.000000
-0.000000 0.000001 1.000000
-0.000000 0.000001 1.000000
-0.000000 0.000001 1.000000
-0.000000 0.000001 1.000000
-0.000001 -0.000002 1.000000
0.000001 -0.000001 1.000000
-0.000001 -0.000001 1.000000
-0.000001 -0.000001 1.000000
0.000000 0.000000 1.000000
-0.000001 -0.000002 1.000000
0.000000 0.000000 1.000000
-0.000001 -0.000001 1.000000
0.000000 0.000001 1.000000
0.000000 0.000001 1.000000
0.000000 0.000001 1.000000
0.000000 0.000000 1.000000
0.000000 0.000001 1.000000
0.000000 0.000001 1.000000
-0.000000 0.000001 1.000000
-0.000000 0.000001 1.000000
-0.000000 0.000001 1.000000
0.000000 0.000001 1.000000
0.351445 -0.936209 0.000000
0.351445 -0.936209 0.000000
0.075254 -0.997164 0.000000
0.075254 -0.997164 0.000000
0.075254 -0.997164 0.000000
0.351445 -0.936209 0.000000
0.997768 -0.066770 0.000000
0.997768 -0.066770 0.000000
0.948023 -0.318201 0.000000
0.948023 -0.318201 0.000000
0.948023 -0.318202 0.000000
0.997768 -0.066770 0.000000
0.948023 -0.318202 0.000000
0.948023 -0.318201 0.000000
0.725785 -0.687921 0.000000
0.725785 -0.687921 0.000000
0.725785 -0.687921 0.000000
0.948023 -0.318202 0.000000
0.725785 -0.687921 0.000000
0.725785 -0.687921 0.000000
0.351445 -0.936209 0.000000
0.351445 -0.936209 0.000000
0.351445 -0.936209 0.000000
0.725785 -0.687921 0.000000
0.000000 0.000000 1.000000
0.000000 0.000000 1.000000
0.000000 0.000000 1.000000
0.000000 0.000000 1.000000
0.000000 0.000000 1.000000
0.000000 0.000000 1.000000
-0.997484 -0.070889 0.000000
-0.997484 0.070889 0.000000
-0.997484 0.070889 0.000000
-0.997484 0.070889 0.000000
-0.997484 -0.070889 0.000000
-0.997484 -0.070889 0.000000
0.000000 0.000000 -1.000000
0.000000 0.000000 -1.000000
0.000000 0.000000 -1.000000
0.000000 0.000000 -1.000000
0.000000 0.000000 -1.000000
0.000000 0.000000 -1.000000
0.000000 0.000000 -1.000000
0.000000 0.000000 -1.000000
0.000000 0.000000 -1.000000
0.000000 0.000000 -1.000000
0.000000 0.000000 -1.000000
0.000000 0.000000 -1.000000
0.000000 0.000000 -1.000000
0.000000 0.000000 -1.000000
0.000000 0.000000 -1.000000
0.000000 0.000000 -1.000000
0.000000 0.000000 -1.000000
0.000000 0.000000 -1.000000
0.000000 0.000000 -1.000000
0.000000 0.000000 -1.000000
0.000000 0.000000 -1.000000
0.000000 0.000000 -1.000000
0.000000 0.000000 -1.000000
0.000000 0.000000 -1.000000
0.000000 0.000000 -1.000000
0.000000 0.000000 -1.000000
0.000000 0.000000 -1.000000
0.000000 0.000000 -1.000000
0.000000 0.000000 -1.000000
0.000000 0.000000 -1.000000
0.000000 0.000000 -1.000000
0.000000 0.000000 -1.000000
0.000000 0.000000 -1.000000
0.000000 0.000000 -1.000000
0.000000 0.000000 -1.000000
0.000000 0.000000 -1.000000
0.000000 0.000000 1.000000
0.000000 0.000000 1.000000
0.000000 0.000000 1.000000
0.000000 0.000000 1.000000
0.000000 0.000000 1.000000
0.000000 0.000000 1.000000
0.000000 0.000000 1.000000
0.000000 0.000000 1.000000
0.000000 0.000000 1.000000
0.000000 1.000000 0.000000
0.000000 1.000000 0.000000
0.000000 1.000000 0.000000
0.000000 1.000000 0.000000
0.000000 1.000000 0.000000
0.000000 1.000000 0.000000
-0.070889 0.997484 0.000000
0.000000 1.000000 0.000000
0.000000 1.000000 0.000000
0.000000 1.000000 0.000000
0.000000 1.000000 0.000000
0.000000 1.000000 0.000000
0.000000 1.000000 0.000000
0.000000 1.000000 0.000000
0.000000 1.000000 0.000000
0.000000 1.000000 0.000000
0.000000 1.000000 0.000000
0.000000 1.000000 0.000000
0.000000 1.000000 0.000000
0.000000 1.000000 0.000000
0.000000 1.000000 0.000000
0.000000 1.000000 0.000000
0.000000 1.000000 0.000000
0.000000 1.000000 0.000000
0.000000 1.000000 0.000000
0.000000 1.000000 0.000000
0.000000 1.000000 0.000000
0.997484 0.070889 0.000000
0.997484 0.070889 0.000000
0.997484 -0.070889 0.000000
0.997484 -0.070889 0.000000
0.997484 -0.070889 0.000000
0.997484 0.070889 0.000000
0.334579 0.942368 0.000000
0.070889 0.997484 0.000000
0.070889 0.997484 0.000000
0.070889 0.997484 0.000000
0.334579 0.942368 0.000000
0.334579 0.942368 0.000000
0.334579 0.942368 0.000000
0.334579 0.942368 0.000000
0.707107 0.707107 0.000000
0.707107 0.707107 0.000000
0.707107 0.707107 0.000000
0.334579 0.942368 0.000000
0.707107 0.707107 0.000000
0.707107 0.707107 0.000000
0.942368 0.334579 0.000000
0.942368 0.334579 0.000000
0.942368 0.334579 0.000000
0.707107 0.707107 0.000000
0.942368 0.334579 0.000000
0.942368 0.334579 0.000000
0.997484 0.070889 0.000000
0.997484 0.070889 0.000000
0.997484 0.070889 0.000000
0.942368 0.334579 0.000000
0.070889 0.997484 0.000000
0.000000 1.000000 0.000000
0.000000 1.000000 0.000000
0.000000 1.000000 0.000000
0.070889 0.997484 0.000000
0.000000 1.000000 0.000000
0.070889 0.997484 0.000000
0.000000 1.000000 0.000000
0.000000 1.000000 0.000000
0.000000 1.000000 0.000000
0.070889 0.997484 0.000000
0.070889 0.997484 0.000000
0.070889 0.997484 0.000000
0.000000 1.000000 0.000000
0.000000 1.000000 0.000000
0.000000 1.000000 0.000000
0.070889 0.997484 0.000000
0.000000 1.000000 0.000000
0.070889 0.997484 0.000000
0.000000 1.000000 0.000000
0.000000 1.000000 0.000000
0.833604 0.525780 -0.169293
0.564223 0.546928 -0.618483
0.537742 0.544629 -0.643594
0.537742 0.544629 -0.643594
0.836957 0.524887 -0.154908
0.833604 0.525780 -0.169293
0.564223 0.546928 -0.618483
0.127607 0.464314 -0.876430
0.100502 0.459626 -0.882408
0.100502 0.459626 -0.882408
0.537742 0.544629 -0.643594
0.564223 0.546928 -0.618483
0.127607 0.464314 -0.876430
-0.127607 0.464314 -0.876430
-0.100502 0.459626 -0.882408
-0.100502 0.459626 -0.882408
0.100502 0.459626 -0.882408
0.127607 0.464314 -0.876430
-0.127607 0.464314 -0.876430
-0.564223 0.546929 -0.618483
-0.537742 0.544629 -0.643594
-0.537742 0.544629 -0.643594
-0.100502 0.459626 -0.882408
-0.127607 0.464314 -0.876430
-0.564223 0.546929 -0.618483
-0.833603 0.525781 -0.169293
-0.836957 0.524888 -0.154909
-0.836957 0.524888 -0.154909
-0.537742 0.544629 -0.643594
-0.564223 0.546929 -0.618483
-0.833603 0.525781 -0.169293
-0.833604 0.525780 0.169293
-0.836957 0.524887 0.154909
-0.836957 0.524887 0.154909
-0.836957 0.524888 -0.154909
-0.833603 0.525781 -0.169293
-0.833604 0.525780 0.169293
-0.564223 0.546928 0.618483
-0.537742 0.544628 0.643594
-0.537742 0.544628 0.643594
-0.836957 0.524887 0.154909
-0.833604 0.525780 0.169293
-0.564223 0.546928 0.618483
-0.127608 0.464313 0.876430
-0.100502 0.459625 0.882408
-0.100502 0.459625 0.882408
-0.537742 0.544628 0.643594
-0.564223 0.546928 0.618483
-0.127608 0.464313 0.876430
0.127607 0.464313 0.876430
0.100502 0.459625 0.882408
0.100502 0.459625 0.882408
-0.100502 0.459625 0.882408
-0.127608 0.464313 0.876430
0.127607 0.464313 0.876430
0.564223 0.546928 0.618484
0.537742 0.544628 0.643594
0.537742 0.544628 0.643594
0.100502 0.459625 0.882408
0.127607 0.464313 0.876430
0.564223 0.546928 0.618484
0.833604 0.525780 0.169293
0.836957 0.524887 0.154908
0.836957 0.524887 0.154908
0.537742 0.544628 0.643594
0.564223 0.546928 0.618484
0.833604 0.525780 0.169293
0.833604 0.525780 -0.169293
0.836957 0.524887 -0.154908
0.836957 0.524887 -0.154908
0.836957 0.524887 0.154908
0.833604 0.525780 0.169293
0.000000 1.000000 0.000000
0.000000 1.000000 0.000000
0.000000 1.000000 0.000000
0.000000 1.000000 0.000000
0.000000 1.000000 0.000000
0.000000 1.000000 0.000000
0.000000 1.000000 0.000000
0.000000 1.000000 0.000000
0.000000 1.000000 0.000000
0.000000 1.000000 0.000000
0.000000 1.000000 0.000000
0.000000 1.000000 0.000000
0.000000 1.000000 0.000000
0.000000 1.000000 0.000000
0.000000 1.000000 0.000000
0.000000 1.000000 0.000000
0.000000 1.000000 0.000000
0.000000 1.000000 0.000000
0.000000 1.000000 0.000000
0.000000 1.000000 0.000000
0.000000 1.000000 0.000000
0.000000 1.000000 0.000000
0.000000 1.000000 0.000000
0.000000 1.000000 0.000000
0.000000 1.000000 0.000000
0.000000 1.000000 0.000000
0.000000 1.000000 0.000000
0.000000 1.000000 0.000000
0.000000 1.000000 0.000000
0.000000 1.000000 0.000000
0.334579 0.942368 0.000000
0.070889 0.997484 0.000000
0.070889 0.997484 0.000000
0.070889 0.997484 0.000000
0.334579 0.942368 0.000000
0.334579 0.942368 0.000000
0.707107 0.707107 0.000000
0.334579 0.942368 0.000000
0.334579 0.942368 0.000000
0.334579 0.942368 0.000000
0.707107 0.707107 0.000000
0.707107 0.707107 0.000000
0.942368 0.334579 0.000000
0.707107 0.707107 0.000000
0.707107 0.707107 0.000000
0.707107 0.707107 0.000000
0.942368 0.334579 0.000000
0.942368 0.334579 0.000000
0.997484 0.070889 0.000000
0.942368 0.334579 0.000000
0.942368 0.334579 0.000000
0.942368 0.334579 0.000000
0.997484 0.070889 0.000000
0.997484 0.070889 0.000000
0.000000 0.000001 1.000000
-0.000000 0.000001 1.000000
-0.000000 0.000001 1.000000
-0.000000 0.000001 1.000000
0.000000 0.000001 1.000000
0.000000 0.000001 1.000000
0.000000 0.000001 1.000000
0.000000 0.000001 1.000000
0.000000 0.000001 1.000000
0.000000 0.000001 1.000000
0.000000 0.000001 1.000000
0.000000 0.000001 1.000000
0.000001 -0.000002 1.000000
-0.000000 0.000000 1.000000
0.000001 -0.000001 1.000000
0.000001 -0.000001 1.000000
-0.000001 -0.000001 1.000000
0.000001 -0.000002 1.000000
-0.000000 0.000000 1.000000
-0.000000 0.000001 1.000000
-0.000000 0.000001 1.000000
-0.000000 0.000001 1.000000
0.000001 -0.000001 1.000000
-0.000000 0.000000 1.000000
-0.000000 0.000001 1.000000
0.000000 0.000001 1.000000
0.000000 0.000001 1.000000
0.000000 0.000001 1.000000
-0.000000 0.000001 1.000000
-0.000000 0.000001 1.000000
0.075254 -0.997164 0.000000
0.075254 -0.997164 0.000000
-0.075254 -0.997164 0.000000
-0.075254 -0.997164 0.000000
-0.075254 -0.997164 0.000000
0.075254 -0.997164 0.000000
-0.351445 -0.936209 0.000000
-0.075254 -0.997164 0.000000
-0.075254 -0.997164 0.000000
-0.075254 -0.997164 0.000000
-0.351445 -0.936209 0.000000
-0.351445 -0.936209 0.000000
-0.997768 -0.066770 0.000000
-0.948023 -0.318202 0.000000
-0.948023 -0.318201 0.000000
-0.948023 -0.318201 0.000000
-0.997768 -0.066770 0.000000
-0.997768 -0.066770 0.000000
-0.948023 -0.318202 0.000000
-0.725785 -0.687921 0.000000
-0.725785 -0.687921 0.000000
-0.725785 -0.687921 0.000000
-0.948023 -0.318201 0.000000
-0.948023 -0.318202 0.000000
-0.725785 -0.687921 0.000000
-0.351445 -0.936209 0.000000
-0.351445 -0.936209 0.000000
-0.351445 -0.936209 0.000000
-0.725785 -0.687921 0.000000
-0.725785 -0.687921 0.000000
0.000000 0.000000 1.000000
0.000000 0.000000 1.000000
0.000000 0.000000 1.000000
0.000000 0.000000 1.000000
0.000000 0.000000 1.000000
0.000000 0.000000 1.000000
0.997484 0.070889 0.000000
0.997484 0.070889 0.000000
0.997484 -0.070889 0.000000
0.997484 -0.070889 0.000000
0.997484 -0.070889 0.000000
0.997484 0.070889 0.000000
-0.000001 -0.000001 1.000000
-0.000001 0.000001 1.000000
0.000001 0.000002 1.000000
0.000001 0.000002 1.000000
0.000001 -0.000002 1.000000
-0.000001 -0.000001 1.000000
-0.997768 -0.066770 0.000000
-0.997768 0.066770 0.000000
-0.997768 0.066770 0.000000
-0.997768 0.066770 0.000000
-0.997768 -0.066770 0.000000
-0.997768 -0.066770 0.000000
0.000000 0.000000 -1.000000
0.000000 0.000000 -1.000000
0.000000 0.000000 -1.000000
0.000000 0.000000 -1.000000
0.000000 0.000000 -1.000000
0.000000 0.000000 -1.000000
0.000000 0.000000 -1.000000
0.000000 0.000000 -1.000000
0.000000 0.000000 -1.000000
0.000000 0.000000 -1.000000
0.000000 0.000000 -1.000000
0.000000 0.000000 -1.000000
0.000000 0.000000 -1.000000
0.000000 0.000000 -1.000000
0.000000 0.000000 -1.000000
0.000000 0.000000 -1.000000
0.000000 0.000000 -1.000000
0.000000 0.000000 -1.000000
0.000000 0.000000 -1.000000
0.000000 0.000000 -1.000000
0.000000 0.000000 -1.000000
0.000000 0.000000 -1.000000
0.000000 0.000000 -1.000000
0.000000 0.000000 -1.000000
0.000000 0.000000 -1.000000
0.000000 0.000000 -1.000000
0.000000 0.000000 -1.000000
0.000000 0.000000 -1.000000
0.000000 0.000000 -1.000000
0.000000 0.000000 -1.000000
0.000000 0.000000 1.000000
0.000000 0.000000 1.000000
0.000000 0.000000 1.000000
0.000000 1.000000 0.000000
0.000000 1.000000 0.000000
0.000000 1.000000 0.000000
0.000000 1.000000 0.000000
0.000000 1.000000 0.000000
0.000000 1.000000 0.000000
0.070889 0.997484 0.000000
0.000000 1.000000 0.000000
0.000000 1.000000 0.000000
0.000000 1.000000 0.000000
0.070889 0.997484 0.000000
-0.070889 0.997484 0.000000
-0.070889 0.997484 0.000000
0.000000 1.000000 0.000000
0.000000 1.000000 0.000000
0.000000 0.000000 1.000000
0.000000 0.000000 1.000000
0.000000 0.000000 1.000000
0.000000 0.000000 1.000000
0.000000 0.000000 1.000000
0.000000 0.000000 1.000000
-0.291273 -0.955117 0.053961
0.376126 -0.924183 -0.066446
0.276377 -0.946220 -0.168175
0.276377 -0.946220 -0.168175
-0.314596 -0.929504 0.192485
-0.291273 -0.955117 0.053961
-0.761700 -0.631929 0.143106
-0.291273 -0.955117 0.053961
-0.314596 -0.929504 0.192485
-0.314596 -0.929504 0.192485
-0.677939 -0.606485 0.415421
-0.761700 -0.631929 0.143106
-0.314596 -0.929504 0.192485
0.276377 -0.946220 -0.168175
0.197846 -0.936249 -0.290336
0.197846 -0.936249 -0.290336
-0.188562 -0.948701 0.253792
-0.314596 -0.929504 0.192485
-0.677939 -0.606485 0.415421
-0.314596 -0.929504 0.192485
-0.188562 -0.948701 0.253792
-0.188562 -0.948701 0.253792
-0.454031 -0.639982 0.619902
-0.677939 -0.606485 0.415421
-0.188562 -0.948701 0.253792
0.197846 -0.936249 -0.290336
0.115384 -0.914484 -0.387823
0.115384 -0.914484 -0.387823
-0.073134 -0.971546 0.225278
-0.188562 -0.948701 0.253792
-0.454031 -0.639982 0.619902
-0.188562 -0.948701 0.253792
-0.073134 -0.971546 0.225278
-0.073134 -0.971546 0.225278
-0.209269 -0.694792 0.688092
-0.454031 -0.639982 0.619902
-0.073134 -0.971546 0.225278
0.115384 -0.914484 -0.387823
-0.002181 -0.905188 -0.425006
-0.002181 -0.905188 -0.425006
-0.001111 -0.975708 0.219073
-0.073134 -0.971546 0.225278
-0.209269 -0.694792 0.688092
-0.073134 -0.971546 0.225278
-0.001111 -0.975708 0.219073
-0.001111 -0.975708 0.219073
-0.000726 -0.719231 0.694771
-0.209269 -0.694792 0.688092
0.376126 -0.924183 -0.066446
-0.291273 -0.955117 0.053961
0.051624 -0.994662 -0.089348
0.051624 -0.994662 -0.089348
0.238382 -0.939598 -0.245622
0.376126 -0.924183 -0.066446
-0.291273 -0.955117 0.053961
-0.761700 -0.631929 0.143106
-0.406473 -0.785209 0.467148
-0.406473 -0.785209 0.467148
0.051624 -0.994662 -0.089348
-0.291273 -0.955117 0.053961
0.037447 -0.974929 0.219342
-0.014384 -0.876511 -0.481166
0.238382 -0.939598 -0.245622
0.238382 -0.939598 -0.245622
0.051624 -0.994662 -0.089348
0.037447 -0.974929 0.219342
0.068076 -0.653700 0.753685
0.037447 -0.974929 0.219342
0.051624 -0.994662 -0.089348
0.051624 -0.994662 -0.089348
-0.406473 -0.785209 0.467148
0.068076 -0.653700 0.753685
0.245975 -0.968008 0.049570
0.221395 -0.965476 0.137260
-0.334215 -0.919257 -0.208009
-0.334215 -0.919257 -0.208009
-0.403293 -0.910819 -0.088109
0.245975 -0.968008 0.049570
0.707348 -0.691750 0.145396
0.611502 -0.692061 0.383557
0.221395 -0.965476 0.137260
0.221395 -0.965476 0.137260
0.245975 -0.968008 0.049570
0.707348 -0.691750 0.145396
0.221395 -0.965476 0.137260
0.154128 -0.966655 0.204508
-0.238088 -0.915698 -0.323747
-0.238088 -0.915698 -0.323747
-0.334215 -0.919257 -0.208009
0.221395 -0.965476 0.137260
0.611502 -0.692061 0.383557
0.428268 -0.701704 0.569384
0.154128 -0.966655 0.204508
0.154128 -0.966655 0.204508
0.221395 -0.965476 0.137260
0.611502 -0.692061 0.383557
0.154128 -0.966655 0.204508
0.065916 -0.977006 0.202766
-0.125288 -0.906406 -0.403399
-0.125288 -0.906406 -0.403399
-0.238088 -0.915698 -0.323747
0.154128 -0.966655 0.204508
0.428268 -0.701704 0.569384
0.208455 -0.716577 0.665630
0.065916 -0.977006 0.202766
0.065916 -0.977006 0.202766
0.154128 -0.966655 0.204508
0.428268 -0.701704 0.569384
0.065916 -0.977006 0.202766
-0.001111 -0.975708 0.219073
-0.002181 -0.905188 -0.425006
-0.002181 -0.905188 -0.425006
-0.125288 -0.906406 -0.403399
0.065916 -0.977006 0.202766
0.208455 -0.716577 0.665630
-0.000726 -0.719231 0.694771
-0.001111 -0.975708 0.219073
-0.001111 -0.975708 0.219073
0.065916 -0.977006 0.202766
0.208455 -0.716577 0.665630
-0.403293 -0.910819 -0.088109
-0.240973 -0.937956 -0.249341
-0.055794 -0.993744 -0.096745
-0.055794 -0.993744 -0.096745
0.245975 -0.968008 0.049570
-0.403293 -0.910819 -0.088109
0.245975 -0.968008 0.049570
-0.055794 -0.993744 -0.096745
0.384002 -0.803706 0.454531
0.384002 -0.803706 0.454531
0.707348 -0.691750 0.145396
0.245975 -0.968008 0.049570
-0.034189 -0.978401 0.203870
-0.055794 -0.993744 -0.096745
-0.240973 -0.937956 -0.249341
-0.240973 -0.937956 -0.249341
0.013526 -0.874862 -0.484183
-0.034189 -0.978401 0.203870
-0.062965 -0.673871 0.736161
0.384002 -0.803706 0.454531
-0.055794 -0.993744 -0.096745
-0.055794 -0.993744 -0.096745
-0.034189 -0.978401 0.203870
-0.062965 -0.673871 0.736161
0.291273 -0.955117 0.053961
0.314596 -0.929504 0.192485
-0.276377 -0.946220 -0.168175
-0.276377 -0.946220 -0.168175
-0.376126 -0.924183 -0.066446
0.291273 -0.955117 0.053961
0.761700 -0.631929 0.143106
0.677939 -0.606485 0.415421
0.314596 -0.929504 0.192485
0.314596 -0.929504 0.192485
0.291273 -0.955117 0.053961
0.761700 -0.631929 0.143106
0.314596 -0.929504 0.192485
0.188562 -0.948701 0.253792
-0.197846 -0.936249 -0.290336
-0.197846 -0.936249 -0.290336
-0.276377 -0.946220 -0.168175
0.314596 -0.929504 0.192485
0.677939 -0.606485 0.415421
0.454031 -0.639982 0.619902
0.188562 -0.948701 0.253792
0.188562 -0.948701 0.253792
0.314596 -0.929504 0.192485
0.677939 -0.606485 0.415421
0.188562 -0.948701 0.253792
0.073134 -0.971546 0.225278
-0.115384 -0.914484 -0.387823
-0.115384 -0.914484 -0.387823
-0.197846 -0.936249 -0.290336
0.188562 -0.948701 0.253792
0.454031 -0.639982 0.619902
0.209269 -0.694792 0.688092
0.073134 -0.971546 0.225278
0.073134 -0.971546 0.225278
0.188562 -0.948701 0.253792
0.454031 -0.639982 0.619902
0.073134 -0.971546 0.225278
0.001111 -0.975708 0.219073
0.002181 -0.905188 -0.425006
0.002181 -0.905188 -0.425006
-0.115384 -0.914484 -0.387823
0.073134 -0.971546 0.225278
0.209269 -0.694792 0.688092
0.000726 -0.719231 0.694771
0.001111 -0.975708 0.219073
0.001111 -0.975708 0.219073
0.073134 -0.971546 0.225278
0.209269 -0.694792 0.688092
-0.376126 -0.924183 -0.066446
-0.238382 -0.939598 -0.245622
-0.051624 -0.994662 -0.089348
-0.051624 -0.994662 -0.089348
0.291273 -0.955117 0.053961
-0.376126 -0.924183 -0.066446
0.291273 -0.955117 0.053961
-0.051624 -0.994662 -0.089348
0.406472 -0.785209 0.467148
0.406472 -0.785209 0.467148
0.761700 -0.631929 0.143106
0.291273 -0.955117 0.053961
-0.037447 -0.974929 0.219342
-0.051624 -0.994662 -0.089348
-0.238382 -0.939598 -0.245622
-0.238382 -0.939598 -0.245622
0.014384 -0.876511 -0.481166
-0.037447 -0.974929 0.219342
-0.068076 -0.653700 0.753685
0.406472 -0.785209 0.467148
-0.051624 -0.994662 -0.089348
-0.051624 -0.994662 -0.089348
-0.037447 -0.974929 0.219342
-0.068076 -0.653700 0.753685
-0.245975 -0.968008 0.049570
0.403293 -0.910819 -0.088109
0.334215 -0.919257 -0.208009
0.334215 -0.919257 -0.208009
-0.221395 -0.965476 0.137260
-0.245975 -0.968008 0.049570
-0.707348 -0.691750 0.145396
-0.245975 -0.968008 0.049570
-0.221395 -0.965476 0.137260
-0.221395 -0.965476 0.137260
-0.611502 -0.692061 0.383557
-0.707348 -0.691750 0.145396
-0.221395 -0.965476 0.137260
0.334215 -0.919257 -0.208009
0.238088 -0.915698 -0.323747
0.238088 -0.915698 -0.323747
-0.154128 -0.966655 0.204508
-0.221395 -0.965476 0.137260
-0.611502 -0.692061 0.383557
-0.221395 -0.965476 0.137260
-0.154128 -0.966655 0.204508
-0.154128 -0.966655 0.204508
-0.428268 -0.701704 0.569384
-0.611502 -0.692061 0.383557
-0.154128 -0.966655 0.204508
0.238088 -0.915698 -0.323747
0.125288 -0.906406 -0.403399
0.125288 -0.906406 -0.403399
-0.065916 -0.977006 0.202766
-0.154128 -0.966655 0.204508
-0.428268 -0.701704 0.569384
-0.154128 -0.966655 0.204508
-0.065916 -0.977006 0.202766
-0.065916 -0.977006 0.202766
-0.208455 -0.716577 0.665630
-0.428268 -0.701704 0.569384
-0.065916 -0.977006 0.202766
0.125288 -0.906406 -0.403399
0.002181 -0.905188 -0.425006
0.002181 -0.905188 -0.425006
0.001111 -0.975708 0.219073
-0.065916 -0.977006 0.202766
-0.208455 -0.716577 0.665630
-0.065916 -0.977006 0.202766
0.001111 -0.975708 0.219073
0.001111 -0.975708 0.219073
0.000726 -0.719231 0.694771
-0.208455 -0.716577 0.665630
0.403293 -0.910819 -0.088109
-0.245975 -0.968008 0.049570
0.055794 -0.993744 -0.096745
0.055794 -0.993744 -0.096745
0.240973 -0.937956 -0.249341
0.403293 -0.910819 -0.088109
-0.245975 -0.968008 0.049570
-0.707348 -0.691750 0.145396
-0.384002 -0.803706 0.454531
-0.384002 -0.803706 0.454531
0.055794 -0.993744 -0.096745
-0.245975 -0.968008 0.049570
0.034189 -0.978401 0.203870
-0.013526 -0.874862 -0.484183
0.240973 -0.937956 -0.249341
0.240973 -0.937956 -0.249341
0.055794 -0.993744 -0.096745
0.034189 -0.978401 0.203870
0.062965 -0.673871 0.736161
0.034189 -0.978401 0.203870
0.055794 -0.993744 -0.096745
0.055794 -0.993744 -0.096745
-0.384002 -0.803706 0.454531
0.062965 -0.673871 0.736161
-0.291273 0.955117 0.053961
-0.314596 0.929504 0.192485
0.276377 0.946220 -0.168175
0.276377 0.946220 -0.168175
0.376126 0.924183 -0.066446
-0.291273 0.955117 0.053961
-0.761700 0.631929 0.143106
-0.677939 0.606485 0.415421
-0.314596 0.929504 0.192485
-0.314596 0.929504 0.192485
-0.291273 0.955117 0.053961
-0.761700 0.631929 0.143106
-0.314596 0.929504 0.192485
-0.188562 0.948701 0.253792
0.197846 0.936249 -0.290336
0.197846 0.936249 -0.290336
0.276377 0.946220 -0.168175
-0.314596 0.929504 0.192485
-0.677939 0.606485 0.415421
-0.454031 0.639982 0.619902
-0.188562 0.948701 0.253792
-0.188562 0.948701 0.253792
-0.314596 0.929504 0.192485
-0.677939 0.606485 0.415421
-0.188562 0.948701 0.253792
-0.073134 0.971546 0.225278
0.115384 0.914484 -0.387823
0.115384 0.914484 -0.387823
0.197846 0.936249 -0.290336
-0.188562 0.948701 0.253792
-0.454031 0.639982 0.619902
-0.209269 0.694792 0.688092
-0.073134 0.971546 0.225278
-0.073134 0.971546 0.225278
-0.188562 0.948701 0.253792
-0.454031 0.639982 0.619902
-0.073134 0.971546 0.225278
-0.001111 0.975708 0.219073
-0.002181 0.905188 -0.425006
-0.002181 0.905188 -0.425006
0.115384 0.914484 -0.387823
-0.073134 0.971546 0.225278
-0.209269 0.694792 0.688092
-0.000726 0.719231 0.694771
-0.001111 0.975708 0.219073
-0.001111 0.975708 0.219073
-0.073134 0.971546 0.225278
-0.209269 0.694792 0.688092
0.376126 0.924183 -0.066446
0.238382 0.939598 -0.245622
0.051624 0.994662 -0.089348
0.051624 0.994662 -0.089348
-0.291273 0.955117 0.053961
0.376126 0.924183 -0.066446
-0.291273 0.955117 0.053961
0.051624 0.994662 -0.089348
-0.406472 0.785209 0.467148
-0.406472 0.785209 0.467148
-0.761700 0.631929 0.143106
-0.291273 0.955117 0.053961
0.037447 0.974929 0.219342
0.051624 0.994662 -0.089348
0.238382 0.939598 -0.245622
0.238382 0.939598 -0.245622
-0.014384 0.876511 -0.481166
0.037447 0.974929 0.219342
0.068076 0.653700 0.753685
-0.406472 0.785209 0.467148
0.051624 0.994662 -0.089348
0.051624 0.994662 -0.089348
0.037447 0.974929 0.219342
0.068076 0.653700 0.753685
0.245975 0.968008 0.049570
-0.403293 0.910819 -0.088109
-0.334215 0.919257 -0.208009
-0.334215 0.919257 -0.208009
0.221395 0.965476 0.137260
0.245975 0.968008 0.049570
0.707348 0.691750 0.145396
0.245975 0.968008 0.049570
0.221395 0.965476 0.137260
0.221395 0.965476 0.137260
0.611502 0.692061 0.383557
0.707348 0.691750 0.145396
0.221395 0.965476 0.137260
-0.334215 0.919257 -0.208009
-0.238088 0.915698 -0.323747
-0.238088 0.915698 -0.323747
0.154128 0.966655 0.204508
0.221395 0.965476 0.137260
0.611502 0.692061 0.383557
0.221395 0.965476 0.137260
0.154128 0.966655 0.204508
0.154128 0.966655 0.204508
0.428268 0.701704 0.569384
0.611502 0.692061 0.383557
0.154128 0.966655 0.204508
-0.238088 0.915698 -0.323747
-0.125288 0.906406 -0.403399
-0.125288 0.906406 -0.403399
0.065916 0.977006 0.202766
0.154128 0.966655 0.204508
0.428268 0.701704 0.569384
0.154128 0.966655 0.204508
0.065916 0.977006 0.202766
0.065916 0.977006 0.202766
0.208455 0.716577 0.665630
0.428268 0.701704 0.569384
0.065916 0.977006 0.202766
-0.125288 0.906406 -0.403399
-0.002181 0.905188 -0.425006
-0.002181 0.905188 -0.425006
-0.001111 0.975708 0.219073
0.065916 0.977006 0.202766
0.208455 0.716577 0.665630
0.065916 0.977006 0.202766
-0.001111 0.975708 0.219073
-0.001111 0.975708 0.219073
-0.000726 0.719231 0.694771
0.208455 0.716577 0.665630
-0.403293 0.910819 -0.088109
0.245975 0.968008 0.049570
-0.055794 0.993744 -0.096745
-0.055794 0.993744 -0.096745
-0.240973 0.937956 -0.249341
-0.403293 0.910819 -0.088109
0.245975 0.968008 0.049570
0.707348 0.691750 0.145396
0.384002 0.803706 0.454531
0.384002 0.803706 0.454531
-0.055794 0.993744 -0.096745
0.245975 0.968008 0.049570
-0.034189 0.978401 0.203870
0.013526 0.874862 -0.484183
-0.240973 0.937956 -0.249341
-0.240973 0.937956 -0.249341
-0.055794 0.993744 -0.096745
-0.034189 0.978401 0.203870
-0.062965 0.673871 0.736161
-0.034189 0.978401 0.203870
-0.055794 0.993744 -0.096745
-0.055794 0.993744 -0.096745
0.384002 0.803706 0.454531
-0.062965 0.673871 0.736161
0.291273 0.955117 0.053961
-0.376126 0.924183 -0.066446
-0.276377 0.946220 -0.168175
-0.276377 0.946220 -0.168175
0.314596 0.929504 0.192485
0.291273 0.955117 0.053961
0.761700 0.631929 0.143106
0.291273 0.955117 0.053961
0.314596 0.929504 0.192485
0.314596 0.929504 0.192485
0.677939 0.606485 0.415421
0.761700 0.631929 0.143106
0.314596 0.929504 0.192485
-0.276377 0.946220 -0.168175
-0.197846 0.936249 -0.290336
-0.197846 0.936249 -0.290336
0.188562 0.948701 0.253792
0.314596 0.929504 0.192485
0.677939 0.606485 0.415421
0.314596 0.929504 0.192485
0.188562 0.948701 0.253792
0.188562 0.948701 0.253792
0.454031 0.639982 0.619902
0.677939 0.606485 0.415421
0.188562 0.948701 0.253792
-0.197846 0.936249 -0.290336
-0.115384 0.914484 -0.387823
-0.115384 0.914484 -0.387823
0.073134 0.971546 0.225278
0.188562 0.948701 0.253792
0.454031 0.639982 0.619902
0.188562 0.948701 0.253792
0.073134 0.971546 0.225278
0.073134 0.971546 0.225278
0.209269 0.694792 0.688092
0.454031 0.639982 0.619902
0.073134 0.971546 0.225278
-0.115384 0.914484 -0.387823
0.002181 0.905188 -0.425006
0.002181 0.905188 -0.425006
0.001111 0.975708 0.219073
0.073134 0.971546 0.225278
0.209269 0.694792 0.688092
0.073134 0.971546 0.225278
0.001111 0.975708 0.219073
0.001111 0.975708 0.219073
0.000726 0.719231 0.694771
0.209269 0.694792 0.688092
-0.376126 0.924183 -0.066446
0.291273 0.955117 0.053961
-0.051624 0.994662 -0.089348
-0.051624 0.994662 -0.089348
-0.238382 0.939598 -0.245622
-0.376126 0.924183 -0.066446
0.291273 0.955117 0.053961
0.761700 0.631929 0.143106
0.406473 0.785209 0.467148
0.406473 0.785209 0.467148
-0.051624 0.994662 -0.089348
0.291273 0.955117 0.053961
-0.037447 0.974929 0.219342
0.014384 0.876511 -0.481166
-0.238382 0.939598 -0.245622
-0.238382 0.939598 -0.245622
-0.051624 0.994662 -0.089348
-0.037447 0.974929 0.219342
-0.068076 0.653700 0.753685
-0.037447 0.974929 0.219342
-0.051624 0.994662 -0.089348
-0.051624 0.994662 -0.089348
0.406473 0.785209 0.467148
-0.068076 0.653700 0.753685
-0.245975 0.968008 0.049570
-0.221395 0.965476 0.137260
0.334215 0.919257 -0.208009
0.334215 0.919257 -0.208009
0.403293 0.910819 -0.088109
-0.245975 0.968008 0.049570
-0.707348 0.691750 0.145396
-0.611502 0.692061 0.383557
-0.221395 0.965476 0.137260
-0.221395 0.965476 0.137260
-0.245975 0.968008 0.049570
-0.707348 0.691750 0.145396
-0.221395 0.965476 0.137260
-0.154128 0.966655 0.204508
0.238088 0.915698 -0.323747
0.238088 0.915698 -0.323747
0.334215 0.919257 -0.208009
-0.221395 0.965476 0.137260
-0.611502 0.692061 0.383557
-0.428268 0.701704 0.569384
-0.154128 0.966655 0.204508
-0.154128 0.966655 0.204508
-0.221395 0.965476 0.137260
-0.611502 0.692061 0.383557
-0.154128 0.966655 0.204508
-0.065916 0.977006 0.202766
0.125288 0.906406 -0.403399
0.125288 0.906406 -0.403399
0.238088 0.915698 -0.323747
-0.154128 0.966655 0.204508
-0.428268 0.701704 0.569384
-0.208455 0.716577 0.665630
-0.065916 0.977006 0.202766
-0.065916 0.977006 0.202766
-0.154128 0.966655 0.204508
-0.428268 0.701704 0.569384
-0.065916 0.977006 0.202766
0.001111 0.975708 0.219073
0.002181 0.905188 -0.425006
0.002181 0.905188 -0.425006
0.125288 0.906406 -0.403399
-0.065916 0.977006 0.202766
-0.208455 0.716577 0.665630
0.000726 0.719231 0.694771
0.001111 0.975708 0.219073
0.001111 0.975708 0.219073
-0.065916 0.977006 0.202766
-0.208455 0.716577 0.665630
0.403293 0.910819 -0.088109
0.240973 0.937956 -0.249341
0.055794 0.993744 -0.096745
0.055794 0.993744 -0.096745
-0.245975 0.968008 0.049570
0.403293 0.910819 -0.088109
-0.245975 0.968008 0.049570
0.055794 0.993744 -0.096745
-0.384002 0.803706 0.454531
-0.384002 0.803706 0.454531
-0.707348 0.691750 0.145396
-0.245975 0.968008 0.049570
0.034189 0.978401 0.203870
0.055794 0.993744 -0.096745
0.240973 0.937956 -0.249341
0.240973 0.937956 -0.249341
-0.013526 0.874862 -0.484183
0.034189 0.978401 0.203870
0.062965 0.673871 0.736161
-0.384002 0.803706 0.454531
0.055794 0.993744 -0.096745
0.055794 0.993744 -0.096745
0.034189 0.978401 0.203870
0.062965 0.673871 0.736161
0.000000 0.000000 -1.000000
0.000000 0.000000 -1.000000
0.000000 0.000000 -1.000000
0.000000 0.000000 -1.000000
0.000000 0.000000 -1.000000
0.000000 0.000000 -1.000000
0.000000 0.000000 -1.000000
0.000000 0.000000 -1.000000
0.000000 0.000000 -1.000000
0.000000 0.000000 -1.000000
0.000000 0.000000 -1.000000
0.000000 0.000000 -1.000000
0.000000 0.000000 -1.000000
0.000000 0.000000 -1.000000
0.000000 0.000000 -1.000000
0.000000 0.000000 -1.000000
0.000000 0.000000 -1.000000
0.000000 0.000000 -1.000000
0.000000 0.000000 -1.000000
0.000000 0.000000 -1.000000
0.000000 0.000000 -1.000000
0.000000 0.000000 -1.000000
0.000000 0.000000 -1.000000
0.000000 0.000000 -1.000000
0.000000 0.000000 -1.000000
0.000000 0.000000 -1.000000
0.000000 0.000000 -1.000000
0.000000 0.000000 -1.000000
0.000000 0.000000 -1.000000
0.000000 0.000000 -1.000000
0.000000 0.000000 -1.000000
0.000000 0.000000 -1.000000
0.000000 0.000000 -1.000000
0.000000 0.000000 -1.000000
0.000000 0.000000 -1.000000
0.000000 0.000000 -1.000000
0.000000 0.000000 -1.000000
0.000000 0.000000 -1.000000
0.000000 0.000000 -1.000000
0.000000 0.000000 -1.000000
0.000000 0.000000 -1.000000
0.000000 0.000000 -1.000000
0.000000 0.000000 -1.000000
0.000000 0.000000 -1.000000
0.000000 0.000000 -1.000000
0.000000 0.000000 -1.000000
0.000000 0.000000 -1.000000
0.000000 0.000000 -1.000000
0.000000 0.000000 -1.000000
0.000000 0.000000 -1.000000
0.000000 0.000000 -1.000000
0.000000 0.000000 -1.000000
0.000000 0.000000 -1.000000
0.000000 0.000000 -1.000000
</float_array>
          <technique_common>
            <accessor source="#crate_carthage_plastic-lib-Normal0-array" count="1860" stride="3">
              <param name="X" type="float"/>
              <param name="Y" type="float"/>
              <param name="Z" type="float"/>
            </accessor>
          </technique_common>
        </source>
        <source id="crate_carthage_plastic-lib-UV0">
          <float_array id="crate_carthage_plastic-lib-UV0-array" count="1224">
0.624086 0.025853
0.632156 0.025853
0.632157 0.208363
0.624086 0.208363
0.617433 0.025854
0.617433 0.208363
0.610781 0.025854
0.610781 0.208363
0.602715 0.025855
0.602715 0.208364
0.972946 0.978263
0.847905 0.174735
0.960373 0.190424
0.694486 0.173607
0.887870 0.978295
0.692425 0.168523
0.692425 0.125941
0.694486 0.120856
0.698753 0.119722
0.762436 0.119721
0.983822 0.965726
0.980426 0.973735
0.970216 0.966119
0.971421 0.962269
0.968088 0.966949
0.892679 0.966950
0.890550 0.966123
0.889374 0.962265
0.889374 0.911467
0.890549 0.907612
0.892679 0.906789
0.968085 0.906791
0.980521 0.900181
0.970212 0.907619
0.983822 0.907989
0.971424 0.911460
0.035356 0.448359
0.344791 0.448359
0.344791 0.480530
0.035356 0.480530
0.598061 0.361150
0.598061 0.328981
0.592019 0.361151
0.592019 0.328981
0.585977 0.361151
0.585977 0.328981
0.578649 0.361151
0.032611 0.233438
0.055791 0.956407
0.056841 0.963326
0.065242 0.971231
0.072593 0.972219
0.059991 0.968267
0.036815 0.293525
0.043478 0.293525
0.054797 0.293525
0.061856 0.293525
0.049057 0.293525
0.598994 0.972211
0.621911 0.996738
0.563183 0.293526
0.841575 0.125935
0.841575 0.168516
0.843373 0.172955
0.843306 0.121665
0.847904 0.119721
0.672188 0.985410
0.854697 0.985409
0.960371 0.007915
0.672187 0.978756
0.854697 0.978755
0.672187 0.972103
0.854697 0.972102
0.672187 0.964036
0.854697 0.964035
0.971771 0.743144
0.915857 0.173608
0.917918 0.168524
0.917917 0.125943
0.915856 0.120857
0.911588 0.119723
0.888217 0.727119
0.889423 0.730968
0.891552 0.731799
0.966962 0.731798
0.969091 0.730971
0.970267 0.727113
0.970267 0.676315
0.969091 0.672460
0.966962 0.671637
0.891554 0.671640
0.889426 0.672469
0.888214 0.676310
0.039709 0.369940
0.039709 0.402110
0.045752 0.369940
0.045752 0.402110
0.051794 0.369940
0.051794 0.402110
0.059122 0.369940
0.059122 0.402110
0.055790 0.659717
0.056840 0.652799
0.072591 0.643905
0.065241 0.644894
0.059990 0.647858
0.039685 0.488018
0.581539 0.259516
0.563161 0.259516
0.570220 0.259516
0.575959 0.259516
0.060920 0.208365
0.060920 0.025855
0.039544 0.025857
0.039544 0.208366
0.031473 0.208366
0.031473 0.025857
0.046198 0.025857
0.046198 0.208366
0.052852 0.025856
0.052852 0.208366
0.649163 0.384536
0.761630 0.368857
0.888531 0.862580
0.973581 0.862561
0.915046 0.367722
0.917107 0.362635
0.917107 0.320050
0.915046 0.314963
0.910779 0.313828
0.847098 0.313829
0.877629 0.849975
0.890032 0.846544
0.891209 0.850400
0.881394 0.858735
0.893341 0.851225
0.968766 0.851212
0.970898 0.850380
0.972074 0.846520
0.972074 0.795721
0.970898 0.791865
0.968766 0.791040
0.893340 0.791053
0.891208 0.791885
0.881389 0.783554
0.890032 0.795745
0.877627 0.792316
0.344755 0.409978
0.344755 0.442149
0.035319 0.442151
0.035319 0.409981
0.039720 0.328986
0.039720 0.361155
0.045762 0.328986
0.045762 0.361155
0.051803 0.328986
0.051803 0.361155
0.059129 0.328985
0.614750 0.963318
0.615801 0.956399
0.606347 0.971223
0.611599 0.968259
0.581558 0.293526
0.588220 0.293526
0.570241 0.293526
0.575979 0.293526
0.563948 0.669693
0.767959 0.362637
0.767959 0.320053
0.765898 0.367723
0.765898 0.314964
0.761630 0.313828
0.672185 0.422243
0.854695 0.422243
0.672185 0.400872
0.649164 0.202021
0.854695 0.400872
0.672185 0.407526
0.854695 0.407525
0.672185 0.414178
0.854695 0.414177
0.693680 0.367721
0.888234 0.634140
0.691619 0.362634
0.691619 0.320049
0.693680 0.314962
0.697948 0.313828
0.970599 0.621962
0.971775 0.618105
0.968469 0.622789
0.893046 0.622788
0.890917 0.621959
0.889741 0.618099
0.889741 0.567300
0.890917 0.563442
0.893047 0.562615
0.968469 0.562616
0.970599 0.563446
0.971774 0.567305
0.598050 0.402110
0.598050 0.369940
0.592009 0.402110
0.592009 0.369940
0.585968 0.402110
0.585968 0.369940
0.578642 0.402110
0.578642 0.369940
0.615799 0.659709
0.614748 0.652791
0.606345 0.644886
0.598993 0.643897
0.611597 0.647850
0.321839 0.525163
0.043459 0.259519
0.054776 0.259519
0.049037 0.259519
0.649973 0.007913
0.649970 0.190423
0.029536 0.267059
0.030688 0.259035
0.034131 0.253306
0.039865 0.249868
0.047891 0.248723
0.762436 0.174736
0.886694 0.743113
0.029317 0.578753
0.854697 0.993480
0.880733 0.974454
0.698753 0.174740
0.876970 0.965695
0.876970 0.908038
0.880733 0.899280
0.887871 0.895443
0.972949 0.895482
0.768763 0.168517
0.766965 0.172955
0.767032 0.121665
0.768763 0.125935
0.014264 0.251766
0.605389 0.328981
0.014025 0.594027
0.032382 0.369940
0.032382 0.402110
0.031409 0.637645
0.605389 0.361150
0.031410 0.978481
0.032553 0.986474
0.015414 0.243744
0.035978 0.992182
0.018856 0.238016
0.041686 0.995606
0.024588 0.234580
0.049676 0.996746
0.578649 0.328981
0.036815 0.321502
0.322246 0.515994
0.043478 0.321502
0.054797 0.321502
0.061856 0.321503
0.049057 0.321502
0.322246 0.488016
0.090709 0.941944
0.091623 0.947966
0.098935 0.954860
0.105341 0.955722
0.094363 0.952273
0.563183 0.321503
0.059130 0.361155
0.563948 0.955722
0.875816 0.672838
0.875816 0.730576
0.879213 0.738584
0.879117 0.665031
0.886690 0.660331
0.030458 0.586775
0.672188 0.993481
0.033894 0.592504
0.039623 0.595942
0.047646 0.597088
0.911589 0.174740
0.978908 0.739302
0.982670 0.730543
0.982670 0.672886
0.978907 0.664128
0.971769 0.660292
0.015170 0.602052
0.032550 0.629653
0.018608 0.607784
0.035975 0.623945
0.024339 0.611222
0.041683 0.620520
0.032362 0.612369
0.049673 0.619379
0.039685 0.515997
0.588202 0.287493
0.581539 0.287493
0.563161 0.287493
0.570220 0.287493
0.575960 0.287493
0.090709 0.683472
0.588201 0.259516
0.091623 0.677449
0.105341 0.669693
0.098935 0.670556
0.094363 0.673143
0.591959 0.248770
0.609159 0.259081
0.610301 0.267103
0.959563 0.384537
0.959564 0.202022
0.605720 0.253353
0.599987 0.249915
0.610065 0.578796
0.854694 0.392802
0.973281 0.634141
0.847097 0.368857
0.910778 0.368857
0.980717 0.858711
0.984479 0.849949
0.984477 0.792290
0.980713 0.783530
0.973575 0.779685
0.888525 0.779704
0.840770 0.362637
0.842831 0.367724
0.842831 0.314965
0.840770 0.320053
0.032393 0.328986
0.625593 0.251828
0.032393 0.361155
0.640182 0.978473
0.640179 0.637636
0.605378 0.402110
0.625336 0.594091
0.605378 0.369940
0.624445 0.243802
0.639038 0.986466
0.621002 0.238069
0.635611 0.992175
0.615267 0.234630
0.629902 0.995598
0.607242 0.233486
0.581558 0.321504
0.588220 0.321504
0.039279 0.553142
0.570241 0.321503
0.575979 0.321504
0.577665 0.947964
0.039279 0.525163
0.578579 0.941943
0.570355 0.954859
0.574927 0.952271
0.061833 0.259519
0.984178 0.621534
0.984178 0.563876
0.980416 0.630295
0.980417 0.555115
0.973282 0.551265
0.591712 0.597128
0.672185 0.392802
0.608912 0.586818
0.605468 0.592547
0.599735 0.595983
0.881099 0.630291
0.697947 0.368856
0.877337 0.621529
0.877337 0.563871
0.881099 0.555111
0.888234 0.551264
0.639037 0.629644
0.624183 0.602112
0.635610 0.623935
0.620742 0.607838
0.629900 0.620511
0.615013 0.611271
0.621909 0.619370
0.606992 0.612413
0.321839 0.553142
0.036797 0.287496
0.043459 0.287496
0.054776 0.287496
0.061834 0.287497
0.049038 0.287496
0.578578 0.683473
0.036797 0.259519
0.577664 0.677452
0.570355 0.670556
0.574926 0.673145
0.967609 0.964351
0.968735 0.960754
0.965620 0.965128
0.895144 0.965128
0.893154 0.964356
0.892056 0.960750
0.892056 0.913275
0.893154 0.909672
0.895144 0.908903
0.965617 0.908905
0.967605 0.909679
0.968738 0.913269
0.890974 0.726038
0.892101 0.729636
0.894091 0.730412
0.964568 0.730411
0.966558 0.729639
0.967656 0.726034
0.967656 0.678559
0.966557 0.674955
0.964567 0.674187
0.894093 0.674190
0.892105 0.674964
0.890972 0.678554
0.892671 0.844540
0.893770 0.848144
0.895763 0.848915
0.966254 0.848903
0.968246 0.848125
0.969346 0.844517
0.969345 0.797041
0.968246 0.793438
0.966253 0.792667
0.895762 0.792679
0.893770 0.793456
0.892670 0.797064
0.967967 0.620040
0.969065 0.616435
0.965976 0.620813
0.895488 0.620812
0.893497 0.620036
0.892399 0.616430
0.892399 0.568954
0.893497 0.565348
0.895488 0.564575
0.965976 0.564576
0.967966 0.565352
0.969065 0.568959
0.410932 0.431672
0.413474 0.429598
0.425818 0.443027
0.423474 0.446358
0.408417 0.433880
0.421825 0.448712
0.441276 0.453633
0.439867 0.457233
0.438511 0.460403
0.458396 0.460098
0.457906 0.463474
0.457431 0.467431
0.471722 0.461982
0.471673 0.465240
0.471777 0.469217
0.405501 0.422652
0.408125 0.418138
0.403712 0.426517
0.397112 0.423074
0.396745 0.420200
0.397219 0.425997
0.532218 0.431483
0.519588 0.445921
0.517656 0.443147
0.529458 0.429313
0.534669 0.433401
0.521519 0.448659
0.503504 0.457034
0.502382 0.454031
0.505048 0.460235
0.485559 0.463410
0.485141 0.460457
0.486376 0.467516
0.535352 0.417952
0.537791 0.422343
0.539619 0.426546
0.546149 0.423499
0.546666 0.420613
0.545730 0.426729
0.410932 0.431672
0.413474 0.429598
0.425818 0.443027
0.423474 0.446358
0.408417 0.433880
0.421825 0.448712
0.441276 0.453633
0.439867 0.457233
0.438511 0.460403
0.458396 0.460098
0.457906 0.463474
0.457431 0.467431
0.471722 0.461982
0.471673 0.465240
0.471777 0.469217
0.405501 0.422652
0.408125 0.418138
0.403712 0.426517
0.397112 0.423074
0.396745 0.420200
0.397219 0.425997
0.532218 0.431483
0.519588 0.445921
0.517656 0.443147
0.529458 0.429313
0.534669 0.433401
0.521519 0.448659
0.503504 0.457034
0.502382 0.454031
0.505048 0.460235
0.485559 0.463410
0.485141 0.460457
0.486376 0.467516
0.535352 0.417952
0.537791 0.422343
0.539619 0.426546
0.546149 0.423499
0.546666 0.420613
0.545730 0.426729
0.410932 0.431672
0.413474 0.429598
0.425818 0.443027
0.423474 0.446358
0.408417 0.433880
0.421825 0.448712
0.441276 0.453633
0.439867 0.457233
0.438511 0.460403
0.458396 0.460098
0.457906 0.463474
0.457431 0.467431
0.471722 0.461982
0.471673 0.465240
0.471777 0.469217
0.405501 0.422652
0.408125 0.418138
0.403712 0.426517
0.397112 0.423074
0.396745 0.420200
0.397219 0.425997
0.532218 0.431483
0.519588 0.445921
0.517656 0.443147
0.529458 0.429313
0.534669 0.433401
0.521519 0.448659
0.503504 0.457034
0.502382 0.454031
0.505048 0.460235
0.485559 0.463410
0.485141 0.460457
0.486376 0.467516
0.535352 0.417952
0.537791 0.422343
0.539619 0.426546
0.546149 0.423499
0.546666 0.420613
0.545730 0.426729
0.410932 0.431672
0.423474 0.446358
0.425818 0.443027
0.413474 0.429598
0.408417 0.433880
0.421825 0.448712
0.439867 0.457233
0.441276 0.453633
0.438511 0.460403
0.457906 0.463474
0.458396 0.460098
0.457431 0.467431
0.471673 0.465240
0.471722 0.461982
0.471777 0.469217
0.408125 0.418138
0.405501 0.422652
0.403712 0.426517
0.397112 0.423074
0.396745 0.420200
0.397219 0.425997
0.532218 0.431483
0.529458 0.429313
0.517656 0.443147
0.519588 0.445921
0.534669 0.433401
0.521519 0.448659
0.502382 0.454031
0.503504 0.457034
0.505048 0.460235
0.485141 0.460457
0.485559 0.463410
0.486376 0.467516
0.537791 0.422343
0.535352 0.417952
0.539619 0.426546
0.546149 0.423499
0.546666 0.420613
0.545730 0.426729
0.105341 0.955722
0.098935 0.954860
0.091623 0.947966
0.090709 0.941944
0.094363 0.952273
0.105341 0.669693
0.090709 0.683472
0.091623 0.677449
0.098935 0.670556
0.094363 0.673143
0.563948 0.955722
0.578579 0.941943
0.577665 0.947964
0.570355 0.954859
0.563948 0.669693
0.574927 0.952271
0.570355 0.670556
0.577664 0.677452
0.578578 0.683473
0.574926 0.673145
</float_array>
          <technique_common>
            <accessor source="#crate_carthage_plastic-lib-UV0-array" count="612" stride="2">
              <param name="S" type="float"/>
              <param name="T" type="float"/>
            </accessor>
          </technique_common>
        </source>
        <vertices id="crate_carthage_plastic-lib-Vertex">
          <input semantic="POSITION" source="#crate_carthage_plastic-lib-Position"/>
        </vertices>
        <polygons material="crate_carthage_plastic" count="620">
          <input semantic="VERTEX" offset="0" source="#crate_carthage_plastic-lib-Vertex"/>
          <input semantic="NORMAL" offset="1" source="#crate_carthage_plastic-lib-Normal0"/>
          <input semantic="TEXCOORD" offset="2" set="0" source="#crate_carthage_plastic-lib-UV0"/>
          <p>354 0 0 355 1 1 8 2 2</p>
          <p>8 3 2 3 4 3 354 5 0</p>
          <p>354 6 0 3 7 3 2 8 5</p>
          <p>2 9 5 356 10 4 354 11 0</p>
          <p>356 12 4 2 13 5 1 14 7</p>
          <p>1 15 7 353 16 6 356 17 4</p>
          <p>353 18 6 1 19 7 0 20 9</p>
          <p>0 21 9 352 22 8 353 23 6</p>
          <p>10 24 223 54 25 11 50 26 12</p>
          <p>50 27 12 8 28 217 10 29 223</p>
          <p>8 30 217 7 31 13 11 32 228</p>
          <p>7 33 13 8 34 217 12 35 15</p>
          <p>355 36 216 13 37 16 12 38 15</p>
          <p>12 39 15 8 40 217 355 41 216</p>
          <p>355 42 216 4 43 17 13 44 16</p>
          <p>4 45 17 355 46 216 14 47 18</p>
          <p>355 48 216 15 49 19 14 50 18</p>
          <p>9 51 20 5 52 21 18 53 22</p>
          <p>18 54 22 17 55 23 9 56 20</p>
          <p>5 57 21 10 58 10 19 59 24</p>
          <p>19 60 24 18 61 22 5 62 21</p>
          <p>10 63 10 11 64 14 20 65 25</p>
          <p>20 66 25 19 67 24 10 68 10</p>
          <p>11 69 14 7 70 227 21 71 26</p>
          <p>21 72 26 20 73 25 11 74 14</p>
          <p>7 75 227 12 76 229 22 77 27</p>
          <p>22 78 27 21 79 26 7 80 227</p>
          <p>12 81 229 13 82 230 23 83 28</p>
          <p>23 84 28 22 85 27 12 86 229</p>
          <p>13 87 230 4 88 231 24 89 29</p>
          <p>24 90 29 23 91 28 13 92 230</p>
          <p>4 93 231 14 94 232 25 95 30</p>
          <p>25 96 30 24 97 29 4 98 231</p>
          <p>14 99 232 15 100 233 26 101 31</p>
          <p>26 102 31 25 103 30 14 104 232</p>
          <p>15 105 233 6 106 32 27 107 33</p>
          <p>27 108 33 26 109 31 15 110 233</p>
          <p>6 111 32 16 112 34 28 113 35</p>
          <p>28 114 35 27 115 33 6 116 32</p>
          <p>16 117 34 9 118 20 17 119 23</p>
          <p>17 120 23 28 121 35 16 122 34</p>
          <p>28 123 399 17 124 389 18 125 388</p>
          <p>18 126 388 27 127 398 28 128 399</p>
          <p>27 129 398 18 130 388 19 131 390</p>
          <p>19 132 390 26 133 397 27 134 398</p>
          <p>26 135 397 19 136 390 20 137 391</p>
          <p>20 138 391 25 139 396 26 140 397</p>
          <p>25 141 396 20 142 391 21 143 392</p>
          <p>21 144 392 24 145 395 25 146 396</p>
          <p>24 147 395 21 148 392 22 149 393</p>
          <p>22 150 393 23 151 394 24 152 395</p>
          <p>78 153 37 79 154 38 30 155 39</p>
          <p>30 156 39 29 157 36 78 158 37</p>
          <p>33 159 41 29 160 239 30 161 244</p>
          <p>30 162 244 38 163 40 33 164 41</p>
          <p>34 165 43 33 166 41 38 167 40</p>
          <p>38 168 40 37 169 42 34 170 43</p>
          <p>35 171 45 34 172 43 37 173 42</p>
          <p>37 174 42 36 175 44 35 176 45</p>
          <p>31 177 253 35 178 45 36 179 44</p>
          <p>36 180 44 32 181 46 31 182 253</p>
          <p>38 183 246 30 184 245 39 185 48</p>
          <p>39 186 48 43 187 49 38 188 246</p>
          <p>32 189 252 36 190 250 41 191 50</p>
          <p>41 192 50 40 193 51 32 194 252</p>
          <p>36 195 250 37 196 248 42 197 52</p>
          <p>42 198 52 41 199 50 36 200 250</p>
          <p>37 201 248 38 202 246 43 203 49</p>
          <p>43 204 49 42 205 52 37 206 248</p>
          <p>43 207 256 39 208 254 44 209 53</p>
          <p>44 210 53 48 211 54 43 212 256</p>
          <p>40 213 258 41 214 257 46 215 55</p>
          <p>46 216 55 45 217 56 40 218 258</p>
          <p>41 219 257 42 220 259 47 221 57</p>
          <p>47 222 57 46 223 55 41 224 257</p>
          <p>42 225 259 43 226 256 48 227 54</p>
          <p>48 228 54 47 229 57 42 230 259</p>
          <p>45 231 264 46 232 263 48 233 262</p>
          <p>48 234 262 44 235 261 45 236 264</p>
          <p>32 237 252 40 238 51 140 239 58</p>
          <p>140 240 58 135 241 59 32 242 252</p>
          <p>45 243 56 145 244 60 140 245 266</p>
          <p>140 246 266 40 247 258 45 248 56</p>
          <p>31 249 47 0 250 222 1 251 221</p>
          <p>1 252 221 35 253 251 31 254 47</p>
          <p>35 255 251 1 256 221 2 257 220</p>
          <p>2 258 220 34 259 249 35 260 251</p>
          <p>33 261 247 34 262 249 2 263 220</p>
          <p>2 264 220 3 265 219 33 266 247</p>
          <p>29 267 238 33 268 247 3 269 219</p>
          <p>3 270 219 8 271 218 29 272 238</p>
          <p>8 273 218 50 274 225 78 275 240</p>
          <p>78 276 240 29 277 238 8 278 218</p>
          <p>46 279 263 47 280 265 48 281 262</p>
          <p>16 282 237 76 283 61 62 284 62</p>
          <p>62 285 62 9 286 234 16 287 237</p>
          <p>8 288 217 11 289 228 10 290 223</p>
          <p>5 291 235 63 292 63 54 293 11</p>
          <p>54 294 11 10 295 223 5 296 235</p>
          <p>16 297 237 6 298 236 74 299 64</p>
          <p>74 300 64 76 301 61 16 302 237</p>
          <p>74 303 64 6 304 236 15 305 19</p>
          <p>15 306 19 61 307 65 74 308 64</p>
          <p>359 309 66 51 310 67 50 311 226</p>
          <p>50 312 226 358 313 275 359 314 66</p>
          <p>359 315 66 361 316 69 52 317 70</p>
          <p>52 318 70 51 319 67 359 320 66</p>
          <p>361 321 69 360 322 71 53 323 72</p>
          <p>53 324 72 52 325 70 361 326 69</p>
          <p>360 327 71 357 328 73 49 329 74</p>
          <p>49 330 74 53 331 72 360 332 71</p>
          <p>50 333 12 56 334 279 55 335 76</p>
          <p>55 336 76 57 337 77 50 338 12</p>
          <p>358 339 68 50 340 12 57 341 77</p>
          <p>57 342 77 58 343 78 358 344 68</p>
          <p>358 345 68 58 346 78 59 347 79</p>
          <p>59 348 79 60 349 80 358 350 68</p>
          <p>358 351 68 60 352 80 61 353 65</p>
          <p>62 354 270 65 355 81 64 356 82</p>
          <p>64 357 82 63 358 271 62 359 270</p>
          <p>63 360 271 64 361 82 66 362 83</p>
          <p>66 363 83 54 364 224 63 365 271</p>
          <p>54 366 224 66 367 83 67 368 84</p>
          <p>67 369 84 56 370 75 54 371 224</p>
          <p>56 372 75 67 373 84 68 374 85</p>
          <p>68 375 85 55 376 280 56 377 75</p>
          <p>55 378 280 68 379 85 69 380 86</p>
          <p>69 381 86 57 382 281 55 383 280</p>
          <p>57 384 281 69 385 86 70 386 87</p>
          <p>70 387 87 58 388 282 57 389 281</p>
          <p>58 390 282 70 391 87 71 392 88</p>
          <p>71 393 88 59 394 283 58 395 282</p>
          <p>59 396 283 71 397 88 72 398 89</p>
          <p>72 399 89 60 400 284 59 401 283</p>
          <p>60 402 284 72 403 89 73 404 90</p>
          <p>73 405 90 61 406 273 60 407 284</p>
          <p>61 408 273 73 409 90 75 410 91</p>
          <p>75 411 91 74 412 272 61 413 273</p>
          <p>74 414 272 75 415 91 77 416 92</p>
          <p>77 417 92 76 418 269 74 419 272</p>
          <p>76 420 269 77 421 92 65 422 81</p>
          <p>65 423 81 62 424 270 76 425 269</p>
          <p>77 426 411 75 427 410 64 428 401</p>
          <p>64 429 401 65 430 400 77 431 411</p>
          <p>75 432 410 73 433 409 66 434 402</p>
          <p>66 435 402 64 436 401 75 437 410</p>
          <p>73 438 409 72 439 408 67 440 403</p>
          <p>67 441 403 66 442 402 73 443 409</p>
          <p>72 444 408 71 445 407 68 446 404</p>
          <p>68 447 404 67 448 403 72 449 408</p>
          <p>71 450 407 70 451 406 69 452 405</p>
          <p>69 453 405 68 454 404 71 455 407</p>
          <p>81 456 93 80 457 94 79 458 242</p>
          <p>79 459 242 78 460 241 81 461 93</p>
          <p>83 462 95 82 463 96 80 464 94</p>
          <p>80 465 94 81 466 93 83 467 95</p>
          <p>85 468 97 84 469 98 82 470 96</p>
          <p>82 471 96 83 472 95 85 473 97</p>
          <p>87 474 99 86 475 100 84 476 98</p>
          <p>84 477 98 85 478 97 87 479 99</p>
          <p>79 480 243 88 481 101 39 482 48</p>
          <p>39 483 48 30 484 245 79 485 243</p>
          <p>80 486 286 89 487 102 88 488 101</p>
          <p>88 489 101 79 490 243 80 491 286</p>
          <p>86 492 292 91 493 103 90 494 104</p>
          <p>90 495 104 84 496 290 86 497 292</p>
          <p>84 498 290 90 499 104 92 500 105</p>
          <p>92 501 105 82 502 288 84 503 290</p>
          <p>82 504 288 92 505 105 89 506 102</p>
          <p>89 507 102 80 508 286 82 509 288</p>
          <p>93 510 106 44 511 260 39 512 255</p>
          <p>39 513 255 88 514 293 93 515 106</p>
          <p>89 516 295 94 517 107 93 518 300</p>
          <p>93 519 300 88 520 294 89 521 295</p>
          <p>91 522 296 96 523 108 95 524 109</p>
          <p>95 525 109 90 526 297 91 527 296</p>
          <p>90 528 297 95 529 109 97 530 110</p>
          <p>97 531 110 92 532 298 90 533 297</p>
          <p>92 534 298 97 535 110 94 536 107</p>
          <p>94 537 107 89 538 295 92 539 298</p>
          <p>96 540 302 93 541 299 94 542 301</p>
          <p>94 543 301 95 544 303 96 545 302</p>
          <p>87 546 291 85 547 289 53 548 277</p>
          <p>53 549 277 49 550 278 87 551 291</p>
          <p>85 552 289 83 553 287 52 554 276</p>
          <p>52 555 276 53 556 277 85 557 289</p>
          <p>81 558 285 51 559 274 52 560 276</p>
          <p>52 561 276 83 562 287 81 563 285</p>
          <p>78 564 240 50 565 225 51 566 274</p>
          <p>51 567 274 81 568 285 78 569 240</p>
          <p>95 570 303 94 571 301 97 572 304</p>
          <p>5 573 235 9 574 234 62 575 62</p>
          <p>62 576 62 63 577 63 5 578 235</p>
          <p>50 579 12 54 580 11 56 581 279</p>
          <p>15 582 19 355 583 216 358 584 68</p>
          <p>358 585 68 61 586 65 15 587 19</p>
          <p>45 588 264 44 589 261 93 590 299</p>
          <p>93 591 299 96 592 302 45 593 264</p>
          <p>352 594 8 0 595 9 98 596 111</p>
          <p>98 597 111 362 598 112 352 599 8</p>
          <p>364 600 113 100 601 114 99 602 115</p>
          <p>99 603 115 363 604 116 364 605 113</p>
          <p>364 606 113 367 607 117 101 608 118</p>
          <p>101 609 118 100 610 114 364 611 113</p>
          <p>367 612 117 365 613 119 102 614 120</p>
          <p>102 615 120 101 616 118 367 617 117</p>
          <p>365 618 119 362 619 112 98 620 111</p>
          <p>98 621 111 102 622 120 365 623 119</p>
          <p>149 624 121 152 625 122 103 626 315</p>
          <p>103 627 315 99 628 308 149 629 121</p>
          <p>99 630 308 105 631 316 104 632 125</p>
          <p>104 633 125 106 634 126 99 635 308</p>
          <p>363 636 309 99 637 308 106 638 126</p>
          <p>106 639 126 107 640 127 363 641 309</p>
          <p>363 642 309 107 643 127 108 644 128</p>
          <p>108 645 128 109 646 129 363 647 309</p>
          <p>363 648 309 109 649 129 110 650 130</p>
          <p>111 651 131 114 652 132 113 653 133</p>
          <p>113 654 133 112 655 134 111 656 131</p>
          <p>112 657 134 113 658 133 115 659 135</p>
          <p>115 660 135 103 661 123 112 662 134</p>
          <p>103 663 123 115 664 135 116 665 136</p>
          <p>116 666 136 105 667 124 103 668 123</p>
          <p>105 669 124 116 670 136 117 671 137</p>
          <p>117 672 137 104 673 317 105 674 124</p>
          <p>104 675 317 117 676 137 118 677 138</p>
          <p>118 678 138 106 679 318 104 680 317</p>
          <p>106 681 318 118 682 138 119 683 139</p>
          <p>119 684 139 107 685 319 106 686 318</p>
          <p>107 687 319 119 688 139 120 689 140</p>
          <p>120 690 140 108 691 320 107 692 319</p>
          <p>108 693 320 120 694 140 121 695 141</p>
          <p>121 696 141 109 697 321 108 698 320</p>
          <p>109 699 321 121 700 141 122 701 142</p>
          <p>122 702 142 110 703 322 109 704 321</p>
          <p>110 705 322 122 706 142 124 707 143</p>
          <p>124 708 143 123 709 144 110 710 322</p>
          <p>123 711 144 124 712 143 126 713 145</p>
          <p>126 714 145 125 715 146 123 716 144</p>
          <p>125 717 146 126 718 145 114 719 132</p>
          <p>114 720 132 111 721 131 125 722 146</p>
          <p>126 723 423 124 724 422 113 725 413</p>
          <p>113 726 413 114 727 412 126 728 423</p>
          <p>124 729 422 122 730 421 115 731 414</p>
          <p>115 732 414 113 733 413 124 734 422</p>
          <p>122 735 421 121 736 420 116 737 415</p>
          <p>116 738 415 115 739 414 122 740 421</p>
          <p>121 741 420 120 742 419 117 743 416</p>
          <p>117 744 416 116 745 415 121 746 420</p>
          <p>120 747 419 119 748 418 118 749 417</p>
          <p>118 750 417 117 751 416 120 752 419</p>
          <p>128 753 148 177 754 149 176 755 150</p>
          <p>176 756 150 127 757 147 128 758 148</p>
          <p>130 759 151 129 760 152 128 761 329</p>
          <p>128 762 329 127 763 327 130 764 151</p>
          <p>132 765 153 131 766 154 129 767 152</p>
          <p>129 768 152 130 769 151 132 770 153</p>
          <p>134 771 155 133 772 156 131 773 154</p>
          <p>131 774 154 132 775 153 134 776 155</p>
          <p>136 777 157 135 778 267 133 779 156</p>
          <p>133 780 156 134 781 155 136 782 157</p>
          <p>129 783 336 138 784 158 137 785 159</p>
          <p>137 786 159 128 787 330 129 788 336</p>
          <p>135 789 59 140 790 58 139 791 160</p>
          <p>139 792 160 133 793 340 135 794 59</p>
          <p>133 795 340 139 796 160 141 797 161</p>
          <p>141 798 161 131 799 338 133 800 340</p>
          <p>131 801 338 141 802 161 138 803 158</p>
          <p>138 804 158 129 805 336 131 806 338</p>
          <p>138 807 342 143 808 162 142 809 163</p>
          <p>142 810 163 137 811 343 138 812 342</p>
          <p>140 813 266 145 814 60 144 815 164</p>
          <p>144 816 164 139 817 345 140 818 266</p>
          <p>139 819 345 144 820 164 146 821 165</p>
          <p>146 822 165 141 823 346 139 824 345</p>
          <p>141 825 346 146 826 165 143 827 162</p>
          <p>143 828 162 138 829 342 141 830 346</p>
          <p>145 831 268 142 832 349 143 833 347</p>
          <p>143 834 347 144 835 350 145 836 268</p>
          <p>32 837 46 135 838 267 136 839 157</p>
          <p>136 840 157 31 841 253 32 842 46</p>
          <p>98 843 305 0 844 222 31 845 47</p>
          <p>31 846 47 136 847 341 98 848 305</p>
          <p>136 849 341 134 850 339 102 851 311</p>
          <p>102 852 311 98 853 305 136 854 341</p>
          <p>134 855 339 132 856 337 101 857 310</p>
          <p>101 858 310 102 859 311 134 860 339</p>
          <p>130 861 335 100 862 306 101 863 310</p>
          <p>101 864 310 132 865 337 130 866 335</p>
          <p>127 867 328 99 868 307 100 869 306</p>
          <p>100 870 306 130 871 335 127 872 328</p>
          <p>176 873 333 149 874 312 99 875 307</p>
          <p>99 876 307 127 877 328 176 878 333</p>
          <p>45 879 264 96 880 302 193 881 166</p>
          <p>193 882 166 145 883 268 45 884 264</p>
          <p>144 885 350 143 886 347 146 887 351</p>
          <p>160 888 167 175 889 168 125 890 326</p>
          <p>125 891 326 111 892 323 160 893 167</p>
          <p>99 894 308 103 895 315 105 896 316</p>
          <p>152 897 122 163 898 169 112 899 324</p>
          <p>112 900 324 103 901 315 152 902 122</p>
          <p>125 903 326 175 904 168 173 905 170</p>
          <p>173 906 170 123 907 325 125 908 326</p>
          <p>110 909 130 123 910 325 173 911 170</p>
          <p>173 912 170 159 913 171 110 914 130</p>
          <p>366 915 172 147 916 173 49 917 74</p>
          <p>49 918 74 357 919 73 366 920 172</p>
          <p>369 921 174 370 922 359 149 923 313</p>
          <p>149 924 313 148 925 176 369 926 174</p>
          <p>369 927 174 148 928 176 150 929 178</p>
          <p>150 930 178 371 931 177 369 932 174</p>
          <p>371 933 177 150 934 178 151 935 180</p>
          <p>151 936 180 368 937 179 371 938 177</p>
          <p>368 939 179 151 940 180 147 941 173</p>
          <p>147 942 173 366 943 172 368 944 179</p>
          <p>149 945 121 154 946 181 153 947 364</p>
          <p>154 948 181 149 949 121 155 950 183</p>
          <p>370 951 175 156 952 184 155 953 183</p>
          <p>155 954 183 149 955 121 370 956 175</p>
          <p>370 957 175 157 958 185 156 959 184</p>
          <p>157 960 185 370 961 175 158 962 186</p>
          <p>370 963 175 159 964 171 158 965 186</p>
          <p>160 966 353 163 967 355 162 968 187</p>
          <p>162 969 187 161 970 188 160 971 353</p>
          <p>163 972 355 152 973 314 164 974 189</p>
          <p>164 975 189 162 976 187 163 977 355</p>
          <p>152 978 314 153 979 182 165 980 190</p>
          <p>165 981 190 164 982 189 152 983 314</p>
          <p>153 984 182 154 985 363 166 986 191</p>
          <p>166 987 191 165 988 190 153 989 182</p>
          <p>154 990 363 155 991 365 167 992 192</p>
          <p>167 993 192 166 994 191 154 995 363</p>
          <p>155 996 365 156 997 366 168 998 193</p>
          <p>168 999 193 167 1000 192 155 1001 365</p>
          <p>156 1002 366 157 1003 367 169 1004 194</p>
          <p>169 1005 194 168 1006 193 156 1007 366</p>
          <p>157 1008 367 158 1009 368 170 1010 195</p>
          <p>170 1011 195 169 1012 194 157 1013 367</p>
          <p>158 1014 368 159 1015 357 171 1016 196</p>
          <p>171 1017 196 170 1018 195 158 1019 368</p>
          <p>159 1020 357 173 1021 356 172 1022 197</p>
          <p>172 1023 197 171 1024 196 159 1025 357</p>
          <p>173 1026 356 175 1027 354 174 1028 198</p>
          <p>174 1029 198 172 1030 197 173 1031 356</p>
          <p>175 1032 354 160 1033 353 161 1034 188</p>
          <p>161 1035 188 174 1036 198 175 1037 354</p>
          <p>174 1038 435 161 1039 425 162 1040 424</p>
          <p>162 1041 424 172 1042 434 174 1043 435</p>
          <p>172 1044 434 162 1045 424 164 1046 426</p>
          <p>164 1047 426 171 1048 433 172 1049 434</p>
          <p>171 1050 433 164 1051 426 165 1052 427</p>
          <p>165 1053 427 170 1054 432 171 1055 433</p>
          <p>170 1056 432 165 1057 427 166 1058 428</p>
          <p>166 1059 428 169 1060 431 170 1061 432</p>
          <p>169 1062 431 166 1063 428 167 1064 429</p>
          <p>167 1065 429 168 1066 430 169 1067 431</p>
          <p>178 1068 200 176 1069 334 177 1070 332</p>
          <p>177 1071 332 179 1072 199 178 1073 200</p>
          <p>180 1074 202 178 1075 200 179 1076 199</p>
          <p>179 1077 199 181 1078 201 180 1079 202</p>
          <p>182 1080 204 180 1081 202 181 1082 201</p>
          <p>181 1083 201 183 1084 203 182 1085 204</p>
          <p>184 1086 206 182 1087 204 183 1088 203</p>
          <p>183 1089 203 185 1090 205 184 1091 206</p>
          <p>177 1092 331 128 1093 330 137 1094 159</p>
          <p>137 1095 159 186 1096 207 177 1097 331</p>
          <p>179 1098 369 177 1099 331 186 1100 207</p>
          <p>186 1101 207 187 1102 208 179 1103 369</p>
          <p>185 1104 375 183 1105 373 189 1106 209</p>
          <p>189 1107 209 188 1108 210 185 1109 375</p>
          <p>183 1110 373 181 1111 371 190 1112 211</p>
          <p>190 1113 211 189 1114 209 183 1115 373</p>
          <p>181 1116 371 179 1117 369 187 1118 208</p>
          <p>187 1119 208 190 1120 211 181 1121 371</p>
          <p>137 1122 344 142 1123 348 191 1124 212</p>
          <p>191 1125 212 186 1126 377 137 1127 344</p>
          <p>187 1128 379 186 1129 378 191 1130 384</p>
          <p>191 1131 384 192 1132 213 187 1133 379</p>
          <p>188 1134 381 189 1135 380 194 1136 214</p>
          <p>194 1137 214 193 1138 352 188 1139 381</p>
          <p>189 1140 380 190 1141 382 195 1142 215</p>
          <p>195 1143 215 194 1144 214 189 1145 380</p>
          <p>190 1146 382 187 1147 379 192 1148 213</p>
          <p>192 1149 213 195 1150 215 190 1151 382</p>
          <p>193 1152 166 194 1153 386 192 1154 385</p>
          <p>192 1155 385 191 1156 383 193 1157 166</p>
          <p>184 1158 206 185 1159 205 86 1160 100</p>
          <p>86 1161 100 87 1162 99 184 1163 206</p>
          <p>188 1164 210 91 1165 103 86 1166 292</p>
          <p>86 1167 292 185 1168 375 188 1169 210</p>
          <p>193 1170 352 96 1171 108 91 1172 296</p>
          <p>91 1173 296 188 1174 381 193 1175 352</p>
          <p>87 1176 291 49 1177 278 147 1178 358</p>
          <p>147 1179 358 184 1180 376 87 1181 291</p>
          <p>184 1182 376 147 1183 358 151 1184 362</p>
          <p>151 1185 362 182 1186 374 184 1187 376</p>
          <p>182 1188 374 151 1189 362 150 1190 361</p>
          <p>150 1191 361 180 1192 372 182 1193 374</p>
          <p>178 1194 370 180 1195 372 150 1196 361</p>
          <p>150 1197 361 148 1198 360 178 1199 370</p>
          <p>176 1200 333 178 1201 370 148 1202 360</p>
          <p>148 1203 360 149 1204 312 176 1205 333</p>
          <p>194 1206 386 195 1207 387 192 1208 385</p>
          <p>160 1209 167 111 1210 323 112 1211 324</p>
          <p>112 1212 324 163 1213 169 160 1214 167</p>
          <p>149 1215 121 153 1216 364 152 1217 122</p>
          <p>159 1218 171 370 1219 175 363 1220 309</p>
          <p>363 1221 309 110 1222 130 159 1223 171</p>
          <p>191 1224 383 142 1225 349 145 1226 268</p>
          <p>145 1227 268 193 1228 166 191 1229 383</p>
          <p>199 1230 436 200 1231 437 203 1232 438</p>
          <p>203 1233 438 202 1234 439 199 1235 436</p>
          <p>201 1236 440 199 1237 436 202 1238 439</p>
          <p>202 1239 439 204 1240 441 201 1241 440</p>
          <p>202 1242 439 203 1243 438 206 1244 442</p>
          <p>206 1245 442 205 1246 443 202 1247 439</p>
          <p>204 1248 441 202 1249 439 205 1250 443</p>
          <p>205 1251 443 207 1252 444 204 1253 441</p>
          <p>205 1254 443 206 1255 442 209 1256 445</p>
          <p>209 1257 445 208 1258 446 205 1259 443</p>
          <p>207 1260 444 205 1261 443 208 1262 446</p>
          <p>208 1263 446 210 1264 447 207 1265 444</p>
          <p>208 1266 446 209 1267 445 197 1268 448</p>
          <p>197 1269 448 196 1270 449 208 1271 446</p>
          <p>210 1272 447 208 1273 446 196 1274 449</p>
          <p>196 1275 449 198 1276 450 210 1277 447</p>
          <p>200 1278 437 199 1279 436 211 1280 451</p>
          <p>211 1281 451 212 1282 452 200 1283 437</p>
          <p>199 1284 436 201 1285 440 213 1286 453</p>
          <p>213 1287 453 211 1288 451 199 1289 436</p>
          <p>214 1290 454 215 1291 455 212 1292 452</p>
          <p>212 1293 452 211 1294 451 214 1295 454</p>
          <p>216 1296 456 214 1297 454 211 1298 451</p>
          <p>211 1299 451 213 1300 453 216 1301 456</p>
          <p>217 1302 457 220 1303 458 219 1304 459</p>
          <p>219 1305 459 218 1306 460 217 1307 457</p>
          <p>221 1308 461 222 1309 462 220 1310 458</p>
          <p>220 1311 458 217 1312 457 221 1313 461</p>
          <p>220 1314 458 224 1315 463 223 1316 464</p>
          <p>223 1317 464 219 1318 459 220 1319 458</p>
          <p>222 1320 462 225 1321 465 224 1322 463</p>
          <p>224 1323 463 220 1324 458 222 1325 462</p>
          <p>224 1326 463 227 1327 466 226 1328 467</p>
          <p>226 1329 467 223 1330 464 224 1331 463</p>
          <p>225 1332 465 228 1333 468 227 1334 466</p>
          <p>227 1335 466 224 1336 463 225 1337 465</p>
          <p>227 1338 466 196 1339 449 197 1340 448</p>
          <p>197 1341 448 226 1342 467 227 1343 466</p>
          <p>228 1344 468 198 1345 450 196 1346 449</p>
          <p>196 1347 449 227 1348 466 228 1349 468</p>
          <p>218 1350 460 230 1351 469 229 1352 470</p>
          <p>229 1353 470 217 1354 457 218 1355 460</p>
          <p>217 1356 457 229 1357 470 231 1358 471</p>
          <p>231 1359 471 221 1360 461 217 1361 457</p>
          <p>232 1362 472 229 1363 470 230 1364 469</p>
          <p>230 1365 469 233 1366 473 232 1367 472</p>
          <p>234 1368 474 231 1369 471 229 1370 470</p>
          <p>229 1371 470 232 1372 472 234 1373 474</p>
          <p>235 1374 475 238 1375 478 237 1376 477</p>
          <p>237 1377 477 236 1378 476 235 1379 475</p>
          <p>239 1380 479 240 1381 480 238 1382 478</p>
          <p>238 1383 478 235 1384 475 239 1385 479</p>
          <p>238 1386 478 242 1387 482 241 1388 481</p>
          <p>241 1389 481 237 1390 477 238 1391 478</p>
          <p>240 1392 480 243 1393 483 242 1394 482</p>
          <p>242 1395 482 238 1396 478 240 1397 480</p>
          <p>242 1398 482 245 1399 485 244 1400 484</p>
          <p>244 1401 484 241 1402 481 242 1403 482</p>
          <p>243 1404 483 246 1405 486 245 1406 485</p>
          <p>245 1407 485 242 1408 482 243 1409 483</p>
          <p>245 1410 485 248 1411 488 247 1412 487</p>
          <p>247 1413 487 244 1414 484 245 1415 485</p>
          <p>246 1416 486 249 1417 489 248 1418 488</p>
          <p>248 1419 488 245 1420 485 246 1421 486</p>
          <p>236 1422 476 251 1423 491 250 1424 490</p>
          <p>250 1425 490 235 1426 475 236 1427 476</p>
          <p>235 1428 475 250 1429 490 252 1430 492</p>
          <p>252 1431 492 239 1432 479 235 1433 475</p>
          <p>253 1434 493 250 1435 490 251 1436 491</p>
          <p>251 1437 491 254 1438 494 253 1439 493</p>
          <p>255 1440 495 252 1441 492 250 1442 490</p>
          <p>250 1443 490 253 1444 493 255 1445 495</p>
          <p>256 1446 496 259 1447 499 258 1448 498</p>
          <p>258 1449 498 257 1450 497 256 1451 496</p>
          <p>260 1452 500 256 1453 496 257 1454 497</p>
          <p>257 1455 497 261 1456 501 260 1457 500</p>
          <p>257 1458 497 258 1459 498 263 1460 503</p>
          <p>263 1461 503 262 1462 502 257 1463 497</p>
          <p>261 1464 501 257 1465 497 262 1466 502</p>
          <p>262 1467 502 264 1468 504 261 1469 501</p>
          <p>262 1470 502 263 1471 503 266 1472 506</p>
          <p>266 1473 506 265 1474 505 262 1475 502</p>
          <p>264 1476 504 262 1477 502 265 1478 505</p>
          <p>265 1479 505 267 1480 507 264 1481 504</p>
          <p>265 1482 505 266 1483 506 247 1484 487</p>
          <p>247 1485 487 248 1486 488 265 1487 505</p>
          <p>267 1488 507 265 1489 505 248 1490 488</p>
          <p>248 1491 488 249 1492 489 267 1493 507</p>
          <p>259 1494 499 256 1495 496 269 1496 509</p>
          <p>269 1497 509 268 1498 508 259 1499 499</p>
          <p>256 1500 496 260 1501 500 270 1502 510</p>
          <p>270 1503 510 269 1504 509 256 1505 496</p>
          <p>271 1506 511 272 1507 512 268 1508 508</p>
          <p>268 1509 508 269 1510 509 271 1511 511</p>
          <p>273 1512 513 271 1513 511 269 1514 509</p>
          <p>269 1515 509 270 1516 510 273 1517 513</p>
          <p>274 1518 514 277 1519 517 276 1520 516</p>
          <p>276 1521 516 275 1522 515 274 1523 514</p>
          <p>278 1524 518 279 1525 519 277 1526 517</p>
          <p>277 1527 517 274 1528 514 278 1529 518</p>
          <p>277 1530 517 281 1531 521 280 1532 520</p>
          <p>280 1533 520 276 1534 516 277 1535 517</p>
          <p>279 1536 519 282 1537 522 281 1538 521</p>
          <p>281 1539 521 277 1540 517 279 1541 519</p>
          <p>281 1542 521 284 1543 524 283 1544 523</p>
          <p>283 1545 523 280 1546 520 281 1547 521</p>
          <p>282 1548 522 285 1549 525 284 1550 524</p>
          <p>284 1551 524 281 1552 521 282 1553 522</p>
          <p>284 1554 524 287 1555 527 286 1556 526</p>
          <p>286 1557 526 283 1558 523 284 1559 524</p>
          <p>285 1560 525 288 1561 528 287 1562 527</p>
          <p>287 1563 527 284 1564 524 285 1565 525</p>
          <p>275 1566 515 290 1567 530 289 1568 529</p>
          <p>289 1569 529 274 1570 514 275 1571 515</p>
          <p>274 1572 514 289 1573 529 291 1574 531</p>
          <p>291 1575 531 278 1576 518 274 1577 514</p>
          <p>292 1578 532 289 1579 529 290 1580 530</p>
          <p>290 1581 530 293 1582 533 292 1583 532</p>
          <p>294 1584 534 291 1585 531 289 1586 529</p>
          <p>289 1587 529 292 1588 532 294 1589 534</p>
          <p>295 1590 535 298 1591 538 297 1592 537</p>
          <p>297 1593 537 296 1594 536 295 1595 535</p>
          <p>299 1596 539 295 1597 535 296 1598 536</p>
          <p>296 1599 536 300 1600 540 299 1601 539</p>
          <p>296 1602 536 297 1603 537 302 1604 542</p>
          <p>302 1605 542 301 1606 541 296 1607 536</p>
          <p>300 1608 540 296 1609 536 301 1610 541</p>
          <p>301 1611 541 303 1612 543 300 1613 540</p>
          <p>301 1614 541 302 1615 542 305 1616 545</p>
          <p>305 1617 545 304 1618 544 301 1619 541</p>
          <p>303 1620 543 301 1621 541 304 1622 544</p>
          <p>304 1623 544 306 1624 546 303 1625 543</p>
          <p>304 1626 544 305 1627 545 286 1628 526</p>
          <p>286 1629 526 287 1630 527 304 1631 544</p>
          <p>306 1632 546 304 1633 544 287 1634 527</p>
          <p>287 1635 527 288 1636 528 306 1637 546</p>
          <p>298 1638 538 295 1639 535 308 1640 548</p>
          <p>308 1641 548 307 1642 547 298 1643 538</p>
          <p>295 1644 535 299 1645 539 309 1646 549</p>
          <p>309 1647 549 308 1648 548 295 1649 535</p>
          <p>310 1650 550 311 1651 551 307 1652 547</p>
          <p>307 1653 547 308 1654 548 310 1655 550</p>
          <p>312 1656 552 310 1657 550 308 1658 548</p>
          <p>308 1659 548 309 1660 549 312 1661 552</p>
          <p>313 1662 553 316 1663 556 315 1664 555</p>
          <p>315 1665 555 314 1666 554 313 1667 553</p>
          <p>317 1668 557 313 1669 553 314 1670 554</p>
          <p>314 1671 554 318 1672 558 317 1673 557</p>
          <p>314 1674 554 315 1675 555 320 1676 560</p>
          <p>320 1677 560 319 1678 559 314 1679 554</p>
          <p>318 1680 558 314 1681 554 319 1682 559</p>
          <p>319 1683 559 321 1684 561 318 1685 558</p>
          <p>319 1686 559 320 1687 560 323 1688 563</p>
          <p>323 1689 563 322 1690 562 319 1691 559</p>
          <p>321 1692 561 319 1693 559 322 1694 562</p>
          <p>322 1695 562 324 1696 564 321 1697 561</p>
          <p>322 1698 562 323 1699 563 326 1700 566</p>
          <p>326 1701 566 325 1702 565 322 1703 562</p>
          <p>324 1704 564 322 1705 562 325 1706 565</p>
          <p>325 1707 565 327 1708 567 324 1709 564</p>
          <p>316 1710 556 313 1711 553 329 1712 569</p>
          <p>329 1713 569 328 1714 568 316 1715 556</p>
          <p>313 1716 553 317 1717 557 330 1718 570</p>
          <p>330 1719 570 329 1720 569 313 1721 553</p>
          <p>331 1722 571 332 1723 572 328 1724 568</p>
          <p>328 1725 568 329 1726 569 331 1727 571</p>
          <p>333 1728 573 331 1729 571 329 1730 569</p>
          <p>329 1731 569 330 1732 570 333 1733 573</p>
          <p>334 1734 574 337 1735 577 336 1736 576</p>
          <p>336 1737 576 335 1738 575 334 1739 574</p>
          <p>338 1740 578 339 1741 579 337 1742 577</p>
          <p>337 1743 577 334 1744 574 338 1745 578</p>
          <p>337 1746 577 341 1747 581 340 1748 580</p>
          <p>340 1749 580 336 1750 576 337 1751 577</p>
          <p>339 1752 579 342 1753 582 341 1754 581</p>
          <p>341 1755 581 337 1756 577 339 1757 579</p>
          <p>341 1758 581 344 1759 584 343 1760 583</p>
          <p>343 1761 583 340 1762 580 341 1763 581</p>
          <p>342 1764 582 345 1765 585 344 1766 584</p>
          <p>344 1767 584 341 1768 581 342 1769 582</p>
          <p>344 1770 584 325 1771 565 326 1772 566</p>
          <p>326 1773 566 343 1774 583 344 1775 584</p>
          <p>345 1776 585 327 1777 567 325 1778 565</p>
          <p>325 1779 565 344 1780 584 345 1781 585</p>
          <p>335 1782 575 347 1783 587 346 1784 586</p>
          <p>346 1785 586 334 1786 574 335 1787 575</p>
          <p>334 1788 574 346 1789 586 348 1790 588</p>
          <p>348 1791 588 338 1792 578 334 1793 574</p>
          <p>349 1794 589 346 1795 586 347 1796 587</p>
          <p>347 1797 587 350 1798 590 349 1799 589</p>
          <p>351 1800 591 348 1801 588 346 1802 586</p>
          <p>346 1803 586 349 1804 589 351 1805 591</p>
          <p>352 1806 592 355 1807 595 354 1808 594</p>
          <p>354 1809 594 353 1810 593 352 1811 592</p>
          <p>353 1812 593 354 1813 594 356 1814 596</p>
          <p>357 1815 597 360 1816 600 359 1817 599</p>
          <p>359 1818 599 358 1819 598 357 1820 597</p>
          <p>360 1821 600 361 1822 601 359 1823 599</p>
          <p>352 1824 592 357 1825 597 358 1826 598</p>
          <p>358 1827 598 355 1828 595 352 1829 592</p>
          <p>362 1830 602 365 1831 605 364 1832 604</p>
          <p>364 1833 604 363 1834 603 362 1835 602</p>
          <p>352 1836 592 362 1837 602 366 1838 606</p>
          <p>366 1839 606 357 1840 597 352 1841 592</p>
          <p>365 1842 605 367 1843 607 364 1844 604</p>
          <p>366 1845 606 370 1846 610 369 1847 609</p>
          <p>369 1848 609 368 1849 608 366 1850 606</p>
          <p>368 1851 608 369 1852 609 371 1853 611</p>
          <p>370 1854 610 366 1855 606 362 1856 602</p>
          <p>362 1857 602 363 1858 603 370 1859 610</p>
        </polygons>
      </mesh>
    </geometry>
  </library_geometries>
  <library_visual_scenes>
    <visual_scene id="RootNode" name="RootNode">
      <node id="crate_carthage_plastic" name="crate_carthage_plastic">
        <rotate sid="jointOrientX">1 0 0 -90.000000</rotate>
        <instance_geometry url="#crate_carthage_plastic-lib">
          <bind_material>
            <technique_common>
              <instance_material symbol="crate_carthage_plastic" target="#crate_carthage_plastic"/>
            </technique_common>
          </bind_material>
        </instance_geometry>
      </node>
    </visual_scene>
  </library_visual_scenes>
  <scene>
    <instance_visual_scene url="#RootNode"/>
  </scene>
</COLLADA>

