<?xml version="1.0" encoding="utf-8"?>
<COLLADA xmlns="http://www.collada.org/2005/11/COLLADASchema" version="1.4.0">
  <asset>
    <contributor>
      <author></author>
      <authoring_tool>FBX COLLADA exporter</authoring_tool>
      <comments></comments>
    </contributor>
    <created>2014-03-10T13:42:12Z</created>
    <modified>2014-03-10T13:42:12Z</modified>
    <revision></revision>
    <title></title>
    <subject></subject>
    <keywords></keywords>
    <unit meter="1.000000"/>
    <up_axis>Y_UP</up_axis>
  </asset>
  <library_images>
    <image id="Map__0-image" name="Map__0">
      <init_from>file://C:\Users\Peter\Desktop\frictional assets\to export\chair_lightweight_theta\originals\chair_lightweight_theta.psd</init_from>
    </image>
  </library_images>
  <library_materials>
    <material id="_01___Default" name="_01___Default">
      <instance_effect url="#_01___Default-fx"/>
    </material>
  </library_materials>
  <library_effects>
    <effect id="_01___Default-fx" name="_01___Default">
      <profile_COMMON>
        <technique sid="standard">
          <phong>
            <emission>
              <color sid="emission">0.000000  0.000000 0.000000 1.000000</color>
            </emission>
            <ambient>
              <color sid="ambient">0.588235  0.588235 0.588235 1.000000</color>
            </ambient>
            <diffuse>
              <texture texture="Map__0-image" texcoord="CHANNEL0">
                <extra>
                  <technique profile="MAYA">
                    <wrapU sid="wrapU0">TRUE</wrapU>
                    <wrapV sid="wrapV0">TRUE</wrapV>
                    <blend_mode>ADD</blend_mode>
                  </technique>
                </extra>
              </texture>
            </diffuse>
            <specular>
              <color sid="specular">0.000000  0.000000 0.000000 1.000000</color>
            </specular>
            <shininess>
              <float sid="shininess">2.000000</float>
            </shininess>
            <reflective>
              <color sid="reflective">0.000000  0.000000 0.000000 1.000000</color>
            </reflective>
            <reflectivity>
              <float sid="reflectivity">1.000000</float>
            </reflectivity>
            <transparent>
              <color sid="transparent">1.000000  1.000000 1.000000 1.000000</color>
            </transparent>
            <transparency>
              <float sid="transparency">0.000000</float>
            </transparency>
          </phong>
        </technique>
      </profile_COMMON>
    </effect>
  </library_effects>
  <library_geometries>
    <geometry id="chair_lightweight_theta-lib" name="chair_lightweight_thetaMesh">
      <mesh>
        <source id="chair_lightweight_theta-lib-Position">
          <float_array id="chair_lightweight_theta-lib-Position-array" count="1716">
0.378684 0.010770 -0.006391
-0.313699 0.053001 0.031399
-0.257870 0.105747 0.080366
-0.186665 0.158436 0.120641
-0.097439 0.196420 0.147607
-0.000003 0.209547 0.156682
0.097434 0.196420 0.147607
0.186660 0.158435 0.120641
0.257891 0.105749 0.080368
0.313763 0.053051 0.031450
-0.313699 0.045632 0.038749
-0.257870 0.098378 0.087715
-0.186665 0.151067 0.127991
-0.097439 0.189051 0.154956
-0.000003 0.202178 0.164031
0.097434 0.189051 0.154956
0.186660 0.151066 0.127990
0.257891 0.098380 0.087717
0.313763 0.045682 0.038799
-0.379500 0.010444 -0.006718
-0.359687 0.081880 0.069818
-0.320275 0.155220 0.143356
-0.320275 0.150307 0.148255
-0.254175 0.226272 0.207773
-0.254175 0.221359 0.212673
-0.163198 0.285143 0.254575
-0.163198 0.280231 0.259474
-0.056247 0.316961 0.279180
-0.056247 0.312048 0.284080
0.056208 0.316961 0.279180
0.056208 0.312048 0.284079
0.163159 0.285143 0.254575
0.163159 0.280231 0.259474
0.254136 0.226272 0.207773
0.254136 0.221359 0.212672
0.320235 0.155219 0.143355
0.320235 0.150307 0.148255
0.359658 0.076967 0.074717
-0.335450 -0.021534 -0.062788
-0.268944 0.049048 -0.018719
-0.268944 0.053961 -0.023619
-0.209059 0.092125 0.004656
-0.209059 0.097037 -0.000243
-0.130144 0.132274 0.026124
-0.130144 0.137187 0.021224
-0.042171 0.158008 0.039299
-0.042171 0.162920 0.034400
0.042170 0.158008 0.039299
0.042170 0.162920 0.034399
0.130143 0.132274 0.026124
0.130143 0.137187 0.021224
0.209057 0.092124 0.004656
0.209057 0.097037 -0.000243
0.269156 0.049063 -0.018704
0.269156 0.053976 -0.023603
0.334922 -0.016297 -0.067362
0.359658 0.081879 0.069818
0.334922 -0.021209 -0.062463
-0.359687 0.076967 0.074718
-0.335450 -0.016621 -0.067688
-0.343050 0.114063 0.111913
-0.290827 0.185980 0.182317
-0.211304 0.253694 0.238624
-0.111098 0.300004 0.274776
-0.000019 0.316138 0.287232
0.111059 0.300004 0.274775
0.211265 0.253694 0.238624
0.290788 0.185979 0.182317
0.343014 0.114062 0.111913
-0.379776 -0.056744 -0.087641
0.378289 -0.061049 -0.082133
-0.298957 0.024655 -0.041250
-0.240586 0.076390 -0.011161
-0.172774 0.116953 0.010197
-0.085250 0.153817 0.030178
-0.000001 0.165591 0.035327
0.085248 0.153817 0.030178
0.172773 0.116953 0.010197
0.240638 0.076393 -0.011157
0.299092 0.024756 -0.041149
-0.286222 0.072603 0.064618
-0.224694 0.125414 0.109121
-0.143754 0.172695 0.143481
-0.049202 0.198889 0.161781
0.049196 0.198889 0.161781
0.143748 0.172695 0.143481
0.224689 0.125413 0.109121
0.286324 0.072611 0.064626
0.343987 0.015169 0.009187
-0.344248 0.022375 0.001676
-0.286222 0.079972 0.057269
-0.224694 0.132783 0.101772
-0.143754 0.180064 0.136132
-0.049202 0.206258 0.154432
0.049196 0.206257 0.154432
0.143748 0.180064 0.136132
0.224689 0.132782 0.101771
0.286324 0.079980 0.057277
-0.343050 0.118975 0.107014
-0.290827 0.190892 0.177418
-0.211304 0.258607 0.233725
-0.111098 0.304917 0.269876
-0.000019 0.321051 0.282333
0.111059 0.304917 0.269876
0.211265 0.258606 0.233724
0.290788 0.190892 0.177417
0.343014 0.118975 0.107014
-0.379776 -0.061656 -0.082742
0.378289 -0.056137 -0.087032
-0.298957 0.019743 -0.036351
-0.240586 0.071477 -0.006261
-0.172774 0.112040 0.015097
-0.085250 0.148905 0.035078
-0.000001 0.160678 0.040226
0.085248 0.148904 0.035078
0.172773 0.112040 0.015097
0.240638 0.071481 -0.006258
0.299092 0.019843 -0.036250
-0.379500 0.005531 -0.001818
0.378684 0.005857 -0.001491
0.343987 0.022537 0.001838
-0.344248 0.015006 0.009025
0.363911 -0.139025 -0.416268
-0.363911 -0.139025 -0.416268
-0.341964 -0.014560 -0.416268
-0.278772 0.094892 -0.405955
-0.181956 0.176131 -0.394934
-0.063193 0.219357 -0.382905
0.063192 0.219357 -0.382905
0.181955 0.176131 -0.394934
0.278772 0.094893 -0.405955
0.341964 -0.014560 -0.416268
0.363911 -0.139025 -0.426675
-0.363911 -0.139025 -0.426675
-0.341964 -0.014560 -0.426675
-0.278772 0.094892 -0.416362
-0.181956 0.176131 -0.405341
-0.063193 0.219357 -0.393312
0.063192 0.219357 -0.393312
0.181955 0.176131 -0.405341
0.278772 0.094893 -0.416362
0.341964 -0.014560 -0.426675
0.248402 -0.083911 -0.436814
-0.248402 -0.083911 -0.436814
-0.195811 0.001048 -0.436814
-0.152447 0.044007 -0.435848
-0.095207 0.080992 -0.435822
-0.032540 0.100632 -0.435817
0.032540 0.100632 -0.435817
0.095206 0.080992 -0.435822
0.152446 0.044007 -0.435848
0.195811 0.001048 -0.436814
0.000000 -0.083911 -0.434545
0.248402 -0.083911 -0.447221
-0.248402 -0.083911 -0.447221
-0.195811 0.001048 -0.447221
-0.152447 0.044007 -0.446255
-0.095207 0.080992 -0.446229
-0.032540 0.100632 -0.446225
0.032540 0.100632 -0.446225
0.095206 0.080992 -0.446229
0.152446 0.044007 -0.446255
0.195811 0.001048 -0.447221
0.000000 -0.083911 -0.444952
0.363911 -0.368318 -0.426517
0.363911 -0.370869 -0.416427
-0.248402 -0.370869 -0.416427
-0.363911 -0.370869 -0.416427
-0.363911 -0.368318 -0.426517
0.248402 -0.368318 -0.426517
0.363911 -0.404280 -0.437426
-0.363911 -0.404280 -0.437426
-0.363911 -0.397551 -0.445366
0.363911 -0.397551 -0.445365
0.363911 -0.424064 -0.469731
-0.363911 -0.424064 -0.469731
-0.363911 -0.413657 -0.469756
0.363911 -0.413657 -0.469756
0.248402 -0.370869 -0.416427
-0.248402 -0.368318 -0.426517
-0.364409 -0.321554 -0.442806
-0.374894 -0.325380 -0.425407
-0.395544 -0.325508 -0.425624
-0.405710 -0.321810 -0.443240
-0.395225 -0.317962 -0.460627
-0.374574 -0.317834 -0.460410
-0.364666 -0.292391 -0.435363
-0.375125 -0.299105 -0.418780
-0.395775 -0.299229 -0.418995
-0.405966 -0.292638 -0.435794
-0.395507 -0.285905 -0.452362
-0.374857 -0.285782 -0.452147
-0.364922 -0.253078 -0.411014
-0.375276 -0.267558 -0.400385
-0.395927 -0.267663 -0.400584
-0.406223 -0.253288 -0.411413
-0.395869 -0.238805 -0.422038
-0.375218 -0.238700 -0.421839
-0.368513 -0.087230 -0.151246
-0.378853 -0.100926 -0.139690
-0.399513 -0.100304 -0.138857
-0.409833 -0.085987 -0.149581
-0.399494 -0.072289 -0.161134
-0.378833 -0.072910 -0.161965
-0.357275 0.014813 -0.031572
-0.367276 0.002990 -0.017825
-0.387507 0.006172 -0.013993
-0.397737 0.021167 -0.023917
-0.387736 0.032989 -0.037662
-0.367505 0.029815 -0.041485
-0.320457 0.077638 0.037473
-0.329344 0.067808 0.053373
-0.347558 0.074471 0.060952
-0.356884 0.090947 0.052614
-0.347998 0.100771 0.036715
-0.329784 0.094124 0.029154
-0.260490 0.144033 0.095499
-0.267590 0.135954 0.113169
-0.282525 0.145718 0.123864
-0.290361 0.163538 0.116862
-0.283261 0.171603 0.099194
-0.268326 0.161863 0.088525
-0.179940 0.202469 0.139476
-0.184787 0.195719 0.158395
-0.195375 0.207972 0.171407
-0.201116 0.226944 0.165469
-0.196269 0.233673 0.146554
-0.185681 0.221450 0.133573
-0.085429 0.239809 0.166433
-0.087883 0.233839 0.186042
-0.093381 0.247696 0.200464
-0.096425 0.267489 0.195243
-0.093971 0.273435 0.175640
-0.088473 0.259611 0.161252
-0.001508 0.246278 0.194662
-0.001508 0.260692 0.209569
-0.001508 0.272087 0.169905
0.362258 -0.321554 -0.442806
0.372743 -0.325380 -0.425407
0.393393 -0.325508 -0.425624
0.403558 -0.321810 -0.443240
0.393073 -0.317962 -0.460627
0.372423 -0.317834 -0.460410
0.362514 -0.292391 -0.435363
0.372973 -0.299105 -0.418780
0.393623 -0.299229 -0.418995
0.403814 -0.292638 -0.435794
0.393355 -0.285905 -0.452362
0.372705 -0.285782 -0.452147
0.362770 -0.253078 -0.411014
0.373124 -0.267558 -0.400385
0.393775 -0.267663 -0.400584
0.404071 -0.253288 -0.411413
0.393717 -0.238805 -0.422038
0.373067 -0.238700 -0.421839
0.366361 -0.087230 -0.151246
0.376701 -0.100926 -0.139690
0.397361 -0.100304 -0.138857
0.407682 -0.085987 -0.149581
0.397342 -0.072289 -0.161134
0.376681 -0.072910 -0.161965
0.355123 0.014813 -0.031572
0.365124 0.002990 -0.017825
0.385355 0.006172 -0.013993
0.395585 0.021167 -0.023917
0.385585 0.032989 -0.037662
0.365353 0.029815 -0.041485
0.318305 0.077638 0.037473
0.327192 0.067808 0.053373
0.345406 0.074471 0.060952
0.354733 0.090947 0.052614
0.345846 0.100771 0.036715
0.327632 0.094124 0.029154
0.258338 0.144033 0.095499
0.265438 0.135954 0.113169
0.280373 0.145718 0.123864
0.288209 0.163538 0.116862
0.281109 0.171603 0.099194
0.266174 0.161863 0.088525
0.177788 0.202469 0.139476
0.182635 0.195719 0.158395
0.193224 0.207972 0.171407
0.198965 0.226944 0.165469
0.194117 0.233673 0.146554
0.183529 0.221450 0.133573
0.083278 0.239809 0.166433
0.085732 0.233839 0.186042
0.091229 0.247696 0.200464
0.094273 0.267489 0.195243
0.091819 0.273435 0.175640
0.086321 0.259611 0.161252
-0.001508 0.251988 0.174827
-0.001508 0.280783 0.204605
-0.001508 0.286467 0.184776
0.405955 -0.350917 -0.441713
0.405955 -0.339138 -0.462115
0.405955 -0.315579 -0.462115
0.405955 -0.303800 -0.441713
0.405955 -0.315579 -0.421311
0.405955 -0.339138 -0.421311
0.364698 -0.350917 -0.441713
0.364698 -0.339138 -0.462115
0.364698 -0.315579 -0.462115
0.364698 -0.303800 -0.441713
0.364698 -0.315579 -0.421311
0.364698 -0.339138 -0.421311
-0.408936 -0.350917 -0.441713
-0.408936 -0.339138 -0.462115
-0.408936 -0.315579 -0.462115
-0.408936 -0.303800 -0.441713
-0.408936 -0.315579 -0.421311
-0.408936 -0.339138 -0.421311
-0.367679 -0.350917 -0.441713
-0.367679 -0.339138 -0.462115
-0.367679 -0.315579 -0.462115
-0.367679 -0.303800 -0.441713
-0.367679 -0.315579 -0.421311
-0.367679 -0.339138 -0.421311
-0.410767 -0.298708 -0.472201
-0.410767 -0.286929 -0.492603
-0.410767 -0.263371 -0.492603
-0.410767 -0.251592 -0.472201
-0.410767 -0.263371 -0.451799
-0.410767 -0.286929 -0.451799
-0.369510 -0.298708 -0.472201
-0.369510 -0.286929 -0.492603
-0.369510 -0.263371 -0.492603
-0.369510 -0.251592 -0.472201
-0.369510 -0.263371 -0.451799
-0.369510 -0.286929 -0.451799
-0.387360 -0.270596 -0.493363
-0.405245 -0.276404 -0.484826
-0.405245 -0.288021 -0.467752
-0.387360 -0.293830 -0.459214
-0.369475 -0.288021 -0.467752
-0.369475 -0.276404 -0.484826
-0.387360 -0.283758 -0.503130
-0.405245 -0.291015 -0.495730
-0.405245 -0.305529 -0.480929
-0.387360 -0.312786 -0.473529
-0.369475 -0.305529 -0.480929
-0.369475 -0.291015 -0.495730
-0.387360 -0.291662 -0.515098
-0.405245 -0.301132 -0.510921
-0.405245 -0.320072 -0.502569
-0.387360 -0.329542 -0.498393
-0.369475 -0.320072 -0.502569
-0.369475 -0.301132 -0.510922
-0.387360 -0.317105 -0.578404
-0.405245 -0.326927 -0.575202
-0.405245 -0.346572 -0.568799
-0.387360 -0.356394 -0.565597
-0.369475 -0.346572 -0.568799
-0.369475 -0.326927 -0.575202
-0.387360 -0.336679 -0.647378
-0.405245 -0.346728 -0.644955
-0.405245 -0.366826 -0.640108
-0.387360 -0.376875 -0.637685
-0.369475 -0.366826 -0.640108
-0.369475 -0.346728 -0.644955
-0.387360 -0.346437 -0.694627
-0.405245 -0.356707 -0.693354
-0.405245 -0.377248 -0.690807
-0.387360 -0.387518 -0.689533
-0.369475 -0.377248 -0.690807
-0.369475 -0.356707 -0.693354
-0.387360 -0.350703 -0.769694
-0.405245 -0.361069 -0.770103
-0.405245 -0.381801 -0.770923
-0.387360 -0.392166 -0.771333
-0.369475 -0.381801 -0.770923
-0.369475 -0.361069 -0.770103
-0.387360 -0.340823 -0.842017
-0.405245 -0.350922 -0.844384
-0.405245 -0.371118 -0.849119
-0.387360 -0.381217 -0.851486
-0.369475 -0.371118 -0.849119
-0.369475 -0.350922 -0.844385
-0.387360 -0.318159 -0.909327
-0.405245 -0.327559 -0.913769
-0.405245 -0.346358 -0.922653
-0.387360 -0.355758 -0.927095
-0.369475 -0.346358 -0.922653
-0.369475 -0.327559 -0.913769
-0.387360 -0.289238 -0.955653
-0.405245 -0.296577 -0.963395
-0.405245 -0.311256 -0.978879
-0.387360 -0.318595 -0.986621
-0.369475 -0.311256 -0.978879
-0.369475 -0.296577 -0.963395
-0.387360 -0.261280 -0.971101
-0.405245 -0.263920 -0.981439
-0.405245 -0.269200 -1.002116
-0.387360 -0.271839 -1.012454
-0.369475 -0.269199 -1.002116
-0.369475 -0.263920 -0.981439
-0.366116 0.119485 -0.994199
-0.104675 0.436951 -0.994245
-0.101920 0.426904 -0.976361
-0.096411 0.406810 -0.976361
-0.093657 0.396763 -0.994245
-0.096411 0.406810 -1.012130
-0.101920 0.426904 -1.012130
-0.209378 0.392626 -0.994245
-0.204072 0.383659 -0.976361
-0.193460 0.365726 -0.976361
-0.188154 0.356759 -0.994245
-0.193460 0.365726 -1.012130
-0.204072 0.383659 -1.012130
-0.298626 0.322183 -0.994245
-0.291145 0.314933 -0.976361
-0.276184 0.300432 -0.976361
-0.268703 0.293182 -0.994245
-0.276184 0.300432 -1.012130
-0.291145 0.314933 -1.012130
-0.365142 0.232261 -0.994245
-0.356029 0.227219 -0.976361
-0.337801 0.217133 -0.976361
-0.328687 0.212091 -0.994245
-0.337801 0.217133 -1.012130
-0.356029 0.227219 -1.012130
-0.407000 0.124398 -0.994200
-0.396779 0.123125 -0.976315
-0.376337 0.120668 -0.976315
-0.376337 0.120758 -1.012084
-0.396779 0.123214 -1.012084
-0.002533 0.440376 -0.976361
-0.002533 0.419535 -0.976361
-0.002533 0.440376 -1.012130
0.382295 -0.270595 -0.493363
0.400180 -0.276404 -0.484826
0.400180 -0.288021 -0.467751
0.382295 -0.293830 -0.459214
0.364410 -0.288021 -0.467751
0.364410 -0.276404 -0.484826
0.382295 -0.283758 -0.503130
0.400180 -0.291015 -0.495730
0.400180 -0.305529 -0.480929
0.382295 -0.312786 -0.473529
0.364410 -0.305529 -0.480929
0.364410 -0.291015 -0.495730
0.382295 -0.291662 -0.515098
0.400180 -0.301132 -0.510921
0.400180 -0.320072 -0.502569
0.382295 -0.329542 -0.498393
0.364410 -0.320072 -0.502569
0.364410 -0.301132 -0.510921
0.382295 -0.317105 -0.578404
0.400180 -0.326928 -0.575202
0.400180 -0.346572 -0.568798
0.382295 -0.356394 -0.565596
0.364410 -0.346572 -0.568798
0.364410 -0.326927 -0.575202
0.382295 -0.336679 -0.647378
0.400180 -0.346728 -0.644955
0.400180 -0.366826 -0.640108
0.382295 -0.376875 -0.637685
0.364410 -0.366826 -0.640108
0.364410 -0.346728 -0.644955
0.382295 -0.346438 -0.694627
0.400180 -0.356708 -0.693354
0.400180 -0.377248 -0.690807
0.382295 -0.387518 -0.689533
0.364410 -0.377248 -0.690807
0.364410 -0.356708 -0.693354
0.382295 -0.350704 -0.769694
0.400180 -0.361069 -0.770103
0.400180 -0.381801 -0.770923
0.382295 -0.392166 -0.771332
0.364410 -0.381801 -0.770923
0.364410 -0.361069 -0.770103
0.382295 -0.340823 -0.842017
0.400180 -0.350922 -0.844384
0.400180 -0.371119 -0.849119
0.382295 -0.381217 -0.851486
0.364410 -0.371119 -0.849119
0.364410 -0.350922 -0.844384
0.382295 -0.318159 -0.909326
0.400180 -0.327559 -0.913769
0.400180 -0.346358 -0.922653
0.382295 -0.355758 -0.927095
0.364410 -0.346358 -0.922653
0.364410 -0.327559 -0.913769
0.382295 -0.289238 -0.955653
0.400180 -0.296577 -0.963395
0.400180 -0.311256 -0.978879
0.382295 -0.318595 -0.986621
0.364410 -0.311256 -0.978879
0.364410 -0.296577 -0.963395
0.382295 -0.261280 -0.971101
0.400180 -0.263920 -0.981439
0.400180 -0.269200 -1.002116
0.382295 -0.271840 -1.012454
0.364410 -0.269200 -1.002116
0.364410 -0.263920 -0.981439
0.391714 0.123124 -0.976315
0.401935 0.124397 -0.994199
0.391714 0.123214 -1.012084
0.371272 0.120758 -1.012084
0.361050 0.119485 -0.994199
0.371271 0.120668 -0.976315
0.099610 0.436950 -0.994245
0.204313 0.392626 -0.994245
0.199007 0.383659 -0.976361
0.096855 0.426904 -0.976361
0.188395 0.365726 -0.976361
0.091346 0.406810 -0.976361
0.183089 0.356759 -0.994245
0.088591 0.396763 -0.994245
0.188395 0.365726 -1.012130
0.091346 0.406810 -1.012130
0.199007 0.383659 -1.012130
0.096855 0.426904 -1.012130
0.293561 0.322183 -0.994245
0.286080 0.314933 -0.976360
0.271118 0.300432 -0.976361
0.263638 0.293182 -0.994245
0.271118 0.300432 -1.012130
0.286080 0.314933 -1.012130
0.360077 0.232261 -0.994245
0.350963 0.227218 -0.976360
0.332736 0.217133 -0.976360
0.323622 0.212091 -0.994245
0.332736 0.217133 -1.012130
0.350963 0.227218 -1.012130
-0.002533 0.450796 -0.994245
-0.002533 0.409115 -0.994245
-0.002533 0.419535 -1.012130
0.407786 -0.298708 -0.472201
0.407786 -0.286929 -0.492603
0.407786 -0.263371 -0.492603
0.407786 -0.251592 -0.472201
0.407786 -0.263371 -0.451799
0.407786 -0.286929 -0.451799
0.366529 -0.298708 -0.472201
0.366529 -0.286929 -0.492603
0.366529 -0.263371 -0.492603
0.366529 -0.251592 -0.472201
0.366529 -0.263371 -0.451799
0.366529 -0.286929 -0.451799
-0.416154 -0.339472 -0.960099
-0.416154 -0.325983 -0.983462
-0.416154 -0.299006 -0.983462
-0.416154 -0.285518 -0.960099
-0.416154 -0.299006 -0.936736
-0.416154 -0.325983 -0.936736
-0.358773 -0.339472 -0.960099
-0.358773 -0.325983 -0.983462
-0.358773 -0.299006 -0.983462
-0.358773 -0.285518 -0.960099
-0.358773 -0.299006 -0.936736
-0.358773 -0.325983 -0.936736
0.413173 -0.339472 -0.960099
0.413173 -0.325983 -0.983462
0.413173 -0.299006 -0.983462
0.413173 -0.285518 -0.960099
0.413173 -0.299006 -0.936736
0.413173 -0.325983 -0.936736
0.355792 -0.339472 -0.960099
0.355792 -0.325983 -0.983462
0.355792 -0.299006 -0.983462
0.355792 -0.285518 -0.960099
0.355792 -0.299006 -0.936736
0.355792 -0.325983 -0.936736
0.363097 -0.343116 -0.447207
0.363097 -0.327358 -0.462965
0.363097 -0.311601 -0.447207
0.363097 -0.327358 -0.431449
-0.372954 -0.343117 -0.447207
-0.372954 -0.327359 -0.462965
-0.372954 -0.311601 -0.447207
-0.372954 -0.327359 -0.431449
</float_array>
          <technique_common>
            <accessor source="#chair_lightweight_theta-lib-Position-array" count="572" stride="3">
              <param name="X" type="float"/>
              <param name="Y" type="float"/>
              <param name="Z" type="float"/>
            </accessor>
          </technique_common>
        </source>
        <source id="chair_lightweight_theta-lib-Normal0">
          <float_array id="chair_lightweight_theta-lib-Normal0-array" count="9756">
-0.935130 0.250194 0.250867
-0.969820 0.172177 0.172640
-0.969517 0.173026 0.173491
-0.969517 0.173026 0.173491
-0.935130 0.250194 0.250867
-0.935130 0.250194 0.250867
-0.822656 0.401477 0.402558
-0.887732 0.325087 0.325962
-0.888103 0.324581 0.325454
-0.888103 0.324581 0.325454
-0.824574 0.399511 0.400586
-0.822656 0.401477 0.402558
-0.935130 0.250194 0.250867
-0.888103 0.324581 0.325454
-0.887732 0.325087 0.325962
-0.887732 0.325087 0.325962
-0.935130 0.250194 0.250867
-0.935130 0.250194 0.250867
-0.631357 0.547619 0.549092
-0.738829 0.475874 0.477154
-0.742880 0.472719 0.473990
-0.742880 0.472719 0.473990
-0.637018 0.544340 0.545804
-0.631357 0.547619 0.549092
-0.824574 0.399511 0.400586
-0.742880 0.472719 0.473990
-0.738829 0.475874 0.477154
-0.738829 0.475874 0.477154
-0.822656 0.401477 0.402558
-0.824574 0.399511 0.400586
-0.346501 0.662411 0.664190
-0.499482 0.611761 0.613406
-0.505121 0.609447 0.611086
-0.505121 0.609447 0.611086
-0.351217 0.661172 0.662947
-0.346501 0.662411 0.664190
-0.637018 0.544340 0.545804
-0.505121 0.609447 0.611086
-0.499482 0.611761 0.613406
-0.499482 0.611761 0.613406
-0.631357 0.547619 0.549092
-0.637018 0.544340 0.545804
0.000001 0.706160 0.708052
-0.177398 0.694959 0.696823
-0.179979 0.694628 0.696491
-0.179979 0.694628 0.696491
0.000001 0.706160 0.708052
0.000001 0.706160 0.708052
-0.351217 0.661172 0.662947
-0.179979 0.694628 0.696491
-0.177398 0.694959 0.696823
-0.177398 0.694959 0.696823
-0.346501 0.662411 0.664190
-0.351217 0.661172 0.662947
0.346503 0.662412 0.664189
0.177400 0.694959 0.696822
0.179981 0.694628 0.696490
0.179981 0.694628 0.696490
0.351219 0.661172 0.662946
0.346503 0.662412 0.664189
0.000001 0.706160 0.708052
0.179981 0.694628 0.696490
0.177400 0.694959 0.696822
0.177400 0.694959 0.696822
0.000001 0.706160 0.708052
0.000001 0.706160 0.708052
0.631358 0.547620 0.549089
0.499484 0.611762 0.613403
0.505123 0.609449 0.611083
0.505123 0.609449 0.611083
0.637019 0.544341 0.545802
0.631358 0.547620 0.549089
0.351219 0.661172 0.662946
0.505123 0.609449 0.611083
0.499484 0.611762 0.613403
0.499484 0.611762 0.613403
0.346503 0.662412 0.664189
0.351219 0.661172 0.662946
0.822657 0.401476 0.402557
0.738830 0.475874 0.477153
0.742881 0.472718 0.473988
0.742881 0.472718 0.473988
0.824575 0.399510 0.400585
0.822657 0.401476 0.402557
0.637019 0.544341 0.545802
0.742881 0.472718 0.473988
0.738830 0.475874 0.477153
0.738830 0.475874 0.477153
0.631358 0.547620 0.549089
0.637019 0.544341 0.545802
0.935098 0.250253 0.250927
0.887722 0.325099 0.325975
0.888094 0.324593 0.325467
0.888094 0.324593 0.325467
0.935098 0.250253 0.250927
0.935098 0.250253 0.250927
0.824575 0.399510 0.400585
0.888094 0.324593 0.325467
0.887722 0.325099 0.325975
0.887722 0.325099 0.325975
0.822657 0.401476 0.402557
0.824575 0.399510 0.400585
0.970599 0.169975 0.170431
0.970281 0.170877 0.171336
0.995757 0.064985 0.065159
0.995757 0.064985 0.065159
0.996403 0.059840 0.060001
0.970599 0.169975 0.170431
0.050238 -0.720326 0.691814
0.043367 -0.721020 0.691556
0.252352 -0.781363 0.570780
0.252352 -0.781363 0.570780
0.286944 -0.783101 0.551740
0.050238 -0.720326 0.691814
0.107909 -0.711428 0.694425
0.070100 -0.717567 0.692953
0.283178 -0.793912 0.538065
0.283178 -0.793912 0.538065
0.280667 -0.797081 0.534685
0.107909 -0.711428 0.694425
0.070100 -0.717567 0.692953
0.050238 -0.720326 0.691814
0.286944 -0.783101 0.551740
0.286944 -0.783101 0.551740
0.283178 -0.793912 0.538065
0.070100 -0.717567 0.692953
0.112755 -0.716341 0.688579
0.124521 -0.710711 0.692376
0.269853 -0.800156 0.535658
0.269853 -0.800156 0.535658
0.235751 -0.810440 0.536291
0.112755 -0.716341 0.688579
0.124521 -0.710711 0.692376
0.107909 -0.711428 0.694425
0.280667 -0.797081 0.534685
0.280667 -0.797081 0.534685
0.269853 -0.800156 0.535658
0.124521 -0.710711 0.692376
0.061625 -0.728802 0.681946
0.089754 -0.723098 0.684889
0.189705 -0.825105 0.532178
0.189705 -0.825105 0.532178
0.132560 -0.839912 0.526285
0.061625 -0.728802 0.681946
0.089754 -0.723098 0.684889
0.112755 -0.716341 0.688579
0.235751 -0.810440 0.536291
0.235751 -0.810440 0.536291
0.189705 -0.825105 0.532178
0.089754 -0.723098 0.684889
0.000001 -0.733815 0.679350
0.031121 -0.732540 0.680012
0.066849 -0.851094 0.520740
0.066849 -0.851094 0.520740
-0.000000 -0.854930 0.518743
0.000001 -0.733815 0.679350
0.031121 -0.732540 0.680012
0.061625 -0.728802 0.681946
0.132560 -0.839912 0.526285
0.132560 -0.839912 0.526285
0.066849 -0.851094 0.520740
0.031121 -0.732540 0.680012
-0.061628 -0.728811 0.681936
-0.031120 -0.732544 0.680008
-0.066851 -0.851097 0.520735
-0.066851 -0.851097 0.520735
-0.132564 -0.839917 0.526277
-0.061628 -0.728811 0.681936
-0.031120 -0.732544 0.680008
0.000001 -0.733815 0.679350
-0.000000 -0.854930 0.518743
-0.000000 -0.854930 0.518743
-0.066851 -0.851097 0.520735
-0.031120 -0.732544 0.680008
-0.112770 -0.716356 0.688561
-0.089762 -0.723110 0.684876
-0.189714 -0.825112 0.532165
-0.189714 -0.825112 0.532165
-0.235764 -0.810447 0.536275
-0.112770 -0.716356 0.688561
-0.089762 -0.723110 0.684876
-0.061628 -0.728811 0.681936
-0.132564 -0.839917 0.526277
-0.132564 -0.839917 0.526277
-0.189714 -0.825112 0.532165
-0.089762 -0.723110 0.684876
-0.107913 -0.711460 0.694391
-0.124538 -0.710730 0.692353
-0.269811 -0.800211 0.535598
-0.269811 -0.800211 0.535598
-0.280384 -0.797311 0.534490
-0.107913 -0.711460 0.694391
-0.124538 -0.710730 0.692353
-0.112770 -0.716356 0.688561
-0.235764 -0.810447 0.536275
-0.235764 -0.810447 0.536275
-0.269811 -0.800211 0.535598
-0.124538 -0.710730 0.692353
-0.050339 -0.720338 0.691794
-0.070120 -0.717607 0.692909
-0.282766 -0.794199 0.537858
-0.282766 -0.794199 0.537858
-0.287550 -0.782886 0.551729
-0.050339 -0.720338 0.691794
-0.070120 -0.717607 0.692909
-0.107913 -0.711460 0.694391
-0.280384 -0.797311 0.534490
-0.280384 -0.797311 0.534490
-0.282766 -0.794199 0.537858
-0.070120 -0.717607 0.692909
-0.043547 -0.720990 0.691575
-0.254471 -0.780606 0.570875
-0.182846 -0.776311 0.603249
-0.099384 0.734553 -0.671234
-0.280753 0.771637 -0.570748
-0.233306 0.764581 -0.600820
-0.089833 0.733274 -0.673973
-0.101143 0.729725 -0.676219
-0.288194 0.791913 -0.538347
-0.288194 0.791913 -0.538347
-0.294046 0.780637 -0.551492
-0.089833 0.733274 -0.673973
-0.101143 0.729725 -0.676219
-0.132346 0.723224 -0.677814
-0.284501 0.795636 -0.534811
-0.284501 0.795636 -0.534811
-0.288194 0.791913 -0.538347
-0.101143 0.729725 -0.676219
-0.132346 0.723224 -0.677814
-0.143732 0.722743 -0.676005
-0.272542 0.799215 -0.535701
-0.272542 0.799215 -0.535701
-0.284501 0.795636 -0.534811
-0.132346 0.723224 -0.677814
-0.143732 0.722743 -0.676005
-0.127424 0.728976 -0.672575
-0.237515 0.809907 -0.536319
-0.237515 0.809907 -0.536319
-0.272542 0.799215 -0.535701
-0.143732 0.722743 -0.676005
-0.127424 0.728976 -0.672575
-0.100389 0.736280 -0.669189
-0.190603 0.824760 -0.532393
-0.190603 0.824760 -0.532393
-0.237515 0.809907 -0.536319
-0.127424 0.728976 -0.672575
-0.100389 0.736280 -0.669189
-0.068532 0.742384 -0.666460
-0.133039 0.839597 -0.526667
-0.133039 0.839597 -0.526667
-0.190603 0.824760 -0.532393
-0.100389 0.736280 -0.669189
-0.068532 0.742384 -0.666460
-0.034506 0.746355 -0.664653
-0.067116 0.850729 -0.521302
-0.067116 0.850729 -0.521302
-0.133039 0.839597 -0.526667
-0.068532 0.742384 -0.666460
-0.034506 0.746355 -0.664653
-0.000001 0.747702 -0.664034
0.000001 0.854554 -0.519363
0.000001 0.854554 -0.519363
-0.067116 0.850729 -0.521302
-0.034506 0.746355 -0.664653
-0.000001 0.747702 -0.664034
0.034505 0.746360 -0.664648
0.067118 0.850731 -0.521297
0.067118 0.850731 -0.521297
0.000001 0.854554 -0.519363
-0.000001 0.747702 -0.664034
0.034505 0.746360 -0.664648
0.068534 0.742393 -0.666450
0.133044 0.839602 -0.526658
0.133044 0.839602 -0.526658
0.067118 0.850731 -0.521297
0.034505 0.746360 -0.664648
0.068534 0.742393 -0.666450
0.100397 0.736293 -0.669173
0.190612 0.824766 -0.532379
0.190612 0.824766 -0.532379
0.133044 0.839602 -0.526658
0.068534 0.742393 -0.666450
0.100397 0.736293 -0.669173
0.127440 0.728992 -0.672555
0.237529 0.809914 -0.536301
0.237529 0.809914 -0.536301
0.190612 0.824766 -0.532379
0.100397 0.736293 -0.669173
0.127440 0.728992 -0.672555
0.143751 0.722765 -0.675978
0.272501 0.799269 -0.535642
0.272501 0.799269 -0.535642
0.237529 0.809914 -0.536301
0.127440 0.728992 -0.672555
0.143751 0.722765 -0.675978
0.132348 0.723265 -0.677770
0.284223 0.795861 -0.534624
0.284223 0.795861 -0.534624
0.272501 0.799269 -0.535642
0.143751 0.722765 -0.675978
0.132348 0.723265 -0.677770
0.101170 0.729782 -0.676153
0.287827 0.792194 -0.538131
0.287827 0.792194 -0.538131
0.284223 0.795861 -0.534624
0.132348 0.723265 -0.677770
0.101170 0.729782 -0.676153
0.090012 0.733290 -0.673931
0.294732 0.780418 -0.551435
0.294732 0.780418 -0.551435
0.287827 0.792194 -0.538131
0.101170 0.729782 -0.676153
0.090012 0.733290 -0.673931
0.099825 0.734441 -0.671290
0.283268 0.770636 -0.570858
0.283268 0.770636 -0.570858
0.294732 0.780418 -0.551435
0.090012 0.733290 -0.673931
-0.995143 0.069512 0.069698
-0.969517 0.173026 0.173491
-0.969820 0.172177 0.172640
-0.969820 0.172177 0.172640
-0.995834 0.064390 0.064563
-0.995143 0.069512 0.069698
0.995757 0.064985 0.065159
0.999993 -0.002670 -0.002677
0.999993 -0.002670 -0.002677
0.999993 -0.002670 -0.002677
0.996403 0.059840 0.060001
0.995757 0.064985 0.065159
0.772150 -0.448720 -0.449927
0.739179 -0.475603 -0.476881
0.752490 -0.465078 -0.466328
0.752490 -0.465078 -0.466328
0.766046 -0.453907 -0.455128
0.772150 -0.448720 -0.449927
0.622208 -0.552815 -0.554303
0.705159 -0.500699 -0.502047
0.695089 -0.507672 -0.509039
0.695089 -0.507672 -0.509039
0.613115 -0.557859 -0.559360
0.622208 -0.552815 -0.554303
0.766046 -0.453907 -0.455128
0.695089 -0.507672 -0.509039
0.705159 -0.500699 -0.502047
0.705159 -0.500699 -0.502047
0.772150 -0.448720 -0.449927
0.766046 -0.453907 -0.455128
0.487047 -0.616741 -0.618398
0.547423 -0.590952 -0.592540
0.540088 -0.594308 -0.595905
0.540088 -0.594308 -0.595905
0.482481 -0.618528 -0.620189
0.487047 -0.616741 -0.618398
0.613115 -0.557859 -0.559360
0.540088 -0.594308 -0.595905
0.547423 -0.590952 -0.592540
0.547423 -0.590952 -0.592540
0.622208 -0.552815 -0.554303
0.613115 -0.557859 -0.559360
0.299446 -0.673755 -0.675564
0.420765 -0.640605 -0.642325
0.413936 -0.642820 -0.644546
0.413936 -0.642820 -0.644546
0.289700 -0.675876 -0.677691
0.299446 -0.673755 -0.675564
0.482481 -0.618528 -0.620189
0.413936 -0.642820 -0.644546
0.420765 -0.640605 -0.642325
0.420765 -0.640605 -0.642325
0.487047 -0.616741 -0.618398
0.482481 -0.618528 -0.620189
-0.000000 -0.706157 -0.708056
0.139875 -0.699215 -0.701094
0.134601 -0.699731 -0.701611
0.134601 -0.699731 -0.701611
-0.000000 -0.706157 -0.708056
-0.000000 -0.706157 -0.708056
0.289700 -0.675876 -0.677691
0.134601 -0.699731 -0.701611
0.139875 -0.699215 -0.701094
0.139875 -0.699215 -0.701094
0.299446 -0.673755 -0.675564
0.289700 -0.675876 -0.677691
-0.299447 -0.673755 -0.675564
-0.139876 -0.699215 -0.701095
-0.134602 -0.699731 -0.701612
-0.134602 -0.699731 -0.701612
-0.289701 -0.675876 -0.677691
-0.299447 -0.673755 -0.675564
-0.000000 -0.706157 -0.708056
-0.134602 -0.699731 -0.701612
-0.139876 -0.699215 -0.701095
-0.139876 -0.699215 -0.701095
-0.000000 -0.706157 -0.708056
-0.000000 -0.706157 -0.708056
-0.487048 -0.616740 -0.618398
-0.420766 -0.640605 -0.642325
-0.413937 -0.642819 -0.644546
-0.413937 -0.642819 -0.644546
-0.482483 -0.618527 -0.620189
-0.487048 -0.616740 -0.618398
-0.289701 -0.675876 -0.677691
-0.413937 -0.642819 -0.644546
-0.420766 -0.640605 -0.642325
-0.420766 -0.640605 -0.642325
-0.299447 -0.673755 -0.675564
-0.289701 -0.675876 -0.677691
-0.620516 -0.553764 -0.555252
-0.546998 -0.591149 -0.592737
-0.539747 -0.594463 -0.596060
-0.539747 -0.594463 -0.596060
-0.611628 -0.558673 -0.560175
-0.620516 -0.553764 -0.555252
-0.482483 -0.618527 -0.620189
-0.539747 -0.594463 -0.596060
-0.546998 -0.591149 -0.592737
-0.546998 -0.591149 -0.592737
-0.487048 -0.616740 -0.618398
-0.482483 -0.618527 -0.620189
-0.774014 -0.447116 -0.448318
-0.703976 -0.501529 -0.502878
-0.693666 -0.508642 -0.510010
-0.693666 -0.508642 -0.510010
-0.767440 -0.452732 -0.453950
-0.774014 -0.447116 -0.448318
-0.611628 -0.558673 -0.560175
-0.693666 -0.508642 -0.510010
-0.703976 -0.501529 -0.502878
-0.703976 -0.501529 -0.502878
-0.620516 -0.553764 -0.555252
-0.611628 -0.558673 -0.560175
-0.696206 -0.506909 -0.508272
-0.743083 -0.472560 -0.473831
-0.756434 -0.461875 -0.463118
-0.756434 -0.461875 -0.463118
-0.696206 -0.506909 -0.508272
-0.696206 -0.506909 -0.508272
0.181523 -0.777099 0.602633
0.277817 -0.787421 0.550260
0.343473 -0.788331 0.510451
0.343473 -0.788331 0.510451
0.252352 -0.781363 0.570780
0.181523 -0.777099 0.602633
0.286944 -0.783101 0.551740
0.494979 -0.778148 0.386628
0.499224 -0.797101 0.339713
0.499224 -0.797101 0.339713
0.283178 -0.793912 0.538065
0.286944 -0.783101 0.551740
0.280667 -0.797081 0.534685
0.283178 -0.793912 0.538065
0.499224 -0.797101 0.339713
0.499224 -0.797101 0.339713
0.471054 -0.819621 0.326081
0.280667 -0.797081 0.534685
0.280667 -0.797081 0.534685
0.471054 -0.819621 0.326081
0.425833 -0.841883 0.331510
0.425833 -0.841883 0.331510
0.269853 -0.800156 0.535658
0.280667 -0.797081 0.534685
0.235751 -0.810440 0.536291
0.269853 -0.800156 0.535658
0.425833 -0.841883 0.331510
0.425833 -0.841883 0.331510
0.364113 -0.866991 0.340217
0.235751 -0.810440 0.536291
0.235751 -0.810440 0.536291
0.364113 -0.866991 0.340217
0.294135 -0.893230 0.340035
0.294135 -0.893230 0.340035
0.189705 -0.825105 0.532178
0.235751 -0.810440 0.536291
0.132560 -0.839912 0.526285
0.189705 -0.825105 0.532178
0.294135 -0.893230 0.340035
0.294135 -0.893230 0.340035
0.207794 -0.920525 0.330841
0.132560 -0.839912 0.526285
0.132560 -0.839912 0.526285
0.207794 -0.920525 0.330841
0.104084 -0.941100 0.321711
0.104084 -0.941100 0.321711
0.066849 -0.851094 0.520740
0.132560 -0.839912 0.526285
-0.000000 -0.854930 0.518743
0.066849 -0.851094 0.520740
0.104084 -0.941100 0.321711
0.104084 -0.941100 0.321711
-0.000001 -0.947917 0.318517
-0.000000 -0.854930 0.518743
-0.000000 -0.854930 0.518743
-0.000001 -0.947917 0.318517
-0.104086 -0.941101 0.321708
-0.104086 -0.941101 0.321708
-0.066851 -0.851097 0.520735
-0.000000 -0.854930 0.518743
-0.132564 -0.839917 0.526277
-0.066851 -0.851097 0.520735
-0.104086 -0.941101 0.321708
-0.104086 -0.941101 0.321708
-0.207797 -0.920526 0.330835
-0.132564 -0.839917 0.526277
-0.132564 -0.839917 0.526277
-0.207797 -0.920526 0.330835
-0.294140 -0.893232 0.340027
-0.294140 -0.893232 0.340027
-0.189714 -0.825112 0.532165
-0.132564 -0.839917 0.526277
-0.235764 -0.810447 0.536275
-0.189714 -0.825112 0.532165
-0.294140 -0.893232 0.340027
-0.294140 -0.893232 0.340027
-0.364120 -0.866993 0.340206
-0.235764 -0.810447 0.536275
-0.235764 -0.810447 0.536275
-0.364120 -0.866993 0.340206
-0.425601 -0.842020 0.331460
-0.425601 -0.842020 0.331460
-0.269811 -0.800211 0.535598
-0.235764 -0.810447 0.536275
-0.280384 -0.797311 0.534490
-0.269811 -0.800211 0.535598
-0.425601 -0.842020 0.331460
-0.425601 -0.842020 0.331460
-0.470162 -0.820241 0.325810
-0.280384 -0.797311 0.534490
-0.280384 -0.797311 0.534490
-0.470162 -0.820241 0.325810
-0.499068 -0.797434 0.339159
-0.499068 -0.797434 0.339159
-0.282766 -0.794199 0.537858
-0.280384 -0.797311 0.534490
-0.287550 -0.782886 0.551729
-0.282766 -0.794199 0.537858
-0.499068 -0.797434 0.339159
-0.499068 -0.797434 0.339159
-0.497364 -0.776790 0.386298
-0.287550 -0.782886 0.551729
-0.287550 -0.782886 0.551729
-0.497364 -0.776790 0.386298
-0.346674 -0.786806 0.510640
-0.346674 -0.786806 0.510640
-0.254471 -0.780606 0.570875
-0.287550 -0.782886 0.551729
-0.294046 0.780637 -0.551492
-0.466788 0.777706 -0.421050
-0.350441 0.773503 -0.528095
-0.350441 0.773503 -0.528095
-0.280753 0.771637 -0.570748
-0.294046 0.780637 -0.551492
-0.284501 0.795636 -0.534811
-0.454051 0.817873 -0.353443
-0.477639 0.796787 -0.370123
-0.477639 0.796787 -0.370123
-0.288194 0.791913 -0.538347
-0.284501 0.795636 -0.534811
-0.294046 0.780637 -0.551492
-0.288194 0.791913 -0.538347
-0.477639 0.796787 -0.370123
-0.477639 0.796787 -0.370123
-0.466788 0.777706 -0.421050
-0.294046 0.780637 -0.551492
-0.237515 0.809907 -0.536319
-0.352901 0.861924 -0.364071
-0.412134 0.838385 -0.356729
-0.412134 0.838385 -0.356729
-0.272542 0.799215 -0.535701
-0.237515 0.809907 -0.536319
-0.284501 0.795636 -0.534811
-0.272542 0.799215 -0.535701
-0.412134 0.838385 -0.356729
-0.412134 0.838385 -0.356729
-0.454051 0.817873 -0.353443
-0.284501 0.795636 -0.534811
-0.133039 0.839597 -0.526667
-0.201806 0.913296 -0.353786
-0.285276 0.886966 -0.363193
-0.285276 0.886966 -0.363193
-0.190603 0.824760 -0.532393
-0.133039 0.839597 -0.526667
-0.237515 0.809907 -0.536319
-0.190603 0.824760 -0.532393
-0.285276 0.886966 -0.363193
-0.285276 0.886966 -0.363193
-0.352901 0.861924 -0.364071
-0.237515 0.809907 -0.536319
0.000001 0.854554 -0.519363
0.000001 0.939937 -0.341349
-0.101266 0.933276 -0.344587
-0.101266 0.933276 -0.344587
-0.067116 0.850729 -0.521302
0.000001 0.854554 -0.519363
-0.133039 0.839597 -0.526667
-0.067116 0.850729 -0.521302
-0.101266 0.933276 -0.344587
-0.101266 0.933276 -0.344587
-0.201806 0.913296 -0.353786
-0.133039 0.839597 -0.526667
0.133044 0.839602 -0.526658
0.201809 0.913298 -0.353780
0.101268 0.933277 -0.344584
0.101268 0.933277 -0.344584
0.067118 0.850731 -0.521297
0.133044 0.839602 -0.526658
0.000001 0.854554 -0.519363
0.067118 0.850731 -0.521297
0.101268 0.933277 -0.344584
0.101268 0.933277 -0.344584
0.000001 0.939937 -0.341349
0.000001 0.854554 -0.519363
0.237529 0.809914 -0.536301
0.352908 0.861926 -0.364060
0.285281 0.886968 -0.363185
0.285281 0.886968 -0.363185
0.190612 0.824766 -0.532379
0.237529 0.809914 -0.536301
0.133044 0.839602 -0.526658
0.190612 0.824766 -0.532379
0.285281 0.886968 -0.363185
0.285281 0.886968 -0.363185
0.201809 0.913298 -0.353780
0.133044 0.839602 -0.526658
0.284223 0.795861 -0.534624
0.453183 0.818465 -0.353187
0.411907 0.838518 -0.356681
0.411907 0.838518 -0.356681
0.272501 0.799269 -0.535642
0.284223 0.795861 -0.534624
0.237529 0.809914 -0.536301
0.272501 0.799269 -0.535642
0.411907 0.838518 -0.356681
0.411907 0.838518 -0.356681
0.352908 0.861926 -0.364060
0.237529 0.809914 -0.536301
0.294732 0.780418 -0.551435
0.469139 0.776459 -0.420738
0.477516 0.797107 -0.369593
0.477516 0.797107 -0.369593
0.287827 0.792194 -0.538131
0.294732 0.780418 -0.551435
0.284223 0.795861 -0.534624
0.287827 0.792194 -0.538131
0.477516 0.797107 -0.369593
0.477516 0.797107 -0.369593
0.453183 0.818465 -0.353187
0.284223 0.795861 -0.534624
0.235515 0.763431 -0.601420
0.307212 0.768290 -0.561562
0.353880 0.771793 -0.528304
0.353880 0.771793 -0.528304
0.283268 0.770636 -0.570858
0.235515 0.763431 -0.601420
-0.999997 0.001861 0.001866
-0.995143 0.069512 0.069698
-0.995834 0.064390 0.064563
-0.995834 0.064390 0.064563
-0.999997 0.001861 0.001866
-0.999997 0.001861 0.001866
-0.089833 0.733274 -0.673973
-0.294046 0.780637 -0.551492
-0.280753 0.771637 -0.570748
-0.280753 0.771637 -0.570748
-0.099384 0.734553 -0.671234
-0.089833 0.733274 -0.673973
0.181523 -0.777099 0.602633
0.252352 -0.781363 0.570780
0.043367 -0.721020 0.691556
0.235515 0.763431 -0.601420
0.283268 0.770636 -0.570858
0.099825 0.734441 -0.671290
-0.050339 -0.720338 0.691794
-0.287550 -0.782886 0.551729
-0.254471 -0.780606 0.570875
-0.254471 -0.780606 0.570875
-0.043547 -0.720990 0.691575
-0.050339 -0.720338 0.691794
0.494979 -0.778148 0.386628
0.286944 -0.783101 0.551740
0.252352 -0.781363 0.570780
0.252352 -0.781363 0.570780
0.343473 -0.788331 0.510451
0.494979 -0.778148 0.386628
0.691752 -0.509941 -0.511311
0.752490 -0.465078 -0.466328
0.739179 -0.475603 -0.476881
0.739179 -0.475603 -0.476881
0.691752 -0.509941 -0.511311
0.691752 -0.509941 -0.511311
-0.303720 0.769933 -0.561211
-0.233306 0.764581 -0.600820
-0.280753 0.771637 -0.570748
-0.280753 0.771637 -0.570748
-0.350441 0.773503 -0.528095
-0.303720 0.769933 -0.561211
-0.280899 -0.786101 0.550582
-0.182846 -0.776311 0.603249
-0.254471 -0.780606 0.570875
-0.254471 -0.780606 0.570875
-0.346674 -0.786806 0.510640
-0.280899 -0.786101 0.550582
-0.767440 -0.452732 -0.453950
-0.756434 -0.461875 -0.463118
-0.743083 -0.472560 -0.473831
-0.743083 -0.472560 -0.473831
-0.774014 -0.447116 -0.448318
-0.767440 -0.452732 -0.453950
0.469139 0.776459 -0.420738
0.294732 0.780418 -0.551435
0.283268 0.770636 -0.570858
0.283268 0.770636 -0.570858
0.353880 0.771793 -0.528304
0.469139 0.776459 -0.420738
0.970599 0.169975 0.170431
0.935098 0.250253 0.250927
0.935098 0.250253 0.250927
0.935098 0.250253 0.250927
0.970281 0.170877 0.171336
0.970599 0.169975 0.170431
-0.941287 0.337608 0.000000
-0.996193 0.087175 0.000000
-0.996193 0.087175 0.000000
-0.996193 0.087175 0.000000
-0.938160 0.346202 0.000000
-0.941287 0.337608 0.000000
-0.772097 0.635505 0.000000
-0.941287 0.337608 0.000000
-0.938160 0.346202 0.000000
-0.938160 0.346202 0.000000
-0.759946 0.649986 0.000000
-0.772097 0.635505 0.000000
-0.508836 0.860863 0.000000
-0.772097 0.635505 0.000000
-0.759946 0.649986 0.000000
-0.759946 0.649986 0.000000
-0.491156 0.871071 0.000000
-0.508836 0.860863 0.000000
-0.178737 0.983897 0.000000
-0.508836 0.860863 0.000000
-0.491156 0.871071 0.000000
-0.491156 0.871071 0.000000
-0.168238 0.985746 0.000000
-0.178737 0.983897 0.000000
0.178736 0.983897 0.000000
-0.178737 0.983897 0.000000
-0.168238 0.985746 0.000000
-0.168238 0.985746 0.000000
0.168237 0.985747 0.000000
0.178736 0.983897 0.000000
0.508836 0.860864 0.000000
0.178736 0.983897 0.000000
0.168237 0.985747 0.000000
0.168237 0.985747 0.000000
0.491156 0.871072 0.000000
0.508836 0.860864 0.000000
0.772096 0.635506 0.000000
0.508836 0.860864 0.000000
0.491156 0.871072 0.000000
0.491156 0.871072 0.000000
0.759945 0.649987 0.000000
0.772096 0.635506 0.000000
0.941287 0.337609 0.000000
0.772096 0.635506 0.000000
0.759945 0.649987 0.000000
0.759945 0.649987 0.000000
0.938160 0.346203 0.000000
0.941287 0.337609 0.000000
0.996193 0.087175 0.000000
0.941287 0.337609 0.000000
0.938160 0.346203 0.000000
0.938160 0.346203 0.000000
0.996193 0.087175 0.000000
0.996193 0.087175 0.000000
0.166151 -0.102215 0.980788
0.109138 0.006637 0.994004
0.080477 0.000865 0.996756
0.080477 0.000865 0.996756
0.081332 -0.080123 0.993461
0.166151 -0.102215 0.980788
0.148045 -0.214845 0.965362
0.166151 -0.102215 0.980788
0.081332 -0.080123 0.993461
0.081332 -0.080123 0.993461
0.072007 -0.127814 0.989181
0.148045 -0.214845 0.965362
0.105445 -0.311736 0.944300
0.148045 -0.214845 0.965362
0.072007 -0.127814 0.989181
0.072007 -0.127814 0.989181
0.051017 -0.177110 0.982868
0.105445 -0.311736 0.944300
0.034637 -0.388043 0.920990
0.105445 -0.311736 0.944300
0.051017 -0.177110 0.982868
0.051017 -0.177110 0.982868
0.017110 -0.214311 0.976616
0.034637 -0.388043 0.920990
-0.034637 -0.388043 0.920990
0.034637 -0.388043 0.920990
0.017110 -0.214311 0.976616
0.017110 -0.214311 0.976616
-0.017110 -0.214311 0.976616
-0.034637 -0.388043 0.920990
-0.105445 -0.311736 0.944300
-0.034637 -0.388043 0.920990
-0.017110 -0.214311 0.976616
-0.017110 -0.214311 0.976616
-0.051017 -0.177110 0.982868
-0.105445 -0.311736 0.944300
-0.148045 -0.214846 0.965362
-0.105445 -0.311736 0.944300
-0.051017 -0.177110 0.982868
-0.051017 -0.177110 0.982868
-0.072007 -0.127814 0.989181
-0.148045 -0.214846 0.965362
-0.166151 -0.102215 0.980788
-0.148045 -0.214846 0.965362
-0.072007 -0.127814 0.989181
-0.072007 -0.127814 0.989181
-0.081332 -0.080124 0.993461
-0.166151 -0.102215 0.980788
-0.109138 0.006637 0.994004
-0.166151 -0.102215 0.980788
-0.081332 -0.080124 0.993461
-0.081332 -0.080124 0.993461
-0.081990 -0.000454 0.996633
-0.109138 0.006637 0.994004
-0.108877 -0.007735 -0.994025
-0.166151 0.102215 -0.980788
-0.081332 0.080123 -0.993461
-0.081332 0.080123 -0.993461
-0.080411 -0.001593 -0.996760
-0.108877 -0.007735 -0.994025
-0.166151 0.102215 -0.980788
-0.148045 0.214845 -0.965362
-0.072007 0.127814 -0.989181
-0.072007 0.127814 -0.989181
-0.081332 0.080123 -0.993461
-0.166151 0.102215 -0.980788
-0.148045 0.214845 -0.965362
-0.105445 0.311736 -0.944300
-0.051017 0.177110 -0.982868
-0.051017 0.177110 -0.982868
-0.072007 0.127814 -0.989181
-0.148045 0.214845 -0.965362
-0.105445 0.311736 -0.944300
-0.034637 0.388043 -0.920990
-0.017110 0.214311 -0.976616
-0.017110 0.214311 -0.976616
-0.051017 0.177110 -0.982868
-0.105445 0.311736 -0.944300
-0.034637 0.388043 -0.920990
0.034637 0.388043 -0.920990
0.017110 0.214311 -0.976616
0.017110 0.214311 -0.976616
-0.017110 0.214311 -0.976616
-0.034637 0.388043 -0.920990
0.034637 0.388043 -0.920990
0.105445 0.311736 -0.944300
0.051017 0.177110 -0.982868
0.051017 0.177110 -0.982868
0.017110 0.214311 -0.976616
0.034637 0.388043 -0.920990
0.105445 0.311736 -0.944300
0.148045 0.214846 -0.965362
0.072007 0.127814 -0.989181
0.072007 0.127814 -0.989181
0.051017 0.177110 -0.982868
0.105445 0.311736 -0.944300
0.148045 0.214846 -0.965362
0.166151 0.102215 -0.980788
0.081332 0.080123 -0.993461
0.081332 0.080123 -0.993461
0.072007 0.127814 -0.989181
0.148045 0.214846 -0.965362
0.166151 0.102215 -0.980788
0.108877 -0.007735 -0.994025
0.081923 -0.000262 -0.996639
0.081923 -0.000262 -0.996639
0.081332 0.080123 -0.993461
0.166151 0.102215 -0.980788
0.000000 -0.002364 -0.999997
0.000000 -0.002364 -0.999997
0.000000 -0.002364 -0.999997
0.000000 -0.002364 -0.999997
0.000000 -0.002364 -0.999997
0.000000 -0.002364 -0.999997
1.000000 0.000000 0.000000
1.000000 0.000000 0.000000
0.996193 0.087175 0.000000
0.996193 0.087175 0.000000
0.996193 0.087175 0.000000
1.000000 0.000000 0.000000
-0.109138 0.006637 0.994004
-0.081990 -0.000454 0.996633
-0.020018 -0.251861 0.967556
-0.020018 -0.251861 0.967556
-0.041546 -0.258371 0.965152
-0.109138 0.006637 0.994004
-0.000141 0.035316 0.999376
0.080477 0.000865 0.996756
0.020170 -0.251286 0.967703
0.080477 0.000865 0.996756
0.109138 0.006637 0.994004
0.041546 -0.258371 0.965152
0.041546 -0.258371 0.965152
0.020170 -0.251286 0.967703
0.080477 0.000865 0.996756
-1.000000 0.000000 0.000000
-1.000000 0.000000 0.000000
-0.996193 0.087175 0.000000
-0.996193 0.087175 0.000000
-0.996193 0.087175 0.000000
-1.000000 0.000000 0.000000
-0.108877 -0.007735 -0.994025
-0.080411 -0.001593 -0.996760
-0.020102 0.256075 -0.966448
-0.020102 0.256075 -0.966448
-0.041427 0.263178 -0.963857
-0.108877 -0.007735 -0.994025
0.000133 -0.036168 -0.999346
0.081923 -0.000262 -0.996639
0.019958 0.256657 -0.966296
0.019958 0.256657 -0.966296
-0.020102 0.256075 -0.966448
0.000133 -0.036168 -0.999346
0.081923 -0.000262 -0.996639
0.108877 -0.007735 -0.994025
0.041427 0.263177 -0.963858
0.041427 0.263177 -0.963858
0.019958 0.256657 -0.966296
0.081923 -0.000262 -0.996639
1.000000 0.000000 0.000000
1.000000 0.000000 0.000000
1.000000 0.000000 0.000000
1.000000 0.000000 0.000000
1.000000 0.000000 0.000000
1.000000 0.000000 0.000000
-0.041546 -0.258371 0.965152
-0.020018 -0.251861 0.967556
-0.000000 -0.711204 0.702986
0.020170 -0.251286 0.967703
0.041546 -0.258371 0.965152
-0.000000 -0.711205 0.702985
-1.000000 0.000000 0.000000
-1.000000 0.000000 0.000000
-1.000000 0.000000 0.000000
-1.000000 0.000000 0.000000
-1.000000 0.000000 0.000000
-1.000000 0.000000 0.000000
-0.041427 0.263178 -0.963857
-0.020102 0.256075 -0.966448
0.000000 0.703239 -0.710954
-0.020102 0.256075 -0.966448
0.019958 0.256657 -0.966296
0.000000 0.703239 -0.710954
0.000000 0.703239 -0.710954
0.000000 0.703239 -0.710954
-0.020102 0.256075 -0.966448
0.019958 0.256657 -0.966296
0.041427 0.263177 -0.963858
0.000000 0.703239 -0.710954
1.000000 0.000000 0.000000
1.000000 0.000000 0.000000
1.000000 0.000000 0.000000
1.000000 0.000000 0.000000
1.000000 0.000000 0.000000
1.000000 0.000000 0.000000
-1.000000 0.000000 0.000000
-1.000000 0.000000 0.000000
-1.000000 0.000000 0.000000
-1.000000 0.000000 0.000000
-1.000000 0.000000 0.000000
-1.000000 0.000000 0.000000
0.000000 0.703239 -0.710954
0.000000 0.703239 -0.710954
0.000000 0.834479 -0.551040
0.000000 0.834479 -0.551040
0.000000 0.834479 -0.551040
0.000000 0.703239 -0.710954
0.080477 0.000865 0.996756
-0.000141 0.035316 0.999376
0.081332 -0.080123 0.993461
0.081332 -0.080123 0.993461
-0.000141 0.035316 0.999376
0.072007 -0.127814 0.989181
0.072007 -0.127814 0.989181
-0.000141 0.035316 0.999376
0.051017 -0.177110 0.982868
0.051017 -0.177110 0.982868
-0.000141 0.035316 0.999376
0.017110 -0.214311 0.976616
0.017110 -0.214311 0.976616
-0.000141 0.035316 0.999376
-0.017110 -0.214311 0.976616
-0.017110 -0.214311 0.976616
-0.000141 0.035316 0.999376
-0.051017 -0.177110 0.982868
-0.051017 -0.177110 0.982868
-0.000141 0.035316 0.999376
-0.072007 -0.127814 0.989181
-0.072007 -0.127814 0.989181
-0.000141 0.035316 0.999376
-0.081332 -0.080124 0.993461
-0.081332 -0.080124 0.993461
-0.000141 0.035316 0.999376
-0.081990 -0.000454 0.996633
-0.081332 0.080123 -0.993461
0.000133 -0.036168 -0.999346
-0.080411 -0.001593 -0.996760
-0.072007 0.127814 -0.989181
0.000133 -0.036168 -0.999346
-0.081332 0.080123 -0.993461
-0.051017 0.177110 -0.982868
0.000133 -0.036168 -0.999346
-0.072007 0.127814 -0.989181
-0.017110 0.214311 -0.976616
0.000133 -0.036168 -0.999346
-0.051017 0.177110 -0.982868
0.017110 0.214311 -0.976616
0.000133 -0.036168 -0.999346
-0.017110 0.214311 -0.976616
0.051017 0.177110 -0.982868
0.000133 -0.036168 -0.999346
0.017110 0.214311 -0.976616
0.072007 0.127814 -0.989181
0.000133 -0.036168 -0.999346
0.051017 0.177110 -0.982868
0.081332 0.080123 -0.993461
0.000133 -0.036168 -0.999346
0.072007 0.127814 -0.989181
0.081923 -0.000262 -0.996639
0.000133 -0.036168 -0.999346
0.081332 0.080123 -0.993461
-0.081990 -0.000454 0.996633
-0.000141 0.035316 0.999376
0.020170 -0.251286 0.967703
0.020170 -0.251286 0.967703
-0.020018 -0.251861 0.967556
-0.081990 -0.000454 0.996633
-0.080411 -0.001593 -0.996760
0.000133 -0.036168 -0.999346
-0.020102 0.256075 -0.966448
-0.020018 -0.251861 0.967556
0.020170 -0.251286 0.967703
-0.000000 -0.711205 0.702985
-0.000000 -0.711205 0.702985
-0.000000 -0.711204 0.702986
-0.020018 -0.251861 0.967556
-0.000000 -0.711204 0.702986
-0.000000 -0.711205 0.702985
-0.000000 -0.852784 0.522264
-0.000000 -0.852784 0.522264
-0.000000 -0.852784 0.522264
-0.000000 -0.711204 0.702986
0.999951 0.009840 -0.001054
0.999063 0.027190 -0.033659
0.511450 -0.324640 0.795631
0.511450 -0.324640 0.795631
0.497001 -0.208542 0.842319
0.999951 0.009840 -0.001054
0.497001 -0.208542 0.842319
0.511450 -0.324640 0.795631
-0.525070 -0.327890 0.785359
-0.525070 -0.327890 0.785359
-0.511972 -0.214724 0.831732
0.497001 -0.208542 0.842319
-0.511972 -0.214724 0.831732
-0.525070 -0.327890 0.785359
-0.998477 0.019219 -0.051708
-0.998477 0.019219 -0.051708
-0.999755 -0.002404 -0.021993
-0.511972 -0.214724 0.831732
-0.999755 -0.002404 -0.021993
-0.998477 0.019219 -0.051708
-0.472259 0.348370 -0.809698
-0.472259 0.348370 -0.809698
-0.486620 0.213746 -0.847062
-0.999755 -0.002404 -0.021993
-0.486620 0.213746 -0.847062
-0.472259 0.348370 -0.809698
0.483498 0.352684 -0.801151
0.483498 0.352684 -0.801151
0.501576 0.219791 -0.836728
-0.486620 0.213746 -0.847062
0.501576 0.219791 -0.836728
0.483498 0.352684 -0.801151
0.999063 0.027190 -0.033659
0.999063 0.027190 -0.033659
0.999951 0.009840 -0.001054
0.501576 0.219791 -0.836728
0.999063 0.027190 -0.033659
0.997680 0.048440 -0.047840
0.533698 -0.579226 0.616169
0.533698 -0.579226 0.616169
0.511450 -0.324640 0.795631
0.999063 0.027190 -0.033659
0.511450 -0.324640 0.795631
0.533698 -0.579226 0.616169
-0.538904 -0.583237 0.607797
-0.538904 -0.583237 0.607797
-0.525070 -0.327890 0.785359
0.511450 -0.324640 0.795631
-0.525070 -0.327890 0.785359
-0.538904 -0.583237 0.607797
-0.997035 0.040654 -0.065328
-0.997035 0.040654 -0.065328
-0.998477 0.019219 -0.051708
-0.525070 -0.327890 0.785359
-0.998477 0.019219 -0.051708
-0.997035 0.040654 -0.065328
-0.470069 0.624675 -0.623551
-0.470069 0.624675 -0.623551
-0.472259 0.348370 -0.809698
-0.998477 0.019219 -0.051708
-0.472259 0.348370 -0.809698
-0.470069 0.624675 -0.623551
0.477348 0.628253 -0.614358
0.477348 0.628253 -0.614358
0.483498 0.352684 -0.801151
-0.472259 0.348370 -0.809698
0.483498 0.352684 -0.801151
0.477348 0.628253 -0.614358
0.997680 0.048440 -0.047840
0.997680 0.048440 -0.047840
0.999063 0.027190 -0.033659
0.483498 0.352684 -0.801151
0.997680 0.048440 -0.047840
0.999271 -0.036625 -0.010777
0.480839 -0.713561 0.509535
0.480839 -0.713561 0.509535
0.533698 -0.579226 0.616169
0.997680 0.048440 -0.047840
0.533698 -0.579226 0.616169
0.480839 -0.713561 0.509535
-0.500863 -0.685687 0.528176
-0.500863 -0.685687 0.528176
-0.538904 -0.583237 0.607797
0.533698 -0.579226 0.616169
-0.538904 -0.583237 0.607797
-0.500863 -0.685687 0.528176
-0.999328 0.001425 0.036612
-0.999328 0.001425 0.036612
-0.997035 0.040654 -0.065328
-0.538904 -0.583237 0.607797
-0.997035 0.040654 -0.065328
-0.999328 0.001425 0.036612
-0.519760 0.695846 -0.495629
-0.519760 0.695846 -0.495629
-0.470069 0.624675 -0.623551
-0.997035 0.040654 -0.065328
-0.470069 0.624675 -0.623551
-0.519760 0.695846 -0.495629
0.499879 0.687908 -0.526215
0.499879 0.687908 -0.526215
0.477348 0.628253 -0.614358
-0.470069 0.624675 -0.623551
0.477348 0.628253 -0.614358
0.499879 0.687908 -0.526215
0.999271 -0.036625 -0.010777
0.999271 -0.036625 -0.010777
0.997680 0.048440 -0.047840
0.477348 0.628253 -0.614358
0.999271 -0.036625 -0.010777
0.975284 -0.145964 -0.165877
0.451776 -0.733392 0.507971
0.451776 -0.733392 0.507971
0.480839 -0.713561 0.509535
0.999271 -0.036625 -0.010777
0.480839 -0.713561 0.509535
0.451776 -0.733392 0.507971
-0.512398 -0.561410 0.649821
-0.512398 -0.561410 0.649821
-0.500863 -0.685687 0.528176
0.480839 -0.713561 0.509535
-0.500863 -0.685687 0.528176
-0.512398 -0.561410 0.649821
-0.974722 0.140375 0.173814
-0.974722 0.140375 0.173814
-0.999328 0.001425 0.036612
-0.500863 -0.685687 0.528176
-0.999328 0.001425 0.036612
-0.974722 0.140375 0.173814
-0.526087 0.710865 -0.466802
-0.526087 0.710865 -0.466802
-0.519760 0.695846 -0.495629
-0.999328 0.001425 0.036612
-0.519760 0.695846 -0.495629
-0.526087 0.710865 -0.466802
0.445375 0.600621 -0.663999
0.445375 0.600621 -0.663999
0.499879 0.687908 -0.526215
-0.519760 0.695846 -0.495629
0.499879 0.687908 -0.526215
0.445375 0.600621 -0.663999
0.975284 -0.145964 -0.165877
0.975284 -0.145964 -0.165877
0.999271 -0.036625 -0.010777
0.499879 0.687908 -0.526215
0.975284 -0.145964 -0.165877
0.883843 -0.319193 -0.341960
0.439049 -0.775708 0.453335
0.439049 -0.775708 0.453335
0.451776 -0.733392 0.507971
0.975284 -0.145964 -0.165877
0.451776 -0.733392 0.507971
0.439049 -0.775708 0.453335
-0.432022 -0.452119 0.780349
-0.432022 -0.452119 0.780349
-0.512398 -0.561410 0.649821
0.451776 -0.733392 0.507971
-0.512398 -0.561410 0.649821
-0.432022 -0.452119 0.780349
-0.881357 0.301284 0.363921
-0.881357 0.301284 0.363921
-0.974722 0.140375 0.173814
-0.512398 -0.561410 0.649821
-0.974722 0.140375 0.173814
-0.881357 0.301284 0.363921
-0.495148 0.770124 -0.402167
-0.495148 0.770124 -0.402167
-0.526087 0.710865 -0.466802
-0.974722 0.140375 0.173814
-0.526087 0.710865 -0.466802
-0.495148 0.770124 -0.402167
0.392427 0.480745 -0.784146
0.392427 0.480745 -0.784146
0.445375 0.600621 -0.663999
-0.526087 0.710865 -0.466802
0.445375 0.600621 -0.663999
0.392427 0.480745 -0.784146
0.883843 -0.319193 -0.341960
0.883843 -0.319193 -0.341960
0.975284 -0.145964 -0.165877
0.445375 0.600621 -0.663999
0.883843 -0.319193 -0.341960
0.752131 -0.445715 -0.485425
0.415755 -0.809687 0.414192
0.415755 -0.809687 0.414192
0.439049 -0.775708 0.453335
0.883843 -0.319193 -0.341960
0.439049 -0.775708 0.453335
0.415755 -0.809687 0.414192
-0.333327 -0.350762 0.875134
-0.333327 -0.350762 0.875134
-0.432022 -0.452119 0.780349
0.439049 -0.775708 0.453335
-0.432022 -0.452119 0.780349
-0.333327 -0.350762 0.875134
-0.746256 0.444012 0.495938
-0.746256 0.444012 0.495938
-0.881357 0.301284 0.363921
-0.432022 -0.452119 0.780349
-0.881357 0.301284 0.363921
-0.746256 0.444012 0.495938
-0.455711 0.816197 -0.355177
-0.455711 0.816197 -0.355177
-0.495148 0.770124 -0.402167
-0.881357 0.301284 0.363921
-0.495148 0.770124 -0.402167
-0.455711 0.816197 -0.355177
0.285944 0.392290 -0.874268
0.285944 0.392290 -0.874268
0.392427 0.480745 -0.784146
-0.495148 0.770124 -0.402167
0.392427 0.480745 -0.784146
0.285944 0.392290 -0.874268
0.752131 -0.445715 -0.485425
0.752131 -0.445715 -0.485425
0.883843 -0.319193 -0.341960
0.392427 0.480745 -0.784146
0.752131 -0.445715 -0.485425
0.554852 -0.563402 -0.612141
0.331818 -0.874464 0.353850
0.331818 -0.874464 0.353850
0.415755 -0.809687 0.414192
0.752131 -0.445715 -0.485425
0.415755 -0.809687 0.414192
0.331818 -0.874464 0.353850
-0.228458 -0.282006 0.931815
-0.228458 -0.282006 0.931815
-0.333327 -0.350762 0.875134
0.415755 -0.809687 0.414192
-0.333327 -0.350762 0.875134
-0.228458 -0.282006 0.931815
-0.549174 0.574391 0.607028
-0.549174 0.574391 0.607028
-0.746256 0.444012 0.495938
-0.333327 -0.350762 0.875134
-0.746256 0.444012 0.495938
-0.549174 0.574391 0.607028
-0.357614 0.888638 -0.287115
-0.357614 0.888638 -0.287115
-0.455711 0.816197 -0.355177
-0.746256 0.444012 0.495938
-0.455711 0.816197 -0.355177
-0.357614 0.888638 -0.287115
0.179567 0.348462 -0.919962
0.179567 0.348462 -0.919962
0.285944 0.392290 -0.874268
-0.455711 0.816197 -0.355177
0.285944 0.392290 -0.874268
0.179567 0.348462 -0.919962
0.554852 -0.563402 -0.612141
0.554852 -0.563402 -0.612141
0.752131 -0.445715 -0.485425
0.285944 0.392290 -0.874268
0.554852 -0.563402 -0.612141
0.304137 -0.651579 -0.694942
0.190053 -0.935166 0.298905
0.190053 -0.935166 0.298905
0.331818 -0.874464 0.353850
0.554852 -0.563402 -0.612141
0.331818 -0.874464 0.353850
0.190053 -0.935166 0.298905
-0.118212 -0.248540 0.961381
-0.118212 -0.248540 0.961381
-0.228458 -0.282006 0.931815
0.331818 -0.874464 0.353850
-0.228458 -0.282006 0.931815
-0.118212 -0.248540 0.961381
-0.298972 0.664040 0.685323
-0.298972 0.664040 0.685323
-0.549174 0.574391 0.607028
-0.228458 -0.282006 0.931815
-0.549174 0.574391 0.607028
-0.298972 0.664040 0.685323
-0.201648 0.951337 -0.233016
-0.201648 0.951337 -0.233016
-0.357614 0.888638 -0.287115
-0.549174 0.574391 0.607028
-0.357614 0.888638 -0.287115
-0.201648 0.951337 -0.233016
0.090555 0.324647 -0.941490
0.090555 0.324647 -0.941490
0.179567 0.348462 -0.919962
-0.357614 0.888638 -0.287115
0.179567 0.348462 -0.919962
0.090555 0.324647 -0.941490
0.304137 -0.651579 -0.694942
0.304137 -0.651579 -0.694942
0.554852 -0.563402 -0.612141
0.179567 0.348462 -0.919962
0.304137 -0.651579 -0.694942
0.000878 -0.684197 -0.729297
0.000523 -0.958155 0.286249
0.000523 -0.958155 0.286249
0.190053 -0.935166 0.298905
0.304137 -0.651579 -0.694942
0.190053 -0.935166 0.298905
0.000523 -0.958155 0.286249
-0.000314 -0.227920 0.973680
-0.000314 -0.227920 0.973680
-0.118212 -0.248540 0.961381
0.190053 -0.935166 0.298905
-0.118212 -0.248540 0.961381
-0.000314 -0.227920 0.973680
-0.000712 0.700794 0.713363
-0.000712 0.700794 0.713363
-0.298972 0.664040 0.685323
-0.118212 -0.248540 0.961381
-0.298972 0.664040 0.685323
-0.000712 0.700794 0.713363
-0.000531 0.978364 -0.206892
-0.000531 0.978364 -0.206892
-0.201648 0.951337 -0.233016
-0.298972 0.664040 0.685323
-0.201648 0.951337 -0.233016
-0.000531 0.978364 -0.206892
0.000202 0.326994 -0.945026
0.000202 0.326994 -0.945026
0.090555 0.324647 -0.941490
-0.201648 0.951337 -0.233016
0.090555 0.324647 -0.941490
0.000202 0.326994 -0.945026
0.000878 -0.684197 -0.729297
0.000878 -0.684197 -0.729297
0.304137 -0.651579 -0.694942
0.090555 0.324647 -0.941490
-0.999951 0.009838 -0.001055
-0.497002 -0.208542 0.842318
-0.511450 -0.324640 0.795630
-0.511450 -0.324640 0.795630
-0.999063 0.027189 -0.033660
-0.999951 0.009838 -0.001055
-0.497002 -0.208542 0.842318
0.511971 -0.214724 0.831733
0.525071 -0.327890 0.785359
0.525071 -0.327890 0.785359
-0.511450 -0.324640 0.795630
-0.497002 -0.208542 0.842318
0.511971 -0.214724 0.831733
0.999755 -0.002404 -0.021991
0.998477 0.019219 -0.051708
0.998477 0.019219 -0.051708
0.525071 -0.327890 0.785359
0.511971 -0.214724 0.831733
0.999755 -0.002404 -0.021991
0.486620 0.213746 -0.847061
0.472259 0.348370 -0.809698
0.472259 0.348370 -0.809698
0.998477 0.019219 -0.051708
0.999755 -0.002404 -0.021991
0.486620 0.213746 -0.847061
-0.501576 0.219790 -0.836728
-0.483498 0.352683 -0.801152
-0.483498 0.352683 -0.801152
0.472259 0.348370 -0.809698
0.486620 0.213746 -0.847061
-0.501576 0.219790 -0.836728
-0.999951 0.009838 -0.001055
-0.999063 0.027189 -0.033660
-0.999063 0.027189 -0.033660
-0.483498 0.352683 -0.801152
-0.501576 0.219790 -0.836728
-0.999063 0.027189 -0.033660
-0.511450 -0.324640 0.795630
-0.533698 -0.579226 0.616169
-0.533698 -0.579226 0.616169
-0.997680 0.048440 -0.047841
-0.999063 0.027189 -0.033660
-0.511450 -0.324640 0.795630
0.525071 -0.327890 0.785359
0.538904 -0.583237 0.607796
0.538904 -0.583237 0.607796
-0.533698 -0.579226 0.616169
-0.511450 -0.324640 0.795630
0.525071 -0.327890 0.785359
0.998477 0.019219 -0.051708
0.997035 0.040654 -0.065328
0.997035 0.040654 -0.065328
0.538904 -0.583237 0.607796
0.525071 -0.327890 0.785359
0.998477 0.019219 -0.051708
0.472259 0.348370 -0.809698
0.470069 0.624676 -0.623551
0.470069 0.624676 -0.623551
0.997035 0.040654 -0.065328
0.998477 0.019219 -0.051708
0.472259 0.348370 -0.809698
-0.483498 0.352683 -0.801152
-0.477348 0.628253 -0.614359
-0.477348 0.628253 -0.614359
0.470069 0.624676 -0.623551
0.472259 0.348370 -0.809698
-0.483498 0.352683 -0.801152
-0.999063 0.027189 -0.033660
-0.997680 0.048440 -0.047841
-0.997680 0.048440 -0.047841
-0.477348 0.628253 -0.614359
-0.483498 0.352683 -0.801152
-0.997680 0.048440 -0.047841
-0.533698 -0.579226 0.616169
-0.480840 -0.713560 0.509534
-0.480840 -0.713560 0.509534
-0.999271 -0.036624 -0.010777
-0.997680 0.048440 -0.047841
-0.533698 -0.579226 0.616169
0.538904 -0.583237 0.607796
0.500863 -0.685687 0.528176
0.500863 -0.685687 0.528176
-0.480840 -0.713560 0.509534
-0.533698 -0.579226 0.616169
0.538904 -0.583237 0.607796
0.997035 0.040654 -0.065328
0.999329 0.001426 0.036611
0.999329 0.001426 0.036611
0.500863 -0.685687 0.528176
0.538904 -0.583237 0.607796
0.997035 0.040654 -0.065328
0.470069 0.624676 -0.623551
0.519759 0.695846 -0.495630
0.519759 0.695846 -0.495630
0.999329 0.001426 0.036611
0.997035 0.040654 -0.065328
0.470069 0.624676 -0.623551
-0.477348 0.628253 -0.614359
-0.499879 0.687909 -0.526215
-0.499879 0.687909 -0.526215
0.519759 0.695846 -0.495630
0.470069 0.624676 -0.623551
-0.477348 0.628253 -0.614359
-0.997680 0.048440 -0.047841
-0.999271 -0.036624 -0.010777
-0.999271 -0.036624 -0.010777
-0.499879 0.687909 -0.526215
-0.477348 0.628253 -0.614359
-0.999271 -0.036624 -0.010777
-0.480840 -0.713560 0.509534
-0.451777 -0.733391 0.507971
-0.451777 -0.733391 0.507971
-0.975284 -0.145963 -0.165878
-0.999271 -0.036624 -0.010777
-0.480840 -0.713560 0.509534
0.500863 -0.685687 0.528176
0.512399 -0.561410 0.649821
0.512399 -0.561410 0.649821
-0.451777 -0.733391 0.507971
-0.480840 -0.713560 0.509534
0.500863 -0.685687 0.528176
0.999329 0.001426 0.036611
0.974722 0.140376 0.173814
0.974722 0.140376 0.173814
0.512399 -0.561410 0.649821
0.500863 -0.685687 0.528176
0.999329 0.001426 0.036611
0.519759 0.695846 -0.495630
0.526087 0.710865 -0.466802
0.526087 0.710865 -0.466802
0.974722 0.140376 0.173814
0.999329 0.001426 0.036611
0.519759 0.695846 -0.495630
-0.499879 0.687909 -0.526215
-0.445374 0.600622 -0.663999
-0.445374 0.600622 -0.663999
0.526087 0.710865 -0.466802
0.519759 0.695846 -0.495630
-0.499879 0.687909 -0.526215
-0.999271 -0.036624 -0.010777
-0.975284 -0.145963 -0.165878
-0.975284 -0.145963 -0.165878
-0.445374 0.600622 -0.663999
-0.499879 0.687909 -0.526215
-0.975284 -0.145963 -0.165878
-0.451777 -0.733391 0.507971
-0.439049 -0.775708 0.453335
-0.439049 -0.775708 0.453335
-0.883843 -0.319193 -0.341961
-0.975284 -0.145963 -0.165878
-0.451777 -0.733391 0.507971
0.512399 -0.561410 0.649821
0.432024 -0.452118 0.780349
0.432024 -0.452118 0.780349
-0.439049 -0.775708 0.453335
-0.451777 -0.733391 0.507971
0.512399 -0.561410 0.649821
0.974722 0.140376 0.173814
0.881357 0.301286 0.363920
0.881357 0.301286 0.363920
0.432024 -0.452118 0.780349
0.512399 -0.561410 0.649821
0.974722 0.140376 0.173814
0.526087 0.710865 -0.466802
0.495148 0.770123 -0.402167
0.495148 0.770123 -0.402167
0.881357 0.301286 0.363920
0.974722 0.140376 0.173814
0.526087 0.710865 -0.466802
-0.445374 0.600622 -0.663999
-0.392426 0.480745 -0.784147
-0.392426 0.480745 -0.784147
0.495148 0.770123 -0.402167
0.526087 0.710865 -0.466802
-0.445374 0.600622 -0.663999
-0.975284 -0.145963 -0.165878
-0.883843 -0.319193 -0.341961
-0.883843 -0.319193 -0.341961
-0.392426 0.480745 -0.784147
-0.445374 0.600622 -0.663999
-0.883843 -0.319193 -0.341961
-0.439049 -0.775708 0.453335
-0.415755 -0.809687 0.414192
-0.415755 -0.809687 0.414192
-0.752130 -0.445716 -0.485424
-0.883843 -0.319193 -0.341961
-0.439049 -0.775708 0.453335
0.432024 -0.452118 0.780349
0.333328 -0.350760 0.875134
0.333328 -0.350760 0.875134
-0.415755 -0.809687 0.414192
-0.439049 -0.775708 0.453335
0.432024 -0.452118 0.780349
0.881357 0.301286 0.363920
0.746257 0.444013 0.495937
0.746257 0.444013 0.495937
0.333328 -0.350760 0.875134
0.432024 -0.452118 0.780349
0.881357 0.301286 0.363920
0.495148 0.770123 -0.402167
0.455711 0.816197 -0.355176
0.455711 0.816197 -0.355176
0.746257 0.444013 0.495937
0.881357 0.301286 0.363920
0.495148 0.770123 -0.402167
-0.392426 0.480745 -0.784147
-0.285944 0.392290 -0.874268
-0.285944 0.392290 -0.874268
0.455711 0.816197 -0.355176
0.495148 0.770123 -0.402167
-0.392426 0.480745 -0.784147
-0.883843 -0.319193 -0.341961
-0.752130 -0.445716 -0.485424
-0.752130 -0.445716 -0.485424
-0.285944 0.392290 -0.874268
-0.392426 0.480745 -0.784147
-0.752130 -0.445716 -0.485424
-0.415755 -0.809687 0.414192
-0.331818 -0.874464 0.353850
-0.331818 -0.874464 0.353850
-0.554853 -0.563403 -0.612140
-0.752130 -0.445716 -0.485424
-0.415755 -0.809687 0.414192
0.333328 -0.350760 0.875134
0.228459 -0.282005 0.931815
0.228459 -0.282005 0.931815
-0.331818 -0.874464 0.353850
-0.415755 -0.809687 0.414192
0.333328 -0.350760 0.875134
0.746257 0.444013 0.495937
0.549174 0.574392 0.607027
0.549174 0.574392 0.607027
0.228459 -0.282005 0.931815
0.333328 -0.350760 0.875134
0.746257 0.444013 0.495937
0.455711 0.816197 -0.355176
0.357614 0.888638 -0.287115
0.357614 0.888638 -0.287115
0.549174 0.574392 0.607027
0.746257 0.444013 0.495937
0.455711 0.816197 -0.355176
-0.285944 0.392290 -0.874268
-0.179567 0.348462 -0.919962
-0.179567 0.348462 -0.919962
0.357614 0.888638 -0.287115
0.455711 0.816197 -0.355176
-0.285944 0.392290 -0.874268
-0.752130 -0.445716 -0.485424
-0.554853 -0.563403 -0.612140
-0.554853 -0.563403 -0.612140
-0.179567 0.348462 -0.919962
-0.285944 0.392290 -0.874268
-0.554853 -0.563403 -0.612140
-0.331818 -0.874464 0.353850
-0.189497 -0.935234 0.299046
-0.189497 -0.935234 0.299046
-0.303313 -0.651735 -0.695157
-0.554853 -0.563403 -0.612140
-0.331818 -0.874464 0.353850
0.228459 -0.282005 0.931815
0.117996 -0.248283 0.961474
0.117996 -0.248283 0.961474
-0.189497 -0.935234 0.299046
-0.331818 -0.874464 0.353850
0.228459 -0.282005 0.931815
0.549174 0.574392 0.607027
0.298283 0.664233 0.685436
0.298283 0.664233 0.685436
0.117996 -0.248283 0.961474
0.228459 -0.282005 0.931815
0.549174 0.574392 0.607027
0.357614 0.888638 -0.287115
0.201171 0.951494 -0.232788
0.201171 0.951494 -0.232788
0.298283 0.664233 0.685436
0.549174 0.574392 0.607027
0.357614 0.888638 -0.287115
-0.179567 0.348462 -0.919962
-0.090252 0.324850 -0.941450
-0.090252 0.324850 -0.941450
0.201171 0.951494 -0.232788
0.357614 0.888638 -0.287115
-0.179567 0.348462 -0.919962
-0.554853 -0.563403 -0.612140
-0.303313 -0.651735 -0.695157
-0.303313 -0.651735 -0.695157
-0.090252 0.324850 -0.941450
-0.179567 0.348462 -0.919962
-0.303313 -0.651735 -0.695157
-0.189497 -0.935234 0.299046
0.000523 -0.958155 0.286249
0.000523 -0.958155 0.286249
0.000878 -0.684197 -0.729297
-0.303313 -0.651735 -0.695157
-0.189497 -0.935234 0.299046
0.117996 -0.248283 0.961474
-0.000314 -0.227920 0.973680
-0.000314 -0.227920 0.973680
0.000523 -0.958155 0.286249
-0.189497 -0.935234 0.299046
0.117996 -0.248283 0.961474
0.298283 0.664233 0.685436
-0.000712 0.700794 0.713363
-0.000712 0.700794 0.713363
-0.000314 -0.227920 0.973680
0.117996 -0.248283 0.961474
0.298283 0.664233 0.685436
0.201171 0.951494 -0.232788
-0.000531 0.978364 -0.206892
-0.000531 0.978364 -0.206892
-0.000712 0.700794 0.713363
0.298283 0.664233 0.685436
0.201171 0.951494 -0.232788
-0.090252 0.324850 -0.941450
0.000202 0.326994 -0.945026
0.000202 0.326994 -0.945026
-0.000531 0.978364 -0.206892
0.201171 0.951494 -0.232788
-0.090252 0.324850 -0.941450
-0.303313 -0.651735 -0.695157
0.000878 -0.684197 -0.729297
0.000878 -0.684197 -0.729297
0.000202 0.326994 -0.945026
-0.090252 0.324850 -0.941450
1.000000 0.000000 0.000000
1.000000 0.000000 0.000000
1.000000 0.000000 0.000000
1.000000 0.000000 0.000000
1.000000 0.000000 0.000000
1.000000 0.000000 0.000000
1.000000 0.000000 0.000000
1.000000 0.000000 0.000000
1.000000 0.000000 0.000000
1.000000 0.000000 0.000000
1.000000 0.000000 0.000000
1.000000 0.000000 0.000000
0.000000 -1.000000 0.000000
0.000000 -1.000000 -0.000000
0.000000 -0.500000 -0.866025
0.000000 -0.500000 -0.866025
0.000000 -0.500000 -0.866025
0.000000 -1.000000 0.000000
0.000000 -0.500000 -0.866025
0.000000 -0.500000 -0.866025
-0.000000 0.500000 -0.866025
-0.000000 0.500000 -0.866025
-0.000000 0.500000 -0.866025
0.000000 -0.500000 -0.866025
-0.000000 0.500000 -0.866025
-0.000000 0.500000 -0.866025
-0.000000 1.000000 0.000000
-0.000000 1.000000 0.000000
-0.000000 1.000000 0.000000
-0.000000 0.500000 -0.866025
-0.000000 1.000000 0.000000
-0.000000 1.000000 0.000000
-0.000000 0.500000 0.866026
-0.000000 0.500000 0.866026
-0.000000 0.500000 0.866025
-0.000000 1.000000 0.000000
-0.000000 0.500000 0.866025
-0.000000 0.500000 0.866026
0.000000 -0.500000 0.866025
0.000000 -0.500000 0.866025
0.000000 -0.500000 0.866025
-0.000000 0.500000 0.866025
0.000000 -0.500000 0.866025
0.000000 -0.500000 0.866025
0.000000 -1.000000 -0.000000
0.000000 -1.000000 -0.000000
0.000000 -1.000000 0.000000
0.000000 -0.500000 0.866025
-1.000000 -0.000000 0.000000
-1.000000 -0.000000 0.000000
-1.000000 -0.000000 0.000000
-1.000000 -0.000000 0.000000
-1.000000 -0.000000 0.000000
-1.000000 -0.000000 0.000000
-1.000000 -0.000000 0.000000
-1.000000 -0.000000 0.000000
-1.000000 -0.000000 0.000000
-1.000000 -0.000000 0.000000
-1.000000 -0.000000 0.000000
-1.000000 -0.000000 0.000000
-1.000000 0.000000 0.000000
-1.000000 0.000000 0.000000
-1.000000 0.000000 0.000000
-1.000000 0.000000 0.000000
-1.000000 0.000000 0.000000
-1.000000 0.000000 0.000000
-1.000000 0.000000 0.000000
-1.000000 0.000000 0.000000
-1.000000 0.000000 0.000000
-1.000000 0.000000 0.000000
-1.000000 0.000000 0.000000
-1.000000 0.000000 0.000000
0.000000 -1.000000 0.000000
0.000000 -0.500000 -0.866025
0.000000 -0.500000 -0.866025
0.000000 -0.500000 -0.866025
0.000000 -1.000000 -0.000000
0.000000 -1.000000 0.000000
0.000000 -0.500000 -0.866025
0.000000 0.500000 -0.866025
0.000000 0.500000 -0.866025
0.000000 0.500000 -0.866025
0.000000 -0.500000 -0.866025
0.000000 -0.500000 -0.866025
0.000000 0.500000 -0.866025
0.000000 1.000000 0.000000
0.000000 1.000000 0.000000
0.000000 1.000000 0.000000
0.000000 0.500000 -0.866025
0.000000 0.500000 -0.866025
0.000000 1.000000 0.000000
0.000000 0.500000 0.866025
0.000000 0.500000 0.866026
0.000000 0.500000 0.866026
0.000000 1.000000 0.000000
0.000000 1.000000 0.000000
0.000000 0.500000 0.866025
-0.000000 -0.500000 0.866025
-0.000000 -0.500000 0.866025
-0.000000 -0.500000 0.866025
0.000000 0.500000 0.866026
0.000000 0.500000 0.866025
-0.000000 -0.500000 0.866025
0.000000 -1.000000 0.000000
0.000000 -1.000000 -0.000000
0.000000 -1.000000 -0.000000
-0.000000 -0.500000 0.866025
-0.000000 -0.500000 0.866025
1.000000 -0.000000 0.000000
1.000000 -0.000000 0.000000
1.000000 -0.000000 0.000000
1.000000 -0.000000 0.000000
1.000000 -0.000000 0.000000
1.000000 -0.000000 0.000000
1.000000 -0.000000 0.000000
1.000000 -0.000000 0.000000
1.000000 -0.000000 0.000000
1.000000 -0.000000 0.000000
1.000000 -0.000000 0.000000
1.000000 -0.000000 0.000000
-1.000000 0.000000 0.000000
-1.000000 0.000000 0.000000
-1.000000 0.000000 0.000000
-1.000000 0.000000 0.000000
-1.000000 0.000000 0.000000
-1.000000 0.000000 0.000000
-1.000000 0.000000 0.000000
-1.000000 0.000000 0.000000
-1.000000 0.000000 0.000000
-1.000000 0.000000 0.000000
-1.000000 0.000000 0.000000
-1.000000 0.000000 0.000000
0.000000 -1.000000 0.000000
0.000000 -0.500000 -0.866025
0.000000 -0.500000 -0.866025
0.000000 -0.500000 -0.866025
0.000000 -1.000000 -0.000000
0.000000 -1.000000 0.000000
0.000000 -0.500000 -0.866025
0.000000 0.500000 -0.866025
0.000000 0.500000 -0.866025
0.000000 0.500000 -0.866025
0.000000 -0.500000 -0.866025
0.000000 -0.500000 -0.866025
0.000000 0.500000 -0.866025
0.000000 1.000000 0.000000
0.000000 1.000000 0.000000
0.000000 1.000000 0.000000
0.000000 0.500000 -0.866025
0.000000 0.500000 -0.866025
0.000000 1.000000 0.000000
0.000000 0.500000 0.866025
0.000000 0.500000 0.866026
0.000000 0.500000 0.866026
0.000000 1.000000 0.000000
0.000000 1.000000 0.000000
0.000000 0.500000 0.866025
-0.000000 -0.500000 0.866025
-0.000000 -0.500000 0.866025
-0.000000 -0.500000 0.866025
0.000000 0.500000 0.866026
0.000000 0.500000 0.866025
-0.000000 -0.500000 0.866025
0.000000 -1.000000 0.000000
0.000000 -1.000000 -0.000000
0.000000 -1.000000 -0.000000
-0.000000 -0.500000 0.866025
-0.000000 -0.500000 0.866025
1.000000 -0.000000 0.000000
1.000000 -0.000000 0.000000
1.000000 -0.000000 0.000000
1.000000 -0.000000 0.000000
1.000000 -0.000000 0.000000
1.000000 -0.000000 0.000000
1.000000 -0.000000 0.000000
1.000000 -0.000000 0.000000
1.000000 -0.000000 0.000000
1.000000 -0.000000 0.000000
1.000000 -0.000000 0.000000
1.000000 -0.000000 0.000000
0.000001 0.597059 -0.802197
-0.000001 0.727448 -0.686163
-0.890019 0.330386 -0.314182
-0.890019 0.330386 -0.314182
-0.871613 0.292676 -0.393233
0.000001 0.597059 -0.802197
-0.871613 0.292676 -0.393233
-0.890019 0.330386 -0.314182
-0.843677 -0.390421 0.368483
-0.843677 -0.390421 0.368483
-0.858985 -0.308229 0.408826
-0.871613 0.292676 -0.393233
-0.858985 -0.308229 0.408826
-0.843677 -0.390421 0.368483
-0.000000 -0.724570 0.689201
-0.000000 -0.724570 0.689201
-0.000000 -0.602010 0.798488
-0.858985 -0.308229 0.408826
-0.000000 -0.602010 0.798488
-0.000000 -0.724570 0.689201
0.843677 -0.390422 0.368483
0.843677 -0.390422 0.368483
0.858985 -0.308230 0.408826
-0.000000 -0.602010 0.798488
0.858985 -0.308230 0.408826
0.843677 -0.390422 0.368483
0.890020 0.330386 -0.314182
0.890020 0.330386 -0.314182
0.871613 0.292675 -0.393233
0.858985 -0.308230 0.408826
0.871613 0.292675 -0.393233
0.890020 0.330386 -0.314182
-0.000001 0.727448 -0.686163
-0.000001 0.727448 -0.686163
0.000001 0.597059 -0.802197
0.871613 0.292675 -0.393233
-0.000001 0.727448 -0.686163
0.000000 0.884128 -0.467245
-0.879959 0.420988 -0.220093
-0.879959 0.420988 -0.220093
-0.890019 0.330386 -0.314182
-0.000001 0.727448 -0.686163
-0.890019 0.330386 -0.314182
-0.879959 0.420988 -0.220093
-0.851251 -0.463284 0.246454
-0.851251 -0.463284 0.246454
-0.843677 -0.390421 0.368483
-0.890019 0.330386 -0.314182
-0.843677 -0.390421 0.368483
-0.851251 -0.463284 0.246454
-0.000000 -0.885097 0.465407
-0.000000 -0.885097 0.465407
-0.000000 -0.724570 0.689201
-0.843677 -0.390421 0.368483
-0.000000 -0.724570 0.689201
-0.000000 -0.885097 0.465407
0.851251 -0.463284 0.246454
0.851251 -0.463284 0.246454
0.843677 -0.390422 0.368483
-0.000000 -0.724570 0.689201
0.843677 -0.390422 0.368483
0.851251 -0.463284 0.246454
0.879959 0.420989 -0.220093
0.879959 0.420989 -0.220093
0.890020 0.330386 -0.314182
0.843677 -0.390422 0.368483
0.890020 0.330386 -0.314182
0.879959 0.420989 -0.220093
0.000000 0.884128 -0.467245
0.000000 0.884128 -0.467245
-0.000001 0.727448 -0.686163
0.890020 0.330386 -0.314182
0.000000 0.884128 -0.467245
0.000000 0.946220 -0.323524
-0.873404 0.460881 -0.157338
-0.873404 0.460881 -0.157338
-0.879959 0.420988 -0.220093
0.000000 0.884128 -0.467245
-0.879959 0.420988 -0.220093
-0.873404 0.460881 -0.157338
-0.859025 -0.484512 0.165303
-0.859025 -0.484512 0.165303
-0.851251 -0.463284 0.246454
-0.879959 0.420988 -0.220093
-0.851251 -0.463284 0.246454
-0.859025 -0.484512 0.165303
-0.000000 -0.946576 0.322479
-0.000000 -0.946576 0.322479
-0.000000 -0.885097 0.465407
-0.851251 -0.463284 0.246454
-0.000000 -0.885097 0.465407
-0.000000 -0.946576 0.322479
0.859025 -0.484512 0.165303
0.859025 -0.484512 0.165303
0.851251 -0.463284 0.246454
-0.000000 -0.885097 0.465407
0.851251 -0.463284 0.246454
0.859025 -0.484512 0.165303
0.873404 0.460880 -0.157337
0.873404 0.460880 -0.157337
0.879959 0.420989 -0.220093
0.851251 -0.463284 0.246454
0.879959 0.420989 -0.220093
0.873404 0.460880 -0.157337
0.000000 0.946220 -0.323524
0.000000 0.946220 -0.323524
0.000000 0.884128 -0.467245
0.879959 0.420989 -0.220093
0.000000 0.946220 -0.323524
0.000000 0.971322 -0.237768
-0.871131 0.476977 -0.116719
-0.871131 0.476977 -0.116719
-0.873404 0.460881 -0.157338
0.000000 0.946220 -0.323524
-0.873404 0.460881 -0.157338
-0.871131 0.476977 -0.116719
-0.860992 -0.494074 0.120761
-0.860992 -0.494074 0.120761
-0.859025 -0.484512 0.165303
-0.873404 0.460881 -0.157338
-0.859025 -0.484512 0.165303
-0.860992 -0.494074 0.120761
0.000000 -0.971422 0.237360
0.000000 -0.971422 0.237360
-0.000000 -0.946576 0.322479
-0.859025 -0.484512 0.165303
-0.000000 -0.946576 0.322479
0.000000 -0.971422 0.237360
0.860992 -0.494075 0.120762
0.860992 -0.494075 0.120762
0.859025 -0.484512 0.165303
-0.000000 -0.946576 0.322479
0.859025 -0.484512 0.165303
0.860992 -0.494075 0.120762
0.871132 0.476977 -0.116718
0.871132 0.476977 -0.116718
0.873404 0.460880 -0.157337
0.859025 -0.484512 0.165303
0.873404 0.460880 -0.157337
0.871132 0.476977 -0.116718
0.000000 0.971322 -0.237768
0.000000 0.971322 -0.237768
0.000000 0.946220 -0.323524
0.873404 0.460880 -0.157337
0.000000 0.971322 -0.237768
-0.000000 0.991524 -0.129926
-0.876376 0.477565 -0.062425
-0.876376 0.477565 -0.062425
-0.871131 0.476977 -0.116719
0.000000 0.971322 -0.237768
-0.871131 0.476977 -0.116719
-0.876376 0.477565 -0.062425
-0.856263 -0.512192 0.066873
-0.856263 -0.512192 0.066873
-0.860992 -0.494074 0.120761
-0.871131 0.476977 -0.116719
-0.860992 -0.494074 0.120761
-0.856263 -0.512192 0.066873
-0.000000 -0.991622 0.129173
-0.000000 -0.991622 0.129173
0.000000 -0.971422 0.237360
-0.860992 -0.494074 0.120761
0.000000 -0.971422 0.237360
-0.000000 -0.991622 0.129173
0.856263 -0.512193 0.066874
0.856263 -0.512193 0.066874
0.860992 -0.494075 0.120762
0.000000 -0.971422 0.237360
0.860992 -0.494075 0.120762
0.856263 -0.512193 0.066874
0.876376 0.477565 -0.062424
0.876376 0.477565 -0.062424
0.871132 0.476977 -0.116718
0.860992 -0.494075 0.120762
0.871132 0.476977 -0.116718
0.876376 0.477565 -0.062424
-0.000000 0.991524 -0.129926
-0.000000 0.991524 -0.129926
0.000000 0.971322 -0.237768
0.871132 0.476977 -0.116718
-0.000000 0.991524 -0.129926
0.000000 0.999220 0.039490
-0.879730 0.475103 0.018776
-0.879730 0.475103 0.018776
-0.876376 0.477565 -0.062425
-0.000000 0.991524 -0.129926
-0.876376 0.477565 -0.062425
-0.879730 0.475103 0.018776
-0.853310 -0.520998 -0.020590
-0.853310 -0.520998 -0.020590
-0.856263 -0.512192 0.066873
-0.876376 0.477565 -0.062425
-0.856263 -0.512192 0.066873
-0.853310 -0.520998 -0.020590
-0.000000 -0.999220 -0.039489
-0.000000 -0.999220 -0.039489
-0.000000 -0.991622 0.129173
-0.856263 -0.512192 0.066873
-0.000000 -0.991622 0.129173
-0.000000 -0.999220 -0.039489
0.853310 -0.520998 -0.020590
0.853310 -0.520998 -0.020590
0.856263 -0.512193 0.066874
-0.000000 -0.991622 0.129173
0.856263 -0.512193 0.066874
0.853310 -0.520998 -0.020590
0.879730 0.475103 0.018777
0.879730 0.475103 0.018777
0.876376 0.477565 -0.062424
0.856263 -0.512193 0.066874
0.876376 0.477565 -0.062424
0.879730 0.475103 0.018777
0.000000 0.999220 0.039490
0.000000 0.999220 0.039490
-0.000000 0.991524 -0.129926
0.876376 0.477565 -0.062424
0.000000 0.999220 0.039490
0.000000 0.973602 0.228252
-0.879472 0.463386 0.108636
-0.879472 0.463386 0.108636
-0.879730 0.475103 0.018776
0.000000 0.999220 0.039490
-0.879730 0.475103 0.018776
-0.879472 0.463386 0.108636
-0.853531 -0.507288 -0.118929
-0.853531 -0.507288 -0.118929
-0.853310 -0.520998 -0.020590
-0.879730 0.475103 0.018776
-0.853310 -0.520998 -0.020590
-0.853531 -0.507288 -0.118929
-0.000000 -0.973603 -0.228250
-0.000000 -0.973603 -0.228250
-0.000000 -0.999220 -0.039489
-0.853310 -0.520998 -0.020590
-0.000000 -0.999220 -0.039489
-0.000000 -0.973603 -0.228250
0.853530 -0.507289 -0.118929
0.853530 -0.507289 -0.118929
0.853310 -0.520998 -0.020590
-0.000000 -0.999220 -0.039489
0.853310 -0.520998 -0.020590
0.853530 -0.507289 -0.118929
0.879472 0.463386 0.108636
0.879472 0.463386 0.108636
0.879730 0.475103 0.018777
0.853310 -0.520998 -0.020590
0.879730 0.475103 0.018777
0.879472 0.463386 0.108636
0.000000 0.973602 0.228252
0.000000 0.973602 0.228252
0.000000 0.999220 0.039490
0.879730 0.475103 0.018777
0.000000 0.973602 0.228252
0.000000 0.904136 0.427245
-0.882724 0.424846 0.200759
-0.882724 0.424846 0.200759
-0.879472 0.463386 0.108636
0.000000 0.973602 0.228252
-0.879472 0.463386 0.108636
-0.882724 0.424846 0.200759
-0.850777 -0.475147 -0.224530
-0.850777 -0.475147 -0.224530
-0.853531 -0.507288 -0.118929
-0.879472 0.463386 0.108636
-0.853531 -0.507288 -0.118929
-0.850777 -0.475147 -0.224530
-0.000001 -0.904133 -0.427250
-0.000001 -0.904133 -0.427250
-0.000000 -0.973603 -0.228250
-0.853531 -0.507288 -0.118929
-0.000000 -0.973603 -0.228250
-0.000001 -0.904133 -0.427250
0.850776 -0.475148 -0.224531
0.850776 -0.475148 -0.224531
0.853530 -0.507289 -0.118929
-0.000000 -0.973603 -0.228250
0.853530 -0.507289 -0.118929
0.850776 -0.475148 -0.224531
0.882724 0.424845 0.200760
0.882724 0.424845 0.200760
0.879472 0.463386 0.108636
0.853530 -0.507289 -0.118929
0.879472 0.463386 0.108636
0.882724 0.424845 0.200760
0.000000 0.904136 0.427245
0.000000 0.904136 0.427245
0.000000 0.973602 0.228252
0.879472 0.463386 0.108636
0.000000 0.904136 0.427245
-0.000000 0.688012 0.725699
-0.903365 0.295067 0.311234
-0.903365 0.295067 0.311234
-0.882724 0.424846 0.200759
0.000000 0.904136 0.427245
-0.882724 0.424846 0.200759
-0.903365 0.295067 0.311234
-0.835524 -0.378027 -0.398742
-0.835524 -0.378027 -0.398742
-0.850777 -0.475147 -0.224530
-0.882724 0.424846 0.200759
-0.850777 -0.475147 -0.224530
-0.835524 -0.378027 -0.398742
0.000000 -0.688001 -0.725710
0.000000 -0.688001 -0.725710
-0.000001 -0.904133 -0.427250
-0.850777 -0.475147 -0.224530
-0.000001 -0.904133 -0.427250
0.000000 -0.688001 -0.725710
0.835524 -0.378027 -0.398742
0.835524 -0.378027 -0.398742
0.850776 -0.475148 -0.224531
-0.000001 -0.904133 -0.427250
0.850776 -0.475148 -0.224531
0.835524 -0.378027 -0.398742
0.903365 0.295067 0.311235
0.903365 0.295067 0.311235
0.882724 0.424845 0.200760
0.850776 -0.475148 -0.224531
0.882724 0.424845 0.200760
0.903365 0.295067 0.311235
-0.000000 0.688012 0.725699
-0.000000 0.688012 0.725699
0.000000 0.904136 0.427245
0.882724 0.424845 0.200760
-0.000000 0.688012 0.725699
-0.130414 0.255776 0.957899
-0.948365 0.109652 0.297624
-0.948365 0.109652 0.297624
-0.903365 0.295067 0.311234
-0.000000 0.688012 0.725699
-0.903365 0.295067 0.311234
-0.948365 0.109652 0.297624
-0.761514 -0.140464 -0.632745
-0.761514 -0.140464 -0.632745
-0.835524 -0.378027 -0.398742
-0.903365 0.295067 0.311234
-0.835524 -0.378027 -0.398742
-0.761514 -0.140464 -0.632745
0.129596 -0.254634 -0.958314
0.129596 -0.254634 -0.958314
0.000000 -0.688001 -0.725710
-0.835524 -0.378027 -0.398742
0.000000 -0.688001 -0.725710
0.129596 -0.254634 -0.958314
0.897233 -0.139560 -0.418921
0.897233 -0.139560 -0.418921
0.835524 -0.378027 -0.398742
0.000000 -0.688001 -0.725710
0.835524 -0.378027 -0.398742
0.897233 -0.139560 -0.418921
0.842601 0.109905 0.527204
0.842601 0.109905 0.527204
0.903365 0.295067 0.311235
0.835524 -0.378027 -0.398742
0.903365 0.295067 0.311235
0.842601 0.109905 0.527204
-0.130414 0.255776 0.957899
-0.130414 0.255776 0.957899
-0.000000 0.688012 0.725699
0.903365 0.295067 0.311235
-0.130414 0.255776 0.957899
-0.417410 0.106392 0.902469
-0.974189 0.184526 0.130027
-0.974189 0.184526 0.130027
-0.948365 0.109652 0.297624
-0.130414 0.255776 0.957899
-0.948365 0.109652 0.297624
-0.974189 0.184526 0.130027
-0.634900 0.101760 -0.765864
-0.634900 0.101760 -0.765864
-0.761514 -0.140464 -0.632745
-0.948365 0.109652 0.297624
-0.761514 -0.140464 -0.632745
-0.634900 0.101760 -0.765864
0.326297 -0.087717 -0.941188
0.326297 -0.087717 -0.941188
0.129596 -0.254634 -0.958314
-0.761514 -0.140464 -0.632745
0.129596 -0.254634 -0.958314
0.326297 -0.087717 -0.941188
0.972053 -0.197567 -0.126807
0.972053 -0.197567 -0.126807
0.897233 -0.139560 -0.418921
0.129596 -0.254634 -0.958314
0.897233 -0.139560 -0.418921
0.972053 -0.197567 -0.126807
0.553260 -0.082703 0.828893
0.553260 -0.082703 0.828893
0.842601 0.109905 0.527204
0.897233 -0.139560 -0.418921
0.842601 0.109905 0.527204
0.553260 -0.082703 0.828893
-0.417410 0.106392 0.902469
-0.417410 0.106392 0.902469
-0.130414 0.255776 0.957899
0.842601 0.109905 0.527204
-0.264414 0.964409 -0.000000
-0.509256 0.860615 -0.000000
-0.269342 0.455174 0.848688
-0.269342 0.455174 0.848688
-0.139796 0.509885 0.848808
-0.264414 0.964409 -0.000000
-0.139796 0.509885 0.848808
-0.269342 0.455174 0.848688
0.236841 -0.400249 0.885272
0.236841 -0.400249 0.885272
0.123046 -0.448792 0.885125
-0.139796 0.509885 0.848808
0.123046 -0.448792 0.885125
0.236841 -0.400249 0.885272
0.509256 -0.860615 0.000000
0.509256 -0.860615 0.000000
0.264414 -0.964409 0.000000
0.123046 -0.448792 0.885125
0.264414 -0.964409 0.000000
0.509256 -0.860615 0.000000
0.236841 -0.400249 -0.885272
0.236841 -0.400249 -0.885272
0.123046 -0.448792 -0.885124
0.264414 -0.964409 0.000000
0.123046 -0.448792 -0.885124
0.236841 -0.400249 -0.885272
-0.269342 0.455173 -0.848688
-0.269342 0.455173 -0.848688
-0.139796 0.509885 -0.848808
0.123046 -0.448792 -0.885124
-0.139796 0.509885 -0.848808
-0.269342 0.455173 -0.848688
-0.509256 0.860615 -0.000000
-0.509256 0.860615 -0.000000
-0.264414 0.964409 -0.000000
-0.139796 0.509885 -0.848808
-0.509256 0.860615 -0.000000
-0.718083 0.695957 0.000000
-0.379652 0.367953 0.848808
-0.379652 0.367953 0.848808
-0.269342 0.455174 0.848688
-0.509256 0.860615 -0.000000
-0.269342 0.455174 0.848688
-0.379652 0.367953 0.848808
0.334163 -0.323867 0.885125
0.334163 -0.323867 0.885125
0.236841 -0.400249 0.885272
-0.269342 0.455174 0.848688
0.236841 -0.400249 0.885272
0.334163 -0.323867 0.885125
0.718083 -0.695957 0.000000
0.718083 -0.695957 0.000000
0.509256 -0.860615 0.000000
0.236841 -0.400249 0.885272
0.509256 -0.860615 0.000000
0.718083 -0.695957 0.000000
0.334163 -0.323866 -0.885125
0.334163 -0.323866 -0.885125
0.236841 -0.400249 -0.885272
0.509256 -0.860615 0.000000
0.236841 -0.400249 -0.885272
0.334163 -0.323866 -0.885125
-0.379652 0.367954 -0.848808
-0.379652 0.367954 -0.848808
-0.269342 0.455173 -0.848688
0.236841 -0.400249 -0.885272
-0.269342 0.455173 -0.848688
-0.379652 0.367954 -0.848808
-0.718083 0.695957 0.000000
-0.718083 0.695957 0.000000
-0.509256 0.860615 -0.000000
-0.269342 0.455173 -0.848688
-0.718083 0.695957 0.000000
-0.875616 0.483009 0.000108
-0.464181 0.256170 0.847887
-0.464181 0.256170 0.847887
-0.379652 0.367953 0.848808
-0.718083 0.695957 0.000000
-0.379652 0.367953 0.848808
-0.464181 0.256170 0.847887
0.409036 -0.228053 0.883562
0.409036 -0.228053 0.883562
0.334163 -0.323867 0.885125
-0.379652 0.367953 0.848808
0.334163 -0.323867 0.885125
0.409036 -0.228053 0.883562
0.873030 -0.487667 -0.000244
0.873030 -0.487667 -0.000244
0.718083 -0.695957 0.000000
0.334163 -0.323867 0.885125
0.718083 -0.695957 0.000000
0.873030 -0.487667 -0.000244
0.408727 -0.228383 -0.883620
0.408727 -0.228383 -0.883620
0.334163 -0.323866 -0.885125
0.718083 -0.695957 0.000000
0.334163 -0.323866 -0.885125
0.408727 -0.228383 -0.883620
-0.464352 0.255915 -0.847870
-0.464352 0.255915 -0.847870
-0.379652 0.367954 -0.848808
0.334163 -0.323866 -0.885125
-0.379652 0.367954 -0.848808
-0.464352 0.255915 -0.847870
-0.875616 0.483009 0.000108
-0.875616 0.483009 0.000108
-0.718083 0.695957 0.000000
-0.379652 0.367954 -0.848808
-0.875616 0.483009 0.000108
-0.974189 0.184526 0.130027
-0.417410 0.106392 0.902469
-0.417410 0.106392 0.902469
-0.464181 0.256170 0.847887
-0.875616 0.483009 0.000108
-0.464181 0.256170 0.847887
-0.417410 0.106392 0.902469
0.553260 -0.082703 0.828893
0.553260 -0.082703 0.828893
0.409036 -0.228053 0.883562
-0.464181 0.256170 0.847887
0.409036 -0.228053 0.883562
0.553260 -0.082703 0.828893
0.972053 -0.197567 -0.126807
0.972053 -0.197567 -0.126807
0.873030 -0.487667 -0.000244
0.409036 -0.228053 0.883562
0.873030 -0.487667 -0.000244
0.972053 -0.197567 -0.126807
0.326297 -0.087717 -0.941188
0.326297 -0.087717 -0.941188
0.408727 -0.228383 -0.883620
0.873030 -0.487667 -0.000244
0.408727 -0.228383 -0.883620
0.326297 -0.087717 -0.941188
-0.634900 0.101760 -0.765864
-0.634900 0.101760 -0.765864
-0.464352 0.255915 -0.847870
0.408727 -0.228383 -0.883620
-0.464352 0.255915 -0.847870
-0.634900 0.101760 -0.765864
-0.974189 0.184526 0.130027
-0.974189 0.184526 0.130027
-0.875616 0.483009 0.000108
-0.464352 0.255915 -0.847870
0.000000 1.000000 -0.000000
-0.264414 0.964409 -0.000000
-0.139796 0.509885 0.848808
-0.139796 0.509885 0.848808
-0.000000 0.529061 0.848584
0.000000 1.000000 -0.000000
-0.000000 0.529061 0.848584
-0.139796 0.509885 0.848808
0.123046 -0.448792 0.885125
0.123046 -0.448792 0.885125
0.000000 -0.464827 0.885402
-0.000000 0.529061 0.848584
0.000000 -0.464827 0.885402
0.123046 -0.448792 0.885125
0.264414 -0.964409 0.000000
0.264414 -0.964409 0.000000
0.000000 -1.000000 -0.000000
0.000000 -0.464827 0.885402
0.000000 -1.000000 -0.000000
0.264414 -0.964409 0.000000
0.123046 -0.448792 -0.885124
0.123046 -0.448792 -0.885124
0.000001 -0.464827 -0.885402
0.000000 -1.000000 -0.000000
0.000001 -0.464827 -0.885402
0.123046 -0.448792 -0.885124
-0.139796 0.509885 -0.848808
-0.139796 0.509885 -0.848808
0.000000 0.529061 -0.848584
0.000001 -0.464827 -0.885402
0.000000 0.529061 -0.848584
-0.139796 0.509885 -0.848808
-0.264414 0.964409 -0.000000
-0.264414 0.964409 -0.000000
0.000000 1.000000 -0.000000
0.000000 0.529061 -0.848584
0.000001 0.597058 -0.802198
0.871613 0.292674 -0.393234
0.890020 0.330385 -0.314181
0.890020 0.330385 -0.314181
0.000001 0.727448 -0.686162
0.000001 0.597058 -0.802198
0.871613 0.292674 -0.393234
0.858985 -0.308229 0.408826
0.843677 -0.390421 0.368483
0.843677 -0.390421 0.368483
0.890020 0.330385 -0.314181
0.871613 0.292674 -0.393234
0.858985 -0.308229 0.408826
0.000001 -0.602011 0.798488
0.000001 -0.724570 0.689201
0.000001 -0.724570 0.689201
0.843677 -0.390421 0.368483
0.858985 -0.308229 0.408826
0.000001 -0.602011 0.798488
-0.858984 -0.308231 0.408827
-0.843677 -0.390422 0.368484
-0.843677 -0.390422 0.368484
0.000001 -0.724570 0.689201
0.000001 -0.602011 0.798488
-0.858984 -0.308231 0.408827
-0.871613 0.292675 -0.393234
-0.890020 0.330386 -0.314182
-0.890020 0.330386 -0.314182
-0.843677 -0.390422 0.368484
-0.858984 -0.308231 0.408827
-0.871613 0.292675 -0.393234
0.000001 0.597058 -0.802198
0.000001 0.727448 -0.686162
0.000001 0.727448 -0.686162
-0.890020 0.330386 -0.314182
-0.871613 0.292675 -0.393234
0.000001 0.727448 -0.686162
0.890020 0.330385 -0.314181
0.879959 0.420989 -0.220093
0.879959 0.420989 -0.220093
0.000002 0.884128 -0.467245
0.000001 0.727448 -0.686162
0.890020 0.330385 -0.314181
0.843677 -0.390421 0.368483
0.851251 -0.463284 0.246455
0.851251 -0.463284 0.246455
0.879959 0.420989 -0.220093
0.890020 0.330385 -0.314181
0.843677 -0.390421 0.368483
0.000001 -0.724570 0.689201
-0.000000 -0.885097 0.465407
-0.000000 -0.885097 0.465407
0.851251 -0.463284 0.246455
0.843677 -0.390421 0.368483
0.000001 -0.724570 0.689201
-0.843677 -0.390422 0.368484
-0.851251 -0.463284 0.246454
-0.851251 -0.463284 0.246454
-0.000000 -0.885097 0.465407
0.000001 -0.724570 0.689201
-0.843677 -0.390422 0.368484
-0.890020 0.330386 -0.314182
-0.879958 0.420990 -0.220094
-0.879958 0.420990 -0.220094
-0.851251 -0.463284 0.246454
-0.843677 -0.390422 0.368484
-0.890020 0.330386 -0.314182
0.000001 0.727448 -0.686162
0.000002 0.884128 -0.467245
0.000002 0.884128 -0.467245
-0.879958 0.420990 -0.220094
-0.890020 0.330386 -0.314182
0.000002 0.884128 -0.467245
0.879959 0.420989 -0.220093
0.873405 0.460878 -0.157337
0.873405 0.460878 -0.157337
0.000003 0.946219 -0.323526
0.000002 0.884128 -0.467245
0.879959 0.420989 -0.220093
0.851251 -0.463284 0.246455
0.859023 -0.484514 0.165305
0.859023 -0.484514 0.165305
0.873405 0.460878 -0.157337
0.879959 0.420989 -0.220093
0.851251 -0.463284 0.246455
-0.000000 -0.885097 0.465407
-0.000002 -0.946576 0.322481
-0.000002 -0.946576 0.322481
0.859023 -0.484514 0.165305
0.851251 -0.463284 0.246455
-0.000000 -0.885097 0.465407
-0.851251 -0.463284 0.246454
-0.859024 -0.484512 0.165304
-0.859024 -0.484512 0.165304
-0.000002 -0.946576 0.322481
-0.000000 -0.885097 0.465407
-0.851251 -0.463284 0.246454
-0.879958 0.420990 -0.220094
-0.873403 0.460881 -0.157339
-0.873403 0.460881 -0.157339
-0.859024 -0.484512 0.165304
-0.851251 -0.463284 0.246454
-0.879958 0.420990 -0.220094
0.000002 0.884128 -0.467245
0.000003 0.946219 -0.323526
0.000003 0.946219 -0.323526
-0.873403 0.460881 -0.157339
-0.879958 0.420990 -0.220094
0.000003 0.946219 -0.323526
0.873405 0.460878 -0.157337
0.871132 0.476975 -0.116718
0.871132 0.476975 -0.116718
0.000002 0.971322 -0.237769
0.000003 0.946219 -0.323526
0.873405 0.460878 -0.157337
0.859023 -0.484514 0.165305
0.860991 -0.494075 0.120762
0.860991 -0.494075 0.120762
0.871132 0.476975 -0.116718
0.873405 0.460878 -0.157337
0.859023 -0.484514 0.165305
-0.000002 -0.946576 0.322481
-0.000000 -0.971421 0.237362
-0.000000 -0.971421 0.237362
0.860991 -0.494075 0.120762
0.859023 -0.484514 0.165305
-0.000002 -0.946576 0.322481
-0.859024 -0.484512 0.165304
-0.860991 -0.494075 0.120763
-0.860991 -0.494075 0.120763
-0.000000 -0.971421 0.237362
-0.000002 -0.946576 0.322481
-0.859024 -0.484512 0.165304
-0.873403 0.460881 -0.157339
-0.871131 0.476976 -0.116719
-0.871131 0.476976 -0.116719
-0.860991 -0.494075 0.120763
-0.859024 -0.484512 0.165304
-0.873403 0.460881 -0.157339
0.000003 0.946219 -0.323526
0.000002 0.971322 -0.237769
0.000002 0.971322 -0.237769
-0.871131 0.476976 -0.116719
-0.873403 0.460881 -0.157339
0.000002 0.971322 -0.237769
0.871132 0.476975 -0.116718
0.876376 0.477565 -0.062424
0.876376 0.477565 -0.062424
0.000001 0.991524 -0.129926
0.000002 0.971322 -0.237769
0.871132 0.476975 -0.116718
0.860991 -0.494075 0.120762
0.856263 -0.512192 0.066874
0.856263 -0.512192 0.066874
0.876376 0.477565 -0.062424
0.871132 0.476975 -0.116718
0.860991 -0.494075 0.120762
-0.000000 -0.971421 0.237362
0.000001 -0.991622 0.129173
0.000001 -0.991622 0.129173
0.856263 -0.512192 0.066874
0.860991 -0.494075 0.120762
-0.000000 -0.971421 0.237362
-0.860991 -0.494075 0.120763
-0.856263 -0.512193 0.066873
-0.856263 -0.512193 0.066873
0.000001 -0.991622 0.129173
-0.000000 -0.971421 0.237362
-0.860991 -0.494075 0.120763
-0.871131 0.476976 -0.116719
-0.876376 0.477565 -0.062425
-0.876376 0.477565 -0.062425
-0.856263 -0.512193 0.066873
-0.860991 -0.494075 0.120763
-0.871131 0.476976 -0.116719
0.000002 0.971322 -0.237769
0.000001 0.991524 -0.129926
0.000001 0.991524 -0.129926
-0.876376 0.477565 -0.062425
-0.871131 0.476976 -0.116719
0.000001 0.991524 -0.129926
0.876376 0.477565 -0.062424
0.879730 0.475102 0.018777
0.879730 0.475102 0.018777
0.000001 0.999220 0.039490
0.000001 0.991524 -0.129926
0.876376 0.477565 -0.062424
0.856263 -0.512192 0.066874
0.853310 -0.520998 -0.020589
0.853310 -0.520998 -0.020589
0.879730 0.475102 0.018777
0.876376 0.477565 -0.062424
0.856263 -0.512192 0.066874
0.000001 -0.991622 0.129173
0.000001 -0.999220 -0.039489
0.000001 -0.999220 -0.039489
0.853310 -0.520998 -0.020589
0.856263 -0.512192 0.066874
0.000001 -0.991622 0.129173
-0.856263 -0.512193 0.066873
-0.853310 -0.520998 -0.020590
-0.853310 -0.520998 -0.020590
0.000001 -0.999220 -0.039489
0.000001 -0.991622 0.129173
-0.856263 -0.512193 0.066873
-0.876376 0.477565 -0.062425
-0.879729 0.475104 0.018776
-0.879729 0.475104 0.018776
-0.853310 -0.520998 -0.020590
-0.856263 -0.512193 0.066873
-0.876376 0.477565 -0.062425
0.000001 0.991524 -0.129926
0.000001 0.999220 0.039490
0.000001 0.999220 0.039490
-0.879729 0.475104 0.018776
-0.876376 0.477565 -0.062425
0.000001 0.999220 0.039490
0.879730 0.475102 0.018777
0.879474 0.463383 0.108636
0.879474 0.463383 0.108636
0.000001 0.973602 0.228252
0.000001 0.999220 0.039490
0.879730 0.475102 0.018777
0.853310 -0.520998 -0.020589
0.853530 -0.507290 -0.118929
0.853530 -0.507290 -0.118929
0.879474 0.463383 0.108636
0.879730 0.475102 0.018777
0.853310 -0.520998 -0.020589
0.000001 -0.999220 -0.039489
0.000001 -0.973603 -0.228250
0.000001 -0.973603 -0.228250
0.853530 -0.507290 -0.118929
0.853310 -0.520998 -0.020589
0.000001 -0.999220 -0.039489
-0.853310 -0.520998 -0.020590
-0.853531 -0.507288 -0.118929
-0.853531 -0.507288 -0.118929
0.000001 -0.973603 -0.228250
0.000001 -0.999220 -0.039489
-0.853310 -0.520998 -0.020590
-0.879729 0.475104 0.018776
-0.879472 0.463387 0.108635
-0.879472 0.463387 0.108635
-0.853531 -0.507288 -0.118929
-0.853310 -0.520998 -0.020590
-0.879729 0.475104 0.018776
0.000001 0.999220 0.039490
0.000001 0.973602 0.228252
0.000001 0.973602 0.228252
-0.879472 0.463387 0.108635
-0.879729 0.475104 0.018776
0.000001 0.973602 0.228252
0.879474 0.463383 0.108636
0.882725 0.424844 0.200759
0.882725 0.424844 0.200759
0.000001 0.904136 0.427244
0.000001 0.973602 0.228252
0.879474 0.463383 0.108636
0.853530 -0.507290 -0.118929
0.850777 -0.475148 -0.224530
0.850777 -0.475148 -0.224530
0.882725 0.424844 0.200759
0.879474 0.463383 0.108636
0.853530 -0.507290 -0.118929
0.000001 -0.973603 -0.228250
0.000001 -0.904134 -0.427250
0.000001 -0.904134 -0.427250
0.850777 -0.475148 -0.224530
0.853530 -0.507290 -0.118929
0.000001 -0.973603 -0.228250
-0.853531 -0.507288 -0.118929
-0.850777 -0.475147 -0.224531
-0.850777 -0.475147 -0.224531
0.000001 -0.904134 -0.427250
0.000001 -0.973603 -0.228250
-0.853531 -0.507288 -0.118929
-0.879472 0.463387 0.108635
-0.882724 0.424846 0.200760
-0.882724 0.424846 0.200760
-0.850777 -0.475147 -0.224531
-0.853531 -0.507288 -0.118929
-0.879472 0.463387 0.108635
0.000001 0.973602 0.228252
0.000001 0.904136 0.427244
0.000001 0.904136 0.427244
-0.882724 0.424846 0.200760
-0.879472 0.463387 0.108635
0.000001 0.904136 0.427244
0.882725 0.424844 0.200759
0.903365 0.295067 0.311234
0.903365 0.295067 0.311234
0.000001 0.688011 0.725700
0.000001 0.904136 0.427244
0.882725 0.424844 0.200759
0.850777 -0.475148 -0.224530
0.835523 -0.378027 -0.398743
0.835523 -0.378027 -0.398743
0.903365 0.295067 0.311234
0.882725 0.424844 0.200759
0.850777 -0.475148 -0.224530
0.000001 -0.904134 -0.427250
0.000001 -0.688001 -0.725710
0.000001 -0.688001 -0.725710
0.835523 -0.378027 -0.398743
0.850777 -0.475148 -0.224530
0.000001 -0.904134 -0.427250
-0.850777 -0.475147 -0.224531
-0.835523 -0.378029 -0.398743
-0.835523 -0.378029 -0.398743
0.000001 -0.688001 -0.725710
0.000001 -0.904134 -0.427250
-0.850777 -0.475147 -0.224531
-0.882724 0.424846 0.200760
-0.903365 0.295066 0.311235
-0.903365 0.295066 0.311235
-0.835523 -0.378029 -0.398743
-0.850777 -0.475147 -0.224531
-0.882724 0.424846 0.200760
0.000001 0.904136 0.427244
0.000001 0.688011 0.725700
0.000001 0.688011 0.725700
-0.903365 0.295066 0.311235
-0.882724 0.424846 0.200760
0.000001 0.688011 0.725700
0.903365 0.295067 0.311234
0.948365 0.109652 0.297625
0.948365 0.109652 0.297625
0.130414 0.255775 0.957899
0.000001 0.688011 0.725700
0.903365 0.295067 0.311234
0.835523 -0.378027 -0.398743
0.761512 -0.140464 -0.632747
0.761512 -0.140464 -0.632747
0.948365 0.109652 0.297625
0.903365 0.295067 0.311234
0.835523 -0.378027 -0.398743
0.000001 -0.688001 -0.725710
-0.129595 -0.254634 -0.958314
-0.129595 -0.254634 -0.958314
0.761512 -0.140464 -0.632747
0.835523 -0.378027 -0.398743
0.000001 -0.688001 -0.725710
-0.835523 -0.378029 -0.398743
-0.897232 -0.139561 -0.418923
-0.897232 -0.139561 -0.418923
-0.129595 -0.254634 -0.958314
0.000001 -0.688001 -0.725710
-0.835523 -0.378029 -0.398743
-0.903365 0.295066 0.311235
-0.842600 0.109904 0.527206
-0.842600 0.109904 0.527206
-0.897232 -0.139561 -0.418923
-0.835523 -0.378029 -0.398743
-0.903365 0.295066 0.311235
0.000001 0.688011 0.725700
0.130414 0.255775 0.957899
0.130414 0.255775 0.957899
-0.842600 0.109904 0.527206
-0.903365 0.295066 0.311235
0.130414 0.255775 0.957899
0.948365 0.109652 0.297625
0.974189 0.184525 0.130027
0.974189 0.184525 0.130027
0.417410 0.106392 0.902469
0.130414 0.255775 0.957899
0.948365 0.109652 0.297625
0.761512 -0.140464 -0.632747
0.634899 0.101760 -0.765865
0.634899 0.101760 -0.765865
0.974189 0.184525 0.130027
0.948365 0.109652 0.297625
0.761512 -0.140464 -0.632747
-0.129595 -0.254634 -0.958314
-0.326297 -0.087717 -0.941189
-0.326297 -0.087717 -0.941189
0.634899 0.101760 -0.765865
0.761512 -0.140464 -0.632747
-0.129595 -0.254634 -0.958314
-0.897232 -0.139561 -0.418923
-0.972053 -0.197566 -0.126808
-0.972053 -0.197566 -0.126808
-0.326297 -0.087717 -0.941189
-0.129595 -0.254634 -0.958314
-0.897232 -0.139561 -0.418923
-0.842600 0.109904 0.527206
-0.553259 -0.082703 0.828894
-0.553259 -0.082703 0.828894
-0.972053 -0.197566 -0.126808
-0.897232 -0.139561 -0.418923
-0.842600 0.109904 0.527206
0.130414 0.255775 0.957899
0.417410 0.106392 0.902469
0.417410 0.106392 0.902469
-0.553259 -0.082703 0.828894
-0.842600 0.109904 0.527206
0.264414 0.964409 0.000000
0.139796 0.509885 0.848808
0.269341 0.455172 0.848689
0.269341 0.455172 0.848689
0.509256 0.860615 0.000000
0.264414 0.964409 0.000000
0.139796 0.509885 0.848808
-0.123046 -0.448792 0.885125
-0.236842 -0.400249 0.885272
-0.236842 -0.400249 0.885272
0.269341 0.455172 0.848689
0.139796 0.509885 0.848808
-0.123046 -0.448792 0.885125
-0.264414 -0.964409 -0.000000
-0.509256 -0.860615 -0.000000
-0.509256 -0.860615 -0.000000
-0.236842 -0.400249 0.885272
-0.123046 -0.448792 0.885125
-0.264414 -0.964409 -0.000000
-0.123046 -0.448792 -0.885125
-0.236841 -0.400249 -0.885272
-0.236841 -0.400249 -0.885272
-0.509256 -0.860615 -0.000000
-0.264414 -0.964409 -0.000000
-0.123046 -0.448792 -0.885125
0.139797 0.509885 -0.848808
0.269342 0.455173 -0.848689
0.269342 0.455173 -0.848689
-0.236841 -0.400249 -0.885272
-0.123046 -0.448792 -0.885125
0.139797 0.509885 -0.848808
0.264414 0.964409 0.000000
0.509256 0.860615 0.000000
0.509256 0.860615 0.000000
0.269342 0.455173 -0.848689
0.139797 0.509885 -0.848808
0.509256 0.860615 0.000000
0.269341 0.455172 0.848689
0.379650 0.367952 0.848809
0.379650 0.367952 0.848809
0.718083 0.695957 0.000001
0.509256 0.860615 0.000000
0.269341 0.455172 0.848689
-0.236842 -0.400249 0.885272
-0.334163 -0.323866 0.885125
-0.334163 -0.323866 0.885125
0.379650 0.367952 0.848809
0.269341 0.455172 0.848689
-0.236842 -0.400249 0.885272
-0.509256 -0.860615 -0.000000
-0.718084 -0.695957 0.000000
-0.718084 -0.695957 0.000000
-0.334163 -0.323866 0.885125
-0.236842 -0.400249 0.885272
-0.509256 -0.860615 -0.000000
-0.236841 -0.400249 -0.885272
-0.334163 -0.323866 -0.885125
-0.334163 -0.323866 -0.885125
-0.718084 -0.695957 0.000000
-0.509256 -0.860615 -0.000000
-0.236841 -0.400249 -0.885272
0.269342 0.455173 -0.848689
0.379651 0.367953 -0.848808
0.379651 0.367953 -0.848808
-0.334163 -0.323866 -0.885125
-0.236841 -0.400249 -0.885272
0.269342 0.455173 -0.848689
0.509256 0.860615 0.000000
0.718083 0.695957 0.000001
0.718083 0.695957 0.000001
0.379651 0.367953 -0.848808
0.269342 0.455173 -0.848689
0.718083 0.695957 0.000001
0.379650 0.367952 0.848809
0.464180 0.256169 0.847888
0.464180 0.256169 0.847888
0.875616 0.483008 0.000108
0.718083 0.695957 0.000001
0.379650 0.367952 0.848809
-0.334163 -0.323866 0.885125
-0.409036 -0.228052 0.883562
-0.409036 -0.228052 0.883562
0.464180 0.256169 0.847888
0.379650 0.367952 0.848809
-0.334163 -0.323866 0.885125
-0.718084 -0.695957 0.000000
-0.873030 -0.487667 -0.000243
-0.873030 -0.487667 -0.000243
-0.409036 -0.228052 0.883562
-0.334163 -0.323866 0.885125
-0.718084 -0.695957 0.000000
-0.334163 -0.323866 -0.885125
-0.408726 -0.228382 -0.883620
-0.408726 -0.228382 -0.883620
-0.873030 -0.487667 -0.000243
-0.718084 -0.695957 0.000000
-0.334163 -0.323866 -0.885125
0.379651 0.367953 -0.848808
0.464351 0.255915 -0.847871
0.464351 0.255915 -0.847871
-0.408726 -0.228382 -0.883620
-0.334163 -0.323866 -0.885125
0.379651 0.367953 -0.848808
0.718083 0.695957 0.000001
0.875616 0.483008 0.000108
0.875616 0.483008 0.000108
0.464351 0.255915 -0.847871
0.379651 0.367953 -0.848808
0.875616 0.483008 0.000108
0.464180 0.256169 0.847888
0.417410 0.106392 0.902469
0.417410 0.106392 0.902469
0.974189 0.184525 0.130027
0.875616 0.483008 0.000108
0.464180 0.256169 0.847888
-0.409036 -0.228052 0.883562
-0.553259 -0.082703 0.828894
-0.553259 -0.082703 0.828894
0.417410 0.106392 0.902469
0.464180 0.256169 0.847888
-0.409036 -0.228052 0.883562
-0.873030 -0.487667 -0.000243
-0.972053 -0.197566 -0.126808
-0.972053 -0.197566 -0.126808
-0.553259 -0.082703 0.828894
-0.409036 -0.228052 0.883562
-0.873030 -0.487667 -0.000243
-0.408726 -0.228382 -0.883620
-0.326297 -0.087717 -0.941189
-0.326297 -0.087717 -0.941189
-0.972053 -0.197566 -0.126808
-0.873030 -0.487667 -0.000243
-0.408726 -0.228382 -0.883620
0.464351 0.255915 -0.847871
0.634899 0.101760 -0.765865
0.634899 0.101760 -0.765865
-0.326297 -0.087717 -0.941189
-0.408726 -0.228382 -0.883620
0.464351 0.255915 -0.847871
0.875616 0.483008 0.000108
0.974189 0.184525 0.130027
0.974189 0.184525 0.130027
0.634899 0.101760 -0.765865
0.464351 0.255915 -0.847871
0.000000 1.000000 -0.000000
-0.000000 0.529061 0.848584
0.139796 0.509885 0.848808
0.139796 0.509885 0.848808
0.264414 0.964409 0.000000
0.000000 1.000000 -0.000000
-0.000000 0.529061 0.848584
0.000000 -0.464827 0.885402
-0.123046 -0.448792 0.885125
-0.123046 -0.448792 0.885125
0.139796 0.509885 0.848808
-0.000000 0.529061 0.848584
0.000000 -0.464827 0.885402
0.000000 -1.000000 -0.000000
-0.264414 -0.964409 -0.000000
-0.264414 -0.964409 -0.000000
-0.123046 -0.448792 0.885125
0.000000 -0.464827 0.885402
0.000000 -1.000000 -0.000000
0.000001 -0.464827 -0.885402
-0.123046 -0.448792 -0.885125
-0.123046 -0.448792 -0.885125
-0.264414 -0.964409 -0.000000
0.000000 -1.000000 -0.000000
0.000001 -0.464827 -0.885402
0.000000 0.529061 -0.848584
0.139797 0.509885 -0.848808
0.139797 0.509885 -0.848808
-0.123046 -0.448792 -0.885125
0.000001 -0.464827 -0.885402
0.000000 0.529061 -0.848584
0.000000 1.000000 -0.000000
0.264414 0.964409 0.000000
0.264414 0.964409 0.000000
0.139797 0.509885 -0.848808
0.000000 0.529061 -0.848584
1.000000 0.000000 0.000000
1.000000 0.000000 0.000000
1.000000 0.000000 0.000000
1.000000 0.000000 0.000000
1.000000 0.000000 0.000000
1.000000 0.000000 0.000000
1.000000 0.000000 0.000000
1.000000 0.000000 0.000000
1.000000 0.000000 0.000000
1.000000 0.000000 0.000000
1.000000 0.000000 0.000000
1.000000 0.000000 0.000000
0.000000 -1.000000 0.000000
0.000000 -1.000000 -0.000000
0.000000 -0.500000 -0.866025
0.000000 -0.500000 -0.866025
0.000000 -0.500000 -0.866025
0.000000 -1.000000 0.000000
0.000000 -0.500000 -0.866025
0.000000 -0.500000 -0.866025
-0.000000 0.500000 -0.866025
-0.000000 0.500000 -0.866025
-0.000000 0.500000 -0.866025
0.000000 -0.500000 -0.866025
-0.000000 0.500000 -0.866025
-0.000000 0.500000 -0.866025
-0.000000 1.000000 0.000000
-0.000000 1.000000 0.000000
-0.000000 1.000000 0.000000
-0.000000 0.500000 -0.866025
-0.000000 1.000000 0.000000
-0.000000 1.000000 0.000000
-0.000000 0.500000 0.866026
-0.000000 0.500000 0.866026
-0.000000 0.500000 0.866025
-0.000000 1.000000 0.000000
-0.000000 0.500000 0.866025
-0.000000 0.500000 0.866026
0.000000 -0.500000 0.866025
0.000000 -0.500000 0.866025
0.000000 -0.500000 0.866025
-0.000000 0.500000 0.866025
0.000000 -0.500000 0.866025
0.000000 -0.500000 0.866025
0.000000 -1.000000 -0.000000
0.000000 -1.000000 -0.000000
0.000000 -1.000000 0.000000
0.000000 -0.500000 0.866025
-1.000000 -0.000000 0.000000
-1.000000 -0.000000 0.000000
-1.000000 -0.000000 0.000000
-1.000000 -0.000000 0.000000
-1.000000 -0.000000 0.000000
-1.000000 -0.000000 0.000000
-1.000000 -0.000000 0.000000
-1.000000 -0.000000 0.000000
-1.000000 -0.000000 0.000000
-1.000000 -0.000000 0.000000
-1.000000 -0.000000 0.000000
-1.000000 -0.000000 0.000000
-1.000000 0.000000 0.000000
-1.000000 0.000000 0.000000
-1.000000 0.000000 0.000000
-1.000000 0.000000 0.000000
-1.000000 0.000000 0.000000
-1.000000 0.000000 0.000000
-1.000000 0.000000 0.000000
-1.000000 0.000000 0.000000
-1.000000 0.000000 0.000000
-1.000000 0.000000 0.000000
-1.000000 0.000000 0.000000
-1.000000 0.000000 0.000000
0.000000 -1.000000 0.000000
0.000000 -0.500000 -0.866025
0.000000 -0.500000 -0.866025
0.000000 -0.500000 -0.866025
0.000000 -1.000000 0.000000
0.000000 -1.000000 0.000000
0.000000 -0.500000 -0.866025
0.000000 0.500000 -0.866025
0.000000 0.500000 -0.866025
0.000000 0.500000 -0.866025
0.000000 -0.500000 -0.866025
0.000000 -0.500000 -0.866025
0.000000 0.500000 -0.866025
0.000000 1.000000 0.000000
0.000000 1.000000 0.000000
0.000000 1.000000 0.000000
0.000000 0.500000 -0.866025
0.000000 0.500000 -0.866025
0.000000 1.000000 0.000000
0.000000 0.500000 0.866025
0.000000 0.500000 0.866025
0.000000 0.500000 0.866025
0.000000 1.000000 0.000000
0.000000 1.000000 0.000000
0.000000 0.500000 0.866025
0.000000 -0.500000 0.866025
0.000000 -0.500000 0.866025
0.000000 -0.500000 0.866025
0.000000 0.500000 0.866025
0.000000 0.500000 0.866025
0.000000 -0.500000 0.866025
0.000000 -1.000000 0.000000
0.000000 -1.000000 0.000000
0.000000 -1.000000 0.000000
0.000000 -0.500000 0.866025
0.000000 -0.500000 0.866025
1.000000 0.000000 0.000000
1.000000 0.000000 0.000000
1.000000 0.000000 0.000000
1.000000 0.000000 0.000000
1.000000 0.000000 0.000000
1.000000 0.000000 0.000000
1.000000 0.000000 0.000000
1.000000 0.000000 0.000000
1.000000 0.000000 0.000000
1.000000 0.000000 0.000000
1.000000 0.000000 0.000000
1.000000 0.000000 0.000000
1.000000 0.000000 0.000000
1.000000 0.000000 0.000000
1.000000 0.000000 0.000000
1.000000 0.000000 0.000000
1.000000 0.000000 0.000000
1.000000 0.000000 0.000000
1.000000 0.000000 0.000000
1.000000 0.000000 0.000000
1.000000 0.000000 0.000000
1.000000 0.000000 0.000000
1.000000 0.000000 0.000000
1.000000 0.000000 0.000000
0.000000 -1.000000 0.000000
0.000000 -1.000000 0.000000
0.000000 -0.500000 -0.866025
0.000000 -0.500000 -0.866025
0.000000 -0.500000 -0.866025
0.000000 -1.000000 0.000000
0.000000 -0.500000 -0.866025
0.000000 -0.500000 -0.866025
0.000000 0.500000 -0.866025
0.000000 0.500000 -0.866025
0.000000 0.500000 -0.866025
0.000000 -0.500000 -0.866025
0.000000 0.500000 -0.866025
0.000000 0.500000 -0.866025
0.000000 1.000000 0.000000
0.000000 1.000000 0.000000
0.000000 1.000000 0.000000
0.000000 0.500000 -0.866025
0.000000 1.000000 0.000000
0.000000 1.000000 0.000000
0.000000 0.500000 0.866025
0.000000 0.500000 0.866025
0.000000 0.500000 0.866025
0.000000 1.000000 0.000000
0.000000 0.500000 0.866025
0.000000 0.500000 0.866025
0.000000 -0.500000 0.866025
0.000000 -0.500000 0.866025
0.000000 -0.500000 0.866025
0.000000 0.500000 0.866025
0.000000 -0.500000 0.866025
0.000000 -0.500000 0.866025
0.000000 -1.000000 0.000000
0.000000 -1.000000 0.000000
0.000000 -1.000000 0.000000
0.000000 -0.500000 0.866025
-1.000000 0.000000 0.000000
-1.000000 0.000000 0.000000
-1.000000 0.000000 0.000000
-1.000000 0.000000 0.000000
-1.000000 0.000000 0.000000
-1.000000 0.000000 0.000000
-1.000000 0.000000 0.000000
-1.000000 0.000000 0.000000
-1.000000 0.000000 0.000000
-1.000000 0.000000 0.000000
-1.000000 0.000000 0.000000
-1.000000 0.000000 0.000000
1.000000 0.000002 0.000000
1.000000 0.000002 0.000000
1.000000 0.000002 0.000000
1.000000 0.000002 0.000000
1.000000 0.000002 0.000000
1.000000 0.000002 0.000000
0.000000 -1.000000 0.000000
0.000000 -1.000000 -0.000000
0.000000 0.000002 -1.000000
0.000000 0.000002 -1.000000
0.000000 -0.000001 -1.000000
0.000000 -1.000000 0.000000
0.000000 -0.000001 -1.000000
0.000000 0.000002 -1.000000
-0.000000 1.000000 -0.000000
-0.000000 1.000000 -0.000000
-0.000000 1.000000 0.000000
0.000000 -0.000001 -1.000000
-0.000000 1.000000 0.000000
-0.000000 1.000000 -0.000000
-0.000000 0.000002 1.000000
-0.000000 0.000002 1.000000
-0.000000 -0.000001 1.000000
-0.000000 1.000000 0.000000
-0.000000 -0.000001 1.000000
-0.000000 0.000002 1.000000
0.000000 -1.000000 -0.000000
0.000000 -1.000000 -0.000000
0.000000 -1.000000 0.000000
-0.000000 -0.000001 1.000000
-1.000000 -0.000004 0.000000
-1.000000 -0.000004 0.000000
-1.000000 -0.000004 0.000000
-1.000000 -0.000004 0.000000
-1.000000 -0.000004 0.000000
-1.000000 -0.000004 0.000000
</float_array>
          <technique_common>
            <accessor source="#chair_lightweight_theta-lib-Normal0-array" count="3252" stride="3">
              <param name="X" type="float"/>
              <param name="Y" type="float"/>
              <param name="Z" type="float"/>
            </accessor>
          </technique_common>
        </source>
        <source id="chair_lightweight_theta-lib-UV0">
          <float_array id="chair_lightweight_theta-lib-UV0-array" count="1756">
0.494173 0.189622
0.482075 0.155238
0.488786 0.154390
0.500623 0.187849
0.531168 0.255031
0.510345 0.223080
0.516380 0.220431
0.536588 0.251475
0.587134 0.310588
0.557036 0.284785
0.561687 0.280400
0.590881 0.305689
0.655556 0.347189
0.619890 0.332121
0.622897 0.326462
0.657499 0.341302
0.730391 0.359900
0.692627 0.356170
0.693610 0.350205
0.730379 0.353554
0.805131 0.346679
0.768161 0.356066
0.767129 0.350044
0.803131 0.340805
0.873266 0.309668
0.840581 0.331239
0.837560 0.325644
0.869446 0.304744
0.928561 0.253542
0.903031 0.283525
0.898332 0.279180
0.923101 0.250038
0.964839 0.187816
0.949026 0.221410
0.942962 0.218821
0.958375 0.186107
0.976609 0.153330
0.969898 0.152557
0.983723 0.085838
0.990593 0.085080
0.496263 0.095960
0.516852 0.122606
0.535398 0.146120
0.554732 0.167769
0.577638 0.188914
0.603856 0.208166
0.633117 0.224132
0.664470 0.235964
0.696956 0.242978
0.729957 0.245264
0.762924 0.242773
0.795322 0.235521
0.826544 0.223453
0.855629 0.207280
0.881623 0.187826
0.904301 0.166491
0.923436 0.144680
0.941701 0.121045
0.961819 0.094331
0.473888 0.087499
0.466993 0.086821
0.986937 0.018961
0.990347 0.012521
0.529127 0.072002
0.501579 0.044108
0.503166 0.036512
0.531091 0.064898
0.570622 0.105989
0.550900 0.091474
0.552846 0.084378
0.572471 0.098765
0.616263 0.131751
0.592008 0.119145
0.593765 0.111786
0.617962 0.124290
0.674273 0.154746
0.644619 0.144534
0.646233 0.136973
0.675602 0.147020
0.729641 0.161152
0.702370 0.159874
0.703227 0.151991
0.730031 0.153217
0.784920 0.154377
0.756892 0.159701
0.756814 0.151823
0.784370 0.146663
0.842649 0.130956
0.814451 0.143948
0.813614 0.136401
0.841726 0.123510
0.887959 0.104839
0.866731 0.118164
0.865750 0.110822
0.886891 0.097631
0.929055 0.070580
0.907570 0.090164
0.906403 0.083086
0.927858 0.063504
0.955930 0.042653
0.955087 0.035089
0.469782 0.020418
0.467131 0.014000
0.486378 0.154127
0.498333 0.187921
0.514248 0.220829
0.534659 0.252183
0.560008 0.281397
0.589494 0.306939
0.621830 0.327920
0.974943 0.366679
0.656779 0.342908
0.964302 0.306478
0.987911 0.297246
0.963948 0.401331
0.948828 0.435204
0.925618 0.359160
0.943937 0.334581
0.929226 0.467609
0.906706 0.381749
0.904787 0.497858
0.884561 0.403878
0.876158 0.524528
0.859152 0.424090
0.843989 0.546200
0.830447 0.440924
0.809107 0.562260
0.799432 0.453558
0.772342 0.572093
0.767097 0.461167
0.693251 0.351900
0.730387 0.355283
0.767504 0.351738
0.803867 0.342406
0.838640 0.327094
0.870845 0.305985
0.900020 0.280165
0.925037 0.250731
0.945096 0.219203
0.960663 0.186161
0.972301 0.152276
0.986264 0.084890
0.471331 0.086568
0.989915 0.014058
0.527528 0.067629
0.499703 0.039456
0.569437 0.101955
0.549518 0.087296
0.615534 0.127976
0.591037 0.115243
0.734616 0.575526
0.674125 0.151200
0.644174 0.140886
0.730047 0.157670
0.702503 0.156380
0.785878 0.150828
0.757570 0.156204
0.844184 0.127172
0.815704 0.140295
0.889948 0.100794
0.868507 0.114253
0.931455 0.066193
0.909755 0.085973
0.958599 0.037987
0.467589 0.015529
0.734085 0.463779
0.696852 0.572385
0.701043 0.461423
0.659975 0.562837
0.668616 0.454064
0.624909 0.547047
0.637449 0.441670
0.592492 0.525624
0.608542 0.425058
0.563562 0.499176
0.582894 0.405044
0.538793 0.469118
0.560480 0.383089
0.518860 0.436865
0.541273 0.360653
0.503400 0.403110
0.522728 0.336255
0.492053 0.368545
0.502297 0.308415
0.933910 0.283517
0.958215 0.253248
0.894966 0.319789
0.913898 0.304383
0.849634 0.347040
0.873899 0.333678
0.791052 0.372192
0.821111 0.360865
0.733879 0.379686
0.762175 0.378061
0.676598 0.372634
0.705558 0.378280
0.617671 0.347936
0.646383 0.361540
0.571925 0.321041
0.593222 0.334763
0.532445 0.285162
0.552677 0.305793
0.478950 0.299517
0.478904 0.229539
0.508202 0.255290
0.987783 0.227005
0.443662 0.154836
0.456626 0.228096
0.448530 0.228849
0.436012 0.157578
0.406811 0.089242
0.400476 0.094125
0.349721 0.039281
0.345378 0.045832
0.278595 0.011154
0.276851 0.018616
0.202222 0.010879
0.203662 0.018493
0.130631 0.037497
0.134965 0.044162
0.072263 0.086260
0.078568 0.091155
0.034072 0.151733
0.041569 0.154680
0.020722 0.225484
0.028877 0.226674
0.381465 0.197173
0.351322 0.148524
0.326418 0.124008
0.293675 0.103084
0.258056 0.092219
0.220896 0.092349
0.184777 0.103056
0.151630 0.123556
0.126398 0.147437
0.096154 0.195914
0.028311 0.361259
0.448705 0.587413
0.436199 0.659017
0.351871 0.667125
0.382120 0.618204
0.399848 0.722560
0.326891 0.691932
0.344048 0.769955
0.293895 0.713271
0.275525 0.795566
0.257742 0.724641
0.202561 0.795718
0.021360 0.359020
0.095596 0.361253
0.239054 0.197321
0.381859 0.362206
0.448366 0.362012
0.456246 0.359585
0.028455 0.361791
0.028475 0.384676
0.021361 0.383706
0.021562 0.363334
0.095459 0.361789
0.382032 0.362653
0.448483 0.362690
0.448462 0.385575
0.455456 0.364075
0.455657 0.384448
0.028315 0.385530
0.028311 0.407509
0.022468 0.404132
0.021889 0.387014
0.220171 0.724720
0.133956 0.770392
0.183966 0.713500
0.077970 0.723230
0.150871 0.692298
0.041357 0.659838
0.125781 0.667596
0.028522 0.588287
0.095307 0.618801
0.381716 0.455696
0.448402 0.455558
0.238710 0.618617
0.094903 0.456293
0.028218 0.456432
0.455171 0.388239
0.454589 0.405357
0.448492 0.408228
0.448490 0.386249
0.450622 0.228706
0.437978 0.156723
0.402086 0.092635
0.346438 0.043859
0.277226 0.016371
0.203305 0.016247
0.133921 0.042173
0.076959 0.089635
0.039591 0.153795
0.026772 0.226509
0.027415 0.360950
0.450411 0.361141
0.027369 0.361442
0.027389 0.384556
0.449650 0.362184
0.449629 0.385297
0.027681 0.385108
0.027677 0.407306
0.449381 0.408530
0.449379 0.386331
0.448546 0.408637
0.448546 0.414765
0.028199 0.414378
0.028200 0.408250
0.448617 0.432547
0.028124 0.432488
0.028124 0.415277
0.448617 0.415335
0.448580 0.453503
0.380561 0.453503
0.448580 0.433021
0.096119 0.453503
0.028100 0.433021
0.028100 0.453503
0.009452 0.870049
0.010839 0.897764
0.011036 0.828019
0.010192 0.842106
0.009240 0.856187
0.031194 0.869853
0.064990 0.840869
0.032120 0.897426
0.032377 0.827680
0.031998 0.841865
0.031084 0.855990
0.066312 0.869247
0.273890 0.839622
0.062914 0.896375
0.063070 0.826630
0.758786 0.866545
0.065724 0.855017
0.272907 0.867703
0.384587 0.838938
0.273969 0.895382
0.274251 0.825667
0.758839 0.838792
0.272870 0.853688
0.383985 0.866663
0.458647 0.838446
0.385245 0.894521
0.384809 0.825020
0.758776 0.810798
0.384142 0.852840
0.458560 0.866238
0.537444 0.837962
0.457476 0.894074
0.458421 0.824466
0.758772 0.880349
0.458693 0.852359
0.537338 0.865861
0.617726 0.838288
0.535550 0.893514
0.536318 0.823835
0.758852 0.894403
0.537937 0.852018
0.617518 0.866162
0.695049 0.838866
0.615758 0.893787
0.616455 0.824091
0.758863 0.824749
0.618260 0.852397
0.694788 0.866674
0.074634 0.934568
0.694745 0.894419
0.693944 0.824669
0.758806 0.852851
0.695348 0.852929
0.009846 0.962372
0.074897 0.990046
0.075909 0.920338
0.074941 0.962411
0.758987 0.959849
0.758085 0.987584
0.757976 0.917842
0.758412 0.931918
0.758957 0.945985
0.758543 0.973714
0.738023 0.973790
0.009899 0.934619
0.152473 0.933807
0.232493 0.933903
0.738316 0.960011
0.010762 0.814158
0.737751 0.987578
0.737522 0.917835
0.737616 0.932024
0.738245 0.946148
0.032043 0.813820
0.703659 0.960608
0.707294 0.987705
0.707106 0.917962
0.705023 0.932301
0.703922 0.946791
0.705468 0.974162
0.495844 0.962009
0.495004 0.989662
0.494983 0.919823
0.495041 0.933939
0.495962 0.948030
0.495627 0.975860
0.384683 0.962252
0.384846 0.989955
0.384725 0.920175
0.384453 0.934311
0.384406 0.948430
0.384818 0.976112
0.310701 0.962456
0.312177 0.990138
0.311332 0.920350
0.310928 0.934444
0.310508 0.948585
0.311222 0.976330
0.232554 0.962032
0.234221 0.989694
0.233468 0.919779
0.232016 0.948195
0.233723 0.975855
0.152839 0.961783
0.154478 0.989416
0.153609 0.919620
0.152156 0.948006
0.154021 0.975579
0.075704 0.976222
0.074400 0.948668
0.031667 0.883635
0.010138 0.883904
0.064621 0.882816
0.062837 0.812770
0.273892 0.811776
0.385169 0.810916
0.273245 0.881553
0.457400 0.810469
0.535473 0.809908
0.615681 0.810181
0.694669 0.810813
0.074821 0.906441
0.758007 0.903978
0.737674 0.903973
0.383971 0.880524
0.707218 0.904100
0.494928 0.906057
0.384770 0.906349
0.312101 0.906533
0.234145 0.906089
0.154402 0.905810
0.009836 0.906625
0.458099 0.880115
0.536109 0.879681
0.616276 0.879949
0.694010 0.880485
0.009831 0.976176
0.009913 0.990231
0.009922 0.920576
0.009865 0.948679
0.813001 0.061786
0.782080 0.061786
0.766620 0.035008
0.782080 0.008229
0.813001 0.008229
0.724513 0.067780
0.714629 0.060654
0.699169 0.033876
0.714629 0.007097
0.745550 0.007097
0.761011 0.033876
0.745550 0.060654
0.828462 0.035008
0.756894 0.067780
0.756894 0.121932
0.724513 0.121932
0.789275 0.067780
0.789275 0.121932
0.627373 0.067780
0.627373 0.121932
0.659753 0.067780
0.659753 0.121932
0.692133 0.067780
0.692133 0.121932
0.821655 0.067780
0.821655 0.121932
0.813001 0.061786
0.782080 0.061786
0.766620 0.035008
0.782080 0.008229
0.813001 0.008229
0.724513 0.067780
0.714629 0.060654
0.699169 0.033876
0.714629 0.007097
0.745550 0.007097
0.761011 0.033876
0.745550 0.060654
0.828462 0.035008
0.756894 0.067780
0.756894 0.121932
0.724513 0.121932
0.789275 0.067780
0.789275 0.121932
0.627373 0.067780
0.627373 0.121932
0.659753 0.067780
0.659753 0.121932
0.692133 0.067780
0.692133 0.121932
0.821655 0.067780
0.821655 0.121932
0.634859 0.655853
0.603148 0.655853
0.587293 0.628391
0.603148 0.600928
0.634859 0.600928
0.544111 0.662001
0.533974 0.654693
0.518119 0.627230
0.533974 0.599767
0.565686 0.599767
0.581541 0.627230
0.565686 0.654693
0.650715 0.628391
0.577319 0.662001
0.577319 0.717536
0.544111 0.717536
0.610527 0.662001
0.610527 0.717536
0.444488 0.662001
0.444488 0.717536
0.477696 0.662001
0.477696 0.717536
0.510904 0.662001
0.510904 0.717536
0.643735 0.662001
0.643735 0.717536
0.918201 0.988292
0.931590 0.988099
0.938295 0.988426
0.945006 0.988594
0.911530 0.988896
0.918266 0.982353
0.918310 0.976441
0.931715 0.982119
0.938357 0.982362
0.945052 0.982483
0.911561 0.982827
0.985800 0.988978
0.918474 0.953867
0.931745 0.976168
0.938418 0.975708
0.945110 0.975861
0.911609 0.976209
0.972441 0.989206
0.918680 0.914178
0.931867 0.953610
0.938575 0.953541
0.945283 0.953374
0.911818 0.954054
0.918517 0.930247
0.918639 0.889265
0.931901 0.929992
0.938617 0.929997
0.945330 0.930012
0.911858 0.930513
0.965771 0.989316
0.918804 0.865154
0.932021 0.913937
0.938802 0.914052
0.945533 0.913898
0.912057 0.914382
0.959046 0.989386
0.918814 0.841662
0.931968 0.889035
0.938729 0.889032
0.945493 0.889029
0.912021 0.889478
0.992517 0.988949
0.918891 0.822922
0.932166 0.864910
0.938898 0.864921
0.945630 0.864933
0.912156 0.865401
0.979086 0.989008
0.918901 0.811068
0.932185 0.841413
0.938924 0.841110
0.945629 0.841445
0.912154 0.841917
0.952331 0.989415
0.918066 0.619006
0.932295 0.822682
0.938983 0.822683
0.945698 0.822685
0.912223 0.823152
0.918129 0.652893
0.932430 0.810923
0.939029 0.810792
0.945640 0.810673
0.912042 0.811056
0.918369 0.686504
0.911484 0.653057
0.937118 0.519528
0.923759 0.519756
0.917089 0.519866
0.910363 0.519936
0.943835 0.519499
0.937411 0.550538
0.930403 0.519558
0.923976 0.550737
0.917309 0.550853
0.910651 0.550887
0.944124 0.550480
0.937710 0.584432
0.924289 0.584825
0.917627 0.584667
0.910949 0.584781
0.944423 0.584373
0.938172 0.618801
0.924728 0.618803
0.911406 0.619208
0.944881 0.618772
0.938241 0.652616
0.924767 0.652669
0.904819 0.989059
0.944956 0.652598
0.938545 0.686600
0.904866 0.982949
0.904924 0.976326
0.905097 0.953840
0.965973 0.517152
0.979362 0.517046
0.986005 0.516577
0.992712 0.516327
0.959239 0.516873
0.972711 0.517284
0.972754 0.523227
0.905144 0.930477
0.965681 0.957716
0.965657 0.923018
0.965834 0.888631
0.965993 0.523283
0.979439 0.523061
0.986084 0.522821
0.992785 0.522687
0.959288 0.523262
0.905346 0.914363
0.965807 0.529696
0.979218 0.529511
0.985886 0.529999
0.992595 0.530217
0.959123 0.530415
0.972519 0.529253
0.965757 0.552409
0.979107 0.552165
0.985814 0.552205
0.992551 0.552165
0.959102 0.552491
0.972379 0.552304
0.965886 0.575922
0.979251 0.575610
0.985968 0.575605
0.992682 0.575591
0.959209 0.576021
0.972554 0.575708
0.965886 0.592086
0.979310 0.591885
0.986020 0.591958
0.992732 0.592076
0.959238 0.592337
0.972597 0.591834
0.965849 0.617217
0.979210 0.617042
0.985923 0.617088
0.992635 0.617200
0.959181 0.617574
0.972497 0.616996
0.965737 0.641729
0.979075 0.641528
0.985762 0.641525
0.992474 0.641552
0.959065 0.642209
0.972353 0.641491
0.965589 0.665310
0.978969 0.665054
0.985666 0.665035
0.992380 0.665058
0.958906 0.665547
0.972274 0.665073
0.965275 0.684217
0.978691 0.683889
0.985365 0.683951
0.992043 0.683179
0.958582 0.684476
0.971965 0.683959
0.965336 0.696543
0.978771 0.696193
0.985393 0.696295
0.991979 0.697239
0.958385 0.696909
0.972351 0.696408
0.985709 0.957429
0.985714 0.922750
0.972359 0.922821
0.972384 0.957232
0.958954 0.923216
0.958949 0.957895
0.992427 0.922750
0.992422 0.957429
0.979064 0.923139
0.978996 0.957429
0.985881 0.888337
0.972548 0.888460
0.959121 0.888803
0.992594 0.888337
0.979214 0.888399
0.986019 0.854930
0.972617 0.854930
0.965942 0.855145
0.959262 0.855420
0.992735 0.854948
0.979314 0.854475
0.905306 0.889494
0.905444 0.865398
0.924879 0.987918
0.925019 0.981997
0.925043 0.976396
0.966162 0.821497
0.925149 0.953552
0.925184 0.930013
0.905443 0.841911
0.905512 0.823150
0.905454 0.811139
0.903648 0.519965
0.903938 0.550945
0.904236 0.584839
0.904695 0.619238
0.904770 0.653063
0.952527 0.516792
0.925307 0.913958
0.952599 0.523153
0.952409 0.530683
0.952365 0.552630
0.952496 0.576056
0.925256 0.889052
0.952546 0.592542
0.952450 0.617666
0.952288 0.642018
0.973198 0.821097
0.979699 0.820550
0.925453 0.864908
0.952194 0.665524
0.951857 0.683645
0.951793 0.697704
0.952241 0.923216
0.952236 0.957895
0.952408 0.888802
0.952549 0.855413
0.952525 0.821874
0.904811 0.686513
0.959088 0.822131
0.925472 0.841406
0.992711 0.821409
0.986262 0.820884
0.925600 0.822444
0.925793 0.811047
0.925422 0.686442
0.931982 0.686963
0.931513 0.653038
0.931424 0.619241
0.944997 0.686047
0.911376 0.686228
0.931023 0.584029
0.930698 0.550597
0.634859 0.655853
0.603148 0.655853
0.587293 0.628391
0.603148 0.600928
0.634859 0.600928
0.544111 0.662001
0.533974 0.654693
0.518119 0.627230
0.533974 0.599767
0.565686 0.599767
0.581541 0.627230
0.565686 0.654693
0.650715 0.628391
0.577319 0.662001
0.577319 0.717536
0.544111 0.717536
0.610527 0.662001
0.610527 0.717536
0.444488 0.662001
0.444488 0.717536
0.477696 0.662001
0.477696 0.717536
0.510904 0.662001
0.510904 0.717536
0.643735 0.662001
0.643735 0.717536
0.871436 0.649876
0.836418 0.649876
0.818909 0.619550
0.836418 0.589223
0.871436 0.589223
0.771224 0.656665
0.760030 0.648594
0.742522 0.618267
0.760030 0.587941
0.795048 0.587941
0.812558 0.618267
0.795048 0.648594
0.888945 0.619550
0.807895 0.656665
0.807895 0.717991
0.771224 0.717991
0.844566 0.656665
0.844566 0.717991
0.661212 0.656665
0.661212 0.717991
0.697883 0.656665
0.697883 0.717991
0.734554 0.656665
0.734554 0.717991
0.881237 0.656665
0.881237 0.717991
0.871436 0.649876
0.836418 0.649876
0.818909 0.619550
0.836418 0.589223
0.871436 0.589223
0.771224 0.656665
0.760030 0.648594
0.742522 0.618267
0.760030 0.587941
0.795048 0.587941
0.812558 0.618267
0.795048 0.648594
0.888945 0.619550
0.807895 0.656665
0.807895 0.717991
0.771224 0.717991
0.844566 0.656665
0.844566 0.717991
0.661212 0.656665
0.661212 0.717991
0.697883 0.656665
0.697883 0.717991
0.734554 0.656665
0.734554 0.717991
0.881237 0.656665
0.881237 0.717991
-30.946804 21.924217
-31.446804 21.424217
-30.946804 20.924217
-30.446804 21.424217
0.395293 0.797954
0.395293 0.794570
0.398678 0.794570
0.892823 0.749044
0.893438 0.781474
0.399322 0.781474
0.399322 0.766514
0.893438 0.766514
0.893331 0.765356
0.399214 0.765352
0.399214 0.750392
0.893331 0.750396
0.398707 0.749041
0.398708 0.734081
0.892823 0.734084
0.893438 0.798145
0.399322 0.798145
0.399322 0.783185
0.398678 0.797954
0.893438 0.783185
</float_array>
          <technique_common>
            <accessor source="#chair_lightweight_theta-lib-UV0-array" count="878" stride="2">
              <param name="S" type="float"/>
              <param name="T" type="float"/>
            </accessor>
          </technique_common>
        </source>
        <vertices id="chair_lightweight_theta-lib-Vertex">
          <input semantic="POSITION" source="#chair_lightweight_theta-lib-Position"/>
        </vertices>
        <polygons material="_01___Default" count="1084">
          <input semantic="VERTEX" offset="0" source="#chair_lightweight_theta-lib-Vertex"/>
          <input semantic="NORMAL" offset="1" source="#chair_lightweight_theta-lib-Normal0"/>
          <input semantic="TEXCOORD" offset="2" set="0" source="#chair_lightweight_theta-lib-UV0"/>
          <p>98 0 0 20 1 1 58 2 103</p>
          <p>58 3 103 60 4 104 98 5 0</p>
          <p>99 6 4 21 7 5 22 8 105</p>
          <p>22 9 105 61 10 106 99 11 4</p>
          <p>60 12 104 22 13 105 21 14 5</p>
          <p>21 15 5 98 16 0 60 17 104</p>
          <p>100 18 8 23 19 9 24 20 107</p>
          <p>24 21 107 62 22 108 100 23 8</p>
          <p>61 24 106 24 25 107 23 26 9</p>
          <p>23 27 9 99 28 4 61 29 106</p>
          <p>101 30 12 25 31 13 26 32 109</p>
          <p>26 33 109 63 34 111 101 35 12</p>
          <p>62 36 108 26 37 109 25 38 13</p>
          <p>25 39 13 100 40 8 62 41 108</p>
          <p>102 42 16 27 43 17 28 44 130</p>
          <p>28 45 130 64 46 131 102 47 16</p>
          <p>63 48 111 28 49 130 27 50 17</p>
          <p>27 51 17 101 52 12 63 53 111</p>
          <p>103 54 20 29 55 21 30 56 132</p>
          <p>30 57 132 65 58 133 103 59 20</p>
          <p>64 60 131 30 61 132 29 62 21</p>
          <p>29 63 21 102 64 16 64 65 131</p>
          <p>104 66 24 31 67 25 32 68 134</p>
          <p>32 69 134 66 70 135 104 71 24</p>
          <p>65 72 133 32 73 134 31 74 25</p>
          <p>31 75 25 103 76 20 65 77 133</p>
          <p>105 78 28 33 79 29 34 80 136</p>
          <p>34 81 136 67 82 137 105 83 28</p>
          <p>66 84 135 34 85 136 33 86 29</p>
          <p>33 87 29 104 88 24 66 89 135</p>
          <p>106 90 32 35 91 33 36 92 138</p>
          <p>36 93 138 68 94 139 106 95 32</p>
          <p>67 96 137 36 97 138 35 98 33</p>
          <p>35 99 33 105 100 28 67 101 137</p>
          <p>56 102 36 37 103 140 119 104 141</p>
          <p>119 105 141 0 106 39 56 107 36</p>
          <p>60 108 3 58 109 2 121 110 40</p>
          <p>121 111 40 10 112 41 60 113 3</p>
          <p>61 114 7 22 115 6 80 116 42</p>
          <p>80 117 42 11 118 43 61 119 7</p>
          <p>22 120 6 60 121 3 10 122 41</p>
          <p>10 123 41 80 124 42 22 125 6</p>
          <p>62 126 11 24 127 10 81 128 44</p>
          <p>81 129 44 12 130 45 62 131 11</p>
          <p>24 132 10 61 133 7 11 134 43</p>
          <p>11 135 43 81 136 44 24 137 10</p>
          <p>63 138 15 26 139 14 82 140 46</p>
          <p>82 141 46 13 142 47 63 143 15</p>
          <p>26 144 14 62 145 11 12 146 45</p>
          <p>12 147 45 82 148 46 26 149 14</p>
          <p>64 150 19 28 151 18 83 152 48</p>
          <p>83 153 48 14 154 49 64 155 19</p>
          <p>28 156 18 63 157 15 13 158 47</p>
          <p>13 159 47 83 160 48 28 161 18</p>
          <p>65 162 23 30 163 22 84 164 50</p>
          <p>84 165 50 15 166 51 65 167 23</p>
          <p>30 168 22 64 169 19 14 170 49</p>
          <p>14 171 49 84 172 50 30 173 22</p>
          <p>66 174 27 32 175 26 85 176 52</p>
          <p>85 177 52 16 178 53 66 179 27</p>
          <p>32 180 26 65 181 23 15 182 51</p>
          <p>15 183 51 85 184 52 32 185 26</p>
          <p>67 186 31 34 187 30 86 188 54</p>
          <p>86 189 54 17 190 55 67 191 31</p>
          <p>34 192 30 66 193 27 16 194 53</p>
          <p>16 195 53 86 196 54 34 197 30</p>
          <p>68 198 35 36 199 34 87 200 56</p>
          <p>87 201 56 18 202 57 68 203 35</p>
          <p>36 204 34 67 205 31 17 206 55</p>
          <p>17 207 55 87 208 56 36 209 34</p>
          <p>37 210 37 88 211 58 119 212 38</p>
          <p>20 213 110 89 214 112 19 215 113</p>
          <p>98 216 114 21 217 115 90 218 116</p>
          <p>90 219 116 1 220 117 98 221 114</p>
          <p>21 222 115 99 223 118 2 224 119</p>
          <p>2 225 119 90 226 116 21 227 115</p>
          <p>99 228 118 23 229 120 91 230 121</p>
          <p>91 231 121 2 232 119 99 233 118</p>
          <p>23 234 120 100 235 122 3 236 123</p>
          <p>3 237 123 91 238 121 23 239 120</p>
          <p>100 240 122 25 241 124 92 242 125</p>
          <p>92 243 125 3 244 123 100 245 122</p>
          <p>25 246 124 101 247 126 4 248 127</p>
          <p>4 249 127 92 250 125 25 251 124</p>
          <p>101 252 126 27 253 128 93 254 129</p>
          <p>93 255 129 4 256 127 101 257 126</p>
          <p>27 258 128 102 259 150 5 260 165</p>
          <p>5 261 165 93 262 129 27 263 128</p>
          <p>102 264 150 29 265 166 94 266 167</p>
          <p>94 267 167 5 268 165 102 269 150</p>
          <p>29 270 166 103 271 168 6 272 169</p>
          <p>6 273 169 94 274 167 29 275 166</p>
          <p>103 276 168 31 277 170 95 278 171</p>
          <p>95 279 171 6 280 169 103 281 168</p>
          <p>31 282 170 104 283 172 7 284 173</p>
          <p>7 285 173 95 286 171 31 287 170</p>
          <p>104 288 172 33 289 174 96 290 175</p>
          <p>96 291 175 7 292 173 104 293 172</p>
          <p>33 294 174 105 295 176 8 296 177</p>
          <p>8 297 177 96 298 175 33 299 174</p>
          <p>105 300 176 35 301 178 97 302 179</p>
          <p>97 303 179 8 304 177 105 305 176</p>
          <p>35 306 178 106 307 180 9 308 181</p>
          <p>9 309 181 97 310 179 35 311 178</p>
          <p>106 312 180 56 313 182 120 314 183</p>
          <p>120 315 183 9 316 181 106 317 180</p>
          <p>118 318 142 58 319 103 20 320 1</p>
          <p>20 321 1 19 322 60 118 323 142</p>
          <p>119 324 141 70 325 143 108 326 62</p>
          <p>108 327 62 0 328 39 119 329 141</p>
          <p>109 330 144 38 331 145 59 332 65</p>
          <p>59 333 65 71 334 66 109 335 144</p>
          <p>110 336 146 39 337 147 40 338 69</p>
          <p>40 339 69 72 340 70 110 341 146</p>
          <p>71 342 66 40 343 69 39 344 147</p>
          <p>39 345 147 109 346 144 71 347 66</p>
          <p>111 348 148 41 349 149 42 350 73</p>
          <p>42 351 73 73 352 74 111 353 148</p>
          <p>72 354 70 42 355 73 41 356 149</p>
          <p>41 357 149 110 358 146 72 359 70</p>
          <p>112 360 151 43 361 152 44 362 77</p>
          <p>44 363 77 74 364 78 112 365 151</p>
          <p>73 366 74 44 367 77 43 368 152</p>
          <p>43 369 152 111 370 148 73 371 74</p>
          <p>113 372 153 45 373 154 46 374 81</p>
          <p>46 375 81 75 376 82 113 377 153</p>
          <p>74 378 78 46 379 81 45 380 154</p>
          <p>45 381 154 112 382 151 74 383 78</p>
          <p>114 384 155 47 385 156 48 386 85</p>
          <p>48 387 85 76 388 86 114 389 155</p>
          <p>75 390 82 48 391 85 47 392 156</p>
          <p>47 393 156 113 394 153 75 395 82</p>
          <p>115 396 157 49 397 158 50 398 89</p>
          <p>50 399 89 77 400 90 115 401 157</p>
          <p>76 402 86 50 403 89 49 404 158</p>
          <p>49 405 158 114 406 155 76 407 86</p>
          <p>116 408 159 51 409 160 52 410 93</p>
          <p>52 411 93 78 412 94 116 413 159</p>
          <p>77 414 90 52 415 93 51 416 160</p>
          <p>51 417 160 115 418 157 77 419 90</p>
          <p>117 420 161 53 421 162 54 422 97</p>
          <p>54 423 97 79 424 98 117 425 161</p>
          <p>78 426 94 54 427 97 53 428 162</p>
          <p>53 429 162 116 430 159 78 431 94</p>
          <p>70 432 143 57 433 163 55 434 100</p>
          <p>55 435 100 108 436 62 70 437 143</p>
          <p>118 438 59 107 439 101 38 440 64</p>
          <p>38 441 64 121 442 40 118 443 59</p>
          <p>10 444 41 109 445 63 39 446 68</p>
          <p>39 447 68 80 448 42 10 449 41</p>
          <p>11 450 43 80 451 42 39 452 68</p>
          <p>39 453 68 110 454 67 11 455 43</p>
          <p>11 456 43 110 457 67 41 458 72</p>
          <p>41 459 72 81 460 44 11 461 43</p>
          <p>12 462 45 81 463 44 41 464 72</p>
          <p>41 465 72 111 466 71 12 467 45</p>
          <p>12 468 45 111 469 71 43 470 76</p>
          <p>43 471 76 82 472 46 12 473 45</p>
          <p>13 474 47 82 475 46 43 476 76</p>
          <p>43 477 76 112 478 75 13 479 47</p>
          <p>13 480 47 112 481 75 45 482 80</p>
          <p>45 483 80 83 484 48 13 485 47</p>
          <p>14 486 49 83 487 48 45 488 80</p>
          <p>45 489 80 113 490 79 14 491 49</p>
          <p>14 492 49 113 493 79 47 494 84</p>
          <p>47 495 84 84 496 50 14 497 49</p>
          <p>15 498 51 84 499 50 47 500 84</p>
          <p>47 501 84 114 502 83 15 503 51</p>
          <p>15 504 51 114 505 83 49 506 88</p>
          <p>49 507 88 85 508 52 15 509 51</p>
          <p>16 510 53 85 511 52 49 512 88</p>
          <p>49 513 88 115 514 87 16 515 53</p>
          <p>16 516 53 115 517 87 51 518 92</p>
          <p>51 519 92 86 520 54 16 521 53</p>
          <p>17 522 55 86 523 54 51 524 92</p>
          <p>51 525 92 116 526 91 17 527 55</p>
          <p>17 528 55 116 529 91 53 530 96</p>
          <p>53 531 96 87 532 56 17 533 55</p>
          <p>18 534 57 87 535 56 53 536 96</p>
          <p>53 537 96 117 538 95 18 539 57</p>
          <p>18 540 57 117 541 95 57 542 99</p>
          <p>57 543 99 88 544 58 18 545 57</p>
          <p>1 546 117 71 547 184 59 548 185</p>
          <p>59 549 185 89 550 112 1 551 117</p>
          <p>2 552 119 72 553 186 40 554 187</p>
          <p>40 555 187 90 556 116 2 557 119</p>
          <p>1 558 117 90 559 116 40 560 187</p>
          <p>40 561 187 71 562 184 1 563 117</p>
          <p>3 564 123 73 565 188 42 566 189</p>
          <p>42 567 189 91 568 121 3 569 123</p>
          <p>2 570 119 91 571 121 42 572 189</p>
          <p>42 573 189 72 574 186 2 575 119</p>
          <p>4 576 127 74 577 190 44 578 191</p>
          <p>44 579 191 92 580 125 4 581 127</p>
          <p>3 582 123 92 583 125 44 584 191</p>
          <p>44 585 191 73 586 188 3 587 123</p>
          <p>5 588 165 75 589 192 46 590 193</p>
          <p>46 591 193 93 592 129 5 593 165</p>
          <p>4 594 127 93 595 129 46 596 193</p>
          <p>46 597 193 74 598 190 4 599 127</p>
          <p>6 600 169 76 601 194 48 602 195</p>
          <p>48 603 195 94 604 167 6 605 169</p>
          <p>5 606 165 94 607 167 48 608 195</p>
          <p>48 609 195 75 610 192 5 611 165</p>
          <p>7 612 173 77 613 196 50 614 197</p>
          <p>50 615 197 95 616 171 7 617 173</p>
          <p>6 618 169 95 619 171 50 620 197</p>
          <p>50 621 197 76 622 194 6 623 169</p>
          <p>8 624 177 78 625 198 52 626 199</p>
          <p>52 627 199 96 628 175 8 629 177</p>
          <p>7 630 173 96 631 175 52 632 199</p>
          <p>52 633 199 77 634 196 7 635 173</p>
          <p>9 636 181 79 637 200 54 638 201</p>
          <p>54 639 201 97 640 179 9 641 181</p>
          <p>8 642 177 97 643 179 54 644 201</p>
          <p>54 645 201 78 646 198 8 647 177</p>
          <p>0 648 202 108 649 203 55 650 204</p>
          <p>55 651 204 120 652 183 0 653 202</p>
          <p>107 654 164 118 655 142 19 656 60</p>
          <p>19 657 60 69 658 102 107 659 164</p>
          <p>98 660 114 1 661 117 89 662 112</p>
          <p>89 663 112 20 664 110 98 665 114</p>
          <p>118 666 59 121 667 40 58 668 2</p>
          <p>0 669 202 120 670 183 56 671 182</p>
          <p>68 672 35 18 673 57 88 674 58</p>
          <p>88 675 58 37 676 37 68 677 35</p>
          <p>109 678 63 10 679 41 121 680 40</p>
          <p>121 681 40 38 682 64 109 683 63</p>
          <p>69 684 102 59 685 65 38 686 145</p>
          <p>38 687 145 107 688 164 69 689 102</p>
          <p>69 690 205 19 691 113 89 692 112</p>
          <p>89 693 112 59 694 185 69 695 205</p>
          <p>70 696 61 119 697 38 88 698 58</p>
          <p>88 699 58 57 700 99 70 701 61</p>
          <p>79 702 98 55 703 100 57 704 163</p>
          <p>57 705 163 117 706 161 79 707 98</p>
          <p>79 708 200 9 709 181 120 710 183</p>
          <p>120 711 183 55 712 204 79 713 200</p>
          <p>56 714 36 106 715 32 68 716 139</p>
          <p>68 717 139 37 718 140 56 719 36</p>
          <p>134 720 206 133 721 207 123 722 286</p>
          <p>123 723 286 124 724 287 134 725 206</p>
          <p>135 726 210 134 727 206 124 728 287</p>
          <p>124 729 287 125 730 288 135 731 210</p>
          <p>136 732 212 135 733 210 125 734 288</p>
          <p>125 735 288 126 736 289 136 737 212</p>
          <p>137 738 214 136 739 212 126 740 289</p>
          <p>126 741 289 127 742 290 137 743 214</p>
          <p>138 744 216 137 745 214 127 746 290</p>
          <p>127 747 290 128 748 291 138 749 216</p>
          <p>139 750 218 138 751 216 128 752 291</p>
          <p>128 753 291 129 754 292 139 755 218</p>
          <p>140 756 220 139 757 218 129 758 292</p>
          <p>129 759 292 130 760 293 140 761 220</p>
          <p>141 762 222 140 763 220 130 764 293</p>
          <p>130 765 293 131 766 294 141 767 222</p>
          <p>132 768 224 141 769 222 131 770 294</p>
          <p>131 771 294 122 772 295 132 773 224</p>
          <p>124 774 209 123 775 208 143 776 226</p>
          <p>143 777 226 144 778 227 124 779 209</p>
          <p>125 780 211 124 781 209 144 782 227</p>
          <p>144 783 227 145 784 228 125 785 211</p>
          <p>126 786 213 125 787 211 145 788 228</p>
          <p>145 789 228 146 790 229 126 791 213</p>
          <p>127 792 215 126 793 213 146 794 229</p>
          <p>146 795 229 147 796 230 127 797 215</p>
          <p>128 798 217 127 799 215 147 800 230</p>
          <p>147 801 230 148 802 231 128 803 217</p>
          <p>129 804 219 128 805 217 148 806 231</p>
          <p>148 807 231 149 808 232 129 809 219</p>
          <p>130 810 221 129 811 219 149 812 232</p>
          <p>149 813 232 150 814 233 130 815 221</p>
          <p>131 816 223 130 817 221 150 818 233</p>
          <p>150 819 233 151 820 234 131 821 223</p>
          <p>122 822 225 131 823 223 151 824 234</p>
          <p>151 825 234 142 826 235 122 827 225</p>
          <p>133 828 237 134 829 238 155 830 239</p>
          <p>155 831 239 154 832 240 133 833 237</p>
          <p>134 834 238 135 835 241 156 836 242</p>
          <p>156 837 242 155 838 239 134 839 238</p>
          <p>135 840 241 136 841 243 157 842 244</p>
          <p>157 843 244 156 844 242 135 845 241</p>
          <p>136 846 243 137 847 245 158 848 246</p>
          <p>158 849 246 157 850 244 136 851 243</p>
          <p>137 852 245 138 853 247 159 854 268</p>
          <p>159 855 268 158 856 246 137 857 245</p>
          <p>138 858 247 139 859 269 160 860 270</p>
          <p>160 861 270 159 862 268 138 863 247</p>
          <p>139 864 269 140 865 271 161 866 272</p>
          <p>161 867 272 160 868 270 139 869 269</p>
          <p>140 870 271 141 871 273 162 872 274</p>
          <p>162 873 274 161 874 272 140 875 271</p>
          <p>141 876 273 132 877 275 153 878 276</p>
          <p>153 879 276 162 880 274 141 881 273</p>
          <p>175 882 306 176 883 307 177 884 308</p>
          <p>177 885 308 174 886 309 175 887 306</p>
          <p>165 888 296 164 889 248 132 890 224</p>
          <p>132 891 224 122 892 295 165 893 296</p>
          <p>122 894 225 142 895 235 178 896 249</p>
          <p>178 897 249 165 898 236 122 899 225</p>
          <p>152 900 250 143 901 226 166 902 251</p>
          <p>143 903 226 123 904 208 167 905 252</p>
          <p>167 906 252 166 907 251 143 908 226</p>
          <p>168 909 253 167 910 297 123 911 286</p>
          <p>123 912 286 133 913 207 168 914 253</p>
          <p>133 915 237 154 916 240 179 917 277</p>
          <p>179 918 277 168 919 278 133 920 237</p>
          <p>163 921 279 153 922 276 169 923 280</p>
          <p>169 924 280 179 925 277 163 926 279</p>
          <p>153 927 276 132 928 275 164 929 281</p>
          <p>164 930 281 169 931 280 153 932 276</p>
          <p>165 933 298 170 934 299 173 935 256</p>
          <p>173 936 256 164 937 257 165 938 298</p>
          <p>165 939 254 178 940 258 170 941 255</p>
          <p>166 942 259 167 943 260 171 944 261</p>
          <p>168 945 262 172 946 263 171 947 301</p>
          <p>171 948 301 167 949 300 168 950 262</p>
          <p>168 951 314 179 952 315 172 953 316</p>
          <p>179 954 315 169 955 317 173 956 318</p>
          <p>173 957 318 172 958 316 179 959 315</p>
          <p>169 960 317 164 961 319 173 962 318</p>
          <p>170 963 302 174 964 303 177 965 266</p>
          <p>177 966 266 173 967 267 170 968 302</p>
          <p>172 969 282 176 970 283 175 971 304</p>
          <p>175 972 304 171 973 305 172 974 282</p>
          <p>172 975 310 173 976 311 177 977 312</p>
          <p>177 978 312 176 979 313 172 980 310</p>
          <p>143 981 226 152 982 250 144 983 227</p>
          <p>144 984 227 152 985 250 145 986 228</p>
          <p>145 987 228 152 988 250 146 989 229</p>
          <p>146 990 229 152 991 250 147 992 230</p>
          <p>147 993 230 152 994 250 148 995 231</p>
          <p>148 996 231 152 997 250 149 998 232</p>
          <p>149 999 232 152 1000 250 150 1001 233</p>
          <p>150 1002 233 152 1003 250 151 1004 234</p>
          <p>151 1005 234 152 1006 250 142 1007 235</p>
          <p>155 1008 239 163 1009 279 154 1010 240</p>
          <p>156 1011 242 163 1012 279 155 1013 239</p>
          <p>157 1014 244 163 1015 279 156 1016 242</p>
          <p>158 1017 246 163 1018 279 157 1019 244</p>
          <p>159 1020 268 163 1021 279 158 1022 246</p>
          <p>160 1023 270 163 1024 279 159 1025 268</p>
          <p>161 1026 272 163 1027 279 160 1028 270</p>
          <p>162 1029 274 163 1030 279 161 1031 272</p>
          <p>153 1032 276 163 1033 279 162 1034 274</p>
          <p>142 1035 235 152 1036 250 166 1037 251</p>
          <p>166 1038 251 178 1039 249 142 1040 235</p>
          <p>154 1041 240 163 1042 279 179 1043 277</p>
          <p>178 1044 258 166 1045 259 171 1046 261</p>
          <p>171 1047 261 170 1048 255 178 1049 258</p>
          <p>170 1050 264 171 1051 285 175 1052 284</p>
          <p>175 1053 284 174 1054 265 170 1055 264</p>
          <p>180 1056 431 186 1057 430 187 1058 327</p>
          <p>187 1059 327 181 1060 321 180 1061 431</p>
          <p>181 1062 388 187 1063 393 188 1064 328</p>
          <p>188 1065 328 182 1066 322 181 1067 388</p>
          <p>182 1068 322 188 1069 328 189 1070 329</p>
          <p>189 1071 329 183 1072 323 182 1073 322</p>
          <p>183 1074 323 189 1075 329 190 1076 330</p>
          <p>190 1077 330 184 1078 324 183 1079 323</p>
          <p>184 1080 324 190 1081 330 191 1082 325</p>
          <p>191 1083 325 185 1084 320 184 1085 324</p>
          <p>185 1086 320 191 1087 325 186 1088 430</p>
          <p>186 1089 430 180 1090 431 185 1091 320</p>
          <p>186 1092 430 192 1093 432 193 1094 333</p>
          <p>193 1095 333 187 1096 327 186 1097 430</p>
          <p>187 1098 393 193 1099 433 194 1100 334</p>
          <p>194 1101 334 188 1102 328 187 1103 393</p>
          <p>188 1104 328 194 1105 334 195 1106 326</p>
          <p>195 1107 326 189 1108 329 188 1109 328</p>
          <p>189 1110 329 195 1111 326 196 1112 336</p>
          <p>196 1113 336 190 1114 330 189 1115 329</p>
          <p>190 1116 330 196 1117 336 197 1118 331</p>
          <p>197 1119 331 191 1120 325 190 1121 330</p>
          <p>191 1122 325 197 1123 331 192 1124 432</p>
          <p>192 1125 432 186 1126 430 191 1127 325</p>
          <p>192 1128 432 198 1129 436 199 1130 339</p>
          <p>199 1131 339 193 1132 333 192 1133 432</p>
          <p>193 1134 433 199 1135 434 200 1136 340</p>
          <p>200 1137 340 194 1138 334 193 1139 433</p>
          <p>194 1140 334 200 1141 340 201 1142 332</p>
          <p>201 1143 332 195 1144 326 194 1145 334</p>
          <p>195 1146 326 201 1147 332 202 1148 342</p>
          <p>202 1149 342 196 1150 336 195 1151 326</p>
          <p>196 1152 336 202 1153 342 203 1154 337</p>
          <p>203 1155 337 197 1156 331 196 1157 336</p>
          <p>197 1158 331 203 1159 337 198 1160 436</p>
          <p>198 1161 436 192 1162 432 197 1163 331</p>
          <p>198 1164 436 204 1165 444 205 1166 345</p>
          <p>205 1167 345 199 1168 339 198 1169 436</p>
          <p>199 1170 434 205 1171 435 206 1172 346</p>
          <p>206 1173 346 200 1174 340 199 1175 434</p>
          <p>200 1176 340 206 1177 346 207 1178 338</p>
          <p>207 1179 338 201 1180 332 200 1181 340</p>
          <p>201 1182 332 207 1183 338 208 1184 348</p>
          <p>208 1185 348 202 1186 342 201 1187 332</p>
          <p>202 1188 342 208 1189 348 209 1190 343</p>
          <p>209 1191 343 203 1192 337 202 1193 342</p>
          <p>203 1194 337 209 1195 343 204 1196 444</p>
          <p>204 1197 444 198 1198 436 203 1199 337</p>
          <p>204 1200 444 210 1201 452 211 1202 351</p>
          <p>211 1203 351 205 1204 345 204 1205 444</p>
          <p>205 1206 435 211 1207 437 212 1208 352</p>
          <p>212 1209 352 206 1210 346 205 1211 435</p>
          <p>206 1212 346 212 1213 352 213 1214 344</p>
          <p>213 1215 344 207 1216 338 206 1217 346</p>
          <p>207 1218 338 213 1219 344 214 1220 354</p>
          <p>214 1221 354 208 1222 348 207 1223 338</p>
          <p>208 1224 348 214 1225 354 215 1226 349</p>
          <p>215 1227 349 209 1228 343 208 1229 348</p>
          <p>209 1230 343 215 1231 349 210 1232 452</p>
          <p>210 1233 452 204 1234 444 209 1235 343</p>
          <p>210 1236 452 216 1237 453 217 1238 357</p>
          <p>217 1239 357 211 1240 351 210 1241 452</p>
          <p>211 1242 437 217 1243 438 218 1244 358</p>
          <p>218 1245 358 212 1246 352 211 1247 437</p>
          <p>212 1248 352 218 1249 358 219 1250 350</p>
          <p>219 1251 350 213 1252 344 212 1253 352</p>
          <p>213 1254 344 219 1255 350 220 1256 360</p>
          <p>220 1257 360 214 1258 354 213 1259 344</p>
          <p>214 1260 354 220 1261 360 221 1262 355</p>
          <p>221 1263 355 215 1264 349 214 1265 354</p>
          <p>215 1266 349 221 1267 355 216 1268 453</p>
          <p>216 1269 453 210 1270 452 215 1271 349</p>
          <p>216 1272 453 222 1273 454 223 1274 363</p>
          <p>223 1275 363 217 1276 357 216 1277 453</p>
          <p>217 1278 438 223 1279 439 224 1280 364</p>
          <p>224 1281 364 218 1282 358 217 1283 438</p>
          <p>218 1284 358 224 1285 364 225 1286 356</p>
          <p>225 1287 356 219 1288 350 218 1289 358</p>
          <p>219 1290 350 225 1291 356 226 1292 366</p>
          <p>226 1293 366 220 1294 360 219 1295 350</p>
          <p>220 1296 360 226 1297 366 227 1298 361</p>
          <p>227 1299 361 221 1300 355 220 1301 360</p>
          <p>221 1302 355 227 1303 361 222 1304 454</p>
          <p>222 1305 454 216 1306 453 221 1307 355</p>
          <p>222 1308 454 228 1309 455 229 1310 369</p>
          <p>229 1311 369 223 1312 363 222 1313 454</p>
          <p>223 1314 439 229 1315 440 230 1316 370</p>
          <p>230 1317 370 224 1318 364 223 1319 439</p>
          <p>224 1320 364 230 1321 370 231 1322 362</p>
          <p>231 1323 362 225 1324 356 224 1325 364</p>
          <p>225 1326 356 231 1327 362 232 1328 372</p>
          <p>232 1329 372 226 1330 366 225 1331 356</p>
          <p>226 1332 366 232 1333 372 233 1334 367</p>
          <p>233 1335 367 227 1336 361 226 1337 366</p>
          <p>227 1338 361 233 1339 367 228 1340 455</p>
          <p>228 1341 455 222 1342 454 227 1343 361</p>
          <p>228 1344 455 291 1345 353 234 1346 359</p>
          <p>234 1347 359 229 1348 369 228 1349 455</p>
          <p>229 1350 440 234 1351 347 235 1352 365</p>
          <p>235 1353 365 230 1354 370 229 1355 440</p>
          <p>230 1356 370 235 1357 365 292 1358 341</p>
          <p>292 1359 341 231 1360 362 230 1361 370</p>
          <p>231 1362 362 292 1363 341 293 1364 371</p>
          <p>293 1365 371 232 1366 372 231 1367 362</p>
          <p>232 1368 372 293 1369 371 236 1370 335</p>
          <p>236 1371 335 233 1372 367 232 1373 372</p>
          <p>233 1374 367 236 1375 335 291 1376 353</p>
          <p>291 1377 353 228 1378 455 233 1379 367</p>
          <p>237 1380 382 238 1381 378 244 1382 389</p>
          <p>244 1383 389 243 1384 383 237 1385 382</p>
          <p>238 1386 442 239 1387 379 245 1388 390</p>
          <p>245 1389 390 244 1390 443 238 1391 442</p>
          <p>239 1392 379 240 1393 380 246 1394 391</p>
          <p>246 1395 391 245 1396 390 239 1397 379</p>
          <p>240 1398 380 241 1399 381 247 1400 392</p>
          <p>247 1401 392 246 1402 391 240 1403 380</p>
          <p>241 1404 381 242 1405 377 248 1406 387</p>
          <p>248 1407 387 247 1408 392 241 1409 381</p>
          <p>242 1410 377 237 1411 382 243 1412 383</p>
          <p>243 1413 383 248 1414 387 242 1415 377</p>
          <p>243 1416 383 244 1417 389 250 1418 395</p>
          <p>250 1419 395 249 1420 399 243 1421 383</p>
          <p>244 1422 443 245 1423 390 251 1424 396</p>
          <p>251 1425 396 250 1426 445 244 1427 443</p>
          <p>245 1428 390 246 1429 391 252 1430 397</p>
          <p>252 1431 397 251 1432 396 245 1433 390</p>
          <p>246 1434 391 247 1435 392 253 1436 398</p>
          <p>253 1437 398 252 1438 397 246 1439 391</p>
          <p>247 1440 392 248 1441 387 254 1442 394</p>
          <p>254 1443 394 253 1444 398 247 1445 392</p>
          <p>248 1446 387 243 1447 383 249 1448 399</p>
          <p>249 1449 399 254 1450 394 248 1451 387</p>
          <p>249 1452 399 250 1453 395 256 1454 401</p>
          <p>256 1455 401 255 1456 405 249 1457 399</p>
          <p>250 1458 445 251 1459 396 257 1460 402</p>
          <p>257 1461 402 256 1462 446 250 1463 445</p>
          <p>251 1464 396 252 1465 397 258 1466 403</p>
          <p>258 1467 403 257 1468 402 251 1469 396</p>
          <p>252 1470 397 253 1471 398 259 1472 404</p>
          <p>259 1473 404 258 1474 403 252 1475 397</p>
          <p>253 1476 398 254 1477 394 260 1478 400</p>
          <p>260 1479 400 259 1480 404 253 1481 398</p>
          <p>254 1482 394 249 1483 399 255 1484 405</p>
          <p>255 1485 405 260 1486 400 254 1487 394</p>
          <p>255 1488 405 256 1489 401 262 1490 407</p>
          <p>262 1491 407 261 1492 411 255 1493 405</p>
          <p>256 1494 446 257 1495 402 263 1496 408</p>
          <p>263 1497 408 262 1498 447 256 1499 446</p>
          <p>257 1500 402 258 1501 403 264 1502 409</p>
          <p>264 1503 409 263 1504 408 257 1505 402</p>
          <p>258 1506 403 259 1507 404 265 1508 410</p>
          <p>265 1509 410 264 1510 409 258 1511 403</p>
          <p>259 1512 404 260 1513 400 266 1514 406</p>
          <p>266 1515 406 265 1516 410 259 1517 404</p>
          <p>260 1518 400 255 1519 405 261 1520 411</p>
          <p>261 1521 411 266 1522 406 260 1523 400</p>
          <p>261 1524 411 262 1525 407 268 1526 413</p>
          <p>268 1527 413 267 1528 417 261 1529 411</p>
          <p>262 1530 447 263 1531 408 269 1532 414</p>
          <p>269 1533 414 268 1534 448 262 1535 447</p>
          <p>263 1536 408 264 1537 409 270 1538 415</p>
          <p>270 1539 415 269 1540 414 263 1541 408</p>
          <p>264 1542 409 265 1543 410 271 1544 416</p>
          <p>271 1545 416 270 1546 415 264 1547 409</p>
          <p>265 1548 410 266 1549 406 272 1550 412</p>
          <p>272 1551 412 271 1552 416 265 1553 410</p>
          <p>266 1554 406 261 1555 411 267 1556 417</p>
          <p>267 1557 417 272 1558 412 266 1559 406</p>
          <p>267 1560 417 268 1561 413 274 1562 419</p>
          <p>274 1563 419 273 1564 422 267 1565 417</p>
          <p>268 1566 448 269 1567 414 275 1568 420</p>
          <p>275 1569 420 274 1570 449 268 1571 448</p>
          <p>269 1572 414 270 1573 415 276 1574 386</p>
          <p>276 1575 386 275 1576 420 269 1577 414</p>
          <p>270 1578 415 271 1579 416 277 1580 421</p>
          <p>277 1581 421 276 1582 386 270 1583 415</p>
          <p>271 1584 416 272 1585 412 278 1586 418</p>
          <p>278 1587 418 277 1588 421 271 1589 416</p>
          <p>272 1590 412 267 1591 417 273 1592 422</p>
          <p>273 1593 422 278 1594 418 272 1595 412</p>
          <p>273 1596 422 274 1597 419 280 1598 424</p>
          <p>280 1599 424 279 1600 427 273 1601 422</p>
          <p>274 1602 449 275 1603 420 281 1604 425</p>
          <p>281 1605 425 280 1606 450 274 1607 449</p>
          <p>275 1608 420 276 1609 386 282 1610 385</p>
          <p>282 1611 385 281 1612 425 275 1613 420</p>
          <p>276 1614 386 277 1615 421 283 1616 426</p>
          <p>283 1617 426 282 1618 385 276 1619 386</p>
          <p>277 1620 421 278 1621 418 284 1622 423</p>
          <p>284 1623 423 283 1624 426 277 1625 421</p>
          <p>278 1626 418 273 1627 422 279 1628 427</p>
          <p>279 1629 427 284 1630 423 278 1631 418</p>
          <p>279 1632 427 280 1633 424 286 1634 374</p>
          <p>286 1635 374 285 1636 428 279 1637 427</p>
          <p>280 1638 450 281 1639 425 287 1640 375</p>
          <p>287 1641 375 286 1642 441 280 1643 450</p>
          <p>281 1644 425 282 1645 385 288 1646 368</p>
          <p>288 1647 368 287 1648 375 281 1649 425</p>
          <p>282 1650 385 283 1651 426 289 1652 429</p>
          <p>289 1653 429 288 1654 368 282 1655 385</p>
          <p>283 1656 426 284 1657 423 290 1658 376</p>
          <p>290 1659 376 289 1660 429 283 1661 426</p>
          <p>284 1662 423 279 1663 427 285 1664 428</p>
          <p>285 1665 428 290 1666 376 284 1667 423</p>
          <p>285 1668 428 286 1669 374 234 1670 457</p>
          <p>234 1671 457 291 1672 456 285 1673 428</p>
          <p>286 1674 441 287 1675 375 235 1676 458</p>
          <p>235 1677 458 234 1678 451 286 1679 441</p>
          <p>287 1680 375 288 1681 368 292 1682 384</p>
          <p>292 1683 384 235 1684 458 287 1685 375</p>
          <p>288 1686 368 289 1687 429 293 1688 459</p>
          <p>293 1689 459 292 1690 384 288 1691 368</p>
          <p>289 1692 429 290 1693 376 236 1694 373</p>
          <p>236 1695 373 293 1696 459 289 1697 429</p>
          <p>290 1698 376 285 1699 428 291 1700 456</p>
          <p>291 1701 456 236 1702 373 290 1703 376</p>
          <p>299 1704 460 294 1705 472 295 1706 464</p>
          <p>295 1707 464 296 1708 463 299 1709 460</p>
          <p>299 1710 460 296 1711 463 298 1712 461</p>
          <p>296 1713 463 297 1714 462 298 1715 461</p>
          <p>294 1716 465 300 1717 475 301 1718 474</p>
          <p>301 1719 474 295 1720 473 294 1721 465</p>
          <p>295 1722 473 301 1723 474 302 1724 477</p>
          <p>302 1725 477 296 1726 476 295 1727 473</p>
          <p>296 1728 476 302 1729 477 303 1730 485</p>
          <p>303 1731 485 297 1732 484 296 1733 476</p>
          <p>297 1734 478 303 1735 479 304 1736 481</p>
          <p>304 1737 481 298 1738 480 297 1739 478</p>
          <p>298 1740 480 304 1741 481 305 1742 483</p>
          <p>305 1743 483 299 1744 482 298 1745 480</p>
          <p>299 1746 482 305 1747 483 300 1748 475</p>
          <p>300 1749 475 294 1750 465 299 1751 482</p>
          <p>305 1752 466 304 1753 471 303 1754 470</p>
          <p>303 1755 470 302 1756 469 305 1757 466</p>
          <p>305 1758 466 302 1759 469 300 1760 467</p>
          <p>302 1761 469 301 1762 468 300 1763 467</p>
          <p>311 1764 486 310 1765 487 309 1766 488</p>
          <p>309 1767 488 308 1768 489 311 1769 486</p>
          <p>311 1770 486 308 1771 489 306 1772 498</p>
          <p>308 1773 489 307 1774 490 306 1775 498</p>
          <p>306 1776 491 307 1777 499 313 1778 500</p>
          <p>313 1779 500 312 1780 501 306 1781 491</p>
          <p>307 1782 499 308 1783 502 314 1784 503</p>
          <p>314 1785 503 313 1786 500 307 1787 499</p>
          <p>308 1788 502 309 1789 510 315 1790 511</p>
          <p>315 1791 511 314 1792 503 308 1793 502</p>
          <p>309 1794 504 310 1795 506 316 1796 507</p>
          <p>316 1797 507 315 1798 505 309 1799 504</p>
          <p>310 1800 506 311 1801 508 317 1802 509</p>
          <p>317 1803 509 316 1804 507 310 1805 506</p>
          <p>311 1806 508 306 1807 491 312 1808 501</p>
          <p>312 1809 501 317 1810 509 311 1811 508</p>
          <p>317 1812 492 312 1813 493 313 1814 494</p>
          <p>313 1815 494 314 1816 495 317 1817 492</p>
          <p>317 1818 492 314 1819 495 316 1820 497</p>
          <p>314 1821 495 315 1822 496 316 1823 497</p>
          <p>323 1824 512 322 1825 513 321 1826 514</p>
          <p>321 1827 514 320 1828 515 323 1829 512</p>
          <p>323 1830 512 320 1831 515 318 1832 524</p>
          <p>320 1833 515 319 1834 516 318 1835 524</p>
          <p>318 1836 517 319 1837 525 325 1838 526</p>
          <p>325 1839 526 324 1840 527 318 1841 517</p>
          <p>319 1842 525 320 1843 528 326 1844 529</p>
          <p>326 1845 529 325 1846 526 319 1847 525</p>
          <p>320 1848 528 321 1849 536 327 1850 537</p>
          <p>327 1851 537 326 1852 529 320 1853 528</p>
          <p>321 1854 530 322 1855 532 328 1856 533</p>
          <p>328 1857 533 327 1858 531 321 1859 530</p>
          <p>322 1860 532 323 1861 534 329 1862 535</p>
          <p>329 1863 535 328 1864 533 322 1865 532</p>
          <p>323 1866 534 318 1867 517 324 1868 527</p>
          <p>324 1869 527 329 1870 535 323 1871 534</p>
          <p>329 1872 518 324 1873 519 325 1874 520</p>
          <p>325 1875 520 326 1876 521 329 1877 518</p>
          <p>329 1878 518 326 1879 521 328 1880 523</p>
          <p>326 1881 521 327 1882 522 328 1883 523</p>
          <p>330 1884 726 336 1885 727 337 1886 545</p>
          <p>337 1887 545 331 1888 539 330 1889 726</p>
          <p>331 1890 539 337 1891 545 338 1892 546</p>
          <p>338 1893 546 332 1894 540 331 1895 539</p>
          <p>332 1896 540 338 1897 546 339 1898 547</p>
          <p>339 1899 547 333 1900 541 332 1901 540</p>
          <p>333 1902 626 339 1903 629 340 1904 548</p>
          <p>340 1905 548 334 1906 542 333 1907 626</p>
          <p>334 1908 542 340 1909 548 341 1910 543</p>
          <p>341 1911 543 335 1912 538 334 1913 542</p>
          <p>335 1914 538 341 1915 543 336 1916 727</p>
          <p>336 1917 727 330 1918 726 335 1919 538</p>
          <p>336 1920 727 342 1921 728 343 1922 551</p>
          <p>343 1923 551 337 1924 545 336 1925 727</p>
          <p>337 1926 545 343 1927 551 344 1928 552</p>
          <p>344 1929 552 338 1930 546 337 1931 545</p>
          <p>338 1932 546 344 1933 552 345 1934 553</p>
          <p>345 1935 553 339 1936 547 338 1937 546</p>
          <p>339 1938 629 345 1939 630 346 1940 554</p>
          <p>346 1941 554 340 1942 548 339 1943 629</p>
          <p>340 1944 548 346 1945 554 347 1946 544</p>
          <p>347 1947 544 341 1948 543 340 1949 548</p>
          <p>341 1950 543 347 1951 544 342 1952 728</p>
          <p>342 1953 728 336 1954 727 341 1955 543</p>
          <p>342 1956 728 348 1957 730 349 1958 557</p>
          <p>349 1959 557 343 1960 551 342 1961 728</p>
          <p>343 1962 551 349 1963 557 350 1964 558</p>
          <p>350 1965 558 344 1966 552 343 1967 551</p>
          <p>344 1968 552 350 1969 558 351 1970 559</p>
          <p>351 1971 559 345 1972 553 344 1973 552</p>
          <p>345 1974 630 351 1975 631 352 1976 560</p>
          <p>352 1977 560 346 1978 554 345 1979 630</p>
          <p>346 1980 554 352 1981 560 353 1982 550</p>
          <p>353 1983 550 347 1984 544 346 1985 554</p>
          <p>347 1986 544 353 1987 550 348 1988 730</p>
          <p>348 1989 730 342 1990 728 347 1991 544</p>
          <p>348 1992 730 354 1993 731 355 1994 563</p>
          <p>355 1995 563 349 1996 557 348 1997 730</p>
          <p>349 1998 557 355 1999 563 356 2000 564</p>
          <p>356 2001 564 350 2002 558 349 2003 557</p>
          <p>350 2004 558 356 2005 564 357 2006 565</p>
          <p>357 2007 565 351 2008 559 350 2009 558</p>
          <p>351 2010 631 357 2011 639 358 2012 566</p>
          <p>358 2013 566 352 2014 560 351 2015 631</p>
          <p>352 2016 560 358 2017 566 359 2018 561</p>
          <p>359 2019 561 353 2020 550 352 2021 560</p>
          <p>353 2022 550 359 2023 561 354 2024 731</p>
          <p>354 2025 731 348 2026 730 353 2027 550</p>
          <p>354 2028 731 360 2029 741 361 2030 569</p>
          <p>361 2031 569 355 2032 563 354 2033 731</p>
          <p>355 2034 563 361 2035 569 362 2036 570</p>
          <p>362 2037 570 356 2038 564 355 2039 563</p>
          <p>356 2040 564 362 2041 570 363 2042 571</p>
          <p>363 2043 571 357 2044 565 356 2045 564</p>
          <p>357 2046 639 363 2047 648 364 2048 572</p>
          <p>364 2049 572 358 2050 566 357 2051 639</p>
          <p>358 2052 566 364 2053 572 365 2054 556</p>
          <p>365 2055 556 359 2056 561 358 2057 566</p>
          <p>359 2058 561 365 2059 556 360 2060 741</p>
          <p>360 2061 741 354 2062 731 359 2063 561</p>
          <p>360 2064 741 366 2065 746 367 2066 575</p>
          <p>367 2067 575 361 2068 569 360 2069 741</p>
          <p>361 2070 569 367 2071 575 368 2072 576</p>
          <p>368 2073 576 362 2074 570 361 2075 569</p>
          <p>362 2076 570 368 2077 576 369 2078 577</p>
          <p>369 2079 577 363 2080 571 362 2081 570</p>
          <p>363 2082 648 369 2083 724 370 2084 578</p>
          <p>370 2085 578 364 2086 572 363 2087 648</p>
          <p>364 2088 572 370 2089 578 371 2090 562</p>
          <p>371 2091 562 365 2092 556 364 2093 572</p>
          <p>365 2094 556 371 2095 562 366 2096 746</p>
          <p>366 2097 746 360 2098 741 365 2099 556</p>
          <p>366 2100 746 372 2101 752 373 2102 581</p>
          <p>373 2103 581 367 2104 575 366 2105 746</p>
          <p>367 2106 575 373 2107 581 374 2108 582</p>
          <p>374 2109 582 368 2110 576 367 2111 575</p>
          <p>368 2112 576 374 2113 582 375 2114 583</p>
          <p>375 2115 583 369 2116 577 368 2117 576</p>
          <p>369 2118 724 375 2119 725 376 2120 584</p>
          <p>376 2121 584 370 2122 578 369 2123 724</p>
          <p>370 2124 578 376 2125 584 377 2126 568</p>
          <p>377 2127 568 371 2128 562 370 2129 578</p>
          <p>371 2130 562 377 2131 568 372 2132 752</p>
          <p>372 2133 752 366 2134 746 371 2135 562</p>
          <p>372 2136 752 378 2137 763 379 2138 587</p>
          <p>379 2139 587 373 2140 581 372 2141 752</p>
          <p>373 2142 581 379 2143 587 380 2144 588</p>
          <p>380 2145 588 374 2146 582 373 2147 581</p>
          <p>374 2148 582 380 2149 588 381 2150 589</p>
          <p>381 2151 589 375 2152 583 374 2153 582</p>
          <p>375 2154 725 381 2155 732 382 2156 590</p>
          <p>382 2157 590 376 2158 584 375 2159 725</p>
          <p>376 2160 584 382 2161 590 383 2162 574</p>
          <p>383 2163 574 377 2164 568 376 2165 584</p>
          <p>377 2166 568 383 2167 574 378 2168 763</p>
          <p>378 2169 763 372 2170 752 377 2171 568</p>
          <p>378 2172 763 384 2173 766 385 2174 593</p>
          <p>385 2175 593 379 2176 587 378 2177 763</p>
          <p>379 2178 587 385 2179 593 386 2180 594</p>
          <p>386 2181 594 380 2182 588 379 2183 587</p>
          <p>380 2184 588 386 2185 594 387 2186 595</p>
          <p>387 2187 595 381 2188 589 380 2189 588</p>
          <p>381 2190 732 387 2191 733 388 2192 596</p>
          <p>388 2193 596 382 2194 590 381 2195 732</p>
          <p>382 2196 590 388 2197 596 389 2198 580</p>
          <p>389 2199 580 383 2200 574 382 2201 590</p>
          <p>383 2202 574 389 2203 580 384 2204 766</p>
          <p>384 2205 766 378 2206 763 383 2207 574</p>
          <p>384 2208 766 390 2209 767 391 2210 598</p>
          <p>391 2211 598 385 2212 593 384 2213 766</p>
          <p>385 2214 593 391 2215 598 392 2216 599</p>
          <p>392 2217 599 386 2218 594 385 2219 593</p>
          <p>386 2220 594 392 2221 599 393 2222 600</p>
          <p>393 2223 600 387 2224 595 386 2225 594</p>
          <p>387 2226 733 393 2227 734 394 2228 601</p>
          <p>394 2229 601 388 2230 596 387 2231 733</p>
          <p>388 2232 596 394 2233 601 395 2234 586</p>
          <p>395 2235 586 389 2236 580 388 2237 596</p>
          <p>389 2238 580 395 2239 586 390 2240 767</p>
          <p>390 2241 767 384 2242 766 389 2243 580</p>
          <p>390 2244 767 422 2245 768 421 2246 769</p>
          <p>421 2247 769 391 2248 598 390 2249 767</p>
          <p>391 2250 598 421 2251 769 425 2252 628</p>
          <p>425 2253 628 392 2254 599 391 2255 598</p>
          <p>392 2256 599 425 2257 628 424 2258 772</p>
          <p>424 2259 772 393 2260 600 392 2261 599</p>
          <p>393 2262 734 424 2263 761 396 2264 773</p>
          <p>396 2265 773 394 2266 601 393 2267 734</p>
          <p>394 2268 601 396 2269 773 423 2270 602</p>
          <p>423 2271 602 395 2272 586 394 2273 601</p>
          <p>395 2274 586 423 2275 602 422 2276 768</p>
          <p>422 2277 768 390 2278 767 395 2279 586</p>
          <p>397 2280 775 403 2281 774 404 2282 616</p>
          <p>404 2283 616 398 2284 611 397 2285 775</p>
          <p>398 2286 611 404 2287 616 405 2288 617</p>
          <p>405 2289 617 399 2290 612 398 2291 611</p>
          <p>399 2292 612 405 2293 617 406 2294 618</p>
          <p>406 2295 618 400 2296 613 399 2297 612</p>
          <p>400 2298 613 406 2299 618 407 2300 737</p>
          <p>407 2301 737 401 2302 736 400 2303 613</p>
          <p>401 2304 614 407 2305 619 408 2306 615</p>
          <p>408 2307 615 402 2308 609 401 2309 614</p>
          <p>402 2310 609 408 2311 615 403 2312 774</p>
          <p>403 2313 774 397 2314 775 402 2315 609</p>
          <p>403 2316 774 409 2317 771 410 2318 621</p>
          <p>410 2319 621 404 2320 616 403 2321 774</p>
          <p>404 2322 616 410 2323 621 411 2324 592</p>
          <p>411 2325 592 405 2326 617 404 2327 616</p>
          <p>405 2328 617 411 2329 592 412 2330 622</p>
          <p>412 2331 622 406 2332 618 405 2333 617</p>
          <p>406 2334 618 412 2335 622 413 2336 738</p>
          <p>413 2337 738 407 2338 737 406 2339 618</p>
          <p>407 2340 619 413 2341 623 414 2342 620</p>
          <p>414 2343 620 408 2344 615 407 2345 619</p>
          <p>408 2346 615 414 2347 620 409 2348 771</p>
          <p>409 2349 771 403 2350 774 408 2351 615</p>
          <p>409 2352 771 415 2353 770 416 2354 625</p>
          <p>416 2355 625 410 2356 621 409 2357 771</p>
          <p>410 2358 621 416 2359 625 417 2360 597</p>
          <p>417 2361 597 411 2362 592 410 2363 621</p>
          <p>411 2364 592 417 2365 597 418 2366 603</p>
          <p>418 2367 603 412 2368 622 411 2369 592</p>
          <p>412 2370 622 418 2371 603 419 2372 739</p>
          <p>419 2373 739 413 2374 738 412 2375 622</p>
          <p>413 2376 623 419 2377 627 420 2378 624</p>
          <p>420 2379 624 414 2380 620 413 2381 623</p>
          <p>414 2382 620 420 2383 624 415 2384 770</p>
          <p>415 2385 770 409 2386 771 414 2387 620</p>
          <p>415 2388 770 421 2389 769 422 2390 768</p>
          <p>422 2391 768 416 2392 625 415 2393 770</p>
          <p>416 2394 625 422 2395 768 423 2396 602</p>
          <p>423 2397 602 417 2398 597 416 2399 625</p>
          <p>417 2400 597 423 2401 602 396 2402 773</p>
          <p>396 2403 773 418 2404 603 417 2405 597</p>
          <p>418 2406 603 396 2407 773 424 2408 761</p>
          <p>424 2409 761 419 2410 739 418 2411 603</p>
          <p>419 2412 627 424 2413 772 425 2414 628</p>
          <p>425 2415 628 420 2416 624 419 2417 627</p>
          <p>420 2418 624 425 2419 628 421 2420 769</p>
          <p>421 2421 769 415 2422 770 420 2423 624</p>
          <p>525 2424 610 397 2425 775 398 2426 611</p>
          <p>398 2427 611 426 2428 605 525 2429 610</p>
          <p>426 2430 605 398 2431 611 399 2432 612</p>
          <p>399 2433 612 427 2434 606 426 2435 605</p>
          <p>427 2436 606 399 2437 612 400 2438 613</p>
          <p>400 2439 613 526 2440 607 427 2441 606</p>
          <p>526 2442 607 400 2443 613 401 2444 736</p>
          <p>401 2445 736 527 2446 735 526 2447 607</p>
          <p>527 2448 608 401 2449 614 402 2450 609</p>
          <p>402 2451 609 428 2452 604 527 2453 608</p>
          <p>428 2454 604 402 2455 609 397 2456 775</p>
          <p>397 2457 775 525 2458 610 428 2459 604</p>
          <p>429 2460 637 430 2461 633 436 2462 644</p>
          <p>436 2463 644 435 2464 638 429 2465 637</p>
          <p>430 2466 633 431 2467 634 437 2468 645</p>
          <p>437 2469 645 436 2470 644 430 2471 633</p>
          <p>431 2472 634 432 2473 635 438 2474 646</p>
          <p>438 2475 646 437 2476 645 431 2477 634</p>
          <p>432 2478 740 433 2479 636 439 2480 647</p>
          <p>439 2481 647 438 2482 742 432 2483 740</p>
          <p>433 2484 636 434 2485 632 440 2486 643</p>
          <p>440 2487 643 439 2488 647 433 2489 636</p>
          <p>434 2490 632 429 2491 637 435 2492 638</p>
          <p>435 2493 638 440 2494 643 434 2495 632</p>
          <p>435 2496 638 436 2497 644 442 2498 650</p>
          <p>442 2499 650 441 2500 654 435 2501 638</p>
          <p>436 2502 644 437 2503 645 443 2504 651</p>
          <p>443 2505 651 442 2506 650 436 2507 644</p>
          <p>437 2508 645 438 2509 646 444 2510 652</p>
          <p>444 2511 652 443 2512 651 437 2513 645</p>
          <p>438 2514 742 439 2515 647 445 2516 653</p>
          <p>445 2517 653 444 2518 743 438 2519 742</p>
          <p>439 2520 647 440 2521 643 446 2522 649</p>
          <p>446 2523 649 445 2524 653 439 2525 647</p>
          <p>440 2526 643 435 2527 638 441 2528 654</p>
          <p>441 2529 654 446 2530 649 440 2531 643</p>
          <p>441 2532 654 442 2533 650 448 2534 656</p>
          <p>448 2535 656 447 2536 660 441 2537 654</p>
          <p>442 2538 650 443 2539 651 449 2540 657</p>
          <p>449 2541 657 448 2542 656 442 2543 650</p>
          <p>443 2544 651 444 2545 652 450 2546 658</p>
          <p>450 2547 658 449 2548 657 443 2549 651</p>
          <p>444 2550 743 445 2551 653 451 2552 659</p>
          <p>451 2553 659 450 2554 744 444 2555 743</p>
          <p>445 2556 653 446 2557 649 452 2558 655</p>
          <p>452 2559 655 451 2560 659 445 2561 653</p>
          <p>446 2562 649 441 2563 654 447 2564 660</p>
          <p>447 2565 660 452 2566 655 446 2567 649</p>
          <p>447 2568 660 448 2569 656 454 2570 662</p>
          <p>454 2571 662 453 2572 666 447 2573 660</p>
          <p>448 2574 656 449 2575 657 455 2576 663</p>
          <p>455 2577 663 454 2578 662 448 2579 656</p>
          <p>449 2580 657 450 2581 658 456 2582 664</p>
          <p>456 2583 664 455 2584 663 449 2585 657</p>
          <p>450 2586 744 451 2587 659 457 2588 665</p>
          <p>457 2589 665 456 2590 745 450 2591 744</p>
          <p>451 2592 659 452 2593 655 458 2594 661</p>
          <p>458 2595 661 457 2596 665 451 2597 659</p>
          <p>452 2598 655 447 2599 660 453 2600 666</p>
          <p>453 2601 666 458 2602 661 452 2603 655</p>
          <p>453 2604 666 454 2605 662 460 2606 668</p>
          <p>460 2607 668 459 2608 672 453 2609 666</p>
          <p>454 2610 662 455 2611 663 461 2612 669</p>
          <p>461 2613 669 460 2614 668 454 2615 662</p>
          <p>455 2616 663 456 2617 664 462 2618 670</p>
          <p>462 2619 670 461 2620 669 455 2621 663</p>
          <p>456 2622 745 457 2623 665 463 2624 671</p>
          <p>463 2625 671 462 2626 747 456 2627 745</p>
          <p>457 2628 665 458 2629 661 464 2630 667</p>
          <p>464 2631 667 463 2632 671 457 2633 665</p>
          <p>458 2634 661 453 2635 666 459 2636 672</p>
          <p>459 2637 672 464 2638 667 458 2639 661</p>
          <p>459 2640 672 460 2641 668 466 2642 674</p>
          <p>466 2643 674 465 2644 678 459 2645 672</p>
          <p>460 2646 668 461 2647 669 467 2648 675</p>
          <p>467 2649 675 466 2650 674 460 2651 668</p>
          <p>461 2652 669 462 2653 670 468 2654 676</p>
          <p>468 2655 676 467 2656 675 461 2657 669</p>
          <p>462 2658 747 463 2659 671 469 2660 677</p>
          <p>469 2661 677 468 2662 748 462 2663 747</p>
          <p>463 2664 671 464 2665 667 470 2666 673</p>
          <p>470 2667 673 469 2668 677 463 2669 671</p>
          <p>464 2670 667 459 2671 672 465 2672 678</p>
          <p>465 2673 678 470 2674 673 464 2675 667</p>
          <p>465 2676 678 466 2677 674 472 2678 680</p>
          <p>472 2679 680 471 2680 684 465 2681 678</p>
          <p>466 2682 674 467 2683 675 473 2684 681</p>
          <p>473 2685 681 472 2686 680 466 2687 674</p>
          <p>467 2688 675 468 2689 676 474 2690 682</p>
          <p>474 2691 682 473 2692 681 467 2693 675</p>
          <p>468 2694 748 469 2695 677 475 2696 683</p>
          <p>475 2697 683 474 2698 749 468 2699 748</p>
          <p>469 2700 677 470 2701 673 476 2702 679</p>
          <p>476 2703 679 475 2704 683 469 2705 677</p>
          <p>470 2706 673 465 2707 678 471 2708 684</p>
          <p>471 2709 684 476 2710 679 470 2711 673</p>
          <p>471 2712 684 472 2713 680 478 2714 686</p>
          <p>478 2715 686 477 2716 690 471 2717 684</p>
          <p>472 2718 680 473 2719 681 479 2720 687</p>
          <p>479 2721 687 478 2722 686 472 2723 680</p>
          <p>473 2724 681 474 2725 682 480 2726 688</p>
          <p>480 2727 688 479 2728 687 473 2729 681</p>
          <p>474 2730 749 475 2731 683 481 2732 689</p>
          <p>481 2733 689 480 2734 753 474 2735 749</p>
          <p>475 2736 683 476 2737 679 482 2738 685</p>
          <p>482 2739 685 481 2740 689 475 2741 683</p>
          <p>476 2742 679 471 2743 684 477 2744 690</p>
          <p>477 2745 690 482 2746 685 476 2747 679</p>
          <p>477 2748 690 478 2749 686 484 2750 692</p>
          <p>484 2751 692 483 2752 696 477 2753 690</p>
          <p>478 2754 686 479 2755 687 485 2756 693</p>
          <p>485 2757 693 484 2758 692 478 2759 686</p>
          <p>479 2760 687 480 2761 688 486 2762 694</p>
          <p>486 2763 694 485 2764 693 479 2765 687</p>
          <p>480 2766 753 481 2767 689 487 2768 695</p>
          <p>487 2769 695 486 2770 754 480 2771 753</p>
          <p>481 2772 689 482 2773 685 488 2774 691</p>
          <p>488 2775 691 487 2776 695 481 2777 689</p>
          <p>482 2778 685 477 2779 690 483 2780 696</p>
          <p>483 2781 696 488 2782 691 482 2783 685</p>
          <p>483 2784 696 484 2785 692 490 2786 698</p>
          <p>490 2787 698 489 2788 702 483 2789 696</p>
          <p>484 2790 692 485 2791 693 491 2792 699</p>
          <p>491 2793 699 490 2794 698 484 2795 692</p>
          <p>485 2796 693 486 2797 694 492 2798 700</p>
          <p>492 2799 700 491 2800 699 485 2801 693</p>
          <p>486 2802 754 487 2803 695 493 2804 701</p>
          <p>493 2805 701 492 2806 755 486 2807 754</p>
          <p>487 2808 695 488 2809 691 494 2810 697</p>
          <p>494 2811 697 493 2812 701 487 2813 695</p>
          <p>488 2814 691 483 2815 696 489 2816 702</p>
          <p>489 2817 702 494 2818 697 488 2819 691</p>
          <p>489 2820 702 490 2821 698 496 2822 751</p>
          <p>496 2823 751 495 2824 750 489 2825 702</p>
          <p>490 2826 698 491 2827 699 497 2828 765</p>
          <p>497 2829 765 496 2830 751 490 2831 698</p>
          <p>491 2832 699 492 2833 700 498 2834 764</p>
          <p>498 2835 764 497 2836 765 491 2837 699</p>
          <p>492 2838 755 493 2839 701 499 2840 762</p>
          <p>499 2841 762 498 2842 760 492 2843 755</p>
          <p>493 2844 701 494 2845 697 500 2846 729</p>
          <p>500 2847 729 499 2848 762 493 2849 701</p>
          <p>494 2850 697 489 2851 702 495 2852 750</p>
          <p>495 2853 750 500 2854 729 494 2855 697</p>
          <p>501 2856 712 504 2857 706 503 2858 705</p>
          <p>503 2859 705 502 2860 711 501 2861 712</p>
          <p>504 2862 706 506 2863 640 505 2864 641</p>
          <p>505 2865 641 503 2866 705 504 2867 706</p>
          <p>506 2868 640 508 2869 708 507 2870 707</p>
          <p>507 2871 707 505 2872 641 506 2873 640</p>
          <p>508 2874 708 510 2875 757 509 2876 756</p>
          <p>509 2877 756 507 2878 707 508 2879 708</p>
          <p>510 2880 710 512 2881 703 511 2882 704</p>
          <p>511 2883 704 509 2884 709 510 2885 710</p>
          <p>512 2886 703 501 2887 712 502 2888 711</p>
          <p>502 2889 711 511 2890 704 512 2891 703</p>
          <p>502 2892 711 503 2893 705 514 2894 714</p>
          <p>514 2895 714 513 2896 717 502 2897 711</p>
          <p>503 2898 705 505 2899 641 515 2900 642</p>
          <p>515 2901 642 514 2902 714 503 2903 705</p>
          <p>505 2904 641 507 2905 707 516 2906 715</p>
          <p>516 2907 715 515 2908 642 505 2909 641</p>
          <p>507 2910 707 509 2911 756 517 2912 758</p>
          <p>517 2913 758 516 2914 715 507 2915 707</p>
          <p>509 2916 709 511 2917 704 518 2918 713</p>
          <p>518 2919 713 517 2920 716 509 2921 709</p>
          <p>511 2922 704 502 2923 711 513 2924 717</p>
          <p>513 2925 717 518 2926 713 511 2927 704</p>
          <p>513 2928 717 514 2929 714 520 2930 719</p>
          <p>520 2931 719 519 2932 723 513 2933 717</p>
          <p>514 2934 714 515 2935 642 521 2936 720</p>
          <p>521 2937 720 520 2938 719 514 2939 714</p>
          <p>515 2940 642 516 2941 715 522 2942 721</p>
          <p>522 2943 721 521 2944 720 515 2945 642</p>
          <p>516 2946 715 517 2947 758 523 2948 759</p>
          <p>523 2949 759 522 2950 721 516 2951 715</p>
          <p>517 2952 716 518 2953 713 524 2954 718</p>
          <p>524 2955 718 523 2956 722 517 2957 716</p>
          <p>518 2958 713 513 2959 717 519 2960 723</p>
          <p>519 2961 723 524 2962 718 518 2963 713</p>
          <p>519 2964 723 520 2965 719 495 2966 750</p>
          <p>495 2967 750 496 2968 751 519 2969 723</p>
          <p>520 2970 719 521 2971 720 500 2972 729</p>
          <p>500 2973 729 495 2974 750 520 2975 719</p>
          <p>521 2976 720 522 2977 721 499 2978 762</p>
          <p>499 2979 762 500 2980 729 521 2981 720</p>
          <p>522 2982 721 523 2983 759 498 2984 760</p>
          <p>498 2985 760 499 2986 762 522 2987 721</p>
          <p>523 2988 722 524 2989 718 497 2990 765</p>
          <p>497 2991 765 498 2992 764 523 2993 722</p>
          <p>524 2994 718 519 2995 723 496 2996 751</p>
          <p>496 2997 751 497 2998 765 524 2999 718</p>
          <p>525 3000 585 426 3001 555 504 3002 706</p>
          <p>504 3003 706 501 3004 712 525 3005 585</p>
          <p>426 3006 555 427 3007 567 506 3008 640</p>
          <p>506 3009 640 504 3010 706 426 3011 555</p>
          <p>427 3012 567 526 3013 573 508 3014 708</p>
          <p>508 3015 708 506 3016 640 427 3017 567</p>
          <p>526 3018 573 527 3019 591 510 3020 757</p>
          <p>510 3021 757 508 3022 708 526 3023 573</p>
          <p>527 3024 579 428 3025 549 512 3026 703</p>
          <p>512 3027 703 510 3028 710 527 3029 579</p>
          <p>428 3030 549 525 3031 585 501 3032 712</p>
          <p>501 3033 712 512 3034 703 428 3035 549</p>
          <p>533 3036 776 528 3037 788 529 3038 780</p>
          <p>529 3039 780 530 3040 779 533 3041 776</p>
          <p>533 3042 776 530 3043 779 532 3044 777</p>
          <p>530 3045 779 531 3046 778 532 3047 777</p>
          <p>528 3048 781 534 3049 791 535 3050 790</p>
          <p>535 3051 790 529 3052 789 528 3053 781</p>
          <p>529 3054 789 535 3055 790 536 3056 793</p>
          <p>536 3057 793 530 3058 792 529 3059 789</p>
          <p>530 3060 792 536 3061 793 537 3062 801</p>
          <p>537 3063 801 531 3064 800 530 3065 792</p>
          <p>531 3066 794 537 3067 795 538 3068 797</p>
          <p>538 3069 797 532 3070 796 531 3071 794</p>
          <p>532 3072 796 538 3073 797 539 3074 799</p>
          <p>539 3075 799 533 3076 798 532 3077 796</p>
          <p>533 3078 798 539 3079 799 534 3080 791</p>
          <p>534 3081 791 528 3082 781 533 3083 798</p>
          <p>539 3084 782 538 3085 787 537 3086 786</p>
          <p>537 3087 786 536 3088 785 539 3089 782</p>
          <p>539 3090 782 536 3091 785 534 3092 783</p>
          <p>536 3093 785 535 3094 784 534 3095 783</p>
          <p>545 3096 802 544 3097 803 543 3098 804</p>
          <p>543 3099 804 542 3100 805 545 3101 802</p>
          <p>545 3102 802 542 3103 805 540 3104 814</p>
          <p>542 3105 805 541 3106 806 540 3107 814</p>
          <p>540 3108 807 541 3109 815 547 3110 816</p>
          <p>547 3111 816 546 3112 817 540 3113 807</p>
          <p>541 3114 815 542 3115 818 548 3116 819</p>
          <p>548 3117 819 547 3118 816 541 3119 815</p>
          <p>542 3120 818 543 3121 826 549 3122 827</p>
          <p>549 3123 827 548 3124 819 542 3125 818</p>
          <p>543 3126 820 544 3127 822 550 3128 823</p>
          <p>550 3129 823 549 3130 821 543 3131 820</p>
          <p>544 3132 822 545 3133 824 551 3134 825</p>
          <p>551 3135 825 550 3136 823 544 3137 822</p>
          <p>545 3138 824 540 3139 807 546 3140 817</p>
          <p>546 3141 817 551 3142 825 545 3143 824</p>
          <p>551 3144 808 546 3145 809 547 3146 810</p>
          <p>547 3147 810 548 3148 811 551 3149 808</p>
          <p>551 3150 808 548 3151 811 550 3152 813</p>
          <p>548 3153 811 549 3154 812 550 3155 813</p>
          <p>557 3156 828 552 3157 840 553 3158 832</p>
          <p>553 3159 832 554 3160 831 557 3161 828</p>
          <p>557 3162 828 554 3163 831 556 3164 829</p>
          <p>554 3165 831 555 3166 830 556 3167 829</p>
          <p>552 3168 833 558 3169 843 559 3170 842</p>
          <p>559 3171 842 553 3172 841 552 3173 833</p>
          <p>553 3174 841 559 3175 842 560 3176 845</p>
          <p>560 3177 845 554 3178 844 553 3179 841</p>
          <p>554 3180 844 560 3181 845 561 3182 853</p>
          <p>561 3183 853 555 3184 852 554 3185 844</p>
          <p>555 3186 846 561 3187 847 562 3188 849</p>
          <p>562 3189 849 556 3190 848 555 3191 846</p>
          <p>556 3192 848 562 3193 849 563 3194 851</p>
          <p>563 3195 851 557 3196 850 556 3197 848</p>
          <p>557 3198 850 563 3199 851 558 3200 843</p>
          <p>558 3201 843 552 3202 833 557 3203 850</p>
          <p>563 3204 834 562 3205 839 561 3206 838</p>
          <p>561 3207 838 560 3208 837 563 3209 834</p>
          <p>563 3210 834 560 3211 837 558 3212 835</p>
          <p>560 3213 837 559 3214 836 558 3215 835</p>
          <p>567 3216 854 564 3217 855 565 3218 856</p>
          <p>565 3219 856 566 3220 857 567 3221 854</p>
          <p>564 3222 862 568 3223 863 569 3224 864</p>
          <p>569 3225 864 565 3226 865 564 3227 862</p>
          <p>565 3228 866 569 3229 867 570 3230 868</p>
          <p>570 3231 868 566 3232 869 565 3233 866</p>
          <p>566 3234 861 570 3235 870 571 3236 871</p>
          <p>571 3237 871 567 3238 872 566 3239 861</p>
          <p>567 3240 873 571 3241 874 568 3242 875</p>
          <p>568 3243 875 564 3244 877 567 3245 873</p>
          <p>571 3246 858 570 3247 859 569 3248 860</p>
          <p>569 3249 860 568 3250 876 571 3251 858</p>
        </polygons>
      </mesh>
    </geometry>
  </library_geometries>
  <library_visual_scenes>
    <visual_scene id="RootNode" name="RootNode">
      <node id="chair_lightweight_theta" name="chair_lightweight_theta">
        <matrix sid="matrix">1.000000 0.000000 0.000000 0.003418 0.000000 0.000000 1.000000 1.014918 0.000000 -1.000000 0.000000 -0.039269 0.000000 0.000000 0.000000 1.000000</matrix>
        <instance_geometry url="#chair_lightweight_theta-lib">
          <bind_material>
            <technique_common>
              <instance_material symbol="_01___Default" target="#_01___Default"/>
            </technique_common>
          </bind_material>
        </instance_geometry>
      </node>
    </visual_scene>
  </library_visual_scenes>
  <scene>
    <instance_visual_scene url="#RootNode"/>
  </scene>
</COLLADA>

