<?xml version="1.0" encoding="utf-8" ?>
<COLLADA xmlns="http://www.collada.org/2005/11/COLLADASchema" version="1.4.1">
    <asset>
        <contributor>
            <authoring_tool>modo 601 [Build 48460], Microsoft Windows 7 Service Pack 1 (6.1.7601 Service Pack 1)</authoring_tool>
            <comments>
                Plug-in: [Build 48460];
                Use Absolute Path: No;
                Merge Reference Items: No;
                Save Hidden Items: No;
                Save Cameras: Yes;
                Save Lights: Yes;
                Save Locators: Yes;
                Save Triangles as Triangles: No;
                Bake Matrices: No;
                Save Vertex Normals: Yes;
                Save UV Texture Coordinates: Yes;
                Save Vertex Colors: Yes;
                Save Vertex Weights: Yes;
                Save Animation: Yes;
                Sample Animation: No;
                Sample Animation Start: 0;
                Sample Animation End: 120;
                Save modo Profile: Yes;
                Save Maya Profile: Yes;
                Save 3ds Max Profile: Yes;
                Formatted Arrays: Yes;
            </comments>
            <source_data>file:///D:/Work/My%20Dropbox/Frictional%20Games%20-%20Team/Aaron/models/entities/station/special/power_cable_rigged.lxo</source_data>
        </contributor>
        <created>2012-10-30T21:50:40Z</created>
        <modified>2012-10-30T21:50:40Z</modified>
        <unit name="game" meter="1" />
        <up_axis>Y_UP</up_axis>
    </asset>
    <library_images>
        <image id="Image0001" name="Image0001">
            <init_from>file:///D:/Work/My%20Dropbox/Frictional%20Games%20-%20Team/Aaron/models/entities/station/special/01_02_power_cable_pplant.psd</init_from>
        </image>
        <image id="Image0002" name="Image0002">
            <init_from>file:///D:/Work/My%20Dropbox/Frictional%20Games%20-%20Team/Aaron/models/entities/station/special/01_02_power_cable_pplant_nrm.tga</init_from>
        </image>
    </library_images>
    <library_materials>
        <material id="Material-01_02_power_cable_pplant" name="01_02_power_cable_pplant">
            <instance_effect url="#Effect-01_02_power_cable_pplant" />
        </material>
    </library_materials>
    <library_effects>
        <effect id="Effect-01_02_power_cable_pplant" name="01_02_power_cable_pplant">
            <profile_COMMON>
                <newparam sid="Image0001-surface">
                    <surface type="2D">
                        <init_from>Image0001</init_from>
                        <format>A8R8G8B8</format>
                    </surface>
                </newparam>
                <newparam sid="Image0001-sampler">
                    <sampler2D>
                        <source>Image0001-surface</source>
                        <minfilter>LINEAR_MIPMAP_LINEAR</minfilter>
                        <magfilter>LINEAR</magfilter>
                    </sampler2D>
                </newparam>
                <technique sid="common">
                    <phong>
                        <diffuse>
                            <texture texture="Image0001-sampler" texcoord="uvSet1" />
                        </diffuse>
                        <specular>
                            <color sid="specular_effect_rgb">0.2 0.2 0.2 1</color>
                        </specular>
                        <shininess>
                            <float sid="specular_effect_rgb">16</float>
                        </shininess>
                    </phong>
                </technique>
            </profile_COMMON>
        </effect>
    </library_effects>
    <library_geometries>
        <geometry id="Geometry-mesh016" name="Mesh">
            <mesh>
                <source id="Geometry-mesh016-positions" name="positions">
                    <float_array id="Geometry-mesh016-positions-array" count="1839">
                        -2.91916e-018 0.056355 -0.106326
                        -0.0461331 0.056355 -0.0957965
                        -0.083129 0.056355 -0.0662931
                        -0.10366 0.056355 -0.0236598
                        -0.10366 0.056355 0.0236597
                        -0.083129 0.056355 0.066293
                        -0.0461331 0.056355 0.0957963
                        2.98312e-018 0.056355 0.106326
                        0.0461331 0.056355 0.0957963
                        0.083129 0.056355 0.066293
                        0.10366 0.056355 0.0236597
                        0.10366 0.056355 -0.0236598
                        0.083129 0.056355 -0.0662931
                        0.0461331 0.056355 -0.0957965
                        -0.0499883 0.0080345 -0.103802
                        -0.0900758 0.0080345 -0.071833
                        -0.112323 0.0080345 -0.0256369
                        -0.112323 0.0080345 0.0256369
                        -0.0900758 0.0080345 0.0718331
                        -0.0499883 0.0080345 0.103802
                        3.23039e-018 0.0080345 0.115211
                        0.0499883 0.0080345 0.103802
                        0.0900758 0.0080345 0.0718331
                        0.112323 0.0080345 0.0256369
                        0.112323 0.0080345 -0.0256369
                        0.0900758 0.0080345 -0.071833
                        0.0499883 0.0080345 -0.103802
                        -0.0563896 0.0080345 -0.117094
                        -0.101611 0.0080345 -0.0810317
                        -0.126706 0.0080345 -0.0289199
                        -0.126706 0.0080345 0.0289199
                        -0.101611 0.0080345 0.0810318
                        -0.0563896 0.0080345 0.117094
                        3.63987e-018 0.0080345 0.129965
                        0.0563896 0.0080345 0.117094
                        0.101611 0.0080345 0.0810318
                        0.126706 0.0080345 0.0289199
                        0.126706 0.0080345 -0.0289199
                        0.101611 0.0080345 -0.0810317
                        0.0563896 0.0080345 -0.117094
                        -0.0570385 0.000285618 -0.118442
                        -0.10278 0.000285618 -0.0819643
                        -0.128164 0.000285618 -0.0292528
                        -0.128164 0.000285618 0.0292528
                        -0.10278 0.000285618 0.0819643
                        -0.0570385 0.000285618 0.118442
                        3.6815e-018 0.000285618 0.13146
                        0.0570385 0.000285618 0.118442
                        0.10278 0.000285618 0.0819643
                        0.128164 0.000285618 0.0292528
                        0.128164 0.000285618 -0.0292528
                        0.10278 0.000285618 -0.0819643
                        0.0570385 0.000285618 -0.118442
                        0.000976563 4.11767 -0.0703876
                        -0.0424799 4.11767 -0.0562679
                        -0.0693374 4.11767 -0.0193015
                        -0.0693374 4.11767 0.0263913
                        -0.0424799 4.11767 0.0633574
                        0.000976563 4.11767 0.0774775
                        0.044433 4.11767 0.0633574
                        0.0712905 4.11767 0.0263913
                        0.0712905 4.11767 -0.0193015
                        0.044433 4.11767 -0.0562679
                        0.000976563 3.92166 -0.0703876
                        -0.0424799 3.92166 -0.0562679
                        0.000976563 3.72565 -0.0703876
                        -0.0424799 3.72565 -0.0562679
                        0.000976563 3.52964 -0.0703876
                        -0.0424799 3.52964 -0.0562679
                        0.000976563 3.33363 -0.0703876
                        -0.0424799 3.33363 -0.0562679
                        0.000976563 3.13762 -0.0703876
                        -0.0424799 3.13762 -0.0562679
                        0.000976563 2.94161 -0.0703876
                        -0.0424799 2.94161 -0.0562679
                        0.000976563 2.7456 -0.0703876
                        -0.0424799 2.7456 -0.0562679
                        0.000976563 2.54959 -0.0703876
                        -0.0424799 2.54959 -0.0562679
                        0.000976563 2.35358 -0.0703876
                        -0.0424799 2.35358 -0.0562679
                        0.000976563 2.15757 -0.0703876
                        -0.0424799 2.15757 -0.0562679
                        0.000976563 1.96156 -0.0703876
                        -0.0424799 1.96156 -0.0562679
                        0.000976563 1.76555 -0.0703876
                        -0.0424799 1.76555 -0.0562679
                        0.000976563 1.56954 -0.0703876
                        -0.0424799 1.56954 -0.0562679
                        0.000976563 1.37353 -0.0703876
                        -0.0424799 1.37353 -0.0562679
                        0.000976563 1.17752 -0.0703876
                        -0.0424799 1.17752 -0.0562679
                        0.000976563 0.981509 -0.0703876
                        -0.0424799 0.981509 -0.0562679
                        -0.0693374 3.92166 -0.0193015
                        -0.0693374 3.72565 -0.0193015
                        -0.0693374 3.52964 -0.0193015
                        -0.0693374 3.33363 -0.0193015
                        -0.0693374 3.13762 -0.0193015
                        -0.0693374 2.94161 -0.0193015
                        -0.0693374 2.7456 -0.0193015
                        -0.0693374 2.54959 -0.0193015
                        -0.0693374 2.35358 -0.0193015
                        -0.0693374 2.15757 -0.0193015
                        -0.0693374 1.96156 -0.0193015
                        -0.0693374 1.76555 -0.0193015
                        -0.0693374 1.56954 -0.0193015
                        -0.0693374 1.37353 -0.0193015
                        -0.0693374 1.17752 -0.0193015
                        -0.0693374 0.981509 -0.0193015
                        -0.0693374 3.92166 0.0263913
                        -0.0693374 3.72565 0.0263913
                        -0.0693374 3.52964 0.0263913
                        -0.0693374 3.33363 0.0263913
                        -0.0693374 3.13762 0.0263913
                        -0.0693374 2.94161 0.0263913
                        -0.0693374 2.7456 0.0263913
                        -0.0693374 2.54959 0.0263913
                        -0.0693374 2.35358 0.0263913
                        -0.0693374 2.15757 0.0263913
                        -0.0693374 1.96156 0.0263913
                        -0.0693374 1.76555 0.0263913
                        -0.0693374 1.56954 0.0263913
                        -0.0693374 1.37353 0.0263913
                        -0.0693374 1.17752 0.0263913
                        -0.0693374 0.981509 0.0263913
                        -0.0424799 3.92166 0.0633574
                        -0.0424799 3.72565 0.0633574
                        -0.0424799 3.52964 0.0633574
                        -0.0424799 3.33363 0.0633574
                        -0.0424799 3.13762 0.0633574
                        -0.0424799 2.94161 0.0633574
                        -0.0424799 2.7456 0.0633574
                        -0.0424799 2.54959 0.0633574
                        -0.0424799 2.35358 0.0633574
                        -0.0424799 2.15757 0.0633574
                        -0.0424799 1.96156 0.0633574
                        -0.0424799 1.76555 0.0633574
                        -0.0424799 1.56954 0.0633574
                        -0.0424799 1.37353 0.0633574
                        -0.0424799 1.17752 0.0633574
                        -0.0424799 0.981509 0.0633574
                        0.000976563 3.92166 0.0774775
                        0.000976563 3.72565 0.0774775
                        0.000976563 3.52964 0.0774775
                        0.000976563 3.33363 0.0774775
                        0.000976563 3.13762 0.0774775
                        0.000976563 2.94161 0.0774775
                        0.000976563 2.7456 0.0774775
                        0.000976563 2.54959 0.0774775
                        0.000976563 2.35358 0.0774775
                        0.000976563 2.15757 0.0774775
                        0.000976563 1.96156 0.0774775
                        0.000976563 1.76555 0.0774775
                        0.000976563 1.56954 0.0774775
                        0.000976563 1.37353 0.0774775
                        0.000976563 1.17752 0.0774775
                        0.000976563 0.981509 0.0774775
                        0.044433 3.92166 0.0633574
                        0.044433 3.72565 0.0633574
                        0.044433 3.52964 0.0633574
                        0.044433 3.33363 0.0633574
                        0.044433 3.13762 0.0633574
                        0.044433 2.94161 0.0633574
                        0.044433 2.7456 0.0633574
                        0.044433 2.54959 0.0633574
                        0.044433 2.35358 0.0633574
                        0.044433 2.15757 0.0633574
                        0.044433 1.96156 0.0633574
                        0.044433 1.76555 0.0633574
                        0.044433 1.56954 0.0633574
                        0.044433 1.37353 0.0633574
                        0.044433 1.17752 0.0633574
                        0.044433 0.981509 0.0633574
                        0.0712905 3.92166 0.0263913
                        0.0712905 3.72565 0.0263913
                        0.0712905 3.52964 0.0263913
                        0.0712905 3.33363 0.0263913
                        0.0712905 3.13762 0.0263913
                        0.0712905 2.94161 0.0263913
                        0.0712905 2.7456 0.0263913
                        0.0712905 2.54959 0.0263913
                        0.0712905 2.35358 0.0263913
                        0.0712905 2.15757 0.0263913
                        0.0712905 1.96156 0.0263913
                        0.0712905 1.76555 0.0263913
                        0.0712905 1.56954 0.0263913
                        0.0712905 1.37353 0.0263913
                        0.0712905 1.17752 0.0263913
                        0.0712905 0.981509 0.0263913
                        0.0712905 3.92166 -0.0193015
                        0.0712905 3.72565 -0.0193015
                        0.0712905 3.52964 -0.0193015
                        0.0712905 3.33363 -0.0193015
                        0.0712905 3.13762 -0.0193015
                        0.0712905 2.94161 -0.0193015
                        0.0712905 2.7456 -0.0193015
                        0.0712905 2.54959 -0.0193015
                        0.0712905 2.35358 -0.0193015
                        0.0712905 2.15757 -0.0193015
                        0.0712905 1.96156 -0.0193015
                        0.0712905 1.76555 -0.0193015
                        0.0712905 1.56954 -0.0193015
                        0.0712905 1.37353 -0.0193015
                        0.0712905 1.17752 -0.0193015
                        0.0712905 0.981509 -0.0193015
                        0.044433 3.92166 -0.0562679
                        0.044433 3.72565 -0.0562679
                        0.044433 3.52964 -0.0562679
                        0.044433 3.33363 -0.0562679
                        0.044433 3.13762 -0.0562679
                        0.044433 2.94161 -0.0562679
                        0.044433 2.7456 -0.0562679
                        0.044433 2.54959 -0.0562679
                        0.044433 2.35358 -0.0562679
                        0.044433 2.15757 -0.0562679
                        0.044433 1.96156 -0.0562679
                        0.044433 1.76555 -0.0562679
                        0.044433 1.56954 -0.0562679
                        0.044433 1.37353 -0.0562679
                        0.044433 1.17752 -0.0562679
                        0.044433 0.981509 -0.0562679
                        0.000976563 3.95625 0.00354481
                        -3.16512e-018 0.0080345 -0.115211
                        -3.57461e-018 0.0080345 -0.129965
                        -3.61602e-018 0.000285618 -0.13146
                        -3.16567e-018 0.04864 -0.115211
                        -0.0499883 0.04864 -0.103802
                        -0.0900758 0.04864 -0.071833
                        -0.112323 0.04864 -0.0256369
                        -0.112323 0.04864 0.0256369
                        0.0499883 0.04864 -0.103802
                        0.112323 0.04864 0.0256369
                        0.112323 0.04864 -0.0256369
                        0.0900758 0.04864 -0.071833
                        0.000976563 4.03252 -0.0637071
                        -0.0385532 4.03252 -0.0508631
                        -0.0629838 4.03252 -0.0172372
                        -0.0629838 4.03252 0.0243268
                        -0.0385532 4.03252 0.0579529
                        0.0405063 4.03252 0.0579529
                        0.0649369 4.03252 0.0243268
                        0.0649369 4.03252 -0.0172372
                        0.0405063 4.03252 -0.0508631
                        -0.0900758 0.04864 0.0718331
                        -0.0499883 0.04864 0.103802
                        3.22984e-018 0.04864 0.115211
                        0.0499883 0.04864 0.103802
                        0.0900758 0.04864 0.0718331
                        0.000976563 4.03252 0.070797
                        0.000976563 4.11767 -0.0637071
                        -0.0385532 4.11767 -0.0508631
                        -0.0629838 4.11767 -0.0172372
                        -0.0629838 4.11767 0.0243268
                        -0.0385532 4.11767 0.0579529
                        0.000976563 4.11767 0.070797
                        0.0405063 4.11767 0.0579529
                        0.0649369 4.11767 0.0243268
                        0.0649369 4.11767 -0.0172372
                        0.0405063 4.11767 -0.0508631
                        0.00146484 3.98926 0.0472851
                        0.0386093 3.98926 0.0258398
                        0.0386093 3.98926 -0.0170507
                        0.00146484 3.98926 -0.038496
                        -0.0356796 3.98926 -0.0170507
                        -0.0356796 3.98926 0.0258398
                        0.00146484 4.63613 0.0472851
                        0.0386093 4.63613 0.0258398
                        0.0386093 4.63613 -0.0170507
                        0.00146484 4.63613 -0.038496
                        -0.0356796 4.63613 -0.0170507
                        -0.0356796 4.63613 0.0258398
                        0.00146484 4.50676 0.0472851
                        0.0386093 4.50676 0.0258398
                        0.00146484 4.37738 0.0472851
                        0.0386093 4.37738 0.0258398
                        0.00146484 4.24801 0.0472851
                        0.0386093 4.24801 0.0258398
                        0.00146484 4.11863 0.0472851
                        0.0386093 4.11863 0.0258398
                        0.0386093 4.50676 -0.0170507
                        0.0386093 4.37738 -0.0170507
                        0.0386093 4.24801 -0.0170507
                        0.0386093 4.11863 -0.0170507
                        0.00146484 4.50676 -0.038496
                        0.00146484 4.37738 -0.038496
                        0.00146484 4.24801 -0.038496
                        0.00146484 4.11863 -0.038496
                        -0.0356796 4.50676 -0.0170507
                        -0.0356796 4.37738 -0.0170507
                        -0.0356796 4.24801 -0.0170507
                        -0.0356796 4.11863 -0.0170507
                        -0.0356796 4.50676 0.0258398
                        -0.0356796 4.37738 0.0258398
                        -0.0356796 4.24801 0.0258398
                        -0.0356796 4.11863 0.0258398
                        0.000976563 4.10591 -0.0703876
                        -0.0424799 4.10591 -0.0562679
                        -0.0693374 4.10591 -0.0193015
                        -0.0693374 4.10591 0.0263913
                        -0.0424799 4.10591 0.0633574
                        0.000976563 4.10591 0.0774775
                        0.044433 4.10591 0.0633574
                        0.0712905 4.10591 0.0263913
                        0.0712905 4.10591 -0.0193015
                        0.044433 4.10591 -0.0562679
                        -0.0524414 4.76232 0.00439453
                        -0.0452193 4.76232 -0.0225587
                        -0.0254883 4.76232 -0.0422896
                        0.00146484 4.76232 -0.0495117
                        0.028418 4.76232 -0.0422896
                        0.048149 4.76232 -0.0225587
                        0.0553711 4.76232 0.00439453
                        0.048149 4.76232 0.0313475
                        0.028418 4.76232 0.0510786
                        0.00146484 4.76232 0.0583007
                        -0.0254883 4.76232 0.0510786
                        -0.0452193 4.76232 0.0313475
                        -0.0615405 4.76232 0.00439453
                        -0.0530994 4.76232 -0.0271082
                        -0.0300379 4.76232 -0.0501697
                        0.00146484 4.76232 -0.0586108
                        0.0329675 4.76232 -0.0501697
                        0.0560291 4.76232 -0.0271082
                        0.0644702 4.76232 0.00439453
                        0.0560291 4.76232 0.035897
                        0.0329675 4.76232 0.0589588
                        0.00146484 4.76232 0.0673997
                        -0.0300379 4.76232 0.0589588
                        -0.0530994 4.76232 0.035897
                        -0.0615405 4.68419 0.00439453
                        -0.0530994 4.68419 -0.0271082
                        -0.0300379 4.68419 -0.0501697
                        0.00146484 4.68419 -0.0586108
                        0.0329675 4.68419 -0.0501697
                        0.0560291 4.68419 -0.0271082
                        0.0644702 4.68419 0.00439453
                        0.0560291 4.68419 0.035897
                        0.0329675 4.68419 0.0589588
                        0.00146484 4.68419 0.0673997
                        -0.0300379 4.68419 0.0589588
                        -0.0530994 4.68419 0.035897
                        -0.0237232 4.83134 -0.00878906
                        -0.0219233 4.83134 -0.0131342
                        -0.0175781 4.83134 -0.0149341
                        -0.0132329 4.83134 -0.0131342
                        -0.0114331 4.83134 -0.00878906
                        -0.0132329 4.83134 -0.00444388
                        -0.0175781 4.83134 -0.00264406
                        -0.0219233 4.83134 -0.00444388
                        -0.0268359 4.77801 -0.00878906
                        -0.0241244 4.77801 -0.0153353
                        -0.0110319 4.77801 -0.0153353
                        -0.00832032 4.77801 -0.00878906
                        -0.0110319 4.77801 -0.0022428
                        -0.0175781 4.77801 0.000468731
                        -0.0241244 4.77801 -0.0022428
                        -0.0175781 4.77801 -0.0180469
                        -0.0268359 4.82823 -0.00878906
                        -0.0241244 4.82823 -0.0153353
                        -0.0175781 4.82823 -0.0180469
                        -0.0110319 4.82823 -0.0153353
                        -0.00832032 4.82823 -0.00878906
                        -0.0110319 4.82823 -0.0022428
                        -0.0175781 4.82823 0.000468731
                        -0.0241244 4.82823 -0.0022428
                        -0.00419191 4.83134 0.0283203
                        -0.00239205 4.83134 0.0239751
                        0.00195313 4.83134 0.0221753
                        0.0062983 4.83134 0.0239751
                        0.00809814 4.83134 0.0283203
                        0.0062983 4.83134 0.0326655
                        0.00195313 4.83134 0.0344653
                        -0.00239205 4.83134 0.0326655
                        -0.0073047 4.77801 0.0283203
                        -0.00459313 4.77801 0.0217741
                        0.00849938 4.77801 0.0217741
                        0.0112109 4.77801 0.0283203
                        0.00849938 4.77801 0.0348666
                        0.00195313 4.77801 0.0375781
                        -0.00459313 4.77801 0.0348666
                        0.00195313 4.77801 0.0190625
                        -0.0073047 4.82823 0.0283203
                        -0.00459313 4.82823 0.0217741
                        0.00195313 4.82823 0.0190625
                        0.00849938 4.82823 0.0217741
                        0.0112109 4.82823 0.0283203
                        0.00849938 4.82823 0.0348666
                        0.00195313 4.82823 0.0375781
                        -0.00459313 4.82823 0.0348666
                        0.0153393 4.83134 -0.00878906
                        0.0171392 4.83134 -0.0131342
                        0.0214844 4.83134 -0.0149341
                        0.0258296 4.83134 -0.0131342
                        0.0276294 4.83134 -0.00878906
                        0.0258296 4.83134 -0.00444388
                        0.0214844 4.83134 -0.00264406
                        0.0171392 4.83134 -0.00444388
                        0.0122266 4.77801 -0.00878906
                        0.0149381 4.77801 -0.0153353
                        0.0280306 4.77801 -0.0153353
                        0.0307422 4.77801 -0.00878906
                        0.0280306 4.77801 -0.0022428
                        0.0214844 4.77801 0.000468731
                        0.0149381 4.77801 -0.0022428
                        0.0214844 4.77801 -0.0180469
                        0.0122266 4.82823 -0.00878906
                        0.0149381 4.82823 -0.0153353
                        0.0214844 4.82823 -0.0180469
                        0.0280306 4.82823 -0.0153353
                        0.0307422 4.82823 -0.00878906
                        0.0280306 4.82823 -0.0022428
                        0.0214844 4.82823 0.000468731
                        0.0149381 4.82823 -0.0022428
                        -0.0524414 4.78611 0.00439453
                        -0.0452193 4.78611 -0.0225587
                        -0.0254883 4.78611 -0.0422896
                        0.00146484 4.78611 -0.0495117
                        0.028418 4.78611 -0.0422896
                        0.048149 4.78611 -0.0225587
                        0.0553711 4.78611 0.00439453
                        -0.0453643 4.6295 0.00439453
                        -0.0390904 4.6295 -0.0190201
                        -0.0219497 4.6295 -0.0361607
                        0.00146484 4.6295 -0.0424346
                        0.0248794 4.6295 -0.0361607
                        0.0420201 4.6295 -0.0190201
                        0.048294 4.6295 0.00439453
                        0.048149 4.78611 0.0313475
                        0.028418 4.78611 0.0510786
                        0.00146484 4.78611 0.0583007
                        -0.0254883 4.78611 0.0510786
                        -0.0452193 4.78611 0.0313475
                        0.0420201 4.6295 0.0278089
                        0.0248794 4.6295 0.0449498
                        0.00146484 4.6295 0.0512235
                        -0.0219497 4.6295 0.0449498
                        -0.0390904 4.6295 0.0278089
                        0.000976563 0.00146413 -0.0703876
                        -0.0424799 0.00146413 -0.0562679
                        -0.0693374 0.00146413 -0.0193015
                        -0.0693374 0.00146413 0.0263913
                        -0.0424799 0.00146413 0.0633574
                        0.000976563 0.00146413 0.0774775
                        0.044433 0.00146413 0.0633574
                        0.0712905 0.00146413 0.0263913
                        0.0712905 0.00146413 -0.0193015
                        0.044433 0.00146413 -0.0562679
                        0.000976563 0.589494 -0.0703876
                        -0.0424799 0.589494 -0.0562679
                        0.000976563 0.393484 -0.0703876
                        -0.0424799 0.393484 -0.0562679
                        0.000976563 0.197474 -0.0703876
                        -0.0424799 0.197474 -0.0562679
                        -0.0693374 0.589494 -0.0193015
                        -0.0693374 0.393484 -0.0193015
                        -0.0693374 0.197474 -0.0193015
                        -0.0693374 0.589494 0.0263913
                        -0.0693374 0.393484 0.0263913
                        -0.0693374 0.197474 0.0263913
                        -0.0424799 0.589494 0.0633574
                        -0.0424799 0.393484 0.0633574
                        -0.0424799 0.197474 0.0633574
                        0.000976563 0.589494 0.0774775
                        0.000976563 0.393484 0.0774775
                        0.000976563 0.197474 0.0774775
                        0.044433 0.589494 0.0633574
                        0.044433 0.393484 0.0633574
                        0.044433 0.197474 0.0633574
                        0.0712905 0.589494 0.0263913
                        0.0712905 0.393484 0.0263913
                        0.0712905 0.197474 0.0263913
                        0.0712905 0.589494 -0.0193015
                        0.0712905 0.393484 -0.0193015
                        0.0712905 0.197474 -0.0193015
                        0.044433 0.589494 -0.0562679
                        0.044433 0.393484 -0.0562679
                        0.044433 0.197474 -0.0562679
                        0.000976563 0.785499 -0.0703876
                        -0.0424799 0.785499 -0.0562679
                        -0.0693374 0.785499 -0.0193015
                        -0.0693374 0.785499 0.0263913
                        -0.0424799 0.785499 0.0633574
                        0.000976563 0.785499 0.0774775
                        0.044433 0.785499 0.0633574
                        0.0712905 0.785499 0.0263913
                        0.0712905 0.785499 -0.0193015
                        0.044433 0.785499 -0.0562679
                        0.000976563 0.0994691 -0.0703876
                        -0.0424799 0.0994691 -0.0562679
                        -0.0693374 0.0994691 -0.0193015
                        -0.0693374 0.0994691 0.0263913
                        -0.0424799 0.0994691 0.0633574
                        0.000976563 0.0994691 0.0774775
                        0.044433 0.0994691 0.0633574
                        0.0712905 0.0994691 0.0263913
                        0.0712905 0.0994691 -0.0193015
                        0.044433 0.0994691 -0.0562679
                        0.000976563 0.295479 -0.0703876
                        -0.0424799 0.295479 -0.0562679
                        -0.0693374 0.295479 -0.0193015
                        -0.0693374 0.295479 0.0263913
                        -0.0424799 0.295479 0.0633574
                        0.000976563 0.295479 0.0774775
                        0.044433 0.295479 0.0633574
                        0.0712905 0.295479 0.0263913
                        0.0712905 0.295479 -0.0193015
                        0.044433 0.295479 -0.0562679
                        0.000976563 0.491489 -0.0703876
                        -0.0424799 0.491489 -0.0562679
                        -0.0693374 0.491489 -0.0193015
                        -0.0693374 0.491489 0.0263913
                        -0.0424799 0.491489 0.0633574
                        0.000976563 0.491489 0.0774775
                        0.044433 0.491489 0.0633574
                        0.0712905 0.491489 0.0263913
                        0.0712905 0.491489 -0.0193015
                        0.044433 0.491489 -0.0562679
                        -0.0424799 0.687496 -0.0562679
                        0.000976563 0.687496 -0.0703876
                        -0.0693374 0.687496 -0.0193015
                        -0.0693374 0.687496 0.0263913
                        -0.0424799 0.687496 0.0633574
                        0.000976563 0.687496 0.0774775
                        0.044433 0.687496 0.0633574
                        0.0712905 0.687496 0.0263913
                        0.0712905 0.687496 -0.0193015
                        0.044433 0.687496 -0.0562679
                        0.000976563 0.883504 -0.0703876
                        -0.0424799 0.883504 -0.0562679
                        -0.0693374 0.883504 -0.0193015
                        -0.0693374 0.883504 0.0263913
                        -0.0424799 0.883504 0.0633574
                        0.000976563 0.883504 0.0774775
                        0.044433 0.883504 0.0633574
                        0.0712905 0.883504 0.0263913
                        0.0712905 0.883504 -0.0193015
                        0.044433 0.883504 -0.0562679
                        0.000976563 1.07951 -0.0703876
                        -0.0424799 1.07951 -0.0562679
                        -0.0693374 1.07951 -0.0193015
                        -0.0693374 1.07951 0.0263913
                        -0.0424799 1.07951 0.0633574
                        0.000976563 1.07951 0.0774775
                        0.044433 1.07951 0.0633574
                        0.0712905 1.07951 0.0263913
                        0.0712905 1.07951 -0.0193015
                        0.044433 1.07951 -0.0562679
                        0.00146484 4.18332 0.0472851
                        0.0386093 4.18332 0.0258398
                        0.0386093 4.18332 -0.0170507
                        0.00146484 4.18332 -0.038496
                        -0.0356796 4.18332 -0.0170507
                        -0.0356796 4.18332 0.0258398
                        0.00146484 4.3127 0.0472851
                        0.0386093 4.3127 0.0258398
                        0.0386093 4.3127 -0.0170507
                        0.00146484 4.3127 -0.038496
                        -0.0356796 4.3127 -0.0170507
                        -0.0356796 4.3127 0.0258398
                        0.00146484 4.44207 0.0472851
                        0.0386093 4.44207 0.0258398
                        0.0386093 4.44207 -0.0170507
                        0.00146484 4.44207 -0.038496
                        -0.0356796 4.44207 -0.0170507
                        -0.0356796 4.44207 0.0258398
                        0.00146484 4.57145 0.0472851
                        0.0386093 4.57145 0.0258398
                        0.0386093 4.57145 -0.0170507
                        0.00146484 4.57145 -0.038496
                        -0.0356796 4.57145 -0.0170507
                        -0.0356796 4.57145 0.0258398
                        0.044433 4.01378 0.0633574
                        0.0712905 4.01378 0.0263913
                        0.0712905 4.01378 -0.0193015
                        0.000976563 4.01378 -0.0703876
                        -0.0424799 4.01378 -0.0562679
                        0.044433 4.01378 -0.0562679
                        -0.0693374 4.01378 0.0263913
                        -0.0424799 4.01378 0.0633574
                        0.000976563 4.01378 0.0774775
                        -0.0693374 4.01378 -0.0193015
                        0.000976563 3.82365 -0.0703876
                        -0.0424799 3.82365 -0.0562679
                        -0.0693374 3.82365 -0.0193015
                        -0.0693374 3.82365 0.0263913
                        -0.0424799 3.82365 0.0633574
                        0.000976563 3.82365 0.0774775
                        0.044433 3.82365 0.0633574
                        0.0712905 3.82365 0.0263913
                        0.0712905 3.82365 -0.0193015
                        0.044433 3.82365 -0.0562679
                        0.000976563 3.62764 -0.0703876
                        -0.0424799 3.62764 -0.0562679
                        -0.0693374 3.62764 -0.0193015
                        -0.0693374 3.62764 0.0263913
                        -0.0424799 3.62764 0.0633574
                        0.000976563 3.62764 0.0774775
                        0.044433 3.62764 0.0633574
                        0.0712905 3.62764 0.0263913
                        0.0712905 3.62764 -0.0193015
                        0.044433 3.62764 -0.0562679
                        0.000976563 3.43163 -0.0703876
                        -0.0424799 3.43163 -0.0562679
                        -0.0693374 3.43163 -0.0193015
                        -0.0693374 3.43163 0.0263913
                        -0.0424799 3.43163 0.0633574
                        0.000976563 3.43163 0.0774775
                        0.044433 3.43163 0.0633574
                        0.0712905 3.43163 0.0263913
                        0.0712905 3.43163 -0.0193015
                        0.044433 3.43163 -0.0562679
                    </float_array>
                    <technique_common>
                        <accessor count="613" source="#Geometry-mesh016-positions-array" stride="3">
                            <param name="X" type="float" />
                            <param name="Y" type="float" />
                            <param name="Z" type="float" />
                        </accessor>
                    </technique_common>
                </source>
                <source id="Geometry-mesh016-normals" name="normals">
                    <float_array id="Geometry-mesh016-normals-array" count="768">
                        0 0.838244 -0.545295
                        -0.120309 0.960788 -0.249824
                        0.150994 0.937492 -0.313543
                        0.310788 0.917597 -0.247845
                        -0.310788 0.917597 -0.247845
                        0.27033 0.960788 -0.0617014
                        -0.34505 0.937164 -0.0516077
                        0.34505 0.937164 0.0516075
                        -0.27033 0.960789 0.0617011
                        0.310785 0.917598 0.247843
                        -0.310785 0.917598 0.247843
                        0.127095 0.937164 0.324916
                        -0.152258 0.908464 0.389244
                        0 0.887187 0.46141
                        0.888091 0.285039 0.360622
                        0.930449 0.285039 -0.230255
                        -4.40603e-008 1 8.02361e-007
                        0.61741 0.285039 -0.733183
                        0.0685383 0.28504 -0.956062
                        -0.506513 0.285039 -0.813755
                        -0.888091 0.285039 -0.360621
                        -0.930449 0.285039 0.230255
                        -0.617409 0.285039 0.733184
                        -0.0685376 0.285039 0.956062
                        0.506511 0.285039 0.813756
                        -0.555318 0.828096 0.0766737
                        -0.228123 0.925868 0.301211
                        -0.361737 0.891117 -0.273966
                        -0.0516792 0.925868 -0.374296
                        0.0516792 0.925868 0.374296
                        0.228124 0.925868 -0.30121
                        0.361737 0.891117 0.273966
                        0.555318 0.828096 -0.0766734
                        0 1 0
                        0 -1 0
                        -0.272805 0.777604 0.566489
                        -0.21542 0.806414 0.550718
                        -0.391608 0.844991 0.364187
                        -0.605022 0.56335 0.562659
                        0.793109 0.581558 0.181022
                        0.584846 0.806414 0.0874723
                        0.391608 0.844991 0.364187
                        0.683182 0.56335 0.46465
                        0.426019 0.189531 -0.884639
                        0.310534 0.6984 -0.64483
                        0.719082 0.188999 -0.668731
                        0.520808 0.776717 -0.354216
                        1.04453e-008 0 -1
                        -0.587785 0 -0.809017
                        -0.951057 0 -0.309016
                        -0.951056 0 0.309017
                        -0.587787 0 0.809016
                        -0.587787 0 0.809016
                        1.5668e-008 0 1
                        0.587787 0 0.809016
                        0.951056 0 0.309017
                        0.951057 0 -0.309016
                        0.587785 0 -0.809017
                        0.587785 0 -0.809017
                        0 0 -1
                        2.08907e-008 0 -1
                        -0.512594 0.755081 -0.40878
                        -0.284469 0.755079 -0.590706
                        0.512589 0.755086 0.408776
                        0.627313 0.754144 0.19428
                        -0.0758621 0 0.997118
                        0.0626787 0.56335 0.823838
                        0.364284 1.02808e-021 0.931288
                        0.296256 0.806414 0.511789
                        0 0.915818 -0.401593
                        0.254673 0.715018 -0.651069
                        -0.0626787 0.56335 -0.823838
                        0.748435 0.571754 0.336069
                        0.676605 0.722607 -0.141579
                        -0.570589 0.81251 -0.119395
                        -0.630604 0.722607 0.283157
                        -0.550901 0.571754 -0.607952
                        0.407963 0.571754 -0.711803
                        -0.0627703 0.81251 -0.579557
                        -0.40796 0.571754 -0.711805
                        -0.630604 0.722607 -0.283158
                        0.464167 0.722607 -0.512238
                        0.0627694 0.81251 -0.579558
                        0.346908 0.566499 -0.747485
                        0.338251 0.808715 -0.481214
                        0.481213 0.808715 -0.338252
                        0.601668 0.719255 -0.347374
                        0.983757 -0.171843 -0.051888
                        0.888074 0.459701 8.35709e-007
                        0.857064 -0.143495 0.494824
                        0.376633 0.900479 0.217449
                        0.569155 -0.142938 -0.80971
                        0.886041 -0.114612 -0.449216
                        -0.428924 0.703761 -0.566343
                        -0.70376 0.703761 -0.09717
                        -0.603747 0 0.797176
                        -0.797174 0 0.60375
                        -0.990602 0 0.136774
                        -0.990602 0 -0.136774
                        -0.0971685 0.703761 0.703761
                        0.428924 0.703761 0.566343
                        0.136773 0 0.990602
                        -0.136773 0 0.990602
                        -0.566341 0.703761 0.428926
                        0.797175 0 0.603749
                        0.603747 0 0.797176
                        0.907072 0 0.420975
                        0.500002 0 0.866024
                        0.674174 0.566499 0.473886
                        0.21745 0.900479 0.376633
                        0.403812 -0.28261 -0.870096
                        0.0385807 -0.163805 -0.985738
                        0 -0.283645 -0.958929
                        0.830457 -0.283645 -0.479465
                        0.955431 -0.28261 0.085337
                        1.5668e-008 0 -1
                        -0.107676 0 -0.994186
                        -0.671481 0 -0.741022
                        -0.497258 0 0.867603
                        0.107679 0 0.994186
                        0.912254 0 -0.409626
                        0.497255 0 -0.867605
                        0.587787 0 0.809016
                        0 0 1
                        0.866025 0 0.500001
                        -0.866025 0 -0.500001
                        -0.866025 0 0.500001
                        0.866025 0 -0.500001
                        5.22266e-009 0 -1
                        1.04454e-008 0 1
                        -0.951056 0 0.309017
                        0.587787 0 0.809016
                        4.88937e-009 0.777607 0.628751
                        0.481913 0.869288 -0.109994
                        0.667812 0.715018 -0.206823
                        -0.426019 0.189532 -0.884639
                        -0.719082 0.188999 -0.668731
                        -0.310534 0.6984 -0.64483
                        -0.520808 0.776717 -0.354216
                        5.22268e-009 0 1
                        0 0.75508 -0.655633
                        0.328999 0.754146 0.568352
                        -0.500982 0 0.865458
                        -0.35024 0.715018 -0.605046
                        0.289875 0.81251 0.505766
                        0.630604 0.722607 -0.283157
                        -0.473886 0.566499 -0.674174
                        -0.63148 0.717874 -0.293071
                        -0.247617 0.808715 -0.533542
                        -0.569546 0.717874 -0.400343
                        -0.0523275 0.808715 -0.585869
                        -0.832052 -0.114612 -0.542727
                        -0.493323 -0.143495 -0.857929
                        0.0971685 0.703761 -0.703761
                        -0.797174 0 -0.60375
                        -0.603747 0 -0.797176
                        0.603747 0 -0.797176
                        0.797175 0 -0.603749
                        0.990602 0 -0.136774
                        0.990602 0 0.136774
                        0.703761 0.703761 0.0971693
                        -0.136773 0 -0.990602
                        0.136773 0 -0.990602
                        0.420973 0 -0.907073
                        0.866025 0 -0.500001
                        0.449214 -0.114612 0.886042
                        0.479464 -0.283645 0.830457
                        0.830458 -0.283645 0.479463
                        -0.0385801 -0.163805 0.985738
                        0 -0.283645 0.958929
                        0.944911 0 -0.327327
                        0.188982 0 -0.981981
                        0.272805 0.777604 0.566489
                        0.511941 0.715018 -0.476094
                        -0.938022 0.188997 -0.290508
                        -0.740148 0.66327 -0.1107
                        0.284469 0.755079 -0.590706
                        0 0.755078 0.655635
                        -0.826878 0 0.562382
                        0.500983 0 -0.865457
                        0.0758621 0 -0.997118
                        -0.0883422 0.571754 0.815655
                        -0.676605 0.722607 0.141579
                        -0.391438 0.81251 0.431976
                        0.676605 0.722607 0.141579
                        -0.755928 0 0.654654
                        0.188982 0 0.981981
                        -0.346907 0.5665 0.747485
                        -0.338252 0.808715 0.481213
                        -0.569548 0.717874 0.400341
                        -0.468873 0.84076 0.270704
                        -0.585869 0.808715 0.0523284
                        -0.985807 -0.142938 -0.0880481
                        -0.542728 -0.114612 0.832052
                        -0.872965 -0.163805 0.459456
                        0.566342 0.703761 -0.428925
                        -0.907072 0 -0.420975
                        -0.575059 0 -0.818112
                        -0.0889621 0 -0.996035
                        0.0733103 0.566499 -0.820795
                        -0.912253 0 0.409628
                        0.978801 0 0.204814
                        -0.971175 0.188997 0.145254
                        -0.601657 0.776716 0.186335
                        0.512594 0.755081 -0.40878
                        -0.328999 0.754146 0.568352
                        -0.988999 0 0.14792
                        -0.667812 0.715018 0.206823
                        0.826878 0 -0.562382
                        0.391438 0.81251 0.431976
                        -0.944911 0 -0.327327
                        0.473887 0.5665 0.674173
                        0.0523269 0.808714 0.585869
                        0 0.459701 0.888074
                        -0.420976 0 0.907072
                        -0.403812 -0.282611 -0.870096
                        0.755928 0 0.654654
                        -0.944911 0 0.327327
                        -0.188982 0 0.981981
                        -0.578075 0.715018 -0.393165
                        -0.811976 0.188991 0.552247
                        0.811976 0.188991 0.552247
                        0.426019 0.189522 0.884641
                        0.639195 0.75508 -0.145892
                        -0.512589 0.755086 0.408776
                        -0.955238 0 -0.29584
                        -0.584846 0.806414 -0.0874726
                        0.988999 0 -0.14792
                        0.0883406 0.571754 0.815655
                        -0.188982 0 -0.981981
                        -0.866025 0 0.500001
                        -0.888074 0.459701 9.72711e-007
                        -1 0 1.0953e-006
                        1 0 1.11073e-006
                        0.694747 0.719255 7.71676e-007
                        -0.978801 0 -0.204813
                        0.671481 0 0.741022
                        -0.426019 0.189523 0.88464
                        0.957259 0.189523 0.218488
                        -0.639193 0.755081 0.145891
                        -0.732279 0 -0.681004
                        0.955238 0 0.295839
                        -0.343732 0.722607 0.599739
                        0.755928 0 -0.654654
                        -0.830457 -0.283645 -0.479465
                        -0.755928 0 -0.654654
                        7.63538e-009 0.18954 0.981873
                        0.957259 0.189523 -0.218488
                        -0.627315 0.754142 -0.194281
                        -0.364284 -1.02808e-021 -0.931288
                        0.732279 0 0.681005
                        7.63539e-009 0.189529 -0.981875
                        0.944911 0 0.327327
                        -0.479464 -0.283646 0.830457
                        -0.830458 -0.283645 0.479463
                        -0.955431 -0.28261 0.085337
                    </float_array>
                    <technique_common>
                        <accessor count="256" source="#Geometry-mesh016-normals-array" stride="3">
                            <param name="X" type="float" />
                            <param name="Y" type="float" />
                            <param name="Z" type="float" />
                        </accessor>
                    </technique_common>
                </source>
                <source id="Geometry-mesh016-uvSet1" name="uvSet1">
                    <float_array id="Geometry-mesh016-uvSet1-array" count="994">
                        0.272124 0.974125
                        0.20027 0.957806
                        0.343946 0.957664
                        0.401521 0.911681
                        0.142603 0.911936
                        0.433455 0.845275
                        0.110541 0.845585
                        0.433421 0.771583
                        0.110506 0.771893
                        0.401358 0.705232
                        0.14244 0.705488
                        0.343691 0.659362
                        0.200015 0.659504
                        0.271837 0.643043
                        0.376094 0.609185
                        0.376094 0.644722
                        0.433594 0.626953
                        0.398057 0.673472
                        0.433594 0.684453
                        0.469131 0.673472
                        0.491094 0.644722
                        0.491094 0.609185
                        0.469131 0.580435
                        0.433594 0.569453
                        0.398057 0.580435
                        0.0954523 0.692976
                        0.0977025 0.687658
                        0.0977025 0.698294
                        0.103045 0.700482
                        0.103045 0.68547
                        0.108387 0.698294
                        0.108387 0.687658
                        0.110637 0.692976
                        0.110637 0.692976
                        0.326684 0.547094
                        0.332105 0.526865
                        0.332105 0.567324
                        0.346914 0.582133
                        0.346914 0.512056
                        0.367144 0.587554
                        0.367144 0.506635
                        0.387374 0.582133
                        0.387374 0.512056
                        0.402183 0.567324
                        0.402183 0.526865
                        0.407604 0.547094
                        0.469488 0.924604
                        0.484 0.939116
                        0.449665 0.919293
                        0.429842 0.924604
                        0.489312 0.958939
                        0.41533 0.939116
                        0.484 0.978763
                        0.410018 0.958939
                        0.469488 0.993274
                        0.41533 0.978763
                        0.449665 0.998586
                        0.429842 0.993274
                        0.00939584 0.571574
                        0.0287317 0.571574
                        0.00939584 0.642288
                        0.0287317 0.642288
                        0.00939584 0.288716
                        0.0287317 0.288716
                        0.00939584 0.359431
                        0.0287317 0.359431
                        -0.000916421 0.0765737
                        0.00939584 0.0765737
                        -0.000916421 0.147288
                        0.00939584 0.147288
                        0.501263 0.498666
                        0.501263 0.250058
                        0.551033 0.498666
                        0.551033 0.250058
                        0.551033 -4.75557e-007
                        0.600803 0.250058
                        0.600803 -4.75557e-007
                        0.600803 0.99979
                        0.600803 0.747275
                        0.650573 0.99979
                        0.650573 0.747275
                        0.650573 0.498666
                        0.700343 0.747275
                        0.700343 0.498666
                        0.700343 0.250058
                        0.750113 0.498666
                        0.750113 0.250058
                        0.750113 -4.75557e-007
                        0.799884 0.250058
                        0.799884 -4.75557e-007
                        0.799884 0.99979
                        0.799884 0.747275
                        0.849654 0.99979
                        0.849654 0.747275
                        0.799884 0.99979
                        0.849654 0.99979
                        0.849654 0.498666
                        0.899424 0.747275
                        0.899424 0.498666
                        0.899424 0.250058
                        0.949194 0.498666
                        0.949194 0.250058
                        0.949194 -4.75557e-007
                        0.99897 0.250058
                        0.998964 -4.75557e-007
                        0.128132 0.923513
                        0.192251 0.974508
                        0.41583 0.693656
                        0.451524 0.767434
                        0.0827695 0.500859
                        0.0287317 0.500859
                        0.0827695 0.430145
                        0.0287317 0.430145
                        0.00939584 0.00585938
                        0.0287317 0.0765737
                        0.0287317 0.00585938
                        0.849654 0.0982621
                        0.899424 0.0982621
                        0.849654 0.111626
                        0.899424 0.111626
                        0.799884 0.149815
                        0.799884 0.0181719
                        0.849654 0.149815
                        0.849654 0.0181717
                        0.700343 0.149815
                        0.700343 0.0181725
                        0.750113 0.149815
                        0.750113 0.0181723
                        0.551033 0.235054
                        0.600803 0.235054
                        0.949194 0.235054
                        0.998964 0.250058
                        0.998964 0.235054
                        0.303886 0.592156
                        0.303659 0.59782
                        0.284443 0.593645
                        0.284579 0.599005
                        0.262706 0.546816
                        0.26503 0.594874
                        0.24391 0.548112
                        0.245612 0.596037
                        0.300964 0.543518
                        0.281699 0.545575
                        0.093626 0.702421
                        0.0895185 0.692976
                        0.110154 0.617112
                        0.110154 0.673927
                        0.102137 0.617112
                        0.102137 0.673927
                        0.103045 0.679701
                        0.112463 0.683531
                        0.11817 0.617112
                        0.11817 0.673928
                        0.110154 0.617112
                        0.110154 0.673927
                        0.093626 0.683531
                        0.126187 0.617112
                        0.126187 0.673928
                        0.11817 0.617112
                        0.11817 0.673928
                        0.246369 0.61615
                        0.226606 0.617013
                        0.245804 0.601402
                        0.22628 0.602297
                        0.29227 0.50844
                        0.320853 0.540287
                        0.307158 0.504894
                        0.276054 0.510806
                        0.259179 0.512577
                        0.501263 0.125029
                        0.501263 -4.75557e-007
                        0.551033 0.125029
                        0.700343 0.125029
                        0.700343 -4.75557e-007
                        0.750113 0.125029
                        0.899424 0.125029
                        0.899424 -4.75557e-007
                        0.949194 0.125029
                        0.600803 0.374362
                        0.650573 0.374362
                        0.650573 0.250058
                        0.799884 0.374362
                        0.849654 0.374362
                        0.849654 0.250058
                        0.501263 0.622971
                        0.551033 0.622971
                        0.700343 0.622971
                        0.750113 0.622971
                        0.899424 0.622971
                        0.949194 0.622971
                        0.650573 0.873532
                        0.650573 0.99979
                        0.600803 0.873532
                        0.600803 0.99979
                        0.849654 0.873532
                        0.799884 0.873532
                        0.210809 0.0827771
                        0.170605 0.082776
                        0.210807 0.109443
                        0.170602 0.109442
                        0.210809 0.0294449
                        0.170607 0.0294435
                        0.210811 0.056111
                        0.170609 0.0561098
                        0.291218 0.136109
                        0.251011 0.136111
                        0.291219 0.162775
                        0.251011 0.162777
                        0.371637 0.0827744
                        0.331427 0.0827755
                        0.371636 0.109441
                        0.331426 0.109442
                        0.371635 0.0294419
                        0.331425 0.029443
                        0.371636 0.056108
                        0.331426 0.0561092
                        0.452062 0.136105
                        0.411847 0.136106
                        0.452063 0.162771
                        0.411848 0.162772
                        0.799884 0.117527
                        0.849654 0.117527
                        0.849654 -4.75557e-007
                        0.650573 0.117527
                        0.650573 -4.75557e-007
                        0.700343 0.117527
                        0.750113 0.117527
                        0.600803 0.873532
                        0.650573 0.873532
                        0.799884 0.873532
                        0.849654 0.873532
                        0.00939584 0.500859
                        0.00939584 0.218002
                        0.0287317 0.218002
                        -0.000916421 0.925145
                        -0.000916421 0.854431
                        0.00939584 0.925145
                        0.00939584 0.854431
                        0.501263 0.747275
                        0.551033 0.747275
                        0.600803 0.498666
                        0.700343 0.99979
                        0.700343 0.99979
                        0.750113 0.747275
                        0.799884 0.498666
                        0.899424 0.99979
                        0.949194 0.747275
                        0.99897 0.498666
                        0.272143 0.992652
                        0.351711 0.642659
                        0.0827695 0.571574
                        0.0287317 0.925145
                        0.00939584 0.995859
                        0.0287317 0.995859
                        0.799884 0.0982621
                        0.799884 0.111626
                        0.650573 0.149815
                        0.650573 0.018173
                        0.501263 0.235054
                        0.899424 0.235054
                        0.109468 0.592679
                        0.128949 0.594023
                        0.1097 0.59834
                        0.128861 0.599523
                        0.323636 0.591533
                        0.131371 0.545946
                        0.11214 0.543934
                        0.103045 0.70625
                        0.0941195 0.617112
                        0.0941195 0.673927
                        0.142221 0.617112
                        0.142221 0.673927
                        0.134204 0.617112
                        0.134204 0.673927
                        0.116571 0.692976
                        0.150238 0.617112
                        0.150238 0.673927
                        0.142221 0.617112
                        0.142221 0.673927
                        0.303709 0.61264
                        0.285173 0.613695
                        0.225207 0.548866
                        0.224256 0.513024
                        0.241859 0.513007
                        0.206581 0.548665
                        0.206514 0.513932
                        0.251013 0.0827782
                        0.251012 0.109444
                        0.251011 0.0294463
                        0.251013 0.0561121
                        0.331425 0.136108
                        0.331427 0.162774
                        0.411847 0.0827734
                        0.411845 0.10944
                        0.411845 0.0294408
                        0.411846 0.0561068
                        0.492277 0.136104
                        0.492278 0.16277
                        0.799884 0.235054
                        0.849654 0.235054
                        0.650573 0.235054
                        0.700343 0.235054
                        0.750113 0.235054
                        0.00939584 0.430145
                        0.0287317 0.147288
                        -0.000916421 0.783716
                        0.00939584 0.783716
                        0.501263 0.99979
                        0.551033 0.99979
                        0.501263 0.99979
                        0.551033 0.99979
                        0.750113 0.99979
                        0.949194 0.99979
                        0.899424 0.99979
                        0.949194 0.99979
                        0.99897 0.747275
                        0.998964 0.498666
                        0.351999 0.97435
                        0.271819 0.624516
                        0.0827695 0.642288
                        0.0827695 0.0765737
                        0.0827695 0.00585938
                        0.750113 0.0982621
                        0.750113 0.111626
                        0.650573 0.0982621
                        0.700343 0.0982621
                        0.650573 0.111626
                        0.700343 0.111626
                        0.600803 0.149816
                        0.600803 0.0181736
                        0.0901775 0.056104
                        0.0901754 0.0827687
                        0.187257 0.596729
                        0.187135 0.602413
                        0.167811 0.596204
                        0.167571 0.601716
                        0.148383 0.595347
                        0.150356 0.547291
                        0.187885 0.548856
                        0.169202 0.547988
                        0.112463 0.702421
                        0.134203 0.617112
                        0.134204 0.673927
                        0.0895187 0.692976
                        0.102136 0.617112
                        0.102136 0.673927
                        0.128337 0.614252
                        0.109692 0.613134
                        0.0918982 0.612751
                        0.0915766 0.597851
                        0.650573 0.125029
                        0.849654 0.125029
                        0.551033 0.374362
                        0.750113 0.374362
                        0.949194 0.374362
                        0.99897 0.374362
                        0.650573 0.622971
                        0.849654 0.622971
                        0.551033 0.873532
                        0.750113 0.873532
                        0.750113 0.99979
                        0.99897 0.873532
                        0.99897 0.99979
                        0.949194 0.873532
                        0.210808 0.0027788
                        0.170605 0.0027773
                        0.291219 0.109443
                        0.291219 0.0561107
                        0.29122 0.0827768
                        0.371635 0.00277569
                        0.331424 0.00277676
                        0.452061 0.109439
                        0.452062 0.0561059
                        0.452062 0.0827723
                        0.949194 0.117527
                        0.998964 0.117527
                        0.600803 0.117527
                        0.551033 0.873532
                        0.750113 0.873532
                        0.949194 0.873532
                        -0.000916421 0.713002
                        0.00939584 0.713002
                        0.416014 0.923224
                        0.191963 0.642818
                        0.0827695 0.713002
                        0.0287317 0.713002
                        0.0827695 0.147288
                        0.600803 0.0982621
                        0.600803 0.111626
                        0.551033 0.149816
                        0.551033 0.0181741
                        0.090179 0.0294389
                        0.226162 0.596637
                        0.206664 0.597031
                        0.206693 0.602399
                        0.0861027 0.617112
                        0.0861027 0.673927
                        0.0941197 0.617112
                        0.0941197 0.673927
                        0.206743 0.617127
                        0.186906 0.617112
                        0.0925243 0.540665
                        0.120794 0.508722
                        0.105903 0.505254
                        0.251011 0.0027803
                        0.411845 0.00277462
                        0.492277 0.109438
                        0.492277 0.0561049
                        0.492278 0.0827712
                        0.0287317 0.854431
                        -0.000916421 0.642288
                        -0.000916421 0.359431
                        -0.000916421 0.430145
                        0.451524 0.849393
                        0.127948 0.693944
                        0.0827695 0.783716
                        0.0287317 0.783716
                        0.0827695 0.218002
                        0.551033 0.0982621
                        0.551033 0.111626
                        0.501263 0.149817
                        0.501263 0.0181745
                        0.0901794 0.00277307
                        0.321627 0.597292
                        0.0893791 0.592049
                        0.126187 0.617112
                        0.126187 0.673928
                        0.167074 0.616464
                        0.148177 0.600681
                        0.147537 0.615404
                        0.265979 0.615174
                        0.265277 0.60052
                        0.600803 0.125029
                        0.799884 0.125029
                        0.501263 0.374362
                        0.700343 0.374362
                        0.899424 0.374362
                        0.600803 0.622971
                        0.799884 0.622971
                        0.501263 0.873532
                        0.700343 0.873532
                        0.899424 0.873532
                        0.210805 0.136109
                        0.170598 0.136108
                        0.210803 0.162775
                        0.170594 0.162774
                        0.291218 0.0294446
                        0.371636 0.136107
                        0.371637 0.162773
                        0.45206 0.0294398
                        0.501263 0.117527
                        0.551033 0.117527
                        0.899424 0.117527
                        0.501263 0.873532
                        0.700343 0.873532
                        0.899424 0.873532
                        -0.000916421 0.571574
                        -0.000916421 0.288716
                        0.0924373 0.767775
                        0.0827695 0.854431
                        0.0827695 0.288716
                        0.501263 0.0982621
                        0.501263 0.111626
                        0.949194 0.149816
                        0.949194 0.0181729
                        0.99897 0.149817
                        0.99897 0.0181735
                        0.090167 0.1361
                        0.0901637 0.162765
                        0.116571 0.692976
                        0.321383 0.612287
                        0.137002 0.510964
                        0.492275 0.0294389
                        -0.000916421 0.500859
                        -0.000916421 0.218002
                        0.0924373 0.849734
                        0.0827695 0.925145
                        0.0827695 0.359431
                        -0.000916421 0.00585938
                        0.949194 0.0982621
                        0.998964 0.0982621
                        0.949194 0.111626
                        0.998964 0.111626
                        0.899424 0.149816
                        0.899424 0.0181722
                        0.0901718 0.109435
                        0.188794 0.513198
                        0.17115 0.513517
                        0.153868 0.512393
                        0.998967 0.125029
                        0.998967 0.622971
                        0.291218 0.00277853
                        0.452061 0.00277384
                        0.0827695 0.995859
                        -0.000916421 0.995859
                        0.150238 0.617112
                        0.492276 0.00277307
                    </float_array>
                    <technique_common>
                        <accessor count="497" source="#Geometry-mesh016-uvSet1-array" stride="2">
                            <param name="S" type="float" />
                            <param name="T" type="float" />
                        </accessor>
                    </technique_common>
                </source>
                <source id="Geometry-mesh016-Weight" name="Weight">
                    <float_array id="Geometry-mesh016-Weight-array" count="1">
                        0
                    </float_array>
                    <technique_common>
                        <accessor count="1" source="#Geometry-mesh016-Weight-array" stride="1">
                            <param name="WEIGHT" type="float" />
                        </accessor>
                    </technique_common>
                </source>
                <source id="Geometry-mesh016-__item_locator038" name="__item_locator038">
                    <float_array id="Geometry-mesh016-__item_locator038-array" count="550">
                        1.99424
                        1.99424
                        1.11838e-014
                        1.4377e-014
                        5.26197e-017
                        1.80796e-014
                        2.05624e-014
                        2.03488e-014
                        1.75748e-014
                        1.38524e-014
                        1.08309e-014
                        9.29962e-015
                        9.41928e-015
                        1.2034e-017
                        1.0951e-017
                        1.218e-017
                        1.11305e-017
                        1.04081e-017
                        1.04558e-017
                        1.03205e-017
                        1.03249e-017
                        1.49544e-017
                        2.39499e-017
                        1.14753e-017
                        1.09265e-017
                        3.10824e-017
                        1.17739e-017
                        2.57608e-017
                        1.61433e-017
                        1.04037e-017
                        1.04049e-017
                        1.07921e-017
                        1.25682e-017
                        1.08018e-017
                        1.54266e-017
                        1.25989e-017
                        1.545e-017
                        6.67061e-016
                        9.47779e-016
                        4.85381e-016
                        4.05169e-016
                        1.26829e-015
                        4.15275e-016
                        1.50287e-015
                        5.17593e-016
                        1.5302e-015
                        7.23553e-016
                        1.33486e-015
                        1.02138e-015
                        3.01605e-016
                        2.18208e-016
                        3.63977e-016
                        3.71323e-016
                        1.47577e-016
                        3.192e-016
                        1.03614e-016
                        2.37137e-016
                        8.48248e-017
                        1.61562e-016
                        8.71662e-017
                        1.1128e-016
                        1.99495
                        1.99765
                        1.99554
                        4.03274e-013
                        1.28252e-012
                        4.08239e-013
                        1.29746e-012
                        1.4487e-013
                        2.503e-013
                        1.70331e-013
                        2.94854e-013
                        2.38375e-011
                        1.23345e-010
                        2.80075e-011
                        1.44641e-010
                        3.69695e-012
                        8.00929e-012
                        4.69876e-012
                        1.01675e-011
                        5.80417e-013
                        6.12811e-013
                        7.16658e-013
                        7.64738e-013
                        7.0476e-010
                        3.05909e-009
                        8.77703e-010
                        3.78644e-009
                        2.20039e-011
                        4.41159e-011
                        2.47492e-011
                        4.9866e-011
                        2.64034e-012
                        6.62051e-012
                        2.61522e-012
                        6.55441e-012
                        5.23599e-013
                        7.99158e-013
                        4.54748e-013
                        6.98222e-013
                        2.52422e-010
                        9.83155e-010
                        2.20211e-010
                        8.54209e-010
                        1.23104e-011
                        2.14431e-011
                        9.81429e-012
                        1.72681e-011
                        5.91235e-013
                        1.84133e-012
                        4.66661e-013
                        1.47245e-012
                        1.65254e-013
                        2.8596e-013
                        1.43135e-013
                        2.47268e-013
                        2.71755e-011
                        1.40399e-010
                        2.35535e-011
                        1.21891e-010
                        1.9926
                        4.06852e-014
                        3.26076e-014
                        2.00578e-014
                        1.57043e-014
                        2.33076e-014
                        2.0649e-014
                        2.3558e-014
                        2.27959e-014
                        2.39754e-014
                        2.67307e-014
                        2.81563e-014
                        2.59471e-014
                        2.73232e-014
                        2.25272e-014
                        2.36902e-014
                        1.97185e-015
                        5.39747e-016
                        2.62874e-015
                        7.54484e-016
                        3.74966e-015
                        3.54289e-015
                        4.69542e-015
                        4.47495e-015
                        2.12758e-015
                        2.81082e-015
                        1.49802e-017
                        1.45498e-017
                        1.26604e-017
                        1.15913e-017
                        1.58917e-017
                        5.19983e-017
                        3.88631e-017
                        5.67936e-017
                        3.77894e-017
                        3.45986e-017
                        1.03891e-017
                        1.03898e-017
                        1.57406e-017
                        1.44114e-017
                        1.18316e-017
                        1.08325e-017
                        1.39174e-015
                        1.59534e-015
                        1.7729e-015
                        1.99792
                        1.99994
                        1.9979
                        1.99994
                        1.99651
                        1.99989
                        1.99615
                        1.99988
                        1.99716
                        1.99991
                        1.99766
                        1.99993
                        0.414052
                        1.69281
                        0.436643
                        1.67077
                        0.467793
                        1.63961
                        0.45468
                        1.65283
                        3.87754e-005
                        0.00280964
                        3.92129e-005
                        0.00283729
                        6.94806e-005
                        0.00464687
                        7.778e-005
                        0.00511417
                        5.50038e-005
                        0.00380446
                        4.43224e-005
                        0.00315661
                        1.09392e-006
                        1.75054e-007
                        8.73121e-007
                        1.39918e-007
                        1.31008e-006
                        2.0955e-007
                        1.49428e-006
                        2.39029e-007
                        4.401e-008
                        1.18768e-007
                        4.45435e-008
                        1.20123e-007
                        8.25316e-008
                        2.14939e-007
                        9.32588e-008
                        2.41286e-007
                        6.4119e-008
                        1.69333e-007
                        5.08123e-008
                        1.35983e-007
                        5.99319e-009
                        9.53686e-009
                        7.57949e-009
                        1.20459e-008
                        1.04943e-008
                        1.66725e-008
                        9.14771e-009
                        1.45324e-008
                        4.61898e-016
                        1.02764e-015
                        4.02149e-016
                        8.95202e-016
                        1.24106e-016
                        2.76862e-016
                        2.69375e-016
                        6.00335e-016
                        2.94982e-016
                        3.34785e-016
                        1.565e-016
                        1.77715e-016
                        5.39936e-016
                        3.11113e-016
                        4.70392e-016
                        2.70786e-016
                        1.45561e-016
                        8.33629e-017
                        3.15522e-016
                        1.81222e-016
                        1.77765e-016
                        2.05248e-016
                        9.46428e-017
                        1.085e-016
                        3.388e-014
                        7.33656e-014
                        2.94475e-014
                        6.38891e-014
                        2.43152e-014
                        5.28687e-014
                        3.02548e-014
                        6.56179e-014
                        3.42211e-014
                        7.40935e-014
                        5.11884e-014
                        4.10085e-014
                        6.47598e-014
                        5.17503e-014
                        8.97185e-014
                        7.15617e-014
                        7.81847e-014
                        6.23965e-014
                        7.07045e-014
                        5.92229e-014
                        7.15723e-014
                        5.99158e-014
                        1.33717e-013
                        1.08945e-013
                        1.51372e-013
                        1.22729e-013
                        1.03516e-013
                        8.52393e-014
                        8.17808e-014
                        6.80445e-014
                        1.27291e-013
                        1.60798e-013
                        2.15971e-013
                        2.22305e-013
                        3.00172e-013
                        1.93898e-013
                        2.61224e-013
                        1.99495
                        3.89208e-013
                        3.93792e-013
                        4.65211e-010
                        2.04104e-009
                        4.70901e-010
                        2.0654e-009
                        1.21851e-011
                        1.42259e-011
                        1.51591e-012
                        1.90471e-012
                        3.74992e-013
                        4.6729e-013
                        1.82665e-010
                        2.26091e-010
                        1.2647e-011
                        1.42988e-011
                        8.66366e-013
                        8.57621e-013
                        4.93715e-011
                        4.29451e-011
                        5.69497e-012
                        4.5347e-012
                        5.60921e-013
                        4.47526e-013
                        6.80151e-010
                        2.95512e-009
                        5.37812e-010
                        2.35109e-009
                        1.38198e-011
                        1.20456e-011
                        4.66293e-014
                        1.6317e-014
                        3.44123e-014
                        1.60029e-015
                        1.86652e-015
                        4.22523e-016
                        5.0616e-016
                        1.63418e-015
                        2.01721e-015
                        1.73716e-015
                        1.20421e-017
                        1.63619e-017
                        1.23251e-017
                        1.12843e-017
                        1.96983e-017
                        1.80349e-017
                        2.16772e-017
                        1.56632e-017
                        1.43406e-017
                        2.36069e-017
                        2.16135e-017
                        5.26857e-015
                        5.18889e-015
                        1.70867
                        1.70758
                        1.65029
                        1.63867
                        1.67406
                        1.69559
                        0.00323464
                        0.00391269
                        0.00507462
                        0.00454964
                        5.65968e-006
                        5.72569e-006
                        1.03416e-005
                        1.16207e-005
                        8.12306e-006
                        6.49839e-006
                        8.40158e-006
                        6.69011e-006
                        1.00797e-005
                        1.15112e-005
                        8.04016e-009
                        8.13571e-009
                        1.49226e-008
                        1.68369e-008
                        1.16357e-008
                        9.25757e-009
                        2.42214e-009
                        4.22739e-009
                        3.68795e-009
                        7.81854e-016
                        6.81589e-016
                        2.11775e-016
                        4.57943e-016
                        1.32158e-016
                        6.9893e-017
                        4.83478e-016
                        4.20771e-016
                        1.29422e-016
                        2.81516e-016
                        9.07385e-017
                        4.84922e-017
                        4.93787e-014
                        4.30283e-014
                        3.56338e-014
                        4.41873e-014
                        4.98661e-014
                        4.17411e-014
                        3.46e-014
                        3.50092e-014
                        6.40676e-014
                        7.22661e-014
                        4.9994e-014
                        3.98127e-014
                        7.00663e-014
                        8.82011e-014
                        1.21545e-013
                        1.06134e-013
                        6.80687e-012
                        4.81243e-013
                        2.68326e-013
                        3.54978e-011
                        5.85157e-012
                        8.06898e-013
                        9.93074e-010
                        4.26878e-009
                        2.45137e-011
                        2.28747e-012
                        3.61864e-013
                        1.76458e-010
                        7.76942e-012
                        6.72497e-012
                        4.70853e-014
                        3.37538e-014
                        4.17706e-014
                        1.25927e-014
                        4.40091e-016
                        7.48108e-016
                        4.27914e-015
                        1.32235e-015
                        3.32002e-015
                        9.88245e-016
                        2.45104e-015
                        2.62678e-015
                        4.49757e-015
                        3.52189e-015
                        1.05296e-017
                        1.13229e-017
                        1.03667e-017
                        1.13206e-017
                        1.03646e-017
                        1.09843e-017
                        1.59075e-017
                        1.73746e-017
                        1.13481e-017
                        4.33061e-016
                        1.99708
                        1.99991
                        1.99659
                        1.99989
                        0.398635
                        0.468726
                        0.41117
                        0.397488
                        5.68276e-005
                        6.77774e-005
                        7.48475e-007
                        1.50837e-006
                        7.39937e-007
                        8.48357e-007
                        6.6416e-008
                        8.03449e-008
                        5.10588e-009
                        1.05976e-008
                        5.8164e-009
                        5.04533e-009
                        1.0408e-016
                        2.32222e-016
                        6.01063e-016
                        4.03635e-016
                        6.89616e-016
                        1.22099e-016
                        3.60334e-016
                        2.42725e-016
                        4.12938e-016
                        1.85867e-014
                        4.05023e-014
                        1.60963e-014
                        3.51029e-014
                        1.9159e-014
                        4.36006e-014
                        9.0604e-014
                        4.96764e-014
                        4.3083e-014
                        1.07276e-013
                        1.30124e-013
                        1.08531e-013
                        2.24485e-013
                        3.03165e-013
                        1.23554e-013
                        1.07251e-013
                        3.13957e-012
                        4.60878e-013
                        5.54496e-010
                        1.78608e-011
                        2.34734e-012
                        5.28897e-013
                        2.54894e-010
                        1.41568e-011
                        7.44069e-013
                        2.08506e-013
                        3.42714e-011
                        3.58572e-012
                        3.10162e-012
                        1.05425e-014
                        2.05111e-016
                        5.0445e-015
                        4.96512e-015
                        1.56685e-015
                        1.31528e-017
                        1.05498e-017
                        1.19974e-017
                        2.36764e-017
                        1.83363e-016
                        1.23679e-016
                        2.10106e-016
                        3.55266e-014
                        1.04037e-014
                        1.72373e-016
                        1.14207e-017
                        1.04563e-017
                        4.24472e-017
                        1.08185e-017
                        1.13474e-017
                        6.95587e-016
                        1.06497e-015
                        1.9976
                        1.99993
                        1.99618
                        1.99988
                        0.457216
                        0.4333
                        4.5587e-005
                        7.70705e-005
                        1.34379e-006
                        1.05802e-006
                        5.2374e-008
                        9.23372e-008
                        9.39348e-009
                        7.32039e-009
                        1.96579e-016
                        4.38335e-016
                        1.86519e-016
                        2.30414e-016
                        1.12699e-016
                        1.62914e-014
                        2.34705e-014
                        5.10498e-014
                        8.02894e-014
                        6.25426e-014
                        8.43271e-014
                        1.49854e-013
                        1.99083e-013
                        1.55328e-013
                        1.21821e-014
                        3.2276e-016
                        1.15008e-017
                        1.15229e-017
                        1.18163e-017
                        5.76924e-017
                        6.52782e-016
                    </float_array>
                    <technique_common>
                        <accessor count="550" source="#Geometry-mesh016-__item_locator038-array" stride="1">
                            <param name="WEIGHT" type="float" />
                        </accessor>
                    </technique_common>
                </source>
                <source id="Geometry-mesh016-__item_locator042" name="__item_locator042">
                    <float_array id="Geometry-mesh016-__item_locator042-array" count="575">
                        0.00574264
                        0.00574266
                        0.00574263
                        0.00574265
                        0.00574264
                        0.00574261
                        0.00574262
                        0.00574268
                        1.93235e-014
                        2.48404e-014
                        9.19992e-017
                        3.12375e-014
                        3.55269e-014
                        3.51579e-014
                        3.03652e-014
                        2.39341e-014
                        1.87138e-014
                        1.60681e-014
                        1.62749e-014
                        1.88523e-017
                        1.71559e-017
                        1.9081e-017
                        1.7437e-017
                        1.63054e-017
                        1.63801e-017
                        1.61681e-017
                        1.6175e-017
                        2.34274e-017
                        3.75194e-017
                        1.79771e-017
                        1.71175e-017
                        4.86928e-017
                        1.84449e-017
                        4.03562e-017
                        2.52898e-017
                        1.62985e-017
                        1.63004e-017
                        1.69069e-017
                        1.96893e-017
                        1.69222e-017
                        2.41671e-017
                        1.97373e-017
                        2.42038e-017
                        1.04978e-015
                        1.49155e-015
                        7.63869e-016
                        6.37638e-016
                        1.99594e-015
                        6.53541e-016
                        2.3651e-015
                        8.14562e-016
                        2.40811e-015
                        1.13869e-015
                        2.10071e-015
                        1.60738e-015
                        4.82643e-016
                        3.49189e-016
                        5.82453e-016
                        5.94208e-016
                        2.36163e-016
                        5.10799e-016
                        1.65812e-016
                        3.7948e-016
                        1.35743e-016
                        2.58543e-016
                        1.3949e-016
                        1.78079e-016
                        0.00501394
                        0.00233071
                        0.00501394
                        0.00233072
                        0.00501393
                        0.00233071
                        0.00442508
                        0.00501392
                        0.00442507
                        0.00501392
                        9.37598e-013
                        3.21744e-012
                        9.49138e-013
                        3.2549e-012
                        2.84817e-013
                        5.16271e-013
                        3.34867e-013
                        6.08157e-013
                        1.00453e-010
                        6.58182e-010
                        1.18007e-010
                        7.71626e-010
                        1.01588e-011
                        2.45959e-011
                        1.29105e-011
                        3.12199e-011
                        1.26515e-012
                        1.42465e-012
                        1.56206e-012
                        1.77776e-012
                        5.21879e-009
                        3.69127e-008
                        6.49525e-009
                        4.5632e-008
                        7.75935e-011
                        1.85789e-010
                        8.72664e-011
                        2.09975e-010
                        6.62244e-012
                        1.81885e-011
                        6.55944e-012
                        1.80069e-011
                        1.07988e-012
                        1.74185e-012
                        9.37895e-013
                        1.52189e-012
                        1.34532e-009
                        7.2731e-009
                        1.17394e-009
                        6.3219e-009
                        3.77962e-011
                        7.56176e-011
                        3.0136e-011
                        6.09045e-011
                        1.3745e-012
                        4.61888e-012
                        1.08494e-012
                        3.69379e-012
                        3.24887e-013
                        5.89816e-013
                        2.81406e-013
                        5.10018e-013
                        1.14505e-010
                        7.49035e-010
                        9.9257e-011
                        6.50436e-010
                        0.00737283
                        0.00737282
                        0.00737285
                        0.00737283
                        0.00737283
                        0.00233071
                        0.00501391
                        6.94232e-014
                        5.56406e-014
                        3.42268e-014
                        2.67983e-014
                        3.97722e-014
                        3.52357e-014
                        4.01993e-014
                        3.8899e-014
                        4.09806e-014
                        4.56129e-014
                        4.81266e-014
                        4.42759e-014
                        4.67027e-014
                        3.84405e-014
                        4.04931e-014
                        3.11077e-015
                        8.51519e-016
                        4.14705e-015
                        1.19029e-015
                        5.96444e-015
                        5.58915e-015
                        7.46877e-015
                        7.0595e-015
                        3.3843e-015
                        4.47109e-015
                        2.34752e-017
                        2.28006e-017
                        1.99419e-017
                        1.81646e-017
                        2.50315e-017
                        8.14843e-017
                        6.09007e-017
                        8.9456e-017
                        5.95226e-017
                        5.42181e-017
                        1.62808e-017
                        1.62819e-017
                        2.47935e-017
                        2.25838e-017
                        1.86365e-017
                        1.69755e-017
                        2.19561e-015
                        2.5168e-015
                        2.82013e-015
                        0.00207504
                        6.0936e-005
                        0.002096
                        6.16318e-005
                        0.00348257
                        0.000109949
                        0.00384506
                        0.000123245
                        0.00283353
                        8.68004e-005
                        0.00233854
                        6.97649e-005
                        1.58571
                        0.307176
                        1.56307
                        0.329216
                        1.53183
                        0.360363
                        1.54498
                        0.347145
                        1.02894
                        1.98025
                        1.02885
                        1.98008
                        1.02466
                        1.96932
                        1.0239
                        1.96665
                        1.0263
                        1.97422
                        1.0279
                        1.97812
                        0.000601732
                        2.228e-005
                        0.000492637
                        1.79958e-005
                        0.000705409
                        2.64356e-005
                        0.000791675
                        2.99522e-005
                        2.2446e-006
                        1.53875e-005
                        2.27125e-006
                        1.55554e-005
                        4.15011e-006
                        2.70808e-005
                        4.67539e-006
                        3.02204e-005
                        3.24348e-006
                        2.15863e-005
                        2.58367e-006
                        1.75123e-005
                        1.02371e-007
                        2.57441e-007
                        1.29217e-007
                        3.24176e-007
                        1.78394e-007
                        4.46639e-007
                        1.55697e-007
                        3.90078e-007
                        7.81033e-016
                        1.7535e-015
                        6.80003e-016
                        1.52753e-015
                        2.09858e-016
                        4.72433e-016
                        4.55497e-016
                        1.02439e-015
                        4.90262e-016
                        5.61158e-016
                        2.60107e-016
                        2.97884e-016
                        8.82971e-016
                        5.12833e-016
                        7.69246e-016
                        4.46359e-016
                        2.38044e-016
                        1.37417e-016
                        5.15986e-016
                        2.98726e-016
                        2.86331e-016
                        3.33076e-016
                        1.52445e-016
                        1.76074e-016
                        5.86991e-014
                        1.28938e-013
                        5.102e-014
                        1.12284e-013
                        4.21284e-014
                        9.29173e-014
                        5.24187e-014
                        1.15322e-013
                        5.92902e-014
                        1.30217e-013
                        9.14188e-014
                        7.4491e-014
                        1.15654e-013
                        9.40017e-014
                        1.60224e-013
                        1.29985e-013
                        1.39628e-013
                        1.13338e-013
                        1.30766e-013
                        1.11644e-013
                        1.32371e-013
                        1.1295e-013
                        2.47294e-013
                        2.05366e-013
                        2.7994e-013
                        2.31345e-013
                        1.91443e-013
                        1.60683e-013
                        1.51249e-013
                        1.28272e-013
                        2.44885e-013
                        3.09341e-013
                        4.24583e-013
                        4.27651e-013
                        5.90095e-013
                        3.73009e-013
                        5.13536e-013
                        0.00501388
                        0.00442508
                        8.48424e-013
                        8.58415e-013
                        3.44879e-009
                        2.46824e-008
                        3.49087e-009
                        2.49754e-008
                        4.29874e-011
                        5.01819e-011
                        3.80279e-012
                        4.7778e-012
                        7.73423e-013
                        9.6376e-013
                        9.74102e-010
                        1.20523e-009
                        3.88291e-011
                        4.38975e-011
                        2.01395e-012
                        1.99363e-012
                        2.07895e-010
                        1.80863e-010
                        1.56467e-011
                        1.24599e-011
                        1.22266e-012
                        9.75528e-013
                        5.03706e-009
                        3.56652e-008
                        3.9855e-009
                        2.84109e-008
                        4.87503e-011
                        4.24955e-011
                        7.95652e-014
                        2.78439e-014
                        5.8819e-014
                        2.52462e-015
                        2.9446e-015
                        6.66587e-016
                        7.98532e-016
                        2.57807e-015
                        3.20875e-015
                        2.76328e-015
                        1.8871e-017
                        2.57721e-017
                        1.94137e-017
                        1.76835e-017
                        3.10272e-017
                        2.8262e-017
                        3.39696e-017
                        2.46716e-017
                        2.24728e-017
                        3.71837e-017
                        3.38699e-017
                        8.38044e-015
                        8.2537e-015
                        0.291315
                        0.292405
                        0.34969
                        0.36131
                        0.325925
                        0.304398
                        1.97764
                        1.97359
                        1.96688
                        1.96987
                        0.0418343
                        0.0421451
                        0.0607816
                        0.0651597
                        0.0524796
                        0.0456673
                        0.0535789
                        0.0465104
                        0.0598515
                        0.0647949
                        2.17502e-007
                        2.20055e-007
                        4.00403e-007
                        4.5098e-007
                        3.13282e-007
                        2.49996e-007
                        2.92648e-008
                        5.09117e-008
                        4.44522e-008
                        1.3105e-015
                        1.14245e-015
                        3.54973e-016
                        7.67586e-016
                        2.17851e-016
                        1.15213e-016
                        7.84577e-016
                        6.82819e-016
                        2.10028e-016
                        4.56842e-016
                        1.45101e-016
                        7.7545e-017
                        8.43986e-014
                        7.3545e-014
                        6.09068e-014
                        7.55259e-014
                        8.52317e-014
                        7.33614e-014
                        6.2851e-014
                        6.35942e-014
                        1.16374e-013
                        1.31264e-013
                        9.08118e-014
                        7.23191e-014
                        1.32083e-013
                        1.66266e-013
                        2.29114e-013
                        2.00066e-013
                        0.00233071
                        0.00442507
                        2.09049e-011
                        1.11883e-012
                        5.27498e-013
                        1.4953e-010
                        1.60767e-011
                        1.75872e-012
                        7.34624e-009
                        5.1407e-008
                        8.64366e-011
                        5.73762e-012
                        7.46349e-013
                        9.41056e-010
                        2.38596e-011
                        2.06535e-011
                        8.03432e-014
                        5.75964e-014
                        7.12751e-014
                        2.14888e-014
                        7.65466e-016
                        1.30119e-015
                        6.7506e-015
                        2.08614e-015
                        5.23757e-015
                        1.55907e-015
                        3.86671e-015
                        4.17835e-015
                        7.15408e-015
                        5.60215e-015
                        1.65008e-017
                        1.78352e-017
                        1.62456e-017
                        1.78317e-017
                        1.62424e-017
                        1.72134e-017
                        2.49282e-017
                        2.73673e-017
                        1.7875e-017
                        6.8321e-016
                        0.00291659
                        8.97131e-005
                        0.00340736
                        0.000107222
                        1.60116
                        1.53089
                        1.5886
                        1.60231
                        1.02607
                        1.02483
                        0.000429366
                        0.000798202
                        0.000424982
                        0.000480172
                        3.35697e-006
                        4.04278e-006
                        8.73232e-008
                        1.80135e-007
                        9.93743e-008
                        8.62957e-008
                        1.75995e-016
                        3.96262e-016
                        9.98956e-016
                        6.70838e-016
                        1.14613e-015
                        1.99676e-016
                        5.80394e-016
                        3.90963e-016
                        6.65123e-016
                        3.22037e-014
                        7.11843e-014
                        2.7889e-014
                        6.16951e-014
                        3.31953e-014
                        7.78684e-014
                        1.61806e-013
                        8.87186e-014
                        7.6944e-014
                        1.98397e-013
                        2.40648e-013
                        2.08798e-013
                        4.31844e-013
                        5.95978e-013
                        2.37697e-013
                        2.06335e-013
                        8.62761e-012
                        1.00463e-012
                        4.1088e-009
                        6.29936e-011
                        5.88776e-012
                        1.0908e-012
                        1.35847e-009
                        4.3462e-011
                        1.72972e-012
                        4.09911e-013
                        1.44369e-010
                        9.8532e-012
                        8.52338e-012
                        0.00737283
                        0.00233071
                        1.79903e-014
                        3.56762e-016
                        7.95796e-015
                        7.83275e-015
                        2.47186e-015
                        2.07175e-017
                        1.65326e-017
                        1.88977e-017
                        3.72932e-017
                        2.93215e-016
                        1.97775e-016
                        3.35978e-016
                        6.24398e-014
                        1.77535e-014
                        2.9982e-016
                        1.79894e-017
                        1.6386e-017
                        6.6859e-017
                        1.69535e-017
                        1.78738e-017
                        1.09737e-015
                        1.68011e-015
                        0.00239795
                        7.17795e-005
                        0.00381432
                        0.000122108
                        1.54244
                        1.56642
                        1.02769
                        1.02396
                        0.000721331
                        0.000584227
                        2.66133e-006
                        4.63034e-006
                        1.59843e-007
                        1.24836e-007
                        3.32404e-016
                        7.47964e-016
                        3.09998e-016
                        3.76807e-016
                        1.81528e-016
                        2.82271e-014
                        4.0665e-014
                        8.97207e-014
                        1.43386e-013
                        1.11695e-013
                        1.55958e-013
                        2.77133e-013
                        3.82984e-013
                        2.98817e-013
                        2.07881e-014
                        5.61391e-016
                        1.81154e-017
                        1.81503e-017
                        1.86124e-017
                        9.2257e-017
                        0.00442506
                        1.13539e-015
                    </float_array>
                    <technique_common>
                        <accessor count="575" source="#Geometry-mesh016-__item_locator042-array" stride="1">
                            <param name="WEIGHT" type="float" />
                        </accessor>
                    </technique_common>
                </source>
                <source id="Geometry-mesh016-__item_locator046" name="__item_locator046">
                    <float_array id="Geometry-mesh016-__item_locator046-array" count="574">
                        1.73625e-005
                        1.73626e-005
                        1.73625e-005
                        1.73625e-005
                        1.73625e-005
                        1.73624e-005
                        1.73625e-005
                        1.73627e-005
                        3.47544e-014
                        4.46762e-014
                        1.67744e-016
                        5.61808e-014
                        6.38948e-014
                        6.32312e-014
                        5.46121e-014
                        4.30463e-014
                        3.36578e-014
                        2.88998e-014
                        2.92716e-014
                        3.03329e-017
                        2.76034e-017
                        3.07009e-017
                        2.80558e-017
                        2.62352e-017
                        2.63553e-017
                        2.60144e-017
                        2.60255e-017
                        3.76938e-017
                        6.03669e-017
                        2.89247e-017
                        2.75416e-017
                        7.83442e-017
                        2.96774e-017
                        6.49311e-017
                        4.06903e-017
                        2.62241e-017
                        2.62271e-017
                        2.72029e-017
                        3.16794e-017
                        2.72274e-017
                        3.88841e-017
                        3.17568e-017
                        3.8943e-017
                        1.69773e-015
                        2.41215e-015
                        1.23535e-015
                        1.03121e-015
                        3.22784e-015
                        1.05693e-015
                        3.82482e-015
                        1.31733e-015
                        3.89438e-015
                        1.8415e-015
                        3.39726e-015
                        2.59947e-015
                        7.95363e-016
                        5.75443e-016
                        9.5984e-016
                        9.7921e-016
                        3.89186e-016
                        8.41762e-016
                        2.73252e-016
                        6.25361e-016
                        2.23701e-016
                        4.26066e-016
                        2.29876e-016
                        2.93468e-016
                        3.61306e-005
                        1.4597e-005
                        3.61306e-005
                        1.45971e-005
                        3.61305e-005
                        1.4597e-005
                        3.50272e-005
                        3.61304e-005
                        3.50272e-005
                        3.61304e-005
                        2.40788e-012
                        9.096e-012
                        2.4375e-012
                        9.20187e-012
                        5.96005e-013
                        1.14441e-012
                        7.00726e-013
                        1.34805e-012
                        5.80252e-010
                        5.47123e-009
                        6.81456e-010
                        6.41099e-009
                        3.23094e-011
                        9.07013e-011
                        4.1056e-011
                        1.15108e-010
                        2.99958e-012
                        3.65826e-012
                        3.70335e-012
                        4.56469e-012
                        7.53356e-008
                        1.36795e-006
                        9.36164e-008
                        1.68437e-006
                        3.463e-010
                        1.07194e-009
                        3.89409e-010
                        1.21118e-009
                        1.87167e-011
                        5.78287e-011
                        1.85387e-011
                        5.72519e-011
                        2.39343e-012
                        4.12947e-012
                        2.0788e-012
                        3.60812e-012
                        1.11556e-008
                        1.0474e-007
                        9.73941e-009
                        9.11359e-008
                        1.39333e-010
                        3.37493e-010
                        1.11114e-010
                        2.71901e-010
                        3.52952e-012
                        1.30561e-011
                        2.78616e-012
                        1.04421e-011
                        6.79844e-013
                        1.3074e-012
                        5.88868e-013
                        1.13055e-012
                        6.61268e-010
                        6.2239e-009
                        5.73358e-010
                        5.40704e-009
                        2.7897e-005
                        2.7897e-005
                        2.78971e-005
                        2.7897e-005
                        2.7897e-005
                        1.4597e-005
                        3.61304e-005
                        1.23078e-013
                        9.86452e-014
                        6.06825e-014
                        4.75128e-014
                        7.05135e-014
                        6.24711e-014
                        7.12708e-014
                        6.89655e-014
                        7.27968e-014
                        8.08681e-014
                        8.549e-014
                        7.84978e-014
                        8.29607e-014
                        6.81528e-014
                        7.19309e-014
                        5.04461e-015
                        1.38091e-015
                        6.72505e-015
                        1.93028e-015
                        9.76256e-015
                        9.06356e-015
                        1.22248e-014
                        1.14478e-014
                        5.5395e-015
                        7.31832e-015
                        3.7784e-017
                        3.66983e-017
                        3.22827e-017
                        2.92366e-017
                        4.05217e-017
                        1.31149e-016
                        9.80204e-017
                        1.44811e-016
                        9.63556e-017
                        8.72648e-017
                        2.62049e-017
                        2.62066e-017
                        4.01363e-017
                        3.63493e-017
                        3.01696e-017
                        2.73229e-017
                        3.56056e-015
                        4.08141e-015
                        4.61608e-015
                        1.61312e-006
                        2.92532e-007
                        1.63241e-006
                        2.96072e-007
                        2.99898e-006
                        5.4817e-007
                        3.38293e-006
                        6.19413e-007
                        2.33815e-006
                        4.25949e-007
                        1.85884e-006
                        3.37659e-007
                        0.000234151
                        1.39592e-005
                        0.00028613
                        1.73221e-005
                        0.000377109
                        2.33417e-005
                        0.000335713
                        2.05833e-005
                        0.971001
                        0.0169387
                        0.971088
                        0.0170823
                        0.975227
                        0.0260306
                        0.975975
                        0.0282231
                        0.973608
                        0.0219651
                        0.972025
                        0.0187233
                        1.78975
                        0.609759
                        1.80828
                        0.590393
                        1.77425
                        0.624877
                        1.76259
                        0.635688
                        0.00445401
                        0.575869
                        0.00449663
                        0.576884
                        0.00725913
                        0.626979
                        0.00796529
                        0.636452
                        0.00597913
                        0.606924
                        0.00498779
                        0.587887
                        8.26656e-006
                        6.80898e-005
                        1.03557e-005
                        8.43353e-005
                        1.41366e-005
                        0.000113383
                        1.23983e-005
                        0.000100077
                        1.37034e-015
                        3.10876e-015
                        1.19308e-015
                        2.70814e-015
                        3.68211e-016
                        8.37597e-016
                        7.99189e-016
                        1.81615e-015
                        8.43382e-016
                        9.74743e-016
                        4.47459e-016
                        5.17437e-016
                        1.49124e-015
                        8.7398e-016
                        1.29917e-015
                        7.60697e-016
                        4.02039e-016
                        2.34194e-016
                        8.7145e-016
                        5.091e-016
                        4.75348e-016
                        5.57642e-016
                        2.53081e-016
                        2.9479e-016
                        1.05908e-013
                        2.36503e-013
                        9.20536e-014
                        2.05959e-013
                        7.60119e-014
                        1.70437e-013
                        9.45769e-014
                        2.11531e-013
                        1.06974e-013
                        2.38849e-013
                        1.70838e-013
                        1.41983e-013
                        2.16124e-013
                        1.79167e-013
                        2.99403e-013
                        2.47743e-013
                        2.60919e-013
                        2.16019e-013
                        2.54552e-013
                        2.22268e-013
                        2.57676e-013
                        2.24868e-013
                        4.81358e-013
                        4.08829e-013
                        5.44897e-013
                        4.60539e-013
                        3.72655e-013
                        3.19886e-013
                        2.94422e-013
                        2.5537e-013
                        4.99391e-013
                        6.30815e-013
                        8.88432e-013
                        8.72038e-013
                        1.2347e-012
                        7.60631e-013
                        1.07453e-012
                        3.61301e-005
                        2.01173e-012
                        2.03542e-012
                        4.99202e-008
                        9.21081e-007
                        5.05254e-008
                        9.31835e-007
                        1.91991e-010
                        2.24083e-010
                        1.07501e-011
                        1.35052e-011
                        1.71432e-012
                        2.13612e-012
                        8.08688e-009
                        9.99806e-009
                        1.43137e-010
                        1.61805e-010
                        5.17095e-012
                        5.11878e-012
                        1.19921e-009
                        1.04358e-009
                        4.97516e-011
                        3.96238e-011
                        2.89887e-012
                        2.31304e-012
                        7.273e-008
                        1.32254e-006
                        5.76361e-008
                        1.05773e-006
                        2.17698e-010
                        1.89796e-010
                        1.41058e-013
                        4.93665e-014
                        1.04482e-013
                        4.09409e-015
                        4.77515e-015
                        1.08101e-015
                        1.29499e-015
                        4.18077e-015
                        5.25217e-015
                        4.52303e-015
                        3.03737e-017
                        4.17205e-017
                        3.14277e-017
                        2.84623e-017
                        5.02275e-017
                        4.54885e-017
                        5.46749e-017
                        3.99391e-017
                        3.61707e-017
                        6.01936e-017
                        5.45143e-017
                        1.37169e-014
                        1.35095e-014
                        1.19119e-005
                        1.20436e-005
                        2.10894e-005
                        2.3552e-005
                        1.67777e-005
                        1.35797e-005
                        0.0191197
                        0.0224963
                        0.0280391
                        0.0255691
                        1.95683
                        1.95651
                        1.93697
                        1.93236
                        1.94569
                        1.95283
                        1.94454
                        1.95195
                        1.93795
                        1.93274
                        5.81939e-005
                        5.88308e-005
                        0.000102519
                        0.000114397
                        8.17058e-005
                        6.62559e-005
                        1.08897e-006
                        1.87524e-006
                        1.64165e-006
                        2.27632e-015
                        1.98442e-015
                        6.16602e-016
                        1.3333e-015
                        3.71272e-016
                        1.96354e-016
                        1.31353e-015
                        1.14318e-015
                        3.51636e-016
                        7.6485e-016
                        2.38924e-016
                        1.27687e-016
                        1.49916e-013
                        1.30638e-013
                        1.0819e-013
                        1.34157e-013
                        1.51396e-013
                        1.34569e-013
                        1.19798e-013
                        1.21215e-013
                        2.21803e-013
                        2.50181e-013
                        1.73088e-013
                        1.37843e-013
                        2.62956e-013
                        3.30999e-013
                        4.56099e-013
                        3.9828e-013
                        1.4597e-005
                        3.50272e-005
                        7.70994e-011
                        2.87318e-012
                        1.10374e-012
                        8.6311e-010
                        5.11184e-011
                        4.16945e-012
                        1.05785e-007
                        1.89312e-006
                        3.85711e-010
                        1.6217e-011
                        1.65432e-012
                        7.81347e-009
                        8.79882e-011
                        7.61728e-011
                        1.42437e-013
                        1.02112e-013
                        1.26361e-013
                        3.80996e-014
                        1.38734e-015
                        2.35826e-015
                        1.09469e-014
                        3.38305e-015
                        8.49343e-015
                        2.52832e-015
                        6.27046e-015
                        6.83918e-015
                        1.17097e-014
                        9.16958e-015
                        2.65589e-017
                        2.88727e-017
                        2.61483e-017
                        2.8867e-017
                        2.61432e-017
                        2.77057e-017
                        4.01227e-017
                        4.43028e-017
                        2.89371e-017
                        1.10797e-015
                        2.42073e-006
                        4.41193e-007
                        2.92062e-006
                        5.33651e-007
                        0.000204091
                        0.000380246
                        0.000228224
                        0.00020201
                        0.97384
                        0.97506
                        1.82037
                        1.76175
                        1.82125
                        1.81057
                        0.00614413
                        0.00711187
                        7.08623e-006
                        1.42695e-005
                        8.03211e-006
                        7.00535e-006
                        3.08797e-016
                        7.02553e-016
                        1.71845e-015
                        1.15402e-015
                        1.97161e-015
                        3.37239e-016
                        9.63518e-016
                        6.49047e-016
                        1.10418e-015
                        5.81059e-014
                        1.30575e-013
                        5.03212e-014
                        1.1317e-013
                        5.98949e-014
                        1.45518e-013
                        3.02357e-013
                        1.65792e-013
                        1.4379e-013
                        3.86189e-013
                        4.68423e-013
                        4.25807e-013
                        8.80587e-013
                        1.24701e-012
                        4.84735e-013
                        4.20785e-013
                        2.74418e-011
                        2.38203e-012
                        5.94075e-008
                        2.81216e-010
                        1.66412e-011
                        2.41764e-012
                        1.12642e-008
                        1.60201e-010
                        4.44138e-012
                        8.57734e-013
                        8.33377e-010
                        3.1338e-011
                        2.71105e-011
                        2.7897e-005
                        1.4597e-005
                        3.1897e-014
                        6.46612e-016
                        1.29048e-014
                        1.27017e-014
                        4.00853e-015
                        3.35382e-017
                        2.661e-017
                        3.05923e-017
                        6.03709e-017
                        4.82806e-016
                        3.25656e-016
                        5.53217e-016
                        1.14536e-013
                        3.14772e-014
                        5.4341e-016
                        2.91221e-017
                        2.63742e-017
                        1.08232e-016
                        2.72875e-017
                        2.89351e-017
                        1.77961e-015
                        2.72461e-015
                        1.91518e-006
                        3.4802e-007
                        3.34997e-006
                        6.13291e-007
                        0.000343344
                        0.000277777
                        0.972236
                        0.975915
                        1.77202
                        1.79255
                        0.00510755
                        0.00790563
                        1.27166e-005
                        1.00161e-005
                        5.83222e-016
                        1.32608e-015
                        5.33284e-016
                        6.36393e-016
                        3.01363e-016
                        5.09313e-014
                        7.33717e-014
                        1.64574e-013
                        2.67941e-013
                        2.08725e-013
                        3.03587e-013
                        5.39433e-013
                        7.80968e-013
                        6.09358e-013
                        3.68574e-014
                        1.01748e-015
                        2.9326e-017
                        2.93825e-017
                        3.01305e-017
                        1.51912e-016
                        3.50271e-005
                        2.05777e-015
                    </float_array>
                    <technique_common>
                        <accessor count="574" source="#Geometry-mesh016-__item_locator046-array" stride="1">
                            <param name="WEIGHT" type="float" />
                        </accessor>
                    </technique_common>
                </source>
                <source id="Geometry-mesh016-__item_locator050" name="__item_locator050">
                    <float_array id="Geometry-mesh016-__item_locator050-array" count="575">
                        5.53956e-007
                        5.53959e-007
                        5.53955e-007
                        5.53957e-007
                        5.53956e-007
                        5.53952e-007
                        5.53954e-007
                        5.53961e-007
                        6.54819e-014
                        8.41744e-014
                        3.2114e-016
                        1.05848e-013
                        1.2038e-013
                        1.1913e-013
                        1.02893e-013
                        8.11037e-014
                        6.3416e-014
                        5.44517e-014
                        5.51522e-014
                        5.02946e-017
                        4.57691e-017
                        5.09047e-017
                        4.65191e-017
                        4.35007e-017
                        4.36998e-017
                        4.31348e-017
                        4.31531e-017
                        6.24994e-017
                        1.00092e-016
                        4.79598e-017
                        4.56666e-017
                        1.29899e-016
                        4.92078e-017
                        1.0766e-016
                        6.74677e-017
                        4.34823e-017
                        4.34874e-017
                        4.51051e-017
                        5.25272e-017
                        4.51457e-017
                        6.44728e-017
                        5.26555e-017
                        6.45705e-017
                        2.83131e-015
                        4.02271e-015
                        2.06021e-015
                        1.71977e-015
                        5.38298e-015
                        1.76266e-015
                        6.37852e-015
                        2.19693e-015
                        6.49452e-015
                        3.07107e-015
                        5.66551e-015
                        4.33509e-015
                        1.35505e-015
                        9.80383e-016
                        1.63526e-015
                        1.66826e-015
                        6.63062e-016
                        1.4341e-015
                        4.65547e-016
                        1.06543e-015
                        3.81127e-016
                        7.25895e-016
                        3.91647e-016
                        4.99989e-016
                        1.56666e-006
                        6.1381e-007
                        1.56666e-006
                        6.13814e-007
                        1.56666e-006
                        6.13811e-007
                        1.57998e-006
                        1.56665e-006
                        1.57998e-006
                        1.56665e-006
                        7.01459e-012
                        3.00317e-011
                        7.10086e-012
                        3.0381e-011
                        1.34445e-012
                        2.77003e-012
                        1.58063e-012
                        3.26283e-012
                        5.4843e-009
                        9.74643e-008
                        6.43691e-009
                        1.14056e-007
                        1.24961e-010
                        4.3135e-010
                        1.58757e-010
                        5.4725e-010
                        7.89453e-012
                        1.06554e-011
                        9.74606e-012
                        1.32942e-011
                        4.11592e-006
                        0.000915468
                        5.08676e-006
                        0.00109702
                        2.1796e-009
                        1.01066e-008
                        2.45021e-009
                        1.14133e-008
                        6.1768e-011
                        2.23545e-010
                        6.1181e-011
                        2.21318e-010
                        5.79225e-012
                        1.08671e-011
                        5.03101e-012
                        9.49553e-012
                        1.97471e-007
                        5.6744e-006
                        1.72627e-007
                        4.95541e-006
                        6.62248e-010
                        2.1243e-009
                        5.28288e-010
                        1.71232e-009
                        1.02806e-011
                        4.30974e-011
                        8.11614e-012
                        3.44734e-011
                        1.53354e-012
                        3.16446e-012
                        1.32835e-012
                        2.73649e-012
                        6.24695e-009
                        1.10755e-007
                        5.41938e-009
                        9.633e-008
                        9.4975e-007
                        9.4975e-007
                        9.49755e-007
                        9.49751e-007
                        9.49751e-007
                        6.13811e-007
                        1.56665e-006
                        2.2805e-013
                        1.82781e-013
                        1.12444e-013
                        8.80421e-014
                        1.30659e-013
                        1.15758e-013
                        1.32062e-013
                        1.27791e-013
                        1.35193e-013
                        1.49844e-013
                        1.58764e-013
                        1.45453e-013
                        1.54068e-013
                        1.26285e-013
                        1.33585e-013
                        8.43905e-015
                        2.31019e-015
                        1.12501e-014
                        3.22923e-015
                        1.65046e-014
                        1.5162e-014
                        2.0667e-014
                        1.91504e-014
                        9.36527e-015
                        1.23725e-014
                        6.26739e-017
                        6.0873e-017
                        5.3899e-017
                        4.84964e-017
                        6.76543e-017
                        2.17539e-016
                        1.62588e-016
                        2.41769e-016
                        1.60871e-016
                        1.44748e-016
                        4.34679e-017
                        4.34708e-017
                        6.70109e-017
                        6.02941e-017
                        5.03711e-017
                        4.53221e-017
                        5.95647e-015
                        6.82777e-015
                        7.80414e-015
                        3.59116e-008
                        1.18316e-008
                        3.63494e-008
                        1.19763e-008
                        6.7622e-008
                        2.23378e-008
                        7.64876e-008
                        2.52813e-008
                        5.2439e-008
                        1.73027e-008
                        4.14956e-008
                        1.36788e-008
                        5.68548e-007
                        1.31387e-007
                        7.09758e-007
                        1.64548e-007
                        9.6546e-007
                        2.24785e-007
                        8.47847e-007
                        1.97053e-007
                        2.34056e-005
                        3.93253e-006
                        2.36723e-005
                        3.97889e-006
                        4.22086e-005
                        7.23779e-006
                        4.73141e-005
                        8.1458e-006
                        3.33249e-005
                        5.66761e-006
                        2.67908e-005
                        4.52217e-006
                        0.209633
                        1.39004
                        0.191219
                        1.40944
                        0.225021
                        1.37488
                        0.236598
                        1.36404
                        1.98536
                        1.42399
                        1.98523
                        1.42297
                        1.97669
                        1.37277
                        1.97454
                        1.36327
                        1.98062
                        1.39288
                        1.98369
                        1.41195
                        0.0790783
                        1.12694
                        0.0896614
                        1.11978
                        0.106027
                        1.11044
                        0.0988745
                        1.1143
                        2.50868e-015
                        5.76031e-015
                        2.18419e-015
                        5.01801e-015
                        6.74111e-016
                        1.55207e-015
                        1.4631e-015
                        3.36525e-015
                        1.50926e-015
                        1.76392e-015
                        8.00753e-016
                        9.36382e-016
                        2.6128e-015
                        1.54725e-015
                        2.27629e-015
                        1.3467e-015
                        7.04434e-016
                        4.14619e-016
                        1.52689e-015
                        9.01298e-016
                        8.16676e-016
                        9.67347e-016
                        4.34814e-016
                        5.11382e-016
                        2.00278e-013
                        4.55941e-013
                        1.74081e-013
                        3.97062e-013
                        1.43748e-013
                        3.28587e-013
                        1.78853e-013
                        4.07803e-013
                        2.02294e-013
                        4.60463e-013
                        3.36633e-013
                        2.86375e-013
                        4.25857e-013
                        3.61364e-013
                        5.8993e-013
                        4.99655e-013
                        5.14111e-013
                        4.3568e-013
                        5.26422e-013
                        4.72156e-013
                        5.32882e-013
                        4.77678e-013
                        9.9538e-013
                        8.68379e-013
                        1.12675e-012
                        9.78196e-013
                        7.70626e-013
                        6.79486e-013
                        6.08863e-013
                        5.42461e-013
                        1.09189e-012
                        1.37919e-012
                        2.00395e-012
                        1.90649e-012
                        2.78482e-012
                        1.66296e-012
                        2.42364e-012
                        1.56664e-006
                        1.57998e-006
                        5.29529e-012
                        5.35761e-012
                        2.75366e-006
                        0.000646769
                        2.7863e-006
                        0.000653439
                        1.21001e-009
                        1.4118e-009
                        3.54897e-011
                        4.45787e-011
                        4.1491e-012
                        5.16969e-012
                        1.43582e-007
                        1.77168e-007
                        6.80304e-010
                        7.68889e-010
                        1.50591e-011
                        1.49072e-011
                        1.1301e-008
                        9.84034e-009
                        1.92349e-010
                        1.53224e-010
                        7.62956e-012
                        6.08815e-012
                        3.97699e-006
                        0.000888877
                        3.16899e-006
                        0.000730715
                        1.37166e-009
                        1.19621e-009
                        2.6136e-013
                        9.14768e-014
                        1.94032e-013
                        6.84898e-015
                        7.98827e-015
                        1.80848e-015
                        2.16644e-015
                        6.99398e-015
                        8.87951e-015
                        7.64684e-015
                        5.03823e-017
                        6.96557e-017
                        5.24716e-017
                        4.7212e-017
                        8.38586e-017
                        7.54533e-017
                        9.06908e-017
                        6.66816e-017
                        5.99979e-017
                        1.00497e-016
                        9.04244e-017
                        2.31894e-014
                        2.28388e-014
                        1.11401e-007
                        1.12682e-007
                        2.02126e-007
                        2.26908e-007
                        1.59153e-007
                        1.2767e-007
                        4.65712e-006
                        5.86437e-006
                        8.06797e-006
                        7.05211e-006
                        0.00132749
                        0.00134099
                        0.00223413
                        0.00246749
                        0.0018161
                        0.00149722
                        0.0018696
                        0.00153549
                        0.0021857
                        0.00244771
                        1.13243
                        1.13204
                        1.11354
                        1.11017
                        1.12082
                        1.12788
                        0.00074967
                        0.00120369
                        0.00107286
                        4.1192e-015
                        3.59099e-015
                        1.11583e-015
                        2.41276e-015
                        6.57295e-016
                        3.47628e-016
                        2.27856e-015
                        1.98305e-015
                        6.09992e-016
                        1.32678e-015
                        4.06681e-016
                        2.17344e-016
                        2.78398e-013
                        2.42601e-013
                        2.00918e-013
                        2.49135e-013
                        2.81145e-013
                        2.59442e-013
                        2.41634e-013
                        2.44491e-013
                        4.47345e-013
                        5.04571e-013
                        3.49105e-013
                        2.78027e-013
                        5.58573e-013
                        7.03087e-013
                        9.68767e-013
                        8.45976e-013
                        6.13811e-007
                        1.57998e-006
                        3.66736e-010
                        8.36952e-012
                        2.48951e-012
                        8.14511e-009
                        1.97628e-010
                        1.09722e-011
                        5.72952e-006
                        0.00121358
                        2.427e-009
                        5.35237e-011
                        4.00392e-012
                        1.3877e-007
                        4.18463e-010
                        3.62334e-010
                        2.63915e-013
                        1.89205e-013
                        2.34132e-013
                        7.06003e-014
                        2.63744e-015
                        4.48315e-015
                        1.83125e-014
                        5.65951e-015
                        1.42083e-014
                        4.22966e-015
                        1.04897e-014
                        1.15625e-014
                        1.97963e-014
                        1.55021e-014
                        4.4055e-017
                        4.82064e-017
                        4.33742e-017
                        4.81969e-017
                        4.33657e-017
                        4.59571e-017
                        6.6553e-017
                        7.3967e-017
                        4.83137e-017
                        1.85358e-015
                        5.43306e-008
                        1.79295e-008
                        6.58165e-008
                        2.17386e-008
                        4.88712e-007
                        9.74455e-007
                        5.52696e-007
                        4.83238e-007
                        3.44424e-005
                        4.11619e-005
                        0.179191
                        0.237435
                        0.178313
                        0.188937
                        1.98011
                        1.97714
                        0.0724253
                        0.106552
                        0.0778006
                        0.071948
                        5.65339e-016
                        1.30184e-015
                        3.07516e-015
                        2.06513e-015
                        3.52818e-015
                        5.90896e-016
                        1.65536e-015
                        1.11509e-015
                        1.89701e-015
                        1.09888e-013
                        2.51744e-013
                        9.51668e-014
                        2.1819e-013
                        1.13271e-013
                        2.86744e-013
                        5.9575e-013
                        3.26692e-013
                        2.83341e-013
                        7.98609e-013
                        9.68637e-013
                        9.31031e-013
                        1.92517e-012
                        2.81257e-012
                        1.05985e-012
                        9.2005e-013
                        1.06149e-010
                        6.26966e-012
                        3.26411e-006
                        1.77084e-009
                        5.49228e-011
                        5.85082e-012
                        1.99375e-007
                        7.61278e-010
                        1.29353e-011
                        1.93472e-012
                        7.86565e-009
                        1.21207e-010
                        1.04868e-010
                        9.49751e-007
                        6.13811e-007
                        5.91073e-014
                        1.22929e-015
                        2.15874e-014
                        2.12478e-014
                        6.70585e-015
                        5.5995e-017
                        4.41398e-017
                        5.10769e-017
                        1.00793e-016
                        8.21789e-016
                        5.54307e-016
                        9.41634e-016
                        2.20824e-013
                        5.83295e-014
                        1.0331e-015
                        4.86225e-017
                        4.37486e-017
                        1.80699e-016
                        4.52634e-017
                        4.83105e-017
                        2.97716e-015
                        4.55803e-015
                        4.27785e-008
                        1.41034e-008
                        7.57254e-008
                        2.50282e-008
                        8.69374e-007
                        6.8681e-007
                        2.75634e-005
                        4.68773e-005
                        0.227234
                        0.206848
                        1.98332
                        1.97472
                        0.100227
                        0.08803
                        1.06773e-015
                        2.4572e-015
                        9.54339e-016
                        1.11505e-015
                        5.17764e-016
                        9.63206e-014
                        1.38755e-013
                        3.17285e-013
                        5.27947e-013
                        4.1128e-013
                        6.27815e-013
                        1.11545e-012
                        1.70742e-012
                        1.33229e-012
                        6.82986e-014
                        1.93433e-015
                        4.89629e-017
                        4.90571e-017
                        5.03059e-017
                        2.58577e-016
                        1.57998e-006
                        3.91194e-015
                    </float_array>
                    <technique_common>
                        <accessor count="575" source="#Geometry-mesh016-__item_locator050-array" stride="1">
                            <param name="WEIGHT" type="float" />
                        </accessor>
                    </technique_common>
                </source>
                <source id="Geometry-mesh016-__item_locator054" name="__item_locator054">
                    <float_array id="Geometry-mesh016-__item_locator054-array" count="575">
                        4.92645e-008
                        4.92647e-008
                        4.92644e-008
                        4.92645e-008
                        4.92644e-008
                        4.92641e-008
                        4.92643e-008
                        4.92649e-008
                        1.30285e-013
                        1.67472e-013
                        6.51148e-016
                        2.10589e-013
                        2.39498e-013
                        2.37011e-013
                        2.04709e-013
                        1.61363e-013
                        1.26175e-013
                        1.0834e-013
                        1.09734e-013
                        8.62883e-017
                        7.85245e-017
                        8.7335e-017
                        7.98111e-017
                        7.46331e-017
                        7.49748e-017
                        7.40058e-017
                        7.40372e-017
                        1.07227e-016
                        1.71721e-016
                        8.22827e-017
                        7.83487e-017
                        2.22858e-016
                        8.44238e-017
                        1.84704e-016
                        1.1575e-016
                        7.46017e-017
                        7.46103e-017
                        7.73854e-017
                        9.01185e-017
                        7.7455e-017
                        1.10612e-016
                        9.03386e-017
                        1.1078e-016
                        4.88966e-015
                        6.94713e-015
                        3.55801e-015
                        2.97007e-015
                        9.29619e-015
                        3.04414e-015
                        1.10154e-014
                        3.79411e-015
                        1.12157e-014
                        5.30371e-015
                        9.7841e-015
                        7.48658e-015
                        2.39806e-015
                        1.73502e-015
                        2.89393e-015
                        2.95233e-015
                        1.17346e-015
                        2.53795e-015
                        8.23909e-016
                        1.88552e-015
                        6.7451e-016
                        1.28465e-015
                        6.93127e-016
                        8.84863e-016
                        1.6181e-007
                        6.26965e-008
                        1.6181e-007
                        6.26968e-008
                        1.61809e-007
                        6.26965e-008
                        1.66586e-007
                        1.61809e-007
                        1.66585e-007
                        1.61809e-007
                        2.40999e-011
                        1.2228e-010
                        2.43961e-011
                        1.23701e-010
                        3.32532e-012
                        7.48305e-012
                        3.90933e-012
                        8.81388e-012
                        1.24517e-007
                        8.72343e-006
                        1.45901e-007
                        1.01547e-005
                        6.36424e-010
                        2.99212e-009
                        8.08263e-010
                        3.7938e-009
                        2.37365e-011
                        3.6599e-011
                        2.93004e-011
                        4.56561e-011
                        0.00979641
                        1.87074
                        0.0114997
                        1.85713
                        2.37435e-008
                        2.27914e-007
                        2.6674e-008
                        2.57003e-007
                        2.51317e-010
                        1.13749e-009
                        2.48931e-010
                        1.12617e-009
                        1.56435e-011
                        3.26687e-011
                        1.35882e-011
                        2.85476e-011
                        1.72294e-005
                        0.0124813
                        1.51407e-005
                        0.0112755
                        4.58869e-009
                        2.31444e-008
                        3.66269e-009
                        1.8677e-008
                        3.53124e-011
                        1.75419e-010
                        2.78821e-011
                        1.40347e-010
                        3.79288e-012
                        8.54824e-012
                        3.28552e-012
                        7.39247e-012
                        1.4164e-007
                        9.8707e-006
                        1.23058e-007
                        8.62522e-006
                        8.69644e-008
                        8.69643e-008
                        8.69648e-008
                        8.69644e-008
                        8.69645e-008
                        6.26966e-008
                        1.61809e-007
                        4.44887e-013
                        3.56584e-013
                        2.19375e-013
                        1.71772e-013
                        2.54909e-013
                        2.2584e-013
                        2.57646e-013
                        2.49314e-013
                        2.64452e-013
                        2.92334e-013
                        3.10555e-013
                        2.83767e-013
                        3.01368e-013
                        2.46377e-013
                        2.61307e-013
                        1.46259e-014
                        4.00399e-015
                        1.94976e-014
                        5.59681e-015
                        2.89511e-014
                        2.62769e-014
                        3.62521e-014
                        3.31887e-014
                        1.64283e-014
                        2.17032e-014
                        1.07575e-016
                        1.04484e-016
                        9.32044e-017
                        8.3241e-017
                        1.1699e-016
                        3.73379e-016
                        2.79065e-016
                        4.18063e-016
                        2.78178e-016
                        2.48444e-016
                        7.4611e-017
                        7.46161e-017
                        1.15877e-016
                        1.0349e-016
                        8.71043e-017
                        7.77929e-017
                        1.03234e-014
                        1.18334e-014
                        1.36899e-014
                        2.72289e-009
                        1.19817e-009
                        2.75627e-009
                        1.21289e-009
                        5.14689e-009
                        2.26814e-009
                        5.82645e-009
                        2.56849e-009
                        3.98485e-009
                        1.75492e-009
                        3.14886e-009
                        1.38602e-009
                        1.80731e-008
                        6.87092e-009
                        2.26418e-008
                        8.62384e-009
                        3.09614e-008
                        1.18191e-008
                        2.71278e-008
                        1.03464e-008
                        1.28835e-007
                        6.191e-008
                        1.30384e-007
                        6.26585e-008
                        2.40548e-007
                        1.15877e-007
                        2.71641e-007
                        1.30882e-007
                        1.87172e-007
                        9.00993e-008
                        1.48578e-007
                        7.14505e-008
                        1.45192e-005
                        0.000181358
                        1.16583e-005
                        0.000148003
                        1.73005e-005
                        0.000213328
                        1.96571e-005
                        0.000240124
                        0.010178
                        0.000127469
                        0.0102691
                        0.000128796
                        0.0160435
                        0.00021826
                        0.0174848
                        0.000242159
                        0.0133973
                        0.000175986
                        0.0113139
                        0.000144211
                        1.91991
                        0.872968
                        1.9091
                        0.880109
                        1.89234
                        0.889409
                        1.89967
                        0.885566
                        4.82552e-015
                        1.1238e-014
                        4.20137e-015
                        9.78984e-015
                        1.29673e-015
                        3.02813e-015
                        2.81437e-015
                        6.56552e-015
                        2.82707e-015
                        3.34736e-015
                        1.49996e-015
                        1.77699e-015
                        4.77563e-015
                        2.86219e-015
                        4.16058e-015
                        2.49122e-015
                        1.2876e-015
                        7.67015e-016
                        2.79086e-015
                        1.6673e-015
                        1.45931e-015
                        1.74785e-015
                        7.76975e-016
                        9.24005e-016
                        4.00203e-013
                        9.3209e-013
                        3.47863e-013
                        8.11739e-013
                        2.87254e-013
                        6.71769e-013
                        3.57396e-013
                        8.33694e-013
                        4.04231e-013
                        9.41334e-013
                        7.06345e-013
                        6.1791e-013
                        8.93532e-013
                        7.79685e-013
                        1.23773e-012
                        1.078e-012
                        1.07868e-012
                        9.40001e-013
                        1.17062e-012
                        1.08471e-012
                        1.18498e-012
                        1.0974e-012
                        2.21321e-012
                        1.99473e-012
                        2.50525e-012
                        2.24693e-012
                        1.71355e-012
                        1.56091e-012
                        1.35392e-012
                        1.24619e-012
                        2.59862e-012
                        3.2822e-012
                        4.95602e-012
                        4.53668e-012
                        6.88658e-012
                        3.95733e-012
                        5.99365e-012
                        1.61807e-007
                        1.66586e-007
                        1.59243e-011
                        1.61116e-011
                        0.0071855
                        1.89404
                        0.00725183
                        1.8934
                        1.32206e-008
                        1.5414e-008
                        1.44481e-010
                        1.81442e-010
                        1.1207e-011
                        1.39627e-011
                        1.26799e-005
                        1.55235e-005
                        4.71346e-009
                        5.3254e-009
                        5.17126e-011
                        5.11915e-011
                        2.54505e-007
                        2.21981e-007
                        9.78992e-010
                        7.80134e-010
                        2.29402e-011
                        1.83075e-011
                        0.00954315
                        1.87286
                        0.00801429
                        1.88627
                        1.49778e-008
                        1.30705e-008
                        5.09861e-013
                        1.78472e-013
                        3.79532e-013
                        1.18702e-014
                        1.38447e-014
                        3.13446e-015
                        3.75486e-015
                        1.21215e-014
                        1.55762e-014
                        1.3414e-014
                        8.6478e-017
                        1.2045e-016
                        9.07362e-017
                        8.10366e-017
                        1.4501e-016
                        1.29509e-016
                        1.55663e-016
                        1.15308e-016
                        1.02982e-016
                        1.73781e-016
                        1.55205e-016
                        4.06765e-014
                        4.00614e-014
                        5.81694e-009
                        5.88443e-009
                        1.06156e-008
                        1.1932e-008
                        8.33834e-009
                        6.67476e-009
                        7.36401e-008
                        9.33167e-008
                        1.29593e-007
                        1.12817e-007
                        1.30519e-006
                        1.32062e-006
                        2.4059e-006
                        2.70851e-006
                        1.88282e-006
                        1.50144e-006
                        1.94835e-006
                        1.54636e-006
                        2.34403e-006
                        2.68257e-006
                        0.867494
                        0.867879
                        0.886317
                        0.889678
                        0.879074
                        0.87203
                        1.88458
                        1.84974
                        1.85886
                        7.81669e-015
                        6.81439e-015
                        2.11752e-015
                        4.57861e-015
                        1.21593e-015
                        6.43089e-016
                        4.11692e-015
                        3.583e-015
                        1.10218e-015
                        2.39728e-015
                        7.18959e-016
                        3.84241e-016
                        5.44532e-013
                        4.74524e-013
                        3.93e-013
                        4.87301e-013
                        5.49906e-013
                        5.30422e-013
                        5.21387e-013
                        5.2755e-013
                        9.65165e-013
                        1.08861e-012
                        7.53238e-013
                        5.99901e-013
                        1.2832e-012
                        1.61512e-012
                        2.22527e-012
                        1.94328e-012
                        6.26965e-008
                        1.66585e-007
                        2.54491e-009
                        2.87519e-011
                        6.1565e-012
                        1.84142e-007
                        1.00582e-009
                        3.29847e-011
                        0.0125717
                        1.84907
                        2.64228e-008
                        2.17807e-010
                        1.0815e-011
                        1.22702e-005
                        2.90294e-009
                        2.51443e-009
                        5.14845e-013
                        3.69115e-013
                        4.56752e-013
                        1.37745e-013
                        5.3034e-015
                        9.01455e-015
                        3.17367e-014
                        9.80874e-015
                        2.46241e-014
                        7.33068e-015
                        1.81797e-014
                        2.02824e-014
                        3.47248e-014
                        2.71928e-014
                        7.56183e-017
                        8.3362e-017
                        7.44505e-017
                        8.33457e-017
                        7.44359e-017
                        7.88828e-017
                        1.14233e-016
                        1.27905e-016
                        8.35473e-017
                        3.21262e-015
                        4.12949e-009
                        1.81877e-009
                        5.00859e-009
                        2.20703e-009
                        1.54998e-008
                        3.1255e-008
                        1.75616e-008
                        1.53236e-008
                        1.93832e-007
                        2.3421e-007
                        1.0033e-005
                        1.98369e-005
                        9.92131e-006
                        1.1336e-005
                        0.013741
                        0.0157414
                        1.92669
                        1.89181
                        1.92121
                        1.92717
                        1.0875e-015
                        2.53993e-015
                        5.76011e-015
                        3.86827e-015
                        6.60863e-015
                        1.08007e-015
                        2.95788e-015
                        1.99253e-015
                        3.38966e-015
                        2.19598e-013
                        5.14686e-013
                        1.90183e-013
                        4.46094e-013
                        2.26358e-013
                        6.01679e-013
                        1.24994e-012
                        6.85489e-013
                        5.94539e-013
                        1.77577e-012
                        2.15376e-012
                        2.21585e-012
                        4.58114e-012
                        6.95519e-012
                        2.52238e-012
                        2.18973e-012
                        5.40739e-010
                        1.88531e-011
                        0.00819968
                        1.9312e-008
                        2.23494e-010
                        1.58016e-011
                        1.73889e-005
                        5.27283e-009
                        4.44242e-011
                        4.78485e-012
                        1.77894e-007
                        6.17333e-010
                        5.34224e-010
                        8.69645e-008
                        6.26966e-008
                        1.15323e-013
                        2.47196e-015
                        3.74121e-014
                        3.68235e-014
                        1.16221e-014
                        9.68288e-017
                        7.57639e-017
                        8.83246e-017
                        1.74293e-016
                        1.45279e-015
                        9.79936e-016
                        1.66465e-015
                        4.51477e-013
                        1.13806e-013
                        2.07745e-015
                        8.4081e-017
                        7.50927e-017
                        3.12463e-016
                        7.76922e-017
                        8.35417e-017
                        5.15995e-015
                        7.89977e-015
                        3.24679e-009
                        1.42922e-009
                        5.768e-009
                        2.54265e-009
                        2.78287e-008
                        2.18979e-008
                        1.53109e-007
                        2.6897e-007
                        1.77326e-005
                        1.40555e-005
                        0.0115673
                        0.0173635
                        1.89829
                        1.91077
                        2.05388e-015
                        4.79399e-015
                        1.78765e-015
                        2.03812e-015
                        9.25196e-016
                        1.92488e-013
                        2.77279e-013
                        6.48665e-013
                        1.1077e-012
                        8.62952e-013
                        1.39605e-012
                        2.48014e-012
                        4.0631e-012
                        3.1706e-012
                        1.33255e-013
                        3.88963e-015
                        8.46695e-017
                        8.48324e-017
                        8.69915e-017
                        4.57135e-016
                        1.66585e-007
                        7.86604e-015
                    </float_array>
                    <technique_common>
                        <accessor count="575" source="#Geometry-mesh016-__item_locator054-array" stride="1">
                            <param name="WEIGHT" type="float" />
                        </accessor>
                    </technique_common>
                </source>
                <source id="Geometry-mesh016-__item_locator058" name="__item_locator058">
                    <float_array id="Geometry-mesh016-__item_locator058-array" count="575">
                        7.65928e-009
                        7.65932e-009
                        7.65927e-009
                        7.65929e-009
                        7.65928e-009
                        7.65922e-009
                        7.65925e-009
                        7.65935e-009
                        2.76553e-013
                        3.55478e-013
                        1.41397e-015
                        4.46985e-013
                        5.08337e-013
                        5.03059e-013
                        4.34508e-013
                        3.42513e-013
                        2.6783e-013
                        2.29977e-013
                        2.32936e-013
                        1.5394e-016
                        1.4009e-016
                        1.55807e-016
                        1.42385e-016
                        1.33149e-016
                        1.33758e-016
                        1.32031e-016
                        1.32086e-016
                        1.91293e-016
                        3.06347e-016
                        1.46794e-016
                        1.39777e-016
                        3.97572e-016
                        1.50614e-016
                        3.29508e-016
                        2.06498e-016
                        1.33093e-016
                        1.33108e-016
                        1.38058e-016
                        1.60773e-016
                        1.38182e-016
                        1.97332e-016
                        1.61165e-016
                        1.97631e-016
                        8.78956e-015
                        1.24879e-014
                        6.39588e-015
                        5.33904e-015
                        1.67103e-014
                        5.47219e-015
                        1.98004e-014
                        6.82029e-015
                        2.01605e-014
                        9.53383e-015
                        1.75873e-014
                        1.34575e-014
                        4.43421e-015
                        3.20823e-015
                        5.35108e-015
                        5.45906e-015
                        2.16987e-015
                        4.69286e-015
                        1.52353e-015
                        3.48651e-015
                        1.24728e-015
                        2.37548e-015
                        1.2817e-015
                        1.63624e-015
                        2.7463e-008
                        1.0586e-008
                        2.7463e-008
                        1.0586e-008
                        2.74629e-008
                        1.0586e-008
                        2.86302e-008
                        2.74628e-008
                        2.86301e-008
                        2.74629e-008
                        1.03709e-010
                        6.7134e-010
                        1.04982e-010
                        6.79129e-010
                        9.23265e-012
                        2.32753e-011
                        1.08535e-011
                        2.74126e-011
                        2.06107e-005
                        0.123991
                        2.39579e-005
                        0.133669
                        4.91236e-009
                        3.85203e-008
                        6.23433e-009
                        4.87728e-008
                        8.50709e-011
                        1.57428e-010
                        1.04994e-010
                        1.96338e-010
                        1.98167
                        0.128335
                        1.97847
                        0.141761
                        7.11956e-007
                        3.65308e-005
                        7.98284e-007
                        4.09074e-005
                        1.37797e-009
                        8.7642e-009
                        1.36491e-009
                        8.67729e-009
                        4.86393e-011
                        1.17054e-010
                        4.22524e-011
                        1.02299e-010
                        0.171345
                        1.97661
                        0.161563
                        1.97889
                        5.89221e-008
                        6.94281e-007
                        4.70972e-008
                        5.62176e-007
                        1.519e-010
                        9.62478e-010
                        1.19967e-010
                        7.70354e-010
                        1.05303e-011
                        2.65868e-011
                        9.12218e-012
                        2.29937e-011
                        2.32936e-005
                        0.131823
                        2.03811e-005
                        0.12329
                        1.37437e-008
                        1.37437e-008
                        1.37438e-008
                        1.37437e-008
                        1.37437e-008
                        1.0586e-008
                        2.74628e-008
                        9.22402e-013
                        7.39344e-013
                        4.54882e-013
                        3.56185e-013
                        5.28553e-013
                        4.68285e-013
                        5.34228e-013
                        5.16953e-013
                        5.50067e-013
                        6.06143e-013
                        6.45948e-013
                        5.88382e-013
                        6.26842e-013
                        5.10863e-013
                        5.43526e-013
                        2.63986e-014
                        7.2273e-015
                        3.51912e-014
                        1.01022e-014
                        5.29868e-014
                        4.74265e-014
                        6.63482e-014
                        5.99006e-014
                        3.00683e-014
                        3.97222e-014
                        1.92014e-016
                        1.86497e-016
                        1.67795e-016
                        1.48581e-016
                        2.10613e-016
                        6.66438e-016
                        4.98101e-016
                        7.52605e-016
                        5.00785e-016
                        4.43447e-016
                        1.3318e-016
                        1.33189e-016
                        2.08611e-016
                        1.84724e-016
                        1.56814e-016
                        1.38858e-016
                        1.86333e-014
                        2.13587e-014
                        2.50565e-014
                        3.87191e-010
                        2.01985e-010
                        3.91948e-010
                        2.0447e-010
                        7.33075e-010
                        3.82831e-010
                        8.30154e-010
                        4.33641e-010
                        5.67174e-010
                        2.96052e-010
                        4.4792e-010
                        2.33714e-010
                        1.62214e-009
                        7.95495e-010
                        2.03457e-009
                        9.99274e-010
                        2.78703e-009
                        1.37122e-009
                        2.4401e-009
                        1.19972e-009
                        5.48049e-009
                        4.01943e-009
                        5.54708e-009
                        4.06836e-009
                        1.03059e-008
                        7.5577e-009
                        1.16558e-008
                        8.54474e-009
                        7.99505e-009
                        5.86512e-009
                        6.33e-009
                        4.6434e-009
                        1.53134e-007
                        5.3286e-007
                        1.21913e-007
                        4.26514e-007
                        1.83791e-007
                        6.37099e-007
                        2.09977e-007
                        7.26055e-007
                        3.18693e-006
                        3.62401e-007
                        3.22464e-006
                        3.66511e-007
                        5.88023e-006
                        6.53369e-007
                        6.62157e-006
                        7.32865e-007
                        4.59964e-006
                        5.15559e-007
                        3.6667e-006
                        4.14593e-007
                        0.00100658
                        2.27984e-005
                        0.00122825
                        2.83865e-005
                        0.00161304
                        3.84609e-005
                        0.00143846
                        3.38339e-005
                        9.83901e-015
                        2.33021e-014
                        8.56647e-015
                        2.02996e-014
                        2.64414e-015
                        6.27929e-015
                        5.73854e-015
                        1.36141e-014
                        5.5863e-015
                        6.71669e-015
                        2.964e-015
                        3.56573e-015
                        9.16891e-015
                        5.57305e-015
                        7.9881e-015
                        4.85075e-015
                        2.47223e-015
                        1.49355e-015
                        5.3584e-015
                        3.24652e-015
                        2.72881e-015
                        3.31093e-015
                        1.45292e-015
                        1.75036e-015
                        8.53897e-013
                        2.04403e-012
                        7.42237e-013
                        1.78015e-012
                        6.12935e-013
                        1.47324e-012
                        7.62575e-013
                        1.82829e-012
                        8.62491e-013
                        2.06429e-012
                        1.5986e-012
                        1.44689e-012
                        2.02215e-012
                        1.82561e-012
                        2.80091e-012
                        2.52393e-012
                        2.44106e-012
                        2.2009e-012
                        2.84459e-012
                        2.74448e-012
                        2.87949e-012
                        2.77656e-012
                        5.37727e-012
                        5.04609e-012
                        6.08662e-012
                        5.68386e-012
                        4.16355e-012
                        3.94894e-012
                        3.28989e-012
                        3.15294e-012
                        6.87193e-012
                        8.67897e-012
                        1.37583e-011
                        1.19948e-011
                        1.91152e-011
                        1.04635e-011
                        1.66376e-011
                        2.74626e-008
                        2.86302e-008
                        5.70885e-011
                        5.77597e-011
                        1.98658
                        0.105307
                        1.98646
                        0.105937
                        3.99968e-007
                        4.65299e-007
                        7.93002e-010
                        9.95464e-010
                        3.48516e-011
                        4.3416e-011
                        0.148739
                        0.163424
                        6.05138e-008
                        6.83157e-008
                        2.22351e-010
                        2.20113e-010
                        4.05331e-005
                        3.56332e-005
                        7.54669e-009
                        6.01801e-009
                        8.2219e-011
                        6.56259e-011
                        1.98215
                        0.126242
                        1.98502
                        0.112993
                        4.52323e-007
                        3.95492e-007
                        1.05709e-012
                        3.70077e-013
                        7.89398e-013
                        2.1425e-014
                        2.49887e-014
                        5.65781e-015
                        6.77761e-015
                        2.18786e-014
                        2.85088e-014
                        2.45515e-014
                        1.54359e-016
                        2.16844e-016
                        1.63352e-016
                        1.44647e-016
                        2.61056e-016
                        2.31164e-016
                        2.77845e-016
                        2.07586e-016
                        1.83816e-016
                        3.1285e-016
                        2.77029e-016
                        7.44452e-014
                        7.33196e-014
                        6.7308e-010
                        6.80916e-010
                        1.23106e-009
                        1.38437e-009
                        9.66069e-010
                        7.72705e-010
                        4.78671e-009
                        6.07615e-009
                        8.45992e-009
                        7.35657e-009
                        3.11847e-008
                        3.15601e-008
                        5.81801e-008
                        6.56664e-008
                        4.5301e-008
                        3.59666e-008
                        4.69099e-008
                        3.70633e-008
                        5.66526e-008
                        6.50237e-008
                        1.94135e-005
                        1.96308e-005
                        3.46817e-005
                        3.88143e-005
                        2.74795e-005
                        2.21699e-005
                        0.114661
                        0.149042
                        0.140054
                        1.56841e-014
                        1.36731e-014
                        4.24902e-015
                        9.18714e-015
                        2.36766e-015
                        1.25225e-015
                        7.79839e-015
                        6.78706e-015
                        2.08787e-015
                        4.54109e-015
                        1.32781e-015
                        7.09646e-016
                        1.13253e-012
                        9.86942e-013
                        8.17406e-013
                        1.01351e-012
                        1.1437e-012
                        1.1633e-012
                        1.22092e-012
                        1.23535e-012
                        2.2598e-012
                        2.54875e-012
                        1.7637e-012
                        1.40473e-012
                        3.24654e-012
                        4.08603e-012
                        5.6291e-012
                        4.91597e-012
                        1.0586e-008
                        2.86301e-008
                        3.27926e-008
                        1.23706e-010
                        1.70894e-011
                        2.98676e-005
                        7.7528e-009
                        1.18185e-010
                        1.97644
                        0.149697
                        7.90891e-007
                        1.19457e-009
                        3.36331e-011
                        0.146441
                        3.73786e-008
                        3.2402e-008
                        1.06743e-012
                        7.65321e-013
                        9.46998e-013
                        2.85634e-013
                        1.14015e-014
                        1.93793e-014
                        5.72801e-014
                        1.77044e-014
                        4.44436e-014
                        1.32317e-014
                        3.28127e-014
                        3.71219e-014
                        6.35532e-014
                        4.97688e-014
                        1.34977e-016
                        1.50079e-016
                        1.32894e-016
                        1.5005e-016
                        1.32868e-016
                        1.40803e-016
                        2.03898e-016
                        2.30264e-016
                        1.50412e-016
                        5.7989e-015
                        5.87817e-010
                        3.06846e-010
                        7.13323e-010
                        3.72496e-010
                        1.39012e-009
                        2.81361e-009
                        1.576e-009
                        1.37424e-009
                        8.2829e-009
                        1.00311e-008
                        1.04335e-007
                        2.11983e-007
                        1.03132e-007
                        1.18417e-007
                        4.76e-006
                        5.7287e-006
                        0.000877809
                        0.00162623
                        0.000981222
                        0.000868881
                        2.21752e-015
                        5.26699e-015
                        1.13816e-014
                        7.64361e-015
                        1.30582e-014
                        2.07379e-015
                        5.53093e-015
                        3.72587e-015
                        6.33827e-015
                        4.6859e-013
                        1.12879e-012
                        4.05831e-013
                        9.78383e-013
                        4.83013e-013
                        1.36176e-012
                        2.82854e-012
                        1.5514e-012
                        1.3456e-012
                        4.31468e-012
                        5.23286e-012
                        5.86001e-012
                        1.21123e-011
                        1.93055e-011
                        6.67039e-012
                        5.79093e-012
                        4.17571e-009
                        6.75802e-011
                        1.98468
                        5.80989e-007
                        1.2257e-009
                        4.91307e-011
                        0.172056
                        6.76458e-008
                        1.91046e-010
                        1.32833e-011
                        2.89081e-005
                        4.76542e-009
                        4.12553e-009
                        1.37437e-008
                        1.0586e-008
                        2.39144e-013
                        5.31458e-015
                        6.75228e-014
                        6.64605e-014
                        2.09773e-014
                        1.7432e-016
                        1.35237e-016
                        1.59011e-016
                        3.13772e-016
                        2.68302e-015
                        1.80978e-015
                        3.07428e-015
                        9.90187e-013
                        2.35997e-013
                        4.46644e-015
                        1.51373e-016
                        1.34039e-016
                        5.62504e-016
                        1.38678e-016
                        1.50402e-016
                        9.31373e-015
                        1.42589e-014
                        4.61885e-010
                        2.41012e-010
                        8.21803e-010
                        4.29269e-010
                        2.5035e-009
                        1.96738e-009
                        6.52518e-009
                        1.15397e-008
                        1.88579e-007
                        1.4805e-007
                        3.77656e-006
                        6.558e-006
                        0.00147071
                        0.00119271
                        4.18794e-015
                        9.94087e-015
                        3.53246e-015
                        3.91318e-015
                        1.73008e-015
                        4.1075e-013
                        5.91652e-013
                        1.42258e-012
                        2.50673e-012
                        1.95296e-012
                        3.39226e-012
                        6.02562e-012
                        1.07431e-011
                        8.38397e-012
                        2.76324e-013
                        8.36229e-015
                        1.52432e-016
                        1.52725e-016
                        1.56611e-016
                        8.44271e-016
                        2.863e-008
                        1.69104e-014
                    </float_array>
                    <technique_common>
                        <accessor count="575" source="#Geometry-mesh016-__item_locator058-array" stride="1">
                            <param name="WEIGHT" type="float" />
                        </accessor>
                    </technique_common>
                </source>
                <source id="Geometry-mesh016-__item_locator062" name="__item_locator062">
                    <float_array id="Geometry-mesh016-__item_locator062-array" count="575">
                        1.68981e-009
                        1.68982e-009
                        1.68981e-009
                        1.68981e-009
                        1.68981e-009
                        1.6898e-009
                        1.6898e-009
                        1.68983e-009
                        6.34773e-013
                        8.15894e-013
                        3.33721e-015
                        1.02588e-012
                        1.16666e-012
                        1.15455e-012
                        9.97249e-013
                        7.86142e-013
                        6.14753e-013
                        5.27883e-013
                        5.34672e-013
                        2.87322e-016
                        2.61474e-016
                        2.90807e-016
                        2.65758e-016
                        2.48522e-016
                        2.49658e-016
                        2.46436e-016
                        2.4654e-016
                        3.57036e-016
                        5.71768e-016
                        2.73986e-016
                        2.60889e-016
                        7.42026e-016
                        2.81115e-016
                        6.14995e-016
                        3.85415e-016
                        2.48417e-016
                        2.48446e-016
                        2.57682e-016
                        3.00075e-016
                        2.57914e-016
                        3.68308e-016
                        3.00807e-016
                        3.68866e-016
                        1.65504e-014
                        2.35138e-014
                        1.20433e-014
                        1.00534e-014
                        3.14638e-014
                        1.03041e-014
                        3.72819e-014
                        1.28425e-014
                        3.79598e-014
                        1.79517e-014
                        3.3115e-014
                        2.53395e-014
                        8.62975e-015
                        6.24387e-015
                        1.04141e-014
                        1.06242e-014
                        4.22309e-015
                        9.13311e-015
                        2.9652e-015
                        6.78543e-015
                        2.42755e-015
                        4.62323e-015
                        2.49455e-015
                        3.18455e-015
                        6.41714e-009
                        2.46657e-009
                        6.41714e-009
                        2.46659e-009
                        6.41711e-009
                        2.46658e-009
                        6.74623e-009
                        6.41709e-009
                        6.74622e-009
                        6.41711e-009
                        6.18077e-010
                        5.8418e-009
                        6.25653e-010
                        5.90935e-009
                        2.97658e-011
                        8.73322e-011
                        3.49885e-011
                        1.02843e-010
                        0.905407
                        1.87542
                        0.909101
                        1.86566
                        7.64095e-008
                        1.64041e-006
                        9.68035e-008
                        2.0675e-006
                        3.88476e-010
                        9.37486e-010
                        4.79323e-010
                        1.16867e-009
                        0.00852286
                        1.19571e-005
                        0.0100252
                        1.46525e-005
                        0.000249637
                        0.918767
                        0.000276782
                        0.921195
                        1.19581e-008
                        1.35722e-007
                        1.18453e-008
                        1.34387e-007
                        1.82393e-010
                        5.34298e-010
                        1.58462e-010
                        4.67035e-010
                        1.82757
                        0.0108926
                        1.83747
                        0.00982724
                        2.48804e-006
                        0.00024403
                        1.99787e-006
                        0.000201548
                        9.04629e-010
                        8.36436e-009
                        7.14781e-010
                        6.70018e-009
                        3.39472e-011
                        9.97476e-011
                        2.94098e-011
                        8.62763e-011
                        0.908421
                        1.86752
                        0.905127
                        1.87613
                        3.06393e-009
                        3.06393e-009
                        3.06395e-009
                        3.06393e-009
                        3.06393e-009
                        2.46658e-009
                        6.41709e-009
                        2.05752e-012
                        1.64926e-012
                        1.0148e-012
                        7.94641e-013
                        1.17912e-012
                        1.04469e-012
                        1.19177e-012
                        1.15324e-012
                        1.23179e-012
                        1.35218e-012
                        1.44646e-012
                        1.31256e-012
                        1.40369e-012
                        1.13966e-012
                        1.21715e-012
                        4.99441e-014
                        1.36743e-014
                        6.65777e-014
                        1.91136e-014
                        1.01889e-013
                        8.97237e-014
                        1.27579e-013
                        1.13321e-013
                        5.78209e-014
                        7.63838e-014
                        3.586e-016
                        3.48297e-016
                        3.1651e-016
                        2.7749e-016
                        3.97271e-016
                        1.24457e-015
                        9.30211e-016
                        1.41955e-015
                        9.44584e-016
                        8.28148e-016
                        2.48731e-016
                        2.48748e-016
                        3.93494e-016
                        3.44985e-016
                        2.95799e-016
                        2.59332e-016
                        3.52533e-014
                        4.04094e-014
                        4.81839e-014
                        8.07007e-011
                        4.7084e-011
                        8.16935e-011
                        4.76639e-011
                        1.52921e-010
                        8.93008e-011
                        1.73203e-010
                        1.01167e-010
                        1.18272e-010
                        6.90387e-011
                        9.33751e-011
                        5.44883e-011
                        2.54399e-010
                        1.45552e-010
                        3.19247e-010
                        1.82911e-010
                        4.37658e-010
                        2.51145e-010
                        3.83049e-010
                        2.19676e-010
                        5.6954e-010
                        5.23679e-010
                        5.76486e-010
                        5.30071e-010
                        1.07376e-009
                        9.86506e-010
                        1.21507e-009
                        1.11579e-009
                        8.32093e-010
                        7.64973e-010
                        6.58185e-010
                        6.05216e-010
                        8.37543e-009
                        1.80142e-008
                        6.65397e-009
                        1.43708e-008
                        1.00699e-008
                        2.15993e-008
                        1.15201e-008
                        2.46683e-008
                        5.45653e-008
                        1.21822e-008
                        5.52264e-008
                        1.23223e-008
                        1.02278e-007
                        2.216e-008
                        1.1556e-007
                        2.49036e-008
                        7.94758e-008
                        1.74204e-008
                        6.29929e-008
                        1.39634e-008
                        1.26211e-006
                        1.44149e-007
                        1.58782e-006
                        1.81649e-007
                        2.18131e-006
                        2.50545e-007
                        1.90786e-006
                        2.18713e-007
                        2.1509e-014
                        5.19857e-014
                        1.87273e-014
                        4.52877e-014
                        5.78081e-015
                        1.401e-014
                        1.25454e-014
                        3.03735e-014
                        1.17612e-014
                        1.44033e-014
                        6.24046e-015
                        7.64663e-015
                        1.86536e-014
                        1.15291e-014
                        1.62515e-014
                        1.00349e-014
                        5.02992e-015
                        3.08993e-015
                        1.09017e-014
                        6.71631e-015
                        5.38124e-015
                        6.62955e-015
                        2.86524e-015
                        3.50488e-015
                        1.97227e-012
                        4.88231e-012
                        1.71442e-012
                        4.25217e-012
                        1.41581e-012
                        3.51923e-012
                        1.76138e-012
                        4.36713e-012
                        1.99211e-012
                        4.93071e-012
                        3.97004e-012
                        3.74907e-012
                        5.0216e-012
                        4.73005e-012
                        6.95487e-012
                        6.53865e-012
                        6.06156e-012
                        5.70204e-012
                        7.72266e-012
                        7.84382e-012
                        7.81736e-012
                        7.93549e-012
                        1.45953e-011
                        1.44183e-011
                        1.65199e-011
                        1.62397e-011
                        1.1302e-011
                        1.12846e-011
                        8.93117e-012
                        9.01073e-012
                        2.07901e-011
                        2.62542e-011
                        4.43467e-011
                        3.62787e-011
                        6.16014e-011
                        3.16496e-011
                        5.36216e-011
                        6.41704e-009
                        6.74623e-009
                        2.60822e-010
                        2.63885e-010
                        0.00622819
                        8.11917e-006
                        0.00628636
                        8.21203e-006
                        0.000147745
                        0.000169661
                        6.89644e-009
                        8.64992e-009
                        1.30727e-010
                        1.62822e-010
                        1.85044
                        1.83559
                        2.55381e-006
                        2.87554e-006
                        1.32315e-009
                        1.30986e-009
                        0.921001
                        0.918224
                        1.17009e-007
                        9.34693e-008
                        3.7547e-010
                        2.99778e-010
                        0.00829982
                        1.15689e-005
                        0.00695542
                        9.29722e-006
                        0.000165336
                        0.00014623
                        2.35791e-012
                        8.2563e-013
                        1.76763e-012
                        4.05349e-014
                        4.72766e-014
                        1.07049e-014
                        1.28236e-014
                        4.13929e-014
                        5.48223e-014
                        4.72128e-014
                        2.88279e-016
                        4.09023e-016
                        3.08129e-016
                        2.70143e-016
                        4.92415e-016
                        4.31712e-016
                        5.18888e-016
                        3.91561e-016
                        3.4329e-016
                        5.90108e-016
                        5.17364e-016
                        1.43147e-013
                        1.40983e-013
                        1.23119e-010
                        1.24555e-010
                        2.25425e-010
                        2.53557e-010
                        1.76822e-010
                        1.41375e-010
                        6.23948e-010
                        7.92581e-010
                        1.10468e-009
                        9.6017e-010
                        2.44321e-009
                        2.47278e-009
                        4.57501e-009
                        5.16777e-009
                        3.55674e-009
                        2.82008e-009
                        3.68383e-009
                        2.90657e-009
                        4.45414e-009
                        5.11686e-009
                        1.21723e-007
                        1.23156e-007
                        2.24522e-007
                        2.52989e-007
                        1.75525e-007
                        1.39967e-007
                        9.56597e-006
                        1.62708e-005
                        1.42895e-005
                        3.36313e-014
                        2.93194e-014
                        9.11185e-015
                        1.97006e-014
                        4.89822e-015
                        2.59073e-015
                        1.56143e-014
                        1.35894e-014
                        4.18065e-015
                        9.09259e-015
                        2.5805e-015
                        1.37918e-015
                        2.53578e-012
                        2.20987e-012
                        1.83033e-012
                        2.26936e-012
                        2.5608e-012
                        2.77901e-012
                        3.16369e-012
                        3.20107e-012
                        5.85459e-012
                        6.60294e-012
                        4.56968e-012
                        3.63985e-012
                        9.27812e-012
                        1.16762e-011
                        1.60833e-011
                        1.40467e-011
                        2.46658e-009
                        6.74623e-009
                        1.40067e-006
                        7.37016e-010
                        5.5077e-011
                        0.914276
                        1.20179e-007
                        5.39454e-010
                        0.0109726
                        1.64222e-005
                        0.000274472
                        1.03726e-008
                        1.26161e-010
                        1.85276
                        1.5927e-006
                        1.38428e-006
                        2.38095e-012
                        1.7072e-012
                        2.11238e-012
                        6.37265e-013
                        2.65804e-014
                        4.5177e-014
                        1.08364e-013
                        3.3496e-014
                        8.40808e-014
                        2.50343e-014
                        6.20781e-014
                        7.13838e-014
                        1.22205e-013
                        9.57014e-014
                        2.52086e-016
                        2.83101e-016
                        2.48198e-016
                        2.83046e-016
                        2.4815e-016
                        2.62964e-016
                        3.80793e-016
                        4.34336e-016
                        2.83727e-016
                        1.09719e-014
                        1.22582e-010
                        7.15586e-011
                        1.48795e-010
                        8.68872e-011
                        2.17937e-010
                        4.41844e-010
                        2.47146e-010
                        2.15443e-010
                        8.62178e-010
                        1.045e-009
                        5.68693e-009
                        1.16313e-008
                        5.62082e-009
                        6.46155e-009
                        8.23207e-008
                        9.95703e-008
                        1.07891e-006
                        2.20225e-006
                        1.22567e-006
                        1.06638e-006
                        4.84815e-015
                        1.17515e-014
                        2.39615e-014
                        1.60923e-014
                        2.74909e-014
                        4.21929e-015
                        1.09067e-014
                        7.34735e-015
                        1.24987e-014
                        1.08245e-012
                        2.69659e-012
                        9.375e-013
                        2.33734e-012
                        1.11576e-012
                        3.38199e-012
                        7.02344e-012
                        3.85287e-012
                        3.34187e-012
                        1.17121e-011
                        1.42035e-011
                        1.77299e-011
                        3.66339e-011
                        6.22145e-011
                        2.01806e-011
                        1.7521e-011
                        6.50245e-008
                        3.08694e-010
                        0.00711825
                        0.000207664
                        1.06418e-008
                        1.84234e-010
                        1.82685
                        2.84796e-006
                        1.13723e-009
                        4.28165e-011
                        0.913527
                        7.41397e-008
                        6.42483e-008
                        3.06393e-009
                        2.46658e-009
                        5.33556e-013
                        1.23906e-014
                        1.2774e-013
                        1.2573e-013
                        3.96879e-014
                        3.28816e-016
                        2.52571e-016
                        2.99942e-016
                        5.91846e-016
                        5.21411e-015
                        3.51713e-015
                        5.97443e-015
                        2.36554e-012
                        5.26536e-013
                        1.04133e-014
                        2.85537e-016
                        2.50335e-016
                        1.061e-015
                        2.58996e-016
                        2.83708e-016
                        1.76218e-014
                        2.69776e-014
                        9.62901e-011
                        5.61915e-011
                        1.71458e-010
                        1.00146e-010
                        3.93027e-010
                        3.0868e-010
                        6.78561e-010
                        1.20292e-009
                        1.03349e-008
                        8.09483e-009
                        6.49274e-008
                        1.14419e-007
                        1.95785e-006
                        1.53476e-006
                        9.15573e-015
                        2.21788e-014
                        7.43725e-015
                        7.96148e-015
                        3.41179e-015
                        9.48862e-013
                        1.36666e-012
                        3.39824e-012
                        6.22458e-012
                        4.84982e-012
                        9.20896e-012
                        1.63544e-011
                        3.24947e-011
                        2.53622e-011
                        6.16495e-013
                        1.94955e-014
                        2.87534e-016
                        2.88087e-016
                        2.95416e-016
                        1.6408e-015
                        6.74621e-009
                        3.9422e-014
                    </float_array>
                    <technique_common>
                        <accessor count="575" source="#Geometry-mesh016-__item_locator062-array" stride="1">
                            <param name="WEIGHT" type="float" />
                        </accessor>
                    </technique_common>
                </source>
                <source id="Geometry-mesh016-__item_locator066" name="__item_locator066">
                    <float_array id="Geometry-mesh016-__item_locator066-array" count="575">
                        4.73704e-010
                        4.73706e-010
                        4.73703e-010
                        4.73704e-010
                        4.73703e-010
                        4.737e-010
                        4.73702e-010
                        4.73708e-010
                        1.6043e-012
                        2.06194e-012
                        8.73422e-015
                        2.59247e-012
                        2.94813e-012
                        2.91754e-012
                        2.52013e-012
                        1.98677e-012
                        1.55371e-012
                        1.33421e-012
                        1.35136e-012
                        5.65364e-016
                        5.14509e-016
                        5.72221e-016
                        5.22936e-016
                        4.89029e-016
                        4.91265e-016
                        4.84929e-016
                        4.85134e-016
                        7.0253e-016
                        1.12503e-015
                        5.39126e-016
                        5.13358e-016
                        1.46002e-015
                        5.53151e-016
                        1.21008e-015
                        7.58368e-016
                        4.88823e-016
                        4.8888e-016
                        5.07048e-016
                        5.90455e-016
                        5.07505e-016
                        7.24709e-016
                        5.91897e-016
                        7.25807e-016
                        3.29052e-014
                        4.67488e-014
                        2.39448e-014
                        1.99886e-014
                        6.25533e-014
                        2.0487e-014
                        7.41194e-014
                        2.55336e-014
                        7.54671e-014
                        3.56912e-014
                        6.58358e-014
                        5.03782e-014
                        1.78421e-014
                        1.29095e-014
                        2.15309e-014
                        2.19653e-014
                        8.73161e-015
                        1.88827e-014
                        6.13091e-015
                        1.40291e-014
                        5.01931e-015
                        9.55889e-015
                        5.15783e-015
                        6.58443e-015
                        1.8732e-009
                        7.18777e-010
                        1.8732e-009
                        7.18781e-010
                        1.87319e-009
                        7.18777e-010
                        1.98112e-009
                        1.87319e-009
                        1.98112e-009
                        1.87319e-009
                        6.15067e-009
                        1.13324e-007
                        6.22577e-009
                        1.14622e-007
                        1.17289e-010
                        4.25776e-010
                        1.37849e-010
                        5.01293e-010
                        1.09452
                        0.000577589
                        1.09081
                        0.00066271
                        4.95595e-006
                        0.00174161
                        6.23844e-006
                        0.00211871
                        2.53186e-009
                        9.31328e-009
                        3.12231e-009
                        1.15985e-008
                        3.87464e-006
                        1.3939e-007
                        4.78918e-006
                        1.72132e-007
                        1.42364
                        1.0811
                        1.41332
                        1.07866
                        2.30324e-007
                        8.66053e-006
                        2.28175e-007
                        8.57793e-006
                        8.88322e-010
                        3.47942e-009
                        7.71932e-010
                        3.04246e-009
                        0.00106454
                        5.34282e-006
                        0.000948709
                        4.66544e-006
                        0.00247515
                        1.42592
                        0.00205835
                        1.44536
                        8.98825e-009
                        1.61707e-007
                        7.1089e-009
                        1.29811e-007
                        1.3375e-010
                        4.86222e-010
                        1.15887e-010
                        4.20635e-010
                        1.0915
                        0.000645942
                        1.0948
                        0.00057169
                        8.65117e-010
                        8.65116e-010
                        8.65121e-010
                        8.65117e-010
                        8.65118e-010
                        7.18778e-010
                        1.87319e-009
                        5.01881e-012
                        4.02319e-012
                        2.47577e-012
                        1.93876e-012
                        2.87656e-012
                        2.54868e-012
                        2.90743e-012
                        2.81345e-012
                        3.01924e-012
                        3.29865e-012
                        3.54529e-012
                        3.20203e-012
                        3.44047e-012
                        2.78032e-012
                        2.98335e-012
                        9.98552e-014
                        2.7342e-014
                        1.33109e-013
                        3.8217e-014
                        2.07664e-013
                        1.7938e-013
                        2.60019e-013
                        2.26552e-013
                        1.17854e-013
                        1.55686e-013
                        7.06112e-016
                        6.85826e-016
                        6.306e-016
                        5.4641e-016
                        7.91492e-016
                        2.45055e-015
                        1.83159e-015
                        2.82806e-015
                        1.88185e-015
                        1.63064e-015
                        4.89795e-016
                        4.89827e-016
                        7.83967e-016
                        6.79305e-016
                        5.89342e-016
                        5.1066e-016
                        7.04852e-014
                        8.07934e-014
                        9.82124e-014
                        2.17498e-011
                        1.37351e-011
                        2.20176e-011
                        1.39043e-011
                        4.12343e-011
                        2.60608e-011
                        4.67082e-011
                        2.95265e-011
                        3.18847e-011
                        2.01443e-011
                        2.51684e-011
                        1.58964e-011
                        5.65214e-011
                        3.58562e-011
                        7.0949e-011
                        4.50696e-011
                        9.7305e-011
                        6.19034e-011
                        8.51484e-011
                        5.41389e-011
                        9.75281e-011
                        1.03198e-010
                        9.87197e-011
                        1.0446e-010
                        1.84092e-010
                        1.94587e-010
                        2.08373e-010
                        2.20132e-010
                        1.42587e-010
                        1.5083e-010
                        1.12737e-010
                        1.1929e-010
                        9.92981e-010
                        1.6657e-009
                        7.88252e-010
                        1.32732e-009
                        1.19469e-009
                        1.99911e-009
                        1.36745e-009
                        2.28483e-009
                        3.67538e-009
                        1.12429e-009
                        3.7202e-009
                        1.13728e-009
                        6.91951e-009
                        2.05129e-009
                        7.82545e-009
                        2.30674e-009
                        5.36691e-009
                        1.61053e-009
                        4.24704e-009
                        1.2895e-009
                        3.23783e-008
                        6.45082e-009
                        4.09082e-008
                        8.14978e-009
                        5.65572e-008
                        1.12837e-008
                        4.93313e-008
                        9.83389e-009
                        5.11818e-014
                        1.26837e-013
                        4.45632e-014
                        1.10497e-013
                        1.37573e-014
                        3.41863e-014
                        2.9854e-014
                        7.41107e-014
                        2.67283e-014
                        3.34744e-014
                        1.41826e-014
                        1.77722e-014
                        4.067e-014
                        2.56485e-014
                        3.54329e-014
                        2.23247e-014
                        1.09675e-014
                        6.87473e-015
                        2.37694e-014
                        1.49423e-014
                        1.13021e-014
                        1.41804e-014
                        6.01795e-015
                        7.49707e-015
                        5.02352e-012
                        1.29699e-011
                        4.36695e-012
                        1.12965e-011
                        3.60654e-012
                        9.34995e-012
                        4.48654e-012
                        1.16018e-011
                        5.07405e-012
                        1.30985e-011
                        1.10798e-011
                        1.10476e-011
                        1.40134e-011
                        1.39368e-011
                        1.94058e-011
                        1.92628e-011
                        1.69142e-011
                        1.67993e-011
                        2.41764e-011
                        2.62732e-011
                        2.44727e-011
                        2.658e-011
                        4.56771e-011
                        4.8276e-011
                        5.16967e-011
                        5.43702e-011
                        3.53753e-011
                        3.77896e-011
                        2.79578e-011
                        3.01793e-011
                        7.51358e-011
                        9.48665e-011
                        1.74683e-010
                        1.31055e-010
                        2.42573e-010
                        1.14345e-010
                        2.11179e-010
                        1.87317e-009
                        1.98112e-009
                        1.70145e-009
                        1.72139e-009
                        2.59164e-006
                        9.33797e-008
                        2.62238e-006
                        9.44833e-008
                        1.4776
                        1.46315
                        1.33578e-007
                        1.67172e-007
                        6.37001e-010
                        7.9314e-010
                        0.000809404
                        0.000970094
                        0.00252974
                        0.00279267
                        1.31242e-008
                        1.2993e-008
                        1.07886
                        1.08165
                        7.49964e-006
                        6.02946e-006
                        2.4473e-009
                        1.95497e-009
                        3.74377e-006
                        1.34701e-007
                        2.98277e-006
                        1.07418e-007
                        1.46584
                        1.47868
                        5.7513e-012
                        2.01436e-012
                        4.33224e-012
                        8.10443e-014
                        9.45225e-014
                        2.14049e-014
                        2.56409e-014
                        8.27598e-014
                        1.11742e-013
                        9.62332e-014
                        5.67653e-016
                        8.14904e-016
                        6.13905e-016
                        5.31944e-016
                        9.81038e-016
                        8.50069e-016
                        1.02172e-015
                        7.80115e-016
                        6.75967e-016
                        1.17566e-015
                        1.01872e-015
                        2.91745e-013
                        2.87335e-013
                        3.03252e-011
                        3.06792e-011
                        5.55574e-011
                        6.24987e-011
                        4.35678e-011
                        3.48262e-011
                        1.22988e-010
                        1.56282e-010
                        2.17936e-010
                        1.89384e-010
                        3.54012e-010
                        3.58306e-010
                        6.63952e-010
                        7.5023e-010
                        5.1583e-010
                        4.08757e-010
                        5.34311e-010
                        4.21324e-010
                        6.46363e-010
                        7.42819e-010
                        5.4376e-009
                        5.50228e-009
                        1.00983e-008
                        1.13951e-008
                        7.87198e-009
                        6.26174e-009
                        1.10631e-007
                        1.91937e-007
                        1.67704e-007
                        7.81565e-014
                        6.81367e-014
                        2.11774e-014
                        4.57847e-014
                        1.08977e-014
                        5.76412e-015
                        3.33968e-014
                        2.90662e-014
                        8.9425e-015
                        1.94484e-014
                        5.32626e-015
                        2.84676e-015
                        6.21431e-012
                        5.41583e-012
                        4.48588e-012
                        5.56157e-012
                        6.27559e-012
                        7.38388e-012
                        9.32328e-012
                        9.43339e-012
                        1.72485e-011
                        1.94521e-011
                        1.34645e-011
                        1.07259e-011
                        3.10743e-011
                        3.91002e-011
                        5.38469e-011
                        4.70325e-011
                        7.18777e-010
                        1.98112e-009
                        0.00152188
                        7.32913e-009
                        2.16905e-010
                        1.08562
                        7.69676e-006
                        3.5129e-009
                        5.39476e-006
                        1.93795e-007
                        1.41415
                        2.00092e-007
                        6.14779e-010
                        0.000785873
                        0.00169838
                        0.00150663
                        5.80749e-012
                        4.16449e-012
                        5.15257e-012
                        1.55487e-012
                        6.84992e-014
                        1.16416e-013
                        2.16642e-013
                        6.69718e-014
                        1.68099e-013
                        5.00545e-014
                        1.24113e-013
                        1.45496e-013
                        2.49068e-013
                        1.95055e-013
                        4.96395e-016
                        5.64058e-016
                        4.88748e-016
                        5.63949e-016
                        4.88654e-016
                        5.17811e-016
                        7.4981e-016
                        8.65334e-016
                        5.65302e-016
                        2.19386e-014
                        3.30477e-011
                        2.088e-011
                        4.01208e-011
                        2.5356e-011
                        4.84116e-011
                        9.8237e-011
                        5.49082e-011
                        4.7857e-011
                        1.47752e-010
                        1.79151e-010
                        6.73342e-010
                        1.3807e-009
                        6.6549e-010
                        7.65382e-010
                        5.56042e-009
                        6.73496e-009
                        2.76021e-008
                        5.71116e-008
                        3.1427e-008
                        2.72761e-008
                        1.15378e-014
                        2.86758e-014
                        5.44518e-014
                        3.65703e-014
                        6.24714e-014
                        9.20001e-015
                        2.29061e-014
                        1.54312e-014
                        2.62494e-014
                        2.75757e-012
                        7.16496e-012
                        2.38839e-012
                        6.21069e-012
                        2.8424e-012
                        9.43921e-012
                        1.95971e-011
                        1.07529e-011
                        9.32727e-012
                        3.66581e-011
                        4.44515e-011
                        6.40835e-011
                        1.32337e-010
                        2.44984e-010
                        7.29347e-011
                        6.33289e-011
                        4.23516e-006
                        2.01298e-009
                        3.07235e-006
                        1.4423
                        2.05229e-007
                        8.97274e-010
                        0.0010733
                        0.00277038
                        1.1288e-008
                        1.6866e-010
                        1.08637
                        4.81255e-006
                        4.18588e-006
                        8.65118e-010
                        7.18778e-010
                        1.30187e-012
                        3.19338e-014
                        2.55375e-013
                        2.51358e-013
                        7.9351e-014
                        6.55115e-016
                        4.97349e-016
                        5.97595e-016
                        1.17913e-015
                        1.07618e-014
                        7.25938e-015
                        1.23309e-014
                        6.28559e-012
                        1.28475e-012
                        2.68384e-014
                        5.68904e-016
                        4.92949e-016
                        2.11376e-015
                        5.09999e-016
                        5.65265e-016
                        3.52344e-014
                        5.39397e-014
                        2.59547e-011
                        1.63936e-011
                        4.62372e-011
                        2.92282e-011
                        8.73693e-011
                        6.85976e-011
                        1.16233e-010
                        2.06284e-010
                        1.22625e-009
                        9.59595e-010
                        4.37836e-009
                        7.74759e-009
                        5.06506e-008
                        3.95157e-008
                        2.17882e-014
                        5.41174e-014
                        1.69023e-014
                        1.73591e-014
                        7.16584e-015
                        2.41733e-012
                        3.48138e-012
                        9.02861e-012
                        1.73689e-011
                        1.35342e-011
                        2.88269e-011
                        5.11791e-011
                        1.17396e-010
                        9.1646e-011
                        1.5042e-012
                        5.02427e-014
                        5.72881e-016
                        5.73982e-016
                        5.8858e-016
                        3.38676e-015
                        1.98111e-009
                        1.01588e-013
                    </float_array>
                    <technique_common>
                        <accessor count="575" source="#Geometry-mesh016-__item_locator066-array" stride="1">
                            <param name="WEIGHT" type="float" />
                        </accessor>
                    </technique_common>
                </source>
                <source id="Geometry-mesh016-__item_locator070" name="__item_locator070">
                    <float_array id="Geometry-mesh016-__item_locator070-array" count="575">
                        1.58049e-010
                        1.5805e-010
                        1.58049e-010
                        1.5805e-010
                        1.58049e-010
                        1.58048e-010
                        1.58049e-010
                        1.58051e-010
                        4.57879e-012
                        5.88443e-012
                        2.6078e-014
                        7.39785e-012
                        8.41236e-012
                        8.3251e-012
                        7.19152e-012
                        5.66997e-012
                        4.43446e-012
                        3.80815e-012
                        3.8571e-012
                        1.18434e-015
                        1.07782e-015
                        1.1987e-015
                        1.09547e-015
                        1.02446e-015
                        1.02914e-015
                        1.01589e-015
                        1.01631e-015
                        1.47165e-015
                        2.35663e-015
                        1.12938e-015
                        1.07541e-015
                        3.05831e-015
                        1.15875e-015
                        2.53478e-015
                        1.58861e-015
                        1.02403e-015
                        1.02415e-015
                        1.06219e-015
                        1.23689e-015
                        1.06315e-015
                        1.5181e-015
                        1.23991e-015
                        1.5204e-015
                        6.97876e-014
                        9.91452e-014
                        5.0785e-014
                        4.23946e-014
                        1.3266e-013
                        4.34517e-014
                        1.57187e-013
                        5.41543e-014
                        1.60045e-013
                        7.56959e-014
                        1.39621e-013
                        1.06842e-013
                        3.96648e-014
                        2.86999e-014
                        4.78646e-014
                        4.88303e-014
                        1.94123e-014
                        4.1978e-014
                        1.36307e-014
                        3.11888e-014
                        1.11595e-014
                        2.12514e-014
                        1.14674e-014
                        1.4639e-014
                        6.44036e-010
                        2.46852e-010
                        6.44036e-010
                        2.46853e-010
                        6.44033e-010
                        2.46852e-010
                        6.84214e-010
                        6.44032e-010
                        6.84212e-010
                        6.44033e-010
                        1.54397e-007
                        1.25122e-005
                        1.56261e-007
                        1.26499e-005
                        6.13765e-010
                        3.06956e-009
                        7.21184e-010
                        3.6125e-009
                        5.1852e-005
                        8.74969e-007
                        6.00998e-005
                        1.02202e-006
                        0.0222327
                        1.95844
                        0.0260759
                        1.95182
                        2.92682e-008
                        2.32658e-007
                        3.60507e-008
                        2.88946e-007
                        7.25888e-008
                        7.94637e-009
                        9.02058e-008
                        9.83189e-009
                        0.576087
                        9.08515e-005
                        0.586374
                        0.000101485
                        2.46689e-005
                        0.0325605
                        2.44494e-005
                        0.0323528
                        6.39143e-009
                        4.01482e-008
                        5.55629e-009
                        3.51341e-008
                        1.75688e-006
                        1.00926e-007
                        1.53869e-006
                        8.78153e-008
                        1.94589
                        0.573808
                        1.95285
                        0.554415
                        2.24636e-007
                        1.75965e-005
                        1.7816e-007
                        1.42554e-005
                        6.9977e-010
                        3.50417e-009
                        6.06441e-010
                        3.03259e-009
                        5.84653e-005
                        9.92787e-007
                        5.12851e-005
                        8.64903e-007
                        2.90167e-010
                        2.90167e-010
                        2.90169e-010
                        2.90167e-010
                        2.90167e-010
                        2.46852e-010
                        6.44031e-010
                        1.36908e-011
                        1.09757e-011
                        6.75529e-012
                        5.29044e-012
                        7.8485e-012
                        6.95419e-012
                        7.9327e-012
                        7.67637e-012
                        8.28709e-012
                        8.99972e-012
                        9.73043e-012
                        8.73621e-012
                        9.44284e-012
                        7.58601e-012
                        8.18862e-012
                        2.13202e-013
                        5.83847e-014
                        2.84194e-013
                        8.16048e-014
                        4.53748e-013
                        3.82972e-013
                        5.68127e-013
                        4.83671e-013
                        2.57528e-013
                        3.40187e-013
                        1.48041e-015
                        1.43788e-015
                        1.34081e-015
                        1.14561e-015
                        1.68287e-015
                        5.13744e-015
                        3.83987e-015
                        6.0126e-015
                        4.00098e-015
                        3.41859e-015
                        1.02695e-015
                        1.02702e-015
                        1.66687e-015
                        1.42421e-015
                        1.2531e-015
                        1.07067e-015
                        1.50499e-013
                        1.72507e-013
                        2.14614e-013
                        7.05052e-012
                        4.7227e-012
                        7.13735e-012
                        4.78092e-012
                        1.33708e-011
                        8.96321e-012
                        1.51468e-011
                        1.01557e-011
                        1.03377e-011
                        6.92752e-012
                        8.15924e-012
                        5.46617e-012
                        1.59334e-011
                        1.08839e-011
                        2.00038e-011
                        1.36825e-011
                        2.74416e-011
                        1.87969e-011
                        2.40107e-011
                        1.64377e-011
                        2.29745e-011
                        2.67504e-011
                        2.32555e-011
                        2.70776e-011
                        4.33948e-011
                        5.04667e-011
                        4.91253e-011
                        5.70985e-011
                        3.36017e-011
                        3.91095e-011
                        2.65609e-011
                        3.09252e-011
                        1.84369e-010
                        2.65836e-010
                        1.46299e-010
                        2.11724e-010
                        2.21894e-010
                        3.19183e-010
                        2.54047e-010
                        3.64922e-010
                        4.8878e-010
                        1.79275e-010
                        4.94756e-010
                        1.81351e-010
                        9.21875e-010
                        3.27535e-010
                        1.04298e-009
                        3.68431e-010
                        7.1448e-010
                        2.5701e-010
                        5.65022e-010
                        2.05679e-010
                        2.6215e-009
                        6.87996e-010
                        3.31652e-009
                        8.70004e-010
                        4.59433e-009
                        1.20623e-009
                        4.0039e-009
                        1.05061e-009
                        1.35332e-013
                        3.46141e-013
                        1.17833e-013
                        3.01554e-013
                        3.63818e-014
                        9.3311e-014
                        7.89435e-014
                        2.02265e-013
                        6.6725e-014
                        8.59321e-014
                        3.54077e-014
                        4.56257e-014
                        9.64597e-014
                        6.23619e-014
                        8.40397e-014
                        5.42812e-014
                        2.60151e-014
                        1.67172e-014
                        5.63782e-014
                        3.63325e-014
                        2.56095e-014
                        3.28543e-014
                        1.36367e-014
                        1.73706e-014
                        1.44801e-011
                        3.94696e-011
                        1.25883e-011
                        3.43796e-011
                        1.03972e-011
                        2.84582e-011
                        1.29329e-011
                        3.53082e-011
                        1.46257e-011
                        3.98605e-011
                        3.59644e-011
                        3.85402e-011
                        4.54804e-011
                        4.86118e-011
                        6.29691e-011
                        6.71729e-011
                        5.4889e-011
                        5.85882e-011
                        9.1514e-011
                        1.09132e-010
                        9.26348e-011
                        1.10405e-010
                        1.72811e-010
                        2.00399e-010
                        1.95564e-010
                        2.25666e-010
                        1.33865e-010
                        1.56911e-010
                        1.05816e-010
                        1.2534e-010
                        3.47209e-010
                        4.38258e-010
                        9.13543e-010
                        6.05174e-010
                        1.26789e-009
                        5.28114e-010
                        1.10406e-009
                        6.44026e-010
                        6.84214e-010
                        1.97096e-008
                        1.99394e-008
                        4.80976e-008
                        5.30549e-009
                        4.86808e-008
                        5.36869e-009
                        0.522235
                        0.536664
                        1.4652e-005
                        1.81652e-005
                        4.58755e-009
                        5.7085e-009
                        1.2829e-006
                        1.5786e-006
                        1.94501
                        1.94085
                        3.26422e-007
                        3.23202e-007
                        0.000100577
                        8.86666e-005
                        0.0295603
                        0.0254723
                        2.82959e-008
                        2.26305e-008
                        7.0078e-008
                        7.67676e-009
                        5.55328e-008
                        6.11002e-009
                        0.533981
                        0.521154
                        1.56881e-011
                        5.49665e-012
                        1.18895e-011
                        1.73042e-013
                        2.01818e-013
                        4.57078e-014
                        5.47526e-014
                        1.76705e-013
                        2.44175e-013
                        2.10289e-013
                        1.19015e-015
                        1.73264e-015
                        1.30532e-015
                        1.11529e-015
                        2.08585e-015
                        1.78221e-015
                        2.14205e-015
                        1.65868e-015
                        1.41722e-015
                        2.49963e-015
                        2.13576e-015
                        6.37436e-013
                        6.27801e-013
                        9.20413e-012
                        9.31162e-012
                        1.68687e-011
                        1.89777e-011
                        1.32263e-011
                        1.05711e-011
                        3.18846e-011
                        4.05243e-011
                        5.65283e-011
                        4.91161e-011
                        7.46888e-011
                        7.5596e-011
                        1.40195e-010
                        1.58441e-010
                        1.08881e-010
                        8.62541e-011
                        1.12787e-010
                        8.89093e-011
                        1.36476e-010
                        1.56873e-010
                        5.79558e-010
                        5.86477e-010
                        1.07898e-009
                        1.2182e-009
                        8.40229e-010
                        6.67753e-010
                        6.29435e-009
                        1.09745e-008
                        9.57662e-009
                        2.00616e-013
                        1.74899e-013
                        5.43668e-014
                        1.1753e-013
                        2.64987e-014
                        1.40168e-014
                        7.73711e-014
                        6.73391e-014
                        2.07194e-014
                        4.50587e-014
                        1.18169e-014
                        6.31611e-015
                        1.70523e-011
                        1.4862e-011
                        1.2311e-011
                        1.52618e-011
                        1.72204e-011
                        2.24767e-011
                        3.25285e-011
                        3.29124e-011
                        6.01538e-011
                        6.78326e-011
                        4.69656e-011
                        3.74187e-011
                        1.29053e-010
                        1.62347e-010
                        2.23497e-010
                        1.95243e-010
                        2.46852e-010
                        6.84213e-010
                        1.9625
                        1.83615e-007
                        1.13395e-009
                        7.45956e-005
                        0.0300826
                        4.05323e-008
                        1.01933e-007
                        1.10818e-008
                        0.585543
                        2.15702e-005
                        4.42794e-009
                        1.24045e-006
                        1.95923
                        1.96279
                        1.58413e-011
                        1.13611e-011
                        1.40555e-011
                        4.24314e-012
                        2.00466e-013
                        3.40665e-013
                        4.62517e-013
                        1.42998e-013
                        3.58891e-013
                        1.06879e-013
                        2.6499e-013
                        3.17923e-013
                        5.44202e-013
                        4.26199e-013
                        1.04077e-015
                        1.19938e-015
                        1.02476e-015
                        1.19915e-015
                        1.02457e-015
                        1.08566e-015
                        1.57202e-015
                        1.83986e-015
                        1.20202e-015
                        4.68473e-014
                        1.0715e-011
                        7.18065e-012
                        1.30096e-011
                        8.72068e-012
                        1.36458e-011
                        2.77047e-011
                        1.54783e-011
                        1.34893e-011
                        3.48203e-011
                        4.22289e-011
                        1.2494e-010
                        2.56512e-010
                        1.23481e-010
                        1.42047e-010
                        7.40318e-010
                        8.97212e-010
                        2.23287e-009
                        4.63965e-009
                        2.54406e-009
                        2.20636e-009
                        3.0513e-014
                        7.82716e-014
                        1.35925e-013
                        9.1292e-014
                        1.55941e-013
                        2.18229e-014
                        5.19008e-014
                        3.4965e-014
                        5.94752e-014
                        7.95058e-012
                        2.18106e-011
                        6.88656e-012
                        1.89069e-011
                        8.19507e-012
                        3.06417e-011
                        6.35893e-011
                        3.49039e-011
                        3.02785e-011
                        1.38715e-010
                        1.68178e-010
                        2.96192e-010
                        6.11085e-010
                        1.28047e-009
                        3.3705e-010
                        2.92708e-010
                        0.0199056
                        2.32985e-008
                        5.72397e-008
                        0.557469
                        2.20986e-005
                        6.45565e-009
                        1.77358e-006
                        1.94119
                        2.81308e-007
                        8.82099e-010
                        7.22475e-005
                        0.0217804
                        0.0197413
                        2.90167e-010
                        2.46852e-010
                        3.5529e-012
                        9.34664e-014
                        5.45197e-013
                        5.36623e-013
                        1.69427e-013
                        1.39293e-015
                        1.04277e-015
                        1.27064e-015
                        2.50699e-015
                        2.38751e-014
                        1.61055e-014
                        2.73561e-014
                        1.91348e-011
                        3.50618e-012
                        7.85547e-014
                        1.20966e-015
                        1.03355e-015
                        4.49403e-015
                        1.06929e-015
                        1.20194e-015
                        7.52364e-014
                        1.15174e-013
                        8.41426e-012
                        5.6372e-012
                        1.4994e-011
                        1.00531e-011
                        2.46375e-011
                        1.93404e-011
                        2.73855e-011
                        4.86323e-011
                        2.27767e-010
                        1.7816e-010
                        5.82542e-010
                        1.03256e-009
                        4.11165e-009
                        3.20298e-009
                        5.76171e-014
                        1.47704e-013
                        4.2197e-014
                        4.11748e-014
                        1.62377e-014
                        6.96996e-012
                        1.00365e-011
                        2.74806e-011
                        5.63636e-011
                        4.3926e-011
                        1.09103e-010
                        1.93607e-010
                        5.42185e-010
                        4.23399e-010
                        4.10491e-012
                        1.47044e-013
                        1.21811e-015
                        1.22045e-015
                        1.25148e-015
                        7.51413e-015
                        6.84211e-010
                        2.97281e-013
                    </float_array>
                    <technique_common>
                        <accessor count="575" source="#Geometry-mesh016-__item_locator070-array" stride="1">
                            <param name="WEIGHT" type="float" />
                        </accessor>
                    </technique_common>
                </source>
                <source id="Geometry-mesh016-__item_locator074" name="__item_locator074">
                    <float_array id="Geometry-mesh016-__item_locator074-array" count="575">
                        6.01883e-011
                        6.01885e-011
                        6.01881e-011
                        6.01883e-011
                        6.01882e-011
                        6.01878e-011
                        6.0188e-011
                        6.01888e-011
                        1.53093e-011
                        1.96722e-011
                        9.26242e-014
                        2.47285e-011
                        2.81176e-011
                        2.78261e-011
                        2.40392e-011
                        1.89556e-011
                        1.4827e-011
                        1.27338e-011
                        1.28974e-011
                        2.67519e-015
                        2.43463e-015
                        2.70762e-015
                        2.47449e-015
                        2.31416e-015
                        2.32472e-015
                        2.29483e-015
                        2.29579e-015
                        3.32408e-015
                        5.32287e-015
                        2.55107e-015
                        2.42919e-015
                        6.90762e-015
                        2.61741e-015
                        5.72522e-015
                        3.58825e-015
                        2.31319e-015
                        2.31346e-015
                        2.39935e-015
                        2.79388e-015
                        2.4015e-015
                        3.42901e-015
                        2.8007e-015
                        3.43421e-015
                        1.6002e-013
                        2.27327e-013
                        1.16451e-013
                        9.72136e-014
                        3.04163e-013
                        9.96374e-014
                        3.60391e-013
                        1.24177e-013
                        3.66942e-013
                        1.73566e-013
                        3.20121e-013
                        2.44973e-013
                        9.63559e-014
                        6.97218e-014
                        1.16273e-013
                        1.18618e-013
                        4.71611e-014
                        1.01975e-013
                        3.31161e-014
                        7.57676e-014
                        2.71126e-014
                        5.16286e-014
                        2.78608e-014
                        3.55654e-014
                        2.51006e-010
                        9.61346e-011
                        2.51006e-010
                        9.61352e-011
                        2.51005e-010
                        9.61347e-011
                        2.676e-010
                        2.51005e-010
                        2.676e-010
                        2.51005e-010
                        3.35286e-005
                        0.332999
                        3.391e-005
                        0.334126
                        4.94563e-009
                        4.22878e-008
                        5.80837e-009
                        4.97188e-008
                        2.02846e-007
                        2.39042e-008
                        2.37586e-007
                        2.79946e-008
                        1.97492
                        0.0398108
                        1.97048
                        0.0460518
                        9.91983e-007
                        4.9289e-005
                        1.21739e-006
                        6.03591e-005
                        5.08123e-009
                        9.63481e-010
                        6.32412e-009
                        1.193e-009
                        2.60129e-005
                        3.70684e-007
                        2.90238e-005
                        4.17847e-007
                        0.404299
                        1.96293
                        0.403348
                        1.96317
                        8.76342e-008
                        1.35308e-006
                        7.62579e-008
                        1.18699e-006
                        4.86093e-008
                        7.08151e-009
                        4.24618e-008
                        6.15533e-009
                        0.0516177
                        2.53941e-005
                        0.0450789
                        2.07411e-005
                        4.76948e-005
                        0.368507
                        3.83665e-005
                        0.346483
                        5.63643e-009
                        4.82369e-008
                        4.88679e-009
                        4.17814e-008
                        2.30665e-007
                        2.71805e-008
                        2.00475e-007
                        2.36247e-008
                        1.10946e-010
                        1.10946e-010
                        1.10947e-010
                        1.10946e-010
                        1.10946e-010
                        9.61348e-011
                        2.51004e-010
                        4.31275e-011
                        3.4579e-011
                        2.12878e-011
                        1.66735e-011
                        2.4731e-011
                        2.19142e-011
                        2.49962e-011
                        2.41889e-011
                        2.63177e-011
                        2.83566e-011
                        3.08989e-011
                        2.75267e-011
                        2.99861e-011
                        2.39042e-011
                        2.60052e-011
                        4.92866e-013
                        1.3499e-013
                        6.56953e-013
                        1.8867e-013
                        1.07902e-012
                        8.85254e-013
                        1.35096e-012
                        1.11798e-012
                        6.12466e-013
                        8.09011e-013
                        3.34735e-015
                        3.2512e-015
                        3.084e-015
                        2.59042e-015
                        3.87065e-015
                        1.16153e-014
                        8.68176e-015
                        1.3828e-014
                        9.20183e-015
                        7.72932e-015
                        2.32221e-015
                        2.32237e-015
                        3.83386e-015
                        3.22029e-015
                        2.88232e-015
                        2.42101e-015
                        3.47929e-013
                        3.988e-013
                        5.10418e-013
                        2.62649e-012
                        1.84136e-012
                        2.65885e-012
                        1.86407e-012
                        4.98201e-012
                        3.49535e-012
                        5.644e-012
                        3.96055e-012
                        3.85153e-012
                        2.7013e-012
                        3.03965e-012
                        2.13132e-012
                        5.34004e-012
                        3.85621e-012
                        6.70495e-012
                        4.84819e-012
                        9.19945e-012
                        6.66131e-012
                        8.04871e-012
                        5.82491e-012
                        6.75258e-012
                        8.4267e-012
                        6.83522e-012
                        8.52983e-012
                        1.27596e-011
                        1.59029e-011
                        1.44458e-011
                        1.7994e-011
                        9.8784e-012
                        1.23223e-011
                        7.80737e-012
                        9.74252e-012
                        4.58726e-011
                        5.97444e-011
                        3.63924e-011
                        4.75702e-011
                        5.52194e-011
                        7.17504e-011
                        6.32298e-011
                        8.20467e-011
                        9.7587e-011
                        4.0272e-011
                        9.87817e-011
                        4.07388e-011
                        1.84225e-010
                        7.36303e-011
                        2.08466e-010
                        8.28366e-011
                        1.42725e-010
                        5.77585e-011
                        1.12831e-010
                        4.62106e-011
                        3.8707e-010
                        1.19678e-010
                        4.89975e-010
                        1.51405e-010
                        6.79341e-010
                        2.10057e-010
                        5.91817e-010
                        1.82905e-010
                        4.09416e-013
                        1.09116e-012
                        3.56488e-013
                        9.50631e-013
                        1.1009e-013
                        2.94224e-013
                        2.3885e-013
                        6.37681e-013
                        1.8748e-013
                        2.50235e-013
                        9.94949e-014
                        1.32875e-013
                        2.54004e-013
                        1.69441e-013
                        2.21303e-013
                        1.47488e-013
                        6.85151e-014
                        4.54293e-014
                        1.48469e-013
                        9.87248e-014
                        6.36992e-014
                        8.40139e-014
                        3.3921e-014
                        4.44222e-014
                        4.9049e-011
                        1.43767e-010
                        4.2645e-011
                        1.25241e-010
                        3.52267e-011
                        1.03686e-010
                        4.38116e-011
                        1.28622e-010
                        4.95418e-011
                        1.4519e-010
                        1.43038e-010
                        1.69433e-010
                        1.80847e-010
                        2.13653e-010
                        2.50308e-010
                        2.95114e-010
                        2.18219e-010
                        2.57443e-010
                        4.51836e-010
                        6.17048e-010
                        4.57363e-010
                        6.24236e-010
                        8.52469e-010
                        1.1318e-009
                        9.64522e-010
                        1.27419e-009
                        6.60597e-010
                        8.86615e-010
                        5.2235e-010
                        7.08518e-010
                        2.30456e-009
                        2.90726e-009
                        7.35209e-009
                        4.01118e-009
                        1.01923e-008
                        3.50168e-009
                        8.87968e-009
                        2.51002e-010
                        2.676e-010
                        6.7232e-007
                        6.80037e-007
                        3.35783e-009
                        6.42431e-010
                        3.39879e-009
                        6.50108e-010
                        1.49502e-005
                        1.72941e-005
                        0.349337
                        0.371857
                        6.30429e-008
                        7.83324e-008
                        3.52826e-008
                        4.35849e-008
                        0.0524451
                        0.0563469
                        6.76286e-005
                        6.70069e-005
                        4.13798e-007
                        3.61061e-007
                        1.96643
                        1.97118
                        9.59581e-007
                        7.70283e-007
                        4.90429e-009
                        9.30681e-010
                        3.8804e-009
                        7.4018e-010
                        1.68298e-005
                        1.47889e-005
                        4.94153e-011
                        1.73231e-011
                        3.77509e-011
                        4.00038e-013
                        4.66551e-013
                        1.05682e-013
                        1.26593e-013
                        4.08504e-013
                        5.80714e-013
                        5.00135e-013
                        2.6911e-015
                        3.98512e-015
                        3.00239e-015
                        2.52186e-015
                        4.79743e-015
                        4.02968e-015
                        4.84324e-015
                        3.81503e-015
                        3.20447e-015
                        5.74905e-015
                        4.82902e-015
                        1.51574e-012
                        1.49284e-012
                        3.26085e-012
                        3.29895e-012
                        5.97771e-012
                        6.72543e-012
                        4.68648e-012
                        3.74534e-012
                        1.00449e-011
                        1.27684e-011
                        1.78142e-011
                        1.54771e-011
                        2.03018e-011
                        2.05485e-011
                        3.81258e-011
                        4.30922e-011
                        2.9604e-011
                        2.34478e-011
                        3.06669e-011
                        2.41702e-011
                        3.71136e-011
                        4.26655e-011
                        1.00784e-010
                        1.0199e-010
                        1.87853e-010
                        2.12145e-010
                        1.46214e-010
                        1.1615e-010
                        7.62583e-010
                        1.33219e-009
                        1.16191e-009
                        5.84113e-013
                        5.0925e-013
                        1.58327e-013
                        3.42231e-013
                        7.20066e-014
                        3.80915e-014
                        1.97832e-013
                        1.72184e-013
                        5.29853e-014
                        1.15219e-013
                        2.86352e-014
                        1.53062e-014
                        5.41324e-011
                        4.71833e-011
                        3.90885e-011
                        4.84517e-011
                        5.46657e-011
                        8.19069e-011
                        1.4303e-010
                        1.44716e-010
                        2.64313e-010
                        2.98008e-010
                        2.06426e-010
                        1.64508e-010
                        7.29471e-010
                        9.1727e-010
                        1.26197e-009
                        1.10274e-009
                        9.61347e-011
                        2.676e-010
                        0.0359742
                        3.94701e-005
                        9.1192e-009
                        2.99672e-007
                        1.96582
                        1.36578e-006
                        7.15274e-009
                        1.34526e-009
                        2.87667e-005
                        0.390031
                        6.08635e-008
                        3.40941e-008
                        0.0390687
                        0.0357016
                        4.98975e-011
                        3.57923e-011
                        4.42758e-011
                        1.33741e-011
                        6.93085e-013
                        1.17764e-012
                        1.06909e-012
                        3.30589e-013
                        8.29598e-013
                        2.47096e-013
                        6.12567e-013
                        7.56074e-013
                        1.29408e-012
                        1.01352e-012
                        2.35343e-015
                        2.75888e-015
                        2.3173e-015
                        2.75836e-015
                        2.31686e-015
                        2.45489e-015
                        3.55447e-015
                        4.2317e-015
                        2.76491e-015
                        1.08317e-013
                        3.99213e-012
                        2.80003e-012
                        4.84736e-012
                        3.40075e-012
                        4.57304e-012
                        9.28768e-012
                        5.18745e-012
                        4.52059e-012
                        1.02369e-011
                        1.24165e-011
                        3.10749e-011
                        6.38442e-011
                        3.07116e-011
                        3.53339e-011
                        1.47894e-010
                        1.79288e-010
                        3.29565e-010
                        6.86061e-010
                        3.75609e-010
                        3.25643e-010
                        9.23338e-014
                        2.4681e-013
                        3.81874e-013
                        2.56496e-013
                        4.381e-013
                        5.74754e-014
                        1.29085e-013
                        8.69668e-014
                        1.47921e-013
                        2.69418e-011
                        7.94813e-011
                        2.33382e-011
                        6.89069e-011
                        2.77698e-011
                        1.21886e-010
                        2.5277e-010
                        1.38824e-010
                        1.20442e-010
                        6.84498e-010
                        8.2965e-010
                        1.96665e-009
                        4.05025e-009
                        1.02931e-008
                        2.23729e-009
                        1.94357e-009
                        1.9776
                        7.9265e-007
                        4.00046e-009
                        2.14069e-005
                        0.392599
                        8.85084e-008
                        4.90806e-008
                        0.0560213
                        5.8868e-005
                        7.09984e-009
                        2.89532e-007
                        1.97545
                        1.97779
                        1.10946e-010
                        9.61348e-011
                        1.11993e-011
                        3.23207e-013
                        1.26017e-012
                        1.24035e-012
                        3.91682e-013
                        3.20386e-015
                        2.35795e-015
                        2.92266e-015
                        5.76598e-015
                        5.78513e-014
                        3.90263e-014
                        6.6285e-014
                        6.97369e-011
                        1.10521e-011
                        2.71653e-013
                        2.78247e-015
                        2.33712e-015
                        1.03357e-014
                        2.41787e-015
                        2.76473e-015
                        1.73948e-013
                        2.66272e-013
                        3.13469e-012
                        2.19803e-012
                        5.58704e-012
                        3.92052e-012
                        8.25892e-012
                        6.48247e-012
                        8.0499e-012
                        1.43007e-011
                        5.66824e-011
                        4.43261e-011
                        1.16335e-010
                        2.06382e-010
                        6.07786e-010
                        4.73159e-010
                        1.74334e-013
                        4.65697e-013
                        1.1857e-013
                        1.08435e-013
                        4.03901e-014
                        2.36207e-011
                        3.40054e-011
                        1.00127e-010
                        2.24076e-010
                        1.74672e-010
                        5.38554e-010
                        9.54889e-010
                        3.59473e-009
                        2.80893e-009
                        1.29386e-011
                        5.08427e-013
                        2.80188e-015
                        2.80726e-015
                        2.87859e-015
                        1.82092e-014
                        2.67599e-010
                        1.02771e-012
                    </float_array>
                    <technique_common>
                        <accessor count="575" source="#Geometry-mesh016-__item_locator074-array" stride="1">
                            <param name="WEIGHT" type="float" />
                        </accessor>
                    </technique_common>
                </source>
                <source id="Geometry-mesh016-__item_locator078" name="__item_locator078">
                    <float_array id="Geometry-mesh016-__item_locator078-array" count="575">
                        2.5429e-011
                        2.54291e-011
                        2.54289e-011
                        2.5429e-011
                        2.54289e-011
                        2.54287e-011
                        2.54289e-011
                        2.54292e-011
                        6.34373e-011
                        8.14983e-011
                        4.17933e-013
                        1.02425e-010
                        1.16448e-010
                        1.15242e-010
                        9.95722e-011
                        7.85323e-011
                        6.14403e-011
                        5.2773e-011
                        5.34505e-011
                        6.62831e-015
                        6.03244e-015
                        6.70866e-015
                        6.13117e-015
                        5.73415e-015
                        5.76028e-015
                        5.68637e-015
                        5.68873e-015
                        8.23581e-015
                        1.31874e-014
                        6.32085e-015
                        6.01896e-015
                        1.71132e-014
                        6.48519e-015
                        1.41842e-014
                        8.89022e-015
                        5.73174e-015
                        5.7324e-015
                        5.94506e-015
                        6.92234e-015
                        5.9504e-015
                        8.49574e-015
                        6.93924e-015
                        8.50861e-015
                        4.03927e-013
                        5.73796e-013
                        2.93962e-013
                        2.45405e-013
                        7.67702e-013
                        2.51523e-013
                        9.09593e-013
                        3.13461e-013
                        9.26125e-013
                        4.38115e-013
                        8.07972e-013
                        6.18329e-013
                        2.6151e-013
                        1.89235e-013
                        3.15555e-013
                        3.21919e-013
                        1.28009e-013
                        2.76757e-013
                        8.98909e-014
                        2.05641e-013
                        7.35968e-014
                        1.40133e-013
                        7.56273e-014
                        9.65383e-014
                        1.08016e-010
                        4.13473e-011
                        1.08016e-010
                        4.13475e-011
                        1.08016e-010
                        4.13474e-011
                        1.1548e-010
                        1.08015e-010
                        1.1548e-010
                        1.08016e-010
                        1.00776
                        1.66674
                        1.00774
                        1.66562
                        8.32001e-008
                        2.08946e-006
                        9.7594e-008
                        2.44839e-006
                        7.61968e-009
                        1.99489e-009
                        8.94212e-009
                        2.33819e-009
                        0.00283631
                        6.28379e-006
                        0.00343563
                        7.89597e-006
                        0.000504853
                        1.00697
                        0.000605227
                        1.00659
                        6.90229e-010
                        1.81418e-010
                        8.5961e-010
                        2.24718e-010
                        2.13528e-007
                        1.40348e-008
                        2.3963e-007
                        1.58477e-008
                        1.59522
                        0.00449985
                        1.59617
                        0.00446478
                        4.2602e-006
                        0.000664294
                        3.71955e-006
                        0.00059186
                        4.07295e-009
                        9.62891e-010
                        3.55491e-009
                        8.366e-010
                        9.47791e-006
                        2.08187e-007
                        7.63352e-006
                        1.68315e-007
                        1.00704
                        1.63114
                        1.00748
                        1.65323
                        9.47271e-008
                        2.37693e-006
                        8.22176e-008
                        2.06495e-006
                        8.67842e-009
                        2.26983e-009
                        7.52955e-009
                        1.97145e-009
                        4.70222e-011
                        4.70221e-011
                        4.70224e-011
                        4.70222e-011
                        4.70222e-011
                        4.13474e-011
                        1.08015e-010
                        1.64625e-010
                        1.3202e-010
                        8.13071e-011
                        6.36947e-011
                        9.44473e-011
                        8.36981e-011
                        9.54593e-011
                        9.23786e-011
                        1.01584e-010
                        1.08282e-010
                        1.19252e-010
                        1.05115e-010
                        1.15732e-010
                        9.12925e-011
                        1.00379e-010
                        1.25679e-012
                        3.44291e-013
                        1.67511e-012
                        4.81178e-013
                        2.85064e-012
                        2.2571e-012
                        3.56887e-012
                        2.85033e-012
                        1.61827e-012
                        2.13745e-012
                        8.30411e-015
                        8.0656e-015
                        7.81533e-015
                        6.42659e-015
                        9.80841e-015
                        2.8812e-014
                        2.15358e-014
                        3.50363e-014
                        2.33158e-014
                        1.91734e-014
                        5.76159e-015
                        5.76198e-015
                        9.71518e-015
                        7.98893e-015
                        7.30442e-015
                        6.00644e-015
                        8.87261e-013
                        1.01696e-012
                        1.34869e-012
                        1.09056e-012
                        7.92824e-013
                        1.104e-012
                        8.02603e-013
                        2.06891e-012
                        1.50517e-012
                        2.3439e-012
                        1.70554e-012
                        1.59935e-012
                        1.16317e-012
                        1.26215e-012
                        9.17695e-013
                        2.04106e-012
                        1.53912e-012
                        2.56295e-012
                        1.93516e-012
                        3.51684e-012
                        2.65913e-012
                        3.07678e-012
                        2.32515e-012
                        2.33499e-012
                        3.07104e-012
                        2.36358e-012
                        3.10864e-012
                        4.41331e-012
                        5.79699e-012
                        4.99681e-012
                        6.55955e-012
                        3.41639e-012
                        4.49136e-012
                        2.69988e-012
                        3.55075e-012
                        1.40247e-011
                        1.69791e-011
                        1.11248e-011
                        1.35171e-011
                        1.68843e-011
                        2.0394e-011
                        1.93353e-011
                        2.3323e-011
                        2.55255e-011
                        1.1442e-011
                        2.58382e-011
                        1.15747e-011
                        4.82123e-011
                        2.09288e-011
                        5.45625e-011
                        2.35478e-011
                        3.73433e-011
                        1.64143e-011
                        2.95162e-011
                        1.31305e-011
                        8.26658e-011
                        2.84906e-011
                        1.04675e-010
                        3.60523e-011
                        1.45195e-010
                        5.00363e-011
                        1.26464e-010
                        4.35618e-011
                        1.4799e-012
                        4.17049e-012
                        1.28864e-012
                        3.63356e-012
                        3.98081e-013
                        1.12501e-012
                        8.63498e-013
                        2.43771e-012
                        6.14093e-013
                        8.5944e-013
                        3.25937e-013
                        4.56426e-013
                        7.64338e-013
                        5.31077e-013
                        6.65953e-013
                        4.62284e-013
                        2.0622e-013
                        1.42425e-013
                        4.4681e-013
                        3.09467e-013
                        1.78148e-013
                        2.43434e-013
                        9.48746e-014
                        1.28727e-013
                        2.06915e-010
                        6.71727e-010
                        1.79928e-010
                        5.8528e-010
                        1.48659e-010
                        4.84671e-010
                        1.84844e-010
                        6.01055e-010
                        2.08991e-010
                        6.78364e-010
                        7.58706e-010
                        1.04263e-009
                        9.58883e-010
                        1.3141e-009
                        1.32642e-009
                        1.81379e-009
                        1.15666e-009
                        1.58276e-009
                        3.32221e-009
                        5.6318e-009
                        3.36274e-009
                        5.69716e-009
                        6.25699e-009
                        1.03053e-008
                        7.0768e-009
                        1.15959e-008
                        4.85225e-009
                        8.08095e-009
                        3.83924e-009
                        6.46333e-009
                        2.74928e-008
                        3.46387e-008
                        1.23298e-007
                        4.77005e-008
                        1.70448e-007
                        4.16758e-008
                        1.48678e-007
                        1.08015e-010
                        1.1548e-010
                        0.00035662
                        0.000360296
                        4.55615e-010
                        1.20887e-010
                        4.61188e-010
                        1.22334e-010
                        1.19473e-007
                        1.39128e-007
                        1.65037
                        1.62778
                        3.08848e-006
                        3.81831e-006
                        2.95067e-009
                        3.64951e-009
                        9.72487e-006
                        1.09314e-005
                        1.00638
                        1.00639
                        1.56919e-008
                        1.36654e-008
                        0.00399948
                        0.0033399
                        0.000490167
                        0.000402894
                        6.66127e-010
                        1.75231e-010
                        5.2672e-010
                        1.39311e-010
                        1.35222e-007
                        1.18128e-007
                        1.88603e-010
                        6.61744e-011
                        1.45672e-010
                        1.02012e-012
                        1.1897e-012
                        2.6955e-013
                        3.22877e-013
                        1.04171e-012
                        1.53439e-012
                        1.32152e-012
                        6.67631e-015
                        1.00984e-014
                        7.60857e-015
                        6.25656e-015
                        1.21566e-014
                        9.99662e-015
                        1.20147e-014
                        9.66747e-015
                        7.9497e-015
                        1.45677e-014
                        1.19794e-014
                        4.00404e-012
                        3.94355e-012
                        1.30144e-012
                        1.31665e-012
                        2.38616e-012
                        2.68473e-012
                        1.8706e-012
                        1.49485e-012
                        3.661e-012
                        4.65399e-012
                        6.49399e-012
                        5.64171e-012
                        6.62266e-012
                        6.70319e-012
                        1.24409e-011
                        1.40624e-011
                        9.65887e-012
                        7.64944e-012
                        1.00058e-011
                        7.88521e-012
                        1.21104e-011
                        1.3923e-011
                        2.39887e-011
                        2.42759e-011
                        4.47417e-011
                        5.05343e-011
                        3.48148e-011
                        2.765e-011
                        1.43535e-010
                        2.50987e-010
                        2.18852e-010
                        2.00572e-012
                        1.74872e-012
                        5.43836e-013
                        1.17531e-012
                        2.25729e-013
                        1.19424e-013
                        5.73148e-013
                        4.98853e-013
                        1.53537e-013
                        3.33835e-013
                        7.74741e-014
                        4.14148e-014
                        2.08815e-010
                        1.82032e-010
                        1.50828e-010
                        1.86921e-010
                        2.1087e-010
                        3.82982e-010
                        8.80459e-010
                        8.90818e-010
                        1.62491e-009
                        1.83154e-009
                        1.26974e-009
                        1.01238e-009
                        6.65374e-009
                        8.35921e-009
                        1.14851e-008
                        1.00418e-008
                        4.13473e-011
                        1.1548e-010
                        5.37591e-006
                        1.00742
                        1.52653e-007
                        1.1313e-008
                        0.00408562
                        0.000669775
                        9.72606e-010
                        2.53453e-010
                        2.37393e-007
                        1.60954
                        2.98406e-006
                        2.85072e-009
                        6.10327e-006
                        5.31379e-006
                        1.90442e-010
                        1.36649e-010
                        1.69005e-010
                        5.10982e-011
                        3.01008e-012
                        5.11329e-012
                        2.72571e-012
                        8.43051e-013
                        2.11523e-012
                        6.30161e-013
                        1.56196e-012
                        1.99762e-012
                        3.41864e-012
                        2.67764e-012
                        5.83891e-015
                        6.99203e-015
                        5.74948e-015
                        6.99075e-015
                        5.74842e-015
                        6.09047e-015
                        8.81787e-015
                        1.07232e-014
                        7.00721e-015
                        2.76269e-013
                        1.65775e-012
                        1.20569e-012
                        2.01298e-012
                        1.46442e-012
                        1.74782e-012
                        3.55058e-012
                        1.98273e-012
                        1.72777e-012
                        3.54042e-012
                        4.2946e-012
                        9.49847e-012
                        1.95233e-011
                        9.38737e-012
                        1.08011e-011
                        3.8697e-011
                        4.69194e-011
                        7.03708e-011
                        1.46633e-010
                        8.02152e-011
                        6.95324e-011
                        3.3389e-013
                        9.4376e-013
                        1.25063e-012
                        8.40098e-013
                        1.43472e-012
                        1.72996e-013
                        3.60975e-013
                        2.4321e-013
                        4.13641e-013
                        1.13728e-010
                        3.71654e-010
                        9.85296e-011
                        3.22264e-010
                        1.17219e-010
                        6.46667e-010
                        1.33945e-009
                        7.36387e-010
                        6.39021e-010
                        5.02731e-009
                        6.09e-009
                        2.3481e-008
                        4.81623e-008
                        1.72118e-007
                        2.66944e-008
                        2.32068e-008
                        0.00248559
                        0.000413347
                        5.4306e-010
                        1.73988e-007
                        1.60696
                        4.30165e-006
                        4.11268e-009
                        1.0828e-005
                        1.00663
                        1.19102e-007
                        1.09252e-008
                        0.00276741
                        0.0024612
                        4.70222e-011
                        4.13474e-011
                        4.27941e-011
                        1.40412e-012
                        3.21275e-012
                        3.16225e-012
                        9.98817e-013
                        8.11898e-015
                        5.85011e-015
                        7.4066e-015
                        1.46106e-014
                        1.56505e-013
                        1.05584e-013
                        1.79317e-013
                        3.26141e-010
                        4.22319e-011
                        1.18022e-012
                        7.05159e-015
                        5.79849e-015
                        2.61885e-014
                        5.99867e-015
                        7.00674e-015
                        4.43636e-013
                        6.79056e-013
                        1.30162e-012
                        9.46423e-013
                        2.32024e-012
                        1.68829e-012
                        3.15717e-012
                        2.47787e-012
                        2.78379e-012
                        4.94661e-012
                        1.73319e-011
                        1.35516e-011
                        3.04334e-011
                        5.40165e-011
                        1.29881e-010
                        1.01077e-010
                        6.30314e-013
                        1.78042e-012
                        3.88413e-013
                        3.26349e-013
                        1.12966e-013
                        9.9721e-011
                        1.43511e-010
                        4.68056e-010
                        1.18765e-009
                        9.26196e-010
                        3.95802e-009
                        7.00633e-009
                        4.27766e-008
                        3.34736e-008
                        4.94354e-011
                        2.20838e-012
                        7.10073e-015
                        7.11434e-015
                        7.29498e-015
                        4.92686e-014
                        1.15479e-010
                        4.46256e-012
                    </float_array>
                    <technique_common>
                        <accessor count="575" source="#Geometry-mesh016-__item_locator078-array" stride="1">
                            <param name="WEIGHT" type="float" />
                        </accessor>
                    </technique_common>
                </source>
                <source id="Geometry-mesh016-__item_locator082" name="__item_locator082">
                    <float_array id="Geometry-mesh016-__item_locator082-array" count="575">
                        1.16813e-011
                        1.16814e-011
                        1.16813e-011
                        1.16813e-011
                        1.16813e-011
                        1.16812e-011
                        1.16813e-011
                        1.16814e-011
                        3.57465e-010
                        4.5906e-010
                        2.6793e-012
                        5.76717e-010
                        6.55532e-010
                        6.48755e-010
                        5.60682e-010
                        4.42379e-010
                        3.46228e-010
                        2.97452e-010
                        3.01265e-010
                        1.84468e-014
                        1.67891e-014
                        1.86703e-014
                        1.70637e-014
                        1.59597e-014
                        1.60323e-014
                        1.58272e-014
                        1.58338e-014
                        2.29194e-014
                        3.66967e-014
                        1.75914e-014
                        1.67516e-014
                        4.76196e-014
                        1.80486e-014
                        3.947e-014
                        2.47402e-014
                        1.5953e-014
                        1.59548e-014
                        1.6546e-014
                        1.92649e-014
                        1.65609e-014
                        2.36426e-014
                        1.93119e-014
                        2.36784e-014
                        1.15107e-012
                        1.63502e-012
                        8.37754e-013
                        6.99397e-013
                        2.18741e-012
                        7.16829e-013
                        2.59159e-012
                        8.93312e-013
                        2.63868e-012
                        1.24847e-012
                        2.30212e-012
                        1.76189e-012
                        8.18436e-013
                        5.92283e-013
                        9.87532e-013
                        1.00744e-012
                        4.00687e-013
                        8.66141e-013
                        2.81392e-013
                        6.43622e-013
                        2.30394e-013
                        4.3863e-013
                        2.36749e-013
                        3.02197e-013
                        5.03674e-011
                        1.92723e-011
                        5.03674e-011
                        1.92724e-011
                        5.03672e-011
                        1.92723e-011
                        5.3971e-011
                        5.03671e-011
                        5.39708e-011
                        5.03671e-011
                        0.992181
                        0.000242892
                        0.992204
                        0.000245392
                        6.49207e-006
                        0.00371128
                        7.57892e-006
                        0.00422232
                        7.43249e-010
                        2.99814e-010
                        8.72836e-010
                        3.51535e-010
                        2.05093e-006
                        8.77708e-008
                        2.58675e-006
                        1.11057e-007
                        1.74547
                        0.992938
                        1.72631
                        0.993305
                        1.39668e-010
                        4.5573e-011
                        1.73999e-010
                        5.6462e-011
                        1.05376e-008
                        1.37277e-009
                        1.18414e-008
                        1.55101e-009
                        0.000456513
                        3.6019e-006
                        0.000452762
                        3.56722e-006
                        0.00657435
                        1.7162
                        0.00590542
                        1.72871
                        6.13206e-010
                        1.94939e-010
                        5.35018e-010
                        1.69334e-010
                        1.3409e-007
                        1.02711e-008
                        1.07252e-007
                        8.28473e-009
                        0.992876
                        0.000333825
                        0.992454
                        0.000274374
                        7.36296e-006
                        0.00412206
                        6.41764e-006
                        0.00367566
                        8.46988e-010
                        3.41235e-010
                        7.34421e-010
                        2.96282e-010
                        2.16559e-011
                        2.16559e-011
                        2.1656e-011
                        2.16559e-011
                        2.16559e-011
                        1.92723e-011
                        5.0367e-011
                        8.22584e-010
                        6.59892e-010
                        4.06684e-010
                        3.18689e-010
                        4.72314e-010
                        4.18627e-010
                        4.77368e-010
                        4.61983e-010
                        5.15894e-010
                        5.41393e-010
                        6.05479e-010
                        5.25584e-010
                        5.87633e-010
                        4.56558e-010
                        5.0978e-010
                        3.62822e-012
                        9.94228e-013
                        4.83547e-012
                        1.38943e-012
                        8.61369e-012
                        6.51488e-012
                        1.0783e-011
                        8.22654e-012
                        4.89082e-012
                        6.45934e-012
                        2.31473e-014
                        2.24826e-014
                        2.23851e-014
                        1.79149e-014
                        2.80921e-014
                        8.02989e-014
                        6.00224e-014
                        1.00329e-013
                        6.67697e-014
                        5.34388e-014
                        1.60627e-014
                        1.60638e-014
                        2.78251e-014
                        2.22689e-014
                        2.09225e-014
                        1.67443e-014
                        2.56166e-012
                        2.93603e-012
                        4.07631e-012
                        4.93986e-013
                        3.69905e-013
                        5.00074e-013
                        3.74467e-013
                        9.37245e-013
                        7.02326e-013
                        1.06184e-012
                        7.95838e-013
                        7.24495e-013
                        5.42724e-013
                        5.71723e-013
                        4.28174e-013
                        8.64956e-013
                        6.75247e-013
                        1.08617e-012
                        8.49041e-013
                        1.49055e-012
                        1.16675e-012
                        1.30399e-012
                        1.02018e-012
                        9.14424e-013
                        1.25323e-012
                        9.25622e-013
                        1.26857e-012
                        1.72864e-012
                        2.366e-012
                        1.95726e-012
                        2.67732e-012
                        1.33806e-012
                        1.83299e-012
                        1.05736e-012
                        1.44904e-012
                        4.99608e-012
                        5.72497e-012
                        3.96268e-012
                        4.55716e-012
                        6.01521e-012
                        6.877e-012
                        6.88881e-012
                        7.86521e-012
                        8.09426e-012
                        3.85729e-012
                        8.19348e-012
                        3.90205e-012
                        1.52934e-011
                        7.05741e-012
                        1.73089e-011
                        7.94104e-012
                        1.1844e-011
                        5.53445e-012
                        9.36039e-012
                        4.42677e-012
                        2.26627e-011
                        8.43722e-012
                        2.87014e-011
                        1.06781e-011
                        3.98224e-011
                        1.48232e-011
                        3.46811e-011
                        1.29039e-011
                        6.84346e-012
                        2.08906e-011
                        5.95944e-012
                        1.82026e-011
                        1.84197e-012
                        5.63936e-012
                        3.99413e-012
                        1.22147e-011
                        2.47393e-012
                        3.69812e-012
                        1.31334e-012
                        1.96444e-012
                        2.74302e-012
                        2.01399e-012
                        2.39004e-012
                        1.75319e-012
                        7.40334e-013
                        5.4033e-013
                        1.60374e-012
                        1.17379e-012
                        5.79956e-013
                        8.30555e-013
                        3.089e-013
                        4.39255e-013
                        1.1968e-009
                        4.53313e-009
                        1.041e-009
                        3.95122e-009
                        8.60418e-010
                        3.2736e-009
                        1.06939e-009
                        4.05743e-009
                        1.20878e-009
                        4.5778e-009
                        6.24604e-009
                        1.09418e-008
                        7.88787e-009
                        1.37758e-008
                        1.08986e-008
                        1.89834e-008
                        9.50858e-009
                        1.6577e-008
                        4.73906e-008
                        1.19576e-007
                        4.79652e-008
                        1.2095e-007
                        8.8881e-008
                        2.17398e-007
                        1.00436e-007
                        2.44287e-007
                        6.90484e-008
                        1.70937e-007
                        5.47166e-008
                        1.37041e-007
                        9.96147e-007
                        1.25005e-006
                        9.50481e-006
                        1.71118e-006
                        1.29963e-005
                        1.49892e-006
                        1.13902e-005
                        5.03666e-011
                        5.3971e-011
                        1.78009
                        1.77911
                        9.21414e-011
                        3.03564e-011
                        9.32699e-011
                        3.072e-011
                        5.86029e-009
                        6.83462e-009
                        0.000281489
                        0.000343839
                        0.00509162
                        0.00602943
                        4.43868e-010
                        5.49294e-010
                        1.37701e-007
                        1.55394e-007
                        0.993503
                        0.993487
                        1.53569e-009
                        1.33646e-009
                        3.11487e-006
                        2.49935e-006
                        1.74852
                        1.76826
                        1.34784e-010
                        4.40175e-011
                        1.06542e-010
                        3.49872e-011
                        6.64084e-009
                        5.79364e-009
                        9.42186e-010
                        3.3108e-010
                        7.39401e-010
                        2.94514e-012
                        3.43458e-012
                        7.78434e-013
                        9.32403e-013
                        3.00744e-012
                        4.6374e-012
                        3.99423e-012
                        1.86108e-014
                        2.89226e-014
                        2.17932e-014
                        1.74411e-014
                        3.48162e-014
                        2.78642e-014
                        3.34884e-014
                        2.76885e-014
                        2.21596e-014
                        4.17204e-014
                        3.33901e-014
                        1.20973e-011
                        1.19146e-011
                        5.70953e-013
                        5.77626e-013
                        1.04696e-012
                        1.17799e-012
                        8.20708e-013
                        6.55823e-013
                        1.49404e-012
                        1.89938e-012
                        2.65056e-012
                        2.30261e-012
                        2.47907e-012
                        2.50923e-012
                        4.65797e-012
                        5.26531e-012
                        3.61606e-012
                        2.86356e-012
                        3.74599e-012
                        2.95185e-012
                        4.5342e-012
                        5.21312e-012
                        7.10331e-012
                        7.18839e-012
                        1.32537e-011
                        1.49709e-011
                        1.03114e-011
                        8.18814e-012
                        3.60489e-011
                        6.30695e-011
                        5.49868e-011
                        8.62743e-012
                        7.52244e-012
                        2.3405e-012
                        5.05668e-012
                        8.56257e-013
                        4.53091e-013
                        1.95507e-012
                        1.7017e-012
                        5.23896e-013
                        1.1389e-012
                        2.41491e-013
                        1.29106e-013
                        1.05929e-009
                        9.23635e-010
                        7.65534e-010
                        9.48401e-010
                        1.0697e-009
                        2.58826e-009
                        9.24686e-009
                        9.35518e-009
                        1.70161e-008
                        1.91681e-008
                        1.3313e-008
                        1.06258e-008
                        1.41036e-007
                        1.76758e-007
                        2.41981e-007
                        2.11902e-007
                        1.92723e-011
                        5.39709e-011
                        7.47526e-008
                        0.992511
                        1.16842e-005
                        1.10542e-009
                        3.19751e-006
                        1.7153
                        1.96908e-010
                        6.36898e-011
                        1.17296e-008
                        0.000403233
                        0.00495308
                        4.28797e-010
                        8.51766e-008
                        7.38646e-008
                        9.51357e-010
                        6.82991e-010
                        8.44431e-010
                        2.55732e-010
                        1.82031e-011
                        3.09085e-011
                        7.867e-012
                        2.43405e-012
                        6.1055e-012
                        1.81952e-012
                        4.50893e-012
                        6.0369e-012
                        1.03293e-011
                        8.09112e-012
                        1.62777e-014
                        2.00296e-014
                        1.60293e-014
                        2.0026e-014
                        1.60264e-014
                        1.69783e-014
                        2.45791e-014
                        3.07116e-014
                        2.00726e-014
                        7.97833e-013
                        7.50954e-013
                        5.62568e-013
                        9.11902e-013
                        6.8331e-013
                        7.40661e-013
                        1.50485e-012
                        8.40228e-013
                        7.32163e-013
                        1.38665e-012
                        1.68213e-012
                        3.38318e-012
                        6.95582e-012
                        3.34359e-012
                        3.84732e-012
                        1.22736e-011
                        1.4883e-011
                        1.92898e-011
                        4.02173e-011
                        2.19904e-011
                        1.90598e-011
                        1.54506e-012
                        4.73121e-012
                        5.037e-012
                        3.38405e-012
                        5.77813e-012
                        6.21088e-013
                        1.17496e-012
                        7.91711e-013
                        1.34634e-012
                        6.58568e-010
                        2.51188e-009
                        5.70705e-010
                        2.17879e-009
                        6.78749e-010
                        5.32636e-009
                        1.10053e-008
                        6.06288e-009
                        5.26357e-009
                        7.15224e-008
                        8.65255e-008
                        8.52998e-007
                        1.72743e-006
                        1.31191e-005
                        9.67696e-007
                        8.43198e-007
                        1.75041e-006
                        1.76574
                        1.09851e-010
                        8.567e-009
                        0.000412367
                        0.00662468
                        6.19204e-010
                        1.53876e-007
                        0.993261
                        9.19162e-006
                        1.06735e-009
                        1.99111e-006
                        1.72988e-006
                        2.16559e-011
                        1.92723e-011
                        2.14215e-010
                        8.49598e-012
                        9.2722e-012
                        9.12648e-012
                        2.88365e-012
                        2.32545e-014
                        1.63089e-014
                        2.1215e-014
                        4.18432e-014
                        4.87765e-013
                        3.2909e-013
                        5.58846e-013
                        2.20494e-009
                        2.11404e-010
                        7.14209e-012
                        2.01992e-014
                        1.61652e-014
                        7.49953e-014
                        1.67226e-014
                        2.00712e-014
                        1.28105e-012
                        1.96066e-012
                        5.89606e-013
                        4.41579e-013
                        1.05112e-012
                        7.8779e-013
                        1.33807e-012
                        1.05011e-012
                        1.09023e-012
                        1.93759e-012
                        6.17475e-012
                        4.82749e-012
                        9.65141e-012
                        1.71356e-011
                        3.5619e-011
                        2.77144e-011
                        2.91595e-012
                        8.92272e-012
                        1.56499e-012
                        1.17147e-012
                        3.67791e-013
                        5.77595e-010
                        8.30675e-010
                        3.16166e-009
                        9.76239e-009
                        7.61989e-009
                        5.63985e-008
                        9.94435e-008
                        1.53776e-006
                        1.20874e-006
                        2.47419e-010
                        1.33581e-011
                        2.03397e-014
                        2.03786e-014
                        2.08955e-014
                        1.53585e-013
                        5.39708e-011
                        2.69782e-011
                    </float_array>
                    <technique_common>
                        <accessor count="575" source="#Geometry-mesh016-__item_locator082-array" stride="1">
                            <param name="WEIGHT" type="float" />
                        </accessor>
                    </technique_common>
                </source>
                <source id="Geometry-mesh016-__item_locator086" name="__item_locator086">
                    <float_array id="Geometry-mesh016-__item_locator086-array" count="575">
                        5.74871e-012
                        5.74874e-012
                        5.7487e-012
                        5.74872e-012
                        5.74871e-012
                        5.74867e-012
                        5.74869e-012
                        5.74877e-012
                        3.24591e-009
                        4.16505e-009
                        3.02622e-011
                        5.22845e-009
                        5.94023e-009
                        5.87904e-009
                        5.08358e-009
                        4.0142e-009
                        3.14419e-009
                        2.70249e-009
                        2.73703e-009
                        5.96702e-014
                        5.43112e-014
                        6.0393e-014
                        5.51988e-014
                        5.1632e-014
                        5.18662e-014
                        5.1206e-014
                        5.12268e-014
                        7.41324e-014
                        1.18683e-013
                        5.69047e-014
                        5.41899e-014
                        1.54002e-013
                        5.83828e-014
                        1.2765e-013
                        8.00204e-014
                        5.16104e-014
                        5.16164e-014
                        5.35256e-014
                        6.23153e-014
                        5.35736e-014
                        7.64711e-014
                        6.24673e-014
                        7.65869e-014
                        3.84113e-012
                        5.45547e-012
                        2.79587e-012
                        2.33424e-012
                        7.29784e-012
                        2.3924e-012
                        8.64576e-012
                        2.98122e-012
                        8.8028e-012
                        4.16606e-012
                        7.68041e-012
                        5.87863e-012
                        3.09741e-012
                        2.24179e-012
                        3.73708e-012
                        3.81241e-012
                        1.5168e-012
                        3.27788e-012
                        1.06533e-012
                        2.43603e-012
                        8.72305e-013
                        1.66038e-012
                        8.9636e-013
                        1.14407e-012
                        2.50967e-011
                        9.59989e-012
                        2.50967e-011
                        9.59994e-012
                        2.50966e-011
                        9.5999e-012
                        2.69435e-011
                        2.50965e-011
                        2.69435e-011
                        2.50966e-011
                        2.58264e-005
                        5.39629e-007
                        2.61217e-005
                        5.4576e-007
                        0.0579167
                        1.98364
                        0.0635312
                        1.98157
                        1.22497e-010
                        6.47779e-011
                        1.439e-010
                        7.59674e-011
                        4.4465e-008
                        5.4075e-009
                        5.63579e-008
                        6.85462e-009
                        0.254006
                        3.80464e-005
                        0.273061
                        4.6647e-005
                        3.68715e-011
                        1.40305e-011
                        4.59433e-011
                        1.73851e-011
                        1.18216e-009
                        2.26536e-010
                        1.32909e-009
                        2.56021e-010
                        1.08967e-006
                        7.90698e-008
                        1.0796e-006
                        7.82905e-008
                        1.97229
                        0.283114
                        1.97489
                        0.270677
                        1.32612e-010
                        5.14775e-011
                        1.15681e-010
                        4.47106e-011
                        8.28908e-009
                        1.15214e-009
                        6.61798e-009
                        9.28516e-010
                        3.68089e-005
                        7.67639e-007
                        2.9574e-005
                        6.1743e-007
                        0.0624503
                        1.98197
                        0.0575153
                        1.98379
                        1.3963e-010
                        7.37388e-011
                        1.2104e-010
                        6.40141e-011
                        1.068e-011
                        1.068e-011
                        1.068e-011
                        1.068e-011
                        1.068e-011
                        9.5999e-012
                        2.50965e-011
                        6.16011e-009
                        4.94509e-009
                        3.05172e-009
                        2.39289e-009
                        3.54279e-009
                        3.1411e-009
                        3.58059e-009
                        3.4655e-009
                        3.96455e-009
                        4.05941e-009
                        4.65089e-009
                        3.9412e-009
                        4.5142e-009
                        3.42492e-009
                        3.9177e-009
                        1.23169e-011
                        3.37673e-012
                        1.64132e-011
                        4.71847e-012
                        3.10811e-011
                        2.21107e-011
                        3.89035e-011
                        2.79166e-011
                        1.76531e-011
                        2.33112e-011
                        7.50309e-014
                        7.28769e-014
                        7.52157e-014
                        5.80759e-014
                        9.43827e-014
                        2.60222e-013
                        1.94522e-013
                        3.36988e-013
                        2.24286e-013
                        1.7319e-013
                        5.20792e-014
                        5.20826e-014
                        9.34861e-014
                        7.21845e-014
                        7.03052e-014
                        5.42837e-014
                        8.69742e-012
                        9.96798e-012
                        1.47145e-011
                        2.40303e-013
                        1.8442e-013
                        2.43265e-013
                        1.86696e-013
                        4.55967e-013
                        3.50179e-013
                        5.16591e-013
                        3.9681e-013
                        3.52453e-013
                        2.70593e-013
                        2.78124e-013
                        2.13474e-013
                        3.98353e-013
                        3.19935e-013
                        5.00253e-013
                        4.02293e-013
                        6.86532e-013
                        5.5286e-013
                        6.00593e-013
                        4.83398e-013
                        3.95109e-013
                        5.59749e-013
                        3.99948e-013
                        5.66604e-013
                        7.47013e-013
                        1.05688e-012
                        8.45835e-013
                        1.19598e-012
                        5.78197e-013
                        8.18752e-013
                        4.56882e-013
                        6.47221e-013
                        2.00257e-012
                        2.19842e-012
                        1.58825e-012
                        1.74985e-012
                        2.41119e-012
                        2.64097e-012
                        2.76148e-012
                        3.02061e-012
                        2.96485e-012
                        1.48104e-012
                        3.0012e-012
                        1.49824e-012
                        5.60305e-012
                        2.71028e-012
                        6.34179e-012
                        3.04974e-012
                        4.3389e-012
                        2.12524e-012
                        3.42878e-012
                        1.69977e-012
                        7.43958e-012
                        2.9341e-012
                        9.423e-012
                        3.71375e-012
                        1.30764e-011
                        5.15612e-012
                        1.13873e-011
                        4.48823e-012
                        4.5516e-011
                        1.57297e-010
                        3.96418e-011
                        1.3708e-010
                        1.22652e-011
                        4.25218e-011
                        2.65787e-011
                        9.20281e-011
                        1.33809e-011
                        2.20561e-011
                        7.10608e-012
                        1.17212e-011
                        1.25557e-011
                        9.97502e-012
                        1.09407e-011
                        8.68404e-012
                        3.39077e-012
                        2.67806e-012
                        7.34278e-012
                        5.81543e-012
                        2.31674e-012
                        3.54085e-012
                        1.2342e-012
                        1.87307e-012
                        1.13284e-008
                        5.55989e-008
                        9.85979e-009
                        4.85031e-008
                        8.15594e-009
                        4.02301e-008
                        1.01275e-008
                        4.97988e-008
                        1.14414e-008
                        5.61432e-008
                        1.09256e-007
                        3.04992e-007
                        1.37702e-007
                        3.82776e-007
                        1.89701e-007
                        5.24996e-007
                        1.65718e-007
                        4.59382e-007
                        2.53e-006
                        1.66107e-005
                        2.56001e-006
                        1.67928e-005
                        4.67584e-006
                        2.93293e-005
                        5.26721e-006
                        3.27527e-005
                        3.65499e-006
                        2.3346e-005
                        2.9119e-006
                        1.89173e-005
                        0.000630892
                        0.000770574
                        0.0725316
                        0.00101355
                        0.0866069
                        0.000903236
                        0.0804327
                        2.50963e-011
                        2.69435e-011
                        0.219545
                        0.220521
                        2.43169e-011
                        9.34367e-012
                        2.46149e-011
                        9.45566e-012
                        6.55941e-010
                        7.65428e-010
                        6.35186e-007
                        7.93338e-007
                        1.97809
                        1.9744
                        9.5949e-011
                        1.18772e-010
                        8.51419e-009
                        9.6182e-009
                        5.23015e-005
                        5.18177e-005
                        2.53486e-010
                        2.20532e-010
                        6.81467e-008
                        5.44131e-008
                        0.250971
                        0.231319
                        3.55811e-011
                        1.35513e-011
                        2.81203e-011
                        1.07699e-011
                        7.43647e-010
                        6.48454e-010
                        7.05269e-009
                        2.48569e-009
                        5.67621e-009
                        9.9989e-012
                        1.16599e-011
                        2.64401e-012
                        3.16682e-012
                        1.02103e-011
                        1.67388e-011
                        1.44183e-011
                        6.03306e-014
                        9.71722e-014
                        7.32281e-014
                        5.65409e-014
                        1.16967e-013
                        9.03167e-014
                        1.08542e-013
                        9.30272e-014
                        7.18302e-014
                        1.40156e-013
                        1.08224e-013
                        4.36421e-011
                        4.29834e-011
                        2.70514e-013
                        2.73676e-013
                        4.96087e-013
                        5.58186e-013
                        3.88866e-013
                        3.10731e-013
                        6.67324e-013
                        8.48413e-013
                        1.18402e-012
                        1.02856e-012
                        1.03331e-012
                        1.04588e-012
                        1.94178e-012
                        2.19503e-012
                        1.50734e-012
                        1.1936e-012
                        1.56152e-012
                        1.23041e-012
                        1.89017e-012
                        2.17327e-012
                        2.47006e-012
                        2.49966e-012
                        4.60994e-012
                        5.20749e-012
                        3.58615e-012
                        2.84745e-012
                        1.10968e-011
                        1.9421e-011
                        1.69306e-011
                        5.14212e-011
                        4.48404e-011
                        1.39634e-011
                        3.01518e-011
                        4.24294e-012
                        2.24585e-012
                        8.33197e-012
                        7.25265e-012
                        2.23386e-012
                        4.85481e-012
                        9.08981e-013
                        4.86046e-013
                        8.12254e-009
                        7.08557e-009
                        5.8762e-009
                        7.27493e-009
                        8.20208e-009
                        3.18498e-008
                        2.58314e-007
                        2.61301e-007
                        4.71368e-007
                        5.30027e-007
                        3.70095e-007
                        2.96299e-007
                        1.94425e-005
                        2.41008e-005
                        3.24602e-005
                        2.86262e-005
                        9.59989e-012
                        2.69435e-011
                        4.60002e-009
                        3.04294e-005
                        0.0815977
                        1.82332e-010
                        6.99967e-008
                        0.284009
                        5.19982e-011
                        1.96121e-011
                        1.31648e-009
                        9.47953e-007
                        1.97864
                        9.2687e-011
                        5.24649e-009
                        4.54499e-009
                        7.12111e-009
                        5.11766e-009
                        6.32319e-009
                        1.92117e-009
                        1.8601e-010
                        3.15539e-010
                        2.66971e-011
                        8.26432e-012
                        2.07219e-011
                        6.17847e-012
                        1.53053e-011
                        2.17875e-011
                        3.72675e-011
                        2.91966e-011
                        5.27734e-014
                        6.73142e-014
                        5.19725e-014
                        6.73029e-014
                        5.19637e-014
                        5.50418e-014
                        7.96709e-014
                        1.03181e-013
                        6.74562e-014
                        2.70989e-012
                        3.65326e-013
                        2.80488e-013
                        4.43636e-013
                        3.40696e-013
                        3.41101e-013
                        6.93122e-013
                        3.86963e-013
                        3.37187e-013
                        5.99198e-013
                        7.2691e-013
                        1.35593e-012
                        2.78835e-012
                        1.34006e-012
                        1.542e-012
                        4.49631e-012
                        5.45266e-012
                        6.3319e-012
                        1.32061e-011
                        7.21878e-012
                        6.25637e-012
                        1.02896e-011
                        3.56802e-011
                        2.72314e-011
                        1.83e-011
                        3.12351e-011
                        2.84482e-012
                        4.69241e-012
                        3.16229e-012
                        5.37656e-012
                        6.24923e-009
                        3.0915e-008
                        5.41843e-009
                        2.68357e-008
                        6.43999e-009
                        9.32885e-008
                        1.9154e-007
                        1.06078e-007
                        9.21974e-008
                        3.78278e-006
                        4.555e-006
                        0.000549848
                        0.0010219
                        0.0870608
                        0.000614927
                        0.000544231
                        3.78289e-008
                        0.233836
                        2.89946e-011
                        9.60279e-010
                        9.72052e-007
                        1.97209
                        1.33912e-010
                        9.52338e-009
                        4.54878e-005
                        0.0711389
                        1.7604e-010
                        4.31418e-008
                        3.73766e-008
                        1.068e-011
                        9.5999e-012
                        1.60992e-009
                        8.69221e-011
                        3.1463e-011
                        3.09688e-011
                        9.79021e-012
                        7.81354e-014
                        5.28743e-014
                        7.12869e-014
                        1.40569e-013
                        1.83556e-012
                        1.23859e-012
                        2.10296e-012
                        2.71561e-008
                        1.58884e-009
                        7.30892e-011
                        6.78794e-014
                        5.24098e-014
                        2.51911e-013
                        5.42136e-014
                        6.74518e-014
                        4.35053e-012
                        6.65757e-012
                        2.86824e-013
                        2.20159e-013
                        5.11375e-013
                        3.92797e-013
                        6.16291e-013
                        4.83642e-013
                        4.71087e-013
                        8.37332e-013
                        2.47516e-012
                        1.93497e-012
                        3.53542e-012
                        6.27827e-012
                        1.16954e-011
                        9.09879e-012
                        1.94094e-011
                        6.72482e-011
                        8.4669e-012
                        5.36436e-012
                        1.46942e-012
                        5.48359e-009
                        7.87514e-009
                        3.88622e-008
                        1.701e-007
                        1.33064e-007
                        2.99937e-006
                        5.2165e-006
                        0.000923603
                        0.000748167
                        1.85887e-009
                        1.36571e-010
                        6.835e-014
                        6.84805e-014
                        7.02145e-014
                        5.78174e-013
                        2.69434e-011
                        2.75486e-010
                    </float_array>
                    <technique_common>
                        <accessor count="575" source="#Geometry-mesh016-__item_locator086-array" stride="1">
                            <param name="WEIGHT" type="float" />
                        </accessor>
                    </technique_common>
                </source>
                <source id="Geometry-mesh016-__item_locator090" name="__item_locator090">
                    <float_array id="Geometry-mesh016-__item_locator090-array" count="575">
                        2.9971e-012
                        2.99711e-012
                        2.99709e-012
                        2.99711e-012
                        2.9971e-012
                        2.99708e-012
                        2.99709e-012
                        2.99713e-012
                        6.83503e-008
                        8.75138e-008
                        9.97405e-010
                        1.09625e-007
                        1.24395e-007
                        1.23126e-007
                        1.06616e-007
                        8.43722e-008
                        6.62261e-008
                        5.69936e-008
                        5.77161e-008
                        2.36301e-013
                        2.15098e-013
                        2.39161e-013
                        2.18609e-013
                        2.04512e-013
                        2.05436e-013
                        2.02841e-013
                        2.02922e-013
                        2.93539e-013
                        4.69864e-013
                        2.25358e-013
                        2.14619e-013
                        6.09644e-013
                        2.31207e-013
                        5.05355e-013
                        3.16843e-013
                        2.04427e-013
                        2.04451e-013
                        2.11992e-013
                        2.46769e-013
                        2.12182e-013
                        3.02795e-013
                        2.4737e-013
                        3.03253e-013
                        1.58762e-011
                        2.25444e-011
                        1.15577e-011
                        9.65021e-012
                        3.01528e-011
                        9.89056e-012
                        3.57185e-011
                        1.23236e-011
                        3.63669e-011
                        1.72185e-011
                        3.17326e-011
                        2.42921e-011
                        1.52953e-011
                        1.10725e-011
                        1.84518e-011
                        1.88234e-011
                        7.4934e-012
                        1.61859e-011
                        5.26402e-012
                        1.20313e-011
                        4.3107e-012
                        8.20231e-012
                        4.42951e-012
                        5.65288e-012
                        1.32217e-011
                        5.0563e-012
                        1.32217e-011
                        5.05633e-012
                        1.32216e-011
                        5.05631e-012
                        1.42176e-011
                        1.32216e-011
                        1.42175e-011
                        1.32216e-011
                        1.34481e-007
                        1.66958e-008
                        1.36106e-007
                        1.68884e-008
                        1.94103
                        0.0126401
                        1.93526
                        0.0142028
                        2.81277e-011
                        1.79047e-011
                        3.30477e-011
                        2.09999e-011
                        3.3288e-009
                        6.84273e-010
                        4.2253e-009
                        8.68028e-010
                        1.5653e-005
                        2.02707e-007
                        1.90907e-005
                        2.51792e-007
                        1.17713e-011
                        5.02463e-012
                        1.46692e-011
                        6.22654e-012
                        2.12073e-010
                        5.20524e-011
                        2.38487e-010
                        5.88361e-011
                        3.41096e-008
                        5.94141e-009
                        3.37888e-008
                        5.88245e-009
                        0.0211269
                        2.11478e-005
                        0.019197
                        1.86286e-005
                        3.66743e-011
                        1.64373e-011
                        3.19884e-011
                        1.42754e-011
                        1.05033e-009
                        2.06677e-010
                        8.37968e-010
                        1.66492e-010
                        1.95712e-007
                        2.3883e-008
                        1.55194e-007
                        1.91424e-008
                        1.93637
                        0.0138981
                        1.94144
                        0.0125302
                        3.2066e-011
                        2.03834e-011
                        2.77926e-011
                        1.76934e-011
                        5.57786e-012
                        5.57786e-012
                        5.57789e-012
                        5.57787e-012
                        5.57787e-012
                        5.05631e-012
                        1.32216e-011
                        9.06867e-008
                        7.29191e-008
                        4.51476e-008
                        3.54537e-008
                        5.23618e-008
                        4.64613e-008
                        5.29168e-008
                        5.1227e-008
                        6.11986e-008
                        5.99424e-008
                        7.17131e-008
                        5.82086e-008
                        6.96202e-008
                        5.0631e-008
                        6.04802e-008
                        5.21326e-011
                        1.43033e-011
                        6.94563e-011
                        1.99831e-011
                        1.4333e-010
                        9.35448e-011
                        1.79362e-010
                        1.18086e-010
                        8.14489e-011
                        1.07528e-010
                        2.97977e-013
                        2.89427e-013
                        3.13947e-013
                        2.30678e-013
                        3.93888e-013
                        1.03303e-012
                        7.72285e-013
                        1.40571e-012
                        9.35713e-013
                        6.87615e-013
                        2.06908e-013
                        2.06921e-013
                        3.90148e-013
                        2.86678e-013
                        2.93478e-013
                        2.15633e-013
                        3.68211e-011
                        4.21964e-011
                        6.79008e-011
                        1.2407e-013
                        9.72127e-014
                        1.25599e-013
                        9.84121e-014
                        2.35432e-013
                        1.84599e-013
                        2.66739e-013
                        2.09183e-013
                        1.8198e-013
                        1.42641e-013
                        1.43599e-013
                        1.12529e-013
                        1.96469e-013
                        1.61571e-013
                        2.46733e-013
                        2.03168e-013
                        3.38624e-013
                        2.79219e-013
                        2.9623e-013
                        2.44134e-013
                        1.84877e-013
                        2.6915e-013
                        1.87142e-013
                        2.72447e-013
                        3.49572e-013
                        5.08236e-013
                        3.95824e-013
                        5.75135e-013
                        2.70562e-013
                        3.93709e-013
                        2.13786e-013
                        3.11216e-013
                        8.81581e-013
                        9.35108e-013
                        6.99158e-013
                        7.44269e-013
                        1.06151e-012
                        1.12339e-012
                        1.21576e-012
                        1.28493e-012
                        1.21473e-012
                        6.29913e-013
                        1.22963e-012
                        6.37227e-013
                        2.29599e-012
                        1.15288e-012
                        2.59879e-012
                        1.29732e-012
                        1.77785e-012
                        9.03971e-013
                        1.40486e-012
                        7.22963e-013
                        2.79841e-012
                        1.15413e-012
                        3.54474e-012
                        1.46089e-012
                        4.91962e-012
                        2.02849e-012
                        4.28394e-012
                        1.76566e-012
                        5.46467e-010
                        2.34941e-009
                        4.76091e-010
                        2.04828e-009
                        1.4765e-010
                        6.37306e-010
                        3.1948e-010
                        1.37664e-009
                        1.13865e-010
                        2.20258e-010
                        6.05144e-011
                        1.17159e-010
                        8.2214e-011
                        7.37877e-011
                        7.16491e-011
                        6.42484e-011
                        2.22279e-011
                        1.98375e-011
                        4.81043e-011
                        4.30443e-011
                        1.23762e-011
                        2.0827e-011
                        6.59553e-012
                        1.10219e-011
                        2.57315e-007
                        2.12779e-006
                        2.24333e-007
                        1.86131e-006
                        1.85977e-007
                        1.54937e-006
                        2.30349e-007
                        1.91003e-006
                        2.59848e-007
                        2.14819e-006
                        9.33862e-006
                        8.83351e-005
                        1.16775e-005
                        0.000108947
                        1.58993e-005
                        0.000145615
                        1.39598e-005
                        0.000128845
                        0.00588602
                        0.685043
                        0.00594123
                        0.68587
                        0.00949527
                        0.726083
                        0.0103972
                        0.73356
                        0.007854
                        0.710123
                        0.0065765
                        0.694803
                        1.85734
                        1.84156
                        1.926
                        1.81795
                        1.91146
                        1.82816
                        1.91785
                        1.32215e-011
                        1.42176e-011
                        1.07253e-005
                        1.08451e-005
                        7.7616e-012
                        3.34568e-012
                        7.85678e-012
                        3.38579e-012
                        1.17543e-010
                        1.37201e-010
                        1.97017e-008
                        2.46961e-008
                        0.016809
                        0.0195569
                        2.6528e-011
                        3.28438e-011
                        1.07895e-009
                        1.21936e-009
                        2.84477e-007
                        2.81669e-007
                        5.82528e-011
                        5.06711e-011
                        5.11545e-009
                        4.07859e-009
                        1.51565e-005
                        1.22428e-005
                        1.13591e-011
                        4.85297e-012
                        8.97623e-012
                        3.85654e-012
                        1.33289e-010
                        1.162e-010
                        1.03717e-007
                        3.68204e-008
                        8.7395e-008
                        4.23272e-011
                        4.93533e-011
                        1.12009e-011
                        1.34145e-011
                        4.32216e-011
                        7.72341e-011
                        6.65352e-011
                        2.39626e-013
                        4.05523e-013
                        3.0566e-013
                        2.24587e-013
                        4.88093e-013
                        3.58657e-013
                        4.31005e-013
                        3.88234e-013
                        2.85272e-013
                        5.8482e-013
                        4.29741e-013
                        2.01184e-010
                        1.98151e-010
                        1.3661e-013
                        1.38208e-013
                        2.50543e-013
                        2.81909e-013
                        1.96387e-013
                        1.56923e-013
                        3.20884e-013
                        4.07974e-013
                        5.69383e-013
                        4.94614e-013
                        4.69512e-013
                        4.75225e-013
                        8.82396e-013
                        9.97502e-013
                        6.84945e-013
                        5.42359e-013
                        7.09568e-013
                        5.59087e-013
                        8.58938e-013
                        9.87611e-013
                        9.7155e-013
                        9.83195e-013
                        1.81355e-012
                        2.0487e-012
                        1.41069e-012
                        1.12003e-012
                        3.97367e-012
                        6.956e-012
                        6.06368e-012
                        5.12775e-010
                        4.47262e-010
                        1.39537e-010
                        3.00954e-010
                        3.14153e-011
                        1.66387e-011
                        4.89765e-011
                        4.26369e-011
                        1.31434e-011
                        2.85492e-011
                        4.45424e-012
                        2.38247e-012
                        1.24707e-007
                        1.08907e-007
                        9.04505e-008
                        1.11794e-007
                        1.25918e-007
                        1.23183e-006
                        7.57323e-005
                        7.65446e-005
                        0.000131926
                        0.000146892
                        0.000105617
                        8.60024e-005
                        0.696831
                        0.71239
                        0.732958
                        0.724418
                        5.05631e-012
                        1.42175e-011
                        5.81818e-010
                        1.59949e-007
                        1.91664
                        4.18849e-011
                        5.25527e-009
                        2.13399e-005
                        1.66036e-011
                        7.0245e-012
                        2.36221e-010
                        2.95995e-008
                        0.0163977
                        2.56255e-011
                        6.63839e-010
                        5.74837e-010
                        1.04715e-007
                        7.5445e-008
                        9.30687e-008
                        2.85008e-008
                        4.96282e-009
                        8.39554e-009
                        1.12932e-010
                        3.49887e-011
                        8.76739e-011
                        2.61624e-011
                        6.47712e-011
                        1.00506e-010
                        1.71827e-010
                        1.34647e-010
                        2.09648e-013
                        2.81057e-013
                        2.06495e-013
                        2.81014e-013
                        2.06462e-013
                        2.18639e-013
                        3.16397e-013
                        4.30587e-013
                        2.81633e-013
                        1.14799e-011
                        1.88627e-013
                        1.47858e-013
                        2.29065e-013
                        1.796e-013
                        1.68229e-013
                        3.41875e-013
                        1.90851e-013
                        1.66298e-013
                        2.80391e-013
                        3.40163e-013
                        5.96871e-013
                        1.22759e-012
                        5.89884e-013
                        6.78794e-013
                        1.84237e-012
                        2.23434e-012
                        2.38163e-012
                        4.96845e-012
                        2.71533e-012
                        2.35322e-012
                        1.23906e-010
                        5.34983e-010
                        2.31508e-010
                        1.55662e-010
                        2.65493e-010
                        1.86515e-011
                        2.5056e-011
                        1.689e-011
                        2.87064e-011
                        1.42917e-007
                        1.1963e-006
                        1.24102e-007
                        1.04097e-006
                        1.47233e-007
                        8.01476e-006
                        1.60474e-005
                        9.07581e-006
                        7.92398e-006
                        0.00806606
                        0.00930688
                        1.86749
                        1.81721
                        1.91099
                        1.85927
                        1.86822
                        2.82931e-009
                        1.25883e-005
                        9.25543e-012
                        1.72199e-010
                        3.03654e-008
                        0.021271
                        3.70339e-011
                        1.2073e-009
                        2.4513e-007
                        1.92743
                        4.04379e-011
                        3.22916e-009
                        2.79529e-009
                        5.57787e-012
                        5.05631e-012
                        2.39066e-008
                        2.32726e-009
                        1.33073e-010
                        1.30985e-010
                        4.14444e-011
                        3.26122e-013
                        2.10047e-013
                        2.97568e-013
                        5.86541e-013
                        8.9913e-012
                        6.06844e-012
                        1.03003e-011
                        1.05319e-006
                        2.35952e-008
                        1.95835e-009
                        2.83383e-013
                        2.0821e-013
                        1.05092e-012
                        2.15355e-013
                        2.81615e-013
                        1.84257e-011
                        2.81899e-011
                        1.48091e-013
                        1.16053e-013
                        2.64045e-013
                        2.07067e-013
                        3.03974e-013
                        2.38539e-013
                        2.20434e-013
                        3.91845e-013
                        1.08968e-012
                        8.51818e-013
                        1.44856e-012
                        2.57275e-012
                        4.3999e-012
                        3.42274e-012
                        2.3345e-010
                        1.00678e-009
                        7.20886e-011
                        3.51527e-011
                        7.85178e-012
                        1.25579e-007
                        1.79645e-007
                        1.49765e-006
                        1.43151e-005
                        1.12977e-005
                        0.00673115
                        0.0103211
                        1.82622
                        1.84396
                        2.75816e-008
                        3.64916e-009
                        2.85338e-013
                        2.85881e-013
                        2.931e-013
                        2.83383e-012
                        1.42175e-011
                        7.33525e-009
                    </float_array>
                    <technique_common>
                        <accessor count="575" source="#Geometry-mesh016-__item_locator090-array" stride="1">
                            <param name="WEIGHT" type="float" />
                        </accessor>
                    </technique_common>
                </source>
                <source id="Geometry-mesh016-__item_locator094" name="__item_locator094">
                    <float_array id="Geometry-mesh016-__item_locator094-array" count="575">
                        1.64103e-012
                        1.64104e-012
                        1.64103e-012
                        1.64103e-012
                        1.64103e-012
                        1.64102e-012
                        1.64102e-012
                        1.64105e-012
                        9.38747e-006
                        1.1901e-005
                        5.71315e-007
                        1.4766e-005
                        1.66616e-005
                        1.64993e-005
                        1.43781e-005
                        1.14911e-005
                        9.10685e-006
                        7.8819e-006
                        7.97808e-006
                        1.24668e-012
                        1.13501e-012
                        1.26176e-012
                        1.15349e-012
                        1.07938e-012
                        1.08421e-012
                        1.07071e-012
                        1.07112e-012
                        1.54834e-012
                        2.47768e-012
                        1.18903e-012
                        1.13248e-012
                        3.21432e-012
                        1.21984e-012
                        2.66472e-012
                        1.67117e-012
                        1.07894e-012
                        1.07906e-012
                        1.11866e-012
                        1.30184e-012
                        1.11966e-012
                        1.59712e-012
                        1.30501e-012
                        1.59954e-012
                        8.91575e-011
                        1.26562e-010
                        6.49239e-011
                        5.4217e-011
                        1.69224e-010
                        5.55662e-011
                        2.00423e-010
                        6.92223e-011
                        2.04057e-010
                        9.66883e-011
                        1.78081e-010
                        1.36363e-010
                        1.12603e-010
                        8.15483e-011
                        1.35807e-010
                        1.38539e-010
                        5.52136e-011
                        1.19151e-010
                        3.88016e-011
                        8.86006e-011
                        3.17811e-011
                        6.0431e-011
                        3.26562e-011
                        4.16648e-011
                        7.30431e-012
                        2.79282e-012
                        7.30431e-012
                        2.79284e-012
                        7.30429e-012
                        2.79282e-012
                        7.86532e-012
                        7.30427e-012
                        7.86531e-012
                        7.30428e-012
                        5.60404e-009
                        1.47943e-009
                        5.67248e-009
                        1.49658e-009
                        0.00104436
                        3.51521e-006
                        0.00119697
                        4.11597e-006
                        8.11728e-012
                        5.91352e-012
                        9.5381e-012
                        6.93628e-012
                        4.6985e-010
                        1.32368e-010
                        5.96759e-010
                        1.67976e-010
                        1.58214e-007
                        8.48634e-009
                        1.94613e-007
                        1.05692e-008
                        4.33395e-012
                        2.02239e-012
                        5.40132e-012
                        2.5063e-012
                        5.15428e-011
                        1.50278e-011
                        5.79702e-011
                        1.69878e-011
                        3.03412e-009
                        8.39936e-010
                        3.00541e-009
                        8.31576e-010
                        7.14129e-006
                        2.16573e-007
                        6.23962e-006
                        1.89697e-007
                        1.21169e-011
                        6.0526e-012
                        1.0568e-011
                        5.25626e-012
                        2.03316e-010
                        5.023e-011
                        1.6215e-010
                        4.04542e-011
                        8.1901e-009
                        2.12018e-009
                        6.4773e-009
                        1.69738e-009
                        0.00116693
                        3.99641e-006
                        0.00103377
                        3.47416e-006
                        9.25461e-012
                        6.73256e-012
                        8.02052e-012
                        5.84372e-012
                        3.05869e-012
                        3.05869e-012
                        3.05871e-012
                        3.05869e-012
                        3.05869e-012
                        2.79283e-012
                        7.30426e-012
                        5.16813e-006
                        4.17999e-006
                        2.61858e-006
                        2.06741e-006
                        3.02648e-006
                        2.693e-006
                        3.05779e-006
                        2.96244e-006
                        3.90651e-006
                        3.45327e-006
                        4.55891e-006
                        3.35581e-006
                        4.42932e-006
                        2.92879e-006
                        3.86182e-006
                        3.03215e-010
                        8.33076e-011
                        4.03823e-010
                        1.16352e-010
                        9.48631e-010
                        5.43648e-010
                        1.1866e-009
                        6.86032e-010
                        5.39602e-010
                        7.12048e-010
                        1.57857e-012
                        1.53331e-012
                        1.78982e-012
                        1.22237e-012
                        2.24494e-012
                        5.46879e-012
                        4.08902e-012
                        8.00517e-012
                        5.32991e-012
                        3.64093e-012
                        1.09688e-012
                        1.09695e-012
                        2.22364e-012
                        1.51876e-012
                        1.67341e-012
                        1.14282e-012
                        2.1425e-010
                        2.45488e-010
                        4.49974e-010
                        6.73727e-014
                        5.37336e-014
                        6.82033e-014
                        5.43966e-014
                        1.27852e-013
                        1.0204e-013
                        1.44854e-013
                        1.15631e-013
                        9.8822e-014
                        7.8846e-014
                        7.79783e-014
                        6.22003e-014
                        1.02622e-013
                        8.61013e-014
                        1.28879e-013
                        1.08271e-013
                        1.76884e-013
                        1.48803e-013
                        1.54736e-013
                        1.30104e-013
                        9.2395e-014
                        1.37614e-013
                        9.35269e-014
                        1.393e-013
                        1.74716e-013
                        2.59873e-013
                        1.97836e-013
                        2.94084e-013
                        1.35223e-013
                        2.01307e-013
                        1.06844e-013
                        1.59124e-013
                        4.18871e-013
                        4.31967e-013
                        3.32184e-013
                        3.43797e-013
                        5.04375e-013
                        5.18961e-013
                        5.77679e-013
                        5.93596e-013
                        5.44309e-013
                        2.90965e-013
                        5.50986e-013
                        2.94344e-013
                        1.02892e-012
                        5.32586e-013
                        1.16465e-012
                        5.99323e-013
                        7.96689e-013
                        4.17581e-013
                        6.29517e-013
                        3.33953e-013
                        1.1709e-012
                        5.00444e-013
                        1.48326e-012
                        6.33494e-013
                        2.05873e-012
                        8.79684e-013
                        1.79265e-012
                        7.6568e-013
                        2.03144e-008
                        1.41715e-007
                        1.7716e-008
                        1.23734e-007
                        5.53542e-009
                        3.89278e-008
                        1.19207e-008
                        8.34982e-008
                        2.13087e-009
                        5.61533e-009
                        1.13466e-009
                        2.99481e-009
                        9.60915e-010
                        1.06765e-009
                        8.37688e-010
                        9.29986e-010
                        2.60469e-010
                        2.87988e-010
                        5.62881e-010
                        6.23728e-010
                        1.03236e-010
                        2.03247e-010
                        5.50563e-011
                        1.07658e-010
                        4.19057e-005
                        0.0015362
                        3.68279e-005
                        0.0013698
                        3.08544e-005
                        0.00116945
                        3.7758e-005
                        0.00140053
                        4.22936e-005
                        0.00154878
                        0.107818
                        1.21313
                        0.120949
                        1.20157
                        0.140906
                        1.18641
                        0.132233
                        1.19269
                        1.9865
                        1.31484
                        1.98637
                        1.31402
                        1.97834
                        1.27372
                        1.97632
                        1.26622
                        1.98205
                        1.28972
                        1.98493
                        1.30507
                        0.142022
                        0.157656
                        0.0014595
                        0.181017
                        0.00191469
                        0.170921
                        0.00170825
                        7.30421e-012
                        7.86532e-012
                        1.06798e-007
                        1.08036e-007
                        2.85727e-012
                        1.34648e-012
                        2.89232e-012
                        1.36262e-012
                        2.85507e-011
                        3.33303e-011
                        1.74723e-009
                        2.19276e-009
                        5.18605e-006
                        6.40439e-006
                        8.76321e-012
                        1.08507e-011
                        2.08866e-010
                        2.36097e-010
                        1.19598e-008
                        1.18402e-008
                        1.68193e-011
                        1.46288e-011
                        7.2286e-010
                        5.75984e-010
                        1.52991e-007
                        1.22526e-007
                        4.18214e-012
                        1.95328e-012
                        3.30456e-012
                        1.55213e-012
                        3.23793e-011
                        2.8224e-011
                        5.88842e-006
                        2.14535e-006
                        5.52606e-006
                        2.46248e-010
                        2.8707e-010
                        6.52527e-011
                        7.81358e-011
                        2.51445e-010
                        5.11722e-010
                        4.40938e-010
                        1.26972e-012
                        2.31119e-012
                        1.74267e-012
                        1.19015e-012
                        2.78137e-012
                        1.89978e-012
                        2.28275e-012
                        2.21274e-012
                        1.51132e-012
                        3.33215e-012
                        2.27606e-012
                        1.33066e-009
                        1.31064e-009
                        7.27986e-014
                        7.36498e-014
                        1.3352e-013
                        1.50237e-013
                        1.04656e-013
                        8.36238e-014
                        1.64068e-013
                        2.08602e-013
                        2.91143e-013
                        2.52907e-013
                        2.28988e-013
                        2.31775e-013
                        4.30392e-013
                        4.86544e-013
                        3.34073e-013
                        2.64521e-013
                        3.46084e-013
                        2.72681e-013
                        4.18949e-013
                        4.81719e-013
                        4.21264e-013
                        4.26314e-013
                        7.86454e-013
                        8.88453e-013
                        6.11717e-013
                        4.85658e-013
                        1.59928e-012
                        2.80001e-012
                        2.44073e-012
                        1.302e-008
                        1.13646e-008
                        3.5643e-009
                        7.66178e-009
                        4.55578e-010
                        2.41645e-010
                        4.77295e-010
                        4.15613e-010
                        1.28349e-010
                        2.78473e-010
                        3.24096e-011
                        1.73454e-011
                        7.80374e-006
                        6.84289e-006
                        5.71375e-006
                        7.01884e-006
                        7.87718e-006
                        0.000958238
                        1.22195
                        1.22133
                        1.19146
                        1.18596
                        1.20325
                        1.21465
                        1.30304
                        1.28745
                        1.26682
                        1.27539
                        2.79282e-012
                        7.86532e-012
                        1.12522e-010
                        6.67801e-009
                        0.00174639
                        1.20906e-011
                        7.42674e-010
                        2.1863e-007
                        6.11387e-012
                        2.82759e-012
                        5.74188e-011
                        2.63077e-009
                        5.01158e-006
                        8.46492e-012
                        1.2841e-010
                        1.1117e-010
                        5.94345e-006
                        4.32092e-006
                        5.30007e-006
                        1.66959e-006
                        1.37152e-006
                        2.28536e-006
                        6.56133e-010
                        2.036e-010
                        5.09576e-010
                        1.52288e-010
                        3.76619e-010
                        6.65623e-010
                        1.13684e-009
                        8.91271e-010
                        1.11123e-012
                        1.60326e-012
                        1.09479e-012
                        1.60306e-012
                        1.09465e-012
                        1.15871e-012
                        1.67608e-012
                        2.45391e-012
                        1.60637e-012
                        6.68762e-011
                        1.02432e-013
                        8.17297e-014
                        1.24394e-013
                        9.92766e-014
                        8.787e-014
                        1.78582e-013
                        9.9687e-014
                        8.68614e-014
                        1.40136e-013
                        1.70013e-013
                        2.8358e-013
                        5.83302e-013
                        2.8026e-013
                        3.22508e-013
                        8.25606e-013
                        1.00129e-012
                        9.96481e-013
                        2.07917e-012
                        1.13613e-012
                        9.84589e-013
                        4.64992e-009
                        3.27265e-008
                        4.3218e-009
                        2.91002e-009
                        4.95366e-009
                        2.18627e-010
                        2.08812e-010
                        1.40833e-010
                        2.39188e-010
                        2.40455e-005
                        0.000934079
                        2.103e-005
                        0.000827054
                        2.47333e-005
                        0.0994623
                        0.141538
                        0.106219
                        0.0988597
                        1.98157
                        1.97877
                        0.131954
                        0.18175
                        0.00193029
                        0.140103
                        0.131224
                        3.9919e-010
                        1.26121e-007
                        3.40738e-012
                        4.18422e-011
                        2.69924e-009
                        7.21038e-006
                        1.22358e-011
                        2.33757e-010
                        1.02862e-008
                        0.00141743
                        1.16726e-011
                        4.55752e-010
                        3.94378e-010
                        3.05869e-012
                        2.79283e-012
                        1.40536e-006
                        6.55693e-007
                        7.7296e-010
                        7.60849e-010
                        2.41118e-010
                        1.85912e-012
                        1.11334e-012
                        1.69666e-012
                        3.34195e-012
                        6.53728e-011
                        4.41407e-011
                        7.4878e-011
                        0.00083556
                        1.38741e-006
                        5.54021e-007
                        1.61618e-012
                        1.10368e-012
                        5.98575e-012
                        1.14135e-012
                        1.60627e-012
                        1.07292e-010
                        1.64077e-010
                        8.0418e-014
                        6.41483e-014
                        1.43391e-013
                        1.14461e-013
                        1.58782e-013
                        1.24599e-013
                        1.10167e-013
                        1.95847e-013
                        5.17761e-013
                        4.04728e-013
                        6.49104e-013
                        1.15298e-012
                        1.84119e-012
                        1.4322e-012
                        8.72818e-009
                        6.12464e-008
                        1.35098e-009
                        4.11581e-010
                        6.55302e-011
                        2.12677e-005
                        2.98604e-005
                        0.00113559
                        0.133879
                        0.118937
                        1.98458
                        1.97649
                        0.172843
                        0.155275
                        1.61681e-006
                        1.01672e-006
                        1.62722e-012
                        1.6303e-012
                        1.67126e-012
                        2.06282e-011
                        7.86529e-012
                        2.00483e-006
                    </float_array>
                    <technique_common>
                        <accessor count="575" source="#Geometry-mesh016-__item_locator094-array" stride="1">
                            <param name="WEIGHT" type="float" />
                        </accessor>
                    </technique_common>
                </source>
                <source id="Geometry-mesh016-__item_locator098" name="__item_locator098">
                    <float_array id="Geometry-mesh016-__item_locator098-array" count="575">
                        9.37215e-013
                        9.37218e-013
                        9.37212e-013
                        9.37215e-013
                        9.37214e-013
                        9.37207e-013
                        9.37211e-013
                        9.37223e-013
                        0.584294
                        0.605657
                        1.8734
                        0.62451
                        0.634817
                        0.633988
                        0.622214
                        0.602541
                        0.581516
                        0.568163
                        0.569292
                        1.01993e-011
                        9.28869e-012
                        1.03222e-011
                        9.43925e-012
                        8.83729e-012
                        8.87621e-012
                        8.76882e-012
                        8.77191e-012
                        1.26617e-011
                        2.02494e-011
                        9.72898e-012
                        9.26814e-012
                        2.62624e-011
                        9.98028e-012
                        2.17764e-011
                        1.36647e-011
                        8.83373e-012
                        8.83471e-012
                        9.15565e-012
                        1.06494e-011
                        9.16377e-012
                        1.30601e-011
                        1.06753e-011
                        1.30798e-011
                        8.05845e-010
                        1.14312e-009
                        5.87156e-010
                        4.9048e-010
                        1.52749e-009
                        5.02665e-010
                        1.80839e-009
                        6.25957e-010
                        1.84111e-009
                        8.73774e-010
                        1.60724e-009
                        1.23145e-009
                        1.61489e-009
                        1.17066e-009
                        1.94648e-009
                        1.98551e-009
                        7.93483e-010
                        1.70848e-009
                        5.58135e-010
                        1.27159e-009
                        4.57374e-010
                        8.68249e-010
                        4.69936e-010
                        5.99212e-010
                        4.20389e-012
                        1.60712e-012
                        4.20389e-012
                        1.60713e-012
                        4.20387e-012
                        1.60712e-012
                        4.53218e-012
                        4.20386e-012
                        4.53217e-012
                        4.20387e-012
                        5.76249e-010
                        2.30297e-010
                        5.83313e-010
                        2.32972e-010
                        1.17336e-006
                        5.81791e-008
                        1.37323e-006
                        6.83911e-008
                        2.7686e-012
                        2.23485e-012
                        3.25342e-012
                        2.6215e-012
                        9.74556e-011
                        3.38747e-011
                        1.23818e-010
                        4.2996e-011
                        8.50373e-009
                        8.74076e-010
                        1.04816e-008
                        1.08964e-009
                        1.78287e-012
                        8.93288e-013
                        2.22209e-012
                        1.10708e-012
                        1.54927e-011
                        5.12697e-012
                        1.7426e-011
                        5.796e-012
                        4.73118e-010
                        1.74359e-010
                        4.6863e-010
                        1.72621e-010
                        1.20468e-007
                        1.16773e-008
                        1.04847e-007
                        1.02142e-008
                        4.58032e-012
                        2.49009e-012
                        3.99461e-012
                        2.16239e-012
                        5.20512e-011
                        1.50978e-011
                        4.15034e-011
                        1.21577e-011
                        8.43439e-010
                        3.30309e-010
                        6.66417e-010
                        2.64304e-010
                        1.33346e-006
                        6.63548e-008
                        1.15969e-006
                        5.74831e-008
                        3.15668e-012
                        2.54448e-012
                        2.73559e-012
                        2.20846e-012
                        1.74912e-012
                        1.74912e-012
                        1.74913e-012
                        1.74912e-012
                        1.74912e-012
                        1.60712e-012
                        4.20386e-012
                        0.013756
                        0.0117829
                        0.00830437
                        0.00692896
                        0.00926565
                        0.00848303
                        0.00933769
                        0.00911752
                        0.017087
                        0.0102285
                        0.0190613
                        0.0100121
                        0.018678
                        0.0090393
                        0.0169474
                        2.90107e-009
                        7.99439e-010
                        3.86058e-009
                        1.11578e-009
                        1.12727e-008
                        5.1927e-009
                        1.40866e-008
                        6.54782e-009
                        6.42652e-009
                        8.47135e-009
                        1.29988e-011
                        1.26267e-011
                        1.6603e-011
                        1.00712e-011
                        2.08125e-011
                        4.49688e-011
                        3.36335e-011
                        7.40855e-011
                        4.93517e-011
                        2.99515e-011
                        9.04505e-012
                        9.04558e-012
                        2.06154e-011
                        1.25071e-011
                        1.55286e-011
                        9.41856e-012
                        2.05171e-009
                        2.35005e-009
                        5.36257e-009
                        3.82039e-014
                        3.0941e-014
                        3.86749e-014
                        3.13228e-014
                        7.25016e-014
                        5.87591e-014
                        8.2144e-014
                        6.65856e-014
                        5.60387e-014
                        4.54022e-014
                        4.42182e-014
                        3.58166e-014
                        5.62814e-014
                        4.8039e-014
                        7.06832e-014
                        6.0409e-014
                        9.70133e-014
                        8.3026e-014
                        8.48655e-014
                        7.25917e-014
                        4.88032e-014
                        7.41087e-014
                        4.94011e-014
                        7.50166e-014
                        9.22904e-014
                        1.39956e-013
                        1.04504e-013
                        1.58382e-013
                        7.14271e-014
                        1.08412e-013
                        5.6436e-014
                        8.56934e-014
                        2.12032e-013
                        2.13583e-013
                        1.68147e-013
                        1.69983e-013
                        2.5532e-013
                        2.56603e-013
                        2.92432e-013
                        2.93512e-013
                        2.62425e-013
                        1.43859e-013
                        2.65644e-013
                        1.4553e-013
                        4.96111e-013
                        2.63341e-013
                        5.61563e-013
                        2.96344e-013
                        3.84122e-013
                        2.06469e-013
                        3.03511e-013
                        1.65116e-013
                        5.33694e-013
                        2.34844e-013
                        6.76093e-013
                        2.9729e-013
                        9.38456e-013
                        4.12846e-013
                        8.17146e-013
                        3.59334e-013
                        1.60384e-005
                        0.000728624
                        1.40882e-005
                        0.00064726
                        4.64857e-006
                        0.000232369
                        9.66957e-006
                        0.000458115
                        2.22918e-007
                        1.36259e-006
                        1.19682e-007
                        7.37004e-007
                        3.37496e-008
                        5.98673e-008
                        2.94496e-008
                        5.22211e-008
                        9.22233e-009
                        1.63415e-008
                        1.984e-008
                        3.51581e-008
                        1.86118e-009
                        4.95062e-009
                        9.94432e-010
                        2.62893e-009
                        0.937266
                        1.88611
                        0.935099
                        1.89373
                        0.932007
                        1.90355
                        0.935523
                        1.89229
                        0.937418
                        1.88555
                        1.89138
                        0.786757
                        1.87807
                        0.798293
                        1.85781
                        0.813412
                        1.86662
                        0.807152
                        0.00760997
                        9.68293e-005
                        0.00767989
                        9.78512e-005
                        0.01215
                        0.000167133
                        0.0132761
                        0.00018575
                        0.0100927
                        0.000134307
                        0.00848325
                        0.000109735
                        1.03963e-005
                        1.29761e-005
                        1.72884e-006
                        1.76213e-005
                        2.3775e-006
                        1.54889e-005
                        2.07853e-006
                        4.20383e-012
                        4.53218e-012
                        5.71962e-009
                        5.7865e-009
                        1.17529e-012
                        5.94694e-013
                        1.18971e-012
                        6.01827e-013
                        8.57855e-012
                        1.00156e-011
                        2.72084e-010
                        3.41644e-010
                        8.66966e-008
                        1.07695e-007
                        3.31222e-012
                        4.10153e-012
                        5.34733e-011
                        6.0452e-011
                        1.2337e-009
                        1.2213e-009
                        5.73847e-012
                        4.99076e-012
                        1.50023e-010
                        1.19502e-010
                        8.22034e-009
                        6.56992e-009
                        1.72041e-012
                        8.62757e-013
                        1.35932e-012
                        6.85542e-013
                        9.72963e-012
                        8.48032e-012
                        0.0151106
                        0.00712952
                        0.0218003
                        2.35731e-009
                        2.747e-009
                        6.26473e-010
                        7.49903e-010
                        2.40693e-009
                        6.09566e-009
                        5.25526e-009
                        1.04601e-011
                        2.14255e-011
                        1.61675e-011
                        9.80671e-012
                        2.57762e-011
                        1.56397e-011
                        1.87883e-011
                        2.05146e-011
                        1.24459e-011
                        3.08724e-011
                        1.87332e-011
                        1.57885e-008
                        1.5552e-008
                        4.06165e-014
                        4.10914e-014
                        7.44977e-014
                        8.38261e-014
                        5.83922e-014
                        4.66566e-014
                        8.83559e-014
                        1.12341e-013
                        1.56798e-013
                        1.36204e-013
                        1.18485e-013
                        1.19927e-013
                        2.2271e-013
                        2.5177e-013
                        1.72865e-013
                        1.36872e-013
                        1.79081e-013
                        1.41095e-013
                        2.16788e-013
                        2.49273e-013
                        1.97682e-013
                        2.00052e-013
                        3.69085e-013
                        4.16962e-013
                        2.87069e-013
                        2.27904e-013
                        7.06373e-013
                        1.23685e-012
                        1.07811e-012
                        3.09233e-006
                        2.70923e-006
                        8.73842e-007
                        1.84527e-006
                        2.5752e-008
                        1.37311e-008
                        1.15808e-008
                        1.0091e-008
                        3.13208e-009
                        6.77377e-009
                        4.55602e-010
                        2.4418e-010
                        0.027582
                        0.0252412
                        0.0223094
                        0.0256796
                        0.0277558
                        1.91484
                        0.777959
                        0.778578
                        0.808374
                        0.813852
                        0.796618
                        0.785248
                        0.000112662
                        0.00013847
                        0.000184164
                        0.000163296
                        1.60712e-012
                        4.53218e-012
                        2.87921e-011
                        6.8715e-010
                        2.13318e-006
                        4.12447e-012
                        1.54141e-010
                        1.17894e-008
                        2.51531e-012
                        1.24903e-012
                        1.72601e-011
                        4.10072e-010
                        8.37028e-008
                        3.19944e-012
                        3.28609e-011
                        2.84459e-011
                        0.0152116
                        0.0120735
                        0.014009
                        0.0058687
                        1.10822
                        1.09671
                        6.26336e-009
                        1.94997e-009
                        4.86823e-009
                        1.45953e-009
                        3.60122e-009
                        7.92111e-009
                        1.34986e-008
                        1.05939e-008
                        9.16058e-012
                        1.48909e-011
                        9.02958e-012
                        1.48898e-011
                        9.02879e-012
                        9.54876e-012
                        1.38005e-011
                        2.27461e-011
                        1.49163e-011
                        6.4203e-010
                        5.8086e-014
                        4.70628e-014
                        7.05405e-014
                        5.71676e-014
                        4.81904e-014
                        9.79448e-014
                        5.46716e-014
                        4.76372e-014
                        7.40225e-014
                        8.98058e-014
                        1.43542e-013
                        2.95278e-013
                        1.41861e-013
                        1.63248e-013
                        3.98066e-013
                        4.82787e-013
                        4.54182e-013
                        9.47774e-013
                        5.17843e-013
                        4.48761e-013
                        3.9339e-006
                        0.000198922
                        4.4745e-007
                        3.03094e-007
                        5.11748e-007
                        7.74823e-009
                        3.75568e-009
                        2.53646e-009
                        4.29986e-009
                        0.927402
                        1.91621
                        0.924804
                        1.92245
                        0.927938
                        1.89984
                        1.85716
                        1.893
                        1.90045
                        0.0103592
                        0.0119144
                        8.93348e-006
                        1.77841e-005
                        2.4004e-006
                        1.0106e-005
                        8.83309e-006
                        8.27821e-011
                        6.76445e-009
                        1.40163e-012
                        1.25751e-011
                        4.20772e-010
                        1.21668e-007
                        4.62527e-012
                        5.98523e-011
                        1.06033e-009
                        1.67089e-006
                        3.98184e-012
                        9.45275e-011
                        8.17831e-011
                        1.74912e-012
                        1.60712e-012
                        0.00512542
                        1.12365
                        7.37457e-009
                        7.25941e-009
                        2.30832e-009
                        1.72435e-011
                        9.17769e-012
                        1.57428e-011
                        3.09631e-011
                        9.17339e-010
                        6.20043e-010
                        1.05032e-009
                        1.92194
                        0.00507362
                        1.12642
                        1.5004e-011
                        9.0993e-012
                        5.54164e-011
                        9.40655e-012
                        1.49155e-011
                        1.02907e-009
                        1.57224e-009
                        4.56018e-014
                        3.69383e-014
                        8.13142e-014
                        6.5912e-014
                        8.70845e-014
                        6.83353e-014
                        5.81913e-014
                        1.03454e-013
                        2.62097e-013
                        2.04872e-013
                        3.12956e-013
                        5.55935e-013
                        8.39275e-013
                        6.52814e-013
                        7.18408e-006
                        0.000348127
                        1.42185e-007
                        1.45347e-008
                        1.18302e-009
                        0.925026
                        0.931419
                        1.90529
                        1.86495
                        1.88011
                        0.0086785
                        0.0131812
                        1.58798e-005
                        1.25575e-005
                        0.00572297
                        1.11486
                        1.51045e-011
                        1.51326e-011
                        1.55088e-011
                        2.90284e-010
                        4.53217e-012
                        1.09964
                    </float_array>
                    <technique_common>
                        <accessor count="575" source="#Geometry-mesh016-__item_locator098-array" stride="1">
                            <param name="WEIGHT" type="float" />
                        </accessor>
                    </technique_common>
                </source>
                <source id="Geometry-mesh016-__item_locator102" name="__item_locator102">
                    <float_array id="Geometry-mesh016-__item_locator102-array" count="575">
                        5.55232e-013
                        5.55234e-013
                        5.5523e-013
                        5.55232e-013
                        5.55231e-013
                        5.55227e-013
                        5.5523e-013
                        5.55237e-013
                        1.41496
                        1.39342
                        0.1266
                        1.37438
                        1.36395
                        1.36479
                        1.3767
                        1.39657
                        1.41776
                        1.4312
                        1.43006
                        7.86148e-011
                        7.16346e-011
                        7.95587e-011
                        7.27869e-011
                        6.82019e-011
                        6.84939e-011
                        6.77051e-011
                        6.77255e-011
                        9.75277e-011
                        1.55821e-010
                        7.5007e-011
                        7.14775e-011
                        2.01999e-010
                        7.69344e-011
                        1.67548e-010
                        1.05233e-010
                        6.81753e-011
                        6.81826e-011
                        7.06179e-011
                        8.20703e-011
                        7.06799e-011
                        1.00588e-010
                        8.22689e-011
                        1.0074e-010
                        7.03666e-009
                        9.96984e-009
                        5.13219e-009
                        4.28947e-009
                        1.33079e-008
                        4.39571e-009
                        1.57449e-008
                        5.47027e-009
                        1.60285e-008
                        7.62777e-009
                        1.4e-008
                        1.07373e-008
                        2.66408e-008
                        1.9352e-008
                        3.20708e-008
                        3.27092e-008
                        1.3147e-008
                        2.81743e-008
                        9.2653e-009
                        2.10096e-008
                        7.60043e-009
                        1.43784e-008
                        7.80811e-009
                        9.94347e-009
                        2.50732e-012
                        9.58412e-013
                        2.50732e-012
                        9.58417e-013
                        2.50731e-012
                        9.58413e-013
                        2.70595e-012
                        2.5073e-012
                        2.70594e-012
                        2.5073e-012
                        9.80452e-011
                        5.09185e-011
                        9.92493e-011
                        5.15106e-011
                        2.91955e-008
                        3.86055e-009
                        3.42655e-008
                        4.54312e-009
                        1.0727e-012
                        9.38598e-013
                        1.2606e-012
                        1.10102e-012
                        2.6176e-011
                        1.05713e-011
                        3.3263e-011
                        1.34195e-011
                        9.98776e-010
                        1.48834e-010
                        1.23206e-009
                        1.85622e-010
                        8.01505e-013
                        4.25604e-013
                        9.98997e-013
                        5.2748e-013
                        5.44834e-012
                        1.98682e-012
                        6.12857e-012
                        2.24617e-012
                        1.04701e-010
                        4.6854e-011
                        1.03707e-010
                        4.63865e-011
                        8.03599e-009
                        1.37319e-009
                        6.9864e-009
                        1.2005e-009
                        1.92398e-012
                        1.11951e-012
                        1.67789e-012
                        9.72156e-013
                        1.62474e-011
                        5.30942e-012
                        1.29534e-011
                        4.27509e-012
                        1.43607e-010
                        7.30628e-011
                        1.13416e-010
                        5.84469e-011
                        3.32554e-008
                        4.40693e-009
                        2.88495e-008
                        3.81407e-009
                        1.22311e-012
                        1.06867e-012
                        1.05991e-012
                        9.27513e-013
                        1.03739e-012
                        1.03739e-012
                        1.0374e-012
                        1.03739e-012
                        1.03739e-012
                        9.58413e-013
                        2.5073e-012
                        1.82789
                        1.84464
                        1.87737
                        1.8918
                        1.86785
                        1.87557
                        1.86715
                        1.86929
                        1.9187
                        1.8587
                        1.91073
                        1.86072
                        1.91226
                        1.87005
                        1.91927
                        2.7246e-008
                        7.54715e-009
                        3.62072e-008
                        1.0521e-008
                        1.41588e-007
                        4.86255e-008
                        1.76598e-007
                        6.12361e-008
                        8.1065e-008
                        1.06642e-007
                        1.01002e-010
                        9.81182e-011
                        1.50318e-010
                        7.83245e-011
                        1.88237e-010
                        3.48597e-010
                        2.60856e-010
                        6.68058e-010
                        4.45409e-010
                        2.32345e-010
                        7.0443e-011
                        7.04468e-011
                        1.86461e-010
                        9.71912e-011
                        1.40676e-010
                        7.32846e-011
                        1.92991e-008
                        2.20922e-008
                        6.77287e-008
                        2.2493e-014
                        1.84626e-014
                        2.27703e-014
                        1.86905e-014
                        4.26874e-014
                        3.50629e-014
                        4.8365e-014
                        3.97334e-014
                        3.2994e-014
                        2.70922e-014
                        2.60341e-014
                        2.13721e-014
                        3.21891e-014
                        2.78872e-014
                        4.04265e-014
                        3.50686e-014
                        5.5487e-014
                        4.81992e-014
                        4.85386e-014
                        4.21414e-014
                        2.70228e-014
                        4.17233e-014
                        2.73539e-014
                        4.22344e-014
                        5.11044e-014
                        7.87984e-014
                        5.78683e-014
                        8.91736e-014
                        3.95509e-014
                        6.10378e-014
                        3.12495e-014
                        4.82459e-014
                        1.13217e-013
                        1.11798e-013
                        8.97822e-014
                        8.89741e-014
                        1.36333e-013
                        1.34319e-013
                        1.56152e-013
                        1.53641e-013
                        1.34476e-013
                        7.52988e-014
                        1.36126e-013
                        7.61734e-014
                        2.54242e-013
                        1.37846e-013
                        2.87788e-013
                        1.55124e-013
                        1.96845e-013
                        1.08074e-013
                        1.55532e-013
                        8.64261e-014
                        2.60964e-013
                        1.1765e-013
                        3.30603e-013
                        1.48938e-013
                        4.58917e-013
                        2.06837e-013
                        3.99587e-013
                        1.80025e-013
                        1.01494
                        1.97755
                        1.0154
                        1.97954
                        1.01907
                        1.99099
                        1.01674
                        1.98444
                        0.000235911
                        0.0248839
                        0.000134054
                        0.0165311
                        2.54994e-006
                        1.21905e-005
                        2.23206e-006
                        1.06989e-005
                        7.15691e-007
                        3.50644e-006
                        1.51673e-006
                        7.32525e-006
                        4.36526e-008
                        1.91353e-007
                        2.34255e-008
                        1.02316e-007
                        1.06189
                        0.112278
                        1.06415
                        0.104832
                        1.06735
                        0.0952221
                        1.06371
                        0.106241
                        1.06173
                        0.112824
                        0.000787384
                        2.08844e-005
                        0.000961438
                        2.59374e-005
                        0.00126395
                        3.50251e-005
                        0.00112665
                        3.08543e-005
                        2.82121e-006
                        3.03362e-007
                        2.85464e-006
                        3.06831e-007
                        5.21069e-006
                        5.49797e-007
                        5.8689e-006
                        6.17382e-007
                        4.07416e-006
                        4.32873e-007
                        3.24662e-006
                        3.47436e-007
                        1.15405e-007
                        1.45228e-007
                        4.33277e-008
                        1.99637e-007
                        5.99735e-008
                        1.74556e-007
                        5.22844e-008
                        2.50728e-012
                        2.70595e-012
                        6.70851e-010
                        6.78721e-010
                        5.28325e-013
                        2.83324e-013
                        5.34808e-013
                        2.86723e-013
                        3.01611e-012
                        3.52156e-012
                        6.01693e-011
                        7.55732e-011
                        5.76879e-009
                        7.17771e-009
                        1.3912e-012
                        1.72281e-012
                        1.66916e-011
                        1.88714e-011
                        2.10216e-010
                        2.081e-010
                        2.22387e-012
                        1.93402e-012
                        4.0309e-011
                        3.21025e-011
                        9.65372e-010
                        7.70941e-010
                        7.7342e-013
                        4.11055e-013
                        6.11067e-013
                        3.26612e-013
                        3.42098e-012
                        2.98156e-012
                        1.81699
                        1.88963
                        1.8999
                        2.21602e-008
                        2.58056e-008
                        5.91908e-009
                        7.08105e-009
                        2.26246e-008
                        7.692e-008
                        6.63824e-008
                        8.13338e-011
                        1.93763e-010
                        1.46403e-010
                        7.62796e-011
                        2.32984e-010
                        1.2147e-010
                        1.4587e-010
                        1.85552e-010
                        9.67169e-011
                        2.78921e-010
                        1.45443e-010
                        1.97734e-007
                        1.94799e-007
                        2.35781e-014
                        2.38539e-014
                        4.32479e-014
                        4.86637e-014
                        3.38978e-014
                        2.70847e-014
                        4.9745e-014
                        6.32498e-014
                        8.82816e-014
                        7.66858e-014
                        6.44594e-014
                        6.52439e-014
                        1.21167e-013
                        1.36979e-013
                        9.40465e-014
                        7.44636e-014
                        9.74285e-014
                        7.67609e-014
                        1.17945e-013
                        1.3562e-013
                        9.90308e-014
                        1.00218e-013
                        1.8491e-013
                        2.089e-013
                        1.43816e-013
                        1.14173e-013
                        3.36537e-013
                        5.8932e-013
                        5.13675e-013
                        0.0421227
                        0.0387704
                        0.0185271
                        0.0303328
                        5.43238e-006
                        2.96485e-006
                        4.42941e-007
                        3.86666e-007
                        1.21673e-007
                        2.60861e-007
                        7.31405e-009
                        3.93149e-009
                        1.87784
                        1.88665
                        1.89792
                        1.88499
                        1.87719
                        0.0841558
                        1.78178e-005
                        1.80149e-005
                        3.16188e-005
                        3.53435e-005
                        2.5118e-005
                        2.03154e-005
                        3.57513e-007
                        4.47533e-007
                        6.11589e-007
                        5.35976e-007
                        9.58412e-013
                        2.70595e-012
                        8.98438e-012
                        1.16951e-010
                        5.36879e-008
                        1.59822e-012
                        4.14165e-011
                        1.38642e-009
                        1.13085e-012
                        5.95127e-013
                        6.07021e-012
                        9.07316e-011
                        5.56816e-009
                        1.34381e-012
                        1.02547e-011
                        8.87629e-012
                        1.8162
                        1.8421
                        1.82582
                        1.90369
                        0.891772
                        0.903276
                        5.85906e-008
                        1.8346e-008
                        4.56029e-008
                        1.37482e-008
                        3.37865e-008
                        9.97663e-008
                        1.69289e-007
                        1.33129e-007
                        7.13065e-011
                        1.35106e-010
                        7.03446e-011
                        1.35109e-010
                        7.03439e-011
                        7.4288e-011
                        1.07215e-010
                        2.05668e-010
                        1.35283e-010
                        6.06558e-009
                        3.41994e-014
                        2.80831e-014
                        4.15327e-014
                        3.41131e-014
                        2.75614e-014
                        5.60198e-014
                        3.12684e-014
                        2.7245e-014
                        4.09881e-014
                        4.97285e-014
                        7.66431e-014
                        1.57672e-013
                        7.57457e-014
                        8.71664e-014
                        2.03992e-013
                        2.47412e-013
                        2.2208e-013
                        4.63474e-013
                        2.53212e-013
                        2.19429e-013
                        1.01946
                        1.99205
                        0.000441362
                        0.000311296
                        0.000497449
                        6.03214e-007
                        8.76031e-008
                        5.93525e-008
                        1.0018e-007
                        1.07209
                        0.0828176
                        1.07475
                        0.0766819
                        1.07154
                        0.00068635
                        0.00127433
                        0.000767483
                        0.000679346
                        4.21645e-006
                        5.07618e-006
                        9.86403e-008
                        2.01558e-007
                        6.05636e-008
                        1.1207e-007
                        9.74941e-008
                        2.22321e-011
                        7.93847e-010
                        6.30087e-013
                        4.42193e-012
                        9.31023e-011
                        8.1167e-009
                        1.94286e-012
                        1.86841e-011
                        1.80619e-010
                        4.18477e-008
                        1.54293e-012
                        2.53889e-011
                        2.19636e-011
                        1.03739e-012
                        9.58413e-013
                        1.9125
                        0.876349
                        6.89203e-008
                        6.78503e-008
                        2.17017e-008
                        1.5608e-010
                        7.14368e-011
                        1.42593e-010
                        2.79738e-010
                        1.46721e-008
                        9.93832e-009
                        1.67859e-008
                        0.0771827
                        1.91313
                        0.873574
                        1.36024e-010
                        7.08426e-011
                        5.0002e-010
                        7.31921e-011
                        1.35276e-010
                        9.70632e-009
                        1.48055e-008
                        2.68487e-014
                        2.20414e-014
                        4.78764e-014
                        3.93314e-014
                        4.98078e-014
                        3.90836e-014
                        3.22215e-014
                        5.72863e-014
                        1.39952e-013
                        1.09393e-013
                        1.60372e-013
                        2.84903e-013
                        4.1041e-013
                        3.19219e-013
                        1.01776
                        1.98751
                        0.000156837
                        1.11821e-006
                        2.78355e-008
                        1.07452
                        1.06796
                        0.0935182
                        0.001152
                        0.000933524
                        3.34404e-006
                        5.81246e-006
                        1.79141e-007
                        1.40368e-007
                        1.90538
                        0.885135
                        1.36903e-010
                        1.37151e-010
                        1.40499e-010
                        4.67013e-009
                        2.70594e-012
                        0.900345
                    </float_array>
                    <technique_common>
                        <accessor count="575" source="#Geometry-mesh016-__item_locator102-array" stride="1">
                            <param name="WEIGHT" type="float" />
                        </accessor>
                    </technique_common>
                </source>
                <source id="Geometry-mesh016-__item_locator106" name="__item_locator106">
                    <float_array id="Geometry-mesh016-__item_locator106-array" count="575">
                        3.83006e-013
                        3.83007e-013
                        3.83005e-013
                        3.83006e-013
                        3.83005e-013
                        3.83003e-013
                        3.83004e-013
                        3.83009e-013
                        0.000733275
                        0.000904431
                        2.28867e-007
                        0.00109301
                        0.0012146
                        0.00120427
                        0.00106784
                        0.00087691
                        0.000713782
                        0.000627663
                        0.000634488
                        1.22679e-009
                        1.11935e-009
                        1.24137e-009
                        1.13702e-009
                        1.06759e-009
                        1.07184e-009
                        1.06104e-009
                        1.06123e-009
                        1.51934e-009
                        2.42162e-009
                        1.17116e-009
                        1.11695e-009
                        3.13574e-009
                        1.20086e-009
                        2.60305e-009
                        1.63863e-009
                        1.06721e-009
                        1.06731e-009
                        1.10383e-009
                        1.28017e-009
                        1.10477e-009
                        1.56672e-009
                        1.28324e-009
                        1.56906e-009
                        1.37406e-007
                        1.94071e-007
                        1.00482e-007
                        8.41013e-008
                        2.58321e-007
                        8.6168e-008
                        3.05097e-007
                        1.07045e-007
                        3.10535e-007
                        1.48844e-007
                        2.71615e-007
                        2.08864e-007
                        1.99372e-006
                        1.45973e-006
                        2.38847e-006
                        2.43473e-006
                        1.0005e-006
                        2.10544e-006
                        7.10359e-007
                        1.58163e-006
                        5.85047e-007
                        1.09204e-006
                        6.00712e-007
                        7.61241e-007
                        1.7374e-012
                        6.6406e-013
                        1.7374e-012
                        6.64064e-013
                        1.73739e-012
                        6.64061e-013
                        1.87635e-012
                        1.73738e-012
                        1.87635e-012
                        1.73739e-012
                        3.22672e-011
                        1.92914e-011
                        3.26637e-011
                        1.95159e-011
                        4.08735e-009
                        8.07009e-010
                        4.80063e-009
                        9.50036e-010
                        5.63353e-013
                        5.18186e-013
                        6.6205e-013
                        6.07869e-013
                        1.10619e-011
                        4.87386e-012
                        1.40581e-011
                        6.18744e-012
                        2.72372e-010
                        4.89985e-011
                        3.36093e-010
                        6.11215e-011
                        4.61858e-013
                        2.545e-013
                        5.75674e-013
                        3.15426e-013
                        2.69732e-012
                        1.04353e-012
                        3.03417e-012
                        1.17977e-012
                        3.9685e-011
                        1.98049e-011
                        3.93078e-011
                        1.96073e-011
                        1.6828e-009
                        3.74655e-010
                        1.46248e-009
                        3.27473e-010
                        1.0623e-012
                        6.45129e-013
                        9.26407e-013
                        5.60206e-013
                        7.49178e-012
                        2.62853e-012
                        5.97247e-012
                        2.11636e-012
                        4.72763e-011
                        2.76868e-011
                        3.73301e-011
                        2.21453e-011
                        4.65847e-009
                        9.21494e-010
                        4.0387e-009
                        7.97271e-010
                        6.42356e-013
                        5.90004e-013
                        5.56632e-013
                        5.12065e-013
                        7.16145e-013
                        7.16145e-013
                        7.16149e-013
                        7.16145e-013
                        7.16146e-013
                        6.64061e-013
                        1.73738e-012
                        0.158271
                        0.143508
                        0.11428
                        0.101238
                        0.12284
                        0.115903
                        0.123465
                        0.121548
                        0.0641719
                        0.13102
                        0.0701691
                        0.129214
                        0.0690168
                        0.120862
                        0.0637419
                        6.08999e-007
                        1.71112e-007
                        8.06231e-007
                        2.37756e-007
                        5.65966e-006
                        1.07819e-006
                        7.01634e-006
                        1.35303e-006
                        3.28563e-006
                        4.29401e-006
                        1.59863e-009
                        1.55328e-009
                        3.16922e-009
                        1.24246e-009
                        3.95779e-009
                        5.4857e-009
                        4.11003e-009
                        1.39336e-008
                        9.31149e-009
                        3.66262e-009
                        1.12135e-009
                        1.12139e-009
                        3.92078e-009
                        1.53871e-009
                        2.9708e-009
                        1.16392e-009
                        4.33215e-007
                        4.95106e-007
                        2.75626e-006
                        1.54516e-014
                        1.27975e-014
                        1.56421e-014
                        1.29554e-014
                        2.93249e-014
                        2.43045e-014
                        3.32253e-014
                        2.75421e-014
                        2.26656e-014
                        1.87793e-014
                        1.78843e-014
                        1.48143e-014
                        2.16883e-014
                        1.89773e-014
                        2.72387e-014
                        2.38644e-014
                        3.73867e-014
                        3.28003e-014
                        3.27048e-014
                        2.86777e-014
                        1.78203e-014
                        2.78197e-014
                        1.80387e-014
                        2.81605e-014
                        3.3702e-014
                        5.25414e-014
                        3.81629e-014
                        5.94598e-014
                        2.60825e-014
                        4.06985e-014
                        2.06078e-014
                        3.21689e-014
                        7.28962e-014
                        7.10503e-014
                        5.78068e-014
                        5.65445e-014
                        8.77808e-014
                        8.53638e-014
                        1.00542e-013
                        9.76446e-014
                        8.42866e-014
                        4.78531e-014
                        8.53208e-014
                        4.8409e-014
                        1.59359e-013
                        8.76057e-014
                        1.80388e-013
                        9.8587e-014
                        1.23381e-013
                        6.86834e-014
                        9.74851e-014
                        5.49251e-014
                        1.58676e-013
                        7.26647e-014
                        2.01024e-013
                        9.19908e-014
                        2.79052e-013
                        1.27755e-013
                        2.42973e-013
                        1.11193e-013
                        0.985035
                        0.0217192
                        0.984578
                        0.0198082
                        0.980917
                        0.00878139
                        0.983244
                        0.0150986
                        1.97849
                        1.9749
                        1.98587
                        1.98335
                        0.0250036
                        0.995113
                        0.0228436
                        0.994964
                        0.0102737
                        0.993774
                        0.0174995
                        0.99453
                        8.14124e-006
                        0.000164869
                        4.46421e-006
                        9.278e-005
                        0.000798872
                        7.02884e-005
                        0.000710648
                        6.18796e-005
                        0.000605023
                        5.19442e-005
                        0.00072691
                        6.34224e-005
                        0.000805559
                        7.09296e-005
                        3.80846e-006
                        3.83885e-007
                        4.77355e-006
                        4.8163e-007
                        6.52219e-006
                        6.60253e-007
                        5.71792e-006
                        5.77858e-007
                        1.16747e-007
                        2.16293e-008
                        1.18159e-007
                        2.18795e-008
                        2.18482e-007
                        3.94892e-008
                        2.46771e-007
                        4.44132e-008
                        1.69887e-007
                        3.0995e-008
                        1.34732e-007
                        2.48109e-008
                        1.2124e-008
                        1.52831e-008
                        6.07704e-009
                        2.10621e-008
                        8.4258e-009
                        1.83959e-008
                        7.34024e-009
                        1.73737e-012
                        1.87635e-012
                        1.82846e-010
                        1.84994e-010
                        3.04429e-013
                        1.69415e-013
                        3.08165e-013
                        1.71447e-013
                        1.49299e-012
                        1.74325e-012
                        2.27983e-011
                        2.86387e-011
                        1.20702e-009
                        1.50263e-009
                        7.68096e-013
                        9.51212e-013
                        7.69666e-012
                        8.7021e-012
                        6.92278e-011
                        6.85303e-011
                        1.16806e-012
                        1.01579e-012
                        1.70373e-011
                        1.35675e-011
                        2.6325e-010
                        2.10165e-010
                        4.45673e-013
                        2.458e-013
                        3.52111e-013
                        1.95301e-013
                        1.69345e-012
                        1.47589e-012
                        0.167806
                        0.103204
                        0.0782473
                        4.96609e-007
                        5.77204e-007
                        1.34502e-007
                        1.60641e-007
                        5.06887e-007
                        3.12138e-006
                        2.70266e-006
                        1.2896e-009
                        4.07292e-009
                        3.08834e-009
                        1.2105e-009
                        4.89029e-009
                        1.92053e-009
                        2.30421e-009
                        3.90185e-009
                        1.53125e-009
                        5.84739e-009
                        2.2975e-009
                        7.83062e-006
                        7.71774e-006
                        1.60449e-014
                        1.62325e-014
                        2.94307e-014
                        3.31164e-014
                        2.30676e-014
                        1.84311e-014
                        3.31685e-014
                        4.21735e-014
                        5.88649e-014
                        5.11327e-014
                        4.20162e-014
                        4.25276e-014
                        7.89822e-014
                        8.92894e-014
                        6.13029e-014
                        4.85375e-014
                        6.35075e-014
                        5.0035e-014
                        7.68817e-014
                        8.84038e-014
                        6.11643e-014
                        6.18978e-014
                        1.14211e-013
                        1.29029e-013
                        8.88274e-014
                        7.0517e-014
                        2.01237e-013
                        3.52409e-013
                        3.0717e-013
                        1.95743
                        1.96083
                        1.98133
                        1.96938
                        0.994198
                        0.993651
                        0.000353451
                        0.000312655
                        0.000108822
                        0.000218767
                        5.18673e-007
                        2.81932e-007
                        0.0945089
                        0.0880436
                        0.0797204
                        0.0892662
                        0.0949829
                        4.17122e-005
                        3.25208e-007
                        3.28963e-007
                        5.92911e-007
                        6.6657e-007
                        4.65697e-007
                        3.72959e-007
                        2.55391e-008
                        3.20582e-008
                        4.39908e-008
                        3.84835e-008
                        6.6406e-013
                        1.87635e-012
                        4.14205e-012
                        3.84946e-011
                        7.53832e-009
                        8.39394e-013
                        1.75056e-011
                        3.78272e-010
                        6.51664e-013
                        3.55882e-013
                        3.00527e-012
                        3.43869e-011
                        1.16494e-009
                        7.41933e-013
                        4.72787e-012
                        4.09221e-012
                        0.168499
                        0.145753
                        0.160086
                        0.0904176
                        5.8182e-006
                        9.61101e-006
                        1.29547e-006
                        4.12066e-007
                        1.01212e-006
                        3.09805e-007
                        7.53042e-007
                        4.02373e-006
                        6.73394e-006
                        5.33022e-006
                        1.13366e-009
                        2.865e-009
                        1.12066e-009
                        2.86581e-009
                        1.12086e-009
                        1.17948e-009
                        1.69634e-009
                        4.32101e-009
                        2.86568e-009
                        1.378e-007
                        2.34937e-014
                        1.94663e-014
                        2.85316e-014
                        2.36462e-014
                        1.85701e-014
                        3.77457e-014
                        2.10679e-014
                        1.83569e-014
                        2.70303e-014
                        3.27946e-014
                        4.93467e-014
                        1.01521e-013
                        4.87689e-014
                        5.61225e-014
                        1.27861e-013
                        1.55079e-013
                        1.35032e-013
                        2.81824e-013
                        1.53963e-013
                        1.3342e-013
                        0.980532
                        0.00774939
                        1.96605
                        1.97363
                        1.96302
                        0.00908555
                        1.59015e-005
                        1.09429e-005
                        1.80815e-005
                        0.000481786
                        4.0559e-005
                        0.000426067
                        3.54953e-005
                        0.000494391
                        3.26356e-006
                        6.58369e-006
                        3.70021e-006
                        3.22623e-006
                        1.75952e-007
                        2.12713e-007
                        1.03514e-008
                        2.12666e-008
                        8.50915e-009
                        1.17712e-008
                        1.02303e-008
                        9.39463e-012
                        2.16418e-010
                        3.63072e-013
                        2.18907e-012
                        3.52859e-011
                        1.69974e-009
                        1.07273e-012
                        8.6157e-012
                        5.94726e-011
                        5.86846e-009
                        8.10352e-013
                        1.07291e-011
                        9.28113e-012
                        7.16146e-013
                        6.64061e-013
                        0.082351
                        2.81281e-006
                        1.51995e-006
                        1.49673e-006
                        4.86459e-007
                        3.28866e-009
                        1.13562e-009
                        3.00998e-009
                        5.86441e-009
                        1.02592e-006
                        7.00584e-007
                        1.17026e-006
                        3.58949e-005
                        0.081772
                        2.38233e-006
                        2.87832e-009
                        1.12681e-009
                        1.04462e-008
                        1.16249e-009
                        2.86559e-009
                        2.19525e-007
                        3.33358e-007
                        1.84439e-014
                        1.52783e-014
                        3.28897e-014
                        2.72635e-014
                        3.356e-014
                        2.63339e-014
                        2.12488e-014
                        3.7779e-014
                        9.01112e-014
                        7.04342e-014
                        1.00519e-013
                        1.78579e-013
                        2.49554e-013
                        1.94101e-013
                        0.982224
                        0.0121401
                        1.98411
                        0.0141248
                        5.27392e-006
                        0.000430488
                        0.000587235
                        5.02863e-005
                        5.86515e-006
                        4.61664e-006
                        1.38859e-007
                        2.44342e-007
                        1.8883e-008
                        1.47679e-008
                        0.0888699
                        4.33341e-006
                        2.89511e-009
                        2.89996e-009
                        2.9672e-009
                        3.33897e-007
                        1.87634e-012
                        8.45078e-006
                    </float_array>
                    <technique_common>
                        <accessor count="575" source="#Geometry-mesh016-__item_locator106-array" stride="1">
                            <param name="WEIGHT" type="float" />
                        </accessor>
                    </technique_common>
                </source>
                <source id="Geometry-mesh016-__item_locator110" name="__item_locator110">
                    <float_array id="Geometry-mesh016-__item_locator110-array" count="575">
                        2.68588e-013
                        2.68589e-013
                        2.68587e-013
                        2.68588e-013
                        2.68588e-013
                        2.68586e-013
                        2.68587e-013
                        2.6859e-013
                        2.14904e-006
                        2.73623e-006
                        1.98099e-009
                        3.40907e-006
                        3.8561e-006
                        3.81776e-006
                        3.31778e-006
                        2.64025e-006
                        2.08369e-006
                        1.79896e-006
                        1.82128e-006
                        6.69627e-007
                        6.17291e-007
                        6.76931e-007
                        6.25572e-007
                        5.96821e-007
                        5.97793e-007
                        5.98514e-007
                        5.98037e-007
                        8.18473e-007
                        1.28072e-006
                        6.42059e-007
                        6.16184e-007
                        1.64418e-006
                        6.56705e-007
                        1.37329e-006
                        8.79649e-007
                        5.9676e-007
                        5.96776e-007
                        6.10261e-007
                        6.96483e-007
                        6.1068e-007
                        8.42762e-007
                        6.98035e-007
                        8.43965e-007
                        0.000175738
                        0.000240932
                        0.000131784
                        0.000111806
                        0.000312336
                        0.000114345
                        0.000362982
                        0.000139699
                        0.000368807
                        0.000189096
                        0.000326835
                        0.000257583
                        0.984249
                        0.983045
                        0.984923
                        0.984994
                        0.981539
                        0.984454
                        0.980172
                        0.983359
                        0.979422
                        0.981891
                        0.979522
                        0.980446
                        1.2234e-012
                        4.67569e-013
                        1.2234e-012
                        4.67572e-013
                        1.22339e-012
                        4.6757e-013
                        1.32209e-012
                        1.22339e-012
                        1.32209e-012
                        1.22339e-012
                        1.21595e-011
                        8.11755e-012
                        1.2309e-011
                        8.21204e-012
                        8.42548e-010
                        2.1785e-010
                        9.89949e-010
                        2.56514e-010
                        3.10395e-013
                        2.98071e-013
                        3.64782e-013
                        3.49664e-013
                        5.08266e-012
                        2.40589e-012
                        6.45981e-012
                        3.05447e-012
                        8.90405e-011
                        1.84687e-011
                        1.09893e-010
                        2.30412e-011
                        2.75765e-013
                        1.56984e-013
                        3.43728e-013
                        1.94568e-013
                        1.41336e-012
                        5.75006e-013
                        1.5899e-012
                        6.5009e-013
                        1.6704e-011
                        9.10148e-012
                        1.65451e-011
                        9.01061e-012
                        4.54733e-010
                        1.22515e-010
                        3.95113e-010
                        1.07072e-010
                        6.11102e-013
                        3.85203e-013
                        5.3292e-013
                        3.34491e-013
                        3.69852e-012
                        1.37731e-012
                        2.94832e-012
                        1.10889e-012
                        1.78193e-011
                        1.16519e-011
                        1.40685e-011
                        9.31895e-012
                        9.60566e-010
                        2.48797e-010
                        8.32498e-010
                        2.15218e-010
                        3.53929e-013
                        3.39387e-013
                        3.06691e-013
                        2.9455e-013
                        5.0255e-013
                        5.0255e-013
                        5.02553e-013
                        5.02551e-013
                        5.02551e-013
                        4.6757e-013
                        1.22339e-012
                        7.59289e-005
                        6.19563e-005
                        3.95102e-005
                        3.14509e-005
                        4.54244e-005
                        4.05922e-005
                        4.58767e-005
                        4.44984e-005
                        3.27208e-005
                        5.1572e-005
                        3.80155e-005
                        5.01717e-005
                        3.69661e-005
                        4.40115e-005
                        3.23569e-005
                        0.00133284
                        0.000438294
                        0.00169393
                        0.000586977
                        0.161235
                        0.00216587
                        0.177443
                        0.00261921
                        0.12465
                        0.141859
                        9.18952e-007
                        8.94218e-007
                        6.74449e-006
                        7.26786e-007
                        8.17573e-006
                        3.01502e-006
                        2.28056e-006
                        2.6417e-005
                        1.80934e-005
                        2.04007e-006
                        6.74263e-007
                        6.74215e-007
                        8.10689e-006
                        8.86273e-007
                        6.4361e-006
                        6.87374e-007
                        0.000993164
                        0.00111502
                        0.114192
                        1.07947e-014
                        9.01423e-015
                        1.09278e-014
                        9.12547e-015
                        2.04871e-014
                        1.71198e-014
                        2.32122e-014
                        1.94003e-014
                        1.58346e-014
                        1.32278e-014
                        1.24943e-014
                        1.04348e-014
                        1.4887e-014
                        1.31442e-014
                        1.8697e-014
                        1.65294e-014
                        2.5663e-014
                        2.27189e-014
                        2.24491e-014
                        1.98633e-014
                        1.19962e-014
                        1.89153e-014
                        1.21432e-014
                        1.9147e-014
                        2.2688e-014
                        3.5725e-014
                        2.56911e-014
                        4.04292e-014
                        1.75584e-014
                        2.76722e-014
                        1.38727e-014
                        2.18725e-014
                        4.80254e-014
                        4.6265e-014
                        3.80838e-014
                        3.6819e-014
                        5.78321e-014
                        5.55859e-014
                        6.62402e-014
                        6.35832e-014
                        5.42081e-014
                        3.11594e-014
                        5.48733e-014
                        3.15213e-014
                        1.02494e-013
                        5.70458e-014
                        1.16019e-013
                        6.41969e-014
                        7.9353e-014
                        4.47237e-014
                        6.26971e-014
                        3.57645e-014
                        9.93326e-014
                        4.61257e-014
                        1.25844e-013
                        5.83941e-014
                        1.74695e-013
                        8.10985e-014
                        1.52107e-013
                        7.05842e-014
                        1.14703e-005
                        2.41834e-006
                        1.00683e-005
                        2.11654e-006
                        3.30412e-006
                        6.77927e-007
                        6.89686e-006
                        1.43765e-006
                        0.0212749
                        0.000212581
                        0.0140003
                        0.000120651
                        1.97496
                        1.00487
                        1.97713
                        1.00502
                        1.98972
                        1.00622
                        1.98248
                        1.00546
                        1.9538
                        1.99948
                        1.96799
                        1.9997
                        3.94074e-006
                        1.21301e-006
                        3.4461e-006
                        1.06046e-006
                        2.86833e-006
                        8.82043e-007
                        3.53648e-006
                        1.08834e-006
                        3.97866e-006
                        1.22469e-006
                        1.49288e-007
                        2.63544e-008
                        1.88097e-007
                        3.31605e-008
                        2.59005e-007
                        4.56553e-008
                        2.26306e-007
                        3.98834e-008
                        1.18999e-008
                        2.96178e-009
                        1.20448e-008
                        2.9962e-009
                        2.23747e-008
                        5.4241e-009
                        2.52972e-008
                        6.10448e-009
                        1.73636e-008
                        4.25185e-009
                        1.37469e-008
                        3.39969e-009
                        2.08622e-009
                        2.63192e-009
                        1.25388e-009
                        3.63147e-009
                        1.74e-009
                        3.17013e-009
                        1.51526e-009
                        1.22338e-012
                        1.32209e-012
                        5.97532e-011
                        6.04557e-011
                        1.81761e-013
                        1.04498e-013
                        1.83992e-013
                        1.05751e-013
                        7.82228e-013
                        9.1337e-013
                        9.59384e-012
                        1.20527e-011
                        3.26006e-010
                        4.05977e-010
                        4.41842e-013
                        5.47191e-013
                        3.79969e-012
                        4.29618e-012
                        2.60991e-011
                        2.5836e-011
                        6.43633e-013
                        5.5972e-013
                        7.82924e-012
                        6.23429e-012
                        8.60557e-011
                        6.86888e-011
                        2.661e-013
                        1.51617e-013
                        2.10232e-013
                        1.20466e-013
                        8.87273e-013
                        7.73264e-013
                        8.60208e-005
                        3.25957e-005
                        4.58132e-005
                        0.00111795
                        0.0012728
                        0.000353386
                        0.000414276
                        0.00113792
                        0.121529
                        0.113063
                        7.51633e-007
                        8.39024e-006
                        6.61049e-006
                        7.10285e-007
                        9.91904e-006
                        1.09482e-006
                        1.30422e-006
                        8.07169e-006
                        8.8221e-007
                        1.17072e-005
                        1.30057e-006
                        0.186101
                        0.184941
                        1.11131e-014
                        1.12431e-014
                        2.03849e-014
                        2.29378e-014
                        1.59775e-014
                        1.2766e-014
                        2.25522e-014
                        2.86752e-014
                        4.00248e-014
                        3.47671e-014
                        2.79888e-014
                        2.83295e-014
                        5.26148e-014
                        5.94814e-014
                        4.08371e-014
                        3.23331e-014
                        4.23058e-014
                        3.33307e-014
                        5.12155e-014
                        5.88914e-014
                        3.88251e-014
                        3.92907e-014
                        7.25e-014
                        8.19072e-014
                        5.63859e-014
                        4.47623e-014
                        1.24127e-013
                        2.17382e-013
                        1.89475e-013
                        0.000448945
                        0.000398229
                        0.000141205
                        0.000280672
                        1.0058
                        1.00635
                        1.99889
                        1.99902
                        1.99965
                        1.99931
                        0.876837
                        0.864402
                        6.39759e-005
                        5.63452e-005
                        4.73201e-005
                        5.77457e-005
                        6.45574e-005
                        7.00619e-007
                        2.22813e-008
                        2.25416e-008
                        4.09368e-008
                        4.60983e-008
                        3.20494e-008
                        2.55952e-008
                        3.49998e-009
                        4.39847e-009
                        6.04609e-009
                        5.28521e-009
                        4.67569e-013
                        1.32209e-012
                        2.04458e-012
                        1.45076e-011
                        1.55626e-009
                        4.6251e-013
                        8.0445e-012
                        1.23699e-010
                        3.89105e-013
                        2.19524e-013
                        1.57475e-012
                        1.4473e-011
                        3.14626e-010
                        4.2679e-013
                        2.33381e-012
                        2.01997e-012
                        8.67889e-005
                        6.39589e-005
                        7.77829e-005
                        2.55771e-005
                        3.25982e-008
                        5.4983e-008
                        0.00252596
                        0.000950882
                        0.00205359
                        0.000741112
                        0.00159832
                        0.137537
                        0.174269
                        0.156888
                        6.74894e-007
                        6.49537e-006
                        6.78022e-007
                        6.51587e-006
                        6.79178e-007
                        6.94786e-007
                        9.72304e-007
                        8.85362e-006
                        6.42046e-006
                        0.000361149
                        1.64132e-014
                        1.37117e-014
                        1.99329e-014
                        1.6656e-014
                        1.27466e-014
                        2.59094e-014
                        1.44612e-014
                        1.26003e-014
                        1.81965e-014
                        2.20771e-014
                        3.251e-014
                        6.68851e-014
                        3.21293e-014
                        3.69741e-014
                        8.22343e-014
                        9.97405e-014
                        8.45302e-014
                        1.7643e-013
                        9.63817e-014
                        8.35211e-014
                        2.79407e-006
                        5.71312e-007
                        0.0335101
                        0.0260569
                        0.0364862
                        1.99091
                        1.93139
                        1.94485
                        1.92616
                        2.21596e-006
                        6.80332e-007
                        1.92945e-006
                        5.9168e-007
                        2.28154e-006
                        1.27496e-007
                        2.61512e-007
                        1.44951e-007
                        1.26006e-007
                        1.79883e-008
                        2.17792e-008
                        1.78028e-009
                        3.66686e-009
                        1.75726e-009
                        2.02531e-009
                        1.75939e-009
                        4.31642e-012
                        7.07342e-011
                        2.16777e-013
                        1.147e-012
                        1.48515e-011
                        4.59319e-010
                        6.17103e-013
                        4.25352e-012
                        2.24193e-011
                        1.21074e-009
                        4.46505e-013
                        4.92975e-012
                        4.26426e-012
                        5.02551e-013
                        4.6757e-013
                        2.1645e-005
                        1.53441e-008
                        0.00288508
                        0.00284848
                        0.00109816
                        6.95148e-006
                        6.75526e-007
                        6.48993e-006
                        1.17389e-005
                        0.893134
                        0.88395
                        0.896272
                        5.98651e-007
                        2.13769e-005
                        1.29221e-008
                        6.37379e-006
                        6.73269e-007
                        2.01559e-005
                        6.86712e-007
                        6.42159e-006
                        0.000546959
                        0.000790277
                        1.28852e-014
                        1.07617e-014
                        2.29777e-014
                        1.92041e-014
                        2.30361e-014
                        1.80759e-014
                        1.43043e-014
                        2.54327e-014
                        5.93675e-014
                        4.64033e-014
                        6.46485e-014
                        1.14856e-013
                        1.56227e-013
                        1.2151e-013
                        5.11661e-006
                        1.0596e-006
                        0.0157319
                        1.98586
                        1.96454
                        1.95198e-006
                        2.77267e-006
                        8.5248e-007
                        2.32281e-007
                        1.8177e-007
                        1.41712e-008
                        2.50461e-008
                        3.25439e-009
                        2.54288e-009
                        2.47938e-005
                        2.40075e-008
                        6.36717e-006
                        6.36838e-006
                        6.4315e-006
                        0.867397
                        1.32209e-012
                        4.80772e-008
                    </float_array>
                    <technique_common>
                        <accessor count="575" source="#Geometry-mesh016-__item_locator110-array" stride="1">
                            <param name="WEIGHT" type="float" />
                        </accessor>
                    </technique_common>
                </source>
                <source id="Geometry-mesh016-__item_locator114" name="__item_locator114">
                    <float_array id="Geometry-mesh016-__item_locator114-array" count="529">
                        1.71269e-013
                        1.7127e-013
                        1.71269e-013
                        1.71269e-013
                        1.71269e-013
                        1.71268e-013
                        1.71269e-013
                        1.71271e-013
                        2.94438e-008
                        3.77283e-008
                        4.68256e-011
                        4.72964e-008
                        5.36922e-008
                        5.31426e-008
                        4.59939e-008
                        3.63696e-008
                        2.8526e-008
                        2.45384e-008
                        2.48503e-008
                        2
                        2
                        2
                        2
                        2
                        2
                        1.99982
                        1.99976
                        1.99987
                        1.99989
                        1.99969
                        1.99989
                        1.99964
                        1.99986
                        1.99963
                        1.99981
                        1.99967
                        1.99974
                        1.01575
                        1.01695
                        1.01507
                        1.015
                        1.01846
                        1.01554
                        1.01983
                        1.01664
                        1.02058
                        1.01811
                        1.02048
                        1.01955
                        7.83997e-013
                        2.99611e-013
                        7.83997e-013
                        2.99613e-013
                        7.83995e-013
                        2.99612e-013
                        8.479e-013
                        7.83992e-013
                        8.47898e-013
                        7.83994e-013
                        3.88856e-012
                        2.91113e-012
                        3.9364e-012
                        2.94503e-012
                        1.51637e-010
                        5.01809e-011
                        1.78213e-010
                        5.90969e-011
                        1.49368e-013
                        1.5063e-013
                        1.75544e-013
                        1.76706e-013
                        2.00181e-012
                        1.0244e-012
                        2.54436e-012
                        1.30062e-012
                        2.46775e-011
                        5.90743e-012
                        3.04619e-011
                        7.37085e-012
                        1.45455e-013
                        8.59873e-014
                        1.81307e-013
                        1.06576e-013
                        6.42853e-013
                        2.76727e-013
                        7.23167e-013
                        3.12868e-013
                        5.99211e-012
                        3.58522e-012
                        5.9351e-012
                        3.54941e-012
                        1.04831e-010
                        3.39637e-011
                        9.10717e-011
                        2.96793e-011
                        3.08846e-013
                        2.03186e-013
                        2.69329e-013
                        1.76434e-013
                        1.57493e-012
                        6.26451e-013
                        1.25541e-012
                        5.04347e-013
                        5.69958e-012
                        4.17919e-012
                        4.49936e-012
                        3.34214e-012
                        1.72915e-010
                        5.73174e-011
                        1.49825e-010
                        4.9574e-011
                        1.70321e-013
                        1.71511e-013
                        1.47586e-013
                        1.4885e-013
                        3.20723e-013
                        3.20723e-013
                        3.20725e-013
                        3.20723e-013
                        3.20723e-013
                        2.99612e-013
                        7.83992e-013
                        4.25395e-007
                        3.42591e-007
                        2.12786e-007
                        1.67339e-007
                        2.46557e-007
                        2.18939e-007
                        2.49153e-007
                        2.41247e-007
                        2.06849e-007
                        2.82002e-007
                        2.42194e-007
                        2.73899e-007
                        2.35161e-007
                        2.38458e-007
                        2.04433e-007
                        1.99867
                        1.99956
                        1.99831
                        1.99941
                        1.83876
                        1.99783
                        1.82255
                        1.99738
                        1.87535
                        1.85814
                        2
                        1.99999
                        1.99999
                        2
                        2
                        1.99997
                        1.99998
                        2
                        1.99999
                        1.99999
                        1.99901
                        1.99888
                        1.88581
                        6.85213e-015
                        5.77888e-015
                        6.93662e-015
                        5.85019e-015
                        1.30048e-014
                        1.09754e-014
                        1.47347e-014
                        1.24375e-014
                        1.00514e-014
                        8.48022e-015
                        7.93099e-015
                        6.68962e-015
                        9.25172e-015
                        8.25765e-015
                        1.16196e-014
                        1.03844e-014
                        1.59489e-014
                        1.42731e-014
                        1.39515e-014
                        1.2479e-014
                        7.28376e-015
                        1.16224e-014
                        7.37301e-015
                        1.17648e-014
                        1.37758e-014
                        2.19515e-014
                        1.55994e-014
                        2.48422e-014
                        1.06611e-014
                        1.70033e-014
                        8.42316e-015
                        1.34395e-014
                        2.84216e-014
                        2.70035e-014
                        2.25379e-014
                        2.14899e-014
                        3.42257e-014
                        3.24442e-014
                        3.92019e-014
                        3.71123e-014
                        3.11807e-014
                        1.81864e-014
                        3.15633e-014
                        1.83977e-014
                        5.8957e-014
                        3.32964e-014
                        6.67377e-014
                        3.74706e-014
                        4.56451e-014
                        2.61039e-014
                        3.60638e-014
                        2.08744e-014
                        5.53547e-014
                        2.61263e-014
                        7.01298e-014
                        3.30758e-014
                        9.73556e-014
                        4.59372e-014
                        8.47666e-014
                        3.99811e-014
                        1.74667e-008
                        1.1528e-008
                        1.52315e-008
                        1.00545e-008
                        4.75694e-009
                        3.13785e-009
                        1.02473e-008
                        6.76503e-009
                        2.25137e-007
                        5.09836e-008
                        1.20877e-007
                        2.72865e-008
                        3.17165e-005
                        1.60709e-006
                        2.78789e-005
                        1.40578e-006
                        9.22666e-006
                        4.49319e-007
                        1.91633e-005
                        9.53777e-007
                        0.0461905
                        0.000358589
                        0.03201
                        0.000204549
                        6.58397e-008
                        3.86304e-008
                        5.73491e-008
                        3.36949e-008
                        4.74877e-008
                        2.79418e-008
                        5.88973e-008
                        3.4596e-008
                        6.64922e-008
                        3.90091e-008
                        7.76704e-009
                        1.99241e-009
                        9.80763e-009
                        2.51057e-009
                        1.3549e-008
                        3.464e-009
                        1.18217e-008
                        3.02325e-009
                        1.20137e-009
                        3.76944e-010
                        1.21604e-009
                        3.81337e-010
                        2.26489e-009
                        6.91657e-010
                        2.56219e-009
                        7.78737e-010
                        1.75567e-009
                        5.41736e-010
                        1.38863e-009
                        4.32856e-010
                        3.20914e-010
                        4.05074e-010
                        2.25821e-010
                        5.59367e-010
                        3.13563e-010
                        4.88134e-010
                        2.72989e-010
                        7.83986e-013
                        8.479e-013
                        1.65557e-011
                        1.67505e-011
                        9.58686e-014
                        5.72364e-014
                        9.70453e-014
                        5.79232e-014
                        3.55752e-013
                        4.15405e-013
                        3.44077e-012
                        4.323e-012
                        7.51265e-011
                        9.35787e-011
                        2.23294e-013
                        2.76542e-013
                        1.61802e-012
                        1.8295e-012
                        8.34963e-012
                        8.26541e-012
                        3.0976e-013
                        2.6937e-013
                        3.08392e-012
                        2.45551e-012
                        2.38497e-011
                        1.90334e-011
                        1.40357e-013
                        8.30472e-014
                        1.10887e-013
                        6.59834e-014
                        4.03534e-013
                        3.51675e-013
                        4.86022e-007
                        1.73751e-007
                        2.94846e-007
                        1.99888
                        1.99873
                        1.99965
                        1.99959
                        1.99886
                        1.87847
                        1.88693
                        1.99999
                        1.99999
                        1.99999
                        2
                        1.99999
                        1.81389
                        1.81505
                        6.98159e-015
                        7.06324e-015
                        1.28067e-014
                        1.44106e-014
                        1.00376e-014
                        8.01999e-015
                        1.38571e-014
                        1.76196e-014
                        2.45937e-014
                        2.13629e-014
                        1.67828e-014
                        1.69871e-014
                        3.15501e-014
                        3.56678e-014
                        2.44874e-014
                        1.93878e-014
                        2.53681e-014
                        1.99861e-014
                        3.07109e-014
                        3.5314e-014
                        2.19909e-014
                        2.22547e-014
                        4.10664e-014
                        4.63953e-014
                        3.19383e-014
                        2.5354e-014
                        6.7989e-014
                        1.19073e-013
                        1.03786e-013
                        1.17581e-007
                        1.02727e-007
                        3.24447e-008
                        6.94336e-008
                        7.0258e-007
                        3.78626e-007
                        0.000753581
                        0.000668873
                        0.000239034
                        0.000472461
                        1.12316
                        1.1356
                        4.19871e-007
                        3.66968e-007
                        3.05097e-007
                        3.76639e-007
                        4.23924e-007
                        2.21158e-008
                        1.68279e-009
                        1.70257e-009
                        3.10365e-009
                        3.49785e-009
                        2.42592e-009
                        1.93467e-009
                        4.45665e-010
                        5.60478e-010
                        7.71262e-010
                        6.73886e-010
                        2.99612e-013
                        8.47899e-013
                        8.70527e-013
                        4.63986e-012
                        2.8039e-010
                        2.22581e-013
                        3.16874e-012
                        3.42922e-011
                        2.05245e-013
                        1.20247e-013
                        7.16276e-013
                        5.19148e-012
                        7.25011e-011
                        2.15687e-013
                        9.93701e-013
                        8.60047e-013
                        4.90663e-007
                        3.54373e-007
                        4.36484e-007
                        1.34687e-007
                        6.18738e-010
                        1.0488e-009
                        1.99747
                        1.99905
                        1.99795
                        1.99926
                        1.9984
                        1.86246
                        1.82572
                        1.84311
                        1.99999
                        1.99964
                        1.04187e-014
                        8.79044e-015
                        1.2653e-014
                        1.06781e-014
                        7.92149e-015
                        1.61021e-014
                        8.98706e-015
                        7.83054e-015
                        1.10485e-014
                        1.34049e-014
                        1.92392e-014
                        3.95836e-014
                        1.90139e-014
                        2.18811e-014
                        4.73025e-014
                        5.73731e-014
                        4.71053e-014
                        9.83226e-014
                        5.37101e-014
                        4.65429e-014
                        3.99572e-009
                        2.63512e-009
                        4.51886e-007
                        3.06105e-007
                        5.16817e-007
                        7.81015e-006
                        0.0685905
                        0.0551341
                        0.0738208
                        3.64358e-008
                        2.14661e-008
                        3.16139e-008
                        1.86309e-008
                        3.75424e-008
                        6.62385e-009
                        1.36815e-008
                        7.53937e-009
                        6.5458e-009
                        1.81911e-009
                        2.20434e-009
                        2.73757e-010
                        5.64831e-010
                        3.1668e-010
                        3.11523e-010
                        2.70537e-010
                        1.69995e-012
                        1.96006e-011
                        1.14339e-013
                        5.21681e-013
                        5.32733e-012
                        1.0589e-010
                        3.11878e-013
                        1.81132e-012
                        7.17177e-012
                        2.18037e-010
                        2.14878e-013
                        1.94156e-012
                        1.6794e-012
                        3.20723e-013
                        2.99612e-013
                        1.13082e-007
                        2.89414e-010
                        1.99711
                        1.99715
                        1.9989
                        1.99999
                        1.99999
                        1.10687
                        1.11605
                        1.10373
                        1.88536e-008
                        1.11617e-007
                        2.43406e-010
                        1.99999
                        1.99998
                        1.99945
                        1.99921
                        8.17917e-015
                        6.89916e-015
                        1.45858e-014
                        1.23117e-014
                        1.43163e-014
                        1.12336e-014
                        8.68519e-015
                        1.54425e-014
                        3.51344e-014
                        2.74616e-014
                        3.71864e-014
                        6.60686e-014
                        8.7063e-014
                        6.77143e-014
                        7.50196e-009
                        4.95149e-009
                        1.43603e-007
                        1.42485e-005
                        0.0354564
                        3.19922e-008
                        4.58612e-008
                        2.69907e-008
                        1.21371e-008
                        9.47458e-009
                        1.43166e-009
                        2.53664e-009
                        5.01141e-010
                        3.91339e-010
                        1.30366e-007
                        4.5447e-010
                        1.1326
                        8.47896e-013
                        9.15858e-010
                    </float_array>
                    <technique_common>
                        <accessor count="529" source="#Geometry-mesh016-__item_locator114-array" stride="1">
                            <param name="WEIGHT" type="float" />
                        </accessor>
                    </technique_common>
                </source>
                <vertices id="Geometry-mesh016-vertices">
                    <input semantic="POSITION" source="#Geometry-mesh016-positions" />
                </vertices>
                <polylist count="1152" material="Material-01_02_power_cable_pplant">
                    <input semantic="VERTEX" source="#Geometry-mesh016-vertices" offset="0" />
                    <input semantic="NORMAL" source="#Geometry-mesh016-normals" offset="1" />
                    <input semantic="TEXCOORD" source="#Geometry-mesh016-uvSet1" offset="2" set="0" />
                    <input semantic="WEIGHT" source="#Geometry-mesh016-Weight" offset="3" set="0" />
                    <input semantic="WEIGHT" source="#Geometry-mesh016-__item_locator038" offset="4" set="1" />
                    <input semantic="WEIGHT" source="#Geometry-mesh016-__item_locator042" offset="5" set="2" />
                    <input semantic="WEIGHT" source="#Geometry-mesh016-__item_locator046" offset="6" set="3" />
                    <input semantic="WEIGHT" source="#Geometry-mesh016-__item_locator050" offset="7" set="4" />
                    <input semantic="WEIGHT" source="#Geometry-mesh016-__item_locator054" offset="8" set="5" />
                    <input semantic="WEIGHT" source="#Geometry-mesh016-__item_locator058" offset="9" set="6" />
                    <input semantic="WEIGHT" source="#Geometry-mesh016-__item_locator062" offset="10" set="7" />
                    <input semantic="WEIGHT" source="#Geometry-mesh016-__item_locator066" offset="11" set="8" />
                    <input semantic="WEIGHT" source="#Geometry-mesh016-__item_locator070" offset="12" set="9" />
                    <input semantic="WEIGHT" source="#Geometry-mesh016-__item_locator074" offset="13" set="10" />
                    <input semantic="WEIGHT" source="#Geometry-mesh016-__item_locator078" offset="14" set="11" />
                    <input semantic="WEIGHT" source="#Geometry-mesh016-__item_locator082" offset="15" set="12" />
                    <input semantic="WEIGHT" source="#Geometry-mesh016-__item_locator086" offset="16" set="13" />
                    <input semantic="WEIGHT" source="#Geometry-mesh016-__item_locator090" offset="17" set="14" />
                    <input semantic="WEIGHT" source="#Geometry-mesh016-__item_locator094" offset="18" set="15" />
                    <input semantic="WEIGHT" source="#Geometry-mesh016-__item_locator098" offset="19" set="16" />
                    <input semantic="WEIGHT" source="#Geometry-mesh016-__item_locator102" offset="20" set="17" />
                    <input semantic="WEIGHT" source="#Geometry-mesh016-__item_locator106" offset="21" set="18" />
                    <input semantic="WEIGHT" source="#Geometry-mesh016-__item_locator110" offset="22" set="19" />
                    <input semantic="WEIGHT" source="#Geometry-mesh016-__item_locator114" offset="23" set="20" />
                    <vcount>3 3 3 3 3 3 3 3 3 3 3 3 3 3 3 3 3 3 3 3 3 3 3 3 3 3 3 3 3 3 3 3 3 3 3 3 3 3 3 3 3 3 3 3 3 3 3 3 3 3 3 3 3 3 3 3 3 3 3 3 3 3 3 3 3 3 3 3 3 3 3 3 3 3 3 3 3 3 3 3 3 3 3 3 3 3 3 3 3 3 3 3 3 3 3 3 3 3 3 3 3 3 3 3 3 3 3 3 3 3 3 3 3 3 3 3 3 3 3 3 3 3 3 3 3 3 3 3 3 3 3 3 3 3 3 3 3 3 3 3 3 3 3 3 3 3 3 3 3 3 3 3 3 3 3 3 3 3 3 3 3 3 3 3 3 3 3 3 3 3 3 3 3 3 3 3 3 3 3 3 3 3 3 3 3 3 3 3 3 3 3 3 3 3 3 3 3 3 3 3 3 3 3 3 3 3 3 3 3 3 3 3 3 3 3 3 3 3 3 3 3 3 3 3 3 3 3 3 3 3 3 3 3 3 3 3 3 3 3 3 3 3 3 3 3 3 3 3 3 3 3 3 3 3 3 3 3 3 3 3 3 3 3 3 3 3 3 3 3 3 3 3 3 3 3 3 3 3 3 3 3 3 3 3 3 3 3 3 3 3 3 3 3 3 3 3 3 3 3 3 3 3 3 3 3 3 3 3 3 3 3 3 3 3 3 3 3 3 3 3 3 3 3 3 3 3 3 3 3 3 3 3 3 3 3 3 3 3 3 3 3 3 3 3 3 3 3 3 3 3 3 3 3 3 3 3 3 3 3 3 3 3 3 3 3 3 3 3 3 3 3 3 3 3 3 3 3 3 3 3 3 3 3 3 3 3 3 3 3 3 3 3 3 3 3 3 3 3 3 3 3 3 3 3 3 3 3 3 3 3 3 3 3 3 3 3 3 3 3 3 3 3 3 3 3 3 3 3 3 3 3 3 3 3 3 3 3 3 3 3 3 3 3 3 3 3 3 3 3 3 3 3 3 3 3 3 3 3 3 3 3 3 3 3 3 3 3 3 3 3 3 3 3 3 3 3 3 3 3 3 3 3 3 3 3 3 3 3 3 3 3 3 3 3 3 3 3 3 3 3 3 3 3 3 3 3 3 3 3 3 3 3 3 3 3 3 3 3 3 3 3 3 3 3 3 3 3 3 3 3 3 3 3 3 3 3 3 3 3 3 3 3 3 3 3 3 3 3 3 3 3 3 3 3 3 3 3 3 3 3 3 3 3 3 3 3 3 3 3 3 3 3 3 3 3 3 3 3 3 3 3 3 3 3 3 3 3 3 3 3 3 3 3 3 3 3 3 3 3 3 3 3 3 3 3 3 3 3 3 3 3 3 3 3 3 3 3 3 3 3 3 3 3 3 3 3 3 3 3 3 3 3 3 3 3 3 3 3 3 3 3 3 3 3 3 3 3 3 3 3 3 3 3 3 3 3 3 3 3 3 3 3 3 3 3 3 3 3 3 3 3 3 3 3 3 3 3 3 3 3 3 3 3 3 3 3 3 3 3 3 3 3 3 3 3 3 3 3 3 3 3 3 3 3 3 3 3 3 3 3 3 3 3 3 3 3 3 3 3 3 3 3 3 3 3 3 3 3 3 3 3 3 3 3 3 3 3 3 3 3 3 3 3 3 3 3 3 3 3 3 3 3 3 3 3 3 3 3 3 3 3 3 3 3 3 3 3 3 3 3 3 3 3 3 3 3 3 3 3 3 3 3 3 3 3 3 3 3 3 3 3 3 3 3 3 3 3 3 3 3 3 3 3 3 3 3 3 3 3 3 3 3 3 3 3 3 3 3 3 3 3 3 3 3 3 3 3 3 3 3 3 3 3 3 3 3 3 3 3 3 3 3 3 3 3 3 3 3 3 3 3 3 3 3 3 3 3 3 3 3 3 3 3 3 3 3 3 3 3 3 3 3 3 3 3 3 3 3 3 3 3 3 3 3 3 3 3 3 3 3 3 3 3 3 3 3 3 3 3 3 3 3 3 3 3 3 3 3 3 3 3 3 3 3 3 3 3 3 3 3 3 3 3 3 3 3 3 3 3 3 3 3 3 3 3 3 3 3 3 3 3 3 3 3 3 3 3 3 3 3 3 3 3 3 3 3 3 3 3 3 3 3 3 3 3 3 3 3 3 3 3 3 3 3 3 3 3 3 3 3 3 3 3 3 3 3 3 3 3 3 3 3 3 3 3 3 3 3 3 3 3 3 3 3 3 3 3 3 3 3 3 3 3 3 3 3 3 3 3 3 3 3 3 3 3 3 3 3 3 3 3 3 3 3 3 3 3 3 3 3 3 3 3 3 3 3 3 3 3 3 3 3 3 3 3 3 3 3 3 3 3 3 3 3 3 3 3 3 3 3 3 3 3 3 3 3 3 3 3 3 3 3 3 3 3 3 3 3 3 3 3 3 3 3 3 3 3 3 3 3 3 3 3 3 3 3 3 3 3 3 3 3 3 3 3 3 3 3 3 3 3 3 3 3 3 3 3 3 3 3 3 3 3 3 3 3 3 3 3 3 3 3 3 3 3 3 3 3 3 3 3 3</vcount>
                    <p>0 0 0 0 0 0 0 0 0 0 0 0 0 0 0 0 0 0 0 0 0 0 0 0 1 1 1 0 0 1 1 1 1 1 1 1 1 1 1 1 1 1 1 1 1 1 1 1 13 2 2 0 0 1 1 1 1 1 1 1 1 1 1 1 1 1 1 1 1 1 1 1 12 3 3 0 1 2 2 2 2 2 2 2 2 2 2 2 2 2 2 2 2 2 2 2 13 2 2 0 0 1 1 1 1 1 1 1 1 1 1 1 1 1 1 1 1 1 1 1 1 1 1 0 0 1 1 1 1 1 1 1 1 1 1 1 1 1 1 1 1 1 1 1 1 1 1 0 0 1 1 1 1 1 1 1 1 1 1 1 1 1 1 1 1 1 1 1 2 4 4 0 1 2 2 2 2 2 2 2 2 2 2 2 2 2 2 2 2 2 2 2 12 3 3 0 1 2 2 2 2 2 2 2 2 2 2 2 2 2 2 2 2 2 2 2 11 5 5 0 0 3 3 3 3 3 3 3 3 3 3 3 3 3 3 3 3 3 3 3 12 3 3 0 1 2 2 2 2 2 2 2 2 2 2 2 2 2 2 2 2 2 2 2 2 4 4 0 1 2 2 2 2 2 2 2 2 2 2 2 2 2 2 2 2 2 2 2 2 4 4 0 1 2 2 2 2 2 2 2 2 2 2 2 2 2 2 2 2 2 2 2 3 6 6 0 0 3 3 3 3 3 3 3 3 3 3 3 3 3 3 3 3 3 3 3 11 5 5 0 0 3 3 3 3 3 3 3 3 3 3 3 3 3 3 3 3 3 3 3 10 7 7 0 0 4 4 4 4 4 4 4 4 4 4 4 4 4 4 4 4 4 4 4 11 5 5 0 0 3 3 3 3 3 3 3 3 3 3 3 3 3 3 3 3 3 3 3 3 6 6 0 0 3 3 3 3 3 3 3 3 3 3 3 3 3 3 3 3 3 3 3 3 6 6 0 0 3 3 3 3 3 3 3 3 3 3 3 3 3 3 3 3 3 3 3 4 8 8 0 0 4 4 4 4 4 4 4 4 4 4 4 4 4 4 4 4 4 4 4 10 7 7 0 0 4 4 4 4 4 4 4 4 4 4 4 4 4 4 4 4 4 4 4 9 9 9 0 1 5 5 5 5 5 5 5 5 5 5 5 5 5 5 5 5 5 5 5 10 7 7 0 0 4 4 4 4 4 4 4 4 4 4 4 4 4 4 4 4 4 4 4 4 8 8 0 0 4 4 4 4 4 4 4 4 4 4 4 4 4 4 4 4 4 4 4 4 8 8 0 0 4 4 4 4 4 4 4 4 4 4 4 4 4 4 4 4 4 4 4 5 10 10 0 1 5 5 5 5 5 5 5 5 5 5 5 5 5 5 5 5 5 5 5 9 9 9 0 1 5 5 5 5 5 5 5 5 5 5 5 5 5 5 5 5 5 5 5 8 11 11 0 1 6 6 6 6 6 6 6 6 6 6 6 6 6 6 6 6 6 6 6 9 9 9 0 1 5 5 5 5 5 5 5 5 5 5 5 5 5 5 5 5 5 5 5 5 10 10 0 1 5 5 5 5 5 5 5 5 5 5 5 5 5 5 5 5 5 5 5 5 10 10 0 1 5 5 5 5 5 5 5 5 5 5 5 5 5 5 5 5 5 5 5 6 12 12 0 1 6 6 6 6 6 6 6 6 6 6 6 6 6 6 6 6 6 6 6 8 11 11 0 1 6 6 6 6 6 6 6 6 6 6 6 6 6 6 6 6 6 6 6 7 13 13 0 0 7 7 7 7 7 7 7 7 7 7 7 7 7 7 7 7 7 7 7 8 11 11 0 1 6 6 6 6 6 6 6 6 6 6 6 6 6 6 6 6 6 6 6 6 12 12 0 1 6 6 6 6 6 6 6 6 6 6 6 6 6 6 6 6 6 6 6 238 14 14 0 2 8 8 8 8 8 8 8 8 8 8 8 8 8 8 8 8 8 8 8 239 15 15 0 3 9 9 9 9 9 9 9 9 9 9 9 9 9 9 9 9 9 9 9 223 16 16 0 4 10 10 10 10 10 10 10 10 10 10 10 10 10 10 10 10 10 10 10 239 15 15 0 3 9 9 9 9 9 9 9 9 9 9 9 9 9 9 9 9 9 9 9 240 17 17 0 5 11 11 11 11 11 11 11 11 11 11 11 11 11 11 11 11 11 11 11 223 16 16 0 4 10 10 10 10 10 10 10 10 10 10 10 10 10 10 10 10 10 10 10 240 17 17 0 5 11 11 11 11 11 11 11 11 11 11 11 11 11 11 11 11 11 11 11 250 18 18 0 6 12 12 12 12 12 12 12 12 12 12 12 12 12 12 12 12 12 12 12 223 16 16 0 4 10 10 10 10 10 10 10 10 10 10 10 10 10 10 10 10 10 10 10 250 18 18 0 6 12 12 12 12 12 12 12 12 12 12 12 12 12 12 12 12 12 12 12 241 19 19 0 7 13 13 13 13 13 13 13 13 13 13 13 13 13 13 13 13 13 13 13 223 16 16 0 4 10 10 10 10 10 10 10 10 10 10 10 10 10 10 10 10 10 10 10 241 19 19 0 7 13 13 13 13 13 13 13 13 13 13 13 13 13 13 13 13 13 13 13 242 20 20 0 8 14 14 14 14 14 14 14 14 14 14 14 14 14 14 14 14 14 14 14 223 16 16 0 4 10 10 10 10 10 10 10 10 10 10 10 10 10 10 10 10 10 10 10 242 20 20 0 8 14 14 14 14 14 14 14 14 14 14 14 14 14 14 14 14 14 14 14 243 21 21 0 9 15 15 15 15 15 15 15 15 15 15 15 15 15 15 15 15 15 15 15 223 16 16 0 4 10 10 10 10 10 10 10 10 10 10 10 10 10 10 10 10 10 10 10 243 21 21 0 9 15 15 15 15 15 15 15 15 15 15 15 15 15 15 15 15 15 15 15 244 22 22 0 10 16 16 16 16 16 16 16 16 16 16 16 16 16 16 16 16 16 16 16 223 16 16 0 4 10 10 10 10 10 10 10 10 10 10 10 10 10 10 10 10 10 10 10 244 22 22 0 10 16 16 16 16 16 16 16 16 16 16 16 16 16 16 16 16 16 16 16 236 23 23 0 11 17 17 17 17 17 17 17 17 17 17 17 17 17 17 17 17 17 17 17 223 16 16 0 4 10 10 10 10 10 10 10 10 10 10 10 10 10 10 10 10 10 10 10 236 23 23 0 11 17 17 17 17 17 17 17 17 17 17 17 17 17 17 17 17 17 17 17 237 24 24 0 12 18 18 18 18 18 18 18 18 18 18 18 18 18 18 18 18 18 18 18 223 16 16 0 4 10 10 10 10 10 10 10 10 10 10 10 10 10 10 10 10 10 10 10 237 24 24 0 12 18 18 18 18 18 18 18 18 18 18 18 18 18 18 18 18 18 18 18 238 14 14 0 2 8 8 8 8 8 8 8 8 8 8 8 8 8 8 8 8 8 8 8 223 16 16 0 4 10 10 10 10 10 10 10 10 10 10 10 10 10 10 10 10 10 10 10 343 25 25 0 13 19 19 19 19 19 19 19 19 19 19 19 19 19 19 19 19 19 19 19 350 26 26 0 14 20 20 20 20 20 20 20 20 20 20 20 20 20 20 20 20 20 20 20 344 27 27 0 15 21 21 21 21 21 21 21 21 21 21 21 21 21 21 21 21 21 21 19 345 28 28 0 16 22 22 22 22 22 22 22 22 22 22 22 22 22 22 22 22 22 22 20 344 27 27 0 15 21 21 21 21 21 21 21 21 21 21 21 21 21 21 21 21 21 21 19 350 26 26 0 14 20 20 20 20 20 20 20 20 20 20 20 20 20 20 20 20 20 20 20 350 26 26 0 14 20 20 20 20 20 20 20 20 20 20 20 20 20 20 20 20 20 20 20 349 29 29 0 17 23 23 23 23 23 23 23 23 23 23 23 23 23 23 23 23 23 23 20 345 28 28 0 16 22 22 22 22 22 22 22 22 22 22 22 22 22 22 22 22 22 22 20 346 30 30 0 18 24 24 24 24 24 24 24 24 24 24 24 24 24 24 24 24 24 24 20 345 28 28 0 16 22 22 22 22 22 22 22 22 22 22 22 22 22 22 22 22 22 22 20 349 29 29 0 17 23 23 23 23 23 23 23 23 23 23 23 23 23 23 23 23 23 23 20 349 29 29 0 17 23 23 23 23 23 23 23 23 23 23 23 23 23 23 23 23 23 23 20 348 31 31 0 19 25 25 25 25 25 25 25 25 25 25 25 25 25 25 25 25 25 25 20 346 30 30 0 18 24 24 24 24 24 24 24 24 24 24 24 24 24 24 24 24 24 24 20 347 32 32 0 20 26 26 26 26 26 26 26 26 26 26 26 26 26 26 26 26 26 26 20 346 30 30 0 18 24 24 24 24 24 24 24 24 24 24 24 24 24 24 24 24 24 24 20 348 31 31 0 19 25 25 25 25 25 25 25 25 25 25 25 25 25 25 25 25 25 25 20 367 25 25 0 21 27 27 27 27 27 27 27 27 27 27 27 27 27 27 27 27 27 27 21 374 26 26 0 22 28 28 28 28 28 28 28 28 28 28 28 28 28 28 28 28 28 28 22 368 27 27 0 23 29 29 29 29 29 29 29 29 29 29 29 29 29 29 29 29 29 29 20 369 28 28 0 24 30 30 30 30 30 30 30 30 30 30 30 30 30 30 30 30 30 30 20 368 27 27 0 23 29 29 29 29 29 29 29 29 29 29 29 29 29 29 29 29 29 29 20 374 26 26 0 22 28 28 28 28 28 28 28 28 28 28 28 28 28 28 28 28 28 28 22 374 26 26 0 22 28 28 28 28 28 28 28 28 28 28 28 28 28 28 28 28 28 28 22 373 29 29 0 25 31 31 31 31 31 31 31 31 31 31 31 31 31 31 31 31 31 31 23 369 28 28 0 24 30 30 30 30 30 30 30 30 30 30 30 30 30 30 30 30 30 30 20 370 30 30 0 26 32 32 32 32 32 32 32 32 32 32 32 32 32 32 32 32 32 32 19 369 28 28 0 24 30 30 30 30 30 30 30 30 30 30 30 30 30 30 30 30 30 30 20 373 29 29 0 25 31 31 31 31 31 31 31 31 31 31 31 31 31 31 31 31 31 31 23 373 29 29 0 25 31 31 31 31 31 31 31 31 31 31 31 31 31 31 31 31 31 31 23 372 31 31 0 27 33 33 33 33 33 33 33 33 33 33 33 33 33 33 33 33 33 33 24 370 30 30 0 26 32 32 32 32 32 32 32 32 32 32 32 32 32 32 32 32 32 32 19 371 32 33 0 28 34 34 34 34 34 34 34 34 34 34 34 34 34 34 34 34 34 34 21 370 30 30 0 26 32 32 32 32 32 32 32 32 32 32 32 32 32 32 32 32 32 32 19 372 31 31 0 27 33 33 33 33 33 33 33 33 33 33 33 33 33 33 33 33 33 33 24 391 25 25 0 29 35 35 35 35 35 35 35 35 35 35 35 35 35 35 35 35 35 35 20 398 26 26 0 30 36 36 36 36 36 36 36 36 36 36 36 36 36 36 36 36 36 36 20 392 27 27 0 31 37 37 37 37 37 37 37 37 37 37 37 37 37 37 37 37 37 37 20 393 28 28 0 32 38 38 38 38 38 38 38 38 38 38 38 38 38 38 38 38 38 38 19 392 27 27 0 31 37 37 37 37 37 37 37 37 37 37 37 37 37 37 37 37 37 37 20 398 26 26 0 30 36 36 36 36 36 36 36 36 36 36 36 36 36 36 36 36 36 36 20 398 26 26 0 30 36 36 36 36 36 36 36 36 36 36 36 36 36 36 36 36 36 36 20 397 29 29 0 33 39 39 39 39 39 39 39 39 39 39 39 39 39 39 39 39 39 39 20 393 28 28 0 32 38 38 38 38 38 38 38 38 38 38 38 38 38 38 38 38 38 38 19 394 30 30 0 34 40 40 40 40 40 40 40 40 40 40 40 40 40 40 40 40 40 40 21 393 28 28 0 32 38 38 38 38 38 38 38 38 38 38 38 38 38 38 38 38 38 38 19 397 29 29 0 33 39 39 39 39 39 39 39 39 39 39 39 39 39 39 39 39 39 39 20 397 29 29 0 33 39 39 39 39 39 39 39 39 39 39 39 39 39 39 39 39 39 39 20 396 31 31 0 35 41 41 41 41 41 41 41 41 41 41 41 41 41 41 41 41 41 41 19 394 30 30 0 34 40 40 40 40 40 40 40 40 40 40 40 40 40 40 40 40 40 40 21 395 32 32 0 36 42 42 42 42 42 42 42 42 42 42 42 42 42 42 42 42 42 42 21 394 30 30 0 34 40 40 40 40 40 40 40 40 40 40 40 40 40 40 40 40 40 40 21 396 31 31 0 35 41 41 41 41 41 41 41 41 41 41 41 41 41 41 41 41 41 41 19 415 33 34 0 37 43 43 43 43 43 43 43 43 43 43 43 43 43 43 43 43 43 43 25 433 33 35 0 38 44 44 44 44 44 44 44 44 44 44 44 44 44 44 44 44 44 44 26 416 33 36 0 39 45 45 45 45 45 45 45 45 45 45 45 45 45 45 45 45 45 45 27 417 33 37 0 40 46 46 46 46 46 46 46 46 46 46 46 46 46 46 46 46 46 46 28 416 33 36 0 39 45 45 45 45 45 45 45 45 45 45 45 45 45 45 45 45 45 45 27 433 33 35 0 38 44 44 44 44 44 44 44 44 44 44 44 44 44 44 44 44 44 44 26 433 33 35 0 38 44 44 44 44 44 44 44 44 44 44 44 44 44 44 44 44 44 44 26 432 33 38 0 41 47 47 47 47 47 47 47 47 47 47 47 47 47 47 47 47 47 47 29 417 33 37 0 40 46 46 46 46 46 46 46 46 46 46 46 46 46 46 46 46 46 46 28 418 33 39 0 42 48 48 48 48 48 48 48 48 48 48 48 48 48 48 48 48 48 48 30 417 33 37 0 40 46 46 46 46 46 46 46 46 46 46 46 46 46 46 46 46 46 46 28 432 33 38 0 41 47 47 47 47 47 47 47 47 47 47 47 47 47 47 47 47 47 47 29 432 33 38 0 41 47 47 47 47 47 47 47 47 47 47 47 47 47 47 47 47 47 47 29 431 33 40 0 43 49 49 49 49 49 49 49 49 49 49 49 49 49 49 49 49 49 49 31 418 33 39 0 42 48 48 48 48 48 48 48 48 48 48 48 48 48 48 48 48 48 48 30 419 33 41 0 44 50 50 50 50 50 50 50 50 50 50 50 50 50 50 50 50 50 50 32 418 33 39 0 42 48 48 48 48 48 48 48 48 48 48 48 48 48 48 48 48 48 48 30 431 33 40 0 43 49 49 49 49 49 49 49 49 49 49 49 49 49 49 49 49 49 49 31 431 33 40 0 43 49 49 49 49 49 49 49 49 49 49 49 49 49 49 49 49 49 49 31 430 33 42 0 45 51 51 51 51 51 51 51 51 51 51 51 51 51 51 51 51 51 51 33 419 33 41 0 44 50 50 50 50 50 50 50 50 50 50 50 50 50 50 50 50 50 50 32 420 33 43 0 46 52 52 52 52 52 52 52 52 52 52 52 52 52 52 52 52 52 52 34 419 33 41 0 44 50 50 50 50 50 50 50 50 50 50 50 50 50 50 50 50 50 50 32 430 33 42 0 45 51 51 51 51 51 51 51 51 51 51 51 51 51 51 51 51 51 51 33 430 33 42 0 45 51 51 51 51 51 51 51 51 51 51 51 51 51 51 51 51 51 51 33 429 33 44 0 47 53 53 53 53 53 53 53 53 53 53 53 53 53 53 53 53 53 53 35 420 33 43 0 46 52 52 52 52 52 52 52 52 52 52 52 52 52 52 52 52 52 52 34 421 33 45 0 48 54 54 54 54 54 54 54 54 54 54 54 54 54 54 54 54 54 54 36 420 33 43 0 46 52 52 52 52 52 52 52 52 52 52 52 52 52 52 52 52 52 52 34 429 33 44 0 47 53 53 53 53 53 53 53 53 53 53 53 53 53 53 53 53 53 53 35 437 34 46 0 49 55 55 55 55 55 55 55 55 55 55 55 55 55 55 55 55 55 55 37 438 34 47 0 50 56 56 56 56 56 56 56 56 56 56 56 56 56 56 56 56 56 56 38 436 34 48 0 51 57 57 57 57 57 57 57 57 57 57 57 57 57 57 57 57 57 57 39 435 34 49 0 52 58 58 58 58 58 58 58 58 58 58 58 58 58 58 58 58 58 58 40 436 34 48 0 51 57 57 57 57 57 57 57 57 57 57 57 57 57 57 57 57 57 57 39 438 34 47 0 50 56 56 56 56 56 56 56 56 56 56 56 56 56 56 56 56 56 56 38 438 34 47 0 50 56 56 56 56 56 56 56 56 56 56 56 56 56 56 56 56 56 56 38 422 34 50 0 53 59 59 59 59 59 59 59 59 59 59 59 59 59 59 59 59 59 59 41 435 34 49 0 52 58 58 58 58 58 58 58 58 58 58 58 58 58 58 58 58 58 58 40 434 34 51 0 54 60 60 60 60 60 60 60 60 60 60 60 60 60 60 60 60 60 60 42 435 34 49 0 52 58 58 58 58 58 58 58 58 58 58 58 58 58 58 58 58 58 58 40 422 34 50 0 53 59 59 59 59 59 59 59 59 59 59 59 59 59 59 59 59 59 59 41 422 34 50 0 53 59 59 59 59 59 59 59 59 59 59 59 59 59 59 59 59 59 59 41 423 34 52 0 55 61 61 61 61 61 61 61 61 61 61 61 61 61 61 61 61 61 61 43 434 34 51 0 54 60 60 60 60 60 60 60 60 60 60 60 60 60 60 60 60 60 60 42 428 34 53 0 56 62 62 62 62 62 62 62 62 62 62 62 62 62 62 62 62 62 62 44 434 34 51 0 54 60 60 60 60 60 60 60 60 60 60 60 60 60 60 60 60 60 60 42 423 34 52 0 55 61 61 61 61 61 61 61 61 61 61 61 61 61 61 61 61 61 61 43 423 34 52 0 55 61 61 61 61 61 61 61 61 61 61 61 61 61 61 61 61 61 61 43 424 34 54 0 57 63 63 63 63 63 63 63 63 63 63 63 63 63 63 63 63 63 63 45 428 34 53 0 56 62 62 62 62 62 62 62 62 62 62 62 62 62 62 62 62 62 62 44 427 34 55 0 58 64 64 64 64 64 64 64 64 64 64 64 64 64 64 64 64 64 64 46 428 34 53 0 56 62 62 62 62 62 62 62 62 62 62 62 62 62 62 62 62 62 62 44 424 34 54 0 57 63 63 63 63 63 63 63 63 63 63 63 63 63 63 63 63 63 63 45 424 34 54 0 57 63 63 63 63 63 63 63 63 63 63 63 63 63 63 63 63 63 63 45 425 34 56 0 59 65 65 65 65 65 65 65 65 65 65 65 65 65 65 65 65 65 65 47 427 34 55 0 58 64 64 64 64 64 64 64 64 64 64 64 64 64 64 64 64 64 64 46 426 34 57 0 60 66 66 66 66 66 66 66 66 66 66 66 66 66 66 66 66 66 66 48 427 34 55 0 58 64 64 64 64 64 64 64 64 64 64 64 64 64 64 64 64 64 64 46 425 34 56 0 59 65 65 65 65 65 65 65 65 65 65 65 65 65 65 65 65 65 65 47 32 35 58 0 61 67 67 67 67 67 67 67 67 67 67 67 67 67 67 67 67 67 67 49 19 36 59 0 62 68 68 68 68 68 68 68 68 68 68 68 68 68 68 68 68 68 68 50 31 37 60 0 61 69 69 69 69 69 69 69 69 69 69 69 69 69 69 69 69 69 69 51 18 38 61 0 62 70 70 70 70 70 70 70 70 70 70 70 70 70 70 70 70 70 70 52 31 37 60 0 61 69 69 69 69 69 69 69 69 69 69 69 69 69 69 69 69 69 69 51 19 36 59 0 62 68 68 68 68 68 68 68 68 68 68 68 68 68 68 68 68 68 68 50 36 39 62 0 61 71 71 71 71 71 71 71 71 71 71 71 71 71 71 71 71 71 71 53 23 40 63 0 62 72 72 72 72 72 72 72 72 72 72 72 72 72 72 72 72 72 72 54 35 41 64 0 61 69 69 69 69 69 69 69 69 69 69 69 69 69 69 69 69 69 69 51 22 42 65 0 62 70 70 70 70 70 70 70 70 70 70 70 70 70 70 70 70 70 70 52 35 41 64 0 61 69 69 69 69 69 69 69 69 69 69 69 69 69 69 69 69 69 69 51 23 40 63 0 62 72 72 72 72 72 72 72 72 72 72 72 72 72 72 72 72 72 72 54 52 43 66 0 63 73 73 73 73 73 73 73 73 73 73 73 73 73 73 73 73 73 73 55 39 44 67 0 61 74 74 74 74 74 74 74 74 74 74 74 74 74 74 74 74 74 74 56 51 45 68 0 63 75 75 75 75 75 75 75 75 75 75 75 75 75 75 75 75 75 75 57 38 46 69 0 61 76 76 76 76 76 76 76 76 76 76 76 76 76 76 76 76 76 76 58 51 45 68 0 63 75 75 75 75 75 75 75 75 75 75 75 75 75 75 75 75 75 75 57 39 44 67 0 61 74 74 74 74 74 74 74 74 74 74 74 74 74 74 74 74 74 74 56 75 47 70 0 64 77 77 77 77 77 77 77 77 77 77 77 77 77 77 77 77 77 77 59 77 47 71 0 65 78 78 78 78 78 78 78 78 78 78 78 78 78 78 78 78 78 78 60 76 48 72 0 66 79 79 79 79 79 79 79 79 79 79 79 79 79 79 79 79 79 79 61 78 48 73 0 67 80 80 80 80 80 80 80 80 80 80 80 80 80 80 80 80 80 80 62 76 48 72 0 66 79 79 79 79 79 79 79 79 79 79 79 79 79 79 79 79 79 79 61 77 47 71 0 65 78 78 78 78 78 78 78 78 78 78 78 78 78 78 78 78 78 78 60 70 48 73 0 68 81 81 81 81 81 81 81 81 81 81 81 81 81 81 81 81 81 81 63 72 48 74 0 69 82 82 82 82 82 82 82 82 82 82 82 82 82 82 82 82 82 82 64 98 49 75 0 70 83 83 83 83 83 83 83 83 83 83 83 83 83 83 83 83 83 83 65 99 49 76 0 71 84 84 84 84 84 84 84 84 84 84 84 84 84 84 84 84 84 84 66 98 49 75 0 70 83 83 83 83 83 83 83 83 83 83 83 83 83 83 83 83 83 83 65 72 48 74 0 69 82 82 82 82 82 82 82 82 82 82 82 82 82 82 82 82 82 82 64 86 48 73 0 72 85 85 85 85 85 85 85 85 85 85 85 85 85 85 85 85 85 85 67 88 48 74 0 73 86 86 86 86 86 86 86 86 86 86 86 86 86 86 86 86 86 86 68 106 49 75 0 74 87 87 87 87 87 87 87 87 87 87 87 87 87 87 87 87 87 87 69 107 49 76 0 75 88 88 88 88 88 88 88 88 88 88 88 88 88 88 88 88 88 88 70 106 49 75 0 74 87 87 87 87 87 87 87 87 87 87 87 87 87 87 87 87 87 87 69 88 48 74 0 73 86 86 86 86 86 86 86 86 86 86 86 86 86 86 86 86 86 86 68 103 49 77 0 76 89 89 89 89 89 89 89 89 89 89 89 89 89 89 89 89 89 89 71 104 49 78 0 77 90 90 90 90 90 90 90 90 90 90 90 90 90 90 90 90 90 90 72 119 50 79 0 78 91 91 91 91 91 91 91 91 91 91 91 91 91 91 91 91 91 91 73 120 50 80 0 79 92 92 92 92 92 92 92 92 92 92 92 92 92 92 92 92 92 92 74 119 50 79 0 78 91 91 91 91 91 91 91 91 91 91 91 91 91 91 91 91 91 91 73 104 49 78 0 77 90 90 90 90 90 90 90 90 90 90 90 90 90 90 90 90 90 90 72 116 50 80 0 80 93 93 93 93 93 93 93 93 93 93 93 93 93 93 93 93 93 93 75 117 50 81 0 81 94 94 94 94 94 94 94 94 94 94 94 94 94 94 94 94 94 94 76 132 51 82 0 82 95 95 95 95 95 95 95 95 95 95 95 95 95 95 95 95 95 95 77 133 51 83 0 83 96 96 96 96 96 96 96 96 96 96 96 96 96 96 96 96 96 96 78 132 51 82 0 82 95 95 95 95 95 95 95 95 95 95 95 95 95 95 95 95 95 95 77 117 50 81 0 81 94 94 94 94 94 94 94 94 94 94 94 94 94 94 94 94 94 94 76 124 50 80 0 84 97 97 97 97 97 97 97 97 97 97 97 97 97 97 97 97 97 97 79 125 50 81 0 85 98 98 98 98 98 98 98 98 98 98 98 98 98 98 98 98 98 98 80 140 52 82 0 86 99 99 99 99 99 99 99 99 99 99 99 99 99 99 99 99 99 99 81 141 52 83 0 87 100 100 100 100 100 100 100 100 100 100 100 100 100 100 100 100 100 100 82 140 52 82 0 86 99 99 99 99 99 99 99 99 99 99 99 99 99 99 99 99 99 99 81 125 50 81 0 85 98 98 98 98 98 98 98 98 98 98 98 98 98 98 98 98 98 98 80 137 52 83 0 88 101 101 101 101 101 101 101 101 101 101 101 101 101 101 101 101 101 101 83 138 52 84 0 89 102 102 102 102 102 102 102 102 102 102 102 102 102 102 102 102 102 102 84 153 53 85 0 90 103 103 103 103 103 103 103 103 103 103 103 103 103 103 103 103 103 103 85 154 53 86 0 91 104 104 104 104 104 104 104 104 104 104 104 104 104 104 104 104 104 104 86 153 53 85 0 90 103 103 103 103 103 103 103 103 103 103 103 103 103 103 103 103 103 103 85 138 52 84 0 89 102 102 102 102 102 102 102 102 102 102 102 102 102 102 102 102 102 102 84 150 53 86 0 92 105 105 105 105 105 105 105 105 105 105 105 105 105 105 105 105 105 105 87 151 53 87 0 93 106 106 106 106 106 106 106 106 106 106 106 106 106 106 106 106 106 106 88 166 54 88 0 94 107 107 107 107 107 107 107 107 107 107 107 107 107 107 107 107 107 107 89 167 54 89 0 95 108 108 108 108 108 108 108 108 108 108 108 108 108 108 108 108 108 108 90 166 54 88 0 94 107 107 107 107 107 107 107 107 107 107 107 107 107 107 107 107 107 107 89 151 53 87 0 93 106 106 106 106 106 106 106 106 106 106 106 106 106 106 106 106 106 106 88 163 54 90 0 96 109 109 109 109 109 109 109 109 109 109 109 109 109 109 109 109 109 109 91 164 54 91 0 97 110 110 110 110 110 110 110 110 110 110 110 110 110 110 110 110 110 110 92 179 55 92 0 98 111 111 111 111 111 111 111 111 111 111 111 111 111 111 111 111 111 111 93 180 55 93 0 99 112 112 112 112 112 112 112 112 112 112 112 112 112 112 112 112 112 112 94 179 55 92 0 98 111 111 111 111 111 111 111 111 111 111 111 111 111 111 111 111 111 111 93 164 54 91 0 97 110 110 110 110 110 110 110 110 110 110 110 110 110 110 110 110 110 110 92 171 54 94 0 100 113 113 113 113 113 113 113 113 113 113 113 113 113 113 113 113 113 113 95 172 54 91 0 101 114 114 114 114 114 114 114 114 114 114 114 114 114 114 114 114 114 114 96 187 55 95 0 102 115 115 115 115 115 115 115 115 115 115 115 115 115 115 115 115 115 115 97 188 55 93 0 103 116 116 116 116 116 116 116 116 116 116 116 116 116 116 116 116 116 116 98 187 55 95 0 102 115 115 115 115 115 115 115 115 115 115 115 115 115 115 115 115 115 115 97 172 54 91 0 101 114 114 114 114 114 114 114 114 114 114 114 114 114 114 114 114 114 114 96 184 55 93 0 104 117 117 117 117 117 117 117 117 117 117 117 117 117 117 117 117 117 117 99 185 55 96 0 105 118 118 118 118 118 118 118 118 118 118 118 118 118 118 118 118 118 118 100 200 56 97 0 106 119 119 119 119 119 119 119 119 119 119 119 119 119 119 119 119 119 119 101 201 56 98 0 107 120 120 120 120 120 120 120 120 120 120 120 120 120 120 120 120 120 120 102 200 56 97 0 106 119 119 119 119 119 119 119 119 119 119 119 119 119 119 119 119 119 119 101 185 55 96 0 105 118 118 118 118 118 118 118 118 118 118 118 118 118 118 118 118 118 118 100 197 56 98 0 108 121 121 121 121 121 121 121 121 121 121 121 121 121 121 121 121 121 121 103 198 56 99 0 109 122 122 122 122 122 122 122 122 122 122 122 122 122 122 122 122 122 122 104 213 57 100 0 110 123 123 123 123 123 123 123 123 123 123 123 123 123 123 123 123 123 123 105 214 58 101 0 111 124 124 124 124 124 124 124 124 124 124 124 124 124 124 124 124 124 124 106 213 57 100 0 110 123 123 123 123 123 123 123 123 123 123 123 123 123 123 123 123 123 123 105 198 56 99 0 109 122 122 122 122 122 122 122 122 122 122 122 122 122 122 122 122 122 122 104 210 58 101 0 112 125 125 125 125 125 125 125 125 125 125 125 125 125 125 125 125 125 125 107 211 58 102 0 113 126 126 126 126 126 126 126 126 126 126 126 126 126 126 126 126 126 126 108 69 59 103 0 114 127 127 127 127 127 127 127 127 127 127 127 127 127 127 127 127 127 127 109 71 47 104 0 115 128 128 128 128 128 128 128 128 128 128 128 128 128 128 128 128 128 128 110 69 59 103 0 114 127 127 127 127 127 127 127 127 127 127 127 127 127 127 127 127 127 127 109 211 58 102 0 113 126 126 126 126 126 126 126 126 126 126 126 126 126 126 126 126 126 126 108 218 58 101 0 116 129 129 129 129 129 129 129 129 129 129 129 129 129 129 129 129 129 129 111 219 58 102 0 117 130 130 130 130 130 130 130 130 130 130 130 130 130 130 130 130 130 130 112 85 47 103 0 118 131 131 131 131 131 131 131 131 131 131 131 131 131 131 131 131 131 131 113 87 60 104 0 119 132 132 132 132 132 132 132 132 132 132 132 132 132 132 132 132 132 132 114 85 47 103 0 118 131 131 131 131 131 131 131 131 131 131 131 131 131 131 131 131 131 131 113 219 58 102 0 117 130 130 130 130 130 130 130 130 130 130 130 130 130 130 130 130 130 130 112 229 61 105 0 120 133 133 133 133 133 133 133 133 133 133 133 133 133 133 133 133 133 133 115 2 4 4 0 1 2 2 2 2 2 2 2 2 2 2 2 2 2 2 2 2 2 2 2 228 62 106 0 120 134 134 134 134 134 134 134 134 134 134 134 134 134 134 134 134 134 134 116 1 1 1 0 0 1 1 1 1 1 1 1 1 1 1 1 1 1 1 1 1 1 1 1 228 62 106 0 120 134 134 134 134 134 134 134 134 134 134 134 134 134 134 134 134 134 134 116 2 4 4 0 1 2 2 2 2 2 2 2 2 2 2 2 2 2 2 2 2 2 2 2 249 63 107 0 120 135 135 135 135 135 135 135 135 135 135 135 135 135 135 135 135 135 135 117 233 64 108 0 120 136 136 136 136 136 136 136 136 136 136 136 136 136 136 136 136 136 136 118 9 9 9 0 1 5 5 5 5 5 5 5 5 5 5 5 5 5 5 5 5 5 5 5 10 7 7 0 0 4 4 4 4 4 4 4 4 4 4 4 4 4 4 4 4 4 4 4 9 9 9 0 1 5 5 5 5 5 5 5 5 5 5 5 5 5 5 5 5 5 5 5 233 64 108 0 120 136 136 136 136 136 136 136 136 136 136 136 136 136 136 136 136 136 136 118 247 65 109 0 120 137 137 137 137 137 137 137 137 137 137 137 137 137 137 137 137 137 137 119 20 66 110 0 62 138 138 138 138 138 138 138 138 138 138 138 138 138 138 138 138 138 138 120 248 67 111 0 120 134 134 134 134 134 134 134 134 134 134 134 134 134 134 134 134 134 134 116 21 68 112 0 62 68 68 68 68 68 68 68 68 68 68 68 68 68 68 68 68 68 68 50 248 67 111 0 120 134 134 134 134 134 134 134 134 134 134 134 134 134 134 134 134 134 134 116 20 66 110 0 62 138 138 138 138 138 138 138 138 138 138 138 138 138 138 138 138 138 138 120 39 44 67 0 61 74 74 74 74 74 74 74 74 74 74 74 74 74 74 74 74 74 74 56 225 69 113 0 61 139 139 139 139 139 139 139 139 139 139 139 139 139 139 139 139 139 139 121 26 70 114 0 62 68 68 68 68 68 68 68 68 68 68 68 68 68 68 68 68 68 68 50 224 71 115 0 62 138 138 138 138 138 138 138 138 138 138 138 138 138 138 138 138 138 138 120 26 70 114 0 62 68 68 68 68 68 68 68 68 68 68 68 68 68 68 68 68 68 68 50 225 69 113 0 61 139 139 139 139 139 139 139 139 139 139 139 139 139 139 139 139 139 139 121 60 72 116 0 121 140 140 140 140 140 140 140 140 140 140 140 140 140 140 140 140 140 140 122 61 73 117 0 122 141 141 141 141 141 141 141 141 141 141 141 141 141 141 141 141 141 141 123 258 74 118 0 123 142 142 142 142 142 142 142 142 142 142 142 142 142 142 142 142 142 142 124 259 75 119 0 124 143 143 143 143 143 143 143 143 143 143 143 143 143 143 143 143 143 143 125 258 74 118 0 123 142 142 142 142 142 142 142 142 142 142 142 142 142 142 142 142 142 142 124 61 73 117 0 122 141 141 141 141 141 141 141 141 141 141 141 141 141 141 141 141 141 141 123 241 19 120 0 7 13 13 13 13 13 13 13 13 13 13 13 13 13 13 13 13 13 13 13 257 76 121 0 125 144 144 144 144 144 144 144 144 144 144 144 144 144 144 144 144 144 144 126 242 20 122 0 8 14 14 14 14 14 14 14 14 14 14 14 14 14 14 14 14 14 14 14 258 74 123 0 123 142 142 142 142 142 142 142 142 142 142 142 142 142 142 142 142 142 142 124 242 20 122 0 8 14 14 14 14 14 14 14 14 14 14 14 14 14 14 14 14 14 14 14 257 76 121 0 125 144 144 144 144 144 144 144 144 144 144 144 144 144 144 144 144 144 144 126 240 17 124 0 5 11 11 11 11 11 11 11 11 11 11 11 11 11 11 11 11 11 11 11 255 77 125 0 126 145 145 145 145 145 145 145 145 145 145 145 145 145 145 145 145 145 145 127 250 18 126 0 6 12 12 12 12 12 12 12 12 12 12 12 12 12 12 12 12 12 12 12 256 78 127 0 127 146 146 146 146 146 146 146 146 146 146 146 146 146 146 146 146 146 146 128 250 18 126 0 6 12 12 12 12 12 12 12 12 12 12 12 12 12 12 12 12 12 12 12 255 77 125 0 126 145 145 145 145 145 145 145 145 145 145 145 145 145 145 145 145 145 145 127 54 79 73 0 128 147 147 147 147 147 147 147 147 147 147 147 147 147 147 147 147 147 147 129 298 48 128 0 129 148 148 148 148 148 148 148 148 148 148 148 148 148 148 148 148 148 148 130 55 80 75 0 130 149 149 149 149 149 149 149 149 149 149 149 149 149 149 149 149 149 149 131 299 49 129 0 131 150 150 150 150 150 150 150 150 150 150 150 150 150 150 150 150 150 150 132 55 80 75 0 130 149 149 149 149 149 149 149 149 149 149 149 149 149 149 149 149 149 149 131 298 48 128 0 129 148 148 148 148 148 148 148 148 148 148 148 148 148 148 148 148 148 148 130 62 81 101 0 132 151 151 151 151 151 151 151 151 151 151 151 151 151 151 151 151 151 151 133 306 57 130 0 133 152 152 152 152 152 152 152 152 152 152 152 152 152 152 152 152 152 152 134 53 82 131 0 134 153 153 153 153 153 153 153 153 153 153 153 153 153 153 153 153 153 153 135 297 60 132 0 135 154 154 154 154 154 154 154 154 154 154 154 154 154 154 154 154 154 154 136 53 82 131 0 134 153 153 153 153 153 153 153 153 153 153 153 153 153 153 153 153 153 153 135 306 57 130 0 133 152 152 152 152 152 152 152 152 152 152 152 152 152 152 152 152 152 152 134 323 83 133 0 136 155 155 155 155 155 155 155 155 155 155 155 155 155 155 155 155 155 155 137 311 84 134 0 137 156 156 156 156 156 156 156 156 156 156 156 156 156 156 156 156 156 156 138 324 85 135 0 138 157 157 157 157 157 157 157 157 157 157 157 157 157 157 157 157 157 157 139 312 86 136 0 139 158 158 158 158 158 158 158 158 158 158 158 158 158 158 158 158 158 158 140 324 85 135 0 138 157 157 157 157 157 157 157 157 157 157 157 157 157 157 157 157 157 157 139 311 84 134 0 137 156 156 156 156 156 156 156 156 156 156 156 156 156 156 156 156 156 156 138 337 87 137 0 140 159 159 159 159 159 159 159 159 159 159 159 159 159 159 159 159 159 159 141 325 88 138 0 141 160 160 160 160 160 160 160 160 160 160 160 160 160 160 160 160 160 160 142 338 89 139 0 142 161 161 161 161 161 161 161 161 161 161 161 161 161 161 161 161 161 161 143 326 90 140 0 143 162 162 162 162 162 162 162 162 162 162 162 162 162 162 162 162 162 162 144 338 89 139 0 142 161 161 161 161 161 161 161 161 161 161 161 161 161 161 161 161 161 161 143 325 88 138 0 141 160 160 160 160 160 160 160 160 160 160 160 160 160 160 160 160 160 160 142 323 83 133 0 136 155 155 155 155 155 155 155 155 155 155 155 155 155 155 155 155 155 155 137 324 85 135 0 138 157 157 157 157 157 157 157 157 157 157 157 157 157 157 157 157 157 157 139 335 91 141 0 144 163 163 163 163 163 163 163 163 163 163 163 163 163 163 163 163 163 163 145 336 92 142 0 145 164 164 164 164 164 164 164 164 164 164 164 164 164 164 164 164 164 164 146 335 91 141 0 144 163 163 163 163 163 163 163 163 163 163 163 163 163 163 163 163 163 163 145 324 85 135 0 138 157 157 157 157 157 157 157 157 157 157 157 157 157 157 157 157 157 157 139 360 93 143 0 146 165 165 165 165 165 165 165 165 165 165 165 165 165 165 165 165 165 165 147 359 94 144 0 147 166 166 166 166 166 166 166 166 166 166 166 166 166 166 166 166 166 166 147 344 27 27 0 15 21 21 21 21 21 21 21 21 21 21 21 21 21 21 21 21 21 21 19 343 25 25 0 13 19 19 19 19 19 19 19 19 19 19 19 19 19 19 19 19 19 19 19 344 27 27 0 15 21 21 21 21 21 21 21 21 21 21 21 21 21 21 21 21 21 21 19 359 94 144 0 147 166 166 166 166 166 166 166 166 166 166 166 166 166 166 166 166 166 166 147 357 95 145 0 148 167 167 167 167 167 167 167 167 167 167 167 167 167 167 167 167 167 167 148 366 96 146 0 149 168 168 168 168 168 168 168 168 168 168 168 168 168 168 168 168 168 168 19 351 97 147 0 150 169 169 169 169 169 169 169 169 169 169 169 169 169 169 169 169 169 169 149 359 98 148 0 147 166 166 166 166 166 166 166 166 166 166 166 166 166 166 166 166 166 166 147 351 97 147 0 150 169 169 169 169 169 169 169 169 169 169 169 169 169 169 169 169 169 169 149 366 96 146 0 149 168 168 168 168 168 168 168 168 168 168 168 168 168 168 168 168 168 168 19 389 99 149 0 151 170 170 170 170 170 170 170 170 170 170 170 170 170 170 170 170 170 170 150 388 100 150 0 152 171 171 171 171 171 171 171 171 171 171 171 171 171 171 171 171 171 171 151 373 29 29 0 25 31 31 31 31 31 31 31 31 31 31 31 31 31 31 31 31 31 31 23 372 31 31 0 27 33 33 33 33 33 33 33 33 33 33 33 33 33 33 33 33 33 33 24 373 29 29 0 25 31 31 31 31 31 31 31 31 31 31 31 31 31 31 31 31 31 31 23 388 100 150 0 152 171 171 171 171 171 171 171 171 171 171 171 171 171 171 171 171 171 171 151 380 101 151 0 153 172 172 172 172 172 172 172 172 172 172 172 172 172 172 172 172 172 172 152 389 102 152 0 151 170 170 170 170 170 170 170 170 170 170 170 170 170 170 170 170 170 170 150 381 95 153 0 154 173 173 173 173 173 173 173 173 173 173 173 173 173 173 173 173 173 173 153 390 96 154 0 155 174 174 174 174 174 174 174 174 174 174 174 174 174 174 174 174 174 174 154 381 95 153 0 154 173 173 173 173 173 173 173 173 173 173 173 173 173 173 173 173 173 173 153 389 102 152 0 151 170 170 170 170 170 170 170 170 170 170 170 170 170 170 170 170 170 170 150 407 94 144 0 156 175 175 175 175 175 175 175 175 175 175 175 175 175 175 175 175 175 175 19 414 103 155 0 157 176 176 176 176 176 176 176 176 176 176 176 176 176 176 176 176 176 176 19 391 25 25 0 29 35 35 35 35 35 35 35 35 35 35 35 35 35 35 35 35 35 35 20 398 26 26 0 30 36 36 36 36 36 36 36 36 36 36 36 36 36 36 36 36 36 36 20 391 25 25 0 29 35 35 35 35 35 35 35 35 35 35 35 35 35 35 35 35 35 35 20 414 103 155 0 157 176 176 176 176 176 176 176 176 176 176 176 176 176 176 176 176 176 176 19 403 104 156 0 158 177 177 177 177 177 177 177 177 177 177 177 177 177 177 177 177 177 177 155 412 105 157 0 159 178 178 178 178 178 178 178 178 178 178 178 178 178 178 178 178 178 178 21 404 101 158 0 160 179 179 179 179 179 179 179 179 179 179 179 179 179 179 179 179 179 179 156 413 102 159 0 161 180 180 180 180 180 180 180 180 180 180 180 180 180 180 180 180 180 180 19 404 101 158 0 160 179 179 179 179 179 179 179 179 179 179 179 179 179 179 179 179 179 179 156 412 105 157 0 159 178 178 178 178 178 178 178 178 178 178 178 178 178 178 178 178 178 178 21 429 106 160 0 47 53 53 53 53 53 53 53 53 53 53 53 53 53 53 53 53 53 53 35 430 107 161 0 45 51 51 51 51 51 51 51 51 51 51 51 51 51 51 51 51 51 51 33 314 108 162 0 162 181 181 181 181 181 181 181 181 181 181 181 181 181 181 181 181 181 181 157 315 109 163 0 163 182 182 182 182 182 182 182 182 182 182 182 182 182 182 182 182 182 182 158 314 108 162 0 162 181 181 181 181 181 181 181 181 181 181 181 181 181 181 181 181 181 181 157 430 107 161 0 45 51 51 51 51 51 51 51 51 51 51 51 51 51 51 51 51 51 51 33 335 91 141 0 144 163 163 163 163 163 163 163 163 163 163 163 163 163 163 163 163 163 163 145 426 110 164 0 60 66 66 66 66 66 66 66 66 66 66 66 66 66 66 66 66 66 66 48 334 111 165 0 164 183 183 183 183 183 183 183 183 183 183 183 183 183 183 183 183 183 183 159 425 112 166 0 59 65 65 65 65 65 65 65 65 65 65 65 65 65 65 65 65 65 65 47 334 111 165 0 164 183 183 183 183 183 183 183 183 183 183 183 183 183 183 183 183 183 183 159 426 110 164 0 60 66 66 66 66 66 66 66 66 66 66 66 66 66 66 66 66 66 66 48 336 92 142 0 145 164 164 164 164 164 164 164 164 164 164 164 164 164 164 164 164 164 164 146 337 87 137 0 140 159 159 159 159 159 159 159 159 159 159 159 159 159 159 159 159 159 159 141 427 113 167 0 58 64 64 64 64 64 64 64 64 64 64 64 64 64 64 64 64 64 64 46 428 114 168 0 56 62 62 62 62 62 62 62 62 62 62 62 62 62 62 62 62 62 62 44 427 113 167 0 58 64 64 64 64 64 64 64 64 64 64 64 64 64 64 64 64 64 64 46 337 87 137 0 140 159 159 159 159 159 159 159 159 159 159 159 159 159 159 159 159 159 159 141 489 115 169 0 165 184 184 184 184 184 184 184 184 184 184 184 184 184 184 184 184 184 184 160 439 116 170 0 166 185 185 185 185 185 185 185 185 185 185 185 185 185 185 185 185 185 185 161 490 48 171 0 167 186 186 186 186 186 186 186 186 186 186 186 186 186 186 186 186 186 186 162 440 117 74 0 168 187 187 187 187 187 187 187 187 187 187 187 187 187 187 187 187 187 187 163 490 48 171 0 167 186 186 186 186 186 186 186 186 186 186 186 186 186 186 186 186 186 186 162 439 116 170 0 166 185 185 185 185 185 185 185 185 185 185 185 185 185 185 185 185 185 185 161 493 52 172 0 169 188 188 188 188 188 188 188 188 188 188 188 188 188 188 188 188 188 188 164 443 118 173 0 170 189 189 189 189 189 189 189 189 189 189 189 189 189 189 189 189 189 189 165 494 53 174 0 171 190 190 190 190 190 190 190 190 190 190 190 190 190 190 190 190 190 190 166 444 119 87 0 172 191 191 191 191 191 191 191 191 191 191 191 191 191 191 191 191 191 191 167 494 53 174 0 171 190 190 190 190 190 190 190 190 190 190 190 190 190 190 190 190 190 190 166 443 118 173 0 170 189 189 189 189 189 189 189 189 189 189 189 189 189 189 189 189 189 189 165 497 56 175 0 173 192 192 192 192 192 192 192 192 192 192 192 192 192 192 192 192 192 192 168 447 120 176 0 174 193 193 193 193 193 193 193 193 193 193 193 193 193 193 193 193 193 193 169 498 58 177 0 175 194 194 194 194 194 194 194 194 194 194 194 194 194 194 194 194 194 194 170 448 121 102 0 176 195 195 195 195 195 195 195 195 195 195 195 195 195 195 195 195 195 195 171 498 58 177 0 175 194 194 194 194 194 194 194 194 194 194 194 194 194 194 194 194 194 194 170 447 120 176 0 174 193 193 193 193 193 193 193 193 193 193 193 193 193 193 193 193 193 193 169 501 49 178 0 177 196 196 196 196 196 196 196 196 196 196 196 196 196 196 196 196 196 196 172 457 49 75 0 178 197 197 197 197 197 197 197 197 197 197 197 197 197 197 197 197 197 197 173 502 50 179 0 179 198 198 198 198 198 198 198 198 198 198 198 198 198 198 198 198 198 198 174 460 50 180 0 180 199 199 199 199 199 199 199 199 199 199 199 199 199 199 199 199 199 199 175 502 50 179 0 179 198 198 198 198 198 198 198 198 198 198 198 198 198 198 198 198 198 198 174 457 49 75 0 178 197 197 197 197 197 197 197 197 197 197 197 197 197 197 197 197 197 197 173 505 54 181 0 181 200 200 200 200 200 200 200 200 200 200 200 200 200 200 200 200 200 200 176 469 54 88 0 182 201 201 201 201 201 201 201 201 201 201 201 201 201 201 201 201 201 201 177 506 55 182 0 183 202 202 202 202 202 202 202 202 202 202 202 202 202 202 202 202 202 202 178 472 55 183 0 184 203 203 203 203 203 203 203 203 203 203 203 203 203 203 203 203 203 203 179 506 55 182 0 183 202 202 202 202 202 202 202 202 202 202 202 202 202 202 202 202 202 202 178 469 54 88 0 182 201 201 201 201 201 201 201 201 201 201 201 201 201 201 201 201 201 201 177 509 115 184 0 185 204 204 204 204 204 204 204 204 204 204 204 204 204 204 204 204 204 204 180 451 60 70 0 186 205 205 205 205 205 205 205 205 205 205 205 205 205 205 205 205 205 205 181 510 48 185 0 187 206 206 206 206 206 206 206 206 206 206 206 206 206 206 206 206 206 206 182 452 48 72 0 188 207 207 207 207 207 207 207 207 207 207 207 207 207 207 207 207 207 207 183 510 48 185 0 187 206 206 206 206 206 206 206 206 206 206 206 206 206 206 206 206 206 206 182 451 60 70 0 186 205 205 205 205 205 205 205 205 205 205 205 205 205 205 205 205 205 205 181 513 52 186 0 189 208 208 208 208 208 208 208 208 208 208 208 208 208 208 208 208 208 208 184 462 52 83 0 190 209 209 209 209 209 209 209 209 209 209 209 209 209 209 209 209 209 209 185 514 53 187 0 191 210 210 210 210 210 210 210 210 210 210 210 210 210 210 210 210 210 210 186 465 53 85 0 192 211 211 211 211 211 211 211 211 211 211 211 211 211 211 211 211 211 211 187 514 53 187 0 191 210 210 210 210 210 210 210 210 210 210 210 210 210 210 210 210 210 210 186 462 52 83 0 190 209 209 209 209 209 209 209 209 209 209 209 209 209 209 209 209 209 209 185 517 56 188 0 193 212 212 212 212 212 212 212 212 212 212 212 212 212 212 212 212 212 212 188 474 56 98 0 194 213 213 213 213 213 213 213 213 213 213 213 213 213 213 213 213 213 213 189 518 58 189 0 195 214 214 214 214 214 214 214 214 214 214 214 214 214 214 214 214 214 214 190 477 58 100 0 196 215 215 215 215 215 215 215 215 215 215 215 215 215 215 215 215 215 215 191 518 58 189 0 195 214 214 214 214 214 214 214 214 214 214 214 214 214 214 214 214 214 214 190 474 56 98 0 194 213 213 213 213 213 213 213 213 213 213 213 213 213 213 213 213 213 213 189 522 50 190 0 197 216 216 216 216 216 216 216 216 216 216 216 216 216 216 216 216 216 216 192 482 50 191 0 198 217 217 217 217 217 217 217 217 217 217 217 217 217 217 217 217 217 217 193 521 49 192 0 199 218 218 218 218 218 218 218 218 218 218 218 218 218 218 218 218 218 218 194 481 49 193 0 200 219 219 219 219 219 219 219 219 219 219 219 219 219 219 219 219 219 219 195 521 49 192 0 199 218 218 218 218 218 218 218 218 218 218 218 218 218 218 218 218 218 218 194 482 50 191 0 198 217 217 217 217 217 217 217 217 217 217 217 217 217 217 217 217 217 217 193 526 55 194 0 201 220 220 220 220 220 220 220 220 220 220 220 220 220 220 220 220 220 220 196 486 55 95 0 202 221 221 221 221 221 221 221 221 221 221 221 221 221 221 221 221 221 221 197 525 122 195 0 203 222 222 222 222 222 222 222 222 222 222 222 222 222 222 222 222 222 222 198 485 54 94 0 204 223 223 223 223 223 223 223 223 223 223 223 223 223 223 223 223 223 223 199 525 122 195 0 203 222 222 222 222 222 222 222 222 222 222 222 222 222 222 222 222 222 222 198 486 55 95 0 202 221 221 221 221 221 221 221 221 221 221 221 221 221 221 221 221 221 221 197 529 115 169 0 205 224 224 224 224 224 224 224 224 224 224 224 224 224 224 224 224 224 224 200 479 60 170 0 206 225 225 225 225 225 225 225 225 225 225 225 225 225 225 225 225 225 225 201 530 48 171 0 207 226 226 226 226 226 226 226 226 226 226 226 226 226 226 226 226 226 226 202 480 48 74 0 208 227 227 227 227 227 227 227 227 227 227 227 227 227 227 227 227 227 227 203 530 48 171 0 207 226 226 226 226 226 226 226 226 226 226 226 226 226 226 226 226 226 226 202 479 60 170 0 206 225 225 225 225 225 225 225 225 225 225 225 225 225 225 225 225 225 225 201 533 52 172 0 209 228 228 228 228 228 228 228 228 228 228 228 228 228 228 228 228 228 228 204 483 52 173 0 210 229 229 229 229 229 229 229 229 229 229 229 229 229 229 229 229 229 229 205 534 53 174 0 211 230 230 230 230 230 230 230 230 230 230 230 230 230 230 230 230 230 230 206 484 53 87 0 212 231 231 231 231 231 231 231 231 231 231 231 231 231 231 231 231 231 231 207 534 53 174 0 211 230 230 230 230 230 230 230 230 230 230 230 230 230 230 230 230 230 230 206 483 52 173 0 210 229 229 229 229 229 229 229 229 229 229 229 229 229 229 229 229 229 229 205 537 56 175 0 213 232 232 232 232 232 232 232 232 232 232 232 232 232 232 232 232 232 232 208 487 56 176 0 214 233 233 233 233 233 233 233 233 233 233 233 233 233 233 233 233 233 233 209 538 58 177 0 215 234 234 234 234 234 234 234 234 234 234 234 234 234 234 234 234 234 234 210 488 58 102 0 216 235 235 235 235 235 235 235 235 235 235 235 235 235 235 235 235 235 235 211 538 58 177 0 215 234 234 234 234 234 234 234 234 234 234 234 234 234 234 234 234 234 234 210 487 56 176 0 214 233 233 233 233 233 233 233 233 233 233 233 233 233 233 233 233 233 233 209 541 49 178 0 217 236 236 236 236 236 236 236 236 236 236 236 236 236 236 236 236 236 236 212 110 49 75 0 218 237 237 237 237 237 237 237 237 237 237 237 237 237 237 237 237 237 237 213 542 50 179 0 219 238 238 238 238 238 238 238 238 238 238 238 238 238 238 238 238 238 238 214 126 50 180 0 220 239 239 239 239 239 239 239 239 239 239 239 239 239 239 239 239 239 239 215 542 50 179 0 219 238 238 238 238 238 238 238 238 238 238 238 238 238 238 238 238 238 238 214 110 49 75 0 218 237 237 237 237 237 237 237 237 237 237 237 237 237 237 237 237 237 237 213 545 54 181 0 221 240 240 240 240 240 240 240 240 240 240 240 240 240 240 240 240 240 240 216 174 54 88 0 222 241 241 241 241 241 241 241 241 241 241 241 241 241 241 241 241 241 241 217 546 55 182 0 223 242 242 242 242 242 242 242 242 242 242 242 242 242 242 242 242 242 242 218 190 55 183 0 224 243 243 243 243 243 243 243 243 243 243 243 243 243 243 243 243 243 243 219 546 55 182 0 223 242 242 242 242 242 242 242 242 242 242 242 242 242 242 242 242 242 242 218 174 54 88 0 222 241 241 241 241 241 241 241 241 241 241 241 241 241 241 241 241 241 241 217 549 123 196 0 225 244 244 244 244 244 244 244 244 244 244 244 244 244 244 244 244 244 244 220 279 123 197 0 226 245 245 245 245 245 245 245 245 245 245 245 245 245 245 245 245 245 245 221 550 124 198 0 227 246 246 246 246 246 246 246 246 246 246 246 246 246 246 246 246 246 246 222 280 124 199 0 228 247 247 247 247 247 247 247 247 247 247 247 247 247 247 247 247 247 247 223 550 124 198 0 227 246 246 246 246 246 246 246 246 246 246 246 246 246 246 246 246 246 246 222 279 123 197 0 226 245 245 245 245 245 245 245 245 245 245 245 245 245 245 245 245 245 245 221 553 125 200 0 229 248 248 248 248 248 248 248 248 248 248 248 248 248 248 248 248 248 248 224 292 125 201 0 230 249 249 249 249 249 249 249 249 249 249 249 249 249 249 249 249 249 249 225 554 126 202 0 231 250 250 250 250 250 250 250 250 250 250 250 250 250 250 250 250 250 250 226 296 126 203 0 232 251 251 251 251 251 251 251 251 251 251 251 251 251 251 251 251 251 251 227 554 126 202 0 231 250 250 250 250 250 250 250 250 250 250 250 250 250 250 250 250 250 250 226 292 125 201 0 230 249 249 249 249 249 249 249 249 249 249 249 249 249 249 249 249 249 249 225 557 127 204 0 233 252 252 252 252 252 252 252 252 252 252 252 252 252 252 252 252 252 252 228 283 127 205 0 234 253 253 253 253 253 253 253 253 253 253 253 253 253 253 253 253 253 253 229 558 59 206 0 235 254 254 254 254 254 254 254 254 254 254 254 254 254 254 254 254 254 254 230 287 59 207 0 236 255 255 255 255 255 255 255 255 255 255 255 255 255 255 255 255 255 255 231 558 59 206 0 235 254 254 254 254 254 254 254 254 254 254 254 254 254 254 254 254 254 254 230 283 127 205 0 234 253 253 253 253 253 253 253 253 253 253 253 253 253 253 253 253 253 253 229 561 123 208 0 237 256 256 256 256 256 256 256 256 256 256 256 256 256 256 256 256 256 256 232 275 123 209 0 238 257 257 257 257 257 257 257 257 257 257 257 257 257 257 257 257 257 257 233 562 124 210 0 239 258 258 258 258 258 258 258 258 258 258 258 258 258 258 258 258 258 258 234 276 124 211 0 240 259 259 259 259 259 259 259 259 259 259 259 259 259 259 259 259 259 259 235 562 124 210 0 239 258 258 258 258 258 258 258 258 258 258 258 258 258 258 258 258 258 258 234 275 123 209 0 238 257 257 257 257 257 257 257 257 257 257 257 257 257 257 257 257 257 257 233 565 125 212 0 241 260 260 260 260 260 260 260 260 260 260 260 260 260 260 260 260 260 260 236 290 125 213 0 242 261 261 261 261 261 261 261 261 261 261 261 261 261 261 261 261 261 261 237 566 126 214 0 243 262 262 262 262 262 262 262 262 262 262 262 262 262 262 262 262 262 262 238 294 126 215 0 244 263 263 263 263 263 263 263 263 263 263 263 263 263 263 263 263 263 263 239 566 126 214 0 243 262 262 262 262 262 262 262 262 262 262 262 262 262 262 262 262 262 262 238 290 125 213 0 242 261 261 261 261 261 261 261 261 261 261 261 261 261 261 261 261 261 261 237 569 127 216 0 245 264 264 264 264 264 264 264 264 264 264 264 264 264 264 264 264 264 264 240 281 127 217 0 246 265 265 265 265 265 265 265 265 265 265 265 265 265 265 265 265 265 265 241 570 59 218 0 247 266 266 266 266 266 266 266 266 266 266 266 266 266 266 266 266 266 266 242 285 59 219 0 248 267 267 267 267 267 267 267 267 267 267 267 267 267 267 267 267 267 267 243 570 59 218 0 247 266 266 266 266 266 266 266 266 266 266 266 266 266 266 266 266 266 266 242 281 127 217 0 246 265 265 265 265 265 265 265 265 265 265 265 265 265 265 265 265 265 265 241 573 54 220 0 249 268 268 268 268 268 268 268 268 268 268 268 268 268 268 268 268 268 268 244 159 54 89 0 250 269 269 269 269 269 269 269 269 269 269 269 269 269 269 269 269 269 269 245 574 55 221 0 251 270 270 270 270 270 270 270 270 270 270 270 270 270 270 270 270 270 270 246 175 55 222 0 252 271 271 271 271 271 271 271 271 271 271 271 271 271 271 271 271 271 271 247 574 55 221 0 251 270 270 270 270 270 270 270 270 270 270 270 270 270 270 270 270 270 270 246 159 54 89 0 250 269 269 269 269 269 269 269 269 269 269 269 269 269 269 269 269 269 269 245 579 50 223 0 253 272 272 272 272 272 272 272 272 272 272 272 272 272 272 272 272 272 272 248 111 50 224 0 254 273 273 273 273 273 273 273 273 273 273 273 273 273 273 273 273 273 273 249 580 52 225 0 255 274 274 274 274 274 274 274 274 274 274 274 274 274 274 274 274 274 274 250 127 52 173 0 256 275 275 275 275 275 275 275 275 275 275 275 275 275 275 275 275 275 275 251 580 52 225 0 255 274 274 274 274 274 274 274 274 274 274 274 274 274 274 274 274 274 274 250 111 50 224 0 254 273 273 273 273 273 273 273 273 273 273 273 273 273 273 273 273 273 273 249 581 53 226 0 257 276 276 276 276 276 276 276 276 276 276 276 276 276 276 276 276 276 276 252 143 53 87 0 258 277 277 277 277 277 277 277 277 277 277 277 277 277 277 277 277 277 277 253 573 54 220 0 249 268 268 268 268 268 268 268 268 268 268 268 268 268 268 268 268 268 268 244 159 54 89 0 250 269 269 269 269 269 269 269 269 269 269 269 269 269 269 269 269 269 269 245 573 54 220 0 249 268 268 268 268 268 268 268 268 268 268 268 268 268 268 268 268 268 268 244 143 53 87 0 258 277 277 277 277 277 277 277 277 277 277 277 277 277 277 277 277 277 277 253 585 49 227 0 259 278 278 278 278 278 278 278 278 278 278 278 278 278 278 278 278 278 278 254 96 49 78 0 260 279 279 279 279 279 279 279 279 279 279 279 279 279 279 279 279 279 279 255 586 50 228 0 261 280 280 280 280 280 280 280 280 280 280 280 280 280 280 280 280 280 280 256 112 50 80 0 262 281 281 281 281 281 281 281 281 281 281 281 281 281 281 281 281 281 281 257 586 50 228 0 261 280 280 280 280 280 280 280 280 280 280 280 280 280 280 280 280 280 280 256 96 49 78 0 260 279 279 279 279 279 279 279 279 279 279 279 279 279 279 279 279 279 279 255 589 54 229 0 263 282 282 282 282 282 282 282 282 282 282 282 282 282 282 282 282 282 282 258 160 54 91 0 264 283 283 283 283 283 283 283 283 283 283 283 283 283 283 283 283 283 283 259 590 55 230 0 265 284 284 284 284 284 284 284 284 284 284 284 284 284 284 284 284 284 284 260 176 55 93 0 266 285 285 285 285 285 285 285 285 285 285 285 285 285 285 285 285 285 285 261 590 55 230 0 265 284 284 284 284 284 284 284 284 284 284 284 284 284 284 284 284 284 284 260 160 54 91 0 264 283 283 283 283 283 283 283 283 283 283 283 283 283 283 283 283 283 283 259 593 115 184 0 267 286 286 286 286 286 286 286 286 286 286 286 286 286 286 286 286 286 286 262 67 128 70 0 268 287 287 287 287 287 287 287 287 287 287 287 287 287 287 287 287 287 287 263 594 48 185 0 269 288 288 288 288 288 288 288 288 288 288 288 288 288 288 288 288 288 288 264 68 48 72 0 270 289 289 289 289 289 289 289 289 289 289 289 289 289 289 289 289 289 289 265 594 48 185 0 269 288 288 288 288 288 288 288 288 288 288 288 288 288 288 288 288 288 288 264 67 128 70 0 268 287 287 287 287 287 287 287 287 287 287 287 287 287 287 287 287 287 287 263 597 52 186 0 271 290 290 290 290 290 290 290 290 290 290 290 290 290 290 290 290 290 290 266 129 51 83 0 272 291 291 291 291 291 291 291 291 291 291 291 291 291 291 291 291 291 291 267 598 53 187 0 273 292 292 292 292 292 292 292 292 292 292 292 292 292 292 292 292 292 292 268 145 129 85 0 274 293 293 293 293 293 293 293 293 293 293 293 293 293 293 293 293 293 293 269 598 53 187 0 273 292 292 292 292 292 292 292 292 292 292 292 292 292 292 292 292 292 292 268 129 51 83 0 272 291 291 291 291 291 291 291 291 291 291 291 291 291 291 291 291 291 291 267 601 56 188 0 275 294 294 294 294 294 294 294 294 294 294 294 294 294 294 294 294 294 294 270 193 56 98 0 276 295 295 295 295 295 295 295 295 295 295 295 295 295 295 295 295 295 295 271 602 57 189 0 277 296 296 296 296 296 296 296 296 296 296 296 296 296 296 296 296 296 296 272 209 58 100 0 278 297 297 297 297 297 297 297 297 297 297 297 297 297 297 297 297 297 297 273 602 57 189 0 277 296 296 296 296 296 296 296 296 296 296 296 296 296 296 296 296 296 296 272 193 56 98 0 276 295 295 295 295 295 295 295 295 295 295 295 295 295 295 295 295 295 295 271 605 49 178 0 279 298 298 298 298 298 298 298 298 298 298 298 298 298 298 298 298 298 298 274 98 49 75 0 70 83 83 83 83 83 83 83 83 83 83 83 83 83 83 83 83 83 83 65 606 130 179 0 280 299 299 299 299 299 299 299 299 299 299 299 299 299 299 299 299 299 299 275 114 130 180 0 281 300 300 300 300 300 300 300 300 300 300 300 300 300 300 300 300 300 300 276 606 130 179 0 280 299 299 299 299 299 299 299 299 299 299 299 299 299 299 299 299 299 299 275 98 49 75 0 70 83 83 83 83 83 83 83 83 83 83 83 83 83 83 83 83 83 83 65 609 131 181 0 282 301 301 301 301 301 301 301 301 301 301 301 301 301 301 301 301 301 301 277 162 131 88 0 283 302 302 302 302 302 302 302 302 302 302 302 302 302 302 302 302 302 302 278 610 55 182 0 284 303 303 303 303 303 303 303 303 303 303 303 303 303 303 303 303 303 303 279 178 55 183 0 285 304 304 304 304 304 304 304 304 304 304 304 304 304 304 304 304 304 304 280 610 55 182 0 284 303 303 303 303 303 303 303 303 303 303 303 303 303 303 303 303 303 303 279 162 131 88 0 283 302 302 302 302 302 302 302 302 302 302 302 302 302 302 302 302 302 302 278 32 35 58 0 61 67 67 67 67 67 67 67 67 67 67 67 67 67 67 67 67 67 67 49 33 132 231 0 286 305 305 305 305 305 305 305 305 305 305 305 305 305 305 305 305 305 305 281 19 36 59 0 62 68 68 68 68 68 68 68 68 68 68 68 68 68 68 68 68 68 68 50 20 66 110 0 62 138 138 138 138 138 138 138 138 138 138 138 138 138 138 138 138 138 138 120 19 36 59 0 62 68 68 68 68 68 68 68 68 68 68 68 68 68 68 68 68 68 68 50 33 132 231 0 286 305 305 305 305 305 305 305 305 305 305 305 305 305 305 305 305 305 305 281 36 39 62 0 61 71 71 71 71 71 71 71 71 71 71 71 71 71 71 71 71 71 71 53 37 133 232 0 61 71 71 71 71 71 71 71 71 71 71 71 71 71 71 71 71 71 71 53 23 40 63 0 62 72 72 72 72 72 72 72 72 72 72 72 72 72 72 72 72 72 72 54 24 134 233 0 62 72 72 72 72 72 72 72 72 72 72 72 72 72 72 72 72 72 72 54 23 40 63 0 62 72 72 72 72 72 72 72 72 72 72 72 72 72 72 72 72 72 72 54 37 133 232 0 61 71 71 71 71 71 71 71 71 71 71 71 71 71 71 71 71 71 71 53 40 135 234 0 63 306 73 306 306 306 306 306 306 306 306 306 306 306 306 306 306 306 306 282 41 136 235 0 63 75 75 75 75 75 75 75 75 75 75 75 75 75 75 75 75 75 75 57 27 137 236 0 61 74 74 74 74 74 74 74 74 74 74 74 74 74 74 74 74 74 74 56 28 138 237 0 61 76 76 76 76 76 76 76 76 76 76 76 76 76 76 76 76 76 76 58 27 137 236 0 61 74 74 74 74 74 74 74 74 74 74 74 74 74 74 74 74 74 74 56 41 136 235 0 63 75 75 75 75 75 75 75 75 75 75 75 75 75 75 75 75 75 75 57 73 128 238 0 287 307 306 307 307 307 307 307 307 307 307 307 307 307 307 307 307 307 307 283 75 47 70 0 64 77 77 77 77 77 77 77 77 77 77 77 77 77 77 77 77 77 77 59 74 48 239 0 288 308 307 308 308 308 308 308 308 308 308 308 308 308 308 308 308 308 308 284 76 48 72 0 66 79 79 79 79 79 79 79 79 79 79 79 79 79 79 79 79 79 79 61 74 48 239 0 288 308 307 308 308 308 308 308 308 308 308 308 308 308 308 308 308 308 308 284 75 47 70 0 64 77 77 77 77 77 77 77 77 77 77 77 77 77 77 77 77 77 77 59 89 47 238 0 289 309 308 309 309 309 309 309 309 309 309 309 309 309 309 309 309 309 309 285 91 60 70 0 290 310 309 310 310 310 310 310 310 310 310 310 310 310 310 310 310 310 310 286 90 48 239 0 291 311 310 311 311 311 311 311 311 311 311 311 311 311 311 311 311 311 311 287 92 48 72 0 292 312 311 312 312 312 312 312 312 312 312 312 312 312 312 312 312 312 312 288 90 48 239 0 291 311 310 311 311 311 311 311 311 311 311 311 311 311 311 311 311 311 311 287 91 60 70 0 290 310 309 310 310 310 310 310 310 310 310 310 310 310 310 310 310 310 310 286 84 48 72 0 293 313 312 313 313 313 313 313 313 313 313 313 313 313 313 313 313 313 313 289 86 48 73 0 72 85 85 85 85 85 85 85 85 85 85 85 85 85 85 85 85 85 85 67 105 49 240 0 294 314 313 314 314 314 314 314 314 314 314 314 314 314 314 314 314 314 314 290 106 49 75 0 74 87 87 87 87 87 87 87 87 87 87 87 87 87 87 87 87 87 87 69 105 49 240 0 294 314 313 314 314 314 314 314 314 314 314 314 314 314 314 314 314 314 314 290 86 48 73 0 72 85 85 85 85 85 85 85 85 85 85 85 85 85 85 85 85 85 85 67 102 49 75 0 295 315 314 315 315 315 315 315 315 315 315 315 315 315 315 315 315 315 315 291 103 49 76 0 76 89 89 89 89 89 89 89 89 89 89 89 89 89 89 89 89 89 89 71 118 50 180 0 296 316 315 316 316 316 316 316 316 316 316 316 316 316 316 316 316 316 316 292 119 50 224 0 78 91 91 91 91 91 91 91 91 91 91 91 91 91 91 91 91 91 91 73 118 50 180 0 296 316 315 316 316 316 316 316 316 316 316 316 316 316 316 316 316 316 316 292 103 49 76 0 76 89 89 89 89 89 89 89 89 89 89 89 89 89 89 89 89 89 89 71 115 50 79 0 297 317 316 317 317 317 317 317 317 317 317 317 317 317 317 317 317 317 317 293 116 50 80 0 80 93 93 93 93 93 93 93 93 93 93 93 93 93 93 93 93 93 93 75 131 51 241 0 298 318 317 318 318 318 318 318 318 318 318 318 318 318 318 318 318 318 318 294 132 51 82 0 82 95 95 95 95 95 95 95 95 95 95 95 95 95 95 95 95 95 95 77 131 51 241 0 298 318 317 318 318 318 318 318 318 318 318 318 318 318 318 318 318 318 318 294 116 50 80 0 80 93 93 93 93 93 93 93 93 93 93 93 93 93 93 93 93 93 93 75 123 50 191 0 299 319 318 319 319 319 319 319 319 319 319 319 319 319 319 319 319 319 319 295 124 50 80 0 84 97 97 97 97 97 97 97 97 97 97 97 97 97 97 97 97 97 97 79 139 52 242 0 300 320 319 320 320 320 320 320 320 320 320 320 320 320 320 320 320 320 320 296 140 52 82 0 86 99 99 99 99 99 99 99 99 99 99 99 99 99 99 99 99 99 99 81 139 52 242 0 300 320 319 320 320 320 320 320 320 320 320 320 320 320 320 320 320 320 320 296 124 50 80 0 84 97 97 97 97 97 97 97 97 97 97 97 97 97 97 97 97 97 97 79 136 52 82 0 301 321 320 321 321 321 321 321 321 321 321 321 321 321 321 321 321 321 321 297 137 52 83 0 88 101 101 101 101 101 101 101 101 101 101 101 101 101 101 101 101 101 101 83 152 53 243 0 302 322 321 322 322 322 322 322 322 322 322 322 322 322 322 322 322 322 322 298 153 53 85 0 90 103 103 103 103 103 103 103 103 103 103 103 103 103 103 103 103 103 103 85 152 53 243 0 302 322 321 322 322 322 322 322 322 322 322 322 322 322 322 322 322 322 322 298 137 52 83 0 88 101 101 101 101 101 101 101 101 101 101 101 101 101 101 101 101 101 101 83 149 139 85 0 303 323 322 323 323 323 323 323 323 323 323 323 323 323 323 323 323 323 323 299 150 53 86 0 92 105 105 105 105 105 105 105 105 105 105 105 105 105 105 105 105 105 105 87 165 131 244 0 304 324 323 324 324 324 324 324 324 324 324 324 324 324 324 324 324 324 324 300 166 54 88 0 94 107 107 107 107 107 107 107 107 107 107 107 107 107 107 107 107 107 107 89 165 131 244 0 304 324 323 324 324 324 324 324 324 324 324 324 324 324 324 324 324 324 324 300 150 53 86 0 92 105 105 105 105 105 105 105 105 105 105 105 105 105 105 105 105 105 105 87 162 131 88 0 283 302 302 302 302 302 302 302 302 302 302 302 302 302 302 302 302 302 302 278 163 54 89 0 96 109 109 109 109 109 109 109 109 109 109 109 109 109 109 109 109 109 109 91 178 55 183 0 285 304 304 304 304 304 304 304 304 304 304 304 304 304 304 304 304 304 304 280 179 55 222 0 98 111 111 111 111 111 111 111 111 111 111 111 111 111 111 111 111 111 111 93 178 55 183 0 285 304 304 304 304 304 304 304 304 304 304 304 304 304 304 304 304 304 304 280 163 54 89 0 96 109 109 109 109 109 109 109 109 109 109 109 109 109 109 109 109 109 109 91 170 54 88 0 305 325 324 325 325 325 325 325 325 325 325 325 325 325 325 325 325 325 325 301 171 54 89 0 100 113 113 113 113 113 113 113 113 113 113 113 113 113 113 113 113 113 113 95 186 55 183 0 306 326 325 326 326 326 326 326 326 326 326 326 326 326 326 326 326 326 326 302 187 55 222 0 102 115 115 115 115 115 115 115 115 115 115 115 115 115 115 115 115 115 115 97 186 55 183 0 306 326 325 326 326 326 326 326 326 326 326 326 326 326 326 326 326 326 326 302 171 54 89 0 100 113 113 113 113 113 113 113 113 113 113 113 113 113 113 113 113 113 113 95 183 55 92 0 307 327 326 327 327 327 327 327 327 327 327 327 327 327 327 327 327 327 327 303 184 55 93 0 104 117 117 117 117 117 117 117 117 117 117 117 117 117 117 117 117 117 117 99 199 56 245 0 308 328 327 328 328 328 328 328 328 328 328 328 328 328 328 328 328 328 328 304 200 56 97 0 106 119 119 119 119 119 119 119 119 119 119 119 119 119 119 119 119 119 119 101 199 56 245 0 308 328 327 328 328 328 328 328 328 328 328 328 328 328 328 328 328 328 328 304 184 55 93 0 104 117 117 117 117 117 117 117 117 117 117 117 117 117 117 117 117 117 117 99 196 56 97 0 309 329 328 329 329 329 329 329 329 329 329 329 329 329 329 329 329 329 329 305 197 56 98 0 108 121 121 121 121 121 121 121 121 121 121 121 121 121 121 121 121 121 121 103 212 58 246 0 310 330 329 330 330 330 330 330 330 330 330 330 330 330 330 330 330 330 330 306 213 57 100 0 110 123 123 123 123 123 123 123 123 123 123 123 123 123 123 123 123 123 123 105 212 58 246 0 310 330 329 330 330 330 330 330 330 330 330 330 330 330 330 330 330 330 330 306 197 56 98 0 108 121 121 121 121 121 121 121 121 121 121 121 121 121 121 121 121 121 121 103 204 56 97 0 311 331 330 331 331 331 331 331 331 331 331 331 331 331 331 331 331 331 331 307 205 56 98 0 312 332 331 332 332 332 332 332 332 332 332 332 332 332 332 332 332 332 332 308 220 58 246 0 313 333 332 333 333 333 333 333 333 333 333 333 333 333 333 333 333 333 333 309 221 58 100 0 314 334 333 334 334 334 334 334 334 334 334 334 334 334 334 334 334 334 334 310 220 58 246 0 313 333 332 333 333 333 333 333 333 333 333 333 333 333 333 333 333 333 333 309 205 56 98 0 312 332 331 332 332 332 332 332 332 332 332 332 332 332 332 332 332 332 332 308 217 58 100 0 315 335 334 335 335 335 335 335 335 335 335 335 335 335 335 335 335 335 335 311 218 58 101 0 116 129 129 129 129 129 129 129 129 129 129 129 129 129 129 129 129 129 129 111 83 60 247 0 316 336 335 336 336 336 336 336 336 336 336 336 336 336 336 336 336 336 336 312 85 47 103 0 118 131 131 131 131 131 131 131 131 131 131 131 131 131 131 131 131 131 131 113 83 60 247 0 316 336 335 336 336 336 336 336 336 336 336 336 336 336 336 336 336 336 336 312 218 58 101 0 116 129 129 129 129 129 129 129 129 129 129 129 129 129 129 129 129 129 129 111 227 140 248 0 120 137 137 137 137 137 137 137 137 137 137 137 137 137 137 137 137 137 137 119 228 62 106 0 120 134 134 134 134 134 134 134 134 134 134 134 134 134 134 134 134 134 134 116 0 0 0 0 0 0 0 0 0 0 0 0 0 0 0 0 0 0 0 0 0 0 0 0 1 1 1 0 0 1 1 1 1 1 1 1 1 1 1 1 1 1 1 1 1 1 1 1 0 0 0 0 0 0 0 0 0 0 0 0 0 0 0 0 0 0 0 0 0 0 0 0 228 62 106 0 120 134 134 134 134 134 134 134 134 134 134 134 134 134 134 134 134 134 134 116 249 63 107 0 120 135 135 135 135 135 135 135 135 135 135 135 135 135 135 135 135 135 135 117 9 9 9 0 1 5 5 5 5 5 5 5 5 5 5 5 5 5 5 5 5 5 5 5 248 141 249 0 120 134 134 134 134 134 134 134 134 134 134 134 134 134 134 134 134 134 134 116 8 11 11 0 1 6 6 6 6 6 6 6 6 6 6 6 6 6 6 6 6 6 6 6 248 141 249 0 120 134 134 134 134 134 134 134 134 134 134 134 134 134 134 134 134 134 134 116 9 9 9 0 1 5 5 5 5 5 5 5 5 5 5 5 5 5 5 5 5 5 5 5 246 142 250 0 120 134 134 134 134 134 134 134 134 134 134 134 134 134 134 134 134 134 134 116 19 36 59 0 62 68 68 68 68 68 68 68 68 68 68 68 68 68 68 68 68 68 68 50 247 65 109 0 120 137 137 137 137 137 137 137 137 137 137 137 137 137 137 137 137 137 137 119 20 66 110 0 62 138 138 138 138 138 138 138 138 138 138 138 138 138 138 138 138 138 138 120 247 65 109 0 120 137 137 137 137 137 137 137 137 137 137 137 137 137 137 137 137 137 137 119 19 36 59 0 62 68 68 68 68 68 68 68 68 68 68 68 68 68 68 68 68 68 68 50 27 137 236 0 61 74 74 74 74 74 74 74 74 74 74 74 74 74 74 74 74 74 74 56 14 143 251 0 62 68 68 68 68 68 68 68 68 68 68 68 68 68 68 68 68 68 68 50 225 69 252 0 61 139 139 139 139 139 139 139 139 139 139 139 139 139 139 139 139 139 139 121 224 71 253 0 62 138 138 138 138 138 138 138 138 138 138 138 138 138 138 138 138 138 138 120 225 69 252 0 61 139 139 139 139 139 139 139 139 139 139 139 139 139 139 139 139 139 139 121 14 143 251 0 62 68 68 68 68 68 68 68 68 68 68 68 68 68 68 68 68 68 68 50 60 72 116 0 121 140 140 140 140 140 140 140 140 140 140 140 140 140 140 140 140 140 140 122 258 74 118 0 123 142 142 142 142 142 142 142 142 142 142 142 142 142 142 142 142 142 142 124 59 144 254 0 317 337 336 337 337 337 337 337 337 337 337 337 337 337 337 337 337 337 337 313 257 76 255 0 125 144 144 144 144 144 144 144 144 144 144 144 144 144 144 144 144 144 144 126 59 144 254 0 317 337 336 337 337 337 337 337 337 337 337 337 337 337 337 337 337 337 337 313 258 74 118 0 123 142 142 142 142 142 142 142 142 142 142 142 142 142 142 142 142 142 142 124 250 18 126 0 6 12 12 12 12 12 12 12 12 12 12 12 12 12 12 12 12 12 12 12 256 78 127 0 127 146 146 146 146 146 146 146 146 146 146 146 146 146 146 146 146 146 146 128 241 19 120 0 7 13 13 13 13 13 13 13 13 13 13 13 13 13 13 13 13 13 13 13 257 76 121 0 125 144 144 144 144 144 144 144 144 144 144 144 144 144 144 144 144 144 144 126 241 19 120 0 7 13 13 13 13 13 13 13 13 13 13 13 13 13 13 13 13 13 13 13 256 78 127 0 127 146 146 146 146 146 146 146 146 146 146 146 146 146 146 146 146 146 146 128 239 15 256 0 3 9 9 9 9 9 9 9 9 9 9 9 9 9 9 9 9 9 9 9 254 145 257 0 318 338 337 338 338 338 338 338 338 338 338 338 338 338 338 338 338 338 338 314 240 17 124 0 5 11 11 11 11 11 11 11 11 11 11 11 11 11 11 11 11 11 11 11 255 77 125 0 126 145 145 145 145 145 145 145 145 145 145 145 145 145 145 145 145 145 145 127 240 17 124 0 5 11 11 11 11 11 11 11 11 11 11 11 11 11 11 11 11 11 11 11 254 145 257 0 318 338 337 338 338 338 338 338 338 338 338 338 338 338 338 338 338 338 338 314 53 82 71 0 134 153 153 153 153 153 153 153 153 153 153 153 153 153 153 153 153 153 153 135 297 60 258 0 135 154 154 154 154 154 154 154 154 154 154 154 154 154 154 154 154 154 154 136 54 79 73 0 128 147 147 147 147 147 147 147 147 147 147 147 147 147 147 147 147 147 147 129 298 48 128 0 129 148 148 148 148 148 148 148 148 148 148 148 148 148 148 148 148 148 148 130 54 79 73 0 128 147 147 147 147 147 147 147 147 147 147 147 147 147 147 147 147 147 147 129 297 60 258 0 135 154 154 154 154 154 154 154 154 154 154 154 154 154 154 154 154 154 154 136 61 73 99 0 122 141 141 141 141 141 141 141 141 141 141 141 141 141 141 141 141 141 141 123 305 56 259 0 319 339 338 339 339 339 339 339 339 339 339 339 339 339 339 339 339 339 339 315 62 81 101 0 132 151 151 151 151 151 151 151 151 151 151 151 151 151 151 151 151 151 151 133 306 57 130 0 133 152 152 152 152 152 152 152 152 152 152 152 152 152 152 152 152 152 152 134 62 81 101 0 132 151 151 151 151 151 151 151 151 151 151 151 151 151 151 151 151 151 151 133 305 56 259 0 319 339 338 339 339 339 339 339 339 339 339 339 339 339 339 339 339 339 339 315 321 146 260 0 320 340 339 340 340 340 340 340 340 340 340 340 340 340 340 340 340 340 340 316 320 147 261 0 321 341 340 341 341 341 341 341 341 341 341 341 341 341 341 341 341 341 341 317 309 148 262 0 322 342 341 342 342 342 342 342 342 342 342 342 342 342 342 342 342 342 342 318 308 149 263 0 323 343 342 343 343 343 343 343 343 343 343 343 343 343 343 343 343 343 343 319 309 148 262 0 322 342 341 342 342 342 342 342 342 342 342 342 342 342 342 342 342 342 342 318 320 147 261 0 321 341 340 341 341 341 341 341 341 341 341 341 341 341 341 341 341 341 341 317 322 150 264 0 324 344 343 344 344 344 344 344 344 344 344 344 344 344 344 344 344 344 344 320 323 83 133 0 136 155 155 155 155 155 155 155 155 155 155 155 155 155 155 155 155 155 155 137 334 111 165 0 164 183 183 183 183 183 183 183 183 183 183 183 183 183 183 183 183 183 183 159 335 91 141 0 144 163 163 163 163 163 163 163 163 163 163 163 163 163 163 163 163 163 163 145 334 111 165 0 164 183 183 183 183 183 183 183 183 183 183 183 183 183 183 183 183 183 183 159 323 83 133 0 136 155 155 155 155 155 155 155 155 155 155 155 155 155 155 155 155 155 155 137 320 147 261 0 321 341 340 341 341 341 341 341 341 341 341 341 341 341 341 341 341 341 341 317 321 146 260 0 320 340 339 340 340 340 340 340 340 340 340 340 340 340 340 340 340 340 340 316 332 151 265 0 325 345 344 345 345 345 345 345 345 345 345 345 345 345 345 345 345 345 345 321 333 152 266 0 326 346 345 346 346 346 346 346 346 346 346 346 346 346 346 346 346 346 346 322 332 151 265 0 325 345 344 345 345 345 345 345 345 345 345 345 345 345 345 345 345 345 345 321 321 146 260 0 320 340 339 340 340 340 340 340 340 340 340 340 340 340 340 340 340 340 340 316 361 153 267 0 327 347 346 347 347 347 347 347 347 347 347 347 347 347 347 347 347 347 347 19 360 93 143 0 146 165 165 165 165 165 165 165 165 165 165 165 165 165 165 165 165 165 165 147 345 28 28 0 16 22 22 22 22 22 22 22 22 22 22 22 22 22 22 22 22 22 22 20 344 27 27 0 15 21 21 21 21 21 21 21 21 21 21 21 21 21 21 21 21 21 21 19 345 28 28 0 16 22 22 22 22 22 22 22 22 22 22 22 22 22 22 22 22 22 22 20 360 93 143 0 146 165 165 165 165 165 165 165 165 165 165 165 165 165 165 165 165 165 165 147 351 97 147 0 150 169 169 169 169 169 169 169 169 169 169 169 169 169 169 169 169 169 169 149 359 98 148 0 147 166 166 166 166 166 166 166 166 166 166 166 166 166 166 166 166 166 166 147 352 154 268 0 328 348 347 348 348 348 348 348 348 348 348 348 348 348 348 348 348 348 348 323 360 155 269 0 146 165 165 165 165 165 165 165 165 165 165 165 165 165 165 165 165 165 165 147 352 154 268 0 328 348 347 348 348 348 348 348 348 348 348 348 348 348 348 348 348 348 348 323 359 98 148 0 147 166 166 166 166 166 166 166 166 166 166 166 166 166 166 166 166 166 166 147 390 103 155 0 155 174 174 174 174 174 174 174 174 174 174 174 174 174 174 174 174 174 174 154 389 99 149 0 151 170 170 170 170 170 170 170 170 170 170 170 170 170 170 170 170 170 170 150 374 26 26 0 22 28 28 28 28 28 28 28 28 28 28 28 28 28 28 28 28 28 28 22 373 29 29 0 25 31 31 31 31 31 31 31 31 31 31 31 31 31 31 31 31 31 31 23 374 26 26 0 22 28 28 28 28 28 28 28 28 28 28 28 28 28 28 28 28 28 28 22 389 99 149 0 151 170 170 170 170 170 170 170 170 170 170 170 170 170 170 170 170 170 170 150 377 156 270 0 329 349 348 349 349 349 349 349 349 349 349 349 349 349 349 349 349 349 349 324 386 157 271 0 330 350 349 350 350 350 350 350 350 350 350 350 350 350 350 350 350 350 350 19 378 158 272 0 331 351 350 351 351 351 351 351 351 351 351 351 351 351 351 351 351 351 351 325 387 159 273 0 332 352 351 352 352 352 352 352 352 352 352 352 352 352 352 352 352 352 352 326 378 158 272 0 331 351 350 351 351 351 351 351 351 351 351 351 351 351 351 351 351 351 351 325 386 157 271 0 330 350 349 350 350 350 350 350 350 350 350 350 350 350 350 350 350 350 350 19 412 100 150 0 159 178 178 178 178 178 178 178 178 178 178 178 178 178 178 178 178 178 178 21 411 160 274 0 333 353 352 353 353 353 353 353 353 353 353 353 353 353 353 353 353 353 353 22 396 31 31 0 35 41 41 41 41 41 41 41 41 41 41 41 41 41 41 41 41 41 41 19 395 32 32 0 36 42 42 42 42 42 42 42 42 42 42 42 42 42 42 42 42 42 42 21 396 31 31 0 35 41 41 41 41 41 41 41 41 41 41 41 41 41 41 41 41 41 41 19 411 160 274 0 333 353 352 353 353 353 353 353 353 353 353 353 353 353 353 353 353 353 353 22 406 161 275 0 334 354 353 354 354 354 354 354 354 354 354 354 354 354 354 354 354 354 354 155 409 162 276 0 335 355 354 355 355 355 355 355 355 355 355 355 355 355 355 355 355 355 355 21 401 156 277 0 336 356 355 356 356 356 356 356 356 356 356 356 356 356 356 356 356 356 356 327 410 157 278 0 337 357 356 357 357 357 357 357 357 357 357 357 357 357 357 357 357 357 357 22 401 156 277 0 336 356 355 356 356 356 356 356 356 356 356 356 356 356 356 356 356 356 356 327 409 162 276 0 335 355 354 355 355 355 355 355 355 355 355 355 355 355 355 355 355 355 355 21 419 163 279 0 44 50 50 50 50 50 50 50 50 50 50 50 50 50 50 50 50 50 50 32 420 164 280 0 46 52 52 52 52 52 52 52 52 52 52 52 52 52 52 52 52 52 52 34 311 84 134 0 137 156 156 156 156 156 156 156 156 156 156 156 156 156 156 156 156 156 156 138 312 86 136 0 139 158 158 158 158 158 158 158 158 158 158 158 158 158 158 158 158 158 158 140 311 84 134 0 137 156 156 156 156 156 156 156 156 156 156 156 156 156 156 156 156 156 156 138 420 164 280 0 46 52 52 52 52 52 52 52 52 52 52 52 52 52 52 52 52 52 52 34 339 165 281 0 338 358 357 358 358 358 358 358 358 358 358 358 358 358 358 358 358 358 358 328 435 166 282 0 52 58 58 58 58 58 58 58 58 58 58 58 58 58 58 58 58 58 58 40 338 89 139 0 142 161 161 161 161 161 161 161 161 161 161 161 161 161 161 161 161 161 161 143 434 167 283 0 54 60 60 60 60 60 60 60 60 60 60 60 60 60 60 60 60 60 60 42 338 89 139 0 142 161 161 161 161 161 161 161 161 161 161 161 161 161 161 161 161 161 161 143 435 166 282 0 52 58 58 58 58 58 58 58 58 58 58 58 58 58 58 58 58 58 58 40 339 165 281 0 338 358 357 358 358 358 358 358 358 358 358 358 358 358 358 358 358 358 358 328 340 168 284 0 339 359 358 359 359 359 359 359 359 359 359 359 359 359 359 359 359 359 359 329 435 166 282 0 52 58 58 58 58 58 58 58 58 58 58 58 58 58 58 58 58 58 58 40 436 169 285 0 51 57 57 57 57 57 57 57 57 57 57 57 57 57 57 57 57 57 57 39 435 166 282 0 52 58 58 58 58 58 58 58 58 58 58 58 58 58 58 58 58 58 58 40 340 168 284 0 339 359 358 359 359 359 359 359 359 359 359 359 359 359 359 359 359 359 359 329 453 47 71 0 340 360 359 360 360 360 360 360 360 360 360 360 360 360 360 360 360 360 360 330 489 115 169 0 165 184 184 184 184 184 184 184 184 184 184 184 184 184 184 184 184 184 184 160 454 48 73 0 341 361 360 361 361 361 361 361 361 361 361 361 361 361 361 361 361 361 361 331 490 48 171 0 167 186 186 186 186 186 186 186 186 186 186 186 186 186 186 186 186 186 186 162 454 48 73 0 341 361 360 361 361 361 361 361 361 361 361 361 361 361 361 361 361 361 361 331 489 115 169 0 165 184 184 184 184 184 184 184 184 184 184 184 184 184 184 184 184 184 184 160 463 52 84 0 342 362 361 362 362 362 362 362 362 362 362 362 362 362 362 362 362 362 362 332 493 52 172 0 169 188 188 188 188 188 188 188 188 188 188 188 188 188 188 188 188 188 188 164 466 53 86 0 343 363 362 363 363 363 363 363 363 363 363 363 363 363 363 363 363 363 363 333 494 53 174 0 171 190 190 190 190 190 190 190 190 190 190 190 190 190 190 190 190 190 190 166 466 53 86 0 343 363 362 363 363 363 363 363 363 363 363 363 363 363 363 363 363 363 363 333 493 52 172 0 169 188 188 188 188 188 188 188 188 188 188 188 188 188 188 188 188 188 188 164 475 56 99 0 344 364 363 364 364 364 364 364 364 364 364 364 364 364 364 364 364 364 364 334 497 56 175 0 173 192 192 192 192 192 192 192 192 192 192 192 192 192 192 192 192 192 192 168 478 58 101 0 345 365 364 365 365 365 365 365 365 365 365 365 365 365 365 365 365 365 365 335 498 58 177 0 175 194 194 194 194 194 194 194 194 194 194 194 194 194 194 194 194 194 194 170 478 58 101 0 345 365 364 365 365 365 365 365 365 365 365 365 365 365 365 365 365 365 365 335 497 56 175 0 173 192 192 192 192 192 192 192 192 192 192 192 192 192 192 192 192 192 192 168 456 49 240 0 346 366 365 366 366 366 366 366 366 366 366 366 366 366 366 366 366 366 366 336 501 49 178 0 177 196 196 196 196 196 196 196 196 196 196 196 196 196 196 196 196 196 196 172 459 50 81 0 347 367 366 367 367 367 367 367 367 367 367 367 367 367 367 367 367 367 367 337 502 50 179 0 179 198 198 198 198 198 198 198 198 198 198 198 198 198 198 198 198 198 198 174 459 50 81 0 347 367 366 367 367 367 367 367 367 367 367 367 367 367 367 367 367 367 367 337 501 49 178 0 177 196 196 196 196 196 196 196 196 196 196 196 196 196 196 196 196 196 196 172 468 54 244 0 348 368 367 368 368 368 368 368 368 368 368 368 368 368 368 368 368 368 368 338 505 54 181 0 181 200 200 200 200 200 200 200 200 200 200 200 200 200 200 200 200 200 200 176 471 55 96 0 349 369 368 369 369 369 369 369 369 369 369 369 369 369 369 369 369 369 369 339 506 55 182 0 183 202 202 202 202 202 202 202 202 202 202 202 202 202 202 202 202 202 202 178 471 55 96 0 349 369 368 369 369 369 369 369 369 369 369 369 369 369 369 369 369 369 369 339 505 54 181 0 181 200 200 200 200 200 200 200 200 200 200 200 200 200 200 200 200 200 200 176 449 47 238 0 350 370 369 370 370 370 370 370 370 370 370 370 370 370 370 370 370 370 370 340 509 115 184 0 185 204 204 204 204 204 204 204 204 204 204 204 204 204 204 204 204 204 204 180 450 48 239 0 351 371 370 371 371 371 371 371 371 371 371 371 371 371 371 371 371 371 371 341 510 48 185 0 187 206 206 206 206 206 206 206 206 206 206 206 206 206 206 206 206 206 206 182 450 48 239 0 351 371 370 371 371 371 371 371 371 371 371 371 371 371 371 371 371 371 371 341 509 115 184 0 185 204 204 204 204 204 204 204 204 204 204 204 204 204 204 204 204 204 204 180 461 52 82 0 352 372 371 372 372 372 372 372 372 372 372 372 372 372 372 372 372 372 372 342 513 52 186 0 189 208 208 208 208 208 208 208 208 208 208 208 208 208 208 208 208 208 208 184 464 53 243 0 353 373 372 373 373 373 373 373 373 373 373 373 373 373 373 373 373 373 373 343 514 53 187 0 191 210 210 210 210 210 210 210 210 210 210 210 210 210 210 210 210 210 210 186 464 53 243 0 353 373 372 373 373 373 373 373 373 373 373 373 373 373 373 373 373 373 373 343 513 52 186 0 189 208 208 208 208 208 208 208 208 208 208 208 208 208 208 208 208 208 208 184 473 56 97 0 354 374 373 374 374 374 374 374 374 374 374 374 374 374 374 374 374 374 374 344 517 56 188 0 193 212 212 212 212 212 212 212 212 212 212 212 212 212 212 212 212 212 212 188 476 58 246 0 355 375 374 375 375 375 375 375 375 375 375 375 375 375 375 375 375 375 375 345 518 58 189 0 195 214 214 214 214 214 214 214 214 214 214 214 214 214 214 214 214 214 214 190 476 58 246 0 355 375 374 375 375 375 375 375 375 375 375 375 375 375 375 375 375 375 375 345 517 56 188 0 193 212 212 212 212 212 212 212 212 212 212 212 212 212 212 212 212 212 212 188 458 50 80 0 356 376 375 376 376 376 376 376 376 376 376 376 376 376 376 376 376 376 376 346 522 50 190 0 197 216 216 216 216 216 216 216 216 216 216 216 216 216 216 216 216 216 216 192 455 49 78 0 357 377 376 377 377 377 377 377 377 377 377 377 377 377 377 377 377 377 377 347 521 49 192 0 199 218 218 218 218 218 218 218 218 218 218 218 218 218 218 218 218 218 218 194 455 49 78 0 357 377 376 377 377 377 377 377 377 377 377 377 377 377 377 377 377 377 377 347 522 50 190 0 197 216 216 216 216 216 216 216 216 216 216 216 216 216 216 216 216 216 216 192 470 55 93 0 358 378 377 378 378 378 378 378 378 378 378 378 378 378 378 378 378 378 378 348 526 55 194 0 201 220 220 220 220 220 220 220 220 220 220 220 220 220 220 220 220 220 220 196 467 54 91 0 359 379 378 379 379 379 379 379 379 379 379 379 379 379 379 379 379 379 379 349 525 122 195 0 203 222 222 222 222 222 222 222 222 222 222 222 222 222 222 222 222 222 222 198 467 54 91 0 359 379 378 379 379 379 379 379 379 379 379 379 379 379 379 379 379 379 379 349 526 55 194 0 201 220 220 220 220 220 220 220 220 220 220 220 220 220 220 220 220 220 220 196 93 47 71 0 360 380 379 380 380 380 380 380 380 380 380 380 380 380 380 380 380 380 380 350 529 115 169 0 205 224 224 224 224 224 224 224 224 224 224 224 224 224 224 224 224 224 224 200 94 48 73 0 361 381 380 381 381 381 381 381 381 381 381 381 381 381 381 381 381 381 381 351 530 48 171 0 207 226 226 226 226 226 226 226 226 226 226 226 226 226 226 226 226 226 226 202 94 48 73 0 361 381 380 381 381 381 381 381 381 381 381 381 381 381 381 381 381 381 381 351 529 115 169 0 205 224 224 224 224 224 224 224 224 224 224 224 224 224 224 224 224 224 224 200 142 52 84 0 362 382 381 382 382 382 382 382 382 382 382 382 382 382 382 382 382 382 382 352 533 52 172 0 209 228 228 228 228 228 228 228 228 228 228 228 228 228 228 228 228 228 228 204 158 53 86 0 363 383 382 383 383 383 383 383 383 383 383 383 383 383 383 383 383 383 383 353 534 53 174 0 211 230 230 230 230 230 230 230 230 230 230 230 230 230 230 230 230 230 230 206 158 53 86 0 363 383 382 383 383 383 383 383 383 383 383 383 383 383 383 383 383 383 383 353 533 52 172 0 209 228 228 228 228 228 228 228 228 228 228 228 228 228 228 228 228 228 228 204 206 56 99 0 364 384 383 384 384 384 384 384 384 384 384 384 384 384 384 384 384 384 384 354 537 56 175 0 213 232 232 232 232 232 232 232 232 232 232 232 232 232 232 232 232 232 232 208 222 58 101 0 365 385 384 385 385 385 385 385 385 385 385 385 385 385 385 385 385 385 385 355 538 58 177 0 215 234 234 234 234 234 234 234 234 234 234 234 234 234 234 234 234 234 234 210 222 58 101 0 365 385 384 385 385 385 385 385 385 385 385 385 385 385 385 385 385 385 385 355 537 56 175 0 213 232 232 232 232 232 232 232 232 232 232 232 232 232 232 232 232 232 232 208 109 49 240 0 366 386 385 386 386 386 386 386 386 386 386 386 386 386 386 386 386 386 386 356 541 49 178 0 217 236 236 236 236 236 236 236 236 236 236 236 236 236 236 236 236 236 236 212 125 50 81 0 85 98 98 98 98 98 98 98 98 98 98 98 98 98 98 98 98 98 98 80 542 50 179 0 219 238 238 238 238 238 238 238 238 238 238 238 238 238 238 238 238 238 238 214 125 50 81 0 85 98 98 98 98 98 98 98 98 98 98 98 98 98 98 98 98 98 98 80 541 49 178 0 217 236 236 236 236 236 236 236 236 236 236 236 236 236 236 236 236 236 236 212 173 54 244 0 367 387 386 387 387 387 387 387 387 387 387 387 387 387 387 387 387 387 387 357 545 54 181 0 221 240 240 240 240 240 240 240 240 240 240 240 240 240 240 240 240 240 240 216 189 55 96 0 368 388 387 388 388 388 388 388 388 388 388 388 388 388 388 388 388 388 388 358 546 55 182 0 223 242 242 242 242 242 242 242 242 242 242 242 242 242 242 242 242 242 242 218 189 55 96 0 368 388 387 388 388 388 388 388 388 388 388 388 388 388 388 388 388 388 388 358 545 54 181 0 221 240 240 240 240 240 240 240 240 240 240 240 240 240 240 240 240 240 240 216 277 123 286 0 369 389 388 389 389 389 389 389 389 389 389 389 389 389 389 389 389 389 389 359 549 123 196 0 225 244 244 244 244 244 244 244 244 244 244 244 244 244 244 244 244 244 244 220 278 124 287 0 370 390 389 390 390 390 390 390 390 390 390 390 390 390 390 390 390 390 390 360 550 124 198 0 227 246 246 246 246 246 246 246 246 246 246 246 246 246 246 246 246 246 246 222 278 124 287 0 370 390 389 390 390 390 390 390 390 390 390 390 390 390 390 390 390 390 390 360 549 123 196 0 225 244 244 244 244 244 244 244 244 244 244 244 244 244 244 244 244 244 244 220 291 125 288 0 371 391 390 391 391 391 391 391 391 391 391 391 391 391 391 391 391 391 391 361 553 125 200 0 229 248 248 248 248 248 248 248 248 248 248 248 248 248 248 248 248 248 248 224 295 126 289 0 372 392 391 392 392 392 392 392 392 392 392 392 392 392 392 392 392 392 392 362 554 126 202 0 231 250 250 250 250 250 250 250 250 250 250 250 250 250 250 250 250 250 250 226 295 126 289 0 372 392 391 392 392 392 392 392 392 392 392 392 392 392 392 392 392 392 392 362 553 125 200 0 229 248 248 248 248 248 248 248 248 248 248 248 248 248 248 248 248 248 248 224 282 127 290 0 373 393 392 393 393 393 393 393 393 393 393 393 393 393 393 393 393 393 393 363 557 127 204 0 233 252 252 252 252 252 252 252 252 252 252 252 252 252 252 252 252 252 252 228 286 59 291 0 374 394 393 394 394 394 394 394 394 394 394 394 394 394 394 394 394 394 394 364 558 59 206 0 235 254 254 254 254 254 254 254 254 254 254 254 254 254 254 254 254 254 254 230 286 59 291 0 374 394 393 394 394 394 394 394 394 394 394 394 394 394 394 394 394 394 394 364 557 127 204 0 233 252 252 252 252 252 252 252 252 252 252 252 252 252 252 252 252 252 252 228 273 123 292 0 375 395 394 395 395 395 395 395 395 395 395 395 395 395 395 395 395 395 395 365 561 123 208 0 237 256 256 256 256 256 256 256 256 256 256 256 256 256 256 256 256 256 256 232 274 124 293 0 376 396 395 396 396 396 396 396 396 396 396 396 396 396 396 396 396 396 396 366 562 124 210 0 239 258 258 258 258 258 258 258 258 258 258 258 258 258 258 258 258 258 258 234 274 124 293 0 376 396 395 396 396 396 396 396 396 396 396 396 396 396 396 396 396 396 396 366 561 123 208 0 237 256 256 256 256 256 256 256 256 256 256 256 256 256 256 256 256 256 256 232 289 125 294 0 377 397 396 397 397 397 397 397 397 397 397 397 397 397 397 397 397 397 397 367 565 125 212 0 241 260 260 260 260 260 260 260 260 260 260 260 260 260 260 260 260 260 260 236 293 126 295 0 378 398 397 398 398 398 398 398 398 398 398 398 398 398 398 398 398 398 398 368 566 126 214 0 243 262 262 262 262 262 262 262 262 262 262 262 262 262 262 262 262 262 262 238 293 126 295 0 378 398 397 398 398 398 398 398 398 398 398 398 398 398 398 398 398 398 398 368 565 125 212 0 241 260 260 260 260 260 260 260 260 260 260 260 260 260 260 260 260 260 260 236 269 170 296 0 379 399 398 399 399 399 399 399 399 399 399 399 399 399 399 399 399 399 399 369 569 127 216 0 245 264 264 264 264 264 264 264 264 264 264 264 264 264 264 264 264 264 264 240 270 171 297 0 380 400 399 400 400 400 400 400 400 400 400 400 400 400 400 400 400 400 400 370 570 59 218 0 247 266 266 266 266 266 266 266 266 266 266 266 266 266 266 266 266 266 266 242 270 171 297 0 380 400 399 400 400 400 400 400 400 400 400 400 400 400 400 400 400 400 400 370 569 127 216 0 245 264 264 264 264 264 264 264 264 264 264 264 264 264 264 264 264 264 264 240 303 54 298 0 381 401 400 401 401 401 401 401 401 401 401 401 401 401 401 401 401 401 401 371 573 54 220 0 249 268 268 268 268 268 268 268 268 268 268 268 268 268 268 268 268 268 268 244 304 55 299 0 382 402 401 402 402 402 402 402 402 402 402 402 402 402 402 402 402 402 402 372 574 55 221 0 251 270 270 270 270 270 270 270 270 270 270 270 270 270 270 270 270 270 270 246 304 55 299 0 382 402 401 402 402 402 402 402 402 402 402 402 402 402 402 402 402 402 402 372 573 54 220 0 249 268 268 268 268 268 268 268 268 268 268 268 268 268 268 268 268 268 268 244 300 50 300 0 383 403 402 403 403 403 403 403 403 403 403 403 403 403 403 403 403 403 403 373 579 50 223 0 253 272 272 272 272 272 272 272 272 272 272 272 272 272 272 272 272 272 272 248 301 52 301 0 384 404 403 404 404 404 404 404 404 404 404 404 404 404 404 404 404 404 404 374 580 52 225 0 255 274 274 274 274 274 274 274 274 274 274 274 274 274 274 274 274 274 274 250 301 52 301 0 384 404 403 404 404 404 404 404 404 404 404 404 404 404 404 404 404 404 404 374 579 50 223 0 253 272 272 272 272 272 272 272 272 272 272 272 272 272 272 272 272 272 272 248 302 53 302 0 385 405 404 405 405 405 405 405 405 405 405 405 405 405 405 405 405 405 405 375 581 53 226 0 257 276 276 276 276 276 276 276 276 276 276 276 276 276 276 276 276 276 276 252 303 54 298 0 381 401 400 401 401 401 401 401 401 401 401 401 401 401 401 401 401 401 401 371 573 54 220 0 249 268 268 268 268 268 268 268 268 268 268 268 268 268 268 268 268 268 268 244 303 54 298 0 381 401 400 401 401 401 401 401 401 401 401 401 401 401 401 401 401 401 401 371 581 53 226 0 257 276 276 276 276 276 276 276 276 276 276 276 276 276 276 276 276 276 276 252 95 49 77 0 386 406 405 406 406 406 406 406 406 406 406 406 406 406 406 406 406 406 406 376 585 49 227 0 259 278 278 278 278 278 278 278 278 278 278 278 278 278 278 278 278 278 278 254 111 50 79 0 254 273 273 273 273 273 273 273 273 273 273 273 273 273 273 273 273 273 273 249 586 50 228 0 261 280 280 280 280 280 280 280 280 280 280 280 280 280 280 280 280 280 280 256 111 50 79 0 254 273 273 273 273 273 273 273 273 273 273 273 273 273 273 273 273 273 273 249 585 49 227 0 259 278 278 278 278 278 278 278 278 278 278 278 278 278 278 278 278 278 278 254 159 54 90 0 250 269 269 269 269 269 269 269 269 269 269 269 269 269 269 269 269 269 269 245 589 54 229 0 263 282 282 282 282 282 282 282 282 282 282 282 282 282 282 282 282 282 282 258 175 55 92 0 252 271 271 271 271 271 271 271 271 271 271 271 271 271 271 271 271 271 271 247 590 55 230 0 265 284 284 284 284 284 284 284 284 284 284 284 284 284 284 284 284 284 284 260 175 55 92 0 252 271 271 271 271 271 271 271 271 271 271 271 271 271 271 271 271 271 271 247 589 54 229 0 263 282 282 282 282 282 282 282 282 282 282 282 282 282 282 282 282 282 282 258 65 115 238 0 387 407 406 407 407 407 407 407 407 407 407 407 407 407 407 407 407 407 407 377 593 115 184 0 267 286 286 286 286 286 286 286 286 286 286 286 286 286 286 286 286 286 286 262 66 48 239 0 388 408 407 408 408 408 408 408 408 408 408 408 408 408 408 408 408 408 408 378 594 48 185 0 269 288 288 288 288 288 288 288 288 288 288 288 288 288 288 288 288 288 288 264 66 48 239 0 388 408 407 408 408 408 408 408 408 408 408 408 408 408 408 408 408 408 408 378 593 115 184 0 267 286 286 286 286 286 286 286 286 286 286 286 286 286 286 286 286 286 286 262 128 52 82 0 389 409 408 409 409 409 409 409 409 409 409 409 409 409 409 409 409 409 409 379 597 52 186 0 271 290 290 290 290 290 290 290 290 290 290 290 290 290 290 290 290 290 290 266 144 53 243 0 390 410 409 410 410 410 410 410 410 410 410 410 410 410 410 410 410 410 410 380 598 53 187 0 273 292 292 292 292 292 292 292 292 292 292 292 292 292 292 292 292 292 292 268 144 53 243 0 390 410 409 410 410 410 410 410 410 410 410 410 410 410 410 410 410 410 410 380 597 52 186 0 271 290 290 290 290 290 290 290 290 290 290 290 290 290 290 290 290 290 290 266 192 56 97 0 391 411 410 411 411 411 411 411 411 411 411 411 411 411 411 411 411 411 411 381 601 56 188 0 275 294 294 294 294 294 294 294 294 294 294 294 294 294 294 294 294 294 294 270 208 57 246 0 392 412 411 412 412 412 412 412 412 412 412 412 412 412 412 412 412 412 412 382 602 57 189 0 277 296 296 296 296 296 296 296 296 296 296 296 296 296 296 296 296 296 296 272 208 57 246 0 392 412 411 412 412 412 412 412 412 412 412 412 412 412 412 412 412 412 412 382 601 56 188 0 275 294 294 294 294 294 294 294 294 294 294 294 294 294 294 294 294 294 294 270 97 49 240 0 393 413 412 413 413 413 413 413 413 413 413 413 413 413 413 413 413 413 413 383 605 49 178 0 279 298 298 298 298 298 298 298 298 298 298 298 298 298 298 298 298 298 298 274 113 50 81 0 394 414 413 414 414 414 414 414 414 414 414 414 414 414 414 414 414 414 414 384 606 130 179 0 280 299 299 299 299 299 299 299 299 299 299 299 299 299 299 299 299 299 299 275 113 50 81 0 394 414 413 414 414 414 414 414 414 414 414 414 414 414 414 414 414 414 414 384 605 49 178 0 279 298 298 298 298 298 298 298 298 298 298 298 298 298 298 298 298 298 298 274 161 131 244 0 395 415 414 415 415 415 415 415 415 415 415 415 415 415 415 415 415 415 415 385 609 131 181 0 282 301 301 301 301 301 301 301 301 301 301 301 301 301 301 301 301 301 301 277 177 55 96 0 396 416 415 416 416 416 416 416 416 416 416 416 416 416 416 416 416 416 416 386 610 55 182 0 284 303 303 303 303 303 303 303 303 303 303 303 303 303 303 303 303 303 303 279 177 55 96 0 396 416 415 416 416 416 416 416 416 416 416 416 416 416 416 416 416 416 416 386 609 131 181 0 282 301 301 301 301 301 301 301 301 301 301 301 301 301 301 301 301 301 301 277 34 172 303 0 61 67 67 67 67 67 67 67 67 67 67 67 67 67 67 67 67 67 67 49 21 68 112 0 62 68 68 68 68 68 68 68 68 68 68 68 68 68 68 68 68 68 68 50 33 132 231 0 286 305 305 305 305 305 305 305 305 305 305 305 305 305 305 305 305 305 305 281 20 66 110 0 62 138 138 138 138 138 138 138 138 138 138 138 138 138 138 138 138 138 138 120 33 132 231 0 286 305 305 305 305 305 305 305 305 305 305 305 305 305 305 305 305 305 305 281 21 68 112 0 62 68 68 68 68 68 68 68 68 68 68 68 68 68 68 68 68 68 68 50 37 133 232 0 61 71 71 71 71 71 71 71 71 71 71 71 71 71 71 71 71 71 71 53 38 46 69 0 61 76 76 76 76 76 76 76 76 76 76 76 76 76 76 76 76 76 76 58 24 134 233 0 62 72 72 72 72 72 72 72 72 72 72 72 72 72 72 72 72 72 72 54 25 173 304 0 62 417 416 417 417 417 417 417 417 417 417 417 417 417 417 417 417 417 417 387 24 134 233 0 62 72 72 72 72 72 72 72 72 72 72 72 72 72 72 72 72 72 72 54 38 46 69 0 61 76 76 76 76 76 76 76 76 76 76 76 76 76 76 76 76 76 76 58 41 136 235 0 63 75 75 75 75 75 75 75 75 75 75 75 75 75 75 75 75 75 75 57 42 174 305 0 63 418 417 418 418 418 418 418 418 418 418 418 418 418 418 418 418 418 418 388 28 138 237 0 61 76 76 76 76 76 76 76 76 76 76 76 76 76 76 76 76 76 76 58 29 175 306 0 61 71 71 71 71 71 71 71 71 71 71 71 71 71 71 71 71 71 71 53 28 138 237 0 61 76 76 76 76 76 76 76 76 76 76 76 76 76 76 76 76 76 76 58 42 174 305 0 63 418 417 418 418 418 418 418 418 418 418 418 418 418 418 418 418 418 418 388 71 47 307 0 115 128 128 128 128 128 128 128 128 128 128 128 128 128 128 128 128 128 128 110 73 128 238 0 287 307 306 307 307 307 307 307 307 307 307 307 307 307 307 307 307 307 307 283 72 48 308 0 69 82 82 82 82 82 82 82 82 82 82 82 82 82 82 82 82 82 82 64 74 48 239 0 288 308 307 308 308 308 308 308 308 308 308 308 308 308 308 308 308 308 308 284 72 48 308 0 69 82 82 82 82 82 82 82 82 82 82 82 82 82 82 82 82 82 82 64 73 128 238 0 287 307 306 307 307 307 307 307 307 307 307 307 307 307 307 307 307 307 307 283 87 60 309 0 119 132 132 132 132 132 132 132 132 132 132 132 132 132 132 132 132 132 132 114 89 47 238 0 289 309 308 309 309 309 309 309 309 309 309 309 309 309 309 309 309 309 309 285 88 48 310 0 73 86 86 86 86 86 86 86 86 86 86 86 86 86 86 86 86 86 86 68 90 48 239 0 291 311 310 311 311 311 311 311 311 311 311 311 311 311 311 311 311 311 311 287 88 48 310 0 73 86 86 86 86 86 86 86 86 86 86 86 86 86 86 86 86 86 86 68 89 47 238 0 289 309 308 309 309 309 309 309 309 309 309 309 309 309 309 309 309 309 309 285 82 48 239 0 397 419 418 419 419 419 419 419 419 419 419 419 419 419 419 419 419 419 419 389 84 48 72 0 293 313 312 313 313 313 313 313 313 313 313 313 313 313 313 313 313 313 313 289 104 49 78 0 77 90 90 90 90 90 90 90 90 90 90 90 90 90 90 90 90 90 90 72 105 49 240 0 294 314 313 314 314 314 314 314 314 314 314 314 314 314 314 314 314 314 314 290 104 49 78 0 77 90 90 90 90 90 90 90 90 90 90 90 90 90 90 90 90 90 90 72 84 48 72 0 293 313 312 313 313 313 313 313 313 313 313 313 313 313 313 313 313 313 313 289 101 49 240 0 398 420 419 420 420 420 420 420 420 420 420 420 420 420 420 420 420 420 420 390 102 49 75 0 295 315 314 315 315 315 315 315 315 315 315 315 315 315 315 315 315 315 315 291 117 50 81 0 81 94 94 94 94 94 94 94 94 94 94 94 94 94 94 94 94 94 94 76 118 50 180 0 296 316 315 316 316 316 316 316 316 316 316 316 316 316 316 316 316 316 316 292 117 50 81 0 81 94 94 94 94 94 94 94 94 94 94 94 94 94 94 94 94 94 94 76 102 49 75 0 295 315 314 315 315 315 315 315 315 315 315 315 315 315 315 315 315 315 315 291 114 130 180 0 281 300 300 300 300 300 300 300 300 300 300 300 300 300 300 300 300 300 300 276 115 50 224 0 297 317 316 317 317 317 317 317 317 317 317 317 317 317 317 317 317 317 317 293 130 51 84 0 399 421 420 421 421 421 421 421 421 421 421 421 421 421 421 421 421 421 421 391 131 51 173 0 298 318 317 318 318 318 318 318 318 318 318 318 318 318 318 318 318 318 318 294 130 51 84 0 399 421 420 421 421 421 421 421 421 421 421 421 421 421 421 421 421 421 421 391 115 50 224 0 297 317 316 317 317 317 317 317 317 317 317 317 317 317 317 317 317 317 317 293 122 50 180 0 400 422 421 422 422 422 422 422 422 422 422 422 422 422 422 422 422 422 422 392 123 50 224 0 299 319 318 319 319 319 319 319 319 319 319 319 319 319 319 319 319 319 319 295 138 52 84 0 89 102 102 102 102 102 102 102 102 102 102 102 102 102 102 102 102 102 102 84 139 52 173 0 300 320 319 320 320 320 320 320 320 320 320 320 320 320 320 320 320 320 320 296 138 52 84 0 89 102 102 102 102 102 102 102 102 102 102 102 102 102 102 102 102 102 102 84 123 50 224 0 299 319 318 319 319 319 319 319 319 319 319 319 319 319 319 319 319 319 319 295 135 52 241 0 401 423 422 423 423 423 423 423 423 423 423 423 423 423 423 423 423 423 423 393 136 52 82 0 301 321 320 321 321 321 321 321 321 321 321 321 321 321 321 321 321 321 321 297 151 53 311 0 93 106 106 106 106 106 106 106 106 106 106 106 106 106 106 106 106 106 106 88 152 53 243 0 302 322 321 322 322 322 322 322 322 322 322 322 322 322 322 322 322 322 322 298 151 53 311 0 93 106 106 106 106 106 106 106 106 106 106 106 106 106 106 106 106 106 106 88 136 52 82 0 301 321 320 321 321 321 321 321 321 321 321 321 321 321 321 321 321 321 321 297 148 129 243 0 402 424 423 424 424 424 424 424 424 424 424 424 424 424 424 424 424 424 424 394 149 139 85 0 303 323 322 323 323 323 323 323 323 323 323 323 323 323 323 323 323 323 323 299 164 54 91 0 97 110 110 110 110 110 110 110 110 110 110 110 110 110 110 110 110 110 110 92 165 131 244 0 304 324 323 324 324 324 324 324 324 324 324 324 324 324 324 324 324 324 324 300 164 54 91 0 97 110 110 110 110 110 110 110 110 110 110 110 110 110 110 110 110 110 110 92 149 139 85 0 303 323 322 323 323 323 323 323 323 323 323 323 323 323 323 323 323 323 323 299 156 53 243 0 403 425 424 425 425 425 425 425 425 425 425 425 425 425 425 425 425 425 425 395 157 53 85 0 404 426 425 426 426 426 426 426 426 426 426 426 426 426 426 426 426 426 426 396 172 54 91 0 101 114 114 114 114 114 114 114 114 114 114 114 114 114 114 114 114 114 114 96 173 54 244 0 367 387 386 387 387 387 387 387 387 387 387 387 387 387 387 387 387 387 387 357 172 54 91 0 101 114 114 114 114 114 114 114 114 114 114 114 114 114 114 114 114 114 114 96 157 53 85 0 404 426 425 426 426 426 426 426 426 426 426 426 426 426 426 426 426 426 426 396 169 54 244 0 405 427 426 427 427 427 427 427 427 427 427 427 427 427 427 427 427 427 427 397 170 54 88 0 305 325 324 325 325 325 325 325 325 325 325 325 325 325 325 325 325 325 325 301 185 55 96 0 105 118 118 118 118 118 118 118 118 118 118 118 118 118 118 118 118 118 118 100 186 55 183 0 306 326 325 326 326 326 326 326 326 326 326 326 326 326 326 326 326 326 326 302 185 55 96 0 105 118 118 118 118 118 118 118 118 118 118 118 118 118 118 118 118 118 118 100 170 54 88 0 305 325 324 325 325 325 325 325 325 325 325 325 325 325 325 325 325 325 325 301 182 55 183 0 406 428 427 428 428 428 428 428 428 428 428 428 428 428 428 428 428 428 428 398 183 55 222 0 307 327 326 327 327 327 327 327 327 327 327 327 327 327 327 327 327 327 327 303 198 56 99 0 109 122 122 122 122 122 122 122 122 122 122 122 122 122 122 122 122 122 122 104 199 56 176 0 308 328 327 328 328 328 328 328 328 328 328 328 328 328 328 328 328 328 328 304 198 56 99 0 109 122 122 122 122 122 122 122 122 122 122 122 122 122 122 122 122 122 122 104 183 55 222 0 307 327 326 327 327 327 327 327 327 327 327 327 327 327 327 327 327 327 327 303 195 56 245 0 407 429 428 429 429 429 429 429 429 429 429 429 429 429 429 429 429 429 429 399 196 56 97 0 309 329 328 329 329 329 329 329 329 329 329 329 329 329 329 329 329 329 329 305 211 58 312 0 113 126 126 126 126 126 126 126 126 126 126 126 126 126 126 126 126 126 126 108 212 58 246 0 310 330 329 330 330 330 330 330 330 330 330 330 330 330 330 330 330 330 330 306 211 58 312 0 113 126 126 126 126 126 126 126 126 126 126 126 126 126 126 126 126 126 126 108 196 56 97 0 309 329 328 329 329 329 329 329 329 329 329 329 329 329 329 329 329 329 329 305 203 56 313 0 408 430 429 430 430 430 430 430 430 430 430 430 430 430 430 430 430 430 430 400 204 56 97 0 311 331 330 331 331 331 331 331 331 331 331 331 331 331 331 331 331 331 331 307 219 58 314 0 117 130 130 130 130 130 130 130 130 130 130 130 130 130 130 130 130 130 130 112 220 58 246 0 313 333 332 333 333 333 333 333 333 333 333 333 333 333 333 333 333 333 333 309 219 58 314 0 117 130 130 130 130 130 130 130 130 130 130 130 130 130 130 130 130 130 130 112 204 56 97 0 311 331 330 331 331 331 331 331 331 331 331 331 331 331 331 331 331 331 331 307 216 58 246 0 409 431 430 431 431 431 431 431 431 431 431 431 431 431 431 431 431 431 431 401 217 58 100 0 315 335 334 335 335 335 335 335 335 335 335 335 335 335 335 335 335 335 335 311 81 47 315 0 410 432 431 432 432 432 432 432 432 432 432 432 432 432 432 432 432 432 432 402 83 60 316 0 316 336 335 336 336 336 336 336 336 336 336 336 336 336 336 336 336 336 336 312 81 47 315 0 410 432 431 432 432 432 432 432 432 432 432 432 432 432 432 432 432 432 432 402 217 58 100 0 315 335 334 335 335 335 335 335 335 335 335 335 335 335 335 335 335 335 335 311 227 140 248 0 120 137 137 137 137 137 137 137 137 137 137 137 137 137 137 137 137 137 137 119 0 0 0 0 0 0 0 0 0 0 0 0 0 0 0 0 0 0 0 0 0 0 0 0 232 176 317 0 120 134 134 134 134 134 134 134 134 134 134 134 134 134 134 134 134 134 134 116 13 2 2 0 0 1 1 1 1 1 1 1 1 1 1 1 1 1 1 1 1 1 1 1 232 176 317 0 120 134 134 134 134 134 134 134 134 134 134 134 134 134 134 134 134 134 134 116 0 0 0 0 0 0 0 0 0 0 0 0 0 0 0 0 0 0 0 0 0 0 0 0 248 141 249 0 120 134 134 134 134 134 134 134 134 134 134 134 134 134 134 134 134 134 134 116 8 11 11 0 1 6 6 6 6 6 6 6 6 6 6 6 6 6 6 6 6 6 6 6 247 177 318 0 120 137 137 137 137 137 137 137 137 137 137 137 137 137 137 137 137 137 137 119 7 13 13 0 0 7 7 7 7 7 7 7 7 7 7 7 7 7 7 7 7 7 7 7 247 177 318 0 120 137 137 137 137 137 137 137 137 137 137 137 137 137 137 137 137 137 137 119 8 11 11 0 1 6 6 6 6 6 6 6 6 6 6 6 6 6 6 6 6 6 6 6 245 178 319 0 120 135 135 135 135 135 135 135 135 135 135 135 135 135 135 135 135 135 135 117 18 38 61 0 62 70 70 70 70 70 70 70 70 70 70 70 70 70 70 70 70 70 70 52 246 142 250 0 120 134 134 134 134 134 134 134 134 134 134 134 134 134 134 134 134 134 134 116 19 36 59 0 62 68 68 68 68 68 68 68 68 68 68 68 68 68 68 68 68 68 68 50 246 142 250 0 120 134 134 134 134 134 134 134 134 134 134 134 134 134 134 134 134 134 134 116 18 38 61 0 62 70 70 70 70 70 70 70 70 70 70 70 70 70 70 70 70 70 70 52 232 179 320 0 120 134 134 134 134 134 134 134 134 134 134 134 134 134 134 134 134 134 134 116 26 70 114 0 62 68 68 68 68 68 68 68 68 68 68 68 68 68 68 68 68 68 68 50 227 180 321 0 120 137 137 137 137 137 137 137 137 137 137 137 137 137 137 137 137 137 137 119 224 71 115 0 62 138 138 138 138 138 138 138 138 138 138 138 138 138 138 138 138 138 138 120 227 180 321 0 120 137 137 137 137 137 137 137 137 137 137 137 137 137 137 137 137 137 137 119 26 70 114 0 62 68 68 68 68 68 68 68 68 68 68 68 68 68 68 68 68 68 68 50 58 181 322 0 411 433 432 433 433 433 433 433 433 433 433 433 433 433 433 433 433 433 433 403 59 144 254 0 317 337 336 337 337 337 337 337 337 337 337 337 337 337 337 337 337 337 337 313 256 78 323 0 127 146 146 146 146 146 146 146 146 146 146 146 146 146 146 146 146 146 146 128 257 76 255 0 125 144 144 144 144 144 144 144 144 144 144 144 144 144 144 144 144 144 144 126 256 78 323 0 127 146 146 146 146 146 146 146 146 146 146 146 146 146 146 146 146 146 146 128 59 144 254 0 317 337 336 337 337 337 337 337 337 337 337 337 337 337 337 337 337 337 337 313 56 182 324 0 412 434 433 434 434 434 434 434 434 434 434 434 434 434 434 434 434 434 434 404 57 183 325 0 413 435 434 435 435 435 435 435 435 435 435 435 435 435 435 435 435 435 435 405 254 145 326 0 318 338 337 338 338 338 338 338 338 338 338 338 338 338 338 338 338 338 338 314 255 77 327 0 126 145 145 145 145 145 145 145 145 145 145 145 145 145 145 145 145 145 145 127 254 145 326 0 318 338 337 338 338 338 338 338 338 338 338 338 338 338 338 338 338 338 338 314 57 183 325 0 413 435 434 435 435 435 435 435 435 435 435 435 435 435 435 435 435 435 435 405 238 14 328 0 2 8 8 8 8 8 8 8 8 8 8 8 8 8 8 8 8 8 8 8 253 184 329 0 414 436 435 436 436 436 436 436 436 436 436 436 436 436 436 436 436 436 436 406 239 15 256 0 3 9 9 9 9 9 9 9 9 9 9 9 9 9 9 9 9 9 9 9 254 145 257 0 318 338 337 338 338 338 338 338 338 338 338 338 338 338 338 338 338 338 338 314 239 15 256 0 3 9 9 9 9 9 9 9 9 9 9 9 9 9 9 9 9 9 9 9 253 184 329 0 414 436 435 436 436 436 436 436 436 436 436 436 436 436 436 436 436 436 436 406 296 126 203 0 232 251 251 251 251 251 251 251 251 251 251 251 251 251 251 251 251 251 251 227 266 185 330 0 415 437 436 437 437 437 437 437 437 437 437 437 437 437 437 437 437 437 437 407 279 123 197 0 226 245 245 245 245 245 245 245 245 245 245 245 245 245 245 245 245 245 245 221 261 186 331 0 416 438 437 438 438 438 438 438 438 438 438 438 438 438 438 438 438 438 438 408 279 123 197 0 226 245 245 245 245 245 245 245 245 245 245 245 245 245 245 245 245 245 245 221 266 185 330 0 415 437 436 437 437 437 437 437 437 437 437 437 437 437 437 437 437 437 437 407 60 72 183 0 121 140 140 140 140 140 140 140 140 140 140 140 140 140 140 140 140 140 140 122 304 55 299 0 382 402 401 402 402 402 402 402 402 402 402 402 402 402 402 402 402 402 402 372 61 73 99 0 122 141 141 141 141 141 141 141 141 141 141 141 141 141 141 141 141 141 141 123 305 56 259 0 319 339 338 339 339 339 339 339 339 339 339 339 339 339 339 339 339 339 339 315 61 73 99 0 122 141 141 141 141 141 141 141 141 141 141 141 141 141 141 141 141 141 141 123 304 55 299 0 382 402 401 402 402 402 402 402 402 402 402 402 402 402 402 402 402 402 402 372 329 187 332 0 417 439 438 439 439 439 439 439 439 439 439 439 439 439 439 439 439 439 439 409 317 188 333 0 418 440 439 440 440 440 440 440 440 440 440 440 440 440 440 440 440 440 440 410 330 189 334 0 419 441 440 441 441 441 441 441 441 441 441 441 441 441 441 441 441 441 441 411 318 190 335 0 420 442 441 442 442 442 442 442 442 442 442 442 442 442 442 442 442 442 442 412 330 189 334 0 419 441 440 441 441 441 441 441 441 441 441 441 441 441 441 441 441 441 441 411 317 188 333 0 418 440 439 440 440 440 440 440 440 440 440 440 440 440 440 440 440 440 440 410 319 191 336 0 421 443 442 443 443 443 443 443 443 443 443 443 443 443 443 443 443 443 443 413 320 147 261 0 321 341 340 341 341 341 341 341 341 341 341 341 341 341 341 341 341 341 341 317 331 192 337 0 422 444 443 444 444 444 444 444 444 444 444 444 444 444 444 444 444 444 444 414 332 151 265 0 325 345 344 345 345 345 345 345 345 345 345 345 345 345 345 345 345 345 345 321 331 192 337 0 422 444 443 444 444 444 444 444 444 444 444 444 444 444 444 444 444 444 444 414 320 147 261 0 321 341 340 341 341 341 341 341 341 341 341 341 341 341 341 341 341 341 341 317 329 187 332 0 417 439 438 439 439 439 439 439 439 439 439 439 439 439 439 439 439 439 439 409 330 189 334 0 419 441 440 441 441 441 441 441 441 441 441 441 441 441 441 441 441 441 441 411 341 193 338 0 423 445 444 445 445 445 445 445 445 445 445 445 445 445 445 445 445 445 445 415 342 194 339 0 424 446 445 446 446 446 446 446 446 446 446 446 446 446 446 446 446 446 446 416 341 193 338 0 423 445 444 445 445 445 445 445 445 445 445 445 445 445 445 445 445 445 445 415 330 189 334 0 419 441 440 441 441 441 441 441 441 441 441 441 441 441 441 441 441 441 441 411 362 195 340 0 425 447 446 447 447 447 447 447 447 447 447 447 447 447 447 447 447 447 447 19 361 153 267 0 327 347 346 347 347 347 347 347 347 347 347 347 347 347 347 347 347 347 347 19 346 30 30 0 18 24 24 24 24 24 24 24 24 24 24 24 24 24 24 24 24 24 24 20 345 28 28 0 16 22 22 22 22 22 22 22 22 22 22 22 22 22 22 22 22 22 22 20 346 30 30 0 18 24 24 24 24 24 24 24 24 24 24 24 24 24 24 24 24 24 24 20 361 153 267 0 327 347 346 347 347 347 347 347 347 347 347 347 347 347 347 347 347 347 347 19 354 158 341 0 426 448 447 448 448 448 448 448 448 448 448 448 448 448 448 448 448 448 448 324 363 159 342 0 427 449 448 449 449 449 449 449 449 449 449 449 449 449 449 449 449 449 449 19 355 104 156 0 428 450 449 450 450 450 450 450 450 450 450 450 450 450 450 450 450 450 450 324 364 105 157 0 429 451 450 451 451 451 451 451 451 451 451 451 451 451 451 451 451 451 451 19 355 104 156 0 428 450 449 450 450 450 450 450 450 450 450 450 450 450 450 450 450 450 450 324 363 159 342 0 427 449 448 449 449 449 449 449 449 449 449 449 449 449 449 449 449 449 449 19 384 93 143 0 430 452 451 452 452 452 452 452 452 452 452 452 452 452 452 452 452 452 452 19 383 94 343 0 431 453 452 453 453 453 453 453 453 453 453 453 453 453 453 453 453 453 453 147 368 27 27 0 23 29 29 29 29 29 29 29 29 29 29 29 29 29 29 29 29 29 29 20 367 25 25 0 21 27 27 27 27 27 27 27 27 27 27 27 27 27 27 27 27 27 27 21 368 27 27 0 23 29 29 29 29 29 29 29 29 29 29 29 29 29 29 29 29 29 29 20 383 94 343 0 431 453 452 453 453 453 453 453 453 453 453 453 453 453 453 453 453 453 453 147 381 95 153 0 154 173 173 173 173 173 173 173 173 173 173 173 173 173 173 173 173 173 173 153 390 96 154 0 155 174 174 174 174 174 174 174 174 174 174 174 174 174 174 174 174 174 174 154 375 97 344 0 432 454 453 454 454 454 454 454 454 454 454 454 454 454 454 454 454 454 454 417 383 98 345 0 431 453 452 453 453 453 453 453 453 453 453 453 453 453 453 453 453 453 453 147 375 97 344 0 432 454 453 454 454 454 454 454 454 454 454 454 454 454 454 454 454 454 454 417 390 96 154 0 155 174 174 174 174 174 174 174 174 174 174 174 174 174 174 174 174 174 174 154 413 99 149 0 161 180 180 180 180 180 180 180 180 180 180 180 180 180 180 180 180 180 180 19 412 100 150 0 159 178 178 178 178 178 178 178 178 178 178 178 178 178 178 178 178 178 178 21 397 29 29 0 33 39 39 39 39 39 39 39 39 39 39 39 39 39 39 39 39 39 39 20 396 31 31 0 35 41 41 41 41 41 41 41 41 41 41 41 41 41 41 41 41 41 41 19 397 29 29 0 33 39 39 39 39 39 39 39 39 39 39 39 39 39 39 39 39 39 39 20 412 100 150 0 159 178 178 178 178 178 178 178 178 178 178 178 178 178 178 178 178 178 178 21 404 101 158 0 160 179 179 179 179 179 179 179 179 179 179 179 179 179 179 179 179 179 179 156 413 102 159 0 161 180 180 180 180 180 180 180 180 180 180 180 180 180 180 180 180 180 180 19 405 95 145 0 433 455 454 455 455 455 455 455 455 455 455 455 455 455 455 455 455 455 455 156 414 96 146 0 157 176 176 176 176 176 176 176 176 176 176 176 176 176 176 176 176 176 176 19 405 95 145 0 433 455 454 455 455 455 455 455 455 455 455 455 455 455 455 455 455 455 455 156 413 102 159 0 161 180 180 180 180 180 180 180 180 180 180 180 180 180 180 180 180 180 180 19 416 196 346 0 39 45 45 45 45 45 45 45 45 45 45 45 45 45 45 45 45 45 45 27 417 197 347 0 40 46 46 46 46 46 46 46 46 46 46 46 46 46 46 46 46 46 46 28 308 149 263 0 323 343 342 343 343 343 343 343 343 343 343 343 343 343 343 343 343 343 343 319 309 148 262 0 322 342 341 342 342 342 342 342 342 342 342 342 342 342 342 342 342 342 342 318 308 149 263 0 323 343 342 343 343 343 343 343 343 343 343 343 343 343 343 343 343 343 343 319 417 197 347 0 40 46 46 46 46 46 46 46 46 46 46 46 46 46 46 46 46 46 46 28 417 197 347 0 40 46 46 46 46 46 46 46 46 46 46 46 46 46 46 46 46 46 46 28 418 198 348 0 42 48 48 48 48 48 48 48 48 48 48 48 48 48 48 48 48 48 48 30 309 148 262 0 322 342 341 342 342 342 342 342 342 342 342 342 342 342 342 342 342 342 342 318 310 199 349 0 434 456 455 456 456 456 456 456 456 456 456 456 456 456 456 456 456 456 456 418 309 148 262 0 322 342 341 342 342 342 342 342 342 342 342 342 342 342 342 342 342 342 342 318 418 198 348 0 42 48 48 48 48 48 48 48 48 48 48 48 48 48 48 48 48 48 48 30 337 87 137 0 140 159 159 159 159 159 159 159 159 159 159 159 159 159 159 159 159 159 159 141 338 89 139 0 142 161 161 161 161 161 161 161 161 161 161 161 161 161 161 161 161 161 161 143 428 114 168 0 56 62 62 62 62 62 62 62 62 62 62 62 62 62 62 62 62 62 62 44 434 167 283 0 54 60 60 60 60 60 60 60 60 60 60 60 60 60 60 60 60 60 60 42 428 114 168 0 56 62 62 62 62 62 62 62 62 62 62 62 62 62 62 62 62 62 62 44 338 89 139 0 142 161 161 161 161 161 161 161 161 161 161 161 161 161 161 161 161 161 161 143 492 50 350 0 435 457 456 457 457 457 457 457 457 457 457 457 457 457 457 457 457 457 457 419 442 200 224 0 436 458 457 458 458 458 458 458 458 458 458 458 458 458 458 458 458 458 458 420 493 52 172 0 169 188 188 188 188 188 188 188 188 188 188 188 188 188 188 188 188 188 188 164 443 118 173 0 170 189 189 189 189 189 189 189 189 189 189 189 189 189 189 189 189 189 189 165 493 52 172 0 169 188 188 188 188 188 188 188 188 188 188 188 188 188 188 188 188 188 188 164 442 200 224 0 436 458 457 458 458 458 458 458 458 458 458 458 458 458 458 458 458 458 458 420 496 55 351 0 437 459 458 459 459 459 459 459 459 459 459 459 459 459 459 459 459 459 459 421 446 201 222 0 438 460 459 460 460 460 460 460 460 460 460 460 460 460 460 460 460 460 460 422 497 56 175 0 173 192 192 192 192 192 192 192 192 192 192 192 192 192 192 192 192 192 192 168 447 120 176 0 174 193 193 193 193 193 193 193 193 193 193 193 193 193 193 193 193 193 193 169 497 56 175 0 173 192 192 192 192 192 192 192 192 192 192 192 192 192 192 192 192 192 192 168 446 201 222 0 438 460 459 460 460 460 460 460 460 460 460 460 460 460 460 460 460 460 460 422 500 48 352 0 439 461 460 461 461 461 461 461 461 461 461 461 461 461 461 461 461 461 461 423 454 48 73 0 341 361 360 361 361 361 361 361 361 361 361 361 361 361 361 361 361 361 361 331 501 49 178 0 177 196 196 196 196 196 196 196 196 196 196 196 196 196 196 196 196 196 196 172 457 49 75 0 178 197 197 197 197 197 197 197 197 197 197 197 197 197 197 197 197 197 197 173 501 49 178 0 177 196 196 196 196 196 196 196 196 196 196 196 196 196 196 196 196 196 196 172 454 48 73 0 341 361 360 361 361 361 361 361 361 361 361 361 361 361 361 361 361 361 361 331 504 53 353 0 440 462 461 462 462 462 462 462 462 462 462 462 462 462 462 462 462 462 462 424 466 53 86 0 343 363 362 363 363 363 363 363 363 363 363 363 363 363 363 363 363 363 363 333 505 54 181 0 181 200 200 200 200 200 200 200 200 200 200 200 200 200 200 200 200 200 200 176 469 54 88 0 182 201 201 201 201 201 201 201 201 201 201 201 201 201 201 201 201 201 201 177 505 54 181 0 181 200 200 200 200 200 200 200 200 200 200 200 200 200 200 200 200 200 200 176 466 53 86 0 343 363 362 363 363 363 363 363 363 363 363 363 363 363 363 363 363 363 363 333 508 57 354 0 441 463 462 463 463 463 463 463 463 463 463 463 463 463 463 463 463 463 463 425 478 58 101 0 345 365 364 365 365 365 365 365 365 365 365 365 365 365 365 365 365 365 365 335 499 115 355 0 442 464 463 464 464 464 464 464 464 464 464 464 464 464 464 464 464 464 464 426 453 47 103 0 340 360 359 360 360 360 360 360 360 360 360 360 360 360 360 360 360 360 360 330 499 115 355 0 442 464 463 464 464 464 464 464 464 464 464 464 464 464 464 464 464 464 464 426 478 58 101 0 345 365 364 365 365 365 365 365 365 365 365 365 365 365 365 365 365 365 365 335 512 50 356 0 443 465 464 465 465 465 465 465 465 465 465 465 465 465 465 465 465 465 465 427 459 50 81 0 347 367 366 367 367 367 367 367 367 367 367 367 367 367 367 367 367 367 367 337 513 52 186 0 189 208 208 208 208 208 208 208 208 208 208 208 208 208 208 208 208 208 208 184 462 52 83 0 190 209 209 209 209 209 209 209 209 209 209 209 209 209 209 209 209 209 209 185 513 52 186 0 189 208 208 208 208 208 208 208 208 208 208 208 208 208 208 208 208 208 208 184 459 50 81 0 347 367 366 367 367 367 367 367 367 367 367 367 367 367 367 367 367 367 367 337 516 55 357 0 444 466 465 466 466 466 466 466 466 466 466 466 466 466 466 466 466 466 466 428 471 55 96 0 349 369 368 369 369 369 369 369 369 369 369 369 369 369 369 369 369 369 369 339 517 56 188 0 193 212 212 212 212 212 212 212 212 212 212 212 212 212 212 212 212 212 212 188 474 56 98 0 194 213 213 213 213 213 213 213 213 213 213 213 213 213 213 213 213 213 213 189 517 56 188 0 193 212 212 212 212 212 212 212 212 212 212 212 212 212 212 212 212 212 212 188 471 55 96 0 349 369 368 369 369 369 369 369 369 369 369 369 369 369 369 369 369 369 369 339 521 49 192 0 199 218 218 218 218 218 218 218 218 218 218 218 218 218 218 218 218 218 218 194 481 49 193 0 200 219 219 219 219 219 219 219 219 219 219 219 219 219 219 219 219 219 219 195 519 48 358 0 445 467 466 467 467 467 467 467 467 467 467 467 467 467 467 467 467 467 467 429 480 48 310 0 208 227 227 227 227 227 227 227 227 227 227 227 227 227 227 227 227 227 227 203 519 48 358 0 445 467 466 467 467 467 467 467 467 467 467 467 467 467 467 467 467 467 467 429 481 49 193 0 200 219 219 219 219 219 219 219 219 219 219 219 219 219 219 219 219 219 219 195 525 122 195 0 203 222 222 222 222 222 222 222 222 222 222 222 222 222 222 222 222 222 222 198 485 54 94 0 204 223 223 223 223 223 223 223 223 223 223 223 223 223 223 223 223 223 223 199 524 53 359 0 446 468 467 468 468 468 468 468 468 468 468 468 468 468 468 468 468 468 468 430 484 53 360 0 212 231 231 231 231 231 231 231 231 231 231 231 231 231 231 231 231 231 231 207 524 53 359 0 446 468 467 468 468 468 468 468 468 468 468 468 468 468 468 468 468 468 468 430 485 54 94 0 204 223 223 223 223 223 223 223 223 223 223 223 223 223 223 223 223 223 223 199 520 115 361 0 447 469 468 469 469 469 469 469 469 469 469 469 469 469 469 469 469 469 469 431 479 60 362 0 206 225 225 225 225 225 225 225 225 225 225 225 225 225 225 225 225 225 225 201 528 58 363 0 448 470 469 470 470 470 470 470 470 470 470 470 470 470 470 470 470 470 470 432 488 58 314 0 216 235 235 235 235 235 235 235 235 235 235 235 235 235 235 235 235 235 235 211 528 58 363 0 448 470 469 470 470 470 470 470 470 470 470 470 470 470 470 470 470 470 470 432 479 60 362 0 206 225 225 225 225 225 225 225 225 225 225 225 225 225 225 225 225 225 225 201 532 50 350 0 449 471 470 471 471 471 471 471 471 471 471 471 471 471 471 471 471 471 471 433 482 50 224 0 198 217 217 217 217 217 217 217 217 217 217 217 217 217 217 217 217 217 217 193 533 52 172 0 209 228 228 228 228 228 228 228 228 228 228 228 228 228 228 228 228 228 228 204 483 52 173 0 210 229 229 229 229 229 229 229 229 229 229 229 229 229 229 229 229 229 229 205 533 52 172 0 209 228 228 228 228 228 228 228 228 228 228 228 228 228 228 228 228 228 228 204 482 50 224 0 198 217 217 217 217 217 217 217 217 217 217 217 217 217 217 217 217 217 217 193 536 55 351 0 450 472 471 472 472 472 472 472 472 472 472 472 472 472 472 472 472 472 472 434 486 55 222 0 202 221 221 221 221 221 221 221 221 221 221 221 221 221 221 221 221 221 221 197 537 56 175 0 213 232 232 232 232 232 232 232 232 232 232 232 232 232 232 232 232 232 232 208 487 56 176 0 214 233 233 233 233 233 233 233 233 233 233 233 233 233 233 233 233 233 233 209 537 56 175 0 213 232 232 232 232 232 232 232 232 232 232 232 232 232 232 232 232 232 232 208 486 55 222 0 202 221 221 221 221 221 221 221 221 221 221 221 221 221 221 221 221 221 221 197 540 48 352 0 451 473 472 473 473 473 473 473 473 473 473 473 473 473 473 473 473 473 473 435 94 48 73 0 361 381 380 381 381 381 381 381 381 381 381 381 381 381 381 381 381 381 381 351 541 49 178 0 217 236 236 236 236 236 236 236 236 236 236 236 236 236 236 236 236 236 236 212 110 49 75 0 218 237 237 237 237 237 237 237 237 237 237 237 237 237 237 237 237 237 237 213 541 49 178 0 217 236 236 236 236 236 236 236 236 236 236 236 236 236 236 236 236 236 236 212 94 48 73 0 361 381 380 381 381 381 381 381 381 381 381 381 381 381 381 381 381 381 381 351 544 53 353 0 452 474 473 474 474 474 474 474 474 474 474 474 474 474 474 474 474 474 474 436 158 53 86 0 363 383 382 383 383 383 383 383 383 383 383 383 383 383 383 383 383 383 383 353 545 54 181 0 221 240 240 240 240 240 240 240 240 240 240 240 240 240 240 240 240 240 240 216 174 54 88 0 222 241 241 241 241 241 241 241 241 241 241 241 241 241 241 241 241 241 241 217 545 54 181 0 221 240 240 240 240 240 240 240 240 240 240 240 240 240 240 240 240 240 240 216 158 53 86 0 363 383 382 383 383 383 383 383 383 383 383 383 383 383 383 383 383 383 383 353 548 57 354 0 453 475 474 475 475 475 475 475 475 475 475 475 475 475 475 475 475 475 475 437 222 58 101 0 365 385 384 385 385 385 385 385 385 385 385 385 385 385 385 385 385 385 385 355 539 115 355 0 454 476 475 476 476 476 476 476 476 476 476 476 476 476 476 476 476 476 476 438 93 47 103 0 360 380 379 380 380 380 380 380 380 380 380 380 380 380 380 380 380 380 380 350 539 115 355 0 454 476 475 476 476 476 476 476 476 476 476 476 476 476 476 476 476 476 476 438 222 58 101 0 365 385 384 385 385 385 385 385 385 385 385 385 385 385 385 385 385 385 385 355 552 59 364 0 455 477 476 477 477 477 477 477 477 477 477 477 477 477 477 477 477 477 477 439 288 59 365 0 456 478 477 478 478 478 478 478 478 478 478 478 478 478 478 478 478 478 478 440 553 125 200 0 229 248 248 248 248 248 248 248 248 248 248 248 248 248 248 248 248 248 248 224 292 125 201 0 230 249 249 249 249 249 249 249 249 249 249 249 249 249 249 249 249 249 249 225 553 125 200 0 229 248 248 248 248 248 248 248 248 248 248 248 248 248 248 248 248 248 248 224 288 59 365 0 456 478 477 478 478 478 478 478 478 478 478 478 478 478 478 478 478 478 478 440 556 124 366 0 457 479 478 479 479 479 479 479 479 479 479 479 479 479 479 479 479 479 479 441 278 124 287 0 370 390 389 390 390 390 390 390 390 390 390 390 390 390 390 390 390 390 390 360 557 127 204 0 233 252 252 252 252 252 252 252 252 252 252 252 252 252 252 252 252 252 252 228 283 127 205 0 234 253 253 253 253 253 253 253 253 253 253 253 253 253 253 253 253 253 253 229 557 127 204 0 233 252 252 252 252 252 252 252 252 252 252 252 252 252 252 252 252 252 252 228 278 124 287 0 370 390 389 390 390 390 390 390 390 390 390 390 390 390 390 390 390 390 390 360 560 126 367 0 458 480 479 480 480 480 480 480 480 480 480 480 480 480 480 480 480 480 480 442 295 126 289 0 372 392 391 392 392 392 392 392 392 392 392 392 392 392 392 392 392 392 392 362 555 123 368 0 459 481 480 481 481 481 481 481 481 481 481 481 481 481 481 481 481 481 481 443 277 123 286 0 369 389 388 389 389 389 389 389 389 389 389 389 389 389 389 389 389 389 389 359 555 123 368 0 459 481 480 481 481 481 481 481 481 481 481 481 481 481 481 481 481 481 481 443 295 126 289 0 372 392 391 392 392 392 392 392 392 392 392 392 392 392 392 392 392 392 392 362 564 59 369 0 460 482 481 482 482 482 482 482 482 482 482 482 482 482 482 482 482 482 482 444 286 59 370 0 374 394 393 394 394 394 394 394 394 394 394 394 394 394 394 394 394 394 394 364 565 125 212 0 241 260 260 260 260 260 260 260 260 260 260 260 260 260 260 260 260 260 260 236 290 125 213 0 242 261 261 261 261 261 261 261 261 261 261 261 261 261 261 261 261 261 261 237 565 125 212 0 241 260 260 260 260 260 260 260 260 260 260 260 260 260 260 260 260 260 260 236 286 59 370 0 374 394 393 394 394 394 394 394 394 394 394 394 394 394 394 394 394 394 394 364 568 124 371 0 461 483 482 483 483 483 483 483 483 483 483 483 483 483 483 483 483 483 483 445 274 124 293 0 376 396 395 396 396 396 396 396 396 396 396 396 396 396 396 396 396 396 396 366 569 127 216 0 245 264 264 264 264 264 264 264 264 264 264 264 264 264 264 264 264 264 264 240 281 127 217 0 246 265 265 265 265 265 265 265 265 265 265 265 265 265 265 265 265 265 265 241 569 127 216 0 245 264 264 264 264 264 264 264 264 264 264 264 264 264 264 264 264 264 264 240 274 124 293 0 376 396 395 396 396 396 396 396 396 396 396 396 396 396 396 396 396 396 396 366 572 126 372 0 462 484 483 484 484 484 484 484 484 484 484 484 484 484 484 484 484 484 484 446 293 126 295 0 378 398 397 398 398 398 398 398 398 398 398 398 398 398 398 398 398 398 398 368 567 123 373 0 463 485 484 485 485 485 485 485 485 485 485 485 485 485 485 485 485 485 485 447 273 123 292 0 375 395 394 395 395 395 395 395 395 395 395 395 395 395 395 395 395 395 395 365 567 123 373 0 463 485 484 485 485 485 485 485 485 485 485 485 485 485 485 485 485 485 485 447 293 126 295 0 378 398 397 398 398 398 398 398 398 398 398 398 398 398 398 398 398 398 398 368 578 57 374 0 464 486 485 486 486 486 486 486 486 486 486 486 486 486 486 486 486 486 486 448 207 57 102 0 465 487 486 487 487 487 487 487 487 487 487 487 487 487 487 487 487 487 487 449 576 115 375 0 466 488 487 488 488 488 488 488 488 488 488 488 488 488 488 488 488 488 488 450 63 115 104 0 467 489 488 489 489 489 489 489 489 489 489 489 489 489 489 489 489 489 489 451 576 115 375 0 466 488 487 488 488 488 488 488 488 488 488 488 488 488 488 488 488 488 488 450 207 57 102 0 465 487 486 487 487 487 487 487 487 487 487 487 487 487 487 487 487 487 487 449 582 49 376 0 468 490 489 490 490 490 490 490 490 490 490 490 490 490 490 490 490 490 490 452 95 49 76 0 386 406 405 406 406 406 406 406 406 406 406 406 406 406 406 406 406 406 406 376 579 50 223 0 253 272 272 272 272 272 272 272 272 272 272 272 272 272 272 272 272 272 272 248 111 50 224 0 254 273 273 273 273 273 273 273 273 273 273 273 273 273 273 273 273 273 273 249 579 50 223 0 253 272 272 272 272 272 272 272 272 272 272 272 272 272 272 272 272 272 272 248 95 49 76 0 386 406 405 406 406 406 406 406 406 406 406 406 406 406 406 406 406 406 406 376 584 48 377 0 469 491 490 491 491 491 491 491 491 491 491 491 491 491 491 491 491 491 491 453 66 48 239 0 388 408 407 408 408 408 408 408 408 408 408 408 408 408 408 408 408 408 408 378 585 49 227 0 259 278 278 278 278 278 278 278 278 278 278 278 278 278 278 278 278 278 278 254 96 49 78 0 260 279 279 279 279 279 279 279 279 279 279 279 279 279 279 279 279 279 279 255 585 49 227 0 259 278 278 278 278 278 278 278 278 278 278 278 278 278 278 278 278 278 278 254 66 48 239 0 388 408 407 408 408 408 408 408 408 408 408 408 408 408 408 408 408 408 408 378 588 53 378 0 470 492 491 492 492 492 492 492 492 492 492 492 492 492 492 492 492 492 492 454 144 53 243 0 390 410 409 410 410 410 410 410 410 410 410 410 410 410 410 410 410 410 410 380 589 54 229 0 263 282 282 282 282 282 282 282 282 282 282 282 282 282 282 282 282 282 282 258 160 54 91 0 264 283 283 283 283 283 283 283 283 283 283 283 283 283 283 283 283 283 283 259 589 54 229 0 263 282 282 282 282 282 282 282 282 282 282 282 282 282 282 282 282 282 282 258 144 53 243 0 390 410 409 410 410 410 410 410 410 410 410 410 410 410 410 410 410 410 410 380 592 57 379 0 471 493 492 493 493 493 493 493 493 493 493 493 493 493 493 493 493 493 493 455 208 57 246 0 392 412 411 412 412 412 412 412 412 412 412 412 412 412 412 412 412 412 412 382 583 115 361 0 472 494 493 494 494 494 494 494 494 494 494 494 494 494 494 494 494 494 494 456 65 115 315 0 387 407 406 407 407 407 407 407 407 407 407 407 407 407 407 407 407 407 407 377 583 115 361 0 472 494 493 494 494 494 494 494 494 494 494 494 494 494 494 494 494 494 494 456 208 57 246 0 392 412 411 412 412 412 412 412 412 412 412 412 412 412 412 412 412 412 412 382 596 50 356 0 473 495 494 495 495 495 495 495 495 495 495 495 495 495 495 495 495 495 495 457 113 50 81 0 394 414 413 414 414 414 414 414 414 414 414 414 414 414 414 414 414 414 414 384 597 52 186 0 271 290 290 290 290 290 290 290 290 290 290 290 290 290 290 290 290 290 290 266 129 51 83 0 272 291 291 291 291 291 291 291 291 291 291 291 291 291 291 291 291 291 291 267 597 52 186 0 271 290 290 290 290 290 290 290 290 290 290 290 290 290 290 290 290 290 290 266 113 50 81 0 394 414 413 414 414 414 414 414 414 414 414 414 414 414 414 414 414 414 414 384 600 55 357 0 474 496 495 496 496 496 496 496 496 496 496 496 496 496 496 496 496 496 496 458 177 55 96 0 396 416 415 416 416 416 416 416 416 416 416 416 416 416 416 416 416 416 416 386 601 56 188 0 275 294 294 294 294 294 294 294 294 294 294 294 294 294 294 294 294 294 294 270 193 56 98 0 276 295 295 295 295 295 295 295 295 295 295 295 295 295 295 295 295 295 295 271 601 56 188 0 275 294 294 294 294 294 294 294 294 294 294 294 294 294 294 294 294 294 294 270 177 55 96 0 396 416 415 416 416 416 416 416 416 416 416 416 416 416 416 416 416 416 416 386 604 48 352 0 475 497 496 497 497 497 497 497 497 497 497 497 497 497 497 497 497 497 497 459 70 48 73 0 68 81 81 81 81 81 81 81 81 81 81 81 81 81 81 81 81 81 81 63 605 49 178 0 279 298 298 298 298 298 298 298 298 298 298 298 298 298 298 298 298 298 298 274 98 49 75 0 70 83 83 83 83 83 83 83 83 83 83 83 83 83 83 83 83 83 83 65 605 49 178 0 279 298 298 298 298 298 298 298 298 298 298 298 298 298 298 298 298 298 298 274 70 48 73 0 68 81 81 81 81 81 81 81 81 81 81 81 81 81 81 81 81 81 81 63 608 123 353 0 476 498 497 498 498 498 498 498 498 498 498 498 498 498 498 498 498 498 498 460 146 123 86 0 477 499 498 499 499 499 499 499 499 499 499 499 499 499 499 499 499 499 499 461 609 131 181 0 282 301 301 301 301 301 301 301 301 301 301 301 301 301 301 301 301 301 301 277 162 131 88 0 283 302 302 302 302 302 302 302 302 302 302 302 302 302 302 302 302 302 302 278 609 131 181 0 282 301 301 301 301 301 301 301 301 301 301 301 301 301 301 301 301 301 301 277 146 123 86 0 477 499 498 499 499 499 499 499 499 499 499 499 499 499 499 499 499 499 499 461 612 58 354 0 478 500 499 500 500 500 500 500 500 500 500 500 500 500 500 500 500 500 500 462 210 58 101 0 112 125 125 125 125 125 125 125 125 125 125 125 125 125 125 125 125 125 125 107 603 59 355 0 479 501 500 501 501 501 501 501 501 501 501 501 501 501 501 501 501 501 501 463 69 59 103 0 114 127 127 127 127 127 127 127 127 127 127 127 127 127 127 127 127 127 127 109 603 59 355 0 479 501 500 501 501 501 501 501 501 501 501 501 501 501 501 501 501 501 501 463 210 58 101 0 112 125 125 125 125 125 125 125 125 125 125 125 125 125 125 125 125 125 125 107 34 172 303 0 61 67 67 67 67 67 67 67 67 67 67 67 67 67 67 67 67 67 67 49 35 41 64 0 61 69 69 69 69 69 69 69 69 69 69 69 69 69 69 69 69 69 69 51 21 68 112 0 62 68 68 68 68 68 68 68 68 68 68 68 68 68 68 68 68 68 68 50 22 42 65 0 62 70 70 70 70 70 70 70 70 70 70 70 70 70 70 70 70 70 70 52 21 68 112 0 62 68 68 68 68 68 68 68 68 68 68 68 68 68 68 68 68 68 68 50 35 41 64 0 61 69 69 69 69 69 69 69 69 69 69 69 69 69 69 69 69 69 69 51 38 46 69 0 61 76 76 76 76 76 76 76 76 76 76 76 76 76 76 76 76 76 76 58 39 44 67 0 61 74 74 74 74 74 74 74 74 74 74 74 74 74 74 74 74 74 74 56 25 173 304 0 62 417 416 417 417 417 417 417 417 417 417 417 417 417 417 417 417 417 417 387 26 70 114 0 62 68 68 68 68 68 68 68 68 68 68 68 68 68 68 68 68 68 68 50 25 173 304 0 62 417 416 417 417 417 417 417 417 417 417 417 417 417 417 417 417 417 417 387 39 44 67 0 61 74 74 74 74 74 74 74 74 74 74 74 74 74 74 74 74 74 74 56 42 174 305 0 63 418 417 418 418 418 418 418 418 418 418 418 418 418 418 418 418 418 418 388 43 202 380 0 63 418 417 418 418 418 418 418 418 418 418 418 418 418 418 418 418 418 418 388 29 175 306 0 61 71 71 71 71 71 71 71 71 71 71 71 71 71 71 71 71 71 71 53 30 203 381 0 61 71 71 71 71 71 71 71 71 71 71 71 71 71 71 71 71 71 71 53 29 175 306 0 61 71 71 71 71 71 71 71 71 71 71 71 71 71 71 71 71 71 71 53 43 202 380 0 63 418 417 418 418 418 418 418 418 418 418 418 418 418 418 418 418 418 418 388 69 59 71 0 114 127 127 127 127 127 127 127 127 127 127 127 127 127 127 127 127 127 127 109 71 47 170 0 115 128 128 128 128 128 128 128 128 128 128 128 128 128 128 128 128 128 128 110 70 48 73 0 68 81 81 81 81 81 81 81 81 81 81 81 81 81 81 81 81 81 81 63 72 48 74 0 69 82 82 82 82 82 82 82 82 82 82 82 82 82 82 82 82 82 82 64 70 48 73 0 68 81 81 81 81 81 81 81 81 81 81 81 81 81 81 81 81 81 81 63 71 47 170 0 115 128 128 128 128 128 128 128 128 128 128 128 128 128 128 128 128 128 128 110 85 47 71 0 118 131 131 131 131 131 131 131 131 131 131 131 131 131 131 131 131 131 131 113 87 60 170 0 119 132 132 132 132 132 132 132 132 132 132 132 132 132 132 132 132 132 132 114 86 48 73 0 72 85 85 85 85 85 85 85 85 85 85 85 85 85 85 85 85 85 85 67 88 48 74 0 73 86 86 86 86 86 86 86 86 86 86 86 86 86 86 86 86 86 86 68 86 48 73 0 72 85 85 85 85 85 85 85 85 85 85 85 85 85 85 85 85 85 85 67 87 60 170 0 119 132 132 132 132 132 132 132 132 132 132 132 132 132 132 132 132 132 132 114 80 48 308 0 480 502 501 502 502 502 502 502 502 502 502 502 502 502 502 502 502 502 502 464 82 48 239 0 397 419 418 419 419 419 419 419 419 419 419 419 419 419 419 419 419 419 419 389 103 49 77 0 76 89 89 89 89 89 89 89 89 89 89 89 89 89 89 89 89 89 89 71 104 49 78 0 77 90 90 90 90 90 90 90 90 90 90 90 90 90 90 90 90 90 90 72 103 49 77 0 76 89 89 89 89 89 89 89 89 89 89 89 89 89 89 89 89 89 89 71 82 48 239 0 397 419 418 419 419 419 419 419 419 419 419 419 419 419 419 419 419 419 419 389 100 49 78 0 481 503 502 503 503 503 503 503 503 503 503 503 503 503 503 503 503 503 503 465 101 49 240 0 398 420 419 420 420 420 420 420 420 420 420 420 420 420 420 420 420 420 420 390 116 50 80 0 80 93 93 93 93 93 93 93 93 93 93 93 93 93 93 93 93 93 93 75 117 50 81 0 81 94 94 94 94 94 94 94 94 94 94 94 94 94 94 94 94 94 94 76 116 50 80 0 80 93 93 93 93 93 93 93 93 93 93 93 93 93 93 93 93 93 93 75 101 49 240 0 398 420 419 420 420 420 420 420 420 420 420 420 420 420 420 420 420 420 420 390 108 49 78 0 482 504 503 504 504 504 504 504 504 504 504 504 504 504 504 504 504 504 504 466 109 49 240 0 366 386 385 386 386 386 386 386 386 386 386 386 386 386 386 386 386 386 386 356 124 50 80 0 84 97 97 97 97 97 97 97 97 97 97 97 97 97 97 97 97 97 97 79 125 50 81 0 85 98 98 98 98 98 98 98 98 98 98 98 98 98 98 98 98 98 98 80 124 50 80 0 84 97 97 97 97 97 97 97 97 97 97 97 97 97 97 97 97 97 97 79 109 49 240 0 366 386 385 386 386 386 386 386 386 386 386 386 386 386 386 386 386 386 386 356 121 50 81 0 483 505 504 505 505 505 505 505 505 505 505 505 505 505 505 505 505 505 505 467 122 50 180 0 400 422 421 422 422 422 422 422 422 422 422 422 422 422 422 422 422 422 422 392 137 52 83 0 88 101 101 101 101 101 101 101 101 101 101 101 101 101 101 101 101 101 101 83 138 52 84 0 89 102 102 102 102 102 102 102 102 102 102 102 102 102 102 102 102 102 102 84 137 52 83 0 88 101 101 101 101 101 101 101 101 101 101 101 101 101 101 101 101 101 101 83 122 50 180 0 400 422 421 422 422 422 422 422 422 422 422 422 422 422 422 422 422 422 422 392 134 52 84 0 484 506 505 506 506 506 506 506 506 506 506 506 506 506 506 506 506 506 506 468 135 52 173 0 401 423 422 423 423 423 423 423 423 423 423 423 423 423 423 423 423 423 423 393 150 53 86 0 92 105 105 105 105 105 105 105 105 105 105 105 105 105 105 105 105 105 105 87 151 53 87 0 93 106 106 106 106 106 106 106 106 106 106 106 106 106 106 106 106 106 106 88 150 53 86 0 92 105 105 105 105 105 105 105 105 105 105 105 105 105 105 105 105 105 105 87 135 52 173 0 401 423 422 423 423 423 423 423 423 423 423 423 423 423 423 423 423 423 423 393 147 139 311 0 485 507 506 507 507 507 507 507 507 507 507 507 507 507 507 507 507 507 507 469 148 129 243 0 402 424 423 424 424 424 424 424 424 424 424 424 424 424 424 424 424 424 424 394 163 54 90 0 96 109 109 109 109 109 109 109 109 109 109 109 109 109 109 109 109 109 109 91 164 54 91 0 97 110 110 110 110 110 110 110 110 110 110 110 110 110 110 110 110 110 110 92 163 54 90 0 96 109 109 109 109 109 109 109 109 109 109 109 109 109 109 109 109 109 109 91 148 129 243 0 402 424 423 424 424 424 424 424 424 424 424 424 424 424 424 424 424 424 424 394 155 53 360 0 486 508 507 508 508 508 508 508 508 508 508 508 508 508 508 508 508 508 508 470 156 53 243 0 403 425 424 425 425 425 425 425 425 425 425 425 425 425 425 425 425 425 425 395 171 54 94 0 100 113 113 113 113 113 113 113 113 113 113 113 113 113 113 113 113 113 113 95 172 54 91 0 101 114 114 114 114 114 114 114 114 114 114 114 114 114 114 114 114 114 114 96 171 54 94 0 100 113 113 113 113 113 113 113 113 113 113 113 113 113 113 113 113 113 113 95 156 53 243 0 403 425 424 425 425 425 425 425 425 425 425 425 425 425 425 425 425 425 425 395 168 54 91 0 487 509 508 509 509 509 509 509 509 509 509 509 509 509 509 509 509 509 509 471 169 54 244 0 405 427 426 427 427 427 427 427 427 427 427 427 427 427 427 427 427 427 427 397 184 55 93 0 104 117 117 117 117 117 117 117 117 117 117 117 117 117 117 117 117 117 117 99 185 55 96 0 105 118 118 118 118 118 118 118 118 118 118 118 118 118 118 118 118 118 118 100 184 55 93 0 104 117 117 117 117 117 117 117 117 117 117 117 117 117 117 117 117 117 117 99 169 54 244 0 405 427 426 427 427 427 427 427 427 427 427 427 427 427 427 427 427 427 427 397 181 55 96 0 488 510 509 510 510 510 510 510 510 510 510 510 510 510 510 510 510 510 510 472 182 55 183 0 406 428 427 428 428 428 428 428 428 428 428 428 428 428 428 428 428 428 428 398 197 56 98 0 108 121 121 121 121 121 121 121 121 121 121 121 121 121 121 121 121 121 121 103 198 56 99 0 109 122 122 122 122 122 122 122 122 122 122 122 122 122 122 122 122 122 122 104 197 56 98 0 108 121 121 121 121 121 121 121 121 121 121 121 121 121 121 121 121 121 121 103 182 55 183 0 406 428 427 428 428 428 428 428 428 428 428 428 428 428 428 428 428 428 428 398 194 56 99 0 489 511 510 511 511 511 511 511 511 511 511 511 511 511 511 511 511 511 511 473 195 56 176 0 407 429 428 429 429 429 429 429 429 429 429 429 429 429 429 429 429 429 429 399 210 58 101 0 112 125 125 125 125 125 125 125 125 125 125 125 125 125 125 125 125 125 125 107 211 58 102 0 113 126 126 126 126 126 126 126 126 126 126 126 126 126 126 126 126 126 126 108 210 58 101 0 112 125 125 125 125 125 125 125 125 125 125 125 125 125 125 125 125 125 125 107 195 56 176 0 407 429 428 429 429 429 429 429 429 429 429 429 429 429 429 429 429 429 429 399 202 56 99 0 490 512 511 512 512 512 512 512 512 512 512 512 512 512 512 512 512 512 512 474 203 56 176 0 408 430 429 430 430 430 430 430 430 430 430 430 430 430 430 430 430 430 430 400 218 58 101 0 116 129 129 129 129 129 129 129 129 129 129 129 129 129 129 129 129 129 129 111 219 58 102 0 117 130 130 130 130 130 130 130 130 130 130 130 130 130 130 130 130 130 130 112 218 58 101 0 116 129 129 129 129 129 129 129 129 129 129 129 129 129 129 129 129 129 129 111 203 56 176 0 408 430 429 430 430 430 430 430 430 430 430 430 430 430 430 430 430 430 430 400 215 58 312 0 491 513 512 513 513 513 513 513 513 513 513 513 513 513 513 513 513 513 513 475 216 58 246 0 409 431 430 431 431 431 431 431 431 431 431 431 431 431 431 431 431 431 431 401 79 60 362 0 492 514 513 514 514 514 514 514 514 514 514 514 514 514 514 514 514 514 514 476 81 47 315 0 410 432 431 432 432 432 432 432 432 432 432 432 432 432 432 432 432 432 432 402 79 60 362 0 492 514 513 514 514 514 514 514 514 514 514 514 514 514 514 514 514 514 514 476 216 58 246 0 409 431 430 431 431 431 431 431 431 431 431 431 431 431 431 431 431 431 431 401 235 204 382 0 120 133 133 133 133 133 133 133 133 133 133 133 133 133 133 133 133 133 133 115 232 176 317 0 120 134 134 134 134 134 134 134 134 134 134 134 134 134 134 134 134 134 134 116 12 3 3 0 1 2 2 2 2 2 2 2 2 2 2 2 2 2 2 2 2 2 2 2 13 2 2 0 0 1 1 1 1 1 1 1 1 1 1 1 1 1 1 1 1 1 1 1 12 3 3 0 1 2 2 2 2 2 2 2 2 2 2 2 2 2 2 2 2 2 2 2 232 176 317 0 120 134 134 134 134 134 134 134 134 134 134 134 134 134 134 134 134 134 134 116 246 205 383 0 120 134 134 134 134 134 134 134 134 134 134 134 134 134 134 134 134 134 134 116 247 177 318 0 120 137 137 137 137 137 137 137 137 137 137 137 137 137 137 137 137 137 137 119 6 12 12 0 1 6 6 6 6 6 6 6 6 6 6 6 6 6 6 6 6 6 6 6 7 13 13 0 0 7 7 7 7 7 7 7 7 7 7 7 7 7 7 7 7 7 7 7 6 12 12 0 1 6 6 6 6 6 6 6 6 6 6 6 6 6 6 6 6 6 6 6 247 177 318 0 120 137 137 137 137 137 137 137 137 137 137 137 137 137 137 137 137 137 137 119 231 206 384 0 120 515 514 515 515 515 515 515 515 515 515 515 515 515 515 515 515 515 515 477 17 207 385 0 62 516 515 516 516 516 516 516 516 516 516 516 516 516 516 516 516 516 516 478 245 178 319 0 120 135 135 135 135 135 135 135 135 135 135 135 135 135 135 135 135 135 135 117 18 38 61 0 62 70 70 70 70 70 70 70 70 70 70 70 70 70 70 70 70 70 70 52 245 178 319 0 120 135 135 135 135 135 135 135 135 135 135 135 135 135 135 135 135 135 135 117 17 207 385 0 62 516 515 516 516 516 516 516 516 516 516 516 516 516 516 516 516 516 516 478 235 208 386 0 120 133 133 133 133 133 133 133 133 133 133 133 133 133 133 133 133 133 133 115 25 173 304 0 62 417 416 417 417 417 417 417 417 417 417 417 417 417 417 417 417 417 417 387 232 179 320 0 120 134 134 134 134 134 134 134 134 134 134 134 134 134 134 134 134 134 134 116 26 70 114 0 62 68 68 68 68 68 68 68 68 68 68 68 68 68 68 68 68 68 68 50 232 179 320 0 120 134 134 134 134 134 134 134 134 134 134 134 134 134 134 134 134 134 134 116 25 173 304 0 62 417 416 417 417 417 417 417 417 417 417 417 417 417 417 417 417 417 417 387 58 181 322 0 411 433 432 433 433 433 433 433 433 433 433 433 433 433 433 433 433 433 433 403 256 78 323 0 127 146 146 146 146 146 146 146 146 146 146 146 146 146 146 146 146 146 146 128 57 183 325 0 413 435 434 435 435 435 435 435 435 435 435 435 435 435 435 435 435 435 435 405 255 77 327 0 126 145 145 145 145 145 145 145 145 145 145 145 145 145 145 145 145 145 145 127 57 183 325 0 413 435 434 435 435 435 435 435 435 435 435 435 435 435 435 435 435 435 435 405 256 78 323 0 127 146 146 146 146 146 146 146 146 146 146 146 146 146 146 146 146 146 146 128 55 80 387 0 130 149 149 149 149 149 149 149 149 149 149 149 149 149 149 149 149 149 149 131 56 182 324 0 412 434 433 434 434 434 434 434 434 434 434 434 434 434 434 434 434 434 434 404 253 184 388 0 414 436 435 436 436 436 436 436 436 436 436 436 436 436 436 436 436 436 436 406 254 145 326 0 318 338 337 338 338 338 338 338 338 338 338 338 338 338 338 338 338 338 338 314 253 184 388 0 414 436 435 436 436 436 436 436 436 436 436 436 436 436 436 436 436 436 436 406 56 182 324 0 412 434 433 434 434 434 434 434 434 434 434 434 434 434 434 434 434 434 434 404 237 24 389 0 12 18 18 18 18 18 18 18 18 18 18 18 18 18 18 18 18 18 18 18 252 209 390 0 493 517 516 517 517 517 517 517 517 517 517 517 517 517 517 517 517 517 517 479 238 14 328 0 2 8 8 8 8 8 8 8 8 8 8 8 8 8 8 8 8 8 8 8 253 184 329 0 414 436 435 436 436 436 436 436 436 436 436 436 436 436 436 436 436 436 436 406 238 14 328 0 2 8 8 8 8 8 8 8 8 8 8 8 8 8 8 8 8 8 8 8 252 209 390 0 493 517 516 517 517 517 517 517 517 517 517 517 517 517 517 517 517 517 517 479 292 125 201 0 230 249 249 249 249 249 249 249 249 249 249 249 249 249 249 249 249 249 249 225 265 210 391 0 494 518 517 518 518 518 518 518 518 518 518 518 518 518 518 518 518 518 518 480 296 126 203 0 232 251 251 251 251 251 251 251 251 251 251 251 251 251 251 251 251 251 251 227 266 185 330 0 415 437 436 437 437 437 437 437 437 437 437 437 437 437 437 437 437 437 437 407 296 126 203 0 232 251 251 251 251 251 251 251 251 251 251 251 251 251 251 251 251 251 251 227 265 210 391 0 494 518 517 518 518 518 518 518 518 518 518 518 518 518 518 518 518 518 518 480 59 144 88 0 317 337 336 337 337 337 337 337 337 337 337 337 337 337 337 337 337 337 337 313 303 54 298 0 381 401 400 401 401 401 401 401 401 401 401 401 401 401 401 401 401 401 401 371 60 72 183 0 121 140 140 140 140 140 140 140 140 140 140 140 140 140 140 140 140 140 140 122 304 55 299 0 382 402 401 402 402 402 402 402 402 402 402 402 402 402 402 402 402 402 402 372 60 72 183 0 121 140 140 140 140 140 140 140 140 140 140 140 140 140 140 140 140 140 140 122 303 54 298 0 381 401 400 401 401 401 401 401 401 401 401 401 401 401 401 401 401 401 401 371 327 211 392 0 495 519 518 519 519 519 519 519 519 519 519 519 519 519 519 519 519 519 519 481 315 109 163 0 163 182 182 182 182 182 182 182 182 182 182 182 182 182 182 182 182 182 182 158 328 212 393 0 496 520 519 520 520 520 520 520 520 520 520 520 520 520 520 520 520 520 520 482 316 213 394 0 497 521 520 521 521 521 521 521 521 521 521 521 521 521 521 521 521 521 521 483 328 212 393 0 496 520 519 520 520 520 520 520 520 520 520 520 520 520 520 520 520 520 520 482 315 109 163 0 163 182 182 182 182 182 182 182 182 182 182 182 182 182 182 182 182 182 182 158 328 212 393 0 496 520 519 520 520 520 520 520 520 520 520 520 520 520 520 520 520 520 520 482 329 187 332 0 417 439 438 439 439 439 439 439 439 439 439 439 439 439 439 439 439 439 439 409 340 168 284 0 339 359 358 359 359 359 359 359 359 359 359 359 359 359 359 359 359 359 359 329 341 193 338 0 423 445 444 445 445 445 445 445 445 445 445 445 445 445 445 445 445 445 445 415 340 168 284 0 339 359 358 359 359 359 359 359 359 359 359 359 359 359 359 359 359 359 359 329 329 187 332 0 417 439 438 439 439 439 439 439 439 439 439 439 439 439 439 439 439 439 439 409 326 90 140 0 143 162 162 162 162 162 162 162 162 162 162 162 162 162 162 162 162 162 162 144 327 211 392 0 495 519 518 519 519 519 519 519 519 519 519 519 519 519 519 519 519 519 519 481 338 89 139 0 142 161 161 161 161 161 161 161 161 161 161 161 161 161 161 161 161 161 161 143 339 165 281 0 338 358 357 358 358 358 358 358 358 358 358 358 358 358 358 358 358 358 358 328 338 89 139 0 142 161 161 161 161 161 161 161 161 161 161 161 161 161 161 161 161 161 161 143 327 211 392 0 495 519 518 519 519 519 519 519 519 519 519 519 519 519 519 519 519 519 519 481 363 160 274 0 427 449 448 449 449 449 449 449 449 449 449 449 449 449 449 449 449 449 449 19 362 195 340 0 425 447 446 447 447 447 447 447 447 447 447 447 447 447 447 447 447 447 447 19 347 32 32 0 20 26 26 26 26 26 26 26 26 26 26 26 26 26 26 26 26 26 26 20 346 30 30 0 18 24 24 24 24 24 24 24 24 24 24 24 24 24 24 24 24 24 24 20 347 32 32 0 20 26 26 26 26 26 26 26 26 26 26 26 26 26 26 26 26 26 26 20 362 195 340 0 425 447 446 447 447 447 447 447 447 447 447 447 447 447 447 447 447 447 447 19 352 154 268 0 328 348 347 348 348 348 348 348 348 348 348 348 348 348 348 348 348 348 348 323 360 155 269 0 146 165 165 165 165 165 165 165 165 165 165 165 165 165 165 165 165 165 165 147 358 161 395 0 498 522 521 522 522 522 522 522 522 522 522 522 522 522 522 522 522 522 522 484 361 162 396 0 327 347 346 347 347 347 347 347 347 347 347 347 347 347 347 347 347 347 347 19 358 161 395 0 498 522 521 522 522 522 522 522 522 522 522 522 522 522 522 522 522 522 522 484 360 155 269 0 146 165 165 165 165 165 165 165 165 165 165 165 165 165 165 165 165 165 165 147 385 153 267 0 499 523 522 523 523 523 523 523 523 523 523 523 523 523 523 523 523 523 523 19 384 93 143 0 430 452 451 452 452 452 452 452 452 452 452 452 452 452 452 452 452 452 452 19 369 28 28 0 24 30 30 30 30 30 30 30 30 30 30 30 30 30 30 30 30 30 30 20 368 27 27 0 23 29 29 29 29 29 29 29 29 29 29 29 29 29 29 29 29 29 29 20 369 28 28 0 24 30 30 30 30 30 30 30 30 30 30 30 30 30 30 30 30 30 30 20 384 93 143 0 430 452 451 452 452 452 452 452 452 452 452 452 452 452 452 452 452 452 452 19 375 97 344 0 432 454 453 454 454 454 454 454 454 454 454 454 454 454 454 454 454 454 454 417 383 98 345 0 431 453 452 453 453 453 453 453 453 453 453 453 453 453 453 453 453 453 453 147 376 154 397 0 500 524 523 524 524 524 524 524 524 524 524 524 524 524 524 524 524 524 524 156 384 155 398 0 430 452 451 452 452 452 452 452 452 452 452 452 452 452 452 452 452 452 452 19 376 154 397 0 500 524 523 524 524 524 524 524 524 524 524 524 524 524 524 524 524 524 524 156 383 98 345 0 431 453 452 453 453 453 453 453 453 453 453 453 453 453 453 453 453 453 453 147 414 103 155 0 157 176 176 176 176 176 176 176 176 176 176 176 176 176 176 176 176 176 176 19 413 99 149 0 161 180 180 180 180 180 180 180 180 180 180 180 180 180 180 180 180 180 180 19 398 26 26 0 30 36 36 36 36 36 36 36 36 36 36 36 36 36 36 36 36 36 36 20 397 29 29 0 33 39 39 39 39 39 39 39 39 39 39 39 39 39 39 39 39 39 39 20 398 26 26 0 30 36 36 36 36 36 36 36 36 36 36 36 36 36 36 36 36 36 36 20 413 99 149 0 161 180 180 180 180 180 180 180 180 180 180 180 180 180 180 180 180 180 180 19 401 156 277 0 336 356 355 356 356 356 356 356 356 356 356 356 356 356 356 356 356 356 356 327 410 157 278 0 337 357 356 357 357 357 357 357 357 357 357 357 357 357 357 357 357 357 357 22 402 158 341 0 501 525 524 525 525 525 525 525 525 525 525 525 525 525 525 525 525 525 525 485 411 159 342 0 333 353 352 353 353 353 353 353 353 353 353 353 353 353 353 353 353 353 353 22 402 158 341 0 501 525 524 525 525 525 525 525 525 525 525 525 525 525 525 525 525 525 525 485 410 157 278 0 337 357 356 357 357 357 357 357 357 357 357 357 357 357 357 357 357 357 357 22 315 109 163 0 163 182 182 182 182 182 182 182 182 182 182 182 182 182 182 182 182 182 182 158 430 107 161 0 45 51 51 51 51 51 51 51 51 51 51 51 51 51 51 51 51 51 51 33 316 213 394 0 497 521 520 521 521 521 521 521 521 521 521 521 521 521 521 521 521 521 521 483 431 123 399 0 43 49 49 49 49 49 49 49 49 49 49 49 49 49 49 49 49 49 49 31 316 213 394 0 497 521 520 521 521 521 521 521 521 521 521 521 521 521 521 521 521 521 521 483 430 107 161 0 45 51 51 51 51 51 51 51 51 51 51 51 51 51 51 51 51 51 51 33 431 123 399 0 43 49 49 49 49 49 49 49 49 49 49 49 49 49 49 49 49 49 49 31 432 214 400 0 41 47 47 47 47 47 47 47 47 47 47 47 47 47 47 47 47 47 47 29 316 213 394 0 497 521 520 521 521 521 521 521 521 521 521 521 521 521 521 521 521 521 521 483 317 188 333 0 418 440 439 440 440 440 440 440 440 440 440 440 440 440 440 440 440 440 440 410 316 213 394 0 497 521 520 521 521 521 521 521 521 521 521 521 521 521 521 521 521 521 521 483 432 214 400 0 41 47 47 47 47 47 47 47 47 47 47 47 47 47 47 47 47 47 47 29 333 152 266 0 326 346 345 346 346 346 346 346 346 346 346 346 346 346 346 346 346 346 346 322 334 111 401 0 164 183 183 183 183 183 183 183 183 183 183 183 183 183 183 183 183 183 183 159 424 215 402 0 57 63 63 63 63 63 63 63 63 63 63 63 63 63 63 63 63 63 63 45 425 112 403 0 59 65 65 65 65 65 65 65 65 65 65 65 65 65 65 65 65 65 65 47 424 215 402 0 57 63 63 63 63 63 63 63 63 63 63 63 63 63 63 63 63 63 63 45 334 111 401 0 164 183 183 183 183 183 183 183 183 183 183 183 183 183 183 183 183 183 183 159 460 50 180 0 180 199 199 199 199 199 199 199 199 199 199 199 199 199 199 199 199 199 199 175 492 50 350 0 435 457 456 457 457 457 457 457 457 457 457 457 457 457 457 457 457 457 457 419 463 52 84 0 342 362 361 362 362 362 362 362 362 362 362 362 362 362 362 362 362 362 362 332 493 52 172 0 169 188 188 188 188 188 188 188 188 188 188 188 188 188 188 188 188 188 188 164 463 52 84 0 342 362 361 362 362 362 362 362 362 362 362 362 362 362 362 362 362 362 362 332 492 50 350 0 435 457 456 457 457 457 457 457 457 457 457 457 457 457 457 457 457 457 457 419 472 55 183 0 184 203 203 203 203 203 203 203 203 203 203 203 203 203 203 203 203 203 203 179 496 55 351 0 437 459 458 459 459 459 459 459 459 459 459 459 459 459 459 459 459 459 459 421 475 56 99 0 344 364 363 364 364 364 364 364 364 364 364 364 364 364 364 364 364 364 364 334 497 56 175 0 173 192 192 192 192 192 192 192 192 192 192 192 192 192 192 192 192 192 192 168 475 56 99 0 344 364 363 364 364 364 364 364 364 364 364 364 364 364 364 364 364 364 364 334 496 55 351 0 437 459 458 459 459 459 459 459 459 459 459 459 459 459 459 459 459 459 459 421 452 48 72 0 188 207 207 207 207 207 207 207 207 207 207 207 207 207 207 207 207 207 207 183 500 48 352 0 439 461 460 461 461 461 461 461 461 461 461 461 461 461 461 461 461 461 461 423 456 49 240 0 346 366 365 366 366 366 366 366 366 366 366 366 366 366 366 366 366 366 366 336 501 49 178 0 177 196 196 196 196 196 196 196 196 196 196 196 196 196 196 196 196 196 196 172 456 49 240 0 346 366 365 366 366 366 366 366 366 366 366 366 366 366 366 366 366 366 366 336 500 48 352 0 439 461 460 461 461 461 461 461 461 461 461 461 461 461 461 461 461 461 461 423 465 53 85 0 192 211 211 211 211 211 211 211 211 211 211 211 211 211 211 211 211 211 211 187 504 53 353 0 440 462 461 462 462 462 462 462 462 462 462 462 462 462 462 462 462 462 462 424 468 54 244 0 348 368 367 368 368 368 368 368 368 368 368 368 368 368 368 368 368 368 368 338 505 54 181 0 181 200 200 200 200 200 200 200 200 200 200 200 200 200 200 200 200 200 200 176 468 54 244 0 348 368 367 368 368 368 368 368 368 368 368 368 368 368 368 368 368 368 368 338 504 53 353 0 440 462 461 462 462 462 462 462 462 462 462 462 462 462 462 462 462 462 462 424 477 58 100 0 196 215 215 215 215 215 215 215 215 215 215 215 215 215 215 215 215 215 215 191 508 57 354 0 441 463 462 463 463 463 463 463 463 463 463 463 463 463 463 463 463 463 463 425 451 60 247 0 186 205 205 205 205 205 205 205 205 205 205 205 205 205 205 205 205 205 205 181 499 115 355 0 442 464 463 464 464 464 464 464 464 464 464 464 464 464 464 464 464 464 464 426 451 60 247 0 186 205 205 205 205 205 205 205 205 205 205 205 205 205 205 205 205 205 205 181 508 57 354 0 441 463 462 463 463 463 463 463 463 463 463 463 463 463 463 463 463 463 463 425 458 50 80 0 356 376 375 376 376 376 376 376 376 376 376 376 376 376 376 376 376 376 376 346 512 50 356 0 443 465 464 465 465 465 465 465 465 465 465 465 465 465 465 465 465 465 465 427 461 52 82 0 352 372 371 372 372 372 372 372 372 372 372 372 372 372 372 372 372 372 372 342 513 52 186 0 189 208 208 208 208 208 208 208 208 208 208 208 208 208 208 208 208 208 208 184 461 52 82 0 352 372 371 372 372 372 372 372 372 372 372 372 372 372 372 372 372 372 372 342 512 50 356 0 443 465 464 465 465 465 465 465 465 465 465 465 465 465 465 465 465 465 465 427 470 55 93 0 358 378 377 378 378 378 378 378 378 378 378 378 378 378 378 378 378 378 378 348 516 55 357 0 444 466 465 466 466 466 466 466 466 466 466 466 466 466 466 466 466 466 466 428 473 56 97 0 354 374 373 374 374 374 374 374 374 374 374 374 374 374 374 374 374 374 374 344 517 56 188 0 193 212 212 212 212 212 212 212 212 212 212 212 212 212 212 212 212 212 212 188 473 56 97 0 354 374 373 374 374 374 374 374 374 374 374 374 374 374 374 374 374 374 374 344 516 55 357 0 444 466 465 466 466 466 466 466 466 466 466 466 466 466 466 466 466 466 466 428 455 49 78 0 357 377 376 377 377 377 377 377 377 377 377 377 377 377 377 377 377 377 377 347 521 49 192 0 199 218 218 218 218 218 218 218 218 218 218 218 218 218 218 218 218 218 218 194 450 48 239 0 351 371 370 371 371 371 371 371 371 371 371 371 371 371 371 371 371 371 371 341 519 48 358 0 445 467 466 467 467 467 467 467 467 467 467 467 467 467 467 467 467 467 467 429 450 48 239 0 351 371 370 371 371 371 371 371 371 371 371 371 371 371 371 371 371 371 371 341 521 49 192 0 199 218 218 218 218 218 218 218 218 218 218 218 218 218 218 218 218 218 218 194 467 54 91 0 359 379 378 379 379 379 379 379 379 379 379 379 379 379 379 379 379 379 379 349 525 122 195 0 203 222 222 222 222 222 222 222 222 222 222 222 222 222 222 222 222 222 222 198 464 53 243 0 353 373 372 373 373 373 373 373 373 373 373 373 373 373 373 373 373 373 373 343 524 53 359 0 446 468 467 468 468 468 468 468 468 468 468 468 468 468 468 468 468 468 468 430 464 53 243 0 353 373 372 373 373 373 373 373 373 373 373 373 373 373 373 373 373 373 373 343 525 122 195 0 203 222 222 222 222 222 222 222 222 222 222 222 222 222 222 222 222 222 222 198 449 47 315 0 350 370 369 370 370 370 370 370 370 370 370 370 370 370 370 370 370 370 370 340 520 115 361 0 447 469 468 469 469 469 469 469 469 469 469 469 469 469 469 469 469 469 469 431 476 58 246 0 355 375 374 375 375 375 375 375 375 375 375 375 375 375 375 375 375 375 375 345 528 58 363 0 448 470 469 470 470 470 470 470 470 470 470 470 470 470 470 470 470 470 470 432 476 58 246 0 355 375 374 375 375 375 375 375 375 375 375 375 375 375 375 375 375 375 375 345 520 115 361 0 447 469 468 469 469 469 469 469 469 469 469 469 469 469 469 469 469 469 469 431 126 50 180 0 220 239 239 239 239 239 239 239 239 239 239 239 239 239 239 239 239 239 239 215 532 50 350 0 449 471 470 471 471 471 471 471 471 471 471 471 471 471 471 471 471 471 471 433 142 52 84 0 362 382 381 382 382 382 382 382 382 382 382 382 382 382 382 382 382 382 382 352 533 52 172 0 209 228 228 228 228 228 228 228 228 228 228 228 228 228 228 228 228 228 228 204 142 52 84 0 362 382 381 382 382 382 382 382 382 382 382 382 382 382 382 382 382 382 382 352 532 50 350 0 449 471 470 471 471 471 471 471 471 471 471 471 471 471 471 471 471 471 471 433 190 55 183 0 224 243 243 243 243 243 243 243 243 243 243 243 243 243 243 243 243 243 243 219 536 55 351 0 450 472 471 472 472 472 472 472 472 472 472 472 472 472 472 472 472 472 472 434 206 56 99 0 364 384 383 384 384 384 384 384 384 384 384 384 384 384 384 384 384 384 384 354 537 56 175 0 213 232 232 232 232 232 232 232 232 232 232 232 232 232 232 232 232 232 232 208 206 56 99 0 364 384 383 384 384 384 384 384 384 384 384 384 384 384 384 384 384 384 384 354 536 55 351 0 450 472 471 472 472 472 472 472 472 472 472 472 472 472 472 472 472 472 472 434 92 48 72 0 292 312 311 312 312 312 312 312 312 312 312 312 312 312 312 312 312 312 312 288 540 48 352 0 451 473 472 473 473 473 473 473 473 473 473 473 473 473 473 473 473 473 473 435 109 49 240 0 366 386 385 386 386 386 386 386 386 386 386 386 386 386 386 386 386 386 386 356 541 49 178 0 217 236 236 236 236 236 236 236 236 236 236 236 236 236 236 236 236 236 236 212 109 49 240 0 366 386 385 386 386 386 386 386 386 386 386 386 386 386 386 386 386 386 386 356 540 48 352 0 451 473 472 473 473 473 473 473 473 473 473 473 473 473 473 473 473 473 473 435 157 53 85 0 404 426 425 426 426 426 426 426 426 426 426 426 426 426 426 426 426 426 426 396 544 53 353 0 452 474 473 474 474 474 474 474 474 474 474 474 474 474 474 474 474 474 474 436 173 54 244 0 367 387 386 387 387 387 387 387 387 387 387 387 387 387 387 387 387 387 387 357 545 54 181 0 221 240 240 240 240 240 240 240 240 240 240 240 240 240 240 240 240 240 240 216 173 54 244 0 367 387 386 387 387 387 387 387 387 387 387 387 387 387 387 387 387 387 387 357 544 53 353 0 452 474 473 474 474 474 474 474 474 474 474 474 474 474 474 474 474 474 474 436 221 58 100 0 314 334 333 334 334 334 334 334 334 334 334 334 334 334 334 334 334 334 334 310 548 57 354 0 453 475 474 475 475 475 475 475 475 475 475 475 475 475 475 475 475 475 475 437 91 60 247 0 290 310 309 310 310 310 310 310 310 310 310 310 310 310 310 310 310 310 310 286 539 115 355 0 454 476 475 476 476 476 476 476 476 476 476 476 476 476 476 476 476 476 476 438 91 60 247 0 290 310 309 310 310 310 310 310 310 310 310 310 310 310 310 310 310 310 310 286 548 57 354 0 453 475 474 475 475 475 475 475 475 475 475 475 475 475 475 475 475 475 475 437 287 59 404 0 236 255 255 255 255 255 255 255 255 255 255 255 255 255 255 255 255 255 255 231 552 59 364 0 455 477 476 477 477 477 477 477 477 477 477 477 477 477 477 477 477 477 477 439 291 125 288 0 371 391 390 391 391 391 391 391 391 391 391 391 391 391 391 391 391 391 391 361 553 125 200 0 229 248 248 248 248 248 248 248 248 248 248 248 248 248 248 248 248 248 248 224 291 125 288 0 371 391 390 391 391 391 391 391 391 391 391 391 391 391 391 391 391 391 391 361 552 59 364 0 455 477 476 477 477 477 477 477 477 477 477 477 477 477 477 477 477 477 477 439 276 124 211 0 240 259 259 259 259 259 259 259 259 259 259 259 259 259 259 259 259 259 259 235 556 124 366 0 457 479 478 479 479 479 479 479 479 479 479 479 479 479 479 479 479 479 479 441 282 127 290 0 373 393 392 393 393 393 393 393 393 393 393 393 393 393 393 393 393 393 393 363 557 127 204 0 233 252 252 252 252 252 252 252 252 252 252 252 252 252 252 252 252 252 252 228 282 127 290 0 373 393 392 393 393 393 393 393 393 393 393 393 393 393 393 393 393 393 393 363 556 124 366 0 457 479 478 479 479 479 479 479 479 479 479 479 479 479 479 479 479 479 479 441 294 126 215 0 244 263 263 263 263 263 263 263 263 263 263 263 263 263 263 263 263 263 263 239 560 126 367 0 458 480 479 480 480 480 480 480 480 480 480 480 480 480 480 480 480 480 480 442 275 123 209 0 238 257 257 257 257 257 257 257 257 257 257 257 257 257 257 257 257 257 257 233 555 123 368 0 459 481 480 481 481 481 481 481 481 481 481 481 481 481 481 481 481 481 481 443 275 123 209 0 238 257 257 257 257 257 257 257 257 257 257 257 257 257 257 257 257 257 257 233 560 126 367 0 458 480 479 480 480 480 480 480 480 480 480 480 480 480 480 480 480 480 480 442 285 59 405 0 248 267 267 267 267 267 267 267 267 267 267 267 267 267 267 267 267 267 267 243 564 59 369 0 460 482 481 482 482 482 482 482 482 482 482 482 482 482 482 482 482 482 482 444 289 125 294 0 377 397 396 397 397 397 397 397 397 397 397 397 397 397 397 397 397 397 397 367 565 125 212 0 241 260 260 260 260 260 260 260 260 260 260 260 260 260 260 260 260 260 260 236 289 125 294 0 377 397 396 397 397 397 397 397 397 397 397 397 397 397 397 397 397 397 397 367 564 59 369 0 460 482 481 482 482 482 482 482 482 482 482 482 482 482 482 482 482 482 482 444 268 216 406 0 502 526 525 526 526 526 526 526 526 526 526 526 526 526 526 526 526 526 526 486 568 124 371 0 461 483 482 483 483 483 483 483 483 483 483 483 483 483 483 483 483 483 483 445 269 170 296 0 379 399 398 399 399 399 399 399 399 399 399 399 399 399 399 399 399 399 399 369 569 127 216 0 245 264 264 264 264 264 264 264 264 264 264 264 264 264 264 264 264 264 264 240 269 170 296 0 379 399 398 399 399 399 399 399 399 399 399 399 399 399 399 399 399 399 399 369 568 124 371 0 461 483 482 483 483 483 483 483 483 483 483 483 483 483 483 483 483 483 483 445 272 217 407 0 503 527 526 527 527 527 527 527 527 527 527 527 527 527 527 527 527 527 527 487 572 126 372 0 462 484 483 484 484 484 484 484 484 484 484 484 484 484 484 484 484 484 484 446 267 218 408 0 504 528 527 528 528 528 528 528 528 528 528 528 528 528 528 528 528 528 528 488 567 123 373 0 463 485 484 485 485 485 485 485 485 485 485 485 485 485 485 485 485 485 485 447 267 218 408 0 504 528 527 528 528 528 528 528 528 528 528 528 528 528 528 528 528 528 528 488 572 126 372 0 462 484 483 484 484 484 484 484 484 484 484 484 484 484 484 484 484 484 484 446 306 57 130 0 133 152 152 152 152 152 152 152 152 152 152 152 152 152 152 152 152 152 152 134 578 57 374 0 464 486 485 486 486 486 486 486 486 486 486 486 486 486 486 486 486 486 486 448 297 60 132 0 135 154 154 154 154 154 154 154 154 154 154 154 154 154 154 154 154 154 154 136 576 115 375 0 466 488 487 488 488 488 488 488 488 488 488 488 488 488 488 488 488 488 488 450 297 60 132 0 135 154 154 154 154 154 154 154 154 154 154 154 154 154 154 154 154 154 154 136 578 57 374 0 464 486 485 486 486 486 486 486 486 486 486 486 486 486 486 486 486 486 486 448 299 49 129 0 131 150 150 150 150 150 150 150 150 150 150 150 150 150 150 150 150 150 150 132 582 49 376 0 468 490 489 490 490 490 490 490 490 490 490 490 490 490 490 490 490 490 490 452 300 50 300 0 383 403 402 403 403 403 403 403 403 403 403 403 403 403 403 403 403 403 403 373 579 50 223 0 253 272 272 272 272 272 272 272 272 272 272 272 272 272 272 272 272 272 272 248 300 50 300 0 383 403 402 403 403 403 403 403 403 403 403 403 403 403 403 403 403 403 403 373 582 49 376 0 468 490 489 490 490 490 490 490 490 490 490 490 490 490 490 490 490 490 490 452 64 48 308 0 505 529 528 529 529 529 529 529 529 529 529 529 529 529 529 529 529 529 529 489 584 48 377 0 469 491 490 491 491 491 491 491 491 491 491 491 491 491 491 491 491 491 491 453 95 49 77 0 386 406 405 406 406 406 406 406 406 406 406 406 406 406 406 406 406 406 406 376 585 49 227 0 259 278 278 278 278 278 278 278 278 278 278 278 278 278 278 278 278 278 278 254 95 49 77 0 386 406 405 406 406 406 406 406 406 406 406 406 406 406 406 406 406 406 406 376 584 48 377 0 469 491 490 491 491 491 491 491 491 491 491 491 491 491 491 491 491 491 491 453 143 53 311 0 258 277 277 277 277 277 277 277 277 277 277 277 277 277 277 277 277 277 277 253 588 53 378 0 470 492 491 492 492 492 492 492 492 492 492 492 492 492 492 492 492 492 492 454 159 54 90 0 250 269 269 269 269 269 269 269 269 269 269 269 269 269 269 269 269 269 269 245 589 54 229 0 263 282 282 282 282 282 282 282 282 282 282 282 282 282 282 282 282 282 282 258 159 54 90 0 250 269 269 269 269 269 269 269 269 269 269 269 269 269 269 269 269 269 269 245 588 53 378 0 470 492 491 492 492 492 492 492 492 492 492 492 492 492 492 492 492 492 492 454 207 57 312 0 465 487 486 487 487 487 487 487 487 487 487 487 487 487 487 487 487 487 487 449 592 57 379 0 471 493 492 493 493 493 493 493 493 493 493 493 493 493 493 493 493 493 493 455 63 115 362 0 467 489 488 489 489 489 489 489 489 489 489 489 489 489 489 489 489 489 489 451 583 115 361 0 472 494 493 494 494 494 494 494 494 494 494 494 494 494 494 494 494 494 494 456 63 115 362 0 467 489 488 489 489 489 489 489 489 489 489 489 489 489 489 489 489 489 489 451 592 57 379 0 471 493 492 493 493 493 493 493 493 493 493 493 493 493 493 493 493 493 493 455 112 50 80 0 262 281 281 281 281 281 281 281 281 281 281 281 281 281 281 281 281 281 281 257 596 50 356 0 473 495 494 495 495 495 495 495 495 495 495 495 495 495 495 495 495 495 495 457 128 52 82 0 389 409 408 409 409 409 409 409 409 409 409 409 409 409 409 409 409 409 409 379 597 52 186 0 271 290 290 290 290 290 290 290 290 290 290 290 290 290 290 290 290 290 290 266 128 52 82 0 389 409 408 409 409 409 409 409 409 409 409 409 409 409 409 409 409 409 409 379 596 50 356 0 473 495 494 495 495 495 495 495 495 495 495 495 495 495 495 495 495 495 495 457 176 55 93 0 266 285 285 285 285 285 285 285 285 285 285 285 285 285 285 285 285 285 285 261 600 55 357 0 474 496 495 496 496 496 496 496 496 496 496 496 496 496 496 496 496 496 496 458 192 56 97 0 391 411 410 411 411 411 411 411 411 411 411 411 411 411 411 411 411 411 411 381 601 56 188 0 275 294 294 294 294 294 294 294 294 294 294 294 294 294 294 294 294 294 294 270 192 56 97 0 391 411 410 411 411 411 411 411 411 411 411 411 411 411 411 411 411 411 411 381 600 55 357 0 474 496 495 496 496 496 496 496 496 496 496 496 496 496 496 496 496 496 496 458 68 48 72 0 270 289 289 289 289 289 289 289 289 289 289 289 289 289 289 289 289 289 289 265 604 48 352 0 475 497 496 497 497 497 497 497 497 497 497 497 497 497 497 497 497 497 497 459 97 49 240 0 393 413 412 413 413 413 413 413 413 413 413 413 413 413 413 413 413 413 413 383 605 49 178 0 279 298 298 298 298 298 298 298 298 298 298 298 298 298 298 298 298 298 298 274 97 49 240 0 393 413 412 413 413 413 413 413 413 413 413 413 413 413 413 413 413 413 413 383 604 48 352 0 475 497 496 497 497 497 497 497 497 497 497 497 497 497 497 497 497 497 497 459 145 129 85 0 274 293 293 293 293 293 293 293 293 293 293 293 293 293 293 293 293 293 293 269 608 123 353 0 476 498 497 498 498 498 498 498 498 498 498 498 498 498 498 498 498 498 498 460 161 131 244 0 395 415 414 415 415 415 415 415 415 415 415 415 415 415 415 415 415 415 415 385 609 131 181 0 282 301 301 301 301 301 301 301 301 301 301 301 301 301 301 301 301 301 301 277 161 131 244 0 395 415 414 415 415 415 415 415 415 415 415 415 415 415 415 415 415 415 415 385 608 123 353 0 476 498 497 498 498 498 498 498 498 498 498 498 498 498 498 498 498 498 498 460 209 58 100 0 278 297 297 297 297 297 297 297 297 297 297 297 297 297 297 297 297 297 297 273 612 58 354 0 478 500 499 500 500 500 500 500 500 500 500 500 500 500 500 500 500 500 500 462 67 128 247 0 268 287 287 287 287 287 287 287 287 287 287 287 287 287 287 287 287 287 287 263 603 59 355 0 479 501 500 501 501 501 501 501 501 501 501 501 501 501 501 501 501 501 501 463 67 128 247 0 268 287 287 287 287 287 287 287 287 287 287 287 287 287 287 287 287 287 287 263 612 58 354 0 478 500 499 500 500 500 500 500 500 500 500 500 500 500 500 500 500 500 500 462 28 138 237 0 61 76 76 76 76 76 76 76 76 76 76 76 76 76 76 76 76 76 76 58 15 219 409 0 62 417 416 417 417 417 417 417 417 417 417 417 417 417 417 417 417 417 417 387 27 137 236 0 61 74 74 74 74 74 74 74 74 74 74 74 74 74 74 74 74 74 74 56 14 143 251 0 62 68 68 68 68 68 68 68 68 68 68 68 68 68 68 68 68 68 68 50 27 137 236 0 61 74 74 74 74 74 74 74 74 74 74 74 74 74 74 74 74 74 74 56 15 219 409 0 62 417 416 417 417 417 417 417 417 417 417 417 417 417 417 417 417 417 417 387 43 202 380 0 63 418 417 418 418 418 418 418 418 418 418 418 418 418 418 418 418 418 418 388 44 220 410 0 63 75 75 75 75 75 75 75 75 75 75 75 75 75 75 75 75 75 75 57 30 203 381 0 61 71 71 71 71 71 71 71 71 71 71 71 71 71 71 71 71 71 71 53 31 37 60 0 61 69 69 69 69 69 69 69 69 69 69 69 69 69 69 69 69 69 69 51 30 203 381 0 61 71 71 71 71 71 71 71 71 71 71 71 71 71 71 71 71 71 71 53 44 220 410 0 63 75 75 75 75 75 75 75 75 75 75 75 75 75 75 75 75 75 75 57 48 221 411 0 63 75 75 75 75 75 75 75 75 75 75 75 75 75 75 75 75 75 75 57 35 41 64 0 61 69 69 69 69 69 69 69 69 69 69 69 69 69 69 69 69 69 69 51 47 222 412 0 63 73 73 73 73 73 73 73 73 73 73 73 73 73 73 73 73 73 73 55 34 172 303 0 61 67 67 67 67 67 67 67 67 67 67 67 67 67 67 67 67 67 67 49 47 222 412 0 63 73 73 73 73 73 73 73 73 73 73 73 73 73 73 73 73 73 73 55 35 41 64 0 61 69 69 69 69 69 69 69 69 69 69 69 69 69 69 69 69 69 69 51 83 60 70 0 316 336 335 336 336 336 336 336 336 336 336 336 336 336 336 336 336 336 336 312 85 47 71 0 118 131 131 131 131 131 131 131 131 131 131 131 131 131 131 131 131 131 131 113 84 48 72 0 293 313 312 313 313 313 313 313 313 313 313 313 313 313 313 313 313 313 313 289 86 48 73 0 72 85 85 85 85 85 85 85 85 85 85 85 85 85 85 85 85 85 85 67 84 48 72 0 293 313 312 313 313 313 313 313 313 313 313 313 313 313 313 313 313 313 313 289 85 47 71 0 118 131 131 131 131 131 131 131 131 131 131 131 131 131 131 131 131 131 131 113 78 48 73 0 67 80 80 80 80 80 80 80 80 80 80 80 80 80 80 80 80 80 80 62 80 48 74 0 480 502 501 502 502 502 502 502 502 502 502 502 502 502 502 502 502 502 502 464 102 49 75 0 295 315 314 315 315 315 315 315 315 315 315 315 315 315 315 315 315 315 315 291 103 49 76 0 76 89 89 89 89 89 89 89 89 89 89 89 89 89 89 89 89 89 89 71 102 49 75 0 295 315 314 315 315 315 315 315 315 315 315 315 315 315 315 315 315 315 315 291 80 48 74 0 480 502 501 502 502 502 502 502 502 502 502 502 502 502 502 502 502 502 502 464 99 49 77 0 71 84 84 84 84 84 84 84 84 84 84 84 84 84 84 84 84 84 84 66 100 49 78 0 481 503 502 503 503 503 503 503 503 503 503 503 503 503 503 503 503 503 503 465 115 50 79 0 297 317 316 317 317 317 317 317 317 317 317 317 317 317 317 317 317 317 317 293 116 50 80 0 80 93 93 93 93 93 93 93 93 93 93 93 93 93 93 93 93 93 93 75 115 50 79 0 297 317 316 317 317 317 317 317 317 317 317 317 317 317 317 317 317 317 317 293 100 49 78 0 481 503 502 503 503 503 503 503 503 503 503 503 503 503 503 503 503 503 503 465 107 49 193 0 75 88 88 88 88 88 88 88 88 88 88 88 88 88 88 88 88 88 88 70 108 49 78 0 482 504 503 504 504 504 504 504 504 504 504 504 504 504 504 504 504 504 504 466 123 50 191 0 299 319 318 319 319 319 319 319 319 319 319 319 319 319 319 319 319 319 319 295 124 50 80 0 84 97 97 97 97 97 97 97 97 97 97 97 97 97 97 97 97 97 97 79 123 50 191 0 299 319 318 319 319 319 319 319 319 319 319 319 319 319 319 319 319 319 319 295 108 49 78 0 482 504 503 504 504 504 504 504 504 504 504 504 504 504 504 504 504 504 504 466 120 50 80 0 79 92 92 92 92 92 92 92 92 92 92 92 92 92 92 92 92 92 92 74 121 50 81 0 483 505 504 505 505 505 505 505 505 505 505 505 505 505 505 505 505 505 505 467 136 52 82 0 301 321 320 321 321 321 321 321 321 321 321 321 321 321 321 321 321 321 321 297 137 52 83 0 88 101 101 101 101 101 101 101 101 101 101 101 101 101 101 101 101 101 101 83 136 52 82 0 301 321 320 321 321 321 321 321 321 321 321 321 321 321 321 321 321 321 321 297 121 50 81 0 483 505 504 505 505 505 505 505 505 505 505 505 505 505 505 505 505 505 505 467 133 51 83 0 83 96 96 96 96 96 96 96 96 96 96 96 96 96 96 96 96 96 96 78 134 52 84 0 484 506 505 506 506 506 506 506 506 506 506 506 506 506 506 506 506 506 506 468 149 139 85 0 303 323 322 323 323 323 323 323 323 323 323 323 323 323 323 323 323 323 323 299 150 53 86 0 92 105 105 105 105 105 105 105 105 105 105 105 105 105 105 105 105 105 105 87 149 139 85 0 303 323 322 323 323 323 323 323 323 323 323 323 323 323 323 323 323 323 323 299 134 52 84 0 484 506 505 506 506 506 506 506 506 506 506 506 506 506 506 506 506 506 506 468 146 123 86 0 477 499 498 499 499 499 499 499 499 499 499 499 499 499 499 499 499 499 499 461 147 139 87 0 485 507 506 507 507 507 507 507 507 507 507 507 507 507 507 507 507 507 507 469 162 131 88 0 283 302 302 302 302 302 302 302 302 302 302 302 302 302 302 302 302 302 302 278 163 54 89 0 96 109 109 109 109 109 109 109 109 109 109 109 109 109 109 109 109 109 109 91 162 131 88 0 283 302 302 302 302 302 302 302 302 302 302 302 302 302 302 302 302 302 302 278 147 139 87 0 485 507 506 507 507 507 507 507 507 507 507 507 507 507 507 507 507 507 507 469 154 53 86 0 91 104 104 104 104 104 104 104 104 104 104 104 104 104 104 104 104 104 104 86 155 53 87 0 486 508 507 508 508 508 508 508 508 508 508 508 508 508 508 508 508 508 508 470 170 54 88 0 305 325 324 325 325 325 325 325 325 325 325 325 325 325 325 325 325 325 325 301 171 54 89 0 100 113 113 113 113 113 113 113 113 113 113 113 113 113 113 113 113 113 113 95 170 54 88 0 305 325 324 325 325 325 325 325 325 325 325 325 325 325 325 325 325 325 325 301 155 53 87 0 486 508 507 508 508 508 508 508 508 508 508 508 508 508 508 508 508 508 508 470 167 54 90 0 95 108 108 108 108 108 108 108 108 108 108 108 108 108 108 108 108 108 108 90 168 54 91 0 487 509 508 509 509 509 509 509 509 509 509 509 509 509 509 509 509 509 509 471 183 55 92 0 307 327 326 327 327 327 327 327 327 327 327 327 327 327 327 327 327 327 327 303 184 55 93 0 104 117 117 117 117 117 117 117 117 117 117 117 117 117 117 117 117 117 117 99 183 55 92 0 307 327 326 327 327 327 327 327 327 327 327 327 327 327 327 327 327 327 327 303 168 54 91 0 487 509 508 509 509 509 509 509 509 509 509 509 509 509 509 509 509 509 509 471 180 55 93 0 99 112 112 112 112 112 112 112 112 112 112 112 112 112 112 112 112 112 112 94 181 55 96 0 488 510 509 510 510 510 510 510 510 510 510 510 510 510 510 510 510 510 510 472 196 56 97 0 309 329 328 329 329 329 329 329 329 329 329 329 329 329 329 329 329 329 329 305 197 56 98 0 108 121 121 121 121 121 121 121 121 121 121 121 121 121 121 121 121 121 121 103 196 56 97 0 309 329 328 329 329 329 329 329 329 329 329 329 329 329 329 329 329 329 329 305 181 55 96 0 488 510 509 510 510 510 510 510 510 510 510 510 510 510 510 510 510 510 510 472 188 55 93 0 103 116 116 116 116 116 116 116 116 116 116 116 116 116 116 116 116 116 116 98 189 55 96 0 368 388 387 388 388 388 388 388 388 388 388 388 388 388 388 388 388 388 388 358 204 56 97 0 311 331 330 331 331 331 331 331 331 331 331 331 331 331 331 331 331 331 331 307 205 56 98 0 312 332 331 332 332 332 332 332 332 332 332 332 332 332 332 332 332 332 332 308 204 56 97 0 311 331 330 331 331 331 331 331 331 331 331 331 331 331 331 331 331 331 331 307 189 55 96 0 368 388 387 388 388 388 388 388 388 388 388 388 388 388 388 388 388 388 388 358 201 56 98 0 107 120 120 120 120 120 120 120 120 120 120 120 120 120 120 120 120 120 120 102 202 56 99 0 490 512 511 512 512 512 512 512 512 512 512 512 512 512 512 512 512 512 512 474 217 58 100 0 315 335 334 335 335 335 335 335 335 335 335 335 335 335 335 335 335 335 335 311 218 58 101 0 116 129 129 129 129 129 129 129 129 129 129 129 129 129 129 129 129 129 129 111 217 58 100 0 315 335 334 335 335 335 335 335 335 335 335 335 335 335 335 335 335 335 335 311 202 56 99 0 490 512 511 512 512 512 512 512 512 512 512 512 512 512 512 512 512 512 512 474 214 58 101 0 111 124 124 124 124 124 124 124 124 124 124 124 124 124 124 124 124 124 124 106 215 58 102 0 491 513 512 513 513 513 513 513 513 513 513 513 513 513 513 513 513 513 513 475 77 47 103 0 65 78 78 78 78 78 78 78 78 78 78 78 78 78 78 78 78 78 78 60 79 60 104 0 492 514 513 514 514 514 514 514 514 514 514 514 514 514 514 514 514 514 514 476 77 47 103 0 65 78 78 78 78 78 78 78 78 78 78 78 78 78 78 78 78 78 78 60 215 58 102 0 491 513 512 513 513 513 513 513 513 513 513 513 513 513 513 513 513 513 513 475 235 204 382 0 120 133 133 133 133 133 133 133 133 133 133 133 133 133 133 133 133 133 133 115 12 3 3 0 1 2 2 2 2 2 2 2 2 2 2 2 2 2 2 2 2 2 2 2 234 223 413 0 120 136 136 136 136 136 136 136 136 136 136 136 136 136 136 136 136 136 136 118 11 5 5 0 0 3 3 3 3 3 3 3 3 3 3 3 3 3 3 3 3 3 3 3 234 223 413 0 120 136 136 136 136 136 136 136 136 136 136 136 136 136 136 136 136 136 136 118 12 3 3 0 1 2 2 2 2 2 2 2 2 2 2 2 2 2 2 2 2 2 2 2 245 224 414 0 120 135 135 135 135 135 135 135 135 135 135 135 135 135 135 135 135 135 135 117 246 205 383 0 120 134 134 134 134 134 134 134 134 134 134 134 134 134 134 134 134 134 134 116 5 10 10 0 1 5 5 5 5 5 5 5 5 5 5 5 5 5 5 5 5 5 5 5 6 12 12 0 1 6 6 6 6 6 6 6 6 6 6 6 6 6 6 6 6 6 6 6 5 10 10 0 1 5 5 5 5 5 5 5 5 5 5 5 5 5 5 5 5 5 5 5 246 205 383 0 120 134 134 134 134 134 134 134 134 134 134 134 134 134 134 134 134 134 134 116 230 225 415 0 120 515 514 515 515 515 515 515 515 515 515 515 515 515 515 515 515 515 515 477 16 226 416 0 62 516 515 516 516 516 516 516 516 516 516 516 516 516 516 516 516 516 516 478 231 206 384 0 120 515 514 515 515 515 515 515 515 515 515 515 515 515 515 515 515 515 515 477 17 207 385 0 62 516 515 516 516 516 516 516 516 516 516 516 516 516 516 516 516 516 516 478 231 206 384 0 120 515 514 515 515 515 515 515 515 515 515 515 515 515 515 515 515 515 515 477 16 226 416 0 62 516 515 516 516 516 516 516 516 516 516 516 516 516 516 516 516 516 516 478 234 227 417 0 120 136 136 136 136 136 136 136 136 136 136 136 136 136 136 136 136 136 136 118 24 134 233 0 62 72 72 72 72 72 72 72 72 72 72 72 72 72 72 72 72 72 72 54 235 208 386 0 120 133 133 133 133 133 133 133 133 133 133 133 133 133 133 133 133 133 133 115 25 173 304 0 62 417 416 417 417 417 417 417 417 417 417 417 417 417 417 417 417 417 417 387 235 208 386 0 120 133 133 133 133 133 133 133 133 133 133 133 133 133 133 133 133 133 133 115 24 134 233 0 62 72 72 72 72 72 72 72 72 72 72 72 72 72 72 72 72 72 72 54 54 79 418 0 128 147 147 147 147 147 147 147 147 147 147 147 147 147 147 147 147 147 147 129 55 80 387 0 130 149 149 149 149 149 149 149 149 149 149 149 149 149 149 149 149 149 149 131 252 209 419 0 493 517 516 517 517 517 517 517 517 517 517 517 517 517 517 517 517 517 517 479 253 184 388 0 414 436 435 436 436 436 436 436 436 436 436 436 436 436 436 436 436 436 436 406 252 209 419 0 493 517 516 517 517 517 517 517 517 517 517 517 517 517 517 517 517 517 517 479 55 80 387 0 130 149 149 149 149 149 149 149 149 149 149 149 149 149 149 149 149 149 149 131 236 23 420 0 11 17 17 17 17 17 17 17 17 17 17 17 17 17 17 17 17 17 17 17 251 228 421 0 506 530 529 530 530 530 530 530 530 530 530 530 530 530 530 530 530 530 530 490 237 24 389 0 12 18 18 18 18 18 18 18 18 18 18 18 18 18 18 18 18 18 18 18 252 209 390 0 493 517 516 517 517 517 517 517 517 517 517 517 517 517 517 517 517 517 517 479 237 24 389 0 12 18 18 18 18 18 18 18 18 18 18 18 18 18 18 18 18 18 18 18 251 228 421 0 506 530 529 530 530 530 530 530 530 530 530 530 530 530 530 530 530 530 530 490 288 59 365 0 456 478 477 478 478 478 478 478 478 478 478 478 478 478 478 478 478 478 478 440 264 229 422 0 507 531 530 531 531 531 531 531 531 531 531 531 531 531 531 531 531 531 531 491 292 125 201 0 230 249 249 249 249 249 249 249 249 249 249 249 249 249 249 249 249 249 249 225 265 210 391 0 494 518 517 518 518 518 518 518 518 518 518 518 518 518 518 518 518 518 518 480 292 125 201 0 230 249 249 249 249 249 249 249 249 249 249 249 249 249 249 249 249 249 249 225 264 229 422 0 507 531 530 531 531 531 531 531 531 531 531 531 531 531 531 531 531 531 531 491 58 181 86 0 411 433 432 433 433 433 433 433 433 433 433 433 433 433 433 433 433 433 433 403 302 53 302 0 385 405 404 405 405 405 405 405 405 405 405 405 405 405 405 405 405 405 405 375 59 144 88 0 317 337 336 337 337 337 337 337 337 337 337 337 337 337 337 337 337 337 337 313 303 54 298 0 381 401 400 401 401 401 401 401 401 401 401 401 401 401 401 401 401 401 401 371 59 144 88 0 317 337 336 337 337 337 337 337 337 337 337 337 337 337 337 337 337 337 337 313 302 53 302 0 385 405 404 405 405 405 405 405 405 405 405 405 405 405 405 405 405 405 405 375 327 211 392 0 495 519 518 519 519 519 519 519 519 519 519 519 519 519 519 519 519 519 519 481 326 90 140 0 143 162 162 162 162 162 162 162 162 162 162 162 162 162 162 162 162 162 162 144 315 109 163 0 163 182 182 182 182 182 182 182 182 182 182 182 182 182 182 182 182 182 182 158 314 108 162 0 162 181 181 181 181 181 181 181 181 181 181 181 181 181 181 181 181 181 181 157 315 109 163 0 163 182 182 182 182 182 182 182 182 182 182 182 182 182 182 182 182 182 182 158 326 90 140 0 143 162 162 162 162 162 162 162 162 162 162 162 162 162 162 162 162 162 162 144 323 83 133 0 136 155 155 155 155 155 155 155 155 155 155 155 155 155 155 155 155 155 155 137 322 150 264 0 324 344 343 344 344 344 344 344 344 344 344 344 344 344 344 344 344 344 344 320 311 84 134 0 137 156 156 156 156 156 156 156 156 156 156 156 156 156 156 156 156 156 156 138 310 199 423 0 434 456 455 456 456 456 456 456 456 456 456 456 456 456 456 456 456 456 456 418 311 84 134 0 137 156 156 156 156 156 156 156 156 156 156 156 156 156 156 156 156 156 156 138 322 150 264 0 324 344 343 344 344 344 344 344 344 344 344 344 344 344 344 344 344 344 344 320 321 146 260 0 320 340 339 340 340 340 340 340 340 340 340 340 340 340 340 340 340 340 340 316 322 150 424 0 324 344 343 344 344 344 344 344 344 344 344 344 344 344 344 344 344 344 344 320 333 152 266 0 326 346 345 346 346 346 346 346 346 346 346 346 346 346 346 346 346 346 346 322 334 111 401 0 164 183 183 183 183 183 183 183 183 183 183 183 183 183 183 183 183 183 183 159 333 152 266 0 326 346 345 346 346 346 346 346 346 346 346 346 346 346 346 346 346 346 346 322 322 150 424 0 324 344 343 344 344 344 344 344 344 344 344 344 344 344 344 344 344 344 344 320 359 94 144 0 147 166 166 166 166 166 166 166 166 166 166 166 166 166 166 166 166 166 166 147 366 103 155 0 149 168 168 168 168 168 168 168 168 168 168 168 168 168 168 168 168 168 168 19 343 25 25 0 13 19 19 19 19 19 19 19 19 19 19 19 19 19 19 19 19 19 19 19 350 26 26 0 14 20 20 20 20 20 20 20 20 20 20 20 20 20 20 20 20 20 20 20 343 25 25 0 13 19 19 19 19 19 19 19 19 19 19 19 19 19 19 19 19 19 19 19 366 103 155 0 149 168 168 168 168 168 168 168 168 168 168 168 168 168 168 168 168 168 168 19 355 104 156 0 428 450 449 450 450 450 450 450 450 450 450 450 450 450 450 450 450 450 450 324 364 105 157 0 429 451 450 451 451 451 451 451 451 451 451 451 451 451 451 451 451 451 451 19 356 101 158 0 508 532 531 532 532 532 532 532 532 532 532 532 532 532 532 532 532 532 532 492 365 102 159 0 509 533 532 533 533 533 533 533 533 533 533 533 533 533 533 533 533 533 533 19 356 101 158 0 508 532 531 532 532 532 532 532 532 532 532 532 532 532 532 532 532 532 532 492 364 105 157 0 429 451 450 451 451 451 451 451 451 451 451 451 451 451 451 451 451 451 451 19 386 195 340 0 330 350 349 350 350 350 350 350 350 350 350 350 350 350 350 350 350 350 350 19 385 153 267 0 499 523 522 523 523 523 523 523 523 523 523 523 523 523 523 523 523 523 523 19 370 30 30 0 26 32 32 32 32 32 32 32 32 32 32 32 32 32 32 32 32 32 32 19 369 28 28 0 24 30 30 30 30 30 30 30 30 30 30 30 30 30 30 30 30 30 30 20 370 30 30 0 26 32 32 32 32 32 32 32 32 32 32 32 32 32 32 32 32 32 32 19 385 153 267 0 499 523 522 523 523 523 523 523 523 523 523 523 523 523 523 523 523 523 523 19 378 158 272 0 331 351 350 351 351 351 351 351 351 351 351 351 351 351 351 351 351 351 351 325 387 159 273 0 332 352 351 352 352 352 352 352 352 352 352 352 352 352 352 352 352 352 352 326 379 104 425 0 510 534 533 534 534 534 534 534 534 534 534 534 534 534 534 534 534 534 534 493 388 105 426 0 152 171 171 171 171 171 171 171 171 171 171 171 171 171 171 171 171 171 171 151 379 104 425 0 510 534 533 534 534 534 534 534 534 534 534 534 534 534 534 534 534 534 534 493 387 159 273 0 332 352 351 352 352 352 352 352 352 352 352 352 352 352 352 352 352 352 352 326 408 93 143 0 511 535 534 535 535 535 535 535 535 535 535 535 535 535 535 535 535 535 535 19 407 94 144 0 156 175 175 175 175 175 175 175 175 175 175 175 175 175 175 175 175 175 175 19 392 27 27 0 31 37 37 37 37 37 37 37 37 37 37 37 37 37 37 37 37 37 37 20 391 25 25 0 29 35 35 35 35 35 35 35 35 35 35 35 35 35 35 35 35 35 35 20 392 27 27 0 31 37 37 37 37 37 37 37 37 37 37 37 37 37 37 37 37 37 37 20 407 94 144 0 156 175 175 175 175 175 175 175 175 175 175 175 175 175 175 175 175 175 175 19 405 95 145 0 433 455 454 455 455 455 455 455 455 455 455 455 455 455 455 455 455 455 455 156 414 96 146 0 157 176 176 176 176 176 176 176 176 176 176 176 176 176 176 176 176 176 176 19 399 97 147 0 512 536 535 536 536 536 536 536 536 536 536 536 536 536 536 536 536 536 536 156 407 98 148 0 156 175 175 175 175 175 175 175 175 175 175 175 175 175 175 175 175 175 175 19 399 97 147 0 512 536 535 536 536 536 536 536 536 536 536 536 536 536 536 536 536 536 536 156 414 96 146 0 157 176 176 176 176 176 176 176 176 176 176 176 176 176 176 176 176 176 176 19 318 190 335 0 420 442 441 442 442 442 442 442 442 442 442 442 442 442 442 442 442 442 442 412 433 230 427 0 38 44 44 44 44 44 44 44 44 44 44 44 44 44 44 44 44 44 44 26 307 231 428 0 513 537 536 537 537 537 537 537 537 537 537 537 537 537 537 537 537 537 537 494 415 232 429 0 37 43 43 43 43 43 43 43 43 43 43 43 43 43 43 43 43 43 43 25 307 231 428 0 513 537 536 537 537 537 537 537 537 537 537 537 537 537 537 537 537 537 537 494 433 230 427 0 38 44 44 44 44 44 44 44 44 44 44 44 44 44 44 44 44 44 44 26 421 233 430 0 48 54 54 54 54 54 54 54 54 54 54 54 54 54 54 54 54 54 54 36 429 106 160 0 47 53 53 53 53 53 53 53 53 53 53 53 53 53 53 53 53 53 53 35 313 234 431 0 514 538 537 538 538 538 538 538 538 538 538 538 538 538 538 538 538 538 538 495 314 108 162 0 162 181 181 181 181 181 181 181 181 181 181 181 181 181 181 181 181 181 181 157 313 234 431 0 514 538 537 538 538 538 538 538 538 538 538 538 538 538 538 538 538 538 538 495 429 106 160 0 47 53 53 53 53 53 53 53 53 53 53 53 53 53 53 53 53 53 53 35 336 92 142 0 145 164 164 164 164 164 164 164 164 164 164 164 164 164 164 164 164 164 164 146 427 113 167 0 58 64 64 64 64 64 64 64 64 64 64 64 64 64 64 64 64 64 64 46 335 91 141 0 144 163 163 163 163 163 163 163 163 163 163 163 163 163 163 163 163 163 163 145 426 110 164 0 60 66 66 66 66 66 66 66 66 66 66 66 66 66 66 66 66 66 66 48 335 91 141 0 144 163 163 163 163 163 163 163 163 163 163 163 163 163 163 163 163 163 163 145 427 113 167 0 58 64 64 64 64 64 64 64 64 64 64 64 64 64 64 64 64 64 64 46 491 49 432 0 515 539 538 539 539 539 539 539 539 539 539 539 539 539 539 539 539 539 539 496 441 235 76 0 516 540 539 540 540 540 540 540 540 540 540 540 540 540 540 540 540 540 540 497 492 50 350 0 435 457 456 457 457 457 457 457 457 457 457 457 457 457 457 457 457 457 457 419 442 200 224 0 436 458 457 458 458 458 458 458 458 458 458 458 458 458 458 458 458 458 458 420 492 50 350 0 435 457 456 457 457 457 457 457 457 457 457 457 457 457 457 457 457 457 457 419 441 235 76 0 516 540 539 540 540 540 540 540 540 540 540 540 540 540 540 540 540 540 540 497 495 54 433 0 517 541 540 541 541 541 541 541 541 541 541 541 541 541 541 541 541 541 541 498 445 236 89 0 518 542 541 542 542 542 542 542 542 542 542 542 542 542 542 542 542 542 542 499 496 55 351 0 437 459 458 459 459 459 459 459 459 459 459 459 459 459 459 459 459 459 459 421 446 201 222 0 438 460 459 460 460 460 460 460 460 460 460 460 460 460 460 460 460 460 460 422 496 55 351 0 437 459 458 459 459 459 459 459 459 459 459 459 459 459 459 459 459 459 459 421 445 236 89 0 518 542 541 542 542 542 542 542 542 542 542 542 542 542 542 542 542 542 542 499 499 115 434 0 442 464 463 464 464 464 464 464 464 464 464 464 464 464 464 464 464 464 464 426 453 47 71 0 340 360 359 360 360 360 360 360 360 360 360 360 360 360 360 360 360 360 360 330 500 48 352 0 439 461 460 461 461 461 461 461 461 461 461 461 461 461 461 461 461 461 461 423 454 48 73 0 341 361 360 361 361 361 361 361 361 361 361 361 361 361 361 361 361 361 361 331 500 48 352 0 439 461 460 461 461 461 461 461 461 461 461 461 461 461 461 461 461 461 461 423 453 47 71 0 340 360 359 360 360 360 360 360 360 360 360 360 360 360 360 360 360 360 360 330 503 52 435 0 519 543 542 543 543 543 543 543 543 543 543 543 543 543 543 543 543 543 543 500 463 52 84 0 342 362 361 362 362 362 362 362 362 362 362 362 362 362 362 362 362 362 362 332 504 53 353 0 440 462 461 462 462 462 462 462 462 462 462 462 462 462 462 462 462 462 462 424 466 53 86 0 343 363 362 363 363 363 363 363 363 363 363 363 363 363 363 363 363 363 363 333 504 53 353 0 440 462 461 462 462 462 462 462 462 462 462 462 462 462 462 462 462 462 462 424 463 52 84 0 342 362 361 362 362 362 362 362 362 362 362 362 362 362 362 362 362 362 362 332 507 56 436 0 520 544 543 544 544 544 544 544 544 544 544 544 544 544 544 544 544 544 544 501 475 56 99 0 344 364 363 364 364 364 364 364 364 364 364 364 364 364 364 364 364 364 364 334 508 57 354 0 441 463 462 463 463 463 463 463 463 463 463 463 463 463 463 463 463 463 463 425 478 58 101 0 345 365 364 365 365 365 365 365 365 365 365 365 365 365 365 365 365 365 365 335 508 57 354 0 441 463 462 463 463 463 463 463 463 463 463 463 463 463 463 463 463 463 463 425 475 56 99 0 344 364 363 364 364 364 364 364 364 364 364 364 364 364 364 364 364 364 364 334 511 49 437 0 521 545 544 545 545 545 545 545 545 545 545 545 545 545 545 545 545 545 545 502 456 49 240 0 346 366 365 366 366 366 366 366 366 366 366 366 366 366 366 366 366 366 366 336 512 50 356 0 443 465 464 465 465 465 465 465 465 465 465 465 465 465 465 465 465 465 465 427 459 50 81 0 347 367 366 367 367 367 367 367 367 367 367 367 367 367 367 367 367 367 367 337 512 50 356 0 443 465 464 465 465 465 465 465 465 465 465 465 465 465 465 465 465 465 465 427 456 49 240 0 346 366 365 366 366 366 366 366 366 366 366 366 366 366 366 366 366 366 366 336 515 54 438 0 522 546 545 546 546 546 546 546 546 546 546 546 546 546 546 546 546 546 546 503 468 54 244 0 348 368 367 368 368 368 368 368 368 368 368 368 368 368 368 368 368 368 368 338 516 55 357 0 444 466 465 466 466 466 466 466 466 466 466 466 466 466 466 466 466 466 466 428 471 55 96 0 349 369 368 369 369 369 369 369 369 369 369 369 369 369 369 369 369 369 369 339 516 55 357 0 444 466 465 466 466 466 466 466 466 466 466 466 466 466 466 466 466 466 466 428 468 54 244 0 348 368 367 368 368 368 368 368 368 368 368 368 368 368 368 368 368 368 368 338 519 48 358 0 445 467 466 467 467 467 467 467 467 467 467 467 467 467 467 467 467 467 467 429 480 48 310 0 208 227 227 227 227 227 227 227 227 227 227 227 227 227 227 227 227 227 227 203 520 115 439 0 447 469 468 469 469 469 469 469 469 469 469 469 469 469 469 469 469 469 469 431 479 60 309 0 206 225 225 225 225 225 225 225 225 225 225 225 225 225 225 225 225 225 225 201 520 115 439 0 447 469 468 469 469 469 469 469 469 469 469 469 469 469 469 469 469 469 469 431 480 48 310 0 208 227 227 227 227 227 227 227 227 227 227 227 227 227 227 227 227 227 227 203 524 53 359 0 446 468 467 468 468 468 468 468 468 468 468 468 468 468 468 468 468 468 468 430 484 53 360 0 212 231 231 231 231 231 231 231 231 231 231 231 231 231 231 231 231 231 231 207 523 52 440 0 523 547 546 547 547 547 547 547 547 547 547 547 547 547 547 547 547 547 547 504 483 52 242 0 210 229 229 229 229 229 229 229 229 229 229 229 229 229 229 229 229 229 229 205 523 52 440 0 523 547 546 547 547 547 547 547 547 547 547 547 547 547 547 547 547 547 547 504 484 53 360 0 212 231 231 231 231 231 231 231 231 231 231 231 231 231 231 231 231 231 231 207 528 58 363 0 448 470 469 470 470 470 470 470 470 470 470 470 470 470 470 470 470 470 470 432 488 58 314 0 216 235 235 235 235 235 235 235 235 235 235 235 235 235 235 235 235 235 235 211 527 56 441 0 524 548 547 548 548 548 548 548 548 548 548 548 548 548 548 548 548 548 548 505 487 56 313 0 214 233 233 233 233 233 233 233 233 233 233 233 233 233 233 233 233 233 233 209 527 56 441 0 524 548 547 548 548 548 548 548 548 548 548 548 548 548 548 548 548 548 548 505 488 58 314 0 216 235 235 235 235 235 235 235 235 235 235 235 235 235 235 235 235 235 235 211 531 49 432 0 525 549 548 549 549 549 549 549 549 549 549 549 549 549 549 549 549 549 549 506 481 49 76 0 200 219 219 219 219 219 219 219 219 219 219 219 219 219 219 219 219 219 219 195 532 50 350 0 449 471 470 471 471 471 471 471 471 471 471 471 471 471 471 471 471 471 471 433 482 50 224 0 198 217 217 217 217 217 217 217 217 217 217 217 217 217 217 217 217 217 217 193 532 50 350 0 449 471 470 471 471 471 471 471 471 471 471 471 471 471 471 471 471 471 471 433 481 49 76 0 200 219 219 219 219 219 219 219 219 219 219 219 219 219 219 219 219 219 219 195 535 54 433 0 526 550 549 550 550 550 550 550 550 550 550 550 550 550 550 550 550 550 550 507 485 54 89 0 204 223 223 223 223 223 223 223 223 223 223 223 223 223 223 223 223 223 223 199 536 55 351 0 450 472 471 472 472 472 472 472 472 472 472 472 472 472 472 472 472 472 472 434 486 55 222 0 202 221 221 221 221 221 221 221 221 221 221 221 221 221 221 221 221 221 221 197 536 55 351 0 450 472 471 472 472 472 472 472 472 472 472 472 472 472 472 472 472 472 472 434 485 54 89 0 204 223 223 223 223 223 223 223 223 223 223 223 223 223 223 223 223 223 223 199 539 115 434 0 454 476 475 476 476 476 476 476 476 476 476 476 476 476 476 476 476 476 476 438 93 47 71 0 360 380 379 380 380 380 380 380 380 380 380 380 380 380 380 380 380 380 380 350 540 48 352 0 451 473 472 473 473 473 473 473 473 473 473 473 473 473 473 473 473 473 473 435 94 48 73 0 361 381 380 381 381 381 381 381 381 381 381 381 381 381 381 381 381 381 381 351 540 48 352 0 451 473 472 473 473 473 473 473 473 473 473 473 473 473 473 473 473 473 473 435 93 47 71 0 360 380 379 380 380 380 380 380 380 380 380 380 380 380 380 380 380 380 380 350 543 52 435 0 527 551 550 551 551 551 551 551 551 551 551 551 551 551 551 551 551 551 551 508 142 52 84 0 362 382 381 382 382 382 382 382 382 382 382 382 382 382 382 382 382 382 382 352 544 53 353 0 452 474 473 474 474 474 474 474 474 474 474 474 474 474 474 474 474 474 474 436 158 53 86 0 363 383 382 383 383 383 383 383 383 383 383 383 383 383 383 383 383 383 383 353 544 53 353 0 452 474 473 474 474 474 474 474 474 474 474 474 474 474 474 474 474 474 474 436 142 52 84 0 362 382 381 382 382 382 382 382 382 382 382 382 382 382 382 382 382 382 382 352 547 56 436 0 528 552 551 552 552 552 552 552 552 552 552 552 552 552 552 552 552 552 552 509 206 56 99 0 364 384 383 384 384 384 384 384 384 384 384 384 384 384 384 384 384 384 384 354 548 57 354 0 453 475 474 475 475 475 475 475 475 475 475 475 475 475 475 475 475 475 475 437 222 58 101 0 365 385 384 385 385 385 385 385 385 385 385 385 385 385 385 385 385 385 385 355 548 57 354 0 453 475 474 475 475 475 475 475 475 475 475 475 475 475 475 475 475 475 475 437 206 56 99 0 364 384 383 384 384 384 384 384 384 384 384 384 384 384 384 384 384 384 384 354 551 127 442 0 529 553 552 553 553 553 553 553 553 553 553 553 553 553 553 553 553 553 553 510 284 127 443 0 530 554 553 554 554 554 554 554 554 554 554 554 554 554 554 554 554 554 554 511 552 59 444 0 455 477 476 477 477 477 477 477 477 477 477 477 477 477 477 477 477 477 477 439 288 59 445 0 456 478 477 478 478 478 478 478 478 478 478 478 478 478 478 478 478 478 478 440 552 59 444 0 455 477 476 477 477 477 477 477 477 477 477 477 477 477 477 477 477 477 477 439 284 127 443 0 530 554 553 554 554 554 554 554 554 554 554 554 554 554 554 554 554 554 554 511 555 123 368 0 459 481 480 481 481 481 481 481 481 481 481 481 481 481 481 481 481 481 481 443 277 123 286 0 369 389 388 389 389 389 389 389 389 389 389 389 389 389 389 389 389 389 389 359 556 124 366 0 457 479 478 479 479 479 479 479 479 479 479 479 479 479 479 479 479 479 479 441 278 124 287 0 370 390 389 390 390 390 390 390 390 390 390 390 390 390 390 390 390 390 390 360 556 124 366 0 457 479 478 479 479 479 479 479 479 479 479 479 479 479 479 479 479 479 479 441 277 123 286 0 369 389 388 389 389 389 389 389 389 389 389 389 389 389 389 389 389 389 389 359 559 125 446 0 531 555 554 555 555 555 555 555 555 555 555 555 555 555 555 555 555 555 555 512 291 125 288 0 371 391 390 391 391 391 391 391 391 391 391 391 391 391 391 391 391 391 391 361 560 126 367 0 458 480 479 480 480 480 480 480 480 480 480 480 480 480 480 480 480 480 480 442 295 126 289 0 372 392 391 392 392 392 392 392 392 392 392 392 392 392 392 392 392 392 392 362 560 126 367 0 458 480 479 480 480 480 480 480 480 480 480 480 480 480 480 480 480 480 480 442 291 125 288 0 371 391 390 391 391 391 391 391 391 391 391 391 391 391 391 391 391 391 391 361 563 127 447 0 532 556 555 556 556 556 556 556 556 556 556 556 556 556 556 556 556 556 556 513 282 127 290 0 373 393 392 393 393 393 393 393 393 393 393 393 393 393 393 393 393 393 393 363 564 59 448 0 460 482 481 482 482 482 482 482 482 482 482 482 482 482 482 482 482 482 482 444 286 59 291 0 374 394 393 394 394 394 394 394 394 394 394 394 394 394 394 394 394 394 394 364 564 59 448 0 460 482 481 482 482 482 482 482 482 482 482 482 482 482 482 482 482 482 482 444 282 127 290 0 373 393 392 393 393 393 393 393 393 393 393 393 393 393 393 393 393 393 393 363 567 123 373 0 463 485 484 485 485 485 485 485 485 485 485 485 485 485 485 485 485 485 485 447 273 123 292 0 375 395 394 395 395 395 395 395 395 395 395 395 395 395 395 395 395 395 395 365 568 124 371 0 461 483 482 483 483 483 483 483 483 483 483 483 483 483 483 483 483 483 483 445 274 124 293 0 376 396 395 396 396 396 396 396 396 396 396 396 396 396 396 396 396 396 396 366 568 124 371 0 461 483 482 483 483 483 483 483 483 483 483 483 483 483 483 483 483 483 483 445 273 123 292 0 375 395 394 395 395 395 395 395 395 395 395 395 395 395 395 395 395 395 395 365 571 125 449 0 533 557 556 557 557 557 557 557 557 557 557 557 557 557 557 557 557 557 557 514 289 125 294 0 377 397 396 397 397 397 397 397 397 397 397 397 397 397 397 397 397 397 397 367 572 126 372 0 462 484 483 484 484 484 484 484 484 484 484 484 484 484 484 484 484 484 484 446 293 126 295 0 378 398 397 398 398 398 398 398 398 398 398 398 398 398 398 398 398 398 398 368 572 126 372 0 462 484 483 484 484 484 484 484 484 484 484 484 484 484 484 484 484 484 484 446 289 125 294 0 377 397 396 397 397 397 397 397 397 397 397 397 397 397 397 397 397 397 397 367 576 115 450 0 466 488 487 488 488 488 488 488 488 488 488 488 488 488 488 488 488 488 488 450 63 115 170 0 467 489 488 489 489 489 489 489 489 489 489 489 489 489 489 489 489 489 489 451 577 48 451 0 534 558 557 558 558 558 558 558 558 558 558 558 558 558 558 558 558 558 558 515 64 48 74 0 505 529 528 529 529 529 529 529 529 529 529 529 529 529 529 529 529 529 529 489 577 48 451 0 534 558 557 558 558 558 558 558 558 558 558 558 558 558 558 558 558 558 558 515 63 115 170 0 467 489 488 489 489 489 489 489 489 489 489 489 489 489 489 489 489 489 489 451 575 56 452 0 535 559 558 559 559 559 559 559 559 559 559 559 559 559 559 559 559 559 559 516 191 56 176 0 536 560 559 560 560 560 560 560 560 560 560 560 560 560 560 560 560 560 560 517 578 57 374 0 464 486 485 486 486 486 486 486 486 486 486 486 486 486 486 486 486 486 486 448 207 57 102 0 465 487 486 487 487 487 487 487 487 487 487 487 487 487 487 487 487 487 487 449 578 57 374 0 464 486 485 486 486 486 486 486 486 486 486 486 486 486 486 486 486 486 486 448 191 56 176 0 536 560 559 560 560 560 560 560 560 560 560 560 560 560 560 560 560 560 560 517 583 115 453 0 472 494 493 494 494 494 494 494 494 494 494 494 494 494 494 494 494 494 494 456 65 115 238 0 387 407 406 407 407 407 407 407 407 407 407 407 407 407 407 407 407 407 407 377 584 48 377 0 469 491 490 491 491 491 491 491 491 491 491 491 491 491 491 491 491 491 491 453 66 48 239 0 388 408 407 408 408 408 408 408 408 408 408 408 408 408 408 408 408 408 408 378 584 48 377 0 469 491 490 491 491 491 491 491 491 491 491 491 491 491 491 491 491 491 491 453 65 115 238 0 387 407 406 407 407 407 407 407 407 407 407 407 407 407 407 407 407 407 407 377 587 52 454 0 537 561 560 561 561 561 561 561 561 561 561 561 561 561 561 561 561 561 561 518 128 52 82 0 389 409 408 409 409 409 409 409 409 409 409 409 409 409 409 409 409 409 409 379 588 53 378 0 470 492 491 492 492 492 492 492 492 492 492 492 492 492 492 492 492 492 492 454 144 53 243 0 390 410 409 410 410 410 410 410 410 410 410 410 410 410 410 410 410 410 410 380 588 53 378 0 470 492 491 492 492 492 492 492 492 492 492 492 492 492 492 492 492 492 492 454 128 52 82 0 389 409 408 409 409 409 409 409 409 409 409 409 409 409 409 409 409 409 409 379 591 56 455 0 538 562 561 562 562 562 562 562 562 562 562 562 562 562 562 562 562 562 562 519 192 56 97 0 391 411 410 411 411 411 411 411 411 411 411 411 411 411 411 411 411 411 411 381 592 57 379 0 471 493 492 493 493 493 493 493 493 493 493 493 493 493 493 493 493 493 493 455 208 57 246 0 392 412 411 412 412 412 412 412 412 412 412 412 412 412 412 412 412 412 412 382 592 57 379 0 471 493 492 493 493 493 493 493 493 493 493 493 493 493 493 493 493 493 493 455 192 56 97 0 391 411 410 411 411 411 411 411 411 411 411 411 411 411 411 411 411 411 411 381 595 49 437 0 539 563 562 563 563 563 563 563 563 563 563 563 563 563 563 563 563 563 563 520 97 49 240 0 393 413 412 413 413 413 413 413 413 413 413 413 413 413 413 413 413 413 413 383 596 50 356 0 473 495 494 495 495 495 495 495 495 495 495 495 495 495 495 495 495 495 495 457 113 50 81 0 394 414 413 414 414 414 414 414 414 414 414 414 414 414 414 414 414 414 414 384 596 50 356 0 473 495 494 495 495 495 495 495 495 495 495 495 495 495 495 495 495 495 495 457 97 49 240 0 393 413 412 413 413 413 413 413 413 413 413 413 413 413 413 413 413 413 413 383 599 54 438 0 540 564 563 564 564 564 564 564 564 564 564 564 564 564 564 564 564 564 564 521 161 131 244 0 395 415 414 415 415 415 415 415 415 415 415 415 415 415 415 415 415 415 415 385 600 55 357 0 474 496 495 496 496 496 496 496 496 496 496 496 496 496 496 496 496 496 496 458 177 55 96 0 396 416 415 416 416 416 416 416 416 416 416 416 416 416 416 416 416 416 416 386 600 55 357 0 474 496 495 496 496 496 496 496 496 496 496 496 496 496 496 496 496 496 496 458 161 131 244 0 395 415 414 415 415 415 415 415 415 415 415 415 415 415 415 415 415 415 415 385 603 59 434 0 479 501 500 501 501 501 501 501 501 501 501 501 501 501 501 501 501 501 501 463 69 59 71 0 114 127 127 127 127 127 127 127 127 127 127 127 127 127 127 127 127 127 127 109 604 48 352 0 475 497 496 497 497 497 497 497 497 497 497 497 497 497 497 497 497 497 497 459 70 48 73 0 68 81 81 81 81 81 81 81 81 81 81 81 81 81 81 81 81 81 81 63 604 48 352 0 475 497 496 497 497 497 497 497 497 497 497 497 497 497 497 497 497 497 497 459 69 59 71 0 114 127 127 127 127 127 127 127 127 127 127 127 127 127 127 127 127 127 127 109 607 51 435 0 541 565 564 565 565 565 565 565 565 565 565 565 565 565 565 565 565 565 565 522 130 51 84 0 399 421 420 421 421 421 421 421 421 421 421 421 421 421 421 421 421 421 421 391 608 123 353 0 476 498 497 498 498 498 498 498 498 498 498 498 498 498 498 498 498 498 498 460 146 123 86 0 477 499 498 499 499 499 499 499 499 499 499 499 499 499 499 499 499 499 499 461 608 123 353 0 476 498 497 498 498 498 498 498 498 498 498 498 498 498 498 498 498 498 498 460 130 51 84 0 399 421 420 421 421 421 421 421 421 421 421 421 421 421 421 421 421 421 421 391 611 56 436 0 542 566 565 566 566 566 566 566 566 566 566 566 566 566 566 566 566 566 566 523 194 56 99 0 489 511 510 511 511 511 511 511 511 511 511 511 511 511 511 511 511 511 511 473 612 58 354 0 478 500 499 500 500 500 500 500 500 500 500 500 500 500 500 500 500 500 500 462 210 58 101 0 112 125 125 125 125 125 125 125 125 125 125 125 125 125 125 125 125 125 125 107 612 58 354 0 478 500 499 500 500 500 500 500 500 500 500 500 500 500 500 500 500 500 500 462 194 56 99 0 489 511 510 511 511 511 511 511 511 511 511 511 511 511 511 511 511 511 511 473 29 175 306 0 61 71 71 71 71 71 71 71 71 71 71 71 71 71 71 71 71 71 71 53 16 226 416 0 62 516 515 516 516 516 516 516 516 516 516 516 516 516 516 516 516 516 516 478 28 138 237 0 61 76 76 76 76 76 76 76 76 76 76 76 76 76 76 76 76 76 76 58 15 219 409 0 62 417 416 417 417 417 417 417 417 417 417 417 417 417 417 417 417 417 417 387 28 138 237 0 61 76 76 76 76 76 76 76 76 76 76 76 76 76 76 76 76 76 76 58 16 226 416 0 62 516 515 516 516 516 516 516 516 516 516 516 516 516 516 516 516 516 516 478 44 220 410 0 63 75 75 75 75 75 75 75 75 75 75 75 75 75 75 75 75 75 75 57 45 237 456 0 63 306 73 306 306 306 306 306 306 306 306 306 306 306 306 306 306 306 306 282 31 37 60 0 61 69 69 69 69 69 69 69 69 69 69 69 69 69 69 69 69 69 69 51 32 35 58 0 61 67 67 67 67 67 67 67 67 67 67 67 67 67 67 67 67 67 67 49 31 37 60 0 61 69 69 69 69 69 69 69 69 69 69 69 69 69 69 69 69 69 69 51 45 237 456 0 63 306 73 306 306 306 306 306 306 306 306 306 306 306 306 306 306 306 306 282 49 238 457 0 63 418 417 418 418 418 418 418 418 418 418 418 418 418 418 418 418 418 418 388 36 39 62 0 61 71 71 71 71 71 71 71 71 71 71 71 71 71 71 71 71 71 71 53 48 221 411 0 63 75 75 75 75 75 75 75 75 75 75 75 75 75 75 75 75 75 75 57 35 41 64 0 61 69 69 69 69 69 69 69 69 69 69 69 69 69 69 69 69 69 69 51 48 221 411 0 63 75 75 75 75 75 75 75 75 75 75 75 75 75 75 75 75 75 75 57 36 39 62 0 61 71 71 71 71 71 71 71 71 71 71 71 71 71 71 71 71 71 71 53 81 47 238 0 410 432 431 432 432 432 432 432 432 432 432 432 432 432 432 432 432 432 432 402 83 60 70 0 316 336 335 336 336 336 336 336 336 336 336 336 336 336 336 336 336 336 336 312 82 48 239 0 397 419 418 419 419 419 419 419 419 419 419 419 419 419 419 419 419 419 419 389 84 48 72 0 293 313 312 313 313 313 313 313 313 313 313 313 313 313 313 313 313 313 313 289 82 48 239 0 397 419 418 419 419 419 419 419 419 419 419 419 419 419 419 419 419 419 419 389 83 60 70 0 316 336 335 336 336 336 336 336 336 336 336 336 336 336 336 336 336 336 336 312 76 48 72 0 66 79 79 79 79 79 79 79 79 79 79 79 79 79 79 79 79 79 79 61 78 48 73 0 67 80 80 80 80 80 80 80 80 80 80 80 80 80 80 80 80 80 80 62 101 49 240 0 398 420 419 420 420 420 420 420 420 420 420 420 420 420 420 420 420 420 420 390 102 49 75 0 295 315 314 315 315 315 315 315 315 315 315 315 315 315 315 315 315 315 315 291 101 49 240 0 398 420 419 420 420 420 420 420 420 420 420 420 420 420 420 420 420 420 420 390 78 48 73 0 67 80 80 80 80 80 80 80 80 80 80 80 80 80 80 80 80 80 80 62 98 49 75 0 70 83 83 83 83 83 83 83 83 83 83 83 83 83 83 83 83 83 83 65 99 49 76 0 71 84 84 84 84 84 84 84 84 84 84 84 84 84 84 84 84 84 84 66 114 130 180 0 281 300 300 300 300 300 300 300 300 300 300 300 300 300 300 300 300 300 300 276 115 50 224 0 297 317 316 317 317 317 317 317 317 317 317 317 317 317 317 317 317 317 317 293 114 130 180 0 281 300 300 300 300 300 300 300 300 300 300 300 300 300 300 300 300 300 300 276 99 49 76 0 71 84 84 84 84 84 84 84 84 84 84 84 84 84 84 84 84 84 84 66 106 49 75 0 74 87 87 87 87 87 87 87 87 87 87 87 87 87 87 87 87 87 87 69 107 49 76 0 75 88 88 88 88 88 88 88 88 88 88 88 88 88 88 88 88 88 88 70 122 50 180 0 400 422 421 422 422 422 422 422 422 422 422 422 422 422 422 422 422 422 422 392 123 50 224 0 299 319 318 319 319 319 319 319 319 319 319 319 319 319 319 319 319 319 319 295 122 50 180 0 400 422 421 422 422 422 422 422 422 422 422 422 422 422 422 422 422 422 422 392 107 49 76 0 75 88 88 88 88 88 88 88 88 88 88 88 88 88 88 88 88 88 88 70 119 50 79 0 78 91 91 91 91 91 91 91 91 91 91 91 91 91 91 91 91 91 91 73 120 50 80 0 79 92 92 92 92 92 92 92 92 92 92 92 92 92 92 92 92 92 92 74 135 52 241 0 401 423 422 423 423 423 423 423 423 423 423 423 423 423 423 423 423 423 423 393 136 52 82 0 301 321 320 321 321 321 321 321 321 321 321 321 321 321 321 321 321 321 321 297 135 52 241 0 401 423 422 423 423 423 423 423 423 423 423 423 423 423 423 423 423 423 423 393 120 50 80 0 79 92 92 92 92 92 92 92 92 92 92 92 92 92 92 92 92 92 92 74 132 51 82 0 82 95 95 95 95 95 95 95 95 95 95 95 95 95 95 95 95 95 95 77 133 51 83 0 83 96 96 96 96 96 96 96 96 96 96 96 96 96 96 96 96 96 96 78 148 129 243 0 402 424 423 424 424 424 424 424 424 424 424 424 424 424 424 424 424 424 424 394 149 139 85 0 303 323 322 323 323 323 323 323 323 323 323 323 323 323 323 323 323 323 323 299 148 129 243 0 402 424 423 424 424 424 424 424 424 424 424 424 424 424 424 424 424 424 424 394 133 51 83 0 83 96 96 96 96 96 96 96 96 96 96 96 96 96 96 96 96 96 96 78 140 52 82 0 86 99 99 99 99 99 99 99 99 99 99 99 99 99 99 99 99 99 99 81 141 52 83 0 87 100 100 100 100 100 100 100 100 100 100 100 100 100 100 100 100 100 100 82 156 53 243 0 403 425 424 425 425 425 425 425 425 425 425 425 425 425 425 425 425 425 425 395 157 53 85 0 404 426 425 426 426 426 426 426 426 426 426 426 426 426 426 426 426 426 426 396 156 53 243 0 403 425 424 425 425 425 425 425 425 425 425 425 425 425 425 425 425 425 425 395 141 52 83 0 87 100 100 100 100 100 100 100 100 100 100 100 100 100 100 100 100 100 100 82 153 53 85 0 90 103 103 103 103 103 103 103 103 103 103 103 103 103 103 103 103 103 103 85 154 53 86 0 91 104 104 104 104 104 104 104 104 104 104 104 104 104 104 104 104 104 104 86 169 54 244 0 405 427 426 427 427 427 427 427 427 427 427 427 427 427 427 427 427 427 427 397 170 54 88 0 305 325 324 325 325 325 325 325 325 325 325 325 325 325 325 325 325 325 325 301 169 54 244 0 405 427 426 427 427 427 427 427 427 427 427 427 427 427 427 427 427 427 427 397 154 53 86 0 91 104 104 104 104 104 104 104 104 104 104 104 104 104 104 104 104 104 104 86 166 54 88 0 94 107 107 107 107 107 107 107 107 107 107 107 107 107 107 107 107 107 107 89 167 54 89 0 95 108 108 108 108 108 108 108 108 108 108 108 108 108 108 108 108 108 108 90 182 55 183 0 406 428 427 428 428 428 428 428 428 428 428 428 428 428 428 428 428 428 428 398 183 55 222 0 307 327 326 327 327 327 327 327 327 327 327 327 327 327 327 327 327 327 327 303 182 55 183 0 406 428 427 428 428 428 428 428 428 428 428 428 428 428 428 428 428 428 428 398 167 54 89 0 95 108 108 108 108 108 108 108 108 108 108 108 108 108 108 108 108 108 108 90 179 55 92 0 98 111 111 111 111 111 111 111 111 111 111 111 111 111 111 111 111 111 111 93 180 55 93 0 99 112 112 112 112 112 112 112 112 112 112 112 112 112 112 112 112 112 112 94 195 56 245 0 407 429 428 429 429 429 429 429 429 429 429 429 429 429 429 429 429 429 429 399 196 56 97 0 309 329 328 329 329 329 329 329 329 329 329 329 329 329 329 329 329 329 329 305 195 56 245 0 407 429 428 429 429 429 429 429 429 429 429 429 429 429 429 429 429 429 429 399 180 55 93 0 99 112 112 112 112 112 112 112 112 112 112 112 112 112 112 112 112 112 112 94 187 55 95 0 102 115 115 115 115 115 115 115 115 115 115 115 115 115 115 115 115 115 115 97 188 55 93 0 103 116 116 116 116 116 116 116 116 116 116 116 116 116 116 116 116 116 116 98 203 56 313 0 408 430 429 430 430 430 430 430 430 430 430 430 430 430 430 430 430 430 430 400 204 56 97 0 311 331 330 331 331 331 331 331 331 331 331 331 331 331 331 331 331 331 331 307 203 56 313 0 408 430 429 430 430 430 430 430 430 430 430 430 430 430 430 430 430 430 430 400 188 55 93 0 103 116 116 116 116 116 116 116 116 116 116 116 116 116 116 116 116 116 116 98 200 56 97 0 106 119 119 119 119 119 119 119 119 119 119 119 119 119 119 119 119 119 119 101 201 56 98 0 107 120 120 120 120 120 120 120 120 120 120 120 120 120 120 120 120 120 120 102 216 58 246 0 409 431 430 431 431 431 431 431 431 431 431 431 431 431 431 431 431 431 431 401 217 58 100 0 315 335 334 335 335 335 335 335 335 335 335 335 335 335 335 335 335 335 335 311 216 58 246 0 409 431 430 431 431 431 431 431 431 431 431 431 431 431 431 431 431 431 431 401 201 56 98 0 107 120 120 120 120 120 120 120 120 120 120 120 120 120 120 120 120 120 120 102 213 57 100 0 110 123 123 123 123 123 123 123 123 123 123 123 123 123 123 123 123 123 123 105 214 58 101 0 111 124 124 124 124 124 124 124 124 124 124 124 124 124 124 124 124 124 124 106 75 47 247 0 64 77 77 77 77 77 77 77 77 77 77 77 77 77 77 77 77 77 77 59 77 47 103 0 65 78 78 78 78 78 78 78 78 78 78 78 78 78 78 78 78 78 78 60 75 47 247 0 64 77 77 77 77 77 77 77 77 77 77 77 77 77 77 77 77 77 77 59 214 58 101 0 111 124 124 124 124 124 124 124 124 124 124 124 124 124 124 124 124 124 124 106 233 64 108 0 120 136 136 136 136 136 136 136 136 136 136 136 136 136 136 136 136 136 136 118 234 223 413 0 120 136 136 136 136 136 136 136 136 136 136 136 136 136 136 136 136 136 136 118 10 7 7 0 0 4 4 4 4 4 4 4 4 4 4 4 4 4 4 4 4 4 4 4 11 5 5 0 0 3 3 3 3 3 3 3 3 3 3 3 3 3 3 3 3 3 3 3 10 7 7 0 0 4 4 4 4 4 4 4 4 4 4 4 4 4 4 4 4 4 4 4 234 223 413 0 120 136 136 136 136 136 136 136 136 136 136 136 136 136 136 136 136 136 136 118 245 224 414 0 120 135 135 135 135 135 135 135 135 135 135 135 135 135 135 135 135 135 135 117 5 10 10 0 1 5 5 5 5 5 5 5 5 5 5 5 5 5 5 5 5 5 5 5 231 239 458 0 120 515 514 515 515 515 515 515 515 515 515 515 515 515 515 515 515 515 515 477 4 8 8 0 0 4 4 4 4 4 4 4 4 4 4 4 4 4 4 4 4 4 4 4 231 239 458 0 120 515 514 515 515 515 515 515 515 515 515 515 515 515 515 515 515 515 515 477 5 10 10 0 1 5 5 5 5 5 5 5 5 5 5 5 5 5 5 5 5 5 5 5 229 240 459 0 120 133 133 133 133 133 133 133 133 133 133 133 133 133 133 133 133 133 133 115 15 219 409 0 62 417 416 417 417 417 417 417 417 417 417 417 417 417 417 417 417 417 417 387 230 225 415 0 120 515 514 515 515 515 515 515 515 515 515 515 515 515 515 515 515 515 515 477 16 226 416 0 62 516 515 516 516 516 516 516 516 516 516 516 516 516 516 516 516 516 516 478 230 225 415 0 120 515 514 515 515 515 515 515 515 515 515 515 515 515 515 515 515 515 515 477 15 219 409 0 62 417 416 417 417 417 417 417 417 417 417 417 417 417 417 417 417 417 417 387 233 241 460 0 120 136 136 136 136 136 136 136 136 136 136 136 136 136 136 136 136 136 136 118 23 40 63 0 62 72 72 72 72 72 72 72 72 72 72 72 72 72 72 72 72 72 72 54 234 227 417 0 120 136 136 136 136 136 136 136 136 136 136 136 136 136 136 136 136 136 136 118 24 134 233 0 62 72 72 72 72 72 72 72 72 72 72 72 72 72 72 72 72 72 72 54 234 227 417 0 120 136 136 136 136 136 136 136 136 136 136 136 136 136 136 136 136 136 136 118 23 40 63 0 62 72 72 72 72 72 72 72 72 72 72 72 72 72 72 72 72 72 72 54 54 79 418 0 128 147 147 147 147 147 147 147 147 147 147 147 147 147 147 147 147 147 147 129 252 209 419 0 493 517 516 517 517 517 517 517 517 517 517 517 517 517 517 517 517 517 517 479 53 82 461 0 134 153 153 153 153 153 153 153 153 153 153 153 153 153 153 153 153 153 153 135 251 228 462 0 506 530 529 530 530 530 530 530 530 530 530 530 530 530 530 530 530 530 530 490 53 82 461 0 134 153 153 153 153 153 153 153 153 153 153 153 153 153 153 153 153 153 153 135 252 209 419 0 493 517 516 517 517 517 517 517 517 517 517 517 517 517 517 517 517 517 517 479 244 22 463 0 10 16 16 16 16 16 16 16 16 16 16 16 16 16 16 16 16 16 16 16 260 242 464 0 543 567 566 567 567 567 567 567 567 567 567 567 567 567 567 567 567 567 567 524 236 23 465 0 11 17 17 17 17 17 17 17 17 17 17 17 17 17 17 17 17 17 17 17 251 228 466 0 506 530 529 530 530 530 530 530 530 530 530 530 530 530 530 530 530 530 530 490 236 23 465 0 11 17 17 17 17 17 17 17 17 17 17 17 17 17 17 17 17 17 17 17 260 242 464 0 543 567 566 567 567 567 567 567 567 567 567 567 567 567 567 567 567 567 567 524 284 127 443 0 530 554 553 554 554 554 554 554 554 554 554 554 554 554 554 554 554 554 554 511 263 243 467 0 544 568 567 568 568 568 568 568 568 568 568 568 568 568 568 568 568 568 568 525 288 59 445 0 456 478 477 478 478 478 478 478 478 478 478 478 478 478 478 478 478 478 478 440 264 229 468 0 507 531 530 531 531 531 531 531 531 531 531 531 531 531 531 531 531 531 531 491 288 59 445 0 456 478 477 478 478 478 478 478 478 478 478 478 478 478 478 478 478 478 478 440 263 243 467 0 544 568 567 568 568 568 568 568 568 568 568 568 568 568 568 568 568 568 568 525 57 183 84 0 413 435 434 435 435 435 435 435 435 435 435 435 435 435 435 435 435 435 435 405 301 52 301 0 384 404 403 404 404 404 404 404 404 404 404 404 404 404 404 404 404 404 404 374 58 181 86 0 411 433 432 433 433 433 433 433 433 433 433 433 433 433 433 433 433 433 433 403 302 53 302 0 385 405 404 405 405 405 405 405 405 405 405 405 405 405 405 405 405 405 405 375 58 181 86 0 411 433 432 433 433 433 433 433 433 433 433 433 433 433 433 433 433 433 433 403 301 52 301 0 384 404 403 404 404 404 404 404 404 404 404 404 404 404 404 404 404 404 404 374 330 189 334 0 419 441 440 441 441 441 441 441 441 441 441 441 441 441 441 441 441 441 441 411 318 190 335 0 420 442 441 442 442 442 442 442 442 442 442 442 442 442 442 442 442 442 442 412 319 191 336 0 421 443 442 443 443 443 443 443 443 443 443 443 443 443 443 443 443 443 443 413 307 231 428 0 513 537 536 537 537 537 537 537 537 537 537 537 537 537 537 537 537 537 537 494 319 191 336 0 421 443 442 443 443 443 443 443 443 443 443 443 443 443 443 443 443 443 443 413 318 190 335 0 420 442 441 442 442 442 442 442 442 442 442 442 442 442 442 442 442 442 442 412 320 147 261 0 321 341 340 341 341 341 341 341 341 341 341 341 341 341 341 341 341 341 341 317 319 191 336 0 421 443 442 443 443 443 443 443 443 443 443 443 443 443 443 443 443 443 443 413 308 149 263 0 323 343 342 343 343 343 343 343 343 343 343 343 343 343 343 343 343 343 343 319 307 231 428 0 513 537 536 537 537 537 537 537 537 537 537 537 537 537 537 537 537 537 537 494 308 149 263 0 323 343 342 343 343 343 343 343 343 343 343 343 343 343 343 343 343 343 343 319 319 191 336 0 421 443 442 443 443 443 443 443 443 443 443 443 443 443 443 443 443 443 443 413 330 189 334 0 419 441 440 441 441 441 441 441 441 441 441 441 441 441 441 441 441 441 441 411 319 191 336 0 421 443 442 443 443 443 443 443 443 443 443 443 443 443 443 443 443 443 443 413 342 194 339 0 424 446 445 446 446 446 446 446 446 446 446 446 446 446 446 446 446 446 446 416 331 192 337 0 422 444 443 444 444 444 444 444 444 444 444 444 444 444 444 444 444 444 444 414 342 194 339 0 424 446 445 446 446 446 446 446 446 446 446 446 446 446 446 446 446 446 446 416 319 191 336 0 421 443 442 443 443 443 443 443 443 443 443 443 443 443 443 443 443 443 443 413 364 100 150 0 429 451 450 451 451 451 451 451 451 451 451 451 451 451 451 451 451 451 451 19 363 160 274 0 427 449 448 449 449 449 449 449 449 449 449 449 449 449 449 449 449 449 449 19 348 31 31 0 19 25 25 25 25 25 25 25 25 25 25 25 25 25 25 25 25 25 25 20 347 32 32 0 20 26 26 26 26 26 26 26 26 26 26 26 26 26 26 26 26 26 26 20 348 31 31 0 19 25 25 25 25 25 25 25 25 25 25 25 25 25 25 25 25 25 25 20 363 160 274 0 427 449 448 449 449 449 449 449 449 449 449 449 449 449 449 449 449 449 449 19 358 161 275 0 498 522 521 522 522 522 522 522 522 522 522 522 522 522 522 522 522 522 522 484 361 162 276 0 327 347 346 347 347 347 347 347 347 347 347 347 347 347 347 347 347 347 347 19 353 156 277 0 545 569 568 569 569 569 569 569 569 569 569 569 569 569 569 569 569 569 569 492 362 157 278 0 425 447 446 447 447 447 447 447 447 447 447 447 447 447 447 447 447 447 447 19 353 156 277 0 545 569 568 569 569 569 569 569 569 569 569 569 569 569 569 569 569 569 569 492 361 162 276 0 327 347 346 347 347 347 347 347 347 347 347 347 347 347 347 347 347 347 347 19 387 160 469 0 332 352 351 352 352 352 352 352 352 352 352 352 352 352 352 352 352 352 352 326 386 195 340 0 330 350 349 350 350 350 350 350 350 350 350 350 350 350 350 350 350 350 350 19 371 32 33 0 28 34 34 34 34 34 34 34 34 34 34 34 34 34 34 34 34 34 34 21 370 30 30 0 26 32 32 32 32 32 32 32 32 32 32 32 32 32 32 32 32 32 32 19 371 32 33 0 28 34 34 34 34 34 34 34 34 34 34 34 34 34 34 34 34 34 34 21 386 195 340 0 330 350 349 350 350 350 350 350 350 350 350 350 350 350 350 350 350 350 350 19 376 154 397 0 500 524 523 524 524 524 524 524 524 524 524 524 524 524 524 524 524 524 524 156 384 155 398 0 430 452 451 452 452 452 452 452 452 452 452 452 452 452 452 452 452 452 452 19 382 161 395 0 546 570 569 570 570 570 570 570 570 570 570 570 570 570 570 570 570 570 570 492 385 162 396 0 499 523 522 523 523 523 523 523 523 523 523 523 523 523 523 523 523 523 523 19 382 161 395 0 546 570 569 570 570 570 570 570 570 570 570 570 570 570 570 570 570 570 570 492 384 155 398 0 430 452 451 452 452 452 452 452 452 452 452 452 452 452 452 452 452 452 452 19 409 153 267 0 335 355 354 355 355 355 355 355 355 355 355 355 355 355 355 355 355 355 355 21 408 93 143 0 511 535 534 535 535 535 535 535 535 535 535 535 535 535 535 535 535 535 535 19 393 28 28 0 32 38 38 38 38 38 38 38 38 38 38 38 38 38 38 38 38 38 38 19 392 27 27 0 31 37 37 37 37 37 37 37 37 37 37 37 37 37 37 37 37 37 37 20 393 28 28 0 32 38 38 38 38 38 38 38 38 38 38 38 38 38 38 38 38 38 38 19 408 93 143 0 511 535 534 535 535 535 535 535 535 535 535 535 535 535 535 535 535 535 535 19 399 97 147 0 512 536 535 536 536 536 536 536 536 536 536 536 536 536 536 536 536 536 536 156 407 98 148 0 156 175 175 175 175 175 175 175 175 175 175 175 175 175 175 175 175 175 175 19 400 154 268 0 547 571 570 571 571 571 571 571 571 571 571 571 571 571 571 571 571 571 571 156 408 155 269 0 511 535 534 535 535 535 535 535 535 535 535 535 535 535 535 535 535 535 535 19 400 154 268 0 547 571 570 571 571 571 571 571 571 571 571 571 571 571 571 571 571 571 571 156 407 98 148 0 156 175 175 175 175 175 175 175 175 175 175 175 175 175 175 175 175 175 175 19 312 86 136 0 139 158 158 158 158 158 158 158 158 158 158 158 158 158 158 158 158 158 158 140 420 164 280 0 46 52 52 52 52 52 52 52 52 52 52 52 52 52 52 52 52 52 52 34 313 234 431 0 514 538 537 538 538 538 538 538 538 538 538 538 538 538 538 538 538 538 538 495 421 233 430 0 48 54 54 54 54 54 54 54 54 54 54 54 54 54 54 54 54 54 54 36 313 234 431 0 514 538 537 538 538 538 538 538 538 538 538 538 538 538 538 538 538 538 538 495 420 164 280 0 46 52 52 52 52 52 52 52 52 52 52 52 52 52 52 52 52 52 52 34 418 198 470 0 42 48 48 48 48 48 48 48 48 48 48 48 48 48 48 48 48 48 48 30 419 163 279 0 44 50 50 50 50 50 50 50 50 50 50 50 50 50 50 50 50 50 50 32 310 199 423 0 434 456 455 456 456 456 456 456 456 456 456 456 456 456 456 456 456 456 456 418 311 84 134 0 137 156 156 156 156 156 156 156 156 156 156 156 156 156 156 156 156 156 156 138 310 199 423 0 434 456 455 456 456 456 456 456 456 456 456 456 456 456 456 456 456 456 456 418 419 163 279 0 44 50 50 50 50 50 50 50 50 50 50 50 50 50 50 50 50 50 50 32 332 151 265 0 325 345 344 345 345 345 345 345 345 345 345 345 345 345 345 345 345 345 345 321 333 152 266 0 326 346 345 346 346 346 346 346 346 346 346 346 346 346 346 346 346 346 346 322 423 244 471 0 55 61 61 61 61 61 61 61 61 61 61 61 61 61 61 61 61 61 61 43 424 215 402 0 57 63 63 63 63 63 63 63 63 63 63 63 63 63 63 63 63 63 63 45 423 244 471 0 55 61 61 61 61 61 61 61 61 61 61 61 61 61 61 61 61 61 61 43 333 152 266 0 326 346 345 346 346 346 346 346 346 346 346 346 346 346 346 346 346 346 346 322 457 49 75 0 178 197 197 197 197 197 197 197 197 197 197 197 197 197 197 197 197 197 197 173 491 49 432 0 515 539 538 539 539 539 539 539 539 539 539 539 539 539 539 539 539 539 539 496 460 50 180 0 180 199 199 199 199 199 199 199 199 199 199 199 199 199 199 199 199 199 199 175 492 50 350 0 435 457 456 457 457 457 457 457 457 457 457 457 457 457 457 457 457 457 457 419 460 50 180 0 180 199 199 199 199 199 199 199 199 199 199 199 199 199 199 199 199 199 199 175 491 49 432 0 515 539 538 539 539 539 539 539 539 539 539 539 539 539 539 539 539 539 539 496 469 54 88 0 182 201 201 201 201 201 201 201 201 201 201 201 201 201 201 201 201 201 201 177 495 54 433 0 517 541 540 541 541 541 541 541 541 541 541 541 541 541 541 541 541 541 541 498 472 55 183 0 184 203 203 203 203 203 203 203 203 203 203 203 203 203 203 203 203 203 203 179 496 55 351 0 437 459 458 459 459 459 459 459 459 459 459 459 459 459 459 459 459 459 459 421 472 55 183 0 184 203 203 203 203 203 203 203 203 203 203 203 203 203 203 203 203 203 203 179 495 54 433 0 517 541 540 541 541 541 541 541 541 541 541 541 541 541 541 541 541 541 541 498 451 60 70 0 186 205 205 205 205 205 205 205 205 205 205 205 205 205 205 205 205 205 205 181 499 115 434 0 442 464 463 464 464 464 464 464 464 464 464 464 464 464 464 464 464 464 464 426 452 48 72 0 188 207 207 207 207 207 207 207 207 207 207 207 207 207 207 207 207 207 207 183 500 48 352 0 439 461 460 461 461 461 461 461 461 461 461 461 461 461 461 461 461 461 461 423 452 48 72 0 188 207 207 207 207 207 207 207 207 207 207 207 207 207 207 207 207 207 207 183 499 115 434 0 442 464 463 464 464 464 464 464 464 464 464 464 464 464 464 464 464 464 464 426 462 52 83 0 190 209 209 209 209 209 209 209 209 209 209 209 209 209 209 209 209 209 209 185 503 52 435 0 519 543 542 543 543 543 543 543 543 543 543 543 543 543 543 543 543 543 543 500 465 53 85 0 192 211 211 211 211 211 211 211 211 211 211 211 211 211 211 211 211 211 211 187 504 53 353 0 440 462 461 462 462 462 462 462 462 462 462 462 462 462 462 462 462 462 462 424 465 53 85 0 192 211 211 211 211 211 211 211 211 211 211 211 211 211 211 211 211 211 211 187 503 52 435 0 519 543 542 543 543 543 543 543 543 543 543 543 543 543 543 543 543 543 543 500 474 56 98 0 194 213 213 213 213 213 213 213 213 213 213 213 213 213 213 213 213 213 213 189 507 56 436 0 520 544 543 544 544 544 544 544 544 544 544 544 544 544 544 544 544 544 544 501 477 58 100 0 196 215 215 215 215 215 215 215 215 215 215 215 215 215 215 215 215 215 215 191 508 57 354 0 441 463 462 463 463 463 463 463 463 463 463 463 463 463 463 463 463 463 463 425 477 58 100 0 196 215 215 215 215 215 215 215 215 215 215 215 215 215 215 215 215 215 215 191 507 56 436 0 520 544 543 544 544 544 544 544 544 544 544 544 544 544 544 544 544 544 544 501 455 49 78 0 357 377 376 377 377 377 377 377 377 377 377 377 377 377 377 377 377 377 377 347 511 49 437 0 521 545 544 545 545 545 545 545 545 545 545 545 545 545 545 545 545 545 545 502 458 50 80 0 356 376 375 376 376 376 376 376 376 376 376 376 376 376 376 376 376 376 376 346 512 50 356 0 443 465 464 465 465 465 465 465 465 465 465 465 465 465 465 465 465 465 465 427 458 50 80 0 356 376 375 376 376 376 376 376 376 376 376 376 376 376 376 376 376 376 376 346 511 49 437 0 521 545 544 545 545 545 545 545 545 545 545 545 545 545 545 545 545 545 545 502 467 54 91 0 359 379 378 379 379 379 379 379 379 379 379 379 379 379 379 379 379 379 379 349 515 54 438 0 522 546 545 546 546 546 546 546 546 546 546 546 546 546 546 546 546 546 546 503 470 55 93 0 358 378 377 378 378 378 378 378 378 378 378 378 378 378 378 378 378 378 378 348 516 55 357 0 444 466 465 466 466 466 466 466 466 466 466 466 466 466 466 466 466 466 466 428 470 55 93 0 358 378 377 378 378 378 378 378 378 378 378 378 378 378 378 378 378 378 378 348 515 54 438 0 522 546 545 546 546 546 546 546 546 546 546 546 546 546 546 546 546 546 546 503 450 48 239 0 351 371 370 371 371 371 371 371 371 371 371 371 371 371 371 371 371 371 371 341 519 48 358 0 445 467 466 467 467 467 467 467 467 467 467 467 467 467 467 467 467 467 467 429 449 47 238 0 350 370 369 370 370 370 370 370 370 370 370 370 370 370 370 370 370 370 370 340 520 115 439 0 447 469 468 469 469 469 469 469 469 469 469 469 469 469 469 469 469 469 469 431 449 47 238 0 350 370 369 370 370 370 370 370 370 370 370 370 370 370 370 370 370 370 370 340 519 48 358 0 445 467 466 467 467 467 467 467 467 467 467 467 467 467 467 467 467 467 467 429 464 53 243 0 353 373 372 373 373 373 373 373 373 373 373 373 373 373 373 373 373 373 373 343 524 53 359 0 446 468 467 468 468 468 468 468 468 468 468 468 468 468 468 468 468 468 468 430 461 52 82 0 352 372 371 372 372 372 372 372 372 372 372 372 372 372 372 372 372 372 372 342 523 52 440 0 523 547 546 547 547 547 547 547 547 547 547 547 547 547 547 547 547 547 547 504 461 52 82 0 352 372 371 372 372 372 372 372 372 372 372 372 372 372 372 372 372 372 372 342 524 53 359 0 446 468 467 468 468 468 468 468 468 468 468 468 468 468 468 468 468 468 468 430 476 58 246 0 355 375 374 375 375 375 375 375 375 375 375 375 375 375 375 375 375 375 375 345 528 58 363 0 448 470 469 470 470 470 470 470 470 470 470 470 470 470 470 470 470 470 470 432 473 56 97 0 354 374 373 374 374 374 374 374 374 374 374 374 374 374 374 374 374 374 374 344 527 56 441 0 524 548 547 548 548 548 548 548 548 548 548 548 548 548 548 548 548 548 548 505 473 56 97 0 354 374 373 374 374 374 374 374 374 374 374 374 374 374 374 374 374 374 374 344 528 58 363 0 448 470 469 470 470 470 470 470 470 470 470 470 470 470 470 470 470 470 470 432 110 49 75 0 218 237 237 237 237 237 237 237 237 237 237 237 237 237 237 237 237 237 237 213 531 49 432 0 525 549 548 549 549 549 549 549 549 549 549 549 549 549 549 549 549 549 549 506 126 50 180 0 220 239 239 239 239 239 239 239 239 239 239 239 239 239 239 239 239 239 239 215 532 50 350 0 449 471 470 471 471 471 471 471 471 471 471 471 471 471 471 471 471 471 471 433 126 50 180 0 220 239 239 239 239 239 239 239 239 239 239 239 239 239 239 239 239 239 239 215 531 49 432 0 525 549 548 549 549 549 549 549 549 549 549 549 549 549 549 549 549 549 549 506 174 54 88 0 222 241 241 241 241 241 241 241 241 241 241 241 241 241 241 241 241 241 241 217 535 54 433 0 526 550 549 550 550 550 550 550 550 550 550 550 550 550 550 550 550 550 550 507 190 55 183 0 224 243 243 243 243 243 243 243 243 243 243 243 243 243 243 243 243 243 243 219 536 55 351 0 450 472 471 472 472 472 472 472 472 472 472 472 472 472 472 472 472 472 472 434 190 55 183 0 224 243 243 243 243 243 243 243 243 243 243 243 243 243 243 243 243 243 243 219 535 54 433 0 526 550 549 550 550 550 550 550 550 550 550 550 550 550 550 550 550 550 550 507 91 60 70 0 290 310 309 310 310 310 310 310 310 310 310 310 310 310 310 310 310 310 310 286 539 115 434 0 454 476 475 476 476 476 476 476 476 476 476 476 476 476 476 476 476 476 476 438 92 48 72 0 292 312 311 312 312 312 312 312 312 312 312 312 312 312 312 312 312 312 312 288 540 48 352 0 451 473 472 473 473 473 473 473 473 473 473 473 473 473 473 473 473 473 473 435 92 48 72 0 292 312 311 312 312 312 312 312 312 312 312 312 312 312 312 312 312 312 312 288 539 115 434 0 454 476 475 476 476 476 476 476 476 476 476 476 476 476 476 476 476 476 476 438 141 52 83 0 87 100 100 100 100 100 100 100 100 100 100 100 100 100 100 100 100 100 100 82 543 52 435 0 527 551 550 551 551 551 551 551 551 551 551 551 551 551 551 551 551 551 551 508 157 53 85 0 404 426 425 426 426 426 426 426 426 426 426 426 426 426 426 426 426 426 426 396 544 53 353 0 452 474 473 474 474 474 474 474 474 474 474 474 474 474 474 474 474 474 474 436 157 53 85 0 404 426 425 426 426 426 426 426 426 426 426 426 426 426 426 426 426 426 426 396 543 52 435 0 527 551 550 551 551 551 551 551 551 551 551 551 551 551 551 551 551 551 551 508 205 56 98 0 312 332 331 332 332 332 332 332 332 332 332 332 332 332 332 332 332 332 332 308 547 56 436 0 528 552 551 552 552 552 552 552 552 552 552 552 552 552 552 552 552 552 552 509 221 58 100 0 314 334 333 334 334 334 334 334 334 334 334 334 334 334 334 334 334 334 334 310 548 57 354 0 453 475 474 475 475 475 475 475 475 475 475 475 475 475 475 475 475 475 475 437 221 58 100 0 314 334 333 334 334 334 334 334 334 334 334 334 334 334 334 334 334 334 334 310 547 56 436 0 528 552 551 552 552 552 552 552 552 552 552 552 552 552 552 552 552 552 552 509 283 127 205 0 234 253 253 253 253 253 253 253 253 253 253 253 253 253 253 253 253 253 253 229 551 127 442 0 529 553 552 553 553 553 553 553 553 553 553 553 553 553 553 553 553 553 553 510 287 59 207 0 236 255 255 255 255 255 255 255 255 255 255 255 255 255 255 255 255 255 255 231 552 59 444 0 455 477 476 477 477 477 477 477 477 477 477 477 477 477 477 477 477 477 477 439 287 59 207 0 236 255 255 255 255 255 255 255 255 255 255 255 255 255 255 255 255 255 255 231 551 127 442 0 529 553 552 553 553 553 553 553 553 553 553 553 553 553 553 553 553 553 553 510 275 123 209 0 238 257 257 257 257 257 257 257 257 257 257 257 257 257 257 257 257 257 257 233 555 123 368 0 459 481 480 481 481 481 481 481 481 481 481 481 481 481 481 481 481 481 481 443 276 124 211 0 240 259 259 259 259 259 259 259 259 259 259 259 259 259 259 259 259 259 259 235 556 124 366 0 457 479 478 479 479 479 479 479 479 479 479 479 479 479 479 479 479 479 479 441 276 124 211 0 240 259 259 259 259 259 259 259 259 259 259 259 259 259 259 259 259 259 259 235 555 123 368 0 459 481 480 481 481 481 481 481 481 481 481 481 481 481 481 481 481 481 481 443 290 125 213 0 242 261 261 261 261 261 261 261 261 261 261 261 261 261 261 261 261 261 261 237 559 125 446 0 531 555 554 555 555 555 555 555 555 555 555 555 555 555 555 555 555 555 555 512 294 126 215 0 244 263 263 263 263 263 263 263 263 263 263 263 263 263 263 263 263 263 263 239 560 126 367 0 458 480 479 480 480 480 480 480 480 480 480 480 480 480 480 480 480 480 480 442 294 126 215 0 244 263 263 263 263 263 263 263 263 263 263 263 263 263 263 263 263 263 263 239 559 125 446 0 531 555 554 555 555 555 555 555 555 555 555 555 555 555 555 555 555 555 555 512 281 127 217 0 246 265 265 265 265 265 265 265 265 265 265 265 265 265 265 265 265 265 265 241 563 127 447 0 532 556 555 556 556 556 556 556 556 556 556 556 556 556 556 556 556 556 556 513 285 59 219 0 248 267 267 267 267 267 267 267 267 267 267 267 267 267 267 267 267 267 267 243 564 59 448 0 460 482 481 482 482 482 482 482 482 482 482 482 482 482 482 482 482 482 482 444 285 59 219 0 248 267 267 267 267 267 267 267 267 267 267 267 267 267 267 267 267 267 267 243 563 127 447 0 532 556 555 556 556 556 556 556 556 556 556 556 556 556 556 556 556 556 556 513 267 218 408 0 504 528 527 528 528 528 528 528 528 528 528 528 528 528 528 528 528 528 528 488 567 123 373 0 463 485 484 485 485 485 485 485 485 485 485 485 485 485 485 485 485 485 485 447 268 216 406 0 502 526 525 526 526 526 526 526 526 526 526 526 526 526 526 526 526 526 526 486 568 124 371 0 461 483 482 483 483 483 483 483 483 483 483 483 483 483 483 483 483 483 483 445 268 216 406 0 502 526 525 526 526 526 526 526 526 526 526 526 526 526 526 526 526 526 526 486 567 123 373 0 463 485 484 485 485 485 485 485 485 485 485 485 485 485 485 485 485 485 485 447 271 245 472 0 548 572 571 572 572 572 572 572 572 572 572 572 572 572 572 572 572 572 572 526 571 125 449 0 533 557 556 557 557 557 557 557 557 557 557 557 557 557 557 557 557 557 557 514 272 217 407 0 503 527 526 527 527 527 527 527 527 527 527 527 527 527 527 527 527 527 527 487 572 126 372 0 462 484 483 484 484 484 484 484 484 484 484 484 484 484 484 484 484 484 484 446 272 217 407 0 503 527 526 527 527 527 527 527 527 527 527 527 527 527 527 527 527 527 527 487 571 125 449 0 533 557 556 557 557 557 557 557 557 557 557 557 557 557 557 557 557 557 557 514 297 60 258 0 135 154 154 154 154 154 154 154 154 154 154 154 154 154 154 154 154 154 154 136 576 115 450 0 466 488 487 488 488 488 488 488 488 488 488 488 488 488 488 488 488 488 488 450 298 48 128 0 129 148 148 148 148 148 148 148 148 148 148 148 148 148 148 148 148 148 148 130 577 48 451 0 534 558 557 558 558 558 558 558 558 558 558 558 558 558 558 558 558 558 558 515 298 48 128 0 129 148 148 148 148 148 148 148 148 148 148 148 148 148 148 148 148 148 148 130 576 115 450 0 466 488 487 488 488 488 488 488 488 488 488 488 488 488 488 488 488 488 488 450 305 56 259 0 319 339 338 339 339 339 339 339 339 339 339 339 339 339 339 339 339 339 339 315 575 56 452 0 535 559 558 559 559 559 559 559 559 559 559 559 559 559 559 559 559 559 559 516 306 57 130 0 133 152 152 152 152 152 152 152 152 152 152 152 152 152 152 152 152 152 152 134 578 57 374 0 464 486 485 486 486 486 486 486 486 486 486 486 486 486 486 486 486 486 486 448 306 57 130 0 133 152 152 152 152 152 152 152 152 152 152 152 152 152 152 152 152 152 152 134 575 56 452 0 535 559 558 559 559 559 559 559 559 559 559 559 559 559 559 559 559 559 559 516 63 115 307 0 467 489 488 489 489 489 489 489 489 489 489 489 489 489 489 489 489 489 489 451 583 115 453 0 472 494 493 494 494 494 494 494 494 494 494 494 494 494 494 494 494 494 494 456 64 48 308 0 505 529 528 529 529 529 529 529 529 529 529 529 529 529 529 529 529 529 529 489 584 48 377 0 469 491 490 491 491 491 491 491 491 491 491 491 491 491 491 491 491 491 491 453 64 48 308 0 505 529 528 529 529 529 529 529 529 529 529 529 529 529 529 529 529 529 529 489 583 115 453 0 472 494 493 494 494 494 494 494 494 494 494 494 494 494 494 494 494 494 494 456 127 52 241 0 256 275 275 275 275 275 275 275 275 275 275 275 275 275 275 275 275 275 275 251 587 52 454 0 537 561 560 561 561 561 561 561 561 561 561 561 561 561 561 561 561 561 561 518 143 53 311 0 258 277 277 277 277 277 277 277 277 277 277 277 277 277 277 277 277 277 277 253 588 53 378 0 470 492 491 492 492 492 492 492 492 492 492 492 492 492 492 492 492 492 492 454 143 53 311 0 258 277 277 277 277 277 277 277 277 277 277 277 277 277 277 277 277 277 277 253 587 52 454 0 537 561 560 561 561 561 561 561 561 561 561 561 561 561 561 561 561 561 561 518 191 56 245 0 536 560 559 560 560 560 560 560 560 560 560 560 560 560 560 560 560 560 560 517 591 56 455 0 538 562 561 562 562 562 562 562 562 562 562 562 562 562 562 562 562 562 562 519 207 57 312 0 465 487 486 487 487 487 487 487 487 487 487 487 487 487 487 487 487 487 487 449 592 57 379 0 471 493 492 493 493 493 493 493 493 493 493 493 493 493 493 493 493 493 493 455 207 57 312 0 465 487 486 487 487 487 487 487 487 487 487 487 487 487 487 487 487 487 487 449 591 56 455 0 538 562 561 562 562 562 562 562 562 562 562 562 562 562 562 562 562 562 562 519 96 49 78 0 260 279 279 279 279 279 279 279 279 279 279 279 279 279 279 279 279 279 279 255 595 49 437 0 539 563 562 563 563 563 563 563 563 563 563 563 563 563 563 563 563 563 563 520 112 50 80 0 262 281 281 281 281 281 281 281 281 281 281 281 281 281 281 281 281 281 281 257 596 50 356 0 473 495 494 495 495 495 495 495 495 495 495 495 495 495 495 495 495 495 495 457 112 50 80 0 262 281 281 281 281 281 281 281 281 281 281 281 281 281 281 281 281 281 281 257 595 49 437 0 539 563 562 563 563 563 563 563 563 563 563 563 563 563 563 563 563 563 563 520 160 54 91 0 264 283 283 283 283 283 283 283 283 283 283 283 283 283 283 283 283 283 283 259 599 54 438 0 540 564 563 564 564 564 564 564 564 564 564 564 564 564 564 564 564 564 564 521 176 55 93 0 266 285 285 285 285 285 285 285 285 285 285 285 285 285 285 285 285 285 285 261 600 55 357 0 474 496 495 496 496 496 496 496 496 496 496 496 496 496 496 496 496 496 496 458 176 55 93 0 266 285 285 285 285 285 285 285 285 285 285 285 285 285 285 285 285 285 285 261 599 54 438 0 540 564 563 564 564 564 564 564 564 564 564 564 564 564 564 564 564 564 564 521 67 128 70 0 268 287 287 287 287 287 287 287 287 287 287 287 287 287 287 287 287 287 287 263 603 59 434 0 479 501 500 501 501 501 501 501 501 501 501 501 501 501 501 501 501 501 501 463 68 48 72 0 270 289 289 289 289 289 289 289 289 289 289 289 289 289 289 289 289 289 289 265 604 48 352 0 475 497 496 497 497 497 497 497 497 497 497 497 497 497 497 497 497 497 497 459 68 48 72 0 270 289 289 289 289 289 289 289 289 289 289 289 289 289 289 289 289 289 289 265 603 59 434 0 479 501 500 501 501 501 501 501 501 501 501 501 501 501 501 501 501 501 501 463 129 51 83 0 272 291 291 291 291 291 291 291 291 291 291 291 291 291 291 291 291 291 291 267 607 51 435 0 541 565 564 565 565 565 565 565 565 565 565 565 565 565 565 565 565 565 565 522 145 129 85 0 274 293 293 293 293 293 293 293 293 293 293 293 293 293 293 293 293 293 293 269 608 123 353 0 476 498 497 498 498 498 498 498 498 498 498 498 498 498 498 498 498 498 498 460 145 129 85 0 274 293 293 293 293 293 293 293 293 293 293 293 293 293 293 293 293 293 293 269 607 51 435 0 541 565 564 565 565 565 565 565 565 565 565 565 565 565 565 565 565 565 565 522 193 56 98 0 276 295 295 295 295 295 295 295 295 295 295 295 295 295 295 295 295 295 295 271 611 56 436 0 542 566 565 566 566 566 566 566 566 566 566 566 566 566 566 566 566 566 566 523 209 58 100 0 278 297 297 297 297 297 297 297 297 297 297 297 297 297 297 297 297 297 297 273 612 58 354 0 478 500 499 500 500 500 500 500 500 500 500 500 500 500 500 500 500 500 500 462 209 58 100 0 278 297 297 297 297 297 297 297 297 297 297 297 297 297 297 297 297 297 297 273 611 56 436 0 542 566 565 566 566 566 566 566 566 566 566 566 566 566 566 566 566 566 566 523 29 175 306 0 61 71 71 71 71 71 71 71 71 71 71 71 71 71 71 71 71 71 71 53 30 203 381 0 61 71 71 71 71 71 71 71 71 71 71 71 71 71 71 71 71 71 71 53 16 226 416 0 62 516 515 516 516 516 516 516 516 516 516 516 516 516 516 516 516 516 516 478 17 207 385 0 62 516 515 516 516 516 516 516 516 516 516 516 516 516 516 516 516 516 516 478 16 226 416 0 62 516 515 516 516 516 516 516 516 516 516 516 516 516 516 516 516 516 516 478 30 203 381 0 61 71 71 71 71 71 71 71 71 71 71 71 71 71 71 71 71 71 71 53 46 246 473 0 63 573 572 573 573 573 573 573 573 573 573 573 573 573 573 573 573 573 573 527 33 132 231 0 286 305 305 305 305 305 305 305 305 305 305 305 305 305 305 305 305 305 305 281 45 237 456 0 63 306 73 306 306 306 306 306 306 306 306 306 306 306 306 306 306 306 306 282 32 35 58 0 61 67 67 67 67 67 67 67 67 67 67 67 67 67 67 67 67 67 67 49 45 237 456 0 63 306 73 306 306 306 306 306 306 306 306 306 306 306 306 306 306 306 306 282 33 132 231 0 286 305 305 305 305 305 305 305 305 305 305 305 305 305 305 305 305 305 305 281 49 238 457 0 63 418 417 418 418 418 418 418 418 418 418 418 418 418 418 418 418 418 418 388 50 247 474 0 63 418 417 418 418 418 418 418 418 418 418 418 418 418 418 418 418 418 418 388 36 39 62 0 61 71 71 71 71 71 71 71 71 71 71 71 71 71 71 71 71 71 71 53 37 133 232 0 61 71 71 71 71 71 71 71 71 71 71 71 71 71 71 71 71 71 71 53 36 39 62 0 61 71 71 71 71 71 71 71 71 71 71 71 71 71 71 71 71 71 71 53 50 247 474 0 63 418 417 418 418 418 418 418 418 418 418 418 418 418 418 418 418 418 418 388 79 60 307 0 492 514 513 514 514 514 514 514 514 514 514 514 514 514 514 514 514 514 514 476 81 47 238 0 410 432 431 432 432 432 432 432 432 432 432 432 432 432 432 432 432 432 432 402 80 48 308 0 480 502 501 502 502 502 502 502 502 502 502 502 502 502 502 502 502 502 502 464 82 48 239 0 397 419 418 419 419 419 419 419 419 419 419 419 419 419 419 419 419 419 419 389 80 48 308 0 480 502 501 502 502 502 502 502 502 502 502 502 502 502 502 502 502 502 502 464 81 47 238 0 410 432 431 432 432 432 432 432 432 432 432 432 432 432 432 432 432 432 432 402 74 48 239 0 288 308 307 308 308 308 308 308 308 308 308 308 308 308 308 308 308 308 308 284 76 48 72 0 66 79 79 79 79 79 79 79 79 79 79 79 79 79 79 79 79 79 79 61 100 49 78 0 481 503 502 503 503 503 503 503 503 503 503 503 503 503 503 503 503 503 503 465 101 49 240 0 398 420 419 420 420 420 420 420 420 420 420 420 420 420 420 420 420 420 420 390 100 49 78 0 481 503 502 503 503 503 503 503 503 503 503 503 503 503 503 503 503 503 503 465 76 48 72 0 66 79 79 79 79 79 79 79 79 79 79 79 79 79 79 79 79 79 79 61 90 48 239 0 291 311 310 311 311 311 311 311 311 311 311 311 311 311 311 311 311 311 311 287 92 48 72 0 292 312 311 312 312 312 312 312 312 312 312 312 312 312 312 312 312 312 312 288 108 49 78 0 482 504 503 504 504 504 504 504 504 504 504 504 504 504 504 504 504 504 504 466 109 49 240 0 366 386 385 386 386 386 386 386 386 386 386 386 386 386 386 386 386 386 386 356 108 49 78 0 482 504 503 504 504 504 504 504 504 504 504 504 504 504 504 504 504 504 504 466 92 48 72 0 292 312 311 312 312 312 312 312 312 312 312 312 312 312 312 312 312 312 312 288 105 49 240 0 294 314 313 314 314 314 314 314 314 314 314 314 314 314 314 314 314 314 314 290 106 49 75 0 74 87 87 87 87 87 87 87 87 87 87 87 87 87 87 87 87 87 87 69 121 50 81 0 483 505 504 505 505 505 505 505 505 505 505 505 505 505 505 505 505 505 505 467 122 50 180 0 400 422 421 422 422 422 422 422 422 422 422 422 422 422 422 422 422 422 422 392 121 50 81 0 483 505 504 505 505 505 505 505 505 505 505 505 505 505 505 505 505 505 505 467 106 49 75 0 74 87 87 87 87 87 87 87 87 87 87 87 87 87 87 87 87 87 87 69 118 50 180 0 296 316 315 316 316 316 316 316 316 316 316 316 316 316 316 316 316 316 316 292 119 50 224 0 78 91 91 91 91 91 91 91 91 91 91 91 91 91 91 91 91 91 91 73 134 52 84 0 484 506 505 506 506 506 506 506 506 506 506 506 506 506 506 506 506 506 506 468 135 52 173 0 401 423 422 423 423 423 423 423 423 423 423 423 423 423 423 423 423 423 423 393 134 52 84 0 484 506 505 506 506 506 506 506 506 506 506 506 506 506 506 506 506 506 506 468 119 50 224 0 78 91 91 91 91 91 91 91 91 91 91 91 91 91 91 91 91 91 91 73 131 51 241 0 298 318 317 318 318 318 318 318 318 318 318 318 318 318 318 318 318 318 318 294 132 51 82 0 82 95 95 95 95 95 95 95 95 95 95 95 95 95 95 95 95 95 95 77 147 139 311 0 485 507 506 507 507 507 507 507 507 507 507 507 507 507 507 507 507 507 507 469 148 129 243 0 402 424 423 424 424 424 424 424 424 424 424 424 424 424 424 424 424 424 424 394 147 139 311 0 485 507 506 507 507 507 507 507 507 507 507 507 507 507 507 507 507 507 507 469 132 51 82 0 82 95 95 95 95 95 95 95 95 95 95 95 95 95 95 95 95 95 95 77 139 52 242 0 300 320 319 320 320 320 320 320 320 320 320 320 320 320 320 320 320 320 320 296 140 52 82 0 86 99 99 99 99 99 99 99 99 99 99 99 99 99 99 99 99 99 99 81 155 53 360 0 486 508 507 508 508 508 508 508 508 508 508 508 508 508 508 508 508 508 508 470 156 53 243 0 403 425 424 425 425 425 425 425 425 425 425 425 425 425 425 425 425 425 425 395 155 53 360 0 486 508 507 508 508 508 508 508 508 508 508 508 508 508 508 508 508 508 508 470 140 52 82 0 86 99 99 99 99 99 99 99 99 99 99 99 99 99 99 99 99 99 99 81 152 53 243 0 302 322 321 322 322 322 322 322 322 322 322 322 322 322 322 322 322 322 322 298 153 53 85 0 90 103 103 103 103 103 103 103 103 103 103 103 103 103 103 103 103 103 103 85 168 54 91 0 487 509 508 509 509 509 509 509 509 509 509 509 509 509 509 509 509 509 509 471 169 54 244 0 405 427 426 427 427 427 427 427 427 427 427 427 427 427 427 427 427 427 427 397 168 54 91 0 487 509 508 509 509 509 509 509 509 509 509 509 509 509 509 509 509 509 509 471 153 53 85 0 90 103 103 103 103 103 103 103 103 103 103 103 103 103 103 103 103 103 103 85 165 131 244 0 304 324 323 324 324 324 324 324 324 324 324 324 324 324 324 324 324 324 324 300 166 54 88 0 94 107 107 107 107 107 107 107 107 107 107 107 107 107 107 107 107 107 107 89 181 55 96 0 488 510 509 510 510 510 510 510 510 510 510 510 510 510 510 510 510 510 510 472 182 55 183 0 406 428 427 428 428 428 428 428 428 428 428 428 428 428 428 428 428 428 428 398 181 55 96 0 488 510 509 510 510 510 510 510 510 510 510 510 510 510 510 510 510 510 510 472 166 54 88 0 94 107 107 107 107 107 107 107 107 107 107 107 107 107 107 107 107 107 107 89 178 55 183 0 285 304 304 304 304 304 304 304 304 304 304 304 304 304 304 304 304 304 304 280 179 55 222 0 98 111 111 111 111 111 111 111 111 111 111 111 111 111 111 111 111 111 111 93 194 56 99 0 489 511 510 511 511 511 511 511 511 511 511 511 511 511 511 511 511 511 511 473 195 56 176 0 407 429 428 429 429 429 429 429 429 429 429 429 429 429 429 429 429 429 429 399 194 56 99 0 489 511 510 511 511 511 511 511 511 511 511 511 511 511 511 511 511 511 511 473 179 55 222 0 98 111 111 111 111 111 111 111 111 111 111 111 111 111 111 111 111 111 111 93 186 55 183 0 306 326 325 326 326 326 326 326 326 326 326 326 326 326 326 326 326 326 326 302 187 55 222 0 102 115 115 115 115 115 115 115 115 115 115 115 115 115 115 115 115 115 115 97 202 56 99 0 490 512 511 512 512 512 512 512 512 512 512 512 512 512 512 512 512 512 512 474 203 56 176 0 408 430 429 430 430 430 430 430 430 430 430 430 430 430 430 430 430 430 430 400 202 56 99 0 490 512 511 512 512 512 512 512 512 512 512 512 512 512 512 512 512 512 512 474 187 55 222 0 102 115 115 115 115 115 115 115 115 115 115 115 115 115 115 115 115 115 115 97 199 56 245 0 308 328 327 328 328 328 328 328 328 328 328 328 328 328 328 328 328 328 328 304 200 56 97 0 106 119 119 119 119 119 119 119 119 119 119 119 119 119 119 119 119 119 119 101 215 58 312 0 491 513 512 513 513 513 513 513 513 513 513 513 513 513 513 513 513 513 513 475 216 58 246 0 409 431 430 431 431 431 431 431 431 431 431 431 431 431 431 431 431 431 431 401 215 58 312 0 491 513 512 513 513 513 513 513 513 513 513 513 513 513 513 513 513 513 513 475 200 56 97 0 106 119 119 119 119 119 119 119 119 119 119 119 119 119 119 119 119 119 119 101 212 58 246 0 310 330 329 330 330 330 330 330 330 330 330 330 330 330 330 330 330 330 330 306 213 57 100 0 110 123 123 123 123 123 123 123 123 123 123 123 123 123 123 123 123 123 123 105 73 128 315 0 287 307 306 307 307 307 307 307 307 307 307 307 307 307 307 307 307 307 307 283 75 47 316 0 64 77 77 77 77 77 77 77 77 77 77 77 77 77 77 77 77 77 77 59 73 128 315 0 287 307 306 307 307 307 307 307 307 307 307 307 307 307 307 307 307 307 307 283 213 57 100 0 110 123 123 123 123 123 123 123 123 123 123 123 123 123 123 123 123 123 123 105 220 58 246 0 313 333 332 333 333 333 333 333 333 333 333 333 333 333 333 333 333 333 333 309 221 58 100 0 314 334 333 334 334 334 334 334 334 334 334 334 334 334 334 334 334 334 334 310 89 47 315 0 289 309 308 309 309 309 309 309 309 309 309 309 309 309 309 309 309 309 309 285 91 60 316 0 290 310 309 310 310 310 310 310 310 310 310 310 310 310 310 310 310 310 310 286 89 47 315 0 289 309 308 309 309 309 309 309 309 309 309 309 309 309 309 309 309 309 309 285 221 58 100 0 314 334 333 334 334 334 334 334 334 334 334 334 334 334 334 334 334 334 334 310 230 248 475 0 120 515 514 515 515 515 515 515 515 515 515 515 515 515 515 515 515 515 515 477 231 239 458 0 120 515 514 515 515 515 515 515 515 515 515 515 515 515 515 515 515 515 515 477 3 6 6 0 0 3 3 3 3 3 3 3 3 3 3 3 3 3 3 3 3 3 3 3 4 8 8 0 0 4 4 4 4 4 4 4 4 4 4 4 4 4 4 4 4 4 4 4 3 6 6 0 0 3 3 3 3 3 3 3 3 3 3 3 3 3 3 3 3 3 3 3 231 239 458 0 120 515 514 515 515 515 515 515 515 515 515 515 515 515 515 515 515 515 515 477 228 249 476 0 120 134 134 134 134 134 134 134 134 134 134 134 134 134 134 134 134 134 134 116 14 143 251 0 62 68 68 68 68 68 68 68 68 68 68 68 68 68 68 68 68 68 68 50 229 240 459 0 120 133 133 133 133 133 133 133 133 133 133 133 133 133 133 133 133 133 133 115 15 219 409 0 62 417 416 417 417 417 417 417 417 417 417 417 417 417 417 417 417 417 417 387 229 240 459 0 120 133 133 133 133 133 133 133 133 133 133 133 133 133 133 133 133 133 133 115 14 143 251 0 62 68 68 68 68 68 68 68 68 68 68 68 68 68 68 68 68 68 68 50 249 250 477 0 120 135 135 135 135 135 135 135 135 135 135 135 135 135 135 135 135 135 135 117 22 42 65 0 62 70 70 70 70 70 70 70 70 70 70 70 70 70 70 70 70 70 70 52 233 241 460 0 120 136 136 136 136 136 136 136 136 136 136 136 136 136 136 136 136 136 136 118 23 40 63 0 62 72 72 72 72 72 72 72 72 72 72 72 72 72 72 72 72 72 72 54 233 241 460 0 120 136 136 136 136 136 136 136 136 136 136 136 136 136 136 136 136 136 136 118 22 42 65 0 62 70 70 70 70 70 70 70 70 70 70 70 70 70 70 70 70 70 70 52 52 43 66 0 63 73 73 73 73 73 73 73 73 73 73 73 73 73 73 73 73 73 73 55 226 251 478 0 63 573 572 573 573 573 573 573 573 573 573 573 573 573 573 573 573 573 573 527 39 44 67 0 61 74 74 74 74 74 74 74 74 74 74 74 74 74 74 74 74 74 74 56 225 69 113 0 61 139 139 139 139 139 139 139 139 139 139 139 139 139 139 139 139 139 139 121 39 44 67 0 61 74 74 74 74 74 74 74 74 74 74 74 74 74 74 74 74 74 74 56 226 251 478 0 63 573 572 573 573 573 573 573 573 573 573 573 573 573 573 573 573 573 573 527 62 81 479 0 132 151 151 151 151 151 151 151 151 151 151 151 151 151 151 151 151 151 151 133 53 82 480 0 134 153 153 153 153 153 153 153 153 153 153 153 153 153 153 153 153 153 153 135 260 242 481 0 543 567 566 567 567 567 567 567 567 567 567 567 567 567 567 567 567 567 567 524 251 228 482 0 506 530 529 530 530 530 530 530 530 530 530 530 530 530 530 530 530 530 530 490 260 242 481 0 543 567 566 567 567 567 567 567 567 567 567 567 567 567 567 567 567 567 567 524 53 82 480 0 134 153 153 153 153 153 153 153 153 153 153 153 153 153 153 153 153 153 153 135 243 21 483 0 9 15 15 15 15 15 15 15 15 15 15 15 15 15 15 15 15 15 15 15 259 75 484 0 124 143 143 143 143 143 143 143 143 143 143 143 143 143 143 143 143 143 143 125 244 22 463 0 10 16 16 16 16 16 16 16 16 16 16 16 16 16 16 16 16 16 16 16 260 242 464 0 543 567 566 567 567 567 567 567 567 567 567 567 567 567 567 567 567 567 567 524 244 22 463 0 10 16 16 16 16 16 16 16 16 16 16 16 16 16 16 16 16 16 16 16 259 75 484 0 124 143 143 143 143 143 143 143 143 143 143 143 143 143 143 143 143 143 143 125 280 124 199 0 228 247 247 247 247 247 247 247 247 247 247 247 247 247 247 247 247 247 247 223 262 252 485 0 549 574 573 574 574 574 574 574 574 574 574 574 574 574 574 574 574 574 574 528 284 127 443 0 530 554 553 554 554 554 554 554 554 554 554 554 554 554 554 554 554 554 554 511 263 243 467 0 544 568 567 568 568 568 568 568 568 568 568 568 568 568 568 568 568 568 568 525 284 127 443 0 530 554 553 554 554 554 554 554 554 554 554 554 554 554 554 554 554 554 554 511 262 252 485 0 549 574 573 574 574 574 574 574 574 574 574 574 574 574 574 574 574 574 574 528 56 182 180 0 412 434 433 434 434 434 434 434 434 434 434 434 434 434 434 434 434 434 434 404 300 50 300 0 383 403 402 403 403 403 403 403 403 403 403 403 403 403 403 403 403 403 403 373 57 183 84 0 413 435 434 435 435 435 435 435 435 435 435 435 435 435 435 435 435 435 435 405 301 52 301 0 384 404 403 404 404 404 404 404 404 404 404 404 404 404 404 404 404 404 404 374 57 183 84 0 413 435 434 435 435 435 435 435 435 435 435 435 435 435 435 435 435 435 435 405 300 50 300 0 383 403 402 403 403 403 403 403 403 403 403 403 403 403 403 403 403 403 403 373 325 88 138 0 141 160 160 160 160 160 160 160 160 160 160 160 160 160 160 160 160 160 160 142 324 85 135 0 138 157 157 157 157 157 157 157 157 157 157 157 157 157 157 157 157 157 157 139 313 234 431 0 514 538 537 538 538 538 538 538 538 538 538 538 538 538 538 538 538 538 538 495 312 86 136 0 139 158 158 158 158 158 158 158 158 158 158 158 158 158 158 158 158 158 158 140 313 234 431 0 514 538 537 538 538 538 538 538 538 538 538 538 538 538 538 538 538 538 538 495 324 85 135 0 138 157 157 157 157 157 157 157 157 157 157 157 157 157 157 157 157 157 157 139 329 187 332 0 417 439 438 439 439 439 439 439 439 439 439 439 439 439 439 439 439 439 439 409 328 212 393 0 496 520 519 520 520 520 520 520 520 520 520 520 520 520 520 520 520 520 520 482 317 188 333 0 418 440 439 440 440 440 440 440 440 440 440 440 440 440 440 440 440 440 440 410 316 213 394 0 497 521 520 521 521 521 521 521 521 521 521 521 521 521 521 521 521 521 521 483 317 188 333 0 418 440 439 440 440 440 440 440 440 440 440 440 440 440 440 440 440 440 440 410 328 212 393 0 496 520 519 520 520 520 520 520 520 520 520 520 520 520 520 520 520 520 520 482 327 211 392 0 495 519 518 519 519 519 519 519 519 519 519 519 519 519 519 519 519 519 519 481 328 212 393 0 496 520 519 520 520 520 520 520 520 520 520 520 520 520 520 520 520 520 520 482 339 165 281 0 338 358 357 358 358 358 358 358 358 358 358 358 358 358 358 358 358 358 358 328 340 168 284 0 339 359 358 359 359 359 359 359 359 359 359 359 359 359 359 359 359 359 359 329 339 165 281 0 338 358 357 358 358 358 358 358 358 358 358 358 358 358 358 358 358 358 358 328 328 212 393 0 496 520 519 520 520 520 520 520 520 520 520 520 520 520 520 520 520 520 520 482 365 99 149 0 509 533 532 533 533 533 533 533 533 533 533 533 533 533 533 533 533 533 533 19 364 100 150 0 429 451 450 451 451 451 451 451 451 451 451 451 451 451 451 451 451 451 451 19 349 29 29 0 17 23 23 23 23 23 23 23 23 23 23 23 23 23 23 23 23 23 23 20 348 31 31 0 19 25 25 25 25 25 25 25 25 25 25 25 25 25 25 25 25 25 25 20 349 29 29 0 17 23 23 23 23 23 23 23 23 23 23 23 23 23 23 23 23 23 23 20 364 100 150 0 429 451 450 451 451 451 451 451 451 451 451 451 451 451 451 451 451 451 451 19 356 101 158 0 508 532 531 532 532 532 532 532 532 532 532 532 532 532 532 532 532 532 532 492 365 102 159 0 509 533 532 533 533 533 533 533 533 533 533 533 533 533 533 533 533 533 533 19 357 95 145 0 148 167 167 167 167 167 167 167 167 167 167 167 167 167 167 167 167 167 167 148 366 96 146 0 149 168 168 168 168 168 168 168 168 168 168 168 168 168 168 168 168 168 168 19 357 95 145 0 148 167 167 167 167 167 167 167 167 167 167 167 167 167 167 167 167 167 167 148 365 102 159 0 509 533 532 533 533 533 533 533 533 533 533 533 533 533 533 533 533 533 533 19 383 94 343 0 431 453 452 453 453 453 453 453 453 453 453 453 453 453 453 453 453 453 453 147 390 103 155 0 155 174 174 174 174 174 174 174 174 174 174 174 174 174 174 174 174 174 174 154 367 25 25 0 21 27 27 27 27 27 27 27 27 27 27 27 27 27 27 27 27 27 27 21 374 26 26 0 22 28 28 28 28 28 28 28 28 28 28 28 28 28 28 28 28 28 28 22 367 25 25 0 21 27 27 27 27 27 27 27 27 27 27 27 27 27 27 27 27 27 27 21 390 103 155 0 155 174 174 174 174 174 174 174 174 174 174 174 174 174 174 174 174 174 174 154 379 104 425 0 510 534 533 534 534 534 534 534 534 534 534 534 534 534 534 534 534 534 534 493 388 105 426 0 152 171 171 171 171 171 171 171 171 171 171 171 171 171 171 171 171 171 171 151 380 101 151 0 153 172 172 172 172 172 172 172 172 172 172 172 172 172 172 172 172 172 172 152 389 102 152 0 151 170 170 170 170 170 170 170 170 170 170 170 170 170 170 170 170 170 170 150 380 101 151 0 153 172 172 172 172 172 172 172 172 172 172 172 172 172 172 172 172 172 172 152 388 105 426 0 152 171 171 171 171 171 171 171 171 171 171 171 171 171 171 171 171 171 171 151 410 195 340 0 337 357 356 357 357 357 357 357 357 357 357 357 357 357 357 357 357 357 357 22 409 153 267 0 335 355 354 355 355 355 355 355 355 355 355 355 355 355 355 355 355 355 355 21 394 30 30 0 34 40 40 40 40 40 40 40 40 40 40 40 40 40 40 40 40 40 40 21 393 28 28 0 32 38 38 38 38 38 38 38 38 38 38 38 38 38 38 38 38 38 38 19 394 30 30 0 34 40 40 40 40 40 40 40 40 40 40 40 40 40 40 40 40 40 40 21 409 153 267 0 335 355 354 355 355 355 355 355 355 355 355 355 355 355 355 355 355 355 355 21 402 158 341 0 501 525 524 525 525 525 525 525 525 525 525 525 525 525 525 525 525 525 525 485 411 159 342 0 333 353 352 353 353 353 353 353 353 353 353 353 353 353 353 353 353 353 353 22 403 104 156 0 158 177 177 177 177 177 177 177 177 177 177 177 177 177 177 177 177 177 177 155 412 105 157 0 159 178 178 178 178 178 178 178 178 178 178 178 178 178 178 178 178 178 178 21 403 104 156 0 158 177 177 177 177 177 177 177 177 177 177 177 177 177 177 177 177 177 177 155 411 159 342 0 333 353 352 353 353 353 353 353 353 353 353 353 353 353 353 353 353 353 353 22 415 232 429 0 37 43 43 43 43 43 43 43 43 43 43 43 43 43 43 43 43 43 43 25 416 196 346 0 39 45 45 45 45 45 45 45 45 45 45 45 45 45 45 45 45 45 45 27 307 231 428 0 513 537 536 537 537 537 537 537 537 537 537 537 537 537 537 537 537 537 537 494 308 149 263 0 323 343 342 343 343 343 343 343 343 343 343 343 343 343 343 343 343 343 343 319 307 231 428 0 513 537 536 537 537 537 537 537 537 537 537 537 537 537 537 537 537 537 537 494 416 196 346 0 39 45 45 45 45 45 45 45 45 45 45 45 45 45 45 45 45 45 45 27 341 193 338 0 423 445 444 445 445 445 445 445 445 445 445 445 445 445 445 445 445 445 445 415 342 194 339 0 424 446 445 446 446 446 446 446 446 446 446 446 446 446 446 446 446 446 446 416 437 253 486 0 49 55 55 55 55 55 55 55 55 55 55 55 55 55 55 55 55 55 55 37 438 254 487 0 50 56 56 56 56 56 56 56 56 56 56 56 56 56 56 56 56 56 56 38 437 253 486 0 49 55 55 55 55 55 55 55 55 55 55 55 55 55 55 55 55 55 55 37 342 194 339 0 424 446 445 446 446 446 446 446 446 446 446 446 446 446 446 446 446 446 446 416 332 151 265 0 325 345 344 345 345 345 345 345 345 345 345 345 345 345 345 345 345 345 345 321 423 244 471 0 55 61 61 61 61 61 61 61 61 61 61 61 61 61 61 61 61 61 61 43 331 192 337 0 422 444 443 444 444 444 444 444 444 444 444 444 444 444 444 444 444 444 444 414 422 255 488 0 53 59 59 59 59 59 59 59 59 59 59 59 59 59 59 59 59 59 59 41 331 192 337 0 422 444 443 444 444 444 444 444 444 444 444 444 444 444 444 444 444 444 444 414 423 244 471 0 55 61 61 61 61 61 61 61 61 61 61 61 61 61 61 61 61 61 61 43 490 48 171 0 167 186 186 186 186 186 186 186 186 186 186 186 186 186 186 186 186 186 186 162 440 117 74 0 168 187 187 187 187 187 187 187 187 187 187 187 187 187 187 187 187 187 187 163 491 49 432 0 515 539 538 539 539 539 539 539 539 539 539 539 539 539 539 539 539 539 539 496 441 235 76 0 516 540 539 540 540 540 540 540 540 540 540 540 540 540 540 540 540 540 540 497 491 49 432 0 515 539 538 539 539 539 539 539 539 539 539 539 539 539 539 539 539 539 539 496 440 117 74 0 168 187 187 187 187 187 187 187 187 187 187 187 187 187 187 187 187 187 187 163 494 53 174 0 171 190 190 190 190 190 190 190 190 190 190 190 190 190 190 190 190 190 190 166 444 119 87 0 172 191 191 191 191 191 191 191 191 191 191 191 191 191 191 191 191 191 191 167 495 54 433 0 517 541 540 541 541 541 541 541 541 541 541 541 541 541 541 541 541 541 541 498 445 236 89 0 518 542 541 542 542 542 542 542 542 542 542 542 542 542 542 542 542 542 542 499 495 54 433 0 517 541 540 541 541 541 541 541 541 541 541 541 541 541 541 541 541 541 541 498 444 119 87 0 172 191 191 191 191 191 191 191 191 191 191 191 191 191 191 191 191 191 191 167 498 58 177 0 175 194 194 194 194 194 194 194 194 194 194 194 194 194 194 194 194 194 194 170 448 121 102 0 176 195 195 195 195 195 195 195 195 195 195 195 195 195 195 195 195 195 195 171 489 115 489 0 165 184 184 184 184 184 184 184 184 184 184 184 184 184 184 184 184 184 184 160 439 116 104 0 166 185 185 185 185 185 185 185 185 185 185 185 185 185 185 185 185 185 185 161 489 115 489 0 165 184 184 184 184 184 184 184 184 184 184 184 184 184 184 184 184 184 184 160 448 121 102 0 176 195 195 195 195 195 195 195 195 195 195 195 195 195 195 195 195 195 195 171 502 50 179 0 179 198 198 198 198 198 198 198 198 198 198 198 198 198 198 198 198 198 198 174 460 50 180 0 180 199 199 199 199 199 199 199 199 199 199 199 199 199 199 199 199 199 199 175 503 52 435 0 519 543 542 543 543 543 543 543 543 543 543 543 543 543 543 543 543 543 543 500 463 52 84 0 342 362 361 362 362 362 362 362 362 362 362 362 362 362 362 362 362 362 362 332 503 52 435 0 519 543 542 543 543 543 543 543 543 543 543 543 543 543 543 543 543 543 543 500 460 50 180 0 180 199 199 199 199 199 199 199 199 199 199 199 199 199 199 199 199 199 199 175 506 55 182 0 183 202 202 202 202 202 202 202 202 202 202 202 202 202 202 202 202 202 202 178 472 55 183 0 184 203 203 203 203 203 203 203 203 203 203 203 203 203 203 203 203 203 203 179 507 56 436 0 520 544 543 544 544 544 544 544 544 544 544 544 544 544 544 544 544 544 544 501 475 56 99 0 344 364 363 364 364 364 364 364 364 364 364 364 364 364 364 364 364 364 364 334 507 56 436 0 520 544 543 544 544 544 544 544 544 544 544 544 544 544 544 544 544 544 544 501 472 55 183 0 184 203 203 203 203 203 203 203 203 203 203 203 203 203 203 203 203 203 203 179 510 48 185 0 187 206 206 206 206 206 206 206 206 206 206 206 206 206 206 206 206 206 206 182 452 48 72 0 188 207 207 207 207 207 207 207 207 207 207 207 207 207 207 207 207 207 207 183 511 49 437 0 521 545 544 545 545 545 545 545 545 545 545 545 545 545 545 545 545 545 545 502 456 49 240 0 346 366 365 366 366 366 366 366 366 366 366 366 366 366 366 366 366 366 366 336 511 49 437 0 521 545 544 545 545 545 545 545 545 545 545 545 545 545 545 545 545 545 545 502 452 48 72 0 188 207 207 207 207 207 207 207 207 207 207 207 207 207 207 207 207 207 207 183 514 53 187 0 191 210 210 210 210 210 210 210 210 210 210 210 210 210 210 210 210 210 210 186 465 53 85 0 192 211 211 211 211 211 211 211 211 211 211 211 211 211 211 211 211 211 211 187 515 54 438 0 522 546 545 546 546 546 546 546 546 546 546 546 546 546 546 546 546 546 546 503 468 54 244 0 348 368 367 368 368 368 368 368 368 368 368 368 368 368 368 368 368 368 368 338 515 54 438 0 522 546 545 546 546 546 546 546 546 546 546 546 546 546 546 546 546 546 546 503 465 53 85 0 192 211 211 211 211 211 211 211 211 211 211 211 211 211 211 211 211 211 211 187 518 58 189 0 195 214 214 214 214 214 214 214 214 214 214 214 214 214 214 214 214 214 214 190 477 58 100 0 196 215 215 215 215 215 215 215 215 215 215 215 215 215 215 215 215 215 215 191 509 115 490 0 185 204 204 204 204 204 204 204 204 204 204 204 204 204 204 204 204 204 204 180 451 60 316 0 186 205 205 205 205 205 205 205 205 205 205 205 205 205 205 205 205 205 205 181 509 115 490 0 185 204 204 204 204 204 204 204 204 204 204 204 204 204 204 204 204 204 204 180 477 58 100 0 196 215 215 215 215 215 215 215 215 215 215 215 215 215 215 215 215 215 215 191 523 52 440 0 523 547 546 547 547 547 547 547 547 547 547 547 547 547 547 547 547 547 547 504 483 52 242 0 210 229 229 229 229 229 229 229 229 229 229 229 229 229 229 229 229 229 229 205 522 50 190 0 197 216 216 216 216 216 216 216 216 216 216 216 216 216 216 216 216 216 216 192 482 50 191 0 198 217 217 217 217 217 217 217 217 217 217 217 217 217 217 217 217 217 217 193 522 50 190 0 197 216 216 216 216 216 216 216 216 216 216 216 216 216 216 216 216 216 216 192 483 52 242 0 210 229 229 229 229 229 229 229 229 229 229 229 229 229 229 229 229 229 229 205 527 56 441 0 524 548 547 548 548 548 548 548 548 548 548 548 548 548 548 548 548 548 548 505 487 56 313 0 214 233 233 233 233 233 233 233 233 233 233 233 233 233 233 233 233 233 233 209 526 55 194 0 201 220 220 220 220 220 220 220 220 220 220 220 220 220 220 220 220 220 220 196 486 55 95 0 202 221 221 221 221 221 221 221 221 221 221 221 221 221 221 221 221 221 221 197 526 55 194 0 201 220 220 220 220 220 220 220 220 220 220 220 220 220 220 220 220 220 220 196 487 56 313 0 214 233 233 233 233 233 233 233 233 233 233 233 233 233 233 233 233 233 233 209 530 48 171 0 207 226 226 226 226 226 226 226 226 226 226 226 226 226 226 226 226 226 226 202 480 48 74 0 208 227 227 227 227 227 227 227 227 227 227 227 227 227 227 227 227 227 227 203 531 49 432 0 525 549 548 549 549 549 549 549 549 549 549 549 549 549 549 549 549 549 549 506 481 49 76 0 200 219 219 219 219 219 219 219 219 219 219 219 219 219 219 219 219 219 219 195 531 49 432 0 525 549 548 549 549 549 549 549 549 549 549 549 549 549 549 549 549 549 549 506 480 48 74 0 208 227 227 227 227 227 227 227 227 227 227 227 227 227 227 227 227 227 227 203 534 53 174 0 211 230 230 230 230 230 230 230 230 230 230 230 230 230 230 230 230 230 230 206 484 53 87 0 212 231 231 231 231 231 231 231 231 231 231 231 231 231 231 231 231 231 231 207 535 54 433 0 526 550 549 550 550 550 550 550 550 550 550 550 550 550 550 550 550 550 550 507 485 54 89 0 204 223 223 223 223 223 223 223 223 223 223 223 223 223 223 223 223 223 223 199 535 54 433 0 526 550 549 550 550 550 550 550 550 550 550 550 550 550 550 550 550 550 550 507 484 53 87 0 212 231 231 231 231 231 231 231 231 231 231 231 231 231 231 231 231 231 231 207 538 58 177 0 215 234 234 234 234 234 234 234 234 234 234 234 234 234 234 234 234 234 234 210 488 58 102 0 216 235 235 235 235 235 235 235 235 235 235 235 235 235 235 235 235 235 235 211 529 115 489 0 205 224 224 224 224 224 224 224 224 224 224 224 224 224 224 224 224 224 224 200 479 60 104 0 206 225 225 225 225 225 225 225 225 225 225 225 225 225 225 225 225 225 225 201 529 115 489 0 205 224 224 224 224 224 224 224 224 224 224 224 224 224 224 224 224 224 224 200 488 58 102 0 216 235 235 235 235 235 235 235 235 235 235 235 235 235 235 235 235 235 235 211 542 50 179 0 219 238 238 238 238 238 238 238 238 238 238 238 238 238 238 238 238 238 238 214 126 50 180 0 220 239 239 239 239 239 239 239 239 239 239 239 239 239 239 239 239 239 239 215 543 52 435 0 527 551 550 551 551 551 551 551 551 551 551 551 551 551 551 551 551 551 551 508 142 52 84 0 362 382 381 382 382 382 382 382 382 382 382 382 382 382 382 382 382 382 382 352 543 52 435 0 527 551 550 551 551 551 551 551 551 551 551 551 551 551 551 551 551 551 551 508 126 50 180 0 220 239 239 239 239 239 239 239 239 239 239 239 239 239 239 239 239 239 239 215 546 55 182 0 223 242 242 242 242 242 242 242 242 242 242 242 242 242 242 242 242 242 242 218 190 55 183 0 224 243 243 243 243 243 243 243 243 243 243 243 243 243 243 243 243 243 243 219 547 56 436 0 528 552 551 552 552 552 552 552 552 552 552 552 552 552 552 552 552 552 552 509 206 56 99 0 364 384 383 384 384 384 384 384 384 384 384 384 384 384 384 384 384 384 384 354 547 56 436 0 528 552 551 552 552 552 552 552 552 552 552 552 552 552 552 552 552 552 552 509 190 55 183 0 224 243 243 243 243 243 243 243 243 243 243 243 243 243 243 243 243 243 243 219 550 124 198 0 227 246 246 246 246 246 246 246 246 246 246 246 246 246 246 246 246 246 246 222 280 124 199 0 228 247 247 247 247 247 247 247 247 247 247 247 247 247 247 247 247 247 247 223 551 127 442 0 529 553 552 553 553 553 553 553 553 553 553 553 553 553 553 553 553 553 553 510 284 127 443 0 530 554 553 554 554 554 554 554 554 554 554 554 554 554 554 554 554 554 554 511 551 127 442 0 529 553 552 553 553 553 553 553 553 553 553 553 553 553 553 553 553 553 553 510 280 124 199 0 228 247 247 247 247 247 247 247 247 247 247 247 247 247 247 247 247 247 247 223 554 126 202 0 231 250 250 250 250 250 250 250 250 250 250 250 250 250 250 250 250 250 250 226 296 126 203 0 232 251 251 251 251 251 251 251 251 251 251 251 251 251 251 251 251 251 251 227 549 123 196 0 225 244 244 244 244 244 244 244 244 244 244 244 244 244 244 244 244 244 244 220 279 123 197 0 226 245 245 245 245 245 245 245 245 245 245 245 245 245 245 245 245 245 245 221 549 123 196 0 225 244 244 244 244 244 244 244 244 244 244 244 244 244 244 244 244 244 244 220 296 126 203 0 232 251 251 251 251 251 251 251 251 251 251 251 251 251 251 251 251 251 251 227 558 59 491 0 235 254 254 254 254 254 254 254 254 254 254 254 254 254 254 254 254 254 254 230 287 59 404 0 236 255 255 255 255 255 255 255 255 255 255 255 255 255 255 255 255 255 255 231 559 125 446 0 531 555 554 555 555 555 555 555 555 555 555 555 555 555 555 555 555 555 555 512 291 125 288 0 371 391 390 391 391 391 391 391 391 391 391 391 391 391 391 391 391 391 391 361 559 125 446 0 531 555 554 555 555 555 555 555 555 555 555 555 555 555 555 555 555 555 555 512 287 59 404 0 236 255 255 255 255 255 255 255 255 255 255 255 255 255 255 255 255 255 255 231 562 124 210 0 239 258 258 258 258 258 258 258 258 258 258 258 258 258 258 258 258 258 258 234 276 124 211 0 240 259 259 259 259 259 259 259 259 259 259 259 259 259 259 259 259 259 259 235 563 127 447 0 532 556 555 556 556 556 556 556 556 556 556 556 556 556 556 556 556 556 556 513 282 127 290 0 373 393 392 393 393 393 393 393 393 393 393 393 393 393 393 393 393 393 393 363 563 127 447 0 532 556 555 556 556 556 556 556 556 556 556 556 556 556 556 556 556 556 556 513 276 124 211 0 240 259 259 259 259 259 259 259 259 259 259 259 259 259 259 259 259 259 259 235 566 126 214 0 243 262 262 262 262 262 262 262 262 262 262 262 262 262 262 262 262 262 262 238 294 126 215 0 244 263 263 263 263 263 263 263 263 263 263 263 263 263 263 263 263 263 263 239 561 123 208 0 237 256 256 256 256 256 256 256 256 256 256 256 256 256 256 256 256 256 256 232 275 123 209 0 238 257 257 257 257 257 257 257 257 257 257 257 257 257 257 257 257 257 257 233 561 123 208 0 237 256 256 256 256 256 256 256 256 256 256 256 256 256 256 256 256 256 256 232 294 126 215 0 244 263 263 263 263 263 263 263 263 263 263 263 263 263 263 263 263 263 263 239 570 59 492 0 247 266 266 266 266 266 266 266 266 266 266 266 266 266 266 266 266 266 266 242 285 59 405 0 248 267 267 267 267 267 267 267 267 267 267 267 267 267 267 267 267 267 267 243 571 125 449 0 533 557 556 557 557 557 557 557 557 557 557 557 557 557 557 557 557 557 557 514 289 125 294 0 377 397 396 397 397 397 397 397 397 397 397 397 397 397 397 397 397 397 397 367 571 125 449 0 533 557 556 557 557 557 557 557 557 557 557 557 557 557 557 557 557 557 557 514 285 59 405 0 248 267 267 267 267 267 267 267 267 267 267 267 267 267 267 267 267 267 267 243 574 55 221 0 251 270 270 270 270 270 270 270 270 270 270 270 270 270 270 270 270 270 270 246 175 55 222 0 252 271 271 271 271 271 271 271 271 271 271 271 271 271 271 271 271 271 271 247 575 56 452 0 535 559 558 559 559 559 559 559 559 559 559 559 559 559 559 559 559 559 559 516 191 56 176 0 536 560 559 560 560 560 560 560 560 560 560 560 560 560 560 560 560 560 560 517 575 56 452 0 535 559 558 559 559 559 559 559 559 559 559 559 559 559 559 559 559 559 559 516 175 55 222 0 252 271 271 271 271 271 271 271 271 271 271 271 271 271 271 271 271 271 271 247 580 52 225 0 255 274 274 274 274 274 274 274 274 274 274 274 274 274 274 274 274 274 274 250 127 52 173 0 256 275 275 275 275 275 275 275 275 275 275 275 275 275 275 275 275 275 275 251 581 53 226 0 257 276 276 276 276 276 276 276 276 276 276 276 276 276 276 276 276 276 276 252 143 53 87 0 258 277 277 277 277 277 277 277 277 277 277 277 277 277 277 277 277 277 277 253 581 53 226 0 257 276 276 276 276 276 276 276 276 276 276 276 276 276 276 276 276 276 276 252 127 52 173 0 256 275 275 275 275 275 275 275 275 275 275 275 275 275 275 275 275 275 275 251 577 48 451 0 534 558 557 558 558 558 558 558 558 558 558 558 558 558 558 558 558 558 558 515 64 48 74 0 505 529 528 529 529 529 529 529 529 529 529 529 529 529 529 529 529 529 529 489 582 49 376 0 468 490 489 490 490 490 490 490 490 490 490 490 490 490 490 490 490 490 490 452 95 49 76 0 386 406 405 406 406 406 406 406 406 406 406 406 406 406 406 406 406 406 406 376 582 49 376 0 468 490 489 490 490 490 490 490 490 490 490 490 490 490 490 490 490 490 490 452 64 48 74 0 505 529 528 529 529 529 529 529 529 529 529 529 529 529 529 529 529 529 529 489 586 50 228 0 261 280 280 280 280 280 280 280 280 280 280 280 280 280 280 280 280 280 280 256 112 50 80 0 262 281 281 281 281 281 281 281 281 281 281 281 281 281 281 281 281 281 281 257 587 52 454 0 537 561 560 561 561 561 561 561 561 561 561 561 561 561 561 561 561 561 561 518 128 52 82 0 389 409 408 409 409 409 409 409 409 409 409 409 409 409 409 409 409 409 409 379 587 52 454 0 537 561 560 561 561 561 561 561 561 561 561 561 561 561 561 561 561 561 561 518 112 50 80 0 262 281 281 281 281 281 281 281 281 281 281 281 281 281 281 281 281 281 281 257 590 55 230 0 265 284 284 284 284 284 284 284 284 284 284 284 284 284 284 284 284 284 284 260 176 55 93 0 266 285 285 285 285 285 285 285 285 285 285 285 285 285 285 285 285 285 285 261 591 56 455 0 538 562 561 562 562 562 562 562 562 562 562 562 562 562 562 562 562 562 562 519 192 56 97 0 391 411 410 411 411 411 411 411 411 411 411 411 411 411 411 411 411 411 411 381 591 56 455 0 538 562 561 562 562 562 562 562 562 562 562 562 562 562 562 562 562 562 562 519 176 55 93 0 266 285 285 285 285 285 285 285 285 285 285 285 285 285 285 285 285 285 285 261 594 48 185 0 269 288 288 288 288 288 288 288 288 288 288 288 288 288 288 288 288 288 288 264 68 48 72 0 270 289 289 289 289 289 289 289 289 289 289 289 289 289 289 289 289 289 289 265 595 49 437 0 539 563 562 563 563 563 563 563 563 563 563 563 563 563 563 563 563 563 563 520 97 49 240 0 393 413 412 413 413 413 413 413 413 413 413 413 413 413 413 413 413 413 413 383 595 49 437 0 539 563 562 563 563 563 563 563 563 563 563 563 563 563 563 563 563 563 563 520 68 48 72 0 270 289 289 289 289 289 289 289 289 289 289 289 289 289 289 289 289 289 289 265 598 53 187 0 273 292 292 292 292 292 292 292 292 292 292 292 292 292 292 292 292 292 292 268 145 129 85 0 274 293 293 293 293 293 293 293 293 293 293 293 293 293 293 293 293 293 293 269 599 54 438 0 540 564 563 564 564 564 564 564 564 564 564 564 564 564 564 564 564 564 564 521 161 131 244 0 395 415 414 415 415 415 415 415 415 415 415 415 415 415 415 415 415 415 415 385 599 54 438 0 540 564 563 564 564 564 564 564 564 564 564 564 564 564 564 564 564 564 564 521 145 129 85 0 274 293 293 293 293 293 293 293 293 293 293 293 293 293 293 293 293 293 293 269 602 57 189 0 277 296 296 296 296 296 296 296 296 296 296 296 296 296 296 296 296 296 296 272 209 58 100 0 278 297 297 297 297 297 297 297 297 297 297 297 297 297 297 297 297 297 297 273 593 115 490 0 267 286 286 286 286 286 286 286 286 286 286 286 286 286 286 286 286 286 286 262 67 128 316 0 268 287 287 287 287 287 287 287 287 287 287 287 287 287 287 287 287 287 287 263 593 115 490 0 267 286 286 286 286 286 286 286 286 286 286 286 286 286 286 286 286 286 286 262 209 58 100 0 278 297 297 297 297 297 297 297 297 297 297 297 297 297 297 297 297 297 297 273 606 130 179 0 280 299 299 299 299 299 299 299 299 299 299 299 299 299 299 299 299 299 299 275 114 130 180 0 281 300 300 300 300 300 300 300 300 300 300 300 300 300 300 300 300 300 300 276 607 51 435 0 541 565 564 565 565 565 565 565 565 565 565 565 565 565 565 565 565 565 565 522 130 51 84 0 399 421 420 421 421 421 421 421 421 421 421 421 421 421 421 421 421 421 421 391 607 51 435 0 541 565 564 565 565 565 565 565 565 565 565 565 565 565 565 565 565 565 565 522 114 130 180 0 281 300 300 300 300 300 300 300 300 300 300 300 300 300 300 300 300 300 300 276 610 55 182 0 284 303 303 303 303 303 303 303 303 303 303 303 303 303 303 303 303 303 303 279 178 55 183 0 285 304 304 304 304 304 304 304 304 304 304 304 304 304 304 304 304 304 304 280 611 56 436 0 542 566 565 566 566 566 566 566 566 566 566 566 566 566 566 566 566 566 566 523 194 56 99 0 489 511 510 511 511 511 511 511 511 511 511 511 511 511 511 511 511 511 511 473 611 56 436 0 542 566 565 566 566 566 566 566 566 566 566 566 566 566 566 566 566 566 566 523 178 55 183 0 285 304 304 304 304 304 304 304 304 304 304 304 304 304 304 304 304 304 304 280 30 203 381 0 61 71 71 71 71 71 71 71 71 71 71 71 71 71 71 71 71 71 71 53 31 37 60 0 61 69 69 69 69 69 69 69 69 69 69 69 69 69 69 69 69 69 69 51 17 207 385 0 62 516 515 516 516 516 516 516 516 516 516 516 516 516 516 516 516 516 516 478 18 38 61 0 62 70 70 70 70 70 70 70 70 70 70 70 70 70 70 70 70 70 70 52 17 207 385 0 62 516 515 516 516 516 516 516 516 516 516 516 516 516 516 516 516 516 516 478 31 37 60 0 61 69 69 69 69 69 69 69 69 69 69 69 69 69 69 69 69 69 69 51 46 246 473 0 63 573 572 573 573 573 573 573 573 573 573 573 573 573 573 573 573 573 573 527 47 222 412 0 63 73 73 73 73 73 73 73 73 73 73 73 73 73 73 73 73 73 73 55 33 132 231 0 286 305 305 305 305 305 305 305 305 305 305 305 305 305 305 305 305 305 305 281 34 172 303 0 61 67 67 67 67 67 67 67 67 67 67 67 67 67 67 67 67 67 67 49 33 132 231 0 286 305 305 305 305 305 305 305 305 305 305 305 305 305 305 305 305 305 305 281 47 222 412 0 63 73 73 73 73 73 73 73 73 73 73 73 73 73 73 73 73 73 73 55 51 45 68 0 63 75 75 75 75 75 75 75 75 75 75 75 75 75 75 75 75 75 75 57 38 46 69 0 61 76 76 76 76 76 76 76 76 76 76 76 76 76 76 76 76 76 76 58 50 247 474 0 63 418 417 418 418 418 418 418 418 418 418 418 418 418 418 418 418 418 418 388 37 133 232 0 61 71 71 71 71 71 71 71 71 71 71 71 71 71 71 71 71 71 71 53 50 247 474 0 63 418 417 418 418 418 418 418 418 418 418 418 418 418 418 418 418 418 418 388 38 46 69 0 61 76 76 76 76 76 76 76 76 76 76 76 76 76 76 76 76 76 76 58 77 47 71 0 65 78 78 78 78 78 78 78 78 78 78 78 78 78 78 78 78 78 78 60 79 60 170 0 492 514 513 514 514 514 514 514 514 514 514 514 514 514 514 514 514 514 514 476 78 48 73 0 67 80 80 80 80 80 80 80 80 80 80 80 80 80 80 80 80 80 80 62 80 48 74 0 480 502 501 502 502 502 502 502 502 502 502 502 502 502 502 502 502 502 502 464 78 48 73 0 67 80 80 80 80 80 80 80 80 80 80 80 80 80 80 80 80 80 80 62 79 60 170 0 492 514 513 514 514 514 514 514 514 514 514 514 514 514 514 514 514 514 514 476 72 48 308 0 69 82 82 82 82 82 82 82 82 82 82 82 82 82 82 82 82 82 82 64 74 48 239 0 288 308 307 308 308 308 308 308 308 308 308 308 308 308 308 308 308 308 308 284 99 49 77 0 71 84 84 84 84 84 84 84 84 84 84 84 84 84 84 84 84 84 84 66 100 49 78 0 481 503 502 503 503 503 503 503 503 503 503 503 503 503 503 503 503 503 503 465 99 49 77 0 71 84 84 84 84 84 84 84 84 84 84 84 84 84 84 84 84 84 84 66 74 48 239 0 288 308 307 308 308 308 308 308 308 308 308 308 308 308 308 308 308 308 308 284 88 48 310 0 73 86 86 86 86 86 86 86 86 86 86 86 86 86 86 86 86 86 86 68 90 48 239 0 291 311 310 311 311 311 311 311 311 311 311 311 311 311 311 311 311 311 311 287 107 49 193 0 75 88 88 88 88 88 88 88 88 88 88 88 88 88 88 88 88 88 88 70 108 49 78 0 482 504 503 504 504 504 504 504 504 504 504 504 504 504 504 504 504 504 504 466 107 49 193 0 75 88 88 88 88 88 88 88 88 88 88 88 88 88 88 88 88 88 88 70 90 48 239 0 291 311 310 311 311 311 311 311 311 311 311 311 311 311 311 311 311 311 311 287 104 49 78 0 77 90 90 90 90 90 90 90 90 90 90 90 90 90 90 90 90 90 90 72 105 49 240 0 294 314 313 314 314 314 314 314 314 314 314 314 314 314 314 314 314 314 314 290 120 50 80 0 79 92 92 92 92 92 92 92 92 92 92 92 92 92 92 92 92 92 92 74 121 50 81 0 483 505 504 505 505 505 505 505 505 505 505 505 505 505 505 505 505 505 505 467 120 50 80 0 79 92 92 92 92 92 92 92 92 92 92 92 92 92 92 92 92 92 92 74 105 49 240 0 294 314 313 314 314 314 314 314 314 314 314 314 314 314 314 314 314 314 314 290 117 50 81 0 81 94 94 94 94 94 94 94 94 94 94 94 94 94 94 94 94 94 94 76 118 50 180 0 296 316 315 316 316 316 316 316 316 316 316 316 316 316 316 316 316 316 316 292 133 51 83 0 83 96 96 96 96 96 96 96 96 96 96 96 96 96 96 96 96 96 96 78 134 52 84 0 484 506 505 506 506 506 506 506 506 506 506 506 506 506 506 506 506 506 506 468 133 51 83 0 83 96 96 96 96 96 96 96 96 96 96 96 96 96 96 96 96 96 96 78 118 50 180 0 296 316 315 316 316 316 316 316 316 316 316 316 316 316 316 316 316 316 316 292 130 51 84 0 399 421 420 421 421 421 421 421 421 421 421 421 421 421 421 421 421 421 421 391 131 51 173 0 298 318 317 318 318 318 318 318 318 318 318 318 318 318 318 318 318 318 318 294 146 123 86 0 477 499 498 499 499 499 499 499 499 499 499 499 499 499 499 499 499 499 499 461 147 139 87 0 485 507 506 507 507 507 507 507 507 507 507 507 507 507 507 507 507 507 507 469 146 123 86 0 477 499 498 499 499 499 499 499 499 499 499 499 499 499 499 499 499 499 499 461 131 51 173 0 298 318 317 318 318 318 318 318 318 318 318 318 318 318 318 318 318 318 318 294 138 52 84 0 89 102 102 102 102 102 102 102 102 102 102 102 102 102 102 102 102 102 102 84 139 52 173 0 300 320 319 320 320 320 320 320 320 320 320 320 320 320 320 320 320 320 320 296 154 53 86 0 91 104 104 104 104 104 104 104 104 104 104 104 104 104 104 104 104 104 104 86 155 53 87 0 486 508 507 508 508 508 508 508 508 508 508 508 508 508 508 508 508 508 508 470 154 53 86 0 91 104 104 104 104 104 104 104 104 104 104 104 104 104 104 104 104 104 104 86 139 52 173 0 300 320 319 320 320 320 320 320 320 320 320 320 320 320 320 320 320 320 320 296 151 53 311 0 93 106 106 106 106 106 106 106 106 106 106 106 106 106 106 106 106 106 106 88 152 53 243 0 302 322 321 322 322 322 322 322 322 322 322 322 322 322 322 322 322 322 322 298 167 54 90 0 95 108 108 108 108 108 108 108 108 108 108 108 108 108 108 108 108 108 108 90 168 54 91 0 487 509 508 509 509 509 509 509 509 509 509 509 509 509 509 509 509 509 509 471 167 54 90 0 95 108 108 108 108 108 108 108 108 108 108 108 108 108 108 108 108 108 108 90 152 53 243 0 302 322 321 322 322 322 322 322 322 322 322 322 322 322 322 322 322 322 322 298 164 54 91 0 97 110 110 110 110 110 110 110 110 110 110 110 110 110 110 110 110 110 110 92 165 131 244 0 304 324 323 324 324 324 324 324 324 324 324 324 324 324 324 324 324 324 324 300 180 55 93 0 99 112 112 112 112 112 112 112 112 112 112 112 112 112 112 112 112 112 112 94 181 55 96 0 488 510 509 510 510 510 510 510 510 510 510 510 510 510 510 510 510 510 510 472 180 55 93 0 99 112 112 112 112 112 112 112 112 112 112 112 112 112 112 112 112 112 112 94 165 131 244 0 304 324 323 324 324 324 324 324 324 324 324 324 324 324 324 324 324 324 324 300 172 54 91 0 101 114 114 114 114 114 114 114 114 114 114 114 114 114 114 114 114 114 114 96 173 54 244 0 367 387 386 387 387 387 387 387 387 387 387 387 387 387 387 387 387 387 387 357 188 55 93 0 103 116 116 116 116 116 116 116 116 116 116 116 116 116 116 116 116 116 116 98 189 55 96 0 368 388 387 388 388 388 388 388 388 388 388 388 388 388 388 388 388 388 388 358 188 55 93 0 103 116 116 116 116 116 116 116 116 116 116 116 116 116 116 116 116 116 116 98 173 54 244 0 367 387 386 387 387 387 387 387 387 387 387 387 387 387 387 387 387 387 387 357 185 55 96 0 105 118 118 118 118 118 118 118 118 118 118 118 118 118 118 118 118 118 118 100 186 55 183 0 306 326 325 326 326 326 326 326 326 326 326 326 326 326 326 326 326 326 326 302 201 56 98 0 107 120 120 120 120 120 120 120 120 120 120 120 120 120 120 120 120 120 120 102 202 56 99 0 490 512 511 512 512 512 512 512 512 512 512 512 512 512 512 512 512 512 512 474 201 56 98 0 107 120 120 120 120 120 120 120 120 120 120 120 120 120 120 120 120 120 120 102 186 55 183 0 306 326 325 326 326 326 326 326 326 326 326 326 326 326 326 326 326 326 326 302 198 56 99 0 109 122 122 122 122 122 122 122 122 122 122 122 122 122 122 122 122 122 122 104 199 56 176 0 308 328 327 328 328 328 328 328 328 328 328 328 328 328 328 328 328 328 328 304 214 58 101 0 111 124 124 124 124 124 124 124 124 124 124 124 124 124 124 124 124 124 124 106 215 58 102 0 491 513 512 513 513 513 513 513 513 513 513 513 513 513 513 513 513 513 513 475 214 58 101 0 111 124 124 124 124 124 124 124 124 124 124 124 124 124 124 124 124 124 124 106 199 56 176 0 308 328 327 328 328 328 328 328 328 328 328 328 328 328 328 328 328 328 328 304 211 58 312 0 113 126 126 126 126 126 126 126 126 126 126 126 126 126 126 126 126 126 126 108 212 58 246 0 310 330 329 330 330 330 330 330 330 330 330 330 330 330 330 330 330 330 330 306 71 47 362 0 115 128 128 128 128 128 128 128 128 128 128 128 128 128 128 128 128 128 128 110 73 128 315 0 287 307 306 307 307 307 307 307 307 307 307 307 307 307 307 307 307 307 307 283 71 47 362 0 115 128 128 128 128 128 128 128 128 128 128 128 128 128 128 128 128 128 128 110 212 58 246 0 310 330 329 330 330 330 330 330 330 330 330 330 330 330 330 330 330 330 330 306 219 58 314 0 117 130 130 130 130 130 130 130 130 130 130 130 130 130 130 130 130 130 130 112 220 58 246 0 313 333 332 333 333 333 333 333 333 333 333 333 333 333 333 333 333 333 333 309 87 60 362 0 119 132 132 132 132 132 132 132 132 132 132 132 132 132 132 132 132 132 132 114 89 47 315 0 289 309 308 309 309 309 309 309 309 309 309 309 309 309 309 309 309 309 309 285 87 60 362 0 119 132 132 132 132 132 132 132 132 132 132 132 132 132 132 132 132 132 132 114 220 58 246 0 313 333 332 333 333 333 333 333 333 333 333 333 333 333 333 333 333 333 333 309 229 61 105 0 120 133 133 133 133 133 133 133 133 133 133 133 133 133 133 133 133 133 133 115 230 248 475 0 120 515 514 515 515 515 515 515 515 515 515 515 515 515 515 515 515 515 515 477 2 4 4 0 1 2 2 2 2 2 2 2 2 2 2 2 2 2 2 2 2 2 2 2 3 6 6 0 0 3 3 3 3 3 3 3 3 3 3 3 3 3 3 3 3 3 3 3 2 4 4 0 1 2 2 2 2 2 2 2 2 2 2 2 2 2 2 2 2 2 2 2 230 248 475 0 120 515 514 515 515 515 515 515 515 515 515 515 515 515 515 515 515 515 515 477 227 180 493 0 120 137 137 137 137 137 137 137 137 137 137 137 137 137 137 137 137 137 137 119 224 71 253 0 62 138 138 138 138 138 138 138 138 138 138 138 138 138 138 138 138 138 138 120 228 249 476 0 120 134 134 134 134 134 134 134 134 134 134 134 134 134 134 134 134 134 134 116 14 143 251 0 62 68 68 68 68 68 68 68 68 68 68 68 68 68 68 68 68 68 68 50 228 249 476 0 120 134 134 134 134 134 134 134 134 134 134 134 134 134 134 134 134 134 134 116 224 71 253 0 62 138 138 138 138 138 138 138 138 138 138 138 138 138 138 138 138 138 138 120 248 67 111 0 120 134 134 134 134 134 134 134 134 134 134 134 134 134 134 134 134 134 134 116 21 68 112 0 62 68 68 68 68 68 68 68 68 68 68 68 68 68 68 68 68 68 68 50 249 250 477 0 120 135 135 135 135 135 135 135 135 135 135 135 135 135 135 135 135 135 135 117 22 42 65 0 62 70 70 70 70 70 70 70 70 70 70 70 70 70 70 70 70 70 70 52 249 250 477 0 120 135 135 135 135 135 135 135 135 135 135 135 135 135 135 135 135 135 135 117 21 68 112 0 62 68 68 68 68 68 68 68 68 68 68 68 68 68 68 68 68 68 68 50 40 135 234 0 63 306 73 306 306 306 306 306 306 306 306 306 306 306 306 306 306 306 306 282 27 137 236 0 61 74 74 74 74 74 74 74 74 74 74 74 74 74 74 74 74 74 74 56 226 251 494 0 63 573 572 573 573 573 573 573 573 573 573 573 573 573 573 573 573 573 573 527 225 69 252 0 61 139 139 139 139 139 139 139 139 139 139 139 139 139 139 139 139 139 139 121 226 251 494 0 63 573 572 573 573 573 573 573 573 573 573 573 573 573 573 573 573 573 573 527 27 137 236 0 61 74 74 74 74 74 74 74 74 74 74 74 74 74 74 74 74 74 74 56 61 73 117 0 122 141 141 141 141 141 141 141 141 141 141 141 141 141 141 141 141 141 141 123 62 81 479 0 132 151 151 151 151 151 151 151 151 151 151 151 151 151 151 151 151 151 151 133 259 75 119 0 124 143 143 143 143 143 143 143 143 143 143 143 143 143 143 143 143 143 143 125 260 242 481 0 543 567 566 567 567 567 567 567 567 567 567 567 567 567 567 567 567 567 567 524 259 75 119 0 124 143 143 143 143 143 143 143 143 143 143 143 143 143 143 143 143 143 143 125 62 81 479 0 132 151 151 151 151 151 151 151 151 151 151 151 151 151 151 151 151 151 151 133 242 20 122 0 8 14 14 14 14 14 14 14 14 14 14 14 14 14 14 14 14 14 14 14 258 74 123 0 123 142 142 142 142 142 142 142 142 142 142 142 142 142 142 142 142 142 142 124 243 21 483 0 9 15 15 15 15 15 15 15 15 15 15 15 15 15 15 15 15 15 15 15 259 75 484 0 124 143 143 143 143 143 143 143 143 143 143 143 143 143 143 143 143 143 143 125 243 21 483 0 9 15 15 15 15 15 15 15 15 15 15 15 15 15 15 15 15 15 15 15 258 74 123 0 123 142 142 142 142 142 142 142 142 142 142 142 142 142 142 142 142 142 142 124 279 123 197 0 226 245 245 245 245 245 245 245 245 245 245 245 245 245 245 245 245 245 245 221 261 186 331 0 416 438 437 438 438 438 438 438 438 438 438 438 438 438 438 438 438 438 438 408 280 124 199 0 228 247 247 247 247 247 247 247 247 247 247 247 247 247 247 247 247 247 247 223 262 252 485 0 549 574 573 574 574 574 574 574 574 574 574 574 574 574 574 574 574 574 574 528 280 124 199 0 228 247 247 247 247 247 247 247 247 247 247 247 247 247 247 247 247 247 247 223 261 186 331 0 416 438 437 438 438 438 438 438 438 438 438 438 438 438 438 438 438 438 438 408 55 80 75 0 130 149 149 149 149 149 149 149 149 149 149 149 149 149 149 149 149 149 149 131 299 49 129 0 131 150 150 150 150 150 150 150 150 150 150 150 150 150 150 150 150 150 150 132 56 182 180 0 412 434 433 434 434 434 434 434 434 434 434 434 434 434 434 434 434 434 434 404 300 50 300 0 383 403 402 403 403 403 403 403 403 403 403 403 403 403 403 403 403 403 403 373 56 182 180 0 412 434 433 434 434 434 434 434 434 434 434 434 434 434 434 434 434 434 434 404 299 49 129 0 131 150 150 150 150 150 150 150 150 150 150 150 150 150 150 150 150 150 150 132 321 146 260 0 320 340 339 340 340 340 340 340 340 340 340 340 340 340 340 340 340 340 340 316 309 148 262 0 322 342 341 342 342 342 342 342 342 342 342 342 342 342 342 342 342 342 342 318 322 150 424 0 324 344 343 344 344 344 344 344 344 344 344 344 344 344 344 344 344 344 344 320 310 199 349 0 434 456 455 456 456 456 456 456 456 456 456 456 456 456 456 456 456 456 456 418 322 150 424 0 324 344 343 344 344 344 344 344 344 344 344 344 344 344 344 344 344 344 344 320 309 148 262 0 322 342 341 342 342 342 342 342 342 342 342 342 342 342 342 342 342 342 342 318 325 88 138 0 141 160 160 160 160 160 160 160 160 160 160 160 160 160 160 160 160 160 160 142 313 234 431 0 514 538 537 538 538 538 538 538 538 538 538 538 538 538 538 538 538 538 538 495 326 90 140 0 143 162 162 162 162 162 162 162 162 162 162 162 162 162 162 162 162 162 162 144 314 108 162 0 162 181 181 181 181 181 181 181 181 181 181 181 181 181 181 181 181 181 181 157 326 90 140 0 143 162 162 162 162 162 162 162 162 162 162 162 162 162 162 162 162 162 162 144 313 234 431 0 514 538 537 538 538 538 538 538 538 538 538 538 538 538 538 538 538 538 538 495 324 85 135 0 138 157 157 157 157 157 157 157 157 157 157 157 157 157 157 157 157 157 157 139 325 88 138 0 141 160 160 160 160 160 160 160 160 160 160 160 160 160 160 160 160 160 160 142 336 92 142 0 145 164 164 164 164 164 164 164 164 164 164 164 164 164 164 164 164 164 164 146 337 87 137 0 140 159 159 159 159 159 159 159 159 159 159 159 159 159 159 159 159 159 159 141 336 92 142 0 145 164 164 164 164 164 164 164 164 164 164 164 164 164 164 164 164 164 164 146 325 88 138 0 141 160 160 160 160 160 160 160 160 160 160 160 160 160 160 160 160 160 160 142 366 103 155 0 149 168 168 168 168 168 168 168 168 168 168 168 168 168 168 168 168 168 168 19 365 99 149 0 509 533 532 533 533 533 533 533 533 533 533 533 533 533 533 533 533 533 533 19 350 26 26 0 14 20 20 20 20 20 20 20 20 20 20 20 20 20 20 20 20 20 20 20 349 29 29 0 17 23 23 23 23 23 23 23 23 23 23 23 23 23 23 23 23 23 23 20 350 26 26 0 14 20 20 20 20 20 20 20 20 20 20 20 20 20 20 20 20 20 20 20 365 99 149 0 509 533 532 533 533 533 533 533 533 533 533 533 533 533 533 533 533 533 533 19 353 156 277 0 545 569 568 569 569 569 569 569 569 569 569 569 569 569 569 569 569 569 569 492 362 157 278 0 425 447 446 447 447 447 447 447 447 447 447 447 447 447 447 447 447 447 447 19 354 158 341 0 426 448 447 448 448 448 448 448 448 448 448 448 448 448 448 448 448 448 448 324 363 159 342 0 427 449 448 449 449 449 449 449 449 449 449 449 449 449 449 449 449 449 449 19 354 158 341 0 426 448 447 448 448 448 448 448 448 448 448 448 448 448 448 448 448 448 448 324 362 157 278 0 425 447 446 447 447 447 447 447 447 447 447 447 447 447 447 447 447 447 447 19 388 100 150 0 152 171 171 171 171 171 171 171 171 171 171 171 171 171 171 171 171 171 171 151 387 160 469 0 332 352 351 352 352 352 352 352 352 352 352 352 352 352 352 352 352 352 352 326 372 31 31 0 27 33 33 33 33 33 33 33 33 33 33 33 33 33 33 33 33 33 33 24 371 32 33 0 28 34 34 34 34 34 34 34 34 34 34 34 34 34 34 34 34 34 34 21 372 31 31 0 27 33 33 33 33 33 33 33 33 33 33 33 33 33 33 33 33 33 33 24 387 160 469 0 332 352 351 352 352 352 352 352 352 352 352 352 352 352 352 352 352 352 352 326 382 161 495 0 546 570 569 570 570 570 570 570 570 570 570 570 570 570 570 570 570 570 570 492 385 162 276 0 499 523 522 523 523 523 523 523 523 523 523 523 523 523 523 523 523 523 523 19 377 156 270 0 329 349 348 349 349 349 349 349 349 349 349 349 349 349 349 349 349 349 349 324 386 157 271 0 330 350 349 350 350 350 350 350 350 350 350 350 350 350 350 350 350 350 350 19 377 156 270 0 329 349 348 349 349 349 349 349 349 349 349 349 349 349 349 349 349 349 349 324 385 162 276 0 499 523 522 523 523 523 523 523 523 523 523 523 523 523 523 523 523 523 523 19 411 160 274 0 333 353 352 353 353 353 353 353 353 353 353 353 353 353 353 353 353 353 353 22 410 195 340 0 337 357 356 357 357 357 357 357 357 357 357 357 357 357 357 357 357 357 357 22 395 32 32 0 36 42 42 42 42 42 42 42 42 42 42 42 42 42 42 42 42 42 42 21 394 30 30 0 34 40 40 40 40 40 40 40 40 40 40 40 40 40 40 40 40 40 40 21 395 32 32 0 36 42 42 42 42 42 42 42 42 42 42 42 42 42 42 42 42 42 42 21 410 195 340 0 337 357 356 357 357 357 357 357 357 357 357 357 357 357 357 357 357 357 357 22 400 154 268 0 547 571 570 571 571 571 571 571 571 571 571 571 571 571 571 571 571 571 571 156 408 155 269 0 511 535 534 535 535 535 535 535 535 535 535 535 535 535 535 535 535 535 535 19 406 161 395 0 334 354 353 354 354 354 354 354 354 354 354 354 354 354 354 354 354 354 354 155 409 162 396 0 335 355 354 355 355 355 355 355 355 355 355 355 355 355 355 355 355 355 355 21 406 161 395 0 334 354 353 354 354 354 354 354 354 354 354 354 354 354 354 354 354 354 354 155 408 155 269 0 511 535 534 535 535 535 535 535 535 535 535 535 535 535 535 535 535 535 535 19 432 214 400 0 41 47 47 47 47 47 47 47 47 47 47 47 47 47 47 47 47 47 47 29 433 230 427 0 38 44 44 44 44 44 44 44 44 44 44 44 44 44 44 44 44 44 44 26 317 188 333 0 418 440 439 440 440 440 440 440 440 440 440 440 440 440 440 440 440 440 440 410 318 190 335 0 420 442 441 442 442 442 442 442 442 442 442 442 442 442 442 442 442 442 442 412 317 188 333 0 418 440 439 440 440 440 440 440 440 440 440 440 440 440 440 440 440 440 440 410 433 230 427 0 38 44 44 44 44 44 44 44 44 44 44 44 44 44 44 44 44 44 44 26 331 192 337 0 422 444 443 444 444 444 444 444 444 444 444 444 444 444 444 444 444 444 444 414 422 255 488 0 53 59 59 59 59 59 59 59 59 59 59 59 59 59 59 59 59 59 59 41 342 194 339 0 424 446 445 446 446 446 446 446 446 446 446 446 446 446 446 446 446 446 446 416 438 254 487 0 50 56 56 56 56 56 56 56 56 56 56 56 56 56 56 56 56 56 56 38 342 194 339 0 424 446 445 446 446 446 446 446 446 446 446 446 446 446 446 446 446 446 446 416 422 255 488 0 53 59 59 59 59 59 59 59 59 59 59 59 59 59 59 59 59 59 59 41 341 193 338 0 423 445 444 445 445 445 445 445 445 445 445 445 445 445 445 445 445 445 445 415 437 253 486 0 49 55 55 55 55 55 55 55 55 55 55 55 55 55 55 55 55 55 55 37 340 168 284 0 339 359 358 359 359 359 359 359 359 359 359 359 359 359 359 359 359 359 359 329 436 169 285 0 51 57 57 57 57 57 57 57 57 57 57 57 57 57 57 57 57 57 57 39 340 168 284 0 339 359 358 359 359 359 359 359 359 359 359 359 359 359 359 359 359 359 359 329 437 253 486 0 49 55 55 55 55 55 55 55 55 55 55 55 55 55 55 55 55 55 55 37 454 48 73 0 341 361 360 361 361 361 361 361 361 361 361 361 361 361 361 361 361 361 361 331 490 48 171 0 167 186 186 186 186 186 186 186 186 186 186 186 186 186 186 186 186 186 186 162 457 49 75 0 178 197 197 197 197 197 197 197 197 197 197 197 197 197 197 197 197 197 197 173 491 49 432 0 515 539 538 539 539 539 539 539 539 539 539 539 539 539 539 539 539 539 539 496 457 49 75 0 178 197 197 197 197 197 197 197 197 197 197 197 197 197 197 197 197 197 197 173 490 48 171 0 167 186 186 186 186 186 186 186 186 186 186 186 186 186 186 186 186 186 186 162 466 53 86 0 343 363 362 363 363 363 363 363 363 363 363 363 363 363 363 363 363 363 363 333 494 53 174 0 171 190 190 190 190 190 190 190 190 190 190 190 190 190 190 190 190 190 190 166 469 54 88 0 182 201 201 201 201 201 201 201 201 201 201 201 201 201 201 201 201 201 201 177 495 54 433 0 517 541 540 541 541 541 541 541 541 541 541 541 541 541 541 541 541 541 541 498 469 54 88 0 182 201 201 201 201 201 201 201 201 201 201 201 201 201 201 201 201 201 201 177 494 53 174 0 171 190 190 190 190 190 190 190 190 190 190 190 190 190 190 190 190 190 190 166 478 58 101 0 345 365 364 365 365 365 365 365 365 365 365 365 365 365 365 365 365 365 365 335 498 58 177 0 175 194 194 194 194 194 194 194 194 194 194 194 194 194 194 194 194 194 194 170 453 47 103 0 340 360 359 360 360 360 360 360 360 360 360 360 360 360 360 360 360 360 360 330 489 115 489 0 165 184 184 184 184 184 184 184 184 184 184 184 184 184 184 184 184 184 184 160 453 47 103 0 340 360 359 360 360 360 360 360 360 360 360 360 360 360 360 360 360 360 360 330 498 58 177 0 175 194 194 194 194 194 194 194 194 194 194 194 194 194 194 194 194 194 194 170 459 50 81 0 347 367 366 367 367 367 367 367 367 367 367 367 367 367 367 367 367 367 367 337 502 50 179 0 179 198 198 198 198 198 198 198 198 198 198 198 198 198 198 198 198 198 198 174 462 52 83 0 190 209 209 209 209 209 209 209 209 209 209 209 209 209 209 209 209 209 209 185 503 52 435 0 519 543 542 543 543 543 543 543 543 543 543 543 543 543 543 543 543 543 543 500 462 52 83 0 190 209 209 209 209 209 209 209 209 209 209 209 209 209 209 209 209 209 209 185 502 50 179 0 179 198 198 198 198 198 198 198 198 198 198 198 198 198 198 198 198 198 198 174 471 55 96 0 349 369 368 369 369 369 369 369 369 369 369 369 369 369 369 369 369 369 369 339 506 55 182 0 183 202 202 202 202 202 202 202 202 202 202 202 202 202 202 202 202 202 202 178 474 56 98 0 194 213 213 213 213 213 213 213 213 213 213 213 213 213 213 213 213 213 213 189 507 56 436 0 520 544 543 544 544 544 544 544 544 544 544 544 544 544 544 544 544 544 544 501 474 56 98 0 194 213 213 213 213 213 213 213 213 213 213 213 213 213 213 213 213 213 213 189 506 55 182 0 183 202 202 202 202 202 202 202 202 202 202 202 202 202 202 202 202 202 202 178 450 48 239 0 351 371 370 371 371 371 371 371 371 371 371 371 371 371 371 371 371 371 371 341 510 48 185 0 187 206 206 206 206 206 206 206 206 206 206 206 206 206 206 206 206 206 206 182 455 49 78 0 357 377 376 377 377 377 377 377 377 377 377 377 377 377 377 377 377 377 377 347 511 49 437 0 521 545 544 545 545 545 545 545 545 545 545 545 545 545 545 545 545 545 545 502 455 49 78 0 357 377 376 377 377 377 377 377 377 377 377 377 377 377 377 377 377 377 377 347 510 48 185 0 187 206 206 206 206 206 206 206 206 206 206 206 206 206 206 206 206 206 206 182 464 53 243 0 353 373 372 373 373 373 373 373 373 373 373 373 373 373 373 373 373 373 373 343 514 53 187 0 191 210 210 210 210 210 210 210 210 210 210 210 210 210 210 210 210 210 210 186 467 54 91 0 359 379 378 379 379 379 379 379 379 379 379 379 379 379 379 379 379 379 379 349 515 54 438 0 522 546 545 546 546 546 546 546 546 546 546 546 546 546 546 546 546 546 546 503 467 54 91 0 359 379 378 379 379 379 379 379 379 379 379 379 379 379 379 379 379 379 379 349 514 53 187 0 191 210 210 210 210 210 210 210 210 210 210 210 210 210 210 210 210 210 210 186 476 58 246 0 355 375 374 375 375 375 375 375 375 375 375 375 375 375 375 375 375 375 375 345 518 58 189 0 195 214 214 214 214 214 214 214 214 214 214 214 214 214 214 214 214 214 214 190 449 47 315 0 350 370 369 370 370 370 370 370 370 370 370 370 370 370 370 370 370 370 370 340 509 115 490 0 185 204 204 204 204 204 204 204 204 204 204 204 204 204 204 204 204 204 204 180 449 47 315 0 350 370 369 370 370 370 370 370 370 370 370 370 370 370 370 370 370 370 370 340 518 58 189 0 195 214 214 214 214 214 214 214 214 214 214 214 214 214 214 214 214 214 214 190 461 52 82 0 352 372 371 372 372 372 372 372 372 372 372 372 372 372 372 372 372 372 372 342 523 52 440 0 523 547 546 547 547 547 547 547 547 547 547 547 547 547 547 547 547 547 547 504 458 50 80 0 356 376 375 376 376 376 376 376 376 376 376 376 376 376 376 376 376 376 376 346 522 50 190 0 197 216 216 216 216 216 216 216 216 216 216 216 216 216 216 216 216 216 216 192 458 50 80 0 356 376 375 376 376 376 376 376 376 376 376 376 376 376 376 376 376 376 376 346 523 52 440 0 523 547 546 547 547 547 547 547 547 547 547 547 547 547 547 547 547 547 547 504 473 56 97 0 354 374 373 374 374 374 374 374 374 374 374 374 374 374 374 374 374 374 374 344 527 56 441 0 524 548 547 548 548 548 548 548 548 548 548 548 548 548 548 548 548 548 548 505 470 55 93 0 358 378 377 378 378 378 378 378 378 378 378 378 378 378 378 378 378 378 378 348 526 55 194 0 201 220 220 220 220 220 220 220 220 220 220 220 220 220 220 220 220 220 220 196 470 55 93 0 358 378 377 378 378 378 378 378 378 378 378 378 378 378 378 378 378 378 378 348 527 56 441 0 524 548 547 548 548 548 548 548 548 548 548 548 548 548 548 548 548 548 548 505 94 48 73 0 361 381 380 381 381 381 381 381 381 381 381 381 381 381 381 381 381 381 381 351 530 48 171 0 207 226 226 226 226 226 226 226 226 226 226 226 226 226 226 226 226 226 226 202 110 49 75 0 218 237 237 237 237 237 237 237 237 237 237 237 237 237 237 237 237 237 237 213 531 49 432 0 525 549 548 549 549 549 549 549 549 549 549 549 549 549 549 549 549 549 549 506 110 49 75 0 218 237 237 237 237 237 237 237 237 237 237 237 237 237 237 237 237 237 237 213 530 48 171 0 207 226 226 226 226 226 226 226 226 226 226 226 226 226 226 226 226 226 226 202 158 53 86 0 363 383 382 383 383 383 383 383 383 383 383 383 383 383 383 383 383 383 383 353 534 53 174 0 211 230 230 230 230 230 230 230 230 230 230 230 230 230 230 230 230 230 230 206 174 54 88 0 222 241 241 241 241 241 241 241 241 241 241 241 241 241 241 241 241 241 241 217 535 54 433 0 526 550 549 550 550 550 550 550 550 550 550 550 550 550 550 550 550 550 550 507 174 54 88 0 222 241 241 241 241 241 241 241 241 241 241 241 241 241 241 241 241 241 241 217 534 53 174 0 211 230 230 230 230 230 230 230 230 230 230 230 230 230 230 230 230 230 230 206 222 58 101 0 365 385 384 385 385 385 385 385 385 385 385 385 385 385 385 385 385 385 385 355 538 58 177 0 215 234 234 234 234 234 234 234 234 234 234 234 234 234 234 234 234 234 234 210 93 47 103 0 360 380 379 380 380 380 380 380 380 380 380 380 380 380 380 380 380 380 380 350 529 115 489 0 205 224 224 224 224 224 224 224 224 224 224 224 224 224 224 224 224 224 224 200 93 47 103 0 360 380 379 380 380 380 380 380 380 380 380 380 380 380 380 380 380 380 380 350 538 58 177 0 215 234 234 234 234 234 234 234 234 234 234 234 234 234 234 234 234 234 234 210 125 50 81 0 85 98 98 98 98 98 98 98 98 98 98 98 98 98 98 98 98 98 98 80 542 50 179 0 219 238 238 238 238 238 238 238 238 238 238 238 238 238 238 238 238 238 238 214 141 52 83 0 87 100 100 100 100 100 100 100 100 100 100 100 100 100 100 100 100 100 100 82 543 52 435 0 527 551 550 551 551 551 551 551 551 551 551 551 551 551 551 551 551 551 551 508 141 52 83 0 87 100 100 100 100 100 100 100 100 100 100 100 100 100 100 100 100 100 100 82 542 50 179 0 219 238 238 238 238 238 238 238 238 238 238 238 238 238 238 238 238 238 238 214 189 55 96 0 368 388 387 388 388 388 388 388 388 388 388 388 388 388 388 388 388 388 388 358 546 55 182 0 223 242 242 242 242 242 242 242 242 242 242 242 242 242 242 242 242 242 242 218 205 56 98 0 312 332 331 332 332 332 332 332 332 332 332 332 332 332 332 332 332 332 332 308 547 56 436 0 528 552 551 552 552 552 552 552 552 552 552 552 552 552 552 552 552 552 552 509 205 56 98 0 312 332 331 332 332 332 332 332 332 332 332 332 332 332 332 332 332 332 332 308 546 55 182 0 223 242 242 242 242 242 242 242 242 242 242 242 242 242 242 242 242 242 242 218 278 124 287 0 370 390 389 390 390 390 390 390 390 390 390 390 390 390 390 390 390 390 390 360 550 124 198 0 227 246 246 246 246 246 246 246 246 246 246 246 246 246 246 246 246 246 246 222 283 127 205 0 234 253 253 253 253 253 253 253 253 253 253 253 253 253 253 253 253 253 253 229 551 127 442 0 529 553 552 553 553 553 553 553 553 553 553 553 553 553 553 553 553 553 553 510 283 127 205 0 234 253 253 253 253 253 253 253 253 253 253 253 253 253 253 253 253 253 253 229 550 124 198 0 227 246 246 246 246 246 246 246 246 246 246 246 246 246 246 246 246 246 246 222 295 126 289 0 372 392 391 392 392 392 392 392 392 392 392 392 392 392 392 392 392 392 392 362 554 126 202 0 231 250 250 250 250 250 250 250 250 250 250 250 250 250 250 250 250 250 250 226 277 123 286 0 369 389 388 389 389 389 389 389 389 389 389 389 389 389 389 389 389 389 389 359 549 123 196 0 225 244 244 244 244 244 244 244 244 244 244 244 244 244 244 244 244 244 244 220 277 123 286 0 369 389 388 389 389 389 389 389 389 389 389 389 389 389 389 389 389 389 389 359 554 126 202 0 231 250 250 250 250 250 250 250 250 250 250 250 250 250 250 250 250 250 250 226 286 59 370 0 374 394 393 394 394 394 394 394 394 394 394 394 394 394 394 394 394 394 394 364 558 59 491 0 235 254 254 254 254 254 254 254 254 254 254 254 254 254 254 254 254 254 254 230 290 125 213 0 242 261 261 261 261 261 261 261 261 261 261 261 261 261 261 261 261 261 261 237 559 125 446 0 531 555 554 555 555 555 555 555 555 555 555 555 555 555 555 555 555 555 555 512 290 125 213 0 242 261 261 261 261 261 261 261 261 261 261 261 261 261 261 261 261 261 261 237 558 59 491 0 235 254 254 254 254 254 254 254 254 254 254 254 254 254 254 254 254 254 254 230 274 124 293 0 376 396 395 396 396 396 396 396 396 396 396 396 396 396 396 396 396 396 396 366 562 124 210 0 239 258 258 258 258 258 258 258 258 258 258 258 258 258 258 258 258 258 258 234 281 127 217 0 246 265 265 265 265 265 265 265 265 265 265 265 265 265 265 265 265 265 265 241 563 127 447 0 532 556 555 556 556 556 556 556 556 556 556 556 556 556 556 556 556 556 556 513 281 127 217 0 246 265 265 265 265 265 265 265 265 265 265 265 265 265 265 265 265 265 265 241 562 124 210 0 239 258 258 258 258 258 258 258 258 258 258 258 258 258 258 258 258 258 258 234 293 126 295 0 378 398 397 398 398 398 398 398 398 398 398 398 398 398 398 398 398 398 398 368 566 126 214 0 243 262 262 262 262 262 262 262 262 262 262 262 262 262 262 262 262 262 262 238 273 123 292 0 375 395 394 395 395 395 395 395 395 395 395 395 395 395 395 395 395 395 395 365 561 123 208 0 237 256 256 256 256 256 256 256 256 256 256 256 256 256 256 256 256 256 256 232 273 123 292 0 375 395 394 395 395 395 395 395 395 395 395 395 395 395 395 395 395 395 395 365 566 126 214 0 243 262 262 262 262 262 262 262 262 262 262 262 262 262 262 262 262 262 262 238 270 171 496 0 380 400 399 400 400 400 400 400 400 400 400 400 400 400 400 400 400 400 400 370 570 59 492 0 247 266 266 266 266 266 266 266 266 266 266 266 266 266 266 266 266 266 266 242 271 245 472 0 548 572 571 572 572 572 572 572 572 572 572 572 572 572 572 572 572 572 572 526 571 125 449 0 533 557 556 557 557 557 557 557 557 557 557 557 557 557 557 557 557 557 557 514 271 245 472 0 548 572 571 572 572 572 572 572 572 572 572 572 572 572 572 572 572 572 572 526 570 59 492 0 247 266 266 266 266 266 266 266 266 266 266 266 266 266 266 266 266 266 266 242 304 55 299 0 382 402 401 402 402 402 402 402 402 402 402 402 402 402 402 402 402 402 402 372 574 55 221 0 251 270 270 270 270 270 270 270 270 270 270 270 270 270 270 270 270 270 270 246 305 56 259 0 319 339 338 339 339 339 339 339 339 339 339 339 339 339 339 339 339 339 339 315 575 56 452 0 535 559 558 559 559 559 559 559 559 559 559 559 559 559 559 559 559 559 559 516 305 56 259 0 319 339 338 339 339 339 339 339 339 339 339 339 339 339 339 339 339 339 339 315 574 55 221 0 251 270 270 270 270 270 270 270 270 270 270 270 270 270 270 270 270 270 270 246 301 52 301 0 384 404 403 404 404 404 404 404 404 404 404 404 404 404 404 404 404 404 404 374 580 52 225 0 255 274 274 274 274 274 274 274 274 274 274 274 274 274 274 274 274 274 274 250 302 53 302 0 385 405 404 405 405 405 405 405 405 405 405 405 405 405 405 405 405 405 405 375 581 53 226 0 257 276 276 276 276 276 276 276 276 276 276 276 276 276 276 276 276 276 276 252 302 53 302 0 385 405 404 405 405 405 405 405 405 405 405 405 405 405 405 405 405 405 405 375 580 52 225 0 255 274 274 274 274 274 274 274 274 274 274 274 274 274 274 274 274 274 274 250 298 48 128 0 129 148 148 148 148 148 148 148 148 148 148 148 148 148 148 148 148 148 148 130 577 48 451 0 534 558 557 558 558 558 558 558 558 558 558 558 558 558 558 558 558 558 558 515 299 49 129 0 131 150 150 150 150 150 150 150 150 150 150 150 150 150 150 150 150 150 150 132 582 49 376 0 468 490 489 490 490 490 490 490 490 490 490 490 490 490 490 490 490 490 490 452 299 49 129 0 131 150 150 150 150 150 150 150 150 150 150 150 150 150 150 150 150 150 150 132 577 48 451 0 534 558 557 558 558 558 558 558 558 558 558 558 558 558 558 558 558 558 558 515 111 50 79 0 254 273 273 273 273 273 273 273 273 273 273 273 273 273 273 273 273 273 273 249 586 50 228 0 261 280 280 280 280 280 280 280 280 280 280 280 280 280 280 280 280 280 280 256 127 52 241 0 256 275 275 275 275 275 275 275 275 275 275 275 275 275 275 275 275 275 275 251 587 52 454 0 537 561 560 561 561 561 561 561 561 561 561 561 561 561 561 561 561 561 561 518 127 52 241 0 256 275 275 275 275 275 275 275 275 275 275 275 275 275 275 275 275 275 275 251 586 50 228 0 261 280 280 280 280 280 280 280 280 280 280 280 280 280 280 280 280 280 280 256 175 55 92 0 252 271 271 271 271 271 271 271 271 271 271 271 271 271 271 271 271 271 271 247 590 55 230 0 265 284 284 284 284 284 284 284 284 284 284 284 284 284 284 284 284 284 284 260 191 56 245 0 536 560 559 560 560 560 560 560 560 560 560 560 560 560 560 560 560 560 560 517 591 56 455 0 538 562 561 562 562 562 562 562 562 562 562 562 562 562 562 562 562 562 562 519 191 56 245 0 536 560 559 560 560 560 560 560 560 560 560 560 560 560 560 560 560 560 560 517 590 55 230 0 265 284 284 284 284 284 284 284 284 284 284 284 284 284 284 284 284 284 284 260 66 48 239 0 388 408 407 408 408 408 408 408 408 408 408 408 408 408 408 408 408 408 408 378 594 48 185 0 269 288 288 288 288 288 288 288 288 288 288 288 288 288 288 288 288 288 288 264 96 49 78 0 260 279 279 279 279 279 279 279 279 279 279 279 279 279 279 279 279 279 279 255 595 49 437 0 539 563 562 563 563 563 563 563 563 563 563 563 563 563 563 563 563 563 563 520 96 49 78 0 260 279 279 279 279 279 279 279 279 279 279 279 279 279 279 279 279 279 279 255 594 48 185 0 269 288 288 288 288 288 288 288 288 288 288 288 288 288 288 288 288 288 288 264 144 53 243 0 390 410 409 410 410 410 410 410 410 410 410 410 410 410 410 410 410 410 410 380 598 53 187 0 273 292 292 292 292 292 292 292 292 292 292 292 292 292 292 292 292 292 292 268 160 54 91 0 264 283 283 283 283 283 283 283 283 283 283 283 283 283 283 283 283 283 283 259 599 54 438 0 540 564 563 564 564 564 564 564 564 564 564 564 564 564 564 564 564 564 564 521 160 54 91 0 264 283 283 283 283 283 283 283 283 283 283 283 283 283 283 283 283 283 283 259 598 53 187 0 273 292 292 292 292 292 292 292 292 292 292 292 292 292 292 292 292 292 292 268 208 57 246 0 392 412 411 412 412 412 412 412 412 412 412 412 412 412 412 412 412 412 412 382 602 57 189 0 277 296 296 296 296 296 296 296 296 296 296 296 296 296 296 296 296 296 296 272 65 115 315 0 387 407 406 407 407 407 407 407 407 407 407 407 407 407 407 407 407 407 407 377 593 115 490 0 267 286 286 286 286 286 286 286 286 286 286 286 286 286 286 286 286 286 286 262 65 115 315 0 387 407 406 407 407 407 407 407 407 407 407 407 407 407 407 407 407 407 407 377 602 57 189 0 277 296 296 296 296 296 296 296 296 296 296 296 296 296 296 296 296 296 296 272 113 50 81 0 394 414 413 414 414 414 414 414 414 414 414 414 414 414 414 414 414 414 414 384 606 130 179 0 280 299 299 299 299 299 299 299 299 299 299 299 299 299 299 299 299 299 299 275 129 51 83 0 272 291 291 291 291 291 291 291 291 291 291 291 291 291 291 291 291 291 291 267 607 51 435 0 541 565 564 565 565 565 565 565 565 565 565 565 565 565 565 565 565 565 565 522 129 51 83 0 272 291 291 291 291 291 291 291 291 291 291 291 291 291 291 291 291 291 291 267 606 130 179 0 280 299 299 299 299 299 299 299 299 299 299 299 299 299 299 299 299 299 299 275 177 55 96 0 396 416 415 416 416 416 416 416 416 416 416 416 416 416 416 416 416 416 416 386 610 55 182 0 284 303 303 303 303 303 303 303 303 303 303 303 303 303 303 303 303 303 303 279 193 56 98 0 276 295 295 295 295 295 295 295 295 295 295 295 295 295 295 295 295 295 295 271 611 56 436 0 542 566 565 566 566 566 566 566 566 566 566 566 566 566 566 566 566 566 566 523 193 56 98 0 276 295 295 295 295 295 295 295 295 295 295 295 295 295 295 295 295 295 295 271 610 55 182 0 284 303 303 303 303 303 303 303 303 303 303 303 303 303 303 303 303 303 303 279</p>
                </polylist>
                <extra>
                    <technique profile="modo401">
                        <param sid="render" name="Render" type="Name">default</param>
                        <param sid="dissolve" name="Dissolve" type="float">0</param>
                        <param sid="curves" name="Render_Curves" type="bool">false</param>
                        <param sid="radius" name="Curve_Radius" type="float">0.05</param>
                    </technique>
                </extra>
            </mesh>
        </geometry>
    </library_geometries>
    <library_lights>
        <light id="Light-polyRender007" name="Render">
            <technique_common>
                <ambient>
                    <color sid="ambient_light_rgb">0.05 0.05 0.05</color>
                </ambient>
            </technique_common>
        </light>
    </library_lights>
    <library_nodes id="shader_tree" name="Shader_Tree">
        <node sid="shader_tree_render" name="Render">
            <extra>
                <technique profile="modo401">
                    <param sid="first" name="Frame_Range_First" type="int">1</param>
                    <param sid="last" name="Frame_Range_Last" type="int">120</param>
                    <param sid="dpi" name="Frame_DPI" type="float">300</param>
                    <param sid="resUnit" name="Resolution_Unit" type="Name">pixels</param>
                    <param sid="pAspect" name="Frame_Pixel_Aspect_Ratio" type="float">1</param>
                    <param sid="bucketX" name="Bucket_Width" type="int">32</param>
                    <param sid="bucketY" name="Bucket_Height" type="int">32</param>
                    <param sid="bktOrder" name="Bucket_Order" type="Name">hilbert</param>
                    <param sid="bktSkip" name="Skip_Existing_Buckets" type="bool">false</param>
                    <param sid="region" name="Render_Region" type="bool">false</param>
                    <param sid="regX0" name="Render_Region_Left" type="float">0</param>
                    <param sid="regX1" name="Render_Region_Right" type="float">1</param>
                    <param sid="regY0" name="Render_Region_Top" type="float">0</param>
                    <param sid="regY1" name="Render_Region_Bottom" type="float">1</param>
                    <param sid="aa" name="Render_Antialiasing" type="Name">s8</param>
                    <param sid="aaFilter" name="Render_Antialiasing_Filter" type="Name">gaussian</param>
                    <param sid="fineRate" name="Refinement_Shading_Rate" type="float">0.25</param>
                    <param sid="fineThresh" name="Refinement_Threshold" type="float">0.1</param>
                    <param sid="bktRefine" name="Refine_Bucket_Borders" type="bool">false</param>
                    <param sid="dof" name="Render_Depth_of_Field" type="bool">false</param>
                    <param sid="mBlur" name="Render_Motion_Blur" type="bool">false</param>
                    <param sid="stereo" name="Render_Stereoscopic" type="bool">false</param>
                    <param sid="rayShadow" name="Ray_Tracing_Shadows" type="bool">true</param>
                    <param sid="reflDepth" name="Reflection_Depth" type="int">8</param>
                    <param sid="refrDepth" name="Refraction_Depth" type="int">8</param>
                    <param sid="rayThresh" name="Ray_Threshold" type="float">0.001</param>
                    <param sid="subdAdapt" name="Adaptive_Subdivision" type="bool">false</param>
                    <param sid="subdRate" name="Subdivision_Rate" type="float">10</param>
                    <param sid="dispEnable" name="Micropoly_Displacement" type="bool">true</param>
                    <param sid="dispRate" name="Displacement_Rate" type="float">1</param>
                    <param sid="dispRatio" name="Displacement_Ratio" type="float">4</param>
                    <param sid="edgeMin" name="Minimum_Edge_Length" type="float">0.0001</param>
                    <param sid="dispSmooth" name="Smooth_Positions" type="bool">true</param>
                    <param sid="ambRad" name="Ambient_Intensity" type="float">0.05</param>
                    <param sid="ambColor" name="Ambient_Color" type="color">1 1 1</param>
                    <param sid="globEnable" name="Enable_Indirect_Illumination" type="bool">false</param>
                    <param sid="globScope" name="Indirect_Illumination_Scope" type="Name">all</param>
                    <param sid="globRays" name="Indirect_Rays" type="int">64</param>
                    <param sid="globLimit" name="Indirect_Bounces" type="int">1</param>
                    <param sid="globRange" name="Indirect_Range" type="float">0</param>
                    <param sid="globSubs" name="Subsurface_Scattering" type="int">0</param>
                    <param sid="globVols" name="Volumetrics_Affect_Indirect" type="bool">false</param>
                    <param sid="irrCache" name="Enable_Irradiance_Caching" type="bool">true</param>
                    <param sid="irrRays" name="Irradiance_Rays" type="int">256</param>
                    <param sid="globSuper" name="Indirect_Supersampling" type="bool">true</param>
                    <param sid="irrRate" name="Irradiance_Rate" type="float">2.5</param>
                    <param sid="irrRatio" name="Irradiance_Ratio" type="float">6</param>
                    <param sid="irrVals" name="Interpolation_Values" type="int">1</param>
                    <param sid="irrGrads" name="Irradiance_Gradients" type="Name">both</param>
                    <param sid="irrWalk" name="Walkthrough_Mode" type="bool">false</param>
                    <param sid="irrLEnable" name="Load_Irradiance_before_Render" type="bool">false</param>
                    <param sid="irrLName" name="Load_Irradiance_File" type="Name"></param>
                    <param sid="irrSEnable" name="Save_Irradiance_after_Render" type="bool">false</param>
                    <param sid="irrSName" name="Save_Irradiance_File" type="Name"></param>
                    <param sid="causEnable" name="Enable_Direct_Caustics" type="bool">false</param>
                    <param sid="causTotal" name="Caustics_Total_Photons" type="int">100000</param>
                    <param sid="causLocal" name="Caustics_Local_Photons" type="int">32</param>
                    <param sid="globCaus" name="Indirect_Caustics" type="Name">refraction</param>
                </technique>
            </extra>
        </node>
        <node sid="shader_tree_environment" name="Environment">
            <extra>
                <technique profile="modo401">
                    <param sid="radiance" name="Environment_Intensity" type="float">1</param>
                    <param sid="visCam" name="Environment_Visible_to_Camera" type="bool">true</param>
                    <param sid="visInd" name="Environment_Visible_to_Indirect_Rays" type="bool">true</param>
                    <param sid="visRefl" name="Environment_Visible_to_Reflection_Rays" type="bool">true</param>
                    <param sid="visRefr" name="Environment_Visible_to_Refraction_Rays" type="bool">true</param>
                </technique>
            </extra>
        </node>
    </library_nodes>
    <library_controllers>
        <controller id="Controller-mesh016" name="Mesh">
            <skin source="#Geometry-mesh016">
                <bind_shape_matrix>
                    1 0 0 0
                    0 1 0 0
                    0 0 1 0
                    0 0 0 1
                </bind_shape_matrix>
                <source id="Controller-mesh016-joints" name="joints">
                    <Name_array id="Controller-mesh016-joints-array" count="20">
                        locator038Node
                        locator042Node
                        locator046Node
                        locator050Node
                        locator054Node
                        locator058Node
                        locator062Node
                        locator066Node
                        locator070Node
                        locator074Node
                        locator078Node
                        locator082Node
                        locator086Node
                        locator090Node
                        locator094Node
                        locator098Node
                        locator102Node
                        locator106Node
                        locator110Node
                        locator114Node
                    </Name_array>
                    <technique_common>
                        <accessor count="20" source="#Controller-mesh016-joints-array" stride="1">
                            <param name="name" type="Name" />
                        </accessor>
                    </technique_common>
                </source>
                <source id="Controller-mesh016-matrices" name="matrices">
                    <float_array id="Controller-mesh016-matrices-array" count="320">
                        6.12323e-017 -6.12323e-017 1 0
                        1 3.7494e-033 -6.12323e-017 0
                        0 1 6.12323e-017 0
                        0 0 0 1
                        -9.95799e-017 -6.12323e-017 1 -2.46173e-033
                        1 -6.12323e-017 9.95799e-017 1.53081e-017
                        6.12323e-017 1 6.12323e-017 -0.25
                        0 0 0 1
                        -1.9916e-016 -5.05322e-016 1 2.22045e-016
                        1 9.95799e-017 1.9916e-016 -6.5098e-017
                        -9.95799e-017 1 5.05322e-016 -0.5
                        0 0 0 1
                        -6.81597e-016 -1.61554e-015 1 1.05471e-015
                        1 4.82437e-016 6.81597e-016 -3.52241e-016
                        -4.82437e-016 1 1.61554e-015 -0.75
                        0 0 0 1
                        -1.76893e-015 -4.94621e-015 1 4.38538e-015
                        1 1.75347e-015 1.76893e-015 -1.62328e-015
                        -1.75347e-015 1 4.94621e-015 -1
                        0 0 0 1
                        -5.23805e-015 -4.94586e-015 1 4.38494e-015
                        1 -3.69785e-015 5.23805e-015 5.19088e-015
                        3.69785e-015 1 4.94586e-015 -1.25
                        0 0 0 1
                        -5.09148e-015 -4.94656e-015 1 4.38599e-015
                        1 -2.67246e-016 5.09148e-015 4.49702e-017
                        2.67246e-016 1 4.94656e-015 -1.5
                        0 0 0 1
                        -5.55155e-015 -4.94595e-015 1 4.38492e-015
                        1 5.47502e-017 5.55155e-015 -5.18523e-016
                        -5.47502e-017 1 4.94595e-015 -1.75
                        0 0 0 1
                        -5.72834e-015 -4.94668e-015 1 4.38638e-015
                        1 -6.7343e-017 5.72834e-015 -2.74336e-016
                        6.7343e-017 1 4.94668e-015 -2
                        0 0 0 1
                        -5.84217e-015 -4.94604e-015 1 4.38493e-015
                        1 2.5467e-016 5.84217e-015 -9.98866e-016
                        -2.5467e-016 1 4.94604e-015 -2.25
                        0 0 0 1
                        -5.89823e-015 -4.9468e-015 1 4.38684e-015
                        1 1.32594e-016 5.89823e-015 -6.93675e-016
                        -1.32594e-016 1 4.9468e-015 -2.5
                        0 0 0 1
                        -5.89306e-015 -4.94612e-015 1 4.38498e-015
                        1 4.54626e-016 5.89306e-015 -1.57926e-015
                        -4.54626e-016 1 4.94612e-015 -2.75
                        0 0 0 1
                        -6.04697e-015 -4.94692e-015 1 4.38738e-015
                        1 3.32568e-016 6.04697e-015 -1.21309e-015
                        -3.32568e-016 1 4.94692e-015 -3
                        0 0 0 1
                        -6.36169e-015 -4.94621e-015 1 4.38507e-015
                        1 6.54621e-016 6.36169e-015 -2.25976e-015
                        -6.54621e-016 1 4.94621e-015 -3.25
                        0 0 0 1
                        -6.39139e-015 -4.94705e-015 1 4.388e-015
                        1 5.32584e-016 6.39139e-015 -1.83263e-015
                        -5.32584e-016 1 4.94705e-015 -3.5
                        0 0 0 1
                        -6.61344e-015 -4.94705e-015 1 4.388e-015
                        1 6.93396e-016 6.61344e-015 -2.43568e-015
                        -6.93396e-016 1 4.94705e-015 -3.75
                        0 0 0 1
                        -6.61344e-015 -4.94705e-015 1 4.388e-015
                        1 6.32164e-016 6.61344e-015 -2.2032e-015
                        -6.32164e-016 1 4.94705e-015 -4
                        0 0 0 1
                        -6.39139e-015 -4.94705e-015 1 4.388e-015
                        1 6.81954e-016 6.39139e-015 -2.41409e-015
                        -6.81954e-016 1 4.94705e-015 -4.1875
                        0 0 0 1
                        -6.61344e-015 -4.94705e-015 1 4.388e-015
                        1 6.59749e-016 6.61344e-015 -2.26934e-015
                        -6.59749e-016 1 4.94705e-015 -4.375
                        0 0 0 1
                        -6.61344e-015 -4.94705e-015 1 4.388e-015
                        1 5.70932e-016 6.61344e-015 -1.84632e-015
                        -5.70932e-016 1 4.94705e-015 -4.625
                        0 0 0 1
                    </float_array>
                    <technique_common>
                        <accessor count="20" source="#Controller-mesh016-matrices-array" stride="16">
                            <param name="float4x4" type="float4x4" />
                        </accessor>
                    </technique_common>
                </source>
                <source id="Controller-mesh016-weights" name="weights">
                    <float_array id="Controller-mesh016-weights-array" count="971">
                        1
                        1
                        1
                        1
                        1
                        1
                        1
                        1
                        1
                        1
                        1
                        1
                        1
                        1
                        1
                        1
                        1
                        1
                        1
                        1
                        1
                        1
                        1
                        1
                        1
                        1
                        1
                        1
                        1
                        1
                        1
                        1
                        1
                        1
                        1
                        1
                        1
                        1
                        1
                        1
                        1
                        1
                        1
                        1
                        1
                        1
                        1
                        1
                        1
                        1
                        1
                        1
                        1
                        0.939293
                        0.0607066
                        0.938946
                        0.0610537
                        0.934151
                        0.0658488
                        0.926678
                        0.0733218
                        0.919389
                        0.0806111
                        0.915101
                        0.0848992
                        0.915454
                        0.0845458
                        0.920313
                        0.0796868
                        0.927819
                        0.0721815
                        0.935066
                        0.0649339
                        0.961643
                        0.0383575
                        0.961392
                        0.0386082
                        0.611002
                        0.388998
                        0.610693
                        0.389307
                        0.342541
                        0.657459
                        0.342955
                        0.657045
                        0.0287726
                        0.971227
                        0.0289736
                        0.971026
                        1
                        1
                        0.890207
                        0.109793
                        0.889719
                        0.110281
                        0.503895
                        0.496105
                        0.503883
                        0.496117
                        0.166521
                        0.833479
                        0.167084
                        0.832916
                        1
                        1
                        0.982136
                        0.0178643
                        0.981999
                        0.0180009
                        0.739402
                        0.260598
                        0.738861
                        0.261139
                        0.45258
                        0.54742
                        0.45272
                        0.54728
                        0.0616629
                        0.938337
                        0.0620136
                        0.937986
                        1
                        1
                        0.947329
                        0.0526709
                        0.947014
                        0.0529861
                        0.566236
                        0.433764
                        0.566043
                        0.433957
                        0.957901
                        0.042099
                        0.6066
                        0.3934
                        0.348438
                        0.651562
                        0.0317848
                        0.968215
                        1
                        0.883057
                        0.116943
                        0.503727
                        0.496273
                        0.174694
                        0.825306
                        0.0111322
                        0.988868
                        0.980077
                        0.0199228
                        0.731643
                        0.268357
                        0.45457
                        0.54543
                        0.0668569
                        0.933143
                        1
                        0.942648
                        0.0573521
                        0.563496
                        0.436504
                        0.95236
                        0.0476402
                        0.600826
                        0.399174
                        0.356224
                        0.643776
                        0.0362925
                        0.963708
                        1
                        0.872964
                        0.127036
                        0.503509
                        0.496491
                        0.185962
                        0.814038
                        0.0130604
                        0.98694
                        0.97695
                        0.0230504
                        0.721234
                        0.278766
                        0.457162
                        0.542838
                        0.0744002
                        0.9256
                        1
                        0.935803
                        0.0641973
                        0.559921
                        0.440079
                        0.94684
                        0.0531596
                        0.59578
                        0.40422
                        0.363077
                        0.636923
                        0.0408348
                        0.959165
                        1
                        0.863427
                        0.136573
                        0.503321
                        0.496679
                        0.196343
                        0.803657
                        0.0150722
                        0.984928
                        0.973744
                        0.0262559
                        0.711917
                        0.288083
                        0.459413
                        0.540587
                        0.0817524
                        0.918248
                        1
                        0.92908
                        0.0709199
                        0.556811
                        0.443189
                        0.943542
                        0.0564576
                        0.593036
                        0.406963
                        0.36682
                        0.63318
                        0.0435728
                        0.956427
                        0.989329
                        0.0106709
                        0.857946
                        0.142054
                        0.503219
                        0.496781
                        0.202198
                        0.797802
                        0.0163171
                        0.983683
                        0.971787
                        0.028213
                        0.706768
                        0.293232
                        0.460631
                        0.539369
                        0.0860751
                        0.913925
                        1
                        0.925105
                        0.0748947
                        0.555127
                        0.444873
                        0.943816
                        0.0561843
                        0.593257
                        0.406743
                        0.366519
                        0.633481
                        0.0433453
                        0.956655
                        0.989402
                        0.0105983
                        0.858395
                        0.141605
                        0.503227
                        0.496773
                        0.201722
                        0.798278
                        0.0162127
                        0.983787
                        0.97195
                        0.0280497
                        0.707184
                        0.292816
                        0.460533
                        0.539467
                        0.0857188
                        0.914281
                        1
                        0.925434
                        0.0745665
                        0.555262
                        0.444738
                        0.947546
                        0.0524536
                        0.596391
                        0.403609
                        0.362244
                        0.637756
                        0.040251
                        0.959749
                        1
                        0.86462
                        0.13538
                        0.503343
                        0.496657
                        0.195057
                        0.804943
                        0.0148098
                        0.98519
                        0.974159
                        0.025841
                        0.713057
                        0.286943
                        0.459141
                        0.540859
                        0.0808204
                        0.91918
                        1
                        0.929935
                        0.070065
                        0.557187
                        0.442813
                        0.953213
                        0.0467869
                        0.601665
                        0.398335
                        0.35509
                        0.64491
                        0.0355949
                        0.964405
                        1
                        0.874482
                        0.125518
                        0.503541
                        0.496459
                        0.184286
                        0.815714
                        0.0127575
                        0.987243
                        0.977437
                        0.0225628
                        0.722762
                        0.277238
                        0.456787
                        0.543213
                        0.0732496
                        0.92675
                        1
                        0.93685
                        0.0631497
                        0.560439
                        0.439561
                        0.958571
                        0.041429
                        0.607355
                        0.392645
                        0.347424
                        0.652576
                        0.0312435
                        0.968756
                        1
                        0.884316
                        0.115684
                        0.503756
                        0.496244
                        0.173267
                        0.826733
                        0.0109053
                        0.989095
                        0.980449
                        0.019551
                        0.732985
                        0.267015
                        0.454229
                        0.545771
                        0.0659331
                        0.934067
                        1
                        0.943482
                        0.0565175
                        0.563965
                        0.436035
                        0.9367
                        0.0632999
                        1
                        1
                        1
                        1
                        1
                        1
                        1
                        1
                        1
                        1
                        1
                        1
                        0.284172
                        0.715828
                        0.284738
                        0.715262
                        0.292256
                        0.707744
                        0.302968
                        0.697032
                        0.312429
                        0.687571
                        0.317188
                        0.682812
                        0.311276
                        0.688724
                        0.301405
                        0.698595
                        0.290863
                        0.709137
                        1
                        1
                        1
                        1
                        1
                        0.317604
                        0.682396
                        0.95901
                        0.0409905
                        0.958718
                        0.0412818
                        0.954657
                        0.0453425
                        0.948212
                        0.0517877
                        0.9418
                        0.0581998
                        0.937976
                        0.0620237
                        0.938293
                        0.0617074
                        0.94262
                        0.0573797
                        0.949204
                        0.0507957
                        0.955437
                        0.0445631
                        0.548359
                        0.451641
                        0.549825
                        0.450175
                        0.557431
                        0.442569
                        0.563212
                        0.436788
                        0.561825
                        0.438175
                        0.554113
                        0.445887
                        0.448136
                        0.551864
                        0.446567
                        0.553433
                        0.438419
                        0.561581
                        0.432201
                        0.567799
                        0.433698
                        0.566302
                        0.441975
                        0.558025
                        1
                        1
                        0.49756
                        0.50244
                        0.497485
                        0.502515
                        0.0210661
                        0.978934
                        0.0193891
                        0.980611
                        0.989136
                        0.0108636
                        1
                        1
                        0.4971
                        0.5029
                        0.0124433
                        0.987557
                        1
                        1
                        0.496826
                        0.503174
                        1
                        1
                        1
                        0.496888
                        0.503112
                        1
                        1
                        1
                        0.497267
                        0.502733
                        0.0151686
                        0.984831
                        1
                        0.967856
                        0.0321439
                        0.967637
                        0.032363
                        0.964577
                        0.0354229
                        0.011155
                        0.948984
                        0.0398613
                        0.0128402
                        0.942525
                        0.0446345
                        0.0138784
                        0.938628
                        0.0474932
                        0.0137915
                        0.938952
                        0.0472562
                        0.012621
                        0.943356
                        0.0440232
                        0.0109004
                        0.949975
                        0.0391247
                        0.965166
                        0.0348345
                        1
                        1
                        1
                        1
                        1
                        1
                        1
                        1
                        1
                        1
                        1
                        1
                        1
                        1
                        1
                        1
                        1
                        1
                        1
                        1
                        1
                        1
                        1
                        1
                        0.0687684
                        0.931232
                        0.0607645
                        0.939235
                        0.0565318
                        0.943468
                        0.0570959
                        0.942904
                        0.062325
                        0.937675
                        0.0709296
                        0.92907
                        0.0806178
                        0.919382
                        0.088722
                        0.911278
                        0.0930507
                        0.906949
                        0.0924711
                        0.907529
                        0.0871348
                        0.912865
                        0.078444
                        0.921556
                        1
                        1
                        1
                        1
                        1
                        1
                        1
                        1
                        1
                        1
                        1
                        1
                        1
                        1
                        1
                        1
                        1
                        1
                        1
                        1
                        1
                        1
                        1
                        1
                        1
                        1
                        1
                        1
                        1
                        1
                        1
                        1
                        1
                        1
                        1
                        1
                        1
                        1
                        1
                        1
                        1
                        1
                        1
                        1
                        1
                        1
                        1
                        1
                        1
                        1
                        1
                        1
                        1
                        1
                        1
                        1
                        1
                        1
                        1
                        1
                        1
                        1
                        1
                        1
                        1
                        1
                        1
                        1
                        1
                        1
                        1
                        1
                        1
                        1
                        1
                        1
                        1
                        1
                        1
                        0.49077
                        0.50923
                        0.490086
                        0.509914
                        0.489711
                        0.510289
                        0.489761
                        0.510239
                        0.490223
                        0.509777
                        0.490946
                        0.509054
                        0.49168
                        0.50832
                        1
                        1
                        1
                        1
                        1
                        0.492228
                        0.507772
                        0.492497
                        0.507503
                        0.492462
                        0.507538
                        0.492125
                        0.507875
                        0.491523
                        0.508477
                        1
                        1
                        1
                        1
                        1
                        1
                        1
                        1
                        1
                        1
                        0.0209311
                        0.979069
                        0.0210868
                        0.978913
                        1
                        1
                        0.854342
                        0.145658
                        0.853797
                        0.146203
                        0.0232732
                        0.976727
                        1
                        0.846411
                        0.153589
                        0.0268146
                        0.973185
                        0.98873
                        0.0112703
                        0.835391
                        0.164609
                        0.030425
                        0.969575
                        0.986954
                        0.0130457
                        0.825153
                        0.174847
                        0.0326203
                        0.96738
                        0.985852
                        0.0141478
                        0.819343
                        0.180657
                        0.0324374
                        0.967563
                        0.985945
                        0.0140553
                        0.819816
                        0.180184
                        0.0299587
                        0.970041
                        0.987186
                        0.0128138
                        0.826426
                        0.173574
                        0.0262638
                        0.973736
                        0.988997
                        0.0110035
                        0.837036
                        0.162964
                        0.0228508
                        0.977149
                        1
                        0.8478
                        0.1522
                        0.287955
                        0.712045
                        0.288463
                        0.711537
                        0.295221
                        0.704779
                        0.304911
                        0.69509
                        0.313528
                        0.686472
                        0.31827
                        0.68173
                        0.317887
                        0.682113
                        0.312476
                        0.687524
                        0.303492
                        0.696508
                        0.293967
                        0.706033
                        1
                        1
                        1
                        1
                        1
                        1
                        1
                        1
                        1
                        1
                        0.198764
                        0.801236
                        0.199338
                        0.800662
                        0.20705
                        0.79295
                        0.218353
                        0.781647
                        0.228647
                        0.771353
                        0.234408
                        0.765592
                        0.233941
                        0.76606
                        0.227378
                        0.772622
                        0.21668
                        0.78332
                        0.205609
                        0.794391
                        0.514485
                        0.485515
                        0.514441
                        0.485559
                        0.513864
                        0.486136
                        0.513058
                        0.486942
                        0.512359
                        0.487641
                        0.511982
                        0.488018
                        0.512012
                        0.487988
                        0.512443
                        0.487557
                        0.513174
                        0.486826
                        0.51397
                        0.48603
                        0.910385
                        0.089615
                        0.910824
                        0.0891759
                        0.904366
                        0.0956336
                        0.895151
                        0.104849
                        0.886341
                        0.113659
                        0.881234
                        0.118766
                        0.881653
                        0.118347
                        0.887449
                        0.112551
                        0.896545
                        0.103455
                        0.905508
                        0.094492
                        1
                        1
                        1
                        1
                        1
                        1
                        1
                        1
                        1
                        1
                        0.0359898
                        0.96401
                        0.0362287
                        0.963771
                        0.0395593
                        0.960441
                        0.0448585
                        0.955141
                        0.0501509
                        0.949849
                        0.0533197
                        0.94668
                        0.0530569
                        0.946943
                        0.0494732
                        0.950527
                        0.0440415
                        0.955958
                        0.0389196
                        0.96108
                        0.507475
                        0.492524
                        0.507705
                        0.492295
                        0.508885
                        0.491115
                        0.509732
                        0.490268
                        0.509539
                        0.490461
                        0.508374
                        0.491626
                        0.981752
                        0.0182477
                        0.983241
                        0.0167588
                        0.989361
                        0.0106387
                        1
                        1
                        0.98697
                        0.0130305
                        0.012502
                        0.987498
                        0.011422
                        0.988578
                        1
                        1
                        1
                        1
                        0.963089
                        0.0369108
                        0.965705
                        0.0342955
                        0.976905
                        0.0230953
                        0.983995
                        0.016005
                        0.982272
                        0.0177282
                        0.972433
                        0.0275672
                        0.468831
                        0.531169
                        0.467725
                        0.532275
                        0.465854
                        0.534146
                        0.462506
                        0.537494
                        0.462618
                        0.537382
                        0.463819
                        0.536181
                        0.466152
                        0.533848
                        0.467941
                        0.532059
                        0.468909
                        0.531091
                        0.46409
                        0.53591
                        0.0494469
                        0.950553
                        0.0497485
                        0.950252
                        0.0539304
                        0.94607
                        0.0605039
                        0.939496
                        0.0669785
                        0.933021
                        0.0708152
                        0.929185
                        0.0704981
                        0.929502
                        0.0661542
                        0.933846
                        0.0594966
                        0.940503
                        0.0531303
                        0.94687
                        1
                        1
                        1
                        1
                        1
                        1
                        1
                        1
                        1
                        1
                        0.93437
                        0.0656302
                        0.934005
                        0.0659954
                        0.928966
                        0.0710336
                        0.921141
                        0.0788589
                        0.913538
                        0.0864623
                        0.909078
                        0.0909224
                        0.909445
                        0.0905551
                        0.9145
                        0.0854997
                        0.922333
                        0.0776669
                        0.929927
                        0.0700735
                    </float_array>
                    <technique_common>
                        <accessor count="971" source="#Controller-mesh016-weights-array" stride="1">
                            <param name="float" type="float" />
                        </accessor>
                    </technique_common>
                </source>
                <joints>
                    <input semantic="JOINT" source="#Controller-mesh016-joints" />
                    <input semantic="INV_BIND_MATRIX" source="#Controller-mesh016-matrices" />
                </joints>
                <vertex_weights count="613">
                    <input semantic="JOINT" offset="0" source="#Controller-mesh016-joints" />
                    <input semantic="WEIGHT" offset="1" source="#Controller-mesh016-weights" />
                    <vcount>1 1 1 1 1 1 1 1 1 1 1 1 1 1 1 1 1 1 1 1 1 1 1 1 1 1 1 1 1 1 1 1 1 1 1 1 1 1 1 1 1 1 1 1 1 1 1 1 1 1 1 1 1 2 2 2 2 2 2 2 2 2 2 2 2 2 2 2 2 2 2 1 1 2 2 2 2 2 2 1 1 2 2 2 2 2 2 2 2 1 1 2 2 2 2 2 2 2 2 1 2 2 2 2 2 2 2 2 1 2 2 2 2 2 2 1 2 2 2 2 2 2 2 2 1 2 2 2 2 2 2 1 2 2 2 2 2 2 2 2 1 2 2 2 2 2 2 2 2 2 2 2 2 2 2 2 1 2 2 2 2 2 2 2 2 2 2 2 2 2 2 2 1 2 2 2 2 2 2 1 2 2 2 2 2 2 2 2 1 2 2 2 2 2 2 1 2 2 2 2 2 2 2 2 1 2 2 2 2 2 2 1 2 2 2 2 2 2 2 2 1 2 2 2 1 1 1 1 1 1 1 1 1 1 1 1 2 2 2 2 2 2 2 2 2 1 1 1 1 1 2 2 2 2 2 2 2 2 2 2 2 2 2 2 2 2 2 2 2 2 2 2 2 1 1 2 2 2 2 2 1 1 2 2 1 1 2 1 1 1 2 1 1 1 2 2 1 2 2 2 3 3 3 3 3 3 2 1 1 1 1 1 1 1 1 1 1 1 1 1 1 1 1 1 1 1 1 1 1 1 1 2 2 2 2 2 2 2 2 2 2 2 2 1 1 1 1 1 1 1 1 1 1 1 1 1 1 1 1 1 1 1 1 1 1 1 1 1 1 1 1 1 1 1 1 1 1 1 1 1 1 1 1 1 1 1 1 1 1 1 1 1 1 1 1 1 1 1 1 1 1 1 1 1 1 1 1 1 1 1 1 1 1 1 1 1 1 1 1 1 1 1 2 2 2 2 2 2 2 1 1 1 1 1 2 2 2 2 2 1 1 1 1 1 1 1 1 1 1 2 2 1 1 2 2 2 1 2 2 2 2 2 2 2 2 2 2 2 2 2 2 2 2 2 2 2 2 1 2 2 2 2 2 2 2 2 2 2 2 1 1 1 1 1 1 1 1 1 1 2 2 2 2 2 2 2 2 2 2 2 2 2 2 2 2 2 2 2 2 2 2 2 2 2 2 2 2 2 2 1 1 1 1 1 1 1 1 1 1 2 2 2 2 2 2 2 2 2 2 2 2 2 2 2 2 2 2 2 1 1 2 2 2 1 1 1 1 2 2 2 2 2 2 2 2 2 2 2 2 2 2 2 2 2 2 2 2 2 2 2 2 2 2 1 1 1 1 1 1 1 1 1 1 2 2 2 2 2 2 2 2 2 2</vcount>
                    <v>0 0 0 1 0 2 0 3 0 4 0 5 0 6 0 7 0 8 0 9 0 10 0 11 0 12 0 13 0 14 0 15 0 16 0 17 0 18 0 19 0 20 0 21 0 22 0 23 0 24 0 25 0 26 0 27 0 28 0 29 0 30 0 31 0 32 0 33 0 34 0 35 0 36 0 37 0 38 0 39 0 40 0 41 0 42 0 43 0 44 0 45 0 46 0 47 0 48 0 49 0 50 0 51 0 52 16 53 17 54 16 55 17 56 16 57 17 58 16 59 17 60 16 61 17 62 16 63 17 64 16 65 17 66 16 67 17 68 16 69 17 70 16 71 17 72 15 73 16 74 15 75 16 76 14 77 15 78 14 79 15 80 13 81 14 82 13 83 14 84 12 85 13 86 12 87 13 88 12 89 12 90 11 91 12 92 11 93 12 94 10 95 11 96 10 97 11 98 9 99 10 100 9 101 10 102 9 103 9 104 8 105 9 106 8 107 9 108 7 109 8 110 7 111 8 112 6 113 7 114 6 115 7 116 5 117 6 118 5 119 6 120 5 121 5 122 4 123 5 124 4 125 5 126 3 127 4 128 3 129 4 130 15 131 16 132 14 133 15 134 13 135 14 136 12 137 13 138 12 139 11 140 12 141 10 142 11 143 9 144 10 145 8 146 9 147 8 148 9 149 7 150 8 151 6 152 7 153 5 154 6 155 5 156 4 157 5 158 3 159 4 160 15 161 16 162 14 163 15 164 13 165 14 166 12 167 13 168 12 169 11 170 12 171 10 172 11 173 9 174 10 175 8 176 9 177 8 178 9 179 7 180 8 181 6 182 7 183 5 184 6 185 5 186 4 187 5 188 3 189 4 190 15 191 16 192 14 193 15 194 13 195 14 196 12 197 13 198 12 199 11 200 12 201 10 202 11 203 9 204 10 205 8 206 9 207 8 208 9 209 7 210 8 211 6 212 7 213 5 214 6 215 5 216 4 217 5 218 3 219 4 220 15 221 16 222 14 223 15 224 13 225 14 226 12 227 13 228 12 229 13 230 11 231 12 232 10 233 11 234 9 235 10 236 8 237 9 238 8 239 9 240 7 241 8 242 6 243 7 244 5 245 6 246 5 247 4 248 5 249 3 250 4 251 15 252 16 253 14 254 15 255 13 256 14 257 12 258 13 259 12 260 13 261 11 262 12 263 10 264 11 265 9 266 10 267 8 268 9 269 8 270 9 271 7 272 8 273 6 274 7 275 5 276 6 277 5 278 4 279 5 280 3 281 4 282 15 283 16 284 14 285 15 286 13 287 14 288 12 289 13 290 12 291 11 292 12 293 10 294 11 295 9 296 10 297 8 298 9 299 8 300 9 301 7 302 8 303 6 304 7 305 5 306 6 307 5 308 4 309 5 310 3 311 4 312 15 313 16 314 14 315 15 316 13 317 14 318 12 319 13 320 12 321 11 322 12 323 10 324 11 325 9 326 10 327 8 328 9 329 8 330 9 331 7 332 8 333 6 334 7 335 5 336 6 337 5 338 4 339 5 340 3 341 4 342 15 343 16 344 14 345 15 346 13 347 14 348 12 349 13 350 12 351 11 352 12 353 10 354 11 355 9 356 10 357 8 358 9 359 8 360 9 361 7 362 8 363 6 364 7 365 5 366 6 367 5 368 4 369 5 370 3 371 4 372 15 373 16 374 0 375 0 376 0 377 0 378 0 379 0 380 0 381 0 382 0 383 0 384 0 385 0 386 15 387 16 388 15 389 16 390 15 391 16 392 15 393 16 394 15 395 16 396 15 397 16 398 15 399 16 400 15 401 16 402 15 403 16 404 0 405 0 406 0 407 0 408 0 409 15 410 16 411 16 412 17 413 16 414 17 415 16 416 17 417 16 418 17 419 16 420 17 421 16 422 17 423 16 424 17 425 16 426 17 427 16 428 17 429 16 430 17 431 15 432 16 433 15 434 16 435 15 436 16 437 15 438 16 439 15 440 16 441 15 442 16 443 18 444 19 445 18 446 19 447 18 448 19 449 18 450 19 451 18 452 19 453 18 454 19 455 18 456 18 457 17 458 18 459 17 460 18 461 16 462 17 463 16 464 17 465 16 466 17 467 16 468 18 469 17 470 18 471 16 472 17 473 16 474 18 475 17 476 18 477 17 478 16 479 18 480 17 481 18 482 17 483 16 484 18 485 17 486 18 487 16 488 17 489 16 490 16 491 17 492 16 493 17 494 16 495 17 496 15 497 16 498 17 499 15 500 16 501 17 502 15 503 16 504 17 505 15 506 16 507 17 508 15 509 16 510 17 511 15 512 16 513 17 514 16 515 17 516 19 517 19 518 19 519 19 520 19 521 19 522 19 523 19 524 19 525 19 526 19 527 19 528 19 529 19 530 19 531 19 532 19 533 19 534 19 535 19 536 19 537 19 538 19 539 19 540 18 541 19 542 18 543 19 544 18 545 19 546 18 547 19 548 18 549 19 550 18 551 19 552 18 553 19 554 18 555 19 556 18 557 19 558 18 559 19 560 18 561 19 562 18 563 19 564 19 565 19 566 19 567 19 568 19 569 19 570 19 571 19 572 19 573 19 574 19 575 19 576 19 577 19 578 19 579 19 580 19 581 19 582 19 583 19 584 19 585 19 586 19 587 19 588 19 589 19 590 19 591 19 592 19 593 19 594 19 595 19 596 19 597 19 598 19 599 19 600 19 601 19 602 19 603 19 604 19 605 19 606 19 607 19 608 19 609 19 610 19 611 19 612 19 613 19 614 19 615 19 616 19 617 19 618 19 619 19 620 19 621 19 622 19 623 19 624 19 625 19 626 19 627 19 628 19 629 19 630 19 631 19 632 19 633 19 634 19 635 19 636 19 637 19 638 19 639 19 640 19 641 19 642 19 643 18 644 19 645 18 646 19 647 18 648 19 649 18 650 19 651 18 652 19 653 18 654 19 655 18 656 19 657 19 658 19 659 19 660 19 661 19 662 18 663 19 664 18 665 19 666 18 667 19 668 18 669 19 670 18 671 19 672 0 673 0 674 0 675 0 676 0 677 0 678 0 679 0 680 0 681 0 682 1 683 2 684 1 685 2 686 1 687 1 688 0 689 1 690 0 691 1 692 1 693 2 694 1 695 0 696 1 697 1 698 2 699 1 700 2 701 0 702 1 703 1 704 2 705 1 706 2 707 0 708 1 709 1 710 2 711 1 712 2 713 0 714 1 715 1 716 2 717 1 718 2 719 0 720 1 721 1 722 2 723 1 724 2 725 0 726 1 727 1 728 2 729 1 730 2 731 0 732 1 733 1 734 2 735 1 736 0 737 1 738 2 739 3 740 2 741 3 742 2 743 3 744 2 745 3 746 2 747 3 748 2 749 3 750 2 751 3 752 2 753 3 754 2 755 3 756 2 757 3 758 0 759 0 760 0 761 0 762 0 763 0 764 0 765 0 766 0 767 0 768 0 769 1 770 0 771 1 772 0 773 1 774 0 775 1 776 0 777 1 778 0 779 1 780 0 781 1 782 0 783 1 784 0 785 1 786 0 787 1 788 1 789 2 790 1 791 2 792 1 793 2 794 1 795 2 796 1 797 2 798 1 799 2 800 1 801 2 802 1 803 2 804 1 805 2 806 1 807 2 808 2 809 3 810 2 811 3 812 2 813 3 814 2 815 3 816 2 817 3 818 2 819 3 820 2 821 3 822 2 823 3 824 2 825 3 826 2 827 3 828 3 829 3 830 3 831 3 832 3 833 3 834 3 835 3 836 3 837 3 838 3 839 4 840 3 841 4 842 3 843 4 844 3 845 4 846 3 847 4 848 3 849 4 850 3 851 4 852 3 853 4 854 3 855 4 856 3 857 4 858 16 859 17 860 16 861 17 862 16 863 17 864 16 865 17 866 16 867 17 868 16 869 17 870 17 871 18 872 17 873 18 874 17 875 18 876 17 877 17 878 17 879 18 880 17 881 18 882 17 883 18 884 18 885 18 886 18 887 18 888 18 889 19 890 18 891 19 892 18 893 19 894 18 895 19 896 18 897 19 898 18 899 19 900 15 901 16 902 15 903 16 904 15 905 16 906 15 907 16 908 15 909 16 910 15 911 16 912 15 913 16 914 15 915 16 916 15 917 16 918 15 919 16 920 14 921 15 922 14 923 15 924 14 925 15 926 14 927 15 928 14 929 15 930 14 931 15 932 14 933 15 934 14 935 15 936 14 937 15 938 14 939 15 940 14 941 14 942 14 943 14 944 14 945 14 946 14 947 14 948 14 949 14 950 13 951 14 952 13 953 14 954 13 955 14 956 13 957 14 958 13 959 14 960 13 961 14 962 13 963 14 964 13 965 14 966 13 967 14 968 13 969 14 970</v>
                </vertex_weights>
            </skin>
        </controller>
    </library_controllers>
    <library_visual_scenes>
        <visual_scene id="DefaultScene">
            <node id="polyRender007" name="Render" type="NODE">
                <instance_light url="#Light-polyRender007" />
            </node>
            <node id="locator038Node" name="Skeleton_Joint" sid="locator038Node" type="JOINT">
                <translate sid="translation039">0 0 0</translate>
                <rotate sid="rotation041Y">0 1 0 0</rotate>
                <rotate sid="rotation041X">1 0 0 -90</rotate>
                <rotate sid="rotation041Z">0 0 1 -90</rotate>
                <rotate sid="rotation040Y">0 1 0 0</rotate>
                <rotate sid="rotation040X">1 0 0 0</rotate>
                <rotate sid="rotation040Z">0 0 1 0</rotate>
                <scale sid="scale157">1 1 1</scale>
                <node id="locator042Node" name="Skeleton_Joint__2_" sid="locator042Node" type="JOINT">
                    <translate sid="translation043">0 0 0.25</translate>
                    <rotate sid="rotation045Y">0 1 0 0</rotate>
                    <rotate sid="rotation045X">1 0 0 -3.50835e-015</rotate>
                    <rotate sid="rotation045Z">0 0 1 -9.21386e-015</rotate>
                    <rotate sid="rotation044Y">0 1 0 0</rotate>
                    <rotate sid="rotation044X">1 0 0 0</rotate>
                    <rotate sid="rotation044Z">0 0 1 0</rotate>
                    <node id="locator046Node" name="Skeleton_Joint__3_" sid="locator046Node" type="JOINT">
                        <translate sid="translation047">0 9.3735e-034 0.25</translate>
                        <rotate sid="rotation049Y">0 1 0 2.54444e-014</rotate>
                        <rotate sid="rotation049X">1 0 0 9.21386e-015</rotate>
                        <rotate sid="rotation049Z">0 0 1 -5.70551e-015</rotate>
                        <rotate sid="rotation048Y">0 1 0 0</rotate>
                        <rotate sid="rotation048X">1 0 0 0</rotate>
                        <rotate sid="rotation048Z">0 0 1 0</rotate>
                        <node id="locator050Node" name="Skeleton_Joint__4_" sid="locator050Node" type="JOINT">
                            <translate sid="translation051">-3.08149e-033 1.8747e-033 0.25</translate>
                            <rotate sid="rotation053Y">0 1 0 6.36111e-014</rotate>
                            <rotate sid="rotation053X">1 0 0 2.19361e-014</rotate>
                            <rotate sid="rotation053Z">0 0 1 -2.76416e-014</rotate>
                            <rotate sid="rotation052Y">0 1 0 0</rotate>
                            <rotate sid="rotation052X">1 0 0 0</rotate>
                            <rotate sid="rotation052Z">0 0 1 0</rotate>
                            <node id="locator054Node" name="Skeleton_Joint__5_" sid="locator054Node" type="JOINT">
                                <translate sid="translation055">0 1.57522e-031 0.25</translate>
                                <rotate sid="rotation057Y">0 1 0 1.90833e-013</rotate>
                                <rotate sid="rotation057X">1 0 0 7.2825e-014</rotate>
                                <rotate sid="rotation057Z">0 0 1 -6.22999e-014</rotate>
                                <rotate sid="rotation056Y">0 1 0 0</rotate>
                                <rotate sid="rotation056X">1 0 0 0</rotate>
                                <rotate sid="rotation056Z">0 0 1 0</rotate>
                                <node id="locator058Node" name="Skeleton_Joint__6_" sid="locator058Node" type="JOINT">
                                    <translate sid="translation059">1.04771e-031 2.24758e-031 0.25</translate>
                                    <rotate sid="rotation061Y">0 1 0 -2.00013e-017</rotate>
                                    <rotate sid="rotation061X">1 0 0 -3.12338e-013</rotate>
                                    <rotate sid="rotation061Z">0 0 1 -1.98766e-013</rotate>
                                    <rotate sid="rotation060Y">0 1 0 0</rotate>
                                    <rotate sid="rotation060X">1 0 0 0</rotate>
                                    <rotate sid="rotation060Z">0 0 1 0</rotate>
                                    <node id="locator062Node" name="Skeleton_Joint__7_" sid="locator062Node" type="JOINT">
                                        <translate sid="translation063">3.69779e-032 7.94665e-032 0.25</translate>
                                        <rotate sid="rotation065Y">0 1 0 4.00776e-017</rotate>
                                        <rotate sid="rotation065X">1 0 0 1.96559e-013</rotate>
                                        <rotate sid="rotation065Z">0 0 1 8.39768e-015</rotate>
                                        <rotate sid="rotation064Y">0 1 0 0</rotate>
                                        <rotate sid="rotation064X">1 0 0 0</rotate>
                                        <rotate sid="rotation064Z">0 0 1 0</rotate>
                                        <node id="locator066Node" name="Skeleton_Joint__8_" sid="locator066Node" type="JOINT">
                                            <translate sid="translation067">1.84889e-031 8.04038e-032 0.25</translate>
                                            <rotate sid="rotation069Y">0 1 0 -3.5225e-017</rotate>
                                            <rotate sid="rotation069X">1 0 0 1.8449e-014</rotate>
                                            <rotate sid="rotation069Z">0 0 1 -2.636e-014</rotate>
                                            <rotate sid="rotation068Y">0 1 0 0</rotate>
                                            <rotate sid="rotation068X">1 0 0 0</rotate>
                                            <rotate sid="rotation068Z">0 0 1 0</rotate>
                                            <node id="locator070Node" name="Skeleton_Joint__9_" sid="locator070Node" type="JOINT">
                                                <translate sid="translation071">-7.70372e-032 -1.09855e-030 0.25</translate>
                                                <rotate sid="rotation073Y">0 1 0 4.18094e-017</rotate>
                                                <rotate sid="rotation073X">1 0 0 -6.99543e-015</rotate>
                                                <rotate sid="rotation073Z">0 0 1 -1.01294e-014</rotate>
                                                <rotate sid="rotation072Y">0 1 0 0</rotate>
                                                <rotate sid="rotation072X">1 0 0 0</rotate>
                                                <rotate sid="rotation072Z">0 0 1 0</rotate>
                                                <node id="locator074Node" name="Skeleton_Joint__10_" sid="locator074Node" type="JOINT">
                                                    <translate sid="translation075">3.08149e-033 8.90767e-032 0.25</translate>
                                                    <rotate sid="rotation077Y">0 1 0 -3.68759e-017</rotate>
                                                    <rotate sid="rotation077X">1 0 0 1.845e-014</rotate>
                                                    <rotate sid="rotation077Z">0 0 1 -6.52169e-015</rotate>
                                                    <rotate sid="rotation076Y">0 1 0 0</rotate>
                                                    <rotate sid="rotation076X">1 0 0 0</rotate>
                                                    <rotate sid="rotation076Z">0 0 1 0</rotate>
                                                    <node id="locator078Node" name="Skeleton_Joint__11_" sid="locator078Node" type="JOINT">
                                                        <translate sid="translation079">-1.01689e-031 9.0014e-032 0.25</translate>
                                                        <rotate sid="rotation081Y">0 1 0 4.36975e-017</rotate>
                                                        <rotate sid="rotation081X">1 0 0 -6.99445e-015</rotate>
                                                        <rotate sid="rotation081Z">0 0 1 -3.21212e-015</rotate>
                                                        <rotate sid="rotation080Y">0 1 0 0</rotate>
                                                        <rotate sid="rotation080X">1 0 0 0</rotate>
                                                        <rotate sid="rotation080Z">0 0 1 0</rotate>
                                                        <node id="locator082Node" name="Skeleton_Joint__12_" sid="locator082Node" type="JOINT">
                                                            <translate sid="translation083">9.55261e-032 9.09514e-032 0.25</translate>
                                                            <rotate sid="rotation085Y">0 1 0 -3.86892e-017</rotate>
                                                            <rotate sid="rotation085X">1 0 0 1.84511e-014</rotate>
                                                            <rotate sid="rotation085Z">0 0 1 2.9623e-016</rotate>
                                                            <rotate sid="rotation084Y">0 1 0 0</rotate>
                                                            <rotate sid="rotation084X">1 0 0 0</rotate>
                                                            <rotate sid="rotation084Z">0 0 1 0</rotate>
                                                            <node id="locator086Node" name="Skeleton_Joint__13_" sid="locator086Node" type="JOINT">
                                                                <translate sid="translation087">-6.16298e-033 9.18887e-032 0.25</translate>
                                                                <rotate sid="rotation089Y">0 1 0 4.57643e-017</rotate>
                                                                <rotate sid="rotation089X">1 0 0 -6.99337e-015</rotate>
                                                                <rotate sid="rotation089Z">0 0 1 -8.81824e-015</rotate>
                                                                <rotate sid="rotation088Y">0 1 0 0</rotate>
                                                                <rotate sid="rotation088X">1 0 0 0</rotate>
                                                                <rotate sid="rotation088Z">0 0 1 0</rotate>
                                                                <node id="locator090Node" name="Skeleton_Joint__14_" sid="locator090Node" type="JOINT">
                                                                    <translate sid="translation091">-1.54074e-032 9.28261e-032 0.25</translate>
                                                                    <rotate sid="rotation093Y">0 1 0 -4.06899e-017</rotate>
                                                                    <rotate sid="rotation093X">1 0 0 1.84522e-014</rotate>
                                                                    <rotate sid="rotation093Z">0 0 1 -1.80321e-014</rotate>
                                                                    <rotate sid="rotation092Y">0 1 0 0</rotate>
                                                                    <rotate sid="rotation092X">1 0 0 0</rotate>
                                                                    <rotate sid="rotation092Z">0 0 1 0</rotate>
                                                                    <node id="locator094Node" name="Skeleton_Joint__15_" sid="locator094Node" type="JOINT">
                                                                        <translate sid="translation095">-1.84889e-032 9.37634e-032 0.25</translate>
                                                                        <rotate sid="rotation097Y">0 1 0 4.80362e-017</rotate>
                                                                        <rotate sid="rotation097X">1 0 0 -6.99219e-015</rotate>
                                                                        <rotate sid="rotation097Z">0 0 1 -1.70214e-015</rotate>
                                                                        <rotate sid="rotation096Y">0 1 0 0</rotate>
                                                                        <rotate sid="rotation096X">1 0 0 0</rotate>
                                                                        <rotate sid="rotation096Z">0 0 1 0</rotate>
                                                                        <node id="locator098Node" name="Skeleton_Joint__16_" sid="locator098Node" type="JOINT">
                                                                            <translate sid="translation099">4.93038e-032 9.80998e-032 0.25</translate>
                                                                            <rotate sid="rotation101Y">0 1 0 -4.98793e-028</rotate>
                                                                            <rotate sid="rotation101X">1 0 0 9.21386e-015</rotate>
                                                                            <rotate sid="rotation101Z">0 0 1 -1.27222e-014</rotate>
                                                                            <rotate sid="rotation100Y">0 1 0 0</rotate>
                                                                            <rotate sid="rotation100X">1 0 0 0</rotate>
                                                                            <rotate sid="rotation100Z">0 0 1 0</rotate>
                                                                            <node id="locator102Node" name="Skeleton_Joint__17_" sid="locator102Node" type="JOINT">
                                                                                <translate sid="translation103">8.66639e-034 1.24475e-017 0.25</translate>
                                                                                <rotate sid="rotation105Y">0 1 0 -6.65354e-028</rotate>
                                                                                <rotate sid="rotation105X">1 0 0 -3.50835e-015</rotate>
                                                                                <rotate sid="rotation105Z">0 0 1 0</rotate>
                                                                                <rotate sid="rotation104Y">0 1 0 0</rotate>
                                                                                <rotate sid="rotation104X">1 0 0 0</rotate>
                                                                                <rotate sid="rotation104Z">0 0 1 0</rotate>
                                                                                <node id="locator106Node" name="Skeleton_Joint__18_" sid="locator106Node" type="JOINT">
                                                                                    <translate sid="translation107">-1.24527e-033 2.39672e-018 0.1875</translate>
                                                                                    <rotate sid="rotation109Y">0 1 0 5.00414e-028</rotate>
                                                                                    <rotate sid="rotation109X">1 0 0 2.85275e-015</rotate>
                                                                                    <rotate sid="rotation109Z">0 0 1 1.27222e-014</rotate>
                                                                                    <rotate sid="rotation108Y">0 1 0 0</rotate>
                                                                                    <rotate sid="rotation108X">1 0 0 0</rotate>
                                                                                    <rotate sid="rotation108Z">0 0 1 0</rotate>
                                                                                    <node id="locator110Node" name="Skeleton_Joint__19_" sid="locator110Node" type="JOINT">
                                                                                        <translate sid="translation111">5.33259e-031 -4.76058e-017 0.1875</translate>
                                                                                        <rotate sid="rotation113Y">0 1 0 -9.85045e-029</rotate>
                                                                                        <rotate sid="rotation113X">1 0 0 -1.27222e-015</rotate>
                                                                                        <rotate sid="rotation113Z">0 0 1 -1.27222e-014</rotate>
                                                                                        <rotate sid="rotation112Y">0 1 0 0</rotate>
                                                                                        <rotate sid="rotation112X">1 0 0 0</rotate>
                                                                                        <rotate sid="rotation112Z">0 0 1 0</rotate>
                                                                                        <node id="locator114Node" name="Skeleton_Joint__20_" sid="locator114Node" type="JOINT">
                                                                                            <translate sid="translation115">4.35619e-031 -1.22387e-017 0.25</translate>
                                                                                            <rotate sid="rotation117Y">0 1 0 -2.57826e-031</rotate>
                                                                                            <rotate sid="rotation117X">1 0 0 -5.08889e-015</rotate>
                                                                                            <rotate sid="rotation117Z">0 0 1 -1.1072e-044</rotate>
                                                                                            <rotate sid="rotation116Y">0 1 0 0</rotate>
                                                                                            <rotate sid="rotation116X">1 0 0 0</rotate>
                                                                                            <rotate sid="rotation116Z">0 0 1 0</rotate>
                                                                                            <node id="locator122Node" name="Skeleton_Joint__21_" type="NODE">
                                                                                                <translate sid="translation123">4.37038e-031 -6.68762e-018 0.25</translate>
                                                                                                <rotate sid="rotation125Y">0 1 0 90</rotate>
                                                                                                <rotate sid="rotation125X">1 0 0 -4.10159e-013</rotate>
                                                                                                <rotate sid="rotation125Z">0 0 1 90</rotate>
                                                                                                <rotate sid="rotation124Y">0 1 0 0</rotate>
                                                                                                <rotate sid="rotation124X">1 0 0 0</rotate>
                                                                                                <rotate sid="rotation124Z">0 0 1 0</rotate>
                                                                                            </node>
                                                                                        </node>
                                                                                    </node>
                                                                                </node>
                                                                            </node>
                                                                        </node>
                                                                    </node>
                                                                </node>
                                                            </node>
                                                        </node>
                                                    </node>
                                                </node>
                                            </node>
                                        </node>
                                    </node>
                                </node>
                            </node>
                        </node>
                    </node>
                </node>
            </node>
            <node id="Geometry-mesh016Node" name="Mesh" type="NODE">
                <instance_controller url="#Controller-mesh016">
                    <skeleton>#locator038Node</skeleton>
                    <skeleton>#locator042Node</skeleton>
                    <skeleton>#locator046Node</skeleton>
                    <skeleton>#locator050Node</skeleton>
                    <skeleton>#locator054Node</skeleton>
                    <skeleton>#locator058Node</skeleton>
                    <skeleton>#locator062Node</skeleton>
                    <skeleton>#locator066Node</skeleton>
                    <skeleton>#locator070Node</skeleton>
                    <skeleton>#locator074Node</skeleton>
                    <skeleton>#locator078Node</skeleton>
                    <skeleton>#locator082Node</skeleton>
                    <skeleton>#locator086Node</skeleton>
                    <skeleton>#locator090Node</skeleton>
                    <skeleton>#locator094Node</skeleton>
                    <skeleton>#locator098Node</skeleton>
                    <skeleton>#locator102Node</skeleton>
                    <skeleton>#locator106Node</skeleton>
                    <skeleton>#locator110Node</skeleton>
                    <skeleton>#locator114Node</skeleton>
                    <bind_material>
                        <technique_common>
                            <instance_material symbol="Material-01_02_power_cable_pplant" target="#Material-01_02_power_cable_pplant">
                                <bind_vertex_input semantic="uvSet1" input_semantic="TEXCOORD" input_set="0" />
                            </instance_material>
                        </technique_common>
                    </bind_material>
                </instance_controller>
            </node>
            <node id="txtrLocator017Node" name="01_02_power_cable_pplant__Image___Texture_" type="NODE">
                <translate sid="translation020">0 0 0</translate>
                <rotate sid="rotation019Y">0 1 0 0</rotate>
                <rotate sid="rotation019X">1 0 0 0</rotate>
                <rotate sid="rotation019Z">0 0 1 0</rotate>
                <scale sid="scale018">1 1 1</scale>
            </node>
            <node id="txtrLocator021Node" name="01_02_power_cable_pplant_nrm__Image___Texture_" type="NODE">
                <translate sid="translation024">0 0 0</translate>
                <rotate sid="rotation023Y">0 1 0 0</rotate>
                <rotate sid="rotation023X">1 0 0 0</rotate>
                <rotate sid="rotation023Z">0 0 1 0</rotate>
                <scale sid="scale022">1 1 1</scale>
            </node>
            <extra>
                <technique profile="modo401">
                    <param sid="fps" name="Scene_FPS" type="float">24</param>
                    <param sid="sceneS" name="Scene_Start_Time" type="float">0</param>
                    <param sid="sceneE" name="Scene_End_Time" type="float">5</param>
                    <param sid="currentS" name="Scene_Current_Start_Time" type="float">0</param>
                    <param sid="currentE" name="Scene_Current_End_Time" type="float">5</param>
                    <param sid="timeSys" name="Scene_Time_System" type="Name">frames</param>
                </technique>
            </extra>
            <extra>
                <technique profile="MAX3D">
                    <frame_rate>24</frame_rate>
                </technique>
            </extra>
            <extra>
                <technique profile="MAYA">
                    <start_time>0</start_time>
                    <end_time>5</end_time>
                </technique>
            </extra>
            <extra>
                <technique profile="OKINO" />
            </extra>
            <extra>
                <technique profile="XSI">
                    <SI_Scene>
                        <frame_rate>24</frame_rate>
                    </SI_Scene>
                </technique>
            </extra>
        </visual_scene>
    </library_visual_scenes>
    <scene>
        <instance_visual_scene url="#DefaultScene" />
    </scene>
</COLLADA>
