<?xml version="1.0" encoding="utf-8" ?>
<COLLADA xmlns="http://www.collada.org/2005/11/COLLADASchema" version="1.4.1">
    <asset>
        <contributor>
            <author>Marc</author>
            <authoring_tool>modo 701 [Build 68192], Microsoft Windows 7 Service Pack 1 (6.1.7601 Service Pack 1)</authoring_tool>
            <comments>Plug-in: [Build 68192]; Use Absolute Path: No; Merge Reference Items: No; Save Hidden Items: No; Save Cameras: No; Save Lights: No; Save Locators: Yes; Save Triangles as Triangles: Yes; Order Vertex Maps Alphabetically: Yes; Bake Matrices: Yes; Save Vertex Normals: Yes; Save UV Texture Coordinates: Yes; Save Vertex Colors: Yes; Save Vertex Weights: Yes; Save Animation: No; Sample Animation: Yes; Sample Animation Start: 0; Sample Animation End: 1; Save modo Profile: No; Save Maya Profile: No; Save 3ds Max Profile: No; Formatted Arrays: No;</comments>
            <source_data>file:///D:/Work/Dropbox/Frictional%20Games%20-%20Team/Aaron/models/entities/station/special/03_02_containment_cube/03_02_containment_cube_glass.lxo</source_data>
        </contributor>
        <created>2014-12-04T22:51:17Z</created>
        <modified>2014-12-04T22:51:17Z</modified>
        <unit name="game" meter="1" />
        <up_axis>Y_UP</up_axis>
    </asset>
    <library_images>
        <image id="Image0001" name="Image0001">
            <init_from>file:///D:/Work/Dropbox/Frictional%20Games%20-%20Team/Aaron/models/entities/station/special/03_02_containment_cube/03_02_containment_cube_glass.psd</init_from>
        </image>
    </library_images>
    <library_materials>
        <material id="Material-glass" name="glass">
            <instance_effect url="#Effect-glass" />
        </material>
        <material id="Material-lambert2" name="lambert2">
            <instance_effect url="#Effect-lambert2" />
        </material>
    </library_materials>
    <library_effects>
        <effect id="Effect-glass" name="glass">
            <profile_COMMON>
                <newparam sid="Image0001-surface">
                    <surface type="2D">
                        <init_from>Image0001</init_from>
                        <format>A8R8G8B8</format>
                    </surface>
                </newparam>
                <newparam sid="Image0001-sampler">
                    <sampler2D>
                        <source>Image0001-surface</source>
                        <minfilter>LINEAR_MIPMAP_LINEAR</minfilter>
                        <magfilter>LINEAR</magfilter>
                    </sampler2D>
                </newparam>
                <technique sid="common">
                    <phong>
                        <diffuse>
                            <texture texture="Image0001-sampler" texcoord="uvSet1" />
                        </diffuse>
                        <specular>
                            <color sid="specular_effect_rgb">0.2 0.2 0.2 1</color>
                        </specular>
                        <shininess>
                            <float sid="specular_effect_rgb">256</float>
                        </shininess>
                    </phong>
                </technique>
            </profile_COMMON>
        </effect>
        <effect id="Effect-lambert2" name="lambert2">
            <profile_COMMON>
                <technique sid="common">
                    <phong>
                        <diffuse>
                            <color sid="diffuse_effect_rgb">0.8 0.8 0.8 1</color>
                        </diffuse>
                        <specular>
                            <color sid="specular_effect_rgb">0.2 0.2 0.2 1</color>
                        </specular>
                        <shininess>
                            <float sid="specular_effect_rgb">0.4</float>
                        </shininess>
                    </phong>
                </technique>
            </profile_COMMON>
        </effect>
    </library_effects>
    <library_geometries>
        <geometry id="Geometry-mesh033" name="glass_broken">
            <mesh>
                <source id="Geometry-mesh033-positions" name="positions">
                    <float_array id="Geometry-mesh033-positions-array" count="5442">-1.84617 0.790117 1.88672 1.84617 0.790117 1.88672 0.0273438 0.444005 1.88672 -1.51172 3.20313 1.88672 -1.51172 0.444005 1.88672 -1.48839 3.87023 1.88672 -1.84617 3.51245 1.88672 1.48839 3.87023 1.88672 1.84617 3.51245 1.88672 0.0200586 0.461145 1.88672 0.0200586 3.1652 1.88672 -1.50883 3.1652 1.88672 -1.50883 0.461145 1.88672 -1.90543 3.51245 -1.84617 -1.90543 0.790117 1.84617 -1.90543 3.51245 1.84617 -1.90543 3.87023 1.48839 -1.90543 3.87023 -1.48839 1.90543 0.790117 1.84617 1.90543 3.51245 1.84617 1.90543 0.790117 -1.84617 1.90543 3.51245 -1.84617 1.90543 3.87023 -1.48839 1.90543 3.87023 1.48839 -1.48839 0.432342 -1.90543 1.84617 3.51245 -1.90543 -1.84617 0.790117 -1.90543 -1.84617 3.51245 -1.90543 1.80489 3.90527 1.44374 1.42923 3.90527 1.79078 1.42923 3.90527 -1.79078 -1.80484 3.90533 -1.44374 -1.80484 3.90533 1.44374 -1.42918 3.90532 1.79078 -1.42918 3.90532 -1.79078 1.36932 0.432342 -1.90543 1.35547 0.472656 -1.90543 1.31445 0.511719 -1.90543 1.24414 0.519531 -1.90543 1.20703 0.560547 -1.90543 1.14063 0.607422 -1.90543 1.11523 0.710938 -1.90543 1.08789 0.728516 -1.90543 1.05469 0.671875 -1.90543 1.00781 0.591797 -1.90543 0.943359 0.53125 -1.90543 0.806641 0.525391 -1.90543 0.748047 0.432342 -1.90543 0.658589 0.432342 -1.90543 0.59375 0.472656 -1.90543 0.558594 0.542969 -1.90543 0.535156 0.566406 -1.90543 0.382813 0.578125 -1.90543 0.246094 0.542969 -1.90543 0.179688 0.525391 -1.90543 0.0625 0.507813 -1.90543 0.03125 0.539063 -1.90543 -0.0585938 0.585938 -1.90543 -0.25 0.558594 -1.90543 -0.316406 0.613281 -1.90543 -0.324219 0.691406 -1.90543 -0.347656 0.667969 -1.90543 -0.386719 0.679688 -1.90543 -0.390625 0.546875 -1.90543 -0.437266 0.432342 -1.90543 -0.489822 0.432342 -1.90543 -0.570313 0.511719 -1.90543 -0.648438 0.5625 -1.90543 -0.71875 0.488281 -1.90543 -0.734375 0.515625 -1.90543 -0.859375 0.539063 -1.90543 -0.964844 0.597656 -1.90543 -1.01953 0.65625 -1.90543 -1.125 0.550781 -1.90543 -1.15234 0.585938 -1.90543 -1.25189 0.432342 -1.90543 -1.39379 0.432342 -1.90543 -1.47266 0.585938 -1.90543 -1.45703 0.707031 -1.90543 -1.53906 0.785156 -1.90543 -1.57813 0.855469 -1.90543 -1.60156 1.01563 -1.90543 -1.55078 1.03906 -1.90543 -1.67969 1.09766 -1.90543 -1.69922 1.21875 -1.90543 -1.64063 1.33203 -1.90543 -1.84617 1.44348 -1.90543 -1.84617 2.14693 -1.90543 -1.76953 2.24609 -1.90543 -1.79688 2.40234 -1.90543 -1.79297 2.49219 -1.90543 -1.76563 2.53125 -1.90543 -1.67969 2.55078 -1.90543 -1.70313 2.60547 -1.90543 -1.79688 2.69141 -1.90543 -1.80078 2.82422 -1.90543 -1.76563 2.88672 -1.90543 -1.84617 3.02624 -1.90543 -1.84617 3.46869 -1.90543 -1.77344 3.44531 -1.90543 -1.72266 3.50391 -1.90543 -1.67969 3.56641 -1.90543 -1.59375 3.52344 -1.90543 -1.57031 3.56641 -1.90543 -1.55078 3.64453 -1.90543 -1.48828 3.73047 -1.90543 -1.52059 3.83803 -1.90543 -0.654892 3.87023 -1.90543 -0.519531 3.83203 -1.90543 -0.464844 3.77344 -1.90543 -0.464844 3.70313 -1.90543 -0.40625 3.55469 -1.90543 -0.402344 3.37891 -1.90543 -0.320313 3.32422 -1.90543 -0.3125 3.39453 -1.90543 -0.277344 3.53906 -1.90543 -0.199219 3.59375 -1.90543 -0.167969 3.71875 -1.90543 -0.175781 3.80469 -1.90543 -0.133955 3.87023 -1.90543 -0.971622 3.87023 -1.90543 -1.09766 3.80078 -1.90543 -1.13281 3.75 -1.90543 -1.17969 3.69531 -1.90543 -1.26563 3.70703 -1.90543 -1.30859 3.70703 -1.90543 -1.36753 3.87023 -1.90543 -0.0933966 3.87023 -1.90543 -0.046875 3.79688 -1.90543 0.0195313 3.8125 -1.90543 0.128906 3.77734 -1.90543 0.183594 3.67969 -1.90543 0.230469 3.72266 -1.90543 0.378906 3.77734 -1.90543 0.421875 3.81641 -1.90543 0.474425 3.87023 -1.90543 1.61361 3.745 -1.90543 1.62109 3.67578 -1.90543 1.59766 3.58594 -1.90543 1.60156 3.48438 -1.90543 1.67969 3.45703 -1.90543 1.72656 3.41016 -1.90543 1.73438 3.35547 -1.90543 1.62109 3.33594 -1.90543 1.62891 3.30469 -1.90543 1.67969 3.28906 -1.90543 1.84617 3.08594 -1.90543 1.84617 3.0515 -1.90543 1.80078 3.01563 -1.90543 1.75391 2.94922 -1.90543 1.77734 2.84766 -1.90543 1.76953 2.80078 -1.90543 1.73438 2.76172 -1.90543 1.72266 2.73438 -1.90543 1.74609 2.68359 -1.90543 1.80469 2.70703 -1.90543 1.84617 2.70713 -1.90543 1.84617 2.33331 -1.90543 1.78906 2.25 -1.90543 1.77344 2.20313 -1.90543 1.70703 2.13281 -1.90543 1.79688 2.09766 -1.90543 1.80078 1.99609 -1.90543 1.75391 1.98828 -1.90543 1.76563 1.95703 -1.90543 1.84617 1.90198 -1.90543 1.90543 3.3355 1.84617 1.90543 3.40234 1.80469 1.90543 3.46484 1.73828 1.90543 3.45703 1.66797 1.90543 3.54297 1.64063 1.90543 3.62109 1.59375 1.90543 3.64063 1.48438 1.90543 3.63281 1.38672 1.90543 3.75 1.17188 1.90543 3.73438 1.16406 1.90543 3.74609 1.07422 1.90543 3.77734 0.90625 1.90543 3.69922 0.855469 1.90543 3.625 0.753906 1.90543 3.60938 0.703125 1.90543 3.73047 0.671875 1.90543 3.78906 0.609375 1.90543 3.80469 0.5625 1.90543 3.85547 0.546875 1.90543 3.87023 0.535821 1.90543 3.87023 0.444731 1.90543 3.83203 0.355469 1.90543 3.77734 0.328125 1.90543 3.70703 0.277344 1.90543 3.75781 0.207031 1.90543 3.72656 0.148438 1.90543 3.73438 0.105469 1.90543 3.73828 0.0234375 1.90543 3.78125 -0.167969 1.90543 3.77734 -0.261719 1.90543 3.83984 -0.292969 1.90543 3.87023 -0.304227 1.90543 3.87023 -1.28708 1.90543 3.80469 -1.34766 1.90543 3.73438 -1.38281 1.90543 3.70703 -1.46875 1.90543 3.65625 -1.55078 1.90543 3.58594 -1.53516 1.90543 3.52734 -1.51563 1.90543 3.48828 -1.58594 1.90543 3.49609 -1.76172 1.90543 3.46094 -1.76563 1.90543 3.40234 -1.77344 1.90543 3.30859 -1.8125 1.90543 3.28105 -1.84617 1.90543 3.08178 -1.84617 1.90543 3.02344 -1.78125 1.90543 2.84766 -1.75781 1.90543 2.78125 -1.74219 1.90543 2.72266 -1.71875 1.90543 2.69141 -1.68359 1.90543 2.55078 -1.62109 1.90543 2.41016 -1.61328 1.90543 2.44531 -1.66797 1.90543 2.5 -1.73047 1.90543 2.46094 -1.79297 1.90543 2.48395 -1.84617 1.90543 1.7556 -1.84617 1.90543 1.64453 -1.79688 1.90543 1.62109 -1.68359 1.90543 1.51172 -1.65625 1.90543 1.46094 -1.65625 1.90543 1.41406 -1.70703 1.90543 1.26953 -1.75 1.90543 1.17578 -1.71484 1.90543 1.09375 -1.61719 1.90543 1.08984 -1.5 1.90543 1.02344 -1.64844 1.90543 0.90625 -1.67578 1.90543 0.847656 -1.67188 1.90543 0.691406 -1.66016 1.90543 0.636274 -1.69232 1.90543 0.432342 -1.2949 1.90543 0.5 -1.13281 1.90543 0.515625 -0.992188 1.90543 0.539063 -0.914063 1.90543 0.59375 -0.8125 1.90543 0.703125 -0.8125 1.90543 0.609375 -0.742188 1.90543 0.5 -0.648438 1.90543 0.484375 -0.492188 1.90543 0.432342 -0.357214 1.90543 0.432342 -0.320302 1.90543 0.472656 -0.238281 1.90543 0.574219 -0.207031 1.90543 0.660156 -0.203125 1.90543 0.667969 -0.121094 1.90543 0.632813 0.0195313 1.90543 0.683594 0.0742188 1.90543 0.601563 0.078125 1.90543 0.574219 0.144531 1.90543 0.546875 0.21875 1.90543 0.472656 0.355469 1.90543 0.464844 0.386719 1.90543 0.432342 0.519449 1.90543 0.577241 1.63329 1.90543 0.714844 1.64844 1.90543 0.832031 1.68359 1.90543 0.875 1.66797 1.90543 0.953125 1.64063 1.90543 1.08594 1.64453 1.90543 1.20313 1.75391 1.90543 1.21094 1.73047 1.90543 1.28125 1.68359 1.90543 1.37891 1.73828 1.90543 1.48047 1.78516 1.90543 1.63672 1.82422 1.90543 1.65555 1.84617 1.90543 3.2095 1.84617 1.90543 3.14844 1.81641 1.90543 3.07813 1.8125 1.90543 3.05078 1.73828 1.90543 2.94141 1.72656 1.90543 2.72656 1.66406 1.90543 2.69141 1.66016 1.90543 2.69141 1.71484 1.90543 2.76172 1.75781 1.90543 2.80078 1.78125 1.90543 2.83151 1.84617 -1.90543 3.82193 -1.53669 -1.90543 3.75 -1.40234 -1.90543 3.69922 -1.32031 -1.90543 3.63672 -1.26563 -1.90543 3.71484 -1.17188 -1.90543 3.76563 -1.11719 -1.90543 3.70703 -1.01953 -1.90543 3.76563 -0.972656 -1.90543 3.82422 -0.871094 -1.90543 3.87023 -0.788848 -1.90543 3.87023 -0.731917 -1.90543 3.77734 -0.625 -1.90543 3.66797 -0.605469 -1.90543 3.54297 -0.585938 -1.90543 3.54688 -0.539063 -1.90543 3.58594 -0.523438 -1.90543 3.70313 -0.476563 -1.90543 3.66016 -0.457031 -1.90543 3.73047 -0.4375 -1.90543 3.82031 -0.40625 -1.90543 3.87023 -0.3334 -1.90543 3.87023 0.331554 -1.90543 3.83203 0.367188 -1.90543 3.82031 0.484375 -1.90543 3.84375 0.578125 -1.90543 3.82813 0.65625 -1.90543 3.8125 0.714844 -1.90543 3.77734 0.980469 -1.90543 3.76953 1.19141 -1.90543 3.82031 1.27734 -1.90543 3.87023 1.33354 -1.90543 3.87023 1.41871 -1.90543 3.78516 1.46484 -1.90543 3.72266 1.53125 -1.90543 3.67188 1.4375 -1.90543 3.59375 1.54688 -1.90543 3.63672 1.60156 -1.90543 3.58203 1.65234 -1.90543 3.51563 1.67188 -1.90543 3.47266 1.61719 -1.90543 3.30078 1.59375 -1.90543 3.19531 1.58594 -1.90543 3.03125 1.66406 -1.90543 3.00391 1.69922 -1.90543 3.09375 1.71094 -1.90543 3.19531 1.76953 -1.90543 3.28105 1.84617 -1.90543 2.93232 1.84617 -1.90543 2.89453 1.77734 -1.90543 2.85938 1.77734 -1.90543 2.78516 1.76953 -1.90543 2.74219 1.67578 -1.90543 2.68359 1.66406 -1.90543 2.61328 1.73047 -1.90543 2.5625 1.75781 -1.90543 2.46094 1.79297 -1.90543 2.44659 1.84617 -1.90543 1.96621 1.84617 -1.90543 1.90234 1.79297 -1.90543 1.83594 1.76953 -1.90543 1.73828 1.79688 -1.90543 1.66797 1.78516 -1.90543 1.64453 1.76953 -1.90543 1.60547 1.73828 -1.90543 1.57422 1.70313 -1.90543 1.51953 1.74609 -1.90543 1.44141 1.71875 -1.90543 1.37109 1.73438 -1.90543 1.32031 1.74609 -1.90543 1.29688 1.75391 -1.90543 1.19141 1.8125 -1.90543 1.01172 1.80859 -1.90543 0.9375 1.77344 -1.90543 0.960938 1.72656 -1.90543 0.871094 1.73047 -1.90543 0.863281 1.70703 -1.90543 0.792969 1.71875 -1.90543 0.677418 1.73347 -1.90543 0.432342 1.35444 -1.90543 0.488281 1.25 -1.90543 0.570313 1.21875 -1.90543 0.65625 1.14453 -1.90543 0.640625 1.10547 -1.90543 0.605469 1.10547 -1.90543 0.542969 1.03516 -1.90543 0.503906 0.960938 -1.90543 0.432342 0.907919 -1.90543 0.432342 0.704233 -1.90543 0.476563 0.667969 -1.90543 0.527344 0.613281 -1.90543 0.546875 0.492188 -1.90543 0.5 0.378906 -1.90543 0.527344 0.304688 -1.90543 0.554688 0.230469 -1.90543 0.574219 0.164063 -1.90543 0.65625 0.148438 -1.90543 0.660156 0.0859375 -1.90543 0.609375 0.0742188 -1.90543 0.574219 0.046875 -1.90543 0.550781 -0.0546875 -1.90543 0.492188 -0.0820313 -1.90543 0.432342 -0.122495 -1.90543 0.432342 -0.402504 -1.90543 0.464844 -0.460938 -1.90543 0.511719 -0.488281 -1.90543 0.546875 -0.519531 -1.90543 0.542969 -0.617188 -1.90543 0.515625 -0.667969 -1.90543 0.527344 -0.773438 -1.90543 0.558594 -0.832031 -1.90543 0.53125 -1 -1.90543 0.432342 -1.07179 -1.90543 3.62541 -1.73321 -1.90543 3.50781 -1.71875 -1.90543 3.44531 -1.6875 -1.90543 3.36719 -1.70313 -1.90543 3.30859 -1.73438 -1.90543 3.22656 -1.79297 -1.90543 3.11719 -1.77734 -1.90543 3.10156 -1.70703 -1.90543 3.03516 -1.70703 -1.90543 2.98047 -1.73438 -1.90543 2.82813 -1.80469 -1.90543 2.81826 -1.84617 -1.90543 2.10841 -1.84617 -1.90543 2.0625 -1.8125 -1.90543 2.03516 -1.76172 -1.90543 1.94922 -1.72656 -1.90543 1.94141 -1.64844 -1.90543 1.89258 -1.67773 -1.90543 1.88477 -1.64258 -1.90543 1.8418 -1.64453 -1.90543 1.8125 -1.70898 -1.90543 1.78125 -1.7207 -1.90543 1.75977 -1.72656 -1.90543 1.62695 -1.79492 -1.90543 1.59123 -1.84617 -1.90543 1.54717 -1.84617 -1.90543 1.41406 -1.82813 -1.90543 1.38281 -1.79688 -1.90543 1.36328 -1.77344 -1.90543 1.3125 -1.76953 -1.90543 1.28906 -1.76953 -1.90543 1.25 -1.74609 -1.90543 1.21484 -1.75977 -1.90543 1.17773 -1.78125 -1.90543 1.12695 -1.7793 -1.90543 1.09961 -1.78711 -1.90543 1.05273 -1.7793 -1.90543 0.994141 -1.79492 -1.90543 0.958351 -1.84617 0 3.90527 -1.79078 -0.864654 3.9053 -1.79078 -0.898438 3.9053 -1.74219 -0.925781 3.9053 -1.65625 -0.988281 3.90531 -1.64453 -1.05859 3.90531 -1.66406 -1.12891 3.90531 -1.64844 -1.14063 3.90531 -1.58203 -1.19141 3.90531 -1.57813 -1.21094 3.90531 -1.67188 -1.29297 3.90532 -1.67969 -1.39844 3.90532 -1.64063 -1.47266 3.90532 -1.68359 -1.51183 3.90532 -1.71443 -1.67885 3.90533 -1.56014 -1.68164 3.90533 -1.50977 -1.67578 3.90533 -1.46875 -1.64063 3.90533 -1.43164 -1.69531 3.90533 -1.36914 -1.72852 3.90533 -1.30469 -1.71094 3.90533 -1.29688 -1.7168 3.90533 -1.23438 -1.74414 3.90533 -1.20898 -1.73047 3.90533 -1.04102 -1.80484 3.90533 -0.952869 -1.80484 3.90533 -0.677259 -1.77148 3.90533 -0.630859 -1.7168 3.90533 -0.582031 -1.70898 3.90533 -0.488281 -1.66016 3.90533 -0.458984 -1.66211 3.90533 -0.423828 -1.71094 3.90533 -0.416016 -1.7168 3.90533 -0.347656 -1.70508 3.90533 -0.300781 -1.70703 3.90533 -0.269531 -1.74219 3.90533 -0.214844 -1.74805 3.90533 -0.140625 -1.80484 3.90533 -0.161988 -1.80484 3.90533 0.584676 -1.76563 3.90533 0.59375 -1.75781 3.90533 0.632813 -1.73047 3.90533 0.65625 -1.73438 3.90533 0.722656 -1.69141 3.90533 0.894531 -1.66016 3.90533 0.914063 -1.67188 3.90533 0.945313 -1.74219 3.90533 0.964844 -1.74609 3.90533 1.02734 -1.80484 3.90533 1.10547 -1.80484 3.90533 1.39638 -1.76758 3.90533 1.41992 -1.71094 3.90533 1.45703 -1.66797 3.90533 1.44922 -1.56055 3.90532 1.39258 -1.56836 3.90532 1.43945 -1.55664 3.90532 1.46094 -1.64258 3.90533 1.51953 -1.6095 3.90533 1.6242 -1.54639 3.90532 1.68251 -1.48242 3.90532 1.6875 -1.43945 3.90532 1.72461 -1.34766 3.90532 1.74219 -1.24414 3.90531 1.72852 -1.17773 3.90531 1.69336 -1.12891 3.90531 1.61328 -1.10742 3.90531 1.61914 -1.08789 3.90531 1.66602 -1.03516 3.90531 1.58008 -1.01758 3.90531 1.65039 -0.990234 3.90531 1.72266 -0.914063 3.9053 1.74023 -0.828924 3.9053 1.79078 -0.766755 3.9053 1.79078 -0.695313 3.9053 1.77148 -0.6875 3.9053 1.72461 -0.658203 3.9053 1.70313 -0.619141 3.90529 1.71484 -0.599609 3.90529 1.68945 -0.5625 3.90529 1.70508 -0.453125 3.90529 1.74219 -0.285156 3.90528 1.75195 -0.232099 3.90528 1.79078 0.79322 3.90527 1.79078 0.841797 3.90527 1.75781 0.90625 3.90527 1.74805 0.994141 3.90527 1.73438 1.01758 3.90527 1.68359 1.0957 3.90527 1.60352 1.28711 3.90527 1.54688 1.35938 3.90527 1.49219 1.39648 3.90527 1.43359 1.375 3.90527 1.38281 1.43945 3.90527 1.35938 1.50391 3.90527 1.36133 1.51953 3.90527 1.30469 1.58594 3.90527 1.23633 1.63477 3.90527 1.23633 1.69727 3.90527 1.33789 1.76953 3.90527 1.33203 1.80489 3.90527 1.36328 1.80489 3.90527 1.12468 1.75 3.90527 1.07031 1.75391 3.90527 0.976563 1.72266 3.90527 0.890625 1.64844 3.90527 0.796875 1.66797 3.90527 0.746094 1.80489 3.90527 0.759772 1.80489 3.90527 0.308052 1.76953 3.90527 0.210938 1.69922 3.90527 0.171875 1.64453 3.90527 0.144531 1.69531 3.90527 0.0390625 1.72266 3.90527 -0.03125 1.67188 3.90527 -0.113281 1.72266 3.90527 -0.152344 1.80489 3.90527 -0.154686 1.80489 3.90527 -0.264256 1.75781 3.90527 -0.292969 1.75391 3.90527 -0.378906 1.76172 3.90527 -0.503906 1.72656 3.90527 -0.589844 1.65625 3.90527 -0.648438 1.62891 3.90527 -0.765625 1.63672 3.90527 -0.84375 1.66797 3.90527 -0.902344 1.73438 3.90527 -0.867188 1.71094 3.90527 -0.917969 1.74219 3.90527 -0.984375 1.76563 3.90527 -1.05859 1.77734 3.90527 -1.13672 1.67578 3.90527 -1.20703 1.69141 3.90527 -1.25391 1.80489 3.90527 -1.30839 1.52126 3.90527 -1.70576 1.47656 3.90527 -1.71484 1.42188 3.90527 -1.68359 1.39063 3.90527 -1.58984 1.30859 3.90527 -1.58984 1.28125 3.90527 -1.64063 1.17969 3.90527 -1.68359 1.16797 3.90527 -1.625 1.11328 3.90527 -1.68359 0.996094 3.90527 -1.73438 0.820313 3.90527 -1.70313 0.743197 3.90527 -1.79078 0 3.90527 -1.62961 -0.0585938 3.90528 -1.60156 -0.128906 3.90528 -1.57813 -0.160156 3.90528 -1.60547 -0.179688 3.90528 -1.66016 -0.261719 3.90528 -1.70703 -0.320313 3.90528 -1.70703 -0.359375 3.90529 -1.66016 -0.371094 3.90529 -1.72266 -0.402344 3.90529 -1.76563 -0.415034 3.90529 -1.79078 0.464498 3.90527 -1.79078 0.402344 3.90527 -1.76172 0.363281 3.90527 -1.71875 0.277344 3.90527 -1.69922 0.148438 3.90527 -1.71094 0.140625 3.90527 -1.66406 0.0976563 3.90527 -1.64063 0.0273438 1.34072 1.88672 0.0898438 1.20703 1.88672 0.109375 1.09375 1.88672 0.121094 0.957031 1.88672 0.164063 0.949219 1.88672 0.175781 0.863281 1.88672 0.179688 0.757813 1.88672 0.242188 0.703125 1.88672 0.285156 0.707031 1.88672 0.3125 0.734375 1.88672 0.3125 0.648438 1.88672 0.390625 0.53125 1.88672 0.484375 0.574219 1.88672 0.542969 0.527344 1.88672 0.611763 0.444005 1.88672 0.695043 0.444005 1.88672 0.769531 0.472656 1.88672 0.8125 0.523438 1.88672 0.861328 0.603516 1.88672 0.902344 0.589844 1.88672 0.912109 0.556641 1.88672 0.996094 0.533203 1.88672 1.02539 0.589844 1.88672 1.05664 0.574219 1.88672 1.11719 0.519531 1.88672 1.24805 0.513672 1.88672 1.3457 0.509766 1.88672 1.38672 0.480469 1.88672 1.41388 0.444005 1.88672 1.84617 1.32097 1.88672 1.8125 1.24219 1.88672 1.79297 1.20313 1.88672 1.79297 1.12109 1.88672 1.76953 1.09766 1.88672 1.76172 1.01953 1.88672 1.74219 0.988281 1.88672 1.75391 0.910156 1.88672 1.78516 0.84375 1.88672 1.75391 0.761719 1.88672 1.69922 0.730469 1.88672 1.67578 0.675781 1.88672 1.68159 0.630906 1.88672 1.84617 1.47438 1.88672 1.80469 1.52734 1.88672 1.72656 1.55859 1.88672 1.74609 1.62109 1.88672 1.78906 1.64063 1.88672 1.84617 1.7264 1.88672 1.84617 2.04789 1.88672 1.77344 2.08594 1.88672 1.78906 2.19141 1.88672 1.80078 2.25781 1.88672 1.75781 2.32813 1.88672 1.78125 2.42578 1.88672 1.76172 2.45703 1.88672 1.73242 2.52148 1.88672 1.70898 2.52148 1.88672 1.7168 2.54102 1.88672 1.78906 2.55469 1.88672 1.81641 2.60742 1.88672 1.84617 2.62835 1.88672 1.08653 3.87023 1.88672 1.12109 3.83203 1.88672 1.15234 3.78125 1.88672 1.22266 3.76172 1.88672 1.28125 3.77734 1.88672 1.32422 3.73047 1.88672 1.33203 3.69922 1.88672 1.38281 3.64844 1.88672 1.46094 3.63281 1.88672 1.51172 3.54297 1.88672 1.57422 3.57031 1.88672 1.66406 3.5625 1.88672 1.6875 3.49219 1.88672 1.69922 3.41016 1.88672 1.76172 3.35938 1.88672 1.84617 3.36215 1.88672 0.726037 3.87023 1.88672 0.675781 3.83984 1.88672 0.652344 3.78906 1.88672 0.558594 3.77734 1.88672 0.535156 3.71484 1.88672 0.498047 3.71289 1.88672 0.478516 3.74023 1.88672 0.419922 3.76953 1.88672 0.302734 3.79688 1.88672 0.230469 3.78906 1.88672 0.177734 3.79688 1.88672 0.159556 3.87023 1.88672 -0.746815 3.87023 1.88672 -0.78125 3.85156 1.88672 -0.820313 3.80859 1.88672 -0.828125 3.73828 1.88672 -0.863281 3.73438 1.88672 -0.867188 3.77734 1.88672 -0.902344 3.80078 1.88672 -0.91161 3.87023 1.88672 -1.20865 3.87023 1.88672 -1.23047 3.83984 1.88672 -1.27734 3.78906 1.88672 -1.30859 3.79688 1.88672 -1.37109 3.78906 1.88672 -1.41016 3.82031 1.88672 -1.375 3.76172 1.88672 -1.39844 3.73828 1.88672 -1.43359 3.72656 1.88672 -1.48047 3.76953 1.88672 -1.49219 3.73438 1.88672 -1.53906 3.6875 1.88672 -1.58594 3.68359 1.88672 -1.66797 3.64063 1.88672 -1.70842 3.65019 1.88672 -1.78906 3.44531 1.88672 -1.71484 3.41016 1.88672 -1.65234 3.41406 1.88672 -1.58984 3.375 1.88672 -1.51953 3.33984 1.88672 -1.45313 3.38672 1.88672 -1.42188 3.35547 1.88672 -1.48828 3.28906 1.88672 -1.39629 3.20313 1.88672 -1.26953 3.23047 1.88672 -1.22266 3.30469 1.88672 -1.19922 3.3125 1.88672 -1.09375 3.32813 1.88672 -1.02734 3.28516 1.88672 -0.921875 3.26172 1.88672 -0.847656 3.25 1.88672 -0.842227 3.20313 1.88672 -0.742226 3.20313 1.88672 -0.636719 3.24609 1.88672 -0.554688 3.25 1.88672 -0.5 3.25 1.88672 -0.449219 3.30859 1.88672 -0.394531 3.26172 1.88672 -0.337876 3.20313 1.88672 0.0273438 3.15656 1.88672 0.140625 3.11719 1.88672 0.191406 3.06641 1.88672 0.183594 3.00391 1.88672 0.214844 2.96484 1.88672 0.199219 2.90625 1.88672 0.164063 2.91211 1.88672 0.0976563 2.94727 1.88672 0.0273438 2.93308 1.88672 0.0273438 2.80569 1.88672 0.0683594 2.74414 1.88672 0.117188 2.69922 1.88672 0.115234 2.66992 1.88672 0.103516 2.63672 1.88672 0.15625 2.52539 1.88672 0.216797 2.49023 1.88672 0.220703 2.43555 1.88672 0.201172 2.40039 1.88672 0.171875 2.42383 1.88672 0.119141 2.42969 1.88672 0.0273438 2.43148 1.88672 0.0273438 2.37149 1.88672 0.0507813 2.30469 1.88672 0.0898438 2.26172 1.88672 0.105469 2.17188 1.88672 0.0820313 2.14844 1.88672 0.078125 2.06641 1.88672 0.0976563 2.00391 1.88672 0.0820313 1.91797 1.88672 0.0664063 1.85938 1.88672 0.0273438 1.85883 1.88672 -0.752029 3.1652 1.88672 -0.878906 3.14063 1.88672 -0.960938 3.10156 1.88672 -0.96875 3.05078 1.88672 -1.06641 3.02734 1.88672 -1.16797 3.06641 1.88672 -1.23047 3.09766 1.88672 -1.27734 3.07031 1.88672 -1.32422 3.10156 1.88672 -1.40234 3.08984 1.88672 -1.41797 3.03516 1.88672 -1.34766 3 1.88672 -1.36719 2.96094 1.88672 -1.42188 2.96094 1.88672 -1.375 2.9375 1.88672 -1.4375 2.90625 1.88672 -1.50883 2.89479 1.88672 -1.50883 2.83395 1.88672 -1.48438 2.77344 1.88672 -1.4375 2.74609 1.88672 -1.42578 2.73047 1.88672 -1.42578 2.68359 1.88672 -1.4375 2.63672 1.88672 -1.42188 2.60156 1.88672 -1.46484 2.57813 1.88672 -1.42578 2.57422 1.88672 -1.41797 2.53516 1.88672 -1.44922 2.51172 1.88672 -1.46875 2.46875 1.88672 -1.50883 2.44457 1.88672 -1.50883 2.24622 1.88672 -1.46875 2.17969 1.88672 -1.45703 2.11328 1.88672 -1.40625 2.05078 1.88672 -1.39063 2.02344 1.88672 -1.41797 1.89844 1.88672 -1.41406 1.86328 1.88672 -1.42188 1.77734 1.88672 -1.50883 1.74045 1.88672 -1.50883 1.11999 1.88672 -1.46484 1.12109 1.88672 -1.47266 1.07031 1.88672 -1.44531 1.02344 1.88672 -1.43359 0.980469 1.88672 -1.40625 0.964844 1.88672 -1.42969 0.945313 1.88672 -1.43359 0.855469 1.88672 -1.42969 0.800781 1.88672 -1.46484 0.75 1.88672 -1.46484 0.691406 1.88672 -1.44531 0.621094 1.88672 -1.50883 0.557093 1.88672 -1.50883 0.5451 1.88672 -1.45508 0.546875 1.88672 -1.42383 0.568359 1.88672 -1.40039 0.601563 1.88672 -1.36719 0.634766 1.88672 -1.3457 0.619141 1.88672 -1.16797 0.634766 1.88672 -1.15234 0.611328 1.88672 -1.12891 0.611328 1.88672 -1.11328 0.576172 1.88672 -1.00391 0.511719 1.88672 -0.960938 0.515625 1.88672 -0.875 0.515625 1.88672 -0.836118 0.461145 1.88672 -0.79759 0.461145 1.88672 -0.765625 0.488281 1.88672 -0.742188 0.548828 1.88672 -0.728516 0.603516 1.88672 -0.681641 0.626953 1.88672 -0.660156 0.642578 1.88672 -0.638672 0.597656 1.88672 -0.603516 0.589844 1.88672 -0.582031 0.605469 1.88672 -0.572266 0.564453 1.88672 -0.533203 0.527344 1.88672 -0.449219 0.521484 1.88672 -0.429688 0.484375 1.88672 -0.429434 0.461145 1.88672 -0.0720874 0.461145 1.88672 -0.0800781 0.484375 1.88672 -0.111328 0.542969 1.88672 -0.148438 0.5625 1.88672 -0.154297 0.630859 1.88672 -0.134766 0.669922 1.88672 -0.0878906 0.642578 1.88672 -0.078125 0.667969 1.88672 -0.113281 0.685547 1.88672 -0.111328 0.710938 1.88672 -0.0839844 0.722656 1.88672 -0.0527344 0.791016 1.88672 -0.0527344 0.814453 1.88672 -0.0878906 0.865234 1.88672 -0.0136719 0.871094 1.88672 0.00390625 0.90625 1.88672 0.0200586 0.907314 1.88672 0.0200586 1.29115 1.88672 -0.0117188 1.32422 1.88672 -0.03125 1.39453 1.88672 -0.0546875 1.44531 1.88672 -0.046875 1.53516 1.88672 -0.0234375 1.54688 1.88672 -0.0703125 1.55078 1.88672 -0.0546875 1.58594 1.88672 -0.03125 1.63672 1.88672 -0.0429688 1.71484 1.88672 -0.0546875 1.75 1.88672 -0.0625 1.81641 1.88672 -0.0585938 1.85938 1.88672 -0.0117188 1.83203 1.88672 0.0200586 1.85562 1.88672 0.0200586 1.96694 1.88672 -0.0078125 2.00391 1.88672 -0.0273438 2.01953 1.88672 -0.015625 2.13281 1.88672 -0.015625 2.19141 1.88672 -0.0390625 2.22266 1.88672 -0.0976563 2.32813 1.88672 -0.0625 2.37109 1.88672 -0.0742188 2.40625 1.88672 -0.0273438 2.42969 1.88672 0.0200586 2.47112 1.88672 -0.686402 3.1652 1.88672 -0.650391 3.13672 1.88672 -0.595703 3.125 1.88672 -0.523438 3.11719 1.88672 -0.488281 3.03906 1.88672 -0.472656 3.07813 1.88672 -0.40625 3.10156 1.88672 -0.382813 3.11719 1.88672 -0.369846 3.1652 1.88672 -0.247026 3.1652 1.88672 -0.179688 3.14063 1.88672 -0.171875 3.09766 1.88672 -0.177734 3.05664 1.88672 -0.132813 3.01172 1.88672 -0.130859 2.98047 1.88672 -0.111328 2.96484 1.88672 -0.0195313 2.93359 1.88672 0.0200586 2.94656 1.88672 0.748047 0.432342 -1.86198 0.806641 0.525391 -1.86198 0.943359 0.53125 -1.86198 1.00781 0.591797 -1.86198 1.05469 0.671875 -1.86198 1.08789 0.728516 -1.86198 1.11523 0.710938 -1.86198 1.14063 0.607422 -1.86198 1.20703 0.560547 -1.86198 1.24414 0.519531 -1.86198 1.31445 0.511719 -1.86198 1.35547 0.472656 -1.86198 1.36932 0.432342 -1.86198 -0.437266 0.432342 -1.86198 -0.390625 0.546875 -1.86198 -0.386719 0.679688 -1.86198 -0.347656 0.667969 -1.86198 -0.324219 0.691406 -1.86198 -0.316406 0.613281 -1.86198 -0.25 0.558594 -1.86198 -0.0585938 0.585938 -1.86198 0.03125 0.539063 -1.86198 0.0625 0.507813 -1.86198 0.179688 0.525391 -1.86198 0.246094 0.542969 -1.86198 0.382813 0.578125 -1.86198 0.535156 0.566406 -1.86198 0.558594 0.542969 -1.86198 0.59375 0.472656 -1.86198 0.658589 0.432342 -1.86198 -1.25189 0.432342 -1.86198 -1.15234 0.585938 -1.86198 -1.125 0.550781 -1.86198 -1.01953 0.65625 -1.86198 -0.964844 0.597656 -1.86198 -0.859375 0.539063 -1.86198 -0.734375 0.515625 -1.86198 -0.71875 0.488281 -1.86198 -0.648438 0.5625 -1.86198 -0.570313 0.511719 -1.86198 -0.489822 0.432342 -1.86198 -1.84617 0.790117 -1.86198 -1.84617 1.44348 -1.86198 -1.64063 1.33203 -1.86198 -1.69922 1.21875 -1.86198 -1.67969 1.09766 -1.86198 -1.55078 1.03906 -1.86198 -1.60156 1.01563 -1.86198 -1.57813 0.855469 -1.86198 -1.53906 0.785156 -1.86198 -1.45703 0.707031 -1.86198 -1.47266 0.585938 -1.86198 -1.39379 0.432342 -1.86198 -1.48839 0.432342 -1.86198 -1.84617 3.02624 -1.86198 -1.76563 2.88672 -1.86198 -1.80078 2.82422 -1.86198 -1.79688 2.69141 -1.86198 -1.70313 2.60547 -1.86198 -1.67969 2.55078 -1.86198 -1.76563 2.53125 -1.86198 -1.79297 2.49219 -1.86198 -1.79688 2.40234 -1.86198 -1.76953 2.24609 -1.86198 -1.84617 2.14693 -1.86198 -1.52059 3.83803 -1.86198 -1.48828 3.73047 -1.86198 -1.55078 3.64453 -1.86198 -1.57031 3.56641 -1.86198 -1.59375 3.52344 -1.86198 -1.67969 3.56641 -1.86198 -1.72266 3.50391 -1.86198 -1.77344 3.44531 -1.86198 -1.84617 3.46869 -1.86198 -1.84617 3.51245 -1.86198 -0.133955 3.87023 -1.86198 -0.175781 3.80469 -1.86198 -0.167969 3.71875 -1.86198 -0.199219 3.59375 -1.86198 -0.277344 3.53906 -1.86198 -0.3125 3.39453 -1.86198 -0.320313 3.32422 -1.86198 -0.402344 3.37891 -1.86198 -0.40625 3.55469 -1.86198 -0.464844 3.70313 -1.86198 -0.464844 3.77344 -1.86198 -0.519531 3.83203 -1.86198 -0.654892 3.87023 -1.86198 -1.36753 3.87023 -1.86198 -0.971622 3.87023 -1.86198 -1.09766 3.80078 -1.86198 -1.13281 3.75 -1.86198 -1.17969 3.69531 -1.86198 -1.26563 3.70703 -1.86198 -1.30859 3.70703 -1.86198 -0.0933966 3.87023 -1.86198 0.474425 3.87023 -1.86198 0.421875 3.81641 -1.86198 0.378906 3.77734 -1.86198 0.230469 3.72266 -1.86198 0.183594 3.67969 -1.86198 0.128906 3.77734 -1.86198 0.0195313 3.8125 -1.86198 -0.046875 3.79688 -1.86198 1.84617 3.51245 -1.86198 1.84617 3.08594 -1.86198 1.67969 3.28906 -1.86198 1.62891 3.30469 -1.86198 1.62109 3.33594 -1.86198 1.73438 3.35547 -1.86198 1.72656 3.41016 -1.86198 1.67969 3.45703 -1.86198 1.60156 3.48438 -1.86198 1.59766 3.58594 -1.86198 1.62109 3.67578 -1.86198 1.61361 3.745 -1.86198 1.84617 3.0515 -1.86198 1.84617 2.70713 -1.86198 1.80469 2.70703 -1.86198 1.74609 2.68359 -1.86198 1.72266 2.73438 -1.86198 1.73438 2.76172 -1.86198 1.76953 2.80078 -1.86198 1.77734 2.84766 -1.86198 1.75391 2.94922 -1.86198 1.80078 3.01563 -1.86198 1.84617 1.90198 -1.86198 1.76563 1.95703 -1.86198 1.75391 1.98828 -1.86198 1.80078 1.99609 -1.86198 1.79688 2.09766 -1.86198 1.70703 2.13281 -1.86198 1.77344 2.20313 -1.86198 1.78906 2.25 -1.86198 1.84617 2.33331 -1.86198 1.86198 3.87023 1.48839 1.86198 3.51245 1.84617 1.86198 3.3355 1.84617 1.86198 3.40234 1.80469 1.86198 3.46484 1.73828 1.86198 3.45703 1.66797 1.86198 3.54297 1.64063 1.86198 3.62109 1.59375 1.86198 3.64063 1.48438 1.86198 3.63281 1.38672 1.86198 3.75 1.17188 1.86198 3.73438 1.16406 1.86198 3.74609 1.07422 1.86198 3.77734 0.90625 1.86198 3.69922 0.855469 1.86198 3.625 0.753906 1.86198 3.60938 0.703125 1.86198 3.73047 0.671875 1.86198 3.78906 0.609375 1.86198 3.80469 0.5625 1.86198 3.85547 0.546875 1.86198 3.87023 0.535821 1.86198 3.87023 0.444731 1.86198 3.83203 0.355469 1.86198 3.77734 0.328125 1.86198 3.70703 0.277344 1.86198 3.75781 0.207031 1.86198 3.72656 0.148438 1.86198 3.73438 0.105469 1.86198 3.73828 0.0234375 1.86198 3.78125 -0.167969 1.86198 3.77734 -0.261719 1.86198 3.83984 -0.292969 1.86198 3.87023 -0.304227 1.86198 3.51245 -1.84617 1.86198 3.87023 -1.48839 1.86198 3.87023 -1.28708 1.86198 3.80469 -1.34766 1.86198 3.73438 -1.38281 1.86198 3.70703 -1.46875 1.86198 3.65625 -1.55078 1.86198 3.58594 -1.53516 1.86198 3.52734 -1.51563 1.86198 3.48828 -1.58594 1.86198 3.49609 -1.76172 1.86198 3.46094 -1.76563 1.86198 3.40234 -1.77344 1.86198 3.30859 -1.8125 1.86198 3.28105 -1.84617 1.86198 3.08178 -1.84617 1.86198 3.02344 -1.78125 1.86198 2.84766 -1.75781 1.86198 2.78125 -1.74219 1.86198 2.72266 -1.71875 1.86198 2.69141 -1.68359 1.86198 2.55078 -1.62109 1.86198 2.41016 -1.61328 1.86198 2.44531 -1.66797 1.86198 2.5 -1.73047 1.86198 2.46094 -1.79297 1.86198 2.48395 -1.84617 1.86198 0.790117 -1.84617 1.86198 1.7556 -1.84617 1.86198 1.64453 -1.79688 1.86198 1.62109 -1.68359 1.86198 1.51172 -1.65625 1.86198 1.46094 -1.65625 1.86198 1.41406 -1.70703 1.86198 1.26953 -1.75 1.86198 1.17578 -1.71484 1.86198 1.09375 -1.61719 1.86198 1.08984 -1.5 1.86198 1.02344 -1.64844 1.86198 0.90625 -1.67578 1.86198 0.847656 -1.67188 1.86198 0.691406 -1.66016 1.86198 0.636274 -1.69232 1.86198 0.432342 -1.2949 1.86198 0.5 -1.13281 1.86198 0.515625 -0.992188 1.86198 0.539063 -0.914063 1.86198 0.59375 -0.8125 1.86198 0.703125 -0.8125 1.86198 0.609375 -0.742188 1.86198 0.5 -0.648438 1.86198 0.484375 -0.492188 1.86198 0.432342 -0.357214 1.86198 0.432342 -0.320302 1.86198 0.472656 -0.238281 1.86198 0.574219 -0.207031 1.86198 0.660156 -0.203125 1.86198 0.667969 -0.121094 1.86198 0.632813 0.0195313 1.86198 0.683594 0.0742188 1.86198 0.601563 0.078125 1.86198 0.574219 0.144531 1.86198 0.546875 0.21875 1.86198 0.472656 0.355469 1.86198 0.464844 0.386719 1.86198 0.432342 0.519449 1.86198 0.790117 1.84617 1.86198 0.577241 1.63329 1.86198 0.714844 1.64844 1.86198 0.832031 1.68359 1.86198 0.875 1.66797 1.86198 0.953125 1.64063 1.86198 1.08594 1.64453 1.86198 1.20313 1.75391 1.86198 1.21094 1.73047 1.86198 1.28125 1.68359 1.86198 1.37891 1.73828 1.86198 1.48047 1.78516 1.86198 1.63672 1.82422 1.86198 1.65555 1.84617 1.86198 2.83151 1.84617 1.86198 2.80078 1.78125 1.86198 2.76172 1.75781 1.86198 2.69141 1.71484 1.86198 2.69141 1.66016 1.86198 2.72656 1.66406 1.86198 2.94141 1.72656 1.86198 3.05078 1.73828 1.86198 3.07813 1.8125 1.86198 3.14844 1.81641 1.86198 3.2095 1.84617 -1.86198 3.87023 -1.48839 -1.86198 3.82193 -1.53669 -1.86198 3.75 -1.40234 -1.86198 3.69922 -1.32031 -1.86198 3.63672 -1.26563 -1.86198 3.71484 -1.17188 -1.86198 3.76563 -1.11719 -1.86198 3.70703 -1.01953 -1.86198 3.76563 -0.972656 -1.86198 3.82422 -0.871094 -1.86198 3.87023 -0.788848 -1.86198 3.87023 -0.731917 -1.86198 3.77734 -0.625 -1.86198 3.66797 -0.605469 -1.86198 3.54297 -0.585938 -1.86198 3.54688 -0.539063 -1.86198 3.58594 -0.523438 -1.86198 3.70313 -0.476563 -1.86198 3.66016 -0.457031 -1.86198 3.73047 -0.4375 -1.86198 3.82031 -0.40625 -1.86198 3.87023 -0.3334 -1.86198 3.87023 1.33354 -1.86198 3.87023 0.331554 -1.86198 3.83203 0.367188 -1.86198 3.82031 0.484375 -1.86198 3.84375 0.578125 -1.86198 3.82813 0.65625 -1.86198 3.8125 0.714844 -1.86198 3.77734 0.980469 -1.86198 3.76953 1.19141 -1.86198 3.82031 1.27734 -1.86198 3.51245 1.84617 -1.86198 3.87023 1.48839 -1.86198 3.87023 1.41871 -1.86198 3.78516 1.46484 -1.86198 3.72266 1.53125 -1.86198 3.67188 1.4375 -1.86198 3.59375 1.54688 -1.86198 3.63672 1.60156 -1.86198 3.58203 1.65234 -1.86198 3.51563 1.67188 -1.86198 3.47266 1.61719 -1.86198 3.30078 1.59375 -1.86198 3.19531 1.58594 -1.86198 3.03125 1.66406 -1.86198 3.00391 1.69922 -1.86198 3.09375 1.71094 -1.86198 3.19531 1.76953 -1.86198 3.28105 1.84617 -1.86198 2.93232 1.84617 -1.86198 2.89453 1.77734 -1.86198 2.85938 1.77734 -1.86198 2.78516 1.76953 -1.86198 2.74219 1.67578 -1.86198 2.68359 1.66406 -1.86198 2.61328 1.73047 -1.86198 2.5625 1.75781 -1.86198 2.46094 1.79297 -1.86198 2.44659 1.84617 -1.86198 0.790117 1.84617 -1.86198 1.96621 1.84617 -1.86198 1.90234 1.79297 -1.86198 1.83594 1.76953 -1.86198 1.73828 1.79688 -1.86198 1.66797 1.78516 -1.86198 1.64453 1.76953 -1.86198 1.60547 1.73828 -1.86198 1.57422 1.70313 -1.86198 1.51953 1.74609 -1.86198 1.44141 1.71875 -1.86198 1.37109 1.73438 -1.86198 1.32031 1.74609 -1.86198 1.29688 1.75391 -1.86198 1.19141 1.8125 -1.86198 1.01172 1.80859 -1.86198 0.9375 1.77344 -1.86198 0.960938 1.72656 -1.86198 0.871094 1.73047 -1.86198 0.863281 1.70703 -1.86198 0.792969 1.71875 -1.86198 0.677418 1.73347 -1.86198 0.432342 0.907919 -1.86198 0.432342 1.35444 -1.86198 0.488281 1.25 -1.86198 0.570313 1.21875 -1.86198 0.65625 1.14453 -1.86198 0.640625 1.10547 -1.86198 0.605469 1.10547 -1.86198 0.542969 1.03516 -1.86198 0.503906 0.960938 -1.86198 0.432342 -0.122495 -1.86198 0.432342 0.704233 -1.86198 0.476563 0.667969 -1.86198 0.527344 0.613281 -1.86198 0.546875 0.492188 -1.86198 0.5 0.378906 -1.86198 0.527344 0.304688 -1.86198 0.554688 0.230469 -1.86198 0.574219 0.164063 -1.86198 0.65625 0.148438 -1.86198 0.660156 0.0859375 -1.86198 0.609375 0.0742188 -1.86198 0.574219 0.046875 -1.86198 0.550781 -0.0546875 -1.86198 0.492188 -0.0820313 -1.86198 0.432342 -1.07179 -1.86198 0.432342 -0.402504 -1.86198 0.464844 -0.460938 -1.86198 0.511719 -0.488281 -1.86198 0.546875 -0.519531 -1.86198 0.542969 -0.617188 -1.86198 0.515625 -0.667969 -1.86198 0.527344 -0.773438 -1.86198 0.558594 -0.832031 -1.86198 0.53125 -1 -1.86198 3.51245 -1.84617 -1.86198 2.81826 -1.84617 -1.86198 2.82813 -1.80469 -1.86198 2.98047 -1.73438 -1.86198 3.03516 -1.70703 -1.86198 3.10156 -1.70703 -1.86198 3.11719 -1.77734 -1.86198 3.22656 -1.79297 -1.86198 3.30859 -1.73438 -1.86198 3.36719 -1.70313 -1.86198 3.44531 -1.6875 -1.86198 3.50781 -1.71875 -1.86198 3.62541 -1.73321 -1.86198 1.59123 -1.84617 -1.86198 1.62695 -1.79492 -1.86198 1.75977 -1.72656 -1.86198 1.78125 -1.7207 -1.86198 1.8125 -1.70898 -1.86198 1.8418 -1.64453 -1.86198 1.88477 -1.64258 -1.86198 1.89258 -1.67773 -1.86198 1.94141 -1.64844 -1.86198 1.94922 -1.72656 -1.86198 2.03516 -1.76172 -1.86198 2.0625 -1.8125 -1.86198 2.10841 -1.84617 -1.86198 0.958351 -1.84617 -1.86198 0.994141 -1.79492 -1.86198 1.05273 -1.7793 -1.86198 1.09961 -1.78711 -1.86198 1.12695 -1.7793 -1.86198 1.17773 -1.78125 -1.86198 1.21484 -1.75977 -1.86198 1.25 -1.74609 -1.86198 1.28906 -1.76953 -1.86198 1.3125 -1.76953 -1.86198 1.36328 -1.77344 -1.86198 1.38281 -1.79688 -1.86198 1.41406 -1.82813 -1.86198 1.54717 -1.84617 -1.42918 3.86186 -1.79078 -1.51183 3.86187 -1.71443 -1.47266 3.86186 -1.68359 -1.39844 3.86186 -1.64062 -1.29297 3.86186 -1.67969 -1.21094 3.86186 -1.67188 -1.19141 3.86186 -1.57813 -1.14063 3.86185 -1.58203 -1.12891 3.86185 -1.64844 -1.0586 3.86185 -1.66406 -0.988283 3.86185 -1.64453 -0.925783 3.86185 -1.65625 -0.898439 3.86185 -1.74219 -0.864655 3.86184 -1.79078 -1.80484 3.86188 -1.44374 -1.80484 3.86188 -0.952869 -1.73047 3.86187 -1.04102 -1.74414 3.86187 -1.20898 -1.7168 3.86187 -1.23438 -1.71094 3.86187 -1.29688 -1.72852 3.86187 -1.30469 -1.69531 3.86187 -1.36914 -1.64063 3.86187 -1.43164 -1.67578 3.86187 -1.46875 -1.68164 3.86187 -1.50977 -1.67885 3.86187 -1.56014 -1.80484 3.86188 -0.161988 -1.74805 3.86187 -0.140625 -1.74219 3.86187 -0.214844 -1.70703 3.86187 -0.269531 -1.70508 3.86187 -0.300781 -1.7168 3.86187 -0.347656 -1.71094 3.86187 -0.416016 -1.66211 3.86187 -0.423828 -1.66016 3.86187 -0.458984 -1.70899 3.86187 -0.488281 -1.7168 3.86187 -0.582031 -1.77149 3.86187 -0.630859 -1.80484 3.86188 -0.677259 -1.80484 3.86188 1.10547 -1.7461 3.86187 1.02734 -1.74219 3.86187 0.964844 -1.67188 3.86187 0.945312 -1.66016 3.86187 0.914062 -1.69141 3.86187 0.894531 -1.73438 3.86187 0.722656 -1.73047 3.86187 0.65625 -1.75781 3.86187 0.632813 -1.76563 3.86187 0.59375 -1.80484 3.86188 0.584676 -1.6095 3.86187 1.6242 -1.64258 3.86187 1.51953 -1.55664 3.86187 1.46094 -1.56836 3.86187 1.43945 -1.56055 3.86187 1.39258 -1.66797 3.86187 1.44922 -1.71094 3.86187 1.45703 -1.76759 3.86187 1.41994 -1.80484 3.86188 1.39638 -1.80484 3.86188 1.44374 -1.42918 3.86186 1.79078 -0.828925 3.86184 1.79078 -0.914064 3.86185 1.74023 -0.990236 3.86185 1.72266 -1.01758 3.86185 1.65039 -1.03516 3.86185 1.58008 -1.08789 3.86185 1.66602 -1.10742 3.86185 1.61914 -1.12891 3.86185 1.61328 -1.17774 3.86186 1.69336 -1.24414 3.86186 1.72852 -1.34766 3.86186 1.74219 -1.43945 3.86186 1.72461 -1.48242 3.86186 1.6875 -1.54639 3.86187 1.68251 -0.2321 3.86182 1.79078 -0.285158 3.86183 1.75195 -0.453126 3.86183 1.74219 -0.5625 3.86183 1.70508 -0.599611 3.86184 1.68945 -0.619142 3.86184 1.71484 -0.658205 3.86184 1.70312 -0.687501 3.86184 1.72461 -0.695314 3.86184 1.77148 -0.766756 3.86184 1.79078 1.42923 3.86182 1.79078 1.80489 3.86182 1.44374 1.80489 3.86182 1.36328 1.76953 3.86182 1.33203 1.69727 3.86182 1.33789 1.63477 3.86182 1.23633 1.58594 3.86182 1.23633 1.51953 3.86182 1.30469 1.50391 3.86182 1.36133 1.43945 3.86182 1.35938 1.375 3.86182 1.38281 1.39648 3.86182 1.43359 1.35938 3.86182 1.49219 1.28711 3.86182 1.54688 1.0957 3.86182 1.60352 1.01758 3.86182 1.68359 0.994141 3.86182 1.73438 0.90625 3.86182 1.74805 0.841797 3.86182 1.75781 0.79322 3.86182 1.79078 1.80489 3.86182 0.759772 1.66797 3.86182 0.746094 1.64844 3.86182 0.796875 1.72266 3.86182 0.890625 1.75391 3.86182 0.976563 1.75 3.86182 1.07031 1.80489 3.86182 1.12468 1.80489 3.86182 -0.154686 1.72266 3.86182 -0.152344 1.67188 3.86182 -0.113281 1.72266 3.86182 -0.03125 1.69531 3.86182 0.0390625 1.64453 3.86182 0.144531 1.69922 3.86182 0.171875 1.76953 3.86182 0.210938 1.80489 3.86182 0.308052 1.80489 3.86182 -1.30839 1.69141 3.86182 -1.25391 1.67578 3.86182 -1.20703 1.77734 3.86182 -1.13672 1.76563 3.86182 -1.05859 1.74219 3.86182 -0.984375 1.71094 3.86182 -0.917969 1.73438 3.86182 -0.867188 1.66797 3.86182 -0.902344 1.63672 3.86182 -0.84375 1.62891 3.86182 -0.765625 1.65625 3.86182 -0.648438 1.72656 3.86182 -0.589844 1.76172 3.86182 -0.503906 1.75391 3.86182 -0.378906 1.75781 3.86182 -0.292969 1.80489 3.86182 -0.264256 0.743197 3.86182 -1.79078 0.820313 3.86182 -1.70313 0.996094 3.86182 -1.73438 1.11328 3.86182 -1.68359 1.16797 3.86182 -1.625 1.17969 3.86182 -1.68359 1.28125 3.86182 -1.64063 1.30859 3.86182 -1.58984 1.39063 3.86182 -1.58984 1.42188 3.86182 -1.68359 1.47656 3.86182 -1.71484 1.52126 3.86182 -1.70576 1.42923 3.86182 -1.79078 -7.11478e-007 3.86182 -1.79078 -0.415035 3.86183 -1.79078 -0.402344 3.86183 -1.76563 -0.371095 3.86183 -1.72266 -0.359376 3.86183 -1.66016 -0.320314 3.86183 -1.70703 -0.26172 3.86182 -1.70703 -0.179689 3.86182 -1.66016 -0.160157 3.86182 -1.60547 -0.128908 3.86182 -1.57812 -0.0585954 3.86182 -1.60156 -7.07308e-007 3.86182 -1.62961 0.0976563 3.86182 -1.64063 0.140625 3.86182 -1.66406 0.148438 3.86182 -1.71094 0.277344 3.86182 -1.69922 0.363281 3.86182 -1.71875 0.402344 3.86182 -1.76172 0.464498 3.86182 -1.79078 0.0273438 0.444005 1.84326 0.611763 0.444005 1.84326 0.542969 0.527344 1.84326 0.484375 0.574219 1.84326 0.390625 0.53125 1.84326 0.3125 0.648438 1.84326 0.3125 0.734375 1.84326 0.285156 0.707031 1.84326 0.242188 0.703125 1.84326 0.179688 0.757813 1.84326 0.175781 0.863281 1.84326 0.164063 0.949219 1.84326 0.121094 0.957031 1.84326 0.109375 1.09375 1.84326 0.0898438 1.20703 1.84326 0.0273438 1.34072 1.84326 1.41388 0.444005 1.84326 1.38672 0.480469 1.84326 1.3457 0.509766 1.84326 1.24805 0.513672 1.84326 1.11719 0.519531 1.84326 1.05664 0.574219 1.84326 1.02539 0.589844 1.84326 0.996094 0.533203 1.84326 0.912109 0.556641 1.84326 0.902344 0.589844 1.84326 0.861328 0.603516 1.84326 0.8125 0.523438 1.84326 0.769531 0.472656 1.84326 0.695043 0.444005 1.84326 1.84617 0.790117 1.84326 1.84617 1.32097 1.84326 1.8125 1.24219 1.84326 1.79297 1.20313 1.84326 1.79297 1.12109 1.84326 1.76953 1.09766 1.84326 1.76172 1.01953 1.84326 1.74219 0.988281 1.84326 1.75391 0.910156 1.84326 1.78516 0.84375 1.84326 1.75391 0.761719 1.84326 1.69922 0.730469 1.84326 1.67578 0.675781 1.84326 1.68159 0.630906 1.84326 1.84617 1.7264 1.84326 1.78906 1.64063 1.84326 1.74609 1.62109 1.84326 1.72656 1.55859 1.84326 1.80469 1.52734 1.84326 1.84617 1.47438 1.84326 1.84617 2.04789 1.84326 1.84617 2.62835 1.84326 1.81641 2.60742 1.84326 1.78906 2.55469 1.84326 1.7168 2.54102 1.84326 1.70898 2.52148 1.84326 1.73242 2.52148 1.84326 1.76172 2.45703 1.84326 1.78125 2.42578 1.84326 1.75781 2.32813 1.84326 1.80078 2.25781 1.84326 1.78906 2.19141 1.84326 1.77344 2.08594 1.84326 1.48839 3.87023 1.84326 1.08653 3.87023 1.84326 1.12109 3.83203 1.84326 1.15234 3.78125 1.84326 1.22266 3.76172 1.84326 1.28125 3.77734 1.84326 1.32422 3.73047 1.84326 1.33203 3.69922 1.84326 1.38281 3.64844 1.84326 1.46094 3.63281 1.84326 1.51172 3.54297 1.84326 1.57422 3.57031 1.84326 1.66406 3.5625 1.84326 1.6875 3.49219 1.84326 1.69922 3.41016 1.84326 1.76172 3.35938 1.84326 1.84617 3.36215 1.84326 1.84617 3.51245 1.84326 0.159556 3.87023 1.84326 0.177734 3.79688 1.84326 0.230469 3.78906 1.84326 0.302734 3.79688 1.84326 0.419922 3.76953 1.84326 0.478516 3.74023 1.84326 0.498047 3.71289 1.84326 0.535156 3.71484 1.84326 0.558594 3.77734 1.84326 0.652344 3.78906 1.84326 0.675781 3.83984 1.84326 0.726037 3.87023 1.84326 -0.91161 3.87023 1.84326 -0.902344 3.80078 1.84326 -0.867188 3.77734 1.84326 -0.863281 3.73438 1.84326 -0.828125 3.73828 1.84326 -0.820313 3.80859 1.84326 -0.78125 3.85156 1.84326 -0.746815 3.87023 1.84326 -1.48839 3.87023 1.84326 -1.70842 3.65019 1.84326 -1.66797 3.64063 1.84326 -1.58594 3.68359 1.84326 -1.53906 3.6875 1.84326 -1.49219 3.73438 1.84326 -1.48047 3.76953 1.84326 -1.43359 3.72656 1.84326 -1.39844 3.73828 1.84326 -1.375 3.76172 1.84326 -1.41016 3.82031 1.84326 -1.37109 3.78906 1.84326 -1.30859 3.79688 1.84326 -1.27734 3.78906 1.84326 -1.23047 3.83984 1.84326 -1.20865 3.87023 1.84326 -1.51172 0.444005 1.84326 -1.51172 3.20313 1.84326 -1.48828 3.28906 1.84326 -1.42188 3.35547 1.84326 -1.45313 3.38672 1.84326 -1.51953 3.33984 1.84326 -1.58984 3.375 1.84326 -1.65234 3.41406 1.84326 -1.71484 3.41016 1.84326 -1.78906 3.44531 1.84326 -1.84617 3.51245 1.84326 -1.84617 0.790117 1.84326 -0.842227 3.20313 1.84326 -0.847656 3.25 1.84326 -0.921875 3.26172 1.84326 -1.02734 3.28516 1.84326 -1.09375 3.32813 1.84326 -1.19922 3.3125 1.84326 -1.22266 3.30469 1.84326 -1.26953 3.23047 1.84326 -1.39629 3.20313 1.84326 -0.337876 3.20313 1.84326 -0.394531 3.26172 1.84326 -0.449219 3.30859 1.84326 -0.5 3.25 1.84326 -0.554688 3.25 1.84326 -0.636719 3.24609 1.84326 -0.742226 3.20313 1.84326 0.0273438 3.15656 1.84326 0.0273438 2.93308 1.84326 0.0976563 2.94727 1.84326 0.164063 2.91211 1.84326 0.199219 2.90625 1.84326 0.214844 2.96484 1.84326 0.183594 3.00391 1.84326 0.191406 3.06641 1.84326 0.140625 3.11719 1.84326 0.0273438 2.43148 1.84326 0.119141 2.42969 1.84326 0.171875 2.42383 1.84326 0.201172 2.40039 1.84326 0.220703 2.43555 1.84326 0.216797 2.49023 1.84326 0.15625 2.52539 1.84326 0.103516 2.63672 1.84326 0.115234 2.66992 1.84326 0.117188 2.69922 1.84326 0.0683594 2.74414 1.84326 0.0273438 2.80569 1.84326 0.0273438 1.85883 1.84326 0.0664063 1.85938 1.84326 0.0820313 1.91797 1.84326 0.0976563 2.00391 1.84326 0.078125 2.06641 1.84326 0.0820313 2.14844 1.84326 0.105469 2.17188 1.84326 0.0898438 2.26172 1.84326 0.0507813 2.30469 1.84326 0.0273438 2.37149 1.84326 -1.50883 3.1652 1.84326 -1.50883 2.89479 1.84326 -1.4375 2.90625 1.84326 -1.375 2.9375 1.84326 -1.42188 2.96094 1.84326 -1.36719 2.96094 1.84326 -1.34766 3 1.84326 -1.41797 3.03516 1.84326 -1.40234 3.08984 1.84326 -1.32422 3.10156 1.84326 -1.27734 3.07031 1.84326 -1.23047 3.09766 1.84326 -1.16797 3.06641 1.84326 -1.06641 3.02734 1.84326 -0.96875 3.05078 1.84326 -0.960938 3.10156 1.84326 -0.878906 3.14063 1.84326 -0.752029 3.1652 1.84326 -1.50883 2.44457 1.84326 -1.46875 2.46875 1.84326 -1.44922 2.51172 1.84326 -1.41797 2.53516 1.84326 -1.42578 2.57422 1.84326 -1.46484 2.57813 1.84326 -1.42188 2.60156 1.84326 -1.4375 2.63672 1.84326 -1.42578 2.68359 1.84326 -1.42578 2.73047 1.84326 -1.4375 2.74609 1.84326 -1.48438 2.77344 1.84326 -1.50883 2.83395 1.84326 -1.50883 1.74045 1.84326 -1.42188 1.77734 1.84326 -1.41406 1.86328 1.84326 -1.41797 1.89844 1.84326 -1.39063 2.02344 1.84326 -1.40625 2.05078 1.84326 -1.45703 2.11328 1.84326 -1.46875 2.17969 1.84326 -1.50883 2.24622 1.84326 -1.50883 0.557093 1.84326 -1.44531 0.621094 1.84326 -1.46484 0.691406 1.84326 -1.46484 0.75 1.84326 -1.42969 0.800781 1.84326 -1.43359 0.855469 1.84326 -1.42969 0.945313 1.84326 -1.40625 0.964844 1.84326 -1.43359 0.980469 1.84326 -1.44531 1.02344 1.84326 -1.47266 1.07031 1.84326 -1.46484 1.12109 1.84326 -1.50883 1.11999 1.84326 -1.50883 0.461145 1.84326 -0.836118 0.461145 1.84326 -0.875 0.515625 1.84326 -0.960938 0.515625 1.84326 -1.00391 0.511719 1.84326 -1.11328 0.576172 1.84326 -1.12891 0.611328 1.84326 -1.15234 0.611328 1.84326 -1.16797 0.634766 1.84326 -1.3457 0.619141 1.84326 -1.36719 0.634766 1.84326 -1.40039 0.601563 1.84326 -1.42383 0.568359 1.84326 -1.45508 0.546875 1.84326 -1.50883 0.5451 1.84326 -0.79759 0.461145 1.84326 -0.429434 0.461145 1.84326 -0.429688 0.484375 1.84326 -0.449219 0.521484 1.84326 -0.533203 0.527344 1.84326 -0.572266 0.564453 1.84326 -0.582031 0.605469 1.84326 -0.603516 0.589844 1.84326 -0.638672 0.597656 1.84326 -0.660156 0.642578 1.84326 -0.681641 0.626953 1.84326 -0.728516 0.603516 1.84326 -0.742188 0.548828 1.84326 -0.765625 0.488281 1.84326 0.0200586 0.461145 1.84326 0.0200586 0.907314 1.84326 0.00390625 0.90625 1.84326 -0.0136719 0.871094 1.84326 -0.0878906 0.865234 1.84326 -0.0527344 0.814453 1.84326 -0.0527344 0.791016 1.84326 -0.0839844 0.722656 1.84326 -0.111328 0.710938 1.84326 -0.113281 0.685547 1.84326 -0.078125 0.667969 1.84326 -0.0878906 0.642578 1.84326 -0.134766 0.669922 1.84326 -0.154297 0.630859 1.84326 -0.148438 0.5625 1.84326 -0.111328 0.542969 1.84326 -0.0800781 0.484375 1.84326 -0.0720874 0.461145 1.84326 0.0200586 1.29115 1.84326 0.0200586 1.85562 1.84326 -0.0117188 1.83203 1.84326 -0.0585938 1.85938 1.84326 -0.0625 1.81641 1.84326 -0.0546875 1.75 1.84326 -0.0429688 1.71484 1.84326 -0.03125 1.63672 1.84326 -0.0546875 1.58594 1.84326 -0.0703125 1.55078 1.84326 -0.0234375 1.54688 1.84326 -0.046875 1.53516 1.84326 -0.0546875 1.44531 1.84326 -0.03125 1.39453 1.84326 -0.0117188 1.32422 1.84326 0.0200586 2.47112 1.84326 -0.0273438 2.42969 1.84326 -0.0742188 2.40625 1.84326 -0.0625 2.37109 1.84326 -0.0976563 2.32813 1.84326 -0.0390625 2.22266 1.84326 -0.015625 2.19141 1.84326 -0.015625 2.13281 1.84326 -0.0273438 2.01953 1.84326 -0.0078125 2.00391 1.84326 0.0200586 1.96694 1.84326 -0.369846 3.1652 1.84326 -0.686402 3.1652 1.84326 -0.650391 3.13672 1.84326 -0.595703 3.125 1.84326 -0.523438 3.11719 1.84326 -0.488281 3.03906 1.84326 -0.472656 3.07813 1.84326 -0.40625 3.10156 1.84326 -0.382813 3.11719 1.84326 0.0200586 3.1652 1.84326 -0.247026 3.1652 1.84326 -0.179688 3.14063 1.84326 -0.171875 3.09766 1.84326 -0.177734 3.05664 1.84326 -0.132813 3.01172 1.84326 -0.130859 2.98047 1.84326 -0.111328 2.96484 1.84326 -0.0195313 2.93359 1.84326 0.0200586 2.94656 1.84326</float_array>
                    <technique_common>
                        <accessor count="1814" source="#Geometry-mesh033-positions-array" stride="3">
                            <param name="X" type="float" />
                            <param name="Y" type="float" />
                            <param name="Z" type="float" />
                        </accessor>
                    </technique_common>
                </source>
                <source id="Geometry-mesh033-normals" name="normals">
                    <float_array id="Geometry-mesh033-normals-array" count="4965">-0.810976 0.58508 0 -0.750981 0.660323 0 -0.684675 0.728848 0 0.971211 0.238222 0 0.882712 0.469914 0 0.795138 0.606428 0 0.520765 0.8537 0 0.318288 0.947994 0 0 0 1 -0.707107 0.707107 0 0.632089 0.774896 0 0.549729 0.835343 0 0.272869 0.962051 0 0.0625753 0.99804 0 -0.0322683 0.999479 0 -0.142161 0.989844 0 -0.251326 0.967902 0 -0.25361 0.967306 0 0.528016 0.849235 0 0.672642 0.739968 0 0.799004 0.601326 0 -0.839171 0.543867 0 0.288044 0.957617 0 0.389661 0.920959 0 0.573665 0.81909 0 0.656366 0.754443 0 0.65273 0.757591 0 0.6001 0.799925 0 0.544988 0.838444 0 0.987241 0.159232 0 0.99879 -0.04918 0 0.964241 -0.265027 0 0.758861 0.651252 0 0.820993 0.570939 0 0.92601 0.377498 0 0.96501 0.262213 0 0 -1 0 0.866057 0.499946 0 0.919145 0.393919 0 0.854995 0.518637 0 0.772209 0.635368 0 0.98503 0.17238 0 0.99489 0.100967 0 0.999589 0.0286513 0 0.877896 -0.478852 0 0.915212 -0.402972 0 0.946184 -0.32363 0 -0.306033 -0.952021 0 0.573462 -0.819232 0 -0.966749 -0.255726 0 -0.990274 -0.139128 0 -0.999753 -0.0222167 0 -0.271562 -0.962421 0 -0.43909 -0.898443 0 -0.597434 -0.801918 0 0 1 0 -0.0451298 -0.998981 0 -0.0902596 -0.995918 0 -0.135113 -0.99083 0 0.575349 -0.817908 0 0.46347 -0.886113 0 0.46227 -0.886739 0 0.573074 -0.819503 0 0.229039 -0.973417 0 0.0523863 -0.998627 0 -0.131932 -0.991259 0 1 0 0 -0.169907 0.98546 0 -0.987603 0.15697 0 -0.998253 0.0590832 0 -0.999261 -0.0384331 0 0 0 -1 0.371391 -0.928477 0 0.252359 -0.967634 0 0.127353 -0.991857 0 -0.995309 -0.0967511 0 -0.999379 0.0352452 0 -0.938668 0.344823 0 -0.854653 0.519199 0 -0.164399 0.986394 0 -0.873664 0.48653 0 -0.915307 0.402757 0 -0.893487 0.449089 0 -0.818018 0.575193 0 0 -0.7282 -0.685365 0 -0.666229 -0.745747 0 -0.598745 -0.80094 0 -0.999985 -0.00547335 0 -0.995825 -0.0912783 0 -0.984428 -0.175791 0 -0.986276 -0.165106 0 -0.9891 -0.147244 0 -0.9916 -0.129339 0 -0.955779 0.294086 0 -0.917558 0.397601 0 -0.867482 0.497468 0 -0.504342 -0.863504 0 -0.401172 -0.916003 0 -0.294086 -0.955779 -1 0 0 0 -0.810679 -0.585491 0 -0.998959 -0.0456075 0 -0.991094 -0.133166 0 -0.986721 -0.162422 0 -0.994465 -0.105073 0 -0.850265 0.526355 0 -0.890475 0.455032 0 -0.924927 0.380144 0 -0.999014 -0.0444006 0 -0.990589 0.136867 0 -0.947528 0.319674 0 -0.774006 0.633179 0 -0.661771 0.749706 0 -0.528435 0.848974 0 0.743779 0.668425 0 0.530536 0.847663 0 0.646621 0.762812 0 0.637198 0.7707 0 0.508811 0.860878 0 -0.752577 -0.658505 0 -0.784005 -0.620755 0 -0.81361 -0.581411 0 0.97926 0.202606 0 0.14581 0.989313 0 -0.0764619 0.997073 0 -0.449159 0.893452 0 -0.604014 0.796973 0 -0.912818 0.408366 0 -0.503954 0.863731 0 -0.323998 0.946058 0 -0.123046 0.992401 0 0.979001 -0.203854 0 0.955103 -0.296275 0 0.922833 -0.385201 0 0.933067 0.359702 0 0.961397 0.275165 0 0.98222 0.187735 0 0.897454 -0.441109 0 0.970142 0.242536 0 0.99128 0.131774 0 0.99984 0.0178678 0 0.900768 0.434301 0 0.920644 0.390404 0 0.933935 0.357443 0 0.929379 0.369126 0 0.228876 -0.973456 0 0.169346 -0.985557 0 0.109412 -0.993996 0 0.0293991 -0.999568 0 -0.0918805 -0.99577 0 -0.213603 -0.976921 0 0.44254 -0.896749 0 0.465737 -0.884923 0 0.488603 -0.872506 0 -0.519136 0.854692 0 -0.516818 0.856096 0 -0.669777 0.742562 0 -0.804694 0.59369 0 0.164701 -0.986344 0 0.222499 -0.974933 0 0.223769 -0.974642 0 0.167283 -0.985909 0 0.4381 -0.898926 0 0.316095 -0.948727 0 0.186277 -0.982497 0 0.707108 -0.707106 0 -0.744841 0.667242 0 -0.756654 0.653816 0 -0.768221 0.640184 0 -0.870571 0.492043 0 -0.868387 0.495888 0 -0.797962 0.602708 0 -0.716208 0.697887 0 -0.996546 0.0830455 0 -0.308368 0.951267 0 -0.288066 0.95761 0 -0.267644 0.963518 0 -0.991483 0.130236 0 -0.999892 0.0147028 0 -0.995037 -0.0995037 0 -0.997653 -0.0684787 0 -0.994997 -0.0999089 0 -0.984802 -0.173681 0 -0.976413 -0.21591 0 -0.651715 -0.758464 0 -0.566939 -0.823759 0 -0.476736 -0.879047 0 -0.786318 0.617822 0 0.0943253 -0.995541 0 0.114748 -0.993395 0 0.135113 -0.99083 0 -0.382822 0.923822 0 -0.257208 0.966356 0 -0.129339 0.9916 0 0.104685 -0.994505 0 0.0698752 -0.997556 0 0.0349376 -0.999389 0 -0.377188 -0.926136 0 -0.426326 -0.90457 0 -0.54915 -0.835724 0 -0.620538 -0.784176 0 -0.0717718 -0.997421 0 0.137679 -0.990477 0 0.441381 -0.89732 0 0.545226 -0.838289 0 0.708763 -0.705447 0 0.667727 -0.744406 0 0.601866 -0.798597 0 0.578515 -0.815672 0 -0.222218 -0.974997 0 -0.219575 -0.975596 0 -0.0357169 -0.999362 0 0.153126 -0.988207 0 0.298475 -0.954418 0 0.160321 -0.987065 0 -0.152081 -0.988368 0 -0.326587 -0.945167 0 0.948683 -0.316228 0 0.561964 0.827161 0 0.461405 0.88719 0 0.355995 0.934488 0 0.844576 -0.535435 0 0.79844 -0.602075 0 0.747409 -0.664364 0 0.97795 -0.208841 0 0.999757 -0.022036 0 0.938175 0.346163 0 0.849999 0.526785 0 0.959365 0.282166 0 0.952832 0.303497 0 0.945821 0.324687 0 0.900291 -0.435289 0 0.773664 -0.633596 0 0.494554 -0.869147 0 0.3621 -0.932139 0 0.613551 0.789655 0 0.559819 0.828615 0 0.647661 0.761929 0 0.775028 0.631927 0 0.934407 0.356207 0 0.972185 0.234213 0 0.996125 -0.0879479 0 0.956737 -0.290953 0 -0.437876 0.899035 0 -0.42849 0.903547 0 -0.419058 0.907959 0 0.141421 0.989949 0 0.233436 0.972372 0 0.343247 0.939245 0 0.244497 0.96965 0 0.0192504 0.999815 0 -0.351123 0.936329 0 -0.322094 0.946708 0 -0.292731 0.956195 0 -0.514496 0.857493 0 0.591384 0.80639 0 0.703068 0.711123 0 0.801577 0.597892 0 -0.819848 0.572581 0 -0.332842 0.942983 0 -0.146509 0.989209 0 -0.066693 0.997774 0 -0.172251 0.985053 0 0.0511645 0.99869 0 0.0255823 0.999673 0 0.177202 0.984174 0 0.354404 0.935092 0 0.134316 0.990939 0 0.341103 0.940026 0 0.541341 0.840803 -0.67857 2.04756e-005 -0.734535 -0.678571 2.14064e-005 -0.734535 -0.678571 2.23371e-005 -0.734535 -0.0948091 3.12091e-006 0.995495 0.0537675 1.84633e-006 0.998553 -0.0948077 5.85166e-006 0.995496 0.204509 -2.2387e-006 0.978865 0.216925 -1.04136e-005 0.976188 0.0569091 6.49736e-007 0.998379 0.216928 -6.09941e-006 0.976188 -0.109004 9.94675e-006 0.994041 0.918098 -2.3301e-005 0.396352 0.873707 -2.19269e-005 0.486453 0.821073 -2.25233e-005 0.570824 0.821075 -2.85939e-005 0.57082 -1 3.5661e-005 -2.42852e-007 -1 3.42894e-005 -1.21426e-007 -1 3.29178e-005 0 0.995633 -3.84925e-005 0.0933501 0.995634 -3.16646e-005 0.0933454 0.995634 -2.48366e-005 0.0933407 0.725953 -2.20102e-005 -0.687745 0.725952 -2.29535e-005 -0.687745 0.900385 -3.42329e-005 -0.435094 0.900383 -2.96386e-005 -0.435099 3.36628e-005 1 9.77898e-007 3.22803e-005 1 1.5424e-006 3.31111e-005 1 1.45924e-006 3.0849e-005 1 1.64019e-006 2.60417e-005 1 2.44141e-006 3.2571e-005 1 8.38462e-007 3.49282e-005 1 3.23476e-007 3.23722e-005 1 -9.81301e-007 3.12922e-005 1 -2.99659e-006 3.37134e-005 1 -1.46321e-008 3.52888e-005 1 -1.42942e-008 3.52285e-005 1 -2.85884e-008 0.973574 -3.03142e-005 0.228372 0.947632 -3.2547e-005 0.319365 0.919744 -3.4037e-005 0.39252 0.947632 -3.0975e-005 0.319364 0.157991 -7.66562e-006 0.987441 0.15799 -8.0042e-006 0.987441 0.15799 -8.34278e-006 0.987441 0.767369 -2.53953e-005 -0.641206 0.666016 -2.23258e-005 -0.745937 0.718468 -2.36515e-005 -0.69556 0.666017 -2.37508e-005 -0.745937 -3.39174e-005 -1 6.47316e-008 -3.37874e-005 -1 5.44947e-007 -3.40173e-005 -1 2.72477e-007 -3.26317e-005 -1 2.75514e-007 -3.44863e-005 -1 -1.91626e-006 -3.39615e-005 -1 4.92544e-007 -3.51441e-005 -1 1.69779e-006 -3.77068e-005 -1 1.52947e-006 -3.52279e-005 -1 3.92613e-007 -3.38873e-005 -1 -1.47862e-008 -3.26835e-005 -1 -2.41961e-007 -3.75624e-005 -1 -2.3488e-006 -3.02139e-005 -1 -5.22003e-008 0.936325 -2.6648e-005 0.351134 0.936327 -3.09824e-005 0.351129 0.936329 -3.53168e-005 0.351123 0.915027 -3.3184e-005 -0.403393 0.650791 -2.42492e-005 -0.759257 0.799494 -2.93346e-005 -0.600674 3.13782e-005 1 2.01651e-006 2.85861e-005 1 3.09039e-006 3.19104e-005 1 1.37076e-006 3.53796e-005 1 9.10322e-007 3.67314e-005 1 -1.49423e-006 3.67652e-005 1 -1.24952e-006 3.5965e-005 1 -1.00595e-006 3.49552e-005 1 -6.04841e-007 3.61328e-005 1 -1.46484e-006 3.6069e-005 1 8.73131e-007 3.98351e-005 1 2.48969e-006 0.998618 -3.64553e-005 -0.0525635 0.877894 -3.18539e-005 -0.478855 0.960609 -3.55876e-005 -0.277902 0.877892 -2.99929e-005 -0.478858 0.53885 -0.000319016 -0.842402 0.547907 -0.000245552 -0.83654 0.543428 -0.00031972 -0.839456 0.547787 -2.26219e-005 -0.836618 3.61848e-005 1 -3.44674e-006 3.83878e-005 1 0 3.49218e-005 1 -1.57824e-006 3.41682e-005 1 1.62036e-006 3.35592e-005 1 5.06936e-007 3.35874e-005 1 1.12199e-006 3.33999e-005 1 -1.00856e-006 3.39636e-005 1 1.2762e-006 3.52974e-005 1 2.94145e-006 3.46542e-005 1 -1.84096e-006 0.224866 -7.71051e-006 -0.97439 0.224863 -1.33646e-005 -0.974391 0.323501 -1.85529e-005 -0.946228 0.419735 -2.24115e-005 -0.907647 0.923077 -3.03857e-005 -0.384615 0.923077 -2.98582e-005 -0.384615 0.923077 -2.93306e-005 -0.384615 0.0826769 -3.46454e-006 -0.996576 -0.0248851 -1.00619e-006 -0.99969 -0.246708 7.20172e-006 -0.96909 -0.360619 1.06173e-005 -0.932713 -0.67857 2.23371e-005 0.734536 0.235444 1.76108e-005 -0.971888 0.146973 -5.75826e-006 -0.989141 0.338122 -1.29453e-005 -0.941102 0.338122 -1.37118e-005 -0.941102 0.287342 -7.61944e-006 -0.957828 0.287345 -4.79502e-006 -0.957827 0.287348 -1.9706e-006 -0.957826 -8.91768e-007 2.74318e-006 1 -4.46018e-007 -2.74314e-006 1 -2.67892e-010 -8.22946e-006 1 -0.341743 0 -0.939793 -0.221251 0 -0.975217 -0.095236 0 -0.995455 -0.588664 0 -0.808377 -0.440401 0 -0.897801 -0.396003 0 -0.918249 -0.504117 0 -0.863635 -0.433853 0 -0.900983 -0.293512 0 -0.955955 -0.151106 0 -0.988518 -0.152407 0 -0.988318 -0.996152 0 0.0876386 -0.976033 0 0.217622 -0.898122 0 0.439746 -0.845607 0 0.533805 -0.850265 0 0.526355 -0.485643 0 0.874157 -0.472932 0 0.881099 -0.46012 0 0.887857 -0.968016 0 -0.250888 -0.979833 0 -0.199818 -0.988936 0 -0.14834 0.467888 0 -0.883788 -0.852819 0 0.522207 -0.755133 0 0.655572 -0.787588 0 0.616202 -0.904163 0 0.427187 -0.520714 0 0.853731 -0.75081 0 0.660518 0.980581 0 0.196116 0.948683 0 0.316228 -0.839201 1.10742e-005 0.543822 -0.867315 1.37947e-005 0.49776 -0.892832 1.80354e-005 0.450389 -0.892839 2.81549e-005 0.450375 -0.256668 8.27294e-006 0.9665 -0.256668 6.77129e-006 0.9665 -1.0173e-006 -1.37154e-006 1 -8.92953e-011 -2.74315e-006 1 0.374733 -2.15071e-005 0.927133 0.316231 -1.36626e-005 0.948682 0.374732 -1.44695e-005 0.927133 0.316234 -7.80737e-006 0.948681 0.275759 -4.48826e-006 0.961227 0.301079 -4.64671e-007 0.953599 0.275761 -8.17998e-006 0.961226 0.30108 0 0.953599 0.591322 0 0.806435 0.411191 0 0.911549 0.118869 0 0.99291 0.013666 0 0.999907 6.5488e-006 1 0 2.64782e-005 1 -5.1747e-007 0.624695 0.780869 0 0.676713 0.736247 0 0.725776 0.687931 0 -0.312598 0.949886 0 -0.529602 0.848246 0 0.99083 0.135113 0 0.994731 0.102523 0 0.997562 0.0697874 0 0.905891 0.42351 0 0.939821 0.341668 0 0.966554 0.256462 0 0.661881 0.749609 0 0.736253 0.676707 0 0.801973 0.59736 0 0.525852 0.850576 0 0.60082 0.799385 0 0.487186 0.873298 0 0.26719 0.963644 0 0.959365 0.282166 0 -0.358997 0.933339 0 -0.507878 0.861429 0 -0.646519 0.762898 0 -0.947937 0.318458 0 -0.846742 0.532003 0 -0.904819 -0.425797 0 -0.941695 -0.336469 0 -0.969999 -0.243107 0 -0.991724 -0.128385 0 -0.998886 0.0471982 0 -0.973908 0.226941 0 -0.572895 0.819629 0 -0.717357 0.696706 0 -0.83239 0.55419 0 -0.787316 -0.616549 0 -0.66908 -0.743191 0 -0.526077 -0.850437 0 -0.928477 0.371391 0 -0.972387 0.233373 0 -0.463583 -0.886053 0 -0.817987 -0.575237 0 -0.781104 -0.6244 0 -0.741427 -0.671034 0 -0.917484 -0.397773 0 -0.837645 -0.546214 0 -0.737154 -0.675725 0 -0.870563 -0.492057 0 -0.989949 -0.141421 0 -0.979712 -0.20041 0 -0.965907 -0.258889 0 0.707106 0.707107 0 0.0229704 -0.999736 0 -0.0623205 -0.998056 0 -0.146549 -0.989203 0 -0.813733 -0.581238 0 -0.710143 -0.704058 0 -0.584687 -0.811259 0 0.673762 -0.738949 0 0.809236 -0.587484 0 0.907959 -0.419058 0 0.110432 -0.993884 0 -0.230183 -0.973147 0 0.948683 -0.316228 0 0.889271 -0.45738 0 0.806787 -0.590842 0 0.857493 0.514496 0 0.787768 -0.615972 0 0.761901 -0.647694 0 0.734803 -0.67828 0 0.707107 0.707107 0 0.272252 0.962226 0 0.104035 0.994574 0 0.14106 0.990001 0 0.34726 0.937769 0 -0.71912 -0.694886 0 0.196692 0.980465 0 0.176361 0.984326 0 0.155963 0.987763 0 -0.705442 0.708768 0 -0.51943 0.854513 0 -0.260551 0.96546 0 -0.203799 0.979013 0 -0.755689 0.654931 0 -0.259371 -0.965778 0 -0.0253944 -0.999678 0 0.197818 -0.980239 0 0.780869 0.624695 0 -0.624695 -0.780869 0 -0.469734 -0.882808 0 -0.292088 -0.956392 0 0.903738 0.428086 0 0.80187 0.597498 0 0.662439 0.749116 0 0.832148 0.554553 0 0.785437 0.618941 0 0.73341 0.679787 0 0.0138903 -0.999904 0 0.998868 -0.0475652 0 0.997641 0.0686486 0 0.982641 0.185518 0 0.943611 0.331056 0 0.891531 0.45296 0 0.822415 0.568889 0 0.14834 -0.988936 0 0.0374173 -0.9993 0 -0.168251 -0.985744 0 -0.388793 -0.921325 0 -0.418234 -0.908339 0 0.190131 -0.981759 0 0.271998 -0.962298 0 0.352504 -0.93581 0 0.811385 -0.584512 0 0.674707 -0.738085 0 0.516636 -0.856205 0 0.0995037 0.995037 0 0.907959 0.419058 0 0.977802 0.209529 0 0.996683 -0.081387 0 0.986663 -0.162774 0 0.999047 0.0436387 0 0.99972 -0.023653 0 0.995893 -0.0905357 0 0.942006 0.335595 0 0.870415 0.492319 0 0.809216 0.587511 0 0.840017 0.542561 0 0.918501 -0.395419 0 0.980261 -0.197709 0 0.995947 0.0899468 0 0.983686 0.179894 0 0.640184 -0.768221 0 0.988372 -0.152057 0 0.997536 0.0701507 0 0.953782 0.3005 0 0.322027 0.94673 0 0.113728 0.993512 0 -0.0604123 0.998174 0 -0.0302062 0.999544 0 0.83205 0.5547 0 -0.659147 0.752015 0 -0.7438 0.668402 0 -0.782881 0.622171 0 -0.746142 0.665787 0 0.884918 0.465746 0 0.946702 0.32211 0 0.986017 0.166647 0 -0.588172 0.808736 0 -0.447214 0.894427 0 -0.495701 0.868493 0 -0.542829 0.839843 0 -0.894427 0.447214 0 -0.909474 0.41576 0 -0.959143 0.282923 0 -0.989944 0.141462 0 -0.933346 0.358979 0 -0.773757 -0.633483 0 -0.629234 -0.777216 0 -0.465746 -0.884918 0 0.503871 0.863779 0 -0.971067 0.238807 0 -0.999102 0.0423682 0 -0.978766 -0.204983 0 -0.965303 -0.261132 0 -0.721006 -0.692929 0 -0.82409 -0.566459 0 -0.90717 -0.420764 0 -0.52127 0.853392 0 -0.592086 0.805875 0 -0.977802 -0.209529 0 -0.907959 -0.419058 0 -0.826427 -0.563044 0 -0.851197 -0.524846 0 -0.798495 -0.602001 0 -0.745733 -0.666244 0 -0.687396 -0.726283 0 -0.911922 -0.410365 0 0.965407 -0.260747 0 -0.342787 -0.939413 0 -0.998053 -0.0623783 0 -0.862804 0.505539 0 -0.862909 0.505359 0 0.690316 0.723508 0 0.635066 0.772458 0 0.576683 0.816968 0 0.945727 0.324962 0 -0.989077 0.147401 0 -0.964253 0.264982 0 -0.92615 0.377154 0 0.995037 0.0995037 0 0.0766965 0.997054 0 0.789352 0.613941 0 0.184289 0.982872 0 0.702164 0.712015 0 0.413803 0.910366 0 0.689655 0.724138 0 -0.707107 -0.707106 0 0.988893 -0.148629 0 0.944803 -0.32764 0 0.871576 -0.490261 0 0.221621 -0.975133 0 0.791255 -0.611486 0 0.957721 0.287698 0 -0.447214 -0.894427 0 0.992167 -0.124917 0 0.938641 -0.344896 0 0.842961 -0.537974 0 0.988275 -0.152682 0 0.980856 -0.194732 0 0.971668 -0.236352 0 -0.99224 -0.124334 0 -0.968589 -0.248668 0 0.726082 -0.687608 0 0.610151 -0.792285 0 0.482587 -0.875848 0 0.675725 -0.737154 0 -0.844474 -0.535597 0 -0.471673 -0.881774 0 -0.637721 -0.770268 0 -0.773423 -0.633891 0 -0.83957 -0.543251 0 -0.938343 -0.345705 0 -0.999919 0.0126967 0 -0.990924 0.134426 0 -0.974391 -0.22486 0 -0.824833 0.565377 0 0 0.707107 0.707106 0 -0.993884 0.110432 0 -0.952713 -0.303873 0 -0.993872 -0.110535 0 -0.98313 -0.182908 0 -0.590413 -0.807102 0 -0.424699 -0.905335 0 -0.249878 -0.968277 0 -0.599532 -0.800351 0 -0.919373 0.393386 0 -0.999218 0.0395528 0 -0.963627 0.267253 0 -0.882353 0.470588 0 -0.999133 0.0416305 0 -0.529067 0.84858 0 -0.606931 0.794755 0 -0.67874 0.734378 0 0.283463 0.958983 0 0.250325 0.968162 0 0.21693 0.976187 0 -0.124926 0.992166 0 -0.117682 0.993051 0 -0.110432 0.993884 0 0.19696 0.980412 0 0.164633 0.986355 0 0.132164 0.991228 0 0.174907 0.984585 0 0.293524 0.955952 0 -0.847998 0.529999 0 0.081387 0.996683 0 0.162774 0.986663 0 0.242536 0.970142 0 0.646297 0.763086 0 0.503966 0.863723 0 -0.0317047 0.999497 0 -0.13058 0.991438 0 -0.22723 0.973841 0 -0.707107 -0.707107 0 0.973378 -0.229208 0 0.98544 -0.170021 0 0.63416 0.773202 0 0.617221 0.78679 0 0.6 0.8 0 0.129218 -0.991616 0 0.212704 -0.977117 0 0.294086 -0.955779 0 0.732794 -0.680451 0 0.946398 0.323003 0 0.915752 0.401744 0 -0.138271 -0.990394 0 0.0813118 -0.996689 0 0.682318 -0.731055 0 0.302556 -0.953131 0 0.361627 -0.932323 0 -0.52145 0.853282 0 0.106533 -0.994309 0 -0.861089 -0.508455 0 -0.87154 -0.490324 0 -0.881606 -0.471987 0 -0.732794 0.680451 0 -0.872738 0.48819 0 -0.388466 -0.921463 0 -0.591784 -0.806096 0 -0.754917 -0.65582 0 -0.371391 0.928477 0 -0.690077 0.723736 0 -0.516922 0.856032 0 -0.998699 -0.0510018 0 -0.995142 0.0984473 0 -0.940796 0.338972 0 -0.988642 0.150292 0 -0.42496 -0.905212 0 -0.560932 -0.827862 0 -0.680451 -0.732794 0 -0.269999 -0.962861 0 -0.0969357 -0.995291 0 -0.613744 0.789505 0 -0.557917 0.829897 0 0.909065 -0.416655 0 -0.327111 -0.944986 0 0.0201502 -0.999797 0 -0.127662 -0.991818 0 -0.286058 -0.958212 0 -0.255572 -0.96679 0 0.428086 -0.903738 0 -0.139057 -0.990284 0 -0.151742 -0.98842 0 -0.164399 -0.986394 0 0.65362 0.756823 0 0.707568 -0.706646 0 0.806309 -0.591494 0 0.924017 -0.382352 0 0.187112 0.982339 0 0.974391 -0.22486 0 0.664364 0.747409 0 0.998638 0.052176 0 0.962049 0.272877 0 -0.152697 0.988273 0 -0.305393 0.952226 0 -0.50843 0.861103 0 -0.545383 0.838187 0 -0.581238 0.813733 0 0.122029 0.992526 0 -0.594081 0.804405 0 -0.718233 0.695803 0 -0.82036 0.571848 0 -0.910366 0.413803 0 0.995037 0.0995037 0 0.0241966 0.999707 0 -0.119367 0.99285 0 -0.257663 0.966235 0 -0.409721 0.912211 0 -0.456039 0.88996 0 0.0766965 0.997054 -0.541444 2.41818e-005 0.840737 -0.580724 2.41148e-005 0.814101 -0.618612 2.35963e-005 0.785696 -0.618609 1.86663e-005 0.785699 -0.97898 3.22259e-005 0.203954 -0.0427855 6.81119e-006 0.999084 -0.0427866 9.63037e-006 0.999084 -2.11167e-007 6.95116e-012 -1 -1.05539e-007 1.37158e-006 -1 8.92066e-011 2.74315e-006 -1 0.76429 -2.72554e-005 0.644872 0.406126 -7.51985e-006 -0.913817 0.406132 -1.05838e-005 -0.913814 0.406138 -1.36477e-005 -0.913812 0.999948 -4.48097e-005 -0.0102399 0.997097 -4.56837e-005 -0.0761412 -3.31111e-005 -1 -1.45892e-006 -3.22805e-005 -1 -1.54227e-006 -3.36627e-005 -1 -9.7781e-007 -3.25709e-005 -1 -8.38596e-007 -2.60414e-005 -1 -2.44163e-006 -3.0849e-005 -1 -1.6404e-006 -3.49283e-005 -1 -3.23546e-007 -3.37134e-005 -1 1.46468e-008 -3.12927e-005 -1 2.99597e-006 -3.23724e-005 -1 9.81324e-007 -3.52285e-005 -1 2.85884e-008 -3.52888e-005 -1 1.42899e-008 0.995837 -1.63279e-005 -0.0911532 0.995838 -2.18484e-005 -0.0911456 0.99846 -2.74654e-005 0.05547 0.99846 -3.15928e-005 0.0554751 0.99846 -3.57202e-005 0.0554802 0.811941 -2.74407e-005 -0.583739 0.811942 -2.89546e-005 -0.583738 0.938134 -3.95515e-005 0.346273 0.799237 -3.15184e-005 0.601015 0.938134 -3.65478e-005 0.346273 0.799238 -2.85016e-005 0.601014 0.529996 -1.22124e-005 -0.848 0.529998 -1.35209e-005 -0.847999 0.529999 -1.48295e-005 -0.847998 0.980581 -3.52375e-005 -0.196116 -3.19103e-005 -1 -1.37088e-006 -2.85858e-005 -1 -3.09063e-006 -3.13781e-005 -1 -2.0167e-006 -3.53797e-005 -1 -9.10393e-007 -3.5965e-005 -1 1.00593e-006 -3.67652e-005 -1 1.24952e-006 -3.67313e-005 -1 1.49419e-006 -3.61328e-005 -1 1.46478e-006 -3.49551e-005 -1 6.04824e-007 -3.98355e-005 -1 -2.48987e-006 -3.60691e-005 -1 -8.73184e-007 0.986394 -3.51758e-005 0.164401 0.986394 -3.247e-005 0.164399 0.534238 -0.000244269 -0.845334 0.534051 -2.05098e-005 -0.845452 -3.4925e-005 -1 1.58234e-006 -3.83986e-005 -1 1.93314e-010 -3.61913e-005 -1 3.45498e-006 -3.35874e-005 -1 -1.12204e-006 -3.35593e-005 -1 -5.07124e-007 -3.41683e-005 -1 -1.62037e-006 -3.34007e-005 -1 1.01398e-006 -3.52974e-005 -1 -2.9413e-006 -3.39636e-005 -1 -1.27618e-006 -3.46542e-005 -1 1.84091e-006 0.959977 -4.22739e-005 -0.280078 0.94834 -4.32075e-005 -0.317256 0.935285 -4.00966e-005 -0.353896 0.935286 -3.20704e-005 -0.353892 0.263117 -8.66126e-006 -0.964764 0.263115 -7.33792e-006 -0.964764 0.263112 -6.01459e-006 -0.964765 0.435666 -1.32063e-005 -0.900108 0.435666 -1.0677e-005 -0.900108 3.05974e-005 1 3.59279e-007 3.03391e-005 1 -8.03094e-007 3.24358e-005 1 -1.19759e-007 3.33754e-005 1 -2.25645e-006 3.4246e-005 1 -1.49505e-006 3.36385e-005 1 -1.18185e-006 3.29478e-005 1 -6.07663e-007 3.28651e-005 1 1.565e-006 3.37179e-005 1 9.01711e-007 3.36698e-005 1 -5.97156e-007 3.31322e-005 1 -1.54099e-006 3.18386e-005 1 -5.56111e-007 3.26434e-005 1 3.8331e-007 3.40509e-005 1 -3.23667e-006 3.67357e-005 1 -9.99084e-006 0.365997 4.04174e-005 -0.930616 0.343754 3.89749e-005 -0.93906 -0.591363 2.33007e-005 -0.806406 -0.591365 2.13836e-005 -0.806404 -0.591367 1.94665e-005 -0.806403 3.4218e-005 1 3.15144e-006 3.50906e-005 1 8.21262e-006 3.44287e-005 1 1.8889e-006 3.54397e-005 1 3.93782e-006 3.52116e-005 1 2.34107e-006 3.48419e-005 1 7.41353e-006 3.26512e-005 1 -1.32137e-006 3.27496e-005 1 -1.7688e-006 3.3638e-005 1 3.38875e-006 3.44052e-005 1 1.10814e-005 0.662244 0 -0.749288 -0.906945 0 -0.421248 -0.822358 0 -0.56897 -0.717279 0 -0.696786 -0.920967 0 0.38964 -0.854887 0 -0.518814 -0.789994 0 -0.613115 -0.561579 0 -0.827423 0.0994014 0 -0.995047 -0.999133 0 -0.0416305 -0.91195 0 -0.410302 -0.922291 0 -0.386496 -0.932005 0 -0.362446 -0.939659 0 0.342113 -0.43281 0 -0.901485 -0.922913 0 -0.385009 -0.9392 0 -0.343371 -0.973889 0 -0.227025 -0.935684 0 -0.35284 -0.882353 0 -0.470588 -0.996246 0 0.0865685 -0.971522 0 0.236948 -0.214813 0 0.976655 -0.0164668 0 0.999864 0.175033 0 0.984563 -0.754763 0 0.655998 -0.582502 0 0.812829 -0.38964 0 0.920967 0.496139 0 0.868243 -0.918286 2.10572e-005 0.395919 -0.918287 2.34742e-005 0.395915 -0.496139 1.29294e-005 0.868243 -0.496138 1.44604e-005 0.868244 0.478852 0 0.877896 0.538352 0 0.84272 0.645664 0 0.763622 -2.6478e-005 -1 5.17238e-007 -6.54879e-006 -1 0 -0.416655 0.909065 0 -0.0905357 0.995893 0 0.178885 0.98387 0 0.228874 0.973456 0 0.416241 0.909254 0 0.447214 0.894427 0 0.316228 0.948683 0 -0.903163 0.429298 0 -0.911543 0.411204 0 -0.919558 0.392954 0 -0.918377 0.395707 0 -0.968557 0.24879 0 -0.677377 0.735636 0 -0.831483 0.55555 0 -0.934488 0.355995 0 0.695295 -0.718724 0 -0.413803 0.910366 0 -0.804006 0.594621 0 -0.697137 0.716938 0 -0.575287 0.817952 0 -0.853282 -0.52145 0 -0.851658 -0.524097 0 -0.821217 -0.570616 0 -0.911812 -0.410609 0 0.0779974 -0.996954 0 0.245073 -0.969505 0 0.400819 -0.916157 0 -0.630593 -0.776114 0 -0.117132 -0.993116 0 -0.0041407 -0.999991 0 0.0525588 -0.998618 0 0.517348 -0.855775 0 -0.991215 -0.132263 0 0.86184 -0.507181 0 0.950311 -0.311301 0 0.993884 -0.110432 0 0.213805 -0.976876 0 0.343073 -0.939309 0 0.464007 -0.885832 0 -0.675725 -0.737154 0 0.812276 -0.583273 0 0.984247 -0.176801 0 0.996085 -0.0884007 0 -0.576683 0.816968 0 0.663683 0.748014 0 0.550217 0.835022 0 0.440648 0.89768 0 0.33033 0.943866 0 -0.845489 0.533993 0 -0.0317181 0.999497 0 -0.015859 0.999874 0 -0.268643 -0.96324 0 -0.37098 -0.928641 0 0.992278 -0.124035 0 0.992923 -0.118756 0 0.950252 -0.311484 0 0.874157 -0.485643 0 0.987666 -0.156577 0 0.969249 -0.246083 0 0.94299 -0.33282 0 0.978701 -0.205293 0 0.972818 -0.231571 0 0.966235 -0.257663 0 0.707107 -0.707107 0 0.354654 -0.934997 0 0.257456 -0.96629 0 0.158613 -0.987341 0 0.894427 -0.447214 0 -0.5547 -0.83205 0 0.233373 -0.972387 0 0.723465 -0.690361 0 0.829863 -0.557967 0 0.478852 -0.877896 0 0.613395 0.789776 0 0.713876 0.700272 0 0.994268 -0.106913 0 0.999997 0.00241719 0 0.912979 0.408007 0 0.956353 0.292215 0 0.988722 -0.149765 0 0.927208 -0.374546 0 0.496139 0.868243 0 -0.0251243 0.999684 0 0.812789 0.582559 0 0.671442 0.741057 0 -0.0875743 0.996158 0 -0.218651 0.975803 0 -0.403071 0.915168 0 0.508939 0.860803 0 0.291186 0.956667 0 0.0695983 0.997575 0 0.21693 0.976187 0 -0.946719 0.322061 0 -0.959265 0.282507 0 -0.970142 0.242536 0 -0.0787025 0.996898 0 -0.393919 0.919145 0 -0.927121 -0.374763 0 -0.905973 -0.423335 0 -0.99885 -0.0479453 0 -0.999769 0.0215131 0 -0.995893 0.0905357 0 -0.911881 0.410454 0 -0.90993 0.414761 0 -0.9661 -0.258169 0 -0.996428 -0.0844427 0 -0.996241 0.0866296 0 -0.948683 -0.316228 0 -0.997639 0.0686805 0 -0.99941 0.0343402 0 -0.354666 -0.934993 0 -0.494833 -0.868988 0 -0.620286 -0.784376 0 0.928477 -0.371391 0 -0.999385 0.0350545 0 -0.997335 -0.0729532 0 -0.98387 -0.178885 0 -0.428779 -0.903409 0 -0.530949 -0.847404 0 -0.0428178 0.999083 0 0.540758 0.841178 0 0.110432 0.993884 0 0.287348 0.957826 0 -0.141421 0.989949 0 -0.220337 0.975424 0 -0.184439 0.982844 0 0.84164 0.540039 0 0.778476 0.627675 0 0.731055 0.682318 0 -0.725953 0.687745 0 0.888218 -0.459423 0 0.989461 0.144799 0 0.889586 0.456767 0 0.962085 0.272751 0 0.997566 0.0697271 0 0.675725 0.737154 0 0.973615 -0.228198 0 0.911471 -0.411364 0 0.931525 -0.363676 0 0.876832 -0.480797 0 0.755689 -0.654931 0 0.779556 -0.626333 0 0.802372 -0.596825 0 0.970142 -0.242536 0 0.991093 -0.133174 0 0.999785 -0.0207469 0 -0.731055 -0.682318 0 0.759257 -0.650791 0 0.781157 -0.624334 0 0.80216 -0.597109 0 0.687217 -0.726452 0 0.701497 -0.712673 0 -0.306009 -0.952029 0 -0.970142 -0.242536 0 -0.33035 -0.943858 0 -0.46631 -0.884621 0 -0.594753 -0.803909 0 0.707106 0.707108 0 0.00231064 -0.999997 0 -0.811579 0.584243 0 -0.870903 0.491456 0 -0.620115 0.784511 0 -0.692063 0.721837 0 -0.758286 0.651922 0 -0.936329 -0.351123 0 -0.847254 -0.531188 0 -0.7179 -0.696147 0 -0.727013 0.686624 0 0 -0.527268 -0.849699 0 -0.514496 -0.857493 0 -0.446741 -0.894663 0 -0.375886 -0.926666 0 -0.447214 0.894427 0 -0.730601 0.682805 0 -0.641836 0.766842 0 -0.948683 -0.316228 0 -0.894026 -0.448015 0 -0.819443 -0.573161 0 -0.585491 0.810679 0 -0.540971 0.841041 0 -0.494745 0.869038 0 -0.995804 -0.0915164 0 -0.990794 -0.135375 0 -0.347477 -0.937688 0 -0.381224 -0.924483 0 -0.414513 -0.910043 0 0.707107 -0.707106 0 -0.952926 0.303204 0 -0.874157 0.485643 0 -0.302774 0.953062 0 -0.217977 0.975954 0 0.324745 0.945801 0 0.277177 0.960819 0 -0.841178 -0.540758 0 0.405633 0.914036 0 -0.734803 0.67828 0 0.999445 0.0333148 0 0.968584 0.248688 0 0.886692 0.46236 0 0.0720335 0.997402 0 0.0692765 0.997598 0 0.880471 -0.4741 0 0.910399 -0.413732 0 0.936302 -0.351197 0 0.995495 -0.0948091 0 0.924678 0.38075 0 0.971304 0.237843 0 0.970919 0.239408 0 0.970532 0.240972 0 -0.707106 0.707107 0 -0.334153 -0.942519 0 -0.337951 -0.941164 0 -0.5547 -0.83205 0 -0.720588 -0.693364 0 -0.858531 -0.512761 0 0.758994 -0.651098 0 0.612454 -0.790506 0 0.432788 -0.901496 0 -0.903835 0.427882 0 0.110432 -0.993884 0 0.05547 -0.99846 0 -0.658505 -0.752577 0 -0.72959 -0.683885 0 -0.794144 -0.60773 0 -0.624695 0.780869 0 -0.154377 -0.988012 0 -0.161523 -0.986869 0 -0.168662 -0.985674 0 -0.413803 -0.910366 0 -0.68217 -0.731194 0 -0.971448 -0.237252 0 -0.976232 -0.216728 0 -0.747664 0.664077 0 -0.788664 0.614824 0 -0.826574 0.562828 0 -0.813733 -0.581238 0 0.786318 -0.617822 0 -0.789352 -0.613941 0 -0.68595 -0.727649 0 -0.563209 -0.826315 0 -0.686624 -0.727013 0 0.640004 -0.768372 0 0.433163 -0.901316 0 0.300439 -0.953801 0 0.33035 -0.943858 0 -0.430814 -0.902441 0 -0.374126 -0.927378 0 -0.0434372 -0.999056 0 -0.707106 0.707107 0 0.881513 0.47216 0 0.701332 0.712835 0 0.668372 0.743827 0 0.938343 0.345705 0 0.22486 -0.974391 0 0.560118 -0.828413 0 0.515801 -0.856708 0 0.46993 -0.882703 0 0.873913 0.486082 0 0.941482 -0.337063 0 0.981981 -0.188981 0 0.587426 -0.809278 0 -0.972842 0.231471 0 0.976187 0.21693 0 -0.290362 0.956917 0 -0.382729 0.923861 0 -0.329558 0.944135 0 -0.394717 0.918803 0 0.752295 0.658827 0 0.575844 0.81756 0 -0.131199 0.991356 0 0.018426 0.99983 0 0.514496 0.857493 0 0.728143 0.685425 0 0.748533 0.663097 0.347314 -7.57424e-006 0.937749 0.347313 -8.86042e-006 0.937749 0.984784 -3.28937e-005 0.173785 0.984784 -3.42444e-005 0.173784 0.984784 -3.55951e-005 0.173784 0.952925 -2.63778e-005 0.303206 0.952926 -3.26753e-005 0.303203 -3.1652e-005 -1 5.07325e-007 -3.10321e-005 -1 7.5875e-007 -3.23822e-005 -1 1.65014e-007 -3.29884e-005 -1 4.02601e-007 -3.276e-005 -1 1.77415e-007 -3.25915e-005 -1 1.81553e-007 -3.30374e-005 -1 -2.23976e-006 -3.2357e-005 -1 -1.63494e-006 -3.26604e-005 -1 -6.27307e-008 -3.30337e-005 -1 -2.21036e-007 -3.42977e-005 -1 1.84194e-007 -3.28128e-005 -1 1.55039e-006 -3.24142e-005 -1 2.17284e-006 -3.27434e-005 -1 -1.26313e-006 0.680451 -2.81423e-005 0.732794 0.680453 -2.6204e-005 0.732792 0.680454 -2.42657e-005 0.73279 0.849076 -1.77929e-005 0.528271 0.803311 -1.89505e-005 0.59556 0.752579 -1.97412e-005 0.658502 0.752581 -2.65797e-005 0.658499 -0.67857 2.23371e-005 -0.734536 -0.67857 2.03989e-005 -0.734536 -0.67857 1.84607e-005 -0.734536 0.996898 -3.27618e-005 0.0787025 0.996347 -3.5765e-005 0.0854011 0.996822 -2.12182e-005 -0.0796552 0.996347 -2.61405e-005 0.0853951 0.996822 -1.62974e-005 -0.0796582 0.996546 -3.55378e-005 -0.083048 0.996546 -3.28041e-005 -0.0830467 0.996546 -3.00705e-005 -0.0830455 3.40173e-005 1 -2.72473e-007 3.37874e-005 1 -5.44947e-007 3.39171e-005 1 -6.50209e-008 3.39615e-005 1 -4.92624e-007 3.44862e-005 1 1.9159e-006 3.26318e-005 1 -2.75738e-007 3.51442e-005 1 -1.69782e-006 3.52277e-005 1 -3.92509e-007 3.77069e-005 1 -1.52951e-006 3.38874e-005 1 1.48104e-008 3.75601e-005 1 2.34751e-006 3.26825e-005 1 2.41271e-007 3.02139e-005 1 5.22346e-008 0.267645 -1.21876e-005 0.963517 0.267645 -1.35091e-005 0.963518 0.267644 -1.48306e-005 0.963518 0.998274 -3.55189e-005 0.0587238 0.998274 -3.68881e-005 0.0587229 0.999112 -3.75056e-005 -0.042128 0.989638 -3.52903e-005 -0.143585 -1 3.5661e-005 0 0.563337 -2.23556e-005 0.826227 0.563338 -2.04497e-005 0.826227 0.563338 -1.85439e-005 0.826226 -0.178891 4.90889e-007 -0.983869 -0.178888 3.18971e-006 -0.983869 -0.326446 9.38058e-006 -0.945216 -0.326445 1.07459e-005 -0.945216 -0.678571 2.62135e-005 0.734535 -0.678571 2.42753e-005 0.734535 -0.67857 2.23371e-005 0.734535 0.510512 -2.37522e-005 -0.859871 0.510514 -1.91638e-005 -0.85987 -0.852322 2.80566e-005 -0.523017 -0.852322 2.68876e-005 -0.523017 -0.852323 2.57186e-005 -0.523016 -0.685337 2.0621e-005 -0.728226 -0.685337 1.86822e-005 -0.728226 0.077851 -2.56269e-006 -0.996965 0.282255 -9.29123e-006 -0.959339 0.483057 -1.45518e-005 -0.875589 0.590572 -2.15528e-005 -0.806985 0.590572 -2.14515e-005 -0.806985 -0.792625 3.21962e-005 -0.60971 -0.792625 3.27398e-005 -0.609709 -0.792626 3.32834e-005 -0.609708 -0.260764 1.65285e-005 -0.965402 -0.260767 1.21986e-005 -0.965402 -0.260769 7.86863e-006 -0.965401 0.67857 0 0.734535 0.851658 0 -0.524097 0.0302891 0 -0.999541 -0.693769 0 -0.720198 -0.775388 0 -0.631485 -0.153707 0 -0.988116 -0.784046 0 0.620703 -0.609711 0 -0.792624 -0.43476 0 -0.900546 -0.23226 0 -0.972654 -0.447214 0 0.894427 -0.56921 0 0.822192 -0.907959 0 0.419058 -0.992804 0 0.119754 -0.999955 0 0.00952149 -0.998969 0 0.0454077 -0.999955 0 0.00949127 -0.999649 0 -0.0264838 -0.731055 0 0.682318 -0.631704 0 0.775209 -0.51844 0 0.855114 0.67857 0 -0.734536 1.43614e-007 -2.35124e-012 -1 1.43659e-007 1.37157e-006 -1 7.18293e-008 6.85787e-007 -1 8.98218e-011 2.74315e-006 -1 0.768221 -2.65175e-005 0.640184 -0.658511 2.37412e-005 0.752572 -0.658508 1.99832e-005 0.752574 -0.775064 2.23726e-005 0.631883 -0.872252 2.3882e-005 0.489057 -3.28267e-005 -1 4.85099e-007 -3.23861e-005 -1 -1.55712e-006 -3.2964e-005 -1 3.20965e-007 -3.21628e-005 -1 -9.57579e-007 -3.29316e-005 -1 1.63641e-007 -3.29731e-005 -1 2.80605e-006 -3.2893e-005 -1 7.23031e-007 -3.31671e-005 -1 2.25026e-007 -3.22935e-005 -1 -1.37147e-007 -3.2494e-005 -1 2.3271e-007 -0.0905357 0 0.995893 0.771191 0.636604 0 0.981353 0.192213 0 0.923156 0.384426 0 0.999315 0.0370117 0 0.989888 0.141853 0 0.99352 0.113661 0 0.0431437 0.999069 0 0.0415559 0.999136 0 0.268799 0.963196 0 -0.795637 0.605774 0 -0.825854 0.563884 0 -0.988273 0.152697 0 -0.952226 0.305393 0 -0.988936 -0.14834 0 -0.815608 0.578605 0 -0.667817 0.744326 0 -0.371391 -0.928477 0 -0.185892 0.98257 0 -0.847998 -0.529999 0 -0.870471 -0.492219 0 -0.891301 -0.453412 0 -0.989203 0.146549 0 -0.987814 0.155641 0 -0.98634 0.16472 0 0.257663 -0.966235 0 0.0852146 -0.996363 0 -0.0955167 -0.995428 0 -0.196116 -0.980581 0 -0.38094 -0.9246 0 -0.558006 -0.829837 0 -0.970635 -0.240557 0 -0.376179 -0.926547 0 -0.302401 -0.953181 0 0.124035 -0.992278 0 -0.995893 -0.0905357 0 0.476497 -0.879176 0 0.57147 -0.820623 0 0.660399 -0.750915 0 -0.707106 0.707107 0 0.590842 -0.806787 0 0.45738 -0.889271 0 -0.242536 -0.970142 0 -0.12219 -0.992507 0 0.00187289 -0.999998 0 0.817283 -0.576237 0 0.905799 -0.423707 0 0.502908 0.86434 0 0.475285 0.879832 0 0.993358 0.115064 0 -0.146549 0.989203 0 0.650791 0.759257 0 0.674149 0.738595 0 0.696873 0.717194 0 -0.377179 0.92614 0 -0.270757 0.962648 0 -0.159468 0.987203 0 0.328337 0.944561 0 0.465037 0.885291 0 0.594194 0.804321 0 -0.0802163 -0.996777 0 -0.0498991 -0.998754 0 0.502136 0.864789 0 0.677057 0.735931 0 0.989738 0.142898 0 0.999793 -0.0203556 0 0.851703 0.524024 0 0.936446 0.350811 0 0.961524 -0.274721 0 0.429934 -0.902861 0 0.980581 0.196116 0 0.999618 -0.0276454 0 0.979888 0.199546 0 0.92716 0.374665 0 0.825371 0.564591 0 0.677219 0.735781 0 0.390571 -0.920573 0 0.868243 0.496139 0 0.963518 0.267644 0 0.999056 -0.0434372 0 0.999986 -0.00521676 0 0.999453 0.0330673 0 0.904315 0.426865 0 0.938235 0.345999 0 0.999941 0.0109069 0 0.972806 0.231621 0 0.911561 0.411164 0 0.81327 0.581886 0 -0.647173 0.762343 0 -0.763155 0.646215 0 -0.860959 0.508675 0 -0.0657122 0.997839 0 -0.980261 -0.197709 0 -0.918501 -0.395419 0 -0.996347 -0.0854011 0 -0.995448 0.0953037 0 -0.960308 0.278944 0 -0.596115 0.802899 0 -0.968005 -0.250932 0 -0.982896 -0.184159 0 -0.0830455 -0.996546 0 -0.947742 -0.319039 0 -0.929168 -0.369657 0 -0.658133 0.752902 0 -0.874157 -0.485643 0 -0.107482 -0.994207 0 -0.141666 -0.989915 0 -0.175722 -0.98444 0 0.5547 -0.83205 0 0.484061 -0.875034 0 0.40959 -0.91227 0 -0.707107 -0.707107 0 0.311317 -0.950306 0 0.104912 -0.994482 0 -0.116383 -0.993204 0 -0.846201 0.532863 0 -0.862698 0.505719 0 0.741536 0.670913 0 -0.999568 0.0293991 0 0.635707 0.77193 0 -0.14834 0.988936 0 0.476649 0.879094 0 0.419058 -0.907959 0 0.991778 -0.127971 0 0.999568 0.0293991 0 0.819232 -0.573462 0 0.808736 -0.588172 0 0.824042 -0.566529 0 -0.707106 0.707107 0 -0.940537 -0.339691 0 0.715494 -0.698618 0 -0.872506 -0.488603 0 -0.294086 -0.955779 0 -0.994211 -0.107444 0 -0.919145 0.393919 0 -0.816968 0.576683 0 -0.56427 -0.82559 0 -0.364399 -0.931243 0 0 -0.303204 -0.952926 0 -0.877896 -0.478852 0 -0.544988 0.838444 0 -0.447214 -0.894427 0 0.316228 0.948683 0 0.05547 0.99846 0 -0.917789 -0.397069 0 0.650791 0.759257 0 0.0454077 -0.998969 0 0.0475652 0.998868 0 0.938343 -0.345705 0 -0.857493 -0.514496 0 -0.824948 0.565208 0 0.879292 -0.476283 0 -0.282166 -0.959365 0 -0.666414 0.745582 0 0.876553 -0.481305 0 0.196116 -0.980581 0 -0.965498 -0.260412 0 -0.617822 -0.786318 0 0.894427 0.447214 0 -0.126352 -0.991985 0 0.928477 -0.371391 0 0.595283 -0.803516 0 0.634115 0.773239 0 0.998053 0.0623783 0 0.422885 -0.906183 0 0.999201 -0.039968 0 0.987007 -0.160676 0 0.707108 -0.707106 0 -0.0454077 0.998969 0 0.378633 0.925547 0 -0.362446 0.932005 0 0.768221 0.640184 -0.501034 1.88669e-005 0.865428 -0.501035 2.19282e-005 0.865427 0.0766988 -5.25983e-006 0.997054 0.0766977 -3.89226e-006 0.997054 0.0766965 -2.52468e-006 0.997054 0.184294 -6.31933e-006 0.982871 0.184291 -2.1486e-006 0.982872 3.23822e-005 1 -1.65042e-007 3.1032e-005 1 -7.58839e-007 3.1652e-005 1 -5.07375e-007 3.29884e-005 1 -4.02607e-007 3.276e-005 1 -1.7742e-007 3.23569e-005 1 1.63498e-006 3.30374e-005 1 2.23982e-006 3.25915e-005 1 -1.81582e-007 3.26604e-005 1 6.27557e-008 3.28127e-005 1 -1.55057e-006 3.42977e-005 1 -1.84433e-007 3.30337e-005 1 2.21014e-007 3.24142e-005 1 -2.173e-006 3.27434e-005 1 1.26328e-006 0.996704 -3.55434e-005 -0.0811271 0.888974 -2.00629e-005 0.457958 0.888975 -2.31297e-005 0.457957 0.998463 -4.0932e-005 0.0554173 0.998464 -2.99763e-005 0.0554079 -0.352052 1.22307e-005 0.935981 -0.352051 1.19097e-005 0.935981 -0.352051 1.15888e-005 0.935981 0.514494 -1.55247e-005 -0.857494 0.514495 -1.4231e-005 -0.857493 0.514496 -1.29373e-005 -0.857493 -1 3.29178e-005 2.31353e-007 -1 3.42894e-005 1.15676e-007 0.998052 -3.57627e-005 0.0623821 0.998052 -3.85005e-005 0.0623802 0.970142 -3.32656e-005 -0.242537 0.970142 -2.89411e-005 -0.242536 0.22542 -9.37497e-006 -0.974262 0.225419 -8.70681e-006 -0.974262 0.225419 -8.03865e-006 -0.974262 0.953514 -3.13876e-005 -0.301348 0.953514 -3.31088e-005 -0.301348 0.953514 -3.48299e-005 -0.301349 -0.466409 1.53532e-005 -0.884569 -1 3.29178e-005 5.03438e-006 -1 3.5661e-005 2.51719e-006 -1 3.84041e-005 0 -1.98508e-007 2.74316e-006 1 -9.92541e-008 1.37158e-006 1 0.970145 -2.92738e-005 -0.242524 0.970144 -3.92535e-005 -0.24253 -0.853797 2.81052e-005 -0.520606 -0.853797 2.622e-005 -0.520607 -3.24359e-005 -1 1.19789e-007 -3.03395e-005 -1 8.02824e-007 -3.05977e-005 -1 -3.59233e-007 -3.33755e-005 -1 2.25663e-006 -3.29478e-005 -1 6.07634e-007 -3.36385e-005 -1 1.18185e-006 -3.42459e-005 -1 1.495e-006 -3.37179e-005 -1 -9.01692e-007 -3.28651e-005 -1 -1.565e-006 -3.36698e-005 -1 5.97127e-007 -3.31321e-005 -1 1.54092e-006 -3.18386e-005 -1 5.56083e-007 -3.26434e-005 -1 -3.83334e-007 -3.4051e-005 -1 3.2369e-006 -3.67359e-005 -1 9.99149e-006 0.387989 -6.25126e-006 -0.921664 0.388023 2.8144e-005 -0.92165 -0.986394 3.247e-005 -0.164399 -0.986394 3.1117e-005 -0.164398 -0.986394 2.97641e-005 -0.164397 -3.44286e-005 -1 -1.8892e-006 -3.50902e-005 -1 -8.21226e-006 -3.42176e-005 -1 -3.15238e-006 -3.52117e-005 -1 -2.34094e-006 -3.54398e-005 -1 -3.93764e-006 -3.4842e-005 -1 -7.4139e-006 -3.36379e-005 -1 -3.38944e-006 -3.27495e-005 -1 1.76881e-006 -3.26512e-005 -1 1.32139e-006 -3.44053e-005 -1 -1.10821e-005 -0.0808159 0 -0.996729 -0.963993 0 -0.265929 -0.844819 0 -0.535052 -0.907959 0 -0.419058 -0.933346 0 -0.358979 -0.703754 0 0.710444 -0.0284725 0 -0.999595 -0.901002 0 -0.433816 -0.948683 0 -0.316228 -0.904819 0 -0.425797 -0.880471 0 0.4741 -0.199209 0 0.979957 -0.982872 3.11745e-005 0.184289 -0.982873 2.84783e-005 0.184287 -0.941742 2.66868e-005 0.336337 -0.941742 2.814e-005 0.336336 3.29639e-005 1 -3.21223e-007 3.2386e-005 1 1.55702e-006 3.28266e-005 1 -4.85416e-007 3.21627e-005 1 9.57899e-007 3.28929e-005 1 -7.2305e-007 3.2973e-005 1 -2.80621e-006 3.29316e-005 1 -1.63856e-007 3.31671e-005 1 -2.25264e-007 3.22933e-005 1 1.37292e-007 3.24939e-005 1 -2.32636e-007 0.986394 0 0.164399 0.423577 0 0.90586 0.658505 0.752577 0 0.996347 0.0854011 0 -0.888218 0.459423 0 -0.853796 0.520607 0 -0.847998 0.529999 0 -0.95448 0.298275 0 -0.887755 0.460317 0 -0.910366 -0.413803 0 -0.984784 0.173785 0 -0.267644 -0.963518 0 -0.0866296 -0.996241 0 0.0328928 -0.999459 0 0.936329 -0.351123 0 0.0830455 -0.996546 0 0.316228 -0.948683 0 0.761732 0.647892 0 0.543251 0.83957 0 -0.210866 0.977515 0 0.718897 0.695116 0 -0.164399 -0.986394 0 -0.0195639 -0.999809 0 0.997459 0.071247 0 0.997785 -0.066519 0 0.985212 0.171341 0 0.447214 -0.894427 0 0.503871 -0.863779 0 0.6 -0.8 0 0.913812 0.406138 0 0.9769 -0.213697 0 0.856606 0.515971 0 0.70979 -0.704414 0 0.964764 0.263117 0 0.81396 0.580921 0 0.588172 0.808736 0 -0.0330091 0.999455 0 0.902134 0.431455 0 -0.822192 -0.56921 0 -0.997054 0.0766965 0 -0.945618 -0.32528 0 -0.913812 0.406138 0 -0.773957 0.633238 0 -0.994692 0.102899 0 0.33282 -0.94299 0 -0.989949 0.141421 0</float_array>
                    <technique_common>
                        <accessor count="1655" source="#Geometry-mesh033-normals-array" stride="3">
                            <param name="X" type="float" />
                            <param name="Y" type="float" />
                            <param name="Z" type="float" />
                        </accessor>
                    </technique_common>
                </source>
                <source id="Geometry-mesh033-uvSet1" name="uvSet1">
                    <float_array id="Geometry-mesh033-uvSet1-array" count="5452">0.780562 0.977783 0.780562 0.969012 0.777959 0.977783 0.777959 0.969012 0.78407 0.977783 0.78407 0.969012 0.785335 0.977783 0.785335 0.969012 0.78648 0.977783 0.78648 0.969012 0.786284 0.977783 0.786284 0.969012 0.603177 0.0896545 0.606808 0.0946781 0.611216 0.078491 0.599806 0.0600711 0.61744 0.0556057 0.625998 0.0383022 0.64415 0.0366277 0.65193 0.0100357 0.590989 0.0466749 0.571281 0.0215569 0.576726 0.0327204 0.586062 0.0349531 0.569441 0.0100356 0.736142 0.977783 0.736142 0.969012 0.735487 0.977783 0.735487 0.969012 0.749482 0.977783 0.749482 0.969012 0.746297 0.977783 0.746297 0.969012 0.761778 0.977783 0.761778 0.969012 0.756908 0.977783 0.756908 0.969012 0.768909 0.977783 0.768909 0.969012 0.767456 0.977783 0.767456 0.969012 0.712816 0.977783 0.712816 0.969012 0.713103 0.977783 0.713103 0.969012 0.720938 0.977783 0.720938 0.969012 0.717237 0.977783 0.717237 0.969012 0.729627 0.977783 0.729627 0.969012 0.726669 0.977783 0.726669 0.969012 0.879357 0.0572802 0.886617 0.0740255 0.900621 0.043884 0.826973 0.0327205 0.837346 0.047233 0.846682 0.0260223 0.816286 0.0100357 0.904252 0.0539312 0.917468 0.0100357 0.865353 0.0405349 0.848756 0.0338368 0.691737 0.977783 0.691737 0.969012 0.688467 0.977783 0.688467 0.969012 0.701027 0.977783 0.701027 0.969012 0.698871 0.977783 0.698871 0.969012 0.708384 0.977783 0.708384 0.969012 0.710196 0.977783 0.710196 0.969012 0.638198 0.977783 0.638198 0.969012 0.635513 0.977783 0.635513 0.969012 0.647235 0.977783 0.647235 0.969012 0.645715 0.977783 0.645715 0.969012 0.657325 0.977783 0.657325 0.969012 0.652543 0.977783 0.652543 0.969012 0.985679 0.609875 0.974269 0.615457 0.977381 0.631086 0.989828 0.655646 0.990347 0.693602 0.985679 0.711464 0.996373 0.751337 0.996373 0.500041 0.986198 0.528382 0.989828 0.573036 0.98931 0.598712 0.620473 0.977783 0.620473 0.969012 0.619204 0.977783 0.619204 0.969012 0.625577 0.977783 0.625577 0.969012 0.624984 0.977783 0.624984 0.969012 0.974269 0.905709 0.962859 0.893429 0.959747 0.905709 0.957154 0.928036 0.996373 0.877784 0.986717 0.871102 0.979974 0.887848 0.996373 0.890289 0.948855 0.952596 0.953145 0.983334 0.583317 0.977783 0.583317 0.969012 0.579952 0.977783 0.579952 0.969012 0.588055 0.977783 0.588055 0.969012 0.590014 0.977783 0.590014 0.969012 0.592666 0.977783 0.592666 0.969012 0.589066 0.977783 0.589066 0.969012 0.601102 0.977783 0.601102 0.969012 0.609936 0.977783 0.609936 0.969012 0.610547 0.977783 0.610547 0.969012 0.608836 0.977783 0.608836 0.969012 0.880257 0.992537 0.932823 0.992537 0.924998 0.945898 0.919293 0.945898 0.907882 0.942549 0.901659 0.958178 0.896991 0.97269 0.916368 0.977783 0.916368 0.969012 0.911697 0.977783 0.911697 0.969012 0.573854 0.977783 0.573854 0.969012 0.571598 0.977783 0.571598 0.969012 0.862739 0.977783 0.862739 0.969012 0.872084 0.977783 0.872084 0.969012 0.87049 0.977783 0.87049 0.969012 0.871846 0.977783 0.871846 0.969012 0.877487 0.977783 0.877487 0.969012 0.875383 0.977783 0.875383 0.969012 0.528233 0.874451 0.538606 0.882266 0.539125 0.911291 0.534975 0.830913 0.536013 0.839844 0.520972 0.845426 0.528233 0.826448 0.506129 0.768398 0.506129 0.890289 0.536013 0.936967 0.522009 0.861055 0.537006 0.95675 0.853054 0.977783 0.853054 0.969012 0.853213 0.977783 0.853213 0.969012 0.8574 0.977783 0.8574 0.969012 0.856187 0.977783 0.856187 0.969012 0.511636 0.660111 0.519416 0.653413 0.522528 0.667926 0.520972 0.67574 0.516304 0.686904 0.506129 0.660139 0.506129 0.758556 0.515267 0.7003 0.518379 0.729325 0.512155 0.748303 0.831644 0.977783 0.831644 0.969012 0.831268 0.977783 0.831268 0.969012 0.839554 0.977783 0.839554 0.969012 0.838102 0.977783 0.838102 0.969012 0.515785 0.516102 0.524602 0.496007 0.512674 0.48596 0.512155 0.456935 0.518379 0.454702 0.516823 0.445771 0.506129 0.430039 0.506129 0.553307 0.513711 0.529498 0.800182 0.968906 0.800182 0.977889 0.802478 0.968906 0.802478 0.977889 0.792336 0.968906 0.792336 0.977889 0.794696 0.968906 0.794696 0.977889 0.781629 0.968906 0.781629 0.977889 0.783943 0.968906 0.783943 0.977889 0.773587 0.968906 0.773587 0.977889 0.774907 0.968906 0.774907 0.977889 0.765805 0.968906 0.765805 0.977889 0.766781 0.968906 0.766781 0.977889 0.533419 0.899011 0.529789 0.874451 0.520453 0.876684 0.662044 0.952596 0.657895 0.917989 0.651152 0.922454 0.637667 0.943665 0.630925 0.965992 0.678641 0.988319 0.676566 0.973807 0.670342 0.969341 0.511636 0.858822 0.506129 0.839719 0.553632 0.992537 0.608623 0.957061 0.596694 0.953712 0.595657 0.958178 0.567131 0.924687 0.554165 0.92692 0.680108 0.992537 0.539643 0.921338 0.755581 0.968906 0.755581 0.977889 0.758286 0.968906 0.758286 0.977889 0.742638 0.968906 0.742638 0.977889 0.749223 0.968906 0.749223 0.977889 0.762589 0.968906 0.762589 0.977889 0.738574 0.968906 0.738574 0.977889 0.712361 0.968906 0.712361 0.977889 0.708384 0.968906 0.708384 0.977889 0.70352 0.968906 0.70352 0.977889 0.705973 0.968906 0.705973 0.977889 0.696881 0.968906 0.696881 0.977889 0.699597 0.968906 0.699597 0.977889 0.691116 0.968906 0.691116 0.977889 0.692187 0.968906 0.692187 0.977889 0.685854 0.968906 0.685854 0.977889 0.686501 0.968906 0.686501 0.977889 0.677732 0.968906 0.677732 0.977889 0.67832 0.968906 0.67832 0.977889 0.671475 0.968906 0.671475 0.977889 0.670109 0.968906 0.670109 0.977889 0.966489 0.615457 0.965452 0.575268 0.972713 0.585316 0.981011 0.600945 0.974788 0.655646 0.98931 0.589781 0.996373 0.596358 0.979455 0.664577 0.996373 0.767209 0.987754 0.750536 0.984642 0.7003 0.982567 0.681322 0.643221 0.968906 0.643221 0.977889 0.644915 0.968906 0.644915 0.977889 0.634158 0.968906 0.634158 0.977889 0.637469 0.968906 0.637469 0.977889 0.626684 0.968906 0.626684 0.977889 0.625799 0.968906 0.625799 0.977889 0.619388 0.968906 0.619388 0.977889 0.619886 0.968906 0.619886 0.977889 0.605969 0.968906 0.605969 0.977889 0.608455 0.968906 0.608455 0.977889 0.600924 0.968906 0.600924 0.977889 0.599216 0.968906 0.599216 0.977889 0.583745 0.968906 0.583745 0.977889 0.588355 0.968906 0.588355 0.977889 0.580163 0.968906 0.580163 0.977889 0.582586 0.968906 0.582586 0.977889 0.571536 0.968906 0.571536 0.977889 0.576824 0.968906 0.576824 0.977889 0.916935 0.968906 0.916935 0.977889 0.919409 0.968906 0.919409 0.977889 0.934861 0.968906 0.934861 0.977889 0.908079 0.968906 0.908079 0.977889 0.876651 0.968906 0.876651 0.977889 0.879463 0.968906 0.879463 0.977889 0.868693 0.968906 0.868693 0.977889 0.871829 0.968906 0.871829 0.977889 0.859907 0.968906 0.859907 0.977889 0.863206 0.968906 0.863206 0.977889 0.872084 0.968906 0.872084 0.977889 0.851172 0.968906 0.851172 0.977889 0.817724 0.968906 0.817724 0.977889 0.81686 0.968906 0.81686 0.977889 0.812401 0.968906 0.812401 0.977889 0.817802 0.968906 0.817802 0.977889 0.807282 0.968906 0.807282 0.977889 0.808316 0.968906 0.808316 0.977889 0.706701 0.977801 0.706701 0.968994 0.708384 0.977801 0.708384 0.968994 0.712335 0.977801 0.712335 0.968994 0.708831 0.977801 0.708831 0.968994 0.721479 0.977801 0.721479 0.968994 0.717992 0.977801 0.717992 0.968994 0.595657 0.948131 0.58321 0.925804 0.575948 0.943665 0.565057 0.958178 0.547219 0.978733 0.622108 0.962643 0.615884 0.945898 0.602918 0.962643 0.646513 0.992537 0.635593 0.979389 0.727729 0.977801 0.727729 0.968994 0.726053 0.977801 0.726053 0.968994 0.733242 0.977801 0.733242 0.968994 0.731905 0.977801 0.731905 0.968994 0.687976 0.944782 0.690569 0.932502 0.693163 0.952596 0.670861 0.934734 0.673454 0.899011 0.679678 0.900127 0.681752 0.911291 0.668268 0.965992 0.706984 0.992537 0.654072 0.992537 0.697312 0.978272 0.764231 0.977801 0.764231 0.968994 0.760454 0.977801 0.760454 0.968994 0.778817 0.977801 0.778817 0.968994 0.771178 0.977801 0.771178 0.968994 0.795273 0.992537 0.800004 0.981621 0.815563 0.978272 0.828011 0.98497 0.881431 0.965992 0.909438 0.96376 0.920848 0.978272 0.92831 0.992537 0.846163 0.97604 0.838384 0.980505 0.789374 0.977801 0.789374 0.968994 0.787081 0.977801 0.787081 0.968994 0.794538 0.977801 0.794538 0.968994 0.794387 0.977801 0.794387 0.968994 0.801431 0.977801 0.801431 0.968994 0.798054 0.977801 0.798054 0.968994 0.808235 0.977801 0.808235 0.968994 0.810389 0.977801 0.810389 0.968994 0.94887 0.992537 0.939618 0.992537 0.945744 0.968225 0.954561 0.950363 0.942113 0.935851 0.956635 0.913524 0.963896 0.925804 0.972194 0.752769 0.976862 0.744954 0.978418 0.77063 0.961821 0.799656 0.986198 0.799656 0.962859 0.829797 0.996373 0.824159 0.965971 0.878917 0.973232 0.891197 0.970639 0.910175 0.817178 0.977801 0.817178 0.968994 0.815208 0.977801 0.815208 0.968994 0.82358 0.977801 0.82358 0.968994 0.821836 0.977801 0.821836 0.968994 0.996373 0.724496 0.987235 0.713696 0.987235 0.703649 0.97375 0.670159 0.972194 0.653413 0.981011 0.633319 0.986198 0.682438 0.984642 0.618806 0.996373 0.58568 0.846352 0.977801 0.846352 0.968994 0.844199 0.977801 0.844199 0.968994 0.853522 0.977801 0.853522 0.968994 0.852101 0.977801 0.852101 0.968994 0.860164 0.977801 0.860164 0.968994 0.858424 0.977801 0.858424 0.968994 0.867987 0.977801 0.867987 0.968994 0.86377 0.977801 0.86377 0.968994 0.872705 0.977801 0.872705 0.968994 0.872175 0.977801 0.872175 0.968994 0.986716 0.154403 0.980493 0.161101 0.981011 0.135425 0.979455 0.113098 0.981409 0.080075 0.996373 0.112283 0.982049 0.3453 0.977381 0.336369 0.983086 0.32074 0.977899 0.133192 0.986198 0.356463 0.98931 0.430142 0.986198 0.411164 0.989828 0.383256 0.996373 0.448395 0.979455 0.298413 0.98153 0.278318 0.991384 0.175614 0.988272 0.363161 0.983086 0.263806 0.991903 0.226966 0.984123 0.257108 0.887712 0.977801 0.887712 0.968994 0.888395 0.977801 0.888395 0.968994 0.892469 0.977801 0.892469 0.968994 0.889726 0.977801 0.889726 0.968994 0.898028 0.0595129 0.898028 0.0695601 0.903214 0.0740255 0.913068 0.0494658 0.888692 0.0416513 0.917218 0.0260223 0.931084 0.0100357 0.871798 0.0100357 0.878838 0.0304877 0.907844 0.977801 0.907844 0.968994 0.904287 0.977801 0.904287 0.968994 0.918721 0.977801 0.918721 0.968994 0.916495 0.977801 0.916495 0.968994 0.922867 0.977801 0.922867 0.968994 0.921836 0.977801 0.921836 0.968994 0.770959 0.0740255 0.762661 0.0751419 0.761105 0.0606293 0.773034 0.0505821 0.757475 0.0505821 0.74399 0.043884 0.740359 0.0271387 0.839939 0.0226733 0.832678 0.0371859 0.8166 0.0427676 0.80156 0.0293714 0.734987 0.0100357 0.844754 0.0100357 0.781851 0.0450003 0.791705 0.0371859 0.588486 0.977801 0.588486 0.968994 0.587216 0.977801 0.587216 0.968994 0.597178 0.977801 0.597178 0.968994 0.593995 0.977801 0.593995 0.968994 0.68642 0.0327204 0.682271 0.0427676 0.669305 0.0416513 0.640779 0.0461167 0.618477 0.0383022 0.608945 0.0100357 0.690051 0.0193242 0.662562 0.0338368 0.648559 0.0371859 0.697809 0.0100357 0.68533 0.977801 0.68533 0.968994 0.680444 0.977801 0.680444 0.968994 0.690614 0.977801 0.690614 0.968994 0.688236 0.977801 0.688236 0.968994 0.697787 0.977801 0.697787 0.968994 0.697004 0.977801 0.697004 0.968994 0.521127 0.922571 0.523046 0.888964 0.515267 0.777328 0.524602 0.772863 0.524602 0.753885 0.520972 0.738256 0.527196 0.871102 0.525121 0.848775 0.520972 0.83203 0.513192 0.808586 0.511636 0.694718 0.506129 0.691898 0.649354 0.977801 0.649354 0.968994 0.64845 0.977801 0.64845 0.968994 0.653226 0.977801 0.653226 0.968994 0.651748 0.977801 0.651748 0.968994 0.659024 0.977801 0.659024 0.968994 0.657582 0.977801 0.657582 0.968994 0.628221 0.977801 0.628221 0.968994 0.628162 0.977801 0.628162 0.968994 0.632282 0.977801 0.632282 0.968994 0.63104 0.977801 0.63104 0.968994 0.635509 0.977801 0.635509 0.968994 0.634906 0.977801 0.634906 0.968994 0.642596 0.977801 0.642596 0.968994 0.638835 0.977801 0.638835 0.968994 0.612776 0.977292 0.610022 0.977291 0.612776 0.968823 0.610022 0.968822 0.607403 0.97729 0.609039 0.977291 0.607403 0.968821 0.609039 0.968821 0.605924 0.96882 0.604024 0.96882 0.605924 0.97729 0.604024 0.977289 0.598953 0.977288 0.598953 0.968819 0.597478 0.977288 0.597478 0.968818 0.633092 0.968825 0.633092 0.977294 0.622499 0.968825 0.622499 0.977294 0.625377 0.968824 0.623962 0.968824 0.625377 0.977293 0.623962 0.977293 0.6201 0.977293 0.6201 0.968823 0.619978 0.977293 0.619978 0.968824 0.938659 0.0398474 0.947214 0.0547321 0.952293 0.0451643 0.920212 0.0339998 0.928767 0.0355946 0.929836 0.0308102 0.916736 0.0265575 0.957907 0.043569 0.964802 0.0443294 0.94887 0.0100357 0.881679 0.0100357 0.893745 0.0302786 0.651546 0.977293 0.653447 0.977293 0.651546 0.968824 0.653447 0.968824 0.646328 0.977293 0.646953 0.977293 0.646328 0.968823 0.646953 0.968824 0.641145 0.977294 0.642001 0.977293 0.641145 0.968824 0.642001 0.968824 0.780659 0.0270891 0.7705 0.0254943 0.773424 0.0100357 0.814077 0.0494161 0.809264 0.0488846 0.808195 0.0355949 0.818087 0.0361265 0.837603 0.0191151 0.830919 0.0340002 0.843954 0.0100357 0.792422 0.0371894 0.788144 0.0366578 0.798838 0.0340002 0.688544 0.968823 0.688544 0.977293 0.689178 0.968823 0.689178 0.977293 0.6797 0.977294 0.680649 0.977293 0.6797 0.968824 0.680649 0.968824 0.621857 0.0462274 0.626134 0.049417 0.628808 0.0409113 0.619183 0.0270893 0.664632 0.0228363 0.669978 0.02071 0.67122 0.0100357 0.652334 0.0292155 0.661423 0.0302786 0.599934 0.0100357 0.610628 0.0260261 0.701959 0.977292 0.702583 0.977292 0.701959 0.968823 0.702583 0.968823 0.698269 0.977294 0.699876 0.977293 0.698269 0.968824 0.699876 0.968824 0.556892 0.0201783 0.560114 0.0100356 0.553632 0.0100356 0.554219 0.0744013 0.560635 0.0765278 0.552882 0.0472897 0.551813 0.0355946 0.543258 0.0542005 0.551278 0.0775909 0.52893 0.0632042 0.719144 0.968819 0.719144 0.977289 0.721278 0.968819 0.721278 0.977288 0.715962 0.96882 0.714762 0.96882 0.715962 0.977289 0.714762 0.977289 0.711481 0.968822 0.711481 0.977291 0.713416 0.968821 0.713416 0.97729 0.71063 0.968822 0.71063 0.977291 0.706722 0.968823 0.706722 0.977292 0.734128 0.968816 0.734128 0.977285 0.739348 0.968815 0.739348 0.977284 0.727718 0.968817 0.727718 0.977287 0.728968 0.968817 0.728968 0.977286 0.741168 0.968814 0.741168 0.977284 0.725713 0.968818 0.725713 0.977287 0.800194 0.968813 0.800194 0.977283 0.798636 0.968813 0.798636 0.977283 0.799339 0.968813 0.799339 0.977283 0.80016 0.968813 0.80016 0.977283 0.79227 0.968813 0.79227 0.977283 0.794033 0.968813 0.794033 0.977283 0.782003 0.968813 0.782003 0.977283 0.787304 0.968813 0.787304 0.977283 0.773435 0.968813 0.773435 0.977283 0.77521 0.968813 0.77521 0.977283 0.555021 0.121194 0.561972 0.127042 0.56518 0.109499 0.564912 0.0919564 0.582022 0.0696293 0.582022 0.0563394 0.568121 0.0393283 0.572665 0.0877036 0.568923 0.0196592 0.564645 0.0100356 0.506129 0.112283 0.520801 0.224324 0.531762 0.20306 0.539515 0.150964 0.547 0.131295 0.51385 0.230703 0.506129 0.285389 0.510642 0.272168 0.511978 0.254625 0.807979 0.968813 0.807979 0.977283 0.809711 0.968813 0.809711 0.977283 0.647253 0.0100357 0.649126 0.0473022 0.642175 0.0526182 0.629342 0.0324175 0.617579 0.0239119 0.604747 0.0249751 0.597304 0.0100357 0.837481 0.968813 0.837481 0.977283 0.840257 0.968813 0.840257 0.977283 0.829812 0.968813 0.829812 0.977283 0.830812 0.968813 0.830812 0.977283 0.755528 0.0324175 0.766757 0.046239 0.772104 0.0324175 0.772424 0.0100357 0.727725 0.0387967 0.731467 0.0536814 0.745904 0.0398599 0.722378 0.0196592 0.709085 0.0100357 0.866745 0.968813 0.866745 0.977283 0.868366 0.968813 0.868366 0.977283 0.864267 0.968813 0.864267 0.977283 0.862459 0.968813 0.862459 0.977283 0.854921 0.968813 0.854921 0.977283 0.857386 0.968813 0.857386 0.977283 0.844615 0.968813 0.844615 0.977283 0.845723 0.968813 0.845723 0.977283 0.899367 0.968813 0.899367 0.977283 0.902478 0.968813 0.902478 0.977283 0.890266 0.968813 0.890266 0.977283 0.889593 0.968813 0.889593 0.977283 0.885213 0.968813 0.885213 0.977283 0.884241 0.968813 0.884241 0.977283 0.886768 0.968813 0.886768 0.977283 0.58482 0.968815 0.58482 0.977285 0.585027 0.968816 0.585027 0.977285 0.580788 0.968815 0.580788 0.977284 0.582658 0.968815 0.582658 0.977284 0.574309 0.977283 0.576828 0.977283 0.574309 0.968813 0.576828 0.968814 0.924533 0.968813 0.9212 0.968813 0.924533 0.977283 0.9212 0.977283 0.912855 0.968813 0.912855 0.977283 0.915462 0.968813 0.915462 0.977283 0.996373 0.501286 0.974312 0.501286 0.975819 0.474706 0.979028 0.463011 0.985444 0.460885 0.996373 0.37486 0.98384 0.425799 0.986513 0.402409 0.992395 0.391777 0.765044 0.96865 0.765044 0.977457 0.766425 0.96865 0.766425 0.977457 0.759281 0.96865 0.759281 0.977457 0.760517 0.96865 0.760517 0.977457 0.755964 0.96865 0.755964 0.977457 0.755966 0.96865 0.755966 0.977457 0.750272 0.96865 0.750272 0.977457 0.753681 0.96865 0.753681 0.977457 0.787139 0.96865 0.787139 0.977457 0.787081 0.96865 0.787081 0.977457 0.781396 0.96865 0.781396 0.977457 0.781961 0.96865 0.781961 0.977457 0.777684 0.96865 0.777684 0.977457 0.777437 0.96865 0.777437 0.977457 0.770005 0.96865 0.770005 0.977457 0.772421 0.96865 0.772421 0.977457 0.812621 0.96865 0.812621 0.977457 0.800729 0.96865 0.800729 0.977457 0.806217 0.96865 0.806217 0.977457 0.807088 0.96865 0.807088 0.977457 0.800901 0.96865 0.800901 0.977457 0.801812 0.96865 0.801812 0.977457 0.795143 0.96865 0.795143 0.977457 0.795878 0.96865 0.795878 0.977457 0.820706 0.96865 0.820706 0.977457 0.823613 0.96865 0.823613 0.977457 0.816604 0.96865 0.816604 0.977457 0.817639 0.96865 0.817639 0.977457 0.850476 0.96865 0.850476 0.977457 0.83315 0.96865 0.83315 0.977457 0.848241 0.96865 0.848241 0.977457 0.848798 0.96865 0.848798 0.977457 0.841901 0.96865 0.841901 0.977457 0.844857 0.96865 0.844857 0.977457 0.834215 0.96865 0.834215 0.977457 0.891462 0.96865 0.891462 0.977457 0.892843 0.96865 0.892843 0.977457 0.885307 0.96865 0.885307 0.977457 0.887019 0.96865 0.887019 0.977457 0.878064 0.96865 0.878064 0.977457 0.88078 0.96865 0.88078 0.977457 0.872088 0.96865 0.872088 0.977457 0.87399 0.96865 0.87399 0.977457 0.884427 0.96865 0.884427 0.977457 0.871969 0.96865 0.871969 0.977457 0.916667 0.96865 0.916667 0.977457 0.918479 0.96865 0.918479 0.977457 0.907162 0.96865 0.907162 0.977457 0.908075 0.96865 0.908075 0.977457 0.903122 0.96865 0.903122 0.977457 0.903212 0.96865 0.903212 0.977457 0.279274 0.968999 0.272265 0.971234 0.269847 0.992218 0.32288 0.965647 0.319763 0.94772 0.314838 0.947208 0.31224 0.95503 0.33845 0.98351 0.33534 0.968999 0.288877 0.971234 0.304452 0.963412 0.345129 0.992218 0.599307 0.96865 0.599307 0.977457 0.600335 0.96865 0.600335 0.977457 0.599675 0.96865 0.599675 0.977457 0.595306 0.96865 0.595306 0.977457 0.61957 0.96865 0.61957 0.977457 0.620057 0.96865 0.620057 0.977457 0.613901 0.96865 0.613901 0.977457 0.614738 0.96865 0.614738 0.977457 0.611686 0.96865 0.611686 0.977457 0.61198 0.96865 0.61198 0.977457 0.607657 0.96865 0.607657 0.977457 0.609492 0.96865 0.609492 0.977457 0.0612395 0.977912 0.0659108 0.961118 0.0627957 0.9544 0.0581235 0.951041 0.0518946 0.963357 0.0851215 0.983527 0.0788892 0.968955 0.0747408 0.971234 0.0664351 0.968999 0.0503592 0.953367 0.0441067 0.939845 0.0378772 0.938725 0.0269751 0.926409 0.021599 0.929152 0.0508431 0.992218 0.088019 0.992218 0.620952 0.96865 0.620952 0.977457 0.621063 0.96865 0.621063 0.977457 0.624946 0.96865 0.624946 0.977457 0.623865 0.96865 0.623865 0.977457 0.707857 0.96865 0.707857 0.977457 0.696061 0.96865 0.696061 0.977457 0.61125 0.96865 0.61125 0.977457 0.609244 0.96865 0.609244 0.977457 0.618067 0.96865 0.618067 0.977457 0.617335 0.96865 0.617335 0.977457 0.136766 0.801383 0.136018 0.814767 0.126167 0.818146 0.112152 0.824831 0.103305 0.837078 0.0892967 0.832558 0.0861916 0.830329 0.0800015 0.809218 0.0631561 0.801395 0.596314 0.96865 0.596314 0.977457 0.593112 0.96865 0.593112 0.977457 0.589775 0.96865 0.589775 0.977457 0.606858 0.96865 0.606858 0.977457 0.917638 0.96865 0.917638 0.977457 0.922558 0.96865 0.922558 0.977457 0.912562 0.96865 0.912562 0.977457 0.909957 0.96865 0.909957 0.977457 0.267372 0.776793 0.252294 0.788044 0.252301 0.724105 0.270497 0.718085 0.275157 0.716396 0.277242 0.73321 0.273078 0.74435 0.261653 0.728092 0.274114 0.76224 0.885794 0.96865 0.885794 0.977457 0.892438 0.96865 0.892438 0.977457 0.912614 0.96865 0.912614 0.977457 0.902036 0.96865 0.902036 0.977457 0.92217 0.96865 0.92217 0.977457 0.918033 0.96865 0.918033 0.977457 0.760698 0.96865 0.760698 0.977457 0.75352 0.96865 0.75352 0.977457 0.830555 0.96865 0.830555 0.977457 0.788258 0.96865 0.788258 0.977457 0.91742 0.96865 0.91742 0.977457 0.905951 0.96865 0.905951 0.977457 0.634831 0.96865 0.634831 0.977457 0.627303 0.96865 0.627303 0.977457 0.630527 0.96865 0.630527 0.977457 0.631478 0.96865 0.631478 0.977457 0.625591 0.96865 0.625591 0.977457 0.627419 0.96865 0.627419 0.977457 0.621952 0.96865 0.621952 0.977457 0.623238 0.96865 0.623238 0.977457 0.608193 0.96865 0.608193 0.977457 0.613146 0.96865 0.613146 0.977457 0.648604 0.96865 0.648604 0.977457 0.649771 0.96865 0.649771 0.977457 0.644635 0.96865 0.644635 0.977457 0.64437 0.96865 0.64437 0.977457 0.63889 0.96865 0.63889 0.977457 0.640494 0.96865 0.640494 0.977457 0.636685 0.96865 0.636685 0.977457 0.671813 0.96865 0.671813 0.977457 0.67496 0.96865 0.67496 0.977457 0.662012 0.96865 0.662012 0.977457 0.664558 0.96865 0.664558 0.977457 0.0525869 0.379623 0.0636441 0.390132 0.0646376 0.414631 0.0525868 0.523816 0.0641408 0.424654 0.0676179 0.460288 0.065631 0.468085 0.0591735 0.485909 0.0576833 0.504842 0.703234 0.96865 0.703234 0.977457 0.704377 0.96865 0.704377 0.977457 0.699754 0.96865 0.699754 0.977457 0.699746 0.96865 0.699746 0.977457 0.69484 0.96865 0.69484 0.977457 0.695971 0.96865 0.695971 0.977457 0.0525869 0.202733 0.0581801 0.203044 0.0571866 0.188567 0.0621539 0.162949 0.065631 0.158492 0.0626507 0.152926 0.0581801 0.0805427 0.0606637 0.060495 0.0525869 0.0422556 0.0621539 0.127313 0.0626507 0.111721 0.0581801 0.0972474 0.0606637 0.175201 0.71768 0.96865 0.71768 0.977457 0.718701 0.96865 0.718701 0.977457 0.711704 0.96865 0.711704 0.977457 0.712479 0.96865 0.712479 0.977457 0.707427 0.96865 0.707427 0.977457 0.707301 0.96865 0.707301 0.977457 0.0594219 0.0393368 0.0525869 0.0388364 0.0525869 0.0149015 0.0733304 0.0599277 0.0705984 0.0643845 0.0663761 0.054922 0.102886 0.047653 0.100899 0.0576774 0.0979186 0.0576799 0.138131 0.0148303 0.133187 0.0303662 0.122258 0.0303753 0.0633958 0.0454585 0.0959317 0.0643634 0.116794 0.0292662 0.733367 0.96865 0.733367 0.977457 0.734298 0.96865 0.734298 0.977457 0.727787 0.96865 0.727787 0.977457 0.728275 0.96865 0.728275 0.977457 0.723811 0.96865 0.723811 0.977457 0.724899 0.96865 0.724899 0.977457 0.171683 0.0442548 0.170441 0.0559491 0.167709 0.0514968 0.163239 0.0537278 0.160507 0.066537 0.157775 0.0620847 0.151814 0.0554078 0.150075 0.0398182 0.189814 0.0214099 0.18733 0.0319917 0.176651 0.033671 0.147095 0.0225591 0.189846 0.0147873 0.14303 0.0148262 0.747799 0.96865 0.747799 0.977457 0.74857 0.96865 0.74857 0.977457 0.745116 0.96865 0.745116 0.977457 0.746232 0.96865 0.746232 0.977457 0.745145 0.96865 0.745145 0.977457 0.745456 0.96865 0.745456 0.977457 0.744534 0.96865 0.744534 0.977457 0.743191 0.96865 0.743191 0.977457 0.242716 0.131617 0.233278 0.129954 0.237748 0.115473 0.233278 0.0664764 0.227317 0.0742769 0.224833 0.0631425 0.225579 0.0436531 0.230297 0.038081 0.230297 0.0859677 0.230049 0.0787292 0.23452 0.0737141 0.233775 0.0893058 0.247005 0.141939 0.244951 0.141638 0.234271 0.021373 0.235287 0.0147495 0.247005 0.0147397 0.237748 0.108791 0.737501 0.96865 0.737501 0.977457 0.746375 0.96865 0.746375 0.977457 0.745032 0.96865 0.745032 0.977457 0.742965 0.96865 0.742965 0.977457 0.744177 0.96865 0.744177 0.977457 0.746243 0.96865 0.746243 0.977457 0.749693 0.96865 0.749693 0.977457 0.747606 0.96865 0.747606 0.977457 0.588491 0.96865 0.588491 0.977457 0.577863 0.96865 0.577863 0.977457 0.596229 0.96865 0.596229 0.977457 0.602392 0.96865 0.602392 0.977457 0.754287 0.96865 0.754287 0.977457 0.745539 0.96865 0.745539 0.977457 0.605774 0.96865 0.605774 0.977457 0.591972 0.96865 0.591972 0.977457 0.600607 0.96865 0.600607 0.977457 0.600243 0.96865 0.600243 0.977457 0.59353 0.96865 0.59353 0.977457 0.582389 0.96865 0.582389 0.977457 0.585731 0.96865 0.585731 0.977457 0.581095 0.96865 0.581095 0.977457 0.580902 0.96865 0.580902 0.977457 0.923417 0.96865 0.923417 0.977457 0.923108 0.96865 0.923108 0.977457 0.783119 0.977783 0.783119 0.969012 0.784788 0.977783 0.784788 0.969012 0.786109 0.977783 0.786109 0.969012 0.735005 0.977783 0.735005 0.969012 0.734429 0.977783 0.734429 0.969012 0.737019 0.977783 0.737019 0.969012 0.750526 0.977783 0.750526 0.969012 0.766653 0.977783 0.766653 0.969012 0.714045 0.977783 0.714045 0.969012 0.724735 0.977783 0.724735 0.969012 0.732831 0.977783 0.732831 0.969012 0.680853 0.977783 0.680853 0.969012 0.695946 0.977783 0.695946 0.969012 0.69521 0.977783 0.69521 0.969012 0.704114 0.977783 0.704114 0.969012 0.640276 0.977783 0.640276 0.969012 0.648442 0.977783 0.648442 0.969012 0.660459 0.977783 0.660459 0.969012 0.614631 0.977783 0.614631 0.969012 0.61339 0.977783 0.61339 0.969012 0.621073 0.977783 0.621073 0.969012 0.624706 0.977783 0.624706 0.969012 0.578196 0.977783 0.578196 0.969012 0.576618 0.977783 0.576618 0.969012 0.586064 0.977783 0.586064 0.969012 0.588575 0.977783 0.588575 0.969012 0.605177 0.977783 0.605177 0.969012 0.611466 0.977783 0.611466 0.969012 0.909434 0.977783 0.909434 0.969012 0.927576 0.977783 0.927576 0.969012 0.91783 0.977783 0.91783 0.969012 0.575301 0.977783 0.575301 0.969012 0.869844 0.977783 0.869844 0.969012 0.871786 0.977783 0.871786 0.969012 0.878777 0.977783 0.878777 0.969012 0.854763 0.977783 0.854763 0.969012 0.860402 0.977783 0.860402 0.969012 0.834791 0.977783 0.834791 0.969012 0.841974 0.977783 0.841974 0.969012 0.800844 0.968906 0.800844 0.977889 0.788406 0.968906 0.788406 0.977889 0.799225 0.968906 0.799225 0.977889 0.790577 0.968906 0.790577 0.977889 0.776902 0.968906 0.776902 0.977889 0.770948 0.968906 0.770948 0.977889 0.765337 0.968906 0.765337 0.977889 0.760081 0.968906 0.760081 0.977889 0.753663 0.968906 0.753663 0.977889 0.739448 0.968906 0.739448 0.977889 0.707685 0.965992 0.714427 0.945898 0.723763 0.96041 0.773553 0.967109 0.786 0.965992 0.79015 0.983854 0.704054 0.981621 0.731542 0.95148 0.737248 0.953712 0.791644 0.992537 0.692202 0.992537 0.748139 0.954829 0.710053 0.968906 0.710053 0.977889 0.702464 0.968906 0.702464 0.977889 0.696108 0.968906 0.696108 0.977889 0.695946 0.968906 0.695946 0.977889 0.681474 0.968906 0.681474 0.977889 0.673873 0.968906 0.673873 0.977889 0.669915 0.968906 0.669915 0.977889 0.639665 0.968906 0.639665 0.977889 0.631328 0.968906 0.631328 0.977889 0.624501 0.968906 0.624501 0.977889 0.624706 0.968906 0.624706 0.977889 0.602828 0.968906 0.602828 0.977889 0.59741 0.968906 0.59741 0.977889 0.579576 0.968906 0.579576 0.977889 0.9217 0.968906 0.9217 0.977889 0.923811 0.968906 0.923811 0.977889 0.912833 0.968906 0.912833 0.977889 0.748658 0.0673274 0.741397 0.08184 0.740878 0.0583966 0.778739 0.0505821 0.77822 0.0751419 0.767329 0.0773746 0.782888 0.0215569 0.732061 0.0505821 0.722207 0.0427676 0.704054 0.0215569 0.793778 0.0100357 0.699905 0.0193242 0.682282 0.0100357 0.873729 0.968906 0.873729 0.977889 0.86425 0.968906 0.86425 0.977889 0.856617 0.968906 0.856617 0.977889 0.521491 0.232548 0.527714 0.252642 0.520453 0.280551 0.534393 0.0514458 0.532382 0.0907708 0.527714 0.124261 0.506129 0.359611 0.533419 0.158868 0.532901 0.196824 0.518379 0.230315 0.529789 0.136541 0.514229 0.309576 0.509043 0.35423 0.819356 0.968906 0.819356 0.977889 0.809691 0.968906 0.809691 0.977889 0.816671 0.968906 0.816671 0.977889 0.708024 0.977801 0.708024 0.968994 0.714455 0.977801 0.714455 0.968994 0.724273 0.977801 0.724273 0.968994 0.727821 0.977801 0.727821 0.968994 0.725826 0.977801 0.725826 0.968994 0.728781 0.977801 0.728781 0.968994 0.735009 0.977801 0.735009 0.968994 0.76685 0.977801 0.76685 0.968994 0.783976 0.977801 0.783976 0.968994 0.791704 0.977801 0.791704 0.968994 0.796452 0.977801 0.796452 0.968994 0.803823 0.977801 0.803823 0.968994 0.806578 0.977801 0.806578 0.968994 0.817457 0.977801 0.817457 0.968994 0.826875 0.977801 0.826875 0.968994 0.84913 0.977801 0.84913 0.968994 0.85478 0.977801 0.85478 0.968994 0.861368 0.977801 0.861368 0.968994 0.870115 0.977801 0.870115 0.968994 0.873961 0.977801 0.873961 0.968994 0.8879 0.977801 0.8879 0.968994 0.894926 0.977801 0.894926 0.968994 0.902732 0.977801 0.902732 0.968994 0.928521 0.977801 0.928521 0.968994 0.911886 0.977801 0.911886 0.968994 0.918984 0.977801 0.918984 0.968994 0.574172 0.977801 0.574172 0.968994 0.570592 0.977801 0.570592 0.968994 0.589815 0.977801 0.589815 0.968994 0.599248 0.977801 0.599248 0.968994 0.687113 0.977801 0.687113 0.968994 0.693317 0.977801 0.693317 0.968994 0.699841 0.977801 0.699841 0.968994 0.644392 0.977801 0.644392 0.968994 0.643813 0.977801 0.643813 0.968994 0.649897 0.977801 0.649897 0.968994 0.653794 0.977801 0.653794 0.968994 0.629315 0.977801 0.629315 0.968994 0.632908 0.977801 0.632908 0.968994 0.636883 0.977801 0.636883 0.968994 0.612551 0.968822 0.612551 0.977292 0.608514 0.968821 0.608514 0.97729 0.602597 0.968819 0.602597 0.977289 0.629962 0.977293 0.629962 0.968824 0.624076 0.968824 0.624076 0.977293 0.619309 0.977293 0.619309 0.968824 0.650537 0.977293 0.650537 0.968824 0.645204 0.977293 0.645204 0.968823 0.6402 0.968825 0.640199 0.977294 0.690143 0.977293 0.691138 0.977294 0.690143 0.968824 0.691138 0.968825 0.687601 0.968824 0.687601 0.977293 0.678514 0.977294 0.678514 0.968824 0.701175 0.968823 0.701175 0.977292 0.697245 0.968825 0.697245 0.977294 0.717417 0.968819 0.717417 0.977289 0.714162 0.97729 0.714162 0.96882 0.7094 0.977292 0.709399 0.968822 0.525346 0.224316 0.53497 0.219532 0.523207 0.205178 0.515454 0.231758 0.520266 0.0977915 0.52095 0.0803818 0.529623 0.199862 0.530425 0.194014 0.519464 0.180724 0.515187 0.109487 0.51278 0.134473 0.514652 0.162649 0.506129 0.275664 0.513048 0.252491 0.730529 0.968816 0.730529 0.977286 0.727127 0.977287 0.727127 0.968817 0.51786 0.348182 0.519999 0.338081 0.516523 0.332765 0.518127 0.322133 0.515187 0.314159 0.50877 0.312032 0.506129 0.438112 0.511444 0.423671 0.51278 0.377952 0.506129 0.292586 0.800286 0.968813 0.800286 0.977283 0.796686 0.968813 0.796686 0.977283 0.791694 0.968813 0.791694 0.977283 0.778875 0.968813 0.778875 0.977283 0.771773 0.968813 0.771773 0.977283 0.812881 0.968813 0.812881 0.977283 0.814125 0.968813 0.814125 0.977283 0.805688 0.968813 0.805688 0.977283 0.835172 0.968813 0.835172 0.977283 0.826986 0.968813 0.826986 0.977283 0.872231 0.968813 0.872231 0.977283 0.871632 0.968813 0.871632 0.977283 0.865299 0.968813 0.865299 0.977283 0.863151 0.968813 0.863151 0.977283 0.852084 0.968813 0.852084 0.977283 0.895304 0.968813 0.895304 0.977283 0.88736 0.968813 0.88736 0.977283 0.884677 0.968813 0.884677 0.977283 0.981701 0.198276 0.973681 0.183391 0.981701 0.180202 0.968868 0.145116 0.968868 0.122789 0.981701 0.114283 0.975819 0.152558 0.996373 0.299004 0.984374 0.278015 0.988652 0.230172 0.985978 0.0993988 0.984735 0.0872323 0.584154 0.977285 0.584154 0.968815 0.578303 0.977284 0.578303 0.968814 0.572258 0.968813 0.572258 0.977283 0.919806 0.968813 0.919806 0.977283 0.911945 0.968813 0.911945 0.977283 0.761615 0.96865 0.761615 0.977457 0.757649 0.96865 0.757649 0.977457 0.754033 0.96865 0.754033 0.977457 0.74929 0.96865 0.74929 0.977457 0.786798 0.96865 0.786798 0.977457 0.780878 0.96865 0.780878 0.977457 0.776777 0.96865 0.776777 0.977457 0.810254 0.96865 0.810254 0.977457 0.804317 0.96865 0.804317 0.977457 0.798785 0.96865 0.798785 0.977457 0.819764 0.96865 0.819764 0.977457 0.850088 0.96865 0.850088 0.977457 0.848086 0.96865 0.848086 0.977457 0.839596 0.96865 0.839596 0.977457 0.476858 0.611957 0.475818 0.606365 0.478935 0.606369 0.486477 0.511938 0.484408 0.481767 0.494072 0.470878 0.486462 0.615868 0.482832 0.587929 0.485429 0.578989 0.482317 0.55105 0.488032 0.530936 0.49405 0.636945 0.490097 0.630958 0.889935 0.96865 0.889935 0.977457 0.884589 0.96865 0.884589 0.977457 0.877479 0.96865 0.877479 0.977457 0.870039 0.96865 0.870039 0.977457 0.442806 0.924301 0.449557 0.898596 0.457863 0.90642 0.482811 0.846096 0.494022 0.846879 0.494017 0.889877 0.474486 0.860606 0.472925 0.884073 0.469807 0.904188 0.446442 0.992218 0.393036 0.992218 0.39763 0.981271 0.401791 0.966766 0.411131 0.961176 0.418916 0.965646 0.42567 0.943298 0.432418 0.928766 0.42463 0.952237 0.914297 0.96865 0.914297 0.977457 0.905979 0.96865 0.905979 0.977457 0.902058 0.96865 0.902058 0.977457 0.600406 0.96865 0.600406 0.977457 0.598105 0.96865 0.598105 0.977457 0.133404 0.965648 0.133915 0.95328 0.138587 0.9544 0.13963 0.974587 0.149395 0.992218 0.127494 0.992218 0.12873 0.972353 0.144819 0.986876 0.617363 0.96865 0.617363 0.977457 0.613757 0.96865 0.613757 0.977457 0.611434 0.96865 0.611434 0.977457 0.606706 0.96865 0.606706 0.977457 0.62639 0.96865 0.62639 0.977457 0.623244 0.96865 0.623244 0.977457 0.625338 0.96865 0.625338 0.977457 0.0509877 0.826037 0.0597988 0.845048 0.0555839 0.853908 0.0467599 0.840475 0.0478208 0.801397 0.037407 0.850511 0.0290879 0.861646 0.020774 0.860491 0.00406504 0.111702 0.0486159 0.0129562 0.0108831 0.870469 0.00329167 0.889671 0.613674 0.96865 0.613674 0.977457 0.620976 0.96865 0.620976 0.977457 0.59859 0.96865 0.59859 0.977457 0.196233 0.818062 0.188968 0.831544 0.182218 0.814748 0.203771 0.801372 0.150051 0.801381 0.16405 0.813661 0.174953 0.814741 0.912536 0.96865 0.912536 0.977457 0.9129 0.96865 0.9129 0.977457 0.886954 0.96865 0.886954 0.977457 0.91214 0.96865 0.91214 0.977457 0.918963 0.96865 0.918963 0.977457 0.766922 0.96865 0.766922 0.977457 0.844259 0.96865 0.844259 0.977457 0.633391 0.96865 0.633391 0.977457 0.62899 0.96865 0.62899 0.977457 0.625528 0.96865 0.625528 0.977457 0.618551 0.96865 0.618551 0.977457 0.646872 0.96865 0.646872 0.977457 0.643341 0.96865 0.643341 0.977457 0.638524 0.96865 0.638524 0.977457 0.05818 0.618434 0.0636441 0.625111 0.0616571 0.635135 0.0641408 0.606179 0.0631473 0.617316 0.060167 0.5995 0.0576833 0.587252 0.0525868 0.580362 0.0631474 0.648498 0.0631473 0.661862 0.0616571 0.666318 0.0556964 0.674118 0.0525868 0.691372 0.670443 0.96865 0.670443 0.977457 0.659465 0.96865 0.659465 0.977457 0.702885 0.96865 0.702885 0.977457 0.698859 0.96865 0.698859 0.977457 0.694089 0.96865 0.694089 0.977457 0.722715 0.96865 0.722715 0.977457 0.707631 0.96865 0.707631 0.977457 0.713997 0.96865 0.713997 0.977457 0.708093 0.96865 0.708093 0.977457 0.707196 0.96865 0.707196 0.977457 0.730668 0.96865 0.730668 0.977457 0.726602 0.96865 0.726602 0.977457 0.724154 0.96865 0.724154 0.977457 0.744587 0.96865 0.744587 0.977457 0.744087 0.96865 0.744087 0.977457 0.743328 0.96865 0.743328 0.977457 0.745713 0.96865 0.745713 0.977457 0.738223 0.96865 0.738223 0.977457 0.743043 0.96865 0.743043 0.977457 0.744096 0.96865 0.744096 0.977457 0.242964 0.405574 0.237003 0.413374 0.236507 0.401124 0.2375 0.335419 0.235513 0.325397 0.241474 0.324279 0.2375 0.382192 0.24048 0.349893 0.238494 0.32094 0.2375 0.295327 0.24048 0.280847 0.23899 0.372168 0.247005 0.412297 0.242964 0.2608 0.247005 0.25137 0.58819 0.96865 0.58819 0.977457 0.716359 0.96865 0.716359 0.977457 0.920956 0.96865 0.920956 0.977457 0.605118 0.96865 0.605118 0.977457 0.598841 0.96865 0.598841 0.977457 0.177892 0.772017 0.182363 0.749741 0.18435 0.760876 0.192794 0.76755 0.195775 0.772003 0.197424 0.785688 0.157169 0.785722 0.161749 0.777599 0.168703 0.774252 0.582391 0.96865 0.582391 0.977457 0.579937 0.96865 0.579937 0.977457 0.222598 0.766412 0.221853 0.754719 0.227565 0.741908 0.227814 0.732998 0.230297 0.728542 0.241971 0.719623 0.247005 0.723316 0.247005 0.785647 0.221605 0.778663 0.213042 0.785675 0.774216 0.977783 0.774216 0.969012 0.784995 0.977783 0.784995 0.969012 0.784918 0.977783 0.784918 0.969012 0.733987 0.977783 0.733987 0.969012 0.739666 0.977783 0.739666 0.969012 0.754566 0.977783 0.754566 0.969012 0.767137 0.977783 0.767137 0.969012 0.793261 0.0617456 0.794298 0.0840727 0.79741 0.0773746 0.802597 0.0807237 0.803115 0.0427676 0.784444 0.0461167 0.809308 0.0100357 0.747102 0.0405349 0.759031 0.0539312 0.677084 0.0416513 0.680196 0.0483494 0.700423 0.0516985 0.672417 0.0215569 0.718576 0.0416513 0.742952 0.0316041 0.663808 0.0100357 0.727393 0.0366277 0.714839 0.977783 0.714839 0.969012 0.725523 0.977783 0.725523 0.969012 0.686292 0.977783 0.686292 0.969012 0.694908 0.977783 0.694908 0.969012 0.706071 0.977783 0.706071 0.969012 0.936309 0.0100357 0.946781 0.0539312 0.976862 0.23478 0.969082 0.267155 0.963896 0.17673 0.957153 0.183428 0.974269 0.200174 0.944706 0.0885381 0.955598 0.110865 0.960784 0.13096 0.643955 0.977783 0.643955 0.969012 0.649792 0.977783 0.649792 0.969012 0.617351 0.977783 0.617351 0.969012 0.623006 0.977783 0.623006 0.969012 0.578243 0.977783 0.578243 0.969012 0.587204 0.977783 0.587204 0.969012 0.587905 0.977783 0.587905 0.969012 0.804672 0.852124 0.79378 0.836495 0.792743 0.85659 0.80519 0.90236 0.788075 0.897895 0.81297 0.944782 0.777702 0.913524 0.773553 0.949247 0.77459 0.973807 0.81297 0.964876 0.820231 0.981621 0.769037 0.992537 0.838203 0.992537 0.60682 0.977783 0.60682 0.969012 0.91062 0.977783 0.91062 0.969012 0.923873 0.977783 0.923873 0.969012 0.920097 0.977783 0.920097 0.969012 0.734136 0.965992 0.726875 0.938083 0.720651 0.950363 0.763652 0.992537 0.757475 0.971574 0.748658 0.976039 0.700942 0.965992 0.695237 0.977156 0.68826 0.992537 0.871008 0.977783 0.871008 0.969012 0.873512 0.977783 0.873512 0.969012 0.88015 0.977783 0.88015 0.969012 0.85286 0.977783 0.85286 0.969012 0.855438 0.977783 0.855438 0.969012 0.8619 0.977783 0.8619 0.969012 0.861554 0.977783 0.861554 0.969012 0.83032 0.977783 0.83032 0.969012 0.835857 0.977783 0.835857 0.969012 0.804487 0.968906 0.804487 0.977889 0.797022 0.968906 0.797022 0.977889 0.783859 0.968906 0.783859 0.977889 0.776702 0.968906 0.776702 0.977889 0.768366 0.968906 0.768366 0.977889 0.759559 0.968906 0.759559 0.977889 0.752125 0.968906 0.752125 0.977889 0.738763 0.968906 0.738763 0.977889 0.708141 0.968906 0.708141 0.977889 0.701657 0.968906 0.701657 0.977889 0.694772 0.968906 0.694772 0.977889 0.961822 0.883382 0.952486 0.894546 0.955079 0.911291 0.930184 0.973807 0.922142 0.992537 0.934852 0.953712 0.946262 0.945898 0.985161 0.885615 0.957154 0.931385 0.991903 0.83203 0.986717 0.858822 0.985679 0.875568 0.679779 0.968906 0.679779 0.977889 0.669247 0.968906 0.669247 0.977889 0.670322 0.968906 0.670322 0.977889 0.648489 0.968906 0.648489 0.977889 0.638185 0.968906 0.638185 0.977889 0.627856 0.968906 0.627856 0.977889 0.623196 0.968906 0.623196 0.977889 0.97012 0.178963 0.950411 0.197941 0.96597 0.199057 0.978937 0.222501 0.971157 0.318507 0.974788 0.349765 0.989828 0.356463 0.975947 0.0683166 0.971676 0.0840727 0.973231 0.128727 0.97375 0.145472 0.977899 0.290598 0.971157 0.303994 0.983604 0.249293 0.996373 0.388206 0.601175 0.968906 0.601175 0.977889 0.593237 0.968906 0.593237 0.977889 0.849794 0.0606293 0.859129 0.0874218 0.859129 0.0561639 0.837346 0.0293714 0.872614 0.0405349 0.882987 0.0338368 0.901658 0.0293714 0.923179 0.0100357 0.798679 0.0100357 0.8166 0.024906 0.579848 0.968906 0.579848 0.977889 0.921709 0.968906 0.921709 0.977889 0.911894 0.968906 0.911894 0.977889 0.873083 0.968906 0.873083 0.977889 0.864372 0.968906 0.864372 0.977889 0.851878 0.968906 0.851878 0.977889 0.818828 0.968906 0.818828 0.977889 0.809962 0.968906 0.809962 0.977889 0.530308 0.665693 0.530826 0.655646 0.523565 0.655646 0.51786 0.67574 0.522009 0.727093 0.510599 0.766165 0.520453 0.75835 0.514748 0.686904 0.506129 0.695687 0.506129 0.803711 0.51008 0.786259 0.708801 0.977801 0.708801 0.968994 0.71587 0.977801 0.71587 0.968994 0.7271 0.977801 0.7271 0.968994 0.73169 0.977801 0.73169 0.968994 0.737654 0.977801 0.737654 0.968994 0.759078 0.977801 0.759078 0.968994 0.76931 0.977801 0.76931 0.968994 0.785388 0.977801 0.785388 0.968994 0.78502 0.977801 0.78502 0.968994 0.788406 0.977801 0.788406 0.968994 0.790855 0.977801 0.790855 0.968994 0.798089 0.977801 0.798089 0.968994 0.809192 0.977801 0.809192 0.968994 0.800844 0.977801 0.800844 0.968994 0.805674 0.977801 0.805674 0.968994 0.814257 0.977801 0.814257 0.968994 0.819106 0.977801 0.819106 0.968994 0.814025 0.977801 0.814025 0.968994 0.827571 0.977801 0.827571 0.968994 0.842066 0.977801 0.842066 0.968994 0.851288 0.977801 0.851288 0.968994 0.855928 0.977801 0.855928 0.968994 0.861879 0.977801 0.861879 0.968994 0.870305 0.977801 0.870305 0.968994 0.872084 0.977801 0.872084 0.968994 0.87597 0.977801 0.87597 0.968994 0.887117 0.977801 0.887117 0.968994 0.889113 0.977801 0.889113 0.968994 0.903254 0.977801 0.903254 0.968994 0.914134 0.977801 0.914134 0.968994 0.921305 0.977801 0.921305 0.968994 0.576246 0.977801 0.576246 0.968994 0.575027 0.977801 0.575027 0.968994 0.585154 0.977801 0.585154 0.968994 0.592801 0.977801 0.592801 0.968994 0.603516 0.977801 0.603516 0.968994 0.603263 0.977801 0.603263 0.968994 0.679763 0.977801 0.679763 0.968994 0.688806 0.977801 0.688806 0.968994 0.695088 0.977801 0.695088 0.968994 0.647824 0.977801 0.647824 0.968994 0.651308 0.977801 0.651308 0.968994 0.656636 0.977801 0.656636 0.968994 0.522009 0.443539 0.532382 0.441306 0.528492 0.427352 0.53316 0.425119 0.532901 0.412839 0.524343 0.404466 0.510599 0.475913 0.517341 0.468098 0.522009 0.389396 0.512933 0.351439 0.506129 0.341231 0.506129 0.489033 0.522787 0.395535 0.630504 0.977801 0.630504 0.968994 0.633611 0.977801 0.633611 0.968994 0.637668 0.977801 0.637668 0.968994 0.516304 0.254875 0.519416 0.243711 0.517601 0.233664 0.512673 0.281667 0.515785 0.276086 0.516304 0.261573 0.515007 0.187335 0.512933 0.17059 0.506129 0.160362 0.51397 0.200732 0.514748 0.223059 0.506129 0.328639 0.508524 0.290598 0.515007 0.208546 0.611834 0.977291 0.611834 0.968822 0.607281 0.97729 0.607281 0.96882 0.600835 0.968819 0.600835 0.977288 0.981701 0.10045 0.985922 0.0897885 0.975819 0.120652 0.981166 0.149359 0.976889 0.194015 0.967799 0.190825 0.967264 0.177004 0.980097 0.171687 0.989721 0.256744 0.977958 0.249302 0.976354 0.232291 0.979028 0.213152 0.996373 0.265939 0.626343 0.977293 0.626343 0.968824 0.622237 0.977293 0.622237 0.968824 0.618346 0.977293 0.618346 0.968824 0.655826 0.968824 0.655826 0.977294 0.649124 0.977293 0.649124 0.968824 0.644723 0.968824 0.644723 0.977293 0.688682 0.968824 0.688682 0.977293 0.68246 0.968824 0.68246 0.977293 0.677891 0.968825 0.677891 0.977294 0.70218 0.977293 0.70218 0.968823 0.700432 0.968823 0.700432 0.977293 0.704615 0.968823 0.704615 0.977293 0.698154 0.968825 0.698154 0.977294 0.724089 0.968818 0.724089 0.977288 0.715878 0.968819 0.715878 0.977289 0.714323 0.96882 0.714323 0.97729 0.707982 0.977292 0.707982 0.968822 0.729273 0.977286 0.729273 0.968817 0.727424 0.968817 0.727424 0.977287 0.78616 0.968813 0.78616 0.977283 0.799037 0.968813 0.799037 0.977283 0.795217 0.968813 0.795217 0.977283 0.78982 0.968813 0.78982 0.977283 0.777576 0.968813 0.777576 0.977283 0.811217 0.968813 0.811217 0.977283 0.80522 0.968813 0.80522 0.977283 0.841409 0.968813 0.841409 0.977283 0.831549 0.968813 0.831549 0.977283 0.871461 0.968813 0.871461 0.977283 0.864074 0.968813 0.864074 0.977283 0.861099 0.968813 0.861099 0.977283 0.848393 0.968813 0.848393 0.977283 0.866743 0.0558078 0.874763 0.0473022 0.869951 0.0292279 0.856049 0.0579342 0.840009 0.0504918 0.906845 0.0175328 0.916469 0.0451759 0.922885 0.0409231 0.930343 0.0100357 0.831989 0.0313543 0.787422 0.0100357 0.791352 0.0228488 0.803115 0.023912 0.876902 0.0356071 0.885992 0.0271016 0.820225 0.0217856 0.896151 0.0207224 0.891777 0.968813 0.891777 0.977283 0.885922 0.968813 0.885922 0.977283 0.8837 0.968813 0.8837 0.977283 0.572258 0.968813 0.572258 0.977283 0.584211 0.968815 0.584211 0.977285 0.577833 0.968814 0.577833 0.977283 0.984909 0.414102 0.978493 0.40347 0.987048 0.40028 0.996373 0.38832 0.970473 0.485338 0.967264 0.4662 0.971007 0.457694 0.978493 0.452378 0.992929 0.391774 0.984909 0.43005 0.919681 0.968813 0.919681 0.977283 0.924533 0.968813 0.924533 0.977283 0.910304 0.968813 0.910304 0.977283 0.767625 0.96865 0.767625 0.977457 0.759846 0.96865 0.759846 0.977457 0.755555 0.96865 0.755555 0.977457 0.754142 0.96865 0.754142 0.977457 0.286858 0.0874662 0.290514 0.0953118 0.29043 0.0706387 0.281152 0.0863524 0.264827 0.15877 0.270538 0.156535 0.272099 0.131949 0.300846 0.0371412 0.313244 0.0494004 0.320916 0.0358458 0.330063 0.0120046 0.252385 0.0119961 0.272909 0.102065 0.252355 0.268541 0.260666 0.230294 0.263265 0.197884 0.78481 0.96865 0.78481 0.977457 0.779243 0.96865 0.779243 0.977457 0.774271 0.96865 0.774271 0.977457 0.381211 0.0375977 0.38504 0.0537392 0.38921 0.0492854 0.397301 0.0336828 0.356796 0.0348012 0.363289 0.0577046 0.368795 0.053848 0.37007 0.0443251 0.351031 0.0202036 0.414651 0.0319646 0.427611 0.0308287 0.433064 0.0224477 0.436675 0.0120162 0.341132 0.0120058 0.809049 0.96865 0.809049 0.977457 0.803333 0.96865 0.803333 0.977457 0.797306 0.96865 0.797306 0.977457 0.471477 0.0783285 0.4746 0.0939842 0.481865 0.102923 0.472251 0.0654902 0.49412 0.111041 0.486008 0.126384 0.481852 0.145382 0.480292 0.167733 0.482886 0.176674 0.483922 0.199025 0.487036 0.20573 0.487033 0.229199 0.489628 0.240374 0.494099 0.262914 0.817755 0.96865 0.817755 0.977457 0.488578 0.321955 0.478192 0.330893 0.480793 0.348782 0.486497 0.354363 0.494084 0.378902 0.494094 0.306802 0.848724 0.96865 0.848724 0.977457 0.845918 0.96865 0.845918 0.977457 0.837538 0.96865 0.837538 0.977457 0.888027 0.96865 0.888027 0.977457 0.882614 0.96865 0.882614 0.977457 0.875784 0.96865 0.875784 0.977457 0.868886 0.96865 0.868886 0.977457 0.919326 0.96865 0.919326 0.977457 0.910248 0.96865 0.910248 0.977457 0.905918 0.96865 0.905918 0.977457 0.59981 0.96865 0.59981 0.977457 0.596479 0.96865 0.596479 0.977457 0.612363 0.96865 0.612363 0.977457 0.61645 0.96865 0.61645 0.977457 0.612858 0.96865 0.612858 0.977457 0.610021 0.96865 0.610021 0.977457 0.62387 0.96865 0.62387 0.977457 0.623676 0.96865 0.623676 0.977457 0.624821 0.96865 0.624821 0.977457 0.610264 0.96865 0.610264 0.977457 0.61438 0.96865 0.61438 0.977457 0.624279 0.96865 0.624279 0.977457 0.591491 0.96865 0.591491 0.977457 0.601922 0.96865 0.601922 0.977457 0.922999 0.96865 0.922999 0.977457 0.90996 0.96865 0.90996 0.977457 0.916378 0.96865 0.916378 0.977457 0.901429 0.96865 0.901429 0.977457 0.892185 0.96865 0.892185 0.977457 0.912596 0.96865 0.912596 0.977457 0.278032 0.58175 0.27544 0.571689 0.271544 0.578414 0.27751 0.597408 0.269449 0.60747 0.264551 0.580086 0.252318 0.580602 0.262473 0.639358 0.252306 0.68766 0.257772 0.670035 0.264251 0.657201 0.264007 0.648793 0.780211 0.96865 0.780211 0.977457 0.884746 0.96865 0.884746 0.977457 0.259608 0.433684 0.257529 0.416925 0.252338 0.41677 0.26068 0.532036 0.262717 0.50632 0.259625 0.499642 0.255458 0.544329 0.261698 0.458295 0.259141 0.476213 0.25232 0.563439 0.631384 0.96865 0.631384 0.977457 0.629241 0.96865 0.629241 0.977457 0.623735 0.96865 0.623735 0.977457 0.616777 0.96865 0.616777 0.977457 0.0636441 0.727566 0.0696049 0.72088 0.0616571 0.711977 0.0641408 0.748725 0.073082 0.738695 0.0705983 0.727561 0.0879839 0.766524 0.0820231 0.758733 0.0760624 0.767647 0.0525868 0.708718 0.0525868 0.785809 0.122258 0.767609 0.121265 0.753132 0.108847 0.746461 0.0959316 0.757608 0.0661277 0.764315 0.148824 0.785729 0.13269 0.778737 0.645718 0.96865 0.645718 0.977457 0.642272 0.96865 0.642272 0.977457 0.638262 0.96865 0.638262 0.977457 0.675433 0.96865 0.675433 0.977457 0.665699 0.96865 0.665699 0.977457 0.657019 0.96865 0.657019 0.977457 0.706066 0.96865 0.706066 0.977457 0.701658 0.96865 0.701658 0.977457 0.697619 0.96865 0.697619 0.977457 0.720937 0.96865 0.720937 0.977457 0.713029 0.96865 0.713029 0.977457 0.707368 0.96865 0.707368 0.977457 0.706214 0.96865 0.706214 0.977457 0.734491 0.96865 0.734491 0.977457 0.729055 0.96865 0.729055 0.977457 0.725349 0.96865 0.725349 0.977457 0.723749 0.96865 0.723749 0.977457 0.724279 0.96865 0.724279 0.977457 0.749295 0.96865 0.749295 0.977457 0.746194 0.96865 0.746194 0.977457 0.744088 0.96865 0.744088 0.977457 0.742746 0.96865 0.742746 0.977457 0.749058 0.96865 0.749058 0.977457 0.746013 0.96865 0.746013 0.977457 0.75212 0.96865 0.75212 0.977457 0.740909 0.96865 0.740909 0.977457 0.741922 0.96865 0.741922 0.977457 0.746099 0.96865 0.746099 0.977457 0.568681 0.96865 0.568681 0.977457 0.601348 0.96865 0.601348 0.977457 0.737396 0.96865 0.737396 0.977457 0.236507 0.559262 0.235016 0.569286 0.240977 0.575963 0.239487 0.516941 0.232036 0.547016 0.243461 0.454574 0.240977 0.45903 0.242467 0.491325 0.247005 0.587771 0.247005 0.444031 0.242467 0.50803 0.60319 0.96865 0.60319 0.977457 0.595033 0.96865 0.595033 0.977457 0.571142 0.96865 0.571142 0.977457 0.583195 0.96865 0.583195 0.977457 0.925942 0.96865 0.925942 0.977457 0.771408 0.977783 0.771408 0.969012 0.828938 0.977783 0.828938 0.969012 0.897288 0.977801 0.897288 0.968994 0.695946 0.977801 0.695946 0.968994 0.655308 0.968825 0.655308 0.977294 0.841257 0.968813 0.841257 0.977283 0.706005 0.96865 0.706005 0.977457 0.573667 0.96865 0.573667 0.977457</float_array>
                    <technique_common>
                        <accessor count="2726" source="#Geometry-mesh033-uvSet1-array" stride="2">
                            <param name="S" type="float" />
                            <param name="T" type="float" />
                        </accessor>
                    </technique_common>
                </source>
                <source id="Geometry-mesh033-UV_Distortion" name="UV_Distortion">
                    <float_array id="Geometry-mesh033-UV_Distortion-array" count="4776">1.17237 0 0 2.42126 0 0 5.32521 0 0 0.431464 0.471914 0.571907 0.431464 0.471914 0.571906 0.431464 0.471914 0.571907 0.431464 0.471914 0.571907 0.431464 0.471913 0.571907 0.431464 0.471913 0.571907 0.431464 0.471913 0.571907 0.431464 0.471913 0.571907 0.431464 0.471914 0.571907 0.431464 0.471913 0.571907 0.431464 0.471914 0.571907 1.65104 0 0 1.10243 0 0 1.00647 0 0 1.70196 0 0 8.40876 0 0 1.12792 0 0 1.09194 0 0 0.431464 0.471914 0.571907 0.431463 0.471913 0.571908 0.431463 0.471913 0.571907 0.431464 0.471914 0.571906 0.431464 0.471914 0.571907 0.431462 0.471912 0.571908 0.431464 0.471914 0.571907 1.28277 0 0 1.27618 0 0 1.69273 0 0 1.88643 0 0 1.33171 0 0 1.14644 0 0 0.431464 0.471913 0.571907 0.431464 0.471914 0.571907 0.431464 0.471914 0.571907 0.431464 0.471914 0.571906 0.431463 0.471913 0.571908 0.431465 0.471915 0.571906 0.431492 0.471944 0.571879 0.431461 0.471911 0.571909 1.31424 0 0 3.23046 0 0 0.431464 0.471914 0.571907 0.431464 0.471914 0.571906 0.431463 0.471913 0.571907 0.431465 0.471914 0.571906 0.431464 0.471914 0.571907 0.431464 0.471914 0.571907 0.992129 0.00867698 0.00793323 2.53092 0 0 1.32934 0 0 1.49499 0 0 1.65384 0 0 0.431464 0.471913 0.571907 0.431463 0.471913 0.571907 0.431468 0.471919 0.571902 0.431461 0.471911 0.571909 0.431454 0.471903 0.571916 1.1689 0 0 1.04952 0 0 1.51784 0 0 2.43117 0 0 1.59036 0 0 0.431463 0.471913 0.571907 0.431463 0.471913 0.571907 0.431463 0.471913 0.571907 0.431463 0.471913 0.571908 0.431463 0.471912 0.571908 0.431461 0.471911 0.57191 0.431464 0.471913 0.571907 0.431467 0.471917 0.571904 6.44094 0 0 1.33222 0 0 0.431464 0.471913 0.571907 0.431465 0.471915 0.571906 0.431465 0.471915 0.571906 0.431464 0.471914 0.571907 0.431467 0.471917 0.571904 0.431463 0.471913 0.571908 0.431466 0.471916 0.571905 3.19054 0 0 1.17407 0 0 0.431464 0.471914 0.571907 0.431465 0.471914 0.571906 0.431466 0.471916 0.571905 0.431459 0.471908 0.571912 0.431467 0.471917 0.571904 0.431462 0.471911 0.571909 1.32096 0 0 1.52653 0 0 1.30463 0 0 1.33693 0 0 1.71748 0 0 0.431464 0.471913 0.571907 0.431463 0.471913 0.571908 0.431464 0.471914 0.571907 0.431465 0.471914 0.571906 0.431464 0.471914 0.571907 0.431463 0.471913 0.571907 0.431465 0.471914 0.571906 0.431463 0.471913 0.571908 0.431463 0.471913 0.571908 0.431465 0.471915 0.571906 0.431466 0.471916 0.571905 0.431464 0.471913 0.571907 0.431463 0.471913 0.571908 0.431467 0.471917 0.571904 1.0852 0 0 1.01002 0 0 1.05662 0 0 1.62022 0 0 1.30969 0 0 1.96416 0 0 1.34732 0 0 3.27813 0 0 2.29186 0 0 1.87143 0 0 0.431463 0.471913 0.571908 0.431466 0.471916 0.571905 0.431464 0.471914 0.571906 0.431462 0.471912 0.571909 0.431462 0.471912 0.571909 0.431465 0.471915 0.571906 0.431464 0.471913 0.571907 2.04376 0 0 1.48532 0 0 3.99136 0 0 3.17114 0 0 2.09569 0 0 1.94676 0 0 1.06303 0 0 1.26179 0 0 0.964212 0.0394512 0.0360697 1.08254 0 0 1.06216 0 0 1.58424 0 0 1.39698 0 0 1.14507 0 0 1.36914 0 0 1.67434 0 0 1.37035 0 0 1.98636 0 0 1.36945 0 0 1.19505 0 0 1.15677 0 0 0.431463 0.471913 0.571907 0.431463 0.471912 0.571908 0.431463 0.471913 0.571908 0.431464 0.471914 0.571907 0.431465 0.471915 0.571906 0.985229 0.0162833 0.0148876 1.74776 0 0 0.43146 0.471909 0.571911 0.431462 0.471912 0.571908 0.431465 0.471915 0.571906 0.431464 0.471914 0.571907 1.07689 0 0 1.20285 0 0 0.431464 0.471914 0.571907 0.431464 0.471914 0.571907 0.431463 0.471912 0.571908 0.431466 0.471916 0.571905 0.431462 0.471911 0.571909 1.41612 0 0 6.99067 0 0 1.66593 0 0 1.41194 0 0 0.431463 0.471913 0.571907 0.431463 0.471913 0.571908 0.431464 0.471914 0.571907 0.431464 0.471913 0.571907 0.431464 0.471914 0.571906 0.431464 0.471914 0.571907 0.431463 0.471913 0.571908 0.431479 0.471931 0.571891 1.28877 0 0 1.13942 0 0 0.431466 0.471916 0.571905 0.431463 0.471912 0.571908 0.431464 0.471913 0.571907 0.431463 0.471913 0.571908 0.431467 0.471917 0.571904 1.12724 0 0 1.20718 0 0 1.39277 0 0 1.42823 0 0 1.53906 0 0 0.431462 0.471912 0.571909 0.431463 0.471913 0.571908 0.431467 0.471917 0.571904 0.431464 0.471913 0.571907 0.431465 0.471915 0.571906 0.431462 0.471912 0.571908 0.431473 0.471923 0.571898 0.431462 0.471912 0.571909 0.431463 0.471913 0.571908 0.431452 0.471901 0.571918 3.21746 0 0 1.17805 0 0 1.18425 0 0 1.07407 0 0 1.44495 0 0 0.431463 0.471913 0.571908 0.431464 0.471913 0.571907 0.431464 0.471914 0.571907 1.43162 0 0 1.14745 0 0 0.431465 0.471915 0.571906 1.17948 0 0 1.53531 0 0 2.51342 0 0 0.431465 0.471914 0.571906 0.431465 0.471914 0.571906 0.431445 0.471893 0.571925 1.26004 0 0 1.30887 0 0 1.33676 0 0 11.1051 0 0 1.37864 0 0 1.31842 0 0 1.22287 0 0 1.42441 0 0 1.42441 0 0 1.69151 0 0 1.69151 0 0 1.33495 0 0 1.33489 0 0 1.40273 0 0 1.40279 0 0 1.58184 0 0 1.58183 0 0 1.52649 0 0 1.52644 0 0 6.76512 0 0 6.76511 0 0 0.435447 0.47627 0.567955 0.435437 0.476259 0.567965 0.435436 0.476259 0.567966 0.43543 0.476251 0.567972 0.435429 0.476251 0.567973 0.435433 0.476254 0.567969 0.435437 0.476259 0.567965 0.435437 0.476259 0.567965 0.435436 0.476259 0.567966 1.21812 0 0 1.21809 0 0 2.37305 0 0 2.37307 0 0 2.51164 0 0 2.51152 0 0 0.435437 0.47626 0.567964 0.435441 0.476263 0.567961 0.435441 0.476264 0.567961 0.435429 0.476251 0.567972 0.435418 0.476239 0.567983 0.435448 0.476271 0.567954 0.435432 0.476254 0.56797 0.435434 0.476256 0.567968 0.435431 0.476252 0.567971 0.435439 0.476261 0.567963 1.75138 0 0 1.75138 0 0 1.33685 0 0 0.435431 0.476253 0.567971 0.43543 0.476252 0.567971 0.435431 0.476253 0.567971 0.435437 0.476259 0.567965 0.435428 0.476249 0.567974 0.435433 0.476255 0.567969 0.435439 0.476261 0.567963 0.435436 0.476258 0.567966 0.435431 0.476253 0.567971 1.37554 0 0 1.37554 0 0 1.46199 0 0 1.46213 0 0 0.435436 0.476259 0.567966 0.435437 0.47626 0.567965 0.435437 0.476259 0.567965 0.435435 0.476258 0.567966 0.435438 0.47626 0.567964 0.435434 0.476256 0.567968 1.29558 0 0 1.29557 0 0 1.46724 0 0 1.4673 0 0 1.7856 0 0 1.78563 0 0 1.42358 0 0 1.42356 0 0 1.15327 0 0 1.1533 0 0 1.16599 0 0 1.16594 0 0 1.23076 0 0 1.23077 0 0 1.72586 0 0 1.9245 0 0 1.36583 0 0 1.32728 0 0 1.29806 0 0 0.435437 0.476259 0.567965 0.435438 0.47626 0.567964 0.435436 0.476259 0.567965 0.435437 0.476259 0.567965 0.435437 0.476259 0.567965 0.435436 0.476258 0.567966 0.435436 0.476258 0.567966 0.435437 0.476259 0.567965 0.435436 0.476258 0.567966 0.435437 0.47626 0.567965 0.435437 0.476259 0.567965 0.435435 0.476257 0.567967 0.435439 0.476261 0.567963 0.435436 0.476258 0.567966 0.435435 0.476257 0.567966 1.75616 0 0 0.435437 0.476259 0.567965 0.435437 0.476259 0.567965 0.435436 0.476258 0.567966 0.435437 0.476259 0.567965 0.435436 0.476259 0.567965 1.23587 0 0 2.40123 0 0 0.435437 0.476259 0.567965 0.435437 0.476259 0.567965 0.435436 0.476259 0.567966 0.435437 0.476259 0.567965 0.435437 0.476259 0.567965 0.435437 0.47626 0.567964 1.64789 0 0 1.44498 0 0 1.31102 0 0 1.6751 0 0 1.3236 0 0 2.57346 0 0 2.82427 0 0 1.5063 0 0 3.42615 0 0 3.42681 0 0 1.12304 0 0 1.12305 0 0 1.05715 0 0 1.05718 0 0 1.05935 0 0 1.05936 0 0 1.20496 0 0 0.435436 0.476259 0.567965 0.435437 0.476259 0.567965 0.435437 0.47626 0.567964 0.435436 0.476258 0.567966 0.43544 0.476262 0.567962 1.74147 0 0 1.08053 0 0 77.1022 0 0 1.44715 0 0 9.38743 0 0 3.4674 0 0 3.40639 0 0 1.13744 0 0 1.48509 0 0 1.29512 0 0 2.33804 0 0 1.91813 0 0 1.21443 0 0 1.99829 0 0 1.15288 0 0 1.28594 0 0 1.16799 0 0 2.26634 0 0 1.27139 0 0 1.26688 0 0 1.29283 0 0 1.4551 0 0 1.3703 0 0 1.01715 0 0 1.2561 0 0 8.26555 0 0 0.431036 0.471445 0.572332 0.430393 0.470742 0.57297 0.431032 0.471441 0.572336 0.431278 0.471711 0.572091 0.431055 0.471466 0.572313 0.431042 0.471453 0.572325 0.431039 0.471449 0.572328 0.431262 0.471692 0.572108 0.43105 0.471461 0.572317 0.430211 0.470543 0.57315 1.18207 0 0 1.28431 0 0 2.43395 0 0 1.47488 0 0 4.67058 0 0 1.28261 0 0 0.430635 0.471007 0.57273 0.430635 0.471007 0.57273 0.430635 0.471007 0.57273 0.429887 0.470189 0.573472 0.431588 0.472049 0.571784 0.431262 0.471693 0.572107 0.429197 0.469434 0.574156 0.430635 0.471007 0.572729 0.430635 0.471007 0.57273 0.430601 0.47097 0.572763 0.43111 0.471526 0.572258 0.430635 0.471007 0.572729 0.430635 0.471007 0.57273 0.433522 0.474164 0.569865 6.43399 0 0 1.8308 0 0 1.37573 0 0 1.27636 0 0 1.16094 0 0 0.431941 0.472436 0.571434 0.431249 0.471678 0.57212 0.432939 0.473527 0.570444 0.432413 0.472951 0.570966 0.431126 0.471545 0.572242 0.431706 0.472178 0.571667 0.431088 0.471502 0.57228 0.915433 0.0932238 0.0852332 0.905139 0.104571 0.0956075 0.711254 0.318303 0.29102 0.8157 0.203166 0.185751 0.430715 0.471095 0.57265 0.43082 0.47121 0.572546 0.430948 0.47135 0.572418 0.430846 0.471238 0.57252 0.430892 0.471288 0.572474 0.430867 0.471261 0.572499 0.42964 0.469919 0.573716 0.443652 0.485245 0.559814 0.636038 0.401218 0.366827 0.787131 0.234659 0.214545 0.435549 0.476382 0.567853 0.260149 0.284538 0.741884 0.463861 0.507348 0.539763 1.22908 0 0 1.81978 0 0 1.44502 0 0 2.42144 0 0 0.950065 0.0550462 0.0503279 1.35534 0 0 3.52236 0 0 1.01034 0 0 1.0288 0 0 0.974006 0.0286551 0.0261989 1.0921 0 0 0.441415 0.482797 0.562034 0.441415 0.482797 0.562034 0.441415 0.482797 0.562034 0.441415 0.482797 0.562034 0.441414 0.482796 0.562035 0.441416 0.482798 0.562033 0.441411 0.482793 0.562037 1.66254 0 0 22.3383 0 0 1.50586 0 0 0.441414 0.482797 0.562034 0.441414 0.482797 0.562034 0.441415 0.482797 0.562034 0.441415 0.482797 0.562034 0.441414 0.482797 0.562034 0.441415 0.482797 0.562034 0.441414 0.482796 0.562035 0.441415 0.482797 0.562034 0.441414 0.482797 0.562034 0.441415 0.482797 0.562034 0.441413 0.482795 0.562036 1.41744 0 0 1.24184 0 0 5.67821 0 0 0.441415 0.482797 0.562034 0.441414 0.482797 0.562034 0.441415 0.482797 0.562034 0.441414 0.482796 0.562035 0.441414 0.482797 0.562034 0.441414 0.482797 0.562034 0.441415 0.482798 0.562034 0.441415 0.482797 0.562034 1.49691 0 0 1.74325 0 0 1.58192 0 0 0.441414 0.482797 0.562035 0.441415 0.482798 0.562033 0.441415 0.482797 0.562034 0.441414 0.482797 0.562035 0.441414 0.482797 0.562034 0.441417 0.4828 0.562032 1.65546 0 0 2.05299 0 0 2.47717 0 0 1.07812 0 0 0.441415 0.482797 0.562034 0.441414 0.482797 0.562034 0.441414 0.482797 0.562034 0.441414 0.482797 0.562035 0.441414 0.482796 0.562035 0.441415 0.482798 0.562034 0.441416 0.482798 0.562033 0.441429 0.482813 0.562019 0.461686 0.504969 0.541921 1.29919 0 0 0.663739 0.370682 0.338909 0.872204 0.140878 0.128802 0.414593 0.453461 0.588646 0.470026 0.514091 0.533646 0.429496 0.469762 0.573859 0.891077 0.120073 0.109781 4.71207 0 0 1.10163 0 0 0.861854 0.152287 0.139234 3.73811 0 0 8.89646 0 0 1.24502 0 0 2.96651 0 0 2.994 0 0 4.46041 0 0 2.526 0 0 1.4242 0 0 1.08655 0 0 1.10105 0 0 1.24403 0 0 1.15689 0 0 1.21356 0 0 1.452 0 0 1.3797 0 0 1.25779 0 0 1.37703 0 0 1.18965 0 0 2.18416 0 0 1.35698 0 0 2.54571 0 0 3.7155 0 0 1.64204 0 0 1.61593 0 0 1.74207 0 0 5.53187 0 0 1.12335 0 0 1.21459 0 0 1.54797 0 0 1.08502 0 0 1.45764 0 0 1.88779 0 0 1.26581 0 0 1.43349 0 0 2.1621 0 0 1.13235 0 0 1.19611 0 0 1.11795 0 0 1.40786 0 0 1.3489 0 0 2.16627 0 0 1.74846 0 0 1.21399 0 0 1.53526 0 0 1.31121 0 0 1.29095 0 0 1.16692 0 0 0.998674 0.00146173 0.00133644 0.431465 0.471915 0.571906 0.431467 0.471917 0.571904 0.431468 0.471918 0.571903 0.431464 0.471913 0.571907 0.431463 0.471912 0.571908 0.431463 0.471913 0.571908 0.431471 0.471921 0.5719 1.2902 0 0 2.0414 0 0 1.49093 0 0 1.54894 0 0 1.34326 0 0 1.32578 0 0 1.53089 0 0 1.07358 0 0 1.19052 0 0 1.73407 0 0 1.35557 0 0 1.47169 0 0 1.12664 0 0 1.26864 0 0 3.95301 0 0 1.18936 0 0 1.26782 0 0 0.431466 0.471915 0.571905 0.431464 0.471914 0.571907 1.38276 0 0 1.21215 0 0 1.14731 0 0 0.431462 0.471912 0.571908 0.431462 0.471911 0.571909 0.431462 0.471912 0.571908 0.431464 0.471914 0.571907 0.431465 0.471915 0.571906 0.431463 0.471912 0.571908 0.431462 0.471912 0.571909 0.431466 0.471916 0.571905 1.61689 0 0 1.34616 0 0 1.33672 0 0 2.99143 0 0 1.20677 0 0 1.16026 0 0 2.13357 0 0 1.3522 0 0 1.72959 0 0 1.25943 0 0 1.3789 0 0 1.3267 0 0 1.32202 0 0 1.47326 0 0 2.12939 0 0 6.15295 0 0 1.1239 0 0 1.24689 0 0 1.27418 0 0 1.44762 0 0 1.31072 0 0 1.80205 0 0 8.14238 0 0 1.17307 0 0 1.10587 0 0 1.04826 0 0 5.62478 0 0 1.00662 0 0 1.21237 0 0 1.10649 0 0 1.1778 0 0 1.27139 0 0 1.82461 0 0 2.86364 0 0 3.24746 0 0 3.37185 0 0 1.16869 0 0 1.76975 0 0 2.07806 0 0 1.26427 0 0 1.37561 0 0 4.6447 0 0 4.64395 0 0 2.52137 0 0 2.52147 0 0 1.71177 0 0 1.71177 0 0 1.54432 0 0 1.54431 0 0 1.30237 0 0 3.93267 0 0 3.93138 0 0 1.98382 0 0 0.435446 0.476269 0.567956 0.435439 0.476261 0.567963 0.435434 0.476256 0.567968 0.435426 0.476247 0.567976 0.43543 0.476251 0.567972 0.435433 0.476255 0.567969 0.435438 0.47626 0.567964 0.435438 0.47626 0.567964 0.435436 0.476258 0.567966 1.11236 0 0 1.12218 0 0 1.12218 0 0 1.94803 0 0 1.94794 0 0 2.75994 0 0 2.75994 0 0 1.37094 0 0 1.37102 0 0 1.19815 0 0 0.435432 0.476254 0.56797 0.43543 0.476251 0.567972 0.435431 0.476253 0.567971 0.435437 0.47626 0.567965 0.435429 0.47625 0.567973 0.435431 0.476252 0.567971 0.435439 0.476261 0.567963 0.435436 0.476258 0.567966 0.435431 0.476253 0.567971 1.95255 0 0 1.95255 0 0 1.48774 0 0 1.48796 0 0 0.435375 0.476192 0.568026 0.435303 0.476113 0.568097 0.435436 0.476258 0.567966 0.435435 0.476257 0.567967 0.435438 0.47626 0.567964 0.435438 0.47626 0.567964 0.435433 0.476254 0.567969 1.53671 0 0 1.5367 0 0 1.31227 0 0 1.31238 0 0 1.54174 0 0 1.54172 0 0 0.435431 0.476252 0.567971 0.435431 0.476253 0.567971 0.435432 0.476254 0.56797 0.43543 0.476251 0.567972 0.43543 0.476251 0.567972 0.435426 0.476247 0.567976 0.43543 0.476251 0.567972 0.435428 0.47625 0.567973 0.435429 0.47625 0.567973 0.435428 0.47625 0.567973 0.435423 0.476244 0.567978 1.14839 0 0 1.14837 0 0 1.97283 0 0 1.97281 0 0 0.435432 0.476254 0.56797 0.435429 0.476251 0.567972 0.43543 0.476252 0.567972 0.43543 0.476251 0.567972 0.435432 0.476254 0.56797 0.43543 0.476251 0.567972 0.435422 0.476243 0.567979 7.60215 0 0 1.27314 0 0 2.70998 0 0 1.26834 0 0 1.25411 0 0 2.98992 0 0 1.4271 0 0 1.16809 0 0 1.29367 0 0 4.49809 0 0 1.7826 0 0 1.92498 0 0 1.16965 0 0 1.35781 0 0 1.51417 0 0 1.33653 0 0 3.11292 0 0 0.435436 0.476258 0.567966 0.435438 0.47626 0.567964 0.435436 0.476259 0.567966 0.435435 0.476257 0.567967 0.435436 0.476258 0.567966 0.435436 0.476259 0.567965 2.38825 0 0 2.38828 0 0 1.33877 0 0 1.33875 0 0 1.13488 0 0 1.1349 0 0 1.24782 0 0 2.02948 0 0 0.435438 0.47626 0.567964 0.435437 0.476259 0.567965 0.435437 0.476259 0.567965 1.03956 0 0 0.956205 0.0482784 0.0441403 0.884945 0.126832 0.115961 10.2377 0 0 3.52274 0 0 2.05349 0 0 1.56849 0 0 1.41318 0 0 1.23811 0 0 1.39111 0 0 1.39524 0 0 1.3813 0 0 1.63294 0 0 1.23028 0 0 2.60576 0 0 3.57754 0 0 1.22362 0 0 0.430722 0.471103 0.572643 0.431129 0.471548 0.572239 0.431015 0.471423 0.572352 0.431012 0.471419 0.572356 0.430988 0.471393 0.572379 0.431002 0.471409 0.572365 0.431058 0.471469 0.57231 0.431128 0.471546 0.57224 0.430992 0.471398 0.572375 0.430992 0.471398 0.572375 0.431047 0.471458 0.57232 1.32448 0 0 1.49092 0 0 3.0158 0 0 1.33119 0 0 0.431001 0.471407 0.572366 0.431256 0.471686 0.572114 0.430918 0.471317 0.572448 0.430972 0.471376 0.572395 0.430972 0.471376 0.572395 0.431069 0.471481 0.572299 0.431672 0.472141 0.5717 0.43121 0.471635 0.572159 0.430765 0.471149 0.5726 0.431054 0.471465 0.572314 0.430886 0.471281 0.57248 0.430279 0.470618 0.573082 0.431029 0.471438 0.572338 0.43106 0.471471 0.572308 0.430883 0.471278 0.572483 0.42536 0.465238 0.577963 1.05981 0 0 1.08471 0 0 1.76304 0 0 2.64137 0 0 1.853 0 0 0.429765 0.470056 0.573592 0.430397 0.470747 0.572965 0.431053 0.471465 0.572314 0.431081 0.471495 0.572287 0.43111 0.471526 0.572258 0.430469 0.470825 0.572894 1.40929 0 0 6.81092 0 0 4.23963 0 0 1.33308 0 0 1.16452 0 0 1.21519 0 0 4.38537 0 0 0.430496 0.470855 0.572867 0.430701 0.471079 0.572664 0.427368 0.467434 0.57597 0.431159 0.47158 0.57221 0.430868 0.471262 0.572498 0.430868 0.471262 0.572498 0.431265 0.471696 0.572105 0.431322 0.471758 0.572048 0.43092 0.471319 0.572447 0.431747 0.472223 0.571626 1.48291 0 0 1.04342 0 0 0.912001 0.0970068 0.0886919 0.43033 0.470673 0.573032 0.432134 0.472647 0.571242 0.431722 0.472196 0.571651 0.430809 0.471197 0.572557 0.440636 0.481946 0.562806 0.714759 0.314439 0.287487 4.07449 0 0 1.18976 0 0 2.20331 0 0 3.01776 0 0 0.582163 0.460607 0.421127 0.290348 0.317568 0.711921 0.33019 0.361146 0.672389 1.63459 0 0 0.991316 0.00957271 0.00875219 10.0855 0 0 1.02114 0 0 1.34059 0 0 0.970874 0.0321076 0.0293555 1.28699 0 0 1.71934 0 0 0.441415 0.482798 0.562033 0.441414 0.482797 0.562034 0.441414 0.482796 0.562035 0.441414 0.482797 0.562035 0.441414 0.482796 0.562035 0.441414 0.482797 0.562034 0.441414 0.482797 0.562035 0.441415 0.482798 0.562034 0.441415 0.482797 0.562034 0.441415 0.482797 0.562034 0.945168 0.0604448 0.0552639 0.956901 0.0475108 0.0434384 3.948 0 0 1.20642 0 0 1.84852 0 0 1.48386 0 0 1.18358 0 0 1.61465 0 0 3.76773 0 0 1.07701 0 0 1.05037 0 0 3.76754 0 0 0.895668 0.115012 0.105154 1.00007 0 0 1.03275 0 0 1.7916 0 0 1.87416 0 0 0.986195 0.015218 0.0139136 11.3694 0 0 0.441415 0.482797 0.562034 0.441415 0.482797 0.562034 0.441416 0.482798 0.562033 0.441414 0.482796 0.562035 0.441414 0.482796 0.562035 0.441416 0.482798 0.562033 0.441414 0.482797 0.562034 0.441418 0.482801 0.562031 3.13263 0 0 0.130388 0.142612 0.870631 0.324718 0.35516 0.677819 2.11363 0 0 0.908198 0.101199 0.0925245 0.441415 0.482797 0.562034 0.441415 0.482798 0.562033 0.441415 0.482797 0.562034 0.441414 0.482797 0.562035 0.441411 0.482794 0.562037 0.441413 0.482796 0.562036 51.3402 0 0 0.864891 0.148939 0.136173 0.441415 0.482798 0.562034 0.441413 0.482795 0.562036 0.441415 0.482797 0.562034 0.441414 0.482797 0.562034 0.441415 0.482797 0.562034 1.25328 0 0 2.64448 0 0 1.68249 0 0 0.971723 0.0311716 0.0284997 1.01234 0 0 1.01855 0 0 4.8477 0 0 0.431465 0.471915 0.571906 0.431466 0.471916 0.571905 0.431464 0.471914 0.571907 0.431464 0.471914 0.571907 0.431464 0.471914 0.571907 0.431464 0.471914 0.571907 1.15463 0 0 2.51886 0 0 1.85387 0 0 1.38189 0 0 1.41105 0 0 0.431463 0.471913 0.571908 0.431465 0.471914 0.571906 0.431464 0.471914 0.571907 0.431462 0.471911 0.571909 0.431469 0.47192 0.571902 2.16837 0 0 1.13077 0 0 1.45731 0 0 1.33324 0 0 2.23556 0 0 1.20742 0 0 2.09633 0 0 0.431463 0.471913 0.571908 0.431463 0.471913 0.571908 0.431463 0.471912 0.571908 0.431464 0.471913 0.571907 1.22751 0 0 1.73714 0 0 1.05562 0 0 0.431464 0.471914 0.571907 0.431465 0.471915 0.571906 0.431463 0.471913 0.571908 0.431464 0.471914 0.571907 0.431462 0.471912 0.571909 1.31031 0 0 1.4786 0 0 1.37966 0 0 3.04379 0 0 2.12216 0 0 3.81407 0 0 1.21136 0 0 1.44606 0 0 1.30465 0 0 1.3051 0 0 4.31712 0 0 2.08284 0 0 1.05589 0 0 2.04007 0 0 0.979669 0.0224119 0.0204909 3.81574 0 0 1.37522 0 0 1.3014 0 0 1.30828 0 0 0.431463 0.471912 0.571908 0.431463 0.471912 0.571908 0.431461 0.47191 0.57191 0.431408 0.471852 0.571963 1.42195 0 0 2.19784 0 0 1.23862 0 0 1.14737 0 0 2.61923 0 0 1.7804 0 0 1.53398 0 0 0.431461 0.471911 0.57191 0.431465 0.471915 0.571906 0.431466 0.471916 0.571905 0.431466 0.471916 0.571905 1.82571 0 0 1.08864 0 0 0.431465 0.471915 0.571906 0.431464 0.471914 0.571907 0.961399 0.0425528 0.0389054 1.05788 0 0 1.20397 0 0 1.35233 0 0 1.99221 0 0 2.13553 0 0 1.35642 0 0 6.17793 0 0 1.16228 0 0 1.40881 0 0 0.431463 0.471913 0.571908 0.431465 0.471915 0.571905 0.431462 0.471912 0.571909 0.431462 0.471911 0.571909 0.431465 0.471915 0.571906 18.5365 0 0 1.21161 0 0 3.08792 0 0 4.50479 0 0 1.15891 0 0 1.29153 0 0 1.11891 0 0 4.31331 0 0 1.69695 0 0 1.29445 0 0 15.6968 0 0 1.2682 0 0 1.57426 0 0 1.26191 0 0 1.21347 0 0 1.22717 0 0 1.32172 0 0 1.18864 0 0 1.14171 0 0 1.97103 0 0 1.57981 0 0 1.38189 0 0 2.58136 0 0 1.81784 0 0 2.16123 0 0 1.15287 0 0 2.68466 0 0 1.86348 0 0 1.11766 0 0 1.58538 0 0 7.17534 0 0 1.94509 0 0 3.18275 0 0 1.39834 0 0 1.21799 0 0 2.36242 0 0 1.90378 0 0 0.431464 0.471914 0.571907 0.431464 0.471914 0.571907 0.431466 0.471915 0.571905 0.431467 0.471917 0.571904 1.71075 0 0 1.20598 0 0 1.28895 0 0 0.431466 0.471916 0.571905 0.431469 0.471919 0.571902 0.431461 0.47191 0.57191 0.431418 0.471863 0.571953 1.40616 0 0 1.40616 0 0 1.67394 0 0 1.67394 0 0 1.62518 0 0 1.62524 0 0 0.43543 0.476251 0.567972 0.43543 0.476252 0.567972 0.435429 0.47625 0.567973 0.435429 0.47625 0.567973 0.435429 0.47625 0.567973 0.43543 0.476252 0.567972 0.435428 0.47625 0.567973 0.435431 0.476253 0.567971 0.435431 0.476253 0.567971 1.35678 0 0 1.35671 0 0 1.36425 0 0 1.36427 0 0 1.43758 0 0 1.12193 0 0 1.12189 0 0 1.13219 0 0 1.13219 0 0 1.22947 0 0 1.22944 0 0 0.435437 0.47626 0.567964 0.435441 0.476264 0.567961 0.435441 0.476263 0.567961 0.43543 0.476252 0.567971 0.435437 0.476259 0.567965 0.435445 0.476268 0.567957 0.435431 0.476252 0.567971 0.435437 0.476259 0.567965 3.60196 0 0 3.60192 0 0 1.29818 0 0 1.29818 0 0 1.37806 0 0 5.0928 0 0 5.09325 0 0 2.36145 0 0 2.36142 0 0 1.43319 0 0 1.43321 0 0 1.25113 0 0 1.25118 0 0 12.1369 0 0 12.1368 0 0 2.45261 0 0 2.4525 0 0 1.70639 0 0 1.70646 0 0 1.27966 0 0 1.27966 0 0 2.8877 0 0 2.8877 0 0 1.49401 0 0 1.49409 0 0 1.42826 0 0 2.90751 0 0 1.79904 0 0 1.27654 0 0 1.32567 0 0 2.37893 0 0 1.42797 0 0 1.82799 0 0 2.4545 0 0 1.39599 0 0 1.23232 0 0 1.15931 0 0 1.15293 0 0 0.435437 0.476259 0.567965 0.435437 0.476259 0.567965 0.435436 0.476259 0.567965 0.435437 0.476259 0.567965 0.435437 0.476259 0.567965 0.435436 0.476258 0.567966 0.435437 0.476259 0.567965 0.435436 0.476258 0.567966 0.435415 0.476235 0.567987 1.29761 0 0 1.6491 0 0 1.42413 0 0 1.16233 0 0 1.16234 0 0 1.3775 0 0 1.37753 0 0 1.43793 0 0 1.43791 0 0 0.43543 0.476251 0.567972 0.435433 0.476255 0.567969 0.43543 0.476252 0.567972 0.43543 0.476251 0.567972 0.435436 0.476258 0.567966 0.435424 0.476245 0.567978 0.435434 0.476256 0.567968 0.435434 0.476256 0.567968 1.10076 0 0 1.16697 0 0 1.16698 0 0 2.52979 0 0 3.20947 0 0 4.96425 0 0 4.87677 0 0 0.430553 0.470918 0.57281 0.430554 0.470918 0.57281 0.431028 0.471436 0.57234 0.431607 0.47207 0.571765 0.433722 0.474384 0.569666 0.429462 0.469724 0.573893 0.430185 0.470515 0.573176 0.430554 0.470918 0.57281 0.430554 0.470918 0.57281 0.441739 0.483152 0.561713 0.426597 0.466591 0.576736 0.431027 0.471436 0.57234 0.431027 0.471436 0.57234 0.431024 0.471432 0.572344 1.52223 0 0 1.58421 0 0 1.23047 0 0 0.4319 0.472391 0.571474 0.431955 0.472451 0.57142 0.429777 0.470069 0.573581 0.430288 0.470628 0.573074 0.430357 0.470702 0.573006 0.429923 0.470228 0.573436 0.431578 0.472038 0.571794 0.431386 0.471829 0.571984 0.430792 0.471179 0.572574 0.430224 0.470558 0.573137 0.429763 0.470053 0.573595 0.431108 0.471524 0.57226 1.40547 0 0 1.68113 0 0 1.40095 0 0 0.431119 0.471536 0.57225 0.430863 0.471257 0.572503 0.431107 0.471524 0.572261 0.431153 0.471573 0.572216 0.431003 0.471409 0.572364 0.431002 0.471408 0.572365 0.431003 0.471409 0.572365 0.431003 0.471409 0.572364 0.431002 0.471409 0.572365 0.431006 0.471413 0.572361 0.431003 0.471409 0.572365 0.430999 0.471405 0.572369 9.03832 0 0 0.430828 0.471218 0.572538 0.431253 0.471683 0.572116 0.431002 0.471409 0.572365 10.7045 0 0 1.19209 0 0 1.10664 0 0 1.57016 0 0 1.8848 0 0 1.45154 0 0 1.39061 0 0 1.59706 0 0 2.51408 0 0 1.04214 0 0 1.19749 0 0 0.431039 0.471449 0.572328 2.37217 0 0 1.14947 0 0 1.36525 0 0 1.31442 0 0 1.28552 0 0 1.9022 0 0 1.15136 0 0 6.34584 0 0 1.29921 0 0 1.52941 0 0 1.23394 0 0 1.33865 0 0 1.47919 0 0 0.893836 0.117031 0.107 7.36939 0 0 54.3139 0 0 0.792313 0.228946 0.209322 0.453529 0.496047 0.550015 0.497748 0.544411 0.506141 0.651042 0.384678 0.351706 0.430799 0.471186 0.572567 0.430927 0.471326 0.57244 0.430789 0.471176 0.572577 0.431545 0.472002 0.571827 0.43042 0.470772 0.572943 0.43111 0.471527 0.572258 0.430212 0.470544 0.573149 0.431515 0.47197 0.571856 0.432991 0.473584 0.570391 0.432038 0.472541 0.571338 0.532325 0.515547 0.471357 0.308955 0.337919 0.693459 0.431087 0.471501 0.572281 0.433049 0.473648 0.570334 0.429701 0.469985 0.573656 0.43099 0.471395 0.572377 0.431744 0.47222 0.571629 0.429076 0.469302 0.574276 0.432847 0.473426 0.570535 0.428408 0.468571 0.574939 7.7574 0 0 1.07806 0 0 3.40895 0 0 0.930543 0.0765672 0.0700043 0.441414 0.482797 0.562034 0.441414 0.482796 0.562035 0.441414 0.482797 0.562034 0.441414 0.482797 0.562035 0.441414 0.482797 0.562034 0.441414 0.482797 0.562034 0.441414 0.482797 0.562034 0.441414 0.482797 0.562034 0.441415 0.482798 0.562034 0.441411 0.482793 0.562038 1.02136 0 0 0.96973 0.0333682 0.0305081 1.3927 0 0 4.25616 0 0 0.976853 0.0255169 0.0233297 0.974747 0.0278383 0.0254521 1.44499 0 0 1.55098 0 0 1.13493 0 0 1.30581 0 0 1.42711 0 0 8.81188 0 0 1.8628 0 0 3.07935 0 0 1.73435 0 0 1.85711 0 0 2.30615 0 0 0.879442 0.132898 0.121507 8.27739 0 0 0.996552 0.00380087 0.00347508 3.61981 0 0 1.04615 0 0 0.490032 0.535972 0.513797 0.790262 0.231207 0.21139 0.615131 0.424265 0.3879 1.58786 0 0 0.488869 0.534701 0.51495 2.9997 0 0 0.327208 0.357883 0.675349 0.441415 0.482797 0.562034 0.441415 0.482798 0.562034 0.923896 0.0838938 0.0767029 0.805849 0.214025 0.19568 0.796509 0.224321 0.205094 0.978938 0.0232184 0.0212282 0.714116 0.315148 0.288136 1.33226 0 0 1.20479 0 0 6.67866 0 0 1.42275 0 0 3.25804 0 0 1.12493 0 0 1.01837 0 0 2.08302 0 0 4.10726 0 0 1.35646 0 0 1.31633 0 0 1.44336 0 0 4.07761 0 0 1.94374 0 0 1.2396 0 0 1.2149 0 0 1.21266 0 0 1.32915 0 0 1.33471 0 0 1.37725 0 0 15.0049 0 0 1.93611 0 0 2.81663 0 0 1.28522 0 0 2.96851 0 0 1.96784 0 0 1.61857 0 0 1.51839 0 0 1.30953 0 0 1.65349 0 0 1.3002 0 0 1.47379 0 0 2.1308 0 0 2.13145 0 0 2.54524 0 0 1.14378 0 0 1.56657 0 0 1.35612 0 0 1.22281 0 0 6.9401 0 0 1.12128 0 0 1.36647 0 0 2.98703 0 0 0.981367 0.0205399 0.0187793 2.7211 0 0 1.36134 0 0 2.22124 0 0 1.44963 0 0 1.33667 0 0 1.03199 0 0 3.39342 0 0 1.34647 0 0 1.157 0 0 1.23197 0 0 1.46989 0 0 1.58674 0 0 1.16384 0 0 5.54397 0 0 34.654 0 0 1.15786 0 0 2.09926 0 0 4.24685 0 0 1.14704 0 0 2.74913 0 0 5.29622 0 0 3.14541 0 0 2.33603 0 0 1.46789 0 0 3.616 0 0 1.44976 0 0 1.14892 0 0 1.2953 0 0 1.11667 0 0 2.63855 0 0 1.37225 0 0 3.16685 0 0 1.41878 0 0 1.16375 0 0 3.19448 0 0 5.83467 0 0 1.23932 0 0 2.31042 0 0 1.32807 0 0 1.13787 0 0 1.89549 0 0 1.58435 0 0 5.16524 0 0 1.8318 0 0 1.46437 0 0 1.18989 0 0 1.28413 0 0 2.89251 0 0 1.20632 0 0 0.966138 0.0373285 0.0341289 2.23474 0 0 1.24546 0 0 1.12787 0 0 1.42148 0 0 1.43602 0 0 1.32972 0 0 1.27761 0 0 1.38187 0 0 1.45358 0 0 1.0537 0 0 1.12612 0 0 1.35091 0 0 1.72578 0 0 1.31862 0 0 3.14767 0 0 3.14784 0 0 1.43774 0 0 1.4378 0 0 1.27875 0 0 1.27873 0 0 0.435429 0.476251 0.567972 0.435429 0.476251 0.567973 0.435429 0.47625 0.567973 0.43543 0.476252 0.567972 0.435429 0.47625 0.567973 0.435431 0.476253 0.567971 0.435428 0.47625 0.567973 1.58821 0 0 1.58819 0 0 1.38171 0 0 1.38168 0 0 1.74565 0 0 1.74565 0 0 3.10535 0 0 3.10538 0 0 1.2182 0 0 1.2182 0 0 3.12945 0 0 3.12942 0 0 1.21495 0 0 1.21495 0 0 1.48321 0 0 1.48316 0 0 1.22663 0 0 1.2266 0 0 2.04726 0 0 2.04741 0 0 1.54629 0 0 1.54624 0 0 3.85067 0 0 3.8507 0 0 1.73808 0 0 1.53292 0 0 1.53292 0 0 1.60229 0 0 1.60224 0 0 8.16971 0 0 8.16794 0 0 1.40067 0 0 1.40065 0 0 0.435428 0.47625 0.567973 0.435429 0.47625 0.567973 0.435434 0.476255 0.567968 0.43543 0.476251 0.567972 0.43543 0.476251 0.567972 0.435438 0.476261 0.567964 0.435426 0.476247 0.567976 0.435429 0.47625 0.567973 0.435427 0.476248 0.567975 0.435429 0.47625 0.567973 0.435429 0.47625 0.567973 0.435416 0.476237 0.567985 1.14801 0 0 1.14804 0 0 3.79264 0 0 3.79267 0 0 0.435428 0.47625 0.567974 0.435429 0.47625 0.567973 0.43543 0.476251 0.567972 0.435429 0.476251 0.567972 0.435467 0.476292 0.567935 0.435429 0.476251 0.567973 0.435415 0.476235 0.567987 1.88964 0 0 1.39839 0 0 1.30713 0 0 1.48834 0 0 1.52168 0 0 1.16881 0 0 3.87393 0 0 7.82368 0 0 1.15576 0 0 1.15966 0 0 2.03871 0 0 1.93488 0 0 1.34601 0 0 1.20939 0 0 1.28209 0 0 1.40194 0 0 1.59226 0 0 11.7434 0 0 11.73 0 0 3.21454 0 0 3.21483 0 0 0.435432 0.476254 0.56797 0.435431 0.476252 0.567971 0.43543 0.476252 0.567972 0.43543 0.476252 0.567972 0.435433 0.476255 0.567969 0.435434 0.476256 0.567968 0.435432 0.476254 0.567969 6.38651 0 0 1.45288 0 0 1.09983 0 0 2.31933 0 0 1.34263 0 0 12.2355 0 0 1.60782 0 0 1.32327 0 0 1.27531 0 0 1.23857 0 0 1.27523 0 0 1.42758 0 0 1.12318 0 0 1.45391 0 0 1.12517 0 0 1.12931 0 0 1.30009 0 0 1.24285 0 0 1.71318 0 0 2.18487 0 0 1.02782 0 0 11.318 0 0 1.13029 0 0 2.13136 0 0 1.22284 0 0 1.67049 0 0 1.38748 0 0 1.483 0 0 1.61556 0 0 1.21143 0 0 4.0148 0 0 3.85655 0 0 0.431265 0.471696 0.572105 2.93807 0 0 1.33048 0 0 1.56304 0 0 0.923611 0.0842084 0.0769905 0.692988 0.338439 0.30943 0.845674 0.170123 0.155541 0.427219 0.467271 0.576118 0.603596 0.436981 0.399525 1.98209 0 0 0.478639 0.523512 0.5251 0.280196 0.306465 0.721993 1.19437 0 0 5.57687 0 0 1.04652 0 0 1.00165 0 0 1.16433 0 0 1.2312 0 0 4.34597 0 0 0.965973 0.0375103 0.0342951 1.09608 0 0 13.2817 0 0 1.48652 0 0 1.22841 0 0 1.5564 0 0 1.28236 0 0 1.34583 0 0 1.25156 0 0 1.75181 0 0 1.17739 0 0 1.14997 0 0 1.34513 0 0 7.4809 0 0 15.1483 0 0 1.30539 0 0 242.112 0 0 2.22181 0 0 2.36373 0 0 4.67309 0 0 0.928272 0.0790699 0.0722925 1.17892 0 0 0.982784 0.0189786 0.0173519 0.383497 0.41945 0.619499 0.434399 0.475124 0.568995 1.00316 0 0 0.800484 0.219939 0.201087 1.67116 0 0 0.732447 0.29494 0.26966 0.441413 0.482795 0.562036</float_array>
                    <technique_common>
                        <accessor count="1592" source="#Geometry-mesh033-UV_Distortion-array" stride="3">
                            <param name="R" type="float" />
                            <param name="G" type="float" />
                            <param name="B" type="float" />
                        </accessor>
                    </technique_common>
                </source>
                <vertices id="Geometry-mesh033-vertices">
                    <input semantic="POSITION" source="#Geometry-mesh033-positions" />
                </vertices>
                <triangles count="3340" material="Material-glass">
                    <input semantic="VERTEX" source="#Geometry-mesh033-vertices" offset="0" />
                    <input semantic="NORMAL" source="#Geometry-mesh033-normals" offset="1" />
                    <input semantic="TEXCOORD" source="#Geometry-mesh033-uvSet1" offset="2" set="0" />
                    <input semantic="COLOR" source="#Geometry-mesh033-UV_Distortion" offset="3" set="0" />
                    <p>910 0 0 0 44 1 1 0 909 2 2 0 45 2 3 0 909 2 2 0 44 1 1 0 914 3 4 1 40 3 5 1 913 3 6 1 41 3 7 1 913 3 6 1 40 3 5 1 918 4 8 2 36 5 9 2 917 6 10 2 37 7 11 2 917 6 10 2 36 5 9 2 913 8 12 3 912 8 13 3 911 8 14 3 914 8 15 4 913 8 12 4 911 8 14 4 914 8 15 5 911 8 14 5 910 8 16 5 909 8 17 6 908 8 18 6 907 8 19 6 915 8 20 7 914 8 15 7 910 8 16 7 915 8 20 8 910 8 16 8 909 8 17 8 918 8 21 9 917 8 22 9 916 8 23 9 919 8 24 10 918 8 21 10 916 8 23 9 909 8 17 11 907 8 19 11 919 8 24 10 916 8 23 9 915 8 20 7 909 8 17 12 919 8 24 10 916 8 23 9 909 8 17 13 924 9 25 14 60 9 26 14 923 9 27 14 61 9 28 14 923 9 27 14 60 9 26 14 928 10 29 15 56 11 30 15 927 12 31 15 57 13 32 15 927 12 31 15 56 11 30 15 932 14 33 16 52 15 34 16 931 16 35 16 53 17 36 16 931 16 35 16 52 15 34 16 936 18 37 17 48 18 38 17 935 19 39 17 49 20 40 17 935 19 39 17 48 18 38 17 938 21 41 18 74 21 42 18 937 21 43 18 75 21 44 18 937 21 43 18 74 21 42 18 942 22 45 19 70 23 46 19 941 24 47 19 71 25 48 19 941 24 47 19 70 23 46 19 946 26 49 20 66 27 50 20 945 28 51 20 67 28 52 20 945 28 51 20 66 27 50 20 941 8 53 21 940 8 54 21 939 8 55 21 946 8 56 22 945 8 57 22 944 8 58 22 947 8 59 23 946 8 56 23 944 8 58 23 939 8 55 21 938 8 60 24 937 8 61 24 942 8 62 25 941 8 53 25 939 8 55 25 942 8 62 5 939 8 55 5 937 8 61 5 944 8 58 26 943 8 63 26 942 8 62 26 944 8 58 27 942 8 62 27 937 8 61 27 937 8 61 5 947 8 59 5 944 8 58 5 952 29 64 28 83 29 65 28 951 30 66 28 84 31 67 28 951 30 66 28 83 29 65 28 956 32 68 29 79 33 69 29 955 34 70 29 80 35 71 29 955 34 70 29 79 33 69 29 960 36 72 30 24 36 73 30 959 36 74 30 76 36 75 30 959 36 74 30 24 36 73 30 962 37 76 31 96 37 77 31 961 37 78 31 97 37 79 31 961 37 78 31 96 37 77 31 966 38 80 32 92 38 81 32 965 39 82 32 93 40 83 32 965 39 82 32 92 38 81 32 970 41 84 33 88 41 85 33 969 42 86 33 89 43 87 33 969 42 86 33 88 41 85 33 967 8 88 34 966 8 89 34 965 8 90 34 967 8 88 35 965 8 90 35 964 8 91 35 963 8 92 34 962 8 93 34 961 8 94 34 971 8 95 36 970 8 96 36 969 8 97 36 968 8 98 37 967 8 88 37 964 8 91 37 961 8 94 38 971 8 95 38 969 8 97 38 963 8 92 39 961 8 94 39 969 8 97 39 969 8 97 40 968 8 98 40 964 8 91 40 969 8 97 41 964 8 91 41 963 8 92 41 976 44 99 42 102 44 100 42 975 45 101 42 103 46 102 42 975 45 101 42 102 44 100 42 980 47 103 43 98 47 104 43 979 47 105 43 99 47 106 43 979 47 105 43 98 47 104 43 977 8 107 44 976 8 108 44 975 8 109 44 977 8 107 45 975 8 109 45 974 8 110 45 980 8 111 46 979 8 112 46 978 8 113 46 981 8 114 45 980 8 111 45 978 8 113 45 981 8 114 47 978 8 113 47 977 8 107 47 974 8 110 48 973 8 115 48 972 8 116 48 974 8 110 25 972 8 116 48 981 8 114 25 981 8 114 49 977 8 107 49 974 8 110 49 986 48 117 50 115 48 118 50 985 48 119 50 116 48 120 50 985 48 119 50 115 48 118 50 990 49 121 51 111 50 122 51 989 51 123 51 112 51 124 51 989 51 123 51 111 50 122 51 994 52 125 52 107 52 126 52 993 53 127 52 108 54 128 52 993 53 127 52 107 52 126 52 996 55 129 53 120 55 130 53 995 55 131 53 126 55 132 53 995 55 131 53 120 55 130 53 1000 56 133 54 124 57 134 54 999 58 135 54 123 58 136 54 999 58 135 54 124 57 134 54 996 8 137 55 995 8 138 55 1001 8 139 55 1000 8 140 56 999 8 141 56 998 8 142 56 1000 8 140 57 998 8 142 57 997 8 143 57 1001 8 139 58 1000 8 140 58 997 8 143 58 1001 8 139 59 997 8 143 59 996 8 137 59 1006 59 144 60 132 60 145 60 1005 61 146 60 133 62 147 60 1005 61 146 60 132 60 145 60 1010 63 148 61 128 63 149 61 1009 64 150 61 129 65 151 61 1009 64 150 61 128 63 149 61 1012 66 152 62 146 66 153 62 1011 66 154 62 25 66 155 62 1011 66 154 62 146 66 153 62 1016 67 156 63 142 67 157 63 1015 67 158 63 143 67 159 63 1015 67 158 63 142 67 157 63 1020 68 160 64 138 69 161 64 1019 70 162 64 139 70 163 64 1019 70 162 64 138 69 161 64 140 71 164 65 139 71 165 65 138 71 166 65 144 71 167 66 143 71 168 66 142 71 169 66 145 71 170 67 144 71 167 66 142 71 169 67 146 71 171 68 145 71 170 68 142 71 169 68 25 71 172 35 146 71 171 35 142 71 169 35 140 71 164 69 138 71 166 69 137 71 173 69 25 71 172 70 142 71 169 70 141 71 174 70 136 71 175 71 25 71 172 71 141 71 174 71 141 71 174 72 140 71 164 72 137 71 173 72 141 71 174 25 137 71 173 25 136 71 175 25 1026 72 176 73 154 72 177 73 1025 73 178 73 155 74 179 73 1025 73 178 73 154 72 177 73 1030 75 180 74 150 76 181 74 1029 77 182 74 151 78 183 74 1029 77 182 74 150 76 181 74 155 71 184 75 154 71 185 75 153 71 186 75 155 71 184 76 153 71 186 76 152 71 187 76 155 71 184 5 152 71 187 5 151 71 188 5 156 71 189 77 155 71 184 77 151 71 188 77 147 71 190 78 156 71 189 78 151 71 188 78 150 71 191 79 149 71 192 79 148 71 193 79 150 71 191 80 148 71 193 80 147 71 190 80 147 71 190 81 151 71 188 81 150 71 191 81 1036 79 194 82 162 79 195 82 1035 79 196 82 163 79 197 82 1035 79 196 82 162 79 195 82 1040 80 198 83 158 81 199 83 1039 82 200 83 159 83 201 83 1039 82 200 83 158 81 199 83 1039 8 202 84 1038 8 203 84 1037 8 204 84 1036 8 205 47 1035 8 206 47 1034 8 207 47 1036 8 205 85 1034 8 207 47 1033 8 208 85 1033 8 208 86 1041 8 209 86 1040 8 210 86 1040 8 210 87 1039 8 202 87 1037 8 204 87 1037 8 204 88 1036 8 205 88 1033 8 208 88 1033 8 208 89 1040 8 210 89 1037 8 204 89 1046 84 211 90 168 84 212 90 1045 85 213 90 167 86 214 90 1045 85 213 90 168 84 212 90 1050 87 215 91 172 88 216 91 1049 89 217 91 171 89 218 91 1049 89 217 91 172 88 216 91 1054 90 219 92 176 91 220 92 1053 92 221 92 175 92 222 92 1053 92 221 92 176 91 220 92 1058 93 223 93 180 93 224 93 1057 94 225 93 179 95 226 93 1057 94 225 93 180 93 224 93 1062 96 227 94 184 97 228 94 1061 98 229 94 183 98 230 94 1061 98 229 94 184 97 228 94 1048 99 231 95 1047 99 232 95 1046 99 233 95 1059 99 234 77 1058 99 235 77 1057 99 236 77 1059 99 234 5 1057 99 236 5 1056 99 237 5 1059 99 234 96 1056 99 237 96 1055 99 238 96 1062 99 239 97 1061 99 240 97 1060 99 241 97 1045 99 242 98 1044 99 243 98 1043 99 172 98 1046 99 233 34 1045 99 242 34 1043 99 172 34 1048 99 231 99 1046 99 233 99 1043 99 172 99 1048 99 231 44 1043 99 172 44 1042 99 244 44 1060 99 241 100 1059 99 234 100 1055 99 238 100 1054 99 245 101 1053 99 246 101 1052 99 247 101 1062 99 239 102 1060 99 241 102 1055 99 238 96 1052 99 247 103 1051 99 248 103 1050 99 249 103 1055 99 238 104 1054 99 245 104 1052 99 247 104 1063 99 250 105 1062 99 239 105 1055 99 238 105 1042 99 244 44 1063 99 250 10 1055 99 238 10 1042 99 244 5 1055 99 238 5 1052 99 247 5 1042 99 244 106 1052 99 247 106 1050 99 249 106 1042 99 244 107 1050 99 249 107 1049 99 251 107 1042 99 244 108 1049 99 251 108 1048 99 231 108 1068 100 252 109 190 100 253 109 1067 100 254 109 189 100 255 109 1067 100 254 109 190 100 253 109 1072 101 256 110 194 102 257 110 1071 103 258 110 193 104 259 110 1071 103 258 110 194 102 257 110 1064 55 260 111 186 55 261 111 1075 55 262 111 197 55 263 111 1075 55 262 111 186 55 261 111 1078 55 264 112 198 55 265 112 1077 55 266 112 22 55 267 112 1077 55 266 112 198 55 265 112 1082 105 268 113 202 105 269 113 1081 106 270 113 201 107 271 113 1081 106 270 113 202 105 269 113 1086 108 272 114 206 108 273 114 1085 109 274 114 205 110 275 114 1085 109 274 114 206 108 273 114 1090 111 276 115 210 111 277 115 1089 112 278 115 209 113 279 115 1089 112 278 115 210 111 277 115 1092 114 280 116 212 114 281 116 1091 114 282 116 211 114 283 116 1091 114 282 116 212 114 281 116 1096 115 284 117 216 116 285 117 1095 117 286 117 215 118 287 117 1095 117 286 117 216 116 285 117 1100 119 288 118 220 119 289 118 1099 120 290 118 219 121 291 118 1099 120 290 118 220 119 289 118 217 66 292 49 218 66 293 49 219 66 294 49 217 66 292 119 219 66 294 119 220 66 295 119 216 66 296 80 217 66 292 80 220 66 295 80 220 66 295 120 221 66 297 120 222 66 298 120 216 66 296 121 220 66 295 121 222 66 298 121 215 66 299 122 216 66 296 122 222 66 298 122 211 66 300 123 212 66 301 123 213 66 302 123 222 66 298 80 211 66 300 80 213 66 302 80 214 66 303 124 215 66 299 124 222 66 298 124 213 66 302 125 214 66 303 125 222 66 298 125 1106 122 304 126 225 122 305 126 1105 122 306 126 224 122 307 126 1105 122 306 126 225 122 305 126 1110 123 308 127 229 124 309 127 1109 125 310 127 228 126 311 127 1109 125 310 127 229 124 309 127 1114 127 312 128 233 127 313 128 1113 127 314 128 232 127 315 128 1113 127 314 128 233 127 313 128 1118 128 316 129 237 128 317 129 1117 129 318 129 236 130 319 129 1117 129 318 129 237 128 317 129 1120 131 320 130 239 132 321 130 1119 133 322 130 238 133 323 130 1119 133 322 130 239 132 321 130 1124 71 324 131 243 71 325 131 1123 71 326 131 242 71 327 131 1123 71 326 131 243 71 325 131 1128 134 328 132 247 134 329 132 1127 135 330 132 246 136 331 132 1127 135 330 132 247 134 329 132 1130 137 332 133 249 137 333 133 1129 137 334 133 248 137 335 133 1129 137 334 133 249 137 333 133 1134 138 336 134 253 138 337 134 1133 139 338 134 252 140 339 134 1133 139 338 134 253 138 337 134 1138 141 340 135 257 142 341 135 1137 143 342 135 256 144 343 135 1137 143 342 135 257 142 341 135 1129 36 344 136 248 36 345 136 1141 36 346 136 260 36 347 136 1141 36 346 136 248 36 345 136 1144 145 348 137 262 146 349 137 1143 147 350 137 261 147 351 137 1143 147 350 137 262 146 349 137 1148 148 352 138 266 148 353 138 1147 149 354 138 265 150 355 138 1147 149 354 138 266 148 353 138 1152 151 356 139 270 152 357 139 1151 153 358 139 269 153 359 139 1151 153 358 139 270 152 357 139 1142 8 360 140 18 8 361 140 1155 8 362 140 273 8 363 140 1155 8 362 140 18 8 361 140 1158 154 364 141 282 155 365 141 1157 156 366 141 283 157 367 141 1157 156 366 141 282 155 365 141 1162 158 368 142 278 159 369 142 1161 160 370 142 279 161 371 142 1161 160 370 142 278 159 369 142 1166 162 372 143 274 162 373 143 1165 163 374 143 275 164 375 143 1165 163 374 143 274 162 373 143 1168 165 376 144 285 165 377 144 1167 165 378 144 17 165 379 144 1167 165 378 144 285 165 377 144 1172 166 380 145 289 167 381 145 1171 168 382 145 288 168 383 145 1171 168 382 145 289 167 381 145 1176 169 384 146 293 170 385 146 1175 171 386 146 292 172 387 146 1175 171 386 146 293 170 385 146 1172 66 388 84 1171 66 389 84 1170 66 390 84 1169 66 391 147 1168 66 392 147 1167 66 244 147 1175 66 393 48 1174 66 394 48 1173 66 395 48 1169 66 391 7 1167 66 244 7 1177 66 396 7 1172 66 388 148 1170 66 390 148 1169 66 391 148 1173 66 395 48 1172 66 388 48 1169 66 391 48 1176 66 397 149 1175 66 393 149 1173 66 395 149 1173 66 395 48 1169 66 391 150 1177 66 396 150 1177 66 396 151 1176 66 397 151 1173 66 395 151 1182 173 398 152 299 173 399 152 1181 173 400 152 298 173 401 152 1181 173 400 152 299 173 399 152 1186 174 402 153 303 175 403 153 1185 176 404 153 302 176 405 153 1185 176 404 153 303 175 403 153 301 99 406 154 302 99 407 154 303 99 408 154 297 99 409 155 298 99 410 155 299 99 411 155 297 99 409 156 299 99 411 156 300 99 412 156 297 99 409 157 300 99 412 157 301 99 406 157 296 99 413 67 297 99 409 67 301 99 406 67 305 99 414 25 295 99 415 25 296 99 413 25 296 99 413 70 301 99 406 70 303 99 408 70 296 99 413 5 303 99 408 5 304 99 416 5 296 99 413 95 304 99 416 95 305 99 414 95 1192 177 417 158 308 178 418 158 1191 179 419 158 307 179 420 158 1191 179 419 158 308 178 418 158 1196 180 421 159 312 181 422 159 1195 182 423 159 311 183 424 159 1195 182 423 159 312 181 422 159 306 99 425 160 307 99 426 160 308 99 427 160 306 99 425 160 308 99 427 84 309 99 428 84 312 99 429 24 313 99 430 24 314 99 431 24 312 99 429 161 314 99 431 161 315 99 432 161 311 99 433 162 312 99 429 162 315 99 432 162 310 99 434 163 311 99 433 163 315 99 432 163 315 99 432 85 306 99 425 85 309 99 428 85 315 99 432 164 309 99 428 164 310 99 434 164 1202 184 435 165 317 185 436 165 1201 186 437 165 316 186 438 165 1201 186 437 165 317 185 436 165 1206 187 439 166 321 187 440 166 1205 187 441 166 320 187 442 166 1205 187 441 166 321 187 440 166 1210 188 443 167 325 189 444 167 1209 190 445 167 324 190 446 167 1209 190 445 167 325 189 444 167 1214 191 447 168 329 192 448 168 1213 193 449 168 328 193 450 168 1213 193 449 168 329 192 448 168 16 99 451 169 316 99 452 169 317 99 453 169 318 99 454 44 319 99 455 44 320 99 456 44 318 99 454 170 320 99 456 170 321 99 457 170 327 99 458 171 328 99 459 171 329 99 460 171 326 99 461 36 327 99 458 171 329 99 460 36 326 99 461 172 329 99 460 172 330 99 462 172 325 99 463 67 326 99 461 67 330 99 462 67 325 99 463 35 330 99 462 35 331 99 464 35 325 99 463 157 331 99 464 157 15 99 114 157 324 99 465 7 325 99 463 7 15 99 114 157 16 99 451 173 317 99 453 173 318 99 454 173 15 99 114 106 16 99 451 106 318 99 454 106 323 99 466 121 324 99 465 121 15 99 114 121 322 99 467 174 323 99 466 174 15 99 114 174 322 99 467 175 15 99 114 175 318 99 454 175 318 99 454 176 321 99 457 176 322 99 467 176 1220 194 468 177 335 194 469 177 1219 195 470 177 334 196 471 177 1219 195 470 177 335 194 469 177 1224 197 472 178 339 198 473 178 1223 199 474 178 338 200 475 178 1223 199 474 178 339 198 473 178 332 99 476 179 333 99 477 179 334 99 478 179 336 99 479 180 337 99 480 180 338 99 481 180 335 99 482 97 336 99 479 97 338 99 481 97 339 99 483 181 340 99 297 181 341 99 484 181 339 99 483 107 341 99 484 107 332 99 476 107 332 99 476 182 334 99 478 182 335 99 482 182 335 99 482 183 338 99 481 183 339 99 483 183 332 99 476 147 335 99 482 147 339 99 483 147 1230 201 485 184 344 202 486 184 1229 203 487 184 343 204 488 184 1229 203 487 184 344 202 486 184 1234 205 489 185 348 206 490 185 1233 207 491 185 347 208 492 185 1233 207 491 185 348 206 490 185 1238 209 493 186 352 210 494 186 1237 211 495 186 351 212 496 186 1237 211 495 186 352 210 494 186 1242 213 497 187 356 214 498 187 1241 215 499 187 355 216 500 187 1241 215 499 187 356 214 498 187 1246 217 501 188 360 217 502 188 1245 217 503 188 359 217 504 188 1245 217 503 188 360 217 502 188 357 99 505 3 358 99 506 3 359 99 507 3 361 99 508 38 362 99 509 38 14 99 510 38 348 99 511 189 349 99 512 189 350 99 513 189 360 99 514 190 361 99 508 38 14 99 510 38 347 99 515 191 348 99 511 191 350 99 513 191 343 99 516 170 344 99 517 170 345 99 518 170 342 99 519 192 343 99 516 192 345 99 518 192 350 99 513 67 351 99 520 67 352 99 521 67 359 99 507 193 360 99 514 193 14 99 510 193 357 99 505 12 359 99 507 12 14 99 510 12 356 99 522 55 357 99 505 55 14 99 510 55 346 99 523 194 347 99 515 194 350 99 513 194 350 99 513 195 352 99 521 195 353 99 524 195 346 99 523 3 350 99 513 3 353 99 524 3 355 99 525 196 356 99 522 196 14 99 510 196 14 99 510 38 342 99 519 197 345 99 518 197 346 99 523 198 353 99 524 198 354 99 526 198 346 99 523 101 354 99 526 101 355 99 525 101 345 99 518 108 346 99 523 108 355 99 525 108 14 99 510 95 345 99 518 95 355 99 525 95 1252 218 527 199 365 219 528 199 1251 220 529 199 364 220 530 199 1251 220 529 199 365 219 528 199 1256 221 531 200 369 222 532 200 1255 223 533 200 368 223 534 200 1255 223 533 200 369 222 532 200 1255 66 535 155 1254 66 536 155 1253 66 537 155 1255 66 535 169 1253 66 537 169 1252 66 538 169 1256 66 539 172 1255 66 535 172 1252 66 538 172 1256 66 539 55 1252 66 538 55 1251 66 540 55 1250 66 541 48 1249 66 542 48 1257 66 543 48 1257 66 543 48 1256 66 539 11 1251 66 540 11 1257 66 543 9 1251 66 540 9 1250 66 541 9 1262 224 544 201 375 225 545 201 1261 226 546 201 374 227 547 201 1261 226 546 201 375 225 545 201 1266 228 548 202 379 228 549 202 1265 229 550 202 378 230 551 202 1265 229 550 202 379 228 549 202 1270 231 552 203 383 232 553 203 1269 233 554 203 382 234 555 203 1269 233 554 203 383 232 553 203 380 99 556 6 381 99 557 6 382 99 558 6 379 99 559 6 380 99 556 6 382 99 558 6 379 99 559 107 382 99 558 107 383 99 560 107 383 99 560 24 384 99 561 24 385 99 562 24 379 99 559 204 383 99 560 204 385 99 562 204 373 99 563 95 374 99 564 95 375 99 565 95 373 99 563 95 375 99 565 205 376 99 566 205 379 99 559 7 385 99 562 7 386 99 567 7 372 99 568 95 373 99 563 95 376 99 566 205 378 99 569 38 379 99 559 38 386 99 567 38 377 99 570 161 378 99 569 161 386 99 567 161 386 99 567 49 372 99 568 49 376 99 566 49 386 99 567 206 376 99 566 206 377 99 570 161 1276 235 571 207 389 236 572 207 1275 237 573 207 388 238 574 207 1275 237 573 207 389 236 572 207 1280 239 575 208 393 240 576 208 1279 241 577 208 392 242 578 208 1279 241 577 208 393 240 576 208 389 99 579 172 390 99 580 172 391 99 581 172 394 99 582 149 395 99 583 149 396 99 584 149 388 99 585 209 389 99 579 209 391 99 581 209 388 99 585 169 391 99 581 169 392 99 586 169 393 99 587 3 394 99 582 3 396 99 584 3 393 99 587 10 396 99 584 10 387 99 588 10 387 99 588 190 388 99 585 190 392 99 586 190 387 99 588 10 392 99 586 25 393 99 587 25 1286 243 589 210 406 244 590 210 1285 245 591 210 407 245 592 210 1285 245 591 210 406 244 590 210 1290 246 593 211 402 246 594 211 1289 246 595 211 403 246 596 211 1289 246 595 211 402 246 594 211 1294 247 597 212 398 248 598 212 1293 249 599 212 399 250 600 212 1293 249 599 212 398 248 598 212 1283 66 172 99 1295 66 601 99 1294 66 602 99 1289 66 603 5 1288 66 604 5 1287 66 605 5 1289 66 603 84 1287 66 605 84 1286 66 606 84 1283 66 172 99 1294 66 602 5 1293 66 607 5 1283 66 172 95 1293 66 607 95 1292 66 608 95 1283 66 172 84 1292 66 608 84 1291 66 609 84 1283 66 172 103 1291 66 609 103 1290 66 610 103 1289 66 603 172 1286 66 606 172 1285 66 611 172 1289 66 603 213 1285 66 611 213 1284 66 612 213 1289 66 603 214 1284 66 612 214 1283 66 172 214 1283 66 172 215 1290 66 610 215 1289 66 603 215 1300 251 613 216 417 251 614 216 1299 252 615 216 418 253 616 216 1299 252 615 216 417 251 614 216 1304 254 617 217 413 254 618 217 1303 254 619 217 414 254 620 217 1303 254 619 217 413 254 618 217 1308 255 621 218 409 255 622 218 1307 256 623 218 410 257 624 218 1307 256 623 218 409 255 622 218 1310 258 625 219 434 258 626 219 1309 258 627 219 435 258 628 219 1309 258 627 219 434 258 626 219 1314 259 629 220 430 260 630 220 1313 261 631 220 431 262 632 220 1313 261 631 220 430 260 630 220 1318 263 633 221 426 264 634 221 1317 265 635 221 427 266 636 221 1317 265 635 221 426 264 634 221 1322 267 637 222 422 267 638 222 1321 268 639 222 423 269 640 222 1321 268 639 222 422 267 638 222 449 270 641 223 34 271 642 223 1324 271 643 223 1323 272 644 224 1324 271 643 224 34 271 642 224 445 273 645 225 446 274 646 225 1328 275 647 225 1327 276 648 226 1328 275 647 225 446 274 646 225 1331 277 649 227 1332 278 650 227 442 279 651 227 441 280 652 228 442 279 651 228 1332 278 650 228 438 281 653 229 1335 282 654 229 437 283 655 229 1336 284 656 230 437 283 655 230 1335 282 654 230 1338 285 657 231 460 286 658 231 1337 286 659 231 31 287 660 232 1337 286 659 232 460 286 658 232 1341 288 661 233 1342 289 662 233 457 289 663 233 456 290 664 234 457 289 663 234 1342 289 662 234 453 291 665 235 1345 292 666 235 452 293 667 235 1346 294 668 236 452 293 667 236 1345 292 666 236 454 295 669 237 453 296 670 237 452 297 671 237 457 298 672 238 456 299 673 238 455 300 674 238 458 301 675 239 457 298 672 239 455 300 674 239 451 302 676 240 450 303 677 240 31 304 678 240 452 297 671 241 451 302 676 241 31 304 678 241 454 295 669 242 452 297 671 242 31 304 678 242 455 300 674 243 454 295 669 243 31 304 678 243 460 305 679 244 459 306 680 244 458 301 675 244 458 301 675 239 455 300 674 245 31 304 678 245 31 304 678 238 460 305 679 238 458 301 675 238 470 307 681 246 471 308 682 246 1352 309 683 246 1351 310 684 247 1352 309 683 247 471 308 682 247 466 311 685 248 467 312 686 248 1356 312 687 248 1355 313 688 249 1356 312 687 249 467 312 686 249 462 314 689 250 463 315 690 250 1360 316 691 250 1359 317 692 251 1360 316 691 251 463 315 690 251 1351 318 693 252 1350 319 694 252 1349 320 695 252 1357 321 696 253 1356 322 697 253 1355 323 698 253 1358 324 699 254 1357 321 696 254 1355 323 698 254 1360 325 700 255 1359 326 701 255 1358 324 699 255 1351 318 693 238 1349 320 695 238 1361 327 702 238 1353 328 703 256 1352 329 704 256 1351 318 693 256 1354 330 705 257 1353 328 703 257 1351 318 693 257 1360 325 700 258 1358 324 699 258 1355 323 698 258 1354 330 705 259 1351 318 693 259 1361 327 702 259 1355 323 698 260 1354 330 705 260 1361 327 702 260 1361 327 702 261 1360 325 700 261 1355 323 698 261 1366 331 706 262 480 332 707 262 1365 332 708 262 481 333 709 263 1365 332 708 263 480 332 707 263 476 334 710 264 477 335 711 264 1370 336 712 264 1369 335 713 264 1370 336 712 264 477 335 711 264 481 337 714 265 480 338 715 265 479 339 716 265 482 340 717 266 481 337 714 266 479 339 716 266 476 341 718 267 475 342 719 267 474 343 720 267 478 344 721 268 477 345 722 268 476 341 718 268 482 340 717 269 479 339 716 269 478 344 721 269 484 346 723 270 483 347 724 270 482 340 717 270 478 344 721 271 476 341 718 271 474 343 720 271 478 344 721 272 474 343 720 272 484 346 723 272 484 346 723 273 482 340 717 273 478 344 721 273 490 348 725 274 491 349 726 274 1376 350 727 274 1375 351 728 275 1376 350 727 275 491 349 726 275 486 352 729 276 487 353 730 276 1380 354 731 276 1379 355 732 277 1380 354 731 277 487 353 730 277 486 356 733 278 485 357 734 278 32 358 735 278 490 359 736 279 489 360 737 279 488 361 738 279 487 362 739 280 486 356 733 280 32 358 735 280 492 363 740 272 491 364 741 272 490 359 736 272 492 363 740 281 490 359 736 281 488 361 738 281 492 363 740 279 488 361 738 279 487 362 739 279 32 358 735 282 493 365 742 282 492 363 740 282 492 363 740 283 487 362 739 283 32 358 735 283 1386 366 743 284 505 367 744 284 1385 368 745 284 506 369 746 285 1385 368 745 285 505 367 744 285 1389 370 747 286 1390 371 748 286 502 371 749 286 501 372 750 287 502 371 749 287 1390 371 748 287 1394 373 751 288 497 374 752 288 1393 375 753 288 498 376 754 289 1393 375 753 289 497 374 752 289 1383 377 755 290 33 377 756 290 1397 377 757 290 494 377 758 291 1397 377 757 291 33 377 756 291 1400 378 759 292 515 379 760 292 1399 380 761 292 516 381 762 293 1399 380 761 293 515 379 760 293 1404 382 763 294 511 383 764 294 1403 383 765 294 512 384 766 295 1403 383 765 295 511 383 764 295 1398 385 767 296 517 386 768 296 1407 386 769 296 508 387 770 297 1407 386 769 297 517 386 768 297 1410 66 771 298 535 66 772 298 1409 66 773 298 28 66 774 298 1409 66 773 298 535 66 772 298 1414 71 775 299 531 71 776 299 1413 71 777 299 532 71 778 299 1413 71 777 299 531 71 776 299 1418 388 779 300 527 388 780 300 1417 389 781 300 528 390 782 300 1417 389 781 300 527 388 780 300 1422 391 783 301 523 392 784 301 1421 393 785 301 524 394 786 301 1421 393 785 301 523 392 784 301 1426 395 787 302 519 396 788 302 1425 397 789 302 520 398 790 302 1425 397 789 302 519 396 788 302 1419 36 791 303 1418 36 792 303 1417 36 793 303 1419 36 791 304 1417 36 793 304 1416 36 794 304 1414 36 795 280 1413 36 796 280 1412 36 797 280 1415 36 798 305 1414 36 795 305 1412 36 797 305 1416 36 794 306 1415 36 798 306 1412 36 797 306 1411 36 799 307 1410 36 800 307 1409 36 735 307 1412 36 797 308 1411 36 799 308 1409 36 735 308 1412 36 797 309 1409 36 735 309 1408 36 801 309 1416 36 794 305 1412 36 797 305 1408 36 801 305 1419 36 791 310 1416 36 794 310 1408 36 801 310 1423 36 802 303 1422 36 803 303 1421 36 804 303 1420 36 805 311 1419 36 791 311 1408 36 801 309 1421 36 804 312 1420 36 805 312 1408 36 801 312 1423 36 802 313 1421 36 804 313 1408 36 801 313 1424 36 806 314 1423 36 802 314 1408 36 801 314 1427 36 807 315 1426 36 808 315 1425 36 809 315 1424 36 806 316 1408 36 801 316 1427 36 807 316 1427 36 807 317 1425 36 809 317 1424 36 806 317 1432 399 810 318 538 400 811 318 1431 401 812 318 539 402 813 318 1431 401 812 318 538 400 811 318 542 55 814 319 541 55 815 319 540 55 816 319 542 55 814 320 540 55 816 320 539 55 817 320 542 55 814 321 539 55 817 321 538 55 818 321 538 55 818 322 537 55 819 322 536 55 820 322 542 55 814 323 538 55 818 323 536 55 820 323 1438 403 821 324 548 403 822 324 1437 403 823 324 549 403 824 324 1437 403 823 324 548 403 822 324 1442 404 825 325 544 404 826 325 1441 405 827 325 545 406 828 325 1441 405 827 325 544 404 826 325 1438 36 829 326 1437 36 830 326 1436 36 831 326 1438 36 829 327 1436 36 831 327 1435 36 832 327 1441 36 833 307 1440 36 834 307 1439 36 835 307 1442 36 836 328 1441 36 833 328 1439 36 835 328 1438 36 829 329 1435 36 832 327 1443 36 837 329 1442 36 836 330 1439 36 835 307 1438 36 829 330 1443 36 837 331 1442 36 836 331 1438 36 829 331 1448 407 838 332 564 408 839 332 1447 409 840 332 565 409 841 332 1447 409 840 332 564 408 839 332 1452 410 842 333 560 410 843 333 1451 410 844 333 561 410 845 333 1451 410 844 333 560 410 843 333 1456 411 846 334 556 412 847 334 1455 413 848 334 557 414 849 334 1455 413 848 334 556 412 847 334 1460 415 850 335 552 415 851 335 1459 415 852 335 553 415 853 335 1459 415 852 335 552 415 851 335 1462 416 854 336 579 416 855 336 1461 416 856 336 580 416 857 336 1461 416 856 336 579 416 855 336 1466 417 858 337 575 417 859 337 1465 417 860 337 576 417 861 337 1465 417 860 337 575 417 859 337 1470 418 862 338 571 418 863 338 1469 418 864 338 572 418 865 338 1469 418 864 338 571 418 863 338 1461 71 856 339 580 71 857 339 1473 71 866 339 30 71 867 339 1473 71 866 339 580 71 857 339 1476 419 868 340 590 420 869 340 1475 421 870 340 591 422 871 341 1475 421 870 341 590 420 869 341 1480 423 872 342 586 424 873 342 1479 425 874 342 587 426 875 343 1479 425 874 343 586 424 873 343 582 427 876 344 583 428 877 344 1484 429 878 344 1483 430 879 345 1484 429 878 345 583 428 877 345 1485 431 880 346 1486 432 881 346 581 433 882 346 598 434 883 347 581 433 882 347 1486 432 881 347 1490 435 884 348 594 436 885 348 1489 437 886 348 595 438 887 348 1489 437 886 348 594 436 885 348 436 439 888 349 581 440 889 349 598 55 890 349 436 439 888 350 598 55 890 350 597 55 891 350 436 439 888 309 597 55 891 309 596 55 892 309 592 55 893 322 436 439 888 322 596 55 892 322 595 55 894 351 594 55 895 351 593 55 896 351 596 55 892 352 595 55 894 352 593 55 896 352 596 55 892 353 593 55 896 353 592 55 893 353 1496 441 897 354 611 441 898 354 1495 442 899 354 612 443 900 354 1495 442 899 354 611 441 898 354 1500 444 901 355 607 445 902 355 1499 9 903 355 608 9 904 355 1499 9 903 355 607 445 902 355 1504 446 905 356 603 446 906 356 1503 447 907 356 604 448 908 356 1503 447 907 356 603 446 906 356 1508 449 909 357 599 449 910 357 1507 450 911 357 600 451 912 357 1507 450 911 357 599 449 910 357 1510 452 913 358 626 453 914 358 1509 454 915 358 627 454 916 358 1509 454 915 358 626 453 914 358 1514 455 917 359 622 456 918 359 1513 457 919 359 623 458 920 359 1513 457 919 359 622 456 918 359 1518 459 921 360 618 459 922 360 1517 459 923 360 619 459 924 360 1517 459 923 360 618 459 922 360 1522 460 925 361 614 460 926 361 1521 461 927 361 615 462 928 361 1521 461 927 361 614 460 926 361 1524 66 929 362 628 66 930 362 1523 66 931 362 1 66 932 362 1523 66 931 362 628 66 930 362 1528 463 933 363 632 464 934 363 1527 9 935 363 631 9 936 363 1527 9 935 363 632 464 934 363 1532 465 937 364 636 465 938 364 1531 466 939 364 635 467 940 364 1531 466 939 364 636 465 938 364 1536 468 941 365 640 468 942 365 1535 469 943 365 639 470 944 365 1535 469 943 365 640 468 942 365 1538 471 945 366 645 472 946 366 1537 473 947 366 646 473 948 366 1537 473 947 366 645 472 946 366 1542 474 949 367 641 474 950 367 1541 475 951 367 642 476 952 367 1541 475 951 367 641 474 950 367 1544 66 953 368 659 66 954 368 1543 66 955 368 647 66 956 368 1543 66 955 368 659 66 954 368 1548 477 957 369 655 477 958 369 1547 477 959 369 656 477 960 369 1547 477 959 369 655 477 958 369 1552 478 961 370 651 478 962 370 1551 478 963 370 652 478 964 370 1551 478 963 370 651 478 962 370 1543 479 955 371 647 479 956 371 1555 479 965 371 648 479 966 371 1555 479 965 371 647 479 956 371 1558 480 967 372 661 481 968 372 1557 482 969 372 660 482 970 372 1557 482 969 372 661 481 968 372 1562 483 971 373 665 484 972 373 1561 485 973 373 664 485 974 373 1561 485 973 373 665 484 972 373 1566 486 975 374 669 486 976 374 1565 486 977 374 668 486 978 374 1565 486 977 374 669 486 976 374 1570 487 979 375 673 487 980 375 1569 488 981 375 672 489 982 375 1569 488 981 375 673 487 980 375 1556 490 983 376 7 490 984 376 1573 490 985 376 8 490 986 376 1573 490 985 376 7 490 984 376 1576 491 987 377 685 492 988 377 1575 493 989 377 686 493 990 377 1575 493 989 377 685 492 988 377 1580 494 991 378 681 494 992 378 1579 495 993 378 682 496 994 378 1579 495 993 378 681 494 992 378 1584 497 995 379 677 498 996 379 1583 499 997 379 678 499 998 379 1583 499 997 379 677 498 996 379 1576 71 999 380 1575 71 1000 380 1574 71 1001 380 1582 71 1002 381 1581 71 1003 381 1580 71 1004 381 1582 71 1002 382 1580 71 1004 382 1579 71 1005 382 1584 71 1006 383 1583 71 1007 383 1582 71 1002 383 1577 71 1008 384 1576 71 999 384 1574 71 1001 384 1582 71 1002 385 1579 71 1005 385 1578 71 1009 385 1577 71 1008 386 1574 71 1001 386 1585 71 1010 386 1584 71 1006 387 1582 71 1002 387 1578 71 1009 387 1578 71 1009 388 1577 71 1008 388 1585 71 1010 388 1585 71 1010 389 1584 71 1006 389 1578 71 1009 389 1590 500 1011 390 691 500 1012 390 1589 500 1013 390 692 500 1014 390 1589 500 1013 390 691 500 1012 390 1586 55 1015 391 695 55 1016 391 1593 55 1017 391 688 55 1018 391 1593 55 1017 391 695 55 1016 391 1596 501 1019 392 709 501 1020 392 1595 501 1021 392 710 501 1022 392 1595 501 1021 392 709 501 1020 392 1600 502 1023 393 705 502 1024 393 1599 503 1025 393 706 504 1026 393 1599 503 1025 393 705 502 1024 393 1604 505 1027 394 701 505 1028 394 1603 505 1029 394 702 505 1030 394 1603 505 1029 394 701 505 1028 394 1608 506 1031 395 697 507 1032 395 1607 508 1033 395 698 508 1034 395 1607 508 1033 395 697 507 1032 395 1604 71 1035 396 1603 71 1036 396 1602 71 1037 396 1604 71 1035 397 1602 71 1037 396 1601 71 1038 397 1604 71 1035 398 1601 71 1038 397 1600 71 1039 398 1608 71 1040 399 1607 71 1041 399 1606 71 1042 399 1606 71 1042 400 1605 71 1043 400 1604 71 1035 400 1608 71 1040 401 1606 71 1042 401 1604 71 1035 401 1599 71 1044 402 1598 71 1045 402 1597 71 1046 402 1597 71 1046 403 1596 71 1047 403 1595 71 1048 403 1597 71 1046 404 1595 71 1048 404 1594 71 1049 404 1599 71 1044 405 1597 71 1046 405 1594 71 1049 405 1609 71 1050 406 1608 71 1040 406 1604 71 1035 406 1594 71 1049 407 1609 71 1050 407 1604 71 1035 407 1594 71 1049 408 1604 71 1035 408 1600 71 1039 408 1594 71 1049 409 1600 71 1039 409 1599 71 1044 409 1614 509 1051 410 716 509 1052 410 1613 509 1053 410 717 509 1054 410 1613 509 1053 410 716 509 1052 410 1618 510 1055 411 712 511 1056 411 1617 512 1057 411 713 513 1058 411 1617 512 1057 411 712 511 1056 411 1610 514 1059 412 4 514 1060 412 1621 514 1061 412 0 514 1062 412 1621 514 1061 412 4 514 1060 412 1624 515 1063 413 725 516 1064 413 1623 517 1065 413 726 517 1066 413 1623 517 1065 413 725 516 1064 413 1628 518 1067 414 721 519 1068 414 1627 520 1069 414 722 521 1070 414 1627 520 1069 414 721 519 1068 414 727 8 1071 415 726 8 1072 415 725 8 1073 415 724 8 1074 416 723 8 1075 416 722 8 1076 416 722 8 1076 417 721 8 1077 417 720 8 1078 417 724 8 1074 418 722 8 1076 418 720 8 1078 418 719 8 1079 419 727 8 1071 419 725 8 1073 419 725 8 1073 420 724 8 1074 420 720 8 1078 420 725 8 1073 421 720 8 1078 421 719 8 1079 421 1634 522 1080 422 731 522 1081 422 1633 522 1082 422 732 522 1083 422 1633 522 1082 422 731 522 1081 422 1631 36 1084 423 734 36 1085 423 1637 36 1086 423 728 36 1087 423 1637 36 1086 423 734 36 1085 423 1640 523 1088 424 742 524 1089 424 1639 525 1090 424 743 525 1091 424 1639 525 1090 424 742 524 1089 424 1644 526 1092 425 738 526 1093 425 1643 526 1094 425 739 526 1095 425 1643 526 1094 425 738 526 1093 425 736 8 1096 426 735 8 1097 426 743 8 1098 426 741 8 1099 427 740 8 1100 427 739 8 1101 427 741 8 1099 428 739 8 1101 428 738 8 1102 428 742 8 1103 429 741 8 1099 429 738 8 1102 429 737 8 1104 430 736 8 1096 430 743 8 1098 430 742 8 1103 431 738 8 1102 431 737 8 1104 431 743 8 1098 432 742 8 1103 432 737 8 1104 432 1650 527 1105 433 752 527 1106 433 1649 528 1107 433 753 529 1108 433 1649 528 1107 433 752 527 1106 433 1654 530 1109 434 748 530 1110 434 1653 531 1111 434 749 532 1112 434 1653 531 1111 434 748 530 1110 434 1658 533 1113 435 744 533 1114 435 1657 534 1115 435 745 535 1116 435 1657 534 1115 435 744 533 1114 435 1660 536 1117 436 764 536 1118 436 1659 536 1119 436 765 536 1120 436 1659 536 1119 436 764 536 1118 436 1664 537 1121 437 760 537 1122 437 1663 538 1123 437 761 539 1124 437 1663 538 1123 437 760 537 1122 437 1668 540 1125 438 756 540 1126 438 1667 541 1127 438 757 542 1128 438 1667 541 1127 438 756 540 1126 438 1670 99 1129 439 782 99 1130 439 1669 99 1131 439 11 99 1132 439 1669 99 1131 439 782 99 1130 439 1674 36 1133 440 778 36 1134 440 1673 36 1135 440 779 36 1136 440 1673 36 1135 440 778 36 1134 440 1678 543 1137 441 774 543 1138 441 1677 543 1139 441 775 543 1140 441 1677 543 1139 441 774 543 1138 441 1682 544 1141 442 770 545 1142 442 1681 546 1143 442 771 547 1144 442 1681 546 1143 442 770 545 1142 442 1686 548 1145 443 766 548 1146 443 1685 549 1147 443 767 550 1148 443 1685 549 1147 443 766 548 1146 443 1688 551 1149 444 794 552 1150 444 1687 553 1151 444 795 553 1152 444 1687 553 1151 444 794 552 1150 444 1692 554 1153 445 790 554 1154 445 1691 554 1155 445 791 554 1156 445 1691 554 1155 445 790 554 1154 445 1696 555 1157 446 786 556 1158 446 1695 557 1159 446 787 558 1160 446 1695 557 1159 446 786 556 1158 446 1687 99 1151 447 795 99 1152 447 1699 99 1161 447 783 99 1162 447 1699 99 1161 447 795 99 1152 447 1702 559 1163 448 802 560 1164 448 1701 561 1165 448 803 561 1166 448 1701 561 1165 448 802 560 1164 448 1706 562 1167 449 798 563 1168 449 1705 564 1169 449 799 565 1170 449 1705 564 1169 449 798 563 1168 449 804 8 1171 450 803 8 1172 450 802 8 1173 450 796 8 1174 451 804 8 1171 451 802 8 1173 451 801 8 1175 452 800 8 1176 452 799 8 1177 452 801 8 1175 452 799 8 1177 453 798 8 1178 453 798 8 1178 454 797 8 1179 454 796 8 1174 454 798 8 1178 455 796 8 1174 455 802 8 1173 455 802 8 1173 456 801 8 1175 456 798 8 1178 456 1712 566 1180 457 814 567 1181 457 1711 568 1182 457 815 569 1183 457 1711 568 1182 457 814 567 1181 457 1716 570 1184 458 810 570 1185 458 1715 570 1186 458 811 570 1187 458 1715 570 1186 458 810 570 1185 458 1720 571 1188 459 806 571 1189 459 1719 572 1190 459 807 573 1191 459 1719 572 1190 459 806 571 1189 459 1721 71 1192 460 1720 71 1193 460 1719 71 1194 460 1717 71 1195 461 1716 71 1196 461 1715 71 1197 461 1711 71 1198 462 1710 71 1199 462 1709 71 1200 462 1714 71 1201 463 1713 71 1202 463 1712 71 1203 463 1711 71 1198 464 1709 71 1200 462 1721 71 1192 464 1711 71 1198 465 1721 71 1192 465 1719 71 1194 465 1719 71 1194 466 1718 71 1204 466 1717 71 1195 466 1715 71 1197 467 1714 71 1201 467 1712 71 1203 467 1719 71 1194 468 1717 71 1195 468 1715 71 1197 468 1719 71 1194 469 1715 71 1197 469 1712 71 1203 469 1719 71 1194 470 1712 71 1203 470 1711 71 1198 470 1726 574 1205 471 828 575 1206 471 1725 576 1207 471 829 577 1208 471 1725 576 1207 471 828 575 1206 471 1730 578 1209 472 824 578 1210 472 1729 578 1211 472 825 578 1212 472 1729 578 1211 472 824 578 1210 472 1734 579 1213 473 820 580 1214 473 1733 581 1215 473 821 582 1216 473 1733 581 1215 473 820 580 1214 473 819 8 1217 474 818 8 1218 474 12 8 1219 474 823 8 1220 475 822 8 1221 475 821 8 1222 475 827 8 1223 464 826 8 1224 464 825 8 1225 464 831 8 1226 476 830 8 1227 476 829 8 1228 476 823 8 1220 477 821 8 1222 477 820 8 1229 477 819 8 1217 474 12 8 1219 474 831 8 1226 476 825 8 1225 453 824 8 1230 453 823 8 1220 453 825 8 1225 460 823 8 1220 475 820 8 1229 460 827 8 1223 464 825 8 1225 478 820 8 1229 478 828 8 1231 479 827 8 1223 464 820 8 1229 479 831 8 1226 476 829 8 1228 480 828 8 1231 480 828 8 1231 475 820 8 1229 475 819 8 1217 475 831 8 1226 476 828 8 1231 481 819 8 1217 474 1740 583 1232 482 843 583 1233 482 1739 584 1234 482 844 585 1235 482 1739 584 1234 482 843 583 1233 482 1744 586 1236 483 839 586 1237 483 1743 586 1238 483 840 586 1239 483 1743 586 1238 483 839 586 1237 483 1748 587 1240 484 835 587 1241 484 1747 588 1242 484 836 589 1243 484 1747 588 1242 484 835 587 1241 484 841 8 1244 485 840 8 1245 485 839 8 1246 485 838 8 1247 466 837 8 1248 466 836 8 1249 466 838 8 1247 451 836 8 1249 451 835 8 1250 451 838 8 1247 464 835 8 1250 464 834 8 1251 464 844 8 1252 476 843 8 1253 476 842 8 1254 476 838 8 1247 464 834 8 1251 464 833 8 1255 464 845 8 1256 486 844 8 1252 486 842 8 1254 486 832 8 1257 451 845 8 1256 451 842 8 1254 451 832 8 1257 487 842 8 1254 476 841 8 1244 487 832 8 1257 488 841 8 1244 485 839 8 1246 488 839 8 1246 489 838 8 1247 489 833 8 1255 464 832 8 1257 490 839 8 1246 490 833 8 1255 490 1754 590 1258 491 860 590 1259 491 1753 590 1260 491 861 590 1261 491 1753 590 1260 491 860 590 1259 491 1758 591 1262 492 856 591 1263 492 1757 592 1264 492 857 593 1265 492 1757 592 1264 492 856 591 1263 492 1762 594 1266 493 852 594 1267 493 1761 594 1268 493 853 594 1269 493 1761 594 1268 493 852 594 1267 493 1766 595 1270 494 848 596 1271 494 1765 597 1272 494 849 597 1273 494 1765 597 1272 494 848 596 1271 494 860 8 1274 489 859 8 1275 489 858 8 1276 489 852 8 1277 495 851 8 1278 495 850 8 1279 495 852 8 1277 481 850 8 1279 495 849 8 1280 481 852 8 1277 496 849 8 1280 496 848 8 1281 496 855 8 1282 497 854 8 1283 497 853 8 1284 497 856 8 1285 498 855 8 1282 498 853 8 1284 498 862 8 1286 499 861 8 1287 499 860 8 1274 499 847 8 1288 451 846 8 1289 451 9 8 1290 451 847 8 1288 451 9 8 1290 451 862 8 1286 468 852 8 1277 500 848 8 1281 500 847 8 1288 500 857 8 1291 466 856 8 1285 466 853 8 1284 466 860 8 1274 478 858 8 1276 489 857 8 1291 478 852 8 1277 465 847 8 1288 451 862 8 1286 465 862 8 1286 501 860 8 1274 501 857 8 1291 501 862 8 1286 497 857 8 1291 497 853 8 1284 497 862 8 1286 502 853 8 1284 502 852 8 1277 502 1772 598 1292 503 875 598 1293 503 1771 598 1294 503 876 598 1295 503 1771 598 1294 503 875 598 1293 503 1776 599 1296 504 871 600 1297 504 1775 601 1298 504 872 602 1299 504 1775 601 1298 504 871 600 1297 504 1780 587 1300 505 867 587 1301 505 1779 587 1302 505 868 587 1303 505 1779 587 1302 505 867 587 1301 505 1769 603 1304 506 863 603 1305 506 1783 604 1306 506 864 605 1307 506 1783 604 1306 506 863 603 1305 506 1786 587 1308 507 886 587 1309 507 1785 606 1310 507 887 607 1311 507 1785 606 1310 507 886 587 1309 507 1790 608 1312 508 882 609 1313 508 1789 610 1314 508 883 611 1315 508 1789 610 1314 508 882 609 1313 508 1794 612 1316 509 878 612 1317 509 1793 613 1318 509 879 614 1319 509 1793 613 1318 509 878 612 1317 509 1796 55 1320 510 889 55 1321 510 1795 55 1322 510 897 55 1323 510 1795 55 1322 510 889 55 1321 510 1800 615 1324 511 893 615 1325 511 1799 615 1326 511 892 615 1327 511 1799 615 1326 511 893 615 1325 511 1795 616 1322 512 897 616 1323 512 1803 616 1328 512 896 616 1329 512 1803 616 1328 512 897 616 1323 512 1806 617 1330 513 899 617 1331 513 1805 617 1332 513 898 617 1333 513 1805 617 1332 513 899 617 1331 513 1810 618 1334 514 903 618 1335 514 1809 618 1336 514 902 618 1337 514 1809 618 1336 514 903 618 1335 514 1804 66 1338 515 10 66 1339 515 1813 66 1340 515 906 66 1341 515 1813 66 1340 515 10 66 1339 515 911 619 1342 516 43 620 1343 516 910 0 0 516 44 1 1 516 910 0 0 516 43 620 1343 516 915 621 1344 517 39 622 1345 517 914 623 4 517 40 623 5 517 914 623 4 517 39 622 1345 517 919 624 1346 518 35 624 1347 518 918 4 8 518 36 5 9 518 918 4 8 518 35 624 1347 518 921 625 1348 519 63 626 1349 519 920 627 1350 519 64 627 1351 519 920 627 1350 519 63 626 1349 519 925 628 1352 520 59 628 1353 520 924 628 25 520 60 628 26 520 924 628 25 520 59 628 1353 520 929 509 1354 521 55 509 1355 521 928 10 29 521 56 11 30 521 928 10 29 521 55 509 1355 521 933 629 1356 522 51 629 1357 522 932 14 33 522 52 15 34 522 932 14 33 522 51 629 1357 522 920 36 1350 523 64 36 1351 523 936 36 37 523 48 36 38 523 936 36 37 523 64 36 1351 523 939 630 1358 524 73 630 1359 524 938 630 41 524 74 630 42 524 938 630 41 524 73 630 1359 524 943 631 1360 525 69 631 1361 525 942 22 45 525 70 23 46 525 942 22 45 525 69 631 1361 525 947 632 1362 526 65 632 1363 526 946 26 49 526 66 27 50 526 946 26 49 526 65 632 1363 526 949 99 1364 527 86 99 1365 527 948 99 1366 527 26 99 1367 527 948 99 1366 527 86 99 1365 527 953 633 1368 528 82 633 1369 528 952 633 64 528 83 633 65 528 952 633 64 528 82 633 1369 528 957 634 1370 529 78 634 1371 529 956 32 68 529 79 33 69 529 956 32 68 529 78 634 1371 529 948 635 1366 530 26 635 1367 530 960 635 72 530 24 635 73 530 960 635 72 530 26 635 1367 530 963 636 1372 531 95 637 1373 531 962 638 76 531 96 638 77 531 962 638 76 531 95 637 1373 531 967 639 1374 532 91 639 1375 532 966 639 80 532 92 639 81 532 966 639 80 532 91 639 1375 532 971 640 1376 533 87 640 1377 533 970 640 84 533 88 640 85 533 970 640 84 533 87 640 1377 533 973 641 1378 534 105 641 1379 534 972 641 1380 534 106 641 1381 534 972 641 1380 534 105 641 1379 534 977 642 1382 535 101 642 1383 535 976 642 99 535 102 642 100 535 976 642 99 535 101 642 1383 535 981 99 1384 536 27 99 1385 536 980 99 103 536 98 99 104 536 980 99 103 536 27 99 1385 536 983 643 1386 537 118 644 1387 537 982 645 1388 537 119 645 1389 537 982 645 1388 537 118 644 1387 537 987 646 1390 538 114 647 1391 538 986 648 117 538 115 648 118 538 986 648 117 538 114 647 1391 538 991 649 1392 539 110 650 1393 539 990 49 121 539 111 50 122 539 990 49 121 539 110 650 1393 539 982 55 1388 540 119 55 1389 540 994 55 125 540 107 55 126 540 994 55 125 540 119 55 1389 540 997 651 1394 541 121 652 1395 541 996 653 129 541 120 653 130 541 996 653 129 541 121 652 1395 541 1001 36 1396 542 125 36 1397 542 1000 56 133 542 124 57 134 542 1000 56 133 542 125 36 1397 542 1003 55 1398 543 135 55 1399 543 1002 55 1400 543 127 55 1401 543 1002 55 1400 543 135 55 1399 543 1007 654 1402 544 131 654 1403 544 1006 59 144 544 132 60 145 544 1006 59 144 544 131 654 1403 544 1002 655 1404 545 127 655 1405 545 1010 655 148 545 128 655 149 545 1010 655 148 545 127 655 1405 545 1013 656 1406 546 145 657 1407 546 1012 658 152 546 146 658 153 546 1012 658 152 546 145 657 1407 546 1017 659 1408 547 141 660 1409 547 1016 487 156 547 142 487 157 547 1016 487 156 547 141 660 1409 547 1021 661 1410 548 137 662 1411 548 1020 68 160 548 138 69 161 548 1020 68 160 548 137 662 1411 548 1020 8 166 65 1019 8 165 65 1018 8 164 65 1016 8 169 66 1015 8 168 66 1014 8 167 66 1016 8 169 67 1014 8 167 66 1013 8 170 67 1016 8 169 68 1013 8 170 68 1012 8 171 68 1016 8 169 35 1012 8 171 35 1011 8 172 35 1021 8 173 69 1020 8 166 69 1018 8 164 69 1017 8 174 70 1016 8 169 70 1011 8 172 70 1017 8 174 71 1011 8 172 71 1022 8 175 71 1021 8 173 72 1018 8 164 72 1017 8 174 72 1022 8 175 25 1021 8 173 25 1017 8 174 25 1027 609 1412 549 153 609 1413 549 1026 609 176 549 154 609 177 549 1026 609 176 549 153 609 1413 549 1031 663 1414 550 149 663 1415 550 1030 75 180 550 150 76 181 550 1030 75 180 550 149 663 1415 550 1027 8 186 75 1026 8 185 75 1025 8 184 75 1028 8 187 76 1027 8 186 76 1025 8 184 76 1029 8 188 5 1028 8 187 5 1025 8 184 5 1029 8 188 77 1025 8 184 77 1024 8 189 77 1029 8 188 78 1024 8 189 78 1023 8 190 78 1032 8 193 79 1031 8 192 79 1030 8 191 79 1023 8 190 80 1032 8 193 80 1030 8 191 80 1023 8 190 81 1030 8 191 81 1029 8 188 81 1037 70 1416 551 161 70 1417 551 1036 70 194 551 162 70 195 551 1036 70 194 551 161 70 1417 551 1041 664 1418 552 157 664 1419 552 1040 80 198 552 158 81 199 552 1040 80 198 552 157 664 1419 552 1043 665 1420 553 19 665 1421 553 1042 665 1422 553 23 665 1423 553 1042 665 1422 553 19 665 1421 553 1047 666 1424 554 169 666 1425 554 1046 666 211 554 168 666 212 554 1046 666 211 554 169 666 1425 554 1051 667 1426 555 173 668 1427 555 1050 87 215 555 172 88 216 555 1050 87 215 555 173 668 1427 555 1055 669 1428 556 177 669 1429 556 1054 90 219 556 176 91 220 556 1054 90 219 556 177 669 1429 556 1059 670 1430 557 181 671 1431 557 1058 672 223 557 180 672 224 557 1058 672 223 557 181 671 1431 557 1063 673 1432 558 185 673 1433 558 1062 96 227 558 184 97 228 558 1062 96 227 558 185 673 1433 558 1065 674 1434 559 187 674 1435 559 1064 674 260 559 186 674 261 559 1064 674 260 559 187 674 1435 559 1069 675 1436 560 191 676 1437 560 1068 677 252 560 190 677 253 560 1068 677 252 560 191 676 1437 560 1073 678 1438 561 195 678 1439 561 1072 101 256 561 194 102 257 561 1072 101 256 561 195 678 1439 561 188 66 1440 562 189 66 1441 562 190 66 1442 562 194 66 1443 7 195 66 1444 7 196 66 1445 7 187 66 1446 99 188 66 1440 99 190 66 1442 99 190 66 1442 563 191 66 1447 563 192 66 1448 563 194 66 1443 564 196 66 1445 564 197 66 1449 564 194 66 1443 565 197 66 1449 565 186 66 1450 565 193 66 1451 9 194 66 1443 9 186 66 1450 9 190 66 1442 566 192 66 1448 566 193 66 1451 566 187 66 1446 567 190 66 1442 567 193 66 1451 567 186 66 1450 568 187 66 1446 568 193 66 1451 568 1079 679 1452 569 199 680 1453 569 1078 681 264 569 198 681 265 569 1078 681 264 569 199 680 1453 569 1083 682 1454 570 203 683 1455 570 1082 684 268 570 202 684 269 570 1082 684 268 570 203 683 1455 570 1087 685 1456 571 207 686 1457 571 1086 687 272 571 206 687 273 571 1086 687 272 571 207 686 1457 571 1076 71 1458 572 21 71 1459 572 1090 71 276 572 210 71 277 572 1090 71 276 572 21 71 1459 572 1093 688 1460 573 213 689 1461 573 1092 690 280 573 212 690 281 573 1092 690 280 573 213 689 1461 573 1097 691 1462 574 217 692 1463 574 1096 115 284 574 216 116 285 574 1096 115 284 574 217 692 1463 574 1101 693 1464 575 221 693 1465 575 1100 693 288 575 220 693 289 575 1100 693 288 575 221 693 1465 575 1099 99 294 49 1098 99 293 49 1097 99 292 49 1100 99 295 119 1099 99 294 119 1097 99 292 119 1100 99 295 80 1097 99 292 80 1096 99 296 80 1102 99 298 120 1101 99 297 120 1100 99 295 120 1102 99 298 121 1100 99 295 121 1096 99 296 121 1102 99 298 122 1096 99 296 122 1095 99 299 122 1093 99 302 123 1092 99 301 123 1091 99 300 123 1093 99 302 80 1091 99 300 80 1102 99 298 80 1102 99 298 124 1095 99 299 124 1094 99 303 124 1102 99 298 125 1094 99 303 125 1093 99 302 125 1107 694 1466 576 226 695 1467 576 1106 696 304 576 225 696 305 576 1106 696 304 576 226 695 1467 576 1111 697 1468 577 230 698 1469 577 1110 123 308 577 229 124 309 577 1110 123 308 577 230 698 1469 577 1115 699 1470 578 234 700 1471 578 1114 701 312 578 233 701 313 578 1114 701 312 578 234 700 1471 578 1103 702 1472 579 20 702 1473 579 1118 702 316 579 237 702 317 579 1118 702 316 579 20 702 1473 579 1121 703 1474 580 240 704 1475 580 1120 131 320 580 239 132 321 580 1120 131 320 580 240 704 1475 580 1125 705 1476 581 244 706 1477 581 1124 707 324 581 243 707 325 581 1124 707 324 581 244 706 1477 581 1119 36 322 582 238 36 323 582 1128 36 328 582 247 36 329 582 1128 36 328 582 238 36 323 582 1131 708 1478 583 250 709 1479 583 1130 710 332 583 249 710 333 583 1130 710 332 583 250 709 1479 583 1135 711 1480 584 254 711 1481 584 1134 711 1482 584 253 711 1483 584 1134 711 1482 584 254 711 1481 584 1139 712 1484 585 258 713 1485 585 1138 141 340 585 257 142 341 585 1138 141 340 585 258 713 1485 585 253 66 1486 55 254 66 1487 55 255 66 1488 55 250 66 1489 586 251 66 1490 586 252 66 1491 586 250 66 1489 147 252 66 1491 147 253 66 1486 147 249 66 1492 169 250 66 1489 169 253 66 1486 169 249 66 1492 106 253 66 1486 106 255 66 1488 55 249 66 1492 206 255 66 1488 206 256 66 1493 206 249 66 1492 36 256 66 1493 36 257 66 1494 36 249 66 1492 5 257 66 1494 5 258 66 1495 5 248 66 1496 587 249 66 1492 587 258 66 1495 587 259 66 1497 25 260 66 1498 25 248 66 1496 25 248 66 1496 34 258 66 1495 34 259 66 1497 34 1145 714 1499 588 263 715 1500 588 1144 145 348 588 262 146 349 588 1144 145 348 588 263 715 1500 588 1149 716 1501 589 267 716 1502 589 1148 716 352 589 266 716 353 589 1148 716 352 589 267 716 1502 589 1153 717 1503 590 271 718 1504 590 1152 151 356 590 270 152 357 590 1152 151 356 590 271 718 1504 590 268 66 1505 591 269 66 1506 591 270 66 1507 591 18 66 801 99 261 66 1508 99 262 66 1509 99 18 66 801 48 262 66 1509 48 263 66 1510 48 273 66 1511 48 18 66 801 48 263 66 1510 48 265 66 1512 172 266 66 1513 172 267 66 1514 172 264 66 1515 592 265 66 1512 592 267 66 1514 592 267 66 1514 593 268 66 1505 591 270 66 1507 593 267 66 1514 594 270 66 1507 594 271 66 1516 594 271 66 1516 595 272 66 1517 595 273 66 1511 595 263 66 1510 596 264 66 1515 596 267 66 1514 596 267 66 1514 597 271 66 1516 597 273 66 1511 597 263 66 1510 598 267 66 1514 598 273 66 1511 598 1159 719 1518 599 281 719 1519 599 1158 154 364 599 282 155 365 599 1158 154 364 599 281 719 1519 599 1163 720 1520 600 277 720 1521 600 1162 158 368 600 278 159 369 600 1162 158 368 600 277 720 1521 600 1156 8 1522 601 284 8 1523 601 1166 8 372 601 274 8 373 601 1166 8 372 601 284 8 1523 601 1169 721 1524 602 286 722 1525 602 1168 723 376 602 285 723 377 602 1168 723 376 602 286 722 1525 602 1173 724 1526 603 290 724 1527 603 1172 166 380 603 289 167 381 603 1172 166 380 603 290 724 1527 603 1177 725 1528 604 294 725 1529 604 1176 169 384 604 293 170 385 604 1176 169 384 604 294 725 1529 604 1179 726 1530 605 296 727 1531 605 1178 728 1532 605 295 728 1533 605 1178 728 1532 605 296 727 1531 605 1183 729 1534 606 300 729 1535 606 1182 729 398 606 299 729 399 606 1182 729 398 606 300 729 1535 606 1187 730 1536 607 304 731 1537 607 1186 174 402 607 303 175 403 607 1186 174 402 607 304 731 1537 607 1186 66 408 154 1185 66 407 154 1184 66 406 154 1182 66 411 155 1181 66 410 155 1180 66 409 155 1183 66 412 156 1182 66 411 156 1180 66 409 156 1184 66 406 157 1183 66 412 157 1180 66 409 157 1184 66 406 67 1180 66 409 67 1179 66 413 67 1179 66 413 25 1178 66 415 25 1188 66 414 25 1186 66 408 70 1184 66 406 70 1179 66 413 70 1187 66 416 5 1186 66 408 5 1179 66 413 5 1188 66 414 95 1187 66 416 95 1179 66 413 95 1193 732 1538 608 309 733 1539 608 1192 177 417 608 308 178 418 608 1192 177 417 608 309 733 1539 608 1197 734 1540 609 313 735 1541 609 1196 180 421 609 312 181 422 609 1196 180 421 609 313 735 1541 609 1192 66 427 160 1191 66 426 160 1190 66 425 160 1193 66 428 84 1192 66 427 84 1190 66 425 160 1198 66 431 24 1197 66 430 24 1196 66 429 24 1189 66 432 161 1198 66 431 161 1196 66 429 161 1189 66 432 162 1196 66 429 162 1195 66 433 162 1189 66 432 163 1195 66 433 163 1194 66 434 163 1193 66 428 85 1190 66 425 85 1189 66 432 85 1189 66 432 164 1194 66 434 164 1193 66 428 164 1203 84 1542 610 318 84 1543 610 1202 184 435 610 317 185 436 610 1202 184 435 610 318 84 1543 610 1207 736 1544 611 322 737 1545 611 1206 738 439 611 321 738 440 611 1206 738 439 611 322 737 1545 611 1211 739 1546 612 326 740 1547 612 1210 188 443 612 325 189 444 612 1210 188 443 612 326 740 1547 612 1215 741 1548 613 330 742 1549 613 1214 191 447 613 329 192 448 613 1214 191 447 613 330 742 1549 613 1205 66 456 44 1204 66 455 44 1203 66 454 44 1202 66 453 169 1201 66 452 169 1200 66 451 169 1206 66 457 170 1205 66 456 170 1203 66 454 170 1214 66 460 171 1213 66 459 171 1212 66 458 171 1214 66 460 36 1212 66 458 171 1211 66 461 36 1215 66 462 172 1214 66 460 172 1211 66 461 172 1215 66 462 67 1211 66 461 67 1210 66 463 67 1216 66 464 35 1215 66 462 35 1210 66 463 35 1199 66 114 157 1216 66 464 157 1210 66 463 157 1199 66 114 157 1210 66 463 7 1209 66 465 7 1203 66 454 173 1202 66 453 173 1200 66 451 173 1203 66 454 106 1200 66 451 106 1199 66 114 106 1199 66 114 121 1209 66 465 121 1208 66 466 121 1199 66 114 174 1208 66 466 174 1207 66 467 174 1203 66 454 175 1199 66 114 175 1207 66 467 175 1207 66 467 176 1206 66 457 176 1203 66 454 176 1221 743 1550 614 336 743 1551 614 1220 743 468 614 335 743 469 614 1220 743 468 614 336 743 1551 614 1225 744 1552 615 340 744 1553 615 1224 197 472 615 339 198 473 615 1224 197 472 615 340 744 1553 615 1219 66 478 179 1218 66 477 179 1217 66 476 179 1223 66 481 180 1222 66 480 180 1221 66 479 180 1223 66 481 97 1221 66 479 97 1220 66 482 97 1226 66 484 181 1225 66 297 181 1224 66 483 181 1217 66 476 107 1226 66 484 107 1224 66 483 107 1220 66 482 182 1219 66 478 182 1217 66 476 182 1224 66 483 183 1223 66 481 183 1220 66 482 183 1217 66 476 147 1224 66 483 147 1220 66 482 147 1231 745 1554 616 345 746 1555 616 1230 201 485 616 344 202 486 616 1230 201 485 616 345 746 1555 616 1235 223 1556 617 349 223 1557 617 1234 205 489 617 348 206 490 617 1234 205 489 617 349 223 1557 617 1239 747 1558 618 353 748 1559 618 1238 209 493 618 352 210 494 618 1238 209 493 618 353 748 1559 618 1243 749 1560 619 357 749 1561 619 1242 213 497 619 356 214 498 619 1242 213 497 619 357 749 1561 619 1247 750 1562 620 361 751 1563 620 1246 752 501 620 360 752 502 620 1246 752 501 620 361 751 1563 620 1227 66 510 38 1248 66 509 38 1247 66 508 38 1245 66 507 3 1244 66 506 3 1243 66 505 3 1236 66 513 189 1235 66 512 189 1234 66 511 189 1227 66 510 38 1247 66 508 190 1246 66 514 190 1236 66 513 191 1234 66 511 191 1233 66 515 191 1231 66 518 170 1230 66 517 170 1229 66 516 170 1231 66 518 192 1229 66 516 192 1228 66 519 192 1238 66 521 67 1237 66 520 67 1236 66 513 67 1227 66 510 193 1246 66 514 193 1245 66 507 193 1227 66 510 12 1245 66 507 12 1243 66 505 12 1227 66 510 55 1243 66 505 55 1242 66 522 55 1236 66 513 194 1233 66 515 194 1232 66 523 194 1239 66 524 195 1238 66 521 195 1236 66 513 195 1239 66 524 3 1236 66 513 3 1232 66 523 3 1227 66 510 196 1242 66 522 196 1241 66 525 196 1231 66 518 38 1228 66 519 38 1227 66 510 38 1240 66 526 198 1239 66 524 198 1232 66 523 198 1241 66 525 101 1240 66 526 101 1232 66 523 101 1241 66 525 108 1232 66 523 108 1231 66 518 108 1227 66 510 95 1241 66 525 95 1231 66 518 95 1253 753 1564 621 366 753 1565 621 1252 218 527 621 365 219 528 621 1252 218 527 621 366 753 1565 621 1257 754 1566 622 370 755 1567 622 1256 221 531 622 369 222 532 622 1256 221 531 622 370 755 1567 622 1259 36 1568 623 372 36 1569 623 1258 36 1570 623 386 36 1571 623 1258 36 1570 623 372 36 1569 623 1263 756 1572 624 376 756 1573 624 1262 224 544 624 375 225 545 624 1262 224 544 624 376 756 1573 624 1267 757 1574 625 380 757 1575 625 1266 757 548 625 379 757 549 625 1266 757 548 625 380 757 1575 625 1271 758 1576 626 384 758 1577 626 1270 231 1578 626 383 232 1579 626 1270 231 1578 626 384 758 1577 626 1269 66 558 6 1268 66 557 6 1267 66 556 6 1269 66 558 6 1267 66 556 6 1266 66 559 6 1270 66 560 107 1269 66 558 107 1266 66 559 107 1272 66 562 24 1271 66 561 24 1270 66 560 24 1272 66 562 204 1270 66 560 204 1266 66 559 204 1262 66 565 95 1261 66 564 95 1260 66 563 95 1263 66 566 205 1262 66 565 205 1260 66 563 95 1258 66 567 7 1272 66 562 7 1266 66 559 7 1263 66 566 95 1260 66 563 95 1259 66 568 95 1258 66 567 38 1266 66 559 38 1265 66 569 38 1258 66 567 161 1265 66 569 161 1264 66 570 161 1263 66 566 49 1259 66 568 49 1258 66 567 49 1258 66 567 206 1264 66 570 161 1263 66 566 206 1277 759 1580 627 390 759 1581 627 1276 235 571 627 389 236 572 627 1276 235 571 627 390 759 1581 627 1281 760 1582 628 394 761 1583 628 1280 239 575 628 393 240 576 628 1280 239 575 628 394 761 1583 628 1278 66 581 172 1277 66 580 172 1276 66 579 172 1273 66 584 149 1282 66 583 149 1281 66 582 149 1278 66 581 209 1276 66 579 209 1275 66 585 209 1279 66 586 169 1278 66 581 169 1275 66 585 169 1273 66 584 3 1281 66 582 3 1280 66 587 3 1274 66 588 10 1273 66 584 10 1280 66 587 10 1279 66 586 190 1275 66 585 190 1274 66 588 190 1280 66 587 25 1279 66 586 25 1274 66 588 10 1287 762 1584 629 405 763 1585 629 1286 243 589 629 406 244 590 629 1286 243 589 629 405 763 1585 629 1291 764 1586 630 401 765 1587 630 1290 766 593 630 402 766 594 630 1290 766 593 630 401 765 1587 630 1295 767 1588 631 397 767 1589 631 1294 247 597 631 398 248 598 631 1294 247 597 631 397 767 1589 631 1297 768 1590 632 420 769 1591 632 1296 770 1592 632 421 770 1593 632 1296 770 1592 632 420 769 1591 632 1301 771 1594 633 416 771 1595 633 1300 771 613 633 417 771 614 633 1300 771 613 633 416 771 1595 633 1305 772 1596 634 412 772 1597 634 1304 772 617 634 413 772 618 634 1304 772 617 634 412 772 1597 634 1296 71 1592 635 421 71 1593 635 1308 71 621 635 409 71 622 635 1308 71 621 635 421 71 1593 635 1311 773 1598 636 433 774 1599 636 1310 775 625 636 434 775 626 636 1310 775 625 636 433 774 1599 636 1315 776 1600 637 429 777 1601 637 1314 259 629 637 430 260 630 637 1314 259 629 637 429 777 1601 637 1319 778 1602 638 425 778 1603 638 1318 263 633 638 426 264 634 638 1318 263 633 638 425 778 1603 638 1309 71 627 639 435 71 628 639 1322 71 637 639 422 71 638 639 1322 71 637 639 435 71 628 639 1325 779 1604 640 448 780 1605 640 1324 781 643 640 449 782 641 641 1324 781 643 641 448 780 1605 641 1329 783 1606 642 444 783 1607 642 1328 783 647 642 445 783 645 643 1328 783 647 643 444 783 1607 643 1332 278 650 644 1333 784 1608 644 441 280 652 644 440 785 1609 645 441 280 652 645 1333 784 1608 645 1323 786 644 646 34 787 642 646 1336 787 656 646 437 788 655 647 1336 787 656 647 34 787 642 647 459 789 1610 648 460 789 658 648 1339 789 1611 648 1338 789 657 648 1339 789 1611 648 460 789 658 648 1342 790 662 649 1343 791 1612 649 456 791 664 649 455 792 1613 650 456 791 664 650 1343 791 1612 650 451 793 1614 651 452 293 667 651 1347 794 1615 651 1346 294 668 651 1347 794 1615 651 452 293 667 651 1346 795 671 652 1345 796 670 652 1344 797 669 652 1343 798 674 653 1342 799 673 653 1341 800 672 653 1343 798 674 654 1341 800 672 654 1340 801 675 654 1337 802 678 655 1348 803 677 655 1347 804 676 655 1337 802 678 656 1347 804 676 656 1346 795 671 656 1337 802 678 657 1346 795 671 657 1344 797 669 657 1337 802 678 658 1344 797 669 658 1343 798 674 658 1340 801 675 244 1339 805 680 244 1338 806 679 244 1337 802 678 659 1343 798 674 659 1340 801 675 659 1337 802 678 660 1340 801 675 660 1338 806 679 660 469 807 1616 661 470 307 681 661 1353 808 1617 661 1352 309 683 661 1353 808 1617 661 470 307 681 661 465 809 1618 662 466 810 685 662 1357 810 1619 662 1356 811 687 663 1357 810 1619 663 466 810 685 663 1360 316 691 664 1361 812 1620 664 462 314 689 664 461 813 1621 665 462 314 689 665 1361 812 1620 665 483 814 1622 666 484 815 1623 666 1363 816 1624 666 1362 817 1625 667 1363 816 1624 667 484 815 1623 667 1366 818 706 668 1367 819 1626 668 480 819 707 668 479 820 1627 669 480 819 707 669 1367 819 1626 669 475 821 1628 670 476 334 710 670 1371 821 1629 670 1370 336 712 670 1371 821 1629 670 476 334 710 670 1367 822 716 671 1366 823 715 671 1365 824 714 671 1367 822 716 672 1365 824 714 672 1364 825 717 672 1372 826 720 673 1371 827 719 673 1370 828 718 673 1370 828 718 674 1369 829 722 674 1368 830 721 674 1368 830 721 675 1367 822 716 675 1364 825 717 675 1364 825 717 676 1363 831 724 676 1362 832 723 676 1372 826 720 677 1370 828 718 677 1368 830 721 677 1362 832 723 678 1372 826 720 678 1368 830 721 678 1362 832 723 679 1368 830 721 679 1364 825 717 679 1376 350 727 680 1377 833 1630 680 490 348 725 680 489 834 1631 681 490 348 725 681 1377 833 1630 681 1380 354 731 682 1381 835 1632 682 486 352 729 682 485 836 1633 683 486 352 729 683 1381 835 1632 683 1382 837 735 684 1381 838 734 684 1380 839 733 684 1378 840 738 327 1377 841 737 327 1376 842 736 327 1382 837 735 685 1380 839 733 685 1379 843 739 685 1376 842 736 686 1375 844 741 686 1374 845 740 686 1378 840 738 687 1376 842 736 687 1374 845 740 687 1379 843 739 688 1378 840 738 688 1374 845 740 688 1374 845 740 689 1373 846 742 689 1382 837 735 689 1382 837 735 690 1379 843 739 690 1374 845 740 690 1387 847 1634 691 504 848 1635 691 1386 849 743 691 505 850 744 692 1386 849 743 692 504 848 1635 692 500 851 1636 693 501 852 750 693 1391 852 1637 693 1390 853 748 694 1391 852 1637 694 501 852 750 694 497 374 752 695 1394 373 751 695 496 854 1638 695 1395 855 1639 696 496 854 1638 696 1394 373 751 696 504 856 1640 697 503 857 1641 697 502 858 1642 697 505 859 1643 698 504 856 1640 698 502 858 1642 698 495 860 1644 326 494 861 1645 326 33 862 801 326 502 858 1642 699 501 863 1646 699 500 864 1647 699 502 858 1642 700 500 864 1647 700 499 865 1648 700 505 859 1643 701 502 858 1642 701 499 865 1648 701 496 866 1649 329 495 860 1644 329 33 862 801 329 497 867 1650 702 496 866 1649 702 33 862 801 702 505 859 1643 703 499 865 1648 703 498 868 1651 703 498 868 1651 704 497 867 1650 704 33 862 801 704 498 868 1651 705 33 862 801 705 507 869 1652 705 505 859 1643 706 498 868 1651 706 507 869 1652 706 507 869 1652 707 506 870 1653 707 505 859 1643 707 1401 871 1654 708 514 872 1655 708 1400 378 759 708 515 379 760 709 1400 378 759 709 514 872 1655 709 511 873 764 710 1404 874 763 710 510 874 1656 710 1405 875 1657 711 510 874 1656 711 1404 874 763 711 514 876 1658 712 513 877 1659 712 512 878 1660 712 512 878 1660 713 511 879 1661 713 510 880 1662 713 512 878 1660 714 510 880 1662 714 509 881 1663 714 517 882 1664 715 516 883 1665 715 515 884 1666 715 515 884 1666 716 514 876 1658 716 512 878 1660 716 515 884 1666 717 512 878 1660 717 509 881 1663 717 508 885 1667 717 517 882 1664 717 515 884 1666 717 515 884 1666 718 509 881 1663 718 508 885 1667 718 1411 886 1668 719 534 886 1669 719 1410 886 771 719 535 886 772 719 1410 886 771 719 534 886 1669 719 1415 887 1670 720 530 888 1671 720 1414 889 775 720 531 889 776 720 1414 889 775 720 530 888 1671 720 1419 890 1672 721 526 890 1673 721 1418 890 779 721 527 890 780 721 1418 890 779 721 526 890 1673 721 1423 891 1674 722 522 892 1675 722 1422 391 783 722 523 392 784 722 1422 391 783 722 522 892 1675 722 1427 893 1676 723 518 893 1677 723 1426 395 787 723 519 396 788 723 1426 395 787 723 518 893 1677 723 1429 894 1678 724 541 894 1679 724 1428 894 1680 724 542 894 1681 724 1428 894 1680 724 541 894 1679 724 1433 895 1682 725 537 895 1683 725 1432 399 810 725 538 400 811 725 1432 399 810 725 537 895 1683 725 1430 36 816 319 1429 36 815 319 1428 36 814 319 1431 36 817 320 1430 36 816 320 1428 36 814 320 1432 36 818 321 1431 36 817 321 1428 36 814 321 1434 36 820 322 1433 36 819 322 1432 36 818 322 1428 36 814 323 1434 36 820 323 1432 36 818 323 1439 896 1684 726 547 897 1685 726 1438 898 821 726 548 898 822 726 1438 898 821 726 547 897 1685 726 1443 899 1686 727 543 899 1687 727 1442 899 825 727 544 899 826 727 1442 899 825 727 543 899 1687 727 1445 900 1688 728 567 900 1689 728 1444 900 1690 728 568 900 1691 728 1444 900 1690 728 567 900 1689 728 1449 901 1692 729 563 902 1693 729 1448 407 838 729 564 408 839 729 1448 407 838 729 563 902 1693 729 1453 903 1694 730 559 904 1695 730 1452 905 842 730 560 905 843 730 1452 905 842 730 559 904 1695 730 1457 906 1696 731 555 907 1697 731 1456 411 846 731 556 412 847 731 1456 411 846 731 555 907 1697 731 1444 66 1690 732 568 66 1691 732 1460 66 850 732 552 66 851 732 1460 66 850 732 568 66 1691 732 1463 908 1698 733 578 909 1699 733 1462 910 854 733 579 910 855 733 1462 910 854 733 578 909 1699 733 1467 911 1700 734 574 912 1701 734 1466 913 858 734 575 913 859 734 1466 913 858 734 574 912 1701 734 1471 914 1702 735 570 914 1703 735 1470 914 862 735 571 914 863 735 1470 914 862 735 570 914 1703 735 577 55 1704 312 576 55 1705 312 575 55 1706 312 573 55 1707 736 572 55 1708 736 571 55 1709 736 574 55 1710 280 573 55 1707 280 571 55 1709 280 580 55 1711 281 579 55 1712 281 578 55 1713 281 570 55 1714 737 569 55 1715 737 30 55 510 737 571 55 1709 330 570 55 1714 330 30 55 510 330 574 55 1710 738 571 55 1709 738 30 55 510 738 575 55 1706 327 574 55 1710 327 30 55 510 327 578 55 1713 739 577 55 1704 739 575 55 1706 739 578 55 1713 740 575 55 1706 740 30 55 510 740 580 55 1711 741 578 55 1713 741 30 55 510 741 590 420 869 742 1476 419 868 742 589 915 1716 742 1477 916 1717 743 589 915 1716 743 1476 419 868 743 585 917 1718 744 586 424 873 744 1481 918 1719 744 1480 423 872 745 1481 918 1719 745 586 424 873 745 1485 431 1720 746 581 433 1721 746 1484 429 878 746 582 427 876 747 1484 429 878 747 581 433 1721 747 1487 919 1722 748 597 919 1723 748 1486 432 881 748 598 434 883 748 1486 432 881 748 597 919 1723 748 1491 920 1724 749 593 921 1725 749 1490 435 884 749 594 436 885 749 1490 435 884 749 593 921 1725 749 1486 36 890 750 1485 922 889 750 1474 923 888 750 1487 36 891 751 1486 36 890 751 1474 923 888 751 1488 36 892 752 1487 36 891 752 1474 923 888 752 1488 36 892 752 1474 923 888 751 1492 36 893 751 1491 36 896 351 1490 36 895 351 1489 36 894 351 1491 36 896 352 1489 36 894 352 1488 36 892 352 1492 36 893 353 1491 36 896 353 1488 36 892 353 1497 924 1726 753 610 924 1727 753 1496 924 897 753 611 924 898 753 1496 924 897 753 610 924 1727 753 1501 925 1728 754 606 925 1729 754 1500 444 901 754 607 445 902 754 1500 444 901 754 606 925 1729 754 1505 926 1730 755 602 926 1731 755 1504 926 905 755 603 926 906 755 1504 926 905 755 602 926 1731 755 1493 99 1732 756 2 99 1733 756 1508 99 909 756 599 99 910 756 1508 99 909 756 2 99 1733 756 1511 927 1734 757 625 928 1735 757 1510 452 913 757 626 453 914 757 1510 452 913 757 625 928 1735 757 1515 929 1736 758 621 929 1737 758 1514 455 917 758 622 456 918 758 1514 455 917 758 621 929 1737 758 1519 930 1738 759 617 930 1739 759 1518 930 921 759 618 930 922 759 1518 930 921 759 617 930 1739 759 1509 36 915 760 627 36 916 760 1522 36 925 760 614 36 926 760 1522 36 925 760 627 36 916 760 1525 931 1740 761 629 932 1741 761 1524 933 929 761 628 933 930 761 1524 933 929 761 629 932 1741 761 1529 934 1742 762 633 935 1743 762 1528 463 933 762 632 464 934 762 1528 463 933 762 633 935 1743 762 1533 936 1744 763 637 937 1745 763 1532 938 937 763 636 938 938 763 1532 938 937 763 637 937 1745 763 1523 939 931 764 1 939 932 764 1536 939 941 764 640 939 942 764 1536 939 941 764 1 939 932 764 1539 940 1746 765 644 940 1747 765 1538 471 945 765 645 472 946 765 1538 471 945 765 644 940 1747 765 1537 66 947 766 646 66 948 766 1542 66 949 766 641 66 950 766 1542 66 949 766 646 66 948 766 1545 941 1748 767 658 942 1749 767 1544 943 953 767 659 943 954 767 1544 943 953 767 658 942 1749 767 1549 36 1750 768 654 36 1751 768 1548 36 957 768 655 36 958 768 1548 36 957 768 654 36 1751 768 1553 944 1752 769 650 944 1753 769 1552 944 961 769 651 944 962 769 1552 944 961 769 650 944 1753 769 656 8 1754 770 655 8 1755 770 654 8 1756 770 649 8 1757 771 648 8 1758 771 647 8 1759 771 657 8 1760 772 656 8 1754 772 654 8 1756 772 657 8 1760 773 654 8 1756 773 653 8 1761 773 652 8 1762 774 651 8 1763 774 650 8 1764 774 657 8 1760 775 653 8 1761 775 652 8 1762 775 650 8 1764 776 649 8 1757 776 647 8 1759 776 659 8 1765 777 658 8 1766 777 657 8 1760 777 659 8 1765 778 657 8 1760 778 652 8 1762 778 647 8 1759 779 659 8 1765 779 652 8 1762 779 647 8 1759 780 652 8 1762 780 650 8 1764 780 1559 945 1767 781 662 945 1768 781 1558 480 967 781 661 481 968 781 1558 480 967 781 662 945 1768 781 1563 946 1769 782 666 947 1770 782 1562 483 971 782 665 484 972 782 1562 483 971 782 666 947 1770 782 1567 948 1771 783 670 949 1772 783 1566 950 975 783 669 950 976 783 1566 950 975 783 670 949 1772 783 1571 951 1773 784 674 951 1774 784 1570 951 979 784 673 951 980 784 1570 951 979 784 674 951 1774 784 668 8 1775 785 669 8 1776 785 670 8 1777 785 674 8 1778 786 675 8 1779 786 8 8 1780 786 673 8 1781 787 674 8 1778 787 8 8 1780 787 672 8 1782 788 673 8 1781 788 8 8 1780 788 671 8 1783 789 672 8 1782 789 8 8 1780 789 8 8 1780 790 7 8 1784 790 660 8 1785 790 661 8 1786 791 662 8 1787 791 663 8 1788 791 661 8 1786 792 663 8 1788 792 664 8 1789 792 666 8 1790 793 667 8 1791 793 668 8 1775 793 665 8 1792 794 666 8 1790 794 668 8 1775 794 668 8 1775 795 670 8 1777 795 671 8 1783 795 660 8 1785 796 661 8 1786 796 664 8 1789 796 665 8 1792 797 668 8 1775 797 671 8 1783 797 664 8 1789 798 665 8 1792 798 671 8 1783 798 664 8 1789 799 671 8 1783 799 8 8 1780 799 660 8 1785 800 664 8 1789 800 8 8 1780 800 1577 952 1793 801 684 953 1794 801 1576 491 987 801 685 492 988 801 1576 491 987 801 684 953 1794 801 1581 954 1795 802 680 954 1796 802 1580 954 991 802 681 954 992 802 1580 954 991 802 680 954 1796 802 1585 955 1797 803 676 955 1798 803 1584 497 995 803 677 498 996 803 1584 497 995 803 676 955 1798 803 1587 956 1799 804 694 956 1800 804 1586 956 1015 804 695 956 1016 804 1586 956 1015 804 694 956 1800 804 1591 957 1801 805 690 958 1802 805 1590 959 1011 805 691 959 1012 805 1590 959 1011 805 690 958 1802 805 693 8 1803 806 692 8 1804 806 691 8 1805 806 693 8 1803 807 691 8 1805 807 690 8 1806 807 688 8 1807 808 695 8 1808 808 694 8 1809 808 694 8 1809 809 693 8 1803 809 690 8 1806 809 694 8 1809 810 690 8 1806 810 689 8 1810 810 694 8 1809 811 689 8 1810 811 688 8 1807 811 1597 960 1811 812 708 961 1812 812 1596 962 1019 812 709 962 1020 812 1596 962 1019 812 708 961 1812 812 1601 963 1813 813 704 963 1814 813 1600 963 1023 813 705 963 1024 813 1600 963 1023 813 704 963 1814 813 1605 527 1815 814 700 527 1816 814 1604 527 1027 814 701 527 1028 814 1604 527 1027 814 700 527 1816 814 1609 964 1817 815 696 964 1818 815 1608 506 1031 815 697 507 1032 815 1608 506 1031 815 696 964 1818 815 1611 965 1819 816 3 966 1820 816 1610 66 1059 816 4 66 1060 816 1610 66 1059 816 3 966 1820 816 1615 967 1821 817 715 967 1822 817 1614 967 1051 817 716 967 1052 817 1614 967 1051 817 715 967 1822 817 1619 968 1823 818 711 969 1824 818 1618 510 1055 818 712 511 1056 818 1618 510 1055 818 711 969 1824 818 718 8 1825 819 717 8 1826 819 716 8 1827 819 718 8 1825 820 716 8 1827 820 715 8 1828 820 3 8 1829 821 718 8 1825 821 715 8 1828 821 3 8 1829 822 715 8 1828 822 714 8 1830 822 714 8 1830 823 713 8 1831 823 712 8 1832 823 3 8 1829 824 714 8 1830 824 712 8 1832 824 0 8 1833 825 4 8 1834 825 3 8 1829 825 0 8 1833 826 3 8 1829 826 712 8 1832 826 0 8 1833 827 712 8 1832 827 711 8 1835 827 711 8 1835 828 6 8 1836 828 0 8 1833 828 1625 970 1837 829 724 971 1838 829 1624 515 1063 829 725 516 1064 829 1624 515 1063 829 724 971 1838 829 1629 972 1839 830 720 972 1840 830 1628 518 1067 830 721 519 1068 830 1628 518 1067 830 720 972 1840 830 1624 71 1073 415 1623 71 1072 415 1622 71 1071 415 1627 71 1076 416 1626 71 1075 416 1625 71 1074 416 1629 71 1078 417 1628 71 1077 417 1627 71 1076 417 1629 71 1078 418 1627 71 1076 418 1625 71 1074 418 1624 71 1073 419 1622 71 1071 419 1630 71 1079 419 1629 71 1078 420 1625 71 1074 420 1624 71 1073 420 1630 71 1079 421 1629 71 1078 421 1624 71 1073 421 1635 973 1841 831 730 974 1842 831 1634 55 1080 831 731 55 1081 831 1634 55 1080 831 730 974 1842 831 733 8 1843 832 732 8 1844 832 731 8 1845 832 734 8 1846 833 733 8 1843 833 731 8 1845 833 728 8 1847 834 734 8 1846 834 731 8 1845 834 729 8 1848 835 728 8 1847 835 731 8 1845 835 731 8 1845 836 730 8 1849 836 729 8 1848 836 1641 975 1850 837 741 976 1851 837 1640 523 1088 837 742 524 1089 837 1640 523 1088 837 741 976 1851 837 1645 977 1852 838 737 977 1853 838 1644 977 1092 838 738 977 1093 838 1644 977 1092 838 737 977 1853 838 1639 71 1098 426 1638 71 1097 426 1646 71 1096 426 1643 71 1101 427 1642 71 1100 427 1641 71 1099 427 1644 71 1102 428 1643 71 1101 428 1641 71 1099 428 1644 71 1102 429 1641 71 1099 429 1640 71 1103 429 1639 71 1098 430 1646 71 1096 430 1645 71 1104 430 1645 71 1104 431 1644 71 1102 431 1640 71 1103 431 1645 71 1104 432 1640 71 1103 432 1639 71 1098 432 1651 978 1854 839 751 979 1855 839 1650 980 1105 839 752 980 1106 839 1650 980 1105 839 751 979 1855 839 1655 981 1856 840 747 982 1857 840 1654 983 1109 840 748 983 1110 840 1654 983 1109 840 747 982 1857 840 1647 99 1858 841 755 99 1859 841 1658 99 1113 841 744 99 1114 841 1658 99 1113 841 755 99 1859 841 1661 984 1860 842 763 985 1861 842 1660 986 1117 842 764 986 1118 842 1660 986 1117 842 763 985 1861 842 1665 987 1862 843 759 987 1863 843 1664 987 1121 843 760 987 1122 843 1664 987 1121 843 759 987 1863 843 1659 99 1119 844 765 99 1120 844 1668 99 1125 844 756 99 1126 844 1668 99 1125 844 765 99 1120 844 1671 988 1864 845 781 989 1865 845 1670 990 1129 845 782 990 1130 845 1670 990 1129 845 781 989 1865 845 1675 991 1866 846 777 991 1867 846 1674 991 1133 846 778 991 1134 846 1674 991 1133 846 777 991 1867 846 1679 992 1868 847 773 992 1869 847 1678 992 1137 847 774 992 1138 847 1678 992 1137 847 773 992 1869 847 1683 993 1870 848 769 993 1871 848 1682 544 1141 848 770 545 1142 848 1682 544 1141 848 769 993 1871 848 1669 55 1131 849 11 55 1132 849 1686 55 1145 849 766 55 1146 849 1686 55 1145 849 11 55 1132 849 1689 994 1872 850 793 995 1873 850 1688 551 1149 850 794 552 1150 850 1688 551 1149 850 793 995 1873 850 1693 996 1874 851 789 996 1875 851 1692 996 1153 851 790 996 1154 851 1692 996 1153 851 789 996 1875 851 1697 997 1876 852 785 998 1877 852 1696 555 1157 852 786 556 1158 852 1696 555 1157 852 785 998 1877 852 790 8 1878 853 789 8 1879 853 788 8 1880 853 792 8 1881 854 791 8 1882 854 790 8 1878 854 793 8 1883 855 792 8 1881 855 790 8 1878 855 794 8 1884 856 793 8 1883 856 790 8 1878 856 795 8 1885 857 794 8 1884 857 790 8 1878 857 787 8 1886 858 786 8 1887 858 785 8 1888 858 787 8 1886 455 785 8 1888 455 784 8 1889 455 788 8 1880 859 787 8 1886 859 784 8 1889 859 790 8 1878 860 788 8 1880 853 784 8 1889 860 783 8 1890 861 795 8 1885 861 790 8 1878 861 790 8 1878 862 784 8 1889 862 783 8 1890 862 1703 999 1891 863 801 1000 1892 863 1702 559 1163 863 802 560 1164 863 1702 559 1163 863 801 1000 1892 863 1707 1001 1893 864 797 1002 1894 864 1706 562 1167 864 798 563 1168 864 1706 562 1167 864 797 1002 1894 864 1702 71 1173 450 1701 71 1172 450 1700 71 1171 450 1702 71 1173 451 1700 71 1171 451 1708 71 1174 451 1705 71 1177 452 1704 71 1176 452 1703 71 1175 452 1706 71 1178 453 1705 71 1177 453 1703 71 1175 453 1708 71 1174 454 1707 71 1179 454 1706 71 1178 454 1702 71 1173 455 1708 71 1174 455 1706 71 1178 455 1706 71 1178 456 1703 71 1175 456 1702 71 1173 456 1713 1003 1895 865 813 1004 1896 865 1712 566 1180 865 814 567 1181 865 1712 566 1180 865 813 1004 1896 865 1717 1005 1897 866 809 1005 1898 866 1716 1005 1184 866 810 1005 1185 866 1716 1005 1184 866 809 1005 1898 866 1721 1006 1899 867 805 1006 1900 867 1720 1006 1188 867 806 1006 1189 867 1720 1006 1188 867 805 1006 1900 867 1723 36 1901 868 831 36 1902 868 1722 36 1903 868 12 36 1904 868 1722 36 1903 868 831 36 1902 868 1727 1007 1905 869 827 1008 1906 869 1726 574 1205 869 828 575 1206 869 1726 574 1205 869 827 1008 1906 869 1731 1009 1907 870 823 1009 1908 870 1730 1009 1209 870 824 1009 1210 870 1730 1009 1209 870 823 1009 1908 870 1735 1010 1909 871 819 1011 1910 871 1734 579 1213 871 820 580 1214 871 1734 579 1213 871 819 1011 1910 871 1722 71 1219 474 1736 71 1218 474 1735 71 1217 474 1733 71 1222 475 1732 71 1221 475 1731 71 1220 475 1729 71 1225 464 1728 71 1224 464 1727 71 1223 464 1725 71 1228 476 1724 71 1227 476 1723 71 1226 476 1734 71 1229 477 1733 71 1222 477 1731 71 1220 477 1723 71 1226 481 1722 71 1219 481 1735 71 1217 481 1731 71 1220 453 1730 71 1230 453 1729 71 1225 453 1734 71 1229 460 1731 71 1220 460 1729 71 1225 460 1734 71 1229 478 1729 71 1225 478 1727 71 1223 478 1734 71 1229 479 1727 71 1223 479 1726 71 1231 479 1726 71 1231 480 1725 71 1228 480 1723 71 1226 480 1735 71 1217 475 1734 71 1229 475 1726 71 1231 475 1735 71 1217 481 1726 71 1231 481 1723 71 1226 481 1741 1012 1911 872 842 1013 1912 872 1740 1014 1232 872 843 1014 1233 872 1740 1014 1232 872 842 1013 1912 872 1745 1015 1913 873 838 1015 1914 873 1744 1015 1236 873 839 1015 1237 873 1744 1015 1236 873 838 1015 1914 873 1749 1016 1915 874 834 1017 1916 874 1748 1018 1240 874 835 1018 1241 874 1748 1018 1240 874 834 1017 1916 874 1744 71 1246 485 1743 71 1245 485 1742 71 1244 485 1747 71 1249 466 1746 71 1248 466 1745 71 1247 466 1748 71 1250 451 1747 71 1249 451 1745 71 1247 451 1749 71 1251 464 1748 71 1250 464 1745 71 1247 464 1741 71 1254 476 1740 71 1253 476 1739 71 1252 476 1750 71 1255 464 1749 71 1251 464 1745 71 1247 464 1741 71 1254 486 1739 71 1252 486 1738 71 1256 486 1741 71 1254 451 1738 71 1256 451 1737 71 1257 451 1742 71 1244 487 1741 71 1254 487 1737 71 1257 487 1744 71 1246 488 1742 71 1244 485 1737 71 1257 488 1750 71 1255 464 1745 71 1247 489 1744 71 1246 489 1737 71 1257 490 1750 71 1255 490 1744 71 1246 490 1755 1019 1917 875 859 1019 1918 875 1754 1019 1258 875 860 1019 1259 875 1754 1019 1258 875 859 1019 1918 875 1759 1020 1919 876 855 1020 1920 876 1758 1020 1262 876 856 1020 1263 876 1758 1020 1262 876 855 1020 1920 876 1763 598 1921 877 851 598 1922 877 1762 598 1266 877 852 598 1267 877 1762 598 1266 877 851 598 1922 877 1767 1021 1923 878 847 1022 1924 878 1766 595 1270 878 848 596 1271 878 1766 595 1270 878 847 1022 1924 878 1764 71 1279 495 1763 71 1278 495 1762 71 1277 495 1756 71 1276 489 1755 71 1275 489 1754 71 1274 489 1765 71 1280 481 1764 71 1279 495 1762 71 1277 481 1766 71 1281 496 1765 71 1280 496 1762 71 1277 496 1761 71 1284 497 1760 71 1283 497 1759 71 1282 497 1761 71 1284 498 1759 71 1282 498 1758 71 1285 498 1754 71 1274 499 1753 71 1287 499 1752 71 1286 499 1751 71 1290 451 1768 71 1289 451 1767 71 1288 451 1752 71 1286 468 1751 71 1290 451 1767 71 1288 468 1767 71 1288 500 1766 71 1281 500 1762 71 1277 500 1761 71 1284 466 1758 71 1285 466 1757 71 1291 466 1757 71 1291 478 1756 71 1276 489 1754 71 1274 478 1752 71 1286 465 1767 71 1288 465 1762 71 1277 465 1757 71 1291 501 1754 71 1274 501 1752 71 1286 501 1761 71 1284 497 1757 71 1291 497 1752 71 1286 497 1762 71 1277 502 1761 71 1284 502 1752 71 1286 502 1773 1023 1925 879 874 1024 1926 879 1772 1025 1292 879 875 1025 1293 879 1772 1025 1292 879 874 1024 1926 879 1777 1026 1927 880 870 1027 1928 880 1776 599 1296 880 871 600 1297 880 1776 599 1296 880 870 1027 1928 880 1781 1028 1929 881 866 1029 1930 881 1780 1030 1300 881 867 1030 1301 881 1780 1030 1300 881 866 1029 1930 881 876 8 1931 882 875 8 1932 882 874 8 1933 882 870 8 1934 479 869 8 1935 479 868 8 1936 479 876 8 1931 858 874 8 1933 858 873 8 1937 858 871 8 1938 883 870 8 1934 883 868 8 1936 883 868 8 1936 884 867 8 1939 884 866 8 1940 884 868 8 1936 885 866 8 1940 885 865 8 1941 885 876 8 1931 886 873 8 1937 886 872 8 1942 886 877 8 1943 485 876 8 1931 485 872 8 1942 485 877 8 1943 887 872 8 1942 887 871 8 1938 887 865 8 1941 496 864 8 1944 496 863 8 1945 496 868 8 1936 883 865 8 1941 883 863 8 1945 883 863 8 1945 888 877 8 1943 888 871 8 1938 888 863 8 1945 889 871 8 1938 889 868 8 1936 889 1787 1031 1946 890 885 1031 1947 890 1786 1031 1308 890 886 1031 1309 890 1786 1031 1308 890 885 1031 1947 890 1791 1032 1948 891 881 1033 1949 891 1790 608 1312 891 882 609 1313 891 1790 608 1312 891 881 1033 1949 891 1784 66 1950 892 888 66 1951 892 1794 66 1316 892 878 66 1317 892 1794 66 1316 892 888 66 1951 892 1797 1034 1952 893 890 1035 1953 893 1796 1036 1320 893 889 1036 1321 893 1796 1036 1320 893 890 1035 1953 893 1801 1037 1954 894 894 1037 1955 894 1800 1037 1324 894 893 1037 1325 894 1800 1037 1324 894 894 1037 1955 894 892 8 1956 895 893 8 1957 895 894 8 1958 895 892 8 1956 499 894 8 1958 499 895 8 1959 499 895 8 1959 896 896 8 1960 896 897 8 1961 896 892 8 1956 897 895 8 1959 897 897 8 1961 897 892 8 1956 898 897 8 1961 898 889 8 1962 898 889 8 1962 899 890 8 1963 899 891 8 1964 899 889 8 1962 900 891 8 1964 900 892 8 1956 900 1807 1038 1965 901 900 1039 1966 901 1806 1040 1330 901 899 1040 1331 901 1806 1040 1330 901 900 1039 1966 901 1811 1041 1967 902 904 1042 1968 902 1810 527 1334 902 903 527 1335 902 1810 527 1334 902 904 1042 1968 902 900 8 1969 903 901 8 1970 903 902 8 1971 903 902 8 1971 461 903 8 1972 461 904 8 1973 461 902 8 1971 859 904 8 1973 859 905 8 1974 859 902 8 1971 904 905 8 1974 904 906 8 1975 904 902 8 1971 451 906 8 1975 451 10 8 1976 451 900 8 1969 905 902 8 1971 905 10 8 1976 905 899 8 1977 906 900 8 1969 906 10 8 1976 906 10 8 1976 907 898 8 1978 907 899 8 1977 907 909 1043 2 908 45 1043 3 908 908 1043 1979 908 46 1043 1980 908 908 1043 1979 908 45 1043 3 908 913 1044 6 909 41 1044 7 909 912 1044 1981 909 42 1044 1982 909 912 1044 1981 909 41 1044 7 909 917 6 10 910 37 7 11 910 916 1045 1983 910 38 1045 1984 910 916 1045 1983 910 37 7 11 910 43 71 14 3 42 71 13 3 41 71 12 3 43 71 14 4 41 71 12 4 40 71 15 4 44 71 16 5 43 71 14 5 40 71 15 5 47 71 19 6 46 71 18 6 45 71 17 6 44 71 16 7 40 71 15 7 39 71 20 7 45 71 17 8 44 71 16 8 39 71 20 8 38 71 23 9 37 71 22 9 36 71 21 9 38 71 23 10 36 71 21 10 35 71 24 10 35 71 24 11 47 71 19 11 45 71 17 11 45 71 17 12 39 71 20 12 38 71 23 12 45 71 17 13 38 71 23 13 35 71 24 13 923 1046 27 911 61 1046 28 911 922 1046 1985 911 62 1046 1986 911 922 1046 1985 911 61 1046 28 911 927 12 31 912 57 13 32 912 926 1047 1987 912 58 1047 1988 912 926 1047 1987 912 57 13 32 912 931 16 35 913 53 17 36 913 930 1048 1989 913 54 1049 1990 913 930 1048 1989 913 53 17 36 913 935 19 39 914 49 20 40 914 934 1050 1991 914 50 1051 1992 914 934 1050 1991 914 49 20 40 914 925 8 1993 565 924 8 1994 565 923 8 1995 565 923 8 1995 915 922 8 1996 915 921 8 1997 915 925 8 1993 916 923 8 1995 916 921 8 1997 916 926 8 1998 10 925 8 1993 10 921 8 1997 10 926 8 1998 917 921 8 1997 917 920 8 1999 917 928 8 2000 171 927 8 2001 171 926 8 1998 171 928 8 2000 918 926 8 1998 918 920 8 1999 918 934 8 2002 106 933 8 2003 106 932 8 2004 106 935 8 2005 8 934 8 2002 8 932 8 2004 8 935 8 2005 10 932 8 2004 10 931 8 2006 10 929 8 2007 147 928 8 2000 147 920 8 1999 147 929 8 2007 11 920 8 1999 11 936 8 2008 11 935 8 2005 919 931 8 2006 919 930 8 2009 919 936 8 2008 920 935 8 2005 920 930 8 2009 920 936 8 2008 918 930 8 2009 918 929 8 2007 918 941 24 47 921 71 25 48 921 940 1052 2010 921 72 1052 2011 921 940 1052 2010 921 71 25 48 921 945 1053 51 922 67 1053 52 922 944 1053 2012 922 68 1053 2013 922 944 1053 2012 922 67 1053 52 922 73 71 55 21 72 71 54 21 71 71 53 21 68 71 58 22 67 71 57 22 66 71 56 22 68 71 58 23 66 71 56 23 65 71 59 23 75 71 61 24 74 71 60 24 73 71 55 24 73 71 55 25 71 71 53 25 70 71 62 25 75 71 61 5 73 71 55 5 70 71 62 5 70 71 62 26 69 71 63 26 68 71 58 26 75 71 61 27 70 71 62 27 68 71 58 27 75 71 61 5 68 71 58 5 65 71 59 5 951 30 66 923 84 31 67 923 950 1054 2014 923 85 1054 2015 923 950 1054 2014 923 84 31 67 923 955 34 70 924 80 35 71 924 954 1055 2016 924 81 1055 2017 924 954 1055 2016 924 80 35 71 924 959 1056 74 925 76 1056 75 925 958 1057 2018 925 77 1058 2019 925 958 1057 2018 925 76 1056 75 925 960 8 678 206 959 8 2020 206 958 8 2021 206 951 8 2022 121 950 8 2023 121 949 8 1711 121 954 8 2024 926 953 8 2025 926 952 8 2026 926 958 8 2021 927 957 8 2027 927 956 8 2028 927 948 8 510 206 960 8 678 206 958 8 2021 206 948 8 510 928 958 8 2021 928 956 8 2028 928 948 8 510 5 956 8 2028 5 955 8 2029 5 949 8 1711 35 948 8 510 35 955 8 2029 35 955 8 2029 929 954 8 2024 929 952 8 2026 929 952 8 2026 25 951 8 2022 25 949 8 1711 25 955 8 2029 930 952 8 2026 930 949 8 1711 930 965 39 82 931 93 40 83 931 964 1059 2030 931 94 1059 2031 931 964 1059 2030 931 93 40 83 931 969 42 86 932 89 43 87 932 968 1060 2032 932 90 1061 2033 932 968 1060 2032 932 89 43 87 932 93 71 90 34 92 71 89 34 91 71 88 34 94 71 91 35 93 71 90 35 91 71 88 35 97 71 94 34 96 71 93 34 95 71 92 34 89 71 97 36 88 71 96 36 87 71 95 36 94 71 91 37 91 71 88 37 90 71 98 37 89 71 97 38 87 71 95 38 97 71 94 38 89 71 97 39 97 71 94 39 95 71 92 39 94 71 91 40 90 71 98 40 89 71 97 40 95 71 92 41 94 71 91 41 89 71 97 41 975 45 101 933 103 46 102 933 974 1062 2034 933 104 1063 2035 933 974 1062 2034 933 103 46 102 933 979 1064 105 934 99 1064 106 934 978 1065 2036 934 100 1066 2037 934 978 1065 2036 934 99 1064 106 934 103 71 109 44 102 71 108 44 101 71 107 44 104 71 110 45 103 71 109 45 101 71 107 45 100 71 113 46 99 71 112 46 98 71 111 46 100 71 113 45 98 71 111 45 27 71 114 45 101 71 107 47 100 71 113 47 27 71 114 47 106 71 116 48 105 71 115 48 104 71 110 48 27 71 114 25 106 71 116 25 104 71 110 25 104 71 110 49 101 71 107 49 27 71 114 49 985 1067 119 935 116 1067 120 935 984 1068 2038 935 117 1069 2039 935 984 1068 2038 935 116 1067 120 935 989 992 123 936 112 992 124 936 988 992 2040 936 113 992 2041 936 988 992 2040 936 112 992 124 936 993 53 127 937 108 54 128 937 992 1070 2042 937 109 1070 2043 937 992 1070 2042 937 108 54 128 937 989 8 2044 10 988 8 2045 10 987 8 2046 10 990 8 2047 9 989 8 2044 9 987 8 2046 9 990 8 2047 938 987 8 2046 938 986 8 2048 938 991 8 2049 48 990 8 2047 48 986 8 2048 48 991 8 2049 939 986 8 2048 939 985 8 2050 939 991 8 2049 920 985 8 2050 920 984 8 2051 920 991 8 2049 68 984 8 2051 68 983 8 2052 68 992 8 2053 940 991 8 2049 940 983 8 2052 940 993 8 2054 36 992 8 2053 36 983 8 2052 36 993 8 2054 941 983 8 2052 941 982 8 2055 941 982 8 2055 46 994 8 2056 46 993 8 2054 46 999 1071 135 942 123 1071 136 942 998 1072 2057 942 122 1073 2058 942 998 1072 2057 942 123 1071 136 942 125 71 139 55 126 71 138 55 120 71 137 55 122 71 142 56 123 71 141 56 124 71 140 56 121 71 143 57 122 71 142 57 124 71 140 57 121 71 143 58 124 71 140 58 125 71 139 58 120 71 137 59 121 71 143 59 125 71 139 59 1005 61 146 943 133 62 147 943 1004 1074 2059 943 134 1075 2060 943 1004 1074 2059 943 133 62 147 943 1009 64 2061 944 129 65 2062 944 1008 1076 2063 944 130 1076 2064 944 1008 1076 2063 944 129 65 2062 944 1008 8 2065 945 1007 8 2066 945 1006 8 2067 945 1002 8 2068 946 1010 8 2069 946 1009 8 2070 946 1008 8 2065 594 1006 8 2067 594 1005 8 2071 594 1008 8 2065 947 1005 8 2071 947 1004 8 2072 947 1008 8 2065 948 1004 8 2072 948 1003 8 2073 948 1008 8 2065 204 1003 8 2073 204 1002 8 2068 204 1002 8 2068 949 1009 8 2070 949 1008 8 2065 949 1015 1077 158 950 143 1077 159 950 1014 1077 2074 950 144 1077 2075 950 1014 1077 2074 950 143 1077 159 950 1019 1078 162 951 139 1078 163 951 1018 1079 2076 951 140 1080 2077 951 1018 1079 2076 951 139 1078 163 951 1011 1081 154 952 25 1081 155 952 1022 1081 2078 952 136 1081 2079 952 1022 1081 2078 952 25 1081 155 952 1025 73 178 953 155 74 179 953 1024 1082 2080 953 156 1082 2081 953 1024 1082 2080 953 155 74 179 953 1029 77 182 954 151 78 183 954 1028 1083 2082 954 152 1084 2083 954 1028 1083 2082 954 151 78 183 954 1023 1085 2084 955 147 1085 2085 955 1032 1086 2086 955 148 1087 2087 955 1032 1086 2086 955 147 1085 2085 955 1035 1088 196 956 163 1088 197 956 1034 1089 2088 956 164 1090 2089 956 1034 1089 2088 956 163 1088 197 956 1039 82 200 957 159 83 201 957 1038 1091 2090 957 160 1091 2091 957 1038 1091 2090 957 159 83 201 957 164 71 207 47 163 71 206 47 162 71 205 47 161 71 204 84 160 71 203 84 159 71 202 84 165 71 208 85 164 71 207 85 162 71 205 85 158 71 210 86 157 71 209 86 165 71 208 86 161 71 204 87 159 71 202 87 158 71 210 87 165 71 208 88 162 71 205 88 161 71 204 88 165 71 208 89 161 71 204 89 158 71 210 89 1045 85 213 958 167 86 214 958 1044 1092 2092 958 166 1092 2093 958 1044 1092 2092 958 167 86 214 958 1049 1093 217 959 171 1093 218 959 1048 1094 2094 959 170 1095 2095 959 1048 1094 2094 959 171 1093 218 959 1053 1096 221 960 175 1096 222 960 1052 1096 2096 960 174 1096 2097 960 1052 1096 2096 960 175 1096 222 960 1057 94 225 961 179 95 226 961 1056 1097 2098 961 178 1098 2099 961 1056 1097 2098 961 179 95 226 961 1061 1099 229 962 183 1099 230 962 1060 1100 2100 962 182 1101 2101 962 1060 1100 2100 962 183 1099 230 962 168 66 233 95 169 66 232 95 170 66 231 95 179 66 236 77 180 66 235 77 181 66 234 77 178 66 237 5 179 66 236 5 181 66 234 5 177 66 238 96 178 66 237 96 181 66 234 96 182 66 241 97 183 66 240 97 184 66 239 97 19 66 172 98 166 66 243 98 167 66 242 98 19 66 172 34 167 66 242 34 168 66 233 34 19 66 172 99 168 66 233 99 170 66 231 99 23 66 244 44 19 66 172 44 170 66 231 44 177 66 238 100 181 66 234 100 182 66 241 100 174 66 247 101 175 66 246 101 176 66 245 101 177 66 238 102 182 66 241 102 184 66 239 102 172 66 249 103 173 66 248 103 174 66 247 103 174 66 247 104 176 66 245 104 177 66 238 104 177 66 238 105 184 66 239 105 185 66 250 105 177 66 238 10 185 66 250 10 23 66 244 10 174 66 247 5 177 66 238 5 23 66 244 5 172 66 249 106 174 66 247 106 23 66 244 106 171 66 251 107 172 66 249 107 23 66 244 107 23 66 244 108 170 66 231 108 171 66 251 108 1067 1102 254 963 189 1102 255 963 1066 1103 2102 963 188 1104 2103 963 1066 1103 2102 963 189 1102 255 963 1071 103 258 964 193 104 259 964 1070 1105 2104 964 192 1106 2105 964 1070 1105 2104 964 193 104 259 964 1075 1107 262 965 197 1107 263 965 1074 1108 2106 965 196 1109 2107 965 1074 1108 2106 965 197 1107 263 965 1077 1110 266 553 22 1110 267 553 1076 1110 1458 553 21 1110 1459 553 1076 1110 1458 553 22 1110 267 553 1081 106 270 966 201 107 271 966 1080 1111 2108 966 200 1111 2109 966 1080 1111 2108 966 201 107 271 966 1085 109 274 967 205 110 275 967 1084 1112 2110 967 204 1112 2111 967 1084 1112 2110 967 205 110 275 967 1089 112 278 968 209 113 279 968 1088 1113 2112 968 208 1114 2113 968 1088 1113 2112 968 209 113 279 968 1085 99 2114 969 1084 99 2115 969 1083 99 2116 969 1079 99 2117 100 1078 99 2118 100 1077 99 451 100 1080 99 2119 940 1079 99 2117 940 1077 99 451 940 1081 99 2120 45 1080 99 2119 45 1077 99 451 45 1086 99 2121 77 1085 99 2114 77 1083 99 2116 77 1082 99 2122 970 1081 99 2120 970 1077 99 451 970 1086 99 2121 103 1083 99 2116 103 1082 99 2122 103 1082 99 2122 67 1077 99 451 67 1076 99 114 67 1086 99 2121 13 1082 99 2122 13 1076 99 114 13 1086 99 2121 920 1076 99 114 920 1090 99 464 920 1090 99 464 971 1089 99 2123 971 1088 99 2124 971 1086 99 2121 103 1090 99 464 103 1088 99 2124 103 1088 99 2124 972 1087 99 2125 972 1086 99 2121 972 1095 117 286 973 215 118 287 973 1094 1115 2126 973 214 1116 2127 973 1094 1115 2126 973 215 118 287 973 1099 120 290 974 219 121 291 974 1098 1117 2128 974 218 1117 2129 974 1098 1117 2128 974 219 121 291 974 1091 71 282 975 211 71 283 975 1102 71 2130 975 222 71 2131 975 1102 71 2130 975 211 71 283 975 1105 1118 306 976 224 1118 307 976 1104 1118 2132 976 223 1118 2133 976 1104 1118 2132 976 224 1118 307 976 1109 125 310 977 228 126 311 977 1108 1119 2134 977 227 1119 2135 977 1108 1119 2134 977 228 126 311 977 1113 1120 314 978 232 1120 315 978 1112 1121 2136 978 231 1122 2137 978 1112 1121 2136 978 232 1120 315 978 1117 129 318 979 236 130 319 979 1116 1123 2138 979 235 1124 2139 979 1116 1123 2138 979 236 130 319 979 1114 99 2140 36 1113 99 2141 36 1112 99 2142 36 1114 99 2140 55 1112 99 2142 55 1111 99 2143 55 1107 99 2144 9 1106 99 2145 9 1105 99 2146 9 1103 99 510 67 1118 99 2147 67 1117 99 2148 67 1103 99 510 95 1117 99 2148 95 1116 99 2149 95 1103 99 510 566 1116 99 2149 566 1115 99 2150 566 1109 99 2151 980 1108 99 2152 980 1107 99 2144 980 1109 99 2151 587 1107 99 2144 587 1105 99 2146 587 1103 99 510 981 1115 99 2150 981 1114 99 2140 981 1103 99 510 38 1114 99 2140 38 1111 99 2143 38 1110 99 2153 84 1109 99 2151 84 1105 99 2146 84 1103 99 510 982 1111 99 2143 982 1110 99 2153 982 1104 99 2154 169 1103 99 510 169 1110 99 2153 169 1110 99 2153 983 1105 99 2146 983 1104 99 2154 983 1123 1125 326 984 242 1125 327 984 1122 1126 2155 984 241 1127 2156 984 1122 1126 2155 984 242 1125 327 984 1127 135 330 985 246 136 331 985 1126 772 2157 985 245 772 2158 985 1126 772 2157 985 246 136 331 985 1125 99 2159 986 1124 99 2160 986 1123 99 2161 986 1126 99 2162 562 1125 99 2159 562 1123 99 2161 562 1126 99 2162 13 1123 99 2161 13 1122 99 2163 13 1126 99 2162 11 1122 99 2163 11 1121 99 2164 11 1120 99 2165 206 1119 99 2166 206 1128 99 2167 206 1128 99 2167 125 1127 99 2168 125 1126 99 2162 125 1120 99 2165 150 1128 99 2167 150 1126 99 2162 150 1126 99 2162 987 1121 99 2164 987 1120 99 2165 987 1133 139 338 988 252 140 339 988 1132 1128 2169 988 251 1128 2170 988 1132 1128 2169 988 252 140 339 988 1137 143 342 989 256 144 343 989 1136 1129 2171 989 255 1129 2172 989 1136 1129 2171 989 256 144 343 989 1141 1130 346 990 260 1130 347 990 1140 1131 2173 990 259 1132 2174 990 1140 1131 2173 990 260 1130 347 990 1143 1133 350 991 261 1133 351 991 1142 1133 360 991 18 1133 361 991 1142 1133 360 991 261 1133 351 991 1147 149 354 992 265 150 355 992 1146 1134 2175 992 264 1135 2176 992 1146 1134 2175 992 265 150 355 992 1151 1136 358 993 269 1136 359 993 1150 1137 2177 993 268 1138 2178 993 1150 1137 2177 993 269 1136 359 993 1155 1139 362 994 273 1139 363 994 1154 1140 2179 994 272 1141 2180 994 1154 1140 2179 994 273 1139 363 994 1157 156 366 995 283 157 367 995 1156 1142 1522 995 284 1142 1523 995 1156 1142 1522 995 283 157 367 995 1161 160 370 996 279 161 371 996 1160 1143 2181 996 280 1143 2182 996 1160 1143 2181 996 279 161 371 996 1165 163 374 997 275 164 375 997 1164 1144 2183 997 276 1144 2184 997 1164 1144 2183 997 275 164 375 997 1161 99 2185 103 1160 99 2186 103 1159 99 2187 103 1161 99 2185 149 1159 99 2187 149 1158 99 2188 149 1162 99 2189 998 1161 99 2185 998 1158 99 2188 998 1164 99 2190 38 1163 99 2191 38 1162 99 2189 38 1164 99 2190 96 1162 99 2189 96 1158 99 2188 96 1157 99 2192 999 1156 99 2193 999 1166 99 2194 999 1166 99 2194 1000 1165 99 2195 1000 1164 99 2190 1000 1164 99 2190 1001 1158 99 2188 1001 1157 99 2192 1001 1166 99 2194 1002 1164 99 2190 1002 1157 99 2192 1002 1171 1145 382 1003 288 1145 383 1003 1170 1146 2196 1003 287 1147 2197 1003 1170 1146 2196 1003 288 1145 383 1003 1175 171 386 1004 292 172 387 1004 1174 1148 2198 1004 291 1148 2199 1004 1174 1148 2198 1004 292 172 387 1004 287 99 390 84 288 99 389 84 289 99 388 84 17 99 244 147 285 99 392 147 286 99 391 147 290 99 395 48 291 99 394 48 292 99 393 48 294 99 396 7 17 99 244 7 286 99 391 7 286 99 391 148 287 99 390 148 289 99 388 148 286 99 391 48 289 99 388 48 290 99 395 48 290 99 395 149 292 99 393 149 293 99 397 149 294 99 396 150 286 99 391 150 290 99 395 150 290 99 395 151 293 99 397 151 294 99 396 151 1181 1149 400 1005 298 1149 401 1005 1180 1150 2200 1005 297 1151 2201 1005 1180 1150 2200 1005 298 1149 401 1005 1185 1152 404 1006 302 1152 405 1006 1184 1152 2202 1006 301 1152 2203 1006 1184 1152 2202 1006 302 1152 405 1006 1178 55 1532 1007 295 55 1533 1007 1188 55 2204 1007 305 55 2205 1007 1188 55 2204 1007 295 55 1533 1007 1191 1153 419 1008 307 1153 420 1008 1190 1153 2206 1008 306 1153 2207 1008 1190 1153 2206 1008 307 1153 420 1008 1195 182 423 1009 311 183 424 1009 1194 1154 2208 1009 310 1155 2209 1009 1194 1154 2208 1009 311 183 424 1009 1189 1156 2210 1010 315 1156 2211 1010 1198 1157 2212 1010 314 1158 2213 1010 1198 1157 2212 1010 315 1156 2211 1010 1201 55 437 1011 316 55 438 1011 1200 55 2214 1011 16 55 2215 1011 1200 55 2214 1011 316 55 438 1011 1205 1159 441 1012 320 1159 442 1012 1204 1159 2216 1012 319 1159 2217 1012 1204 1159 2216 1012 320 1159 442 1012 1209 1160 445 1013 324 1160 446 1013 1208 1160 2218 1013 323 1160 2219 1013 1208 1160 2218 1013 324 1160 446 1013 1213 1161 449 1014 328 1161 450 1014 1212 1162 2220 1014 327 1163 2221 1014 1212 1162 2220 1014 328 1161 450 1014 1199 8 2222 1015 15 8 2223 1015 1216 8 2224 1015 331 8 2225 1015 1216 8 2224 1015 15 8 2223 1015 1219 195 470 1016 334 196 471 1016 1218 71 2226 1016 333 71 2227 1016 1218 71 2226 1016 334 196 471 1016 1223 199 474 1017 338 200 475 1017 1222 1164 2228 1017 337 1164 2229 1017 1222 1164 2228 1017 338 200 475 1017 1217 8 2230 1018 332 8 2231 1018 1226 8 2232 1018 341 8 2233 1018 1226 8 2232 1018 332 8 2231 1018 1229 203 487 1019 343 204 488 1019 1228 1165 2234 1019 342 1165 2235 1019 1228 1165 2234 1019 343 204 488 1019 1233 207 491 1020 347 208 492 1020 1232 1166 2236 1020 346 1167 2237 1020 1232 1166 2236 1020 347 208 492 1020 1237 211 495 1021 351 212 496 1021 1236 1168 2238 1021 350 1168 2239 1021 1236 1168 2238 1021 351 212 496 1021 1241 215 499 1022 355 216 500 1022 1240 1169 2240 1022 354 1170 2241 1022 1240 1169 2240 1022 355 216 500 1022 1245 1171 503 1023 359 1171 504 1023 1244 1171 2242 1023 358 1171 2243 1023 1244 1171 2242 1023 359 1171 504 1023 1227 1172 2244 1024 14 1172 2245 1024 1248 1172 2246 1024 362 1172 2247 1024 1248 1172 2246 1024 14 1172 2245 1024 1251 1173 529 1025 364 1173 530 1025 1250 1173 2248 1025 363 1173 2249 1025 1250 1173 2248 1025 364 1173 530 1025 1255 71 533 1026 368 71 534 1026 1254 71 2250 1026 367 71 2251 1026 1254 71 2250 1026 368 71 534 1026 366 99 537 155 367 99 536 155 368 99 535 155 365 99 538 169 366 99 537 169 368 99 535 169 365 99 538 172 368 99 535 172 369 99 539 172 364 99 540 55 365 99 538 55 369 99 539 55 370 99 543 48 371 99 542 48 363 99 541 48 364 99 540 11 369 99 539 11 370 99 543 11 363 99 541 9 364 99 540 9 370 99 543 9 1261 226 546 1027 374 227 547 1027 1260 1174 2252 1027 373 1175 2253 1027 1260 1174 2252 1027 374 227 547 1027 1265 229 550 1028 378 230 551 1028 1264 1176 2254 1028 377 1176 2255 1028 1264 1176 2254 1028 378 230 551 1028 1269 233 554 1029 382 234 555 1029 1268 1177 2256 1029 381 1177 2257 1029 1268 1177 2256 1029 382 234 555 1029 1258 1178 2258 1030 386 1178 2259 1030 1272 1179 2260 1030 385 1180 2261 1030 1272 1179 2260 1030 386 1178 2259 1030 1275 237 573 1031 388 238 574 1031 1274 1181 2262 1031 387 1181 2263 1031 1274 1181 2262 1031 388 238 574 1031 1279 241 577 1032 392 242 578 1032 1278 1182 2264 1032 391 1183 2265 1032 1278 1182 2264 1032 392 242 578 1032 1273 1184 2266 1033 396 1184 2267 1033 1282 1184 2268 1033 395 1184 2269 1033 1282 1184 2268 1033 396 1184 2267 1033 1285 1185 591 1034 407 1185 592 1034 1284 1185 2270 1034 408 1185 2271 1034 1284 1185 2270 1034 407 1185 592 1034 1289 1186 595 1035 403 1186 596 1035 1288 1186 2272 1035 404 1186 2273 1035 1288 1186 2272 1035 403 1186 596 1035 1293 249 599 1036 399 250 600 1036 1292 1187 2274 1036 400 1188 2275 1036 1292 1187 2274 1036 399 250 600 1036 398 99 602 99 397 99 601 99 13 99 172 99 405 99 605 5 404 99 604 5 403 99 603 5 406 99 606 84 405 99 605 84 403 99 603 84 399 99 607 5 398 99 602 5 13 99 172 99 400 99 608 95 399 99 607 95 13 99 172 95 401 99 609 84 400 99 608 84 13 99 172 84 402 99 610 103 401 99 609 103 13 99 172 103 407 99 611 172 406 99 606 172 403 99 603 172 408 99 612 213 407 99 611 213 403 99 603 213 13 99 172 214 408 99 612 214 403 99 603 214 13 99 172 215 403 99 603 215 402 99 610 215 1299 252 615 1037 418 253 616 1037 1298 1189 2276 1037 419 1190 2277 1037 1298 1189 2276 1037 418 253 616 1037 1303 1186 619 1038 414 1186 620 1038 1302 1186 2278 1038 415 1186 2279 1038 1302 1186 2278 1038 414 1186 620 1038 1307 256 623 1039 410 257 624 1039 1306 1191 2280 1039 411 1192 2281 1039 1306 1191 2280 1039 410 257 624 1039 1305 66 2282 106 1304 66 2283 106 1303 66 2284 106 1303 66 2284 71 1302 66 2285 71 1301 66 2286 71 1303 66 2284 1040 1301 66 2286 1040 1300 66 2287 1040 1305 66 2282 147 1303 66 2284 147 1300 66 2287 147 1307 66 2288 34 1306 66 2289 34 1305 66 2282 34 1307 66 2288 119 1305 66 2282 119 1300 66 2287 119 1298 66 2290 1041 1297 66 2291 1041 1296 66 2292 1041 1298 66 2290 67 1296 66 2292 67 1308 66 2293 67 1307 66 2288 1042 1300 66 2287 1042 1299 66 2294 1042 1298 66 2290 1043 1308 66 2293 1043 1307 66 2288 1043 1307 66 2288 927 1299 66 2294 927 1298 66 2290 927 1313 261 631 1044 431 262 632 1044 1312 1193 2295 1044 432 1194 2296 1044 1312 1193 2295 1044 431 262 632 1044 1317 265 635 1045 427 266 636 1045 1316 1195 2297 1045 428 1195 2298 1045 1316 1195 2297 1045 427 266 636 1045 1321 268 639 1046 423 269 640 1046 1320 1196 2299 1046 424 1197 2300 1046 1320 1196 2299 1046 423 269 640 1046 1317 66 2301 1047 1316 66 2302 1047 1315 66 2303 1047 1320 66 2304 107 1319 66 2305 107 1318 66 2306 107 1311 66 2307 49 1310 66 2308 49 1309 66 2309 49 1312 66 2310 107 1311 66 2307 107 1309 66 2309 107 1317 66 2301 927 1315 66 2303 927 1314 66 2311 927 1312 66 2310 95 1309 66 2309 95 1322 66 2312 95 1321 66 2313 1048 1320 66 2304 1048 1318 66 2306 1048 1314 66 2311 1049 1313 66 2314 1049 1312 66 2310 1049 1321 66 2313 182 1318 66 2306 182 1317 66 2301 182 1321 66 2313 189 1317 66 2301 189 1314 66 2311 189 1321 66 2313 986 1314 66 2311 986 1312 66 2310 986 1322 66 2312 1050 1321 66 2313 1050 1312 66 2310 1050 446 274 646 1051 447 1198 2315 1051 1327 276 648 1051 1326 1199 2316 1052 1327 276 648 1052 447 1198 2315 1052 443 1200 2317 1053 1330 1201 2318 1053 442 1201 651 1053 1331 1202 649 1054 442 1201 651 1054 1330 1201 2318 1053 1335 282 654 1055 438 281 653 1055 1334 1203 2319 1055 439 1204 2320 1056 1334 1203 2319 1056 438 281 653 1056 1325 1205 2321 1057 1324 1206 2322 1057 1323 1207 510 1057 1326 1208 2323 1058 1325 1205 2321 1058 1323 1207 510 1058 1327 1209 2324 240 1326 1208 2323 240 1323 1207 510 240 1331 1210 2325 1059 1330 1211 2326 1059 1329 1212 2327 1059 1331 1210 2325 1060 1329 1212 2327 1060 1328 1213 2328 1060 1335 1214 2329 1061 1334 1215 2330 1061 1333 1216 2331 1061 1335 1214 2329 1062 1333 1216 2331 1062 1332 1217 2332 1062 1327 1209 2324 255 1323 1207 510 255 1336 1218 2333 255 1332 1217 2332 1063 1331 1210 2325 1063 1328 1213 2328 1063 1335 1214 2329 1064 1332 1217 2332 1064 1328 1213 2328 1064 1336 1218 2333 260 1335 1214 2329 260 1328 1213 2328 260 1336 1218 2333 1065 1328 1213 2328 1065 1327 1209 2324 1065 457 1219 663 1066 458 1220 2334 1066 1341 1220 661 1066 1340 1221 2335 1067 1341 1220 661 1067 458 1220 2334 1067 454 1222 2336 1068 1344 1223 2337 1068 453 1224 665 1068 1345 1225 666 1069 453 1224 665 1069 1344 1223 2337 1069 31 1226 660 1070 450 1227 2338 1070 1337 1227 659 1070 1348 1228 2339 1070 1337 1227 659 1070 450 1227 2338 1070 1351 310 684 1071 471 308 682 1071 1350 1229 2340 1071 472 1229 2341 1072 1350 1229 2340 1072 471 308 682 1072 467 1230 686 1073 468 1231 2342 1073 1355 1232 688 1073 1354 1233 2343 1074 1355 1232 688 1074 468 1231 2342 1073 1359 1234 692 1075 463 1235 690 1075 1358 1235 2344 1075 464 1236 2345 1076 1358 1235 2344 1076 463 1235 690 1076 473 1237 695 1077 472 1238 694 1077 471 1239 693 1077 467 1240 698 1078 466 1241 697 1078 465 1242 696 1078 467 1240 698 1079 465 1242 696 1079 464 1243 699 1079 464 1243 699 1080 463 1244 701 1080 462 1245 700 1080 461 1246 702 1081 473 1237 695 1081 471 1239 693 1081 471 1239 693 671 470 1247 704 671 469 1248 703 671 471 1239 693 1082 469 1248 703 1082 468 1249 705 1082 467 1240 698 1083 464 1243 699 1083 462 1245 700 1083 461 1246 702 1062 471 1239 693 1062 468 1249 705 1062 461 1246 702 1084 468 1249 705 1084 467 1240 698 1084 467 1240 698 331 462 1245 700 331 461 1246 702 331 1364 1250 2346 1085 1365 1251 708 1085 482 1251 2347 1085 481 1252 709 1086 482 1251 2347 1086 1365 1251 708 1086 1369 1253 713 1087 477 1254 711 1087 1368 1255 2348 1087 478 1256 2349 1088 1368 1255 2348 1088 477 1254 711 1088 1362 1257 1625 1089 484 1257 1623 1089 1372 1257 2350 1089 474 1257 2351 1089 1372 1257 2350 1089 484 1257 1623 1089 491 1258 726 1090 492 1259 2352 1090 1375 1259 728 1090 1374 1260 2353 1091 1375 1259 728 1091 492 1259 2352 1091 1379 1261 732 1092 487 1262 730 1092 1378 1263 2354 1092 488 1264 2355 1093 1378 1263 2354 1093 487 1262 730 1093 1373 1265 2356 1094 493 1266 2357 1094 1382 1266 2358 1094 32 1267 2359 1095 1382 1266 2358 1095 493 1266 2357 1095 1385 368 745 1096 506 369 746 1096 1384 1268 2360 1096 507 1269 2361 1097 1384 1268 2360 1097 506 369 746 1097 1389 1270 747 1098 502 1271 749 1098 1388 1271 2362 1098 503 1272 2363 1099 1388 1271 2362 1099 502 1271 749 1099 1393 375 753 1100 498 376 754 1100 1392 1273 2364 1100 499 1274 2365 1101 1392 1273 2364 1101 498 376 754 1101 494 1275 758 1102 495 1276 2366 1102 1397 1275 757 1102 1396 1277 2367 1103 1397 1275 757 1103 495 1276 2366 1103 516 381 762 1104 517 1278 768 1104 1399 380 761 1104 1398 1279 767 1105 1399 380 761 1105 517 1278 768 1105 512 1280 766 1106 513 1281 2368 1106 1403 1281 765 1106 1402 1282 2369 1107 1403 1281 765 1107 513 1281 2368 1107 1407 1283 769 1108 508 1284 770 1108 1406 1284 2370 1108 509 1285 2371 1109 1406 1284 2370 1109 508 1284 770 1109 1409 1286 773 1110 28 1286 774 1110 1408 1286 2372 1110 29 1286 2373 1110 1408 1286 2372 1110 28 1286 774 1110 1413 1287 777 1111 532 1287 778 1111 1412 1287 2374 1111 533 1287 2375 1111 1412 1287 2374 1111 532 1287 778 1111 1417 389 781 1112 528 390 782 1112 1416 1288 2376 1112 529 1288 2377 1112 1416 1288 2376 1112 528 390 782 1112 1421 393 785 1113 524 394 786 1113 1420 1289 2378 1113 525 1290 2379 1113 1420 1289 2378 1113 524 394 786 1113 1425 397 789 1114 520 398 790 1114 1424 1291 2380 1114 521 1291 2381 1114 1424 1291 2380 1114 520 398 790 1114 528 55 793 303 527 55 792 303 526 55 791 303 529 55 794 304 528 55 793 304 526 55 791 304 533 55 797 280 532 55 796 280 531 55 795 280 533 55 797 305 531 55 795 305 530 55 798 305 533 55 797 306 530 55 798 306 529 55 794 306 28 55 735 307 535 55 800 307 534 55 799 307 28 55 735 308 534 55 799 308 533 55 797 308 29 55 801 309 28 55 735 309 533 55 797 309 29 55 801 305 533 55 797 305 529 55 794 305 29 55 801 310 529 55 794 310 526 55 791 310 524 55 804 303 523 55 803 303 522 55 802 303 29 55 801 311 526 55 791 311 525 55 805 311 29 55 801 312 525 55 805 312 524 55 804 312 29 55 801 313 524 55 804 313 522 55 802 313 29 55 801 314 522 55 802 314 521 55 806 314 520 55 809 315 519 55 808 315 518 55 807 315 518 55 807 316 29 55 801 316 521 55 806 316 521 55 806 317 520 55 809 317 518 55 807 317 1431 401 812 1115 539 402 813 1115 1430 1292 2382 1115 540 1292 2383 1115 1430 1292 2382 1115 539 402 813 1115 1428 66 1680 1116 542 66 1681 1116 1434 66 2384 1116 536 66 2385 1116 1434 66 2384 1116 542 66 1681 1116 1437 1293 823 1117 549 1293 824 1117 1436 1294 2386 1117 550 1295 2387 1117 1436 1294 2386 1117 549 1293 824 1117 1441 405 827 1118 545 406 828 1118 1440 1296 2388 1118 546 1296 2389 1118 1440 1296 2388 1118 545 406 828 1118 550 55 831 326 549 55 830 326 548 55 829 326 551 55 832 327 550 55 831 327 548 55 829 327 547 55 835 307 546 55 834 307 545 55 833 307 547 55 835 328 545 55 833 328 544 55 836 328 543 55 837 329 551 55 832 327 548 55 829 329 548 55 829 330 547 55 835 330 544 55 836 330 548 55 829 331 544 55 836 331 543 55 837 331 1447 1297 840 1119 565 1297 841 1119 1446 1297 2390 1119 566 1297 2391 1119 1446 1297 2390 1119 565 1297 841 1119 1451 1298 844 1120 561 1298 845 1120 1450 1298 2392 1120 562 1298 2393 1120 1450 1298 2392 1120 561 1298 845 1120 1455 413 848 1121 557 414 849 1121 1454 1299 2394 1121 558 1300 2395 1121 1454 1299 2394 1121 557 414 849 1121 1459 1301 852 1122 553 1301 853 1122 1458 1302 2396 1122 554 1303 2397 1122 1458 1302 2396 1122 553 1301 853 1122 1453 36 2398 1123 1452 36 2399 1123 1451 36 2400 1123 1454 36 2401 1124 1453 36 2398 1124 1451 36 2400 1124 1455 36 2402 1125 1454 36 2401 1125 1451 36 2400 1125 1447 36 2403 688 1446 36 2404 688 1445 36 2405 688 1447 36 2403 1126 1445 36 2405 1126 1444 36 2406 1126 1456 36 2407 320 1455 36 2402 320 1451 36 2400 320 1460 36 2408 1127 1459 36 2409 1127 1458 36 2410 1127 1451 36 2400 1128 1450 36 2411 1128 1449 36 2412 1128 1460 36 2408 1125 1458 36 2410 1125 1457 36 2413 1125 1457 36 2413 1129 1456 36 2407 1129 1451 36 2400 1129 1451 36 2400 1130 1449 36 2412 1130 1448 36 2414 1130 1457 36 2413 305 1451 36 2400 305 1448 36 2414 305 1444 36 2406 310 1460 36 2408 310 1457 36 2413 310 1444 36 2406 330 1457 36 2413 330 1448 36 2414 330 1444 36 2406 1131 1448 36 2414 1131 1447 36 2403 1131 1465 1304 860 1132 576 1304 861 1132 1464 1305 2415 1132 577 1306 2416 1132 1464 1305 2415 1132 576 1304 861 1132 1469 8 864 1133 572 8 865 1133 1468 8 2417 1133 573 8 2418 1133 1468 8 2417 1133 572 8 865 1133 1473 1307 866 1134 30 1307 867 1134 1472 1307 2419 1134 569 1307 2420 1134 1472 1307 2419 1134 30 1307 867 1134 1474 1308 2421 1135 1475 1309 870 1135 436 1310 2422 1135 591 1311 871 1136 436 1310 2422 1136 1475 1309 870 1136 1479 1312 874 1137 587 1312 875 1137 1478 1312 2423 1137 588 1312 2424 1138 1478 1312 2423 1138 587 1312 875 1138 1483 1313 879 1139 583 1314 877 1139 1482 1315 2425 1139 584 1316 2426 1140 1482 1315 2425 1140 583 1314 877 1140 1479 1317 2427 698 1478 1318 2428 698 1477 1319 2429 698 1475 1320 2430 1141 1474 923 888 1141 1485 922 889 1141 1484 1321 2431 1142 1483 1322 2432 1142 1482 1323 2433 1142 1484 1321 2431 1143 1482 1323 2433 1143 1481 1324 2434 1143 1485 922 889 1144 1484 1321 2431 1144 1481 1324 2434 1144 1479 1317 2427 1145 1477 1319 2429 1145 1476 1325 2435 1145 1480 1326 2436 260 1479 1317 2427 260 1476 1325 2435 260 1480 1326 2436 1146 1476 1325 2435 1146 1475 1320 2430 1146 1485 922 889 1147 1481 1324 2434 1147 1480 1326 2436 1147 1485 922 889 1148 1480 1326 2436 1148 1475 1320 2430 1148 1489 437 886 1149 595 438 887 1149 1488 1327 2437 1149 596 1327 2438 1149 1488 1327 2437 1149 595 438 887 1149 1474 1308 2439 1150 436 1310 2440 1150 1492 71 2441 1150 592 71 2442 1151 1492 71 2441 1151 436 1310 2440 1151 1495 442 899 1152 612 443 900 1152 1494 1328 2443 1152 613 1328 2444 1152 1494 1328 2443 1152 612 443 900 1152 1499 66 903 1153 608 66 904 1153 1498 1329 2445 1153 609 1330 2446 1153 1498 1329 2445 1153 608 66 904 1153 1503 447 907 1154 604 448 908 1154 1502 1331 2447 1154 605 1331 2448 1154 1502 1331 2447 1154 604 448 908 1154 1507 450 911 1155 600 451 912 1155 1506 1332 2449 1155 601 1333 2450 1155 1506 1332 2449 1155 600 451 912 1155 1500 71 2451 1156 1499 71 2452 1156 1498 71 2453 1156 1501 71 2454 1157 1500 71 2451 1157 1498 71 2453 1157 1505 71 2455 1158 1504 71 2456 1158 1503 71 2457 1158 1497 71 2458 1159 1496 71 2459 1159 1495 71 2460 1159 1497 71 2458 1160 1495 71 2460 1160 1494 71 2461 1160 1497 71 2458 1161 1494 71 2461 1161 1493 71 2462 1161 1498 71 2453 1162 1497 71 2458 1162 1493 71 2462 1162 1501 71 2454 1163 1498 71 2453 1163 1493 71 2462 1163 1502 71 2463 1164 1501 71 2454 1164 1493 71 2462 1164 1505 71 2455 1165 1503 71 2457 1165 1502 71 2463 1165 1505 71 2455 1166 1502 71 2463 1166 1493 71 2462 1166 1505 71 2455 1167 1493 71 2462 1167 1508 71 2464 1167 1505 71 2455 1168 1508 71 2464 1168 1507 71 2465 1168 1507 71 2465 1169 1506 71 2466 1169 1505 71 2455 1169 1513 457 919 1170 623 458 920 1170 1512 1334 2467 1170 624 1335 2468 1170 1512 1334 2467 1170 623 458 920 1170 1517 1336 923 1171 619 1336 924 1171 1516 1336 2469 1171 620 1336 2470 1171 1516 1336 2469 1171 619 1336 924 1171 1521 461 927 1172 615 462 928 1172 1520 1337 2471 1172 616 1338 2472 1172 1520 1337 2471 1172 615 462 928 1172 1516 71 2473 1173 1515 71 2474 1173 1514 71 2475 1173 1516 71 2473 1174 1514 71 2475 1174 1513 71 2476 1174 1520 71 2477 1175 1519 71 2478 1175 1518 71 2479 1175 1520 71 2477 1176 1518 71 2479 1176 1517 71 2480 1176 1520 71 2477 1177 1517 71 2480 1177 1516 71 2473 1177 1521 71 2481 1178 1520 71 2477 1178 1516 71 2473 1178 1512 71 2482 1179 1511 71 2483 1179 1510 71 2484 1179 1512 71 2482 1180 1510 71 2484 1180 1509 71 2485 1180 1512 71 2482 1181 1509 71 2485 1181 1522 71 2486 1181 1521 71 2481 1182 1516 71 2473 1182 1513 71 2476 1182 1513 71 2476 1183 1512 71 2482 1183 1522 71 2486 1183 1522 71 2486 1184 1521 71 2481 1184 1513 71 2476 1184 1527 99 935 1185 631 99 936 1185 1526 1339 2487 1185 630 1340 2488 1185 1526 1339 2487 1185 631 99 936 1185 1531 466 939 1186 635 467 940 1186 1530 1341 2489 1186 634 1341 2490 1186 1530 1341 2489 1186 635 467 940 1186 1535 469 943 1187 639 470 944 1187 1534 1342 2491 1187 638 1343 2492 1187 1534 1342 2491 1187 639 470 944 1187 1535 71 2493 1188 1534 71 2494 1188 1533 71 2495 1188 1536 71 2496 1189 1535 71 2493 1189 1533 71 2495 1189 1523 71 2497 1190 1536 71 2496 1190 1533 71 2495 1190 1523 71 2497 1191 1533 71 2495 1191 1532 71 2498 1191 1531 71 2499 1192 1530 71 2500 1192 1529 71 2501 1192 1529 71 2501 1193 1528 71 2502 1193 1527 71 2503 1193 1532 71 2498 1194 1531 71 2499 1194 1529 71 2501 1194 1523 71 2497 1195 1532 71 2498 1195 1529 71 2501 1195 1523 71 2497 1196 1529 71 2501 1196 1527 71 2503 1196 1527 71 2503 1197 1526 71 2504 1197 1525 71 2505 1197 1524 71 2506 1198 1523 71 2497 1198 1527 71 2503 1198 1527 71 2503 1199 1525 71 2505 1199 1524 71 2506 1199 1541 475 951 1200 642 476 952 1200 1540 1344 2507 1200 643 1344 2508 1200 1540 1344 2507 1200 642 476 952 1200 1541 71 2509 1201 1540 71 2510 1201 1539 71 2511 1201 1541 71 2509 1202 1539 71 2511 1202 1538 71 2512 1202 1538 71 2512 1203 1537 71 2513 1203 1542 71 2514 1203 1542 71 2514 1203 1541 71 2509 1203 1538 71 2512 1203 1547 1345 959 1204 656 1345 960 1204 1546 1345 2515 1204 657 1345 2516 1204 1546 1345 2515 1204 656 1345 960 1204 1551 1346 963 1205 652 1346 964 1205 1550 1347 2517 1205 653 1348 2518 1205 1550 1347 2517 1205 652 1346 964 1205 1555 1349 965 1206 648 1349 966 1206 1554 1350 2519 1206 649 1351 2520 1206 1554 1350 2519 1206 648 1349 966 1206 1557 55 969 1207 660 55 970 1207 1556 55 983 1207 7 55 984 1207 1556 55 983 1207 660 55 970 1207 1561 1352 973 1208 664 1352 974 1208 1560 1353 2521 1208 663 1354 2522 1208 1560 1353 2521 1208 664 1352 974 1208 1565 1355 977 1209 668 1355 978 1209 1564 1356 2523 1209 667 1357 2524 1209 1564 1356 2523 1209 668 1355 978 1209 1569 488 981 1210 672 489 982 1210 1568 1031 2525 1210 671 1031 2526 1210 1568 1031 2525 1210 672 489 982 1210 1573 66 985 1211 8 66 986 1211 1572 66 2527 1211 675 66 2528 1211 1572 66 2527 1211 8 66 986 1211 1575 1358 989 1212 686 1358 990 1212 1574 1358 2529 1212 687 1358 2530 1212 1574 1358 2529 1212 686 1358 990 1212 1579 495 993 1213 682 496 994 1213 1578 1359 2531 1213 683 1360 2532 1213 1578 1359 2531 1213 682 496 994 1213 1583 1361 997 1214 678 1361 998 1214 1582 1361 2533 1214 679 1361 2534 1214 1582 1361 2533 1214 678 1361 998 1214 687 8 1001 380 686 8 1000 380 685 8 999 380 681 8 1004 381 680 8 1003 381 679 8 1002 381 682 8 1005 382 681 8 1004 382 679 8 1002 382 679 8 1002 383 678 8 1007 383 677 8 1006 383 687 8 1001 384 685 8 999 384 684 8 1008 384 683 8 1009 385 682 8 1005 385 679 8 1002 385 676 8 1010 1215 687 8 1001 1215 684 8 1008 1215 683 8 1009 387 679 8 1002 387 677 8 1006 387 676 8 1010 388 684 8 1008 388 683 8 1009 388 683 8 1009 389 677 8 1006 389 676 8 1010 389 1589 1362 1013 1216 692 1362 1014 1216 1588 1362 2535 1216 693 1362 2536 1216 1588 1362 2535 1216 692 1362 1014 1216 1593 1363 1017 1217 688 1363 1018 1217 1592 1364 2537 1217 689 1365 2538 1217 1592 1364 2537 1217 688 1363 1018 1217 1595 1366 1021 1218 710 1366 1022 1218 1594 1366 2539 1218 5 1366 2540 1218 1594 1366 2539 1218 710 1366 1022 1218 1599 503 1025 1219 706 504 1026 1219 1598 987 2541 1219 707 987 2542 1219 1598 987 2541 1219 706 504 1026 1219 1603 987 1029 1220 702 987 1030 1220 1602 1367 2543 1220 703 1368 2544 1220 1602 1367 2543 1220 702 987 1030 1220 1607 1369 1033 1221 698 1369 1034 1221 1606 1370 2545 1221 699 1371 2546 1221 1606 1370 2545 1221 698 1369 1034 1221 703 8 1037 396 702 8 1036 396 701 8 1035 396 704 8 1038 397 703 8 1037 397 701 8 1035 397 705 8 1039 398 704 8 1038 398 701 8 1035 398 699 8 1042 399 698 8 1041 399 697 8 1040 399 701 8 1035 400 700 8 1043 400 699 8 1042 400 701 8 1035 401 699 8 1042 401 697 8 1040 401 708 8 1046 402 707 8 1045 402 706 8 1044 402 710 8 1048 403 709 8 1047 403 708 8 1046 403 5 8 1049 404 710 8 1048 404 708 8 1046 404 5 8 1049 405 708 8 1046 405 706 8 1044 405 701 8 1035 406 697 8 1040 406 696 8 1050 406 701 8 1035 407 696 8 1050 407 5 8 1049 407 705 8 1039 408 701 8 1035 408 5 8 1049 408 5 8 1049 409 706 8 1044 409 705 8 1039 409 1613 987 1053 1222 717 987 1054 1222 1612 1372 2547 1222 718 1373 2548 1222 1612 1372 2547 1222 717 987 1054 1222 1617 512 1057 1223 713 513 1058 1223 1616 1374 2549 1223 714 1375 2550 1223 1616 1374 2549 1223 713 513 1058 1223 1621 99 1061 1224 0 99 1062 1224 1620 99 2551 1224 6 99 2552 1224 1620 99 2551 1224 0 99 1062 1224 1623 1376 1065 1225 726 1376 1066 1225 1622 1376 2553 1225 727 1376 2554 1225 1622 1376 2553 1225 726 1376 1066 1225 1627 520 1069 1226 722 521 1070 1226 1626 1377 2555 1226 723 1377 2556 1226 1626 1377 2555 1226 722 521 1070 1226 1622 36 2553 1227 727 36 2554 1227 1630 36 2557 1227 719 36 2558 1227 1630 36 2557 1227 727 36 2554 1227 1633 1378 1082 1228 732 1378 1083 1228 1632 1379 2559 1228 733 1380 2560 1228 1632 1379 2559 1228 732 1378 1083 1228 1637 1381 1086 1229 728 1381 1087 1229 1636 1382 2561 1229 729 1383 2562 1229 1636 1382 2561 1229 728 1381 1087 1229 1639 99 1090 1230 743 99 1091 1230 1638 99 2563 1230 735 99 2564 1230 1638 99 2563 1230 743 99 1091 1230 1643 986 1094 1231 739 986 1095 1231 1642 986 2565 1231 740 986 2566 1231 1642 986 2565 1231 739 986 1095 1231 1638 1384 2563 1232 735 1384 2564 1232 1646 1385 2567 1232 736 1386 2568 1232 1646 1385 2567 1232 735 1384 2564 1232 1649 528 1107 1233 753 529 1108 1233 1648 1387 2569 1233 754 1388 2570 1233 1648 1387 2569 1233 753 529 1108 1233 1653 531 1111 1234 749 532 1112 1234 1652 1389 2571 1234 750 1389 2572 1234 1652 1389 2571 1234 749 532 1112 1234 1657 534 1115 1235 745 535 1116 1235 1656 1390 2573 1235 746 1390 2574 1235 1656 1390 2573 1235 745 535 1116 1235 1651 71 2575 1236 1650 71 2576 1236 1649 71 2577 1236 1652 71 2578 1237 1651 71 2575 1237 1649 71 2577 1237 1653 71 2579 1238 1652 71 2578 1238 1649 71 2577 1238 1653 71 2579 1239 1649 71 2577 1239 1648 71 2580 1239 1653 71 2579 1240 1648 71 2580 1240 1647 71 2581 1240 1654 71 2582 1241 1653 71 2579 1241 1647 71 2581 1241 1654 71 2582 1242 1647 71 2581 1242 1658 71 2583 1242 1657 71 2584 1243 1656 71 2585 1243 1655 71 2586 1243 1657 71 2584 1244 1655 71 2586 1244 1654 71 2582 1244 1658 71 2583 1245 1657 71 2584 1245 1654 71 2582 1245 1663 538 1123 1246 761 539 1124 1246 1662 1391 2587 1246 762 1392 2588 1246 1662 1391 2587 1246 761 539 1124 1246 1667 541 1127 1247 757 542 1128 1247 1666 1393 2589 1247 758 1394 2590 1247 1666 1393 2589 1247 757 542 1128 1247 1661 71 2591 1248 1660 71 2592 1248 1659 71 2593 1248 1666 71 2594 1249 1665 71 2595 1249 1664 71 2596 1249 1667 71 2597 1250 1666 71 2594 1250 1664 71 2596 1250 1662 71 2598 1251 1661 71 2591 1251 1659 71 2593 1251 1663 71 2599 1252 1662 71 2598 1252 1659 71 2593 1252 1663 71 2599 1253 1659 71 2593 1253 1668 71 2600 1253 1664 71 2596 1254 1663 71 2599 1254 1668 71 2600 1254 1668 71 2600 1255 1667 71 2597 1255 1664 71 2596 1255 1673 929 1135 1256 779 929 1136 1256 1672 929 2601 1256 780 929 2602 1256 1672 929 2601 1256 779 929 1136 1256 1677 1395 1139 1257 775 1395 1140 1257 1676 1395 2603 1257 776 1395 2604 1257 1676 1395 2603 1257 775 1395 1140 1257 1681 546 1143 1258 771 547 1144 1258 1680 642 2605 1258 772 642 2606 1258 1680 642 2605 1258 771 547 1144 1258 1685 549 1147 1259 767 550 1148 1259 1684 1396 2607 1259 768 1396 2608 1259 1684 1396 2607 1259 767 550 1148 1259 1673 71 2609 1260 1672 71 2610 1260 1671 71 2611 1260 1676 71 2612 1261 1675 71 2613 1261 1674 71 2614 1261 1676 71 2612 1262 1674 71 2614 1262 1673 71 2609 1262 1680 71 2615 862 1679 71 2616 862 1678 71 2617 862 1673 71 2609 1263 1671 71 2611 1263 1670 71 2618 1263 1673 71 2609 481 1670 71 2618 481 1669 71 2619 481 1684 71 2620 1264 1683 71 2621 1264 1682 71 2622 1264 1684 71 2620 460 1682 71 2622 460 1681 71 2623 460 1676 71 2612 1265 1673 71 2609 1265 1669 71 2619 1265 1677 71 2624 479 1676 71 2612 479 1669 71 2619 479 1678 71 2617 465 1677 71 2624 465 1669 71 2619 465 1684 71 2620 1266 1681 71 2623 1266 1680 71 2615 1266 1678 71 2617 1267 1669 71 2619 1267 1686 71 2625 1267 1685 71 2626 903 1684 71 2620 903 1680 71 2615 903 1685 71 2626 1268 1680 71 2615 1268 1678 71 2617 1268 1686 71 2625 1269 1685 71 2626 1269 1678 71 2617 1269 1691 1397 1155 1270 791 1397 1156 1270 1690 1397 2627 1270 792 1397 2628 1270 1690 1397 2627 1270 791 1397 1156 1270 1695 557 1159 1271 787 558 1160 1271 1694 1398 2629 1271 788 1399 2630 1271 1694 1398 2629 1271 787 558 1160 1271 1699 1400 1161 1272 783 1400 1162 1272 1698 1401 2631 1272 784 1402 2632 1272 1698 1401 2631 1272 783 1400 1162 1272 1701 1403 1165 1273 803 1403 1166 1273 1700 1403 2633 1273 804 1403 2634 1273 1700 1403 2633 1273 803 1403 1166 1273 1705 564 1169 1274 799 565 1170 1274 1704 1404 2635 1274 800 1404 2636 1274 1704 1404 2635 1274 799 565 1170 1274 1700 99 2633 1275 804 99 2634 1275 1708 99 2637 1275 796 99 2638 1275 1708 99 2637 1275 804 99 2634 1275 1711 568 1182 1276 815 569 1183 1276 1710 1405 2639 1276 816 1405 2640 1276 1710 1405 2639 1276 815 569 1183 1276 1715 1406 1186 1277 811 1406 1187 1277 1714 1407 2641 1277 812 1408 2642 1277 1714 1407 2641 1277 811 1406 1187 1277 1719 572 1190 1278 807 573 1191 1278 1718 1409 2643 1278 808 1410 2644 1278 1718 1409 2643 1278 807 573 1191 1278 811 8 1197 461 810 8 1196 461 809 8 1195 461 807 8 1194 460 806 8 1193 460 805 8 1192 460 817 8 1200 462 816 8 1199 462 815 8 1198 462 814 8 1203 463 813 8 1202 463 812 8 1201 463 805 8 1192 464 817 8 1200 462 815 8 1198 464 807 8 1194 465 805 8 1192 465 815 8 1198 465 809 8 1195 466 808 8 1204 466 807 8 1194 466 814 8 1203 467 812 8 1201 467 811 8 1197 467 811 8 1197 468 809 8 1195 468 807 8 1194 468 814 8 1203 469 811 8 1197 469 807 8 1194 469 815 8 1198 470 814 8 1203 470 807 8 1194 470 1725 576 1207 1279 829 577 1208 1279 1724 55 2645 1279 830 55 2646 1279 1724 55 2645 1279 829 577 1208 1279 1729 55 1211 1280 825 55 1212 1280 1728 55 2647 1280 826 55 2648 1280 1728 55 2647 1280 825 55 1212 1280 1733 581 1215 1281 821 582 1216 1281 1732 9 2649 1281 822 9 2650 1281 1732 9 2649 1281 821 582 1216 1281 1722 99 1903 1282 12 99 1904 1282 1736 99 2651 1282 818 99 2652 1282 1736 99 2651 1282 12 99 1904 1282 1739 584 1234 1283 844 585 1235 1283 1738 1411 2653 1283 845 1411 2654 1283 1738 1411 2653 1283 844 585 1235 1283 1743 1412 1238 1284 840 1412 1239 1284 1742 1413 2655 1284 841 1414 2656 1284 1742 1413 2655 1284 840 1412 1239 1284 1747 588 1242 1285 836 589 1243 1285 1746 586 2657 1285 837 586 2658 1285 1746 586 2657 1285 836 589 1243 1285 1737 1415 2659 1286 832 1415 2660 1286 1750 1416 2661 1286 833 1417 2662 1286 1750 1416 2661 1286 832 1415 2660 1286 1753 1418 1260 1287 861 1418 1261 1287 1752 1418 2663 1287 862 1418 2664 1287 1752 1418 2663 1287 861 1418 1261 1287 1757 592 1264 1288 857 593 1265 1288 1756 1419 2665 1288 858 1420 2666 1288 1756 1419 2665 1288 857 593 1265 1288 1761 642 1268 1289 853 642 1269 1289 1760 642 2667 1289 854 642 2668 1289 1760 642 2667 1289 853 642 1269 1289 1765 1421 1272 1290 849 1421 1273 1290 1764 1422 2669 1290 850 1423 2670 1290 1764 1422 2669 1290 849 1421 1273 1290 1751 36 2671 1291 9 36 2672 1291 1768 36 2673 1291 846 36 2674 1291 1768 36 2673 1291 9 36 2672 1291 1771 1424 1294 1292 876 1424 1295 1292 1770 1424 2675 1292 877 1424 2676 1292 1770 1424 2675 1292 876 1424 1295 1292 1775 601 1298 1293 872 602 1299 1293 1774 1425 2677 1293 873 1426 2678 1293 1774 1425 2677 1293 872 602 1299 1293 1779 1427 1302 1294 868 1427 1303 1294 1778 1427 2679 1294 869 1427 2680 1294 1778 1427 2679 1294 868 1427 1303 1294 1783 604 1306 1295 864 605 1307 1295 1782 1428 2681 1295 865 1429 2682 1295 1782 1428 2681 1295 864 605 1307 1295 1785 606 1310 1296 887 607 1311 1296 1784 1430 2683 1296 888 1430 2684 1296 1784 1430 2683 1296 887 607 1311 1296 1789 610 1314 1297 883 611 1315 1297 1788 1431 2685 1297 884 1431 2686 1297 1788 1431 2685 1297 883 611 1315 1297 1793 613 1318 1298 879 614 1319 1298 1792 527 2687 1298 880 527 2688 1298 1792 527 2687 1298 879 614 1319 1298 1787 71 2689 460 1786 71 2690 460 1785 71 2691 460 1789 71 2692 1299 1788 71 2693 1299 1787 71 2689 1299 1789 71 2692 478 1787 71 2689 478 1785 71 2691 478 1793 71 2694 1300 1792 71 2695 1300 1791 71 2696 1300 1789 71 2692 907 1785 71 2691 907 1784 71 2697 907 1794 71 2698 1262 1793 71 2694 1262 1791 71 2696 1262 1790 71 2699 906 1789 71 2692 906 1784 71 2697 906 1790 71 2699 858 1784 71 2697 858 1794 71 2698 858 1794 71 2698 1266 1791 71 2696 1266 1790 71 2699 1266 1799 1432 1326 1301 892 1432 1327 1301 1798 1433 2700 1301 891 1434 2701 1301 1798 1433 2700 1301 892 1432 1327 1301 1803 1435 1328 1302 896 1435 1329 1302 1802 1436 2702 1302 895 1437 2703 1302 1802 1436 2702 1302 896 1435 1329 1302 1805 55 1332 1303 898 55 1333 1303 1804 55 2704 1303 10 55 2705 1303 1804 55 2704 1303 898 55 1333 1303 1809 1438 1336 1304 902 1438 1337 1304 1808 1438 2706 1304 901 1438 2707 1304 1808 1438 2706 1304 902 1438 1337 1304 1813 1439 1340 1305 906 1439 1341 1305 1812 1440 2708 1305 905 1441 2709 1305 1812 1440 2708 1305 906 1439 1341 1305 908 1442 1979 1306 46 1442 1980 1306 907 1442 2710 1306 47 1442 2711 1306 907 1442 2710 1306 46 1442 1980 1306 912 1443 1981 1307 42 1443 1982 1307 911 619 1342 1307 43 620 1343 1307 911 619 1342 1307 42 1443 1982 1307 916 1444 1983 1308 38 1444 1984 1308 915 621 1344 1308 39 622 1345 1308 915 621 1344 1308 38 1444 1984 1308 907 36 2710 1309 47 36 2711 1309 919 36 1346 1309 35 36 1347 1309 919 36 1346 1309 47 36 2711 1309 922 1445 1985 1310 62 1445 1986 1310 921 625 1348 1310 63 626 1349 1310 921 625 1348 1310 62 1445 1986 1310 926 1446 1987 1311 58 1446 1988 1311 925 1446 1352 1311 59 1446 1353 1311 925 1446 1352 1311 58 1446 1988 1311 930 1048 1989 1312 54 1049 1990 1312 929 1447 1354 1312 55 1447 1355 1312 929 1447 1354 1312 54 1049 1990 1312 934 1050 1991 1313 50 1051 1992 1313 933 509 1356 1313 51 509 1357 1313 933 509 1356 1313 50 1051 1992 1313 61 71 1995 565 60 71 1994 565 59 71 1993 565 63 71 1997 915 62 71 1996 915 61 71 1995 915 63 71 1997 916 61 71 1995 916 59 71 1993 916 63 71 1997 10 59 71 1993 10 58 71 1998 10 64 71 1999 917 63 71 1997 917 58 71 1998 917 58 71 1998 171 57 71 2001 171 56 71 2000 171 64 71 1999 918 58 71 1998 918 56 71 2000 918 52 71 2004 106 51 71 2003 106 50 71 2002 106 52 71 2004 8 50 71 2002 8 49 71 2005 8 53 71 2006 10 52 71 2004 10 49 71 2005 10 64 71 1999 147 56 71 2000 147 55 71 2007 147 48 71 2008 25 64 71 1999 25 55 71 2007 25 54 71 2009 919 53 71 2006 919 49 71 2005 919 54 71 2009 920 49 71 2005 920 48 71 2008 920 55 71 2007 918 54 71 2009 918 48 71 2008 918 940 9 2010 1314 72 9 2011 1314 939 9 1358 1314 73 9 1359 1314 939 9 1358 1314 72 9 2011 1314 944 1404 2012 1315 68 1404 2013 1315 943 1404 1360 1315 69 1404 1361 1315 943 1404 1360 1315 68 1404 2013 1315 937 36 43 1316 75 36 44 1316 947 36 1362 1316 65 36 1363 1316 947 36 1362 1316 75 36 44 1316 950 1448 2014 1317 85 1448 2015 1317 949 1448 1364 1317 86 1448 1365 1317 949 1448 1364 1317 85 1448 2015 1317 954 1449 2016 1318 81 1449 2017 1318 953 1449 1368 1318 82 1449 1369 1318 953 1449 1368 1318 81 1449 2017 1318 958 1057 2018 1319 77 1058 2019 1319 957 1450 1370 1319 78 1450 1371 1319 957 1450 1370 1319 77 1058 2019 1319 77 71 2021 206 76 71 2020 206 24 71 678 206 86 71 1711 121 85 71 2023 121 84 71 2022 121 83 71 2026 926 82 71 2025 926 81 71 2024 926 79 71 2028 927 78 71 2027 927 77 71 2021 927 77 71 2021 206 24 71 678 206 26 71 510 206 79 71 2028 928 77 71 2021 928 26 71 510 928 80 71 2029 5 79 71 2028 5 26 71 510 5 80 71 2029 35 26 71 510 35 86 71 1711 35 83 71 2026 929 81 71 2024 929 80 71 2029 929 86 71 1711 25 84 71 2022 25 83 71 2026 25 86 71 1711 930 83 71 2026 930 80 71 2029 930 964 1451 2030 1320 94 1451 2031 1320 963 636 1372 1320 95 637 1373 1320 963 636 1372 1320 94 1451 2031 1320 968 1060 2032 1321 90 1061 2033 1321 967 1452 1374 1321 91 1452 1375 1321 967 1452 1374 1321 90 1061 2033 1321 961 99 78 1322 97 99 79 1322 971 99 1376 1322 87 99 1377 1322 971 99 1376 1322 97 99 79 1322 974 1062 2034 1323 104 1063 2035 1323 973 1453 1378 1323 105 1453 1379 1323 973 1453 1378 1323 104 1063 2035 1323 978 1065 2036 1324 100 1066 2037 1324 977 1454 1382 1324 101 1454 1383 1324 977 1454 1382 1324 100 1066 2037 1324 972 1455 1380 1325 106 1455 1381 1325 981 1455 1384 1325 27 1455 1385 1325 981 1455 1384 1325 106 1455 1381 1325 984 1068 2038 1326 117 1069 2039 1326 983 643 1386 1326 118 644 1387 1326 983 643 1386 1326 117 1069 2039 1326 988 959 2040 1327 113 959 2041 1327 987 646 1390 1327 114 647 1391 1327 987 646 1390 1327 113 959 2041 1327 992 99 2042 1328 109 99 2043 1328 991 649 1392 1328 110 650 1393 1328 991 649 1392 1328 109 99 2043 1328 114 71 2046 10 113 71 2045 10 112 71 2044 10 114 71 2046 9 112 71 2044 9 111 71 2047 9 115 71 2048 938 114 71 2046 938 111 71 2047 938 115 71 2048 48 111 71 2047 48 110 71 2049 48 116 71 2050 939 115 71 2048 939 110 71 2049 939 117 71 2051 920 116 71 2050 920 110 71 2049 920 118 71 2052 68 117 71 2051 68 110 71 2049 68 118 71 2052 940 110 71 2049 940 109 71 2053 940 118 71 2052 36 109 71 2053 36 108 71 2054 36 119 71 2055 941 118 71 2052 941 108 71 2054 941 119 71 2055 46 108 71 2054 46 107 71 2056 46 998 1072 2057 1329 122 1073 2058 1329 997 651 1394 1329 121 652 1395 1329 997 651 1394 1329 122 1073 2058 1329 995 1456 131 1330 126 1456 132 1330 1001 1456 1396 1330 125 1456 1397 1330 1001 1456 1396 1330 126 1456 132 1330 1004 1074 2059 1331 134 1075 2060 1331 1003 1457 1398 1331 135 1457 1399 1331 1003 1457 1398 1331 134 1075 2060 1331 1008 1458 2063 1332 130 1458 2064 1332 1007 1458 1402 1332 131 1458 1403 1332 1007 1458 1402 1332 130 1458 2064 1332 132 71 2067 945 131 71 2066 945 130 71 2065 945 129 71 2070 946 128 71 2069 946 127 71 2068 946 133 71 2071 594 132 71 2067 594 130 71 2065 594 134 71 2072 947 133 71 2071 947 130 71 2065 947 135 71 2073 948 134 71 2072 948 130 71 2065 948 127 71 2068 926 135 71 2073 926 130 71 2065 926 127 71 2068 949 130 71 2065 949 129 71 2070 949 1014 1459 2074 1333 144 1459 2075 1333 1013 656 1406 1333 145 657 1407 1333 1013 656 1406 1333 144 1459 2075 1333 1018 1079 2076 1334 140 1080 2077 1334 1017 659 1408 1334 141 660 1409 1334 1017 659 1408 1334 140 1080 2077 1334 1022 1460 2078 1335 136 1460 2079 1335 1021 661 1410 1335 137 662 1411 1335 1021 661 1410 1335 136 1460 2079 1335 1024 66 2080 1336 156 66 2081 1336 1023 66 2084 1336 147 66 2085 1336 1023 66 2084 1336 156 66 2081 1336 1028 1083 2082 1337 152 1084 2083 1337 1027 1461 1412 1337 153 1461 1413 1337 1027 1461 1412 1337 152 1084 2083 1337 1032 1086 2086 1338 148 1087 2087 1338 1031 1462 1414 1338 149 1462 1415 1338 1031 1462 1414 1338 148 1087 2087 1338 1034 1089 2088 1339 164 1090 2089 1339 1033 1463 2712 1339 165 1463 2713 1339 1033 1463 2712 1339 164 1090 2089 1339 1038 1464 2090 1340 160 1464 2091 1340 1037 1464 1416 1340 161 1464 1417 1340 1037 1464 1416 1340 160 1464 2091 1340 1033 66 2712 1341 165 66 2713 1341 1041 66 1418 1341 157 66 1419 1341 1041 66 1418 1341 165 66 2713 1341 1044 8 2092 1342 166 8 2093 1342 1043 8 1420 1342 19 8 1421 1342 1043 8 1420 1342 166 8 2093 1342 1048 1094 2094 1343 170 1095 2095 1343 1047 1465 1424 1343 169 1465 1425 1343 1047 1465 1424 1343 170 1095 2095 1343 1052 1466 2096 1344 174 1466 2097 1344 1051 667 1426 1344 173 668 1427 1344 1051 667 1426 1344 174 1466 2097 1344 1056 1097 2098 1345 178 1098 2099 1345 1055 1467 1428 1345 177 1467 1429 1345 1055 1467 1428 1345 178 1098 2099 1345 1060 1100 2100 1346 182 1101 2101 1346 1059 670 1430 1346 181 671 1431 1346 1059 670 1430 1346 182 1101 2101 1346 1042 55 1422 1347 23 55 1423 1347 1063 55 1432 1347 185 55 1433 1347 1063 55 1432 1347 23 55 1423 1347 1066 1103 2102 1348 188 1104 2103 1348 1065 1096 1434 1348 187 1096 1435 1348 1065 1096 1434 1348 188 1104 2103 1348 1070 1105 2104 1349 192 1106 2105 1349 1069 675 1436 1349 191 676 1437 1349 1069 675 1436 1349 192 1106 2105 1349 1074 1108 2106 1350 196 1109 2107 1350 1073 1468 1438 1350 195 1468 1439 1350 1073 1468 1438 1350 196 1109 2107 1350 1068 99 1442 562 1067 99 1441 562 1066 99 1440 562 1074 99 1445 7 1073 99 1444 7 1072 99 1443 7 1068 99 1442 99 1066 99 1440 99 1065 99 1446 99 1070 99 1448 563 1069 99 1447 563 1068 99 1442 563 1075 99 1449 564 1074 99 1445 564 1072 99 1443 564 1064 99 1450 565 1075 99 1449 565 1072 99 1443 565 1064 99 1450 9 1072 99 1443 9 1071 99 1451 9 1071 99 1451 566 1070 99 1448 566 1068 99 1442 566 1071 99 1451 567 1068 99 1442 567 1065 99 1446 567 1064 99 1450 568 1071 99 1451 568 1065 99 1446 568 1080 1096 2108 1351 200 1096 2109 1351 1079 679 1452 1351 199 680 1453 1351 1079 679 1452 1351 200 1096 2109 1351 1084 1469 2110 1352 204 1469 2111 1352 1083 682 1454 1352 203 683 1455 1352 1083 682 1454 1352 204 1469 2111 1352 1088 1113 2112 1353 208 1114 2113 1353 1087 685 1456 1353 207 686 1457 1353 1087 685 1456 1353 208 1114 2113 1353 203 66 2116 969 204 66 2115 969 205 66 2114 969 22 66 451 100 198 66 2118 100 199 66 2117 100 22 66 451 940 199 66 2117 940 200 66 2119 940 22 66 451 45 200 66 2119 45 201 66 2120 45 203 66 2116 77 205 66 2114 77 206 66 2121 77 22 66 451 970 201 66 2120 970 202 66 2122 970 202 66 2122 103 203 66 2116 103 206 66 2121 103 21 66 114 67 22 66 451 67 202 66 2122 67 21 66 114 13 202 66 2122 13 206 66 2121 13 210 66 464 920 21 66 114 920 206 66 2121 920 208 66 2124 971 209 66 2123 971 210 66 464 971 208 66 2124 103 210 66 464 103 206 66 2121 103 206 66 2121 972 207 66 2125 972 208 66 2124 972 1094 1115 2126 1354 214 1116 2127 1354 1093 688 1460 1354 213 689 1461 1354 1093 688 1460 1354 214 1116 2127 1354 1098 1470 2128 1355 218 1470 2129 1355 1097 691 1462 1355 217 692 1463 1355 1097 691 1462 1355 218 1470 2129 1355 1102 1471 2130 1356 222 1471 2131 1356 1101 1471 1464 1356 221 1471 1465 1356 1101 1471 1464 1356 222 1471 2131 1356 1104 71 2132 1357 223 71 2133 1357 1103 71 1472 1357 20 71 1473 1357 1103 71 1472 1357 223 71 2133 1357 1108 8 2134 1358 227 8 2135 1358 1107 694 1466 1358 226 695 1467 1358 1107 694 1466 1358 227 8 2135 1358 1112 1121 2136 1359 231 1122 2137 1359 1111 697 1468 1359 230 698 1469 1359 1111 697 1468 1359 231 1122 2137 1359 1116 1123 2138 1360 235 1124 2139 1360 1115 699 1470 1360 234 700 1471 1360 1115 699 1470 1360 235 1124 2139 1360 231 66 2142 36 232 66 2141 36 233 66 2140 36 230 66 2143 55 231 66 2142 55 233 66 2140 55 224 66 2146 9 225 66 2145 9 226 66 2144 9 236 66 2148 67 237 66 2147 67 20 66 510 67 235 66 2149 95 236 66 2148 95 20 66 510 95 234 66 2150 566 235 66 2149 566 20 66 510 566 226 66 2144 980 227 66 2152 980 228 66 2151 980 224 66 2146 587 226 66 2144 587 228 66 2151 587 233 66 2140 981 234 66 2150 981 20 66 510 981 230 66 2143 38 233 66 2140 38 20 66 510 38 224 66 2146 84 228 66 2151 84 229 66 2153 84 229 66 2153 982 230 66 2143 982 20 66 510 982 229 66 2153 169 20 66 510 169 223 66 2154 169 223 66 2154 983 224 66 2146 983 229 66 2153 983 1122 1126 2155 1361 241 1127 2156 1361 1121 703 1474 1361 240 704 1475 1361 1121 703 1474 1361 241 1127 2156 1361 1126 1472 2157 1362 245 1472 2158 1362 1125 705 1476 1362 244 706 1477 1362 1125 705 1476 1362 245 1472 2158 1362 242 66 2161 986 243 66 2160 986 244 66 2159 986 242 66 2161 562 244 66 2159 562 245 66 2162 562 241 66 2163 13 242 66 2161 13 245 66 2162 13 240 66 2164 11 241 66 2163 11 245 66 2162 11 247 66 2167 206 238 66 2166 206 239 66 2165 206 245 66 2162 125 246 66 2168 125 247 66 2167 125 245 66 2162 150 247 66 2167 150 239 66 2165 150 239 66 2165 987 240 66 2164 987 245 66 2162 987 1132 1473 2169 1363 251 1473 2170 1363 1131 708 1478 1363 250 709 1479 1363 1131 708 1478 1363 251 1473 2170 1363 1136 1474 2171 1364 255 1474 2172 1364 1135 1474 1480 1364 254 1474 1481 1364 1135 1474 1480 1364 255 1474 2172 1364 1140 1131 2173 1365 259 1132 2174 1365 1139 712 1484 1365 258 713 1485 1365 1139 712 1484 1365 259 1132 2174 1365 1136 99 1488 55 1135 99 1487 55 1134 99 1486 55 1133 99 1491 586 1132 99 1490 586 1131 99 1489 586 1134 99 1486 147 1133 99 1491 147 1131 99 1489 147 1134 99 1486 169 1131 99 1489 169 1130 99 1492 169 1136 99 1488 106 1134 99 1486 106 1130 99 1492 106 1137 99 1493 206 1136 99 1488 206 1130 99 1492 206 1138 99 1494 36 1137 99 1493 36 1130 99 1492 36 1139 99 1495 5 1138 99 1494 5 1130 99 1492 5 1139 99 1495 171 1130 99 1492 171 1129 99 1496 171 1129 99 1496 25 1141 99 1498 25 1140 99 1497 25 1129 99 1496 34 1140 99 1497 34 1139 99 1495 34 1146 1134 2175 1366 264 1135 2176 1366 1145 714 1499 1366 263 715 1500 1366 1145 714 1499 1366 264 1135 2176 1366 1150 1137 2177 1367 268 1138 2178 1367 1149 1099 1501 1367 267 1099 1502 1367 1149 1099 1501 1367 268 1138 2178 1367 1154 1140 2179 1368 272 1141 2180 1368 1153 717 1503 1368 271 718 1504 1368 1153 717 1503 1368 272 1141 2180 1368 1152 99 1507 591 1151 99 1506 591 1150 99 1505 591 1144 99 1509 99 1143 99 1508 99 1142 99 801 99 1145 99 1510 48 1144 99 1509 48 1142 99 801 48 1145 99 1510 48 1142 99 801 48 1155 99 1511 48 1149 99 1514 172 1148 99 1513 172 1147 99 1512 172 1149 99 1514 592 1147 99 1512 592 1146 99 1515 592 1152 99 1507 593 1150 99 1505 593 1149 99 1514 593 1153 99 1516 594 1152 99 1507 594 1149 99 1514 594 1155 99 1511 595 1154 99 1517 595 1153 99 1516 595 1149 99 1514 596 1146 99 1515 596 1145 99 1510 596 1155 99 1511 597 1153 99 1516 597 1149 99 1514 597 1155 99 1511 598 1149 99 1514 598 1145 99 1510 598 1160 36 2181 1369 280 36 2182 1369 1159 36 1518 1369 281 36 1519 1369 1159 36 1518 1369 280 36 2182 1369 1164 1475 2183 1370 276 1475 2184 1370 1163 1475 1520 1370 277 1475 1521 1370 1163 1475 1520 1370 276 1475 2184 1370 281 66 2187 103 280 66 2186 103 279 66 2185 103 282 66 2188 149 281 66 2187 149 279 66 2185 149 282 66 2188 998 279 66 2185 998 278 66 2189 998 278 66 2189 38 277 66 2191 38 276 66 2190 38 282 66 2188 96 278 66 2189 96 276 66 2190 96 274 66 2194 999 284 66 2193 999 283 66 2192 999 276 66 2190 1000 275 66 2195 1000 274 66 2194 1000 283 66 2192 1001 282 66 2188 1001 276 66 2190 1001 283 66 2192 1002 276 66 2190 1002 274 66 2194 1002 1170 1146 2196 1371 287 1147 2197 1371 1169 721 1524 1371 286 722 1525 1371 1169 721 1524 1371 287 1147 2197 1371 1174 1476 2198 1372 291 1476 2199 1372 1173 1476 1526 1372 290 1476 1527 1372 1173 1476 1526 1372 291 1476 2199 1372 1167 55 378 1373 17 55 379 1373 1177 55 1528 1373 294 55 1529 1373 1177 55 1528 1373 17 55 379 1373 1180 1150 2200 1374 297 1151 2201 1374 1179 726 1530 1374 296 727 1531 1374 1179 726 1530 1374 297 1151 2201 1374 1184 729 2202 1375 301 729 2203 1375 1183 729 1534 1375 300 729 1535 1375 1183 729 1534 1375 301 729 2203 1375 1188 1477 2204 1376 305 1477 2205 1376 1187 730 1536 1376 304 731 1537 1376 1187 730 1536 1376 305 1477 2205 1376 1190 55 2206 1377 306 55 2207 1377 1189 55 2210 1377 315 55 2211 1377 1189 55 2210 1377 306 55 2207 1377 1194 1154 2208 1378 310 1155 2209 1378 1193 732 1538 1378 309 733 1539 1378 1193 732 1538 1378 310 1155 2209 1378 1198 1157 2212 1379 314 1158 2213 1379 1197 734 1540 1379 313 735 1541 1379 1197 734 1540 1379 314 1158 2213 1379 1200 665 2214 1380 16 665 2215 1380 1199 665 2222 1380 15 665 2223 1380 1199 665 2222 1380 16 665 2215 1380 1204 1478 2216 1381 319 1478 2217 1381 1203 1478 1542 1381 318 1478 1543 1381 1203 1478 1542 1381 319 1478 2217 1381 1208 1479 2218 1382 323 1479 2219 1382 1207 736 1544 1382 322 737 1545 1382 1207 736 1544 1382 323 1479 2219 1382 1212 1162 2220 1383 327 1163 2221 1383 1211 739 1546 1383 326 740 1547 1383 1211 739 1546 1383 327 1163 2221 1383 1216 1480 2224 1384 331 1480 2225 1384 1215 741 1548 1384 330 742 1549 1384 1215 741 1548 1384 331 1480 2225 1384 1218 1481 2226 1385 333 1481 2227 1385 1217 1481 2230 1385 332 1481 2231 1385 1217 1481 2230 1385 333 1481 2227 1385 1222 1482 2228 1386 337 1482 2229 1386 1221 1482 1550 1386 336 1482 1551 1386 1221 1482 1550 1386 337 1482 2229 1386 1226 1483 2232 1387 341 1483 2233 1387 1225 1483 1552 1387 340 1483 1553 1387 1225 1483 1552 1387 341 1483 2233 1387 1228 8 2234 1388 342 8 2235 1388 1227 8 2244 1388 14 8 2245 1388 1227 8 2244 1388 342 8 2235 1388 1232 1166 2236 1389 346 1167 2237 1389 1231 745 1554 1389 345 746 1555 1389 1231 745 1554 1389 346 1167 2237 1389 1236 1484 2238 1390 350 1484 2239 1390 1235 1484 1556 1390 349 1484 1557 1390 1235 1484 1556 1390 350 1484 2239 1390 1240 1169 2240 1391 354 1170 2241 1391 1239 747 1558 1391 353 748 1559 1391 1239 747 1558 1391 354 1170 2241 1391 1244 1485 2242 1392 358 1485 2243 1392 1243 1485 1560 1392 357 1485 1561 1392 1243 1485 1560 1392 358 1485 2243 1392 1248 1486 2246 1393 362 1486 2247 1393 1247 750 1562 1393 361 751 1563 1393 1247 750 1562 1393 362 1486 2247 1393 1250 36 2248 1394 363 36 2249 1394 1249 36 2714 1394 371 36 2715 1394 1249 36 2714 1394 363 36 2249 1394 1254 1487 2250 1395 367 1487 2251 1395 1253 1487 1564 1395 366 1487 1565 1395 1253 1487 1564 1395 367 1487 2251 1395 1249 1488 2714 1396 371 1488 2715 1396 1257 754 1566 1396 370 755 1567 1396 1257 754 1566 1396 371 1488 2715 1396 1260 1174 2252 1397 373 1175 2253 1397 1259 1489 1568 1397 372 1489 1569 1397 1259 1489 1568 1397 373 1175 2253 1397 1264 1176 2254 1398 377 1176 2255 1398 1263 1176 1572 1398 376 1176 1573 1398 1263 1176 1572 1398 377 1176 2255 1398 1268 1490 2256 1399 381 1490 2257 1399 1267 1490 1574 1399 380 1490 1575 1399 1267 1490 1574 1399 381 1490 2257 1399 1272 1179 2260 1400 385 1180 2261 1400 1271 1491 1576 1400 384 1491 1577 1400 1271 1491 1576 1400 385 1180 2261 1400 1274 36 2262 1401 387 36 2263 1401 1273 36 2266 1401 396 36 2267 1401 1273 36 2266 1401 387 36 2263 1401 1278 1182 2264 1402 391 1183 2265 1402 1277 1492 1580 1402 390 1492 1581 1402 1277 1492 1580 1402 391 1183 2265 1402 1282 1493 2268 1403 395 1493 2269 1403 1281 760 1582 1403 394 761 1583 1403 1281 760 1582 1403 395 1493 2269 1403 1284 71 2270 1404 408 71 2271 1404 1283 71 2716 1404 13 71 2717 1404 1283 71 2716 1404 408 71 2271 1404 1288 8 2272 1405 404 8 2273 1405 1287 762 1584 1405 405 763 1585 1405 1287 762 1584 1405 404 8 2273 1405 1292 1187 2274 1406 400 1188 2275 1406 1291 764 1586 1406 401 765 1587 1406 1291 764 1586 1406 400 1188 2275 1406 1283 1494 2716 1407 13 1494 2717 1407 1295 1494 1588 1407 397 1494 1589 1407 1295 1494 1588 1407 13 1494 2717 1407 1298 1189 2276 1408 419 1190 2277 1408 1297 768 1590 1408 420 769 1591 1408 1297 768 1590 1408 419 1190 2277 1408 1302 1495 2278 1409 415 1495 2279 1409 1301 1495 1594 1409 416 1495 1595 1409 1301 1495 1594 1409 415 1495 2279 1409 1306 1191 2280 1410 411 1192 2281 1410 1305 1496 1596 1410 412 1496 1597 1410 1305 1496 1596 1410 411 1192 2281 1410 414 99 2284 106 413 99 2283 106 412 99 2282 106 416 99 2286 71 415 99 2285 71 414 99 2284 71 417 99 2287 1040 416 99 2286 1040 414 99 2284 1040 417 99 2287 147 414 99 2284 147 412 99 2282 147 412 99 2282 34 411 99 2289 34 410 99 2288 34 417 99 2287 119 412 99 2282 119 410 99 2288 119 421 99 2292 1041 420 99 2291 1041 419 99 2290 1041 409 99 2293 67 421 99 2292 67 419 99 2290 67 418 99 2294 1042 417 99 2287 1042 410 99 2288 1042 410 99 2288 1043 409 99 2293 1043 419 99 2290 1043 419 99 2290 927 418 99 2294 927 410 99 2288 927 1312 1193 2295 1411 432 1194 2296 1411 1311 773 1598 1411 433 774 1599 1411 1311 773 1598 1411 432 1194 2296 1411 1316 1497 2297 1412 428 1497 2298 1412 1315 776 1600 1412 429 777 1601 1412 1315 776 1600 1412 428 1497 2298 1412 1320 1196 2299 1413 424 1197 2300 1413 1319 1498 1602 1413 425 1498 1603 1413 1319 1498 1602 1413 424 1197 2300 1413 429 99 2303 1047 428 99 2302 1047 427 99 2301 1047 426 99 2306 107 425 99 2305 107 424 99 2304 107 435 99 2309 49 434 99 2308 49 433 99 2307 49 435 99 2309 107 433 99 2307 107 432 99 2310 107 430 99 2311 927 429 99 2303 927 427 99 2301 927 422 99 2312 95 435 99 2309 95 432 99 2310 95 426 99 2306 1048 424 99 2304 1048 423 99 2313 1048 432 99 2310 1049 431 99 2314 1049 430 99 2311 1049 427 99 2301 182 426 99 2306 182 423 99 2313 182 430 99 2311 189 427 99 2301 189 423 99 2313 189 432 99 2310 986 430 99 2311 986 423 99 2313 986 432 99 2310 1050 423 99 2313 1050 422 99 2312 1050 1326 1499 2316 1414 447 1500 2315 1414 1325 779 1604 1414 448 780 1605 1415 1325 779 1604 1415 447 1500 2315 1415 1330 1501 2318 1416 443 1502 2317 1416 1329 1502 1606 1416 444 1503 1607 1417 1329 1502 1606 1417 443 1502 2317 1417 1334 1504 2319 1418 439 1505 2320 1418 1333 784 1608 1418 440 785 1609 1419 1333 784 1608 1419 439 1505 2320 1419 34 1506 510 255 449 1507 2322 255 448 1508 2321 255 34 1506 510 1420 448 1508 2321 1420 447 1509 2323 1420 34 1506 510 1144 447 1509 2323 1144 446 1510 2324 1144 444 1511 2327 1421 443 1512 2326 1421 442 1513 2325 1421 445 1514 2328 1422 444 1511 2327 1422 442 1513 2325 1422 440 1515 2331 1423 439 1516 2330 1423 438 1517 2329 1423 441 1518 2332 255 440 1515 2331 255 438 1517 2329 255 437 1519 2333 1424 34 1506 510 1424 446 1510 2324 1424 445 1514 2328 1425 442 1513 2325 1425 441 1518 2332 1425 445 1514 2328 714 441 1518 2332 714 438 1517 2329 714 445 1514 2328 1426 438 1517 2329 1426 437 1519 2333 1426 446 1510 2324 699 445 1514 2328 699 437 1519 2333 699 1340 1520 2335 1427 458 1520 2334 1427 1339 1520 1611 1427 459 1520 1610 1428 1339 1520 1611 1428 458 1520 2334 1428 1344 1223 2337 1429 454 1222 2336 1429 1343 1521 1612 1429 455 1522 1613 1430 1343 1521 1612 1430 454 1222 2336 1430 1347 794 1615 1431 1348 1523 2339 1431 451 793 1614 1431 450 1524 2338 1432 451 793 1614 1432 1348 1523 2339 1432 1350 1525 2340 1433 472 1526 2341 1433 1349 1526 2718 1433 473 1527 2719 1434 1349 1526 2718 1434 472 1526 2341 1434 1354 1233 2343 1435 468 1231 2342 1435 1353 808 1617 1435 469 807 1616 1436 1353 808 1617 1436 468 1231 2342 1436 1358 1528 2344 1437 464 1529 2345 1437 1357 1529 1619 1437 465 1530 1618 1438 1357 1529 1619 1438 464 1529 2345 1438 1349 1531 2718 1439 473 1532 2719 1439 1361 1532 1620 1439 461 1257 1621 1440 1361 1532 1620 1440 473 1532 2719 1440 1364 1533 2346 1441 482 1534 2347 1441 1363 816 1624 1441 483 814 1622 1442 1363 816 1624 1442 482 1534 2347 1442 1368 1255 2348 1443 478 1256 2349 1443 1367 1535 1626 1443 479 1536 1627 1444 1367 1535 1626 1444 478 1256 2349 1444 1371 1537 1629 1445 1372 1538 2350 1445 475 1538 1628 1445 474 1539 2351 1446 475 1538 1628 1446 1372 1538 2350 1446 1374 1540 2353 1447 492 1541 2352 1447 1373 1541 2356 1447 493 1542 2357 1448 1373 1541 2356 1448 492 1541 2352 1448 488 1264 2355 1449 489 1543 1631 1449 1378 1263 2354 1449 1377 1543 1630 1450 1378 1263 2354 1450 489 1543 1631 1450 1382 1544 2358 1451 32 1545 2359 1451 1381 1545 1632 1451 485 1546 1633 1451 1381 1545 1632 1451 32 1545 2359 1451 1384 1547 2360 1452 507 1548 2361 1452 1383 1548 755 1452 33 8 756 1453 1383 1548 755 1453 507 1548 2361 1453 1388 1549 2362 1454 503 1550 2363 1454 1387 847 1634 1454 504 848 1635 1455 1387 847 1634 1455 503 1550 2363 1455 1391 1551 1637 1456 1392 1273 2364 1456 500 1552 1636 1456 499 1274 2365 1457 500 1552 1636 1457 1392 1273 2364 1457 495 1276 2366 1458 496 854 1638 1458 1396 1277 2367 1458 1395 855 1639 1459 1396 1277 2367 1459 496 854 1638 1459 1389 1553 1642 1460 1388 1554 1641 1460 1387 1555 1640 1460 1389 1553 1642 1461 1387 1555 1640 1461 1386 1556 1643 1461 1383 1557 801 326 1397 1558 1645 326 1396 1559 1644 326 1391 1560 1647 1462 1390 1561 1646 1462 1389 1553 1642 1462 1392 1562 1648 1463 1391 1560 1647 1463 1389 1553 1642 1463 1392 1562 1648 1464 1389 1553 1642 1464 1386 1556 1643 1464 1383 1557 801 1465 1396 1559 1644 1465 1395 1563 1649 1465 1383 1557 801 1466 1395 1563 1649 1466 1394 1564 1650 1466 1393 1565 1651 1467 1392 1562 1648 1467 1386 1556 1643 1467 1383 1557 801 1468 1394 1564 1650 1468 1393 1565 1651 1468 1384 1566 1652 1469 1383 1557 801 1469 1393 1565 1651 1469 1384 1566 1652 1470 1393 1565 1651 1470 1386 1556 1643 1470 1386 1556 1643 1471 1385 1567 1653 1471 1384 1566 1652 1471 1402 1568 2369 1472 513 1569 2368 1472 1401 871 1654 1472 514 872 1655 1473 1401 871 1654 1473 513 1569 2368 1473 510 1570 1656 1474 1405 1571 1657 1474 509 1571 2371 1474 1406 1572 2370 1475 509 1571 2371 1475 1405 1571 1657 1475 1403 1573 1660 1476 1402 1574 1659 1476 1401 1575 1658 1476 1405 1576 1662 1477 1404 1577 1661 1477 1403 1573 1660 1477 1406 1578 1663 1478 1405 1576 1662 1478 1403 1573 1660 1478 1400 1579 1666 1479 1399 1580 1665 1479 1398 1581 1664 1479 1403 1573 1660 1480 1401 1575 1658 1480 1400 1579 1666 1480 1406 1578 1663 273 1403 1573 1660 273 1400 1579 1666 273 1400 1579 1666 1481 1398 1581 1664 1481 1407 1582 1667 1481 1407 1582 1667 1482 1406 1578 1663 1482 1400 1579 1666 1482 1412 1583 2374 1483 533 1583 2375 1483 1411 1583 1668 1483 534 1583 1669 1483 1411 1583 1668 1483 533 1583 2375 1483 1416 1584 2376 1484 529 1584 2377 1484 1415 887 1670 1484 530 888 1671 1484 1415 887 1670 1484 529 1584 2377 1484 1420 1289 2378 1485 525 1290 2379 1485 1419 1585 1672 1485 526 1585 1673 1485 1419 1585 1672 1485 525 1290 2379 1485 1424 1586 2380 1486 521 1586 2381 1486 1423 891 1674 1486 522 892 1675 1486 1423 891 1674 1486 521 1586 2381 1486 1408 8 2372 1487 29 8 2373 1487 1427 8 1676 1487 518 8 1677 1487 1427 8 1676 1487 29 8 2373 1487 1430 1587 2382 1488 540 1587 2383 1488 1429 1587 1678 1488 541 1587 1679 1488 1429 1587 1678 1488 540 1587 2383 1488 1434 1588 2384 1489 536 1588 2385 1489 1433 1588 1682 1489 537 1588 1683 1489 1433 1588 1682 1489 536 1588 2385 1489 1436 1294 2386 1490 550 1295 2387 1490 1435 1589 2720 1490 551 1589 2721 1490 1435 1589 2720 1490 550 1295 2387 1490 1440 1590 2388 1491 546 1590 2389 1491 1439 896 1684 1491 547 897 1685 1491 1439 896 1684 1491 546 1590 2389 1491 1435 66 2720 1492 551 66 2721 1492 1443 66 1686 1492 543 66 1687 1492 1443 66 1686 1492 551 66 2721 1492 1446 1591 2390 1493 566 1591 2391 1493 1445 1591 1688 1493 567 1591 1689 1493 1445 1591 1688 1493 566 1591 2391 1493 1450 1592 2392 1494 562 1592 2393 1494 1449 901 1692 1494 563 902 1693 1494 1449 901 1692 1494 562 1592 2393 1494 1454 1299 2394 1495 558 1300 2395 1495 1453 903 1694 1495 559 904 1695 1495 1453 903 1694 1495 558 1300 2395 1495 1458 1302 2396 1496 554 1303 2397 1496 1457 906 1696 1496 555 907 1697 1496 1457 906 1696 1496 554 1303 2397 1496 561 55 2400 1123 560 55 2399 1123 559 55 2398 1123 561 55 2400 1124 559 55 2398 1124 558 55 2401 1124 561 55 2400 1125 558 55 2401 1125 557 55 2402 1125 567 55 2405 688 566 55 2404 688 565 55 2403 688 568 55 2406 1126 567 55 2405 1126 565 55 2403 1126 561 55 2400 320 557 55 2402 320 556 55 2407 320 554 55 2410 1127 553 55 2409 1127 552 55 2408 1127 563 55 2412 1128 562 55 2411 1128 561 55 2400 1128 555 55 2413 1125 554 55 2410 1125 552 55 2408 1125 561 55 2400 1129 556 55 2407 1129 555 55 2413 1129 564 55 2414 1130 563 55 2412 1130 561 55 2400 1130 564 55 2414 305 561 55 2400 305 555 55 2413 305 555 55 2413 244 552 55 2408 244 568 55 2406 244 564 55 2414 330 555 55 2413 330 568 55 2406 330 568 55 2406 1131 565 55 2403 1131 564 55 2414 1131 1464 1305 2415 1497 577 1306 2416 1497 1463 908 1698 1497 578 909 1699 1497 1463 908 1698 1497 577 1306 2416 1497 1468 1593 2417 1498 573 1593 2418 1498 1467 911 1700 1498 574 912 1701 1498 1467 911 1700 1498 573 1593 2418 1498 1472 1594 2419 1499 569 1594 2420 1499 1471 1594 1702 1499 570 1594 1703 1499 1471 1594 1702 1499 569 1594 2420 1499 1466 36 1706 312 1465 36 1705 312 1464 36 1704 312 1470 36 1709 736 1469 36 1708 736 1468 36 1707 736 1470 36 1709 280 1468 36 1707 280 1467 36 1710 280 1463 36 1713 281 1462 36 1712 281 1461 36 1711 281 1473 36 510 737 1472 36 1715 737 1471 36 1714 737 1473 36 510 330 1471 36 1714 330 1470 36 1709 330 1473 36 510 738 1470 36 1709 738 1467 36 1710 738 1473 36 510 327 1467 36 1710 327 1466 36 1706 327 1466 36 1706 739 1464 36 1704 739 1463 36 1713 739 1473 36 510 740 1466 36 1706 740 1463 36 1713 740 1461 36 1711 741 1473 36 510 741 1463 36 1713 741 588 1595 2424 1500 589 915 1716 1500 1478 1596 2423 1500 1477 916 1717 1501 1478 1596 2423 1501 589 915 1716 1501 1482 1315 2425 1502 584 1316 2426 1502 1481 1597 1719 1502 585 1598 1718 1503 1481 1597 1719 1503 584 1316 2426 1503 589 1599 2429 1504 588 1600 2428 1504 587 1601 2427 1504 581 440 889 713 436 439 888 713 591 1602 2430 713 584 1603 2433 1425 583 1604 2432 1425 582 1605 2431 1425 585 1606 2434 1505 584 1603 2433 1505 582 1605 2431 1505 585 1606 2434 1506 582 1605 2431 1506 581 440 889 1506 590 1607 2435 1147 589 1599 2429 1147 587 1601 2427 1147 590 1607 2435 1507 587 1601 2427 1507 586 1608 2436 1507 591 1602 2430 1508 590 1607 2435 1508 586 1608 2436 1508 586 1608 2436 1509 585 1606 2434 1509 581 440 889 1509 591 1602 2430 1510 586 1608 2436 1510 581 440 889 1510 1488 1609 2437 1511 596 1609 2438 1511 1487 1609 1722 1511 597 1609 1723 1511 1487 1609 1722 1511 596 1609 2438 1511 1492 1610 2441 1512 592 1610 2442 1512 1491 920 1724 1512 593 921 1725 1512 1491 920 1724 1512 592 1610 2442 1512 1494 36 2443 1513 613 36 2444 1513 1493 36 1732 1513 2 36 1733 1513 1493 36 1732 1513 613 36 2444 1513 1498 1329 2445 1514 609 1330 2446 1514 1497 578 1726 1514 610 578 1727 1514 1497 578 1726 1514 609 1330 2446 1514 1502 1611 2447 1515 605 1611 2448 1515 1501 1611 1728 1515 606 1611 1729 1515 1501 1611 1728 1515 605 1611 2448 1515 1506 1332 2449 1516 601 1333 2450 1516 1505 1612 1730 1516 602 1612 1731 1516 1505 1612 1730 1516 601 1333 2450 1516 609 8 2453 1156 608 8 2452 1156 607 8 2451 1156 609 8 2453 1157 607 8 2451 1157 606 8 2454 1157 604 8 2457 1158 603 8 2456 1158 602 8 2455 1158 612 8 2460 1159 611 8 2459 1159 610 8 2458 1159 613 8 2461 1160 612 8 2460 1160 610 8 2458 1160 2 8 2462 1161 613 8 2461 1161 610 8 2458 1161 2 8 2462 1162 610 8 2458 1162 609 8 2453 1162 2 8 2462 1163 609 8 2453 1163 606 8 2454 1163 2 8 2462 1164 606 8 2454 1164 605 8 2463 1164 605 8 2463 1165 604 8 2457 1165 602 8 2455 1165 2 8 2462 1166 605 8 2463 1166 602 8 2455 1166 599 8 2464 1167 2 8 2462 1167 602 8 2455 1167 600 8 2465 1168 599 8 2464 1168 602 8 2455 1168 602 8 2455 1169 601 8 2466 1169 600 8 2465 1169 1512 1334 2467 1517 624 1335 2468 1517 1511 927 1734 1517 625 928 1735 1517 1511 927 1734 1517 624 1335 2468 1517 1516 1613 2469 1518 620 1613 2470 1518 1515 1613 1736 1518 621 1613 1737 1518 1515 1613 1736 1518 620 1613 2470 1518 1520 1337 2471 1519 616 1338 2472 1519 1519 1614 1738 1519 617 1614 1739 1519 1519 1614 1738 1519 616 1338 2472 1519 622 8 2475 1173 621 8 2474 1173 620 8 2473 1173 623 8 2476 1174 622 8 2475 1174 620 8 2473 1174 618 8 2479 1175 617 8 2478 1175 616 8 2477 1175 619 8 2480 1176 618 8 2479 1176 616 8 2477 1176 620 8 2473 1177 619 8 2480 1177 616 8 2477 1177 620 8 2473 1178 616 8 2477 1178 615 8 2481 1178 626 8 2484 1179 625 8 2483 1179 624 8 2482 1179 627 8 2485 1180 626 8 2484 1180 624 8 2482 1180 614 8 2486 1181 627 8 2485 1181 624 8 2482 1181 623 8 2476 1182 620 8 2473 1182 615 8 2481 1182 614 8 2486 1183 624 8 2482 1183 623 8 2476 1183 623 8 2476 1184 615 8 2481 1184 614 8 2486 1184 1526 1339 2487 1520 630 1340 2488 1520 1525 931 1740 1520 629 932 1741 1520 1525 931 1740 1520 630 1340 2488 1520 1530 1615 2489 1521 634 1615 2490 1521 1529 934 1742 1521 633 935 1743 1521 1529 934 1742 1521 634 1615 2490 1521 1534 1342 2491 1522 638 1343 2492 1522 1533 936 1744 1522 637 937 1745 1522 1533 936 1744 1522 638 1343 2492 1522 637 8 2495 1188 638 8 2494 1188 639 8 2493 1188 637 8 2495 1189 639 8 2493 1189 640 8 2496 1189 637 8 2495 1190 640 8 2496 1190 1 8 2497 1190 636 8 2498 1191 637 8 2495 1191 1 8 2497 1191 633 8 2501 1192 634 8 2500 1192 635 8 2499 1192 631 8 2503 1193 632 8 2502 1193 633 8 2501 1193 633 8 2501 1194 635 8 2499 1194 636 8 2498 1194 633 8 2501 1195 636 8 2498 1195 1 8 2497 1195 631 8 2503 1196 633 8 2501 1196 1 8 2497 1196 629 8 2505 1197 630 8 2504 1197 631 8 2503 1197 631 8 2503 1198 1 8 2497 1198 628 8 2506 1198 628 8 2506 1199 629 8 2505 1199 631 8 2503 1199 1540 1616 2507 1523 643 1616 2508 1523 1539 1616 1746 1523 644 1616 1747 1523 1539 1616 1746 1523 643 1616 2508 1523 644 8 2511 1201 643 8 2510 1201 642 8 2509 1201 645 8 2512 1202 644 8 2511 1202 642 8 2509 1202 641 8 2514 1203 646 8 2513 1203 645 8 2512 1203 645 8 2512 1203 642 8 2509 1203 641 8 2514 1203 1546 1617 2515 1524 657 1617 2516 1524 1545 941 1748 1524 658 942 1749 1524 1545 941 1748 1524 657 1617 2516 1524 1550 1347 2517 1525 653 1348 2518 1525 1549 1618 1750 1525 654 1618 1751 1525 1549 1618 1750 1525 653 1348 2518 1525 1554 1350 2519 1526 649 1351 2520 1526 1553 1619 1752 1526 650 1619 1753 1526 1553 1619 1752 1526 649 1351 2520 1526 1549 71 1756 770 1548 71 1755 770 1547 71 1754 770 1543 71 1759 771 1555 71 1758 771 1554 71 1757 771 1549 71 1756 772 1547 71 1754 772 1546 71 1760 772 1550 71 1761 773 1549 71 1756 773 1546 71 1760 773 1553 71 1764 774 1552 71 1763 774 1551 71 1762 774 1551 71 1762 775 1550 71 1761 775 1546 71 1760 775 1543 71 1759 776 1554 71 1757 776 1553 71 1764 776 1546 71 1760 777 1545 71 1766 777 1544 71 1765 777 1551 71 1762 778 1546 71 1760 778 1544 71 1765 778 1551 71 1762 779 1544 71 1765 779 1543 71 1759 779 1543 71 1759 780 1553 71 1764 780 1551 71 1762 780 1560 1353 2521 1527 663 1354 2522 1527 1559 1620 1767 1527 662 1620 1768 1527 1559 1620 1767 1527 663 1354 2522 1527 1564 1356 2523 1528 667 1357 2524 1528 1563 946 1769 1528 666 947 1770 1528 1563 946 1769 1528 667 1357 2524 1528 1568 1621 2525 1529 671 1621 2526 1529 1567 948 1771 1529 670 949 1772 1529 1567 948 1771 1529 671 1621 2526 1529 1572 1622 2527 1530 675 1622 2528 1530 1571 1622 1773 1530 674 1622 1774 1530 1571 1622 1773 1530 675 1622 2528 1530 1567 71 1777 785 1566 71 1776 785 1565 71 1775 785 1573 71 1780 786 1572 71 1779 786 1571 71 1778 786 1573 71 1780 787 1571 71 1778 787 1570 71 1781 787 1573 71 1780 788 1570 71 1781 788 1569 71 1782 788 1573 71 1780 789 1569 71 1782 789 1568 71 1783 789 1557 71 1785 790 1556 71 1784 790 1573 71 1780 790 1560 71 1788 791 1559 71 1787 791 1558 71 1786 791 1561 71 1789 792 1560 71 1788 792 1558 71 1786 792 1565 71 1775 793 1564 71 1791 793 1563 71 1790 793 1565 71 1775 794 1563 71 1790 794 1562 71 1792 794 1568 71 1783 795 1567 71 1777 795 1565 71 1775 795 1561 71 1789 796 1558 71 1786 796 1557 71 1785 796 1568 71 1783 797 1565 71 1775 797 1562 71 1792 797 1568 71 1783 798 1562 71 1792 798 1561 71 1789 798 1573 71 1780 799 1568 71 1783 799 1561 71 1789 799 1573 71 1780 800 1561 71 1789 800 1557 71 1785 800 1578 1359 2531 1531 683 1360 2532 1531 1577 952 1793 1531 684 953 1794 1531 1577 952 1793 1531 683 1360 2532 1531 1582 1623 2533 1532 679 1623 2534 1532 1581 1623 1795 1532 680 1623 1796 1532 1581 1623 1795 1532 679 1623 2534 1532 1574 55 2529 1533 687 55 2530 1533 1585 55 1797 1533 676 55 1798 1533 1585 55 1797 1533 687 55 2530 1533 1588 992 2535 1534 693 992 2536 1534 1587 992 1799 1534 694 992 1800 1534 1587 992 1799 1534 693 992 2536 1534 1592 1364 2537 1535 689 1365 2538 1535 1591 957 1801 1535 690 958 1802 1535 1591 957 1801 1535 689 1365 2538 1535 1590 71 1805 806 1589 71 1804 806 1588 71 1803 806 1591 71 1806 807 1590 71 1805 807 1588 71 1803 807 1587 71 1809 808 1586 71 1808 808 1593 71 1807 808 1591 71 1806 809 1588 71 1803 809 1587 71 1809 809 1592 71 1810 810 1591 71 1806 810 1587 71 1809 810 1593 71 1807 811 1592 71 1810 811 1587 71 1809 811 1598 1624 2541 1536 707 1624 2542 1536 1597 960 1811 1536 708 961 1812 1536 1597 960 1811 1536 707 1624 2542 1536 1602 1367 2543 1537 703 1368 2544 1537 1601 1625 1813 1537 704 1625 1814 1537 1601 1625 1813 1537 703 1368 2544 1537 1606 1370 2545 1538 699 1371 2546 1538 1605 1361 1815 1538 700 1361 1816 1538 1605 1361 1815 1538 699 1371 2546 1538 1594 55 2539 1539 5 55 2540 1539 1609 55 1817 1539 696 55 1818 1539 1609 55 1817 1539 5 55 2540 1539 1612 1372 2547 1540 718 1373 2548 1540 1611 965 1819 1540 3 966 1820 1540 1611 965 1819 1540 718 1373 2548 1540 1616 1374 2549 1541 714 1375 2550 1541 1615 929 1821 1541 715 929 1822 1541 1615 929 1821 1541 714 1375 2550 1541 1620 1626 2551 1542 6 1626 2552 1542 1619 968 1823 1542 711 969 1824 1542 1619 968 1823 1542 6 1626 2552 1542 1614 71 1827 819 1613 71 1826 819 1612 71 1825 819 1615 71 1828 820 1614 71 1827 820 1612 71 1825 820 1615 71 1828 821 1612 71 1825 821 1611 71 1829 821 1616 71 1830 822 1615 71 1828 822 1611 71 1829 822 1618 71 1832 823 1617 71 1831 823 1616 71 1830 823 1618 71 1832 824 1616 71 1830 824 1611 71 1829 824 1611 71 1829 1543 1610 71 1834 1543 1621 71 1833 1543 1618 71 1832 826 1611 71 1829 826 1621 71 1833 826 1619 71 1835 827 1618 71 1832 827 1621 71 1833 827 1621 71 1833 828 1620 71 1836 828 1619 71 1835 828 1626 1627 2555 1544 723 1627 2556 1544 1625 970 1837 1544 724 971 1838 1544 1625 970 1837 1544 723 1627 2556 1544 1630 1628 2557 1545 719 1628 2558 1545 1629 1628 1839 1545 720 1628 1840 1545 1629 1628 1839 1545 719 1628 2558 1545 1632 1379 2559 1546 733 1380 2560 1546 1631 1629 1084 1546 734 1629 1085 1546 1631 1629 1084 1546 733 1380 2560 1546 1636 1382 2561 1547 729 1383 2562 1547 1635 973 1841 1547 730 974 1842 1547 1635 973 1841 1547 729 1383 2562 1547 1634 71 1845 832 1633 71 1844 832 1632 71 1843 832 1634 71 1845 833 1632 71 1843 833 1631 71 1846 833 1634 71 1845 834 1631 71 1846 834 1637 71 1847 834 1634 71 1845 835 1637 71 1847 835 1636 71 1848 835 1636 71 1848 836 1635 71 1849 836 1634 71 1845 836 1642 1630 2565 1548 740 1630 2566 1548 1641 975 1850 1548 741 976 1851 1548 1641 975 1850 1548 740 1630 2566 1548 1646 1385 2567 1549 736 1386 2568 1549 1645 509 1852 1549 737 509 1853 1549 1645 509 1852 1549 736 1386 2568 1549 1648 1387 2569 1550 754 1388 2570 1550 1647 1631 1858 1550 755 1631 1859 1550 1647 1631 1858 1550 754 1388 2570 1550 1652 1632 2571 1551 750 1632 2572 1551 1651 978 1854 1551 751 979 1855 1551 1651 978 1854 1551 750 1632 2572 1551 1656 1633 2573 1552 746 1633 2574 1552 1655 981 1856 1552 747 982 1857 1552 1655 981 1856 1552 746 1633 2574 1552 753 8 2577 1236 752 8 2576 1236 751 8 2575 1236 753 8 2577 1237 751 8 2575 1237 750 8 2578 1237 753 8 2577 1238 750 8 2578 1238 749 8 2579 1238 754 8 2580 1239 753 8 2577 1239 749 8 2579 1239 755 8 2581 1240 754 8 2580 1240 749 8 2579 1240 755 8 2581 1241 749 8 2579 1241 748 8 2582 1241 744 8 2583 1242 755 8 2581 1242 748 8 2582 1242 747 8 2586 1243 746 8 2585 1243 745 8 2584 1243 748 8 2582 1244 747 8 2586 1244 745 8 2584 1244 748 8 2582 1245 745 8 2584 1245 744 8 2583 1245 1662 1391 2587 1553 762 1392 2588 1553 1661 984 1860 1553 763 985 1861 1553 1661 984 1860 1553 762 1392 2588 1553 1666 1393 2589 1554 758 1394 2590 1554 1665 1634 1862 1554 759 1634 1863 1554 1665 1634 1862 1554 758 1394 2590 1554 765 8 2593 1248 764 8 2592 1248 763 8 2591 1248 760 8 2596 1249 759 8 2595 1249 758 8 2594 1249 760 8 2596 1250 758 8 2594 1250 757 8 2597 1250 765 8 2593 1251 763 8 2591 1251 762 8 2598 1251 765 8 2593 1252 762 8 2598 1252 761 8 2599 1252 756 8 2600 1253 765 8 2593 1253 761 8 2599 1253 756 8 2600 1254 761 8 2599 1254 760 8 2596 1254 760 8 2596 1255 757 8 2597 1255 756 8 2600 1255 1672 1635 2601 1555 780 1635 2602 1555 1671 988 1864 1555 781 989 1865 1555 1671 988 1864 1555 780 1635 2602 1555 1676 929 2603 1556 776 929 2604 1556 1675 929 1866 1556 777 929 1867 1556 1675 929 1866 1556 776 929 2604 1556 1680 1636 2605 1557 772 1636 2606 1557 1679 1636 1868 1557 773 1636 1869 1557 1679 1636 1868 1557 772 1636 2606 1557 1684 571 2607 1558 768 571 2608 1558 1683 571 1870 1558 769 571 1871 1558 1683 571 1870 1558 768 571 2608 1558 781 8 2611 1260 780 8 2610 1260 779 8 2609 1260 778 8 2614 1261 777 8 2613 1261 776 8 2612 1261 779 8 2609 1262 778 8 2614 1262 776 8 2612 1262 774 8 2617 862 773 8 2616 862 772 8 2615 862 782 8 2618 1263 781 8 2611 1263 779 8 2609 1263 11 8 2619 481 782 8 2618 481 779 8 2609 481 770 8 2622 1264 769 8 2621 1264 768 8 2620 1264 771 8 2623 460 770 8 2622 460 768 8 2620 460 11 8 2619 1265 779 8 2609 1265 776 8 2612 1265 11 8 2619 479 776 8 2612 479 775 8 2624 479 11 8 2619 465 775 8 2624 465 774 8 2617 465 772 8 2615 1266 771 8 2623 1266 768 8 2620 1266 766 8 2625 1267 11 8 2619 1267 774 8 2617 1267 772 8 2615 903 768 8 2620 903 767 8 2626 903 774 8 2617 1268 772 8 2615 1268 767 8 2626 1268 774 8 2617 1269 767 8 2626 1269 766 8 2625 1269 1690 1637 2627 1559 792 1637 2628 1559 1689 994 1872 1559 793 995 1873 1559 1689 994 1872 1559 792 1637 2628 1559 1694 1398 2629 1560 788 1399 2630 1560 1693 1638 1874 1560 789 1638 1875 1560 1693 1638 1874 1560 788 1399 2630 1560 1698 1401 2631 1561 784 1402 2632 1561 1697 997 1876 1561 785 998 1877 1561 1697 997 1876 1561 784 1402 2632 1561 1694 71 1880 853 1693 71 1879 853 1692 71 1878 853 1692 71 1878 854 1691 71 1882 854 1690 71 1881 854 1692 71 1878 855 1690 71 1881 855 1689 71 1883 855 1692 71 1878 856 1689 71 1883 856 1688 71 1884 856 1692 71 1878 857 1688 71 1884 857 1687 71 1885 857 1697 71 1888 858 1696 71 1887 858 1695 71 1886 858 1698 71 1889 455 1697 71 1888 455 1695 71 1886 455 1698 71 1889 859 1695 71 1886 859 1694 71 1880 859 1698 71 1889 860 1694 71 1880 860 1692 71 1878 860 1692 71 1878 861 1687 71 1885 861 1699 71 1890 861 1699 71 1890 862 1698 71 1889 862 1692 71 1878 862 1704 1639 2635 1562 800 1639 2636 1562 1703 999 1891 1562 801 1000 1892 1562 1703 999 1891 1562 800 1639 2636 1562 1708 1640 2637 1563 796 1640 2638 1563 1707 1001 1893 1563 797 1002 1894 1563 1707 1001 1893 1563 796 1640 2638 1563 1710 1641 2639 1564 816 1641 2640 1564 1709 1641 2722 1564 817 1641 2723 1564 1709 1641 2722 1564 816 1641 2640 1564 1714 1407 2641 1565 812 1408 2642 1565 1713 1003 1895 1565 813 1004 1896 1565 1713 1003 1895 1565 812 1408 2642 1565 1718 1409 2643 1566 808 1410 2644 1566 1717 1642 1897 1566 809 1642 1898 1566 1717 1642 1897 1566 808 1410 2644 1566 1709 99 2722 1567 817 99 2723 1567 1721 99 1899 1567 805 99 1900 1567 1721 99 1899 1567 817 99 2723 1567 1724 1643 2645 1568 830 1643 2646 1568 1723 1643 1901 1568 831 1643 1902 1568 1723 1643 1901 1568 830 1643 2646 1568 1728 1638 2647 1569 826 1638 2648 1569 1727 1007 1905 1569 827 1008 1906 1569 1727 1007 1905 1569 826 1638 2648 1569 1732 1644 2649 1570 822 1644 2650 1570 1731 1644 1907 1570 823 1644 1908 1570 1731 1644 1907 1570 822 1644 2650 1570 1736 1645 2651 1571 818 1645 2652 1571 1735 1010 1909 1571 819 1011 1910 1571 1735 1010 1909 1571 818 1645 2652 1571 1738 36 2653 1572 845 36 2654 1572 1737 36 2659 1572 832 36 2660 1572 1737 36 2659 1572 845 36 2654 1572 1742 1413 2655 1573 841 1414 2656 1573 1741 1012 1911 1573 842 1013 1912 1573 1741 1012 1911 1573 841 1414 2656 1573 1746 1646 2657 1574 837 1646 2658 1574 1745 1646 1913 1574 838 1646 1914 1574 1745 1646 1913 1574 837 1646 2658 1574 1750 1416 2661 1575 833 1417 2662 1575 1749 1016 1915 1575 834 1017 1916 1575 1749 1016 1915 1575 833 1417 2662 1575 1752 66 2663 1576 862 66 2664 1576 1751 66 2671 1576 9 66 2672 1576 1751 66 2671 1576 862 66 2664 1576 1756 1419 2665 1577 858 1420 2666 1577 1755 1647 1917 1577 859 1647 1918 1577 1755 1647 1917 1577 858 1420 2666 1577 1760 1648 2667 1578 854 1648 2668 1578 1759 1648 1919 1578 855 1648 1920 1578 1759 1648 1919 1578 854 1648 2668 1578 1764 1422 2669 1579 850 1423 2670 1579 1763 590 1921 1579 851 590 1922 1579 1763 590 1921 1579 850 1423 2670 1579 1768 1649 2673 1580 846 1649 2674 1580 1767 1021 1923 1580 847 1022 1924 1580 1767 1021 1923 1580 846 1649 2674 1580 1770 66 2675 1581 877 66 2676 1581 1769 66 1304 1581 863 66 1305 1581 1769 66 1304 1581 877 66 2676 1581 1774 1425 2677 1582 873 1426 2678 1582 1773 1023 1925 1582 874 1024 1926 1582 1773 1023 1925 1582 873 1426 2678 1582 1778 1650 2679 1583 869 1650 2680 1583 1777 1026 1927 1583 870 1027 1928 1583 1777 1026 1927 1583 869 1650 2680 1583 1782 1428 2681 1584 865 1429 2682 1584 1781 1028 1929 1584 866 1029 1930 1584 1781 1028 1929 1584 865 1429 2682 1584 1779 71 1936 479 1778 71 1935 479 1777 71 1934 479 1773 71 1933 882 1772 71 1932 882 1771 71 1931 882 1774 71 1937 858 1773 71 1933 858 1771 71 1931 858 1779 71 1936 883 1777 71 1934 883 1776 71 1938 883 1781 71 1940 884 1780 71 1939 884 1779 71 1936 884 1782 71 1941 885 1781 71 1940 885 1779 71 1936 885 1775 71 1942 886 1774 71 1937 886 1771 71 1931 886 1775 71 1942 485 1771 71 1931 485 1770 71 1943 485 1776 71 1938 887 1775 71 1942 887 1770 71 1943 887 1769 71 1945 496 1783 71 1944 496 1782 71 1941 496 1769 71 1945 883 1782 71 1941 883 1779 71 1936 883 1776 71 1938 888 1770 71 1943 888 1769 71 1945 888 1769 71 1945 889 1779 71 1936 889 1776 71 1938 889 1788 1651 2685 1585 884 1651 2686 1585 1787 1651 1946 1585 885 1651 1947 1585 1787 1651 1946 1585 884 1651 2686 1585 1792 1652 2687 1586 880 1652 2688 1586 1791 1032 1948 1586 881 1033 1949 1586 1791 1032 1948 1586 880 1652 2688 1586 887 8 2691 460 886 8 2690 460 885 8 2689 460 885 8 2689 1299 884 8 2693 1299 883 8 2692 1299 887 8 2691 478 885 8 2689 478 883 8 2692 478 881 8 2696 1300 880 8 2695 1300 879 8 2694 1300 888 8 2697 907 887 8 2691 907 883 8 2692 907 881 8 2696 1262 879 8 2694 1262 878 8 2698 1262 888 8 2697 906 883 8 2692 906 882 8 2699 906 878 8 2698 858 888 8 2697 858 882 8 2699 858 882 8 2699 1266 881 8 2696 1266 878 8 2698 1266 1798 1433 2700 1587 891 1434 2701 1587 1797 1034 1952 1587 890 1035 1953 1587 1797 1034 1952 1587 891 1434 2701 1587 1802 1436 2702 1588 895 1437 2703 1588 1801 1653 1954 1588 894 1653 1955 1588 1801 1653 1954 1588 895 1437 2703 1588 1801 71 1958 895 1800 71 1957 895 1799 71 1956 895 1802 71 1959 499 1801 71 1958 499 1799 71 1956 499 1795 71 1961 896 1803 71 1960 896 1802 71 1959 896 1795 71 1961 897 1802 71 1959 897 1799 71 1956 897 1796 71 1962 898 1795 71 1961 898 1799 71 1956 898 1798 71 1964 899 1797 71 1963 899 1796 71 1962 899 1799 71 1956 900 1798 71 1964 900 1796 71 1962 900 1808 1654 2706 1589 901 1654 2707 1589 1807 1038 1965 1589 900 1039 1966 1589 1807 1038 1965 1589 901 1654 2707 1589 1812 1440 2724 1590 905 1441 2725 1590 1811 1041 1967 1590 904 1042 1968 1590 1811 1041 1967 1590 905 1441 2725 1590 1809 71 1971 903 1808 71 1970 903 1807 71 1969 903 1811 71 1973 461 1810 71 1972 461 1809 71 1971 461 1812 71 1974 859 1811 71 1973 859 1809 71 1971 859 1813 71 1975 1591 1812 71 1974 1591 1809 71 1971 1591 1804 71 1976 451 1813 71 1975 451 1809 71 1971 451 1804 71 1976 905 1809 71 1971 905 1807 71 1969 905 1804 71 1976 906 1807 71 1969 906 1806 71 1977 906 1804 71 1976 907 1806 71 1977 907 1805 71 1978 907</p>
                </triangles>
            </mesh>
        </geometry>
    </library_geometries>
    <library_visual_scenes>
        <visual_scene id="DefaultScene">
            <node id="Geometry-mesh033Node" name="glass_broken" type="NODE">
                <matrix sid="transform">1 0 0 0 0 1 0 0 0 0 1 0 0 0 0 1</matrix>
                <instance_geometry url="#Geometry-mesh033">
                    <bind_material>
                        <technique_common>
                            <instance_material symbol="Material-glass" target="#Material-glass">
                                <bind_vertex_input semantic="uvSet1" input_semantic="TEXCOORD" input_set="0" />
                            </instance_material>
                        </technique_common>
                    </bind_material>
                </instance_geometry>
            </node>
            <node id="Camera-camera008Node" name="Camera" type="NODE">
                <matrix sid="transform">1 0 0 0 0 0.996195 0.0871557 0.75 0 -0.0871557 0.996195 4 0 0 0 1</matrix>
                <instance_camera url="#Camera-camera008" />
            </node>
            <node id="groupLocator031Node" name="Texture_Group" type="NODE">
                <matrix sid="transform">1 0 0 0 0 1 0 0 0 0 1 0 0 0 0 1</matrix>
                <node id="txtrLocator027Node" name="03_02_containment_cube_glass__Image___Texture_" type="NODE">
                    <matrix sid="transform">1 0 0 0 0 1 0 0 0 0 1 0 0 0 0 1</matrix>
                </node>
            </node>
            <node id="Light-sunLight016Node" name="Directional_Light" type="NODE">
                <matrix sid="transform">0.707107 0.353553 -0.612372 -2 0 0.866025 0.5 2 0.707107 -0.353553 0.612372 2 0 0 0 1</matrix>
                <instance_light url="#Light-sunLight016" />
            </node>
        </visual_scene>
    </library_visual_scenes>
    <scene>
        <instance_visual_scene url="#DefaultScene" />
    </scene>
</COLLADA>
