<?xml version="1.0" encoding="utf-8" ?>
<COLLADA xmlns="http://www.collada.org/2005/11/COLLADASchema" version="1.4.1">
    <asset>
        <contributor>
            <author>Blender User</author>
            <authoring_tool>modo 701 [Build 68192], Microsoft Windows 7 Service Pack 1 (6.1.7601 Service Pack 1)</authoring_tool>
            <comments>Plug-in: [Build 68192]; Use Absolute Path: No; Merge Reference Items: No; Save Hidden Items: No; Save Cameras: No; Save Lights: No; Save Locators: Yes; Save Triangles as Triangles: Yes; Order Vertex Maps Alphabetically: Yes; Bake Matrices: No; Save Vertex Normals: Yes; Save UV Texture Coordinates: Yes; Save Vertex Colors: Yes; Save Vertex Weights: Yes; Save Animation: No; Sample Animation: Yes; Sample Animation Start: 0; Sample Animation End: 1; Save modo Profile: No; Save Maya Profile: No; Save 3ds Max Profile: No; Formatted Arrays: No;</comments>
            <source_data>file:///D:/Work/Dropbox/Frictional%20Games%20-%20Team/Aaron/models/entities/station/special/01_05_transporter_passenger/01_05_transporter_passenger_interactables.lxo</source_data>
        </contributor>
        <created>2014-11-03T13:13:58Z</created>
        <modified>2014-11-03T13:13:58Z</modified>
        <unit name="game" meter="1" />
        <up_axis>Y_UP</up_axis>
    </asset>
    <library_images>
        <image id="Image0001" name="Image0001">
            <init_from>file:///D:/Work/Dropbox/Frictional%20Games%20-%20Team/Aaron/models/entities/station/special/01_05_transporter_passenger/01_05_transporter_passenger_destinationpicker_split_monitor.tga</init_from>
        </image>
        <image id="Image0002" name="Image0002">
            <init_from>file:///D:/Work/Dropbox/Frictional%20Games%20-%20Team/Aaron/models/entities/station/special/01_05_transporter_passenger/01_05_transporter_passenger_interactables.psd</init_from>
        </image>
        <image id="Image0003" name="Image0003">
            <init_from>file:///D:/Work/Dropbox/Frictional%20Games%20-%20Team/Aaron/models/entities/station/special/01_05_transporter_passenger/01_05_transporter_passenger_interactables_nrm.tga</init_from>
        </image>
        <image id="Image0004" name="Image0004">
            <init_from>file:///D:/Work/Dropbox/Frictional%20Games%20-%20Team/Aaron/models/entities/station/special/01_05_transporter_passenger/01_05_transporter_passenger_interactables_spec.tga</init_from>
        </image>
        <image id="Image0005" name="Image0005">
            <init_from>file:///D:/Work/Dropbox/Frictional%20Games%20-%20Team/Aaron/models/entities/station/special/01_05_transporter_passenger/01_05_transporter_passenger_nrm.tga</init_from>
        </image>
        <image id="Image0006" name="Image0006">
            <init_from>file:///D:/Work/Dropbox/Frictional%20Games%20-%20Team/Aaron/models/entities/station/special/01_05_transporter_passenger/01_05_transporter_passenger_spec.tga</init_from>
        </image>
        <image id="Image0007" name="Image0007">
            <init_from>file:///D:/Work/Dropbox/Frictional%20Games%20-%20Team/Aaron/models/entities/station/special/01_05_transporter_passenger/train_passenger.psd</init_from>
        </image>
    </library_images>
    <library_materials>
        <material id="Material-high" name="high">
            <instance_effect url="#Effect-high" />
        </material>
        <material id="Material-interactables" name="interactables">
            <instance_effect url="#Effect-interactables" />
        </material>
        <material id="Material-screen" name="screen">
            <instance_effect url="#Effect-screen" />
        </material>
    </library_materials>
    <library_effects>
        <effect id="Effect-high" name="high">
            <profile_COMMON>
                <technique sid="common">
                    <phong>
                        <diffuse>
                            <color sid="diffuse_effect_rgb">0.8 0.8 0.8 1</color>
                        </diffuse>
                        <specular>
                            <color sid="specular_effect_rgb">0.2 0.2 0.2 1</color>
                        </specular>
                        <shininess>
                            <float sid="specular_effect_rgb">0.4</float>
                        </shininess>
                    </phong>
                </technique>
            </profile_COMMON>
        </effect>
        <effect id="Effect-interactables" name="interactables">
            <profile_COMMON>
                <newparam sid="Image0002-surface">
                    <surface type="2D">
                        <init_from>Image0002</init_from>
                        <format>A8R8G8B8</format>
                    </surface>
                </newparam>
                <newparam sid="Image0002-sampler">
                    <sampler2D>
                        <source>Image0002-surface</source>
                        <minfilter>LINEAR_MIPMAP_LINEAR</minfilter>
                        <magfilter>LINEAR</magfilter>
                    </sampler2D>
                </newparam>
                <newparam sid="Image0004-surface">
                    <surface type="2D">
                        <init_from>Image0004</init_from>
                        <format>A8R8G8B8</format>
                    </surface>
                </newparam>
                <newparam sid="Image0004-sampler">
                    <sampler2D>
                        <source>Image0004-surface</source>
                        <minfilter>LINEAR_MIPMAP_LINEAR</minfilter>
                        <magfilter>LINEAR</magfilter>
                    </sampler2D>
                </newparam>
                <technique sid="common">
                    <phong>
                        <diffuse>
                            <texture texture="Image0002-sampler" texcoord="uvSet1" />
                        </diffuse>
                        <specular>
                            <texture texture="Image0004-sampler" texcoord="uvSet1" />
                        </specular>
                        <shininess>
                            <float sid="specular_effect_rgb">32</float>
                        </shininess>
                    </phong>
                </technique>
            </profile_COMMON>
        </effect>
        <effect id="Effect-screen" name="screen">
            <profile_COMMON>
                <newparam sid="Image0001-surface">
                    <surface type="2D">
                        <init_from>Image0001</init_from>
                        <format>A8R8G8B8</format>
                    </surface>
                </newparam>
                <newparam sid="Image0001-sampler">
                    <sampler2D>
                        <source>Image0001-surface</source>
                        <minfilter>LINEAR_MIPMAP_LINEAR</minfilter>
                        <magfilter>LINEAR</magfilter>
                    </sampler2D>
                </newparam>
                <technique sid="common">
                    <phong>
                        <diffuse>
                            <texture texture="Image0001-sampler" texcoord="uvSet1" />
                        </diffuse>
                        <specular>
                            <color sid="specular_effect_rgb">0.305 0.305 0.305 1</color>
                        </specular>
                        <shininess>
                            <float sid="specular_effect_rgb">256</float>
                        </shininess>
                    </phong>
                </technique>
            </profile_COMMON>
        </effect>
    </library_effects>
    <library_geometries>
        <geometry id="Geometry-mesh001" name="chair">
            <mesh>
                <source id="Geometry-mesh001-positions" name="positions">
                    <float_array id="Geometry-mesh001-positions-array" count="975">0.228377 0 -0.131854 0.131853 0 -0.228378 0 0 -0.263708 -0.131856 0 -0.228378 -0.228379 0 -0.131854 -0.263709 0 0 -0.228379 0 0.131853 -0.131856 0 0.228378 0 0 0.263709 0.131853 0 0.228378 0.228377 0 0.131853 0.263706 0 0 0.19587 0.057818 9.53674e-007 0.169628 0.057818 -0.0979328 0.097935 0.057818 -0.169628 0 0.057818 -0.195869 -0.097937 0.057818 -0.169628 -0.169628 0.057818 -0.0979328 -0.195872 0.057818 9.53674e-007 -0.169628 0.057818 0.0979352 -0.097937 0.057818 0.169629 0 0.057818 0.19587 0.097935 0.057818 0.169629 0.169628 0.057818 0.0979352 0.218362 0.057818 -0.126073 0.228377 0.046256 -0.131854 0.126072 0.057818 -0.218365 0.131853 0.046256 -0.228378 0 0.057818 -0.252145 0 0.046256 -0.263708 -0.126077 0.057818 -0.218365 -0.131856 0.046256 -0.228378 -0.218364 0.057818 -0.126073 -0.228379 0.046256 -0.131854 -0.252146 0.057818 0 -0.263709 0.046256 0 -0.218364 0.057818 0.126072 -0.228379 0.046256 0.131853 -0.126077 0.057818 0.218364 -0.131856 0.046256 0.228378 0 0.057818 0.252145 0 0.046256 0.263709 0.126072 0.057818 0.218364 0.131853 0.046256 0.228378 0.218362 0.057818 0.126072 0.228377 0.046256 0.131853 0.252144 0.057818 0 0.263706 0.046256 0 -0.431532 0.61477 0.405437 -0.354064 0.61477 0.505426 0.429603 0.61477 0.405437 0.343497 0.61477 0.505426 -0.431532 0.61477 -0.319613 -0.345428 0.61477 -0.419603 0.429603 0.61477 -0.319613 0.343497 0.61477 -0.419603 0.227894 0.61477 0.131854 0.131371 0.61477 0.228378 -0.000482178 0.61477 0.263708 -0.132335 0.61477 0.228378 -0.228861 0.61477 0.131854 -0.264191 0.61477 0 -0.228861 0.61477 -0.131854 -0.132338 0.61477 -0.228378 -0.000482178 0.61477 -0.263708 0.131371 0.61477 -0.228378 0.227894 0.61477 -0.131854 0.263224 0.61477 0 0.206088 0.556951 -1.43051e-006 0.178412 0.556951 0.103284 0.102804 0.556951 0.178895 -0.000482178 0.556951 0.206571 -0.103768 0.556951 0.178895 -0.179379 0.556951 0.103284 -0.207054 0.556951 -1.43051e-006 -0.179379 0.556951 -0.103285 -0.103768 0.556951 -0.178896 -0.000482178 0.556951 -0.206572 0.102804 0.556951 -0.178896 0.178412 0.556951 -0.103285 0.206088 0.531101 0 0.178412 0.531101 0.103285 0.102804 0.531101 0.178896 -0.000482178 0.531101 0.206572 -0.103768 0.531101 0.178896 -0.179379 0.531101 0.103285 -0.207054 0.531101 0 -0.179379 0.531101 -0.103284 -0.103768 0.531101 -0.178895 -0.000482178 0.531101 -0.206571 0.102804 0.531101 -0.178895 0.178412 0.531101 -0.103284 0.140675 0.495152 0 0.121764 0.495152 0.0705781 0.0700964 0.495152 0.145697 -0.000482178 0.495152 0.164608 -0.0710608 0.495152 0.145697 -0.122728 0.495152 0.0705781 -0.141639 0.495152 0 -0.122728 0.495152 -0.0705781 -0.0710608 0.495152 -0.122245 -0.000482178 0.495152 -0.141157 0.0700964 0.495152 -0.122245 0.121764 0.495152 -0.0705781 0.206088 0.0578183 1.43051e-006 0.178412 0.0578183 -0.103284 0.102804 0.0578183 -0.178895 -0.000482178 0.0578183 -0.206571 -0.103768 0.0578183 -0.178895 -0.179379 0.0578183 -0.103284 -0.207054 0.0578183 1.43051e-006 -0.179379 0.0578183 0.103285 -0.103768 0.0578183 0.178896 -0.000482178 0.0578183 0.206572 0.102804 0.0578183 0.178896 0.178412 0.0578183 0.103285 0.206088 0.0836686 0 0.178412 0.0836686 -0.103285 0.102804 0.0836686 -0.178896 -0.000482178 0.0836686 -0.206572 -0.103768 0.0836686 -0.178896 -0.179379 0.0836686 -0.103285 -0.207054 0.0836686 0 -0.179379 0.0836686 0.103284 -0.103768 0.0836686 0.178895 -0.000482178 0.0836686 0.206571 0.102804 0.0836686 0.178895 0.178412 0.0836686 0.103284 0.140675 0.119618 0 0.121764 0.119618 -0.0705781 0.0700964 0.119618 -0.122246 -0.000482178 0.119618 -0.141158 -0.0710608 0.119618 -0.122246 -0.122728 0.119618 -0.0705781 -0.141639 0.119618 0 -0.122728 0.119618 0.0705781 -0.0710608 0.119618 0.156444 -0.000482178 0.119618 0.175356 0.0700964 0.119618 0.156444 0.121764 0.119618 0.0705781 0.102804 0.378851 0.239521 0.0879114 0.37417 0.212184 -0.103768 0.378852 0.239522 -0.0888757 0.374171 0.212185 -0.103768 0.204651 0.235612 -0.0888757 0.216172 0.213161 0.102804 0.204651 0.235611 0.0879114 0.216172 0.21316 -0.000482178 0.445205 0.226135 0.0511609 0.378852 0.253358 0.0511609 0.204651 0.249449 -0.000482178 0.162297 0.234158 -0.0521252 0.204651 0.24945 -0.0521252 0.378852 0.253359 -0.000482178 0.434661 0.197852 0.0437146 0.37417 0.22164 0.0437146 0.216172 0.222616 -0.000482178 0.180109 0.196874 -0.044679 0.216172 0.222617 -0.044679 0.374171 0.221641 0.0282971 0.430197 0.235838 -0.0292639 0.430198 0.235838 0.0282971 0.177305 0.243861 -0.0292615 0.177305 0.243861 0.0255261 0.19318 0.205836 -0.0264929 0.19318 0.205837 -0.0264929 0.421591 0.209747 0.0255261 0.42159 0.209746 0.217999 0.556952 0.12614 0.227894 0.568378 0.131854 0.125658 0.556952 0.218482 0.131371 0.568378 0.228378 -0.000482178 0.556952 0.252282 -0.000482178 0.568378 0.263708 -0.126622 0.556952 0.218482 -0.132335 0.568378 0.228378 -0.218964 0.556952 0.12614 -0.228861 0.568378 0.131854 -0.252765 0.556952 0 -0.264191 0.568378 0 -0.218964 0.556952 -0.126141 -0.228861 0.568378 -0.131854 -0.126622 0.556952 -0.218482 -0.132338 0.568378 -0.228378 -0.000482178 0.556952 -0.252282 -0.000482178 0.568378 -0.263708 0.125658 0.556952 -0.218482 0.131371 0.568378 -0.228378 0.217999 0.556952 -0.126141 0.227894 0.568378 -0.131854 0.251798 0.556952 0 0.263224 0.568378 0 0.202194 0.596885 0.518566 0.234139 0.596885 0.518566 0.202194 1.07343 0.648588 0.234139 1.07343 0.648588 0.202194 1.07343 0.54299 0.234139 1.07343 0.54299 0.202194 0.596885 0.412968 0.234139 0.596885 0.412968 0.202194 0.907385 0.614409 0.234139 0.907385 0.614409 -0.237667 0.596885 0.518566 -0.202528 0.596885 0.518566 -0.237667 1.07343 0.648588 -0.202528 1.07343 0.648588 -0.237667 1.07343 0.54299 -0.202528 1.07343 0.54299 -0.237667 0.596885 0.412968 -0.202528 0.596885 0.412968 -0.237667 0.907385 0.614409 -0.202528 0.907385 0.614409 -0.347899 1.53492 0.648388 -0.43462 1.4535 0.630668 0.345968 1.53492 0.648388 0.432692 1.4535 0.630668 0.432692 1.07808 0.548958 0.345968 0.996665 0.531236 -0.347899 0.996665 0.531236 -0.43462 1.07808 0.548958 -0.347899 1.54129 0.619111 -0.43462 1.45987 0.601391 0.345968 1.54129 0.619111 0.432692 1.45987 0.601391 0.432692 1.08446 0.519681 0.345968 1.00304 0.501959 -0.347899 1.00304 0.501959 -0.43462 1.08446 0.519681 -0.324769 1.52752 0.596023 -0.405712 1.45153 0.579484 0.322841 1.52752 0.596023 0.40378 1.45153 0.579484 0.40378 1.10115 0.503221 0.322841 1.02515 0.486681 -0.324769 1.02515 0.486681 -0.405712 1.10115 0.503221 -0.237667 0.658899 0.599064 -0.202528 0.658899 0.599064 0.202194 0.658899 0.599064 0.234139 0.658899 0.599064 0.234139 0.72059 0.493704 0.202194 0.72059 0.493704 -0.202528 0.72059 0.493704 -0.237667 0.72059 0.493704 0.234139 0.925653 0.511607 0.202194 0.925653 0.511607 -0.343851 0.698103 0.484595 -0.354064 0.677272 0.505426 0.333945 0.698103 0.484595 0.343497 0.677272 0.505426 -0.335876 0.698103 -0.398772 -0.345428 0.677272 -0.419603 0.333945 0.698103 -0.398772 0.343497 0.677272 -0.419603 0.408772 0.698103 0.397703 0.429603 0.677272 0.405437 0.408772 0.698103 -0.311879 0.429603 0.677272 -0.319613 -0.410701 0.698103 0.398311 -0.431532 0.677272 0.405437 -0.410701 0.698103 -0.311879 -0.431532 0.677272 -0.319613 0.306001 0.698103 0.447829 0.374592 0.698103 0.368178 0.374592 0.698103 -0.282273 0.306001 0.698103 -0.361924 -0.308003 0.698103 -0.361924 -0.376592 0.698103 -0.282273 -0.376592 0.698103 0.368735 -0.315311 0.698103 0.447829 0.285508 0.710241 0.420867 0.349526 0.710241 0.346527 0.349526 0.710241 -0.260561 0.285508 0.710241 -0.334903 -0.287564 0.710241 -0.334903 -0.35158 0.710241 -0.260561 -0.35158 0.710241 0.347046 -0.294383 0.710241 0.420867 -0.000965576 1.01211 0.524981 -0.000965576 1.53222 0.638079 -0.000964355 1.52752 0.630907 -0.000964355 1.02515 0.521564 -0.237667 0.925653 0.511607 -0.202528 0.925653 0.511607 -0.396661 1.56084 0.739322 -0.400975 1.57324 0.731359 0.39473 1.56084 0.739322 0.399044 1.57324 0.731359 -0.391854 1.57949 0.658096 -0.400975 1.58653 0.670287 0.389923 1.57949 0.658096 0.399044 1.58653 0.670287 -0.391854 0.95209 0.521538 -0.400975 0.940624 0.529703 0.389923 0.95209 0.521538 0.399044 0.940624 0.529703 -0.396661 0.935294 0.603168 -0.400975 0.927332 0.590775 0.39473 0.935294 0.603168 0.399044 0.927332 0.590775 0.488619 1.4691 0.719354 0.499034 1.47553 0.710094 0.488619 1.02703 0.623136 0.499034 1.02504 0.612041 0.489445 1.48561 0.637663 0.499034 1.48882 0.649022 0.489445 1.04597 0.541972 0.499034 1.03833 0.550969 -0.49055 1.4691 0.719354 -0.500966 1.47553 0.710094 -0.49055 1.02703 0.623136 -0.500966 1.02504 0.612041 -0.491376 1.48561 0.637663 -0.500966 1.48882 0.649022 -0.491376 1.04597 0.541972 -0.500966 1.03833 0.550969 -0.00102661 0.758934 0.346786 -0.00102661 0.758934 -0.260561 0.261888 0.73573 0.346591 0.261888 0.73573 -0.260561 -0.263941 0.73573 0.346981 -0.263941 0.73573 -0.260561 -0.00102661 0.78096 0.0431123 -0.263941 0.758934 0.04321 0.261888 0.758934 0.043015</float_array>
                    <technique_common>
                        <accessor count="325" source="#Geometry-mesh001-positions-array" stride="3">
                            <param name="X" type="float" />
                            <param name="Y" type="float" />
                            <param name="Z" type="float" />
                        </accessor>
                    </technique_common>
                </source>
                <source id="Geometry-mesh001-normals" name="normals">
                    <float_array id="Geometry-mesh001-normals-array" count="1470">0.907075 0 -0.420969 0.575061 0 -0.81811 0.818112 0 -0.57506 0.420975 0 -0.907072 0.0889651 0 -0.996035 -0.0889594 0 -0.996035 -0.420973 0 -0.907073 -0.575062 0 -0.81811 -0.818112 0 -0.575059 -0.907074 0 -0.420972 -0.996035 0 -0.0889612 -0.996035 0 0.088963 -0.907074 0 0.420972 -0.818114 0 0.575056 -0.575067 0 0.818106 -0.420979 0 0.90707 -0.0889618 0 0.996035 0.0889674 0 0.996035 0.420981 0 0.90707 0.575066 0 0.818107 0.818113 0 0.575057 0.907075 0 0.420969 0.996035 0 0.0889605 0.996035 0 -0.0889587 0 1 0 0.579611 0.705735 -0.407417 0.642639 0.705737 -0.298244 0.705681 0.705721 -0.0630265 0.70568 0.705722 0.0630239 0.407428 0.705712 -0.579632 0.298262 0.705707 -0.642664 0.0630347 0.705723 -0.705678 -0.0630269 0.705718 -0.705684 -0.298277 0.705689 -0.642677 -0.407446 0.70569 -0.579645 -0.579624 0.705719 -0.407427 -0.642627 0.705748 -0.298244 -0.705659 0.705743 -0.0630243 -0.70566 0.705742 0.0630276 -0.64263 0.705748 0.298241 -0.579617 0.705731 0.407417 -0.407433 0.705717 0.579623 -0.298263 0.705722 0.642647 -0.0630278 0.705752 0.70565 0.0630292 0.705758 0.705643 0.298254 0.705743 0.642629 0.407421 0.705736 0.579608 0.579602 0.705745 0.407412 0.642637 0.705738 0.298246 0 0 1 0 0 -1 1 0 0 -0.946178 0 0.323646 -1 0 0 0 -1 0 -0.790506 0 0.612454 0.757755 0 0.652539 -0.757768 0 -0.652524 0.757758 0 -0.652535 0.907074 0 0.420971 0.575064 0 0.818108 0.818113 0 0.575058 0.420977 0 0.907071 0.0889633 0 0.996035 -0.0889632 0 0.996035 -0.420973 0 0.907073 -0.575057 0 0.818113 -0.818108 0 0.575065 -0.907072 0 0.420974 -0.996035 0 0.0889611 -0.996035 0 -0.0889611 -0.907074 0 -0.420971 -0.818113 0 -0.575058 -0.575063 0 -0.818109 -0.420974 0 -0.907073 -0.0889601 0 -0.996035 0.0889648 0 -0.996035 0.420977 0 -0.907071 0.575064 0 -0.818108 0.818113 0 -0.575058 0.907074 0 -0.420971 0.996035 0 -0.0889611 0.996035 0 0.0889611 0.368973 -0.928856 0.0329561 0.23265 -0.961825 0.144105 0.270366 -0.954546 -0.125479 9.12765e-006 -1 -8.15271e-007 8.31232e-006 -1 3.85773e-006 9.12764e-006 -1 8.15197e-007 7.49717e-006 -1 5.2698e-006 5.26993e-006 -1 7.49711e-006 3.85789e-006 -1 8.3124e-006 8.1523e-007 -1 9.12763e-006 -8.15273e-007 -1 9.12767e-006 -3.85788e-006 -1 8.31248e-006 -5.26998e-006 -1 7.49729e-006 -7.49737e-006 -1 5.27002e-006 -8.31255e-006 -1 3.85793e-006 -9.12779e-006 -1 8.15276e-007 -9.1278e-006 -1 -8.15352e-007 -8.31261e-006 -1 -3.85796e-006 -7.4974e-006 -1 -5.27002e-006 -5.27001e-006 -1 -7.49734e-006 -3.85791e-006 -1 -8.31259e-006 -8.1526e-007 -1 -9.12782e-006 8.15269e-007 -1 -9.12782e-006 3.8579e-006 -1 -8.3126e-006 5.26994e-006 -1 -7.49721e-006 7.49719e-006 -1 -5.2698e-006 8.31241e-006 -1 -3.85772e-006 0.996035 -3.28105e-006 -0.0889661 0.907075 1.71902e-005 0.42097 0.996035 3.30171e-006 0.0889627 0.818118 2.12425e-005 0.57505 0.575072 3.01907e-005 0.818103 0.347662 0.144584 0.926405 0.0889613 3.67444e-005 0.996035 -0.038504 0.163921 0.985722 -0.420974 3.34623e-005 0.907073 -0.446026 0.1463 0.882982 -0.818112 2.1224e-005 0.575059 -0.907072 1.71793e-005 0.420975 -0.996035 3.28087e-006 0.0889623 -0.996035 -3.30186e-006 -0.0889657 -0.907071 -1.71904e-005 -0.420977 -0.818111 -2.12426e-005 -0.57506 -0.575063 -3.01907e-005 -0.818109 -0.420974 -3.3471e-005 -0.907073 -0.0889614 -3.67444e-005 -0.996035 0.0889613 -3.67426e-005 -0.996035 0.420978 -3.34622e-005 -0.907071 0.575072 -3.0189e-005 -0.818103 0.818117 -2.1224e-005 -0.575051 0.907074 -1.71795e-005 -0.420972 0.481189 -0.875563 -0.0429782 0.438213 -0.875562 0.203371 0.43107 -0.831127 0.351292 0.132668 -0.986951 0.0912504 -0.417098 -0.876378 0.240812 -0.270153 -0.952238 0.142336 -0.431065 -0.83113 0.351292 -0.178335 -0.976295 0.12266 -0.481175 -0.87557 0.0429761 -0.368963 -0.92886 -0.0329556 -0.438202 -0.875568 -0.203371 -0.243844 -0.954548 -0.171401 -0.277808 -0.875569 -0.395224 -0.0895621 -0.977107 -0.192981 -0.0429778 -0.875568 -0.481179 0.0221082 -0.968628 -0.247531 0.203373 -0.875569 -0.438199 0.142915 -0.968627 -0.203314 0.395234 -0.875563 -0.277812 -0.142913 0.968627 -0.203314 -0.171163 0.980274 0.09882 -0.27036 0.954548 -0.125474 0.996035 3.28103e-006 0.0889661 0.907075 -1.71901e-005 -0.42097 0.996035 -3.30169e-006 -0.0889627 0.818118 -2.12424e-005 -0.57505 0.575072 -3.01906e-005 -0.818103 0.420978 -3.34711e-005 -0.907071 0.0889613 -3.67442e-005 -0.996035 -0.0889614 -3.67425e-005 -0.996035 -0.420974 -3.34622e-005 -0.907073 -0.575063 -3.01888e-005 -0.818109 -0.818112 -2.12239e-005 -0.575059 -0.907072 -1.71793e-005 -0.420975 -0.996035 -3.28085e-006 -0.0889623 -0.996035 3.30185e-006 0.0889658 -0.907071 1.71904e-005 0.420977 -0.818111 2.12425e-005 0.57506 -0.575063 3.01905e-005 0.818109 -0.356823 -0.1739 0.917843 -0.0889614 3.67442e-005 0.996035 0.0386734 -0.223729 0.973884 0.420978 3.34621e-005 0.907071 0.455254 -0.175731 0.872847 0.818117 2.12239e-005 0.575051 0.907074 1.71795e-005 0.420972 0.481192 0.875561 0.0429784 0.438216 0.875561 -0.203373 0.368975 0.928855 -0.0329563 0.243851 0.954546 -0.171402 0.277815 0.875566 -0.395226 0.0895633 0.977106 -0.192982 0.0429772 0.875566 -0.481183 -0.0221085 0.968627 -0.247533 -0.203371 0.875567 -0.438204 -0.395227 0.875567 -0.277809 -0.481178 0.875569 -0.0429763 -0.368965 0.928859 0.0329558 -0.438204 0.875567 0.203372 -0.245527 0.958603 0.14421 -0.466773 0.811697 0.351098 -0.473239 0.835934 0.277957 -0.575925 0.740416 0.346547 0.417115 0.876369 0.240817 0.28121 0.949029 0.142358 0.466778 0.811695 0.351098 0.575924 0.740416 0.346546 0.121755 0.33693 0.933624 -7.55666e-006 0.222073 0.97503 0.803479 -0.220237 -0.553098 0.854577 -0.0838125 -0.512517 0.844416 -0.171841 -0.507379 0.880887 -0.0627882 -0.469144 -0.244999 0.185356 0.95164 -0.121755 0.336934 0.933623 -0.253733 0.19714 0.946971 -0.80348 -0.220241 -0.553094 -0.844419 -0.171843 -0.507373 -0.85458 -0.0838139 -0.512512 -0.880891 -0.0627887 -0.469136 -0.146679 -0.391405 0.908453 3.01161e-008 -0.331072 0.943606 -0.736276 0.287234 -0.612695 -0.816761 0.146123 -0.558167 -0.801324 0.212443 -0.559239 -0.859052 0.0482242 -0.509612 0.252857 -0.276327 0.927204 0.146685 -0.391397 0.908456 0.25612 -0.144084 0.955846 0.736273 0.287229 -0.6127 0.801322 0.212438 -0.559243 0.816759 0.146119 -0.55817 0.859049 0.0482229 -0.509616 0.245007 0.185353 0.951638 0.253742 0.19714 0.946969 -0.256112 -0.144091 0.955848 -0.252847 -0.276338 0.927203 -0.27843 -0.529178 -0.801528 -0.152936 -0.47112 -0.86871 -6.20319e-006 -0.530421 -0.847734 -1.11121e-005 -0.481627 -0.876376 -0.209227 -0.00604098 -0.977848 -0.207993 -0.108349 -0.972111 -0.175681 0.174205 -0.968911 -0.256425 -0.275733 -0.9264 -0.161918 0.480587 -0.86187 -5.6929e-006 0.394775 -0.918778 -0.0830827 0.497514 -0.863468 -1.02633e-005 0.335146 -0.942166 0.161918 0.480599 -0.861862 0.175873 0.307605 -0.935119 0.0830745 0.497514 -0.863469 0.124426 0.591383 -0.796733 0.157126 0.660256 -0.734421 0.256425 -0.275729 -0.926402 0.207979 -0.108343 -0.972114 0.175671 0.174208 -0.968912 0.209207 -0.00604098 -0.977853 0.278436 -0.529188 -0.80152 0.152932 -0.471121 -0.86871 -0.175884 0.30761 -0.935115 -0.124432 0.591391 -0.796726 -0.157137 0.660279 -0.734398 0.825383 -0.494907 0.27168 0.693868 -0.661709 0.284058 0.526901 -0.792859 0.306186 0.533399 -0.79258 0.29547 -0.825376 -0.494921 0.271676 -0.526937 -0.792839 0.306175 -0.69388 -0.6617 0.284048 -0.533434 -0.792559 0.295463 0.961014 -0.10843 0.254352 0.9497 -0.209868 0.232435 0.89051 0.272677 0.364197 0.915203 0.259727 0.308132 0.713565 0.602885 0.356869 0.641345 0.68906 0.33745 0.515747 0.773055 0.369312 0.519863 0.772421 0.36484 -0.515775 0.77304 0.369305 -0.519878 0.772407 0.364848 -0.641341 0.689053 0.337472 -0.713549 0.602887 0.356897 -0.890506 0.27268 0.364205 -0.915194 0.259734 0.308151 -0.949692 -0.209895 0.232441 -0.961011 -0.108443 0.254358 0.57964 -0.705702 0.407433 0.642672 -0.705701 0.298261 0.705705 -0.705696 0.0630302 0.705708 -0.705694 -0.0630302 0.407437 -0.705704 0.579636 0.298264 -0.705706 0.642664 0.0630302 -0.705712 0.70569 -0.0630299 -0.705717 0.705685 -0.298261 -0.705716 0.642655 -0.407417 -0.705732 0.579616 -0.579593 -0.705751 0.407416 -0.642629 -0.705746 0.298247 -0.705679 -0.705724 0.0630236 -0.705682 -0.70572 -0.0630283 -0.642639 -0.705735 -0.298251 -0.579595 -0.705756 -0.407405 -0.407412 -0.705741 -0.579607 -0.298248 -0.705732 -0.642643 -0.0630281 -0.705719 -0.705683 0.0630315 -0.705712 -0.70569 0.298264 -0.705706 -0.642664 0.407441 -0.705697 -0.579641 0.579648 -0.705692 -0.407439 0.64268 -0.705691 -0.298267 0 -0.108538 0.994092 0 -0.1553 0.987867 0 -0.201614 0.979465 0 0.207739 -0.978184 0 0.167762 -0.985827 0 0.127441 -0.991846 0 -0.976937 0.213528 0 -0.904225 0.427056 0 -0.0616389 0.998098 0 -0.1553 0.987867 0 0.246734 -0.969083 0 0.404114 -0.914709 0 -0.976937 0.213528 0 -0.904225 0.427056 0 -0.0616389 0.998098 0 0.977125 0.212664 0 -0.977123 -0.212677 -0.349166 0.399718 -0.847531 -0.0364957 0.292908 -0.955444 -0.332552 0.0605919 -0.941136 -0.0465958 -0.0114531 -0.998848 -0.707107 0.690932 0.150375 -0.707107 0.690932 0.150376 -0.707107 0.690931 0.150376 0.707107 0.690931 0.150376 0.707107 0.690931 0.150376 0.707108 0.690931 0.150375 -0.70711 -0.690926 -0.150388 -0.707109 -0.690927 -0.150387 -0.707109 -0.690928 -0.150385 0.70711 -0.690927 -0.150385 0.70711 -0.690927 -0.150387 0.707109 -0.690927 -0.150389 -0.112552 0.323742 -0.939427 -0.112527 0.323785 -0.939415 -6.62045e-005 0.21271 -0.977115 -2.1443e-005 0.21277 -0.977102 0.0894444 0.301479 -0.949268 3.21717e-005 0.21276 -0.977105 0.151283 0.360661 -0.920346 6.89138e-005 0.212701 -0.977117 0.112554 0.0959908 -0.988998 5.97069e-005 0.212647 -0.977129 0.112525 0.0959575 -0.989005 1.26676e-005 0.0678382 -0.997696 -0.0894434 0.120343 -0.988695 -1.70061e-005 0.0172661 -0.999851 -0.151285 0.0544818 -0.986988 -6.54154e-005 0.212654 -0.977127 -0.692846 0.704586 0.153373 -0.692846 0.704586 0.153373 0.00715295 0.99976 -0.0207253 -0.00715295 0.99976 -0.0207253 -2.53405e-007 0.959204 -0.282713 0.692836 0.704595 0.153375 0.692836 0.704595 0.153375 0.692836 0.704595 0.153375 0.69284 -0.704596 -0.153352 0.692839 -0.704595 -0.153362 0.692837 -0.704595 -0.153371 -0.0396218 -0.976352 -0.212525 -0.0240274 -0.904137 -0.426566 -0.0573237 -0.84555 -0.530811 -0.692851 -0.704582 -0.153368 -0.692849 -0.704586 -0.153359 -0.692847 -0.704589 -0.153351 -0.514314 0.313783 -0.798136 -0.25091 0.699931 -0.668686 -0.0106506 0.485004 -0.874447 -0.0962827 0.790318 -0.605084 -7.53818e-007 0.836545 -0.547898 0.48569 0.381829 -0.786328 0.39644 0.356137 -0.846169 0.250911 0.69993 -0.668686 0.0106537 0.485003 -0.874448 0.514288 0.0463243 -0.856365 0.280761 0.0356698 -0.959115 0.245088 -0.364342 -0.898436 0.0235751 -0.141747 -0.989622 -8.57501e-008 0.0587794 -0.998271 -1.30766e-007 -0.430213 -0.902728 -0.0235706 -0.141749 -0.989622 -0.0747052 -0.377606 -0.922948 0.00711545 -0.553916 -0.832542 -0.189145 -0.576017 -0.795254 -0.48573 -0.0204938 -0.873869 -0.245087 -0.364344 -0.898435 0 0.212675 -0.977123 0 -0.792182 0.610284 0 -0.792182 0.610284 0 0.546545 -0.83743 0.148504 0.932656 0.328786 0.182277 0.968036 0.172282 6.56229e-005 0.977797 0.209553 -0.294098 0.744067 0.599893 -0.294097 0.744069 0.59989 -0.650298 0.726384 0.222438 -0.650297 0.726386 0.222436 0.185927 0.736093 0.650844 0.371854 0.736095 0.565587 0.641179 0.729543 0.238027 0.641178 0.729544 0.238027 -0.280368 0.739974 -0.611419 -0.609551 0.726942 -0.316231 -0.280366 0.739976 -0.611417 -0.668246 0.726944 -0.158114 0.185928 0.736094 -0.650843 0.371856 0.736095 -0.565585 0.609547 0.726944 -0.316237 0.668244 0.726945 -0.158118 0.0444731 0.982963 0.17834 0.237586 0.968343 0.0765825 0.162876 0.983687 -0.076367 0.0442103 0.993208 -0.107623 -0.0444731 0.983012 -0.178073 -0.237864 0.968274 -0.0765889 -0.167066 0.983323 0.0718654 -0.0462612 0.993339 0.105539 0.350135 0.930516 0.107452 0.364968 0.926713 -0.0894498 0.127094 0.931548 -0.340684 -0.148437 0.932818 -0.328355 -0.350255 0.930475 -0.107417 -0.367088 0.926444 0.0833604 -0.130945 0.933529 0.333731 0.0240274 -0.904138 -0.426565 0.0396218 -0.976352 -0.212525 0.0573236 -0.845551 -0.530808 -0.0139122 0.977023 0.212677 0.0139122 0.977023 0.212677 0.189145 -0.576016 -0.795254 -0.00711569 -0.553916 -0.832542 -0.182346 0.969275 0.165094 -0.200532 0.979687 2.9677e-007 -0.182157 0.968077 -0.172178 0 0.207739 -0.978184 0 -0.212674 0.977123 0 -0.212672 0.977124 -0.17237 0.489272 0.854928 -0.344741 0.419513 0.839739 -0.588517 0.181328 0.787888 -0.659924 0.0129005 0.751221 0.17237 0.489271 0.854928 0.344741 0.419513 0.839739 0.588518 0.181328 0.787887 0.659927 0.0129018 0.751219 -0.0931542 0.455046 -0.885582 -0.374616 0.338293 -0.863262 -0.240224 0.771754 -0.588802 -0.623277 0.396895 -0.673795 -0.639102 0.4048 -0.653977 -0.223783 0.762332 -0.607265 0.148558 0.804379 -0.575244 0.318975 0.725881 -0.609386 0.0670078 0.494886 -0.866371 0.361484 0.393428 -0.845307 0.573394 0.477184 -0.66597 0.678083 0.318367 -0.662455 -0.318977 -0.406938 -0.855953 -0.148561 -0.492527 -0.857524 0.240225 -0.457217 -0.856297 0.223787 -0.440977 -0.869171 -0.067007 -0.0900238 -0.993683 -0.361483 -0.00650751 -0.932356 -0.573393 -0.157222 -0.804053 -0.678078 -0.0142324 -0.734852 0.0931532 -0.0458053 -0.994598 0.374618 0.0511005 -0.92577 0.62328 -0.080947 -0.777798 0.639102 -0.0963709 -0.76306 -0.172373 -0.800342 0.57423 -0.344752 -0.730584 0.589401 -0.58853 -0.492391 0.641235 -0.659932 -0.323962 0.677892 0.172372 -0.800342 0.57423 0.344751 -0.730584 0.589402 0.588531 -0.492391 0.641235 0.659936 -0.323961 0.67789 0 -0.212677 0.977123 0 -0.212677 0.977123 0 -0.212677 0.977123 0.200563 0.979681 -2.60079e-007 -9.74504e-008 1 1.87405e-009 -7.88462e-006 0.97768 -0.210101 0.182156 0.968073 -0.172205</float_array>
                    <technique_common>
                        <accessor count="490" source="#Geometry-mesh001-normals-array" stride="3">
                            <param name="X" type="float" />
                            <param name="Y" type="float" />
                            <param name="Z" type="float" />
                        </accessor>
                    </technique_common>
                </source>
                <source id="Geometry-mesh001-old_uvs" name="old_uvs">
                    <float_array id="Geometry-mesh001-old_uvs-array" count="856">0.99086 0.303786 0.990859 0.31847 0.985876 0.303786 0.985876 0.31847 0.99086 0.333184 0.985876 0.333184 0.99086 0.347929 0.985876 0.347929 0.99086 0.362706 0.985876 0.362706 0.99086 0.377506 0.985876 0.377505 0.990859 0.289117 0.990859 0.303786 0.985876 0.289117 0.990859 0.333183 0.990859 0.347929 0.99086 0.377505 0.990859 0.289118 0.985876 0.289118 0.719746 0.468667 0.706188 0.465033 0.719746 0.463748 0.708647 0.460773 0.696262 0.455108 0.700522 0.452648 0.692629 0.44155 0.697548 0.44155 0.696262 0.427991 0.700522 0.430451 0.706188 0.418066 0.708648 0.422326 0.719747 0.414432 0.719747 0.419351 0.733305 0.418066 0.730845 0.422326 0.74323 0.427992 0.73897 0.430451 0.746864 0.44155 0.741945 0.44155 0.74323 0.455109 0.73897 0.452649 0.733305 0.465034 0.730845 0.460774 0.705326 0.466526 0.719746 0.47039 0.69477 0.45597 0.690906 0.44155 0.69477 0.427129 0.705327 0.416573 0.719747 0.412709 0.734167 0.416573 0.744723 0.42713 0.748587 0.44155 0.744723 0.45597 0.734167 0.466527 0.165958 0.492811 0.200497 0.492893 0.166046 0.495899 0.200394 0.495981 0.20012 0.443881 0.200207 0.44697 0.166198 0.443784 0.166092 0.446872 0.161548 0.487777 0.158461 0.487669 0.161652 0.451879 0.158564 0.45197 0.207625 0.48781 0.204538 0.487902 0.207705 0.452108 0.204619 0.452003 0.412844 0.353904 0.416591 0.349553 0.412844 0.385458 0.450319 0.385458 0.446572 0.389809 0.450319 0.353904 0.416216 0.389809 0.446572 0.349553 0.206877 0.489924 0.202957 0.494764 0.163571 0.494775 0.159289 0.489888 0.206877 0.449891 0.202594 0.445006 0.163718 0.444894 0.159406 0.449754 0.861025 0.411968 0.850681 0.422309 0.857568 0.409971 0.848685 0.418851 0.836553 0.426093 0.836553 0.422101 0.822425 0.422309 0.824421 0.418851 0.812081 0.411968 0.815538 0.409972 0.808293 0.39784 0.812285 0.39784 0.812081 0.383712 0.815538 0.385709 0.822425 0.373372 0.824421 0.37683 0.836553 0.369588 0.836553 0.37358 0.850681 0.373372 0.848685 0.37683 0.861025 0.383712 0.857568 0.385709 0.864812 0.39784 0.86082 0.39784 0.707907 0.441594 0.709438 0.435249 0.70946 0.44788 0.859594 0.39784 0.856506 0.409358 0.855427 0.39784 0.852898 0.407274 0.848072 0.417789 0.845989 0.41418 0.836553 0.420874 0.836553 0.416707 0.825034 0.417789 0.827116 0.414179 0.816599 0.409359 0.820208 0.407274 0.813511 0.39784 0.817678 0.39784 0.8166 0.386322 0.820208 0.388406 0.825034 0.377892 0.827117 0.381501 0.836553 0.374806 0.836553 0.378974 0.848072 0.377891 0.84599 0.3815 0.856507 0.386322 0.852898 0.388406 0.699151 0.441693 0.701698 0.431253 0.701318 0.441669 0.703602 0.432278 0.709168 0.423444 0.710092 0.425262 0.719746 0.421961 0.719747 0.424282 0.730324 0.423443 0.729401 0.425261 0.737796 0.43125 0.735893 0.432275 0.740346 0.441689 0.738179 0.441666 0.737652 0.45211 0.735779 0.451056 0.730178 0.459907 0.729088 0.458078 0.71975 0.462818 0.71975 0.460697 0.709322 0.459909 0.710411 0.45808 0.701847 0.452113 0.703719 0.451059 0.713812 0.428361 0.730057 0.435247 0.725682 0.428361 0.731589 0.441592 0.730038 0.447878 0.725702 0.452468 0.719749 0.454147 0.713796 0.452469 0.84177 0.410108 0.841797 0.388334 0.845576 0.403298 0.845561 0.392324 0.818748 0.397703 0.821084 0.388653 0.820631 0.397723 0.822711 0.389568 0.827571 0.381877 0.828518 0.383465 0.836627 0.379345 0.836627 0.381187 0.845684 0.381874 0.844738 0.383462 0.852173 0.388648 0.850547 0.389563 0.854513 0.397697 0.85263 0.397718 0.852301 0.406761 0.850645 0.405873 0.84583 0.413561 0.845035 0.411984 0.836633 0.414831 0.836633 0.412815 0.827436 0.413564 0.82823 0.411987 0.820962 0.406766 0.822618 0.405877 0.826353 0.397788 0.827698 0.392327 0.83146 0.388335 0.836629 0.386874 0.846907 0.397784 0.827686 0.403301 0.831494 0.41011 0.836632 0.411685 0.719747 0.426547 0.34287 0.80851 0.343207 0.799663 0.352065 0.802082 0.350589 0.799776 0.356579 0.808505 0.344937 0.812944 0.356703 0.811243 0.342803 0.790638 0.356659 0.791326 0.352135 0.797515 0.356748 0.795827 0.34321 0.82967 0.344936 0.825076 0.356758 0.829417 0.356702 0.826778 0.382921 0.791155 0.382009 0.800255 0.374676 0.798007 0.376213 0.800166 0.381898 0.829023 0.370911 0.82898 0.37991 0.825041 0.370341 0.826597 0.382271 0.80919 0.371078 0.808967 0.374611 0.802277 0.371147 0.804414 0.37991 0.812984 0.370342 0.811427 0.356625 0.80391 0.371279 0.795766 0.371512 0.791294 0.353054 0.816886 0.345761 0.819009 0.351555 0.81901 0.370099 0.815255 0.356928 0.815053 0.3792 0.819012 0.37248 0.816793 0.373819 0.819012 0.37248 0.821231 0.370098 0.822769 0.356928 0.822968 0.353054 0.821134 0.121827 0.487478 0.120904 0.485094 0.124435 0.485735 0.123157 0.48325 0.121827 0.487478 0.124435 0.485735 0.116848 0.489692 0.116345 0.486688 0.100716 0.489719 0.101722 0.487117 0.0960463 0.48909 0.0993083 0.485128 0.0971508 0.483311 0.0936177 0.487105 0.0971508 0.483311 0.0936178 0.487105 0.0960464 0.48909 0.101722 0.487117 0.116345 0.486688 0.116848 0.489692 0.1079 0.470116 0.110488 0.470226 0.107932 0.48137 0.109498 0.481438 0.107884 0.483459 0.101073 0.480289 0.10095 0.48238 0.0987478 0.480252 0.100904 0.470255 0.0989574 0.470213 0.09948 0.443208 0.101044 0.441772 0.104399 0.448557 0.105791 0.446942 0.116224 0.480918 0.108937 0.454172 0.110771 0.453688 0.117854 0.457293 0.117621 0.470973 0.101073 0.480289 0.10095 0.48238 0.100905 0.470255 0.101514 0.456591 0.099243 0.456535 0.0994805 0.443208 0.104399 0.448556 0.116223 0.480918 0.11077 0.453688 0.117621 0.470973 0.589725 0.595542 0.629019 0.595536 0.589767 0.59861 0.628977 0.598604 0.589799 0.559956 0.629009 0.559949 0.589757 0.563024 0.629051 0.563018 0.584735 0.567934 0.584709 0.590623 0.581664 0.567976 0.581638 0.590574 0.634041 0.590625 0.634067 0.567936 0.637112 0.590583 0.637137 0.567985 0.633737 0.550349 0.629453 0.554608 0.63375 0.530741 0.629471 0.526472 0.636156 0.592852 0.631201 0.597698 0.587539 0.5977 0.582591 0.592847 0.636185 0.565713 0.631237 0.560859 0.587575 0.560862 0.58262 0.565708 0.633413 0.590289 0.628516 0.594922 0.630654 0.58921 0.626375 0.592986 0.590228 0.594928 0.592371 0.592994 0.585337 0.590287 0.588099 0.589214 0.585363 0.568271 0.588122 0.569348 0.59026 0.563638 0.592401 0.565573 0.628548 0.563631 0.626405 0.565565 0.633439 0.568272 0.630677 0.569345 0.636863 0.551484 0.632325 0.556801 0.635498 0.551024 0.630903 0.555782 0.630744 0.557127 0.592507 0.557136 0.611625 0.556061 0.590926 0.55681 0.586385 0.551496 0.592347 0.555791 0.587749 0.551036 0.586361 0.529622 0.587726 0.530079 0.590902 0.524306 0.592321 0.525327 0.592505 0.524025 0.611618 0.525479 0.632333 0.524297 0.636876 0.52961 0.630914 0.525318 0.635512 0.530068 0.611625 0.555253 0.58951 0.550359 0.593796 0.554616 0.589488 0.530751 0.593765 0.52648 0.611618 0.526574 0.122627 0.448712 0.115627 0.449207 0.0992427 0.456535 0.0975319 0.447733 0.0953034 0.447777 0.0953032 0.447777 0.168939 0.488382 0.170112 0.48478 0.183046 0.484826 0.199874 0.491593 0.203194 0.487428 0.166557 0.491504 0.162885 0.48728 0.199609 0.448276 0.203283 0.4525 0.166683 0.448182 0.162985 0.452384 0.167905 0.489767 0.164502 0.485853 0.164593 0.453825 0.16802 0.449931 0.198266 0.450017 0.201671 0.45393 0.201586 0.485986 0.198512 0.48985 0.165801 0.484764 0.165885 0.454924 0.169045 0.451324 0.197236 0.451404 0.200375 0.455022 0.200292 0.484888 0.197465 0.488462 0.63073 0.524016 0.19598 0.484873 0.196022 0.469941 0.196063 0.455009 0.823752 0.362487 0.877332 0.362487 0.828893 0.367579 0.872191 0.367579 0.828582 0.368339 0.822992 0.362807 0.872502 0.36834 0.878092 0.362808 0.828582 0.331916 0.828893 0.332676 0.822993 0.337447 0.823752 0.337768 0.872191 0.332676 0.872503 0.331916 0.877333 0.337768 0.878092 0.337448 0.170154 0.469858 0.183088 0.4699 0.18313 0.454973 0.170197 0.454936</float_array>
                    <technique_common>
                        <accessor count="428" source="#Geometry-mesh001-old_uvs-array" stride="2">
                            <param name="S" type="float" />
                            <param name="T" type="float" />
                        </accessor>
                    </technique_common>
                </source>
                <source id="Geometry-mesh001-uvSet1" name="uvSet1">
                    <float_array id="Geometry-mesh001-uvSet1-array" count="910">0.970162 0.368447 0.970159 0.416403 0.953885 0.368447 0.953885 0.416403 0.970162 0.464457 0.953885 0.464457 0.970162 0.512612 0.953885 0.512612 0.970162 0.560872 0.953885 0.560872 0.970162 0.609207 0.953885 0.609204 0.993954 0.320543 0.993954 0.368452 0.977679 0.320543 0.977679 0.368452 0.993954 0.41641 0.977679 0.41641 0.993954 0.464463 0.977679 0.464467 0.993954 0.512624 0.977679 0.512624 0.993957 0.560887 0.977679 0.560887 0.993957 0.609221 0.977679 0.609221 0.970159 0.320543 0.953885 0.320543 0.0902975 0.651075 0.0505559 0.640422 0.0902975 0.636656 0.0577638 0.627935 0.0214602 0.61133 0.0339475 0.604119 0.0108112 0.571588 0.0252298 0.571588 0.0214602 0.531843 0.0339475 0.539054 0.0505559 0.502751 0.0577667 0.515238 0.0903004 0.492099 0.0903004 0.506517 0.130042 0.502751 0.122831 0.515238 0.159135 0.531846 0.146648 0.539054 0.169787 0.571588 0.155368 0.571588 0.159135 0.611333 0.146648 0.604122 0.130042 0.640425 0.122831 0.627938 0.048029 0.644799 0.0902975 0.656125 0.0170869 0.613856 0.00576052 0.571588 0.0170869 0.529316 0.0480319 0.498374 0.0903004 0.487048 0.132569 0.498374 0.163511 0.52932 0.174838 0.571588 0.163511 0.613856 0.132569 0.644802 0.478997 0.655146 0.664293 0.655587 0.479473 0.671713 0.663739 0.672152 0.662269 0.392649 0.662739 0.409219 0.480286 0.392126 0.479719 0.408694 0.455343 0.62814 0.43878 0.627562 0.455898 0.435555 0.439333 0.43604 0.702535 0.628314 0.685971 0.62881 0.702965 0.436784 0.686405 0.436218 0.477659 0.0408912 0.499955 0.015 0.477659 0.228639 0.700637 0.228639 0.678343 0.25453 0.700637 0.0408912 0.497721 0.25453 0.678343 0.015 0.698523 0.639657 0.677491 0.665622 0.466193 0.66568 0.443222 0.639464 0.698521 0.424888 0.675541 0.39868 0.46698 0.398081 0.443847 0.424156 0.986048 0.207565 0.955416 0.238188 0.975811 0.201652 0.949507 0.227948 0.91358 0.249394 0.91358 0.237571 0.871742 0.238188 0.877653 0.227948 0.841109 0.207565 0.851346 0.201653 0.829894 0.165728 0.841715 0.165728 0.84111 0.12389 0.851346 0.129803 0.871742 0.093269 0.877652 0.103509 0.91358 0.0820636 0.91358 0.0938869 0.955417 0.0932682 0.949507 0.103509 0.98605 0.12389 0.975812 0.129803 0.997263 0.165728 0.985442 0.165728 0.73776 0.0791221 0.742856 0.0579952 0.742929 0.100051 0.981812 0.165728 0.972667 0.199837 0.969472 0.165727 0.961982 0.193665 0.947692 0.224804 0.941523 0.214114 0.91358 0.233939 0.91358 0.221598 0.879468 0.224804 0.885635 0.214113 0.85449 0.199837 0.865176 0.193665 0.845344 0.165728 0.857684 0.165727 0.854492 0.131618 0.865176 0.137791 0.879468 0.106654 0.885637 0.117341 0.91358 0.097517 0.91358 0.109858 0.947692 0.106652 0.941524 0.11734 0.972669 0.131618 0.961982 0.13779 0.708603 0.0794503 0.717086 0.0446922 0.715819 0.0793718 0.723424 0.0481037 0.741958 0.0186915 0.745034 0.0247446 0.777178 0.0137541 0.777179 0.0214816 0.812398 0.0186862 0.809323 0.0247389 0.837275 0.0446819 0.830938 0.0480926 0.845765 0.0794387 0.83855 0.0793607 0.836794 0.114134 0.83056 0.110625 0.81191 0.140097 0.808282 0.134006 0.777191 0.149789 0.777191 0.142726 0.74247 0.140103 0.746095 0.134012 0.717581 0.114146 0.723814 0.110634 0.757418 0.0350628 0.811507 0.0579894 0.79694 0.0350602 0.816609 0.0791157 0.811444 0.100043 0.797009 0.115328 0.777188 0.120916 0.757366 0.115331 0.106365 0.974825 0.10648 0.882241 0.122547 0.945869 0.122481 0.899208 0.00847419 0.92208 0.0184078 0.883599 0.0164795 0.922166 0.0253236 0.887488 0.0459897 0.854786 0.0500146 0.861539 0.0844965 0.844021 0.0844975 0.851852 0.123007 0.854774 0.118984 0.861528 0.150598 0.883577 0.143683 0.887469 0.160545 0.922055 0.152539 0.922144 0.151142 0.960594 0.1441 0.956816 0.123625 0.989505 0.120245 0.982803 0.0845209 0.994906 0.0845196 0.986335 0.0454141 0.989519 0.0487918 0.982814 0.0178881 0.960616 0.0249303 0.956835 0.0408117 0.922439 0.046529 0.899221 0.0625248 0.882248 0.0845022 0.876036 0.128207 0.922424 0.0464791 0.945881 0.062671 0.974832 0.0845187 0.98153 0.777179 0.0290221 0.542016 0.73303 0.543056 0.705733 0.570387 0.713196 0.565834 0.70608 0.584316 0.733014 0.548394 0.746709 0.584697 0.741462 0.54181 0.677886 0.584561 0.680008 0.570603 0.699105 0.584838 0.693895 0.543064 0.79832 0.548392 0.784142 0.584869 0.797537 0.584694 0.789395 0.665593 0.679481 0.662778 0.707558 0.640153 0.700624 0.644897 0.707286 0.662438 0.796323 0.628538 0.796191 0.656301 0.784035 0.626777 0.788836 0.663588 0.735127 0.629053 0.734439 0.639952 0.713798 0.629266 0.72039 0.656304 0.746833 0.626781 0.742028 0.584458 0.718836 0.629672 0.693707 0.630391 0.679909 0.573438 0.758875 0.550937 0.765425 0.568812 0.765427 0.62603 0.75384 0.585392 0.753218 0.654113 0.765434 0.633379 0.758586 0.637509 0.765433 0.633377 0.772281 0.626028 0.777024 0.585391 0.77764 0.573438 0.771981 0.864345 0.973859 0.859651 0.961738 0.87761 0.964995 0.871107 0.952358 0.864344 0.933231 0.877608 0.924367 0.859649 0.92111 0.871105 0.911729 0.839022 0.985122 0.836462 0.969841 0.756979 0.985259 0.762094 0.972026 0.733229 0.982059 0.749819 0.961908 0.738846 0.952667 0.720877 0.971965 0.738846 0.912039 0.720877 0.931337 0.749818 0.92128 0.733229 0.94143 0.756978 0.944631 0.762093 0.931397 0.836462 0.929213 0.83902 0.944494 0.88612 0.544329 0.896874 0.544787 0.886251 0.59111 0.892762 0.59139 0.886052 0.599792 0.857742 0.586615 0.857229 0.595305 0.848076 0.58646 0.85704 0.544908 0.848947 0.544735 0.85112 0.432484 0.857621 0.426516 0.871566 0.454716 0.87735 0.448004 0.920716 0.589229 0.89043 0.478059 0.89805 0.476044 0.927494 0.491028 0.926526 0.547892 0.765546 0.543978 0.776445 0.544442 0.765679 0.591388 0.772277 0.591672 0.765477 0.600187 0.736786 0.586832 0.736267 0.595639 0.736076 0.544564 0.727874 0.544389 0.738644 0.487004 0.729077 0.486768 0.730078 0.430628 0.736664 0.424581 0.750797 0.453159 0.756658 0.446358 0.800606 0.589482 0.769915 0.476817 0.777636 0.474776 0.807476 0.48996 0.806495 0.547588 0.729277 0.8232 0.941212 0.82317 0.729505 0.839751 0.940988 0.839718 0.729678 0.631267 0.941158 0.631231 0.729452 0.647814 0.941387 0.647781 0.702363 0.674297 0.702224 0.796672 0.685802 0.674527 0.685662 0.796406 0.968302 0.796685 0.968439 0.674306 0.984863 0.796454 0.985 0.674574 0.896874 0.373233 0.876545 0.393444 0.896933 0.280186 0.87663 0.259928 0.979705 0.808691 0.952982 0.834831 0.717489 0.834842 0.690803 0.808665 0.97986 0.662317 0.953176 0.63614 0.717683 0.636154 0.690959 0.662291 0.964914 0.794868 0.938502 0.819857 0.950031 0.789053 0.926951 0.809417 0.73199 0.81989 0.74355 0.809458 0.70561 0.794861 0.720506 0.789073 0.705751 0.676112 0.720633 0.681925 0.732162 0.651128 0.743714 0.661563 0.938673 0.65109 0.927114 0.66152 0.965052 0.676118 0.950153 0.681906 0.911704 0.378621 0.89017 0.403851 0.90523 0.376441 0.883425 0.399019 0.882671 0.405399 0.701217 0.405443 0.791944 0.400342 0.693718 0.403896 0.672167 0.378678 0.700459 0.39906 0.67864 0.376497 0.672054 0.274878 0.67853 0.277047 0.693601 0.249653 0.700335 0.254496 0.701211 0.248317 0.791909 0.255218 0.890211 0.249608 0.911767 0.274819 0.883477 0.254453 0.905296 0.276994 0.791942 0.396506 0.686997 0.373282 0.707336 0.393485 0.686893 0.280236 0.707188 0.259968 0.79191 0.260414 0.947333 0.455362 0.918235 0.457418 0.859574 0.488111 0.850133 0.487877 0.843022 0.451294 0.833759 0.451476 0.827582 0.453815 0.798093 0.455899 0.721869 0.449692 0.71248 0.449876 0.494992 0.631388 0.501286 0.612061 0.570674 0.61231 0.66095 0.648611 0.678764 0.62627 0.48221 0.648137 0.462511 0.625473 0.659531 0.416226 0.679239 0.438884 0.482887 0.415721 0.463048 0.438265 0.489444 0.638814 0.471186 0.617816 0.471675 0.445993 0.490061 0.425104 0.652324 0.425565 0.670589 0.44656 0.670134 0.618529 0.653642 0.639259 0.478156 0.611978 0.478609 0.451892 0.49556 0.432577 0.646797 0.433007 0.663636 0.452415 0.663191 0.612643 0.648029 0.631815 0.882601 0.248274 0.640062 0.61256 0.640285 0.532454 0.640508 0.452349 0.726991 0.586675 0.450163 0.957194 0.704607 0.957196 0.474578 0.981376 0.680194 0.981377 0.4731 0.984987 0.446556 0.958717 0.681671 0.984988 0.708215 0.958719 0.473101 0.812018 0.47458 0.815629 0.446558 0.838286 0.450164 0.839809 0.680194 0.81563 0.681672 0.812021 0.704609 0.839811 0.708216 0.838289 0.501512 0.532009 0.570898 0.532232 0.571123 0.452153 0.501738 0.451957</float_array>
                    <technique_common>
                        <accessor count="455" source="#Geometry-mesh001-uvSet1-array" stride="2">
                            <param name="S" type="float" />
                            <param name="T" type="float" />
                        </accessor>
                    </technique_common>
                </source>
                <source id="Geometry-mesh001-UV_Distortion" name="UV_Distortion">
                    <float_array id="Geometry-mesh001-UV_Distortion-array" count="1755">0.382887 0.418782 0.620105 0.382925 0.418824 0.620067 0.382532 0.418394 0.620457 0.382494 0.418353 0.620494 0.382096 0.417918 0.620889 0.381679 0.417462 0.621303 0.381383 0.417138 0.621596 0.381396 0.417152 0.621584 0.383102 0.419017 0.619891 0.382908 0.418805 0.620084 0.382533 0.418395 0.620456 0.38252 0.418381 0.620469 0.3821 0.417922 0.620885 0.382114 0.417937 0.620872 0.381702 0.417486 0.62128 0.38166 0.41744 0.621322 0.381373 0.417126 0.621607 0.383132 0.419051 0.619861 0.383094 0.419009 0.619899 0.473694 0.518103 0.530007 0.461426 0.504684 0.542179 0.473701 0.51811 0.53 0.461426 0.504685 0.542179 0.473687 0.518095 0.530014 0.461463 0.504725 0.542142 0.473693 0.518102 0.530008 0.46144 0.5047 0.542165 0.473672 0.518079 0.530028 0.461415 0.504672 0.54219 0.473671 0.518078 0.53003 0.461433 0.504693 0.542172 0.473688 0.518096 0.530013 0.461441 0.504701 0.542164 0.473665 0.518071 0.530036 0.461453 0.504715 0.542152 0.473698 0.518107 0.530003 0.461446 0.504707 0.542159 0.473678 0.518086 0.530022 0.461416 0.504673 0.542189 0.473675 0.518083 0.530025 0.461411 0.504668 0.542194 0.473663 0.518069 0.530037 0.461432 0.504692 0.542173 0.431506 0.471959 0.571866 0.435255 0.476061 0.568145 0.435126 0.475919 0.568274 0.431588 0.47205 0.571784 0.435257 0.476062 0.568144 0.431616 0.47208 0.571756 0.43525 0.476055 0.56815 0.4316 0.472063 0.571771 0.435196 0.475996 0.568204 0.431575 0.472035 0.571797 0.435155 0.475951 0.568245 0.431624 0.472089 0.571748 0.435264 0.47607 0.568137 0.431503 0.471957 0.571868 0.435135 0.475929 0.568265 0.431471 0.471922 0.5719 0.43513 0.475924 0.568269 0.43163 0.472095 0.571742 0.435249 0.476054 0.568151 0.431527 0.471982 0.571845 0.435227 0.476029 0.568174 0.431504 0.471957 0.571867 0.435135 0.475929 0.568264 0.431596 0.472058 0.571776 0.50732 0.543111 0.496559 0.508721 0.541567 0.495147 0.508689 0.541603 0.49518 0.507236 0.543205 0.496644 0.507358 0.54307 0.496521 0.508753 0.541533 0.495115 0.508753 0.541532 0.495115 0.507389 0.543036 0.49649 0.51976 0.529398 0.484021 0.519782 0.529374 0.483999 0.519737 0.529424 0.484044 0.519784 0.529372 0.483998 0.519762 0.529396 0.48402 0.519759 0.5294 0.484023 0.508481 0.541832 0.495389 0.500944 0.547907 0.50297 0.508636 0.541661 0.495233 0.501129 0.54811 0.502786 0.501098 0.548075 0.502817 0.50861 0.54169 0.495259 0.501214 0.548203 0.502702 0.50852 0.541789 0.49535 0.481711 0.526871 0.522052 0.519673 0.529494 0.484109 0.481695 0.526854 0.522068 0.519667 0.529501 0.484116 0.481685 0.526843 0.522078 0.519652 0.529517 0.48413 0.481675 0.526832 0.522088 0.519707 0.529457 0.484075 0.481712 0.526873 0.522051 0.519725 0.529437 0.484057 0.481731 0.526893 0.522032 0.519706 0.529458 0.484076 0.48173 0.526892 0.522034 0.519678 0.529489 0.484104 0.481693 0.526851 0.522071 0.519648 0.529521 0.484134 0.481688 0.526847 0.522075 0.519664 0.529504 0.484118 0.481688 0.526846 0.522075 0.519696 0.529469 0.484086 0.481701 0.526861 0.522062 0.519717 0.529446 0.484065 0.481733 0.526895 0.522031 0.519704 0.52946 0.484078 0.473404 0.517786 0.530294 0.49826 0.544972 0.505633 0.498204 0.54491 0.505689 0.498274 0.544987 0.505619 0.498121 0.544819 0.505771 0.498217 0.544925 0.505675 0.498117 0.544815 0.505775 0.498213 0.544921 0.505679 0.498084 0.544779 0.505808 0.498214 0.544922 0.505678 0.498176 0.54488 0.505716 0.498252 0.544963 0.50564 0.498186 0.54489 0.505707 0.498264 0.544976 0.505629 0.498192 0.544898 0.5057 0.49827 0.544983 0.505623 0.498137 0.544837 0.505755 0.498242 0.544952 0.50565 0.498113 0.544811 0.505779 0.498223 0.544931 0.505669 0.498136 0.544836 0.505756 0.49824 0.54495 0.505653 0.498162 0.544864 0.50573 0.498255 0.544967 0.505638 0.498182 0.544886 0.505711 0.447512 0.489466 0.555984 0.472786 0.51711 0.530908 0.447961 0.489957 0.555539 0.497182 0.543793 0.506702 0.468356 0.512264 0.535303 0.449078 0.491179 0.554431 0.42903 0.469251 0.574322 0.494849 0.541241 0.509017 0.466182 0.509887 0.53746 0.475348 0.519911 0.528366 0.448362 0.490395 0.555141 0.471845 0.516081 0.531841 0.446716 0.488596 0.556774 0.474028 0.518468 0.529675 0.44838 0.490415 0.555123 0.476636 0.52132 0.527088 0.450697 0.49295 0.552824 0.477627 0.522405 0.526104 0.451972 0.494344 0.551559 0.476099 0.520733 0.527621 0.451539 0.493871 0.551989 0.472961 0.517301 0.530734 0.44963 0.491782 0.553883 0.470582 0.514699 0.533095 0.45378 0.496321 0.549766 0.456981 0.499823 0.546589 0.459337 0.5024 0.544251 0.470577 0.514694 0.533099 0.459337 0.5024 0.544251 0.470548 0.514662 0.533128 0.454197 0.496778 0.549351 0.456336 0.499117 0.54723 0.452533 0.494958 0.551003 0.460118 0.503254 0.543477 0.454264 0.496851 0.549285 0.466723 0.510478 0.536923 0.455489 0.498191 0.54807 0.471895 0.516135 0.531792 0.455781 0.49851 0.54778 0.471382 0.515574 0.532301 0.455259 0.497939 0.548298 0.465174 0.508784 0.53846 0.454426 0.497028 0.549125 0.457227 0.500091 0.546346 0.417818 0.456988 0.585446 0.421062 0.460537 0.582227 0.402704 0.440458 0.600442 0.427416 0.467486 0.575923 0.404264 0.442164 0.598894 0.429792 0.470085 0.573566 0.406353 0.444448 0.596822 0.430714 0.471093 0.572651 0.407585 0.445796 0.595599 0.429271 0.469515 0.574083 0.407136 0.445305 0.596045 0.426438 0.466417 0.576893 0.405433 0.443442 0.597735 0.424197 0.463966 0.579117 0.403486 0.441313 0.599667 0.426001 0.465938 0.577328 0.4036 0.441438 0.599553 0.449688 0.491847 0.553825 0.42271 0.462339 0.580593 0.404465 0.442383 0.598695 0.38659 0.422833 0.61643 0.446382 0.488231 0.557105 0.421356 0.460858 0.581936 0.428234 0.468381 0.575112 0.403972 0.441844 0.599184 0.425408 0.46529 0.577915 0.408018 0.44627 0.595169 0.41482 0.453709 0.588421 0.409537 0.447931 0.593662 0.420835 0.460288 0.582453 0.410685 0.449187 0.592523 0.425576 0.465473 0.577749 0.411006 0.449538 0.592205 0.42506 0.464909 0.578261 0.410519 0.449005 0.592688 0.419302 0.458612 0.583973 0.409737 0.448149 0.593464 0.412221 0.450867 0.591 0.409207 0.44757 0.59399 0.411948 0.450568 0.591271 0.414184 0.453013 0.589052 0.427702 0.4678 0.575639 0.414184 0.453014 0.589052 0.427681 0.467776 0.57566 0.409608 0.448009 0.593592 0.411364 0.44993 0.591849 0.419121 0.458414 0.584153 0.418486 0.457719 0.584784 0.42106 0.460534 0.58223 0.417814 0.456985 0.58545 0.473404 0.517786 0.530294 0.46338 0.506822 0.54024 0.464895 0.508479 0.538737 0.524402 0.524282 0.479343 0.540704 0.506311 0.462913 0.530756 0.517276 0.472938 0.491303 0.537362 0.512536 0.516786 0.532677 0.487019 0.522765 0.526085 0.480992 0.526364 0.522119 0.477366 0.502836 0.548055 0.501079 0.55236 0.493462 0.451165 0.609673 0.430281 0.3934 0.530383 0.517688 0.473315 0.51439 0.535318 0.489434 0.508419 0.5419 0.495452 0.439104 0.48027 0.564326 0.534509 0.51314 0.469156 0.504105 0.546656 0.4998 0.514688 0.53499 0.489134 0.51013 0.540014 0.493727 0.501106 0.548085 0.502809 0.500163 0.547053 0.503744 0.518046 0.531288 0.485749 0.515325 0.534287 0.488491 0.520579 0.528496 0.483196 0.516623 0.532857 0.487183 0.519104 0.530122 0.484683 0.530103 0.517996 0.473597 0.518874 0.530375 0.484915 0.511591 0.538403 0.492254 0.520356 0.528741 0.483421 0.518924 0.53032 0.484864 0.511261 0.538768 0.492588 0.526618 0.521838 0.477109 0.511606 0.538387 0.49224 0.518884 0.530364 0.484904 0.519083 0.530145 0.484704 0.530098 0.518002 0.473602 0.519093 0.530134 0.484694 0.521259 0.527746 0.482511 0.517112 0.532318 0.48669 0.540703 0.506311 0.462913 0.561114 0.483811 0.442342 0.609752 0.430195 0.393321 0.503925 0.546854 0.499981 0.437819 0.478864 0.565602 0.511246 0.538784 0.492603 0.526615 0.521842 0.477112 0.520358 0.528739 0.483419 0.518895 0.530352 0.484893 0.514179 0.535551 0.489646 0.531537 0.516416 0.472152 0.514174 0.535556 0.489651 0.531508 0.516448 0.472181 0.285938 0.312745 0.716296 0.285924 0.312729 0.71631 0.285933 0.312739 0.716301 0.285907 0.312711 0.716326 0.285954 0.312762 0.71628 0.285938 0.312745 0.716296 0.285928 0.312733 0.716306 0.285944 0.312751 0.71629 0.244122 0.267009 0.757785 0.243375 0.266191 0.758527 0.245313 0.268311 0.756603 0.24537 0.268374 0.756547 0.245313 0.268311 0.756604 0.245377 0.268381 0.75654 0.24412 0.267006 0.757788 0.243387 0.266205 0.758514 0.285944 0.312751 0.71629 0.285921 0.312726 0.716313 0.285944 0.312752 0.71629 0.285959 0.312768 0.716275 0.548541 0.497671 0.455013 0.550694 0.495298 0.452844 0.550619 0.495381 0.452919 0.548572 0.497637 0.454983 0.550674 0.49532 0.452864 0.548483 0.497736 0.455072 0.550534 0.495475 0.453006 0.548577 0.497632 0.454978 0.550608 0.495393 0.45293 0.548571 0.497638 0.454984 0.550645 0.495352 0.452893 0.548648 0.497554 0.454906 0.550713 0.495278 0.452825 0.548477 0.497742 0.455079 0.550564 0.495441 0.452975 0.548464 0.497756 0.455091 0.550562 0.495444 0.452977 0.548576 0.497633 0.454979 0.550645 0.495352 0.452893 0.548606 0.4976 0.454949 0.55062 0.49538 0.452919 0.548575 0.497634 0.45498 0.550631 0.495368 0.452908 0.548622 0.497582 0.454932 0.441712 0.483123 0.561738 0.56714 0.477168 0.436268 0.496104 0.542614 0.507772 0.491794 0.537899 0.512048 0.465855 0.509529 0.537785 0.508771 0.541512 0.495097 0.478911 0.523809 0.524831 0.488025 0.533777 0.515788 0.495569 0.542029 0.508302 0.488231 0.534003 0.515583 0.485275 0.53077 0.518516 0.538643 0.508582 0.464989 0.441394 0.482774 0.562055 0.490714 0.536719 0.513119 0.479266 0.524197 0.524479 0.457119 0.499974 0.546453 0.586787 0.455511 0.416467 0.513308 0.53651 0.490524 0.508883 0.541389 0.494984 0.526493 0.521976 0.477235 0.487532 0.533238 0.516277 0.495693 0.542164 0.50818 0.505036 0.54563 0.498862 0.489005 0.53485 0.514815 0.481746 0.52691 0.522017 0.478846 0.523738 0.524895 0.557322 0.487992 0.446164 0.456793 0.499617 0.546776 0.484204 0.529598 0.519579 0.472915 0.517251 0.53078 0.508231 0.542107 0.495641 0.50882 0.541458 0.495048 0.508824 0.541454 0.495044 0.508253 0.542084 0.495619 0.507582 0.542823 0.496296 0.50859 0.541712 0.49528 0.507577 0.542828 0.4963 0.508603 0.541697 0.495266 0.52731 0.521076 0.476412 0.527111 0.521295 0.476612 0.508672 0.541621 0.495196 0.505172 0.545479 0.498724 0.50855 0.541756 0.49532 0.505248 0.545395 0.498647 0.505296 0.545343 0.498599 0.508555 0.54175 0.495315 0.505196 0.545453 0.4987 0.508669 0.541624 0.495199 0.548151 0.498101 0.455407 0.538197 0.509074 0.465439 0.547126 0.499232 0.45644 0.547297 0.499042 0.456267 0.548139 0.498115 0.455419 0.538288 0.508974 0.465348 0.511536 0.538464 0.49231 0.497703 0.544363 0.506185 0.548221 0.498025 0.455337 0.538262 0.509003 0.465374 0.547246 0.499099 0.456319 0.547344 0.498991 0.45622 0.548125 0.49813 0.455433 0.538332 0.508925 0.465303 0.511499 0.538505 0.492347 0.497705 0.544364 0.506184 0.556843 0.48852 0.446647 0.503435 0.547395 0.500475 0.381329 0.417078 0.62165 0.488019 0.533771 0.515794 0.580119 0.462861 0.423187 0.556688 0.488691 0.446803 0.568763 0.475379 0.434632 0.557112 0.488223 0.446375 0.503638 0.547171 0.500271 0.576303 0.467067 0.427033 0.488031 0.533784 0.515782 0.580624 0.462305 0.422679 0.556951 0.4884 0.446537 0.568656 0.475498 0.434741 0.54465 0.50196 0.458935 0.532727 0.515104 0.470952 0.578787 0.46433 0.42453 0.39405 0.430992 0.609029 0.54456 0.50206 0.459026 0.532766 0.515061 0.470913 0.540688 0.506328 0.462928 0.54006 0.50702 0.463561 0.545169 0.501388 0.458412 0.535285 0.512285 0.468374 0.425228 0.465094 0.578094 0.588272 0.453873 0.41497 0.545103 0.501461 0.458479 0.535397 0.51216 0.468261 0.540652 0.506368 0.462965 0.540078 0.507001 0.463544 0.527069 0.521342 0.476655 0.527303 0.521083 0.476419 0.517761 0.531602 0.486036 0.513227 0.5366 0.490606 0.419904 0.45927 0.583376 0.417867 0.457042 0.585398 0.426762 0.46677 0.576573 0.426778 0.466789 0.576556 0.466999 0.51078 0.536649 0.463549 0.507007 0.540073 0.464084 0.507592 0.539542 0.464078 0.507585 0.539548 0.463535 0.506992 0.540086 0.466988 0.510768 0.536661 0.490754 0.536762 0.51308 0.496762 0.543333 0.507119 0.474212 0.518669 0.529493 0.479981 0.524979 0.523769 0.487289 0.532972 0.516518 0.494921 0.54132 0.508946 0.498821 0.545586 0.505076 0.501422 0.54843 0.502496 0.487965 0.533711 0.515848 0.478598 0.523467 0.525141 0.480824 0.525901 0.522932 0.488343 0.534125 0.515472 0.516139 0.53339 0.487671 0.518749 0.530513 0.48504 0.481491 0.526631 0.522271 0.472239 0.516511 0.531451 0.479289 0.524223 0.524455 0.508896 0.541374 0.494971 0.471065 0.515228 0.532615 0.495611 0.542074 0.508261 0.48489 0.530349 0.518898 0.52652 0.521947 0.477209 0.529452 0.518714 0.474253 0.531324 0.516651 0.472367 0.536811 0.510602 0.466836 0.536834 0.510576 0.466813 0.52794 0.520381 0.475777 0.533406 0.514356 0.470269 0.528078 0.520229 0.475638 0.533511 0.514239 0.470162 0.534942 0.512662 0.46872 0.536818 0.510594 0.466829 0.528031 0.520281 0.475685 0.533443 0.514315 0.470231 0.531402 0.516564 0.472287 0.52972 0.518419 0.473983 0.529442 0.518726 0.474264 0.529651 0.518495 0.474052 0.519514 0.52967 0.48427 0.51683 0.532629 0.486975 0.520412 0.52868 0.483364 0.520885 0.528159 0.482888 0.519615 0.529558 0.484167 0.516882 0.532571 0.486923 0.519926 0.529215 0.483854 0.519473 0.529715 0.484311 0.519696 0.529469 0.484086 0.516952 0.532494 0.486852 0.520304 0.528798 0.483473 0.520589 0.528485 0.483186 0.519798 0.529356 0.483983 0.516262 0.533255 0.487547 0.520186 0.528929 0.483592 0.519374 0.529824 0.484411 0.516206 0.533316 0.487603 0.518074 0.531257 0.485721 0.524485 0.52419 0.479259 0.524111 0.524602 0.479637 0.516288 0.533226 0.487521 0.517961 0.531381 0.485834 0.521768 0.527185 0.481998 0.522115 0.526803 0.481648 0.516302 0.533211 0.487507 0.518114 0.531213 0.485681 0.523383 0.525405 0.48037 0.524663 0.523993 0.479079 0.516637 0.532841 0.487169 0.517587 0.531794 0.486212 0.522278 0.526622 0.481483 0.522187 0.526723 0.481576 0.576322 0.467047 0.427014 0.40844 0.446731 0.594751 0.567979 0.476244 0.435423 0.568119 0.47609 0.435282 0.394042 0.430983 0.609037 0.578944 0.464156 0.424371 0.51322 0.536607 0.490612 0.517755 0.531608 0.486042 0.588249 0.453899 0.414993 0.425224 0.465089 0.578098 0.52131 0.52769 0.48246 0.531236 0.516748 0.472456 0.489036 0.534884 0.514784 0.47846 0.523316 0.525278 0.482131 0.527331 0.521636 0.526364 0.522118 0.477365 0.472928 0.517265 0.530767 0.520224 0.528887 0.483554 0.520277 0.528828 0.4835 0.534674 0.512958 0.46899 0.528235 0.520056 0.475479 0.532348 0.515522 0.471334 0.533219 0.514562 0.470457 0.529327 0.518853 0.474379 0.533524 0.514225 0.470149 0.520282 0.528823 0.483495 0.524716 0.523935 0.479027 0.539543 0.50759 0.464083 0.53906 0.508122 0.464569 0.520282 0.528823 0.483496 0.524947 0.52368 0.478793 0.539165 0.508007 0.464463 0.539496 0.507642 0.46413 0.520304 0.528799 0.483474 0.52487 0.523765 0.478871 0.520299 0.528804 0.483478 0.524811 0.523831 0.478931 0.529215 0.518976 0.474492 0.533558 0.514188 0.470115 0.533215 0.514567 0.470461 0.532419 0.515444 0.471263 0.534741 0.512884 0.468922 0.528293 0.519992 0.475421 0.531987 0.51592 0.471698 0.53382 0.513899 0.469851 0.535721 0.511804 0.467935 0.533753 0.513974 0.469919 0.533816 0.513903 0.469854 0.532076 0.515821 0.471608 0.533762 0.513963 0.469909 0.535661 0.51187 0.467995 0.51833 0.530975 0.485463 0.518328 0.530977 0.485465 0.520239 0.52887 0.483538 0.52029 0.528814 0.483487 0.511792 0.538182 0.492052 0.561333 0.48357 0.442121 0.529957 0.518157 0.473744 0.56098 0.483959 0.442477 0.5265 0.521969 0.477229 0.531222 0.516763 0.472469 0.521317 0.527682 0.482452 0.531202 0.516785 0.472489 0.526189 0.522311 0.477542 0.511948 0.53801 0.491895 0.526532 0.521933 0.477196 0.511962 0.537995 0.491881 0.521325 0.527674 0.482445 0.511788 0.538186 0.492056 0.54547 0.501057 0.458109 0.521321 0.527678 0.482449 0.545469 0.501058 0.45811 0.511967 0.537989 0.491876 0.511957 0.538 0.491886 0.511789 0.538186 0.492056 0.511787 0.538188 0.492057</float_array>
                    <technique_common>
                        <accessor count="585" source="#Geometry-mesh001-UV_Distortion-array" stride="3">
                            <param name="R" type="float" />
                            <param name="G" type="float" />
                            <param name="B" type="float" />
                        </accessor>
                    </technique_common>
                </source>
                <vertices id="Geometry-mesh001-vertices">
                    <input semantic="POSITION" source="#Geometry-mesh001-positions" />
                </vertices>
                <triangles count="590" material="Material-interactables">
                    <input semantic="VERTEX" source="#Geometry-mesh001-vertices" offset="0" />
                    <input semantic="NORMAL" source="#Geometry-mesh001-normals" offset="1" />
                    <input semantic="TEXCOORD" source="#Geometry-mesh001-old_uvs" offset="2" set="0" />
                    <input semantic="TEXCOORD" source="#Geometry-mesh001-uvSet1" offset="3" set="1" />
                    <input semantic="COLOR" source="#Geometry-mesh001-UV_Distortion" offset="4" set="0" />
                    <p>0 0 0 0 0 1 1 1 1 0 25 2 2 2 0 25 2 2 2 1 1 1 1 1 1 27 3 3 3 1 1 1 1 1 2 2 4 4 4 2 27 3 3 3 2 27 3 3 3 3 2 4 4 4 3 29 5 5 5 3 2 4 4 4 4 3 6 6 6 4 29 5 5 5 4 29 5 5 5 4 3 6 6 6 4 31 7 7 7 4 3 6 6 6 5 4 8 8 8 5 31 7 7 7 5 31 7 7 7 5 4 8 8 8 5 33 9 9 9 5 4 8 8 8 6 5 10 10 10 6 33 9 9 9 6 33 9 9 9 7 5 10 10 10 7 35 11 11 11 7 5 10 12 12 8 6 12 13 13 8 35 11 14 14 8 35 11 14 14 8 6 12 13 13 8 37 13 2 15 8 6 12 13 13 9 7 14 1 16 9 37 13 2 15 9 37 13 2 15 9 7 14 1 16 9 39 15 3 17 9 7 14 1 16 10 8 16 15 18 10 39 15 3 17 10 39 15 3 17 11 8 16 15 18 11 41 17 5 19 11 8 16 15 18 12 9 18 16 20 12 41 17 5 19 12 41 17 5 19 13 9 18 16 20 13 43 19 7 21 13 9 18 16 20 14 10 20 8 22 14 43 19 7 21 14 43 19 7 21 15 10 20 8 22 15 45 21 9 23 15 10 20 8 22 16 11 22 17 24 16 45 21 9 23 16 45 21 9 23 16 11 22 17 24 16 47 23 11 25 16 11 22 18 26 17 0 0 0 0 17 47 23 19 27 17 47 23 19 27 18 0 0 0 0 18 25 2 2 2 18 46 24 20 28 19 24 24 21 29 19 12 24 22 30 19 12 24 22 30 20 24 24 21 29 20 13 24 23 31 20 24 24 21 29 21 26 24 24 32 21 13 24 23 31 21 13 24 23 31 22 26 24 24 32 22 14 24 25 33 22 26 24 24 32 23 28 24 26 34 23 14 24 25 33 23 14 24 25 33 24 28 24 26 34 24 15 24 27 35 24 28 24 26 34 25 30 24 28 36 25 15 24 27 35 25 15 24 27 35 26 30 24 28 36 26 16 24 29 37 26 30 24 28 36 27 32 24 30 38 27 16 24 29 37 27 16 24 29 37 28 32 24 30 38 28 17 24 31 39 28 32 24 30 38 29 34 24 32 40 29 17 24 31 39 29 17 24 31 39 30 34 24 32 40 30 18 24 33 41 30 34 24 32 40 31 36 24 34 42 31 18 24 33 41 31 18 24 33 41 32 36 24 34 42 32 19 24 35 43 32 36 24 34 42 33 38 24 36 44 33 19 24 35 43 33 19 24 35 43 34 38 24 36 44 34 20 24 37 45 34 38 24 36 44 35 40 24 38 46 35 20 24 37 45 35 20 24 37 45 36 40 24 38 46 36 21 24 39 47 36 40 24 38 46 37 42 24 40 48 37 21 24 39 47 37 21 24 39 47 38 42 24 40 48 38 22 24 41 49 38 42 24 40 48 39 44 24 42 50 39 22 24 41 49 39 22 24 41 49 40 44 24 42 50 40 23 24 43 51 40 44 24 42 50 41 46 24 20 28 41 23 24 43 51 41 23 24 43 51 42 46 24 20 28 42 12 24 22 30 42 25 25 44 52 43 24 26 21 29 43 47 27 45 53 43 47 27 45 53 44 24 26 21 29 44 46 28 20 28 44 24 26 21 29 45 25 25 44 52 45 26 29 24 32 45 26 29 24 32 46 25 25 44 52 46 27 30 46 54 46 26 29 24 32 47 27 30 46 54 47 28 31 26 34 47 28 31 26 34 48 27 30 46 54 48 29 32 47 55 48 28 31 26 34 49 29 32 47 55 49 30 33 28 36 49 30 33 28 36 50 29 32 47 55 50 31 34 48 56 50 30 33 28 36 51 31 34 48 56 51 32 35 30 38 51 32 35 30 38 52 31 34 48 56 52 33 36 49 57 52 32 35 30 38 53 33 36 49 57 53 34 37 32 40 53 34 37 32 40 54 33 36 49 57 54 35 38 50 58 54 34 37 32 40 55 35 38 50 58 55 36 39 34 42 55 36 39 34 42 56 35 38 50 58 56 37 40 51 59 56 36 39 34 42 57 37 40 51 59 57 38 41 36 44 57 38 41 36 44 58 37 40 51 59 58 39 42 52 60 58 38 41 36 44 59 39 42 52 60 59 40 43 38 46 59 40 43 38 46 60 39 42 52 60 60 41 44 53 61 60 40 43 38 46 61 41 44 53 61 61 42 45 40 48 61 42 45 40 48 62 41 44 53 61 62 43 46 54 62 62 42 45 40 48 63 43 46 54 62 63 44 47 42 50 63 44 47 42 50 64 43 46 54 62 64 45 48 55 63 64 44 47 42 50 65 45 48 55 63 65 46 28 20 28 65 46 28 20 28 66 45 48 55 63 66 47 27 45 53 66 249 49 56 64 67 247 49 57 65 67 51 49 58 66 67 51 49 58 66 68 247 49 57 65 68 49 49 59 67 68 53 50 60 68 69 251 50 61 69 69 55 50 62 70 69 55 50 62 70 70 251 50 61 69 70 253 50 63 71 70 255 51 64 72 71 50 51 65 73 71 257 51 66 74 71 257 51 66 74 72 50 51 65 73 72 54 51 67 75 72 48 52 68 76 73 259 52 69 77 73 52 53 70 78 73 52 53 70 78 74 259 52 69 77 74 261 53 71 79 74 52 54 72 80 75 53 54 73 81 75 48 54 74 82 75 50 54 75 83 76 51 54 76 84 76 54 54 77 85 76 48 54 74 82 77 53 54 73 81 77 49 54 78 86 77 54 54 77 85 78 51 54 76 84 78 55 54 79 87 78 51 54 76 84 79 49 54 78 86 79 55 54 79 87 79 49 54 78 86 80 53 54 73 81 80 55 54 79 87 80 48 52 80 88 81 49 55 81 89 81 259 52 69 77 81 259 52 69 77 82 49 55 81 89 82 247 55 57 65 82 51 56 82 90 83 50 56 83 91 83 249 56 56 64 83 249 56 56 64 84 50 56 83 91 84 255 56 64 72 84 261 57 71 79 85 251 57 61 69 85 52 57 84 92 85 52 57 84 92 86 251 57 61 69 86 53 57 85 93 86 253 58 63 71 87 257 58 66 74 87 55 58 86 94 87 55 58 86 94 88 257 58 66 74 88 54 58 87 95 88 56 59 88 96 89 57 60 89 97 89 169 61 90 98 89 169 61 90 98 90 57 60 89 97 90 171 62 91 99 90 57 60 89 97 91 58 63 92 100 91 171 62 91 99 91 171 62 91 99 92 58 63 92 100 92 173 64 93 101 92 58 63 92 100 93 59 65 94 102 93 173 64 93 101 93 173 64 93 101 94 59 65 94 102 94 175 66 95 103 94 59 65 94 102 95 60 67 96 104 95 175 66 95 103 95 175 66 95 103 96 60 67 96 104 96 177 68 97 105 96 60 67 96 104 97 61 69 98 106 97 177 68 97 105 97 177 68 97 105 98 61 69 98 106 98 179 70 99 107 98 61 69 98 106 99 62 71 100 108 99 179 70 99 107 99 179 70 99 107 100 62 71 100 108 100 181 72 101 109 100 62 71 100 108 101 63 73 102 110 101 181 72 101 109 101 181 72 101 109 102 63 73 102 110 102 183 74 103 111 102 63 73 102 110 103 64 75 104 112 103 183 74 103 111 103 183 74 103 111 104 64 75 104 112 104 185 76 105 113 104 64 75 104 112 105 65 77 106 114 105 185 76 105 113 105 185 76 105 113 106 65 77 106 114 106 187 78 107 115 106 65 77 106 114 107 66 79 108 116 107 187 78 107 115 107 187 78 107 115 108 66 79 108 116 108 189 80 109 117 108 66 79 108 116 109 67 81 110 118 109 189 80 109 117 109 189 80 109 117 110 67 81 110 118 110 191 82 111 119 110 67 81 110 118 111 56 59 88 96 111 191 82 111 119 111 191 82 111 119 112 56 59 88 96 112 169 61 90 98 112 92 83 112 120 113 93 84 113 121 113 103 85 114 122 113 190 86 115 123 114 168 87 116 124 114 68 88 117 125 114 68 88 117 125 115 168 87 116 124 115 69 89 118 126 115 168 87 116 124 116 170 90 119 127 116 69 89 118 126 116 69 89 118 126 117 170 90 119 127 117 70 91 120 128 117 170 90 119 127 118 172 92 121 129 118 70 91 120 128 118 70 91 120 128 119 172 92 121 129 119 71 93 122 130 119 172 92 121 129 120 174 94 123 131 120 71 93 122 130 120 71 93 122 130 121 174 94 123 131 121 72 95 124 132 121 174 94 123 131 122 176 96 125 133 122 72 95 124 132 122 72 95 124 132 123 176 96 125 133 123 73 97 126 134 123 176 96 125 133 124 178 98 127 135 124 73 97 126 134 124 73 97 126 134 125 178 98 127 135 125 74 99 128 136 125 178 98 127 135 126 180 100 129 137 126 74 99 128 136 126 74 99 128 136 127 180 100 129 137 127 75 101 130 138 127 180 100 129 137 128 182 102 131 139 128 75 101 130 138 128 75 101 130 138 129 182 102 131 139 129 76 103 132 140 129 182 102 131 139 130 184 104 133 141 130 76 103 132 140 130 76 103 132 140 131 184 104 133 141 131 77 105 134 142 131 184 104 133 141 132 186 106 135 143 132 77 105 134 142 132 77 105 134 142 133 186 106 135 143 133 78 107 136 144 133 186 106 135 143 134 188 108 137 145 134 78 107 136 144 134 78 107 136 144 135 188 108 137 145 135 79 109 138 146 135 188 108 137 145 136 190 86 115 123 136 79 109 138 146 136 79 109 138 146 137 190 86 115 123 137 68 88 117 125 137 68 110 139 147 138 69 111 140 148 138 80 112 141 149 138 80 112 141 149 139 69 111 140 148 139 81 113 142 150 139 69 111 140 148 140 70 114 143 151 140 81 113 142 150 140 81 113 142 150 141 70 114 143 151 141 82 115 144 152 141 70 114 143 151 142 71 116 145 153 142 82 115 144 152 142 82 115 144 152 143 71 116 145 153 143 83 117 146 154 143 71 116 145 153 144 72 118 147 155 144 83 117 146 154 144 83 117 146 154 145 72 118 147 155 145 84 119 148 156 145 72 118 147 155 146 73 120 149 157 146 84 119 148 156 146 84 119 148 156 147 73 120 149 157 147 85 121 150 158 147 73 120 149 157 148 74 122 151 159 148 85 121 150 158 148 85 121 150 158 149 74 122 151 159 149 86 123 152 160 149 74 122 151 159 150 75 124 153 161 150 86 123 152 160 150 86 123 152 160 151 75 124 153 161 151 87 125 154 162 151 75 124 153 161 152 76 126 155 163 152 87 125 154 162 152 87 125 154 162 153 76 126 155 163 153 88 127 156 164 153 76 126 155 163 154 77 128 157 165 154 88 127 156 164 154 88 127 156 164 155 77 128 157 165 155 89 129 158 166 155 77 128 157 165 156 78 130 159 167 156 89 129 158 166 156 89 129 158 166 157 78 130 159 167 157 90 131 160 168 157 78 130 159 167 158 79 132 161 169 158 90 131 160 168 158 90 131 160 168 159 79 132 161 169 159 91 133 162 170 159 79 132 161 169 160 68 110 139 147 160 91 133 162 170 160 91 133 162 170 161 68 110 139 147 161 80 112 141 149 161 80 134 141 149 162 81 135 142 150 162 92 83 112 120 162 92 83 112 120 163 81 135 142 150 163 93 84 113 121 163 81 135 142 150 164 82 136 144 152 164 93 84 113 121 164 93 84 113 121 165 82 136 144 152 165 94 137 163 171 165 85 138 150 158 166 97 139 164 172 166 84 140 148 156 166 84 140 148 156 167 97 139 164 172 167 96 141 165 173 167 85 138 150 158 168 86 142 152 160 168 97 139 164 172 168 97 139 164 172 169 86 142 152 160 169 98 143 166 174 169 86 142 152 160 170 87 144 154 162 170 98 143 166 174 170 98 143 166 174 171 87 144 154 162 171 99 145 167 175 171 87 144 154 162 172 88 146 156 164 172 99 145 167 175 172 99 145 167 175 173 88 146 156 164 173 100 147 168 176 173 88 146 156 164 174 89 148 158 166 174 100 147 168 176 174 100 147 168 176 175 89 148 158 166 175 101 149 169 177 175 89 148 158 166 176 90 150 160 168 176 101 149 169 177 176 101 149 169 177 177 90 150 160 168 177 102 151 170 178 177 90 150 160 168 178 91 152 162 170 178 102 151 170 178 178 102 151 170 178 179 91 152 162 170 179 103 85 114 122 179 91 152 162 170 180 80 134 141 149 180 103 85 114 122 180 103 85 114 122 181 80 134 141 149 181 92 83 112 120 181 136 24 171 179 182 132 153 172 180 182 135 154 173 181 182 135 154 173 181 183 132 153 172 180 183 133 155 174 182 183 104 156 175 183 184 105 157 176 184 184 116 158 177 185 184 116 158 177 185 185 105 157 176 184 185 117 159 178 186 185 105 157 176 184 186 106 160 179 187 186 117 159 178 186 186 117 159 178 186 187 106 160 179 187 187 118 161 180 188 187 106 160 179 187 188 107 162 181 189 188 118 161 180 188 188 118 161 180 188 189 107 162 181 189 189 119 163 182 190 189 107 162 181 189 190 108 164 183 191 190 119 163 182 190 190 119 163 182 190 191 108 164 183 191 191 120 165 184 192 191 108 164 183 191 192 109 166 185 193 192 120 165 184 192 192 120 165 184 192 193 109 166 185 193 193 121 167 186 194 193 109 166 185 193 194 110 168 187 195 194 121 167 186 194 194 121 167 186 194 195 110 168 187 195 195 122 169 188 196 195 110 168 187 195 196 111 170 189 197 196 122 169 188 196 196 122 169 188 196 197 111 170 189 197 197 123 171 190 198 197 111 170 189 197 198 112 172 191 199 198 123 171 190 198 198 123 171 190 198 199 112 172 191 199 199 124 173 192 200 199 112 172 191 199 200 113 174 193 201 200 124 173 192 200 200 124 173 192 200 201 113 174 193 201 201 125 175 194 202 201 113 174 193 201 202 114 176 195 203 202 125 175 194 202 202 125 175 194 202 203 114 176 195 203 203 126 177 196 204 203 114 176 195 203 204 115 178 197 205 204 126 177 196 204 204 126 177 196 204 205 115 178 197 205 205 127 179 198 206 205 115 178 197 205 206 104 156 175 183 206 127 179 198 206 206 127 179 198 206 207 104 156 175 183 207 116 158 177 185 207 116 180 177 185 208 117 181 178 186 208 128 182 199 207 208 128 182 199 207 209 117 181 178 186 209 129 183 200 208 209 117 181 178 186 210 118 184 180 188 210 129 183 200 208 210 129 183 200 208 211 118 184 180 188 211 130 185 201 209 211 118 184 180 188 212 119 186 182 190 212 130 185 201 209 212 130 185 201 209 213 119 186 182 190 213 131 187 202 210 213 119 186 182 190 214 120 188 184 192 214 131 187 202 210 214 131 187 202 210 215 120 188 184 192 215 132 153 172 180 215 120 188 184 192 216 121 189 186 194 216 132 153 172 180 216 132 153 172 180 217 121 189 186 194 217 133 155 174 182 217 121 189 186 194 218 122 190 188 196 218 133 155 174 182 218 133 155 174 182 219 122 190 188 196 219 134 191 203 211 219 122 190 188 196 220 123 192 190 198 220 134 191 203 211 220 134 191 203 211 221 123 192 190 198 221 135 193 173 181 221 123 192 190 198 222 124 194 192 200 222 135 193 173 181 222 135 195 173 181 223 124 194 192 200 223 136 196 171 179 223 127 197 198 206 224 139 198 204 212 224 126 199 196 204 224 126 199 196 204 225 139 198 204 212 225 138 200 205 213 225 127 197 198 206 226 116 180 177 185 226 139 198 204 212 226 139 198 204 212 227 116 180 177 185 227 128 182 199 207 227 137 24 206 214 228 131 187 202 210 228 136 24 171 179 228 136 24 171 179 229 131 187 202 210 229 132 153 172 180 229 129 183 200 208 230 130 185 201 209 230 139 198 204 212 230 139 198 204 212 231 130 185 201 209 231 138 24 205 213 231 99 145 167 175 232 97 139 164 172 232 98 143 166 174 232 101 149 169 177 233 95 54 207 215 233 100 147 168 176 233 100 147 168 176 234 95 54 207 215 234 96 141 165 173 234 82 115 208 216 235 83 117 209 217 235 160 201 210 218 235 160 201 210 218 236 83 117 209 217 236 148 202 211 219 236 82 203 208 216 237 140 204 212 220 237 94 205 213 221 237 94 205 213 221 238 140 204 212 220 238 141 206 214 222 238 84 119 215 223 239 142 207 216 224 239 161 208 217 225 239 161 208 217 225 240 142 207 216 224 240 153 209 218 226 240 84 210 219 227 241 96 211 220 228 241 142 212 221 229 241 142 212 221 229 242 96 211 220 228 242 143 213 222 230 242 124 173 223 231 243 125 175 224 232 243 163 214 225 233 243 163 214 225 233 244 125 175 224 232 244 151 215 226 234 244 124 216 227 235 245 144 217 228 236 245 136 218 229 237 245 136 218 229 237 246 144 217 228 236 246 145 219 230 238 246 126 177 231 239 247 146 220 232 240 247 162 221 233 241 247 162 221 233 241 248 146 220 232 240 248 150 222 234 242 248 126 223 231 239 249 138 224 235 243 249 146 225 232 240 249 146 225 232 240 250 138 224 235 243 250 147 226 236 244 250 144 217 228 236 251 142 212 221 229 251 145 219 230 238 251 145 219 230 238 252 142 212 221 229 252 143 213 222 230 252 141 206 214 222 253 140 204 212 220 253 147 226 236 244 253 147 226 236 244 254 140 204 212 220 254 146 225 232 240 254 146 220 232 240 255 140 227 212 220 255 150 222 234 242 255 150 222 234 242 256 140 227 212 220 256 149 228 237 245 256 153 209 218 226 257 142 207 216 224 257 152 229 238 246 257 152 229 238 246 258 142 207 216 224 258 144 230 239 247 258 94 231 213 221 259 167 232 240 248 259 95 233 241 249 259 95 233 241 249 260 167 232 240 248 260 154 234 242 250 260 156 235 243 251 261 155 236 244 252 261 147 237 236 244 261 147 237 236 244 262 155 236 244 252 262 141 238 214 222 262 138 239 235 243 263 137 240 245 253 263 164 241 246 254 263 164 241 246 254 264 137 240 245 253 264 157 242 247 255 264 136 243 229 237 265 145 244 230 238 265 165 245 248 256 265 165 245 248 256 266 145 246 230 238 266 158 247 249 257 266 143 248 222 230 267 159 249 250 258 267 145 250 230 238 267 145 250 230 238 268 159 249 250 258 268 158 251 249 257 268 96 252 220 228 269 95 233 241 249 269 166 253 251 259 269 166 253 251 259 270 95 233 241 249 270 154 234 242 250 270 82 115 208 216 271 160 201 210 218 271 140 227 212 220 271 140 227 212 220 272 160 201 210 218 272 149 228 237 245 272 84 119 215 223 273 161 208 217 225 273 83 117 209 217 273 83 117 209 217 274 161 208 217 225 274 148 202 211 219 274 126 177 231 239 275 162 221 233 241 275 125 175 224 232 275 125 175 224 232 276 162 221 233 241 276 151 215 226 234 276 124 173 223 231 277 163 214 225 233 277 144 230 239 247 277 144 230 239 247 278 163 214 225 233 278 152 229 238 246 278 138 239 235 243 279 164 241 246 254 279 147 254 236 244 279 147 255 236 244 280 164 241 246 254 280 156 256 243 251 280 136 243 229 237 281 165 245 248 256 281 137 240 245 253 281 137 240 245 253 282 165 245 248 256 282 157 242 247 255 282 96 252 220 228 283 166 253 251 259 283 143 248 222 230 283 143 248 222 230 284 166 253 251 259 284 159 249 250 258 284 94 231 213 221 285 141 238 214 222 285 167 232 240 248 285 167 232 240 248 286 141 238 214 222 286 155 236 244 252 286 161 257 252 260 287 166 258 253 261 287 148 259 254 262 287 148 259 254 262 288 166 258 253 261 288 154 260 255 263 288 160 261 256 264 289 148 262 257 265 289 167 263 253 266 289 167 263 253 266 290 148 262 257 265 290 154 264 255 267 290 153 265 258 268 291 159 266 259 269 291 161 257 252 260 291 161 257 252 260 292 159 266 259 269 292 166 258 253 261 292 152 267 260 270 293 158 268 261 271 293 153 265 258 268 293 153 265 258 268 294 158 268 261 271 294 159 266 259 269 294 152 267 260 270 295 163 269 262 272 295 158 268 261 271 295 158 268 261 271 296 163 269 262 272 296 165 270 263 273 296 157 271 264 274 297 165 270 263 273 297 151 272 265 275 297 151 272 265 275 298 165 270 263 273 298 163 269 262 272 298 157 273 266 276 299 151 274 267 277 299 164 275 263 278 299 164 275 263 278 300 151 274 267 277 300 162 276 268 279 300 150 277 260 280 301 156 278 269 281 301 162 276 268 279 301 162 276 268 279 302 156 278 269 281 302 164 275 263 278 302 155 279 270 282 303 156 278 269 281 303 149 280 271 283 303 149 280 271 283 304 156 278 269 281 304 150 277 260 280 304 167 263 253 266 305 155 279 270 282 305 160 261 256 264 305 160 261 256 264 306 155 279 270 282 306 149 280 271 283 306 169 281 90 98 307 168 282 116 124 307 191 283 111 119 307 191 283 111 119 308 168 282 116 124 308 190 284 115 123 308 168 282 116 124 309 169 281 90 98 309 170 285 119 127 309 170 285 119 127 310 169 281 90 98 310 171 286 91 99 310 170 285 119 127 311 171 286 91 99 311 172 287 121 129 311 172 287 121 129 312 171 286 91 99 312 173 288 93 101 312 172 287 121 129 313 173 288 93 101 313 174 289 123 131 313 174 289 123 131 314 173 288 93 101 314 175 290 95 103 314 174 289 123 131 315 175 290 95 103 315 176 291 125 133 315 176 291 125 133 316 175 290 95 103 316 177 292 97 105 316 176 291 125 133 317 177 292 97 105 317 178 293 127 135 317 178 293 127 135 318 177 292 97 105 318 179 294 99 107 318 178 293 127 135 319 179 294 99 107 319 180 295 129 137 319 180 295 129 137 320 179 294 99 107 320 181 296 101 109 320 180 295 129 137 321 181 296 101 109 321 182 297 131 139 321 182 297 131 139 322 181 296 101 109 322 183 298 103 111 322 182 297 131 139 323 183 298 103 111 323 184 299 133 141 323 184 299 133 141 324 183 298 103 111 324 185 300 105 113 324 184 299 133 141 325 185 300 105 113 325 186 301 135 143 325 186 301 135 143 326 185 300 105 113 326 187 302 107 115 326 186 301 135 143 327 187 302 107 115 327 188 303 137 145 327 188 303 137 145 328 187 302 107 115 328 189 304 109 117 328 188 303 137 145 329 189 304 109 117 329 190 284 115 123 329 190 284 115 123 330 189 304 109 117 330 191 283 111 119 330 200 305 272 284 331 201 306 273 285 331 194 307 274 286 331 194 307 274 286 332 201 306 273 285 332 195 307 275 287 332 194 24 274 286 333 195 24 276 288 333 196 24 277 289 333 196 24 277 289 334 195 24 276 288 334 197 24 278 290 334 196 308 277 289 335 197 308 279 291 335 245 309 280 292 335 245 309 280 292 336 197 308 279 291 336 244 310 281 293 336 198 54 282 294 337 199 54 283 295 337 192 311 284 296 337 192 311 284 296 338 199 54 283 295 338 193 312 285 297 338 201 51 273 285 339 197 51 286 298 339 195 51 275 287 339 196 53 277 289 340 200 53 272 284 340 194 53 274 286 340 245 53 280 292 341 200 53 272 284 341 196 53 277 289 341 238 313 287 299 342 239 313 288 300 342 200 305 272 284 342 200 305 272 284 343 239 313 288 300 343 201 306 273 285 343 239 51 288 300 344 240 51 289 301 344 201 51 273 285 344 201 51 273 285 345 240 51 289 301 345 244 51 290 302 345 210 305 272 303 346 211 314 273 304 346 204 307 274 305 346 204 307 274 305 347 211 314 273 304 347 205 307 275 306 347 204 24 274 305 348 205 24 276 307 348 206 24 291 308 348 206 24 291 308 349 205 24 276 307 349 207 24 292 309 349 282 309 293 310 350 283 310 281 311 350 243 315 294 312 350 243 315 294 312 351 283 310 281 311 351 242 316 295 313 351 208 54 296 314 352 209 54 283 315 352 202 317 297 316 352 202 317 297 316 353 209 54 283 315 353 203 318 285 317 353 211 51 273 304 354 207 51 298 318 354 205 51 275 306 354 206 53 291 308 355 210 53 272 303 355 204 53 274 305 355 282 53 293 310 356 210 53 272 303 356 206 53 291 308 356 236 319 287 319 357 237 319 299 320 357 210 305 272 303 357 210 305 272 303 358 237 319 299 320 358 211 314 273 304 358 237 51 299 320 359 242 51 289 321 359 211 51 273 304 359 211 51 273 304 360 242 51 289 321 360 283 51 300 322 360 291 320 301 323 361 289 320 302 324 361 287 320 303 325 361 287 320 303 325 362 289 320 302 324 362 285 320 304 326 362 299 321 305 327 363 297 321 306 328 363 295 321 307 329 363 295 321 307 329 364 297 321 306 328 364 293 321 308 330 364 307 51 309 331 365 305 51 310 332 365 303 51 311 333 365 303 51 311 333 366 305 51 310 332 366 301 51 312 334 366 313 53 313 335 367 315 53 314 336 367 309 53 315 337 367 309 53 315 337 368 315 53 314 336 368 311 53 316 338 368 229 322 317 339 369 228 323 318 340 369 235 324 319 341 369 235 324 319 341 370 228 323 318 340 370 234 325 320 342 370 309 326 321 343 371 285 327 322 344 371 313 327 313 335 371 313 327 313 335 372 285 327 322 344 372 289 328 302 324 372 287 329 323 345 373 301 330 324 346 373 291 330 301 323 373 291 330 301 323 374 301 330 324 346 374 305 331 310 332 374 315 332 314 336 375 293 333 308 330 375 311 333 325 347 375 311 333 325 347 376 293 333 308 330 376 297 334 326 348 376 295 335 307 329 377 307 336 309 331 377 299 336 327 349 377 299 336 327 349 378 307 336 309 331 378 303 337 328 350 378 312 338 329 351 379 288 339 330 352 379 213 340 331 353 379 213 340 331 353 380 288 339 330 352 380 212 341 332 354 380 288 339 330 352 381 290 342 333 355 381 212 341 332 354 381 212 341 332 354 382 290 342 333 355 382 214 343 334 356 382 304 344 335 357 383 215 345 336 358 383 290 342 333 355 383 290 342 333 355 384 215 345 336 358 384 214 343 334 356 384 304 344 335 357 385 306 346 337 359 385 215 345 336 358 385 215 345 336 358 386 306 346 337 359 386 216 347 338 360 386 306 346 337 359 387 294 348 339 361 387 216 347 338 360 387 216 347 338 360 388 294 348 339 361 388 217 349 340 362 388 294 348 339 361 389 292 350 341 363 389 217 349 340 362 389 217 349 340 362 390 292 350 341 363 390 218 351 342 364 390 314 352 343 365 391 219 353 344 366 391 292 350 341 363 391 292 350 341 363 392 219 353 344 366 392 218 351 342 364 392 314 352 343 365 393 312 338 329 351 393 219 353 344 366 393 219 353 344 366 394 312 338 329 351 394 213 340 331 353 394 213 354 345 367 395 212 355 346 368 395 221 355 347 369 395 221 355 347 369 396 212 355 346 368 396 220 355 348 370 396 212 356 349 371 397 214 357 350 372 397 279 358 351 373 397 214 359 352 374 398 215 360 353 375 398 222 360 354 376 398 222 360 354 376 399 215 360 353 375 399 223 361 355 377 399 215 51 353 375 400 216 51 356 378 400 223 51 355 377 400 223 51 355 377 401 216 51 356 378 401 224 51 357 379 401 216 362 356 378 402 217 363 358 380 402 224 363 357 379 402 224 363 357 379 403 217 363 358 380 403 225 364 359 381 403 217 365 360 382 404 278 366 361 383 404 225 367 359 381 404 218 368 362 384 405 219 369 363 385 405 226 369 364 386 405 226 369 364 386 406 219 369 363 385 406 227 370 365 387 406 219 53 363 385 407 213 53 345 367 407 227 53 365 387 407 227 53 365 387 408 213 53 345 367 408 221 53 347 369 408 221 371 347 369 409 220 372 348 370 409 229 322 317 339 409 229 322 317 339 410 220 372 348 370 410 228 373 318 340 410 220 372 348 370 411 279 358 351 373 411 228 374 318 340 411 228 374 318 340 412 279 358 351 373 412 280 375 366 388 412 223 376 355 377 413 231 377 367 389 413 222 378 354 376 413 222 378 354 376 414 231 377 367 389 414 230 379 368 390 414 223 376 355 377 415 224 380 357 379 415 231 377 367 389 415 231 377 367 389 416 224 380 357 379 416 232 381 369 391 416 224 380 357 379 417 225 382 359 381 417 232 381 369 391 417 232 381 369 391 418 225 382 359 381 418 233 383 370 392 418 281 384 371 393 419 278 385 361 383 419 234 386 320 342 419 234 387 320 342 420 278 388 361 383 420 226 389 364 386 420 227 390 365 387 421 235 324 319 341 421 226 391 364 386 421 226 391 364 386 422 235 324 319 341 422 234 386 320 342 422 227 390 365 387 423 221 371 347 369 423 235 324 319 341 423 235 324 319 341 424 221 371 347 369 424 229 322 317 339 424 233 383 370 392 425 230 379 368 390 425 232 381 369 391 425 232 381 369 391 426 230 379 368 390 426 231 377 367 389 426 234 325 320 342 427 228 323 318 340 427 281 384 371 393 427 281 384 371 393 428 228 323 318 340 428 280 392 366 388 428 138 24 205 213 429 130 185 201 209 429 137 24 206 214 429 137 24 206 214 430 130 185 201 209 430 131 187 202 210 430 135 154 173 181 431 133 155 174 182 431 134 191 203 211 431 128 182 199 207 432 129 183 200 208 432 139 198 204 212 432 103 85 114 122 433 93 84 113 121 433 102 151 170 178 433 102 151 170 178 434 93 84 113 121 434 94 137 163 171 434 102 151 170 178 435 94 137 163 171 435 101 149 169 177 435 101 149 169 177 436 94 137 163 171 436 95 54 207 215 436 96 141 165 173 437 97 139 164 172 437 100 147 168 176 437 100 147 168 176 438 97 139 164 172 438 99 145 167 175 438 202 317 297 316 439 203 318 285 317 439 236 393 287 319 439 236 393 287 319 440 203 318 285 317 440 237 393 299 320 440 192 311 284 296 441 193 312 285 297 441 238 394 287 299 441 238 394 287 299 442 193 312 285 297 442 239 394 288 300 442 199 51 372 394 443 240 51 289 301 443 193 51 373 395 443 193 51 373 395 444 240 51 289 301 444 239 51 288 300 444 241 315 294 396 445 240 316 374 397 445 198 395 375 398 445 198 395 375 398 446 240 316 374 397 446 199 395 376 399 446 198 53 375 398 447 192 53 284 296 447 241 53 294 396 447 241 53 294 396 448 192 53 284 296 448 238 53 287 299 448 209 51 372 400 449 242 51 289 321 449 203 51 373 401 449 203 51 373 401 450 242 51 289 321 450 237 51 299 320 450 243 315 294 312 451 242 316 295 313 451 208 395 375 402 451 208 395 375 402 452 242 316 295 313 452 209 395 377 403 452 208 53 375 402 453 202 53 297 316 453 243 53 294 312 453 243 53 294 312 454 202 53 297 316 454 236 53 287 319 454 201 51 273 285 455 244 51 290 302 455 197 51 286 298 455 245 309 280 292 456 244 310 281 293 456 241 315 294 396 456 241 315 294 396 457 244 310 281 293 457 240 316 374 397 457 238 53 287 299 458 200 53 272 284 458 241 53 294 396 458 241 53 294 396 459 200 53 272 284 459 245 53 280 292 459 270 396 378 404 460 318 397 379 405 460 316 398 380 406 460 247 399 57 65 461 246 400 381 407 461 259 401 69 77 461 259 401 69 77 462 246 400 381 407 462 258 402 382 408 462 247 399 57 65 463 249 403 56 64 463 246 400 381 407 463 246 400 381 407 464 249 403 56 64 464 248 404 383 409 464 249 403 56 64 465 255 405 64 72 465 248 404 383 409 465 248 404 383 409 466 255 405 64 72 466 254 406 384 410 466 251 407 61 69 467 261 408 71 79 467 250 409 385 411 467 250 409 385 411 468 261 408 71 79 468 260 410 386 412 468 251 407 61 69 469 250 409 385 411 469 253 411 63 71 469 253 411 63 71 470 250 409 385 411 470 252 412 387 413 470 253 411 63 71 471 252 412 387 413 471 257 413 66 74 471 257 413 66 74 472 252 412 387 413 472 256 414 388 414 472 254 406 384 410 473 255 405 64 72 473 256 414 388 414 473 256 414 388 414 474 255 405 64 72 474 257 413 66 74 474 258 402 382 408 475 260 410 386 412 475 259 401 69 77 475 259 401 69 77 476 260 410 386 412 476 261 408 71 79 476 248 24 383 409 477 254 24 384 410 477 262 415 389 415 477 262 415 389 415 478 254 24 384 410 478 263 416 390 416 478 263 416 390 416 479 254 24 384 410 479 264 417 391 417 479 264 417 391 417 480 254 24 384 410 480 256 24 388 414 480 252 24 387 413 481 265 418 392 418 481 256 24 388 414 481 256 24 388 414 482 265 418 392 418 482 264 417 391 417 482 252 24 387 413 483 250 24 385 411 483 265 418 392 418 483 265 418 392 418 484 250 24 385 411 484 266 419 393 419 484 250 24 385 411 485 260 24 386 412 485 266 419 393 419 485 266 419 393 419 486 260 24 386 412 486 267 420 394 420 486 258 24 382 408 487 268 421 395 421 487 260 24 386 412 487 260 24 386 412 488 268 421 395 421 488 267 420 394 420 488 246 24 381 407 489 269 422 396 422 489 258 24 382 408 489 258 24 382 408 490 269 422 396 422 490 268 421 395 421 490 246 24 381 407 491 248 24 383 409 491 269 422 396 422 491 269 422 396 422 492 248 24 383 409 492 262 415 389 415 492 262 415 389 415 493 263 416 390 416 493 270 396 378 404 493 270 396 378 404 494 263 416 390 416 494 271 423 397 423 494 271 423 397 423 495 263 416 390 416 495 272 424 398 424 495 272 424 398 424 496 263 416 390 416 496 264 417 391 417 496 265 418 392 418 497 273 425 399 425 497 264 417 391 417 497 264 417 391 417 498 273 425 399 425 498 272 424 398 424 498 265 418 392 418 499 266 419 393 419 499 273 425 399 425 499 273 425 399 425 500 266 419 393 419 500 274 426 400 426 500 266 419 393 419 501 267 420 394 420 501 274 426 400 426 501 274 426 400 426 502 267 420 394 420 502 275 427 401 427 502 268 421 395 421 503 276 428 402 428 503 267 420 394 420 503 267 420 394 420 504 276 428 402 428 504 275 427 401 427 504 269 422 396 422 505 277 429 403 429 505 268 421 395 421 505 268 421 395 421 506 277 429 403 429 506 276 428 402 428 506 269 422 396 422 507 262 415 389 415 507 277 429 403 429 507 277 429 403 429 508 262 415 389 415 508 270 396 378 404 508 278 430 361 383 509 218 431 404 430 509 226 432 364 386 509 217 349 360 382 510 218 351 404 430 510 278 385 361 383 510 279 358 351 373 511 214 357 350 372 511 222 433 354 376 511 212 356 349 371 512 279 358 351 373 512 220 434 348 370 512 280 375 366 388 513 279 358 351 373 513 230 379 368 390 513 230 379 368 390 514 279 358 351 373 514 222 378 354 376 514 280 392 366 388 515 230 379 368 390 515 281 384 371 393 515 281 384 371 393 516 230 379 368 390 516 233 383 370 392 516 225 435 359 381 517 278 436 361 383 517 233 383 370 392 517 233 383 370 392 518 278 385 361 383 518 281 384 371 393 518 276 428 402 428 519 320 437 405 431 519 323 438 406 432 519 275 427 401 427 520 321 439 407 433 520 274 426 400 426 520 236 53 287 319 521 210 53 272 303 521 243 53 294 312 521 243 53 294 312 522 210 53 272 303 522 282 53 293 310 522 206 440 291 308 523 207 440 279 434 523 282 309 293 310 523 282 309 293 310 524 207 440 279 434 524 283 310 281 311 524 211 51 273 304 525 283 51 300 322 525 207 51 298 318 525 308 441 408 435 526 300 441 409 436 526 284 442 410 437 526 284 442 410 437 527 300 441 409 436 527 286 442 411 438 527 284 443 410 437 528 285 444 412 439 528 308 445 408 435 528 308 445 408 435 529 285 444 412 439 529 309 446 413 440 529 285 444 412 439 530 284 443 410 437 530 287 447 414 441 530 287 447 414 441 531 284 443 410 437 531 286 448 411 438 531 287 447 414 441 532 286 448 411 438 532 301 449 415 442 532 301 449 415 442 533 286 448 411 438 533 300 450 409 436 533 288 451 330 352 534 312 452 329 351 534 289 453 302 324 534 289 453 302 324 535 312 454 329 351 535 313 455 313 335 535 288 456 330 352 536 289 453 302 324 536 290 457 333 355 536 290 457 333 355 537 289 453 302 324 537 291 458 301 323 537 290 459 333 355 538 291 458 301 323 538 304 460 335 357 538 304 461 335 357 539 291 458 301 323 539 305 462 310 332 539 293 463 308 330 540 292 464 341 363 540 295 465 307 329 540 295 465 307 329 541 292 464 341 363 541 294 466 339 361 541 292 467 341 363 542 293 463 308 330 542 314 468 343 365 542 314 469 343 365 543 293 463 308 330 543 315 470 314 336 543 294 471 339 361 544 306 472 337 359 544 295 465 307 329 544 295 465 307 329 545 306 473 337 359 545 307 474 309 331 545 297 475 416 443 546 296 476 417 444 546 311 477 418 445 546 311 477 418 445 547 296 476 417 444 547 310 478 419 446 547 296 476 417 444 548 297 475 416 443 548 298 479 420 447 548 298 479 420 447 549 297 475 416 443 549 299 480 421 448 549 298 479 420 447 550 299 480 421 448 550 302 481 422 449 550 302 481 422 449 551 299 480 421 448 551 303 482 423 450 551 301 449 415 442 552 300 450 409 436 552 303 482 423 450 552 303 482 423 450 553 300 450 409 436 553 302 481 422 449 553 304 461 335 357 554 305 462 310 332 554 306 473 337 359 554 306 473 337 359 555 305 462 310 332 555 307 474 309 331 555 308 445 408 435 556 309 446 413 440 556 310 478 419 446 556 310 478 419 446 557 309 446 413 440 557 311 477 418 445 557 313 455 313 335 558 312 454 329 351 558 315 470 314 336 558 315 470 314 336 559 312 454 329 351 559 314 469 343 365 559 308 441 408 435 560 310 483 419 446 560 300 441 409 436 560 300 441 409 436 561 310 483 419 446 561 302 483 422 449 561 302 483 422 449 562 310 483 419 446 562 298 484 420 447 562 298 484 420 447 563 310 483 419 446 563 296 485 417 444 563 316 398 380 406 564 324 486 424 451 564 322 487 425 452 564 270 396 378 404 565 316 398 380 406 565 277 429 403 429 565 277 429 403 429 566 320 437 405 431 566 276 428 402 428 566 274 426 400 426 567 317 488 426 453 567 273 425 399 425 567 273 425 399 425 568 317 488 426 453 568 319 489 427 454 568 270 396 378 404 569 271 423 397 423 569 318 397 379 405 569 324 486 424 451 570 318 397 379 405 570 271 423 397 423 570 273 425 399 425 571 319 489 427 454 571 272 424 398 424 571 277 429 403 429 572 316 398 380 406 572 320 437 405 431 572 323 438 406 432 573 320 437 405 431 573 316 398 380 406 573 274 426 400 426 574 321 439 407 433 574 317 488 426 453 574 321 439 407 433 575 323 438 406 432 575 317 488 426 453 575 319 489 427 454 576 324 486 424 451 576 272 424 398 424 576 322 487 425 452 577 324 486 424 451 577 317 488 426 453 577 324 486 424 451 578 271 423 397 423 578 272 424 398 424 578 275 427 401 427 579 323 438 406 432 579 321 439 407 433 579 276 428 402 428 580 323 438 406 432 580 275 427 401 427 580 317 488 426 453 581 324 486 424 451 581 319 489 427 454 581 316 398 380 406 582 318 397 379 405 582 324 486 424 451 582 323 438 406 432 583 316 398 380 406 583 322 487 425 452 583 317 488 426 453 584 323 438 406 432 584 322 487 425 452 584</p>
                </triangles>
            </mesh>
        </geometry>
    </library_geometries>
    <library_visual_scenes>
        <visual_scene id="DefaultScene">
            <node id="Geometry-mesh001Node" name="chair" type="NODE">
                <instance_geometry url="#Geometry-mesh001">
                    <bind_material>
                        <technique_common>
                            <instance_material symbol="Material-interactables" target="#Material-interactables">
                                <bind_vertex_input semantic="uvSet1" input_semantic="TEXCOORD" input_set="1" />
                            </instance_material>
                        </technique_common>
                    </bind_material>
                </instance_geometry>
            </node>
            <node id="groupLocator045Node" name="Texture_Group" type="NODE">
                <node id="txtrLocator030Node" name="01_05_transporter_passenger_destinationpicker_split_monitor__Image___Texture_" type="NODE">
                    <translate sid="translation033">0 0 0</translate>
                    <rotate sid="rotation032Y">0 1 0 0</rotate>
                    <rotate sid="rotation032X">1 0 0 0</rotate>
                    <rotate sid="rotation032Z">0 0 1 0</rotate>
                    <scale sid="scale031">1 1 1</scale>
                </node>
                <node id="txtrLocator022Node" name="01_05_transporter_passenger_interactables_spec__Image___Texture_" type="NODE">
                    <translate sid="translation026">0 0 0</translate>
                    <rotate sid="rotation025Y">0 1 0 0</rotate>
                    <rotate sid="rotation025X">1 0 0 0</rotate>
                    <rotate sid="rotation025Z">0 0 1 0</rotate>
                    <scale sid="scale023">1 1 1</scale>
                </node>
                <node id="txtrLocator017Node" name="01_05_transporter_passenger_interactables_nrm__Image___Texture_" type="NODE">
                    <translate sid="translation020">0 0 0</translate>
                    <rotate sid="rotation019Y">0 1 0 0</rotate>
                    <rotate sid="rotation019X">1 0 0 0</rotate>
                    <rotate sid="rotation019Z">0 0 1 0</rotate>
                    <scale sid="scale018">1 1 1</scale>
                </node>
                <node id="txtrLocator012Node" name="01_05_transporter_passenger_interactables__Image___Texture_" type="NODE">
                    <translate sid="translation015">0 0 0</translate>
                    <rotate sid="rotation014Y">0 1 0 0</rotate>
                    <rotate sid="rotation014X">1 0 0 0</rotate>
                    <rotate sid="rotation014Z">0 0 1 0</rotate>
                    <scale sid="scale013">1 1 1</scale>
                </node>
                <node id="txtrLocator052Node" name="01_05_transporter_passenger_spec__Image___Texture_" type="NODE">
                    <translate sid="translation055">0 0 0</translate>
                    <rotate sid="rotation054Y">0 1 0 0</rotate>
                    <rotate sid="rotation054X">1 0 0 0</rotate>
                    <rotate sid="rotation054Z">0 0 1 0</rotate>
                    <scale sid="scale053">1 1 1</scale>
                </node>
                <node id="txtrLocator047Node" name="01_05_transporter_passenger_nrm__Image___Texture_" type="NODE">
                    <translate sid="translation050">0 0 0</translate>
                    <rotate sid="rotation049Y">0 1 0 0</rotate>
                    <rotate sid="rotation049X">1 0 0 0</rotate>
                    <rotate sid="rotation049Z">0 0 1 0</rotate>
                    <scale sid="scale048">1 1 1</scale>
                </node>
                <node id="txtrLocator041Node" name="train_passenger__Image___Texture_" type="NODE">
                    <translate sid="translation044">0 0 0</translate>
                    <rotate sid="rotation043Y">0 1 0 0</rotate>
                    <rotate sid="rotation043X">1 0 0 0</rotate>
                    <rotate sid="rotation043Z">0 0 1 0</rotate>
                    <scale sid="scale042">1 1 1</scale>
                </node>
            </node>
        </visual_scene>
    </library_visual_scenes>
    <scene>
        <instance_visual_scene url="#DefaultScene" />
    </scene>
</COLLADA>
