<?xml version="1.0" encoding="utf-8"?>
<COLLADA xmlns="http://www.collada.org/2005/11/COLLADASchema" version="1.4.1">
  <asset>
    <contributor>
      <author>Marc</author>
      <authoring_tool>OpenCOLLADA2008</authoring_tool>
      <comments>
			ColladaMaya export options: 
			bakeTransforms=1;relativePaths=1;copyTextures=0;exportTriangles=1;exportCgfxFileReferences=0;
			isSampling=0;curveConstrainSampling=1;removeStaticCurves=0;exportPolygonMeshes=1;exportLights=0;
			exportCameras=0;exportJointsAndSkin=1;exportAnimations=1;exportInvisibleNodes=0;exportDefaultCameras=0;
			exportTexCoords=1;exportNormals=1;exportNormalsPerVertex=0;exportVertexColors=1;exportVertexColorsPerVertex=0;
			exportTexTangents=0;exportTangents=0;exportReferencedMaterials=0;exportMaterialsOnly=0;
			exportXRefs=0;dereferenceXRefs=1;exportCameraAsLookat=0;cameraXFov=0;cameraYFov=0;doublePrecision=0
		</comments>
      <source_data>file:///F:/depth/redist/entities/station/toilet/toilet_seat/toilet_seat_base.dae</source_data>
    </contributor>
    <created>2012-09-10T11:01:09</created>
    <modified>2012-09-10T11:01:09</modified>
    <unit name="meter" meter="1"/>
    <up_axis>Y_UP</up_axis>
  </asset>
  <library_materials>
    <material id="blinn3" name="blinn3">
      <instance_effect url="#blinn3-fx"/>
    </material>
  </library_materials>
  <library_effects>
    <effect id="blinn3-fx">
      <profile_COMMON>
        <newparam sid="toilet_seat_base_1-surface">
          <surface type="2D">
            <init_from>toilet_seat_base_1</init_from>
          </surface>
        </newparam>
        <newparam sid="toilet_seat_base_1-sampler">
          <sampler2D>
            <source>toilet_seat_base_1-surface</source>
          </sampler2D>
        </newparam>
        <technique sid="common">
          <blinn>
            <emission>
              <color>0 0 0 1</color>
            </emission>
            <ambient>
              <color>0 0 0 1</color>
            </ambient>
            <diffuse>
              <texture texture="toilet_seat_base_1-sampler" texcoord="TEX0">
                <extra>
                  <technique profile="OpenCOLLADAMaya">
                    <blend_mode>NONE</blend_mode>
                    <coverageU>1</coverageU>
                    <coverageV>1</coverageV>
                    <fast>0</fast>
                    <mirrorU>0</mirrorU>
                    <mirrorV>0</mirrorV>
                    <noiseU>0</noiseU>
                    <noiseV>0</noiseV>
                    <offsetU>0</offsetU>
                    <offsetV>0</offsetV>
                    <repeatU>1</repeatU>
                    <repeatV>1</repeatV>
                    <rotateFrame>0</rotateFrame>
                    <rotateUV>0</rotateUV>
                    <stagger>0</stagger>
                    <translateFrameU>0</translateFrameU>
                    <translateFrameV>0</translateFrameV>
                    <wrapU>1</wrapU>
                    <wrapV>1</wrapV>
                  </technique>
                </extra>
              </texture>
            </diffuse>
            <specular>
              <color>0.5 0.5 0.5 1</color>
            </specular>
            <shininess>
              <float>0.3</float>
            </shininess>
            <reflective>
              <color>0 0 0 1</color>
            </reflective>
            <reflectivity>
              <float>0.5</float>
            </reflectivity>
            <transparent opaque="RGB_ZERO">
              <color>0 0 0 1</color>
            </transparent>
            <transparency>
              <float>1</float>
            </transparency>
          </blinn>
        </technique>
      </profile_COMMON>
    </effect>
  </library_effects>
  <library_images>
    <image id="toilet_seat_base_1" name="toilet_seat_base_1">
      <init_from>../../../../../../../E:/T31/matong/toilet_seat/toilet_seat_base.dds</init_from>
      <extra>
        <technique profile="OpenCOLLADAMaya">
          <dgnode_type>kFile</dgnode_type>
          <image_sequence>0</image_sequence>
          <originalMayaNodeId>toilet_seat_base_1</originalMayaNodeId>
        </technique>
      </extra>
    </image>
  </library_images>
  <library_geometries>
    <geometry id="polySurfaceShape2" name="toilet_seat_baseShape">
      <mesh>
        <source id="polySurfaceShape2-positions" name="polySurfaceShape2-positions">
          <float_array id="polySurfaceShape2-positions-array" count="1044">0 0 -0.478809 0.1889145 0 -0.418101 0.203703 0 -0.373722 0.2190945 0.07851001 -0.442242 0.2340345 0.07850698 -0.373725 0.305076 0.40731 0.337617 0.2432295 0.4071705 0.4713105 0.2391825 0.346203 0.462234 0.2976405 0.3465195 0.3299595 0 0.3451635 0.566451 0.068736 0.345408 0.562254 0.06988649 0.406821 0.574191 0 0.406713 0.5784225 0.2504775 0.2617095 -0.54174 0.233265 0.187947 -0.527163 0.1485375 0.187914 -0.553989 0.1516875 0.2617035 -0.570855 0.1419615 0.3456705 0.5401155 0.1443375 0.4069365 0.552018 0.1974405 0 0.084951 0.0841815 0 0.29706 0 0 0.307722 0 0.06505651 0.2724435 0.1594725 0.06505651 0.186531 0.1715205 0.06505651 0.0849525 0.329469 0.4655805 0.0849525 0.335004 0.465579 -0.2318925 0.330693 0.4896329 -0.232968 0.324891 0.4896329 0.0849525 0.1690905 0.06542101 -0.1180305 0 0.4896345 -0.5993145 0.1536675 0.4896345 -0.5993145 0.1552425 0.4655805 -0.598866 0 0.4655805 -0.598866 0 0.078498 -0.507105 0.169593 0.07850698 -0.485895 0.140742 0 -0.460821 0.3223245 0.4896345 -0.524229 0.326634 0.4655805 -0.5237804 0.276552 0.4655805 -0.5717039 0.271659 0.4896345 -0.572223 0.20751 0 -0.226758 0.32676 0.4896345 -0.3738705 0.3310695 0.4655805 -0.373731 0.2965755 0.507732 0.0849525 0.299088 0.507732 -0.231045 0.2590515 0.507732 -0.1632795 0.256209 0.507732 0.0849525 0.285771 0.507732 0.3251625 0.2453535 0.507732 0.3007815 0.2203755 0.507732 0.385626 0.2608035 0.507732 0.414378 0.229248 0.507732 0.4767945 0.188811 0.507732 0.443673 0.154797 0.5067075 0.4722735 0.1840095 0.5067075 0.5173125 0.155241 0.507732 -0.5646885 0.2980455 0.507732 -0.3737325 0.2575875 0.507732 -0.5376615 0 0.507732 0.5718075 0.0682785 0.507732 0.563661 0.0587445 0.507732 0.5130135 0 0.507732 0.5214014 0 0.4616685 -0.2014695 0.2263485 0.4616685 -0.192483 0.222222 0.507732 -0.1905195 0 0.507732 -0.1985205 0.2626875 0.4616685 -0.169107 0.2615835 0.4616685 0.0849525 0.2465655 0.4616685 0.2952285 0.224649 0.4616685 0.3808215 0.196146 0.4616685 0.4396155 0.1633365 0.460644 0.4710525 0.0608085 0.4616685 0.5121075 0 0.4616685 0.5217405 0.193569 0.229014 -0.17514 0.17202 0.143424 -0.1588935 0.1979415 0.143424 -0.134601 0.228504 0.229014 -0.152781 0.2050935 0.1432335 0.0849525 0.23448 0.229014 0.0849525 0.1946115 0.1432335 0.2144565 0.2257155 0.229014 0.2450985 0.1816875 0.229014 0.356349 0.1619415 0.1432335 0.297744 0.0816975 0.142629 0.345723 0.1121745 0.229014 0.4105695 0 0.229014 0.436398 0.0543135 0.229014 0.4238925 0 0.1421415 0.358266 0.288387 0.465579 0.4344135 0.313407 0.465579 0.3451665 0.3088275 0.4896345 0.345222 0.2838075 0.4896345 0.434478 0 0.4655805 0.6110175 0.0738165 0.465579 0.6021944 0.0716325 0.4896345 0.6022695 0 0.4896345 0.611091 0.152454 0.465579 0.5790615 0.204456 0.4645545 0.5456789 0.202542 0.48861 0.543645 0.1479435 0.4896345 0.579135 0.321429 0.455271 -0.227805 0.3156405 0.455271 0.0849525 0.155241 0.455271 -0.5805614 0 0.455271 -0.581607 0.313434 0.455271 -0.508299 0.2655465 0.455271 -0.5545575 0.317703 0.455271 -0.3737295 0.275958 0.455271 0.416721 0.2990505 0.455271 0.341478 0 0.455271 0.5849055 0.070794 0.455271 0.574464 0.146214 0.455271 0.552189 0.1917885 0.4542465 0.525771 0.3144765 0.3461145 -0.2267595 0.3192015 0.407133 -0.227343 0.314091 0.4076985 0.0849525 0.310227 0.3474 0.0849525 0 0.2617095 -0.571029 0 0.1879365 -0.556497 0.2965215 0.2616855 -0.4969155 0.278499 0.187956 -0.4830105 0.300804 0.2616795 -0.373728 0.282735 0.187947 -0.373728 0.2538345 0.3505485 -0.16653 0.2159205 0.3505485 -0.190044 0.2609145 0.3505485 0.0849525 0.249606 0.3505485 0.2789805 0.119226 0.3505485 0.471378 0.189288 0.3505485 0.421011 0.0577275 0.3505485 0.4911555 0 0.3505485 0.498414 0.2979105 0.507732 -0.5028675 0 0.507732 -0.5642744 0.252201 0.4896345 0.4969365 0.2347005 0.0784845 -0.226758 0 0.507732 -0.3737385 0.286842 0.188484 -0.226758 0.304143 0.2625405 -0.226758 0 0.507732 -0.231177 0 0.616383 -0.3737385 0.2980455 0.616383 -0.3737325 0.299583 0.5587305 -0.2983185 0 0.6228615 -0.351462 0.2984805 0.6228615 -0.3512325 0.298257 0.61638 -0.3616095 0 0.61638 -0.3618405 0 0.631941 -0.3471885 0.298719 0.631941 -0.346962 0.2312565 0.07986449 0.084951 0.218538 0.081687 0.2282025 0.1781805 0.08234099 0.3129045 0.1639395 0 0.2633775 0.1943505 0 0.2062785 0.08380651 0.0795 0.3592815 0 0.07879199 0.373236 0.2995335 0.263901 0.0849525 0.2819145 0.189912 0.0849525 0.2848815 0.263559 0.313962 0.2256825 0.263436 0.4405005 0.2055765 0.1900965 0.404049 0.265431 0.1900485 0.2871315 0.1348815 0.263436 0.5061 0.1286085 0.190569 0.458766 0 0.1902825 0.4849395 0.06227099 0.1904205 0.4808205 0.06530849 0.263235 0.5281935 0 0.263046 0.53235 0.3120045 0.3448905 -0.3737295 0.316029 0.406593 -0.3737295 0.3076725 0.3448905 -0.5050545 0.3117315 0.406593 -0.507396 0.262614 0.3449535 -0.550638 0.2642535 0.40662 -0.553356 0.155241 0.344979 -0.5783775 0.155241 0.4066305 -0.580125 0 0.4066245 -0.580125 0 0.344964 -0.5783775 0 0.5562585 -0.303549 0.299088 0.631941 -0.333126 0 0.631941 -0.3332565 0.2438085 0.455271 0.479496 0.125589 0.4616685 0.4912695 0.121326 0.507732 0.486096 0.141018 0.507732 0.541248 0.080106 0.06505651 0.2640555 0.139617 0.06505651 0.2348055 0 0.3505485 -0.198339 0.150549 0.06542101 -0.1390605 0 0.06542101 -0.1474155 0 0.143424 -0.1666425 0 0.229014 -0.1824 0.256779 0.465579 0.496863 -0.2037015 0 -0.373722 -0.1889115 0 -0.418101 -0.234033 0.07850698 -0.373725 -0.2190915 0.07851001 -0.442242 -0.305073 0.40731 0.337617 -0.297639 0.3465195 0.3299595 -0.239181 0.346203 0.462234 -0.2432265 0.4071705 0.4713105 -0.0698835 0.406821 0.574191 -0.068733 0.345408 0.562254 -0.2504745 0.2617095 -0.54174 -0.1516845 0.2617035 -0.570855 -0.1485345 0.187914 -0.553989 -0.233262 0.187947 -0.527163 -0.1419585 0.3456705 0.5401155 -0.1443345 0.4069365 0.552018 -0.08418 0 0.29706 -0.1974375 0 0.084951 -0.1715175 0.06505651 0.0849525 -0.1594695 0.06505651 0.186531 -0.329466 0.4655805 0.0849525 -0.324888 0.4896329 0.0849525 -0.3306915 0.4896329 -0.232968 -0.335001 0.465579 -0.2318925 -0.1690875 0.06542101 -0.1180305 -0.155238 0.4655805 -0.598866 -0.153663 0.4896345 -0.5993145 -0.140739 0 -0.460821 -0.16959 0.07850698 -0.485895 -0.3223215 0.4896345 -0.524229 -0.271656 0.4896345 -0.572223 -0.276549 0.4655805 -0.5717039 -0.326631 0.4655805 -0.5237804 -0.207507 0 -0.226758 -0.326757 0.4896345 -0.3738705 -0.3310665 0.4655805 -0.373731 -0.2965725 0.507732 0.0849525 -0.256206 0.507732 0.0849525 -0.2590485 0.507732 -0.1632795 -0.2990865 0.507732 -0.231045 -0.285768 0.507732 0.3251625 -0.2608005 0.507732 0.414378 -0.2203725 0.507732 0.385626 -0.2453505 0.507732 0.3007815 -0.229245 0.507732 0.4767945 -0.1840065 0.5067075 0.5173125 -0.154794 0.5067075 0.4722735 -0.188808 0.507732 0.443673 -0.155238 0.507732 -0.5646885 -0.257586 0.507732 -0.5376615 -0.2980425 0.507732 -0.3737325 -0.0587415 0.507732 0.5130135 -0.068277 0.507732 0.563661 -0.222219 0.507732 -0.1905195 -0.2263455 0.4616685 -0.192483 -0.2626845 0.4616685 -0.169107 -0.2615805 0.4616685 0.0849525 -0.2246475 0.4616685 0.3808215 -0.246564 0.4616685 0.2952285 -0.1633335 0.460644 0.4710525 -0.196143 0.4616685 0.4396155 -0.0608055 0.4616685 0.5121075 -0.1935645 0.229014 -0.17514 -0.228501 0.229014 -0.152781 -0.1979385 0.143424 -0.134601 -0.172017 0.143424 -0.1588935 -0.234477 0.229014 0.0849525 -0.205092 0.1432335 0.0849525 -0.2257125 0.229014 0.2450985 -0.1946085 0.1432335 0.2144565 -0.1816845 0.229014 0.356349 -0.1121715 0.229014 0.4105695 -0.0816945 0.142629 0.345723 -0.1619385 0.1432335 0.297744 -0.0543105 0.229014 0.4238925 -0.288384 0.465579 0.4344135 -0.283806 0.4896345 0.434478 -0.308826 0.4896345 0.345222 -0.313404 0.465579 0.3451665 -0.0716295 0.4896345 0.6022695 -0.07381351 0.465579 0.6021944 -0.152451 0.465579 0.5790615 -0.147939 0.4896345 0.579135 -0.202539 0.48861 0.543645 -0.2044545 0.4645545 0.5456789 -0.321426 0.455271 -0.227805 -0.3156375 0.455271 0.0849525 -0.155238 0.455271 -0.5805614 -0.2655435 0.455271 -0.5545575 -0.313431 0.455271 -0.508299 -0.3177 0.455271 -0.3737295 -0.2990475 0.455271 0.341478 -0.275955 0.455271 0.416721 -0.0707925 0.455271 0.574464 -0.1917855 0.4542465 0.525771 -0.1462095 0.455271 0.552189 -0.3144735 0.3461145 -0.2267595 -0.310224 0.3474 0.0849525 -0.3140895 0.4076985 0.0849525 -0.3191985 0.407133 -0.227343 -0.278496 0.187956 -0.4830105 -0.29652 0.2616855 -0.4969155 -0.2827335 0.187947 -0.373728 -0.300801 0.2616795 -0.373728 -0.2159175 0.3505485 -0.190044 -0.2538315 0.3505485 -0.16653 -0.2609115 0.3505485 0.0849525 -0.249603 0.3505485 0.2789805 -0.119223 0.3505485 0.471378 -0.1892835 0.3505485 0.421011 -0.0577245 0.3505485 0.4911555 -0.2979075 0.507732 -0.5028675 -0.252198 0.4896345 0.4969365 -0.2346975 0.0784845 -0.226758 -0.2868405 0.188484 -0.226758 -0.30414 0.2625405 -0.226758 -0.2980425 0.616383 -0.3737325 -0.2995815 0.5587305 -0.2983185 -0.298254 0.61638 -0.3616095 -0.298479 0.6228615 -0.3512325 -0.2987175 0.631941 -0.346962 -0.2312535 0.07986449 0.084951 -0.218535 0.081687 0.2282025 -0.1943475 0 0.2062785 -0.1639365 0 0.2633775 -0.1781775 0.08234099 0.3129045 -0.0838035 0.0795 0.3592815 -0.2819115 0.189912 0.0849525 -0.2995305 0.263901 0.0849525 -0.2848785 0.263559 0.313962 -0.265428 0.1900485 0.2871315 -0.2055735 0.1900965 0.404049 -0.2256795 0.263436 0.4405005 -0.1286055 0.190569 0.458766 -0.1348785 0.263436 0.5061 -0.0653055 0.263235 0.5281935 -0.062268 0.1904205 0.4808205 -0.316026 0.406593 -0.3737295 -0.3120015 0.3448905 -0.3737295 -0.3117285 0.406593 -0.507396 -0.3076695 0.3448905 -0.5050545 -0.2642505 0.40662 -0.553356 -0.262611 0.3449535 -0.550638 -0.155238 0.4066305 -0.580125 -0.155238 0.344979 -0.5783775 -0.2990865 0.631941 -0.333126 -0.2438055 0.455271 0.479496 -0.125586 0.4616685 0.4912695 -0.121323 0.507732 0.486096 -0.141015 0.507732 0.541248 -0.139614 0.06505651 0.2348055 -0.0801045 0.06505651 0.2640555 -0.150546 0.06542101 -0.1390605 -0.2567775 0.465579 0.496863</float_array>
          <technique_common>
            <accessor source="#polySurfaceShape2-positions-array" count="348" stride="3">
              <param name="X" type="float"/>
              <param name="Y" type="float"/>
              <param name="Z" type="float"/>
            </accessor>
          </technique_common>
        </source>
        <source id="polySurfaceShape2-normals" name="polySurfaceShape2-normals">
          <float_array id="polySurfaceShape2-normals-array" count="6228">0 -1 0 0 -1 0 0 -1 0 0.7687567 -0.4937408 -0.4064888 0.9186323 -0.3761772 -0.120853 0.7720448 -0.4197659 -0.4772248 0.7720448 -0.4197659 -0.4772248 0.9186323 -0.3761772 -0.120853 0.9204701 -0.355634 -0.162047 0.7613233 -0.1479691 0.6312622 0.7669112 -0.2294101 0.5993482 0.9687975 -0.05332098 0.2420499 0.9687975 -0.05332098 0.2420499 0.7669112 -0.2294101 0.5993482 0.9595698 -0.165584 0.227613 0.05938102 -0.2881831 0.9557323 0.1548 -0.2757599 0.9486797 0.06010001 -0.171472 0.9833542 0.06010001 -0.171472 0.9833542 0.1548 -0.2757599 0.9486797 0.167773 -0.107097 0.9799911 0.4865129 -0.2141519 -0.8470207 0.4550571 -0.4022422 -0.7944333 0.1438091 -0.1640301 -0.9759165 0.1438091 -0.1640301 -0.9759165 0.4550571 -0.4022422 -0.7944333 0.1187479 -0.3450648 -0.9310366 0.7669112 -0.2294101 0.5993482 0.7613233 -0.1479691 0.6312622 0.4535311 -0.27942 0.8463061 0.4535311 -0.27942 0.8463061 0.7613233 -0.1479691 0.6312622 0.418984 -0.116815 0.9004481 0 -1 0 0 -1 0 0 -1 0 0 -1 0 0 -1 0 0 -1 0 2.35e-4 0.9999997 6.53e-4 0 1 0 9.68e-4 0.9999991 8.86e-4 0.836358 -0.547163 0.033439 0.9325941 -0.360917 -0.002716 0.8300474 0.5568092 0.03138201 0.8300474 0.5568092 0.03138201 0.9325941 -0.360917 -0.002716 0.8214171 0.5702651 -0.008477001 6.13e-4 0.9999991 0.001199 2.35e-4 0.9999997 6.53e-4 9.68e-4 0.9999991 8.86e-4 0 0.5121651 -0.8588871 0.06461298 0.5129508 -0.8559827 0 -0.3358281 -0.9419233 0 -0.3358281 -0.9419233 0.06461298 0.5129508 -0.8559827 0.109826 -0.57462 -0.811018 0.384599 -0.473672 -0.7922869 0.2878329 -0.3840728 -0.8772915 0.08988601 -0.4014191 -0.9114731 0.08988601 -0.4014191 -0.9114731 0.2878329 -0.3840728 -0.8772915 0.119376 -0.336684 -0.93402 0.8346422 -0.4543401 -0.3113641 0.492759 -0.371145 -0.7870451 0.695382 0.578748 -0.426022 0.695382 0.578748 -0.426022 0.492759 -0.371145 -0.7870451 0.3269252 0.5526322 -0.7666274 0.2878329 -0.3840728 -0.8772915 0.384599 -0.473672 -0.7922869 0.7720448 -0.4197659 -0.4772248 0.7720448 -0.4197659 -0.4772248 0.384599 -0.473672 -0.7922869 0.7687567 -0.4937408 -0.4064888 0 -1 0 0 -1 0 0 -1 0 0.8350998 0.5496799 -0.02145499 0.8214171 0.5702651 -0.008477001 0.931879 -0.361769 -0.026922 0.931879 -0.361769 -0.026922 0.8214171 0.5702651 -0.008477001 0.9325941 -0.360917 -0.002716 0.2649539 0.9642596 0.001680999 0 1 0 0.1861321 0.9825124 0.004925002 0.1861321 0.9825124 0.004925002 0 1 0 0 1 0 0 1 0 0 1 0 0.2902449 0.9562585 0.03643499 0.2902449 0.9562585 0.03643499 0 1 0 0.264389 0.9599902 0.09228902 0.2602219 0.9482148 0.182135 -0.007574996 0.9999505 0.006460996 0.13711 0.975017 0.174765 0.13711 0.975017 0.174765 -0.007574996 0.9999505 0.006460996 0.002324 0.9999962 -0.001507 0.03733299 0.9719836 -0.2320649 0.2706409 0.9626747 -0.003298999 0.154696 0.9600241 -0.233287 0.03459599 0.9577878 0.2853869 0.05143202 0.9759034 0.2120551 0 1 0 0 1 0 0.05143202 0.9759034 0.2120551 0 1 0 -0.3929261 -0.02155801 0.9193173 -0.2317709 -0.06841297 0.9703618 -0.03842399 -0.014051 0.9991627 -0.03842399 -0.014051 0.9991627 -0.2317709 -0.06841297 0.9703618 -0.03590701 -0.06384802 0.9973134 -0.2317709 -0.06841297 0.9703618 -0.3929261 -0.02155801 0.9193173 -0.8811551 -0.121169 0.457038 -0.8811551 -0.121169 0.457038 -0.3929261 -0.02155801 0.9193173 -0.8790077 -0.02400599 0.4762028 -0.9954851 -0.084011 -0.044177 -0.8811551 -0.121169 0.457038 -0.9990534 -0.03369101 -0.02751801 -0.9990534 -0.03369101 -0.02751801 -0.8811551 -0.121169 0.457038 -0.8790077 -0.02400599 0.4762028 -0.9899871 -0.027848 -0.138384 -0.9394077 0.03258299 -0.3412499 -0.9805762 -0.02522501 -0.19451 -0.9805762 -0.02522501 -0.19451 -0.9394077 0.03258299 -0.3412499 -0.914403 -0.0652 -0.39952 -0.8240928 0.02183199 -0.5660339 -0.5951437 0.06089697 -0.8013087 -0.7445749 -0.08172899 -0.6625169 -0.7445749 -0.08172899 -0.6625169 -0.5951437 0.06089697 -0.8013087 -0.5017609 -0.100981 -0.8590919 -0.141351 -0.007283998 -0.9899328 -0.232687 0.001845 -0.97255 -0.151028 0.069702 -0.9860691 -0.151028 0.069702 -0.9860691 -0.232687 0.001845 -0.97255 -0.2418211 0.07662703 -0.9672904 -0.3769831 0.2959311 0.8776723 -0.8353693 0.3694071 0.4070582 -0.3144019 0.2267079 0.9218216 -0.3144019 0.2267079 0.9218216 -0.8353693 0.3694071 0.4070582 -0.834075 0.283059 0.473494 -0.834075 0.283059 0.473494 -0.8353693 0.3694071 0.4070582 -0.9551376 0.2956758 -0.01697199 -0.9551376 0.2956758 -0.01697199 -0.8353693 0.3694071 0.4070582 -0.9283613 0.3704061 -0.03073501 -0.9283613 0.3704061 -0.03073501 -0.8840816 0.4226128 -0.1994949 -0.9551376 0.2956758 -0.01697199 -0.9551376 0.2956758 -0.01697199 -0.8840816 0.4226128 -0.1994949 -0.925676 0.321263 -0.199785 -0.6368009 0.5650129 -0.5246379 -0.2548279 0.6697448 -0.6974987 -0.7124391 0.4486791 -0.539553 -0.7124391 0.4486791 -0.539553 -0.2548279 0.6697448 -0.6974987 -0.3984348 0.5169358 -0.7576457 -0.160133 0.5337051 -0.8303712 -0.1896311 0.5591182 -0.8071102 -0.131888 0.6826362 -0.7187582 -0.131888 0.6826362 -0.7187582 -0.1896311 0.5591182 -0.8071102 -0.2548279 0.6697448 -0.6974987 0.9098242 -0.3882051 0.146686 0.8202386 0.5469728 0.1674199 0.8457398 -0.4289579 0.3173629 0.8457398 -0.4289579 0.3173629 0.8202386 0.5469728 0.1674199 0.7627438 0.5591148 0.3249809 0.1811129 -0.5576258 0.8100936 0.14949 0.5414149 0.8273588 0.111948 -0.3635169 0.9248368 0.111948 -0.3635169 0.9248368 0.14949 0.5414149 0.8273588 0.103125 0.5367631 0.8374071 0.492759 -0.371145 -0.7870451 0.109826 -0.57462 -0.811018 0.3269252 0.5526322 -0.7666274 0.3269252 0.5526322 -0.7666274 0.109826 -0.57462 -0.811018 0.06461298 0.5129508 -0.8559827 0.5337881 -0.5033551 0.6794881 0.490609 0.557191 0.669956 0.367476 -0.534898 0.7608191 0.367476 -0.534898 0.7608191 0.490609 0.557191 0.669956 0.316573 0.55766 0.767331 0.9325941 -0.360917 -0.002716 0.836358 -0.547163 0.033439 0.6020982 -0.7984193 0.002100001 0.6020982 -0.7984193 0.002100001 0.836358 -0.547163 0.033439 0.597516 -0.8014721 0.024846 0 -0.3358281 -0.9419233 0.109826 -0.57462 -0.811018 0.001652001 -0.8649714 -0.5018182 0.001652001 -0.8649714 -0.5018182 0.109826 -0.57462 -0.811018 0.059205 -0.8697801 -0.489875 0.492759 -0.371145 -0.7870451 0.8346422 -0.4543401 -0.3113641 0.2142169 -0.8888466 -0.4050468 0.2142169 -0.8888466 -0.4050468 0.8346422 -0.4543401 -0.3113641 0.5202141 -0.8450521 -0.123549 0.8346422 -0.4543401 -0.3113641 0.931879 -0.361769 -0.026922 0.5202141 -0.8450521 -0.123549 0.5202141 -0.8450521 -0.123549 0.931879 -0.361769 -0.026922 0.6076772 -0.7939972 -0.01722701 0.8457398 -0.4289579 0.3173629 0.4921191 -0.8526532 0.175503 0.9098242 -0.3882051 0.146686 0.9098242 -0.3882051 0.146686 0.4921191 -0.8526532 0.175503 0.5746598 -0.8143947 0.08079197 0.08305302 -0.9371392 0.3389281 0.1811129 -0.5576258 0.8100936 0.04722398 -0.9336596 0.3550349 0.04722398 -0.9336596 0.3550349 0.1811129 -0.5576258 0.8100936 0.111948 -0.3635169 0.9248368 0.492759 -0.371145 -0.7870451 0.2142169 -0.8888466 -0.4050468 0.109826 -0.57462 -0.811018 0.109826 -0.57462 -0.811018 0.2142169 -0.8888466 -0.4050468 0.059205 -0.8697801 -0.489875 0.367476 -0.534898 0.7608191 0.15638 -0.9288148 0.3359289 0.5337881 -0.5033551 0.6794881 0.5337881 -0.5033551 0.6794881 0.15638 -0.9288148 0.3359289 0.2572619 -0.9117347 0.3202439 0.9984346 -0.05590498 0.001711999 0.9974256 -0.06597697 0.02809499 0.9955962 -0.09374002 9.07e-4 0.9955962 -0.09374002 9.07e-4 0.9974256 -0.06597697 0.02809499 0.9933335 -0.108674 0.03845302 0.1438091 -0.1640301 -0.9759165 0.1187479 -0.3450648 -0.9310366 0.006272 -0.168305 -0.985715 0.006272 -0.168305 -0.985715 0.1187479 -0.3450648 -0.9310366 0.01603499 -0.3042799 -0.9524477 0.4550571 -0.4022422 -0.7944333 0.4865129 -0.2141519 -0.8470207 0.8488746 -0.3753258 -0.3722128 0.8488746 -0.3753258 -0.3722128 0.4865129 -0.2141519 -0.8470207 0.8970478 -0.20471 -0.3916619 0.8970478 -0.20471 -0.3916619 0.978857 -0.202461 -0.029131 0.8488746 -0.3753258 -0.3722128 0.8488746 -0.3753258 -0.3722128 0.978857 -0.202461 -0.029131 0.928007 -0.368643 -0.053901 -0.8647857 0.118523 0.4879528 -0.2915739 0.11245 0.9499156 -0.834075 0.283059 0.473494 -0.834075 0.283059 0.473494 -0.2915739 0.11245 0.9499156 -0.3144019 0.2267079 0.9218216 -0.9896541 0.142709 -0.014793 -0.9990534 -0.03369101 -0.02751801 -0.8647857 0.118523 0.4879528 -0.8647857 0.118523 0.4879528 -0.9990534 -0.03369101 -0.02751801 -0.8790077 -0.02400599 0.4762028 -0.9899871 -0.027848 -0.138384 -0.9990534 -0.03369101 -0.02751801 -0.9655395 0.1291719 -0.2259379 -0.9655395 0.1291719 -0.2259379 -0.9990534 -0.03369101 -0.02751801 -0.9896541 0.142709 -0.014793 -0.396851 0.32544 -0.858253 -0.5951437 0.06089697 -0.8013087 -0.7453656 0.2573309 -0.6149887 -0.7453656 0.2573309 -0.6149887 -0.5951437 0.06089697 -0.8013087 -0.8240928 0.02183199 -0.5660339 -0.151028 0.069702 -0.9860691 -0.2418211 0.07662703 -0.9672904 -0.130106 0.282991 -0.9502571 -0.130106 0.282991 -0.9502571 -0.2418211 0.07662703 -0.9672904 -0.220251 0.331315 -0.917453 0.2706409 0.9626747 -0.003298999 0.8350998 0.5496799 -0.02145499 0.3758538 0.9210826 -0.10169 0.3758538 0.9210826 -0.10169 0.8350998 0.5496799 -0.02145499 0.695382 0.578748 -0.426022 0.103125 0.5367631 0.8374071 0.14949 0.5414149 0.8273588 0.03459599 0.9577878 0.2853869 0.03459599 0.9577878 0.2853869 0.14949 0.5414149 0.8273588 0.05143202 0.9759034 0.2120551 0.03733299 0.9719836 -0.2320649 0.06461298 0.5129508 -0.8559827 -4.22e-4 0.9489777 -0.3153429 -4.22e-4 0.9489777 -0.3153429 0.06461298 0.5129508 -0.8559827 0 0.5121651 -0.8588871 0.2602219 0.9482148 0.182135 0.13711 0.975017 0.174765 0.6284268 0.5590079 0.5409158 0.6284268 0.5590079 0.5409158 0.13711 0.975017 0.174765 0.490609 0.557191 0.669956 0.2902449 0.9562585 0.03643499 0.264389 0.9599902 0.09228902 0.8202386 0.5469728 0.1674199 0.8202386 0.5469728 0.1674199 0.264389 0.9599902 0.09228902 0.7627438 0.5591148 0.3249809 0.154696 0.9600241 -0.233287 0.3269252 0.5526322 -0.7666274 0.03733299 0.9719836 -0.2320649 0.03733299 0.9719836 -0.2320649 0.3269252 0.5526322 -0.7666274 0.06461298 0.5129508 -0.8559827 0.3758538 0.9210826 -0.10169 0.695382 0.578748 -0.426022 0.154696 0.9600241 -0.233287 0.154696 0.9600241 -0.233287 0.695382 0.578748 -0.426022 0.3269252 0.5526322 -0.7666274 0.8214171 0.5702651 -0.008477001 0.2649539 0.9642596 0.001680999 0.8300474 0.5568092 0.03138201 0.8300474 0.5568092 0.03138201 0.2649539 0.9642596 0.001680999 0.1861321 0.9825124 0.004925002 0 -1 0 0 -1 0 0 -1 0 0.9204701 -0.355634 -0.162047 0.9186323 -0.3761772 -0.120853 0.936226 -0.351383 0.003285 0.936226 -0.351383 0.003285 0.9186323 -0.3761772 -0.120853 0.9209011 -0.389794 0.001302 0.695382 0.578748 -0.426022 0.8350998 0.5496799 -0.02145499 0.8346422 -0.4543401 -0.3113641 0.8346422 -0.4543401 -0.3113641 0.8350998 0.5496799 -0.02145499 0.931879 -0.361769 -0.026922 0.2706409 0.9626747 -0.003298999 0.03733299 0.9719836 -0.2320649 0 1 0 0 1 0 0.03733299 0.9719836 -0.2320649 -4.22e-4 0.9489777 -0.3153429 0.6020982 -0.7984193 0.002100001 0.6076772 -0.7939972 -0.01722701 0.9325941 -0.360917 -0.002716 0.9325941 -0.360917 -0.002716 0.6076772 -0.7939972 -0.01722701 0.931879 -0.361769 -0.026922 0.928007 -0.368643 -0.053901 0.978857 -0.202461 -0.029131 0.9501931 -0.311568 -0.007651 0.9501931 -0.311568 -0.007651 0.978857 -0.202461 -0.029131 0.9840612 -0.17782 -0.00186 0.8350998 0.5496799 -0.02145499 0.2706409 0.9626747 -0.003298999 0.8214171 0.5702651 -0.008477001 0.8214171 0.5702651 -0.008477001 0.2706409 0.9626747 -0.003298999 0.2649539 0.9642596 0.001680999 0 1 0 0 1 0 0 1 0 0 1 0 0 1 0 0.2649539 0.9642596 0.001680999 0 0 -1 0 0 -1 0 0 -1 0 0 -1 0 0 -1 0 0 -1 0.9998656 -0.006327998 -0.01512499 0.999735 -0.007153 -0.021883 0.9997863 -0.019339 -0.007304002 6.18e-4 0.5877589 -0.8090358 2.82e-4 0.9307574 -0.3656372 5.23e-4 0.7338881 -0.6792701 5.23e-4 0.7338881 -0.6792701 2.82e-4 0.9307574 -0.3656372 1.41e-4 0.9831732 -0.182676 2.82e-4 0.9307574 -0.3656372 0 1 2.49e-4 1.41e-4 0.9831732 -0.182676 1.41e-4 0.9831732 -0.182676 0 1 2.49e-4 0 1 2.55e-4 2.65e-4 0.9369233 -0.3495351 6.18e-4 0.5877589 -0.8090358 5.33e-4 0.7151262 -0.6989952 5.33e-4 0.7151262 -0.6989952 6.18e-4 0.5877589 -0.8090358 5.23e-4 0.7338881 -0.6792701 0.3758538 0.9210826 -0.10169 0.154696 0.9600241 -0.233287 0.2706409 0.9626747 -0.003298999 0.9209011 -0.389794 0.001302 0.9261006 -0.3749488 0.04184798 0.936226 -0.351383 0.003285 0.936226 -0.351383 0.003285 0.9261006 -0.3749488 0.04184798 0.9205291 -0.3897681 0.02659 0.5940929 -0.5556369 0.5816539 0.6938688 -0.4449528 0.5661828 0.8773758 -0.4116429 0.246499 0.8773758 -0.4116429 0.246499 0.6938688 -0.4449528 0.5661828 0.9145961 -0.358632 0.186808 0.2479971 -0.6625752 0.7067472 0.2708659 -0.5750199 0.7719998 0.5940929 -0.5556369 0.5816539 0.5940929 -0.5556369 0.5816539 0.2708659 -0.5750199 0.7719998 0.6938688 -0.4449528 0.5661828 0.2708659 -0.5750199 0.7719998 0.2479971 -0.6625752 0.7067472 0.115797 -0.6235172 0.7731864 0.115797 -0.6235172 0.7731864 0.2479971 -0.6625752 0.7067472 0.100188 -0.6891909 0.7176198 0.9186323 -0.3761772 -0.120853 0.928007 -0.368643 -0.053901 0.9209011 -0.389794 0.001302 0.9209011 -0.389794 0.001302 0.928007 -0.368643 -0.053901 0.9501931 -0.311568 -0.007651 0.9186323 -0.3761772 -0.120853 0.7687567 -0.4937408 -0.4064888 0.928007 -0.368643 -0.053901 0.928007 -0.368643 -0.053901 0.7687567 -0.4937408 -0.4064888 0.8488746 -0.3753258 -0.3722128 0.384599 -0.473672 -0.7922869 0.4550571 -0.4022422 -0.7944333 0.7687567 -0.4937408 -0.4064888 0.7687567 -0.4937408 -0.4064888 0.4550571 -0.4022422 -0.7944333 0.8488746 -0.3753258 -0.3722128 0.384599 -0.473672 -0.7922869 0.1187479 -0.3450648 -0.9310366 0.4550571 -0.4022422 -0.7944333 0.01603499 -0.3042799 -0.9524477 0.1187479 -0.3450648 -0.9310366 0.08988601 -0.4014191 -0.9114731 0.08988601 -0.4014191 -0.9114731 0.1187479 -0.3450648 -0.9310366 0.384599 -0.473672 -0.7922869 0.9501931 -0.311568 -0.007651 0.9840612 -0.17782 -0.00186 0.9386075 -0.3423108 0.04288598 0.9386075 -0.3423108 0.04288598 0.9840612 -0.17782 -0.00186 0.9816206 -0.1862919 0.04142698 0.7200883 -0.3745551 0.5841072 0.6351298 -0.5449928 0.5473508 0.9335122 -0.267965 0.2382221 0.9335122 -0.267965 0.2382221 0.6351298 -0.5449928 0.5473508 0.8836978 -0.403118 0.237853 0.416367 -0.442275 0.7943749 0.3887408 -0.5930877 0.7050726 0.7200883 -0.3745551 0.5841072 0.7200883 -0.3745551 0.5841072 0.3887408 -0.5930877 0.7050726 0.6351298 -0.5449928 0.5473508 0.164089 -0.6312951 0.7579851 0.16448 -0.4671089 0.8687668 0.05344201 -0.6022851 0.7964901 0.05344201 -0.6022851 0.7964901 0.16448 -0.4671089 0.8687668 0.05762102 -0.4390681 0.8966042 0.9984346 -0.05590498 0.001711999 0.9955962 -0.09374002 9.07e-4 0.9981133 -0.05564602 -0.02594901 0.9981133 -0.05564602 -0.02594901 0.9955962 -0.09374002 9.07e-4 0.9936793 -0.109294 -0.02562001 0.9936793 -0.109294 -0.02562001 0.9127567 -0.09903898 -0.3963159 0.9981133 -0.05564602 -0.02594901 0.9981133 -0.05564602 -0.02594901 0.9127567 -0.09903898 -0.3963159 0.9131344 -0.05095002 -0.4044622 0.9131344 -0.05095002 -0.4044622 0.9127567 -0.09903898 -0.3963159 0.4850682 -0.04267602 -0.8734344 0.4850682 -0.04267602 -0.8734344 0.9127567 -0.09903898 -0.3963159 0.4906221 -0.104265 -0.8651121 0.157278 -0.07723298 -0.9845297 0.122039 -0.025336 -0.9922018 0.4906221 -0.104265 -0.8651121 0.4906221 -0.104265 -0.8651121 0.122039 -0.025336 -0.9922018 0.4850682 -0.04267602 -0.8734344 0.002244001 -0.02258501 -0.9997424 0.122039 -0.025336 -0.9922018 2.88e-4 -0.05866498 -0.9982777 2.88e-4 -0.05866498 -0.9982777 0.122039 -0.025336 -0.9922018 0.157278 -0.07723298 -0.9845297 0.6351298 -0.5449928 0.5473508 0.5940929 -0.5556369 0.5816539 0.8836978 -0.403118 0.237853 0.8836978 -0.403118 0.237853 0.5940929 -0.5556369 0.5816539 0.8773758 -0.4116429 0.246499 0.3887408 -0.5930877 0.7050726 0.2479971 -0.6625752 0.7067472 0.6351298 -0.5449928 0.5473508 0.6351298 -0.5449928 0.5473508 0.2479971 -0.6625752 0.7067472 0.5940929 -0.5556369 0.5816539 0.2479971 -0.6625752 0.7067472 0.164089 -0.6312951 0.7579851 0.100188 -0.6891909 0.7176198 0.100188 -0.6891909 0.7176198 0.164089 -0.6312951 0.7579851 0.05344201 -0.6022851 0.7964901 0.9501931 -0.311568 -0.007651 0.9386075 -0.3423108 0.04288598 0.9209011 -0.389794 0.001302 0.9209011 -0.389794 0.001302 0.9386075 -0.3423108 0.04288598 0.9261006 -0.3749488 0.04184798 -0.012405 0.7057822 0.7083203 -0.009863001 0.3975511 0.9175271 -0.01255199 0.5621167 0.8269626 -0.01255199 0.5621167 0.8269626 -0.009863001 0.3975511 0.9175271 -4.06e-4 0.3653869 0.9308557 -2.66e-4 0.7969001 0.6041111 -0.012405 0.7057822 0.7083203 -0.008424003 0.8140483 0.5807362 -0.008424003 0.8140483 0.5807362 -0.012405 0.7057822 0.7083203 -0.01255199 0.5621167 0.8269626 0 1 0 2.65e-4 0.9369233 -0.3495351 0 1 0 0 1 0 2.65e-4 0.9369233 -0.3495351 5.33e-4 0.7151262 -0.6989952 0 -1 0 0 -1 0 0 -1 0 0.9996095 -0.005431997 -0.02741099 0.9995134 -0.008199996 -0.03009398 0.999735 -0.007153 -0.021883 0.9995134 -0.008199996 -0.03009398 0.9996271 -0.005915001 -0.02666 0.999735 -0.007153 -0.021883 0.9998656 -0.006327998 -0.01512499 0.9998478 0 -0.017444 0.9998042 0 -0.019787 0.9996095 -0.005431997 -0.02741099 0.999735 -0.007153 -0.021883 0.9998042 0 -0.019787 0.9998656 -0.006327998 -0.01512499 0.9998042 0 -0.019787 0.999735 -0.007153 -0.021883 0.2649539 0.9642596 0.001680999 0 1 0 0 1 0 0 -1 0 0 -1 0 0 -1 0 0 -1 0 0 -1 0 0 -1 0 0.9984346 -0.05590498 0.001711999 0.9981133 -0.05564602 -0.02594901 0.9990606 -0.04227998 -0.009500996 0.9990606 -0.04227998 -0.009500996 0.9981133 -0.05564602 -0.02594901 0.9989527 -0.03474299 -0.02977099 0.9981133 -0.05564602 -0.02594901 0.9131344 -0.05095002 -0.4044622 0.9989527 -0.03474299 -0.02977099 0.9989527 -0.03474299 -0.02977099 0.9131344 -0.05095002 -0.4044622 0.9135188 -0.03945899 -0.4048779 0.9135188 -0.03945899 -0.4048779 0.9131344 -0.05095002 -0.4044622 0.557264 -0.035784 -0.829564 0.557264 -0.035784 -0.829564 0.9131344 -0.05095002 -0.4044622 0.4850682 -0.04267602 -0.8734344 0.122039 -0.025336 -0.9922018 0.119453 -0.01969901 -0.9926444 0.4850682 -0.04267602 -0.8734344 0.4850682 -0.04267602 -0.8734344 0.119453 -0.01969901 -0.9926444 0.557264 -0.035784 -0.829564 0.006730998 -0.03044799 -0.9995137 0.119453 -0.01969901 -0.9926444 0.002244001 -0.02258501 -0.9997424 0.002244001 -0.02258501 -0.9997424 0.119453 -0.01969901 -0.9926444 0.122039 -0.025336 -0.9922018 0.06010001 -0.171472 0.9833542 0.167773 -0.107097 0.9799911 0.103304 -0.07040201 0.9921552 0.103304 -0.07040201 0.9921552 0.167773 -0.107097 0.9799911 0.238721 -0.011172 0.971024 0.5975203 -0.1197311 0.7928644 0.3948972 -0.01858001 0.9185374 0.418984 -0.116815 0.9004481 0.7867348 -0.11275 0.6069068 0.7613233 -0.1479691 0.6312622 0.919607 -0.044265 0.390338 0.919607 -0.044265 0.390338 0.7613233 -0.1479691 0.6312622 0.9687975 -0.05332098 0.2420499 0.9990606 -0.04227998 -0.009500996 0.999429 0.002054 0.033724 0.9984346 -0.05590498 0.001711999 0.9984346 -0.05590498 0.001711999 0.999429 0.002054 0.033724 0.9974256 -0.06597697 0.02809499 0.16448 -0.4671089 0.8687668 0.1548 -0.2757599 0.9486797 0.05762102 -0.4390681 0.8966042 0.05762102 -0.4390681 0.8966042 0.1548 -0.2757599 0.9486797 0.05938102 -0.2881831 0.9557323 0.4535311 -0.27942 0.8463061 0.416367 -0.442275 0.7943749 0.7669112 -0.2294101 0.5993482 0.7669112 -0.2294101 0.5993482 0.416367 -0.442275 0.7943749 0.7200883 -0.3745551 0.5841072 0.7669112 -0.2294101 0.5993482 0.7200883 -0.3745551 0.5841072 0.9595698 -0.165584 0.227613 0.9595698 -0.165584 0.227613 0.7200883 -0.3745551 0.5841072 0.9335122 -0.267965 0.2382221 0.9840612 -0.17782 -0.00186 0.9955962 -0.09374002 9.07e-4 0.9816206 -0.1862919 0.04142698 0.9816206 -0.1862919 0.04142698 0.9955962 -0.09374002 9.07e-4 0.9933335 -0.108674 0.03845302 0.978857 -0.202461 -0.029131 0.9936793 -0.109294 -0.02562001 0.9840612 -0.17782 -0.00186 0.9840612 -0.17782 -0.00186 0.9936793 -0.109294 -0.02562001 0.9955962 -0.09374002 9.07e-4 0.9127567 -0.09903898 -0.3963159 0.9936793 -0.109294 -0.02562001 0.8970478 -0.20471 -0.3916619 0.8970478 -0.20471 -0.3916619 0.9936793 -0.109294 -0.02562001 0.978857 -0.202461 -0.029131 0.4865129 -0.2141519 -0.8470207 0.4906221 -0.104265 -0.8651121 0.8970478 -0.20471 -0.3916619 0.8970478 -0.20471 -0.3916619 0.4906221 -0.104265 -0.8651121 0.9127567 -0.09903898 -0.3963159 0.4906221 -0.104265 -0.8651121 0.4865129 -0.2141519 -0.8470207 0.157278 -0.07723298 -0.9845297 0.157278 -0.07723298 -0.9845297 0.4865129 -0.2141519 -0.8470207 0.1438091 -0.1640301 -0.9759165 0.157278 -0.07723298 -0.9845297 0.1438091 -0.1640301 -0.9759165 2.88e-4 -0.05866498 -0.9982777 2.88e-4 -0.05866498 -0.9982777 0.1438091 -0.1640301 -0.9759165 0.006272 -0.168305 -0.985715 -0.3984348 0.5169358 -0.7576457 -0.2548279 0.6697448 -0.6974987 -0.1896311 0.5591182 -0.8071102 -0.2418211 0.07662703 -0.9672904 -0.3754179 0.03636899 -0.9261418 -0.220251 0.331315 -0.917453 -0.220251 0.331315 -0.917453 -0.3754179 0.03636899 -0.9261418 -0.396851 0.32544 -0.858253 -0.232687 0.001845 -0.97255 -0.3611499 -0.09081697 -0.9280748 -0.2418211 0.07662703 -0.9672904 -0.2418211 0.07662703 -0.9672904 -0.3611499 -0.09081697 -0.9280748 -0.3754179 0.03636899 -0.9261418 0.014669 0.9998636 -0.007582997 0 1 0 0.113579 0.9720194 0.2056161 0.113579 0.9720194 0.2056161 0 1 0 0.05143202 0.9759034 0.2120551 0.113579 0.9720194 0.2056161 0.05143202 0.9759034 0.2120551 0.316573 0.55766 0.767331 0.316573 0.55766 0.767331 0.05143202 0.9759034 0.2120551 0.14949 0.5414149 0.8273588 0.367476 -0.534898 0.7608191 0.316573 0.55766 0.767331 0.1811129 -0.5576258 0.8100936 0.1811129 -0.5576258 0.8100936 0.316573 0.55766 0.767331 0.14949 0.5414149 0.8273588 0.15638 -0.9288148 0.3359289 0.367476 -0.534898 0.7608191 0.08305302 -0.9371392 0.3389281 0.08305302 -0.9371392 0.3389281 0.367476 -0.534898 0.7608191 0.1811129 -0.5576258 0.8100936 0.167773 -0.107097 0.9799911 0.418984 -0.116815 0.9004481 0.238721 -0.011172 0.971024 0.238721 -0.011172 0.971024 0.418984 -0.116815 0.9004481 0.3948972 -0.01858001 0.9185374 0.4535311 -0.27942 0.8463061 0.418984 -0.116815 0.9004481 0.1548 -0.2757599 0.9486797 0.1548 -0.2757599 0.9486797 0.418984 -0.116815 0.9004481 0.167773 -0.107097 0.9799911 0.416367 -0.442275 0.7943749 0.4535311 -0.27942 0.8463061 0.16448 -0.4671089 0.8687668 0.16448 -0.4671089 0.8687668 0.4535311 -0.27942 0.8463061 0.1548 -0.2757599 0.9486797 0.3887408 -0.5930877 0.7050726 0.416367 -0.442275 0.7943749 0.164089 -0.6312951 0.7579851 0.164089 -0.6312951 0.7579851 0.416367 -0.442275 0.7943749 0.16448 -0.4671089 0.8687668 0.2479971 -0.6625752 0.7067472 0.3887408 -0.5930877 0.7050726 0.164089 -0.6312951 0.7579851 -0.9990534 -0.03369101 -0.02751801 -0.9899871 -0.027848 -0.138384 -0.9954851 -0.084011 -0.044177 -0.9954851 -0.084011 -0.044177 -0.9899871 -0.027848 -0.138384 -0.9805762 -0.02522501 -0.19451 0 1 0 0 1 0 0.1861321 0.9825124 0.004925002 0.1861321 0.9825124 0.004925002 0 1 0 0.2902449 0.9562585 0.03643499 0.1861321 0.9825124 0.004925002 0.2902449 0.9562585 0.03643499 0.8300474 0.5568092 0.03138201 0.8300474 0.5568092 0.03138201 0.2902449 0.9562585 0.03643499 0.8202386 0.5469728 0.1674199 0.836358 -0.547163 0.033439 0.8300474 0.5568092 0.03138201 0.9098242 -0.3882051 0.146686 0.9098242 -0.3882051 0.146686 0.8300474 0.5568092 0.03138201 0.8202386 0.5469728 0.1674199 0.597516 -0.8014721 0.024846 0.836358 -0.547163 0.033439 0.5746598 -0.8143947 0.08079197 0.5746598 -0.8143947 0.08079197 0.836358 -0.547163 0.033439 0.9098242 -0.3882051 0.146686 0.9974256 -0.06597697 0.02809499 0.999429 0.002054 0.033724 0.9687975 -0.05332098 0.2420499 0.9687975 -0.05332098 0.2420499 0.999429 0.002054 0.033724 0.9778072 0.108414 0.1792751 0.9933335 -0.108674 0.03845302 0.9974256 -0.06597697 0.02809499 0.9595698 -0.165584 0.227613 0.9595698 -0.165584 0.227613 0.9974256 -0.06597697 0.02809499 0.9687975 -0.05332098 0.2420499 0.9595698 -0.165584 0.227613 0.9335122 -0.267965 0.2382221 0.9933335 -0.108674 0.03845302 0.9933335 -0.108674 0.03845302 0.9335122 -0.267965 0.2382221 0.9816206 -0.1862919 0.04142698 0.9335122 -0.267965 0.2382221 0.8836978 -0.403118 0.237853 0.9816206 -0.1862919 0.04142698 0.9816206 -0.1862919 0.04142698 0.8836978 -0.403118 0.237853 0.9386075 -0.3423108 0.04288598 0.8836978 -0.403118 0.237853 0.8773758 -0.4116429 0.246499 0.9386075 -0.3423108 0.04288598 0.9386075 -0.3423108 0.04288598 0.8773758 -0.4116429 0.246499 0.9261006 -0.3749488 0.04184798 0.9205291 -0.3897681 0.02659 0.9261006 -0.3749488 0.04184798 0.9145961 -0.358632 0.186808 0.9145961 -0.358632 0.186808 0.9261006 -0.3749488 0.04184798 0.8773758 -0.4116429 0.246499 -0.9655395 0.1291719 -0.2259379 -0.9394077 0.03258299 -0.3412499 -0.9899871 -0.027848 -0.138384 -0.8840816 0.4226128 -0.1994949 -0.6368009 0.5650129 -0.5246379 -0.925676 0.321263 -0.199785 -0.925676 0.321263 -0.199785 -0.6368009 0.5650129 -0.5246379 -0.7124391 0.4486791 -0.539553 2.35e-4 0.9999997 6.53e-4 0 1 0 0 1 0 0 1 0 0 1 0 0 1 0 -0.130106 0.282991 -0.9502571 -0.220251 0.331315 -0.917453 -0.160133 0.5337051 -0.8303712 -0.160133 0.5337051 -0.8303712 -0.220251 0.331315 -0.917453 -0.1896311 0.5591182 -0.8071102 -0.3984348 0.5169358 -0.7576457 -0.1896311 0.5591182 -0.8071102 -0.396851 0.32544 -0.858253 -0.396851 0.32544 -0.858253 -0.1896311 0.5591182 -0.8071102 -0.220251 0.331315 -0.917453 -0.396851 0.32544 -0.858253 -0.7453656 0.2573309 -0.6149887 -0.3984348 0.5169358 -0.7576457 -0.3984348 0.5169358 -0.7576457 -0.7453656 0.2573309 -0.6149887 -0.7124391 0.4486791 -0.539553 -0.925676 0.321263 -0.199785 -0.7124391 0.4486791 -0.539553 -0.9655395 0.1291719 -0.2259379 -0.9655395 0.1291719 -0.2259379 -0.7124391 0.4486791 -0.539553 -0.7453656 0.2573309 -0.6149887 -0.9655395 0.1291719 -0.2259379 -0.9896541 0.142709 -0.014793 -0.925676 0.321263 -0.199785 -0.925676 0.321263 -0.199785 -0.9896541 0.142709 -0.014793 -0.9551376 0.2956758 -0.01697199 -0.9551376 0.2956758 -0.01697199 -0.9896541 0.142709 -0.014793 -0.834075 0.283059 0.473494 -0.834075 0.283059 0.473494 -0.9896541 0.142709 -0.014793 -0.8647857 0.118523 0.4879528 -0.03791101 0.09564603 0.9946932 -0.2915739 0.11245 0.9499156 -0.03842399 -0.014051 0.9991627 -0.03842399 -0.014051 0.9991627 -0.2915739 0.11245 0.9499156 -0.3929261 -0.02155801 0.9193173 -0.8790077 -0.02400599 0.4762028 -0.3929261 -0.02155801 0.9193173 -0.8647857 0.118523 0.4879528 -0.8647857 0.118523 0.4879528 -0.3929261 -0.02155801 0.9193173 -0.2915739 0.11245 0.9499156 -0.6822681 0.563813 -0.4654301 -0.2664969 0.6885028 -0.6744948 -0.6368009 0.5650129 -0.5246379 -0.6368009 0.5650129 -0.5246379 -0.2664969 0.6885028 -0.6744948 -0.2548279 0.6697448 -0.6974987 -0.8817418 0.4389159 -0.17287 -0.6822681 0.563813 -0.4654301 -0.8840816 0.4226128 -0.1994949 -0.8840816 0.4226128 -0.1994949 -0.6822681 0.563813 -0.4654301 -0.6368009 0.5650129 -0.5246379 -0.9177758 0.3941379 -0.04840399 -0.8817418 0.4389159 -0.17287 -0.9283613 0.3704061 -0.03073501 -0.9283613 0.3704061 -0.03073501 -0.8817418 0.4389159 -0.17287 -0.8840816 0.4226128 -0.1994949 -0.8353693 0.3694071 0.4070582 -0.8482469 0.392407 0.35566 -0.9283613 0.3704061 -0.03073501 -0.9283613 0.3704061 -0.03073501 -0.8482469 0.392407 0.35566 -0.9177758 0.3941379 -0.04840399 -0.8353693 0.3694071 0.4070582 -0.3769831 0.2959311 0.8776723 -0.8482469 0.392407 0.35566 -0.8482469 0.392407 0.35566 -0.3769831 0.2959311 0.8776723 -0.2848672 0.3017842 0.9098226 -0.131888 0.6826362 -0.7187582 -0.2548279 0.6697448 -0.6974987 -0.08915801 0.7319831 -0.675464 -0.08915801 0.7319831 -0.675464 -0.2548279 0.6697448 -0.6974987 -0.2664969 0.6885028 -0.6744948 -3.79e-4 0.9999996 7.47e-4 0 0.9999996 8.68e-4 2.35e-4 0.9999997 6.53e-4 -0.3769831 0.2959311 0.8776723 -0.04720998 0.2258879 0.9730087 -0.2848672 0.3017842 0.9098226 -0.2848672 0.3017842 0.9098226 -0.04720998 0.2258879 0.9730087 -0.05380598 0.2389799 0.9695326 -0.04720998 0.2258879 0.9730087 -0.3769831 0.2959311 0.8776723 -0.03940899 0.1687739 0.9848666 -0.03940899 0.1687739 0.9848666 -0.3769831 0.2959311 0.8776723 -0.3144019 0.2267079 0.9218216 -0.03940899 0.1687739 0.9848666 -0.3144019 0.2267079 0.9218216 -0.03791101 0.09564603 0.9946932 -0.03791101 0.09564603 0.9946932 -0.3144019 0.2267079 0.9218216 -0.2915739 0.11245 0.9499156 6.13e-4 0.9999991 0.001199 -3.79e-4 0.9999996 7.47e-4 2.35e-4 0.9999997 6.53e-4 0.13711 0.975017 0.174765 0.113579 0.9720194 0.2056161 0.490609 0.557191 0.669956 0.490609 0.557191 0.669956 0.113579 0.9720194 0.2056161 0.316573 0.55766 0.767331 0.002324 0.9999962 -0.001507 0.014669 0.9998636 -0.007582997 0.13711 0.975017 0.174765 0.13711 0.975017 0.174765 0.014669 0.9998636 -0.007582997 0.113579 0.9720194 0.2056161 -0.5951437 0.06089697 -0.8013087 -0.3754179 0.03636899 -0.9261418 -0.5017609 -0.100981 -0.8590919 -0.5017609 -0.100981 -0.8590919 -0.3754179 0.03636899 -0.9261418 -0.3611499 -0.09081697 -0.9280748 -0.396851 0.32544 -0.858253 -0.3754179 0.03636899 -0.9261418 -0.5951437 0.06089697 -0.8013087 0.7208311 -0.4694921 0.5098821 0.6284268 0.5590079 0.5409158 0.5337881 -0.5033551 0.6794881 0.5337881 -0.5033551 0.6794881 0.6284268 0.5590079 0.5409158 0.490609 0.557191 0.669956 0.380232 -0.891039 0.247938 0.7208311 -0.4694921 0.5098821 0.2572619 -0.9117347 0.3202439 0.2572619 -0.9117347 0.3202439 0.7208311 -0.4694921 0.5098821 0.5337881 -0.5033551 0.6794881 0.7867348 -0.11275 0.6069068 0.5975203 -0.1197311 0.7928644 0.7613233 -0.1479691 0.6312622 0.7613233 -0.1479691 0.6312622 0.5975203 -0.1197311 0.7928644 0.418984 -0.116815 0.9004481 0.7208311 -0.4694921 0.5098821 0.380232 -0.891039 0.247938 0.8457398 -0.4289579 0.3173629 0.8457398 -0.4289579 0.3173629 0.380232 -0.891039 0.247938 0.4921191 -0.8526532 0.175503 0.8457398 -0.4289579 0.3173629 0.7627438 0.5591148 0.3249809 0.7208311 -0.4694921 0.5098821 0.7208311 -0.4694921 0.5098821 0.7627438 0.5591148 0.3249809 0.6284268 0.5590079 0.5409158 0.264389 0.9599902 0.09228902 0.2602219 0.9482148 0.182135 0.7627438 0.5591148 0.3249809 0.7627438 0.5591148 0.3249809 0.2602219 0.9482148 0.182135 0.6284268 0.5590079 0.5409158 0 1 0 -0.007574996 0.9999505 0.006460996 0.264389 0.9599902 0.09228902 0.264389 0.9599902 0.09228902 -0.007574996 0.9999505 0.006460996 0.2602219 0.9482148 0.182135 -0.9394077 0.03258299 -0.3412499 -0.8240928 0.02183199 -0.5660339 -0.914403 -0.0652 -0.39952 -0.914403 -0.0652 -0.39952 -0.8240928 0.02183199 -0.5660339 -0.7445749 -0.08172899 -0.6625169 0.919607 -0.044265 0.390338 0.9687975 -0.05332098 0.2420499 0.9778072 0.108414 0.1792751 -0.9655395 0.1291719 -0.2259379 -0.7453656 0.2573309 -0.6149887 -0.9394077 0.03258299 -0.3412499 -0.9394077 0.03258299 -0.3412499 -0.7453656 0.2573309 -0.6149887 -0.8240928 0.02183199 -0.5660339 0 -1 0 0 -1 0 0 -1 0 -0.920469 -0.355633 -0.162056 -0.9186311 -0.3761781 -0.120859 -0.7720386 -0.4197648 -0.4772358 -0.7720386 -0.4197648 -0.4772358 -0.9186311 -0.3761781 -0.120859 -0.7687528 -0.4937409 -0.4064959 -0.9595696 -0.1655879 0.2276109 -0.7669107 -0.2294049 0.5993508 -0.9687977 -0.05330699 0.242052 -0.9687977 -0.05330699 0.242052 -0.7669107 -0.2294049 0.5993508 -0.7613233 -0.1479641 0.6312633 -0.05938302 -0.2881831 0.9557323 -0.060103 -0.171472 0.983354 -0.154801 -0.2757599 0.9486797 -0.154801 -0.2757599 0.9486797 -0.060103 -0.171472 0.983354 -0.1677751 -0.1071 0.9799904 -0.486508 -0.214154 -0.8470231 -0.1438089 -0.1640299 -0.9759166 -0.4550571 -0.4022422 -0.7944333 -0.4550571 -0.4022422 -0.7944333 -0.1438089 -0.1640299 -0.9759166 -0.1187479 -0.3450648 -0.9310366 -0.4189838 -0.1168129 0.9004484 -0.7613233 -0.1479641 0.6312633 -0.453529 -0.279418 0.8463079 -0.453529 -0.279418 0.8463079 -0.7613233 -0.1479641 0.6312633 -0.7669107 -0.2294049 0.5993508 0 -1 0 0 -1 0 0 -1 0 0 -1 0 0 -1 0 0 -1 0 -2.35e-4 0.9999997 6.53e-4 -9.68e-4 0.9999991 8.86e-4 0 1 0 -0.836358 -0.547163 0.033439 -0.8300537 0.5567998 0.03138199 -0.9325866 -0.3609362 -0.002715002 -0.9325866 -0.3609362 -0.002715002 -0.8300537 0.5567998 0.03138199 -0.8214288 0.5702479 -0.008479998 -6.13e-4 0.9999991 0.001199 -9.68e-4 0.9999991 8.86e-4 -2.35e-4 0.9999997 6.53e-4 0 0.5121658 -0.8588867 0 -0.335829 -0.941923 -0.06461301 0.5129502 -0.8559832 -0.06461301 0.5129502 -0.8559832 0 -0.335829 -0.941923 -0.1098251 -0.5746194 -0.8110185 -0.119378 -0.3366839 -0.9340197 -0.287834 -0.384073 -0.877291 -0.08988701 -0.4014191 -0.9114731 -0.08988701 -0.4014191 -0.9114731 -0.287834 -0.384073 -0.877291 -0.3846001 -0.4736722 -0.7922862 -0.3269249 0.5526289 -0.7666299 -0.492759 -0.371145 -0.7870451 -0.6953838 0.5787458 -0.4260218 -0.6953838 0.5787458 -0.4260218 -0.492759 -0.371145 -0.7870451 -0.8346422 -0.4543401 -0.3113641 -0.7687528 -0.4937409 -0.4064959 -0.3846001 -0.4736722 -0.7922862 -0.7720386 -0.4197648 -0.4772358 -0.7720386 -0.4197648 -0.4772358 -0.3846001 -0.4736722 -0.7922862 -0.287834 -0.384073 -0.877291 0 -1 0 0 -1 0 0 -1 0 -0.8350998 0.5496799 -0.02145799 -0.9318753 -0.3617781 -0.02692401 -0.8214288 0.5702479 -0.008479998 -0.8214288 0.5702479 -0.008479998 -0.9318753 -0.3617781 -0.02692401 -0.9325866 -0.3609362 -0.002715002 0 1 0 0 1 0 -0.1861321 0.9825124 0.004925002 -0.1861321 0.9825124 0.004925002 0 1 0 -0.2649539 0.9642596 0.001680999 -0.2643791 0.9599933 0.09228503 0 1 0 -0.290237 0.956261 0.036433 -0.290237 0.956261 0.036433 0 1 0 0 1 0 -0.260217 0.9482162 0.182135 -0.13711 0.975017 0.174765 0.007575003 0.9999505 0.006461003 0.007575003 0.9999505 0.006461003 -0.13711 0.975017 0.174765 -0.002324 0.9999962 -0.001506 -0.037333 0.9719831 -0.232067 -0.1546989 0.9600235 -0.2332879 -0.2706409 0.9626747 -0.003300999 -0.03459698 0.9577875 0.2853878 0 1 0 -0.05143301 0.9759032 0.212056 -0.05143301 0.9759032 0.212056 0 1 0 0 1 0 0.03590801 -0.06384802 0.9973134 0.2317721 -0.06841303 0.9703615 0.03842499 -0.014051 0.9991627 0.03842499 -0.014051 0.9991627 0.2317721 -0.06841303 0.9703615 0.3929261 -0.02155801 0.9193173 0.8790075 -0.02400601 0.4762032 0.3929261 -0.02155801 0.9193173 0.8811551 -0.121169 0.457038 0.8811551 -0.121169 0.457038 0.3929261 -0.02155801 0.9193173 0.2317721 -0.06841303 0.9703615 0.9954843 -0.08402103 -0.04417501 0.9990535 -0.03368898 -0.02751599 0.8811551 -0.121169 0.457038 0.8811551 -0.121169 0.457038 0.9990535 -0.03368898 -0.02751599 0.8790075 -0.02400601 0.4762032 0.914399 -0.065219 -0.399526 0.9394051 0.032576 -0.341258 0.9805753 -0.02525601 -0.1945101 0.9805753 -0.02525601 -0.1945101 0.9394051 0.032576 -0.341258 0.9899873 -0.02785601 -0.138381 0.5017609 -0.100981 -0.8590919 0.5951447 0.06089898 -0.8013077 0.7445744 -0.08172904 -0.6625174 0.7445744 -0.08172904 -0.6625174 0.5951447 0.06089898 -0.8013077 0.824088 0.021831 -0.566041 0.141358 -0.007283999 -0.9899318 0.151035 0.069702 -0.986068 0.2326919 0.001844999 -0.9725487 0.2326919 0.001844999 -0.9725487 0.151035 0.069702 -0.986068 0.2418249 0.07662696 -0.9672895 0.8340716 0.2830608 0.4734988 0.8353685 0.3694028 0.4070638 0.314396 0.226706 0.9218241 0.314396 0.226706 0.9218241 0.8353685 0.3694028 0.4070638 0.376983 0.295929 0.877673 0.8340716 0.2830608 0.4734988 0.9551391 0.295671 -0.016973 0.8353685 0.3694028 0.4070638 0.8353685 0.3694028 0.4070638 0.9551391 0.295671 -0.016973 0.9283609 0.370407 -0.030736 0.925676 0.321263 -0.199785 0.8840821 0.4226101 -0.199498 0.9551391 0.295671 -0.016973 0.9551391 0.295671 -0.016973 0.8840821 0.4226101 -0.199498 0.9283609 0.370407 -0.030736 0.3984371 0.5169351 -0.7576451 0.25483 0.669744 -0.6974989 0.712439 0.448677 -0.5395551 0.712439 0.448677 -0.5395551 0.25483 0.669744 -0.6974989 0.6368022 0.5650122 -0.5246372 0.1601411 0.5337041 -0.8303702 0.131894 0.6826351 -0.7187581 0.189635 0.5591171 -0.8071101 0.189635 0.5591171 -0.8071101 0.131894 0.6826351 -0.7187581 0.25483 0.669744 -0.6974989 -0.7627437 0.5591137 0.3249829 -0.8202476 0.5469593 0.1674201 -0.8457296 -0.4289863 0.3173522 -0.8457296 -0.4289863 0.3173522 -0.8202476 0.5469593 0.1674201 -0.909817 -0.388223 0.146683 -0.1031299 0.5367628 0.8374066 -0.1494941 0.5414143 0.8273584 -0.111952 -0.3635159 0.9248368 -0.111952 -0.3635159 0.9248368 -0.1494941 0.5414143 0.8273584 -0.1811161 -0.5576222 0.8100953 -0.06461301 0.5129502 -0.8559832 -0.1098251 -0.5746194 -0.8110185 -0.3269249 0.5526289 -0.7666299 -0.3269249 0.5526289 -0.7666299 -0.1098251 -0.5746194 -0.8110185 -0.492759 -0.371145 -0.7870451 -0.3165699 0.5576648 0.7673288 -0.4905992 0.5572042 0.6699522 -0.3674739 -0.5348868 0.7608278 -0.3674739 -0.5348868 0.7608278 -0.4905992 0.5572042 0.6699522 -0.5337881 -0.5033441 0.6794961 -0.5975171 -0.8014711 0.024846 -0.836358 -0.547163 0.033439 -0.6020988 -0.7984188 0.002099999 -0.6020988 -0.7984188 0.002099999 -0.836358 -0.547163 0.033439 -0.9325866 -0.3609362 -0.002715002 0 -0.335829 -0.941923 -0.001652 -0.8649717 -0.5018179 -0.1098251 -0.5746194 -0.8110185 -0.1098251 -0.5746194 -0.8110185 -0.001652 -0.8649717 -0.5018179 -0.05920598 -0.8697777 -0.4898789 -0.492759 -0.371145 -0.7870451 -0.2142169 -0.8888456 -0.4050488 -0.8346422 -0.4543401 -0.3113641 -0.8346422 -0.4543401 -0.3113641 -0.2142169 -0.8888456 -0.4050488 -0.5202159 -0.8450509 -0.123549 -0.6076778 -0.7939968 -0.01722699 -0.9318753 -0.3617781 -0.02692401 -0.5202159 -0.8450509 -0.123549 -0.5202159 -0.8450509 -0.123549 -0.9318753 -0.3617781 -0.02692401 -0.8346422 -0.4543401 -0.3113641 -0.8457296 -0.4289863 0.3173522 -0.909817 -0.388223 0.146683 -0.4921187 -0.8526535 0.1755029 -0.4921187 -0.8526535 0.1755029 -0.909817 -0.388223 0.146683 -0.5746598 -0.8143947 0.08079197 -0.111952 -0.3635159 0.9248368 -0.1811161 -0.5576222 0.8100953 -0.047226 -0.9336591 0.355036 -0.047226 -0.9336591 0.355036 -0.1811161 -0.5576222 0.8100953 -0.083055 -0.937139 0.338928 -0.492759 -0.371145 -0.7870451 -0.1098251 -0.5746194 -0.8110185 -0.2142169 -0.8888456 -0.4050488 -0.2142169 -0.8888456 -0.4050488 -0.1098251 -0.5746194 -0.8110185 -0.05920598 -0.8697777 -0.4898789 -0.3674739 -0.5348868 0.7608278 -0.5337881 -0.5033441 0.6794961 -0.156374 -0.928818 0.335923 -0.156374 -0.928818 0.335923 -0.5337881 -0.5033441 0.6794961 -0.2572511 -0.9117413 0.3202341 -0.9933321 -0.108687 0.038451 -0.997426 -0.065971 0.028094 -0.9955959 -0.09374399 9.06e-4 -0.9955959 -0.09374399 9.06e-4 -0.997426 -0.065971 0.028094 -0.998435 -0.055899 0.00171 -0.01603599 -0.3042799 -0.9524477 -0.1187479 -0.3450648 -0.9310366 -0.006272 -0.168305 -0.985715 -0.006272 -0.168305 -0.985715 -0.1187479 -0.3450648 -0.9310366 -0.1438089 -0.1640299 -0.9759166 -0.4550571 -0.4022422 -0.7944333 -0.8488718 -0.3753289 -0.3722159 -0.486508 -0.214154 -0.8470231 -0.486508 -0.214154 -0.8470231 -0.8488718 -0.3753289 -0.3722159 -0.8970472 -0.2047101 -0.3916631 -0.9280083 -0.3686391 -0.05390701 -0.9788585 -0.2024541 -0.02912901 -0.8488718 -0.3753289 -0.3722159 -0.8488718 -0.3753289 -0.3722159 -0.9788585 -0.2024541 -0.02912901 -0.8970472 -0.2047101 -0.3916631 0.314396 0.226706 0.9218241 0.2915711 0.112451 0.9499164 0.8340716 0.2830608 0.4734988 0.8340716 0.2830608 0.4734988 0.2915711 0.112451 0.9499164 0.8647857 0.118523 0.4879528 0.9896541 0.142709 -0.014793 0.8647857 0.118523 0.4879528 0.9990535 -0.03368898 -0.02751599 0.9990535 -0.03368898 -0.02751599 0.8647857 0.118523 0.4879528 0.8790075 -0.02400601 0.4762032 0.9896541 0.142709 -0.014793 0.9990535 -0.03368898 -0.02751599 0.9655386 0.1291779 -0.2259389 0.9655386 0.1291779 -0.2259389 0.9990535 -0.03368898 -0.02751599 0.9899873 -0.02785601 -0.138381 0.396853 0.32544 -0.858252 0.745363 0.257335 -0.61499 0.5951447 0.06089898 -0.8013077 0.5951447 0.06089898 -0.8013077 0.745363 0.257335 -0.61499 0.824088 0.021831 -0.566041 0.151035 0.069702 -0.986068 0.1301121 0.2829911 -0.9502563 0.2418249 0.07662696 -0.9672895 0.2418249 0.07662696 -0.9672895 0.1301121 0.2829911 -0.9502563 0.220255 0.331315 -0.917452 -0.6953838 0.5787458 -0.4260218 -0.8350998 0.5496799 -0.02145799 -0.3758551 0.9210823 -0.101688 -0.3758551 0.9210823 -0.101688 -0.8350998 0.5496799 -0.02145799 -0.2706409 0.9626747 -0.003300999 -0.1031299 0.5367628 0.8374066 -0.03459698 0.9577875 0.2853878 -0.1494941 0.5414143 0.8273584 -0.1494941 0.5414143 0.8273584 -0.03459698 0.9577875 0.2853878 -0.05143301 0.9759032 0.212056 0 0.5121658 -0.8588867 -0.06461301 0.5129502 -0.8559832 4.22e-4 0.9489777 -0.3153429 4.22e-4 0.9489777 -0.3153429 -0.06461301 0.5129502 -0.8559832 -0.037333 0.9719831 -0.232067 -0.260217 0.9482162 0.182135 -0.628414 0.559026 0.540912 -0.13711 0.975017 0.174765 -0.13711 0.975017 0.174765 -0.628414 0.559026 0.540912 -0.4905992 0.5572042 0.6699522 -0.290237 0.956261 0.036433 -0.8202476 0.5469593 0.1674201 -0.2643791 0.9599933 0.09228503 -0.2643791 0.9599933 0.09228503 -0.8202476 0.5469593 0.1674201 -0.7627437 0.5591137 0.3249829 -0.06461301 0.5129502 -0.8559832 -0.3269249 0.5526289 -0.7666299 -0.037333 0.9719831 -0.232067 -0.037333 0.9719831 -0.232067 -0.3269249 0.5526289 -0.7666299 -0.1546989 0.9600235 -0.2332879 -0.3269249 0.5526289 -0.7666299 -0.6953838 0.5787458 -0.4260218 -0.1546989 0.9600235 -0.2332879 -0.1546989 0.9600235 -0.2332879 -0.6953838 0.5787458 -0.4260218 -0.3758551 0.9210823 -0.101688 -0.1861321 0.9825124 0.004925002 -0.2649539 0.9642596 0.001680999 -0.8300537 0.5567998 0.03138199 -0.8300537 0.5567998 0.03138199 -0.2649539 0.9642596 0.001680999 -0.8214288 0.5702479 -0.008479998 0 -1 0 0 -1 0 0 -1 0 -0.920469 -0.355633 -0.162056 -0.936226 -0.351383 0.00329 -0.9186311 -0.3761781 -0.120859 -0.9186311 -0.3761781 -0.120859 -0.936226 -0.351383 0.00329 -0.9208999 -0.389797 0.001306 -0.6953838 0.5787458 -0.4260218 -0.8346422 -0.4543401 -0.3113641 -0.8350998 0.5496799 -0.02145799 -0.8350998 0.5496799 -0.02145799 -0.8346422 -0.4543401 -0.3113641 -0.9318753 -0.3617781 -0.02692401 4.22e-4 0.9489777 -0.3153429 -0.037333 0.9719831 -0.232067 0 1 0 0 1 0 -0.037333 0.9719831 -0.232067 -0.2706409 0.9626747 -0.003300999 -0.6020988 -0.7984188 0.002099999 -0.9325866 -0.3609362 -0.002715002 -0.6076778 -0.7939968 -0.01722699 -0.6076778 -0.7939968 -0.01722699 -0.9325866 -0.3609362 -0.002715002 -0.9318753 -0.3617781 -0.02692401 -0.9840626 -0.1778131 -0.001859001 -0.9788585 -0.2024541 -0.02912901 -0.9501953 -0.3115611 -0.007650002 -0.9501953 -0.3115611 -0.007650002 -0.9788585 -0.2024541 -0.02912901 -0.9280083 -0.3686391 -0.05390701 -0.2649539 0.9642596 0.001680999 -0.2706409 0.9626747 -0.003300999 -0.8214288 0.5702479 -0.008479998 -0.8214288 0.5702479 -0.008479998 -0.2706409 0.9626747 -0.003300999 -0.8350998 0.5496799 -0.02145799 0 1 0 0 1 0 0 1 0 0 1 0 0 1 0 -0.2649539 0.9642596 0.001680999 0 0 -1 0 0 -1 0 0 -1 0 0 -1 0 0 -1 0 0 -1 -0.9998654 -0.006332002 -0.01513501 -0.999786 -0.019353 -0.007315 -0.9997343 -0.007171002 -0.02190801 -1.41e-4 0.983173 -0.182677 -2.82e-4 0.9307579 -0.365636 -5.23e-4 0.7338881 -0.6792701 -5.23e-4 0.7338881 -0.6792701 -2.82e-4 0.9307579 -0.365636 -6.18e-4 0.58776 -0.8090351 0 1 2.55e-4 0 1 2.49e-4 -1.41e-4 0.983173 -0.182677 -1.41e-4 0.983173 -0.182677 0 1 2.49e-4 -2.82e-4 0.9307579 -0.365636 -5.23e-4 0.7338881 -0.6792701 -6.18e-4 0.58776 -0.8090351 -5.33e-4 0.7151262 -0.6989952 -5.33e-4 0.7151262 -0.6989952 -6.18e-4 0.58776 -0.8090351 -2.65e-4 0.936924 -0.349533 -0.3758551 0.9210823 -0.101688 -0.2706409 0.9626747 -0.003300999 -0.1546989 0.9600235 -0.2332879 -0.9205291 -0.3897681 0.02659 -0.9261006 -0.3749488 0.04184798 -0.936226 -0.351383 0.00329 -0.936226 -0.351383 0.00329 -0.9261006 -0.3749488 0.04184798 -0.9208999 -0.389797 0.001306 -0.9145961 -0.358632 0.186808 -0.6938697 -0.4449528 0.5661818 -0.8773758 -0.4116429 0.246499 -0.8773758 -0.4116429 0.246499 -0.6938697 -0.4449528 0.5661818 -0.5940942 -0.5556362 0.5816532 -0.2479991 -0.6625743 0.7067473 -0.5940942 -0.5556362 0.5816532 -0.2708681 -0.5750182 0.7720003 -0.2708681 -0.5750182 0.7720003 -0.5940942 -0.5556362 0.5816532 -0.6938697 -0.4449528 0.5661818 -0.2708681 -0.5750182 0.7720003 -0.1157999 -0.6235166 0.7731866 -0.2479991 -0.6625743 0.7067473 -0.2479991 -0.6625743 0.7067473 -0.1157999 -0.6235166 0.7731866 -0.100191 -0.6891901 0.7176202 -0.9501953 -0.3115611 -0.007650002 -0.9280083 -0.3686391 -0.05390701 -0.9208999 -0.389797 0.001306 -0.9208999 -0.389797 0.001306 -0.9280083 -0.3686391 -0.05390701 -0.9186311 -0.3761781 -0.120859 -0.8488718 -0.3753289 -0.3722159 -0.7687528 -0.4937409 -0.4064959 -0.9280083 -0.3686391 -0.05390701 -0.9280083 -0.3686391 -0.05390701 -0.7687528 -0.4937409 -0.4064959 -0.9186311 -0.3761781 -0.120859 -0.8488718 -0.3753289 -0.3722159 -0.4550571 -0.4022422 -0.7944333 -0.7687528 -0.4937409 -0.4064959 -0.7687528 -0.4937409 -0.4064959 -0.4550571 -0.4022422 -0.7944333 -0.3846001 -0.4736722 -0.7922862 -0.3846001 -0.4736722 -0.7922862 -0.4550571 -0.4022422 -0.7944333 -0.1187479 -0.3450648 -0.9310366 -0.01603599 -0.3042799 -0.9524477 -0.08988701 -0.4014191 -0.9114731 -0.1187479 -0.3450648 -0.9310366 -0.1187479 -0.3450648 -0.9310366 -0.08988701 -0.4014191 -0.9114731 -0.3846001 -0.4736722 -0.7922862 -0.9501953 -0.3115611 -0.007650002 -0.9386078 -0.34231 0.04288699 -0.9840626 -0.1778131 -0.001859001 -0.9840626 -0.1778131 -0.001859001 -0.9386078 -0.34231 0.04288699 -0.9816206 -0.1862919 0.04142698 -0.8836978 -0.403118 0.237853 -0.6351298 -0.5449928 0.5473508 -0.933511 -0.26797 0.238221 -0.933511 -0.26797 0.238221 -0.6351298 -0.5449928 0.5473508 -0.7200858 -0.3745619 0.5841059 -0.6351298 -0.5449928 0.5473508 -0.3887408 -0.5930877 0.7050726 -0.7200858 -0.3745619 0.5841059 -0.7200858 -0.3745619 0.5841059 -0.3887408 -0.5930877 0.7050726 -0.4163657 -0.4422768 0.7943745 -0.05762401 -0.439068 0.8966041 -0.1644811 -0.4671092 0.8687664 -0.05344401 -0.6022851 0.7964901 -0.05344401 -0.6022851 0.7964901 -0.1644811 -0.4671092 0.8687664 -0.16409 -0.631295 0.7579849 -0.998435 -0.055899 0.00171 -0.9981133 -0.05564502 -0.02594801 -0.9955959 -0.09374399 9.06e-4 -0.9955959 -0.09374399 9.06e-4 -0.9981133 -0.05564502 -0.02594801 -0.9936796 -0.109291 -0.02561799 -0.9131344 -0.05095002 -0.4044622 -0.9127573 -0.09903304 -0.3963162 -0.9981133 -0.05564502 -0.02594801 -0.9981133 -0.05564502 -0.02594801 -0.9127573 -0.09903304 -0.3963162 -0.9936796 -0.109291 -0.02561799 -0.9131344 -0.05095002 -0.4044622 -0.4850682 -0.04267602 -0.8734344 -0.9127573 -0.09903304 -0.3963162 -0.9127573 -0.09903304 -0.3963162 -0.4850682 -0.04267602 -0.8734344 -0.4906198 -0.104263 -0.8651136 -0.4850682 -0.04267602 -0.8734344 -0.122039 -0.025336 -0.9922018 -0.4906198 -0.104263 -0.8651136 -0.4906198 -0.104263 -0.8651136 -0.122039 -0.025336 -0.9922018 -0.157277 -0.07723299 -0.9845298 -0.002244001 -0.02258501 -0.9997424 -2.88e-4 -0.05866498 -0.9982777 -0.122039 -0.025336 -0.9922018 -0.122039 -0.025336 -0.9922018 -2.88e-4 -0.05866498 -0.9982777 -0.157277 -0.07723299 -0.9845298 -0.8773758 -0.4116429 0.246499 -0.5940942 -0.5556362 0.5816532 -0.8836978 -0.403118 0.237853 -0.8836978 -0.403118 0.237853 -0.5940942 -0.5556362 0.5816532 -0.6351298 -0.5449928 0.5473508 -0.5940942 -0.5556362 0.5816532 -0.2479991 -0.6625743 0.7067473 -0.6351298 -0.5449928 0.5473508 -0.6351298 -0.5449928 0.5473508 -0.2479991 -0.6625743 0.7067473 -0.3887408 -0.5930877 0.7050726 -0.05344401 -0.6022851 0.7964901 -0.16409 -0.631295 0.7579849 -0.100191 -0.6891901 0.7176202 -0.100191 -0.6891901 0.7176202 -0.16409 -0.631295 0.7579849 -0.2479991 -0.6625743 0.7067473 -0.9501953 -0.3115611 -0.007650002 -0.9208999 -0.389797 0.001306 -0.9386078 -0.34231 0.04288699 -0.9386078 -0.34231 0.04288699 -0.9208999 -0.389797 0.001306 -0.9261006 -0.3749488 0.04184798 4.06e-4 0.3653872 0.9308556 0.009863001 0.3975511 0.9175271 0.01255199 0.5621167 0.8269626 0.01255199 0.5621167 0.8269626 0.009863001 0.3975511 0.9175271 0.012405 0.7057822 0.7083203 0.01255199 0.5621167 0.8269626 0.012405 0.7057822 0.7083203 0.008424003 0.8140483 0.5807362 0.008424003 0.8140483 0.5807362 0.012405 0.7057822 0.7083203 2.66e-4 0.7969001 0.6041111 -5.33e-4 0.7151262 -0.6989952 -2.65e-4 0.936924 -0.349533 0 1 0 0 1 0 -2.65e-4 0.936924 -0.349533 0 1 0 0 -1 0 0 -1 0 0 -1 0 -0.999608 -0.005471 -0.027458 -0.9997343 -0.007171002 -0.02190801 -0.9995134 -0.008198996 -0.03009298 -0.9997343 -0.007171002 -0.02190801 -0.9996271 -0.005919001 -0.026658 -0.9995134 -0.008198996 -0.03009298 -0.9998654 -0.006332002 -0.01513501 -0.9998034 0 -0.01982601 -0.9998478 0 -0.017444 -0.999608 -0.005471 -0.027458 -0.9998034 0 -0.01982601 -0.9997343 -0.007171002 -0.02190801 -0.9998654 -0.006332002 -0.01513501 -0.9997343 -0.007171002 -0.02190801 -0.9998034 0 -0.01982601 -0.2649539 0.9642596 0.001680999 0 1 0 0 1 0 0 -1 0 0 -1 0 0 -1 0 0 -1 0 0 -1 0 0 -1 0 -0.9989527 -0.03474399 -0.02977099 -0.9981133 -0.05564502 -0.02594801 -0.9990606 -0.04227998 -0.009500996 -0.9990606 -0.04227998 -0.009500996 -0.9981133 -0.05564502 -0.02594801 -0.998435 -0.055899 0.00171 -0.9135188 -0.03945999 -0.4048779 -0.9131344 -0.05095002 -0.4044622 -0.9989527 -0.03474399 -0.02977099 -0.9989527 -0.03474399 -0.02977099 -0.9131344 -0.05095002 -0.4044622 -0.9981133 -0.05564502 -0.02594801 -0.9135188 -0.03945999 -0.4048779 -0.557264 -0.035784 -0.829564 -0.9131344 -0.05095002 -0.4044622 -0.9131344 -0.05095002 -0.4044622 -0.557264 -0.035784 -0.829564 -0.4850682 -0.04267602 -0.8734344 -0.122039 -0.025336 -0.9922018 -0.4850682 -0.04267602 -0.8734344 -0.119453 -0.01969901 -0.9926444 -0.119453 -0.01969901 -0.9926444 -0.4850682 -0.04267602 -0.8734344 -0.557264 -0.035784 -0.829564 -0.006730998 -0.03044799 -0.9995137 -0.002244001 -0.02258501 -0.9997424 -0.119453 -0.01969901 -0.9926444 -0.119453 -0.01969901 -0.9926444 -0.002244001 -0.02258501 -0.9997424 -0.122039 -0.025336 -0.9922018 -0.060103 -0.171472 0.983354 -0.103307 -0.07040398 0.9921547 -0.1677751 -0.1071 0.9799904 -0.1677751 -0.1071 0.9799904 -0.103307 -0.07040398 0.9921547 -0.238725 -0.011173 0.971023 -0.5975168 -0.119726 0.7928678 -0.4189838 -0.1168129 0.9004484 -0.3948961 -0.018568 0.9185382 -0.9687977 -0.05330699 0.242052 -0.7613233 -0.1479641 0.6312633 -0.9196066 -0.04426598 0.3903388 -0.9196066 -0.04426598 0.3903388 -0.7613233 -0.1479641 0.6312633 -0.7867346 -0.1127509 0.6069067 -0.997426 -0.065971 0.028094 -0.999429 0.002069 0.033725 -0.998435 -0.055899 0.00171 -0.998435 -0.055899 0.00171 -0.999429 0.002069 0.033725 -0.9990606 -0.04227998 -0.009500996 -0.05938302 -0.2881831 0.9557323 -0.154801 -0.2757599 0.9486797 -0.05762401 -0.439068 0.8966041 -0.05762401 -0.439068 0.8966041 -0.154801 -0.2757599 0.9486797 -0.1644811 -0.4671092 0.8687664 -0.7200858 -0.3745619 0.5841059 -0.4163657 -0.4422768 0.7943745 -0.7669107 -0.2294049 0.5993508 -0.7669107 -0.2294049 0.5993508 -0.4163657 -0.4422768 0.7943745 -0.453529 -0.279418 0.8463079 -0.933511 -0.26797 0.238221 -0.7200858 -0.3745619 0.5841059 -0.9595696 -0.1655879 0.2276109 -0.9595696 -0.1655879 0.2276109 -0.7200858 -0.3745619 0.5841059 -0.7669107 -0.2294049 0.5993508 -0.9840626 -0.1778131 -0.001859001 -0.9816206 -0.1862919 0.04142698 -0.9955959 -0.09374399 9.06e-4 -0.9955959 -0.09374399 9.06e-4 -0.9816206 -0.1862919 0.04142698 -0.9933321 -0.108687 0.038451 -0.9788585 -0.2024541 -0.02912901 -0.9840626 -0.1778131 -0.001859001 -0.9936796 -0.109291 -0.02561799 -0.9936796 -0.109291 -0.02561799 -0.9840626 -0.1778131 -0.001859001 -0.9955959 -0.09374399 9.06e-4 -0.9788585 -0.2024541 -0.02912901 -0.9936796 -0.109291 -0.02561799 -0.8970472 -0.2047101 -0.3916631 -0.8970472 -0.2047101 -0.3916631 -0.9936796 -0.109291 -0.02561799 -0.9127573 -0.09903304 -0.3963162 -0.486508 -0.214154 -0.8470231 -0.8970472 -0.2047101 -0.3916631 -0.4906198 -0.104263 -0.8651136 -0.4906198 -0.104263 -0.8651136 -0.8970472 -0.2047101 -0.3916631 -0.9127573 -0.09903304 -0.3963162 -0.4906198 -0.104263 -0.8651136 -0.157277 -0.07723299 -0.9845298 -0.486508 -0.214154 -0.8470231 -0.486508 -0.214154 -0.8470231 -0.157277 -0.07723299 -0.9845298 -0.1438089 -0.1640299 -0.9759166 -0.006272 -0.168305 -0.985715 -0.1438089 -0.1640299 -0.9759166 -2.88e-4 -0.05866498 -0.9982777 -2.88e-4 -0.05866498 -0.9982777 -0.1438089 -0.1640299 -0.9759166 -0.157277 -0.07723299 -0.9845298 0.3984371 0.5169351 -0.7576451 0.189635 0.5591171 -0.8071101 0.25483 0.669744 -0.6974989 0.2418249 0.07662696 -0.9672895 0.220255 0.331315 -0.917452 0.3754179 0.03636899 -0.9261418 0.3754179 0.03636899 -0.9261418 0.220255 0.331315 -0.917452 0.396853 0.32544 -0.858252 0.2326919 0.001844999 -0.9725487 0.2418249 0.07662696 -0.9672895 0.3611508 -0.09081694 -0.9280745 0.3611508 -0.09081694 -0.9280745 0.2418249 0.07662696 -0.9672895 0.3754179 0.03636899 -0.9261418 -0.014669 0.9998636 -0.007582997 -0.11358 0.9720187 0.2056189 0 1 0 0 1 0 -0.11358 0.9720187 0.2056189 -0.05143301 0.9759032 0.212056 -0.11358 0.9720187 0.2056189 -0.3165699 0.5576648 0.7673288 -0.05143301 0.9759032 0.212056 -0.05143301 0.9759032 0.212056 -0.3165699 0.5576648 0.7673288 -0.1494941 0.5414143 0.8273584 -0.1494941 0.5414143 0.8273584 -0.3165699 0.5576648 0.7673288 -0.1811161 -0.5576222 0.8100953 -0.1811161 -0.5576222 0.8100953 -0.3165699 0.5576648 0.7673288 -0.3674739 -0.5348868 0.7608278 -0.1811161 -0.5576222 0.8100953 -0.3674739 -0.5348868 0.7608278 -0.083055 -0.937139 0.338928 -0.083055 -0.937139 0.338928 -0.3674739 -0.5348868 0.7608278 -0.156374 -0.928818 0.335923 -0.1677751 -0.1071 0.9799904 -0.238725 -0.011173 0.971023 -0.4189838 -0.1168129 0.9004484 -0.4189838 -0.1168129 0.9004484 -0.238725 -0.011173 0.971023 -0.3948961 -0.018568 0.9185382 -0.1677751 -0.1071 0.9799904 -0.4189838 -0.1168129 0.9004484 -0.154801 -0.2757599 0.9486797 -0.154801 -0.2757599 0.9486797 -0.4189838 -0.1168129 0.9004484 -0.453529 -0.279418 0.8463079 -0.4163657 -0.4422768 0.7943745 -0.1644811 -0.4671092 0.8687664 -0.453529 -0.279418 0.8463079 -0.453529 -0.279418 0.8463079 -0.1644811 -0.4671092 0.8687664 -0.154801 -0.2757599 0.9486797 -0.3887408 -0.5930877 0.7050726 -0.16409 -0.631295 0.7579849 -0.4163657 -0.4422768 0.7943745 -0.4163657 -0.4422768 0.7943745 -0.16409 -0.631295 0.7579849 -0.1644811 -0.4671092 0.8687664 -0.2479991 -0.6625743 0.7067473 -0.16409 -0.631295 0.7579849 -0.3887408 -0.5930877 0.7050726 0.9805753 -0.02525601 -0.1945101 0.9899873 -0.02785601 -0.138381 0.9954843 -0.08402103 -0.04417501 0.9954843 -0.08402103 -0.04417501 0.9899873 -0.02785601 -0.138381 0.9990535 -0.03368898 -0.02751599 -0.290237 0.956261 0.036433 0 1 0 -0.1861321 0.9825124 0.004925002 -0.1861321 0.9825124 0.004925002 0 1 0 0 1 0 -0.1861321 0.9825124 0.004925002 -0.8300537 0.5567998 0.03138199 -0.290237 0.956261 0.036433 -0.290237 0.956261 0.036433 -0.8300537 0.5567998 0.03138199 -0.8202476 0.5469593 0.1674201 -0.8202476 0.5469593 0.1674201 -0.8300537 0.5567998 0.03138199 -0.909817 -0.388223 0.146683 -0.909817 -0.388223 0.146683 -0.8300537 0.5567998 0.03138199 -0.836358 -0.547163 0.033439 -0.909817 -0.388223 0.146683 -0.836358 -0.547163 0.033439 -0.5746598 -0.8143947 0.08079197 -0.5746598 -0.8143947 0.08079197 -0.836358 -0.547163 0.033439 -0.5975171 -0.8014711 0.024846 -0.997426 -0.065971 0.028094 -0.9687977 -0.05330699 0.242052 -0.999429 0.002069 0.033725 -0.999429 0.002069 0.033725 -0.9687977 -0.05330699 0.242052 -0.9778072 0.108414 0.1792751 -0.9687977 -0.05330699 0.242052 -0.997426 -0.065971 0.028094 -0.9595696 -0.1655879 0.2276109 -0.9595696 -0.1655879 0.2276109 -0.997426 -0.065971 0.028094 -0.9933321 -0.108687 0.038451 -0.9816206 -0.1862919 0.04142698 -0.933511 -0.26797 0.238221 -0.9933321 -0.108687 0.038451 -0.9933321 -0.108687 0.038451 -0.933511 -0.26797 0.238221 -0.9595696 -0.1655879 0.2276109 -0.9386078 -0.34231 0.04288699 -0.8836978 -0.403118 0.237853 -0.9816206 -0.1862919 0.04142698 -0.9816206 -0.1862919 0.04142698 -0.8836978 -0.403118 0.237853 -0.933511 -0.26797 0.238221 -0.9261006 -0.3749488 0.04184798 -0.8773758 -0.4116429 0.246499 -0.9386078 -0.34231 0.04288699 -0.9386078 -0.34231 0.04288699 -0.8773758 -0.4116429 0.246499 -0.8836978 -0.403118 0.237853 -0.8773758 -0.4116429 0.246499 -0.9261006 -0.3749488 0.04184798 -0.9145961 -0.358632 0.186808 -0.9145961 -0.358632 0.186808 -0.9261006 -0.3749488 0.04184798 -0.9205291 -0.3897681 0.02659 0.9655386 0.1291779 -0.2259389 0.9899873 -0.02785601 -0.138381 0.9394051 0.032576 -0.341258 0.8840821 0.4226101 -0.199498 0.925676 0.321263 -0.199785 0.6368022 0.5650122 -0.5246372 0.6368022 0.5650122 -0.5246372 0.925676 0.321263 -0.199785 0.712439 0.448677 -0.5395551 -2.35e-4 0.9999997 6.53e-4 0 1 0 0 1 0 0 1 0 0 1 0 0 1 0 0.1301121 0.2829911 -0.9502563 0.1601411 0.5337041 -0.8303702 0.220255 0.331315 -0.917452 0.220255 0.331315 -0.917452 0.1601411 0.5337041 -0.8303702 0.189635 0.5591171 -0.8071101 0.220255 0.331315 -0.917452 0.189635 0.5591171 -0.8071101 0.396853 0.32544 -0.858252 0.396853 0.32544 -0.858252 0.189635 0.5591171 -0.8071101 0.3984371 0.5169351 -0.7576451 0.712439 0.448677 -0.5395551 0.745363 0.257335 -0.61499 0.3984371 0.5169351 -0.7576451 0.3984371 0.5169351 -0.7576451 0.745363 0.257335 -0.61499 0.396853 0.32544 -0.858252 0.925676 0.321263 -0.199785 0.9655386 0.1291779 -0.2259389 0.712439 0.448677 -0.5395551 0.712439 0.448677 -0.5395551 0.9655386 0.1291779 -0.2259389 0.745363 0.257335 -0.61499 0.9551391 0.295671 -0.016973 0.9896541 0.142709 -0.014793 0.925676 0.321263 -0.199785 0.925676 0.321263 -0.199785 0.9896541 0.142709 -0.014793 0.9655386 0.1291779 -0.2259389 0.9551391 0.295671 -0.016973 0.8340716 0.2830608 0.4734988 0.9896541 0.142709 -0.014793 0.9896541 0.142709 -0.014793 0.8340716 0.2830608 0.4734988 0.8647857 0.118523 0.4879528 0.3929261 -0.02155801 0.9193173 0.2915711 0.112451 0.9499164 0.03842499 -0.014051 0.9991627 0.03842499 -0.014051 0.9991627 0.2915711 0.112451 0.9499164 0.03791201 0.09564602 0.9946932 0.2915711 0.112451 0.9499164 0.3929261 -0.02155801 0.9193173 0.8647857 0.118523 0.4879528 0.8647857 0.118523 0.4879528 0.3929261 -0.02155801 0.9193173 0.8790075 -0.02400601 0.4762032 0.25483 0.669744 -0.6974989 0.2664999 0.6885008 -0.6744958 0.6368022 0.5650122 -0.5246372 0.6368022 0.5650122 -0.5246372 0.2664999 0.6885008 -0.6744958 0.6822698 0.5638118 -0.4654289 0.8817388 0.4389209 -0.172873 0.8840821 0.4226101 -0.199498 0.6822698 0.5638118 -0.4654289 0.6822698 0.5638118 -0.4654289 0.8840821 0.4226101 -0.199498 0.6368022 0.5650122 -0.5246372 0.8840821 0.4226101 -0.199498 0.8817388 0.4389209 -0.172873 0.9283609 0.370407 -0.030736 0.9283609 0.370407 -0.030736 0.8817388 0.4389209 -0.172873 0.9177693 0.3941531 -0.04840402 0.8353685 0.3694028 0.4070638 0.9283609 0.370407 -0.030736 0.8482441 0.3924111 0.355662 0.8482441 0.3924111 0.355662 0.9283609 0.370407 -0.030736 0.9177693 0.3941531 -0.04840402 0.8353685 0.3694028 0.4070638 0.8482441 0.3924111 0.355662 0.376983 0.295929 0.877673 0.376983 0.295929 0.877673 0.8482441 0.3924111 0.355662 0.2848681 0.3017841 0.9098222 0.131894 0.6826351 -0.7187581 0.08916099 0.7319819 -0.6754649 0.25483 0.669744 -0.6974989 0.25483 0.669744 -0.6974989 0.08916099 0.7319819 -0.6754649 0.2664999 0.6885008 -0.6744958 3.79e-4 0.9999996 7.47e-4 -2.35e-4 0.9999997 6.53e-4 0 0.9999996 8.68e-4 0.376983 0.295929 0.877673 0.2848681 0.3017841 0.9098222 0.04721098 0.2258879 0.9730086 0.04721098 0.2258879 0.9730086 0.2848681 0.3017841 0.9098222 0.05380703 0.2389801 0.9695325 0.314396 0.226706 0.9218241 0.376983 0.295929 0.877673 0.03940998 0.1687739 0.9848666 0.03940998 0.1687739 0.9848666 0.376983 0.295929 0.877673 0.04721098 0.2258879 0.9730086 0.2915711 0.112451 0.9499164 0.314396 0.226706 0.9218241 0.03791201 0.09564602 0.9946932 0.03791201 0.09564602 0.9946932 0.314396 0.226706 0.9218241 0.03940998 0.1687739 0.9848666 -6.13e-4 0.9999991 0.001199 -2.35e-4 0.9999997 6.53e-4 3.79e-4 0.9999996 7.47e-4 -0.13711 0.975017 0.174765 -0.4905992 0.5572042 0.6699522 -0.11358 0.9720187 0.2056189 -0.11358 0.9720187 0.2056189 -0.4905992 0.5572042 0.6699522 -0.3165699 0.5576648 0.7673288 -0.002324 0.9999962 -0.001506 -0.13711 0.975017 0.174765 -0.014669 0.9998636 -0.007582997 -0.014669 0.9998636 -0.007582997 -0.13711 0.975017 0.174765 -0.11358 0.9720187 0.2056189 0.5951447 0.06089898 -0.8013077 0.5017609 -0.100981 -0.8590919 0.3754179 0.03636899 -0.9261418 0.3754179 0.03636899 -0.9261418 0.5017609 -0.100981 -0.8590919 0.3611508 -0.09081694 -0.9280745 0.396853 0.32544 -0.858252 0.5951447 0.06089898 -0.8013077 0.3754179 0.03636899 -0.9261418 -0.4905992 0.5572042 0.6699522 -0.628414 0.559026 0.540912 -0.5337881 -0.5033441 0.6794961 -0.5337881 -0.5033441 0.6794961 -0.628414 0.559026 0.540912 -0.720832 -0.469494 0.509879 -0.5337881 -0.5033441 0.6794961 -0.720832 -0.469494 0.509879 -0.2572511 -0.9117413 0.3202341 -0.2572511 -0.9117413 0.3202341 -0.720832 -0.469494 0.509879 -0.3802229 -0.8910457 0.2479279 -0.4189838 -0.1168129 0.9004484 -0.5975168 -0.119726 0.7928678 -0.7613233 -0.1479641 0.6312633 -0.7613233 -0.1479641 0.6312633 -0.5975168 -0.119726 0.7928678 -0.7867346 -0.1127509 0.6069067 -0.720832 -0.469494 0.509879 -0.8457296 -0.4289863 0.3173522 -0.3802229 -0.8910457 0.2479279 -0.3802229 -0.8910457 0.2479279 -0.8457296 -0.4289863 0.3173522 -0.4921187 -0.8526535 0.1755029 -0.628414 0.559026 0.540912 -0.7627437 0.5591137 0.3249829 -0.720832 -0.469494 0.509879 -0.720832 -0.469494 0.509879 -0.7627437 0.5591137 0.3249829 -0.8457296 -0.4289863 0.3173522 -0.2643791 0.9599933 0.09228503 -0.7627437 0.5591137 0.3249829 -0.260217 0.9482162 0.182135 -0.260217 0.9482162 0.182135 -0.7627437 0.5591137 0.3249829 -0.628414 0.559026 0.540912 0 1 0 -0.2643791 0.9599933 0.09228503 0.007575003 0.9999505 0.006461003 0.007575003 0.9999505 0.006461003 -0.2643791 0.9599933 0.09228503 -0.260217 0.9482162 0.182135 0.9394051 0.032576 -0.341258 0.914399 -0.065219 -0.399526 0.824088 0.021831 -0.566041 0.824088 0.021831 -0.566041 0.914399 -0.065219 -0.399526 0.7445744 -0.08172904 -0.6625174 -0.9196066 -0.04426598 0.3903388 -0.9778072 0.108414 0.1792751 -0.9687977 -0.05330699 0.242052 0.9655386 0.1291779 -0.2259389 0.9394051 0.032576 -0.341258 0.745363 0.257335 -0.61499 0.745363 0.257335 -0.61499 0.9394051 0.032576 -0.341258 0.824088 0.021831 -0.566041</float_array>
          <technique_common>
            <accessor source="#polySurfaceShape2-normals-array" count="2076" stride="3">
              <param name="X" type="float"/>
              <param name="Y" type="float"/>
              <param name="Z" type="float"/>
            </accessor>
          </technique_common>
        </source>
        <source id="polySurfaceShape2-polySurfaceShape2-map1" name="polySurfaceShape2-polySurfaceShape2-map1">
          <float_array id="polySurfaceShape2-polySurfaceShape2-map1-array" count="1032">0.905931 0.285849 0.88748 0.155563 0.871275 0.143909 0.131538 0.504211 0.131685 0.602646 0.165488 0.593187 0.159102 0.502522 0.467068 0.879124 0.525966 0.879156 0.523122 0.831063 0.465544 0.830655 0.639517 0.795146 0.606784 0.811949 0.611822 0.870637 0.645579 0.863235 0.111412 0.773469 0.11013 0.714975 0.07656 0.704981 0.074112 0.765544 0.573808 0.82345 0.578204 0.875823 0.702707 0.142237 0.624003 0.223849 0.619512 0.275061 0.07334 0.127405 0.014249 0.189787 0.009514 0.265196 0.737163 0.020334 0.601764 0.036565 0.601928 0.066442 0.737179 0.04113 0.009594 0.415761 0.308085 0.051848 0.377095 0.051682 0.377935 0.032504 0.308085 0.032279 0.015773 0.579772 0.098885 0.599483 0.092374 0.503759 0.015773 0.49922 0.46893 0.052315 0.47018 0.032095 0.43784 0.032746 0.435759 0.050465 0.817304 0.139034 0.540118 0.053358 0.54068 0.031121 0.73752 0.069264 0.603798 0.111894 0.63236 0.11361 0.737888 0.105599 0.84098 0.075723 0.833996 0.109103 0.861126 0.129152 0.872746 0.095126 0.897999 0.115098 0.888256 0.1492 0.899535 0.172781 0.915136 0.144177 0.518283 0.285855 0.47649 0.118087 0.474026 0.262109 0.944371 0.278011 0.939835 0.224041 0.921015 0.234022 0.923025 0.278011 0.080789 0.143563 0.1659 0.136853 0.16591 0.103294 0.080789 0.103292 0.182723 0.103294 0.179819 0.136155 0.262193 0.103294 0.262438 0.136464 0.335377 0.103294 0.33282 0.134491 0.358746 0.133335 0.358355 0.103294 0.381334 0.103294 0.379327 0.132815 0.393745 0.133693 0.395921 0.103294 0.454253 0.103292 0.432328 0.103292 0.431003 0.136409 0.453432 0.140136 0.160195 0.312439 0.160161 0.387093 0.175759 0.382738 0.175313 0.307688 0.26518 0.381333 0.26372 0.309237 0.315462 0.369964 0.321056 0.298754 0.361589 0.29285 0.34865 0.364113 0.382261 0.378414 0.391284 0.298906 0.431007 0.322129 0.411218 0.311083 0.410989 0.404048 0.882765 0.054664 0.848259 0.031345 0.848111 0.051743 0.880633 0.072917 0.975222 0.278011 0.966666 0.20828 0.95707 0.217061 0.964096 0.278011 0.94772 0.145424 0.930798 0.111021 0.924875 0.124646 0.941415 0.159767 0.6031 0.015677 0.737432 0.005609 0.378717 0.01567 0.308085 0.01567 0.476273 0.01567 0.436264 0.01567 0.540972 0.01567 0.879813 0.035861 0.847663 0.01582 0.987699 0.278011 0.979686 0.194904 0.955867 0.125015 0.936475 0.094489 0.24134 0.826064 0.24228 0.876873 0.366439 0.877003 0.36711 0.826436 0.015773 0.751711 0.015773 0.684312 0.134274 0.77443 0.133691 0.716711 0.180136 0.762729 0.175595 0.69996 0.17704 0.215101 0.162304 0.217884 0.262847 0.216424 0.32815 0.210091 0.404552 0.209537 0.37683 0.205705 0.426211 0.216043 0.446685 0.224574 0.475461 0.083375 0.539651 0.083375 0.308085 0.083375 0.379025 0.083375 0.905228 0.093108 0.436742 0.083375 0.234306 0.581041 0.233122 0.498311 0.585414 0.118088 0.585414 0.285489 0.2375 0.689915 0.239452 0.755313 0.61399 0.278516 0.618169 0.140228 0.604 0.278011 0.170651 0.08972 0.276412 0.089721 0.276412 0.011389 0.170651 0.011388 0.981119 0.015082 0.956692 0.08847 0.981119 0.153919 0.881884 0.970529 0.953478 0.97056 0.953445 0.9635 0.881883 0.963469 0.953412 0.956544 0.881881 0.956603 0.881884 0.976318 0.953511 0.976351 0.456529 0.231542 0.371114 0.582456 0.372145 0.498482 0.435169 0.589132 0.478396 0.586849 0.457565 0.500716 0.427404 0.50134 0.523454 0.552831 0.495721 0.480774 0.556951 0.51114 0.530604 0.440391 0.368119 0.755233 0.369184 0.689762 0.461604 0.762798 0.517607 0.763232 0.508308 0.697576 0.453848 0.698538 0.563215 0.749835 0.547549 0.681873 0.601183 0.628768 0.57626 0.65932 0.594175 0.73175 0.62338 0.706517 0.183555 0.829817 0.185285 0.878515 0.134954 0.836418 0.135377 0.88144 0.112407 0.836 0.111654 0.881164 0.07305 0.83119 0.071925 0.879009 0.015773 0.875564 0.015773 0.824179 0.970798 0.876255 0.85961 0.874824 0.859603 0.935944 0.970587 0.937554 0.970683 0.810561 0.859698 0.811175 0.881885 0.984357 0.953566 0.984357 0.902848 0.192116 0.925983 0.036966 0.921634 0.041124 0.921633 0.054592 0.929087 0.01507 0.929087 0.026868 0.658108 0.142865 0.636922 0.164777 0.242926 0.916706 0.186321 0.916706 0.13549 0.916706 0.111054 0.916706 0.071228 0.916706 0.015773 0.916706 0.613081 0.916706 0.646004 0.916706 0.557096 0.916706 0.579357 0.916706 0.498246 0.916706 0.528957 0.916706 0.365919 0.916707 0.407658 0.13411 0.408317 0.103294 0.909119 0.192819 0.926981 0.172019 0.467535 0.916706 0.043859 0.132845 0.021785 0.154026 0.080789 0.233304 0.333479 0.439506 0.359335 0.453545 0.311208 0.443409 0.26753 0.453709 0.178319 0.459743 0.161161 0.466728 0.387536 0.482683 0.016337 0.431587 0.071475 0.439135 0.080789 0.414919 0.080789 0.48902 0.080789 0.336927 0.909057 0.075831 0.911963 0.055902 0.905931 0.285849 0.871275 0.143909 0.88748 0.155563 0.131538 0.504211 0.159102 0.502522 0.165488 0.593187 0.131685 0.602646 0.467068 0.879124 0.465544 0.830655 0.523122 0.831063 0.525966 0.879156 0.639517 0.795146 0.645579 0.863235 0.611822 0.870637 0.606784 0.811949 0.111412 0.773469 0.074112 0.765544 0.07656 0.704981 0.11013 0.714975 0.573808 0.82345 0.578204 0.875823 0.619512 0.275061 0.624003 0.223849 0.702707 0.142237 0.07334 0.127405 0.009514 0.265196 0.014249 0.189787 0.737163 0.020334 0.737179 0.04113 0.601928 0.066442 0.601764 0.036565 0.009594 0.415761 0.308085 0.051848 0.308085 0.032279 0.377935 0.032504 0.377095 0.051682 0.015773 0.579772 0.015773 0.49922 0.092374 0.503759 0.098885 0.599483 0.46893 0.052315 0.435759 0.050465 0.43784 0.032746 0.47018 0.032095 0.817304 0.139034 0.540118 0.053358 0.54068 0.031121 0.73752 0.069264 0.737888 0.105599 0.63236 0.11361 0.603798 0.111894 0.84098 0.075723 0.872746 0.095126 0.861126 0.129152 0.833996 0.109103 0.897999 0.115098 0.915136 0.144177 0.899535 0.172781 0.888256 0.1492 0.518283 0.285855 0.474026 0.262109 0.47649 0.118087 0.944371 0.278011 0.923025 0.278011 0.921015 0.234022 0.939835 0.224041 0.080789 0.143563 0.080789 0.103292 0.16591 0.103294 0.1659 0.136853 0.182723 0.103294 0.179819 0.136155 0.262193 0.103294 0.262438 0.136464 0.335377 0.103294 0.358355 0.103294 0.358746 0.133335 0.33282 0.134491 0.381334 0.103294 0.395921 0.103294 0.393745 0.133693 0.379327 0.132815 0.454253 0.103292 0.453432 0.140136 0.431003 0.136409 0.432328 0.103292 0.160195 0.312439 0.175313 0.307688 0.175759 0.382738 0.160161 0.387093 0.26372 0.309237 0.26518 0.381333 0.321056 0.298754 0.315462 0.369964 0.361589 0.29285 0.391284 0.298906 0.382261 0.378414 0.34865 0.364113 0.431007 0.322129 0.410989 0.404048 0.411218 0.311083 0.882765 0.054664 0.880633 0.072917 0.848111 0.051743 0.848259 0.031345 0.975222 0.278011 0.964096 0.278011 0.95707 0.217061 0.966666 0.20828 0.94772 0.145424 0.941415 0.159767 0.924875 0.124646 0.930798 0.111021 0.6031 0.015677 0.737432 0.005609 0.308085 0.01567 0.378717 0.01567 0.436264 0.01567 0.476273 0.01567 0.540972 0.01567 0.847663 0.01582 0.879813 0.035861 0.987699 0.278011 0.979686 0.194904 0.936475 0.094489 0.955867 0.125015 0.24134 0.826064 0.36711 0.826436 0.366439 0.877003 0.24228 0.876873 0.015773 0.751711 0.015773 0.684312 0.133691 0.716711 0.134274 0.77443 0.175595 0.69996 0.180136 0.762729 0.162304 0.217884 0.17704 0.215101 0.262847 0.216424 0.32815 0.210091 0.404552 0.209537 0.37683 0.205705 0.446685 0.224574 0.426211 0.216043 0.475461 0.083375 0.539651 0.083375 0.308085 0.083375 0.379025 0.083375 0.905228 0.093108 0.436742 0.083375 0.233122 0.498311 0.234306 0.581041 0.585414 0.118088 0.585414 0.285489 0.2375 0.689915 0.239452 0.755313 0.61399 0.278516 0.604 0.278011 0.618169 0.140228 0.170651 0.08972 0.170651 0.011388 0.276412 0.011389 0.276412 0.089721 0.981119 0.015082 0.981119 0.153919 0.956692 0.08847 0.881884 0.970529 0.881883 0.963469 0.953445 0.9635 0.953478 0.97056 0.881881 0.956603 0.953412 0.956544 0.881884 0.976318 0.953511 0.976351 0.456529 0.231542 0.372145 0.498482 0.371114 0.582456 0.435169 0.589132 0.427404 0.50134 0.457565 0.500716 0.478396 0.586849 0.523454 0.552831 0.495721 0.480774 0.530604 0.440391 0.556951 0.51114 0.369184 0.689762 0.368119 0.755233 0.461604 0.762798 0.453848 0.698538 0.508308 0.697576 0.517607 0.763232 0.547549 0.681873 0.563215 0.749835 0.601183 0.628768 0.62338 0.706517 0.594175 0.73175 0.57626 0.65932 0.185285 0.878515 0.183555 0.829817 0.135377 0.88144 0.134954 0.836418 0.111654 0.881164 0.112407 0.836 0.071925 0.879009 0.07305 0.83119 0.015773 0.875564 0.015773 0.824179 0.970798 0.876255 0.970587 0.937554 0.859603 0.935944 0.85961 0.874824 0.970683 0.810561 0.859698 0.811175 0.881885 0.984357 0.953566 0.984357 0.902848 0.192116 0.925983 0.036966 0.921633 0.054592 0.921634 0.041124 0.929087 0.026868 0.929087 0.01507 0.658108 0.142865 0.636922 0.164777 0.242926 0.916706 0.186321 0.916706 0.13549 0.916706 0.111054 0.916706 0.071228 0.916706 0.015773 0.916706 0.646004 0.916706 0.613081 0.916706 0.557096 0.916706 0.579357 0.916706 0.498246 0.916706 0.528957 0.916706 0.365919 0.916707 0.407658 0.13411 0.408317 0.103294 0.909119 0.192819 0.926981 0.172019 0.467535 0.916706 0.021785 0.154026 0.043859 0.132845 0.080789 0.233304 0.359335 0.453545 0.333479 0.439506 0.311208 0.443409 0.26753 0.453709 0.178319 0.459743 0.161161 0.466728 0.387536 0.482683 0.016337 0.431587 0.071475 0.439135 0.080789 0.48902 0.080789 0.414919 0.080789 0.336927 0.909057 0.075831 0.911963 0.055902</float_array>
          <technique_common>
            <accessor source="#polySurfaceShape2-polySurfaceShape2-map1-array" count="516" stride="2">
              <param name="S" type="float"/>
              <param name="T" type="float"/>
            </accessor>
          </technique_common>
        </source>
        <vertices id="polySurfaceShape2-vertices" name="polySurfaceShape2-vertices">
          <input semantic="POSITION" source="#polySurfaceShape2-positions"/>
        </vertices>
        <triangles material="blinn3SG" count="692">
          <input semantic="VERTEX" source="#polySurfaceShape2-vertices" offset="0"/>
          <input semantic="NORMAL" source="#polySurfaceShape2-normals" offset="1"/>
          <input semantic="TEXCOORD" source="#polySurfaceShape2-polySurfaceShape2-map1" offset="2" set="0"/>
          <p>0 0 0 1 1 1 2 2 2 3 3 4 4 4 5 1 5 3 1 6 3 4 7 5 2 8 6 6 9 8 7 10 9 5 11 7 5 12 7 7 13 9 8 14 10 9 15 11 10 16 12 12 17 14 12 18 14 10 19 12 11 20 13 13 21 15 14 22 16 16 23 18 16 24 18 14 25 16 15 26 17 7 27 9 6 28 8 17 29 19 17 30 19 6 31 8 18 32 20 21 33 23 0 34 0 20 35 22 0 36 0 19 37 21 20 38 22 22 39 24 23 40 25 24 41 26 25 42 27 26 43 28 28 44 30 28 45 30 26 46 28 27 47 29 29 48 31 22 49 24 24 50 26 30 51 32 31 52 33 33 53 35 33 54 35 31 55 33 32 56 34 35 57 37 36 58 38 34 59 36 34 60 36 36 61 38 0 62 39 38 63 41 39 64 42 37 65 40 37 66 40 39 67 42 40 68 43 36 69 38 35 70 37 1 71 3 1 72 3 35 73 37 3 74 4 0 75 0 41 76 44 19 77 21 42 78 45 27 79 29 43 80 46 43 81 46 27 82 29 26 83 28 45 84 48 46 85 49 44 86 47 44 87 47 46 88 49 47 89 50 49 90 52 50 91 53 48 92 51 48 93 51 50 94 53 51 95 54 52 96 55 53 97 56 55 98 58 55 99 58 53 100 56 54 101 57 56 102 59 57 103 60 58 104 61 59 105 62 60 106 63 62 107 65 62 108 65 60 109 63 61 110 64 64 111 67 65 112 68 63 113 66 63 114 66 65 115 68 66 116 69 65 117 68 64 118 67 46 119 70 46 120 70 64 121 67 67 122 71 47 123 72 46 124 70 68 125 73 68 126 73 46 127 70 67 128 71 69 129 75 70 130 76 49 131 74 49 132 74 70 133 76 50 134 77 71 135 79 72 136 80 53 137 78 53 138 78 72 139 80 54 140 81 62 141 82 61 142 83 74 143 85 74 144 85 61 145 83 73 146 84 76 147 87 77 148 88 75 149 86 75 150 86 77 151 88 78 152 89 78 153 89 77 154 88 80 155 91 80 156 91 77 157 88 79 158 90 79 159 90 81 160 92 80 161 91 80 162 91 81 163 92 82 164 93 84 165 95 85 166 96 83 167 94 83 168 94 85 169 96 86 170 97 87 171 98 88 172 99 89 173 100 89 174 100 88 175 99 85 176 96 91 177 102 92 178 103 90 179 101 90 180 101 92 181 103 93 182 104 95 183 106 96 184 107 94 185 105 94 186 105 96 187 107 97 188 108 39 189 42 32 190 34 40 191 43 40 192 43 32 193 34 31 194 33 99 195 110 100 196 111 98 197 109 98 198 109 100 199 111 101 200 112 26 201 28 25 202 27 102 203 113 102 204 113 25 205 27 103 206 114 33 207 35 32 208 34 105 209 116 105 210 116 32 211 34 104 212 115 39 213 42 38 214 41 107 215 118 107 216 118 38 217 41 106 218 117 38 219 41 43 220 46 106 221 117 106 222 117 43 223 46 108 224 119 90 225 101 109 226 120 91 227 102 91 228 102 109 229 120 110 230 121 112 231 123 95 232 106 111 233 122 111 234 122 95 235 106 94 236 105 39 237 42 107 238 118 32 239 34 32 240 34 107 241 118 104 242 115 98 243 109 113 244 124 99 245 110 99 246 110 113 247 124 114 248 125 116 249 127 117 250 128 115 251 126 115 252 126 117 253 128 118 254 129 16 255 18 15 256 17 119 257 130 119 258 130 15 259 17 120 260 131 14 261 16 13 262 15 122 263 133 122 264 133 13 265 15 121 266 132 121 267 132 123 268 134 122 269 133 122 270 133 123 271 134 124 272 135 125 273 136 126 274 137 78 275 89 78 276 89 126 277 137 75 278 86 127 279 138 68 280 73 125 281 136 125 282 136 68 283 73 67 284 71 69 285 75 68 286 73 128 287 139 128 288 139 68 289 73 127 290 138 129 291 140 72 292 80 130 293 141 130 294 141 72 295 80 71 296 79 74 297 85 73 298 84 132 299 143 132 300 143 73 301 84 131 302 142 57 303 145 42 304 45 133 305 144 133 306 144 42 307 45 37 308 40 97 309 108 96 310 107 59 311 62 59 312 62 96 313 107 60 314 63 56 315 147 31 316 33 134 317 146 134 318 146 31 319 33 30 320 32 52 321 55 55 322 58 135 323 148 135 324 148 55 325 58 100 326 111 48 327 51 51 328 54 92 329 103 92 330 103 51 331 54 93 332 104 58 333 149 40 334 43 56 335 147 56 336 147 40 337 43 31 338 33 133 339 144 37 340 40 58 341 149 58 342 149 37 343 40 40 344 43 27 345 29 45 346 48 28 347 30 28 348 30 45 349 48 44 350 47 0 351 0 2 352 2 41 353 44 2 354 6 4 355 5 41 356 151 41 357 151 4 358 5 136 359 150 37 360 40 42 361 45 38 362 41 38 363 41 42 364 45 43 365 46 57 366 60 56 367 59 137 368 152 137 369 152 56 370 59 134 371 153 102 372 113 108 373 119 26 374 28 26 375 28 108 376 119 43 377 46 124 378 135 123 379 134 138 380 154 138 381 154 123 382 134 139 383 155 42 384 45 57 385 145 27 386 29 27 387 29 57 388 145 45 389 48 66 390 156 65 391 157 140 392 158 140 393 158 65 394 157 45 395 48 141 396 159 142 397 160 137 398 162 137 399 162 142 400 160 57 401 161 57 402 163 143 403 164 45 404 165 145 405 167 146 406 168 144 407 166 144 408 166 146 409 168 147 410 169 146 411 168 142 412 170 147 413 169 147 414 169 142 415 170 141 416 171 149 417 173 145 418 167 148 419 172 148 420 172 145 421 167 144 422 166 133 423 174 58 424 61 57 425 60 136 426 150 150 427 175 41 428 151 41 429 151 150 430 175 19 431 176 152 432 178 153 433 179 151 434 177 151 435 177 153 436 179 154 437 180 155 438 181 20 439 182 152 440 178 152 441 178 20 442 182 153 443 179 20 444 182 155 445 181 21 446 184 21 447 184 155 448 181 156 449 183 4 450 5 124 451 135 136 452 150 136 453 150 124 454 135 138 455 154 4 456 5 3 457 4 124 458 135 124 459 135 3 460 4 122 461 133 35 462 37 14 463 16 3 464 4 3 465 4 14 466 16 122 467 133 35 468 37 15 469 17 14 470 16 120 471 131 15 472 17 34 473 36 34 474 36 15 475 17 35 476 37 138 477 154 139 478 155 158 479 186 158 480 186 139 481 155 157 482 185 160 483 188 161 484 189 159 485 187 159 486 187 161 487 189 162 488 190 163 489 191 164 490 192 160 491 188 160 492 188 164 493 192 161 494 189 166 495 194 167 496 195 165 497 193 165 498 193 167 499 195 168 500 196 116 501 127 115 502 126 170 503 198 170 504 198 115 505 126 169 506 197 169 507 197 171 508 199 170 509 198 170 510 198 171 511 199 172 512 200 172 513 200 171 514 199 174 515 202 174 516 202 171 517 199 173 518 201 175 519 203 176 520 204 173 521 201 173 522 201 176 523 204 174 524 202 177 525 205 176 526 204 178 527 206 178 528 206 176 529 204 175 530 203 161 531 189 152 532 178 162 533 190 162 534 190 152 535 178 151 536 177 164 537 192 155 538 181 161 539 189 161 540 189 155 541 181 152 542 178 155 543 181 166 544 194 156 545 183 156 546 183 166 547 194 165 548 193 138 549 154 158 550 186 136 551 150 136 552 150 158 553 186 150 554 175 143 555 208 180 556 209 179 557 207 179 558 207 180 559 209 181 560 210 45 561 212 143 562 208 140 563 211 140 564 211 143 565 208 179 566 207 180 567 214 149 568 173 181 569 213 181 570 213 149 571 173 148 572 172 0 573 0 36 574 215 1 575 1 145 576 216 149 577 217 143 578 164 149 579 217 180 580 218 143 581 164 57 582 163 142 583 219 146 584 220 145 585 216 143 586 164 146 587 220 57 588 163 146 589 220 143 590 164 45 591 48 65 592 157 46 593 49 153 594 222 20 595 22 154 596 221 154 597 221 20 598 22 19 599 21 116 600 127 170 601 198 102 602 223 102 603 223 170 604 198 108 605 224 170 606 198 172 607 200 108 608 224 108 609 224 172 610 200 106 611 225 106 612 225 172 613 200 107 614 226 107 615 226 172 616 200 174 617 202 176 618 204 104 619 227 174 620 202 174 621 202 104 622 227 107 623 226 105 624 228 104 625 227 177 626 205 177 627 205 104 628 227 176 629 204 12 630 14 11 631 13 111 632 230 111 633 230 11 634 13 112 635 229 114 636 231 113 637 232 18 638 20 182 639 234 6 640 8 109 641 233 109 642 233 6 643 8 5 644 7 102 645 223 103 646 235 116 647 127 116 648 127 103 649 235 117 650 128 167 651 195 10 652 12 168 653 196 168 654 196 10 655 12 9 656 11 17 657 19 163 658 191 7 659 9 7 660 9 163 661 191 160 662 188 7 663 9 160 664 188 8 665 10 8 666 10 160 667 188 159 668 187 139 669 155 115 670 126 157 671 185 157 672 185 115 673 126 118 674 129 123 675 134 169 676 197 139 677 155 139 678 155 169 679 197 115 680 126 171 681 199 169 682 197 121 683 132 121 684 132 169 685 197 123 686 134 13 687 15 173 688 201 121 689 132 121 690 132 173 691 201 171 692 199 173 693 201 13 694 15 175 695 203 175 696 203 13 697 15 16 698 18 175 699 203 16 700 18 178 701 206 178 702 206 16 703 18 119 704 130 86 705 97 85 706 96 88 707 99 73 708 84 183 709 236 131 710 142 131 711 142 183 712 236 129 713 140 61 714 83 184 715 237 73 716 84 73 717 84 184 718 237 183 719 236 184 720 238 61 721 64 185 722 239 185 723 239 61 724 64 60 725 63 185 726 239 60 727 63 101 728 112 101 729 112 60 730 63 96 731 107 98 732 109 101 733 112 95 734 106 95 735 106 101 736 112 96 737 107 113 738 124 98 739 109 112 740 123 112 741 123 98 742 109 95 743 106 11 744 13 18 745 20 112 746 229 112 747 229 18 748 20 113 749 232 17 750 19 18 751 20 10 752 12 10 753 12 18 754 20 11 755 13 163 756 191 17 757 19 167 758 195 167 759 195 17 760 19 10 761 12 164 762 192 163 763 191 166 764 194 166 765 194 163 766 191 167 767 195 155 768 181 164 769 192 166 770 194 68 771 73 69 772 75 47 773 72 47 774 72 69 775 75 49 776 74 47 777 50 49 778 52 44 779 47 44 780 47 49 781 52 48 782 51 44 783 47 48 784 51 28 785 30 28 786 30 48 787 51 92 788 103 25 789 27 28 790 30 91 791 102 91 792 102 28 793 30 92 794 103 103 795 114 25 796 27 110 797 121 110 798 121 25 799 27 91 800 102 117 801 128 103 802 235 5 803 7 5 804 7 103 805 235 110 806 240 118 807 129 117 808 128 8 809 10 8 810 10 117 811 128 5 812 7 8 813 10 159 814 187 118 815 129 118 816 129 159 817 187 157 818 185 159 819 187 162 820 190 157 821 185 157 822 185 162 823 190 158 824 186 162 825 190 151 826 177 158 827 186 158 828 186 151 829 177 150 830 175 19 831 176 150 832 175 154 833 180 154 834 180 150 835 175 151 836 177 128 837 139 70 838 76 69 839 75 81 840 92 84 841 95 82 842 93 82 843 93 84 844 95 83 845 94 22 846 24 186 847 241 23 848 25 23 849 25 186 850 241 187 851 242 132 852 143 131 853 142 87 854 98 87 855 98 131 856 142 88 857 99 86 858 97 88 859 99 129 860 140 129 861 140 88 862 99 131 863 142 129 864 140 130 865 141 86 866 97 86 867 97 130 868 141 83 869 94 82 870 93 83 871 94 128 872 139 128 873 139 83 874 94 130 875 141 128 876 139 127 877 138 82 878 93 82 879 93 127 880 138 80 881 91 80 882 91 127 883 138 78 884 89 78 885 89 127 886 138 125 887 136 188 888 243 126 889 137 63 890 66 63 891 66 126 892 137 64 893 67 67 894 71 64 895 67 125 896 136 125 897 136 64 898 67 126 899 137 187 900 244 186 901 245 84 902 95 84 903 95 186 904 245 85 905 96 23 906 246 187 907 244 81 908 92 81 909 92 187 910 244 84 911 95 24 912 247 23 913 246 79 914 90 79 915 90 23 916 246 81 917 92 77 918 88 29 919 248 79 920 90 79 921 90 29 922 248 24 923 247 77 924 88 76 925 87 29 926 248 29 927 248 76 928 87 189 929 249 89 930 100 85 931 96 22 932 250 22 933 250 85 934 96 186 935 245 189 936 251 190 937 252 22 938 24 76 939 87 191 940 253 189 941 249 189 942 249 191 943 253 190 944 254 191 945 253 76 946 87 192 947 255 192 948 255 76 949 87 75 950 86 192 951 255 75 952 86 188 953 243 188 954 243 75 955 86 126 956 137 29 957 31 189 958 251 22 959 24 55 960 58 185 961 239 100 962 111 100 963 111 185 964 239 101 965 112 54 966 57 184 967 238 55 968 58 55 969 58 184 970 238 185 971 239 72 972 80 183 973 236 54 974 81 54 975 81 183 976 236 184 977 237 129 978 140 183 979 236 72 980 80 193 981 256 135 982 148 99 983 110 99 984 110 135 985 148 100 986 111 182 987 257 193 988 256 114 989 125 114 990 125 193 991 256 99 992 110 182 993 234 114 994 231 6 995 8 6 996 8 114 997 231 18 998 20 193 999 256 182 1000 257 90 1001 101 90 1002 101 182 1003 257 109 1004 120 90 1005 101 93 1006 104 193 1007 256 193 1008 256 93 1009 104 135 1010 148 51 1011 54 52 1012 55 93 1013 104 93 1014 104 52 1015 55 135 1016 148 50 1017 53 53 1018 56 51 1019 54 51 1020 54 53 1021 56 52 1022 55 70 1023 76 71 1024 79 50 1025 77 50 1026 77 71 1027 79 53 1028 78 109 1029 233 5 1030 7 110 1031 240 128 1032 139 130 1033 141 70 1034 76 70 1035 76 130 1036 141 71 1037 79 0 1038 258 194 1039 259 195 1040 260 194 1041 262 196 1042 263 195 1043 261 195 1044 261 196 1045 263 197 1046 264 199 1047 266 200 1048 267 198 1049 265 198 1050 265 200 1051 267 201 1052 268 9 1053 269 12 1054 270 203 1055 272 203 1056 272 12 1057 270 202 1058 271 204 1059 273 205 1060 274 207 1061 276 207 1062 276 205 1063 274 206 1064 275 209 1065 278 201 1066 268 208 1067 277 208 1068 277 201 1069 268 200 1070 267 21 1071 279 210 1072 280 0 1073 258 0 1074 258 210 1075 280 211 1076 281 22 1077 282 212 1078 283 213 1079 284 214 1080 285 215 1081 286 217 1082 288 217 1083 288 215 1084 286 216 1085 287 218 1086 289 212 1087 283 22 1088 282 30 1089 290 33 1090 291 220 1091 293 220 1092 293 33 1093 291 219 1094 292 0 1095 295 221 1096 296 34 1097 294 34 1098 294 221 1099 296 222 1100 297 224 1101 299 225 1102 300 223 1103 298 223 1104 298 225 1105 300 226 1106 301 197 1107 264 222 1108 297 195 1109 261 195 1110 261 222 1111 297 221 1112 296 0 1113 258 211 1114 281 227 1115 302 228 1116 303 229 1117 304 216 1118 287 216 1119 287 229 1120 304 217 1121 288 231 1122 306 232 1123 307 230 1124 305 230 1125 305 232 1126 307 233 1127 308 235 1128 310 236 1129 311 234 1130 309 234 1131 309 236 1132 311 237 1133 312 238 1134 313 239 1135 314 241 1136 316 241 1137 316 239 1138 314 240 1139 315 242 1140 317 243 1141 318 244 1142 319 59 1143 320 62 1144 321 246 1145 323 246 1146 323 62 1147 321 245 1148 322 66 1149 325 247 1150 326 63 1151 324 63 1152 324 247 1153 326 248 1154 327 249 1155 329 248 1156 327 232 1157 328 232 1158 328 248 1159 327 247 1160 326 231 1161 330 250 1162 331 232 1163 328 232 1164 328 250 1165 331 249 1166 329 236 1167 333 251 1168 334 237 1169 332 237 1170 332 251 1171 334 252 1172 335 240 1173 337 253 1174 338 241 1175 336 241 1176 336 253 1177 338 254 1178 339 62 1179 340 74 1180 341 245 1181 343 245 1182 343 74 1183 341 255 1184 342 257 1185 345 258 1186 346 256 1187 344 256 1188 344 258 1189 346 259 1190 347 257 1191 345 260 1192 348 258 1193 346 258 1194 346 260 1195 348 261 1196 349 262 1197 350 263 1198 351 260 1199 348 260 1200 348 263 1201 351 261 1202 349 265 1203 353 266 1204 354 264 1205 352 264 1206 352 266 1207 354 267 1208 355 87 1209 356 89 1210 357 268 1211 358 268 1212 358 89 1213 357 266 1214 354 270 1215 360 271 1216 361 269 1217 359 269 1218 359 271 1219 361 272 1220 362 97 1221 364 273 1222 365 94 1223 363 94 1224 363 273 1225 365 274 1226 366 220 1227 293 219 1228 292 224 1229 299 224 1230 299 219 1231 292 225 1232 300 276 1233 368 277 1234 369 275 1235 367 275 1236 367 277 1237 369 278 1238 370 280 1239 372 214 1240 285 279 1241 371 279 1242 371 214 1243 285 217 1244 288 33 1245 291 105 1246 373 219 1247 292 219 1248 292 105 1249 373 281 1250 374 225 1251 300 282 1252 375 226 1253 301 226 1254 301 282 1255 375 283 1256 376 284 1257 377 229 1258 304 283 1259 376 283 1260 376 229 1261 304 226 1262 301 269 1263 359 272 1264 362 286 1265 379 286 1266 379 272 1267 362 285 1268 378 94 1269 363 274 1270 366 111 1271 380 111 1272 380 274 1273 366 287 1274 381 225 1275 300 219 1276 292 282 1277 375 282 1278 375 219 1279 292 281 1280 374 275 1281 367 278 1282 370 289 1283 383 289 1284 383 278 1285 370 288 1286 382 291 1287 385 292 1288 386 290 1289 384 290 1290 384 292 1291 386 293 1292 387 120 1293 389 206 1294 275 119 1295 388 119 1296 388 206 1297 275 205 1298 274 207 1299 276 294 1300 390 204 1301 273 204 1302 273 294 1303 390 295 1304 391 296 1305 392 297 1306 393 294 1307 390 294 1308 390 297 1309 393 295 1310 391 256 1311 344 298 1312 394 257 1313 345 257 1314 345 298 1315 394 299 1316 395 300 1317 396 299 1318 395 250 1319 331 250 1320 331 299 1321 395 249 1322 329 300 1323 396 250 1324 331 301 1325 397 301 1326 397 250 1327 331 252 1328 335 302 1329 398 303 1330 399 253 1331 338 253 1332 338 303 1333 399 254 1334 339 74 1335 341 132 1336 400 255 1337 342 255 1338 342 132 1339 400 304 1340 401 223 1341 298 228 1342 303 305 1343 402 305 1344 402 228 1345 303 244 1346 403 97 1347 364 59 1348 320 273 1349 365 273 1350 365 59 1351 320 246 1352 323 30 1353 290 220 1354 293 134 1355 404 134 1356 404 220 1357 293 242 1358 405 238 1359 313 306 1360 406 239 1361 314 239 1362 314 306 1363 406 277 1364 369 234 1365 309 271 1366 361 235 1367 310 235 1368 310 271 1369 361 270 1370 360 220 1371 293 224 1372 299 242 1373 405 242 1374 405 224 1375 299 243 1376 407 224 1377 299 223 1378 298 243 1379 407 243 1380 407 223 1381 298 305 1382 402 230 1383 305 233 1384 308 215 1385 286 215 1386 286 233 1387 308 216 1388 287 0 1389 258 227 1390 302 194 1391 259 194 1392 262 227 1393 408 196 1394 263 196 1395 263 227 1396 408 307 1397 409 223 1398 298 226 1399 301 228 1400 303 228 1401 303 226 1402 301 229 1403 304 134 1404 411 242 1405 317 137 1406 410 137 1407 410 242 1408 317 244 1409 319 279 1410 371 217 1411 288 284 1412 377 284 1413 377 217 1414 288 229 1415 304 309 1416 413 297 1417 393 308 1418 412 308 1419 412 297 1420 393 296 1421 392 233 1422 308 244 1423 403 216 1424 287 216 1425 287 244 1426 403 228 1427 303 66 1428 414 140 1429 415 247 1430 416 247 1431 416 140 1432 415 233 1433 308 141 1434 417 137 1435 418 310 1436 420 310 1437 420 137 1438 418 244 1439 419 244 1440 421 233 1441 422 311 1442 423 147 1443 425 312 1444 426 144 1445 424 144 1446 424 312 1447 426 313 1448 427 141 1449 428 310 1450 429 147 1451 425 147 1452 425 310 1453 429 312 1454 426 144 1455 424 313 1456 427 148 1457 430 148 1458 430 313 1459 427 314 1460 431 305 1461 432 244 1462 319 243 1463 318 211 1464 433 315 1465 434 227 1466 408 227 1467 408 315 1468 434 307 1469 409 317 1470 436 318 1471 437 316 1472 435 316 1473 435 318 1474 437 319 1475 438 320 1476 439 319 1477 438 210 1478 440 210 1479 440 319 1480 438 318 1481 437 210 1482 440 21 1483 441 320 1484 439 320 1485 439 21 1486 441 156 1487 442 308 1488 412 296 1489 392 307 1490 409 307 1491 409 296 1492 392 196 1493 263 294 1494 390 197 1495 264 296 1496 392 296 1497 392 197 1498 264 196 1499 263 294 1500 390 207 1501 276 197 1502 264 197 1503 264 207 1504 276 222 1505 297 222 1506 297 207 1507 276 206 1508 275 120 1509 389 34 1510 294 206 1511 275 206 1512 275 34 1513 294 222 1514 297 308 1515 412 321 1516 443 309 1517 413 309 1518 413 321 1519 443 322 1520 444 324 1521 446 325 1522 447 323 1523 445 323 1524 445 325 1525 447 326 1526 448 325 1527 447 327 1528 449 326 1529 448 326 1530 448 327 1531 449 328 1532 450 168 1533 452 329 1534 453 165 1535 451 165 1536 451 329 1537 453 330 1538 454 293 1539 387 331 1540 455 290 1541 384 290 1542 384 331 1543 455 332 1544 456 333 1545 457 334 1546 458 331 1547 455 331 1548 455 334 1549 458 332 1550 456 333 1551 457 335 1552 459 334 1553 458 334 1554 458 335 1555 459 336 1556 460 335 1557 459 337 1558 461 336 1559 460 336 1560 460 337 1561 461 338 1562 462 177 1563 463 178 1564 464 337 1565 461 337 1566 461 178 1567 464 338 1568 462 316 1569 435 319 1570 438 324 1571 446 324 1572 446 319 1573 438 325 1574 447 319 1575 438 320 1576 439 325 1577 447 325 1578 447 320 1579 439 327 1580 449 165 1581 451 330 1582 454 156 1583 442 156 1584 442 330 1585 454 320 1586 439 308 1587 412 307 1588 409 321 1589 443 321 1590 443 307 1591 409 315 1592 434 181 1593 466 339 1594 467 179 1595 465 179 1596 465 339 1597 467 311 1598 468 179 1599 465 311 1600 468 140 1601 469 140 1602 469 311 1603 468 233 1604 470 148 1605 430 314 1606 431 181 1607 471 181 1608 471 314 1609 431 339 1610 472 0 1611 258 195 1612 260 221 1613 473 313 1614 474 311 1615 423 314 1616 476 311 1617 423 339 1618 475 314 1619 476 244 1620 421 312 1621 477 310 1622 478 313 1623 474 312 1624 477 311 1625 423 244 1626 421 311 1627 423 312 1628 477 233 1629 308 232 1630 307 247 1631 416 211 1632 281 210 1633 280 317 1634 479 317 1635 479 210 1636 280 318 1637 480 284 1638 482 331 1639 455 279 1640 481 279 1641 481 331 1642 455 293 1643 387 283 1644 483 333 1645 457 284 1646 482 284 1647 482 333 1648 457 331 1649 455 283 1650 483 282 1651 484 333 1652 457 333 1653 457 282 1654 484 335 1655 459 337 1656 461 335 1657 459 281 1658 485 281 1659 485 335 1660 459 282 1661 484 105 1662 486 177 1663 463 281 1664 485 281 1665 485 177 1666 463 337 1667 461 12 1668 270 111 1669 487 202 1670 271 202 1671 271 111 1672 487 287 1673 488 288 1674 489 209 1675 278 289 1676 490 198 1677 265 201 1678 268 286 1679 491 286 1680 491 201 1681 268 340 1682 492 292 1683 386 280 1684 493 293 1685 387 293 1686 387 280 1687 493 279 1688 481 9 1689 269 203 1690 272 168 1691 452 168 1692 452 203 1693 272 329 1694 453 326 1695 448 328 1696 450 200 1697 267 200 1698 267 328 1699 450 208 1700 277 323 1701 445 326 1702 448 199 1703 266 199 1704 266 326 1705 448 200 1706 267 309 1707 413 322 1708 444 290 1709 384 290 1710 384 322 1711 444 291 1712 385 297 1713 393 309 1714 413 332 1715 456 332 1716 456 309 1717 413 290 1718 384 297 1719 393 332 1720 456 295 1721 391 295 1722 391 332 1723 456 334 1724 458 204 1725 273 295 1726 391 336 1727 460 336 1728 460 295 1729 391 334 1730 458 336 1731 460 338 1732 462 204 1733 273 204 1734 273 338 1735 462 205 1736 274 119 1737 388 205 1738 274 178 1739 464 178 1740 464 205 1741 274 338 1742 462 265 1743 353 268 1744 358 266 1745 354 255 1746 342 304 1747 401 341 1748 494 341 1749 494 304 1750 401 302 1751 398 245 1752 343 255 1753 342 342 1754 495 342 1755 495 255 1756 342 341 1757 494 342 1758 496 343 1759 497 245 1760 322 245 1761 322 343 1762 497 246 1763 323 343 1764 497 276 1765 368 246 1766 323 246 1767 323 276 1768 368 273 1769 365 273 1770 365 276 1771 368 274 1772 366 274 1773 366 276 1774 368 275 1775 367 274 1776 366 275 1777 367 287 1778 381 287 1779 381 275 1780 367 289 1781 383 202 1782 271 287 1783 488 209 1784 278 209 1785 278 287 1786 488 289 1787 490 202 1788 271 209 1789 278 203 1790 272 203 1791 272 209 1792 278 208 1793 277 328 1794 450 329 1795 453 208 1796 277 208 1797 277 329 1798 453 203 1799 272 327 1800 449 330 1801 454 328 1802 450 328 1803 450 330 1804 454 329 1805 453 320 1806 439 330 1807 454 327 1808 449 237 1809 332 252 1810 335 231 1811 330 231 1812 330 252 1813 335 250 1814 331 234 1815 309 237 1816 312 230 1817 305 230 1818 305 237 1819 312 231 1820 306 230 1821 305 215 1822 286 234 1823 309 234 1824 309 215 1825 286 271 1826 361 271 1827 361 215 1828 286 272 1829 362 272 1830 362 215 1831 286 214 1832 285 272 1833 362 214 1834 285 285 1835 378 285 1836 378 214 1837 285 280 1838 372 292 1839 386 198 1840 265 280 1841 493 280 1842 493 198 1843 265 285 1844 498 198 1845 265 292 1846 386 199 1847 266 199 1848 266 292 1849 386 291 1850 385 322 1851 444 323 1852 445 291 1853 385 291 1854 385 323 1855 445 199 1856 266 321 1857 443 324 1858 446 322 1859 444 322 1860 444 324 1861 446 323 1862 445 315 1863 434 316 1864 435 321 1865 443 321 1866 443 316 1867 435 324 1868 446 316 1869 435 315 1870 434 317 1871 436 317 1872 436 315 1873 434 211 1874 433 301 1875 397 252 1876 335 251 1877 334 263 1878 351 262 1879 350 267 1880 355 267 1881 355 262 1882 350 264 1883 352 22 1884 282 213 1885 284 345 1886 500 345 1887 500 213 1888 284 344 1889 499 132 1890 400 87 1891 356 304 1892 401 304 1893 401 87 1894 356 268 1895 358 304 1896 401 268 1897 358 302 1898 398 302 1899 398 268 1900 358 265 1901 353 264 1902 352 303 1903 399 265 1904 353 265 1905 353 303 1906 399 302 1907 398 262 1908 350 301 1909 397 264 1910 352 264 1911 352 301 1912 397 303 1913 399 260 1914 348 300 1915 396 262 1916 350 262 1917 350 300 1918 396 301 1919 397 260 1920 348 257 1921 345 300 1922 396 300 1923 396 257 1924 345 299 1925 395 248 1926 327 298 1927 394 63 1928 324 63 1929 324 298 1930 394 188 1931 501 298 1932 394 248 1933 327 299 1934 395 299 1935 395 248 1936 327 249 1937 329 266 1938 354 345 1939 502 267 1940 355 267 1941 355 345 1942 502 344 1943 503 213 1944 504 263 1945 351 344 1946 503 344 1947 503 263 1948 351 267 1949 355 263 1950 351 213 1951 504 261 1952 349 261 1953 349 213 1954 504 212 1955 505 258 1956 346 261 1957 349 218 1958 506 218 1959 506 261 1960 349 212 1961 505 258 1962 346 218 1963 506 259 1964 347 259 1965 347 218 1966 506 346 1967 507 89 1968 357 22 1969 508 266 1970 354 266 1971 354 22 1972 508 345 1973 502 346 1974 509 22 1975 282 190 1976 510 259 1977 347 346 1978 507 191 1979 512 191 1980 512 346 1981 507 190 1982 511 256 1983 344 259 1984 347 192 1985 513 192 1986 513 259 1987 347 191 1988 512 298 1989 394 256 1990 344 188 1991 501 188 1992 501 256 1993 344 192 1994 513 218 1995 289 22 1996 282 346 1997 509 239 1998 314 277 1999 369 343 2000 497 343 2001 497 277 2002 369 276 2003 368 240 2004 315 239 2005 314 342 2006 496 342 2007 496 239 2008 314 343 2009 497 253 2010 338 240 2011 337 341 2012 494 341 2013 494 240 2014 337 342 2015 495 302 2016 398 253 2017 338 341 2018 494 277 2019 369 306 2020 406 278 2021 370 278 2022 370 306 2023 406 347 2024 514 278 2025 370 347 2026 514 288 2027 382 288 2028 382 347 2029 514 340 2030 515 209 2031 278 288 2032 489 201 2033 268 201 2034 268 288 2035 489 340 2036 492 347 2037 514 269 2038 359 340 2039 515 340 2040 515 269 2041 359 286 2042 379 306 2043 406 270 2044 360 347 2045 514 347 2046 514 270 2047 360 269 2048 359 235 2049 310 270 2050 360 238 2051 313 238 2052 313 270 2053 360 306 2054 406 236 2055 311 235 2056 310 241 2057 316 241 2058 316 235 2059 310 238 2060 313 251 2061 334 236 2062 333 254 2063 339 254 2064 339 236 2065 333 241 2066 336 286 2067 491 285 2068 498 198 2069 265 301 2070 397 251 2071 334 303 2072 399 303 2073 399 251 2074 334 254 2075 339</p>
        </triangles>
      </mesh>
      <extra>
        <technique profile="OpenCOLLADAMaya">
          <originalMayaNodeId>toilet_seat_baseShape</originalMayaNodeId>
          <double_sided>1</double_sided>
        </technique>
      </extra>
    </geometry>
  </library_geometries>
  <library_visual_scenes>
    <visual_scene id="VisualSceneNode" name="toilet_seat_base">
      <node id="polySurface2" name="toilet_seat_base" type="NODE">
        <matrix sid="transform">1 0 0 0 0 1 0 0 0 0 1 0 0 0 0 1</matrix>
        <instance_geometry url="#polySurfaceShape2">
          <bind_material>
            <technique_common>
              <instance_material symbol="blinn3SG" target="#blinn3">
                <bind_vertex_input semantic="TEX0" input_semantic="TEXCOORD" input_set="0"/>
              </instance_material>
            </technique_common>
          </bind_material>
        </instance_geometry>
        <extra>
          <technique profile="OpenCOLLADAMaya">
            <originalMayaNodeId>toilet_seat_base</originalMayaNodeId>
          </technique>
        </extra>
      </node>
    </visual_scene>
  </library_visual_scenes>
  <scene>
    <instance_visual_scene url="#VisualSceneNode"/>
  </scene>
</COLLADA>