<?xml version="1.0" encoding="utf-8" ?>
<COLLADA xmlns="http://www.collada.org/2005/11/COLLADASchema" version="1.4.1">
    <asset>
        <contributor>
            <author>Tucho</author>
            <authoring_tool>modo 601 [Build 48460], Microsoft Windows 7 Service Pack 1 (6.1.7601 Service Pack 1)</authoring_tool>
            <comments>
                Plug-in: [Build 48460];
                Use Absolute Path: No;
                Merge Reference Items: No;
                Save Hidden Items: No;
                Save Cameras: Yes;
                Save Lights: Yes;
                Save Locators: Yes;
                Save Triangles as Triangles: No;
                Bake Matrices: No;
                Save Vertex Normals: Yes;
                Save UV Texture Coordinates: Yes;
                Save Vertex Colors: Yes;
                Save Vertex Weights: Yes;
                Save Animation: Yes;
                Sample Animation: No;
                Sample Animation Start: 0;
                Sample Animation End: 120;
                Save modo Profile: Yes;
                Save Maya Profile: Yes;
                Save 3ds Max Profile: Yes;
                Formatted Arrays: Yes;
            </comments>
            <source_data>file:///D:/Work/My%20Dropbox/Frictional%20Games%20-%20Team/Aaron/models/entities/station/tech/cabinet_electricity/cabinet_electricity.lxo</source_data>
        </contributor>
        <created>2012-10-11T19:22:20Z</created>
        <modified>2012-10-11T19:22:20Z</modified>
        <unit name="game" meter="1" />
        <up_axis>Y_UP</up_axis>
    </asset>
    <library_cameras>
        <camera id="Camera-camera014" name="Camera">
            <optics>
                <technique_common>
                    <perspective>
                        <xfov sid="HFOV">39.5978</xfov>
                        <yfov sid="YFOV">26.9915</yfov>
                        <znear sid="near_clip">0.01</znear>
                        <zfar sid="far_clip">10000</zfar>
                    </perspective>
                </technique_common>
                <technique profile="modo401">
                    <param sid="projType" name="Projection_Type" type="Name">persp</param>
                    <param sid="focalLen" name="Focal_Length" type="float">0.05</param>
                    <param sid="distort" name="Lens_Distortion" type="float">0</param>
                    <param sid="squeeze" name="Lens_Squeeze" type="float">1</param>
                    <param sid="focusDist" name="Focus_Distance" type="float">4</param>
                    <param sid="fStop" name="F-Stop" type="float">4</param>
                    <param sid="blurLen" name="Blur_Length" type="float">0.5</param>
                    <param sid="blurOff" name="Blur_Offset" type="float">0</param>
                    <param sid="ioDist" name="Interocular_Distance" type="float">0.065</param>
                    <param sid="convDist" name="Convergence_Distance" type="float">2</param>
                </technique>
            </optics>
            <imager>
                <technique profile="modo401">
                    <param sid="apertureX" name="Film_Width" type="float">0.036</param>
                    <param sid="apertureY" name="Film_Height" type="float">0.024</param>
                    <param sid="offsetX" name="Film_Offset_X" type="float">0</param>
                    <param sid="offsetY" name="Film_Offset_Y" type="float">0</param>
                    <param sid="filmFit" name="Film_Fit" type="Name">fill</param>
                </technique>
            </imager>
        </camera>
    </library_cameras>
    <library_images>
        <image id="Image0001" name="Image0001">
            <init_from>file:///D:/Work/My%20Dropbox/Frictional%20Games%20-%20Team/Aaron/models/entities/station/tech/cabinet_electricity/cabinet_electricity.tga</init_from>
        </image>
    </library_images>
    <library_materials>
        <material id="Material-cabinet_electricity" name="cabinet_electricity">
            <instance_effect url="#Effect-cabinet_electricity" />
        </material>
    </library_materials>
    <library_effects>
        <effect id="Effect-cabinet_electricity" name="cabinet_electricity">
            <profile_COMMON>
                <newparam sid="Image0001-surface">
                    <surface type="2D">
                        <init_from>Image0001</init_from>
                        <format>A8R8G8B8</format>
                    </surface>
                </newparam>
                <newparam sid="Image0001-sampler">
                    <sampler2D>
                        <source>Image0001-surface</source>
                        <minfilter>LINEAR_MIPMAP_LINEAR</minfilter>
                        <magfilter>LINEAR</magfilter>
                    </sampler2D>
                </newparam>
                <technique sid="common">
                    <phong>
                        <diffuse>
                            <texture texture="Image0001-sampler" texcoord="geom-base-map1" />
                        </diffuse>
                        <specular>
                            <color sid="specular_effect_rgb">0.9 0.9 0.9 1</color>
                        </specular>
                        <shininess>
                            <float sid="specular_effect_rgb">256</float>
                        </shininess>
                    </phong>
                </technique>
            </profile_COMMON>
        </effect>
    </library_effects>
    <library_geometries>
        <geometry id="Geometry-base" name="base">
            <mesh>
                <source id="Geometry-base-positions" name="positions">
                    <float_array id="Geometry-base-positions-array" count="807">
                        0.433043 0.200517 0.40941
                        0.433043 0.200517 -0.524579
                        -0.469878 0.200517 0.40941
                        -0.469878 0.200517 -0.524579
                        0.433043 2.0033 0.478635
                        -0.469878 2.0033 0.478635
                        0.433043 2.0033 -0.524579
                        0.433043 1.71026 0.40941
                        -0.469878 2.0033 -0.524579
                        -0.469878 1.71026 0.40941
                        -0.469878 1.71026 0.478635
                        0.433043 1.71026 0.478635
                        -0.417678 0.252717 0.40941
                        0.380843 0.252717 0.40941
                        0.380843 1.65805 0.40941
                        -0.417678 1.65805 0.40941
                        -0.417678 0.252717 0.430409
                        0.380843 0.252717 0.430409
                        0.380843 1.65805 0.430409
                        -0.417678 1.65805 0.430409
                        -0.391056 0.279339 0.430409
                        0.354221 0.279339 0.430409
                        0.354221 1.63143 0.430409
                        -0.391056 1.63143 0.430409
                        -0.391056 0.279339 0.222924
                        0.354221 0.279339 0.222924
                        0.354221 1.63143 0.222924
                        -0.391056 1.63143 0.222924
                        0.259503 1.03634 0.395595
                        0.259503 1.03634 0.217494
                        -0.29332 1.03634 0.395595
                        -0.29332 1.03634 0.217494
                        0.259503 1.59558 0.395595
                        0.259503 1.59558 0.217494
                        -0.29332 1.59558 0.395595
                        -0.29332 1.59558 0.217494
                        -0.243 0.96309 0.292396
                        -0.243 0.964345 0.217494
                        -0.328134 0.964345 0.292396
                        -0.328134 0.964345 0.217494
                        -0.243 1.12096 0.292396
                        -0.243 1.12096 0.217494
                        -0.328134 1.12096 0.292396
                        -0.328134 1.12096 0.217494
                        -0.246774 0.982081 0.270046
                        -0.245519 0.982081 0.195145
                        -0.245519 1.06721 0.270046
                        -0.0142514 0.982081 0.270046
                        -0.0142514 0.982081 0.195145
                        -0.0142514 1.06721 0.270046
                        -0.0142514 1.06721 0.195145
                        -0.251215 0.667524 0.270221
                        -0.251215 0.667524 0.217494
                        -0.35823 0.667524 0.270221
                        -0.35823 0.667524 0.217494
                        -0.251215 0.824513 0.270221
                        -0.251215 0.824513 0.217494
                        -0.35823 0.824513 0.270221
                        -0.35823 0.824513 0.217494
                        0.153784 0.822123 0.270221
                        0.153784 0.823378 0.217494
                        0.0850953 0.823378 0.270221
                        0.0850953 0.823378 0.217494
                        0.153784 0.979113 0.270221
                        0.153784 0.979113 0.217494
                        0.0850953 0.979113 0.270221
                        0.0850953 0.979113 0.217494
                        0.233036 0.756183 0.292396
                        0.233036 0.757438 0.217494
                        0.150327 0.757438 0.292396
                        0.150327 0.757438 0.217494
                        0.233036 1.02355 0.292396
                        0.233036 1.02355 0.217494
                        0.150327 1.02355 0.292396
                        0.150327 1.02355 0.217494
                        0.33116 0.853513 0.270221
                        0.33116 0.854768 0.217494
                        0.230171 0.854768 0.270221
                        0.230171 0.854768 0.217494
                        0.33116 1.0105 0.270221
                        0.33116 1.0105 0.217494
                        0.230171 1.0105 0.270221
                        0.230171 1.0105 0.217494
                        -0.230155 0.309728 0.314871
                        -0.230155 0.309728 0.217494
                        -0.36647 0.309728 0.314871
                        -0.36647 0.309728 0.217494
                        -0.230155 0.543965 0.314871
                        -0.230155 0.543965 0.217494
                        -0.36647 0.543965 0.314871
                        -0.36647 0.543965 0.217494
                        -0.0458441 0.309728 0.314871
                        -0.0458441 0.309728 0.217494
                        -0.182159 0.309728 0.314871
                        -0.182159 0.309728 0.217494
                        -0.0458441 0.543965 0.314871
                        -0.0458441 0.543965 0.217494
                        -0.182159 0.543965 0.314871
                        -0.182159 0.543965 0.217494
                        0.139576 0.309728 0.314871
                        0.139576 0.309728 0.217494
                        0.00326097 0.309728 0.314871
                        0.00326097 0.309728 0.217494
                        0.139576 0.543965 0.314871
                        0.139576 0.543965 0.217494
                        0.00326097 0.543965 0.314871
                        0.00326097 0.543965 0.217494
                        0.32375 0.309728 0.314871
                        0.32375 0.309728 0.217494
                        0.187436 0.309728 0.314871
                        0.187436 0.309728 0.217494
                        0.32375 0.543965 0.314871
                        0.32375 0.543965 0.217494
                        0.187436 0.543965 0.314871
                        0.187436 0.543965 0.217494
                        -0.35709 1.84325 0.500361
                        -0.35709 1.88775 0.476508
                        -0.35709 1.84325 0.476508
                        -0.0496508 1.87339 0.500361
                        -0.0496508 1.87339 0.476508
                        -0.0496508 1.88775 0.476508
                        -0.0496508 1.88775 0.500361
                        -0.20337 1.84325 0.476508
                        -0.20337 1.84325 0.500361
                        -0.35709 1.88775 0.500361
                        -0.313015 1.83271 0.508931
                        -0.313015 1.86697 0.508931
                        -0.313015 1.86697 0.476508
                        -0.313015 1.83271 0.476508
                        -0.259674 1.83271 0.508931
                        -0.259674 1.83271 0.476508
                        -0.259674 1.86697 0.476508
                        -0.259674 1.86697 0.508931
                        -0.369523 1.86425 0.524579
                        -0.369523 1.94681 0.524579
                        -0.369523 1.94681 0.476508
                        -0.369523 1.86425 0.476508
                        -0.213627 1.86425 0.524579
                        -0.213627 1.86425 0.476508
                        -0.213627 1.94681 0.476508
                        -0.213627 1.94681 0.524579
                        -0.216478 1.87845 0.50978
                        -0.216478 1.9347 0.50978
                        -0.216478 1.9347 0.476508
                        -0.216478 1.87845 0.476508
                        -0.185241 1.87845 0.50978
                        -0.185241 1.87845 0.476508
                        -0.185241 1.9347 0.476508
                        -0.185241 1.9347 0.50978
                        -0.187801 1.88503 0.505602
                        -0.187801 1.93192 0.505602
                        -0.187801 1.93192 0.476508
                        -0.187801 1.88503 0.476508
                        0.173862 1.88503 0.505602
                        0.173862 1.88503 0.476508
                        0.173862 1.93192 0.476508
                        0.173862 1.93192 0.505602
                        0.469878 1.33795 0.38769
                        0.464025 1.33795 0.37356
                        0.464025 1.44165 0.37356
                        0.469878 1.44165 0.38769
                        0.449896 1.33795 0.367707
                        0.449896 1.44165 0.367707
                        0.435766 1.33795 0.37356
                        0.435766 1.44165 0.37356
                        0.429913 1.33795 0.38769
                        0.429913 1.44165 0.38769
                        0.435766 1.33795 0.401819
                        0.435766 1.44165 0.401819
                        0.449895 1.33795 0.407672
                        0.449895 1.44165 0.407672
                        0.464025 1.33795 0.401819
                        0.464025 1.44165 0.401819
                        0.469878 0.396675 0.38769
                        0.464025 0.396675 0.37356
                        0.464025 0.50038 0.37356
                        0.469878 0.50038 0.38769
                        0.449896 0.396675 0.367707
                        0.449896 0.50038 0.367707
                        0.435766 0.396675 0.37356
                        0.435766 0.50038 0.37356
                        0.429913 0.396675 0.38769
                        0.429913 0.50038 0.38769
                        0.435766 0.396675 0.401819
                        0.435766 0.50038 0.401819
                        0.449895 0.396675 0.407672
                        0.449895 0.50038 0.407672
                        0.464025 0.396675 0.401819
                        0.464025 0.50038 0.401819
                        0.463861 1.33111 0.38769
                        0.45977 1.33111 0.377815
                        0.45977 1.55739 0.377815
                        0.463861 1.55739 0.38769
                        0.449895 1.33111 0.373725
                        0.449895 1.55739 0.373725
                        0.44002 1.33111 0.377815
                        0.44002 1.55739 0.377815
                        0.43593 1.33111 0.38769
                        0.43593 1.55739 0.38769
                        0.44002 1.33111 0.397565
                        0.44002 1.55739 0.397565
                        0.449895 1.33111 0.401655
                        0.449895 1.55739 0.401655
                        0.45977 1.33111 0.397565
                        0.45977 1.55739 0.397565
                        0.463861 0.389837 0.38769
                        0.45977 0.389837 0.377815
                        0.45977 0.616114 0.377815
                        0.463861 0.616114 0.38769
                        0.449895 0.389837 0.373725
                        0.449895 0.616114 0.373725
                        0.44002 0.389837 0.377815
                        0.44002 0.616114 0.377815
                        0.43593 0.389837 0.38769
                        0.43593 0.616114 0.38769
                        0.44002 0.389837 0.397565
                        0.44002 0.616114 0.397565
                        0.449895 0.389837 0.401655
                        0.449895 0.616114 0.401655
                        0.45977 0.389837 0.397565
                        0.45977 0.616114 0.397565
                        -0.425438 0.0698896 -0.00977707
                        -0.425438 0.0698896 0.477168
                        0.389326 0.0698896 0.477168
                        0.389326 0.0698896 -0.00977707
                        -0.425438 0.0272531 0.0139856
                        -0.425438 0.0272531 0.453405
                        -0.425438 -3.8147e-008 -0.00977707
                        -0.425438 -3.8147e-008 0.477168
                        -0.425438 -3.8147e-008 0.0139856
                        -0.425438 -3.8147e-008 0.453405
                        0.389326 0.0272531 0.0139856
                        0.389326 0.0272531 0.453405
                        0.389326 -3.8147e-008 -0.00977707
                        0.389326 -3.8147e-008 0.477168
                        0.389326 -3.8147e-008 0.0139856
                        0.389326 -3.8147e-008 0.453405
                        -0.403029 0.0670177 0.0615587
                        -0.403029 0.0670177 0.353452
                        -0.403029 0.20408 0.353452
                        -0.403029 0.20408 0.0615587
                        -0.36285 0.0670177 0.0615587
                        -0.36285 0.0670177 0.353452
                        -0.36285 0.20408 0.353452
                        -0.36285 0.20408 0.0615587
                        -0.36285 0.0670177 0.0265598
                        -0.36285 0.20408 0.0265598
                        -0.36285 0.0670177 0.388772
                        -0.36285 0.20408 0.388772
                        0.366917 0.0670177 0.0615587
                        0.366917 0.0670177 0.353452
                        0.366917 0.20408 0.353452
                        0.366917 0.20408 0.0615587
                        0.326738 0.0670177 0.353452
                        0.326738 0.20408 0.353452
                        0.326738 0.20408 0.0615587
                        0.326738 0.0670177 0.0615587
                        0.326738 0.20408 0.0265598
                        0.326738 0.0670177 0.0265598
                        0.326738 0.0670177 0.388773
                        0.326738 0.20408 0.388773
                        -0.42086 0.207097 -0.251724
                        0.385038 0.207097 -0.251724
                        0.385038 0.207097 -0.509348
                        -0.42086 0.207097 -0.509348
                        -0.42086 3.8147e-008 -0.251724
                        0.385038 3.8147e-008 -0.251724
                        0.385038 3.8147e-008 -0.509348
                        -0.42086 3.8147e-008 -0.509348
                    </float_array>
                    <technique_common>
                        <accessor count="269" source="#Geometry-base-positions-array" stride="3">
                            <param name="X" type="float" />
                            <param name="Y" type="float" />
                            <param name="Z" type="float" />
                        </accessor>
                    </technique_common>
                </source>
                <source id="Geometry-base-normals" name="normals">
                    <float_array id="Geometry-base-normals-array" count="261">
                        0 -1 0
                        0 1 0
                        1 0 6.38173e-008
                        1 -7.0176e-009 6.16155e-008
                        1 -3.5088e-009 4.67621e-008
                        0 0 -1
                        -1 0 -6.38173e-008
                        -1 4.6784e-009 -4.1077e-008
                        -1 4.6784e-009 -6.23494e-008
                        0 0 1
                        1 -7.0176e-009 2.97068e-008
                        -1 7.0176e-009 -2.97068e-008
                        -1 0 0
                        1 0 0
                        0 1 4.30908e-007
                        -0.00737171 -0.999938 -0.00837844
                        -0.0147425 -0.999891 0
                        0 -0.99986 -0.0167558
                        1 -2.29731e-007 0
                        2.57035e-007 -1 2.1597e-009
                        2.5773e-007 -1 4.3194e-009
                        2.56339e-007 -1 0
                        -0.00913696 -0.999887 -0.0119015
                        -0.0182719 -0.999833 0
                        0 -0.999717 -0.0238004
                        -0.00758811 -0.999936 -0.00837885
                        -0.0151753 -0.999885 0
                        0 -0.99986 -0.0167566
                        -0.00621473 -0.99991 -0.0119007
                        -0.0124283 -0.999923 0
                        0 -0.999717 -0.0237993
                        0.0966411 -0.995319 0
                        0.192377 -0.981321 0
                        0.990602 0 -0.136776
                        0.603748 0 -0.797175
                        0.797174 0 -0.60375
                        0.990602 0 0.136773
                        -0.136771 0 -0.990603
                        0.136776 0 -0.990602
                        -0.797175 0 -0.603748
                        -0.603747 0 -0.797176
                        -0.990603 0 0.136772
                        -0.990602 0 -0.136774
                        -0.603749 0 0.797175
                        -0.797176 0 0.603746
                        0.136772 0 0.990603
                        -0.136775 0 0.990602
                        0.797174 0 0.603749
                        0.603746 0 0.797177
                        0.990602 0 -0.136776
                        0.603748 0 -0.797175
                        -0.136771 0 -0.990603
                        -0.797176 0 0.603746
                        -0.136775 0 0.990602
                        0.603746 0 0.797177
                        0.9906 0 -0.136791
                        0.603741 0 -0.797181
                        0.797166 0 -0.60376
                        0.990605 0 0.136758
                        -0.136772 0 -0.990603
                        0.136772 0 -0.990603
                        -0.797166 0 -0.60376
                        -0.603741 0 -0.797181
                        -0.990605 0 0.136758
                        -0.9906 0 -0.136791
                        -0.603749 0 0.797174
                        -0.797181 0 0.603741
                        0.136772 0 0.990603
                        -0.136772 0 0.990603
                        0.797181 0 0.603741
                        0.603749 0 0.797174
                        0.9906 0 -0.136791
                        0.797166 0 -0.60376
                        0.990605 0 0.136758
                        -0.797166 0 -0.60376
                        -0.990605 0 0.136758
                        -0.9906 0 -0.136791
                        -1 1.84459e-009 -6.45123e-008
                        -1 2.51996e-008 -4.52147e-008
                        -1 2.45945e-009 -8.60164e-008
                        -1 -3.41101e-008 -6.12026e-008
                        1 9.22295e-010 3.22562e-008
                        1 1.25998e-008 2.26073e-008
                        1 1.22973e-009 4.30082e-008
                        1 -1.70551e-008 3.06013e-008
                        -1.38296e-006 0 1
                        1 0 4.21875e-006
                    </float_array>
                    <technique_common>
                        <accessor count="87" source="#Geometry-base-normals-array" stride="3">
                            <param name="X" type="float" />
                            <param name="Y" type="float" />
                            <param name="Z" type="float" />
                        </accessor>
                    </technique_common>
                </source>
                <source id="Geometry-base-geom-base-map1" name="geom-base-map1">
                    <float_array id="Geometry-base-geom-base-map1-array" count="846">
                        0.904728 0.820689
                        0.904728 0.925716
                        0.796087 0.925716
                        0.796087 0.820689
                        0.752363 0.129987
                        0.752362 0.366875
                        0.539157 0.366874
                        0.539158 0.129987
                        0.0063622 0.564338
                        0.00636065 0.990026
                        0.226902 0.920831
                        0.226903 0.564339
                        0.728748 0.654255
                        0.728748 0.976246
                        0.567479 0.976246
                        0.567479 0.654255
                        0.00636064 0.990026
                        0.00636219 0.564338
                        0.240013 0.179218
                        0.240013 0.498485
                        0.0640318 0.498485
                        0.0640318 0.179218
                        0.243248 0.990027
                        0.539158 0.0607904
                        0.752363 0.0607912
                        0.243248 0.920831
                        0.539158 0.0444443
                        0.752363 0.0444451
                        0.550444 0.63675
                        0.76365 0.636751
                        0.751324 0.649077
                        0.56277 0.649076
                        0.763649 0.993244
                        0.751323 0.980918
                        0.550443 0.993243
                        0.562769 0.980917
                        0.0577457 0.11898
                        0.246299 0.11898
                        0.246299 0.123938
                        0.0577457 0.123938
                        0.300251 0.172932
                        0.300251 0.504772
                        0.295292 0.504772
                        0.295292 0.172932
                        0.246299 0.558723
                        0.0577454 0.558723
                        0.0577454 0.553765
                        0.246299 0.553765
                        0.00379376 0.504771
                        0.00379376 0.172931
                        0.00875241 0.172931
                        0.00875241 0.504771
                        0.240013 0.130224
                        0.0640318 0.130224
                        0.289006 0.498485
                        0.289006 0.179218
                        0.0640317 0.547478
                        0.240013 0.547478
                        0.0150387 0.179217
                        0.0150387 0.498485
                        0.708493 0.423474
                        0.577956 0.423474
                        0.577955 0.38142
                        0.708493 0.38142
                        0.708493 0.555528
                        0.708493 0.597583
                        0.577956 0.597583
                        0.577956 0.555528
                        0.750547 0.423474
                        0.750547 0.555528
                        0.535901 0.423474
                        0.535901 0.555528
                        0.415536 0.485795
                        0.395434 0.486091
                        0.395172 0.468407
                        0.415272 0.468108
                        0.415536 0.523072
                        0.415536 0.540758
                        0.395433 0.540758
                        0.395433 0.523072
                        0.433222 0.486091
                        0.433222 0.523072
                        0.377747 0.486091
                        0.377747 0.523072
                        0.977294 0.699978
                        0.977294 0.717664
                        0.957192 0.717664
                        0.957192 0.699978
                        0.977294 0.645073
                        0.99498 0.645369
                        0.99498 0.699978
                        0.957192 0.645369
                        0.356762 0.504508
                        0.356762 0.479239
                        0.369212 0.479238
                        0.369212 0.504508
                        0.319692 0.504508
                        0.307242 0.504508
                        0.307242 0.479238
                        0.319692 0.479239
                        0.356762 0.516958
                        0.319692 0.516958
                        0.356762 0.466788
                        0.319692 0.466788
                        0.994334 0.197492
                        0.978115 0.197788
                        0.977887 0.185341
                        0.994102 0.185041
                        0.994334 0.234561
                        0.994334 0.247012
                        0.978115 0.247012
                        0.978115 0.234561
                        0.965665 0.197788
                        0.965665 0.234561
                        0.378589 0.0255206
                        0.359059 0.0258171
                        0.35879 0.00813334
                        0.378317 0.0078346
                        0.378589 0.088654
                        0.378588 0.10634
                        0.359059 0.10634
                        0.359059 0.088654
                        0.396275 0.0258171
                        0.396275 0.088654
                        0.341372 0.025817
                        0.341372 0.0886538
                        0.982352 0.586347
                        0.958506 0.586643
                        0.958351 0.574195
                        0.982195 0.573895
                        0.982352 0.623416
                        0.982352 0.635867
                        0.958506 0.635867
                        0.958506 0.623416
                        0.994802 0.586643
                        0.994802 0.623416
                        0.309683 0.0281435
                        0.277495 0.0281435
                        0.277495 0.00515008
                        0.309683 0.00515008
                        0.309683 0.0834533
                        0.309683 0.106447
                        0.277495 0.106447
                        0.277495 0.0834533
                        0.332676 0.0281435
                        0.332676 0.0834533
                        0.254501 0.0281435
                        0.254501 0.0834533
                        0.0598871 0.0280642
                        0.0276992 0.0280638
                        0.0276996 0.00507033
                        0.0598875 0.00507079
                        0.0598864 0.083374
                        0.059886 0.106367
                        0.0276981 0.106367
                        0.0276984 0.0833735
                        0.0828804 0.0280646
                        0.0828796 0.0833744
                        0.00470577 0.0280634
                        0.00470496 0.0833732
                        0.143626 0.0280668
                        0.111438 0.0280668
                        0.111438 0.00507342
                        0.143626 0.00507342
                        0.143626 0.0833766
                        0.143626 0.10637
                        0.111438 0.10637
                        0.111438 0.0833766
                        0.166619 0.0280668
                        0.166619 0.0833766
                        0.0884443 0.0280668
                        0.0884443 0.0833766
                        0.226964 0.0279236
                        0.194776 0.0279236
                        0.194776 0.00493008
                        0.226964 0.00493008
                        0.226964 0.0832334
                        0.226964 0.106227
                        0.194776 0.106227
                        0.194776 0.0832334
                        0.249958 0.0279236
                        0.249958 0.0832334
                        0.171783 0.0279236
                        0.171783 0.0832334
                        0.971176 0.113778
                        0.960668 0.113794
                        0.960659 0.108162
                        0.971167 0.108146
                        0.964176 0.186384
                        0.964184 0.192017
                        0.960792 0.192022
                        0.960783 0.18639
                        0.976809 0.113769
                        0.976866 0.150066
                        0.971233 0.150075
                        0.969705 0.187459
                        0.976762 0.15115
                        0.990535 0.115419
                        0.982446 0.115419
                        0.982446 0.107763
                        0.990535 0.107763
                        0.990535 0.128015
                        0.990535 0.135671
                        0.982446 0.135671
                        0.982446 0.128015
                        0.998191 0.115419
                        0.998191 0.128015
                        0.436322 0.0667271
                        0.416828 0.0667271
                        0.416828 0.055376
                        0.436322 0.055376
                        0.436322 0.103539
                        0.436322 0.11489
                        0.416828 0.11489
                        0.416828 0.103539
                        0.447673 0.0667271
                        0.447673 0.103539
                        0.405477 0.0667271
                        0.405477 0.103539
                        0.990372 0.147124
                        0.998228 0.147124
                        0.998228 0.160407
                        0.990372 0.160407
                        0.982996 0.147124
                        0.982996 0.139268
                        0.990372 0.139268
                        0.982996 0.168263
                        0.982996 0.160407
                        0.990372 0.168263
                        0.985324 0.893257
                        0.985324 0.900127
                        0.974252 0.900127
                        0.974252 0.893257
                        0.985324 0.807859
                        0.992194 0.807859
                        0.992194 0.893257
                        0.967382 0.807859
                        0.974252 0.807859
                        0.967382 0.893257
                        0.988531 0.418854
                        0.988531 0.422465
                        0.964044 0.422465
                        0.964043 0.418853
                        0.988531 0.426076
                        0.964043 0.426076
                        0.988531 0.429687
                        0.964043 0.429687
                        0.988531 0.433298
                        0.964043 0.433298
                        0.988531 0.404408
                        0.988531 0.40802
                        0.964043 0.40802
                        0.964043 0.404408
                        0.988531 0.411631
                        0.964043 0.411631
                        0.988531 0.415242
                        0.964043 0.415242
                        0.994696 0.4163
                        0.99725 0.418853
                        0.99725 0.422465
                        0.994696 0.425018
                        0.991085 0.425018
                        0.991085 0.4163
                        0.961491 0.425019
                        0.95788 0.425021
                        0.955325 0.422468
                        0.955324 0.418857
                        0.957877 0.416302
                        0.961488 0.416301
                        0.987899 0.451613
                        0.987899 0.455225
                        0.963411 0.455225
                        0.96341 0.451613
                        0.987899 0.458836
                        0.96341 0.458836
                        0.987899 0.462447
                        0.96341 0.462447
                        0.987899 0.466059
                        0.96341 0.466058
                        0.987899 0.437168
                        0.987899 0.440779
                        0.96341 0.440779
                        0.96341 0.437168
                        0.987899 0.444391
                        0.96341 0.444391
                        0.987899 0.448002
                        0.96341 0.448002
                        0.994063 0.44906
                        0.996617 0.451613
                        0.996617 0.455225
                        0.994063 0.457778
                        0.990452 0.457778
                        0.990452 0.44906
                        0.960859 0.457779
                        0.957247 0.457781
                        0.954693 0.455228
                        0.954691 0.451617
                        0.957244 0.449062
                        0.960855 0.449061
                        0.962736 0.511249
                        0.96526 0.511249
                        0.96526 0.564679
                        0.962736 0.564679
                        0.967783 0.511249
                        0.967783 0.564679
                        0.970307 0.511249
                        0.970307 0.564679
                        0.972831 0.511249
                        0.972831 0.564679
                        0.95264 0.511249
                        0.955164 0.511249
                        0.955164 0.564679
                        0.95264 0.564679
                        0.957688 0.511249
                        0.957688 0.564679
                        0.960212 0.511249
                        0.960212 0.564679
                        0.960953 0.506939
                        0.962738 0.505155
                        0.965262 0.505156
                        0.967046 0.506941
                        0.967045 0.509465
                        0.960952 0.509463
                        0.967045 0.566463
                        0.967045 0.568987
                        0.965261 0.570772
                        0.962737 0.570772
                        0.960952 0.568988
                        0.960952 0.566464
                        0.987539 0.510733
                        0.990063 0.510734
                        0.990063 0.564164
                        0.987539 0.564164
                        0.992587 0.510733
                        0.992587 0.564164
                        0.99511 0.510733
                        0.99511 0.564164
                        0.997634 0.510733
                        0.997634 0.564164
                        0.977443 0.510733
                        0.979967 0.510733
                        0.979967 0.564164
                        0.977443 0.564164
                        0.982491 0.510733
                        0.982491 0.564164
                        0.985015 0.510733
                        0.985015 0.564164
                        0.985756 0.506424
                        0.987541 0.50464
                        0.990065 0.504641
                        0.991849 0.506426
                        0.991848 0.50895
                        0.985755 0.508948
                        0.991848 0.565948
                        0.991848 0.568472
                        0.990064 0.570257
                        0.98754 0.570258
                        0.985755 0.568473
                        0.985755 0.56595
                        0.775033 0.600816
                        0.775033 0.408427
                        0.890014 0.408427
                        0.890014 0.600816
                        0.884403 0.610884
                        0.780644 0.610884
                        0.75853 0.600816
                        0.75853 0.408427
                        0.780644 0.39836
                        0.884403 0.39836
                        0.906517 0.408427
                        0.906517 0.600816
                        0.794411 0.622778
                        0.898171 0.622778
                        0.898171 0.815167
                        0.794412 0.815167
                        0.904606 0.815167
                        0.904606 0.622778
                        0.787976 0.815167
                        0.787976 0.622778
                        0.890014 0.617319
                        0.884403 0.617319
                        0.780644 0.617319
                        0.775033 0.617319
                        0.775033 0.391924
                        0.780644 0.391924
                        0.884403 0.391924
                        0.890014 0.391924
                        0.946005 0.660019
                        0.913641 0.660019
                        0.913641 0.591095
                        0.946005 0.591095
                        0.946005 0.669507
                        0.913641 0.669506
                        0.913641 0.581608
                        0.946005 0.581608
                        0.913641 0.573344
                        0.946006 0.573344
                        0.946005 0.677847
                        0.913641 0.677847
                        0.946004 0.840678
                        0.91364 0.840678
                        0.946004 0.858506
                        0.946004 0.92743
                        0.91364 0.92743
                        0.91364 0.858505
                        0.91364 0.849018
                        0.946004 0.849018
                        0.946006 0.392761
                        0.946006 0.402248
                        0.913642 0.402248
                        0.913642 0.39276
                        0.946006 0.410512
                        0.913642 0.410512
                        0.476381 0.55324
                        0.476382 0.362944
                        0.525283 0.362945
                        0.525282 0.55324
                        0.476383 0.111817
                        0.476384 0.0509852
                        0.525285 0.0509856
                        0.525285 0.111818
                        0.476382 0.302112
                        0.525284 0.302113
                    </float_array>
                    <technique_common>
                        <accessor count="423" source="#Geometry-base-geom-base-map1-array" stride="2">
                            <param name="S" type="float" />
                            <param name="T" type="float" />
                        </accessor>
                    </technique_common>
                </source>
                <vertices id="Geometry-base-vertices">
                    <input semantic="POSITION" source="#Geometry-base-positions" />
                </vertices>
                <polylist count="367" material="Material-cabinet_electricity">
                    <input semantic="VERTEX" source="#Geometry-base-vertices" offset="0" />
                    <input semantic="NORMAL" source="#Geometry-base-normals" offset="1" />
                    <input semantic="TEXCOORD" source="#Geometry-base-geom-base-map1" offset="2" set="0" />
                    <vcount>3 3 3 3 3 3 3 3 3 3 3 3 3 3 3 3 3 3 3 3 3 3 3 3 3 3 3 3 3 3 3 3 3 3 3 3 3 3 3 3 3 3 3 3 3 3 3 3 3 3 3 3 3 3 3 3 3 3 3 3 3 3 3 3 3 3 3 3 3 3 3 3 3 3 3 3 3 3 3 3 3 3 3 3 3 3 3 3 3 3 3 3 3 3 3 3 3 3 3 3 3 3 3 3 3 3 3 3 3 3 3 3 3 3 3 3 3 3 3 3 3 3 3 3 3 3 3 3 3 3 3 3 3 3 3 3 3 3 3 3 3 3 3 3 3 3 3 3 3 3 3 3 3 3 3 3 3 3 3 3 3 3 3 3 3 3 3 3 3 3 3 3 3 3 3 3 3 3 3 3 3 3 3 3 3 3 3 3 3 3 3 3 3 3 3 3 3 3 3 3 3 3 3 3 3 3 3 3 3 3 3 3 3 3 3 3 3 3 3 3 3 3 3 3 3 3 3 3 3 3 3 3 3 3 3 3 3 3 3 3 3 3 3 3 3 3 3 3 3 3 3 3 3 3 3 3 3 3 3 3 3 3 3 3 3 3 3 3 3 3 3 3 3 3 3 3 3 3 3 3 3 3 3 3 3 3 3 3 3 3 3 3 3 3 3 3 3 3 3 3 3 3 3 3 3 3 3 3 3 3 3 3 3 3 3 3 3 3 3 3 3 3 3 3 3 3 3 3 3 3 3 3 3 3 3 3 3 3 3 3 3 3 3 3 3 3 3 3 3 3 3 3 3 3 3 3 3 3 3 3 3 3 3 3 3 3 3</vcount>
                    <p>0 0 0 2 0 1 3 0 2 3 0 2 1 0 3 0 0 0 4 1 4 6 1 5 8 1 6 8 1 6 5 1 7 4 1 4 1 2 8 6 3 9 7 4 10 7 4 10 0 2 11 1 2 8 3 5 12 8 5 13 6 5 14 6 5 14 1 5 15 3 5 12 2 6 11 9 7 10 8 8 16 8 8 16 3 6 17 2 6 11 25 9 18 26 9 19 27 9 20 27 9 20 24 9 21 25 9 18 6 3 9 4 10 22 7 4 10 9 7 10 5 11 22 8 8 16 4 9 4 5 9 7 10 9 23 10 9 23 11 9 24 4 9 4 5 11 22 9 7 10 10 12 25 9 0 26 7 0 27 11 0 24 11 0 24 10 0 23 9 0 26 7 4 10 4 10 22 11 13 25 2 9 28 0 9 29 13 9 30 13 9 30 12 9 31 2 9 28 0 9 29 7 9 32 14 9 33 14 9 33 13 9 30 0 9 29 7 9 32 9 9 34 15 9 35 15 9 35 14 9 33 7 9 32 9 9 34 2 9 28 12 9 31 12 9 31 15 9 35 9 9 34 12 0 36 13 0 37 17 0 38 17 0 38 16 0 39 12 0 36 13 13 40 14 13 41 18 13 42 18 13 42 17 13 43 13 13 40 14 1 44 15 1 45 19 1 46 19 1 46 18 1 47 14 1 44 15 12 48 12 12 49 16 12 50 16 12 50 19 12 51 15 12 48 16 9 39 17 9 38 21 9 52 21 9 52 20 9 53 16 9 39 17 9 43 18 9 42 22 9 54 22 9 54 21 9 55 17 9 43 18 9 47 19 9 46 23 9 56 23 9 56 22 9 57 18 9 47 19 9 51 16 9 50 20 9 58 20 9 58 23 9 59 19 9 51 20 14 53 21 14 52 25 14 18 25 14 18 24 14 21 20 14 53 21 12 55 22 12 54 26 12 19 26 12 19 25 12 18 21 12 55 22 0 57 23 0 56 27 0 20 27 0 20 26 0 19 22 0 57 23 13 59 20 13 58 24 13 21 24 13 21 27 13 20 23 13 59 28 0 60 30 0 61 31 0 62 31 0 62 29 0 63 28 0 60 32 1 64 33 1 65 35 1 66 35 1 66 34 1 67 32 1 64 28 13 60 29 13 68 33 13 69 33 13 69 32 13 64 28 13 60 31 12 70 30 12 61 34 12 67 34 12 67 35 12 71 31 12 70 30 9 61 28 9 60 32 9 64 32 9 64 34 9 67 30 9 61 36 15 72 38 16 73 39 15 74 39 15 74 37 17 75 36 15 72 40 1 76 41 1 77 43 1 78 43 1 78 42 1 79 40 1 76 36 13 72 37 13 80 41 13 81 41 13 81 40 13 76 36 13 72 39 12 82 38 12 73 42 12 79 42 12 79 43 12 83 39 12 82 38 9 73 36 9 72 40 9 76 40 9 76 42 9 79 38 9 73 47 18 84 48 18 85 50 18 86 50 18 86 49 18 87 47 18 84 44 19 88 45 20 89 48 19 90 48 19 90 47 21 84 44 19 88 46 9 91 44 9 88 47 9 84 47 9 84 49 9 87 46 9 91 51 0 92 53 0 93 54 0 94 54 0 94 52 0 95 51 0 92 55 1 96 56 1 97 58 1 98 58 1 98 57 1 99 55 1 96 51 13 92 52 13 100 56 13 101 56 13 101 55 13 96 51 13 92 54 12 102 53 12 93 57 12 99 57 12 99 58 12 103 54 12 102 53 9 93 51 9 92 55 9 96 55 9 96 57 9 99 53 9 93 59 22 104 61 23 105 62 22 106 62 22 106 60 24 107 59 22 104 63 1 108 64 1 109 66 1 110 66 1 110 65 1 111 63 1 108 62 12 112 61 12 105 65 12 111 65 12 111 66 12 113 62 12 112 61 9 105 59 9 104 63 9 108 63 9 108 65 9 111 61 9 105 67 25 114 69 26 115 70 25 116 70 25 116 68 27 117 67 25 114 71 1 118 72 1 119 74 1 120 74 1 120 73 1 121 71 1 118 67 13 114 68 13 122 72 13 123 72 13 123 71 13 118 67 13 114 70 12 124 69 12 115 73 12 121 73 12 121 74 12 125 70 12 124 69 9 115 67 9 114 71 9 118 71 9 118 73 9 121 69 9 115 75 28 126 77 29 127 78 28 128 78 28 128 76 30 129 75 28 126 79 1 130 80 1 131 82 1 132 82 1 132 81 1 133 79 1 130 75 13 126 76 13 134 80 13 135 80 13 135 79 13 130 75 13 126 77 9 127 75 9 126 79 9 130 79 9 130 81 9 133 77 9 127 83 0 136 85 0 137 86 0 138 86 0 138 84 0 139 83 0 136 87 1 140 88 1 141 90 1 142 90 1 142 89 1 143 87 1 140 83 13 136 84 13 144 88 13 145 88 13 145 87 13 140 83 13 136 86 12 146 85 12 137 89 12 143 89 12 143 90 12 147 86 12 146 85 9 137 83 9 136 87 9 140 87 9 140 89 9 143 85 9 137 91 0 148 93 0 149 94 0 150 94 0 150 92 0 151 91 0 148 95 1 152 96 1 153 98 1 154 98 1 154 97 1 155 95 1 152 91 13 148 92 13 156 96 13 157 96 13 157 95 13 152 91 13 148 94 12 158 93 12 149 97 12 155 97 12 155 98 12 159 94 12 158 93 9 149 91 9 148 95 9 152 95 9 152 97 9 155 93 9 149 99 0 160 101 0 161 102 0 162 102 0 162 100 0 163 99 0 160 103 1 164 104 1 165 106 1 166 106 1 166 105 1 167 103 1 164 99 13 160 100 13 168 104 13 169 104 13 169 103 13 164 99 13 160 102 12 170 101 12 161 105 12 167 105 12 167 106 12 171 102 12 170 101 9 161 99 9 160 103 9 164 103 9 164 105 9 167 101 9 161 107 0 172 109 0 173 110 0 174 110 0 174 108 0 175 107 0 172 111 1 176 112 1 177 114 1 178 114 1 178 113 1 179 111 1 176 107 13 172 108 13 180 112 13 181 112 13 181 111 13 176 107 13 172 110 12 182 109 12 173 113 12 179 113 12 179 114 12 183 110 12 182 109 9 173 107 9 172 111 9 176 111 9 176 113 9 179 109 9 173 115 12 184 124 12 185 116 12 186 116 12 186 117 12 187 115 12 184 118 13 188 119 13 189 120 13 190 120 13 190 121 13 191 118 13 188 117 0 192 122 31 193 123 31 194 123 31 194 115 0 184 117 0 192 115 9 184 123 9 194 124 9 185 119 32 195 118 32 188 123 31 194 123 31 194 122 31 196 119 32 195 118 9 188 121 9 191 124 9 185 124 9 185 123 9 194 118 9 188 125 12 197 126 12 198 127 12 199 127 12 199 128 12 200 125 12 197 129 13 201 130 13 202 131 13 203 131 13 203 132 13 204 129 13 201 125 0 197 128 0 205 130 0 206 130 0 206 129 0 201 125 0 197 126 9 198 125 9 197 129 9 201 129 9 201 132 9 204 126 9 198 133 12 207 134 12 208 135 12 209 135 12 209 136 12 210 133 12 207 137 13 211 138 13 212 139 13 213 139 13 213 140 13 214 137 13 211 133 0 207 136 0 215 138 0 216 138 0 216 137 0 211 133 0 207 135 1 217 134 1 208 140 1 214 140 1 214 139 1 218 135 1 217 134 9 208 133 9 207 137 9 211 137 9 211 140 9 214 134 9 208 145 13 219 146 13 220 147 13 221 147 13 221 148 13 222 145 13 219 141 0 223 144 0 224 146 0 225 146 0 225 145 0 219 141 0 223 143 1 226 142 1 227 148 1 222 148 1 222 147 1 228 143 1 226 142 9 227 141 9 223 145 9 219 145 9 219 148 9 222 142 9 227 153 13 229 154 13 230 155 13 231 155 13 231 156 13 232 153 13 229 149 0 233 152 0 234 154 0 235 154 0 235 153 0 229 149 0 233 151 1 236 150 1 237 156 1 232 156 1 232 155 1 238 151 1 236 150 9 237 149 9 233 153 9 229 153 9 229 156 9 232 150 9 237 157 33 239 158 34 240 159 35 241 159 35 241 160 36 242 157 33 239 158 34 240 161 37 243 162 38 244 162 38 244 159 35 241 158 34 240 161 37 243 163 39 245 164 40 246 164 40 246 162 38 244 161 37 243 163 39 245 165 41 247 166 42 248 166 42 248 164 40 246 163 39 245 165 41 249 167 43 250 168 44 251 168 44 251 166 42 252 165 41 249 167 43 250 169 45 253 170 46 254 170 46 254 168 44 251 167 43 250 169 45 253 171 47 255 172 48 256 172 48 256 170 46 254 169 45 253 171 47 255 157 33 239 160 36 242 160 36 242 172 48 256 171 47 255 169 0 257 167 0 258 165 0 259 165 0 259 163 0 260 161 0 261 161 0 261 158 0 240 157 0 239 165 0 259 161 0 261 157 0 239 169 0 257 165 0 259 157 0 239 171 0 262 169 0 257 157 0 239 159 1 241 162 1 263 164 1 264 164 1 264 166 1 265 168 1 266 168 1 266 170 1 267 172 1 268 164 1 264 168 1 266 172 1 268 159 1 241 164 1 264 172 1 268 160 1 242 159 1 241 172 1 268 173 49 269 174 50 270 175 35 271 175 35 271 176 36 272 173 49 269 174 50 270 177 51 273 178 38 274 178 38 274 175 35 271 174 50 270 177 51 273 179 39 275 180 40 276 180 40 276 178 38 274 177 51 273 179 39 275 181 41 277 182 42 278 182 42 278 180 40 276 179 39 275 181 41 279 183 43 280 184 52 281 184 52 281 182 42 282 181 41 279 183 43 280 185 45 283 186 53 284 186 53 284 184 52 281 183 43 280 185 45 283 187 47 285 188 54 286 188 54 286 186 53 284 185 45 283 187 47 285 173 49 269 176 36 272 176 36 272 188 54 286 187 47 285 185 0 287 183 0 288 181 0 289 181 0 289 179 0 290 177 0 291 177 0 291 174 0 270 173 0 269 181 0 289 177 0 291 173 0 269 185 0 287 181 0 289 173 0 269 187 0 292 185 0 287 173 0 269 175 1 271 178 1 293 180 1 294 180 1 294 182 1 295 184 1 296 184 1 296 186 1 297 188 1 298 180 1 294 184 1 296 188 1 298 175 1 271 180 1 294 188 1 298 176 1 272 175 1 271 188 1 298 189 55 299 190 56 300 191 57 301 191 57 301 192 58 302 189 55 299 190 56 300 193 59 303 194 60 304 194 60 304 191 57 301 190 56 300 193 59 303 195 61 305 196 62 306 196 62 306 194 60 304 193 59 303 195 61 305 197 63 307 198 64 308 198 64 308 196 62 306 195 61 305 197 63 309 199 65 310 200 66 311 200 66 311 198 64 312 197 63 309 199 65 310 201 67 313 202 68 314 202 68 314 200 66 311 199 65 310 201 67 313 203 69 315 204 70 316 204 70 316 202 68 314 201 67 313 203 69 315 189 55 299 192 58 302 192 58 302 204 70 316 203 69 315 201 0 317 199 0 318 197 0 319 197 0 319 195 0 320 193 0 321 193 0 321 190 0 300 189 0 299 197 0 319 193 0 321 189 0 299 201 0 317 197 0 319 189 0 299 203 0 322 201 0 317 189 0 299 191 1 301 194 1 323 196 1 324 196 1 324 198 1 325 200 1 326 200 1 326 202 1 327 204 1 328 196 1 324 200 1 326 204 1 328 191 1 301 196 1 324 204 1 328 192 1 302 191 1 301 204 1 328 205 71 329 206 56 330 207 72 331 207 72 331 208 73 332 205 71 329 206 56 330 209 59 333 210 60 334 210 60 334 207 72 331 206 56 330 209 59 333 211 74 335 212 62 336 212 62 336 210 60 334 209 59 333 211 74 335 213 75 337 214 76 338 214 76 338 212 62 336 211 74 335 213 75 339 215 65 340 216 66 341 216 66 341 214 76 342 213 75 339 215 65 340 217 67 343 218 68 344 218 68 344 216 66 341 215 65 340 217 67 343 219 69 345 220 70 346 220 70 346 218 68 344 217 67 343 219 69 345 205 71 329 208 73 332 208 73 332 220 70 346 219 69 345 217 0 347 215 0 348 213 0 349 213 0 349 211 0 350 209 0 351 209 0 351 206 0 330 205 0 329 213 0 349 209 0 351 205 0 329 217 0 347 213 0 349 205 0 329 219 0 352 217 0 347 205 0 329 207 1 331 210 1 353 212 1 354 212 1 354 214 1 355 216 1 356 216 1 356 218 1 357 220 1 358 212 1 354 216 1 356 220 1 358 207 1 331 212 1 354 220 1 358 208 1 332 207 1 331 220 1 358 222 1 359 223 1 360 224 1 361 224 1 361 221 1 362 222 1 359 225 77 363 226 78 364 222 79 359 222 79 359 221 80 362 225 77 363 223 9 360 222 9 359 228 9 365 228 9 365 234 9 366 223 9 360 232 81 367 231 82 368 224 83 361 224 83 361 223 84 360 232 81 367 221 5 362 224 5 361 233 5 369 233 5 369 227 5 370 221 5 362 226 0 371 225 0 372 231 0 373 231 0 373 232 0 374 226 0 371 235 9 375 231 9 373 225 9 372 225 9 372 229 9 376 235 9 375 232 5 374 236 5 377 230 5 378 230 5 378 226 5 371 232 5 374 227 12 379 229 12 380 225 77 363 225 77 363 221 80 362 227 12 379 226 78 364 230 12 381 228 12 382 228 12 382 222 79 359 226 78 364 234 13 383 236 13 384 232 81 367 232 81 367 223 84 360 234 13 383 231 82 368 235 13 385 233 13 386 233 13 386 224 83 361 231 82 368 238 12 387 239 12 388 240 12 389 240 12 389 237 12 390 238 12 387 239 9 388 238 9 387 242 9 391 242 9 391 243 9 392 239 9 388 237 5 390 240 5 389 244 5 393 244 5 393 241 5 394 237 5 390 241 12 394 244 12 393 246 12 395 246 12 395 245 12 396 241 12 394 243 12 392 242 12 391 247 12 397 247 12 397 248 12 398 243 12 392 248 85 398 247 85 397 259 85 399 259 85 399 260 85 400 248 85 398 250 13 401 249 13 402 252 13 403 252 13 403 251 13 404 250 13 401 251 9 404 254 9 405 253 9 406 253 9 406 250 9 401 251 9 404 249 5 407 256 5 408 255 5 409 255 5 409 252 5 410 249 5 407 256 13 408 258 13 411 257 13 412 257 13 412 255 13 409 256 13 408 254 86 405 260 86 400 259 86 399 259 86 399 253 86 406 254 86 405 245 5 396 246 5 395 257 5 412 257 5 412 258 5 411 245 5 396 262 9 413 261 9 414 265 9 415 265 9 415 266 9 416 262 9 413 263 13 417 262 13 418 266 13 419 266 13 419 267 13 420 263 13 417 264 5 421 263 5 417 267 5 420 267 5 420 268 5 422 264 5 421 261 12 414 264 12 421 268 12 422 268 12 422 265 12 415 261 12 414</p>
                </polylist>
                <extra>
                    <technique profile="modo401">
                        <param sid="render" name="Render" type="Name">default</param>
                        <param sid="dissolve" name="Dissolve" type="float">0</param>
                        <param sid="curves" name="Render_Curves" type="bool">false</param>
                        <param sid="radius" name="Curve_Radius" type="float">0.05</param>
                    </technique>
                </extra>
            </mesh>
        </geometry>
        <geometry id="Geometry-mesh024" name="door">
            <mesh>
                <source id="Geometry-mesh024-positions" name="positions">
                    <float_array id="Geometry-mesh024-positions-array" count="516">
                        0.449824 1.4453 0.367707
                        0.435694 1.4453 0.37356
                        0.429841 1.4453 0.38769
                        0.435694 1.4453 0.40182
                        0.449824 1.4453 0.407672
                        0.463954 1.4453 0.40182
                        0.469806 1.4453 0.38769
                        0.463954 1.4453 0.37356
                        0.449824 1.54901 0.367707
                        0.435694 1.54901 0.37356
                        0.429841 1.54901 0.38769
                        0.435694 1.54901 0.40182
                        0.449824 1.54901 0.407672
                        0.463954 1.54901 0.40182
                        0.469806 1.54901 0.38769
                        0.463954 1.54901 0.37356
                        0.432673 0.19889 0.480053
                        0.432673 0.19889 0.4093
                        -0.467978 0.19889 0.480053
                        -0.467978 0.19889 0.4093
                        0.432673 1.70967 0.480053
                        0.432673 1.70967 0.4093
                        -0.467978 1.70967 0.480053
                        -0.467978 1.70967 0.4093
                        0.396273 0.23529 0.4093
                        -0.431579 0.23529 0.4093
                        -0.431579 1.67327 0.4093
                        0.396273 1.67327 0.4093
                        0.396273 0.23529 0.447626
                        -0.431579 0.23529 0.447626
                        -0.431579 1.67327 0.447626
                        0.396273 1.67327 0.447626
                        -0.25342 0.267286 0.414532
                        -0.25342 0.267286 0.449895
                        0.338989 0.267286 0.414532
                        0.338989 0.267286 0.449895
                        -0.25342 1.64047 0.414532
                        -0.25342 1.64047 0.449895
                        0.338989 1.64047 0.414532
                        0.338989 1.64047 0.449895
                        -0.394774 0.833385 0.414532
                        -0.29775 0.833385 0.414532
                        -0.29775 0.833385 0.449895
                        -0.394774 0.833385 0.449895
                        -0.394774 1.08397 0.414532
                        -0.394774 1.08397 0.449895
                        -0.29775 1.08397 0.449895
                        -0.29775 1.08397 0.414532
                        -0.398682 1.15368 0.420337
                        -0.319232 1.15368 0.420337
                        -0.319232 1.15368 0.449895
                        -0.398682 1.15368 0.449895
                        -0.398682 1.19989 0.420337
                        -0.398682 1.19989 0.449895
                        -0.319232 1.19989 0.449895
                        -0.319232 1.19989 0.420337
                        -0.398682 1.59833 0.420337
                        -0.319232 1.59833 0.420337
                        -0.319232 1.59833 0.449895
                        -0.398682 1.59833 0.449895
                        -0.398682 1.64454 0.420337
                        -0.398682 1.64454 0.449895
                        -0.319232 1.64454 0.449895
                        -0.319232 1.64454 0.420337
                        -0.398682 0.708286 0.420337
                        -0.319232 0.708286 0.420337
                        -0.319232 0.708286 0.449895
                        -0.398682 0.708286 0.449895
                        -0.398682 0.754498 0.420337
                        -0.398682 0.754498 0.449895
                        -0.319232 0.754498 0.449895
                        -0.319232 0.754498 0.420337
                        -0.398682 0.263223 0.420337
                        -0.319232 0.263223 0.420337
                        -0.319232 0.263223 0.449895
                        -0.398682 0.263223 0.449895
                        -0.398682 0.309435 0.420337
                        -0.398682 0.309435 0.449895
                        -0.319232 0.309435 0.449895
                        -0.319232 0.309435 0.420337
                        -0.35588 0.303321 0.428037
                        -0.359799 0.303321 0.437497
                        -0.35588 0.303321 0.446957
                        -0.34642 0.303321 0.450875
                        -0.33696 0.303321 0.446957
                        -0.333042 0.303321 0.437497
                        -0.33696 0.303321 0.428037
                        -0.34642 0.303321 0.424118
                        -0.35588 1.6056 0.428037
                        -0.359799 1.6056 0.437497
                        -0.35588 1.6056 0.446957
                        -0.34642 1.6056 0.450875
                        -0.33696 1.6056 0.446957
                        -0.333042 1.6056 0.437497
                        -0.33696 1.6056 0.428037
                        -0.34642 1.6056 0.424118
                        -0.365725 0.790891 0.484505
                        -0.365725 1.12661 0.484505
                        -0.474093 1.12661 0.425712
                        -0.474093 0.790891 0.484505
                        -0.462936 1.12661 0.425712
                        -0.365725 0.790891 0.473012
                        -0.365725 1.12661 0.473012
                        -0.474093 1.12661 0.484505
                        -0.462935 0.790891 0.473012
                        -0.462935 1.12661 0.473012
                        -0.474093 0.790891 0.425712
                        -0.462936 0.790891 0.425712
                        -0.324031 1.08257 0.473013
                        -0.324031 1.08257 0.484505
                        -0.324031 0.835669 0.484505
                        -0.324031 0.835669 0.473013
                        0.463567 1.45047 0.401628
                        0.463567 1.45047 0.444684
                        0.428204 1.45047 0.461308
                        0.428204 1.54012 0.461308
                        0.463567 1.54012 0.444684
                        0.428204 1.54012 0.417268
                        0.463567 1.54012 0.401628
                        0.437045 1.45047 0.461308
                        0.437045 1.54012 0.401628
                        0.437045 1.54012 0.461308
                        0.437045 1.54012 0.417268
                        0.428204 1.45047 0.417268
                        0.437045 1.45047 0.401628
                        0.437045 1.45047 0.417268
                        0.463567 0.5117 0.401628
                        0.437045 0.5117 0.417268
                        0.437045 0.5117 0.401628
                        0.437045 0.601352 0.401628
                        0.437045 0.601352 0.417268
                        0.463567 0.601352 0.401628
                        0.428204 0.5117 0.461308
                        0.437045 0.5117 0.461308
                        0.437045 0.601352 0.461308
                        0.428204 0.601352 0.461308
                        0.463567 0.5117 0.444684
                        0.463567 0.601352 0.444684
                        0.428204 0.601352 0.417268
                        0.428204 0.5117 0.417268
                        0.449824 0.504027 0.367707
                        0.435694 0.504027 0.37356
                        0.429841 0.504027 0.38769
                        0.435694 0.504027 0.40182
                        0.449824 0.504027 0.407672
                        0.463954 0.504027 0.40182
                        0.469806 0.504027 0.38769
                        0.463954 0.504027 0.37356
                        0.449824 0.607733 0.367707
                        0.435694 0.607733 0.37356
                        0.429841 0.607733 0.38769
                        0.435694 0.607733 0.40182
                        0.449824 0.607733 0.407672
                        0.463954 0.607733 0.40182
                        0.469806 0.607733 0.38769
                        0.463954 0.607733 0.37356
                        -0.393085 0.846789 0.55226
                        -0.42551 0.846789 0.55226
                        -0.393085 0.878559 0.516897
                        -0.393085 1.07056 0.55226
                        -0.393085 1.03886 0.516897
                        -0.42551 1.07056 0.55226
                        -0.42551 0.878559 0.516897
                        -0.42551 1.03886 0.516897
                        -0.393085 0.825943 0.483021
                        -0.42551 0.825943 0.483021
                        -0.393085 0.869646 0.482856
                        -0.393085 1.09141 0.483021
                        -0.393085 1.04777 0.482856
                        -0.42551 1.09141 0.483021
                        -0.42551 0.869646 0.482856
                        -0.42551 1.04777 0.482856
                    </float_array>
                    <technique_common>
                        <accessor count="172" source="#Geometry-mesh024-positions-array" stride="3">
                            <param name="X" type="float" />
                            <param name="Y" type="float" />
                            <param name="Z" type="float" />
                        </accessor>
                    </technique_common>
                </source>
                <source id="Geometry-mesh024-normals" name="normals">
                    <float_array id="Geometry-mesh024-normals-array" count="267">
                        -0.136775 0 -0.990602
                        -0.797177 0 -0.603745
                        -0.603751 0 -0.797173
                        0.136775 0 -0.990602
                        -0.990603 0 0.136772
                        -0.990602 0 -0.136772
                        -0.603747 0 0.797176
                        -0.797176 0 0.603747
                        0.136773 0 0.990602
                        -0.136772 0 0.990603
                        0.797175 0 0.603748
                        0.603747 0 0.797176
                        0.990602 0 -0.136774
                        0.990602 0 0.136773
                        0.60375 0 -0.797173
                        0.797176 0 -0.603747
                        0 -1 0
                        0 1 0
                        1.32359e-007 -1 -1.68487e-006
                        2.64718e-007 -1 -3.36974e-006
                        1 0 0
                        -1 0 0
                        0 0 1
                        0 0 -1
                        -1 -4.14502e-008 0
                        2.01228e-007 -1 -5.08761e-013
                        2.01228e-007 -1 -1.01752e-012
                        2.01228e-007 -1 0
                        1 4.34063e-008 -5.05657e-006
                        -1 0 6.74207e-006
                        1 0 -3.37104e-006
                        -1 0 4.03309e-006
                        -0.79718 0 -0.603742
                        -0.990603 0 0.136771
                        -0.990603 0 -0.136769
                        -0.603753 0 -0.797172
                        -0.603755 0 0.79717
                        -0.79718 0 0.603741
                        0.136759 0 0.990604
                        -0.136785 0 0.990601
                        0.797177 0 0.603745
                        0.603742 0 0.79718
                        0.990601 0 -0.136782
                        0.990604 0 0.136763
                        0.603751 0 -0.797173
                        0.797174 0 -0.60375
                        -0.136774 0 -0.990602
                        0.136778 0 -0.990602
                        0.2633 -0.964714 0
                        0.526599 -0.850114 0
                        0.395287 0.918558 0
                        0.930552 -0.366161 0
                        0.929028 0.370008 0
                        -1 0 2.02759e-006
                        -9.53037e-007 0 1
                        -1.90607e-006 0 1
                        -2.85911e-006 0 1
                        -2.85911e-006 0 1
                        0.183365 0 0.983045
                        0.366731 0 0.930327
                        0.531102 0 0.847308
                        0.183366 0 0.983045
                        0.366731 0 0.930327
                        0.531103 0 0.847307
                        -0.136776 0 -0.990602
                        -0.797178 0 -0.603745
                        -0.603752 0 -0.797172
                        0.136775 0 -0.990602
                        -0.603748 0 0.797175
                        -0.797177 0 0.603746
                        0.136772 0 0.990602
                        -0.136773 0 0.990602
                        1 1.87359e-006 -5.0588e-006
                        1 3.69025e-006 -3.2871e-006
                        1 -1.93972e-006 -5.00283e-006
                        1 -3.75903e-006 -3.30312e-006
                        -1.83828e-006 0 -1
                        0 -0.957544 0.288288
                        1 5.53538e-006 -1.55961e-006
                        1 5.44999e-006 -1.42697e-006
                        1 -5.63855e-006 -1.58364e-006
                        1 -5.45794e-006 -1.64295e-006
                        0 0.957557 0.288244
                        -2.3281e-007 0.96739 -0.253292
                        -4.65621e-007 0.96739 -0.253292
                        0 0.96739 -0.253292
                        -2.32909e-007 -0.967362 -0.2534
                        -4.65818e-007 -0.967362 -0.2534
                        0 -0.967362 -0.2534
                    </float_array>
                    <technique_common>
                        <accessor count="89" source="#Geometry-mesh024-normals-array" stride="3">
                            <param name="X" type="float" />
                            <param name="Y" type="float" />
                            <param name="Z" type="float" />
                        </accessor>
                    </technique_common>
                </source>
                <source id="Geometry-mesh024-geom-base-map1" name="geom-base-map1">
                    <float_array id="Geometry-mesh024-geom-base-map1-array" count="560">
                        0.989009 0.386443
                        0.989008 0.390054
                        0.96452 0.390054
                        0.96452 0.386442
                        0.989008 0.393665
                        0.96452 0.393665
                        0.989008 0.397276
                        0.96452 0.397276
                        0.989008 0.400887
                        0.96452 0.400887
                        0.989008 0.371997
                        0.989008 0.375608
                        0.96452 0.375608
                        0.96452 0.371997
                        0.989008 0.37922
                        0.96452 0.37922
                        0.989008 0.382831
                        0.96452 0.382831
                        0.995175 0.383892
                        0.997728 0.386446
                        0.997726 0.390058
                        0.995171 0.39261
                        0.99156 0.392609
                        0.991564 0.38389
                        0.961966 0.392607
                        0.958355 0.392607
                        0.955801 0.390053
                        0.955802 0.386442
                        0.958355 0.383888
                        0.961967 0.383888
                        0.506785 0.601198
                        0.294116 0.601197
                        0.294116 0.584095
                        0.506785 0.584095
                        0.506785 0.957936
                        0.506785 0.975038
                        0.294115 0.975038
                        0.294116 0.957936
                        0.523887 0.601198
                        0.523887 0.957936
                        0.277014 0.601197
                        0.277013 0.957936
                        0.954718 0.348094
                        0.759238 0.348093
                        0.75924 0.00854466
                        0.954719 0.00854538
                        0.302711 0.5755
                        0.498191 0.5755
                        0.268418 0.94934
                        0.268418 0.609792
                        0.49819 0.983634
                        0.30271 0.983634
                        0.532482 0.609793
                        0.532482 0.949341
                        0.302711 0.566055
                        0.498191 0.566055
                        0.258973 0.94934
                        0.258973 0.609792
                        0.49819 0.993079
                        0.30271 0.993078
                        0.541928 0.609793
                        0.541928 0.949341
                        0.455858 0.129138
                        0.315974 0.129138
                        0.315974 0.120788
                        0.455858 0.120788
                        0.455858 0.453385
                        0.455858 0.461735
                        0.315974 0.461735
                        0.315974 0.453385
                        0.464208 0.129138
                        0.464208 0.453385
                        0.307624 0.129138
                        0.307624 0.453385
                        0.987285 0.731396
                        0.964375 0.731396
                        0.964374 0.723046
                        0.987285 0.723046
                        0.987285 0.790566
                        0.987285 0.798916
                        0.964374 0.798916
                        0.964374 0.790566
                        0.995635 0.731396
                        0.995635 0.790566
                        0.956025 0.731396
                        0.956025 0.790566
                        0.988027 0.289914
                        0.969267 0.289914
                        0.969267 0.282935
                        0.988027 0.282935
                        0.988027 0.300826
                        0.988027 0.307806
                        0.969267 0.307806
                        0.969267 0.300826
                        0.995007 0.289914
                        0.995007 0.300826
                        0.962287 0.289914
                        0.962287 0.300826
                        0.988283 0.261085
                        0.969522 0.261085
                        0.969522 0.254106
                        0.988283 0.254106
                        0.988283 0.271997
                        0.988283 0.278976
                        0.969522 0.278976
                        0.969522 0.271997
                        0.995262 0.261085
                        0.995262 0.271997
                        0.962543 0.261085
                        0.962543 0.271997
                        0.987205 0.347941
                        0.968445 0.347941
                        0.968445 0.340962
                        0.987205 0.340962
                        0.987205 0.358853
                        0.987205 0.365833
                        0.968445 0.365833
                        0.968445 0.358853
                        0.994184 0.347941
                        0.994184 0.358853
                        0.961465 0.347941
                        0.961465 0.358853
                        0.987456 0.319766
                        0.968696 0.319766
                        0.968696 0.312786
                        0.987456 0.312786
                        0.987457 0.330678
                        0.987457 0.337657
                        0.968696 0.337657
                        0.968696 0.330678
                        0.994436 0.319766
                        0.994436 0.330678
                        0.961717 0.319766
                        0.961717 0.330678
                        0.747206 0.0277885
                        0.747206 0.0302065
                        0.439711 0.0302065
                        0.439711 0.0277885
                        0.747206 0.0326244
                        0.439711 0.0326242
                        0.747206 0.0132808
                        0.747206 0.0156985
                        0.439711 0.0156985
                        0.439711 0.0132807
                        0.747206 0.0181164
                        0.439711 0.0181164
                        0.747206 0.0205344
                        0.439711 0.0205344
                        0.747206 0.0229523
                        0.439711 0.0229526
                        0.747206 0.0253705
                        0.439711 0.0253706
                        0.853526 0.952716
                        0.85624 0.955351
                        0.85624 0.978305
                        0.853526 0.978305
                        0.771539 0.978305
                        0.771539 0.955351
                        0.774253 0.952716
                        0.774253 0.978305
                        0.842953 0.990864
                        0.784652 0.990864
                        0.784652 0.98815
                        0.842953 0.98815
                        0.774253 0.938833
                        0.853526 0.938833
                        0.771618 0.950002
                        0.771618 0.938833
                        0.856161 0.938833
                        0.856161 0.950002
                        0.774253 0.936199
                        0.853526 0.936199
                        0.772387 0.980276
                        0.782787 0.990121
                        0.855376 0.980291
                        0.844802 0.990136
                        0.988449 0.0132396
                        0.984756 0.00697696
                        0.988449 0.00697696
                        0.988449 0.0406717
                        0.984756 0.0406715
                        0.988449 0.0344089
                        0.970891 0.0132397
                        0.970891 0.0344089
                        0.968803 0.0344089
                        0.968803 0.0132397
                        0.978282 0.0344089
                        0.978282 0.0132397
                        0.974357 0.00697696
                        0.984756 0.0427592
                        0.974357 0.0427592
                        0.974357 0.0406715
                        0.974357 0.00488949
                        0.984756 0.00488949
                        0.990948 0.0459521
                        0.990948 0.0480396
                        0.969778 0.0480396
                        0.969778 0.0459521
                        0.990948 0.0517328
                        0.969778 0.0517328
                        0.989744 0.0633271
                        0.986051 0.0570644
                        0.989744 0.0570644
                        0.989744 0.0907591
                        0.986051 0.0907591
                        0.989744 0.0844964
                        0.972186 0.0633271
                        0.972186 0.0844964
                        0.970099 0.0844964
                        0.970099 0.0633271
                        0.979577 0.0844964
                        0.979577 0.0633271
                        0.975652 0.0570644
                        0.986051 0.0928465
                        0.975652 0.0928465
                        0.975652 0.0907591
                        0.975652 0.0549769
                        0.986051 0.0549769
                        0.990942 0.0963341
                        0.990942 0.0984216
                        0.969773 0.0984214
                        0.969773 0.096334
                        0.990942 0.102115
                        0.969773 0.102115
                        0.989106 0.484493
                        0.989106 0.488104
                        0.964618 0.488104
                        0.964618 0.484493
                        0.989106 0.491715
                        0.964618 0.491715
                        0.989106 0.495326
                        0.964618 0.495326
                        0.989106 0.498938
                        0.964618 0.498938
                        0.989106 0.470047
                        0.989106 0.473659
                        0.964618 0.473659
                        0.964618 0.470047
                        0.989106 0.47727
                        0.964618 0.47727
                        0.989106 0.480881
                        0.964618 0.480881
                        0.995272 0.481941
                        0.997825 0.484495
                        0.997824 0.488106
                        0.99527 0.49066
                        0.991658 0.490658
                        0.991661 0.48194
                        0.962064 0.490658
                        0.958453 0.490657
                        0.955899 0.488104
                        0.955899 0.484492
                        0.958453 0.481939
                        0.962064 0.481939
                        0.97825 0.925645
                        0.9866 0.933147
                        0.9866 0.970998
                        0.97825 0.978485
                        0.962244 0.933147
                        0.970594 0.925645
                        0.970594 0.978485
                        0.962244 0.970998
                        0.994257 0.933147
                        0.994257 0.970998
                        0.970594 0.908571
                        0.97825 0.908571
                        0.954206 0.931043
                        0.954245 0.920723
                        0.994599 0.920723
                        0.994638 0.931042
                        0.994638 0.973103
                        0.994599 0.983406
                        0.954245 0.983406
                        0.954206 0.973103
                        0.97825 0.995559
                        0.970594 0.995559
                        0.960305 0.940554
                        0.952267 0.93845
                        0.960304 0.963591
                        0.952266 0.965696
                    </float_array>
                    <technique_common>
                        <accessor count="280" source="#Geometry-mesh024-geom-base-map1-array" stride="2">
                            <param name="S" type="float" />
                            <param name="T" type="float" />
                        </accessor>
                    </technique_common>
                </source>
                <vertices id="Geometry-mesh024-vertices">
                    <input semantic="POSITION" source="#Geometry-mesh024-positions" />
                </vertices>
                <polylist count="246" material="Material-cabinet_electricity">
                    <input semantic="VERTEX" source="#Geometry-mesh024-vertices" offset="0" />
                    <input semantic="NORMAL" source="#Geometry-mesh024-normals" offset="1" />
                    <input semantic="TEXCOORD" source="#Geometry-mesh024-geom-base-map1" offset="2" set="0" />
                    <vcount>3 3 3 3 3 3 3 3 3 3 3 3 3 3 3 3 3 3 3 3 3 3 3 3 3 3 3 3 3 3 3 3 3 3 3 3 3 3 3 3 3 3 3 3 3 3 3 3 3 3 3 3 3 3 3 3 3 3 3 3 3 3 3 3 3 3 3 3 3 3 3 3 3 3 3 3 3 3 3 3 3 3 3 3 3 3 3 3 3 3 3 3 3 3 3 3 3 3 3 3 3 3 3 3 3 3 3 3 3 3 3 3 3 3 3 3 3 3 3 3 3 3 3 3 3 3 3 3 3 3 3 3 3 3 3 3 3 3 3 3 3 3 3 3 3 3 3 3 3 3 3 3 3 3 3 3 3 3 3 3 3 3 3 3 3 3 3 3 3 3 3 3 3 3 3 3 3 3 3 3 3 3 3 3 3 3 3 3 3 3 3 3 3 3 3 3 3 3 3 3 3 3 3 3 3 3 3 3 3 3 3 3 3 3 3 3 3 3 3 3 3 3 3 3 3 3 3 3 3 3 3 3 3 3 3 3 3 3 3 3 3 3 3 3 3 3</vcount>
                    <p>0 0 0 1 1 1 9 2 2 9 2 2 8 3 3 0 0 0 1 1 1 2 4 4 10 5 5 10 5 5 9 2 2 1 1 1 2 4 4 3 6 6 11 7 7 11 7 7 10 5 5 2 4 4 3 6 6 4 8 8 12 9 9 12 9 9 11 7 7 3 6 6 4 8 10 5 10 11 13 11 12 13 11 12 12 9 13 4 8 10 5 10 11 6 12 14 14 13 15 14 13 15 13 11 12 5 10 11 6 12 14 7 14 16 15 15 17 15 15 17 14 13 15 6 12 14 7 14 16 0 0 0 8 3 3 8 3 3 15 15 17 7 14 16 6 16 18 5 16 19 4 16 20 4 16 20 3 16 21 2 16 22 2 16 22 1 16 1 0 16 0 4 16 20 2 16 22 0 16 0 6 16 18 4 16 20 0 16 0 7 16 23 6 16 18 0 16 0 9 17 2 10 17 24 11 17 25 11 17 25 12 17 26 13 17 27 13 17 27 14 17 28 15 17 29 11 17 25 13 17 27 15 17 29 9 17 2 11 17 25 15 17 29 8 17 3 9 17 2 15 17 29 16 18 30 18 19 31 19 18 32 19 18 32 17 16 33 16 18 30 20 17 34 21 17 35 23 17 36 23 17 36 22 17 37 20 17 34 16 20 30 17 20 38 21 20 39 21 20 39 20 20 34 16 20 30 19 21 40 18 21 31 22 21 37 22 21 37 23 21 41 19 21 40 18 22 31 16 22 30 20 22 34 20 22 34 22 22 37 18 22 31 30 23 42 31 23 43 28 23 44 28 23 44 29 23 45 30 23 42 17 23 33 19 23 32 25 23 46 25 23 46 24 23 47 17 23 33 19 23 40 23 23 41 26 23 48 26 23 48 25 23 49 19 23 40 23 23 36 21 23 35 27 23 50 27 23 50 26 23 51 23 23 36 21 23 39 17 23 38 24 23 52 24 23 52 27 23 53 21 23 39 24 17 47 25 17 46 29 17 54 29 17 54 28 17 55 24 17 47 25 20 49 26 20 48 30 20 56 30 20 56 29 20 57 25 20 49 26 16 51 27 16 50 31 16 58 31 16 58 30 16 59 26 16 51 27 24 53 24 24 52 28 24 60 28 24 60 31 24 61 27 24 53 32 25 62 34 26 63 35 25 64 35 25 64 33 27 65 32 25 62 36 17 66 37 17 67 39 17 68 39 17 68 38 17 69 36 17 66 32 21 62 33 21 70 37 21 71 37 21 71 36 21 66 32 21 62 35 28 72 34 28 63 38 28 69 38 28 69 39 28 73 35 28 72 34 23 63 32 23 62 36 23 66 36 23 66 38 23 69 34 23 63 40 16 74 41 16 75 42 16 76 42 16 76 43 16 77 40 16 74 44 17 78 45 17 79 46 17 80 46 17 80 47 17 81 44 17 78 40 29 74 43 29 82 45 29 83 45 29 83 44 29 78 40 29 74 42 30 84 41 30 75 47 30 81 47 30 81 46 30 85 42 30 84 41 23 75 40 23 74 44 23 78 44 23 78 47 23 81 41 23 75 48 16 86 49 16 87 50 16 88 50 16 88 51 16 89 48 16 86 52 17 90 53 17 91 54 17 92 54 17 92 55 17 93 52 17 90 48 21 86 51 21 94 53 21 95 53 21 95 52 21 90 48 21 86 50 20 96 49 20 87 55 20 93 55 20 93 54 20 97 50 20 96 49 23 87 48 23 86 52 23 90 52 23 90 55 23 93 49 23 87 56 16 98 57 16 99 58 16 100 58 16 100 59 16 101 56 16 98 60 17 102 61 17 103 62 17 104 62 17 104 63 17 105 60 17 102 56 21 98 59 21 106 61 21 107 61 21 107 60 21 102 56 21 98 58 20 108 57 20 99 63 20 105 63 20 105 62 20 109 58 20 108 57 23 99 56 23 98 60 23 102 60 23 102 63 23 105 57 23 99 64 16 110 65 16 111 66 16 112 66 16 112 67 16 113 64 16 110 68 17 114 69 17 115 70 17 116 70 17 116 71 17 117 68 17 114 64 21 110 67 21 118 69 21 119 69 21 119 68 21 114 64 21 110 66 20 120 65 20 111 71 20 117 71 20 117 70 20 121 66 20 120 65 23 111 64 23 110 68 23 114 68 23 114 71 23 117 65 23 111 72 16 122 73 16 123 74 16 124 74 16 124 75 16 125 72 16 122 76 17 126 77 17 127 78 17 128 78 17 128 79 17 129 76 17 126 72 31 122 75 31 130 77 31 131 77 31 131 76 31 126 72 31 122 74 20 132 73 20 123 79 20 129 79 20 129 78 20 133 74 20 132 73 23 123 72 23 122 76 23 126 76 23 126 79 23 129 73 23 123 80 32 134 81 33 135 89 34 136 89 34 136 88 35 137 80 32 134 81 33 135 82 36 138 90 37 139 90 37 139 89 34 136 81 33 135 82 36 140 83 38 141 91 39 142 91 39 142 90 37 143 82 36 140 83 38 141 84 40 144 92 41 145 92 41 145 91 39 142 83 38 141 84 40 144 85 42 146 93 43 147 93 43 147 92 41 145 84 40 144 85 42 146 86 44 148 94 45 149 94 45 149 93 43 147 85 42 146 86 44 148 87 46 150 95 47 151 95 47 151 94 45 149 86 44 148 87 46 150 80 32 134 88 35 137 88 35 137 95 47 151 87 46 150 99 16 152 104 16 153 101 48 154 101 48 154 96 49 155 99 16 152 102 50 156 105 17 157 103 17 158 103 17 158 97 50 159 102 50 156 111 51 160 108 52 161 109 52 162 109 52 162 110 51 163 111 51 160 99 53 152 103 53 158 98 53 164 98 53 164 106 53 165 99 53 152 98 17 164 103 17 158 105 17 166 105 17 166 100 17 167 98 17 164 96 54 155 97 55 159 103 22 158 103 22 158 99 22 152 96 54 155 106 16 165 107 16 168 104 16 169 104 16 169 99 16 152 106 16 165 98 23 164 100 23 170 107 23 171 107 23 171 106 23 165 98 23 164 102 50 172 97 50 159 109 52 162 109 52 162 108 52 173 102 50 172 97 55 159 96 54 155 110 56 163 110 56 163 109 57 162 97 55 159 96 49 155 101 48 174 111 51 175 111 51 175 110 51 163 96 49 155 112 16 176 125 16 177 124 16 178 120 17 179 122 17 180 118 17 181 119 58 182 121 59 183 115 22 184 115 22 184 114 22 185 119 58 182 112 20 176 118 20 181 116 20 186 116 20 186 113 20 187 112 20 176 113 16 187 119 16 188 125 16 177 125 16 177 112 16 176 113 16 187 117 17 189 115 17 190 121 17 191 121 17 191 122 17 180 117 17 189 113 60 187 116 60 186 121 59 183 121 59 183 119 58 182 113 60 187 119 16 188 114 16 192 123 16 193 123 16 193 125 16 177 119 16 188 116 17 186 118 17 181 122 17 180 122 17 180 121 17 191 116 17 186 117 23 194 122 23 195 125 23 196 125 23 196 123 23 197 117 23 194 122 21 195 120 21 198 124 21 199 124 21 199 125 21 196 122 21 195 126 16 200 127 16 201 128 16 202 129 17 203 130 17 204 131 17 205 133 61 206 134 62 207 135 22 208 135 22 208 132 22 209 133 61 206 126 20 200 131 20 205 137 20 210 137 20 210 136 20 211 126 20 200 136 16 211 133 16 212 127 16 201 127 16 201 126 16 200 136 16 211 138 17 213 135 17 214 134 17 215 134 17 215 130 17 204 138 17 213 136 63 211 137 63 210 134 62 207 134 62 207 133 61 206 136 63 211 133 16 212 132 16 216 139 16 217 139 16 217 127 16 201 133 16 212 137 17 210 131 17 205 130 17 204 130 17 204 134 17 215 137 17 210 138 23 218 130 23 219 127 23 220 127 23 220 139 23 221 138 23 218 130 21 219 129 21 222 128 21 223 128 21 223 127 21 220 130 21 219 140 64 224 141 65 225 149 66 226 149 66 226 148 67 227 140 64 224 141 65 225 142 4 228 150 5 229 150 5 229 149 66 226 141 65 225 142 4 228 143 68 230 151 69 231 151 69 231 150 5 229 142 4 228 143 68 230 144 70 232 152 71 233 152 71 233 151 69 231 143 68 230 144 70 234 145 10 235 153 11 236 153 11 236 152 71 237 144 70 234 145 10 235 146 12 238 154 13 239 154 13 239 153 11 236 145 10 235 146 12 238 147 14 240 155 15 241 155 15 241 154 13 239 146 12 238 147 14 240 140 64 224 148 67 227 148 67 227 155 15 241 147 14 240 146 16 242 145 16 243 144 16 244 144 16 244 143 16 245 142 16 246 142 16 246 141 16 225 140 16 224 144 16 244 142 16 246 140 16 224 146 16 242 144 16 244 140 16 224 147 16 247 146 16 242 140 16 224 149 17 226 150 17 248 151 17 249 151 17 249 152 17 250 153 17 251 153 17 251 154 17 252 155 17 253 151 17 249 153 17 251 155 17 253 149 17 226 151 17 249 155 17 253 148 17 227 149 17 226 155 17 253 156 72 254 158 73 255 160 74 256 160 74 256 159 75 257 156 72 254 162 21 258 157 21 259 161 21 260 161 21 260 163 21 261 162 21 258 157 22 259 156 22 254 159 22 257 159 22 257 161 22 260 157 22 259 160 76 256 158 76 255 162 76 262 162 76 262 163 76 263 160 76 256 156 77 254 157 77 259 165 77 264 165 77 264 164 77 265 156 77 254 157 21 259 162 21 258 170 21 266 170 21 266 165 21 267 157 21 259 158 73 255 156 72 254 164 78 268 164 78 268 166 79 269 158 73 255 159 75 257 160 74 256 168 80 270 168 80 270 167 81 271 159 75 257 163 21 261 161 21 260 169 21 272 169 21 272 171 21 273 163 21 261 161 82 260 159 82 257 167 82 274 167 82 274 169 82 275 161 82 260 162 83 258 158 84 276 166 83 277 166 83 277 170 85 266 162 83 258 160 86 278 163 87 261 171 86 273 171 86 273 168 88 279 160 86 278</p>
                </polylist>
                <extra>
                    <technique profile="modo401">
                        <param sid="render" name="Render" type="Name">default</param>
                        <param sid="dissolve" name="Dissolve" type="float">0</param>
                        <param sid="curves" name="Render_Curves" type="bool">false</param>
                        <param sid="radius" name="Curve_Radius" type="float">0.05</param>
                    </technique>
                </extra>
            </mesh>
        </geometry>
    </library_geometries>
    <library_lights>
        <light id="Light-polyRender008" name="Render">
            <technique_common>
                <ambient>
                    <color sid="ambient_light_rgb">0.05 0.05 0.05</color>
                </ambient>
            </technique_common>
        </light>
        <light id="Light-sunLight017" name="Directional_Light">
            <technique_common>
                <directional>
                    <color sid="directional_light_rgb">1 1 1</color>
                </directional>
            </technique_common>
            <extra>
                <technique profile="modo401">
                    <param sid="lightType" name="Light_Type" type="Name">sun_light</param>
                    <param sid="render" name="Render" type="Name">default</param>
                    <param sid="visible" name="Display_Visible" type="Name">default</param>
                    <param sid="size" name="Display_Size" type="float">1</param>
                    <param sid="dissolve" name="Dissolve" type="float">0</param>
                    <param sid="radiance" name="Radiant_Intensity" type="float">3</param>
                    <param sid="samples" name="Samples" type="int">64</param>
                    <param sid="shadType" name="Shadow_Type" type="Name">raytrace</param>
                    <param sid="shadRes" name="Shadow_Resolution" type="int">1024</param>
                    <param sid="fast" name="Simple_Shading" type="bool">true</param>
                    <param sid="azimuth" name="Azimuth" type="float">0</param>
                    <param sid="clamp" name="Clamp_Intensity" type="bool">true</param>
                    <param sid="day" name="Day" type="int">2012173</param>
                    <param sid="elevation" name="Elevation" type="float">0</param>
                    <param sid="haze" name="Haze" type="float">2</param>
                    <param sid="height" name="Height" type="float">10</param>
                    <param sid="lat" name="Latitude" type="float">0.655057</param>
                    <param sid="lon" name="Longitude" type="float">-2.13456</param>
                    <param sid="mapSize" name="Map_Size" type="float">2</param>
                    <param sid="north" name="North" type="float">0</param>
                    <param sid="radius" name="Radius" type="float">0.5</param>
                    <param sid="spread" name="Spread" type="float">0</param>
                    <param sid="sunPos" name="Sun_Position" type="bool">false</param>
                    <param sid="time" name="Time" type="float">12</param>
                    <param sid="timeZone" name="Time_Zone" type="float">-8</param>
                    <param sid="volumetrics" name="Volumetrics" type="bool">false</param>
                    <param sid="vdissolve" name="Volumetrics_Dissolve" type="float">0</param>
                    <param sid="vsamples" name="Volumetric_Samples" type="int">40</param>
                </technique>
            </extra>
        </light>
    </library_lights>
    <library_nodes id="shader_tree" name="Shader_Tree">
        <node sid="shader_tree_render" name="Render">
            <extra>
                <technique profile="modo401">
                    <param sid="first" name="Frame_Range_First" type="int">1</param>
                    <param sid="last" name="Frame_Range_Last" type="int">120</param>
                    <param sid="dpi" name="Frame_DPI" type="float">300</param>
                    <param sid="resUnit" name="Resolution_Unit" type="Name">pixels</param>
                    <param sid="pAspect" name="Frame_Pixel_Aspect_Ratio" type="float">1</param>
                    <param sid="bucketX" name="Bucket_Width" type="int">32</param>
                    <param sid="bucketY" name="Bucket_Height" type="int">32</param>
                    <param sid="bktOrder" name="Bucket_Order" type="Name">hilbert</param>
                    <param sid="bktSkip" name="Skip_Existing_Buckets" type="bool">false</param>
                    <param sid="region" name="Render_Region" type="bool">false</param>
                    <param sid="regX0" name="Render_Region_Left" type="float">0</param>
                    <param sid="regX1" name="Render_Region_Right" type="float">1</param>
                    <param sid="regY0" name="Render_Region_Top" type="float">0</param>
                    <param sid="regY1" name="Render_Region_Bottom" type="float">1</param>
                    <param sid="aa" name="Render_Antialiasing" type="Name">s8</param>
                    <param sid="aaFilter" name="Render_Antialiasing_Filter" type="Name">gaussian</param>
                    <param sid="fineRate" name="Refinement_Shading_Rate" type="float">0.25</param>
                    <param sid="fineThresh" name="Refinement_Threshold" type="float">0.1</param>
                    <param sid="bktRefine" name="Refine_Bucket_Borders" type="bool">false</param>
                    <param sid="dof" name="Render_Depth_of_Field" type="bool">false</param>
                    <param sid="mBlur" name="Render_Motion_Blur" type="bool">false</param>
                    <param sid="stereo" name="Render_Stereoscopic" type="bool">false</param>
                    <param sid="rayShadow" name="Ray_Tracing_Shadows" type="bool">true</param>
                    <param sid="reflDepth" name="Reflection_Depth" type="int">8</param>
                    <param sid="refrDepth" name="Refraction_Depth" type="int">8</param>
                    <param sid="rayThresh" name="Ray_Threshold" type="float">0.001</param>
                    <param sid="subdAdapt" name="Adaptive_Subdivision" type="bool">false</param>
                    <param sid="subdRate" name="Subdivision_Rate" type="float">10</param>
                    <param sid="dispEnable" name="Micropoly_Displacement" type="bool">true</param>
                    <param sid="dispRate" name="Displacement_Rate" type="float">1</param>
                    <param sid="dispRatio" name="Displacement_Ratio" type="float">4</param>
                    <param sid="edgeMin" name="Minimum_Edge_Length" type="float">0.0001</param>
                    <param sid="dispSmooth" name="Smooth_Positions" type="bool">true</param>
                    <param sid="ambRad" name="Ambient_Intensity" type="float">0.05</param>
                    <param sid="ambColor" name="Ambient_Color" type="color">1 1 1</param>
                    <param sid="globEnable" name="Enable_Indirect_Illumination" type="bool">false</param>
                    <param sid="globScope" name="Indirect_Illumination_Scope" type="Name">all</param>
                    <param sid="globRays" name="Indirect_Rays" type="int">64</param>
                    <param sid="globLimit" name="Indirect_Bounces" type="int">1</param>
                    <param sid="globRange" name="Indirect_Range" type="float">0</param>
                    <param sid="globSubs" name="Subsurface_Scattering" type="int">0</param>
                    <param sid="globVols" name="Volumetrics_Affect_Indirect" type="bool">false</param>
                    <param sid="irrCache" name="Enable_Irradiance_Caching" type="bool">true</param>
                    <param sid="irrRays" name="Irradiance_Rays" type="int">256</param>
                    <param sid="globSuper" name="Indirect_Supersampling" type="bool">true</param>
                    <param sid="irrRate" name="Irradiance_Rate" type="float">2.5</param>
                    <param sid="irrRatio" name="Irradiance_Ratio" type="float">6</param>
                    <param sid="irrVals" name="Interpolation_Values" type="int">1</param>
                    <param sid="irrGrads" name="Irradiance_Gradients" type="Name">both</param>
                    <param sid="irrWalk" name="Walkthrough_Mode" type="bool">false</param>
                    <param sid="irrLEnable" name="Load_Irradiance_before_Render" type="bool">false</param>
                    <param sid="irrLName" name="Load_Irradiance_File" type="Name"></param>
                    <param sid="irrSEnable" name="Save_Irradiance_after_Render" type="bool">false</param>
                    <param sid="irrSName" name="Save_Irradiance_File" type="Name"></param>
                    <param sid="causEnable" name="Enable_Direct_Caustics" type="bool">false</param>
                    <param sid="causTotal" name="Caustics_Total_Photons" type="int">100000</param>
                    <param sid="causLocal" name="Caustics_Local_Photons" type="int">32</param>
                    <param sid="globCaus" name="Indirect_Caustics" type="Name">refraction</param>
                </technique>
            </extra>
        </node>
        <node sid="shader_tree_environment" name="Environment">
            <extra>
                <technique profile="modo401">
                    <param sid="radiance" name="Environment_Intensity" type="float">1</param>
                    <param sid="visCam" name="Environment_Visible_to_Camera" type="bool">true</param>
                    <param sid="visInd" name="Environment_Visible_to_Indirect_Rays" type="bool">true</param>
                    <param sid="visRefl" name="Environment_Visible_to_Reflection_Rays" type="bool">true</param>
                    <param sid="visRefr" name="Environment_Visible_to_Refraction_Rays" type="bool">true</param>
                </technique>
            </extra>
        </node>
    </library_nodes>
    <library_visual_scenes>
        <visual_scene id="DefaultScene">
            <node id="polyRender008" name="Render" type="NODE">
                <instance_light url="#Light-polyRender008" />
            </node>
            <node id="Geometry-baseNode" name="base" type="NODE">
                <translate sid="translation002">0 0 0</translate>
                <rotate sid="rotation003Y">0 1 0 0</rotate>
                <rotate sid="rotation003X">1 0 0 0</rotate>
                <rotate sid="rotation003Z">0 0 1 0</rotate>
                <scale sid="scale004">1 1 1</scale>
                <instance_geometry url="#Geometry-base">
                    <bind_material>
                        <technique_common>
                            <instance_material symbol="Material-cabinet_electricity" target="#Material-cabinet_electricity">
                                <bind_vertex_input semantic="geom-base-map1" input_semantic="TEXCOORD" input_set="0" />
                            </instance_material>
                        </technique_common>
                    </bind_material>
                </instance_geometry>
            </node>
            <node id="Geometry-mesh024Node" name="door" type="NODE">
                <instance_geometry url="#Geometry-mesh024">
                    <bind_material>
                        <technique_common>
                            <instance_material symbol="Material-cabinet_electricity" target="#Material-cabinet_electricity">
                                <bind_vertex_input semantic="geom-base-map1" input_semantic="TEXCOORD" input_set="0" />
                            </instance_material>
                        </technique_common>
                    </bind_material>
                </instance_geometry>
            </node>
            <node id="Camera-camera014Node" name="Camera" type="NODE">
                <translate sid="translation015">0 0.75 4</translate>
                <rotate sid="rotation016Y">0 1 0 0</rotate>
                <rotate sid="rotation016X">1 0 0 -5</rotate>
                <rotate sid="rotation016Z">0 0 1 0</rotate>
                <instance_camera url="#Camera-camera014" />
            </node>
            <node id="txtrLocator001Node" name="cabinet_electricity__Image___Texture_" type="NODE">
                <translate sid="translation011">0 0 0</translate>
                <rotate sid="rotation010Y">0 1 0 0</rotate>
                <rotate sid="rotation010X">1 0 0 0</rotate>
                <rotate sid="rotation010Z">0 0 1 0</rotate>
                <scale sid="scale009">1 1 1</scale>
            </node>
            <node id="Light-sunLight017Node" name="Directional_Light" type="NODE">
                <translate sid="translation018">-2 2 2</translate>
                <rotate sid="rotation019Y">0 1 0 -45</rotate>
                <rotate sid="rotation019X">1 0 0 -30</rotate>
                <rotate sid="rotation019Z">0 0 1 0</rotate>
                <instance_light url="#Light-sunLight017" />
            </node>
            <extra>
                <technique profile="modo401">
                    <param sid="fps" name="Scene_FPS" type="float">24</param>
                    <param sid="sceneS" name="Scene_Start_Time" type="float">0</param>
                    <param sid="sceneE" name="Scene_End_Time" type="float">5</param>
                    <param sid="currentS" name="Scene_Current_Start_Time" type="float">0</param>
                    <param sid="currentE" name="Scene_Current_End_Time" type="float">5</param>
                    <param sid="timeSys" name="Scene_Time_System" type="Name">frames</param>
                </technique>
            </extra>
            <extra>
                <technique profile="MAX3D">
                    <frame_rate>24</frame_rate>
                </technique>
            </extra>
            <extra>
                <technique profile="MAYA">
                    <start_time>0</start_time>
                    <end_time>5</end_time>
                </technique>
            </extra>
            <extra>
                <technique profile="OKINO" />
            </extra>
            <extra>
                <technique profile="XSI">
                    <SI_Scene>
                        <frame_rate>24</frame_rate>
                    </SI_Scene>
                </technique>
            </extra>
        </visual_scene>
    </library_visual_scenes>
    <scene>
        <instance_visual_scene url="#DefaultScene" />
    </scene>
</COLLADA>
