<?xml version="1.0" encoding="utf-8"?>
<COLLADA xmlns="http://www.collada.org/2005/11/COLLADASchema" version="1.4.1">
  <asset>
    <contributor>
      <author>Marcus</author>
      <authoring_tool>OpenCOLLADA for 3ds Max;  Version: 1.3.1;  Revision: 847M;  Platform: x64;  Configuration: Release_Max2011_static</authoring_tool>
      <source_data>file:///C:/Program%20Files/Autodesk/3ds%20Max%202009/sceneassets/scenes/Frictional_Games/Props/station_batch09/machine_power_generator_flesher/power_generator_flesher/originals/power_generator_flesher.max</source_data>
    </contributor>
    <created>2012-07-27T02:41:04</created>
    <modified>2012-07-27T02:41:04</modified>
    <unit name="centimeter" meter="0.01"/>
    <up_axis>Z_UP</up_axis>
  </asset>
  <library_effects>
    <effect id="_6_-_Default">
      <profile_COMMON>
        <newparam sid="power_generator_flesher_psd-surface">
          <surface type="2D">
            <init_from>power_generator_flesher_psd</init_from>
          </surface>
        </newparam>
        <newparam sid="power_generator_flesher_psd-sampler">
          <sampler2D>
            <source>power_generator_flesher_psd-surface</source>
          </sampler2D>
        </newparam>
        <technique sid="common">
          <blinn>
            <emission>
              <color>0 0 0 1</color>
            </emission>
            <ambient>
              <color>0.588 0.588 0.588 1</color>
            </ambient>
            <diffuse>
              <texture texture="power_generator_flesher_psd-sampler" texcoord="CHANNEL1"/>
            </diffuse>
            <specular>
              <color>0.9 0.9 0.9 1</color>
            </specular>
            <shininess>
              <float>10</float>
            </shininess>
            <reflective>
              <color>0 0 0 1</color>
            </reflective>
            <transparent opaque="A_ONE">
              <color>1 1 1 1</color>
            </transparent>
            <transparency>
              <float>1</float>
            </transparency>
          </blinn>
        </technique>
      </profile_COMMON>
      <extra>
        <technique profile="OpenCOLLADA3dsMax">
          <extended_shader>
            <apply_reflection_dimming>0</apply_reflection_dimming>
            <dim_level>0</dim_level>
            <falloff_type>0</falloff_type>
            <index_of_refraction>1.5</index_of_refraction>
            <opacity_type>0</opacity_type>
            <reflection_level>3</reflection_level>
            <wire_size>1</wire_size>
            <wire_units>0</wire_units>
          </extended_shader>
          <shader>
            <ambient_diffuse_lock>1</ambient_diffuse_lock>
            <ambient_diffuse_texture_lock>1</ambient_diffuse_texture_lock>
            <diffuse_specular_lock>0</diffuse_specular_lock>
            <soften>0.1</soften>
            <use_self_illum_color>0</use_self_illum_color>
          </shader>
        </technique>
      </extra>
    </effect>
  </library_effects>
  <library_materials>
    <material id="_6_-_Default-material" name="_6_-_Default">
      <instance_effect url="#_6_-_Default"/>
    </material>
  </library_materials>
  <library_geometries>
    <geometry id="geom-power_generator_flesher" name="power_generator_flesher">
      <mesh>
        <source id="geom-power_generator_flesher-positions">
          <float_array id="geom-power_generator_flesher-positions-array" count="2598">-81.74356 -36.01495 10.00253 -81.74355 -41.79227 10.00253 -74.7219 -28.54886 97.99556 -87.96531 35.97935 10.00253 -87.96532 41.75667 0.2255249 -81.74358 41.75667 0.2255249 -87.96531 35.97935 0.2255249 -81.74358 35.97935 0.2255249 83.59087 41.75673 15.05102 -87.96532 41.75667 73.10864 84.03235 41.75673 68.66455 -81.74358 35.97935 10.00253 -81.74358 41.75667 10.00253 43.46775 41.75671 73.10864 20.82607 41.75671 15.05102 20.82607 41.75671 45.11086 39.53357 41.75671 68.66455 82.70419 39.53468 15.93984 83.12958 39.53468 67.77573 21.71489 39.53466 15.93984 21.71489 39.53466 44.80084 39.96269 39.53466 67.77573 78.54152 -25.88956 94.26253 87.8119 -33.86208 76.84168 78.5415 25.85408 94.26253 87.81188 33.8266 76.84168 -74.72192 28.51328 97.99556 77.67021 -25.33796 93.22812 86.17229 -32.64983 77.25098 77.6702 25.30247 93.22812 86.17228 32.61434 77.25098 76.555 28.51333 97.99556 89.79841 -35.97934 15.05102 89.79841 -35.60933 68.66455 89.79839 35.94386 15.05102 89.79839 35.57375 68.66455 87.57636 -35.0851 15.93984 87.57636 -34.72735 67.77573 87.57635 35.04961 15.93984 87.57635 34.69186 67.77573 89.79839 35.535 73.10864 89.79839 41.75673 73.10864 89.79841 -35.57048 73.10864 0.916564 -41.79224 10.00253 0.9165378 41.7567 10.00253 82.70422 -39.57017 15.93984 21.71492 -39.57019 15.93984 21.71492 -39.57019 44.80084 39.96272 -39.57018 67.77573 83.12961 -39.57017 67.77573 89.79842 -41.79221 73.10864 84.03238 -41.79221 68.66455 39.53359 -41.79223 68.66455 43.46777 -41.79222 73.10864 43.61727 -38.41516 79.4548 41.05747 -38.41516 79.4548 5.725695 -41.79224 73.10864 23.98016 -38.41516 79.4548 20.8261 -41.79223 15.05102 83.5909 -41.79221 15.05102 41.05747 -35.82577 78.07697 43.61727 -35.82576 78.07697 43.61726 -29.3365 90.27155 41.05747 -29.3365 90.27155 43.61727 -31.92589 91.6494 -87.96529 -41.79227 73.10864 20.8261 -41.79223 45.11086 -87.96529 -36.01495 0.2255249 -87.96529 -41.79227 0.2255249 -81.74355 -41.79227 0.2255249 -81.74356 -36.01495 0.2255249 -87.96529 -36.01495 10.00253 -81.74356 -36.01495 10.00253 0.916564 -41.79224 10.00253 41.05747 -31.92589 91.6494 76.55502 -28.54882 97.99556 23.98016 -31.9259 91.6494 21.42036 -38.41516 79.4548 21.42036 -31.9259 91.6494 5.564284 -39.80315 76.84648 5.557171 -30.50326 94.32288 -27.21828 -30.59242 94.15515 -27.29969 -39.81578 76.82284 5.564283 -37.57115 74.95792 5.560727 -32.92121 83.69616 5.55717 -28.27126 92.4344 -27.29969 -37.58378 74.93428 -27.21828 -28.36051 92.26668 -27.25899 -32.97215 83.60043 21.42036 -35.82577 78.07697 23.98016 -35.82577 78.07697 23.98016 -29.33651 90.27155 21.42036 -29.33651 90.27155 -85.74316 -35.08515 15.93984 -85.74316 -34.7274 67.77573 -87.96529 -35.60938 68.66455 -87.96529 -35.97939 15.05102 -85.74317 34.69181 67.77573 -85.74317 35.04956 15.93984 -87.96531 35.9438 15.05102 -87.96531 35.5737 68.66455 -87.96531 35.53495 73.10864 -85.97871 33.82655 76.84168 -87.96529 -35.57053 73.10864 -85.9787 -33.86214 76.84168 -84.3391 32.61428 77.25098 -84.33909 -32.64988 77.25098 -75.83701 -25.33801 93.22812 -75.83702 25.30243 93.22812 -76.70834 25.85403 94.26253 -76.70832 -25.88961 94.26253 89.79839 35.97941 0.2255249 89.79839 41.75673 0.2255249 83.57665 41.75673 0.2255249 83.57666 35.97941 0.2255249 89.79839 35.97941 10.00253 83.57666 35.97941 10.00253 83.57665 41.75673 10.00253 89.79841 -36.01489 0.2255249 83.57668 -36.01489 0.2255249 83.57668 -41.79221 0.2255249 89.79842 -41.79221 0.2255249 89.79841 -36.01489 10.00253 83.57668 -36.01489 10.00253 83.57668 -41.79221 10.00253 -81.74355 -41.79227 10.00253 -58.66538 -46.79702 67.13365 -49.35946 -46.79701 67.13365 -59.332 -46.26373 65.98708 -48.69284 -46.26372 65.98708 -59.332 -46.7892 67.146 -48.69284 -46.78919 67.146 -58.66538 -49.68035 65.39841 -58.66538 -50.35851 70.90891 -58.66538 -48.99187 76.83715 -58.66538 -45.93184 82.07718 -58.66539 -41.09942 86.01802 -58.66539 -35.85548 87.80685 -58.66539 -30.76388 89.0273 -59.332 -49.75314 63.8812 -59.332 -50.27861 65.04013 -58.66538 -44.28868 67.73494 -58.66538 -44.63568 72.19769 -58.66538 -43.17259 76.09694 -58.66539 -40.68283 79.45801 -58.66539 -37.27288 81.57179 -58.66539 -32.72657 82.84485 -59.332 -43.15811 66.71386 -59.332 -43.68357 67.87279 -49.35946 -44.63567 72.19769 -49.35946 -44.28868 67.73494 -49.35946 -49.68034 65.39841 -49.35946 -50.35851 70.90891 -49.35946 -43.17259 76.09694 -49.35946 -48.99186 76.83715 -49.35946 -40.68283 79.45801 -49.35946 -45.93184 82.07718 -49.35946 -37.27288 81.57179 -49.35946 -41.09942 86.01802 -49.35946 -32.72657 82.84485 -49.35946 -35.85548 87.80685 -49.35946 -30.76388 89.0273 -48.69284 -43.1581 66.71386 -48.69284 -43.68357 67.87279 -48.69284 -49.75314 63.8812 -48.69284 -50.2786 65.04013 -80.8103 -45.33492 52.93246 -80.8103 -46.94741 51.31997 -80.8103 -48.55991 52.93246 -80.8103 -46.94741 54.54496 -85.13947 -45.3359 51.87521 -85.85319 -46.94848 53.27608 -85.13884 -48.56089 51.87432 -84.42513 -46.9483 50.47355 -95.33892 -45.77196 42.0048 -94.87585 -46.97381 40.24174 -93.46352 -45.36665 39.46642 -95.882 -42.58972 40.21303 -97.49342 -43.99823 40.85626 -97.62674 -44.65071 38.75483 -96.01532 -43.2422 38.1116 -97.0579 -40.41309 39.967 -98.41291 -34.71487 41.76081 -98.74178 -33.66092 39.79599 -96.70193 -34.21082 39.078 -94.75853 -33.18673 42.06301 -96.46239 -32.11135 43.00072 -96.54327 -30.75936 41.18228 -94.83942 -31.83474 40.24458 -92.38983 -31.89625 42.97387 -80.8103 -45.33492 60.84295 -80.8103 -46.94741 59.23045 -80.8103 -48.55991 60.84295 -80.8103 -46.94741 62.45544 -85.13947 -45.3359 59.7857 -85.85319 -46.94848 61.18648 -85.13884 -48.56089 59.7849 -84.42513 -46.9483 58.38403 -93.2342 -44.58556 49.61006 -94.60654 -46.21041 50.42688 -93.93815 -47.5615 48.79955 -92.5667 -45.93665 47.98272 -95.25004 -43.16683 48.39673 -97.0579 -40.41309 47.87749 -98.41291 -34.71487 49.6713 -98.74178 -33.66092 47.70639 -96.70193 -34.21082 46.9884 -94.75853 -33.18673 49.9735 -96.46239 -32.11135 50.9112 -96.54327 -30.75936 49.09277 -94.83942 -31.83474 48.15506 -92.38983 -31.89625 50.88436 -83.07448 -45.33501 52.58298 -83.44501 -46.94759 54.10508 -83.07314 -48.55991 52.58342 -82.7025 -46.94732 51.06132 -86.80626 -45.33874 50.45097 -87.80832 -46.95106 51.66848 -86.81045 -48.56364 50.44528 -85.80839 -46.95123 49.22778 -91.94807 -45.02899 43.13519 -93.28753 -46.65713 44.00295 -92.31339 -48.16901 42.65808 -90.97394 -46.54087 41.79032 -93.92615 -44.1647 41.22957 -99.04752 -41.11881 40.52109 -99.49015 -41.07721 38.35078 -97.50053 -40.3714 37.79659 -97.27832 -37.83142 40.24787 -99.45148 -37.84387 40.81876 -99.94834 -37.20854 38.71288 -97.77518 -37.19601 38.1419 -96.37263 -35.26479 41.04283 -93.47197 -30.40037 44.17396 -93.38708 -28.95871 42.43054 -92.30539 -30.45458 41.23046 -89.36874 -30.90984 43.23599 -89.86914 -29.17069 44.58219 -90.12246 -27.80351 42.85024 -89.62206 -29.54266 41.50404 -84.92687 -29.75748 42.35668 -85.12286 -27.94971 43.73266 -85.85461 -26.6923 41.97689 -85.65864 -28.50007 40.60091 -83.07448 -45.33501 60.49347 -83.44501 -46.94759 62.01557 -83.07314 -48.55991 60.49391 -82.7025 -46.94732 58.97181 -86.80626 -45.33874 58.36145 -87.80832 -46.95106 59.57896 -86.81045 -48.56364 58.35577 -85.80839 -46.95123 57.13826 -91.94807 -45.02899 51.04568 -93.28753 -46.65713 51.91343 -92.31339 -48.16901 50.56856 -90.97394 -46.54087 49.70081 -96.78236 -44.66582 49.0853 -96.72015 -45.51846 47.08511 -95.18782 -44.01938 46.39654 -99.04752 -41.11881 48.43158 -99.49015 -41.07721 46.26126 -97.50053 -40.3714 45.70708 -97.27832 -37.83142 48.15835 -99.45148 -37.84387 48.72924 -99.94834 -37.20854 46.62336 -97.77518 -37.19601 46.05239 -96.37263 -35.26479 48.95331 -93.47197 -30.40037 52.08444 -93.38708 -28.95871 50.34102 -92.30539 -30.45458 49.14094 -89.36874 -30.90984 51.14647 -89.86914 -29.17069 52.49268 -90.12246 -27.80351 50.76081 -89.62206 -29.54266 49.41452 -84.92687 -29.75748 50.26716 -85.12286 -27.94971 51.64314 -85.85461 -26.6923 49.88737 -85.65864 -28.50007 48.51139 4.47181 46.48699 66.43495 4.471812 40.84042 67.09615 -81.2103 42.64122 67.04237 -81.2103 46.48697 45.82947 -81.2103 52.72398 56.13221 -81.2103 46.48697 66.43495 -81.2103 40.84039 67.09615 4.471811 42.64125 67.04237 -81.2103 40.84039 45.16828 4.47181 46.48699 45.82947 4.471808 51.57148 50.65025 4.471808 52.72401 56.13221 4.471808 51.57148 61.61417 -81.2103 51.57145 50.65025 -81.2103 51.57145 61.61417 4.471812 40.84042 45.16828 -81.2103 42.6974 65.50507 -81.2103 40.84039 65.43307 4.471811 42.66774 68.49701 -82.16125 42.65963 68.41239 -82.17626 42.6974 65.51031 -82.17626 40.84039 65.43832 -82.14231 40.85932 68.48528 4.471812 40.867 68.55078 -58.66541 50.37742 70.90891 -49.35949 50.37743 70.90891 -49.35949 49.01078 76.83715 -58.66541 49.01078 76.83715 -49.35949 45.95075 82.07718 -58.66541 45.95075 82.07718 -49.35948 41.11834 86.01802 -58.66541 41.11833 86.01802 -49.35948 35.8744 87.80685 -58.66541 35.87439 87.80685 -49.35948 30.7828 89.0273 -58.66541 30.7828 89.0273 -59.33203 49.77205 63.8812 -48.69287 49.77205 63.8812 -48.69287 50.29752 65.04013 -59.33203 50.29752 65.04013 -49.35949 49.69926 65.39841 -58.66541 49.69925 65.39841 -58.66541 37.29179 81.57179 -58.66541 40.70174 79.45801 -59.33203 43.70248 67.87279 -59.33203 43.17701 66.71386 -59.33203 46.28263 65.98708 -59.33203 46.8081 67.146 -58.66541 44.30759 67.73494 -58.66541 46.81593 67.13365 -58.66541 43.1915 76.09694 -58.66541 32.74548 82.84485 -58.66541 44.65458 72.19769 -48.69287 46.28264 65.98708 -48.69287 46.80811 67.146 -49.35949 46.81593 67.13365 -49.35948 40.70174 79.45801 -49.35948 37.29179 81.57179 -49.35949 44.65459 72.19769 -49.35949 43.19151 76.09694 -49.35948 32.74549 82.84485 -48.69287 43.17702 66.71386 -48.69287 43.70249 67.87279 -49.35949 44.30759 67.73494 -80.81033 45.35381 52.93246 -83.07451 45.3539 52.58298 -83.44505 46.96648 54.10508 -80.81033 46.96631 54.54496 -85.1395 45.35479 51.87521 -85.85322 46.96737 53.27608 -80.81033 48.5788 52.93246 -83.07317 48.5788 52.58342 -85.13887 48.57978 51.87441 -80.81033 46.96631 51.31997 -82.70253 46.96622 51.06132 -84.42516 46.96719 50.47355 -86.80629 45.35763 50.45097 -87.80835 46.96995 51.66848 -91.9481 45.04787 43.13519 -93.28756 46.67601 44.00295 -86.81048 48.58253 50.44528 -92.31342 48.1879 42.65808 -85.80842 46.97013 49.22778 -90.97397 46.55976 41.79032 -93.92618 44.18359 41.22957 -95.33895 45.79084 42.0048 -94.87588 46.9927 40.24174 -93.46355 45.38554 39.46642 -95.88203 42.6086 40.21303 -97.49345 44.01711 40.85626 -97.62677 44.66959 38.75483 -96.01535 43.26109 38.1116 -97.05793 40.43198 39.967 -99.04755 41.1377 40.52109 -99.49018 41.0961 38.35078 -97.50056 40.39029 37.79659 -97.27835 37.85031 40.24787 -99.45152 37.86276 40.81876 -96.37264 35.28367 41.04283 -98.41293 34.73376 41.76081 -99.94837 37.22743 38.71288 -98.74179 33.6798 39.79599 -97.77521 37.2149 38.1419 -96.70195 34.22971 39.078 -94.75854 33.20561 42.06301 -96.46241 32.13023 43.00072 -96.54329 30.77825 41.18228 -94.83943 31.85364 40.24458 -92.38985 31.91514 42.97387 -93.47198 30.41926 44.17396 -93.3871 28.9776 42.43054 -92.3054 30.47348 41.23046 -89.36876 30.92873 43.23599 -89.86916 29.18958 44.58219 -84.92689 29.77638 42.35668 -85.12287 27.96861 43.73266 -90.12247 27.8224 42.85024 -85.85463 26.7112 41.97689 -89.62207 29.56155 41.50404 -85.65865 28.51897 40.60091 -80.81033 45.35381 60.84295 -83.07451 45.3539 60.49347 -83.44505 46.96648 62.01557 -80.81033 46.96631 62.45544 -85.1395 45.35479 59.7857 -85.85322 46.96737 61.18648 -80.81033 48.5788 60.84295 -83.07317 48.5788 60.49391 -85.13887 48.57978 59.78481 -80.81033 46.96631 59.23045 -82.70253 46.96622 58.97181 -84.42516 46.96719 58.38403 -86.80629 45.35763 58.36145 -87.80835 46.96995 59.57896 -91.9481 45.04787 51.04568 -93.28756 46.67601 51.91343 -86.81048 48.58253 58.35577 -92.31342 48.1879 50.56856 -85.80842 46.97013 57.13826 -90.97397 46.55976 49.70081 -93.23423 44.60445 49.61006 -94.60657 46.2293 50.42688 -93.93818 47.58039 48.79955 -92.56673 45.95554 47.98272 -95.25007 43.18571 48.39673 -96.78239 44.6847 49.0853 -96.72018 45.53735 47.08511 -95.18785 44.03827 46.39654 -97.05793 40.43198 47.87749 -99.04755 41.1377 48.43158 -99.49018 41.0961 46.26126 -97.50056 40.39029 45.70708 -97.27835 37.85031 48.15835 -99.45152 37.86276 48.72924 -96.37264 35.28367 48.95331 -98.41293 34.73376 49.6713 -99.94837 37.22743 46.62336 -98.74179 33.6798 47.70639 -97.77521 37.2149 46.05239 -96.70195 34.22971 46.9884 -94.75854 33.20561 49.9735 -96.46241 32.13023 50.9112 -96.54329 30.77825 49.09277 -94.83943 31.85364 48.15506 -92.38985 31.91514 50.88436 -93.47198 30.41926 52.08444 -93.3871 28.9776 50.34102 -92.3054 30.47348 49.14094 -89.36876 30.92873 51.14647 -89.86916 29.18958 52.49268 -84.92689 29.77638 50.26716 -85.12287 27.96861 51.64314 -90.12247 27.8224 50.76081 -85.85463 26.7112 49.88737 -89.62207 29.56155 49.41452 -85.65865 28.51897 48.51139 4.471845 -46.52253 66.43495 4.471843 -40.87595 67.09615 -81.21026 -42.67674 67.04237 -81.21026 -46.52256 45.82947 -81.21026 -52.75958 56.13221 -81.21026 -46.52256 66.43495 -81.21026 -40.87599 67.09615 4.471844 -42.6767 67.04237 -81.21026 -40.87599 45.16828 4.471845 -46.52253 45.82947 4.471848 -51.60702 50.65025 4.471848 -52.75955 56.13221 4.471848 -51.60702 61.61417 -81.21026 -51.60706 50.65025 -81.21026 -51.60706 61.61417 4.471843 -40.87595 45.16828 -81.21026 -42.73291 65.50507 -81.21026 -40.87599 65.43307 4.471844 -42.70328 68.49701 -82.1612 -42.69513 68.41239 -82.17622 -42.73291 65.51031 -82.17622 -40.87599 65.43832 -82.14227 -40.89492 68.48528 4.471843 -40.90244 68.55078 -87.21968 16.70845 77.45825 -87.21968 16.70845 87.06879 -87.21967 12.14259 87.06879 -87.21967 12.14259 77.45825 -79.21044 12.00864 87.35072 -79.21044 12.00864 77.17623 -79.21045 16.84239 87.35072 -79.21045 16.84239 77.17623 -87.21967 -12.21646 77.45825 -87.21967 -12.21646 87.06879 -87.21967 -16.78232 87.06879 -87.21967 -16.78232 77.45825 -79.21043 -16.91627 87.35072 -79.21043 -16.91627 77.17623 -79.21044 -12.08252 87.35072 -79.21044 -12.08252 77.17623 -76.4135 -23.94709 91.19894 -82.97823 -29.59277 78.86259 -76.41351 23.91152 91.19894 -82.97824 29.55721 78.86259 -78.21833 -23.38358 91.21298 -83.99805 -28.35412 80.35172 -78.21835 23.34801 91.21298 -83.99807 28.31855 80.35172 -2.267106 -13.71811 97.37339 -61.95038 -13.71812 97.37339 -2.267111 13.68257 97.37339 -61.95039 13.68256 97.37339 -59.15949 -10.92723 103.5951 -5.058001 10.89168 103.5951 -59.1595 10.89167 103.5951 -5.057996 -10.92722 103.5951 -9.927126 8.709805 103.5951 -9.927122 -8.745346 103.5951 -54.29037 8.709797 103.5951 -54.29036 -8.745355 103.5951 -11.42034 7.21659 101.5628 -11.42034 -7.252131 101.5628 -52.79716 7.216583 101.5628 -52.79715 -7.252139 101.5628 -71.87768 -43.30325 69.28673 -86.36542 -43.30325 69.28673 -86.36542 -43.30325 71.20124 -71.87768 -43.30325 71.20124 -86.36542 -44.15652 72.48647 -71.87768 -44.15651 72.48647 -86.36542 -44.15652 69.28673 -71.87768 -44.15651 69.28673 -86.36542 -41.17009 72.48647 -71.87768 -41.17008 72.48647 -86.36542 -41.17009 71.20124 -71.87768 -41.17008 71.20124 -86.36542 -41.17009 72.42221 49.97329 -38.68137 28.93818 44.6426 -38.68137 23.6075 33.27559 -38.68137 34.97451 38.60629 -38.68137 40.30519 48.20944 -43.07115 28.94876 44.63203 -43.07115 25.37136 35.03946 -43.07115 34.96393 38.61686 -43.07115 38.54134 57.36258 -38.68137 56.83944 62.69327 -38.68137 62.17013 74.06028 -38.68136 50.80312 68.72959 -38.68136 45.47243 59.12644 -43.07115 56.82887 62.70385 -43.07115 60.40627 72.29642 -43.07114 50.8137 68.71901 -43.07114 47.23629 68.23781 -39.03689 22.61815 73.74243 -39.03689 27.23717 74.99025 -39.03689 34.31385 71.39729 -39.03689 40.53691 64.64484 -39.03689 42.99467 57.89231 -39.03689 40.53691 54.29944 -39.03689 34.31385 55.54725 -39.0369 27.23717 61.05188 -39.03689 22.61815 40.26864 -42.92921 43.38353 35.87184 -42.92921 48.62347 35.87184 -42.92921 55.46382 40.26864 -42.92921 60.70376 47.00509 -42.92921 61.89157 52.92897 -42.92921 58.4714 55.26843 -42.92921 52.04364 52.92897 -42.92921 45.61589 47.00509 -42.92921 42.19571 47.09254 -39.03689 41.6994 53.31499 -39.03689 45.29191 55.77239 -39.03689 52.04364 53.31499 -39.03689 58.79538 47.09254 -39.03689 62.38789 40.01675 -39.0369 61.14017 35.39827 -39.0369 55.63616 35.39827 -39.0369 48.45113 40.01675 -39.0369 42.94712 61.22432 -42.92921 23.09171 55.98367 -42.92921 27.48914 54.79576 -42.92921 34.2263 58.21629 -42.92921 40.1509 64.64485 -42.92921 42.49062 71.0734 -42.9292 40.1509 74.49393 -42.9292 34.2263 73.30603 -42.9292 27.48914 68.06538 -42.9292 23.09171 73.73772 -43.30322 69.28673 88.22546 -43.30322 69.28673 88.22546 -43.30322 71.20124 73.73772 -43.30322 71.20124 88.22546 -44.15648 72.48647 73.73772 -44.15648 72.48647 88.22546 -44.15648 69.28673 73.73772 -44.15648 69.28673 88.22546 -41.17005 72.48647 73.73772 -41.17005 72.48647 88.22546 -41.17005 71.20124 73.73772 -41.17005 71.20124 88.22546 -41.17005 72.42221 -96.00732 -36.81861 70.65053 -96.00732 -23.64934 70.65053 -96.33263 -37.06863 71.86332 -96.33263 -23.39931 71.86332 -97.54409 -38.00153 72.18827 -97.54409 -22.46641 72.18827 -98.43201 -38.6845 71.30043 -98.43201 -21.78344 71.30043 -98.10671 -38.43457 70.08764 -98.10671 -22.03338 70.08764 -96.89526 -37.50157 69.76269 -96.89526 -22.96637 69.76269 -87.03239 -19.63392 71.30043 -87.03159 -19.98758 70.08764 -87.02857 -21.30747 69.76269 -87.02635 -22.27371 70.65053 -87.02715 -21.92005 71.86332 -87.03017 -20.60015 72.18827 -87.02857 -39.16047 69.76269 -87.03159 -40.48036 70.08764 -87.03239 -40.83402 71.30043 -87.03017 -39.86779 72.18827 -87.02715 -38.54789 71.86332 -87.02635 -38.19423 70.65053 80.98922 16.84242 77.17623 88.99846 16.70848 77.45825 88.99846 16.70848 87.06879 80.98922 16.84242 87.35072 88.99847 12.14262 87.06879 88.99847 12.14262 77.45825 80.98923 12.00867 77.17623 80.98923 12.00867 87.35072 80.98923 -12.08249 77.17623 88.99847 -12.21643 77.45825 88.99847 -12.21643 87.06879 80.98923 -12.08249 87.35072 88.99847 -16.78229 87.06879 88.99847 -16.78229 77.45825 80.98923 -16.91623 77.17623 80.98923 -16.91623 87.35072 84.7571 29.55724 78.86259 85.77693 28.31858 80.35172 79.99722 23.34804 91.21298 78.19238 23.91155 91.19894 85.77695 -28.35409 80.35172 84.75711 -29.59274 78.86259 78.19239 -23.94706 91.19894 79.99723 -23.38354 91.21298 -71.87769 43.32216 71.20124 -71.87769 43.32216 69.28673 -86.36543 43.32216 69.28673 -86.36543 43.32216 71.20124 -71.87769 44.17543 69.28673 -71.87769 44.17543 72.48647 -86.36543 44.17543 72.48647 -86.36543 44.17543 69.28673 -71.87769 41.189 71.20124 -86.36543 41.189 71.20124 -71.87769 41.189 72.48647 -86.36543 41.189 72.48647 -86.36543 41.189 72.42221 48.20942 43.09011 28.94876 38.61684 43.09011 38.54134 35.03944 43.09011 34.96393 44.63201 43.09011 25.37136 49.97328 38.70033 28.93818 38.60627 38.70033 40.30519 33.27558 38.70033 34.97451 44.64259 38.70033 23.6075 59.12642 43.09011 56.82887 68.71899 43.09012 47.23629 72.2964 43.09012 50.8137 62.70382 43.09011 60.40627 57.36256 38.70033 56.83944 68.72957 38.70034 45.47243 74.06026 38.70034 50.80312 62.69325 38.70033 62.17013 47.09253 39.05586 41.6994 47.00507 42.94817 42.19571 40.26862 42.94817 43.38353 40.01674 39.05585 42.94712 35.87181 42.94817 48.62347 35.39826 39.05585 48.45113 35.87181 42.94817 55.46382 35.39826 39.05585 55.63616 40.26862 42.94817 60.70376 40.01674 39.05585 61.14017 47.00507 42.94817 61.89157 47.09253 39.05586 62.38789 52.92895 42.94817 58.4714 53.31497 39.05586 58.79538 55.26841 42.94817 52.04364 55.77238 39.05586 52.04364 52.92895 42.94817 45.61589 53.31497 39.05586 45.29191 61.05187 39.05586 22.61815 61.2243 42.94817 23.09171 55.98365 42.94817 27.48914 55.54724 39.05585 27.23717 54.79574 42.94817 34.2263 54.29942 39.05586 34.31385 58.21627 42.94817 40.1509 57.8923 39.05586 40.53691 64.64483 42.94817 42.49062 64.64483 39.05586 42.99467 71.07338 42.94818 40.1509 71.39727 39.05586 40.53691 68.23779 39.05586 22.61815 68.06535 42.94818 23.09171 74.49392 42.94818 34.2263 74.99023 39.05586 34.31385 73.30601 42.94818 27.48914 73.74242 39.05586 27.23717 73.73771 43.32219 71.20124 88.22546 43.3222 71.20124 88.22546 43.3222 69.28673 73.73771 43.32219 69.28673 73.73771 44.17546 69.28673 88.22546 44.17546 69.28673 88.22546 44.17546 72.48647 73.73771 44.17546 72.48647 73.73771 41.18903 71.20124 88.22546 41.18903 71.20124 73.73771 41.18903 72.48647 88.22546 41.18903 72.48647 88.22546 41.18903 72.42221 -96.89527 37.52048 69.76269 -96.89527 22.98528 69.76269 -96.00734 23.66825 70.65053 -96.00733 36.83752 70.65053 -96.33265 23.41822 71.86332 -96.33265 37.08754 71.86332 -97.54411 22.48532 72.18827 -97.54411 38.02045 72.18827 -98.43203 21.80235 71.30043 -98.43203 38.70341 71.30043 -98.10673 22.05229 70.08764 -98.10673 38.45348 70.08764 -87.0324 19.65284 71.30043 -87.03161 20.0065 70.08764 -87.02859 21.32639 69.76269 -87.02637 22.29263 70.65053 -87.02716 21.93897 71.86332 -87.03018 20.61907 72.18827 -87.03161 40.49927 70.08764 -87.02859 39.17937 69.76269 -87.0324 40.85293 71.30043 -87.03018 39.8867 72.18827 -87.02716 38.5668 71.86332 -87.02636 38.21314 70.65053 98.41168 -37.50154 69.76269 98.41168 -22.96633 69.76269 97.52375 -23.6493 70.65053 97.52375 -36.81857 70.65053 97.84897 -23.39927 71.86332 97.84897 -37.0686 71.86332 99.06042 -22.46637 72.18827 99.06042 -38.0015 72.18827 99.94836 -21.7834 71.30043 99.94836 -38.68447 71.30043 99.62305 -22.03334 70.08764 99.62305 -38.43453 70.08764 88.54882 -19.63389 71.30043 88.54802 -19.98755 70.08764 88.545 -21.30744 69.76269 88.54268 -22.27368 70.65053 88.54348 -21.92002 71.86332 88.5466 -20.60012 72.18827 88.54802 -40.48032 70.08764 88.545 -39.16043 69.76269 88.54882 -40.83399 71.30043 88.54659 -39.86775 72.18827 88.54348 -38.54786 71.86332 88.54268 -38.19419 70.65053 98.41167 37.52052 69.76269 97.52374 36.83755 70.65053 97.52374 23.66829 70.65053 98.41167 22.98532 69.76269 97.84895 37.08758 71.86332 97.84895 23.41826 71.86332 99.06041 38.02048 72.18827 99.06041 22.48536 72.18827 99.94834 38.70345 71.30043 99.94834 21.80239 71.30043 99.62304 38.45351 70.08764 99.62304 22.05233 70.08764 88.54881 19.65287 71.30043 88.548 20.00653 70.08764 88.54489 21.32643 69.76269 88.54266 22.29266 70.65053 88.54346 21.939 71.86332 88.54659 20.6191 72.18827 88.548 40.49931 70.08764 88.54489 39.17941 69.76269 88.54881 40.85297 71.30043 88.54659 39.88673 72.18827 88.54346 38.56684 71.86332 88.54267 38.21318 70.65053 64.02388 33.4075 81.69726 -30.52552 33.40748 81.69725 -30.52552 30.90776 86.18341 64.02388 30.90777 86.18341 63.05496 36.98722 84.16469 -29.5566 36.98722 84.16469 -29.5566 34.88951 87.92932 63.05496 34.88953 87.92932 20.8948 37.36938 80.07583 -25.03359 37.36938 80.07583 -25.03359 36.08553 82.37989 20.8948 36.08553 82.37989 20.72789 38.39764 80.89159 -24.86667 38.39765 80.8916 -24.86667 37.32028 82.82509 20.72789 37.32028 82.82509 -16.8113 38.77973 77.54471 -29.7461 38.77973 77.54471 -29.7461 37.49588 79.84877 -16.8113 37.49588 79.84877 -17.10128 39.808 78.36048 -29.45612 39.80799 78.36047 -29.45612 38.73063 80.29398 -17.10128 38.73063 80.29398 24.36563 37.36938 80.07583 21.06054 37.36938 80.07583 21.06054 36.08553 82.37989 24.36563 36.08553 82.37989 24.19872 38.39764 80.89159 21.22745 38.39764 80.89159 21.22745 37.32027 82.82509 24.19872 37.32027 82.82509 30.25184 37.36938 80.07583 24.50978 37.36938 80.07583 24.50978 36.08553 82.37989 30.25184 36.08553 82.37989 29.96186 38.39764 80.8916 24.79977 38.39764 80.8916 24.79977 37.32027 82.82509 29.96186 37.32027 82.82509 30.25184 38.77974 77.54471 24.50978 38.77975 77.54471 24.50978 37.4959 79.84877 30.25184 37.4959 79.84877 29.96185 39.80801 78.36047 24.79976 39.80801 78.36047 24.79977 38.73064 80.29398 29.96186 38.73064 80.29398 30.25184 40.1901 75.0136 24.50979 40.1901 75.0136 24.50979 38.90625 77.31767 30.25185 38.90625 77.31767 29.96186 41.21836 75.82937 24.79977 41.21836 75.82937 24.79977 40.141 77.76286 29.96186 40.141 77.76286 49.04144 38.08881 73.29597 29.85522 38.0888 73.29597 29.85522 33.79901 80.99466 49.04144 33.79902 80.99466 48.07251 41.52457 76.02174 30.82415 41.52457 76.02174 30.82415 37.92472 82.48224 48.07251 37.92473 82.48224 70.35192 37.68907 72.95726 47.82442 37.68906 72.95726 47.82442 32.65221 81.99667 70.35193 32.65221 81.99667 69.21425 41.72319 76.15773 48.96209 41.72319 76.15773 48.96209 37.49641 83.74332 69.21425 37.49642 83.74332</float_array>
          <technique_common>
            <accessor source="#geom-power_generator_flesher-positions-array" count="866" stride="3">
              <param name="X" type="float"/>
              <param name="Y" type="float"/>
              <param name="Z" type="float"/>
            </accessor>
          </technique_common>
        </source>
        <source id="geom-power_generator_flesher-normals">
          <float_array id="geom-power_generator_flesher-normals-array" count="3897">-3.21277e-7 1 2.59779e-8 -3.53484e-7 1 1.14717e-7 -3.21138e-7 1 2.82515e-8 -3.11864e-7 1 1.84088e-9 -3.12735e-7 1 0 -1.83338e-7 0.9792662 0.2025778 -1.80506e-7 1 2.34199e-7 -3.00992e-7 1 -4.15317e-7 -2.7626e-7 0.970255 0.2420855 -2.48846e-7 0.882789 0.4697697 -2.98153e-7 0.9792662 0.2025777 -1.01804e-7 1 -3.77045e-9 -3.22158e-7 1 -1.5539e-7 -1.01291e-7 1 2.8533e-10 -3.05687e-7 1 3.84364e-8 0.8694113 0.390076 -0.3032569 0.8694109 0.390076 -0.3032578 0.9284764 0.3713915 0 0.9284764 0.3713915 0 0.7270524 0.3713938 -0.5774611 0.7270523 0.3713941 -0.5774611 -0.9276977 0.3732547 0.007613999 -0.9277056 0.373235 0.007613095 -0.9274968 0.3737532 0.007636761 -0.9274918 0.3737656 0.007637332 -1.16043e-7 0.3713915 0.9284764 -1.16147e-7 0.3713915 0.9284764 -1.12928e-7 0.3713915 0.9284763 -1.12862e-7 0.3713915 0.9284763 -1.31104e-7 0.3713902 -0.9284769 -1.3128e-7 0.3713902 -0.9284769 -1.27473e-7 0.3713901 -0.9284769 -1.27351e-7 0.3713901 -0.9284769 0.3711268 0.92856 -0.006408465 0.3711283 0.9285595 -0.006408534 0.3711283 0.9285595 -0.006408531 0.3711268 0.9285601 -0.006408464 0.3710966 -0.9285721 -0.006410097 0.3711268 -0.9285601 -0.006408538 0.3711257 -0.9285606 -0.006408598 0.3710959 -0.9285724 -0.006410135 0 0 1 0 0 1 0 0 1 0 0 1 0.9702548 7.53793e-7 0.242086 0.9792661 1.13475e-6 0.2025779 0.8827889 5.58414e-7 0.46977 0.9792663 1.21827e-6 0.2025776 1 9.44496e-7 -1.37746e-9 1 8.91087e-7 -6.73912e-9 1 9.44564e-7 1.42233e-9 1 1.32028e-6 9.5896e-10 1 8.91149e-7 6.68416e-9 0.9702548 7.55497e-7 0.2420857 1 1.32028e-6 -9.5896e-10 1 9.61528e-7 -5.7181e-9 1 9.61595e-7 5.6742e-9 0 0 -1 0 0 -1 0 0 -1 0 0 -1 0.882789 7.52097e-7 0.4697697 1 2.18472e-7 2.79099e-10 1 2.19806e-7 -1.51701e-9 1 2.1889e-7 -2.83786e-10 1 2.17564e-7 1.50154e-9 0.3713902 7.96469e-8 -0.9284769 0.3713901 8.16339e-8 -0.9284769 0.3713901 8.15774e-8 -0.9284769 0.3713902 7.96111e-8 -0.9284769 0.3713915 8.07456e-8 0.9284763 0.3713915 7.87922e-8 0.9284763 0.3713915 7.88273e-8 0.9284764 0.3713915 8.08014e-8 0.9284763 0 0 -1 0 0 -1 0 0 -1 0 0 -1 0.2422021 5.65726e-8 0.9702258 0.242202 5.45986e-8 0.9702259 0.242202 5.46221e-8 0.9702258 0.2422021 5.6627e-8 0.9702258 0.7648287 2.25608e-7 -0.6442337 0.7648286 2.30455e-7 -0.6442338 0.7648286 2.30346e-7 -0.6442338 0.7648287 2.25542e-7 -0.6442337 0 -1 0 0 -1 0 0 -1 0 0 -1 0 0 1 0 0 1 0 -1.17877e-7 1 -1.37653e-8 1 1.32058e-6 0 1 1.32058e-6 0 1 1.32058e-6 0 1 1.32058e-6 0 1 1.32058e-6 0 1 1.32058e-6 0 0 1 0 0 0 -1 0 0 -1 0 0 -1 0 0 -1 0 1 0 -3.23044e-7 1 -2.37246e-7 0 0 -1 0 0 -1 0 0 -1 0 0 -1 0.8827891 4.08661e-7 0.4697695 0.8827891 4.66854e-7 0.4697695 0.5837499 -0.8097191 -0.05992387 0.5837235 -0.8097363 -0.05994912 0.583726 -0.8097347 -0.05994677 0.583751 -0.8097185 -0.05992285 0.5837238 0.8097365 -0.05994564 0.5837528 0.8097171 -0.05992501 0.5837511 0.8097181 -0.05992611 0.5837228 0.809737 -0.05994629 0.8827897 2.50797e-7 0.4697683 0.8827897 2.65999e-7 0.4697684 0.8827897 2.15626e-7 0.4697683 0.8827899 2.06397e-7 0.4697682 0.8827891 -5.75396e-9 0.4697694 0.8827891 -1.63707e-7 0.4697694 0 0 -1 0 0 -1 -2.67132e-7 0.882789 0.4697697 3.21595e-7 -1 -2.76956e-8 3.53484e-7 -1 -1.14717e-7 3.19977e-7 -1 -2.51501e-8 3.11536e-7 -1 -1.14533e-9 3.12735e-7 -1 -2.56638e-9 1.56627e-7 -0.9792662 0.2025777 3.47832e-7 -0.9702547 0.2420862 3.53434e-7 -1 3.53689e-7 1.80506e-7 -1 -2.34199e-7 5.56131e-7 -0.8827888 0.46977 5.31612e-7 -0.8827888 0.46977 2.00132e-7 -0.8827886 0.4697704 1.74806e-7 -0.9702545 0.2420876 1.01804e-7 -1 3.77045e-9 1.01291e-7 -1 -2.8533e-10 3.22158e-7 -1 1.55391e-7 -7.00032e-7 0.4697461 0.8828015 -7.00032e-7 0.4697461 0.8828015 -7.00032e-7 0.4697461 0.8828015 -7.00032e-7 0.4697461 0.8828015 0 -0.4697504 -0.8827992 0 -0.4697504 -0.8827992 0 -0.4697505 -0.8827992 2.03215e-7 -0.9792662 0.2025778 3.1209e-7 -1 -5.52756e-8 0.8694115 -0.3900753 -0.303257 0.9284766 -0.3713908 0 0.9284766 -0.3713908 0 0.8694112 -0.3900754 -0.3032579 0.7270526 -0.3713938 -0.5774611 0.7270524 -0.3713941 -0.5774611 -0.9276977 -0.3732547 0.007613999 -0.9274918 -0.3737656 0.007637332 -0.9274968 -0.3737532 0.007636761 -0.9277056 -0.373235 0.007613095 1.16043e-7 -0.3713915 0.9284764 1.12861e-7 -0.3713914 0.9284763 1.12927e-7 -0.3713915 0.9284764 1.16147e-7 -0.3713915 0.9284763 1.31104e-7 -0.3713901 -0.9284769 1.27351e-7 -0.3713901 -0.9284769 1.27473e-7 -0.3713901 -0.9284769 1.3128e-7 -0.3713901 -0.9284769 0 0 -1 0 0 -1 0 0 -1 0 0 -1 0 1 0 0 1 0 0 1 0 0 1 0 0 -1 0 1.17877e-7 -1 1.37653e-8 0 -1 0 1 1.32058e-6 0 1 1.32058e-6 0 1 1.32058e-6 0 1 1.32058e-6 0 0 -1 0 0 -1 0 3.23044e-7 -1 2.37245e-7 1.16211e-6 -0.8827888 0.4697701 1.31556e-6 -0.8827888 0.4697701 1.53458e-7 -0.8827887 0.4697703 0 -0.8827887 0.4697703 -1 -1.10762e-6 3.18262e-7 -1 -1.27783e-6 3.67168e-7 -1 -1.70204e-7 4.8906e-8 -1 0 0 1 2.65372e-7 1.29935e-7 1 1.29722e-7 2.43788e-7 1 1.01245e-6 -4.97103e-7 1 1.1481e-6 -6.10955e-7 9.84872e-8 -0.8827887 0.4697704 2.17218e-7 -0.882789 0.4697699 2.64243e-7 -0.882789 0.4697697 0 -0.4697504 -0.8827992 5.6989e-7 -0.8827898 0.4697681 -2.96155e-7 -0.8827885 0.4697707 8.40061e-7 -0.8827907 0.4697664 6.56279e-7 -0.8827876 0.4697723 5.61706e-8 -0.8827876 0.4697723 3.75762e-7 -0.8827889 0.4697701 -7.92262e-7 -0.8828015 0.4697461 6.7561e-7 -0.8827893 0.4697692 -0.9999999 -2.37794e-4 -2.80546e-4 -0.9999999 -2.37794e-4 -2.80546e-4 -0.9999999 -2.37794e-4 -2.80546e-4 -1 -2.37436e-4 -2.80627e-4 -0.9999999 -2.37436e-4 -2.80627e-4 -0.9999999 -2.37436e-4 -2.80627e-4 -0.9999999 -2.37771e-4 -2.80505e-4 -0.9999999 -2.37771e-4 -2.80505e-4 -0.9999999 -2.37771e-4 -2.80505e-4 -7.97209e-4 0.6459317 0.7633948 -7.97209e-4 0.6459316 0.7633948 -7.97209e-4 0.6459316 0.7633948 -7.97386e-4 0.6459301 0.7633962 -7.97386e-4 0.6459301 0.7633961 -7.97386e-4 0.6459301 0.7633961 0.999991 -0.002739877 -0.003239149 0.9999911 -0.002739877 -0.003239149 0.999991 -0.002739877 -0.003239149 0.999991 -0.00273949 -0.003239541 0.999991 -0.00273949 -0.003239541 0.999991 -0.00273949 -0.003239541 0.999991 -0.00274045 -0.003238828 0.9999911 -0.00274045 -0.003238828 0.9999911 -0.00274045 -0.003238827 0.005665395 -0.6459187 -0.7633852 0.005665395 -0.6459187 -0.7633852 0.005665395 -0.6459187 -0.7633852 0.005663616 -0.6459032 -0.7633983 0.005663616 -0.6459032 -0.7633983 0.005663615 -0.6459032 -0.7633983 1.31959e-6 -0.882791 0.4697659 1.31959e-6 -0.882791 0.469766 1.31959e-6 -0.882791 0.4697659 -6.14214e-8 -0.8827888 0.46977 -6.14214e-8 -0.8827889 0.46977 -6.14214e-8 -0.8827888 0.46977 -4.75457e-8 -0.8827909 0.4697663 -4.75457e-8 -0.8827909 0.4697663 -4.75457e-8 -0.8827908 0.4697663 -1.04539e-7 -0.8827909 0.4697661 -1.04539e-7 -0.8827909 0.4697661 -1.04539e-7 -0.8827909 0.469766 0 0.4697461 0.8828015 0 0.4697461 0.8828015 0 0.4697461 0.8828015 0 0.4697461 0.8828015 3.49294e-7 -0.4697504 -0.8827992 3.49688e-7 -0.4697505 -0.8827993 3.49625e-7 -0.4697505 -0.8827993 7.67288e-8 -0.8827887 0.4697702 0 -0.8827887 0.4697702 5.81052e-7 -0.8827888 0.4697701 6.57781e-7 -0.8827888 0.4697701 -1 -6.48615e-8 -1.21894e-7 -1 -6.48615e-8 -1.21894e-7 -1 -6.4861e-8 -1.21894e-7 -1 -6.48609e-8 -1.21894e-7 1 6.4861e-8 1.21894e-7 1 6.48609e-8 1.21894e-7 1 6.48614e-8 1.21894e-7 1 6.48615e-8 1.21894e-7 3.50019e-7 -0.4697504 -0.8827992 -0.3711136 0.9285653 -0.006408502 -0.3711136 0.9285654 -0.006408501 -0.3711151 0.9285647 -0.006408568 -0.3711151 0.9285647 -0.00640857 -0.3710834 -0.9285774 -0.006410133 -0.3710827 -0.9285777 -0.006410171 -0.3711125 -0.9285659 -0.006408635 -0.3711136 -0.9285654 -0.006408575 -0.9702527 -7.55368e-7 0.2420942 -0.882786 -6.86916e-6 0.4697752 -0.9792658 -4.26457e-6 0.2025793 -0.9792658 1.91528e-6 0.2025797 -1 -8.91087e-7 6.73912e-9 -1 -9.44496e-7 1.37746e-9 -1 -9.44564e-7 -1.42233e-9 -1 -8.91149e-7 -6.68416e-9 -1 -1.32028e-6 -9.5896e-10 -0.9702527 -7.57072e-7 0.2420945 -1 -1.32028e-6 9.5896e-10 -1 -9.61528e-7 5.7181e-9 -1 -9.61595e-7 -5.6742e-9 -0.8827859 5.56748e-6 0.4697755 -1 -2.18472e-7 -2.79099e-10 -1 -2.17564e-7 -1.50154e-9 -1 -2.1889e-7 2.83786e-10 -1 -2.19806e-7 1.51701e-9 -0.3713769 -7.96441e-8 -0.9284822 -0.3713769 -7.96083e-8 -0.9284822 -0.371377 -8.15745e-8 -0.9284822 -0.371377 -8.1631e-8 -0.9284822 -0.3713782 -8.07428e-8 0.9284817 -0.3713783 -8.07985e-8 0.9284816 -0.3713783 -7.88245e-8 0.9284816 -0.3713783 -7.87894e-8 0.9284816 -0.242201 -5.65723e-8 0.9702261 -0.2422009 -5.66267e-8 0.9702261 -0.242201 -5.46219e-8 0.970226 -0.242201 -5.45984e-8 0.970226 -0.7648259 -2.25607e-7 -0.644237 -0.7648259 -2.25541e-7 -0.644237 -0.7648259 -2.30345e-7 -0.644237 -0.764826 -2.30455e-7 -0.644237 -1 -1.32058e-6 0 -1 -1.32058e-6 0 -0.8827949 7.9632e-6 0.4697588 -0.8827949 8.77633e-6 0.4697587 -0.5837477 -0.8097206 -0.05992552 -0.5837488 -0.8097199 -0.0599245 -0.5837239 -0.8097362 -0.05994834 -0.5837215 -0.8097377 -0.05995068 -0.5837216 0.8097379 -0.05994761 -0.5837207 0.8097385 -0.05994826 -0.5837492 0.8097194 -0.05992801 -0.5837507 0.8097184 -0.05992689 -0.8827897 -2.50798e-7 0.4697683 -0.8827897 -2.06397e-7 0.4697684 -0.8827897 -2.15626e-7 0.4697683 -0.8827899 -2.65999e-7 0.4697682 -0.8827949 -8.4218e-6 0.4697588 -0.8827948 -9.02128e-6 0.4697589 0 0 -1 0 0 -1 0 0 -1 0 0 -1 0 -1 0 0 -1 0 0 -1 0 0 -1 0 -1 -1.32058e-6 0 -1 -1.32058e-6 0 -1 -1.32058e-6 0 -1 -1.32058e-6 0 0 0 -1 0 0 -1 0 0 -1 0 0 -1 0 1 0 0 1 0 0 1 0 0 1 0 -1 -1.32058e-6 0 -1 -1.32058e-6 0 -1 -1.32058e-6 0 -1 -1.32058e-6 0 -0.6700349 -0.7413238 0.03862848 0.6700352 -0.7413236 0.03862847 0.6747668 -0.6860487 0.2720788 -0.6747665 -0.686049 0.2720789 0.66913 -0.5647277 0.4830606 -0.6691294 -0.5647286 0.4830605 0.6694028 -0.3603521 0.6496509 -0.6694028 -0.3603523 0.6496508 0.6967394 -0.1996166 0.6889902 -0.6967394 -0.1996166 0.6889902 0.5476523 -0.1950318 0.8136582 -0.547652 -0.1950319 0.8136584 -0.6791673 -0.6684808 -0.3030924 0.6791676 -0.6684806 -0.3030923 0.5834512 -0.7754084 0.241509 -0.5834509 -0.7754086 0.2415088 0.2018494 -0.7048134 0.6800697 -0.201849 -0.7048135 0.6800697 -0.7401353 0.2704946 -0.6156561 -0.7519804 0.4464596 -0.4849736 -0.5888883 0.3580982 0.7245525 -0.6586548 0.6852952 0.3107159 -1 0 0 -0.6696382 -0.2799024 0.687924 -0.3438997 0.09998584 0.9336679 -0.7389076 -0.2563332 0.6231444 -0.7397358 0.5910818 -0.3215792 -0.8076147 0.1590141 -0.5678672 -0.759251 0.6443682 -0.09125515 1 0 0 0.6690629 -0.278523 0.6890426 0.7395307 -0.2546301 0.6231034 0.7519798 0.4464607 -0.4849734 0.7401351 0.2704947 -0.6156564 0.7592506 0.6443686 -0.0912552 0.7397356 0.5910822 -0.3215789 0.8076148 0.159014 -0.567867 0.6586545 0.6852954 0.310716 0.5889626 0.3573093 0.7248815 0.3470966 0.09780053 0.932716 -0.01801748 0.9975067 0.06823203 -0.01009711 0.9991889 0.03898292 -0.2426199 -7.34519e-5 0.9701214 -0.1646746 2.63696e-5 0.986348 -0.04304359 0.9964993 0.07166892 -0.4873423 -0.001596057 0.8732097 -0.0146871 -0.9973735 0.07092597 -0.01181664 -0.9991164 0.04033402 -0.04429974 -0.996181 0.07524002 0.1397337 0.003373035 -0.9901834 0.2324297 0.002003217 -0.9726111 0.5085925 0.003560243 -0.8609999 -0.03252878 0.9982978 0.04840969 -0.727935 -0.007187892 0.6856086 0.1321249 0.9843646 0.1164884 -0.7683586 -0.08042917 0.6349459 -0.05682042 -0.9981253 0.02274607 -0.07212331 -0.9820836 -0.1740985 0.7528245 -0.01156212 -0.6581198 0.7493761 -0.0421262 -0.6608032 0.3427137 0.889257 0.3029346 -0.6578732 -0.1530284 0.737418 -0.2892896 -0.8787118 -0.3797067 0.5941299 0.02677203 -0.8039235 0.5998961 0.641753 0.4777842 -0.5953106 -0.2130651 0.7747313 -0.5884709 -0.6343384 -0.5013151 0.4520091 0.09270575 -0.8871828 0.8029347 0.2430347 0.5442702 -0.5837337 -0.1868456 0.7901542 -0.8109393 -0.2474946 -0.530211 0.4242555 0.1273413 -0.8965441 0.8426588 -0.2069267 0.497099 -0.6001207 -0.107067 0.7927117 0.7381238 -0.5530548 0.3863983 -0.5477487 -0.0334179 0.8359752 -0.8571009 0.1814965 -0.4821173 -0.7530733 0.5411733 -0.3741818 0.418788 0.1247924 -0.8994684 0.4402093 0.1096898 -0.89117 0.5366751 -0.7913221 0.2928978 -0.4785873 0.05081124 0.8765685 -0.567217 0.7891081 -0.2357401 0.3849841 0.0761891 -0.919773 0.3440413 -0.910082 0.2310551 -0.2893409 0.0947899 0.9525213 -0.3794654 0.9170485 -0.1225896 0.2345326 -0.05083365 -0.9707782 0.2918209 -0.9364601 0.1946354 -0.007244603 0.1392488 0.9902309 0.2659416 -0.9545268 0.1347355 0.1427038 0.1508731 0.9781988 -0.2875574 0.9559516 -0.05888265 -0.2817483 0.952031 -0.1193938 -0.02340004 -0.1301633 -0.9912164 -0.1682911 -0.171568 -0.9706918 -0.01801774 0.9975068 0.06823101 -0.01009668 0.9991889 0.03898202 -0.2426319 -7.63474e-5 0.9701185 -0.1646746 2.63697e-5 0.9863479 -0.04304691 0.9964988 0.07167533 -0.4873465 -0.001595232 0.8732073 -0.01468699 -0.9973736 0.07092533 -0.01182539 -0.9991165 0.04032893 -0.04432071 -0.9961769 0.07528154 0.1397322 0.003373489 -0.9901836 0.2324249 0.001999553 -0.9726123 0.5085944 0.00354689 -0.8609989 -0.03252878 0.9982978 0.04840969 -0.7279278 -0.007190491 0.685616 0.09179974 0.9911243 0.09615306 -0.7868145 -0.0567587 0.6145741 -0.05681347 -0.9981256 0.02275007 -0.05651966 -0.9890589 -0.1362644 0.7528269 -0.01156465 -0.6581169 0.7749457 -0.03129353 -0.6312526 0.2900008 0.9244958 0.2474009 -0.6929492 -0.1311922 0.7089499 -0.2263284 -0.9143497 -0.3357681 0.6316888 0.004260176 -0.7752104 0.5529746 0.7018311 0.449057 -0.6081412 -0.2090567 0.7658064 -0.5215458 -0.704631 -0.481129 0.4784313 0.07887902 -0.8745751 0.7834179 0.2983887 0.5451793 -0.5987378 -0.1998256 0.7756178 -0.7961801 -0.287014 -0.5326539 0.4102661 0.1093689 -0.905384 0.842658 -0.2069286 0.4970996 -0.6001207 -0.107067 0.7927117 0.7381217 -0.5530539 0.3864034 -0.5477515 -0.03341252 0.8359736 -0.8571025 0.1814914 -0.4821164 -0.7530676 0.5411728 -0.3741943 0.4187885 0.1247803 -0.8994699 0.4402119 0.1096905 -0.8911687 0.5366751 -0.7913221 0.2928978 -0.4785896 0.05081075 0.8765672 -0.5672161 0.7891104 -0.2357343 0.384993 0.07619366 -0.9197689 0.3440413 -0.910082 0.2310551 -0.2893432 0.09478714 0.9525208 -0.3794677 0.917047 -0.1225936 0.2345326 -0.05083365 -0.9707782 0.2918209 -0.9364601 0.1946354 -0.00724125 0.1392372 0.9902325 0.2659416 -0.9545268 0.1347355 0.1427106 0.1508712 0.9781982 -0.2875558 0.9559543 -0.05884818 -0.2817439 0.9520316 -0.1193991 -0.02340305 -0.1301521 -0.9912179 -0.1682911 -0.171568 -0.9706918 -0.6460546 0.3372988 0.6847212 -0.6424873 0.3247819 -0.6940655 -0.6793554 0.08534288 -0.7288298 -0.9048343 0.311658 -0.2900761 -0.2432115 0.9247581 0.2926954 0.6793554 0.08534309 -0.7288298 0.642487 0.3247821 -0.6940655 0.6458157 0.6664767 -0.3724661 0.6458157 0.6664766 0.3724661 0.6460543 0.337299 0.6847214 -0.6458161 0.6664763 -0.372466 0.6635972 0.7480901 3.6259e-8 -0.6635974 0.7480899 -3.6259e-8 -0.6458159 0.6664764 0.3724661 0.8878964 0.3524545 0.2956614 -0.5785434 -0.5693404 -0.584071 -0.5698336 -0.5664243 0.5953597 -0.5781128 0.5877388 0.5659936 -0.5794961 0.5967438 -0.5550504 0.8933796 -0.4492274 0.008208816 0.5764871 -0.5635288 0.5916907 0.5776896 0.5907197 0.563316 -0.5994708 -0.5553494 -0.5763868 -0.01095771 -0.9999201 0.006292664 -0.6700351 0.7413238 0.03862823 -0.6747668 0.6860487 0.2720788 0.6747665 0.686049 0.2720789 0.6700348 0.7413239 0.03862824 -0.66913 0.5647278 0.4830606 0.6691294 0.5647286 0.4830605 -0.6694028 0.360352 0.6496509 0.6694028 0.3603523 0.6496508 -0.6967394 0.1996167 0.6889901 0.6967394 0.1996167 0.6889901 -0.5476525 0.195032 0.8136579 0.5476522 0.195032 0.8136581 -0.6791683 0.6684792 -0.3030939 -0.5834506 0.7754088 0.2415092 0.5834503 0.775409 0.2415092 0.679168 0.6684795 -0.303094 -0.2018479 0.7048119 0.6800718 0.2018476 0.704812 0.6800717 -0.7519796 -0.4464607 -0.4849737 -0.7401353 -0.2704948 -0.6156561 -0.5888885 -0.358096 0.7245535 -0.6696396 0.2799014 0.687923 -1 0 0 -0.6586531 -0.6852949 0.3107203 -0.3438997 -0.09998508 0.9336681 -0.7389092 0.2563334 0.6231424 -0.7397358 -0.591082 -0.3215787 -0.8076146 -0.1590141 -0.5678672 -0.7592505 -0.6443688 -0.09125523 0.6690644 0.2785223 0.6890415 1 0 0 -0.6784114 0.2779182 0.6800879 0.7401353 -0.2704947 -0.615656 0.7519802 -0.4464597 -0.4849738 0.7397361 -0.5910817 -0.321579 0.7592508 -0.6443685 -0.09125518 0.8076145 -0.1590141 -0.5678673 0.5889629 -0.357307 0.7248822 0.6586531 -0.6852947 0.3107202 0.3470963 -0.09780028 0.9327161 -0.01801617 -0.9975068 0.0682318 -0.1646746 -2.57939e-5 0.9863479 -0.2426197 7.27626e-5 0.9701215 -0.01009616 -0.9991889 0.03898254 -0.4873422 0.001589632 0.8732097 -0.04304286 -0.9964993 0.07166877 -0.01468754 0.9973733 0.0709261 -0.01181972 0.9991166 0.04032855 -0.04431529 0.9961779 0.07527053 0.1397337 -0.003372888 -0.9901834 0.2324251 -0.0019991 -0.9726123 0.5085939 -0.003546202 -0.8609992 -0.7279348 0.007187128 0.6856087 -0.0325278 -0.9982978 0.0484101 -0.7683588 0.08042919 0.6349456 0.132125 -0.9843644 0.1164885 -0.05681461 0.9981255 0.02274618 -0.07212377 0.9820834 -0.1740988 0.7528271 0.01156568 -0.6581168 0.7493761 0.04212603 -0.6608033 -0.6578726 0.1530275 0.7374187 0.3427144 -0.8892567 0.3029344 -0.28929 0.8787118 -0.3797063 0.5941299 -0.02677203 -0.8039235 -0.5953102 0.2130647 0.7747316 0.5998966 -0.6417533 0.4777834 -0.5884711 0.6343385 -0.5013147 0.452009 -0.09270578 -0.887183 -0.5837337 0.1868458 0.7901541 0.8029344 -0.2430353 0.5442703 -0.8109394 0.2474948 -0.530211 0.4242557 -0.1273413 -0.8965441 -0.6001211 0.1070654 0.7927116 0.8426583 0.2069288 0.4970991 -0.5477479 0.03341683 0.8359758 0.7381231 0.5530563 0.3863976 -0.8571011 -0.1814975 -0.4821166 -0.7530721 -0.5411749 -0.3741819 0.4187869 -0.1247918 -0.8994691 0.4402097 -0.1096885 -0.89117 -0.4785871 -0.05081127 0.8765687 0.5366738 0.7913229 0.2928984 -0.5672162 -0.7891085 -0.2357406 0.384985 -0.07618857 -0.9197727 -0.2893414 -0.09479044 0.9525211 0.3440396 0.9100824 0.2310557 -0.3794649 -0.9170485 -0.1225903 0.234533 0.05083537 -0.970778 -0.007244244 -0.1392487 0.9902309 0.2918206 0.9364602 0.1946354 0.142704 -0.1508723 0.9781988 0.2659408 0.9545271 0.1347357 -0.2875565 -0.9559519 -0.05888243 -0.2817476 -0.9520312 -0.1193938 -0.02340011 0.1301627 -0.9912164 -0.1682909 0.1715689 -0.9706917 -0.01801645 -0.9975069 0.0682309 -0.1646746 -2.5794e-5 0.986348 -0.2426317 7.55203e-5 0.9701185 -0.01009571 -0.999189 0.03898154 -0.4873463 0.001600364 0.8732073 -0.04304618 -0.9964988 0.07167521 -0.01468744 0.9973735 0.07092552 -0.01182257 0.9991162 0.04033533 -0.04430437 0.9961798 0.07525259 0.1397322 -0.003373342 -0.9901836 0.23243 -0.002002655 -0.9726111 0.5085934 -0.003559211 -0.8609995 -0.7279277 0.007189755 0.6856161 -0.03252773 -0.9982978 0.04841011 -0.7868145 0.05675849 0.6145743 0.09179995 -0.9911242 0.09615347 -0.05681935 0.9981252 0.02275088 -0.05651966 0.9890589 -0.1362646 0.7528245 0.01156317 -0.6581196 0.7749457 0.03129367 -0.6312526 -0.6929495 0.1311938 0.7089493 0.2900003 -0.9244957 0.2474016 -0.2263279 0.9143496 -0.3357686 0.6316891 -0.00426149 -0.77521 -0.6081411 0.2090554 0.7658069 0.5529743 -0.7018316 0.4490565 -0.5215461 0.7046309 -0.4811288 0.4784311 -0.07887921 -0.8745753 -0.5987378 0.1998259 0.7756177 0.7834176 -0.2983891 0.5451794 -0.79618 0.2870141 -0.5326539 0.4102663 -0.1093688 -0.9053839 -0.6001211 0.1070654 0.7927116 0.8426576 0.2069307 0.4970995 -0.5477508 0.03341145 0.8359742 0.738121 0.5530555 0.3864027 -0.8571027 -0.1814924 -0.4821156 -0.7530663 -0.5411744 -0.3741942 0.4187874 -0.1247796 -0.8994705 0.4402123 -0.1096891 -0.8911686 -0.4785894 -0.05081077 0.8765674 0.5366738 0.7913229 0.2928984 -0.5672153 -0.7891109 -0.2357347 0.3849937 -0.07619314 -0.9197687 -0.2893436 -0.0947876 0.9525206 0.3440396 0.9100824 0.2310557 -0.3794671 -0.9170471 -0.1225944 0.234533 0.05083537 -0.970778 -0.007240901 -0.139237 0.9902326 0.2918206 0.9364602 0.1946354 0.1427107 -0.1508704 0.9781983 0.2659408 0.9545271 0.1347357 -0.2875549 -0.9559546 -0.05884794 -0.2817433 -0.9520318 -0.119399 -0.02340316 0.1301515 -0.991218 -0.1682909 0.1715689 -0.9706917 -0.6460542 -0.3372975 0.6847221 -0.2432142 -0.9247566 0.292698 -0.9048339 -0.3116587 -0.2900769 -0.6793554 -0.08534286 -0.7288297 -0.6424872 -0.3247817 -0.6940656 0.6793555 -0.08534262 -0.7288296 0.6424873 -0.3247815 -0.6940656 0.6460543 -0.3372973 0.6847222 0.6458162 -0.6664762 0.372466 0.6458161 -0.6664763 -0.3724661 -0.6458155 -0.6664768 -0.3724661 0.6635976 -0.7480897 4.35108e-8 -0.6635974 -0.7480898 -2.76475e-8 -0.6458154 -0.666477 0.372466 0.8879048 -0.3524505 0.2956411 -0.578544 0.5693397 -0.5840712 -0.5794974 -0.5967436 -0.5550494 -0.5781131 -0.5877377 0.5659944 -0.5698349 0.5664225 0.5953601 0.8933831 0.4492213 0.008179245 0.5776865 -0.5907385 0.5632995 0.576484 0.5635501 0.5916735 -0.5994716 0.5553485 -0.5763869 -0.01095854 0.9999201 0.006291867 -0.03677391 0.7025595 -0.7106743 -0.5909318 0.5738655 -0.5669903 -0.5909289 0.5738649 0.5669938 -0.03676575 0.7025622 0.710672 -0.5909277 -0.5738659 0.566994 -0.5909307 -0.5738665 -0.5669904 -0.03677356 -0.7025602 -0.7106736 -0.0367654 -0.7025628 0.7106713 -0.03677392 0.7025595 -0.7106742 -0.5909314 0.5738659 -0.5669903 -0.5909284 0.5738654 0.566994 -0.03676578 0.7025622 0.710672 -0.5909282 -0.5738656 0.566994 -0.5909312 -0.5738661 -0.5669903 -0.0367734 -0.7025602 -0.7106736 -0.03676526 -0.7025628 0.7106715 -0.794529 0.6058972 -0.04015217 -0.8789767 0.4630564 0.1139245 -0.4745146 0.3344819 0.8142222 -0.1409665 0.4731564 0.8696272 -0.8789753 -0.4630586 0.1139264 -0.7945298 -0.6058964 -0.04014867 -0.1409692 -0.4731573 0.8696262 -0.4745145 -0.3344844 0.8142212 -0.5970958 -0.5970958 0.53568 0.5970959 -0.5970957 0.5356801 0.4405 -0.4404997 0.782253 0.4404998 0.4405 0.782253 0.5970957 0.597096 0.5356799 -0.4405001 0.4404998 0.7822529 -0.5970961 0.5970957 0.5356799 -0.4404996 -0.4405 0.782253 -0.3595003 -0.3595002 0.8611151 0.3595005 -0.3595001 0.861115 0.3595001 0.3595002 0.8611152 -0.3595 0.3595 0.8611152 0.1378921 -0.137892 0.9808015 -0.1378919 -0.1378921 0.9808015 -0.1378919 0.1378919 0.9808015 0.1378919 0.1378921 0.9808015 0.904534 0.3015113 -0.3015114 0.5773501 0.5773503 -0.5773504 -0.5773503 0.5773502 -0.5773503 -0.904534 0.3015113 -0.3015113 0.5773503 -0.5773503 -0.5773503 0.5773503 -0.5773502 0.5773503 -0.5773496 -0.5773507 0.5773506 -0.5773501 -0.5773503 -0.5773504 0.7071069 0 -0.7071067 -0.7071067 0 -0.7071068 0.7071068 0 0.7071067 -0.7071067 0 0.7071068 -1 0 0 0.6965194 -0.7175373 9.33251e-4 9.33616e-4 -0.7175378 0.696519 -0.6965185 -0.7175382 -9.33881e-4 -9.32919e-4 -0.7175376 -0.6965191 0.9278957 -0.372839 -7.50772e-4 -7.50133e-4 -0.3728396 0.9278954 -0.9278951 -0.3728406 7.50757e-4 7.50414e-4 -0.3728396 -0.9278955 -0.6965187 -0.717538 -9.3335e-4 -9.33582e-4 -0.7175378 -0.6965188 0.6965189 -0.7175378 9.32885e-4 9.33483e-4 -0.7175378 0.696519 -0.9278952 -0.3728401 7.50445e-4 7.51069e-4 -0.3728403 -0.9278952 0.9278951 -0.3728404 -7.50882e-4 -7.50351e-4 -0.3728396 0.9278955 0.1722055 -0.1284013 -0.9766567 0.12649 -0.6851378 -0.7173467 -0.3642147 -0.6851319 -0.6308265 -0.495863 -0.1283888 -0.8588575 -0.6844852 -0.6851363 -0.2491349 -0.9319133 -0.1284019 -0.3391912 -0.6844853 -0.6851373 0.2491319 -0.9319146 -0.128399 0.3391884 -0.3642101 -0.6851318 0.6308292 -0.4958573 -0.1283887 0.8588607 0.1264886 -0.6851369 0.717348 0.1722035 -0.1284062 0.9766564 0.5580017 -0.6851359 0.4682125 0.7597028 -0.1284026 0.6374671 0.7284129 -0.6851384 1.09533e-6 0.9917221 -0.1284025 1.30733e-6 0.558001 -0.6851366 -0.4682122 0.7597029 -0.1284001 -0.6374676 -0.3391935 -0.1284059 -0.9319119 -0.2491284 -0.6851397 -0.6844843 -0.6308287 -0.6851356 -0.3642036 -0.8588595 -0.1283991 -0.4958569 -0.7173455 -0.6851403 0.1264844 -0.9766548 -0.1284091 0.1722104 -0.4682121 -0.685136 0.5580021 -0.6374673 -0.128407 0.759702 -3.59766e-6 -0.6851463 0.7284056 -4.71056e-6 -0.1284206 0.9917198 0.4682213 -0.6851322 0.5579989 0.6374708 -0.1283918 0.7597016 0.3391961 -0.1284079 -0.9319106 0.2491317 -0.685138 -0.6844846 0.7173459 -0.6851388 0.1264896 0.9766539 -0.1284064 0.1722182 0.630828 -0.6851344 -0.3642074 0.858857 -0.1283975 -0.4958615 -0.904534 0.3015113 -0.3015113 0.904534 0.3015113 -0.3015114 0.5773501 0.5773503 -0.5773503 -0.5773504 0.5773503 -0.57735 -0.5773502 -0.5773504 -0.5773503 0.5773504 -0.5773503 -0.57735 0.5773497 -0.5773506 0.5773506 -0.5773501 -0.5773504 0.5773503 -0.7071067 0 -0.7071068 0.7071069 0 -0.7071067 -0.7071067 0 0.7071068 0.7071069 0 0.7071067 1 0 0 0.03367815 0.01955106 -0.9992414 0.0319796 -0.01936197 -0.999301 0.6893113 -0.6170238 -0.3796467 0.6918311 0.6123545 -0.3826116 0.3779968 -0.3320542 0.8642097 0.377997 0.3320546 0.8642095 -0.289711 0.2588025 0.9214602 -0.2897109 -0.258802 0.9214603 -0.7506728 0.617091 0.2359852 -0.7506728 -0.617091 0.2359854 -0.5785493 0.4839785 -0.6565406 -0.5785493 -0.4839783 -0.6565408 -0.1774036 0.9515876 0.2510158 -0.1299793 0.7141489 -0.6878204 0.03373467 -0.2006454 -0.9790829 0.1537101 -0.9482518 -0.2778341 0.107693 -0.6615397 0.7421371 -0.05711733 0.2973438 0.9530606 -0.1299792 -0.7141487 -0.6878205 0.02951039 0.2038114 -0.9785653 -0.1774034 -0.9515877 0.2510155 -0.05711735 -0.2973443 0.9530603 0.1076929 0.6615395 0.7421373 0.1481233 0.9481201 -0.2812966 0.03677353 0.7025601 -0.7106736 0.03676537 0.7025629 0.7106712 0.5909277 0.5738659 0.5669941 0.5909307 0.5738665 -0.5669904 0.5909289 -0.5738649 0.566994 0.03676572 -0.7025622 0.710672 0.03677388 -0.7025595 -0.7106742 0.5909318 -0.5738654 -0.5669903 0.03677351 0.7025601 -0.7106736 0.03676533 0.7025629 0.7106712 0.5909283 0.5738654 0.566994 0.5909312 0.5738661 -0.5669903 0.5909283 -0.5738654 0.566994 0.03676553 -0.7025622 0.710672 0.03677372 -0.7025595 -0.7106743 0.5909312 -0.573866 -0.5669904 0.7945274 0.6058993 -0.04015396 0.1409665 0.4731567 0.8696271 0.4745149 0.3344824 0.8142218 0.8789762 0.4630578 0.1139228 0.878975 -0.4630595 0.1139245 0.4745148 -0.3344845 0.814221 0.1409688 -0.473158 0.8696259 0.7945285 -0.605898 -0.04015127 0.904534 -0.3015113 -0.3015113 -0.904534 -0.3015114 -0.3015114 -0.5773501 -0.5773503 -0.5773503 0.5773504 -0.5773503 -0.57735 0.5773501 0.5773504 -0.5773503 -0.5773504 0.5773503 -0.57735 -0.5773497 0.5773506 0.5773506 0.5773503 0.5773504 0.5773503 0.7071067 0 -0.7071068 -0.7071069 0 -0.7071067 0.7071067 0 0.7071068 -0.7071069 0 0.7071067 -1 0 0 0.6965187 0.7175379 9.33317e-4 -9.33733e-4 0.7175378 -0.696519 -0.6965191 0.7175376 -9.33483e-4 9.33109e-4 0.7175376 0.6965191 -7.50133e-4 0.3728396 0.9278955 0.9278952 0.3728403 -7.50523e-4 7.50726e-4 0.3728396 -0.9278955 -0.9278956 0.3728394 7.51147e-4 -0.6965197 0.717537 -9.33351e-4 9.32512e-4 0.7175375 0.6965192 0.6965188 0.7175379 9.33218e-4 -9.33475e-4 0.717538 -0.6965187 7.4979e-4 0.3728403 -0.9278952 -0.9278959 0.3728385 7.50756e-4 -7.50227e-4 0.3728396 0.9278955 0.9278952 0.3728404 -7.50602e-4 0.1722057 0.1284017 -0.9766567 -0.4958629 0.1283881 -0.8588576 -0.3642153 0.6851311 -0.630827 0.1264894 0.6851381 -0.7173466 -0.9319136 0.1283992 -0.3391913 -0.6844864 0.6851351 -0.249135 -0.9319149 0.1283965 0.3391888 -0.6844863 0.6851362 0.2491323 -0.4958577 0.1283882 0.8588607 -0.3642109 0.6851313 0.6308293 0.1722036 0.1284065 0.9766564 0.1264879 0.6851372 0.7173478 0.7597029 0.1284041 0.6374669 0.5580011 0.6851364 0.4682124 0.9917219 0.1284044 1.32808e-6 0.7284122 0.6851391 1.09533e-6 0.7597029 0.1284016 -0.6374673 0.5580005 0.6851372 -0.468212 -0.3391934 0.1284051 -0.9319119 -0.8588594 0.1283979 -0.4958573 -0.6308292 0.685135 -0.364204 -0.2491295 0.6851386 -0.6844848 -0.9766551 0.1284073 0.1722104 -0.7173463 0.6851395 0.1264844 -0.6374671 0.1284058 0.7597023 -0.4682126 0.6851353 0.5580022 -4.45117e-6 0.1284205 0.9917198 -4.2137e-6 0.6851461 0.7284057 0.6374705 0.1283918 0.7597019 0.4682206 0.6851326 0.557999 0.3391956 0.1284079 -0.9319108 0.2491311 0.6851382 -0.6844846 0.9766538 0.1284067 0.1722182 0.7173461 0.6851388 0.1264896 0.858857 0.128399 -0.4958614 0.6308273 0.6851349 -0.3642074 -0.904534 -0.3015113 -0.3015114 -0.5773501 -0.5773503 -0.5773505 0.5773503 -0.5773501 -0.5773504 0.904534 -0.3015113 -0.3015113 -0.5773503 0.5773502 -0.5773503 -0.5773503 0.5773502 0.5773503 0.5773495 0.5773507 0.5773506 0.5773501 0.5773503 -0.5773505 -0.7071069 0 -0.7071067 0.7071067 0 -0.7071068 -0.7071068 0 0.7071067 0.7071067 0 0.7071068 1 0 0 0.03367741 -0.01955033 -0.9992416 0.6918305 -0.6123557 -0.3826109 0.6893103 0.6170251 -0.3796465 0.03197983 0.01936221 -0.999301 0.3779957 -0.3320535 0.8642105 0.3779968 0.3320548 0.8642095 -0.2897108 0.2588031 0.92146 -0.2897108 -0.2588023 0.9214603 -0.7506731 0.6170904 0.2359858 -0.7506725 -0.6170912 0.2359855 -0.5785491 0.4839795 -0.65654 -0.5785491 -0.4839786 -0.6565406 -0.177403 -0.9515878 0.2510155 -0.1299787 -0.7141483 -0.687821 0.03373458 0.2006455 -0.9790829 0.1537093 0.9482517 -0.2778347 0.1076925 0.6615403 0.7421366 -0.0571171 -0.2973433 0.9530606 -0.1299789 0.7141485 -0.6878206 0.02951055 -0.2038121 -0.9785652 -0.1774032 0.9515878 0.2510154 -0.05711739 0.2973444 0.9530603 0.1076927 -0.6615402 0.7421367 0.1481231 -0.9481202 -0.2812965 -0.03367045 0.01955153 -0.9992417 -0.6918304 0.6123388 -0.3826382 -0.6893095 -0.6170095 -0.3796731 -0.03197172 -0.01936253 -0.9993011 -0.378005 0.332069 0.8642004 -0.3780049 -0.3320687 0.8642007 0.2897093 -0.2588016 0.921461 0.2897094 0.2588024 0.9214607 0.7506731 -0.6170902 0.2359865 0.7506732 0.6170903 0.2359861 0.5785506 -0.4839797 -0.6565386 0.5785505 0.4839799 -0.6565385 0.1774044 0.951588 0.251014 0.1299794 0.7141477 -0.6878216 -0.03373622 -0.2006555 -0.9790808 -0.1537097 -0.9482545 -0.2778251 -0.107694 -0.6615475 0.7421299 0.05711538 0.2973319 0.9530643 0.1299795 -0.7141469 -0.6878223 -0.02951116 0.2038206 -0.9785634 0.1774046 -0.9515878 0.2510147 0.05711545 -0.2973315 0.9530645 -0.107694 0.6615473 0.7421302 -0.1481226 0.9481223 -0.2812894 -0.03366993 -0.0195515 -0.9992417 -0.03197189 0.01936276 -0.9993012 -0.6893098 0.6170094 -0.3796726 -0.6918312 -0.6123382 -0.3826376 -0.3780051 0.3320689 0.8642005 -0.3780045 -0.3320688 0.8642007 0.2897094 -0.258801 0.921461 0.2897093 0.2588027 0.9214607 0.750673 -0.6170905 0.2359862 0.7506735 0.6170896 0.2359868 0.5785506 -0.4839792 -0.6565388 0.5785506 0.4839806 -0.6565379 0.177405 -0.9515877 0.2510142 0.129978 -0.7141379 -0.687832 -0.03373656 0.2006583 -0.9790803 -0.1537095 0.9482518 -0.2778344 -0.1076945 0.6615479 0.7421296 0.05711549 -0.2973317 0.9530644 0.1299778 0.7141377 -0.6878322 -0.02951184 -0.2038225 -0.978563 0.1774049 0.9515877 0.2510145 0.05711558 0.2973315 0.9530644 -0.1076941 -0.6615465 0.7421309 -0.1481226 -0.9481202 -0.2812964 -1.79907e-7 0.8735431 0.4867468 -1.79907e-7 0.8735431 0.4867468 -1.79908e-7 0.8735431 0.4867468 -3.59814e-8 0.8735416 0.4867495 -3.59814e-8 0.8735416 0.4867495 -3.59814e-8 0.8735416 0.4867495 0.9758454 0.1908362 0.1063359 0.9758453 0.1908362 0.1063359 0.9758453 0.1908362 0.1063359 0.9758453 0.1908364 0.1063359 0.9758453 0.1908364 0.1063359 0.9758454 0.1908364 0.1063359 -0.9758459 0.1908346 0.1063345 -0.9758459 0.1908345 0.1063345 -0.9758459 0.1908346 0.1063345 -0.9758456 0.190835 0.1063359 -0.9758456 0.190835 0.1063359 -0.9758456 0.190835 0.1063359 3.24036e-8 -0.4015705 0.9158282 3.24036e-8 -0.4015705 0.9158281 3.24036e-8 -0.4015705 0.9158281 8.27038e-8 -0.4015694 0.9158286 8.27038e-8 -0.4015694 0.9158286 8.27038e-8 -0.4015694 0.9158286 -2.51509e-8 0.5675234 -0.8233573 -2.51509e-8 0.5675234 -0.8233573 -2.51509e-8 0.5675234 -0.8233573 -2.33765e-8 0.5675233 -0.8233573 -2.33765e-8 0.5675233 -0.8233573 -2.33765e-8 0.5675233 -0.8233573 7.30855e-8 0.8735431 0.4867468 7.30855e-8 0.8735431 0.4867468 7.30855e-8 0.8735431 0.4867468 2.27619e-7 0.8735416 0.4867495 2.27619e-7 0.8735416 0.4867495 2.27619e-7 0.8735417 0.4867495 0.9917996 0.1116413 0.06220774 0.9917995 0.1116413 0.06220773 0.9917996 0.1116413 0.06220773 0.9917995 0.1116415 0.06220774 0.9917996 0.1116415 0.06220774 0.9917995 0.1116415 0.06220774 -0.9917995 0.1116417 0.06220814 -0.9917995 0.1116417 0.06220814 -0.9917995 0.1116417 0.06220814 -0.9917995 0.1116419 0.06220842 -0.9917995 0.1116419 0.06220842 -0.9917995 0.1116419 0.06220842 2.81717e-8 -0.3391829 0.9407204 2.81717e-8 -0.3391829 0.9407205 2.81717e-8 -0.3391829 0.9407205 -2.83781e-8 -0.3391847 0.9407198 -2.83781e-8 -0.3391847 0.9407198 -2.83781e-8 -0.3391847 0.9407198 0 0.6215113 -0.7834052 0 0.6215113 -0.7834052 0 0.6215113 -0.7834052 -2.70897e-8 0.6215121 -0.7834045 -2.70897e-8 0.6215121 -0.7834046 -2.70897e-8 0.6215121 -0.7834046 0 0.8735417 0.4867494 0 0.8735417 0.4867494 0 0.8735417 0.4867494 -5.70293e-7 0.8735431 0.4867466 -5.70293e-7 0.8735432 0.4867466 -5.70293e-7 0.8735432 0.4867466 0.9758457 0.1908351 0.1063354 0.9758456 0.1908351 0.1063354 0.9758458 0.1908351 0.1063354 0.9758455 0.1908358 0.1063353 0.9758455 0.1908358 0.1063353 0.9758456 0.1908358 0.1063354 -0.9758453 0.1908364 0.1063364 -0.9758453 0.1908364 0.1063364 -0.9758453 0.1908364 0.1063364 -0.9758452 0.1908368 0.106337 -0.9758452 0.1908368 0.106337 -0.9758452 0.1908368 0.106337 1.00033e-7 -0.3391889 0.9407182 1.00033e-7 -0.339189 0.9407183 1.00033e-7 -0.339189 0.9407183 0 -0.3391899 0.940718 0 -0.3391899 0.9407179 0 -0.3391899 0.9407179 0 0.6215121 -0.7834046 0 0.6215121 -0.7834046 0 0.6215121 -0.7834045 2.91873e-7 0.6215099 -0.7834063 2.91873e-7 0.6215099 -0.7834063 2.91873e-7 0.6215099 -0.7834063 0 0.8735424 0.486748 0 0.8735424 0.4867481 0 0.8735424 0.4867481 0 0.8735424 0.486748 0 0.8735424 0.4867481 0 0.8735424 0.4867481 0.9917996 0.1116413 0.06220789 0.9917995 0.1116413 0.06220789 0.9917996 0.1116413 0.06220789 0.9917996 0.1116414 0.06220789 0.9917995 0.1116414 0.06220788 0.9917995 0.1116414 0.06220789 -0.9917995 0.1116413 0.06220793 -0.9917996 0.1116413 0.06220793 -0.9917995 0.1116413 0.06220793 -0.9917996 0.1116413 0.06220784 -0.9917996 0.1116413 0.06220784 -0.9917996 0.1116413 0.06220784 0 -0.3391847 0.9407198 0 -0.3391847 0.9407198 0 -0.3391847 0.9407198 0 -0.3391847 0.9407198 0 -0.3391847 0.9407198 0 -0.3391847 0.9407198 0 0.6215113 -0.7834051 0 0.6215113 -0.7834052 0 0.6215113 -0.7834051 0 0.6215113 -0.7834052 0 0.6215113 -0.7834052 0 0.6215113 -0.7834051 0 0.8735423 0.4867482 0 0.8735422 0.4867482 0 0.8735423 0.4867482 0 0.8735423 0.4867482 0 0.8735422 0.4867482 0 0.8735423 0.4867482 0.975845 0.1908375 0.106337 0.975845 0.1908374 0.106337 0.975845 0.1908375 0.106337 0.975845 0.1908376 0.106337 0.975845 0.1908376 0.106337 0.975845 0.1908376 0.106337 -0.975845 0.1908375 0.106337 -0.975845 0.1908375 0.106337 -0.975845 0.1908375 0.106337 -0.975845 0.1908375 0.1063369 -0.975845 0.1908375 0.1063369 -0.9758451 0.1908375 0.1063369 0 -0.3391838 0.9407202 0 -0.3391838 0.9407201 0 -0.3391838 0.9407201 0 -0.3391838 0.9407201 0 -0.3391838 0.9407201 0 -0.3391838 0.9407201 0 0.6215149 -0.7834023 0 0.6215149 -0.7834024 0 0.6215149 -0.7834023 0 0.6215149 -0.7834023 0 0.6215149 -0.7834024 0 0.6215149 -0.7834023 0 0.8735431 0.4867466 0 0.8735433 0.4867466 0 0.8735432 0.4867466 0 0.8735431 0.4867466 0 0.8735433 0.4867466 0 0.8735432 0.4867466 0.975845 0.1908375 0.1063367 0.975845 0.1908375 0.1063367 0.9758451 0.1908375 0.1063367 0.9758447 0.1908396 0.1063367 0.9758447 0.1908396 0.1063367 0.9758446 0.1908396 0.1063367 -0.9758452 0.1908368 0.1063366 -0.9758452 0.1908368 0.1063366 -0.9758451 0.1908368 0.1063366 -0.975845 0.1908373 0.1063373 -0.975845 0.1908373 0.1063373 -0.975845 0.1908373 0.1063373 0 -0.3391899 0.9407179 0 -0.3391898 0.9407179 0 -0.3391899 0.9407179 0 -0.3391899 0.9407179 0 -0.3391899 0.9407179 0 -0.3391899 0.9407179 4.12896e-7 0.62151 -0.7834062 4.12896e-7 0.62151 -0.7834062 4.12896e-7 0.62151 -0.7834063 0 0.6215113 -0.7834052 0 0.6215113 -0.7834052 0 0.6215113 -0.7834052 0 0.8735424 0.4867481 0 0.8735424 0.4867481 0 0.8735424 0.486748 0 0.8735424 0.4867481 0 0.8735424 0.4867481 0 0.8735424 0.486748 0.9758449 0.1908384 0.106336 0.975845 0.1908384 0.106336 0.9758449 0.1908384 0.106336 0.9758454 0.1908359 0.106336 0.9758454 0.1908359 0.106336 0.9758454 0.1908359 0.106336 -0.9758455 0.1908358 0.1063362 -0.9758455 0.1908358 0.1063362 -0.9758455 0.1908358 0.1063362 -0.9758455 0.1908356 0.1063358 -0.9758455 0.1908356 0.1063358 -0.9758455 0.1908356 0.1063358 0 -0.3391847 0.9407197 0 -0.3391847 0.9407198 0 -0.3391847 0.9407198 0 -0.3391847 0.9407198 0 -0.3391847 0.9407198 0 -0.3391847 0.9407198 0 0.6215135 -0.7834034 0 0.6215135 -0.7834035 0 0.6215135 -0.7834035 0 0.6215134 -0.7834035 0 0.6215135 -0.7834035 0 0.6215134 -0.7834035 -3.86391e-7 0.8735434 0.4867463 -3.86391e-7 0.8735434 0.4867462 -3.86391e-7 0.8735434 0.4867462 -3.86391e-7 0.8735434 0.4867463 -3.86391e-7 0.8735434 0.4867463 -3.86391e-7 0.8735434 0.4867462 0.9758449 0.1908382 0.1063371 0.9758449 0.1908382 0.1063371 0.9758449 0.1908382 0.1063371 0.9758447 0.1908388 0.1063371 0.9758447 0.1908388 0.1063371 0.9758447 0.1908388 0.1063371 -0.9758449 0.1908383 0.1063372 -0.9758449 0.1908383 0.1063372 -0.9758448 0.1908383 0.1063371 -0.9758449 0.1908382 0.106337 -0.9758449 0.1908382 0.106337 -0.9758449 0.1908382 0.106337 1.34878e-7 -0.3391883 0.9407185 1.34878e-7 -0.3391882 0.9407185 1.34878e-7 -0.3391883 0.9407185 1.50032e-7 -0.3391882 0.9407185 1.50032e-7 -0.3391882 0.9407186 1.50032e-7 -0.3391882 0.9407186 -2.47145e-7 0.6215136 -0.7834034 -2.47145e-7 0.6215136 -0.7834034 -2.47145e-7 0.6215136 -0.7834034 -2.74912e-7 0.6215137 -0.7834033 -2.74912e-7 0.6215137 -0.7834034 -2.74912e-7 0.6215137 -0.7834033 -3.29081e-7 0.873543 0.4867469 -3.29081e-7 0.873543 0.4867469 -3.29081e-7 0.873543 0.4867469 0 0.8735427 0.4867476 0 0.8735426 0.4867475 0 0.8735426 0.4867476 0.9758446 0.1908395 0.106337 0.9758446 0.1908395 0.106337 0.9758446 0.1908395 0.106337 0.9758449 0.1908383 0.106337 0.9758449 0.1908382 0.106337 0.9758448 0.1908382 0.106337 -0.9758451 0.1908373 0.1063366 -0.9758451 0.1908373 0.1063366 -0.9758451 0.1908373 0.1063366 -0.9758451 0.1908374 0.1063367 -0.975845 0.1908374 0.1063367 -0.9758451 0.1908374 0.1063367 1.14873e-7 -0.3391885 0.9407184 1.14873e-7 -0.3391885 0.9407184 1.14873e-7 -0.3391885 0.9407184 1.27779e-7 -0.3391885 0.9407185 1.27779e-7 -0.3391884 0.9407185 1.27779e-7 -0.3391884 0.9407184 -2.10488e-7 0.6215138 -0.7834032 -2.10488e-7 0.6215138 -0.7834032 -2.10488e-7 0.6215138 -0.7834032 0 0.6215131 -0.7834037 0 0.6215132 -0.7834037 0 0.6215132 -0.7834037</float_array>
          <technique_common>
            <accessor source="#geom-power_generator_flesher-normals-array" count="1299" stride="3">
              <param name="X" type="float"/>
              <param name="Y" type="float"/>
              <param name="Z" type="float"/>
            </accessor>
          </technique_common>
        </source>
        <source id="geom-power_generator_flesher-map1">
          <float_array id="geom-power_generator_flesher-map1-array" count="3612">0.2151305 0.7824163 0 0.07354776 0.9030487 0 0.01687839 0.7824163 0 0.7775418 0.7824163 0 0.7208723 0.9030487 0 0.4684561 0.9656796 0 0.4684561 0.9876608 0 0.4121311 0.9876608 0 0.4121311 0.9656796 0 0.4036267 0.9955745 0 0.4036267 0.9577659 0 0.4769605 0.9577659 0 0.4769605 0.9955745 0 0.7085416 0.9173015 0 0.7085416 0.9276356 0 0.4112192 0.9276356 0 0.7452035 0.3666106 0 0.9900769 0.4764348 0 0.7534403 0.369442 0 0.9811537 0.4732602 0 0.7530971 0.4730027 0 0.1401412 0.7696995 0 0.7440023 0.4758342 0 0.1614197 0.7526252 0 0.325212 0.7526252 0 0.3107976 0.7696995 0 0.4112192 0.9173015 0 0.4032505 0.934447 0 0.7758341 0.3012309 0 0.7792661 0.3108405 0 0.513629 0.3108405 0 0.7778933 0.08338451 0 0.7748045 0.09299412 0 0.5180907 0.09299412 0 0.4054351 0.03439266 0 0.4032505 0.9104902 0 0.4054351 0.01199884 0 0.4191631 0.04057026 0 0.9293724 0.2472859 0 0.4191631 0.2844141 0 0.4223377 0.2775501 0 0.9762943 0.1796075 0 0.9293724 0.1876158 0 0.9920893 0.1796076 0 0.992089 0.2057376 0 0.9762942 0.2057375 0 0.4054351 0.3129856 0 0.4832558 0.06931331 0 0.4782794 0.2536977 0 0.4782794 0.0712867 0 0.4832558 0.2556711 0 0.1630499 0.5279148 0 0.3941095 0.5472198 0 0.9261224 0.1876158 0 0.1630499 0.5472198 0 0.9261224 0.2472859 0 0.9826981 0.2865591 0 0.8211366 0.2867307 0 0.1918787 0.2920503 0 0.3891331 0.2906775 0 0.1918787 0.03293406 0 0.1373098 0.01199884 0 0.3891331 0.03430687 0 0.4054351 0.2905059 0 0.1373098 0.3129856 0 0.1733459 0.2921361 0 0.1733459 0.03284826 0 0.1373098 0.2921361 0 0.1373098 0.03284826 0 0.4969838 0.2652807 0 0.4223377 0.04743428 0 0.4969838 0.05970369 0 0.1710293 0.323539 0 0.7358513 0.323539 0 0.7358513 0.5207933 0 0.1710293 0.5207933 0 0.794796 0.7696995 0 0.3941095 0.6624494 0 0.7718873 0.4904201 0 0.794796 0.4904201 0 0.7718873 0.5279148 0 0.1401412 0.4904201 0 0.1630499 0.4904201 0 0.4674686 0.5279148 0 0.5170611 0.3012309 0 0.9762944 0.1629674 0 0.9920894 0.1629675 0 0.9495794 0.1796073 0 0.9495795 0.1629672 0 0.9261224 0.2472859 0 0.9261224 0.1876158 0 0.9293724 0.1876158 0 0.9293724 0.2472859 0 0.9293724 0.1828059 0 0.9729224 0.1828059 0 0.9293724 0.2520959 0 0.9729224 0.2520959 0 0.9293724 0.1828059 0 0.9293724 0.2520959 0 0.9844142 0.4818402 0 0.7497509 0.4815827 0 0.5089958 0.08939054 0 0.508481 0.3048345 0 0.7844141 0.3048345 0 0.7838993 0.08939054 0 0.1312084 0.5583474 0 0.1312076 0.7535875 0 0.1009137 0.5589773 0 0.9859585 0.2778933 0 0.8195921 0.2781507 0 0.8148732 0.2803815 0 0.9917071 0.2833845 0 0.1312089 0.3993002 0 0.5150018 0.08338451 0 0.1009137 0.5481902 0 0.100914 0.4762254 0 0.04270228 0.5589771 0 0.01240799 0.6977786 0 0.04270228 0.5481899 0 0.04270256 0.4762251 0 0.1009141 0.4654381 0 0.04270262 0.4654378 0 0.1133656 0.3986198 0 0.02994123 0.3985895 0 0.01241027 0.06028867 0 0.0307416 0.2604719 0 0.1134788 0.2601295 0 0.1312104 0.004481267 0 0.07233639 0.3799804 0 0.07266315 0.2811919 0 0.1022125 0.2810691 0 0.1021314 0.3799918 0 0.04254223 0.3799696 0 0.04311456 0.2813143 0 0.04249515 0.3796834 0 0.03369498 0.3796244 0 0.03447672 0.2809707 0 0.04327689 0.2810292 0 0.1003714 0.2724436 0 0.1022361 0.2810445 0 0.07268667 0.2810546 0 0.04313729 0.2810642 0 0.04127262 0.2724642 0 0.1021495 0.2809744 0 0.1109496 0.2809667 0 0.110855 0.379888 0 0.102054 0.3798962 0 0.04097953 0.3886016 0 0.0428442 0.3800012 0 0.07263836 0.380011 0 0.1024333 0.3800208 0 0.1005679 0.3886215 0 0.7417421 0.07154745 0 0.7365711 0.07154745 0 0.7365711 0.04364366 0 0.7417421 0.04364366 0 0.7228501 0.07169827 0 0.7176791 0.07169827 0 0.7176791 0.04379402 0 0.7228501 0.04379402 0 0.7228438 0.07165933 0 0.7228438 0.07758451 0 0.7176728 0.07165933 0 0.7176728 0.07758451 0 0.7176889 0.07174793 0 0.7117637 0.0717497 0 0.7117542 0.04384594 0 0.9729224 0.1828059 0 0.9729224 0.2520959 0 0.7176794 0.04384419 0 0.7176831 0.04384239 0 0.7176831 0.03791766 0 0.7228537 0.0379172 0 0.7228537 0.04384239 0 0.7228618 0.04380029 0 0.7287872 0.04380211 0 0.7287774 0.07170588 0 0.7228525 0.07170407 0 0.7417698 0.04368797 0 0.7476948 0.04368976 0 0.7476852 0.07159396 0 0.7417603 0.0715922 0 0.7365605 0.04368842 0 0.7365605 0.03776328 0 0.7417313 0.03776328 0 0.7417313 0.04368842 0 0.7365979 0.07161278 0 0.7306731 0.07161456 0 0.7306635 0.04371034 0 0.7365886 0.04370858 0 0.7417419 0.07148032 0 0.7417419 0.07740501 0 0.7365711 0.07148032 0 0.7365711 0.07740501 0 0.9811537 0.4732602 0 0.7530971 0.4730027 0 0.7534403 0.369442 0 0.8211366 0.2867307 0 0.9826981 0.2865591 0 0.1401412 0.7696995 0 0.1614197 0.7526252 0 0.325212 0.7526252 0 0.3107976 0.7696995 0 0.449708 0.7696995 0 0.1630499 0.5279148 0 0.3941095 0.5472198 0 0.1630499 0.5472198 0 0.794796 0.7696995 0 0.3941095 0.6624494 0 0.7452035 0.3666106 0 0.7440023 0.4758342 0 0.8148732 0.2803815 0 0.9900769 0.4764348 0 0.9917071 0.2833845 0 0.7497509 0.4815827 0 0.9844142 0.4818402 0 0.9859585 0.2778933 0 0.8195921 0.2781507 0 0.9762944 0.1629674 0 0.9920894 0.1629675 0 0.9920893 0.1796076 0 0.9762943 0.1796075 0 0.9495795 0.1629672 0 0.9495794 0.1796073 0 0.7718873 0.4904201 0 0.794796 0.4904201 0 0.7718873 0.5279148 0 0.992089 0.2057376 0 0.9762942 0.2057375 0 0.1401412 0.4904201 0 0.1630499 0.4904201 0 0.4674686 0.5279148 0 0.7758341 0.3012309 0 0.7748045 0.09299412 0 0.7838993 0.08939054 0 0.7844141 0.3048345 0 0.5180907 0.09299412 0 0.5170611 0.3012309 0 0.508481 0.3048345 0 0.5089958 0.08939054 0 0.4054351 0.03439266 0 0.4054351 0.01199884 0 0.4191631 0.04057026 0 0.4054351 0.3129856 0 0.1918787 0.2920503 0 0.3891331 0.2906775 0 0.1918787 0.03293406 0 0.1373098 0.01199884 0 0.3891331 0.03430687 0 0.4054351 0.2905059 0 0.1373098 0.3129856 0 0.1733459 0.2921361 0 0.1733459 0.03284826 0 0.4191631 0.2844141 0 0.5150018 0.08338451 0 0.7778933 0.08338451 0 0.7792661 0.3108405 0 0.513629 0.3108405 0 0.4223377 0.04743428 0 0.4223377 0.2775501 0 0.4782794 0.2536977 0 0.4782794 0.0712867 0 0.4832558 0.06931331 0 0.4832558 0.2556711 0 0.1373098 0.2921361 0 0.1373098 0.03284826 0 0.4969838 0.2652807 0 0.4969838 0.05970369 0 0.9762944 0.1629674 0 0.9920894 0.1629675 0 0.9920893 0.1796076 0 0.9762943 0.1796075 0 0.9495795 0.1629672 0 0.9495794 0.1796073 0 0.992089 0.2057376 0 0.9762942 0.2057375 0 0.9762944 0.1629674 0 0.9762943 0.1796075 0 0.9920893 0.1796076 0 0.9920894 0.1629675 0 0.9495795 0.1629672 0 0.9495794 0.1796073 0 0.9762942 0.2057375 0 0.992089 0.2057376 0 0.3246973 0.06579549 0 0.3578161 0.0656239 0 0.3580735 0.08544371 0 0.3250404 0.08518633 0 0.3579877 0.1048345 0 0.3251262 0.1040623 0 0.253998 0.560433 0 0.2922648 0.5612051 0 0.2898624 0.5697852 0 0.2820546 0.5676402 0 0.2838564 0.5577732 0 0.287889 0.5781078 0 0.2805102 0.576306 0 0.2747616 0.5582021 0 0.2739894 0.5670396 0 0.272874 0.5755339 0 0.2662674 0.5592318 0 0.2659242 0.5669538 0 0.2648946 0.5748475 0 0.2865162 0.5866878 0 0.2789658 0.5848002 0 0.2813682 0.6216942 0 0.2732172 0.6206647 0 0.271158 0.5838563 0 0.2650661 0.6199783 0 0.2631786 0.5832558 0 0.2568294 0.6189487 0 0.2805102 0.6304458 0 0.2721018 0.6292447 0 0.2639508 0.6283867 0 0.255714 0.6287298 0 0.2796522 0.6425437 0 0.2715012 0.6415141 0 0.2636076 0.6418573 0 0.255714 0.6435733 0 0.280167 0.6573013 0 0.2722734 0.6582451 0 0.2644656 0.6605617 0 0.2569152 0.6619345 0 0.2819688 0.6691417 0 0.2739894 0.6707718 0 0.2849718 0.6811537 0 0.2769924 0.6831272 0 0.2662674 0.6736891 0 0.2692704 0.6866449 0 0.258717 0.6760916 0 0.2619774 0.6903343 0 0.2885754 0.6926509 0 0.2807676 0.6951392 0 0.2736462 0.6994292 0 0.2667822 0.7036333 0 0.2926938 0.7036333 0 0.2856582 0.7069795 0 0.27888 0.7119559 0 0.2719302 0.7159885 0 0.2979276 0.714959 0 0.2910636 0.7191632 0 0.3061644 0.7305746 0 0.2985282 0.7358084 0 0.2842854 0.723539 0 0.290034 0.7394978 0 0.276735 0.7270567 0 0.2820546 0.7426724 0 0.299901 0.5649804 0 0.2974986 0.5723592 0 0.2510808 0.5689273 0 0.2435303 0.5662674 0 0.295611 0.5800812 0 0.2457612 0.556572 0 0.2487642 0.5771641 0 0.2944098 0.5883181 0 0.2414711 0.5749333 0 0.2366664 0.5564004 0 0.2892618 0.6229813 0 0.2354651 0.5653236 0 0.2340065 0.5736462 0 0.2884896 0.6306174 0 0.2281721 0.557001 0 0.2273999 0.564723 0 0.2873742 0.6424578 0 0.2261129 0.5726167 0 0.2470481 0.5856582 0 0.2879748 0.6572155 0 0.2395835 0.5833416 0 0.2404415 0.6205789 0 0.2898624 0.6675973 0 0.2322047 0.6190345 0 0.2318615 0.581883 0 0.2927796 0.6787513 0 0.2241395 0.6175759 0 0.2239679 0.5808535 0 0.296469 0.6899911 0 0.2159885 0.6162889 0 0.2384681 0.6328483 0 0.3005016 0.7009735 0 0.2301455 0.6313038 0 0.2220803 0.6306174 0 0.3052206 0.7113553 0 0.2138435 0.6307032 0 0.2372669 0.6447744 0 0.3132858 0.7253408 0 0.2292017 0.6436591 0 0.2213081 0.6442597 0 0.2134145 0.6456325 0 0.2372669 0.6561859 0 0.2294591 0.6565291 0 0.2215655 0.6582451 0 0.2138435 0.6596179 0 0.2386397 0.6678547 0 0.2306603 0.6691417 0 0.2412138 0.6800383 0 0.2331485 0.6816685 0 0.2228525 0.6716299 0 0.2253407 0.6847574 0 0.2152163 0.6737748 0 0.2178761 0.6881036 0 0.2443026 0.6917071 0 0.2364947 0.6938521 0 0.2291159 0.6977988 0 0.2221661 0.7017457 0 0.2479919 0.7028612 0 0.2407847 0.7058642 0 0.2339207 0.7105831 0 0.2267993 0.7142725 0 0.2527967 0.7144442 0 0.2457612 0.7183052 0 0.260433 0.7304888 0 0.2525393 0.7352936 0 0.2388113 0.7224236 0 0.2439594 0.7386398 0 0.2311751 0.7255982 0 0.2358083 0.7414712 0 0.2613767 0.5646372 0 0.2586312 0.5719303 0 0.3573871 0.1249975 0 0.3245257 0.1237106 0 0.2564003 0.5794806 0 0.3570439 0.143273 0 0.3229812 0.1416428 0 0.2547702 0.5876316 0 0.3567865 0.1614626 0 0.3210936 0.159575 0 0.2483352 0.6219517 0 0.3612481 0.03979807 0 0.3602185 0.04400227 0 0.2461901 0.633792 0 0.323067 0.04425968 0 0.3220374 0.03996966 0 0.2449889 0.6454608 0 0.3593605 0.04691948 0 0.3236676 0.04726267 0 0.2450747 0.6560143 0 0.3040194 0.1254266 0 0.3052206 0.1090388 0 0.246705 0.6667393 0 0.3018744 0.05532788 0 0.30033 0.05112368 0 0.2491074 0.6780649 0 0.3103686 0.04863548 0 0.3121704 0.05266808 0 0.2523677 0.6893905 0 0.3026466 0.05755868 0 0.312771 0.05472728 0 0.2558856 0.7005445 0 0.305478 0.09170713 0 0.3017028 0.1433588 0 0.2601756 0.7111838 0 0.3051348 0.0745471 0 0.3739465 0.04794908 0 0.2676402 0.7255124 0 0.3716299 0.05189588 0 0.3704287 0.05404088 0 0.3777217 0.1104974 0 0.3777217 0.1286012 0 0.3769495 0.0737749 0 0.3778933 0.09162134 0 0.3779791 0.1478204 0 0.3847573 0.05163847 0 0.3824407 0.05549948 0 0.3794377 0.05695808 0 0.2716728 0.1074943 0 0.2705574 0.1217372 0 0.2713296 0.07823651 0 0.272016 0.09265094 0 0.2683266 0.1383824 0 0.2631786 0.05704388 0 0.2645514 0.06141968 0 0.268584 0.0629641 0 0.2179619 0.1163317 0 0.8004588 0.5228525 0 0.2369237 0.03730987 0 0.2363231 0.133406 0 0.2366664 0.04280107 0 0.2433587 0.11453 0 0.2230241 0.1122134 0 0.2230241 0.03945487 0 0.9192919 0.8645943 0 0.9192919 0.5229384 0 0.9408277 0.5229384 0 0.9408277 0.8645943 0 0.8790516 0.8645943 0 0.8790516 0.5229384 0 0.8388114 0.8645943 0 0.8388114 0.5229384 0 0.8582022 0.5229384 0 0.8582022 0.8645943 0 0.8241396 0.8645943 0 0.2046629 0.09522492 0 0.2363231 0.172016 0 0.2179619 0.1890902 0 0.1976273 0.1914068 0 0.2046629 0.05652908 0 0.1976273 0.1140152 0 0.2005445 0.07583411 0 0.2041481 0.1141868 0 0.2404415 0.152711 0 0.8999869 0.8645943 0 0.8241396 0.5229384 0 0.8999869 0.5229384 0 0.1977131 0.1088672 0 0.8196779 0.5037191 0 0.2433587 0.04305847 0 0.8194206 0.5075802 0 0.812385 0.5070653 0 0.8189057 0.5191631 0 0.8120418 0.5191631 0 0.8227668 0.5138435 0 0.8185626 0.8645943 0 0.82311 0.5077517 0 0.8004588 0.5189916 0 0.806808 0.5229384 0 0.8116986 0.8645943 0 0.8062073 0.8645943 0 0.2042339 0.1090388 0 0.8126423 0.5032043 0 0.3246973 0.06579549 0 0.3578161 0.0656239 0 0.3580735 0.08544371 0 0.3250404 0.08518633 0 0.3579877 0.1048345 0 0.3251262 0.1040623 0 0.3573871 0.1249975 0 0.3245257 0.1237106 0 0.3570439 0.143273 0 0.3229812 0.1416428 0 0.3567865 0.1614626 0 0.3210936 0.159575 0 0.3220374 0.03996966 0 0.3612481 0.03979807 0 0.3602185 0.04400227 0 0.323067 0.04425968 0 0.3593605 0.04691948 0 0.3236676 0.04726267 0 0.3040194 0.1254266 0 0.3052206 0.1090388 0 0.3018744 0.05532788 0 0.30033 0.05112368 0 0.3103686 0.04863548 0 0.3121704 0.05266808 0 0.3026466 0.05755868 0 0.312771 0.05472728 0 0.305478 0.09170713 0 0.3017028 0.1433588 0 0.3051348 0.0745471 0 0.3739465 0.04794908 0 0.3716299 0.05189588 0 0.3704287 0.05404088 0 0.3777217 0.1104974 0 0.3777217 0.1286012 0 0.3769495 0.0737749 0 0.3778933 0.09162134 0 0.3779791 0.1478204 0 0.3847573 0.05163847 0 0.3824407 0.05549948 0 0.3794377 0.05695808 0 0.272016 0.09265094 0 0.2713296 0.07823651 0 0.2716728 0.1074943 0 0.2705574 0.1217372 0 0.2683266 0.1383824 0 0.2631786 0.05704388 0 0.2645514 0.06141968 0 0.268584 0.0629641 0 0.253998 0.560433 0 0.2510808 0.5689273 0 0.2435303 0.5662674 0 0.2457612 0.556572 0 0.2487642 0.5771641 0 0.2414711 0.5749333 0 0.2366664 0.5564004 0 0.2354651 0.5653236 0 0.2340065 0.5736462 0 0.2281721 0.557001 0 0.2273999 0.564723 0 0.2261129 0.5726167 0 0.2613767 0.5646372 0 0.2586312 0.5719303 0 0.2564003 0.5794806 0 0.2470481 0.5856582 0 0.2395835 0.5833416 0 0.2404415 0.6205789 0 0.2322047 0.6190345 0 0.2318615 0.581883 0 0.2241395 0.6175759 0 0.2239679 0.5808535 0 0.2159885 0.6162889 0 0.2547702 0.5876316 0 0.2483352 0.6219517 0 0.2384681 0.6328483 0 0.2301455 0.6313038 0 0.2220803 0.6306174 0 0.2138435 0.6307032 0 0.2461901 0.633792 0 0.2372669 0.6447744 0 0.2292017 0.6436591 0 0.2213081 0.6442597 0 0.2134145 0.6456325 0 0.2449889 0.6454608 0 0.2372669 0.6561859 0 0.2294591 0.6565291 0 0.2215655 0.6582451 0 0.2138435 0.6596179 0 0.2450747 0.6560143 0 0.2386397 0.6678547 0 0.2306603 0.6691417 0 0.2412138 0.6800383 0 0.2331485 0.6816685 0 0.2228525 0.6716299 0 0.2253407 0.6847574 0 0.2152163 0.6737748 0 0.2178761 0.6881036 0 0.246705 0.6667393 0 0.2491074 0.6780649 0 0.2443026 0.6917071 0 0.2364947 0.6938521 0 0.2291159 0.6977988 0 0.2221661 0.7017457 0 0.2523677 0.6893905 0 0.2479919 0.7028612 0 0.2407847 0.7058642 0 0.2339207 0.7105831 0 0.2267993 0.7142725 0 0.2558856 0.7005445 0 0.2527967 0.7144442 0 0.2457612 0.7183052 0 0.260433 0.7304888 0 0.2525393 0.7352936 0 0.2388113 0.7224236 0 0.2439594 0.7386398 0 0.2311751 0.7255982 0 0.2358083 0.7414712 0 0.2601756 0.7111838 0 0.2676402 0.7255124 0 0.2922648 0.5612051 0 0.2898624 0.5697852 0 0.2820546 0.5676402 0 0.2838564 0.5577732 0 0.287889 0.5781078 0 0.2805102 0.576306 0 0.2747616 0.5582021 0 0.2739894 0.5670396 0 0.272874 0.5755339 0 0.2662674 0.5592318 0 0.2659242 0.5669538 0 0.2648946 0.5748475 0 0.299901 0.5649804 0 0.2974986 0.5723592 0 0.295611 0.5800812 0 0.2865162 0.5866878 0 0.2789658 0.5848002 0 0.2813682 0.6216942 0 0.2732172 0.6206647 0 0.271158 0.5838563 0 0.2650661 0.6199783 0 0.2631786 0.5832558 0 0.2568294 0.6189487 0 0.2944098 0.5883181 0 0.2892618 0.6229813 0 0.2805102 0.6304458 0 0.2721018 0.6292447 0 0.2639508 0.6283867 0 0.255714 0.6287298 0 0.2884896 0.6306174 0 0.2796522 0.6425437 0 0.2715012 0.6415141 0 0.2636076 0.6418573 0 0.255714 0.6435733 0 0.2873742 0.6424578 0 0.280167 0.6573013 0 0.2722734 0.6582451 0 0.2644656 0.6605617 0 0.2569152 0.6619345 0 0.2879748 0.6572155 0 0.2819688 0.6691417 0 0.2739894 0.6707718 0 0.2849718 0.6811537 0 0.2769924 0.6831272 0 0.2662674 0.6736891 0 0.2692704 0.6866449 0 0.258717 0.6760916 0 0.2619774 0.6903343 0 0.2898624 0.6675973 0 0.2927796 0.6787513 0 0.2885754 0.6926509 0 0.2807676 0.6951392 0 0.2736462 0.6994292 0 0.2667822 0.7036333 0 0.296469 0.6899911 0 0.2926938 0.7036333 0 0.2856582 0.7069795 0 0.27888 0.7119559 0 0.2719302 0.7159885 0 0.3005016 0.7009735 0 0.2979276 0.714959 0 0.2910636 0.7191632 0 0.3061644 0.7305746 0 0.2985282 0.7358084 0 0.2842854 0.723539 0 0.290034 0.7394978 0 0.276735 0.7270567 0 0.2820546 0.7426724 0 0.3052206 0.7113553 0 0.3132858 0.7253408 0 0.2179619 0.1163317 0 0.8004588 0.5228525 0 0.2369237 0.03730987 0 0.2363231 0.133406 0 0.2366664 0.04280107 0 0.2433587 0.11453 0 0.2230241 0.1122134 0 0.2230241 0.03945487 0 0.9192919 0.8645943 0 0.9192919 0.5229384 0 0.9408277 0.5229384 0 0.9408277 0.8645943 0 0.8790516 0.8645943 0 0.8790516 0.5229384 0 0.8388114 0.8645943 0 0.8388114 0.5229384 0 0.8582022 0.5229384 0 0.8582022 0.8645943 0 0.8241396 0.8645943 0 0.2046629 0.09522492 0 0.2363231 0.172016 0 0.2179619 0.1890902 0 0.1976273 0.1914068 0 0.2046629 0.05652908 0 0.1976273 0.1140152 0 0.2005445 0.07583411 0 0.2041481 0.1141868 0 0.2404415 0.152711 0 0.8999869 0.8645943 0 0.8241396 0.5229384 0 0.8999869 0.5229384 0 0.1977131 0.1088672 0 0.8196779 0.5037191 0 0.2433587 0.04305847 0 0.8194206 0.5075802 0 0.812385 0.5070653 0 0.8189057 0.5191631 0 0.8120418 0.5191631 0 0.8227668 0.5138435 0 0.8185626 0.8645943 0 0.82311 0.5077517 0 0.8004588 0.5189916 0 0.806808 0.5229384 0 0.8116986 0.8645943 0 0.8062073 0.8645943 0 0.2042339 0.1090388 0 0.8126423 0.5032043 0 0.4894334 0.01920605 0 0.495611 0.02323865 0 0.5143155 0.0681121 0 0.5107118 0.07343171 0 0.6914068 0.0686269 0 0.7103686 0.02383925 0 0.7165463 0.01980665 0 0.6950104 0.07403231 0 0.274161 0.2577303 0 0.2452464 0.2567865 0 0.2452464 0.2228097 0 0.9531829 0.6792661 0 0.2457612 0.1945814 0 0.274161 0.2218659 0 0.1999439 0.2577303 0 0.1999439 0.2218659 0 0.2288585 0.2228097 0 0.2288585 0.2567865 0 0.986645 0.7041482 0 0.9532688 0.6571296 0 0.9820975 0.6796951 0 0.923925 0.02632745 0 0.2551992 0.1793948 0 0.7165102 0.9104902 0 0.7165102 0.9344469 0 0.7086636 0.9466779 0 0.7086636 0.9702662 0 0.6482203 0.9702662 0 0.6482203 0.9466779 0 0.3098538 0.198614 0 0.3428011 0.1919216 0 0.3408276 0.2047058 0 0.3168036 0.2095964 0 0.301617 0.2284724 0 0.2890902 0.224354 0 0.3023034 0.2524965 0 0.290034 0.2572155 0 0.3186054 0.2704287 0 0.312342 0.2818401 0 0.3428869 0.2738607 0 0.3746329 0.5813682 0 0.9474343 0.5796522 0 0.9499224 0.7041482 0 0.2283437 0.2850147 0 0.6390942 0.9787584 0 0.986645 0.7811108 0 0.9793519 0.1181336 0 0.9499224 0.7811108 0 0.2457612 0.2850147 0 0.9820975 0.6967694 0 0.9532688 0.6742039 0 0.2283437 0.1945814 0 0.9520675 0.5796522 0 0.9520675 0.5028611 0 0.9693133 0.5028611 0 0.9693133 0.5796522 0 0.9821833 0.6747187 0 0.9804673 0.06150549 0 0.9392833 0.5002871 0 0.9821833 0.6566149 0 0.862578 0.5002871 0 0.9474343 0.5028611 0 0.9531829 0.6972841 0 0.9202358 0.2666535 0 0.9012738 0.2495793 0 0.8130714 0.2494935 0 0.7941954 0.2668251 0 0.8141868 0.04254368 0 0.7952249 0.02529785 0 0.9040195 0.04220047 0 0.8880606 0.2257269 0 0.8280005 0.2257269 0 0.8282579 0.06613869 0 0.8883181 0.06613869 0 0.8209649 0.05936049 0 0.8202785 0.2325051 0 0.895182 0.2325909 0 0.89604 0.05927468 0 0.9881035 0.06227769 0 0.9869882 0.1174472 0 0.9519817 0.06244928 0 0.9509521 0.1167608 0 0.9601327 0.06081909 0 0.9590173 0.1185626 0 0.96734 0.05970369 0 0.9661387 0.119678 0 0.9737749 0.06013269 0 0.9725738 0.1194206 0 0.9594463 0.01809064 0 0.9704287 0.01894864 0 0.9808964 0.02280965 0 0.9897337 0.02529785 0 0.9405704 0.02615585 0 0.949236 0.02152265 0 0.9782366 0.1567436 0 0.9675974 0.1605188 0 0.956615 0.1612052 0 0.9465764 0.1576874 0 0.9380821 0.1529684 0 0.9304459 0.1504802 0 0.6390942 0.9381854 0 0.7177898 0.9381854 0 0.7177898 0.9787584 0 0.5330037 0.9643701 0 0.5330037 0.9822654 0 0.4871472 0.9822654 0 0.4871472 0.9643701 0 0.4802233 0.988708 0 0.4802233 0.9579268 0 0.5399274 0.9579268 0 0.5399274 0.988708 0 0.5328988 0.9646904 0 0.5328988 0.9825857 0 0.4870423 0.9825857 0 0.9438307 0.0633931 0 0.4870423 0.9646904 0 0.4801186 0.9890288 0 0.9428011 0.1157312 0 0.4801186 0.9582475 0 0.5398225 0.9582475 0 0.9328482 0.02847246 0 0.9871597 0.1545128 0 0.5398225 0.9890288 0 0.5329613 0.964458 0 0.5329611 0.9823539 0 0.4871044 0.9823539 0 0.4871044 0.964458 0 0.4801805 0.9887962 0 0.4801805 0.9580148 0 0.5398848 0.9580148 0 0.5398848 0.9887962 0 0.6337456 0.9569761 0 0.6337456 0.9688396 0 0.6172161 0.9688396 0 0.6172161 0.9569761 0 0.6131235 0.9731111 0 0.6131235 0.9527054 0 0.6378384 0.9527054 0 0.6378384 0.9731111 0 0.6096511 0.9407717 0 0.6096511 0.949316 0 0.4059358 0.949316 0 0.4059358 0.9407717 0 0.4029863 0.9523923 0 0.4029861 0.9376953 0 0.6126008 0.9376953 0 0.6126008 0.9523923 0 0.6319067 0.9796155 0 0.6319067 0.9926754 0 0.5489666 0.9926754 0 0.5489666 0.9796155 0 0.5439123 0.9973778 0 0.5439123 0.9749138 0 0.6369607 0.9749132 0 0.6369607 0.9973778 0 0.2551992 0.1763918 0 0.2551992 0.165152 0 0.3074514 0.165152 0 0.3074514 0.1763918 0 0.3074514 0.1793948 0 0.3074514 0.186173 0 0.2551992 0.186173 0 0.2444742 0.165152 0 0.2521104 0.1696994 0 0.2444742 0.1696994 0 0.2521104 0.1763918 0 0.3181764 0.1653236 0 0.3181764 0.1696994 0 0.3105402 0.1696994 0 0.3455466 0.2865591 0 0.3181764 0.165152 0 0.3105402 0.1763918 0 0.2551992 0.1545986 0 0.3074514 0.1545986 0 0.2551992 0.1937234 0 0.363822 0.2612481 0 0.3074514 0.1937234 0 0.3742039 0.2693133 0 0.3715441 0.238511 0 0.3847573 0.2380821 0 0.3624493 0.2161172 0 0.3723163 0.2075372 0 0.3223806 0.6128569 0 0.3265848 0.6246972 0 0.3092532 0.6397123 0 0.2987856 0.633363 0 0.3053064 0.6627067 0 0.2933802 0.6648517 0 0.316632 0.6829555 0 0.3088242 0.6925651 0 0.3378247 0.6909349 0 0.3378247 0.7034618 0 0.3590173 0.6829555 0 0.3668251 0.6925651 0 0.3532687 0.6128569 0 0.3490644 0.6246972 0 0.3702571 0.6627067 0 0.3822691 0.6648517 0 0.3663961 0.6397123 0 0.3768637 0.633363 0 0.9778075 0.7988714 0 0.9779791 0.8525823 0 0.9610765 0.8526682 0 0.960905 0.7988714 0 0.9889616 0.8639079 0 0.9887899 0.78746 0 0.9499224 0.7875458 0 0.9501799 0.8640795 0 0.3228096 0.5816256 0 0.3227238 0.5641223 0 0.3745471 0.5638649 0 0.3118272 0.593037 0 0.3857011 0.5926938 0 0.3855295 0.5524536 0 0.3116556 0.5527968 0 0.9689702 0.487074 0 0.9693133 0.487074 0 0.9623635 0.4983995 0 0.9623635 0.487074 0 0.9520675 0.4983995 0 0.9693133 0.5954394 0 0.9623635 0.5954394 0 0.9623635 0.5841138 0 0.9520675 0.5841138 0 0.9855295 0.5796522 0 0.9855295 0.5028611 0 0.9392833 0.5118701 0 0.862578 0.5118701 0 0.9856154 0.7340924 0 0.9509521 0.7340924 0 0.9509521 0.7511666 0 0.9856154 0.7511666 0 0.9392833 0.4899912 0 0.862578 0.4899912 0 0.9499224 0.7811108 0 0.9509521 0.7511666 0 0.9856154 0.7511666 0 0.986645 0.7811108 0 0.9856154 0.7340924 0 0.9509521 0.7340924 0 0.9499224 0.7041482 0 0.986645 0.7041482 0 0.9532688 0.6742039 0 0.9532688 0.6571296 0 0.9821833 0.6566149 0 0.9821833 0.6747187 0 0.9820975 0.6796951 0 0.9820975 0.6967694 0 0.9531829 0.6972841 0 0.9531829 0.6792661 0 0.1999439 0.2218659 0 0.2288585 0.2228097 0 0.2288585 0.2567865 0 0.1999439 0.2577303 0 0.2452464 0.2567865 0 0.2452464 0.2228097 0 0.274161 0.2218659 0 0.274161 0.2577303 0 0.2457612 0.2850147 0 0.2283437 0.2850147 0 0.2283437 0.1945814 0 0.2457612 0.1945814 0 0.4894334 0.01920605 0 0.495611 0.02323865 0 0.5143155 0.0681121 0 0.5107118 0.07343171 0 0.7103686 0.02383925 0 0.7165463 0.01980665 0 0.6950104 0.07403231 0 0.6914068 0.0686269 0 0.2551992 0.186173 0 0.2551992 0.1793948 0 0.3074514 0.1793948 0 0.3074514 0.186173 0 0.2551992 0.1763918 0 0.2551992 0.165152 0 0.3074514 0.165152 0 0.3074514 0.1763918 0 0.2551992 0.1937234 0 0.3074514 0.1937234 0 0.2551992 0.1545986 0 0.3074514 0.1545986 0 0.3181764 0.1653236 0 0.3181764 0.1696994 0 0.3105402 0.1696994 0 0.3181764 0.165152 0 0.2444742 0.165152 0 0.2521104 0.1696994 0 0.2444742 0.1696994 0 0.3105402 0.1763918 0 0.2521104 0.1763918 0 0.3746329 0.5813682 0 0.3228096 0.5816256 0 0.3227238 0.5641223 0 0.3745471 0.5638649 0 0.3857011 0.5926938 0 0.3118272 0.593037 0 0.3116556 0.5527968 0 0.3855295 0.5524536 0 0.9778075 0.7988714 0 0.9779791 0.8525823 0 0.9610765 0.8526682 0 0.960905 0.7988714 0 0.9887899 0.78746 0 0.9889616 0.8639079 0 0.9501799 0.8640795 0 0.9499224 0.7875458 0 0.3428011 0.1919216 0 0.3408276 0.2047058 0 0.3168036 0.2095964 0 0.3098538 0.198614 0 0.301617 0.2284724 0 0.2890902 0.224354 0 0.3023034 0.2524965 0 0.290034 0.2572155 0 0.3186054 0.2704287 0 0.312342 0.2818401 0 0.3428869 0.2738607 0 0.3455466 0.2865591 0 0.363822 0.2612481 0 0.3742039 0.2693133 0 0.3715441 0.238511 0 0.3847573 0.2380821 0 0.3624493 0.2161172 0 0.3723163 0.2075372 0 0.3223806 0.6128569 0 0.3265848 0.6246972 0 0.3092532 0.6397123 0 0.2987856 0.633363 0 0.3053064 0.6627067 0 0.2933802 0.6648517 0 0.316632 0.6829555 0 0.3088242 0.6925651 0 0.3378247 0.6909349 0 0.3378247 0.7034618 0 0.3590173 0.6829555 0 0.3668251 0.6925651 0 0.3532687 0.6128569 0 0.3490644 0.6246972 0 0.3702571 0.6627067 0 0.3822691 0.6648517 0 0.3663961 0.6397123 0 0.3768637 0.633363 0 0.9392833 0.5002871 0 0.862578 0.5002871 0 0.862578 0.4899912 0 0.9392833 0.4899912 0 0.9520675 0.5796522 0 0.9520675 0.5028611 0 0.9693133 0.5028611 0 0.9693133 0.5796522 0 0.9392833 0.5118701 0 0.862578 0.5118701 0 0.9855295 0.5796522 0 0.9855295 0.5028611 0 0.9689702 0.487074 0 0.9693133 0.487074 0 0.9623635 0.4983995 0 0.9623635 0.487074 0 0.9693133 0.5954394 0 0.9623635 0.5954394 0 0.9623635 0.5841138 0 0.9474343 0.5796522 0 0.9474343 0.5028611 0 0.9520675 0.4983995 0 0.9520675 0.5841138 0 0.9793519 0.1181336 0 0.9804673 0.06150549 0 0.9881035 0.06227769 0 0.9869882 0.1174472 0 0.9438307 0.0633931 0 0.9519817 0.06244928 0 0.9509521 0.1167608 0 0.9428011 0.1157312 0 0.9601327 0.06081909 0 0.9590173 0.1185626 0 0.96734 0.05970369 0 0.9661387 0.119678 0 0.9737749 0.06013269 0 0.9725738 0.1194206 0 0.9594463 0.01809064 0 0.9704287 0.01894864 0 0.9808964 0.02280965 0 0.9897337 0.02529785 0 0.9328482 0.02847246 0 0.9405704 0.02615585 0 0.949236 0.02152265 0 0.9675974 0.1605188 0 0.9782366 0.1567436 0 0.956615 0.1612052 0 0.9465764 0.1576874 0 0.9380821 0.1529684 0 0.9304459 0.1504802 0 0.9871597 0.1545128 0 0.9793519 0.1181336 0 0.9804673 0.06150549 0 0.9881035 0.06227769 0 0.9869882 0.1174472 0 0.9438307 0.0633931 0 0.9519817 0.06244928 0 0.9509521 0.1167608 0 0.9428011 0.1157312 0 0.9601327 0.06081909 0 0.9590173 0.1185626 0 0.96734 0.05970369 0 0.9661387 0.119678 0 0.9737749 0.06013269 0 0.9725738 0.1194206 0 0.9594463 0.01809064 0 0.9704287 0.01894864 0 0.9808964 0.02280965 0 0.9897337 0.02529785 0 0.9328482 0.02847246 0 0.9405704 0.02615585 0 0.949236 0.02152265 0 0.9675974 0.1605188 0 0.9782366 0.1567436 0 0.956615 0.1612052 0 0.9465764 0.1576874 0 0.9380821 0.1529684 0 0.9304459 0.1504802 0 0.9871597 0.1545128 0 0.9793519 0.1181336 0 0.9869882 0.1174472 0 0.9881035 0.06227769 0 0.9804673 0.06150549 0 0.9438307 0.0633931 0 0.9428011 0.1157312 0 0.9509521 0.1167608 0 0.9519817 0.06244928 0 0.9590173 0.1185626 0 0.9601327 0.06081909 0 0.9661387 0.119678 0 0.96734 0.05970369 0 0.9725738 0.1194206 0 0.9737749 0.06013269 0 0.9594463 0.01809064 0 0.9704287 0.01894864 0 0.9808964 0.02280965 0 0.9897337 0.02529785 0 0.9328482 0.02847246 0 0.9405704 0.02615585 0 0.949236 0.02152265 0 0.9675974 0.1605188 0 0.9782366 0.1567436 0 0.956615 0.1612052 0 0.9465764 0.1576874 0 0.9380821 0.1529684 0 0.9304459 0.1504802 0 0.9871597 0.1545128 0</float_array>
          <technique_common>
            <accessor source="#geom-power_generator_flesher-map1-array" count="1204" stride="3">
              <param name="S" type="float"/>
              <param name="T" type="float"/>
              <param name="P" type="float"/>
            </accessor>
          </technique_common>
        </source>
        <source id="geom-power_generator_flesher-map1-textangents">
          <float_array id="geom-power_generator_flesher-map1-textangents-array" count="4506">0.9999995 3.21281e-7 -1.76743e-4 0.9999994 3.5361e-7 -0.001105199 0.9999996 3.21161e-7 -8.53274e-4 0.9999996 3.11863e-7 2.87486e-4 0.9999993 3.12735e-7 0.001176321 -0.9999993 -1.34874e-4 6.51082e-4 -0.9999993 -1.80665e-7 6.81265e-4 -1 -3.01005e-7 -2.98558e-5 -1 -2.84636e-7 -3.74317e-10 -1 -2.84636e-7 -3.74317e-10 -1 -2.83594e-7 3.20895e-9 -1 -1.89673e-7 1.18609e-8 -1 -3.04731e-7 1.28261e-9 -0.9999974 -1.01808e-7 -0.001131904 -1 -3.22155e-7 1.67918e-5 -0.9999966 -1.01291e-7 -0.001506883 -0.9999998 -4.93662e-5 2.37166e-4 -1 -3.05688e-7 3.01077e-5 0.4410183 -0.8793596 0.1332509 0.4605018 -0.8431222 0.2357191 0.367585 -0.9189601 0.121007 0.3710029 -0.9275049 0.04573305 0.5801784 -0.7773917 0.2304945 0.608233 -0.7385804 0.2907777 0.3732634 0.9277203 -5.00844e-5 0.3732221 0.9277368 -0.003098003 0.3737619 0.9275196 -5.41821e-5 0.3737961 0.9275061 0.002993802 0.9999993 -0.001077354 4.31068e-4 0.9999993 -0.001092348 4.37065e-4 0.9999993 -0.001077356 4.31065e-4 0.9999993 -0.001062362 4.25067e-4 0.999999 -0.001258343 -5.03477e-4 0.9999994 -0.001019399 -4.07901e-4 0.999999 -0.001258344 -5.03474e-4 0.9999987 -0.001497287 -5.99051e-4 0.9285737 -0.3711327 -5.70364e-5 0.9285649 -0.3711542 -0.003432961 0.9285731 -0.3711341 -5.70266e-5 0.9285819 -0.3711126 0.003318899 -0.9285861 -0.3711018 -5.76977e-5 -0.9285818 -0.3711118 -0.003433755 -0.9285745 -0.3711308 -5.78983e-5 -0.9285785 -0.3711212 0.003318156 -1 -3.026e-7 0 -1 -3.026e-7 0 -1 -3.026e-7 0 -1 -3.026e-7 0 -0.2348842 -8.13181e-4 0.941391 -0.1967879 -2.82786e-4 0.9512771 -0.4697689 0.001374275 0.8827868 -0.1967873 6.55069e-4 0.9512757 9.70279e-10 4.3111e-4 0.9999984 7.96211e-9 -0.001372469 0.9999987 -3.63425e-10 -0.001121052 0.9999986 7.60843e-11 -7.83958e-4 0.9999991 -4.79016e-9 -0.002125318 0.9999967 -0.2348836 6.16278e-4 0.9413893 -7.59939e-11 7.8389e-4 0.9999991 4.2197e-9 0.001558335 0.9999982 -5.10838e-9 -5.88405e-4 0.999998 -1e-5 1 0 -1.19288e-5 1 0 -1e-5 1 0 -8.07126e-6 1 0 -0.469767 0.00252333 0.882784 2.18472e-7 -1 0 2.19806e-7 -1 0 2.1889e-7 -1 0 2.17564e-7 -1 0 2.16721e-7 -1 9.05849e-10 2.19806e-7 -1 3.1623e-15 2.17438e-7 -1 -8.86577e-10 2.1436e-7 -1 -1.48288e-15 2.15211e-7 -1 8.80981e-10 2.12154e-7 -1 4.69278e-15 2.14499e-7 -1 -9.0019e-10 2.17564e-7 -1 -2.72152e-15 1 -7.90864e-5 0 1 -1.10745e-5 0 1 0 0 1 0 0 -0.8937357 -0.009566393 0.2231075 -0.8976556 0.3794731 0.224086 -0.8937357 -0.009566393 0.2231074 -0.8898158 -0.3986059 0.222129 0.6442313 3.24198e-5 0.7648258 0.6442313 0.002775787 0.7648257 0.6442314 3.24198e-5 0.7648257 0.6442313 -0.002710948 0.7648259 -6.55343e-6 0 -1 -5.69862e-6 0 -1 -6.55343e-6 0 -1 -7.40823e-6 0 -1 -1 0 0 -0.9999996 0 6.36047e-4 -0.9999998 -1.17873e-7 2.94103e-4 -1.32058e-6 1 -7.72058e-6 -1.32058e-6 1 -6.7555e-6 -1.32058e-6 1 -7.72058e-6 -1.32058e-6 1 -8.68565e-6 0 0 1 0 0 1 -0.9999969 0 -6.20956e-4 -1 0 0 -1 0 0 -1 -9.24724e-6 0 -1 -1.05879e-4 0 -1 0 0 -1 -3.23044e-7 0 -1 -3.23044e-7 0 -1 1.35539e-4 0 1 3.23044e-7 0 1 -1.4766e-5 0 -1 -1.54121e-5 0 -0.4697689 1.24037e-4 0.8827879 -0.4697692 8.70428e-4 0.8827885 -0.04024945 -0.1013818 0.9778272 -0.1851981 -0.2046651 0.9611524 -0.04023786 -0.1013979 0.9778261 0.1047078 0.001889465 0.9945012 -0.03890378 0.1009537 0.984839 0.07105437 0.02257584 0.9972169 -0.0389133 0.1009405 0.9848399 -0.1488747 0.1793138 0.9724623 -0.4694906 -0.003944754 0.8822678 -0.4694273 -0.03809818 0.8821488 -0.4694906 -0.003944754 0.8822679 -0.4695538 0.03020868 0.8823869 -0.469769 -2.2458e-4 0.8827882 -0.4697688 -0.001341545 0.8827881 1 1.36185e-4 0 1 3.23044e-7 0 -1 -3.23044e-7 0 -1 -3.026e-7 5.95227e-15 0.9999989 3.21612e-7 -6.48006e-4 0.9999994 3.5361e-7 -0.001105199 0.9999987 3.20016e-7 -0.001557957 0.9999986 3.11536e-7 -4.1941e-4 0.9999993 3.12732e-7 0.001171896 -0.9999993 1.34525e-4 6.51072e-4 -1 -3.56571e-7 7.71488e-9 -1 -3.53471e-7 -1.04748e-4 -0.9999993 -1.80665e-7 6.81265e-4 -3.21186e-6 -0.2348853 -0.9413944 -3.115e-6 -0.1944038 -0.939753 -3.31438e-6 -0.4697701 -0.8827888 -4.78858e-6 -0.46977 -0.8827889 -1.62098e-5 -0.4697704 -0.8827886 -1.30442e-5 -0.2348866 -0.9413941 -0.9999974 -1.01808e-7 -0.001131904 -0.9999966 -1.01291e-7 -0.001506883 -1 -3.22155e-7 1.67918e-5 1 1.49024e-6 4.70568e-14 1 1.49024e-6 5.80308e-14 1 1.49024e-6 4.70568e-14 1 1.49024e-6 5.80308e-14 1 0 0 1 0 0 1 0 0 -0.9999998 6.7044e-5 3.25096e-4 -1 -3.12085e-7 -7.97843e-5 0.4410176 0.8793599 0.133251 0.3710022 0.9275052 0.04573307 0.3675843 0.9189604 0.121007 0.4605013 0.8431224 0.2357191 0.5801782 0.7773918 0.2304944 0.6082329 0.7385805 0.2907777 0.3732634 -0.9277203 -5.00844e-5 0.3737961 -0.9275061 0.002993802 0.3737619 -0.9275196 -5.41821e-5 0.3732221 -0.9277368 -0.003098003 0.9999993 0.001077972 4.31065e-4 0.9999993 0.00106297 4.25067e-4 0.9999993 0.001077971 4.31068e-4 0.9999993 0.001092973 4.37065e-4 0.999999 0.00125904 -5.03474e-4 0.9999987 0.001497972 -5.99051e-4 0.999999 0.001259039 -5.03477e-4 0.9999994 0.001020107 -4.079e-4 -7.35888e-6 -1 0 -5.4301e-6 -1 0 -7.35888e-6 -1 0 -9.28766e-6 -1 0 -6.55343e-6 0 -1 -7.40823e-6 0 -1 -6.55343e-6 0 -1 -5.69862e-6 0 -1 -1 0 0 -0.9999998 -1.17873e-7 2.94103e-4 -0.9999996 0 6.36047e-4 1.32058e-6 -1 -7.72057e-6 1.32058e-6 -1 -8.68565e-6 1.32058e-6 -1 -7.72057e-6 1.32058e-6 -1 -6.7555e-6 -0.9999969 0 -6.20956e-4 -1 0 0 -1 -3.29946e-5 -1.31516e-4 -1 -3.23044e-7 0 1 1.19033e-6 -2.36916e-7 1 1.49024e-6 -1.19138e-14 1 2.99906e-7 2.36916e-7 1 0 0 1.12738e-6 -0.8829409 0.4694841 1.30062e-6 -0.8829386 0.4694885 1.73241e-7 -0.8829409 0.4694841 0 -0.8829433 0.4694797 -1.73305e-7 0.8829402 -0.4694855 -8.17708e-11 0.8829406 -0.4694847 -1.12732e-6 0.8829402 -0.4694855 -1.30054e-6 0.8829398 -0.4694862 -1.54787e-5 -0.4697704 -0.8827887 -2.03031e-5 -0.4697699 -0.8827889 -7.6115e-6 -0.4697697 -0.882789 1 0 0 -3.87542e-5 -0.4697681 -0.8827898 -2.09949e-5 -0.4697707 -0.8827885 -2.97473e-5 -0.4697664 -0.8827907 -3.19841e-6 -0.4697723 -0.8827876 -7.46898e-6 -0.4697723 -0.8827876 -7.9601e-6 -0.46977 -0.8827888 -1.0474e-5 -0.4697461 -0.8828016 -6.06254e-6 -0.4697692 -0.8827893 -2.74563e-6 -0.1944039 -0.9397534 3.59345e-4 -0.4694773 -0.8829445 3.59345e-4 -0.4694773 -0.8829445 3.59345e-4 -0.4694773 -0.8829445 3.59249e-4 -0.4694736 -0.8829464 3.59249e-4 -0.4694736 -0.8829464 3.59249e-4 -0.4694736 -0.8829464 3.59298e-4 -0.4694721 -0.8829473 3.59298e-4 -0.4694721 -0.8829473 3.59298e-4 -0.4694721 -0.8829473 9.24802e-4 -0.7633943 0.6459321 9.24802e-4 -0.7633943 0.6459321 9.24802e-4 -0.7633943 0.6459321 8.77724e-4 -0.7633957 0.6459306 8.77724e-4 -0.7633956 0.6459306 8.77724e-4 -0.7633957 0.6459306 -0.004146292 -0.469465 -0.8829414 -0.004146292 -0.469465 -0.8829414 -0.004146292 -0.469465 -0.8829414 -0.004146468 -0.4694764 -0.8829353 -0.004146468 -0.4694764 -0.8829353 -0.004146468 -0.4694764 -0.8829353 -0.004146274 -0.4694614 -0.8829433 -0.004146274 -0.4694614 -0.8829433 -0.004146274 -0.4694614 -0.8829433 -0.006654364 0.7633562 -0.6459435 -0.006654363 0.7633562 -0.6459435 -0.006654364 0.7633562 -0.6459435 -0.006701966 0.7633689 -0.6459281 -0.006701966 0.7633689 -0.6459281 -0.006701966 0.7633689 -0.6459281 -2.38211e-5 -0.4697659 -0.882791 -2.38211e-5 -0.469766 -0.882791 -2.38211e-5 -0.4697659 -0.882791 8.70528e-6 -0.46977 -0.8827888 8.70528e-6 -0.46977 -0.8827889 8.70528e-6 -0.46977 -0.8827889 -3.59209e-6 -0.4697663 -0.8827908 -3.59209e-6 -0.4697663 -0.8827908 -3.59209e-6 -0.4697663 -0.8827908 -1.72262e-6 -0.4697661 -0.8827909 -1.72262e-6 -0.4697661 -0.8827909 -1.72262e-6 -0.469766 -0.882791 1 3.87984e-5 -2.0645e-5 1 0 0 1 3.87984e-5 -2.0645e-5 1 7.75968e-5 -4.12899e-5 1 7.44777e-7 -6.39911e-10 1 7.44962e-7 -2.92325e-10 1 7.44932e-7 -3.476e-10 1 1.49953e-7 1.18458e-7 1 0 0 1 5.95164e-7 -1.18458e-7 1 7.45117e-7 -1.67362e-14 4.25279e-11 -0.8829442 0.469478 4.21915e-11 -0.8829427 0.4694807 4.2035e-11 -0.8829442 0.469478 4.23651e-11 -0.8829456 0.4694752 -4.08603e-11 0.8829402 -0.4694855 -4.0892e-11 0.8829406 -0.4694847 -4.13521e-11 0.8829402 -0.4694855 -4.1327e-11 0.8829398 -0.4694862 1 7.45117e-7 1.06353e-15 -0.928579 -0.3711195 -5.70345e-5 -0.9285872 -0.3710994 0.003318781 -0.9285784 -0.3711209 -5.70244e-5 -0.9285702 -0.371141 -0.003432839 0.9285913 -0.3710885 -5.76955e-5 0.9285838 -0.371108 0.003318038 0.9285797 -0.3711176 -5.78961e-5 0.9285871 -0.3710986 -0.003433633 0.2348918 -8.13189e-4 0.941387 0.4697741 0.001374426 0.882784 0.1967891 -2.82668e-4 0.9512762 0.1967891 6.55125e-4 0.9512745 7.96211e-9 -0.001372469 0.9999987 9.70279e-10 4.3111e-4 0.9999984 -3.63425e-10 -0.001121052 0.9999986 -4.79016e-9 -0.002125318 0.9999967 7.60843e-11 -7.83958e-4 0.9999991 0.2348915 6.16261e-4 0.9413851 -7.59939e-11 7.8389e-4 0.9999991 4.2197e-9 0.001558335 0.9999982 -5.10838e-9 -5.88405e-4 0.999998 0.4697729 0.002523515 0.8827809 2.18472e-7 -1 0 2.17564e-7 -1 0 2.1889e-7 -1 0 2.19806e-7 -1 0 2.16721e-7 -1 -9.05833e-10 2.1436e-7 -1 2.11034e-15 2.17438e-7 -1 8.86565e-10 2.19806e-7 -1 0 2.15211e-7 -1 -8.8096e-10 2.17564e-7 -1 8.24254e-15 2.14499e-7 -1 9.0016e-10 2.12154e-7 -1 -6.72771e-15 0.8937365 -0.009566202 0.2231066 0.8898167 -0.3986042 0.222128 0.8937365 -0.009566202 0.2231067 0.8976564 0.3794718 0.2240852 -0.6442346 3.24201e-5 0.764823 -0.6442347 -0.002710937 0.7648231 -0.6442346 3.24201e-5 0.7648231 -0.6442345 0.002775778 0.764823 0 0 1 0 0 1 0.4697585 8.71013e-4 0.8827942 0.4697581 1.24795e-4 0.8827936 0.04024691 -0.1013817 0.9778272 -0.1047111 0.001889592 0.9945009 0.04023537 -0.1013977 0.9778261 0.1851964 -0.2046649 0.9611527 0.03890118 0.1009539 0.984839 0.1488727 0.1793141 0.9724625 0.03891073 0.1009406 0.9848399 -0.07105759 0.02257597 0.9972167 0.4694906 -0.003944547 0.8822679 0.469554 0.03020888 0.8823868 0.4694906 -0.003944547 0.8822678 0.4694271 -0.03809798 0.8821489 0.4697583 -2.23922e-4 0.8827939 0.4697583 -0.00134087 0.8827937 7.35889e-6 1 0 5.4301e-6 1 0 7.35889e-6 1 0 9.28767e-6 1 0 6.55343e-6 0 -1 7.40823e-6 0 -1 6.55343e-6 0 -1 5.69862e-6 0 -1 -1.32058e-6 1 -7.72058e-6 -1.32058e-6 1 -8.68565e-6 -1.32058e-6 1 -7.72058e-6 -1.32058e-6 1 -6.7555e-6 1e-5 -1 0 1.19288e-5 -1 0 1e-5 -1 0 8.07125e-6 -1 0 6.55343e-6 0 -1 5.69862e-6 0 -1 6.55343e-6 0 -1 7.40823e-6 0 -1 1.32058e-6 -1 -7.72057e-6 1.32058e-6 -1 -6.7555e-6 1.32058e-6 -1 -7.72057e-6 1.32058e-6 -1 -8.68565e-6 0.5211866 -0.4658232 0.1006341 0.527156 0.4723122 -0.07965493 0.519933 0.4458837 -0.1651564 0.5205547 -0.4436304 0.1723792 0.5221774 0.3742944 -0.2857408 0.5232327 -0.3930134 0.2653176 0.5208775 0.2677073 -0.3882208 0.5192235 -0.3309302 0.3514475 0.5040806 0.1751508 -0.4590048 0.4988072 -0.2787295 0.4236629 0.6179372 0.09228929 -0.393796 0.5717314 -0.233614 0.3288206 0.5067417 -0.4919449 -0.05050162 0.4930384 0.505594 -0.01030759 0.5922082 0.4613073 0.0504202 0.5945537 -0.4587125 -0.03642422 0.6289742 0.3703063 0.1970956 0.7178809 -0.3465778 -0.1461161 -0.4693215 -0.3234415 0.4221061 -0.4633847 -0.3836158 0.3653544 -0.4126463 -0.5742375 -0.05157553 -0.5060502 -0.5207358 0.07577757 0 -0.9990624 0.02953161 0.234385 -0.8929827 -0.1351819 -0.4553421 -0.4740858 -0.1169475 0.2333309 -0.898212 -0.09280613 -0.4744239 -0.4411938 0.2803875 -0.4053017 -0.3113334 0.4892363 -0.4662255 -0.5258026 0.1662557 0 0.9978484 -0.05885221 0.2405323 0.8850953 0.1242132 0.210117 0.9204795 0.1267749 -0.4911664 0.3897515 -0.402782 -0.4943825 0.2891383 -0.467305 -0.490302 0.5612454 -0.1163028 -0.4937117 0.4737111 -0.2649862 -0.4745799 0.2544479 -0.6036924 -0.4290371 0.5487535 -0.3008245 -0.1033515 0.7480719 -0.2847677 0.0881465 0.9367672 -0.1310278 -0.451329 0.4369438 -0.2350727 -0.417008 0.4952733 0.02767034 -0.4300958 0.2845433 -0.4049416 -0.4454219 0.08698841 -0.4972621 -0.3438258 -0.01743695 -0.4938684 -0.558398 0.3769698 0.3522689 -0.6218701 0.07602067 0.4677941 -0.8830548 -0.06738063 0.3356811 0.4532229 0.04837558 -0.5875399 0.4738197 0.02624002 -0.5498438 0.2379551 0.6914561 0.05956308 0.2313986 0.6883714 0.03861447 0.5475822 0.05808383 -0.4787374 0.1777621 0.7009551 0.100491 -0.03798642 0.05134542 0.7141624 -0.0909179 0.02899235 0.691535 -0.198389 0.05764321 0.6463907 0.01460325 -0.7125212 -3.66443e-4 0.02310719 -0.7155937 0.004048179 0.1256129 -0.7069797 0.07127625 0.3562956 -0.6643147 0.04801716 0.3067481 -0.6745255 0.07191585 0.1815187 -0.7013845 0.1043228 0.5670484 0.03708112 -0.3836546 0.1372006 0.6999019 0.1530085 0.5522806 -0.02363672 -0.4266766 0.1445433 0.6544261 0.257811 -0.3168117 0.03309803 0.6609767 -0.3545759 -0.08684149 0.636759 0.1348101 -0.7118996 0.1667165 -0.04055056 -0.7486384 0.001739842 0.05754042 -0.7109046 0.07831012 0.005333837 -0.6797429 0.04938234 0.4371528 0.01924506 -0.5510498 0.2288714 0.5682853 0.3221133 -0.3447062 -0.154025 0.6190659 -0.2927808 -0.6282819 -0.2372991 -0.05766879 -0.6549437 -0.06443009 0.3935389 0.07874721 -0.5998915 0.3619511 0.4453568 0.4006077 -0.4166597 -0.07784265 0.5875958 -0.5207237 -0.4668256 -0.3140832 -0.3364381 -0.3874786 -0.2119007 0.3838043 0.09464849 -0.6084711 0.4718945 0.2555715 0.4090507 -0.4267244 0.1030114 0.604576 -0.6263929 -0.2037146 -0.3253514 -0.5423685 0.06331127 -0.247663 0.3893141 0.2454156 -0.5577881 0.5275036 0.05886152 0.4072955 0.4930897 0.3188932 -0.4854986 0.5908684 -0.1198454 0.3823588 -0.332401 0.140154 0.6436996 -0.229051 0.1480067 0.6750448 -0.6194824 0.2911586 -0.2480325 -0.3540342 0.6744495 -0.09186678 -0.5203406 0.3165515 -0.1983496 -0.4141833 0.4764549 -0.1459486 0.5371018 0.1813587 -0.4941517 0.6233587 -0.2663312 0.3557785 -0.020283 0.1993029 0.7159426 -0.2065577 0.7543183 -0.02397389 -0.1540419 0.6409104 -0.01138692 0.4924981 0.04491641 -0.5564129 0.6420913 -0.390161 0.2338705 0.235421 0.1928802 0.7141422 -0.03919809 0.7322596 -0.04781385 0.09854048 0.7267588 -0.01424925 0.4426617 0.009699275 -0.6170253 0.6200103 -0.4705954 0.0707124 0.4182926 0.0209581 -0.6771513 0.5756065 -0.5100033 -0.005311242 0.3875702 0.1558211 0.6370081 0.4046683 0.1925031 0.5800496 0.08806308 0.7397534 -0.09922101 0.1006272 0.7188188 -0.1444959 0.2579517 0.7327646 -0.1023138 0.344019 0.7112186 -0.1853499 0.4068787 0.04885939 -0.6068581 0.4296507 0.02665291 -0.5718853 0.1876403 0.6997096 0.04698493 0.1711239 0.6968248 0.02855116 0.5096141 0.05863283 -0.5091049 0.129412 0.7080803 0.0735198 -0.0907396 0.05168271 0.7079884 -0.1413059 0.02914895 0.6807073 -0.2431397 0.05813126 0.6260881 -0.0380327 -0.7121066 -0.007793197 -0.02590144 -0.7165216 -0.007662765 0.09638145 -0.7100619 0.05400777 0.3113432 -0.6759916 0.04163294 0.2618908 -0.6852835 0.06117516 0.146969 -0.7072742 0.0839013 0.5432736 0.03774027 -0.413223 0.09905556 0.7074536 0.1125881 0.5426196 -0.007417089 -0.4415989 0.1093545 0.6785974 0.2026738 -0.3644988 0.03499208 0.6249679 -0.3996132 -0.06004936 0.6016126 0.1088627 -0.7171296 0.1371309 -0.02810993 -0.7384677 0.002099937 0.03201071 -0.7125632 0.04913872 -0.01921276 -0.6869333 0.01046764 0.4888203 -0.02014709 -0.4977039 0.2003291 0.6104979 0.3087813 -0.4605308 -0.08864219 0.5518131 -0.2105186 -0.6974188 -0.1753761 -0.1664158 -0.5829306 -0.1388092 0.4433283 0.01922729 -0.5759705 0.315737 0.4661968 0.3779993 -0.5023093 0.005156371 0.5369537 -0.4394977 -0.5364414 -0.2888071 -0.4260245 -0.3085779 -0.2608852 0.3814937 0.1095738 -0.6081753 0.4337053 0.3095765 0.4145561 -0.4477215 0.1387486 0.594465 -0.6403359 -0.2244148 -0.317271 -0.5310709 0.08711775 -0.230126 0.3900695 0.2774332 -0.5457385 0.5252272 0.1037565 0.4116359 0.5057417 0.349745 -0.4655008 0.6025788 -0.07697509 0.3917486 -0.3227024 0.1888419 0.6447867 -0.2044201 0.1859618 0.6803406 -0.6101099 0.3137052 -0.2405448 -0.32853 0.6974972 -0.07643236 -0.5060984 0.3683738 -0.1845335 -0.3881726 0.5154738 -0.1282985 0.5589369 0.2040587 -0.4728317 0.6435128 -0.2313976 0.3647593 0.01137164 0.2229601 0.7189874 -0.1795119 0.7667835 -0.01161893 -0.1211103 0.6592439 0.003917869 0.5240282 0.06156386 -0.53779 0.6671734 -0.3652907 0.2390152 0.2710076 0.206971 0.7093643 -5.6665e-4 0.7392849 -0.03884865 0.1373122 0.7301329 -0.005058992 0.4769347 0.02273884 -0.6056735 0.6510287 -0.4462341 0.06750599 0.4542951 0.03230531 -0.6678243 0.6085856 -0.4874052 -0.013613 0.4225166 0.1654829 0.6235873 0.4410193 0.2010436 0.5623603 0.1306223 0.7416518 -0.1004669 0.1400563 0.7196856 -0.151485 0.296728 0.7296174 -0.1028084 0.3780848 0.7046181 -0.1900894 -0.2178447 -0.8862609 0.2310358 -0.2080454 -0.8948305 -0.2261433 -0.05875614 -0.9926144 -0.06146328 -0.2826474 -0.902641 -0.08813645 -0.2247829 -0.145311 0.2723232 2.40001e-7 -0.993214 -0.1163012 -3.88221e-9 -0.993214 -0.1163011 -0.05179671 -0.8778506 -0.362835 -0.05179649 -0.8410382 -0.441504 -0.2089127 0.8943868 0.2251331 -0.4310737 0.5551281 0.2458906 -0.4302133 0.5560172 -0.2489729 -0.218481 0.8859317 -0.2302737 7.04647e-8 -0.4657091 -0.8333219 1.41959e-7 -0.465709 -0.8333219 0.03404576 -0.03020042 -0.978606 0.03404577 0.03020044 -0.978606 -5.03956e-8 0.4657091 -0.8333219 -1.09786e-8 0.4657091 -0.8333219 -0.04874377 0.8384836 -0.4590344 -0.04874387 0.8749466 -0.3850141 0.116924 0.2133137 -0.5767989 0.08911823 0.3536791 -0.6892463 -0.308031 0.663623 -0.3417702 0.06424631 0.4727034 0.511221 0.182018 0.5185195 -0.3525253 0.5191204 0.4875139 -0.01784948 -0.05829315 0.9926755 0.0619023 -0.3124391 0.8759733 -0.1059561 0.4013502 0.7981804 7.76521e-4 3.90281e-4 0.5072741 0.4827498 9.61824e-5 0.4907736 -0.514747 -0.429541 -0.5566868 0.2513362 -0.4308388 -0.5553573 -0.2467067 -0.4964029 -0.440337 0.01054363 -0.4964305 0.4403612 -2.7125e-8 0.3327309 -0.6917581 0.3204532 0.932399 0.2340697 0.03523228 0.1946796 0.2785829 -0.3079543 0.2836049 0.923003 0.1070267 -0.3008093 0.6541587 -0.3174261 -0.3515334 -0.3152726 0.6693776 -7.15924e-4 0.006300361 0.9998966 -0.3419066 -0.3273591 0.6577738 -4.33256e-9 0.01827013 0.9998331 -0.3402965 0.6520242 -0.3347637 0.3258657 0.6814544 0.3315275 0.5211867 0.4658235 0.1006342 0.5205547 0.4436308 0.1723791 0.519933 -0.4458833 -0.1651564 0.5271561 -0.4723117 -0.07965484 0.5232322 0.393014 0.2653176 0.5221778 -0.374294 -0.2857406 0.5192234 0.3309306 0.3514474 0.5208775 -0.267707 -0.3882209 0.4988072 0.2787299 0.4236628 0.5040805 -0.1751505 -0.4590048 0.5717313 0.2336144 0.328821 0.6179371 -0.09228889 -0.3937961 0.5067408 0.4919456 -0.05050226 0.594554 0.4587125 -0.03642441 0.5922085 -0.4613065 0.05042039 0.4930376 -0.5055944 -0.01030723 0.7178809 0.346578 -0.1461162 0.5697234 -0.3808606 0.2256201 -0.4633853 0.3836153 0.3653542 -0.4693215 0.3234411 0.4221062 -0.4126455 0.5742375 -0.05157665 0.2343841 0.8929829 -0.1351812 0 0.9990624 0.0295316 -0.5060505 0.5207356 0.07577783 -0.4553422 0.4740851 -0.116948 0.233331 0.8982123 -0.0928061 -0.4744239 0.4411936 0.2803875 -0.4053017 0.311333 0.4892363 -0.4662257 0.525802 0.1662555 0.2405317 -0.8850955 0.1242126 0 -0.9978484 -0.05885219 0.08642484 -0.7995032 0.4129291 -0.4943823 -0.2891384 -0.4673054 -0.4911661 -0.3897523 -0.4027816 -0.4937116 -0.4737116 -0.2649861 -0.4898425 -0.5563531 -0.1470262 -0.47458 -0.2544479 -0.603692 -0.1033505 -0.7480739 -0.2847666 -0.4290355 -0.5487546 -0.3008269 0.05541173 -0.9559543 -0.1208576 -0.4170082 -0.4952738 0.0276704 -0.4513287 -0.4369442 -0.2350727 -0.4300955 -0.2845434 -0.4049419 -0.4454219 -0.08698927 -0.4972618 -0.3438264 0.01743613 -0.4938684 -0.5584 -0.3769679 0.3522711 -0.6218702 -0.07602029 0.4677944 -0.8830551 0.06737941 0.3356808 0.4532233 -0.0483749 -0.5875405 0.2313988 -0.6883704 0.03861492 0.2379555 -0.6914554 0.05956265 0.4738201 -0.02623937 -0.5498442 0.1777602 -0.7009597 0.1004848 0.5475824 -0.0580834 -0.4787377 -0.03798651 -0.05134562 0.7141629 -0.09091887 -0.02898871 0.6915315 -0.1983836 -0.05766531 0.6463818 0.01460325 0.7125205 -3.66252e-4 0.02310663 0.71559 0.004050935 0.1256226 0.7069703 0.07129369 0.3067509 0.6745225 0.07191788 0.3562959 0.6643138 0.04801723 0.1815125 0.7013753 0.104331 0.1372011 -0.6999022 0.1530081 0.5670485 -0.0370807 -0.3836544 0.1445432 -0.654426 0.257811 0.5522806 0.02363674 -0.4266766 -0.3168114 -0.03309624 0.6609744 -0.3545759 0.0868415 0.6367589 0.1348131 0.7118967 0.166725 -0.04055043 0.7486383 0.001739648 0.05753629 0.710903 0.07830984 0.005333844 0.6797434 0.04938235 0.228872 -0.5682854 0.3221128 0.437153 -0.01924449 -0.5510497 -0.3447062 0.1540243 0.6190655 -0.2927808 0.6282819 -0.2372991 -0.05766879 0.6549437 -0.06443009 0.3619511 -0.4453575 0.4006073 0.3935388 -0.07874602 -0.5998914 -0.4166595 0.07784204 0.5875956 -0.5207237 0.4668256 -0.3140832 -0.336438 0.3874789 -0.2119005 0.4718946 -0.2555712 0.4090508 0.3838045 -0.09464836 -0.608471 -0.4267243 -0.1030113 0.604576 -0.6263927 0.2037146 -0.3253515 -0.5423687 -0.06331247 -0.2476629 0.5275035 -0.05886211 0.4072957 0.3893148 -0.2454153 -0.5577878 0.5908691 0.1198452 0.3823585 0.4930899 -0.3188924 -0.4854989 -0.3324004 -0.1401545 0.6436999 -0.2290507 -0.1480072 0.6750447 -0.6194831 -0.2911579 -0.2480323 -0.3540331 -0.6744495 -0.09186741 -0.5203397 -0.3165519 -0.1983485 -0.4141828 -0.4764559 -0.1459492 0.6233589 0.2663305 0.3557783 0.5371024 -0.1813576 -0.4941523 -0.02028296 -0.1993032 0.7159426 -0.2065569 -0.7543181 -0.0239743 -0.1540426 -0.6409094 -0.01138768 0.6420909 0.3901614 0.233871 0.492498 -0.04491496 -0.5564133 0.2354211 -0.1928807 0.714142 -0.03919756 -0.7322592 -0.04781503 0.09854055 -0.7267594 -0.0142505 0.6200103 0.4705958 0.07071214 0.4426618 -0.009699135 -0.6170256 0.5756064 0.5100034 -0.005311689 0.418293 -0.02095774 -0.6771515 0.3875704 -0.1558206 0.6370082 0.4046681 -0.1925027 0.5800496 0.08806316 -0.7397541 -0.09922052 0.1006273 -0.7188183 -0.1444965 0.2579518 -0.7327642 -0.1023134 0.344019 -0.7112186 -0.1853505 0.4068791 -0.04885885 -0.6068587 0.1711241 -0.6968239 0.0285516 0.1876406 -0.699709 0.04698438 0.429651 -0.02665224 -0.5718857 0.1294149 -0.7080753 0.07352558 0.5096143 -0.05863244 -0.5091051 -0.09073975 -0.05168297 0.707989 -0.1413049 -0.02915307 0.6807113 -0.2431454 -0.05810984 0.6260975 -0.03803277 0.7121058 -0.007793094 -0.02590109 0.7165246 -0.007665073 0.09637087 0.7100705 0.05399102 0.2618876 0.6852854 0.06117361 0.3113436 0.6759907 0.04163308 0.1469741 0.7072829 0.08389407 0.09905591 -0.7074539 0.1125877 0.5432736 -0.03773986 -0.4132228 0.1093546 -0.6785978 0.2026736 0.5426196 0.007417012 -0.441599 -0.3644986 -0.03499482 0.6249706 -0.3996132 0.06004951 0.6016127 0.1088587 0.7171331 0.1371238 -0.02810998 0.738468 0.002100043 0.03201323 0.7125651 0.04913971 -0.01921286 0.6869335 0.01046769 0.2003283 -0.6104982 0.3087822 0.4888204 0.02014642 -0.4977042 -0.4605308 0.08864293 0.5518133 -0.2105175 0.6974188 -0.1753764 -0.1664156 0.5829311 -0.1388103 0.3157375 -0.4661972 0.3779987 0.4433287 -0.01922682 -0.5759707 -0.5023093 -0.005156745 0.5369536 -0.4394977 0.5364416 -0.2888071 -0.4260244 0.3085775 -0.260885 0.4337055 -0.3095759 0.4145562 0.3814939 -0.1095739 -0.6081754 -0.4477215 -0.1387485 0.594465 -0.6403357 0.2244149 -0.3172711 -0.531071 -0.08711898 -0.2301261 0.5252272 -0.1037572 0.4116361 0.3900702 -0.2774329 -0.5457382 0.6025794 0.07697487 0.3917484 0.505742 -0.3497442 -0.4655011 -0.3227016 -0.1888423 0.644787 -0.2044196 -0.1859622 0.6803406 -0.6101105 -0.3137045 -0.2405445 -0.3285289 -0.6974971 -0.07643298 -0.5060974 -0.3683743 -0.1845326 -0.388172 -0.5154748 -0.1282991 0.643513 0.2313969 0.3647591 0.5589375 -0.2040575 -0.4728322 0.01137168 -0.2229604 0.7189874 -0.1795112 -0.7667833 -0.01161929 -0.1211109 -0.6592429 0.003917154 0.667173 0.3652912 0.2390156 0.5240282 -0.06156238 -0.5377905 0.2710077 -0.2069714 0.7093641 -5.66196e-4 -0.7392844 -0.03884985 0.1373122 -0.7301335 -0.005060223 0.6510287 0.4462345 0.06750575 0.4769348 -0.0227387 -0.6056738 0.6085854 0.4874054 -0.01361345 0.4542954 -0.03230493 -0.6678245 0.4225167 -0.1654824 0.6235874 0.4410191 -0.2010432 0.5623603 0.1306223 -0.7416524 -0.1004665 0.1400563 -0.7196851 -0.1514855 0.296728 -0.7296171 -0.1028079 0.3780848 -0.704618 -0.1900899 -0.2178438 0.8862618 0.2310353 -0.224785 0.1453138 0.2723251 -0.2826478 0.9026406 -0.08813694 -0.05875611 0.9926144 -0.06146328 -0.2080453 0.8948306 -0.2261432 -2.48272e-7 0.993214 -0.116301 -0.05179695 0.8410384 -0.4415037 -0.05179684 0.8778508 -0.3628348 1.46293e-9 0.993214 -0.1163011 -0.2089119 -0.894387 0.2251331 -0.2184795 -0.8859327 -0.2302731 -0.430213 -0.5560175 -0.2489728 -0.4310734 -0.5551285 0.2458905 -2.34523e-7 0.4657089 -0.8333218 -5.49612e-8 0.4657088 -0.8333218 0.03404556 0.03020026 -0.9786062 0.03404565 -0.03020037 -0.9786062 2.13131e-7 -0.4657089 -0.8333217 2.90468e-8 -0.4657086 -0.8333218 -0.04874365 -0.874947 -0.385012 -0.04874388 -0.8384841 -0.4590326 0.08911233 -0.3536579 -0.6892485 0.1169238 -0.2133158 -0.5767983 -0.3080292 -0.6636229 -0.3417707 0.519121 -0.4875155 -0.01784968 0.1820152 -0.5185156 -0.3525226 0.06424781 -0.4727028 0.5112202 -0.05829246 -0.9926756 0.06190228 0.4013464 -0.7981863 7.63137e-4 -0.3124384 -0.8759758 -0.1059481 9.65567e-5 -0.490742 -0.5147457 3.96574e-4 -0.5072524 0.4827553 -0.4308388 0.5553566 -0.2467069 -0.429541 0.5566861 0.2513364 -0.4964028 0.4403372 0.01054371 -0.4964305 -0.4403618 -3.255e-8 0.3327308 0.6917592 0.3204527 0.9323983 -0.2340723 0.03523295 0.1946804 -0.2785832 -0.3079549 0.2836054 -0.9230034 0.1070279 -0.3008077 -0.6541579 -0.3174254 -0.3515339 0.315272 0.6693776 -0.3419071 0.3273588 0.6577736 -7.15712e-4 -0.006299565 0.9998969 3.56245e-9 -0.01820459 0.9998343 0.3258768 -0.6814308 0.3315301 -0.3403049 -0.6520015 -0.3347649 -0.02613427 0.499291 0.4949421 -0.3350526 0.3253761 0.678522 0.335053 -0.3253778 0.678518 0.02612839 -0.4992913 0.4949454 0.3350525 0.3253785 0.6785178 -0.3350521 -0.3253768 0.6785218 -0.026134 -0.499291 0.4949431 0.02612812 0.4992912 0.4949463 0.6621908 0.3274647 0.3587113 0.6620314 -0.3271468 0.3588649 0.9989489 -0.00824379 0.04352923 0.9989379 0.00802724 0.0437432 -0.6626644 0.3283982 0.3582636 -0.6620303 -0.3271455 0.3588726 -0.998911 -0.007537369 0.04423745 -0.9990068 0.009440303 0.04236074 -0.9989399 -0.03427242 0.01780918 -0.4185887 -0.5904261 -0.1613223 -0.4660132 -0.5425264 0.06341635 -0.9989852 -0.03341146 -0.01865114 0.4660134 -0.5425262 -0.06341628 0.418589 -0.5904259 0.1613222 0.9989399 -0.03427169 -0.01780915 0.9989853 -0.03341073 0.01865111 0.02583069 -0.5064055 -0.4992913 -0.02582867 -0.5064063 0.4992913 -0.02583508 -0.5064101 -0.4992909 0.0258371 -0.5064092 0.499291 -0.4979605 -0.6388626 0.2131648 -0.3861085 -0.7589503 0.1058285 -0.2606591 -0.816876 0.1836645 -0.2978902 -0.746085 0.3576502 0.3756962 -0.757437 -0.1800297 0.5089501 -0.6571089 -0.155324 0.3536964 -0.7049223 -0.3262077 0.1891236 -0.8433724 -0.2362417 0.1034472 -0.5927183 -0.5453662 -0.2345334 -0.634757 -0.446109 0.005480913 -0.7257476 -0.411767 0.08202826 -0.7549651 0.3789422 0.1764369 -0.6308414 0.5065024 -0.1274271 -0.77323 0.3636625 -0.03345932 -0.5776193 0.606548 0.1360529 -0.7703385 -0.3571771 0.0073067 -0.8267264 -0.3420931 -0.07625965 -0.8467366 -0.3216603 0.00723436 -0.8264404 0.3420039 -0.07888293 -0.8466786 0.3205407 0.0159908 -0.8747829 -0.1252349 -0.03119754 -0.9163626 -0.1332186 0.008831211 -0.8904582 0.1264321 -0.01868011 -0.9273371 0.1330017 -0.1818181 0.272727 -0.2727274 -0.6666667 0.3333331 -0.3333334 -0.6666667 -0.3333335 0.3333333 -0.1818182 -0.2727275 0.2727272 -0.5340574 -0.4659309 -0.06812649 -0.4990851 -0.5009001 -0.001814919 -0.499451 0.5005261 0.001075988 -0.5833334 0.4166665 0.1666667 -0.4999998 -2.63305e-7 -0.5 -0.5000001 -2.63305e-7 0.5 -0.4999999 -2.63305e-7 0.5 -0.5000001 -2.63305e-7 -0.5 0 0.9999953 -0.00177896 0 1 0 0.2715289 0.9094296 0.0948429 0 1 0 0 -1 0 0.2719787 -0.9093255 -0.09338942 0 -1 0 0.3302492 0.6696668 0.3394175 0.3333333 -0.6666667 -0.3333334 0.3711129 0.3594042 -0.6445063 0.4691369 -0.4381866 -0.4520385 0.3711149 -0.3594046 -0.6445057 0.4691345 0.4381876 -0.4520389 0.2153602 0.536945 -0.4824697 0.5178056 -0.5341365 -0.2142039 0.2153617 -0.536946 -0.4824682 0.5178035 0.5341378 -0.2142043 -0.3782048 0.3679525 -0.6355584 -0.4828509 0.4365959 -0.449124 -0.3773367 -0.3671098 -0.6357483 -0.4839679 -0.435044 -0.4475236 -0.2186649 0.5432643 -0.4628494 -0.5308461 0.5313956 -0.2139513 -0.217689 -0.5408337 -0.4633578 -0.531125 -0.5294804 -0.2131811 0.8640706 0.02869911 0.1485811 0.9442537 0.09437026 0.07636753 0.8604654 -0.2996944 -0.1713055 0.5917415 -0.6517862 -0.2442089 0.5844721 -0.5231261 -0.1671778 0.1592355 -0.9597075 -0.07419248 0.5516293 -0.5331249 0.04944528 0.2429564 -0.8873767 0.3316045 0.7955606 -0.3061036 0.1268646 0.7339563 -0.3985603 0.3641649 0.9317378 0.0939539 -0.07455652 0.8022827 0.337668 -0.09706303 0.7190773 0.4382988 -0.2156117 0.334538 0.8640928 -0.2246354 0.5210416 0.5539513 -0.06443582 0.1250519 0.9658452 0.1392735 0.6517353 0.4698741 0.08914975 0.4808548 0.6992711 0.4322106 0.723117 -0.4753899 -0.1976943 0.9030047 -0.1814525 -0.1470359 0.6512318 -0.4807697 -0.2235653 0.2419274 -0.9163986 -0.1817396 0.5215731 -0.5520465 -0.03226634 0.1626788 -0.9448266 0.2180857 0.7200031 -0.3977259 0.1158021 0.6044044 -0.5866793 0.4079947 0.9256255 -0.02995215 -0.02816878 0.8617406 0.1282469 0.01661115 0.7996601 0.3611458 -0.2275727 0.4735478 0.7558275 -0.2696201 0.8184546 0.250569 0.2633746 0.8940616 0.2007959 0.1244237 0.5431576 0.5422469 -0.143233 0.1257646 0.9721127 0.01159541 0.5905692 0.5245662 0.03610367 0.344793 0.8208726 0.3846435 -0.1818182 -0.2727275 0.2727272 -0.1818181 0.272727 -0.2727274 -0.6666667 0.3333331 -0.3333333 -0.6666666 -0.3333336 0.3333332 -0.2 -0.4 0.6 -8.60319e-8 -0.4999999 0.5000001 -0.1669703 0.4160562 0.5830262 0.1672652 0.4154629 0.5827282 -0.5000001 -2.63305e-7 0.5 -0.4999998 -2.63305e-7 -0.5 0 1 0 0 1 0 0 -0.002438242 0.9999911 -0.5 0 0.5000001 0.2733899 0.08869172 0.9088611 0.5 0 0.5000001 0.4999935 -0.003604732 0.4999934 -0.5 0 0.4999999 -0.273217 0.08926994 0.9089212 -0.3333335 -0.6666666 -0.3333332 0.3333333 -0.6666666 -0.3333334 0.3333333 0.3333334 0.6666667 -0.3333333 0.3333332 0.666667 0.7536194 0.2416606 0.0301281 0.7042045 -0.5098736 0.032415 0.4595937 0.05447354 0.7459348 0.2639186 0.2039513 0.8036285 0.107267 -0.3175717 0.7108967 -0.7078023 0.2061398 0.3887906 -0.6554198 -0.296102 0.4004454 0.09587724 0.3181742 0.6825885 -0.7360781 0.2835905 -0.3110757 -0.7332497 -0.2290831 -0.2948772 -0.1422193 0.1304859 -0.7936168 -0.2409569 -2.50176e-4 -0.7671413 0.5505837 -0.1533886 -0.5982518 0.5031859 0.2720168 -0.6439326 -0.0637195 0.1936033 -0.7789731 0.5455604 -0.4056791 -0.5243039 0.5486912 -0.6917914 0.1606755 0.5143464 -0.1283759 0.722708 -0.3525018 -0.278594 0.7558256 -0.6733988 0.3996901 0.4540013 -0.7037645 0.552043 -0.2144078 0.5293498 0.4118357 -0.5276324 0.5786041 0.6470411 0.1522118 -0.09073706 -0.1890724 -0.7808921 -0.71065 -0.546181 -0.2129921 -0.687801 -0.3902245 0.4476533 -0.3762883 0.2802078 0.746307 0.3250921 0.1830407 0.7881297 0.02613398 0.4992909 0.4949431 -0.02612809 -0.4992913 0.4949464 -0.3350525 -0.3253786 0.6785177 0.335052 0.3253768 0.6785219 -0.3350531 0.3253779 0.6785179 -0.02612836 0.4992912 0.4949454 0.02613424 -0.4992909 0.4949422 0.3350526 -0.3253761 0.678522 -0.662192 0.3274643 0.3587109 -0.9989379 0.008026775 0.04374316 -0.9989489 -0.008244246 0.04352919 -0.6620302 -0.3271472 0.3588654 0.6626633 0.3283986 0.358264 0.9990068 0.009440759 0.0423607 0.998911 -0.007536902 0.04423741 0.6620315 -0.3271451 0.3588722 0.9989399 -0.03427187 0.01780913 0.9989853 -0.03341089 -0.01865106 0.4660135 -0.5425264 0.06341613 0.4185887 -0.5904258 -0.1613224 -0.4660133 -0.5425264 -0.06341624 -0.9989852 -0.03341115 0.0186511 -0.9989399 -0.03427214 -0.01780917 -0.4185884 -0.5904258 0.1613225 0.02583154 -0.5064054 0.4992912 -0.02582928 -0.5064064 -0.4992912 -0.02583415 -0.5064101 0.499291 0.02583639 -0.5064093 -0.4992909 0.4979623 -0.6388609 0.2131638 0.2978919 -0.7460844 0.3576499 0.2606602 -0.8168754 0.1836641 0.3861096 -0.7589492 0.105828 -0.3756969 -0.7574361 -0.180029 -0.1891242 -0.843372 -0.2362413 -0.3536973 -0.704921 -0.3262077 -0.5089512 -0.657107 -0.1553233 -0.1818182 -0.2727275 -0.2727272 -0.1818181 0.2727271 0.2727274 -0.6666667 0.3333331 0.3333333 -0.6666666 -0.3333336 -0.3333332 -0.5340573 0.4659306 -0.06812652 -0.5833333 -0.4166669 0.1666666 -0.499451 -0.5005263 0.001076007 -0.4990851 0.5008999 -0.0018149 -0.5000001 -2.63305e-7 -0.4999999 -0.4999998 -2.63305e-7 0.5 -0.5000001 -2.63305e-7 0.5 -0.4999998 -2.63305e-7 -0.5 0 -0.9999953 -0.00177896 0 -1 0 0.2715289 -0.9094296 0.09484294 0 -1 0 0 1 0 0 1 0 0.2719787 0.9093256 -0.09338934 0.3302491 -0.6696667 0.3394176 0.3333335 0.6666666 -0.3333332 0.3711134 -0.3594039 -0.6445064 0.4691352 -0.438187 -0.452039 0.3711142 0.3594049 -0.6445057 0.4691363 0.438187 -0.4520385 0.5178052 0.5341368 -0.214204 0.2153612 -0.5369448 -0.4824698 0.5178042 -0.5341374 -0.2142039 0.2153607 0.5369461 -0.4824681 -0.3782037 -0.3679525 -0.6355584 -0.4839682 0.4350437 -0.4475238 -0.3773366 0.3671099 -0.6357482 -0.4828507 -0.4365957 -0.449124 -0.5308466 -0.5313956 -0.2139506 -0.2186638 -0.5432639 -0.4628496 -0.5311256 0.5294802 -0.213181 -0.2176889 0.5408338 -0.4633576 0.8640704 -0.02869831 0.1485814 0.5917405 0.6517868 -0.2442087 0.8604652 0.2996953 -0.1713055 0.9442538 -0.09436958 0.07636734 0.1592328 0.959708 -0.07419253 0.5844709 0.5231267 -0.1671779 0.2429543 0.8873771 0.3316048 0.551628 0.5331252 0.04944522 0.7339558 0.3985612 0.3641651 0.79556 0.3061044 0.1268646 0.802283 -0.3376673 -0.09706318 0.9317379 -0.09395311 -0.07455635 0.3345394 -0.8640924 -0.2246353 0.7190779 -0.4382985 -0.2156115 0.1250537 -0.9658449 0.1392734 0.5210425 -0.5539513 -0.06443578 0.4808557 -0.6992709 0.4322104 0.651736 -0.4698739 0.08914979 0.7231162 0.4753908 -0.1976942 0.2419261 0.9163991 -0.1817393 0.6512314 0.4807702 -0.2235651 0.9030043 0.1814537 -0.1470363 0.162677 0.9448269 0.2180858 0.5215722 0.5520468 -0.03226623 0.6044039 0.5866795 0.4079948 0.7200024 0.3977263 0.1158022 0.8617407 -0.1282464 0.01661084 0.9256256 0.02995285 -0.02816862 0.4735481 -0.7558273 -0.2696201 0.7996605 -0.3611451 -0.2275726 0.8184549 -0.2505681 0.2633743 0.8940618 -0.2007953 0.1244236 0.125765 -0.9721127 0.01159533 0.5431576 -0.542247 -0.143233 0.3447942 -0.8208723 0.3846433 0.5905697 -0.5245658 0.03610359 -0.1818181 0.272727 0.2727274 -0.6666668 0.333333 0.3333334 -0.6666667 -0.3333335 -0.3333333 -0.1818182 -0.2727275 -0.2727272 -0.2 0.4 0.6 0.1672654 -0.4154628 0.5827281 -0.1669702 -0.4160561 0.5830261 6.88255e-8 0.5000001 0.4999999 -0.4999998 -2.63305e-7 0.5 -0.5000001 -2.63305e-7 -0.5 0 -1 0 0 -1 0 0 0.002438526 0.9999911 0.5 0 0.4999999 0.2733898 -0.0886914 0.9088612 -0.5 0 0.4999999 0.4999935 0.003605151 0.4999936 -0.2732172 -0.08926981 0.9089211 -0.5 0 0.5000001 -0.3333332 0.6666667 -0.3333335 0.3333333 0.6666668 -0.3333333 0.3333334 -0.3333333 0.6666665 -0.3333334 -0.3333335 0.6666664 0.75362 -0.2416609 0.03012735 0.2639193 -0.2039485 0.8036271 0.4595956 -0.05447549 0.7459339 0.7042046 0.5098733 0.03241527 0.107264 0.3175742 0.7108966 0.09587427 -0.3181744 0.6825856 -0.6554216 0.2961026 0.4004445 -0.7078025 -0.206139 0.3887906 -0.7332499 0.2290822 -0.2948773 -0.7360781 -0.2835912 -0.3110757 -0.2409571 2.50391e-4 -0.7671416 -0.1422193 -0.1304862 -0.7936166 0.5031858 -0.2720158 -0.6439329 0.5505834 0.1533891 -0.5982518 -0.06371924 -0.193603 -0.7789729 0.5455602 0.4056802 -0.5243037 0.5486911 0.6917915 0.1606756 0.5143473 0.1283767 0.722708 -0.3525024 0.2785943 0.7558257 -0.6733988 -0.3996899 0.4540013 -0.7037639 -0.5520439 -0.2144077 0.5293498 -0.411836 -0.5276322 0.5786062 -0.6470406 0.1522123 -0.09073682 0.1890725 -0.7808925 -0.7106502 0.5461805 -0.212992 -0.6878023 0.3902238 0.4476534 -0.3762926 -0.2802076 0.7463044 0.3250969 -0.1830393 0.7881282 -0.7536129 0.2416633 0.03012222 -0.2639478 0.2039592 0.8036294 -0.4596084 0.05445769 0.7459353 -0.704208 -0.5098773 0.03240993 -0.1073209 -0.317555 0.7109056 -0.09593093 0.3181565 0.6825966 0.6553942 -0.2961099 0.4004525 0.7077846 0.2061438 0.3887985 0.7332548 -0.2290794 -0.2948761 0.7360836 0.2835869 -0.3110749 0.2409576 -2.50129e-4 -0.7671404 0.1422199 0.1304862 -0.7936164 -0.5031812 0.2720234 -0.6439371 -0.5505793 -0.1533937 -0.5982549 0.06371701 0.1936024 -0.7789742 -0.5455572 -0.4056847 -0.5243075 -0.5487184 -0.6917788 0.1606823 -0.5143746 -0.1283604 0.7226946 0.3524782 -0.278587 0.7558429 0.6734073 0.3996786 0.4540018 0.7037722 0.5520379 -0.2143976 -0.5293473 0.4118417 -0.527636 -0.5786256 0.6470338 0.1522177 0.09073549 -0.1890718 -0.7808917 0.7106577 -0.5461763 -0.2129813 0.6878088 -0.3902133 0.4476538 0.3762651 0.2802023 0.7463231 -0.3251559 0.1830175 0.7881062 -0.7536183 -0.2416599 0.03012194 -0.7042067 0.5098748 0.03241005 -0.4596087 -0.05445893 0.7459349 -0.2639346 -0.203974 0.8036305 -0.1073204 0.3175554 0.7109063 0.7077849 -0.2061429 0.3887986 0.6553934 0.2961114 0.4004522 -0.0959325 -0.3181541 0.6825963 0.7360839 -0.2835876 -0.3110746 0.7332555 0.2290782 -0.2948764 0.1422199 -0.1304863 -0.7936161 0.2409576 2.50604e-4 -0.7671408 -0.5505792 0.1533941 -0.5982549 -0.5031814 -0.2720219 -0.6439373 0.06371711 -0.1936025 -0.7789739 -0.5455721 0.4056855 -0.5242962 -0.5487141 0.6917746 0.1606835 -0.5143515 0.1283751 0.7227062 0.3524773 0.2785933 0.7558367 0.6734078 -0.3996775 0.4540017 0.703772 -0.5520384 -0.2143977 -0.5293622 -0.411842 -0.5276246 -0.5786182 -0.6470327 0.152219 0.09073412 0.1890723 -0.7808932 0.7106579 0.5461754 -0.2129812 0.6878084 0.3902139 0.4476536 0.3762615 -0.2802065 0.7463181 -0.3250949 -0.1830397 0.7881279 -1 -2.05951e-7 -6.33576e-15 -1 -2.05951e-7 -6.33576e-15 -1 -2.05951e-7 -7.27771e-15 -1 -4.11903e-8 -1.39938e-15 -1 -4.11903e-8 3.29899e-16 -1 -4.11903e-8 -1.39938e-15 -0.2126166 0.7177851 0.6630073 -0.2126165 0.7177851 0.6630073 -0.2126166 0.7177851 0.6630073 -0.1916355 0.9814623 -0.002746762 -0.1916355 0.9814623 -0.002746762 -0.1916355 0.9814623 -0.002746762 -0.2126147 -0.9414798 -0.2615544 -0.2126146 -0.9414798 -0.2615544 -0.2126147 -0.9414798 -0.2615544 -0.1916347 -0.5140657 -0.8360697 -0.1916347 -0.5140657 -0.8360697 -0.1916347 -0.5140657 -0.8360697 -1 -8.17744e-7 -3.23181e-7 -1 -8.17744e-7 -3.23181e-7 -1 -8.17744e-7 -3.23181e-7 -1 -2.05951e-7 8.62112e-15 -1 -2.05951e-7 -3.50743e-15 -1 -2.05951e-7 8.62112e-15 -1 -1.61384e-7 -8.06922e-8 -1 -1.61384e-7 -8.06922e-8 -1 -1.61384e-7 -8.06922e-8 -1 -4.11903e-8 3.19324e-15 -1 -4.11903e-8 1.73066e-15 -1 -4.11903e-8 1.73066e-15 -1 8.36656e-8 -2.87602e-15 -1 8.36656e-8 -1.84482e-15 -1 8.36656e-8 -1.84482e-15 -1 1.67331e-7 1.67331e-7 -1 1.67331e-7 1.67331e-7 -1 1.67331e-7 1.67331e-7 -0.1236809 0.7158129 0.6872517 -0.1236809 0.7158129 0.6872517 -0.1236809 0.7158129 0.6872517 -0.1166419 0.9896511 0.08357876 -0.1166419 0.9896511 0.08357876 -0.1166419 0.9896511 0.08357876 -0.1236809 -0.9610633 -0.247104 -0.1236809 -0.9610633 -0.247104 -0.1236809 -0.9610633 -0.247104 -0.1166441 -0.5918063 -0.797596 -0.1166441 -0.5918063 -0.797596 -0.1166441 -0.5918063 -0.797596 -1 -8.30575e-8 -6.86895e-16 -1 -8.30575e-8 -6.86895e-16 -1 -8.30575e-8 -6.86895e-16 -1 8.36656e-8 3.67303e-16 -1 8.36656e-8 -1.97832e-15 -1 8.36656e-8 -1.97832e-15 -1 0 0 -1 0 0 -1 0 0 -1 1.67331e-7 1.67331e-7 -1 1.67331e-7 1.67331e-7 -1 1.67331e-7 1.67331e-7 -1 0 0 -1 0 0 -1 0 0 -1 -3.08761e-7 -6.17523e-7 -1 -3.08761e-7 -6.17523e-7 -1 -3.08761e-7 -6.17523e-7 -0.2116275 0.7049877 0.6769093 -0.2116275 0.7049877 0.6769093 -0.2116275 0.7049877 0.6769093 -0.1999223 0.9763309 0.08251651 -0.1999223 0.9763309 0.08251651 -0.1999223 0.9763309 0.08251651 -0.2116301 -0.9465632 -0.2433737 -0.2116301 -0.9465632 -0.2433737 -0.2116301 -0.9465632 -0.2433737 -0.199917 -0.5838085 -0.7868931 -0.199917 -0.5838085 -0.7868931 -0.199917 -0.5838085 -0.7868931 -1 -2.94917e-7 -1.02076e-15 -1 -2.94917e-7 4.07947e-15 -1 -2.94917e-7 4.07947e-15 -1 0 0 -1 0 0 -1 0 0 -1 1.00778e-5 7.99522e-6 -1 1.00778e-5 7.99522e-6 -1 1.00778e-5 7.99522e-6 -1 -3.08761e-7 -6.17523e-7 -1 -3.08761e-7 -6.17523e-7 -1 -3.08761e-7 -6.17523e-7 -1 0 0 -1 0 0 -1 0 0 -1 0 0 -1 0 0 -1 0 0 -0.1236801 0.7157933 0.6872723 -0.1236801 0.7157933 0.6872723 -0.1236801 0.7157933 0.6872723 -0.116647 0.9896421 0.08367792 -0.116647 0.9896421 0.08367792 -0.116647 0.9896421 0.08367792 -0.1236824 -0.961048 -0.2471626 -0.1236824 -0.961048 -0.2471626 -0.1236824 -0.961048 -0.2471626 -0.116642 -0.5917867 -0.7976109 -0.116642 -0.5917867 -0.7976109 -0.116642 -0.5917867 -0.7976109 -1 0 0 -1 0 0 -1 0 0 -1 0 0 -1 0 0 -1 0 0 -1 0 0 -1 0 0 -1 0 0 -1 0 0 -1 0 0 -1 0 0 -1 0 0 -1 0 0 -1 0 0 -1 0 0 -1 0 0 -1 0 0 -0.2116337 0.7050301 0.6768632 -0.2116337 0.7050301 0.6768632 -0.2116337 0.7050301 0.6768632 -0.1999198 0.9763357 0.08246602 -0.1999198 0.9763357 0.08246602 -0.1999198 0.9763357 0.08246602 -0.2116313 -0.9465631 -0.2433733 -0.2116313 -0.9465631 -0.2433733 -0.2116313 -0.9465631 -0.2433733 -0.1999248 -0.5838756 -0.7868414 -0.1999248 -0.5838756 -0.7868414 -0.1999248 -0.5838756 -0.7868414 -1 0 0 -1 0 0 -1 0 0 -1 0 0 -1 0 0 -1 0 0 -1 0 0 -1 0 0 -1 0 0 -1 0 0 -1 0 0 -1 0 0 -1 0 0 -1 0 0 -1 0 0 -1 0 0 -1 0 0 -1 0 0 -0.2116318 0.7050076 0.6768872 -0.2116318 0.7050076 0.6768872 -0.2116318 0.7050076 0.6768872 -0.1999234 0.9763334 0.08248437 -0.1999234 0.9763334 0.08248437 -0.1999234 0.9763334 0.08248437 -0.2116315 -0.9465586 -0.2433905 -0.2116315 -0.9465586 -0.2433905 -0.2116315 -0.9465586 -0.2433905 -0.199921 -0.5838397 -0.786869 -0.199921 -0.5838397 -0.786869 -0.199921 -0.5838397 -0.786869 -1 0 0 -1 0 0 -1 0 0 -1 0 0 -1 0 0 -1 0 0 -1 6.64344e-7 -1.77034e-14 -1 6.64344e-7 -8.9478e-15 -1 6.64344e-7 -8.9478e-15 -1 0 0 -1 0 0 -1 0 0 -1 0 0 -1 0 0 -1 0 0 -1 0 0 -1 0 0 -1 0 0 -0.2116346 0.7050404 0.6768522 -0.2116346 0.7050404 0.6768522 -0.2116346 0.7050404 0.6768522 -0.199919 0.9763349 0.08247715 -0.199919 0.9763349 0.08247715 -0.199919 0.9763349 0.08247715 -0.2116295 -0.9465631 -0.2433747 -0.2116295 -0.9465631 -0.2433747 -0.2116295 -0.9465631 -0.2433747 -0.1999252 -0.583898 -0.7868247 -0.1999252 -0.583898 -0.7868247 -0.1999252 -0.583898 -0.7868247 -1 0 0 -1 0 0 -1 0 0 -1 0 0 -1 0 0 -1 0 0 -1 0 0 -1 0 0 -1 0 0 -1 0 0 -1 0 0 -1 0 0 -1 -4.42326e-7 -2.70379e-15 -1 -4.42326e-7 -1.70253e-15 -1 -4.42326e-7 -2.70379e-15 -1 -4.42326e-7 -9.66716e-15 -1 -4.42326e-7 4.167e-15 -1 -4.42326e-7 5.16825e-15 -0.2116335 0.7050193 0.6768745 -0.2116335 0.7050193 0.6768745 -0.2116335 0.7050193 0.6768745 -0.1999234 0.9763327 0.08249301 -0.1999234 0.9763327 0.08249301 -0.1999234 0.9763327 0.08249301 -0.2116331 -0.946558 -0.2433913 -0.2116331 -0.946558 -0.2433913 -0.2116331 -0.946558 -0.2433913 -0.199924 -0.5838636 -0.7868505 -0.199924 -0.5838636 -0.7868505 -0.199924 -0.5838636 -0.7868505 -1 -3.9765e-7 5.9437e-15 -1 -3.9765e-7 3.72363e-15 -1 -3.9765e-7 -7.42471e-15 -1 -4.42326e-7 4.05028e-15 -1 -4.42326e-7 4.05028e-15 -1 -4.42326e-7 4.05028e-15 -1 -3.9765e-7 3.18379e-16 -1 -3.9765e-7 3.18379e-16 -1 -3.9765e-7 3.18379e-16 -1 -4.42326e-7 7.94957e-15 -1 -4.42326e-7 7.94957e-15 -1 -4.42326e-7 7.94957e-15 -1 -3.7672e-7 8.27534e-15 -1 -3.7672e-7 8.27534e-15 -1 -3.7672e-7 8.27534e-15 -1 0 0 -1 0 0 -1 0 0 -0.2116343 0.7050177 0.6768759 -0.2116343 0.7050177 0.6768759 -0.2116343 0.7050177 0.6768759 -0.1999239 0.9763317 0.08250407 -0.1999238 0.9763317 0.08250408 -0.1999239 0.9763317 0.08250408 -0.2116324 -0.9465565 -0.2433978 -0.2116324 -0.9465565 -0.2433978 -0.2116324 -0.9465565 -0.2433978 -0.1999231 -0.5838627 -0.7868513 -0.1999231 -0.5838627 -0.7868513 -0.1999231 -0.5838627 -0.7868513 -1 -3.3867e-7 7.47371e-15 -1 -3.3867e-7 -5.8947e-15 -1 -3.3867e-7 3.60012e-15 -1 -3.7672e-7 7.78918e-15 -1 -3.7672e-7 1.83507e-14 -1 -3.7672e-7 4.98233e-15 -1 -3.3867e-7 5.00247e-15 -1 -3.3867e-7 5.00247e-15 -1 -3.3867e-7 9.68367e-15 -1 0 0 -1 0 0 -1 0 0</float_array>
          <technique_common>
            <accessor source="#geom-power_generator_flesher-map1-textangents-array" count="1502" stride="3">
              <param name="X" type="float"/>
              <param name="Y" type="float"/>
              <param name="Z" type="float"/>
            </accessor>
          </technique_common>
        </source>
        <source id="geom-power_generator_flesher-map1-texbinormals">
          <float_array id="geom-power_generator_flesher-map1-texbinormals-array" count="4506">1.76743e-4 -2.59211e-8 1 0.001105199 -1.14326e-7 0.9999994 8.53274e-4 -2.79774e-8 0.9999996 -2.87486e-4 -1.93054e-9 1 -0.001176321 -3.67877e-10 0.9999993 -6.64905e-4 0.2025777 -0.979266 -6.81265e-4 2.34076e-7 -0.9999998 2.98558e-5 -4.15308e-7 -1 -6.85431e-8 0.2420855 -0.9702549 -6.85431e-8 0.2420855 -0.9702549 -1.36057e-7 0.4697697 -0.882789 -5.00386e-8 0.2025778 -0.9792662 -6.29877e-8 0.2025777 -0.9792662 0.001131907 -3.65521e-9 -0.9999994 -1.67918e-5 -1.55396e-7 -1 0.001506886 4.37964e-10 -0.9999989 -2.42249e-4 0.2025777 -0.9792662 -3.01077e-5 3.84272e-8 -1 0.2162647 0.2514178 0.943408 0.1655257 0.3483561 0.9226317 -0.04507075 0.1126766 0.992609 -0.01698487 0.04246206 0.9989537 0.3643908 0.5041084 0.7830033 0.3185083 0.5626415 0.7628807 0.007082389 -0.002795577 0.999971 0.008219232 3.26595e-5 0.9999662 0.00710353 -0.00280409 0.9999708 0.005964691 -0.005631531 0.9999664 -0.001160393 -0.9284757 0.3713912 -0.001176542 -0.9284757 0.3713912 -0.001160393 -0.9284757 0.3713913 -0.001144244 -0.9284757 0.3713913 0.001355329 0.928476 0.3713899 0.001097979 0.9284763 0.3713899 0.001355329 0.9284761 0.3713898 0.001612678 0.9284757 0.3713896 0.002431367 0.005929599 0.9999795 0.005566263 0.00467667 0.9999736 0.002431391 0.005929659 0.9999795 -7.03535e-4 0.007182516 0.999974 0.002325235 -0.005973773 0.9999795 -8.10164e-4 -0.007225211 0.9999736 0.002324679 -0.005972382 0.9999795 0.005460085 -0.00472096 0.9999739 -3.026e-7 1 0 -3.026e-7 1 0 -3.026e-7 1 0 -3.026e-7 1 0 -2.03627e-4 0.9999996 8.13001e-4 -6.00828e-5 1 2.8484e-4 6.45101e-4 0.9999991 -0.001213458 1.35414e-4 0.9999998 -6.60609e-4 -9.44497e-7 0.9999999 -4.31111e-4 -8.91077e-7 0.9999991 0.00137247 -9.44565e-7 0.9999994 0.001121053 -1.32028e-6 0.9999997 7.83959e-4 -8.91161e-7 0.9999977 0.00212532 1.53034e-4 0.9999998 -6.16464e-4 -1.32028e-6 0.9999997 -7.8389e-4 -9.61536e-7 0.9999988 -0.001558336 -9.61598e-7 0.9999998 5.88406e-4 -1 -1e-5 0 -1 -1.19288e-5 0 -1 -1e-5 0 -1 -8.07126e-6 0 0.001184723 0.9999968 -0.002227926 -2.79099e-10 0 1 1.51701e-9 3.33449e-16 1 2.83786e-10 0 1 -1.50154e-9 -3.2668e-16 1 0.9284769 2.01557e-7 0.3713902 0.9284769 2.04085e-7 0.3713901 0.9284769 2.01557e-7 0.3713901 0.9284769 1.99028e-7 0.3713902 -0.9284764 -1.99491e-7 0.3713915 -0.9284764 -1.9698e-7 0.3713915 -0.9284764 -1.99491e-7 0.3713915 -0.9284763 -2.02003e-7 0.3713915 7.90864e-5 1 0 1.10745e-5 1 0 0 1 0 0 1 0 -0.01007539 0.9999461 0.00251511 0.3681746 0.9252028 -0.0919092 -0.01007539 0.9999461 0.002515111 -0.3867377 0.9171223 0.09654313 -2.10586e-5 1 -2.46504e-5 -0.001788432 0.9999961 -0.002122853 -2.10622e-5 1 -2.46473e-5 0.001746311 0.9999963 0.002073556 -1 0 6.55343e-6 -1 0 5.69862e-6 -1 0 6.55343e-6 -1 0 7.40823e-6 0 0 -1 -6.36047e-4 0 -0.9999998 -2.94103e-4 -1.38e-8 -1 1.01956e-11 -7.72058e-6 -1 8.92116e-12 -6.7555e-6 -1 1.01956e-11 -7.72058e-6 -1 1.14701e-11 -8.68565e-6 -1 -1.32058e-6 1 0 -1.32058e-6 1 0 6.20958e-4 0 -0.9999998 0 -1 0 0 -1 0 9.24724e-6 -1 0 1.05879e-4 -1 0 0 0 -1 7.66409e-14 -2.37246e-7 -1 3.23044e-7 -1 0 -1.35539e-4 -1 0 -3.23044e-7 1 0 1.4766e-5 1 0 1.54121e-5 -1 0 5.79081e-5 1 -1.09691e-4 4.08489e-4 0.9999996 -7.68624e-4 0.8109023 0.5777 0.09327481 0.7905495 0.5499448 0.2694294 0.8109201 0.5776753 0.09327299 0.8051528 0.5868155 -0.08588681 -0.8110023 0.5778792 -0.09127388 -0.8088164 0.586386 0.04435523 -0.8109821 0.5779072 -0.09127595 -0.7981879 0.558724 -0.2252189 -0.001854424 0.9999922 0.003484303 -0.01789756 0.999274 0.03363256 -0.001854392 0.9999922 0.00348432 0.01419089 0.9995436 -0.02666801 -1.05496e-4 1 1.9826e-4 -6.30073e-4 0.9999991 0.001184379 -1.36185e-4 1 0 -3.23044e-7 1 0 3.23044e-7 -1 0 -1.42152e-7 0.4697697 -0.882789 -6.48007e-4 2.74872e-8 -0.9999998 -0.001105199 1.14326e-7 -0.9999994 -0.001557957 2.46515e-8 -0.9999988 -4.1941e-4 1.01467e-9 -0.9999999 0.001171896 2.93287e-9 -0.9999993 6.64825e-4 0.2025777 0.979266 -7.88354e-8 0.2420862 0.9702547 -1.04748e-4 3.53652e-7 1 6.81265e-4 -2.34076e-7 0.9999998 -1 4.63899e-7 3.29607e-6 -1 5.04184e-7 3.21041e-6 -1 1.06605e-6 3.18715e-6 -1 1.78023e-6 4.47704e-6 -1 7.43821e-6 1.44038e-5 -1 3.08505e-6 1.30865e-5 -0.001131907 3.65522e-9 0.9999994 -0.001506886 -4.37964e-10 0.9999989 1.67918e-5 1.55396e-7 1 1.31558e-6 -0.8828016 0.4697461 1.31558e-6 -0.8828016 0.4697461 1.31558e-6 -0.8828016 0.4697461 1.31558e-6 -0.8828016 0.4697461 0 0.8827992 -0.4697505 0 0.8827992 -0.4697505 0 0.8827992 -0.4697505 3.31937e-4 0.2025778 0.9792661 -7.97843e-5 -5.53005e-8 1 -0.2162649 0.2514177 -0.943408 0.01698484 0.04246209 -0.9989537 0.04507068 0.1126766 -0.992609 -0.165526 0.3483561 -0.9226316 -0.3643909 0.5041082 -0.7830034 -0.3185084 0.5626414 -0.7628808 -0.007082389 -0.002795577 -0.999971 -0.005964691 -0.005631531 -0.9999664 -0.00710353 -0.00280409 -0.9999708 -0.008219232 3.26595e-5 -0.9999662 0.001160965 -0.9284757 -0.3713913 0.001144809 -0.9284758 -0.3713912 0.001160965 -0.9284757 -0.3713912 0.001177122 -0.9284757 -0.3713913 -0.001355975 0.9284761 -0.3713898 -0.001613314 0.9284757 -0.3713896 -0.001355975 0.9284761 -0.3713898 -0.001098636 0.9284764 -0.3713899 1 -7.35888e-6 0 1 -5.4301e-6 0 1 -7.35888e-6 0 1 -9.28766e-6 0 1 0 -6.55343e-6 1 0 -7.40823e-6 1 0 -6.55343e-6 1 0 -5.69862e-6 0 0 1 2.94103e-4 1.37999e-8 1 6.36047e-4 0 0.9999998 1.01956e-11 -7.72057e-6 1 1.14701e-11 -8.68565e-6 1 1.01956e-11 -7.72057e-6 1 8.92115e-12 -6.7555e-6 1 -6.20958e-4 0 0.9999998 0 0 1 -1.35591e-4 0.2420875 0.9702544 -7.66407e-14 2.37245e-7 1 3.50034e-7 -0.4697701 -0.8827888 7.00068e-7 -0.4697701 -0.8827888 3.50034e-7 -0.4697703 -0.8827887 0 -0.4697703 -0.8827887 2.39005e-7 -0.4694841 -0.8829409 2.75738e-7 -0.4694885 -0.8829386 3.67269e-8 -0.4694841 -0.8829409 0 -0.4694797 -0.8829433 2.39313e-7 -0.4694855 -0.8829402 2.76153e-7 -0.4694847 -0.8829406 3.64205e-8 -0.4694855 -0.8829402 -4.17994e-10 -0.4694862 -0.8829398 -1 7.18449e-6 1.37107e-5 -1 9.34601e-6 1.80254e-5 -1 3.34238e-6 6.84348e-6 0 0.8827992 -0.4697505 -1 1.77024e-5 3.44795e-5 -1 1.01242e-5 1.83949e-5 -1 1.32327e-5 2.66553e-5 -1 9.23168e-7 3.13182e-6 -1 3.45913e-6 6.61991e-6 -1 3.4077e-6 7.20361e-6 -1 5.61955e-6 8.87433e-6 -1 2.25157e-6 5.66933e-6 -1 3.80587e-7 2.84291e-6 -7.82491e-5 0.8829445 -0.4694773 -7.82491e-5 0.8829445 -0.4694773 -7.82491e-5 0.8829445 -0.4694773 -7.78961e-5 0.8829465 -0.4694737 -7.78961e-5 0.8829465 -0.4694737 -7.78961e-5 0.8829465 -0.4694737 -7.825e-5 0.8829473 -0.4694721 -7.825e-5 0.8829473 -0.4694721 -7.825e-5 0.8829473 -0.4694721 -0.9999993 -0.001220932 -1.12257e-5 -0.9999993 -0.001220932 -1.12257e-5 -0.9999993 -0.001220932 -1.12257e-5 -0.9999993 -0.001185108 -4.17726e-5 -0.9999993 -0.001185108 -4.17726e-5 -0.9999993 -0.001185108 -4.17726e-5 -8.98484e-4 -0.8829468 0.4694721 -8.98484e-4 -0.8829468 0.4694721 -8.98484e-4 -0.8829468 0.4694721 -8.97904e-4 -0.8829408 0.4694835 -8.97904e-4 -0.8829408 0.4694835 -8.97904e-4 -0.8829408 0.4694835 -8.99158e-4 -0.8829488 0.4694685 -8.99158e-4 -0.8829488 0.4694685 -8.99158e-4 -0.8829488 0.4694685 -0.9999618 -0.008739368 -2.65367e-5 -0.9999618 -0.008739368 -2.65367e-5 -0.9999618 -0.008739368 -2.65371e-5 -0.9999615 -0.008774557 5.39344e-6 -0.9999615 -0.008774558 5.39308e-6 -0.9999615 -0.008774557 5.39379e-6 -1 1.00254e-5 2.1649e-5 -1 1.00254e-5 2.1649e-5 -1 1.00254e-5 2.1649e-5 -1 -4.03526e-6 -7.71378e-6 -1 -4.03526e-6 -7.71378e-6 -1 -4.03526e-6 -7.71378e-6 -1 1.72941e-6 3.14872e-6 -1 1.72941e-6 3.14872e-6 -1 1.72941e-6 3.14872e-6 -1 9.01515e-7 1.47161e-6 -1 9.01515e-7 1.47161e-6 -1 9.01515e-7 1.47161e-6 4.39492e-5 -0.8828015 0.4697461 0 -0.8828015 0.4697461 4.39492e-5 -0.8828015 0.4697461 8.78983e-5 -0.8828015 0.4697461 -6.57789e-7 0.8827992 -0.4697505 -6.57789e-7 0.8827992 -0.4697505 -6.57789e-7 0.8827992 -0.4697505 1.75017e-7 -0.4697702 -0.8827887 0 -0.4697702 -0.8827887 1.75017e-7 -0.4697701 -0.8827888 3.50034e-7 -0.4697701 -0.8827888 1.38077e-7 -0.469478 -0.8829442 1.38077e-7 -0.4694807 -0.8829427 1.38076e-7 -0.469478 -0.8829442 1.38076e-7 -0.4694752 -0.8829456 1.38077e-7 -0.4694855 -0.8829402 1.38077e-7 -0.4694847 -0.8829406 1.38076e-7 -0.4694855 -0.8829402 1.38076e-7 -0.4694862 -0.8829398 -6.57789e-7 0.8827992 -0.4697505 0.002431294 -0.005929668 -0.9999795 -7.03514e-4 -0.007182496 -0.999974 0.002431319 -0.005929729 -0.9999795 0.005566097 -0.004676829 -0.9999736 0.002325166 0.005973838 -0.9999795 0.005459922 0.004721115 -0.9999739 0.00232461 0.005972448 -0.9999795 -8.1014e-4 0.007225188 -0.9999736 -2.02172e-4 -0.9999996 -8.13375e-4 6.51736e-4 -0.9999991 0.001210099 -5.47713e-5 -1 -2.85815e-4 1.34744e-4 -0.9999998 6.60806e-4 8.91077e-7 -0.9999991 -0.00137247 9.44497e-7 -0.9999999 4.31111e-4 9.44565e-7 -0.9999994 -0.001121053 8.91161e-7 -0.9999977 -0.00212532 1.32028e-6 -0.9999997 -7.83959e-4 1.54503e-4 -0.9999998 6.16081e-4 1.32028e-6 -0.9999997 7.8389e-4 9.61536e-7 -0.9999988 0.001558336 9.61598e-7 -0.9999998 -5.88406e-4 0.001180574 -0.9999968 0.002230345 2.79099e-10 0 -1 1.50154e-9 3.2668e-16 -1 -2.83786e-10 0 -1 -1.51701e-9 -3.33449e-16 -1 0.9284822 2.01558e-7 -0.3713769 0.9284822 1.99029e-7 -0.3713769 0.9284822 2.01558e-7 -0.371377 0.9284822 2.04086e-7 -0.371377 -0.9284817 -1.99493e-7 -0.3713782 -0.9284816 -2.02004e-7 -0.3713783 -0.9284816 -1.99493e-7 -0.3713783 -0.9284816 -1.96981e-7 -0.3713783 -0.01007516 -0.9999461 -0.002515156 -0.3867362 -0.917123 -0.09654237 -0.01007516 -0.9999461 -0.002515155 0.3681735 -0.9252033 0.09190842 -2.07138e-5 -1 2.49412e-5 0.001746659 -0.9999963 -0.00207325 -2.07102e-5 -1 2.49442e-5 -0.001788082 -0.9999961 0.002123135 1.32058e-6 -1 0 1.32058e-6 -1 0 4.02136e-4 -0.9999996 7.72667e-4 5.08761e-5 -1 1.14292e-4 0.810904 -0.577698 -0.09327249 0.805154 -0.5868135 0.08588975 0.8109218 -0.5776733 -0.09327067 0.7905514 -0.5499428 -0.2694278 -0.811004 -0.5778772 0.09127174 -0.7981899 -0.5587218 0.2252173 -0.8109837 -0.5779053 0.09127383 -0.8088176 -0.5863842 -0.0443579 -0.001853883 -0.9999922 -0.003484356 0.01419136 -0.9995436 0.02666799 -0.001853915 -0.9999922 -0.003484339 -0.01789698 -0.999274 -0.03363263 -9.77547e-5 -1 -2.01634e-4 -6.21922e-4 -0.9999991 -0.001187951 -1 7.35889e-6 0 -1 5.4301e-6 0 -1 7.35889e-6 0 -1 9.28767e-6 0 -1 0 -6.55343e-6 -1 0 -7.40823e-6 -1 0 -6.55343e-6 -1 0 -5.69862e-6 -1.01956e-11 7.72058e-6 1 -1.14701e-11 8.68565e-6 1 -1.01956e-11 7.72058e-6 1 -8.92116e-12 6.7555e-6 1 1 1e-5 0 1 1.19288e-5 0 1 1e-5 0 1 8.07125e-6 0 1 0 6.55343e-6 1 0 5.69862e-6 1 0 6.55343e-6 1 0 7.40823e-6 -1.01956e-11 7.72057e-6 -1 -8.92115e-12 6.7555e-6 -1 -1.01956e-11 7.72057e-6 -1 -1.14701e-11 8.68565e-6 -1 0.08015639 -0.1239846 -0.9890413 -0.05728984 -0.1035221 -0.9929759 0.01136888 -0.3589491 -0.9332879 -0.003462046 -0.3657086 -0.930723 0.02764879 -0.6306536 -0.7755718 -0.05667023 -0.6093529 -0.7908714 0.0484179 -0.8514586 -0.5221819 -0.124611 -0.807626 -0.5763787 0.04127383 -0.9477528 -0.3163243 -0.1510858 -0.8981158 -0.4129903 -0.002316484 -0.9728037 -0.2316194 -0.1800087 -0.9222187 -0.3422126 0.1629037 0.2653574 -0.9502883 -0.2267291 0.2016728 -0.9528494 0.2000433 -0.1509978 -0.9680818 -0.1849195 -0.1627221 -0.9691885 0.5168439 -0.5131575 -0.6852311 -0.4178965 -0.5660056 -0.7106337 0.1197744 -0.8478636 -0.5165088 0.03257556 -0.7096485 -0.7038024 -0.5607817 0.4645339 -0.6853701 -0.292756 0.1470097 -0.9448185 0 -0.02954642 -0.9995634 -0.6989171 -0.07578829 -0.7111758 -0.6454563 0.6969958 -0.3123829 -0.6256403 -0.08237115 -0.7757508 -0.03378945 -0.5099286 -0.8595528 0.139931 -0.883782 -0.4464848 -0.08190693 -0.2337178 -0.9688484 0 -0.0588768 -0.9982653 0.6962901 -0.08927543 -0.7121868 0.6359601 -0.03901902 -0.7707349 -0.01233531 -0.726056 -0.687525 -0.0698155 -0.879674 -0.4704248 0.03145478 -0.1763906 -0.9838175 0.005851016 -0.4835338 -0.8753061 -0.0599499 -0.9358316 -0.3473116 0.4964233 -0.08544435 -0.8638653 0.7979504 -0.1149816 -0.5916539 0.933228 -0.1344179 -0.3331926 -0.00233271 -0.4756463 -0.8796336 -0.09725647 -0.02630301 -0.9949117 0.06526677 -0.7825277 -0.6191855 0.1202441 -0.9540111 -0.2745981 0.1468956 -0.9868514 -0.06742448 -0.1634656 0.5333994 -0.8299181 -0.1432976 0.9289116 -0.3414514 -0.1010203 0.9926599 -0.06649278 0.7925884 -0.02735084 0.6091434 0.7578348 -0.01778731 0.652204 0.9142998 -0.3343386 0.228634 0.9336175 -0.3225831 0.1558796 0.659515 -0.02554332 0.7512573 0.8385796 -0.2796863 0.4675039 0.9984876 -0.01087115 0.05389132 0.9914123 -0.006452673 0.1306141 0.955285 -0.02020054 0.2949957 0.9899771 0.02021788 0.1397735 0.9720776 0.03270383 0.2323696 0.8432258 0.2001207 0.4989208 0.8706218 0.4759431 0.1244826 0.8810266 0.4231972 0.211415 0.8245214 0.2860047 0.4882272 0.561218 -0.02183464 0.8273799 0.6593435 -0.2816451 0.6970956 0.5975236 -0.1728605 0.7829973 0.6075413 -0.4036739 0.6840621 0.9001855 -0.04136518 0.4335379 0.8725972 -0.1466746 0.4658977 0.632754 0.2881425 0.7187463 0.6599319 -0.03400141 0.7505556 0.6533179 0.134941 0.7449609 0.6620984 0.05946776 0.7470538 0.7046857 -0.4565896 0.5430875 0.6766577 -0.5499926 0.4895329 0.8308566 -0.4274873 0.356275 0.6980777 -0.5136997 0.4987988 0.7996183 -0.1281224 0.5866815 0.5855185 -0.7591109 0.2844621 0.6149409 -0.7414096 0.2686251 0.5683163 -0.7655531 0.3015709 0.5782121 -0.7877888 0.2122725 0.6545705 -0.7101453 0.2592895 0.2747972 -0.9612072 0.0238163 0.4125368 -0.9064422 0.09042146 0.1271671 -0.9590292 0.253163 0.3049992 -0.9523095 0.009067281 -0.04206806 -0.9862225 -0.159986 0.009091803 -0.9176077 -0.3973832 0.1349219 -0.9903516 -0.03161877 -0.1906833 -0.7203893 -0.6668427 -0.1224363 -0.9852428 -0.1196077 -0.2499014 -0.9648742 0.08103711 -0.5778422 -0.815968 -0.01716423 -0.3171986 -0.9080159 -0.2736644 -0.7702544 -0.4639277 -0.4375835 -0.4058643 -0.8603514 -0.3083337 -0.6305796 -0.6687953 -0.3938048 -0.4493329 -0.5618294 -0.6945845 -0.3285623 -0.9361577 -0.1251225 -0.8231164 -0.5526672 0.1305312 -0.8843633 -0.2546032 -0.3912529 -0.8928554 -0.2215624 -0.3920705 -0.6662912 -0.4100125 -0.622853 -0.5004552 -0.8632343 -0.06611535 -0.8740919 -0.3119097 0.3723919 -0.9706437 -0.06704163 -0.2309896 -0.9627818 0.1258529 -0.2391909 -0.7583542 -0.3505414 -0.5495631 -0.6088213 -0.7861802 0.1061005 -0.8082536 -0.2969608 -0.5084687 -0.6476514 -0.7331223 0.2075557 -0.8114477 -0.2105077 0.5451964 -0.7847453 -0.1570464 0.5995926 -0.9928356 0.1192346 0.007780765 -0.9763147 0.1648428 0.1401303 -0.9439671 0.3293727 -0.02096756 -0.8899228 0.4499424 0.07476152 0.8312258 -0.02298006 0.5554598 0.7997544 -0.0153319 0.6001315 0.9350513 -0.2664538 0.2338405 0.9571283 -0.241596 0.1598027 0.707772 -0.02021704 0.7061516 0.8546952 -0.2056973 0.4766389 0.9918204 -0.005536918 0.1275212 0.9790917 -0.00337858 0.2033913 0.931644 -0.01400979 0.3631023 0.9887522 -0.05433296 0.1393451 0.9719433 -0.03761776 0.2321877 0.8504956 0.1537037 0.5030233 0.8977844 0.4213861 0.1281287 0.905219 0.3653202 0.217071 0.8369532 0.2326772 0.4953491 0.6061148 -0.01880904 0.7951548 0.6718328 -0.2072397 0.7111205 0.6245558 -0.132515 0.7696557 0.5980269 -0.3163132 0.7364168 0.8622917 -0.03757105 0.5050163 0.8323272 -0.1220536 0.5406796 0.6414856 0.2369026 0.7296392 0.6308821 -0.02180921 0.7755721 0.6566941 0.08120556 0.7497723 0.6314093 -0.005843675 0.7754278 0.6521602 -0.3800977 0.6559061 0.6639659 -0.4993792 0.5565696 0.7378134 -0.3859823 0.5537591 0.7225211 -0.3656414 0.586745 0.7275751 -0.3484298 0.5909578 0.5678408 -0.7118524 0.4133075 0.6429665 -0.695506 0.3207263 0.5111863 -0.7095393 0.4850182 0.6548503 -0.6955958 0.2954955 0.4946589 -0.8471126 0.1941982 0.3321365 -0.9424435 0.03854294 0.4783583 -0.8659127 0.1461798 0.1277556 -0.9402294 0.3156694 0.3175837 -0.9477737 0.02942045 -0.09175772 -0.9827943 -0.1602991 0.0344159 -0.9006199 -0.4332428 0.1870512 -0.9823096 0.008931819 -0.1585846 -0.6989101 -0.6974063 -0.0709148 -0.9937522 -0.08618389 -0.2791531 -0.9501946 0.1385779 -0.59615 -0.8018732 0.04005748 -0.3468479 -0.893434 -0.2854335 -0.7914604 -0.4213122 -0.4428165 -0.4724406 -0.8159674 -0.3331622 -0.6768369 -0.6116382 -0.4096223 -0.4136689 -0.5492909 -0.7260562 -0.2856193 -0.9530379 -0.1006994 -0.8234305 -0.5381423 0.179903 -0.8943332 -0.2153153 -0.3921829 -0.90506 -0.1639373 -0.3924167 -0.6307505 -0.4062925 -0.6611204 -0.4648225 -0.8838012 -0.05324843 -0.8587462 -0.2997915 0.4155479 -0.972108 -0.01305052 -0.2341705 -0.9543772 0.1778225 -0.2398817 -0.7296784 -0.3495327 -0.5877043 -0.5696752 -0.8144279 0.1103513 -0.7832124 -0.2954342 -0.5470804 -0.6087592 -0.7658907 0.2069388 -0.785595 -0.2002718 0.5854329 -0.7534822 -0.1424886 0.6418423 -0.9848311 0.1735153 4.68785e-4 -0.9678233 0.2156417 0.1296795 -0.9273116 0.3733063 -0.02712288 -0.8718265 0.4854357 0.06535073 -0.7273711 -1.04986e-4 -0.6862443 0.7340689 9.48125e-4 -0.6790743 0.7314355 -0.001071833 -0.6819098 0.3045433 -0.002358389 -0.9524956 -0.7709097 -0.001150272 -0.6369434 0.7338094 -0.07900968 0.6747453 0.7338094 0.07900981 -0.6747453 0.7643595 0.2072622 -0.610571 0.7643597 -0.3359759 0.5503403 -0.7337609 -3.7434e-4 -0.6794077 -0.4977685 -0.002364081 -0.8673067 0.5001735 -7.38454e-4 -0.8659249 0.7271285 8.81242e-4 -0.6865008 0.763493 0.5637526 -0.3150579 0.7634934 -0.5637521 0.3150578 0.7472824 -0.6628807 0.04645494 0.7472822 0.662881 0.04645495 0.7634934 -0.5637522 -0.3150578 0.7634932 0.5637524 0.3150578 0.7615905 0.3447065 0.548778 0.7615907 -0.2250046 -0.6077437 0.9518199 0.1694277 0.2556035 0.4456223 -0.8185771 -0.3624256 -0.7209579 0.02206382 0.6926275 0.8166073 -0.4713191 0.333183 0.7668527 0.154357 0.6229854 -0.364898 0.4189968 0.8314392 -0.7314732 -4.33728e-4 -0.6818701 0.3165845 -0.001818174 -0.9485626 0.007724316 -0.002911198 -0.9999659 0.817106 0.3970885 -0.4179216 0.8162565 -0.4181847 -0.398556 -0.5020111 -0.003116964 -0.8648556 0.4984094 -0.001538014 -0.8669404 -0.01188523 -0.01054291 -0.9998738 5.46402e-8 0 -1 0.6932771 -3.8545e-4 -0.7206711 0.03734997 -0.2926037 0.9555041 0.03306826 0.7306919 0.6819061 -0.3099284 -0.01500193 0.9506415 -0.7032022 0.02148396 0.7106653 0.6756322 -0.7371996 0.007601789 0.9999397 -0.01095299 7.8497e-4 0.6980575 -0.7160122 0.006502812 0.4493025 0.8932306 -0.01632216 0.6992408 -0.002097577 -0.7148831 0.7152713 -0.002049121 -0.6988439 -0.0801565 -0.1239844 0.9890414 0.00346227 -0.3657084 0.930723 -0.01136874 -0.3589492 0.9332879 0.05728999 -0.1035218 0.9929759 0.05667102 -0.6093529 0.7908713 -0.02764823 -0.6306533 0.775572 0.1246116 -0.8076258 0.5763788 -0.04841743 -0.8514586 0.5221819 0.1510861 -0.8981156 0.4129907 -0.04127341 -0.9477529 0.316324 0.1800089 -0.9222185 0.3422131 0.002317046 -0.9728037 0.2316193 -0.1629045 0.2653587 0.9502878 0.1849199 -0.1627223 0.9691884 -0.2000435 -0.1509981 0.9680817 0.2267301 0.201674 0.9528489 0.4178974 -0.5660075 0.7106316 -0.5794035 -0.4738986 0.6631076 -0.03257491 -0.7096483 0.7038027 -0.119774 -0.8478638 0.5165086 0.5607824 0.4645349 0.6853689 0.698916 -0.07578764 0.7111769 0 -0.02954641 0.9995634 0.2927592 0.1470127 0.9448171 0.6454558 0.6969966 0.3123822 0.6256383 -0.08237059 0.7757524 0.03378992 -0.5099285 0.8595529 -0.1399307 -0.8837822 0.4464845 0.08190703 -0.2337178 0.9688484 -0.6962888 -0.08927493 0.7121881 0 -0.05887678 0.9982653 -0.7284352 -0.3749101 -0.5734323 0.06981526 -0.879674 0.4704249 0.01233685 -0.7260557 0.6875252 -0.005850516 -0.4835337 0.8753062 -0.05818262 -0.2068668 0.9766376 0.05995004 -0.9358315 0.3473117 -0.7979504 -0.1149816 0.591654 -0.4964281 -0.08544408 0.8638625 -0.9360705 -0.09701297 0.3381723 0.0972565 -0.02630293 0.9949117 0.002333093 -0.4756463 0.8796336 -0.06526611 -0.7825282 0.6191849 -0.1202433 -0.9540109 0.2745992 -0.1468948 -0.9868514 0.06742576 0.1634656 0.5334035 0.8299155 0.1432966 0.9289125 0.3414493 0.1010189 0.99266 0.06649304 -0.7925883 -0.02735173 -0.6091433 -0.9336173 -0.3225839 -0.1558794 -0.9142996 -0.3343392 -0.228634 -0.7578347 -0.01778778 -0.652204 -0.8385806 -0.2796788 -0.4675065 -0.6595151 -0.02554369 -0.7512572 -0.9984876 -0.01087157 -0.05389144 -0.991412 -0.006456354 -0.1306162 -0.9552857 -0.0202067 -0.2949932 -0.9899771 0.02021793 -0.1397735 -0.9720787 0.03270415 -0.2323649 -0.8432219 0.2001461 -0.4989172 -0.8810257 0.4232023 -0.2114085 -0.8706213 0.475944 -0.1244824 -0.8245221 0.2860067 -0.4882248 -0.6593435 -0.281645 -0.6970956 -0.5612178 -0.02183554 -0.8273801 -0.607541 -0.403674 -0.6840623 -0.5975236 -0.1728608 -0.7829972 -0.9001854 -0.04135987 -0.4335385 -0.8725971 -0.1466751 -0.4658977 -0.6327497 0.2881539 -0.7187455 -0.659932 -0.0340015 -0.7505556 -0.6533155 0.1349373 -0.7449636 -0.6620984 0.05946773 -0.7470537 -0.6766578 -0.5499927 -0.4895328 -0.7046851 -0.45659 -0.5430878 -0.8308563 -0.4274876 -0.3562754 -0.6980777 -0.5136997 -0.4987988 -0.7996183 -0.1281224 -0.5866815 -0.6149414 -0.7414091 -0.2686256 -0.5855179 -0.759111 -0.2844632 -0.568316 -0.7655531 -0.3015715 -0.5782121 -0.7877888 -0.2122724 -0.654571 -0.7101448 -0.2592897 -0.4125365 -0.9064423 -0.09042097 -0.2747976 -0.9612071 -0.02381689 -0.1271673 -0.9590292 -0.2531629 -0.3049992 -0.9523094 -0.009067436 0.04206987 -0.9862223 0.1599868 -0.1349216 -0.9903517 0.03161689 -0.009090081 -0.9176074 0.397384 0.1224367 -0.9852429 0.1196065 0.1906851 -0.7203888 0.6668427 0.2499024 -0.9648739 -0.08103734 0.577844 -0.8159668 0.01716417 0.3171982 -0.9080164 0.273663 0.7702549 -0.463927 0.4375833 0.4058662 -0.8603507 0.3083331 0.6305806 -0.6687945 0.3938045 0.3285615 -0.936158 0.1251219 0.4493339 -0.5618292 0.694584 0.8231169 -0.5526663 -0.1305313 0.8843632 -0.2546025 0.3912536 0.8928548 -0.221564 0.3920711 0.5004557 -0.8632339 0.06611531 0.6662923 -0.4100118 0.6228523 0.874092 -0.3119089 -0.3723922 0.9706437 -0.06704137 0.2309899 0.9627817 0.1258524 0.2391915 0.6088215 -0.78618 -0.1061006 0.7583544 -0.3505412 0.549563 0.6476516 -0.7331223 -0.2075552 0.8082537 -0.2969602 0.5084689 0.811448 -0.2105071 -0.5451963 0.7847456 -0.1570459 -0.5995923 0.9928356 0.1192346 -0.007780917 0.9763147 0.164843 -0.1401299 0.9439671 0.329373 0.02096731 0.8899229 0.4499423 -0.07476094 -0.8312258 -0.02298108 -0.5554597 -0.9571281 -0.2415966 -0.1598025 -0.9350512 -0.2664543 -0.2338405 -0.7997544 -0.0153324 -0.6001315 -0.8546943 -0.2057058 -0.476637 -0.7077721 -0.02021746 -0.7061515 -0.9918204 -0.005537325 -0.1275214 -0.9790923 -0.003374627 -0.2033886 -0.9316433 -0.01400485 -0.3631041 -0.9887522 -0.0543331 -0.1393451 -0.9719421 -0.03761787 -0.2321926 -0.8504987 0.153678 -0.5030258 -0.9052195 0.3653152 -0.2170772 -0.897784 0.421387 -0.1281286 -0.8369527 0.2326755 -0.4953507 -0.6718328 -0.2072396 -0.7111206 -0.6061145 -0.01881003 -0.795155 -0.598027 -0.316313 -0.7364169 -0.6245558 -0.1325154 -0.7696556 -0.8622924 -0.03757581 -0.5050147 -0.8323272 -0.1220537 -0.5406795 -0.6414896 0.2368914 -0.7296393 -0.6308821 -0.02180913 -0.7755721 -0.6566965 0.08120865 -0.7497698 -0.6314093 -0.005843702 -0.7754278 -0.6639661 -0.4993789 -0.5565696 -0.6521605 -0.3800979 -0.6559056 -0.7378138 -0.3859822 -0.5537586 -0.7225213 -0.3656406 -0.5867451 -0.727575 -0.3484302 -0.5909577 -0.6429663 -0.695506 -0.3207269 -0.5678408 -0.7118519 -0.4133083 -0.511186 -0.7095394 -0.4850184 -0.6548506 -0.6955956 -0.2954953 -0.4946587 -0.8471128 -0.1941977 -0.4783578 -0.8659131 -0.1461791 -0.3321369 -0.9424434 -0.03854318 -0.1277557 -0.9402294 -0.3156694 -0.3175837 -0.9477737 -0.02942064 0.09175955 -0.982794 0.1602998 -0.1870509 -0.9823096 -0.008933693 -0.03441415 -0.9006196 0.4332436 0.07091515 -0.9937523 0.08618273 0.1585865 -0.6989095 0.6974065 0.2791541 -0.9501942 -0.1385782 0.5961518 -0.8018718 -0.04005753 0.3468475 -0.8934345 0.2854322 0.7914608 -0.4213115 0.4428164 0.4724425 -0.8159666 0.3331615 0.6768379 -0.6116374 0.4096221 0.2856185 -0.9530382 0.1006989 0.4136699 -0.5492908 0.7260557 0.823431 -0.5381415 -0.179903 0.8943331 -0.2153147 0.3921835 0.9050595 -0.1639386 0.3924174 0.4648231 -0.8838009 0.05324844 0.6307517 -0.4062918 0.6611197 0.8587463 -0.2997906 -0.4155482 0.9721079 -0.01305033 0.2341709 0.9543771 0.177822 0.2398824 0.5696755 -0.8144277 -0.1103513 0.7296786 -0.3495325 0.5877042 0.6087594 -0.7658907 -0.2069384 0.7832125 -0.2954337 0.5470806 0.7855952 -0.2002713 -0.5854328 0.7534825 -0.1424882 -0.641842 0.9848311 0.1735153 -4.69007e-4 0.9678233 0.2156419 -0.1296791 0.9273115 0.3733066 0.02712257 0.8718266 0.4854357 -0.06535011 0.7273718 -1.04964e-4 0.6862436 0.770909 -0.001150248 0.6369443 -0.3045442 -0.002358344 0.9524953 -0.7314355 -0.00107181 0.6819098 -0.734069 9.48123e-4 0.6790742 -0.7338093 -0.07900994 -0.6747454 -0.7643595 -0.3359762 -0.5503405 -0.7643596 0.2072619 0.610571 -0.7338094 0.07900981 0.6747453 0.733761 -3.73716e-4 0.6794076 -0.7271291 8.80727e-4 0.6865002 -0.5001733 -7.38766e-4 0.865925 0.4977685 -0.002363846 0.8673067 -0.763493 -0.5637527 -0.3150577 -0.7634935 0.563752 0.3150576 -0.7472821 -0.6628812 -0.04645466 -0.7472822 0.662881 -0.0464548 -0.7634929 -0.5637528 0.3150578 -0.7634936 0.563752 -0.3150574 -0.7615907 -0.2250034 0.6077442 -0.7615908 0.3447054 -0.5487783 -0.4456073 -0.8185911 0.3624123 -0.9518193 0.1694295 -0.2556047 0.7209586 0.02206563 -0.6926268 0.3648976 0.4189957 -0.8314399 -0.7668532 0.1543583 -0.6229845 -0.8166061 -0.4713213 -0.3331827 0.731473 -4.33214e-4 0.6818702 -0.007691184 -0.002911247 0.9999662 -0.3165624 -0.001818553 0.94857 -0.8162587 -0.418195 0.3985406 -0.8171082 0.3970923 0.4179137 -0.4984098 -0.001538036 0.8669402 0.5020113 -0.003116996 0.8648554 0.01188532 -0.01054298 0.9998738 -6.55681e-8 0 1 -0.6932766 -3.85468e-4 0.7206715 -0.03735083 -0.2926063 -0.9555032 -0.03306834 0.730692 -0.6819059 0.3099295 -0.01500255 -0.9506412 0.7032022 0.02148497 -0.7106652 -0.6756311 -0.7372007 -0.007601784 -0.6980567 -0.716013 -0.006502815 -0.9999397 -0.01095382 -7.84754e-4 -0.4492958 0.893235 0.01626368 -0.7152626 -0.002049795 0.6988527 -0.6992327 -0.002098334 0.714891 -0.9986329 -0.05227121 0 -0.6966716 -0.7173902 0 -0.696673 -0.7173888 0 -0.9986335 -0.05225945 0 0.6966744 -0.7173875 0 0.696673 -0.7173889 0 0.998633 -0.05227067 0 0.9986336 -0.0522589 0 -0.0245748 -0.7153143 0.6983706 0.02490772 -0.7154784 -0.6981907 0.02472511 -0.7115739 -0.702176 -0.0250294 -0.7115771 0.7021621 0.02360343 -0.7148304 0.6988994 -0.02491528 -0.7154802 -0.6981886 -0.02572492 -0.7115851 -0.7021288 0.02305317 -0.7115617 0.7022453 0.01184823 -0.7107987 -0.7032957 0.5763111 -0.191507 -0.794475 -0.4791105 0.3158105 -0.818973 -0.010644 0.7108371 -0.7032761 -0.4791103 -0.3158108 -0.818973 0.5763109 0.1915073 -0.7944751 0.0118477 0.7107981 -0.7032963 -0.01064348 -0.7108366 -0.7032767 -0.9986645 -7.88126e-7 -0.05166481 -0.9986646 -1.57625e-6 -0.05166319 0.9986639 7.88125e-7 -0.05167521 0.9986639 1.57625e-6 -0.05167685 -0.1235745 -0.2260782 -0.9662391 -0.1578746 -0.05714394 -0.9858043 -0.8285402 0.1426414 -0.5414559 -0.9302551 0.2372565 -0.2798834 -0.1962599 0.1335419 -0.9714158 -0.0801 0.1701188 -0.9821627 -0.8991031 -0.306508 -0.3125162 -0.8545673 -0.04674927 -0.5172323 -0.7919903 0.3327605 -0.5118806 -0.7481613 -0.1736363 0.6403945 -0.8977286 -0.2225092 0.3802276 -0.8925349 0.1210754 0.4344218 -0.7733522 0.2510977 0.5821309 -0.8855531 -0.07004419 -0.4592271 -0.801176 -0.4106695 -0.4352788 -0.8837021 0.05919975 -0.4642909 -0.9331093 0.1304187 -0.3351091 -0.9293659 -0.0549723 0.365044 -0.93311 0.130496 0.3350769 -0.929099 -0.05205711 -0.3661491 -0.990282 -0.03728329 0.1339832 -0.9898748 0.05285188 -0.131737 -0.9903986 -0.02901344 -0.1351622 -0.9902466 0.03912577 0.1337191 1.86185e-7 -0.7071072 -0.7071064 1.86185e-7 -0.707107 -0.7071066 1.86185e-7 -0.7071068 -0.7071068 1.86185e-7 -0.7071064 -0.7071071 0.3225718 -0.4882991 0.8108708 -0.4104691 0.4060234 0.8164925 0.4095652 0.4069303 0.816495 -0.1961161 -0.5883486 0.7844644 2.63305e-7 -1 2.63305e-7 2.63305e-7 -1 -2.63305e-7 -2.63305e-7 1 2.63305e-7 -2.63305e-7 1 -2.63305e-7 0 0.001778966 0.9999984 -0.7071068 0 0.7071067 -0.3174576 -0.004109348 0.9482636 0.7071068 0 0.7071067 -0.7071067 0 0.7071068 0.3170034 -0.002589053 0.9484209 0.7071067 0 0.7071069 -0.7103116 -0.006453772 0.7038578 0.707107 0 0.7071066 -0.5594661 -0.5438919 -0.6254433 -0.8018501 -0.4167246 -0.4282253 -0.5594657 0.5438905 -0.6254449 -0.801852 0.4167226 -0.4282238 -0.2393279 -0.5940761 -0.7679816 -0.7433789 -0.620434 -0.2498988 -0.2393281 0.5940737 -0.7679834 -0.743381 0.6204317 -0.2498982 -0.5524841 0.5354689 0.6387757 -0.7919908 -0.4247171 0.4385954 -0.5530669 -0.5360366 0.6377944 -0.7902516 0.4262852 0.4402083 -0.2306415 0.5755815 0.7845447 -0.7334858 -0.6309002 0.2529102 -0.2314362 -0.5775565 0.7828575 -0.7320827 0.6323018 0.2534745 -0.010204 0.9911825 -0.1321102 -0.01614864 0.7216372 -0.6920831 0.07732311 0.6527658 -0.7536033 0.5784278 0.6888488 -0.4369309 0.0196873 0.3242401 -0.9457699 0.3238834 0.1262254 -0.9376389 -0.1287062 -0.222797 -0.9663313 -0.2642311 -0.4002523 -0.877485 -0.1232064 -0.6359526 -0.7618297 -0.3243808 -0.8900376 -0.3203283 0.01736829 -0.7215158 -0.6921801 0.3623054 -0.9137145 -0.1840124 0.06613858 -0.5257075 -0.8480904 0.547482 -0.4026643 -0.73357 -0.0578432 -0.06149827 -0.9964297 0.01817854 0.1403927 -0.989929 -0.1965905 0.439018 -0.8767071 -0.4097851 0.6666332 -0.6226367 0.4704805 0.8346898 -0.2862535 0.02515366 0.7019524 -0.7117795 0.02610874 0.450373 -0.8924587 0.4466733 0.286044 -0.8477392 -0.1209389 -0.05633691 -0.99106 -0.1370036 -0.2451224 -0.959763 -0.1716602 -0.548939 -0.8180457 -0.4202385 -0.768491 -0.4825154 -0.04437706 -0.7276878 -0.6844714 0.1484046 -0.9807383 -0.1269979 0.05030727 -0.6098042 -0.7909539 0.5790907 -0.5705519 -0.582344 -0.2229774 0.9514347 -0.2122573 -0.05644209 0.6952965 -0.7165034 -0.03784306 -0.2195989 -0.974856 0.1723017 -0.01054212 -0.9849878 -0.2103325 0.3008189 -0.9301979 -0.3687594 0.5168929 -0.7725531 1.86185e-7 -0.7071065 -0.7071071 1.86185e-7 -0.7071071 -0.7071064 1.86185e-7 -0.7071068 -0.7071067 1.86185e-7 -0.7071065 -0.7071071 0.7715168 -0.6172133 -0.1543033 0.8164965 0.4082484 0.4082484 0.7842993 0.5887613 -0.1955369 0.7841375 -0.5891635 0.1949737 2.63305e-7 -1 -2.63305e-7 2.63305e-7 -1 2.63305e-7 0.7071068 0 0.7071067 0.7071067 0 -0.7071069 0 0.999997 0.002438257 0 1 0 -0.3155327 0.9489119 0.002313698 0 1 0 -0.003604732 -0.999987 -0.003604732 0 -1 0 -0.3157141 -0.9488528 -0.001710191 0.7071065 0 -0.707107 0.7071069 0 0.7071067 -0.7071069 0.7071067 0 -0.7071067 -0.7071069 0 -0.3056428 0.9521098 0.00832759 0.5863633 0.8100424 0.003069797 0.5007474 0.7844941 -0.3658155 -0.6552603 0.7550352 0.02357426 0.7114938 0.6752928 0.1943097 0.3686462 0.9102561 0.1885043 -0.4723984 0.8719797 -0.1284177 -0.7109293 0.6703544 -0.2126135 0.4031233 0.9061826 -0.127768 -0.3492797 0.9249402 0.1499644 0.6373144 0.7705029 0.01247627 -0.5888061 0.7868917 0.1846857 0.4716596 0.855217 0.2148051 -0.5691853 0.8161018 -0.1000301 0.9809514 0.1914901 -0.0326489 0.7611277 0.5164484 0.3923846 0.7906217 0.6046264 -0.09666608 0.8043989 0.2833792 -0.5221481 0.9031368 0.02074524 0.4288514 0.6595046 0.606125 0.4445967 0.6413264 0.7425384 -0.1932283 -0.7735076 0.5070323 -0.3802687 -0.7536901 0.6475908 0.1121486 -0.9777191 0.1995012 0.06530375 -0.6337856 0.7483934 0.1955074 -0.6445905 0.6147802 -0.454476 -0.8921036 0.005328069 -0.4517995 -0.9160033 0.2387547 0.3223881 -0.998633 0.05227063 0 -0.9986336 0.05225885 0 -0.6966744 0.7173875 0 -0.696673 0.7173889 0 0.696673 0.7173888 0 0.9986335 0.0522594 0 0.9986329 0.05227117 0 0.6966716 0.7173902 0 -0.02457513 0.715314 -0.6983709 -0.02502974 0.7115763 -0.7021628 0.02472472 0.7115746 0.7021754 0.02490734 0.7154788 0.6981903 0.02360305 0.7148309 -0.6988989 0.02305278 0.7115624 -0.7022447 -0.02572526 0.7115844 0.7021295 -0.02491562 0.7154798 0.698189 0.01184785 0.7107981 0.7032963 -0.01064362 -0.7108364 0.7032768 -0.4791103 -0.3158109 0.818973 0.5763111 0.1915071 0.794475 -0.4791105 0.3158107 0.818973 -0.01064382 0.7108371 0.7032761 0.01184804 -0.7107988 0.7032956 0.5763114 -0.1915069 0.7944749 -0.9986644 -1.57625e-6 0.05166572 -0.9986645 -7.88126e-7 0.05166361 0.998664 1.57625e-6 0.05167413 0.9986639 7.88125e-7 0.05167623 -0.1235732 0.2260782 0.9662393 -0.9302544 -0.2372582 0.2798843 -0.8285396 -0.1426425 0.5414566 -0.157873 0.0571441 0.9858046 -0.1962581 -0.133542 0.9714161 -0.854567 0.04674994 0.5172327 -0.8991026 0.3065092 0.3125167 -0.08009789 -0.1701196 0.9821627 1.86185e-7 -0.7071065 0.7071071 1.86185e-7 -0.7071071 0.7071065 1.86185e-7 -0.7071068 0.7071067 1.86185e-7 -0.7071065 0.7071071 -0.3225716 -0.4882992 -0.8108708 0.1961162 -0.5883481 -0.7844648 -0.4095653 0.4069302 -0.816495 0.410469 0.4060235 -0.8164926 2.63305e-7 -1 2.63305e-7 2.63305e-7 -1 -2.63305e-7 -2.63305e-7 1 2.63305e-7 -2.63305e-7 1 -2.63305e-7 0 0.001778966 -0.9999984 -0.7071067 0 -0.7071069 0.3174577 -0.004109348 -0.9482635 0.7071067 0 -0.7071069 0.7071068 0 -0.7071067 -0.7071068 0 -0.7071068 -0.3170032 -0.002589053 -0.9484209 0.7103117 -0.006453772 -0.7038577 -0.7071065 0 -0.7071071 0.5594666 -0.5438914 0.6254433 0.8018515 0.4167235 0.4282239 0.5594654 0.543891 0.6254447 0.8018507 -0.416724 0.428225 0.7433794 -0.6204336 0.2498987 0.2393285 -0.5940757 0.7679817 0.7433803 0.6204324 0.2498987 0.2393276 0.594074 0.7679833 0.5524837 0.53547 -0.6387751 0.7902514 0.4262861 -0.4402078 0.5530671 -0.5360364 -0.6377945 0.7919909 -0.424717 -0.4385954 0.7334853 -0.6309004 -0.2529113 0.2306405 0.5755826 -0.7845443 0.7320822 0.6323023 -0.2534748 0.2314363 -0.5775562 -0.7828576 0.01020301 0.9911825 0.1321104 -0.5784288 0.6888481 0.4369307 -0.07732403 0.6527662 0.7536029 0.01614822 0.721637 0.6920833 -0.3238839 0.1262246 0.9376388 -0.01968778 0.3242403 0.9457699 0.2642323 -0.4002521 0.8774848 0.1287068 -0.222797 0.9663312 0.3243817 -0.8900372 0.3203284 0.1232071 -0.6359526 0.7618296 -0.3623046 -0.9137148 0.1840126 -0.01736777 -0.7215157 0.6921803 -0.5474811 -0.402665 0.7335703 -0.06613832 -0.5257073 0.8480905 -0.01817882 0.1403926 0.989929 0.05784319 -0.06149813 0.9964297 0.409784 0.6666333 0.6226372 0.19659 0.439018 0.8767072 -0.4704818 0.8346892 0.2862531 -0.4466741 0.2860431 0.8477391 -0.0261095 0.4503731 0.8924586 -0.02515452 0.701953 0.7117789 0.137004 -0.2451223 0.959763 0.1209388 -0.05633685 0.99106 0.4202395 -0.768491 0.4825147 0.1716606 -0.5489391 0.8180455 -0.1484039 -0.9807384 0.1269978 0.04437749 -0.727688 0.6844712 -0.5790908 -0.5705522 0.5823436 -0.05030688 -0.6098043 0.7909538 0.2229766 0.951435 0.2122569 0.05644169 0.6952965 0.7165034 -0.1723018 -0.01054226 0.9849878 0.03784302 -0.2195989 0.974856 0.3687585 0.5168931 0.7725534 0.2103323 0.300819 0.930198 1.86185e-7 -0.7071072 0.7071064 1.86185e-7 -0.707107 0.7071065 1.86185e-7 -0.7071068 0.7071067 1.86185e-7 -0.7071064 0.7071071 -0.7715167 -0.6172135 0.1543034 -0.7841373 -0.5891638 -0.1949736 -0.7842995 0.5887612 0.1955367 -0.8164967 0.4082481 -0.4082481 2.63305e-7 -1 -2.63305e-7 2.63305e-7 -1 2.63305e-7 -0.7071067 0 -0.7071068 -0.7071068 0 0.7071067 0 0.999997 -0.00243854 0 1 0 0.3155326 0.9489119 -0.002313967 0 1 0 0.003605151 -0.999987 0.003605151 0.3157141 -0.9488528 0.00171039 0 -1 0 -0.707107 0 0.7071065 -0.7071068 0 -0.7071067 0.7071067 0.7071069 0 0.7071069 -0.7071067 0 0.305643 0.9521098 -0.008327115 0.6552603 0.7550351 -0.02357753 -0.5007469 0.7844929 0.3658188 -0.5863631 0.8100426 -0.003069719 -0.7114956 0.6752899 -0.1943134 0.7109305 0.6703522 0.2126166 0.4723977 0.8719801 0.1284175 -0.3686457 0.9102561 -0.1885052 0.3492791 0.9249402 -0.1499658 -0.4031239 0.9061824 0.1277675 0.5888055 0.7868922 -0.1846854 -0.6373147 0.7705026 -0.01247641 0.5691855 0.8161015 0.1000314 -0.4716602 0.8552167 -0.2148047 -0.9809515 0.1914895 0.0326488 -0.7611281 0.5164481 -0.3923842 -0.7906218 0.6046261 0.09666621 -0.8043986 0.283379 0.5221487 -0.9031368 0.02074414 -0.4288516 -0.6595046 0.6061244 -0.4445974 -0.6413273 0.7425377 0.1932279 0.7735076 0.5070322 0.3802687 0.7536888 0.6475923 -0.1121493 0.9777192 0.199501 -0.06530346 0.6337852 0.7483937 -0.1955076 0.6445895 0.6147803 0.4544772 0.8921012 0.005326173 0.4518043 0.9160011 0.2387557 -0.3223936 -0.3056483 -0.952108 -0.008330166 -0.6552474 -0.7550462 -0.02358367 0.5007368 -0.7845068 0.3658029 0.5863644 -0.8100416 -0.003064765 0.7114826 -0.6753212 -0.1942517 -0.7109176 -0.6703857 0.212554 -0.4724213 -0.8719678 0.1284145 0.3686627 -0.9102486 -0.188508 -0.3492739 -0.924942 -0.1499668 0.4031178 -0.9061847 0.1277708 -0.588805 -0.7868924 -0.1846862 0.6373138 -0.7705034 -0.01247625 -0.5691914 -0.8160984 0.1000231 0.4716659 -0.8552148 -0.2147996 0.9809515 -0.1914901 0.03264595 0.7611326 -0.5164455 -0.392379 0.7906025 -0.6046498 0.09667678 0.804378 -0.2833791 0.5221804 0.9031495 -0.02075887 -0.4288241 0.6594952 -0.6061262 -0.444609 0.641317 -0.7425478 0.1932232 -0.7735119 -0.50703 0.3802628 -0.7536752 -0.6476066 -0.112158 -0.9777191 -0.1995019 -0.06530181 -0.6337763 -0.7484029 -0.1955013 -0.6445815 -0.6147809 0.4544878 -0.8921167 -0.005340616 0.4517734 -0.9159733 -0.2387686 -0.3224633 0.3056424 -0.9521099 0.00833053 -0.5863632 -0.8100425 0.003064622 -0.500736 -0.7845067 -0.3658041 0.6552537 -0.7550414 0.02356218 -0.7114825 -0.6753211 0.1942525 -0.3686618 -0.9102488 0.1885087 0.472423 -0.871967 -0.1284136 0.7109164 -0.6703878 -0.2125511 -0.4031178 -0.9061849 -0.1277694 0.3492728 -0.9249422 0.1499683 -0.637314 -0.7705032 0.0124763 0.5888046 -0.7868929 0.1846854 -0.4716658 -0.8552151 0.2147988 0.569191 -0.8160985 -0.1000247 -0.9809513 -0.1914908 -0.03264589 -0.7611201 -0.5164598 0.3923845 -0.7906032 -0.6046486 -0.09667798 -0.8043956 -0.2833797 -0.522153 -0.9031492 -0.02075427 0.4288249 -0.6594944 -0.6061266 0.4446095 -0.6413175 -0.7425476 -0.1932228 0.7734996 -0.507044 -0.3802692 0.753679 -0.6476022 0.1121578 0.9777193 -0.1995018 0.06529989 0.6337756 -0.7484034 0.1955014 0.6445819 -0.6147812 -0.4544868 0.8921177 -0.005338054 -0.4517715 0.916002 -0.2387548 0.3223918 -1.00246e-7 0.4867468 -0.8735431 -1.00246e-7 0.4867468 -0.8735431 -1.00246e-7 0.4867468 -0.8735431 -2.00494e-8 0.4867495 -0.8735416 -2.00494e-8 0.4867495 -0.8735416 -2.00494e-8 0.4867495 -0.8735416 -0.05019946 0.6696014 -0.7410222 -0.05019945 0.6696014 -0.7410222 -0.05019946 0.6696014 -0.7410222 0.1048888 0.01769732 -0.9943265 0.1048888 0.01769732 -0.9943265 0.1048889 0.01769732 -0.9943265 -0.05019816 0.2778451 -0.9593134 -0.05019816 0.2778451 -0.9593134 -0.05019816 0.2778451 -0.9593134 0.1048877 0.8362526 -0.5382194 0.1048877 0.8362526 -0.5382194 0.1048877 0.8362526 -0.5382194 -8.78693e-7 0.9158281 0.4015705 -8.78693e-7 0.9158281 0.4015705 -8.78693e-7 0.9158281 0.4015705 -1.88616e-7 0.9158286 0.4015694 -1.88616e-7 0.9158286 0.4015694 -1.88616e-7 0.9158286 0.4015694 1.78672e-7 -0.8233573 -0.5675233 1.78672e-7 -0.8233573 -0.5675234 1.78672e-7 -0.8233573 -0.5675234 3.39143e-8 -0.8233573 -0.5675233 3.39143e-8 -0.8233573 -0.5675233 3.39143e-8 -0.8233573 -0.5675233 4.0724e-8 0.4867468 -0.8735431 4.0724e-8 0.4867468 -0.8735431 4.0724e-8 0.4867468 -0.8735431 -6.47224e-8 0.4867495 -0.8735416 -6.47224e-8 0.4867495 -0.8735416 -6.47224e-8 0.4867495 -0.8735416 -0.03219658 0.6893099 -0.7237509 -0.03219659 0.6893099 -0.7237509 -0.03219659 0.6893099 -0.7237509 0.0522331 0.0901494 -0.9945576 0.0522331 0.0901494 -0.9945576 0.0522331 0.0901494 -0.9945576 -0.03219884 0.2527716 -0.96699 -0.03219884 0.2527716 -0.96699 -0.03219884 0.2527716 -0.96699 0.0522298 0.7983116 -0.5999756 0.0522298 0.7983116 -0.5999756 0.0522298 0.7983116 -0.5999756 -7.81339e-8 0.9407205 0.3391829 -7.81339e-8 0.9407205 0.3391828 -7.81339e-8 0.9407205 0.3391828 7.87059e-8 0.9407198 0.3391847 7.87059e-8 0.9407198 0.3391847 7.87059e-8 0.9407198 0.3391847 0 -0.7834052 -0.6215113 0 -0.7834052 -0.6215113 0 -0.7834052 -0.6215113 -2.35086e-7 -0.7834046 -0.6215121 -2.35086e-7 -0.7834046 -0.6215121 -2.35086e-7 -0.7834046 -0.6215121 0 0.4867494 -0.8735416 0 0.4867494 -0.8735417 0 0.4867494 -0.8735416 3.89144e-7 0.4867467 -0.8735432 3.89144e-7 0.4867466 -0.8735432 3.89144e-7 0.4867466 -0.8735432 -0.05421292 0.6830624 -0.7283451 -0.05421291 0.6830624 -0.7283451 -0.05421293 0.6830624 -0.7283452 0.08807139 0.1017822 -0.9909005 0.08807139 0.1017822 -0.9909005 0.08807139 0.1017822 -0.9909005 -0.05420954 0.2599991 -0.964086 -0.05420955 0.2599991 -0.964086 -0.05420955 0.2599991 -0.964086 0.08808767 0.7891444 -0.6078583 0.08808767 0.7891444 -0.6078583 0.08808767 0.7891444 -0.6078583 -2.77434e-7 0.9407183 0.3391889 -2.77434e-7 0.9407183 0.339189 -2.77434e-7 0.9407183 0.339189 0 0.9407179 0.3391898 0 0.9407179 0.3391899 0 0.9407179 0.3391899 -1.28641e-5 -0.7834046 -0.6215121 -1.28641e-5 -0.7834046 -0.6215121 -1.28641e-5 -0.7834046 -0.6215121 6.25682e-7 -0.7834063 -0.6215099 6.25682e-7 -0.7834063 -0.6215099 6.25682e-7 -0.7834063 -0.6215099 0 0.4867481 -0.8735424 0 0.4867481 -0.8735424 0 0.4867481 -0.8735424 0 0.4867481 -0.8735424 0 0.4867481 -0.8735424 0 0.4867481 -0.8735424 -0.03219996 0.6893303 -0.7237313 -0.03219997 0.6893303 -0.7237313 -0.03219996 0.6893303 -0.7237313 0.05222163 0.09024808 -0.9945492 0.05222162 0.09024808 -0.9945492 0.05222163 0.09024808 -0.9945492 -0.03219126 0.2528297 -0.9669751 -0.03219125 0.2528297 -0.9669751 -0.03219125 0.2528297 -0.9669751 0.05223254 0.7983262 -0.5999559 0.05223254 0.7983262 -0.5999559 0.05223254 0.7983262 -0.5999559 0 0.9407198 0.3391847 0 0.9407198 0.3391847 0 0.9407198 0.3391847 0 0.9407198 0.3391847 0 0.9407198 0.3391847 0 0.9407198 0.3391847 0 -0.7834052 -0.6215113 0 -0.7834052 -0.6215113 0 -0.7834052 -0.6215113 0 -0.7834052 -0.6215113 0 -0.7834052 -0.6215113 0 -0.7834052 -0.6215113 0 0.4867482 -0.8735423 0 0.4867482 -0.8735423 0 0.4867482 -0.8735423 0 0.4867482 -0.8735423 0 0.4867482 -0.8735423 0 0.4867482 -0.8735423 -0.05420009 0.6830181 -0.7283877 -0.05420008 0.6830181 -0.7283877 -0.05420009 0.6830181 -0.7283877 0.08808297 0.1017329 -0.9909045 0.08808297 0.1017329 -0.9909045 0.08808297 0.1017329 -0.9909045 -0.05420994 0.2599989 -0.964086 -0.05420994 0.2599989 -0.964086 -0.05420994 0.2599989 -0.964086 0.08807127 0.7890946 -0.6079253 0.08807127 0.7890946 -0.6079253 0.08807126 0.7890946 -0.6079253 0 0.9407201 0.3391838 0 0.9407201 0.3391838 0 0.9407201 0.3391838 0 0.9407201 0.3391838 0 0.9407201 0.3391838 0 0.9407201 0.3391838 0 -0.7834023 -0.6215149 0 -0.7834023 -0.6215149 0 -0.7834023 -0.6215149 0 -0.7834023 -0.6215149 0 -0.7834023 -0.6215149 0 -0.7834023 -0.6215149 0 0.4867466 -0.8735432 0 0.4867466 -0.8735432 0 0.4867466 -0.8735432 0 0.4867466 -0.8735432 0 0.4867466 -0.8735432 0 0.4867466 -0.8735432 -0.05420729 0.6830412 -0.7283654 -0.05420729 0.6830412 -0.7283654 -0.05420729 0.6830412 -0.7283654 0.08807877 0.1017511 -0.990903 0.08807877 0.1017511 -0.990903 0.08807877 0.1017511 -0.990903 -0.05420598 0.2600156 -0.9640817 -0.05420598 0.2600156 -0.9640817 -0.05420599 0.2600156 -0.9640817 0.08808001 0.7891213 -0.6078894 0.08807999 0.7891213 -0.6078894 0.08807999 0.7891213 -0.6078894 0 0.9407179 0.3391899 0 0.9407179 0.3391898 0 0.9407179 0.3391899 0 0.9407179 0.3391899 0 0.9407179 0.3391899 0 0.9407179 0.3391899 -5.20451e-7 -0.7834062 -0.62151 -5.20451e-7 -0.7834062 -0.62151 -5.20451e-7 -0.7834062 -0.62151 0 -0.7834052 -0.6215113 0 -0.7834052 -0.6215113 0 -0.7834052 -0.6215113 0 0.4867481 -0.8735424 0 0.4867481 -0.8735424 0 0.4867481 -0.8735424 0 0.4867481 -0.8735424 0 0.4867481 -0.8735424 0 0.4867481 -0.8735424 -0.05419819 0.6830072 -0.7283981 -0.0541982 0.6830072 -0.7283981 -0.05419819 0.6830072 -0.7283981 0.08807997 0.1017435 -0.9909037 0.08807997 0.1017435 -0.9909037 0.08807997 0.1017435 -0.9909037 -0.05420931 0.26 -0.9640858 -0.05420932 0.26 -0.9640858 -0.05420931 0.26 -0.9640858 0.08806486 0.7890786 -0.607947 0.08806486 0.7890786 -0.607947 0.08806486 0.7890786 -0.607947 0 0.9407198 0.3391847 0 0.9407198 0.3391847 0 0.9407198 0.3391847 0 0.9407198 0.3391847 0 0.9407198 0.3391847 0 0.9407198 0.3391847 0 -0.7834034 -0.6215136 0 -0.7834034 -0.6215135 0 -0.7834035 -0.6215135 0 -0.7834035 -0.6215135 0 -0.7834035 -0.6215135 0 -0.7834035 -0.6215134 -2.153e-7 0.4867462 -0.8735434 -2.153e-7 0.4867462 -0.8735434 -2.153e-7 0.4867462 -0.8735434 -2.153e-7 0.4867462 -0.8735434 -2.153e-7 0.4867462 -0.8735434 -2.153e-7 0.4867462 -0.8735434 -0.05420377 0.683029 -0.7283772 -0.05420378 0.683029 -0.7283772 -0.05420377 0.683029 -0.7283772 0.08807753 0.1017597 -0.9909023 0.08807753 0.1017597 -0.9909023 0.08807753 0.1017597 -0.9909023 -0.05420591 0.2600166 -0.9640815 -0.05420591 0.2600166 -0.9640815 -0.05420591 0.2600166 -0.9640815 0.08807478 0.7891033 -0.6079135 0.08807479 0.7891033 -0.6079135 0.08807479 0.7891033 -0.6079135 -3.74076e-7 0.9407185 0.3391883 -3.74076e-7 0.9407185 0.3391883 -3.74076e-7 0.9407185 0.3391883 -4.16104e-7 0.9407185 0.3391882 -4.16104e-7 0.9407185 0.3391882 -4.16104e-7 0.9407185 0.3391882 3.1152e-7 -0.7834034 -0.6215136 3.1152e-7 -0.7834034 -0.6215136 3.1152e-7 -0.7834034 -0.6215136 3.4652e-7 -0.7834033 -0.6215137 3.4652e-7 -0.7834034 -0.6215136 3.4652e-7 -0.7834033 -0.6215137 -1.83367e-7 0.4867469 -0.873543 -1.83367e-7 0.4867469 -0.873543 -1.83367e-7 0.4867469 -0.873543 0 0.4867476 -0.8735427 0 0.4867476 -0.8735427 0 0.4867476 -0.8735427 -0.05420522 0.6830303 -0.7283759 -0.05420522 0.6830303 -0.7283759 -0.05420522 0.6830303 -0.7283759 0.08807524 0.1017705 -0.9909014 0.08807523 0.1017705 -0.9909014 0.08807523 0.1017705 -0.9909014 -0.0542042 0.2600228 -0.9640799 -0.0542042 0.2600228 -0.9640799 -0.0542042 0.2600228 -0.9640799 0.08807462 0.7891042 -0.6079124 0.08807462 0.7891042 -0.6079124 0.08807462 0.7891042 -0.6079124 -3.18593e-7 0.9407184 0.3391885 -3.18593e-7 0.9407184 0.3391885 -3.18593e-7 0.9407184 0.3391885 -3.54388e-7 0.9407184 0.3391884 -3.54388e-7 0.9407185 0.3391884 -3.54388e-7 0.9407184 0.3391884 2.65315e-7 -0.7834032 -0.6215139 2.65315e-7 -0.7834032 -0.6215139 2.65315e-7 -0.7834032 -0.6215138 0 -0.7834037 -0.6215132 0 -0.7834037 -0.6215132 0 -0.7834037 -0.6215132</float_array>
          <technique_common>
            <accessor source="#geom-power_generator_flesher-map1-texbinormals-array" count="1502" stride="3">
              <param name="X" type="float"/>
              <param name="Y" type="float"/>
              <param name="Z" type="float"/>
            </accessor>
          </technique_common>
        </source>
        <vertices id="geom-power_generator_flesher-vertices">
          <input semantic="POSITION" source="#geom-power_generator_flesher-positions"/>
        </vertices>
        <triangles material="_6_-_Default_1" count="1416">
          <input semantic="VERTEX" source="#geom-power_generator_flesher-vertices" offset="0"/>
          <input semantic="NORMAL" source="#geom-power_generator_flesher-normals" offset="1"/>
          <input semantic="TEXCOORD" source="#geom-power_generator_flesher-map1" offset="2" set="0"/>
          <input semantic="TEXTANGENT" source="#geom-power_generator_flesher-map1-textangents" offset="3" set="1"/>
          <input semantic="TEXBINORMAL" source="#geom-power_generator_flesher-map1-texbinormals" offset="3" set="1"/>
          <p>20 0 18 0 21 1 57 1 18 2 56 2 20 0 18 0 18 2 56 2 17 3 19 3 20 0 18 0 17 3 19 3 19 4 20 4 41 5 21 5 10 6 23 6 16 7 24 7 16 7 24 7 13 8 25 8 41 5 21 5 13 8 0 9 31 9 1 10 41 5 2 11 9 10 3 12 31 9 1 10 13 8 0 9 117 11 51 13 14 12 52 14 8 13 54 15 9 10 76 16 15 14 77 17 14 12 52 14 15 15 16 18 20 16 18 19 19 17 20 20 19 17 20 20 14 18 22 21 15 15 16 18 16 19 110 22 21 20 57 23 20 16 18 19 20 16 18 19 15 15 16 18 16 19 110 22 8 21 17 24 17 22 19 25 18 23 56 26 18 23 56 26 10 24 111 27 8 21 17 24 14 25 100 28 19 26 20 29 17 27 19 30 17 27 19 30 8 28 99 31 14 25 100 28 10 29 108 32 18 30 56 33 21 31 57 34 21 31 57 34 16 32 109 35 10 29 108 32 36 33 28 36 37 34 32 37 33 35 104 38 33 35 104 38 32 36 103 39 36 33 28 36 39 37 33 40 38 38 84 41 34 39 102 42 34 39 102 42 35 40 101 43 39 37 33 40 31 41 72 44 26 42 73 45 2 43 74 46 2 43 74 46 75 44 75 47 31 41 72 44 40 45 34 48 41 46 36 49 25 47 37 50 50 48 46 51 32 49 58 52 33 50 59 53 34 51 60 54 112 52 61 55 41 46 36 49 41 46 36 49 35 53 62 56 34 51 60 54 50 48 46 51 33 50 59 53 42 54 63 57 40 45 34 48 35 53 62 56 41 46 36 49 121 55 64 58 122 56 65 59 32 49 58 52 34 51 60 54 115 57 66 60 112 52 61 55 6 58 85 61 4 59 86 62 5 60 43 63 5 60 43 63 7 61 41 64 6 58 85 61 42 54 63 57 40 45 34 48 25 47 37 50 25 47 37 50 23 62 39 65 42 54 63 57 39 63 33 66 37 64 32 67 36 65 28 68 36 65 28 68 38 66 84 69 39 63 33 66 42 54 63 57 33 50 59 53 35 53 62 56 35 53 62 56 40 45 34 48 42 54 63 57 32 49 58 52 122 56 65 59 115 57 66 60 115 57 66 60 34 51 60 54 32 49 58 52 37 67 32 70 39 68 33 71 35 69 113 72 35 69 113 72 33 70 31 73 37 67 32 70 32 71 29 74 34 72 30 75 38 73 84 76 38 73 84 76 36 74 28 77 32 71 29 74 11 75 38 78 0 76 42 79 71 77 53 80 71 77 53 80 3 78 55 81 11 75 38 78 23 79 39 82 25 80 37 83 30 81 70 84 30 81 70 84 28 82 40 85 23 79 39 82 27 83 48 86 29 84 49 87 24 85 47 88 24 85 47 88 22 86 50 89 27 83 48 86 3 87 88 90 6 88 85 91 7 89 41 92 7 89 41 92 11 90 87 93 3 87 88 90 5 91 78 94 4 92 79 95 12 93 80 96 7 94 41 97 5 95 43 98 12 96 44 99 12 96 44 99 11 97 45 100 7 94 41 97 118 98 67 101 122 56 65 59 121 55 64 58 111 99 68 102 112 52 61 55 115 57 66 60 112 100 81 103 8 13 54 15 10 6 23 6 10 6 23 6 41 5 21 5 112 100 81 103 112 100 81 103 117 11 51 13 8 13 54 15 115 101 89 104 122 102 90 105 123 103 91 106 123 103 91 106 116 104 92 107 115 101 89 104 112 100 81 103 113 105 82 108 117 11 51 13 14 12 52 14 44 106 83 109 12 93 80 96 14 12 52 14 12 93 80 96 9 10 76 16 124 107 93 110 43 108 94 111 123 103 91 106 11 75 38 78 12 109 95 112 44 110 168 113 123 103 91 106 43 108 94 111 44 110 96 114 44 110 96 114 116 104 92 107 123 103 91 106 23 62 39 65 22 111 50 115 75 112 69 116 75 112 69 116 50 48 46 51 23 62 39 65 29 113 49 117 30 114 70 118 25 115 37 119 25 115 37 119 24 116 47 120 29 113 49 117 28 117 40 121 27 118 48 122 22 119 50 123 22 119 50 123 23 120 39 124 28 117 40 121 30 121 70 125 29 122 49 126 27 123 48 127 27 123 48 127 28 124 40 128 30 121 70 125 50 48 46 51 42 54 63 57 23 62 39 65 31 125 71 129 24 126 47 130 25 47 37 50 25 47 37 50 41 46 36 49 31 125 71 129 9 10 76 16 12 93 80 96 4 92 79 95 22 111 50 115 24 126 47 130 31 125 71 129 31 125 71 129 75 112 69 116 22 111 50 115 9 10 76 16 16 7 24 7 15 14 77 17 9 10 76 16 13 8 25 8 16 7 24 7 50 48 46 51 121 55 64 58 32 49 58 52 43 108 167 131 1 127 97 132 0 76 42 79 44 110 96 114 117 128 98 133 116 104 92 107 0 76 42 79 11 75 38 78 44 110 168 113 44 110 168 113 43 108 167 131 0 76 42 79 14 12 52 14 117 11 51 13 44 106 83 109 26 129 4 134 31 9 1 10 9 10 3 12 49 130 198 135 48 131 197 136 47 132 196 137 49 130 198 135 47 132 196 137 46 133 195 138 49 130 198 135 46 133 195 138 45 134 194 139 50 135 199 140 53 136 202 141 52 137 201 142 52 137 201 142 51 138 200 143 50 135 199 140 53 136 105 144 50 135 106 145 54 139 107 146 55 140 114 147 57 141 115 148 56 142 112 149 56 142 112 149 53 136 105 144 55 140 114 147 124 143 204 150 59 144 206 151 58 145 205 152 54 146 184 153 61 147 185 154 60 148 182 155 60 148 182 155 55 149 183 156 54 146 184 153 62 150 190 157 64 151 191 158 63 152 192 159 65 153 207 160 58 145 205 152 66 154 208 161 66 155 209 162 58 156 210 163 46 157 195 164 46 157 195 164 47 158 196 165 66 155 209 162 52 159 211 166 66 155 209 162 47 158 196 165 47 158 196 165 48 160 197 167 52 159 211 166 59 161 212 168 51 162 213 169 49 163 198 170 49 163 198 170 45 164 194 171 59 161 212 168 58 165 214 172 59 166 215 173 45 167 194 174 45 167 194 174 46 168 195 175 58 165 214 172 51 169 216 176 52 170 217 177 48 171 197 178 48 171 197 178 49 172 198 179 51 169 216 176 67 173 218 180 70 174 221 181 69 175 220 182 69 175 220 182 68 176 219 183 67 173 218 180 71 177 222 184 72 178 223 185 70 179 221 186 70 179 221 186 67 180 218 187 71 177 222 184 69 181 224 188 125 182 226 189 68 183 225 190 70 184 221 191 72 185 228 192 125 186 227 193 125 186 227 193 69 187 220 194 70 184 221 191 121 188 229 195 50 135 199 140 51 138 200 143 51 138 200 143 59 144 206 151 121 188 229 195 121 188 229 195 59 144 206 151 124 143 204 150 121 188 229 195 124 143 204 150 120 189 230 196 56 142 203 197 65 153 207 160 66 154 208 161 58 145 205 152 125 182 226 189 73 190 231 198 58 145 205 152 65 153 207 160 125 182 226 189 60 191 154 199 61 192 155 200 62 193 152 201 62 193 152 201 63 194 153 202 60 191 154 199 64 195 180 203 62 196 181 204 61 197 178 205 61 197 178 205 54 198 179 206 64 195 180 203 55 199 188 207 60 200 189 208 63 201 186 209 63 201 186 209 74 202 187 210 55 199 188 207 64 203 116 211 75 204 117 212 74 205 118 213 63 152 192 159 64 151 191 158 74 206 193 214 74 205 118 213 76 207 119 215 57 141 115 148 57 141 115 148 55 140 114 147 74 205 118 213 54 139 107 146 50 135 106 145 75 204 117 212 75 204 117 212 64 203 116 211 54 139 107 146 74 205 118 213 75 204 117 212 76 207 119 215 56 142 112 149 57 141 115 148 77 208 120 216 55 140 114 147 53 136 105 144 54 139 107 146 65 153 207 160 68 183 225 190 125 182 226 189 56 142 203 197 66 154 208 161 52 137 201 142 56 142 203 197 52 137 201 142 53 136 202 141 58 145 205 152 73 190 231 198 124 143 204 150 76 207 119 215 75 204 117 212 78 209 121 217 78 209 121 217 80 210 123 218 79 211 122 219 79 211 122 219 77 208 120 216 78 209 121 217 2 212 124 220 81 213 125 221 80 210 123 218 80 210 123 218 75 204 117 212 2 212 124 220 82 214 126 222 65 153 127 223 56 142 112 149 56 142 112 149 79 211 122 219 82 214 126 222 77 208 120 216 79 211 122 219 56 142 112 149 80 210 123 218 78 209 121 217 75 204 117 212 82 214 126 222 81 213 125 221 2 212 124 220 2 212 124 220 65 153 127 223 82 214 126 222 80 215 147 224 85 216 148 225 84 217 149 226 80 218 147 227 84 219 149 228 83 220 150 229 80 221 147 230 83 222 150 231 79 223 151 232 79 224 145 233 83 225 146 234 86 226 143 235 86 227 143 236 82 228 144 237 79 229 145 238 82 230 138 239 86 231 139 240 88 232 140 241 82 233 138 242 88 234 140 243 87 235 141 244 82 236 138 245 87 237 141 246 81 238 142 247 81 239 136 248 87 240 137 249 85 241 134 250 85 242 134 251 80 243 135 252 81 244 136 253 86 245 130 254 83 246 131 255 84 247 128 256 84 248 128 257 88 249 129 258 86 250 130 259 87 251 133 260 88 252 129 261 84 253 128 262 84 254 128 263 85 255 132 264 87 256 133 265 57 257 172 266 90 258 173 267 89 259 170 268 89 259 170 268 77 260 171 269 57 257 172 266 91 261 160 270 76 262 161 271 92 263 162 272 89 264 158 273 90 265 159 274 91 266 156 275 91 266 156 275 92 267 157 276 89 264 158 273 76 268 176 277 91 269 177 278 90 270 174 279 90 270 174 279 57 271 175 280 76 268 176 277 77 272 166 281 89 273 169 282 92 274 164 283 92 274 164 283 78 275 165 284 77 272 166 281 92 263 162 272 76 262 161 271 78 276 163 285 93 277 232 286 96 278 235 287 95 279 234 288 95 279 234 288 94 280 233 289 93 277 232 286 97 281 236 290 100 282 239 291 99 283 238 292 99 283 238 292 98 284 237 293 97 281 236 290 101 285 240 294 102 286 242 295 9 287 241 296 65 288 243 297 95 289 245 298 96 290 244 299 99 291 246 300 100 292 248 301 9 287 241 296 9 287 241 296 4 293 247 302 99 291 246 300 65 288 243 297 103 294 249 303 95 289 245 298 101 285 240 294 9 287 241 296 100 292 248 301 68 295 250 304 96 290 244 299 71 296 251 305 99 291 246 300 4 293 247 302 3 297 252 306 103 294 249 303 104 298 253 307 102 286 242 295 102 286 242 295 101 285 240 294 103 294 249 303 97 299 236 308 98 300 237 309 93 301 232 310 93 301 232 310 94 302 233 311 97 299 236 308 103 294 249 303 101 285 240 294 100 292 248 301 100 292 248 301 95 289 245 298 103 294 249 303 96 290 244 299 99 291 246 300 3 297 252 306 3 297 252 306 71 296 251 305 96 290 244 299 94 303 233 312 95 304 255 313 100 305 254 314 100 305 254 314 97 306 236 315 94 303 233 312 96 307 256 316 93 308 232 317 98 309 237 318 98 309 237 318 99 310 257 319 96 307 256 316 104 311 253 320 106 312 259 321 105 313 258 322 105 313 258 322 102 314 242 323 104 311 253 320 107 315 260 324 110 316 263 325 109 317 262 326 109 317 262 326 108 318 261 327 107 315 260 324 67 319 264 328 68 295 250 304 71 296 251 305 6 320 265 329 3 297 252 306 4 293 247 302 104 298 253 307 65 288 243 297 2 321 266 330 2 321 266 330 110 322 263 331 104 298 253 307 108 323 261 332 109 324 262 333 102 325 242 334 102 325 242 334 105 326 258 335 108 323 261 332 106 327 259 336 104 328 253 337 110 329 263 338 110 329 263 338 107 330 260 339 106 327 259 336 105 331 258 340 106 332 259 341 107 333 260 342 107 333 260 342 108 334 261 343 105 331 258 340 65 288 243 297 104 298 253 307 103 294 249 303 26 335 267 344 9 287 241 296 102 286 242 295 102 286 242 295 109 336 262 345 26 335 267 344 110 322 263 331 2 321 266 330 26 335 267 344 26 335 267 344 109 336 262 345 110 322 263 331 65 288 243 297 96 290 244 299 68 295 250 304 111 337 268 346 114 338 271 347 113 339 270 348 113 339 270 348 112 340 269 349 111 337 268 346 115 341 272 350 116 342 273 351 114 343 271 352 114 343 271 352 111 344 268 353 115 341 272 350 114 345 271 354 116 346 275 355 117 347 274 356 117 347 274 356 113 348 270 357 114 345 271 354 118 349 276 358 121 350 279 359 120 351 278 360 120 351 278 360 119 352 277 361 118 349 276 358 122 353 280 362 118 354 276 363 119 355 277 364 119 355 277 364 123 356 281 365 122 353 280 362 119 357 277 366 120 358 278 367 124 359 283 368 124 359 283 368 123 360 282 369 119 357 277 366 133 361 284 370 152 362 285 371 154 363 286 372 154 363 286 372 134 364 287 373 133 361 284 370 134 364 287 373 154 363 286 372 156 365 288 374 156 365 288 374 135 366 289 375 134 364 287 373 135 366 289 375 156 365 288 374 158 367 418 376 158 367 418 376 136 368 419 377 135 366 289 375 136 368 419 377 158 367 418 376 160 369 421 378 160 369 421 378 137 370 422 379 136 368 419 377 137 370 422 379 160 369 421 378 161 371 424 380 161 371 424 380 138 372 425 381 137 370 422 379 139 373 431 382 164 374 427 383 165 375 428 384 165 375 428 384 140 376 430 385 139 373 431 382 140 376 430 385 165 375 428 384 151 377 433 386 151 377 433 386 132 378 434 387 140 376 430 385 136 368 419 377 145 379 436 388 144 380 437 389 144 380 437 389 135 366 289 375 136 368 419 377 148 381 439 390 147 382 440 391 128 383 442 392 128 383 442 392 130 384 443 393 148 381 439 390 141 385 445 394 148 381 439 390 130 384 443 393 130 384 443 393 126 386 446 395 141 385 445 394 132 378 434 387 126 386 446 395 130 384 443 393 130 384 443 393 140 376 430 385 132 378 434 387 135 366 289 375 144 380 437 389 143 387 448 396 143 387 448 396 134 364 287 373 135 366 289 375 138 372 425 381 146 388 449 397 137 370 422 379 128 383 442 392 139 373 431 382 140 376 430 385 140 376 430 385 130 384 443 393 128 383 442 392 134 364 287 373 143 387 448 396 142 389 451 398 142 389 451 398 133 361 284 370 134 364 287 373 137 370 422 379 146 388 449 397 145 379 436 388 145 379 436 388 136 368 419 377 137 370 422 379 165 375 428 384 164 374 427 383 129 390 452 399 129 390 452 399 131 391 454 400 165 375 428 384 151 377 433 386 165 375 428 384 131 391 454 400 131 391 454 400 127 392 455 401 151 377 433 386 158 367 418 376 156 365 288 374 155 393 456 402 155 393 456 402 157 394 457 403 158 367 418 376 154 363 286 372 152 362 285 371 149 395 458 404 149 395 458 404 153 396 459 405 154 363 286 372 160 369 421 378 158 367 418 376 157 394 457 403 157 394 457 403 159 397 460 406 160 369 421 378 156 365 288 374 154 363 286 372 153 396 459 405 153 396 459 405 155 393 456 402 156 365 288 374 161 371 424 380 160 369 421 378 159 397 460 406 131 391 454 400 129 390 452 399 162 398 461 407 162 398 461 407 163 399 462 408 131 391 454 400 127 392 455 401 131 391 454 400 163 399 462 408 163 399 462 408 150 400 463 409 127 392 455 401 132 378 434 387 151 377 433 386 152 362 285 371 152 362 285 371 133 361 284 370 132 378 434 387 126 386 446 395 132 378 434 387 133 361 284 370 126 386 446 395 133 361 284 370 142 389 451 398 126 386 446 395 142 389 451 398 141 385 445 394 149 395 458 404 152 362 285 371 151 377 433 386 149 395 458 404 151 377 433 386 127 392 455 401 149 395 458 404 127 392 455 401 150 400 463 409 143 387 448 396 153 396 467 410 149 395 466 411 149 395 466 411 142 389 451 398 143 387 448 396 153 396 467 410 143 387 448 396 144 380 437 389 144 380 437 389 155 393 464 412 153 396 467 410 155 393 464 412 144 380 437 389 145 379 436 388 145 379 436 388 157 394 465 413 155 393 464 412 157 394 465 413 145 379 436 388 146 388 449 397 146 388 449 397 159 397 468 414 157 394 465 413 162 398 469 415 147 382 440 391 148 381 439 390 148 381 439 390 163 399 470 416 162 398 469 415 163 399 470 416 148 381 439 390 141 385 445 394 141 385 445 394 150 400 471 417 163 399 470 416 149 395 466 411 150 400 471 417 141 385 445 394 141 385 445 394 142 389 451 398 149 395 466 411 166 401 290 418 212 402 349 419 213 403 350 420 213 403 350 420 169 404 352 421 166 401 290 418 213 403 350 420 212 402 349 419 170 405 353 422 170 405 353 422 171 406 355 423 213 403 350 420 168 407 356 424 169 404 352 421 213 403 350 420 213 403 350 420 214 408 358 425 168 407 356 424 214 408 358 425 213 403 350 420 171 406 355 423 171 406 355 423 172 409 359 426 214 408 358 425 167 410 361 427 168 407 356 424 214 408 358 425 214 408 358 425 215 411 362 428 167 410 361 427 215 411 362 428 214 408 358 425 172 409 359 426 172 409 359 426 173 412 364 429 215 411 362 428 166 401 290 418 167 410 416 430 215 411 417 431 215 411 417 431 212 402 349 419 166 401 290 418 212 402 349 419 215 411 417 431 173 412 420 432 173 412 420 432 170 405 353 422 212 402 349 419 170 405 353 422 216 413 365 433 217 414 367 434 217 414 367 434 171 406 355 423 170 405 353 422 217 414 367 434 216 413 365 433 220 415 368 435 220 415 368 435 221 416 370 436 217 414 367 434 218 417 371 437 172 409 359 426 171 406 355 423 171 406 355 423 217 414 367 434 218 417 371 437 218 417 371 437 217 414 367 434 221 416 370 436 221 416 370 436 222 418 373 438 218 417 371 437 219 419 374 439 173 412 364 429 172 409 359 426 172 409 359 426 218 417 371 437 219 419 374 439 219 419 374 439 218 417 371 437 222 418 373 438 222 418 373 438 223 420 376 440 219 419 374 439 173 412 420 432 219 419 423 441 216 413 365 433 216 413 365 433 170 405 353 422 173 412 420 432 216 413 365 433 219 419 423 441 223 420 426 442 223 420 426 442 220 415 368 435 216 413 365 433 221 416 370 436 220 415 368 435 224 421 377 443 224 421 377 443 174 422 379 444 221 416 370 436 222 418 373 438 221 416 370 436 174 422 379 444 174 422 379 444 175 423 380 445 222 418 373 438 223 420 376 440 222 418 373 438 175 423 380 445 175 423 380 445 176 424 382 446 223 420 376 440 220 415 368 435 223 420 426 442 176 424 429 447 176 424 429 447 224 421 377 443 220 415 368 435 174 422 379 444 224 421 377 443 177 425 383 448 177 425 383 448 178 426 385 449 174 422 379 444 175 423 380 445 174 422 379 444 178 426 385 449 178 426 385 449 179 427 386 450 175 423 380 445 176 424 382 446 175 423 380 445 179 427 386 450 179 427 386 450 180 428 387 451 176 424 382 446 224 421 377 443 176 424 429 447 180 428 432 452 180 428 432 452 177 425 383 448 224 421 377 443 177 425 383 448 181 429 388 453 225 430 389 454 225 430 389 454 178 426 385 449 177 425 383 448 226 431 390 455 179 427 386 450 178 426 385 449 178 426 385 449 225 430 389 454 226 431 390 455 227 432 391 456 180 428 387 451 179 427 386 450 179 427 386 450 226 431 390 455 227 432 391 456 181 429 388 453 177 425 383 448 180 428 432 452 180 428 432 452 227 432 435 457 181 429 388 453 181 429 388 453 228 433 392 458 229 434 393 459 229 434 393 459 225 430 389 454 181 429 388 453 229 434 393 459 228 433 392 458 232 435 394 460 232 435 394 460 182 436 395 461 229 434 393 459 230 437 396 462 226 431 390 455 225 430 389 454 225 430 389 454 229 434 393 459 230 437 396 462 230 437 396 462 229 434 393 459 182 436 395 461 182 436 395 461 183 438 397 463 230 437 396 462 231 439 398 464 227 432 391 456 226 431 390 455 226 431 390 455 230 437 396 462 231 439 398 464 231 439 398 464 230 437 396 462 183 438 397 463 183 438 397 463 184 440 399 465 231 439 398 464 228 433 392 458 181 429 388 453 227 432 435 457 227 432 435 457 231 439 438 466 228 433 392 458 228 433 392 458 231 439 438 466 184 440 441 467 184 440 441 467 232 435 394 460 228 433 392 458 182 436 395 461 232 435 394 460 185 441 400 468 185 441 400 468 186 442 401 469 182 436 395 461 183 438 397 463 182 436 395 461 186 442 401 469 186 442 401 469 187 443 402 470 183 438 397 463 184 440 399 465 183 438 397 463 187 443 402 470 187 443 402 470 188 444 403 471 184 440 399 465 232 435 394 460 184 440 441 467 188 444 444 472 188 444 444 472 185 441 400 468 232 435 394 460 185 441 400 468 189 445 404 473 233 446 405 474 233 446 405 474 186 442 401 469 185 441 400 468 186 442 401 469 233 446 405 474 234 447 406 475 234 447 406 475 187 443 402 470 186 442 401 469 235 448 407 476 188 444 403 471 187 443 402 470 187 443 402 470 234 447 406 475 235 448 407 476 189 445 404 473 185 441 400 468 188 444 444 472 188 444 444 472 235 448 447 477 189 445 404 473 189 445 404 473 236 449 408 478 237 450 409 479 237 450 409 479 233 446 405 474 189 445 404 473 237 450 409 479 236 449 408 478 240 451 410 480 240 451 410 480 241 452 411 481 237 450 409 479 238 453 412 482 234 447 406 475 233 446 405 474 233 446 405 474 237 450 409 479 238 453 412 482 238 453 412 482 237 450 409 479 241 452 411 481 241 452 411 481 242 454 413 483 238 453 412 482 239 455 414 484 235 448 407 476 234 447 406 475 234 447 406 475 238 453 412 482 239 455 414 484 239 455 414 484 238 453 412 482 242 454 413 483 242 454 413 483 243 456 415 485 239 455 414 484 235 448 447 477 239 455 450 486 236 449 408 478 236 449 408 478 189 445 404 473 235 448 447 477 236 449 408 478 239 455 450 486 243 456 453 487 243 456 453 487 240 451 410 480 236 449 408 478 190 457 291 488 244 458 292 489 245 459 293 490 245 459 293 490 193 460 294 491 190 457 291 488 245 459 293 490 244 458 292 489 194 461 295 492 194 461 295 492 195 462 296 493 245 459 293 490 192 463 297 494 193 460 294 491 245 459 293 490 245 459 293 490 246 464 298 495 192 463 297 494 246 464 298 495 245 459 293 490 195 462 296 493 195 462 296 493 196 465 299 496 246 464 298 495 191 466 300 497 192 463 297 494 246 464 298 495 246 464 298 495 247 467 301 498 191 466 300 497 247 467 301 498 246 464 298 495 196 465 299 496 196 465 299 496 197 468 302 499 247 467 301 498 190 457 291 488 191 466 347 500 247 467 348 501 247 467 348 501 244 458 292 489 190 457 291 488 244 458 292 489 247 467 348 501 197 468 351 502 197 468 351 502 194 461 295 492 244 458 292 489 194 461 295 492 248 469 303 503 249 470 304 504 249 470 304 504 195 462 296 493 194 461 295 492 249 470 304 504 248 469 303 503 252 471 305 505 252 471 305 505 253 472 306 506 249 470 304 504 250 473 307 507 196 465 299 496 195 462 296 493 195 462 296 493 249 470 304 504 250 473 307 507 250 473 307 507 249 470 304 504 253 472 306 506 253 472 306 506 254 474 308 508 250 473 307 507 251 475 309 509 197 468 302 499 196 465 299 496 196 465 299 496 250 473 307 507 251 475 309 509 251 475 309 509 250 473 307 507 254 474 308 508 254 474 308 508 255 476 310 510 251 475 309 509 197 468 351 502 251 475 354 511 248 469 303 503 248 469 303 503 194 461 295 492 197 468 351 502 248 469 303 503 251 475 354 511 255 476 357 512 255 476 357 512 252 471 305 505 248 469 303 503 253 472 306 506 252 471 305 505 198 477 311 513 198 477 311 513 199 478 312 514 253 472 306 506 254 474 308 508 253 472 306 506 199 478 312 514 199 478 312 514 200 479 313 515 254 474 308 508 255 476 310 510 254 474 308 508 200 479 313 515 200 479 313 515 201 480 314 516 255 476 310 510 252 471 305 505 255 476 357 512 201 480 360 517 201 480 360 517 198 477 311 513 252 471 305 505 198 477 311 513 202 481 315 518 256 482 316 519 256 482 316 519 199 478 312 514 198 477 311 513 257 483 317 520 200 479 313 515 199 478 312 514 199 478 312 514 256 482 316 519 257 483 317 520 258 484 318 521 201 480 314 516 200 479 313 515 200 479 313 515 257 483 317 520 258 484 318 521 202 481 315 518 198 477 311 513 201 480 360 517 201 480 360 517 258 484 363 522 202 481 315 518 202 481 315 518 203 485 319 523 259 486 320 524 259 486 320 524 256 482 316 519 202 481 315 518 260 487 321 525 257 483 317 520 256 482 316 519 256 482 316 519 259 486 320 524 260 487 321 525 261 488 322 526 258 484 318 521 257 483 317 520 257 483 317 520 260 487 321 525 261 488 322 526 203 485 319 523 202 481 315 518 258 484 363 522 258 484 363 522 261 488 366 527 203 485 319 523 203 485 319 523 262 489 323 528 263 490 324 529 263 490 324 529 259 486 320 524 203 485 319 523 263 490 324 529 262 489 323 528 266 491 325 530 266 491 325 530 204 492 326 531 263 490 324 529 264 493 327 532 260 487 321 525 259 486 320 524 259 486 320 524 263 490 324 529 264 493 327 532 264 493 327 532 263 490 324 529 204 492 326 531 204 492 326 531 205 494 328 533 264 493 327 532 265 495 329 534 261 488 322 526 260 487 321 525 260 487 321 525 264 493 327 532 265 495 329 534 265 495 329 534 264 493 327 532 205 494 328 533 205 494 328 533 206 496 330 535 265 495 329 534 262 489 323 528 203 485 319 523 261 488 366 527 261 488 366 527 265 495 369 536 262 489 323 528 262 489 323 528 265 495 369 536 206 496 372 537 206 496 372 537 266 491 325 530 262 489 323 528 204 492 326 531 266 491 325 530 207 497 331 538 207 497 331 538 208 498 332 539 204 492 326 531 205 494 328 533 204 492 326 531 208 498 332 539 208 498 332 539 209 499 333 540 205 494 328 533 206 496 330 535 205 494 328 533 209 499 333 540 209 499 333 540 210 500 334 541 206 496 330 535 266 491 325 530 206 496 372 537 210 500 375 542 210 500 375 542 207 497 331 538 266 491 325 530 207 497 331 538 211 501 335 543 267 502 336 544 267 502 336 544 208 498 332 539 207 497 331 538 208 498 332 539 267 502 336 544 268 503 337 545 268 503 337 545 209 499 333 540 208 498 332 539 269 504 338 546 210 500 334 541 209 499 333 540 209 499 333 540 268 503 337 545 269 504 338 546 211 501 335 543 207 497 331 538 210 500 375 542 210 500 375 542 269 504 378 547 211 501 335 543 211 501 335 543 270 505 339 548 271 506 340 549 271 506 340 549 267 502 336 544 211 501 335 543 271 506 340 549 270 505 339 548 274 507 341 550 274 507 341 550 275 508 342 551 271 506 340 549 272 509 343 552 268 503 337 545 267 502 336 544 267 502 336 544 271 506 340 549 272 509 343 552 272 509 343 552 271 506 340 549 275 508 342 551 275 508 342 551 276 510 344 553 272 509 343 552 273 511 345 554 269 504 338 546 268 503 337 545 268 503 337 545 272 509 343 552 273 511 345 554 273 511 345 554 272 509 343 552 276 510 344 553 276 510 344 553 277 512 346 555 273 511 345 554 269 504 378 547 273 511 381 556 270 505 339 548 270 505 339 548 211 501 335 543 269 504 378 547 270 505 339 548 273 511 381 556 277 512 384 557 277 512 384 557 274 507 341 550 270 505 339 548 283 513 479 558 281 514 478 559 286 515 477 560 283 513 479 558 286 515 477 560 294 516 476 561 283 513 479 558 294 516 476 561 280 517 474 562 293 518 483 563 286 515 482 564 281 514 481 565 281 514 481 565 287 519 480 566 293 518 483 563 287 519 493 567 288 520 492 568 290 521 475 569 290 521 475 569 278 522 472 570 287 519 493 567 287 519 480 566 281 514 481 565 291 523 502 571 291 523 502 571 288 520 500 572 287 519 480 566 289 524 484 573 288 520 500 572 291 523 502 571 291 523 502 571 282 525 485 574 289 524 484 573 290 521 489 575 289 524 484 573 282 525 485 574 282 525 485 574 292 526 488 576 290 521 489 575 290 521 489 575 292 526 488 576 283 513 487 577 283 513 487 577 278 522 486 578 290 521 489 575 278 522 486 578 283 513 487 577 280 517 501 579 280 517 501 579 285 527 490 580 278 522 486 578 299 528 507 581 300 529 509 582 297 530 508 583 297 530 508 583 298 531 506 584 299 528 507 581 293 518 494 585 285 527 498 586 279 532 496 587 297 530 508 583 300 529 509 582 301 533 515 588 301 533 515 588 296 534 511 589 297 530 508 583 283 513 479 558 292 526 495 590 291 523 491 591 291 523 491 591 281 514 478 559 283 513 479 558 292 526 495 590 282 525 497 592 291 523 491 591 278 522 472 570 285 527 498 586 293 518 494 585 293 518 494 585 287 519 493 567 278 522 472 570 288 520 492 568 289 524 499 593 290 521 475 569 294 516 476 561 286 515 477 560 295 535 505 594 285 527 490 580 280 517 501 579 297 530 508 583 297 530 508 583 296 534 511 589 285 527 490 580 280 517 510 595 294 516 512 596 298 531 506 584 298 531 506 584 297 530 508 583 280 517 510 595 294 516 504 597 295 535 518 598 299 528 507 581 299 528 507 581 298 531 506 584 294 516 504 597 295 535 473 599 284 536 514 600 300 529 509 582 300 529 509 582 299 528 513 601 295 535 473 599 284 536 514 600 279 532 516 602 301 533 515 588 301 533 515 588 300 529 509 582 284 536 514 600 279 532 496 587 285 527 498 586 296 534 517 603 296 534 517 603 301 533 503 604 279 532 496 587 302 537 519 605 305 538 522 606 304 539 521 607 304 539 521 607 303 540 520 608 302 537 519 605 305 538 522 606 307 541 524 609 306 542 523 610 306 542 523 610 304 539 521 607 305 538 522 606 307 541 524 609 309 543 526 611 308 544 525 612 308 544 525 612 306 542 523 610 307 541 524 609 309 543 526 611 311 545 528 613 310 546 527 614 310 546 527 614 308 544 525 612 309 543 526 611 311 545 528 613 313 547 530 615 312 548 529 616 312 548 529 616 310 546 527 614 311 545 528 613 314 549 531 617 317 550 534 618 316 551 533 619 316 551 533 619 315 552 532 620 314 549 531 617 317 550 534 618 319 553 536 621 318 554 535 622 318 554 535 622 316 551 533 619 317 550 534 618 309 543 526 611 307 541 524 609 321 555 538 623 321 555 538 623 320 556 537 624 309 543 526 611 322 557 539 625 325 558 542 626 324 559 541 627 324 559 541 627 323 560 540 628 322 557 539 625 326 561 543 629 327 562 544 630 325 558 542 626 325 558 542 626 322 557 539 625 326 561 543 629 319 553 536 621 317 550 534 618 325 558 542 626 325 558 542 626 327 562 544 630 319 553 536 621 307 541 524 609 305 538 522 606 328 563 545 631 328 563 545 631 321 555 538 623 307 541 524 609 313 547 530 615 311 545 528 613 329 564 546 632 324 559 541 627 325 558 542 626 317 550 534 618 317 550 534 618 314 549 531 617 324 559 541 627 305 538 522 606 302 537 519 605 330 565 547 633 330 565 547 633 328 563 545 631 305 538 522 606 311 545 528 613 309 543 526 611 320 556 537 624 320 556 537 624 329 564 546 632 311 545 528 613 316 551 533 619 332 566 549 634 331 567 548 635 331 567 548 635 315 552 532 620 316 551 533 619 318 554 535 622 333 568 550 636 332 566 549 634 332 566 549 634 316 551 533 619 318 554 535 622 308 544 525 612 335 569 552 637 334 570 551 638 334 570 551 638 306 542 523 610 308 544 525 612 304 539 521 607 337 571 554 639 336 572 553 640 336 572 553 640 303 540 520 608 304 539 521 607 310 546 527 614 338 573 555 641 335 569 552 637 335 569 552 637 308 544 525 612 310 546 527 614 306 542 523 610 334 570 551 638 337 571 554 639 337 571 554 639 304 539 521 607 306 542 523 610 312 548 529 616 338 573 555 641 310 546 527 614 332 566 549 634 340 574 557 642 339 575 556 643 339 575 556 643 331 567 548 635 332 566 549 634 333 568 550 636 341 576 558 644 340 574 557 642 340 574 557 642 332 566 549 634 333 568 550 636 319 553 536 621 302 537 519 605 303 540 520 608 303 540 520 608 318 554 535 622 319 553 536 621 327 562 544 630 326 561 543 629 330 565 547 633 327 562 544 630 330 565 547 633 302 537 519 605 327 562 544 630 302 537 519 605 319 553 536 621 318 554 535 622 303 540 520 608 336 572 553 640 318 554 535 622 336 572 553 640 341 576 558 644 318 554 535 622 341 576 558 644 333 568 550 636 328 563 545 631 330 565 547 633 336 572 560 645 336 572 560 645 337 571 559 646 328 563 545 631 337 571 559 646 334 570 561 647 321 555 538 623 321 555 538 623 328 563 545 631 337 571 559 646 334 570 561 647 335 569 562 648 320 556 537 624 320 556 537 624 321 555 538 623 334 570 561 647 335 569 562 648 338 573 563 649 329 564 546 632 329 564 546 632 320 556 537 624 335 569 562 648 339 575 564 650 340 574 565 651 322 557 539 625 322 557 539 625 323 560 540 628 339 575 564 650 340 574 565 651 341 576 566 652 326 561 543 629 326 561 543 629 322 557 539 625 340 574 565 651 336 572 560 645 330 565 547 633 326 561 543 629 326 561 543 629 341 576 566 652 336 572 560 645 342 577 567 653 345 578 570 654 344 579 569 655 344 579 569 655 343 580 568 656 342 577 567 653 344 579 569 655 347 581 572 657 346 582 571 658 346 582 571 658 343 580 568 656 344 579 569 655 348 583 573 659 349 584 574 660 344 579 569 655 344 579 569 655 345 578 570 654 348 583 573 659 349 584 574 660 350 585 575 661 347 581 572 657 347 581 572 657 344 579 569 655 349 584 574 660 351 586 576 662 352 587 577 663 349 584 574 660 349 584 574 660 348 583 573 659 351 586 576 662 352 587 577 663 353 588 578 664 350 585 575 661 350 585 575 661 349 584 574 660 352 587 577 663 342 577 567 653 343 580 568 656 352 587 580 665 352 587 580 665 351 586 579 666 342 577 567 653 343 580 568 656 346 582 571 658 353 588 581 667 353 588 581 667 352 587 580 665 343 580 568 656 346 582 571 658 347 581 572 657 355 589 583 668 355 589 583 668 354 590 582 669 346 582 571 658 355 589 583 668 357 591 585 670 356 592 584 671 356 592 584 671 354 590 582 669 355 589 583 668 358 593 586 672 355 589 583 668 347 581 572 657 347 581 572 657 350 585 575 661 358 593 586 672 358 593 586 672 359 594 587 673 357 591 585 670 357 591 585 670 355 589 583 668 358 593 586 672 360 595 588 674 358 593 586 672 350 585 575 661 350 585 575 661 353 588 578 664 360 595 588 674 360 595 588 674 361 596 589 675 359 594 587 673 359 594 587 673 358 593 586 672 360 595 588 674 353 588 581 667 346 582 571 658 354 590 582 669 354 590 582 669 360 595 590 676 353 588 581 667 354 590 582 669 356 592 584 671 361 596 591 677 361 596 591 677 360 595 590 676 354 590 582 669 357 591 585 670 363 597 593 678 362 598 592 679 362 598 592 679 356 592 584 671 357 591 585 670 359 594 587 673 364 599 594 680 363 597 593 678 363 597 593 678 357 591 585 670 359 594 587 673 361 596 589 675 365 600 595 681 364 599 594 680 364 599 594 680 359 594 587 673 361 596 589 675 356 592 584 671 362 598 592 679 365 600 596 682 365 600 596 682 361 596 591 677 356 592 584 671 363 597 593 678 367 601 598 683 366 602 597 684 366 602 597 684 362 598 592 679 363 597 593 678 364 599 594 680 368 603 599 685 367 601 598 683 367 601 598 683 363 597 593 678 364 599 594 680 365 600 595 681 369 604 600 686 368 603 599 685 368 603 599 685 364 599 594 680 365 600 595 681 362 598 592 679 366 602 597 684 369 604 601 687 369 604 601 687 365 600 596 682 362 598 592 679 366 602 597 684 367 601 598 683 371 605 603 688 371 605 603 688 370 606 602 689 366 602 597 684 372 607 604 690 371 605 603 688 367 601 598 683 367 601 598 683 368 603 599 685 372 607 604 690 373 608 605 691 372 607 604 690 368 603 599 685 368 603 599 685 369 604 600 686 373 608 605 691 370 606 602 689 373 608 606 692 369 604 601 687 369 604 601 687 366 602 597 684 370 606 602 689 370 606 602 689 371 605 603 688 375 609 608 693 375 609 608 693 374 610 607 694 370 606 602 689 375 609 608 693 377 611 610 695 376 612 609 696 376 612 609 696 374 610 607 694 375 609 608 693 378 613 611 697 375 609 608 693 371 605 603 688 371 605 603 688 372 607 604 690 378 613 611 697 378 613 611 697 379 614 612 698 377 611 610 695 377 611 610 695 375 609 608 693 378 613 611 697 380 615 613 699 378 613 611 697 372 607 604 690 372 607 604 690 373 608 605 691 380 615 613 699 380 615 613 699 381 616 614 700 379 614 612 698 379 614 612 698 378 613 611 697 380 615 613 699 374 610 607 694 380 615 615 701 373 608 606 692 373 608 606 692 370 606 602 689 374 610 607 694 374 610 607 694 376 612 609 696 381 616 616 702 381 616 616 702 380 615 615 701 374 610 607 694 377 611 610 695 383 617 618 703 382 618 617 704 382 618 617 704 376 612 609 696 377 611 610 695 379 614 612 698 384 619 619 705 383 617 618 703 383 617 618 703 377 611 610 695 379 614 612 698 381 616 614 700 385 620 620 706 384 619 619 705 384 619 619 705 379 614 612 698 381 616 614 700 376 612 609 696 382 618 617 704 385 620 621 707 385 620 621 707 381 616 616 702 376 612 609 696 382 618 617 704 383 617 618 703 387 621 623 708 387 621 623 708 386 622 622 709 382 618 617 704 383 617 618 703 384 619 619 705 388 623 624 710 388 623 624 710 387 621 623 708 383 617 618 703 389 624 625 711 388 623 624 710 384 619 619 705 384 619 619 705 385 620 620 706 389 624 625 711 386 622 622 709 389 624 626 712 385 620 621 707 385 620 621 707 382 618 617 704 386 622 622 709 386 622 622 709 387 621 623 708 391 625 628 713 391 625 628 713 390 626 627 714 386 622 622 709 391 625 628 713 393 627 630 715 392 628 629 716 392 628 629 716 390 626 627 714 391 625 628 713 394 629 631 717 391 625 628 713 387 621 623 708 387 621 623 708 388 623 624 710 394 629 631 717 394 629 631 717 395 630 632 718 393 627 630 715 393 627 630 715 391 625 628 713 394 629 631 717 396 631 633 719 394 629 631 717 388 623 624 710 388 623 624 710 389 624 625 711 396 631 633 719 396 631 633 719 397 632 634 720 395 630 632 718 395 630 632 718 394 629 631 717 396 631 633 719 389 624 626 712 386 622 622 709 390 626 627 714 390 626 627 714 396 631 635 721 389 624 626 712 390 626 627 714 392 628 629 716 397 632 636 722 397 632 636 722 396 631 635 721 390 626 627 714 398 633 637 723 401 634 640 724 400 635 639 725 400 635 639 725 399 636 638 726 398 633 637 723 400 635 639 725 403 637 642 727 402 638 641 728 402 638 641 728 399 636 638 726 400 635 639 725 404 639 643 729 405 640 644 730 400 635 639 725 400 635 639 725 401 634 640 724 404 639 643 729 405 640 644 730 406 641 645 731 403 637 642 727 403 637 642 727 400 635 639 725 405 640 644 730 407 642 646 732 408 643 647 733 405 640 644 730 405 640 644 730 404 639 643 729 407 642 646 732 408 643 647 733 409 644 648 734 406 641 645 731 406 641 645 731 405 640 644 730 408 643 647 733 398 633 637 723 399 636 638 726 408 643 650 735 408 643 650 735 407 642 649 736 398 633 637 723 399 636 638 726 402 638 641 728 409 644 651 737 409 644 651 737 408 643 650 735 399 636 638 726 402 638 641 728 403 637 642 727 411 645 653 738 411 645 653 738 410 646 652 739 402 638 641 728 411 645 653 738 413 647 655 740 412 648 654 741 412 648 654 741 410 646 652 739 411 645 653 738 414 649 656 742 411 645 653 738 403 637 642 727 403 637 642 727 406 641 645 731 414 649 656 742 414 649 656 742 415 650 657 743 413 647 655 740 413 647 655 740 411 645 653 738 414 649 656 742 416 651 658 744 414 649 656 742 406 641 645 731 406 641 645 731 409 644 648 734 416 651 658 744 416 651 658 744 417 652 659 745 415 650 657 743 415 650 657 743 414 649 656 742 416 651 658 744 409 644 651 737 402 638 641 728 410 646 652 739 410 646 652 739 416 651 660 746 409 644 651 737 410 646 652 739 412 648 654 741 417 652 661 747 417 652 661 747 416 651 660 746 410 646 652 739 413 647 655 740 419 653 663 748 418 654 662 749 418 654 662 749 412 648 654 741 413 647 655 740 415 650 657 743 420 655 664 750 419 653 663 748 419 653 663 748 413 647 655 740 415 650 657 743 417 652 659 745 421 656 665 751 420 655 664 750 420 655 664 750 415 650 657 743 417 652 659 745 412 648 654 741 418 654 662 749 421 656 666 752 421 656 666 752 417 652 661 747 412 648 654 741 418 654 662 749 419 653 663 748 423 657 668 753 423 657 668 753 422 658 667 754 418 654 662 749 424 659 669 755 423 657 668 753 419 653 663 748 419 653 663 748 420 655 664 750 424 659 669 755 425 660 670 756 424 659 669 755 420 655 664 750 420 655 664 750 421 656 665 751 425 660 670 756 422 658 667 754 425 660 671 757 421 656 666 752 421 656 666 752 418 654 662 749 422 658 667 754 422 658 667 754 423 657 668 753 427 661 673 758 427 661 673 758 426 662 672 759 422 658 667 754 428 663 674 760 427 661 673 758 423 657 668 753 423 657 668 753 424 659 669 755 428 663 674 760 429 664 675 761 428 663 674 760 424 659 669 755 424 659 669 755 425 660 670 756 429 664 675 761 426 662 672 759 429 664 676 762 425 660 671 757 425 660 671 757 422 658 667 754 426 662 672 759 426 662 672 759 427 661 673 758 431 665 678 763 431 665 678 763 430 666 677 764 426 662 672 759 431 665 678 763 433 667 680 765 432 668 679 766 432 668 679 766 430 666 677 764 431 665 678 763 434 669 681 767 431 665 678 763 427 661 673 758 427 661 673 758 428 663 674 760 434 669 681 767 434 669 681 767 435 670 682 768 433 667 680 765 433 667 680 765 431 665 678 763 434 669 681 767 436 671 683 769 434 669 681 767 428 663 674 760 428 663 674 760 429 664 675 761 436 671 683 769 436 671 683 769 437 672 684 770 435 670 682 768 435 670 682 768 434 669 681 767 436 671 683 769 430 666 677 764 436 671 685 771 429 664 676 762 429 664 676 762 426 662 672 759 430 666 677 764 430 666 677 764 432 668 679 766 437 672 686 772 437 672 686 772 436 671 685 771 430 666 677 764 433 667 680 765 439 673 688 773 438 674 687 774 438 674 687 774 432 668 679 766 433 667 680 765 435 670 682 768 440 675 689 775 439 673 688 773 439 673 688 773 433 667 680 765 435 670 682 768 437 672 684 770 441 676 690 776 440 675 689 775 440 675 689 775 435 670 682 768 437 672 684 770 432 668 679 766 438 674 687 774 441 676 691 777 441 676 691 777 437 672 686 772 432 668 679 766 438 674 687 774 439 673 688 773 443 677 693 778 443 677 693 778 442 678 692 779 438 674 687 774 439 673 688 773 440 675 689 775 444 679 694 780 444 679 694 780 443 677 693 778 439 673 688 773 445 680 695 781 444 679 694 780 440 675 689 775 440 675 689 775 441 676 690 776 445 680 695 781 442 678 692 779 445 680 696 782 441 676 691 777 441 676 691 777 438 674 687 774 442 678 692 779 442 678 692 779 443 677 693 778 447 681 698 783 447 681 698 783 446 682 697 784 442 678 692 779 447 681 698 783 449 683 700 785 448 684 699 786 448 684 699 786 446 682 697 784 447 681 698 783 450 685 701 787 447 681 698 783 443 677 693 778 443 677 693 778 444 679 694 780 450 685 701 787 450 685 701 787 451 686 702 788 449 683 700 785 449 683 700 785 447 681 698 783 450 685 701 787 452 687 703 789 450 685 701 787 444 679 694 780 444 679 694 780 445 680 695 781 452 687 703 789 452 687 703 789 453 688 704 790 451 686 702 788 451 686 702 788 450 685 701 787 452 687 703 789 445 680 696 782 442 678 692 779 446 682 697 784 446 682 697 784 452 687 705 791 445 680 696 782 446 682 697 784 448 684 699 786 453 688 706 792 453 688 706 792 452 687 705 791 446 682 697 784 459 689 714 793 456 690 709 794 470 691 711 795 459 689 714 793 470 691 711 795 462 692 712 796 459 689 714 793 462 692 712 796 457 693 713 797 469 694 718 798 463 695 715 799 457 693 716 800 457 693 716 800 462 692 717 801 469 694 718 798 463 695 728 802 454 696 707 803 466 697 710 804 466 697 710 804 464 698 727 805 463 695 728 802 463 695 715 799 464 698 735 806 467 699 737 807 467 699 737 807 457 693 716 800 463 695 715 799 465 700 719 808 458 701 720 809 467 699 737 807 467 699 737 807 464 698 735 806 465 700 719 808 466 697 724 810 468 702 723 811 458 701 720 809 458 701 720 809 465 700 719 808 466 697 724 810 466 697 724 810 454 696 721 812 459 689 722 813 459 689 722 813 468 702 723 811 466 697 724 810 454 696 721 812 461 703 725 814 456 690 736 815 456 690 736 815 459 689 722 813 454 696 721 812 475 704 742 816 474 705 741 817 473 706 743 818 473 706 743 818 476 707 744 819 475 704 742 816 469 694 729 820 455 708 731 821 461 703 733 822 473 706 743 818 472 709 746 823 477 710 750 824 477 710 750 824 476 707 744 819 473 706 743 818 459 689 714 793 457 693 713 797 467 699 726 825 467 699 726 825 468 702 730 826 459 689 714 793 468 702 730 826 467 699 726 825 458 701 732 827 454 696 707 803 463 695 728 802 469 694 729 820 469 694 729 820 461 703 733 822 454 696 707 803 464 698 727 805 466 697 710 804 465 700 734 828 470 691 711 795 471 711 740 829 462 692 712 796 461 703 725 814 472 709 746 823 473 706 743 818 473 706 743 818 456 690 736 815 461 703 725 814 456 690 745 830 473 706 743 818 474 705 741 817 474 705 741 817 470 691 747 831 456 690 745 830 470 691 739 832 474 705 741 817 475 704 742 816 475 704 742 816 471 711 753 833 470 691 739 832 471 711 708 834 475 704 748 835 476 707 744 819 476 707 744 819 460 712 749 836 471 711 708 834 460 712 749 836 476 707 744 819 477 710 750 824 477 710 750 824 455 708 751 837 460 712 749 836 455 708 731 821 477 710 738 838 472 709 752 839 472 709 752 839 461 703 733 822 455 708 731 821 485 713 801 840 478 714 984 841 479 715 985 842 479 715 985 842 484 716 799 843 485 713 801 840 480 717 982 844 481 718 983 845 483 719 796 846 483 719 796 846 482 720 772 847 480 717 982 844 479 715 804 848 480 717 773 849 482 720 813 850 482 720 813 850 484 716 810 851 479 715 804 848 481 718 774 852 478 714 803 853 485 713 816 854 485 713 816 854 483 719 765 855 481 718 774 852 478 714 984 841 481 718 983 845 480 717 982 844 480 717 982 844 479 715 985 842 478 714 984 841 493 721 769 856 486 722 770 857 487 723 771 858 487 723 771 858 492 724 768 859 493 721 769 856 488 725 763 860 489 726 764 861 491 727 767 862 491 727 767 862 490 728 762 863 488 725 763 860 487 723 771 858 488 725 763 860 490 728 802 864 490 728 802 864 492 724 797 865 487 723 771 858 489 726 764 861 486 722 770 857 493 721 805 866 493 721 805 866 491 727 766 867 489 726 764 861 486 722 770 857 489 726 764 861 488 725 763 860 488 725 763 860 487 723 771 858 486 722 770 857 497 729 754 868 501 730 755 869 500 731 756 870 500 731 756 870 496 732 757 871 497 729 754 868 499 733 759 872 495 734 760 873 494 735 761 874 494 735 761 874 498 736 758 875 499 733 759 872 499 733 759 872 501 730 755 869 497 729 754 868 497 729 754 868 495 734 760 873 499 733 759 872 500 731 756 870 498 736 758 875 494 735 761 874 494 735 761 874 496 732 757 871 500 731 756 870 500 731 756 870 501 730 755 869 499 733 759 872 499 733 759 872 498 736 758 875 500 731 756 870 503 737 775 876 502 738 817 877 509 739 818 878 507 740 819 879 509 739 818 878 502 738 817 877 502 738 817 877 504 741 820 880 507 740 819 879 508 742 821 881 505 743 822 882 503 737 775 876 503 737 775 876 506 744 823 883 508 742 821 881 514 745 825 884 516 746 826 885 517 747 827 886 517 747 827 886 515 748 824 887 514 745 825 884 507 740 819 879 508 742 821 881 512 749 828 888 512 749 828 888 510 750 829 889 507 740 819 879 511 751 830 890 513 752 831 891 506 744 823 883 506 744 823 883 509 739 818 878 511 751 830 890 507 740 819 879 510 750 829 889 511 751 830 890 511 751 830 890 509 739 818 878 507 740 819 879 510 750 829 889 514 745 825 884 515 748 824 887 515 748 824 887 511 751 830 890 510 750 829 889 513 752 831 891 517 747 827 886 516 746 826 885 516 746 826 885 512 749 828 888 513 752 831 891 512 749 828 888 516 746 826 885 514 745 825 884 514 745 825 884 510 750 829 889 512 749 828 888 511 751 830 890 515 748 824 887 517 747 827 886 517 747 827 886 513 752 831 891 511 751 830 890 513 752 831 891 512 749 828 888 508 742 821 881 508 742 821 881 506 744 823 883 513 752 831 891 509 739 818 878 506 744 823 883 503 737 775 876 507 740 819 879 504 741 820 880 505 743 822 882 505 743 822 882 508 742 821 881 507 740 819 879 521 753 915 892 518 754 776 893 519 755 913 894 519 755 913 894 520 756 914 895 521 753 915 892 525 757 909 896 523 758 910 897 522 759 911 898 522 759 911 898 524 760 912 899 525 757 909 896 529 761 928 900 521 753 915 892 520 756 914 895 520 756 914 895 528 762 930 901 529 761 928 900 527 763 926 902 526 764 927 903 522 759 911 898 522 759 911 898 523 758 910 897 527 763 926 902 530 765 920 904 528 762 921 905 520 756 922 906 530 765 920 904 520 756 922 906 522 759 911 898 530 765 920 904 522 759 911 898 526 764 924 907 527 763 916 908 523 758 910 897 521 753 917 909 521 753 917 909 529 761 918 910 527 763 916 908 518 754 776 893 525 757 909 896 524 760 912 899 524 760 912 899 519 755 913 894 518 754 776 893 519 755 925 911 524 760 912 899 522 759 911 898 522 759 911 898 520 756 922 906 519 755 925 911 521 753 917 909 523 758 910 897 525 757 909 896 525 757 909 896 518 754 919 912 521 753 917 909 535 766 794 913 538 767 962 914 537 768 963 915 537 768 963 915 536 769 964 916 535 766 794 913 538 767 962 914 535 766 794 913 531 770 966 917 531 770 966 917 534 771 965 918 538 767 962 914 536 769 964 916 537 768 963 915 533 772 968 919 533 772 968 919 532 773 967 920 536 769 964 916 531 770 966 917 535 766 794 913 536 769 964 916 536 769 964 916 532 773 967 920 531 770 966 917 533 772 968 919 537 768 963 915 538 767 962 914 538 767 962 914 534 771 965 918 533 772 968 919 543 774 954 921 546 775 955 922 545 776 956 923 545 776 956 923 544 777 957 924 543 774 954 921 546 775 955 922 543 774 954 921 539 778 959 925 539 778 959 925 542 779 958 926 546 775 955 922 544 777 957 924 545 776 956 923 541 780 961 927 541 780 961 927 540 781 960 928 544 777 957 924 539 778 959 925 543 774 954 921 544 777 957 924 544 777 957 924 540 781 960 928 539 778 959 925 541 780 961 927 545 776 956 923 546 775 955 922 546 775 955 922 542 779 958 926 541 780 961 927 565 782 784 929 564 783 785 930 556 784 786 931 556 784 786 931 573 785 783 932 565 782 784 929 573 785 783 932 556 784 786 931 557 786 787 933 557 786 787 933 572 787 788 934 573 785 783 932 572 787 788 934 557 786 787 933 558 788 789 935 558 788 789 935 571 789 790 936 572 787 788 934 571 789 790 936 558 788 789 935 559 790 791 937 559 790 791 937 570 791 792 938 571 789 790 936 570 791 792 938 559 790 791 937 560 792 793 939 560 792 793 939 569 793 923 940 570 791 792 938 569 793 923 940 560 792 793 939 561 794 929 941 561 794 929 941 568 795 931 942 569 793 923 940 568 795 931 942 561 794 929 941 562 796 932 943 562 796 932 943 567 797 933 944 568 795 931 942 567 797 933 944 562 796 932 943 563 798 934 945 563 798 934 945 566 799 935 946 567 797 933 944 566 799 935 946 563 798 934 945 564 783 785 930 564 783 785 930 565 782 784 929 566 799 935 946 555 800 936 947 574 801 937 948 575 802 938 949 575 802 938 949 554 803 939 950 555 800 936 947 554 803 939 950 575 802 938 949 576 804 940 951 576 804 940 951 553 805 941 952 554 803 939 950 553 805 941 952 576 804 940 951 577 806 942 953 577 806 942 953 552 807 943 954 553 805 941 952 552 807 943 954 577 806 942 953 578 808 944 955 578 808 944 955 551 809 945 956 552 807 943 954 551 809 945 956 578 808 944 955 579 810 946 957 579 810 946 957 550 811 947 958 551 809 945 956 547 812 948 959 582 813 949 960 574 801 937 948 574 801 937 948 555 800 936 947 547 812 948 959 550 811 947 958 579 810 946 957 580 814 950 961 580 814 950 961 549 815 951 962 550 811 947 958 549 815 951 962 580 814 950 961 581 816 952 963 581 816 952 963 548 817 953 964 549 815 951 962 548 817 953 964 581 816 952 963 582 813 949 960 582 813 949 960 547 812 948 959 548 817 953 964 582 813 949 960 581 816 952 963 580 814 950 961 582 813 949 960 580 814 950 961 579 810 946 957 582 813 949 960 579 810 946 957 578 808 944 955 582 813 949 960 578 808 944 955 577 806 942 953 582 813 949 960 577 806 942 953 576 804 940 951 582 813 949 960 576 804 940 951 575 802 938 949 582 813 949 960 575 802 938 949 574 801 937 948 564 783 785 930 563 798 934 945 562 796 932 943 564 783 785 930 562 796 932 943 561 794 929 941 564 783 785 930 561 794 929 941 560 792 793 939 564 783 785 930 560 792 793 939 559 790 791 937 564 783 785 930 559 790 791 937 558 788 789 935 564 783 785 930 558 788 789 935 557 786 787 933 564 783 785 930 557 786 787 933 556 784 786 931 586 818 812 965 585 819 814 966 584 820 987 967 584 820 987 967 583 821 986 968 586 818 812 965 590 822 806 969 589 823 807 970 587 824 808 971 587 824 808 971 588 825 809 972 590 822 806 969 594 826 980 973 593 827 981 974 585 819 814 966 585 819 814 966 586 818 812 965 594 826 980 973 592 828 978 975 588 825 809 972 587 824 808 971 587 824 808 971 591 829 979 976 592 828 978 975 595 830 969 977 591 829 970 978 587 824 808 971 595 830 969 977 587 824 808 971 585 819 971 979 595 830 969 977 585 819 971 979 593 827 972 980 592 828 974 981 594 826 975 982 586 818 976 983 586 818 976 983 588 825 809 972 592 828 974 981 583 821 795 984 584 820 815 985 589 823 807 970 589 823 807 970 590 822 806 969 583 821 795 984 584 820 973 986 585 819 971 979 587 824 808 971 587 824 808 971 589 823 807 970 584 820 973 986 586 818 976 983 583 821 977 987 590 822 806 969 590 822 806 969 588 825 809 972 586 818 976 983 606 831 800 988 607 832 811 989 597 833 832 990 597 833 832 990 596 834 833 991 606 831 800 988 597 833 868 992 599 835 834 993 598 836 835 994 598 836 835 994 596 834 871 995 597 833 868 992 599 835 834 993 601 837 836 996 600 838 837 997 600 838 837 997 598 836 835 994 599 835 834 993 601 837 836 996 603 839 838 998 602 840 839 999 602 840 839 999 600 838 837 997 601 837 836 996 603 839 838 998 605 841 840 1000 604 842 841 1001 604 842 841 1001 602 840 839 999 603 839 838 998 605 841 840 1000 607 832 811 989 606 831 800 988 606 831 800 988 604 842 841 1001 605 841 840 1000 608 843 842 1002 609 844 843 1003 605 841 840 1000 605 841 840 1000 603 839 838 998 608 843 842 1002 609 844 843 1003 610 845 844 1004 607 832 811 989 607 832 811 989 605 841 840 1000 609 844 843 1003 611 846 845 1005 597 833 832 990 607 832 811 989 607 832 811 989 610 845 844 1004 611 846 845 1005 611 846 874 1006 612 847 846 1007 599 835 834 993 599 835 834 993 597 833 868 992 611 846 874 1006 612 847 846 1007 613 848 847 1008 601 837 836 996 601 837 836 996 599 835 834 993 612 847 846 1007 613 848 847 1008 608 843 842 1002 603 839 838 998 603 839 838 998 601 837 836 996 613 848 847 1008 615 849 849 1009 604 842 841 1001 606 831 800 988 606 831 800 988 614 850 848 1010 615 849 849 1009 616 851 850 1011 602 840 839 999 604 842 841 1001 604 842 841 1001 615 849 849 1009 616 851 850 1011 617 852 851 1012 600 838 837 997 602 840 839 999 602 840 839 999 616 851 850 1011 617 852 851 1012 618 853 852 1013 598 836 835 994 600 838 837 997 600 838 837 997 617 852 851 1012 618 853 852 1013 619 854 853 1014 596 834 871 995 598 836 835 994 598 836 835 994 618 853 852 1013 619 854 853 1014 614 850 848 1010 606 831 800 988 596 834 833 991 596 834 833 991 619 854 875 1015 614 850 848 1010 620 855 988 1016 623 856 991 1017 622 857 990 1018 622 857 990 1018 621 858 989 1019 620 855 988 1016 624 859 992 1020 627 860 995 1021 626 861 994 1022 626 861 994 1022 625 862 993 1023 624 859 992 1020 622 857 996 1024 623 856 999 1025 627 860 998 1026 627 860 998 1026 624 859 997 1027 622 857 996 1024 625 862 1000 1028 626 861 1003 1029 620 855 1002 1030 620 855 1002 1030 621 858 1001 1031 625 862 1000 1028 621 858 989 1019 622 857 990 1018 624 859 992 1020 624 859 992 1020 625 862 993 1023 621 858 989 1019 628 863 1004 1032 631 864 1007 1033 630 865 1006 1034 630 865 1006 1034 629 866 1005 1035 628 863 1004 1032 632 867 1008 1036 635 868 1011 1037 634 869 1010 1038 634 869 1010 1038 633 870 1009 1039 632 867 1008 1036 630 865 1006 1034 631 864 1013 1040 635 868 1012 1041 635 868 1012 1041 632 867 1008 1036 630 865 1006 1034 633 870 1009 1039 634 869 1015 1042 628 863 1014 1043 628 863 1014 1043 629 866 1005 1035 633 870 1009 1039 629 866 1005 1035 630 865 1006 1034 632 867 1008 1036 632 867 1008 1036 633 870 1009 1039 629 866 1005 1035 636 871 1016 1044 639 872 1019 1045 638 873 1018 1046 638 873 1018 1046 637 874 1017 1047 636 871 1016 1044 640 875 1020 1048 643 876 1023 1049 642 877 1022 1050 642 877 1022 1050 641 878 1021 1051 640 875 1020 1048 640 875 1020 1048 641 878 1021 1051 636 871 1016 1044 636 871 1016 1044 637 874 1017 1047 640 875 1020 1048 638 873 1018 1046 639 872 1019 1045 642 877 1022 1050 642 877 1022 1050 643 876 1023 1049 638 873 1018 1046 638 873 1018 1046 643 876 1023 1049 640 875 1020 1048 640 875 1020 1048 637 874 1017 1047 638 873 1018 1046 644 879 1024 1052 647 880 1027 1053 646 881 1026 1054 646 881 1026 1054 645 882 1025 1055 644 879 1024 1052 648 883 1028 1056 651 884 1031 1057 650 885 1030 1058 650 885 1030 1058 649 886 1029 1059 648 883 1028 1056 652 887 1032 1060 653 888 1033 1061 647 880 1027 1053 647 880 1027 1053 644 879 1024 1052 652 887 1032 1060 654 889 1034 1062 649 886 1029 1059 650 885 1030 1058 650 885 1030 1058 655 890 1035 1063 654 889 1034 1062 656 891 1036 1064 655 890 1039 1065 650 885 1030 1058 656 891 1036 1064 650 885 1030 1058 647 880 1038 1066 656 891 1036 1064 647 880 1038 1066 653 888 1037 1067 654 889 1040 1068 652 887 1042 1069 644 879 1041 1070 644 879 1041 1070 649 886 1029 1059 654 889 1040 1068 645 882 1025 1055 646 881 1026 1054 651 884 1031 1057 651 884 1031 1057 648 883 1028 1056 645 882 1025 1055 646 881 1043 1071 647 880 1038 1066 650 885 1030 1058 650 885 1030 1058 651 884 1031 1057 646 881 1043 1071 644 879 1041 1070 645 882 1044 1072 648 883 1028 1056 648 883 1028 1056 649 886 1029 1059 644 879 1041 1070 657 892 1045 1073 660 893 1048 1074 659 894 1047 1075 659 894 1047 1075 658 895 1046 1076 657 892 1045 1073 658 895 1046 1076 662 896 1050 1077 661 897 1049 1078 661 897 1049 1078 657 892 1045 1073 658 895 1046 1076 660 893 1048 1074 664 898 1052 1079 663 899 1051 1080 663 899 1051 1080 659 894 1047 1075 660 893 1048 1074 661 897 1049 1078 664 898 1052 1079 660 893 1048 1074 660 893 1048 1074 657 892 1045 1073 661 897 1049 1078 663 899 1051 1080 662 896 1050 1077 658 895 1046 1076 658 895 1046 1076 659 894 1047 1075 663 899 1051 1080 665 900 1053 1081 668 901 1056 1082 667 902 1055 1083 667 902 1055 1083 666 903 1054 1084 665 900 1053 1081 666 903 1054 1084 670 904 1058 1085 669 905 1057 1086 669 905 1057 1086 665 900 1053 1081 666 903 1054 1084 668 901 1056 1082 672 906 1060 1087 671 907 1059 1088 671 907 1059 1088 667 902 1055 1083 668 901 1056 1082 669 905 1057 1086 672 906 1060 1087 668 901 1056 1082 668 901 1056 1082 665 900 1053 1081 669 905 1057 1086 671 907 1059 1088 670 904 1058 1085 666 903 1054 1084 666 903 1054 1084 667 902 1055 1083 671 907 1059 1088 673 908 1061 1089 676 909 1064 1090 675 910 1063 1091 675 910 1063 1091 674 911 1062 1092 673 908 1061 1089 676 909 1064 1090 678 912 1066 1093 677 913 1065 1094 677 913 1065 1094 675 910 1063 1091 676 909 1064 1090 678 912 1066 1093 680 914 1068 1095 679 915 1067 1096 679 915 1067 1096 677 913 1065 1094 678 912 1066 1093 680 914 1068 1095 682 916 1070 1097 681 917 1069 1098 681 917 1069 1098 679 915 1067 1096 680 914 1068 1095 682 916 1070 1097 684 918 1072 1099 683 919 1071 1100 683 919 1071 1100 681 917 1069 1098 682 916 1070 1097 684 918 1072 1099 686 920 1074 1101 685 921 1073 1102 685 921 1073 1102 683 919 1071 1100 684 918 1072 1099 686 920 1074 1101 688 922 1076 1103 687 923 1075 1104 687 923 1075 1104 685 921 1073 1102 686 920 1074 1101 688 922 1076 1103 690 924 1078 1105 689 925 1077 1106 689 925 1077 1106 687 923 1075 1104 688 922 1076 1103 690 924 1078 1105 673 908 1061 1089 674 911 1062 1092 674 911 1062 1092 689 925 1077 1106 690 924 1078 1105 691 926 1079 1107 694 927 1082 1108 693 928 1081 1109 693 928 1081 1109 692 929 1080 1110 691 926 1079 1107 694 927 1082 1108 696 930 1084 1111 695 931 1083 1112 695 931 1083 1112 693 928 1081 1109 694 927 1082 1108 696 930 1084 1111 698 932 1086 1113 697 933 1085 1114 697 933 1085 1114 695 931 1083 1112 696 930 1084 1111 698 932 1086 1113 700 934 1088 1115 699 935 1087 1116 699 935 1087 1116 697 933 1085 1114 698 932 1086 1113 700 934 1088 1115 702 936 1090 1117 701 937 1089 1118 701 937 1089 1118 699 935 1087 1116 700 934 1088 1115 703 938 1091 1119 691 926 1079 1107 692 929 1080 1110 692 929 1080 1110 704 939 1092 1120 703 938 1091 1119 702 936 1090 1117 706 940 1094 1121 705 941 1093 1122 705 941 1093 1122 701 937 1089 1118 702 936 1090 1117 706 940 1094 1121 708 942 1096 1123 707 943 1095 1124 707 943 1095 1124 705 941 1093 1122 706 940 1094 1121 708 942 1096 1123 703 938 1091 1119 704 939 1092 1120 704 939 1092 1120 707 943 1095 1124 708 942 1096 1123 704 939 1092 1120 692 929 1080 1110 693 928 1081 1109 704 939 1092 1120 693 928 1081 1109 695 931 1083 1112 704 939 1092 1120 695 931 1083 1112 697 933 1085 1114 704 939 1092 1120 697 933 1085 1114 699 935 1087 1116 704 939 1092 1120 699 935 1087 1116 701 937 1089 1118 704 939 1092 1120 701 937 1089 1118 705 941 1093 1122 704 939 1092 1120 705 941 1093 1122 707 943 1095 1124 674 911 1062 1092 675 910 1063 1091 677 913 1065 1094 674 911 1062 1092 677 913 1065 1094 679 915 1067 1096 674 911 1062 1092 679 915 1067 1096 681 917 1069 1098 674 911 1062 1092 681 917 1069 1098 683 919 1071 1100 674 911 1062 1092 683 919 1071 1100 685 921 1073 1102 674 911 1062 1092 685 921 1073 1102 687 923 1075 1104 674 911 1062 1092 687 923 1075 1104 689 925 1077 1106 709 944 1097 1125 712 945 1100 1126 711 946 1099 1127 711 946 1099 1127 710 947 1098 1128 709 944 1097 1125 713 948 1101 1129 716 949 1104 1130 715 950 1103 1131 715 950 1103 1131 714 951 1102 1132 713 948 1101 1129 717 952 1105 1133 709 944 1097 1125 710 947 1098 1128 710 947 1098 1128 718 953 1106 1134 717 952 1105 1133 719 954 1107 1135 720 955 1108 1136 715 950 1103 1131 715 950 1103 1131 716 949 1104 1130 719 954 1107 1135 721 956 1109 1137 718 953 1112 1138 710 947 1111 1139 721 956 1109 1137 710 947 1111 1139 715 950 1103 1131 721 956 1109 1137 715 950 1103 1131 720 955 1110 1140 719 954 1113 1141 716 949 1104 1130 709 944 1115 1142 709 944 1115 1142 717 952 1114 1143 719 954 1113 1141 712 945 1116 1144 713 948 1101 1129 714 951 1102 1132 714 951 1102 1132 711 946 1117 1145 712 945 1116 1144 711 946 1118 1146 714 951 1102 1132 715 950 1103 1131 715 950 1103 1131 710 947 1111 1139 711 946 1118 1146 709 944 1115 1142 716 949 1104 1130 713 948 1101 1129 713 948 1101 1129 712 945 1119 1147 709 944 1115 1142 722 957 1120 1148 725 958 1123 1149 724 959 1122 1150 724 959 1122 1150 723 960 1121 1151 722 957 1120 1148 724 959 1124 1152 725 958 1127 1153 727 961 1126 1154 727 961 1126 1154 726 962 1125 1155 724 959 1124 1152 726 962 1125 1155 727 961 1126 1154 729 963 1129 1156 729 963 1129 1156 728 964 1128 1157 726 962 1125 1155 728 964 1128 1157 729 963 1129 1156 731 965 1131 1158 731 965 1131 1158 730 966 1130 1159 728 964 1128 1157 730 966 1130 1159 731 965 1131 1158 733 967 1133 1160 733 967 1133 1160 732 968 1132 1161 730 966 1130 1159 732 968 1132 1161 733 967 1133 1160 722 957 1120 1148 722 957 1120 1148 723 960 1121 1151 732 968 1132 1161 734 969 1134 1162 730 966 1130 1159 732 968 1132 1161 732 968 1132 1161 735 970 1135 1163 734 969 1134 1162 735 970 1135 1163 732 968 1132 1161 723 960 1121 1151 723 960 1121 1151 736 971 1136 1164 735 970 1135 1163 737 972 1137 1165 736 971 1136 1164 723 960 1121 1151 723 960 1121 1151 724 959 1122 1150 737 972 1137 1165 737 972 1138 1166 724 959 1124 1152 726 962 1125 1155 726 962 1125 1155 738 973 1139 1167 737 972 1138 1166 738 973 1139 1167 726 962 1125 1155 728 964 1128 1157 728 964 1128 1157 739 974 1140 1168 738 973 1139 1167 739 974 1140 1168 728 964 1128 1157 730 966 1130 1159 730 966 1130 1159 734 969 1134 1162 739 974 1140 1168 740 975 1141 1169 741 976 1142 1170 722 957 1120 1148 722 957 1120 1148 733 967 1133 1160 740 975 1141 1169 742 977 1143 1171 740 975 1141 1169 733 967 1133 1160 733 967 1133 1160 731 965 1131 1158 742 977 1143 1171 743 978 1144 1172 742 977 1143 1171 731 965 1131 1158 731 965 1131 1158 729 963 1129 1156 743 978 1144 1172 744 979 1145 1173 743 978 1144 1172 729 963 1129 1156 729 963 1129 1156 727 961 1126 1154 744 979 1145 1173 745 980 1146 1174 744 979 1145 1173 727 961 1126 1154 727 961 1126 1154 725 958 1127 1153 745 980 1146 1174 741 976 1142 1170 745 980 1147 1175 725 958 1123 1149 725 958 1123 1149 722 957 1120 1148 741 976 1142 1170 746 981 1148 1176 749 982 1151 1177 748 983 1150 1178 748 983 1150 1178 747 984 1149 1179 746 981 1148 1176 748 983 1152 1180 749 982 1155 1181 751 985 1154 1182 751 985 1154 1182 750 986 1153 1183 748 983 1152 1180 750 986 1153 1183 751 985 1154 1182 753 987 1157 1184 753 987 1157 1184 752 988 1156 1185 750 986 1153 1183 752 988 1156 1185 753 987 1157 1184 755 989 1159 1186 755 989 1159 1186 754 990 1158 1187 752 988 1156 1185 754 990 1158 1187 755 989 1159 1186 757 991 1161 1188 757 991 1161 1188 756 992 1160 1189 754 990 1158 1187 756 992 1160 1189 757 991 1161 1188 746 981 1148 1176 746 981 1148 1176 747 984 1149 1179 756 992 1160 1189 758 993 1162 1190 754 990 1158 1187 756 992 1160 1189 756 992 1160 1189 759 994 1163 1191 758 993 1162 1190 759 994 1163 1191 756 992 1160 1189 747 984 1149 1179 747 984 1149 1179 760 995 1164 1192 759 994 1163 1191 761 996 1165 1193 760 995 1164 1192 747 984 1149 1179 747 984 1149 1179 748 983 1150 1178 761 996 1165 1193 761 996 1166 1194 748 983 1152 1180 750 986 1153 1183 750 986 1153 1183 762 997 1167 1195 761 996 1166 1194 762 997 1167 1195 750 986 1153 1183 752 988 1156 1185 752 988 1156 1185 763 998 1168 1196 762 997 1167 1195 763 998 1168 1196 752 988 1156 1185 754 990 1158 1187 754 990 1158 1187 758 993 1162 1190 763 998 1168 1196 764 999 1169 1197 765 1000 1170 1198 746 981 1148 1176 746 981 1148 1176 757 991 1161 1188 764 999 1169 1197 766 1001 1171 1199 764 999 1169 1197 757 991 1161 1188 757 991 1161 1188 755 989 1159 1186 766 1001 1171 1199 767 1002 1172 1200 766 1001 1171 1199 755 989 1159 1186 755 989 1159 1186 753 987 1157 1184 767 1002 1172 1200 768 1003 1173 1201 767 1002 1172 1200 753 987 1157 1184 753 987 1157 1184 751 985 1154 1182 768 1003 1173 1201 769 1004 1174 1202 768 1003 1173 1201 751 985 1154 1182 751 985 1154 1182 749 982 1155 1181 769 1004 1174 1202 765 1000 1170 1198 769 1004 1175 1203 749 982 1151 1177 749 982 1151 1177 746 981 1148 1176 765 1000 1170 1198 770 1005 1176 1204 773 1006 1179 1205 772 1007 1178 1206 772 1007 1178 1206 771 1008 1177 1207 770 1005 1176 1204 772 1007 1180 1208 775 1009 1183 1209 774 1010 1182 1210 774 1010 1182 1210 771 1008 1181 1211 772 1007 1180 1208 775 1009 1183 1209 777 1011 1185 1212 776 1012 1184 1213 776 1012 1184 1213 774 1010 1182 1210 775 1009 1183 1209 777 1011 1185 1212 779 1013 1187 1214 778 1014 1186 1215 778 1014 1186 1215 776 1012 1184 1213 777 1011 1185 1212 779 1013 1187 1214 781 1015 1189 1216 780 1016 1188 1217 780 1016 1188 1217 778 1014 1186 1215 779 1013 1187 1214 781 1015 1189 1216 773 1006 1179 1205 770 1005 1176 1204 770 1005 1176 1204 780 1016 1188 1217 781 1015 1189 1216 782 1017 1190 1218 783 1018 1191 1219 781 1015 1189 1216 781 1015 1189 1216 779 1013 1187 1214 782 1017 1190 1218 783 1018 1191 1219 784 1019 1192 1220 773 1006 1179 1205 773 1006 1179 1205 781 1015 1189 1216 783 1018 1191 1219 785 1020 1193 1221 772 1007 1178 1206 773 1006 1179 1205 773 1006 1179 1205 784 1019 1192 1220 785 1020 1193 1221 785 1020 1194 1222 786 1021 1195 1223 775 1009 1183 1209 775 1009 1183 1209 772 1007 1180 1208 785 1020 1194 1222 786 1021 1195 1223 787 1022 1196 1224 777 1011 1185 1212 777 1011 1185 1212 775 1009 1183 1209 786 1021 1195 1223 787 1022 1196 1224 782 1017 1190 1218 779 1013 1187 1214 779 1013 1187 1214 777 1011 1185 1212 787 1022 1196 1224 788 1023 1197 1225 780 1016 1188 1217 770 1005 1176 1204 770 1005 1176 1204 789 1024 1198 1226 788 1023 1197 1225 790 1025 1199 1227 778 1014 1186 1215 780 1016 1188 1217 780 1016 1188 1217 788 1023 1197 1225 790 1025 1199 1227 791 1026 1200 1228 776 1012 1184 1213 778 1014 1186 1215 778 1014 1186 1215 790 1025 1199 1227 791 1026 1200 1228 792 1027 1201 1229 774 1010 1182 1210 776 1012 1184 1213 776 1012 1184 1213 791 1026 1200 1228 792 1027 1201 1229 793 1028 1202 1230 771 1008 1181 1211 774 1010 1182 1210 774 1010 1182 1210 792 1027 1201 1229 793 1028 1202 1230 789 1024 1198 1226 770 1005 1176 1204 771 1008 1177 1207 771 1008 1177 1207 793 1028 1203 1231 789 1024 1198 1226 800 1029 14 1232 801 1030 15 1233 798 1031 26 1234 798 1032 26 1235 799 1033 13 1236 800 1034 14 1237 801 1035 15 1238 797 1036 27 1239 794 1037 35 1240 794 1038 35 1241 798 1039 26 1242 801 1040 15 1243 799 1041 13 1244 795 1042 777 1245 796 1043 778 1246 796 1044 778 1247 800 1045 14 1248 799 1046 13 1249 800 1047 14 1250 796 1048 778 1251 797 1049 27 1252 797 1050 27 1253 801 1051 15 1254 800 1052 14 1255 798 1053 26 1256 794 1054 35 1257 795 1055 777 1258 795 1056 777 1259 799 1057 13 1260 798 1058 26 1261 808 1059 894 1262 809 1060 895 1263 806 1061 896 1264 806 1062 896 1265 807 1063 893 1266 808 1064 894 1267 809 1065 895 1268 805 1066 897 1269 802 1067 898 1270 802 1068 898 1271 806 1069 896 1272 809 1070 895 1273 807 1071 893 1274 803 1072 899 1275 804 1073 900 1276 804 1074 900 1277 808 1075 894 1278 807 1076 893 1279 808 1077 894 1280 804 1078 900 1281 805 1079 897 1282 805 1080 897 1283 809 1081 895 1284 808 1082 894 1285 806 1083 896 1286 802 1084 898 1287 803 1085 899 1288 803 1086 899 1289 807 1087 893 1290 806 1088 896 1291 816 1089 902 1292 817 1090 903 1293 814 1091 904 1294 814 1092 904 1295 815 1093 901 1296 816 1094 902 1297 817 1095 903 1298 813 1096 905 1299 810 1097 906 1300 810 1098 906 1301 814 1099 904 1302 817 1100 903 1303 815 1101 901 1304 811 1102 907 1305 812 1103 908 1306 812 1104 908 1307 816 1105 902 1308 815 1106 901 1309 816 1107 902 1310 812 1108 908 1311 813 1109 905 1312 813 1110 905 1313 817 1111 903 1314 816 1112 902 1315 814 1113 904 1316 810 1114 906 1317 811 1115 907 1318 811 1116 907 1319 815 1117 901 1320 814 1118 904 1321 824 1119 886 1322 825 1120 887 1323 822 1121 888 1324 822 1122 888 1325 823 1123 885 1326 824 1124 886 1327 825 1125 887 1328 821 1126 889 1329 818 1127 890 1330 818 1128 890 1331 822 1129 888 1332 825 1130 887 1333 823 1131 885 1334 819 1132 891 1335 820 1133 892 1336 820 1134 892 1337 824 1135 886 1338 823 1136 885 1339 824 1137 886 1340 820 1138 892 1341 821 1139 889 1342 821 1140 889 1343 825 1141 887 1344 824 1142 886 1345 822 1143 888 1346 818 1144 890 1347 819 1145 891 1348 819 1146 891 1349 823 1147 885 1350 822 1148 888 1351 832 1149 858 1352 833 1150 859 1353 830 1151 860 1354 830 1152 860 1355 831 1153 857 1356 832 1154 858 1357 833 1155 859 1358 829 1156 861 1359 826 1157 862 1360 826 1158 862 1361 830 1159 860 1362 833 1160 859 1363 831 1161 857 1364 827 1162 863 1365 828 1163 864 1366 828 1164 864 1367 832 1165 858 1368 831 1166 857 1369 832 1167 858 1370 828 1168 864 1371 829 1169 861 1372 829 1170 861 1373 833 1171 859 1374 832 1172 858 1375 830 1173 860 1376 826 1174 862 1377 827 1175 863 1378 827 1176 863 1379 831 1177 857 1380 830 1178 860 1381 840 1179 866 1382 841 1180 867 1383 838 1181 869 1384 838 1182 869 1385 839 1183 865 1386 840 1184 866 1387 841 1185 867 1388 837 1186 870 1389 834 1187 872 1390 834 1188 872 1391 838 1189 869 1392 841 1190 867 1393 839 1191 865 1394 835 1192 873 1395 836 1193 876 1396 836 1194 876 1397 840 1195 866 1398 839 1196 865 1399 840 1197 866 1400 836 1198 876 1401 837 1199 870 1402 837 1200 870 1403 841 1201 867 1404 840 1202 866 1405 838 1203 869 1406 834 1204 872 1407 835 1205 873 1408 835 1206 873 1409 839 1207 865 1410 838 1208 869 1411 848 1209 878 1412 849 1210 879 1413 846 1211 880 1414 846 1212 880 1415 847 1213 877 1416 848 1214 878 1417 849 1215 879 1418 845 1216 881 1419 842 1217 882 1420 842 1218 882 1421 846 1219 880 1422 849 1220 879 1423 847 1221 877 1424 843 1222 883 1425 844 1223 884 1426 844 1224 884 1427 848 1225 878 1428 847 1226 877 1429 848 1227 878 1430 844 1228 884 1431 845 1229 881 1432 845 1230 881 1433 849 1231 879 1434 848 1232 878 1435 846 1233 880 1436 842 1234 882 1437 843 1235 883 1438 843 1236 883 1439 847 1237 877 1440 846 1238 880 1441 856 1239 780 1442 857 1240 781 1443 854 1241 782 1444 854 1242 782 1445 855 1243 779 1446 856 1244 780 1447 857 1245 781 1448 853 1246 798 1449 850 1247 854 1450 850 1248 854 1451 854 1249 782 1452 857 1250 781 1453 855 1251 779 1454 851 1252 855 1455 852 1253 856 1456 852 1254 856 1457 856 1255 780 1458 855 1256 779 1459 856 1257 780 1460 852 1258 856 1461 853 1259 798 1462 853 1260 798 1463 857 1261 781 1464 856 1262 780 1465 854 1263 782 1466 850 1264 854 1467 851 1265 855 1468 851 1266 855 1469 855 1267 779 1470 854 1268 782 1471 864 1269 6 1472 865 1270 7 1473 862 1271 8 1474 862 1272 8 1475 863 1273 5 1476 864 1274 6 1477 865 1275 7 1478 861 1276 9 1479 858 1277 10 1480 858 1278 10 1481 862 1279 8 1482 865 1280 7 1483 863 1281 5 1484 859 1282 11 1485 860 1283 12 1486 860 1284 12 1487 864 1285 6 1488 863 1286 5 1489 864 1287 6 1490 860 1288 12 1491 861 1289 9 1492 861 1290 9 1493 865 1291 7 1494 864 1292 6 1495 862 1293 8 1496 858 1294 10 1497 859 1295 11 1498 859 1296 11 1499 863 1297 5 1500 862 1298 8 1501</p>
        </triangles>
      </mesh>
    </geometry>
  </library_geometries>
  <library_lights>
    <light id="EnvironmentAmbientLight" name="EnvironmentAmbientLight">
      <technique_common>
        <ambient>
          <color>0 0 0</color>
        </ambient>
      </technique_common>
    </light>
  </library_lights>
  <library_images>
    <image id="power_generator_flesher_psd">
      <init_from>file:///C:/Program%20Files/Autodesk/3ds%20Max%202009/sceneassets/scenes/Frictional_Games/Props/station_batch09/machine_power_generator_flesher/power_generator_flesher/originals/power_generator_flesher.psd</init_from>
    </image>
  </library_images>
  <library_visual_scenes>
    <visual_scene id="MaxScene">
      <node name="EnvironmentAmbientLight">
        <instance_light url="#EnvironmentAmbientLight"/>
      </node>
      <node id="node-power_generator_flesher" name="power_generator_flesher">
        <translate>-7.62939e-6 -0.01778603 51.91032</translate>
        <rotate>1 0 0 -90</rotate>
        <node>
          <matrix>1 0 0 7.62939e-6 0 1 0 0.01778603 0 0 1 -51.91032 0 0 0 1</matrix>
          <instance_geometry url="#geom-power_generator_flesher">
            <bind_material>
              <technique_common>
                <instance_material symbol="_6_-_Default_1" target="#_6_-_Default-material">
                  <bind_vertex_input semantic="CHANNEL1" input_semantic="TEXCOORD" input_set="0"/>
                </instance_material>
              </technique_common>
            </bind_material>
          </instance_geometry>
        </node>
      </node>
    </visual_scene>
  </library_visual_scenes>
  <scene>
    <instance_visual_scene url="#MaxScene"/>
  </scene>
</COLLADA>