Version 1.04
-------- THE HPL ENGINE LOG ------------
Creating Engine Modules
--------------------------------------------------------
 Creating job manager with 7 threads and 1024 jobs
 Creating graphics module
 Creating system module
 Creating resource module
 Creating input module
 Creating sound module
 Creating physics module
 Creating ai module
 Creating gui module
 Creating generate module
 Creating haptic module
 Adding engine updates
 Creating scene module
 Creating script module
 Creating lipsync module
--------------------------------------------------------

 Added resource directory 'billboards'
 * Adding resource directory: billboards, adding subdirs
 Added resource directory 'textures'
 * Adding resource directory: textures, adding subdirs
 Added resource directory 'graphics'
 * Adding resource directory: graphics, adding subdirs
 Added resource directory 'models'
 * Adding resource directory: models, adding subdirs
 Added resource directory 'fonts'
 * Adding resource directory: fonts, not adding subdirs
 Added resource directory 'maps'
 * Adding resource directory: maps, adding subdirs
 Added resource directory 'sounds'
 * Adding resource directory: sounds, adding subdirs
 Added resource directory 'gui'
 * Adding resource directory: gui, adding subdirs
 Added resource directory 'lights'
 * Adding resource directory: lights, adding subdirs
 Added resource directory 'particles'
 * Adding resource directory: particles, adding subdirs
 Added resource directory 'shaders'
 * Adding resource directory: shaders, adding subdirs
 Added resource directory 'entities'
 * Adding resource directory: entities, adding subdirs
 Added resource directory 'static_objects'
 * Adding resource directory: static_objects, adding subdirs
 Added resource directory 'viewer'
 * Adding resource directory: viewer, not adding subdirs
 Added resource directory 'script'
 * Adding resource directory: script, adding subdirs
 Added resource directory '_temp'
 * Adding resource directory: _temp, adding subdirs
 Added resource directory 'config'
 * Adding resource directory: config, adding subdirs
 Added resource directory 'music'
 * Adding resource directory: music, adding subdirs
 Added resource directory 'terminals'
 * Adding resource directory: terminals, adding subdirs
 Added resource directory 'voices'
 * Adding resource directory: voices, adding subdirs
 Added resource directory 'undergrowth'
 * Adding resource directory: undergrowth, adding subdirs
 Added resource directory 'detail_meshes'
 * Adding resource directory: detail_meshes, adding subdirs
 Added resource directory 'misc'
 * Adding resource directory: misc, not adding subdirs
 Added resource directory 'lang/eng'
 * Adding resource directory: lang/eng, adding subdirs
 Added resource directory '_alpha_temp'
 * Adding resource directory: _alpha_temp, adding subdirs
    * c:/Program Files (x86)/Steam/steamapps/common/Amnesia The Bunker/config/EntityTypes.cfg
    * c:/Program Files (x86)/Steam/steamapps/common/Amnesia The Bunker/config/Inventory.cfg
    * c:/Program Files (x86)/Steam/steamapps/common/Amnesia The Bunker/config/Modules.cfg
    * c:/Program Files (x86)/Steam/steamapps/common/Amnesia The Bunker/config/PlayerStates.cfg
    * c:/Program Files (x86)/Steam/steamapps/common/Amnesia The Bunker/config/base_english.lang
    * c:/Program Files (x86)/Steam/steamapps/common/Amnesia The Bunker/config/death_hints.cfg
    * c:/Program Files (x86)/Steam/steamapps/common/Amnesia The Bunker/config/main_init.cfg
 Added resource directory 'c:/Program Files (x86)/Steam/steamapps/common/Amnesia The Bunker/mods/BunkersEdge/config'
 * Adding resource directory: config, adding subdirs
    * c:/Program Files (x86)/Steam/steamapps/common/Amnesia The Bunker/maps/main_menu/main_menu.hpm
    * c:/Program Files (x86)/Steam/steamapps/common/Amnesia The Bunker/maps/main_menu/main_menu.hpm_Area
    * c:/Program Files (x86)/Steam/steamapps/common/Amnesia The Bunker/maps/main_menu/main_menu.hpm_Billboard
    * c:/Program Files (x86)/Steam/steamapps/common/Amnesia The Bunker/maps/main_menu/main_menu.hpm_Compound
    * c:/Program Files (x86)/Steam/steamapps/common/Amnesia The Bunker/maps/main_menu/main_menu.hpm_Decal
    * c:/Program Files (x86)/Steam/steamapps/common/Amnesia The Bunker/maps/main_menu/main_menu.hpm_DetailMeshes
    * c:/Program Files (x86)/Steam/steamapps/common/Amnesia The Bunker/maps/main_menu/main_menu.hpm_Entity
    * c:/Program Files (x86)/Steam/steamapps/common/Amnesia The Bunker/maps/main_menu/main_menu.hpm_ExposureArea
    * c:/Program Files (x86)/Steam/steamapps/common/Amnesia The Bunker/maps/main_menu/main_menu.hpm_FogArea
    * c:/Program Files (x86)/Steam/steamapps/common/Amnesia The Bunker/maps/main_menu/main_menu.hpm_LensFlare
    * c:/Program Files (x86)/Steam/steamapps/common/Amnesia The Bunker/maps/main_menu/main_menu.hpm_Light
    * c:/Program Files (x86)/Steam/steamapps/common/Amnesia The Bunker/maps/main_menu/main_menu.hpm_LightMask
    * c:/Program Files (x86)/Steam/steamapps/common/Amnesia The Bunker/maps/main_menu/main_menu.hpm_ParticleSystem
    * c:/Program Files (x86)/Steam/steamapps/common/Amnesia The Bunker/maps/main_menu/main_menu.hpm_Primitive
    * c:/Program Files (x86)/Steam/steamapps/common/Amnesia The Bunker/maps/main_menu/main_menu.hpm_Sound
    * c:/Program Files (x86)/Steam/steamapps/common/Amnesia The Bunker/maps/main_menu/main_menu.hpm_StaticComboArea
    * c:/Program Files (x86)/Steam/steamapps/common/Amnesia The Bunker/maps/main_menu/main_menu.hpm_StaticObject
    * c:/Program Files (x86)/Steam/steamapps/common/Amnesia The Bunker/maps/main_menu/main_menu.hpm_StaticObjectBatches
    * c:/Program Files (x86)/Steam/steamapps/common/Amnesia The Bunker/maps/main_menu/main_menu.hpm_Terrain
    * c:/Program Files (x86)/Steam/steamapps/common/Amnesia The Bunker/maps/main_menu/main_menu.hps
    * c:/Program Files (x86)/Steam/steamapps/common/Amnesia The Bunker/maps/main_menu/main_menu.map_cache
    * c:/Program Files (x86)/Steam/steamapps/common/Amnesia The Bunker/maps/main_menu/main_menu.preload_cache
 Added resource directory 'c:/Program Files (x86)/Steam/steamapps/common/Amnesia The Bunker/mods/BunkersEdge/maps'
 * Adding resource directory: maps, adding subdirs
    * c:/Program Files (x86)/Steam/steamapps/common/Amnesia The Bunker/script/custom/agents/agent_stalker.hps
    * c:/Program Files (x86)/Steam/steamapps/common/Amnesia The Bunker/script/custom/helpers/helper_gun.hps
    * c:/Program Files (x86)/Steam/steamapps/common/Amnesia The Bunker/script/custom/helpers/helper_imgui_options.hps
    * c:/Program Files (x86)/Steam/steamapps/common/Amnesia The Bunker/script/custom/helpers/helper_player_custom.hps
    * c:/Program Files (x86)/Steam/steamapps/common/Amnesia The Bunker/script/custom/modules/FontHandler.hps
    * c:/Program Files (x86)/Steam/steamapps/common/Amnesia The Bunker/script/custom/modules/ItemHandler.hps
    * c:/Program Files (x86)/Steam/steamapps/common/Amnesia The Bunker/script/custom/modules/MenuHandler.hps
    * c:/Program Files (x86)/Steam/steamapps/common/Amnesia The Bunker/script/custom/modules/PlayerBodyHandler_Custom.hps
    * c:/Program Files (x86)/Steam/steamapps/common/Amnesia The Bunker/script/custom/player/ItemCallbacks.hps
    * c:/Program Files (x86)/Steam/steamapps/common/Amnesia The Bunker/script/custom/player/MoveState_Normal_Custom.hps
    * c:/Program Files (x86)/Steam/steamapps/common/Amnesia The Bunker/script/custom/player/Player_Custom.hps
    * c:/Program Files (x86)/Steam/steamapps/common/Amnesia The Bunker/script/custom/player/PlayerState_Normal_Custom.hps
    * c:/Program Files (x86)/Steam/steamapps/common/Amnesia The Bunker/script/custom/player/PlayerState_Slide.hps
    * c:/Program Files (x86)/Steam/steamapps/common/Amnesia The Bunker/script/custom/player/PlayerState_UsingGun_Reload.hps
    * c:/Program Files (x86)/Steam/steamapps/common/Amnesia The Bunker/script/custom/player/PlayerState_UsingLantern.hps
    * c:/Program Files (x86)/Steam/steamapps/common/Amnesia The Bunker/script/custom/player/PlayerState_UsingWeapon_Aim_Base.hps
    * c:/Program Files (x86)/Steam/steamapps/common/Amnesia The Bunker/script/custom/player/PlayerState_UsingWeapon_Reload_Base.hps
    * c:/Program Files (x86)/Steam/steamapps/common/Amnesia The Bunker/script/custom/player/PlayerTypes_Custom.hps
    * c:/Program Files (x86)/Steam/steamapps/common/Amnesia The Bunker/script/player/MoveState_Normal.hps
 Added resource directory 'c:/Program Files (x86)/Steam/steamapps/common/Amnesia The Bunker/mods/BunkersEdge/script'
 * Adding resource directory: script, adding subdirs
    * c:/Program Files (x86)/Steam/steamapps/common/Amnesia The Bunker/entities/arabic_fort/rope/ab_interior_tileable_rope_01.dds
 Added resource directory 'c:/Program Files (x86)/Steam/steamapps/common/Amnesia The Bunker/mods/BunkersEdge/entities'
 * Adding resource directory: entities, adding subdirs
 Added resource directory 'c:/Program Files (x86)/Steam/steamapps/common/Amnesia The Bunker/mods/BunkersEdge/static_objects'
 * Adding resource directory: static_objects, adding subdirs
 Added resource directory 'c:/Program Files (x86)/Steam/steamapps/common/Amnesia The Bunker/mods/BunkersEdge/textures'
 * Adding resource directory: textures, adding subdirs
 Added resource directory 'c:/Program Files (x86)/Steam/steamapps/common/Amnesia The Bunker/mods/BunkersEdge/lights'
 * Adding resource directory: lights, adding subdirs
 Added resource directory 'c:/Program Files (x86)/Steam/steamapps/common/Amnesia The Bunker/mods/BunkersEdge/music'
 * Adding resource directory: music, adding subdirs
    * c:/Program Files (x86)/Steam/steamapps/common/Amnesia The Bunker/sounds/monke_UI.fsb
    * c:/Program Files (x86)/Steam/steamapps/common/Amnesia The Bunker/sounds/monke_amb.fsb
    * c:/Program Files (x86)/Steam/steamapps/common/Amnesia The Bunker/sounds/monke_bank01.fsb
    * c:/Program Files (x86)/Steam/steamapps/common/Amnesia The Bunker/sounds/monke_player.fsb
    * c:/Program Files (x86)/Steam/steamapps/common/Amnesia The Bunker/sounds/monke.fev
 Added resource directory 'c:/Program Files (x86)/Steam/steamapps/common/Amnesia The Bunker/mods/BunkersEdge/sounds'
 * Adding resource directory: sounds, adding subdirs
    * c:/Program Files (x86)/Steam/steamapps/common/Amnesia The Bunker/particles/refractions/darkworld_portal_distortions02.dds
    * c:/Program Files (x86)/Steam/steamapps/common/Amnesia The Bunker/particles/refractions/darkworld_portal_distortions_diff.dds
    * c:/Program Files (x86)/Steam/steamapps/common/Amnesia The Bunker/particles/refractions/darkworld_portal_distortions.mat
    * c:/Program Files (x86)/Steam/steamapps/common/Amnesia The Bunker/particles/refractions/milk_machine_opening.ps
    * c:/Program Files (x86)/Steam/steamapps/common/Amnesia The Bunker/particles/refractions/refraction_darkworld_portal.ps
    * c:/Program Files (x86)/Steam/steamapps/common/Amnesia The Bunker/particles/refractions/refraction_darkworld.ps
    * c:/Program Files (x86)/Steam/steamapps/common/Amnesia The Bunker/particles/refractions/refraction_dream.ps
    * c:/Program Files (x86)/Steam/steamapps/common/Amnesia The Bunker/particles/refractions/rift_open.ps
    * c:/Program Files (x86)/Steam/steamapps/common/Amnesia The Bunker/particles/refractions/rift_opening.ps
 Added resource directory 'c:/Program Files (x86)/Steam/steamapps/common/Amnesia The Bunker/mods/BunkersEdge/particles'
 * Adding resource directory: particles, adding subdirs
 Added resource directory 'c:/Program Files (x86)/Steam/steamapps/common/Amnesia The Bunker/mods/BunkersEdge/graphics'
 * Adding resource directory: graphics, adding subdirs
    * c:/Program Files (x86)/Steam/steamapps/common/Amnesia The Bunker/fonts/sansation_large_0.dds
    * c:/Program Files (x86)/Steam/steamapps/common/Amnesia The Bunker/fonts/sansation_large_additive_0.dds
    * c:/Program Files (x86)/Steam/steamapps/common/Amnesia The Bunker/fonts/sansation_large_additive.fnt
    * c:/Program Files (x86)/Steam/steamapps/common/Amnesia The Bunker/fonts/sansation_large_bold_0.dds
    * c:/Program Files (x86)/Steam/steamapps/common/Amnesia The Bunker/fonts/sansation_large_bold.fnt
    * c:/Program Files (x86)/Steam/steamapps/common/Amnesia The Bunker/fonts/sansation_large.fnt
    * c:/Program Files (x86)/Steam/steamapps/common/Amnesia The Bunker/fonts/sansation_medium_bold.fnt
    * c:/Program Files (x86)/Steam/steamapps/common/Amnesia The Bunker/fonts/sansation_medium.fnt
    * c:/Program Files (x86)/Steam/steamapps/common/Amnesia The Bunker/fonts/sansation_small_0.dds
    * c:/Program Files (x86)/Steam/steamapps/common/Amnesia The Bunker/fonts/sansation_small.fnt
    * c:/Program Files (x86)/Steam/steamapps/common/Amnesia The Bunker/fonts/sansation_xlarge_0.dds
    * c:/Program Files (x86)/Steam/steamapps/common/Amnesia The Bunker/fonts/sansation_xlarge_bold_0.dds
    * c:/Program Files (x86)/Steam/steamapps/common/Amnesia The Bunker/fonts/sansation_xlarge_bold.fnt
    * c:/Program Files (x86)/Steam/steamapps/common/Amnesia The Bunker/fonts/sansation_xlarge.fnt
 Added resource directory 'c:/Program Files (x86)/Steam/steamapps/common/Amnesia The Bunker/mods/BunkersEdge/fonts'
 * Adding resource directory: fonts, adding subdirs
 Added resource directory 'c:/Program Files (x86)/Steam/steamapps/common/Amnesia The Bunker/mods/BunkersEdge/lang'
 * Adding resource directory: lang, adding subdirs
Initializing Resources Module
--------------------------------------------------------
 Creating loader handlers 
 Creating resource managers
 Adding loaders to handlers 
--------------------------------------------------------

Initializing Graphics Module
--------------------------------------------------------
 Added resource directory 'core/shaders'
 Added resource directory 'core/textures'
 Added resource directory 'core/models'
 Added resource directory '_shadersource'
Init lowlevel graphics: 1920x1080 screen:38 backbuffer:38 rr: 60 fs:1 ms:0 driver: 0 cap:'Bunker's Edge Loading...' pos:(-1x-1)
 Available drivers:
  (0) - 'windows'
  (1) - 'dummy'
 Creating window: (-1,-1) 1920 x 1080 - 38 screen 38 backbuffer flags: 2
 Setting display mode: 1920 x 1080 - 38 format 60 hz
 Init Glew...OK
 Setting up OpenGL
  Vendor: NVIDIA Corporation
  Renderer: NVIDIA GeForce RTX 5080/PCIe/SSE2
  Version: 4.6.0 NVIDIA 610.62
  Max texture image units: 32
  Max texture coord units: 8
  Max texture buffer size: 268435456
  Max texture array slices: 2048
  Max user clip planes: 8
  Two sided stencil: 1
  Vertex Buffer Object: 1
  Anisotropic filtering: 1
  Max Anisotropic degree: 16
  Multisampling: 1
  Texture compression: 1
  Texture compression S3TC: 1
  Texture compression 3DC: 1
  Texture sRGB: 1
  Geometry Instancing: 1
  Auto generate MipMaps: 1
  Render to texture: 1
  Max draw buffers: 8
  Max color render targets: 8
  Packed depth-stencil: 1
  Texture float: 1
  GLSL Version: 4.60 NVIDIA
  ShaderModel 2: 1
  ShaderModel 3: 1
  ShaderModel 4: 1
  Max vertex uniforms: 2048
  Max fragment uniforms: 4096
  OGL ATIFragmentShader: 0
  Tesselation: 1
  MultiBindTex: 1
Loaded resource 0 in -6618203 ms
Loaded resource 1 in -6618203 ms
Loaded resource 2 in -6618203 ms
Loaded resource 3 in -6618203 ms
Loaded resource 4 in -6618203 ms
Loaded resource 5 in -6618203 ms
Loaded resource 6 in -6618203 ms
Loaded resource 7 in -6618203 ms
Loaded resource 8 in -6618203 ms
Loaded resource 9 in -6618202 ms
Loaded resource 10 in -6618202 ms
Loaded resource 11 in -6618202 ms
Loaded resource 12 in -6618202 ms
Loaded resource 13 in -6618202 ms
Loaded resource 14 in -6618202 ms
Loaded resource 15 in -6618202 ms
Loaded resource 16 in -6618202 ms
Loaded resource 17 in -6618202 ms
Loaded resource 18 in -6618202 ms
Loaded resource 19 in -6618202 ms
Loaded resource 20 in -6618202 ms
Loaded resource 21 in -6618202 ms
Loaded resource 22 in -6618202 ms
Loaded resource 23 in -6618202 ms
Loaded resource 24 in -6618202 ms
Loaded resource 25 in -6618202 ms
Loaded resource 26 in -6618202 ms
Loaded resource 27 in -6618202 ms
Loaded resource 28 in -6618202 ms
Loaded resource 29 in -6618202 ms
Loaded resource 30 in -6618202 ms
Loaded resource 31 in -6618202 ms
Loaded resource 32 in -6618202 ms
Loaded resource 33 in -6618202 ms
Loaded resource 34 in -6618202 ms
Loaded resource 35 in -6618202 ms
Loaded resource 36 in -6618201 ms
Loaded resource 37 in -6618201 ms
Loaded resource 38 in -6618201 ms
Loaded resource 39 in -6618201 ms
Loaded resource 40 in -6618201 ms
Loaded resource 41 in -6618201 ms
Loaded resource 42 in -6618201 ms
Loaded resource 43 in -6618201 ms
Loaded resource 44 in -6618201 ms
Loaded resource 45 in -6618201 ms
Loaded resource 46 in -6618201 ms
Loaded resource 47 in -6618201 ms
Loaded resource 48 in -6618201 ms
Loaded resource 49 in -6618201 ms
Loaded resource 50 in -6618201 ms
Loaded resource 51 in -6618201 ms
Loaded resource 52 in -6618201 ms
Loaded resource 53 in -6618201 ms
Loaded resource 54 in -6618201 ms
Loaded resource 55 in -6618201 ms
Loaded resource 56 in -6618201 ms
Loaded resource 57 in -6618201 ms
Loaded resource 58 in -6618200 ms
Loaded resource 59 in -6618200 ms
Loaded resource 60 in -6618200 ms
Loaded resource 61 in -6618200 ms
Loaded resource 62 in -6618200 ms
Loaded resource 63 in -6618200 ms
Loaded resource 64 in -6618200 ms
Loaded resource 65 in -6618200 ms
Loaded resource 66 in -6618200 ms
Loaded resource 67 in -6618200 ms
Loaded resource 68 in -6618200 ms
Loaded resource 69 in -6618200 ms
Loaded resource 70 in -6618200 ms
Loaded resource 71 in -6618200 ms
Loaded resource 72 in -6618200 ms
Loaded resource 73 in -6618199 ms
Loaded resource 74 in -6618199 ms
Loaded resource 75 in -6618199 ms
Loaded resource 76 in -6618199 ms
Loaded resource 77 in -6618199 ms
Loaded resource 78 in -6618199 ms
Loaded resource 79 in -6618199 ms
Loaded resource 80 in -6618199 ms
Loaded resource 81 in -6618199 ms
Loaded resource 82 in -6618199 ms
Loaded resource 83 in -6618199 ms
Loaded resource 84 in -6618199 ms
Loaded resource 85 in -6618199 ms
Loaded resource 86 in -6618199 ms
Loaded resource 87 in -6618199 ms
Loaded resource 88 in -6618199 ms
Loaded resource 89 in -6618199 ms
Loaded resource 90 in -6618199 ms
Loaded resource 91 in -6618199 ms
Loaded resource 92 in -6618199 ms
Loaded resource 93 in -6618199 ms
Loaded resource 94 in -6618199 ms
Loaded resource 95 in -6618199 ms
Loaded resource 96 in -6618199 ms
Loaded resource 97 in -6618199 ms
Loaded resource 98 in -6618199 ms
Loaded resource 99 in -6618199 ms
Loaded resource 100 in -6618199 ms
Loaded resource 101 in -6618199 ms
Loaded resource 102 in -6618199 ms
Loaded resource 103 in -6618198 ms
Loaded resource 104 in -6618198 ms
Loaded resource 105 in -6618198 ms
Loaded resource 106 in -6618198 ms
Loaded resource 107 in -6618198 ms
Loaded resource 108 in -6618198 ms
Loaded resource 109 in -6618198 ms
Loaded resource 110 in -6618198 ms
Loaded resource 111 in -6618198 ms
Loaded resource 112 in -6618198 ms
Loaded resource 113 in -6618198 ms
Loaded resource 114 in -6618198 ms
Loaded resource 115 in -6618198 ms
Loaded resource 116 in -6618198 ms
Loaded resource 117 in -6618198 ms
Loaded resource 118 in -6618198 ms
Loaded resource 119 in -6618198 ms
Loaded resource 120 in -6618198 ms
Loaded resource 121 in -6618198 ms
Loaded resource 122 in -6618198 ms
Loaded resource 123 in -6618198 ms
Loaded resource 124 in -6618198 ms
Loaded resource 125 in -6618198 ms
Loaded resource 126 in -6618198 ms
Loaded resource 127 in -6618197 ms
Loaded resource 128 in -6618197 ms
Loaded resource 129 in -6618197 ms
Loaded resource 130 in -6618197 ms
Loaded resource 131 in -6618197 ms
Loaded resource 132 in -6618197 ms
Loaded resource 133 in -6618197 ms
Loaded resource 134 in -6618197 ms
Loaded resource 135 in -6618197 ms
Loaded resource 136 in -6618197 ms
Loaded resource 137 in -6618197 ms
Loaded resource 138 in -6618197 ms
Loaded resource 139 in -6618197 ms
Loaded resource 140 in -6618197 ms
Loaded resource 141 in -6618197 ms
Loaded resource 142 in -6618197 ms
Loaded resource 143 in -6618197 ms
Loaded resource 144 in -6618197 ms
Loaded resource 145 in -6618197 ms
Loaded resource 146 in -6618196 ms
Loaded resource 147 in -6618196 ms
Loaded resource 148 in -6618196 ms
Loaded resource 149 in -6618196 ms
Loaded resource 150 in -6618196 ms
Loaded resource 151 in -6618196 ms
Loaded resource 152 in -6618196 ms
Loaded resource 153 in -6618196 ms
Loaded resource 154 in -6618196 ms
Loaded resource 155 in -6618196 ms
Loaded resource 156 in -6618196 ms
Loaded resource 157 in -6618196 ms
Loaded resource 158 in -6618196 ms
Loaded resource 159 in -6618196 ms
Loaded resource 160 in -6618196 ms
Loaded resource 161 in -6618196 ms
Loaded resource 162 in -6618196 ms
Loaded resource 163 in -6618196 ms
Loaded resource 164 in -6618196 ms
Loaded resource 165 in -6618196 ms
Loaded resource 166 in -6618195 ms
Loaded resource 167 in -6618195 ms
Loaded resource 168 in -6618195 ms
Loaded resource 169 in -6618195 ms
Loaded resource 170 in -6618195 ms
Loaded resource 171 in -6618195 ms
Loaded resource 172 in -6618195 ms
Loaded resource 173 in -6618195 ms
Loaded resource 174 in -6618195 ms
Loaded resource 175 in -6618195 ms
Loaded resource 176 in -6618195 ms
Loaded resource 177 in -6618195 ms
Loaded resource 178 in -6618195 ms
Loaded resource 179 in -6618195 ms
Loaded resource 180 in -6618195 ms
Loaded resource 181 in -6618195 ms
Loaded resource 182 in -6618195 ms
Loaded resource 183 in -6618195 ms
Loaded resource 184 in -6618195 ms
Loaded resource 185 in -6618194 ms
Loaded resource 186 in -6618194 ms
Loaded resource 187 in -6618194 ms
Loaded resource 188 in -6618194 ms
Loaded resource 189 in -6618194 ms
Loaded resource 190 in -6618194 ms
Loaded resource 191 in -6618194 ms
Loaded resource 192 in -6618194 ms
Loaded resource 193 in -6618194 ms
Loaded resource 194 in -6618194 ms
Loaded resource 195 in -6618194 ms
Loaded resource 196 in -6618194 ms
Loaded resource 197 in -6618194 ms
Loaded resource 198 in -6618194 ms
Loaded resource 199 in -6618194 ms
Loaded resource 200 in -6618194 ms
Loaded resource 201 in -6618194 ms
Loaded resource 202 in -6618194 ms
Loaded resource 203 in -6618194 ms
Loaded resource 204 in -6618194 ms
Loaded resource 205 in -6618194 ms
Loaded resource 206 in -6618193 ms
Loaded resource 207 in -6618193 ms
Loaded resource 208 in -6618193 ms
Loaded resource 209 in -6618193 ms
Loaded resource 210 in -6618193 ms
Loaded resource 211 in -6618193 ms
Loaded resource 212 in -6618193 ms
Loaded resource 213 in -6618193 ms
Loaded resource 214 in -6618193 ms
Loaded resource 215 in -6618193 ms
Loaded resource 216 in -6618193 ms
Loaded resource 217 in -6618193 ms
Loaded resource 218 in -6618193 ms
Loaded resource 219 in -6618193 ms
Loaded resource 220 in -6618193 ms
Loaded resource 221 in -6618193 ms
Loaded resource 222 in -6618193 ms
Loaded resource 223 in -6618193 ms
Loaded resource 224 in -6618193 ms
Loaded resource 225 in -6618193 ms
Loaded resource 226 in -6618192 ms
Loaded resource 227 in -6618192 ms
Loaded resource 228 in -6618192 ms
Loaded resource 229 in -6618192 ms
Loaded resource 230 in -6618192 ms
Loaded resource 231 in -6618192 ms
Loaded resource 232 in -6618192 ms
Loaded resource 233 in -6618192 ms
Loaded resource 234 in -6618192 ms
Loaded resource 235 in -6618192 ms
Loaded resource 236 in -6618192 ms
Loaded resource 237 in -6618192 ms
Loaded resource 238 in -6618192 ms
Loaded resource 239 in -6618192 ms
Loaded resource 240 in -6618192 ms
Loaded resource 241 in -6618192 ms
Loaded resource 242 in -6618192 ms
Loaded resource 243 in -6618192 ms
Loaded resource 244 in -6618192 ms
Loaded resource 245 in -6618192 ms
Loaded resource 246 in -6618192 ms
Loaded resource 247 in -6618192 ms
Loaded resource 248 in -6618192 ms
Loaded resource 249 in -6618191 ms
Loaded resource 250 in -6618191 ms
Loaded resource 251 in -6618191 ms
Loaded resource 252 in -6618191 ms
Loaded resource 253 in -6618191 ms
Loaded resource 254 in -6618191 ms
Loaded resource 255 in -6618191 ms
Loaded resource 256 in -6618191 ms
Loaded resource 257 in -6618191 ms
Loaded resource 258 in -6618191 ms
Loaded resource 259 in -6618191 ms
Loaded resource 260 in -6618191 ms
Loaded resource 261 in -6618191 ms
Loaded resource 262 in -6618191 ms
Loaded resource 263 in -6618191 ms
Loaded resource 264 in -6618191 ms
Loaded resource 265 in -6618191 ms
Loaded resource 266 in -6618190 ms
Loaded resource 267 in -6618190 ms
Loaded resource 268 in -6618190 ms
Loaded resource 269 in -6618190 ms
Loaded resource 270 in -6618190 ms
Loaded resource 271 in -6618190 ms
Loaded resource 272 in -6618190 ms
Loaded resource 273 in -6618190 ms
Loaded resource 274 in -6618190 ms
Loaded resource 275 in -6618190 ms
Loaded resource 276 in -6618190 ms
Loaded resource 277 in -6618190 ms
Loaded resource 278 in -6618190 ms
Loaded resource 279 in -6618190 ms
Loaded resource 280 in -6618190 ms
Loaded resource 281 in -6618190 ms
Loaded resource 282 in -6618190 ms
Loaded resource 283 in -6618190 ms
Loaded resource 284 in -6618190 ms
Loaded resource 285 in -6618189 ms
Loaded resource 286 in -6618189 ms
Loaded resource 287 in -6618189 ms
Loaded resource 288 in -6618189 ms
Loaded resource 289 in -6618189 ms
Loaded resource 290 in -6618189 ms
Loaded resource 291 in -6618189 ms
Loaded resource 292 in -6618189 ms
Loaded resource 293 in -6618189 ms
Loaded resource 294 in -6618189 ms
Loaded resource 295 in -6618189 ms
Loaded resource 296 in -6618189 ms
Loaded resource 297 in -6618189 ms
Loaded resource 298 in -6618189 ms
Loaded resource 299 in -6618189 ms
Loaded resource 300 in -6618188 ms
Loaded resource 301 in -6618188 ms
Loaded resource 302 in -6618188 ms
Loaded resource 303 in -6618188 ms
Loaded resource 304 in -6618188 ms
Loaded resource 305 in -6618188 ms
Loaded resource 306 in -6618188 ms
Loaded resource 307 in -6618188 ms
Loaded resource 308 in -6618188 ms
Loaded resource 309 in -6618188 ms
Loaded resource 310 in -6618188 ms
Loaded resource 311 in -6618187 ms
Loaded resource 312 in -6618187 ms
Loaded resource 313 in -6618187 ms
Loaded resource 314 in -6618187 ms
Loaded resource 315 in -6618187 ms
Loaded resource 316 in -6618187 ms
Loaded resource 317 in -6618187 ms
Loaded resource 318 in -6618187 ms
Loaded resource 319 in -6618187 ms
Loaded resource 320 in -6618187 ms
Loaded resource 321 in -6618187 ms
Loaded resource 322 in -6618187 ms
Loaded resource 323 in -6618187 ms
Loaded resource 324 in -6618187 ms
Loaded resource 325 in -6618187 ms
Loaded resource 326 in -6618186 ms
Loaded resource 327 in -6618186 ms
Loaded resource 328 in -6618186 ms
Loaded resource 329 in -6618186 ms
Loaded resource 330 in -6618186 ms
Loaded resource 331 in -6618186 ms
Loaded resource 332 in -6618186 ms
Loaded resource 333 in -6618186 ms
Loaded resource 334 in -6618186 ms
Loaded resource 335 in -6618186 ms
Loaded resource 336 in -6618186 ms
Loaded resource 337 in -6618186 ms
Loaded resource 338 in -6618186 ms
Loaded resource 339 in -6618186 ms
Loaded resource 340 in -6618186 ms
Loaded resource 341 in -6618186 ms
Loaded resource 342 in -6618185 ms
Loaded resource 343 in -6618185 ms
Loaded resource 344 in -6618185 ms
Loaded resource 345 in -6618185 ms
Loaded resource 346 in -6618185 ms
Loaded resource 347 in -6618185 ms
Loaded resource 348 in -6618185 ms
Loaded resource 349 in -6618185 ms
Loaded resource 350 in -6618185 ms
Loaded resource 351 in -6618185 ms
Loaded resource 352 in -6618185 ms
Loaded resource 353 in -6618185 ms
Loaded resource 354 in -6618185 ms
Loaded resource 355 in -6618185 ms
Loaded resource 356 in -6618185 ms
Loaded resource 357 in -6618184 ms
Loaded resource 358 in -6618184 ms
Loaded resource 359 in -6618184 ms
Loaded resource 360 in -6618184 ms
Loaded resource 361 in -6618184 ms
Loaded resource 362 in -6618184 ms
Loaded resource 363 in -6618184 ms
Loaded resource 364 in -6618184 ms
Loaded resource 365 in -6618184 ms
Loaded resource 366 in -6618184 ms
Loaded resource 367 in -6618184 ms
Loaded resource 368 in -6618183 ms
Loaded resource 369 in -6618183 ms
Loaded resource 370 in -6618183 ms
Loaded resource 371 in -6618183 ms
Loaded resource 372 in -6618183 ms
Loaded resource 373 in -6618183 ms
Loaded resource 374 in -6618183 ms
Loaded resource 375 in -6618183 ms
Loaded resource 376 in -6618183 ms
Loaded resource 377 in -6618183 ms
Loaded resource 378 in -6618183 ms
Loaded resource 379 in -6618183 ms
Loaded resource 380 in -6618183 ms
Loaded resource 381 in -6618183 ms
Loaded resource 382 in -6618183 ms
Loaded resource 383 in -6618183 ms
Loaded resource 384 in -6618182 ms
Loaded resource 385 in -6618182 ms
Loaded resource 386 in -6618182 ms
Loaded resource 387 in -6618182 ms
Loaded resource 388 in -6618182 ms
Loaded resource 389 in -6618182 ms
Loaded resource 390 in -6618182 ms
Loaded resource 391 in -6618182 ms
Loaded resource 392 in -6618182 ms
Loaded resource 393 in -6618182 ms
Loaded resource 394 in -6618182 ms
Loaded resource 395 in -6618182 ms
Loaded resource 396 in -6618182 ms
Loaded resource 397 in -6618182 ms
Loaded resource 398 in -6618182 ms
Loaded resource 399 in -6618182 ms
Loaded resource 400 in -6618182 ms
Loaded resource 401 in -6618182 ms
Loaded resource 402 in -6618181 ms
Loaded resource 403 in -6618181 ms
Loaded resource 404 in -6618181 ms
Loaded resource 405 in -6618181 ms
Loaded resource 406 in -6618181 ms
Loaded resource 407 in -6618181 ms
Loaded resource 408 in -6618181 ms
Loaded resource 409 in -6618181 ms
Loaded resource 410 in -6618181 ms
Loaded resource 411 in -6618181 ms
Loaded resource 412 in -6618181 ms
Loaded resource 413 in -6618181 ms
Loaded resource 414 in -6618181 ms
Loaded resource 415 in -6618181 ms
Loaded resource 416 in -6618181 ms
Loaded resource 417 in -6618181 ms
Loaded resource 418 in -6618180 ms
Loaded resource 419 in -6618180 ms
Loaded resource 420 in -6618180 ms
Loaded resource 421 in -6618180 ms
Loaded resource 422 in -6618180 ms
Loaded resource 423 in -6618180 ms
Loaded resource 424 in -6618180 ms
Loaded resource 425 in -6618180 ms
Loaded resource 426 in -6618180 ms
Loaded resource 427 in -6618180 ms
Loaded resource 428 in -6618180 ms
Loaded resource 429 in -6618180 ms
Loaded resource 430 in -6618180 ms
Loaded resource 431 in -6618180 ms
Loaded resource 432 in -6618180 ms
Loaded resource 433 in -6618180 ms
Loaded resource 434 in -6618180 ms
Loaded resource 435 in -6618180 ms
Loaded resource 436 in -6618180 ms
Loaded resource 437 in -6618180 ms
Loaded resource 438 in -6618180 ms
Loaded resource 439 in -6618180 ms
Loaded resource 440 in -6618180 ms
Loaded resource 441 in -6618179 ms
Loaded resource 442 in -6618179 ms
Loaded resource 443 in -6618179 ms
Loaded resource 444 in -6618179 ms
Loaded resource 445 in -6618179 ms
Loaded resource 446 in -6618179 ms
Loaded resource 447 in -6618179 ms
Loaded resource 448 in -6618179 ms
Loaded resource 449 in -6618179 ms
Loaded resource 450 in -6618179 ms
Loaded resource 451 in -6618179 ms
Loaded resource 452 in -6618179 ms
Loaded resource 453 in -6618179 ms
Loaded resource 454 in -6618179 ms
Loaded resource 455 in -6618179 ms
Loaded resource 456 in -6618179 ms
Loaded resource 457 in -6618179 ms
Loaded resource 458 in -6618179 ms
Loaded resource 459 in -6618179 ms
Loaded resource 460 in -6618179 ms
Loaded resource 461 in -6618178 ms
Loaded resource 462 in -6618178 ms
Loaded resource 463 in -6618178 ms
Loaded resource 464 in -6618178 ms
Loaded resource 465 in -6618178 ms
Loaded resource 466 in -6618178 ms
Loaded resource 467 in -6618178 ms
Loaded resource 468 in -6618178 ms
Loaded resource 469 in -6618178 ms
Loaded resource 470 in -6618178 ms
Loaded resource 471 in -6618178 ms
Loaded resource 472 in -6618178 ms
Loaded resource 473 in -6618178 ms
Loaded resource 474 in -6618178 ms
Loaded resource 475 in -6618178 ms
Loaded resource 476 in -6618178 ms
Loaded resource 477 in -6618177 ms
Loaded resource 478 in -6618177 ms
Loaded resource 479 in -6618177 ms
Loaded resource 480 in -6618177 ms
Loaded resource 481 in -6618177 ms
Loaded resource 482 in -6618177 ms
Loaded resource 483 in -6618177 ms
Loaded resource 484 in -6618177 ms
Loaded resource 485 in -6618177 ms
Loaded resource 486 in -6618177 ms
Loaded resource 487 in -6618177 ms
Loaded resource 488 in -6618177 ms
Loaded resource 489 in -6618177 ms
Loaded resource 490 in -6618177 ms
Loaded resource 491 in -6618177 ms
Loaded resource 492 in -6618176 ms
Loaded resource 493 in -6618176 ms
Loaded resource 494 in -6618176 ms
Loaded resource 495 in -6618176 ms
Loaded resource 496 in -6618176 ms
Loaded resource 497 in -6618176 ms
Loaded resource 498 in -6618176 ms
Loaded resource 499 in -6618176 ms
Loaded resource 500 in -6618176 ms
Loaded resource 501 in -6618176 ms
Loaded resource 502 in -6618176 ms
Loaded resource 503 in -6618176 ms
Loaded resource 504 in -6618176 ms
Loaded resource 505 in -6618176 ms
Loaded resource 506 in -6618176 ms
Loaded resource 507 in -6618176 ms
Loaded resource 508 in -6618176 ms
Loaded resource 509 in -6618176 ms
Loaded resource 510 in -6618176 ms
Loaded resource 511 in -6618175 ms
Loaded resource 512 in -6618175 ms
Loaded resource 513 in -6618175 ms
Loaded resource 514 in -6618175 ms
Loaded resource 515 in -6618175 ms
Loaded resource 516 in -6618175 ms
Loaded resource 517 in -6618175 ms
Loaded resource 518 in -6618175 ms
Loaded resource 519 in -6618175 ms
Loaded resource 520 in -6618175 ms
Loaded resource 521 in -6618175 ms
Loaded resource 522 in -6618175 ms
Loaded resource 523 in -6618175 ms
Loaded resource 524 in -6618175 ms
Loaded resource 525 in -6618175 ms
Loaded resource 526 in -6618175 ms
Loaded resource 527 in -6618174 ms
Loaded resource 528 in -6618174 ms
Loaded resource 529 in -6618174 ms
Loaded resource 530 in -6618174 ms
Loaded resource 531 in -6618174 ms
Loaded resource 532 in -6618174 ms
Loaded resource 533 in -6618174 ms
Loaded resource 534 in -6618174 ms
Loaded resource 535 in -6618174 ms
Loaded resource 536 in -6618174 ms
Loaded resource 537 in -6618174 ms
Loaded resource 538 in -6618174 ms
Loaded resource 539 in -6618174 ms
Loaded resource 540 in -6618174 ms
Loaded resource 541 in -6618174 ms
Loaded resource 542 in -6618174 ms
Loaded resource 543 in -6618174 ms
Loaded resource 544 in -6618173 ms
Loaded resource 545 in -6618173 ms
Loaded resource 546 in -6618173 ms
Loaded resource 547 in -6618173 ms
Loaded resource 548 in -6618173 ms
Loaded resource 549 in -6618173 ms
Loaded resource 550 in -6618173 ms
Loaded resource 551 in -6618173 ms
Loaded resource 552 in -6618173 ms
Loaded resource 553 in -6618173 ms
Loaded resource 554 in -6618173 ms
Loaded resource 555 in -6618173 ms
Loaded resource 556 in -6618173 ms
Loaded resource 557 in -6618173 ms
Loaded resource 558 in -6618173 ms
  Loaded resource c:/Program Files (x86)/Steam/steamapps/common/Amnesia The Bunker/core/models/core_box.msh in 0 ms
  Destroyed resource 'core_box.msh'
  Loaded resource c:/Program Files (x86)/Steam/steamapps/common/Amnesia The Bunker/core/models/core_box.msh in 1 ms
  Destroyed resource 'core_box.msh'
  Loaded resource c:/Program Files (x86)/Steam/steamapps/common/Amnesia The Bunker/core/models/core_box.msh in 0 ms
  Destroyed resource 'core_box.msh'
  Loaded resource c:/Program Files (x86)/Steam/steamapps/common/Amnesia The Bunker/core/textures/core_value_noise.dds in 1 ms
 Initializing DevIL
  Vendor String: Abysmal Software
  Version String: Developer's Image Library (DevIL) 1.7.8
  Version Number: 178
  Loaded resource c:/Program Files (x86)/Steam/steamapps/common/Amnesia The Bunker/core/textures/core_dissolve.tga in 0 ms
  Loaded resource c:/Program Files (x86)/Steam/steamapps/common/Amnesia The Bunker/core/textures/core_dissolve_array.dds in 1 ms
  Loaded resource c:/Program Files (x86)/Steam/steamapps/common/Amnesia The Bunker/core/models/core_12_12_sphere.msh in 0 ms
  Destroyed resource 'core_12_12_sphere.msh'
  Loaded resource c:/Program Files (x86)/Steam/steamapps/common/Amnesia The Bunker/core/models/core_7_7_sphere.msh in 0 ms
  Destroyed resource 'core_7_7_sphere.msh'
  Loaded resource c:/Program Files (x86)/Steam/steamapps/common/Amnesia The Bunker/core/models/core_5_5_sphere.msh in 0 ms
  Destroyed resource 'core_5_5_sphere.msh'
  Loaded resource c:/Program Files (x86)/Steam/steamapps/common/Amnesia The Bunker/core/models/core_pyramid.msh in 0 ms
  Destroyed resource 'core_pyramid.msh'
 Adding engine materials
 Adding engine post effects
--------------------------------------------------------

Initializing Sound Module
--------------------------------------------------------
 Initializing FMOD.
Version: 4.44.50
--------------------------------------------------------

Initializing Game Module
--------------------------------------------------------
--------------------------------------------------------

User Initialization
--------------------------------------------------------
WARNING: No resources element found in 'c:/Program Files (x86)/Steam/steamapps/common/Amnesia The Bunker/mods/BunkersEdge/config/lang/base_english.lang'
WARNING: No resources element found in 'c:/Program Files (x86)/Steam/steamapps/common/Amnesia The Bunker/mods/BunkersEdge/config/lang/english.lang'
WARNING: No resources element found in 'config/lang_main/english.lang'
WARNING: No resources element found in 'config/base_english.lang'
  Loaded resource c:/Program Files (x86)/Steam/steamapps/common/Amnesia The Bunker/core/textures/core_blue_noise.dds in 0 ms
  Loaded resource c:/Program Files (x86)/Steam/steamapps/common/Amnesia The Bunker/core/textures/grading_default.dds in 0 ms
  Loaded resource c:/Program Files (x86)/Steam/steamapps/common/Amnesia The Bunker/fonts/vera.fnt in 3 ms
  Loaded resource c:/Program Files (x86)/Steam/steamapps/common/Amnesia The Bunker/fonts/viewer.fnt in 2 ms
  Loaded resource c:/Program Files (x86)/Steam/steamapps/common/Amnesia The Bunker/gui/gui_def_pointer_normal.tga in 2 ms
  Loaded resource c:/Program Files (x86)/Steam/steamapps/common/Amnesia The Bunker/gui/gui_def_pointer_text.tga in 0 ms
  Loaded resource c:/Program Files (x86)/Steam/steamapps/common/Amnesia The Bunker/gui/gui_def_window_border_r.tga in 0 ms
  Loaded resource c:/Program Files (x86)/Steam/steamapps/common/Amnesia The Bunker/gui/gui_def_window_border_l.tga in 0 ms
  Loaded resource c:/Program Files (x86)/Steam/steamapps/common/Amnesia The Bunker/gui/gui_def_window_border_u.tga in 0 ms
  Loaded resource c:/Program Files (x86)/Steam/steamapps/common/Amnesia The Bunker/gui/gui_def_window_border_d.tga in 0 ms
  Loaded resource c:/Program Files (x86)/Steam/steamapps/common/Amnesia The Bunker/gui/gui_def_window_corner_lu.tga in 0 ms
  Loaded resource c:/Program Files (x86)/Steam/steamapps/common/Amnesia The Bunker/gui/gui_def_window_corner_ru.tga in 0 ms
  Loaded resource c:/Program Files (x86)/Steam/steamapps/common/Amnesia The Bunker/gui/gui_def_window_corner_rd.tga in 0 ms
  Loaded resource c:/Program Files (x86)/Steam/steamapps/common/Amnesia The Bunker/gui/gui_def_window_corner_ld.tga in 0 ms
  Loaded resource c:/Program Files (x86)/Steam/steamapps/common/Amnesia The Bunker/gui/gui_def_window_label.tga in 0 ms
  Loaded resource c:/Program Files (x86)/Steam/steamapps/common/Amnesia The Bunker/gui/gui_def_window_cross.tga in 0 ms
  Loaded resource c:/Program Files (x86)/Steam/steamapps/common/Amnesia The Bunker/gui/gui_def_frame_border_r.tga in 0 ms
  Loaded resource c:/Program Files (x86)/Steam/steamapps/common/Amnesia The Bunker/gui/gui_def_frame_border_l.tga in 0 ms
  Loaded resource c:/Program Files (x86)/Steam/steamapps/common/Amnesia The Bunker/gui/gui_def_frame_border_u.tga in 0 ms
  Loaded resource c:/Program Files (x86)/Steam/steamapps/common/Amnesia The Bunker/gui/gui_def_frame_border_d.tga in 0 ms
  Loaded resource c:/Program Files (x86)/Steam/steamapps/common/Amnesia The Bunker/gui/gui_def_frame_corner_lu.tga in 0 ms
  Loaded resource c:/Program Files (x86)/Steam/steamapps/common/Amnesia The Bunker/gui/gui_def_frame_corner_ru.tga in 0 ms
  Loaded resource c:/Program Files (x86)/Steam/steamapps/common/Amnesia The Bunker/gui/gui_def_frame_corner_rd.tga in 0 ms
  Loaded resource c:/Program Files (x86)/Steam/steamapps/common/Amnesia The Bunker/gui/gui_def_frame_corner_ld.tga in 0 ms
  Loaded resource c:/Program Files (x86)/Steam/steamapps/common/Amnesia The Bunker/gui/gui_def_checkbox_unchecked.tga in 1 ms
  Loaded resource c:/Program Files (x86)/Steam/steamapps/common/Amnesia The Bunker/gui/gui_def_checkbox_checked.tga in 0 ms
  Loaded resource c:/Program Files (x86)/Steam/steamapps/common/Amnesia The Bunker/gui/gui_def_textbox_marker00.tga in 0 ms
  Loaded resource c:/Program Files (x86)/Steam/steamapps/common/Amnesia The Bunker/gui/gui_def_textbox_marker01.tga in 0 ms
  Loaded resource c:/Program Files (x86)/Steam/steamapps/common/Amnesia The Bunker/gui/gui_def_slider_vert_arrow_d.tga in 0 ms
  Loaded resource c:/Program Files (x86)/Steam/steamapps/common/Amnesia The Bunker/gui/gui_def_combobox_border.tga in 0 ms
  Loaded resource c:/Program Files (x86)/Steam/steamapps/common/Amnesia The Bunker/gui/gui_def_button_up_border_r.tga in 0 ms
  Loaded resource c:/Program Files (x86)/Steam/steamapps/common/Amnesia The Bunker/gui/gui_def_button_up_border_l.tga in 0 ms
  Loaded resource c:/Program Files (x86)/Steam/steamapps/common/Amnesia The Bunker/gui/gui_def_button_up_border_u.tga in 0 ms
  Loaded resource c:/Program Files (x86)/Steam/steamapps/common/Amnesia The Bunker/gui/gui_def_button_up_border_d.tga in 0 ms
  Loaded resource c:/Program Files (x86)/Steam/steamapps/common/Amnesia The Bunker/gui/gui_def_button_up_corner_lu.tga in 0 ms
  Loaded resource c:/Program Files (x86)/Steam/steamapps/common/Amnesia The Bunker/gui/gui_def_button_up_corner_ru.tga in 0 ms
  Loaded resource c:/Program Files (x86)/Steam/steamapps/common/Amnesia The Bunker/gui/gui_def_button_up_corner_rd.tga in 0 ms
  Loaded resource c:/Program Files (x86)/Steam/steamapps/common/Amnesia The Bunker/gui/gui_def_button_up_corner_ld.tga in 0 ms
  Loaded resource c:/Program Files (x86)/Steam/steamapps/common/Amnesia The Bunker/gui/gui_def_slider_vert_arrow_u.tga in 0 ms
  Loaded resource c:/Program Files (x86)/Steam/steamapps/common/Amnesia The Bunker/gui/gui_def_slider_hori_arrow_u.tga in 0 ms
  Loaded resource c:/Program Files (x86)/Steam/steamapps/common/Amnesia The Bunker/gui/gui_def_slider_hori_arrow_d.tga in 0 ms
  Loaded resource c:/Program Files (x86)/Steam/steamapps/common/Amnesia The Bunker/gui/gui_def_slider_handle_hori.tga in 0 ms
  Loaded resource c:/Program Files (x86)/Steam/steamapps/common/Amnesia The Bunker/gui/gui_def_button_down_corner_ru.tga in 0 ms
  Loaded resource c:/Program Files (x86)/Steam/steamapps/common/Amnesia The Bunker/gui/gui_def_button_down_corner_ld.tga in 0 ms
  Loaded resource c:/Program Files (x86)/Steam/steamapps/common/Amnesia The Bunker/gui/gui_def_menu_checked.tga in 1 ms
  Loaded resource c:/Program Files (x86)/Steam/steamapps/common/Amnesia The Bunker/gui/gui_def_menu_arrow.tga in 0 ms
  Loaded resource c:/Program Files (x86)/Steam/steamapps/common/Amnesia The Bunker/gui/gui_def_tab_border_r.tga in 0 ms
  Loaded resource c:/Program Files (x86)/Steam/steamapps/common/Amnesia The Bunker/gui/gui_def_tab_border_l.tga in 0 ms
  Loaded resource c:/Program Files (x86)/Steam/steamapps/common/Amnesia The Bunker/gui/gui_def_tab_border_u.tga in 0 ms
  Loaded resource c:/Program Files (x86)/Steam/steamapps/common/Amnesia The Bunker/gui/gui_def_tab_label_border_d.tga in 0 ms
  Loaded resource c:/Program Files (x86)/Steam/steamapps/common/Amnesia The Bunker/gui/gui_def_tab_corner_lu.tga in 0 ms
  Loaded resource c:/Program Files (x86)/Steam/steamapps/common/Amnesia The Bunker/gui/gui_def_tab_corner_ru.tga in 0 ms
  Loaded resource c:/Program Files (x86)/Steam/steamapps/common/Amnesia The Bunker/gui/gui_def_tab_label_corner_rd.tga in 0 ms
  Loaded resource c:/Program Files (x86)/Steam/steamapps/common/Amnesia The Bunker/gui/gui_def_tab_label_corner_ld.tga in 0 ms
  Loaded resource c:/Program Files (x86)/Steam/steamapps/common/Amnesia The Bunker/gui/gui_def_tab_border_d.tga in 0 ms
  Loaded resource c:/Program Files (x86)/Steam/steamapps/common/Amnesia The Bunker/gui/gui_def_tab_corner_rd.tga in 0 ms
  Loaded resource c:/Program Files (x86)/Steam/steamapps/common/Amnesia The Bunker/gui/gui_def_tab_corner_ld.tga in 0 ms
  Loaded resource c:/Program Files (x86)/Steam/steamapps/common/Amnesia The Bunker/gui/gui_def_group_border_lr.tga in 0 ms
  Loaded resource c:/Program Files (x86)/Steam/steamapps/common/Amnesia The Bunker/gui/gui_def_group_border_ud.tga in 0 ms
  Loaded resource c:/Program Files (x86)/Steam/steamapps/common/Amnesia The Bunker/gui/gui_def_group_corner_lu.tga in 0 ms
  Loaded resource c:/Program Files (x86)/Steam/steamapps/common/Amnesia The Bunker/gui/gui_def_group_corner_rd.tga in 0 ms
  Loaded resource c:/Program Files (x86)/Steam/steamapps/common/Amnesia The Bunker/gui/gui_def_filepicker_upbutton.tga in 0 ms
  Loaded resource c:/Program Files (x86)/Steam/steamapps/common/Amnesia The Bunker/gui/gui_def_filepicker_newdirbutton.tga in 0 ms
  Loaded resource c:/Program Files (x86)/Steam/steamapps/common/Amnesia The Bunker/gui/gui_def_filepicker_icon_graphics.tga in 0 ms
  Loaded resource c:/Program Files (x86)/Steam/steamapps/common/Amnesia The Bunker/gui/gui_def_filepicker_icon_models.tga in 0 ms
  Loaded resource c:/Program Files (x86)/Steam/steamapps/common/Amnesia The Bunker/gui/gui_def_filepicker_icon_sounds.tga in 0 ms
  Loaded resource c:/Program Files (x86)/Steam/steamapps/common/Amnesia The Bunker/gui/gui_def_filepicker_icon_text.tga in 0 ms
  Loaded resource c:/Program Files (x86)/Steam/steamapps/common/Amnesia The Bunker/gui/gui_def_filepicker_icon_rest.tga in 0 ms
  Loaded resource c:/Program Files (x86)/Steam/steamapps/common/Amnesia The Bunker/gui/gui_def_filepicker_icon_folder.tga in 0 ms
  Loaded resource c:/Program Files (x86)/Steam/steamapps/common/Amnesia The Bunker/gui/gui_def_treeview_expand.tga in 0 ms
  Loaded resource c:/Program Files (x86)/Steam/steamapps/common/Amnesia The Bunker/gui/gui_def_treeview_collapse.tga in 1 ms
  Loaded resource c:/Program Files (x86)/Steam/steamapps/common/Amnesia The Bunker/gui/gui_def_collapsiblepane_collapsed.tga in 0 ms
  Loaded resource c:/Program Files (x86)/Steam/steamapps/common/Amnesia The Bunker/gui/gui_def_collapsiblepane_expanded.tga in 0 ms
  Loaded resource c:/Program Files (x86)/Steam/steamapps/common/Amnesia The Bunker/fonts/default_small.fnt in 18 ms
  Loaded resource c:/Program Files (x86)/Steam/steamapps/common/Amnesia The Bunker/fonts/default_medium_outline.fnt in 13 ms
  Loaded resource c:/Program Files (x86)/Steam/steamapps/common/Amnesia The Bunker/fonts/noto_sans_28.fnt in 512 ms
  Loaded resource c:/Program Files (x86)/Steam/steamapps/common/Amnesia The Bunker/graphics/general/loadscreen/loadscreen_startup.dds in 1 ms
  Loaded resource c:/Program Files (x86)/Steam/steamapps/common/Amnesia The Bunker/graphics/general/loadscreen/loadscreen_mask.dds in 1 ms
  Loaded resource c:/Program Files (x86)/Steam/steamapps/common/Amnesia The Bunker/graphics/general/loadscreen/loading_bar.dds in 0 ms
  Loaded resource c:/Program Files (x86)/Steam/steamapps/common/Amnesia The Bunker/graphics/general/loadscreen/loading_frame.dds in 0 ms
  Loaded resource c:/Program Files (x86)/Steam/steamapps/common/Amnesia The Bunker/graphics/general/loadscreen/loadscreen_bg_previously_on.dds in 3 ms
  Loaded resource c:/Program Files (x86)/Steam/steamapps/common/Amnesia The Bunker/graphics/general/loadscreen/loadscreen_bg.dds in 3 ms
  Loaded resource c:/Program Files (x86)/Steam/steamapps/common/Amnesia The Bunker/graphics/general/loadscreen/saving/save_icon_layer0.dds in 0 ms
  Loaded resource c:/Program Files (x86)/Steam/steamapps/common/Amnesia The Bunker/graphics/general/loadscreen/saving/save_icon_layer1.dds in 0 ms
  Loaded resource c:/Program Files (x86)/Steam/steamapps/common/Amnesia The Bunker/graphics/general/loadscreen/loading/loading_stage0.dds in 0 ms
  Loaded resource c:/Program Files (x86)/Steam/steamapps/common/Amnesia The Bunker/graphics/general/loadscreen/loading/loading_stage1.dds in 0 ms
  Loaded resource c:/Program Files (x86)/Steam/steamapps/common/Amnesia The Bunker/graphics/general/loadscreen/loading/loading_stage2.dds in 0 ms
  Loaded resource c:/Program Files (x86)/Steam/steamapps/common/Amnesia The Bunker/graphics/general/loadscreen/loading/loading_stage3.dds in 1 ms
  Loaded resource c:/Program Files (x86)/Steam/steamapps/common/Amnesia The Bunker/graphics/general/loadscreen/loading/loading_stage4.dds in 0 ms
ERROR: Couldn't load music 'loadscreen_background'
  Loaded resource c:/Program Files (x86)/Steam/steamapps/common/Amnesia The Bunker/fonts/special_elite_72.fnt in 16 ms
--------------------------------------------------------

Game Running
--------------------------------------------------------
  Loaded resource c:/Program Files (x86)/Steam/steamapps/common/Amnesia The Bunker/script/custom/base/AchievementHandler.hps in 10 ms
  Loaded resource c:/Program Files (x86)/Steam/steamapps/common/Amnesia The Bunker/script/base/EventDatabaseHandler.hps in 26 ms
  Loaded resource c:/Program Files (x86)/Steam/steamapps/common/Amnesia The Bunker/script/base/GuiHandler.hps in 3 ms
  Loaded resource c:/Program Files (x86)/Steam/steamapps/common/Amnesia The Bunker/script/base/InputHandler.hps in 77 ms
  Loaded resource c:/Program Files (x86)/Steam/steamapps/common/Amnesia The Bunker/mods/BunkersEdge/script/custom/player/Player_Custom.hps in 142 ms
  Loaded resource c:/Program Files (x86)/Steam/steamapps/common/Amnesia The Bunker/mods/BunkersEdge/script/custom/player/PlayerState_Normal_Custom.hps in 67 ms
  Loaded resource c:/Program Files (x86)/Steam/steamapps/common/Amnesia The Bunker/script/player/PlayerState_Null.hps in 3 ms
  Loaded resource c:/Program Files (x86)/Steam/steamapps/common/Amnesia The Bunker/script/player/PlayerState_Dead.hps in 34 ms
  Loaded resource c:/Program Files (x86)/Steam/steamapps/common/Amnesia The Bunker/script/player/PlayerState_Interact_Grab.hps in 79 ms
  Loaded resource c:/Program Files (x86)/Steam/steamapps/common/Amnesia The Bunker/script/player/PlayerState_Interact_Push.hps in 41 ms
  Loaded resource c:/Program Files (x86)/Steam/steamapps/common/Amnesia The Bunker/script/player/PlayerState_Interact_Wheel.hps in 44 ms
  Loaded resource c:/Program Files (x86)/Steam/steamapps/common/Amnesia The Bunker/script/player/PlayerState_Interact_Slide.hps in 40 ms
  Loaded resource c:/Program Files (x86)/Steam/steamapps/common/Amnesia The Bunker/script/player/PlayerState_Interact_SwingDoor.hps in 45 ms
  Loaded resource c:/Program Files (x86)/Steam/steamapps/common/Amnesia The Bunker/script/player/PlayerState_Interact_Lever.hps in 45 ms
  Loaded resource c:/Program Files (x86)/Steam/steamapps/common/Amnesia The Bunker/script/player/PlayerState_Interact_Tear.hps in 55 ms
  Loaded resource c:/Program Files (x86)/Steam/steamapps/common/Amnesia The Bunker/script/player/PlayerState_Interact_Terminal.hps in 46 ms
  Loaded resource c:/Program Files (x86)/Steam/steamapps/common/Amnesia The Bunker/script/player/PlayerState_Interact_Read.hps in 79 ms
  Loaded resource c:/Program Files (x86)/Steam/steamapps/common/Amnesia The Bunker/script/player/PlayerState_Ladder.hps in 67 ms
  Loaded resource c:/Program Files (x86)/Steam/steamapps/common/Amnesia The Bunker/script/player/PlayerState_ClimbLedge.hps in 39 ms
  Loaded resource c:/Program Files (x86)/Steam/steamapps/common/Amnesia The Bunker/script/player/PlayerState_Interact_MovingButton.hps in 39 ms
  Loaded resource c:/Program Files (x86)/Steam/steamapps/common/Amnesia The Bunker/script/player/PlayerState_InteractiveCameraAnimation.hps in 45 ms
  Loaded resource c:/Program Files (x86)/Steam/steamapps/common/Amnesia The Bunker/script/player/PlayerState_Sit.hps in 30 ms
  Loaded resource c:/Program Files (x86)/Steam/steamapps/common/Amnesia The Bunker/mods/BunkersEdge/script/custom/player/PlayerState_Conversation_Custom.hps in 42 ms
  Loaded resource c:/Program Files (x86)/Steam/steamapps/common/Amnesia The Bunker/script/player/PlayerState_Interact_ZoomArea.hps in 76 ms
  Loaded resource c:/Program Files (x86)/Steam/steamapps/common/Amnesia The Bunker/script/player/PlayerState_CustomControls.hps in 28 ms
  Loaded resource c:/Program Files (x86)/Steam/steamapps/common/Amnesia The Bunker/script/player/PlayerState_CutsceneAnimation.hps in 42 ms
  Loaded resource c:/Program Files (x86)/Steam/steamapps/common/Amnesia The Bunker/script/player/PlayerState_InteractiveCutsceneAnimation.hps in 42 ms
  Loaded resource c:/Program Files (x86)/Steam/steamapps/common/Amnesia The Bunker/script/custom/player/PlayerState_Inventory.hps in 59 ms
  Loaded resource c:/Program Files (x86)/Steam/steamapps/common/Amnesia The Bunker/script/custom/player/PlayerState_ReadMemoryCylinder.hps in 68 ms
  Loaded resource c:/Program Files (x86)/Steam/steamapps/common/Amnesia The Bunker/mods/BunkersEdge/script/custom/player/PlayerState_Slide.hps in 47 ms
  Loaded resource c:/Program Files (x86)/Steam/steamapps/common/Amnesia The Bunker/script/custom/player/PlayerState_Thrown.hps in 80 ms
  Loaded resource c:/Program Files (x86)/Steam/steamapps/common/Amnesia The Bunker/script/custom/player/PlayerState_UsingGun_Aim.hps in 85 ms
  Loaded resource c:/Program Files (x86)/Steam/steamapps/common/Amnesia The Bunker/mods/BunkersEdge/script/custom/player/PlayerState_UsingGun_Reload.hps in 80 ms
  Loaded resource c:/Program Files (x86)/Steam/steamapps/common/Amnesia The Bunker/mods/BunkersEdge/script/custom/player/PlayerState_UsingLantern.hps in 79 ms
  Loaded resource c:/Program Files (x86)/Steam/steamapps/common/Amnesia The Bunker/script/custom/player/PlayerState_UsingPocketWatch.hps in 74 ms
  Loaded resource c:/Program Files (x86)/Steam/steamapps/common/Amnesia The Bunker/script/custom/player/PlayerState_UsingEmptyBottle.hps in 77 ms
  Loaded resource c:/Program Files (x86)/Steam/steamapps/common/Amnesia The Bunker/script/custom/player/PlayerState_UsingGrenade.hps in 76 ms
  Loaded resource c:/Program Files (x86)/Steam/steamapps/common/Amnesia The Bunker/script/custom/player/PlayerState_UsingGasGrenade.hps in 79 ms
  Loaded resource c:/Program Files (x86)/Steam/steamapps/common/Amnesia The Bunker/script/custom/player/PlayerState_UsingCutters.hps in 80 ms
  Loaded resource c:/Program Files (x86)/Steam/steamapps/common/Amnesia The Bunker/script/custom/player/PlayerState_UsingFlare.hps in 77 ms
  Loaded resource c:/Program Files (x86)/Steam/steamapps/common/Amnesia The Bunker/script/custom/player/PlayerState_UsingLighter.hps in 75 ms
  Loaded resource c:/Program Files (x86)/Steam/steamapps/common/Amnesia The Bunker/script/custom/player/PlayerState_UsingMolotovCocktail.hps in 79 ms
  Loaded resource c:/Program Files (x86)/Steam/steamapps/common/Amnesia The Bunker/script/custom/player/PlayerState_UsingTorch.hps in 77 ms
  Loaded resource c:/Program Files (x86)/Steam/steamapps/common/Amnesia The Bunker/script/custom/player/PlayerState_CheckHealth.hps in 68 ms
  Loaded resource c:/Program Files (x86)/Steam/steamapps/common/Amnesia The Bunker/script/custom/player/PlayerState_UsingMeat.hps in 75 ms
  Loaded resource c:/Program Files (x86)/Steam/steamapps/common/Amnesia The Bunker/script/custom/player/PlayerState_Interact_CombinationLock.hps in 78 ms
  Loaded resource c:/Program Files (x86)/Steam/steamapps/common/Amnesia The Bunker/script/custom/player/PlayerState_UsingWrench.hps in 81 ms
  Loaded resource c:/Program Files (x86)/Steam/steamapps/common/Amnesia The Bunker/script/player/PlayerState_Interact_ReadDogTag.hps in 77 ms
  Loaded resource c:/Program Files (x86)/Steam/steamapps/common/Amnesia The Bunker/script/custom/player/PlayerState_UsingPuzzleItem.hps in 84 ms
  Loaded resource c:/Program Files (x86)/Steam/steamapps/common/Amnesia The Bunker/script/custom/player/PlayerState_UsingKey.hps in 83 ms
  Loaded resource c:/Program Files (x86)/Steam/steamapps/common/Amnesia The Bunker/script/custom/player/PlayerState_UsingFuel.hps in 87 ms
  Loaded resource c:/Program Files (x86)/Steam/steamapps/common/Amnesia The Bunker/script/custom/player/PlayerState_UsingHealthItem.hps in 83 ms
  Loaded resource c:/Program Files (x86)/Steam/steamapps/common/Amnesia The Bunker/script/custom/player/PlayerState_LightingTorch.hps in 38 ms
  Loaded resource c:/Program Files (x86)/Steam/steamapps/common/Amnesia The Bunker/script/custom/player/PlayerState_UsingShotgun_Aim.hps in 84 ms
  Loaded resource c:/Program Files (x86)/Steam/steamapps/common/Amnesia The Bunker/script/custom/player/PlayerState_UsingShotgun_Reload.hps in 82 ms
  Loaded resource c:/Program Files (x86)/Steam/steamapps/common/Amnesia The Bunker/script/custom/player/PlayerState_UsingFuelBottle.hps in 76 ms
  Loaded resource c:/Program Files (x86)/Steam/steamapps/common/Amnesia The Bunker/script/custom/player/PlayerState_UsingEmptyMolotovCocktail.hps in 76 ms
  Loaded resource c:/Program Files (x86)/Steam/steamapps/common/Amnesia The Bunker/script/custom/player/PlayerState_UsingRabbitDoll.hps in 78 ms
  Loaded resource c:/Program Files (x86)/Steam/steamapps/common/Amnesia The Bunker/mods/BunkersEdge/script/custom/player/PlayerState_UsingVolleyGun_Aim.hps in 84 ms
  Loaded resource c:/Program Files (x86)/Steam/steamapps/common/Amnesia The Bunker/mods/BunkersEdge/script/custom/player/PlayerState_UsingVolleyGun_Reload.hps in 82 ms
  Loaded resource c:/Program Files (x86)/Steam/steamapps/common/Amnesia The Bunker/mods/BunkersEdge/script/custom/player/PlayerState_ParkourClimbLedge.hps in 27 ms
  Loaded resource c:/Program Files (x86)/Steam/steamapps/common/Amnesia The Bunker/mods/BunkersEdge/script/custom/player/PlayerState_ParkourPoleSwing.hps in 44 ms
  Loaded resource c:/Program Files (x86)/Steam/steamapps/common/Amnesia The Bunker/mods/BunkersEdge/script/custom/player/PlayerState_ParkourSpeedVault.hps in 42 ms
  Loaded resource c:/Program Files (x86)/Steam/steamapps/common/Amnesia The Bunker/mods/BunkersEdge/script/custom/player/PlayerState_ParkourPoleClimb.hps in 49 ms
  Loaded resource c:/Program Files (x86)/Steam/steamapps/common/Amnesia The Bunker/mods/BunkersEdge/script/custom/player/PlayerState_ParkourZipline.hps in 50 ms
  Loaded resource c:/Program Files (x86)/Steam/steamapps/common/Amnesia The Bunker/mods/BunkersEdge/script/custom/player/PlayerState_ParkourWallSlide.hps in 52 ms
  Loaded resource c:/Program Files (x86)/Steam/steamapps/common/Amnesia The Bunker/mods/BunkersEdge/script/custom/player/MoveState_Normal_Custom.hps in 92 ms
  Loaded resource c:/Program Files (x86)/Steam/steamapps/common/Amnesia The Bunker/script/player/MoveState_Climb.hps in 38 ms
  Loaded resource c:/Program Files (x86)/Steam/steamapps/common/Amnesia The Bunker/script/player/MoveState_Dead.hps in 28 ms
  Loaded resource c:/Program Files (x86)/Steam/steamapps/common/Amnesia The Bunker/script/custom/player/MoveState_Swim.hps in 66 ms
  Loaded resource c:/Program Files (x86)/Steam/steamapps/common/Amnesia The Bunker/script/custom/player/MoveState_Animated.hps in 39 ms
  Loaded resource c:/Program Files (x86)/Steam/steamapps/common/Amnesia The Bunker/mods/BunkersEdge/script/custom/player/MoveState_ParkourWallRun.hps in 34 ms
  Loaded resource c:/Program Files (x86)/Steam/steamapps/common/Amnesia The Bunker/mods/BunkersEdge/script/custom/player/MoveState_ParkourWallScramble.hps in 39 ms
  Loaded resource c:/Program Files (x86)/Steam/steamapps/common/Amnesia The Bunker/mods/BunkersEdge/script/custom/player/MoveState_ParkourBeamWalk.hps in 45 ms
  Loaded resource c:/Program Files (x86)/Steam/steamapps/common/Amnesia The Bunker/mods/BunkersEdge/maps/ending/ending.hps in 106 ms
  Loaded resource c:/Program Files (x86)/Steam/steamapps/common/Amnesia The Bunker/maps/global_init.hps in 0 ms
  Loaded resource c:/Program Files (x86)/Steam/steamapps/common/Amnesia The Bunker/script/modules/HintHandler.hps in 72 ms
  Loaded resource c:/Program Files (x86)/Steam/steamapps/common/Amnesia The Bunker/script/modules/DescriptionHandler.hps in 60 ms
  Loaded resource c:/Program Files (x86)/Steam/steamapps/common/Amnesia The Bunker/script/modules/TerrainParticleHandler.hps in 4 ms
  Loaded resource c:/Program Files (x86)/Steam/steamapps/common/Amnesia The Bunker/script/modules/LightFlashHandler.hps in 2 ms
  Loaded resource c:/Program Files (x86)/Steam/steamapps/common/Amnesia The Bunker/script/modules/MapEffectsHandler.hps in 22 ms
  Loaded resource c:/Program Files (x86)/Steam/steamapps/common/Amnesia The Bunker/script/modules/GameOverHandler.hps in 67 ms
  Loaded resource c:/Program Files (x86)/Steam/steamapps/common/Amnesia The Bunker/script/modules/HighlightEffectHandler.hps in 24 ms
  Loaded resource c:/Program Files (x86)/Steam/steamapps/common/Amnesia The Bunker/script/modules/PlayerHandsHandler.hps in 31 ms
  Loaded resource c:/Program Files (x86)/Steam/steamapps/common/Amnesia The Bunker/script/modules/CreditsHandler.hps in 74 ms
  Loaded resource c:/Program Files (x86)/Steam/steamapps/common/Amnesia The Bunker/mods/BunkersEdge/script/custom/modules/PlayerBodyHandler_Custom.hps in 121 ms
  Loaded resource c:/Program Files (x86)/Steam/steamapps/common/Amnesia The Bunker/script/modules/EyeTrackingHandler.hps in 2 ms
  Loaded resource c:/Program Files (x86)/Steam/steamapps/common/Amnesia The Bunker/script/modules/ModEventHandler.hps in 1 ms
  Loaded resource c:/Program Files (x86)/Steam/steamapps/common/Amnesia The Bunker/script/modules/LoadScreensHandler.hps in 5 ms
  Loaded resource c:/Program Files (x86)/Steam/steamapps/common/Amnesia The Bunker/script/modules/DebugDrawHandler.hps in 27 ms
  Loaded resource c:/Program Files (x86)/Steam/steamapps/common/Amnesia The Bunker/script/modules/VerletAnimationHandler.hps in 31 ms
  Loaded resource c:/Program Files (x86)/Steam/steamapps/common/Amnesia The Bunker/script/modules/MapTransferHandler.hps in 2 ms
  Loaded resource c:/Program Files (x86)/Steam/steamapps/common/Amnesia The Bunker/mods/BunkersEdge/script/custom/modules/MenuHandler.hps in 211 ms
  Loaded resource c:/Program Files (x86)/Steam/steamapps/common/Amnesia The Bunker/mods/BunkersEdge/script/custom/modules/ItemHandler.hps in 111 ms
  Loaded resource c:/Program Files (x86)/Steam/steamapps/common/Amnesia The Bunker/script/custom/modules/DeathHandler.hps in 68 ms
  Loaded resource c:/Program Files (x86)/Steam/steamapps/common/Amnesia The Bunker/script/custom/modules/SketchbookUIHandler.hps in 113 ms
  Loaded resource c:/Program Files (x86)/Steam/steamapps/common/Amnesia The Bunker/script/custom/modules/TerrorHandler.hps in 39 ms
  Loaded resource c:/Program Files (x86)/Steam/steamapps/common/Amnesia The Bunker/script/custom/modules/AgentBlackboard.hps in 89 ms
  Loaded resource c:/Program Files (x86)/Steam/steamapps/common/Amnesia The Bunker/script/custom/modules/PlayerEmotionHandler.hps in 65 ms
  Loaded resource c:/Program Files (x86)/Steam/steamapps/common/Amnesia The Bunker/mods/BunkersEdge/script/custom/modules/FontHandler.hps in 4 ms
  Loaded resource c:/Program Files (x86)/Steam/steamapps/common/Amnesia The Bunker/script/custom/modules/GeneratorModule.hps in 85 ms
  Loaded resource c:/Program Files (x86)/Steam/steamapps/common/Amnesia The Bunker/script/custom/modules/SaveRoomHandler.hps in 64 ms
  Loaded resource c:/Program Files (x86)/Steam/steamapps/common/Amnesia The Bunker/script/custom/modules/EnvironmentalDamageHandler.hps in 65 ms
  Loaded resource c:/Program Files (x86)/Steam/steamapps/common/Amnesia The Bunker/script/custom/modules/RatHandler.hps in 103 ms
  Loaded resource c:/Program Files (x86)/Steam/steamapps/common/Amnesia The Bunker/script/custom/modules/InGameMapHandler.hps in 64 ms
  Loaded resource c:/Program Files (x86)/Steam/steamapps/common/Amnesia The Bunker/script/custom/modules/RandomizerHandler.hps in 89 ms
  Loaded resource c:/Program Files (x86)/Steam/steamapps/common/Amnesia The Bunker/script/custom/modules/BulletHandler.hps in 73 ms
  Loaded resource c:/Program Files (x86)/Steam/steamapps/common/Amnesia The Bunker/script/custom/modules/BombingHandler.hps in 73 ms
  Loaded resource c:/Program Files (x86)/Steam/steamapps/common/Amnesia The Bunker/script/custom/modules/GameStatsHandler.hps in 66 ms
  Loaded resource c:/Program Files (x86)/Steam/steamapps/common/Amnesia The Bunker/script/custom/modules/GameDifficultyHandler.hps in 63 ms
  Loaded resource c:/Program Files (x86)/Steam/steamapps/common/Amnesia The Bunker/mods/BunkersEdge/script/custom/modules/ParkourHandler.hps in 71 ms
  Loaded resource c:/Program Files (x86)/Steam/steamapps/common/Amnesia The Bunker/mods/BunkersEdge/script/custom/modules/PorkHandler.hps in 2 ms
  Loaded resource c:/Program Files (x86)/Steam/steamapps/common/Amnesia The Bunker/script/effects/Effect_Shake.hps in 7 ms
  Loaded resource c:/Program Files (x86)/Steam/steamapps/common/Amnesia The Bunker/script/effects/Effect_DoF.hps in 2 ms
  Loaded resource c:/Program Files (x86)/Steam/steamapps/common/Amnesia The Bunker/script/effects/Effect_ToneMapping.hps in 1 ms
  Loaded resource c:/Program Files (x86)/Steam/steamapps/common/Amnesia The Bunker/script/effects/Effect_ImageTrail.hps in 64 ms
  Loaded resource c:/Program Files (x86)/Steam/steamapps/common/Amnesia The Bunker/script/effects/Effect_Flash.hps in 1 ms
  Loaded resource c:/Program Files (x86)/Steam/steamapps/common/Amnesia The Bunker/script/effects/Effect_Screen.hps in 2 ms
  Loaded resource c:/Program Files (x86)/Steam/steamapps/common/Amnesia The Bunker/script/effects/Effect_ChromaticAberration.hps in 29 ms
  Loaded resource c:/Program Files (x86)/Steam/steamapps/common/Amnesia The Bunker/script/effects/Effect_RadialBlur.hps in 2 ms
  Loaded resource c:/Program Files (x86)/Steam/steamapps/common/Amnesia The Bunker/script/effects/Effect_Sway.hps in 3 ms
  Loaded resource c:/Program Files (x86)/Steam/steamapps/common/Amnesia The Bunker/script/effects/Effect_ImageFadeFX.hps in 1 ms
  Loaded resource c:/Program Files (x86)/Steam/steamapps/common/Amnesia The Bunker/script/effects/Effect_Gamepad.hps in 6 ms
  Loaded resource c:/Program Files (x86)/Steam/steamapps/common/Amnesia The Bunker/script/effects/Effect_LensDistortion.hps in 2 ms
  Loaded resource c:/Program Files (x86)/Steam/steamapps/common/Amnesia The Bunker/script/effects/Effect_Insanity.hps in 1 ms
  Loaded resource c:/Program Files (x86)/Steam/steamapps/common/Amnesia The Bunker/script/effects/Effect_FOV_Shake.hps in 7 ms
  Loaded resource c:/Program Files (x86)/Steam/steamapps/common/Amnesia The Bunker/script/effects/Effect_Blur.hps in 2 ms
  Loaded resource c:/Program Files (x86)/Steam/steamapps/common/Amnesia The Bunker/script/effects/Effect_Roll_Shake.hps in 4 ms
  Loaded resource c:/Program Files (x86)/Steam/steamapps/common/Amnesia The Bunker/script/custom/effects/Effect_DollyZoom.hps in 83 ms
  Loaded resource c:/Program Files (x86)/Steam/steamapps/common/Amnesia The Bunker/fonts/work_72.fnt in 19 ms
Loading keybinds - file version:47
  Loaded resource c:/Program Files (x86)/Steam/steamapps/common/Amnesia The Bunker/script/base/RichPresenceHandler.hps in 1 ms
CreateRichPresence( alID=0, asName=main_menu )
CreateRichPresence( alID=1, asName=trenches )
CreateRichPresence( alID=2, asName=no_mans_land )
CreateRichPresence( alID=3, asName=officer_hub )
CreateRichPresence( alID=4, asName=maintenance )
CreateRichPresence( alID=5, asName=prison )
CreateRichPresence( alID=6, asName=soldier_quarters )
CreateRichPresence( alID=7, asName=tunnels )
CreateRichPresence( alID=8, asName=arsenal )
CreateRichPresence( alID=9, asName=arena )
RegisterRichPresences()
  Loaded resource c:/Program Files (x86)/Steam/steamapps/common/Amnesia The Bunker/script/base/HeroStatsHandler.hps in 60 ms
[WallSlide diag2] STATE Init: collision slide diagnostics loaded
[PorkHandler] Init completed.
[MenuHandler] LoadUserConfig mbFirstGameStart = false
  Loaded resource c:/Program Files (x86)/Steam/steamapps/common/Amnesia The Bunker/graphics/general/closed_captions/closed_caption_directional_arrow.tga in 0 ms
WARNING: Loaded resource 'closed_caption_directional_arrow.tga' while the map was running.
Loading keybinds - file version:47
[WallSlide diag2] STATE Init: collision slide diagnostics loaded
[PorkHandler] Init completed.
--- Started streaming map 'ending' ---
  Loaded resource c:/Program Files (x86)/Steam/steamapps/common/Amnesia The Bunker/entities/bunker/ornaments/sign_02/sign_02_hanging.ent in 0 ms
  Loaded resource c:/Program Files (x86)/Steam/steamapps/common/Amnesia The Bunker/mods/BunkersEdge/entities/tdd_enemies/servant_grunt/grunt_poseable.ent in 0 ms
  Loaded resource c:/Program Files (x86)/Steam/steamapps/common/Amnesia The Bunker/mods/BunkersEdge/entities/tdd_enemies/servant_grunt/grunt_rigid.ent in 1 ms
  Loaded resource c:/Program Files (x86)/Steam/steamapps/common/Amnesia The Bunker/mods/BunkersEdge/entities/station/ornaments_wall/clock_community_room/clock_community_room.ent in 1 ms
  Loaded resource c:/Program Files (x86)/Steam/steamapps/common/Amnesia The Bunker/entities/dream/apartment_furniture/apartment_chair/apartment_chair.ent in 0 ms
  Loaded resource c:/Program Files (x86)/Steam/steamapps/common/Amnesia The Bunker/mods/BunkersEdge/entities/signs/sign_dead_room/sign_dead_room.ent in 0 ms
  Loaded resource c:/Program Files (x86)/Steam/steamapps/common/Amnesia The Bunker/mods/BunkersEdge/entities/signs/sign_time_room/sign_time_room.ent in 0 ms
  Loaded resource c:/Program Files (x86)/Steam/steamapps/common/Amnesia The Bunker/mods/BunkersEdge/entities/signs/sign_sitting_room/sign_sitting_room.ent in 0 ms
  Loaded resource c:/Program Files (x86)/Steam/steamapps/common/Amnesia The Bunker/entities/bunker/organic/corpse_bits/corpse_clothes.ent in 1 ms
  Loaded resource c:/Program Files (x86)/Steam/steamapps/common/Amnesia The Bunker/entities/bunker/organic/corpse_bits/corpse_bones_thigh_burnt.ent in 0 ms
  Loaded resource c:/Program Files (x86)/Steam/steamapps/common/Amnesia The Bunker/entities/bunker/organic/corpse_sheet/corpse_sheet.ent in 0 ms
  Loaded resource c:/Program Files (x86)/Steam/steamapps/common/Amnesia The Bunker/mods/BunkersEdge/entities/station/furniture/bedsheet_old/bedsheet_old_corpse_long.ent in 1 ms
  Loaded resource c:/Program Files (x86)/Steam/steamapps/common/Amnesia The Bunker/mods/BunkersEdge/entities/station/organic/corpse_omicron/corpse_omicron_female_lying_down.ent in 0 ms
  Loaded resource c:/Program Files (x86)/Steam/steamapps/common/Amnesia The Bunker/entities/roman/ornament/statue_mercury/Statue_Mercury.ent in 1 ms
  Loaded resource c:/Program Files (x86)/Steam/steamapps/common/Amnesia The Bunker/entities/roman/ornament/statue_thermae/statue_thermae.ent in 1 ms
  Loaded resource c:/Program Files (x86)/Steam/steamapps/common/Amnesia The Bunker/entities/roman/ornament/statue_atlas/statue_atlas.ent in 0 ms
  Loaded resource c:/Program Files (x86)/Steam/steamapps/common/Amnesia The Bunker/entities/bunker/organic/corpse_bits/foreman_corpse.ent in 0 ms
  Loaded resource c:/Program Files (x86)/Steam/steamapps/common/Amnesia The Bunker/entities/bunker/organic/corpse_bits/andrew_corpse_06.ent in 0 ms
  Loaded resource c:/Program Files (x86)/Steam/steamapps/common/Amnesia The Bunker/entities/bunker/organic/corpse_soldier_01/corpse_soldier_01.ent in 0 ms
  Loaded resource c:/Program Files (x86)/Steam/steamapps/common/Amnesia The Bunker/entities/bunker/organic/corpse_soldier_03/corpse_soldier_03.ent in 0 ms
  Loaded resource c:/Program Files (x86)/Steam/steamapps/common/Amnesia The Bunker/entities/bunker/organic/corpse_bits/corpse_leg_01.ent in 1 ms
  Loaded resource c:/Program Files (x86)/Steam/steamapps/common/Amnesia The Bunker/entities/bunker/organic/corpse_bits/corpse_arm_02.ent in 1 ms
  Loaded resource c:/Program Files (x86)/Steam/steamapps/common/Amnesia The Bunker/mods/BunkersEdge/entities/signs/sign_debug_room/sign_debug_room.ent in 0 ms
  Loaded resource c:/Program Files (x86)/Steam/steamapps/common/Amnesia The Bunker/mods/BunkersEdge/entities/station/furniture/table_lab/table_lab_large.ent in 0 ms
  Loaded resource c:/Program Files (x86)/Steam/steamapps/common/Amnesia The Bunker/entities/bunker/gameplay/bandage/bandage_pickup.ent in 0 ms
  Loaded resource c:/Program Files (x86)/Steam/steamapps/common/Amnesia The Bunker/entities/bunker/gameplay/ammo_bullets/ammo_bullets.ent in 0 ms
  Loaded resource c:/Program Files (x86)/Steam/steamapps/common/Amnesia The Bunker/entities/bunker/gameplay/chain_cutters/chain_cutters_pickup.ent in 0 ms
  Loaded resource c:/Program Files (x86)/Steam/steamapps/common/Amnesia The Bunker/entities/bunker/gameplay/fuel_medium/fuel_medium_pickup.ent in 1 ms
  Loaded resource c:/Program Files (x86)/Steam/steamapps/common/Amnesia The Bunker/entities/bunker/gameplay/grenade/grenade_pickup.ent in 0 ms
  Loaded resource c:/Program Files (x86)/Steam/steamapps/common/Amnesia The Bunker/entities/tin_hinan/gameplay/button_small/button_small.ent in 1 ms
  Loaded resource c:/Program Files (x86)/Steam/steamapps/common/Amnesia The Bunker/mods/BunkersEdge/entities/station/terminals/computer_panel_terminal/computer_panel_medium_GUI.ent in 0 ms
  Loaded resource c:/Program Files (x86)/Steam/steamapps/common/Amnesia The Bunker/entities/bunker/gameplay/trench_shotgun/trench_shotgun_body/trench_shotgun_shotgunner_pickup.ent in 1 ms
  Loaded resource c:/Program Files (x86)/Steam/steamapps/common/Amnesia The Bunker/entities/french_colonization/furniture/french_dresser_small/french_dresser_small.ent in 0 ms
  Loaded resource c:/Program Files (x86)/Steam/steamapps/common/Amnesia The Bunker/entities/french_colonization/ornaments/french_pocket_watch/french_pocket_watch.ent in 0 ms
  Loaded resource c:/Program Files (x86)/Steam/steamapps/common/Amnesia The Bunker/mods/BunkersEdge/entities/station/leisure/music_instrument_drum/music_instrument_drum.ent in 0 ms
  Loaded resource c:/Program Files (x86)/Steam/steamapps/common/Amnesia The Bunker/mods/BunkersEdge/entities/station/leisure/music_instrument_string/music_instrument_string.ent in 1 ms
  Loaded resource c:/Program Files (x86)/Steam/steamapps/common/Amnesia The Bunker/entities/tribal/ornaments/stick_pilgrim/stick_pilgrim.ent in 0 ms
  Loaded resource c:/Program Files (x86)/Steam/steamapps/common/Amnesia The Bunker/entities/dream/apartment_props/apartment_paintings/apartment_painting_01.ent in 1 ms
  Loaded resource c:/Program Files (x86)/Steam/steamapps/common/Amnesia The Bunker/entities/bunker/furniture/painting_stand/painting_stand.ent in 0 ms
  Loaded resource c:/Program Files (x86)/Steam/steamapps/common/Amnesia The Bunker/entities/archaeology/tools/archaeology_brush_big/archaeology_brush_big.ent in 0 ms
  Loaded resource c:/Program Files (x86)/Steam/steamapps/common/Amnesia The Bunker/entities/french_colonization/prison/prison_furniture_stool/prison_furniture_stool.ent in 0 ms
  Loaded resource c:/Program Files (x86)/Steam/steamapps/common/Amnesia The Bunker/mods/BunkersEdge/entities/station/tools/bucket/bucket.ent in 1 ms
  Loaded resource c:/Program Files (x86)/Steam/steamapps/common/Amnesia The Bunker/entities/bunker/storage/shelf_wood/shelf_wood.ent in 0 ms
  Loaded resource c:/Program Files (x86)/Steam/steamapps/common/Amnesia The Bunker/entities/dream/apartment_props/apartment_books/apartment_book_group_06.ent in 1 ms
  Loaded resource c:/Program Files (x86)/Steam/steamapps/common/Amnesia The Bunker/entities/dream/apartment_props/apartment_books/apartment_book_group_09.ent in 1 ms
  Loaded resource c:/Program Files (x86)/Steam/steamapps/common/Amnesia The Bunker/entities/dream/apartment_props/apartment_books/apartment_book_group_04.ent in 0 ms
  Loaded resource c:/Program Files (x86)/Steam/steamapps/common/Amnesia The Bunker/entities/dream/apartment_props/apartment_books/apartment_book_group_07.ent in 0 ms
  Loaded resource c:/Program Files (x86)/Steam/steamapps/common/Amnesia The Bunker/entities/dream/apartment_props/apartment_books/apartment_book_group_03.ent in 0 ms
  Loaded resource c:/Program Files (x86)/Steam/steamapps/common/Amnesia The Bunker/entities/dream/apartment_props/apartment_books/apartment_book_group_01.ent in 0 ms
  Loaded resource c:/Program Files (x86)/Steam/steamapps/common/Amnesia The Bunker/entities/dream/apartment_props/apartment_books/apartment_book_group_02.ent in 1 ms
  Loaded resource c:/Program Files (x86)/Steam/steamapps/common/Amnesia The Bunker/entities/dream/apartment_props/apartment_books/apartment_book_group_10.ent in 0 ms
  Loaded resource c:/Program Files (x86)/Steam/steamapps/common/Amnesia The Bunker/mods/BunkersEdge/entities/station/ornaments/ross_book_jung/ross_book_jung.ent in 0 ms
  Loaded resource c:/Program Files (x86)/Steam/steamapps/common/Amnesia The Bunker/entities/dream/apartment_props/apartment_toys/toy_monkey_ragdol_grab.ent in 1 ms
  Loaded resource c:/Program Files (x86)/Steam/steamapps/common/Amnesia The Bunker/entities/bunker/gameplay/doll_rabbit/doll_rabbit.ent in 0 ms
  Loaded resource c:/Program Files (x86)/Steam/steamapps/common/Amnesia The Bunker/entities/bunker/storage/crate_simple_02/crate_simple_02.ent in 1 ms
  Loaded resource c:/Program Files (x86)/Steam/steamapps/common/Amnesia The Bunker/entities/french_colonization/furniture/arabic_stool/arabic_stool.ent in 0 ms
  Loaded resource c:/Program Files (x86)/Steam/steamapps/common/Amnesia The Bunker/entities/bunker/ornaments/playing_cards/playing_cards_deck.ent in 0 ms
  Loaded resource c:/Program Files (x86)/Steam/steamapps/common/Amnesia The Bunker/entities/bunker/ornaments/playing_cards/playing_cards_k.ent in 1 ms
  Loaded resource c:/Program Files (x86)/Steam/steamapps/common/Amnesia The Bunker/entities/bunker/ornaments/playing_cards/playing_cards_8.ent in 0 ms
  Loaded resource c:/Program Files (x86)/Steam/steamapps/common/Amnesia The Bunker/entities/bunker/ornaments/playing_cards/playing_cards_2.ent in 0 ms
  Loaded resource c:/Program Files (x86)/Steam/steamapps/common/Amnesia The Bunker/entities/bunker/ornaments/playing_cards/playing_cards_3.ent in 0 ms
  Loaded resource c:/Program Files (x86)/Steam/steamapps/common/Amnesia The Bunker/entities/french_colonization/ornaments/bottle_vodka/bottle_vodka.ent in 0 ms
  Loaded resource c:/Program Files (x86)/Steam/steamapps/common/Amnesia The Bunker/entities/bunker/gameplay/molotov_cocktail/full_bottle_thrown.ent in 0 ms
  Loaded resource c:/Program Files (x86)/Steam/steamapps/common/Amnesia The Bunker/entities/bunker/organic/cheese_wheel/cheese_wheel_half.ent in 0 ms
  Loaded resource c:/Program Files (x86)/Steam/steamapps/common/Amnesia The Bunker/entities/french_colonization/ornaments/arab_plate/arab_plate.ent in 0 ms
  Loaded resource c:/Program Files (x86)/Steam/steamapps/common/Amnesia The Bunker/entities/survivors/ornaments/plate_airplane/plate_airplane.ent in 0 ms
  Loaded resource c:/Program Files (x86)/Steam/steamapps/common/Amnesia The Bunker/mods/BunkersEdge/entities/station/storage/food_can_ration/food_can_ration_open_float.ent in 0 ms
  Loaded resource c:/Program Files (x86)/Steam/steamapps/common/Amnesia The Bunker/mods/BunkersEdge/entities/station/storage/food_can_ration/food_can_ration.ent in 0 ms
  Loaded resource c:/Program Files (x86)/Steam/steamapps/common/Amnesia The Bunker/entities/survivors/ornaments/gramophone_airplane/gramophone_airplane.ent in 0 ms
  Loaded resource c:/Program Files (x86)/Steam/steamapps/common/Amnesia The Bunker/entities/tribal/ornaments/record_vinyl/record_vinyl_02.ent in 1 ms
  Loaded resource c:/Program Files (x86)/Steam/steamapps/common/Amnesia The Bunker/mods/BunkersEdge/entities/station/doors/slidedoor_medium_vertical/slidedoor_medium_vertical.ent in 0 ms
  Loaded resource c:/Program Files (x86)/Steam/steamapps/common/Amnesia The Bunker/mods/BunkersEdge/entities/station/special/03_02_robotrepair_terminal/03_02_robotrepair_terminal.ent in 0 ms
  Loaded resource c:/Program Files (x86)/Steam/steamapps/common/Amnesia The Bunker/entities/arabic_fort/lamp/arab_lamp_oil_hanging_01/arab_lamp_oil_hanging_01.ent in 0 ms
  Loaded resource c:/Program Files (x86)/Steam/steamapps/common/Amnesia The Bunker/entities/roman/ornament/roman_statue_aristocrat/roman_statue_aristocrat.ent in 0 ms
  Loaded resource c:/Program Files (x86)/Steam/steamapps/common/Amnesia The Bunker/entities/dream/apartment_props/apartment_paintings/apartment_painting_01_detached.ent in 1 ms
  Loaded resource c:/Program Files (x86)/Steam/steamapps/common/Amnesia The Bunker/entities/french_colonization/prison/prison_furniture_stool/prison_furniture_stool_broken.ent in 0 ms
  Loaded resource c:/Program Files (x86)/Steam/steamapps/common/Amnesia The Bunker/entities/bunker/storage/shelf_wood/shelf_wood_broken.ent in 1 ms
  Loaded resource c:/Program Files (x86)/Steam/steamapps/common/Amnesia The Bunker/entities/bunker/storage/crate_simple_02/crate_simple_02_broken.ent in 0 ms
  Loaded resource c:/Program Files (x86)/Steam/steamapps/common/Amnesia The Bunker/entities/bunker/gameplay/molotov_cocktail/full_bottle_broken.ent in 0 ms
  Loaded resource c:/Program Files (x86)/Steam/steamapps/common/Amnesia The Bunker/entities/dynamic_decals/blood_trail/blood_trail.ent in 0 ms
  Loaded resource c:/Program Files (x86)/Steam/steamapps/common/Amnesia The Bunker/entities/bunker/gameplay/medkit/medkit_cutscene.ent in 0 ms
  Loaded resource c:/Program Files (x86)/Steam/steamapps/common/Amnesia The Bunker/entities/bunker/gameplay/bandage/bandage_cutscene.ent in 0 ms
  Loaded resource c:/Program Files (x86)/Steam/steamapps/common/Amnesia The Bunker/entities/bunker/gameplay/gas_mask_m2/gas_mask_cutscene.ent in 0 ms
  Loaded resource c:/Program Files (x86)/Steam/steamapps/common/Amnesia The Bunker/entities/character/player/player_bunker.ent in 4 ms
  Loaded resource c:/Program Files (x86)/Steam/steamapps/common/Amnesia The Bunker/entities/bunker/gameplay/fuel_medium/fuel_medium_hand.ent in 0 ms
  Loaded resource c:/Program Files (x86)/Steam/steamapps/common/Amnesia The Bunker/entities/bunker/gameplay/molotov_cocktail/molotov_cocktail_empty_hand.ent in 1 ms
  Loaded resource c:/Program Files (x86)/Steam/steamapps/common/Amnesia The Bunker/entities/bunker/gameplay/molotov_cocktail/molotov_cocktail_empty_pickup.ent in 0 ms
  Loaded resource c:/Program Files (x86)/Steam/steamapps/common/Amnesia The Bunker/entities/bunker/gameplay/molotov_cocktail/empty_bottle_hand.ent in 1 ms
  Loaded resource c:/Program Files (x86)/Steam/steamapps/common/Amnesia The Bunker/entities/bunker/gameplay/molotov_cocktail/empty_bottle_pickup.ent in 0 ms
  Loaded resource c:/Program Files (x86)/Steam/steamapps/common/Amnesia The Bunker/entities/bunker/gameplay/rag/rag_pickup.ent in 0 ms
  Loaded resource c:/Program Files (x86)/Steam/steamapps/common/Amnesia The Bunker/entities/bunker/gameplay/molotov_cocktail/full_bottle_hand.ent in 0 ms
  Loaded resource c:/Program Files (x86)/Steam/steamapps/common/Amnesia The Bunker/entities/bunker/gameplay/molotov_cocktail/full_bottle_pickup.ent in 0 ms
  Loaded resource c:/Program Files (x86)/Steam/steamapps/common/Amnesia The Bunker/entities/bunker/gameplay/molotov_cocktail/molotov_cocktail_hand.ent in 1 ms
  Loaded resource c:/Program Files (x86)/Steam/steamapps/common/Amnesia The Bunker/entities/bunker/gameplay/molotov_cocktail/molotov_cocktail_pickup.ent in 0 ms
  Loaded resource c:/Program Files (x86)/Steam/steamapps/common/Amnesia The Bunker/entities/bunker/gameplay/revolver/revolver_hand.ent in 0 ms
  Loaded resource c:/Program Files (x86)/Steam/steamapps/common/Amnesia The Bunker/mods/BunkersEdge/entities/bunker/gameplay/revolver/volley_revolver_hand.ent in 1 ms
  Loaded resource c:/Program Files (x86)/Steam/steamapps/common/Amnesia The Bunker/entities/bunker/gameplay/trench_shotgun/trench_shotgun_body/trench_shotgun_hand.ent in 1 ms
  Loaded resource c:/Program Files (x86)/Steam/steamapps/common/Amnesia The Bunker/entities/bunker/gameplay/ammo_shotgun/ammo_shotgun_box.ent in 0 ms
  Loaded resource c:/Program Files (x86)/Steam/steamapps/common/Amnesia The Bunker/entities/bunker/gameplay/magnetlampe/magnetlampe_hand.ent in 0 ms
  Loaded resource c:/Program Files (x86)/Steam/steamapps/common/Amnesia The Bunker/entities/bunker/gameplay/torch_stick/torch_stick_pickup.ent in 0 ms
  Loaded resource c:/Program Files (x86)/Steam/steamapps/common/Amnesia The Bunker/entities/bunker/gameplay/torch_stick/torch_lit_hand.ent in 1 ms
  Loaded resource c:/Program Files (x86)/Steam/steamapps/common/Amnesia The Bunker/entities/bunker/gameplay/torch_stick/torch_pickup.ent in 0 ms
  Loaded resource c:/Program Files (x86)/Steam/steamapps/common/Amnesia The Bunker/entities/bunker/gameplay/stopwatch/stopwatch_hand.ent in 0 ms
  Loaded resource c:/Program Files (x86)/Steam/steamapps/common/Amnesia The Bunker/entities/bunker/gameplay/grenade/grenade_hand.ent in 0 ms
  Loaded resource c:/Program Files (x86)/Steam/steamapps/common/Amnesia The Bunker/entities/bunker/gameplay/gas_grenade/gas_grenade_hand.ent in 1 ms
  Loaded resource c:/Program Files (x86)/Steam/steamapps/common/Amnesia The Bunker/entities/bunker/gameplay/gas_grenade/gas_grenade_pickup.ent in 0 ms
  Loaded resource c:/Program Files (x86)/Steam/steamapps/common/Amnesia The Bunker/entities/bunker/gameplay/chain_cutters/chain_cutters_hand.ent in 0 ms
  Loaded resource c:/Program Files (x86)/Steam/steamapps/common/Amnesia The Bunker/entities/bunker/gameplay/wrench/wrench_hand.ent in 1 ms
  Loaded resource c:/Program Files (x86)/Steam/steamapps/common/Amnesia The Bunker/entities/bunker/gameplay/wrench/wrench.ent in 0 ms
  Loaded resource c:/Program Files (x86)/Steam/steamapps/common/Amnesia The Bunker/entities/bunker/gameplay/gas_mask_m2/gas_mask_pickup.ent in 0 ms
  Loaded resource c:/Program Files (x86)/Steam/steamapps/common/Amnesia The Bunker/entities/bunker/gameplay/flare/flare_hand.ent in 0 ms
  Loaded resource c:/Program Files (x86)/Steam/steamapps/common/Amnesia The Bunker/entities/bunker/gameplay/flare/flare_pickup.ent in 0 ms
  Loaded resource c:/Program Files (x86)/Steam/steamapps/common/Amnesia The Bunker/entities/bunker/gameplay/lighter/lighter_hand_new.ent in 0 ms
  Loaded resource c:/Program Files (x86)/Steam/steamapps/common/Amnesia The Bunker/entities/bunker/gameplay/medkit/medkit_pickup.ent in 0 ms
  Loaded resource c:/Program Files (x86)/Steam/steamapps/common/Amnesia The Bunker/entities/bunker/gameplay/dynamite_stick/dynamite_stick_pickup.ent in 0 ms
  Loaded resource c:/Program Files (x86)/Steam/steamapps/common/Amnesia The Bunker/entities/bunker/gameplay/dynamite_bundle/dynamite_bundle_hand.ent in 0 ms
  Loaded resource c:/Program Files (x86)/Steam/steamapps/common/Amnesia The Bunker/entities/bunker/gameplay/meat_chunks/meat_chunk_01_inventory.ent in 0 ms
  Loaded resource c:/Program Files (x86)/Steam/steamapps/common/Amnesia The Bunker/entities/bunker/gameplay/meat_chunks/meat_chunk_01_thrown.ent in 1 ms
  Loaded resource c:/Program Files (x86)/Steam/steamapps/common/Amnesia The Bunker/entities/bunker/gameplay/lockdown_wheel/lockdown_wheel_hand.ent in 0 ms
  Loaded resource c:/Program Files (x86)/Steam/steamapps/common/Amnesia The Bunker/entities/bunker/gameplay/detonator/detonator_handle_hand.ent in 1 ms
  Loaded resource c:/Program Files (x86)/Steam/steamapps/common/Amnesia The Bunker/entities/bunker/gameplay/doll_rabbit/doll_rabbit_hand.ent in 1 ms
  Loaded resource c:/Program Files (x86)/Steam/steamapps/common/Amnesia The Bunker/entities/bunker/gameplay/doll_rabbit/doll_rabbit_pickup.ent in 0 ms
  Loaded resource c:/Program Files (x86)/Steam/steamapps/common/Amnesia The Bunker/entities/bunker/gameplay/metal_door_lock/metal_door_key_communications_hand.ent in 0 ms
  Loaded resource c:/Program Files (x86)/Steam/steamapps/common/Amnesia The Bunker/entities/bunker/gameplay/metal_door_lock/metal_door_key_pillbox_hand.ent in 1 ms
  Loaded resource c:/Program Files (x86)/Steam/steamapps/common/Amnesia The Bunker/entities/bunker/gameplay/fuse/fuse_hand.ent in 0 ms
  Loaded resource c:/Program Files (x86)/Steam/steamapps/common/Amnesia The Bunker/entities/bunker/gameplay/fuse/fuse_pickup.ent in 1 ms
  Loaded resource c:/Program Files (x86)/Steam/steamapps/common/Amnesia The Bunker/entities/bunker/gameplay/path_area_blocker/path_area_blocker.ent in 0 ms
  Loaded resource c:/Program Files (x86)/Steam/steamapps/common/Amnesia The Bunker/entities/bunker/gameplay/dogtag/dogtag_auclair_3397_withstring.ent in 0 ms
  Loaded resource c:/Program Files (x86)/Steam/steamapps/common/Amnesia The Bunker/entities/bunker/gameplay/dogtag/dogtag_bardin_1889_withstring.ent in 0 ms
  Loaded resource c:/Program Files (x86)/Steam/steamapps/common/Amnesia The Bunker/entities/bunker/gameplay/dogtag/dogtag_boucher_1923_withstring.ent in 0 ms
  Loaded resource c:/Program Files (x86)/Steam/steamapps/common/Amnesia The Bunker/entities/bunker/gameplay/dogtag/dogtag_fortin_7750_withstring.ent in 1 ms
  Loaded resource c:/Program Files (x86)/Steam/steamapps/common/Amnesia The Bunker/entities/bunker/gameplay/dogtag/dogtag_travers_8583_withstring.ent in 0 ms
  Loaded resource c:/Program Files (x86)/Steam/steamapps/common/Amnesia The Bunker/entities/bunker/gameplay/dogtag/dogtag_laval_0269_withstring.ent in 0 ms
  Loaded resource c:/Program Files (x86)/Steam/steamapps/common/Amnesia The Bunker/entities/bunker/gameplay/dogtag/dogtag_giraud_1734_withstring.ent in 1 ms
  Loaded resource c:/Program Files (x86)/Steam/steamapps/common/Amnesia The Bunker/entities/bunker/gameplay/dogtag/dogtag_alphonse_withstring.ent in 1 ms
  Loaded resource c:/Program Files (x86)/Steam/steamapps/common/Amnesia The Bunker/entities/bunker/gameplay/dogtag/dogtag_brillant_withstring.ent in 0 ms
  Loaded resource c:/Program Files (x86)/Steam/steamapps/common/Amnesia The Bunker/entities/bunker/gameplay/dogtag/dogtag_choppin_withstring.ent in 0 ms
  Loaded resource c:/Program Files (x86)/Steam/steamapps/common/Amnesia The Bunker/entities/bunker/gameplay/dogtag/dogtag_courcy_withstring.ent in 1 ms
  Loaded resource c:/Program Files (x86)/Steam/steamapps/common/Amnesia The Bunker/entities/bunker/gameplay/dogtag/dogtag_dehay_withstring.ent in 0 ms
  Loaded resource c:/Program Files (x86)/Steam/steamapps/common/Amnesia The Bunker/entities/bunker/gameplay/dogtag/dogtag_dosier_withstring.ent in 1 ms
  Loaded resource c:/Program Files (x86)/Steam/steamapps/common/Amnesia The Bunker/entities/bunker/gameplay/dogtag/dogtag_granat_withstring.ent in 0 ms
  Loaded resource c:/Program Files (x86)/Steam/steamapps/common/Amnesia The Bunker/entities/bunker/gameplay/dogtag/dogtag_lebert_withstring.ent in 1 ms
  Loaded resource c:/Program Files (x86)/Steam/steamapps/common/Amnesia The Bunker/entities/bunker/gameplay/bullet_holes/bullet_hole.ent in 0 ms
  Loaded resource c:/Program Files (x86)/Steam/steamapps/common/Amnesia The Bunker/mods/BunkersEdge/lang/eng/voices/ending/lipsync/general_seeinggrunt_001_player_001.anno in 1 ms
  Loaded resource c:/Program Files (x86)/Steam/steamapps/common/Amnesia The Bunker/mods/BunkersEdge/lang/eng/voices/ending/lipsync/general_seeinggrunt_002_grunt_001.anno in 1 ms
  Loaded resource c:/Program Files (x86)/Steam/steamapps/common/Amnesia The Bunker/mods/BunkersEdge/lang/eng/voices/ending/lipsync/general_question_1_001_player_001.anno in 0 ms
  Loaded resource c:/Program Files (x86)/Steam/steamapps/common/Amnesia The Bunker/mods/BunkersEdge/lang/eng/voices/ending/lipsync/general_question_1_002_grunt_001.anno in 0 ms
  Loaded resource c:/Program Files (x86)/Steam/steamapps/common/Amnesia The Bunker/mods/BunkersEdge/lang/eng/voices/ending/lipsync/general_question_2_001_player_001.anno in 0 ms
  Loaded resource c:/Program Files (x86)/Steam/steamapps/common/Amnesia The Bunker/mods/BunkersEdge/lang/eng/voices/ending/lipsync/general_question_2_002_grunt_001.anno in 0 ms
  Loaded resource c:/Program Files (x86)/Steam/steamapps/common/Amnesia The Bunker/mods/BunkersEdge/lang/eng/voices/ending/lipsync/general_question_3_001_player_001.anno in 0 ms
  Loaded resource c:/Program Files (x86)/Steam/steamapps/common/Amnesia The Bunker/mods/BunkersEdge/lang/eng/voices/ending/lipsync/general_question_3_002_player_001.anno in 1 ms
  Loaded resource c:/Program Files (x86)/Steam/steamapps/common/Amnesia The Bunker/mods/BunkersEdge/lang/eng/voices/ending/lipsync/general_question_4_001_player_001.anno in 0 ms
  Loaded resource c:/Program Files (x86)/Steam/steamapps/common/Amnesia The Bunker/mods/BunkersEdge/lang/eng/voices/ending/lipsync/general_question_4_002_grunt_001.anno in 1 ms
  Loaded resource c:/Program Files (x86)/Steam/steamapps/common/Amnesia The Bunker/mods/BunkersEdge/lang/eng/voices/ending/lipsync/general_question_5_001_player_001.anno in 1 ms
  Loaded resource c:/Program Files (x86)/Steam/steamapps/common/Amnesia The Bunker/mods/BunkersEdge/lang/eng/voices/ending/lipsync/general_question_5_002_grunt_001.anno in 1 ms
  Loaded resource c:/Program Files (x86)/Steam/steamapps/common/Amnesia The Bunker/mods/BunkersEdge/lang/eng/voices/ending/lipsync/general_question_6_001_player_001.anno in 0 ms
  Loaded resource c:/Program Files (x86)/Steam/steamapps/common/Amnesia The Bunker/mods/BunkersEdge/lang/eng/voices/ending/lipsync/general_question_6_002_grunt_001.anno in 0 ms
  Loaded resource c:/Program Files (x86)/Steam/steamapps/common/Amnesia The Bunker/mods/BunkersEdge/lang/eng/voices/ending/lipsync/general_question_7_001_player_001.anno in 0 ms
  Loaded resource c:/Program Files (x86)/Steam/steamapps/common/Amnesia The Bunker/mods/BunkersEdge/lang/eng/voices/ending/lipsync/general_question_7_002_grunt_001.anno in 1 ms
  Loaded resource c:/Program Files (x86)/Steam/steamapps/common/Amnesia The Bunker/mods/BunkersEdge/lang/eng/voices/ending/lipsync/general_question_7_003_player_001.anno in 0 ms
  Loaded resource c:/Program Files (x86)/Steam/steamapps/common/Amnesia The Bunker/mods/BunkersEdge/lang/eng/voices/ending/lipsync/general_question_8_001_player_001.anno in 0 ms
  Loaded resource c:/Program Files (x86)/Steam/steamapps/common/Amnesia The Bunker/mods/BunkersEdge/lang/eng/voices/ending/lipsync/general_question_8_002_grunt_001.anno in 1 ms
  Loaded resource c:/Program Files (x86)/Steam/steamapps/common/Amnesia The Bunker/mods/BunkersEdge/lang/eng/voices/ending/lipsync/general_question_9_001_player_001.anno in 0 ms
  Loaded resource c:/Program Files (x86)/Steam/steamapps/common/Amnesia The Bunker/mods/BunkersEdge/lang/eng/voices/ending/lipsync/general_question_9_002_grunt_001.anno in 0 ms
  Loaded resource c:/Program Files (x86)/Steam/steamapps/common/Amnesia The Bunker/mods/BunkersEdge/lang/eng/voices/ending/lipsync/general_question_10_001_player_001.anno in 1 ms
  Loaded resource c:/Program Files (x86)/Steam/steamapps/common/Amnesia The Bunker/mods/BunkersEdge/lang/eng/voices/ending/lipsync/general_question_10_002_grunt_001.anno in 0 ms
  Loaded resource c:/Program Files (x86)/Steam/steamapps/common/Amnesia The Bunker/mods/BunkersEdge/lang/eng/voices/ending/lipsync/general_question_11_001_player_001.anno in 0 ms
  Loaded resource c:/Program Files (x86)/Steam/steamapps/common/Amnesia The Bunker/mods/BunkersEdge/lang/eng/voices/ending/lipsync/general_question_11_002_grunt_001.anno in 0 ms
  Loaded resource c:/Program Files (x86)/Steam/steamapps/common/Amnesia The Bunker/mods/BunkersEdge/lang/eng/voices/ending/lipsync/general_sitonyou_001_grunt_001.anno in 1 ms
  Loaded resource c:/Program Files (x86)/Steam/steamapps/common/Amnesia The Bunker/mods/BunkersEdge/lang/eng/voices/ending/lipsync/general_sitonyou_002_player_001.anno in 1 ms
  Loaded resource c:/Program Files (x86)/Steam/steamapps/common/Amnesia The Bunker/mods/BunkersEdge/lang/eng/voices/ending/lipsync/general_sitonyou_003_grunt_001.anno in 0 ms
  Loaded resource c:/Program Files (x86)/Steam/steamapps/common/Amnesia The Bunker/mods/BunkersEdge/lang/eng/voices/ending/lipsync/general_sitonyou_004_player_001.anno in 1 ms
  Loaded resource c:/Program Files (x86)/Steam/steamapps/common/Amnesia The Bunker/lights/general/player_flashlight.dds in 0 ms
  Loaded resource c:/Program Files (x86)/Steam/steamapps/common/Amnesia The Bunker/entities/bunker/gameplay/magnetlampe/player_flashlight_magnet.dds in 0 ms
  Loaded resource c:/Program Files (x86)/Steam/steamapps/common/Amnesia The Bunker/billboards/halo/lampglow_generic_square.dds in 0 ms
  Loaded resource c:/Program Files (x86)/Steam/steamapps/common/Amnesia The Bunker/billboards/halo/lampglow_generic.dds in 0 ms
  Loaded resource c:/Program Files (x86)/Steam/steamapps/common/Amnesia The Bunker/mods/BunkersEdge/static_objects/tdd/mansionbase/mansionbase.dds in 0 ms
  Loaded resource c:/Program Files (x86)/Steam/steamapps/common/Amnesia The Bunker/mods/BunkersEdge/static_objects/tdd/mansionbase/mansionbase_spec.dds in 1 ms
  Loaded resource c:/Program Files (x86)/Steam/steamapps/common/Amnesia The Bunker/mods/BunkersEdge/static_objects/tdd/mansionbase/mansionbase02.dds in 0 ms
  Loaded resource c:/Program Files (x86)/Steam/steamapps/common/Amnesia The Bunker/mods/BunkersEdge/static_objects/tdd/mansionbase/mansionbase02_nrm.dds in 0 ms
  Loaded resource c:/Program Files (x86)/Steam/steamapps/common/Amnesia The Bunker/mods/BunkersEdge/static_objects/tdd/mansionbase/mansionbase02_spec.dds in 0 ms
  Loaded resource c:/Program Files (x86)/Steam/steamapps/common/Amnesia The Bunker/mods/BunkersEdge/static_objects/tdd/mansionbase/mansionbase_window_blue.dds in 0 ms
  Loaded resource c:/Program Files (x86)/Steam/steamapps/common/Amnesia The Bunker/mods/BunkersEdge/static_objects/tdd/mansionbase/mansionbase_window_blue_illum.dds in 0 ms
  Loaded resource c:/Program Files (x86)/Steam/steamapps/common/Amnesia The Bunker/mods/BunkersEdge/static_objects/tdd/mansionbase/mansionbase_window_frame.dds in 0 ms
  Loaded resource c:/Program Files (x86)/Steam/steamapps/common/Amnesia The Bunker/mods/BunkersEdge/static_objects/tdd/mansionbase/mansionbase_window_frame_nrm.dds in 0 ms
  Loaded resource c:/Program Files (x86)/Steam/steamapps/common/Amnesia The Bunker/mods/BunkersEdge/static_objects/tdd/mansionbase/mansionbase_window_frame_spec.dds in 0 ms
  Loaded resource c:/Program Files (x86)/Steam/steamapps/common/Amnesia The Bunker/mods/BunkersEdge/static_objects/tdd/mansionbase/mansionbase_ceiling_wood.dds in 0 ms
  Loaded resource c:/Program Files (x86)/Steam/steamapps/common/Amnesia The Bunker/mods/BunkersEdge/static_objects/tdd/mansionbase/mansionbase_ceiling_wood_nrm.dds in 0 ms
  Loaded resource c:/Program Files (x86)/Steam/steamapps/common/Amnesia The Bunker/mods/BunkersEdge/static_objects/tdd/mansionbase/mansionbase_ceiling_wood_spec.dds in 0 ms
  Loaded resource c:/Program Files (x86)/Steam/steamapps/common/Amnesia The Bunker/mods/BunkersEdge/static_objects/tdd/mansionbase/mansionbase_ceiling_wood_height.tga in 1 ms
  Loaded resource c:/Program Files (x86)/Steam/steamapps/common/Amnesia The Bunker/mods/BunkersEdge/static_objects/tdd/mansionbase/mansionbase_floor.dds in 0 ms
  Loaded resource c:/Program Files (x86)/Steam/steamapps/common/Amnesia The Bunker/mods/BunkersEdge/static_objects/tdd/mansionbase/mansionbase_floor_nrm.dds in 0 ms
  Loaded resource c:/Program Files (x86)/Steam/steamapps/common/Amnesia The Bunker/mods/BunkersEdge/static_objects/tdd/mansionbase/mansionbase_floor_spec.dds in 0 ms
  Loaded resource c:/Program Files (x86)/Steam/steamapps/common/Amnesia The Bunker/mods/BunkersEdge/static_objects/tdd/mansionbase/mansionbase_floor_boards.dds in 0 ms
  Loaded resource c:/Program Files (x86)/Steam/steamapps/common/Amnesia The Bunker/mods/BunkersEdge/static_objects/tdd/mansionbase/mansionbase_floor_boards_nrm.dds in 0 ms
  Loaded resource c:/Program Files (x86)/Steam/steamapps/common/Amnesia The Bunker/mods/BunkersEdge/static_objects/tdd/mansionbase/mansionbase_floor_boards_spec.dds in 0 ms
  Loaded resource c:/Program Files (x86)/Steam/steamapps/common/Amnesia The Bunker/static_objects/technical/block_out_tools/block_temp.dds in 0 ms
  Loaded resource c:/Program Files (x86)/Steam/steamapps/common/Amnesia The Bunker/textures/decals/organic/blood/blood_splatter_light_diffuse.dds in 0 ms
  Loaded resource c:/Program Files (x86)/Steam/steamapps/common/Amnesia The Bunker/textures/decals/organic/blood/blood_splatter_nrm.dds in 0 ms
  Loaded resource c:/Program Files (x86)/Steam/steamapps/common/Amnesia The Bunker/textures/decals/organic/blood/blood_splatter_light_spec.dds in 0 ms
  Loaded resource c:/Program Files (x86)/Steam/steamapps/common/Amnesia The Bunker/entities/survivors/ornaments/gramophone_airplane/gramophone_airplane.dds in 0 ms
  Loaded resource c:/Program Files (x86)/Steam/steamapps/common/Amnesia The Bunker/entities/survivors/ornaments/gramophone_airplane/gramophone_airplane_nrm.dds in 0 ms
  Loaded resource c:/Program Files (x86)/Steam/steamapps/common/Amnesia The Bunker/entities/survivors/ornaments/gramophone_airplane/gramophone_airplane_spec.dds in 0 ms
  Loaded resource c:/Program Files (x86)/Steam/steamapps/common/Amnesia The Bunker/entities/bunker/gameplay/ammo_bullets/ammo_bullets.dds in 0 ms
  Loaded resource c:/Program Files (x86)/Steam/steamapps/common/Amnesia The Bunker/entities/bunker/gameplay/ammo_bullets/ammo_bullets_nrm.dds in 1 ms
  Loaded resource c:/Program Files (x86)/Steam/steamapps/common/Amnesia The Bunker/entities/bunker/gameplay/ammo_bullets/ammo_bullets_spec.dds in 0 ms
  Loaded resource c:/Program Files (x86)/Steam/steamapps/common/Amnesia The Bunker/entities/french_colonization/furniture/arabic_stool/arabic_stool.dds in 0 ms
  Loaded resource c:/Program Files (x86)/Steam/steamapps/common/Amnesia The Bunker/entities/french_colonization/furniture/arabic_stool/arabic_stool_nrm.dds in 0 ms
  Loaded resource c:/Program Files (x86)/Steam/steamapps/common/Amnesia The Bunker/entities/french_colonization/furniture/arabic_stool/arabic_stool_spec.dds in 0 ms
  Loaded resource c:/Program Files (x86)/Steam/steamapps/common/Amnesia The Bunker/textures/liquid/water/waterplane_wild.dds in 0 ms
  Loaded resource c:/Program Files (x86)/Steam/steamapps/common/Amnesia The Bunker/textures/liquid/water/waterplane_still_nrm.dds in 0 ms
  Loaded resource c:/Program Files (x86)/Steam/steamapps/common/Amnesia The Bunker/textures/liquid/water/waterplane_large_nrm.dds in 0 ms
  Loaded resource c:/Program Files (x86)/Steam/steamapps/common/Amnesia The Bunker/textures/environment/skybox_midday_desert_scene.dds in 0 ms
  Loaded resource c:/Program Files (x86)/Steam/steamapps/common/Amnesia The Bunker/entities/french_colonization/ornaments/bottle_vodka/bottle_vodka.dds in 0 ms
  Loaded resource c:/Program Files (x86)/Steam/steamapps/common/Amnesia The Bunker/entities/french_colonization/ornaments/bottle_vodka/bottle_vodka_nrm.dds in 0 ms
  Loaded resource c:/Program Files (x86)/Steam/steamapps/common/Amnesia The Bunker/entities/french_colonization/ornaments/bottle_vodka/bottle_vodka_spec.dds in 0 ms
  Loaded resource c:/Program Files (x86)/Steam/steamapps/common/Amnesia The Bunker/entities/roman/ornament/statue_atlas/statue_atlas.dds in 0 ms
  Loaded resource c:/Program Files (x86)/Steam/steamapps/common/Amnesia The Bunker/entities/roman/ornament/statue_atlas/statue_atlas_nrm.dds in 0 ms
  Loaded resource c:/Program Files (x86)/Steam/steamapps/common/Amnesia The Bunker/entities/roman/ornament/statue_atlas/statue_atlas_spec.dds in 0 ms
  Loaded resource c:/Program Files (x86)/Steam/steamapps/common/Amnesia The Bunker/entities/arabic_fort/lamp/arab_lamp_oil_hanging_01/arab_lamp_oil_hanging_01.dds in 0 ms
  Loaded resource c:/Program Files (x86)/Steam/steamapps/common/Amnesia The Bunker/entities/arabic_fort/lamp/arab_lamp_oil_hanging_01/arab_lamp_oil_hanging_01_nrm.dds in 0 ms
  Loaded resource c:/Program Files (x86)/Steam/steamapps/common/Amnesia The Bunker/entities/arabic_fort/lamp/arab_lamp_oil_hanging_01/arab_lamp_oil_hanging_01_spec.dds in 0 ms
  Loaded resource c:/Program Files (x86)/Steam/steamapps/common/Amnesia The Bunker/entities/arabic_fort/lamp/arab_lamp_oil_hanging_01/arab_lamp_oil_hanging_01_illum.dds in 0 ms
  Loaded resource c:/Program Files (x86)/Steam/steamapps/common/Amnesia The Bunker/entities/tribal/lamp/chandelier_tribe/chandelier_tribe.dds in 0 ms
  Loaded resource c:/Program Files (x86)/Steam/steamapps/common/Amnesia The Bunker/entities/tribal/lamp/chandelier_tribe/chandelier_tribe_nrm.dds in 0 ms
  Loaded resource c:/Program Files (x86)/Steam/steamapps/common/Amnesia The Bunker/entities/tribal/lamp/chandelier_tribe/chandelier_tribe_spec.dds in 0 ms
  Loaded resource c:/Program Files (x86)/Steam/steamapps/common/Amnesia The Bunker/entities/archaeology/tools/archaeology_brush_big/archaeology_brush_big.dds in 0 ms
  Loaded resource c:/Program Files (x86)/Steam/steamapps/common/Amnesia The Bunker/entities/archaeology/tools/archaeology_brush_big/archaeology_brush_big_nrm.dds in 0 ms
  Loaded resource c:/Program Files (x86)/Steam/steamapps/common/Amnesia The Bunker/entities/archaeology/tools/archaeology_brush_big/archaeology_brush_big_spec.dds in 0 ms
  Loaded resource c:/Program Files (x86)/Steam/steamapps/common/Amnesia The Bunker/entities/french_colonization/furniture/french_desk_wooden/french_desk_wooden.dds in 0 ms
  Loaded resource c:/Program Files (x86)/Steam/steamapps/common/Amnesia The Bunker/entities/french_colonization/furniture/french_desk_wooden/french_desk_wooden_nrm.dds in 0 ms
  Loaded resource c:/Program Files (x86)/Steam/steamapps/common/Amnesia The Bunker/entities/french_colonization/furniture/french_desk_wooden/french_desk_wooden_spec.dds in 0 ms
  Loaded resource c:/Program Files (x86)/Steam/steamapps/common/Amnesia The Bunker/entities/bunker/gameplay/chain_cutters/chain_cutters.dds in 0 ms
  Loaded resource c:/Program Files (x86)/Steam/steamapps/common/Amnesia The Bunker/entities/bunker/gameplay/chain_cutters/chain_cutters_nrm.dds in 0 ms
  Loaded resource c:/Program Files (x86)/Steam/steamapps/common/Amnesia The Bunker/entities/bunker/gameplay/chain_cutters/chain_cutters_spec.dds in 0 ms
  Loaded resource c:/Program Files (x86)/Steam/steamapps/common/Amnesia The Bunker/entities/bunker/gameplay/doll_rabbit/doll_rabbit.dds in 0 ms
  Loaded resource c:/Program Files (x86)/Steam/steamapps/common/Amnesia The Bunker/entities/bunker/gameplay/doll_rabbit/doll_rabbit_nrm.dds in 0 ms
  Loaded resource c:/Program Files (x86)/Steam/steamapps/common/Amnesia The Bunker/entities/bunker/gameplay/doll_rabbit/doll_rabbit_spec.dds in 0 ms
  Loaded resource c:/Program Files (x86)/Steam/steamapps/common/Amnesia The Bunker/entities/bunker/gameplay/fuel_medium/fuel_medium.dds in 0 ms
  Loaded resource c:/Program Files (x86)/Steam/steamapps/common/Amnesia The Bunker/entities/bunker/gameplay/fuel_medium/fuel_medium_nrm.dds in 0 ms
  Loaded resource c:/Program Files (x86)/Steam/steamapps/common/Amnesia The Bunker/entities/bunker/gameplay/fuel_medium/fuel_medium_spec.dds in 0 ms
  Loaded resource c:/Program Files (x86)/Steam/steamapps/common/Amnesia The Bunker/entities/arabic_fort/special/02_03_grenade/grenade.dds in 0 ms
  Loaded resource c:/Program Files (x86)/Steam/steamapps/common/Amnesia The Bunker/entities/arabic_fort/special/02_03_grenade/grenade_nrm.dds in 0 ms
  Loaded resource c:/Program Files (x86)/Steam/steamapps/common/Amnesia The Bunker/entities/arabic_fort/special/02_03_grenade/grenade_spec.dds in 0 ms
  Loaded resource c:/Program Files (x86)/Steam/steamapps/common/Amnesia The Bunker/entities/survivors/tech/bandages/bandages.dds in 0 ms
  Loaded resource c:/Program Files (x86)/Steam/steamapps/common/Amnesia The Bunker/entities/survivors/tech/bandages/bandages_nrm.dds in 0 ms
  Loaded resource c:/Program Files (x86)/Steam/steamapps/common/Amnesia The Bunker/entities/survivors/tech/bandages/bandages_spec.dds in 0 ms
  Loaded resource c:/Program Files (x86)/Steam/steamapps/common/Amnesia The Bunker/entities/bunker/gameplay/molotov_cocktail/cork.dds in 0 ms
  Loaded resource c:/Program Files (x86)/Steam/steamapps/common/Amnesia The Bunker/entities/bunker/gameplay/molotov_cocktail/cork_nrm.dds in 0 ms
  Loaded resource c:/Program Files (x86)/Steam/steamapps/common/Amnesia The Bunker/entities/bunker/gameplay/molotov_cocktail/cork_spec.dds in 0 ms
  Loaded resource c:/Program Files (x86)/Steam/steamapps/common/Amnesia The Bunker/entities/bunker/gameplay/molotov_cocktail/molotov_wine.dds in 0 ms
  Loaded resource c:/Program Files (x86)/Steam/steamapps/common/Amnesia The Bunker/entities/bunker/gameplay/molotov_cocktail/molotov_wine_nrm.dds in 0 ms
  Loaded resource c:/Program Files (x86)/Steam/steamapps/common/Amnesia The Bunker/entities/bunker/gameplay/molotov_cocktail/molotov_wine_spec.dds in 0 ms
  Loaded resource c:/Program Files (x86)/Steam/steamapps/common/Amnesia The Bunker/entities/character/soldier_blind_shotgun/soldier_blind_body/soldier_blind_shotgun_body.dds in 0 ms
  Loaded resource c:/Program Files (x86)/Steam/steamapps/common/Amnesia The Bunker/entities/character/soldier_blind_shotgun/soldier_blind_body/soldier_blind_shotgun_body_nrm.dds in 0 ms
  Loaded resource c:/Program Files (x86)/Steam/steamapps/common/Amnesia The Bunker/entities/character/soldier_blind_shotgun/soldier_blind_body/soldier_blind_shotgun_body_spec.dds in 0 ms
  Loaded resource c:/Program Files (x86)/Steam/steamapps/common/Amnesia The Bunker/entities/bunker/gameplay/trench_shotgun/trench_shotgun_body/trench_shotgun.dds in 0 ms
  Loaded resource c:/Program Files (x86)/Steam/steamapps/common/Amnesia The Bunker/entities/bunker/gameplay/trench_shotgun/trench_shotgun_body/trench_shotgun_nrm.dds in 0 ms
  Loaded resource c:/Program Files (x86)/Steam/steamapps/common/Amnesia The Bunker/entities/bunker/gameplay/trench_shotgun/trench_shotgun_body/trench_shotgun_spec.dds in 1 ms
  Loaded resource c:/Program Files (x86)/Steam/steamapps/common/Amnesia The Bunker/entities/bunker/organic/cheese_wheel/cheese_wheel_half.dds in 0 ms
  Loaded resource c:/Program Files (x86)/Steam/steamapps/common/Amnesia The Bunker/entities/bunker/organic/cheese_wheel/cheese_wheel_half_nrm.dds in 0 ms
  Loaded resource c:/Program Files (x86)/Steam/steamapps/common/Amnesia The Bunker/entities/bunker/organic/cheese_wheel/cheese_wheel_half_spec.dds in 0 ms
  Loaded resource c:/Program Files (x86)/Steam/steamapps/common/Amnesia The Bunker/textures/simple_grey.dds in 0 ms
  Loaded resource c:/Program Files (x86)/Steam/steamapps/common/Amnesia The Bunker/entities/bunker/organic/corpse_bits/andrew_erskin_corpse_head.dds in 0 ms
  Loaded resource c:/Program Files (x86)/Steam/steamapps/common/Amnesia The Bunker/entities/bunker/organic/corpse_bits/andrew_erskin_corpse_head_nrm.dds in 0 ms
  Loaded resource c:/Program Files (x86)/Steam/steamapps/common/Amnesia The Bunker/entities/bunker/organic/corpse_bits/andrew_erskin_corpse_head_spec.dds in 0 ms
  Loaded resource c:/Program Files (x86)/Steam/steamapps/common/Amnesia The Bunker/entities/bunker/organic/corpse_bits/andrew_erskin_corpse_pants.dds in 0 ms
  Loaded resource c:/Program Files (x86)/Steam/steamapps/common/Amnesia The Bunker/entities/bunker/organic/corpse_bits/andrew_erskin_corpse_pants_nrm.dds in 0 ms
  Loaded resource c:/Program Files (x86)/Steam/steamapps/common/Amnesia The Bunker/entities/bunker/organic/corpse_bits/andrew_erskin_corpse_pants_spec.dds in 0 ms
  Loaded resource c:/Program Files (x86)/Steam/steamapps/common/Amnesia The Bunker/entities/bunker/organic/corpse_bits/corpse_bones.dds in 0 ms
  Loaded resource c:/Program Files (x86)/Steam/steamapps/common/Amnesia The Bunker/entities/bunker/organic/corpse_bits/corpse_bones_nrm.dds in 0 ms
  Loaded resource c:/Program Files (x86)/Steam/steamapps/common/Amnesia The Bunker/entities/bunker/organic/corpse_bits/corpse_bones_spec.dds in 0 ms
  Loaded resource c:/Program Files (x86)/Steam/steamapps/common/Amnesia The Bunker/entities/bunker/organic/corpse_bits/corpse_eaten.dds in 0 ms
  Loaded resource c:/Program Files (x86)/Steam/steamapps/common/Amnesia The Bunker/entities/bunker/organic/corpse_bits/corpse_eaten_nrm.dds in 0 ms
  Loaded resource c:/Program Files (x86)/Steam/steamapps/common/Amnesia The Bunker/entities/bunker/organic/corpse_bits/corpse_eaten_spec.dds in 0 ms
  Loaded resource c:/Program Files (x86)/Steam/steamapps/common/Amnesia The Bunker/entities/bunker/organic/corpse_bits/corpses_body_soldier_arms.dds in 0 ms
  Loaded resource c:/Program Files (x86)/Steam/steamapps/common/Amnesia The Bunker/entities/bunker/organic/corpse_bits/corpses_body_soldier_arms_nrm.dds in 0 ms
  Loaded resource c:/Program Files (x86)/Steam/steamapps/common/Amnesia The Bunker/entities/bunker/organic/corpse_bits/corpses_body_soldier_arms_spec.dds in 0 ms
  Loaded resource c:/Program Files (x86)/Steam/steamapps/common/Amnesia The Bunker/entities/bunker/organic/corpse_bits/corpses_body_soldier_body.dds in 0 ms
  Loaded resource c:/Program Files (x86)/Steam/steamapps/common/Amnesia The Bunker/entities/bunker/organic/corpse_bits/corpses_body_soldier_body_nrm.dds in 0 ms
  Loaded resource c:/Program Files (x86)/Steam/steamapps/common/Amnesia The Bunker/entities/bunker/organic/corpse_bits/corpses_body_soldier_body_spec.dds in 0 ms
  Loaded resource c:/Program Files (x86)/Steam/steamapps/common/Amnesia The Bunker/entities/bunker/organic/corpse_bits/foreman_head.dds in 0 ms
  Loaded resource c:/Program Files (x86)/Steam/steamapps/common/Amnesia The Bunker/entities/bunker/organic/corpse_bits/foreman_head_nrm.dds in 0 ms
  Loaded resource c:/Program Files (x86)/Steam/steamapps/common/Amnesia The Bunker/entities/bunker/organic/corpse_bits/foreman_head_spec.dds in 0 ms
  Loaded resource c:/Program Files (x86)/Steam/steamapps/common/Amnesia The Bunker/entities/bunker/organic/corpse_soldier_01/player_body_soldier_01.dds in 0 ms
  Loaded resource c:/Program Files (x86)/Steam/steamapps/common/Amnesia The Bunker/entities/bunker/organic/corpse_soldier_01/player_body_soldier_01_nrm.dds in 0 ms
  Loaded resource c:/Program Files (x86)/Steam/steamapps/common/Amnesia The Bunker/entities/bunker/organic/corpse_soldier_01/player_body_soldier_01_spec.dds in 0 ms
  Loaded resource c:/Program Files (x86)/Steam/steamapps/common/Amnesia The Bunker/entities/bunker/organic/corpse_soldier_03/player_body_soldier_03.dds in 1 ms
  Loaded resource c:/Program Files (x86)/Steam/steamapps/common/Amnesia The Bunker/entities/bunker/organic/corpse_soldier_03/player_body_soldier_03_nrm.dds in 0 ms
  Loaded resource c:/Program Files (x86)/Steam/steamapps/common/Amnesia The Bunker/entities/bunker/organic/corpse_soldier_03/player_body_soldier_03_spec.dds in 0 ms
  Loaded resource c:/Program Files (x86)/Steam/steamapps/common/Amnesia The Bunker/entities/bunker/organic/corpses_burnt/corspe_burnt.dds in 0 ms
  Loaded resource c:/Program Files (x86)/Steam/steamapps/common/Amnesia The Bunker/entities/bunker/organic/corpses_burnt/corspe_burnt_nrm.dds in 0 ms
  Loaded resource c:/Program Files (x86)/Steam/steamapps/common/Amnesia The Bunker/entities/bunker/organic/corpses_burnt/corspe_burnt_spec.dds in 0 ms
  Loaded resource c:/Program Files (x86)/Steam/steamapps/common/Amnesia The Bunker/entities/bunker/organic/corpse_sheet/corpse_sheet_diffuse.dds in 0 ms
  Loaded resource c:/Program Files (x86)/Steam/steamapps/common/Amnesia The Bunker/entities/bunker/organic/corpse_sheet/corpse_sheet_nrm.dds in 0 ms
  Loaded resource c:/Program Files (x86)/Steam/steamapps/common/Amnesia The Bunker/entities/bunker/organic/corpse_sheet/corpse_sheet_spec.dds in 0 ms
  Loaded resource c:/Program Files (x86)/Steam/steamapps/common/Amnesia The Bunker/entities/french_colonization/organic/webb_head/webb_head.dds in 0 ms
  Loaded resource c:/Program Files (x86)/Steam/steamapps/common/Amnesia The Bunker/entities/french_colonization/organic/webb_head/webb_head_nrm.dds in 0 ms
  Loaded resource c:/Program Files (x86)/Steam/steamapps/common/Amnesia The Bunker/entities/french_colonization/organic/webb_head/webb_head_spec.dds in 0 ms
  Loaded resource c:/Program Files (x86)/Steam/steamapps/common/Amnesia The Bunker/entities/french_colonization/organic/webb_head/webb_head_trans.dds in 0 ms
  Loaded resource c:/Program Files (x86)/Steam/steamapps/common/Amnesia The Bunker/entities/bunker/ornaments/playing_cards/playing_cards_diffuse.dds in 0 ms
  Loaded resource c:/Program Files (x86)/Steam/steamapps/common/Amnesia The Bunker/entities/bunker/ornaments/playing_cards/playing_cards_nrm.dds in 0 ms
  Loaded resource c:/Program Files (x86)/Steam/steamapps/common/Amnesia The Bunker/entities/bunker/gameplay/door_chain/door_chain_eyelet_diffuse.dds in 0 ms
  Loaded resource c:/Program Files (x86)/Steam/steamapps/common/Amnesia The Bunker/entities/bunker/gameplay/door_chain/door_chain_eyelet_nrm.dds in 0 ms
  Loaded resource c:/Program Files (x86)/Steam/steamapps/common/Amnesia The Bunker/entities/bunker/gameplay/door_chain/door_chain_eyelet_spec.dds in 0 ms
  Loaded resource c:/Program Files (x86)/Steam/steamapps/common/Amnesia The Bunker/entities/bunker/gameplay/door_chain/door_chain_diffuse.dds in 0 ms
  Loaded resource c:/Program Files (x86)/Steam/steamapps/common/Amnesia The Bunker/entities/bunker/gameplay/door_chain/door_chain_nrm.dds in 0 ms
  Loaded resource c:/Program Files (x86)/Steam/steamapps/common/Amnesia The Bunker/entities/bunker/gameplay/door_chain/door_chain_spec.dds in 0 ms
  Loaded resource c:/Program Files (x86)/Steam/steamapps/common/Amnesia The Bunker/entities/bunker/ornaments/sign_02/sign_02_plate_diffuse.dds in 0 ms
  Loaded resource c:/Program Files (x86)/Steam/steamapps/common/Amnesia The Bunker/entities/bunker/ornaments/sign_02/sign_02_plate_nrm.dds in 0 ms
  Loaded resource c:/Program Files (x86)/Steam/steamapps/common/Amnesia The Bunker/entities/bunker/ornaments/sign_02/sign_02_plate_spec.dds in 0 ms
  Loaded resource c:/Program Files (x86)/Steam/steamapps/common/Amnesia The Bunker/entities/bunker/ornaments/sign_explosives/sign_explosives.dds in 0 ms
  Loaded resource c:/Program Files (x86)/Steam/steamapps/common/Amnesia The Bunker/entities/bunker/ornaments/sign_explosives/sign_explosives_nrm.dds in 0 ms
  Loaded resource c:/Program Files (x86)/Steam/steamapps/common/Amnesia The Bunker/entities/bunker/ornaments/sign_explosives/sign_explosives_spec.dds in 0 ms
  Loaded resource c:/Program Files (x86)/Steam/steamapps/common/Amnesia The Bunker/entities/bunker/storage/crate_simple_02/crate_simple_02.dds in 0 ms
  Loaded resource c:/Program Files (x86)/Steam/steamapps/common/Amnesia The Bunker/entities/bunker/storage/crate_simple_02/crate_simple_02_nrm.dds in 0 ms
  Loaded resource c:/Program Files (x86)/Steam/steamapps/common/Amnesia The Bunker/textures/detail/wood_detail_nrm.dds in 0 ms
  Loaded resource c:/Program Files (x86)/Steam/steamapps/common/Amnesia The Bunker/entities/bunker/storage/shelf_wood/shelf_wood.dds in 0 ms
  Loaded resource c:/Program Files (x86)/Steam/steamapps/common/Amnesia The Bunker/entities/bunker/storage/shelf_wood/shelf_wood_nrm.dds in 0 ms
  Loaded resource c:/Program Files (x86)/Steam/steamapps/common/Amnesia The Bunker/entities/bunker/storage/shelf_wood/shelf_wood_spec.dds in 0 ms
  Loaded resource c:/Program Files (x86)/Steam/steamapps/common/Amnesia The Bunker/entities/character/stalker/stalker_body/monster_body.dds in 0 ms
  Loaded resource c:/Program Files (x86)/Steam/steamapps/common/Amnesia The Bunker/entities/character/stalker/stalker_body/monster_body_nrm.dds in 0 ms
  Loaded resource c:/Program Files (x86)/Steam/steamapps/common/Amnesia The Bunker/entities/character/stalker/stalker_body/monster_body_spec.dds in 0 ms
  Loaded resource c:/Program Files (x86)/Steam/steamapps/common/Amnesia The Bunker/entities/dream/apartment_furniture/apartment_chair/apartment_chair.dds in 0 ms
  Loaded resource c:/Program Files (x86)/Steam/steamapps/common/Amnesia The Bunker/entities/dream/apartment_furniture/apartment_chair/apartment_chair_nrm.dds in 0 ms
  Loaded resource c:/Program Files (x86)/Steam/steamapps/common/Amnesia The Bunker/entities/dream/apartment_furniture/apartment_chair/apartment_chair_spec.dds in 1 ms
  Loaded resource c:/Program Files (x86)/Steam/steamapps/common/Amnesia The Bunker/entities/dream/apartment_props/apartment_books/apartment_books.dds in 0 ms
  Loaded resource c:/Program Files (x86)/Steam/steamapps/common/Amnesia The Bunker/entities/dream/apartment_props/apartment_books/apartment_books_nrm.dds in 0 ms
  Loaded resource c:/Program Files (x86)/Steam/steamapps/common/Amnesia The Bunker/entities/dream/apartment_props/apartment_books/apartment_books_spec.dds in 0 ms
  Loaded resource c:/Program Files (x86)/Steam/steamapps/common/Amnesia The Bunker/entities/dream/apartment_props/apartment_paintings/apartment_paintings.dds in 0 ms
  Loaded resource c:/Program Files (x86)/Steam/steamapps/common/Amnesia The Bunker/entities/dream/apartment_props/apartment_paintings/apartment_paintings_spec.dds in 0 ms
  Loaded resource c:/Program Files (x86)/Steam/steamapps/common/Amnesia The Bunker/entities/french_colonization/furniture/arsenal_quartermaster_shelf/arsenal_quartermaster_shelf.dds in 0 ms
  Loaded resource c:/Program Files (x86)/Steam/steamapps/common/Amnesia The Bunker/entities/french_colonization/furniture/arsenal_quartermaster_shelf/arsenal_quartermaster_shelf_nrm.dds in 0 ms
  Loaded resource c:/Program Files (x86)/Steam/steamapps/common/Amnesia The Bunker/entities/french_colonization/furniture/arsenal_quartermaster_shelf/arsenal_quartermaster_shelf_spec.dds in 0 ms
  Loaded resource c:/Program Files (x86)/Steam/steamapps/common/Amnesia The Bunker/entities/french_colonization/furniture/french_dresser_small/french_dresser_small.dds in 0 ms
  Loaded resource c:/Program Files (x86)/Steam/steamapps/common/Amnesia The Bunker/entities/french_colonization/furniture/french_dresser_small/french_dresser_small_nrm.dds in 0 ms
  Loaded resource c:/Program Files (x86)/Steam/steamapps/common/Amnesia The Bunker/entities/french_colonization/furniture/french_dresser_small/french_dresser_small_spec.dds in 0 ms
  Loaded resource c:/Program Files (x86)/Steam/steamapps/common/Amnesia The Bunker/entities/french_colonization/ornaments/arab_plate/arab_plate.dds in 0 ms
  Loaded resource c:/Program Files (x86)/Steam/steamapps/common/Amnesia The Bunker/entities/french_colonization/ornaments/arab_plate/arab_plate_nrm.dds in 0 ms
  Loaded resource c:/Program Files (x86)/Steam/steamapps/common/Amnesia The Bunker/entities/french_colonization/ornaments/arab_plate/arab_plate_spec.dds in 0 ms
  Loaded resource c:/Program Files (x86)/Steam/steamapps/common/Amnesia The Bunker/entities/french_colonization/ornaments/french_pocket_watch/french_pocket_watch.dds in 0 ms
  Loaded resource c:/Program Files (x86)/Steam/steamapps/common/Amnesia The Bunker/entities/french_colonization/ornaments/french_pocket_watch/french_pocket_watch_nrm.dds in 0 ms
  Loaded resource c:/Program Files (x86)/Steam/steamapps/common/Amnesia The Bunker/entities/french_colonization/ornaments/french_pocket_watch/french_pocket_watch_spec.dds in 0 ms
  Loaded resource c:/Program Files (x86)/Steam/steamapps/common/Amnesia The Bunker/entities/french_colonization/prison/prison_furniture_stool/prison_furniture_stool.dds in 0 ms
  Loaded resource c:/Program Files (x86)/Steam/steamapps/common/Amnesia The Bunker/entities/french_colonization/prison/prison_furniture_stool/prison_furniture_stool_nrm.dds in 0 ms
  Loaded resource c:/Program Files (x86)/Steam/steamapps/common/Amnesia The Bunker/entities/french_colonization/prison/prison_furniture_stool/prison_furniture_stool_spec.dds in 0 ms
  Loaded resource c:/Program Files (x86)/Steam/steamapps/common/Amnesia The Bunker/entities/roman/ornament/roman_statue_aristocrat/roman_statue_aristocrat.dds in 0 ms
  Loaded resource c:/Program Files (x86)/Steam/steamapps/common/Amnesia The Bunker/entities/roman/ornament/roman_statue_aristocrat/roman_statue_aristocrat_nrm.dds in 0 ms
  Loaded resource c:/Program Files (x86)/Steam/steamapps/common/Amnesia The Bunker/entities/roman/ornament/roman_statue_aristocrat/roman_statue_aristocrat_spec.dds in 0 ms
  Loaded resource c:/Program Files (x86)/Steam/steamapps/common/Amnesia The Bunker/entities/roman/ornament/statue_mercury/statue_mercury.dds in 0 ms
  Loaded resource c:/Program Files (x86)/Steam/steamapps/common/Amnesia The Bunker/entities/roman/ornament/statue_mercury/statue_mercury_nrm.dds in 0 ms
  Loaded resource c:/Program Files (x86)/Steam/steamapps/common/Amnesia The Bunker/entities/roman/ornament/statue_mercury/statue_mercury_spec.dds in 0 ms
  Loaded resource c:/Program Files (x86)/Steam/steamapps/common/Amnesia The Bunker/entities/roman/ornament/statue_thermae/statue_thermae.dds in 0 ms
  Loaded resource c:/Program Files (x86)/Steam/steamapps/common/Amnesia The Bunker/entities/roman/ornament/statue_thermae/statue_thermae_nrm.dds in 0 ms
  Loaded resource c:/Program Files (x86)/Steam/steamapps/common/Amnesia The Bunker/entities/roman/ornament/statue_thermae/statue_thermae_spec.dds in 0 ms
  Loaded resource c:/Program Files (x86)/Steam/steamapps/common/Amnesia The Bunker/mods/BunkersEdge/entities/station/doors/slidedoor_medium_vertical/slidedoor_medium_vertical.dds in 0 ms
  Loaded resource c:/Program Files (x86)/Steam/steamapps/common/Amnesia The Bunker/mods/BunkersEdge/entities/station/doors/slidedoor_medium_vertical/slidedoor_medium_vertical_nrm.dds in 0 ms
  Loaded resource c:/Program Files (x86)/Steam/steamapps/common/Amnesia The Bunker/mods/BunkersEdge/entities/station/doors/slidedoor_medium_vertical/slidedoor_medium_vertical_spec.dds in 0 ms
  Loaded resource c:/Program Files (x86)/Steam/steamapps/common/Amnesia The Bunker/mods/BunkersEdge/entities/station/doors/slidedoor_medium_vertical/slidedoor_medium_vertical_illum.dds in 0 ms
  Loaded resource c:/Program Files (x86)/Steam/steamapps/common/Amnesia The Bunker/mods/BunkersEdge/entities/station/furniture/bedsheet_old/bedsheet_tau.dds in 0 ms
  Loaded resource c:/Program Files (x86)/Steam/steamapps/common/Amnesia The Bunker/mods/BunkersEdge/entities/station/furniture/bedsheet_old/bedsheet_tau_nrm.dds in 0 ms
  Loaded resource c:/Program Files (x86)/Steam/steamapps/common/Amnesia The Bunker/mods/BunkersEdge/entities/station/leisure/music_instrument_drum/music_instrument_drum.dds in 0 ms
  Loaded resource c:/Program Files (x86)/Steam/steamapps/common/Amnesia The Bunker/mods/BunkersEdge/entities/station/leisure/music_instrument_drum/music_instrument_drum_nrm.dds in 0 ms
  Loaded resource c:/Program Files (x86)/Steam/steamapps/common/Amnesia The Bunker/mods/BunkersEdge/entities/station/leisure/music_instrument_drum/music_instrument_drum_spec.dds in 0 ms
  Loaded resource c:/Program Files (x86)/Steam/steamapps/common/Amnesia The Bunker/mods/BunkersEdge/entities/station/leisure/music_instrument_string/music_instrument_string.dds in 0 ms
  Loaded resource c:/Program Files (x86)/Steam/steamapps/common/Amnesia The Bunker/mods/BunkersEdge/entities/station/leisure/music_instrument_string/music_instrument_string_nrm.dds in 0 ms
  Loaded resource c:/Program Files (x86)/Steam/steamapps/common/Amnesia The Bunker/mods/BunkersEdge/entities/station/leisure/music_instrument_string/music_instrument_string_spec.dds in 0 ms
  Loaded resource c:/Program Files (x86)/Steam/steamapps/common/Amnesia The Bunker/mods/BunkersEdge/entities/station/organic/corpse_omicron/Corpse_Omicron_Female.dds in 0 ms
  Loaded resource c:/Program Files (x86)/Steam/steamapps/common/Amnesia The Bunker/mods/BunkersEdge/entities/station/organic/corpse_habitat_female/corpse_habitat_female_nrm.dds in 0 ms
  Loaded resource c:/Program Files (x86)/Steam/steamapps/common/Amnesia The Bunker/mods/BunkersEdge/entities/station/organic/corpse_habitat_female/corpse_habitat_female_spec.dds in 0 ms
  Loaded resource c:/Program Files (x86)/Steam/steamapps/common/Amnesia The Bunker/mods/BunkersEdge/entities/station/ornaments/ross_book_jung/ross_book_jung.dds in 0 ms
  Loaded resource c:/Program Files (x86)/Steam/steamapps/common/Amnesia The Bunker/mods/BunkersEdge/entities/station/ornaments/ross_book_jung/ross_book_jung_nrm.dds in 0 ms
  Loaded resource c:/Program Files (x86)/Steam/steamapps/common/Amnesia The Bunker/mods/BunkersEdge/entities/station/ornaments/ross_book_jung/ross_book_jung_spec.dds in 0 ms
  Loaded resource c:/Program Files (x86)/Steam/steamapps/common/Amnesia The Bunker/mods/BunkersEdge/entities/station/ornaments_wall/clock_community_room/clock_community_room.dds in 0 ms
  Loaded resource c:/Program Files (x86)/Steam/steamapps/common/Amnesia The Bunker/mods/BunkersEdge/entities/station/ornaments_wall/clock_community_room/clock_community_room_nrm.dds in 0 ms
  Loaded resource c:/Program Files (x86)/Steam/steamapps/common/Amnesia The Bunker/mods/BunkersEdge/entities/station/ornaments_wall/clock_community_room/clock_community_room_spec.dds in 0 ms
  Loaded resource c:/Program Files (x86)/Steam/steamapps/common/Amnesia The Bunker/mods/BunkersEdge/entities/station/ornaments_wall/clock_community_room/clock_community_room_illum.dds in 0 ms
  Loaded resource c:/Program Files (x86)/Steam/steamapps/common/Amnesia The Bunker/mods/BunkersEdge/entities/station/ornaments_wall/clock_community_room/clock_community_room_numbers.dds in 0 ms
  Loaded resource c:/Program Files (x86)/Steam/steamapps/common/Amnesia The Bunker/mods/BunkersEdge/entities/station/storage/food_can_ration/food_can_ration.dds in 0 ms
  Loaded resource c:/Program Files (x86)/Steam/steamapps/common/Amnesia The Bunker/mods/BunkersEdge/entities/station/storage/food_can_ration/food_can_ration_nrm.dds in 0 ms
  Loaded resource c:/Program Files (x86)/Steam/steamapps/common/Amnesia The Bunker/mods/BunkersEdge/entities/station/storage/food_can_ration/food_can_ration_spec.dds in 0 ms
  Loaded resource c:/Program Files (x86)/Steam/steamapps/common/Amnesia The Bunker/mods/BunkersEdge/entities/station/storage/food_can_ration/food_can_ration_open.dds in 1 ms
  Loaded resource c:/Program Files (x86)/Steam/steamapps/common/Amnesia The Bunker/mods/BunkersEdge/entities/station/storage/food_can_ration/food_can_ration_open_nrm.dds in 0 ms
  Loaded resource c:/Program Files (x86)/Steam/steamapps/common/Amnesia The Bunker/mods/BunkersEdge/entities/station/storage/food_can_ration/food_can_ration_open_spec.dds in 0 ms
  Loaded resource c:/Program Files (x86)/Steam/steamapps/common/Amnesia The Bunker/mods/BunkersEdge/entities/station/tech/computer_panels/computer_panels.dds in 0 ms
  Loaded resource c:/Program Files (x86)/Steam/steamapps/common/Amnesia The Bunker/mods/BunkersEdge/entities/station/tech/computer_panels/computer_panels_nrm.dds in 0 ms
  Loaded resource c:/Program Files (x86)/Steam/steamapps/common/Amnesia The Bunker/mods/BunkersEdge/entities/station/tech/computer_panels/computer_panels_spec.dds in 0 ms
  Loaded resource c:/Program Files (x86)/Steam/steamapps/common/Amnesia The Bunker/mods/BunkersEdge/textures/environment/station_curie_env.dds in 0 ms
  Loaded resource c:/Program Files (x86)/Steam/steamapps/common/Amnesia The Bunker/mods/BunkersEdge/entities/station/tech/computer_panels/computer_panels_env_alpha.dds in 0 ms
  Loaded resource c:/Program Files (x86)/Steam/steamapps/common/Amnesia The Bunker/mods/BunkersEdge/entities/station/tech/computer_panels/computer_panels_small_GUI.dds in 0 ms
  Loaded resource c:/Program Files (x86)/Steam/steamapps/common/Amnesia The Bunker/mods/BunkersEdge/entities/station/tech/computer_panels/computer_panels_GUI_env_alpha.dds in 0 ms
  Loaded resource c:/Program Files (x86)/Steam/steamapps/common/Amnesia The Bunker/mods/BunkersEdge/entities/station/tech/monitor_theta/monitor_theta.dds in 0 ms
  Loaded resource c:/Program Files (x86)/Steam/steamapps/common/Amnesia The Bunker/mods/BunkersEdge/entities/station/tech/monitor_theta/monitor_theta_nrm.dds in 0 ms
  Loaded resource c:/Program Files (x86)/Steam/steamapps/common/Amnesia The Bunker/mods/BunkersEdge/entities/station/tech/monitor_theta/monitor_theta_spec.dds in 0 ms
  Loaded resource c:/Program Files (x86)/Steam/steamapps/common/Amnesia The Bunker/mods/BunkersEdge/entities/station/tech/monitor_theta/monitor_theta_alpha.dds in 0 ms
  Loaded resource c:/Program Files (x86)/Steam/steamapps/common/Amnesia The Bunker/mods/BunkersEdge/entities/station/tools/bucket/bucket.dds in 0 ms
  Loaded resource c:/Program Files (x86)/Steam/steamapps/common/Amnesia The Bunker/mods/BunkersEdge/entities/station/tools/bucket/bucket_nrm.dds in 0 ms
  Loaded resource c:/Program Files (x86)/Steam/steamapps/common/Amnesia The Bunker/mods/BunkersEdge/entities/station/tools/bucket/bucket_spec.dds in 0 ms
  Loaded resource c:/Program Files (x86)/Steam/steamapps/common/Amnesia The Bunker/entities/survivors/ornaments/doll_monkey/doll_monkey.dds in 0 ms
  Loaded resource c:/Program Files (x86)/Steam/steamapps/common/Amnesia The Bunker/entities/survivors/ornaments/doll_monkey/doll_monkey_nrm.dds in 0 ms
  Loaded resource c:/Program Files (x86)/Steam/steamapps/common/Amnesia The Bunker/entities/survivors/ornaments/doll_monkey/doll_monkey_spec.dds in 0 ms
  Loaded resource c:/Program Files (x86)/Steam/steamapps/common/Amnesia The Bunker/entities/survivors/ornaments/plate_airplane/plate_airplane.dds in 0 ms
  Loaded resource c:/Program Files (x86)/Steam/steamapps/common/Amnesia The Bunker/entities/survivors/ornaments/plate_airplane/plate_airplane_nrm.dds in 0 ms
  Loaded resource c:/Program Files (x86)/Steam/steamapps/common/Amnesia The Bunker/entities/survivors/ornaments/plate_airplane/plate_airplane_spec.dds in 0 ms
  Loaded resource c:/Program Files (x86)/Steam/steamapps/common/Amnesia The Bunker/entities/tin_hinan/gameplay/button_small/button_small_diffuse.dds in 0 ms
  Loaded resource c:/Program Files (x86)/Steam/steamapps/common/Amnesia The Bunker/entities/tin_hinan/gameplay/button_small/button_small_nrm.dds in 0 ms
  Loaded resource c:/Program Files (x86)/Steam/steamapps/common/Amnesia The Bunker/entities/tin_hinan/gameplay/button_small/button_small_spec.dds in 0 ms
  Loaded resource c:/Program Files (x86)/Steam/steamapps/common/Amnesia The Bunker/entities/tribal/ornaments/record_vinyl/record_vinyl.dds in 0 ms
  Loaded resource c:/Program Files (x86)/Steam/steamapps/common/Amnesia The Bunker/entities/tribal/ornaments/record_vinyl/record_vinyl_nrm.dds in 0 ms
  Loaded resource c:/Program Files (x86)/Steam/steamapps/common/Amnesia The Bunker/entities/tribal/ornaments/record_vinyl/record_vinyl_spec.dds in 0 ms
  Loaded resource c:/Program Files (x86)/Steam/steamapps/common/Amnesia The Bunker/entities/tribal/ornaments/stick_pilgrim/stick_pilgrim.dds in 0 ms
  Loaded resource c:/Program Files (x86)/Steam/steamapps/common/Amnesia The Bunker/entities/tribal/ornaments/stick_pilgrim/stick_pilgrim_nrm.dds in 0 ms
  Loaded resource c:/Program Files (x86)/Steam/steamapps/common/Amnesia The Bunker/entities/tribal/ornaments/stick_pilgrim/stick_pilgrim_spec.dds in 0 ms
  Loaded resource c:/Program Files (x86)/Steam/steamapps/common/Amnesia The Bunker/billboards/halo/lampglow_cone01.dds in 0 ms
  Loaded resource c:/Program Files (x86)/Steam/steamapps/common/Amnesia The Bunker/mods/BunkersEdge/entities/tdd_enemies/servant_grunt/servant_grunt.dds in 0 ms
  Loaded resource c:/Program Files (x86)/Steam/steamapps/common/Amnesia The Bunker/mods/BunkersEdge/entities/tdd_enemies/servant_grunt/servant_grunt_nrm.dds in 0 ms
  Loaded resource c:/Program Files (x86)/Steam/steamapps/common/Amnesia The Bunker/mods/BunkersEdge/entities/tdd_enemies/servant_grunt/servant_grunt_spec.dds in 0 ms
  Loaded resource c:/Program Files (x86)/Steam/steamapps/common/Amnesia The Bunker/mods/BunkersEdge/entities/tdd_enemies/servant_grunt/servant_grunt_hair.dds in 0 ms
  Loaded resource c:/Program Files (x86)/Steam/steamapps/common/Amnesia The Bunker/mods/BunkersEdge/entities/tdd_enemies/servant_grunt/servant_grunt_hair_nrm.dds in 0 ms
  Loaded resource c:/Program Files (x86)/Steam/steamapps/common/Amnesia The Bunker/mods/BunkersEdge/entities/tdd_enemies/servant_grunt/servant_grunt_hair_spec.dds in 0 ms
  Loaded resource c:/Program Files (x86)/Steam/steamapps/common/Amnesia The Bunker/mods/BunkersEdge/entities/signs/sign_dead_room/sign_dead_room.png in 28 ms
  Loaded resource c:/Program Files (x86)/Steam/steamapps/common/Amnesia The Bunker/mods/BunkersEdge/entities/signs/sign_debug_room/sign_debug_room.png in 24 ms
  Loaded resource c:/Program Files (x86)/Steam/steamapps/common/Amnesia The Bunker/mods/BunkersEdge/entities/signs/sign_sitting_room/sign_sitting_room.png in 24 ms
  Loaded resource c:/Program Files (x86)/Steam/steamapps/common/Amnesia The Bunker/mods/BunkersEdge/entities/signs/sign_time_room/sign_time_room.png in 23 ms
  Loaded resource c:/Program Files (x86)/Steam/steamapps/common/Amnesia The Bunker/mods/BunkersEdge/entities/station/furniture/table_lab/table_lab.dds in 0 ms
  Loaded resource c:/Program Files (x86)/Steam/steamapps/common/Amnesia The Bunker/mods/BunkersEdge/entities/station/furniture/table_lab/table_lab_nrm.dds in 0 ms
  Loaded resource c:/Program Files (x86)/Steam/steamapps/common/Amnesia The Bunker/mods/BunkersEdge/entities/station/furniture/table_lab/table_lab_spec.dds in 0 ms
  Loaded resource c:/Program Files (x86)/Steam/steamapps/common/Amnesia The Bunker/particles/dust/materials/dust_cloud.dds in 0 ms
  Loaded resource c:/Program Files (x86)/Steam/steamapps/common/Amnesia The Bunker/particles/dust/materials/dust_light_tiny.dds in 0 ms
  Loaded resource c:/Program Files (x86)/Steam/steamapps/common/Amnesia The Bunker/textures/decals/bunker/debris_splinters/debris_splinters01.dds in 0 ms
  Loaded resource c:/Program Files (x86)/Steam/steamapps/common/Amnesia The Bunker/textures/decals/bunker/debris_splinters/debris_splinters01_nrm.dds in 0 ms
  Loaded resource c:/Program Files (x86)/Steam/steamapps/common/Amnesia The Bunker/textures/decals/bunker/debris_splinters/debris_splinters01_spec.dds in 0 ms
  Loaded resource c:/Program Files (x86)/Steam/steamapps/common/Amnesia The Bunker/textures/screeneffects/water_splash_screen_diffuse.dds in 0 ms
  Loaded resource c:/Program Files (x86)/Steam/steamapps/common/Amnesia The Bunker/textures/liquid/water/waterplane_nrm.dds in 0 ms
  Loaded resource c:/Program Files (x86)/Steam/steamapps/common/Amnesia The Bunker/textures/screeneffects/water_drip_screen_diffuse.dds in 0 ms
  Loaded resource c:/Program Files (x86)/Steam/steamapps/common/Amnesia The Bunker/textures/screeneffects/water_drip_screen_nrm.dds in 0 ms
  Loaded resource c:/Program Files (x86)/Steam/steamapps/common/Amnesia The Bunker/textures/screeneffects/player_damage_screen_diffuse.dds in 1 ms
  Loaded resource c:/Program Files (x86)/Steam/steamapps/common/Amnesia The Bunker/textures/screeneffects/player_damage_screen_nrm.dds in 0 ms
  Loaded resource c:/Program Files (x86)/Steam/steamapps/common/Amnesia The Bunker/textures/screeneffects/player_damage_screen_minor.dds in 0 ms
  Loaded resource c:/Program Files (x86)/Steam/steamapps/common/Amnesia The Bunker/textures/screeneffects/player_damage_screen_major.dds in 0 ms
  Loaded resource c:/Program Files (x86)/Steam/steamapps/common/Amnesia The Bunker/textures/screeneffects/vignette_screen_diffuse.dds in 0 ms
  Loaded resource c:/Program Files (x86)/Steam/steamapps/common/Amnesia The Bunker/textures/screeneffects/vignette_screen_strong_diffuse.dds in 0 ms
  Loaded resource c:/Program Files (x86)/Steam/steamapps/common/Amnesia The Bunker/textures/screeneffects/vignette_screen_strongest_diffuse.dds in 0 ms
  Loaded resource c:/Program Files (x86)/Steam/steamapps/common/Amnesia The Bunker/textures/screeneffects/gasmask_screen.dds in 0 ms
  Loaded resource c:/Program Files (x86)/Steam/steamapps/common/Amnesia The Bunker/textures/screeneffects/red_overlay.dds in 0 ms
  Loaded resource c:/Program Files (x86)/Steam/steamapps/common/Amnesia The Bunker/entities/dynamic_decals/blood_trail/blood_trail.dds in 0 ms
  Loaded resource c:/Program Files (x86)/Steam/steamapps/common/Amnesia The Bunker/entities/dynamic_decals/blood_trail/blood_trail_nrm.dds in 0 ms
  Loaded resource c:/Program Files (x86)/Steam/steamapps/common/Amnesia The Bunker/entities/dynamic_decals/blood_trail/blood_trail_spec.dds in 0 ms
  Loaded resource c:/Program Files (x86)/Steam/steamapps/common/Amnesia The Bunker/entities/bunker/gameplay/bottle_meds/bottle_meds_diffuse.dds in 0 ms
  Loaded resource c:/Program Files (x86)/Steam/steamapps/common/Amnesia The Bunker/entities/bunker/gameplay/bottle_meds/bottle_meds_nrm.dds in 0 ms
  Loaded resource c:/Program Files (x86)/Steam/steamapps/common/Amnesia The Bunker/entities/bunker/gameplay/bottle_meds/bottle_meds_spec.dds in 0 ms
  Loaded resource c:/Program Files (x86)/Steam/steamapps/common/Amnesia The Bunker/entities/bunker/gameplay/medkit/medkit.dds in 0 ms
  Loaded resource c:/Program Files (x86)/Steam/steamapps/common/Amnesia The Bunker/entities/bunker/gameplay/medkit/medkit_nrm.dds in 0 ms
  Loaded resource c:/Program Files (x86)/Steam/steamapps/common/Amnesia The Bunker/entities/bunker/gameplay/medkit/medkit_spec.dds in 0 ms
  Loaded resource c:/Program Files (x86)/Steam/steamapps/common/Amnesia The Bunker/entities/bunker/gameplay/gas_mask_m2/gas_mask_m2.dds in 0 ms
  Loaded resource c:/Program Files (x86)/Steam/steamapps/common/Amnesia The Bunker/entities/bunker/gameplay/gas_mask_m2/gas_mask_m2_nrm.dds in 0 ms
  Loaded resource c:/Program Files (x86)/Steam/steamapps/common/Amnesia The Bunker/entities/bunker/gameplay/gas_mask_m2/gas_mask_m2_alpha.dds in 0 ms
  Loaded resource c:/Program Files (x86)/Steam/steamapps/common/Amnesia The Bunker/entities/bunker/gameplay/gas_mask_m2/gas_mask_m2_spec.DDS in 0 ms
  Loaded resource c:/Program Files (x86)/Steam/steamapps/common/Amnesia The Bunker/entities/bunker/gameplay/gas_mask_m2/gas_mask_glass.dds in 0 ms
  Loaded resource c:/Program Files (x86)/Steam/steamapps/common/Amnesia The Bunker/textures/technical/simple_grey.dds in 0 ms
  Loaded resource c:/Program Files (x86)/Steam/steamapps/common/Amnesia The Bunker/textures/technical/blank_nrm.dds in 0 ms
  Loaded resource c:/Program Files (x86)/Steam/steamapps/common/Amnesia The Bunker/entities/character/player/player_body/player_body_soldier_body.dds in 0 ms
  Loaded resource c:/Program Files (x86)/Steam/steamapps/common/Amnesia The Bunker/entities/character/player/player_body/player_body_soldier_body_nrm.dds in 0 ms
  Loaded resource c:/Program Files (x86)/Steam/steamapps/common/Amnesia The Bunker/entities/character/player/player_body/player_body_soldier_body_spec.dds in 0 ms
  Loaded resource c:/Program Files (x86)/Steam/steamapps/common/Amnesia The Bunker/entities/character/player/player_body/player_body_soldier_arms.dds in 0 ms
  Loaded resource c:/Program Files (x86)/Steam/steamapps/common/Amnesia The Bunker/entities/character/player/player_body/player_body_soldier_arms_nrm.dds in 0 ms
  Loaded resource c:/Program Files (x86)/Steam/steamapps/common/Amnesia The Bunker/entities/character/player/player_body/player_body_soldier_arms_spec.dds in 0 ms
  Loaded resource c:/Program Files (x86)/Steam/steamapps/common/Amnesia The Bunker/entities/character/player/player_body/player_body_soldier_hand.dds in 0 ms
  Loaded resource c:/Program Files (x86)/Steam/steamapps/common/Amnesia The Bunker/entities/character/player/player_body/player_body_soldier_hand_nrm.dds in 0 ms
  Loaded resource c:/Program Files (x86)/Steam/steamapps/common/Amnesia The Bunker/entities/character/player/player_body/player_body_soldier_hand_spec.dds in 0 ms
  Loaded resource c:/Program Files (x86)/Steam/steamapps/common/Amnesia The Bunker/entities/character/player/player_body/player_body_soldier_hand_trinkle.dds in 0 ms
  Loaded resource c:/Program Files (x86)/Steam/steamapps/common/Amnesia The Bunker/entities/bunker/gameplay/molotov_cocktail/molotov_wine_empty.dds in 0 ms
  Loaded resource c:/Program Files (x86)/Steam/steamapps/common/Amnesia The Bunker/entities/bunker/gameplay/molotov_cocktail/molotov_rag_diffuse.dds in 0 ms
  Loaded resource c:/Program Files (x86)/Steam/steamapps/common/Amnesia The Bunker/entities/bunker/gameplay/molotov_cocktail/molotov_rag_nrm.dds in 0 ms
  Loaded resource c:/Program Files (x86)/Steam/steamapps/common/Amnesia The Bunker/entities/bunker/gameplay/molotov_cocktail/molotov_rag_alpha.dds in 0 ms
  Loaded resource c:/Program Files (x86)/Steam/steamapps/common/Amnesia The Bunker/entities/bunker/gameplay/molotov_cocktail/molotov_rag_spec.dds in 0 ms
  Loaded resource c:/Program Files (x86)/Steam/steamapps/common/Amnesia The Bunker/textures/decals/nonexclusive/blob_shadow.dds in 0 ms
  Loaded resource c:/Program Files (x86)/Steam/steamapps/common/Amnesia The Bunker/entities/bunker/gameplay/revolver/revolver_bunker_diffuse.dds in 0 ms
  Loaded resource c:/Program Files (x86)/Steam/steamapps/common/Amnesia The Bunker/entities/bunker/gameplay/revolver/revolver_bunker_nrm.dds in 0 ms
  Loaded resource c:/Program Files (x86)/Steam/steamapps/common/Amnesia The Bunker/entities/bunker/gameplay/revolver/revolver_bunker_spec.dds in 0 ms
  Loaded resource c:/Program Files (x86)/Steam/steamapps/common/Amnesia The Bunker/entities/bunker/gameplay/ammo_shotgun/ammo_shotgun.dds in 0 ms
  Loaded resource c:/Program Files (x86)/Steam/steamapps/common/Amnesia The Bunker/entities/bunker/gameplay/ammo_shotgun/ammo_shotgun_nrm.dds in 0 ms
  Loaded resource c:/Program Files (x86)/Steam/steamapps/common/Amnesia The Bunker/entities/bunker/gameplay/ammo_shotgun/ammo_shotgun_spec.dds in 0 ms
  Loaded resource c:/Program Files (x86)/Steam/steamapps/common/Amnesia The Bunker/entities/bunker/gameplay/magnetlampe/spinning_element_diffuse.dds in 0 ms
  Loaded resource c:/Program Files (x86)/Steam/steamapps/common/Amnesia The Bunker/entities/bunker/gameplay/magnetlampe/spinning_blur.dds in 0 ms
  Loaded resource c:/Program Files (x86)/Steam/steamapps/common/Amnesia The Bunker/billboards/halo/lampglow_cone01_portal_beam.dds in 0 ms
  Loaded resource c:/Program Files (x86)/Steam/steamapps/common/Amnesia The Bunker/billboards/halo/lampglow_cone02.dds in 0 ms
  Loaded resource c:/Program Files (x86)/Steam/steamapps/common/Amnesia The Bunker/entities/bunker/gameplay/magnetlampe/magnetlampe_steel_tiling_diffuse.dds in 0 ms
  Loaded resource c:/Program Files (x86)/Steam/steamapps/common/Amnesia The Bunker/entities/bunker/gameplay/magnetlampe/magnetlampe_steel_tiling_nrm.dds in 0 ms
  Loaded resource c:/Program Files (x86)/Steam/steamapps/common/Amnesia The Bunker/entities/bunker/gameplay/magnetlampe/magnetlampe_steel_tiling_spec.dds in 0 ms
  Loaded resource c:/Program Files (x86)/Steam/steamapps/common/Amnesia The Bunker/entities/bunker/gameplay/magnetlampe/magnetlampe_diffuse.dds in 0 ms
  Loaded resource c:/Program Files (x86)/Steam/steamapps/common/Amnesia The Bunker/entities/bunker/gameplay/magnetlampe/magnetlampe_nrm.dds in 0 ms
  Loaded resource c:/Program Files (x86)/Steam/steamapps/common/Amnesia The Bunker/entities/bunker/gameplay/magnetlampe/magnetlampe_spec.dds in 0 ms
  Loaded resource c:/Program Files (x86)/Steam/steamapps/common/Amnesia The Bunker/entities/bunker/gameplay/magnetlampe/magnetlampe_illum.dds in 0 ms
  Loaded resource c:/Program Files (x86)/Steam/steamapps/common/Amnesia The Bunker/entities/bunker/gameplay/torch_stick/torch_stick_diffuse.dds in 0 ms
  Loaded resource c:/Program Files (x86)/Steam/steamapps/common/Amnesia The Bunker/entities/bunker/gameplay/torch_stick/torch_stick_nrm.dds in 0 ms
  Loaded resource c:/Program Files (x86)/Steam/steamapps/common/Amnesia The Bunker/entities/bunker/gameplay/torch_stick/torch_stick_spec.dds in 0 ms
  Loaded resource c:/Program Files (x86)/Steam/steamapps/common/Amnesia The Bunker/billboards/halo/lampglow_large_generic.dds in 0 ms
  Loaded resource c:/Program Files (x86)/Steam/steamapps/common/Amnesia The Bunker/lights/lensflare/flare_star_simple.dds in 0 ms
  Loaded resource c:/Program Files (x86)/Steam/steamapps/common/Amnesia The Bunker/lights/lensflare/multi_iris_simple.dds in 0 ms
  Loaded resource c:/Program Files (x86)/Steam/steamapps/common/Amnesia The Bunker/billboards/special/torch_flame/torch_flame_001.dds in 0 ms
  Loaded resource c:/Program Files (x86)/Steam/steamapps/common/Amnesia The Bunker/entities/bunker/gameplay/torch_stick/torch_fuel_burn/torch_fuel_burn_0001.dds in 0 ms
  Loaded resource c:/Program Files (x86)/Steam/steamapps/common/Amnesia The Bunker/entities/bunker/gameplay/stopwatch/stopwatch.dds in 0 ms
  Loaded resource c:/Program Files (x86)/Steam/steamapps/common/Amnesia The Bunker/entities/bunker/gameplay/stopwatch/stopwatch_nrm.dds in 0 ms
  Loaded resource c:/Program Files (x86)/Steam/steamapps/common/Amnesia The Bunker/entities/bunker/gameplay/stopwatch/stopwatch_spec.dds in 0 ms
  Loaded resource c:/Program Files (x86)/Steam/steamapps/common/Amnesia The Bunker/entities/bunker/gameplay/grenade_of1/grenade_of1.dds in 0 ms
  Loaded resource c:/Program Files (x86)/Steam/steamapps/common/Amnesia The Bunker/entities/bunker/gameplay/grenade_of1/grenade_of1_nrm.dds in 0 ms
  Loaded resource c:/Program Files (x86)/Steam/steamapps/common/Amnesia The Bunker/entities/bunker/gameplay/grenade_of1/grenade_of1_spec.dds in 0 ms
  Loaded resource c:/Program Files (x86)/Steam/steamapps/common/Amnesia The Bunker/entities/bunker/gameplay/gas_grenade/gas_grenade.dds in 0 ms
  Loaded resource c:/Program Files (x86)/Steam/steamapps/common/Amnesia The Bunker/entities/bunker/gameplay/gas_grenade/gas_grenade_nrm.dds in 0 ms
  Loaded resource c:/Program Files (x86)/Steam/steamapps/common/Amnesia The Bunker/entities/bunker/gameplay/gas_grenade/gas_grenade_Spec.dds in 0 ms
  Loaded resource c:/Program Files (x86)/Steam/steamapps/common/Amnesia The Bunker/entities/bunker/gameplay/ratchet_spanner/ratchet_spanner.dds in 0 ms
  Loaded resource c:/Program Files (x86)/Steam/steamapps/common/Amnesia The Bunker/entities/bunker/gameplay/ratchet_spanner/ratchet_spanner_nrm.dds in 0 ms
  Loaded resource c:/Program Files (x86)/Steam/steamapps/common/Amnesia The Bunker/entities/bunker/gameplay/ratchet_spanner/ratchet_spanner_Spec.dds in 0 ms
  Loaded resource c:/Program Files (x86)/Steam/steamapps/common/Amnesia The Bunker/entities/bunker/gameplay/flare/flare.dds in 0 ms
  Loaded resource c:/Program Files (x86)/Steam/steamapps/common/Amnesia The Bunker/entities/bunker/gameplay/flare/flare_nrm.dds in 0 ms
  Loaded resource c:/Program Files (x86)/Steam/steamapps/common/Amnesia The Bunker/entities/bunker/gameplay/flare/flare_spec.dds in 0 ms
  Loaded resource c:/Program Files (x86)/Steam/steamapps/common/Amnesia The Bunker/billboards/special/matchflame/matchflame_large/matchflame_large_01.dds in 0 ms
  Loaded resource c:/Program Files (x86)/Steam/steamapps/common/Amnesia The Bunker/entities/nonexclusive/gameplay/lighter/lighter.dds in 1 ms
  Loaded resource c:/Program Files (x86)/Steam/steamapps/common/Amnesia The Bunker/entities/nonexclusive/gameplay/lighter/lighter_nrm.dds in 0 ms
  Loaded resource c:/Program Files (x86)/Steam/steamapps/common/Amnesia The Bunker/entities/nonexclusive/gameplay/lighter/lighter_spec.dds in 0 ms
  Loaded resource c:/Program Files (x86)/Steam/steamapps/common/Amnesia The Bunker/entities/bunker/gameplay/dynamite_stick/dynamite_stick.dds in 0 ms
  Loaded resource c:/Program Files (x86)/Steam/steamapps/common/Amnesia The Bunker/entities/bunker/gameplay/dynamite_stick/dynamite_stick_nrm.dds in 0 ms
  Loaded resource c:/Program Files (x86)/Steam/steamapps/common/Amnesia The Bunker/entities/bunker/gameplay/dynamite_stick/dynamite_stick_spec.dds in 0 ms
  Loaded resource c:/Program Files (x86)/Steam/steamapps/common/Amnesia The Bunker/entities/bunker/gameplay/dynamite_bundle/dynamite_bundle.dds in 0 ms
  Loaded resource c:/Program Files (x86)/Steam/steamapps/common/Amnesia The Bunker/entities/bunker/gameplay/dynamite_bundle/dynamite_bundle_nrm.dds in 0 ms
  Loaded resource c:/Program Files (x86)/Steam/steamapps/common/Amnesia The Bunker/entities/bunker/gameplay/dynamite_bundle/dynamite_bundle_spec.dds in 0 ms
  Loaded resource c:/Program Files (x86)/Steam/steamapps/common/Amnesia The Bunker/entities/bunker/gameplay/meat_chunks/meat_chunks_diffuse.dds in 0 ms
  Loaded resource c:/Program Files (x86)/Steam/steamapps/common/Amnesia The Bunker/entities/bunker/gameplay/meat_chunks/meat_chunks_nrm.dds in 0 ms
  Loaded resource c:/Program Files (x86)/Steam/steamapps/common/Amnesia The Bunker/entities/bunker/gameplay/meat_chunks/meat_chunks_spec.dds in 0 ms
  Loaded resource c:/Program Files (x86)/Steam/steamapps/common/Amnesia The Bunker/entities/bunker/gameplay/lockdown_wheel/lockdown_wheel.dds in 0 ms
  Loaded resource c:/Program Files (x86)/Steam/steamapps/common/Amnesia The Bunker/entities/bunker/gameplay/lockdown_wheel/lockdown_wheel_nrm.dds in 0 ms
  Loaded resource c:/Program Files (x86)/Steam/steamapps/common/Amnesia The Bunker/entities/bunker/gameplay/lockdown_wheel/lockdown_wheel_spec.dds in 0 ms
  Loaded resource c:/Program Files (x86)/Steam/steamapps/common/Amnesia The Bunker/entities/bunker/gameplay/detonator/detonator.dds in 0 ms
  Loaded resource c:/Program Files (x86)/Steam/steamapps/common/Amnesia The Bunker/entities/bunker/gameplay/detonator/detonator_nrm.dds in 0 ms
  Loaded resource c:/Program Files (x86)/Steam/steamapps/common/Amnesia The Bunker/entities/bunker/gameplay/detonator/detonator_spec.DDS in 0 ms
  Loaded resource c:/Program Files (x86)/Steam/steamapps/common/Amnesia The Bunker/entities/bunker/gameplay/metal_door_lock/metal_door_lock.dds in 0 ms
  Loaded resource c:/Program Files (x86)/Steam/steamapps/common/Amnesia The Bunker/entities/bunker/gameplay/metal_door_lock/metal_door_lock_nrm.dds in 0 ms
  Loaded resource c:/Program Files (x86)/Steam/steamapps/common/Amnesia The Bunker/entities/bunker/gameplay/metal_door_lock/metal_door_lock_spec.dds in 0 ms
  Loaded resource c:/Program Files (x86)/Steam/steamapps/common/Amnesia The Bunker/entities/bunker/gameplay/fuse/fuse_diffuse.dds in 0 ms
  Loaded resource c:/Program Files (x86)/Steam/steamapps/common/Amnesia The Bunker/entities/bunker/gameplay/fuse/fuse_nrm.dds in 0 ms
  Loaded resource c:/Program Files (x86)/Steam/steamapps/common/Amnesia The Bunker/entities/bunker/gameplay/fuse/fuse_spec.dds in 0 ms
  Loaded resource c:/Program Files (x86)/Steam/steamapps/common/Amnesia The Bunker/entities/technical/block_box/block_box.dds in 0 ms
  Loaded resource c:/Program Files (x86)/Steam/steamapps/common/Amnesia The Bunker/entities/bunker/gameplay/dogtag/dogtag_diffuse.dds in 0 ms
  Loaded resource c:/Program Files (x86)/Steam/steamapps/common/Amnesia The Bunker/entities/bunker/gameplay/dogtag/dogtag_nrm.dds in 0 ms
  Loaded resource c:/Program Files (x86)/Steam/steamapps/common/Amnesia The Bunker/entities/bunker/gameplay/dogtag/dogtag_spec.dds in 1 ms
  Loaded resource c:/Program Files (x86)/Steam/steamapps/common/Amnesia The Bunker/entities/bunker/gameplay/dogtag/dogtag_string_diffuse.dds in 0 ms
  Loaded resource c:/Program Files (x86)/Steam/steamapps/common/Amnesia The Bunker/entities/bunker/gameplay/dogtag/dogtag_string_nrm.dds in 0 ms
  Loaded resource c:/Program Files (x86)/Steam/steamapps/common/Amnesia The Bunker/entities/bunker/gameplay/dogtag/dogtag_string_illum.dds in 0 ms
  Loaded resource c:/Program Files (x86)/Steam/steamapps/common/Amnesia The Bunker/entities/bunker/gameplay/dogtag/dogtag_string_shadow.dds in 0 ms
  Loaded resource c:/Program Files (x86)/Steam/steamapps/common/Amnesia The Bunker/entities/bunker/gameplay/dogtag/dogtag_alphabet_diffuse.dds in 0 ms
  Loaded resource c:/Program Files (x86)/Steam/steamapps/common/Amnesia The Bunker/entities/bunker/gameplay/dogtag/dogtag_alphabet_nrm.dds in 0 ms
  Loaded resource c:/Program Files (x86)/Steam/steamapps/common/Amnesia The Bunker/entities/bunker/gameplay/dogtag/dogtag_alphabet_spec.dds in 0 ms
  Loaded resource c:/Program Files (x86)/Steam/steamapps/common/Amnesia The Bunker/textures/decals/bunker/bullet_holes/bullet_hole_bunkerwall_diffuse.dds in 0 ms
  Loaded resource c:/Program Files (x86)/Steam/steamapps/common/Amnesia The Bunker/textures/decals/bunker/bullet_holes/bullet_hole_nrm.dds in 0 ms
  Loaded resource c:/Program Files (x86)/Steam/steamapps/common/Amnesia The Bunker/textures/decals/bunker/bullet_holes/bullet_hole_height.dds in 0 ms
  Loaded resource c:/Program Files (x86)/Steam/steamapps/common/Amnesia The Bunker/mods/BunkersEdge/textures/pork/those_who_pork.png in 10 ms
  Loaded resource c:/Program Files (x86)/Steam/steamapps/common/Amnesia The Bunker/particles/dust/materials/ash_flake.dds in 0 ms
  Loaded resource c:/Program Files (x86)/Steam/steamapps/common/Amnesia The Bunker/particles/water/materials/waterbubbles_small.dds in 0 ms
  Loaded resource c:/Program Files (x86)/Steam/steamapps/common/Amnesia The Bunker/particles/fire/materials/fire_blurry.dds in 0 ms
  Loaded resource c:/Program Files (x86)/Steam/steamapps/common/Amnesia The Bunker/particles/fire/materials/ember.dds in 0 ms
  Loaded resource c:/Program Files (x86)/Steam/steamapps/common/Amnesia The Bunker/particles/fire/materials/heat_refraction.dds in 0 ms
  Loaded resource c:/Program Files (x86)/Steam/steamapps/common/Amnesia The Bunker/particles/fire/materials/heat_refraction_nrm.dds in 0 ms
  Loaded resource c:/Program Files (x86)/Steam/steamapps/common/Amnesia The Bunker/particles/fire/materials/spark.dds in 0 ms
  Loaded resource c:/Program Files (x86)/Steam/steamapps/common/Amnesia The Bunker/particles/impacts/materials/particle_dust.dds in 0 ms
  Loaded resource c:/Program Files (x86)/Steam/steamapps/common/Amnesia The Bunker/particles/impacts/materials/particle_spark.dds in 1 ms
  Loaded resource c:/Program Files (x86)/Steam/steamapps/common/Amnesia The Bunker/particles/debris/materials/rock_debris.dds in 0 ms
  Loaded resource c:/Program Files (x86)/Steam/steamapps/common/Amnesia The Bunker/particles/debris/materials/rock_debris_nrm.dds in 0 ms
  Loaded resource c:/Program Files (x86)/Steam/steamapps/common/Amnesia The Bunker/particles/debris/materials/rock_debris_spec.dds in 0 ms
  Loaded resource c:/Program Files (x86)/Steam/steamapps/common/Amnesia The Bunker/particles/impacts/materials/particle_dirt.dds in 0 ms
  Loaded resource c:/Program Files (x86)/Steam/steamapps/common/Amnesia The Bunker/particles/impacts/materials/ps_water_ripple01.dds in 0 ms
  Loaded resource c:/Program Files (x86)/Steam/steamapps/common/Amnesia The Bunker/particles/impacts/materials/water_ripple_nrm.dds in 0 ms
  Loaded resource c:/Program Files (x86)/Steam/steamapps/common/Amnesia The Bunker/particles/impacts/materials/particle_water_splash.dds in 0 ms
  Loaded resource c:/Program Files (x86)/Steam/steamapps/common/Amnesia The Bunker/particles/impacts/materials/particle_water_splash_nrm.dds in 0 ms
  Loaded resource c:/Program Files (x86)/Steam/steamapps/common/Amnesia The Bunker/particles/dust/materials/dust_sand_long_thin.dds in 0 ms
  Loaded resource c:/Program Files (x86)/Steam/steamapps/common/Amnesia The Bunker/billboards/halo/lampglow_generic_square.mat in 0 ms
  Loaded resource c:/Program Files (x86)/Steam/steamapps/common/Amnesia The Bunker/billboards/halo/lampglow_generic.mat in 0 ms
  Loaded resource c:/Program Files (x86)/Steam/steamapps/common/Amnesia The Bunker/mods/BunkersEdge/static_objects/tdd/mansionbase/wall/mansionbase.mat in 0 ms
  Loaded resource c:/Program Files (x86)/Steam/steamapps/common/Amnesia The Bunker/mods/BunkersEdge/static_objects/tdd/mansionbase/wall/mansionbase02.mat in 0 ms
  Loaded resource c:/Program Files (x86)/Steam/steamapps/common/Amnesia The Bunker/mods/BunkersEdge/static_objects/tdd/mansionbase/wall/mansionbase_window_blue.mat in 0 ms
  Loaded resource c:/Program Files (x86)/Steam/steamapps/common/Amnesia The Bunker/mods/BunkersEdge/static_objects/tdd/mansionbase/wall/mansionbase_window_frame.mat in 0 ms
  Loaded resource c:/Program Files (x86)/Steam/steamapps/common/Amnesia The Bunker/mods/BunkersEdge/static_objects/tdd/mansionbase/ceiling/mansionbase_ceiling_wood.mat in 0 ms
  Loaded resource c:/Program Files (x86)/Steam/steamapps/common/Amnesia The Bunker/mods/BunkersEdge/static_objects/tdd/mansionbase/floor/mansionbase_floor.mat in 0 ms
  Loaded resource c:/Program Files (x86)/Steam/steamapps/common/Amnesia The Bunker/mods/BunkersEdge/static_objects/tdd/mansionbase/floor/mansionbase_floor_boards.mat in 0 ms
  Loaded resource c:/Program Files (x86)/Steam/steamapps/common/Amnesia The Bunker/static_objects/technical/block_out_tools/block_temp.mat in 0 ms
  Loaded resource c:/Program Files (x86)/Steam/steamapps/common/Amnesia The Bunker/textures/decals/organic/blood/blood_splatter.mat in 0 ms
  Loaded resource c:/Program Files (x86)/Steam/steamapps/common/Amnesia The Bunker/entities/survivors/ornaments/gramophone_airplane/gramophone_airplane.mat in 0 ms
  Loaded resource c:/Program Files (x86)/Steam/steamapps/common/Amnesia The Bunker/entities/bunker/gameplay/ammo_bullets/ammo_bullets.mat in 0 ms
  Loaded resource c:/Program Files (x86)/Steam/steamapps/common/Amnesia The Bunker/entities/french_colonization/furniture/arabic_stool/arabic_stool.mat in 0 ms
  Loaded resource c:/Program Files (x86)/Steam/steamapps/common/Amnesia The Bunker/textures/liquid/water/waterplane_oasis.mat in 0 ms
  Loaded resource c:/Program Files (x86)/Steam/steamapps/common/Amnesia The Bunker/textures/liquid/water/waterplane_underwater.mat in 0 ms
  Loaded resource c:/Program Files (x86)/Steam/steamapps/common/Amnesia The Bunker/entities/french_colonization/ornaments/bottle_vodka/bottle_vodka.mat in 0 ms
  Loaded resource c:/Program Files (x86)/Steam/steamapps/common/Amnesia The Bunker/entities/roman/ornament/statue_atlas/statue_atlas.mat in 0 ms
  Loaded resource c:/Program Files (x86)/Steam/steamapps/common/Amnesia The Bunker/entities/arabic_fort/lamp/arab_lamp_oil_hanging_01/arab_lamp_oil_hanging_01.mat in 0 ms
  Loaded resource c:/Program Files (x86)/Steam/steamapps/common/Amnesia The Bunker/entities/tribal/lamp/chandelier_tribe/chandelier_tribe.mat in 0 ms
  Loaded resource c:/Program Files (x86)/Steam/steamapps/common/Amnesia The Bunker/entities/archaeology/tools/archaeology_brush_big/archaeology_brush_big.mat in 0 ms
  Loaded resource c:/Program Files (x86)/Steam/steamapps/common/Amnesia The Bunker/entities/french_colonization/furniture/french_desk_wooden/french_desk_wooden.mat in 0 ms
  Loaded resource c:/Program Files (x86)/Steam/steamapps/common/Amnesia The Bunker/entities/bunker/gameplay/chain_cutters/chain_cutters.mat in 0 ms
  Loaded resource c:/Program Files (x86)/Steam/steamapps/common/Amnesia The Bunker/entities/bunker/gameplay/doll_rabbit/doll_rabbit.mat in 1 ms
  Loaded resource c:/Program Files (x86)/Steam/steamapps/common/Amnesia The Bunker/entities/bunker/gameplay/fuel_medium/fuel_medium.mat in 0 ms
  Loaded resource c:/Program Files (x86)/Steam/steamapps/common/Amnesia The Bunker/entities/arabic_fort/special/02_03_grenade/grenade.mat in 0 ms
  Loaded resource c:/Program Files (x86)/Steam/steamapps/common/Amnesia The Bunker/entities/survivors/tech/bandages/bandages.mat in 0 ms
  Loaded resource c:/Program Files (x86)/Steam/steamapps/common/Amnesia The Bunker/entities/bunker/gameplay/molotov_cocktail/cork.mat in 0 ms
  Loaded resource c:/Program Files (x86)/Steam/steamapps/common/Amnesia The Bunker/entities/bunker/gameplay/molotov_cocktail/molotov_wine.mat in 0 ms
  Loaded resource c:/Program Files (x86)/Steam/steamapps/common/Amnesia The Bunker/entities/character/soldier_blind_shotgun/soldier_blind_body/soldier_blind_shotgun_body.mat in 0 ms
  Loaded resource c:/Program Files (x86)/Steam/steamapps/common/Amnesia The Bunker/entities/bunker/gameplay/trench_shotgun/trench_shotgun_body/trench_shotgun.mat in 0 ms
  Loaded resource c:/Program Files (x86)/Steam/steamapps/common/Amnesia The Bunker/entities/bunker/organic/cheese_wheel/cheese_wheel_half.mat in 0 ms
  Loaded resource c:/Program Files (x86)/Steam/steamapps/common/Amnesia The Bunker/entities/bunker/organic/corpse_bits/andrew_erskin_corpse_head.mat in 0 ms
  Loaded resource c:/Program Files (x86)/Steam/steamapps/common/Amnesia The Bunker/entities/bunker/organic/corpse_bits/andrew_erskin_corpse_pants.mat in 0 ms
  Loaded resource c:/Program Files (x86)/Steam/steamapps/common/Amnesia The Bunker/entities/bunker/organic/corpse_bits/corpse_bones.mat in 0 ms
  Loaded resource c:/Program Files (x86)/Steam/steamapps/common/Amnesia The Bunker/entities/bunker/organic/corpse_bits/corpse_eaten.mat in 0 ms
  Loaded resource c:/Program Files (x86)/Steam/steamapps/common/Amnesia The Bunker/entities/bunker/organic/corpse_bits/corpses_body_soldier_arms.mat in 0 ms
  Loaded resource c:/Program Files (x86)/Steam/steamapps/common/Amnesia The Bunker/entities/bunker/organic/corpse_bits/corpses_body_soldier_body.mat in 0 ms
  Loaded resource c:/Program Files (x86)/Steam/steamapps/common/Amnesia The Bunker/entities/bunker/organic/corpse_bits/foreman_head.mat in 0 ms
  Loaded resource c:/Program Files (x86)/Steam/steamapps/common/Amnesia The Bunker/entities/bunker/organic/corpse_soldier_01/player_body_soldier_01.mat in 0 ms
  Loaded resource c:/Program Files (x86)/Steam/steamapps/common/Amnesia The Bunker/entities/bunker/organic/corpse_soldier_03/player_body_soldier_03.mat in 0 ms
  Loaded resource c:/Program Files (x86)/Steam/steamapps/common/Amnesia The Bunker/entities/bunker/organic/corpses_burnt/corspe_burnt.mat in 0 ms
  Loaded resource c:/Program Files (x86)/Steam/steamapps/common/Amnesia The Bunker/entities/bunker/organic/corpse_sheet/corpse_sheet.mat in 0 ms
  Loaded resource c:/Program Files (x86)/Steam/steamapps/common/Amnesia The Bunker/entities/french_colonization/organic/webb_head/webb_head.mat in 0 ms
  Loaded resource c:/Program Files (x86)/Steam/steamapps/common/Amnesia The Bunker/entities/bunker/ornaments/playing_cards/playing_cards.mat in 0 ms
  Loaded resource c:/Program Files (x86)/Steam/steamapps/common/Amnesia The Bunker/entities/bunker/gameplay/door_chain/chain_eyelet.mat in 0 ms
  Loaded resource c:/Program Files (x86)/Steam/steamapps/common/Amnesia The Bunker/entities/bunker/gameplay/door_chain/door_chain.mat in 0 ms
  Loaded resource c:/Program Files (x86)/Steam/steamapps/common/Amnesia The Bunker/entities/bunker/ornaments/sign_02/sign_02_plate.mat in 0 ms
  Loaded resource c:/Program Files (x86)/Steam/steamapps/common/Amnesia The Bunker/entities/bunker/ornaments/sign_explosives/sign_explosives.mat in 0 ms
  Loaded resource c:/Program Files (x86)/Steam/steamapps/common/Amnesia The Bunker/entities/bunker/storage/crate_simple_02/crate_simple_02.mat in 0 ms
  Loaded resource c:/Program Files (x86)/Steam/steamapps/common/Amnesia The Bunker/entities/bunker/storage/shelf_wood/shelf_wood.mat in 0 ms
  Loaded resource c:/Program Files (x86)/Steam/steamapps/common/Amnesia The Bunker/entities/character/stalker/stalker_body/monster_body.mat in 0 ms
  Loaded resource c:/Program Files (x86)/Steam/steamapps/common/Amnesia The Bunker/entities/dream/apartment_furniture/apartment_chair/apartment_chair.mat in 0 ms
  Loaded resource c:/Program Files (x86)/Steam/steamapps/common/Amnesia The Bunker/entities/dream/apartment_props/apartment_books/apartment_books.mat in 0 ms
  Loaded resource c:/Program Files (x86)/Steam/steamapps/common/Amnesia The Bunker/entities/dream/apartment_props/apartment_paintings/apartment_paintings.mat in 0 ms
  Loaded resource c:/Program Files (x86)/Steam/steamapps/common/Amnesia The Bunker/entities/french_colonization/furniture/arsenal_quartermaster_shelf/arsenal_quartermaster_shelf.mat in 0 ms
  Loaded resource c:/Program Files (x86)/Steam/steamapps/common/Amnesia The Bunker/entities/french_colonization/furniture/french_dresser_small/french_dresser_small.mat in 0 ms
  Loaded resource c:/Program Files (x86)/Steam/steamapps/common/Amnesia The Bunker/entities/french_colonization/ornaments/arab_plate/arab_plate.mat in 0 ms
  Loaded resource c:/Program Files (x86)/Steam/steamapps/common/Amnesia The Bunker/entities/french_colonization/ornaments/french_pocket_watch/french_pocket_watch.mat in 1 ms
  Loaded resource c:/Program Files (x86)/Steam/steamapps/common/Amnesia The Bunker/entities/french_colonization/prison/prison_furniture_stool/prison_furniture_stool.mat in 0 ms
  Loaded resource c:/Program Files (x86)/Steam/steamapps/common/Amnesia The Bunker/entities/roman/ornament/roman_statue_aristocrat/roman_statue_aristocrat.mat in 0 ms
  Loaded resource c:/Program Files (x86)/Steam/steamapps/common/Amnesia The Bunker/entities/roman/ornament/statue_mercury/statue_mercury.mat in 0 ms
  Loaded resource c:/Program Files (x86)/Steam/steamapps/common/Amnesia The Bunker/entities/roman/ornament/statue_thermae/statue_thermae.mat in 0 ms
  Loaded resource c:/Program Files (x86)/Steam/steamapps/common/Amnesia The Bunker/mods/BunkersEdge/entities/station/doors/slidedoor_medium_vertical/slidedoor_medium_vertical.mat in 0 ms
  Loaded resource c:/Program Files (x86)/Steam/steamapps/common/Amnesia The Bunker/mods/BunkersEdge/entities/station/furniture/bedsheet_old/bedsheet_tau.mat in 0 ms
  Loaded resource c:/Program Files (x86)/Steam/steamapps/common/Amnesia The Bunker/mods/BunkersEdge/entities/station/leisure/music_instrument_drum/music_instrument_drum.mat in 0 ms
  Loaded resource c:/Program Files (x86)/Steam/steamapps/common/Amnesia The Bunker/mods/BunkersEdge/entities/station/leisure/music_instrument_string/music_instrument_string.mat in 0 ms
  Loaded resource c:/Program Files (x86)/Steam/steamapps/common/Amnesia The Bunker/mods/BunkersEdge/entities/station/organic/corpse_omicron/Corpse_Omicron_Female.mat in 0 ms
  Loaded resource c:/Program Files (x86)/Steam/steamapps/common/Amnesia The Bunker/mods/BunkersEdge/entities/station/ornaments/ross_book_jung/ross_book_jung.mat in 0 ms
  Loaded resource c:/Program Files (x86)/Steam/steamapps/common/Amnesia The Bunker/mods/BunkersEdge/entities/station/ornaments_wall/clock_community_room/clock_community_room.mat in 0 ms
  Loaded resource c:/Program Files (x86)/Steam/steamapps/common/Amnesia The Bunker/mods/BunkersEdge/entities/station/ornaments_wall/clock_community_room/clock_community_room_numbers.mat in 0 ms
  Loaded resource c:/Program Files (x86)/Steam/steamapps/common/Amnesia The Bunker/mods/BunkersEdge/entities/station/storage/food_can_ration/food_can_ration.mat in 0 ms
  Loaded resource c:/Program Files (x86)/Steam/steamapps/common/Amnesia The Bunker/mods/BunkersEdge/entities/station/storage/food_can_ration/food_can_ration_open.mat in 0 ms
  Loaded resource c:/Program Files (x86)/Steam/steamapps/common/Amnesia The Bunker/mods/BunkersEdge/entities/station/tech/computer_panels/computer_panels.mat in 0 ms
  Loaded resource c:/Program Files (x86)/Steam/steamapps/common/Amnesia The Bunker/mods/BunkersEdge/entities/station/tech/computer_panels/computer_panels_medium_GUI.mat in 0 ms
  Loaded resource c:/Program Files (x86)/Steam/steamapps/common/Amnesia The Bunker/mods/BunkersEdge/entities/station/tech/monitor_theta/monitor_theta.mat in 0 ms
  Loaded resource c:/Program Files (x86)/Steam/steamapps/common/Amnesia The Bunker/mods/BunkersEdge/entities/station/terminals/screen_small.mat in 0 ms
  Loaded resource c:/Program Files (x86)/Steam/steamapps/common/Amnesia The Bunker/mods/BunkersEdge/entities/station/tools/bucket/bucket.mat in 0 ms
  Loaded resource c:/Program Files (x86)/Steam/steamapps/common/Amnesia The Bunker/entities/survivors/ornaments/doll_monkey/doll_monkey.mat in 0 ms
  Loaded resource c:/Program Files (x86)/Steam/steamapps/common/Amnesia The Bunker/entities/survivors/ornaments/plate_airplane/plate_airplane.mat in 0 ms
  Loaded resource c:/Program Files (x86)/Steam/steamapps/common/Amnesia The Bunker/entities/tin_hinan/gameplay/button_small/button_small.mat in 0 ms
  Loaded resource c:/Program Files (x86)/Steam/steamapps/common/Amnesia The Bunker/entities/tribal/ornaments/record_vinyl/record_vinyl.mat in 0 ms
  Loaded resource c:/Program Files (x86)/Steam/steamapps/common/Amnesia The Bunker/entities/tribal/ornaments/stick_pilgrim/stick_pilgrim.mat in 0 ms
  Loaded resource c:/Program Files (x86)/Steam/steamapps/common/Amnesia The Bunker/billboards/halo/lampglow_cone01_hard_softbillboard.mat in 0 ms
  Loaded resource c:/Program Files (x86)/Steam/steamapps/common/Amnesia The Bunker/mods/BunkersEdge/entities/tdd_enemies/servant_grunt/servant_grunt.mat in 0 ms
  Loaded resource c:/Program Files (x86)/Steam/steamapps/common/Amnesia The Bunker/mods/BunkersEdge/entities/tdd_enemies/servant_grunt/servant_grunt_hair.mat in 0 ms
  Loaded resource c:/Program Files (x86)/Steam/steamapps/common/Amnesia The Bunker/mods/BunkersEdge/entities/signs/sign_dead_room/sign_dead_room.mat in 0 ms
  Loaded resource c:/Program Files (x86)/Steam/steamapps/common/Amnesia The Bunker/mods/BunkersEdge/entities/signs/sign_debug_room/sign_debug_room.mat in 0 ms
  Loaded resource c:/Program Files (x86)/Steam/steamapps/common/Amnesia The Bunker/mods/BunkersEdge/entities/signs/sign_sitting_room/sign_sitting_room.mat in 0 ms
  Loaded resource c:/Program Files (x86)/Steam/steamapps/common/Amnesia The Bunker/mods/BunkersEdge/entities/signs/sign_time_room/sign_time_room.mat in 0 ms
  Loaded resource c:/Program Files (x86)/Steam/steamapps/common/Amnesia The Bunker/mods/BunkersEdge/entities/station/furniture/table_lab/table_lab.mat in 0 ms
  Loaded resource c:/Program Files (x86)/Steam/steamapps/common/Amnesia The Bunker/particles/dust/materials/dust_cloud.mat in 0 ms
  Loaded resource c:/Program Files (x86)/Steam/steamapps/common/Amnesia The Bunker/particles/dust/materials/dust_light_tiny.mat in 0 ms
  Loaded resource c:/Program Files (x86)/Steam/steamapps/common/Amnesia The Bunker/textures/decals/bunker/debris_splinters/debris_splinters02.mat in 0 ms
  Loaded resource c:/Program Files (x86)/Steam/steamapps/common/Amnesia The Bunker/textures/screeneffects/water_splash_screen.mat in 1 ms
  Loaded resource c:/Program Files (x86)/Steam/steamapps/common/Amnesia The Bunker/textures/screeneffects/water_drip_screen.mat in 0 ms
  Loaded resource c:/Program Files (x86)/Steam/steamapps/common/Amnesia The Bunker/textures/screeneffects/player_damage_screen.mat in 0 ms
  Loaded resource c:/Program Files (x86)/Steam/steamapps/common/Amnesia The Bunker/textures/screeneffects/player_damage_screen_minor.mat in 0 ms
  Loaded resource c:/Program Files (x86)/Steam/steamapps/common/Amnesia The Bunker/textures/screeneffects/player_damage_screen_major.mat in 0 ms
  Loaded resource c:/Program Files (x86)/Steam/steamapps/common/Amnesia The Bunker/textures/screeneffects/vignette_screen.mat in 0 ms
  Loaded resource c:/Program Files (x86)/Steam/steamapps/common/Amnesia The Bunker/textures/screeneffects/vignette_screen_strong.mat in 0 ms
  Loaded resource c:/Program Files (x86)/Steam/steamapps/common/Amnesia The Bunker/textures/screeneffects/vignette_screen_strongest.mat in 0 ms
  Loaded resource c:/Program Files (x86)/Steam/steamapps/common/Amnesia The Bunker/textures/screeneffects/gasmask_screen.mat in 0 ms
  Loaded resource c:/Program Files (x86)/Steam/steamapps/common/Amnesia The Bunker/textures/screeneffects/player_health_screen.mat in 0 ms
  Loaded resource c:/Program Files (x86)/Steam/steamapps/common/Amnesia The Bunker/entities/dynamic_decals/blood_trail/blood_trail.mat in 0 ms
  Loaded resource c:/Program Files (x86)/Steam/steamapps/common/Amnesia The Bunker/entities/bunker/gameplay/bottle_meds/bottle_meds.mat in 0 ms
  Loaded resource c:/Program Files (x86)/Steam/steamapps/common/Amnesia The Bunker/entities/bunker/gameplay/medkit/medkit.mat in 0 ms
  Loaded resource c:/Program Files (x86)/Steam/steamapps/common/Amnesia The Bunker/entities/bunker/gameplay/gas_mask_m2/gas_mask_m2.mat in 0 ms
  Loaded resource c:/Program Files (x86)/Steam/steamapps/common/Amnesia The Bunker/entities/bunker/gameplay/gas_mask_m2/gas_mask_glass.mat in 0 ms
  Loaded resource c:/Program Files (x86)/Steam/steamapps/common/Amnesia The Bunker/textures/technical/simple_grey.mat in 0 ms
  Loaded resource c:/Program Files (x86)/Steam/steamapps/common/Amnesia The Bunker/entities/character/player/player_body/player_body_soldier_body.mat in 1 ms
  Loaded resource c:/Program Files (x86)/Steam/steamapps/common/Amnesia The Bunker/entities/character/player/player_body/player_body_soldier_arms.mat in 0 ms
  Loaded resource c:/Program Files (x86)/Steam/steamapps/common/Amnesia The Bunker/entities/character/player/player_body/player_body_soldier_hand.mat in 0 ms
  Loaded resource c:/Program Files (x86)/Steam/steamapps/common/Amnesia The Bunker/entities/bunker/gameplay/molotov_cocktail/molotov_wine_empty.mat in 0 ms
  Loaded resource c:/Program Files (x86)/Steam/steamapps/common/Amnesia The Bunker/entities/bunker/gameplay/molotov_cocktail/molotov_rag_diffuse.mat in 0 ms
  Loaded resource c:/Program Files (x86)/Steam/steamapps/common/Amnesia The Bunker/textures/decals/nonexclusive/blob_shadow.mat in 0 ms
  Loaded resource c:/Program Files (x86)/Steam/steamapps/common/Amnesia The Bunker/entities/bunker/gameplay/molotov_cocktail/molotov_rag.mat in 0 ms
  Loaded resource c:/Program Files (x86)/Steam/steamapps/common/Amnesia The Bunker/entities/bunker/gameplay/revolver/revolver_bunker.mat in 0 ms
  Loaded resource c:/Program Files (x86)/Steam/steamapps/common/Amnesia The Bunker/entities/bunker/gameplay/ammo_shotgun/ammo_shotgun.mat in 0 ms
  Loaded resource c:/Program Files (x86)/Steam/steamapps/common/Amnesia The Bunker/entities/bunker/gameplay/magnetlampe/spinning_element.mat in 0 ms
  Loaded resource c:/Program Files (x86)/Steam/steamapps/common/Amnesia The Bunker/entities/bunker/gameplay/magnetlampe/spinning_blur.mat in 0 ms
  Loaded resource c:/Program Files (x86)/Steam/steamapps/common/Amnesia The Bunker/billboards/halo/lampglow_cone01_hard_color.mat in 0 ms
  Loaded resource c:/Program Files (x86)/Steam/steamapps/common/Amnesia The Bunker/billboards/halo/lampglow_cone02.mat in 0 ms
  Loaded resource c:/Program Files (x86)/Steam/steamapps/common/Amnesia The Bunker/billboards/halo/lampglow_cone01_hard_noise.mat in 0 ms
  Loaded resource c:/Program Files (x86)/Steam/steamapps/common/Amnesia The Bunker/entities/bunker/gameplay/magnetlampe/magnetlampe_steel_tiling.mat in 0 ms
  Loaded resource c:/Program Files (x86)/Steam/steamapps/common/Amnesia The Bunker/entities/bunker/gameplay/magnetlampe/magnetlampe.mat in 0 ms
  Loaded resource c:/Program Files (x86)/Steam/steamapps/common/Amnesia The Bunker/entities/bunker/gameplay/torch_stick/torch_stick.mat in 0 ms
  Loaded resource c:/Program Files (x86)/Steam/steamapps/common/Amnesia The Bunker/billboards/halo/lampglow_large_no_depth.mat in 0 ms
  Loaded resource c:/Program Files (x86)/Steam/steamapps/common/Amnesia The Bunker/lights/lensflare/flare_star_simple.mat in 0 ms
  Loaded resource c:/Program Files (x86)/Steam/steamapps/common/Amnesia The Bunker/lights/lensflare/multi_iris_simple.mat in 0 ms
  Loaded resource c:/Program Files (x86)/Steam/steamapps/common/Amnesia The Bunker/billboards/special/torch_flame/torch_flame_sway_29fps.mat in 0 ms
  Loaded resource c:/Program Files (x86)/Steam/steamapps/common/Amnesia The Bunker/billboards/special/torch_flame/torch_flame_sway_32fps.mat in 0 ms
  Loaded resource c:/Program Files (x86)/Steam/steamapps/common/Amnesia The Bunker/entities/bunker/gameplay/torch_stick/torch_stick_rag_lit.mat in 0 ms
  Loaded resource c:/Program Files (x86)/Steam/steamapps/common/Amnesia The Bunker/billboards/special/torch_flame/torch_flame.mat in 0 ms
  Loaded resource c:/Program Files (x86)/Steam/steamapps/common/Amnesia The Bunker/entities/bunker/gameplay/stopwatch/stopwatch.mat in 0 ms
  Loaded resource c:/Program Files (x86)/Steam/steamapps/common/Amnesia The Bunker/entities/bunker/gameplay/grenade_of1/grenade_of1.mat in 0 ms
  Loaded resource c:/Program Files (x86)/Steam/steamapps/common/Amnesia The Bunker/entities/bunker/gameplay/gas_grenade/gas_grenade.mat in 0 ms
  Loaded resource c:/Program Files (x86)/Steam/steamapps/common/Amnesia The Bunker/entities/bunker/gameplay/ratchet_spanner/ratchet_spanner.mat in 0 ms
  Loaded resource c:/Program Files (x86)/Steam/steamapps/common/Amnesia The Bunker/textures/simple_grey.mat in 0 ms
  Loaded resource c:/Program Files (x86)/Steam/steamapps/common/Amnesia The Bunker/entities/bunker/gameplay/flare/flare.mat in 0 ms
  Loaded resource c:/Program Files (x86)/Steam/steamapps/common/Amnesia The Bunker/billboards/special/matchflame/matchflame_large/matchflame_large.mat in 0 ms
  Loaded resource c:/Program Files (x86)/Steam/steamapps/common/Amnesia The Bunker/entities/nonexclusive/gameplay/lighter/lighter.mat in 0 ms
  Loaded resource c:/Program Files (x86)/Steam/steamapps/common/Amnesia The Bunker/entities/bunker/gameplay/dynamite_stick/dynamite_stick.mat in 0 ms
  Loaded resource c:/Program Files (x86)/Steam/steamapps/common/Amnesia The Bunker/entities/bunker/gameplay/dynamite_bundle/dynamite_bundle.mat in 0 ms
  Loaded resource c:/Program Files (x86)/Steam/steamapps/common/Amnesia The Bunker/entities/bunker/gameplay/meat_chunks/meat_chunks.mat in 0 ms
  Loaded resource c:/Program Files (x86)/Steam/steamapps/common/Amnesia The Bunker/entities/bunker/gameplay/lockdown_wheel/lockdown_wheel.mat in 0 ms
  Loaded resource c:/Program Files (x86)/Steam/steamapps/common/Amnesia The Bunker/entities/bunker/gameplay/detonator/detonator.mat in 1 ms
  Loaded resource c:/Program Files (x86)/Steam/steamapps/common/Amnesia The Bunker/entities/bunker/gameplay/metal_door_lock/metal_door_lock.mat in 0 ms
  Loaded resource c:/Program Files (x86)/Steam/steamapps/common/Amnesia The Bunker/entities/bunker/gameplay/fuse/fuse.mat in 0 ms
  Loaded resource c:/Program Files (x86)/Steam/steamapps/common/Amnesia The Bunker/entities/technical/block_box/block_box.mat in 0 ms
  Loaded resource c:/Program Files (x86)/Steam/steamapps/common/Amnesia The Bunker/entities/bunker/gameplay/dogtag/dogtag.mat in 0 ms
  Loaded resource c:/Program Files (x86)/Steam/steamapps/common/Amnesia The Bunker/entities/bunker/gameplay/dogtag/dogtag_string.mat in 0 ms
  Loaded resource c:/Program Files (x86)/Steam/steamapps/common/Amnesia The Bunker/entities/bunker/gameplay/dogtag/dogtag_string_shadow.mat in 0 ms
  Loaded resource c:/Program Files (x86)/Steam/steamapps/common/Amnesia The Bunker/entities/bunker/gameplay/dogtag/dogtag_alphabet.mat in 0 ms
  Loaded resource c:/Program Files (x86)/Steam/steamapps/common/Amnesia The Bunker/textures/decals/bunker/bullet_holes/bullet_holes_bunkerwall_decal.mat in 0 ms
  Loaded resource c:/Program Files (x86)/Steam/steamapps/common/Amnesia The Bunker/mods/BunkersEdge/textures/pork/those_who_pork.mat in 0 ms
  Loaded resource c:/Program Files (x86)/Steam/steamapps/common/Amnesia The Bunker/particles/dust/materials/ash_flake_light.mat in 0 ms
  Loaded resource c:/Program Files (x86)/Steam/steamapps/common/Amnesia The Bunker/particles/dust/materials/dust_cloud_noDof.mat in 0 ms
  Loaded resource c:/Program Files (x86)/Steam/steamapps/common/Amnesia The Bunker/particles/water/materials/waterbubbles_small.mat in 0 ms
  Loaded resource c:/Program Files (x86)/Steam/steamapps/common/Amnesia The Bunker/particles/fire_blurry_soft.mat in 0 ms
  Loaded resource c:/Program Files (x86)/Steam/steamapps/common/Amnesia The Bunker/particles/dust/materials/dust_light_tiny_add_lampefade.mat in 0 ms
  Loaded resource c:/Program Files (x86)/Steam/steamapps/common/Amnesia The Bunker/particles/fire/materials/ember_add.mat in 0 ms
  Loaded resource c:/Program Files (x86)/Steam/steamapps/common/Amnesia The Bunker/particles/fire/materials/heat_refraction.mat in 0 ms
  Loaded resource c:/Program Files (x86)/Steam/steamapps/common/Amnesia The Bunker/particles/fire/materials/spark.mat in 0 ms
  Loaded resource c:/Program Files (x86)/Steam/steamapps/common/Amnesia The Bunker/particles/dust/materials/dust_cloud_subdiv.mat in 0 ms
  Loaded resource c:/Program Files (x86)/Steam/steamapps/common/Amnesia The Bunker/particles/impacts/materials/ps_dust.mat in 0 ms
  Loaded resource c:/Program Files (x86)/Steam/steamapps/common/Amnesia The Bunker/particles/impacts/materials/ps_spark.mat in 1 ms
  Loaded resource c:/Program Files (x86)/Steam/steamapps/common/Amnesia The Bunker/particles/impacts/materials/ps_dust_soft.mat in 0 ms
  Loaded resource c:/Program Files (x86)/Steam/steamapps/common/Amnesia The Bunker/particles/debris/materials/rock_debris.mat in 0 ms
  Loaded resource c:/Program Files (x86)/Steam/steamapps/common/Amnesia The Bunker/particles/impacts/materials/ps_dirt.mat in 0 ms
  Loaded resource c:/Program Files (x86)/Steam/steamapps/common/Amnesia The Bunker/particles/impacts/materials/ps_water_ripple01.mat in 0 ms
  Loaded resource c:/Program Files (x86)/Steam/steamapps/common/Amnesia The Bunker/particles/impacts/materials/ps_water_splash01.mat in 0 ms
  Loaded resource c:/Program Files (x86)/Steam/steamapps/common/Amnesia The Bunker/particles/impacts/materials/ps_dust_ignore_light.mat in 0 ms
  Loaded resource c:/Program Files (x86)/Steam/steamapps/common/Amnesia The Bunker/particles/dust/materials/dust_sand_long_thin.mat in 0 ms
  Loaded resource c:/Program Files (x86)/Steam/steamapps/common/Amnesia The Bunker/particles/dust/dust_light_medium.ps in 0 ms
  Loaded resource c:/Program Files (x86)/Steam/steamapps/common/Amnesia The Bunker/particles/dust/dust_impact_wood.ps in 0 ms
  Loaded resource c:/Program Files (x86)/Steam/steamapps/common/Amnesia The Bunker/particles/dust/dust_impact_med_oneshot.ps in 0 ms
  Loaded resource c:/Program Files (x86)/Steam/steamapps/common/Amnesia The Bunker/particles/dust/dust_impact_simple_oneshot.ps in 0 ms
  Loaded resource c:/Program Files (x86)/Steam/steamapps/common/Amnesia The Bunker/particles/water/underwater.ps in 0 ms
  Loaded resource c:/Program Files (x86)/Steam/steamapps/common/Amnesia The Bunker/particles/fire/molotov_light.ps in 0 ms
  Loaded resource c:/Program Files (x86)/Steam/steamapps/common/Amnesia The Bunker/particles/dust/dust_magnetlampe.ps in 0 ms
  Loaded resource c:/Program Files (x86)/Steam/steamapps/common/Amnesia The Bunker/particles/torch_fire.ps in 0 ms
  Loaded resource c:/Program Files (x86)/Steam/steamapps/common/Amnesia The Bunker/particles/fire/sparks_tiny.ps in 0 ms
  Loaded resource c:/Program Files (x86)/Steam/steamapps/common/Amnesia The Bunker/particles/impacts/bullet_impact_blood.ps in 0 ms
  Loaded resource c:/Program Files (x86)/Steam/steamapps/common/Amnesia The Bunker/particles/impacts/bullet_impact_wood.ps in 0 ms
  Loaded resource c:/Program Files (x86)/Steam/steamapps/common/Amnesia The Bunker/particles/impacts/bullet_impact_metal.ps in 0 ms
  Loaded resource c:/Program Files (x86)/Steam/steamapps/common/Amnesia The Bunker/particles/impacts/bullet_impact_rock.ps in 1 ms
  Loaded resource c:/Program Files (x86)/Steam/steamapps/common/Amnesia The Bunker/particles/impacts/bullet_impact_dirt.ps in 0 ms
  Loaded resource c:/Program Files (x86)/Steam/steamapps/common/Amnesia The Bunker/particles/impacts/bullet_impact_water.ps in 0 ms
  Loaded resource c:/Program Files (x86)/Steam/steamapps/common/Amnesia The Bunker/particles/impacts/bullet_impact_blood_bright.ps in 0 ms
  Loaded resource c:/Program Files (x86)/Steam/steamapps/common/Amnesia The Bunker/particles/impacts/bullet_impact_wood_bright.ps in 0 ms
  Loaded resource c:/Program Files (x86)/Steam/steamapps/common/Amnesia The Bunker/particles/impacts/bullet_impact_metal_bright.ps in 1 ms
  Loaded resource c:/Program Files (x86)/Steam/steamapps/common/Amnesia The Bunker/particles/impacts/bullet_impact_rock_bright.ps in 0 ms
  Loaded resource c:/Program Files (x86)/Steam/steamapps/common/Amnesia The Bunker/particles/impacts/bullet_impact_dirt_bright.ps in 0 ms
  Loaded resource c:/Program Files (x86)/Steam/steamapps/common/Amnesia The Bunker/particles/impacts/bullet_impact_water_bright.ps in 0 ms
  Loaded resource c:/Program Files (x86)/Steam/steamapps/common/Amnesia The Bunker/particles/bombing_effect.ps in 0 ms
  Loaded resource c:/Program Files (x86)/Steam/steamapps/common/Amnesia The Bunker/entities/bunker/ornaments/sign_02/sign_02_hanging.dae in 0 ms
  Loaded resource c:/Program Files (x86)/Steam/steamapps/common/Amnesia The Bunker/mods/BunkersEdge/entities/tdd_enemies/servant_grunt/grunt_fix.dae in 0 ms
  Loaded resource c:/Program Files (x86)/Steam/steamapps/common/Amnesia The Bunker/mods/BunkersEdge/entities/station/ornaments_wall/clock_community_room/clock_community_room.dae in 0 ms
  Loaded resource c:/Program Files (x86)/Steam/steamapps/common/Amnesia The Bunker/entities/dream/apartment_furniture/apartment_chair/apartment_chair.dae in 0 ms
  Loaded resource c:/Program Files (x86)/Steam/steamapps/common/Amnesia The Bunker/entities/bunker/ornaments/sign_explosives/sign_explosives01.dae in 0 ms
  Loaded resource c:/Program Files (x86)/Steam/steamapps/common/Amnesia The Bunker/entities/bunker/organic/corpse_bits/corpse_clothes.dae in 0 ms
  Loaded resource c:/Program Files (x86)/Steam/steamapps/common/Amnesia The Bunker/entities/bunker/organic/corpse_bits_burnt/corpse_bones_thigh_burnt.dae in 0 ms
  Loaded resource c:/Program Files (x86)/Steam/steamapps/common/Amnesia The Bunker/entities/bunker/organic/corpse_sheet/corpse_sheet.dae in 0 ms
  Loaded resource c:/Program Files (x86)/Steam/steamapps/common/Amnesia The Bunker/mods/BunkersEdge/entities/station/furniture/bedsheet_old/bedsheet_old_corpse_long.dae in 0 ms
  Loaded resource c:/Program Files (x86)/Steam/steamapps/common/Amnesia The Bunker/mods/BunkersEdge/entities/station/organic/corpse_omicron/corpse_omicron_female_lying_down.dae in 0 ms
  Loaded resource c:/Program Files (x86)/Steam/steamapps/common/Amnesia The Bunker/entities/roman/ornament/statue_mercury/statue_mercury.dae in 0 ms
  Loaded resource c:/Program Files (x86)/Steam/steamapps/common/Amnesia The Bunker/entities/roman/ornament/statue_thermae/statue_thermae.dae in 0 ms
  Loaded resource c:/Program Files (x86)/Steam/steamapps/common/Amnesia The Bunker/entities/roman/ornament/statue_atlas/statue_atlas.dae in 0 ms
  Loaded resource c:/Program Files (x86)/Steam/steamapps/common/Amnesia The Bunker/entities/bunker/organic/corpse_bits/foreman_corpse.fbx in 0 ms
  Loaded resource c:/Program Files (x86)/Steam/steamapps/common/Amnesia The Bunker/entities/bunker/organic/corpse_bits/andrew_corpse_06.fbx in 0 ms
  Loaded resource c:/Program Files (x86)/Steam/steamapps/common/Amnesia The Bunker/entities/bunker/organic/corpse_soldier_01/corpse_soldier_01_rigged.fbx in 0 ms
  Loaded resource c:/Program Files (x86)/Steam/steamapps/common/Amnesia The Bunker/entities/bunker/organic/corpse_soldier_03/corpse_03.fbx in 0 ms
  Loaded resource c:/Program Files (x86)/Steam/steamapps/common/Amnesia The Bunker/entities/bunker/organic/corpse_bits/corpse_leg_01.fbx in 0 ms
  Loaded resource c:/Program Files (x86)/Steam/steamapps/common/Amnesia The Bunker/entities/bunker/organic/corpse_bits/corpse_arm_02.fbx in 0 ms
  Loaded resource c:/Program Files (x86)/Steam/steamapps/common/Amnesia The Bunker/mods/BunkersEdge/entities/station/furniture/table_lab/table_lab_large.dae in 0 ms
  Loaded resource c:/Program Files (x86)/Steam/steamapps/common/Amnesia The Bunker/entities/survivors/tech/bandages/bandages_jar.dae in 0 ms
  Loaded resource c:/Program Files (x86)/Steam/steamapps/common/Amnesia The Bunker/entities/bunker/gameplay/ammo_bullets/ammo_bullets.DAE in 0 ms
  Loaded resource c:/Program Files (x86)/Steam/steamapps/common/Amnesia The Bunker/entities/bunker/gameplay/chain_cutters/chain_cutters.DAE in 0 ms
  Loaded resource c:/Program Files (x86)/Steam/steamapps/common/Amnesia The Bunker/entities/bunker/gameplay/fuel_medium/fuel_medium.DAE in 0 ms
  Loaded resource c:/Program Files (x86)/Steam/steamapps/common/Amnesia The Bunker/entities/bunker/gameplay/grenade/grenade_static.dae in 0 ms
  Loaded resource c:/Program Files (x86)/Steam/steamapps/common/Amnesia The Bunker/entities/tin_hinan/gameplay/button_small/button_small.dae in 0 ms
  Loaded resource c:/Program Files (x86)/Steam/steamapps/common/Amnesia The Bunker/mods/BunkersEdge/entities/station/tech/computer_panels/computer_panel_medium_GUI.dae in 1 ms
  Loaded resource c:/Program Files (x86)/Steam/steamapps/common/Amnesia The Bunker/entities/bunker/gameplay/trench_shotgun/trench_shotgun_body/trench_shotgun_rig.fbx in 0 ms
  Loaded resource c:/Program Files (x86)/Steam/steamapps/common/Amnesia The Bunker/entities/french_colonization/furniture/french_dresser_small/french_dresser_small.dae in 0 ms
  Loaded resource c:/Program Files (x86)/Steam/steamapps/common/Amnesia The Bunker/entities/french_colonization/ornaments/french_pocket_watch/french_pocket_watch.DAE in 0 ms
  Loaded resource c:/Program Files (x86)/Steam/steamapps/common/Amnesia The Bunker/mods/BunkersEdge/entities/station/leisure/music_instrument_drum/music_instrument_drum.dae in 0 ms
  Loaded resource c:/Program Files (x86)/Steam/steamapps/common/Amnesia The Bunker/mods/BunkersEdge/entities/station/leisure/music_instrument_string/music_instrument_string.dae in 0 ms
  Loaded resource c:/Program Files (x86)/Steam/steamapps/common/Amnesia The Bunker/entities/tribal/ornaments/stick_pilgrim/stick_pilgrim.dae in 0 ms
  Loaded resource c:/Program Files (x86)/Steam/steamapps/common/Amnesia The Bunker/entities/dream/apartment_props/apartment_paintings/apartment_painting_01.dae in 0 ms
  Loaded resource c:/Program Files (x86)/Steam/steamapps/common/Amnesia The Bunker/entities/bunker/furniture/painting_stand/painting_stand.dae in 0 ms
  Loaded resource c:/Program Files (x86)/Steam/steamapps/common/Amnesia The Bunker/entities/archaeology/tools/archaeology_brush_big/archaeology_brush_big.dae in 0 ms
  Loaded resource c:/Program Files (x86)/Steam/steamapps/common/Amnesia The Bunker/entities/french_colonization/prison/prison_furniture_stool/prison_furniture_stool.dae in 0 ms
  Loaded resource c:/Program Files (x86)/Steam/steamapps/common/Amnesia The Bunker/mods/BunkersEdge/entities/station/tools/bucket/bucket.DAE in 0 ms
  Loaded resource c:/Program Files (x86)/Steam/steamapps/common/Amnesia The Bunker/entities/french_colonization/furniture/arsenal_quartermaster_shelf/arsenal_quartermaster_shelf.dae in 0 ms
  Loaded resource c:/Program Files (x86)/Steam/steamapps/common/Amnesia The Bunker/entities/dream/apartment_props/apartment_books/apartment_book_group_06.dae in 0 ms
  Loaded resource c:/Program Files (x86)/Steam/steamapps/common/Amnesia The Bunker/entities/dream/apartment_props/apartment_books/apartment_book_group_09.dae in 0 ms
  Loaded resource c:/Program Files (x86)/Steam/steamapps/common/Amnesia The Bunker/entities/dream/apartment_props/apartment_books/apartment_book_group_04.dae in 0 ms
  Loaded resource c:/Program Files (x86)/Steam/steamapps/common/Amnesia The Bunker/entities/dream/apartment_props/apartment_books/apartment_book_group_07.dae in 0 ms
  Loaded resource c:/Program Files (x86)/Steam/steamapps/common/Amnesia The Bunker/entities/dream/apartment_props/apartment_books/apartment_book_group_03.dae in 0 ms
  Loaded resource c:/Program Files (x86)/Steam/steamapps/common/Amnesia The Bunker/entities/dream/apartment_props/apartment_books/apartment_book_group_01.dae in 0 ms
  Loaded resource c:/Program Files (x86)/Steam/steamapps/common/Amnesia The Bunker/entities/dream/apartment_props/apartment_books/apartment_book_group_02.dae in 0 ms
  Loaded resource c:/Program Files (x86)/Steam/steamapps/common/Amnesia The Bunker/entities/dream/apartment_props/apartment_books/apartment_book_group_10.dae in 0 ms
  Loaded resource c:/Program Files (x86)/Steam/steamapps/common/Amnesia The Bunker/mods/BunkersEdge/entities/station/ornaments/ross_book_jung/ross_book_jung.DAE in 0 ms
  Loaded resource c:/Program Files (x86)/Steam/steamapps/common/Amnesia The Bunker/entities/survivors/ornaments/doll_monkey/monkey_doll.fbx in 0 ms
  Loaded resource c:/Program Files (x86)/Steam/steamapps/common/Amnesia The Bunker/entities/bunker/gameplay/doll_rabbit/doll_rabbit.dae in 0 ms
  Loaded resource c:/Program Files (x86)/Steam/steamapps/common/Amnesia The Bunker/entities/bunker/storage/crate_simple_02/crate_simple_02.dae in 0 ms
  Loaded resource c:/Program Files (x86)/Steam/steamapps/common/Amnesia The Bunker/entities/french_colonization/furniture/arabic_stool/arabic_stool.dae in 0 ms
  Loaded resource c:/Program Files (x86)/Steam/steamapps/common/Amnesia The Bunker/entities/bunker/ornaments/playing_cards/playing_cards_deck.dae in 0 ms
  Loaded resource c:/Program Files (x86)/Steam/steamapps/common/Amnesia The Bunker/entities/bunker/ornaments/playing_cards/playing_cards_k.dae in 0 ms
  Loaded resource c:/Program Files (x86)/Steam/steamapps/common/Amnesia The Bunker/entities/bunker/ornaments/playing_cards/playing_cards_8.dae in 0 ms
  Loaded resource c:/Program Files (x86)/Steam/steamapps/common/Amnesia The Bunker/entities/bunker/ornaments/playing_cards/playing_cards_2.dae in 0 ms
  Loaded resource c:/Program Files (x86)/Steam/steamapps/common/Amnesia The Bunker/entities/bunker/ornaments/playing_cards/playing_cards_3.dae in 0 ms
  Loaded resource c:/Program Files (x86)/Steam/steamapps/common/Amnesia The Bunker/entities/french_colonization/ornaments/bottle_vodka/bottle_vodka.dae in 0 ms
  Loaded resource c:/Program Files (x86)/Steam/steamapps/common/Amnesia The Bunker/entities/bunker/gameplay/molotov_cocktail/molotov_wine_cork.dae in 0 ms
  Loaded resource c:/Program Files (x86)/Steam/steamapps/common/Amnesia The Bunker/entities/bunker/organic/cheese_wheel/cheese_wheel_half.dae in 0 ms
  Loaded resource c:/Program Files (x86)/Steam/steamapps/common/Amnesia The Bunker/entities/french_colonization/ornaments/arab_plate/arab_plate.DAE in 0 ms
  Loaded resource c:/Program Files (x86)/Steam/steamapps/common/Amnesia The Bunker/entities/survivors/ornaments/plate_airplane/plate_airplane.DAE in 0 ms
  Loaded resource c:/Program Files (x86)/Steam/steamapps/common/Amnesia The Bunker/mods/BunkersEdge/entities/station/storage/food_can_ration/food_can_ration_open.dae in 0 ms
  Loaded resource c:/Program Files (x86)/Steam/steamapps/common/Amnesia The Bunker/mods/BunkersEdge/entities/station/storage/food_can_ration/food_can_ration.dae in 0 ms
  Loaded resource c:/Program Files (x86)/Steam/steamapps/common/Amnesia The Bunker/entities/survivors/ornaments/gramophone_airplane/gramophone_airplane.DAE in 0 ms
  Loaded resource c:/Program Files (x86)/Steam/steamapps/common/Amnesia The Bunker/entities/tribal/ornaments/record_vinyl/record_vinyl_02.DAE in 0 ms
  Loaded resource c:/Program Files (x86)/Steam/steamapps/common/Amnesia The Bunker/mods/BunkersEdge/entities/station/doors/slidedoor_medium_vertical/slidedoor_medium_vertical.dae in 0 ms
  Loaded resource c:/Program Files (x86)/Steam/steamapps/common/Amnesia The Bunker/mods/BunkersEdge/entities/station/terminals/monitor_theta_terminal/monitor_theta_terminal.dae in 0 ms
  Loaded resource c:/Program Files (x86)/Steam/steamapps/common/Amnesia The Bunker/entities/arabic_fort/lamp/arab_lamp_oil_hanging_01/arab_lamp_oil_hanging_01.dae in 0 ms
  Loaded resource c:/Program Files (x86)/Steam/steamapps/common/Amnesia The Bunker/entities/roman/ornament/roman_statue_aristocrat/roman_statue_aristocrat.dae in 0 ms
  Loaded resource c:/Program Files (x86)/Steam/steamapps/common/Amnesia The Bunker/entities/french_colonization/prison/prison_furniture_stool/prison_furniture_stool_broken.dae in 0 ms
  Loaded resource c:/Program Files (x86)/Steam/steamapps/common/Amnesia The Bunker/entities/bunker/storage/shelf_wood/shelf_wood_broken.dae in 0 ms
  Loaded resource c:/Program Files (x86)/Steam/steamapps/common/Amnesia The Bunker/entities/bunker/storage/crate_simple_02/crate_simple_02_broken.dae in 0 ms
  Loaded resource c:/Program Files (x86)/Steam/steamapps/common/Amnesia The Bunker/entities/bunker/gameplay/molotov_cocktail/molotov_wine_broken.dae in 0 ms
  Loaded resource c:/Program Files (x86)/Steam/steamapps/common/Amnesia The Bunker/static_objects/technical/block_out_tools/block_out_box.dae in 0 ms
  Loaded resource c:/Program Files (x86)/Steam/steamapps/common/Amnesia The Bunker/entities/bunker/gameplay/medkit/medkit.fbx in 0 ms
  Loaded resource c:/Program Files (x86)/Steam/steamapps/common/Amnesia The Bunker/entities/bunker/gameplay/bandage/bandage_tin.fbx in 0 ms
  Loaded resource c:/Program Files (x86)/Steam/steamapps/common/Amnesia The Bunker/entities/bunker/gameplay/gas_mask_m2/gas_mask_m2.fbx in 0 ms
  Loaded resource c:/Program Files (x86)/Steam/steamapps/common/Amnesia The Bunker/entities/character/player/player_body/player_body_soldier.fbx in 0 ms
  Loaded resource c:/Program Files (x86)/Steam/steamapps/common/Amnesia The Bunker/entities/bunker/gameplay/fuel_medium/fuel_cannister.fbx in 0 ms
  Loaded resource c:/Program Files (x86)/Steam/steamapps/common/Amnesia The Bunker/entities/bunker/gameplay/molotov_cocktail/molotov_cocktail_bottle.fbx in 0 ms
  Loaded resource c:/Program Files (x86)/Steam/steamapps/common/Amnesia The Bunker/entities/bunker/gameplay/molotov_cocktail/molotov_cocktail_bottle_empty_hand.fbx in 0 ms
  Loaded resource c:/Program Files (x86)/Steam/steamapps/common/Amnesia The Bunker/entities/bunker/gameplay/molotov_cocktail/molotov_wine_empty.DAE in 0 ms
  Loaded resource c:/Program Files (x86)/Steam/steamapps/common/Amnesia The Bunker/entities/bunker/gameplay/rag/rag.dae in 0 ms
  Loaded resource c:/Program Files (x86)/Steam/steamapps/common/Amnesia The Bunker/entities/bunker/gameplay/revolver/revolver_bunker.fbx in 1 ms
  Loaded resource c:/Program Files (x86)/Steam/steamapps/common/Amnesia The Bunker/entities/bunker/gameplay/ammo_shotgun/ammo_shotgun_box.DAE in 0 ms
  Loaded resource c:/Program Files (x86)/Steam/steamapps/common/Amnesia The Bunker/entities/bunker/gameplay/magnetlampe/magnetlampe.fbx in 0 ms
  Loaded resource c:/Program Files (x86)/Steam/steamapps/common/Amnesia The Bunker/entities/bunker/gameplay/torch_stick/torch_stick.dae in 0 ms
  Loaded resource c:/Program Files (x86)/Steam/steamapps/common/Amnesia The Bunker/entities/bunker/gameplay/torch_stick/torch_with_flame_strips.fbx in 0 ms
  Loaded resource c:/Program Files (x86)/Steam/steamapps/common/Amnesia The Bunker/entities/bunker/gameplay/torch_stick/torch_with_rag.fbx in 0 ms
  Loaded resource c:/Program Files (x86)/Steam/steamapps/common/Amnesia The Bunker/entities/bunker/gameplay/stopwatch/stopwatch.fbx in 0 ms
  Loaded resource c:/Program Files (x86)/Steam/steamapps/common/Amnesia The Bunker/entities/bunker/gameplay/grenade/grenade_frag.fbx in 0 ms
  Loaded resource c:/Program Files (x86)/Steam/steamapps/common/Amnesia The Bunker/entities/bunker/gameplay/gas_grenade/gas_grenade.fbx in 0 ms
  Loaded resource c:/Program Files (x86)/Steam/steamapps/common/Amnesia The Bunker/entities/bunker/gameplay/gas_grenade/gas_grenade_pickup.dae in 0 ms
  Loaded resource c:/Program Files (x86)/Steam/steamapps/common/Amnesia The Bunker/entities/bunker/gameplay/chain_cutters/cutter_model.fbx in 0 ms
  Loaded resource c:/Program Files (x86)/Steam/steamapps/common/Amnesia The Bunker/entities/bunker/gameplay/ratchet_spanner/ratchet_spanner_hand.fbx in 0 ms
  Loaded resource c:/Program Files (x86)/Steam/steamapps/common/Amnesia The Bunker/entities/bunker/gameplay/wrench/wrench_temp.dae in 0 ms
  Loaded resource c:/Program Files (x86)/Steam/steamapps/common/Amnesia The Bunker/entities/bunker/gameplay/gas_mask_m2/gas_mask_hand.dae in 0 ms
  Loaded resource c:/Program Files (x86)/Steam/steamapps/common/Amnesia The Bunker/entities/bunker/gameplay/flare/flare.fbx in 0 ms
  Loaded resource c:/Program Files (x86)/Steam/steamapps/common/Amnesia The Bunker/entities/bunker/gameplay/flare/flare.dae in 0 ms
  Loaded resource c:/Program Files (x86)/Steam/steamapps/common/Amnesia The Bunker/entities/bunker/gameplay/lighter/lighter.fbx in 0 ms
  Loaded resource c:/Program Files (x86)/Steam/steamapps/common/Amnesia The Bunker/entities/bunker/gameplay/medkit/medkit_pickup.dae in 0 ms
  Loaded resource c:/Program Files (x86)/Steam/steamapps/common/Amnesia The Bunker/entities/bunker/gameplay/dynamite_stick/dynamite_stick.DAE in 0 ms
  Loaded resource c:/Program Files (x86)/Steam/steamapps/common/Amnesia The Bunker/entities/bunker/gameplay/dynamite_bundle/dynamite_bundle.DAE in 0 ms
  Loaded resource c:/Program Files (x86)/Steam/steamapps/common/Amnesia The Bunker/entities/bunker/gameplay/meat_chunks/meat_chunk_01.fbx in 0 ms
  Loaded resource c:/Program Files (x86)/Steam/steamapps/common/Amnesia The Bunker/entities/bunker/gameplay/lockdown_wheel/lockdown_wheel_rig.fbx in 0 ms
  Loaded resource c:/Program Files (x86)/Steam/steamapps/common/Amnesia The Bunker/entities/bunker/gameplay/detonator/detonator_handle_rig.fbx in 0 ms
  Loaded resource c:/Program Files (x86)/Steam/steamapps/common/Amnesia The Bunker/entities/bunker/gameplay/doll_rabbit/doll_rabbit_rig.fbx in 0 ms
  Loaded resource c:/Program Files (x86)/Steam/steamapps/common/Amnesia The Bunker/entities/bunker/gameplay/metal_door_lock/metal_door_key_communications.dae in 0 ms
  Loaded resource c:/Program Files (x86)/Steam/steamapps/common/Amnesia The Bunker/entities/bunker/gameplay/metal_door_lock/metal_door_key_pillbox.dae in 0 ms
  Loaded resource c:/Program Files (x86)/Steam/steamapps/common/Amnesia The Bunker/entities/bunker/gameplay/fuse/fuse.dae in 0 ms
  Loaded resource c:/Program Files (x86)/Steam/steamapps/common/Amnesia The Bunker/entities/technical/block_box/block_box.dae in 0 ms
  Loaded resource c:/Program Files (x86)/Steam/steamapps/common/Amnesia The Bunker/entities/bunker/gameplay/dogtag/dogtag_auclair_3397_withstring.dae in 0 ms
  Loaded resource c:/Program Files (x86)/Steam/steamapps/common/Amnesia The Bunker/entities/bunker/gameplay/dogtag/dogtag_bardin_1889_withstring.dae in 0 ms
  Loaded resource c:/Program Files (x86)/Steam/steamapps/common/Amnesia The Bunker/entities/bunker/gameplay/dogtag/dogtag_boucher_1923_withstring.dae in 0 ms
  Loaded resource c:/Program Files (x86)/Steam/steamapps/common/Amnesia The Bunker/entities/bunker/gameplay/dogtag/dogtag_fortin_7750_withstring.dae in 0 ms
  Loaded resource c:/Program Files (x86)/Steam/steamapps/common/Amnesia The Bunker/entities/bunker/gameplay/dogtag/dogtag_travers_8583_withstring.dae in 0 ms
  Loaded resource c:/Program Files (x86)/Steam/steamapps/common/Amnesia The Bunker/entities/bunker/gameplay/dogtag/dogtag_laval_0269_withstring.dae in 0 ms
  Loaded resource c:/Program Files (x86)/Steam/steamapps/common/Amnesia The Bunker/entities/bunker/gameplay/dogtag/dogtag_giraud_1734_withstring.dae in 0 ms
  Loaded resource c:/Program Files (x86)/Steam/steamapps/common/Amnesia The Bunker/entities/bunker/gameplay/dogtag/dogtag_alphonse_withstring.dae in 0 ms
  Loaded resource c:/Program Files (x86)/Steam/steamapps/common/Amnesia The Bunker/entities/bunker/gameplay/dogtag/dogtag_brillant_withstring.dae in 0 ms
  Loaded resource c:/Program Files (x86)/Steam/steamapps/common/Amnesia The Bunker/entities/bunker/gameplay/dogtag/dogtag_chopin_withstring.dae in 0 ms
  Loaded resource c:/Program Files (x86)/Steam/steamapps/common/Amnesia The Bunker/entities/bunker/gameplay/dogtag/dogtag_courcy_withstring.dae in 0 ms
  Loaded resource c:/Program Files (x86)/Steam/steamapps/common/Amnesia The Bunker/entities/bunker/gameplay/dogtag/dogtag_dehay_withstring.dae in 0 ms
  Loaded resource c:/Program Files (x86)/Steam/steamapps/common/Amnesia The Bunker/entities/bunker/gameplay/dogtag/dogtag_dosier_withstring.dae in 0 ms
  Loaded resource c:/Program Files (x86)/Steam/steamapps/common/Amnesia The Bunker/entities/bunker/gameplay/dogtag/dogtag_granat_withstring.dae in 0 ms
  Loaded resource c:/Program Files (x86)/Steam/steamapps/common/Amnesia The Bunker/entities/bunker/gameplay/dogtag/dogtag_lebert_withstring.dae in 0 ms
WARNING: More than 4 bones on a vertex in submesh 'soldier_18' in mesh 'andrew_corpse_06.msh' !
WARNING: More than 4 bones on a vertex in submesh 'soldier_05' in mesh 'andrew_corpse_06.msh' !
WARNING: More than 4 bones on a vertex in submesh 'soldier_01' in mesh 'corpse_soldier_01_rigged.msh' !
WARNING: More than 4 bones on a vertex in submesh 'corpse_leg' in mesh 'corpse_leg_01.msh' !
WARNING: More than 4 bones on a vertex in submesh 'player_body_soldier_arms' in mesh 'player_body_soldier.msh' !
WARNING: More than 4 bones on a vertex in submesh 'player_body_soldier_hand' in mesh 'player_body_soldier.msh' !
ERROR: Couldn't create material 'entities/bunker/gameplay/revolver/revolver_bunker_diffuse.mat'
ERROR: Couldn't create material 'entities/bunker/gameplay/revolver/revolver_bunker_diffuse.mat'
ERROR: Couldn't create material 'entities/bunker/gameplay/revolver/revolver_bunker_diffuse.mat'
ERROR: Couldn't create material 'entities/bunker/gameplay/revolver/revolver_bunker_diffuse.mat'
ERROR: Couldn't create material 'entities/bunker/gameplay/revolver/revolver_bunker_diffuse.mat'
ERROR: Couldn't create material 'entities/bunker/gameplay/revolver/revolver_bunker_diffuse.mat'
ERROR: Couldn't create material 'entities/bunker/gameplay/revolver/revolver_bunker_diffuse.mat'
ERROR: Couldn't create material 'entities/bunker/gameplay/revolver/revolver_bunker_diffuse.mat'
WARNING: More than 4 bones on a vertex in submesh 'm_flame_Z' in mesh 'torch_with_flame_strips.msh' !
WARNING: More than 4 bones on a vertex in submesh 'm_flame_X' in mesh 'torch_with_flame_strips.msh' !
ERROR: Couldn't create material 'entities/bunker/gameplay/torch_stick/torch_stick_diffuse.mat'
ERROR: Couldn't create material 'entities/bunker/gameplay/chain_cutters/ArtBully_Project_.mat'
ERROR: Couldn't create material 'entities/bunker/gameplay/meat_chunks/meat_chunks_diffuse.mat'
  Loaded resource c:/Program Files (x86)/Steam/steamapps/common/Amnesia The Bunker/mods/BunkersEdge/entities/tdd_enemies/servant_grunt/animations/attack_run_fix.dae_anim in 0 ms
  Loaded resource c:/Program Files (x86)/Steam/steamapps/common/Amnesia The Bunker/mods/BunkersEdge/entities/tdd_enemies/servant_grunt/animations/attack_short1_fix.dae_anim in 0 ms
  Loaded resource c:/Program Files (x86)/Steam/steamapps/common/Amnesia The Bunker/mods/BunkersEdge/entities/tdd_enemies/servant_grunt/animations/attack_short2_fix.dae_anim in 0 ms
  Loaded resource c:/Program Files (x86)/Steam/steamapps/common/Amnesia The Bunker/mods/BunkersEdge/entities/tdd_enemies/servant_grunt/animations/breakdoor_offset.dae_anim in 0 ms
  Loaded resource c:/Program Files (x86)/Steam/steamapps/common/Amnesia The Bunker/mods/BunkersEdge/entities/tdd_enemies/servant_grunt/animations/flinch_fix.dae_anim in 0 ms
  Loaded resource c:/Program Files (x86)/Steam/steamapps/common/Amnesia The Bunker/mods/BunkersEdge/entities/tdd_enemies/servant_grunt/animations/idle_fix.dae_anim in 0 ms
  Loaded resource c:/Program Files (x86)/Steam/steamapps/common/Amnesia The Bunker/mods/BunkersEdge/entities/tdd_enemies/servant_grunt/animations/idle_extra1_fix.dae_anim in 0 ms
  Loaded resource c:/Program Files (x86)/Steam/steamapps/common/Amnesia The Bunker/mods/BunkersEdge/entities/tdd_enemies/servant_grunt/animations/idle_extra2_fix.dae_anim in 0 ms
  Loaded resource c:/Program Files (x86)/Steam/steamapps/common/Amnesia The Bunker/mods/BunkersEdge/entities/tdd_enemies/servant_grunt/animations/idle_extra3_fix.dae_anim in 0 ms
  Loaded resource c:/Program Files (x86)/Steam/steamapps/common/Amnesia The Bunker/mods/BunkersEdge/entities/tdd_enemies/servant_grunt/animations/run_fix.dae_anim in 0 ms
  Loaded resource c:/Program Files (x86)/Steam/steamapps/common/Amnesia The Bunker/mods/BunkersEdge/entities/tdd_enemies/servant_grunt/animations/walk_fix.dae_anim in 0 ms
  Loaded resource c:/Program Files (x86)/Steam/steamapps/common/Amnesia The Bunker/mods/BunkersEdge/entities/tdd_enemies/servant_grunt/animations/default_pose.dae_anim in 0 ms
  Loaded resource c:/Program Files (x86)/Steam/steamapps/common/Amnesia The Bunker/mods/BunkersEdge/entities/tdd_enemies/servant_grunt/animations/glimpse_ahead_loop.dae_anim in 0 ms
  Loaded resource c:/Program Files (x86)/Steam/steamapps/common/Amnesia The Bunker/mods/BunkersEdge/entities/tdd_enemies/servant_grunt/animations/glimpse_left_loop.dae_anim in 0 ms
  Loaded resource c:/Program Files (x86)/Steam/steamapps/common/Amnesia The Bunker/mods/BunkersEdge/entities/tdd_enemies/servant_grunt/animations/glimpse_right_loop.dae_anim in 0 ms
  Loaded resource c:/Program Files (x86)/Steam/steamapps/common/Amnesia The Bunker/mods/BunkersEdge/entities/tdd_enemies/servant_grunt/animations/glimpse_ahead_start.dae_anim in 0 ms
  Loaded resource c:/Program Files (x86)/Steam/steamapps/common/Amnesia The Bunker/mods/BunkersEdge/entities/tdd_enemies/servant_grunt/animations/glimpse_left_start.dae_anim in 0 ms
  Loaded resource c:/Program Files (x86)/Steam/steamapps/common/Amnesia The Bunker/mods/BunkersEdge/entities/tdd_enemies/servant_grunt/animations/glimpse_right_start.dae_anim in 0 ms
  Loaded resource c:/Program Files (x86)/Steam/steamapps/common/Amnesia The Bunker/mods/BunkersEdge/entities/tdd_enemies/servant_grunt/animations/glimpse_ahead_end.dae_anim in 0 ms
  Loaded resource c:/Program Files (x86)/Steam/steamapps/common/Amnesia The Bunker/mods/BunkersEdge/entities/tdd_enemies/servant_grunt/animations/glimpse_left_end.dae_anim in 0 ms
  Loaded resource c:/Program Files (x86)/Steam/steamapps/common/Amnesia The Bunker/mods/BunkersEdge/entities/tdd_enemies/servant_grunt/animations/glimpse_right_end.dae_anim in 0 ms
  Loaded resource c:/Program Files (x86)/Steam/steamapps/common/Amnesia The Bunker/mods/BunkersEdge/entities/tdd_enemies/servant_grunt/animations/turn_180_custom.dae_anim in 0 ms
  Loaded resource c:/Program Files (x86)/Steam/steamapps/common/Amnesia The Bunker/mods/BunkersEdge/entities/tdd_enemies/servant_grunt/animations/turn_left_custom.dae_anim in 0 ms
  Loaded resource c:/Program Files (x86)/Steam/steamapps/common/Amnesia The Bunker/mods/BunkersEdge/entities/tdd_enemies/servant_grunt/animations/turn_right_custom.dae_anim in 0 ms
  Loaded resource c:/Program Files (x86)/Steam/steamapps/common/Amnesia The Bunker/mods/BunkersEdge/entities/tdd_enemies/servant_grunt/animations/custom_death_back.dae_anim in 0 ms
  Loaded resource c:/Program Files (x86)/Steam/steamapps/common/Amnesia The Bunker/mods/BunkersEdge/entities/tdd_enemies/servant_grunt/animations/custom_death_under.dae_anim in 0 ms
  Loaded resource c:/Program Files (x86)/Steam/steamapps/common/Amnesia The Bunker/mods/BunkersEdge/entities/tdd_enemies/servant_grunt/animations/open_door_inward_left.dae_anim in 0 ms
  Loaded resource c:/Program Files (x86)/Steam/steamapps/common/Amnesia The Bunker/mods/BunkersEdge/entities/tdd_enemies/servant_grunt/animations/open_door_inward_right.dae_anim in 0 ms
  Loaded resource c:/Program Files (x86)/Steam/steamapps/common/Amnesia The Bunker/mods/BunkersEdge/entities/tdd_enemies/servant_grunt/animations/throw_player_left.dae_anim in 0 ms
  Loaded resource c:/Program Files (x86)/Steam/steamapps/common/Amnesia The Bunker/mods/BunkersEdge/entities/tdd_enemies/servant_grunt/animations/throw_player_right.dae_anim in 0 ms
  Loaded resource c:/Program Files (x86)/Steam/steamapps/common/Amnesia The Bunker/mods/BunkersEdge/entities/tdd_enemies/servant_grunt/animations/throw_player_behind.dae_anim in 1 ms
  Loaded resource c:/Program Files (x86)/Steam/steamapps/common/Amnesia The Bunker/mods/BunkersEdge/entities/tdd_enemies/servant_grunt/animations/custom_death_ladder.dae_anim in 0 ms
  Loaded resource c:/Program Files (x86)/Steam/steamapps/common/Amnesia The Bunker/mods/BunkersEdge/entities/tdd_enemies/servant_grunt/animations/walk_backward.dae_anim in 0 ms
  Loaded resource c:/Program Files (x86)/Steam/steamapps/common/Amnesia The Bunker/entities/bunker/gameplay/medkit/animations/medkit_closed.fbx in 0 ms
  Loaded resource c:/Program Files (x86)/Steam/steamapps/common/Amnesia The Bunker/entities/bunker/gameplay/medkit/animations/medkit_focus_start.fbx in 0 ms
  Loaded resource c:/Program Files (x86)/Steam/steamapps/common/Amnesia The Bunker/entities/bunker/gameplay/medkit/animations/medkit_focus_idle.fbx in 0 ms
  Loaded resource c:/Program Files (x86)/Steam/steamapps/common/Amnesia The Bunker/entities/bunker/gameplay/medkit/animations/medkit_focus_end.fbx in 0 ms
  Loaded resource c:/Program Files (x86)/Steam/steamapps/common/Amnesia The Bunker/entities/bunker/gameplay/bandage/animations/bandage_tin_closed.fbx in 0 ms
  Loaded resource c:/Program Files (x86)/Steam/steamapps/common/Amnesia The Bunker/entities/bunker/gameplay/bandage/animations/bandage_application_tin.fbx in 0 ms
  Loaded resource c:/Program Files (x86)/Steam/steamapps/common/Amnesia The Bunker/entities/bunker/gameplay/gas_mask_m2/Animations/gas_mask_equip.fbx in 0 ms
  Loaded resource c:/Program Files (x86)/Steam/steamapps/common/Amnesia The Bunker/entities/bunker/gameplay/gas_mask_m2/Animations/gas_mask_unequip.fbx in 0 ms
  Loaded resource c:/Program Files (x86)/Steam/steamapps/common/Amnesia The Bunker/entities/bunker/gameplay/gas_mask_m2/Animations/gas_mask_intro_hand_over.fbx in 0 ms
  Loaded resource c:/Program Files (x86)/Steam/steamapps/common/Amnesia The Bunker/entities/character/player/animations/walk_fwd.fbx in 0 ms
  Loaded resource c:/Program Files (x86)/Steam/steamapps/common/Amnesia The Bunker/entities/character/player/animations/walk_fwd_larm.fbx in 0 ms
  Loaded resource c:/Program Files (x86)/Steam/steamapps/common/Amnesia The Bunker/entities/character/player/animations/walk_fwd_rarm.fbx in 0 ms
  Loaded resource c:/Program Files (x86)/Steam/steamapps/common/Amnesia The Bunker/entities/character/player/animations/walk_bkwd.fbx in 0 ms
  Loaded resource c:/Program Files (x86)/Steam/steamapps/common/Amnesia The Bunker/entities/character/player/animations/walk_bkwd_larm.fbx in 0 ms
  Loaded resource c:/Program Files (x86)/Steam/steamapps/common/Amnesia The Bunker/entities/character/player/animations/walk_bkwd_rarm.fbx in 0 ms
  Loaded resource c:/Program Files (x86)/Steam/steamapps/common/Amnesia The Bunker/entities/character/player/animations/walk_strafe_right.fbx in 0 ms
  Loaded resource c:/Program Files (x86)/Steam/steamapps/common/Amnesia The Bunker/entities/character/player/animations/walk_strafe_right_larm.fbx in 0 ms
  Loaded resource c:/Program Files (x86)/Steam/steamapps/common/Amnesia The Bunker/entities/character/player/animations/walk_strafe_right_rarm.fbx in 0 ms
  Loaded resource c:/Program Files (x86)/Steam/steamapps/common/Amnesia The Bunker/entities/character/player/animations/walk_strafe_left.fbx in 0 ms
  Loaded resource c:/Program Files (x86)/Steam/steamapps/common/Amnesia The Bunker/entities/character/player/animations/walk_strafe_left_larm.fbx in 0 ms
  Loaded resource c:/Program Files (x86)/Steam/steamapps/common/Amnesia The Bunker/entities/character/player/animations/walk_strafe_left_rarm.fbx in 0 ms
  Loaded resource c:/Program Files (x86)/Steam/steamapps/common/Amnesia The Bunker/entities/character/player/animations/walk_right_fwd.fbx in 0 ms
  Loaded resource c:/Program Files (x86)/Steam/steamapps/common/Amnesia The Bunker/entities/character/player/animations/walk_right_fwd_larm.fbx in 0 ms
  Loaded resource c:/Program Files (x86)/Steam/steamapps/common/Amnesia The Bunker/entities/character/player/animations/walk_right_fwd_rarm.fbx in 0 ms
  Loaded resource c:/Program Files (x86)/Steam/steamapps/common/Amnesia The Bunker/entities/character/player/animations/walk_right_bkwd.fbx in 0 ms
  Loaded resource c:/Program Files (x86)/Steam/steamapps/common/Amnesia The Bunker/entities/character/player/animations/walk_right_bkwd_larm.fbx in 0 ms
  Loaded resource c:/Program Files (x86)/Steam/steamapps/common/Amnesia The Bunker/entities/character/player/animations/walk_right_bkwd_rarm.fbx in 0 ms
  Loaded resource c:/Program Files (x86)/Steam/steamapps/common/Amnesia The Bunker/entities/character/player/animations/walk_left_fwd.fbx in 0 ms
  Loaded resource c:/Program Files (x86)/Steam/steamapps/common/Amnesia The Bunker/entities/character/player/animations/walk_left_fwd_larm.fbx in 0 ms
  Loaded resource c:/Program Files (x86)/Steam/steamapps/common/Amnesia The Bunker/entities/character/player/animations/walk_left_fwd_rarm.fbx in 0 ms
  Loaded resource c:/Program Files (x86)/Steam/steamapps/common/Amnesia The Bunker/entities/character/player/animations/walk_left_bkwd.fbx in 0 ms
  Loaded resource c:/Program Files (x86)/Steam/steamapps/common/Amnesia The Bunker/entities/character/player/animations/walk_left_bkwd_larm.fbx in 0 ms
  Loaded resource c:/Program Files (x86)/Steam/steamapps/common/Amnesia The Bunker/entities/character/player/animations/walk_left_bkwd_rarm.fbx in 0 ms
  Loaded resource c:/Program Files (x86)/Steam/steamapps/common/Amnesia The Bunker/entities/character/player/animations/run_fwd.fbx in 0 ms
  Loaded resource c:/Program Files (x86)/Steam/steamapps/common/Amnesia The Bunker/entities/character/player/animations/run_fwd_larm.fbx in 0 ms
  Loaded resource c:/Program Files (x86)/Steam/steamapps/common/Amnesia The Bunker/entities/character/player/animations/run_fwd_rarm.fbx in 0 ms
  Loaded resource c:/Program Files (x86)/Steam/steamapps/common/Amnesia The Bunker/entities/character/player/animations/run_strafe_right.fbx in 0 ms
  Loaded resource c:/Program Files (x86)/Steam/steamapps/common/Amnesia The Bunker/entities/character/player/animations/run_strafe_right_larm.fbx in 0 ms
  Loaded resource c:/Program Files (x86)/Steam/steamapps/common/Amnesia The Bunker/entities/character/player/animations/run_strafe_right_rarm.fbx in 0 ms
  Loaded resource c:/Program Files (x86)/Steam/steamapps/common/Amnesia The Bunker/entities/character/player/animations/run_strafe_left.fbx in 0 ms
  Loaded resource c:/Program Files (x86)/Steam/steamapps/common/Amnesia The Bunker/entities/character/player/animations/run_strafe_left_larm.fbx in 0 ms
  Loaded resource c:/Program Files (x86)/Steam/steamapps/common/Amnesia The Bunker/entities/character/player/animations/run_strafe_left_rarm.fbx in 0 ms
  Loaded resource c:/Program Files (x86)/Steam/steamapps/common/Amnesia The Bunker/entities/character/player/animations/run_fwd_right.fbx in 0 ms
  Loaded resource c:/Program Files (x86)/Steam/steamapps/common/Amnesia The Bunker/entities/character/player/animations/run_fwd_right_larm.fbx in 0 ms
  Loaded resource c:/Program Files (x86)/Steam/steamapps/common/Amnesia The Bunker/entities/character/player/animations/run_fwd_right_rarm.fbx in 0 ms
  Loaded resource c:/Program Files (x86)/Steam/steamapps/common/Amnesia The Bunker/entities/character/player/animations/run_fwd_left.fbx in 0 ms
  Loaded resource c:/Program Files (x86)/Steam/steamapps/common/Amnesia The Bunker/entities/character/player/animations/run_fwd_left_larm.fbx in 0 ms
  Loaded resource c:/Program Files (x86)/Steam/steamapps/common/Amnesia The Bunker/entities/character/player/animations/run_fwd_left_rarm.fbx in 0 ms
  Loaded resource c:/Program Files (x86)/Steam/steamapps/common/Amnesia The Bunker/entities/character/player/animations/idle_stand.fbx in 0 ms
  Loaded resource c:/Program Files (x86)/Steam/steamapps/common/Amnesia The Bunker/entities/character/player/animations/idle_stand_larm.fbx in 0 ms
  Loaded resource c:/Program Files (x86)/Steam/steamapps/common/Amnesia The Bunker/entities/character/player/animations/idle_stand_rarm.fbx in 0 ms
  Loaded resource c:/Program Files (x86)/Steam/steamapps/common/Amnesia The Bunker/entities/character/player/animations/stand_turn_left90.fbx in 0 ms
  Loaded resource c:/Program Files (x86)/Steam/steamapps/common/Amnesia The Bunker/entities/character/player/animations/stand_turn_left90_larm.fbx in 0 ms
  Loaded resource c:/Program Files (x86)/Steam/steamapps/common/Amnesia The Bunker/entities/character/player/animations/stand_turn_left90_rarm.fbx in 0 ms
  Loaded resource c:/Program Files (x86)/Steam/steamapps/common/Amnesia The Bunker/entities/character/player/animations/stand_turn_right90.fbx in 0 ms
  Loaded resource c:/Program Files (x86)/Steam/steamapps/common/Amnesia The Bunker/entities/character/player/animations/stand_turn_right90_larm.fbx in 0 ms
  Loaded resource c:/Program Files (x86)/Steam/steamapps/common/Amnesia The Bunker/entities/character/player/animations/stand_turn_right90_rarm.fbx in 0 ms
  Loaded resource c:/Program Files (x86)/Steam/steamapps/common/Amnesia The Bunker/entities/character/player/animations/idle_stand_tr_crouch.fbx in 0 ms
  Loaded resource c:/Program Files (x86)/Steam/steamapps/common/Amnesia The Bunker/entities/character/player/animations/idle_stand_tr_crouch_larm.fbx in 0 ms
  Loaded resource c:/Program Files (x86)/Steam/steamapps/common/Amnesia The Bunker/entities/character/player/animations/idle_stand_tr_crouch_rarm.fbx in 0 ms
  Loaded resource c:/Program Files (x86)/Steam/steamapps/common/Amnesia The Bunker/entities/character/player/animations/crouch_tr_idle_stand.fbx in 0 ms
  Loaded resource c:/Program Files (x86)/Steam/steamapps/common/Amnesia The Bunker/entities/character/player/animations/crouch_tr_idle_stand_larm.fbx in 0 ms
  Loaded resource c:/Program Files (x86)/Steam/steamapps/common/Amnesia The Bunker/entities/character/player/animations/crouch_tr_idle_stand_rarm.fbx in 0 ms
  Loaded resource c:/Program Files (x86)/Steam/steamapps/common/Amnesia The Bunker/entities/character/player/animations/crouch_fwd.fbx in 0 ms
  Loaded resource c:/Program Files (x86)/Steam/steamapps/common/Amnesia The Bunker/entities/character/player/animations/crouch_fwd_larm.fbx in 0 ms
  Loaded resource c:/Program Files (x86)/Steam/steamapps/common/Amnesia The Bunker/entities/character/player/animations/crouch_fwd_rarm.fbx in 0 ms
  Loaded resource c:/Program Files (x86)/Steam/steamapps/common/Amnesia The Bunker/entities/character/player/animations/crouch_bkwd.fbx in 0 ms
  Loaded resource c:/Program Files (x86)/Steam/steamapps/common/Amnesia The Bunker/entities/character/player/animations/crouch_bkwd_larm.fbx in 0 ms
  Loaded resource c:/Program Files (x86)/Steam/steamapps/common/Amnesia The Bunker/entities/character/player/animations/crouch_bkwd_rarm.fbx in 0 ms
  Loaded resource c:/Program Files (x86)/Steam/steamapps/common/Amnesia The Bunker/entities/character/player/animations/crouch_strafe_right.fbx in 0 ms
  Loaded resource c:/Program Files (x86)/Steam/steamapps/common/Amnesia The Bunker/entities/character/player/animations/crouch_strafe_right_larm.fbx in 0 ms
  Loaded resource c:/Program Files (x86)/Steam/steamapps/common/Amnesia The Bunker/entities/character/player/animations/crouch_strafe_right_rarm.fbx in 0 ms
  Loaded resource c:/Program Files (x86)/Steam/steamapps/common/Amnesia The Bunker/entities/character/player/animations/crouch_strafe_left.fbx in 0 ms
  Loaded resource c:/Program Files (x86)/Steam/steamapps/common/Amnesia The Bunker/entities/character/player/animations/crouch_strafe_left_larm.fbx in 0 ms
  Loaded resource c:/Program Files (x86)/Steam/steamapps/common/Amnesia The Bunker/entities/character/player/animations/crouch_strafe_left_rarm.fbx in 0 ms
  Loaded resource c:/Program Files (x86)/Steam/steamapps/common/Amnesia The Bunker/entities/character/player/animations/crouch_fwd_right.fbx in 0 ms
  Loaded resource c:/Program Files (x86)/Steam/steamapps/common/Amnesia The Bunker/entities/character/player/animations/crouch_fwd_right_larm.fbx in 0 ms
  Loaded resource c:/Program Files (x86)/Steam/steamapps/common/Amnesia The Bunker/entities/character/player/animations/crouch_fwd_right_rarm.fbx in 0 ms
  Loaded resource c:/Program Files (x86)/Steam/steamapps/common/Amnesia The Bunker/entities/character/player/animations/crouch_bkwd_right.fbx in 0 ms
  Loaded resource c:/Program Files (x86)/Steam/steamapps/common/Amnesia The Bunker/entities/character/player/animations/crouch_bkwd_right_larm.fbx in 0 ms
  Loaded resource c:/Program Files (x86)/Steam/steamapps/common/Amnesia The Bunker/entities/character/player/animations/crouch_bkwd_right_rarm.fbx in 0 ms
  Loaded resource c:/Program Files (x86)/Steam/steamapps/common/Amnesia The Bunker/entities/character/player/animations/crouch_fwd_left.fbx in 0 ms
  Loaded resource c:/Program Files (x86)/Steam/steamapps/common/Amnesia The Bunker/entities/character/player/animations/crouch_fwd_left_larm.fbx in 0 ms
  Loaded resource c:/Program Files (x86)/Steam/steamapps/common/Amnesia The Bunker/entities/character/player/animations/crouch_fwd_left_rarm.fbx in 0 ms
  Loaded resource c:/Program Files (x86)/Steam/steamapps/common/Amnesia The Bunker/entities/character/player/animations/crouch_bkwd_left.fbx in 0 ms
  Loaded resource c:/Program Files (x86)/Steam/steamapps/common/Amnesia The Bunker/entities/character/player/animations/crouch_bkwd_left_larm.fbx in 0 ms
  Loaded resource c:/Program Files (x86)/Steam/steamapps/common/Amnesia The Bunker/entities/character/player/animations/crouch_bkwd_left_rarm.fbx in 0 ms
  Loaded resource c:/Program Files (x86)/Steam/steamapps/common/Amnesia The Bunker/entities/character/player/animations/crouch_idle.fbx in 0 ms
  Loaded resource c:/Program Files (x86)/Steam/steamapps/common/Amnesia The Bunker/entities/character/player/animations/crouch_idle_larm.fbx in 0 ms
  Loaded resource c:/Program Files (x86)/Steam/steamapps/common/Amnesia The Bunker/entities/character/player/animations/crouch_idle_rarm.fbx in 0 ms
  Loaded resource c:/Program Files (x86)/Steam/steamapps/common/Amnesia The Bunker/entities/character/player/animations/crouch_turn_left90.fbx in 0 ms
  Loaded resource c:/Program Files (x86)/Steam/steamapps/common/Amnesia The Bunker/entities/character/player/animations/crouch_turn_left90_larm.fbx in 0 ms
  Loaded resource c:/Program Files (x86)/Steam/steamapps/common/Amnesia The Bunker/entities/character/player/animations/crouch_turn_left90_rarm.fbx in 0 ms
  Loaded resource c:/Program Files (x86)/Steam/steamapps/common/Amnesia The Bunker/entities/character/player/animations/crouch_turn_right90.fbx in 0 ms
  Loaded resource c:/Program Files (x86)/Steam/steamapps/common/Amnesia The Bunker/entities/character/player/animations/crouch_turn_right90_larm.fbx in 0 ms
  Loaded resource c:/Program Files (x86)/Steam/steamapps/common/Amnesia The Bunker/entities/character/player/animations/crouch_turn_right90_rarm.fbx in 0 ms
  Loaded resource c:/Program Files (x86)/Steam/steamapps/common/Amnesia The Bunker/entities/character/player/animations/player_prone_fwd_head_bob.fbx in 0 ms
  Loaded resource c:/Program Files (x86)/Steam/steamapps/common/Amnesia The Bunker/entities/character/player/animations/player_crouch_tr_prone_idle.fbx in 0 ms
  Loaded resource c:/Program Files (x86)/Steam/steamapps/common/Amnesia The Bunker/entities/character/player/animations/player_crouch_tr_prone_idle_larm.fbx in 0 ms
  Loaded resource c:/Program Files (x86)/Steam/steamapps/common/Amnesia The Bunker/entities/character/player/animations/player_crouch_tr_prone_idle_rarm.fbx in 0 ms
  Loaded resource c:/Program Files (x86)/Steam/steamapps/common/Amnesia The Bunker/entities/character/player/animations/player_prone_idle_tr_crouch.fbx in 0 ms
  Loaded resource c:/Program Files (x86)/Steam/steamapps/common/Amnesia The Bunker/entities/character/player/animations/player_prone_idle_tr_crouch_larm.fbx in 0 ms
  Loaded resource c:/Program Files (x86)/Steam/steamapps/common/Amnesia The Bunker/entities/character/player/animations/player_prone_idle_tr_crouch_rarm.fbx in 0 ms
  Loaded resource c:/Program Files (x86)/Steam/steamapps/common/Amnesia The Bunker/entities/character/player/animations/jump_launch.fbx in 1 ms
  Loaded resource c:/Program Files (x86)/Steam/steamapps/common/Amnesia The Bunker/entities/character/player/animations/jump_launch_larm.fbx in 0 ms
  Loaded resource c:/Program Files (x86)/Steam/steamapps/common/Amnesia The Bunker/entities/character/player/animations/jump_launch_rarm.fbx in 0 ms
  Loaded resource c:/Program Files (x86)/Steam/steamapps/common/Amnesia The Bunker/entities/character/player/animations/jump_fall.fbx in 0 ms
  Loaded resource c:/Program Files (x86)/Steam/steamapps/common/Amnesia The Bunker/entities/character/player/animations/jump_fall_larm.fbx in 0 ms
  Loaded resource c:/Program Files (x86)/Steam/steamapps/common/Amnesia The Bunker/entities/character/player/animations/jump_fall_rarm.fbx in 0 ms
  Loaded resource c:/Program Files (x86)/Steam/steamapps/common/Amnesia The Bunker/entities/character/player/animations/jump_land.fbx in 0 ms
  Loaded resource c:/Program Files (x86)/Steam/steamapps/common/Amnesia The Bunker/entities/character/player/animations/jump_land_larm.fbx in 0 ms
  Loaded resource c:/Program Files (x86)/Steam/steamapps/common/Amnesia The Bunker/entities/character/player/animations/jump_land_rarm.fbx in 0 ms
  Loaded resource c:/Program Files (x86)/Steam/steamapps/common/Amnesia The Bunker/entities/character/player/animations/climb_attach.fbx in 0 ms
  Loaded resource c:/Program Files (x86)/Steam/steamapps/common/Amnesia The Bunker/entities/character/player/animations/climb_idle_left.fbx in 0 ms
  Loaded resource c:/Program Files (x86)/Steam/steamapps/common/Amnesia The Bunker/entities/character/player/animations/climb_idle_right.fbx in 0 ms
  Loaded resource c:/Program Files (x86)/Steam/steamapps/common/Amnesia The Bunker/entities/character/player/animations/climb_ladder_left.fbx in 0 ms
  Loaded resource c:/Program Files (x86)/Steam/steamapps/common/Amnesia The Bunker/entities/character/player/animations/climb_ladder_right.fbx in 0 ms
  Loaded resource c:/Program Files (x86)/Steam/steamapps/common/Amnesia The Bunker/entities/character/player/animations/climb_left_detach_bottom.fbx in 0 ms
  Loaded resource c:/Program Files (x86)/Steam/steamapps/common/Amnesia The Bunker/entities/character/player/animations/climb_left_detach_top.fbx in 0 ms
  Loaded resource c:/Program Files (x86)/Steam/steamapps/common/Amnesia The Bunker/entities/character/player/animations/climb_right_detach_bottom.fbx in 0 ms
  Loaded resource c:/Program Files (x86)/Steam/steamapps/common/Amnesia The Bunker/entities/character/player/animations/climb_right_detach_top.fbx in 0 ms
  Loaded resource c:/Program Files (x86)/Steam/steamapps/common/Amnesia The Bunker/entities/character/player/animations/tool_generic_draw_rarm.fbx in 0 ms
  Loaded resource c:/Program Files (x86)/Steam/steamapps/common/Amnesia The Bunker/entities/character/player/animations/tool_generic_idle_rarm.fbx in 0 ms
  Loaded resource c:/Program Files (x86)/Steam/steamapps/common/Amnesia The Bunker/entities/character/player/animations/tool_generic_holster_rarm.fbx in 0 ms
  Loaded resource c:/Program Files (x86)/Steam/steamapps/common/Amnesia The Bunker/entities/character/player/animations/tool_lantern_draw_larm.fbx in 0 ms
  Loaded resource c:/Program Files (x86)/Steam/steamapps/common/Amnesia The Bunker/entities/character/player/animations/tool_lantern_holster_larm.fbx in 0 ms
  Loaded resource c:/Program Files (x86)/Steam/steamapps/common/Amnesia The Bunker/entities/character/player/animations/tool_lantern_idle_larm.fbx in 0 ms
  Loaded resource c:/Program Files (x86)/Steam/steamapps/common/Amnesia The Bunker/entities/character/player/animations/wake_up_from_death_1a.fbx in 0 ms
  Loaded resource c:/Program Files (x86)/Steam/steamapps/common/Amnesia The Bunker/entities/character/player/animations/wake_up_from_death_1b.fbx in 0 ms
  Loaded resource c:/Program Files (x86)/Steam/steamapps/common/Amnesia The Bunker/entities/character/player/animations/wake_up_from_death_1c.fbx in 0 ms
  Loaded resource c:/Program Files (x86)/Steam/steamapps/common/Amnesia The Bunker/entities/character/player/animations/wake_up_from_death_2.fbx in 0 ms
  Loaded resource c:/Program Files (x86)/Steam/steamapps/common/Amnesia The Bunker/entities/character/player/animations/wake_up_from_death_3a.fbx in 0 ms
  Loaded resource c:/Program Files (x86)/Steam/steamapps/common/Amnesia The Bunker/entities/character/player/animations/wake_up_from_death_3b.fbx in 0 ms
  Loaded resource c:/Program Files (x86)/Steam/steamapps/common/Amnesia The Bunker/entities/character/player/animations/wake_up_from_death_3c.fbx in 0 ms
  Loaded resource c:/Program Files (x86)/Steam/steamapps/common/Amnesia The Bunker/entities/character/player/animations/wake_up_from_death_4.fbx in 0 ms
  Loaded resource c:/Program Files (x86)/Steam/steamapps/common/Amnesia The Bunker/entities/character/player/animations/wake_up_from_death_1_crouch.fbx in 0 ms
  Loaded resource c:/Program Files (x86)/Steam/steamapps/common/Amnesia The Bunker/entities/character/player/animations/wake_up_from_death_2_crouch.fbx in 0 ms
  Loaded resource c:/Program Files (x86)/Steam/steamapps/common/Amnesia The Bunker/entities/character/player/animations/wake_up_from_death_3_crouch.fbx in 0 ms
  Loaded resource c:/Program Files (x86)/Steam/steamapps/common/Amnesia The Bunker/entities/character/player/animations/wake_up_from_death_4_crouch.fbx in 0 ms
  Loaded resource c:/Program Files (x86)/Steam/steamapps/common/Amnesia The Bunker/entities/character/player/animations/lean_left.fbx in 0 ms
  Loaded resource c:/Program Files (x86)/Steam/steamapps/common/Amnesia The Bunker/entities/character/player/animations/lean_right.fbx in 0 ms
  Loaded resource c:/Program Files (x86)/Steam/steamapps/common/Amnesia The Bunker/entities/character/player/animations/fall_and_get_up_quickly.fbx in 0 ms
  Loaded resource c:/Program Files (x86)/Steam/steamapps/common/Amnesia The Bunker/entities/character/player/animations/knocked_out_by_debris_in_place.fbx in 0 ms
  Loaded resource c:/Program Files (x86)/Steam/steamapps/common/Amnesia The Bunker/entities/character/player/animations/player_exhausted.fbx in 0 ms
  Loaded resource c:/Program Files (x86)/Steam/steamapps/common/Amnesia The Bunker/entities/character/player/animations/player_gun_aim_idle.fbx in 0 ms
  Loaded resource c:/Program Files (x86)/Steam/steamapps/common/Amnesia The Bunker/entities/character/player/animations/player_gun_relaxed_idle.fbx in 0 ms
  Loaded resource c:/Program Files (x86)/Steam/steamapps/common/Amnesia The Bunker/entities/character/player/animations/player_gun_relaxed_tr_aim.fbx in 0 ms
  Loaded resource c:/Program Files (x86)/Steam/steamapps/common/Amnesia The Bunker/entities/character/player/animations/player_gun_aim_tr_relaxed.fbx in 0 ms
  Loaded resource c:/Program Files (x86)/Steam/steamapps/common/Amnesia The Bunker/entities/character/player/animations/player_gun_equip.fbx in 0 ms
  Loaded resource c:/Program Files (x86)/Steam/steamapps/common/Amnesia The Bunker/entities/character/player/animations/player_gun_unequip.fbx in 0 ms
  Loaded resource c:/Program Files (x86)/Steam/steamapps/common/Amnesia The Bunker/entities/character/player/animations/player_gun_shot_1.fbx in 0 ms
  Loaded resource c:/Program Files (x86)/Steam/steamapps/common/Amnesia The Bunker/entities/character/player/animations/player_gun_shot_2.fbx in 0 ms
  Loaded resource c:/Program Files (x86)/Steam/steamapps/common/Amnesia The Bunker/entities/character/player/animations/player_gun_shot_3.fbx in 0 ms
  Loaded resource c:/Program Files (x86)/Steam/steamapps/common/Amnesia The Bunker/entities/character/player/animations/player_gun_bullet_check_open.fbx in 0 ms
  Loaded resource c:/Program Files (x86)/Steam/steamapps/common/Amnesia The Bunker/entities/character/player/animations/player_gun_bullet_check_idle.fbx in 0 ms
  Loaded resource c:/Program Files (x86)/Steam/steamapps/common/Amnesia The Bunker/entities/character/player/animations/player_gun_bullet_check_close.fbx in 0 ms
  Loaded resource c:/Program Files (x86)/Steam/steamapps/common/Amnesia The Bunker/entities/character/player/animations/player_gun_shot_empty.fbx in 0 ms
  Loaded resource c:/Program Files (x86)/Steam/steamapps/common/Amnesia The Bunker/entities/character/player/animations/player_gun_reload_add_bullet_larm.fbx in 0 ms
  Loaded resource c:/Program Files (x86)/Steam/steamapps/common/Amnesia The Bunker/entities/character/player/animations/player_gun_reload_add_bullet_rarm.fbx in 0 ms
  Loaded resource c:/Program Files (x86)/Steam/steamapps/common/Amnesia The Bunker/entities/character/player/animations/player_gun_reload_cylinder_spin_larm.fbx in 0 ms
  Loaded resource c:/Program Files (x86)/Steam/steamapps/common/Amnesia The Bunker/entities/character/player/animations/player_gun_reload_cylinder_spin_rarm.fbx in 0 ms
  Loaded resource c:/Program Files (x86)/Steam/steamapps/common/Amnesia The Bunker/entities/character/player/animations/player_gun_reload_end_larm.fbx in 0 ms
  Loaded resource c:/Program Files (x86)/Steam/steamapps/common/Amnesia The Bunker/entities/character/player/animations/player_gun_reload_end_rarm.fbx in 0 ms
  Loaded resource c:/Program Files (x86)/Steam/steamapps/common/Amnesia The Bunker/entities/character/player/animations/player_gun_reload_remove_bullets.fbx in 0 ms
  Loaded resource c:/Program Files (x86)/Steam/steamapps/common/Amnesia The Bunker/entities/character/player/animations/player_gun_reload_start_larm.fbx in 0 ms
  Loaded resource c:/Program Files (x86)/Steam/steamapps/common/Amnesia The Bunker/entities/character/player/animations/player_gun_reload_start_rarm.fbx in 0 ms
  Loaded resource c:/Program Files (x86)/Steam/steamapps/common/Amnesia The Bunker/entities/character/player/animations/player_head_gun_shot_1.fbx in 0 ms
  Loaded resource c:/Program Files (x86)/Steam/steamapps/common/Amnesia The Bunker/entities/character/player/animations/player_head_gun_shot_2.fbx in 0 ms
  Loaded resource c:/Program Files (x86)/Steam/steamapps/common/Amnesia The Bunker/entities/character/player/animations/player_head_gun_shot_3.fbx in 0 ms
  Loaded resource c:/Program Files (x86)/Steam/steamapps/common/Amnesia The Bunker/entities/character/player/animations/player_head_gun_unequip.fbx in 0 ms
  Loaded resource c:/Program Files (x86)/Steam/steamapps/common/Amnesia The Bunker/entities/character/player/animations/player_head_gun_equip.fbx in 0 ms
  Loaded resource c:/Program Files (x86)/Steam/steamapps/common/Amnesia The Bunker/entities/character/player/animations/player_head_bullet_check_close.fbx in 0 ms
  Loaded resource c:/Program Files (x86)/Steam/steamapps/common/Amnesia The Bunker/entities/character/player/animations/player_head_bullet_check_open.fbx in 0 ms
  Loaded resource c:/Program Files (x86)/Steam/steamapps/common/Amnesia The Bunker/entities/character/player/animations/player_head_gun_reload_remove_bullets.fbx in 0 ms
  Loaded resource c:/Program Files (x86)/Steam/steamapps/common/Amnesia The Bunker/entities/character/player/animations/player_gun_dual_aim_end_larm.fbx in 0 ms
  Loaded resource c:/Program Files (x86)/Steam/steamapps/common/Amnesia The Bunker/entities/character/player/animations/player_gun_dual_aim_idle_larm.fbx in 0 ms
  Loaded resource c:/Program Files (x86)/Steam/steamapps/common/Amnesia The Bunker/entities/character/player/animations/player_gun_dual_aim_idle_rarm.fbx in 0 ms
  Loaded resource c:/Program Files (x86)/Steam/steamapps/common/Amnesia The Bunker/entities/character/player/animations/player_gun_dual_aim_start_larm.fbx in 0 ms
  Loaded resource c:/Program Files (x86)/Steam/steamapps/common/Amnesia The Bunker/entities/character/player/animations/player_gun_aim_tr_relaxed_larm.fbx in 0 ms
  Loaded resource c:/Program Files (x86)/Steam/steamapps/common/Amnesia The Bunker/entities/character/player/animations/player_gun_relaxed_tr_aim_larm.fbx in 0 ms
  Loaded resource c:/Program Files (x86)/Steam/steamapps/common/Amnesia The Bunker/entities/character/player/animations/player_gun_shot_1_larm.fbx in 0 ms
  Loaded resource c:/Program Files (x86)/Steam/steamapps/common/Amnesia The Bunker/entities/character/player/animations/player_gun_shot_2_larm.fbx in 0 ms
  Loaded resource c:/Program Files (x86)/Steam/steamapps/common/Amnesia The Bunker/entities/character/player/animations/player_gun_shot_3_larm.fbx in 0 ms
  Loaded resource c:/Program Files (x86)/Steam/steamapps/common/Amnesia The Bunker/entities/character/player/animations/player_gun_shot_empty_larm.fbx in 0 ms
  Loaded resource c:/Program Files (x86)/Steam/steamapps/common/Amnesia The Bunker/entities/character/player/animations/player_magnetlampe_equip_larm.fbx in 0 ms
  Loaded resource c:/Program Files (x86)/Steam/steamapps/common/Amnesia The Bunker/entities/character/player/animations/player_magnetlampe_idle_larm.fbx in 0 ms
  Loaded resource c:/Program Files (x86)/Steam/steamapps/common/Amnesia The Bunker/entities/character/player/animations/player_magnetlampe_unequip_larm.fbx in 0 ms
  Loaded resource c:/Program Files (x86)/Steam/steamapps/common/Amnesia The Bunker/entities/character/player/animations/player_head_magnetlampe_chargeup_pull_1.fbx in 0 ms
  Loaded resource c:/Program Files (x86)/Steam/steamapps/common/Amnesia The Bunker/entities/character/player/animations/player_head_magnetlampe_chargeup_pull_2.fbx in 0 ms
  Loaded resource c:/Program Files (x86)/Steam/steamapps/common/Amnesia The Bunker/entities/character/player/animations/player_head_magnetlampe_chargeup_pull_3.fbx in 0 ms
  Loaded resource c:/Program Files (x86)/Steam/steamapps/common/Amnesia The Bunker/entities/character/player/animations/player_magnetlampe_chargeup_end_larm.fbx in 0 ms
  Loaded resource c:/Program Files (x86)/Steam/steamapps/common/Amnesia The Bunker/entities/character/player/animations/player_magnetlampe_chargeup_end_rarm.fbx in 0 ms
  Loaded resource c:/Program Files (x86)/Steam/steamapps/common/Amnesia The Bunker/entities/character/player/animations/player_magnetlampe_chargeup_gun_end_rarm.fbx in 0 ms
  Loaded resource c:/Program Files (x86)/Steam/steamapps/common/Amnesia The Bunker/entities/character/player/animations/player_magnetlampe_chargeup_gun_start_rarm.fbx in 0 ms
  Loaded resource c:/Program Files (x86)/Steam/steamapps/common/Amnesia The Bunker/entities/character/player/animations/player_magnetlampe_chargeup_gun_pull_1_rarm.fbx in 0 ms
  Loaded resource c:/Program Files (x86)/Steam/steamapps/common/Amnesia The Bunker/entities/character/player/animations/player_magnetlampe_chargeup_gun_pull_2_rarm.fbx in 0 ms
  Loaded resource c:/Program Files (x86)/Steam/steamapps/common/Amnesia The Bunker/entities/character/player/animations/player_magnetlampe_chargeup_gun_pull_3_rarm.fbx in 0 ms
  Loaded resource c:/Program Files (x86)/Steam/steamapps/common/Amnesia The Bunker/entities/character/player/animations/player_magnetlampe_chargeup_pull_1_larm.fbx in 0 ms
  Loaded resource c:/Program Files (x86)/Steam/steamapps/common/Amnesia The Bunker/entities/character/player/animations/player_magnetlampe_chargeup_pull_1_rarm.fbx in 0 ms
  Loaded resource c:/Program Files (x86)/Steam/steamapps/common/Amnesia The Bunker/entities/character/player/animations/player_magnetlampe_chargeup_pull_2_larm.fbx in 1 ms
  Loaded resource c:/Program Files (x86)/Steam/steamapps/common/Amnesia The Bunker/entities/character/player/animations/player_magnetlampe_chargeup_pull_2_rarm.fbx in 0 ms
  Loaded resource c:/Program Files (x86)/Steam/steamapps/common/Amnesia The Bunker/entities/character/player/animations/player_magnetlampe_chargeup_pull_3_larm.fbx in 0 ms
  Loaded resource c:/Program Files (x86)/Steam/steamapps/common/Amnesia The Bunker/entities/character/player/animations/player_magnetlampe_chargeup_pull_3_rarm.fbx in 0 ms
  Loaded resource c:/Program Files (x86)/Steam/steamapps/common/Amnesia The Bunker/entities/character/player/animations/player_magnetlampe_chargeup_start_larm.fbx in 0 ms
  Loaded resource c:/Program Files (x86)/Steam/steamapps/common/Amnesia The Bunker/entities/character/player/animations/player_magnetlampe_chargeup_start_rarm.fbx in 0 ms
  Loaded resource c:/Program Files (x86)/Steam/steamapps/common/Amnesia The Bunker/entities/character/player/animations/player_gun_dual_aim_start_rarm.fbx in 0 ms
  Loaded resource c:/Program Files (x86)/Steam/steamapps/common/Amnesia The Bunker/entities/character/player/animations/player_gun_dual_aim_end_rarm.fbx in 0 ms
  Loaded resource c:/Program Files (x86)/Steam/steamapps/common/Amnesia The Bunker/entities/character/player/animations/player_deathscene_grabbed_ghoulhole.fbx in 0 ms
  Loaded resource c:/Program Files (x86)/Steam/steamapps/common/Amnesia The Bunker/entities/character/player/animations/player_pocketwatch_equip_rarm.fbx in 0 ms
  Loaded resource c:/Program Files (x86)/Steam/steamapps/common/Amnesia The Bunker/entities/character/player/animations/player_pocketwatch_idle_rarm.fbx in 0 ms
  Loaded resource c:/Program Files (x86)/Steam/steamapps/common/Amnesia The Bunker/entities/character/player/animations/player_pocketwatch_holster_rarm.fbx in 0 ms
  Loaded resource c:/Program Files (x86)/Steam/steamapps/common/Amnesia The Bunker/entities/character/player/animations/player_pocketwatch_focus_start_rarm.fbx in 0 ms
  Loaded resource c:/Program Files (x86)/Steam/steamapps/common/Amnesia The Bunker/entities/character/player/animations/player_pocketwatch_focus_idle_rarm.fbx in 0 ms
  Loaded resource c:/Program Files (x86)/Steam/steamapps/common/Amnesia The Bunker/entities/character/player/animations/player_pocketwatch_focus_end_rarm.fbx in 0 ms
  Loaded resource c:/Program Files (x86)/Steam/steamapps/common/Amnesia The Bunker/entities/character/player/animations/player_pocketwatch_focus_click_rarm.fbx in 0 ms
  Loaded resource c:/Program Files (x86)/Steam/steamapps/common/Amnesia The Bunker/entities/character/player/animations/player_cutter_cut_air_larm.fbx in 0 ms
  Loaded resource c:/Program Files (x86)/Steam/steamapps/common/Amnesia The Bunker/entities/character/player/animations/player_cutter_cut_air_rarm.fbx in 0 ms
  Loaded resource c:/Program Files (x86)/Steam/steamapps/common/Amnesia The Bunker/entities/character/player/animations/player_cutter_equip_rarm.fbx in 0 ms
  Loaded resource c:/Program Files (x86)/Steam/steamapps/common/Amnesia The Bunker/entities/character/player/animations/player_cutter_focus_end_larm.fbx in 0 ms
  Loaded resource c:/Program Files (x86)/Steam/steamapps/common/Amnesia The Bunker/entities/character/player/animations/player_cutter_focus_end_rarm.fbx in 0 ms
  Loaded resource c:/Program Files (x86)/Steam/steamapps/common/Amnesia The Bunker/entities/character/player/animations/player_cutter_focus_idle_larm.fbx in 0 ms
  Loaded resource c:/Program Files (x86)/Steam/steamapps/common/Amnesia The Bunker/entities/character/player/animations/player_cutter_focus_idle_rarm.fbx in 0 ms
  Loaded resource c:/Program Files (x86)/Steam/steamapps/common/Amnesia The Bunker/entities/character/player/animations/player_cutter_focus_start_larm.fbx in 0 ms
  Loaded resource c:/Program Files (x86)/Steam/steamapps/common/Amnesia The Bunker/entities/character/player/animations/player_cutter_focus_start_rarm.fbx in 0 ms
  Loaded resource c:/Program Files (x86)/Steam/steamapps/common/Amnesia The Bunker/entities/character/player/animations/player_cutter_holster_rarm.fbx in 0 ms
  Loaded resource c:/Program Files (x86)/Steam/steamapps/common/Amnesia The Bunker/entities/character/player/animations/player_cutter_idle_rarm.fbx in 0 ms
  Loaded resource c:/Program Files (x86)/Steam/steamapps/common/Amnesia The Bunker/entities/character/player/animations/player_cutter_cut_chain_1.fbx in 0 ms
  Loaded resource c:/Program Files (x86)/Steam/steamapps/common/Amnesia The Bunker/entities/character/player/animations/player_cutter_cut_padlock.fbx in 0 ms
  Loaded resource c:/Program Files (x86)/Steam/steamapps/common/Amnesia The Bunker/entities/character/player/animations/player_molotov_equip_rarm.fbx in 0 ms
  Loaded resource c:/Program Files (x86)/Steam/steamapps/common/Amnesia The Bunker/entities/character/player/animations/player_molotov_focus_end_larm.fbx in 0 ms
  Loaded resource c:/Program Files (x86)/Steam/steamapps/common/Amnesia The Bunker/entities/character/player/animations/player_molotov_focus_end_rarm.fbx in 0 ms
  Loaded resource c:/Program Files (x86)/Steam/steamapps/common/Amnesia The Bunker/entities/character/player/animations/player_molotov_focus_idle_larm.fbx in 0 ms
  Loaded resource c:/Program Files (x86)/Steam/steamapps/common/Amnesia The Bunker/entities/character/player/animations/player_molotov_focus_idle_rarm.fbx in 0 ms
  Loaded resource c:/Program Files (x86)/Steam/steamapps/common/Amnesia The Bunker/entities/character/player/animations/player_molotov_focus_start_larm.fbx in 0 ms
  Loaded resource c:/Program Files (x86)/Steam/steamapps/common/Amnesia The Bunker/entities/character/player/animations/player_molotov_focus_start_rarm.fbx in 0 ms
  Loaded resource c:/Program Files (x86)/Steam/steamapps/common/Amnesia The Bunker/entities/character/player/animations/player_molotov_holster_rarm.fbx in 0 ms
  Loaded resource c:/Program Files (x86)/Steam/steamapps/common/Amnesia The Bunker/entities/character/player/animations/player_molotov_idle_rarm.fbx in 0 ms
  Loaded resource c:/Program Files (x86)/Steam/steamapps/common/Amnesia The Bunker/entities/character/player/animations/player_molotov_throw_larm.fbx in 0 ms
  Loaded resource c:/Program Files (x86)/Steam/steamapps/common/Amnesia The Bunker/entities/character/player/animations/player_molotov_throw_rarm.fbx in 0 ms
  Loaded resource c:/Program Files (x86)/Steam/steamapps/common/Amnesia The Bunker/entities/character/player/animations/player_empty_molotov_equip_rarm.fbx in 0 ms
  Loaded resource c:/Program Files (x86)/Steam/steamapps/common/Amnesia The Bunker/entities/character/player/animations/player_empty_molotov_focus_end_rarm.fbx in 0 ms
  Loaded resource c:/Program Files (x86)/Steam/steamapps/common/Amnesia The Bunker/entities/character/player/animations/player_empty_molotov_focus_idle_rarm.fbx in 0 ms
  Loaded resource c:/Program Files (x86)/Steam/steamapps/common/Amnesia The Bunker/entities/character/player/animations/player_empty_molotov_focus_start_rarm.fbx in 0 ms
  Loaded resource c:/Program Files (x86)/Steam/steamapps/common/Amnesia The Bunker/entities/character/player/animations/player_empty_molotov_holster_rarm.fbx in 0 ms
  Loaded resource c:/Program Files (x86)/Steam/steamapps/common/Amnesia The Bunker/entities/character/player/animations/player_empty_molotov_idle_rarm.fbx in 0 ms
  Loaded resource c:/Program Files (x86)/Steam/steamapps/common/Amnesia The Bunker/entities/character/player/animations/player_empty_molotov_throw_rarm.fbx in 0 ms
  Loaded resource c:/Program Files (x86)/Steam/steamapps/common/Amnesia The Bunker/entities/character/player/animations/player_check_health_stand_end.fbx in 0 ms
  Loaded resource c:/Program Files (x86)/Steam/steamapps/common/Amnesia The Bunker/entities/character/player/animations/player_check_health_stand_idle.fbx in 0 ms
  Loaded resource c:/Program Files (x86)/Steam/steamapps/common/Amnesia The Bunker/entities/character/player/animations/player_check_health_stand_start.fbx in 0 ms
  Loaded resource c:/Program Files (x86)/Steam/steamapps/common/Amnesia The Bunker/entities/character/player/animations/player_check_health_stand_stomach_tr_idle.fbx in 0 ms
  Loaded resource c:/Program Files (x86)/Steam/steamapps/common/Amnesia The Bunker/entities/character/player/animations/player_shoulder_bobbing_larm.fbx in 0 ms
  Loaded resource c:/Program Files (x86)/Steam/steamapps/common/Amnesia The Bunker/entities/character/player/animations/player_shoulder_bobbing_rarm.fbx in 0 ms
  Loaded resource c:/Program Files (x86)/Steam/steamapps/common/Amnesia The Bunker/entities/character/player/animations/player_torch_equip_larm.fbx in 0 ms
  Loaded resource c:/Program Files (x86)/Steam/steamapps/common/Amnesia The Bunker/entities/character/player/animations/player_torch_idle_rarm.fbx in 0 ms
  Loaded resource c:/Program Files (x86)/Steam/steamapps/common/Amnesia The Bunker/entities/character/player/animations/player_torch_holster_rarm.fbx in 0 ms
  Loaded resource c:/Program Files (x86)/Steam/steamapps/common/Amnesia The Bunker/entities/character/player/animations/player_torch_aim_rarm.fbx in 0 ms
  Loaded resource c:/Program Files (x86)/Steam/steamapps/common/Amnesia The Bunker/entities/character/player/animations/player_torch_equip_unlit_rarm.fbx in 0 ms
  Loaded resource c:/Program Files (x86)/Steam/steamapps/common/Amnesia The Bunker/entities/character/player/animations/player_torch_equip_rarm.fbx in 1 ms
  Loaded resource c:/Program Files (x86)/Steam/steamapps/common/Amnesia The Bunker/entities/character/player/animations/player_torch_wave_1_rarm.fbx in 0 ms
  Loaded resource c:/Program Files (x86)/Steam/steamapps/common/Amnesia The Bunker/entities/character/player/animations/player_torch_wave_2_rarm.fbx in 0 ms
  Loaded resource c:/Program Files (x86)/Steam/steamapps/common/Amnesia The Bunker/entities/character/player/animations/player_torch_wave_3_rarm.fbx in 0 ms
  Loaded resource c:/Program Files (x86)/Steam/steamapps/common/Amnesia The Bunker/entities/character/player/animations/player_torch_wave_end_rarm.fbx in 0 ms
  Loaded resource c:/Program Files (x86)/Steam/steamapps/common/Amnesia The Bunker/entities/character/player/animations/player_torch_aim_start_rarm.fbx in 0 ms
  Loaded resource c:/Program Files (x86)/Steam/steamapps/common/Amnesia The Bunker/entities/character/player/animations/player_torch_aim_end_rarm.fbx in 0 ms
  Loaded resource c:/Program Files (x86)/Steam/steamapps/common/Amnesia The Bunker/entities/character/player/animations/player_grenade_equip_rarm.fbx in 0 ms
  Loaded resource c:/Program Files (x86)/Steam/steamapps/common/Amnesia The Bunker/entities/character/player/animations/player_grenade_focus_end_larm.fbx in 0 ms
  Loaded resource c:/Program Files (x86)/Steam/steamapps/common/Amnesia The Bunker/entities/character/player/animations/player_grenade_focus_end_rarm.fbx in 0 ms
  Loaded resource c:/Program Files (x86)/Steam/steamapps/common/Amnesia The Bunker/entities/character/player/animations/player_grenade_focus_idle_larm.fbx in 0 ms
  Loaded resource c:/Program Files (x86)/Steam/steamapps/common/Amnesia The Bunker/entities/character/player/animations/player_grenade_focus_idle_rarm.fbx in 0 ms
  Loaded resource c:/Program Files (x86)/Steam/steamapps/common/Amnesia The Bunker/entities/character/player/animations/player_grenade_focus_start_larm.fbx in 0 ms
  Loaded resource c:/Program Files (x86)/Steam/steamapps/common/Amnesia The Bunker/entities/character/player/animations/player_grenade_focus_start_rarm.fbx in 0 ms
  Loaded resource c:/Program Files (x86)/Steam/steamapps/common/Amnesia The Bunker/entities/character/player/animations/player_grenade_holster_rarm.fbx in 0 ms
  Loaded resource c:/Program Files (x86)/Steam/steamapps/common/Amnesia The Bunker/entities/character/player/animations/player_grenade_idle_rarm.fbx in 0 ms
  Loaded resource c:/Program Files (x86)/Steam/steamapps/common/Amnesia The Bunker/entities/character/player/animations/player_grenade_throw_larm.fbx in 0 ms
  Loaded resource c:/Program Files (x86)/Steam/steamapps/common/Amnesia The Bunker/entities/character/player/animations/player_grenade_throw_rarm.fbx in 0 ms
  Loaded resource c:/Program Files (x86)/Steam/steamapps/common/Amnesia The Bunker/entities/character/player/animations/player_gas_grenade_equip_rarm.fbx in 0 ms
  Loaded resource c:/Program Files (x86)/Steam/steamapps/common/Amnesia The Bunker/entities/character/player/animations/player_gas_grenade_focus_end_rarm.fbx in 0 ms
  Loaded resource c:/Program Files (x86)/Steam/steamapps/common/Amnesia The Bunker/entities/character/player/animations/player_gas_grenade_focus_idle_rarm.fbx in 0 ms
  Loaded resource c:/Program Files (x86)/Steam/steamapps/common/Amnesia The Bunker/entities/character/player/animations/player_gas_grenade_focus_start_rarm.fbx in 0 ms
  Loaded resource c:/Program Files (x86)/Steam/steamapps/common/Amnesia The Bunker/entities/character/player/animations/player_gas_grenade_holster_rarm.fbx in 0 ms
  Loaded resource c:/Program Files (x86)/Steam/steamapps/common/Amnesia The Bunker/entities/character/player/animations/player_gas_grenade_idle_rarm.fbx in 0 ms
  Loaded resource c:/Program Files (x86)/Steam/steamapps/common/Amnesia The Bunker/entities/character/player/animations/player_gas_grenade_throw_larm.fbx in 1 ms
  Loaded resource c:/Program Files (x86)/Steam/steamapps/common/Amnesia The Bunker/entities/character/player/animations/player_gas_grenade_throw_rarm.fbx in 0 ms
  Loaded resource c:/Program Files (x86)/Steam/steamapps/common/Amnesia The Bunker/entities/character/player/animations/player_wrench_equip_rarm.fbx in 0 ms
  Loaded resource c:/Program Files (x86)/Steam/steamapps/common/Amnesia The Bunker/entities/character/player/animations/player_wrench_focus_end_larm.fbx in 0 ms
  Loaded resource c:/Program Files (x86)/Steam/steamapps/common/Amnesia The Bunker/entities/character/player/animations/player_wrench_focus_end_rarm.fbx in 0 ms
  Loaded resource c:/Program Files (x86)/Steam/steamapps/common/Amnesia The Bunker/entities/character/player/animations/player_wrench_focus_idle_larm.fbx in 0 ms
  Loaded resource c:/Program Files (x86)/Steam/steamapps/common/Amnesia The Bunker/entities/character/player/animations/player_wrench_focus_idle_rarm.fbx in 0 ms
  Loaded resource c:/Program Files (x86)/Steam/steamapps/common/Amnesia The Bunker/entities/character/player/animations/player_wrench_focus_start_larm.fbx in 0 ms
  Loaded resource c:/Program Files (x86)/Steam/steamapps/common/Amnesia The Bunker/entities/character/player/animations/player_wrench_focus_start_rarm.fbx in 0 ms
  Loaded resource c:/Program Files (x86)/Steam/steamapps/common/Amnesia The Bunker/entities/character/player/animations/player_wrench_holster_rarm.fbx in 0 ms
  Loaded resource c:/Program Files (x86)/Steam/steamapps/common/Amnesia The Bunker/entities/character/player/animations/player_wrench_idle_rarm.fbx in 0 ms
  Loaded resource c:/Program Files (x86)/Steam/steamapps/common/Amnesia The Bunker/entities/character/player/animations/player_wrench_rtu_noaction_larm.fbx in 0 ms
  Loaded resource c:/Program Files (x86)/Steam/steamapps/common/Amnesia The Bunker/entities/character/player/animations/player_wrench_rtu_noaction_rarm.fbx in 0 ms
  Loaded resource c:/Program Files (x86)/Steam/steamapps/common/Amnesia The Bunker/entities/character/player/animations/player_wrench_unscrew_x2_bolt.fbx in 0 ms
  Loaded resource c:/Program Files (x86)/Steam/steamapps/common/Amnesia The Bunker/entities/character/player/animations/player_wrench_unscrew_x3_bolt.fbx in 0 ms
  Loaded resource c:/Program Files (x86)/Steam/steamapps/common/Amnesia The Bunker/entities/character/player/animations/player_meat_equip_rarm.fbx in 0 ms
  Loaded resource c:/Program Files (x86)/Steam/steamapps/common/Amnesia The Bunker/entities/character/player/animations/player_meat_focus_end_rarm.fbx in 0 ms
  Loaded resource c:/Program Files (x86)/Steam/steamapps/common/Amnesia The Bunker/entities/character/player/animations/player_meat_focus_idle_rarm.fbx in 0 ms
  Loaded resource c:/Program Files (x86)/Steam/steamapps/common/Amnesia The Bunker/entities/character/player/animations/player_meat_focus_start_rarm.fbx in 0 ms
  Loaded resource c:/Program Files (x86)/Steam/steamapps/common/Amnesia The Bunker/entities/character/player/animations/player_meat_holster_rarm.fbx in 0 ms
  Loaded resource c:/Program Files (x86)/Steam/steamapps/common/Amnesia The Bunker/entities/character/player/animations/player_meat_idle_rarm.fbx in 0 ms
  Loaded resource c:/Program Files (x86)/Steam/steamapps/common/Amnesia The Bunker/entities/character/player/animations/player_meat_throw_rarm.fbx in 0 ms
  Loaded resource c:/Program Files (x86)/Steam/steamapps/common/Amnesia The Bunker/entities/character/player/animations/player_bottle_equip_rarm.fbx in 0 ms
  Loaded resource c:/Program Files (x86)/Steam/steamapps/common/Amnesia The Bunker/entities/character/player/animations/player_bottle_focus_end_rarm.fbx in 0 ms
  Loaded resource c:/Program Files (x86)/Steam/steamapps/common/Amnesia The Bunker/entities/character/player/animations/player_bottle_focus_idle_rarm.fbx in 0 ms
  Loaded resource c:/Program Files (x86)/Steam/steamapps/common/Amnesia The Bunker/entities/character/player/animations/player_bottle_focus_start_rarm.fbx in 0 ms
  Loaded resource c:/Program Files (x86)/Steam/steamapps/common/Amnesia The Bunker/entities/character/player/animations/player_bottle_holster_rarm.fbx in 0 ms
  Loaded resource c:/Program Files (x86)/Steam/steamapps/common/Amnesia The Bunker/entities/character/player/animations/player_bottle_idle_rarm.fbx in 0 ms
  Loaded resource c:/Program Files (x86)/Steam/steamapps/common/Amnesia The Bunker/entities/character/player/animations/player_bottle_throw_rarm.fbx in 0 ms
  Loaded resource c:/Program Files (x86)/Steam/steamapps/common/Amnesia The Bunker/entities/character/player/animations/player_fuel_bottle_equip_rarm.fbx in 0 ms
  Loaded resource c:/Program Files (x86)/Steam/steamapps/common/Amnesia The Bunker/entities/character/player/animations/player_fuel_bottle_focus_end_rarm.fbx in 0 ms
  Loaded resource c:/Program Files (x86)/Steam/steamapps/common/Amnesia The Bunker/entities/character/player/animations/player_fuel_bottle_focus_idle_rarm.fbx in 0 ms
  Loaded resource c:/Program Files (x86)/Steam/steamapps/common/Amnesia The Bunker/entities/character/player/animations/player_fuel_bottle_focus_start_rarm.fbx in 0 ms
  Loaded resource c:/Program Files (x86)/Steam/steamapps/common/Amnesia The Bunker/entities/character/player/animations/player_fuel_bottle_holster_rarm.fbx in 0 ms
  Loaded resource c:/Program Files (x86)/Steam/steamapps/common/Amnesia The Bunker/entities/character/player/animations/player_fuel_bottle_idle_rarm.fbx in 0 ms
  Loaded resource c:/Program Files (x86)/Steam/steamapps/common/Amnesia The Bunker/entities/character/player/animations/player_fuel_bottle_throw_rarm.fbx in 0 ms
  Loaded resource c:/Program Files (x86)/Steam/steamapps/common/Amnesia The Bunker/entities/character/player/animations/player_flare_equip_rarm.fbx in 0 ms
  Loaded resource c:/Program Files (x86)/Steam/steamapps/common/Amnesia The Bunker/entities/character/player/animations/player_flare_idle_rarm.fbx in 0 ms
  Loaded resource c:/Program Files (x86)/Steam/steamapps/common/Amnesia The Bunker/entities/character/player/animations/player_flare_holster_rarm.fbx in 0 ms
  Loaded resource c:/Program Files (x86)/Steam/steamapps/common/Amnesia The Bunker/entities/character/player/animations/player_flare_focus_start_larm.fbx in 0 ms
  Loaded resource c:/Program Files (x86)/Steam/steamapps/common/Amnesia The Bunker/entities/character/player/animations/player_flare_focus_start_rarm.fbx in 0 ms
  Loaded resource c:/Program Files (x86)/Steam/steamapps/common/Amnesia The Bunker/entities/character/player/animations/player_flare_focus_idle_larm.fbx in 0 ms
  Loaded resource c:/Program Files (x86)/Steam/steamapps/common/Amnesia The Bunker/entities/character/player/animations/player_flare_focus_idle_rarm.fbx in 0 ms
  Loaded resource c:/Program Files (x86)/Steam/steamapps/common/Amnesia The Bunker/entities/character/player/animations/player_flare_focus_end_larm.fbx in 0 ms
  Loaded resource c:/Program Files (x86)/Steam/steamapps/common/Amnesia The Bunker/entities/character/player/animations/player_flare_focus_end_rarm.fbx in 0 ms
  Loaded resource c:/Program Files (x86)/Steam/steamapps/common/Amnesia The Bunker/entities/character/player/animations/player_flare_throw_larm.fbx in 0 ms
  Loaded resource c:/Program Files (x86)/Steam/steamapps/common/Amnesia The Bunker/entities/character/player/animations/player_flare_throw_rarm.fbx in 0 ms
  Loaded resource c:/Program Files (x86)/Steam/steamapps/common/Amnesia The Bunker/entities/character/player/animations/player_gas_mask_equip.fbx in 1 ms
  Loaded resource c:/Program Files (x86)/Steam/steamapps/common/Amnesia The Bunker/entities/character/player/animations/player_gas_mask_unequip.fbx in 0 ms
  Loaded resource c:/Program Files (x86)/Steam/steamapps/common/Amnesia The Bunker/entities/character/player/animations/player_stopwatch_wind_and_click_larm.fbx in 0 ms
  Loaded resource c:/Program Files (x86)/Steam/steamapps/common/Amnesia The Bunker/entities/character/player/animations/player_stopwatch_wind_and_click_rarm.fbx in 0 ms
  Loaded resource c:/Program Files (x86)/Steam/steamapps/common/Amnesia The Bunker/entities/character/player/animations/player_stopwatch_wind_and_click_all.fbx in 0 ms
  Loaded resource c:/Program Files (x86)/Steam/steamapps/common/Amnesia The Bunker/entities/character/player/animations/player_stopwatch_equip_click_rarm.fbx in 0 ms
  Loaded resource c:/Program Files (x86)/Steam/steamapps/common/Amnesia The Bunker/entities/character/player/animations/player_stopwatch_equip_rarm.fbx in 0 ms
  Loaded resource c:/Program Files (x86)/Steam/steamapps/common/Amnesia The Bunker/entities/character/player/animations/player_stopwatch_focus_click_rarm.fbx in 0 ms
  Loaded resource c:/Program Files (x86)/Steam/steamapps/common/Amnesia The Bunker/entities/character/player/animations/player_stopwatch_focus_end_rarm.fbx in 0 ms
  Loaded resource c:/Program Files (x86)/Steam/steamapps/common/Amnesia The Bunker/entities/character/player/animations/player_stopwatch_focus_idle_rarm.fbx in 0 ms
  Loaded resource c:/Program Files (x86)/Steam/steamapps/common/Amnesia The Bunker/entities/character/player/animations/player_stopwatch_focus_start_rarm.fbx in 0 ms
  Loaded resource c:/Program Files (x86)/Steam/steamapps/common/Amnesia The Bunker/entities/character/player/animations/player_stopwatch_holster_rarm.fbx in 0 ms
  Loaded resource c:/Program Files (x86)/Steam/steamapps/common/Amnesia The Bunker/entities/character/player/animations/player_stopwatch_idle_click_rarm.fbx in 0 ms
  Loaded resource c:/Program Files (x86)/Steam/steamapps/common/Amnesia The Bunker/entities/character/player/animations/player_stopwatch_idle_rarm.fbx in 0 ms
  Loaded resource c:/Program Files (x86)/Steam/steamapps/common/Amnesia The Bunker/entities/character/player/animations/player_death_front.fbx in 0 ms
  Loaded resource c:/Program Files (x86)/Steam/steamapps/common/Amnesia The Bunker/entities/character/player/animations/player_death_back.fbx in 0 ms
  Loaded resource c:/Program Files (x86)/Steam/steamapps/common/Amnesia The Bunker/entities/character/player/animations/player_slide_back_start.fbx in 0 ms
  Loaded resource c:/Program Files (x86)/Steam/steamapps/common/Amnesia The Bunker/entities/character/player/animations/player_slide_back_loop.fbx in 0 ms
  Loaded resource c:/Program Files (x86)/Steam/steamapps/common/Amnesia The Bunker/entities/character/player/animations/player_slide_back_end.fbx in 0 ms
  Loaded resource c:/Program Files (x86)/Steam/steamapps/common/Amnesia The Bunker/entities/character/player/animations/player_slide_start.fbx in 0 ms
  Loaded resource c:/Program Files (x86)/Steam/steamapps/common/Amnesia The Bunker/entities/character/player/animations/player_slide_loop.fbx in 0 ms
  Loaded resource c:/Program Files (x86)/Steam/steamapps/common/Amnesia The Bunker/entities/character/player/animations/player_slide_end.fbx in 1 ms
  Loaded resource c:/Program Files (x86)/Steam/steamapps/common/Amnesia The Bunker/entities/character/player/animations/player_lighter_equip_rarm.fbx in 0 ms
  Loaded resource c:/Program Files (x86)/Steam/steamapps/common/Amnesia The Bunker/entities/character/player/animations/player_lighter_holster_rarm.fbx in 0 ms
  Loaded resource c:/Program Files (x86)/Steam/steamapps/common/Amnesia The Bunker/entities/character/player/animations/player_lighter_idle_closed_rarm.fbx in 0 ms
  Loaded resource c:/Program Files (x86)/Steam/steamapps/common/Amnesia The Bunker/entities/character/player/animations/player_lighter_idle_lit_rarm.fbx in 0 ms
  Loaded resource c:/Program Files (x86)/Steam/steamapps/common/Amnesia The Bunker/entities/character/player/animations/player_lighter_focus_end_rarm.fbx in 0 ms
  Loaded resource c:/Program Files (x86)/Steam/steamapps/common/Amnesia The Bunker/entities/character/player/animations/player_lighter_focus_idle_rarm.fbx in 0 ms
  Loaded resource c:/Program Files (x86)/Steam/steamapps/common/Amnesia The Bunker/entities/character/player/animations/player_lighter_focus_start_rarm.fbx in 0 ms
  Loaded resource c:/Program Files (x86)/Steam/steamapps/common/Amnesia The Bunker/entities/character/player/animations/player_lighter_focus_ignite_rarm.fbx in 0 ms
  Loaded resource c:/Program Files (x86)/Steam/steamapps/common/Amnesia The Bunker/entities/character/player/animations/player_dynamite_bundle_equip_rarm.fbx in 0 ms
  Loaded resource c:/Program Files (x86)/Steam/steamapps/common/Amnesia The Bunker/entities/character/player/animations/player_dynamite_bundle_holster_rarm.fbx in 0 ms
  Loaded resource c:/Program Files (x86)/Steam/steamapps/common/Amnesia The Bunker/entities/character/player/animations/player_dynamite_bundle_idle_rarm.fbx in 0 ms
  Loaded resource c:/Program Files (x86)/Steam/steamapps/common/Amnesia The Bunker/entities/character/player/animations/player_dynamite_bundle_focus_start_rarm.fbx in 0 ms
  Loaded resource c:/Program Files (x86)/Steam/steamapps/common/Amnesia The Bunker/entities/character/player/animations/player_dynamite_bundle_focus_idle_rarm.fbx in 0 ms
  Loaded resource c:/Program Files (x86)/Steam/steamapps/common/Amnesia The Bunker/entities/character/player/animations/player_dynamite_bundle_focus_end_rarm.fbx in 0 ms
  Loaded resource c:/Program Files (x86)/Steam/steamapps/common/Amnesia The Bunker/entities/character/player/animations/player_dynamite_bundle_use.fbx in 0 ms
  Loaded resource c:/Program Files (x86)/Steam/steamapps/common/Amnesia The Bunker/entities/character/player/animations/player_key_equip_rarm.fbx in 0 ms
  Loaded resource c:/Program Files (x86)/Steam/steamapps/common/Amnesia The Bunker/entities/character/player/animations/player_key_holster_rarm.fbx in 0 ms
  Loaded resource c:/Program Files (x86)/Steam/steamapps/common/Amnesia The Bunker/entities/character/player/animations/player_key_idle_rarm.fbx in 0 ms
  Loaded resource c:/Program Files (x86)/Steam/steamapps/common/Amnesia The Bunker/entities/character/player/animations/player_key_focus_start_rarm.fbx in 0 ms
  Loaded resource c:/Program Files (x86)/Steam/steamapps/common/Amnesia The Bunker/entities/character/player/animations/player_key_focus_idle_rarm.fbx in 0 ms
  Loaded resource c:/Program Files (x86)/Steam/steamapps/common/Amnesia The Bunker/entities/character/player/animations/player_key_focus_end_rarm.fbx in 0 ms
  Loaded resource c:/Program Files (x86)/Steam/steamapps/common/Amnesia The Bunker/entities/character/player/animations/player_key_focus_unlock.fbx in 0 ms
  Loaded resource c:/Program Files (x86)/Steam/steamapps/common/Amnesia The Bunker/entities/character/player/animations/player_lockdown_wheel_equip_rarm.fbx in 0 ms
  Loaded resource c:/Program Files (x86)/Steam/steamapps/common/Amnesia The Bunker/entities/character/player/animations/player_lockdown_wheel_holster_rarm.fbx in 1 ms
  Loaded resource c:/Program Files (x86)/Steam/steamapps/common/Amnesia The Bunker/entities/character/player/animations/player_lockdown_wheel_idle_rarm.fbx in 0 ms
  Loaded resource c:/Program Files (x86)/Steam/steamapps/common/Amnesia The Bunker/entities/character/player/animations/player_lockdown_wheel_focus_start_rarm.fbx in 0 ms
  Loaded resource c:/Program Files (x86)/Steam/steamapps/common/Amnesia The Bunker/entities/character/player/animations/player_lockdown_wheel_focus_idle_rarm.fbx in 0 ms
  Loaded resource c:/Program Files (x86)/Steam/steamapps/common/Amnesia The Bunker/entities/character/player/animations/player_lockdown_wheel_focus_end_rarm.fbx in 0 ms
  Loaded resource c:/Program Files (x86)/Steam/steamapps/common/Amnesia The Bunker/entities/character/player/animations/player_lockdown_wheel_focus_start_larm.fbx in 0 ms
  Loaded resource c:/Program Files (x86)/Steam/steamapps/common/Amnesia The Bunker/entities/character/player/animations/player_lockdown_wheel_focus_idle_larm.fbx in 0 ms
  Loaded resource c:/Program Files (x86)/Steam/steamapps/common/Amnesia The Bunker/entities/character/player/animations/player_lockdown_wheel_focus_end_larm.fbx in 0 ms
  Loaded resource c:/Program Files (x86)/Steam/steamapps/common/Amnesia The Bunker/entities/character/player/animations/player_lockdown_wheel_insert.fbx in 0 ms
  Loaded resource c:/Program Files (x86)/Steam/steamapps/common/Amnesia The Bunker/entities/character/player/animations/player_fuel_cannister_equip_rarm.fbx in 0 ms
  Loaded resource c:/Program Files (x86)/Steam/steamapps/common/Amnesia The Bunker/entities/character/player/animations/player_fuel_cannister_holster_rarm.fbx in 0 ms
  Loaded resource c:/Program Files (x86)/Steam/steamapps/common/Amnesia The Bunker/entities/character/player/animations/player_fuel_cannister_idle_rarm.fbx in 0 ms
  Loaded resource c:/Program Files (x86)/Steam/steamapps/common/Amnesia The Bunker/entities/character/player/animations/player_fuel_cannister_focus_start_rarm.fbx in 0 ms
  Loaded resource c:/Program Files (x86)/Steam/steamapps/common/Amnesia The Bunker/entities/character/player/animations/player_fuel_cannister_focus_idle_rarm.fbx in 0 ms
  Loaded resource c:/Program Files (x86)/Steam/steamapps/common/Amnesia The Bunker/entities/character/player/animations/player_fuel_cannister_focus_end_rarm.fbx in 0 ms
  Loaded resource c:/Program Files (x86)/Steam/steamapps/common/Amnesia The Bunker/entities/character/player/animations/player_fuel_cannister_focus_start_larm.fbx in 0 ms
  Loaded resource c:/Program Files (x86)/Steam/steamapps/common/Amnesia The Bunker/entities/character/player/animations/player_fuel_cannister_focus_idle_larm.fbx in 0 ms
  Loaded resource c:/Program Files (x86)/Steam/steamapps/common/Amnesia The Bunker/entities/character/player/animations/player_fuel_cannister_focus_end_larm.fbx in 0 ms
  Loaded resource c:/Program Files (x86)/Steam/steamapps/common/Amnesia The Bunker/entities/character/player/animations/player_fuel_cannister_throw_fuel_start_rarm.fbx in 0 ms
  Loaded resource c:/Program Files (x86)/Steam/steamapps/common/Amnesia The Bunker/entities/character/player/animations/player_fuel_cannister_throw_fuel_start_larm.fbx in 0 ms
  Loaded resource c:/Program Files (x86)/Steam/steamapps/common/Amnesia The Bunker/entities/character/player/animations/player_head_fuel_cannister_throw_fuel_start.fbx in 0 ms
  Loaded resource c:/Program Files (x86)/Steam/steamapps/common/Amnesia The Bunker/entities/character/player/animations/player_fuel_cannister_throw_fuel_x3_rarm.fbx in 0 ms
  Loaded resource c:/Program Files (x86)/Steam/steamapps/common/Amnesia The Bunker/entities/character/player/animations/player_fuel_cannister_throw_fuel_x3_larm.fbx in 0 ms
  Loaded resource c:/Program Files (x86)/Steam/steamapps/common/Amnesia The Bunker/entities/character/player/animations/player_fuel_cannister_throw_fuel_end_rarm.fbx in 0 ms
  Loaded resource c:/Program Files (x86)/Steam/steamapps/common/Amnesia The Bunker/entities/character/player/animations/player_fuel_cannister_throw_fuel_end_larm.fbx in 1 ms
  Loaded resource c:/Program Files (x86)/Steam/steamapps/common/Amnesia The Bunker/entities/character/player/animations/player_medkit_equip_rarm.fbx in 0 ms
  Loaded resource c:/Program Files (x86)/Steam/steamapps/common/Amnesia The Bunker/entities/character/player/animations/player_medkit_holster_rarm.fbx in 0 ms
  Loaded resource c:/Program Files (x86)/Steam/steamapps/common/Amnesia The Bunker/entities/character/player/animations/player_medkit_idle_rarm.fbx in 0 ms
  Loaded resource c:/Program Files (x86)/Steam/steamapps/common/Amnesia The Bunker/entities/character/player/animations/player_medkit_focus_start_rarm.fbx in 0 ms
  Loaded resource c:/Program Files (x86)/Steam/steamapps/common/Amnesia The Bunker/entities/character/player/animations/player_medkit_focus_idle_rarm.fbx in 0 ms
  Loaded resource c:/Program Files (x86)/Steam/steamapps/common/Amnesia The Bunker/entities/character/player/animations/player_medkit_focus_end_rarm.fbx in 0 ms
  Loaded resource c:/Program Files (x86)/Steam/steamapps/common/Amnesia The Bunker/entities/character/player/animations/player_medkit_focus_start_larm.fbx in 0 ms
  Loaded resource c:/Program Files (x86)/Steam/steamapps/common/Amnesia The Bunker/entities/character/player/animations/player_medkit_focus_idle_larm.fbx in 0 ms
  Loaded resource c:/Program Files (x86)/Steam/steamapps/common/Amnesia The Bunker/entities/character/player/animations/player_medkit_focus_end_larm.fbx in 0 ms
  Loaded resource c:/Program Files (x86)/Steam/steamapps/common/Amnesia The Bunker/entities/character/player/animations/player_medkit_usage.fbx in 0 ms
  Loaded resource c:/Program Files (x86)/Steam/steamapps/common/Amnesia The Bunker/entities/character/player/animations/player_bandage_equip_rarm.fbx in 0 ms
  Loaded resource c:/Program Files (x86)/Steam/steamapps/common/Amnesia The Bunker/entities/character/player/animations/player_bandage_holster_rarm.fbx in 0 ms
  Loaded resource c:/Program Files (x86)/Steam/steamapps/common/Amnesia The Bunker/entities/character/player/animations/player_bandage_idle_rarm.fbx in 0 ms
  Loaded resource c:/Program Files (x86)/Steam/steamapps/common/Amnesia The Bunker/entities/character/player/animations/player_bandage_focus_start_rarm.fbx in 0 ms
  Loaded resource c:/Program Files (x86)/Steam/steamapps/common/Amnesia The Bunker/entities/character/player/animations/player_bandage_focus_idle_rarm.fbx in 0 ms
  Loaded resource c:/Program Files (x86)/Steam/steamapps/common/Amnesia The Bunker/entities/character/player/animations/player_bandage_focus_end_rarm.fbx in 0 ms
  Loaded resource c:/Program Files (x86)/Steam/steamapps/common/Amnesia The Bunker/entities/character/player/animations/player_bandage_focus_start_larm.fbx in 0 ms
  Loaded resource c:/Program Files (x86)/Steam/steamapps/common/Amnesia The Bunker/entities/character/player/animations/player_bandage_focus_idle_larm.fbx in 0 ms
  Loaded resource c:/Program Files (x86)/Steam/steamapps/common/Amnesia The Bunker/entities/character/player/animations/player_bandage_focus_end_larm.fbx in 0 ms
  Loaded resource c:/Program Files (x86)/Steam/steamapps/common/Amnesia The Bunker/entities/character/player/animations/player_bandage_application.fbx in 0 ms
  Loaded resource c:/Program Files (x86)/Steam/steamapps/common/Amnesia The Bunker/entities/character/player/animations/player_detonator_handle_equip_rarm.fbx in 0 ms
  Loaded resource c:/Program Files (x86)/Steam/steamapps/common/Amnesia The Bunker/entities/character/player/animations/player_detonator_handle_holster_rarm.fbx in 0 ms
  Loaded resource c:/Program Files (x86)/Steam/steamapps/common/Amnesia The Bunker/entities/character/player/animations/player_detonator_handle_idle_rarm.fbx in 0 ms
  Loaded resource c:/Program Files (x86)/Steam/steamapps/common/Amnesia The Bunker/entities/character/player/animations/player_detonator_handle_focus_start_rarm.fbx in 1 ms
  Loaded resource c:/Program Files (x86)/Steam/steamapps/common/Amnesia The Bunker/entities/character/player/animations/player_detonator_handle_focus_idle_rarm.fbx in 0 ms
  Loaded resource c:/Program Files (x86)/Steam/steamapps/common/Amnesia The Bunker/entities/character/player/animations/player_detonator_handle_focus_end_rarm.fbx in 0 ms
  Loaded resource c:/Program Files (x86)/Steam/steamapps/common/Amnesia The Bunker/entities/character/player/animations/player_detonator_fasten_handle.fbx in 0 ms
  Loaded resource c:/Program Files (x86)/Steam/steamapps/common/Amnesia The Bunker/entities/character/player/animations/player_throw_standing_1.fbx in 0 ms
  Loaded resource c:/Program Files (x86)/Steam/steamapps/common/Amnesia The Bunker/entities/character/player/animations/player_throw_standing_2.fbx in 0 ms
  Loaded resource c:/Program Files (x86)/Steam/steamapps/common/Amnesia The Bunker/entities/character/player/animations/player_throw_crouching_1.fbx in 0 ms
  Loaded resource c:/Program Files (x86)/Steam/steamapps/common/Amnesia The Bunker/entities/character/player/animations/player_throw_crouching_2.fbx in 0 ms
  Loaded resource c:/Program Files (x86)/Steam/steamapps/common/Amnesia The Bunker/entities/character/player/animations/knocked_back_by_explosion.fbx in 0 ms
  Loaded resource c:/Program Files (x86)/Steam/steamapps/common/Amnesia The Bunker/entities/character/player/animations/knocked_forward_by_explosion.fbx in 0 ms
  Loaded resource c:/Program Files (x86)/Steam/steamapps/common/Amnesia The Bunker/entities/character/player/animations/player_check_health_damage_first_stage_start_head.fbx in 0 ms
  Loaded resource c:/Program Files (x86)/Steam/steamapps/common/Amnesia The Bunker/entities/character/player/animations/player_check_health_damage_first_stage_start_larm.fbx in 0 ms
  Loaded resource c:/Program Files (x86)/Steam/steamapps/common/Amnesia The Bunker/entities/character/player/animations/player_check_health_damage_last_stage_start_head.fbx in 0 ms
  Loaded resource c:/Program Files (x86)/Steam/steamapps/common/Amnesia The Bunker/entities/character/player/animations/player_check_health_damage_last_stage_start_larm.fbx in 0 ms
  Loaded resource c:/Program Files (x86)/Steam/steamapps/common/Amnesia The Bunker/entities/character/player/animations/player_check_health_damage_second_stage_start_head.fbx in 0 ms
  Loaded resource c:/Program Files (x86)/Steam/steamapps/common/Amnesia The Bunker/entities/character/player/animations/player_check_health_damage_second_stage_start_larm.fbx in 0 ms
  Loaded resource c:/Program Files (x86)/Steam/steamapps/common/Amnesia The Bunker/entities/character/player/animations/player_check_health_end_head.fbx in 0 ms
  Loaded resource c:/Program Files (x86)/Steam/steamapps/common/Amnesia The Bunker/entities/character/player/animations/player_check_health_end_larm.fbx in 0 ms
  Loaded resource c:/Program Files (x86)/Steam/steamapps/common/Amnesia The Bunker/entities/character/player/animations/player_check_health_full_start_head.fbx in 0 ms
  Loaded resource c:/Program Files (x86)/Steam/steamapps/common/Amnesia The Bunker/entities/character/player/animations/player_check_health_full_start_larm.fbx in 0 ms
  Loaded resource c:/Program Files (x86)/Steam/steamapps/common/Amnesia The Bunker/entities/character/player/animations/player_check_health_idle_head.fbx in 0 ms
  Loaded resource c:/Program Files (x86)/Steam/steamapps/common/Amnesia The Bunker/entities/character/player/animations/player_check_health_idle_larm.fbx in 0 ms
  Loaded resource c:/Program Files (x86)/Steam/steamapps/common/Amnesia The Bunker/entities/character/player/animations/player_detonator_ignite.fbx in 0 ms
  Loaded resource c:/Program Files (x86)/Steam/steamapps/common/Amnesia The Bunker/entities/character/player/animations/player_head_bottle_throw.fbx in 0 ms
  Loaded resource c:/Program Files (x86)/Steam/steamapps/common/Amnesia The Bunker/entities/character/player/animations/player_head_flare_throw.fbx in 0 ms
  Loaded resource c:/Program Files (x86)/Steam/steamapps/common/Amnesia The Bunker/entities/character/player/animations/player_head_meat_throw.fbx in 0 ms
  Loaded resource c:/Program Files (x86)/Steam/steamapps/common/Amnesia The Bunker/entities/character/player/animations/player_head_molotov_throw.fbx in 0 ms
  Loaded resource c:/Program Files (x86)/Steam/steamapps/common/Amnesia The Bunker/entities/character/player/animations/player_shot_centre.fbx in 0 ms
  Loaded resource c:/Program Files (x86)/Steam/steamapps/common/Amnesia The Bunker/entities/character/player/animations/player_shot_left.fbx in 0 ms
  Loaded resource c:/Program Files (x86)/Steam/steamapps/common/Amnesia The Bunker/entities/character/player/animations/player_shot_right.fbx in 0 ms
  Loaded resource c:/Program Files (x86)/Steam/steamapps/common/Amnesia The Bunker/entities/character/player/animations/player_medbay_wakeup.fbx in 0 ms
  Loaded resource c:/Program Files (x86)/Steam/steamapps/common/Amnesia The Bunker/entities/character/player/animations/player_generator_refuelling_cannister.fbx in 0 ms
  Loaded resource c:/Program Files (x86)/Steam/steamapps/common/Amnesia The Bunker/entities/character/player/animations/player_generator_refuelling_bottle.fbx in 0 ms
  Loaded resource c:/Program Files (x86)/Steam/steamapps/common/Amnesia The Bunker/entities/character/player/animations/player_fuel_storage_refill_stand.fbx in 0 ms
  Loaded resource c:/Program Files (x86)/Steam/steamapps/common/Amnesia The Bunker/entities/character/player/animations/player_fuel_storage_refill_crouched.fbx in 0 ms
  Loaded resource c:/Program Files (x86)/Steam/steamapps/common/Amnesia The Bunker/entities/character/player/animations/player_death_hole_left.fbx in 0 ms
  Loaded resource c:/Program Files (x86)/Steam/steamapps/common/Amnesia The Bunker/entities/character/player/animations/player_death_hole_right.fbx in 0 ms
  Loaded resource c:/Program Files (x86)/Steam/steamapps/common/Amnesia The Bunker/entities/character/player/animations/player_death_under.fbx in 0 ms
  Loaded resource c:/Program Files (x86)/Steam/steamapps/common/Amnesia The Bunker/entities/character/player/animations/player_death_ladder.fbx in 0 ms
  Loaded resource c:/Program Files (x86)/Steam/steamapps/common/Amnesia The Bunker/entities/character/player/animations/player_head_shotgun_aim_idle.fbx in 0 ms
  Loaded resource c:/Program Files (x86)/Steam/steamapps/common/Amnesia The Bunker/entities/character/player/animations/player_head_shotgun_aim_idle_tr_idle_one_handed.fbx in 0 ms
  Loaded resource c:/Program Files (x86)/Steam/steamapps/common/Amnesia The Bunker/entities/character/player/animations/player_head_shotgun_aim_idle_tr_idle_two_handed.fbx in 0 ms
  Loaded resource c:/Program Files (x86)/Steam/steamapps/common/Amnesia The Bunker/entities/character/player/animations/player_head_shotgun_check_ammo_close.fbx in 0 ms
  Loaded resource c:/Program Files (x86)/Steam/steamapps/common/Amnesia The Bunker/entities/character/player/animations/player_head_shotgun_check_ammo_idle.fbx in 0 ms
  Loaded resource c:/Program Files (x86)/Steam/steamapps/common/Amnesia The Bunker/entities/character/player/animations/player_head_shotgun_check_ammo_pump_tr_aim_idle.fbx in 0 ms
  Loaded resource c:/Program Files (x86)/Steam/steamapps/common/Amnesia The Bunker/entities/character/player/animations/player_head_shotgun_check_ammo_pump_tr_idle_two_handed.fbx in 0 ms
  Loaded resource c:/Program Files (x86)/Steam/steamapps/common/Amnesia The Bunker/entities/character/player/animations/player_head_shotgun_check_ammo_start.fbx in 0 ms
  Loaded resource c:/Program Files (x86)/Steam/steamapps/common/Amnesia The Bunker/entities/character/player/animations/player_head_shotgun_check_ammo_tr_idle_one_handed.fbx in 0 ms
  Loaded resource c:/Program Files (x86)/Steam/steamapps/common/Amnesia The Bunker/entities/character/player/animations/player_head_shotgun_equip_one_handed.fbx in 0 ms
  Loaded resource c:/Program Files (x86)/Steam/steamapps/common/Amnesia The Bunker/entities/character/player/animations/player_head_shotgun_equip_two_handed.fbx in 0 ms
  Loaded resource c:/Program Files (x86)/Steam/steamapps/common/Amnesia The Bunker/entities/character/player/animations/player_head_shotgun_fire_empty.fbx in 0 ms
  Loaded resource c:/Program Files (x86)/Steam/steamapps/common/Amnesia The Bunker/entities/character/player/animations/player_head_shotgun_fire_shell_01.fbx in 0 ms
  Loaded resource c:/Program Files (x86)/Steam/steamapps/common/Amnesia The Bunker/entities/character/player/animations/player_head_shotgun_fire_shell_02.fbx in 0 ms
  Loaded resource c:/Program Files (x86)/Steam/steamapps/common/Amnesia The Bunker/entities/character/player/animations/player_head_shotgun_fire_shell_03.fbx in 0 ms
  Loaded resource c:/Program Files (x86)/Steam/steamapps/common/Amnesia The Bunker/entities/character/player/animations/player_head_shotgun_idle_one_handed.fbx in 0 ms
  Loaded resource c:/Program Files (x86)/Steam/steamapps/common/Amnesia The Bunker/entities/character/player/animations/player_head_shotgun_idle_one_handed_tr_aim_idle.fbx in 0 ms
  Loaded resource c:/Program Files (x86)/Steam/steamapps/common/Amnesia The Bunker/entities/character/player/animations/player_head_shotgun_idle_one_handed_tr_reload.fbx in 0 ms
  Loaded resource c:/Program Files (x86)/Steam/steamapps/common/Amnesia The Bunker/entities/character/player/animations/player_head_shotgun_idle_two_handed.fbx in 0 ms
  Loaded resource c:/Program Files (x86)/Steam/steamapps/common/Amnesia The Bunker/entities/character/player/animations/player_head_shotgun_idle_two_handed_arm.fbx in 0 ms
  Loaded resource c:/Program Files (x86)/Steam/steamapps/common/Amnesia The Bunker/entities/character/player/animations/player_head_shotgun_idle_two_handed_tr_aim_idle.fbx in 0 ms
  Loaded resource c:/Program Files (x86)/Steam/steamapps/common/Amnesia The Bunker/entities/character/player/animations/player_head_shotgun_idle_two_handed_tr_reload.fbx in 0 ms
  Loaded resource c:/Program Files (x86)/Steam/steamapps/common/Amnesia The Bunker/entities/character/player/animations/player_head_shotgun_reload.fbx in 0 ms
  Loaded resource c:/Program Files (x86)/Steam/steamapps/common/Amnesia The Bunker/entities/character/player/animations/player_head_shotgun_unequip_one_handed.fbx in 0 ms
  Loaded resource c:/Program Files (x86)/Steam/steamapps/common/Amnesia The Bunker/entities/character/player/animations/player_head_shotgun_unequip_two_handed.fbx in 0 ms
  Loaded resource c:/Program Files (x86)/Steam/steamapps/common/Amnesia The Bunker/entities/character/player/animations/player_head_shotgun_idle_one_handed_tr_check_ammo.fbx in 0 ms
  Loaded resource c:/Program Files (x86)/Steam/steamapps/common/Amnesia The Bunker/entities/character/player/animations/player_head_shotgun_reload_end.fbx in 0 ms
  Loaded resource c:/Program Files (x86)/Steam/steamapps/common/Amnesia The Bunker/entities/character/player/animations/player_head_shotgun_reload_start.fbx in 0 ms
  Loaded resource c:/Program Files (x86)/Steam/steamapps/common/Amnesia The Bunker/entities/character/player/animations/player_head_shotgun_reload_end_pump_tr_check_ammo.fbx in 0 ms
  Loaded resource c:/Program Files (x86)/Steam/steamapps/common/Amnesia The Bunker/entities/character/player/animations/player_shotgun_idle_one_handed_tr_check_ammo_larm.fbx in 0 ms
  Loaded resource c:/Program Files (x86)/Steam/steamapps/common/Amnesia The Bunker/entities/character/player/animations/player_shotgun_idle_one_handed_tr_check_ammo_rarm.fbx in 0 ms
  Loaded resource c:/Program Files (x86)/Steam/steamapps/common/Amnesia The Bunker/entities/character/player/animations/player_shotgun_reload_end_larm.fbx in 0 ms
  Loaded resource c:/Program Files (x86)/Steam/steamapps/common/Amnesia The Bunker/entities/character/player/animations/player_shotgun_reload_end_rarm.fbx in 0 ms
  Loaded resource c:/Program Files (x86)/Steam/steamapps/common/Amnesia The Bunker/entities/character/player/animations/player_shotgun_reload_end_pump_tr_check_ammo_rarm.fbx in 0 ms
  Loaded resource c:/Program Files (x86)/Steam/steamapps/common/Amnesia The Bunker/entities/character/player/animations/player_shotgun_reload_end_pump_tr_check_ammo_larm.fbx in 0 ms
  Loaded resource c:/Program Files (x86)/Steam/steamapps/common/Amnesia The Bunker/entities/character/player/animations/player_shotgun_reload_start_larm.fbx in 0 ms
  Loaded resource c:/Program Files (x86)/Steam/steamapps/common/Amnesia The Bunker/entities/character/player/animations/player_shotgun_reload_start_rarm.fbx in 0 ms
  Loaded resource c:/Program Files (x86)/Steam/steamapps/common/Amnesia The Bunker/entities/character/player/animations/player_shotgun_aim_idle_larm.fbx in 0 ms
  Loaded resource c:/Program Files (x86)/Steam/steamapps/common/Amnesia The Bunker/entities/character/player/animations/player_shotgun_aim_idle_rarm.fbx in 0 ms
  Loaded resource c:/Program Files (x86)/Steam/steamapps/common/Amnesia The Bunker/entities/character/player/animations/player_shotgun_aim_idle_tr_idle_one_handed_larm.fbx in 0 ms
  Loaded resource c:/Program Files (x86)/Steam/steamapps/common/Amnesia The Bunker/entities/character/player/animations/player_shotgun_aim_idle_tr_idle_one_handed_rarm.fbx in 1 ms
  Loaded resource c:/Program Files (x86)/Steam/steamapps/common/Amnesia The Bunker/entities/character/player/animations/player_shotgun_aim_idle_tr_idle_two_handed_larm.fbx in 0 ms
  Loaded resource c:/Program Files (x86)/Steam/steamapps/common/Amnesia The Bunker/entities/character/player/animations/player_shotgun_aim_idle_tr_idle_two_handed_rarm.fbx in 0 ms
  Loaded resource c:/Program Files (x86)/Steam/steamapps/common/Amnesia The Bunker/entities/character/player/animations/player_shotgun_check_ammo_close_larm.fbx in 0 ms
  Loaded resource c:/Program Files (x86)/Steam/steamapps/common/Amnesia The Bunker/entities/character/player/animations/player_shotgun_check_ammo_close_rarm.fbx in 0 ms
  Loaded resource c:/Program Files (x86)/Steam/steamapps/common/Amnesia The Bunker/entities/character/player/animations/player_shotgun_check_ammo_idle_larm.fbx in 0 ms
  Loaded resource c:/Program Files (x86)/Steam/steamapps/common/Amnesia The Bunker/entities/character/player/animations/player_shotgun_check_ammo_idle_rarm.fbx in 0 ms
  Loaded resource c:/Program Files (x86)/Steam/steamapps/common/Amnesia The Bunker/entities/character/player/animations/player_shotgun_check_ammo_pump_tr_aim_idle_larm.fbx in 0 ms
  Loaded resource c:/Program Files (x86)/Steam/steamapps/common/Amnesia The Bunker/entities/character/player/animations/player_shotgun_check_ammo_pump_tr_aim_idle_rarm.fbx in 0 ms
  Loaded resource c:/Program Files (x86)/Steam/steamapps/common/Amnesia The Bunker/entities/character/player/animations/player_shotgun_check_ammo_pump_tr_idle_two_handed_larm.fbx in 0 ms
  Loaded resource c:/Program Files (x86)/Steam/steamapps/common/Amnesia The Bunker/entities/character/player/animations/player_shotgun_check_ammo_pump_tr_idle_two_handed_rarm.fbx in 0 ms
  Loaded resource c:/Program Files (x86)/Steam/steamapps/common/Amnesia The Bunker/entities/character/player/animations/player_shotgun_check_ammo_start_larm.fbx in 0 ms
  Loaded resource c:/Program Files (x86)/Steam/steamapps/common/Amnesia The Bunker/entities/character/player/animations/player_shotgun_check_ammo_start_rarm.fbx in 0 ms
  Loaded resource c:/Program Files (x86)/Steam/steamapps/common/Amnesia The Bunker/entities/character/player/animations/player_shotgun_check_ammo_tr_idle_one_handed_larm.fbx in 0 ms
  Loaded resource c:/Program Files (x86)/Steam/steamapps/common/Amnesia The Bunker/entities/character/player/animations/player_shotgun_check_ammo_tr_idle_one_handed_rarm.fbx in 0 ms
  Loaded resource c:/Program Files (x86)/Steam/steamapps/common/Amnesia The Bunker/entities/character/player/animations/player_shotgun_equip_one_handed_larm.fbx in 0 ms
  Loaded resource c:/Program Files (x86)/Steam/steamapps/common/Amnesia The Bunker/entities/character/player/animations/player_shotgun_equip_one_handed_rarm.fbx in 0 ms
  Loaded resource c:/Program Files (x86)/Steam/steamapps/common/Amnesia The Bunker/entities/character/player/animations/player_shotgun_equip_two_handed_larm.fbx in 0 ms
  Loaded resource c:/Program Files (x86)/Steam/steamapps/common/Amnesia The Bunker/entities/character/player/animations/player_shotgun_equip_two_handed_rarm.fbx in 0 ms
  Loaded resource c:/Program Files (x86)/Steam/steamapps/common/Amnesia The Bunker/entities/character/player/animations/player_shotgun_fire_empty_larm.fbx in 0 ms
  Loaded resource c:/Program Files (x86)/Steam/steamapps/common/Amnesia The Bunker/entities/character/player/animations/player_shotgun_fire_empty_rarm.fbx in 0 ms
  Loaded resource c:/Program Files (x86)/Steam/steamapps/common/Amnesia The Bunker/entities/character/player/animations/player_shotgun_fire_shell_01_larm.fbx in 0 ms
  Loaded resource c:/Program Files (x86)/Steam/steamapps/common/Amnesia The Bunker/entities/character/player/animations/player_shotgun_fire_shell_01_rarm.fbx in 0 ms
  Loaded resource c:/Program Files (x86)/Steam/steamapps/common/Amnesia The Bunker/entities/character/player/animations/player_shotgun_fire_shell_02_larm.fbx in 0 ms
  Loaded resource c:/Program Files (x86)/Steam/steamapps/common/Amnesia The Bunker/entities/character/player/animations/player_shotgun_fire_shell_02_rarm.fbx in 0 ms
  Loaded resource c:/Program Files (x86)/Steam/steamapps/common/Amnesia The Bunker/entities/character/player/animations/player_shotgun_fire_shell_03_larm.fbx in 0 ms
  Loaded resource c:/Program Files (x86)/Steam/steamapps/common/Amnesia The Bunker/entities/character/player/animations/player_shotgun_fire_shell_03_rarm.fbx in 0 ms
  Loaded resource c:/Program Files (x86)/Steam/steamapps/common/Amnesia The Bunker/entities/character/player/animations/player_shotgun_idle_one_handed_larm.fbx in 0 ms
  Loaded resource c:/Program Files (x86)/Steam/steamapps/common/Amnesia The Bunker/entities/character/player/animations/player_shotgun_idle_one_handed_rarm.fbx in 0 ms
  Loaded resource c:/Program Files (x86)/Steam/steamapps/common/Amnesia The Bunker/entities/character/player/animations/player_shotgun_idle_one_handed_tr_aim_idle_larm.fbx in 0 ms
  Loaded resource c:/Program Files (x86)/Steam/steamapps/common/Amnesia The Bunker/entities/character/player/animations/player_shotgun_idle_one_handed_tr_aim_idle_rarm.fbx in 0 ms
  Loaded resource c:/Program Files (x86)/Steam/steamapps/common/Amnesia The Bunker/entities/character/player/animations/player_shotgun_idle_one_handed_tr_reload_larm.fbx in 0 ms
  Loaded resource c:/Program Files (x86)/Steam/steamapps/common/Amnesia The Bunker/entities/character/player/animations/player_shotgun_idle_one_handed_tr_reload_rarm.fbx in 0 ms
  Loaded resource c:/Program Files (x86)/Steam/steamapps/common/Amnesia The Bunker/entities/character/player/animations/player_shotgun_idle_two_handed_arm_larm.fbx in 0 ms
  Loaded resource c:/Program Files (x86)/Steam/steamapps/common/Amnesia The Bunker/entities/character/player/animations/player_shotgun_idle_two_handed_arm_rarm.fbx in 0 ms
  Loaded resource c:/Program Files (x86)/Steam/steamapps/common/Amnesia The Bunker/entities/character/player/animations/player_shotgun_idle_two_handed_larm.fbx in 0 ms
  Loaded resource c:/Program Files (x86)/Steam/steamapps/common/Amnesia The Bunker/entities/character/player/animations/player_shotgun_idle_two_handed_rarm.fbx in 0 ms
  Loaded resource c:/Program Files (x86)/Steam/steamapps/common/Amnesia The Bunker/entities/character/player/animations/player_shotgun_idle_two_handed_tr_aim_idle_larm.fbx in 0 ms
  Loaded resource c:/Program Files (x86)/Steam/steamapps/common/Amnesia The Bunker/entities/character/player/animations/player_shotgun_idle_two_handed_tr_aim_idle_rarm.fbx in 0 ms
  Loaded resource c:/Program Files (x86)/Steam/steamapps/common/Amnesia The Bunker/entities/character/player/animations/player_shotgun_idle_two_handed_tr_reload_larm.fbx in 0 ms
  Loaded resource c:/Program Files (x86)/Steam/steamapps/common/Amnesia The Bunker/entities/character/player/animations/player_shotgun_idle_two_handed_tr_reload_rarm.fbx in 0 ms
  Loaded resource c:/Program Files (x86)/Steam/steamapps/common/Amnesia The Bunker/entities/character/player/animations/player_shotgun_reload_larm.fbx in 0 ms
  Loaded resource c:/Program Files (x86)/Steam/steamapps/common/Amnesia The Bunker/entities/character/player/animations/player_shotgun_reload_rarm.fbx in 0 ms
  Loaded resource c:/Program Files (x86)/Steam/steamapps/common/Amnesia The Bunker/entities/character/player/animations/player_shotgun_unequip_one_handed_larm.fbx in 0 ms
  Loaded resource c:/Program Files (x86)/Steam/steamapps/common/Amnesia The Bunker/entities/character/player/animations/player_shotgun_unequip_one_handed_rarm.fbx in 0 ms
  Loaded resource c:/Program Files (x86)/Steam/steamapps/common/Amnesia The Bunker/entities/character/player/animations/player_shotgun_unequip_two_handed_larm.fbx in 0 ms
  Loaded resource c:/Program Files (x86)/Steam/steamapps/common/Amnesia The Bunker/entities/character/player/animations/player_shotgun_unequip_two_handed_rarm.fbx in 0 ms
  Loaded resource c:/Program Files (x86)/Steam/steamapps/common/Amnesia The Bunker/entities/character/player/animations/player_death_hole_back.fbx in 0 ms
  Loaded resource c:/Program Files (x86)/Steam/steamapps/common/Amnesia The Bunker/entities/character/player/animations/player_death_hole_front.fbx in 0 ms
  Loaded resource c:/Program Files (x86)/Steam/steamapps/common/Amnesia The Bunker/entities/character/player/animations/player_climb_ledge.fbx in 0 ms
  Loaded resource c:/Program Files (x86)/Steam/steamapps/common/Amnesia The Bunker/entities/character/player/animations/pick_up_and_look_at_orb_pedestal.fbx in 0 ms
  Loaded resource c:/Program Files (x86)/Steam/steamapps/common/Amnesia The Bunker/entities/character/player/animations/player_shot_shotgun_01.fbx in 0 ms
  Loaded resource c:/Program Files (x86)/Steam/steamapps/common/Amnesia The Bunker/entities/character/player/animations/player_shot_shotgun_crouched_01.fbx in 0 ms
  Loaded resource c:/Program Files (x86)/Steam/steamapps/common/Amnesia The Bunker/entities/character/player/animations/player_shot_death_01.fbx in 0 ms
  Loaded resource c:/Program Files (x86)/Steam/steamapps/common/Amnesia The Bunker/entities/character/player/animations/player_shot_death_crouched_01.fbx in 0 ms
  Loaded resource c:/Program Files (x86)/Steam/steamapps/common/Amnesia The Bunker/entities/character/player/animations/player_magnetlampe_run_idle_larm.fbx in 0 ms
  Loaded resource c:/Program Files (x86)/Steam/steamapps/common/Amnesia The Bunker/entities/character/player/animations/player_rabbit_equip_rarm.fbx in 0 ms
  Loaded resource c:/Program Files (x86)/Steam/steamapps/common/Amnesia The Bunker/entities/character/player/animations/player_rabbit_focus_end_rarm.fbx in 0 ms
  Loaded resource c:/Program Files (x86)/Steam/steamapps/common/Amnesia The Bunker/entities/character/player/animations/player_rabbit_focus_idle_rarm.fbx in 0 ms
  Loaded resource c:/Program Files (x86)/Steam/steamapps/common/Amnesia The Bunker/entities/character/player/animations/player_rabbit_focus_start_rarm.fbx in 0 ms
  Loaded resource c:/Program Files (x86)/Steam/steamapps/common/Amnesia The Bunker/entities/character/player/animations/player_rabbit_holster_rarm.fbx in 0 ms
  Loaded resource c:/Program Files (x86)/Steam/steamapps/common/Amnesia The Bunker/entities/character/player/animations/player_rabbit_idle_rarm.fbx in 0 ms
  Loaded resource c:/Program Files (x86)/Steam/steamapps/common/Amnesia The Bunker/entities/character/player/animations/player_rabbit_throw_rarm.fbx in 0 ms
  Loaded resource c:/Program Files (x86)/Steam/steamapps/common/Amnesia The Bunker/entities/character/player/animations/player_end_tumble_into_trench.fbx in 0 ms
  Loaded resource c:/Program Files (x86)/Steam/steamapps/common/Amnesia The Bunker/entities/character/player/animations/player_end_tumble_into_trench_no_stalker.fbx in 0 ms
  Loaded resource c:/Program Files (x86)/Steam/steamapps/common/Amnesia The Bunker/entities/character/player/animations/player_crouched_bandage_application.fbx in 0 ms
  Loaded resource c:/Program Files (x86)/Steam/steamapps/common/Amnesia The Bunker/entities/character/player/animations/player_crouched_medkit_usage.fbx in 0 ms
  Loaded resource c:/Program Files (x86)/Steam/steamapps/common/Amnesia The Bunker/entities/character/player/animations/player_fuse_equip_rarm.fbx in 0 ms
  Loaded resource c:/Program Files (x86)/Steam/steamapps/common/Amnesia The Bunker/entities/character/player/animations/player_fuse_focus_end_rarm.fbx in 0 ms
  Loaded resource c:/Program Files (x86)/Steam/steamapps/common/Amnesia The Bunker/entities/character/player/animations/player_fuse_focus_idle_rarm.fbx in 0 ms
  Loaded resource c:/Program Files (x86)/Steam/steamapps/common/Amnesia The Bunker/entities/character/player/animations/player_fuse_focus_start_rarm.fbx in 0 ms
  Loaded resource c:/Program Files (x86)/Steam/steamapps/common/Amnesia The Bunker/entities/character/player/animations/player_fuse_holster_rarm.fbx in 0 ms
  Loaded resource c:/Program Files (x86)/Steam/steamapps/common/Amnesia The Bunker/entities/character/player/animations/player_fuse_idle_rarm.fbx in 0 ms
  Loaded resource c:/Program Files (x86)/Steam/steamapps/common/Amnesia The Bunker/entities/character/player/animations/player_fuse_use_medium.fbx in 0 ms
  Loaded resource c:/Program Files (x86)/Steam/steamapps/common/Amnesia The Bunker/entities/bunker/gameplay/fuel_medium/Animations/fuel_cannister_closed.fbx in 0 ms
  Loaded resource c:/Program Files (x86)/Steam/steamapps/common/Amnesia The Bunker/entities/bunker/gameplay/fuel_medium/Animations/fuel_cannister_open.fbx in 1 ms
  Loaded resource c:/Program Files (x86)/Steam/steamapps/common/Amnesia The Bunker/entities/bunker/gameplay/fuel_medium/Animations/fuel_cannister_throw_fuel_start.fbx in 0 ms
  Loaded resource c:/Program Files (x86)/Steam/steamapps/common/Amnesia The Bunker/entities/bunker/gameplay/fuel_medium/Animations/fuel_cannister_pour_start.fbx in 0 ms
  Loaded resource c:/Program Files (x86)/Steam/steamapps/common/Amnesia The Bunker/entities/bunker/gameplay/fuel_medium/Animations/fuel_cannister_refuelling_generator.fbx in 0 ms
  Loaded resource c:/Program Files (x86)/Steam/steamapps/common/Amnesia The Bunker/entities/bunker/gameplay/molotov_cocktail/animations/bottle_molotov_equip.fbx in 0 ms
  Loaded resource c:/Program Files (x86)/Steam/steamapps/common/Amnesia The Bunker/entities/bunker/gameplay/molotov_cocktail/animations/bottle_molotov_holster.fbx in 0 ms
  Loaded resource c:/Program Files (x86)/Steam/steamapps/common/Amnesia The Bunker/entities/bunker/gameplay/molotov_cocktail/animations/bottle_molotov_throw.fbx in 0 ms
  Loaded resource c:/Program Files (x86)/Steam/steamapps/common/Amnesia The Bunker/entities/bunker/gameplay/molotov_cocktail/animations/bottle_molotov_idle.fbx in 0 ms
  Loaded resource c:/Program Files (x86)/Steam/steamapps/common/Amnesia The Bunker/entities/bunker/gameplay/revolver/animations/gun_shot_1.fbx in 0 ms
  Loaded resource c:/Program Files (x86)/Steam/steamapps/common/Amnesia The Bunker/entities/bunker/gameplay/revolver/animations/gun_shot_2.fbx in 0 ms
  Loaded resource c:/Program Files (x86)/Steam/steamapps/common/Amnesia The Bunker/entities/bunker/gameplay/revolver/animations/gun_shot_3.fbx in 0 ms
  Loaded resource c:/Program Files (x86)/Steam/steamapps/common/Amnesia The Bunker/entities/bunker/gameplay/revolver/animations/gun_shot_empty.fbx in 0 ms
  Loaded resource c:/Program Files (x86)/Steam/steamapps/common/Amnesia The Bunker/entities/bunker/gameplay/revolver/animations/gun_bullet_check_open.fbx in 0 ms
  Loaded resource c:/Program Files (x86)/Steam/steamapps/common/Amnesia The Bunker/entities/bunker/gameplay/revolver/animations/gun_bullet_check_idle.fbx in 0 ms
  Loaded resource c:/Program Files (x86)/Steam/steamapps/common/Amnesia The Bunker/entities/bunker/gameplay/revolver/animations/gun_bullet_check_close.fbx in 0 ms
  Loaded resource c:/Program Files (x86)/Steam/steamapps/common/Amnesia The Bunker/entities/bunker/gameplay/revolver/animations/gun_reload_add_bullet.fbx in 0 ms
  Loaded resource c:/Program Files (x86)/Steam/steamapps/common/Amnesia The Bunker/entities/bunker/gameplay/revolver/animations/gun_reload_cylinder_spin.fbx in 0 ms
  Loaded resource c:/Program Files (x86)/Steam/steamapps/common/Amnesia The Bunker/entities/bunker/gameplay/revolver/animations/gun_reload_end.fbx in 0 ms
  Loaded resource c:/Program Files (x86)/Steam/steamapps/common/Amnesia The Bunker/entities/bunker/gameplay/revolver/animations/gun_reload_remove_bullets.fbx in 0 ms
  Loaded resource c:/Program Files (x86)/Steam/steamapps/common/Amnesia The Bunker/entities/bunker/gameplay/revolver/animations/gun_reload_start.fbx in 0 ms
  Loaded resource c:/Program Files (x86)/Steam/steamapps/common/Amnesia The Bunker/entities/bunker/gameplay/trench_shotgun/animations/shotgun_aim_idle.fbx in 0 ms
  Loaded resource c:/Program Files (x86)/Steam/steamapps/common/Amnesia The Bunker/entities/bunker/gameplay/trench_shotgun/animations/shotgun_aim_idle_tr_idle_one_handed.fbx in 0 ms
  Loaded resource c:/Program Files (x86)/Steam/steamapps/common/Amnesia The Bunker/entities/bunker/gameplay/trench_shotgun/animations/shotgun_aim_idle_tr_idle_two_handed.fbx in 0 ms
  Loaded resource c:/Program Files (x86)/Steam/steamapps/common/Amnesia The Bunker/entities/bunker/gameplay/trench_shotgun/animations/shotgun_check_ammo_close.fbx in 0 ms
  Loaded resource c:/Program Files (x86)/Steam/steamapps/common/Amnesia The Bunker/entities/bunker/gameplay/trench_shotgun/animations/shotgun_check_ammo_idle.fbx in 0 ms
  Loaded resource c:/Program Files (x86)/Steam/steamapps/common/Amnesia The Bunker/entities/bunker/gameplay/trench_shotgun/animations/shotgun_check_ammo_pump_tr_aim_idle.fbx in 0 ms
  Loaded resource c:/Program Files (x86)/Steam/steamapps/common/Amnesia The Bunker/entities/bunker/gameplay/trench_shotgun/animations/shotgun_check_ammo_pump_tr_idle_two_handed.fbx in 0 ms
  Loaded resource c:/Program Files (x86)/Steam/steamapps/common/Amnesia The Bunker/entities/bunker/gameplay/trench_shotgun/animations/shotgun_check_ammo_start.fbx in 0 ms
  Loaded resource c:/Program Files (x86)/Steam/steamapps/common/Amnesia The Bunker/entities/bunker/gameplay/trench_shotgun/animations/shotgun_check_ammo_tr_idle_one_handed.fbx in 0 ms
  Loaded resource c:/Program Files (x86)/Steam/steamapps/common/Amnesia The Bunker/entities/bunker/gameplay/trench_shotgun/animations/shotgun_equip_one_handed.fbx in 0 ms
  Loaded resource c:/Program Files (x86)/Steam/steamapps/common/Amnesia The Bunker/entities/bunker/gameplay/trench_shotgun/animations/shotgun_equip_two_handed.fbx in 0 ms
  Loaded resource c:/Program Files (x86)/Steam/steamapps/common/Amnesia The Bunker/entities/bunker/gameplay/trench_shotgun/animations/shotgun_fire_empty.fbx in 0 ms
  Loaded resource c:/Program Files (x86)/Steam/steamapps/common/Amnesia The Bunker/entities/bunker/gameplay/trench_shotgun/animations/shotgun_fire_shell_01.fbx in 0 ms
  Loaded resource c:/Program Files (x86)/Steam/steamapps/common/Amnesia The Bunker/entities/bunker/gameplay/trench_shotgun/animations/shotgun_fire_shell_02.fbx in 0 ms
  Loaded resource c:/Program Files (x86)/Steam/steamapps/common/Amnesia The Bunker/entities/bunker/gameplay/trench_shotgun/animations/shotgun_fire_shell_03.fbx in 0 ms
  Loaded resource c:/Program Files (x86)/Steam/steamapps/common/Amnesia The Bunker/entities/bunker/gameplay/trench_shotgun/animations/shotgun_idle_one_handed.fbx in 0 ms
  Loaded resource c:/Program Files (x86)/Steam/steamapps/common/Amnesia The Bunker/entities/bunker/gameplay/trench_shotgun/animations/shotgun_idle_one_handed_tr_aim_idle.fbx in 0 ms
  Loaded resource c:/Program Files (x86)/Steam/steamapps/common/Amnesia The Bunker/entities/bunker/gameplay/trench_shotgun/animations/shotgun_idle_one_handed_tr_reload.fbx in 0 ms
  Loaded resource c:/Program Files (x86)/Steam/steamapps/common/Amnesia The Bunker/entities/bunker/gameplay/trench_shotgun/animations/shotgun_idle_two_handed.fbx in 0 ms
  Loaded resource c:/Program Files (x86)/Steam/steamapps/common/Amnesia The Bunker/entities/bunker/gameplay/trench_shotgun/animations/shotgun_idle_two_handed_arm.fbx in 0 ms
  Loaded resource c:/Program Files (x86)/Steam/steamapps/common/Amnesia The Bunker/entities/bunker/gameplay/trench_shotgun/animations/shotgun_idle_two_handed_tr_aim_idle.fbx in 0 ms
  Loaded resource c:/Program Files (x86)/Steam/steamapps/common/Amnesia The Bunker/entities/bunker/gameplay/trench_shotgun/animations/shotgun_idle_two_handed_tr_reload.fbx in 0 ms
  Loaded resource c:/Program Files (x86)/Steam/steamapps/common/Amnesia The Bunker/entities/bunker/gameplay/trench_shotgun/animations/shotgun_reload.fbx in 0 ms
  Loaded resource c:/Program Files (x86)/Steam/steamapps/common/Amnesia The Bunker/entities/bunker/gameplay/trench_shotgun/animations/shotgun_unequip_one_handed.fbx in 0 ms
  Loaded resource c:/Program Files (x86)/Steam/steamapps/common/Amnesia The Bunker/entities/bunker/gameplay/trench_shotgun/animations/shotgun_unequip_two_handed.fbx in 0 ms
  Loaded resource c:/Program Files (x86)/Steam/steamapps/common/Amnesia The Bunker/entities/bunker/gameplay/trench_shotgun/animations/shotgun_idle_one_handed_tr_check_ammo.fbx in 0 ms
  Loaded resource c:/Program Files (x86)/Steam/steamapps/common/Amnesia The Bunker/entities/bunker/gameplay/trench_shotgun/animations/shotgun_reload_end.fbx in 0 ms
  Loaded resource c:/Program Files (x86)/Steam/steamapps/common/Amnesia The Bunker/entities/bunker/gameplay/trench_shotgun/animations/shotgun_reload_end_pump_tr_check_ammo.fbx in 1 ms
  Loaded resource c:/Program Files (x86)/Steam/steamapps/common/Amnesia The Bunker/entities/bunker/gameplay/trench_shotgun/animations/shotgun_reload_start.fbx in 0 ms
  Loaded resource c:/Program Files (x86)/Steam/steamapps/common/Amnesia The Bunker/entities/bunker/gameplay/magnetlampe/animations/magnetlampe_equip.fbx in 0 ms
  Loaded resource c:/Program Files (x86)/Steam/steamapps/common/Amnesia The Bunker/entities/bunker/gameplay/magnetlampe/animations/magnetlampe_idle.fbx in 0 ms
  Loaded resource c:/Program Files (x86)/Steam/steamapps/common/Amnesia The Bunker/entities/bunker/gameplay/magnetlampe/animations/magnetlampe_unequip.fbx in 0 ms
  Loaded resource c:/Program Files (x86)/Steam/steamapps/common/Amnesia The Bunker/entities/bunker/gameplay/magnetlampe/animations/magnetlampe_chargeup_start.fbx in 0 ms
  Loaded resource c:/Program Files (x86)/Steam/steamapps/common/Amnesia The Bunker/entities/bunker/gameplay/magnetlampe/animations/magnetlampe_chargeup_end.fbx in 0 ms
  Loaded resource c:/Program Files (x86)/Steam/steamapps/common/Amnesia The Bunker/entities/bunker/gameplay/magnetlampe/animations/magnetlampe_chargeup_pull_1.fbx in 0 ms
  Loaded resource c:/Program Files (x86)/Steam/steamapps/common/Amnesia The Bunker/entities/bunker/gameplay/magnetlampe/animations/magnetlampe_chargeup_pull_2.fbx in 0 ms
  Loaded resource c:/Program Files (x86)/Steam/steamapps/common/Amnesia The Bunker/entities/bunker/gameplay/magnetlampe/animations/magnetlampe_chargeup_pull_3.fbx in 0 ms
  Loaded resource c:/Program Files (x86)/Steam/steamapps/common/Amnesia The Bunker/entities/bunker/gameplay/magnetlampe/animations/magnetlampe_chargeup_gun_pull_1.fbx in 0 ms
  Loaded resource c:/Program Files (x86)/Steam/steamapps/common/Amnesia The Bunker/entities/bunker/gameplay/magnetlampe/animations/magnetlampe_chargeup_gun_pull_2.fbx in 0 ms
  Loaded resource c:/Program Files (x86)/Steam/steamapps/common/Amnesia The Bunker/entities/bunker/gameplay/magnetlampe/animations/magnetlampe_chargeup_gun_pull_3.fbx in 0 ms
  Loaded resource c:/Program Files (x86)/Steam/steamapps/common/Amnesia The Bunker/entities/bunker/gameplay/magnetlampe/animations/magnetlampe_chargeup_gun_start.fbx in 0 ms
  Loaded resource c:/Program Files (x86)/Steam/steamapps/common/Amnesia The Bunker/entities/bunker/gameplay/magnetlampe/animations/magnetlampe_chargeup_gun_end.fbx in 0 ms
  Loaded resource c:/Program Files (x86)/Steam/steamapps/common/Amnesia The Bunker/entities/bunker/gameplay/torch_stick/Animations/torch_idle.fbx in 0 ms
  Loaded resource c:/Program Files (x86)/Steam/steamapps/common/Amnesia The Bunker/entities/bunker/gameplay/torch_stick/Animations/torch_aim.fbx in 0 ms
  Loaded resource c:/Program Files (x86)/Steam/steamapps/common/Amnesia The Bunker/entities/bunker/gameplay/torch_stick/Animations/torch_aim_end.fbx in 0 ms
  Loaded resource c:/Program Files (x86)/Steam/steamapps/common/Amnesia The Bunker/entities/bunker/gameplay/torch_stick/Animations/torch_aim_start.fbx in 0 ms
  Loaded resource c:/Program Files (x86)/Steam/steamapps/common/Amnesia The Bunker/entities/bunker/gameplay/torch_stick/Animations/torch_drop.fbx in 0 ms
  Loaded resource c:/Program Files (x86)/Steam/steamapps/common/Amnesia The Bunker/entities/bunker/gameplay/torch_stick/Animations/torch_equip.fbx in 0 ms
  Loaded resource c:/Program Files (x86)/Steam/steamapps/common/Amnesia The Bunker/entities/bunker/gameplay/torch_stick/Animations/torch_holster.fbx in 0 ms
  Loaded resource c:/Program Files (x86)/Steam/steamapps/common/Amnesia The Bunker/entities/bunker/gameplay/torch_stick/Animations/torch_wave_1.fbx in 0 ms
  Loaded resource c:/Program Files (x86)/Steam/steamapps/common/Amnesia The Bunker/entities/bunker/gameplay/torch_stick/Animations/torch_wave_2.fbx in 0 ms
  Loaded resource c:/Program Files (x86)/Steam/steamapps/common/Amnesia The Bunker/entities/bunker/gameplay/torch_stick/Animations/torch_wave_3.fbx in 0 ms
  Loaded resource c:/Program Files (x86)/Steam/steamapps/common/Amnesia The Bunker/entities/bunker/gameplay/torch_stick/Animations/torch_wave_end.fbx in 0 ms
  Loaded resource c:/Program Files (x86)/Steam/steamapps/common/Amnesia The Bunker/entities/bunker/gameplay/stopwatch/animations/stopwatch_equip.fbx in 0 ms
  Loaded resource c:/Program Files (x86)/Steam/steamapps/common/Amnesia The Bunker/entities/bunker/gameplay/stopwatch/animations/stopwatch_equip_click.fbx in 0 ms
  Loaded resource c:/Program Files (x86)/Steam/steamapps/common/Amnesia The Bunker/entities/bunker/gameplay/stopwatch/animations/stopwatch_focus_click.fbx in 0 ms
  Loaded resource c:/Program Files (x86)/Steam/steamapps/common/Amnesia The Bunker/entities/bunker/gameplay/stopwatch/animations/stopwatch_holster.fbx in 0 ms
  Loaded resource c:/Program Files (x86)/Steam/steamapps/common/Amnesia The Bunker/entities/bunker/gameplay/stopwatch/animations/stopwatch_idle.fbx in 0 ms
  Loaded resource c:/Program Files (x86)/Steam/steamapps/common/Amnesia The Bunker/entities/bunker/gameplay/stopwatch/animations/stopwatch_idle_click.fbx in 0 ms
  Loaded resource c:/Program Files (x86)/Steam/steamapps/common/Amnesia The Bunker/entities/bunker/gameplay/stopwatch/animations/stopwatch_wind_and_click.fbx in 0 ms
  Loaded resource c:/Program Files (x86)/Steam/steamapps/common/Amnesia The Bunker/entities/bunker/gameplay/grenade/Animations/grenade_equip.fbx in 0 ms
  Loaded resource c:/Program Files (x86)/Steam/steamapps/common/Amnesia The Bunker/entities/bunker/gameplay/grenade/Animations/grenade_focus_end.fbx in 0 ms
  Loaded resource c:/Program Files (x86)/Steam/steamapps/common/Amnesia The Bunker/entities/bunker/gameplay/grenade/Animations/grenade_focus_idle.fbx in 0 ms
  Loaded resource c:/Program Files (x86)/Steam/steamapps/common/Amnesia The Bunker/entities/bunker/gameplay/grenade/Animations/grenade_focus_start.fbx in 0 ms
  Loaded resource c:/Program Files (x86)/Steam/steamapps/common/Amnesia The Bunker/entities/bunker/gameplay/grenade/Animations/grenade_holster.fbx in 0 ms
  Loaded resource c:/Program Files (x86)/Steam/steamapps/common/Amnesia The Bunker/entities/bunker/gameplay/grenade/Animations/grenade_idle.fbx in 0 ms
  Loaded resource c:/Program Files (x86)/Steam/steamapps/common/Amnesia The Bunker/entities/bunker/gameplay/grenade/Animations/grenade_throw.fbx in 0 ms
  Loaded resource c:/Program Files (x86)/Steam/steamapps/common/Amnesia The Bunker/entities/bunker/gameplay/gas_grenade/animations/gas_grenade_equip.fbx in 0 ms
  Loaded resource c:/Program Files (x86)/Steam/steamapps/common/Amnesia The Bunker/entities/bunker/gameplay/gas_grenade/animations/gas_grenade_holster.fbx in 0 ms
  Loaded resource c:/Program Files (x86)/Steam/steamapps/common/Amnesia The Bunker/entities/bunker/gameplay/gas_grenade/animations/gas_grenade_idle.fbx in 0 ms
  Loaded resource c:/Program Files (x86)/Steam/steamapps/common/Amnesia The Bunker/entities/bunker/gameplay/gas_grenade/animations/gas_grenade_throw.fbx in 0 ms
  Loaded resource c:/Program Files (x86)/Steam/steamapps/common/Amnesia The Bunker/entities/bunker/gameplay/gas_grenade/animations/gas_grenade_focus_end.fbx in 0 ms
  Loaded resource c:/Program Files (x86)/Steam/steamapps/common/Amnesia The Bunker/entities/bunker/gameplay/gas_grenade/animations/gas_grenade_focus_idle.fbx in 0 ms
  Loaded resource c:/Program Files (x86)/Steam/steamapps/common/Amnesia The Bunker/entities/bunker/gameplay/gas_grenade/animations/gas_grenade_focus_start.fbx in 0 ms
  Loaded resource c:/Program Files (x86)/Steam/steamapps/common/Amnesia The Bunker/entities/bunker/gameplay/chain_cutters/animations/cutter_idle.fbx in 0 ms
  Loaded resource c:/Program Files (x86)/Steam/steamapps/common/Amnesia The Bunker/entities/bunker/gameplay/chain_cutters/animations/cutter_cut_air.fbx in 0 ms
  Loaded resource c:/Program Files (x86)/Steam/steamapps/common/Amnesia The Bunker/entities/bunker/gameplay/chain_cutters/animations/cutter_cut_chain_1.fbx in 0 ms
  Loaded resource c:/Program Files (x86)/Steam/steamapps/common/Amnesia The Bunker/entities/bunker/gameplay/chain_cutters/animations/cutter_cut_padlock.fbx in 0 ms
  Loaded resource c:/Program Files (x86)/Steam/steamapps/common/Amnesia The Bunker/entities/bunker/gameplay/wrench/Animations/wrench_equip.fbx in 0 ms
  Loaded resource c:/Program Files (x86)/Steam/steamapps/common/Amnesia The Bunker/entities/bunker/gameplay/wrench/Animations/wrench_focus_end.fbx in 0 ms
  Loaded resource c:/Program Files (x86)/Steam/steamapps/common/Amnesia The Bunker/entities/bunker/gameplay/wrench/Animations/wrench_focus_idle.fbx in 0 ms
  Loaded resource c:/Program Files (x86)/Steam/steamapps/common/Amnesia The Bunker/entities/bunker/gameplay/wrench/Animations/wrench_focus_start.fbx in 0 ms
  Loaded resource c:/Program Files (x86)/Steam/steamapps/common/Amnesia The Bunker/entities/bunker/gameplay/wrench/Animations/wrench_holster.fbx in 0 ms
  Loaded resource c:/Program Files (x86)/Steam/steamapps/common/Amnesia The Bunker/entities/bunker/gameplay/wrench/Animations/wrench_idle.fbx in 0 ms
  Loaded resource c:/Program Files (x86)/Steam/steamapps/common/Amnesia The Bunker/entities/bunker/gameplay/wrench/Animations/wrench_rtu_noaction.fbx in 0 ms
  Loaded resource c:/Program Files (x86)/Steam/steamapps/common/Amnesia The Bunker/entities/bunker/gameplay/wrench/Animations/wrench_unscrew_x2_bolt.fbx in 0 ms
  Loaded resource c:/Program Files (x86)/Steam/steamapps/common/Amnesia The Bunker/entities/bunker/gameplay/wrench/Animations/wrench_unscrew_x3_bolt.fbx in 0 ms
  Loaded resource c:/Program Files (x86)/Steam/steamapps/common/Amnesia The Bunker/entities/bunker/gameplay/flare/Animations/flare_static.fbx in 0 ms
  Loaded resource c:/Program Files (x86)/Steam/steamapps/common/Amnesia The Bunker/entities/bunker/gameplay/flare/Animations/flare_throw.fbx in 0 ms
  Loaded resource c:/Program Files (x86)/Steam/steamapps/common/Amnesia The Bunker/entities/bunker/gameplay/lighter/animations/lighter_equip.fbx in 0 ms
  Loaded resource c:/Program Files (x86)/Steam/steamapps/common/Amnesia The Bunker/entities/bunker/gameplay/lighter/animations/lighter_focus_end.fbx in 0 ms
  Loaded resource c:/Program Files (x86)/Steam/steamapps/common/Amnesia The Bunker/entities/bunker/gameplay/lighter/animations/lighter_focus_idle.fbx in 0 ms
  Loaded resource c:/Program Files (x86)/Steam/steamapps/common/Amnesia The Bunker/entities/bunker/gameplay/lighter/animations/lighter_focus_ignite.fbx in 0 ms
  Loaded resource c:/Program Files (x86)/Steam/steamapps/common/Amnesia The Bunker/entities/bunker/gameplay/lighter/animations/lighter_focus_start.fbx in 0 ms
  Loaded resource c:/Program Files (x86)/Steam/steamapps/common/Amnesia The Bunker/entities/bunker/gameplay/lighter/animations/lighter_holster.fbx in 0 ms
  Loaded resource c:/Program Files (x86)/Steam/steamapps/common/Amnesia The Bunker/entities/bunker/gameplay/lighter/animations/lighter_idle_closed.fbx in 0 ms
  Loaded resource c:/Program Files (x86)/Steam/steamapps/common/Amnesia The Bunker/entities/bunker/gameplay/lighter/animations/lighter_idle_lit.fbx in 0 ms
  Loaded resource c:/Program Files (x86)/Steam/steamapps/common/Amnesia The Bunker/entities/bunker/gameplay/lighter/animations/lighter_molotov_throw.fbx in 0 ms
  Loaded resource c:/Program Files (x86)/Steam/steamapps/common/Amnesia The Bunker/entities/bunker/gameplay/lighter/animations/lighter_molotov_focus_end.fbx in 0 ms
  Loaded resource c:/Program Files (x86)/Steam/steamapps/common/Amnesia The Bunker/entities/bunker/gameplay/lighter/animations/lighter_molotov_focus_idle.fbx in 0 ms
  Loaded resource c:/Program Files (x86)/Steam/steamapps/common/Amnesia The Bunker/entities/bunker/gameplay/lighter/animations/lighter_molotov_focus_start.fbx in 0 ms
  Loaded resource c:/Program Files (x86)/Steam/steamapps/common/Amnesia The Bunker/entities/bunker/gameplay/lighter/animations/lighter_torch_equip.fbx in 0 ms
  Loaded resource c:/Program Files (x86)/Steam/steamapps/common/Amnesia The Bunker/entities/bunker/gameplay/meat_chunks/animations/meat_equip.fbx in 0 ms
  Loaded resource c:/Program Files (x86)/Steam/steamapps/common/Amnesia The Bunker/entities/bunker/gameplay/meat_chunks/animations/meat_focus_end.fbx in 0 ms
  Loaded resource c:/Program Files (x86)/Steam/steamapps/common/Amnesia The Bunker/entities/bunker/gameplay/meat_chunks/animations/meat_focus_idle.fbx in 0 ms
  Loaded resource c:/Program Files (x86)/Steam/steamapps/common/Amnesia The Bunker/entities/bunker/gameplay/meat_chunks/animations/meat_focus_start.fbx in 0 ms
  Loaded resource c:/Program Files (x86)/Steam/steamapps/common/Amnesia The Bunker/entities/bunker/gameplay/meat_chunks/animations/meat_holster.fbx in 0 ms
  Loaded resource c:/Program Files (x86)/Steam/steamapps/common/Amnesia The Bunker/entities/bunker/gameplay/meat_chunks/animations/meat_idle.fbx in 0 ms
  Loaded resource c:/Program Files (x86)/Steam/steamapps/common/Amnesia The Bunker/entities/bunker/gameplay/meat_chunks/animations/meat_throw.fbx in 0 ms
  Loaded resource c:/Program Files (x86)/Steam/steamapps/common/Amnesia The Bunker/entities/bunker/gameplay/doll_rabbit/animations/rabbit_equip.fbx in 0 ms
  Loaded resource c:/Program Files (x86)/Steam/steamapps/common/Amnesia The Bunker/entities/bunker/gameplay/doll_rabbit/animations/rabbit_focus_end.fbx in 0 ms
  Loaded resource c:/Program Files (x86)/Steam/steamapps/common/Amnesia The Bunker/entities/bunker/gameplay/doll_rabbit/animations/rabbit_focus_start.fbx in 0 ms
  Loaded resource c:/Program Files (x86)/Steam/steamapps/common/Amnesia The Bunker/entities/bunker/gameplay/doll_rabbit/animations/rabbit_holster.fbx in 0 ms
  Loaded resource c:/Program Files (x86)/Steam/steamapps/common/Amnesia The Bunker/entities/bunker/gameplay/doll_rabbit/animations/rabbit_idle.fbx in 0 ms
  Loaded resource c:/Program Files (x86)/Steam/steamapps/common/Amnesia The Bunker/entities/bunker/gameplay/doll_rabbit/animations/rabbit_throw.fbx in 0 ms
  Loaded resource c:/Program Files (x86)/Steam/steamapps/common/Amnesia The Bunker/entities/bunker/gameplay/doll_rabbit/animations/rabbit_focus_idle.fbx in 0 ms
  Loaded resource c:/Program Files (x86)/Steam/steamapps/common/Amnesia The Bunker/script/props/Prop_Rigid.hps in 3 ms
  Loaded resource c:/Program Files (x86)/Steam/steamapps/common/Amnesia The Bunker/script/custom/components/WoodenBreakableComponent.hps in 65 ms
Invalid internal path: 'a_ambience_wind_aeolianpipe_01.ogg'
Invalid internal path: 'a_ambience_wind_aeolianpipe_02.ogg'
Invalid internal path: 'a_ambience_wind_aeolianpipe_03.ogg'
Invalid internal path: 'a_ambience_wind_aeolianpipe_04.ogg'
Invalid internal path: 'a_ambience_wind_aeolianpipe_05.ogg'
Invalid internal path: 'a_ambience_wind_aeolianpipe_06.ogg'
ERROR: Could not load physics material 'Metal' for body 'Body_1' in entity clock_community_room_1! Using 'Default'
ERROR: Could not load physics material 'Metal' for body 'pendulumbody' in entity clock_community_room_1! Using 'Default'
  Loaded resource c:/Program Files (x86)/Steam/steamapps/common/Amnesia The Bunker/script/props/Prop_Grab.hps in 44 ms
ERROR: Could not load physics material 'Metal Hollow' for body 'Body_1' in entity table_lab_large_1! Using 'Default'
  Loaded resource c:/Program Files (x86)/Steam/steamapps/common/Amnesia The Bunker/script/custom/props/Prop_Pickup.hps in 63 ms
  Loaded resource c:/Program Files (x86)/Steam/steamapps/common/Amnesia The Bunker/script/props/Prop_MovingButton.hps in 5 ms
  Loaded resource c:/Program Files (x86)/Steam/steamapps/common/Amnesia The Bunker/script/props/Prop_Terminal.hps in 3 ms
  Loaded resource c:/Program Files (x86)/Steam/steamapps/common/Amnesia The Bunker/script/props/Prop_Slide.hps in 6 ms
ERROR: Could not load physics material 'toy_drum' for body 'Body_1' in entity music_instrument_drum_1! Using 'Default'
ERROR: Could not load physics material 'toy_drum' for body 'Body_1' in entity music_instrument_drum_2! Using 'Default'
ERROR: Could not load physics material 'Wood String Instrument' for body 'Body_1' in entity music_instrument_string_1! Using 'Default'
ERROR: Could not load physics material 'Metal Bucket' for body 'Body_1' in entity bucket_2! Using 'Default'
ERROR: Could not load physics material 'Silent' for body 'Body_2' in entity bucket_2! Using 'Default'
ERROR: Could not load physics material 'Book Hard Cover' for body 'Body_1' in entity ross_book_jung_1! Using 'Default'
  Loaded resource c:/Program Files (x86)/Steam/steamapps/common/Amnesia The Bunker/script/props/Prop_Push.hps in 3 ms
ERROR: Could not load physics material 'Metal Food Tin Can Full' for body 'Body_1' in entity food_can_ration_1! Using 'Default'
ERROR: Could not load physics material 'Metal Robust' for body 'Body_1' in entity DebugDoor! Using 'Default'
ERROR: Could not load physics material 'Metal Robust' for body 'door_body' in entity DebugDoor! Using 'Default'
  Loaded resource c:/Program Files (x86)/Steam/steamapps/common/Amnesia The Bunker/script/props/Prop_SlideDoor.hps in 8 ms
  Loaded resource c:/Program Files (x86)/Steam/steamapps/common/Amnesia The Bunker/script/props/Prop_Lamp.hps in 64 ms
  Loaded resource c:/Program Files (x86)/Steam/steamapps/common/Amnesia The Bunker/script/custom/components/LampComponent.hps in 1 ms
WARNING: Loaded sound 'player/ui/terror_meter_loop' while the map was running. Preload it instead
[GameStatsModule] Loading Game Stat TimesSaved for slot: base with value 0
[GameStatsModule] Loading Game Stat NumberOfDeaths for slot: base with value 4
[GameStatsModule] Loading Game Stat RatsKilled for slot: base with value 0
[GameStatsModule] Loading Game Stat BulletsFired for slot: base with value 0
[GameStatsModule] Loading Game Stat ShotgunShellsFired for slot: base with value 0
[GameStatsModule] Loading Game Stat GrenadesThrown for slot: base with value 0
[GameStatsModule] Loading Game Stat GasGrenadesThrown for slot: base with value 0
[GameStatsModule] Loading Game Stat PetrolBombsThrown for slot: base with value 0
[GameStatsModule] Loading Game Stat FlaresThrown for slot: base with value 0
[GameStatsModule] Loading Game Stat HealthItemsUsed for slot: base with value 0
[GameStatsModule] Loading Game Stat GeneratorRefills for slot: base with value 0
[GameStatsModule] Loading Game Stat Blackouts for slot: base with value 0
[GameStatsModule] Loading Game Stat TrapsTriggered for slot: base with value 0
[GameStatsModule] Loading Game Stat CorpsesBurnt for slot: base with value 0
[GameStatsModule] Loading Game Stat FiresStarted for slot: base with value 0
[GameStatsModule] Loading Game Stat DoorsDestroyed for slot: base with value 0
[GameStatsModule] Loading Game Stat TimesSpottedByStalker for slot: base with value 0
[GameStatsModule] Loading Game Stat ItemsCrafted for slot: base with value 0
[GameStatsModule] Loading Game Stat StalkerHitCount for slot: base with value 0
[GameStatsModule] Loading Game Stat RatsScaredByTorch for slot: base with value 0
  Loaded resource c:/Program Files (x86)/Steam/steamapps/common/Amnesia The Bunker/script/areas/Area_Trigger.hps in 3 ms
  Loaded resource c:/Program Files (x86)/Steam/steamapps/common/Amnesia The Bunker/script/areas/LiquidArea_Default.hps in 32 ms
  Loaded resource c:/Program Files (x86)/Steam/steamapps/common/Amnesia The Bunker/script/areas/Area_InteractAux.hps in 3 ms
  Loaded resource c:/Program Files (x86)/Steam/steamapps/common/Amnesia The Bunker/core/textures/core_bokeh.tga in 1 ms
WARNING: Loaded resource 'core_bokeh.tga' while the map was running.
  Destroyed resource 'player_flashlight.dds'
  Destroyed resource 'D:/amnesia2/redist/mods/official_the_bunker/assets/entities/nonexclusive/gameplay/magnetlampe/player_flashlight_magnet.dds'
  Loaded resource c:/Program Files (x86)/Steam/steamapps/common/Amnesia The Bunker/graphics/startmenu/icons/startmenu_button_direction2.tga in 0 ms
  Loaded resource c:/Program Files (x86)/Steam/steamapps/common/Amnesia The Bunker/graphics/startmenu/icons/startmenu_button_xbox_B.tga in 0 ms
  Loaded resource c:/Program Files (x86)/Steam/steamapps/common/Amnesia The Bunker/graphics/startmenu/icons/startmenu_button_xbox_A.tga in 1 ms
  Loaded resource c:/Program Files (x86)/Steam/steamapps/common/Amnesia The Bunker/graphics/startmenu/startmenu_vignette.dds in 3 ms
  Loaded resource c:/Program Files (x86)/Steam/steamapps/common/Amnesia The Bunker/graphics/startmenu/startmenu_bg.dds in 2 ms
  Loaded resource c:/Program Files (x86)/Steam/steamapps/common/Amnesia The Bunker/graphics/startmenu/title/startmenu_title_1k.dds in 0 ms
  Loaded resource c:/Program Files (x86)/Steam/steamapps/common/Amnesia The Bunker/textures/technical/simple_black.dds in 0 ms
  Loaded resource c:/Program Files (x86)/Steam/steamapps/common/Amnesia The Bunker/graphics/hud/bleeding_icon_background.dds in 0 ms
ERROR: Couldn't load texture 'bleeding_stopped_icon.dds'
ERROR: Could not load texture 'bleeding_stopped_icon.dds'!
  Loaded resource c:/Program Files (x86)/Steam/steamapps/common/Amnesia The Bunker/graphics/hud/bleeding_icon.dds in 0 ms
  Loaded resource c:/Program Files (x86)/Steam/steamapps/common/Amnesia The Bunker/graphics/hud/crosshair_use_torch.tga in 0 ms
  Loaded resource c:/Program Files (x86)/Steam/steamapps/common/Amnesia The Bunker/graphics/hud/crosshair_aim.tga in 0 ms
  Loaded resource c:/Program Files (x86)/Steam/steamapps/common/Amnesia The Bunker/graphics/hud/crosshair_use_lighter.tga in 1 ms
  Loaded resource c:/Program Files (x86)/Steam/steamapps/common/Amnesia The Bunker/graphics/hud/crosshair_use_wrench.tga in 0 ms
  Loaded resource c:/Program Files (x86)/Steam/steamapps/common/Amnesia The Bunker/graphics/hud/crosshair_use_cutters.tga in 0 ms
  Loaded resource c:/Program Files (x86)/Steam/steamapps/common/Amnesia The Bunker/graphics/hud/crosshair_use_empty_bottle.tga in 0 ms
  Loaded resource c:/Program Files (x86)/Steam/steamapps/common/Amnesia The Bunker/graphics/hud/crosshair_use_fuel_bottle.tga in 0 ms
  Loaded resource c:/Program Files (x86)/Steam/steamapps/common/Amnesia The Bunker/graphics/hud/crosshair_use_fuel.tga in 0 ms
  Loaded resource c:/Program Files (x86)/Steam/steamapps/common/Amnesia The Bunker/graphics/hud/crosshair_snuff.tga in 0 ms
  Loaded resource c:/Program Files (x86)/Steam/steamapps/common/Amnesia The Bunker/graphics/hud/crosshair_use_cannon.tga in 1 ms
  Loaded resource c:/Program Files (x86)/Steam/steamapps/common/Amnesia The Bunker/graphics/hud/crosshair_touch.tga in 0 ms
  Loaded resource c:/Program Files (x86)/Steam/steamapps/common/Amnesia The Bunker/graphics/hud/crosshair_nohints.tga in 0 ms
  Loaded resource c:/Program Files (x86)/Steam/steamapps/common/Amnesia The Bunker/graphics/hud/crosshair_pull_vertical.tga in 0 ms
  Loaded resource c:/Program Files (x86)/Steam/steamapps/common/Amnesia The Bunker/graphics/hud/crosshair_magnify.tga in 0 ms
  Loaded resource c:/Program Files (x86)/Steam/steamapps/common/Amnesia The Bunker/graphics/hud/crosshair_default_large.tga in 0 ms
  Loaded resource c:/Program Files (x86)/Steam/steamapps/common/Amnesia The Bunker/graphics/hud/crosshair_sit_enter.tga in 0 ms
  Loaded resource c:/Program Files (x86)/Steam/steamapps/common/Amnesia The Bunker/graphics/hud/crosshair_climb_ledge.tga in 0 ms
  Loaded resource c:/Program Files (x86)/Steam/steamapps/common/Amnesia The Bunker/graphics/hud/crosshair_door_locked.tga in 0 ms
  Loaded resource c:/Program Files (x86)/Steam/steamapps/common/Amnesia The Bunker/graphics/hud/crosshair_exit_level.tga in 1 ms
  Loaded resource c:/Program Files (x86)/Steam/steamapps/common/Amnesia The Bunker/graphics/hud/crosshair_read.tga in 0 ms
  Loaded resource c:/Program Files (x86)/Steam/steamapps/common/Amnesia The Bunker/graphics/hud/crosshair_talk.tga in 0 ms
  Loaded resource c:/Program Files (x86)/Steam/steamapps/common/Amnesia The Bunker/graphics/hud/crosshair_climb_ladder.tga in 0 ms
  Loaded resource c:/Program Files (x86)/Steam/steamapps/common/Amnesia The Bunker/graphics/hud/crosshair_pick_up_forbidden.tga in 0 ms
  Loaded resource c:/Program Files (x86)/Steam/steamapps/common/Amnesia The Bunker/graphics/hud/crosshair_pick_up.tga in 0 ms
  Loaded resource c:/Program Files (x86)/Steam/steamapps/common/Amnesia The Bunker/graphics/hud/crosshair_push_button.tga in 0 ms
  Loaded resource c:/Program Files (x86)/Steam/steamapps/common/Amnesia The Bunker/graphics/hud/crosshair_rotate_one_handed.tga in 0 ms
  Loaded resource c:/Program Files (x86)/Steam/steamapps/common/Amnesia The Bunker/graphics/hud/crosshair_rotate.tga in 1 ms
  Loaded resource c:/Program Files (x86)/Steam/steamapps/common/Amnesia The Bunker/graphics/hud/crosshair_pull_door_hatch.tga in 0 ms
  Loaded resource c:/Program Files (x86)/Steam/steamapps/common/Amnesia The Bunker/graphics/hud/crosshair_pull_door.tga in 0 ms
  Loaded resource c:/Program Files (x86)/Steam/steamapps/common/Amnesia The Bunker/graphics/hud/crosshair_pull_out.tga in 0 ms
  Loaded resource c:/Program Files (x86)/Steam/steamapps/common/Amnesia The Bunker/graphics/hud/crosshair_pull_sideways.tga in 3 ms
  Loaded resource c:/Program Files (x86)/Steam/steamapps/common/Amnesia The Bunker/graphics/hud/crosshair_pull_lever_small.tga in 0 ms
  Loaded resource c:/Program Files (x86)/Steam/steamapps/common/Amnesia The Bunker/graphics/hud/crosshair_pull_lever.tga in 0 ms
  Loaded resource c:/Program Files (x86)/Steam/steamapps/common/Amnesia The Bunker/graphics/hud/crosshair_push.tga in 1 ms
  Loaded resource c:/Program Files (x86)/Steam/steamapps/common/Amnesia The Bunker/graphics/hud/crosshair_carry_one_handed.tga in 0 ms
  Loaded resource c:/Program Files (x86)/Steam/steamapps/common/Amnesia The Bunker/graphics/hud/crosshair_default.tga in 0 ms
  Loaded resource c:/Program Files (x86)/Steam/steamapps/common/Amnesia The Bunker/graphics/general/input/ps4/but_rt.tga in 0 ms
  Loaded resource c:/Program Files (x86)/Steam/steamapps/common/Amnesia The Bunker/graphics/general/input/ps4/but_lt.tga in 0 ms
  Loaded resource c:/Program Files (x86)/Steam/steamapps/common/Amnesia The Bunker/graphics/general/input/ps4/dpad_base.tga in 0 ms
  Loaded resource c:/Program Files (x86)/Steam/steamapps/common/Amnesia The Bunker/graphics/general/input/ps4/dpad_right.tga in 0 ms
  Loaded resource c:/Program Files (x86)/Steam/steamapps/common/Amnesia The Bunker/graphics/general/input/ps4/dpad_left.tga in 0 ms
  Loaded resource c:/Program Files (x86)/Steam/steamapps/common/Amnesia The Bunker/graphics/general/input/ps4/dpad_down.tga in 0 ms
  Loaded resource c:/Program Files (x86)/Steam/steamapps/common/Amnesia The Bunker/graphics/general/input/ps4/dpad_up.tga in 0 ms
  Loaded resource c:/Program Files (x86)/Steam/steamapps/common/Amnesia The Bunker/graphics/general/input/ps4/but_rb.tga in 0 ms
  Loaded resource c:/Program Files (x86)/Steam/steamapps/common/Amnesia The Bunker/graphics/general/input/ps4/but_lb.tga in 1 ms
  Loaded resource c:/Program Files (x86)/Steam/steamapps/common/Amnesia The Bunker/graphics/general/input/ps4/stick_r.tga in 0 ms
  Loaded resource c:/Program Files (x86)/Steam/steamapps/common/Amnesia The Bunker/graphics/general/input/ps4/stick_l.tga in 0 ms
  Loaded resource c:/Program Files (x86)/Steam/steamapps/common/Amnesia The Bunker/graphics/general/input/ps4/but_start.tga in 0 ms
  Loaded resource c:/Program Files (x86)/Steam/steamapps/common/Amnesia The Bunker/graphics/general/input/ps4/but_back.tga in 0 ms
  Loaded resource c:/Program Files (x86)/Steam/steamapps/common/Amnesia The Bunker/graphics/general/input/x360/but_y.tga in 0 ms
  Loaded resource c:/Program Files (x86)/Steam/steamapps/common/Amnesia The Bunker/graphics/general/input/ps4/but_x.tga in 0 ms
  Loaded resource c:/Program Files (x86)/Steam/steamapps/common/Amnesia The Bunker/graphics/general/input/x360/but_b.tga in 0 ms
  Loaded resource c:/Program Files (x86)/Steam/steamapps/common/Amnesia The Bunker/graphics/general/input/x360/but_a.tga in 0 ms
  Loaded resource c:/Program Files (x86)/Steam/steamapps/common/Amnesia The Bunker/graphics/general/input/mousewheeldown.tga in 0 ms
  Loaded resource c:/Program Files (x86)/Steam/steamapps/common/Amnesia The Bunker/graphics/general/input/mousewheelup.tga in 0 ms
  Loaded resource c:/Program Files (x86)/Steam/steamapps/common/Amnesia The Bunker/graphics/general/input/mouseright.tga in 1 ms
  Loaded resource c:/Program Files (x86)/Steam/steamapps/common/Amnesia The Bunker/graphics/general/input/mousemiddle.tga in 0 ms
  Loaded resource c:/Program Files (x86)/Steam/steamapps/common/Amnesia The Bunker/graphics/general/input/mouseleft.tga in 0 ms
  Loaded resource c:/Program Files (x86)/Steam/steamapps/common/Amnesia The Bunker/graphics/general/input/mousebase.tga in 0 ms
  Loaded resource c:/Program Files (x86)/Steam/steamapps/common/Amnesia The Bunker/graphics/general/input/key_enter.tga in 0 ms
  Loaded resource c:/Program Files (x86)/Steam/steamapps/common/Amnesia The Bunker/graphics/general/input/key_tab.tga in 0 ms
  Loaded resource c:/Program Files (x86)/Steam/steamapps/common/Amnesia The Bunker/graphics/general/input/key.tga in 0 ms
      Loaded resource c:/Program Files (x86)/Steam/steamapps/common/Amnesia The Bunker/particles/water/materials/water_ripples.dds in 0 ms
WARNING: Loaded resource 'particles/water/materials/water_ripples.dds' while the map was running.
      Loaded resource c:/Program Files (x86)/Steam/steamapps/common/Amnesia The Bunker/particles/water/materials/water_ripples_nrm.dds in 1 ms
WARNING: Loaded resource 'particles/water/materials/water_ripples_nrm.dds' while the map was running.
    Loaded resource c:/Program Files (x86)/Steam/steamapps/common/Amnesia The Bunker/particles/water/materials/water_ripples.mat in 1 ms
WARNING: Loaded resource 'particles/water/materials/water_ripples.mat' while the map was running.
ERROR: Couldn't create material 'particles/level_specific/03_07_dw_factory_dream/water/water_leak_dream_small/water_micro_splash.mat'
  Loaded resource c:/Program Files (x86)/Steam/steamapps/common/Amnesia The Bunker/particles/water/swim_ripples_oneshot.ps in 2 ms
WARNING: Loaded resource 'swim_ripples_oneshot.ps' while the map was running.
      Loaded resource c:/Program Files (x86)/Steam/steamapps/common/Amnesia The Bunker/particles/dust/materials/sandmonster_movement_dust_cloud.dds in 0 ms
WARNING: Loaded resource 'particles/dust/materials/sandmonster_movement_dust_cloud.dds' while the map was running.
    Loaded resource c:/Program Files (x86)/Steam/steamapps/common/Amnesia The Bunker/particles/dust/materials/sandmonster_movement_dust_cloud.mat in 0 ms
WARNING: Loaded resource 'particles/dust/materials/sandmonster_movement_dust_cloud.mat' while the map was running.
  Loaded resource c:/Program Files (x86)/Steam/steamapps/common/Amnesia The Bunker/particles/dust/sand_slide.ps in 0 ms
WARNING: Loaded resource 'sand_slide.ps' while the map was running.
      Loaded resource c:/Program Files (x86)/Steam/steamapps/common/Amnesia The Bunker/particles/dust/sandstorm/dust_sandstorm_001.dds in 6 ms
WARNING: Loaded resource 'particles/_temp/marc/sandstorm/dust_sandstorm_001.dds' while the map was running.
    Loaded resource c:/Program Files (x86)/Steam/steamapps/common/Amnesia The Bunker/particles/smoke/materials/smoke_continous_animated.mat in 6 ms
WARNING: Loaded resource 'particles/smoke/materials/smoke_continous_animated.mat' while the map was running.
      Loaded resource c:/Program Files (x86)/Steam/steamapps/common/Amnesia The Bunker/particles/smoke/materials/fog_ambient_large.dds in 2 ms
WARNING: Loaded resource 'particles/smoke/materials/fog_ambient_large.dds' while the map was running.
    Loaded resource c:/Program Files (x86)/Steam/steamapps/common/Amnesia The Bunker/particles/smoke/materials/fog_ambient_large.mat in 2 ms
WARNING: Loaded resource 'particles/smoke/materials/fog_ambient_large.mat' while the map was running.
  Loaded resource c:/Program Files (x86)/Steam/steamapps/common/Amnesia The Bunker/particles/gameplay/revolver_fire.ps in 9 ms
WARNING: Loaded resource 'revolver_fire.ps' while the map was running.
  Loaded resource c:/Program Files (x86)/Steam/steamapps/common/Amnesia The Bunker/entities/bunker/gameplay/molotov_cocktail/empty_bottle_thrown.ent in 0 ms
WARNING: Loaded resource 'empty_bottle_thrown.ent' while the map was running.
  Loaded resource c:/Program Files (x86)/Steam/steamapps/common/Amnesia The Bunker/entities/bunker/gameplay/grenade/grenade_thrown.ent in 0 ms
WARNING: Loaded resource 'grenade_thrown.ent' while the map was running.
  Loaded resource c:/Program Files (x86)/Steam/steamapps/common/Amnesia The Bunker/entities/arabic_fort/special/02_03_grenade/grenade.dae in 1 ms
WARNING: Loaded resource 'grenade.dae' while the map was running.
  Loaded resource c:/Program Files (x86)/Steam/steamapps/common/Amnesia The Bunker/entities/bunker/gameplay/gas_grenade/gas_grenade_thrown.ent in 0 ms
WARNING: Loaded resource 'gas_grenade_thrown.ent' while the map was running.
ERROR: Couldn't find ent file 'flare_thrown_low.ent'
  Loaded resource c:/Program Files (x86)/Steam/steamapps/common/Amnesia The Bunker/entities/bunker/gameplay/flare/flare_thrown_med.ent in 0 ms
WARNING: Loaded resource 'flare_thrown_med.ent' while the map was running.
    Loaded resource c:/Program Files (x86)/Steam/steamapps/common/Amnesia The Bunker/particles/dust/materials/dust_cloud_softParticlesOn.mat in 0 ms
WARNING: Loaded resource 'particles/dust/materials/dust_cloud_softParticlesOn.mat' while the map was running.
  Loaded resource c:/Program Files (x86)/Steam/steamapps/common/Amnesia The Bunker/particles/flare_cloud.ps in 1 ms
WARNING: Loaded resource 'C:/Users/aaron/Documents/Work/bunker/redist/particles/flare_cloud.ps' while the map was running.
    Loaded resource c:/Program Files (x86)/Steam/steamapps/common/Amnesia The Bunker/particles/dust/materials/dust_light_tiny_add.mat in 0 ms
WARNING: Loaded resource 'particles/dust/materials/dust_light_tiny_add.mat' while the map was running.
    Loaded resource c:/Program Files (x86)/Steam/steamapps/common/Amnesia The Bunker/particles/smoke/materials/smoke_continous_animated_soft.mat in 0 ms
WARNING: Loaded resource 'particles/smoke/materials/smoke_continous_animated_soft.mat' while the map was running.
  Loaded resource c:/Program Files (x86)/Steam/steamapps/common/Amnesia The Bunker/particles/flare_flame.ps in 0 ms
WARNING: Loaded resource 'C:/Users/aaron/Documents/Work/bunker/redist/particles/flare_flame.ps' while the map was running.
  Loaded resource c:/Program Files (x86)/Steam/steamapps/common/Amnesia The Bunker/billboards/halo/lampglow_large_soft.mat in 1 ms
WARNING: Loaded resource 'D:/SVN Repositories/Bunker/redist/billboards/halo/lampglow_large_soft.mat' while the map was running.
  Loaded resource c:/Program Files (x86)/Steam/steamapps/common/Amnesia The Bunker/entities/bunker/gameplay/flare/flare_thrown.dae in 0 ms
WARNING: Loaded resource 'flare_thrown.dae' while the map was running.
ERROR: Couldn't find ent file 'flare_thrown_high.ent'
  Loaded resource c:/Program Files (x86)/Steam/steamapps/common/Amnesia The Bunker/entities/bunker/gameplay/flare/flare_thrown.ent in 0 ms
WARNING: Loaded resource 'flare_thrown.ent' while the map was running.
  Loaded resource c:/Program Files (x86)/Steam/steamapps/common/Amnesia The Bunker/entities/bunker/gameplay/molotov_cocktail/molotov_cocktail_thrown.ent in 1 ms
WARNING: Loaded resource 'molotov_cocktail_thrown.ent' while the map was running.
  Loaded resource c:/Program Files (x86)/Steam/steamapps/common/Amnesia The Bunker/entities/bunker/gameplay/molotov_cocktail/animations/bottle_molotov_focus_idle.fbx in 0 ms
WARNING: Loaded resource 'c:/Program Files (x86)/Steam/steamapps/common/Amnesia The Bunker/entities/bunker/gameplay/molotov_cocktail/animations/bottle_molotov_focus_idle.fbx' while the map was running.
      Loaded resource c:/Program Files (x86)/Steam/steamapps/common/Amnesia The Bunker/particles/water/materials/particle_water_splash.dds in 0 ms
WARNING: Loaded resource 'particles/water/materials/particle_water_splash.dds' while the map was running.
      Loaded resource c:/Program Files (x86)/Steam/steamapps/common/Amnesia The Bunker/particles/water/materials/particle_water_splash_nrm.dds in 1 ms
WARNING: Loaded resource 'particles/water/materials/particle_water_splash_nrm.dds' while the map was running.
    Loaded resource c:/Program Files (x86)/Steam/steamapps/common/Amnesia The Bunker/particles/water/materials/water_splash_small.mat in 1 ms
WARNING: Loaded resource 'particles/water/materials/water_splash_small.mat' while the map was running.
  Loaded resource c:/Program Files (x86)/Steam/steamapps/common/Amnesia The Bunker/particles/gameplay/fuel_throw.ps in 1 ms
WARNING: Loaded resource 'fuel_throw.ps' while the map was running.
  Loaded resource c:/Program Files (x86)/Steam/steamapps/common/Amnesia The Bunker/entities/dynamic_decals/fuel_spill.ent in 0 ms
WARNING: Loaded resource 'fuel_spill.ent' while the map was running.
    Loaded resource c:/Program Files (x86)/Steam/steamapps/common/Amnesia The Bunker/textures/decals/bunker/fuel_splash/fuel_splash_diffuse.dds in 1 ms
WARNING: Loaded resource 'textures/decals/bunker/fuel_splash/fuel_splash_diffuse.dds' while the map was running.
    Loaded resource c:/Program Files (x86)/Steam/steamapps/common/Amnesia The Bunker/textures/decals/bunker/fuel_splash/fuel_splash_nrm.dds in 1 ms
WARNING: Loaded resource 'textures/decals/bunker/fuel_splash/fuel_splash_nrm.dds' while the map was running.
    Loaded resource c:/Program Files (x86)/Steam/steamapps/common/Amnesia The Bunker/textures/decals/bunker/fuel_splash/fuel_splash_spec.dds in 2 ms
WARNING: Loaded resource 'textures/decals/bunker/fuel_splash/fuel_splash_spec.dds' while the map was running.
    Loaded resource c:/Program Files (x86)/Steam/steamapps/common/Amnesia The Bunker/textures/environment/generic_reflection_inside.dds in 0 ms
WARNING: Loaded resource 'textures/environment/generic_reflection_inside.dds' while the map was running.
  Loaded resource c:/Program Files (x86)/Steam/steamapps/common/Amnesia The Bunker/textures/decals/bunker/fuel_splash/fuel_splash_decal.mat in 4 ms
WARNING: Loaded resource 'textures/decals/bunker/fuel_splash/fuel_splash_decal.mat' while the map was running.
  Loaded resource c:/Program Files (x86)/Steam/steamapps/common/Amnesia The Bunker/entities/bunker/gameplay/bandage/bandage_cutscene_roll.ent in 0 ms
WARNING: Loaded resource 'bandage_cutscene_roll.ent' while the map was running.
  Loaded resource c:/Program Files (x86)/Steam/steamapps/common/Amnesia The Bunker/entities/bunker/gameplay/bandage/bandage_and_roll.fbx in 0 ms
WARNING: Loaded resource 'bandage_and_roll.fbx' while the map was running.
  Loaded resource c:/Program Files (x86)/Steam/steamapps/common/Amnesia The Bunker/entities/bunker/gameplay/bandage/animations/medkit_usage_bandage.fbx in 0 ms
WARNING: Loaded resource 'c:/Program Files (x86)/Steam/steamapps/common/Amnesia The Bunker/entities/bunker/gameplay/bandage/animations/medkit_usage_bandage.fbx' while the map was running.
  Loaded resource c:/Program Files (x86)/Steam/steamapps/common/Amnesia The Bunker/entities/bunker/gameplay/bandage/animations/bandage_application_bandage.fbx in 0 ms
WARNING: Loaded resource 'c:/Program Files (x86)/Steam/steamapps/common/Amnesia The Bunker/entities/bunker/gameplay/bandage/animations/bandage_application_bandage.fbx' while the map was running.
  Loaded resource c:/Program Files (x86)/Steam/steamapps/common/Amnesia The Bunker/entities/bunker/gameplay/medkit/medkit_cutscene_no_bandage.ent in 0 ms
WARNING: Loaded resource 'medkit_cutscene_no_bandage.ent' while the map was running.
  Loaded resource c:/Program Files (x86)/Steam/steamapps/common/Amnesia The Bunker/entities/bunker/gameplay/medkit/medkit_no_bandage.fbx in 0 ms
WARNING: Loaded resource 'medkit_no_bandage.fbx' while the map was running.
  Loaded resource c:/Program Files (x86)/Steam/steamapps/common/Amnesia The Bunker/entities/bunker/gameplay/medkit/animations/medkit_usage_medkit.fbx in 0 ms
WARNING: Loaded resource 'c:/Program Files (x86)/Steam/steamapps/common/Amnesia The Bunker/entities/bunker/gameplay/medkit/animations/medkit_usage_medkit.fbx' while the map was running.
  Loaded resource c:/Program Files (x86)/Steam/steamapps/common/Amnesia The Bunker/entities/bunker/gameplay/medkit/animations/medkit_usage.fbx in 1 ms
WARNING: Loaded resource 'c:/Program Files (x86)/Steam/steamapps/common/Amnesia The Bunker/entities/bunker/gameplay/medkit/animations/medkit_usage.fbx' while the map was running.
  Loaded resource c:/Program Files (x86)/Steam/steamapps/common/Amnesia The Bunker/entities/bunker/gameplay/molotov_cocktail/molotov_cocktail_empty_thrown.ent in 0 ms
WARNING: Loaded resource 'molotov_cocktail_empty_thrown.ent' while the map was running.
[MenuHandler] Initiate mbFirstGameStart = false
[PorkHandler] Entered map 'ending'. Module ready; type PORK.
WARNING: Loaded sound 'dw_tunnel/portal/portal_close' while the map was running. Preload it instead
ERROR: No animation direction named ''
ERROR: No animation direction named ''
ERROR: No animation direction named ''
ERROR: No animation direction named ''
ERROR: No animation direction named ''
ERROR: Mesh 'player_body_soldier.msh' has skeleton bone mismatch in the follow animations: 
- player_prone_fwd_head_bob.anm (1 missmatch): j_hair_End 
- wake_up_from_death_1_crouch.anm (21 missmatch): j_L_girdle_waist_1_1 j_L_girdle_waist_1_2 j_L_girdle_waist_1_3 j_L_girdle_waist_2_1 j_L_girdl...
- wake_up_from_death_3_crouch.anm (21 missmatch): j_L_girdle_waist_1_1 j_L_girdle_waist_1_2 j_L_girdle_waist_1_3 j_L_girdle_waist_2_1 j_L_girdl...
- lean_left.anm (21 missmatch): j_L_girdle_waist_1_1 j_L_girdle_waist_1_2 j_L_girdle_waist_1_3 j_L_girdle_waist_2_1 j_L_girdl...
- lean_right.anm (21 missmatch): j_L_girdle_waist_1_1 j_L_girdle_waist_1_2 j_L_girdle_waist_1_3 j_L_girdle_waist_2_1 j_L_girdl...
- player_death_front.anm (1 missmatch): j_hair_End 
- player_death_back.anm (1 missmatch): j_hair_End 
- player_throw_standing_1.anm (1 missmatch): j_hair_End 
- player_throw_standing_2.anm (1 missmatch): j_hair_End 
- player_throw_crouching_1.anm (1 missmatch): j_hair_End 
- player_throw_crouching_2.anm (1 missmatch): j_hair_End 
- player_death_hole_left.anm (1 missmatch): j_hair_End 
- player_death_hole_right.anm (1 missmatch): j_hair_End 
- player_death_under.anm (1 missmatch): j_hair_End 
- player_death_ladder.anm (1 missmatch): j_hair_End 
- player_death_hole_back.anm (1 missmatch): j_hair_End 
- player_death_hole_front.anm (1 missmatch): j_hair_End 
  Loaded resource c:/Program Files (x86)/Steam/steamapps/common/Amnesia The Bunker/script/props/Prop_PlayerBody.hps in 31 ms
WARNING: Loaded resource 'props/Prop_PlayerBody.hps' while the map was running.
Setting RenderLayers, Body: 0 Arms: 1Submesh: PlayerBody_0_player_body_soldier_bodySubmesh: PlayerBody_0_player_body_soldier_armsSubmesh: PlayerBody_0_player_body_soldier_shadowcasterSubmesh: PlayerBody_0_player_body_soldier_handMesh: PlayerBody_0submesh indices: body: 1 arms: 3ERROR: Could not find animation 'idle' for entity 'Grunt'
  Loaded resource c:/Program Files (x86)/Steam/steamapps/common/Amnesia The Bunker/mods/BunkersEdge/music/hallway.ogg in 0 ms
WARNING: Loaded resource 'hallway.ogg' while the map was running.
  Loaded resource c:/Program Files (x86)/Steam/steamapps/common/Amnesia The Bunker/mods/BunkersEdge/fonts/orbitron_72.fnt in 13 ms
WARNING: Loaded resource 'orbitron_72.fnt' while the map was running.
  Loaded resource c:/Program Files (x86)/Steam/steamapps/common/Amnesia The Bunker/graphics/inventory/inventory_vignette.dds in 1 ms
WARNING: Loaded resource 'inventory_vignette.dds' while the map was running.
  Loaded resource c:/Program Files (x86)/Steam/steamapps/common/Amnesia The Bunker/fonts/work_56.fnt in 18 ms
WARNING: Loaded resource 'work_56.fnt' while the map was running.
WARNING: Loaded sound 'arsenal/amb/hallway_off' while the map was running. Preload it instead
-------------- SAVING GAME -----------------
Started save file AutoSave_ending_2026_9_8_2_10_32_0.sav
-------------- SAVE THREAD INIT -----------------
WARNING: Loaded sound 'physics/cloth/makka_teddy/makka_teddy_roll' while the map was running. Preload it instead
-------------- SAVE THREAD COMPLETED -----------------
WARNING: Loaded sound 'physics/cloth/makka_teddy/makka_teddy_impact' while the map was running. Preload it instead
----- GOT FOCUS ----------
------- RECOMPILE SCRIPT BEGIN ----------
------- RECOMPILE SCRIPT END: 2ms ----------
-------------------------
-------- Debug window open!
----- GOT FOCUS ----------
------- RECOMPILE SCRIPT BEGIN ----------
------- RECOMPILE SCRIPT END: 2ms ----------
-------------------------
----- GOT FOCUS ----------
------- RECOMPILE SCRIPT BEGIN ----------
------- RECOMPILE SCRIPT END: 1ms ----------
-------------------------
-------- Debug window closed!
 Reload post effects: 1ms
    * c:/Program Files (x86)/Steam/steamapps/common/Amnesia The Bunker/config/EntityTypes.cfg
    * c:/Program Files (x86)/Steam/steamapps/common/Amnesia The Bunker/config/Inventory.cfg
    * c:/Program Files (x86)/Steam/steamapps/common/Amnesia The Bunker/config/Modules.cfg
    * c:/Program Files (x86)/Steam/steamapps/common/Amnesia The Bunker/config/PlayerStates.cfg
    * c:/Program Files (x86)/Steam/steamapps/common/Amnesia The Bunker/config/base_english.lang
    * c:/Program Files (x86)/Steam/steamapps/common/Amnesia The Bunker/config/death_hints.cfg
    * c:/Program Files (x86)/Steam/steamapps/common/Amnesia The Bunker/config/main_init.cfg
    * c:/Program Files (x86)/Steam/steamapps/common/Amnesia The Bunker/maps/main_menu/main_menu.hpm
    * c:/Program Files (x86)/Steam/steamapps/common/Amnesia The Bunker/maps/main_menu/main_menu.hpm_Area
    * c:/Program Files (x86)/Steam/steamapps/common/Amnesia The Bunker/maps/main_menu/main_menu.hpm_Billboard
    * c:/Program Files (x86)/Steam/steamapps/common/Amnesia The Bunker/maps/main_menu/main_menu.hpm_Compound
    * c:/Program Files (x86)/Steam/steamapps/common/Amnesia The Bunker/maps/main_menu/main_menu.hpm_Decal
    * c:/Program Files (x86)/Steam/steamapps/common/Amnesia The Bunker/maps/main_menu/main_menu.hpm_DetailMeshes
    * c:/Program Files (x86)/Steam/steamapps/common/Amnesia The Bunker/maps/main_menu/main_menu.hpm_Entity
    * c:/Program Files (x86)/Steam/steamapps/common/Amnesia The Bunker/maps/main_menu/main_menu.hpm_ExposureArea
    * c:/Program Files (x86)/Steam/steamapps/common/Amnesia The Bunker/maps/main_menu/main_menu.hpm_FogArea
    * c:/Program Files (x86)/Steam/steamapps/common/Amnesia The Bunker/maps/main_menu/main_menu.hpm_LensFlare
    * c:/Program Files (x86)/Steam/steamapps/common/Amnesia The Bunker/maps/main_menu/main_menu.hpm_Light
    * c:/Program Files (x86)/Steam/steamapps/common/Amnesia The Bunker/maps/main_menu/main_menu.hpm_LightMask
    * c:/Program Files (x86)/Steam/steamapps/common/Amnesia The Bunker/maps/main_menu/main_menu.hpm_ParticleSystem
    * c:/Program Files (x86)/Steam/steamapps/common/Amnesia The Bunker/maps/main_menu/main_menu.hpm_Primitive
    * c:/Program Files (x86)/Steam/steamapps/common/Amnesia The Bunker/maps/main_menu/main_menu.hpm_Sound
    * c:/Program Files (x86)/Steam/steamapps/common/Amnesia The Bunker/maps/main_menu/main_menu.hpm_StaticComboArea
    * c:/Program Files (x86)/Steam/steamapps/common/Amnesia The Bunker/maps/main_menu/main_menu.hpm_StaticObject
    * c:/Program Files (x86)/Steam/steamapps/common/Amnesia The Bunker/maps/main_menu/main_menu.hpm_StaticObjectBatches
    * c:/Program Files (x86)/Steam/steamapps/common/Amnesia The Bunker/maps/main_menu/main_menu.hpm_Terrain
    * c:/Program Files (x86)/Steam/steamapps/common/Amnesia The Bunker/maps/main_menu/main_menu.hps
    * c:/Program Files (x86)/Steam/steamapps/common/Amnesia The Bunker/maps/main_menu/main_menu.map_cache
    * c:/Program Files (x86)/Steam/steamapps/common/Amnesia The Bunker/maps/main_menu/main_menu.preload_cache
    * c:/Program Files (x86)/Steam/steamapps/common/Amnesia The Bunker/script/custom/agents/agent_stalker.hps
    * c:/Program Files (x86)/Steam/steamapps/common/Amnesia The Bunker/script/custom/helpers/helper_gun.hps
    * c:/Program Files (x86)/Steam/steamapps/common/Amnesia The Bunker/script/custom/helpers/helper_imgui_options.hps
    * c:/Program Files (x86)/Steam/steamapps/common/Amnesia The Bunker/script/custom/helpers/helper_player_custom.hps
    * c:/Program Files (x86)/Steam/steamapps/common/Amnesia The Bunker/script/custom/modules/FontHandler.hps
    * c:/Program Files (x86)/Steam/steamapps/common/Amnesia The Bunker/script/custom/modules/ItemHandler.hps
    * c:/Program Files (x86)/Steam/steamapps/common/Amnesia The Bunker/script/custom/modules/MenuHandler.hps
    * c:/Program Files (x86)/Steam/steamapps/common/Amnesia The Bunker/script/custom/modules/PlayerBodyHandler_Custom.hps
    * c:/Program Files (x86)/Steam/steamapps/common/Amnesia The Bunker/script/custom/player/ItemCallbacks.hps
    * c:/Program Files (x86)/Steam/steamapps/common/Amnesia The Bunker/script/custom/player/MoveState_Normal_Custom.hps
    * c:/Program Files (x86)/Steam/steamapps/common/Amnesia The Bunker/script/custom/player/Player_Custom.hps
    * c:/Program Files (x86)/Steam/steamapps/common/Amnesia The Bunker/script/custom/player/PlayerState_Normal_Custom.hps
    * c:/Program Files (x86)/Steam/steamapps/common/Amnesia The Bunker/script/custom/player/PlayerState_Slide.hps
    * c:/Program Files (x86)/Steam/steamapps/common/Amnesia The Bunker/script/custom/player/PlayerState_UsingGun_Reload.hps
    * c:/Program Files (x86)/Steam/steamapps/common/Amnesia The Bunker/script/custom/player/PlayerState_UsingLantern.hps
    * c:/Program Files (x86)/Steam/steamapps/common/Amnesia The Bunker/script/custom/player/PlayerState_UsingWeapon_Aim_Base.hps
    * c:/Program Files (x86)/Steam/steamapps/common/Amnesia The Bunker/script/custom/player/PlayerState_UsingWeapon_Reload_Base.hps
    * c:/Program Files (x86)/Steam/steamapps/common/Amnesia The Bunker/script/custom/player/PlayerTypes_Custom.hps
    * c:/Program Files (x86)/Steam/steamapps/common/Amnesia The Bunker/script/player/MoveState_Normal.hps
    * c:/Program Files (x86)/Steam/steamapps/common/Amnesia The Bunker/entities/arabic_fort/rope/ab_interior_tileable_rope_01.dds
    * c:/Program Files (x86)/Steam/steamapps/common/Amnesia The Bunker/sounds/monke_UI.fsb
    * c:/Program Files (x86)/Steam/steamapps/common/Amnesia The Bunker/sounds/monke_amb.fsb
    * c:/Program Files (x86)/Steam/steamapps/common/Amnesia The Bunker/sounds/monke_bank01.fsb
    * c:/Program Files (x86)/Steam/steamapps/common/Amnesia The Bunker/sounds/monke_player.fsb
    * c:/Program Files (x86)/Steam/steamapps/common/Amnesia The Bunker/sounds/monke.fev
    * c:/Program Files (x86)/Steam/steamapps/common/Amnesia The Bunker/particles/refractions/darkworld_portal_distortions02.dds
    * c:/Program Files (x86)/Steam/steamapps/common/Amnesia The Bunker/particles/refractions/darkworld_portal_distortions_diff.dds
    * c:/Program Files (x86)/Steam/steamapps/common/Amnesia The Bunker/particles/refractions/darkworld_portal_distortions.mat
    * c:/Program Files (x86)/Steam/steamapps/common/Amnesia The Bunker/particles/refractions/milk_machine_opening.ps
    * c:/Program Files (x86)/Steam/steamapps/common/Amnesia The Bunker/particles/refractions/refraction_darkworld_portal.ps
    * c:/Program Files (x86)/Steam/steamapps/common/Amnesia The Bunker/particles/refractions/refraction_darkworld.ps
    * c:/Program Files (x86)/Steam/steamapps/common/Amnesia The Bunker/particles/refractions/refraction_dream.ps
    * c:/Program Files (x86)/Steam/steamapps/common/Amnesia The Bunker/particles/refractions/rift_open.ps
    * c:/Program Files (x86)/Steam/steamapps/common/Amnesia The Bunker/particles/refractions/rift_opening.ps
    * c:/Program Files (x86)/Steam/steamapps/common/Amnesia The Bunker/fonts/sansation_large_0.dds
    * c:/Program Files (x86)/Steam/steamapps/common/Amnesia The Bunker/fonts/sansation_large_additive_0.dds
    * c:/Program Files (x86)/Steam/steamapps/common/Amnesia The Bunker/fonts/sansation_large_additive.fnt
    * c:/Program Files (x86)/Steam/steamapps/common/Amnesia The Bunker/fonts/sansation_large_bold_0.dds
    * c:/Program Files (x86)/Steam/steamapps/common/Amnesia The Bunker/fonts/sansation_large_bold.fnt
    * c:/Program Files (x86)/Steam/steamapps/common/Amnesia The Bunker/fonts/sansation_large.fnt
    * c:/Program Files (x86)/Steam/steamapps/common/Amnesia The Bunker/fonts/sansation_medium_bold.fnt
    * c:/Program Files (x86)/Steam/steamapps/common/Amnesia The Bunker/fonts/sansation_medium.fnt
    * c:/Program Files (x86)/Steam/steamapps/common/Amnesia The Bunker/fonts/sansation_small_0.dds
    * c:/Program Files (x86)/Steam/steamapps/common/Amnesia The Bunker/fonts/sansation_small.fnt
    * c:/Program Files (x86)/Steam/steamapps/common/Amnesia The Bunker/fonts/sansation_xlarge_0.dds
    * c:/Program Files (x86)/Steam/steamapps/common/Amnesia The Bunker/fonts/sansation_xlarge_bold_0.dds
    * c:/Program Files (x86)/Steam/steamapps/common/Amnesia The Bunker/fonts/sansation_xlarge_bold.fnt
    * c:/Program Files (x86)/Steam/steamapps/common/Amnesia The Bunker/fonts/sansation_xlarge.fnt
WARNING: No resources element found in 'c:/Program Files (x86)/Steam/steamapps/common/Amnesia The Bunker/mods/BunkersEdge/config/lang/base_english.lang'
WARNING: No resources element found in 'c:/Program Files (x86)/Steam/steamapps/common/Amnesia The Bunker/mods/BunkersEdge/config/lang/english.lang'
WARNING: No resources element found in 'config/lang_main/english.lang'
WARNING: No resources element found in 'config/base_english.lang'
  Destroyed resource 'work_56.fnt'
  Destroyed resource 'orbitron_72.fnt'
  Destroyed resource 'lampglow_cone01_hard_softbillboard.mat'
  Destroyed resource '/textures/liquid/water/waterplane_oasis.mat'
  Destroyed resource '/textures/liquid/water/waterplane_underwater.mat'
  Destroyed resource 'mods/bunkersedge/entities/signs/sign_dead_room/sign_dead_room.mat'
  Destroyed resource 'mods/bunkersedge/entities/signs/sign_time_room/sign_time_room.mat'
  Destroyed resource 'mods/bunkersedge/entities/signs/sign_sitting_room/sign_sitting_room.mat'
  Destroyed resource 'entities/bunker/organic/corpse_sheet/corpse_sheet.mat'
  Destroyed resource 'entities/bunker/organic/corpse_sheet/webb_head.mat'
  Destroyed resource 'corpse_sheet.msh'
  Destroyed resource 'entities/station/furniture/bedsheet_old/bedsheet_tau.mat'
  Destroyed resource 'bedsheet_old_corpse_long.msh'
  Destroyed resource 'entities/station/organic/corpse_omicron/corpse_omicron_female.mat'
  Destroyed resource 'corpse_omicron_female_lying_down.msh'
  Destroyed resource 'entities/roman/ornament/statue_mercury/statue_mercury.mat'
  Destroyed resource 'statue_mercury.msh'
  Destroyed resource 'entities/roman/ornament/statue_thermae/statue_thermae.mat'
  Destroyed resource 'statue_thermae.msh'
  Destroyed resource 'e:/projects_abp33/project_anubis/statue_atlas/_submission/2019_11_14_texture/statue_atlas/statue_atlas.mat'
  Destroyed resource 'statue_atlas.msh'
  Destroyed resource 'corpse_03.msh'
  Destroyed resource 'entities/character/stalker/stalker_body/monster_body.mat'
  Destroyed resource 'corpse_clothes.msh'
  Destroyed resource 'mods/bunkersedge/entities/signs/sign_debug_room/sign_debug_room.mat'
  Destroyed resource 'entities/bunker/ornaments/sign_explosives/sign_explosives.mat'
  Destroyed resource 'sign_explosives01.msh'
  Destroyed resource 'entities/bunker/ornaments/sign_02/chain_eyelet.mat'
  Destroyed resource 'entities/bunker/ornaments/sign_02/sign_02_plate.mat'
  Destroyed resource 'entities/bunker/ornaments/sign_02/door_chain.mat'
  Destroyed resource 'sign_02_hanging.msh'
  Destroyed resource 'mods/bunkersedge/entities/station/furniture/table_lab/table_lab.mat'
  Destroyed resource 'table_lab_large.msh'
  Destroyed resource 'entities/tribal/ornaments/stick_pilgrim/stick_pilgrim.mat'
  Destroyed resource 'stick_pilgrim.msh'
  Destroyed resource 'entities/bunker/furniture/painting_stand/french_desk_wooden.mat'
  Destroyed resource 'painting_stand.msh'
  Destroyed resource 'playing_cards_deck.msh'
  Destroyed resource 'playing_cards_k.msh'
  Destroyed resource 'playing_cards_8.msh'
  Destroyed resource 'playing_cards_3.msh'
  Destroyed resource 'entities/bunker/ornaments/playing_cards/playing_cards.mat'
  Destroyed resource 'playing_cards_2.msh'
  Destroyed resource '../../../projects-abp28/project_anubis/gramophone_airplane/_submission/gramophone_airplane/gramophone_airplane.mat'
  Destroyed resource 'gramophone_airplane.msh'
  Destroyed resource 'entities/roman/ornament/roman_statue_aristocrat/roman_statue_aristocrat.mat'
  Destroyed resource 'roman_statue_aristocrat.msh'
  Destroyed resource 'medkit.msh'
  Destroyed resource 'bandage_tin.msh'
  Destroyed resource 'gas_mask_m2.msh'
  Destroyed resource 'fuel_cannister.msh'
  Destroyed resource 'molotov_cocktail_bottle_empty_hand.msh'
  Destroyed resource 'rag.msh'
  Destroyed resource 'revolver_bunker.msh'
  Destroyed resource 'ammo_shotgun_box.msh'
  Destroyed resource 'magnetlampe.msh'
  Destroyed resource 'torch_stick.msh'
  Destroyed resource 'torch_with_flame_strips.msh'
  Destroyed resource 'torch_with_rag.msh'
  Destroyed resource 'stopwatch.msh'
  Destroyed resource 'grenade_frag.msh'
  Destroyed resource 'gas_grenade.msh'
  Destroyed resource 'cutter_model.msh'
  Destroyed resource 'ratchet_spanner_hand.msh'
  Destroyed resource 'wrench_temp.msh'
  Destroyed resource 'gas_mask_hand.msh'
  Destroyed resource 'flare.msh'
  Destroyed resource 'flare.msh'
  Destroyed resource 'lighter.msh'
  Destroyed resource 'medkit_pickup.msh'
  Destroyed resource 'dynamite_stick.msh'
  Destroyed resource 'dynamite_bundle.msh'
  Destroyed resource 'meat_chunk_01.msh'
  Destroyed resource 'lockdown_wheel_rig.msh'
  Destroyed resource 'detonator_handle_rig.msh'
  Destroyed resource 'doll_rabbit_rig.msh'
  Destroyed resource 'metal_door_key_communications.msh'
  Destroyed resource 'metal_door_key_pillbox.msh'
  Destroyed resource 'fuse.msh'
  Destroyed resource 'block_box.msh'
  Destroyed resource 'dogtag_auclair_3397_withstring.msh'
  Destroyed resource 'dogtag_bardin_1889_withstring.msh'
  Destroyed resource 'dogtag_boucher_1923_withstring.msh'
  Destroyed resource 'dogtag_fortin_7750_withstring.msh'
  Destroyed resource 'dogtag_travers_8583_withstring.msh'
  Destroyed resource 'dogtag_laval_0269_withstring.msh'
  Destroyed resource 'dogtag_giraud_1734_withstring.msh'
  Destroyed resource 'dogtag_alphonse_withstring.msh'
  Destroyed resource 'dogtag_brillant_withstring.msh'
  Destroyed resource 'dogtag_chopin_withstring.msh'
  Destroyed resource 'dogtag_courcy_withstring.msh'
  Destroyed resource 'dogtag_dehay_withstring.msh'
  Destroyed resource 'dogtag_dosier_withstring.msh'
  Destroyed resource 'dogtag_granat_withstring.msh'
  Destroyed resource 'dogtag_lebert_withstring.msh'
  Destroyed resource 'prison_furniture_stool_broken.msh'
  Destroyed resource 'shelf_wood_broken.msh'
  Destroyed resource 'crate_simple_02_broken.msh'
  Destroyed resource 'molotov_wine_broken.msh'
  Destroyed resource 'molotov_wine_empty.msh'
  Destroyed resource 'grenade.msh'
  Destroyed resource 'gas_grenade_pickup.msh'
  Destroyed resource 'flare_thrown.msh'
  Destroyed resource 'block_out_box.msh'
  Destroyed resource 'bandage_and_roll.msh'
  Destroyed resource 'medkit_no_bandage.msh'
  Destroyed resource 'molotov_cocktail_bottle.msh'
  Destroyed resource 'c:/Program Files (x86)/Steam/steamapps/common/Amnesia The Bunker/entities/bunker/gameplay/molotov_cocktail/animations/bottle_molotov_focus_idle.anm'
  Destroyed resource 'c:/Program Files (x86)/Steam/steamapps/common/Amnesia The Bunker/entities/bunker/gameplay/bandage/animations/medkit_usage_bandage.anm'
  Destroyed resource 'c:/Program Files (x86)/Steam/steamapps/common/Amnesia The Bunker/entities/bunker/gameplay/bandage/animations/bandage_application_bandage.anm'
  Destroyed resource 'c:/Program Files (x86)/Steam/steamapps/common/Amnesia The Bunker/entities/bunker/gameplay/medkit/animations/medkit_usage_medkit.anm'
  Destroyed resource 'c:/Program Files (x86)/Steam/steamapps/common/Amnesia The Bunker/entities/bunker/gameplay/medkit/animations/medkit_usage.anm'
  Destroyed resource 'player_damage_screen.mat'
  Destroyed resource 'player_damage_screen_minor.mat'
  Destroyed resource 'player_damage_screen_major.mat'
  Destroyed resource 'vignette_screen.mat'
  Destroyed resource 'vignette_screen_strong.mat'
  Destroyed resource 'vignette_screen_strongest.mat'
  Destroyed resource 'gasmask_screen.mat'
  Destroyed resource 'player_health_screen.mat'
  Destroyed resource 'entities/dynamic_decals/blood_trail/blood_trail.mat'
  Destroyed resource 'entities/bunker/gameplay/medkit/bottle_meds.mat'
  Destroyed resource 'entities/bunker/gameplay/medkit/medkit.mat'
  Destroyed resource 'entities/bunker/gameplay/gas_mask_m2/gas_mask_m2.mat'
  Destroyed resource 'entities/bunker/gameplay/gas_mask_m2/gas_mask_glass.mat'
  Destroyed resource 'entities/bunker/gameplay/molotov_cocktail/molotov_wine_empty.mat'
  Destroyed resource 'entities/bunker/gameplay/molotov_cocktail/molotov_rag_diffuse.mat'
  Destroyed resource 'd:/svn repositories/bunker/redist/textures/decals/nonexclusive/blob_shadow.mat'
  Destroyed resource 'entities/bunker/gameplay/rag/molotov_rag.mat'
  Destroyed resource 'entities/bunker/gameplay/revolver/revolver_bunker.mat'
  Destroyed resource 'entities/bunker/gameplay/ammo_shotgun/ammo_shotgun.mat'
  Destroyed resource 'd:/work/bunker/redist/entities/bunker/gameplay/magnetlampe/spinning_element.mat'
  Destroyed resource 'd:/work/bunker/redist/entities/bunker/gameplay/magnetlampe/spinning_blur.mat'
  Destroyed resource 'd:/work/bunker/redist/billboards/halo/lampglow_cone01_hard_color.mat'
  Destroyed resource 'd:/work/bunker/redist/billboards/halo/lampglow_cone02.mat'
  Destroyed resource 'd:/bunker/redist/billboards/halo/lampglow_cone01_hard_noise.mat'
  Destroyed resource 'entities/bunker/gameplay/magnetlampe/magnetlampe_steel_tiling.mat'
  Destroyed resource 'entities/bunker/gameplay/magnetlampe/magnetlampe.mat'
  Destroyed resource 'entities/bunker/gameplay/torch_stick/torch_stick.mat'
  Destroyed resource 'd:/work/studio/frictional games/amnesia2/trunk/redist/lights/lensflare/multi_iris_simple.mat'
  Destroyed resource 'billboards/special/torch_flame/torch_flame_sway_29fps.mat'
  Destroyed resource 'billboards/special/torch_flame/torch_flame_sway_32fps.mat'
  Destroyed resource 'entities/bunker/gameplay/torch_stick/torch_stick_rag_lit.mat'
  Destroyed resource 'entities/bunker/gameplay/torch_stick/torch_flame.mat'
  Destroyed resource 'entities/bunker/gameplay/stopwatch/stopwatch.mat'
  Destroyed resource 'entities/bunker/gameplay/grenade/grenade_of1.mat'
  Destroyed resource 'entities/bunker/gameplay/gas_grenade/gas_grenade.mat'
  Destroyed resource 'entities/bunker/gameplay/ratchet_spanner/ratchet_spanner.mat'
  Destroyed resource 'entities/bunker/gameplay/wrench/simple_grey.mat'
  Destroyed resource 'entities/bunker/gameplay/flare/flare.mat'
  Destroyed resource 'c:/users/aaron/documents/work/amnesia2/trunk/redist/billboards/special/matchflame/matchflame_large/matchflame_large.mat'
  Destroyed resource 'c:/users/aaron/documents/work/bunker/redist/billboards/halo/lampglow_large_no_depth.mat'
  Destroyed resource 'entities/bunker/gameplay/lighter/lighter.mat'
  Destroyed resource '../../../../../gameplay props - dynamite_stick/_submit/dynamite_stick/characters/dynamite_stick/dynamite_stick.mat'
  Destroyed resource '../../../../../dynamite_bundle/xtraa/dynamite_bundle/characters/dynamite_bundle/dynamite_bundle.mat'
  Destroyed resource 'entities/bunker/gameplay/meat_chunks/meat_chunks.mat'
  Destroyed resource 'entities/bunker/gameplay/lockdown_wheel/lockdown_wheel.mat'
  Destroyed resource 'entities/bunker/gameplay/detonator/detonator.mat'
  Destroyed resource 'entities/bunker/gameplay/metal_door_lock/metal_door_lock.mat'
  Destroyed resource 'entities/bunker/gameplay/fuse/fuse.mat'
  Destroyed resource 'entities/technical/block_box/block_box.mat'
  Destroyed resource 'entities/bunker/gameplay/dogtag/dogtag.mat'
  Destroyed resource 'entities/bunker/gameplay/dogtag/dogtag_string.mat'
  Destroyed resource 'entities/bunker/gameplay/dogtag/dogtag_string_shadow.mat'
  Destroyed resource 'entities/bunker/gameplay/dogtag/dogtag_alphabet.mat'
  Destroyed resource 'textures/decals/bunker/bullet_holes/bullet_holes_bunkerwall_decal.mat'
  Destroyed resource 'entities/bunker/storage/crate_simple_02/debris_splinters02.mat'
  Destroyed resource 'water_splash_screen.mat'
  Destroyed resource 'water_drip_screen.mat'
  Destroyed resource 'D:/SVN Repositories/Bunker/redist/billboards/halo/lampglow_large_soft.mat'
  Destroyed resource 'textures/decals/bunker/fuel_splash/fuel_splash_decal.mat'
  Destroyed resource 'general_seeinggrunt_001_player_001.anno'
  Destroyed resource 'general_seeinggrunt_002_grunt_001.anno'
  Destroyed resource 'general_question_1_001_player_001.anno'
  Destroyed resource 'general_question_1_002_grunt_001.anno'
  Destroyed resource 'general_question_2_001_player_001.anno'
  Destroyed resource 'general_question_2_002_grunt_001.anno'
  Destroyed resource 'general_question_3_001_player_001.anno'
  Destroyed resource 'general_question_3_002_player_001.anno'
  Destroyed resource 'general_question_4_001_player_001.anno'
  Destroyed resource 'general_question_4_002_grunt_001.anno'
  Destroyed resource 'general_question_5_001_player_001.anno'
  Destroyed resource 'general_question_5_002_grunt_001.anno'
  Destroyed resource 'general_question_6_001_player_001.anno'
  Destroyed resource 'general_question_6_002_grunt_001.anno'
  Destroyed resource 'general_question_7_001_player_001.anno'
  Destroyed resource 'general_question_7_002_grunt_001.anno'
  Destroyed resource 'general_question_7_003_player_001.anno'
  Destroyed resource 'general_question_8_001_player_001.anno'
  Destroyed resource 'general_question_8_002_grunt_001.anno'
  Destroyed resource 'general_question_9_001_player_001.anno'
  Destroyed resource 'general_question_9_002_grunt_001.anno'
  Destroyed resource 'general_question_10_001_player_001.anno'
  Destroyed resource 'general_question_10_002_grunt_001.anno'
  Destroyed resource 'general_question_11_001_player_001.anno'
  Destroyed resource 'general_question_11_002_grunt_001.anno'
  Destroyed resource 'general_sitonyou_001_grunt_001.anno'
  Destroyed resource 'general_sitonyou_002_player_001.anno'
  Destroyed resource 'general_sitonyou_003_grunt_001.anno'
  Destroyed resource 'general_sitonyou_004_player_001.anno'
 eLuxUpdateableMessage_DestroyScriptCreatedData: 0ms
 DestroyAllClassObjects: 0ms
Loading keybinds - file version:47
[WallSlide diag2] STATE Init: collision slide diagnostics loaded
[PorkHandler] Init completed.
 eLuxUpdateableMessage_LoadScript: 5ms
 Reset: 1ms
 DestroyUnusedData: 0ms
  eUpdateableMessage_Reset: 2ms
  pGlobalScript: 0ms
 -------- Reloading map 'ending.hpm' ---------
  Destroyed resource 'C:/Program Files (x86)/Steam/steamapps/common/Amnesia The Bunker/billboards/halo/lampglow_generic_square.mat'
  Destroyed resource 'C:/Program Files (x86)/Steam/steamapps/common/Amnesia The Bunker/billboards/halo/lampglow_generic.mat'
  Loaded resource c:/Program Files (x86)/Steam/steamapps/common/Amnesia The Bunker/billboards/halo/lampglow_generic_square.mat in 0 ms
  Loaded resource c:/Program Files (x86)/Steam/steamapps/common/Amnesia The Bunker/billboards/halo/lampglow_generic.mat in 0 ms
   Billboard: 0 ms
   ExposureArea: 0 ms
   FogArea: 0 ms
   Light: 2 ms
   LightMask: 0 ms
   ParticleSystem: 0 ms
   Sound: 0 ms
   LensFlare: 0 ms
    Loaded resource c:/Program Files (x86)/Steam/steamapps/common/Amnesia The Bunker/entities/bunker/gameplay/door_chain/chain_eyelet.mat in 0 ms
    Loaded resource c:/Program Files (x86)/Steam/steamapps/common/Amnesia The Bunker/entities/bunker/ornaments/sign_02/sign_02_plate.mat in 0 ms
    Loaded resource c:/Program Files (x86)/Steam/steamapps/common/Amnesia The Bunker/entities/bunker/gameplay/door_chain/door_chain.mat in 0 ms
  Loaded resource c:/Program Files (x86)/Steam/steamapps/common/Amnesia The Bunker/entities/bunker/ornaments/sign_02/sign_02_hanging.dae in 1 ms
ERROR: Could not load physics material 'Metal' for body 'Body_1' in entity clock_community_room_1! Using 'Default'
ERROR: Could not load physics material 'Metal' for body 'pendulumbody' in entity clock_community_room_1! Using 'Default'
    Loaded resource c:/Program Files (x86)/Steam/steamapps/common/Amnesia The Bunker/entities/bunker/ornaments/sign_explosives/sign_explosives.mat in 0 ms
  Loaded resource c:/Program Files (x86)/Steam/steamapps/common/Amnesia The Bunker/entities/bunker/ornaments/sign_explosives/sign_explosives01.dae in 0 ms
  Loaded resource c:/Program Files (x86)/Steam/steamapps/common/Amnesia The Bunker/mods/BunkersEdge/entities/signs/sign_dead_room/sign_dead_room.mat in 0 ms
  Loaded resource c:/Program Files (x86)/Steam/steamapps/common/Amnesia The Bunker/mods/BunkersEdge/entities/signs/sign_time_room/sign_time_room.mat in 0 ms
  Loaded resource c:/Program Files (x86)/Steam/steamapps/common/Amnesia The Bunker/mods/BunkersEdge/entities/signs/sign_sitting_room/sign_sitting_room.mat in 0 ms
    Loaded resource c:/Program Files (x86)/Steam/steamapps/common/Amnesia The Bunker/entities/character/stalker/stalker_body/monster_body.mat in 0 ms
  Loaded resource c:/Program Files (x86)/Steam/steamapps/common/Amnesia The Bunker/entities/bunker/organic/corpse_bits/corpse_clothes.dae in 0 ms
    Loaded resource c:/Program Files (x86)/Steam/steamapps/common/Amnesia The Bunker/entities/bunker/organic/corpse_sheet/corpse_sheet.mat in 0 ms
    Loaded resource c:/Program Files (x86)/Steam/steamapps/common/Amnesia The Bunker/entities/french_colonization/organic/webb_head/webb_head.mat in 0 ms
  Loaded resource c:/Program Files (x86)/Steam/steamapps/common/Amnesia The Bunker/entities/bunker/organic/corpse_sheet/corpse_sheet.dae in 1 ms
    Loaded resource c:/Program Files (x86)/Steam/steamapps/common/Amnesia The Bunker/mods/BunkersEdge/entities/station/furniture/bedsheet_old/bedsheet_tau.mat in 0 ms
  Loaded resource c:/Program Files (x86)/Steam/steamapps/common/Amnesia The Bunker/mods/BunkersEdge/entities/station/furniture/bedsheet_old/bedsheet_old_corpse_long.dae in 1 ms
    Loaded resource c:/Program Files (x86)/Steam/steamapps/common/Amnesia The Bunker/mods/BunkersEdge/entities/station/organic/corpse_omicron/Corpse_Omicron_Female.mat in 0 ms
  Loaded resource c:/Program Files (x86)/Steam/steamapps/common/Amnesia The Bunker/mods/BunkersEdge/entities/station/organic/corpse_omicron/corpse_omicron_female_lying_down.dae in 0 ms
    Loaded resource c:/Program Files (x86)/Steam/steamapps/common/Amnesia The Bunker/entities/roman/ornament/statue_mercury/statue_mercury.mat in 0 ms
  Loaded resource c:/Program Files (x86)/Steam/steamapps/common/Amnesia The Bunker/entities/roman/ornament/statue_mercury/statue_mercury.dae in 1 ms
    Loaded resource c:/Program Files (x86)/Steam/steamapps/common/Amnesia The Bunker/entities/roman/ornament/statue_thermae/statue_thermae.mat in 0 ms
  Loaded resource c:/Program Files (x86)/Steam/steamapps/common/Amnesia The Bunker/entities/roman/ornament/statue_thermae/statue_thermae.dae in 1 ms
    Loaded resource c:/Program Files (x86)/Steam/steamapps/common/Amnesia The Bunker/entities/roman/ornament/statue_atlas/statue_atlas.mat in 0 ms
  Loaded resource c:/Program Files (x86)/Steam/steamapps/common/Amnesia The Bunker/entities/roman/ornament/statue_atlas/statue_atlas.dae in 0 ms
  Loaded resource c:/Program Files (x86)/Steam/steamapps/common/Amnesia The Bunker/entities/bunker/organic/corpse_soldier_03/corpse_03.fbx in 1 ms
  Loaded resource c:/Program Files (x86)/Steam/steamapps/common/Amnesia The Bunker/mods/BunkersEdge/entities/signs/sign_debug_room/sign_debug_room.mat in 0 ms
    Loaded resource c:/Program Files (x86)/Steam/steamapps/common/Amnesia The Bunker/mods/BunkersEdge/entities/station/furniture/table_lab/table_lab.mat in 0 ms
  Loaded resource c:/Program Files (x86)/Steam/steamapps/common/Amnesia The Bunker/mods/BunkersEdge/entities/station/furniture/table_lab/table_lab_large.dae in 0 ms
ERROR: Could not load physics material 'Metal Hollow' for body 'Body_1' in entity table_lab_large_1! Using 'Default'
ERROR: Could not load physics material 'toy_drum' for body 'Body_1' in entity music_instrument_drum_1! Using 'Default'
ERROR: Could not load physics material 'toy_drum' for body 'Body_1' in entity music_instrument_drum_2! Using 'Default'
ERROR: Could not load physics material 'Wood String Instrument' for body 'Body_1' in entity music_instrument_string_1! Using 'Default'
    Loaded resource c:/Program Files (x86)/Steam/steamapps/common/Amnesia The Bunker/entities/tribal/ornaments/stick_pilgrim/stick_pilgrim.mat in 0 ms
  Loaded resource c:/Program Files (x86)/Steam/steamapps/common/Amnesia The Bunker/entities/tribal/ornaments/stick_pilgrim/stick_pilgrim.dae in 0 ms
    Loaded resource c:/Program Files (x86)/Steam/steamapps/common/Amnesia The Bunker/entities/french_colonization/furniture/french_desk_wooden/french_desk_wooden.mat in 0 ms
  Loaded resource c:/Program Files (x86)/Steam/steamapps/common/Amnesia The Bunker/entities/bunker/furniture/painting_stand/painting_stand.dae in 0 ms
  Loaded resource c:/Program Files (x86)/Steam/steamapps/common/Amnesia The Bunker/entities/french_colonization/prison/prison_furniture_stool/prison_furniture_stool_broken.dae in 1 ms
ERROR: Could not load physics material 'Metal Bucket' for body 'Body_1' in entity bucket_2! Using 'Default'
ERROR: Could not load physics material 'Silent' for body 'Body_2' in entity bucket_2! Using 'Default'
  Loaded resource c:/Program Files (x86)/Steam/steamapps/common/Amnesia The Bunker/entities/bunker/storage/shelf_wood/shelf_wood_broken.dae in 0 ms
ERROR: Could not load physics material 'Book Hard Cover' for body 'Body_1' in entity ross_book_jung_1! Using 'Default'
    Loaded resource c:/Program Files (x86)/Steam/steamapps/common/Amnesia The Bunker/textures/decals/bunker/debris_splinters/debris_splinters02.mat in 0 ms
  Loaded resource c:/Program Files (x86)/Steam/steamapps/common/Amnesia The Bunker/entities/bunker/storage/crate_simple_02/crate_simple_02_broken.dae in 1 ms
    Loaded resource c:/Program Files (x86)/Steam/steamapps/common/Amnesia The Bunker/entities/bunker/ornaments/playing_cards/playing_cards.mat in 0 ms
  Loaded resource c:/Program Files (x86)/Steam/steamapps/common/Amnesia The Bunker/entities/bunker/ornaments/playing_cards/playing_cards_deck.dae in 0 ms
  Loaded resource c:/Program Files (x86)/Steam/steamapps/common/Amnesia The Bunker/entities/bunker/ornaments/playing_cards/playing_cards_k.dae in 0 ms
  Loaded resource c:/Program Files (x86)/Steam/steamapps/common/Amnesia The Bunker/entities/bunker/ornaments/playing_cards/playing_cards_8.dae in 1 ms
  Loaded resource c:/Program Files (x86)/Steam/steamapps/common/Amnesia The Bunker/entities/bunker/ornaments/playing_cards/playing_cards_2.dae in 0 ms
  Loaded resource c:/Program Files (x86)/Steam/steamapps/common/Amnesia The Bunker/entities/bunker/ornaments/playing_cards/playing_cards_3.dae in 0 ms
  Loaded resource c:/Program Files (x86)/Steam/steamapps/common/Amnesia The Bunker/entities/bunker/gameplay/molotov_cocktail/molotov_wine_broken.dae in 0 ms
ERROR: Could not load physics material 'Metal Food Tin Can Full' for body 'Body_1' in entity food_can_ration_1! Using 'Default'
    Loaded resource c:/Program Files (x86)/Steam/steamapps/common/Amnesia The Bunker/entities/survivors/ornaments/gramophone_airplane/gramophone_airplane.mat in 1 ms
  Loaded resource c:/Program Files (x86)/Steam/steamapps/common/Amnesia The Bunker/entities/survivors/ornaments/gramophone_airplane/gramophone_airplane.DAE in 1 ms
ERROR: Could not load physics material 'Metal Robust' for body 'Body_1' in entity DebugDoor! Using 'Default'
ERROR: Could not load physics material 'Metal Robust' for body 'door_body' in entity DebugDoor! Using 'Default'
  Loaded resource c:/Program Files (x86)/Steam/steamapps/common/Amnesia The Bunker/billboards/halo/lampglow_cone01_hard_softbillboard.mat in 1 ms
    Loaded resource c:/Program Files (x86)/Steam/steamapps/common/Amnesia The Bunker/entities/roman/ornament/roman_statue_aristocrat/roman_statue_aristocrat.mat in 0 ms
  Loaded resource c:/Program Files (x86)/Steam/steamapps/common/Amnesia The Bunker/entities/roman/ornament/roman_statue_aristocrat/roman_statue_aristocrat.dae in 1 ms
   Entities: 35 ms
  Loaded resource c:/Program Files (x86)/Steam/steamapps/common/Amnesia The Bunker/textures/liquid/water/waterplane_oasis.mat in 0 ms
  Loaded resource c:/Program Files (x86)/Steam/steamapps/common/Amnesia The Bunker/textures/liquid/water/waterplane_underwater.mat in 0 ms
  Loaded resource c:/Program Files (x86)/Steam/steamapps/common/Amnesia The Bunker/textures/screeneffects/water_splash_screen.mat in 0 ms
  Loaded resource c:/Program Files (x86)/Steam/steamapps/common/Amnesia The Bunker/textures/screeneffects/water_drip_screen.mat in 0 ms
   Areas: 2 ms
    Loading and Merging Decals Entities: 0 ms
  Entities: 39 ms
  Compilation: 0 ms
  Total: 43 ms
  Meshes created: 0
  Bodies created: 0
 -------- Reloading complete ---------
  Loaded resource c:/Program Files (x86)/Steam/steamapps/common/Amnesia The Bunker/textures/screeneffects/player_damage_screen.mat in 0 ms
WARNING: Loaded resource 'player_damage_screen.mat' while the map was running.
  Loaded resource c:/Program Files (x86)/Steam/steamapps/common/Amnesia The Bunker/textures/screeneffects/player_damage_screen_minor.mat in 0 ms
WARNING: Loaded resource 'player_damage_screen_minor.mat' while the map was running.
  Loaded resource c:/Program Files (x86)/Steam/steamapps/common/Amnesia The Bunker/textures/screeneffects/player_damage_screen_major.mat in 0 ms
WARNING: Loaded resource 'player_damage_screen_major.mat' while the map was running.
  Loaded resource c:/Program Files (x86)/Steam/steamapps/common/Amnesia The Bunker/textures/screeneffects/vignette_screen.mat in 1 ms
WARNING: Loaded resource 'vignette_screen.mat' while the map was running.
  Loaded resource c:/Program Files (x86)/Steam/steamapps/common/Amnesia The Bunker/textures/screeneffects/vignette_screen_strong.mat in 0 ms
WARNING: Loaded resource 'vignette_screen_strong.mat' while the map was running.
  Loaded resource c:/Program Files (x86)/Steam/steamapps/common/Amnesia The Bunker/textures/screeneffects/vignette_screen_strongest.mat in 0 ms
WARNING: Loaded resource 'vignette_screen_strongest.mat' while the map was running.
  Loaded resource c:/Program Files (x86)/Steam/steamapps/common/Amnesia The Bunker/textures/screeneffects/gasmask_screen.mat in 0 ms
WARNING: Loaded resource 'gasmask_screen.mat' while the map was running.
ERROR: Texture 'c:/Program Files (x86)/Steam/steamapps/common/Amnesia The Bunker/textures/screeneffects/red_overlay.dds' for material 'player_health_screen.mat' lacks MipMaps
  Loaded resource c:/Program Files (x86)/Steam/steamapps/common/Amnesia The Bunker/textures/screeneffects/player_health_screen.mat in 0 ms
WARNING: Loaded resource 'player_health_screen.mat' while the map was running.
  Loaded resource c:/Program Files (x86)/Steam/steamapps/common/Amnesia The Bunker/static_objects/technical/block_out_tools/block_out_box.dae in 0 ms
WARNING: Loaded resource 'block_out_box.dae' while the map was running.
  Loaded resource c:/Program Files (x86)/Steam/steamapps/common/Amnesia The Bunker/entities/dynamic_decals/blood_trail/blood_trail.mat in 0 ms
WARNING: Loaded resource 'entities/dynamic_decals/blood_trail/blood_trail.mat' while the map was running.
    Loaded resource c:/Program Files (x86)/Steam/steamapps/common/Amnesia The Bunker/entities/bunker/gameplay/bottle_meds/bottle_meds.mat in 0 ms
WARNING: Loaded resource 'entities/bunker/gameplay/medkit/bottle_meds.mat' while the map was running.
    Loaded resource c:/Program Files (x86)/Steam/steamapps/common/Amnesia The Bunker/entities/bunker/gameplay/medkit/medkit.mat in 0 ms
WARNING: Loaded resource 'entities/bunker/gameplay/medkit/medkit.mat' while the map was running.
  Loaded resource c:/Program Files (x86)/Steam/steamapps/common/Amnesia The Bunker/entities/bunker/gameplay/medkit/medkit.fbx in 1 ms
WARNING: Loaded resource 'medkit.fbx' while the map was running.
  Loaded resource c:/Program Files (x86)/Steam/steamapps/common/Amnesia The Bunker/entities/bunker/gameplay/bandage/bandage_tin.fbx in 0 ms
WARNING: Loaded resource 'bandage_tin.fbx' while the map was running.
    Loaded resource c:/Program Files (x86)/Steam/steamapps/common/Amnesia The Bunker/entities/bunker/gameplay/gas_mask_m2/gas_mask_m2.mat in 0 ms
WARNING: Loaded resource 'entities/bunker/gameplay/gas_mask_m2/gas_mask_m2.mat' while the map was running.
    Loaded resource c:/Program Files (x86)/Steam/steamapps/common/Amnesia The Bunker/entities/bunker/gameplay/gas_mask_m2/gas_mask_glass.mat in 0 ms
WARNING: Loaded resource 'entities/bunker/gameplay/gas_mask_m2/gas_mask_glass.mat' while the map was running.
  Loaded resource c:/Program Files (x86)/Steam/steamapps/common/Amnesia The Bunker/entities/bunker/gameplay/gas_mask_m2/gas_mask_m2.fbx in 1 ms
WARNING: Loaded resource 'gas_mask_m2.fbx' while the map was running.
Invalid internal path: 'a_ambience_wind_aeolianpipe_01.ogg'
Invalid internal path: 'a_ambience_wind_aeolianpipe_02.ogg'
Invalid internal path: 'a_ambience_wind_aeolianpipe_03.ogg'
Invalid internal path: 'a_ambience_wind_aeolianpipe_04.ogg'
Invalid internal path: 'a_ambience_wind_aeolianpipe_05.ogg'
Invalid internal path: 'a_ambience_wind_aeolianpipe_06.ogg'
  Loaded resource c:/Program Files (x86)/Steam/steamapps/common/Amnesia The Bunker/entities/bunker/gameplay/fuel_medium/fuel_cannister.fbx in 0 ms
WARNING: Loaded resource 'fuel_cannister.fbx' while the map was running.
    Loaded resource c:/Program Files (x86)/Steam/steamapps/common/Amnesia The Bunker/entities/bunker/gameplay/molotov_cocktail/molotov_rag_diffuse.mat in 0 ms
WARNING: Loaded resource 'entities/bunker/gameplay/molotov_cocktail/molotov_rag_diffuse.mat' while the map was running.
  Loaded resource c:/Program Files (x86)/Steam/steamapps/common/Amnesia The Bunker/entities/bunker/gameplay/molotov_cocktail/molotov_cocktail_bottle.fbx in 1 ms
WARNING: Loaded resource 'molotov_cocktail_bottle.fbx' while the map was running.
  Loaded resource c:/Program Files (x86)/Steam/steamapps/common/Amnesia The Bunker/entities/bunker/gameplay/molotov_cocktail/molotov_wine_empty.mat in 0 ms
WARNING: Loaded resource 'entities/bunker/gameplay/molotov_cocktail/molotov_wine_empty.mat' while the map was running.
  Loaded resource c:/Program Files (x86)/Steam/steamapps/common/Amnesia The Bunker/entities/bunker/gameplay/molotov_cocktail/molotov_cocktail_bottle_empty_hand.fbx in 1 ms
WARNING: Loaded resource 'molotov_cocktail_bottle_empty_hand.fbx' while the map was running.
  Loaded resource c:/Program Files (x86)/Steam/steamapps/common/Amnesia The Bunker/entities/bunker/gameplay/molotov_cocktail/molotov_wine_empty.DAE in 0 ms
WARNING: Loaded resource 'molotov_wine_empty.DAE' while the map was running.
  Loaded resource c:/Program Files (x86)/Steam/steamapps/common/Amnesia The Bunker/textures/decals/nonexclusive/blob_shadow.mat in 0 ms
WARNING: Loaded resource 'D:/SVN Repositories/Bunker/redist/textures/decals/nonexclusive/blob_shadow.mat' while the map was running.
    Loaded resource c:/Program Files (x86)/Steam/steamapps/common/Amnesia The Bunker/entities/bunker/gameplay/molotov_cocktail/molotov_rag.mat in 0 ms
WARNING: Loaded resource 'entities/bunker/gameplay/rag/molotov_rag.mat' while the map was running.
  Loaded resource c:/Program Files (x86)/Steam/steamapps/common/Amnesia The Bunker/entities/bunker/gameplay/rag/rag.dae in 0 ms
WARNING: Loaded resource 'rag.dae' while the map was running.
ERROR: Couldn't create material 'entities/bunker/gameplay/revolver/revolver_bunker_diffuse.mat'
ERROR: Couldn't create material 'entities/bunker/gameplay/revolver/revolver_bunker_diffuse.mat'
ERROR: Couldn't create material 'entities/bunker/gameplay/revolver/revolver_bunker_diffuse.mat'
ERROR: Couldn't create material 'entities/bunker/gameplay/revolver/revolver_bunker_diffuse.mat'
ERROR: Couldn't create material 'entities/bunker/gameplay/revolver/revolver_bunker_diffuse.mat'
ERROR: Couldn't create material 'entities/bunker/gameplay/revolver/revolver_bunker_diffuse.mat'
ERROR: Couldn't create material 'entities/bunker/gameplay/revolver/revolver_bunker_diffuse.mat'
ERROR: Couldn't create material 'entities/bunker/gameplay/revolver/revolver_bunker_diffuse.mat'
ERROR: Couldn't create material 'entities/bunker/gameplay/revolver/revolver_bunker_diffuse.mat'
ERROR: Couldn't create material 'entities/bunker/gameplay/revolver/revolver_bunker_diffuse.mat'
ERROR: Couldn't create material 'entities/bunker/gameplay/revolver/revolver_bunker_diffuse.mat'
ERROR: Couldn't create material 'entities/bunker/gameplay/revolver/revolver_bunker_diffuse.mat'
ERROR: Couldn't create material 'entities/bunker/gameplay/revolver/revolver_bunker_diffuse.mat'
ERROR: Couldn't create material 'entities/bunker/gameplay/revolver/revolver_bunker_diffuse.mat'
ERROR: Couldn't create material 'entities/bunker/gameplay/revolver/revolver_bunker_diffuse.mat'
ERROR: Couldn't create material 'entities/bunker/gameplay/revolver/revolver_bunker_diffuse.mat'
  Loaded resource c:/Program Files (x86)/Steam/steamapps/common/Amnesia The Bunker/entities/bunker/gameplay/revolver/revolver_bunker.fbx in 2 ms
WARNING: Loaded resource 'revolver_bunker.fbx' while the map was running.
  Loaded resource c:/Program Files (x86)/Steam/steamapps/common/Amnesia The Bunker/entities/bunker/gameplay/revolver/revolver_bunker.mat in 0 ms
WARNING: Loaded resource 'entities/bunker/gameplay/revolver/revolver_bunker.mat' while the map was running.
    Loaded resource c:/Program Files (x86)/Steam/steamapps/common/Amnesia The Bunker/entities/bunker/gameplay/ammo_shotgun/ammo_shotgun.mat in 0 ms
WARNING: Loaded resource 'entities/bunker/gameplay/ammo_shotgun/ammo_shotgun.mat' while the map was running.
  Loaded resource c:/Program Files (x86)/Steam/steamapps/common/Amnesia The Bunker/entities/bunker/gameplay/ammo_shotgun/ammo_shotgun_box.DAE in 0 ms
WARNING: Loaded resource 'ammo_shotgun_box.DAE' while the map was running.
  Loaded resource c:/Program Files (x86)/Steam/steamapps/common/Amnesia The Bunker/entities/bunker/gameplay/magnetlampe/spinning_element.mat in 0 ms
WARNING: Loaded resource 'D:/Work/bunker/redist/entities/bunker/gameplay/magnetlampe/spinning_element.mat' while the map was running.
  Loaded resource c:/Program Files (x86)/Steam/steamapps/common/Amnesia The Bunker/entities/bunker/gameplay/magnetlampe/spinning_blur.mat in 0 ms
WARNING: Loaded resource 'D:/Work/bunker/redist/entities/bunker/gameplay/magnetlampe/spinning_blur.mat' while the map was running.
  Loaded resource c:/Program Files (x86)/Steam/steamapps/common/Amnesia The Bunker/billboards/halo/lampglow_cone01_hard_color.mat in 0 ms
WARNING: Loaded resource 'D:/Work/bunker/redist/billboards/halo/lampglow_cone01_hard_color.mat' while the map was running.
  Loaded resource c:/Program Files (x86)/Steam/steamapps/common/Amnesia The Bunker/billboards/halo/lampglow_cone02.mat in 0 ms
WARNING: Loaded resource 'D:/Work/bunker/redist/billboards/halo/lampglow_cone02.mat' while the map was running.
  Loaded resource c:/Program Files (x86)/Steam/steamapps/common/Amnesia The Bunker/billboards/halo/lampglow_cone01_hard_noise.mat in 0 ms
WARNING: Loaded resource 'D:/bunker/redist/billboards/halo/lampglow_cone01_hard_noise.mat' while the map was running.
    Loaded resource c:/Program Files (x86)/Steam/steamapps/common/Amnesia The Bunker/entities/bunker/gameplay/magnetlampe/magnetlampe_steel_tiling.mat in 0 ms
WARNING: Loaded resource 'entities/bunker/gameplay/magnetlampe/magnetlampe_steel_tiling.mat' while the map was running.
    Loaded resource c:/Program Files (x86)/Steam/steamapps/common/Amnesia The Bunker/entities/bunker/gameplay/magnetlampe/magnetlampe.mat in 0 ms
WARNING: Loaded resource 'entities/bunker/gameplay/magnetlampe/magnetlampe.mat' while the map was running.
  Loaded resource c:/Program Files (x86)/Steam/steamapps/common/Amnesia The Bunker/entities/bunker/gameplay/magnetlampe/magnetlampe.fbx in 1 ms
WARNING: Loaded resource 'magnetlampe.fbx' while the map was running.
    Loaded resource c:/Program Files (x86)/Steam/steamapps/common/Amnesia The Bunker/entities/bunker/gameplay/torch_stick/torch_stick.mat in 0 ms
WARNING: Loaded resource 'entities/bunker/gameplay/torch_stick/torch_stick.mat' while the map was running.
  Loaded resource c:/Program Files (x86)/Steam/steamapps/common/Amnesia The Bunker/entities/bunker/gameplay/torch_stick/torch_stick.dae in 1 ms
WARNING: Loaded resource 'torch_stick.dae' while the map was running.
  Loaded resource c:/Program Files (x86)/Steam/steamapps/common/Amnesia The Bunker/billboards/halo/lampglow_large_no_depth.mat in 0 ms
WARNING: Loaded resource 'C:/Users/aaron/Documents/Work/bunker/redist/billboards/halo/lampglow_large_no_depth.mat' while the map was running.
  Loaded resource c:/Program Files (x86)/Steam/steamapps/common/Amnesia The Bunker/lights/lensflare/multi_iris_simple.mat in 0 ms
WARNING: Loaded resource 'C:/Users/aaron/Documents/Work/bunker/redist/lights/lensflare/multi_iris_simple.mat' while the map was running.
    Loaded resource c:/Program Files (x86)/Steam/steamapps/common/Amnesia The Bunker/billboards/special/torch_flame/torch_flame.mat in 0 ms
WARNING: Loaded resource 'entities/bunker/gameplay/torch_stick/torch_flame.mat' while the map was running.
WARNING: More than 4 bones on a vertex in submesh 'm_flame_Z' in mesh 'torch_with_flame_strips.msh' !
WARNING: More than 4 bones on a vertex in submesh 'm_flame_X' in mesh 'torch_with_flame_strips.msh' !
  Loaded resource c:/Program Files (x86)/Steam/steamapps/common/Amnesia The Bunker/entities/bunker/gameplay/torch_stick/torch_with_flame_strips.fbx in 1 ms
WARNING: Loaded resource 'torch_with_flame_strips.fbx' while the map was running.
  Loaded resource c:/Program Files (x86)/Steam/steamapps/common/Amnesia The Bunker/billboards/special/torch_flame/torch_flame_sway_29fps.mat in 0 ms
WARNING: Loaded resource 'billboards/special/torch_flame/torch_flame_sway_29fps.mat' while the map was running.
  Loaded resource c:/Program Files (x86)/Steam/steamapps/common/Amnesia The Bunker/billboards/special/torch_flame/torch_flame_sway_32fps.mat in 0 ms
WARNING: Loaded resource 'billboards/special/torch_flame/torch_flame_sway_32fps.mat' while the map was running.
  Loaded resource c:/Program Files (x86)/Steam/steamapps/common/Amnesia The Bunker/entities/bunker/gameplay/torch_stick/torch_stick_rag_lit.mat in 0 ms
WARNING: Loaded resource 'entities/bunker/gameplay/torch_stick/torch_stick_rag_lit.mat' while the map was running.
ERROR: Couldn't create material 'entities/bunker/gameplay/torch_stick/torch_stick_diffuse.mat'
ERROR: Couldn't create material 'entities/bunker/gameplay/torch_stick/torch_stick_diffuse.mat'
  Loaded resource c:/Program Files (x86)/Steam/steamapps/common/Amnesia The Bunker/entities/bunker/gameplay/torch_stick/torch_with_rag.fbx in 1 ms
WARNING: Loaded resource 'torch_with_rag.fbx' while the map was running.
    Loaded resource c:/Program Files (x86)/Steam/steamapps/common/Amnesia The Bunker/entities/bunker/gameplay/stopwatch/stopwatch.mat in 0 ms
WARNING: Loaded resource 'entities/bunker/gameplay/stopwatch/stopwatch.mat' while the map was running.
  Loaded resource c:/Program Files (x86)/Steam/steamapps/common/Amnesia The Bunker/entities/bunker/gameplay/stopwatch/stopwatch.fbx in 0 ms
WARNING: Loaded resource 'stopwatch.fbx' while the map was running.
    Loaded resource c:/Program Files (x86)/Steam/steamapps/common/Amnesia The Bunker/entities/bunker/gameplay/grenade_of1/grenade_of1.mat in 1 ms
WARNING: Loaded resource 'entities/bunker/gameplay/grenade/grenade_of1.mat' while the map was running.
  Loaded resource c:/Program Files (x86)/Steam/steamapps/common/Amnesia The Bunker/entities/bunker/gameplay/grenade/grenade_frag.fbx in 1 ms
WARNING: Loaded resource 'grenade_frag.fbx' while the map was running.
    Loaded resource c:/Program Files (x86)/Steam/steamapps/common/Amnesia The Bunker/entities/bunker/gameplay/gas_grenade/gas_grenade.mat in 0 ms
WARNING: Loaded resource 'entities/bunker/gameplay/gas_grenade/gas_grenade.mat' while the map was running.
  Loaded resource c:/Program Files (x86)/Steam/steamapps/common/Amnesia The Bunker/entities/bunker/gameplay/gas_grenade/gas_grenade.fbx in 0 ms
WARNING: Loaded resource 'gas_grenade.fbx' while the map was running.
  Loaded resource c:/Program Files (x86)/Steam/steamapps/common/Amnesia The Bunker/entities/bunker/gameplay/gas_grenade/gas_grenade_pickup.dae in 1 ms
WARNING: Loaded resource 'gas_grenade_pickup.dae' while the map was running.
ERROR: Couldn't create material 'entities/bunker/gameplay/chain_cutters/ArtBully_Project_.mat'
ERROR: Couldn't create material 'entities/bunker/gameplay/chain_cutters/ArtBully_Project_.mat'
  Loaded resource c:/Program Files (x86)/Steam/steamapps/common/Amnesia The Bunker/entities/bunker/gameplay/chain_cutters/cutter_model.fbx in 0 ms
WARNING: Loaded resource 'cutter_model.fbx' while the map was running.
    Loaded resource c:/Program Files (x86)/Steam/steamapps/common/Amnesia The Bunker/entities/bunker/gameplay/ratchet_spanner/ratchet_spanner.mat in 0 ms
WARNING: Loaded resource 'entities/bunker/gameplay/ratchet_spanner/ratchet_spanner.mat' while the map was running.
  Loaded resource c:/Program Files (x86)/Steam/steamapps/common/Amnesia The Bunker/entities/bunker/gameplay/ratchet_spanner/ratchet_spanner_hand.fbx in 1 ms
WARNING: Loaded resource 'ratchet_spanner_hand.fbx' while the map was running.
    Loaded resource c:/Program Files (x86)/Steam/steamapps/common/Amnesia The Bunker/textures/simple_grey.mat in 0 ms
WARNING: Loaded resource 'entities/bunker/gameplay/wrench/simple_grey.mat' while the map was running.
  Loaded resource c:/Program Files (x86)/Steam/steamapps/common/Amnesia The Bunker/entities/bunker/gameplay/wrench/wrench_temp.dae in 0 ms
WARNING: Loaded resource 'wrench_temp.dae' while the map was running.
  Loaded resource c:/Program Files (x86)/Steam/steamapps/common/Amnesia The Bunker/entities/bunker/gameplay/gas_mask_m2/gas_mask_hand.dae in 0 ms
WARNING: Loaded resource 'gas_mask_hand.dae' while the map was running.
    Loaded resource c:/Program Files (x86)/Steam/steamapps/common/Amnesia The Bunker/entities/bunker/gameplay/flare/flare.mat in 0 ms
WARNING: Loaded resource 'entities/bunker/gameplay/flare/flare.mat' while the map was running.
  Loaded resource c:/Program Files (x86)/Steam/steamapps/common/Amnesia The Bunker/entities/bunker/gameplay/flare/flare.fbx in 1 ms
WARNING: Loaded resource 'flare.fbx' while the map was running.
  Loaded resource c:/Program Files (x86)/Steam/steamapps/common/Amnesia The Bunker/entities/bunker/gameplay/flare/flare.dae in 0 ms
WARNING: Loaded resource 'flare.dae' while the map was running.
  Loaded resource c:/Program Files (x86)/Steam/steamapps/common/Amnesia The Bunker/billboards/special/matchflame/matchflame_large/matchflame_large.mat in 0 ms
WARNING: Loaded resource 'C:/Users/aaron/Documents/Work/Amnesia2/trunk/redist/billboards/special/matchflame/matchflame_large/matchflame_large.mat' while the map was running.
    Loaded resource c:/Program Files (x86)/Steam/steamapps/common/Amnesia The Bunker/entities/nonexclusive/gameplay/lighter/lighter.mat in 0 ms
WARNING: Loaded resource 'entities/bunker/gameplay/lighter/lighter.mat' while the map was running.
  Loaded resource c:/Program Files (x86)/Steam/steamapps/common/Amnesia The Bunker/entities/bunker/gameplay/lighter/lighter.fbx in 1 ms
WARNING: Loaded resource 'lighter.fbx' while the map was running.
  Loaded resource c:/Program Files (x86)/Steam/steamapps/common/Amnesia The Bunker/entities/bunker/gameplay/medkit/medkit_pickup.dae in 1 ms
WARNING: Loaded resource 'medkit_pickup.dae' while the map was running.
    Loaded resource c:/Program Files (x86)/Steam/steamapps/common/Amnesia The Bunker/entities/bunker/gameplay/dynamite_stick/dynamite_stick.mat in 0 ms
WARNING: Loaded resource '../../../../../Gameplay props - dynamite_stick/_Submit/dynamite_stick/Characters/dynamite_stick/dynamite_stick.mat' while the map was running.
  Loaded resource c:/Program Files (x86)/Steam/steamapps/common/Amnesia The Bunker/entities/bunker/gameplay/dynamite_stick/dynamite_stick.DAE in 0 ms
WARNING: Loaded resource 'dynamite_stick.DAE' while the map was running.
    Loaded resource c:/Program Files (x86)/Steam/steamapps/common/Amnesia The Bunker/entities/bunker/gameplay/dynamite_bundle/dynamite_bundle.mat in 0 ms
WARNING: Loaded resource '../../../../../dynamite_bundle/xtraa/dynamite_bundle/characters/dynamite_bundle/dynamite_bundle.mat' while the map was running.
  Loaded resource c:/Program Files (x86)/Steam/steamapps/common/Amnesia The Bunker/entities/bunker/gameplay/dynamite_bundle/dynamite_bundle.DAE in 0 ms
WARNING: Loaded resource 'dynamite_bundle.DAE' while the map was running.
ERROR: Couldn't create material 'entities/bunker/gameplay/meat_chunks/meat_chunks_diffuse.mat'
ERROR: Couldn't create material 'entities/bunker/gameplay/meat_chunks/meat_chunks_diffuse.mat'
  Loaded resource c:/Program Files (x86)/Steam/steamapps/common/Amnesia The Bunker/entities/bunker/gameplay/meat_chunks/meat_chunk_01.fbx in 0 ms
WARNING: Loaded resource 'meat_chunk_01.fbx' while the map was running.
  Loaded resource c:/Program Files (x86)/Steam/steamapps/common/Amnesia The Bunker/entities/bunker/gameplay/meat_chunks/meat_chunks.mat in 1 ms
WARNING: Loaded resource 'entities/bunker/gameplay/meat_chunks/meat_chunks.mat' while the map was running.
    Loaded resource c:/Program Files (x86)/Steam/steamapps/common/Amnesia The Bunker/entities/bunker/gameplay/lockdown_wheel/lockdown_wheel.mat in 0 ms
WARNING: Loaded resource 'entities/bunker/gameplay/lockdown_wheel/lockdown_wheel.mat' while the map was running.
  Loaded resource c:/Program Files (x86)/Steam/steamapps/common/Amnesia The Bunker/entities/bunker/gameplay/lockdown_wheel/lockdown_wheel_rig.fbx in 0 ms
WARNING: Loaded resource 'lockdown_wheel_rig.fbx' while the map was running.
    Loaded resource c:/Program Files (x86)/Steam/steamapps/common/Amnesia The Bunker/entities/bunker/gameplay/detonator/detonator.mat in 0 ms
WARNING: Loaded resource 'entities/bunker/gameplay/detonator/detonator.mat' while the map was running.
  Loaded resource c:/Program Files (x86)/Steam/steamapps/common/Amnesia The Bunker/entities/bunker/gameplay/detonator/detonator_handle_rig.fbx in 0 ms
WARNING: Loaded resource 'detonator_handle_rig.fbx' while the map was running.
  Loaded resource c:/Program Files (x86)/Steam/steamapps/common/Amnesia The Bunker/entities/bunker/gameplay/doll_rabbit/doll_rabbit_rig.fbx in 1 ms
WARNING: Loaded resource 'doll_rabbit_rig.fbx' while the map was running.
    Loaded resource c:/Program Files (x86)/Steam/steamapps/common/Amnesia The Bunker/entities/bunker/gameplay/metal_door_lock/metal_door_lock.mat in 0 ms
WARNING: Loaded resource 'entities/bunker/gameplay/metal_door_lock/metal_door_lock.mat' while the map was running.
  Loaded resource c:/Program Files (x86)/Steam/steamapps/common/Amnesia The Bunker/entities/bunker/gameplay/metal_door_lock/metal_door_key_communications.dae in 0 ms
WARNING: Loaded resource 'metal_door_key_communications.dae' while the map was running.
  Loaded resource c:/Program Files (x86)/Steam/steamapps/common/Amnesia The Bunker/entities/bunker/gameplay/metal_door_lock/metal_door_key_pillbox.dae in 0 ms
WARNING: Loaded resource 'metal_door_key_pillbox.dae' while the map was running.
    Loaded resource c:/Program Files (x86)/Steam/steamapps/common/Amnesia The Bunker/entities/bunker/gameplay/fuse/fuse.mat in 1 ms
WARNING: Loaded resource 'entities/bunker/gameplay/fuse/fuse.mat' while the map was running.
  Loaded resource c:/Program Files (x86)/Steam/steamapps/common/Amnesia The Bunker/entities/bunker/gameplay/fuse/fuse.dae in 1 ms
WARNING: Loaded resource 'fuse.dae' while the map was running.
    Loaded resource c:/Program Files (x86)/Steam/steamapps/common/Amnesia The Bunker/entities/technical/block_box/block_box.mat in 0 ms
WARNING: Loaded resource 'entities/technical/block_box/block_box.mat' while the map was running.
  Loaded resource c:/Program Files (x86)/Steam/steamapps/common/Amnesia The Bunker/entities/technical/block_box/block_box.dae in 0 ms
WARNING: Loaded resource 'block_box.dae' while the map was running.
    Loaded resource c:/Program Files (x86)/Steam/steamapps/common/Amnesia The Bunker/entities/bunker/gameplay/dogtag/dogtag.mat in 0 ms
WARNING: Loaded resource 'entities/bunker/gameplay/dogtag/dogtag.mat' while the map was running.
    Loaded resource c:/Program Files (x86)/Steam/steamapps/common/Amnesia The Bunker/entities/bunker/gameplay/dogtag/dogtag_string.mat in 0 ms
WARNING: Loaded resource 'entities/bunker/gameplay/dogtag/dogtag_string.mat' while the map was running.
    Loaded resource c:/Program Files (x86)/Steam/steamapps/common/Amnesia The Bunker/entities/bunker/gameplay/dogtag/dogtag_string_shadow.mat in 1 ms
WARNING: Loaded resource 'entities/bunker/gameplay/dogtag/dogtag_string_shadow.mat' while the map was running.
    Loaded resource c:/Program Files (x86)/Steam/steamapps/common/Amnesia The Bunker/entities/bunker/gameplay/dogtag/dogtag_alphabet.mat in 0 ms
WARNING: Loaded resource 'entities/bunker/gameplay/dogtag/dogtag_alphabet.mat' while the map was running.
  Loaded resource c:/Program Files (x86)/Steam/steamapps/common/Amnesia The Bunker/entities/bunker/gameplay/dogtag/dogtag_auclair_3397_withstring.dae in 1 ms
WARNING: Loaded resource 'dogtag_auclair_3397_withstring.dae' while the map was running.
  Loaded resource c:/Program Files (x86)/Steam/steamapps/common/Amnesia The Bunker/entities/bunker/gameplay/dogtag/dogtag_bardin_1889_withstring.dae in 0 ms
WARNING: Loaded resource 'dogtag_bardin_1889_withstring.dae' while the map was running.
  Loaded resource c:/Program Files (x86)/Steam/steamapps/common/Amnesia The Bunker/entities/bunker/gameplay/dogtag/dogtag_boucher_1923_withstring.dae in 0 ms
WARNING: Loaded resource 'dogtag_boucher_1923_withstring.dae' while the map was running.
  Loaded resource c:/Program Files (x86)/Steam/steamapps/common/Amnesia The Bunker/entities/bunker/gameplay/dogtag/dogtag_fortin_7750_withstring.dae in 0 ms
WARNING: Loaded resource 'dogtag_fortin_7750_withstring.dae' while the map was running.
  Loaded resource c:/Program Files (x86)/Steam/steamapps/common/Amnesia The Bunker/entities/bunker/gameplay/dogtag/dogtag_travers_8583_withstring.dae in 0 ms
WARNING: Loaded resource 'dogtag_travers_8583_withstring.dae' while the map was running.
  Loaded resource c:/Program Files (x86)/Steam/steamapps/common/Amnesia The Bunker/entities/bunker/gameplay/dogtag/dogtag_laval_0269_withstring.dae in 1 ms
WARNING: Loaded resource 'dogtag_laval_0269_withstring.dae' while the map was running.
  Loaded resource c:/Program Files (x86)/Steam/steamapps/common/Amnesia The Bunker/entities/bunker/gameplay/dogtag/dogtag_giraud_1734_withstring.dae in 0 ms
WARNING: Loaded resource 'dogtag_giraud_1734_withstring.dae' while the map was running.
  Loaded resource c:/Program Files (x86)/Steam/steamapps/common/Amnesia The Bunker/entities/bunker/gameplay/dogtag/dogtag_alphonse_withstring.dae in 0 ms
WARNING: Loaded resource 'dogtag_alphonse_withstring.dae' while the map was running.
  Loaded resource c:/Program Files (x86)/Steam/steamapps/common/Amnesia The Bunker/entities/bunker/gameplay/dogtag/dogtag_brillant_withstring.dae in 1 ms
WARNING: Loaded resource 'dogtag_brillant_withstring.dae' while the map was running.
  Loaded resource c:/Program Files (x86)/Steam/steamapps/common/Amnesia The Bunker/entities/bunker/gameplay/dogtag/dogtag_chopin_withstring.dae in 0 ms
WARNING: Loaded resource 'dogtag_chopin_withstring.dae' while the map was running.
  Loaded resource c:/Program Files (x86)/Steam/steamapps/common/Amnesia The Bunker/entities/bunker/gameplay/dogtag/dogtag_courcy_withstring.dae in 0 ms
WARNING: Loaded resource 'dogtag_courcy_withstring.dae' while the map was running.
  Loaded resource c:/Program Files (x86)/Steam/steamapps/common/Amnesia The Bunker/entities/bunker/gameplay/dogtag/dogtag_dehay_withstring.dae in 0 ms
WARNING: Loaded resource 'dogtag_dehay_withstring.dae' while the map was running.
  Loaded resource c:/Program Files (x86)/Steam/steamapps/common/Amnesia The Bunker/entities/bunker/gameplay/dogtag/dogtag_dosier_withstring.dae in 0 ms
WARNING: Loaded resource 'dogtag_dosier_withstring.dae' while the map was running.
  Loaded resource c:/Program Files (x86)/Steam/steamapps/common/Amnesia The Bunker/entities/bunker/gameplay/dogtag/dogtag_granat_withstring.dae in 1 ms
WARNING: Loaded resource 'dogtag_granat_withstring.dae' while the map was running.
  Loaded resource c:/Program Files (x86)/Steam/steamapps/common/Amnesia The Bunker/entities/bunker/gameplay/dogtag/dogtag_lebert_withstring.dae in 0 ms
WARNING: Loaded resource 'dogtag_lebert_withstring.dae' while the map was running.
  Loaded resource c:/Program Files (x86)/Steam/steamapps/common/Amnesia The Bunker/textures/decals/bunker/bullet_holes/bullet_holes_bunkerwall_decal.mat in 0 ms
WARNING: Loaded resource 'textures/decals/bunker/bullet_holes/bullet_holes_bunkerwall_decal.mat' while the map was running.
ERROR: Couldn't load texture 'bleeding_stopped_icon.dds'
ERROR: Could not load texture 'bleeding_stopped_icon.dds'!
  ReloadMap: 73ms
  GetRenderableContainerManager: 1ms
  Loaded resource c:/Program Files (x86)/Steam/steamapps/common/Amnesia The Bunker/entities/arabic_fort/special/02_03_grenade/grenade.dae in 0 ms
WARNING: Loaded resource 'grenade.dae' while the map was running.
ERROR: Couldn't find ent file 'flare_thrown_low.ent'
  Loaded resource c:/Program Files (x86)/Steam/steamapps/common/Amnesia The Bunker/billboards/halo/lampglow_large_soft.mat in 1 ms
WARNING: Loaded resource 'D:/SVN Repositories/Bunker/redist/billboards/halo/lampglow_large_soft.mat' while the map was running.
  Loaded resource c:/Program Files (x86)/Steam/steamapps/common/Amnesia The Bunker/entities/bunker/gameplay/flare/flare_thrown.dae in 0 ms
WARNING: Loaded resource 'flare_thrown.dae' while the map was running.
ERROR: Couldn't find ent file 'flare_thrown_high.ent'
  Loaded resource c:/Program Files (x86)/Steam/steamapps/common/Amnesia The Bunker/entities/bunker/gameplay/molotov_cocktail/animations/bottle_molotov_focus_idle.fbx in 0 ms
WARNING: Loaded resource 'c:/Program Files (x86)/Steam/steamapps/common/Amnesia The Bunker/entities/bunker/gameplay/molotov_cocktail/animations/bottle_molotov_focus_idle.fbx' while the map was running.
  Loaded resource c:/Program Files (x86)/Steam/steamapps/common/Amnesia The Bunker/textures/decals/bunker/fuel_splash/fuel_splash_decal.mat in 0 ms
WARNING: Loaded resource 'textures/decals/bunker/fuel_splash/fuel_splash_decal.mat' while the map was running.
  Loaded resource c:/Program Files (x86)/Steam/steamapps/common/Amnesia The Bunker/entities/bunker/gameplay/bandage/bandage_and_roll.fbx in 1 ms
WARNING: Loaded resource 'bandage_and_roll.fbx' while the map was running.
  Loaded resource c:/Program Files (x86)/Steam/steamapps/common/Amnesia The Bunker/entities/bunker/gameplay/bandage/animations/medkit_usage_bandage.fbx in 0 ms
WARNING: Loaded resource 'c:/Program Files (x86)/Steam/steamapps/common/Amnesia The Bunker/entities/bunker/gameplay/bandage/animations/medkit_usage_bandage.fbx' while the map was running.
  Loaded resource c:/Program Files (x86)/Steam/steamapps/common/Amnesia The Bunker/entities/bunker/gameplay/bandage/animations/bandage_application_bandage.fbx in 1 ms
WARNING: Loaded resource 'c:/Program Files (x86)/Steam/steamapps/common/Amnesia The Bunker/entities/bunker/gameplay/bandage/animations/bandage_application_bandage.fbx' while the map was running.
  Loaded resource c:/Program Files (x86)/Steam/steamapps/common/Amnesia The Bunker/entities/bunker/gameplay/medkit/medkit_no_bandage.fbx in 0 ms
WARNING: Loaded resource 'medkit_no_bandage.fbx' while the map was running.
  Loaded resource c:/Program Files (x86)/Steam/steamapps/common/Amnesia The Bunker/entities/bunker/gameplay/medkit/animations/medkit_usage_medkit.fbx in 1 ms
WARNING: Loaded resource 'c:/Program Files (x86)/Steam/steamapps/common/Amnesia The Bunker/entities/bunker/gameplay/medkit/animations/medkit_usage_medkit.fbx' while the map was running.
  Loaded resource c:/Program Files (x86)/Steam/steamapps/common/Amnesia The Bunker/entities/bunker/gameplay/medkit/animations/medkit_usage.fbx in 0 ms
WARNING: Loaded resource 'c:/Program Files (x86)/Steam/steamapps/common/Amnesia The Bunker/entities/bunker/gameplay/medkit/animations/medkit_usage.fbx' while the map was running.
[MenuHandler] Initiate mbFirstGameStart = false
[PorkHandler] Entered map 'ending'. Module ready; type PORK.
WARNING: Could not find player start node 'intro.hpm'
ERROR: StartPos 'intro.hpm' does not exist!
ERROR: No animation direction named ''
ERROR: No animation direction named ''
ERROR: No animation direction named ''
ERROR: No animation direction named ''
ERROR: No animation direction named ''
ERROR: Mesh 'player_body_soldier.msh' has skeleton bone mismatch in the follow animations: 
- player_prone_fwd_head_bob.anm (1 missmatch): j_hair_End 
- wake_up_from_death_1_crouch.anm (21 missmatch): j_L_girdle_waist_1_1 j_L_girdle_waist_1_2 j_L_girdle_waist_1_3 j_L_girdle_waist_2_1 j_L_girdl...
- wake_up_from_death_3_crouch.anm (21 missmatch): j_L_girdle_waist_1_1 j_L_girdle_waist_1_2 j_L_girdle_waist_1_3 j_L_girdle_waist_2_1 j_L_girdl...
- lean_left.anm (21 missmatch): j_L_girdle_waist_1_1 j_L_girdle_waist_1_2 j_L_girdle_waist_1_3 j_L_girdle_waist_2_1 j_L_girdl...
- lean_right.anm (21 missmatch): j_L_girdle_waist_1_1 j_L_girdle_waist_1_2 j_L_girdle_waist_1_3 j_L_girdle_waist_2_1 j_L_girdl...
- player_death_front.anm (1 missmatch): j_hair_End 
- player_death_back.anm (1 missmatch): j_hair_End 
- player_throw_standing_1.anm (1 missmatch): j_hair_End 
- player_throw_standing_2.anm (1 missmatch): j_hair_End 
- player_throw_crouching_1.anm (1 missmatch): j_hair_End 
- player_throw_crouching_2.anm (1 missmatch): j_hair_End 
- player_death_hole_left.anm (1 missmatch): j_hair_End 
- player_death_hole_right.anm (1 missmatch): j_hair_End 
- player_death_under.anm (1 missmatch): j_hair_End 
- player_death_ladder.anm (1 missmatch): j_hair_End 
- player_death_hole_back.anm (1 missmatch): j_hair_End 
- player_death_hole_front.anm (1 missmatch): j_hair_End 
Setting RenderLayers, Body: 0 Arms: 1Submesh: PlayerBody_0_player_body_soldier_bodySubmesh: PlayerBody_0_player_body_soldier_armsSubmesh: PlayerBody_0_player_body_soldier_shadowcasterSubmesh: PlayerBody_0_player_body_soldier_handMesh: PlayerBody_0submesh indices: body: 1 arms: 3ERROR: Could not find animation 'idle' for entity 'Grunt'
  Destroyed resource 'hallway.ogg'
  Loaded resource c:/Program Files (x86)/Steam/steamapps/common/Amnesia The Bunker/mods/BunkersEdge/music/hallway.ogg in 0 ms
WARNING: Loaded resource 'hallway.ogg' while the map was running.
  SetupAfterReload: 40ms
  Loaded resource c:/Program Files (x86)/Steam/steamapps/common/Amnesia The Bunker/mods/BunkersEdge/fonts/orbitron_72.fnt in 10 ms
WARNING: Loaded resource 'orbitron_72.fnt' while the map was running.
  MergeVertexBuffers: 10ms
 RestartGame: 126ms
 SetCharacterState: 0ms
 CacheDestroy: 0ms
 SetIsVolatile: 0ms
 ResetLogicTimer: 0ms
 Total reload time: 630ms
  Loaded resource c:/Program Files (x86)/Steam/steamapps/common/Amnesia The Bunker/fonts/work_56.fnt in 15 ms
WARNING: Loaded resource 'work_56.fnt' while the map was running.
[GameStatsModule] Loading Game Stat TimesSaved for slot: base with value 0
[GameStatsModule] Loading Game Stat NumberOfDeaths for slot: base with value 4
[GameStatsModule] Loading Game Stat RatsKilled for slot: base with value 0
[GameStatsModule] Loading Game Stat BulletsFired for slot: base with value 0
[GameStatsModule] Loading Game Stat ShotgunShellsFired for slot: base with value 0
[GameStatsModule] Loading Game Stat GrenadesThrown for slot: base with value 0
[GameStatsModule] Loading Game Stat GasGrenadesThrown for slot: base with value 0
[GameStatsModule] Loading Game Stat PetrolBombsThrown for slot: base with value 0
[GameStatsModule] Loading Game Stat FlaresThrown for slot: base with value 0
[GameStatsModule] Loading Game Stat HealthItemsUsed for slot: base with value 0
[GameStatsModule] Loading Game Stat GeneratorRefills for slot: base with value 0
[GameStatsModule] Loading Game Stat Blackouts for slot: base with value 0
[GameStatsModule] Loading Game Stat TrapsTriggered for slot: base with value 0
[GameStatsModule] Loading Game Stat CorpsesBurnt for slot: base with value 0
[GameStatsModule] Loading Game Stat FiresStarted for slot: base with value 0
[GameStatsModule] Loading Game Stat DoorsDestroyed for slot: base with value 0
[GameStatsModule] Loading Game Stat TimesSpottedByStalker for slot: base with value 0
[GameStatsModule] Loading Game Stat ItemsCrafted for slot: base with value 0
[GameStatsModule] Loading Game Stat StalkerHitCount for slot: base with value 0
[GameStatsModule] Loading Game Stat RatsScaredByTorch for slot: base with value 0
-------- Debug window closed!
-------------- SAVING GAME -----------------
Started save file AutoSave_ending_2026_9_8_2_10_50_0.sav
-------------- SAVE THREAD INIT -----------------
-------------- SAVE THREAD COMPLETED -----------------
[GameStatsModule] Saving Game Stats for slot: base
-------------- SAVE THREAD INIT -----------------
-------------- SAVE THREAD COMPLETED -----------------
  Loaded resource c:/Program Files (x86)/Steam/steamapps/common/Amnesia The Bunker/graphics/imgui/default/imgui_pointer_normal.tga in 0 ms
WARNING: Loaded resource 'imgui_pointer_normal.tga' while the map was running.
WARNING: Loaded sound 'special_fx/frontend/pause' while the map was running. Preload it instead
WARNING: Loaded sound 'special_fx/frontend/frontend_menu_focus' while the map was running. Preload it instead
WARNING: Loaded sound 'special_fx/frontend/frontend_menu_select' while the map was running. Preload it instead
ERROR: Could not find sound entity MenuBGNoise in Sound_Stop
--------------------------------------------------------

Statistics
--------------------------------------------------------
 Medium framerate: 227.915300
--------------------------------------------------------

User Exit
--------------------------------------------------------
 Saving user config.
 Saving key config. 
 Deleting game modules.
   'LuxMusicHandler'
   'LoadHandler'
   'LuxInputHandler'
   'LuxHelpFuncs'
   'LuxMapHelper'
   'LuxGuiHandler'
   'LuxVoiceHandler'
   'LuxAchievementHandler'
   'LuxRichPresenceHandler'
   'LuxUsersHandler'
   'LuxHeroStatsHandler'
   'LuxDebugHandler'
   'LuxMapHandler'
  Destroyed resource 'E:/lux/redist/entities/enemy/servant_grunt/servant_grunt_hair_nrm.dds'
  Destroyed resource 'E:/lux/redist/entities/enemy/servant_grunt/servant_grunt_hair_spec.dds'
  Destroyed resource 'E:/lux/redist/entities/enemy/servant_grunt/servant_grunt_hair.dds'
  Destroyed resource 'mods/amnesiatddenemies/entities/tdd_enemies/servant_grunt/servant_grunt_hair.mat'
  Destroyed resource 'mods/AmnesiaTDDenemies/entities/cantaffordaname/servant_grunt/servant_grunt.dds'
  Destroyed resource 'mods/AmnesiaTDDenemies/entities/cantaffordaname/servant_grunt/servant_grunt_nrm.dds'
  Destroyed resource 'mods/AmnesiaTDDenemies/entities/cantaffordaname/servant_grunt/servant_grunt_spec.dds'
  Destroyed resource 'mods/amnesiatddenemies/entities/tdd_enemies/servant_grunt/servant_grunt.mat'
  Destroyed resource 'grunt_fix.msh'
  Destroyed resource 'F:/depth/redist/entities/station/ornaments_wall/clock_community_room/clock_community_room_numbers.dds'
  Destroyed resource 'entities/station/ornaments_wall/clock_community_room/clock_community_room_numbers.mat'
  Destroyed resource 'F:/depth/redist/entities/station/ornaments_wall/clock_community_room/clock_community_room.dds'
  Destroyed resource 'F:/depth/redist/entities/station/ornaments_wall/clock_community_room/clock_community_room_nrm.dds'
  Destroyed resource 'F:/depth/redist/entities/station/ornaments_wall/clock_community_room/clock_community_room_spec.dds'
  Destroyed resource 'F:/depth/redist/entities/station/ornaments_wall/clock_community_room/clock_community_room_illum.dds'
  Destroyed resource 'entities/station/ornaments_wall/clock_community_room/clock_community_room.mat'
  Destroyed resource 'clock_community_room.msh'
  Destroyed resource 'apartment_chair.dds'
  Destroyed resource 'apartment_chair_nrm.dds'
  Destroyed resource 'apartment_chair_spec.dds'
  Destroyed resource 'entities/dream/apartment_furniture/apartment_chair/apartment_chair.mat'
  Destroyed resource 'apartment_chair.msh'
  Destroyed resource 'corspe_burnt.dds'
  Destroyed resource 'corspe_burnt_nrm.dds'
  Destroyed resource 'corspe_burnt_spec.dds'
  Destroyed resource 'entities/bunker/organic/corpse_bits_burnt/corspe_burnt.mat'
  Destroyed resource 'corpse_bones_thigh_burnt.msh'
  Destroyed resource 'andrew_corpse_06.msh'
  Destroyed resource 'corpses_body_soldier_arms_nrm.dds'
  Destroyed resource 'corpses_body_soldier_arms_spec.dds'
  Destroyed resource 'corpses_body_soldier_arms.dds'
  Destroyed resource 'entities/bunker/organic/corpse_bits/corpses_body_soldier_arms.mat'
  Destroyed resource 'corpses_body_soldier_body_nrm.dds'
  Destroyed resource 'corpses_body_soldier_body_spec.dds'
  Destroyed resource 'corpses_body_soldier_body.dds'
  Destroyed resource 'entities/bunker/organic/corpse_bits/corpses_body_soldier_body.mat'
  Destroyed resource 'foreman_head.dds'
  Destroyed resource 'foreman_head_nrm.dds'
  Destroyed resource 'foreman_head_spec.dds'
  Destroyed resource 'entities/bunker/organic/corpse_bits/foreman_head.mat'
  Destroyed resource 'andrew_erskin_corpse_head.dds'
  Destroyed resource 'andrew_erskin_corpse_head_nrm.dds'
  Destroyed resource 'andrew_erskin_corpse_head_spec.dds'
  Destroyed resource 'entities/bunker/organic/corpse_bits/andrew_erskin_corpse_head.mat'
  Destroyed resource 'foreman_corpse.msh'
  Destroyed resource 'player_body_soldier_01_nrm.dds'
  Destroyed resource 'player_body_soldier_01_spec.dds'
  Destroyed resource 'player_body_soldier_01.dds'
  Destroyed resource 'entities/bunker/organic/corpse_bits/player_body_soldier_01.mat'
  Destroyed resource 'corpse_soldier_01_rigged.msh'
  Destroyed resource 'corpse_bones.dds'
  Destroyed resource 'corpse_bones_nrm.dds'
  Destroyed resource 'corpse_bones_spec.dds'
  Destroyed resource 'entities/bunker/organic/corpse_bits/corpse_bones.mat'
  Destroyed resource 'corpse_leg_01.msh'
  Destroyed resource 'corpse_eaten.dds'
  Destroyed resource 'corpse_eaten_nrm.dds'
  Destroyed resource 'corpse_eaten_spec.dds'
  Destroyed resource 'entities/bunker/organic/corpse_bits/corpse_eaten.mat'
  Destroyed resource 'andrew_erskin_corpse_pants.dds'
  Destroyed resource 'andrew_erskin_corpse_pants_nrm.dds'
  Destroyed resource 'andrew_erskin_corpse_pants_spec.dds'
  Destroyed resource 'entities/bunker/organic/corpse_bits/andrew_erskin_corpse_pants.mat'
  Destroyed resource 'corpse_arm_02.msh'
  Destroyed resource 'entities/tin_hinan/gameplay/button_small/button_small_diffuse.dds'
  Destroyed resource 'entities/tin_hinan/gameplay/button_small/button_small_nrm.dds'
  Destroyed resource 'entities/tin_hinan/gameplay/button_small/button_small_spec.dds'
  Destroyed resource 'entities/tin_hinan/gameplay/button_small/button_small.mat'
  Destroyed resource 'button_small.msh'
  Destroyed resource 'entities/station/tech/computer_panels/computer_panels.dds'
  Destroyed resource 'entities/station/tech/computer_panels/computer_panels_nrm.dds'
  Destroyed resource 'entities/station/tech/computer_panels/computer_panels_spec.dds'
  Destroyed resource 'entities/station/tech/computer_panels/computer_panels_env_alpha.dds'
  Destroyed resource 'entities/station/tech/computer_panels/computer_panels.mat'
  Destroyed resource 'entities/station/tech/computer_panels/computer_panels_medium_gui.mat'
  Destroyed resource 'computer_panel_medium_GUI.msh'
  Destroyed resource 'entities/french_colonization/furniture/french_dresser_small/french_dresser_small.dds'
  Destroyed resource 'entities/french_colonization/furniture/french_dresser_small/french_dresser_small_nrm.dds'
  Destroyed resource 'entities/french_colonization/furniture/french_dresser_small/french_dresser_small_spec.dds'
  Destroyed resource 'entities/french_colonization/furniture/french_dresser_small/french_dresser_small.mat'
  Destroyed resource 'french_dresser_small.msh'
  Destroyed resource 'french_pocket_watch.dds'
  Destroyed resource 'french_pocket_watch_nrm.dds'
  Destroyed resource 'french_pocket_watch_spec.dds'
  Destroyed resource 'entities/french_colonization/ornaments/french_pocket_watch/french_pocket_watch.mat'
  Destroyed resource 'french_pocket_watch.msh'
  Destroyed resource 'entities/station_batch10/leisure/music_instrument_drum/music_instrument_drum.dds'
  Destroyed resource 'entities/station_batch10/leisure/music_instrument_drum/music_instrument_drum_nrm.dds'
  Destroyed resource 'entities/station_batch10/leisure/music_instrument_drum/music_instrument_drum_spec.dds'
  Destroyed resource 'entities/station/leisure/music_instrument_drum/music_instrument_drum.mat'
  Destroyed resource 'music_instrument_drum.msh'
  Destroyed resource 'entities/station_batch10/leisure/music_instrument_string/music_instrument_string.dds'
  Destroyed resource 'entities/station_batch10/leisure/music_instrument_string/music_instrument_string_nrm.dds'
  Destroyed resource 'entities/station_batch10/leisure/music_instrument_string/music_instrument_string_spec.dds'
  Destroyed resource 'entities/station/leisure/music_instrument_string/music_instrument_string.mat'
  Destroyed resource 'music_instrument_string.msh'
  Destroyed resource 'archaeology_brush_big.dds'
  Destroyed resource 'archaeology_brush_big_nrm.dds'
  Destroyed resource 'archaeology_brush_big_spec.dds'
  Destroyed resource 'entities/archaeology/tools/archaeology_brush_big/archaeology_brush_big.mat'
  Destroyed resource 'archaeology_brush_big.msh'
  Destroyed resource 'prison_furniture_stool.msh'
  Destroyed resource '../../Props/station_batch11/bucket/bucket/tools/bucket/bucket.dds'
  Destroyed resource '../../Props/station_batch11/bucket/bucket/tools/bucket/bucket_nrm.dds'
  Destroyed resource '../../Props/station_batch11/bucket/bucket/tools/bucket/bucket_spec.dds'
  Destroyed resource 'entities/station/tools/bucket/bucket.mat'
  Destroyed resource 'bucket.msh'
  Destroyed resource 'arsenal_quartermaster_shelf.dds'
  Destroyed resource 'arsenal_quartermaster_shelf_nrm.dds'
  Destroyed resource 'arsenal_quartermaster_shelf_spec.dds'
  Destroyed resource 'entities/french_colonization/furniture/arsenal_quartermaster_shelf/arsenal_quartermaster_shelf.mat'
  Destroyed resource 'arsenal_quartermaster_shelf.msh'
  Destroyed resource 'apartment_book_group_06.msh'
  Destroyed resource 'apartment_book_group_09.msh'
  Destroyed resource 'apartment_book_group_04.msh'
  Destroyed resource 'apartment_book_group_07.msh'
  Destroyed resource 'apartment_book_group_03.msh'
  Destroyed resource 'apartment_book_group_01.msh'
  Destroyed resource 'apartment_book_group_02.msh'
  Destroyed resource 'apartment_books.dds'
  Destroyed resource 'apartment_books_nrm.dds'
  Destroyed resource 'apartment_books_spec.dds'
  Destroyed resource 'entities/dream/apartment_props/apartment_books/apartment_books.mat'
  Destroyed resource 'apartment_book_group_10.msh'
  Destroyed resource 'ross_book_jung.dds'
  Destroyed resource 'ross_book_jung_nrm.dds'
  Destroyed resource 'ross_book_jung_spec.dds'
  Destroyed resource 'entities/station/ornaments/ross_book_jung/ross_book_jung.mat'
  Destroyed resource 'ross_book_jung.msh'
  Destroyed resource 'doll_monkey.dds'
  Destroyed resource 'doll_monkey_nrm.dds'
  Destroyed resource 'doll_monkey_spec.dds'
  Destroyed resource 'entities/survivors/ornaments/doll_monkey/doll_monkey.mat'
  Destroyed resource 'monkey_doll.msh'
  Destroyed resource 'doll_rabbit.msh'
  Destroyed resource 'crate_simple_02.msh'
  Destroyed resource 'arabic_stool.dds'
  Destroyed resource 'arabic_stool_nrm.dds'
  Destroyed resource 'arabic_stool_spec.dds'
  Destroyed resource '../../users/ivakoc/desktop/arabic_stool/furniture/arabic_stool/arabic_stool.mat'
  Destroyed resource 'arabic_stool.msh'
  Destroyed resource 'entities/french_colonization/ornaments/bottle_vodka/bottle_vodka.dds'
  Destroyed resource 'entities/french_colonization/ornaments/bottle_vodka/bottle_vodka_nrm.dds'
  Destroyed resource 'entities/french_colonization/ornaments/bottle_vodka/bottle_vodka_spec.dds'
  Destroyed resource 'd:/projects-abp10/project_anubius/props/bottle_vodka/engine/bottle_vodka/bottle_vodka.mat'
  Destroyed resource 'bottle_vodka.msh'
  Destroyed resource 'entities/bunker/organic/cheese_wheel/cheese_wheel_half.dds'
  Destroyed resource 'entities/bunker/organic/cheese_wheel/cheese_wheel_half_nrm.dds'
  Destroyed resource 'entities/bunker/organic/cheese_wheel/cheese_wheel_half_spec.dds'
  Destroyed resource 'textures/simple_grey.dds'
  Destroyed resource 'entities/bunker/organic/cheese_wheel/cheese_wheel_half.mat'
  Destroyed resource 'cheese_wheel_half.msh'
  Destroyed resource 'arab_plate.dds'
  Destroyed resource 'arab_plate_nrm.dds'
  Destroyed resource 'arab_plate_spec.dds'
  Destroyed resource 'entities/french_colonization/ornaments/arab_plate/arab_plate.mat'
  Destroyed resource 'arab_plate.msh'
  Destroyed resource 'Props_Batch_08/Survivors/plate_airplane_Asset_Files/ornaments/plate_airplane/plate_airplane.dds'
  Destroyed resource 'Props_Batch_08/Survivors/plate_airplane_Asset_Files/ornaments/plate_airplane/plate_airplane_nrm.dds'
  Destroyed resource 'Props_Batch_08/Survivors/plate_airplane_Asset_Files/ornaments/plate_airplane/plate_airplane_spec.dds'
  Destroyed resource 'entities/survivors/ornaments/plate_airplane/plate_airplane.mat'
  Destroyed resource 'plate_airplane.msh'
  Destroyed resource 'entities/station/storage/food_can_ration/food_can_ration_open_nrm.dds'
  Destroyed resource 'entities/station/storage/food_can_ration/food_can_ration_open_spec.dds'
  Destroyed resource 'entities/station/storage/food_can_ration/food_can_ration_open.dds'
  Destroyed resource 'entities/station/storage/food_can_ration/food_can_ration_open.mat'
  Destroyed resource 'food_can_ration_open.msh'
  Destroyed resource 'entities/station/storage/food_can_ration/food_can_ration.dds'
  Destroyed resource 'entities/station/storage/food_can_ration/food_can_ration_nrm.dds'
  Destroyed resource 'entities/station/storage/food_can_ration/food_can_ration_spec.dds'
  Destroyed resource 'entities/station/storage/food_can_ration/food_can_ration.mat'
  Destroyed resource 'food_can_ration.msh'
  Destroyed resource 'record_vinyl.dds'
  Destroyed resource 'record_vinyl_nrm.dds'
  Destroyed resource 'record_vinyl_spec.dds'
  Destroyed resource 'entities/tribal/ornaments/record_vinyl/record_vinyl.mat'
  Destroyed resource 'record_vinyl_02.msh'
  Destroyed resource 'entities/station/doors/slidedoor_medium_vertical/slidedoor_medium_vertical.dds'
  Destroyed resource 'entities/station/doors/slidedoor_medium_vertical/slidedoor_medium_vertical_nrm.dds'
  Destroyed resource 'entities/station/doors/slidedoor_medium_vertical/slidedoor_medium_vertical_spec.dds'
  Destroyed resource 'entities/station/doors/slidedoor_medium_vertical/slidedoor_medium_vertical_illum.dds'
  Destroyed resource 'entities/station/doors/slidedoor_medium_vertical/slidedoor_medium_vertical.mat'
  Destroyed resource 'slidedoor_medium_vertical.msh'
  Destroyed resource 'entities/station/tech/monitor_theta/monitor_theta.dds'
  Destroyed resource 'entities/station/tech/monitor_theta/monitor_theta_nrm.dds'
  Destroyed resource 'entities/station/tech/monitor_theta/monitor_theta_spec.dds'
  Destroyed resource 'entities/station/tech/monitor_theta/monitor_theta_alpha.dds'
  Destroyed resource 'entities/station/terminals/monitor_theta_terminal/monitor_theta.mat'
  Destroyed resource 'entities/station/tech/computer_panels/computer_panels_small_GUI.dds'
  Destroyed resource 'textures/environment/station_curie_env.dds'
  Destroyed resource 'entities/station/tech/computer_panels/computer_panels_GUI_env_alpha.dds'
  Destroyed resource 'entities/station/terminals/monitor_theta_terminal/screen_small.mat'
  Destroyed resource 'monitor_theta_terminal.msh'
  Destroyed resource 'entities/arabic_fort/lamp/arab_lamp_oil_hanging_01/arab_lamp_oil_hanging_01.dds'
  Destroyed resource 'entities/arabic_fort/lamp/arab_lamp_oil_hanging_01/arab_lamp_oil_hanging_01_nrm.dds'
  Destroyed resource 'entities/arabic_fort/lamp/arab_lamp_oil_hanging_01/arab_lamp_oil_hanging_01_spec.dds'
  Destroyed resource 'entities/arabic_fort/lamp/arab_lamp_oil_hanging_01/arab_lamp_oil_hanging_01_illum.dds'
  Destroyed resource 'entities/arabic_fort/lamp/arab_lamp_oil_hanging_01/arab_lamp_oil_hanging_01.mat'
  Destroyed resource 'entities/tribal/lamp/chandelier_tribe/chandelier_tribe_nrm.dds'
  Destroyed resource 'entities/tribal/lamp/chandelier_tribe/chandelier_tribe_spec.dds'
  Destroyed resource 'entities/tribal/lamp/chandelier_tribe/chandelier_tribe.dds'
  Destroyed resource 'entities/arabic_fort/lamp/arab_lamp_oil_hanging_01/chandelier_tribe.mat'
  Destroyed resource 'arab_lamp_oil_hanging_01.msh'
  Destroyed resource 'lampglow_cone01_hard_softbillboard.mat'
  Destroyed resource 'textures/liquid/water/waterplane_still_nrm.dds'
  Destroyed resource 'C:/Program Files (x86)/Steam/steamapps/common/Amnesia The Bunker/textures/liquid/water/waterplane_oasis.mat'
  Destroyed resource 'textures/liquid/water/waterplane_wild.dds'
  Destroyed resource 'textures/liquid/water/waterplane_large_nrm.dds'
  Destroyed resource 'textures/environment/skybox_midday_desert_scene.dds'
  Destroyed resource 'C:/Program Files (x86)/Steam/steamapps/common/Amnesia The Bunker/textures/liquid/water/waterplane_underwater.mat'
  Destroyed resource 'mods/BunkersEdge/entities/signs/sign_dead_room/sign_dead_room.png'
  Destroyed resource 'mods/BunkersEdge/entities/signs/sign_dead_room/sign_dead_room.mat'
  Destroyed resource 'mods/BunkersEdge/entities/signs/sign_time_room/sign_time_room.png'
  Destroyed resource 'mods/BunkersEdge/entities/signs/sign_time_room/sign_time_room.mat'
  Destroyed resource 'mods/BunkersEdge/entities/signs/sign_sitting_room/sign_sitting_room.png'
  Destroyed resource 'mods/BunkersEdge/entities/signs/sign_sitting_room/sign_sitting_room.mat'
  Destroyed resource 'entities/bunker/organic/corpse_sheet/corpse_sheet_diffuse.dds'
  Destroyed resource 'entities/bunker/organic/corpse_sheet/corpse_sheet_nrm.dds'
  Destroyed resource 'entities/bunker/organic/corpse_sheet/corpse_sheet_spec.dds'
  Destroyed resource 'entities/bunker/organic/corpse_sheet/corpse_sheet.mat'
  Destroyed resource 'entities/french_colonization/organic/webb_head/webb_head.dds'
  Destroyed resource 'entities/french_colonization/organic/webb_head/webb_head_nrm.dds'
  Destroyed resource 'entities/french_colonization/organic/webb_head/webb_head_spec.dds'
  Destroyed resource 'entities/french_colonization/organic/webb_head/webb_head_trans.dds'
  Destroyed resource 'entities/bunker/organic/corpse_sheet/webb_head.mat'
  Destroyed resource 'corpse_sheet.msh'
  Destroyed resource 'entities/station/furniture/bedsheet_old/bedsheet_tau.dds'
  Destroyed resource 'entities/station/furniture/bedsheet_old/bedsheet_tau_nrm.dds'
  Destroyed resource 'entities/station/furniture/bedsheet_old/bedsheet_tau.mat'
  Destroyed resource 'bedsheet_old_corpse_long.msh'
  Destroyed resource 'entities/station/organic/corpse_omicron/Corpse_Omicron_Female.dds'
  Destroyed resource 'entities/station/organic/corpse_habitat_female/corpse_habitat_female_nrm.dds'
  Destroyed resource 'entities/station/organic/corpse_habitat_female/corpse_habitat_female_spec.dds'
  Destroyed resource 'entities/station/organic/corpse_omicron/Corpse_Omicron_Female.mat'
  Destroyed resource 'corpse_omicron_female_lying_down.msh'
  Destroyed resource 'statue_mercury.dds'
  Destroyed resource 'statue_mercury_nrm.dds'
  Destroyed resource 'statue_mercury_spec.dds'
  Destroyed resource 'entities/roman/ornament/statue_mercury/statue_mercury.mat'
  Destroyed resource 'statue_mercury.msh'
  Destroyed resource 'statue_thermae.dds'
  Destroyed resource 'statue_thermae_nrm.dds'
  Destroyed resource 'statue_thermae_spec.dds'
  Destroyed resource 'entities/roman/ornament/statue_thermae/statue_thermae.mat'
  Destroyed resource 'statue_thermae.msh'
  Destroyed resource 'statue_atlas.dds'
  Destroyed resource 'statue_atlas_nrm.dds'
  Destroyed resource 'statue_atlas_spec.dds'
  Destroyed resource 'E:/Projects_ABP33/Project_Anubis/statue_atlas/_submission/2019_11_14_texture/statue_atlas/statue_atlas.mat'
  Destroyed resource 'statue_atlas.msh'
  Destroyed resource 'player_body_soldier_03.dds'
  Destroyed resource 'player_body_soldier_03_nrm.dds'
  Destroyed resource 'player_body_soldier_03_spec.dds'
  Destroyed resource 'entities/bunker/organic/corpse_bits/player_body_soldier_03.mat'
  Destroyed resource 'corpse_03.msh'
  Destroyed resource 'entities/character/stalker/stalker_body/monster_body_nrm.dds'
  Destroyed resource 'entities/character/stalker/stalker_body/monster_body_spec.dds'
  Destroyed resource 'entities/character/stalker/stalker_body/monster_body.dds'
  Destroyed resource 'entities/bunker/organic/corpse_bits/monster_body.mat'
  Destroyed resource 'corpse_clothes.msh'
  Destroyed resource 'mods/BunkersEdge/entities/signs/sign_debug_room/sign_debug_room.png'
  Destroyed resource 'mods/BunkersEdge/entities/signs/sign_debug_room/sign_debug_room.mat'
  Destroyed resource 'entities/bunker/ornaments/sign_explosives/sign_explosives.dds'
  Destroyed resource 'entities/bunker/ornaments/sign_explosives/sign_explosives_nrm.dds'
  Destroyed resource 'entities/bunker/ornaments/sign_explosives/sign_explosives_spec.dds'
  Destroyed resource 'entities/bunker/ornaments/sign_explosives/sign_explosives.mat'
  Destroyed resource 'sign_explosives01.msh'
  Destroyed resource 'mods/official_the_bunker/assets/entities/bunker/gameplay/door_chain/door_chain_eyelet_diffuse.dds'
  Destroyed resource 'mods/official_the_bunker/assets/entities/bunker/gameplay/door_chain/door_chain_eyelet_nrm.dds'
  Destroyed resource 'mods/official_the_bunker/assets/entities/bunker/gameplay/door_chain/door_chain_eyelet_spec.dds'
  Destroyed resource 'entities/bunker/ornaments/sign_02/chain_eyelet.mat'
  Destroyed resource 'entities/bunker/ornaments/sign_02/sign_02_plate_diffuse.dds'
  Destroyed resource 'entities/bunker/ornaments/sign_02/sign_02_plate_nrm.dds'
  Destroyed resource 'entities/bunker/ornaments/sign_02/sign_02_plate_spec.dds'
  Destroyed resource 'entities/bunker/ornaments/sign_02/sign_02_plate.mat'
  Destroyed resource 'mods/official_the_bunker/assets/entities/bunker/gameplay/door_chain/door_chain_diffuse.dds'
  Destroyed resource 'mods/official_the_bunker/assets/entities/bunker/gameplay/door_chain/door_chain_nrm.dds'
  Destroyed resource 'mods/official_the_bunker/assets/entities/bunker/gameplay/door_chain/door_chain_spec.dds'
  Destroyed resource 'entities/bunker/ornaments/sign_02/door_chain.mat'
  Destroyed resource 'sign_02_hanging.msh'
  Destroyed resource 'entities/station/furniture/table_lab/table_lab.dds'
  Destroyed resource 'entities/station/furniture/table_lab/table_lab_nrm.dds'
  Destroyed resource 'entities/station/furniture/table_lab/table_lab_spec.dds'
  Destroyed resource 'entities/station/furniture/table_lab/table_lab.mat'
  Destroyed resource 'table_lab_large.msh'
  Destroyed resource 'stick_pilgrim.dds'
  Destroyed resource 'stick_pilgrim_nrm.dds'
  Destroyed resource 'stick_pilgrim_spec.dds'
  Destroyed resource 'entities/tribal/ornaments/stick_pilgrim/stick_pilgrim.mat'
  Destroyed resource 'stick_pilgrim.msh'
  Destroyed resource '../../../../desk_wooden/export/desk_wooden/furniture/desk_wooden/french_desk_wooden.dds'
  Destroyed resource '../../../../desk_wooden/export/desk_wooden/furniture/desk_wooden/french_desk_wooden_nrm.dds'
  Destroyed resource '../../../../desk_wooden/export/desk_wooden/furniture/desk_wooden/french_desk_wooden_spec.dds'
  Destroyed resource 'entities/bunker/furniture/painting_stand/french_desk_wooden.mat'
  Destroyed resource 'painting_stand.msh'
  Destroyed resource 'playing_cards_deck.msh'
  Destroyed resource 'playing_cards_k.msh'
  Destroyed resource 'playing_cards_8.msh'
  Destroyed resource 'playing_cards_3.msh'
  Destroyed resource 'entities/bunker/ornaments/playing_cards/playing_cards_nrm.dds'
  Destroyed resource 'entities/bunker/ornaments/playing_cards/playing_cards_diffuse.dds'
  Destroyed resource 'entities/bunker/ornaments/playing_cards/playing_cards.mat'
  Destroyed resource 'playing_cards_2.msh'
  Destroyed resource 'gramophone_airplane.dds'
  Destroyed resource 'gramophone_airplane_nrm.dds'
  Destroyed resource 'gramophone_airplane_spec.dds'
  Destroyed resource '../../../Projects-ABP28/Project_Anubis/gramophone_airplane/_submission/gramophone_airplane/gramophone_airplane.mat'
  Destroyed resource 'gramophone_airplane.msh'
  Destroyed resource 'entities/roman/ornament/roman_statue_aristocrat/roman_statue_aristocrat.dds'
  Destroyed resource 'entities/roman/ornament/roman_statue_aristocrat/roman_statue_aristocrat_nrm.dds'
  Destroyed resource 'entities/roman/ornament/roman_statue_aristocrat/roman_statue_aristocrat_spec.dds'
  Destroyed resource 'entities/roman/ornament/roman_statue_aristocrat/roman_statue_aristocrat.mat'
  Destroyed resource 'roman_statue_aristocrat.msh'
  Destroyed resource 'E:/Projects/3d/work/amnesia game/SVN/redist/static_objects/mansionbase/floor/mansionbase_floor.dds'
  Destroyed resource 'E:/Projects/3d/work/amnesia game/SVN/redist/static_objects/mansionbase/floor/mansionbase_floor_nrm.dds'
  Destroyed resource 'E:/Projects/3d/work/amnesia game/SVN/redist/static_objects/mansionbase/floor/mansionbase_floor_spec.dds'
  Destroyed resource 'mods/bunkers_edge/static_objects/tdd/mansionbase/floor/mansionbase_floor.mat'
  Destroyed resource 'mansionbase_window_frame.dds'
  Destroyed resource 'mansionbase_window_frame_nrm.dds'
  Destroyed resource 'mansionbase_window_frame_spec.dds'
  Destroyed resource 'mods/MonkeIsland2/static_objects/tdd/mansionbase/wall/mansionbase_window_frame.mat'
  Destroyed resource 'mansionbase_window_blue.dds'
  Destroyed resource 'mansionbase_window_blue_illum.dds'
  Destroyed resource 'mods/MonkeIsland2/static_objects/tdd/mansionbase/wall/mansionbase_window_blue.mat'
  Destroyed resource 'textures/decals/organic/blood/blood_splatter_light_diffuse.dds'
  Destroyed resource 'textures/decals/organic/blood/blood_splatter_nrm.dds'
  Destroyed resource 'textures/decals/organic/blood/blood_splatter_light_spec.dds'
  Destroyed resource 'textures/decals/organic/blood/blood_splatter.mat'
  Destroyed resource 'mods/MonkeIsland2/static_objects/tdd/mansionbase/mansionbase_floor_boards.dds'
  Destroyed resource 'mods/MonkeIsland2/static_objects/tdd/mansionbase/mansionbase_floor_boards_nrm.dds'
  Destroyed resource 'mods/MonkeIsland2/static_objects/tdd/mansionbase/mansionbase_floor_boards_spec.dds'
  Destroyed resource 'mods/bunkers_edge/static_objects/tdd/mansionbase/floor/mansionbase_floor_boards.mat'
  Destroyed resource 'mansionbase_ceiling_wood.dds'
  Destroyed resource 'mansionbase_ceiling_wood_nrm.dds'
  Destroyed resource 'mansionbase_ceiling_wood_spec.dds'
  Destroyed resource 'mansionbase_ceiling_wood_height.tga'
  Destroyed resource 'mods/bunkers_edge/static_objects/tdd/mansionbase/ceiling/mansionbase_ceiling_wood.mat'
  Destroyed resource 'mansionbase02.dds'
  Destroyed resource 'mansionbase02_nrm.dds'
  Destroyed resource 'mansionbase02_spec.dds'
  Destroyed resource 'mods/BunkersEdge/static_objects/tdd/mansionbase/wall/mansionbase02.mat'
  Destroyed resource 'mansionbase.dds'
  Destroyed resource 'mansionbase_spec.dds'
  Destroyed resource 'mods/BunkersEdge/static_objects/tdd/mansionbase/wall/mansionbase.mat'
  Destroyed resource 'D:/Projects/depth/redist/billboards/halo/lampglow_generic_square.dds'
  Destroyed resource 'C:/Program Files (x86)/Steam/steamapps/common/Amnesia The Bunker/billboards/halo/lampglow_generic_square.mat'
  Destroyed resource 'mods/bunkers_edge/entities/tdd_enemies/servant_grunt/grunt_poseable.ent'
  Destroyed resource 'mods/bunkers_edge/entities/tdd_enemies/servant_grunt/grunt_rigid.ent'
  Destroyed resource 'mods/bunkers_edge/entities/station/ornaments_wall/clock_community_room/clock_community_room.ent'
  Destroyed resource 'entities/dream/apartment_furniture/apartment_chair/apartment_chair.ent'
  Destroyed resource 'mods/bunkers_edge/entities/signs/sign_dead_room/sign_dead_room.ent'
  Destroyed resource 'mods/bunkers_edge/entities/signs/sign_time_room/sign_time_room.ent'
  Destroyed resource 'mods/bunkers_edge/entities/signs/sign_sitting_room/sign_sitting_room.ent'
  Destroyed resource 'entities/bunker/organic/corpse_bits/corpse_bones_thigh_burnt.ent'
  Destroyed resource 'entities/bunker/organic/corpse_sheet/corpse_sheet.ent'
  Destroyed resource 'mods/bunkers_edge/entities/station/furniture/bedsheet_old/bedsheet_old_corpse_long.ent'
  Destroyed resource 'mods/bunkers_edge/entities/station/organic/corpse_omicron/corpse_omicron_female_lying_down.ent'
  Destroyed resource 'entities/roman/ornament/statue_mercury/statue_mercury.ent'
  Destroyed resource 'entities/roman/ornament/statue_thermae/statue_thermae.ent'
  Destroyed resource 'entities/roman/ornament/statue_atlas/statue_atlas.ent'
  Destroyed resource 'entities/bunker/organic/corpse_bits/andrew_corpse_06.ent'
  Destroyed resource 'entities/bunker/organic/corpse_bits/foreman_corpse.ent'
  Destroyed resource 'entities/bunker/organic/corpse_soldier_01/corpse_soldier_01.ent'
  Destroyed resource 'entities/bunker/organic/corpse_soldier_03/corpse_soldier_03.ent'
  Destroyed resource 'entities/bunker/organic/corpse_bits/corpse_leg_01.ent'
  Destroyed resource 'entities/bunker/organic/corpse_bits/corpse_clothes.ent'
  Destroyed resource 'entities/bunker/organic/corpse_bits/corpse_arm_02.ent'
  Destroyed resource 'mods/bunkers_edge/entities/signs/sign_debug_room/sign_debug_room.ent'
  Destroyed resource 'entities/bunker/ornaments/sign_02/sign_02_hanging.ent'
  Destroyed resource 'mods/bunkers_edge/entities/station/furniture/table_lab/table_lab_large.ent'
  Destroyed resource 'entities/tin_hinan/gameplay/button_small/button_small.ent'
  Destroyed resource 'mods/bunkers_edge/entities/station/terminals/computer_panel_terminal/computer_panel_medium_gui.ent'
  Destroyed resource 'entities/bunker/gameplay/trench_shotgun/trench_shotgun_body/trench_shotgun_shotgunner_pickup.ent'
  Destroyed resource 'entities/french_colonization/furniture/french_dresser_small/french_dresser_small.ent'
  Destroyed resource 'entities/french_colonization/ornaments/french_pocket_watch/french_pocket_watch.ent'
  Destroyed resource 'mods/bunkers_edge/entities/station/leisure/music_instrument_drum/music_instrument_drum.ent'
  Destroyed resource 'mods/bunkers_edge/entities/station/leisure/music_instrument_string/music_instrument_string.ent'
  Destroyed resource 'entities/tribal/ornaments/stick_pilgrim/stick_pilgrim.ent'
  Destroyed resource 'entities/dream/apartment_props/apartment_paintings/apartment_painting_01.ent'
  Destroyed resource 'entities/bunker/furniture/painting_stand/painting_stand.ent'
  Destroyed resource 'entities/archaeology/tools/archaeology_brush_big/archaeology_brush_big.ent'
  Destroyed resource 'entities/french_colonization/prison/prison_furniture_stool/prison_furniture_stool.ent'
  Destroyed resource 'mods/bunkers_edge/entities/station/tools/bucket/bucket.ent'
  Destroyed resource 'entities/bunker/storage/shelf_wood/shelf_wood.ent'
  Destroyed resource 'entities/dream/apartment_props/apartment_books/apartment_book_group_06.ent'
  Destroyed resource 'entities/dream/apartment_props/apartment_books/apartment_book_group_09.ent'
  Destroyed resource 'entities/dream/apartment_props/apartment_books/apartment_book_group_04.ent'
  Destroyed resource 'entities/dream/apartment_props/apartment_books/apartment_book_group_07.ent'
  Destroyed resource 'entities/dream/apartment_props/apartment_books/apartment_book_group_03.ent'
  Destroyed resource 'entities/dream/apartment_props/apartment_books/apartment_book_group_01.ent'
  Destroyed resource 'entities/dream/apartment_props/apartment_books/apartment_book_group_02.ent'
  Destroyed resource 'entities/dream/apartment_props/apartment_books/apartment_book_group_10.ent'
  Destroyed resource 'mods/bunkers_edge/entities/station/ornaments/ross_book_jung/ross_book_jung.ent'
  Destroyed resource 'entities/dream/apartment_props/apartment_toys/toy_monkey_ragdol_grab.ent'
  Destroyed resource 'entities/bunker/gameplay/doll_rabbit/doll_rabbit.ent'
  Destroyed resource 'entities/bunker/storage/crate_simple_02/crate_simple_02.ent'
  Destroyed resource 'entities/french_colonization/furniture/arabic_stool/arabic_stool.ent'
  Destroyed resource 'entities/bunker/ornaments/playing_cards/playing_cards_deck.ent'
  Destroyed resource 'entities/bunker/ornaments/playing_cards/playing_cards_k.ent'
  Destroyed resource 'entities/bunker/ornaments/playing_cards/playing_cards_8.ent'
  Destroyed resource 'entities/bunker/ornaments/playing_cards/playing_cards_3.ent'
  Destroyed resource 'entities/bunker/ornaments/playing_cards/playing_cards_2.ent'
  Destroyed resource 'entities/french_colonization/ornaments/bottle_vodka/bottle_vodka.ent'
  Destroyed resource 'entities/bunker/organic/cheese_wheel/cheese_wheel_half.ent'
  Destroyed resource 'entities/french_colonization/ornaments/arab_plate/arab_plate.ent'
  Destroyed resource 'entities/survivors/ornaments/plate_airplane/plate_airplane.ent'
  Destroyed resource 'mods/bunkers_edge/entities/station/storage/food_can_ration/food_can_ration_open_float.ent'
  Destroyed resource 'mods/bunkers_edge/entities/station/storage/food_can_ration/food_can_ration.ent'
  Destroyed resource 'entities/survivors/ornaments/gramophone_airplane/gramophone_airplane.ent'
  Destroyed resource 'entities/tribal/ornaments/record_vinyl/record_vinyl_02.ent'
  Destroyed resource 'mods/bunkers_edge/entities/station/doors/slidedoor_medium_vertical/slidedoor_medium_vertical.ent'
  Destroyed resource 'mods/bunkers_edge/entities/station/special/03_02_robotrepair_terminal/03_02_robotrepair_terminal.ent'
  Destroyed resource 'entities/arabic_fort/lamp/arab_lamp_oil_hanging_01/arab_lamp_oil_hanging_01.ent'
  Destroyed resource 'entities/roman/ornament/roman_statue_aristocrat/roman_statue_aristocrat.ent'
  Destroyed resource 'apartment_painting_01.msh'
  Destroyed resource 'prison_furniture_stool_broken.msh'
  Destroyed resource 'shelf_wood_broken.msh'
  Destroyed resource 'crate_simple_02_broken.msh'
  Destroyed resource 'molotov_wine_broken.msh'
  Destroyed resource 'medkit.msh'
  Destroyed resource 'bandage_tin.msh'
  Destroyed resource 'gas_mask_m2.msh'
  Destroyed resource 'player_body_soldier.msh'
  Destroyed resource 'fuel_cannister.msh'
  Destroyed resource 'fuel_medium.msh'
  Destroyed resource 'molotov_cocktail_bottle_empty_hand.msh'
  Destroyed resource 'rag.msh'
  Destroyed resource 'revolver_bunker.msh'
  Destroyed resource 'trench_shotgun_rig.msh'
  Destroyed resource 'ammo_bullets.msh'
  Destroyed resource 'ammo_shotgun_box.msh'
  Destroyed resource 'magnetlampe.msh'
  Destroyed resource 'torch_stick.msh'
  Destroyed resource 'torch_with_flame_strips.msh'
  Destroyed resource 'torch_with_rag.msh'
  Destroyed resource 'stopwatch.msh'
  Destroyed resource 'grenade_frag.msh'
  Destroyed resource 'grenade_static.msh'
  Destroyed resource 'gas_grenade.msh'
  Destroyed resource 'cutter_model.msh'
  Destroyed resource 'chain_cutters.msh'
  Destroyed resource 'ratchet_spanner_hand.msh'
  Destroyed resource 'wrench_temp.msh'
  Destroyed resource 'gas_mask_hand.msh'
  Destroyed resource 'flare.msh'
  Destroyed resource 'flare.msh'
  Destroyed resource 'lighter.msh'
  Destroyed resource 'medkit_pickup.msh'
  Destroyed resource 'bandages_jar.msh'
  Destroyed resource 'dynamite_stick.msh'
  Destroyed resource 'dynamite_bundle.msh'
  Destroyed resource 'meat_chunk_01.msh'
  Destroyed resource 'lockdown_wheel_rig.msh'
  Destroyed resource 'detonator_handle_rig.msh'
  Destroyed resource 'doll_rabbit_rig.msh'
  Destroyed resource 'metal_door_key_communications.msh'
  Destroyed resource 'metal_door_key_pillbox.msh'
  Destroyed resource 'fuse.msh'
  Destroyed resource 'block_box.msh'
  Destroyed resource 'dogtag_auclair_3397_withstring.msh'
  Destroyed resource 'dogtag_bardin_1889_withstring.msh'
  Destroyed resource 'dogtag_boucher_1923_withstring.msh'
  Destroyed resource 'dogtag_fortin_7750_withstring.msh'
  Destroyed resource 'dogtag_travers_8583_withstring.msh'
  Destroyed resource 'dogtag_laval_0269_withstring.msh'
  Destroyed resource 'dogtag_giraud_1734_withstring.msh'
  Destroyed resource 'dogtag_alphonse_withstring.msh'
  Destroyed resource 'dogtag_brillant_withstring.msh'
  Destroyed resource 'dogtag_chopin_withstring.msh'
  Destroyed resource 'dogtag_courcy_withstring.msh'
  Destroyed resource 'dogtag_dehay_withstring.msh'
  Destroyed resource 'dogtag_dosier_withstring.msh'
  Destroyed resource 'dogtag_granat_withstring.msh'
  Destroyed resource 'dogtag_lebert_withstring.msh'
  Destroyed resource 'molotov_wine_cork.msh'
  Destroyed resource 'molotov_wine_empty.msh'
  Destroyed resource 'grenade.msh'
  Destroyed resource 'gas_grenade_pickup.msh'
  Destroyed resource 'flare_thrown.msh'
  Destroyed resource 'block_out_box.msh'
  Destroyed resource 'bandage_and_roll.msh'
  Destroyed resource 'medkit_no_bandage.msh'
  Destroyed resource 'molotov_cocktail_bottle.msh'
  Destroyed resource 'c:/Program Files (x86)/Steam/steamapps/common/Amnesia The Bunker/entities/bunker/gameplay/molotov_cocktail/animations/bottle_molotov_focus_idle.anm'
  Destroyed resource 'c:/Program Files (x86)/Steam/steamapps/common/Amnesia The Bunker/entities/bunker/gameplay/bandage/animations/medkit_usage_bandage.anm'
  Destroyed resource 'c:/Program Files (x86)/Steam/steamapps/common/Amnesia The Bunker/entities/bunker/gameplay/bandage/animations/bandage_application_bandage.anm'
  Destroyed resource 'c:/Program Files (x86)/Steam/steamapps/common/Amnesia The Bunker/entities/bunker/gameplay/medkit/animations/medkit_usage_medkit.anm'
  Destroyed resource 'c:/Program Files (x86)/Steam/steamapps/common/Amnesia The Bunker/entities/bunker/gameplay/medkit/animations/medkit_usage.anm'
  Destroyed resource 'd:/_job/frictionalgames/amnesia2/amnesia2/redist/entities/dream/apartment_props/apartment_paintings/apartment_painting_01_detached.ent'
  Destroyed resource 'e:/_job/frictional/thebunker/game/redist/entities/french_colonization/prison/prison_furniture_stool/prison_furniture_stool_broken.ent'
  Destroyed resource 'd:/bunker/redist/entities/bunker/storage/shelf_wood/shelf_wood_broken.ent'
  Destroyed resource 'd:/svn repositories/bunker/redist/entities/bunker/storage/crate_simple_02/crate_simple_02_broken.ent'
  Destroyed resource 'c:/frictional/bunker/redist/entities/bunker/gameplay/molotov_cocktail/full_bottle_broken.ent'
  Destroyed resource 'blood_trail.ent'
  Destroyed resource 'medkit_cutscene.ent'
  Destroyed resource 'bandage_cutscene.ent'
  Destroyed resource 'gas_mask_cutscene.ent'
  Destroyed resource 'player_bunker.ent'
  Destroyed resource 'fuel_medium_hand.ent'
  Destroyed resource 'entities/bunker/gameplay/fuel_medium/fuel_medium_pickup.ent'
  Destroyed resource 'molotov_cocktail_empty_hand.ent'
  Destroyed resource 'molotov_cocktail_empty_pickup.ent'
  Destroyed resource 'empty_bottle_hand.ent'
  Destroyed resource 'empty_bottle_pickup.ent'
  Destroyed resource 'rag_pickup.ent'
  Destroyed resource 'full_bottle_hand.ent'
  Destroyed resource 'full_bottle_pickup.ent'
  Destroyed resource 'molotov_cocktail_hand.ent'
  Destroyed resource 'molotov_cocktail_pickup.ent'
  Destroyed resource 'revolver_hand.ent'
  Destroyed resource 'volley_revolver_hand.ent'
  Destroyed resource 'trench_shotgun_hand.ent'
  Destroyed resource 'entities/bunker/gameplay/ammo_bullets/ammo_bullets.ent'
  Destroyed resource 'ammo_shotgun_box.ent'
  Destroyed resource 'magnetlampe_hand.ent'
  Destroyed resource 'torch_stick_pickup.ent'
  Destroyed resource 'torch_lit_hand.ent'
  Destroyed resource 'torch_pickup.ent'
  Destroyed resource 'stopwatch_hand.ent'
  Destroyed resource 'grenade_hand.ent'
  Destroyed resource 'entities/bunker/gameplay/grenade/grenade_pickup.ent'
  Destroyed resource 'gas_grenade_hand.ent'
  Destroyed resource 'gas_grenade_pickup.ent'
  Destroyed resource 'chain_cutters_hand.ent'
  Destroyed resource 'entities/bunker/gameplay/chain_cutters/chain_cutters_pickup.ent'
  Destroyed resource 'wrench_hand.ent'
  Destroyed resource 'wrench.ent'
  Destroyed resource 'gas_mask_pickup.ent'
  Destroyed resource 'flare_hand.ent'
  Destroyed resource 'flare_pickup.ent'
  Destroyed resource 'lighter_hand_new.ent'
  Destroyed resource 'medkit_pickup.ent'
  Destroyed resource 'entities/bunker/gameplay/bandage/bandage_pickup.ent'
  Destroyed resource 'dynamite_stick_pickup.ent'
  Destroyed resource 'dynamite_bundle_hand.ent'
  Destroyed resource 'meat_chunk_01_inventory.ent'
  Destroyed resource 'meat_chunk_01_thrown.ent'
  Destroyed resource 'lockdown_wheel_hand.ent'
  Destroyed resource 'detonator_handle_hand.ent'
  Destroyed resource 'doll_rabbit_hand.ent'
  Destroyed resource 'doll_rabbit_pickup.ent'
  Destroyed resource 'metal_door_key_communications_hand.ent'
  Destroyed resource 'metal_door_key_pillbox_hand.ent'
  Destroyed resource 'fuse_hand.ent'
  Destroyed resource 'fuse_pickup.ent'
  Destroyed resource 'path_area_blocker.ent'
  Destroyed resource 'dogtag_auclair_3397_withstring.ent'
  Destroyed resource 'dogtag_bardin_1889_withstring.ent'
  Destroyed resource 'dogtag_boucher_1923_withstring.ent'
  Destroyed resource 'dogtag_fortin_7750_withstring.ent'
  Destroyed resource 'dogtag_travers_8583_withstring.ent'
  Destroyed resource 'dogtag_laval_0269_withstring.ent'
  Destroyed resource 'dogtag_giraud_1734_withstring.ent'
  Destroyed resource 'dogtag_alphonse_withstring.ent'
  Destroyed resource 'dogtag_brillant_withstring.ent'
  Destroyed resource 'dogtag_choppin_withstring.ent'
  Destroyed resource 'dogtag_courcy_withstring.ent'
  Destroyed resource 'dogtag_dehay_withstring.ent'
  Destroyed resource 'dogtag_dosier_withstring.ent'
  Destroyed resource 'dogtag_granat_withstring.ent'
  Destroyed resource 'dogtag_lebert_withstring.ent'
  Destroyed resource 'bullet_hole.ent'
  Destroyed resource 'entities/bunker/gameplay/molotov_cocktail/full_bottle_thrown.ent'
  Destroyed resource 'empty_bottle_thrown.ent'
  Destroyed resource 'grenade_thrown.ent'
  Destroyed resource 'gas_grenade_thrown.ent'
  Destroyed resource 'flare_thrown_med.ent'
  Destroyed resource 'flare_thrown.ent'
  Destroyed resource 'molotov_cocktail_thrown.ent'
  Destroyed resource 'fuel_spill.ent'
  Destroyed resource 'bandage_cutscene_roll.ent'
  Destroyed resource 'medkit_cutscene_no_bandage.ent'
  Destroyed resource 'molotov_cocktail_empty_thrown.ent'
  Destroyed resource 'apartment_paintings.dds'
  Destroyed resource 'apartment_paintings_spec.dds'
  Destroyed resource 'entities/dream/apartment_props/apartment_paintings/apartment_paintings.mat'
  Destroyed resource 'prison_furniture_stool.dds'
  Destroyed resource 'prison_furniture_stool_nrm.dds'
  Destroyed resource 'prison_furniture_stool_spec.dds'
  Destroyed resource 'entities/french_colonization/prison/prison_furniture_stool/prison_furniture_stool.mat'
  Destroyed resource 'entities/bunker/storage/shelf_wood/shelf_wood.dds'
  Destroyed resource 'entities/bunker/storage/shelf_wood/shelf_wood_nrm.dds'
  Destroyed resource 'entities/bunker/storage/shelf_wood/shelf_wood_spec.dds'
  Destroyed resource 'entities/bunker/storage/shelf_wood/shelf_wood.mat'
  Destroyed resource 'entities/bunker/storage/crate_simple_02/crate_simple_02.dds'
  Destroyed resource 'entities/bunker/storage/crate_simple_02/crate_simple_02_nrm.dds'
  Destroyed resource 'textures/detail/wood_detail_nrm.dds'
  Destroyed resource 'entities/bunker/storage/crate_simple_02/crate_simple_02.mat'
  Destroyed resource 'textures/decals/bunker/debris_splinters/debris_splinters01_nrm.dds'
  Destroyed resource 'textures/decals/bunker/debris_splinters/debris_splinters01_spec.dds'
  Destroyed resource 'textures/decals/bunker/debris_splinters/debris_splinters01.dds'
  Destroyed resource 'entities/bunker/storage/crate_simple_02/debris_splinters02.mat'
  Destroyed resource 'molotov_wine.dds'
  Destroyed resource 'entities/bunker/gameplay/molotov_cocktail/molotov_wine.mat'
  Destroyed resource 'textures/screeneffects/water_splash_screen_diffuse.dds'
  Destroyed resource 'textures/liquid/water/waterplane_nrm.dds'
  Destroyed resource 'water_splash_screen.mat'
  Destroyed resource 'textures/screeneffects/water_drip_screen_diffuse.dds'
  Destroyed resource 'textures/screeneffects/water_drip_screen_nrm.dds'
  Destroyed resource 'water_drip_screen.mat'
  Destroyed resource 'textures/screeneffects/player_damage_screen_diffuse.dds'
  Destroyed resource 'textures/screeneffects/player_damage_screen_nrm.dds'
  Destroyed resource 'player_damage_screen.mat'
  Destroyed resource 'textures/screeneffects/player_damage_screen_minor.dds'
  Destroyed resource 'player_damage_screen_minor.mat'
  Destroyed resource 'textures/screeneffects/player_damage_screen_major.dds'
  Destroyed resource 'player_damage_screen_major.mat'
  Destroyed resource 'textures/screeneffects/vignette_screen_diffuse.dds'
  Destroyed resource 'vignette_screen.mat'
  Destroyed resource 'textures/screeneffects/vignette_screen_strong_diffuse.dds'
  Destroyed resource 'vignette_screen_strong.mat'
  Destroyed resource 'textures/screeneffects/vignette_screen_strongest_diffuse.dds'
  Destroyed resource 'vignette_screen_strongest.mat'
  Destroyed resource '_temp/max/graphics/gasmask_screen.dds'
  Destroyed resource 'gasmask_screen.mat'
  Destroyed resource 'textures/screeneffects/red_overlay.dds'
  Destroyed resource 'player_health_screen.mat'
  Destroyed resource 'entities/dynamic_decals/blood_trail/blood_trail.dds'
  Destroyed resource 'entities/dynamic_decals/blood_trail/blood_trail_nrm.dds'
  Destroyed resource 'entities/dynamic_decals/blood_trail/blood_trail_spec.dds'
  Destroyed resource 'entities/dynamic_decals/blood_trail/blood_trail.mat'
  Destroyed resource 'static_objects/technical/blocking_tools/block_temp.dds'
  Destroyed resource 'static_objects/technical/block_out_tools/block_temp.mat'
  Destroyed resource 'entities/_temp/marc/bandages/bandages.dds'
  Destroyed resource 'entities/_temp/marc/bandages/bandages_nrm.dds'
  Destroyed resource 'entities/_temp/marc/bandages/bandages_spec.dds'
  Destroyed resource 'entities/bunker/gameplay/medkit/bandages.mat'
  Destroyed resource 'entities/bunker/gameplay/bottle_meds/bottle_meds_diffuse.dds'
  Destroyed resource 'entities/bunker/gameplay/bottle_meds/bottle_meds_nrm.dds'
  Destroyed resource 'entities/bunker/gameplay/bottle_meds/bottle_meds_spec.dds'
  Destroyed resource 'entities/bunker/gameplay/medkit/bottle_meds.mat'
  Destroyed resource 'entities/bunker/gameplay/medkit/medkit.dds'
  Destroyed resource 'entities/bunker/gameplay/medkit/medkit_nrm.dds'
  Destroyed resource 'entities/bunker/gameplay/medkit/medkit_spec.dds'
  Destroyed resource 'entities/bunker/gameplay/medkit/medkit.mat'
  Destroyed resource 'entities/bunker/gameplay/gas_mask_m2/gas_mask_m2.dds'
  Destroyed resource 'entities/bunker/gameplay/gas_mask_m2/gas_mask_m2_nrm.dds'
  Destroyed resource 'entities/bunker/gameplay/gas_mask_m2/gas_mask_m2_spec.DDS'
  Destroyed resource 'entities/bunker/gameplay/gas_mask_m2/gas_mask_m2_alpha.dds'
  Destroyed resource 'entities/bunker/gameplay/gas_mask_m2/gas_mask_m2.mat'
  Destroyed resource 'entities/bunker/gameplay/gas_mask_m2/gas_mask_glass.dds'
  Destroyed resource 'entities/bunker/gameplay/gas_mask_m2/gas_mask_glass.mat'
  Destroyed resource 'textures/technical/blank_nrm.dds'
  Destroyed resource 'textures/technical/simple_grey.mat'
  Destroyed resource '../../../../player_body/Submit/player_body_soldier/character/player_body_soldier/player_body_soldier_body_nrm.dds'
  Destroyed resource '../../../../player_body/Submit/player_body_soldier/character/player_body_soldier/player_body_soldier_body_spec.dds'
  Destroyed resource '../../../../player_body/Submit/player_body_soldier/character/player_body_soldier/player_body_soldier_body.dds'
  Destroyed resource 'entities/character/player/player_body/player_body_soldier_body.mat'
  Destroyed resource '../../../../player_body/Submit/player_body_soldier/character/player_body_soldier/player_body_soldier_arms_nrm.dds'
  Destroyed resource '../../../../player_body/Submit/player_body_soldier/character/player_body_soldier/player_body_soldier_arms_spec.dds'
  Destroyed resource '../../../../player_body/Submit/player_body_soldier/character/player_body_soldier/player_body_soldier_arms.dds'
  Destroyed resource 'entities/character/player/player_body/player_body_soldier_arms.mat'
  Destroyed resource 'entities/character/player/player_body/player_body_soldier_hand.dds'
  Destroyed resource 'entities/character/player/player_body/player_body_soldier_hand_nrm.dds'
  Destroyed resource 'entities/character/player/player_body/player_body_soldier_hand_spec.dds'
  Destroyed resource 'entities/character/player/player_body/player_body_soldier_hand_trinkle.dds'
  Destroyed resource 'entities/character/player/player_body/player_body_soldier_hand.mat'
  Destroyed resource 'fuel_medium.dds'
  Destroyed resource 'fuel_medium_nrm.dds'
  Destroyed resource 'fuel_medium_spec.dds'
  Destroyed resource 'entities/bunker/gameplay/fuel_medium/fuel_medium.mat'
  Destroyed resource 'entities/bunker/gameplay/molotov_cocktail/molotov_wine_empty.dds'
  Destroyed resource 'molotov_wine_nrm.dds'
  Destroyed resource 'molotov_wine_spec.dds'
  Destroyed resource 'entities/bunker/gameplay/molotov_cocktail/molotov_wine_empty.mat'
  Destroyed resource 'entities/bunker/gameplay/molotov_cocktail/molotov_rag_diffuse.mat'
  Destroyed resource 'textures/decals/nonexclusive/blob_shadow.dds'
  Destroyed resource 'D:/SVN Repositories/Bunker/redist/textures/decals/nonexclusive/blob_shadow.mat'
  Destroyed resource 'entities/bunker/gameplay/rag/molotov_rag.mat'
  Destroyed resource 'entities/bunker/gameplay/molotov_cocktail/cork.dds'
  Destroyed resource 'entities/bunker/gameplay/molotov_cocktail/cork_nrm.dds'
  Destroyed resource 'entities/bunker/gameplay/molotov_cocktail/cork_spec.dds'
  Destroyed resource 'entities/bunker/gameplay/molotov_cocktail/cork.mat'
  Destroyed resource 'mods/official_the_bunker/assets/entities/nonexclusive/gameplay/revolver/revolver_bunker_diffuse.dds'
  Destroyed resource 'mods/official_the_bunker/assets/entities/nonexclusive/gameplay/revolver/revolver_bunker_nrm.dds'
  Destroyed resource 'mods/official_the_bunker/assets/entities/nonexclusive/gameplay/revolver/revolver_bunker_spec.dds'
  Destroyed resource 'entities/bunker/gameplay/revolver/revolver_bunker.mat'
  Destroyed resource 'soldier_blind_shotgun_body.dds'
  Destroyed resource 'soldier_blind_shotgun_body_nrm.dds'
  Destroyed resource 'soldier_blind_shotgun_body_spec.dds'
  Destroyed resource 'entities/bunker/gameplay/trench_shotgun/trench_shotgun_body/soldier_blind_shotgun_body.mat'
  Destroyed resource 'trench_shotgun.dds'
  Destroyed resource 'trench_shotgun_nrm.dds'
  Destroyed resource 'trench_shotgun_spec.dds'
  Destroyed resource 'entities/bunker/gameplay/trench_shotgun/trench_shotgun_body/trench_shotgun.mat'
  Destroyed resource '../../../DLC/ammo_bullets/_submit/ammo_bullets/characters/ammo_bullets/ammo_bullets.dds'
  Destroyed resource '../../../DLC/ammo_bullets/_submit/ammo_bullets/characters/ammo_bullets/ammo_bullets_nrm.dds'
  Destroyed resource '../../../DLC/ammo_bullets/_submit/ammo_bullets/characters/ammo_bullets/ammo_bullets_spec.dds'
  Destroyed resource '../../batch_15/ammo_bullets/submit/ammo_bullets/characters/ammo_bullets/ammo_bullets.mat'
  Destroyed resource '../../../../../ammo_shotgun/_submit/ammo_shotgun/prop/ammo_shotgun.dds'
  Destroyed resource '../../../../../ammo_shotgun/_submit/ammo_shotgun/prop/ammo_shotgun_nrm.dds'
  Destroyed resource '../../../../../ammo_shotgun/_submit/ammo_shotgun/prop/ammo_shotgun_spec.dds'
  Destroyed resource 'entities/bunker/gameplay/ammo_shotgun/ammo_shotgun.mat'
  Destroyed resource 'entities/bunker/gameplay/magnetlampe/spinning_element_diffuse.dds'
  Destroyed resource 'D:/Work/bunker/redist/entities/bunker/gameplay/magnetlampe/spinning_element.mat'
  Destroyed resource 'entities/bunker/gameplay/magnetlampe/spinning_blur.dds'
  Destroyed resource 'D:/Work/bunker/redist/entities/bunker/gameplay/magnetlampe/spinning_blur.mat'
  Destroyed resource 'billboards/halo/lampglow_cone01_portal_beam.dds'
  Destroyed resource 'D:/Work/bunker/redist/billboards/halo/lampglow_cone01_hard_color.mat'
  Destroyed resource 'billboards/halo/lampglow_cone02.dds'
  Destroyed resource 'D:/Work/bunker/redist/billboards/halo/lampglow_cone02.mat'
  Destroyed resource 'billboards/halo/lampglow_cone01.dds'
  Destroyed resource 'D:/bunker/redist/billboards/halo/lampglow_cone01_hard_noise.mat'
  Destroyed resource 'mods/official_the_bunker/assets/entities/nonexclusive/gameplay/magnetlampe/magnetlampe_steel_tiling_diffuse.dds'
  Destroyed resource 'mods/official_the_bunker/assets/entities/nonexclusive/gameplay/magnetlampe/magnetlampe_steel_tiling_nrm.dds'
  Destroyed resource 'mods/official_the_bunker/assets/entities/nonexclusive/gameplay/magnetlampe/magnetlampe_steel_tiling_spec.dds'
  Destroyed resource 'entities/bunker/gameplay/magnetlampe/magnetlampe_steel_tiling.mat'
  Destroyed resource 'entities/bunker/gameplay/magnetlampe/magnetlampe_diffuse.dds'
  Destroyed resource 'entities/bunker/gameplay/magnetlampe/magnetlampe_nrm.dds'
  Destroyed resource 'entities/bunker/gameplay/magnetlampe/magnetlampe_spec.dds'
  Destroyed resource 'entities/bunker/gameplay/magnetlampe/magnetlampe_illum.dds'
  Destroyed resource 'entities/bunker/gameplay/magnetlampe/magnetlampe.mat'
  Destroyed resource 'mods/official_the_bunker/assets/entities/bunker/gameplay/torch_stick/torch_stick_diffuse.dds'
  Destroyed resource 'mods/official_the_bunker/assets/entities/bunker/gameplay/torch_stick/torch_stick_nrm.dds'
  Destroyed resource 'mods/official_the_bunker/assets/entities/bunker/gameplay/torch_stick/torch_stick_spec.dds'
  Destroyed resource 'entities/bunker/gameplay/torch_stick/torch_stick.mat'
  Destroyed resource 'lights/lensflare/multi_iris_simple.dds'
  Destroyed resource 'C:/Users/aaron/Documents/Work/bunker/redist/lights/lensflare/multi_iris_simple.mat'
  Destroyed resource 'billboards/special/torch_flame/torch_flame_sway_29fps.mat'
  Destroyed resource 'billboards/special/torch_flame/torch_flame_sway_32fps.mat'
  Destroyed resource 'entities/bunker/gameplay/molotov_cocktail/molotov_rag_diffuse.dds'
  Destroyed resource 'entities/bunker/gameplay/molotov_cocktail/molotov_rag_nrm.dds'
  Destroyed resource 'entities/bunker/gameplay/molotov_cocktail/molotov_rag_spec.dds'
  Destroyed resource 'entities/bunker/gameplay/molotov_cocktail/molotov_rag_alpha.dds'
  Destroyed resource 'entities/bunker/gameplay/torch_stick/torch_fuel_burn/torch_fuel_burn_0001.dds'
  Destroyed resource 'entities/bunker/gameplay/torch_stick/torch_stick_rag_lit.mat'
  Destroyed resource 'billboards/special/torch_flame/torch_flame_001.dds'
  Destroyed resource 'entities/bunker/gameplay/torch_stick/torch_flame.mat'
  Destroyed resource 'stopwatch.dds'
  Destroyed resource 'stopwatch_nrm.dds'
  Destroyed resource 'stopwatch_spec.dds'
  Destroyed resource 'entities/bunker/gameplay/stopwatch/stopwatch.mat'
  Destroyed resource 'entities/arabic_fort/special/02_03_grenade/grenade.dds'
  Destroyed resource 'entities/arabic_fort/special/02_03_grenade/grenade_nrm.dds'
  Destroyed resource 'entities/arabic_fort/special/02_03_grenade/grenade_spec.dds'
  Destroyed resource 'entities/bunker/gameplay/grenade/grenade.mat'
  Destroyed resource 'grenade_of1.dds'
  Destroyed resource 'grenade_of1_nrm.dds'
  Destroyed resource 'grenade_of1_spec.dds'
  Destroyed resource 'entities/bunker/gameplay/grenade/grenade_of1.mat'
  Destroyed resource '../../../../../Gas Grenade/gas_grenade/gas_grenade/gas_grenade/gas_grenade.dds'
  Destroyed resource '../../../../../Gas Grenade/gas_grenade/gas_grenade/gas_grenade/gas_grenade_nrm.dds'
  Destroyed resource '../../../../../Gas Grenade/gas_grenade/gas_grenade/gas_grenade/gas_grenade_Spec.dds'
  Destroyed resource 'entities/bunker/gameplay/gas_grenade/gas_grenade.mat'
  Destroyed resource 'chain_cutters.dds'
  Destroyed resource 'chain_cutters_nrm.dds'
  Destroyed resource 'chain_cutters_spec.dds'
  Destroyed resource 'entities/bunker/gameplay/chain_cutters/chain_cutters.mat'
  Destroyed resource '../../../../../Ratchet Spanner/submit/03092021_ratchet _spanner_blockout/ratchet_spanner/ratchet_spanner/ratchet_spanner/ratchet_spanner.dds'
  Destroyed resource '../../../../../Ratchet Spanner/submit/03092021_ratchet _spanner_blockout/ratchet_spanner/ratchet_spanner/ratchet_spanner/ratchet_spanner_nrm.dds'
  Destroyed resource '../../../../../Ratchet Spanner/submit/03092021_ratchet _spanner_blockout/ratchet_spanner/ratchet_spanner/ratchet_spanner/ratchet_spanner_Spec.dds'
  Destroyed resource 'entities/bunker/gameplay/ratchet_spanner/ratchet_spanner.mat'
  Destroyed resource 'textures/technical/simple_grey.dds'
  Destroyed resource 'entities/bunker/gameplay/wrench/simple_grey.mat'
  Destroyed resource 'entities/nonexclusive/gameplay/flare/flare.dds'
  Destroyed resource 'entities/nonexclusive/gameplay/flare/flare_nrm.dds'
  Destroyed resource 'entities/nonexclusive/gameplay/flare/flare_spec.dds'
  Destroyed resource 'entities/bunker/gameplay/flare/flare.mat'
  Destroyed resource 'billboards/special/matchflame/matchflame_large/matchflame_large_01.dds'
  Destroyed resource 'C:/Users/aaron/Documents/Work/Amnesia2/trunk/redist/billboards/special/matchflame/matchflame_large/matchflame_large.mat'
  Destroyed resource 'C:/Users/aaron/Documents/Work/bunker/redist/billboards/halo/lampglow_large_no_depth.mat'
  Destroyed resource 'lighter.dds'
  Destroyed resource 'lighter_nrm.dds'
  Destroyed resource 'lighter_spec.dds'
  Destroyed resource 'entities/bunker/gameplay/lighter/lighter.mat'
  Destroyed resource '../../../../../dynamite_stick/_Submit/dynamite_stick/Characters/dynamite_stick/dynamite_stick.dds'
  Destroyed resource '../../../../../dynamite_stick/_Submit/dynamite_stick/Characters/dynamite_stick/dynamite_stick_nrm.dds'
  Destroyed resource '../../../../../dynamite_stick/_Submit/dynamite_stick/Characters/dynamite_stick/dynamite_stick_spec.dds'
  Destroyed resource '../../../../../Gameplay props - dynamite_stick/_Submit/dynamite_stick/Characters/dynamite_stick/dynamite_stick.mat'
  Destroyed resource 'dynamite_bundle.dds'
  Destroyed resource 'dynamite_bundle_nrm.dds'
  Destroyed resource 'dynamite_bundle_spec.dds'
  Destroyed resource '../../../../../dynamite_bundle/xtraa/dynamite_bundle/characters/dynamite_bundle/dynamite_bundle.mat'
  Destroyed resource 'entities/bunker/gameplay/meat_chunks/meat_chunks_diffuse.dds'
  Destroyed resource 'entities/bunker/gameplay/meat_chunks/meat_chunks_nrm.dds'
  Destroyed resource 'entities/bunker/gameplay/meat_chunks/meat_chunks_spec.dds'
  Destroyed resource 'entities/bunker/gameplay/meat_chunks/meat_chunks.mat'
  Destroyed resource 'entities/bunker/gameplay/lockdown_wheel/lockdown_wheel.dds'
  Destroyed resource 'entities/bunker/gameplay/lockdown_wheel/lockdown_wheel_nrm.dds'
  Destroyed resource 'entities/bunker/gameplay/lockdown_wheel/lockdown_wheel_spec.dds'
  Destroyed resource 'entities/bunker/gameplay/lockdown_wheel/lockdown_wheel.mat'
  Destroyed resource '../../../Batch_15/Detonator/Submit/detonator/Characters/detonator/detonator.dds'
  Destroyed resource '../../../Batch_15/Detonator/Submit/detonator/Characters/detonator/detonator_nrm.dds'
  Destroyed resource '../../../Batch_15/Detonator/Submit/detonator/Characters/detonator/detonator_spec.DDS'
  Destroyed resource 'entities/bunker/gameplay/detonator/detonator.mat'
  Destroyed resource '../../../../../../../doll_rabbit/Submit/doll_rabbit/prop/doll_rabbit.dds'
  Destroyed resource '../../../../../../../doll_rabbit/Submit/doll_rabbit/prop/doll_rabbit_nrm.dds'
  Destroyed resource '../../../../../../../doll_rabbit/Submit/doll_rabbit/prop/doll_rabbit_spec.dds'
  Destroyed resource 'entities/bunker/gameplay/doll_rabbit/doll_rabbit.mat'
  Destroyed resource 'entities/bunker/gameplay/metal_door_lock/metal_door_lock.dds'
  Destroyed resource 'entities/bunker/gameplay/metal_door_lock/metal_door_lock_nrm.dds'
  Destroyed resource 'entities/bunker/gameplay/metal_door_lock/metal_door_lock_spec.dds'
  Destroyed resource 'entities/bunker/gameplay/metal_door_lock/metal_door_lock.mat'
  Destroyed resource 'entities/bunker/gameplay/fuse/fuse_diffuse.dds'
  Destroyed resource 'entities/bunker/gameplay/fuse/fuse_nrm.dds'
  Destroyed resource 'entities/bunker/gameplay/fuse/fuse_spec.dds'
  Destroyed resource 'entities/bunker/gameplay/fuse/fuse.mat'
  Destroyed resource 'D:/SVN/depth_trunk/redist/entities/technical/block_box/block_box.dds'
  Destroyed resource 'entities/technical/block_box/block_box.mat'
  Destroyed resource 'entities/bunker/gameplay/dogtag/dogtag_diffuse.dds'
  Destroyed resource 'entities/bunker/gameplay/dogtag/dogtag_nrm.dds'
  Destroyed resource 'entities/bunker/gameplay/dogtag/dogtag_spec.dds'
  Destroyed resource 'entities/bunker/gameplay/dogtag/dogtag.mat'
  Destroyed resource 'entities/bunker/gameplay/dogtag/dogtag_string_diffuse.dds'
  Destroyed resource 'entities/bunker/gameplay/dogtag/dogtag_string_nrm.dds'
  Destroyed resource 'entities/bunker/gameplay/dogtag/dogtag_string_illum.dds'
  Destroyed resource 'entities/bunker/gameplay/dogtag/dogtag_string.mat'
  Destroyed resource 'entities/bunker/gameplay/dogtag/dogtag_string_shadow.dds'
  Destroyed resource 'entities/bunker/gameplay/dogtag/dogtag_string_shadow.mat'
  Destroyed resource 'entities/bunker/gameplay/dogtag/dogtag_alphabet_diffuse.dds'
  Destroyed resource 'entities/bunker/gameplay/dogtag/dogtag_alphabet_nrm.dds'
  Destroyed resource 'entities/bunker/gameplay/dogtag/dogtag_alphabet_spec.dds'
  Destroyed resource 'entities/bunker/gameplay/dogtag/dogtag_alphabet.mat'
  Destroyed resource 'textures/decals/bunker/bullet_holes/bullet_hole_bunkerwall_diffuse.dds'
  Destroyed resource 'textures/decals/bunker/bullet_holes/bullet_hole_nrm.dds'
  Destroyed resource 'textures/decals/bunker/bullet_holes/bullet_hole_height.dds'
  Destroyed resource 'textures/decals/bunker/bullet_holes/bullet_holes_bunkerwall_decal.mat'
  Destroyed resource 'billboards/halo/lampglow_generic.dds'
  Destroyed resource 'C:/Program Files (x86)/Steam/steamapps/common/Amnesia The Bunker/billboards/halo/lampglow_generic.mat'
  Destroyed resource 'billboards/halo/lampglow_large_generic.dds'
  Destroyed resource 'D:/SVN Repositories/Bunker/redist/billboards/halo/lampglow_large_soft.mat'
  Destroyed resource 'textures/decals/bunker/fuel_splash/fuel_splash_diffuse.dds'
  Destroyed resource 'textures/decals/bunker/fuel_splash/fuel_splash_nrm.dds'
  Destroyed resource 'textures/decals/bunker/fuel_splash/fuel_splash_spec.dds'
  Destroyed resource 'textures/environment/generic_reflection_inside.dds'
  Destroyed resource 'textures/decals/bunker/fuel_splash/fuel_splash_decal.mat'
   'LuxEventDatabaseHandler'
   'LuxPlayer'
   'LuxEffectHandler'
   'LuxSoundscapeHandler'
   'LuxDialogHandler'
   'LuxCritterHandler'
   'LuxVerletAnimationHandler'
   'LuxSoundOcclusionHandler'
   'HintHandler'
   'DescriptionHandler'
   'TerrainParticleHandler'
   'LightFlashHandler'
   'MapEffectsHandler'
   'GameOverHandler'
   'HighlightEffectHandler'
   'PlayerHandsHandler'
   'CreditsHandler'
   'PlayerBodyHandler'
   'EyeTrackingHandler'
   'ModEventHandler'
   'LoadScreensHandler'
   'DebugDrawHandler'
   'VerletAnimationHandler'
   'MapTransferHandler'
   'MenuHandler'
   'ItemHandler'
   'DeathHandler'
   'SketchbookUIHandler'
   'TerrorHandler'
   'AgentBlackboardModule'
   'PlayerEmotionHandler'
   'FontHandler'
   'GeneratorModule'
   'SaveRoomHandler'
   'EnvironmentalDamageHandler'
   'RatHandler'
   'InGameMapHandler'
   'RandomizerHandler'
   'BulletHandler'
   'BombingHandler'
   'GameStatsHandler'
   'GameDifficultyHandler'
   'ParkourHandler'
   'PorkHandler'
   'LuxSaveHandler'
 Deleting config files.
--------------------------------------------------------

Exiting Script Module
--------------------------------------------------------
--------------------------------------------------------

Exiting Gui Module
--------------------------------------------------------
 Deleting all im guis
  Destroyed resource 'work_56.fnt'
  Destroyed resource 'orbitron_72.fnt'
 Deleting all sets
 Deleting all skins
 Deleting all gfx elements
  Destroyed resource 'loadscreen_startup.dds'
  Destroyed resource 'loadscreen_mask.dds'
  Destroyed resource 'loading_bar.dds'
  Destroyed resource 'loading_frame.dds'
  Destroyed resource 'loadscreen_bg_previously_on.dds'
  Destroyed resource 'loadscreen_bg.dds'
  Destroyed resource 'save_icon_layer0.dds'
  Destroyed resource 'save_icon_layer1.dds'
  Destroyed resource 'loading_stage0.dds'
  Destroyed resource 'loading_stage1.dds'
  Destroyed resource 'loading_stage2.dds'
  Destroyed resource 'loading_stage3.dds'
  Destroyed resource 'loading_stage4.dds'
  Destroyed resource 'closed_caption_directional_arrow.tga'
  Destroyed resource 'startmenu_button_direction2.tga'
  Destroyed resource 'startmenu_button_xbox_B.tga'
  Destroyed resource 'startmenu_button_xbox_A.tga'
  Destroyed resource 'startmenu_vignette.dds'
  Destroyed resource 'startmenu_bg.dds'
  Destroyed resource 'startmenu_title_1k.dds'
  Destroyed resource 'simple_black.dds'
  Destroyed resource 'bleeding_icon_background.dds'
  Destroyed resource 'bleeding_icon.dds'
  Destroyed resource 'crosshair_use_torch.tga'
  Destroyed resource 'crosshair_aim.tga'
  Destroyed resource 'crosshair_use_lighter.tga'
  Destroyed resource 'crosshair_use_wrench.tga'
  Destroyed resource 'crosshair_use_cutters.tga'
  Destroyed resource 'crosshair_use_empty_bottle.tga'
  Destroyed resource 'crosshair_use_fuel_bottle.tga'
  Destroyed resource 'crosshair_use_fuel.tga'
  Destroyed resource 'crosshair_snuff.tga'
  Destroyed resource 'crosshair_use_cannon.tga'
  Destroyed resource 'crosshair_touch.tga'
  Destroyed resource 'crosshair_nohints.tga'
  Destroyed resource 'crosshair_pull_vertical.tga'
  Destroyed resource 'crosshair_magnify.tga'
  Destroyed resource 'crosshair_default_large.tga'
  Destroyed resource 'crosshair_sit_enter.tga'
  Destroyed resource 'crosshair_climb_ledge.tga'
  Destroyed resource 'crosshair_door_locked.tga'
  Destroyed resource 'crosshair_exit_level.tga'
  Destroyed resource 'crosshair_read.tga'
  Destroyed resource 'crosshair_talk.tga'
  Destroyed resource 'crosshair_climb_ladder.tga'
  Destroyed resource 'crosshair_pick_up_forbidden.tga'
  Destroyed resource 'crosshair_pick_up.tga'
  Destroyed resource 'crosshair_push_button.tga'
  Destroyed resource 'crosshair_rotate_one_handed.tga'
  Destroyed resource 'crosshair_rotate.tga'
  Destroyed resource 'crosshair_pull_door_hatch.tga'
  Destroyed resource 'crosshair_pull_door.tga'
  Destroyed resource 'crosshair_pull_out.tga'
  Destroyed resource 'crosshair_pull_sideways.tga'
  Destroyed resource 'crosshair_pull_lever_small.tga'
  Destroyed resource 'crosshair_pull_lever.tga'
  Destroyed resource 'crosshair_push.tga'
  Destroyed resource 'crosshair_carry_one_handed.tga'
  Destroyed resource 'but_rt.tga'
  Destroyed resource 'but_lt.tga'
  Destroyed resource 'dpad_base.tga'
  Destroyed resource 'dpad_right.tga'
  Destroyed resource 'dpad_left.tga'
  Destroyed resource 'dpad_down.tga'
  Destroyed resource 'dpad_up.tga'
  Destroyed resource 'but_rb.tga'
  Destroyed resource 'but_lb.tga'
  Destroyed resource 'stick_r.tga'
  Destroyed resource 'stick_l.tga'
  Destroyed resource 'but_start.tga'
  Destroyed resource 'but_back.tga'
  Destroyed resource 'but_y.tga'
  Destroyed resource 'but_x.tga'
  Destroyed resource 'but_b.tga'
  Destroyed resource 'but_a.tga'
  Destroyed resource 'mousewheeldown.tga'
  Destroyed resource 'mousewheelup.tga'
  Destroyed resource 'mouseright.tga'
  Destroyed resource 'mousemiddle.tga'
  Destroyed resource 'mouseleft.tga'
  Destroyed resource 'mousebase.tga'
  Destroyed resource 'key_enter.tga'
  Destroyed resource 'key_tab.tga'
  Destroyed resource 'key.tga'
  Destroyed resource 'inventory_vignette.dds'
  Destroyed resource 'crosshair_default.tga'
  Destroyed resource 'imgui_pointer_normal.tga'
  Destroyed resource 'gui_def_pointer_normal.tga'
  Destroyed resource 'gui_def_pointer_text.tga'
  Destroyed resource 'gui_def_window_border_r.tga'
  Destroyed resource 'gui_def_window_border_l.tga'
  Destroyed resource 'gui_def_window_border_u.tga'
  Destroyed resource 'gui_def_window_border_d.tga'
  Destroyed resource 'gui_def_window_corner_lu.tga'
  Destroyed resource 'gui_def_window_corner_ru.tga'
  Destroyed resource 'gui_def_window_corner_rd.tga'
  Destroyed resource 'gui_def_window_corner_ld.tga'
  Destroyed resource 'gui_def_window_label.tga'
  Destroyed resource 'gui_def_window_cross.tga'
  Destroyed resource 'gui_def_frame_border_r.tga'
  Destroyed resource 'gui_def_frame_border_l.tga'
  Destroyed resource 'gui_def_frame_border_u.tga'
  Destroyed resource 'gui_def_frame_border_d.tga'
  Destroyed resource 'gui_def_frame_corner_lu.tga'
  Destroyed resource 'gui_def_frame_corner_ru.tga'
  Destroyed resource 'gui_def_frame_corner_rd.tga'
  Destroyed resource 'gui_def_frame_corner_ld.tga'
  Destroyed resource 'gui_def_checkbox_unchecked.tga'
  Destroyed resource 'gui_def_checkbox_checked.tga'
  Destroyed resource 'gui_def_textbox_marker00.tga'
  Destroyed resource 'gui_def_textbox_marker01.tga'
  Destroyed resource 'gui_def_combobox_border.tga'
  Destroyed resource 'gui_def_slider_vert_arrow_u.tga'
  Destroyed resource 'gui_def_slider_vert_arrow_d.tga'
  Destroyed resource 'gui_def_slider_handle_hori.tga'
  Destroyed resource 'gui_def_button_up_corner_ru.tga'
  Destroyed resource 'gui_def_button_up_corner_ld.tga'
  Destroyed resource 'gui_def_button_up_border_l.tga'
  Destroyed resource 'gui_def_button_up_border_r.tga'
  Destroyed resource 'gui_def_button_up_border_d.tga'
  Destroyed resource 'gui_def_button_up_border_u.tga'
  Destroyed resource 'gui_def_button_up_corner_rd.tga'
  Destroyed resource 'gui_def_button_down_corner_ru.tga'
  Destroyed resource 'gui_def_button_up_corner_lu.tga'
  Destroyed resource 'gui_def_button_down_corner_ld.tga'
  Destroyed resource 'gui_def_menu_checked.tga'
  Destroyed resource 'gui_def_menu_arrow.tga'
  Destroyed resource 'gui_def_tab_label_border_d.tga'
  Destroyed resource 'gui_def_tab_label_corner_rd.tga'
  Destroyed resource 'gui_def_tab_label_corner_ld.tga'
  Destroyed resource 'gui_def_tab_border_r.tga'
  Destroyed resource 'gui_def_tab_border_l.tga'
  Destroyed resource 'gui_def_tab_border_u.tga'
  Destroyed resource 'gui_def_tab_border_d.tga'
  Destroyed resource 'gui_def_tab_corner_lu.tga'
  Destroyed resource 'gui_def_tab_corner_ru.tga'
  Destroyed resource 'gui_def_tab_corner_rd.tga'
  Destroyed resource 'gui_def_tab_corner_ld.tga'
  Destroyed resource 'gui_def_slider_hori_arrow_u.tga'
  Destroyed resource 'gui_def_slider_hori_arrow_d.tga'
  Destroyed resource 'gui_def_group_corner_lu.tga'
  Destroyed resource 'gui_def_group_border_lr.tga'
  Destroyed resource 'gui_def_group_corner_rd.tga'
  Destroyed resource 'gui_def_group_border_ud.tga'
  Destroyed resource 'gui_def_filepicker_upbutton.tga'
  Destroyed resource 'gui_def_filepicker_newdirbutton.tga'
  Destroyed resource 'gui_def_filepicker_icon_graphics.tga'
  Destroyed resource 'gui_def_filepicker_icon_models.tga'
  Destroyed resource 'gui_def_filepicker_icon_sounds.tga'
  Destroyed resource 'gui_def_filepicker_icon_text.tga'
  Destroyed resource 'gui_def_filepicker_icon_rest.tga'
  Destroyed resource 'gui_def_filepicker_icon_folder.tga'
  Destroyed resource 'gui_def_treeview_expand.tga'
  Destroyed resource 'gui_def_treeview_collapse.tga'
  Destroyed resource 'gui_def_collapsiblepane_collapsed.tga'
  Destroyed resource 'gui_def_collapsiblepane_expanded.tga'
 Deleting all materials
--------------------------------------------------------

Exiting Generate Module
--------------------------------------------------------
--------------------------------------------------------

Exiting Scene Module
--------------------------------------------------------
--------------------------------------------------------

Exiting Input Module
--------------------------------------------------------
--------------------------------------------------------

Exiting Sound Module
--------------------------------------------------------
  Destroyed resource 'hallway.ogg'
--------------------------------------------------------

Exiting Graphics Module
--------------------------------------------------------
  Destroyed resource 'core_dissolve.tga'

-------------------
Potential resource leaks
-------------------
  Destroyed resource 'core_blue_noise.dds'
-------------------

--------------------------------------------------------

Exiting Resources Module
--------------------------------------------------------
  Destroyed resource 'default_small.fnt'
  Destroyed resource 'default_medium_outline.fnt'
  Destroyed resource 'vera.fnt'
  Destroyed resource 'viewer.fnt'
  Destroyed resource 'special_elite_72.fnt'
  Destroyed resource 'noto_sans_28.fnt'
  Destroyed resource 'work_72.fnt'
 Done with fonts
  Destroyed resource 'player/PlayerState_Interact_Grab.hps'
  Destroyed resource 'custom/modules/RandomizerHandler.hps'
  Destroyed resource 'effects/Effect_ImageFadeFX.hps'
  Destroyed resource 'player/PlayerState_Interact_Lever.hps'
  Destroyed resource 'props/Prop_Pickup.hps'
  Destroyed resource 'player/PlayerState_Interact_SwingDoor.hps'
  Destroyed resource 'custom/player/PlayerState_UsingGrenade.hps'
  Destroyed resource 'effects/Effect_Shake.hps'
  Destroyed resource 'modules/LightFlashHandler.hps'
  Destroyed resource 'custom/player/PlayerState_UsingVolleyGun_Reload.hps'
  Destroyed resource 'custom/modules/InGameMapHandler.hps'
  Destroyed resource 'props/Prop_SlideDoor.hps'
  Destroyed resource 'effects/Effect_ChromaticAberration.hps'
  Destroyed resource 'modules/HighlightEffectHandler.hps'
  Destroyed resource 'custom/modules/AgentBlackboard.hps'
  Destroyed resource 'areas/area_InteractAux.hps'
  Destroyed resource 'player/PlayerState_Interact_Read.hps'
  Destroyed resource 'base/InputHandler.hps'
  Destroyed resource 'player/PlayerState_Null.hps'
  Destroyed resource 'custom/modules/GameDifficultyHandler.hps'
  Destroyed resource 'custom/player/PlayerState_ParkourZipline.hps'
  Destroyed resource 'script/custom/components/LampComponent.hps'
  Destroyed resource 'effects/Effect_LensDistortion.hps'
  Destroyed resource 'player/PlayerState_ClimbLedge.hps'
  Destroyed resource 'props/Prop_Terminal.hps'
  Destroyed resource 'custom/player/PlayerState_ParkourClimbLedge.hps'
  Destroyed resource 'custom/player/PlayerState_Slide.hps'
  Destroyed resource 'custom/base/AchievementHandler.hps'
  Destroyed resource 'props/Prop_PlayerBody.hps'
  Destroyed resource 'player/PlayerState_Interact_Tear.hps'
  Destroyed resource 'custom/player/PlayerState_UsingShotgun_Aim.hps'
  Destroyed resource 'custom/player/PlayerState_UsingGun_Reload.hps'
  Destroyed resource 'custom/MoveState_Normal_Custom.hps'
  Destroyed resource 'custom/modules/BulletHandler.hps'
  Destroyed resource 'modules/GameOverHandler.hps'
  Destroyed resource 'modules/ModEventHandler.hps'
  Destroyed resource 'script/custom/components/WoodenBreakableComponent.hps'
  Destroyed resource 'player/PlayerState_CustomControls.hps'
  Destroyed resource 'custom/modules/BombingHandler.hps'
  Destroyed resource 'modules/DescriptionHandler.hps'
  Destroyed resource 'effects/Effect_Roll_Shake.hps'
  Destroyed resource 'custom/player/PlayerState_UsingPuzzleItem.hps'
  Destroyed resource 'custom/modules/ItemHandler.hps'
  Destroyed resource 'props/Prop_Push.hps'
  Destroyed resource 'custom/player/PlayerState_UsingEmptyBottle.hps'
  Destroyed resource 'custom/player/PlayerState_UsingMeat.hps'
  Destroyed resource 'custom/player/PlayerState_UsingFlare.hps'
  Destroyed resource 'custom/modules/GeneratorModule.hps'
  Destroyed resource 'custom/player/PlayerState_UsingEmptyMolotovCocktail.hps'
  Destroyed resource 'custom/player/PlayerState_UsingWrench.hps'
  Destroyed resource 'effects/Effect_Screen.hps'
  Destroyed resource 'player/PlayerState_Interact_Terminal.hps'
  Destroyed resource 'custom/modules/TerrorHandler.hps'
  Destroyed resource 'effects/Effect_Sway.hps'
  Destroyed resource 'areas/Area_Trigger.hps'
  Destroyed resource 'base/EventDatabaseHandler.hps'
  Destroyed resource 'player/PlayerState_Interact_MovingButton.hps'
  Destroyed resource 'custom/modules/PorkHandler.hps'
  Destroyed resource 'custom/player/PlayerState_UsingVolleyGun_Aim.hps'
  Destroyed resource 'modules/EyeTrackingHandler.hps'
  Destroyed resource 'custom/player/PlayerState_ParkourWallSlide.hps'
  Destroyed resource 'effects/Effect_Insanity.hps'
  Destroyed resource 'base/RichPresenceHandler.hps'
  Destroyed resource 'custom/player/PlayerState_UsingGun_Aim.hps'
  Destroyed resource 'main/MoveState_Dead.hps'
  Destroyed resource 'custom/modules/SaveRoomHandler.hps'
  Destroyed resource 'effects/Effect_Gamepad.hps'
  Destroyed resource 'custom/modules/SketchbookUIHandler.hps'
  Destroyed resource 'custom/player/PlayerState_UsingRabbitDoll.hps'
  Destroyed resource 'custom/player/PlayerState_UsingCutters.hps'
  Destroyed resource 'custom/player/PlayerState_UsingMolotovCocktail.hps'
  Destroyed resource 'custom/player/PlayerState_Normal_Custom.hps'
  Destroyed resource 'custom/player/MoveState_Swim.hps'
  Destroyed resource 'custom/player/PlayerState_UsingPocketWatch.hps'
  Destroyed resource 'custom/player/MoveState_ParkourWallScramble.hps'
  Destroyed resource 'custom/player/MoveState_ParkourWallRun.hps'
  Destroyed resource 'custom/player/PlayerState_ParkourSpeedVault.hps'
  Destroyed resource 'props/Prop_Grab.hps'
  Destroyed resource 'effects/Effect_ToneMapping.hps'
  Destroyed resource 'ending.hps'
  Destroyed resource 'effects/Effect_ImageTrail.hps'
  Destroyed resource 'custom/modules/MenuHandler.hps'
  Destroyed resource 'custom/modules/GameStatsHandler.hps'
  Destroyed resource 'effects/Effect_FOV_Shake.hps'
  Destroyed resource 'custom/modules/PlayerBodyHandler_Custom.hps'
  Destroyed resource 'effects/Effect_Flash.hps'
  Destroyed resource 'effects/Effect_Blur.hps'
  Destroyed resource 'player/PlayerState_Interact_Wheel.hps'
  Destroyed resource 'custom/player/PlayerState_ParkourPoleClimb.hps'
  Destroyed resource 'custom/player/PlayerState_Thrown.hps'
  Destroyed resource 'custom/player/MoveState_ParkourBeamWalk.hps'
  Destroyed resource 'custom/player/PlayerState_ReadMemoryCylinder.hps'
  Destroyed resource 'custom/player/PlayerState_UsingKey.hps'
  Destroyed resource 'props/Prop_Lamp.hps'
  Destroyed resource 'base/HeroStatsHandler.hps'
  Destroyed resource 'modules/HintHandler.hps'
  Destroyed resource 'modules/CreditsHandler.hps'
  Destroyed resource 'custom/modules/PlayerEmotionHandler.hps'
  Destroyed resource 'player/PlayerState_Dead.hps'
  Destroyed resource 'custom/player/PlayerState_UsingFuel.hps'
  Destroyed resource 'custom/player/PlayerState_UsingLantern.hps'
  Destroyed resource 'props/Prop_MovingButton.hps'
  Destroyed resource 'player/PlayerState_CutsceneAnimation.hps'
  Destroyed resource 'player/PlayerState_InteractiveCutsceneAnimation.hps'
  Destroyed resource 'custom/player/PlayerState_Interact_CombinationLock.hps'
  Destroyed resource 'custom/player/PlayerState_UsingTorch.hps'
  Destroyed resource 'custom/player/PlayerState_UsingShotgun_Reload.hps'
  Destroyed resource 'modules/PlayerHandsHandler.hps'
  Destroyed resource 'custom/player/PlayerState_UsingFuelBottle.hps'
  Destroyed resource 'custom/modules/RatHandler.hps'
  Destroyed resource 'custom/player/PlayerState_LightingTorch.hps'
  Destroyed resource 'effects/Effect_RadialBlur.hps'
  Destroyed resource 'custom/effects/Effect_DollyZoom.hps'
  Destroyed resource 'props/Prop_Rigid.hps'
  Destroyed resource 'global_init.hps'
  Destroyed resource 'custom/player/PlayerState_UsingLighter.hps'
  Destroyed resource 'effects/Effect_DoF.hps'
  Destroyed resource 'custom/player/MoveState_Animated.hps'
  Destroyed resource 'custom/player/PlayerState_ParkourPoleSwing.hps'
  Destroyed resource 'areas/LiquidArea_Default.hps'
  Destroyed resource 'custom/player/PlayerState_UsingHealthItem.hps'
  Destroyed resource 'modules/MapEffectsHandler.hps'
  Destroyed resource 'player/PlayerState_Sit.hps'
  Destroyed resource 'player/PlayerState_Interact_ReadDogTag.hps'
  Destroyed resource 'modules/MapTransferHandler.hps'
  Destroyed resource 'custom/player/PlayerState_CheckHealth.hps'
  Destroyed resource 'player/PlayerState_Interact_Slide.hps'
  Destroyed resource 'custom/player/PlayerState_Inventory.hps'
  Destroyed resource 'modules/DebugDrawHandler.hps'
  Destroyed resource 'player/PlayerState_Interact_ZoomArea.hps'
  Destroyed resource 'custom/modules/DeathHandler.hps'
  Destroyed resource 'custom/modules/ParkourHandler.hps'
  Destroyed resource 'base/GuiHandler.hps'
  Destroyed resource 'modules/LoadScreensHandler.hps'
  Destroyed resource 'props/Prop_Slide.hps'
  Destroyed resource 'modules/TerrainParticleHandler.hps'
  Destroyed resource 'custom/player/Player_Custom.hps'
  Destroyed resource 'player/PlayerState_InteractiveCameraAnimation.hps'
  Destroyed resource 'custom/modules/EnvironmentalDamageHandler.hps'
  Destroyed resource 'main/MoveState_Climb.hps'
  Destroyed resource 'custom/player/PlayerState_Conversation_Custom.hps'
  Destroyed resource 'custom/modules/FontHandler.hps'
  Destroyed resource 'custom/player/PlayerState_UsingGasGrenade.hps'
  Destroyed resource 'player/PlayerState_Ladder.hps'
  Destroyed resource 'modules/VerletAnimationHandler.hps'
  Destroyed resource 'player/PlayerState_Interact_Push.hps'
 Done with scripts
  Destroyed resource 'bullet_impact_wood.ps'
  Destroyed resource 'particles/impacts/materials/ps_dust_soft.mat'
  Destroyed resource 'particles/debris/materials/rock_debris_nrm.dds'
  Destroyed resource 'particles/debris/materials/rock_debris_spec.dds'
  Destroyed resource 'particles/debris/materials/rock_debris.dds'
  Destroyed resource 'particles/debris/materials/rock_debris.mat'
  Destroyed resource 'bullet_impact_rock.ps'
  Destroyed resource 'bullet_impact_dirt.ps'
  Destroyed resource 'e:/_job/frictional/thebunker/game/redist/particles/dust/dust_impact_wood.ps'
  Destroyed resource 'bullet_impact_water_bright.ps'
  Destroyed resource 'particles/dust/materials/dust_light_tiny.mat'
  Destroyed resource 'C:/Program Files (x86)/Steam/steamapps/common/Amnesia The Bunker/particles/dust/dust_light_medium.ps'
  Destroyed resource 'particles/dust/materials/dust_light_tiny_add_lampefade.mat'
  Destroyed resource 'd:/svn repositories/bunker/redist/particles/dust/dust_magnetlampe.ps'
  Destroyed resource 'D:/Projects/depth/redist/lights/lensflare/flare_star_simple.dds'
  Destroyed resource 'd:/work/studio/frictional games/amnesia2/trunk/redist/lights/lensflare/flare_star_simple.mat'
  Destroyed resource 'particles/smoke/materials/smoke_continous_animated.mat'
  Destroyed resource 'particles/smoke/materials/fog_ambient_large.dds'
  Destroyed resource 'particles/smoke/materials/fog_ambient_large.mat'
  Destroyed resource 'revolver_fire.ps'
  Destroyed resource 'particles/impacts/materials/ps_water_ripple01.dds'
  Destroyed resource 'particles/impacts/materials/water_ripple_nrm.dds'
  Destroyed resource 'particles/impacts/materials/ps_water_ripple01.mat'
  Destroyed resource 'particles/impacts/materials/particle_water_splash.dds'
  Destroyed resource 'particles/impacts/materials/particle_water_splash_nrm.dds'
  Destroyed resource 'particles/impacts/materials/ps_water_splash01.mat'
  Destroyed resource 'bullet_impact_water.ps'
  Destroyed resource 'particles/water/materials/water_ripples.dds'
  Destroyed resource 'particles/water/materials/water_ripples_nrm.dds'
  Destroyed resource 'particles/water/materials/water_ripples.mat'
  Destroyed resource 'swim_ripples_oneshot.ps'
  Destroyed resource 'particles/fire/materials/fire_blurry.dds'
  Destroyed resource 'particles/fire_blurry_soft.mat'
  Destroyed resource 'c:/_job/frictional/the_bunker/game/redist/particles/fire/molotov_light.ps'
  Destroyed resource 'particles/fire/materials/ember.dds'
  Destroyed resource 'particles/fire/materials/ember_add.mat'
  Destroyed resource 'particles/fire/materials/heat_refraction.dds'
  Destroyed resource 'particles/fire/materials/heat_refraction_nrm.dds'
  Destroyed resource 'particles/fire/materials/heat_refraction.mat'
  Destroyed resource 'c:/users/aaron/documents/work/amnesia2/trunk/redist/mods/official_the_bunker/assets/particles/torch_fire.ps'
  Destroyed resource 'particles/dust/materials/ash_flake.dds'
  Destroyed resource 'particles/dust/materials/ash_flake_light.mat'
  Destroyed resource 'bullet_impact_wood_bright.ps'
  Destroyed resource 'particles/dust/materials/dust_cloud_softParticlesOn.mat'
  Destroyed resource 'C:/Users/aaron/Documents/Work/bunker/redist/particles/flare_cloud.ps'
  Destroyed resource 'particles/underwater/materials/waterbubbles_small.dds'
  Destroyed resource 'particles/_temp/alex/waterbubbles_small.mat'
  Destroyed resource 'underwater.ps'
  Destroyed resource 'bullet_impact_blood_bright.ps'
  Destroyed resource 'dust_impact_simple_oneshot.ps'
  Destroyed resource 'particles/dust/materials/dust_light_tiny.dds'
  Destroyed resource 'particles/dust/materials/dust_light_tiny_add.mat'
  Destroyed resource 'particles/_temp/marc/sandstorm/dust_sandstorm_001.dds'
  Destroyed resource 'particles/smoke/materials/smoke_continous_animated_soft.mat'
  Destroyed resource 'C:/Users/aaron/Documents/Work/bunker/redist/particles/flare_flame.ps'
  Destroyed resource 'particles/dust/materials/dust_sand_long_thin.dds'
  Destroyed resource 'particles/dust/materials/dust_sand_long_thin.mat'
  Destroyed resource 'particles/dust/materials/dust_cloud.mat'
  Destroyed resource 'bombing_effect.ps'
  Destroyed resource 'particles/impacts/materials/particle_dirt.dds'
  Destroyed resource 'particles/impacts/materials/ps_dirt.mat'
  Destroyed resource 'bullet_impact_dirt_bright.ps'
  Destroyed resource 'particles/level_specific/03_06_ghouls_nest/spark.dds'
  Destroyed resource 'particles/level_specific/03_06_ghouls_nest/spark.mat'
  Destroyed resource 'sparks_tiny.ps'
  Destroyed resource 'particles/dust/materials/dust_cloud_subdiv.mat'
  Destroyed resource 'bullet_impact_blood.ps'
  Destroyed resource 'particles/dust/materials/dust_cloud.dds'
  Destroyed resource 'particles/dust/materials/dust_cloud_noDof.mat'
  Destroyed resource 'c:/frictional/bunker/redist/particles/dust/dust_impact_med_oneshot.ps'
  Destroyed resource 'particles/impacts/materials/ps_dust.mat'
  Destroyed resource 'bullet_impact_metal.ps'
  Destroyed resource 'bullet_impact_rock_bright.ps'
  Destroyed resource 'particles/water/materials/particle_water_splash.dds'
  Destroyed resource 'particles/water/materials/particle_water_splash_nrm.dds'
  Destroyed resource 'particles/water/materials/water_splash_small.mat'
  Destroyed resource 'fuel_throw.ps'
  Destroyed resource 'particles/impacts/materials/particle_dust.dds'
  Destroyed resource 'particles/impacts/materials/ps_dust_ignore_light.mat'
  Destroyed resource 'particles/impacts/materials/particle_spark.dds'
  Destroyed resource 'particles/impacts/materials/ps_spark.mat'
  Destroyed resource 'bullet_impact_metal_bright.ps'
  Destroyed resource 'particles/dust/materials/sandmonster_movement_dust_cloud.dds'
  Destroyed resource 'particles/dust/materials/sandmonster_movement_dust_cloud.mat'
  Destroyed resource 'sand_slide.ps'
 Done with particles
 Done with sounds
 Done with meshes
  Destroyed resource 'textures/pork/those_who_pork.png'
  Destroyed resource 'textures/pork/those_who_pork.mat'
 Done with materials
 Done with Gpu programs
 Done with images
 Stopped texture stream thread
  Destroyed resource 'grading_default.dds'
  Destroyed resource 'core_value_noise.dds'
  Destroyed resource 'core_dissolve_array.dds'
  Destroyed resource 'core_bokeh.tga'
 Destroyed all textures
 Done with sound entities
  Destroyed resource 'c:/Program Files (x86)/Steam/steamapps/common/Amnesia The Bunker/entities/character/player/animations/crouch_turn_left90_larm.anm'
  Destroyed resource 'c:/Program Files (x86)/Steam/steamapps/common/Amnesia The Bunker/entities/character/player/animations/knocked_forward_by_explosion.anm'
  Destroyed resource 'c:/Program Files (x86)/Steam/steamapps/common/Amnesia The Bunker/mods/BunkersEdge/entities/tdd_enemies/servant_grunt/animations/turn_180_custom.anm'
  Destroyed resource 'c:/Program Files (x86)/Steam/steamapps/common/Amnesia The Bunker/mods/BunkersEdge/entities/tdd_enemies/servant_grunt/animations/glimpse_ahead_start.anm'
  Destroyed resource 'c:/Program Files (x86)/Steam/steamapps/common/Amnesia The Bunker/entities/bunker/gameplay/medkit/animations/medkit_focus_start.anm'
  Destroyed resource 'c:/Program Files (x86)/Steam/steamapps/common/Amnesia The Bunker/entities/character/player/animations/player_shotgun_idle_one_handed_tr_reload_larm.anm'
  Destroyed resource 'c:/Program Files (x86)/Steam/steamapps/common/Amnesia The Bunker/entities/character/player/animations/lean_right.anm'
  Destroyed resource 'c:/Program Files (x86)/Steam/steamapps/common/Amnesia The Bunker/entities/character/player/animations/wake_up_from_death_3_crouch.anm'
  Destroyed resource 'c:/Program Files (x86)/Steam/steamapps/common/Amnesia The Bunker/entities/bunker/gameplay/wrench/Animations/wrench_focus_idle.anm'
  Destroyed resource 'c:/Program Files (x86)/Steam/steamapps/common/Amnesia The Bunker/entities/character/player/animations/wake_up_from_death_1c.anm'
  Destroyed resource 'c:/Program Files (x86)/Steam/steamapps/common/Amnesia The Bunker/entities/character/player/animations/crouch_bkwd_right_rarm.anm'
  Destroyed resource 'c:/Program Files (x86)/Steam/steamapps/common/Amnesia The Bunker/entities/character/player/animations/player_gun_reload_cylinder_spin_rarm.anm'
  Destroyed resource 'c:/Program Files (x86)/Steam/steamapps/common/Amnesia The Bunker/entities/character/player/animations/player_molotov_throw_rarm.anm'
  Destroyed resource 'c:/Program Files (x86)/Steam/steamapps/common/Amnesia The Bunker/entities/character/player/animations/player_head_shotgun_fire_shell_02.anm'
  Destroyed resource 'c:/Program Files (x86)/Steam/steamapps/common/Amnesia The Bunker/entities/character/player/animations/player_wrench_focus_end_larm.anm'
  Destroyed resource 'c:/Program Files (x86)/Steam/steamapps/common/Amnesia The Bunker/entities/character/player/animations/jump_launch.anm'
  Destroyed resource 'c:/Program Files (x86)/Steam/steamapps/common/Amnesia The Bunker/entities/character/player/animations/walk_right_bkwd.anm'
  Destroyed resource 'c:/Program Files (x86)/Steam/steamapps/common/Amnesia The Bunker/entities/bunker/gameplay/gas_grenade/animations/gas_grenade_holster.anm'
  Destroyed resource 'c:/Program Files (x86)/Steam/steamapps/common/Amnesia The Bunker/entities/bunker/gameplay/trench_shotgun/animations/shotgun_aim_idle_tr_idle_one_handed.anm'
  Destroyed resource 'c:/Program Files (x86)/Steam/steamapps/common/Amnesia The Bunker/entities/character/player/animations/player_bottle_focus_idle_rarm.anm'
  Destroyed resource 'c:/Program Files (x86)/Steam/steamapps/common/Amnesia The Bunker/entities/character/player/animations/player_head_gun_shot_3.anm'
  Destroyed resource 'c:/Program Files (x86)/Steam/steamapps/common/Amnesia The Bunker/entities/character/player/animations/player_bandage_focus_start_larm.anm'
  Destroyed resource 'c:/Program Files (x86)/Steam/steamapps/common/Amnesia The Bunker/entities/character/player/animations/player_detonator_handle_equip_rarm.anm'
  Destroyed resource 'c:/Program Files (x86)/Steam/steamapps/common/Amnesia The Bunker/entities/character/player/animations/player_check_health_damage_last_stage_start_larm.anm'
  Destroyed resource 'c:/Program Files (x86)/Steam/steamapps/common/Amnesia The Bunker/entities/character/player/animations/player_death_under.anm'
  Destroyed resource 'c:/Program Files (x86)/Steam/steamapps/common/Amnesia The Bunker/entities/character/player/animations/player_magnetlampe_equip_larm.anm'
  Destroyed resource 'c:/Program Files (x86)/Steam/steamapps/common/Amnesia The Bunker/entities/character/player/animations/player_fuel_bottle_holster_rarm.anm'
  Destroyed resource 'c:/Program Files (x86)/Steam/steamapps/common/Amnesia The Bunker/entities/character/player/animations/player_shotgun_idle_two_handed_tr_aim_idle_rarm.anm'
  Destroyed resource 'c:/Program Files (x86)/Steam/steamapps/common/Amnesia The Bunker/entities/character/player/animations/player_magnetlampe_unequip_larm.anm'
  Destroyed resource 'c:/Program Files (x86)/Steam/steamapps/common/Amnesia The Bunker/entities/character/player/animations/player_molotov_focus_start_larm.anm'
  Destroyed resource 'c:/Program Files (x86)/Steam/steamapps/common/Amnesia The Bunker/entities/character/player/animations/player_prone_idle_tr_crouch.anm'
  Destroyed resource 'c:/Program Files (x86)/Steam/steamapps/common/Amnesia The Bunker/entities/character/player/animations/crouch_idle_larm.anm'
  Destroyed resource 'c:/Program Files (x86)/Steam/steamapps/common/Amnesia The Bunker/entities/character/player/animations/player_check_health_full_start_larm.anm'
  Destroyed resource 'c:/Program Files (x86)/Steam/steamapps/common/Amnesia The Bunker/entities/character/player/animations/player_bandage_focus_idle_rarm.anm'
  Destroyed resource 'c:/Program Files (x86)/Steam/steamapps/common/Amnesia The Bunker/entities/character/player/animations/player_pocketwatch_focus_idle_rarm.anm'
  Destroyed resource 'c:/Program Files (x86)/Steam/steamapps/common/Amnesia The Bunker/entities/character/player/animations/player_fuel_bottle_equip_rarm.anm'
  Destroyed resource 'c:/Program Files (x86)/Steam/steamapps/common/Amnesia The Bunker/entities/character/player/animations/player_throw_crouching_1.anm'
  Destroyed resource 'c:/Program Files (x86)/Steam/steamapps/common/Amnesia The Bunker/entities/character/player/animations/player_shot_shotgun_01.anm'
  Destroyed resource 'c:/Program Files (x86)/Steam/steamapps/common/Amnesia The Bunker/entities/bunker/gameplay/molotov_cocktail/animations/bottle_molotov_equip.anm'
  Destroyed resource 'c:/Program Files (x86)/Steam/steamapps/common/Amnesia The Bunker/entities/character/player/animations/player_medkit_focus_idle_larm.anm'
  Destroyed resource 'c:/Program Files (x86)/Steam/steamapps/common/Amnesia The Bunker/entities/character/player/animations/player_molotov_throw_larm.anm'
  Destroyed resource 'c:/Program Files (x86)/Steam/steamapps/common/Amnesia The Bunker/entities/character/player/animations/player_fuel_cannister_throw_fuel_start_rarm.anm'
  Destroyed resource 'c:/Program Files (x86)/Steam/steamapps/common/Amnesia The Bunker/entities/character/player/animations/player_empty_molotov_holster_rarm.anm'
  Destroyed resource 'c:/Program Files (x86)/Steam/steamapps/common/Amnesia The Bunker/entities/character/player/animations/walk_bkwd_rarm.anm'
  Destroyed resource 'c:/Program Files (x86)/Steam/steamapps/common/Amnesia The Bunker/entities/character/player/animations/player_rabbit_focus_end_rarm.anm'
  Destroyed resource 'c:/Program Files (x86)/Steam/steamapps/common/Amnesia The Bunker/entities/character/player/animations/player_gun_shot_empty_larm.anm'
  Destroyed resource 'c:/Program Files (x86)/Steam/steamapps/common/Amnesia The Bunker/entities/character/player/animations/climb_idle_left.anm'
  Destroyed resource 'c:/Program Files (x86)/Steam/steamapps/common/Amnesia The Bunker/entities/bunker/gameplay/gas_grenade/animations/gas_grenade_focus_idle.anm'
  Destroyed resource 'c:/Program Files (x86)/Steam/steamapps/common/Amnesia The Bunker/entities/character/player/animations/player_gun_relaxed_tr_aim_larm.anm'
  Destroyed resource 'c:/Program Files (x86)/Steam/steamapps/common/Amnesia The Bunker/entities/character/player/animations/player_grenade_focus_end_larm.anm'
  Destroyed resource 'c:/Program Files (x86)/Steam/steamapps/common/Amnesia The Bunker/entities/bunker/gameplay/lighter/animations/lighter_equip.anm'
  Destroyed resource 'c:/Program Files (x86)/Steam/steamapps/common/Amnesia The Bunker/entities/character/player/animations/walk_left_bkwd_larm.anm'
  Destroyed resource 'c:/Program Files (x86)/Steam/steamapps/common/Amnesia The Bunker/entities/character/player/animations/player_magnetlampe_chargeup_end_larm.anm'
  Destroyed resource 'c:/Program Files (x86)/Steam/steamapps/common/Amnesia The Bunker/entities/character/player/animations/player_deathscene_grabbed_ghoulhole.anm'
  Destroyed resource 'c:/Program Files (x86)/Steam/steamapps/common/Amnesia The Bunker/entities/character/player/animations/player_bandage_focus_start_rarm.anm'
  Destroyed resource 'c:/Program Files (x86)/Steam/steamapps/common/Amnesia The Bunker/entities/character/player/animations/player_head_shotgun_reload_end_pump_tr_check_ammo.anm'
  Destroyed resource 'c:/Program Files (x86)/Steam/steamapps/common/Amnesia The Bunker/entities/character/player/animations/player_head_shotgun_check_ammo_idle.anm'
  Destroyed resource 'c:/Program Files (x86)/Steam/steamapps/common/Amnesia The Bunker/entities/bunker/gameplay/gas_grenade/animations/gas_grenade_focus_end.anm'
  Destroyed resource 'c:/Program Files (x86)/Steam/steamapps/common/Amnesia The Bunker/entities/bunker/gameplay/magnetlampe/animations/magnetlampe_chargeup_start.anm'
  Destroyed resource 'c:/Program Files (x86)/Steam/steamapps/common/Amnesia The Bunker/entities/bunker/gameplay/revolver/animations/gun_reload_cylinder_spin.anm'
  Destroyed resource 'c:/Program Files (x86)/Steam/steamapps/common/Amnesia The Bunker/entities/bunker/gameplay/stopwatch/animations/stopwatch_idle_click.anm'
  Destroyed resource 'c:/Program Files (x86)/Steam/steamapps/common/Amnesia The Bunker/entities/character/player/animations/player_head_shotgun_check_ammo_pump_tr_aim_idle.anm'
  Destroyed resource 'c:/Program Files (x86)/Steam/steamapps/common/Amnesia The Bunker/entities/character/player/animations/player_shotgun_fire_shell_02_larm.anm'
  Destroyed resource 'c:/Program Files (x86)/Steam/steamapps/common/Amnesia The Bunker/entities/character/player/animations/player_lockdown_wheel_focus_start_rarm.anm'
  Destroyed resource 'c:/Program Files (x86)/Steam/steamapps/common/Amnesia The Bunker/entities/bunker/gameplay/gas_grenade/animations/gas_grenade_throw.anm'
  Destroyed resource 'c:/Program Files (x86)/Steam/steamapps/common/Amnesia The Bunker/entities/character/player/animations/player_dynamite_bundle_use.anm'
  Destroyed resource 'c:/Program Files (x86)/Steam/steamapps/common/Amnesia The Bunker/entities/character/player/animations/player_stopwatch_focus_idle_rarm.anm'
  Destroyed resource 'c:/Program Files (x86)/Steam/steamapps/common/Amnesia The Bunker/entities/character/player/animations/player_gas_grenade_holster_rarm.anm'
  Destroyed resource 'c:/Program Files (x86)/Steam/steamapps/common/Amnesia The Bunker/entities/character/player/animations/player_empty_molotov_idle_rarm.anm'
  Destroyed resource 'c:/Program Files (x86)/Steam/steamapps/common/Amnesia The Bunker/entities/character/player/animations/player_wrench_idle_rarm.anm'
  Destroyed resource 'c:/Program Files (x86)/Steam/steamapps/common/Amnesia The Bunker/entities/bunker/gameplay/trench_shotgun/animations/shotgun_check_ammo_idle.anm'
  Destroyed resource 'c:/Program Files (x86)/Steam/steamapps/common/Amnesia The Bunker/entities/bunker/gameplay/wrench/Animations/wrench_focus_end.anm'
  Destroyed resource 'c:/Program Files (x86)/Steam/steamapps/common/Amnesia The Bunker/entities/bunker/gameplay/trench_shotgun/animations/shotgun_equip_one_handed.anm'
  Destroyed resource 'c:/Program Files (x86)/Steam/steamapps/common/Amnesia The Bunker/entities/character/player/animations/player_gas_grenade_throw_larm.anm'
  Destroyed resource 'c:/Program Files (x86)/Steam/steamapps/common/Amnesia The Bunker/entities/character/player/animations/crouch_turn_left90_rarm.anm'
  Destroyed resource 'c:/Program Files (x86)/Steam/steamapps/common/Amnesia The Bunker/entities/character/player/animations/player_shotgun_reload_start_rarm.anm'
  Destroyed resource 'c:/Program Files (x86)/Steam/steamapps/common/Amnesia The Bunker/entities/character/player/animations/tool_generic_holster_rarm.anm'
  Destroyed resource 'c:/Program Files (x86)/Steam/steamapps/common/Amnesia The Bunker/entities/character/player/animations/player_wrench_focus_idle_larm.anm'
  Destroyed resource 'c:/Program Files (x86)/Steam/steamapps/common/Amnesia The Bunker/entities/character/player/animations/player_grenade_throw_rarm.anm'
  Destroyed resource 'c:/Program Files (x86)/Steam/steamapps/common/Amnesia The Bunker/entities/character/player/animations/player_exhausted.anm'
  Destroyed resource 'c:/Program Files (x86)/Steam/steamapps/common/Amnesia The Bunker/entities/character/player/animations/player_fuel_cannister_focus_end_rarm.anm'
  Destroyed resource 'c:/Program Files (x86)/Steam/steamapps/common/Amnesia The Bunker/entities/character/player/animations/player_shotgun_check_ammo_start_rarm.anm'
  Destroyed resource 'c:/Program Files (x86)/Steam/steamapps/common/Amnesia The Bunker/entities/character/player/animations/player_gun_reload_add_bullet_larm.anm'
  Destroyed resource 'c:/Program Files (x86)/Steam/steamapps/common/Amnesia The Bunker/entities/character/player/animations/walk_fwd_rarm.anm'
  Destroyed resource 'c:/Program Files (x86)/Steam/steamapps/common/Amnesia The Bunker/entities/character/player/animations/player_detonator_fasten_handle.anm'
  Destroyed resource 'c:/Program Files (x86)/Steam/steamapps/common/Amnesia The Bunker/entities/bunker/gameplay/trench_shotgun/animations/shotgun_check_ammo_close.anm'
  Destroyed resource 'c:/Program Files (x86)/Steam/steamapps/common/Amnesia The Bunker/entities/character/player/animations/player_crouch_tr_prone_idle_rarm.anm'
  Destroyed resource 'c:/Program Files (x86)/Steam/steamapps/common/Amnesia The Bunker/entities/character/player/animations/crouch_fwd.anm'
  Destroyed resource 'c:/Program Files (x86)/Steam/steamapps/common/Amnesia The Bunker/entities/character/player/animations/player_fuse_focus_start_rarm.anm'
  Destroyed resource 'c:/Program Files (x86)/Steam/steamapps/common/Amnesia The Bunker/entities/character/player/animations/stand_turn_right90.anm'
  Destroyed resource 'c:/Program Files (x86)/Steam/steamapps/common/Amnesia The Bunker/entities/bunker/gameplay/molotov_cocktail/animations/bottle_molotov_throw.anm'
  Destroyed resource 'c:/Program Files (x86)/Steam/steamapps/common/Amnesia The Bunker/entities/character/player/animations/walk_left_fwd_rarm.anm'
  Destroyed resource 'c:/Program Files (x86)/Steam/steamapps/common/Amnesia The Bunker/entities/character/player/animations/player_medkit_focus_idle_rarm.anm'
  Destroyed resource 'c:/Program Files (x86)/Steam/steamapps/common/Amnesia The Bunker/entities/character/player/animations/player_gun_reload_remove_bullets.anm'
  Destroyed resource 'c:/Program Files (x86)/Steam/steamapps/common/Amnesia The Bunker/entities/character/player/animations/player_bottle_throw_rarm.anm'
  Destroyed resource 'c:/Program Files (x86)/Steam/steamapps/common/Amnesia The Bunker/entities/character/player/animations/player_torch_wave_3_rarm.anm'
  Destroyed resource 'c:/Program Files (x86)/Steam/steamapps/common/Amnesia The Bunker/entities/character/player/animations/player_shotgun_idle_one_handed_rarm.anm'
  Destroyed resource 'c:/Program Files (x86)/Steam/steamapps/common/Amnesia The Bunker/entities/character/player/animations/player_head_magnetlampe_chargeup_pull_3.anm'
  Destroyed resource 'c:/Program Files (x86)/Steam/steamapps/common/Amnesia The Bunker/entities/bunker/gameplay/torch_stick/Animations/torch_aim.anm'
  Destroyed resource 'c:/Program Files (x86)/Steam/steamapps/common/Amnesia The Bunker/entities/character/player/animations/player_magnetlampe_chargeup_start_larm.anm'
  Destroyed resource 'c:/Program Files (x86)/Steam/steamapps/common/Amnesia The Bunker/entities/bunker/gameplay/trench_shotgun/animations/shotgun_reload_start.anm'
  Destroyed resource 'c:/Program Files (x86)/Steam/steamapps/common/Amnesia The Bunker/entities/character/player/animations/player_slide_back_end.anm'
  Destroyed resource 'c:/Program Files (x86)/Steam/steamapps/common/Amnesia The Bunker/entities/character/player/animations/player_gun_bullet_check_close.anm'
  Destroyed resource 'c:/Program Files (x86)/Steam/steamapps/common/Amnesia The Bunker/entities/character/player/animations/player_shotgun_reload_end_larm.anm'
  Destroyed resource 'c:/Program Files (x86)/Steam/steamapps/common/Amnesia The Bunker/entities/character/player/animations/player_head_shotgun_idle_two_handed_tr_aim_idle.anm'
  Destroyed resource 'c:/Program Files (x86)/Steam/steamapps/common/Amnesia The Bunker/entities/bunker/gameplay/trench_shotgun/animations/shotgun_aim_idle_tr_idle_two_handed.anm'
  Destroyed resource 'c:/Program Files (x86)/Steam/steamapps/common/Amnesia The Bunker/entities/character/player/animations/player_bandage_focus_end_larm.anm'
  Destroyed resource 'c:/Program Files (x86)/Steam/steamapps/common/Amnesia The Bunker/entities/character/player/animations/player_empty_molotov_focus_end_rarm.anm'
  Destroyed resource 'c:/Program Files (x86)/Steam/steamapps/common/Amnesia The Bunker/entities/bunker/gameplay/magnetlampe/animations/magnetlampe_chargeup_pull_3.anm'
  Destroyed resource 'c:/Program Files (x86)/Steam/steamapps/common/Amnesia The Bunker/entities/character/player/animations/player_gun_shot_3.anm'
  Destroyed resource 'c:/Program Files (x86)/Steam/steamapps/common/Amnesia The Bunker/entities/character/player/animations/player_gun_reload_end_rarm.anm'
  Destroyed resource 'c:/Program Files (x86)/Steam/steamapps/common/Amnesia The Bunker/entities/character/player/animations/player_shotgun_reload_rarm.anm'
  Destroyed resource 'c:/Program Files (x86)/Steam/steamapps/common/Amnesia The Bunker/entities/character/player/animations/player_shotgun_idle_one_handed_tr_check_ammo_larm.anm'
  Destroyed resource 'c:/Program Files (x86)/Steam/steamapps/common/Amnesia The Bunker/entities/character/player/animations/walk_fwd_larm.anm'
  Destroyed resource 'c:/Program Files (x86)/Steam/steamapps/common/Amnesia The Bunker/entities/character/player/animations/walk_right_fwd.anm'
  Destroyed resource 'c:/Program Files (x86)/Steam/steamapps/common/Amnesia The Bunker/entities/character/player/animations/player_cutter_cut_air_rarm.anm'
  Destroyed resource 'c:/Program Files (x86)/Steam/steamapps/common/Amnesia The Bunker/entities/character/player/animations/player_slide_back_loop.anm'
  Destroyed resource 'c:/Program Files (x86)/Steam/steamapps/common/Amnesia The Bunker/mods/BunkersEdge/entities/tdd_enemies/servant_grunt/animations/attack_short2_fix.anm'
  Destroyed resource 'c:/Program Files (x86)/Steam/steamapps/common/Amnesia The Bunker/entities/character/player/animations/player_gun_relaxed_tr_aim.anm'
  Destroyed resource 'c:/Program Files (x86)/Steam/steamapps/common/Amnesia The Bunker/entities/character/player/animations/player_bandage_focus_idle_larm.anm'
  Destroyed resource 'c:/Program Files (x86)/Steam/steamapps/common/Amnesia The Bunker/entities/character/player/animations/player_head_shotgun_fire_empty.anm'
  Destroyed resource 'c:/Program Files (x86)/Steam/steamapps/common/Amnesia The Bunker/entities/character/player/animations/player_grenade_focus_idle_rarm.anm'
  Destroyed resource 'c:/Program Files (x86)/Steam/steamapps/common/Amnesia The Bunker/entities/character/player/animations/crouch_strafe_left.anm'
  Destroyed resource 'c:/Program Files (x86)/Steam/steamapps/common/Amnesia The Bunker/entities/character/player/animations/player_shotgun_check_ammo_idle_larm.anm'
  Destroyed resource 'c:/Program Files (x86)/Steam/steamapps/common/Amnesia The Bunker/entities/bunker/gameplay/revolver/animations/gun_bullet_check_close.anm'
  Destroyed resource 'c:/Program Files (x86)/Steam/steamapps/common/Amnesia The Bunker/entities/character/player/animations/player_meat_focus_idle_rarm.anm'
  Destroyed resource 'c:/Program Files (x86)/Steam/steamapps/common/Amnesia The Bunker/entities/character/player/animations/player_shotgun_idle_two_handed_larm.anm'
  Destroyed resource 'c:/Program Files (x86)/Steam/steamapps/common/Amnesia The Bunker/entities/character/player/animations/player_molotov_focus_start_rarm.anm'
  Destroyed resource 'c:/Program Files (x86)/Steam/steamapps/common/Amnesia The Bunker/entities/character/player/animations/player_gun_relaxed_idle.anm'
  Destroyed resource 'c:/Program Files (x86)/Steam/steamapps/common/Amnesia The Bunker/entities/character/player/animations/player_fuel_cannister_focus_idle_larm.anm'
  Destroyed resource 'c:/Program Files (x86)/Steam/steamapps/common/Amnesia The Bunker/entities/character/player/animations/player_cutter_cut_padlock.anm'
  Destroyed resource 'c:/Program Files (x86)/Steam/steamapps/common/Amnesia The Bunker/entities/character/player/animations/player_lockdown_wheel_focus_start_larm.anm'
  Destroyed resource 'c:/Program Files (x86)/Steam/steamapps/common/Amnesia The Bunker/entities/character/player/animations/run_fwd_larm.anm'
  Destroyed resource 'c:/Program Files (x86)/Steam/steamapps/common/Amnesia The Bunker/entities/character/player/animations/crouch_strafe_left_rarm.anm'
  Destroyed resource 'c:/Program Files (x86)/Steam/steamapps/common/Amnesia The Bunker/entities/character/player/animations/player_slide_start.anm'
  Destroyed resource 'c:/Program Files (x86)/Steam/steamapps/common/Amnesia The Bunker/entities/bunker/gameplay/fuel_medium/Animations/fuel_cannister_throw_fuel_start.anm'
  Destroyed resource 'c:/Program Files (x86)/Steam/steamapps/common/Amnesia The Bunker/entities/character/player/animations/player_molotov_holster_rarm.anm'
  Destroyed resource 'c:/Program Files (x86)/Steam/steamapps/common/Amnesia The Bunker/entities/character/player/animations/player_detonator_handle_focus_start_rarm.anm'
  Destroyed resource 'c:/Program Files (x86)/Steam/steamapps/common/Amnesia The Bunker/entities/character/player/animations/player_generator_refuelling_bottle.anm'
  Destroyed resource 'c:/Program Files (x86)/Steam/steamapps/common/Amnesia The Bunker/entities/character/player/animations/player_torch_wave_1_rarm.anm'
  Destroyed resource 'c:/Program Files (x86)/Steam/steamapps/common/Amnesia The Bunker/entities/character/player/animations/player_torch_equip_larm.anm'
  Destroyed resource 'c:/Program Files (x86)/Steam/steamapps/common/Amnesia The Bunker/entities/character/player/animations/crouch_strafe_right_rarm.anm'
  Destroyed resource 'c:/Program Files (x86)/Steam/steamapps/common/Amnesia The Bunker/entities/character/player/animations/wake_up_from_death_1b.anm'
  Destroyed resource 'c:/Program Files (x86)/Steam/steamapps/common/Amnesia The Bunker/entities/character/player/animations/player_shotgun_idle_two_handed_arm_rarm.anm'
  Destroyed resource 'c:/Program Files (x86)/Steam/steamapps/common/Amnesia The Bunker/entities/character/player/animations/run_strafe_left.anm'
  Destroyed resource 'c:/Program Files (x86)/Steam/steamapps/common/Amnesia The Bunker/mods/BunkersEdge/entities/tdd_enemies/servant_grunt/animations/glimpse_ahead_loop.anm'
  Destroyed resource 'c:/Program Files (x86)/Steam/steamapps/common/Amnesia The Bunker/entities/character/player/animations/player_gas_mask_unequip.anm'
  Destroyed resource 'c:/Program Files (x86)/Steam/steamapps/common/Amnesia The Bunker/entities/character/player/animations/player_check_health_damage_second_stage_start_head.anm'
  Destroyed resource 'c:/Program Files (x86)/Steam/steamapps/common/Amnesia The Bunker/entities/character/player/animations/player_fuel_cannister_equip_rarm.anm'
  Destroyed resource 'c:/Program Files (x86)/Steam/steamapps/common/Amnesia The Bunker/entities/character/player/animations/player_death_back.anm'
  Destroyed resource 'c:/Program Files (x86)/Steam/steamapps/common/Amnesia The Bunker/entities/character/player/animations/player_bottle_holster_rarm.anm'
  Destroyed resource 'c:/Program Files (x86)/Steam/steamapps/common/Amnesia The Bunker/mods/BunkersEdge/entities/tdd_enemies/servant_grunt/animations/run_fix.anm'
  Destroyed resource 'c:/Program Files (x86)/Steam/steamapps/common/Amnesia The Bunker/entities/character/player/animations/player_shot_right.anm'
  Destroyed resource 'c:/Program Files (x86)/Steam/steamapps/common/Amnesia The Bunker/entities/character/player/animations/player_head_shotgun_fire_shell_03.anm'
  Destroyed resource 'c:/Program Files (x86)/Steam/steamapps/common/Amnesia The Bunker/entities/bunker/gameplay/trench_shotgun/animations/shotgun_idle_two_handed_tr_reload.anm'
  Destroyed resource 'c:/Program Files (x86)/Steam/steamapps/common/Amnesia The Bunker/entities/character/player/animations/player_flare_focus_start_larm.anm'
  Destroyed resource 'c:/Program Files (x86)/Steam/steamapps/common/Amnesia The Bunker/entities/character/player/animations/player_head_shotgun_reload_start.anm'
  Destroyed resource 'c:/Program Files (x86)/Steam/steamapps/common/Amnesia The Bunker/entities/bunker/gameplay/lighter/animations/lighter_molotov_focus_start.anm'
  Destroyed resource 'c:/Program Files (x86)/Steam/steamapps/common/Amnesia The Bunker/entities/character/player/animations/walk_strafe_left_larm.anm'
  Destroyed resource 'c:/Program Files (x86)/Steam/steamapps/common/Amnesia The Bunker/entities/bunker/gameplay/lighter/animations/lighter_holster.anm'
  Destroyed resource 'c:/Program Files (x86)/Steam/steamapps/common/Amnesia The Bunker/entities/bunker/gameplay/grenade/Animations/grenade_equip.anm'
  Destroyed resource 'c:/Program Files (x86)/Steam/steamapps/common/Amnesia The Bunker/entities/character/player/animations/stand_turn_right90_rarm.anm'
  Destroyed resource 'c:/Program Files (x86)/Steam/steamapps/common/Amnesia The Bunker/entities/character/player/animations/player_lighter_idle_lit_rarm.anm'
  Destroyed resource 'c:/Program Files (x86)/Steam/steamapps/common/Amnesia The Bunker/entities/character/player/animations/player_grenade_equip_rarm.anm'
  Destroyed resource 'c:/Program Files (x86)/Steam/steamapps/common/Amnesia The Bunker/entities/character/player/animations/crouch_bkwd_left_rarm.anm'
  Destroyed resource 'c:/Program Files (x86)/Steam/steamapps/common/Amnesia The Bunker/entities/character/player/animations/player_bandage_application.anm'
  Destroyed resource 'c:/Program Files (x86)/Steam/steamapps/common/Amnesia The Bunker/entities/character/player/animations/player_stopwatch_focus_start_rarm.anm'
  Destroyed resource 'c:/Program Files (x86)/Steam/steamapps/common/Amnesia The Bunker/entities/bunker/gameplay/trench_shotgun/animations/shotgun_check_ammo_pump_tr_aim_idle.anm'
  Destroyed resource 'c:/Program Files (x86)/Steam/steamapps/common/Amnesia The Bunker/entities/character/player/animations/player_gas_grenade_throw_rarm.anm'
  Destroyed resource 'c:/Program Files (x86)/Steam/steamapps/common/Amnesia The Bunker/entities/character/player/animations/player_slide_loop.anm'
  Destroyed resource 'c:/Program Files (x86)/Steam/steamapps/common/Amnesia The Bunker/entities/character/player/animations/player_lighter_idle_closed_rarm.anm'
  Destroyed resource 'c:/Program Files (x86)/Steam/steamapps/common/Amnesia The Bunker/entities/character/player/animations/player_cutter_focus_start_larm.anm'
  Destroyed resource 'c:/Program Files (x86)/Steam/steamapps/common/Amnesia The Bunker/entities/character/player/animations/player_shotgun_reload_end_pump_tr_check_ammo_larm.anm'
  Destroyed resource 'c:/Program Files (x86)/Steam/steamapps/common/Amnesia The Bunker/entities/character/player/animations/crouch_bkwd_right.anm'
  Destroyed resource 'c:/Program Files (x86)/Steam/steamapps/common/Amnesia The Bunker/entities/character/player/animations/player_lighter_focus_end_rarm.anm'
  Destroyed resource 'c:/Program Files (x86)/Steam/steamapps/common/Amnesia The Bunker/entities/character/player/animations/player_head_gun_shot_2.anm'
  Destroyed resource 'c:/Program Files (x86)/Steam/steamapps/common/Amnesia The Bunker/entities/bunker/gameplay/grenade/Animations/grenade_focus_end.anm'
  Destroyed resource 'c:/Program Files (x86)/Steam/steamapps/common/Amnesia The Bunker/mods/BunkersEdge/entities/tdd_enemies/servant_grunt/animations/glimpse_left_end.anm'
  Destroyed resource 'c:/Program Files (x86)/Steam/steamapps/common/Amnesia The Bunker/mods/BunkersEdge/entities/tdd_enemies/servant_grunt/animations/glimpse_left_start.anm'
  Destroyed resource 'c:/Program Files (x86)/Steam/steamapps/common/Amnesia The Bunker/entities/character/player/animations/player_head_bottle_throw.anm'
  Destroyed resource 'c:/Program Files (x86)/Steam/steamapps/common/Amnesia The Bunker/entities/character/player/animations/player_check_health_idle_larm.anm'
  Destroyed resource 'c:/Program Files (x86)/Steam/steamapps/common/Amnesia The Bunker/entities/character/player/animations/player_meat_holster_rarm.anm'
  Destroyed resource 'c:/Program Files (x86)/Steam/steamapps/common/Amnesia The Bunker/entities/bunker/gameplay/trench_shotgun/animations/shotgun_reload_end.anm'
  Destroyed resource 'c:/Program Files (x86)/Steam/steamapps/common/Amnesia The Bunker/entities/bunker/gameplay/stopwatch/animations/stopwatch_holster.anm'
  Destroyed resource 'c:/Program Files (x86)/Steam/steamapps/common/Amnesia The Bunker/entities/bunker/gameplay/lighter/animations/lighter_torch_equip.anm'
  Destroyed resource 'c:/Program Files (x86)/Steam/steamapps/common/Amnesia The Bunker/entities/character/player/animations/player_fuel_storage_refill_crouched.anm'
  Destroyed resource 'c:/Program Files (x86)/Steam/steamapps/common/Amnesia The Bunker/entities/bunker/gameplay/lighter/animations/lighter_idle_lit.anm'
  Destroyed resource 'c:/Program Files (x86)/Steam/steamapps/common/Amnesia The Bunker/entities/bunker/gameplay/trench_shotgun/animations/shotgun_idle_two_handed_tr_aim_idle.anm'
  Destroyed resource 'c:/Program Files (x86)/Steam/steamapps/common/Amnesia The Bunker/entities/character/player/animations/player_fuel_cannister_idle_rarm.anm'
  Destroyed resource 'c:/Program Files (x86)/Steam/steamapps/common/Amnesia The Bunker/entities/bunker/gameplay/stopwatch/animations/stopwatch_focus_click.anm'
  Destroyed resource 'c:/Program Files (x86)/Steam/steamapps/common/Amnesia The Bunker/entities/bunker/gameplay/trench_shotgun/animations/shotgun_equip_two_handed.anm'
  Destroyed resource 'c:/Program Files (x86)/Steam/steamapps/common/Amnesia The Bunker/entities/character/player/animations/player_stopwatch_equip_rarm.anm'
  Destroyed resource 'c:/Program Files (x86)/Steam/steamapps/common/Amnesia The Bunker/entities/bunker/gameplay/grenade/Animations/grenade_throw.anm'
  Destroyed resource 'c:/Program Files (x86)/Steam/steamapps/common/Amnesia The Bunker/entities/bunker/gameplay/medkit/animations/medkit_focus_end.anm'
  Destroyed resource 'c:/Program Files (x86)/Steam/steamapps/common/Amnesia The Bunker/entities/character/player/animations/player_torch_holster_rarm.anm'
  Destroyed resource 'c:/Program Files (x86)/Steam/steamapps/common/Amnesia The Bunker/entities/character/player/animations/player_check_health_damage_second_stage_start_larm.anm'
  Destroyed resource 'c:/Program Files (x86)/Steam/steamapps/common/Amnesia The Bunker/entities/bunker/gameplay/torch_stick/Animations/torch_wave_2.anm'
  Destroyed resource 'c:/Program Files (x86)/Steam/steamapps/common/Amnesia The Bunker/entities/character/player/animations/crouch_turn_right90_rarm.anm'
  Destroyed resource 'c:/Program Files (x86)/Steam/steamapps/common/Amnesia The Bunker/entities/character/player/animations/player_molotov_focus_end_larm.anm'
  Destroyed resource 'c:/Program Files (x86)/Steam/steamapps/common/Amnesia The Bunker/entities/character/player/animations/player_wrench_focus_end_rarm.anm'
  Destroyed resource 'c:/Program Files (x86)/Steam/steamapps/common/Amnesia The Bunker/entities/character/player/animations/player_wrench_focus_start_larm.anm'
  Destroyed resource 'c:/Program Files (x86)/Steam/steamapps/common/Amnesia The Bunker/entities/character/player/animations/player_check_health_end_larm.anm'
  Destroyed resource 'c:/Program Files (x86)/Steam/steamapps/common/Amnesia The Bunker/entities/character/player/animations/player_medkit_focus_end_rarm.anm'
  Destroyed resource 'c:/Program Files (x86)/Steam/steamapps/common/Amnesia The Bunker/entities/bunker/gameplay/molotov_cocktail/animations/bottle_molotov_holster.anm'
  Destroyed resource 'c:/Program Files (x86)/Steam/steamapps/common/Amnesia The Bunker/entities/bunker/gameplay/medkit/animations/medkit_focus_idle.anm'
  Destroyed resource 'c:/Program Files (x86)/Steam/steamapps/common/Amnesia The Bunker/entities/character/player/animations/player_slide_back_start.anm'
  Destroyed resource 'c:/Program Files (x86)/Steam/steamapps/common/Amnesia The Bunker/entities/character/player/animations/player_bottle_focus_start_rarm.anm'
  Destroyed resource 'c:/Program Files (x86)/Steam/steamapps/common/Amnesia The Bunker/entities/character/player/animations/player_death_hole_right.anm'
  Destroyed resource 'c:/Program Files (x86)/Steam/steamapps/common/Amnesia The Bunker/entities/bunker/gameplay/torch_stick/Animations/torch_wave_3.anm'
  Destroyed resource 'c:/Program Files (x86)/Steam/steamapps/common/Amnesia The Bunker/entities/bunker/gameplay/chain_cutters/animations/cutter_idle.anm'
  Destroyed resource 'c:/Program Files (x86)/Steam/steamapps/common/Amnesia The Bunker/entities/character/player/animations/player_fuse_focus_end_rarm.anm'
  Destroyed resource 'c:/Program Files (x86)/Steam/steamapps/common/Amnesia The Bunker/entities/character/player/animations/climb_ladder_right.anm'
  Destroyed resource 'c:/Program Files (x86)/Steam/steamapps/common/Amnesia The Bunker/entities/character/player/animations/player_torch_equip_unlit_rarm.anm'
  Destroyed resource 'c:/Program Files (x86)/Steam/steamapps/common/Amnesia The Bunker/entities/bunker/gameplay/trench_shotgun/animations/shotgun_reload_end_pump_tr_check_ammo.anm'
  Destroyed resource 'c:/Program Files (x86)/Steam/steamapps/common/Amnesia The Bunker/entities/bunker/gameplay/meat_chunks/animations/meat_throw.anm'
  Destroyed resource 'c:/Program Files (x86)/Steam/steamapps/common/Amnesia The Bunker/entities/character/player/animations/player_medbay_wakeup.anm'
  Destroyed resource 'c:/Program Files (x86)/Steam/steamapps/common/Amnesia The Bunker/entities/bunker/gameplay/medkit/animations/medkit_closed.anm'
  Destroyed resource 'c:/Program Files (x86)/Steam/steamapps/common/Amnesia The Bunker/entities/character/player/animations/player_gun_dual_aim_end_rarm.anm'
  Destroyed resource 'c:/Program Files (x86)/Steam/steamapps/common/Amnesia The Bunker/entities/bunker/gameplay/stopwatch/animations/stopwatch_wind_and_click.anm'
  Destroyed resource 'c:/Program Files (x86)/Steam/steamapps/common/Amnesia The Bunker/entities/bunker/gameplay/trench_shotgun/animations/shotgun_idle_two_handed.anm'
  Destroyed resource 'c:/Program Files (x86)/Steam/steamapps/common/Amnesia The Bunker/entities/bunker/gameplay/fuel_medium/Animations/fuel_cannister_refuelling_generator.anm'
  Destroyed resource 'c:/Program Files (x86)/Steam/steamapps/common/Amnesia The Bunker/entities/bunker/gameplay/doll_rabbit/animations/rabbit_focus_end.anm'
  Destroyed resource 'c:/Program Files (x86)/Steam/steamapps/common/Amnesia The Bunker/entities/character/player/animations/player_end_tumble_into_trench_no_stalker.anm'
  Destroyed resource 'c:/Program Files (x86)/Steam/steamapps/common/Amnesia The Bunker/entities/bunker/gameplay/meat_chunks/animations/meat_focus_end.anm'
  Destroyed resource 'c:/Program Files (x86)/Steam/steamapps/common/Amnesia The Bunker/entities/character/player/animations/player_fuel_bottle_focus_start_rarm.anm'
  Destroyed resource 'c:/Program Files (x86)/Steam/steamapps/common/Amnesia The Bunker/entities/character/player/animations/player_gas_grenade_idle_rarm.anm'
  Destroyed resource 'c:/Program Files (x86)/Steam/steamapps/common/Amnesia The Bunker/entities/character/player/animations/player_detonator_ignite.anm'
  Destroyed resource 'c:/Program Files (x86)/Steam/steamapps/common/Amnesia The Bunker/entities/character/player/animations/player_pocketwatch_holster_rarm.anm'
  Destroyed resource 'c:/Program Files (x86)/Steam/steamapps/common/Amnesia The Bunker/entities/bunker/gameplay/grenade/Animations/grenade_idle.anm'
  Destroyed resource 'c:/Program Files (x86)/Steam/steamapps/common/Amnesia The Bunker/entities/bunker/gameplay/doll_rabbit/animations/rabbit_focus_idle.anm'
  Destroyed resource 'c:/Program Files (x86)/Steam/steamapps/common/Amnesia The Bunker/entities/character/player/animations/player_head_shotgun_unequip_two_handed.anm'
  Destroyed resource 'c:/Program Files (x86)/Steam/steamapps/common/Amnesia The Bunker/entities/character/player/animations/idle_stand_tr_crouch_larm.anm'
  Destroyed resource 'c:/Program Files (x86)/Steam/steamapps/common/Amnesia The Bunker/entities/character/player/animations/walk_bkwd.anm'
  Destroyed resource 'c:/Program Files (x86)/Steam/steamapps/common/Amnesia The Bunker/entities/character/player/animations/player_magnetlampe_chargeup_pull_2_larm.anm'
  Destroyed resource 'c:/Program Files (x86)/Steam/steamapps/common/Amnesia The Bunker/entities/character/player/animations/player_shotgun_unequip_one_handed_larm.anm'
  Destroyed resource 'c:/Program Files (x86)/Steam/steamapps/common/Amnesia The Bunker/entities/bunker/gameplay/meat_chunks/animations/meat_holster.anm'
  Destroyed resource 'c:/Program Files (x86)/Steam/steamapps/common/Amnesia The Bunker/entities/character/player/animations/player_crouched_bandage_application.anm'
  Destroyed resource 'c:/Program Files (x86)/Steam/steamapps/common/Amnesia The Bunker/mods/BunkersEdge/entities/tdd_enemies/servant_grunt/animations/idle_extra3_fix.anm'
  Destroyed resource 'c:/Program Files (x86)/Steam/steamapps/common/Amnesia The Bunker/entities/character/player/animations/player_prone_idle_tr_crouch_rarm.anm'
  Destroyed resource 'c:/Program Files (x86)/Steam/steamapps/common/Amnesia The Bunker/entities/character/player/animations/player_head_shotgun_aim_idle_tr_idle_one_handed.anm'
  Destroyed resource 'c:/Program Files (x86)/Steam/steamapps/common/Amnesia The Bunker/entities/bunker/gameplay/trench_shotgun/animations/shotgun_check_ammo_tr_idle_one_handed.anm'
  Destroyed resource 'c:/Program Files (x86)/Steam/steamapps/common/Amnesia The Bunker/entities/character/player/animations/player_molotov_focus_idle_rarm.anm'
  Destroyed resource 'c:/Program Files (x86)/Steam/steamapps/common/Amnesia The Bunker/entities/character/player/animations/player_grenade_idle_rarm.anm'
  Destroyed resource 'c:/Program Files (x86)/Steam/steamapps/common/Amnesia The Bunker/entities/character/player/animations/player_magnetlampe_chargeup_start_rarm.anm'
  Destroyed resource 'c:/Program Files (x86)/Steam/steamapps/common/Amnesia The Bunker/entities/character/player/animations/player_gun_reload_start_rarm.anm'
  Destroyed resource 'c:/Program Files (x86)/Steam/steamapps/common/Amnesia The Bunker/entities/character/player/animations/player_shotgun_reload_larm.anm'
  Destroyed resource 'c:/Program Files (x86)/Steam/steamapps/common/Amnesia The Bunker/entities/character/player/animations/player_magnetlampe_chargeup_end_rarm.anm'
  Destroyed resource 'c:/Program Files (x86)/Steam/steamapps/common/Amnesia The Bunker/entities/character/player/animations/walk_strafe_left_rarm.anm'
  Destroyed resource 'c:/Program Files (x86)/Steam/steamapps/common/Amnesia The Bunker/entities/character/player/animations/player_magnetlampe_chargeup_gun_pull_2_rarm.anm'
  Destroyed resource 'c:/Program Files (x86)/Steam/steamapps/common/Amnesia The Bunker/entities/character/player/animations/climb_ladder_left.anm'
  Destroyed resource 'c:/Program Files (x86)/Steam/steamapps/common/Amnesia The Bunker/entities/bunker/gameplay/magnetlampe/animations/magnetlampe_chargeup_gun_end.anm'
  Destroyed resource 'c:/Program Files (x86)/Steam/steamapps/common/Amnesia The Bunker/entities/character/player/animations/player_gun_dual_aim_idle_larm.anm'
  Destroyed resource 'c:/Program Files (x86)/Steam/steamapps/common/Amnesia The Bunker/entities/character/player/animations/player_throw_standing_2.anm'
  Destroyed resource 'c:/Program Files (x86)/Steam/steamapps/common/Amnesia The Bunker/entities/character/player/animations/player_head_meat_throw.anm'
  Destroyed resource 'c:/Program Files (x86)/Steam/steamapps/common/Amnesia The Bunker/entities/bunker/gameplay/gas_mask_m2/Animations/gas_mask_unequip.anm'
  Destroyed resource 'c:/Program Files (x86)/Steam/steamapps/common/Amnesia The Bunker/entities/character/player/animations/wake_up_from_death_4.anm'
  Destroyed resource 'c:/Program Files (x86)/Steam/steamapps/common/Amnesia The Bunker/entities/character/player/animations/player_gas_grenade_focus_idle_rarm.anm'
  Destroyed resource 'c:/Program Files (x86)/Steam/steamapps/common/Amnesia The Bunker/entities/character/player/animations/player_death_hole_back.anm'
  Destroyed resource 'c:/Program Files (x86)/Steam/steamapps/common/Amnesia The Bunker/entities/character/player/animations/player_wrench_focus_idle_rarm.anm'
  Destroyed resource 'c:/Program Files (x86)/Steam/steamapps/common/Amnesia The Bunker/entities/character/player/animations/walk_strafe_right.anm'
  Destroyed resource 'c:/Program Files (x86)/Steam/steamapps/common/Amnesia The Bunker/mods/BunkersEdge/entities/tdd_enemies/servant_grunt/animations/custom_death_back.anm'
  Destroyed resource 'c:/Program Files (x86)/Steam/steamapps/common/Amnesia The Bunker/entities/character/player/animations/crouch_fwd_right_larm.anm'
  Destroyed resource 'c:/Program Files (x86)/Steam/steamapps/common/Amnesia The Bunker/entities/character/player/animations/climb_right_detach_bottom.anm'
  Destroyed resource 'c:/Program Files (x86)/Steam/steamapps/common/Amnesia The Bunker/entities/character/player/animations/player_detonator_handle_holster_rarm.anm'
  Destroyed resource 'c:/Program Files (x86)/Steam/steamapps/common/Amnesia The Bunker/entities/character/player/animations/player_detonator_handle_focus_end_rarm.anm'
  Destroyed resource 'c:/Program Files (x86)/Steam/steamapps/common/Amnesia The Bunker/entities/character/player/animations/player_lockdown_wheel_equip_rarm.anm'
  Destroyed resource 'c:/Program Files (x86)/Steam/steamapps/common/Amnesia The Bunker/entities/bunker/gameplay/stopwatch/animations/stopwatch_equip.anm'
  Destroyed resource 'c:/Program Files (x86)/Steam/steamapps/common/Amnesia The Bunker/entities/character/player/animations/player_pocketwatch_idle_rarm.anm'
  Destroyed resource 'c:/Program Files (x86)/Steam/steamapps/common/Amnesia The Bunker/entities/character/player/animations/walk_right_bkwd_larm.anm'
  Destroyed resource 'c:/Program Files (x86)/Steam/steamapps/common/Amnesia The Bunker/entities/character/player/animations/player_crouch_tr_prone_idle_larm.anm'
  Destroyed resource 'c:/Program Files (x86)/Steam/steamapps/common/Amnesia The Bunker/entities/character/player/animations/player_head_shotgun_check_ammo_start.anm'
  Destroyed resource 'c:/Program Files (x86)/Steam/steamapps/common/Amnesia The Bunker/entities/bunker/gameplay/trench_shotgun/animations/shotgun_check_ammo_start.anm'
  Destroyed resource 'c:/Program Files (x86)/Steam/steamapps/common/Amnesia The Bunker/entities/character/player/animations/player_meat_throw_rarm.anm'
  Destroyed resource 'c:/Program Files (x86)/Steam/steamapps/common/Amnesia The Bunker/entities/character/player/animations/player_lockdown_wheel_focus_end_larm.anm'
  Destroyed resource 'c:/Program Files (x86)/Steam/steamapps/common/Amnesia The Bunker/entities/character/player/animations/player_shotgun_reload_end_rarm.anm'
  Destroyed resource 'c:/Program Files (x86)/Steam/steamapps/common/Amnesia The Bunker/entities/character/player/animations/player_wrench_unscrew_x2_bolt.anm'
  Destroyed resource 'c:/Program Files (x86)/Steam/steamapps/common/Amnesia The Bunker/entities/character/player/animations/crouch_idle.anm'
  Destroyed resource 'c:/Program Files (x86)/Steam/steamapps/common/Amnesia The Bunker/entities/character/player/animations/run_fwd_right_rarm.anm'
  Destroyed resource 'c:/Program Files (x86)/Steam/steamapps/common/Amnesia The Bunker/entities/character/player/animations/player_head_shotgun_idle_one_handed_tr_reload.anm'
  Destroyed resource 'c:/Program Files (x86)/Steam/steamapps/common/Amnesia The Bunker/entities/character/player/animations/crouch_bkwd_left.anm'
  Destroyed resource 'c:/Program Files (x86)/Steam/steamapps/common/Amnesia The Bunker/entities/bunker/gameplay/trench_shotgun/animations/shotgun_unequip_two_handed.anm'
  Destroyed resource 'c:/Program Files (x86)/Steam/steamapps/common/Amnesia The Bunker/entities/character/player/animations/player_torch_wave_2_rarm.anm'
  Destroyed resource 'c:/Program Files (x86)/Steam/steamapps/common/Amnesia The Bunker/entities/character/player/animations/player_molotov_idle_rarm.anm'
  Destroyed resource 'c:/Program Files (x86)/Steam/steamapps/common/Amnesia The Bunker/entities/character/player/animations/player_lockdown_wheel_focus_idle_rarm.anm'
  Destroyed resource 'c:/Program Files (x86)/Steam/steamapps/common/Amnesia The Bunker/entities/character/player/animations/player_gun_shot_2.anm'
  Destroyed resource 'c:/Program Files (x86)/Steam/steamapps/common/Amnesia The Bunker/entities/character/player/animations/player_fuel_bottle_throw_rarm.anm'
  Destroyed resource 'c:/Program Files (x86)/Steam/steamapps/common/Amnesia The Bunker/entities/character/player/animations/player_slide_end.anm'
  Destroyed resource 'c:/Program Files (x86)/Steam/steamapps/common/Amnesia The Bunker/entities/character/player/animations/player_flare_focus_start_rarm.anm'
  Destroyed resource 'c:/Program Files (x86)/Steam/steamapps/common/Amnesia The Bunker/entities/character/player/animations/player_medkit_usage.anm'
  Destroyed resource 'c:/Program Files (x86)/Steam/steamapps/common/Amnesia The Bunker/mods/BunkersEdge/entities/tdd_enemies/servant_grunt/animations/throw_player_behind.anm'
  Destroyed resource 'c:/Program Files (x86)/Steam/steamapps/common/Amnesia The Bunker/entities/character/player/animations/player_bandage_holster_rarm.anm'
  Destroyed resource 'c:/Program Files (x86)/Steam/steamapps/common/Amnesia The Bunker/entities/character/player/animations/run_fwd_left.anm'
  Destroyed resource 'c:/Program Files (x86)/Steam/steamapps/common/Amnesia The Bunker/entities/character/player/animations/player_gun_dual_aim_idle_rarm.anm'
  Destroyed resource 'c:/Program Files (x86)/Steam/steamapps/common/Amnesia The Bunker/entities/character/player/animations/player_shotgun_unequip_two_handed_larm.anm'
  Destroyed resource 'c:/Program Files (x86)/Steam/steamapps/common/Amnesia The Bunker/entities/character/player/animations/tool_generic_idle_rarm.anm'
  Destroyed resource 'c:/Program Files (x86)/Steam/steamapps/common/Amnesia The Bunker/entities/bunker/gameplay/wrench/Animations/wrench_focus_start.anm'
  Destroyed resource 'c:/Program Files (x86)/Steam/steamapps/common/Amnesia The Bunker/entities/character/player/animations/player_stopwatch_wind_and_click_all.anm'
  Destroyed resource 'c:/Program Files (x86)/Steam/steamapps/common/Amnesia The Bunker/entities/character/player/animations/player_rabbit_holster_rarm.anm'
  Destroyed resource 'c:/Program Files (x86)/Steam/steamapps/common/Amnesia The Bunker/entities/character/player/animations/player_cutter_holster_rarm.anm'
  Destroyed resource 'c:/Program Files (x86)/Steam/steamapps/common/Amnesia The Bunker/entities/bunker/gameplay/wrench/Animations/wrench_rtu_noaction.anm'
  Destroyed resource 'c:/Program Files (x86)/Steam/steamapps/common/Amnesia The Bunker/entities/bunker/gameplay/doll_rabbit/animations/rabbit_equip.anm'
  Destroyed resource 'c:/Program Files (x86)/Steam/steamapps/common/Amnesia The Bunker/entities/character/player/animations/player_flare_throw_rarm.anm'
  Destroyed resource 'c:/Program Files (x86)/Steam/steamapps/common/Amnesia The Bunker/entities/character/player/animations/player_shotgun_check_ammo_pump_tr_idle_two_handed_larm.anm'
  Destroyed resource 'c:/Program Files (x86)/Steam/steamapps/common/Amnesia The Bunker/entities/character/player/animations/player_gun_shot_empty.anm'
  Destroyed resource 'c:/Program Files (x86)/Steam/steamapps/common/Amnesia The Bunker/entities/character/player/animations/wake_up_from_death_3c.anm'
  Destroyed resource 'c:/Program Files (x86)/Steam/steamapps/common/Amnesia The Bunker/entities/bunker/gameplay/fuel_medium/Animations/fuel_cannister_open.anm'
  Destroyed resource 'c:/Program Files (x86)/Steam/steamapps/common/Amnesia The Bunker/entities/character/player/animations/player_shot_left.anm'
  Destroyed resource 'c:/Program Files (x86)/Steam/steamapps/common/Amnesia The Bunker/entities/character/player/animations/player_fuse_focus_idle_rarm.anm'
  Destroyed resource 'c:/Program Files (x86)/Steam/steamapps/common/Amnesia The Bunker/entities/character/player/animations/idle_stand_tr_crouch.anm'
  Destroyed resource 'c:/Program Files (x86)/Steam/steamapps/common/Amnesia The Bunker/mods/BunkersEdge/entities/tdd_enemies/servant_grunt/animations/flinch_fix.anm'
  Destroyed resource 'c:/Program Files (x86)/Steam/steamapps/common/Amnesia The Bunker/entities/character/player/animations/player_medkit_focus_start_rarm.anm'
  Destroyed resource 'c:/Program Files (x86)/Steam/steamapps/common/Amnesia The Bunker/entities/character/player/animations/player_shotgun_fire_shell_03_larm.anm'
  Destroyed resource 'c:/Program Files (x86)/Steam/steamapps/common/Amnesia The Bunker/entities/character/player/animations/crouch_strafe_right.anm'
  Destroyed resource 'c:/Program Files (x86)/Steam/steamapps/common/Amnesia The Bunker/entities/character/player/animations/player_fuel_cannister_focus_idle_rarm.anm'
  Destroyed resource 'c:/Program Files (x86)/Steam/steamapps/common/Amnesia The Bunker/entities/character/player/animations/player_lighter_focus_ignite_rarm.anm'
  Destroyed resource 'c:/Program Files (x86)/Steam/steamapps/common/Amnesia The Bunker/entities/character/player/animations/stand_turn_left90.anm'
  Destroyed resource 'c:/Program Files (x86)/Steam/steamapps/common/Amnesia The Bunker/entities/character/player/animations/player_gun_equip.anm'
  Destroyed resource 'c:/Program Files (x86)/Steam/steamapps/common/Amnesia The Bunker/entities/bunker/gameplay/trench_shotgun/animations/shotgun_idle_one_handed.anm'
  Destroyed resource 'c:/Program Files (x86)/Steam/steamapps/common/Amnesia The Bunker/entities/character/player/animations/player_pocketwatch_focus_start_rarm.anm'
  Destroyed resource 'c:/Program Files (x86)/Steam/steamapps/common/Amnesia The Bunker/entities/character/player/animations/player_head_shotgun_reload.anm'
  Destroyed resource 'c:/Program Files (x86)/Steam/steamapps/common/Amnesia The Bunker/entities/character/player/animations/run_fwd_rarm.anm'
  Destroyed resource 'c:/Program Files (x86)/Steam/steamapps/common/Amnesia The Bunker/entities/character/player/animations/player_shotgun_aim_idle_tr_idle_two_handed_larm.anm'
  Destroyed resource 'c:/Program Files (x86)/Steam/steamapps/common/Amnesia The Bunker/entities/character/player/animations/player_key_idle_rarm.anm'
  Destroyed resource 'c:/Program Files (x86)/Steam/steamapps/common/Amnesia The Bunker/entities/character/player/animations/player_magnetlampe_chargeup_gun_end_rarm.anm'
  Destroyed resource 'c:/Program Files (x86)/Steam/steamapps/common/Amnesia The Bunker/entities/character/player/animations/player_cutter_focus_end_larm.anm'
  Destroyed resource 'c:/Program Files (x86)/Steam/steamapps/common/Amnesia The Bunker/entities/character/player/animations/player_shotgun_fire_shell_03_rarm.anm'
  Destroyed resource 'c:/Program Files (x86)/Steam/steamapps/common/Amnesia The Bunker/entities/bunker/gameplay/revolver/animations/gun_shot_3.anm'
  Destroyed resource 'c:/Program Files (x86)/Steam/steamapps/common/Amnesia The Bunker/entities/character/player/animations/player_gun_dual_aim_end_larm.anm'
  Destroyed resource 'c:/Program Files (x86)/Steam/steamapps/common/Amnesia The Bunker/entities/bunker/gameplay/magnetlampe/animations/magnetlampe_chargeup_pull_2.anm'
  Destroyed resource 'c:/Program Files (x86)/Steam/steamapps/common/Amnesia The Bunker/entities/character/player/animations/lean_left.anm'
  Destroyed resource 'c:/Program Files (x86)/Steam/steamapps/common/Amnesia The Bunker/entities/character/player/animations/player_cutter_equip_rarm.anm'
  Destroyed resource 'c:/Program Files (x86)/Steam/steamapps/common/Amnesia The Bunker/mods/BunkersEdge/entities/tdd_enemies/servant_grunt/animations/attack_run_fix.anm'
  Destroyed resource 'c:/Program Files (x86)/Steam/steamapps/common/Amnesia The Bunker/entities/character/player/animations/climb_right_detach_top.anm'
  Destroyed resource 'c:/Program Files (x86)/Steam/steamapps/common/Amnesia The Bunker/entities/character/player/animations/crouch_tr_idle_stand_rarm.anm'
  Destroyed resource 'c:/Program Files (x86)/Steam/steamapps/common/Amnesia The Bunker/entities/character/player/animations/stand_turn_right90_larm.anm'
  Destroyed resource 'c:/Program Files (x86)/Steam/steamapps/common/Amnesia The Bunker/entities/character/player/animations/crouch_fwd_right.anm'
  Destroyed resource 'c:/Program Files (x86)/Steam/steamapps/common/Amnesia The Bunker/entities/character/player/animations/player_gun_reload_add_bullet_rarm.anm'
  Destroyed resource 'c:/Program Files (x86)/Steam/steamapps/common/Amnesia The Bunker/entities/character/player/animations/player_magnetlampe_chargeup_gun_pull_1_rarm.anm'
  Destroyed resource 'c:/Program Files (x86)/Steam/steamapps/common/Amnesia The Bunker/entities/bunker/gameplay/torch_stick/Animations/torch_aim_end.anm'
  Destroyed resource 'c:/Program Files (x86)/Steam/steamapps/common/Amnesia The Bunker/entities/character/player/animations/player_shot_shotgun_crouched_01.anm'
  Destroyed resource 'c:/Program Files (x86)/Steam/steamapps/common/Amnesia The Bunker/entities/character/player/animations/player_key_holster_rarm.anm'
  Destroyed resource 'c:/Program Files (x86)/Steam/steamapps/common/Amnesia The Bunker/entities/bunker/gameplay/torch_stick/Animations/torch_holster.anm'
  Destroyed resource 'c:/Program Files (x86)/Steam/steamapps/common/Amnesia The Bunker/entities/character/player/animations/player_lockdown_wheel_focus_idle_larm.anm'
  Destroyed resource 'c:/Program Files (x86)/Steam/steamapps/common/Amnesia The Bunker/entities/character/player/animations/player_shotgun_idle_one_handed_tr_aim_idle_rarm.anm'
  Destroyed resource 'c:/Program Files (x86)/Steam/steamapps/common/Amnesia The Bunker/entities/character/player/animations/player_head_shotgun_idle_one_handed_tr_check_ammo.anm'
  Destroyed resource 'c:/Program Files (x86)/Steam/steamapps/common/Amnesia The Bunker/entities/bunker/gameplay/fuel_medium/Animations/fuel_cannister_pour_start.anm'
  Destroyed resource 'c:/Program Files (x86)/Steam/steamapps/common/Amnesia The Bunker/entities/character/player/animations/player_head_shotgun_idle_two_handed_tr_reload.anm'
  Destroyed resource 'c:/Program Files (x86)/Steam/steamapps/common/Amnesia The Bunker/entities/character/player/animations/player_magnetlampe_chargeup_gun_pull_3_rarm.anm'
  Destroyed resource 'c:/Program Files (x86)/Steam/steamapps/common/Amnesia The Bunker/entities/character/player/animations/player_key_focus_end_rarm.anm'
  Destroyed resource 'c:/Program Files (x86)/Steam/steamapps/common/Amnesia The Bunker/entities/bunker/gameplay/grenade/Animations/grenade_holster.anm'
  Destroyed resource 'c:/Program Files (x86)/Steam/steamapps/common/Amnesia The Bunker/entities/character/player/animations/player_head_magnetlampe_chargeup_pull_1.anm'
  Destroyed resource 'c:/Program Files (x86)/Steam/steamapps/common/Amnesia The Bunker/entities/character/player/animations/run_fwd.anm'
  Destroyed resource 'c:/Program Files (x86)/Steam/steamapps/common/Amnesia The Bunker/entities/character/player/animations/player_empty_molotov_equip_rarm.anm'
  Destroyed resource 'c:/Program Files (x86)/Steam/steamapps/common/Amnesia The Bunker/entities/character/player/animations/player_death_ladder.anm'
  Destroyed resource 'c:/Program Files (x86)/Steam/steamapps/common/Amnesia The Bunker/entities/character/player/animations/player_magnetlampe_chargeup_pull_2_rarm.anm'
  Destroyed resource 'c:/Program Files (x86)/Steam/steamapps/common/Amnesia The Bunker/entities/character/player/animations/player_shotgun_equip_two_handed_larm.anm'
  Destroyed resource 'c:/Program Files (x86)/Steam/steamapps/common/Amnesia The Bunker/entities/character/player/animations/player_rabbit_idle_rarm.anm'
  Destroyed resource 'c:/Program Files (x86)/Steam/steamapps/common/Amnesia The Bunker/entities/character/player/animations/player_shotgun_fire_shell_01_rarm.anm'
  Destroyed resource 'c:/Program Files (x86)/Steam/steamapps/common/Amnesia The Bunker/entities/character/player/animations/player_shotgun_reload_start_larm.anm'
  Destroyed resource 'c:/Program Files (x86)/Steam/steamapps/common/Amnesia The Bunker/entities/character/player/animations/knocked_back_by_explosion.anm'
  Destroyed resource 'c:/Program Files (x86)/Steam/steamapps/common/Amnesia The Bunker/entities/character/player/animations/player_meat_equip_rarm.anm'
  Destroyed resource 'c:/Program Files (x86)/Steam/steamapps/common/Amnesia The Bunker/entities/character/player/animations/player_medkit_focus_start_larm.anm'
  Destroyed resource 'c:/Program Files (x86)/Steam/steamapps/common/Amnesia The Bunker/entities/character/player/animations/walk_left_fwd_larm.anm'
  Destroyed resource 'c:/Program Files (x86)/Steam/steamapps/common/Amnesia The Bunker/entities/character/player/animations/player_dynamite_bundle_focus_idle_rarm.anm'
  Destroyed resource 'c:/Program Files (x86)/Steam/steamapps/common/Amnesia The Bunker/entities/character/player/animations/player_shot_centre.anm'
  Destroyed resource 'c:/Program Files (x86)/Steam/steamapps/common/Amnesia The Bunker/entities/bunker/gameplay/revolver/animations/gun_shot_1.anm'
  Destroyed resource 'c:/Program Files (x86)/Steam/steamapps/common/Amnesia The Bunker/entities/character/player/animations/player_grenade_throw_larm.anm'
  Destroyed resource 'c:/Program Files (x86)/Steam/steamapps/common/Amnesia The Bunker/entities/character/player/animations/run_fwd_right_larm.anm'
  Destroyed resource 'c:/Program Files (x86)/Steam/steamapps/common/Amnesia The Bunker/entities/character/player/animations/player_shotgun_unequip_one_handed_rarm.anm'
  Destroyed resource 'c:/Program Files (x86)/Steam/steamapps/common/Amnesia The Bunker/entities/character/player/animations/player_gun_shot_1.anm'
  Destroyed resource 'c:/Program Files (x86)/Steam/steamapps/common/Amnesia The Bunker/entities/character/player/animations/climb_left_detach_top.anm'
  Destroyed resource 'c:/Program Files (x86)/Steam/steamapps/common/Amnesia The Bunker/entities/character/player/animations/player_shotgun_equip_one_handed_rarm.anm'
  Destroyed resource 'c:/Program Files (x86)/Steam/steamapps/common/Amnesia The Bunker/entities/character/player/animations/player_shotgun_aim_idle_larm.anm'
  Destroyed resource 'c:/Program Files (x86)/Steam/steamapps/common/Amnesia The Bunker/entities/character/player/animations/player_cutter_focus_end_rarm.anm'
  Destroyed resource 'c:/Program Files (x86)/Steam/steamapps/common/Amnesia The Bunker/entities/character/player/animations/player_lockdown_wheel_idle_rarm.anm'
  Destroyed resource 'c:/Program Files (x86)/Steam/steamapps/common/Amnesia The Bunker/entities/bunker/gameplay/trench_shotgun/animations/shotgun_fire_shell_01.anm'
  Destroyed resource 'c:/Program Files (x86)/Steam/steamapps/common/Amnesia The Bunker/entities/character/player/animations/player_death_front.anm'
  Destroyed resource 'c:/Program Files (x86)/Steam/steamapps/common/Amnesia The Bunker/entities/character/player/animations/player_key_focus_unlock.anm'
  Destroyed resource 'c:/Program Files (x86)/Steam/steamapps/common/Amnesia The Bunker/entities/character/player/animations/player_meat_focus_start_rarm.anm'
  Destroyed resource 'c:/Program Files (x86)/Steam/steamapps/common/Amnesia The Bunker/entities/character/player/animations/player_gun_aim_idle.anm'
  Destroyed resource 'c:/Program Files (x86)/Steam/steamapps/common/Amnesia The Bunker/mods/BunkersEdge/entities/tdd_enemies/servant_grunt/animations/glimpse_right_loop.anm'
  Destroyed resource 'c:/Program Files (x86)/Steam/steamapps/common/Amnesia The Bunker/entities/bunker/gameplay/revolver/animations/gun_bullet_check_idle.anm'
  Destroyed resource 'c:/Program Files (x86)/Steam/steamapps/common/Amnesia The Bunker/entities/character/player/animations/player_head_gun_shot_1.anm'
  Destroyed resource 'c:/Program Files (x86)/Steam/steamapps/common/Amnesia The Bunker/entities/character/player/animations/player_flare_focus_end_rarm.anm'
  Destroyed resource 'c:/Program Files (x86)/Steam/steamapps/common/Amnesia The Bunker/entities/character/player/animations/player_dynamite_bundle_idle_rarm.anm'
  Destroyed resource 'c:/Program Files (x86)/Steam/steamapps/common/Amnesia The Bunker/entities/character/player/animations/player_check_health_end_head.anm'
  Destroyed resource 'c:/Program Files (x86)/Steam/steamapps/common/Amnesia The Bunker/entities/character/player/animations/player_cutter_idle_rarm.anm'
  Destroyed resource 'c:/Program Files (x86)/Steam/steamapps/common/Amnesia The Bunker/entities/bunker/gameplay/lighter/animations/lighter_focus_start.anm'
  Destroyed resource 'c:/Program Files (x86)/Steam/steamapps/common/Amnesia The Bunker/entities/character/player/animations/player_head_shotgun_aim_idle.anm'
  Destroyed resource 'c:/Program Files (x86)/Steam/steamapps/common/Amnesia The Bunker/entities/character/player/animations/player_fuel_cannister_throw_fuel_start_larm.anm'
  Destroyed resource 'c:/Program Files (x86)/Steam/steamapps/common/Amnesia The Bunker/mods/BunkersEdge/entities/tdd_enemies/servant_grunt/animations/idle_extra2_fix.anm'
  Destroyed resource 'c:/Program Files (x86)/Steam/steamapps/common/Amnesia The Bunker/entities/bunker/gameplay/trench_shotgun/animations/shotgun_check_ammo_pump_tr_idle_two_handed.anm'
  Destroyed resource 'c:/Program Files (x86)/Steam/steamapps/common/Amnesia The Bunker/entities/bunker/gameplay/revolver/animations/gun_reload_remove_bullets.anm'
  Destroyed resource 'c:/Program Files (x86)/Steam/steamapps/common/Amnesia The Bunker/entities/character/player/animations/player_bandage_focus_end_rarm.anm'
  Destroyed resource 'c:/Program Files (x86)/Steam/steamapps/common/Amnesia The Bunker/entities/bunker/gameplay/torch_stick/Animations/torch_drop.anm'
  Destroyed resource 'c:/Program Files (x86)/Steam/steamapps/common/Amnesia The Bunker/entities/bunker/gameplay/magnetlampe/animations/magnetlampe_chargeup_end.anm'
  Destroyed resource 'c:/Program Files (x86)/Steam/steamapps/common/Amnesia The Bunker/entities/character/player/animations/player_throw_standing_1.anm'
  Destroyed resource 'c:/Program Files (x86)/Steam/steamapps/common/Amnesia The Bunker/entities/character/player/animations/player_key_focus_idle_rarm.anm'
  Destroyed resource 'c:/Program Files (x86)/Steam/steamapps/common/Amnesia The Bunker/mods/BunkersEdge/entities/tdd_enemies/servant_grunt/animations/breakdoor_offset.anm'
  Destroyed resource 'c:/Program Files (x86)/Steam/steamapps/common/Amnesia The Bunker/entities/character/player/animations/player_wrench_unscrew_x3_bolt.anm'
  Destroyed resource 'c:/Program Files (x86)/Steam/steamapps/common/Amnesia The Bunker/entities/bunker/gameplay/gas_mask_m2/Animations/gas_mask_intro_hand_over.anm'
  Destroyed resource 'c:/Program Files (x86)/Steam/steamapps/common/Amnesia The Bunker/entities/character/player/animations/player_flare_focus_idle_rarm.anm'
  Destroyed resource 'c:/Program Files (x86)/Steam/steamapps/common/Amnesia The Bunker/entities/character/player/animations/jump_land.anm'
  Destroyed resource 'c:/Program Files (x86)/Steam/steamapps/common/Amnesia The Bunker/entities/character/player/animations/stand_turn_left90_rarm.anm'
  Destroyed resource 'c:/Program Files (x86)/Steam/steamapps/common/Amnesia The Bunker/entities/character/player/animations/player_gun_bullet_check_open.anm'
  Destroyed resource 'c:/Program Files (x86)/Steam/steamapps/common/Amnesia The Bunker/entities/character/player/animations/player_shotgun_idle_two_handed_tr_aim_idle_larm.anm'
  Destroyed resource 'c:/Program Files (x86)/Steam/steamapps/common/Amnesia The Bunker/entities/character/player/animations/player_head_gun_unequip.anm'
  Destroyed resource 'c:/Program Files (x86)/Steam/steamapps/common/Amnesia The Bunker/entities/bunker/gameplay/trench_shotgun/animations/shotgun_fire_shell_03.anm'
  Destroyed resource 'c:/Program Files (x86)/Steam/steamapps/common/Amnesia The Bunker/entities/character/player/animations/player_fuel_cannister_throw_fuel_x3_larm.anm'
  Destroyed resource 'c:/Program Files (x86)/Steam/steamapps/common/Amnesia The Bunker/entities/character/player/animations/player_head_shotgun_idle_two_handed_arm.anm'
  Destroyed resource 'c:/Program Files (x86)/Steam/steamapps/common/Amnesia The Bunker/entities/character/player/animations/jump_launch_rarm.anm'
  Destroyed resource 'c:/Program Files (x86)/Steam/steamapps/common/Amnesia The Bunker/entities/bunker/gameplay/chain_cutters/animations/cutter_cut_air.anm'
  Destroyed resource 'c:/Program Files (x86)/Steam/steamapps/common/Amnesia The Bunker/entities/character/player/animations/player_empty_molotov_focus_idle_rarm.anm'
  Destroyed resource 'c:/Program Files (x86)/Steam/steamapps/common/Amnesia The Bunker/entities/character/player/animations/player_head_gun_reload_remove_bullets.anm'
  Destroyed resource 'c:/Program Files (x86)/Steam/steamapps/common/Amnesia The Bunker/entities/character/player/animations/walk_strafe_left.anm'
  Destroyed resource 'c:/Program Files (x86)/Steam/steamapps/common/Amnesia The Bunker/entities/character/player/animations/player_shotgun_idle_two_handed_tr_reload_larm.anm'
  Destroyed resource 'c:/Program Files (x86)/Steam/steamapps/common/Amnesia The Bunker/entities/character/player/animations/player_head_shotgun_reload_end.anm'
  Destroyed resource 'c:/Program Files (x86)/Steam/steamapps/common/Amnesia The Bunker/entities/character/player/animations/player_check_health_stand_end.anm'
  Destroyed resource 'c:/Program Files (x86)/Steam/steamapps/common/Amnesia The Bunker/entities/character/player/animations/player_magnetlampe_run_idle_larm.anm'
  Destroyed resource 'c:/Program Files (x86)/Steam/steamapps/common/Amnesia The Bunker/entities/bunker/gameplay/revolver/animations/gun_reload_add_bullet.anm'
  Destroyed resource 'c:/Program Files (x86)/Steam/steamapps/common/Amnesia The Bunker/entities/character/player/animations/player_wrench_rtu_noaction_larm.anm'
  Destroyed resource 'c:/Program Files (x86)/Steam/steamapps/common/Amnesia The Bunker/entities/character/player/animations/walk_fwd.anm'
  Destroyed resource 'c:/Program Files (x86)/Steam/steamapps/common/Amnesia The Bunker/entities/character/player/animations/crouch_bkwd_left_larm.anm'
  Destroyed resource 'c:/Program Files (x86)/Steam/steamapps/common/Amnesia The Bunker/entities/bunker/gameplay/meat_chunks/animations/meat_focus_start.anm'
  Destroyed resource 'c:/Program Files (x86)/Steam/steamapps/common/Amnesia The Bunker/entities/character/player/animations/player_shotgun_check_ammo_tr_idle_one_handed_rarm.anm'
  Destroyed resource 'c:/Program Files (x86)/Steam/steamapps/common/Amnesia The Bunker/entities/character/player/animations/crouch_fwd_right_rarm.anm'
  Destroyed resource 'c:/Program Files (x86)/Steam/steamapps/common/Amnesia The Bunker/entities/character/player/animations/player_fuel_cannister_holster_rarm.anm'
  Destroyed resource 'c:/Program Files (x86)/Steam/steamapps/common/Amnesia The Bunker/entities/bunker/gameplay/wrench/Animations/wrench_unscrew_x2_bolt.anm'
  Destroyed resource 'c:/Program Files (x86)/Steam/steamapps/common/Amnesia The Bunker/entities/character/player/animations/idle_stand_larm.anm'
  Destroyed resource 'c:/Program Files (x86)/Steam/steamapps/common/Amnesia The Bunker/entities/character/player/animations/player_shotgun_check_ammo_close_larm.anm'
  Destroyed resource 'c:/Program Files (x86)/Steam/steamapps/common/Amnesia The Bunker/entities/character/player/animations/player_shotgun_aim_idle_tr_idle_one_handed_larm.anm'
  Destroyed resource 'c:/Program Files (x86)/Steam/steamapps/common/Amnesia The Bunker/entities/character/player/animations/player_dynamite_bundle_focus_end_rarm.anm'
  Destroyed resource 'c:/Program Files (x86)/Steam/steamapps/common/Amnesia The Bunker/entities/character/player/animations/player_flare_equip_rarm.anm'
  Destroyed resource 'c:/Program Files (x86)/Steam/steamapps/common/Amnesia The Bunker/entities/character/player/animations/player_fuel_cannister_throw_fuel_x3_rarm.anm'
  Destroyed resource 'c:/Program Files (x86)/Steam/steamapps/common/Amnesia The Bunker/entities/character/player/animations/crouch_fwd_left.anm'
  Destroyed resource 'c:/Program Files (x86)/Steam/steamapps/common/Amnesia The Bunker/entities/character/player/animations/player_shotgun_equip_two_handed_rarm.anm'
  Destroyed resource 'c:/Program Files (x86)/Steam/steamapps/common/Amnesia The Bunker/entities/character/player/animations/crouch_turn_right90_larm.anm'
  Destroyed resource 'c:/Program Files (x86)/Steam/steamapps/common/Amnesia The Bunker/entities/character/player/animations/player_flare_idle_rarm.anm'
  Destroyed resource 'c:/Program Files (x86)/Steam/steamapps/common/Amnesia The Bunker/entities/character/player/animations/player_gas_grenade_focus_start_rarm.anm'
  Destroyed resource 'c:/Program Files (x86)/Steam/steamapps/common/Amnesia The Bunker/entities/bunker/gameplay/magnetlampe/animations/magnetlampe_chargeup_gun_start.anm'
  Destroyed resource 'c:/Program Files (x86)/Steam/steamapps/common/Amnesia The Bunker/mods/BunkersEdge/entities/tdd_enemies/servant_grunt/animations/idle_fix.anm'
  Destroyed resource 'c:/Program Files (x86)/Steam/steamapps/common/Amnesia The Bunker/entities/bunker/gameplay/torch_stick/Animations/torch_wave_end.anm'
  Destroyed resource 'c:/Program Files (x86)/Steam/steamapps/common/Amnesia The Bunker/entities/character/player/animations/player_crouch_tr_prone_idle.anm'
  Destroyed resource 'c:/Program Files (x86)/Steam/steamapps/common/Amnesia The Bunker/entities/character/player/animations/walk_strafe_right_larm.anm'
  Destroyed resource 'c:/Program Files (x86)/Steam/steamapps/common/Amnesia The Bunker/entities/character/player/animations/player_check_health_stand_stomach_tr_idle.anm'
  Destroyed resource 'c:/Program Files (x86)/Steam/steamapps/common/Amnesia The Bunker/entities/bunker/gameplay/torch_stick/Animations/torch_equip.anm'
  Destroyed resource 'c:/Program Files (x86)/Steam/steamapps/common/Amnesia The Bunker/entities/character/player/animations/tool_lantern_idle_larm.anm'
  Destroyed resource 'c:/Program Files (x86)/Steam/steamapps/common/Amnesia The Bunker/entities/character/player/animations/player_shotgun_check_ammo_idle_rarm.anm'
  Destroyed resource 'c:/Program Files (x86)/Steam/steamapps/common/Amnesia The Bunker/entities/character/player/animations/crouch_strafe_right_larm.anm'
  Destroyed resource 'c:/Program Files (x86)/Steam/steamapps/common/Amnesia The Bunker/entities/character/player/animations/wake_up_from_death_3b.anm'
  Destroyed resource 'c:/Program Files (x86)/Steam/steamapps/common/Amnesia The Bunker/entities/character/player/animations/player_shotgun_unequip_two_handed_rarm.anm'
  Destroyed resource 'c:/Program Files (x86)/Steam/steamapps/common/Amnesia The Bunker/entities/character/player/animations/player_wrench_focus_start_rarm.anm'
  Destroyed resource 'c:/Program Files (x86)/Steam/steamapps/common/Amnesia The Bunker/entities/character/player/animations/player_fuse_idle_rarm.anm'
  Destroyed resource 'c:/Program Files (x86)/Steam/steamapps/common/Amnesia The Bunker/entities/character/player/animations/player_rabbit_throw_rarm.anm'
  Destroyed resource 'c:/Program Files (x86)/Steam/steamapps/common/Amnesia The Bunker/entities/character/player/animations/walk_right_bkwd_rarm.anm'
  Destroyed resource 'c:/Program Files (x86)/Steam/steamapps/common/Amnesia The Bunker/mods/BunkersEdge/entities/tdd_enemies/servant_grunt/animations/open_door_inward_left.anm'
  Destroyed resource 'c:/Program Files (x86)/Steam/steamapps/common/Amnesia The Bunker/entities/character/player/animations/player_stopwatch_wind_and_click_larm.anm'
  Destroyed resource 'c:/Program Files (x86)/Steam/steamapps/common/Amnesia The Bunker/entities/character/player/animations/player_stopwatch_idle_rarm.anm'
  Destroyed resource 'c:/Program Files (x86)/Steam/steamapps/common/Amnesia The Bunker/entities/character/player/animations/player_torch_idle_rarm.anm'
  Destroyed resource 'c:/Program Files (x86)/Steam/steamapps/common/Amnesia The Bunker/entities/character/player/animations/player_shotgun_fire_empty_rarm.anm'
  Destroyed resource 'c:/Program Files (x86)/Steam/steamapps/common/Amnesia The Bunker/mods/BunkersEdge/entities/tdd_enemies/servant_grunt/animations/idle_extra1_fix.anm'
  Destroyed resource 'c:/Program Files (x86)/Steam/steamapps/common/Amnesia The Bunker/entities/character/player/animations/player_grenade_focus_end_rarm.anm'
  Destroyed resource 'c:/Program Files (x86)/Steam/steamapps/common/Amnesia The Bunker/entities/character/player/animations/wake_up_from_death_2_crouch.anm'
  Destroyed resource 'c:/Program Files (x86)/Steam/steamapps/common/Amnesia The Bunker/entities/bunker/gameplay/revolver/animations/gun_bullet_check_open.anm'
  Destroyed resource 'c:/Program Files (x86)/Steam/steamapps/common/Amnesia The Bunker/entities/character/player/animations/player_bandage_idle_rarm.anm'
  Destroyed resource 'c:/Program Files (x86)/Steam/steamapps/common/Amnesia The Bunker/entities/character/player/animations/player_crouched_medkit_usage.anm'
  Destroyed resource 'c:/Program Files (x86)/Steam/steamapps/common/Amnesia The Bunker/entities/character/player/animations/player_end_tumble_into_trench.anm'
  Destroyed resource 'c:/Program Files (x86)/Steam/steamapps/common/Amnesia The Bunker/entities/character/player/animations/player_grenade_focus_start_rarm.anm'
  Destroyed resource 'c:/Program Files (x86)/Steam/steamapps/common/Amnesia The Bunker/entities/character/player/animations/player_shotgun_fire_empty_larm.anm'
  Destroyed resource 'c:/Program Files (x86)/Steam/steamapps/common/Amnesia The Bunker/entities/character/player/animations/player_gun_unequip.anm'
  Destroyed resource 'c:/Program Files (x86)/Steam/steamapps/common/Amnesia The Bunker/entities/character/player/animations/jump_land_rarm.anm'
  Destroyed resource 'c:/Program Files (x86)/Steam/steamapps/common/Amnesia The Bunker/entities/character/player/animations/player_generator_refuelling_cannister.anm'
  Destroyed resource 'c:/Program Files (x86)/Steam/steamapps/common/Amnesia The Bunker/entities/character/player/animations/player_shotgun_check_ammo_start_larm.anm'
  Destroyed resource 'c:/Program Files (x86)/Steam/steamapps/common/Amnesia The Bunker/entities/bunker/gameplay/fuel_medium/Animations/fuel_cannister_closed.anm'
  Destroyed resource 'c:/Program Files (x86)/Steam/steamapps/common/Amnesia The Bunker/entities/character/player/animations/player_head_fuel_cannister_throw_fuel_start.anm'
  Destroyed resource 'c:/Program Files (x86)/Steam/steamapps/common/Amnesia The Bunker/entities/character/player/animations/player_shoulder_bobbing_rarm.anm'
  Destroyed resource 'c:/Program Files (x86)/Steam/steamapps/common/Amnesia The Bunker/entities/bunker/gameplay/trench_shotgun/animations/shotgun_fire_shell_02.anm'
  Destroyed resource 'c:/Program Files (x86)/Steam/steamapps/common/Amnesia The Bunker/entities/bunker/gameplay/revolver/animations/gun_shot_empty.anm'
  Destroyed resource 'c:/Program Files (x86)/Steam/steamapps/common/Amnesia The Bunker/entities/character/player/animations/knocked_out_by_debris_in_place.anm'
  Destroyed resource 'c:/Program Files (x86)/Steam/steamapps/common/Amnesia The Bunker/entities/character/player/animations/player_head_gun_equip.anm'
  Destroyed resource 'c:/Program Files (x86)/Steam/steamapps/common/Amnesia The Bunker/entities/character/player/animations/player_key_focus_start_rarm.anm'
  Destroyed resource 'c:/Program Files (x86)/Steam/steamapps/common/Amnesia The Bunker/entities/bunker/gameplay/trench_shotgun/animations/shotgun_fire_empty.anm'
  Destroyed resource 'c:/Program Files (x86)/Steam/steamapps/common/Amnesia The Bunker/entities/character/player/animations/player_medkit_holster_rarm.anm'
  Destroyed resource 'c:/Program Files (x86)/Steam/steamapps/common/Amnesia The Bunker/entities/character/player/animations/player_wrench_rtu_noaction_rarm.anm'
  Destroyed resource 'c:/Program Files (x86)/Steam/steamapps/common/Amnesia The Bunker/entities/character/player/animations/player_cutter_cut_air_larm.anm'
  Destroyed resource 'c:/Program Files (x86)/Steam/steamapps/common/Amnesia The Bunker/entities/bunker/gameplay/torch_stick/Animations/torch_wave_1.anm'
  Destroyed resource 'c:/Program Files (x86)/Steam/steamapps/common/Amnesia The Bunker/entities/character/player/animations/player_flare_focus_end_larm.anm'
  Destroyed resource 'c:/Program Files (x86)/Steam/steamapps/common/Amnesia The Bunker/entities/character/player/animations/player_head_shotgun_fire_shell_01.anm'
  Destroyed resource 'c:/Program Files (x86)/Steam/steamapps/common/Amnesia The Bunker/entities/character/player/animations/player_shotgun_check_ammo_tr_idle_one_handed_larm.anm'
  Destroyed resource 'c:/Program Files (x86)/Steam/steamapps/common/Amnesia The Bunker/entities/character/player/animations/player_fuse_equip_rarm.anm'
  Destroyed resource 'c:/Program Files (x86)/Steam/steamapps/common/Amnesia The Bunker/entities/character/player/animations/player_meat_idle_rarm.anm'
  Destroyed resource 'c:/Program Files (x86)/Steam/steamapps/common/Amnesia The Bunker/entities/character/player/animations/player_fuse_use_medium.anm'
  Destroyed resource 'c:/Program Files (x86)/Steam/steamapps/common/Amnesia The Bunker/entities/character/player/animations/crouch_fwd_left_larm.anm'
  Destroyed resource 'c:/Program Files (x86)/Steam/steamapps/common/Amnesia The Bunker/entities/character/player/animations/player_bottle_idle_rarm.anm'
  Destroyed resource 'c:/Program Files (x86)/Steam/steamapps/common/Amnesia The Bunker/entities/character/player/animations/player_medkit_idle_rarm.anm'
  Destroyed resource 'c:/Program Files (x86)/Steam/steamapps/common/Amnesia The Bunker/entities/character/player/animations/player_magnetlampe_chargeup_pull_1_larm.anm'
  Destroyed resource 'c:/Program Files (x86)/Steam/steamapps/common/Amnesia The Bunker/entities/character/player/animations/player_bottle_focus_end_rarm.anm'
  Destroyed resource 'c:/Program Files (x86)/Steam/steamapps/common/Amnesia The Bunker/entities/character/player/animations/tool_lantern_draw_larm.anm'
  Destroyed resource 'c:/Program Files (x86)/Steam/steamapps/common/Amnesia The Bunker/entities/character/player/animations/walk_left_bkwd.anm'
  Destroyed resource 'c:/Program Files (x86)/Steam/steamapps/common/Amnesia The Bunker/entities/character/player/animations/player_throw_crouching_2.anm'
  Destroyed resource 'c:/Program Files (x86)/Steam/steamapps/common/Amnesia The Bunker/entities/character/player/animations/player_shotgun_reload_end_pump_tr_check_ammo_rarm.anm'
  Destroyed resource 'c:/Program Files (x86)/Steam/steamapps/common/Amnesia The Bunker/entities/character/player/animations/player_head_flare_throw.anm'
  Destroyed resource 'c:/Program Files (x86)/Steam/steamapps/common/Amnesia The Bunker/entities/bunker/gameplay/lighter/animations/lighter_idle_closed.anm'
  Destroyed resource 'c:/Program Files (x86)/Steam/steamapps/common/Amnesia The Bunker/entities/character/player/animations/player_stopwatch_equip_click_rarm.anm'
  Destroyed resource 'c:/Program Files (x86)/Steam/steamapps/common/Amnesia The Bunker/entities/character/player/animations/player_rabbit_focus_start_rarm.anm'
  Destroyed resource 'c:/Program Files (x86)/Steam/steamapps/common/Amnesia The Bunker/entities/character/player/animations/player_check_health_damage_first_stage_start_head.anm'
  Destroyed resource 'c:/Program Files (x86)/Steam/steamapps/common/Amnesia The Bunker/entities/character/player/animations/crouch_bkwd_right_larm.anm'
  Destroyed resource 'c:/Program Files (x86)/Steam/steamapps/common/Amnesia The Bunker/entities/character/player/animations/player_empty_molotov_focus_start_rarm.anm'
  Destroyed resource 'c:/Program Files (x86)/Steam/steamapps/common/Amnesia The Bunker/entities/character/player/animations/player_death_hole_front.anm'
  Destroyed resource 'c:/Program Files (x86)/Steam/steamapps/common/Amnesia The Bunker/entities/character/player/animations/jump_land_larm.anm'
  Destroyed resource 'c:/Program Files (x86)/Steam/steamapps/common/Amnesia The Bunker/entities/character/player/animations/player_stopwatch_focus_click_rarm.anm'
  Destroyed resource 'c:/Program Files (x86)/Steam/steamapps/common/Amnesia The Bunker/entities/character/player/animations/player_stopwatch_focus_end_rarm.anm'
  Destroyed resource 'c:/Program Files (x86)/Steam/steamapps/common/Amnesia The Bunker/entities/character/player/animations/player_head_shotgun_unequip_one_handed.anm'
  Destroyed resource 'c:/Program Files (x86)/Steam/steamapps/common/Amnesia The Bunker/mods/BunkersEdge/entities/tdd_enemies/servant_grunt/animations/turn_left_custom.anm'
  Destroyed resource 'c:/Program Files (x86)/Steam/steamapps/common/Amnesia The Bunker/entities/character/player/animations/player_lockdown_wheel_holster_rarm.anm'
  Destroyed resource 'c:/Program Files (x86)/Steam/steamapps/common/Amnesia The Bunker/mods/BunkersEdge/entities/tdd_enemies/servant_grunt/animations/throw_player_right.anm'
  Destroyed resource 'c:/Program Files (x86)/Steam/steamapps/common/Amnesia The Bunker/entities/character/player/animations/player_shotgun_check_ammo_pump_tr_aim_idle_rarm.anm'
  Destroyed resource 'c:/Program Files (x86)/Steam/steamapps/common/Amnesia The Bunker/entities/character/player/animations/player_head_shotgun_check_ammo_pump_tr_idle_two_handed.anm'
  Destroyed resource 'c:/Program Files (x86)/Steam/steamapps/common/Amnesia The Bunker/mods/BunkersEdge/entities/tdd_enemies/servant_grunt/animations/glimpse_right_start.anm'
  Destroyed resource 'c:/Program Files (x86)/Steam/steamapps/common/Amnesia The Bunker/entities/character/player/animations/player_shotgun_aim_idle_tr_idle_one_handed_rarm.anm'
  Destroyed resource 'c:/Program Files (x86)/Steam/steamapps/common/Amnesia The Bunker/entities/character/player/animations/player_cutter_focus_idle_larm.anm'
  Destroyed resource 'c:/Program Files (x86)/Steam/steamapps/common/Amnesia The Bunker/entities/character/player/animations/player_head_magnetlampe_chargeup_pull_2.anm'
  Destroyed resource 'c:/Program Files (x86)/Steam/steamapps/common/Amnesia The Bunker/entities/bunker/gameplay/trench_shotgun/animations/shotgun_idle_two_handed_arm.anm'
  Destroyed resource 'c:/Program Files (x86)/Steam/steamapps/common/Amnesia The Bunker/entities/character/player/animations/crouch_turn_right90.anm'
  Destroyed resource 'c:/Program Files (x86)/Steam/steamapps/common/Amnesia The Bunker/entities/character/player/animations/crouch_fwd_left_rarm.anm'
  Destroyed resource 'c:/Program Files (x86)/Steam/steamapps/common/Amnesia The Bunker/entities/character/player/animations/player_head_shotgun_check_ammo_close.anm'
  Destroyed resource 'c:/Program Files (x86)/Steam/steamapps/common/Amnesia The Bunker/entities/character/player/animations/player_head_shotgun_check_ammo_tr_idle_one_handed.anm'
  Destroyed resource 'c:/Program Files (x86)/Steam/steamapps/common/Amnesia The Bunker/entities/character/player/animations/run_fwd_right.anm'
  Destroyed resource 'c:/Program Files (x86)/Steam/steamapps/common/Amnesia The Bunker/entities/character/player/animations/player_flare_holster_rarm.anm'
  Destroyed resource 'c:/Program Files (x86)/Steam/steamapps/common/Amnesia The Bunker/entities/character/player/animations/player_detonator_handle_idle_rarm.anm'
  Destroyed resource 'c:/Program Files (x86)/Steam/steamapps/common/Amnesia The Bunker/entities/character/player/animations/player_grenade_focus_idle_larm.anm'
  Destroyed resource 'c:/Program Files (x86)/Steam/steamapps/common/Amnesia The Bunker/entities/character/player/animations/pick_up_and_look_at_orb_pedestal.anm'
  Destroyed resource 'c:/Program Files (x86)/Steam/steamapps/common/Amnesia The Bunker/entities/character/player/animations/player_climb_ledge.anm'
  Destroyed resource 'c:/Program Files (x86)/Steam/steamapps/common/Amnesia The Bunker/entities/character/player/animations/run_strafe_right_rarm.anm'
  Destroyed resource 'c:/Program Files (x86)/Steam/steamapps/common/Amnesia The Bunker/mods/BunkersEdge/entities/tdd_enemies/servant_grunt/animations/walk_backward.anm'
  Destroyed resource 'c:/Program Files (x86)/Steam/steamapps/common/Amnesia The Bunker/mods/BunkersEdge/entities/tdd_enemies/servant_grunt/animations/custom_death_ladder.anm'
  Destroyed resource 'c:/Program Files (x86)/Steam/steamapps/common/Amnesia The Bunker/entities/character/player/animations/run_strafe_right.anm'
  Destroyed resource 'c:/Program Files (x86)/Steam/steamapps/common/Amnesia The Bunker/entities/character/player/animations/player_fuse_holster_rarm.anm'
  Destroyed resource 'c:/Program Files (x86)/Steam/steamapps/common/Amnesia The Bunker/entities/character/player/animations/tool_lantern_holster_larm.anm'
  Destroyed resource 'c:/Program Files (x86)/Steam/steamapps/common/Amnesia The Bunker/entities/character/player/animations/crouch_idle_rarm.anm'
  Destroyed resource 'c:/Program Files (x86)/Steam/steamapps/common/Amnesia The Bunker/entities/character/player/animations/player_head_shotgun_equip_two_handed.anm'
  Destroyed resource 'c:/Program Files (x86)/Steam/steamapps/common/Amnesia The Bunker/entities/character/player/animations/player_pocketwatch_equip_rarm.anm'
  Destroyed resource 'c:/Program Files (x86)/Steam/steamapps/common/Amnesia The Bunker/entities/bunker/gameplay/gas_grenade/animations/gas_grenade_idle.anm'
  Destroyed resource 'c:/Program Files (x86)/Steam/steamapps/common/Amnesia The Bunker/mods/BunkersEdge/entities/tdd_enemies/servant_grunt/animations/throw_player_left.anm'
  Destroyed resource 'c:/Program Files (x86)/Steam/steamapps/common/Amnesia The Bunker/entities/character/player/animations/player_bandage_equip_rarm.anm'
  Destroyed resource 'c:/Program Files (x86)/Steam/steamapps/common/Amnesia The Bunker/entities/character/player/animations/player_fuel_cannister_focus_start_rarm.anm'
  Destroyed resource 'c:/Program Files (x86)/Steam/steamapps/common/Amnesia The Bunker/entities/character/player/animations/tool_generic_draw_rarm.anm'
  Destroyed resource 'c:/Program Files (x86)/Steam/steamapps/common/Amnesia The Bunker/entities/character/player/animations/player_rabbit_equip_rarm.anm'
  Destroyed resource 'c:/Program Files (x86)/Steam/steamapps/common/Amnesia The Bunker/entities/character/player/animations/player_shotgun_fire_shell_02_rarm.anm'
  Destroyed resource 'c:/Program Files (x86)/Steam/steamapps/common/Amnesia The Bunker/entities/bunker/gameplay/chain_cutters/animations/cutter_cut_padlock.anm'
  Destroyed resource 'c:/Program Files (x86)/Steam/steamapps/common/Amnesia The Bunker/entities/bunker/gameplay/trench_shotgun/animations/shotgun_unequip_one_handed.anm'
  Destroyed resource 'c:/Program Files (x86)/Steam/steamapps/common/Amnesia The Bunker/entities/character/player/animations/crouch_tr_idle_stand.anm'
  Destroyed resource 'c:/Program Files (x86)/Steam/steamapps/common/Amnesia The Bunker/entities/character/player/animations/crouch_tr_idle_stand_larm.anm'
  Destroyed resource 'c:/Program Files (x86)/Steam/steamapps/common/Amnesia The Bunker/entities/bunker/gameplay/lighter/animations/lighter_molotov_throw.anm'
  Destroyed resource 'c:/Program Files (x86)/Steam/steamapps/common/Amnesia The Bunker/entities/character/player/animations/walk_strafe_right_rarm.anm'
  Destroyed resource 'c:/Program Files (x86)/Steam/steamapps/common/Amnesia The Bunker/mods/BunkersEdge/entities/tdd_enemies/servant_grunt/animations/glimpse_left_loop.anm'
  Destroyed resource 'c:/Program Files (x86)/Steam/steamapps/common/Amnesia The Bunker/entities/character/player/animations/player_lighter_equip_rarm.anm'
  Destroyed resource 'c:/Program Files (x86)/Steam/steamapps/common/Amnesia The Bunker/entities/character/player/animations/player_lighter_focus_idle_rarm.anm'
  Destroyed resource 'c:/Program Files (x86)/Steam/steamapps/common/Amnesia The Bunker/entities/bunker/gameplay/trench_shotgun/animations/shotgun_idle_one_handed_tr_check_ammo.anm'
  Destroyed resource 'c:/Program Files (x86)/Steam/steamapps/common/Amnesia The Bunker/entities/character/player/animations/player_shoulder_bobbing_larm.anm'
  Destroyed resource 'c:/Program Files (x86)/Steam/steamapps/common/Amnesia The Bunker/entities/character/player/animations/player_shotgun_idle_two_handed_rarm.anm'
  Destroyed resource 'c:/Program Files (x86)/Steam/steamapps/common/Amnesia The Bunker/entities/bunker/gameplay/lighter/animations/lighter_focus_idle.anm'
  Destroyed resource 'c:/Program Files (x86)/Steam/steamapps/common/Amnesia The Bunker/entities/character/player/animations/wake_up_from_death_3a.anm'
  Destroyed resource 'c:/Program Files (x86)/Steam/steamapps/common/Amnesia The Bunker/entities/character/player/animations/crouch_bkwd.anm'
  Destroyed resource 'c:/Program Files (x86)/Steam/steamapps/common/Amnesia The Bunker/entities/character/player/animations/player_gas_mask_equip.anm'
  Destroyed resource 'c:/Program Files (x86)/Steam/steamapps/common/Amnesia The Bunker/entities/character/player/animations/climb_left_detach_bottom.anm'
  Destroyed resource 'c:/Program Files (x86)/Steam/steamapps/common/Amnesia The Bunker/entities/character/player/animations/player_dynamite_bundle_equip_rarm.anm'
  Destroyed resource 'c:/Program Files (x86)/Steam/steamapps/common/Amnesia The Bunker/entities/character/player/animations/player_gun_reload_end_larm.anm'
  Destroyed resource 'c:/Program Files (x86)/Steam/steamapps/common/Amnesia The Bunker/entities/character/player/animations/player_flare_throw_larm.anm'
  Destroyed resource 'c:/Program Files (x86)/Steam/steamapps/common/Amnesia The Bunker/entities/character/player/animations/player_rabbit_focus_idle_rarm.anm'
  Destroyed resource 'c:/Program Files (x86)/Steam/steamapps/common/Amnesia The Bunker/entities/bunker/gameplay/meat_chunks/animations/meat_focus_idle.anm'
  Destroyed resource 'c:/Program Files (x86)/Steam/steamapps/common/Amnesia The Bunker/entities/character/player/animations/player_fuel_storage_refill_stand.anm'
  Destroyed resource 'c:/Program Files (x86)/Steam/steamapps/common/Amnesia The Bunker/mods/BunkersEdge/entities/tdd_enemies/servant_grunt/animations/open_door_inward_right.anm'
  Destroyed resource 'c:/Program Files (x86)/Steam/steamapps/common/Amnesia The Bunker/entities/bunker/gameplay/bandage/animations/bandage_application_tin.anm'
  Destroyed resource 'c:/Program Files (x86)/Steam/steamapps/common/Amnesia The Bunker/entities/character/player/animations/player_head_bullet_check_open.anm'
  Destroyed resource 'c:/Program Files (x86)/Steam/steamapps/common/Amnesia The Bunker/entities/character/player/animations/player_stopwatch_holster_rarm.anm'
  Destroyed resource 'c:/Program Files (x86)/Steam/steamapps/common/Amnesia The Bunker/entities/character/player/animations/player_magnetlampe_idle_larm.anm'
  Destroyed resource 'c:/Program Files (x86)/Steam/steamapps/common/Amnesia The Bunker/entities/bunker/gameplay/bandage/animations/bandage_tin_closed.anm'
  Destroyed resource 'c:/Program Files (x86)/Steam/steamapps/common/Amnesia The Bunker/entities/character/player/animations/player_head_bullet_check_close.anm'
  Destroyed resource 'c:/Program Files (x86)/Steam/steamapps/common/Amnesia The Bunker/entities/character/player/animations/walk_left_bkwd_rarm.anm'
  Destroyed resource 'c:/Program Files (x86)/Steam/steamapps/common/Amnesia The Bunker/entities/character/player/animations/player_dynamite_bundle_holster_rarm.anm'
  Destroyed resource 'c:/Program Files (x86)/Steam/steamapps/common/Amnesia The Bunker/entities/character/player/animations/player_torch_equip_rarm.anm'
  Destroyed resource 'c:/Program Files (x86)/Steam/steamapps/common/Amnesia The Bunker/entities/character/player/animations/player_gun_dual_aim_start_larm.anm'
  Destroyed resource 'c:/Program Files (x86)/Steam/steamapps/common/Amnesia The Bunker/entities/character/player/animations/player_shotgun_idle_one_handed_tr_aim_idle_larm.anm'
  Destroyed resource 'c:/Program Files (x86)/Steam/steamapps/common/Amnesia The Bunker/entities/character/player/animations/player_head_shotgun_idle_one_handed_tr_aim_idle.anm'
  Destroyed resource 'c:/Program Files (x86)/Steam/steamapps/common/Amnesia The Bunker/entities/character/player/animations/wake_up_from_death_1_crouch.anm'
  Destroyed resource 'c:/Program Files (x86)/Steam/steamapps/common/Amnesia The Bunker/entities/bunker/gameplay/wrench/Animations/wrench_equip.anm'
  Destroyed resource 'c:/Program Files (x86)/Steam/steamapps/common/Amnesia The Bunker/entities/character/player/animations/player_cutter_focus_idle_rarm.anm'
  Destroyed resource 'c:/Program Files (x86)/Steam/steamapps/common/Amnesia The Bunker/entities/character/player/animations/player_shotgun_idle_one_handed_tr_check_ammo_rarm.anm'
  Destroyed resource 'c:/Program Files (x86)/Steam/steamapps/common/Amnesia The Bunker/entities/character/player/animations/player_check_health_stand_start.anm'
  Destroyed resource 'c:/Program Files (x86)/Steam/steamapps/common/Amnesia The Bunker/entities/character/player/animations/player_head_shotgun_equip_one_handed.anm'
  Destroyed resource 'c:/Program Files (x86)/Steam/steamapps/common/Amnesia The Bunker/entities/character/player/animations/player_head_shotgun_idle_one_handed.anm'
  Destroyed resource 'c:/Program Files (x86)/Steam/steamapps/common/Amnesia The Bunker/entities/character/player/animations/idle_stand.anm'
  Destroyed resource 'c:/Program Files (x86)/Steam/steamapps/common/Amnesia The Bunker/entities/character/player/animations/player_fuel_bottle_focus_idle_rarm.anm'
  Destroyed resource 'c:/Program Files (x86)/Steam/steamapps/common/Amnesia The Bunker/entities/character/player/animations/player_torch_aim_rarm.anm'
  Destroyed resource 'c:/Program Files (x86)/Steam/steamapps/common/Amnesia The Bunker/entities/character/player/animations/player_detonator_handle_focus_idle_rarm.anm'
  Destroyed resource 'c:/Program Files (x86)/Steam/steamapps/common/Amnesia The Bunker/entities/character/player/animations/player_shotgun_aim_idle_rarm.anm'
  Destroyed resource 'c:/Program Files (x86)/Steam/steamapps/common/Amnesia The Bunker/entities/bunker/gameplay/lighter/animations/lighter_molotov_focus_end.anm'
  Destroyed resource 'c:/Program Files (x86)/Steam/steamapps/common/Amnesia The Bunker/entities/character/player/animations/player_grenade_holster_rarm.anm'
  Destroyed resource 'c:/Program Files (x86)/Steam/steamapps/common/Amnesia The Bunker/entities/character/player/animations/player_lockdown_wheel_insert.anm'
  Destroyed resource 'c:/Program Files (x86)/Steam/steamapps/common/Amnesia The Bunker/entities/character/player/animations/run_fwd_left_rarm.anm'
  Destroyed resource 'c:/Program Files (x86)/Steam/steamapps/common/Amnesia The Bunker/entities/character/player/animations/player_prone_idle_tr_crouch_larm.anm'
  Destroyed resource 'c:/Program Files (x86)/Steam/steamapps/common/Amnesia The Bunker/entities/character/player/animations/player_bottle_equip_rarm.anm'
  Destroyed resource 'c:/Program Files (x86)/Steam/steamapps/common/Amnesia The Bunker/mods/BunkersEdge/entities/tdd_enemies/servant_grunt/animations/custom_death_under.anm'
  Destroyed resource 'c:/Program Files (x86)/Steam/steamapps/common/Amnesia The Bunker/entities/bunker/gameplay/flare/Animations/flare_static.anm'
  Destroyed resource 'c:/Program Files (x86)/Steam/steamapps/common/Amnesia The Bunker/entities/character/player/animations/stand_turn_left90_larm.anm'
  Destroyed resource 'c:/Program Files (x86)/Steam/steamapps/common/Amnesia The Bunker/entities/character/player/animations/walk_left_fwd.anm'
  Destroyed resource 'c:/Program Files (x86)/Steam/steamapps/common/Amnesia The Bunker/entities/character/player/animations/player_fuel_cannister_throw_fuel_end_rarm.anm'
  Destroyed resource 'c:/Program Files (x86)/Steam/steamapps/common/Amnesia The Bunker/entities/character/player/animations/player_magnetlampe_chargeup_pull_1_rarm.anm'
  Destroyed resource 'c:/Program Files (x86)/Steam/steamapps/common/Amnesia The Bunker/entities/character/player/animations/player_gas_grenade_equip_rarm.anm'
  Destroyed resource 'c:/Program Files (x86)/Steam/steamapps/common/Amnesia The Bunker/entities/bunker/gameplay/revolver/animations/gun_shot_2.anm'
  Destroyed resource 'c:/Program Files (x86)/Steam/steamapps/common/Amnesia The Bunker/entities/character/player/animations/player_torch_wave_end_rarm.anm'
  Destroyed resource 'c:/Program Files (x86)/Steam/steamapps/common/Amnesia The Bunker/entities/character/player/animations/wake_up_from_death_2.anm'
  Destroyed resource 'c:/Program Files (x86)/Steam/steamapps/common/Amnesia The Bunker/entities/character/player/animations/player_check_health_damage_last_stage_start_head.anm'
  Destroyed resource 'c:/Program Files (x86)/Steam/steamapps/common/Amnesia The Bunker/entities/character/player/animations/player_gun_reload_start_larm.anm'
  Destroyed resource 'c:/Program Files (x86)/Steam/steamapps/common/Amnesia The Bunker/mods/BunkersEdge/entities/tdd_enemies/servant_grunt/animations/default_pose.anm'
  Destroyed resource 'c:/Program Files (x86)/Steam/steamapps/common/Amnesia The Bunker/entities/character/player/animations/run_strafe_left_larm.anm'
  Destroyed resource 'c:/Program Files (x86)/Steam/steamapps/common/Amnesia The Bunker/entities/character/player/animations/player_fuel_bottle_idle_rarm.anm'
  Destroyed resource 'c:/Program Files (x86)/Steam/steamapps/common/Amnesia The Bunker/entities/character/player/animations/player_pocketwatch_focus_click_rarm.anm'
  Destroyed resource 'c:/Program Files (x86)/Steam/steamapps/common/Amnesia The Bunker/entities/character/player/animations/wake_up_from_death_1a.anm'
  Destroyed resource 'c:/Program Files (x86)/Steam/steamapps/common/Amnesia The Bunker/entities/bunker/gameplay/trench_shotgun/animations/shotgun_idle_one_handed_tr_aim_idle.anm'
  Destroyed resource 'c:/Program Files (x86)/Steam/steamapps/common/Amnesia The Bunker/entities/character/player/animations/crouch_bkwd_rarm.anm'
  Destroyed resource 'c:/Program Files (x86)/Steam/steamapps/common/Amnesia The Bunker/entities/bunker/gameplay/wrench/Animations/wrench_unscrew_x3_bolt.anm'
  Destroyed resource 'c:/Program Files (x86)/Steam/steamapps/common/Amnesia The Bunker/entities/character/player/animations/player_lighter_holster_rarm.anm'
  Destroyed resource 'c:/Program Files (x86)/Steam/steamapps/common/Amnesia The Bunker/entities/bunker/gameplay/magnetlampe/animations/magnetlampe_unequip.anm'
  Destroyed resource 'c:/Program Files (x86)/Steam/steamapps/common/Amnesia The Bunker/entities/character/player/animations/player_molotov_focus_idle_larm.anm'
  Destroyed resource 'c:/Program Files (x86)/Steam/steamapps/common/Amnesia The Bunker/entities/character/player/animations/player_head_shotgun_aim_idle_tr_idle_two_handed.anm'
  Destroyed resource 'c:/Program Files (x86)/Steam/steamapps/common/Amnesia The Bunker/entities/character/player/animations/player_meat_focus_end_rarm.anm'
  Destroyed resource 'c:/Program Files (x86)/Steam/steamapps/common/Amnesia The Bunker/entities/bunker/gameplay/grenade/Animations/grenade_focus_idle.anm'
  Destroyed resource 'c:/Program Files (x86)/Steam/steamapps/common/Amnesia The Bunker/entities/character/player/animations/player_fuel_cannister_throw_fuel_end_larm.anm'
  Destroyed resource 'c:/Program Files (x86)/Steam/steamapps/common/Amnesia The Bunker/entities/bunker/gameplay/magnetlampe/animations/magnetlampe_chargeup_gun_pull_2.anm'
  Destroyed resource 'c:/Program Files (x86)/Steam/steamapps/common/Amnesia The Bunker/entities/character/player/animations/crouch_fwd_rarm.anm'
  Destroyed resource 'c:/Program Files (x86)/Steam/steamapps/common/Amnesia The Bunker/entities/character/player/animations/player_fuel_cannister_focus_end_larm.anm'
  Destroyed resource 'c:/Program Files (x86)/Steam/steamapps/common/Amnesia The Bunker/entities/character/player/animations/player_flare_focus_idle_larm.anm'
  Destroyed resource 'c:/Program Files (x86)/Steam/steamapps/common/Amnesia The Bunker/entities/character/player/animations/crouch_bkwd_larm.anm'
  Destroyed resource 'c:/Program Files (x86)/Steam/steamapps/common/Amnesia The Bunker/entities/bunker/gameplay/lighter/animations/lighter_focus_ignite.anm'
  Destroyed resource 'c:/Program Files (x86)/Steam/steamapps/common/Amnesia The Bunker/mods/BunkersEdge/entities/tdd_enemies/servant_grunt/animations/glimpse_ahead_end.anm'
  Destroyed resource 'c:/Program Files (x86)/Steam/steamapps/common/Amnesia The Bunker/entities/character/player/animations/walk_right_fwd_rarm.anm'
  Destroyed resource 'c:/Program Files (x86)/Steam/steamapps/common/Amnesia The Bunker/entities/character/player/animations/player_molotov_equip_rarm.anm'
  Destroyed resource 'c:/Program Files (x86)/Steam/steamapps/common/Amnesia The Bunker/entities/character/player/animations/run_fwd_left_larm.anm'
  Destroyed resource 'c:/Program Files (x86)/Steam/steamapps/common/Amnesia The Bunker/mods/BunkersEdge/entities/tdd_enemies/servant_grunt/animations/walk_fix.anm'
  Destroyed resource 'c:/Program Files (x86)/Steam/steamapps/common/Amnesia The Bunker/entities/character/player/animations/player_medkit_focus_end_larm.anm'
  Destroyed resource 'c:/Program Files (x86)/Steam/steamapps/common/Amnesia The Bunker/entities/character/player/animations/player_wrench_holster_rarm.anm'
  Destroyed resource 'c:/Program Files (x86)/Steam/steamapps/common/Amnesia The Bunker/entities/character/player/animations/jump_fall_larm.anm'
  Destroyed resource 'c:/Program Files (x86)/Steam/steamapps/common/Amnesia The Bunker/entities/character/player/animations/player_gun_bullet_check_idle.anm'
  Destroyed resource 'c:/Program Files (x86)/Steam/steamapps/common/Amnesia The Bunker/entities/bunker/gameplay/doll_rabbit/animations/rabbit_idle.anm'
  Destroyed resource 'c:/Program Files (x86)/Steam/steamapps/common/Amnesia The Bunker/entities/bunker/gameplay/flare/Animations/flare_throw.anm'
  Destroyed resource 'c:/Program Files (x86)/Steam/steamapps/common/Amnesia The Bunker/entities/character/player/animations/player_shotgun_idle_one_handed_larm.anm'
  Destroyed resource 'c:/Program Files (x86)/Steam/steamapps/common/Amnesia The Bunker/entities/character/player/animations/player_torch_aim_start_rarm.anm'
  Destroyed resource 'c:/Program Files (x86)/Steam/steamapps/common/Amnesia The Bunker/entities/character/player/animations/run_strafe_left_rarm.anm'
  Destroyed resource 'c:/Program Files (x86)/Steam/steamapps/common/Amnesia The Bunker/entities/character/player/animations/player_magnetlampe_chargeup_pull_3_larm.anm'
  Destroyed resource 'c:/Program Files (x86)/Steam/steamapps/common/Amnesia The Bunker/entities/bunker/gameplay/wrench/Animations/wrench_holster.anm'
  Destroyed resource 'c:/Program Files (x86)/Steam/steamapps/common/Amnesia The Bunker/entities/bunker/gameplay/torch_stick/Animations/torch_aim_start.anm'
  Destroyed resource 'c:/Program Files (x86)/Steam/steamapps/common/Amnesia The Bunker/entities/bunker/gameplay/magnetlampe/animations/magnetlampe_idle.anm'
  Destroyed resource 'c:/Program Files (x86)/Steam/steamapps/common/Amnesia The Bunker/entities/character/player/animations/player_gun_reload_cylinder_spin_larm.anm'
  Destroyed resource 'c:/Program Files (x86)/Steam/steamapps/common/Amnesia The Bunker/entities/character/player/animations/player_stopwatch_idle_click_rarm.anm'
  Destroyed resource 'c:/Program Files (x86)/Steam/steamapps/common/Amnesia The Bunker/entities/bunker/gameplay/magnetlampe/animations/magnetlampe_chargeup_pull_1.anm'
  Destroyed resource 'c:/Program Files (x86)/Steam/steamapps/common/Amnesia The Bunker/entities/bunker/gameplay/gas_mask_m2/Animations/gas_mask_equip.anm'
  Destroyed resource 'c:/Program Files (x86)/Steam/steamapps/common/Amnesia The Bunker/entities/bunker/gameplay/grenade/Animations/grenade_focus_start.anm'
  Destroyed resource 'c:/Program Files (x86)/Steam/steamapps/common/Amnesia The Bunker/entities/character/player/animations/player_prone_fwd_head_bob.anm'
  Destroyed resource 'c:/Program Files (x86)/Steam/steamapps/common/Amnesia The Bunker/entities/character/player/animations/idle_stand_tr_crouch_rarm.anm'
  Destroyed resource 'c:/Program Files (x86)/Steam/steamapps/common/Amnesia The Bunker/entities/character/player/animations/jump_launch_larm.anm'
  Destroyed resource 'c:/Program Files (x86)/Steam/steamapps/common/Amnesia The Bunker/entities/bunker/gameplay/stopwatch/animations/stopwatch_equip_click.anm'
  Destroyed resource 'c:/Program Files (x86)/Steam/steamapps/common/Amnesia The Bunker/entities/character/player/animations/player_magnetlampe_chargeup_gun_start_rarm.anm'
  Destroyed resource 'c:/Program Files (x86)/Steam/steamapps/common/Amnesia The Bunker/entities/character/player/animations/player_head_shotgun_idle_two_handed.anm'
  Destroyed resource 'c:/Program Files (x86)/Steam/steamapps/common/Amnesia The Bunker/mods/BunkersEdge/entities/tdd_enemies/servant_grunt/animations/glimpse_right_end.anm'
  Destroyed resource 'c:/Program Files (x86)/Steam/steamapps/common/Amnesia The Bunker/entities/character/player/animations/player_molotov_focus_end_rarm.anm'
  Destroyed resource 'c:/Program Files (x86)/Steam/steamapps/common/Amnesia The Bunker/entities/bunker/gameplay/gas_grenade/animations/gas_grenade_focus_start.anm'
  Destroyed resource 'c:/Program Files (x86)/Steam/steamapps/common/Amnesia The Bunker/entities/character/player/animations/player_dynamite_bundle_focus_start_rarm.anm'
  Destroyed resource 'c:/Program Files (x86)/Steam/steamapps/common/Amnesia The Bunker/entities/character/player/animations/player_shotgun_check_ammo_pump_tr_idle_two_handed_rarm.anm'
  Destroyed resource 'c:/Program Files (x86)/Steam/steamapps/common/Amnesia The Bunker/entities/bunker/gameplay/meat_chunks/animations/meat_equip.anm'
  Destroyed resource 'c:/Program Files (x86)/Steam/steamapps/common/Amnesia The Bunker/entities/character/player/animations/player_shotgun_fire_shell_01_larm.anm'
  Destroyed resource 'c:/Program Files (x86)/Steam/steamapps/common/Amnesia The Bunker/entities/character/player/animations/player_check_health_idle_head.anm'
  Destroyed resource 'c:/Program Files (x86)/Steam/steamapps/common/Amnesia The Bunker/entities/character/player/animations/jump_fall.anm'
  Destroyed resource 'c:/Program Files (x86)/Steam/steamapps/common/Amnesia The Bunker/entities/bunker/gameplay/revolver/animations/gun_reload_end.anm'
  Destroyed resource 'c:/Program Files (x86)/Steam/steamapps/common/Amnesia The Bunker/entities/bunker/gameplay/magnetlampe/animations/magnetlampe_chargeup_gun_pull_3.anm'
  Destroyed resource 'c:/Program Files (x86)/Steam/steamapps/common/Amnesia The Bunker/entities/character/player/animations/player_shotgun_aim_idle_tr_idle_two_handed_rarm.anm'
  Destroyed resource 'c:/Program Files (x86)/Steam/steamapps/common/Amnesia The Bunker/entities/character/player/animations/player_shotgun_equip_one_handed_larm.anm'
  Destroyed resource 'c:/Program Files (x86)/Steam/steamapps/common/Amnesia The Bunker/entities/bunker/gameplay/magnetlampe/animations/magnetlampe_chargeup_gun_pull_1.anm'
  Destroyed resource 'c:/Program Files (x86)/Steam/steamapps/common/Amnesia The Bunker/entities/character/player/animations/player_stopwatch_wind_and_click_rarm.anm'
  Destroyed resource 'c:/Program Files (x86)/Steam/steamapps/common/Amnesia The Bunker/entities/bunker/gameplay/lighter/animations/lighter_focus_end.anm'
  Destroyed resource 'c:/Program Files (x86)/Steam/steamapps/common/Amnesia The Bunker/entities/bunker/gameplay/magnetlampe/animations/magnetlampe_equip.anm'
  Destroyed resource 'c:/Program Files (x86)/Steam/steamapps/common/Amnesia The Bunker/entities/bunker/gameplay/molotov_cocktail/animations/bottle_molotov_idle.anm'
  Destroyed resource 'c:/Program Files (x86)/Steam/steamapps/common/Amnesia The Bunker/entities/bunker/gameplay/trench_shotgun/animations/shotgun_idle_one_handed_tr_reload.anm'
  Destroyed resource 'c:/Program Files (x86)/Steam/steamapps/common/Amnesia The Bunker/entities/character/player/animations/player_check_health_full_start_head.anm'
  Destroyed resource 'c:/Program Files (x86)/Steam/steamapps/common/Amnesia The Bunker/entities/character/player/animations/player_gun_shot_3_larm.anm'
  Destroyed resource 'c:/Program Files (x86)/Steam/steamapps/common/Amnesia The Bunker/entities/bunker/gameplay/gas_grenade/animations/gas_grenade_equip.anm'
  Destroyed resource 'c:/Program Files (x86)/Steam/steamapps/common/Amnesia The Bunker/entities/character/player/animations/player_fuel_cannister_focus_start_larm.anm'
  Destroyed resource 'c:/Program Files (x86)/Steam/steamapps/common/Amnesia The Bunker/entities/character/player/animations/player_grenade_focus_start_larm.anm'
  Destroyed resource 'c:/Program Files (x86)/Steam/steamapps/common/Amnesia The Bunker/entities/bunker/gameplay/revolver/animations/gun_reload_start.anm'
  Destroyed resource 'c:/Program Files (x86)/Steam/steamapps/common/Amnesia The Bunker/entities/character/player/animations/player_magnetlampe_chargeup_pull_3_rarm.anm'
  Destroyed resource 'c:/Program Files (x86)/Steam/steamapps/common/Amnesia The Bunker/entities/character/player/animations/crouch_fwd_larm.anm'
  Destroyed resource 'c:/Program Files (x86)/Steam/steamapps/common/Amnesia The Bunker/entities/character/player/animations/player_cutter_focus_start_rarm.anm'
  Destroyed resource 'c:/Program Files (x86)/Steam/steamapps/common/Amnesia The Bunker/entities/character/player/animations/player_gun_aim_tr_relaxed_larm.anm'
  Destroyed resource 'c:/Program Files (x86)/Steam/steamapps/common/Amnesia The Bunker/entities/character/player/animations/player_shotgun_check_ammo_pump_tr_aim_idle_larm.anm'
  Destroyed resource 'c:/Program Files (x86)/Steam/steamapps/common/Amnesia The Bunker/entities/character/player/animations/player_lockdown_wheel_focus_end_rarm.anm'
  Destroyed resource 'c:/Program Files (x86)/Steam/steamapps/common/Amnesia The Bunker/entities/character/player/animations/climb_attach.anm'
  Destroyed resource 'c:/Program Files (x86)/Steam/steamapps/common/Amnesia The Bunker/entities/character/player/animations/jump_fall_rarm.anm'
  Destroyed resource 'c:/Program Files (x86)/Steam/steamapps/common/Amnesia The Bunker/entities/character/player/animations/run_strafe_right_larm.anm'
  Destroyed resource 'c:/Program Files (x86)/Steam/steamapps/common/Amnesia The Bunker/mods/BunkersEdge/entities/tdd_enemies/servant_grunt/animations/turn_right_custom.anm'
  Destroyed resource 'c:/Program Files (x86)/Steam/steamapps/common/Amnesia The Bunker/entities/character/player/animations/fall_and_get_up_quickly.anm'
  Destroyed resource 'c:/Program Files (x86)/Steam/steamapps/common/Amnesia The Bunker/entities/bunker/gameplay/trench_shotgun/animations/shotgun_aim_idle.anm'
  Destroyed resource 'c:/Program Files (x86)/Steam/steamapps/common/Amnesia The Bunker/entities/character/player/animations/player_shotgun_check_ammo_close_rarm.anm'
  Destroyed resource 'c:/Program Files (x86)/Steam/steamapps/common/Amnesia The Bunker/entities/character/player/animations/crouch_turn_left90.anm'
  Destroyed resource 'c:/Program Files (x86)/Steam/steamapps/common/Amnesia The Bunker/entities/bunker/gameplay/doll_rabbit/animations/rabbit_holster.anm'
  Destroyed resource 'c:/Program Files (x86)/Steam/steamapps/common/Amnesia The Bunker/entities/character/player/animations/player_fuel_bottle_focus_end_rarm.anm'
  Destroyed resource 'c:/Program Files (x86)/Steam/steamapps/common/Amnesia The Bunker/entities/character/player/animations/player_gun_dual_aim_start_rarm.anm'
  Destroyed resource 'c:/Program Files (x86)/Steam/steamapps/common/Amnesia The Bunker/entities/bunker/gameplay/trench_shotgun/animations/shotgun_reload.anm'
  Destroyed resource 'c:/Program Files (x86)/Steam/steamapps/common/Amnesia The Bunker/entities/character/player/animations/player_shotgun_idle_one_handed_tr_reload_rarm.anm'
  Destroyed resource 'c:/Program Files (x86)/Steam/steamapps/common/Amnesia The Bunker/entities/bunker/gameplay/lighter/animations/lighter_molotov_focus_idle.anm'
  Destroyed resource 'c:/Program Files (x86)/Steam/steamapps/common/Amnesia The Bunker/entities/character/player/animations/player_shot_death_crouched_01.anm'
  Destroyed resource 'c:/Program Files (x86)/Steam/steamapps/common/Amnesia The Bunker/entities/character/player/animations/walk_bkwd_larm.anm'
  Destroyed resource 'c:/Program Files (x86)/Steam/steamapps/common/Amnesia The Bunker/entities/character/player/animations/player_shotgun_idle_two_handed_arm_larm.anm'
  Destroyed resource 'c:/Program Files (x86)/Steam/steamapps/common/Amnesia The Bunker/entities/character/player/animations/crouch_strafe_left_larm.anm'
  Destroyed resource 'c:/Program Files (x86)/Steam/steamapps/common/Amnesia The Bunker/entities/character/player/animations/player_medkit_equip_rarm.anm'
  Destroyed resource 'c:/Program Files (x86)/Steam/steamapps/common/Amnesia The Bunker/entities/character/player/animations/player_lighter_focus_start_rarm.anm'
  Destroyed resource 'c:/Program Files (x86)/Steam/steamapps/common/Amnesia The Bunker/entities/character/player/animations/player_check_health_stand_idle.anm'
  Destroyed resource 'c:/Program Files (x86)/Steam/steamapps/common/Amnesia The Bunker/entities/character/player/animations/player_gun_shot_2_larm.anm'
  Destroyed resource 'c:/Program Files (x86)/Steam/steamapps/common/Amnesia The Bunker/entities/character/player/animations/player_wrench_equip_rarm.anm'
  Destroyed resource 'c:/Program Files (x86)/Steam/steamapps/common/Amnesia The Bunker/entities/character/player/animations/player_gun_aim_tr_relaxed.anm'
  Destroyed resource 'c:/Program Files (x86)/Steam/steamapps/common/Amnesia The Bunker/entities/character/player/animations/player_empty_molotov_throw_rarm.anm'
  Destroyed resource 'c:/Program Files (x86)/Steam/steamapps/common/Amnesia The Bunker/entities/bunker/gameplay/doll_rabbit/animations/rabbit_focus_start.anm'
  Destroyed resource 'c:/Program Files (x86)/Steam/steamapps/common/Amnesia The Bunker/entities/bunker/gameplay/wrench/Animations/wrench_idle.anm'
  Destroyed resource 'c:/Program Files (x86)/Steam/steamapps/common/Amnesia The Bunker/entities/bunker/gameplay/stopwatch/animations/stopwatch_idle.anm'
  Destroyed resource 'c:/Program Files (x86)/Steam/steamapps/common/Amnesia The Bunker/entities/bunker/gameplay/doll_rabbit/animations/rabbit_throw.anm'
  Destroyed resource 'c:/Program Files (x86)/Steam/steamapps/common/Amnesia The Bunker/entities/character/player/animations/player_check_health_damage_first_stage_start_larm.anm'
  Destroyed resource 'c:/Program Files (x86)/Steam/steamapps/common/Amnesia The Bunker/entities/character/player/animations/player_pocketwatch_focus_end_rarm.anm'
  Destroyed resource 'c:/Program Files (x86)/Steam/steamapps/common/Amnesia The Bunker/entities/character/player/animations/player_shot_death_01.anm'
  Destroyed resource 'c:/Program Files (x86)/Steam/steamapps/common/Amnesia The Bunker/entities/character/player/animations/wake_up_from_death_4_crouch.anm'
  Destroyed resource 'c:/Program Files (x86)/Steam/steamapps/common/Amnesia The Bunker/entities/character/player/animations/climb_idle_right.anm'
  Destroyed resource 'c:/Program Files (x86)/Steam/steamapps/common/Amnesia The Bunker/entities/character/player/animations/idle_stand_rarm.anm'
  Destroyed resource 'c:/Program Files (x86)/Steam/steamapps/common/Amnesia The Bunker/entities/character/player/animations/player_torch_aim_end_rarm.anm'
  Destroyed resource 'c:/Program Files (x86)/Steam/steamapps/common/Amnesia The Bunker/entities/character/player/animations/player_head_molotov_throw.anm'
  Destroyed resource 'c:/Program Files (x86)/Steam/steamapps/common/Amnesia The Bunker/entities/bunker/gameplay/chain_cutters/animations/cutter_cut_chain_1.anm'
  Destroyed resource 'c:/Program Files (x86)/Steam/steamapps/common/Amnesia The Bunker/entities/character/player/animations/player_shotgun_idle_two_handed_tr_reload_rarm.anm'
  Destroyed resource 'c:/Program Files (x86)/Steam/steamapps/common/Amnesia The Bunker/entities/character/player/animations/player_gas_grenade_focus_end_rarm.anm'
  Destroyed resource 'c:/Program Files (x86)/Steam/steamapps/common/Amnesia The Bunker/entities/character/player/animations/player_gun_shot_1_larm.anm'
  Destroyed resource 'c:/Program Files (x86)/Steam/steamapps/common/Amnesia The Bunker/entities/character/player/animations/walk_right_fwd_larm.anm'
  Destroyed resource 'c:/Program Files (x86)/Steam/steamapps/common/Amnesia The Bunker/entities/character/player/animations/player_cutter_cut_chain_1.anm'
  Destroyed resource 'c:/Program Files (x86)/Steam/steamapps/common/Amnesia The Bunker/entities/character/player/animations/player_death_hole_left.anm'
  Destroyed resource 'c:/Program Files (x86)/Steam/steamapps/common/Amnesia The Bunker/mods/BunkersEdge/entities/tdd_enemies/servant_grunt/animations/attack_short1_fix.anm'
  Destroyed resource 'c:/Program Files (x86)/Steam/steamapps/common/Amnesia The Bunker/entities/character/player/animations/player_key_equip_rarm.anm'
  Destroyed resource 'c:/Program Files (x86)/Steam/steamapps/common/Amnesia The Bunker/entities/bunker/gameplay/torch_stick/Animations/torch_idle.anm'
  Destroyed resource 'c:/Program Files (x86)/Steam/steamapps/common/Amnesia The Bunker/entities/bunker/gameplay/meat_chunks/animations/meat_idle.anm'
 Done with animations
 Done with ent files
 All resources deleted
--------------------------------------------------------

Exiting Physics Module
--------------------------------------------------------
--------------------------------------------------------

Exiting System Module
--------------------------------------------------------
--------------------------------------------------------

Exiting Lipsync Module
--------------------------------------------------------
--------------------------------------------------------

 Deleting game setup provided by user
- Deleting lowlevel stuff.
  Script
  Physics
  Sound
  Input
  Resources
  System
  Graphics
  Haptic
  Lipsync
HPL Exit was successful!

|--Memory Manager Report-------------------------------|
|
| No memory leaks detected. Memory left: 0
|
|------------------------------------------------------|

