Version 1.04
-------- THE HPL ENGINE LOG ------------
Creating Engine Modules
--------------------------------------------------------
 Creating job manager with 7 threads and 1024 jobs
 Creating graphics module
 Creating system module
 Creating resource module
 Creating input module
 Creating sound module
 Creating physics module
 Creating ai module
 Creating gui module
 Creating generate module
 Creating haptic module
 Adding engine updates
 Creating scene module
 Creating script module
 Creating lipsync module
--------------------------------------------------------

 Added resource directory 'billboards'
 * Adding resource directory: billboards, adding subdirs
 Added resource directory 'textures'
 * Adding resource directory: textures, adding subdirs
 Added resource directory 'graphics'
 * Adding resource directory: graphics, adding subdirs
 Added resource directory 'models'
 * Adding resource directory: models, adding subdirs
 Added resource directory 'fonts'
 * Adding resource directory: fonts, not adding subdirs
 Added resource directory 'maps'
 * Adding resource directory: maps, adding subdirs
 Added resource directory 'sounds'
 * Adding resource directory: sounds, adding subdirs
 Added resource directory 'gui'
 * Adding resource directory: gui, adding subdirs
 Added resource directory 'lights'
 * Adding resource directory: lights, adding subdirs
 Added resource directory 'particles'
 * Adding resource directory: particles, adding subdirs
 Added resource directory 'shaders'
 * Adding resource directory: shaders, adding subdirs
 Added resource directory 'entities'
 * Adding resource directory: entities, adding subdirs
 Added resource directory 'static_objects'
 * Adding resource directory: static_objects, adding subdirs
 Added resource directory 'viewer'
 * Adding resource directory: viewer, not adding subdirs
 Added resource directory 'script'
 * Adding resource directory: script, adding subdirs
 Added resource directory '_temp'
 * Adding resource directory: _temp, adding subdirs
 Added resource directory 'config'
 * Adding resource directory: config, adding subdirs
 Added resource directory 'music'
 * Adding resource directory: music, adding subdirs
 Added resource directory 'terminals'
 * Adding resource directory: terminals, adding subdirs
 Added resource directory 'voices'
 * Adding resource directory: voices, adding subdirs
 Added resource directory 'undergrowth'
 * Adding resource directory: undergrowth, adding subdirs
 Added resource directory 'detail_meshes'
 * Adding resource directory: detail_meshes, adding subdirs
 Added resource directory 'misc'
 * Adding resource directory: misc, not adding subdirs
 Added resource directory 'lang/eng'
 * Adding resource directory: lang/eng, adding subdirs
 Added resource directory '_alpha_temp'
 * Adding resource directory: _alpha_temp, adding subdirs
    * c:/Program Files (x86)/Steam/steamapps/common/Amnesia The Bunker/config/EntityTypes.cfg
    * c:/Program Files (x86)/Steam/steamapps/common/Amnesia The Bunker/config/Inventory.cfg
    * c:/Program Files (x86)/Steam/steamapps/common/Amnesia The Bunker/config/Modules.cfg
    * c:/Program Files (x86)/Steam/steamapps/common/Amnesia The Bunker/config/PlayerStates.cfg
    * c:/Program Files (x86)/Steam/steamapps/common/Amnesia The Bunker/config/base_english.lang
    * c:/Program Files (x86)/Steam/steamapps/common/Amnesia The Bunker/config/death_hints.cfg
    * c:/Program Files (x86)/Steam/steamapps/common/Amnesia The Bunker/config/main_init.cfg
 Added resource directory 'c:/Program Files (x86)/Steam/steamapps/common/Amnesia The Bunker/mods/BunkersEdge/config'
 * Adding resource directory: config, adding subdirs
    * c:/Program Files (x86)/Steam/steamapps/common/Amnesia The Bunker/maps/main_menu/main_menu.hpm
    * c:/Program Files (x86)/Steam/steamapps/common/Amnesia The Bunker/maps/main_menu/main_menu.hpm_Area
    * c:/Program Files (x86)/Steam/steamapps/common/Amnesia The Bunker/maps/main_menu/main_menu.hpm_Billboard
    * c:/Program Files (x86)/Steam/steamapps/common/Amnesia The Bunker/maps/main_menu/main_menu.hpm_Compound
    * c:/Program Files (x86)/Steam/steamapps/common/Amnesia The Bunker/maps/main_menu/main_menu.hpm_Decal
    * c:/Program Files (x86)/Steam/steamapps/common/Amnesia The Bunker/maps/main_menu/main_menu.hpm_DetailMeshes
    * c:/Program Files (x86)/Steam/steamapps/common/Amnesia The Bunker/maps/main_menu/main_menu.hpm_Entity
    * c:/Program Files (x86)/Steam/steamapps/common/Amnesia The Bunker/maps/main_menu/main_menu.hpm_ExposureArea
    * c:/Program Files (x86)/Steam/steamapps/common/Amnesia The Bunker/maps/main_menu/main_menu.hpm_FogArea
    * c:/Program Files (x86)/Steam/steamapps/common/Amnesia The Bunker/maps/main_menu/main_menu.hpm_LensFlare
    * c:/Program Files (x86)/Steam/steamapps/common/Amnesia The Bunker/maps/main_menu/main_menu.hpm_Light
    * c:/Program Files (x86)/Steam/steamapps/common/Amnesia The Bunker/maps/main_menu/main_menu.hpm_LightMask
    * c:/Program Files (x86)/Steam/steamapps/common/Amnesia The Bunker/maps/main_menu/main_menu.hpm_ParticleSystem
    * c:/Program Files (x86)/Steam/steamapps/common/Amnesia The Bunker/maps/main_menu/main_menu.hpm_Primitive
    * c:/Program Files (x86)/Steam/steamapps/common/Amnesia The Bunker/maps/main_menu/main_menu.hpm_Sound
    * c:/Program Files (x86)/Steam/steamapps/common/Amnesia The Bunker/maps/main_menu/main_menu.hpm_StaticComboArea
    * c:/Program Files (x86)/Steam/steamapps/common/Amnesia The Bunker/maps/main_menu/main_menu.hpm_StaticObject
    * c:/Program Files (x86)/Steam/steamapps/common/Amnesia The Bunker/maps/main_menu/main_menu.hpm_StaticObjectBatches
    * c:/Program Files (x86)/Steam/steamapps/common/Amnesia The Bunker/maps/main_menu/main_menu.hpm_Terrain
    * c:/Program Files (x86)/Steam/steamapps/common/Amnesia The Bunker/maps/main_menu/main_menu.hps
    * c:/Program Files (x86)/Steam/steamapps/common/Amnesia The Bunker/maps/main_menu/main_menu.map_cache
    * c:/Program Files (x86)/Steam/steamapps/common/Amnesia The Bunker/maps/main_menu/main_menu.preload_cache
 Added resource directory 'c:/Program Files (x86)/Steam/steamapps/common/Amnesia The Bunker/mods/BunkersEdge/maps'
 * Adding resource directory: maps, adding subdirs
    * c:/Program Files (x86)/Steam/steamapps/common/Amnesia The Bunker/script/custom/agents/agent_stalker.hps
    * c:/Program Files (x86)/Steam/steamapps/common/Amnesia The Bunker/script/custom/helpers/helper_gun.hps
    * c:/Program Files (x86)/Steam/steamapps/common/Amnesia The Bunker/script/custom/helpers/helper_imgui_options.hps
    * c:/Program Files (x86)/Steam/steamapps/common/Amnesia The Bunker/script/custom/helpers/helper_player_custom.hps
    * c:/Program Files (x86)/Steam/steamapps/common/Amnesia The Bunker/script/custom/modules/FontHandler.hps
    * c:/Program Files (x86)/Steam/steamapps/common/Amnesia The Bunker/script/custom/modules/ItemHandler.hps
    * c:/Program Files (x86)/Steam/steamapps/common/Amnesia The Bunker/script/custom/modules/MenuHandler.hps
    * c:/Program Files (x86)/Steam/steamapps/common/Amnesia The Bunker/script/custom/modules/PlayerBodyHandler_Custom.hps
    * c:/Program Files (x86)/Steam/steamapps/common/Amnesia The Bunker/script/custom/player/ItemCallbacks.hps
    * c:/Program Files (x86)/Steam/steamapps/common/Amnesia The Bunker/script/custom/player/MoveState_Normal_Custom.hps
    * c:/Program Files (x86)/Steam/steamapps/common/Amnesia The Bunker/script/custom/player/Player_Custom.hps
    * c:/Program Files (x86)/Steam/steamapps/common/Amnesia The Bunker/script/custom/player/PlayerState_Normal_Custom.hps
    * c:/Program Files (x86)/Steam/steamapps/common/Amnesia The Bunker/script/custom/player/PlayerState_Slide.hps
    * c:/Program Files (x86)/Steam/steamapps/common/Amnesia The Bunker/script/custom/player/PlayerState_UsingGun_Reload.hps
    * c:/Program Files (x86)/Steam/steamapps/common/Amnesia The Bunker/script/custom/player/PlayerState_UsingLantern.hps
    * c:/Program Files (x86)/Steam/steamapps/common/Amnesia The Bunker/script/custom/player/PlayerState_UsingWeapon_Aim_Base.hps
    * c:/Program Files (x86)/Steam/steamapps/common/Amnesia The Bunker/script/custom/player/PlayerState_UsingWeapon_Reload_Base.hps
    * c:/Program Files (x86)/Steam/steamapps/common/Amnesia The Bunker/script/custom/player/PlayerTypes_Custom.hps
    * c:/Program Files (x86)/Steam/steamapps/common/Amnesia The Bunker/script/player/MoveState_Normal.hps
 Added resource directory 'c:/Program Files (x86)/Steam/steamapps/common/Amnesia The Bunker/mods/BunkersEdge/script'
 * Adding resource directory: script, adding subdirs
    * c:/Program Files (x86)/Steam/steamapps/common/Amnesia The Bunker/entities/arabic_fort/rope/ab_interior_tileable_rope_01.dds
 Added resource directory 'c:/Program Files (x86)/Steam/steamapps/common/Amnesia The Bunker/mods/BunkersEdge/entities'
 * Adding resource directory: entities, adding subdirs
 Added resource directory 'c:/Program Files (x86)/Steam/steamapps/common/Amnesia The Bunker/mods/BunkersEdge/static_objects'
 * Adding resource directory: static_objects, adding subdirs
 Added resource directory 'c:/Program Files (x86)/Steam/steamapps/common/Amnesia The Bunker/mods/BunkersEdge/textures'
 * Adding resource directory: textures, adding subdirs
 Added resource directory 'c:/Program Files (x86)/Steam/steamapps/common/Amnesia The Bunker/mods/BunkersEdge/lights'
 * Adding resource directory: lights, adding subdirs
 Added resource directory 'c:/Program Files (x86)/Steam/steamapps/common/Amnesia The Bunker/mods/BunkersEdge/music'
 * Adding resource directory: music, adding subdirs
    * c:/Program Files (x86)/Steam/steamapps/common/Amnesia The Bunker/sounds/monke_UI.fsb
    * c:/Program Files (x86)/Steam/steamapps/common/Amnesia The Bunker/sounds/monke_amb.fsb
    * c:/Program Files (x86)/Steam/steamapps/common/Amnesia The Bunker/sounds/monke_bank01.fsb
    * c:/Program Files (x86)/Steam/steamapps/common/Amnesia The Bunker/sounds/monke_player.fsb
    * c:/Program Files (x86)/Steam/steamapps/common/Amnesia The Bunker/sounds/monke.fev
 Added resource directory 'c:/Program Files (x86)/Steam/steamapps/common/Amnesia The Bunker/mods/BunkersEdge/sounds'
 * Adding resource directory: sounds, adding subdirs
    * c:/Program Files (x86)/Steam/steamapps/common/Amnesia The Bunker/particles/refractions/darkworld_portal_distortions02.dds
    * c:/Program Files (x86)/Steam/steamapps/common/Amnesia The Bunker/particles/refractions/darkworld_portal_distortions_diff.dds
    * c:/Program Files (x86)/Steam/steamapps/common/Amnesia The Bunker/particles/refractions/darkworld_portal_distortions.mat
    * c:/Program Files (x86)/Steam/steamapps/common/Amnesia The Bunker/particles/refractions/milk_machine_opening.ps
    * c:/Program Files (x86)/Steam/steamapps/common/Amnesia The Bunker/particles/refractions/refraction_darkworld_portal.ps
    * c:/Program Files (x86)/Steam/steamapps/common/Amnesia The Bunker/particles/refractions/refraction_darkworld.ps
    * c:/Program Files (x86)/Steam/steamapps/common/Amnesia The Bunker/particles/refractions/refraction_dream.ps
    * c:/Program Files (x86)/Steam/steamapps/common/Amnesia The Bunker/particles/refractions/rift_open.ps
    * c:/Program Files (x86)/Steam/steamapps/common/Amnesia The Bunker/particles/refractions/rift_opening.ps
 Added resource directory 'c:/Program Files (x86)/Steam/steamapps/common/Amnesia The Bunker/mods/BunkersEdge/particles'
 * Adding resource directory: particles, adding subdirs
 Added resource directory 'c:/Program Files (x86)/Steam/steamapps/common/Amnesia The Bunker/mods/BunkersEdge/graphics'
 * Adding resource directory: graphics, adding subdirs
    * c:/Program Files (x86)/Steam/steamapps/common/Amnesia The Bunker/fonts/sansation_large_0.dds
    * c:/Program Files (x86)/Steam/steamapps/common/Amnesia The Bunker/fonts/sansation_large_additive_0.dds
    * c:/Program Files (x86)/Steam/steamapps/common/Amnesia The Bunker/fonts/sansation_large_additive.fnt
    * c:/Program Files (x86)/Steam/steamapps/common/Amnesia The Bunker/fonts/sansation_large_bold_0.dds
    * c:/Program Files (x86)/Steam/steamapps/common/Amnesia The Bunker/fonts/sansation_large_bold.fnt
    * c:/Program Files (x86)/Steam/steamapps/common/Amnesia The Bunker/fonts/sansation_large.fnt
    * c:/Program Files (x86)/Steam/steamapps/common/Amnesia The Bunker/fonts/sansation_medium_bold.fnt
    * c:/Program Files (x86)/Steam/steamapps/common/Amnesia The Bunker/fonts/sansation_medium.fnt
    * c:/Program Files (x86)/Steam/steamapps/common/Amnesia The Bunker/fonts/sansation_small_0.dds
    * c:/Program Files (x86)/Steam/steamapps/common/Amnesia The Bunker/fonts/sansation_small.fnt
    * c:/Program Files (x86)/Steam/steamapps/common/Amnesia The Bunker/fonts/sansation_xlarge_0.dds
    * c:/Program Files (x86)/Steam/steamapps/common/Amnesia The Bunker/fonts/sansation_xlarge_bold_0.dds
    * c:/Program Files (x86)/Steam/steamapps/common/Amnesia The Bunker/fonts/sansation_xlarge_bold.fnt
    * c:/Program Files (x86)/Steam/steamapps/common/Amnesia The Bunker/fonts/sansation_xlarge.fnt
 Added resource directory 'c:/Program Files (x86)/Steam/steamapps/common/Amnesia The Bunker/mods/BunkersEdge/fonts'
 * Adding resource directory: fonts, adding subdirs
 Added resource directory 'c:/Program Files (x86)/Steam/steamapps/common/Amnesia The Bunker/mods/BunkersEdge/lang'
 * Adding resource directory: lang, adding subdirs
Initializing Resources Module
--------------------------------------------------------
 Creating loader handlers 
 Creating resource managers
 Adding loaders to handlers 
--------------------------------------------------------

Initializing Graphics Module
--------------------------------------------------------
 Added resource directory 'core/shaders'
 Added resource directory 'core/textures'
 Added resource directory 'core/models'
 Added resource directory '_shadersource'
Init lowlevel graphics: 1920x1080 screen:38 backbuffer:38 rr: 60 fs:1 ms:0 driver: 0 cap:'Bunker's Edge Loading...' pos:(-1x-1)
 Available drivers:
  (0) - 'windows'
  (1) - 'dummy'
 Creating window: (-1,-1) 1920 x 1080 - 38 screen 38 backbuffer flags: 2
 Setting display mode: 1920 x 1080 - 38 format 60 hz
 Init Glew...OK
 Setting up OpenGL
  Vendor: NVIDIA Corporation
  Renderer: NVIDIA GeForce RTX 5080/PCIe/SSE2
  Version: 4.6.0 NVIDIA 610.62
  Max texture image units: 32
  Max texture coord units: 8
  Max texture buffer size: 268435456
  Max texture array slices: 2048
  Max user clip planes: 8
  Two sided stencil: 1
  Vertex Buffer Object: 1
  Anisotropic filtering: 1
  Max Anisotropic degree: 16
  Multisampling: 1
  Texture compression: 1
  Texture compression S3TC: 1
  Texture compression 3DC: 1
  Texture sRGB: 1
  Geometry Instancing: 1
  Auto generate MipMaps: 1
  Render to texture: 1
  Max draw buffers: 8
  Max color render targets: 8
  Packed depth-stencil: 1
  Texture float: 1
  GLSL Version: 4.60 NVIDIA
  ShaderModel 2: 1
  ShaderModel 3: 1
  ShaderModel 4: 1
  Max vertex uniforms: 2048
  Max fragment uniforms: 4096
  OGL ATIFragmentShader: 0
  Tesselation: 1
  MultiBindTex: 1
Loaded resource 0 in 2147461401 ms
Loaded resource 1 in 2147461401 ms
Loaded resource 2 in 2147461401 ms
Loaded resource 3 in 2147461402 ms
Loaded resource 4 in 2147461402 ms
Loaded resource 5 in 2147461402 ms
Loaded resource 6 in 2147461402 ms
Loaded resource 7 in 2147461402 ms
Loaded resource 8 in 2147461402 ms
Loaded resource 9 in 2147461402 ms
Loaded resource 10 in 2147461402 ms
Loaded resource 11 in 2147461402 ms
Loaded resource 12 in 2147461402 ms
Loaded resource 13 in 2147461402 ms
Loaded resource 14 in 2147461402 ms
Loaded resource 15 in 2147461402 ms
Loaded resource 16 in 2147461402 ms
Loaded resource 17 in 2147461402 ms
Loaded resource 18 in 2147461402 ms
Loaded resource 19 in 2147461402 ms
Loaded resource 20 in 2147461402 ms
Loaded resource 21 in 2147461402 ms
Loaded resource 22 in 2147461402 ms
Loaded resource 23 in 2147461402 ms
Loaded resource 24 in 2147461402 ms
Loaded resource 25 in 2147461402 ms
Loaded resource 26 in 2147461402 ms
Loaded resource 27 in 2147461402 ms
Loaded resource 28 in 2147461402 ms
Loaded resource 29 in 2147461402 ms
Loaded resource 30 in 2147461402 ms
Loaded resource 31 in 2147461402 ms
Loaded resource 32 in 2147461402 ms
Loaded resource 33 in 2147461403 ms
Loaded resource 34 in 2147461403 ms
Loaded resource 35 in 2147461403 ms
Loaded resource 36 in 2147461403 ms
Loaded resource 37 in 2147461403 ms
Loaded resource 38 in 2147461403 ms
Loaded resource 39 in 2147461403 ms
Loaded resource 40 in 2147461403 ms
Loaded resource 41 in 2147461403 ms
Loaded resource 42 in 2147461403 ms
Loaded resource 43 in 2147461403 ms
Loaded resource 44 in 2147461403 ms
Loaded resource 45 in 2147461403 ms
Loaded resource 46 in 2147461403 ms
Loaded resource 47 in 2147461403 ms
Loaded resource 48 in 2147461403 ms
Loaded resource 49 in 2147461403 ms
Loaded resource 50 in 2147461403 ms
Loaded resource 51 in 2147461403 ms
Loaded resource 52 in 2147461403 ms
Loaded resource 53 in 2147461403 ms
Loaded resource 54 in 2147461403 ms
Loaded resource 55 in 2147461403 ms
Loaded resource 56 in 2147461403 ms
Loaded resource 57 in 2147461403 ms
Loaded resource 58 in 2147461404 ms
Loaded resource 59 in 2147461404 ms
Loaded resource 60 in 2147461404 ms
Loaded resource 61 in 2147461404 ms
Loaded resource 62 in 2147461404 ms
Loaded resource 63 in 2147461404 ms
Loaded resource 64 in 2147461404 ms
Loaded resource 65 in 2147461404 ms
Loaded resource 66 in 2147461404 ms
Loaded resource 67 in 2147461404 ms
Loaded resource 68 in 2147461404 ms
Loaded resource 69 in 2147461404 ms
Loaded resource 70 in 2147461404 ms
Loaded resource 71 in 2147461404 ms
Loaded resource 72 in 2147461404 ms
Loaded resource 73 in 2147461405 ms
Loaded resource 74 in 2147461405 ms
Loaded resource 75 in 2147461405 ms
Loaded resource 76 in 2147461405 ms
Loaded resource 77 in 2147461405 ms
Loaded resource 78 in 2147461405 ms
Loaded resource 79 in 2147461405 ms
Loaded resource 80 in 2147461405 ms
Loaded resource 81 in 2147461405 ms
Loaded resource 82 in 2147461405 ms
Loaded resource 83 in 2147461405 ms
Loaded resource 84 in 2147461405 ms
Loaded resource 85 in 2147461405 ms
Loaded resource 86 in 2147461405 ms
Loaded resource 87 in 2147461405 ms
Loaded resource 88 in 2147461405 ms
Loaded resource 89 in 2147461405 ms
Loaded resource 90 in 2147461405 ms
Loaded resource 91 in 2147461405 ms
Loaded resource 92 in 2147461405 ms
Loaded resource 93 in 2147461405 ms
Loaded resource 94 in 2147461405 ms
Loaded resource 95 in 2147461405 ms
Loaded resource 96 in 2147461405 ms
Loaded resource 97 in 2147461405 ms
Loaded resource 98 in 2147461405 ms
Loaded resource 99 in 2147461405 ms
Loaded resource 100 in 2147461405 ms
Loaded resource 101 in 2147461406 ms
Loaded resource 102 in 2147461406 ms
Loaded resource 103 in 2147461406 ms
Loaded resource 104 in 2147461406 ms
Loaded resource 105 in 2147461406 ms
Loaded resource 106 in 2147461406 ms
Loaded resource 107 in 2147461406 ms
Loaded resource 108 in 2147461406 ms
Loaded resource 109 in 2147461406 ms
Loaded resource 110 in 2147461406 ms
Loaded resource 111 in 2147461406 ms
Loaded resource 112 in 2147461406 ms
Loaded resource 113 in 2147461406 ms
Loaded resource 114 in 2147461406 ms
Loaded resource 115 in 2147461406 ms
Loaded resource 116 in 2147461406 ms
Loaded resource 117 in 2147461406 ms
Loaded resource 118 in 2147461406 ms
Loaded resource 119 in 2147461406 ms
Loaded resource 120 in 2147461406 ms
Loaded resource 121 in 2147461406 ms
Loaded resource 122 in 2147461406 ms
Loaded resource 123 in 2147461406 ms
Loaded resource 124 in 2147461407 ms
Loaded resource 125 in 2147461407 ms
Loaded resource 126 in 2147461407 ms
Loaded resource 127 in 2147461407 ms
Loaded resource 128 in 2147461407 ms
Loaded resource 129 in 2147461407 ms
Loaded resource 130 in 2147461407 ms
Loaded resource 131 in 2147461407 ms
Loaded resource 132 in 2147461407 ms
Loaded resource 133 in 2147461407 ms
Loaded resource 134 in 2147461407 ms
Loaded resource 135 in 2147461407 ms
Loaded resource 136 in 2147461407 ms
Loaded resource 137 in 2147461407 ms
Loaded resource 138 in 2147461407 ms
Loaded resource 139 in 2147461407 ms
Loaded resource 140 in 2147461407 ms
Loaded resource 141 in 2147461407 ms
Loaded resource 142 in 2147461407 ms
Loaded resource 143 in 2147461407 ms
Loaded resource 144 in 2147461407 ms
Loaded resource 145 in 2147461408 ms
Loaded resource 146 in 2147461408 ms
Loaded resource 147 in 2147461408 ms
Loaded resource 148 in 2147461408 ms
Loaded resource 149 in 2147461408 ms
Loaded resource 150 in 2147461408 ms
Loaded resource 151 in 2147461408 ms
Loaded resource 152 in 2147461408 ms
Loaded resource 153 in 2147461408 ms
Loaded resource 154 in 2147461408 ms
Loaded resource 155 in 2147461408 ms
Loaded resource 156 in 2147461408 ms
Loaded resource 157 in 2147461408 ms
Loaded resource 158 in 2147461408 ms
Loaded resource 159 in 2147461408 ms
Loaded resource 160 in 2147461408 ms
Loaded resource 161 in 2147461408 ms
Loaded resource 162 in 2147461408 ms
Loaded resource 163 in 2147461409 ms
Loaded resource 164 in 2147461409 ms
Loaded resource 165 in 2147461409 ms
Loaded resource 166 in 2147461409 ms
Loaded resource 167 in 2147461409 ms
Loaded resource 168 in 2147461409 ms
Loaded resource 169 in 2147461409 ms
Loaded resource 170 in 2147461409 ms
Loaded resource 171 in 2147461409 ms
Loaded resource 172 in 2147461409 ms
Loaded resource 173 in 2147461409 ms
Loaded resource 174 in 2147461409 ms
Loaded resource 175 in 2147461409 ms
Loaded resource 176 in 2147461409 ms
Loaded resource 177 in 2147461409 ms
Loaded resource 178 in 2147461409 ms
Loaded resource 179 in 2147461409 ms
Loaded resource 180 in 2147461409 ms
Loaded resource 181 in 2147461409 ms
Loaded resource 182 in 2147461410 ms
Loaded resource 183 in 2147461410 ms
Loaded resource 184 in 2147461410 ms
Loaded resource 185 in 2147461410 ms
Loaded resource 186 in 2147461410 ms
Loaded resource 187 in 2147461410 ms
Loaded resource 188 in 2147461410 ms
Loaded resource 189 in 2147461410 ms
Loaded resource 190 in 2147461410 ms
Loaded resource 191 in 2147461410 ms
Loaded resource 192 in 2147461410 ms
Loaded resource 193 in 2147461410 ms
Loaded resource 194 in 2147461410 ms
Loaded resource 195 in 2147461410 ms
Loaded resource 196 in 2147461410 ms
Loaded resource 197 in 2147461410 ms
Loaded resource 198 in 2147461410 ms
Loaded resource 199 in 2147461410 ms
Loaded resource 200 in 2147461410 ms
Loaded resource 201 in 2147461411 ms
Loaded resource 202 in 2147461411 ms
Loaded resource 203 in 2147461411 ms
Loaded resource 204 in 2147461411 ms
Loaded resource 205 in 2147461411 ms
Loaded resource 206 in 2147461411 ms
Loaded resource 207 in 2147461411 ms
Loaded resource 208 in 2147461411 ms
Loaded resource 209 in 2147461411 ms
Loaded resource 210 in 2147461411 ms
Loaded resource 211 in 2147461411 ms
Loaded resource 212 in 2147461411 ms
Loaded resource 213 in 2147461411 ms
Loaded resource 214 in 2147461411 ms
Loaded resource 215 in 2147461411 ms
Loaded resource 216 in 2147461411 ms
Loaded resource 217 in 2147461411 ms
Loaded resource 218 in 2147461411 ms
Loaded resource 219 in 2147461411 ms
Loaded resource 220 in 2147461412 ms
Loaded resource 221 in 2147461412 ms
Loaded resource 222 in 2147461412 ms
Loaded resource 223 in 2147461412 ms
Loaded resource 224 in 2147461412 ms
Loaded resource 225 in 2147461412 ms
Loaded resource 226 in 2147461412 ms
Loaded resource 227 in 2147461412 ms
Loaded resource 228 in 2147461412 ms
Loaded resource 229 in 2147461412 ms
Loaded resource 230 in 2147461412 ms
Loaded resource 231 in 2147461412 ms
Loaded resource 232 in 2147461412 ms
Loaded resource 233 in 2147461412 ms
Loaded resource 234 in 2147461412 ms
Loaded resource 235 in 2147461412 ms
Loaded resource 236 in 2147461412 ms
Loaded resource 237 in 2147461412 ms
Loaded resource 238 in 2147461412 ms
Loaded resource 239 in 2147461413 ms
Loaded resource 240 in 2147461413 ms
Loaded resource 241 in 2147461413 ms
Loaded resource 242 in 2147461413 ms
Loaded resource 243 in 2147461413 ms
Loaded resource 244 in 2147461413 ms
Loaded resource 245 in 2147461413 ms
Loaded resource 246 in 2147461413 ms
Loaded resource 247 in 2147461413 ms
Loaded resource 248 in 2147461413 ms
Loaded resource 249 in 2147461413 ms
Loaded resource 250 in 2147461413 ms
Loaded resource 251 in 2147461413 ms
Loaded resource 252 in 2147461413 ms
Loaded resource 253 in 2147461413 ms
Loaded resource 254 in 2147461413 ms
Loaded resource 255 in 2147461413 ms
Loaded resource 256 in 2147461414 ms
Loaded resource 257 in 2147461414 ms
Loaded resource 258 in 2147461414 ms
Loaded resource 259 in 2147461414 ms
Loaded resource 260 in 2147461414 ms
Loaded resource 261 in 2147461414 ms
Loaded resource 262 in 2147461414 ms
Loaded resource 263 in 2147461414 ms
Loaded resource 264 in 2147461414 ms
Loaded resource 265 in 2147461414 ms
Loaded resource 266 in 2147461414 ms
Loaded resource 267 in 2147461414 ms
Loaded resource 268 in 2147461414 ms
Loaded resource 269 in 2147461414 ms
Loaded resource 270 in 2147461414 ms
Loaded resource 271 in 2147461414 ms
Loaded resource 272 in 2147461414 ms
Loaded resource 273 in 2147461415 ms
Loaded resource 274 in 2147461415 ms
Loaded resource 275 in 2147461415 ms
Loaded resource 276 in 2147461415 ms
Loaded resource 277 in 2147461415 ms
Loaded resource 278 in 2147461415 ms
Loaded resource 279 in 2147461415 ms
Loaded resource 280 in 2147461415 ms
Loaded resource 281 in 2147461415 ms
Loaded resource 282 in 2147461415 ms
Loaded resource 283 in 2147461415 ms
Loaded resource 284 in 2147461415 ms
Loaded resource 285 in 2147461415 ms
Loaded resource 286 in 2147461415 ms
Loaded resource 287 in 2147461415 ms
Loaded resource 288 in 2147461415 ms
Loaded resource 289 in 2147461415 ms
Loaded resource 290 in 2147461415 ms
Loaded resource 291 in 2147461415 ms
Loaded resource 292 in 2147461416 ms
Loaded resource 293 in 2147461416 ms
Loaded resource 294 in 2147461416 ms
Loaded resource 295 in 2147461416 ms
Loaded resource 296 in 2147461416 ms
Loaded resource 297 in 2147461416 ms
Loaded resource 298 in 2147461416 ms
Loaded resource 299 in 2147461416 ms
Loaded resource 300 in 2147461416 ms
Loaded resource 301 in 2147461416 ms
Loaded resource 302 in 2147461416 ms
Loaded resource 303 in 2147461416 ms
Loaded resource 304 in 2147461416 ms
Loaded resource 305 in 2147461416 ms
Loaded resource 306 in 2147461417 ms
Loaded resource 307 in 2147461417 ms
Loaded resource 308 in 2147461417 ms
Loaded resource 309 in 2147461417 ms
Loaded resource 310 in 2147461417 ms
Loaded resource 311 in 2147461417 ms
Loaded resource 312 in 2147461417 ms
Loaded resource 313 in 2147461417 ms
Loaded resource 314 in 2147461417 ms
Loaded resource 315 in 2147461417 ms
Loaded resource 316 in 2147461417 ms
Loaded resource 317 in 2147461417 ms
Loaded resource 318 in 2147461417 ms
Loaded resource 319 in 2147461418 ms
Loaded resource 320 in 2147461418 ms
Loaded resource 321 in 2147461418 ms
Loaded resource 322 in 2147461418 ms
Loaded resource 323 in 2147461418 ms
Loaded resource 324 in 2147461418 ms
Loaded resource 325 in 2147461418 ms
Loaded resource 326 in 2147461418 ms
Loaded resource 327 in 2147461418 ms
Loaded resource 328 in 2147461418 ms
Loaded resource 329 in 2147461418 ms
Loaded resource 330 in 2147461418 ms
Loaded resource 331 in 2147461418 ms
Loaded resource 332 in 2147461418 ms
Loaded resource 333 in 2147461418 ms
Loaded resource 334 in 2147461418 ms
Loaded resource 335 in 2147461418 ms
Loaded resource 336 in 2147461418 ms
Loaded resource 337 in 2147461419 ms
Loaded resource 338 in 2147461419 ms
Loaded resource 339 in 2147461419 ms
Loaded resource 340 in 2147461419 ms
Loaded resource 341 in 2147461419 ms
Loaded resource 342 in 2147461419 ms
Loaded resource 343 in 2147461419 ms
Loaded resource 344 in 2147461419 ms
Loaded resource 345 in 2147461419 ms
Loaded resource 346 in 2147461419 ms
Loaded resource 347 in 2147461419 ms
Loaded resource 348 in 2147461419 ms
Loaded resource 349 in 2147461419 ms
Loaded resource 350 in 2147461419 ms
Loaded resource 351 in 2147461419 ms
Loaded resource 352 in 2147461420 ms
Loaded resource 353 in 2147461420 ms
Loaded resource 354 in 2147461420 ms
Loaded resource 355 in 2147461420 ms
Loaded resource 356 in 2147461420 ms
Loaded resource 357 in 2147461420 ms
Loaded resource 358 in 2147461420 ms
Loaded resource 359 in 2147461420 ms
Loaded resource 360 in 2147461420 ms
Loaded resource 361 in 2147461420 ms
Loaded resource 362 in 2147461420 ms
Loaded resource 363 in 2147461420 ms
Loaded resource 364 in 2147461420 ms
Loaded resource 365 in 2147461421 ms
Loaded resource 366 in 2147461421 ms
Loaded resource 367 in 2147461421 ms
Loaded resource 368 in 2147461421 ms
Loaded resource 369 in 2147461421 ms
Loaded resource 370 in 2147461421 ms
Loaded resource 371 in 2147461421 ms
Loaded resource 372 in 2147461421 ms
Loaded resource 373 in 2147461421 ms
Loaded resource 374 in 2147461421 ms
Loaded resource 375 in 2147461421 ms
Loaded resource 376 in 2147461421 ms
Loaded resource 377 in 2147461421 ms
Loaded resource 378 in 2147461421 ms
Loaded resource 379 in 2147461421 ms
Loaded resource 380 in 2147461422 ms
Loaded resource 381 in 2147461422 ms
Loaded resource 382 in 2147461422 ms
Loaded resource 383 in 2147461422 ms
Loaded resource 384 in 2147461422 ms
Loaded resource 385 in 2147461422 ms
Loaded resource 386 in 2147461422 ms
Loaded resource 387 in 2147461422 ms
Loaded resource 388 in 2147461422 ms
Loaded resource 389 in 2147461422 ms
Loaded resource 390 in 2147461422 ms
Loaded resource 391 in 2147461422 ms
Loaded resource 392 in 2147461422 ms
Loaded resource 393 in 2147461422 ms
Loaded resource 394 in 2147461422 ms
Loaded resource 395 in 2147461422 ms
Loaded resource 396 in 2147461422 ms
Loaded resource 397 in 2147461423 ms
Loaded resource 398 in 2147461423 ms
Loaded resource 399 in 2147461423 ms
Loaded resource 400 in 2147461423 ms
Loaded resource 401 in 2147461423 ms
Loaded resource 402 in 2147461423 ms
Loaded resource 403 in 2147461423 ms
Loaded resource 404 in 2147461423 ms
Loaded resource 405 in 2147461423 ms
Loaded resource 406 in 2147461423 ms
Loaded resource 407 in 2147461423 ms
Loaded resource 408 in 2147461423 ms
Loaded resource 409 in 2147461423 ms
Loaded resource 410 in 2147461423 ms
Loaded resource 411 in 2147461423 ms
Loaded resource 412 in 2147461423 ms
Loaded resource 413 in 2147461423 ms
Loaded resource 414 in 2147461423 ms
Loaded resource 415 in 2147461423 ms
Loaded resource 416 in 2147461423 ms
Loaded resource 417 in 2147461424 ms
Loaded resource 418 in 2147461424 ms
Loaded resource 419 in 2147461424 ms
Loaded resource 420 in 2147461424 ms
Loaded resource 421 in 2147461424 ms
Loaded resource 422 in 2147461424 ms
Loaded resource 423 in 2147461424 ms
Loaded resource 424 in 2147461424 ms
Loaded resource 425 in 2147461424 ms
Loaded resource 426 in 2147461424 ms
Loaded resource 427 in 2147461424 ms
Loaded resource 428 in 2147461424 ms
Loaded resource 429 in 2147461424 ms
Loaded resource 430 in 2147461424 ms
Loaded resource 431 in 2147461424 ms
Loaded resource 432 in 2147461424 ms
Loaded resource 433 in 2147461424 ms
Loaded resource 434 in 2147461424 ms
Loaded resource 435 in 2147461424 ms
Loaded resource 436 in 2147461425 ms
Loaded resource 437 in 2147461425 ms
Loaded resource 438 in 2147461425 ms
Loaded resource 439 in 2147461425 ms
Loaded resource 440 in 2147461425 ms
Loaded resource 441 in 2147461425 ms
Loaded resource 442 in 2147461425 ms
Loaded resource 443 in 2147461425 ms
Loaded resource 444 in 2147461425 ms
Loaded resource 445 in 2147461425 ms
Loaded resource 446 in 2147461425 ms
Loaded resource 447 in 2147461425 ms
Loaded resource 448 in 2147461425 ms
Loaded resource 449 in 2147461425 ms
Loaded resource 450 in 2147461425 ms
Loaded resource 451 in 2147461425 ms
Loaded resource 452 in 2147461425 ms
Loaded resource 453 in 2147461425 ms
Loaded resource 454 in 2147461426 ms
Loaded resource 455 in 2147461426 ms
Loaded resource 456 in 2147461426 ms
Loaded resource 457 in 2147461426 ms
Loaded resource 458 in 2147461426 ms
Loaded resource 459 in 2147461426 ms
Loaded resource 460 in 2147461426 ms
Loaded resource 461 in 2147461426 ms
Loaded resource 462 in 2147461426 ms
Loaded resource 463 in 2147461426 ms
Loaded resource 464 in 2147461426 ms
Loaded resource 465 in 2147461426 ms
Loaded resource 466 in 2147461426 ms
Loaded resource 467 in 2147461426 ms
Loaded resource 468 in 2147461426 ms
Loaded resource 469 in 2147461426 ms
Loaded resource 470 in 2147461426 ms
Loaded resource 471 in 2147461427 ms
Loaded resource 472 in 2147461427 ms
Loaded resource 473 in 2147461427 ms
Loaded resource 474 in 2147461427 ms
Loaded resource 475 in 2147461427 ms
Loaded resource 476 in 2147461427 ms
Loaded resource 477 in 2147461427 ms
Loaded resource 478 in 2147461427 ms
Loaded resource 479 in 2147461427 ms
Loaded resource 480 in 2147461427 ms
Loaded resource 481 in 2147461427 ms
Loaded resource 482 in 2147461427 ms
Loaded resource 483 in 2147461427 ms
Loaded resource 484 in 2147461427 ms
Loaded resource 485 in 2147461427 ms
Loaded resource 486 in 2147461427 ms
Loaded resource 487 in 2147461428 ms
Loaded resource 488 in 2147461428 ms
Loaded resource 489 in 2147461428 ms
Loaded resource 490 in 2147461428 ms
Loaded resource 491 in 2147461428 ms
Loaded resource 492 in 2147461428 ms
Loaded resource 493 in 2147461428 ms
Loaded resource 494 in 2147461428 ms
Loaded resource 495 in 2147461428 ms
Loaded resource 496 in 2147461428 ms
Loaded resource 497 in 2147461428 ms
Loaded resource 498 in 2147461428 ms
Loaded resource 499 in 2147461428 ms
Loaded resource 500 in 2147461428 ms
Loaded resource 501 in 2147461428 ms
Loaded resource 502 in 2147461428 ms
Loaded resource 503 in 2147461428 ms
Loaded resource 504 in 2147461429 ms
Loaded resource 505 in 2147461429 ms
Loaded resource 506 in 2147461429 ms
Loaded resource 507 in 2147461429 ms
Loaded resource 508 in 2147461429 ms
Loaded resource 509 in 2147461429 ms
Loaded resource 510 in 2147461429 ms
Loaded resource 511 in 2147461429 ms
Loaded resource 512 in 2147461429 ms
Loaded resource 513 in 2147461429 ms
Loaded resource 514 in 2147461430 ms
Loaded resource 515 in 2147461430 ms
Loaded resource 516 in 2147461430 ms
Loaded resource 517 in 2147461430 ms
Loaded resource 518 in 2147461430 ms
Loaded resource 519 in 2147461430 ms
Loaded resource 520 in 2147461430 ms
Loaded resource 521 in 2147461430 ms
Loaded resource 522 in 2147461430 ms
Loaded resource 523 in 2147461430 ms
Loaded resource 524 in 2147461430 ms
Loaded resource 525 in 2147461430 ms
Loaded resource 526 in 2147461430 ms
Loaded resource 527 in 2147461430 ms
Loaded resource 528 in 2147461430 ms
Loaded resource 529 in 2147461430 ms
Loaded resource 530 in 2147461430 ms
Loaded resource 531 in 2147461430 ms
Loaded resource 532 in 2147461431 ms
Loaded resource 533 in 2147461431 ms
Loaded resource 534 in 2147461431 ms
Loaded resource 535 in 2147461431 ms
Loaded resource 536 in 2147461431 ms
Loaded resource 537 in 2147461431 ms
Loaded resource 538 in 2147461431 ms
Loaded resource 539 in 2147461431 ms
Loaded resource 540 in 2147461431 ms
Loaded resource 541 in 2147461431 ms
Loaded resource 542 in 2147461431 ms
Loaded resource 543 in 2147461431 ms
Loaded resource 544 in 2147461431 ms
Loaded resource 545 in 2147461431 ms
Loaded resource 546 in 2147461431 ms
Loaded resource 547 in 2147461432 ms
Loaded resource 548 in 2147461432 ms
Loaded resource 549 in 2147461432 ms
Loaded resource 550 in 2147461432 ms
Loaded resource 551 in 2147461432 ms
Loaded resource 552 in 2147461432 ms
Loaded resource 553 in 2147461432 ms
Loaded resource 554 in 2147461432 ms
Loaded resource 555 in 2147461432 ms
Loaded resource 556 in 2147461432 ms
Loaded resource 557 in 2147461432 ms
Loaded resource 558 in 2147461432 ms
  Loaded resource c:/Program Files (x86)/Steam/steamapps/common/Amnesia The Bunker/core/models/core_box.msh in 0 ms
  Destroyed resource 'core_box.msh'
  Loaded resource c:/Program Files (x86)/Steam/steamapps/common/Amnesia The Bunker/core/models/core_box.msh in 0 ms
  Destroyed resource 'core_box.msh'
  Loaded resource c:/Program Files (x86)/Steam/steamapps/common/Amnesia The Bunker/core/models/core_box.msh in 0 ms
  Destroyed resource 'core_box.msh'
  Loaded resource c:/Program Files (x86)/Steam/steamapps/common/Amnesia The Bunker/core/textures/core_value_noise.dds in 0 ms
 Initializing DevIL
  Vendor String: Abysmal Software
  Version String: Developer's Image Library (DevIL) 1.7.8
  Version Number: 178
  Loaded resource c:/Program Files (x86)/Steam/steamapps/common/Amnesia The Bunker/core/textures/core_dissolve.tga in 0 ms
  Loaded resource c:/Program Files (x86)/Steam/steamapps/common/Amnesia The Bunker/core/textures/core_dissolve_array.dds in 1 ms
  Loaded resource c:/Program Files (x86)/Steam/steamapps/common/Amnesia The Bunker/core/models/core_12_12_sphere.msh in 0 ms
  Destroyed resource 'core_12_12_sphere.msh'
  Loaded resource c:/Program Files (x86)/Steam/steamapps/common/Amnesia The Bunker/core/models/core_7_7_sphere.msh in 0 ms
  Destroyed resource 'core_7_7_sphere.msh'
  Loaded resource c:/Program Files (x86)/Steam/steamapps/common/Amnesia The Bunker/core/models/core_5_5_sphere.msh in 0 ms
  Destroyed resource 'core_5_5_sphere.msh'
  Loaded resource c:/Program Files (x86)/Steam/steamapps/common/Amnesia The Bunker/core/models/core_pyramid.msh in 0 ms
  Destroyed resource 'core_pyramid.msh'
 Adding engine materials
 Adding engine post effects
--------------------------------------------------------

Initializing Sound Module
--------------------------------------------------------
 Initializing FMOD.
Version: 4.44.50
--------------------------------------------------------

Initializing Game Module
--------------------------------------------------------
--------------------------------------------------------

User Initialization
--------------------------------------------------------
WARNING: No resources element found in 'c:/Program Files (x86)/Steam/steamapps/common/Amnesia The Bunker/mods/BunkersEdge/config/lang/base_english.lang'
WARNING: No resources element found in 'c:/Program Files (x86)/Steam/steamapps/common/Amnesia The Bunker/mods/BunkersEdge/config/lang/english.lang'
WARNING: No resources element found in 'config/lang_main/english.lang'
WARNING: No resources element found in 'config/base_english.lang'
  Loaded resource c:/Program Files (x86)/Steam/steamapps/common/Amnesia The Bunker/core/textures/core_blue_noise.dds in 1 ms
  Loaded resource c:/Program Files (x86)/Steam/steamapps/common/Amnesia The Bunker/core/textures/grading_default.dds in 0 ms
  Loaded resource c:/Program Files (x86)/Steam/steamapps/common/Amnesia The Bunker/fonts/vera.fnt in 2 ms
  Loaded resource c:/Program Files (x86)/Steam/steamapps/common/Amnesia The Bunker/fonts/viewer.fnt in 3 ms
  Loaded resource c:/Program Files (x86)/Steam/steamapps/common/Amnesia The Bunker/gui/gui_def_pointer_normal.tga in 2 ms
  Loaded resource c:/Program Files (x86)/Steam/steamapps/common/Amnesia The Bunker/gui/gui_def_pointer_text.tga in 0 ms
  Loaded resource c:/Program Files (x86)/Steam/steamapps/common/Amnesia The Bunker/gui/gui_def_window_border_r.tga in 0 ms
  Loaded resource c:/Program Files (x86)/Steam/steamapps/common/Amnesia The Bunker/gui/gui_def_window_border_l.tga in 0 ms
  Loaded resource c:/Program Files (x86)/Steam/steamapps/common/Amnesia The Bunker/gui/gui_def_window_border_u.tga in 0 ms
  Loaded resource c:/Program Files (x86)/Steam/steamapps/common/Amnesia The Bunker/gui/gui_def_window_border_d.tga in 0 ms
  Loaded resource c:/Program Files (x86)/Steam/steamapps/common/Amnesia The Bunker/gui/gui_def_window_corner_lu.tga in 0 ms
  Loaded resource c:/Program Files (x86)/Steam/steamapps/common/Amnesia The Bunker/gui/gui_def_window_corner_ru.tga in 0 ms
  Loaded resource c:/Program Files (x86)/Steam/steamapps/common/Amnesia The Bunker/gui/gui_def_window_corner_rd.tga in 0 ms
  Loaded resource c:/Program Files (x86)/Steam/steamapps/common/Amnesia The Bunker/gui/gui_def_window_corner_ld.tga in 0 ms
  Loaded resource c:/Program Files (x86)/Steam/steamapps/common/Amnesia The Bunker/gui/gui_def_window_label.tga in 0 ms
  Loaded resource c:/Program Files (x86)/Steam/steamapps/common/Amnesia The Bunker/gui/gui_def_window_cross.tga in 1 ms
  Loaded resource c:/Program Files (x86)/Steam/steamapps/common/Amnesia The Bunker/gui/gui_def_frame_border_r.tga in 0 ms
  Loaded resource c:/Program Files (x86)/Steam/steamapps/common/Amnesia The Bunker/gui/gui_def_frame_border_l.tga in 0 ms
  Loaded resource c:/Program Files (x86)/Steam/steamapps/common/Amnesia The Bunker/gui/gui_def_frame_border_u.tga in 0 ms
  Loaded resource c:/Program Files (x86)/Steam/steamapps/common/Amnesia The Bunker/gui/gui_def_frame_border_d.tga in 0 ms
  Loaded resource c:/Program Files (x86)/Steam/steamapps/common/Amnesia The Bunker/gui/gui_def_frame_corner_lu.tga in 0 ms
  Loaded resource c:/Program Files (x86)/Steam/steamapps/common/Amnesia The Bunker/gui/gui_def_frame_corner_ru.tga in 0 ms
  Loaded resource c:/Program Files (x86)/Steam/steamapps/common/Amnesia The Bunker/gui/gui_def_frame_corner_rd.tga in 0 ms
  Loaded resource c:/Program Files (x86)/Steam/steamapps/common/Amnesia The Bunker/gui/gui_def_frame_corner_ld.tga in 0 ms
  Loaded resource c:/Program Files (x86)/Steam/steamapps/common/Amnesia The Bunker/gui/gui_def_checkbox_unchecked.tga in 0 ms
  Loaded resource c:/Program Files (x86)/Steam/steamapps/common/Amnesia The Bunker/gui/gui_def_checkbox_checked.tga in 0 ms
  Loaded resource c:/Program Files (x86)/Steam/steamapps/common/Amnesia The Bunker/gui/gui_def_textbox_marker00.tga in 0 ms
  Loaded resource c:/Program Files (x86)/Steam/steamapps/common/Amnesia The Bunker/gui/gui_def_textbox_marker01.tga in 0 ms
  Loaded resource c:/Program Files (x86)/Steam/steamapps/common/Amnesia The Bunker/gui/gui_def_slider_vert_arrow_d.tga in 0 ms
  Loaded resource c:/Program Files (x86)/Steam/steamapps/common/Amnesia The Bunker/gui/gui_def_combobox_border.tga in 0 ms
  Loaded resource c:/Program Files (x86)/Steam/steamapps/common/Amnesia The Bunker/gui/gui_def_button_up_border_r.tga in 0 ms
  Loaded resource c:/Program Files (x86)/Steam/steamapps/common/Amnesia The Bunker/gui/gui_def_button_up_border_l.tga in 0 ms
  Loaded resource c:/Program Files (x86)/Steam/steamapps/common/Amnesia The Bunker/gui/gui_def_button_up_border_u.tga in 0 ms
  Loaded resource c:/Program Files (x86)/Steam/steamapps/common/Amnesia The Bunker/gui/gui_def_button_up_border_d.tga in 0 ms
  Loaded resource c:/Program Files (x86)/Steam/steamapps/common/Amnesia The Bunker/gui/gui_def_button_up_corner_lu.tga in 1 ms
  Loaded resource c:/Program Files (x86)/Steam/steamapps/common/Amnesia The Bunker/gui/gui_def_button_up_corner_ru.tga in 0 ms
  Loaded resource c:/Program Files (x86)/Steam/steamapps/common/Amnesia The Bunker/gui/gui_def_button_up_corner_rd.tga in 0 ms
  Loaded resource c:/Program Files (x86)/Steam/steamapps/common/Amnesia The Bunker/gui/gui_def_button_up_corner_ld.tga in 0 ms
  Loaded resource c:/Program Files (x86)/Steam/steamapps/common/Amnesia The Bunker/gui/gui_def_slider_vert_arrow_u.tga in 0 ms
  Loaded resource c:/Program Files (x86)/Steam/steamapps/common/Amnesia The Bunker/gui/gui_def_slider_hori_arrow_u.tga in 0 ms
  Loaded resource c:/Program Files (x86)/Steam/steamapps/common/Amnesia The Bunker/gui/gui_def_slider_hori_arrow_d.tga in 0 ms
  Loaded resource c:/Program Files (x86)/Steam/steamapps/common/Amnesia The Bunker/gui/gui_def_slider_handle_hori.tga in 0 ms
  Loaded resource c:/Program Files (x86)/Steam/steamapps/common/Amnesia The Bunker/gui/gui_def_button_down_corner_ru.tga in 0 ms
  Loaded resource c:/Program Files (x86)/Steam/steamapps/common/Amnesia The Bunker/gui/gui_def_button_down_corner_ld.tga in 0 ms
  Loaded resource c:/Program Files (x86)/Steam/steamapps/common/Amnesia The Bunker/gui/gui_def_menu_checked.tga in 0 ms
  Loaded resource c:/Program Files (x86)/Steam/steamapps/common/Amnesia The Bunker/gui/gui_def_menu_arrow.tga in 0 ms
  Loaded resource c:/Program Files (x86)/Steam/steamapps/common/Amnesia The Bunker/gui/gui_def_tab_border_r.tga in 0 ms
  Loaded resource c:/Program Files (x86)/Steam/steamapps/common/Amnesia The Bunker/gui/gui_def_tab_border_l.tga in 0 ms
  Loaded resource c:/Program Files (x86)/Steam/steamapps/common/Amnesia The Bunker/gui/gui_def_tab_border_u.tga in 0 ms
  Loaded resource c:/Program Files (x86)/Steam/steamapps/common/Amnesia The Bunker/gui/gui_def_tab_label_border_d.tga in 0 ms
  Loaded resource c:/Program Files (x86)/Steam/steamapps/common/Amnesia The Bunker/gui/gui_def_tab_corner_lu.tga in 0 ms
  Loaded resource c:/Program Files (x86)/Steam/steamapps/common/Amnesia The Bunker/gui/gui_def_tab_corner_ru.tga in 0 ms
  Loaded resource c:/Program Files (x86)/Steam/steamapps/common/Amnesia The Bunker/gui/gui_def_tab_label_corner_rd.tga in 1 ms
  Loaded resource c:/Program Files (x86)/Steam/steamapps/common/Amnesia The Bunker/gui/gui_def_tab_label_corner_ld.tga in 0 ms
  Loaded resource c:/Program Files (x86)/Steam/steamapps/common/Amnesia The Bunker/gui/gui_def_tab_border_d.tga in 0 ms
  Loaded resource c:/Program Files (x86)/Steam/steamapps/common/Amnesia The Bunker/gui/gui_def_tab_corner_rd.tga in 0 ms
  Loaded resource c:/Program Files (x86)/Steam/steamapps/common/Amnesia The Bunker/gui/gui_def_tab_corner_ld.tga in 0 ms
  Loaded resource c:/Program Files (x86)/Steam/steamapps/common/Amnesia The Bunker/gui/gui_def_group_border_lr.tga in 0 ms
  Loaded resource c:/Program Files (x86)/Steam/steamapps/common/Amnesia The Bunker/gui/gui_def_group_border_ud.tga in 0 ms
  Loaded resource c:/Program Files (x86)/Steam/steamapps/common/Amnesia The Bunker/gui/gui_def_group_corner_lu.tga in 0 ms
  Loaded resource c:/Program Files (x86)/Steam/steamapps/common/Amnesia The Bunker/gui/gui_def_group_corner_rd.tga in 0 ms
  Loaded resource c:/Program Files (x86)/Steam/steamapps/common/Amnesia The Bunker/gui/gui_def_filepicker_upbutton.tga in 0 ms
  Loaded resource c:/Program Files (x86)/Steam/steamapps/common/Amnesia The Bunker/gui/gui_def_filepicker_newdirbutton.tga in 0 ms
  Loaded resource c:/Program Files (x86)/Steam/steamapps/common/Amnesia The Bunker/gui/gui_def_filepicker_icon_graphics.tga in 0 ms
  Loaded resource c:/Program Files (x86)/Steam/steamapps/common/Amnesia The Bunker/gui/gui_def_filepicker_icon_models.tga in 0 ms
  Loaded resource c:/Program Files (x86)/Steam/steamapps/common/Amnesia The Bunker/gui/gui_def_filepicker_icon_sounds.tga in 0 ms
  Loaded resource c:/Program Files (x86)/Steam/steamapps/common/Amnesia The Bunker/gui/gui_def_filepicker_icon_text.tga in 0 ms
  Loaded resource c:/Program Files (x86)/Steam/steamapps/common/Amnesia The Bunker/gui/gui_def_filepicker_icon_rest.tga in 0 ms
  Loaded resource c:/Program Files (x86)/Steam/steamapps/common/Amnesia The Bunker/gui/gui_def_filepicker_icon_folder.tga in 0 ms
  Loaded resource c:/Program Files (x86)/Steam/steamapps/common/Amnesia The Bunker/gui/gui_def_treeview_expand.tga in 0 ms
  Loaded resource c:/Program Files (x86)/Steam/steamapps/common/Amnesia The Bunker/gui/gui_def_treeview_collapse.tga in 0 ms
  Loaded resource c:/Program Files (x86)/Steam/steamapps/common/Amnesia The Bunker/gui/gui_def_collapsiblepane_collapsed.tga in 0 ms
  Loaded resource c:/Program Files (x86)/Steam/steamapps/common/Amnesia The Bunker/gui/gui_def_collapsiblepane_expanded.tga in 1 ms
  Loaded resource c:/Program Files (x86)/Steam/steamapps/common/Amnesia The Bunker/fonts/default_small.fnt in 18 ms
  Loaded resource c:/Program Files (x86)/Steam/steamapps/common/Amnesia The Bunker/fonts/default_medium_outline.fnt in 9 ms
  Loaded resource c:/Program Files (x86)/Steam/steamapps/common/Amnesia The Bunker/fonts/noto_sans_28.fnt in 525 ms
  Loaded resource c:/Program Files (x86)/Steam/steamapps/common/Amnesia The Bunker/graphics/general/loadscreen/loadscreen_startup.dds in 1 ms
  Loaded resource c:/Program Files (x86)/Steam/steamapps/common/Amnesia The Bunker/graphics/general/loadscreen/loadscreen_mask.dds in 1 ms
  Loaded resource c:/Program Files (x86)/Steam/steamapps/common/Amnesia The Bunker/graphics/general/loadscreen/loading_bar.dds in 0 ms
  Loaded resource c:/Program Files (x86)/Steam/steamapps/common/Amnesia The Bunker/graphics/general/loadscreen/loading_frame.dds in 0 ms
  Loaded resource c:/Program Files (x86)/Steam/steamapps/common/Amnesia The Bunker/graphics/general/loadscreen/loadscreen_bg_previously_on.dds in 3 ms
  Loaded resource c:/Program Files (x86)/Steam/steamapps/common/Amnesia The Bunker/graphics/general/loadscreen/loadscreen_bg.dds in 4 ms
  Loaded resource c:/Program Files (x86)/Steam/steamapps/common/Amnesia The Bunker/graphics/general/loadscreen/saving/save_icon_layer0.dds in 0 ms
  Loaded resource c:/Program Files (x86)/Steam/steamapps/common/Amnesia The Bunker/graphics/general/loadscreen/saving/save_icon_layer1.dds in 0 ms
  Loaded resource c:/Program Files (x86)/Steam/steamapps/common/Amnesia The Bunker/graphics/general/loadscreen/loading/loading_stage0.dds in 0 ms
  Loaded resource c:/Program Files (x86)/Steam/steamapps/common/Amnesia The Bunker/graphics/general/loadscreen/loading/loading_stage1.dds in 0 ms
  Loaded resource c:/Program Files (x86)/Steam/steamapps/common/Amnesia The Bunker/graphics/general/loadscreen/loading/loading_stage2.dds in 0 ms
  Loaded resource c:/Program Files (x86)/Steam/steamapps/common/Amnesia The Bunker/graphics/general/loadscreen/loading/loading_stage3.dds in 1 ms
  Loaded resource c:/Program Files (x86)/Steam/steamapps/common/Amnesia The Bunker/graphics/general/loadscreen/loading/loading_stage4.dds in 0 ms
ERROR: Couldn't load music 'loadscreen_background'
  Loaded resource c:/Program Files (x86)/Steam/steamapps/common/Amnesia The Bunker/fonts/special_elite_72.fnt in 15 ms
--------------------------------------------------------

Game Running
--------------------------------------------------------
  Loaded resource c:/Program Files (x86)/Steam/steamapps/common/Amnesia The Bunker/script/custom/base/AchievementHandler.hps in 9 ms
  Loaded resource c:/Program Files (x86)/Steam/steamapps/common/Amnesia The Bunker/script/base/EventDatabaseHandler.hps in 23 ms
  Loaded resource c:/Program Files (x86)/Steam/steamapps/common/Amnesia The Bunker/script/base/GuiHandler.hps in 2 ms
  Loaded resource c:/Program Files (x86)/Steam/steamapps/common/Amnesia The Bunker/script/base/InputHandler.hps in 73 ms
  Loaded resource c:/Program Files (x86)/Steam/steamapps/common/Amnesia The Bunker/mods/BunkersEdge/script/custom/player/Player_Custom.hps in 142 ms
  Loaded resource c:/Program Files (x86)/Steam/steamapps/common/Amnesia The Bunker/mods/BunkersEdge/script/custom/player/PlayerState_Normal_Custom.hps in 64 ms
  Loaded resource c:/Program Files (x86)/Steam/steamapps/common/Amnesia The Bunker/script/player/PlayerState_Null.hps in 2 ms
  Loaded resource c:/Program Files (x86)/Steam/steamapps/common/Amnesia The Bunker/script/player/PlayerState_Dead.hps in 31 ms
  Loaded resource c:/Program Files (x86)/Steam/steamapps/common/Amnesia The Bunker/script/player/PlayerState_Interact_Grab.hps in 75 ms
  Loaded resource c:/Program Files (x86)/Steam/steamapps/common/Amnesia The Bunker/script/player/PlayerState_Interact_Push.hps in 39 ms
  Loaded resource c:/Program Files (x86)/Steam/steamapps/common/Amnesia The Bunker/script/player/PlayerState_Interact_Wheel.hps in 45 ms
  Loaded resource c:/Program Files (x86)/Steam/steamapps/common/Amnesia The Bunker/script/player/PlayerState_Interact_Slide.hps in 41 ms
  Loaded resource c:/Program Files (x86)/Steam/steamapps/common/Amnesia The Bunker/script/player/PlayerState_Interact_SwingDoor.hps in 47 ms
  Loaded resource c:/Program Files (x86)/Steam/steamapps/common/Amnesia The Bunker/script/player/PlayerState_Interact_Lever.hps in 53 ms
  Loaded resource c:/Program Files (x86)/Steam/steamapps/common/Amnesia The Bunker/script/player/PlayerState_Interact_Tear.hps in 66 ms
  Loaded resource c:/Program Files (x86)/Steam/steamapps/common/Amnesia The Bunker/script/player/PlayerState_Interact_Terminal.hps in 51 ms
  Loaded resource c:/Program Files (x86)/Steam/steamapps/common/Amnesia The Bunker/script/player/PlayerState_Interact_Read.hps in 89 ms
  Loaded resource c:/Program Files (x86)/Steam/steamapps/common/Amnesia The Bunker/script/player/PlayerState_Ladder.hps in 71 ms
  Loaded resource c:/Program Files (x86)/Steam/steamapps/common/Amnesia The Bunker/script/player/PlayerState_ClimbLedge.hps in 39 ms
  Loaded resource c:/Program Files (x86)/Steam/steamapps/common/Amnesia The Bunker/script/player/PlayerState_Interact_MovingButton.hps in 40 ms
  Loaded resource c:/Program Files (x86)/Steam/steamapps/common/Amnesia The Bunker/script/player/PlayerState_InteractiveCameraAnimation.hps in 46 ms
  Loaded resource c:/Program Files (x86)/Steam/steamapps/common/Amnesia The Bunker/script/player/PlayerState_Sit.hps in 30 ms
  Loaded resource c:/Program Files (x86)/Steam/steamapps/common/Amnesia The Bunker/mods/BunkersEdge/script/custom/player/PlayerState_Conversation_Custom.hps in 44 ms
  Loaded resource c:/Program Files (x86)/Steam/steamapps/common/Amnesia The Bunker/script/player/PlayerState_Interact_ZoomArea.hps in 77 ms
  Loaded resource c:/Program Files (x86)/Steam/steamapps/common/Amnesia The Bunker/script/player/PlayerState_CustomControls.hps in 29 ms
  Loaded resource c:/Program Files (x86)/Steam/steamapps/common/Amnesia The Bunker/script/player/PlayerState_CutsceneAnimation.hps in 43 ms
  Loaded resource c:/Program Files (x86)/Steam/steamapps/common/Amnesia The Bunker/script/player/PlayerState_InteractiveCutsceneAnimation.hps in 44 ms
  Loaded resource c:/Program Files (x86)/Steam/steamapps/common/Amnesia The Bunker/script/custom/player/PlayerState_Inventory.hps in 63 ms
  Loaded resource c:/Program Files (x86)/Steam/steamapps/common/Amnesia The Bunker/script/custom/player/PlayerState_ReadMemoryCylinder.hps in 71 ms
  Loaded resource c:/Program Files (x86)/Steam/steamapps/common/Amnesia The Bunker/mods/BunkersEdge/script/custom/player/PlayerState_Slide.hps in 50 ms
  Loaded resource c:/Program Files (x86)/Steam/steamapps/common/Amnesia The Bunker/script/custom/player/PlayerState_Thrown.hps in 86 ms
  Loaded resource c:/Program Files (x86)/Steam/steamapps/common/Amnesia The Bunker/script/custom/player/PlayerState_UsingGun_Aim.hps in 92 ms
  Loaded resource c:/Program Files (x86)/Steam/steamapps/common/Amnesia The Bunker/mods/BunkersEdge/script/custom/player/PlayerState_UsingGun_Reload.hps in 83 ms
  Loaded resource c:/Program Files (x86)/Steam/steamapps/common/Amnesia The Bunker/mods/BunkersEdge/script/custom/player/PlayerState_UsingLantern.hps in 83 ms
  Loaded resource c:/Program Files (x86)/Steam/steamapps/common/Amnesia The Bunker/script/custom/player/PlayerState_UsingPocketWatch.hps in 80 ms
  Loaded resource c:/Program Files (x86)/Steam/steamapps/common/Amnesia The Bunker/script/custom/player/PlayerState_UsingEmptyBottle.hps in 82 ms
  Loaded resource c:/Program Files (x86)/Steam/steamapps/common/Amnesia The Bunker/script/custom/player/PlayerState_UsingGrenade.hps in 82 ms
  Loaded resource c:/Program Files (x86)/Steam/steamapps/common/Amnesia The Bunker/script/custom/player/PlayerState_UsingGasGrenade.hps in 79 ms
  Loaded resource c:/Program Files (x86)/Steam/steamapps/common/Amnesia The Bunker/script/custom/player/PlayerState_UsingCutters.hps in 87 ms
  Loaded resource c:/Program Files (x86)/Steam/steamapps/common/Amnesia The Bunker/script/custom/player/PlayerState_UsingFlare.hps in 81 ms
  Loaded resource c:/Program Files (x86)/Steam/steamapps/common/Amnesia The Bunker/script/custom/player/PlayerState_UsingLighter.hps in 81 ms
  Loaded resource c:/Program Files (x86)/Steam/steamapps/common/Amnesia The Bunker/script/custom/player/PlayerState_UsingMolotovCocktail.hps in 81 ms
  Loaded resource c:/Program Files (x86)/Steam/steamapps/common/Amnesia The Bunker/script/custom/player/PlayerState_UsingTorch.hps in 79 ms
  Loaded resource c:/Program Files (x86)/Steam/steamapps/common/Amnesia The Bunker/script/custom/player/PlayerState_CheckHealth.hps in 72 ms
  Loaded resource c:/Program Files (x86)/Steam/steamapps/common/Amnesia The Bunker/script/custom/player/PlayerState_UsingMeat.hps in 80 ms
  Loaded resource c:/Program Files (x86)/Steam/steamapps/common/Amnesia The Bunker/script/custom/player/PlayerState_Interact_CombinationLock.hps in 80 ms
  Loaded resource c:/Program Files (x86)/Steam/steamapps/common/Amnesia The Bunker/script/custom/player/PlayerState_UsingWrench.hps in 86 ms
  Loaded resource c:/Program Files (x86)/Steam/steamapps/common/Amnesia The Bunker/script/player/PlayerState_Interact_ReadDogTag.hps in 83 ms
  Loaded resource c:/Program Files (x86)/Steam/steamapps/common/Amnesia The Bunker/script/custom/player/PlayerState_UsingPuzzleItem.hps in 89 ms
  Loaded resource c:/Program Files (x86)/Steam/steamapps/common/Amnesia The Bunker/script/custom/player/PlayerState_UsingKey.hps in 86 ms
  Loaded resource c:/Program Files (x86)/Steam/steamapps/common/Amnesia The Bunker/script/custom/player/PlayerState_UsingFuel.hps in 89 ms
  Loaded resource c:/Program Files (x86)/Steam/steamapps/common/Amnesia The Bunker/script/custom/player/PlayerState_UsingHealthItem.hps in 95 ms
  Loaded resource c:/Program Files (x86)/Steam/steamapps/common/Amnesia The Bunker/script/custom/player/PlayerState_LightingTorch.hps in 39 ms
  Loaded resource c:/Program Files (x86)/Steam/steamapps/common/Amnesia The Bunker/script/custom/player/PlayerState_UsingShotgun_Aim.hps in 84 ms
  Loaded resource c:/Program Files (x86)/Steam/steamapps/common/Amnesia The Bunker/script/custom/player/PlayerState_UsingShotgun_Reload.hps in 84 ms
  Loaded resource c:/Program Files (x86)/Steam/steamapps/common/Amnesia The Bunker/script/custom/player/PlayerState_UsingFuelBottle.hps in 78 ms
  Loaded resource c:/Program Files (x86)/Steam/steamapps/common/Amnesia The Bunker/script/custom/player/PlayerState_UsingEmptyMolotovCocktail.hps in 78 ms
  Loaded resource c:/Program Files (x86)/Steam/steamapps/common/Amnesia The Bunker/script/custom/player/PlayerState_UsingRabbitDoll.hps in 80 ms
  Loaded resource c:/Program Files (x86)/Steam/steamapps/common/Amnesia The Bunker/mods/BunkersEdge/script/custom/player/PlayerState_UsingVolleyGun_Aim.hps in 84 ms
  Loaded resource c:/Program Files (x86)/Steam/steamapps/common/Amnesia The Bunker/mods/BunkersEdge/script/custom/player/PlayerState_UsingVolleyGun_Reload.hps in 84 ms
  Loaded resource c:/Program Files (x86)/Steam/steamapps/common/Amnesia The Bunker/mods/BunkersEdge/script/custom/player/PlayerState_ParkourClimbLedge.hps in 29 ms
  Loaded resource c:/Program Files (x86)/Steam/steamapps/common/Amnesia The Bunker/mods/BunkersEdge/script/custom/player/PlayerState_ParkourPoleSwing.hps in 45 ms
  Loaded resource c:/Program Files (x86)/Steam/steamapps/common/Amnesia The Bunker/mods/BunkersEdge/script/custom/player/PlayerState_ParkourSpeedVault.hps in 43 ms
  Loaded resource c:/Program Files (x86)/Steam/steamapps/common/Amnesia The Bunker/mods/BunkersEdge/script/custom/player/PlayerState_ParkourPoleClimb.hps in 49 ms
  Loaded resource c:/Program Files (x86)/Steam/steamapps/common/Amnesia The Bunker/mods/BunkersEdge/script/custom/player/PlayerState_ParkourZipline.hps in 51 ms
  Loaded resource c:/Program Files (x86)/Steam/steamapps/common/Amnesia The Bunker/mods/BunkersEdge/script/custom/player/PlayerState_ParkourWallSlide.hps in 52 ms
  Loaded resource c:/Program Files (x86)/Steam/steamapps/common/Amnesia The Bunker/mods/BunkersEdge/script/custom/player/MoveState_Normal_Custom.hps in 92 ms
  Loaded resource c:/Program Files (x86)/Steam/steamapps/common/Amnesia The Bunker/script/player/MoveState_Climb.hps in 38 ms
  Loaded resource c:/Program Files (x86)/Steam/steamapps/common/Amnesia The Bunker/script/player/MoveState_Dead.hps in 26 ms
  Loaded resource c:/Program Files (x86)/Steam/steamapps/common/Amnesia The Bunker/script/custom/player/MoveState_Swim.hps in 66 ms
  Loaded resource c:/Program Files (x86)/Steam/steamapps/common/Amnesia The Bunker/script/custom/player/MoveState_Animated.hps in 41 ms
  Loaded resource c:/Program Files (x86)/Steam/steamapps/common/Amnesia The Bunker/mods/BunkersEdge/script/custom/player/MoveState_ParkourWallRun.hps in 34 ms
  Loaded resource c:/Program Files (x86)/Steam/steamapps/common/Amnesia The Bunker/mods/BunkersEdge/script/custom/player/MoveState_ParkourWallScramble.hps in 43 ms
  Loaded resource c:/Program Files (x86)/Steam/steamapps/common/Amnesia The Bunker/mods/BunkersEdge/script/custom/player/MoveState_ParkourBeamWalk.hps in 47 ms
  Loaded resource c:/Program Files (x86)/Steam/steamapps/common/Amnesia The Bunker/mods/BunkersEdge/maps/parkour_level/parkour_level.hps in 125 ms
  Loaded resource c:/Program Files (x86)/Steam/steamapps/common/Amnesia The Bunker/maps/global_init.hps in 0 ms
  Loaded resource c:/Program Files (x86)/Steam/steamapps/common/Amnesia The Bunker/script/modules/HintHandler.hps in 71 ms
  Loaded resource c:/Program Files (x86)/Steam/steamapps/common/Amnesia The Bunker/script/modules/DescriptionHandler.hps in 63 ms
  Loaded resource c:/Program Files (x86)/Steam/steamapps/common/Amnesia The Bunker/script/modules/TerrainParticleHandler.hps in 4 ms
  Loaded resource c:/Program Files (x86)/Steam/steamapps/common/Amnesia The Bunker/script/modules/LightFlashHandler.hps in 2 ms
  Loaded resource c:/Program Files (x86)/Steam/steamapps/common/Amnesia The Bunker/script/modules/MapEffectsHandler.hps in 22 ms
  Loaded resource c:/Program Files (x86)/Steam/steamapps/common/Amnesia The Bunker/script/modules/GameOverHandler.hps in 69 ms
  Loaded resource c:/Program Files (x86)/Steam/steamapps/common/Amnesia The Bunker/script/modules/HighlightEffectHandler.hps in 24 ms
  Loaded resource c:/Program Files (x86)/Steam/steamapps/common/Amnesia The Bunker/script/modules/PlayerHandsHandler.hps in 30 ms
  Loaded resource c:/Program Files (x86)/Steam/steamapps/common/Amnesia The Bunker/script/modules/CreditsHandler.hps in 74 ms
  Loaded resource c:/Program Files (x86)/Steam/steamapps/common/Amnesia The Bunker/mods/BunkersEdge/script/custom/modules/PlayerBodyHandler_Custom.hps in 119 ms
  Loaded resource c:/Program Files (x86)/Steam/steamapps/common/Amnesia The Bunker/script/modules/EyeTrackingHandler.hps in 2 ms
  Loaded resource c:/Program Files (x86)/Steam/steamapps/common/Amnesia The Bunker/script/modules/ModEventHandler.hps in 2 ms
  Loaded resource c:/Program Files (x86)/Steam/steamapps/common/Amnesia The Bunker/script/modules/LoadScreensHandler.hps in 5 ms
  Loaded resource c:/Program Files (x86)/Steam/steamapps/common/Amnesia The Bunker/script/modules/DebugDrawHandler.hps in 27 ms
  Loaded resource c:/Program Files (x86)/Steam/steamapps/common/Amnesia The Bunker/script/modules/VerletAnimationHandler.hps in 30 ms
  Loaded resource c:/Program Files (x86)/Steam/steamapps/common/Amnesia The Bunker/script/modules/MapTransferHandler.hps in 2 ms
  Loaded resource c:/Program Files (x86)/Steam/steamapps/common/Amnesia The Bunker/mods/BunkersEdge/script/custom/modules/MenuHandler.hps in 208 ms
  Loaded resource c:/Program Files (x86)/Steam/steamapps/common/Amnesia The Bunker/mods/BunkersEdge/script/custom/modules/ItemHandler.hps in 109 ms
  Loaded resource c:/Program Files (x86)/Steam/steamapps/common/Amnesia The Bunker/script/custom/modules/DeathHandler.hps in 65 ms
  Loaded resource c:/Program Files (x86)/Steam/steamapps/common/Amnesia The Bunker/script/custom/modules/SketchbookUIHandler.hps in 108 ms
  Loaded resource c:/Program Files (x86)/Steam/steamapps/common/Amnesia The Bunker/script/custom/modules/TerrorHandler.hps in 40 ms
  Loaded resource c:/Program Files (x86)/Steam/steamapps/common/Amnesia The Bunker/script/custom/modules/AgentBlackboard.hps in 89 ms
  Loaded resource c:/Program Files (x86)/Steam/steamapps/common/Amnesia The Bunker/script/custom/modules/PlayerEmotionHandler.hps in 61 ms
  Loaded resource c:/Program Files (x86)/Steam/steamapps/common/Amnesia The Bunker/mods/BunkersEdge/script/custom/modules/FontHandler.hps in 4 ms
  Loaded resource c:/Program Files (x86)/Steam/steamapps/common/Amnesia The Bunker/script/custom/modules/GeneratorModule.hps in 81 ms
  Loaded resource c:/Program Files (x86)/Steam/steamapps/common/Amnesia The Bunker/script/custom/modules/SaveRoomHandler.hps in 64 ms
  Loaded resource c:/Program Files (x86)/Steam/steamapps/common/Amnesia The Bunker/script/custom/modules/EnvironmentalDamageHandler.hps in 66 ms
  Loaded resource c:/Program Files (x86)/Steam/steamapps/common/Amnesia The Bunker/script/custom/modules/RatHandler.hps in 104 ms
  Loaded resource c:/Program Files (x86)/Steam/steamapps/common/Amnesia The Bunker/script/custom/modules/InGameMapHandler.hps in 66 ms
  Loaded resource c:/Program Files (x86)/Steam/steamapps/common/Amnesia The Bunker/script/custom/modules/RandomizerHandler.hps in 93 ms
  Loaded resource c:/Program Files (x86)/Steam/steamapps/common/Amnesia The Bunker/script/custom/modules/BulletHandler.hps in 78 ms
  Loaded resource c:/Program Files (x86)/Steam/steamapps/common/Amnesia The Bunker/script/custom/modules/BombingHandler.hps in 77 ms
  Loaded resource c:/Program Files (x86)/Steam/steamapps/common/Amnesia The Bunker/script/custom/modules/GameStatsHandler.hps in 71 ms
  Loaded resource c:/Program Files (x86)/Steam/steamapps/common/Amnesia The Bunker/script/custom/modules/GameDifficultyHandler.hps in 65 ms
  Loaded resource c:/Program Files (x86)/Steam/steamapps/common/Amnesia The Bunker/mods/BunkersEdge/script/custom/modules/ParkourHandler.hps in 70 ms
  Loaded resource c:/Program Files (x86)/Steam/steamapps/common/Amnesia The Bunker/mods/BunkersEdge/script/custom/modules/PorkHandler.hps in 3 ms
  Loaded resource c:/Program Files (x86)/Steam/steamapps/common/Amnesia The Bunker/script/effects/Effect_Shake.hps in 7 ms
  Loaded resource c:/Program Files (x86)/Steam/steamapps/common/Amnesia The Bunker/script/effects/Effect_DoF.hps in 1 ms
  Loaded resource c:/Program Files (x86)/Steam/steamapps/common/Amnesia The Bunker/script/effects/Effect_ToneMapping.hps in 2 ms
  Loaded resource c:/Program Files (x86)/Steam/steamapps/common/Amnesia The Bunker/script/effects/Effect_ImageTrail.hps in 63 ms
  Loaded resource c:/Program Files (x86)/Steam/steamapps/common/Amnesia The Bunker/script/effects/Effect_Flash.hps in 2 ms
  Loaded resource c:/Program Files (x86)/Steam/steamapps/common/Amnesia The Bunker/script/effects/Effect_Screen.hps in 2 ms
  Loaded resource c:/Program Files (x86)/Steam/steamapps/common/Amnesia The Bunker/script/effects/Effect_ChromaticAberration.hps in 28 ms
  Loaded resource c:/Program Files (x86)/Steam/steamapps/common/Amnesia The Bunker/script/effects/Effect_RadialBlur.hps in 2 ms
  Loaded resource c:/Program Files (x86)/Steam/steamapps/common/Amnesia The Bunker/script/effects/Effect_Sway.hps in 3 ms
  Loaded resource c:/Program Files (x86)/Steam/steamapps/common/Amnesia The Bunker/script/effects/Effect_ImageFadeFX.hps in 2 ms
  Loaded resource c:/Program Files (x86)/Steam/steamapps/common/Amnesia The Bunker/script/effects/Effect_Gamepad.hps in 5 ms
  Loaded resource c:/Program Files (x86)/Steam/steamapps/common/Amnesia The Bunker/script/effects/Effect_LensDistortion.hps in 2 ms
  Loaded resource c:/Program Files (x86)/Steam/steamapps/common/Amnesia The Bunker/script/effects/Effect_Insanity.hps in 1 ms
  Loaded resource c:/Program Files (x86)/Steam/steamapps/common/Amnesia The Bunker/script/effects/Effect_FOV_Shake.hps in 7 ms
  Loaded resource c:/Program Files (x86)/Steam/steamapps/common/Amnesia The Bunker/script/effects/Effect_Blur.hps in 1 ms
  Loaded resource c:/Program Files (x86)/Steam/steamapps/common/Amnesia The Bunker/script/effects/Effect_Roll_Shake.hps in 4 ms
  Loaded resource c:/Program Files (x86)/Steam/steamapps/common/Amnesia The Bunker/script/custom/effects/Effect_DollyZoom.hps in 79 ms
  Loaded resource c:/Program Files (x86)/Steam/steamapps/common/Amnesia The Bunker/fonts/work_72.fnt in 19 ms
Loading keybinds - file version:47
  Loaded resource c:/Program Files (x86)/Steam/steamapps/common/Amnesia The Bunker/script/base/RichPresenceHandler.hps in 1 ms
CreateRichPresence( alID=0, asName=main_menu )
CreateRichPresence( alID=1, asName=trenches )
CreateRichPresence( alID=2, asName=no_mans_land )
CreateRichPresence( alID=3, asName=officer_hub )
CreateRichPresence( alID=4, asName=maintenance )
CreateRichPresence( alID=5, asName=prison )
CreateRichPresence( alID=6, asName=soldier_quarters )
CreateRichPresence( alID=7, asName=tunnels )
CreateRichPresence( alID=8, asName=arsenal )
CreateRichPresence( alID=9, asName=arena )
RegisterRichPresences()
  Loaded resource c:/Program Files (x86)/Steam/steamapps/common/Amnesia The Bunker/script/base/HeroStatsHandler.hps in 58 ms
[WallSlide diag2] STATE Init: collision slide diagnostics loaded
[PorkHandler] Init completed.
[MenuHandler] LoadUserConfig mbFirstGameStart = false
  Loaded resource c:/Program Files (x86)/Steam/steamapps/common/Amnesia The Bunker/graphics/general/closed_captions/closed_caption_directional_arrow.tga in 0 ms
WARNING: Loaded resource 'closed_caption_directional_arrow.tga' while the map was running.
Loading keybinds - file version:47
[WallSlide diag2] STATE Init: collision slide diagnostics loaded
[PorkHandler] Init completed.
--- Started streaming map 'parkour_level' ---
  Loaded resource c:/Program Files (x86)/Steam/steamapps/common/Amnesia The Bunker/mods/BunkersEdge/entities/station/utility/ventilation_theta/ventilation_theta.ent in 1 ms
  Loaded resource c:/Program Files (x86)/Steam/steamapps/common/Amnesia The Bunker/mods/BunkersEdge/entities/station/doors/swingdoor_fencing_round/swingdoor_fencing_round_locked.ent in 1 ms
  Loaded resource c:/Program Files (x86)/Steam/steamapps/common/Amnesia The Bunker/mods/BunkersEdge/entities/station/special/04_02_workshop_roof_ventilation/04_02_workshop_roof_ventilation.ent in 1 ms
  Loaded resource c:/Program Files (x86)/Steam/steamapps/common/Amnesia The Bunker/entities/technical/block_box/block_box_metal_stairs.ent in 0 ms
  Loaded resource c:/Program Files (x86)/Steam/steamapps/common/Amnesia The Bunker/mods/BunkersEdge/entities/station/doors/hatch_vent/hatch_vent_white.ent in 1 ms
  Loaded resource c:/Program Files (x86)/Steam/steamapps/common/Amnesia The Bunker/mods/BunkersEdge/entities/city/shard/shard.ent in 0 ms
  Loaded resource c:/Program Files (x86)/Steam/steamapps/common/Amnesia The Bunker/mods/BunkersEdge/entities/station/machines/generator_habitat/generator_fan_unit.ent in 0 ms
  Loaded resource c:/Program Files (x86)/Steam/steamapps/common/Amnesia The Bunker/mods/BunkersEdge/entities/station/doors/swingdoor_metal_flesher/swingdoor_metal_flesher_door.ent in 0 ms
  Loaded resource c:/Program Files (x86)/Steam/steamapps/common/Amnesia The Bunker/mods/BunkersEdge/entities/station/lamp/ceiling_shutter_large/ceiling_shutter_large_white_noshutter.ent in 1 ms
  Loaded resource c:/Program Files (x86)/Steam/steamapps/common/Amnesia The Bunker/entities/bunker/storage/lockbox/lockbox.ent in 1 ms
  Loaded resource c:/Program Files (x86)/Steam/steamapps/common/Amnesia The Bunker/entities/french_colonization/tech/telegraph_battery_box/telegraph_battery_box_rigid.ent in 1 ms
  Loaded resource c:/Program Files (x86)/Steam/steamapps/common/Amnesia The Bunker/entities/nonexclusive/storage/box_laudanum/box_laudanum_base.ent in 0 ms
  Loaded resource c:/Program Files (x86)/Steam/steamapps/common/Amnesia The Bunker/mods/BunkersEdge/entities/station/debris/terminal_box/terminal_box.ent in 0 ms
  Loaded resource c:/Program Files (x86)/Steam/steamapps/common/Amnesia The Bunker/mods/BunkersEdge/entities/station/storage/box_clothing/box_clothing_closed.ent in 0 ms
  Loaded resource c:/Program Files (x86)/Steam/steamapps/common/Amnesia The Bunker/mods/BunkersEdge/entities/station/storage/box_clothing/box_clothing_open.ent in 0 ms
  Loaded resource c:/Program Files (x86)/Steam/steamapps/common/Amnesia The Bunker/mods/BunkersEdge/entities/station/storage/box_simulation_assets/box_simulation_assets.ent in 1 ms
  Loaded resource c:/Program Files (x86)/Steam/steamapps/common/Amnesia The Bunker/mods/BunkersEdge/entities/station/storage/box_spare_fuses/box_spare_fuses.ent in 1 ms
  Loaded resource c:/Program Files (x86)/Steam/steamapps/common/Amnesia The Bunker/mods/BunkersEdge/entities/station/tech/junk_programmers_box/junk_programmers_box.ent in 0 ms
  Loaded resource c:/Program Files (x86)/Steam/steamapps/common/Amnesia The Bunker/mods/BunkersEdge/entities/station/tech/fusebox_theta/fusebox_theta.ent in 1 ms
  Loaded resource c:/Program Files (x86)/Steam/steamapps/common/Amnesia The Bunker/entities/technical/block_box/block_box.ent in 0 ms
  Loaded resource c:/Program Files (x86)/Steam/steamapps/common/Amnesia The Bunker/entities/dream/park/park_bench/park_bench.ent in 0 ms
  Loaded resource c:/Program Files (x86)/Steam/steamapps/common/Amnesia The Bunker/mods/BunkersEdge/entities/station/ornaments/girder_support/girder_support.ent in 0 ms
  Loaded resource c:/Program Files (x86)/Steam/steamapps/common/Amnesia The Bunker/mods/BunkersEdge/entities/station/cables/lab_cable_thick_posable/lab_cable_thick_posable.ent in 0 ms
  Loaded resource c:/Program Files (x86)/Steam/steamapps/common/Amnesia The Bunker/mods/BunkersEdge/entities/station/ornaments/wet_floor_sign/wet_floor_sign.ent in 0 ms
  Loaded resource c:/Program Files (x86)/Steam/steamapps/common/Amnesia The Bunker/mods/BunkersEdge/entities/station/ornaments_wall/sign_warning/sign_warning_nostorage/sign_warning_nostorage.ent in 0 ms
  Loaded resource c:/Program Files (x86)/Steam/steamapps/common/Amnesia The Bunker/entities/character/stalker/stalker.ent in 3 ms
  Loaded resource c:/Program Files (x86)/Steam/steamapps/common/Amnesia The Bunker/mods/BunkersEdge/entities/station/tools/bucket/bucket.ent in 1 ms
  Loaded resource c:/Program Files (x86)/Steam/steamapps/common/Amnesia The Bunker/mods/BunkersEdge/entities/urban/lamp/waitingroom_boards_lamp/waitingroom_boards_lamp.ent in 0 ms
  Loaded resource c:/Program Files (x86)/Steam/steamapps/common/Amnesia The Bunker/mods/BunkersEdge/entities/station/furniture/table_lab/table_security_office.ent in 1 ms
  Loaded resource c:/Program Files (x86)/Steam/steamapps/common/Amnesia The Bunker/mods/BunkersEdge/entities/station/furniture/table_lab/table_lab_large_white.ent in 0 ms
  Loaded resource c:/Program Files (x86)/Steam/steamapps/common/Amnesia The Bunker/mods/BunkersEdge/entities/station/furniture/chair_work_theta/chair_work_theta.ent in 1 ms
  Loaded resource c:/Program Files (x86)/Steam/steamapps/common/Amnesia The Bunker/mods/BunkersEdge/entities/station/tech/computer_ark_room_02/computer_ark_room_02.ent in 0 ms
  Loaded resource c:/Program Files (x86)/Steam/steamapps/common/Amnesia The Bunker/mods/BunkersEdge/entities/station/tech/computer_parts_xx/computer_parts_keyboard_compact.ent in 1 ms
  Loaded resource c:/Program Files (x86)/Steam/steamapps/common/Amnesia The Bunker/mods/BunkersEdge/entities/station/terminals/computer_panel_terminal/computer_panel_medium_white_GUI.ent in 0 ms
  Loaded resource c:/Program Files (x86)/Steam/steamapps/common/Amnesia The Bunker/mods/BunkersEdge/entities/station/tech/mouse_trackball_theta/mouse_trackball_theta.ent in 1 ms
  Loaded resource c:/Program Files (x86)/Steam/steamapps/common/Amnesia The Bunker/mods/BunkersEdge/entities/station/tech/computer_lab_table/computer_lab_table.ent in 0 ms
  Loaded resource c:/Program Files (x86)/Steam/steamapps/common/Amnesia The Bunker/mods/BunkersEdge/entities/station/lamp/fluorescent_tube_slidedoor_medium/fluorescent_tube_slidedoor_medium.ent in 1 ms
  Loaded resource c:/Program Files (x86)/Steam/steamapps/common/Amnesia The Bunker/mods/BunkersEdge/entities/station/tech/computer_laptop_modded/computer_desktop.ent in 0 ms
  Loaded resource c:/Program Files (x86)/Steam/steamapps/common/Amnesia The Bunker/mods/BunkersEdge/entities/station/utility/ventilation_airfreshener/ventilation_airfreshener_rigid.ent in 1 ms
  Loaded resource c:/Program Files (x86)/Steam/steamapps/common/Amnesia The Bunker/entities/french_colonization/barricades/french_gate/french_gate_barb_wire.ent in 0 ms
  Loaded resource c:/Program Files (x86)/Steam/steamapps/common/Amnesia The Bunker/mods/BunkersEdge/entities/city/s_r_03_04_f/s_r_03_04_f.ent in 1 ms
  Loaded resource c:/Program Files (x86)/Steam/steamapps/common/Amnesia The Bunker/mods/BunkersEdge/entities/urban/lamp/flourescent_ceiling_large/flourescent_ceiling_large.ent in 0 ms
  Loaded resource c:/Program Files (x86)/Steam/steamapps/common/Amnesia The Bunker/mods/BunkersEdge/entities/station/ornaments_wall/sign_emergency_exit/sign_emergency_exit.ent in 1 ms
  Loaded resource c:/Program Files (x86)/Steam/steamapps/common/Amnesia The Bunker/mods/BunkersEdge/entities/nonexclusive/environment/sun_outpost.ent in 0 ms
  Loaded resource c:/Program Files (x86)/Steam/steamapps/common/Amnesia The Bunker/entities/dream/park/park_flowers/paris_flowers_rigid.ent in 1 ms
  Loaded resource c:/Program Files (x86)/Steam/steamapps/common/Amnesia The Bunker/entities/paris_ending/trees/paris_tree_01.ent in 0 ms
  Loaded resource c:/Program Files (x86)/Steam/steamapps/common/Amnesia The Bunker/mods/BunkersEdge/entities/station/ornaments_wall/poster_random/poster_random_1.ent in 0 ms
  Loaded resource c:/Program Files (x86)/Steam/steamapps/common/Amnesia The Bunker/mods/BunkersEdge/entities/station/ornaments_wall/sign_office/poster_office_motivational/poster_office_motivational.ent in 0 ms
  Loaded resource c:/Program Files (x86)/Steam/steamapps/common/Amnesia The Bunker/mods/BunkersEdge/entities/station/ornaments_wall/sign_office/poster_promo_haimatsu/poster_promo_haimatsu.ent in 0 ms
  Loaded resource c:/Program Files (x86)/Steam/steamapps/common/Amnesia The Bunker/mods/BunkersEdge/entities/station/special/01_01_window_breakable/01_01_window_breakable_minor_damage.ent in 1 ms
  Loaded resource c:/Program Files (x86)/Steam/steamapps/common/Amnesia The Bunker/mods/BunkersEdge/entities/station/special/01_01_window_breakable/01_01_window_breakable_broken.ent in 1 ms
  Loaded resource c:/Program Files (x86)/Steam/steamapps/common/Amnesia The Bunker/mods/BunkersEdge/entities/station/furniture/sofa_worn_community_room/sofa_worn_community_room.ent in 0 ms
  Loaded resource c:/Program Files (x86)/Steam/steamapps/common/Amnesia The Bunker/entities/nonexclusive/debris/tattered_cloth_rag/tattered_cloth_rag_root.ent in 0 ms
  Loaded resource c:/Program Files (x86)/Steam/steamapps/common/Amnesia The Bunker/mods/BunkersEdge/textures/colorgrading/grading_parkour_new.dds in 1 ms
  Loaded resource c:/Program Files (x86)/Steam/steamapps/common/Amnesia The Bunker/lights/gobo/gobo_square_soft.dds in 0 ms
  Loaded resource c:/Program Files (x86)/Steam/steamapps/common/Amnesia The Bunker/textures/environment/skybox_midday.dds in 0 ms
  Loaded resource c:/Program Files (x86)/Steam/steamapps/common/Amnesia The Bunker/billboards/halo/lampglow_generic_square.dds in 0 ms
  Loaded resource c:/Program Files (x86)/Steam/steamapps/common/Amnesia The Bunker/billboards/special/darkworld_portal_refraction/darkworld_portal_refraction.dds in 0 ms
  Loaded resource c:/Program Files (x86)/Steam/steamapps/common/Amnesia The Bunker/billboards/special/darkworld_portal_refraction/darkworld_portal_refraction_nrm_01.dds in 0 ms
  Loaded resource c:/Program Files (x86)/Steam/steamapps/common/Amnesia The Bunker/billboards/halo/lampglow_large_generic.dds in 0 ms
  Loaded resource c:/Program Files (x86)/Steam/steamapps/common/Amnesia The Bunker/billboards/halo/blur_test_2.dds in 0 ms
  Loaded resource c:/Program Files (x86)/Steam/steamapps/common/Amnesia The Bunker/mods/BunkersEdge/static_objects/city/buildings/B_C_01/M_C_01_Facade.dds in 0 ms
  Loaded resource c:/Program Files (x86)/Steam/steamapps/common/Amnesia The Bunker/mods/BunkersEdge/static_objects/city/buildings/B_C_01/M_C_01_Facade_nrm.dds in 0 ms
  Loaded resource c:/Program Files (x86)/Steam/steamapps/common/Amnesia The Bunker/mods/BunkersEdge/static_objects/city/buildings/B_C_01/M_C_01_Facade_spec.dds in 0 ms
  Loaded resource c:/Program Files (x86)/Steam/steamapps/common/Amnesia The Bunker/mods/BunkersEdge/textures/environment/skyline_city_env.dds in 0 ms
  Loaded resource c:/Program Files (x86)/Steam/steamapps/common/Amnesia The Bunker/mods/BunkersEdge/static_objects/city/buildings/B_C_01/M_C_01_Rooftop.dds in 0 ms
  Loaded resource c:/Program Files (x86)/Steam/steamapps/common/Amnesia The Bunker/mods/BunkersEdge/static_objects/city/buildings/B_C_01/M_C_01_Rooftop_nrm.dds in 0 ms
  Loaded resource c:/Program Files (x86)/Steam/steamapps/common/Amnesia The Bunker/mods/BunkersEdge/static_objects/city/buildings/B_C_01/M_C_01_Rooftop_spec.dds in 0 ms
  Loaded resource c:/Program Files (x86)/Steam/steamapps/common/Amnesia The Bunker/mods/BunkersEdge/static_objects/city/buildings/B_C_01/M_C_01_Storefront.dds in 0 ms
  Loaded resource c:/Program Files (x86)/Steam/steamapps/common/Amnesia The Bunker/mods/BunkersEdge/static_objects/city/buildings/B_C_01/M_C_01_Storefront_nrm.dds in 0 ms
  Loaded resource c:/Program Files (x86)/Steam/steamapps/common/Amnesia The Bunker/mods/BunkersEdge/static_objects/city/generic/T_Doors_D_spec.dds in 0 ms
  Loaded resource c:/Program Files (x86)/Steam/steamapps/common/Amnesia The Bunker/mods/BunkersEdge/static_objects/city/generic/T_Doors_D.dds in 0 ms
  Loaded resource c:/Program Files (x86)/Steam/steamapps/common/Amnesia The Bunker/mods/BunkersEdge/static_objects/city/buildings/B_C_02/M_C_02_Back.dds in 0 ms
  Loaded resource c:/Program Files (x86)/Steam/steamapps/common/Amnesia The Bunker/mods/BunkersEdge/static_objects/city/buildings/B_C_02/M_C_02_Back_spec.dds in 0 ms
  Loaded resource c:/Program Files (x86)/Steam/steamapps/common/Amnesia The Bunker/mods/BunkersEdge/static_objects/city/buildings/B_C_02/M_C_02_Facade_02.dds in 0 ms
  Loaded resource c:/Program Files (x86)/Steam/steamapps/common/Amnesia The Bunker/mods/BunkersEdge/static_objects/city/buildings/B_C_02/M_C_02_Facade_02_spec.dds in 0 ms
  Loaded resource c:/Program Files (x86)/Steam/steamapps/common/Amnesia The Bunker/mods/BunkersEdge/static_objects/city/buildings/B_C_02/M_C_02_storefront_spec.dds in 0 ms
  Loaded resource c:/Program Files (x86)/Steam/steamapps/common/Amnesia The Bunker/mods/BunkersEdge/static_objects/city/buildings/B_C_02/M_C_02_storefront.dds in 0 ms
  Loaded resource c:/Program Files (x86)/Steam/steamapps/common/Amnesia The Bunker/mods/BunkersEdge/static_objects/city/rooftop/roof.dds in 0 ms
  Loaded resource c:/Program Files (x86)/Steam/steamapps/common/Amnesia The Bunker/mods/BunkersEdge/static_objects/city/rooftop/roof_nrm.dds in 0 ms
  Loaded resource c:/Program Files (x86)/Steam/steamapps/common/Amnesia The Bunker/mods/BunkersEdge/static_objects/city/rooftop/roof_spec.dds in 0 ms
  Loaded resource c:/Program Files (x86)/Steam/steamapps/common/Amnesia The Bunker/mods/BunkersEdge/static_objects/city/buildings/B_C_03/M_C_03_Facade.dds in 0 ms
  Loaded resource c:/Program Files (x86)/Steam/steamapps/common/Amnesia The Bunker/mods/BunkersEdge/static_objects/city/buildings/B_C_03/M_C_03_Facade_nrm.dds in 0 ms
  Loaded resource c:/Program Files (x86)/Steam/steamapps/common/Amnesia The Bunker/mods/BunkersEdge/static_objects/city/buildings/B_C_03/M_C_03_Facade_spec.dds in 0 ms
  Loaded resource c:/Program Files (x86)/Steam/steamapps/common/Amnesia The Bunker/mods/BunkersEdge/static_objects/city/buildings/B_C_03/M_C_03_Storefront.dds in 0 ms
  Loaded resource c:/Program Files (x86)/Steam/steamapps/common/Amnesia The Bunker/mods/BunkersEdge/static_objects/city/buildings/B_C_03/M_C_03_Storefront_nrm.dds in 0 ms
  Loaded resource c:/Program Files (x86)/Steam/steamapps/common/Amnesia The Bunker/mods/BunkersEdge/static_objects/city/buildings/B_C_03/M_C_03_Storefront_spec.dds in 0 ms
  Loaded resource c:/Program Files (x86)/Steam/steamapps/common/Amnesia The Bunker/mods/BunkersEdge/static_objects/city/buildings/B_C_05/M_C_05_Facade.dds in 0 ms
  Loaded resource c:/Program Files (x86)/Steam/steamapps/common/Amnesia The Bunker/mods/BunkersEdge/static_objects/city/buildings/B_C_05/M_C_05_Facade_spec.dds in 0 ms
  Loaded resource c:/Program Files (x86)/Steam/steamapps/common/Amnesia The Bunker/mods/BunkersEdge/static_objects/city/buildings/B_C_05/M_C_05_Storefront.dds in 0 ms
  Loaded resource c:/Program Files (x86)/Steam/steamapps/common/Amnesia The Bunker/mods/BunkersEdge/static_objects/city/buildings/B_C_05/M_C_05_Storefront_spec.dds in 0 ms
  Loaded resource c:/Program Files (x86)/Steam/steamapps/common/Amnesia The Bunker/mods/BunkersEdge/static_objects/city/buildings/B_C_05/M_C_05_back_spec.dds in 0 ms
  Loaded resource c:/Program Files (x86)/Steam/steamapps/common/Amnesia The Bunker/mods/BunkersEdge/static_objects/city/buildings/B_C_05/M_C_05_back.dds in 0 ms
  Loaded resource c:/Program Files (x86)/Steam/steamapps/common/Amnesia The Bunker/mods/BunkersEdge/static_objects/city/buildings/B_R_05/M_Doors_Generic_01_spec.dds in 0 ms
  Loaded resource c:/Program Files (x86)/Steam/steamapps/common/Amnesia The Bunker/mods/BunkersEdge/static_objects/city/buildings/B_R_05/M_Doors_Generic_01.dds in 0 ms
  Loaded resource c:/Program Files (x86)/Steam/steamapps/common/Amnesia The Bunker/mods/BunkersEdge/static_objects/city/buildings/B_C_06/M_C_06_01.dds in 0 ms
  Loaded resource c:/Program Files (x86)/Steam/steamapps/common/Amnesia The Bunker/mods/BunkersEdge/static_objects/city/buildings/B_C_06/M_C_06_01_nrm.dds in 0 ms
  Loaded resource c:/Program Files (x86)/Steam/steamapps/common/Amnesia The Bunker/mods/BunkersEdge/static_objects/city/buildings/B_C_06/M_C_06_01_spec.dds in 0 ms
  Loaded resource c:/Program Files (x86)/Steam/steamapps/common/Amnesia The Bunker/mods/BunkersEdge/static_objects/city/buildings/B_C_06/M_C_06_02.dds in 0 ms
  Loaded resource c:/Program Files (x86)/Steam/steamapps/common/Amnesia The Bunker/mods/BunkersEdge/static_objects/city/buildings/B_C_06/M_C_06_02_nrm.dds in 0 ms
  Loaded resource c:/Program Files (x86)/Steam/steamapps/common/Amnesia The Bunker/mods/BunkersEdge/static_objects/city/buildings/B_C_06/M_C_06_02_spec.dds in 1 ms
  Loaded resource c:/Program Files (x86)/Steam/steamapps/common/Amnesia The Bunker/mods/BunkersEdge/static_objects/city/buildings/B_C_06/M_C_06_03.dds in 0 ms
  Loaded resource c:/Program Files (x86)/Steam/steamapps/common/Amnesia The Bunker/mods/BunkersEdge/static_objects/city/buildings/B_C_06/M_C_06_03_nrm.dds in 0 ms
  Loaded resource c:/Program Files (x86)/Steam/steamapps/common/Amnesia The Bunker/mods/BunkersEdge/static_objects/city/buildings/B_C_06/M_C_06_03_spec.dds in 0 ms
  Loaded resource c:/Program Files (x86)/Steam/steamapps/common/Amnesia The Bunker/mods/BunkersEdge/static_objects/city/buildings/B_C_06/M_C_06_03_orange.dds in 0 ms
  Loaded resource c:/Program Files (x86)/Steam/steamapps/common/Amnesia The Bunker/mods/BunkersEdge/static_objects/city/buildings/B_C_06/M_C_06_04.dds in 0 ms
  Loaded resource c:/Program Files (x86)/Steam/steamapps/common/Amnesia The Bunker/mods/BunkersEdge/static_objects/city/buildings/B_C_06/M_C_06_04_nrm.dds in 0 ms
  Loaded resource c:/Program Files (x86)/Steam/steamapps/common/Amnesia The Bunker/mods/BunkersEdge/static_objects/city/buildings/B_C_06/M_C_06_04_spec.dds in 0 ms
  Loaded resource c:/Program Files (x86)/Steam/steamapps/common/Amnesia The Bunker/mods/BunkersEdge/static_objects/city/buildings/B_R_03/M_R_03_03_Facade_01.dds in 0 ms
  Loaded resource c:/Program Files (x86)/Steam/steamapps/common/Amnesia The Bunker/mods/BunkersEdge/static_objects/city/buildings/B_R_03/M_R_03_03_Facade_01_nrm.dds in 0 ms
  Loaded resource c:/Program Files (x86)/Steam/steamapps/common/Amnesia The Bunker/mods/BunkersEdge/static_objects/city/buildings/B_R_03/M_R_03_03_Facade_01_spec.dds in 0 ms
  Loaded resource c:/Program Files (x86)/Steam/steamapps/common/Amnesia The Bunker/mods/BunkersEdge/static_objects/city/buildings/B_R_03/M_R_03_03_Facade_02.dds in 0 ms
  Loaded resource c:/Program Files (x86)/Steam/steamapps/common/Amnesia The Bunker/mods/BunkersEdge/static_objects/city/buildings/B_R_03/M_R_03_03_Facade_02_nrm.dds in 0 ms
  Loaded resource c:/Program Files (x86)/Steam/steamapps/common/Amnesia The Bunker/mods/BunkersEdge/static_objects/city/buildings/B_R_03/M_R_03_03_Facade_02_spec.dds in 0 ms
  Loaded resource c:/Program Files (x86)/Steam/steamapps/common/Amnesia The Bunker/mods/BunkersEdge/static_objects/city/buildings/B_R_03/M_R_03_03_Storefront01.dds in 0 ms
  Loaded resource c:/Program Files (x86)/Steam/steamapps/common/Amnesia The Bunker/mods/BunkersEdge/static_objects/city/buildings/B_R_03/M_R_03_03_Storefront01_nrm.dds in 0 ms
  Loaded resource c:/Program Files (x86)/Steam/steamapps/common/Amnesia The Bunker/mods/BunkersEdge/static_objects/city/buildings/B_R_03/M_R_03_03_Storefront01_spec.dds in 0 ms
  Loaded resource c:/Program Files (x86)/Steam/steamapps/common/Amnesia The Bunker/mods/BunkersEdge/static_objects/city/buildings/B_R_06/M_R_06_Facade.dds in 0 ms
  Loaded resource c:/Program Files (x86)/Steam/steamapps/common/Amnesia The Bunker/mods/BunkersEdge/static_objects/city/buildings/B_R_06/M_R_06_Facade_nrm.dds in 0 ms
  Loaded resource c:/Program Files (x86)/Steam/steamapps/common/Amnesia The Bunker/mods/BunkersEdge/static_objects/city/buildings/B_R_06/M_R_06_Facade_spec.dds in 0 ms
  Loaded resource c:/Program Files (x86)/Steam/steamapps/common/Amnesia The Bunker/mods/BunkersEdge/static_objects/city/buildings/B_R_06/M_R_06_Storefront_01.dds in 0 ms
  Loaded resource c:/Program Files (x86)/Steam/steamapps/common/Amnesia The Bunker/mods/BunkersEdge/static_objects/city/buildings/B_R_06/M_R_06_Storefront_01_nrm.dds in 0 ms
  Loaded resource c:/Program Files (x86)/Steam/steamapps/common/Amnesia The Bunker/mods/BunkersEdge/static_objects/city/buildings/B_R_06/M_R_06_Storefront_01_spec.dds in 0 ms
  Loaded resource c:/Program Files (x86)/Steam/steamapps/common/Amnesia The Bunker/mods/BunkersEdge/static_objects/city/buildings/B_R_06/M_R_06_Storefront_01_A.dds in 0 ms
  Loaded resource c:/Program Files (x86)/Steam/steamapps/common/Amnesia The Bunker/mods/BunkersEdge/static_objects/city/buildings/B_R_06/M_R_06_Storefront_02.dds in 0 ms
  Loaded resource c:/Program Files (x86)/Steam/steamapps/common/Amnesia The Bunker/mods/BunkersEdge/static_objects/city/buildings/B_R_06/M_R_06_Storefront_02_nrm.dds in 0 ms
  Loaded resource c:/Program Files (x86)/Steam/steamapps/common/Amnesia The Bunker/mods/BunkersEdge/static_objects/city/buildings/B_R_06/M_R_06_Storefront_02_spec.dds in 0 ms
  Loaded resource c:/Program Files (x86)/Steam/steamapps/common/Amnesia The Bunker/mods/BunkersEdge/static_objects/city/generic/S_Door_Residential_01/M_Doors_Generic_01_spec.dds in 0 ms
  Loaded resource c:/Program Files (x86)/Steam/steamapps/common/Amnesia The Bunker/mods/BunkersEdge/static_objects/city/generic/S_Door_Residential_01/M_Doors_Generic_01.dds in 0 ms
  Loaded resource c:/Program Files (x86)/Steam/steamapps/common/Amnesia The Bunker/mods/BunkersEdge/static_objects/city/generic/S_Door_Residential_01/M_keypad_Lock_01_spec.dds in 0 ms
  Loaded resource c:/Program Files (x86)/Steam/steamapps/common/Amnesia The Bunker/mods/BunkersEdge/static_objects/city/generic/S_Door_Residential_01/M_keypad_Lock_01.dds in 0 ms
  Loaded resource c:/Program Files (x86)/Steam/steamapps/common/Amnesia The Bunker/mods/BunkersEdge/static_objects/city/generic/S_StairSystem_02a/M_StairSystem_02_spec.dds in 0 ms
  Loaded resource c:/Program Files (x86)/Steam/steamapps/common/Amnesia The Bunker/mods/BunkersEdge/static_objects/city/generic/S_StairSystem_02a/M_StairSystem_02.dds in 0 ms
  Loaded resource c:/Program Files (x86)/Steam/steamapps/common/Amnesia The Bunker/mods/BunkersEdge/static_objects/city/generic/S_WindowPlug_01/M_WindowPlug_01_spec.dds in 0 ms
  Loaded resource c:/Program Files (x86)/Steam/steamapps/common/Amnesia The Bunker/mods/BunkersEdge/static_objects/city/generic/S_WindowPlug_01/M_WindowPlug_01.dds in 0 ms
  Loaded resource c:/Program Files (x86)/Steam/steamapps/common/Amnesia The Bunker/mods/BunkersEdge/static_objects/city/prop/Awning_01/T_Awning_01.dds in 0 ms
  Loaded resource c:/Program Files (x86)/Steam/steamapps/common/Amnesia The Bunker/mods/BunkersEdge/static_objects/city/prop/Awning_01/T_Awning_01_spec.dds in 0 ms
  Loaded resource c:/Program Files (x86)/Steam/steamapps/common/Amnesia The Bunker/mods/BunkersEdge/static_objects/city/prop/S_ACRooftop_06/M_ACRooftop_06_spec.dds in 0 ms
  Loaded resource c:/Program Files (x86)/Steam/steamapps/common/Amnesia The Bunker/mods/BunkersEdge/static_objects/city/prop/S_ACRooftop_06/M_ACRooftop_06.dds in 1 ms
  Loaded resource c:/Program Files (x86)/Steam/steamapps/common/Amnesia The Bunker/mods/BunkersEdge/static_objects/city/prop/S_Billboard_01/MI_Ad_01_Billboard_01.dds in 0 ms
  Loaded resource c:/Program Files (x86)/Steam/steamapps/common/Amnesia The Bunker/mods/BunkersEdge/static_objects/city/prop/S_Billboard_01/M_Billboard_01.dds in 0 ms
  Loaded resource c:/Program Files (x86)/Steam/steamapps/common/Amnesia The Bunker/mods/BunkersEdge/static_objects/city/prop/S_Billboard_01/M_Billboard_01_nrm.dds in 0 ms
  Loaded resource c:/Program Files (x86)/Steam/steamapps/common/Amnesia The Bunker/mods/BunkersEdge/static_objects/city/prop/S_Billboard_01/M_Billboard_01_spec.dds in 0 ms
  Loaded resource c:/Program Files (x86)/Steam/steamapps/common/Amnesia The Bunker/mods/BunkersEdge/static_objects/city/rooftop/S_BoxRooftop_01/M_BoxRooftop_01_spec.dds in 0 ms
  Loaded resource c:/Program Files (x86)/Steam/steamapps/common/Amnesia The Bunker/mods/BunkersEdge/static_objects/city/rooftop/S_BoxRooftop_01/M_BoxRooftop_01.dds in 0 ms
  Loaded resource c:/Program Files (x86)/Steam/steamapps/common/Amnesia The Bunker/mods/BunkersEdge/static_objects/city/rooftop/S_CatwalkSystem/S_CatwalkSystem_01/M_CatwalkSystem_01_ColourA_spec.dds in 0 ms
  Loaded resource c:/Program Files (x86)/Steam/steamapps/common/Amnesia The Bunker/mods/BunkersEdge/static_objects/city/rooftop/S_CatwalkSystem/S_CatwalkSystem_01/M_CatwalkSystem_01_ColourA.dds in 0 ms
  Loaded resource c:/Program Files (x86)/Steam/steamapps/common/Amnesia The Bunker/mods/BunkersEdge/static_objects/city/rooftop/S_Cistern_01/M_Cistern_01.dds in 0 ms
  Loaded resource c:/Program Files (x86)/Steam/steamapps/common/Amnesia The Bunker/mods/BunkersEdge/static_objects/city/rooftop/S_Cistern_01/M_Cistern_01_nrm.dds in 0 ms
  Loaded resource c:/Program Files (x86)/Steam/steamapps/common/Amnesia The Bunker/mods/BunkersEdge/static_objects/city/rooftop/S_Cistern_01/M_Cistern_01_spec.dds in 0 ms
  Loaded resource c:/Program Files (x86)/Steam/steamapps/common/Amnesia The Bunker/mods/BunkersEdge/static_objects/city/rooftop/S_Cistern_01/M_Cistern_01_Chrome.dds in 0 ms
  Loaded resource c:/Program Files (x86)/Steam/steamapps/common/Amnesia The Bunker/mods/BunkersEdge/static_objects/city/rooftop/S_HatchRooftop_01/M_HatchRooftop_01.dds in 0 ms
  Loaded resource c:/Program Files (x86)/Steam/steamapps/common/Amnesia The Bunker/mods/BunkersEdge/static_objects/city/rooftop/S_HatchRooftop_01/M_HatchRooftop_01_nrm.dds in 0 ms
  Loaded resource c:/Program Files (x86)/Steam/steamapps/common/Amnesia The Bunker/mods/BunkersEdge/static_objects/city/rooftop/S_HatchRooftop_01/M_HatchRooftop_01_spec.dds in 0 ms
  Loaded resource c:/Program Files (x86)/Steam/steamapps/common/Amnesia The Bunker/mods/BunkersEdge/static_objects/city/rooftop/S_HatchRooftop_02/M_HatchRooftop_02.dds in 0 ms
  Loaded resource c:/Program Files (x86)/Steam/steamapps/common/Amnesia The Bunker/mods/BunkersEdge/static_objects/city/rooftop/S_HatchRooftop_02/M_HatchRooftop_02_nrm.dds in 0 ms
  Loaded resource c:/Program Files (x86)/Steam/steamapps/common/Amnesia The Bunker/mods/BunkersEdge/static_objects/city/rooftop/S_HatchRooftop_02/M_HatchRooftop_02_spec.dds in 0 ms
  Loaded resource c:/Program Files (x86)/Steam/steamapps/common/Amnesia The Bunker/mods/BunkersEdge/static_objects/city/rooftop/S_RooftopBoxes_07/M_RooftopBoxes_07_spec.dds in 0 ms
  Loaded resource c:/Program Files (x86)/Steam/steamapps/common/Amnesia The Bunker/mods/BunkersEdge/static_objects/city/rooftop/S_RooftopBoxes_07/M_RooftopBoxes_07.dds in 0 ms
  Loaded resource c:/Program Files (x86)/Steam/steamapps/common/Amnesia The Bunker/mods/BunkersEdge/static_objects/city/rooftop/S_RooftopBoxes_10/M_RooftopBoxes_10.dds in 0 ms
  Loaded resource c:/Program Files (x86)/Steam/steamapps/common/Amnesia The Bunker/mods/BunkersEdge/static_objects/city/rooftop/S_RooftopBoxes_10/M_RooftopBoxes_10_nrm.dds in 0 ms
  Loaded resource c:/Program Files (x86)/Steam/steamapps/common/Amnesia The Bunker/mods/BunkersEdge/static_objects/city/rooftop/S_RooftopBoxes_10/M_RooftopBoxes_10_spec.dds in 1 ms
  Loaded resource c:/Program Files (x86)/Steam/steamapps/common/Amnesia The Bunker/mods/BunkersEdge/static_objects/city/rooftop/S_RooftopBoxes_14/M_RooftopBoxes_14.dds in 0 ms
  Loaded resource c:/Program Files (x86)/Steam/steamapps/common/Amnesia The Bunker/mods/BunkersEdge/static_objects/city/rooftop/S_RooftopBoxes_14/M_RooftopBoxes_14_nrm.dds in 0 ms
  Loaded resource c:/Program Files (x86)/Steam/steamapps/common/Amnesia The Bunker/mods/BunkersEdge/static_objects/city/rooftop/S_RooftopBoxes_14/M_RooftopBoxes_14_spec.dds in 0 ms
  Loaded resource c:/Program Files (x86)/Steam/steamapps/common/Amnesia The Bunker/mods/BunkersEdge/static_objects/city/rooftop/S_SolarPanel_01_001/M_SolarPanel_01_001.dds in 0 ms
  Loaded resource c:/Program Files (x86)/Steam/steamapps/common/Amnesia The Bunker/mods/BunkersEdge/static_objects/city/rooftop/S_SolarPanel_01_001/M_SolarPanel_01_001_nrm.dds in 0 ms
  Loaded resource c:/Program Files (x86)/Steam/steamapps/common/Amnesia The Bunker/mods/BunkersEdge/static_objects/city/rooftop/S_SolarPanel_01_001/M_SolarPanel_01_001_spec.dds in 0 ms
  Loaded resource c:/Program Files (x86)/Steam/steamapps/common/Amnesia The Bunker/mods/BunkersEdge/static_objects/city/rooftop/prop_cluster/M_RooftopPropsCluster_spec.dds in 0 ms
  Loaded resource c:/Program Files (x86)/Steam/steamapps/common/Amnesia The Bunker/mods/BunkersEdge/static_objects/city/rooftop/prop_cluster/M_RooftopPropsCluster.dds in 0 ms
  Loaded resource c:/Program Files (x86)/Steam/steamapps/common/Amnesia The Bunker/mods/BunkersEdge/static_objects/city/rooftop_structures/M_RoofMetal_01.dds in 0 ms
  Loaded resource c:/Program Files (x86)/Steam/steamapps/common/Amnesia The Bunker/mods/BunkersEdge/static_objects/city/rooftop_structures/M_RoofMetal_01_nrm.dds in 0 ms
  Loaded resource c:/Program Files (x86)/Steam/steamapps/common/Amnesia The Bunker/mods/BunkersEdge/static_objects/city/rooftop_structures/M_RoofMetal_01_spec.dds in 0 ms
  Loaded resource c:/Program Files (x86)/Steam/steamapps/common/Amnesia The Bunker/mods/BunkersEdge/static_objects/city/rooftop_structures/M_RooftopStructurePlug_01.dds in 0 ms
  Loaded resource c:/Program Files (x86)/Steam/steamapps/common/Amnesia The Bunker/mods/BunkersEdge/static_objects/city/rooftop_structures/M_RooftopStructurePlug_01_nrm.dds in 0 ms
  Loaded resource c:/Program Files (x86)/Steam/steamapps/common/Amnesia The Bunker/mods/BunkersEdge/static_objects/city/rooftop_structures/M_RooftopStructurePlug_01_spec.dds in 0 ms
  Loaded resource c:/Program Files (x86)/Steam/steamapps/common/Amnesia The Bunker/mods/BunkersEdge/static_objects/city/rooftop_structures/M_RoofMetal_01_orange.dds in 0 ms
  Loaded resource c:/Program Files (x86)/Steam/steamapps/common/Amnesia The Bunker/mods/BunkersEdge/static_objects/city/rooftop_structures/M_RooftopStructure_01.dds in 0 ms
  Loaded resource c:/Program Files (x86)/Steam/steamapps/common/Amnesia The Bunker/mods/BunkersEdge/static_objects/city/rooftop_structures/M_RooftopStructure_01_nrm.dds in 0 ms
  Loaded resource c:/Program Files (x86)/Steam/steamapps/common/Amnesia The Bunker/mods/BunkersEdge/static_objects/city/rooftop_structures/M_RooftopStructure_01_spec.dds in 0 ms
  Loaded resource c:/Program Files (x86)/Steam/steamapps/common/Amnesia The Bunker/mods/BunkersEdge/static_objects/city/runner_objects/M_RunnerObjects_Wood_White.dds in 0 ms
  Loaded resource c:/Program Files (x86)/Steam/steamapps/common/Amnesia The Bunker/mods/BunkersEdge/static_objects/city/runner_objects/M_RunnerObjects_Wood_White_nrm.dds in 0 ms
  Loaded resource c:/Program Files (x86)/Steam/steamapps/common/Amnesia The Bunker/mods/BunkersEdge/static_objects/city/runner_objects/M_RunnerObjects_Wood_White_spec.dds in 0 ms
  Loaded resource c:/Program Files (x86)/Steam/steamapps/common/Amnesia The Bunker/mods/BunkersEdge/static_objects/city/runner_objects/S_RooftopBoxes_01a/M_RooftopBoxes_01_spec.dds in 0 ms
  Loaded resource c:/Program Files (x86)/Steam/steamapps/common/Amnesia The Bunker/mods/BunkersEdge/static_objects/city/runner_objects/S_RooftopBoxes_01a/M_RooftopBoxes_01.dds in 0 ms
  Loaded resource c:/Program Files (x86)/Steam/steamapps/common/Amnesia The Bunker/mods/BunkersEdge/static_objects/city/runner_objects/S_RunnerSign_02_001/M_RunnerObjects_Metal_White_003.dds in 0 ms
  Loaded resource c:/Program Files (x86)/Steam/steamapps/common/Amnesia The Bunker/mods/BunkersEdge/static_objects/city/runner_objects/S_RunnerSign_02_001/M_RunnerObjects_Metal_White_003_nrm.dds in 0 ms
  Loaded resource c:/Program Files (x86)/Steam/steamapps/common/Amnesia The Bunker/mods/BunkersEdge/static_objects/city/runner_objects/S_RunnerSign_02_001/M_RunnerObjects_Metal_White_003_spec.dds in 0 ms
  Loaded resource c:/Program Files (x86)/Steam/steamapps/common/Amnesia The Bunker/mods/BunkersEdge/static_objects/city/runner_objects/S_RunnerSign_02_001/M_RunnerObjects_Wood_White_001.dds in 0 ms
  Loaded resource c:/Program Files (x86)/Steam/steamapps/common/Amnesia The Bunker/mods/BunkersEdge/static_objects/city/runner_objects/S_RunnerSign_02_001/M_RunnerObjects_Wood_White_001_nrm.dds in 0 ms
  Loaded resource c:/Program Files (x86)/Steam/steamapps/common/Amnesia The Bunker/mods/BunkersEdge/static_objects/city/runner_objects/S_RunnerSign_02_001/M_RunnerObjects_Wood_White_001_spec.dds in 0 ms
  Loaded resource c:/Program Files (x86)/Steam/steamapps/common/Amnesia The Bunker/mods/BunkersEdge/static_objects/city/runner_objects/S_Skylight_01/M_Skylight_01.dds in 0 ms
  Loaded resource c:/Program Files (x86)/Steam/steamapps/common/Amnesia The Bunker/mods/BunkersEdge/static_objects/city/runner_objects/S_Skylight_01/M_Skylight_01_nrm.dds in 0 ms
  Loaded resource c:/Program Files (x86)/Steam/steamapps/common/Amnesia The Bunker/mods/BunkersEdge/static_objects/city/runner_objects/S_Skylight_01/M_Skylight_01_spec.dds in 0 ms
  Loaded resource c:/Program Files (x86)/Steam/steamapps/common/Amnesia The Bunker/mods/BunkersEdge/static_objects/urban/bevelled_glass.dds in 0 ms
  Loaded resource c:/Program Files (x86)/Steam/steamapps/common/Amnesia The Bunker/mods/BunkersEdge/static_objects/urban/plain_glass_nrm.dds in 0 ms
  Loaded resource c:/Program Files (x86)/Steam/steamapps/common/Amnesia The Bunker/mods/BunkersEdge/textures/environment/skyline_day_env.dds in 0 ms
  Loaded resource c:/Program Files (x86)/Steam/steamapps/common/Amnesia The Bunker/mods/BunkersEdge/static_objects/city/runner_objects/S_ZipLineBase_01/M_ZipLineBase_01.dds in 0 ms
  Loaded resource c:/Program Files (x86)/Steam/steamapps/common/Amnesia The Bunker/mods/BunkersEdge/static_objects/city/runner_objects/S_ZipLineBase_01/M_ZipLineBase_01_nrm.dds in 1 ms
  Loaded resource c:/Program Files (x86)/Steam/steamapps/common/Amnesia The Bunker/mods/BunkersEdge/static_objects/city/runner_objects/S_ZipLineBase_01/M_ZipLineBase_01_spec.dds in 0 ms
  Loaded resource c:/Program Files (x86)/Steam/steamapps/common/Amnesia The Bunker/mods/BunkersEdge/static_objects/city/runner_objects/S_ZipLineBase_01b/M_ZipLineBase_01_001_spec.dds in 0 ms
  Loaded resource c:/Program Files (x86)/Steam/steamapps/common/Amnesia The Bunker/mods/BunkersEdge/static_objects/city/runner_objects/S_ZipLineBase_01b/M_ZipLineBase_01_001.dds in 0 ms
  Loaded resource c:/Program Files (x86)/Steam/steamapps/common/Amnesia The Bunker/mods/BunkersEdge/static_objects/city/skyscrapers/S_BD_Skyscraper_02/M_BD_24_01.dds in 0 ms
  Loaded resource c:/Program Files (x86)/Steam/steamapps/common/Amnesia The Bunker/mods/BunkersEdge/static_objects/city/skyscrapers/S_BD_Skyscraper_02/M_BD_24_01_spec.dds in 0 ms
  Loaded resource c:/Program Files (x86)/Steam/steamapps/common/Amnesia The Bunker/mods/BunkersEdge/static_objects/city/skyscrapers/S_BD_Skyscraper_02/M_BD_24_02.dds in 0 ms
  Loaded resource c:/Program Files (x86)/Steam/steamapps/common/Amnesia The Bunker/mods/BunkersEdge/static_objects/city/skyscrapers/S_BD_Skyscraper_02/M_BD_24_02_spec.dds in 0 ms
  Loaded resource c:/Program Files (x86)/Steam/steamapps/common/Amnesia The Bunker/mods/BunkersEdge/static_objects/city/skyscrapers/S_BD_Skyscraper_02/M_BD_24_03.dds in 0 ms
  Loaded resource c:/Program Files (x86)/Steam/steamapps/common/Amnesia The Bunker/mods/BunkersEdge/static_objects/city/skyscrapers/S_BD_Skyscraper_02/M_BD_24_03_spec.dds in 0 ms
  Loaded resource c:/Program Files (x86)/Steam/steamapps/common/Amnesia The Bunker/mods/BunkersEdge/static_objects/city/skyscrapers/S_BD_Skyscraper_02/M_BD_24_04_spec.dds in 0 ms
  Loaded resource c:/Program Files (x86)/Steam/steamapps/common/Amnesia The Bunker/mods/BunkersEdge/static_objects/city/skyscrapers/S_BD_Skyscraper_02/M_BD_24_04.dds in 0 ms
  Loaded resource c:/Program Files (x86)/Steam/steamapps/common/Amnesia The Bunker/mods/BunkersEdge/static_objects/city/skyscrapers/S_BD_Skyscraper_14/M_BDS06_01_001.dds in 0 ms
  Loaded resource c:/Program Files (x86)/Steam/steamapps/common/Amnesia The Bunker/mods/BunkersEdge/static_objects/city/skyscrapers/S_BD_Skyscraper_14/M_BDS06_01_001_spec.dds in 0 ms
  Loaded resource c:/Program Files (x86)/Steam/steamapps/common/Amnesia The Bunker/mods/BunkersEdge/static_objects/city/skyscrapers/S_BD_Skyscraper_14/M_BDS06_02_001.dds in 0 ms
  Loaded resource c:/Program Files (x86)/Steam/steamapps/common/Amnesia The Bunker/mods/BunkersEdge/static_objects/city/skyscrapers/S_BD_Skyscraper_14/M_BDS06_02_001_spec.dds in 0 ms
  Loaded resource c:/Program Files (x86)/Steam/steamapps/common/Amnesia The Bunker/mods/BunkersEdge/static_objects/city/skyscrapers/S_BD_Skyscraper_14/M_BDS06_03_001_spec.dds in 0 ms
  Loaded resource c:/Program Files (x86)/Steam/steamapps/common/Amnesia The Bunker/mods/BunkersEdge/static_objects/city/skyscrapers/S_BD_Skyscraper_14/M_BDS06_03_001.dds in 0 ms
  Loaded resource c:/Program Files (x86)/Steam/steamapps/common/Amnesia The Bunker/mods/BunkersEdge/static_objects/city/skyscrapers/S_BD_Skyscraper_14/M_BD_Skyscraper_14_01_spec.dds in 0 ms
  Loaded resource c:/Program Files (x86)/Steam/steamapps/common/Amnesia The Bunker/mods/BunkersEdge/static_objects/city/skyscrapers/S_BD_Skyscraper_14/M_BD_Skyscraper_14_01.dds in 1 ms
  Loaded resource c:/Program Files (x86)/Steam/steamapps/common/Amnesia The Bunker/mods/BunkersEdge/static_objects/station/floor/floor_theta02.dds in 0 ms
  Loaded resource c:/Program Files (x86)/Steam/steamapps/common/Amnesia The Bunker/mods/BunkersEdge/static_objects/station/floor/floor_theta02_nrm.dds in 0 ms
  Loaded resource c:/Program Files (x86)/Steam/steamapps/common/Amnesia The Bunker/mods/BunkersEdge/static_objects/station/floor/floor_theta02_spec.dds in 0 ms
  Loaded resource c:/Program Files (x86)/Steam/steamapps/common/Amnesia The Bunker/mods/BunkersEdge/static_objects/station/floor/lab_carpet_patterned.dds in 0 ms
  Loaded resource c:/Program Files (x86)/Steam/steamapps/common/Amnesia The Bunker/mods/BunkersEdge/static_objects/station/floor/lab_carpet_patterned_nrm.dds in 0 ms
  Loaded resource c:/Program Files (x86)/Steam/steamapps/common/Amnesia The Bunker/mods/BunkersEdge/static_objects/station/floor/lab_linoleum_plain.dds in 0 ms
  Loaded resource c:/Program Files (x86)/Steam/steamapps/common/Amnesia The Bunker/mods/BunkersEdge/static_objects/station/floor/lab_linoleum_plain_nrm.dds in 0 ms
  Loaded resource c:/Program Files (x86)/Steam/steamapps/common/Amnesia The Bunker/mods/BunkersEdge/static_objects/station/floor/lab_linoleum_plain_spec.dds in 0 ms
  Loaded resource c:/Program Files (x86)/Steam/steamapps/common/Amnesia The Bunker/mods/BunkersEdge/static_objects/urban/bevelled_glass_bright.dds in 0 ms
  Loaded resource c:/Program Files (x86)/Steam/steamapps/common/Amnesia The Bunker/mods/BunkersEdge/textures/environment/urban_waitingroom_env.dds in 0 ms
  Loaded resource c:/Program Files (x86)/Steam/steamapps/common/Amnesia The Bunker/mods/BunkersEdge/static_objects/urban/roof/waitingroom_boards.dds in 0 ms
  Loaded resource c:/Program Files (x86)/Steam/steamapps/common/Amnesia The Bunker/mods/BunkersEdge/static_objects/urban/roof/waitingroom_boards_nrm.dds in 0 ms
  Loaded resource c:/Program Files (x86)/Steam/steamapps/common/Amnesia The Bunker/mods/BunkersEdge/static_objects/urban/roof/waitingroom_boards_spec.dds in 0 ms
  Loaded resource c:/Program Files (x86)/Steam/steamapps/common/Amnesia The Bunker/mods/BunkersEdge/textures/environment/parkour_env.dds in 0 ms
  Loaded resource c:/Program Files (x86)/Steam/steamapps/common/Amnesia The Bunker/mods/BunkersEdge/static_objects/urban/special/00_03_outside_waitroom/00_03_toronto_tower_atlas.dds in 0 ms
  Loaded resource c:/Program Files (x86)/Steam/steamapps/common/Amnesia The Bunker/mods/BunkersEdge/static_objects/urban/walls/waitingroom_white.dds in 0 ms
  Loaded resource c:/Program Files (x86)/Steam/steamapps/common/Amnesia The Bunker/mods/BunkersEdge/static_objects/urban/walls/waitingroom_white_nrm.dds in 0 ms
  Loaded resource c:/Program Files (x86)/Steam/steamapps/common/Amnesia The Bunker/mods/BunkersEdge/static_objects/urban/urban_waitingroom02_spec.dds in 0 ms
  Loaded resource c:/Program Files (x86)/Steam/steamapps/common/Amnesia The Bunker/mods/BunkersEdge/static_objects/station/cables/electrical_dark.dds in 0 ms
  Loaded resource c:/Program Files (x86)/Steam/steamapps/common/Amnesia The Bunker/mods/BunkersEdge/static_objects/station/cables/electrical_spec.dds in 0 ms
  Loaded resource c:/Program Files (x86)/Steam/steamapps/common/Amnesia The Bunker/mods/BunkersEdge/static_objects/station/details/fencing_pplant/fencing_chainlink_pplant.dds in 0 ms
  Loaded resource c:/Program Files (x86)/Steam/steamapps/common/Amnesia The Bunker/mods/BunkersEdge/static_objects/station/details/fencing_pplant/fencing_chainlink_pplant_nrm.dds in 0 ms
  Loaded resource c:/Program Files (x86)/Steam/steamapps/common/Amnesia The Bunker/mods/BunkersEdge/static_objects/station/details/fencing_pplant/fencing_chainlink_pplant_spec.dds in 0 ms
  Loaded resource c:/Program Files (x86)/Steam/steamapps/common/Amnesia The Bunker/mods/BunkersEdge/static_objects/station/details/railing_pplant/railing_pplant.dds in 0 ms
  Loaded resource c:/Program Files (x86)/Steam/steamapps/common/Amnesia The Bunker/mods/BunkersEdge/static_objects/station/details/railing_pplant/railing_pplant_nrm.dds in 0 ms
  Loaded resource c:/Program Files (x86)/Steam/steamapps/common/Amnesia The Bunker/mods/BunkersEdge/static_objects/station/details/railing_pplant/railing_pplant_spec.dds in 0 ms
  Loaded resource c:/Program Files (x86)/Steam/steamapps/common/Amnesia The Bunker/mods/BunkersEdge/static_objects/station/details/girder_lab_metal/girder_lab_metal.dds in 0 ms
  Loaded resource c:/Program Files (x86)/Steam/steamapps/common/Amnesia The Bunker/mods/BunkersEdge/static_objects/station/details/girder_lab_metal/girder_lab_metal_nrm.dds in 0 ms
  Loaded resource c:/Program Files (x86)/Steam/steamapps/common/Amnesia The Bunker/mods/BunkersEdge/static_objects/station/details/girder_lab_metal/girder_lab_metal_spec.dds in 0 ms
  Loaded resource c:/Program Files (x86)/Steam/steamapps/common/Amnesia The Bunker/mods/BunkersEdge/static_objects/station/floor/lab_linoleum_details.dds in 0 ms
  Loaded resource c:/Program Files (x86)/Steam/steamapps/common/Amnesia The Bunker/mods/BunkersEdge/static_objects/station/floor/lab_linoleum_details_nrm.dds in 1 ms
  Loaded resource c:/Program Files (x86)/Steam/steamapps/common/Amnesia The Bunker/mods/BunkersEdge/static_objects/station/floor/lab_linoleum_details_spec.dds in 0 ms
  Loaded resource c:/Program Files (x86)/Steam/steamapps/common/Amnesia The Bunker/mods/BunkersEdge/static_objects/station/lab_set.dds in 0 ms
  Loaded resource c:/Program Files (x86)/Steam/steamapps/common/Amnesia The Bunker/mods/BunkersEdge/static_objects/station/lab_set_nrm.dds in 0 ms
  Loaded resource c:/Program Files (x86)/Steam/steamapps/common/Amnesia The Bunker/mods/BunkersEdge/static_objects/station/lab_set_spec.dds in 0 ms
  Loaded resource c:/Program Files (x86)/Steam/steamapps/common/Amnesia The Bunker/mods/BunkersEdge/static_objects/station/floor/catwalk.dds in 0 ms
  Loaded resource c:/Program Files (x86)/Steam/steamapps/common/Amnesia The Bunker/mods/BunkersEdge/static_objects/station/floor/catwalk_nrm.dds in 0 ms
  Loaded resource c:/Program Files (x86)/Steam/steamapps/common/Amnesia The Bunker/mods/BunkersEdge/static_objects/station/floor/catwalk_spec.dds in 0 ms
  Loaded resource c:/Program Files (x86)/Steam/steamapps/common/Amnesia The Bunker/mods/BunkersEdge/static_objects/station/floor/catwalk_height.dds in 0 ms
  Loaded resource c:/Program Files (x86)/Steam/steamapps/common/Amnesia The Bunker/mods/BunkersEdge/static_objects/station/stairs/stairs_datasite.dds in 0 ms
  Loaded resource c:/Program Files (x86)/Steam/steamapps/common/Amnesia The Bunker/mods/BunkersEdge/static_objects/station/stairs/stairs_datasite_nrm.dds in 0 ms
  Loaded resource c:/Program Files (x86)/Steam/steamapps/common/Amnesia The Bunker/mods/BunkersEdge/static_objects/station/stairs/stairs_datasite_spec.dds in 0 ms
  Loaded resource c:/Program Files (x86)/Steam/steamapps/common/Amnesia The Bunker/mods/BunkersEdge/static_objects/station/stairs/stairs_datasite_height.dds in 0 ms
  Loaded resource c:/Program Files (x86)/Steam/steamapps/common/Amnesia The Bunker/mods/BunkersEdge/static_objects/station/walls/vent_shaft.dds in 0 ms
  Loaded resource c:/Program Files (x86)/Steam/steamapps/common/Amnesia The Bunker/mods/BunkersEdge/static_objects/station/walls/vent_shaft_nrm.dds in 0 ms
  Loaded resource c:/Program Files (x86)/Steam/steamapps/common/Amnesia The Bunker/mods/BunkersEdge/static_objects/station/walls/vent_shaft_spec.dds in 0 ms
  Loaded resource c:/Program Files (x86)/Steam/steamapps/common/Amnesia The Bunker/mods/BunkersEdge/static_objects/urban/ornaments/scanroom_schedule/scanroom_schedule.dds in 0 ms
  Loaded resource c:/Program Files (x86)/Steam/steamapps/common/Amnesia The Bunker/mods/BunkersEdge/static_objects/urban/ornaments/scanroom_schedule/scanroom_schedule_nrm.dds in 0 ms
  Loaded resource c:/Program Files (x86)/Steam/steamapps/common/Amnesia The Bunker/mods/BunkersEdge/static_objects/urban/ornaments/scanroom_schedule/scanroom_schedule_spec.dds in 0 ms
  Loaded resource c:/Program Files (x86)/Steam/steamapps/common/Amnesia The Bunker/mods/BunkersEdge/static_objects/urban/roof/waitingroom_boards_damaged.dds in 0 ms
  Loaded resource c:/Program Files (x86)/Steam/steamapps/common/Amnesia The Bunker/mods/BunkersEdge/static_objects/urban/roof/waitingroom_boards_damaged_nrm.dds in 0 ms
  Loaded resource c:/Program Files (x86)/Steam/steamapps/common/Amnesia The Bunker/mods/BunkersEdge/static_objects/urban/roof/waitingroom_boards_damaged_spec.dds in 0 ms
  Loaded resource c:/Program Files (x86)/Steam/steamapps/common/Amnesia The Bunker/mods/BunkersEdge/static_objects/urban/special/00_03_outside_waitroom/00_03_outside_canadian_flag.dds in 0 ms
  Loaded resource c:/Program Files (x86)/Steam/steamapps/common/Amnesia The Bunker/mods/BunkersEdge/static_objects/urban/special/00_03_outside_waitroom/00_03_outside_canadian_flag_sway.dds in 0 ms
  Loaded resource c:/Program Files (x86)/Steam/steamapps/common/Amnesia The Bunker/mods/BunkersEdge/static_objects/urban/special/00_03_outside_waitroom/00_03_outside_groundassets.dds in 0 ms
  Loaded resource c:/Program Files (x86)/Steam/steamapps/common/Amnesia The Bunker/mods/BunkersEdge/static_objects/urban/special/00_03_outside_waitroom/00_03_outside_waitroom_Building2.dds in 0 ms
  Loaded resource c:/Program Files (x86)/Steam/steamapps/common/Amnesia The Bunker/mods/BunkersEdge/static_objects/urban/special/00_03_outside_waitroom/00_03_outside_waitroom_Building2_spec.dds in 0 ms
  Loaded resource c:/Program Files (x86)/Steam/steamapps/common/Amnesia The Bunker/mods/BunkersEdge/static_objects/urban/special/00_03_outside_waitroom/00_03_roofdetails.dds in 0 ms
  Loaded resource c:/Program Files (x86)/Steam/steamapps/common/Amnesia The Bunker/mods/BunkersEdge/static_objects/urban/special/00_03_outside_waitroom/00_03_roofdetails_spec.dds in 0 ms
  Loaded resource c:/Program Files (x86)/Steam/steamapps/common/Amnesia The Bunker/mods/BunkersEdge/static_objects/urban/urban_apartment.dds in 0 ms
  Loaded resource c:/Program Files (x86)/Steam/steamapps/common/Amnesia The Bunker/mods/BunkersEdge/static_objects/urban/urban_apartment_nrm.dds in 0 ms
  Loaded resource c:/Program Files (x86)/Steam/steamapps/common/Amnesia The Bunker/mods/BunkersEdge/static_objects/urban/urban_apartment_spec.dds in 0 ms
  Loaded resource c:/Program Files (x86)/Steam/steamapps/common/Amnesia The Bunker/mods/BunkersEdge/textures/environment/urban_bathroom_env.dds in 0 ms
  Loaded resource c:/Program Files (x86)/Steam/steamapps/common/Amnesia The Bunker/mods/BunkersEdge/static_objects/urban/urban_apartment_env_alpha.dds in 0 ms
  Loaded resource c:/Program Files (x86)/Steam/steamapps/common/Amnesia The Bunker/mods/BunkersEdge/static_objects/urban/urban_waitingroom.dds in 0 ms
  Loaded resource c:/Program Files (x86)/Steam/steamapps/common/Amnesia The Bunker/mods/BunkersEdge/static_objects/urban/urban_waitingroom_nrm.dds in 1 ms
  Loaded resource c:/Program Files (x86)/Steam/steamapps/common/Amnesia The Bunker/mods/BunkersEdge/static_objects/urban/urban_waitingroom_spec.dds in 0 ms
  Loaded resource c:/Program Files (x86)/Steam/steamapps/common/Amnesia The Bunker/mods/BunkersEdge/static_objects/urban/urban_waitingroom_env_alpha.dds in 0 ms
  Loaded resource c:/Program Files (x86)/Steam/steamapps/common/Amnesia The Bunker/mods/BunkersEdge/static_objects/urban/urban_waitingroom02.dds in 0 ms
  Loaded resource c:/Program Files (x86)/Steam/steamapps/common/Amnesia The Bunker/mods/BunkersEdge/static_objects/urban/urban_waitingroom02_nrm.dds in 0 ms
  Loaded resource c:/Program Files (x86)/Steam/steamapps/common/Amnesia The Bunker/static_objects/paris_ending/paris_ground/paris_path.dds in 0 ms
  Loaded resource c:/Program Files (x86)/Steam/steamapps/common/Amnesia The Bunker/static_objects/paris_ending/paris_ground/paris_grass.dds in 0 ms
  Loaded resource c:/Program Files (x86)/Steam/steamapps/common/Amnesia The Bunker/static_objects/paris_ending/paris_ground/paris_path_nrm.dds in 0 ms
  Loaded resource c:/Program Files (x86)/Steam/steamapps/common/Amnesia The Bunker/static_objects/paris_ending/paris_ground/paris_grass_nrm.dds in 0 ms
  Loaded resource c:/Program Files (x86)/Steam/steamapps/common/Amnesia The Bunker/static_objects/paris_ending/paris_ground/paris_path_spec.dds in 0 ms
  Loaded resource c:/Program Files (x86)/Steam/steamapps/common/Amnesia The Bunker/static_objects/paris_ending/paris_ground/paris_grass_spec.dds in 0 ms
  Loaded resource c:/Program Files (x86)/Steam/steamapps/common/Amnesia The Bunker/static_objects/paris_ending/paris_ground/paris_path_height.tga in 4 ms
  Loaded resource c:/Program Files (x86)/Steam/steamapps/common/Amnesia The Bunker/static_objects/paris_ending/paris_ground/paris_grass_height.tga in 4 ms
  Loaded resource c:/Program Files (x86)/Steam/steamapps/common/Amnesia The Bunker/mods/BunkersEdge/static_objects/station/roof/lab_ceiling_pipes.dds in 0 ms
  Loaded resource c:/Program Files (x86)/Steam/steamapps/common/Amnesia The Bunker/mods/BunkersEdge/static_objects/station/roof/lab_ceiling_pipes_nrm.dds in 0 ms
  Loaded resource c:/Program Files (x86)/Steam/steamapps/common/Amnesia The Bunker/mods/BunkersEdge/static_objects/station/floor/lab_linoleum_spec.dds in 0 ms
  Loaded resource c:/Program Files (x86)/Steam/steamapps/common/Amnesia The Bunker/mods/BunkersEdge/static_objects/station/details/fencing_pplant/fencing_pplant.dds in 0 ms
  Loaded resource c:/Program Files (x86)/Steam/steamapps/common/Amnesia The Bunker/mods/BunkersEdge/static_objects/station/details/fencing_pplant/fencing_pplant_nrm.dds in 0 ms
  Loaded resource c:/Program Files (x86)/Steam/steamapps/common/Amnesia The Bunker/mods/BunkersEdge/static_objects/station/details/fencing_pplant/fencing_pplant_spec.dds in 0 ms
  Loaded resource c:/Program Files (x86)/Steam/steamapps/common/Amnesia The Bunker/mods/BunkersEdge/static_objects/station/floor/floor_tunnel_grate.dds in 0 ms
  Loaded resource c:/Program Files (x86)/Steam/steamapps/common/Amnesia The Bunker/mods/BunkersEdge/static_objects/station/floor/floor_tunnel_grate_nrm.dds in 0 ms
  Loaded resource c:/Program Files (x86)/Steam/steamapps/common/Amnesia The Bunker/mods/BunkersEdge/static_objects/station/floor/floor_tunnel_grate_spec.dds in 0 ms
  Loaded resource c:/Program Files (x86)/Steam/steamapps/common/Amnesia The Bunker/mods/BunkersEdge/static_objects/station/walls/girder_rusty.dds in 0 ms
  Loaded resource c:/Program Files (x86)/Steam/steamapps/common/Amnesia The Bunker/mods/BunkersEdge/static_objects/station/walls/girder_rusty_nrm.dds in 0 ms
  Loaded resource c:/Program Files (x86)/Steam/steamapps/common/Amnesia The Bunker/mods/BunkersEdge/static_objects/station/walls/girder_rusty_spec.dds in 0 ms
  Loaded resource c:/Program Files (x86)/Steam/steamapps/common/Amnesia The Bunker/mods/BunkersEdge/static_objects/station/details/girder_scaffold_rusty.dds in 0 ms
  Loaded resource c:/Program Files (x86)/Steam/steamapps/common/Amnesia The Bunker/mods/BunkersEdge/static_objects/station/details/scaffold_bevelled_wall_nrm.dds in 0 ms
  Loaded resource c:/Program Files (x86)/Steam/steamapps/common/Amnesia The Bunker/mods/BunkersEdge/static_objects/station/details/scaffold_bevelled_wall_spec.dds in 0 ms
  Loaded resource c:/Program Files (x86)/Steam/steamapps/common/Amnesia The Bunker/mods/BunkersEdge/static_objects/station/details/scaffold_bevelled_wall.dds in 0 ms
  Loaded resource c:/Program Files (x86)/Steam/steamapps/common/Amnesia The Bunker/mods/BunkersEdge/static_objects/station/details/scaffold_terminal.dds in 0 ms
  Loaded resource c:/Program Files (x86)/Steam/steamapps/common/Amnesia The Bunker/mods/BunkersEdge/static_objects/station/details/scaffold_terminal_nrm.dds in 0 ms
  Loaded resource c:/Program Files (x86)/Steam/steamapps/common/Amnesia The Bunker/mods/BunkersEdge/static_objects/station/details/scaffold_terminal_spec.dds in 0 ms
  Loaded resource c:/Program Files (x86)/Steam/steamapps/common/Amnesia The Bunker/mods/BunkersEdge/static_objects/station/details/scaffold_walkway.dds in 0 ms
  Loaded resource c:/Program Files (x86)/Steam/steamapps/common/Amnesia The Bunker/mods/BunkersEdge/static_objects/station/details/scaffold_walkway_nrm.dds in 0 ms
  Loaded resource c:/Program Files (x86)/Steam/steamapps/common/Amnesia The Bunker/mods/BunkersEdge/static_objects/station/details/scaffold_walkway_spec.dds in 0 ms
  Loaded resource c:/Program Files (x86)/Steam/steamapps/common/Amnesia The Bunker/mods/BunkersEdge/static_objects/station/pipes/pipe_lab.DDS in 0 ms
  Loaded resource c:/Program Files (x86)/Steam/steamapps/common/Amnesia The Bunker/mods/BunkersEdge/static_objects/station/pipes/pipe_lab_nrm.DDS in 0 ms
  Loaded resource c:/Program Files (x86)/Steam/steamapps/common/Amnesia The Bunker/mods/BunkersEdge/static_objects/station/pipes/pipe_lab_spec.DDS in 0 ms
  Loaded resource c:/Program Files (x86)/Steam/steamapps/common/Amnesia The Bunker/mods/BunkersEdge/static_objects/station/pplant.dds in 0 ms
  Loaded resource c:/Program Files (x86)/Steam/steamapps/common/Amnesia The Bunker/mods/BunkersEdge/static_objects/station/pplant_nrm.dds in 0 ms
  Loaded resource c:/Program Files (x86)/Steam/steamapps/common/Amnesia The Bunker/mods/BunkersEdge/static_objects/station/pplant_spec.dds in 0 ms
  Loaded resource c:/Program Files (x86)/Steam/steamapps/common/Amnesia The Bunker/mods/BunkersEdge/static_objects/station/roof/roof_extruded_panel_white.dds in 1 ms
  Loaded resource c:/Program Files (x86)/Steam/steamapps/common/Amnesia The Bunker/mods/BunkersEdge/static_objects/station/roof/roof_extruded_panel_nrm.dds in 0 ms
  Loaded resource c:/Program Files (x86)/Steam/steamapps/common/Amnesia The Bunker/mods/BunkersEdge/static_objects/station/roof/roof_extruded_panel_spec.dds in 0 ms
  Loaded resource c:/Program Files (x86)/Steam/steamapps/common/Amnesia The Bunker/mods/BunkersEdge/static_objects/station/roof/roof_extruded_panel_height.dds in 0 ms
  Loaded resource c:/Program Files (x86)/Steam/steamapps/common/Amnesia The Bunker/mods/BunkersEdge/static_objects/station/walls/lab_glass_welder.dds in 0 ms
  Loaded resource c:/Program Files (x86)/Steam/steamapps/common/Amnesia The Bunker/mods/BunkersEdge/static_objects/station/walls/lab_glass_welder_nrm.dds in 0 ms
  Loaded resource c:/Program Files (x86)/Steam/steamapps/common/Amnesia The Bunker/mods/BunkersEdge/static_objects/station/walls/lab_glass_welder_spec.dds in 0 ms
  Loaded resource c:/Program Files (x86)/Steam/steamapps/common/Amnesia The Bunker/mods/BunkersEdge/static_objects/station/pplant_glass_dirty.dds in 0 ms
  Loaded resource c:/Program Files (x86)/Steam/steamapps/common/Amnesia The Bunker/mods/BunkersEdge/static_objects/station/pplant_glass_nrm.dds in 0 ms
  Loaded resource c:/Program Files (x86)/Steam/steamapps/common/Amnesia The Bunker/mods/BunkersEdge/textures/environment/station_curie_env.dds in 0 ms
  Loaded resource c:/Program Files (x86)/Steam/steamapps/common/Amnesia The Bunker/mods/BunkersEdge/static_objects/station/pplant_glass_dirty_alpha.dds in 0 ms
  Loaded resource c:/Program Files (x86)/Steam/steamapps/common/Amnesia The Bunker/static_objects/technical/block_out_tools/block_temp.dds in 0 ms
  Loaded resource c:/Program Files (x86)/Steam/steamapps/common/Amnesia The Bunker/mods/BunkersEdge/static_objects/urban/special/00_01_outside_simon_apart/00_01_outside_simon_Props.dds in 0 ms
  Loaded resource c:/Program Files (x86)/Steam/steamapps/common/Amnesia The Bunker/mods/BunkersEdge/static_objects/urban/special/00_01_outside_simon_apart/00_01_outside_simon_StreetLamp.dds in 0 ms
  Loaded resource c:/Program Files (x86)/Steam/steamapps/common/Amnesia The Bunker/mods/BunkersEdge/static_objects/urban/special/00_03_outside_waitroom/00_03_outside_detail01.dds in 0 ms
  Loaded resource c:/Program Files (x86)/Steam/steamapps/common/Amnesia The Bunker/mods/BunkersEdge/static_objects/urban/special/00_03_outside_waitroom/00_03_outside_street_brick.dds in 0 ms
  Loaded resource c:/Program Files (x86)/Steam/steamapps/common/Amnesia The Bunker/mods/BunkersEdge/static_objects/urban/special/00_03_outside_waitroom/00_03_outside_street_brick_spec.dds in 0 ms
  Loaded resource c:/Program Files (x86)/Steam/steamapps/common/Amnesia The Bunker/mods/BunkersEdge/static_objects/urban/special/00_03_outside_waitroom/00_03_outside_toronto_flag.dds in 0 ms
  Loaded resource c:/Program Files (x86)/Steam/steamapps/common/Amnesia The Bunker/mods/BunkersEdge/static_objects/urban/special/00_03_outside_waitroom/00_03_outside_waitroom_Antennas.dds in 0 ms
  Loaded resource c:/Program Files (x86)/Steam/steamapps/common/Amnesia The Bunker/mods/BunkersEdge/static_objects/urban/special/00_03_outside_waitroom/00_03_outside_waitroom_Building1.dds in 0 ms
  Loaded resource c:/Program Files (x86)/Steam/steamapps/common/Amnesia The Bunker/mods/BunkersEdge/textures/environment/lab_env.dds in 0 ms
  Loaded resource c:/Program Files (x86)/Steam/steamapps/common/Amnesia The Bunker/mods/BunkersEdge/static_objects/urban/special/00_03_outside_waitroom/00_03_outside_waitroom_Building3.dds in 0 ms
  Loaded resource c:/Program Files (x86)/Steam/steamapps/common/Amnesia The Bunker/mods/BunkersEdge/static_objects/urban/special/00_03_outside_waitroom/00_03_outside_waitroom_Building4.dds in 0 ms
  Loaded resource c:/Program Files (x86)/Steam/steamapps/common/Amnesia The Bunker/mods/BunkersEdge/static_objects/urban/special/00_03_outside_waitroom/00_03_outside_waitroom_Building4_spec.dds in 0 ms
  Loaded resource c:/Program Files (x86)/Steam/steamapps/common/Amnesia The Bunker/textures/decals/grunge/decal_dirt_01.dds in 0 ms
  Loaded resource c:/Program Files (x86)/Steam/steamapps/common/Amnesia The Bunker/textures/decals/grunge/decal_dirt_01_spec.dds in 0 ms
  Loaded resource c:/Program Files (x86)/Steam/steamapps/common/Amnesia The Bunker/textures/decals/tth/decal_tth_vertical_lines_01.dds in 0 ms
  Loaded resource c:/Program Files (x86)/Steam/steamapps/common/Amnesia The Bunker/textures/decals/tth/decal_tth_vertical_lines_01_nrm.dds in 1 ms
  Loaded resource c:/Program Files (x86)/Steam/steamapps/common/Amnesia The Bunker/textures/decals/tth/decal_tth_vertical_lines_01_spec.dds in 0 ms
  Loaded resource c:/Program Files (x86)/Steam/steamapps/common/Amnesia The Bunker/textures/decals/tth/decal_tth_vertical_lines_01_height.dds in 0 ms
  Loaded resource c:/Program Files (x86)/Steam/steamapps/common/Amnesia The Bunker/textures/technical/advanced_black.dds in 0 ms
  Loaded resource c:/Program Files (x86)/Steam/steamapps/common/Amnesia The Bunker/entities/french_colonization/tech/telegraph_battery_box/telegraph_battery_box.dds in 0 ms
  Loaded resource c:/Program Files (x86)/Steam/steamapps/common/Amnesia The Bunker/entities/french_colonization/tech/telegraph_battery_box/telegraph_battery_box_nrm.dds in 0 ms
  Loaded resource c:/Program Files (x86)/Steam/steamapps/common/Amnesia The Bunker/entities/french_colonization/tech/telegraph_battery_box/telegraph_battery_box_spec.dds in 0 ms
  Loaded resource c:/Program Files (x86)/Steam/steamapps/common/Amnesia The Bunker/billboards/halo/lampglow_generic.dds in 0 ms
  Loaded resource c:/Program Files (x86)/Steam/steamapps/common/Amnesia The Bunker/lights/lensflare/flare_star_simple.dds in 0 ms
  Loaded resource c:/Program Files (x86)/Steam/steamapps/common/Amnesia The Bunker/entities/bunker/storage/lockbox/lockbox.DDS in 0 ms
  Loaded resource c:/Program Files (x86)/Steam/steamapps/common/Amnesia The Bunker/entities/bunker/storage/lockbox/lockbox_nrm.DDS in 0 ms
  Loaded resource c:/Program Files (x86)/Steam/steamapps/common/Amnesia The Bunker/entities/bunker/storage/lockbox/lockbox_spec.DDS in 0 ms
  Loaded resource c:/Program Files (x86)/Steam/steamapps/common/Amnesia The Bunker/entities/character/stalker/stalker_body/monster_body.dds in 0 ms
  Loaded resource c:/Program Files (x86)/Steam/steamapps/common/Amnesia The Bunker/entities/character/stalker/stalker_body/monster_body_nrm.dds in 0 ms
  Loaded resource c:/Program Files (x86)/Steam/steamapps/common/Amnesia The Bunker/entities/character/stalker/stalker_body/monster_body_spec.dds in 0 ms
  Loaded resource c:/Program Files (x86)/Steam/steamapps/common/Amnesia The Bunker/entities/character/stalker/stalker_body/monster_head.dds in 0 ms
  Loaded resource c:/Program Files (x86)/Steam/steamapps/common/Amnesia The Bunker/entities/character/stalker/stalker_body/monster_head_nrm.dds in 0 ms
  Loaded resource c:/Program Files (x86)/Steam/steamapps/common/Amnesia The Bunker/entities/character/stalker/stalker_body/monster_head_spec.dds in 0 ms
  Loaded resource c:/Program Files (x86)/Steam/steamapps/common/Amnesia The Bunker/entities/dream/park/park_bench/park_bench.dds in 0 ms
  Loaded resource c:/Program Files (x86)/Steam/steamapps/common/Amnesia The Bunker/entities/dream/park/park_bench/park_bench_nrm.dds in 0 ms
  Loaded resource c:/Program Files (x86)/Steam/steamapps/common/Amnesia The Bunker/entities/dream/park/park_bench/park_bench_spec.dds in 0 ms
  Loaded resource c:/Program Files (x86)/Steam/steamapps/common/Amnesia The Bunker/entities/french_colonization/barricades/french_gate/french_gate.dds in 0 ms
  Loaded resource c:/Program Files (x86)/Steam/steamapps/common/Amnesia The Bunker/entities/french_colonization/barricades/french_gate/french_gate_nrm.dds in 0 ms
  Loaded resource c:/Program Files (x86)/Steam/steamapps/common/Amnesia The Bunker/entities/french_colonization/barricades/french_gate/french_gate_spec.dds in 0 ms
  Loaded resource c:/Program Files (x86)/Steam/steamapps/common/Amnesia The Bunker/entities/french_colonization/barricades/french_gate/french_gate_alpha.dds in 0 ms
  Loaded resource c:/Program Files (x86)/Steam/steamapps/common/Amnesia The Bunker/entities/nonexclusive/debris/tattered_cloth_rag/tattered_cloth_rag_roots.dds in 0 ms
  Loaded resource c:/Program Files (x86)/Steam/steamapps/common/Amnesia The Bunker/entities/nonexclusive/debris/tattered_cloth_rag/tattered_cloth_rag_roots_nrm.dds in 0 ms
  Loaded resource c:/Program Files (x86)/Steam/steamapps/common/Amnesia The Bunker/entities/nonexclusive/debris/tattered_cloth_rag/tattered_cloth_rag_roots_spec.dds in 0 ms
  Loaded resource c:/Program Files (x86)/Steam/steamapps/common/Amnesia The Bunker/entities/nonexclusive/debris/tattered_cloth_rag/tattered_cloth_rag_roots_height.dds in 0 ms
  Loaded resource c:/Program Files (x86)/Steam/steamapps/common/Amnesia The Bunker/entities/nonexclusive/storage/box_laudanum/box_laudanum.dds in 0 ms
  Loaded resource c:/Program Files (x86)/Steam/steamapps/common/Amnesia The Bunker/entities/nonexclusive/storage/box_laudanum/box_laudanum_nrm.dds in 0 ms
  Loaded resource c:/Program Files (x86)/Steam/steamapps/common/Amnesia The Bunker/entities/nonexclusive/storage/box_laudanum/box_laudanum_spec.dds in 0 ms
  Loaded resource c:/Program Files (x86)/Steam/steamapps/common/Amnesia The Bunker/entities/paris_ending/trees/paris_tree_bark.dds in 0 ms
  Loaded resource c:/Program Files (x86)/Steam/steamapps/common/Amnesia The Bunker/entities/paris_ending/trees/paris_tree_bark_nrm.dds in 0 ms
  Loaded resource c:/Program Files (x86)/Steam/steamapps/common/Amnesia The Bunker/entities/paris_ending/trees/paris_tree_leaf.dds in 0 ms
  Loaded resource c:/Program Files (x86)/Steam/steamapps/common/Amnesia The Bunker/entities/paris_ending/trees/paris_tree_leaf_nrm.dds in 0 ms
  Loaded resource c:/Program Files (x86)/Steam/steamapps/common/Amnesia The Bunker/entities/paris_ending/trees/paris_tree_leaf_alpha.dds in 0 ms
  Loaded resource c:/Program Files (x86)/Steam/steamapps/common/Amnesia The Bunker/entities/paris_ending/trees/paris_tree_leaf_spec.dds in 0 ms
  Loaded resource c:/Program Files (x86)/Steam/steamapps/common/Amnesia The Bunker/mods/BunkersEdge/entities/station/debris/terminal_box/terminal_box.dds in 0 ms
  Loaded resource c:/Program Files (x86)/Steam/steamapps/common/Amnesia The Bunker/mods/BunkersEdge/entities/station/debris/terminal_box/terminal_box_nrm.dds in 0 ms
  Loaded resource c:/Program Files (x86)/Steam/steamapps/common/Amnesia The Bunker/mods/BunkersEdge/entities/station/debris/terminal_box/terminal_box_spec.dds in 1 ms
  Loaded resource c:/Program Files (x86)/Steam/steamapps/common/Amnesia The Bunker/mods/BunkersEdge/entities/station/doors/door_hatch_slide_ventilation/door_hatch_slide_ventilation_white.dds in 0 ms
  Loaded resource c:/Program Files (x86)/Steam/steamapps/common/Amnesia The Bunker/mods/BunkersEdge/entities/station/doors/door_hatch_slide_ventilation/door_hatch_slide_ventilation_nrm.dds in 0 ms
  Loaded resource c:/Program Files (x86)/Steam/steamapps/common/Amnesia The Bunker/mods/BunkersEdge/entities/station/doors/door_hatch_slide_ventilation/door_hatch_slide_ventilation_spec.dds in 0 ms
  Loaded resource c:/Program Files (x86)/Steam/steamapps/common/Amnesia The Bunker/mods/BunkersEdge/entities/station/doors/door_hatch_slide_ventilation/door_hatch_slide_ventilation.dds in 0 ms
  Loaded resource c:/Program Files (x86)/Steam/steamapps/common/Amnesia The Bunker/mods/BunkersEdge/entities/station/doors/swingdoor_fencing_round/swingdoor_fencing_round_locks.dds in 0 ms
  Loaded resource c:/Program Files (x86)/Steam/steamapps/common/Amnesia The Bunker/mods/BunkersEdge/entities/station/doors/swingdoor_fencing_round/swingdoor_fencing_round_locks_nrm.dds in 0 ms
  Loaded resource c:/Program Files (x86)/Steam/steamapps/common/Amnesia The Bunker/mods/BunkersEdge/entities/station/doors/swingdoor_fencing_round/swingdoor_fencing_round_locks_spec.dds in 0 ms
  Loaded resource c:/Program Files (x86)/Steam/steamapps/common/Amnesia The Bunker/mods/BunkersEdge/entities/station/furniture/chair_work_theta/chair_work_theta.dds in 0 ms
  Loaded resource c:/Program Files (x86)/Steam/steamapps/common/Amnesia The Bunker/mods/BunkersEdge/entities/station/furniture/chair_work_theta/chair_work_theta_nrm.dds in 0 ms
  Loaded resource c:/Program Files (x86)/Steam/steamapps/common/Amnesia The Bunker/mods/BunkersEdge/entities/station/furniture/chair_work_theta/chair_work_theta_spec.dds in 0 ms
  Loaded resource c:/Program Files (x86)/Steam/steamapps/common/Amnesia The Bunker/mods/BunkersEdge/entities/station/furniture/sofa_worn_community_room/sofa_worn_community_room.dds in 0 ms
  Loaded resource c:/Program Files (x86)/Steam/steamapps/common/Amnesia The Bunker/mods/BunkersEdge/entities/station/furniture/sofa_worn_community_room/sofa_worn_community_room_nrm.dds in 0 ms
  Loaded resource c:/Program Files (x86)/Steam/steamapps/common/Amnesia The Bunker/mods/BunkersEdge/entities/station/furniture/sofa_worn_community_room/sofa_worn_community_room_spec.dds in 0 ms
  Loaded resource c:/Program Files (x86)/Steam/steamapps/common/Amnesia The Bunker/mods/BunkersEdge/entities/station/furniture/sofa_worn_community_room/sofa_worn_community_room_height.dds in 0 ms
  Loaded resource c:/Program Files (x86)/Steam/steamapps/common/Amnesia The Bunker/mods/BunkersEdge/entities/station/furniture/table_lab/table_lab_white.dds in 0 ms
  Loaded resource c:/Program Files (x86)/Steam/steamapps/common/Amnesia The Bunker/mods/BunkersEdge/entities/station/furniture/table_lab/table_lab_nrm.dds in 0 ms
  Loaded resource c:/Program Files (x86)/Steam/steamapps/common/Amnesia The Bunker/mods/BunkersEdge/entities/station/furniture/table_lab/table_lab_spec.dds in 0 ms
  Loaded resource c:/Program Files (x86)/Steam/steamapps/common/Amnesia The Bunker/mods/BunkersEdge/entities/station/lamp/ceiling_shutter_large/ceiling_shutter_large_white.dds in 0 ms
  Loaded resource c:/Program Files (x86)/Steam/steamapps/common/Amnesia The Bunker/mods/BunkersEdge/entities/station/lamp/ceiling_shutter_large/ceiling_shutter_large_nrm.dds in 0 ms
  Loaded resource c:/Program Files (x86)/Steam/steamapps/common/Amnesia The Bunker/mods/BunkersEdge/entities/station/lamp/ceiling_shutter_large/ceiling_shutter_large_spec.dds in 0 ms
  Loaded resource c:/Program Files (x86)/Steam/steamapps/common/Amnesia The Bunker/mods/BunkersEdge/entities/station/lamp/ceiling_shutter_large/ceiling_shutter_large_illum.dds in 0 ms
  Loaded resource c:/Program Files (x86)/Steam/steamapps/common/Amnesia The Bunker/mods/BunkersEdge/entities/station/lamp/fluorescent_tube_slidedoor_medium/fluorescent_tube_slidedoor_medium.dds in 0 ms
  Loaded resource c:/Program Files (x86)/Steam/steamapps/common/Amnesia The Bunker/mods/BunkersEdge/entities/station/lamp/fluorescent_tube_slidedoor_medium/fluorescent_tube_slidedoor_medium_nrm.dds in 0 ms
  Loaded resource c:/Program Files (x86)/Steam/steamapps/common/Amnesia The Bunker/mods/BunkersEdge/entities/station/lamp/fluorescent_tube_slidedoor_medium/fluorescent_tube_slidedoor_medium_illum.dds in 0 ms
  Loaded resource c:/Program Files (x86)/Steam/steamapps/common/Amnesia The Bunker/mods/BunkersEdge/entities/station/machines/generator_habitat/generator_habitat.dds in 0 ms
  Loaded resource c:/Program Files (x86)/Steam/steamapps/common/Amnesia The Bunker/mods/BunkersEdge/entities/station/machines/generator_habitat/generator_habitat_nrm.dds in 0 ms
  Loaded resource c:/Program Files (x86)/Steam/steamapps/common/Amnesia The Bunker/mods/BunkersEdge/entities/station/machines/generator_habitat/generator_habitat_spec.dds in 0 ms
  Loaded resource c:/Program Files (x86)/Steam/steamapps/common/Amnesia The Bunker/mods/BunkersEdge/entities/station/machines/generator_habitat/generator_habitat_illum.dds in 0 ms
  Loaded resource c:/Program Files (x86)/Steam/steamapps/common/Amnesia The Bunker/mods/BunkersEdge/static_objects/station/floor/catwalk_white.dds in 0 ms
  Loaded resource c:/Program Files (x86)/Steam/steamapps/common/Amnesia The Bunker/mods/BunkersEdge/static_objects/station/floor/catwalk_white_nrm.dds in 0 ms
  Loaded resource c:/Program Files (x86)/Steam/steamapps/common/Amnesia The Bunker/mods/BunkersEdge/static_objects/station/floor/catwalk_white_spec.dds in 0 ms
  Loaded resource c:/Program Files (x86)/Steam/steamapps/common/Amnesia The Bunker/mods/BunkersEdge/entities/station/ornaments/wet_floor_sign/wet_floor_sign.dds in 0 ms
  Loaded resource c:/Program Files (x86)/Steam/steamapps/common/Amnesia The Bunker/mods/BunkersEdge/entities/station/ornaments/wet_floor_sign/wet_floor_sign_nrm.dds in 0 ms
  Loaded resource c:/Program Files (x86)/Steam/steamapps/common/Amnesia The Bunker/mods/BunkersEdge/entities/station/ornaments/wet_floor_sign/wet_floor_sign_spec.dds in 0 ms
  Loaded resource c:/Program Files (x86)/Steam/steamapps/common/Amnesia The Bunker/mods/BunkersEdge/entities/station/ornaments_wall/poster_random/poster_random_1.dds in 0 ms
  Loaded resource c:/Program Files (x86)/Steam/steamapps/common/Amnesia The Bunker/mods/BunkersEdge/entities/station/ornaments_wall/sign_emergency_exit/sign_emergency_exit.dds in 0 ms
  Loaded resource c:/Program Files (x86)/Steam/steamapps/common/Amnesia The Bunker/mods/BunkersEdge/entities/station/ornaments_wall/sign_emergency_exit/sign_emergency_exit_nrm.dds in 0 ms
  Loaded resource c:/Program Files (x86)/Steam/steamapps/common/Amnesia The Bunker/mods/BunkersEdge/entities/station/ornaments_wall/sign_emergency_exit/sign_emergency_exit_spec.dds in 0 ms
  Loaded resource c:/Program Files (x86)/Steam/steamapps/common/Amnesia The Bunker/mods/BunkersEdge/entities/station/ornaments_wall/sign_emergency_exit/sign_emergency_exit_illum.dds in 0 ms
  Loaded resource c:/Program Files (x86)/Steam/steamapps/common/Amnesia The Bunker/mods/BunkersEdge/entities/station/ornaments_wall/sign_office/poster_office_motivational/poster_office_motivational.dds in 0 ms
  Loaded resource c:/Program Files (x86)/Steam/steamapps/common/Amnesia The Bunker/mods/BunkersEdge/entities/station/ornaments_wall/sign_office/poster_office_motivational/poster_office_motivational_nrm.dds in 0 ms
  Loaded resource c:/Program Files (x86)/Steam/steamapps/common/Amnesia The Bunker/mods/BunkersEdge/entities/station/ornaments_wall/sign_office/poster_office_motivational/poster_office_motivational_spec.dds in 0 ms
  Loaded resource c:/Program Files (x86)/Steam/steamapps/common/Amnesia The Bunker/mods/BunkersEdge/entities/station/ornaments_wall/sign_office/poster_promo_haimatsu/poster_promo_haimatsu.dds in 0 ms
  Loaded resource c:/Program Files (x86)/Steam/steamapps/common/Amnesia The Bunker/mods/BunkersEdge/entities/station/ornaments_wall/sign_office/poster_promo_haimatsu/poster_promo_haimatsu_nrm.dds in 0 ms
  Loaded resource c:/Program Files (x86)/Steam/steamapps/common/Amnesia The Bunker/mods/BunkersEdge/entities/station/ornaments_wall/sign_office/poster_promo_haimatsu/poster_promo_haimatsu_spec.dds in 0 ms
  Loaded resource c:/Program Files (x86)/Steam/steamapps/common/Amnesia The Bunker/mods/BunkersEdge/entities/station/ornaments_wall/sign_warning/sign_warning_nostorage/sign_warning_nostorage.dds in 0 ms
  Loaded resource c:/Program Files (x86)/Steam/steamapps/common/Amnesia The Bunker/mods/BunkersEdge/entities/station/ornaments_wall/sign_warning/sign_warning_nostorage/sign_warning_nostorage_nrm.dds in 0 ms
  Loaded resource c:/Program Files (x86)/Steam/steamapps/common/Amnesia The Bunker/mods/BunkersEdge/entities/station/ornaments_wall/sign_warning/sign_warning_nostorage/sign_warning_nostorage_spec.dds in 0 ms
  Loaded resource c:/Program Files (x86)/Steam/steamapps/common/Amnesia The Bunker/mods/BunkersEdge/entities/station/special/04_02_workshop_roof_ventilation/04_02_workshop_roof_ventilation.dds in 0 ms
  Loaded resource c:/Program Files (x86)/Steam/steamapps/common/Amnesia The Bunker/mods/BunkersEdge/entities/station/special/04_02_workshop_roof_ventilation/04_02_workshop_roof_ventilation_nrm.dds in 0 ms
  Loaded resource c:/Program Files (x86)/Steam/steamapps/common/Amnesia The Bunker/mods/BunkersEdge/entities/station/special/04_02_workshop_roof_ventilation/04_02_workshop_roof_ventilation_spec.dds in 0 ms
  Loaded resource c:/Program Files (x86)/Steam/steamapps/common/Amnesia The Bunker/mods/BunkersEdge/entities/station/storage/box_clothing/box_clothing.dds in 0 ms
  Loaded resource c:/Program Files (x86)/Steam/steamapps/common/Amnesia The Bunker/mods/BunkersEdge/entities/station/storage/box_clothing/box_clothing_nrm.dds in 0 ms
  Loaded resource c:/Program Files (x86)/Steam/steamapps/common/Amnesia The Bunker/mods/BunkersEdge/entities/station/storage/box_clothing/box_clothing_spec.dds in 0 ms
  Loaded resource c:/Program Files (x86)/Steam/steamapps/common/Amnesia The Bunker/mods/BunkersEdge/entities/station/storage/box_simulation_assets/box_simulation_assets.dds in 0 ms
  Loaded resource c:/Program Files (x86)/Steam/steamapps/common/Amnesia The Bunker/mods/BunkersEdge/entities/station/storage/box_simulation_assets/box_simulation_assets_nrm.dds in 0 ms
  Loaded resource c:/Program Files (x86)/Steam/steamapps/common/Amnesia The Bunker/mods/BunkersEdge/entities/station/storage/box_simulation_assets/box_simulation_assets_spec.dds in 0 ms
  Loaded resource c:/Program Files (x86)/Steam/steamapps/common/Amnesia The Bunker/mods/BunkersEdge/entities/station/storage/algea_crate/algea_crate.dds in 0 ms
  Loaded resource c:/Program Files (x86)/Steam/steamapps/common/Amnesia The Bunker/mods/BunkersEdge/entities/station/storage/algea_crate/algea_crate_nrm.dds in 0 ms
  Loaded resource c:/Program Files (x86)/Steam/steamapps/common/Amnesia The Bunker/mods/BunkersEdge/entities/station/storage/algea_crate/algea_crate_spec.dds in 0 ms
  Loaded resource c:/Program Files (x86)/Steam/steamapps/common/Amnesia The Bunker/mods/BunkersEdge/entities/station/storage/box_spare_fuses/box_spare_fuses_label.dds in 0 ms
  Loaded resource c:/Program Files (x86)/Steam/steamapps/common/Amnesia The Bunker/mods/BunkersEdge/entities/station/storage/box_spare_fuses/box_spare_fuses_label_spec.dds in 0 ms
  Loaded resource c:/Program Files (x86)/Steam/steamapps/common/Amnesia The Bunker/mods/BunkersEdge/entities/station/tech/computer_ark_room_02/computer_ark_room_02.dds in 0 ms
  Loaded resource c:/Program Files (x86)/Steam/steamapps/common/Amnesia The Bunker/mods/BunkersEdge/entities/station/tech/computer_ark_room_02/computer_ark_room_02_nrm.dds in 0 ms
  Loaded resource c:/Program Files (x86)/Steam/steamapps/common/Amnesia The Bunker/mods/BunkersEdge/entities/station/tech/computer_ark_room_02/computer_ark_room_02_spec.dds in 0 ms
  Loaded resource c:/Program Files (x86)/Steam/steamapps/common/Amnesia The Bunker/mods/BunkersEdge/entities/station/tech/computer_ark_room_02/computer_ark_room_02_illum.dds in 0 ms
  Loaded resource c:/Program Files (x86)/Steam/steamapps/common/Amnesia The Bunker/mods/BunkersEdge/entities/station/tech/computer_lab_table/computer_lab_table_screen_illum.dds in 0 ms
  Loaded resource c:/Program Files (x86)/Steam/steamapps/common/Amnesia The Bunker/mods/BunkersEdge/entities/station/tech/lab_unit_large/lab_unit_large.dds in 0 ms
  Loaded resource c:/Program Files (x86)/Steam/steamapps/common/Amnesia The Bunker/mods/BunkersEdge/entities/station/tech/lab_unit_large/lab_unit_large_nrm.dds in 0 ms
  Loaded resource c:/Program Files (x86)/Steam/steamapps/common/Amnesia The Bunker/mods/BunkersEdge/entities/station/tech/lab_unit_large/lab_unit_large_spec.dds in 0 ms
  Loaded resource c:/Program Files (x86)/Steam/steamapps/common/Amnesia The Bunker/mods/BunkersEdge/entities/station/tech/computer_laptop_modded/computer_laptop_modded.dds in 0 ms
  Loaded resource c:/Program Files (x86)/Steam/steamapps/common/Amnesia The Bunker/mods/BunkersEdge/entities/station/tech/computer_laptop_modded/computer_laptop_modded_nrm.dds in 0 ms
  Loaded resource c:/Program Files (x86)/Steam/steamapps/common/Amnesia The Bunker/mods/BunkersEdge/entities/station/tech/computer_laptop_modded/computer_laptop_modded_spec.dds in 0 ms
  Loaded resource c:/Program Files (x86)/Steam/steamapps/common/Amnesia The Bunker/mods/BunkersEdge/entities/station/tech/computer_laptop_modded/computer_laptop_modded_illum.dds in 0 ms
  Loaded resource c:/Program Files (x86)/Steam/steamapps/common/Amnesia The Bunker/mods/BunkersEdge/entities/station/tech/computer_panels/computer_panels.dds in 1 ms
  Loaded resource c:/Program Files (x86)/Steam/steamapps/common/Amnesia The Bunker/mods/BunkersEdge/entities/station/tech/computer_panels/computer_panels_nrm.dds in 0 ms
  Loaded resource c:/Program Files (x86)/Steam/steamapps/common/Amnesia The Bunker/mods/BunkersEdge/entities/station/tech/computer_panels/computer_panels_spec.dds in 0 ms
  Loaded resource c:/Program Files (x86)/Steam/steamapps/common/Amnesia The Bunker/mods/BunkersEdge/entities/station/tech/computer_panels/computer_panels_env_alpha.dds in 0 ms
  Loaded resource c:/Program Files (x86)/Steam/steamapps/common/Amnesia The Bunker/mods/BunkersEdge/entities/station/tech/computer_panels/computer_panels_small_GUI.dds in 0 ms
  Loaded resource c:/Program Files (x86)/Steam/steamapps/common/Amnesia The Bunker/mods/BunkersEdge/entities/station/tech/computer_panels/computer_panels_GUI_env_alpha.dds in 0 ms
  Loaded resource c:/Program Files (x86)/Steam/steamapps/common/Amnesia The Bunker/mods/BunkersEdge/entities/station/tech/computer_panels/computer_panels_white.dds in 0 ms
  Loaded resource c:/Program Files (x86)/Steam/steamapps/common/Amnesia The Bunker/mods/BunkersEdge/entities/station/tech/computer_parts_xx/computer_parts2_xx.dds in 0 ms
  Loaded resource c:/Program Files (x86)/Steam/steamapps/common/Amnesia The Bunker/mods/BunkersEdge/entities/station/tech/computer_parts_xx/computer_parts2_xx_nrm.dds in 0 ms
  Loaded resource c:/Program Files (x86)/Steam/steamapps/common/Amnesia The Bunker/mods/BunkersEdge/entities/station/tech/computer_parts_xx/computer_parts2_xx_spec.dds in 0 ms
  Loaded resource c:/Program Files (x86)/Steam/steamapps/common/Amnesia The Bunker/mods/BunkersEdge/entities/station/tech/fusebox_theta/fusebox_theta.dds in 0 ms
  Loaded resource c:/Program Files (x86)/Steam/steamapps/common/Amnesia The Bunker/mods/BunkersEdge/entities/station/tech/fusebox_theta/fusebox_theta_nrm.dds in 0 ms
  Loaded resource c:/Program Files (x86)/Steam/steamapps/common/Amnesia The Bunker/mods/BunkersEdge/entities/station/tech/fusebox_theta/fusebox_theta_spec.dds in 0 ms
  Loaded resource c:/Program Files (x86)/Steam/steamapps/common/Amnesia The Bunker/mods/BunkersEdge/entities/station/tech/fusebox_theta/fusebox_theta_illum.dds in 0 ms
  Loaded resource c:/Program Files (x86)/Steam/steamapps/common/Amnesia The Bunker/mods/BunkersEdge/entities/station/tech/junk_programmers_box/junk_programmers_box.dds in 0 ms
  Loaded resource c:/Program Files (x86)/Steam/steamapps/common/Amnesia The Bunker/mods/BunkersEdge/entities/station/tech/junk_programmers_box/junk_programmers_box_nrm.dds in 0 ms
  Loaded resource c:/Program Files (x86)/Steam/steamapps/common/Amnesia The Bunker/mods/BunkersEdge/entities/station/tech/junk_programmers_box/junk_programmers_box_spec.dds in 0 ms
  Loaded resource c:/Program Files (x86)/Steam/steamapps/common/Amnesia The Bunker/mods/BunkersEdge/entities/station/tech/mouse_trackball_theta/mouse_trackball_theta.dds in 0 ms
  Loaded resource c:/Program Files (x86)/Steam/steamapps/common/Amnesia The Bunker/mods/BunkersEdge/entities/station/tech/mouse_trackball_theta/mouse_trackball_theta_nrm.dds in 0 ms
  Loaded resource c:/Program Files (x86)/Steam/steamapps/common/Amnesia The Bunker/mods/BunkersEdge/entities/station/tech/mouse_trackball_theta/mouse_trackball_theta_spec.dds in 0 ms
  Loaded resource c:/Program Files (x86)/Steam/steamapps/common/Amnesia The Bunker/mods/BunkersEdge/entities/station/tools/bucket/bucket.dds in 0 ms
  Loaded resource c:/Program Files (x86)/Steam/steamapps/common/Amnesia The Bunker/mods/BunkersEdge/entities/station/tools/bucket/bucket_nrm.dds in 0 ms
  Loaded resource c:/Program Files (x86)/Steam/steamapps/common/Amnesia The Bunker/mods/BunkersEdge/entities/station/tools/bucket/bucket_spec.dds in 0 ms
  Loaded resource c:/Program Files (x86)/Steam/steamapps/common/Amnesia The Bunker/mods/BunkersEdge/entities/station/utility/ventilation_airfreshener/ventilation_airfreshener.dds in 0 ms
  Loaded resource c:/Program Files (x86)/Steam/steamapps/common/Amnesia The Bunker/mods/BunkersEdge/entities/station/utility/ventilation_airfreshener/ventilation_airfreshener_nrm.dds in 0 ms
  Loaded resource c:/Program Files (x86)/Steam/steamapps/common/Amnesia The Bunker/mods/BunkersEdge/entities/station/utility/ventilation_airfreshener/ventilation_airfreshener_spec.dds in 0 ms
  Loaded resource c:/Program Files (x86)/Steam/steamapps/common/Amnesia The Bunker/mods/BunkersEdge/entities/station/utility/ventilation_airfreshener/ventilation_airfreshener_illum.dds in 0 ms
  Loaded resource c:/Program Files (x86)/Steam/steamapps/common/Amnesia The Bunker/mods/BunkersEdge/entities/station/utility/ventilation_theta/ventilation_theta.dds in 0 ms
  Loaded resource c:/Program Files (x86)/Steam/steamapps/common/Amnesia The Bunker/mods/BunkersEdge/entities/station/utility/ventilation_theta/ventilation_theta_nrm.dds in 0 ms
  Loaded resource c:/Program Files (x86)/Steam/steamapps/common/Amnesia The Bunker/mods/BunkersEdge/entities/station/utility/ventilation_theta/ventilation_theta_spec.dds in 0 ms
  Loaded resource c:/Program Files (x86)/Steam/steamapps/common/Amnesia The Bunker/entities/technical/block_box/block_box.dds in 0 ms
  Loaded resource c:/Program Files (x86)/Steam/steamapps/common/Amnesia The Bunker/mods/BunkersEdge/entities/urban/lamp/flourescent_ceiling_large/flourescent_ceiling_large.DDS in 0 ms
  Loaded resource c:/Program Files (x86)/Steam/steamapps/common/Amnesia The Bunker/mods/BunkersEdge/entities/urban/lamp/flourescent_ceiling_large/flourescent_ceiling_large_nrm.dds in 0 ms
  Loaded resource c:/Program Files (x86)/Steam/steamapps/common/Amnesia The Bunker/mods/BunkersEdge/entities/urban/lamp/flourescent_ceiling_large/flourescent_ceiling_large_spec.dds in 0 ms
  Loaded resource c:/Program Files (x86)/Steam/steamapps/common/Amnesia The Bunker/mods/BunkersEdge/entities/urban/lamp/flourescent_ceiling_large/flourescent_ceiling_large_illum.dds in 0 ms
  Loaded resource c:/Program Files (x86)/Steam/steamapps/common/Amnesia The Bunker/mods/BunkersEdge/entities/urban/lamp/waitingroom_boards_lamp/waitingroom_boards_lamp.dds in 1 ms
  Loaded resource c:/Program Files (x86)/Steam/steamapps/common/Amnesia The Bunker/mods/BunkersEdge/entities/urban/lamp/waitingroom_boards_lamp/waitingroom_boards_lamp_nrm.dds in 0 ms
  Loaded resource c:/Program Files (x86)/Steam/steamapps/common/Amnesia The Bunker/mods/BunkersEdge/entities/urban/lamp/waitingroom_boards_lamp/waitingroom_boards_lamp_spec.dds in 0 ms
  Loaded resource c:/Program Files (x86)/Steam/steamapps/common/Amnesia The Bunker/mods/BunkersEdge/entities/urban/lamp/waitingroom_boards_lamp/waitingroom_boards_lamp_height.dds in 0 ms
  Loaded resource c:/Program Files (x86)/Steam/steamapps/common/Amnesia The Bunker/mods/BunkersEdge/entities/urban/lamp/waitingroom_boards_lamp/waitingroom_boards_lamp_illum.dds in 0 ms
  Loaded resource c:/Program Files (x86)/Steam/steamapps/common/Amnesia The Bunker/mods/BunkersEdge/entities/station/doors/swingdoor_metal_flesher/swingdoor_metal_flesher.dds in 0 ms
  Loaded resource c:/Program Files (x86)/Steam/steamapps/common/Amnesia The Bunker/mods/BunkersEdge/entities/station/doors/swingdoor_metal_flesher/swingdoor_metal_flesher_nrm.dds in 0 ms
  Loaded resource c:/Program Files (x86)/Steam/steamapps/common/Amnesia The Bunker/mods/BunkersEdge/entities/station/doors/swingdoor_metal_flesher/swingdoor_metal_flesher_spec.dds in 0 ms
  Loaded resource c:/Program Files (x86)/Steam/steamapps/common/Amnesia The Bunker/mods/BunkersEdge/entities/station/furniture/table_lab/table_lab.dds in 0 ms
  Loaded resource c:/Program Files (x86)/Steam/steamapps/common/Amnesia The Bunker/mods/BunkersEdge/static_objects/station/pplant_glass.dds in 0 ms
  Loaded resource c:/Program Files (x86)/Steam/steamapps/common/Amnesia The Bunker/mods/BunkersEdge/entities/station/special/01_01_window_breakable/01_01_window_breakable_glass.dds in 0 ms
  Loaded resource c:/Program Files (x86)/Steam/steamapps/common/Amnesia The Bunker/mods/BunkersEdge/entities/station/special/01_01_window_breakable/01_01_window_breakable_glass_nrm.dds in 0 ms
  Loaded resource c:/Program Files (x86)/Steam/steamapps/common/Amnesia The Bunker/mods/BunkersEdge/static_objects/city/shard/shard.dds in 0 ms
  Loaded resource c:/Program Files (x86)/Steam/steamapps/common/Amnesia The Bunker/mods/BunkersEdge/static_objects/city/shard/shard_nrm.dds in 0 ms
  Loaded resource c:/Program Files (x86)/Steam/steamapps/common/Amnesia The Bunker/mods/BunkersEdge/static_objects/city/shard/shard_spec.dds in 0 ms
  Loaded resource c:/Program Files (x86)/Steam/steamapps/common/Amnesia The Bunker/mods/BunkersEdge/static_objects/city/buildings/S_BD_Industrial/S_BD_Industrial_03/M_BD_Rooftop_spec.dds in 0 ms
  Loaded resource c:/Program Files (x86)/Steam/steamapps/common/Amnesia The Bunker/mods/BunkersEdge/static_objects/city/buildings/S_BD_Industrial/S_BD_Industrial_03/M_BD_Rooftop.dds in 0 ms
  Loaded resource c:/Program Files (x86)/Steam/steamapps/common/Amnesia The Bunker/particles/clouds/materials/clouds_midday.dds in 0 ms
  Loaded resource c:/Program Files (x86)/Steam/steamapps/common/Amnesia The Bunker/mods/BunkersEdge/particles/dark_world/materials/rift_levitating_rocks.dds in 0 ms
  Loaded resource c:/Program Files (x86)/Steam/steamapps/common/Amnesia The Bunker/mods/BunkersEdge/particles/dark_world/materials/rift_levitating_rocks_nrm.dds in 0 ms
  Loaded resource c:/Program Files (x86)/Steam/steamapps/common/Amnesia The Bunker/particles/dust/materials/dust_cloud.dds in 0 ms
  Loaded resource c:/Program Files (x86)/Steam/steamapps/common/Amnesia The Bunker/particles/dust/materials/dust_light_tiny.dds in 0 ms
  Loaded resource c:/Program Files (x86)/Steam/steamapps/common/Amnesia The Bunker/particles/fire/materials/fire_coal_tiny.dds in 0 ms
  Loaded resource c:/Program Files (x86)/Steam/steamapps/common/Amnesia The Bunker/particles/fire/materials/heat_refraction.dds in 0 ms
  Loaded resource c:/Program Files (x86)/Steam/steamapps/common/Amnesia The Bunker/particles/fire/materials/heat_refraction_nrm.dds in 0 ms
  Loaded resource c:/Program Files (x86)/Steam/steamapps/common/Amnesia The Bunker/entities/dream/park/park_flowers/park_flowers.dds in 0 ms
  Loaded resource c:/Program Files (x86)/Steam/steamapps/common/Amnesia The Bunker/entities/dream/park/park_flowers/park_flowers_nrm.dds in 0 ms
  Loaded resource c:/Program Files (x86)/Steam/steamapps/common/Amnesia The Bunker/entities/dream/park/park_grass/park_grass_planes_height.dds in 0 ms
  Loaded resource c:/Program Files (x86)/Steam/steamapps/common/Amnesia The Bunker/mods/BunkersEdge/static_objects/station/roof/lab_ceiling_pipes_orange.dds in 0 ms
  Loaded resource c:/Program Files (x86)/Steam/steamapps/common/Amnesia The Bunker/lights/lensflare/multi_iris_simple.dds in 0 ms
  Loaded resource c:/Program Files (x86)/Steam/steamapps/common/Amnesia The Bunker/billboards/halo/lampglow_generic_square.mat in 0 ms
  Loaded resource c:/Program Files (x86)/Steam/steamapps/common/Amnesia The Bunker/billboards/special/darkworld_portal_refraction/darkworld_portal_refraction.mat in 0 ms
  Loaded resource c:/Program Files (x86)/Steam/steamapps/common/Amnesia The Bunker/billboards/halo/blur_test.mat in 0 ms
  Loaded resource c:/Program Files (x86)/Steam/steamapps/common/Amnesia The Bunker/mods/BunkersEdge/static_objects/city/buildings/B_C_01/M_C_01_Facade.mat in 0 ms
  Loaded resource c:/Program Files (x86)/Steam/steamapps/common/Amnesia The Bunker/mods/BunkersEdge/static_objects/city/buildings/B_C_01/M_C_01_Rooftop.mat in 0 ms
  Loaded resource c:/Program Files (x86)/Steam/steamapps/common/Amnesia The Bunker/mods/BunkersEdge/static_objects/city/buildings/B_C_01/M_C_01_Storefront.mat in 0 ms
  Loaded resource c:/Program Files (x86)/Steam/steamapps/common/Amnesia The Bunker/mods/BunkersEdge/static_objects/city/generic/T_Doors_D.mat in 0 ms
  Loaded resource c:/Program Files (x86)/Steam/steamapps/common/Amnesia The Bunker/mods/BunkersEdge/static_objects/city/buildings/B_C_02/M_C_02_Back.mat in 0 ms
  Loaded resource c:/Program Files (x86)/Steam/steamapps/common/Amnesia The Bunker/mods/BunkersEdge/static_objects/city/buildings/B_C_02/M_C_02_Facade_02.mat in 0 ms
  Loaded resource c:/Program Files (x86)/Steam/steamapps/common/Amnesia The Bunker/mods/BunkersEdge/static_objects/city/buildings/B_C_02/M_C_02_storefront.mat in 0 ms
  Loaded resource c:/Program Files (x86)/Steam/steamapps/common/Amnesia The Bunker/mods/BunkersEdge/static_objects/city/rooftop/roof.mat in 0 ms
  Loaded resource c:/Program Files (x86)/Steam/steamapps/common/Amnesia The Bunker/mods/BunkersEdge/static_objects/city/buildings/B_C_03/M_C_03_Facade.mat in 0 ms
  Loaded resource c:/Program Files (x86)/Steam/steamapps/common/Amnesia The Bunker/mods/BunkersEdge/static_objects/city/buildings/B_C_03/M_C_03_Storefront.mat in 0 ms
  Loaded resource c:/Program Files (x86)/Steam/steamapps/common/Amnesia The Bunker/mods/BunkersEdge/static_objects/city/buildings/B_C_05/M_C_05_Facade.mat in 1 ms
  Loaded resource c:/Program Files (x86)/Steam/steamapps/common/Amnesia The Bunker/mods/BunkersEdge/static_objects/city/buildings/B_C_05/M_C_05_Storefront.mat in 0 ms
  Loaded resource c:/Program Files (x86)/Steam/steamapps/common/Amnesia The Bunker/mods/BunkersEdge/static_objects/city/buildings/B_C_05/M_C_05_back.mat in 0 ms
  Loaded resource c:/Program Files (x86)/Steam/steamapps/common/Amnesia The Bunker/mods/BunkersEdge/static_objects/city/buildings/B_R_05/M_Doors_Generic_01.mat in 0 ms
  Loaded resource c:/Program Files (x86)/Steam/steamapps/common/Amnesia The Bunker/mods/BunkersEdge/static_objects/city/buildings/B_C_06/M_C_06_01.mat in 0 ms
  Loaded resource c:/Program Files (x86)/Steam/steamapps/common/Amnesia The Bunker/mods/BunkersEdge/static_objects/city/buildings/B_C_06/M_C_06_02.mat in 0 ms
  Loaded resource c:/Program Files (x86)/Steam/steamapps/common/Amnesia The Bunker/mods/BunkersEdge/static_objects/city/buildings/B_C_06/M_C_06_03.mat in 0 ms
  Loaded resource c:/Program Files (x86)/Steam/steamapps/common/Amnesia The Bunker/mods/BunkersEdge/static_objects/city/buildings/B_C_06/M_C_06_03_orange.mat in 0 ms
  Loaded resource c:/Program Files (x86)/Steam/steamapps/common/Amnesia The Bunker/mods/BunkersEdge/static_objects/city/buildings/B_C_06/M_C_06_04.mat in 0 ms
  Loaded resource c:/Program Files (x86)/Steam/steamapps/common/Amnesia The Bunker/mods/BunkersEdge/static_objects/city/buildings/B_R_03/M_R_03_03_Facade_01.mat in 0 ms
  Loaded resource c:/Program Files (x86)/Steam/steamapps/common/Amnesia The Bunker/mods/BunkersEdge/static_objects/city/buildings/B_R_03/M_R_03_03_Facade_02.mat in 0 ms
  Loaded resource c:/Program Files (x86)/Steam/steamapps/common/Amnesia The Bunker/mods/BunkersEdge/static_objects/city/buildings/B_R_03/M_R_03_03_Storefront01.mat in 0 ms
  Loaded resource c:/Program Files (x86)/Steam/steamapps/common/Amnesia The Bunker/mods/BunkersEdge/static_objects/city/buildings/B_R_06/M_R_06_Facade.mat in 0 ms
  Loaded resource c:/Program Files (x86)/Steam/steamapps/common/Amnesia The Bunker/mods/BunkersEdge/static_objects/city/buildings/B_R_06/M_R_06_Storefront_01.mat in 0 ms
  Loaded resource c:/Program Files (x86)/Steam/steamapps/common/Amnesia The Bunker/mods/BunkersEdge/static_objects/city/buildings/B_R_06/M_R_06_Storefront_01_A.mat in 0 ms
  Loaded resource c:/Program Files (x86)/Steam/steamapps/common/Amnesia The Bunker/mods/BunkersEdge/static_objects/city/buildings/B_R_06/M_R_06_Storefront_02.mat in 0 ms
  Loaded resource c:/Program Files (x86)/Steam/steamapps/common/Amnesia The Bunker/mods/BunkersEdge/static_objects/city/generic/S_Door_Residential_01/M_Doors_Generic_01.mat in 0 ms
  Loaded resource c:/Program Files (x86)/Steam/steamapps/common/Amnesia The Bunker/mods/BunkersEdge/static_objects/city/generic/S_Door_Residential_01/M_keypad_Lock_01.mat in 0 ms
  Loaded resource c:/Program Files (x86)/Steam/steamapps/common/Amnesia The Bunker/mods/BunkersEdge/static_objects/city/generic/S_StairSystem_02a/M_StairSystem_02.mat in 0 ms
  Loaded resource c:/Program Files (x86)/Steam/steamapps/common/Amnesia The Bunker/mods/BunkersEdge/static_objects/city/generic/S_WindowPlug_01/M_WindowPlug_01.mat in 0 ms
  Loaded resource c:/Program Files (x86)/Steam/steamapps/common/Amnesia The Bunker/mods/BunkersEdge/static_objects/city/prop/Awning_01/T_Awning_01.mat in 0 ms
  Loaded resource c:/Program Files (x86)/Steam/steamapps/common/Amnesia The Bunker/mods/BunkersEdge/static_objects/city/prop/S_ACRooftop_06/M_ACRooftop_06.mat in 0 ms
  Loaded resource c:/Program Files (x86)/Steam/steamapps/common/Amnesia The Bunker/mods/BunkersEdge/static_objects/city/prop/S_Billboard_01/MI_Ad_01_Billboard_01.mat in 1 ms
  Loaded resource c:/Program Files (x86)/Steam/steamapps/common/Amnesia The Bunker/mods/BunkersEdge/static_objects/city/prop/S_Billboard_01/M_Billboard_01.mat in 0 ms
  Loaded resource c:/Program Files (x86)/Steam/steamapps/common/Amnesia The Bunker/mods/BunkersEdge/static_objects/city/rooftop/S_BoxRooftop_01/M_BoxRooftop_01.mat in 0 ms
  Loaded resource c:/Program Files (x86)/Steam/steamapps/common/Amnesia The Bunker/mods/BunkersEdge/static_objects/city/rooftop/S_CatwalkSystem/S_CatwalkSystem_01/M_CatwalkSystem_01_ColourA.mat in 0 ms
  Loaded resource c:/Program Files (x86)/Steam/steamapps/common/Amnesia The Bunker/mods/BunkersEdge/static_objects/city/rooftop/S_Cistern_01/M_Cistern_01.mat in 0 ms
  Loaded resource c:/Program Files (x86)/Steam/steamapps/common/Amnesia The Bunker/mods/BunkersEdge/static_objects/city/rooftop/S_Cistern_01/M_Cistern_01_Chrome.mat in 0 ms
  Loaded resource c:/Program Files (x86)/Steam/steamapps/common/Amnesia The Bunker/mods/BunkersEdge/static_objects/city/rooftop/S_HatchRooftop_01/M_HatchRooftop_01.mat in 0 ms
  Loaded resource c:/Program Files (x86)/Steam/steamapps/common/Amnesia The Bunker/mods/BunkersEdge/static_objects/city/rooftop/S_HatchRooftop_02/M_HatchRooftop_02.mat in 0 ms
  Loaded resource c:/Program Files (x86)/Steam/steamapps/common/Amnesia The Bunker/mods/BunkersEdge/static_objects/city/rooftop/S_RooftopBoxes_07/M_RooftopBoxes_07.mat in 0 ms
  Loaded resource c:/Program Files (x86)/Steam/steamapps/common/Amnesia The Bunker/mods/BunkersEdge/static_objects/city/rooftop/S_RooftopBoxes_10/M_RooftopBoxes_10.mat in 0 ms
  Loaded resource c:/Program Files (x86)/Steam/steamapps/common/Amnesia The Bunker/mods/BunkersEdge/static_objects/city/rooftop/S_RooftopBoxes_14/M_RooftopBoxes_14.mat in 0 ms
  Loaded resource c:/Program Files (x86)/Steam/steamapps/common/Amnesia The Bunker/mods/BunkersEdge/static_objects/city/rooftop/S_SolarPanel_01_001/M_SolarPanel_01_001.mat in 0 ms
  Loaded resource c:/Program Files (x86)/Steam/steamapps/common/Amnesia The Bunker/mods/BunkersEdge/static_objects/city/rooftop/prop_cluster/M_RooftopPropsCluster.mat in 0 ms
  Loaded resource c:/Program Files (x86)/Steam/steamapps/common/Amnesia The Bunker/mods/BunkersEdge/static_objects/city/rooftop_structures/M_RoofMetal_01.mat in 0 ms
  Loaded resource c:/Program Files (x86)/Steam/steamapps/common/Amnesia The Bunker/mods/BunkersEdge/static_objects/city/rooftop_structures/M_RooftopStructurePlug_01.mat in 0 ms
  Loaded resource c:/Program Files (x86)/Steam/steamapps/common/Amnesia The Bunker/mods/BunkersEdge/static_objects/city/rooftop_structures/M_RoofMetal_01_Orange.mat in 0 ms
  Loaded resource c:/Program Files (x86)/Steam/steamapps/common/Amnesia The Bunker/mods/BunkersEdge/static_objects/city/rooftop_structures/M_RooftopStructure_01.mat in 0 ms
  Loaded resource c:/Program Files (x86)/Steam/steamapps/common/Amnesia The Bunker/mods/BunkersEdge/static_objects/city/rooftop_structures/M_RooftopStructure_01_Vent.mat in 0 ms
  Loaded resource c:/Program Files (x86)/Steam/steamapps/common/Amnesia The Bunker/mods/BunkersEdge/static_objects/city/runner_objects/M_RunnerObjects_Wood_White.mat in 0 ms
  Loaded resource c:/Program Files (x86)/Steam/steamapps/common/Amnesia The Bunker/mods/BunkersEdge/static_objects/city/runner_objects/S_RooftopBoxes_01a/M_RooftopBoxes_01.mat in 1 ms
  Loaded resource c:/Program Files (x86)/Steam/steamapps/common/Amnesia The Bunker/mods/BunkersEdge/static_objects/city/runner_objects/S_RunnerSign_02_001/M_RunnerObjects_Metal_White_003.mat in 0 ms
  Loaded resource c:/Program Files (x86)/Steam/steamapps/common/Amnesia The Bunker/mods/BunkersEdge/static_objects/city/runner_objects/S_RunnerSign_02_001/M_RunnerObjects_Wood_White_001.mat in 0 ms
  Loaded resource c:/Program Files (x86)/Steam/steamapps/common/Amnesia The Bunker/mods/BunkersEdge/static_objects/city/runner_objects/S_Skylight_01/M_Skylight_01.mat in 0 ms
  Loaded resource c:/Program Files (x86)/Steam/steamapps/common/Amnesia The Bunker/mods/BunkersEdge/static_objects/city/runner_objects/S_Skylight_01/M_Skylight_01_Glass.mat in 0 ms
  Loaded resource c:/Program Files (x86)/Steam/steamapps/common/Amnesia The Bunker/mods/BunkersEdge/static_objects/city/runner_objects/S_ZipLineBase_01/M_ZipLineBase_01.mat in 0 ms
  Loaded resource c:/Program Files (x86)/Steam/steamapps/common/Amnesia The Bunker/mods/BunkersEdge/static_objects/city/runner_objects/S_ZipLineBase_01b/M_ZipLineBase_01_001.mat in 0 ms
  Loaded resource c:/Program Files (x86)/Steam/steamapps/common/Amnesia The Bunker/mods/BunkersEdge/static_objects/city/skyscrapers/S_BD_Skyscraper_02/M_BD_24_01.mat in 0 ms
  Loaded resource c:/Program Files (x86)/Steam/steamapps/common/Amnesia The Bunker/mods/BunkersEdge/static_objects/city/skyscrapers/S_BD_Skyscraper_02/M_BD_24_02.mat in 0 ms
  Loaded resource c:/Program Files (x86)/Steam/steamapps/common/Amnesia The Bunker/mods/BunkersEdge/static_objects/city/skyscrapers/S_BD_Skyscraper_02/M_BD_24_03.mat in 0 ms
  Loaded resource c:/Program Files (x86)/Steam/steamapps/common/Amnesia The Bunker/mods/BunkersEdge/static_objects/city/skyscrapers/S_BD_Skyscraper_02/M_BD_24_04.mat in 0 ms
  Loaded resource c:/Program Files (x86)/Steam/steamapps/common/Amnesia The Bunker/mods/BunkersEdge/static_objects/city/skyscrapers/S_BD_Skyscraper_14/M_BDS06_01_001.mat in 0 ms
  Loaded resource c:/Program Files (x86)/Steam/steamapps/common/Amnesia The Bunker/mods/BunkersEdge/static_objects/city/skyscrapers/S_BD_Skyscraper_14/M_BDS06_02_001.mat in 0 ms
  Loaded resource c:/Program Files (x86)/Steam/steamapps/common/Amnesia The Bunker/mods/BunkersEdge/static_objects/city/skyscrapers/S_BD_Skyscraper_14/M_BDS06_03_001.mat in 0 ms
  Loaded resource c:/Program Files (x86)/Steam/steamapps/common/Amnesia The Bunker/mods/BunkersEdge/static_objects/city/skyscrapers/S_BD_Skyscraper_14/M_BD_Rooftop.mat in 0 ms
  Loaded resource c:/Program Files (x86)/Steam/steamapps/common/Amnesia The Bunker/mods/BunkersEdge/static_objects/city/skyscrapers/S_BD_Skyscraper_14/M_BD_Skyscraper_14_01.mat in 0 ms
  Loaded resource c:/Program Files (x86)/Steam/steamapps/common/Amnesia The Bunker/mods/BunkersEdge/static_objects/station/floor/floor_theta02.mat in 0 ms
  Loaded resource c:/Program Files (x86)/Steam/steamapps/common/Amnesia The Bunker/mods/BunkersEdge/static_objects/station/floor/lab_carpet_patterned.mat in 1 ms
  Loaded resource c:/Program Files (x86)/Steam/steamapps/common/Amnesia The Bunker/mods/BunkersEdge/static_objects/station/floor/lab_linolium_plain_default_hard.mat in 0 ms
  Loaded resource c:/Program Files (x86)/Steam/steamapps/common/Amnesia The Bunker/mods/BunkersEdge/static_objects/urban/plain_glass_waitingroom.mat in 0 ms
  Loaded resource c:/Program Files (x86)/Steam/steamapps/common/Amnesia The Bunker/mods/BunkersEdge/static_objects/urban/roof/waitingroom_boards.mat in 0 ms
  Loaded resource c:/Program Files (x86)/Steam/steamapps/common/Amnesia The Bunker/mods/BunkersEdge/static_objects/urban/roof/waitingroom_boards_cubemap.mat in 0 ms
  Loaded resource c:/Program Files (x86)/Steam/steamapps/common/Amnesia The Bunker/mods/BunkersEdge/static_objects/urban/special/00_03_outside_waitroom/00_03_toronto_tower_atlas.mat in 0 ms
  Loaded resource c:/Program Files (x86)/Steam/steamapps/common/Amnesia The Bunker/mods/BunkersEdge/static_objects/urban/walls/waitingroom_white.mat in 0 ms
  Loaded resource c:/Program Files (x86)/Steam/steamapps/common/Amnesia The Bunker/mods/BunkersEdge/static_objects/station/cables/electrical_dark.mat in 0 ms
  Loaded resource c:/Program Files (x86)/Steam/steamapps/common/Amnesia The Bunker/mods/BunkersEdge/static_objects/station/details/fencing_pplant/fencing_chainlink_pplant.mat in 0 ms
  Loaded resource c:/Program Files (x86)/Steam/steamapps/common/Amnesia The Bunker/mods/BunkersEdge/entities/station/special/03_02_railings/railing_pplant.mat in 0 ms
  Loaded resource c:/Program Files (x86)/Steam/steamapps/common/Amnesia The Bunker/mods/BunkersEdge/static_objects/station/details/girder_lab_metal/girder_lab_metal.mat in 0 ms
  Loaded resource c:/Program Files (x86)/Steam/steamapps/common/Amnesia The Bunker/mods/BunkersEdge/static_objects/station/floor/lab_linoleum_details.mat in 0 ms
  Loaded resource c:/Program Files (x86)/Steam/steamapps/common/Amnesia The Bunker/mods/BunkersEdge/static_objects/station/lab_set.mat in 0 ms
  Loaded resource c:/Program Files (x86)/Steam/steamapps/common/Amnesia The Bunker/mods/BunkersEdge/static_objects/station/floor/catwalk.mat in 0 ms
  Loaded resource c:/Program Files (x86)/Steam/steamapps/common/Amnesia The Bunker/mods/BunkersEdge/static_objects/station/stairs/stairs_datasite.mat in 0 ms
  Loaded resource c:/Program Files (x86)/Steam/steamapps/common/Amnesia The Bunker/mods/BunkersEdge/static_objects/station/walls/vent_shaft.mat in 0 ms
  Loaded resource c:/Program Files (x86)/Steam/steamapps/common/Amnesia The Bunker/mods/BunkersEdge/static_objects/urban/ornaments/scanroom_schedule/scanroom_schedule.mat in 0 ms
ERROR: Couldn't load texture 'entities/robot/tech/battery_robot/battery_robot.dds'
ERROR: Couldn't load material 'mods/MinimalCustomMap/static_objects/urban/roof/waitingroom_board_bracket.mat'
  Loaded resource c:/Program Files (x86)/Steam/steamapps/common/Amnesia The Bunker/mods/BunkersEdge/static_objects/urban/roof/waitingroom_boards_damaged.mat in 0 ms
  Loaded resource c:/Program Files (x86)/Steam/steamapps/common/Amnesia The Bunker/mods/BunkersEdge/static_objects/urban/special/00_03_outside_waitroom/00_03_outside_canadian_flag.mat in 0 ms
  Loaded resource c:/Program Files (x86)/Steam/steamapps/common/Amnesia The Bunker/mods/BunkersEdge/static_objects/urban/special/00_03_outside_waitroom/00_03_outside_groundassets.mat in 0 ms
  Loaded resource c:/Program Files (x86)/Steam/steamapps/common/Amnesia The Bunker/mods/BunkersEdge/static_objects/urban/special/00_03_outside_waitroom/00_03_outside_waitroom_Building2.mat in 0 ms
  Loaded resource c:/Program Files (x86)/Steam/steamapps/common/Amnesia The Bunker/mods/BunkersEdge/static_objects/urban/special/00_03_outside_waitroom/00_03_roofdetails.mat in 1 ms
  Loaded resource c:/Program Files (x86)/Steam/steamapps/common/Amnesia The Bunker/mods/BunkersEdge/static_objects/urban/urban_apartment.mat in 0 ms
  Loaded resource c:/Program Files (x86)/Steam/steamapps/common/Amnesia The Bunker/mods/BunkersEdge/static_objects/urban/urban_waitingroom.mat in 0 ms
  Loaded resource c:/Program Files (x86)/Steam/steamapps/common/Amnesia The Bunker/mods/BunkersEdge/static_objects/urban/urban_waitingroom02.mat in 0 ms
  Loaded resource c:/Program Files (x86)/Steam/steamapps/common/Amnesia The Bunker/static_objects/paris_ending/paris_ground/paris_grass.mat in 0 ms
  Loaded resource c:/Program Files (x86)/Steam/steamapps/common/Amnesia The Bunker/mods/BunkersEdge/static_objects/station/roof/lab_ceiling_pipes.mat in 0 ms
  Loaded resource c:/Program Files (x86)/Steam/steamapps/common/Amnesia The Bunker/mods/BunkersEdge/static_objects/station/details/fencing_pplant/fencing_pplant.mat in 0 ms
  Loaded resource c:/Program Files (x86)/Steam/steamapps/common/Amnesia The Bunker/mods/BunkersEdge/static_objects/station/floor/floor_tunnel_grate.mat in 0 ms
  Loaded resource c:/Program Files (x86)/Steam/steamapps/common/Amnesia The Bunker/mods/BunkersEdge/static_objects/station/walls/girder_rusty.mat in 0 ms
  Loaded resource c:/Program Files (x86)/Steam/steamapps/common/Amnesia The Bunker/mods/BunkersEdge/static_objects/station/details/girder_scaffold_rusty.mat in 0 ms
  Loaded resource c:/Program Files (x86)/Steam/steamapps/common/Amnesia The Bunker/mods/BunkersEdge/static_objects/station/details/scaffold_bevelled_wall.mat in 0 ms
  Loaded resource c:/Program Files (x86)/Steam/steamapps/common/Amnesia The Bunker/mods/BunkersEdge/static_objects/station/details/scaffold_terminal.mat in 0 ms
  Loaded resource c:/Program Files (x86)/Steam/steamapps/common/Amnesia The Bunker/mods/BunkersEdge/static_objects/station/details/scaffold_walkway.mat in 0 ms
  Loaded resource c:/Program Files (x86)/Steam/steamapps/common/Amnesia The Bunker/mods/BunkersEdge/static_objects/station/pipes/pipe_lab.mat in 0 ms
  Loaded resource c:/Program Files (x86)/Steam/steamapps/common/Amnesia The Bunker/mods/BunkersEdge/static_objects/station/pplant.mat in 0 ms
  Loaded resource c:/Program Files (x86)/Steam/steamapps/common/Amnesia The Bunker/mods/BunkersEdge/static_objects/station/roof/roof_extruded_panel_white.mat in 0 ms
  Loaded resource c:/Program Files (x86)/Steam/steamapps/common/Amnesia The Bunker/mods/BunkersEdge/static_objects/station/walls/lab_glass_welder.mat in 0 ms
  Loaded resource c:/Program Files (x86)/Steam/steamapps/common/Amnesia The Bunker/mods/BunkersEdge/static_objects/station/pplant_glass_dirty.mat in 1 ms
  Loaded resource c:/Program Files (x86)/Steam/steamapps/common/Amnesia The Bunker/static_objects/technical/block_out_tools/block_temp.mat in 0 ms
  Loaded resource c:/Program Files (x86)/Steam/steamapps/common/Amnesia The Bunker/mods/BunkersEdge/static_objects/urban/special/00_01_outside_simon_apart/00_01_outside_simon_Props.mat in 0 ms
  Loaded resource c:/Program Files (x86)/Steam/steamapps/common/Amnesia The Bunker/mods/BunkersEdge/static_objects/urban/special/00_01_outside_simon_apart/00_01_outside_simon_StreetLamp.mat in 0 ms
  Loaded resource c:/Program Files (x86)/Steam/steamapps/common/Amnesia The Bunker/mods/BunkersEdge/static_objects/urban/special/00_03_outside_waitroom/00_03_outside_detail01.mat in 0 ms
  Loaded resource c:/Program Files (x86)/Steam/steamapps/common/Amnesia The Bunker/mods/BunkersEdge/static_objects/urban/special/00_03_outside_waitroom/00_03_outside_street_brick.mat in 0 ms
  Loaded resource c:/Program Files (x86)/Steam/steamapps/common/Amnesia The Bunker/mods/BunkersEdge/static_objects/urban/special/00_03_outside_waitroom/00_03_outside_toronto_flag.mat in 0 ms
  Loaded resource c:/Program Files (x86)/Steam/steamapps/common/Amnesia The Bunker/mods/BunkersEdge/static_objects/urban/special/00_03_outside_waitroom/00_03_outside_waitroom_Antennas.mat in 0 ms
  Loaded resource c:/Program Files (x86)/Steam/steamapps/common/Amnesia The Bunker/mods/BunkersEdge/static_objects/urban/special/00_03_outside_waitroom/00_03_outside_waitroom_Building1.mat in 0 ms
  Loaded resource c:/Program Files (x86)/Steam/steamapps/common/Amnesia The Bunker/mods/BunkersEdge/static_objects/urban/special/00_03_outside_waitroom/00_03_outside_waitroom_Building3.mat in 0 ms
  Loaded resource c:/Program Files (x86)/Steam/steamapps/common/Amnesia The Bunker/mods/BunkersEdge/static_objects/urban/special/00_03_outside_waitroom/00_03_outside_waitroom_Building4.mat in 0 ms
  Loaded resource c:/Program Files (x86)/Steam/steamapps/common/Amnesia The Bunker/textures/decals/grunge/decal_dirt_01.mat in 0 ms
  Loaded resource c:/Program Files (x86)/Steam/steamapps/common/Amnesia The Bunker/textures/decals/tth/decal_tth_vertical_lines_01.mat in 0 ms
  Loaded resource c:/Program Files (x86)/Steam/steamapps/common/Amnesia The Bunker/textures/technical/advanced_black.mat in 0 ms
  Loaded resource c:/Program Files (x86)/Steam/steamapps/common/Amnesia The Bunker/entities/french_colonization/tech/telegraph_battery_box/telegraph_battery_box.mat in 0 ms
  Loaded resource c:/Program Files (x86)/Steam/steamapps/common/Amnesia The Bunker/billboards/halo/lampglow_generic_no_depth.mat in 0 ms
  Loaded resource c:/Program Files (x86)/Steam/steamapps/common/Amnesia The Bunker/lights/lensflare/flare_star_simple.mat in 0 ms
  Loaded resource c:/Program Files (x86)/Steam/steamapps/common/Amnesia The Bunker/entities/bunker/storage/lockbox/lockbox.mat in 0 ms
  Loaded resource c:/Program Files (x86)/Steam/steamapps/common/Amnesia The Bunker/entities/character/stalker/stalker_body/monster_body.mat in 0 ms
  Loaded resource c:/Program Files (x86)/Steam/steamapps/common/Amnesia The Bunker/entities/character/stalker/stalker_body/monster_head.mat in 1 ms
  Loaded resource c:/Program Files (x86)/Steam/steamapps/common/Amnesia The Bunker/entities/dream/park/park_bench/park_bench.mat in 0 ms
  Loaded resource c:/Program Files (x86)/Steam/steamapps/common/Amnesia The Bunker/entities/french_colonization/barricades/french_gate/french_gate.mat in 0 ms
  Loaded resource c:/Program Files (x86)/Steam/steamapps/common/Amnesia The Bunker/entities/nonexclusive/debris/tattered_cloth_rag/tattered_cloth_rag_roots.mat in 0 ms
  Loaded resource c:/Program Files (x86)/Steam/steamapps/common/Amnesia The Bunker/entities/nonexclusive/storage/box_laudanum/box_laudanum.mat in 0 ms
  Loaded resource c:/Program Files (x86)/Steam/steamapps/common/Amnesia The Bunker/entities/paris_ending/trees/paris_tree_bark.mat in 0 ms
  Loaded resource c:/Program Files (x86)/Steam/steamapps/common/Amnesia The Bunker/entities/paris_ending/trees/paris_tree_leaf.mat in 0 ms
  Loaded resource c:/Program Files (x86)/Steam/steamapps/common/Amnesia The Bunker/mods/BunkersEdge/entities/station/debris/terminal_box/terminal_box.mat in 0 ms
  Loaded resource c:/Program Files (x86)/Steam/steamapps/common/Amnesia The Bunker/mods/BunkersEdge/entities/station/doors/door_hatch_slide_ventilation/door_hatch_slide_ventilation_white.mat in 0 ms
  Loaded resource c:/Program Files (x86)/Steam/steamapps/common/Amnesia The Bunker/mods/BunkersEdge/entities/station/doors/door_hatch_slide_ventilation/door_hatch_slide_ventilation.mat in 0 ms
  Loaded resource c:/Program Files (x86)/Steam/steamapps/common/Amnesia The Bunker/mods/BunkersEdge/entities/station/doors/swingdoor_fencing_round/swingdoor_fencing_round_locks.mat in 0 ms
  Loaded resource c:/Program Files (x86)/Steam/steamapps/common/Amnesia The Bunker/mods/BunkersEdge/entities/station/furniture/chair_work_theta/chair_work_theta.mat in 0 ms
  Loaded resource c:/Program Files (x86)/Steam/steamapps/common/Amnesia The Bunker/mods/BunkersEdge/entities/station/furniture/sofa_worn_community_room/sofa_worn_community_room.mat in 0 ms
  Loaded resource c:/Program Files (x86)/Steam/steamapps/common/Amnesia The Bunker/mods/BunkersEdge/entities/station/furniture/table_lab/table_lab_white.mat in 0 ms
  Loaded resource c:/Program Files (x86)/Steam/steamapps/common/Amnesia The Bunker/mods/BunkersEdge/entities/station/lamp/ceiling_shutter_large/ceiling_shutter_large_white.mat in 0 ms
  Loaded resource c:/Program Files (x86)/Steam/steamapps/common/Amnesia The Bunker/mods/BunkersEdge/entities/station/lamp/fluorescent_tube_slidedoor_medium/fluorescent_tube_slidedoor_medium.mat in 0 ms
  Loaded resource c:/Program Files (x86)/Steam/steamapps/common/Amnesia The Bunker/mods/BunkersEdge/entities/station/machines/generator_habitat/Generator_Habitat.mat in 0 ms
  Loaded resource c:/Program Files (x86)/Steam/steamapps/common/Amnesia The Bunker/mods/BunkersEdge/entities/station/ornaments/girder_support/girder_support.mat in 1 ms
  Loaded resource c:/Program Files (x86)/Steam/steamapps/common/Amnesia The Bunker/mods/BunkersEdge/entities/station/ornaments/wet_floor_sign/wet_floor_sign.mat in 0 ms
  Loaded resource c:/Program Files (x86)/Steam/steamapps/common/Amnesia The Bunker/mods/BunkersEdge/entities/station/ornaments_wall/poster_random/poster_random_1.mat in 0 ms
  Loaded resource c:/Program Files (x86)/Steam/steamapps/common/Amnesia The Bunker/mods/BunkersEdge/entities/station/ornaments_wall/sign_emergency_exit/sign_emergency_exit.mat in 0 ms
  Loaded resource c:/Program Files (x86)/Steam/steamapps/common/Amnesia The Bunker/mods/BunkersEdge/entities/station/ornaments_wall/sign_office/poster_office_motivational/poster_office_motivational.mat in 0 ms
  Loaded resource c:/Program Files (x86)/Steam/steamapps/common/Amnesia The Bunker/mods/BunkersEdge/entities/station/ornaments_wall/sign_office/poster_promo_haimatsu/poster_promo_haimatsu.mat in 0 ms
  Loaded resource c:/Program Files (x86)/Steam/steamapps/common/Amnesia The Bunker/mods/BunkersEdge/entities/station/ornaments_wall/sign_warning/sign_warning_nostorage/sign_warning_nostorage.mat in 0 ms
  Loaded resource c:/Program Files (x86)/Steam/steamapps/common/Amnesia The Bunker/mods/BunkersEdge/entities/station/special/04_02_workshop_roof_ventilation/04_02_workshop_roof_ventilation.mat in 0 ms
  Loaded resource c:/Program Files (x86)/Steam/steamapps/common/Amnesia The Bunker/mods/BunkersEdge/entities/station/storage/box_clothing/box_clothing.mat in 0 ms
  Loaded resource c:/Program Files (x86)/Steam/steamapps/common/Amnesia The Bunker/mods/BunkersEdge/entities/station/storage/box_simulation_assets/box_simulation_assets.mat in 0 ms
  Loaded resource c:/Program Files (x86)/Steam/steamapps/common/Amnesia The Bunker/mods/BunkersEdge/entities/station/storage/algea_crate/algea_crate.mat in 0 ms
  Loaded resource c:/Program Files (x86)/Steam/steamapps/common/Amnesia The Bunker/mods/BunkersEdge/entities/station/storage/box_spare_fuses/box_spare_fuses_label.mat in 0 ms
  Loaded resource c:/Program Files (x86)/Steam/steamapps/common/Amnesia The Bunker/mods/BunkersEdge/entities/station/tech/computer_ark_room_02/computer_ark_room_02.mat in 0 ms
  Loaded resource c:/Program Files (x86)/Steam/steamapps/common/Amnesia The Bunker/mods/BunkersEdge/entities/station/tech/computer_lab_table/computer_lab_table_screen.mat in 0 ms
  Loaded resource c:/Program Files (x86)/Steam/steamapps/common/Amnesia The Bunker/mods/BunkersEdge/entities/station/tech/lab_unit_large/lab_unit_large.mat in 0 ms
  Loaded resource c:/Program Files (x86)/Steam/steamapps/common/Amnesia The Bunker/mods/BunkersEdge/entities/station/tech/computer_laptop_modded/computer_laptop_modded.mat in 0 ms
  Loaded resource c:/Program Files (x86)/Steam/steamapps/common/Amnesia The Bunker/mods/BunkersEdge/entities/station/tech/computer_panels/computer_panels.mat in 0 ms
  Loaded resource c:/Program Files (x86)/Steam/steamapps/common/Amnesia The Bunker/mods/BunkersEdge/entities/station/tech/computer_panels/computer_panels_medium_GUI.mat in 0 ms
  Loaded resource c:/Program Files (x86)/Steam/steamapps/common/Amnesia The Bunker/mods/BunkersEdge/entities/station/tech/computer_panels/computer_panels_white.mat in 1 ms
  Loaded resource c:/Program Files (x86)/Steam/steamapps/common/Amnesia The Bunker/mods/BunkersEdge/entities/station/tech/computer_parts_xx/computer_parts2_xx.mat in 0 ms
  Loaded resource c:/Program Files (x86)/Steam/steamapps/common/Amnesia The Bunker/mods/BunkersEdge/entities/station/tech/fusebox_theta/fusebox_theta.mat in 0 ms
  Loaded resource c:/Program Files (x86)/Steam/steamapps/common/Amnesia The Bunker/mods/BunkersEdge/entities/station/tech/junk_programmers_box/junk_programmers_box.mat in 0 ms
  Loaded resource c:/Program Files (x86)/Steam/steamapps/common/Amnesia The Bunker/mods/BunkersEdge/entities/station/tech/mouse_trackball_theta/mouse_trackball_theta.mat in 1 ms
  Loaded resource c:/Program Files (x86)/Steam/steamapps/common/Amnesia The Bunker/mods/BunkersEdge/entities/station/tools/bucket/bucket.mat in 0 ms
  Loaded resource c:/Program Files (x86)/Steam/steamapps/common/Amnesia The Bunker/mods/BunkersEdge/entities/station/utility/ventilation_airfreshener/ventilation_airfreshener.mat in 0 ms
  Loaded resource c:/Program Files (x86)/Steam/steamapps/common/Amnesia The Bunker/mods/BunkersEdge/entities/station/utility/ventilation_theta/ventilation_theta.mat in 0 ms
  Loaded resource c:/Program Files (x86)/Steam/steamapps/common/Amnesia The Bunker/entities/technical/block_box/block_box.mat in 0 ms
  Loaded resource c:/Program Files (x86)/Steam/steamapps/common/Amnesia The Bunker/mods/BunkersEdge/entities/urban/lamp/flourescent_ceiling_large/flourescent_ceiling_large.mat in 0 ms
  Loaded resource c:/Program Files (x86)/Steam/steamapps/common/Amnesia The Bunker/mods/BunkersEdge/entities/urban/lamp/waitingroom_boards_lamp/waitingroom_boards_lamp.mat in 0 ms
  Loaded resource c:/Program Files (x86)/Steam/steamapps/common/Amnesia The Bunker/mods/BunkersEdge/entities/station/doors/swingdoor_metal_flesher/swingdoor_metal_flesher.mat in 0 ms
  Loaded resource c:/Program Files (x86)/Steam/steamapps/common/Amnesia The Bunker/mods/BunkersEdge/entities/station/furniture/table_lab/table_lab.mat in 0 ms
  Loaded resource c:/Program Files (x86)/Steam/steamapps/common/Amnesia The Bunker/mods/BunkersEdge/entities/station/furniture/table_lab/table_security_office_glass.mat in 0 ms
  Loaded resource c:/Program Files (x86)/Steam/steamapps/common/Amnesia The Bunker/mods/BunkersEdge/entities/station/special/01_01_window_breakable/01_01_window_breakable_glass.mat in 0 ms
  Loaded resource c:/Program Files (x86)/Steam/steamapps/common/Amnesia The Bunker/mods/BunkersEdge/entities/station/special/01_01_window_breakable/01_01_window_breakable_glass_edge.mat in 0 ms
  Loaded resource c:/Program Files (x86)/Steam/steamapps/common/Amnesia The Bunker/mods/BunkersEdge/static_objects/city/shard/shard.mat in 0 ms
  Loaded resource c:/Program Files (x86)/Steam/steamapps/common/Amnesia The Bunker/mods/BunkersEdge/static_objects/city/buildings/S_BD_Industrial/S_BD_Industrial_03/M_BD_Rooftop.mat in 0 ms
  Loaded resource c:/Program Files (x86)/Steam/steamapps/common/Amnesia The Bunker/particles/clouds/materials/clouds_midday.mat in 0 ms
  Loaded resource c:/Program Files (x86)/Steam/steamapps/common/Amnesia The Bunker/mods/BunkersEdge/particles/dark_world/materials/rift_levitating_rocks.mat in 0 ms
  Loaded resource c:/Program Files (x86)/Steam/steamapps/common/Amnesia The Bunker/particles/dust/materials/dust_cloud_subdiv.mat in 0 ms
  Loaded resource c:/Program Files (x86)/Steam/steamapps/common/Amnesia The Bunker/particles/dust/materials/dust_light_tiny_add.mat in 0 ms
  Loaded resource c:/Program Files (x86)/Steam/steamapps/common/Amnesia The Bunker/particles/fire/materials/fire_coal_tiny.mat in 0 ms
  Loaded resource c:/Program Files (x86)/Steam/steamapps/common/Amnesia The Bunker/particles/fire/materials/heat_refraction.mat in 0 ms
  Loaded resource c:/Program Files (x86)/Steam/steamapps/common/Amnesia The Bunker/entities/dream/park/park_flowers/park_flowers.mat in 0 ms
  Loaded resource c:/Program Files (x86)/Steam/steamapps/common/Amnesia The Bunker/mods/BunkersEdge/static_objects/station/roof/lab_ceiling_pipes_orange.mat in 0 ms
  Loaded resource c:/Program Files (x86)/Steam/steamapps/common/Amnesia The Bunker/lights/lensflare/multi_iris_simple.mat in 0 ms
  Loaded resource c:/Program Files (x86)/Steam/steamapps/common/Amnesia The Bunker/particles/smoke/smoke_steam_continuos.ps in 0 ms
  Loaded resource c:/Program Files (x86)/Steam/steamapps/common/Amnesia The Bunker/particles/smoke/smoke_steam_continuos_short.ps in 0 ms
  Loaded resource c:/Program Files (x86)/Steam/steamapps/common/Amnesia The Bunker/particles/clouds/clouds_midday.ps in 0 ms
  Loaded resource c:/Program Files (x86)/Steam/steamapps/common/Amnesia The Bunker/mods/BunkersEdge/particles/dark_world/dark_world_wind_3.ps in 0 ms
  Loaded resource c:/Program Files (x86)/Steam/steamapps/common/Amnesia The Bunker/mods/BunkersEdge/particles/dark_world/rift_refraction.ps in 0 ms
  Loaded resource c:/Program Files (x86)/Steam/steamapps/common/Amnesia The Bunker/mods/BunkersEdge/particles/dark_world/rift_tin_hinan_tomb_levitating_rocks.ps in 0 ms
  Loaded resource c:/Program Files (x86)/Steam/steamapps/common/Amnesia The Bunker/mods/BunkersEdge/particles/dark_world/rift_smoke_glow_ashes.ps in 0 ms
  Loaded resource c:/Program Files (x86)/Steam/steamapps/common/Amnesia The Bunker/mods/BunkersEdge/entities/station/utility/ventilation_theta/ventilation_theta.DAE in 0 ms
  Loaded resource c:/Program Files (x86)/Steam/steamapps/common/Amnesia The Bunker/mods/BunkersEdge/entities/station/doors/swingdoor_fencing_round/swingdoor_fencing_round_locked.dae in 0 ms
  Loaded resource c:/Program Files (x86)/Steam/steamapps/common/Amnesia The Bunker/mods/BunkersEdge/entities/station/special/04_02_workshop_roof_ventilation/04_02_workshop_roof_ventilation.dae in 0 ms
  Loaded resource c:/Program Files (x86)/Steam/steamapps/common/Amnesia The Bunker/entities/technical/block_box/block_box.dae in 0 ms
  Loaded resource c:/Program Files (x86)/Steam/steamapps/common/Amnesia The Bunker/mods/BunkersEdge/entities/station/doors/hatch_vent/hatch_vent.dae in 0 ms
  Loaded resource c:/Program Files (x86)/Steam/steamapps/common/Amnesia The Bunker/mods/BunkersEdge/static_objects/city/shard/shard.dae in 0 ms
  Loaded resource c:/Program Files (x86)/Steam/steamapps/common/Amnesia The Bunker/mods/BunkersEdge/entities/station/machines/generator_habitat/generator_fan_unit.dae in 0 ms
  Loaded resource c:/Program Files (x86)/Steam/steamapps/common/Amnesia The Bunker/mods/BunkersEdge/entities/station/doors/swingdoor_metal_flesher/swingdoor_metal_flesher_door.DAE in 0 ms
  Loaded resource c:/Program Files (x86)/Steam/steamapps/common/Amnesia The Bunker/mods/BunkersEdge/entities/station/lamp/ceiling_shutter_large/ceiling_shutter_large_white_noshutter.dae in 0 ms
  Loaded resource c:/Program Files (x86)/Steam/steamapps/common/Amnesia The Bunker/entities/bunker/storage/lockbox/lockbox.DAE in 0 ms
  Loaded resource c:/Program Files (x86)/Steam/steamapps/common/Amnesia The Bunker/entities/french_colonization/tech/telegraph_battery_box/telegraph_battery_box.DAE in 1 ms
  Loaded resource c:/Program Files (x86)/Steam/steamapps/common/Amnesia The Bunker/entities/nonexclusive/storage/box_laudanum/box_laudanum_base.dae in 0 ms
  Loaded resource c:/Program Files (x86)/Steam/steamapps/common/Amnesia The Bunker/mods/BunkersEdge/entities/station/debris/terminal_box/terminal_box.dae in 0 ms
  Loaded resource c:/Program Files (x86)/Steam/steamapps/common/Amnesia The Bunker/mods/BunkersEdge/entities/station/storage/box_clothing/box_clothing_closed.dae in 0 ms
  Loaded resource c:/Program Files (x86)/Steam/steamapps/common/Amnesia The Bunker/mods/BunkersEdge/entities/station/storage/box_clothing/box_clothing_open.dae in 0 ms
  Loaded resource c:/Program Files (x86)/Steam/steamapps/common/Amnesia The Bunker/mods/BunkersEdge/entities/station/storage/box_simulation_assets/box_simulation_assets.dae in 0 ms
  Loaded resource c:/Program Files (x86)/Steam/steamapps/common/Amnesia The Bunker/mods/BunkersEdge/entities/station/storage/box_spare_fuses/box_spare_fuses.dae in 0 ms
  Loaded resource c:/Program Files (x86)/Steam/steamapps/common/Amnesia The Bunker/mods/BunkersEdge/entities/station/tech/junk_programmers_box/junk_programmers_box.dae in 0 ms
  Loaded resource c:/Program Files (x86)/Steam/steamapps/common/Amnesia The Bunker/mods/BunkersEdge/entities/station/tech/fusebox_theta/fusebox_theta.DAE in 0 ms
  Loaded resource c:/Program Files (x86)/Steam/steamapps/common/Amnesia The Bunker/entities/dream/park/park_bench/park_bench.dae in 0 ms
  Loaded resource c:/Program Files (x86)/Steam/steamapps/common/Amnesia The Bunker/mods/BunkersEdge/entities/station/ornaments/girder_support/girder_support.dae in 0 ms
  Loaded resource c:/Program Files (x86)/Steam/steamapps/common/Amnesia The Bunker/mods/BunkersEdge/entities/station/cables/lab_cable_thick_posable/lab_cable_thick_posable.dae in 0 ms
  Loaded resource c:/Program Files (x86)/Steam/steamapps/common/Amnesia The Bunker/mods/BunkersEdge/entities/station/ornaments/wet_floor_sign/wet_floor_sign.dae in 0 ms
  Loaded resource c:/Program Files (x86)/Steam/steamapps/common/Amnesia The Bunker/mods/BunkersEdge/entities/station/ornaments_wall/sign_warning/sign_warning_nostorage/sign_warning_nostorage.dae in 0 ms
  Loaded resource c:/Program Files (x86)/Steam/steamapps/common/Amnesia The Bunker/entities/character/stalker/stalker_body/stalker_new.fbx in 0 ms
  Loaded resource c:/Program Files (x86)/Steam/steamapps/common/Amnesia The Bunker/mods/BunkersEdge/entities/station/tools/bucket/bucket.DAE in 0 ms
  Loaded resource c:/Program Files (x86)/Steam/steamapps/common/Amnesia The Bunker/mods/BunkersEdge/entities/urban/lamp/waitingroom_boards_lamp/waitingroom_boards_lamp.dae in 0 ms
  Loaded resource c:/Program Files (x86)/Steam/steamapps/common/Amnesia The Bunker/mods/BunkersEdge/entities/station/furniture/table_lab/table_security_office.dae in 0 ms
  Loaded resource c:/Program Files (x86)/Steam/steamapps/common/Amnesia The Bunker/mods/BunkersEdge/entities/station/furniture/table_lab/table_lab_large.dae in 0 ms
  Loaded resource c:/Program Files (x86)/Steam/steamapps/common/Amnesia The Bunker/mods/BunkersEdge/entities/station/furniture/chair_work_theta/chair_work_theta.DAE in 0 ms
  Loaded resource c:/Program Files (x86)/Steam/steamapps/common/Amnesia The Bunker/mods/BunkersEdge/entities/station/tech/computer_ark_room_02/computer_ark_room_02.DAE in 0 ms
  Loaded resource c:/Program Files (x86)/Steam/steamapps/common/Amnesia The Bunker/mods/BunkersEdge/entities/station/tech/computer_parts_xx/computer_parts_keyboard_compact.dae in 0 ms
  Loaded resource c:/Program Files (x86)/Steam/steamapps/common/Amnesia The Bunker/mods/BunkersEdge/entities/station/tech/computer_panels/computer_panel_medium_GUI.dae in 0 ms
  Loaded resource c:/Program Files (x86)/Steam/steamapps/common/Amnesia The Bunker/mods/BunkersEdge/entities/station/tech/mouse_trackball_theta/mouse_trackball_theta.DAE in 0 ms
  Loaded resource c:/Program Files (x86)/Steam/steamapps/common/Amnesia The Bunker/mods/BunkersEdge/entities/station/tech/computer_lab_table/computer_lab_table_large.dae in 0 ms
  Loaded resource c:/Program Files (x86)/Steam/steamapps/common/Amnesia The Bunker/mods/BunkersEdge/entities/station/lamp/fluorescent_tube_slidedoor_medium/fluorescent_tube_slidedoor_medium.dae in 0 ms
  Loaded resource c:/Program Files (x86)/Steam/steamapps/common/Amnesia The Bunker/mods/BunkersEdge/entities/station/tech/computer_laptop_modded/computer_desktop.dae in 0 ms
  Loaded resource c:/Program Files (x86)/Steam/steamapps/common/Amnesia The Bunker/mods/BunkersEdge/entities/station/utility/ventilation_airfreshener/ventilation_airfreshener.dae in 0 ms
  Loaded resource c:/Program Files (x86)/Steam/steamapps/common/Amnesia The Bunker/entities/french_colonization/barricades/french_gate/french_gate_barb_wire.dae in 0 ms
  Loaded resource c:/Program Files (x86)/Steam/steamapps/common/Amnesia The Bunker/mods/BunkersEdge/static_objects/city/buildings/B_R_03/S_R_03_04_F.dae in 0 ms
  Loaded resource c:/Program Files (x86)/Steam/steamapps/common/Amnesia The Bunker/mods/BunkersEdge/entities/urban/lamp/flourescent_ceiling_large/flourescent_ceiling_large.dae in 0 ms
  Loaded resource c:/Program Files (x86)/Steam/steamapps/common/Amnesia The Bunker/mods/BunkersEdge/entities/station/ornaments_wall/sign_emergency_exit/sign_emergency_exit_hanging.dae in 0 ms
  Loaded resource c:/Program Files (x86)/Steam/steamapps/common/Amnesia The Bunker/entities/dream/park/park_flowers/paris_flowers.dae in 0 ms
  Loaded resource c:/Program Files (x86)/Steam/steamapps/common/Amnesia The Bunker/entities/paris_ending/trees/paris_tree_01.dae in 0 ms
  Loaded resource c:/Program Files (x86)/Steam/steamapps/common/Amnesia The Bunker/mods/BunkersEdge/entities/station/ornaments_wall/poster_random/poster_random_1.dae in 0 ms
  Loaded resource c:/Program Files (x86)/Steam/steamapps/common/Amnesia The Bunker/mods/BunkersEdge/entities/station/ornaments_wall/sign_office/poster_office_motivational/poster_office_motivational.DAE in 0 ms
  Loaded resource c:/Program Files (x86)/Steam/steamapps/common/Amnesia The Bunker/mods/BunkersEdge/entities/station/ornaments_wall/sign_office/poster_promo_haimatsu/poster_promo_haimatsu.DAE in 0 ms
  Loaded resource c:/Program Files (x86)/Steam/steamapps/common/Amnesia The Bunker/mods/BunkersEdge/entities/station/special/01_01_window_breakable/01_01_window_breakable_minor_damage.dae in 0 ms
  Loaded resource c:/Program Files (x86)/Steam/steamapps/common/Amnesia The Bunker/mods/BunkersEdge/entities/station/special/01_01_window_breakable/01_01_window_breakable_broken.dae in 1 ms
  Loaded resource c:/Program Files (x86)/Steam/steamapps/common/Amnesia The Bunker/mods/BunkersEdge/entities/station/furniture/sofa_worn_community_room/sofa_worn_community_room.dae in 0 ms
  Loaded resource c:/Program Files (x86)/Steam/steamapps/common/Amnesia The Bunker/entities/nonexclusive/debris/tattered_cloth_rag/tattered_cloth_rag_root.dae in 0 ms
ERROR: Couldn't create material 'mods/BunkersEdge/static_objects/city/shard/Material_001.mat'
WARNING: More than 4 bones on a vertex in submesh 'monster_head' in mesh 'stalker_new.msh' !
WARNING: More than 4 bones on a vertex in submesh 'monster_body' in mesh 'stalker_new.msh' !
  Loaded resource c:/Program Files (x86)/Steam/steamapps/common/Amnesia The Bunker/entities/character/stalker/animations/stalker_crouch_idle.fbx in 0 ms
  Loaded resource c:/Program Files (x86)/Steam/steamapps/common/Amnesia The Bunker/entities/character/stalker/animations/stalker_walk_loop.fbx in 0 ms
  Loaded resource c:/Program Files (x86)/Steam/steamapps/common/Amnesia The Bunker/entities/character/stalker/animations/stalker_run_loop.fbx in 0 ms
  Loaded resource c:/Program Files (x86)/Steam/steamapps/common/Amnesia The Bunker/entities/character/stalker/animations/stalker_stalk_idle.fbx in 0 ms
  Loaded resource c:/Program Files (x86)/Steam/steamapps/common/Amnesia The Bunker/entities/character/stalker/animations/stalker_stalk_walk.fbx in 0 ms
  Loaded resource c:/Program Files (x86)/Steam/steamapps/common/Amnesia The Bunker/entities/character/stalker/animations/stalker_rage_idle.fbx in 0 ms
  Loaded resource c:/Program Files (x86)/Steam/steamapps/common/Amnesia The Bunker/entities/character/stalker/animations/stalker_rage_walk.fbx in 0 ms
  Loaded resource c:/Program Files (x86)/Steam/steamapps/common/Amnesia The Bunker/entities/character/stalker/animations/stalker_walk_backward_loop.fbx in 0 ms
  Loaded resource c:/Program Files (x86)/Steam/steamapps/common/Amnesia The Bunker/entities/character/stalker/animations/stalker_cramped_walk_loop.fbx in 0 ms
  Loaded resource c:/Program Files (x86)/Steam/steamapps/common/Amnesia The Bunker/entities/character/stalker/animations/stalker_cramped_stalk_walk_loop.fbx in 0 ms
  Loaded resource c:/Program Files (x86)/Steam/steamapps/common/Amnesia The Bunker/entities/character/stalker/animations/stalker_cramped_rage_walk_loop.fbx in 0 ms
  Loaded resource c:/Program Files (x86)/Steam/steamapps/common/Amnesia The Bunker/entities/character/stalker/animations/stalker_walk_turn_left.fbx in 0 ms
  Loaded resource c:/Program Files (x86)/Steam/steamapps/common/Amnesia The Bunker/entities/character/stalker/animations/stalker_walk_turn_right.fbx in 0 ms
  Loaded resource c:/Program Files (x86)/Steam/steamapps/common/Amnesia The Bunker/entities/character/stalker/animations/stalker_run_turn_left.fbx in 0 ms
  Loaded resource c:/Program Files (x86)/Steam/steamapps/common/Amnesia The Bunker/entities/character/stalker/animations/stalker_run_turn_right.fbx in 0 ms
  Loaded resource c:/Program Files (x86)/Steam/steamapps/common/Amnesia The Bunker/entities/character/stalker/animations/stalker_turn_right_180.fbx in 0 ms
  Loaded resource c:/Program Files (x86)/Steam/steamapps/common/Amnesia The Bunker/entities/character/stalker/animations/stalker_turn_right_180_slow.fbx in 0 ms
  Loaded resource c:/Program Files (x86)/Steam/steamapps/common/Amnesia The Bunker/entities/character/stalker/animations/stalker_turn_90_left_slow.fbx in 0 ms
  Loaded resource c:/Program Files (x86)/Steam/steamapps/common/Amnesia The Bunker/entities/character/stalker/animations/stalker_turn_90_right_slow.fbx in 0 ms
  Loaded resource c:/Program Files (x86)/Steam/steamapps/common/Amnesia The Bunker/entities/character/stalker/animations/stalker_turn_90_left.fbx in 0 ms
  Loaded resource c:/Program Files (x86)/Steam/steamapps/common/Amnesia The Bunker/entities/character/stalker/animations/stalker_turn_90_right.fbx in 0 ms
  Loaded resource c:/Program Files (x86)/Steam/steamapps/common/Amnesia The Bunker/entities/character/stalker/animations/stalker_idle_patrol_extra_1.fbx in 0 ms
  Loaded resource c:/Program Files (x86)/Steam/steamapps/common/Amnesia The Bunker/entities/character/stalker/animations/stalker_idle_patrol_extra_2.fbx in 0 ms
  Loaded resource c:/Program Files (x86)/Steam/steamapps/common/Amnesia The Bunker/entities/character/stalker/animations/stalker_idle_patrol_extra_3.fbx in 0 ms
  Loaded resource c:/Program Files (x86)/Steam/steamapps/common/Amnesia The Bunker/entities/character/stalker/animations/stalker_hit_obstacle.fbx in 0 ms
  Loaded resource c:/Program Files (x86)/Steam/steamapps/common/Amnesia The Bunker/entities/character/stalker/animations/stalker_alert.fbx in 0 ms
  Loaded resource c:/Program Files (x86)/Steam/steamapps/common/Amnesia The Bunker/entities/character/stalker/animations/stalker_cramped_alert.fbx in 0 ms
  Loaded resource c:/Program Files (x86)/Steam/steamapps/common/Amnesia The Bunker/entities/character/stalker/animations/stalker_cramped_alert_hunched.fbx in 0 ms
  Loaded resource c:/Program Files (x86)/Steam/steamapps/common/Amnesia The Bunker/entities/character/stalker/animations/stalker_crawl_into_hole.fbx in 0 ms
  Loaded resource c:/Program Files (x86)/Steam/steamapps/common/Amnesia The Bunker/entities/character/stalker/animations/stalker_crawl_out_hole.fbx in 0 ms
  Loaded resource c:/Program Files (x86)/Steam/steamapps/common/Amnesia The Bunker/entities/character/stalker/animations/stalker_exit_hole_turn_left_90.fbx in 0 ms
  Loaded resource c:/Program Files (x86)/Steam/steamapps/common/Amnesia The Bunker/entities/character/stalker/animations/stalker_exit_hole_turn_right_90.fbx in 0 ms
  Loaded resource c:/Program Files (x86)/Steam/steamapps/common/Amnesia The Bunker/entities/character/stalker/animations/stalker_throw_front_standing.fbx in 1 ms
  Loaded resource c:/Program Files (x86)/Steam/steamapps/common/Amnesia The Bunker/entities/character/stalker/animations/stalker_throw_front_crouching.fbx in 0 ms
  Loaded resource c:/Program Files (x86)/Steam/steamapps/common/Amnesia The Bunker/entities/character/stalker/animations/stalker_throw_left_standing.fbx in 0 ms
  Loaded resource c:/Program Files (x86)/Steam/steamapps/common/Amnesia The Bunker/entities/character/stalker/animations/stalker_throw_left_crouching.fbx in 0 ms
  Loaded resource c:/Program Files (x86)/Steam/steamapps/common/Amnesia The Bunker/entities/character/stalker/animations/stalker_throw_right_standing.fbx in 0 ms
  Loaded resource c:/Program Files (x86)/Steam/steamapps/common/Amnesia The Bunker/entities/character/stalker/animations/stalker_throw_right_crouching.fbx in 0 ms
  Loaded resource c:/Program Files (x86)/Steam/steamapps/common/Amnesia The Bunker/entities/character/stalker/animations/stalker_throw_back_standing_1.fbx in 0 ms
  Loaded resource c:/Program Files (x86)/Steam/steamapps/common/Amnesia The Bunker/entities/character/stalker/animations/stalker_throw_back_crouching_1.fbx in 0 ms
  Loaded resource c:/Program Files (x86)/Steam/steamapps/common/Amnesia The Bunker/entities/character/stalker/animations/stalker_throw_back_standing_2.fbx in 0 ms
  Loaded resource c:/Program Files (x86)/Steam/steamapps/common/Amnesia The Bunker/entities/character/stalker/animations/stalker_shot_start.fbx in 0 ms
  Loaded resource c:/Program Files (x86)/Steam/steamapps/common/Amnesia The Bunker/entities/character/stalker/animations/stalker_run_shot_start.fbx in 0 ms
  Loaded resource c:/Program Files (x86)/Steam/steamapps/common/Amnesia The Bunker/entities/character/stalker/animations/stalker_alert_shot_start.fbx in 0 ms
  Loaded resource c:/Program Files (x86)/Steam/steamapps/common/Amnesia The Bunker/entities/character/stalker/animations/stalker_shot_get_up_1.fbx in 0 ms
  Loaded resource c:/Program Files (x86)/Steam/steamapps/common/Amnesia The Bunker/entities/character/stalker/animations/stalker_shot_get_up_2.fbx in 0 ms
  Loaded resource c:/Program Files (x86)/Steam/steamapps/common/Amnesia The Bunker/entities/character/stalker/animations/stalker_second_shot_idle.fbx in 0 ms
  Loaded resource c:/Program Files (x86)/Steam/steamapps/common/Amnesia The Bunker/entities/character/stalker/animations/stalker_second_shot_alert.fbx in 0 ms
  Loaded resource c:/Program Files (x86)/Steam/steamapps/common/Amnesia The Bunker/entities/character/stalker/animations/stalker_second_shot_run.fbx in 0 ms
  Loaded resource c:/Program Files (x86)/Steam/steamapps/common/Amnesia The Bunker/entities/character/stalker/animations/stalker_shot_body.fbx in 0 ms
  Loaded resource c:/Program Files (x86)/Steam/steamapps/common/Amnesia The Bunker/entities/character/stalker/animations/stalker_glimpse_ahead_start.fbx in 0 ms
  Loaded resource c:/Program Files (x86)/Steam/steamapps/common/Amnesia The Bunker/entities/character/stalker/animations/stalker_glimpse_ahead_loop.fbx in 0 ms
  Loaded resource c:/Program Files (x86)/Steam/steamapps/common/Amnesia The Bunker/entities/character/stalker/animations/stalker_glimpse_ahead_end.fbx in 0 ms
  Loaded resource c:/Program Files (x86)/Steam/steamapps/common/Amnesia The Bunker/entities/character/stalker/animations/stalker_glimpse_left_45_start.fbx in 0 ms
  Loaded resource c:/Program Files (x86)/Steam/steamapps/common/Amnesia The Bunker/entities/character/stalker/animations/stalker_glimpse_left_45_loop.fbx in 0 ms
  Loaded resource c:/Program Files (x86)/Steam/steamapps/common/Amnesia The Bunker/entities/character/stalker/animations/stalker_glimpse_left_45_end.fbx in 0 ms
  Loaded resource c:/Program Files (x86)/Steam/steamapps/common/Amnesia The Bunker/entities/character/stalker/animations/stalker_glimpse_left_90_start.fbx in 0 ms
  Loaded resource c:/Program Files (x86)/Steam/steamapps/common/Amnesia The Bunker/entities/character/stalker/animations/stalker_glimpse_left_90_loop.fbx in 0 ms
  Loaded resource c:/Program Files (x86)/Steam/steamapps/common/Amnesia The Bunker/entities/character/stalker/animations/stalker_glimpse_left_90_end.fbx in 0 ms
  Loaded resource c:/Program Files (x86)/Steam/steamapps/common/Amnesia The Bunker/entities/character/stalker/animations/stalker_glimpse_right_45_start.fbx in 0 ms
  Loaded resource c:/Program Files (x86)/Steam/steamapps/common/Amnesia The Bunker/entities/character/stalker/animations/stalker_glimpse_right_45_loop.fbx in 0 ms
  Loaded resource c:/Program Files (x86)/Steam/steamapps/common/Amnesia The Bunker/entities/character/stalker/animations/stalker_glimpse_right_45_end.fbx in 0 ms
  Loaded resource c:/Program Files (x86)/Steam/steamapps/common/Amnesia The Bunker/entities/character/stalker/animations/stalker_glimpse_right_90_start.fbx in 0 ms
  Loaded resource c:/Program Files (x86)/Steam/steamapps/common/Amnesia The Bunker/entities/character/stalker/animations/stalker_glimpse_right_90_loop.fbx in 0 ms
  Loaded resource c:/Program Files (x86)/Steam/steamapps/common/Amnesia The Bunker/entities/character/stalker/animations/stalker_glimpse_right_90_end.fbx in 0 ms
  Loaded resource c:/Program Files (x86)/Steam/steamapps/common/Amnesia The Bunker/entities/character/stalker/animations/stalker_look_around.fbx in 0 ms
  Loaded resource c:/Program Files (x86)/Steam/steamapps/common/Amnesia The Bunker/entities/character/stalker/animations/stalker_shrug_off.fbx in 0 ms
  Loaded resource c:/Program Files (x86)/Steam/steamapps/common/Amnesia The Bunker/entities/character/stalker/animations/stalker_look_around_left.fbx in 0 ms
  Loaded resource c:/Program Files (x86)/Steam/steamapps/common/Amnesia The Bunker/entities/character/stalker/animations/stalker_look_around_right.fbx in 0 ms
  Loaded resource c:/Program Files (x86)/Steam/steamapps/common/Amnesia The Bunker/entities/character/stalker/animations/stalker_flinch.fbx in 0 ms
  Loaded resource c:/Program Files (x86)/Steam/steamapps/common/Amnesia The Bunker/entities/character/stalker/animations/stalker_hit_obstacle_shoulder.fbx in 0 ms
  Loaded resource c:/Program Files (x86)/Steam/steamapps/common/Amnesia The Bunker/entities/character/stalker/animations/stalker_hit_obstacle_shove.fbx in 0 ms
  Loaded resource c:/Program Files (x86)/Steam/steamapps/common/Amnesia The Bunker/entities/character/stalker/animations/stalker_hit_obstacle_smash.fbx in 0 ms
  Loaded resource c:/Program Files (x86)/Steam/steamapps/common/Amnesia The Bunker/entities/character/stalker/animations/stalker_hit_obstacle_sweep.fbx in 0 ms
  Loaded resource c:/Program Files (x86)/Steam/steamapps/common/Amnesia The Bunker/entities/character/stalker/animations/stalker_jump_long.fbx in 0 ms
  Loaded resource c:/Program Files (x86)/Steam/steamapps/common/Amnesia The Bunker/entities/character/stalker/animations/stalker_jump_short.fbx in 0 ms
  Loaded resource c:/Program Files (x86)/Steam/steamapps/common/Amnesia The Bunker/entities/character/stalker/animations/stalker_jump_long_hanging.fbx in 0 ms
  Loaded resource c:/Program Files (x86)/Steam/steamapps/common/Amnesia The Bunker/entities/character/stalker/animations/stalker_jump_fail.fbx in 0 ms
  Loaded resource c:/Program Files (x86)/Steam/steamapps/common/Amnesia The Bunker/entities/character/stalker/animations/stalker_climb_up_platform_1.fbx in 0 ms
  Loaded resource c:/Program Files (x86)/Steam/steamapps/common/Amnesia The Bunker/entities/character/stalker/animations/stalker_climb_up_platform_2.fbx in 0 ms
  Loaded resource c:/Program Files (x86)/Steam/steamapps/common/Amnesia The Bunker/entities/character/stalker/animations/stalker_turn180_jump_short.fbx in 0 ms
  Loaded resource c:/Program Files (x86)/Steam/steamapps/common/Amnesia The Bunker/entities/character/stalker/animations/stalker_jump_twice_long_hanging.fbx in 0 ms
  Loaded resource c:/Program Files (x86)/Steam/steamapps/common/Amnesia The Bunker/entities/character/stalker/animations/stalker_idle_to_fall.fbx in 0 ms
  Loaded resource c:/Program Files (x86)/Steam/steamapps/common/Amnesia The Bunker/entities/character/stalker/animations/stalker_idle_to_fall_2.fbx in 0 ms
  Loaded resource c:/Program Files (x86)/Steam/steamapps/common/Amnesia The Bunker/entities/character/stalker/animations/stalker_fall_start_2.fbx in 0 ms
  Loaded resource c:/Program Files (x86)/Steam/steamapps/common/Amnesia The Bunker/entities/character/stalker/animations/stalker_climb_up_platform_1_extra_long.fbx in 0 ms
  Loaded resource c:/Program Files (x86)/Steam/steamapps/common/Amnesia The Bunker/entities/character/stalker/animations/stalker_climb_up_platform_2_extra_long.fbx in 0 ms
  Loaded resource c:/Program Files (x86)/Steam/steamapps/common/Amnesia The Bunker/entities/character/stalker/animations/stalker_fall_start.fbx in 0 ms
  Loaded resource c:/Program Files (x86)/Steam/steamapps/common/Amnesia The Bunker/entities/character/stalker/animations/stalker_fall_loop.fbx in 0 ms
  Loaded resource c:/Program Files (x86)/Steam/steamapps/common/Amnesia The Bunker/entities/character/stalker/animations/stalker_death_front.fbx in 0 ms
  Loaded resource c:/Program Files (x86)/Steam/steamapps/common/Amnesia The Bunker/entities/character/stalker/animations/stalker_death_back.fbx in 0 ms
  Loaded resource c:/Program Files (x86)/Steam/steamapps/common/Amnesia The Bunker/entities/character/stalker/animations/stalker_death_ladder.fbx in 0 ms
  Loaded resource c:/Program Files (x86)/Steam/steamapps/common/Amnesia The Bunker/entities/character/stalker/animations/stalker_death_hole_left.fbx in 0 ms
  Loaded resource c:/Program Files (x86)/Steam/steamapps/common/Amnesia The Bunker/entities/character/stalker/animations/stalker_death_hole_right.fbx in 0 ms
  Loaded resource c:/Program Files (x86)/Steam/steamapps/common/Amnesia The Bunker/entities/character/stalker/animations/stalker_death_hole_front.fbx in 0 ms
  Loaded resource c:/Program Files (x86)/Steam/steamapps/common/Amnesia The Bunker/entities/character/stalker/animations/stalker_death_hole_back.fbx in 0 ms
  Loaded resource c:/Program Files (x86)/Steam/steamapps/common/Amnesia The Bunker/entities/character/stalker/animations/stalker_death_under.fbx in 0 ms
  Loaded resource c:/Program Files (x86)/Steam/steamapps/common/Amnesia The Bunker/entities/character/stalker/animations/stalker_sit_start.fbx in 0 ms
  Loaded resource c:/Program Files (x86)/Steam/steamapps/common/Amnesia The Bunker/entities/character/stalker/animations/stalker_sit_loop.fbx in 0 ms
  Loaded resource c:/Program Files (x86)/Steam/steamapps/common/Amnesia The Bunker/entities/character/stalker/animations/stalker_sit_end.fbx in 0 ms
  Loaded resource c:/Program Files (x86)/Steam/steamapps/common/Amnesia The Bunker/entities/character/stalker/animations/stalker_go_through_vent_right.fbx in 0 ms
  Loaded resource c:/Program Files (x86)/Steam/steamapps/common/Amnesia The Bunker/entities/character/stalker/animations/stalker_prisoner_german_death.fbx in 0 ms
  Loaded resource c:/Program Files (x86)/Steam/steamapps/common/Amnesia The Bunker/entities/character/stalker/animations/stalker_head_mouth_1.fbx in 0 ms
  Loaded resource c:/Program Files (x86)/Steam/steamapps/common/Amnesia The Bunker/entities/character/stalker/animations/stalker_head_mouth_3.fbx in 0 ms
  Loaded resource c:/Program Files (x86)/Steam/steamapps/common/Amnesia The Bunker/entities/character/stalker/animations/stalker_head_mouth_5.fbx in 0 ms
  Loaded resource c:/Program Files (x86)/Steam/steamapps/common/Amnesia The Bunker/entities/character/stalker/animations/stalker_head_twist_1.fbx in 0 ms
  Loaded resource c:/Program Files (x86)/Steam/steamapps/common/Amnesia The Bunker/entities/character/stalker/animations/stalker_head_twist_2.fbx in 0 ms
  Loaded resource c:/Program Files (x86)/Steam/steamapps/common/Amnesia The Bunker/entities/character/stalker/animations/stalker_head_twist_3.fbx in 0 ms
  Loaded resource c:/Program Files (x86)/Steam/steamapps/common/Amnesia The Bunker/entities/character/stalker/animations/stalker_head_twist_4.fbx in 0 ms
  Loaded resource c:/Program Files (x86)/Steam/steamapps/common/Amnesia The Bunker/entities/character/stalker/animations/stalker_head_twist_5.fbx in 0 ms
  Loaded resource c:/Program Files (x86)/Steam/steamapps/common/Amnesia The Bunker/entities/character/stalker/animations/stalker_head_twitch_1.fbx in 0 ms
  Loaded resource c:/Program Files (x86)/Steam/steamapps/common/Amnesia The Bunker/entities/character/stalker/animations/stalker_head_twitch_2.fbx in 0 ms
  Loaded resource c:/Program Files (x86)/Steam/steamapps/common/Amnesia The Bunker/entities/character/stalker/animations/stalker_head_twitch_3.fbx in 0 ms
  Loaded resource c:/Program Files (x86)/Steam/steamapps/common/Amnesia The Bunker/entities/character/stalker/animations/stalker_head_twitch_4.fbx in 0 ms
  Loaded resource c:/Program Files (x86)/Steam/steamapps/common/Amnesia The Bunker/entities/character/stalker/animations/stalker_head_twitch_5.fbx in 0 ms
  Loaded resource c:/Program Files (x86)/Steam/steamapps/common/Amnesia The Bunker/entities/character/stalker/animations/stalker_crawl_out_of_hole_ending.fbx in 0 ms
  Loaded resource c:/Program Files (x86)/Steam/steamapps/common/Amnesia The Bunker/entities/character/stalker/animations/stalker_cramped_alert_hunched_step_back.fbx in 0 ms
  Loaded resource c:/Program Files (x86)/Steam/steamapps/common/Amnesia The Bunker/entities/character/stalker/animations/stalker_hole_reach_out_1.fbx in 0 ms
  Loaded resource c:/Program Files (x86)/Steam/steamapps/common/Amnesia The Bunker/entities/character/stalker/animations/stalker_hole_reach_out_2.fbx in 0 ms
  Loaded resource c:/Program Files (x86)/Steam/steamapps/common/Amnesia The Bunker/entities/character/stalker/animations/stalker_hole_reach_out_3.fbx in 0 ms
  Loaded resource c:/Program Files (x86)/Steam/steamapps/common/Amnesia The Bunker/entities/character/stalker/animations/stalker_hole_reach_out_end_l.fbx in 0 ms
  Loaded resource c:/Program Files (x86)/Steam/steamapps/common/Amnesia The Bunker/entities/character/stalker/animations/stalker_hole_reach_out_end_r.fbx in 0 ms
  Loaded resource c:/Program Files (x86)/Steam/steamapps/common/Amnesia The Bunker/entities/character/stalker/animations/stalker_walk_2legs_1.fbx in 0 ms
  Loaded resource c:/Program Files (x86)/Steam/steamapps/common/Amnesia The Bunker/entities/character/stalker/animations/stalker_walk_2legs_2.fbx in 0 ms
  Loaded resource c:/Program Files (x86)/Steam/steamapps/common/Amnesia The Bunker/entities/character/stalker/animations/stalker_rabbit_doll.fbx in 0 ms
  Loaded resource c:/Program Files (x86)/Steam/steamapps/common/Amnesia The Bunker/entities/character/stalker/animations/stalker_rabbit_doll_end.fbx in 0 ms
  Loaded resource c:/Program Files (x86)/Steam/steamapps/common/Amnesia The Bunker/entities/character/stalker/animations/stalker_open_door_inward_left.fbx in 0 ms
  Loaded resource c:/Program Files (x86)/Steam/steamapps/common/Amnesia The Bunker/entities/character/stalker/animations/stalker_open_door_inward_right.fbx in 0 ms
  Loaded resource c:/Program Files (x86)/Steam/steamapps/common/Amnesia The Bunker/entities/character/stalker/animations/stalker_open_door_outward_left.fbx in 0 ms
  Loaded resource c:/Program Files (x86)/Steam/steamapps/common/Amnesia The Bunker/entities/character/stalker/animations/stalker_open_door_outward_right.fbx in 0 ms
  Loaded resource c:/Program Files (x86)/Steam/steamapps/common/Amnesia The Bunker/entities/character/stalker/animations/stalker_walk_2legs_2_cramped.fbx in 0 ms
ERROR: Couldn't create material 'mods/BunkersEdge/static_objects/city/buildings/B_C_01/T_Doors_D..mat'
ERROR: Couldn't create material 'mods/BunkersEdge/static_objects/city/buildings/B_C_01/T_Doors_D..mat'
ERROR: Couldn't create material 'mods/BunkersEdge/static_objects/city/buildings/B_C_01/T_Doors_D..mat'
ERROR: Couldn't create material 'mods/BunkersEdge/static_objects/city/buildings/B_C_01/T_Doors_D..mat'
ERROR: Couldn't load texture 'entities/robot/tech/battery_robot/battery_robot.dds'
ERROR: Couldn't load material 'mods/MinimalCustomMap/static_objects/urban/roof/waitingroom_board_bracket.mat'
ERROR: Couldn't load texture 'entities/robot/tech/battery_robot/battery_robot.dds'
ERROR: Couldn't load material 'mods/MinimalCustomMap/static_objects/urban/roof/waitingroom_board_bracket.mat'
ERROR: Couldn't load texture 'entities/robot/tech/battery_robot/battery_robot.dds'
ERROR: Couldn't load material 'mods/MinimalCustomMap/static_objects/urban/roof/waitingroom_board_bracket.mat'
ERROR: Couldn't create material 'mods/BunkersEdge/static_objects/city/buildings/B_C_01/T_Doors_D..mat'
ERROR: Couldn't create material 'mods/BunkersEdge/static_objects/city/buildings/B_C_01/T_Doors_D..mat'
ERROR: Couldn't create material 'mods/BunkersEdge/static_objects/city/buildings/B_C_01/T_Doors_D..mat'
ERROR: Couldn't create material 'mods/BunkersEdge/static_objects/city/buildings/B_C_01/T_Doors_D..mat'
ERROR: Couldn't create material 'mods/BunkersEdge/static_objects/city/buildings/B_C_01/T_Doors_D..mat'
    Loaded resource c:/Program Files (x86)/Steam/steamapps/common/Amnesia The Bunker/textures/screeneffects/player_damage_screen_diffuse.dds in 1 ms
WARNING: Loaded resource 'textures/screeneffects/player_damage_screen_diffuse.dds' while the map was running.
    Loaded resource c:/Program Files (x86)/Steam/steamapps/common/Amnesia The Bunker/textures/screeneffects/player_damage_screen_nrm.dds in 0 ms
WARNING: Loaded resource 'textures/screeneffects/player_damage_screen_nrm.dds' while the map was running.
  Loaded resource c:/Program Files (x86)/Steam/steamapps/common/Amnesia The Bunker/textures/screeneffects/player_damage_screen.mat in 1 ms
WARNING: Loaded resource 'player_damage_screen.mat' while the map was running.
      Loaded resource c:/Program Files (x86)/Steam/steamapps/common/Amnesia The Bunker/particles/water/materials/waterbubbles_small.dds in 1 ms
WARNING: Loaded resource 'particles/underwater/materials/waterbubbles_small.dds' while the map was running.
    Loaded resource c:/Program Files (x86)/Steam/steamapps/common/Amnesia The Bunker/particles/water/materials/waterbubbles_small.mat in 1 ms
WARNING: Loaded resource 'particles/_temp/alex/waterbubbles_small.mat' while the map was running.
  Loaded resource c:/Program Files (x86)/Steam/steamapps/common/Amnesia The Bunker/particles/water/underwater.ps in 1 ms
WARNING: Loaded resource 'underwater.ps' while the map was running.
    Loaded resource c:/Program Files (x86)/Steam/steamapps/common/Amnesia The Bunker/textures/screeneffects/player_damage_screen_minor.dds in 0 ms
WARNING: Loaded resource 'textures/screeneffects/player_damage_screen_minor.dds' while the map was running.
  Loaded resource c:/Program Files (x86)/Steam/steamapps/common/Amnesia The Bunker/textures/screeneffects/player_damage_screen_minor.mat in 0 ms
WARNING: Loaded resource 'player_damage_screen_minor.mat' while the map was running.
    Loaded resource c:/Program Files (x86)/Steam/steamapps/common/Amnesia The Bunker/textures/screeneffects/player_damage_screen_major.dds in 1 ms
WARNING: Loaded resource 'textures/screeneffects/player_damage_screen_major.dds' while the map was running.
  Loaded resource c:/Program Files (x86)/Steam/steamapps/common/Amnesia The Bunker/textures/screeneffects/player_damage_screen_major.mat in 1 ms
WARNING: Loaded resource 'player_damage_screen_major.mat' while the map was running.
    Loaded resource c:/Program Files (x86)/Steam/steamapps/common/Amnesia The Bunker/textures/screeneffects/vignette_screen_diffuse.dds in 1 ms
WARNING: Loaded resource 'textures/screeneffects/vignette_screen_diffuse.dds' while the map was running.
  Loaded resource c:/Program Files (x86)/Steam/steamapps/common/Amnesia The Bunker/textures/screeneffects/vignette_screen.mat in 2 ms
WARNING: Loaded resource 'vignette_screen.mat' while the map was running.
    Loaded resource c:/Program Files (x86)/Steam/steamapps/common/Amnesia The Bunker/textures/screeneffects/vignette_screen_strong_diffuse.dds in 0 ms
WARNING: Loaded resource 'textures/screeneffects/vignette_screen_strong_diffuse.dds' while the map was running.
  Loaded resource c:/Program Files (x86)/Steam/steamapps/common/Amnesia The Bunker/textures/screeneffects/vignette_screen_strong.mat in 0 ms
WARNING: Loaded resource 'vignette_screen_strong.mat' while the map was running.
    Loaded resource c:/Program Files (x86)/Steam/steamapps/common/Amnesia The Bunker/textures/screeneffects/vignette_screen_strongest_diffuse.dds in 1 ms
WARNING: Loaded resource 'textures/screeneffects/vignette_screen_strongest_diffuse.dds' while the map was running.
  Loaded resource c:/Program Files (x86)/Steam/steamapps/common/Amnesia The Bunker/textures/screeneffects/vignette_screen_strongest.mat in 1 ms
WARNING: Loaded resource 'vignette_screen_strongest.mat' while the map was running.
    Loaded resource c:/Program Files (x86)/Steam/steamapps/common/Amnesia The Bunker/textures/screeneffects/gasmask_screen.dds in 1 ms
WARNING: Loaded resource '_temp/max/graphics/gasmask_screen.dds' while the map was running.
  Loaded resource c:/Program Files (x86)/Steam/steamapps/common/Amnesia The Bunker/textures/screeneffects/gasmask_screen.mat in 2 ms
WARNING: Loaded resource 'gasmask_screen.mat' while the map was running.
    Loaded resource c:/Program Files (x86)/Steam/steamapps/common/Amnesia The Bunker/textures/screeneffects/red_overlay.dds in 0 ms
WARNING: Loaded resource 'textures/screeneffects/red_overlay.dds' while the map was running.
ERROR: Texture 'c:/Program Files (x86)/Steam/steamapps/common/Amnesia The Bunker/textures/screeneffects/red_overlay.dds' for material 'player_health_screen.mat' lacks MipMaps
  Loaded resource c:/Program Files (x86)/Steam/steamapps/common/Amnesia The Bunker/textures/screeneffects/player_health_screen.mat in 0 ms
WARNING: Loaded resource 'player_health_screen.mat' while the map was running.
  Loaded resource c:/Program Files (x86)/Steam/steamapps/common/Amnesia The Bunker/entities/dynamic_decals/blood_trail/blood_trail.ent in 0 ms
WARNING: Loaded resource 'blood_trail.ent' while the map was running.
  Loaded resource c:/Program Files (x86)/Steam/steamapps/common/Amnesia The Bunker/static_objects/technical/block_out_tools/block_out_box.dae in 0 ms
WARNING: Loaded resource 'block_out_box.dae' while the map was running.
    Loaded resource c:/Program Files (x86)/Steam/steamapps/common/Amnesia The Bunker/entities/dynamic_decals/blood_trail/blood_trail.dds in 1 ms
WARNING: Loaded resource 'entities/dynamic_decals/blood_trail/blood_trail.dds' while the map was running.
    Loaded resource c:/Program Files (x86)/Steam/steamapps/common/Amnesia The Bunker/entities/dynamic_decals/blood_trail/blood_trail_nrm.dds in 0 ms
WARNING: Loaded resource 'entities/dynamic_decals/blood_trail/blood_trail_nrm.dds' while the map was running.
    Loaded resource c:/Program Files (x86)/Steam/steamapps/common/Amnesia The Bunker/entities/dynamic_decals/blood_trail/blood_trail_spec.dds in 0 ms
WARNING: Loaded resource 'entities/dynamic_decals/blood_trail/blood_trail_spec.dds' while the map was running.
  Loaded resource c:/Program Files (x86)/Steam/steamapps/common/Amnesia The Bunker/entities/dynamic_decals/blood_trail/blood_trail.mat in 1 ms
WARNING: Loaded resource 'entities/dynamic_decals/blood_trail/blood_trail.mat' while the map was running.
  Loaded resource c:/Program Files (x86)/Steam/steamapps/common/Amnesia The Bunker/entities/bunker/gameplay/medkit/medkit_cutscene.ent in 0 ms
WARNING: Loaded resource 'medkit_cutscene.ent' while the map was running.
      Loaded resource c:/Program Files (x86)/Steam/steamapps/common/Amnesia The Bunker/entities/survivors/tech/bandages/bandages.dds in 1 ms
WARNING: Loaded resource 'entities/_temp/marc/bandages/bandages.dds' while the map was running.
      Loaded resource c:/Program Files (x86)/Steam/steamapps/common/Amnesia The Bunker/entities/survivors/tech/bandages/bandages_nrm.dds in 1 ms
WARNING: Loaded resource 'entities/_temp/marc/bandages/bandages_nrm.dds' while the map was running.
      Loaded resource c:/Program Files (x86)/Steam/steamapps/common/Amnesia The Bunker/entities/survivors/tech/bandages/bandages_spec.dds in 1 ms
WARNING: Loaded resource 'entities/_temp/marc/bandages/bandages_spec.dds' while the map was running.
    Loaded resource c:/Program Files (x86)/Steam/steamapps/common/Amnesia The Bunker/entities/survivors/tech/bandages/bandages.mat in 3 ms
WARNING: Loaded resource 'entities/bunker/gameplay/medkit/bandages.mat' while the map was running.
      Loaded resource c:/Program Files (x86)/Steam/steamapps/common/Amnesia The Bunker/entities/bunker/gameplay/bottle_meds/bottle_meds_diffuse.dds in 2 ms
WARNING: Loaded resource 'entities/bunker/gameplay/bottle_meds/bottle_meds_diffuse.dds' while the map was running.
      Loaded resource c:/Program Files (x86)/Steam/steamapps/common/Amnesia The Bunker/entities/bunker/gameplay/bottle_meds/bottle_meds_nrm.dds in 4 ms
WARNING: Loaded resource 'entities/bunker/gameplay/bottle_meds/bottle_meds_nrm.dds' while the map was running.
      Loaded resource c:/Program Files (x86)/Steam/steamapps/common/Amnesia The Bunker/entities/bunker/gameplay/bottle_meds/bottle_meds_spec.dds in 4 ms
WARNING: Loaded resource 'entities/bunker/gameplay/bottle_meds/bottle_meds_spec.dds' while the map was running.
    Loaded resource c:/Program Files (x86)/Steam/steamapps/common/Amnesia The Bunker/entities/bunker/gameplay/bottle_meds/bottle_meds.mat in 10 ms
WARNING: Loaded resource 'entities/bunker/gameplay/medkit/bottle_meds.mat' while the map was running.
      Loaded resource c:/Program Files (x86)/Steam/steamapps/common/Amnesia The Bunker/entities/bunker/gameplay/medkit/medkit.dds in 1 ms
WARNING: Loaded resource 'entities/bunker/gameplay/medkit/medkit.dds' while the map was running.
      Loaded resource c:/Program Files (x86)/Steam/steamapps/common/Amnesia The Bunker/entities/bunker/gameplay/medkit/medkit_nrm.dds in 2 ms
WARNING: Loaded resource 'entities/bunker/gameplay/medkit/medkit_nrm.dds' while the map was running.
      Loaded resource c:/Program Files (x86)/Steam/steamapps/common/Amnesia The Bunker/entities/bunker/gameplay/medkit/medkit_spec.dds in 2 ms
WARNING: Loaded resource 'entities/bunker/gameplay/medkit/medkit_spec.dds' while the map was running.
    Loaded resource c:/Program Files (x86)/Steam/steamapps/common/Amnesia The Bunker/entities/bunker/gameplay/medkit/medkit.mat in 6 ms
WARNING: Loaded resource 'entities/bunker/gameplay/medkit/medkit.mat' while the map was running.
  Loaded resource c:/Program Files (x86)/Steam/steamapps/common/Amnesia The Bunker/entities/bunker/gameplay/medkit/medkit.fbx in 20 ms
WARNING: Loaded resource 'medkit.fbx' while the map was running.
  Loaded resource c:/Program Files (x86)/Steam/steamapps/common/Amnesia The Bunker/entities/bunker/gameplay/medkit/animations/medkit_closed.fbx in 0 ms
WARNING: Loaded resource 'c:/Program Files (x86)/Steam/steamapps/common/Amnesia The Bunker/entities/bunker/gameplay/medkit/animations/medkit_closed.fbx' while the map was running.
  Loaded resource c:/Program Files (x86)/Steam/steamapps/common/Amnesia The Bunker/entities/bunker/gameplay/medkit/animations/medkit_focus_start.fbx in 0 ms
WARNING: Loaded resource 'c:/Program Files (x86)/Steam/steamapps/common/Amnesia The Bunker/entities/bunker/gameplay/medkit/animations/medkit_focus_start.fbx' while the map was running.
  Loaded resource c:/Program Files (x86)/Steam/steamapps/common/Amnesia The Bunker/entities/bunker/gameplay/medkit/animations/medkit_focus_idle.fbx in 0 ms
WARNING: Loaded resource 'c:/Program Files (x86)/Steam/steamapps/common/Amnesia The Bunker/entities/bunker/gameplay/medkit/animations/medkit_focus_idle.fbx' while the map was running.
  Loaded resource c:/Program Files (x86)/Steam/steamapps/common/Amnesia The Bunker/entities/bunker/gameplay/medkit/animations/medkit_focus_end.fbx in 1 ms
WARNING: Loaded resource 'c:/Program Files (x86)/Steam/steamapps/common/Amnesia The Bunker/entities/bunker/gameplay/medkit/animations/medkit_focus_end.fbx' while the map was running.
  Loaded resource c:/Program Files (x86)/Steam/steamapps/common/Amnesia The Bunker/entities/bunker/gameplay/bandage/bandage_cutscene.ent in 0 ms
WARNING: Loaded resource 'bandage_cutscene.ent' while the map was running.
  Loaded resource c:/Program Files (x86)/Steam/steamapps/common/Amnesia The Bunker/entities/bunker/gameplay/bandage/bandage_tin.fbx in 0 ms
WARNING: Loaded resource 'bandage_tin.fbx' while the map was running.
  Loaded resource c:/Program Files (x86)/Steam/steamapps/common/Amnesia The Bunker/entities/bunker/gameplay/bandage/animations/bandage_tin_closed.fbx in 0 ms
WARNING: Loaded resource 'c:/Program Files (x86)/Steam/steamapps/common/Amnesia The Bunker/entities/bunker/gameplay/bandage/animations/bandage_tin_closed.fbx' while the map was running.
  Loaded resource c:/Program Files (x86)/Steam/steamapps/common/Amnesia The Bunker/entities/bunker/gameplay/bandage/animations/bandage_application_tin.fbx in 0 ms
WARNING: Loaded resource 'c:/Program Files (x86)/Steam/steamapps/common/Amnesia The Bunker/entities/bunker/gameplay/bandage/animations/bandage_application_tin.fbx' while the map was running.
  Loaded resource c:/Program Files (x86)/Steam/steamapps/common/Amnesia The Bunker/entities/bunker/gameplay/gas_mask_m2/gas_mask_cutscene.ent in 0 ms
WARNING: Loaded resource 'gas_mask_cutscene.ent' while the map was running.
      Loaded resource c:/Program Files (x86)/Steam/steamapps/common/Amnesia The Bunker/entities/bunker/gameplay/gas_mask_m2/gas_mask_m2.dds in 2 ms
WARNING: Loaded resource 'entities/bunker/gameplay/gas_mask_m2/gas_mask_m2.dds' while the map was running.
      Loaded resource c:/Program Files (x86)/Steam/steamapps/common/Amnesia The Bunker/entities/bunker/gameplay/gas_mask_m2/gas_mask_m2_nrm.dds in 1 ms
WARNING: Loaded resource 'entities/bunker/gameplay/gas_mask_m2/gas_mask_m2_nrm.dds' while the map was running.
      Loaded resource c:/Program Files (x86)/Steam/steamapps/common/Amnesia The Bunker/entities/bunker/gameplay/gas_mask_m2/gas_mask_m2_alpha.dds in 2 ms
WARNING: Loaded resource 'entities/bunker/gameplay/gas_mask_m2/gas_mask_m2_alpha.dds' while the map was running.
      Loaded resource c:/Program Files (x86)/Steam/steamapps/common/Amnesia The Bunker/entities/bunker/gameplay/gas_mask_m2/gas_mask_m2_spec.DDS in 0 ms
WARNING: Loaded resource 'entities/bunker/gameplay/gas_mask_m2/gas_mask_m2_spec.DDS' while the map was running.
    Loaded resource c:/Program Files (x86)/Steam/steamapps/common/Amnesia The Bunker/entities/bunker/gameplay/gas_mask_m2/gas_mask_m2.mat in 5 ms
WARNING: Loaded resource 'entities/bunker/gameplay/gas_mask_m2/gas_mask_m2.mat' while the map was running.
      Loaded resource c:/Program Files (x86)/Steam/steamapps/common/Amnesia The Bunker/entities/bunker/gameplay/gas_mask_m2/gas_mask_glass.dds in 0 ms
WARNING: Loaded resource 'entities/bunker/gameplay/gas_mask_m2/gas_mask_glass.dds' while the map was running.
    Loaded resource c:/Program Files (x86)/Steam/steamapps/common/Amnesia The Bunker/entities/bunker/gameplay/gas_mask_m2/gas_mask_glass.mat in 1 ms
WARNING: Loaded resource 'entities/bunker/gameplay/gas_mask_m2/gas_mask_glass.mat' while the map was running.
  Loaded resource c:/Program Files (x86)/Steam/steamapps/common/Amnesia The Bunker/entities/bunker/gameplay/gas_mask_m2/gas_mask_m2.fbx in 7 ms
WARNING: Loaded resource 'gas_mask_m2.fbx' while the map was running.
  Loaded resource c:/Program Files (x86)/Steam/steamapps/common/Amnesia The Bunker/entities/bunker/gameplay/gas_mask_m2/Animations/gas_mask_equip.fbx in 1 ms
WARNING: Loaded resource 'c:/Program Files (x86)/Steam/steamapps/common/Amnesia The Bunker/entities/bunker/gameplay/gas_mask_m2/Animations/gas_mask_equip.fbx' while the map was running.
  Loaded resource c:/Program Files (x86)/Steam/steamapps/common/Amnesia The Bunker/entities/bunker/gameplay/gas_mask_m2/Animations/gas_mask_unequip.fbx in 0 ms
WARNING: Loaded resource 'c:/Program Files (x86)/Steam/steamapps/common/Amnesia The Bunker/entities/bunker/gameplay/gas_mask_m2/Animations/gas_mask_unequip.fbx' while the map was running.
  Loaded resource c:/Program Files (x86)/Steam/steamapps/common/Amnesia The Bunker/entities/bunker/gameplay/gas_mask_m2/Animations/gas_mask_intro_hand_over.fbx in 0 ms
WARNING: Loaded resource 'c:/Program Files (x86)/Steam/steamapps/common/Amnesia The Bunker/entities/bunker/gameplay/gas_mask_m2/Animations/gas_mask_intro_hand_over.fbx' while the map was running.
Invalid internal path: 'a_ambience_wind_aeolianpipe_01.ogg'
Invalid internal path: 'a_ambience_wind_aeolianpipe_02.ogg'
Invalid internal path: 'a_ambience_wind_aeolianpipe_03.ogg'
Invalid internal path: 'a_ambience_wind_aeolianpipe_04.ogg'
Invalid internal path: 'a_ambience_wind_aeolianpipe_05.ogg'
Invalid internal path: 'a_ambience_wind_aeolianpipe_06.ogg'
  Loaded resource c:/Program Files (x86)/Steam/steamapps/common/Amnesia The Bunker/entities/character/player/player_bunker.ent in 4 ms
WARNING: Loaded resource 'player_bunker.ent' while the map was running.
      Loaded resource c:/Program Files (x86)/Steam/steamapps/common/Amnesia The Bunker/entities/character/player/player_body/player_body_soldier_body.dds in 9 ms
WARNING: Loaded resource '../../../../player_body/Submit/player_body_soldier/character/player_body_soldier/player_body_soldier_body.dds' while the map was running.
      Loaded resource c:/Program Files (x86)/Steam/steamapps/common/Amnesia The Bunker/entities/character/player/player_body/player_body_soldier_body_nrm.dds in 21 ms
WARNING: Loaded resource '../../../../player_body/Submit/player_body_soldier/character/player_body_soldier/player_body_soldier_body_nrm.dds' while the map was running.
      Loaded resource c:/Program Files (x86)/Steam/steamapps/common/Amnesia The Bunker/entities/character/player/player_body/player_body_soldier_body_spec.dds in 4 ms
WARNING: Loaded resource '../../../../player_body/Submit/player_body_soldier/character/player_body_soldier/player_body_soldier_body_spec.dds' while the map was running.
    Loaded resource c:/Program Files (x86)/Steam/steamapps/common/Amnesia The Bunker/entities/character/player/player_body/player_body_soldier_body.mat in 34 ms
WARNING: Loaded resource 'entities/character/player/player_body/player_body_soldier_body.mat' while the map was running.
      Loaded resource c:/Program Files (x86)/Steam/steamapps/common/Amnesia The Bunker/entities/character/player/player_body/player_body_soldier_arms.dds in 15 ms
WARNING: Loaded resource '../../../../player_body/Submit/player_body_soldier/character/player_body_soldier/player_body_soldier_arms.dds' while the map was running.
      Loaded resource c:/Program Files (x86)/Steam/steamapps/common/Amnesia The Bunker/entities/character/player/player_body/player_body_soldier_arms_nrm.dds in 18 ms
WARNING: Loaded resource '../../../../player_body/Submit/player_body_soldier/character/player_body_soldier/player_body_soldier_arms_nrm.dds' while the map was running.
      Loaded resource c:/Program Files (x86)/Steam/steamapps/common/Amnesia The Bunker/entities/character/player/player_body/player_body_soldier_arms_spec.dds in 4 ms
WARNING: Loaded resource '../../../../player_body/Submit/player_body_soldier/character/player_body_soldier/player_body_soldier_arms_spec.dds' while the map was running.
    Loaded resource c:/Program Files (x86)/Steam/steamapps/common/Amnesia The Bunker/entities/character/player/player_body/player_body_soldier_arms.mat in 38 ms
WARNING: Loaded resource 'entities/character/player/player_body/player_body_soldier_arms.mat' while the map was running.
      Loaded resource c:/Program Files (x86)/Steam/steamapps/common/Amnesia The Bunker/entities/character/player/player_body/player_body_soldier_hand.dds in 2 ms
WARNING: Loaded resource 'entities/character/player/player_body/player_body_soldier_hand.dds' while the map was running.
      Loaded resource c:/Program Files (x86)/Steam/steamapps/common/Amnesia The Bunker/entities/character/player/player_body/player_body_soldier_hand_nrm.dds in 4 ms
WARNING: Loaded resource 'entities/character/player/player_body/player_body_soldier_hand_nrm.dds' while the map was running.
      Loaded resource c:/Program Files (x86)/Steam/steamapps/common/Amnesia The Bunker/entities/character/player/player_body/player_body_soldier_hand_spec.dds in 4 ms
WARNING: Loaded resource 'entities/character/player/player_body/player_body_soldier_hand_spec.dds' while the map was running.
      Loaded resource c:/Program Files (x86)/Steam/steamapps/common/Amnesia The Bunker/entities/character/player/player_body/player_body_soldier_hand_trinkle.dds in 1 ms
WARNING: Loaded resource 'entities/character/player/player_body/player_body_soldier_hand_trinkle.dds' while the map was running.
    Loaded resource c:/Program Files (x86)/Steam/steamapps/common/Amnesia The Bunker/entities/character/player/player_body/player_body_soldier_hand.mat in 12 ms
WARNING: Loaded resource 'entities/character/player/player_body/player_body_soldier_hand.mat' while the map was running.
WARNING: More than 4 bones on a vertex in submesh 'player_body_soldier_arms' in mesh 'player_body_soldier.msh' !
WARNING: More than 4 bones on a vertex in submesh 'player_body_soldier_hand' in mesh 'player_body_soldier.msh' !
  Loaded resource c:/Program Files (x86)/Steam/steamapps/common/Amnesia The Bunker/entities/character/player/player_body/player_body_soldier.fbx in 86 ms
WARNING: Loaded resource 'player_body_soldier.fbx' while the map was running.
    Loaded resource c:/Program Files (x86)/Steam/steamapps/common/Amnesia The Bunker/textures/technical/simple_grey.dds in 0 ms
WARNING: Loaded resource 'textures/technical/simple_grey.dds' while the map was running.
    Loaded resource c:/Program Files (x86)/Steam/steamapps/common/Amnesia The Bunker/textures/technical/blank_nrm.dds in 0 ms
WARNING: Loaded resource 'textures/technical/blank_nrm.dds' while the map was running.
  Loaded resource c:/Program Files (x86)/Steam/steamapps/common/Amnesia The Bunker/textures/technical/simple_grey.mat in 1 ms
WARNING: Loaded resource 'textures/technical/simple_grey.mat' while the map was running.
  Loaded resource c:/Program Files (x86)/Steam/steamapps/common/Amnesia The Bunker/entities/character/player/animations/walk_fwd.fbx in 1 ms
WARNING: Loaded resource 'c:/Program Files (x86)/Steam/steamapps/common/Amnesia The Bunker/entities/character/player/animations/walk_fwd.fbx' while the map was running.
  Loaded resource c:/Program Files (x86)/Steam/steamapps/common/Amnesia The Bunker/entities/character/player/animations/walk_fwd_larm.fbx in 0 ms
WARNING: Loaded resource 'c:/Program Files (x86)/Steam/steamapps/common/Amnesia The Bunker/entities/character/player/animations/walk_fwd_larm.fbx' while the map was running.
  Loaded resource c:/Program Files (x86)/Steam/steamapps/common/Amnesia The Bunker/entities/character/player/animations/walk_fwd_rarm.fbx in 0 ms
WARNING: Loaded resource 'c:/Program Files (x86)/Steam/steamapps/common/Amnesia The Bunker/entities/character/player/animations/walk_fwd_rarm.fbx' while the map was running.
  Loaded resource c:/Program Files (x86)/Steam/steamapps/common/Amnesia The Bunker/entities/character/player/animations/walk_bkwd.fbx in 0 ms
WARNING: Loaded resource 'c:/Program Files (x86)/Steam/steamapps/common/Amnesia The Bunker/entities/character/player/animations/walk_bkwd.fbx' while the map was running.
  Loaded resource c:/Program Files (x86)/Steam/steamapps/common/Amnesia The Bunker/entities/character/player/animations/walk_bkwd_larm.fbx in 0 ms
WARNING: Loaded resource 'c:/Program Files (x86)/Steam/steamapps/common/Amnesia The Bunker/entities/character/player/animations/walk_bkwd_larm.fbx' while the map was running.
  Loaded resource c:/Program Files (x86)/Steam/steamapps/common/Amnesia The Bunker/entities/character/player/animations/walk_bkwd_rarm.fbx in 1 ms
WARNING: Loaded resource 'c:/Program Files (x86)/Steam/steamapps/common/Amnesia The Bunker/entities/character/player/animations/walk_bkwd_rarm.fbx' while the map was running.
  Loaded resource c:/Program Files (x86)/Steam/steamapps/common/Amnesia The Bunker/entities/character/player/animations/walk_strafe_right.fbx in 0 ms
WARNING: Loaded resource 'c:/Program Files (x86)/Steam/steamapps/common/Amnesia The Bunker/entities/character/player/animations/walk_strafe_right.fbx' while the map was running.
  Loaded resource c:/Program Files (x86)/Steam/steamapps/common/Amnesia The Bunker/entities/character/player/animations/walk_strafe_right_larm.fbx in 0 ms
WARNING: Loaded resource 'c:/Program Files (x86)/Steam/steamapps/common/Amnesia The Bunker/entities/character/player/animations/walk_strafe_right_larm.fbx' while the map was running.
  Loaded resource c:/Program Files (x86)/Steam/steamapps/common/Amnesia The Bunker/entities/character/player/animations/walk_strafe_right_rarm.fbx in 0 ms
WARNING: Loaded resource 'c:/Program Files (x86)/Steam/steamapps/common/Amnesia The Bunker/entities/character/player/animations/walk_strafe_right_rarm.fbx' while the map was running.
  Loaded resource c:/Program Files (x86)/Steam/steamapps/common/Amnesia The Bunker/entities/character/player/animations/walk_strafe_left.fbx in 0 ms
WARNING: Loaded resource 'c:/Program Files (x86)/Steam/steamapps/common/Amnesia The Bunker/entities/character/player/animations/walk_strafe_left.fbx' while the map was running.
  Loaded resource c:/Program Files (x86)/Steam/steamapps/common/Amnesia The Bunker/entities/character/player/animations/walk_strafe_left_larm.fbx in 0 ms
WARNING: Loaded resource 'c:/Program Files (x86)/Steam/steamapps/common/Amnesia The Bunker/entities/character/player/animations/walk_strafe_left_larm.fbx' while the map was running.
  Loaded resource c:/Program Files (x86)/Steam/steamapps/common/Amnesia The Bunker/entities/character/player/animations/walk_strafe_left_rarm.fbx in 1 ms
WARNING: Loaded resource 'c:/Program Files (x86)/Steam/steamapps/common/Amnesia The Bunker/entities/character/player/animations/walk_strafe_left_rarm.fbx' while the map was running.
  Loaded resource c:/Program Files (x86)/Steam/steamapps/common/Amnesia The Bunker/entities/character/player/animations/walk_right_fwd.fbx in 0 ms
WARNING: Loaded resource 'c:/Program Files (x86)/Steam/steamapps/common/Amnesia The Bunker/entities/character/player/animations/walk_right_fwd.fbx' while the map was running.
  Loaded resource c:/Program Files (x86)/Steam/steamapps/common/Amnesia The Bunker/entities/character/player/animations/walk_right_fwd_larm.fbx in 0 ms
WARNING: Loaded resource 'c:/Program Files (x86)/Steam/steamapps/common/Amnesia The Bunker/entities/character/player/animations/walk_right_fwd_larm.fbx' while the map was running.
  Loaded resource c:/Program Files (x86)/Steam/steamapps/common/Amnesia The Bunker/entities/character/player/animations/walk_right_fwd_rarm.fbx in 0 ms
WARNING: Loaded resource 'c:/Program Files (x86)/Steam/steamapps/common/Amnesia The Bunker/entities/character/player/animations/walk_right_fwd_rarm.fbx' while the map was running.
  Loaded resource c:/Program Files (x86)/Steam/steamapps/common/Amnesia The Bunker/entities/character/player/animations/walk_right_bkwd.fbx in 0 ms
WARNING: Loaded resource 'c:/Program Files (x86)/Steam/steamapps/common/Amnesia The Bunker/entities/character/player/animations/walk_right_bkwd.fbx' while the map was running.
  Loaded resource c:/Program Files (x86)/Steam/steamapps/common/Amnesia The Bunker/entities/character/player/animations/walk_right_bkwd_larm.fbx in 0 ms
WARNING: Loaded resource 'c:/Program Files (x86)/Steam/steamapps/common/Amnesia The Bunker/entities/character/player/animations/walk_right_bkwd_larm.fbx' while the map was running.
  Loaded resource c:/Program Files (x86)/Steam/steamapps/common/Amnesia The Bunker/entities/character/player/animations/walk_right_bkwd_rarm.fbx in 0 ms
WARNING: Loaded resource 'c:/Program Files (x86)/Steam/steamapps/common/Amnesia The Bunker/entities/character/player/animations/walk_right_bkwd_rarm.fbx' while the map was running.
  Loaded resource c:/Program Files (x86)/Steam/steamapps/common/Amnesia The Bunker/entities/character/player/animations/walk_left_fwd.fbx in 1 ms
WARNING: Loaded resource 'c:/Program Files (x86)/Steam/steamapps/common/Amnesia The Bunker/entities/character/player/animations/walk_left_fwd.fbx' while the map was running.
  Loaded resource c:/Program Files (x86)/Steam/steamapps/common/Amnesia The Bunker/entities/character/player/animations/walk_left_fwd_larm.fbx in 0 ms
WARNING: Loaded resource 'c:/Program Files (x86)/Steam/steamapps/common/Amnesia The Bunker/entities/character/player/animations/walk_left_fwd_larm.fbx' while the map was running.
  Loaded resource c:/Program Files (x86)/Steam/steamapps/common/Amnesia The Bunker/entities/character/player/animations/walk_left_fwd_rarm.fbx in 0 ms
WARNING: Loaded resource 'c:/Program Files (x86)/Steam/steamapps/common/Amnesia The Bunker/entities/character/player/animations/walk_left_fwd_rarm.fbx' while the map was running.
  Loaded resource c:/Program Files (x86)/Steam/steamapps/common/Amnesia The Bunker/entities/character/player/animations/walk_left_bkwd.fbx in 0 ms
WARNING: Loaded resource 'c:/Program Files (x86)/Steam/steamapps/common/Amnesia The Bunker/entities/character/player/animations/walk_left_bkwd.fbx' while the map was running.
  Loaded resource c:/Program Files (x86)/Steam/steamapps/common/Amnesia The Bunker/entities/character/player/animations/walk_left_bkwd_larm.fbx in 0 ms
WARNING: Loaded resource 'c:/Program Files (x86)/Steam/steamapps/common/Amnesia The Bunker/entities/character/player/animations/walk_left_bkwd_larm.fbx' while the map was running.
  Loaded resource c:/Program Files (x86)/Steam/steamapps/common/Amnesia The Bunker/entities/character/player/animations/walk_left_bkwd_rarm.fbx in 0 ms
WARNING: Loaded resource 'c:/Program Files (x86)/Steam/steamapps/common/Amnesia The Bunker/entities/character/player/animations/walk_left_bkwd_rarm.fbx' while the map was running.
  Loaded resource c:/Program Files (x86)/Steam/steamapps/common/Amnesia The Bunker/entities/character/player/animations/run_fwd.fbx in 1 ms
WARNING: Loaded resource 'c:/Program Files (x86)/Steam/steamapps/common/Amnesia The Bunker/entities/character/player/animations/run_fwd.fbx' while the map was running.
  Loaded resource c:/Program Files (x86)/Steam/steamapps/common/Amnesia The Bunker/entities/character/player/animations/run_fwd_larm.fbx in 0 ms
WARNING: Loaded resource 'c:/Program Files (x86)/Steam/steamapps/common/Amnesia The Bunker/entities/character/player/animations/run_fwd_larm.fbx' while the map was running.
  Loaded resource c:/Program Files (x86)/Steam/steamapps/common/Amnesia The Bunker/entities/character/player/animations/run_fwd_rarm.fbx in 0 ms
WARNING: Loaded resource 'c:/Program Files (x86)/Steam/steamapps/common/Amnesia The Bunker/entities/character/player/animations/run_fwd_rarm.fbx' while the map was running.
  Loaded resource c:/Program Files (x86)/Steam/steamapps/common/Amnesia The Bunker/entities/character/player/animations/run_strafe_right.fbx in 0 ms
WARNING: Loaded resource 'c:/Program Files (x86)/Steam/steamapps/common/Amnesia The Bunker/entities/character/player/animations/run_strafe_right.fbx' while the map was running.
  Loaded resource c:/Program Files (x86)/Steam/steamapps/common/Amnesia The Bunker/entities/character/player/animations/run_strafe_right_larm.fbx in 0 ms
WARNING: Loaded resource 'c:/Program Files (x86)/Steam/steamapps/common/Amnesia The Bunker/entities/character/player/animations/run_strafe_right_larm.fbx' while the map was running.
  Loaded resource c:/Program Files (x86)/Steam/steamapps/common/Amnesia The Bunker/entities/character/player/animations/run_strafe_right_rarm.fbx in 0 ms
WARNING: Loaded resource 'c:/Program Files (x86)/Steam/steamapps/common/Amnesia The Bunker/entities/character/player/animations/run_strafe_right_rarm.fbx' while the map was running.
  Loaded resource c:/Program Files (x86)/Steam/steamapps/common/Amnesia The Bunker/entities/character/player/animations/run_strafe_left.fbx in 1 ms
WARNING: Loaded resource 'c:/Program Files (x86)/Steam/steamapps/common/Amnesia The Bunker/entities/character/player/animations/run_strafe_left.fbx' while the map was running.
  Loaded resource c:/Program Files (x86)/Steam/steamapps/common/Amnesia The Bunker/entities/character/player/animations/run_strafe_left_larm.fbx in 0 ms
WARNING: Loaded resource 'c:/Program Files (x86)/Steam/steamapps/common/Amnesia The Bunker/entities/character/player/animations/run_strafe_left_larm.fbx' while the map was running.
  Loaded resource c:/Program Files (x86)/Steam/steamapps/common/Amnesia The Bunker/entities/character/player/animations/run_strafe_left_rarm.fbx in 0 ms
WARNING: Loaded resource 'c:/Program Files (x86)/Steam/steamapps/common/Amnesia The Bunker/entities/character/player/animations/run_strafe_left_rarm.fbx' while the map was running.
  Loaded resource c:/Program Files (x86)/Steam/steamapps/common/Amnesia The Bunker/entities/character/player/animations/run_fwd_right.fbx in 0 ms
WARNING: Loaded resource 'c:/Program Files (x86)/Steam/steamapps/common/Amnesia The Bunker/entities/character/player/animations/run_fwd_right.fbx' while the map was running.
  Loaded resource c:/Program Files (x86)/Steam/steamapps/common/Amnesia The Bunker/entities/character/player/animations/run_fwd_right_larm.fbx in 0 ms
WARNING: Loaded resource 'c:/Program Files (x86)/Steam/steamapps/common/Amnesia The Bunker/entities/character/player/animations/run_fwd_right_larm.fbx' while the map was running.
  Loaded resource c:/Program Files (x86)/Steam/steamapps/common/Amnesia The Bunker/entities/character/player/animations/run_fwd_right_rarm.fbx in 0 ms
WARNING: Loaded resource 'c:/Program Files (x86)/Steam/steamapps/common/Amnesia The Bunker/entities/character/player/animations/run_fwd_right_rarm.fbx' while the map was running.
  Loaded resource c:/Program Files (x86)/Steam/steamapps/common/Amnesia The Bunker/entities/character/player/animations/run_fwd_left.fbx in 0 ms
WARNING: Loaded resource 'c:/Program Files (x86)/Steam/steamapps/common/Amnesia The Bunker/entities/character/player/animations/run_fwd_left.fbx' while the map was running.
  Loaded resource c:/Program Files (x86)/Steam/steamapps/common/Amnesia The Bunker/entities/character/player/animations/run_fwd_left_larm.fbx in 1 ms
WARNING: Loaded resource 'c:/Program Files (x86)/Steam/steamapps/common/Amnesia The Bunker/entities/character/player/animations/run_fwd_left_larm.fbx' while the map was running.
  Loaded resource c:/Program Files (x86)/Steam/steamapps/common/Amnesia The Bunker/entities/character/player/animations/run_fwd_left_rarm.fbx in 0 ms
WARNING: Loaded resource 'c:/Program Files (x86)/Steam/steamapps/common/Amnesia The Bunker/entities/character/player/animations/run_fwd_left_rarm.fbx' while the map was running.
  Loaded resource c:/Program Files (x86)/Steam/steamapps/common/Amnesia The Bunker/entities/character/player/animations/idle_stand.fbx in 0 ms
WARNING: Loaded resource 'c:/Program Files (x86)/Steam/steamapps/common/Amnesia The Bunker/entities/character/player/animations/idle_stand.fbx' while the map was running.
  Loaded resource c:/Program Files (x86)/Steam/steamapps/common/Amnesia The Bunker/entities/character/player/animations/idle_stand_larm.fbx in 0 ms
WARNING: Loaded resource 'c:/Program Files (x86)/Steam/steamapps/common/Amnesia The Bunker/entities/character/player/animations/idle_stand_larm.fbx' while the map was running.
  Loaded resource c:/Program Files (x86)/Steam/steamapps/common/Amnesia The Bunker/entities/character/player/animations/idle_stand_rarm.fbx in 1 ms
WARNING: Loaded resource 'c:/Program Files (x86)/Steam/steamapps/common/Amnesia The Bunker/entities/character/player/animations/idle_stand_rarm.fbx' while the map was running.
  Loaded resource c:/Program Files (x86)/Steam/steamapps/common/Amnesia The Bunker/entities/character/player/animations/stand_turn_left90.fbx in 0 ms
WARNING: Loaded resource 'c:/Program Files (x86)/Steam/steamapps/common/Amnesia The Bunker/entities/character/player/animations/stand_turn_left90.fbx' while the map was running.
  Loaded resource c:/Program Files (x86)/Steam/steamapps/common/Amnesia The Bunker/entities/character/player/animations/stand_turn_left90_larm.fbx in 0 ms
WARNING: Loaded resource 'c:/Program Files (x86)/Steam/steamapps/common/Amnesia The Bunker/entities/character/player/animations/stand_turn_left90_larm.fbx' while the map was running.
  Loaded resource c:/Program Files (x86)/Steam/steamapps/common/Amnesia The Bunker/entities/character/player/animations/stand_turn_left90_rarm.fbx in 0 ms
WARNING: Loaded resource 'c:/Program Files (x86)/Steam/steamapps/common/Amnesia The Bunker/entities/character/player/animations/stand_turn_left90_rarm.fbx' while the map was running.
  Loaded resource c:/Program Files (x86)/Steam/steamapps/common/Amnesia The Bunker/entities/character/player/animations/stand_turn_right90.fbx in 0 ms
WARNING: Loaded resource 'c:/Program Files (x86)/Steam/steamapps/common/Amnesia The Bunker/entities/character/player/animations/stand_turn_right90.fbx' while the map was running.
  Loaded resource c:/Program Files (x86)/Steam/steamapps/common/Amnesia The Bunker/entities/character/player/animations/stand_turn_right90_larm.fbx in 0 ms
WARNING: Loaded resource 'c:/Program Files (x86)/Steam/steamapps/common/Amnesia The Bunker/entities/character/player/animations/stand_turn_right90_larm.fbx' while the map was running.
  Loaded resource c:/Program Files (x86)/Steam/steamapps/common/Amnesia The Bunker/entities/character/player/animations/stand_turn_right90_rarm.fbx in 0 ms
WARNING: Loaded resource 'c:/Program Files (x86)/Steam/steamapps/common/Amnesia The Bunker/entities/character/player/animations/stand_turn_right90_rarm.fbx' while the map was running.
  Loaded resource c:/Program Files (x86)/Steam/steamapps/common/Amnesia The Bunker/entities/character/player/animations/idle_stand_tr_crouch.fbx in 1 ms
WARNING: Loaded resource 'c:/Program Files (x86)/Steam/steamapps/common/Amnesia The Bunker/entities/character/player/animations/idle_stand_tr_crouch.fbx' while the map was running.
  Loaded resource c:/Program Files (x86)/Steam/steamapps/common/Amnesia The Bunker/entities/character/player/animations/idle_stand_tr_crouch_larm.fbx in 0 ms
WARNING: Loaded resource 'c:/Program Files (x86)/Steam/steamapps/common/Amnesia The Bunker/entities/character/player/animations/idle_stand_tr_crouch_larm.fbx' while the map was running.
  Loaded resource c:/Program Files (x86)/Steam/steamapps/common/Amnesia The Bunker/entities/character/player/animations/idle_stand_tr_crouch_rarm.fbx in 0 ms
WARNING: Loaded resource 'c:/Program Files (x86)/Steam/steamapps/common/Amnesia The Bunker/entities/character/player/animations/idle_stand_tr_crouch_rarm.fbx' while the map was running.
  Loaded resource c:/Program Files (x86)/Steam/steamapps/common/Amnesia The Bunker/entities/character/player/animations/crouch_tr_idle_stand.fbx in 0 ms
WARNING: Loaded resource 'c:/Program Files (x86)/Steam/steamapps/common/Amnesia The Bunker/entities/character/player/animations/crouch_tr_idle_stand.fbx' while the map was running.
  Loaded resource c:/Program Files (x86)/Steam/steamapps/common/Amnesia The Bunker/entities/character/player/animations/crouch_tr_idle_stand_larm.fbx in 0 ms
WARNING: Loaded resource 'c:/Program Files (x86)/Steam/steamapps/common/Amnesia The Bunker/entities/character/player/animations/crouch_tr_idle_stand_larm.fbx' while the map was running.
  Loaded resource c:/Program Files (x86)/Steam/steamapps/common/Amnesia The Bunker/entities/character/player/animations/crouch_tr_idle_stand_rarm.fbx in 0 ms
WARNING: Loaded resource 'c:/Program Files (x86)/Steam/steamapps/common/Amnesia The Bunker/entities/character/player/animations/crouch_tr_idle_stand_rarm.fbx' while the map was running.
  Loaded resource c:/Program Files (x86)/Steam/steamapps/common/Amnesia The Bunker/entities/character/player/animations/crouch_fwd.fbx in 1 ms
WARNING: Loaded resource 'c:/Program Files (x86)/Steam/steamapps/common/Amnesia The Bunker/entities/character/player/animations/crouch_fwd.fbx' while the map was running.
  Loaded resource c:/Program Files (x86)/Steam/steamapps/common/Amnesia The Bunker/entities/character/player/animations/crouch_fwd_larm.fbx in 0 ms
WARNING: Loaded resource 'c:/Program Files (x86)/Steam/steamapps/common/Amnesia The Bunker/entities/character/player/animations/crouch_fwd_larm.fbx' while the map was running.
  Loaded resource c:/Program Files (x86)/Steam/steamapps/common/Amnesia The Bunker/entities/character/player/animations/crouch_fwd_rarm.fbx in 0 ms
WARNING: Loaded resource 'c:/Program Files (x86)/Steam/steamapps/common/Amnesia The Bunker/entities/character/player/animations/crouch_fwd_rarm.fbx' while the map was running.
  Loaded resource c:/Program Files (x86)/Steam/steamapps/common/Amnesia The Bunker/entities/character/player/animations/crouch_bkwd.fbx in 0 ms
WARNING: Loaded resource 'c:/Program Files (x86)/Steam/steamapps/common/Amnesia The Bunker/entities/character/player/animations/crouch_bkwd.fbx' while the map was running.
  Loaded resource c:/Program Files (x86)/Steam/steamapps/common/Amnesia The Bunker/entities/character/player/animations/crouch_bkwd_larm.fbx in 0 ms
WARNING: Loaded resource 'c:/Program Files (x86)/Steam/steamapps/common/Amnesia The Bunker/entities/character/player/animations/crouch_bkwd_larm.fbx' while the map was running.
  Loaded resource c:/Program Files (x86)/Steam/steamapps/common/Amnesia The Bunker/entities/character/player/animations/crouch_bkwd_rarm.fbx in 0 ms
WARNING: Loaded resource 'c:/Program Files (x86)/Steam/steamapps/common/Amnesia The Bunker/entities/character/player/animations/crouch_bkwd_rarm.fbx' while the map was running.
  Loaded resource c:/Program Files (x86)/Steam/steamapps/common/Amnesia The Bunker/entities/character/player/animations/crouch_strafe_right.fbx in 1 ms
WARNING: Loaded resource 'c:/Program Files (x86)/Steam/steamapps/common/Amnesia The Bunker/entities/character/player/animations/crouch_strafe_right.fbx' while the map was running.
  Loaded resource c:/Program Files (x86)/Steam/steamapps/common/Amnesia The Bunker/entities/character/player/animations/crouch_strafe_right_larm.fbx in 0 ms
WARNING: Loaded resource 'c:/Program Files (x86)/Steam/steamapps/common/Amnesia The Bunker/entities/character/player/animations/crouch_strafe_right_larm.fbx' while the map was running.
  Loaded resource c:/Program Files (x86)/Steam/steamapps/common/Amnesia The Bunker/entities/character/player/animations/crouch_strafe_right_rarm.fbx in 0 ms
WARNING: Loaded resource 'c:/Program Files (x86)/Steam/steamapps/common/Amnesia The Bunker/entities/character/player/animations/crouch_strafe_right_rarm.fbx' while the map was running.
  Loaded resource c:/Program Files (x86)/Steam/steamapps/common/Amnesia The Bunker/entities/character/player/animations/crouch_strafe_left.fbx in 0 ms
WARNING: Loaded resource 'c:/Program Files (x86)/Steam/steamapps/common/Amnesia The Bunker/entities/character/player/animations/crouch_strafe_left.fbx' while the map was running.
  Loaded resource c:/Program Files (x86)/Steam/steamapps/common/Amnesia The Bunker/entities/character/player/animations/crouch_strafe_left_larm.fbx in 0 ms
WARNING: Loaded resource 'c:/Program Files (x86)/Steam/steamapps/common/Amnesia The Bunker/entities/character/player/animations/crouch_strafe_left_larm.fbx' while the map was running.
  Loaded resource c:/Program Files (x86)/Steam/steamapps/common/Amnesia The Bunker/entities/character/player/animations/crouch_strafe_left_rarm.fbx in 1 ms
WARNING: Loaded resource 'c:/Program Files (x86)/Steam/steamapps/common/Amnesia The Bunker/entities/character/player/animations/crouch_strafe_left_rarm.fbx' while the map was running.
  Loaded resource c:/Program Files (x86)/Steam/steamapps/common/Amnesia The Bunker/entities/character/player/animations/crouch_fwd_right.fbx in 0 ms
WARNING: Loaded resource 'c:/Program Files (x86)/Steam/steamapps/common/Amnesia The Bunker/entities/character/player/animations/crouch_fwd_right.fbx' while the map was running.
  Loaded resource c:/Program Files (x86)/Steam/steamapps/common/Amnesia The Bunker/entities/character/player/animations/crouch_fwd_right_larm.fbx in 0 ms
WARNING: Loaded resource 'c:/Program Files (x86)/Steam/steamapps/common/Amnesia The Bunker/entities/character/player/animations/crouch_fwd_right_larm.fbx' while the map was running.
  Loaded resource c:/Program Files (x86)/Steam/steamapps/common/Amnesia The Bunker/entities/character/player/animations/crouch_fwd_right_rarm.fbx in 0 ms
WARNING: Loaded resource 'c:/Program Files (x86)/Steam/steamapps/common/Amnesia The Bunker/entities/character/player/animations/crouch_fwd_right_rarm.fbx' while the map was running.
  Loaded resource c:/Program Files (x86)/Steam/steamapps/common/Amnesia The Bunker/entities/character/player/animations/crouch_bkwd_right.fbx in 0 ms
WARNING: Loaded resource 'c:/Program Files (x86)/Steam/steamapps/common/Amnesia The Bunker/entities/character/player/animations/crouch_bkwd_right.fbx' while the map was running.
  Loaded resource c:/Program Files (x86)/Steam/steamapps/common/Amnesia The Bunker/entities/character/player/animations/crouch_bkwd_right_larm.fbx in 0 ms
WARNING: Loaded resource 'c:/Program Files (x86)/Steam/steamapps/common/Amnesia The Bunker/entities/character/player/animations/crouch_bkwd_right_larm.fbx' while the map was running.
  Loaded resource c:/Program Files (x86)/Steam/steamapps/common/Amnesia The Bunker/entities/character/player/animations/crouch_bkwd_right_rarm.fbx in 1 ms
WARNING: Loaded resource 'c:/Program Files (x86)/Steam/steamapps/common/Amnesia The Bunker/entities/character/player/animations/crouch_bkwd_right_rarm.fbx' while the map was running.
  Loaded resource c:/Program Files (x86)/Steam/steamapps/common/Amnesia The Bunker/entities/character/player/animations/crouch_fwd_left.fbx in 0 ms
WARNING: Loaded resource 'c:/Program Files (x86)/Steam/steamapps/common/Amnesia The Bunker/entities/character/player/animations/crouch_fwd_left.fbx' while the map was running.
  Loaded resource c:/Program Files (x86)/Steam/steamapps/common/Amnesia The Bunker/entities/character/player/animations/crouch_fwd_left_larm.fbx in 0 ms
WARNING: Loaded resource 'c:/Program Files (x86)/Steam/steamapps/common/Amnesia The Bunker/entities/character/player/animations/crouch_fwd_left_larm.fbx' while the map was running.
  Loaded resource c:/Program Files (x86)/Steam/steamapps/common/Amnesia The Bunker/entities/character/player/animations/crouch_fwd_left_rarm.fbx in 0 ms
WARNING: Loaded resource 'c:/Program Files (x86)/Steam/steamapps/common/Amnesia The Bunker/entities/character/player/animations/crouch_fwd_left_rarm.fbx' while the map was running.
  Loaded resource c:/Program Files (x86)/Steam/steamapps/common/Amnesia The Bunker/entities/character/player/animations/crouch_bkwd_left.fbx in 0 ms
WARNING: Loaded resource 'c:/Program Files (x86)/Steam/steamapps/common/Amnesia The Bunker/entities/character/player/animations/crouch_bkwd_left.fbx' while the map was running.
  Loaded resource c:/Program Files (x86)/Steam/steamapps/common/Amnesia The Bunker/entities/character/player/animations/crouch_bkwd_left_larm.fbx in 1 ms
WARNING: Loaded resource 'c:/Program Files (x86)/Steam/steamapps/common/Amnesia The Bunker/entities/character/player/animations/crouch_bkwd_left_larm.fbx' while the map was running.
  Loaded resource c:/Program Files (x86)/Steam/steamapps/common/Amnesia The Bunker/entities/character/player/animations/crouch_bkwd_left_rarm.fbx in 0 ms
WARNING: Loaded resource 'c:/Program Files (x86)/Steam/steamapps/common/Amnesia The Bunker/entities/character/player/animations/crouch_bkwd_left_rarm.fbx' while the map was running.
  Loaded resource c:/Program Files (x86)/Steam/steamapps/common/Amnesia The Bunker/entities/character/player/animations/crouch_idle.fbx in 0 ms
WARNING: Loaded resource 'c:/Program Files (x86)/Steam/steamapps/common/Amnesia The Bunker/entities/character/player/animations/crouch_idle.fbx' while the map was running.
  Loaded resource c:/Program Files (x86)/Steam/steamapps/common/Amnesia The Bunker/entities/character/player/animations/crouch_idle_larm.fbx in 0 ms
WARNING: Loaded resource 'c:/Program Files (x86)/Steam/steamapps/common/Amnesia The Bunker/entities/character/player/animations/crouch_idle_larm.fbx' while the map was running.
  Loaded resource c:/Program Files (x86)/Steam/steamapps/common/Amnesia The Bunker/entities/character/player/animations/crouch_idle_rarm.fbx in 0 ms
WARNING: Loaded resource 'c:/Program Files (x86)/Steam/steamapps/common/Amnesia The Bunker/entities/character/player/animations/crouch_idle_rarm.fbx' while the map was running.
  Loaded resource c:/Program Files (x86)/Steam/steamapps/common/Amnesia The Bunker/entities/character/player/animations/crouch_turn_left90.fbx in 0 ms
WARNING: Loaded resource 'c:/Program Files (x86)/Steam/steamapps/common/Amnesia The Bunker/entities/character/player/animations/crouch_turn_left90.fbx' while the map was running.
  Loaded resource c:/Program Files (x86)/Steam/steamapps/common/Amnesia The Bunker/entities/character/player/animations/crouch_turn_left90_larm.fbx in 0 ms
WARNING: Loaded resource 'c:/Program Files (x86)/Steam/steamapps/common/Amnesia The Bunker/entities/character/player/animations/crouch_turn_left90_larm.fbx' while the map was running.
  Loaded resource c:/Program Files (x86)/Steam/steamapps/common/Amnesia The Bunker/entities/character/player/animations/crouch_turn_left90_rarm.fbx in 1 ms
WARNING: Loaded resource 'c:/Program Files (x86)/Steam/steamapps/common/Amnesia The Bunker/entities/character/player/animations/crouch_turn_left90_rarm.fbx' while the map was running.
  Loaded resource c:/Program Files (x86)/Steam/steamapps/common/Amnesia The Bunker/entities/character/player/animations/crouch_turn_right90.fbx in 0 ms
WARNING: Loaded resource 'c:/Program Files (x86)/Steam/steamapps/common/Amnesia The Bunker/entities/character/player/animations/crouch_turn_right90.fbx' while the map was running.
  Loaded resource c:/Program Files (x86)/Steam/steamapps/common/Amnesia The Bunker/entities/character/player/animations/crouch_turn_right90_larm.fbx in 0 ms
WARNING: Loaded resource 'c:/Program Files (x86)/Steam/steamapps/common/Amnesia The Bunker/entities/character/player/animations/crouch_turn_right90_larm.fbx' while the map was running.
  Loaded resource c:/Program Files (x86)/Steam/steamapps/common/Amnesia The Bunker/entities/character/player/animations/crouch_turn_right90_rarm.fbx in 0 ms
WARNING: Loaded resource 'c:/Program Files (x86)/Steam/steamapps/common/Amnesia The Bunker/entities/character/player/animations/crouch_turn_right90_rarm.fbx' while the map was running.
  Loaded resource c:/Program Files (x86)/Steam/steamapps/common/Amnesia The Bunker/entities/character/player/animations/player_prone_fwd_head_bob.fbx in 0 ms
WARNING: Loaded resource 'c:/Program Files (x86)/Steam/steamapps/common/Amnesia The Bunker/entities/character/player/animations/player_prone_fwd_head_bob.fbx' while the map was running.
  Loaded resource c:/Program Files (x86)/Steam/steamapps/common/Amnesia The Bunker/entities/character/player/animations/player_crouch_tr_prone_idle.fbx in 0 ms
WARNING: Loaded resource 'c:/Program Files (x86)/Steam/steamapps/common/Amnesia The Bunker/entities/character/player/animations/player_crouch_tr_prone_idle.fbx' while the map was running.
  Loaded resource c:/Program Files (x86)/Steam/steamapps/common/Amnesia The Bunker/entities/character/player/animations/player_crouch_tr_prone_idle_larm.fbx in 0 ms
WARNING: Loaded resource 'c:/Program Files (x86)/Steam/steamapps/common/Amnesia The Bunker/entities/character/player/animations/player_crouch_tr_prone_idle_larm.fbx' while the map was running.
  Loaded resource c:/Program Files (x86)/Steam/steamapps/common/Amnesia The Bunker/entities/character/player/animations/player_crouch_tr_prone_idle_rarm.fbx in 0 ms
WARNING: Loaded resource 'c:/Program Files (x86)/Steam/steamapps/common/Amnesia The Bunker/entities/character/player/animations/player_crouch_tr_prone_idle_rarm.fbx' while the map was running.
  Loaded resource c:/Program Files (x86)/Steam/steamapps/common/Amnesia The Bunker/entities/character/player/animations/player_prone_idle_tr_crouch.fbx in 0 ms
WARNING: Loaded resource 'c:/Program Files (x86)/Steam/steamapps/common/Amnesia The Bunker/entities/character/player/animations/player_prone_idle_tr_crouch.fbx' while the map was running.
  Loaded resource c:/Program Files (x86)/Steam/steamapps/common/Amnesia The Bunker/entities/character/player/animations/player_prone_idle_tr_crouch_larm.fbx in 0 ms
WARNING: Loaded resource 'c:/Program Files (x86)/Steam/steamapps/common/Amnesia The Bunker/entities/character/player/animations/player_prone_idle_tr_crouch_larm.fbx' while the map was running.
  Loaded resource c:/Program Files (x86)/Steam/steamapps/common/Amnesia The Bunker/entities/character/player/animations/player_prone_idle_tr_crouch_rarm.fbx in 1 ms
WARNING: Loaded resource 'c:/Program Files (x86)/Steam/steamapps/common/Amnesia The Bunker/entities/character/player/animations/player_prone_idle_tr_crouch_rarm.fbx' while the map was running.
  Loaded resource c:/Program Files (x86)/Steam/steamapps/common/Amnesia The Bunker/entities/character/player/animations/jump_launch.fbx in 0 ms
WARNING: Loaded resource 'c:/Program Files (x86)/Steam/steamapps/common/Amnesia The Bunker/entities/character/player/animations/jump_launch.fbx' while the map was running.
  Loaded resource c:/Program Files (x86)/Steam/steamapps/common/Amnesia The Bunker/entities/character/player/animations/jump_launch_larm.fbx in 0 ms
WARNING: Loaded resource 'c:/Program Files (x86)/Steam/steamapps/common/Amnesia The Bunker/entities/character/player/animations/jump_launch_larm.fbx' while the map was running.
  Loaded resource c:/Program Files (x86)/Steam/steamapps/common/Amnesia The Bunker/entities/character/player/animations/jump_launch_rarm.fbx in 0 ms
WARNING: Loaded resource 'c:/Program Files (x86)/Steam/steamapps/common/Amnesia The Bunker/entities/character/player/animations/jump_launch_rarm.fbx' while the map was running.
  Loaded resource c:/Program Files (x86)/Steam/steamapps/common/Amnesia The Bunker/entities/character/player/animations/jump_fall.fbx in 0 ms
WARNING: Loaded resource 'c:/Program Files (x86)/Steam/steamapps/common/Amnesia The Bunker/entities/character/player/animations/jump_fall.fbx' while the map was running.
  Loaded resource c:/Program Files (x86)/Steam/steamapps/common/Amnesia The Bunker/entities/character/player/animations/jump_fall_larm.fbx in 0 ms
WARNING: Loaded resource 'c:/Program Files (x86)/Steam/steamapps/common/Amnesia The Bunker/entities/character/player/animations/jump_fall_larm.fbx' while the map was running.
  Loaded resource c:/Program Files (x86)/Steam/steamapps/common/Amnesia The Bunker/entities/character/player/animations/jump_fall_rarm.fbx in 1 ms
WARNING: Loaded resource 'c:/Program Files (x86)/Steam/steamapps/common/Amnesia The Bunker/entities/character/player/animations/jump_fall_rarm.fbx' while the map was running.
  Loaded resource c:/Program Files (x86)/Steam/steamapps/common/Amnesia The Bunker/entities/character/player/animations/jump_land.fbx in 0 ms
WARNING: Loaded resource 'c:/Program Files (x86)/Steam/steamapps/common/Amnesia The Bunker/entities/character/player/animations/jump_land.fbx' while the map was running.
  Loaded resource c:/Program Files (x86)/Steam/steamapps/common/Amnesia The Bunker/entities/character/player/animations/jump_land_larm.fbx in 0 ms
WARNING: Loaded resource 'c:/Program Files (x86)/Steam/steamapps/common/Amnesia The Bunker/entities/character/player/animations/jump_land_larm.fbx' while the map was running.
  Loaded resource c:/Program Files (x86)/Steam/steamapps/common/Amnesia The Bunker/entities/character/player/animations/jump_land_rarm.fbx in 0 ms
WARNING: Loaded resource 'c:/Program Files (x86)/Steam/steamapps/common/Amnesia The Bunker/entities/character/player/animations/jump_land_rarm.fbx' while the map was running.
  Loaded resource c:/Program Files (x86)/Steam/steamapps/common/Amnesia The Bunker/entities/character/player/animations/climb_attach.fbx in 0 ms
WARNING: Loaded resource 'c:/Program Files (x86)/Steam/steamapps/common/Amnesia The Bunker/entities/character/player/animations/climb_attach.fbx' while the map was running.
  Loaded resource c:/Program Files (x86)/Steam/steamapps/common/Amnesia The Bunker/entities/character/player/animations/climb_idle_left.fbx in 0 ms
WARNING: Loaded resource 'c:/Program Files (x86)/Steam/steamapps/common/Amnesia The Bunker/entities/character/player/animations/climb_idle_left.fbx' while the map was running.
  Loaded resource c:/Program Files (x86)/Steam/steamapps/common/Amnesia The Bunker/entities/character/player/animations/climb_idle_right.fbx in 0 ms
WARNING: Loaded resource 'c:/Program Files (x86)/Steam/steamapps/common/Amnesia The Bunker/entities/character/player/animations/climb_idle_right.fbx' while the map was running.
  Loaded resource c:/Program Files (x86)/Steam/steamapps/common/Amnesia The Bunker/entities/character/player/animations/climb_ladder_left.fbx in 0 ms
WARNING: Loaded resource 'c:/Program Files (x86)/Steam/steamapps/common/Amnesia The Bunker/entities/character/player/animations/climb_ladder_left.fbx' while the map was running.
  Loaded resource c:/Program Files (x86)/Steam/steamapps/common/Amnesia The Bunker/entities/character/player/animations/climb_ladder_right.fbx in 0 ms
WARNING: Loaded resource 'c:/Program Files (x86)/Steam/steamapps/common/Amnesia The Bunker/entities/character/player/animations/climb_ladder_right.fbx' while the map was running.
  Loaded resource c:/Program Files (x86)/Steam/steamapps/common/Amnesia The Bunker/entities/character/player/animations/climb_left_detach_bottom.fbx in 0 ms
WARNING: Loaded resource 'c:/Program Files (x86)/Steam/steamapps/common/Amnesia The Bunker/entities/character/player/animations/climb_left_detach_bottom.fbx' while the map was running.
  Loaded resource c:/Program Files (x86)/Steam/steamapps/common/Amnesia The Bunker/entities/character/player/animations/climb_left_detach_top.fbx in 0 ms
WARNING: Loaded resource 'c:/Program Files (x86)/Steam/steamapps/common/Amnesia The Bunker/entities/character/player/animations/climb_left_detach_top.fbx' while the map was running.
  Loaded resource c:/Program Files (x86)/Steam/steamapps/common/Amnesia The Bunker/entities/character/player/animations/climb_right_detach_bottom.fbx in 0 ms
WARNING: Loaded resource 'c:/Program Files (x86)/Steam/steamapps/common/Amnesia The Bunker/entities/character/player/animations/climb_right_detach_bottom.fbx' while the map was running.
  Loaded resource c:/Program Files (x86)/Steam/steamapps/common/Amnesia The Bunker/entities/character/player/animations/climb_right_detach_top.fbx in 1 ms
WARNING: Loaded resource 'c:/Program Files (x86)/Steam/steamapps/common/Amnesia The Bunker/entities/character/player/animations/climb_right_detach_top.fbx' while the map was running.
  Loaded resource c:/Program Files (x86)/Steam/steamapps/common/Amnesia The Bunker/entities/character/player/animations/tool_generic_draw_rarm.fbx in 0 ms
WARNING: Loaded resource 'c:/Program Files (x86)/Steam/steamapps/common/Amnesia The Bunker/entities/character/player/animations/tool_generic_draw_rarm.fbx' while the map was running.
  Loaded resource c:/Program Files (x86)/Steam/steamapps/common/Amnesia The Bunker/entities/character/player/animations/tool_generic_idle_rarm.fbx in 0 ms
WARNING: Loaded resource 'c:/Program Files (x86)/Steam/steamapps/common/Amnesia The Bunker/entities/character/player/animations/tool_generic_idle_rarm.fbx' while the map was running.
  Loaded resource c:/Program Files (x86)/Steam/steamapps/common/Amnesia The Bunker/entities/character/player/animations/tool_generic_holster_rarm.fbx in 0 ms
WARNING: Loaded resource 'c:/Program Files (x86)/Steam/steamapps/common/Amnesia The Bunker/entities/character/player/animations/tool_generic_holster_rarm.fbx' while the map was running.
  Loaded resource c:/Program Files (x86)/Steam/steamapps/common/Amnesia The Bunker/entities/character/player/animations/tool_lantern_draw_larm.fbx in 0 ms
WARNING: Loaded resource 'c:/Program Files (x86)/Steam/steamapps/common/Amnesia The Bunker/entities/character/player/animations/tool_lantern_draw_larm.fbx' while the map was running.
  Loaded resource c:/Program Files (x86)/Steam/steamapps/common/Amnesia The Bunker/entities/character/player/animations/tool_lantern_holster_larm.fbx in 1 ms
WARNING: Loaded resource 'c:/Program Files (x86)/Steam/steamapps/common/Amnesia The Bunker/entities/character/player/animations/tool_lantern_holster_larm.fbx' while the map was running.
  Loaded resource c:/Program Files (x86)/Steam/steamapps/common/Amnesia The Bunker/entities/character/player/animations/tool_lantern_idle_larm.fbx in 0 ms
WARNING: Loaded resource 'c:/Program Files (x86)/Steam/steamapps/common/Amnesia The Bunker/entities/character/player/animations/tool_lantern_idle_larm.fbx' while the map was running.
  Loaded resource c:/Program Files (x86)/Steam/steamapps/common/Amnesia The Bunker/entities/character/player/animations/wake_up_from_death_1a.fbx in 1 ms
WARNING: Loaded resource 'c:/Program Files (x86)/Steam/steamapps/common/Amnesia The Bunker/entities/character/player/animations/wake_up_from_death_1a.fbx' while the map was running.
  Loaded resource c:/Program Files (x86)/Steam/steamapps/common/Amnesia The Bunker/entities/character/player/animations/wake_up_from_death_1b.fbx in 1 ms
WARNING: Loaded resource 'c:/Program Files (x86)/Steam/steamapps/common/Amnesia The Bunker/entities/character/player/animations/wake_up_from_death_1b.fbx' while the map was running.
  Loaded resource c:/Program Files (x86)/Steam/steamapps/common/Amnesia The Bunker/entities/character/player/animations/wake_up_from_death_1c.fbx in 1 ms
WARNING: Loaded resource 'c:/Program Files (x86)/Steam/steamapps/common/Amnesia The Bunker/entities/character/player/animations/wake_up_from_death_1c.fbx' while the map was running.
  Loaded resource c:/Program Files (x86)/Steam/steamapps/common/Amnesia The Bunker/entities/character/player/animations/wake_up_from_death_2.fbx in 1 ms
WARNING: Loaded resource 'c:/Program Files (x86)/Steam/steamapps/common/Amnesia The Bunker/entities/character/player/animations/wake_up_from_death_2.fbx' while the map was running.
  Loaded resource c:/Program Files (x86)/Steam/steamapps/common/Amnesia The Bunker/entities/character/player/animations/wake_up_from_death_3a.fbx in 1 ms
WARNING: Loaded resource 'c:/Program Files (x86)/Steam/steamapps/common/Amnesia The Bunker/entities/character/player/animations/wake_up_from_death_3a.fbx' while the map was running.
  Loaded resource c:/Program Files (x86)/Steam/steamapps/common/Amnesia The Bunker/entities/character/player/animations/wake_up_from_death_3b.fbx in 1 ms
WARNING: Loaded resource 'c:/Program Files (x86)/Steam/steamapps/common/Amnesia The Bunker/entities/character/player/animations/wake_up_from_death_3b.fbx' while the map was running.
  Loaded resource c:/Program Files (x86)/Steam/steamapps/common/Amnesia The Bunker/entities/character/player/animations/wake_up_from_death_3c.fbx in 2 ms
WARNING: Loaded resource 'c:/Program Files (x86)/Steam/steamapps/common/Amnesia The Bunker/entities/character/player/animations/wake_up_from_death_3c.fbx' while the map was running.
  Loaded resource c:/Program Files (x86)/Steam/steamapps/common/Amnesia The Bunker/entities/character/player/animations/wake_up_from_death_4.fbx in 1 ms
WARNING: Loaded resource 'c:/Program Files (x86)/Steam/steamapps/common/Amnesia The Bunker/entities/character/player/animations/wake_up_from_death_4.fbx' while the map was running.
  Loaded resource c:/Program Files (x86)/Steam/steamapps/common/Amnesia The Bunker/entities/character/player/animations/wake_up_from_death_1_crouch.fbx in 0 ms
WARNING: Loaded resource 'c:/Program Files (x86)/Steam/steamapps/common/Amnesia The Bunker/entities/character/player/animations/wake_up_from_death_1_crouch.fbx' while the map was running.
  Loaded resource c:/Program Files (x86)/Steam/steamapps/common/Amnesia The Bunker/entities/character/player/animations/wake_up_from_death_2_crouch.fbx in 1 ms
WARNING: Loaded resource 'c:/Program Files (x86)/Steam/steamapps/common/Amnesia The Bunker/entities/character/player/animations/wake_up_from_death_2_crouch.fbx' while the map was running.
  Loaded resource c:/Program Files (x86)/Steam/steamapps/common/Amnesia The Bunker/entities/character/player/animations/wake_up_from_death_3_crouch.fbx in 1 ms
WARNING: Loaded resource 'c:/Program Files (x86)/Steam/steamapps/common/Amnesia The Bunker/entities/character/player/animations/wake_up_from_death_3_crouch.fbx' while the map was running.
  Loaded resource c:/Program Files (x86)/Steam/steamapps/common/Amnesia The Bunker/entities/character/player/animations/wake_up_from_death_4_crouch.fbx in 1 ms
WARNING: Loaded resource 'c:/Program Files (x86)/Steam/steamapps/common/Amnesia The Bunker/entities/character/player/animations/wake_up_from_death_4_crouch.fbx' while the map was running.
  Loaded resource c:/Program Files (x86)/Steam/steamapps/common/Amnesia The Bunker/entities/character/player/animations/lean_left.fbx in 0 ms
WARNING: Loaded resource 'c:/Program Files (x86)/Steam/steamapps/common/Amnesia The Bunker/entities/character/player/animations/lean_left.fbx' while the map was running.
  Loaded resource c:/Program Files (x86)/Steam/steamapps/common/Amnesia The Bunker/entities/character/player/animations/lean_right.fbx in 0 ms
WARNING: Loaded resource 'c:/Program Files (x86)/Steam/steamapps/common/Amnesia The Bunker/entities/character/player/animations/lean_right.fbx' while the map was running.
  Loaded resource c:/Program Files (x86)/Steam/steamapps/common/Amnesia The Bunker/entities/character/player/animations/fall_and_get_up_quickly.fbx in 1 ms
WARNING: Loaded resource 'c:/Program Files (x86)/Steam/steamapps/common/Amnesia The Bunker/entities/character/player/animations/fall_and_get_up_quickly.fbx' while the map was running.
  Loaded resource c:/Program Files (x86)/Steam/steamapps/common/Amnesia The Bunker/entities/character/player/animations/knocked_out_by_debris_in_place.fbx in 0 ms
WARNING: Loaded resource 'c:/Program Files (x86)/Steam/steamapps/common/Amnesia The Bunker/entities/character/player/animations/knocked_out_by_debris_in_place.fbx' while the map was running.
  Loaded resource c:/Program Files (x86)/Steam/steamapps/common/Amnesia The Bunker/entities/character/player/animations/player_exhausted.fbx in 1 ms
WARNING: Loaded resource 'c:/Program Files (x86)/Steam/steamapps/common/Amnesia The Bunker/entities/character/player/animations/player_exhausted.fbx' while the map was running.
  Loaded resource c:/Program Files (x86)/Steam/steamapps/common/Amnesia The Bunker/entities/character/player/animations/player_gun_aim_idle.fbx in 0 ms
WARNING: Loaded resource 'c:/Program Files (x86)/Steam/steamapps/common/Amnesia The Bunker/entities/character/player/animations/player_gun_aim_idle.fbx' while the map was running.
  Loaded resource c:/Program Files (x86)/Steam/steamapps/common/Amnesia The Bunker/entities/character/player/animations/player_gun_relaxed_idle.fbx in 0 ms
WARNING: Loaded resource 'c:/Program Files (x86)/Steam/steamapps/common/Amnesia The Bunker/entities/character/player/animations/player_gun_relaxed_idle.fbx' while the map was running.
  Loaded resource c:/Program Files (x86)/Steam/steamapps/common/Amnesia The Bunker/entities/character/player/animations/player_gun_relaxed_tr_aim.fbx in 1 ms
WARNING: Loaded resource 'c:/Program Files (x86)/Steam/steamapps/common/Amnesia The Bunker/entities/character/player/animations/player_gun_relaxed_tr_aim.fbx' while the map was running.
  Loaded resource c:/Program Files (x86)/Steam/steamapps/common/Amnesia The Bunker/entities/character/player/animations/player_gun_aim_tr_relaxed.fbx in 0 ms
WARNING: Loaded resource 'c:/Program Files (x86)/Steam/steamapps/common/Amnesia The Bunker/entities/character/player/animations/player_gun_aim_tr_relaxed.fbx' while the map was running.
  Loaded resource c:/Program Files (x86)/Steam/steamapps/common/Amnesia The Bunker/entities/character/player/animations/player_gun_equip.fbx in 0 ms
WARNING: Loaded resource 'c:/Program Files (x86)/Steam/steamapps/common/Amnesia The Bunker/entities/character/player/animations/player_gun_equip.fbx' while the map was running.
  Loaded resource c:/Program Files (x86)/Steam/steamapps/common/Amnesia The Bunker/entities/character/player/animations/player_gun_unequip.fbx in 0 ms
WARNING: Loaded resource 'c:/Program Files (x86)/Steam/steamapps/common/Amnesia The Bunker/entities/character/player/animations/player_gun_unequip.fbx' while the map was running.
  Loaded resource c:/Program Files (x86)/Steam/steamapps/common/Amnesia The Bunker/entities/character/player/animations/player_gun_shot_1.fbx in 0 ms
WARNING: Loaded resource 'c:/Program Files (x86)/Steam/steamapps/common/Amnesia The Bunker/entities/character/player/animations/player_gun_shot_1.fbx' while the map was running.
  Loaded resource c:/Program Files (x86)/Steam/steamapps/common/Amnesia The Bunker/entities/character/player/animations/player_gun_shot_2.fbx in 0 ms
WARNING: Loaded resource 'c:/Program Files (x86)/Steam/steamapps/common/Amnesia The Bunker/entities/character/player/animations/player_gun_shot_2.fbx' while the map was running.
  Loaded resource c:/Program Files (x86)/Steam/steamapps/common/Amnesia The Bunker/entities/character/player/animations/player_gun_shot_3.fbx in 0 ms
WARNING: Loaded resource 'c:/Program Files (x86)/Steam/steamapps/common/Amnesia The Bunker/entities/character/player/animations/player_gun_shot_3.fbx' while the map was running.
  Loaded resource c:/Program Files (x86)/Steam/steamapps/common/Amnesia The Bunker/entities/character/player/animations/player_gun_bullet_check_open.fbx in 1 ms
WARNING: Loaded resource 'c:/Program Files (x86)/Steam/steamapps/common/Amnesia The Bunker/entities/character/player/animations/player_gun_bullet_check_open.fbx' while the map was running.
  Loaded resource c:/Program Files (x86)/Steam/steamapps/common/Amnesia The Bunker/entities/character/player/animations/player_gun_bullet_check_idle.fbx in 0 ms
WARNING: Loaded resource 'c:/Program Files (x86)/Steam/steamapps/common/Amnesia The Bunker/entities/character/player/animations/player_gun_bullet_check_idle.fbx' while the map was running.
  Loaded resource c:/Program Files (x86)/Steam/steamapps/common/Amnesia The Bunker/entities/character/player/animations/player_gun_bullet_check_close.fbx in 0 ms
WARNING: Loaded resource 'c:/Program Files (x86)/Steam/steamapps/common/Amnesia The Bunker/entities/character/player/animations/player_gun_bullet_check_close.fbx' while the map was running.
  Loaded resource c:/Program Files (x86)/Steam/steamapps/common/Amnesia The Bunker/entities/character/player/animations/player_gun_shot_empty.fbx in 0 ms
WARNING: Loaded resource 'c:/Program Files (x86)/Steam/steamapps/common/Amnesia The Bunker/entities/character/player/animations/player_gun_shot_empty.fbx' while the map was running.
  Loaded resource c:/Program Files (x86)/Steam/steamapps/common/Amnesia The Bunker/entities/character/player/animations/player_gun_reload_add_bullet_larm.fbx in 0 ms
WARNING: Loaded resource 'c:/Program Files (x86)/Steam/steamapps/common/Amnesia The Bunker/entities/character/player/animations/player_gun_reload_add_bullet_larm.fbx' while the map was running.
  Loaded resource c:/Program Files (x86)/Steam/steamapps/common/Amnesia The Bunker/entities/character/player/animations/player_gun_reload_add_bullet_rarm.fbx in 0 ms
WARNING: Loaded resource 'c:/Program Files (x86)/Steam/steamapps/common/Amnesia The Bunker/entities/character/player/animations/player_gun_reload_add_bullet_rarm.fbx' while the map was running.
  Loaded resource c:/Program Files (x86)/Steam/steamapps/common/Amnesia The Bunker/entities/character/player/animations/player_gun_reload_cylinder_spin_larm.fbx in 0 ms
WARNING: Loaded resource 'c:/Program Files (x86)/Steam/steamapps/common/Amnesia The Bunker/entities/character/player/animations/player_gun_reload_cylinder_spin_larm.fbx' while the map was running.
  Loaded resource c:/Program Files (x86)/Steam/steamapps/common/Amnesia The Bunker/entities/character/player/animations/player_gun_reload_cylinder_spin_rarm.fbx in 0 ms
WARNING: Loaded resource 'c:/Program Files (x86)/Steam/steamapps/common/Amnesia The Bunker/entities/character/player/animations/player_gun_reload_cylinder_spin_rarm.fbx' while the map was running.
  Loaded resource c:/Program Files (x86)/Steam/steamapps/common/Amnesia The Bunker/entities/character/player/animations/player_gun_reload_end_larm.fbx in 0 ms
WARNING: Loaded resource 'c:/Program Files (x86)/Steam/steamapps/common/Amnesia The Bunker/entities/character/player/animations/player_gun_reload_end_larm.fbx' while the map was running.
  Loaded resource c:/Program Files (x86)/Steam/steamapps/common/Amnesia The Bunker/entities/character/player/animations/player_gun_reload_end_rarm.fbx in 0 ms
WARNING: Loaded resource 'c:/Program Files (x86)/Steam/steamapps/common/Amnesia The Bunker/entities/character/player/animations/player_gun_reload_end_rarm.fbx' while the map was running.
  Loaded resource c:/Program Files (x86)/Steam/steamapps/common/Amnesia The Bunker/entities/character/player/animations/player_gun_reload_remove_bullets.fbx in 0 ms
WARNING: Loaded resource 'c:/Program Files (x86)/Steam/steamapps/common/Amnesia The Bunker/entities/character/player/animations/player_gun_reload_remove_bullets.fbx' while the map was running.
  Loaded resource c:/Program Files (x86)/Steam/steamapps/common/Amnesia The Bunker/entities/character/player/animations/player_gun_reload_start_larm.fbx in 0 ms
WARNING: Loaded resource 'c:/Program Files (x86)/Steam/steamapps/common/Amnesia The Bunker/entities/character/player/animations/player_gun_reload_start_larm.fbx' while the map was running.
  Loaded resource c:/Program Files (x86)/Steam/steamapps/common/Amnesia The Bunker/entities/character/player/animations/player_gun_reload_start_rarm.fbx in 0 ms
WARNING: Loaded resource 'c:/Program Files (x86)/Steam/steamapps/common/Amnesia The Bunker/entities/character/player/animations/player_gun_reload_start_rarm.fbx' while the map was running.
  Loaded resource c:/Program Files (x86)/Steam/steamapps/common/Amnesia The Bunker/entities/character/player/animations/player_head_gun_shot_1.fbx in 0 ms
WARNING: Loaded resource 'c:/Program Files (x86)/Steam/steamapps/common/Amnesia The Bunker/entities/character/player/animations/player_head_gun_shot_1.fbx' while the map was running.
  Loaded resource c:/Program Files (x86)/Steam/steamapps/common/Amnesia The Bunker/entities/character/player/animations/player_head_gun_shot_2.fbx in 1 ms
WARNING: Loaded resource 'c:/Program Files (x86)/Steam/steamapps/common/Amnesia The Bunker/entities/character/player/animations/player_head_gun_shot_2.fbx' while the map was running.
  Loaded resource c:/Program Files (x86)/Steam/steamapps/common/Amnesia The Bunker/entities/character/player/animations/player_head_gun_shot_3.fbx in 0 ms
WARNING: Loaded resource 'c:/Program Files (x86)/Steam/steamapps/common/Amnesia The Bunker/entities/character/player/animations/player_head_gun_shot_3.fbx' while the map was running.
  Loaded resource c:/Program Files (x86)/Steam/steamapps/common/Amnesia The Bunker/entities/character/player/animations/player_head_gun_unequip.fbx in 0 ms
WARNING: Loaded resource 'c:/Program Files (x86)/Steam/steamapps/common/Amnesia The Bunker/entities/character/player/animations/player_head_gun_unequip.fbx' while the map was running.
  Loaded resource c:/Program Files (x86)/Steam/steamapps/common/Amnesia The Bunker/entities/character/player/animations/player_head_gun_equip.fbx in 0 ms
WARNING: Loaded resource 'c:/Program Files (x86)/Steam/steamapps/common/Amnesia The Bunker/entities/character/player/animations/player_head_gun_equip.fbx' while the map was running.
  Loaded resource c:/Program Files (x86)/Steam/steamapps/common/Amnesia The Bunker/entities/character/player/animations/player_head_bullet_check_close.fbx in 0 ms
WARNING: Loaded resource 'c:/Program Files (x86)/Steam/steamapps/common/Amnesia The Bunker/entities/character/player/animations/player_head_bullet_check_close.fbx' while the map was running.
  Loaded resource c:/Program Files (x86)/Steam/steamapps/common/Amnesia The Bunker/entities/character/player/animations/player_head_bullet_check_open.fbx in 0 ms
WARNING: Loaded resource 'c:/Program Files (x86)/Steam/steamapps/common/Amnesia The Bunker/entities/character/player/animations/player_head_bullet_check_open.fbx' while the map was running.
  Loaded resource c:/Program Files (x86)/Steam/steamapps/common/Amnesia The Bunker/entities/character/player/animations/player_head_gun_reload_remove_bullets.fbx in 0 ms
WARNING: Loaded resource 'c:/Program Files (x86)/Steam/steamapps/common/Amnesia The Bunker/entities/character/player/animations/player_head_gun_reload_remove_bullets.fbx' while the map was running.
  Loaded resource c:/Program Files (x86)/Steam/steamapps/common/Amnesia The Bunker/entities/character/player/animations/player_gun_dual_aim_end_larm.fbx in 0 ms
WARNING: Loaded resource 'c:/Program Files (x86)/Steam/steamapps/common/Amnesia The Bunker/entities/character/player/animations/player_gun_dual_aim_end_larm.fbx' while the map was running.
  Loaded resource c:/Program Files (x86)/Steam/steamapps/common/Amnesia The Bunker/entities/character/player/animations/player_gun_dual_aim_idle_larm.fbx in 0 ms
WARNING: Loaded resource 'c:/Program Files (x86)/Steam/steamapps/common/Amnesia The Bunker/entities/character/player/animations/player_gun_dual_aim_idle_larm.fbx' while the map was running.
  Loaded resource c:/Program Files (x86)/Steam/steamapps/common/Amnesia The Bunker/entities/character/player/animations/player_gun_dual_aim_idle_rarm.fbx in 0 ms
WARNING: Loaded resource 'c:/Program Files (x86)/Steam/steamapps/common/Amnesia The Bunker/entities/character/player/animations/player_gun_dual_aim_idle_rarm.fbx' while the map was running.
  Loaded resource c:/Program Files (x86)/Steam/steamapps/common/Amnesia The Bunker/entities/character/player/animations/player_gun_dual_aim_start_larm.fbx in 0 ms
WARNING: Loaded resource 'c:/Program Files (x86)/Steam/steamapps/common/Amnesia The Bunker/entities/character/player/animations/player_gun_dual_aim_start_larm.fbx' while the map was running.
  Loaded resource c:/Program Files (x86)/Steam/steamapps/common/Amnesia The Bunker/entities/character/player/animations/player_gun_aim_tr_relaxed_larm.fbx in 0 ms
WARNING: Loaded resource 'c:/Program Files (x86)/Steam/steamapps/common/Amnesia The Bunker/entities/character/player/animations/player_gun_aim_tr_relaxed_larm.fbx' while the map was running.
  Loaded resource c:/Program Files (x86)/Steam/steamapps/common/Amnesia The Bunker/entities/character/player/animations/player_gun_relaxed_tr_aim_larm.fbx in 0 ms
WARNING: Loaded resource 'c:/Program Files (x86)/Steam/steamapps/common/Amnesia The Bunker/entities/character/player/animations/player_gun_relaxed_tr_aim_larm.fbx' while the map was running.
  Loaded resource c:/Program Files (x86)/Steam/steamapps/common/Amnesia The Bunker/entities/character/player/animations/player_gun_shot_1_larm.fbx in 0 ms
WARNING: Loaded resource 'c:/Program Files (x86)/Steam/steamapps/common/Amnesia The Bunker/entities/character/player/animations/player_gun_shot_1_larm.fbx' while the map was running.
  Loaded resource c:/Program Files (x86)/Steam/steamapps/common/Amnesia The Bunker/entities/character/player/animations/player_gun_shot_2_larm.fbx in 0 ms
WARNING: Loaded resource 'c:/Program Files (x86)/Steam/steamapps/common/Amnesia The Bunker/entities/character/player/animations/player_gun_shot_2_larm.fbx' while the map was running.
  Loaded resource c:/Program Files (x86)/Steam/steamapps/common/Amnesia The Bunker/entities/character/player/animations/player_gun_shot_3_larm.fbx in 0 ms
WARNING: Loaded resource 'c:/Program Files (x86)/Steam/steamapps/common/Amnesia The Bunker/entities/character/player/animations/player_gun_shot_3_larm.fbx' while the map was running.
  Loaded resource c:/Program Files (x86)/Steam/steamapps/common/Amnesia The Bunker/entities/character/player/animations/player_gun_shot_empty_larm.fbx in 0 ms
WARNING: Loaded resource 'c:/Program Files (x86)/Steam/steamapps/common/Amnesia The Bunker/entities/character/player/animations/player_gun_shot_empty_larm.fbx' while the map was running.
  Loaded resource c:/Program Files (x86)/Steam/steamapps/common/Amnesia The Bunker/entities/character/player/animations/player_magnetlampe_equip_larm.fbx in 1 ms
WARNING: Loaded resource 'c:/Program Files (x86)/Steam/steamapps/common/Amnesia The Bunker/entities/character/player/animations/player_magnetlampe_equip_larm.fbx' while the map was running.
  Loaded resource c:/Program Files (x86)/Steam/steamapps/common/Amnesia The Bunker/entities/character/player/animations/player_magnetlampe_idle_larm.fbx in 0 ms
WARNING: Loaded resource 'c:/Program Files (x86)/Steam/steamapps/common/Amnesia The Bunker/entities/character/player/animations/player_magnetlampe_idle_larm.fbx' while the map was running.
  Loaded resource c:/Program Files (x86)/Steam/steamapps/common/Amnesia The Bunker/entities/character/player/animations/player_magnetlampe_unequip_larm.fbx in 0 ms
WARNING: Loaded resource 'c:/Program Files (x86)/Steam/steamapps/common/Amnesia The Bunker/entities/character/player/animations/player_magnetlampe_unequip_larm.fbx' while the map was running.
  Loaded resource c:/Program Files (x86)/Steam/steamapps/common/Amnesia The Bunker/entities/character/player/animations/player_head_magnetlampe_chargeup_pull_1.fbx in 0 ms
WARNING: Loaded resource 'c:/Program Files (x86)/Steam/steamapps/common/Amnesia The Bunker/entities/character/player/animations/player_head_magnetlampe_chargeup_pull_1.fbx' while the map was running.
  Loaded resource c:/Program Files (x86)/Steam/steamapps/common/Amnesia The Bunker/entities/character/player/animations/player_head_magnetlampe_chargeup_pull_2.fbx in 0 ms
WARNING: Loaded resource 'c:/Program Files (x86)/Steam/steamapps/common/Amnesia The Bunker/entities/character/player/animations/player_head_magnetlampe_chargeup_pull_2.fbx' while the map was running.
  Loaded resource c:/Program Files (x86)/Steam/steamapps/common/Amnesia The Bunker/entities/character/player/animations/player_head_magnetlampe_chargeup_pull_3.fbx in 1 ms
WARNING: Loaded resource 'c:/Program Files (x86)/Steam/steamapps/common/Amnesia The Bunker/entities/character/player/animations/player_head_magnetlampe_chargeup_pull_3.fbx' while the map was running.
  Loaded resource c:/Program Files (x86)/Steam/steamapps/common/Amnesia The Bunker/entities/character/player/animations/player_magnetlampe_chargeup_end_larm.fbx in 0 ms
WARNING: Loaded resource 'c:/Program Files (x86)/Steam/steamapps/common/Amnesia The Bunker/entities/character/player/animations/player_magnetlampe_chargeup_end_larm.fbx' while the map was running.
  Loaded resource c:/Program Files (x86)/Steam/steamapps/common/Amnesia The Bunker/entities/character/player/animations/player_magnetlampe_chargeup_end_rarm.fbx in 0 ms
WARNING: Loaded resource 'c:/Program Files (x86)/Steam/steamapps/common/Amnesia The Bunker/entities/character/player/animations/player_magnetlampe_chargeup_end_rarm.fbx' while the map was running.
  Loaded resource c:/Program Files (x86)/Steam/steamapps/common/Amnesia The Bunker/entities/character/player/animations/player_magnetlampe_chargeup_gun_end_rarm.fbx in 0 ms
WARNING: Loaded resource 'c:/Program Files (x86)/Steam/steamapps/common/Amnesia The Bunker/entities/character/player/animations/player_magnetlampe_chargeup_gun_end_rarm.fbx' while the map was running.
  Loaded resource c:/Program Files (x86)/Steam/steamapps/common/Amnesia The Bunker/entities/character/player/animations/player_magnetlampe_chargeup_gun_start_rarm.fbx in 0 ms
WARNING: Loaded resource 'c:/Program Files (x86)/Steam/steamapps/common/Amnesia The Bunker/entities/character/player/animations/player_magnetlampe_chargeup_gun_start_rarm.fbx' while the map was running.
  Loaded resource c:/Program Files (x86)/Steam/steamapps/common/Amnesia The Bunker/entities/character/player/animations/player_magnetlampe_chargeup_gun_pull_1_rarm.fbx in 0 ms
WARNING: Loaded resource 'c:/Program Files (x86)/Steam/steamapps/common/Amnesia The Bunker/entities/character/player/animations/player_magnetlampe_chargeup_gun_pull_1_rarm.fbx' while the map was running.
  Loaded resource c:/Program Files (x86)/Steam/steamapps/common/Amnesia The Bunker/entities/character/player/animations/player_magnetlampe_chargeup_gun_pull_2_rarm.fbx in 0 ms
WARNING: Loaded resource 'c:/Program Files (x86)/Steam/steamapps/common/Amnesia The Bunker/entities/character/player/animations/player_magnetlampe_chargeup_gun_pull_2_rarm.fbx' while the map was running.
  Loaded resource c:/Program Files (x86)/Steam/steamapps/common/Amnesia The Bunker/entities/character/player/animations/player_magnetlampe_chargeup_gun_pull_3_rarm.fbx in 0 ms
WARNING: Loaded resource 'c:/Program Files (x86)/Steam/steamapps/common/Amnesia The Bunker/entities/character/player/animations/player_magnetlampe_chargeup_gun_pull_3_rarm.fbx' while the map was running.
  Loaded resource c:/Program Files (x86)/Steam/steamapps/common/Amnesia The Bunker/entities/character/player/animations/player_magnetlampe_chargeup_pull_1_larm.fbx in 1 ms
WARNING: Loaded resource 'c:/Program Files (x86)/Steam/steamapps/common/Amnesia The Bunker/entities/character/player/animations/player_magnetlampe_chargeup_pull_1_larm.fbx' while the map was running.
  Loaded resource c:/Program Files (x86)/Steam/steamapps/common/Amnesia The Bunker/entities/character/player/animations/player_magnetlampe_chargeup_pull_1_rarm.fbx in 0 ms
WARNING: Loaded resource 'c:/Program Files (x86)/Steam/steamapps/common/Amnesia The Bunker/entities/character/player/animations/player_magnetlampe_chargeup_pull_1_rarm.fbx' while the map was running.
  Loaded resource c:/Program Files (x86)/Steam/steamapps/common/Amnesia The Bunker/entities/character/player/animations/player_magnetlampe_chargeup_pull_2_larm.fbx in 0 ms
WARNING: Loaded resource 'c:/Program Files (x86)/Steam/steamapps/common/Amnesia The Bunker/entities/character/player/animations/player_magnetlampe_chargeup_pull_2_larm.fbx' while the map was running.
  Loaded resource c:/Program Files (x86)/Steam/steamapps/common/Amnesia The Bunker/entities/character/player/animations/player_magnetlampe_chargeup_pull_2_rarm.fbx in 0 ms
WARNING: Loaded resource 'c:/Program Files (x86)/Steam/steamapps/common/Amnesia The Bunker/entities/character/player/animations/player_magnetlampe_chargeup_pull_2_rarm.fbx' while the map was running.
  Loaded resource c:/Program Files (x86)/Steam/steamapps/common/Amnesia The Bunker/entities/character/player/animations/player_magnetlampe_chargeup_pull_3_larm.fbx in 0 ms
WARNING: Loaded resource 'c:/Program Files (x86)/Steam/steamapps/common/Amnesia The Bunker/entities/character/player/animations/player_magnetlampe_chargeup_pull_3_larm.fbx' while the map was running.
  Loaded resource c:/Program Files (x86)/Steam/steamapps/common/Amnesia The Bunker/entities/character/player/animations/player_magnetlampe_chargeup_pull_3_rarm.fbx in 0 ms
WARNING: Loaded resource 'c:/Program Files (x86)/Steam/steamapps/common/Amnesia The Bunker/entities/character/player/animations/player_magnetlampe_chargeup_pull_3_rarm.fbx' while the map was running.
  Loaded resource c:/Program Files (x86)/Steam/steamapps/common/Amnesia The Bunker/entities/character/player/animations/player_magnetlampe_chargeup_start_larm.fbx in 0 ms
WARNING: Loaded resource 'c:/Program Files (x86)/Steam/steamapps/common/Amnesia The Bunker/entities/character/player/animations/player_magnetlampe_chargeup_start_larm.fbx' while the map was running.
  Loaded resource c:/Program Files (x86)/Steam/steamapps/common/Amnesia The Bunker/entities/character/player/animations/player_magnetlampe_chargeup_start_rarm.fbx in 0 ms
WARNING: Loaded resource 'c:/Program Files (x86)/Steam/steamapps/common/Amnesia The Bunker/entities/character/player/animations/player_magnetlampe_chargeup_start_rarm.fbx' while the map was running.
  Loaded resource c:/Program Files (x86)/Steam/steamapps/common/Amnesia The Bunker/entities/character/player/animations/player_gun_dual_aim_start_rarm.fbx in 0 ms
WARNING: Loaded resource 'c:/Program Files (x86)/Steam/steamapps/common/Amnesia The Bunker/entities/character/player/animations/player_gun_dual_aim_start_rarm.fbx' while the map was running.
  Loaded resource c:/Program Files (x86)/Steam/steamapps/common/Amnesia The Bunker/entities/character/player/animations/player_gun_dual_aim_end_rarm.fbx in 0 ms
WARNING: Loaded resource 'c:/Program Files (x86)/Steam/steamapps/common/Amnesia The Bunker/entities/character/player/animations/player_gun_dual_aim_end_rarm.fbx' while the map was running.
  Loaded resource c:/Program Files (x86)/Steam/steamapps/common/Amnesia The Bunker/entities/character/player/animations/player_deathscene_grabbed_ghoulhole.fbx in 0 ms
WARNING: Loaded resource 'c:/Program Files (x86)/Steam/steamapps/common/Amnesia The Bunker/entities/character/player/animations/player_deathscene_grabbed_ghoulhole.fbx' while the map was running.
  Loaded resource c:/Program Files (x86)/Steam/steamapps/common/Amnesia The Bunker/entities/character/player/animations/player_pocketwatch_equip_rarm.fbx in 0 ms
WARNING: Loaded resource 'c:/Program Files (x86)/Steam/steamapps/common/Amnesia The Bunker/entities/character/player/animations/player_pocketwatch_equip_rarm.fbx' while the map was running.
  Loaded resource c:/Program Files (x86)/Steam/steamapps/common/Amnesia The Bunker/entities/character/player/animations/player_pocketwatch_idle_rarm.fbx in 1 ms
WARNING: Loaded resource 'c:/Program Files (x86)/Steam/steamapps/common/Amnesia The Bunker/entities/character/player/animations/player_pocketwatch_idle_rarm.fbx' while the map was running.
  Loaded resource c:/Program Files (x86)/Steam/steamapps/common/Amnesia The Bunker/entities/character/player/animations/player_pocketwatch_holster_rarm.fbx in 0 ms
WARNING: Loaded resource 'c:/Program Files (x86)/Steam/steamapps/common/Amnesia The Bunker/entities/character/player/animations/player_pocketwatch_holster_rarm.fbx' while the map was running.
  Loaded resource c:/Program Files (x86)/Steam/steamapps/common/Amnesia The Bunker/entities/character/player/animations/player_pocketwatch_focus_start_rarm.fbx in 0 ms
WARNING: Loaded resource 'c:/Program Files (x86)/Steam/steamapps/common/Amnesia The Bunker/entities/character/player/animations/player_pocketwatch_focus_start_rarm.fbx' while the map was running.
  Loaded resource c:/Program Files (x86)/Steam/steamapps/common/Amnesia The Bunker/entities/character/player/animations/player_pocketwatch_focus_idle_rarm.fbx in 0 ms
WARNING: Loaded resource 'c:/Program Files (x86)/Steam/steamapps/common/Amnesia The Bunker/entities/character/player/animations/player_pocketwatch_focus_idle_rarm.fbx' while the map was running.
  Loaded resource c:/Program Files (x86)/Steam/steamapps/common/Amnesia The Bunker/entities/character/player/animations/player_pocketwatch_focus_end_rarm.fbx in 0 ms
WARNING: Loaded resource 'c:/Program Files (x86)/Steam/steamapps/common/Amnesia The Bunker/entities/character/player/animations/player_pocketwatch_focus_end_rarm.fbx' while the map was running.
  Loaded resource c:/Program Files (x86)/Steam/steamapps/common/Amnesia The Bunker/entities/character/player/animations/player_pocketwatch_focus_click_rarm.fbx in 1 ms
WARNING: Loaded resource 'c:/Program Files (x86)/Steam/steamapps/common/Amnesia The Bunker/entities/character/player/animations/player_pocketwatch_focus_click_rarm.fbx' while the map was running.
  Loaded resource c:/Program Files (x86)/Steam/steamapps/common/Amnesia The Bunker/entities/character/player/animations/player_cutter_cut_air_larm.fbx in 0 ms
WARNING: Loaded resource 'c:/Program Files (x86)/Steam/steamapps/common/Amnesia The Bunker/entities/character/player/animations/player_cutter_cut_air_larm.fbx' while the map was running.
  Loaded resource c:/Program Files (x86)/Steam/steamapps/common/Amnesia The Bunker/entities/character/player/animations/player_cutter_cut_air_rarm.fbx in 0 ms
WARNING: Loaded resource 'c:/Program Files (x86)/Steam/steamapps/common/Amnesia The Bunker/entities/character/player/animations/player_cutter_cut_air_rarm.fbx' while the map was running.
  Loaded resource c:/Program Files (x86)/Steam/steamapps/common/Amnesia The Bunker/entities/character/player/animations/player_cutter_equip_rarm.fbx in 0 ms
WARNING: Loaded resource 'c:/Program Files (x86)/Steam/steamapps/common/Amnesia The Bunker/entities/character/player/animations/player_cutter_equip_rarm.fbx' while the map was running.
  Loaded resource c:/Program Files (x86)/Steam/steamapps/common/Amnesia The Bunker/entities/character/player/animations/player_cutter_focus_end_larm.fbx in 0 ms
WARNING: Loaded resource 'c:/Program Files (x86)/Steam/steamapps/common/Amnesia The Bunker/entities/character/player/animations/player_cutter_focus_end_larm.fbx' while the map was running.
  Loaded resource c:/Program Files (x86)/Steam/steamapps/common/Amnesia The Bunker/entities/character/player/animations/player_cutter_focus_end_rarm.fbx in 0 ms
WARNING: Loaded resource 'c:/Program Files (x86)/Steam/steamapps/common/Amnesia The Bunker/entities/character/player/animations/player_cutter_focus_end_rarm.fbx' while the map was running.
  Loaded resource c:/Program Files (x86)/Steam/steamapps/common/Amnesia The Bunker/entities/character/player/animations/player_cutter_focus_idle_larm.fbx in 0 ms
WARNING: Loaded resource 'c:/Program Files (x86)/Steam/steamapps/common/Amnesia The Bunker/entities/character/player/animations/player_cutter_focus_idle_larm.fbx' while the map was running.
  Loaded resource c:/Program Files (x86)/Steam/steamapps/common/Amnesia The Bunker/entities/character/player/animations/player_cutter_focus_idle_rarm.fbx in 1 ms
WARNING: Loaded resource 'c:/Program Files (x86)/Steam/steamapps/common/Amnesia The Bunker/entities/character/player/animations/player_cutter_focus_idle_rarm.fbx' while the map was running.
  Loaded resource c:/Program Files (x86)/Steam/steamapps/common/Amnesia The Bunker/entities/character/player/animations/player_cutter_focus_start_larm.fbx in 0 ms
WARNING: Loaded resource 'c:/Program Files (x86)/Steam/steamapps/common/Amnesia The Bunker/entities/character/player/animations/player_cutter_focus_start_larm.fbx' while the map was running.
  Loaded resource c:/Program Files (x86)/Steam/steamapps/common/Amnesia The Bunker/entities/character/player/animations/player_cutter_focus_start_rarm.fbx in 0 ms
WARNING: Loaded resource 'c:/Program Files (x86)/Steam/steamapps/common/Amnesia The Bunker/entities/character/player/animations/player_cutter_focus_start_rarm.fbx' while the map was running.
  Loaded resource c:/Program Files (x86)/Steam/steamapps/common/Amnesia The Bunker/entities/character/player/animations/player_cutter_holster_rarm.fbx in 0 ms
WARNING: Loaded resource 'c:/Program Files (x86)/Steam/steamapps/common/Amnesia The Bunker/entities/character/player/animations/player_cutter_holster_rarm.fbx' while the map was running.
  Loaded resource c:/Program Files (x86)/Steam/steamapps/common/Amnesia The Bunker/entities/character/player/animations/player_cutter_idle_rarm.fbx in 0 ms
WARNING: Loaded resource 'c:/Program Files (x86)/Steam/steamapps/common/Amnesia The Bunker/entities/character/player/animations/player_cutter_idle_rarm.fbx' while the map was running.
  Loaded resource c:/Program Files (x86)/Steam/steamapps/common/Amnesia The Bunker/entities/character/player/animations/player_cutter_cut_chain_1.fbx in 0 ms
WARNING: Loaded resource 'c:/Program Files (x86)/Steam/steamapps/common/Amnesia The Bunker/entities/character/player/animations/player_cutter_cut_chain_1.fbx' while the map was running.
  Loaded resource c:/Program Files (x86)/Steam/steamapps/common/Amnesia The Bunker/entities/character/player/animations/player_cutter_cut_padlock.fbx in 1 ms
WARNING: Loaded resource 'c:/Program Files (x86)/Steam/steamapps/common/Amnesia The Bunker/entities/character/player/animations/player_cutter_cut_padlock.fbx' while the map was running.
  Loaded resource c:/Program Files (x86)/Steam/steamapps/common/Amnesia The Bunker/entities/character/player/animations/player_molotov_equip_rarm.fbx in 0 ms
WARNING: Loaded resource 'c:/Program Files (x86)/Steam/steamapps/common/Amnesia The Bunker/entities/character/player/animations/player_molotov_equip_rarm.fbx' while the map was running.
  Loaded resource c:/Program Files (x86)/Steam/steamapps/common/Amnesia The Bunker/entities/character/player/animations/player_molotov_focus_end_larm.fbx in 0 ms
WARNING: Loaded resource 'c:/Program Files (x86)/Steam/steamapps/common/Amnesia The Bunker/entities/character/player/animations/player_molotov_focus_end_larm.fbx' while the map was running.
  Loaded resource c:/Program Files (x86)/Steam/steamapps/common/Amnesia The Bunker/entities/character/player/animations/player_molotov_focus_end_rarm.fbx in 0 ms
WARNING: Loaded resource 'c:/Program Files (x86)/Steam/steamapps/common/Amnesia The Bunker/entities/character/player/animations/player_molotov_focus_end_rarm.fbx' while the map was running.
  Loaded resource c:/Program Files (x86)/Steam/steamapps/common/Amnesia The Bunker/entities/character/player/animations/player_molotov_focus_idle_larm.fbx in 1 ms
WARNING: Loaded resource 'c:/Program Files (x86)/Steam/steamapps/common/Amnesia The Bunker/entities/character/player/animations/player_molotov_focus_idle_larm.fbx' while the map was running.
  Loaded resource c:/Program Files (x86)/Steam/steamapps/common/Amnesia The Bunker/entities/character/player/animations/player_molotov_focus_idle_rarm.fbx in 0 ms
WARNING: Loaded resource 'c:/Program Files (x86)/Steam/steamapps/common/Amnesia The Bunker/entities/character/player/animations/player_molotov_focus_idle_rarm.fbx' while the map was running.
  Loaded resource c:/Program Files (x86)/Steam/steamapps/common/Amnesia The Bunker/entities/character/player/animations/player_molotov_focus_start_larm.fbx in 0 ms
WARNING: Loaded resource 'c:/Program Files (x86)/Steam/steamapps/common/Amnesia The Bunker/entities/character/player/animations/player_molotov_focus_start_larm.fbx' while the map was running.
  Loaded resource c:/Program Files (x86)/Steam/steamapps/common/Amnesia The Bunker/entities/character/player/animations/player_molotov_focus_start_rarm.fbx in 0 ms
WARNING: Loaded resource 'c:/Program Files (x86)/Steam/steamapps/common/Amnesia The Bunker/entities/character/player/animations/player_molotov_focus_start_rarm.fbx' while the map was running.
  Loaded resource c:/Program Files (x86)/Steam/steamapps/common/Amnesia The Bunker/entities/character/player/animations/player_molotov_holster_rarm.fbx in 0 ms
WARNING: Loaded resource 'c:/Program Files (x86)/Steam/steamapps/common/Amnesia The Bunker/entities/character/player/animations/player_molotov_holster_rarm.fbx' while the map was running.
  Loaded resource c:/Program Files (x86)/Steam/steamapps/common/Amnesia The Bunker/entities/character/player/animations/player_molotov_idle_rarm.fbx in 0 ms
WARNING: Loaded resource 'c:/Program Files (x86)/Steam/steamapps/common/Amnesia The Bunker/entities/character/player/animations/player_molotov_idle_rarm.fbx' while the map was running.
  Loaded resource c:/Program Files (x86)/Steam/steamapps/common/Amnesia The Bunker/entities/character/player/animations/player_molotov_throw_larm.fbx in 0 ms
WARNING: Loaded resource 'c:/Program Files (x86)/Steam/steamapps/common/Amnesia The Bunker/entities/character/player/animations/player_molotov_throw_larm.fbx' while the map was running.
  Loaded resource c:/Program Files (x86)/Steam/steamapps/common/Amnesia The Bunker/entities/character/player/animations/player_molotov_throw_rarm.fbx in 1 ms
WARNING: Loaded resource 'c:/Program Files (x86)/Steam/steamapps/common/Amnesia The Bunker/entities/character/player/animations/player_molotov_throw_rarm.fbx' while the map was running.
  Loaded resource c:/Program Files (x86)/Steam/steamapps/common/Amnesia The Bunker/entities/character/player/animations/player_empty_molotov_equip_rarm.fbx in 0 ms
WARNING: Loaded resource 'c:/Program Files (x86)/Steam/steamapps/common/Amnesia The Bunker/entities/character/player/animations/player_empty_molotov_equip_rarm.fbx' while the map was running.
  Loaded resource c:/Program Files (x86)/Steam/steamapps/common/Amnesia The Bunker/entities/character/player/animations/player_empty_molotov_focus_end_rarm.fbx in 0 ms
WARNING: Loaded resource 'c:/Program Files (x86)/Steam/steamapps/common/Amnesia The Bunker/entities/character/player/animations/player_empty_molotov_focus_end_rarm.fbx' while the map was running.
  Loaded resource c:/Program Files (x86)/Steam/steamapps/common/Amnesia The Bunker/entities/character/player/animations/player_empty_molotov_focus_idle_rarm.fbx in 0 ms
WARNING: Loaded resource 'c:/Program Files (x86)/Steam/steamapps/common/Amnesia The Bunker/entities/character/player/animations/player_empty_molotov_focus_idle_rarm.fbx' while the map was running.
  Loaded resource c:/Program Files (x86)/Steam/steamapps/common/Amnesia The Bunker/entities/character/player/animations/player_empty_molotov_focus_start_rarm.fbx in 0 ms
WARNING: Loaded resource 'c:/Program Files (x86)/Steam/steamapps/common/Amnesia The Bunker/entities/character/player/animations/player_empty_molotov_focus_start_rarm.fbx' while the map was running.
  Loaded resource c:/Program Files (x86)/Steam/steamapps/common/Amnesia The Bunker/entities/character/player/animations/player_empty_molotov_holster_rarm.fbx in 0 ms
WARNING: Loaded resource 'c:/Program Files (x86)/Steam/steamapps/common/Amnesia The Bunker/entities/character/player/animations/player_empty_molotov_holster_rarm.fbx' while the map was running.
  Loaded resource c:/Program Files (x86)/Steam/steamapps/common/Amnesia The Bunker/entities/character/player/animations/player_empty_molotov_idle_rarm.fbx in 0 ms
WARNING: Loaded resource 'c:/Program Files (x86)/Steam/steamapps/common/Amnesia The Bunker/entities/character/player/animations/player_empty_molotov_idle_rarm.fbx' while the map was running.
  Loaded resource c:/Program Files (x86)/Steam/steamapps/common/Amnesia The Bunker/entities/character/player/animations/player_empty_molotov_throw_rarm.fbx in 1 ms
WARNING: Loaded resource 'c:/Program Files (x86)/Steam/steamapps/common/Amnesia The Bunker/entities/character/player/animations/player_empty_molotov_throw_rarm.fbx' while the map was running.
  Loaded resource c:/Program Files (x86)/Steam/steamapps/common/Amnesia The Bunker/entities/character/player/animations/player_check_health_stand_end.fbx in 0 ms
WARNING: Loaded resource 'c:/Program Files (x86)/Steam/steamapps/common/Amnesia The Bunker/entities/character/player/animations/player_check_health_stand_end.fbx' while the map was running.
  Loaded resource c:/Program Files (x86)/Steam/steamapps/common/Amnesia The Bunker/entities/character/player/animations/player_check_health_stand_idle.fbx in 0 ms
WARNING: Loaded resource 'c:/Program Files (x86)/Steam/steamapps/common/Amnesia The Bunker/entities/character/player/animations/player_check_health_stand_idle.fbx' while the map was running.
  Loaded resource c:/Program Files (x86)/Steam/steamapps/common/Amnesia The Bunker/entities/character/player/animations/player_check_health_stand_start.fbx in 0 ms
WARNING: Loaded resource 'c:/Program Files (x86)/Steam/steamapps/common/Amnesia The Bunker/entities/character/player/animations/player_check_health_stand_start.fbx' while the map was running.
  Loaded resource c:/Program Files (x86)/Steam/steamapps/common/Amnesia The Bunker/entities/character/player/animations/player_check_health_stand_stomach_tr_idle.fbx in 0 ms
WARNING: Loaded resource 'c:/Program Files (x86)/Steam/steamapps/common/Amnesia The Bunker/entities/character/player/animations/player_check_health_stand_stomach_tr_idle.fbx' while the map was running.
  Loaded resource c:/Program Files (x86)/Steam/steamapps/common/Amnesia The Bunker/entities/character/player/animations/player_shoulder_bobbing_larm.fbx in 0 ms
WARNING: Loaded resource 'c:/Program Files (x86)/Steam/steamapps/common/Amnesia The Bunker/entities/character/player/animations/player_shoulder_bobbing_larm.fbx' while the map was running.
  Loaded resource c:/Program Files (x86)/Steam/steamapps/common/Amnesia The Bunker/entities/character/player/animations/player_shoulder_bobbing_rarm.fbx in 1 ms
WARNING: Loaded resource 'c:/Program Files (x86)/Steam/steamapps/common/Amnesia The Bunker/entities/character/player/animations/player_shoulder_bobbing_rarm.fbx' while the map was running.
  Loaded resource c:/Program Files (x86)/Steam/steamapps/common/Amnesia The Bunker/entities/character/player/animations/player_torch_equip_larm.fbx in 0 ms
WARNING: Loaded resource 'c:/Program Files (x86)/Steam/steamapps/common/Amnesia The Bunker/entities/character/player/animations/player_torch_equip_larm.fbx' while the map was running.
  Loaded resource c:/Program Files (x86)/Steam/steamapps/common/Amnesia The Bunker/entities/character/player/animations/player_torch_idle_rarm.fbx in 0 ms
WARNING: Loaded resource 'c:/Program Files (x86)/Steam/steamapps/common/Amnesia The Bunker/entities/character/player/animations/player_torch_idle_rarm.fbx' while the map was running.
  Loaded resource c:/Program Files (x86)/Steam/steamapps/common/Amnesia The Bunker/entities/character/player/animations/player_torch_holster_rarm.fbx in 0 ms
WARNING: Loaded resource 'c:/Program Files (x86)/Steam/steamapps/common/Amnesia The Bunker/entities/character/player/animations/player_torch_holster_rarm.fbx' while the map was running.
  Loaded resource c:/Program Files (x86)/Steam/steamapps/common/Amnesia The Bunker/entities/character/player/animations/player_torch_aim_rarm.fbx in 0 ms
WARNING: Loaded resource 'c:/Program Files (x86)/Steam/steamapps/common/Amnesia The Bunker/entities/character/player/animations/player_torch_aim_rarm.fbx' while the map was running.
  Loaded resource c:/Program Files (x86)/Steam/steamapps/common/Amnesia The Bunker/entities/character/player/animations/player_torch_equip_unlit_rarm.fbx in 1 ms
WARNING: Loaded resource 'c:/Program Files (x86)/Steam/steamapps/common/Amnesia The Bunker/entities/character/player/animations/player_torch_equip_unlit_rarm.fbx' while the map was running.
  Loaded resource c:/Program Files (x86)/Steam/steamapps/common/Amnesia The Bunker/entities/character/player/animations/player_torch_equip_rarm.fbx in 0 ms
WARNING: Loaded resource 'c:/Program Files (x86)/Steam/steamapps/common/Amnesia The Bunker/entities/character/player/animations/player_torch_equip_rarm.fbx' while the map was running.
  Loaded resource c:/Program Files (x86)/Steam/steamapps/common/Amnesia The Bunker/entities/character/player/animations/player_torch_wave_1_rarm.fbx in 0 ms
WARNING: Loaded resource 'c:/Program Files (x86)/Steam/steamapps/common/Amnesia The Bunker/entities/character/player/animations/player_torch_wave_1_rarm.fbx' while the map was running.
  Loaded resource c:/Program Files (x86)/Steam/steamapps/common/Amnesia The Bunker/entities/character/player/animations/player_torch_wave_2_rarm.fbx in 0 ms
WARNING: Loaded resource 'c:/Program Files (x86)/Steam/steamapps/common/Amnesia The Bunker/entities/character/player/animations/player_torch_wave_2_rarm.fbx' while the map was running.
  Loaded resource c:/Program Files (x86)/Steam/steamapps/common/Amnesia The Bunker/entities/character/player/animations/player_torch_wave_3_rarm.fbx in 0 ms
WARNING: Loaded resource 'c:/Program Files (x86)/Steam/steamapps/common/Amnesia The Bunker/entities/character/player/animations/player_torch_wave_3_rarm.fbx' while the map was running.
  Loaded resource c:/Program Files (x86)/Steam/steamapps/common/Amnesia The Bunker/entities/character/player/animations/player_torch_wave_end_rarm.fbx in 1 ms
WARNING: Loaded resource 'c:/Program Files (x86)/Steam/steamapps/common/Amnesia The Bunker/entities/character/player/animations/player_torch_wave_end_rarm.fbx' while the map was running.
  Loaded resource c:/Program Files (x86)/Steam/steamapps/common/Amnesia The Bunker/entities/character/player/animations/player_torch_aim_start_rarm.fbx in 0 ms
WARNING: Loaded resource 'c:/Program Files (x86)/Steam/steamapps/common/Amnesia The Bunker/entities/character/player/animations/player_torch_aim_start_rarm.fbx' while the map was running.
  Loaded resource c:/Program Files (x86)/Steam/steamapps/common/Amnesia The Bunker/entities/character/player/animations/player_torch_aim_end_rarm.fbx in 0 ms
WARNING: Loaded resource 'c:/Program Files (x86)/Steam/steamapps/common/Amnesia The Bunker/entities/character/player/animations/player_torch_aim_end_rarm.fbx' while the map was running.
  Loaded resource c:/Program Files (x86)/Steam/steamapps/common/Amnesia The Bunker/entities/character/player/animations/player_grenade_equip_rarm.fbx in 0 ms
WARNING: Loaded resource 'c:/Program Files (x86)/Steam/steamapps/common/Amnesia The Bunker/entities/character/player/animations/player_grenade_equip_rarm.fbx' while the map was running.
  Loaded resource c:/Program Files (x86)/Steam/steamapps/common/Amnesia The Bunker/entities/character/player/animations/player_grenade_focus_end_larm.fbx in 0 ms
WARNING: Loaded resource 'c:/Program Files (x86)/Steam/steamapps/common/Amnesia The Bunker/entities/character/player/animations/player_grenade_focus_end_larm.fbx' while the map was running.
  Loaded resource c:/Program Files (x86)/Steam/steamapps/common/Amnesia The Bunker/entities/character/player/animations/player_grenade_focus_end_rarm.fbx in 0 ms
WARNING: Loaded resource 'c:/Program Files (x86)/Steam/steamapps/common/Amnesia The Bunker/entities/character/player/animations/player_grenade_focus_end_rarm.fbx' while the map was running.
  Loaded resource c:/Program Files (x86)/Steam/steamapps/common/Amnesia The Bunker/entities/character/player/animations/player_grenade_focus_idle_larm.fbx in 0 ms
WARNING: Loaded resource 'c:/Program Files (x86)/Steam/steamapps/common/Amnesia The Bunker/entities/character/player/animations/player_grenade_focus_idle_larm.fbx' while the map was running.
  Loaded resource c:/Program Files (x86)/Steam/steamapps/common/Amnesia The Bunker/entities/character/player/animations/player_grenade_focus_idle_rarm.fbx in 1 ms
WARNING: Loaded resource 'c:/Program Files (x86)/Steam/steamapps/common/Amnesia The Bunker/entities/character/player/animations/player_grenade_focus_idle_rarm.fbx' while the map was running.
  Loaded resource c:/Program Files (x86)/Steam/steamapps/common/Amnesia The Bunker/entities/character/player/animations/player_grenade_focus_start_larm.fbx in 0 ms
WARNING: Loaded resource 'c:/Program Files (x86)/Steam/steamapps/common/Amnesia The Bunker/entities/character/player/animations/player_grenade_focus_start_larm.fbx' while the map was running.
  Loaded resource c:/Program Files (x86)/Steam/steamapps/common/Amnesia The Bunker/entities/character/player/animations/player_grenade_focus_start_rarm.fbx in 0 ms
WARNING: Loaded resource 'c:/Program Files (x86)/Steam/steamapps/common/Amnesia The Bunker/entities/character/player/animations/player_grenade_focus_start_rarm.fbx' while the map was running.
  Loaded resource c:/Program Files (x86)/Steam/steamapps/common/Amnesia The Bunker/entities/character/player/animations/player_grenade_holster_rarm.fbx in 0 ms
WARNING: Loaded resource 'c:/Program Files (x86)/Steam/steamapps/common/Amnesia The Bunker/entities/character/player/animations/player_grenade_holster_rarm.fbx' while the map was running.
  Loaded resource c:/Program Files (x86)/Steam/steamapps/common/Amnesia The Bunker/entities/character/player/animations/player_grenade_idle_rarm.fbx in 0 ms
WARNING: Loaded resource 'c:/Program Files (x86)/Steam/steamapps/common/Amnesia The Bunker/entities/character/player/animations/player_grenade_idle_rarm.fbx' while the map was running.
  Loaded resource c:/Program Files (x86)/Steam/steamapps/common/Amnesia The Bunker/entities/character/player/animations/player_grenade_throw_larm.fbx in 0 ms
WARNING: Loaded resource 'c:/Program Files (x86)/Steam/steamapps/common/Amnesia The Bunker/entities/character/player/animations/player_grenade_throw_larm.fbx' while the map was running.
  Loaded resource c:/Program Files (x86)/Steam/steamapps/common/Amnesia The Bunker/entities/character/player/animations/player_grenade_throw_rarm.fbx in 1 ms
WARNING: Loaded resource 'c:/Program Files (x86)/Steam/steamapps/common/Amnesia The Bunker/entities/character/player/animations/player_grenade_throw_rarm.fbx' while the map was running.
  Loaded resource c:/Program Files (x86)/Steam/steamapps/common/Amnesia The Bunker/entities/character/player/animations/player_gas_grenade_equip_rarm.fbx in 0 ms
WARNING: Loaded resource 'c:/Program Files (x86)/Steam/steamapps/common/Amnesia The Bunker/entities/character/player/animations/player_gas_grenade_equip_rarm.fbx' while the map was running.
  Loaded resource c:/Program Files (x86)/Steam/steamapps/common/Amnesia The Bunker/entities/character/player/animations/player_gas_grenade_focus_end_rarm.fbx in 0 ms
WARNING: Loaded resource 'c:/Program Files (x86)/Steam/steamapps/common/Amnesia The Bunker/entities/character/player/animations/player_gas_grenade_focus_end_rarm.fbx' while the map was running.
  Loaded resource c:/Program Files (x86)/Steam/steamapps/common/Amnesia The Bunker/entities/character/player/animations/player_gas_grenade_focus_idle_rarm.fbx in 0 ms
WARNING: Loaded resource 'c:/Program Files (x86)/Steam/steamapps/common/Amnesia The Bunker/entities/character/player/animations/player_gas_grenade_focus_idle_rarm.fbx' while the map was running.
  Loaded resource c:/Program Files (x86)/Steam/steamapps/common/Amnesia The Bunker/entities/character/player/animations/player_gas_grenade_focus_start_rarm.fbx in 0 ms
WARNING: Loaded resource 'c:/Program Files (x86)/Steam/steamapps/common/Amnesia The Bunker/entities/character/player/animations/player_gas_grenade_focus_start_rarm.fbx' while the map was running.
  Loaded resource c:/Program Files (x86)/Steam/steamapps/common/Amnesia The Bunker/entities/character/player/animations/player_gas_grenade_holster_rarm.fbx in 0 ms
WARNING: Loaded resource 'c:/Program Files (x86)/Steam/steamapps/common/Amnesia The Bunker/entities/character/player/animations/player_gas_grenade_holster_rarm.fbx' while the map was running.
  Loaded resource c:/Program Files (x86)/Steam/steamapps/common/Amnesia The Bunker/entities/character/player/animations/player_gas_grenade_idle_rarm.fbx in 0 ms
WARNING: Loaded resource 'c:/Program Files (x86)/Steam/steamapps/common/Amnesia The Bunker/entities/character/player/animations/player_gas_grenade_idle_rarm.fbx' while the map was running.
  Loaded resource c:/Program Files (x86)/Steam/steamapps/common/Amnesia The Bunker/entities/character/player/animations/player_gas_grenade_throw_larm.fbx in 0 ms
WARNING: Loaded resource 'c:/Program Files (x86)/Steam/steamapps/common/Amnesia The Bunker/entities/character/player/animations/player_gas_grenade_throw_larm.fbx' while the map was running.
  Loaded resource c:/Program Files (x86)/Steam/steamapps/common/Amnesia The Bunker/entities/character/player/animations/player_gas_grenade_throw_rarm.fbx in 0 ms
WARNING: Loaded resource 'c:/Program Files (x86)/Steam/steamapps/common/Amnesia The Bunker/entities/character/player/animations/player_gas_grenade_throw_rarm.fbx' while the map was running.
  Loaded resource c:/Program Files (x86)/Steam/steamapps/common/Amnesia The Bunker/entities/character/player/animations/player_wrench_equip_rarm.fbx in 0 ms
WARNING: Loaded resource 'c:/Program Files (x86)/Steam/steamapps/common/Amnesia The Bunker/entities/character/player/animations/player_wrench_equip_rarm.fbx' while the map was running.
  Loaded resource c:/Program Files (x86)/Steam/steamapps/common/Amnesia The Bunker/entities/character/player/animations/player_wrench_focus_end_larm.fbx in 0 ms
WARNING: Loaded resource 'c:/Program Files (x86)/Steam/steamapps/common/Amnesia The Bunker/entities/character/player/animations/player_wrench_focus_end_larm.fbx' while the map was running.
  Loaded resource c:/Program Files (x86)/Steam/steamapps/common/Amnesia The Bunker/entities/character/player/animations/player_wrench_focus_end_rarm.fbx in 0 ms
WARNING: Loaded resource 'c:/Program Files (x86)/Steam/steamapps/common/Amnesia The Bunker/entities/character/player/animations/player_wrench_focus_end_rarm.fbx' while the map was running.
  Loaded resource c:/Program Files (x86)/Steam/steamapps/common/Amnesia The Bunker/entities/character/player/animations/player_wrench_focus_idle_larm.fbx in 0 ms
WARNING: Loaded resource 'c:/Program Files (x86)/Steam/steamapps/common/Amnesia The Bunker/entities/character/player/animations/player_wrench_focus_idle_larm.fbx' while the map was running.
  Loaded resource c:/Program Files (x86)/Steam/steamapps/common/Amnesia The Bunker/entities/character/player/animations/player_wrench_focus_idle_rarm.fbx in 0 ms
WARNING: Loaded resource 'c:/Program Files (x86)/Steam/steamapps/common/Amnesia The Bunker/entities/character/player/animations/player_wrench_focus_idle_rarm.fbx' while the map was running.
  Loaded resource c:/Program Files (x86)/Steam/steamapps/common/Amnesia The Bunker/entities/character/player/animations/player_wrench_focus_start_larm.fbx in 1 ms
WARNING: Loaded resource 'c:/Program Files (x86)/Steam/steamapps/common/Amnesia The Bunker/entities/character/player/animations/player_wrench_focus_start_larm.fbx' while the map was running.
  Loaded resource c:/Program Files (x86)/Steam/steamapps/common/Amnesia The Bunker/entities/character/player/animations/player_wrench_focus_start_rarm.fbx in 0 ms
WARNING: Loaded resource 'c:/Program Files (x86)/Steam/steamapps/common/Amnesia The Bunker/entities/character/player/animations/player_wrench_focus_start_rarm.fbx' while the map was running.
  Loaded resource c:/Program Files (x86)/Steam/steamapps/common/Amnesia The Bunker/entities/character/player/animations/player_wrench_holster_rarm.fbx in 0 ms
WARNING: Loaded resource 'c:/Program Files (x86)/Steam/steamapps/common/Amnesia The Bunker/entities/character/player/animations/player_wrench_holster_rarm.fbx' while the map was running.
  Loaded resource c:/Program Files (x86)/Steam/steamapps/common/Amnesia The Bunker/entities/character/player/animations/player_wrench_idle_rarm.fbx in 0 ms
WARNING: Loaded resource 'c:/Program Files (x86)/Steam/steamapps/common/Amnesia The Bunker/entities/character/player/animations/player_wrench_idle_rarm.fbx' while the map was running.
  Loaded resource c:/Program Files (x86)/Steam/steamapps/common/Amnesia The Bunker/entities/character/player/animations/player_wrench_rtu_noaction_larm.fbx in 0 ms
WARNING: Loaded resource 'c:/Program Files (x86)/Steam/steamapps/common/Amnesia The Bunker/entities/character/player/animations/player_wrench_rtu_noaction_larm.fbx' while the map was running.
  Loaded resource c:/Program Files (x86)/Steam/steamapps/common/Amnesia The Bunker/entities/character/player/animations/player_wrench_rtu_noaction_rarm.fbx in 0 ms
WARNING: Loaded resource 'c:/Program Files (x86)/Steam/steamapps/common/Amnesia The Bunker/entities/character/player/animations/player_wrench_rtu_noaction_rarm.fbx' while the map was running.
  Loaded resource c:/Program Files (x86)/Steam/steamapps/common/Amnesia The Bunker/entities/character/player/animations/player_wrench_unscrew_x2_bolt.fbx in 1 ms
WARNING: Loaded resource 'c:/Program Files (x86)/Steam/steamapps/common/Amnesia The Bunker/entities/character/player/animations/player_wrench_unscrew_x2_bolt.fbx' while the map was running.
  Loaded resource c:/Program Files (x86)/Steam/steamapps/common/Amnesia The Bunker/entities/character/player/animations/player_wrench_unscrew_x3_bolt.fbx in 1 ms
WARNING: Loaded resource 'c:/Program Files (x86)/Steam/steamapps/common/Amnesia The Bunker/entities/character/player/animations/player_wrench_unscrew_x3_bolt.fbx' while the map was running.
  Loaded resource c:/Program Files (x86)/Steam/steamapps/common/Amnesia The Bunker/entities/character/player/animations/player_meat_equip_rarm.fbx in 1 ms
WARNING: Loaded resource 'c:/Program Files (x86)/Steam/steamapps/common/Amnesia The Bunker/entities/character/player/animations/player_meat_equip_rarm.fbx' while the map was running.
  Loaded resource c:/Program Files (x86)/Steam/steamapps/common/Amnesia The Bunker/entities/character/player/animations/player_meat_focus_end_rarm.fbx in 0 ms
WARNING: Loaded resource 'c:/Program Files (x86)/Steam/steamapps/common/Amnesia The Bunker/entities/character/player/animations/player_meat_focus_end_rarm.fbx' while the map was running.
  Loaded resource c:/Program Files (x86)/Steam/steamapps/common/Amnesia The Bunker/entities/character/player/animations/player_meat_focus_idle_rarm.fbx in 0 ms
WARNING: Loaded resource 'c:/Program Files (x86)/Steam/steamapps/common/Amnesia The Bunker/entities/character/player/animations/player_meat_focus_idle_rarm.fbx' while the map was running.
  Loaded resource c:/Program Files (x86)/Steam/steamapps/common/Amnesia The Bunker/entities/character/player/animations/player_meat_focus_start_rarm.fbx in 0 ms
WARNING: Loaded resource 'c:/Program Files (x86)/Steam/steamapps/common/Amnesia The Bunker/entities/character/player/animations/player_meat_focus_start_rarm.fbx' while the map was running.
  Loaded resource c:/Program Files (x86)/Steam/steamapps/common/Amnesia The Bunker/entities/character/player/animations/player_meat_holster_rarm.fbx in 0 ms
WARNING: Loaded resource 'c:/Program Files (x86)/Steam/steamapps/common/Amnesia The Bunker/entities/character/player/animations/player_meat_holster_rarm.fbx' while the map was running.
  Loaded resource c:/Program Files (x86)/Steam/steamapps/common/Amnesia The Bunker/entities/character/player/animations/player_meat_idle_rarm.fbx in 0 ms
WARNING: Loaded resource 'c:/Program Files (x86)/Steam/steamapps/common/Amnesia The Bunker/entities/character/player/animations/player_meat_idle_rarm.fbx' while the map was running.
  Loaded resource c:/Program Files (x86)/Steam/steamapps/common/Amnesia The Bunker/entities/character/player/animations/player_meat_throw_rarm.fbx in 1 ms
WARNING: Loaded resource 'c:/Program Files (x86)/Steam/steamapps/common/Amnesia The Bunker/entities/character/player/animations/player_meat_throw_rarm.fbx' while the map was running.
  Loaded resource c:/Program Files (x86)/Steam/steamapps/common/Amnesia The Bunker/entities/character/player/animations/player_bottle_equip_rarm.fbx in 0 ms
WARNING: Loaded resource 'c:/Program Files (x86)/Steam/steamapps/common/Amnesia The Bunker/entities/character/player/animations/player_bottle_equip_rarm.fbx' while the map was running.
  Loaded resource c:/Program Files (x86)/Steam/steamapps/common/Amnesia The Bunker/entities/character/player/animations/player_bottle_focus_end_rarm.fbx in 0 ms
WARNING: Loaded resource 'c:/Program Files (x86)/Steam/steamapps/common/Amnesia The Bunker/entities/character/player/animations/player_bottle_focus_end_rarm.fbx' while the map was running.
  Loaded resource c:/Program Files (x86)/Steam/steamapps/common/Amnesia The Bunker/entities/character/player/animations/player_bottle_focus_idle_rarm.fbx in 0 ms
WARNING: Loaded resource 'c:/Program Files (x86)/Steam/steamapps/common/Amnesia The Bunker/entities/character/player/animations/player_bottle_focus_idle_rarm.fbx' while the map was running.
  Loaded resource c:/Program Files (x86)/Steam/steamapps/common/Amnesia The Bunker/entities/character/player/animations/player_bottle_focus_start_rarm.fbx in 0 ms
WARNING: Loaded resource 'c:/Program Files (x86)/Steam/steamapps/common/Amnesia The Bunker/entities/character/player/animations/player_bottle_focus_start_rarm.fbx' while the map was running.
  Loaded resource c:/Program Files (x86)/Steam/steamapps/common/Amnesia The Bunker/entities/character/player/animations/player_bottle_holster_rarm.fbx in 0 ms
WARNING: Loaded resource 'c:/Program Files (x86)/Steam/steamapps/common/Amnesia The Bunker/entities/character/player/animations/player_bottle_holster_rarm.fbx' while the map was running.
  Loaded resource c:/Program Files (x86)/Steam/steamapps/common/Amnesia The Bunker/entities/character/player/animations/player_bottle_idle_rarm.fbx in 1 ms
WARNING: Loaded resource 'c:/Program Files (x86)/Steam/steamapps/common/Amnesia The Bunker/entities/character/player/animations/player_bottle_idle_rarm.fbx' while the map was running.
  Loaded resource c:/Program Files (x86)/Steam/steamapps/common/Amnesia The Bunker/entities/character/player/animations/player_bottle_throw_rarm.fbx in 0 ms
WARNING: Loaded resource 'c:/Program Files (x86)/Steam/steamapps/common/Amnesia The Bunker/entities/character/player/animations/player_bottle_throw_rarm.fbx' while the map was running.
  Loaded resource c:/Program Files (x86)/Steam/steamapps/common/Amnesia The Bunker/entities/character/player/animations/player_fuel_bottle_equip_rarm.fbx in 0 ms
WARNING: Loaded resource 'c:/Program Files (x86)/Steam/steamapps/common/Amnesia The Bunker/entities/character/player/animations/player_fuel_bottle_equip_rarm.fbx' while the map was running.
  Loaded resource c:/Program Files (x86)/Steam/steamapps/common/Amnesia The Bunker/entities/character/player/animations/player_fuel_bottle_focus_end_rarm.fbx in 0 ms
WARNING: Loaded resource 'c:/Program Files (x86)/Steam/steamapps/common/Amnesia The Bunker/entities/character/player/animations/player_fuel_bottle_focus_end_rarm.fbx' while the map was running.
  Loaded resource c:/Program Files (x86)/Steam/steamapps/common/Amnesia The Bunker/entities/character/player/animations/player_fuel_bottle_focus_idle_rarm.fbx in 0 ms
WARNING: Loaded resource 'c:/Program Files (x86)/Steam/steamapps/common/Amnesia The Bunker/entities/character/player/animations/player_fuel_bottle_focus_idle_rarm.fbx' while the map was running.
  Loaded resource c:/Program Files (x86)/Steam/steamapps/common/Amnesia The Bunker/entities/character/player/animations/player_fuel_bottle_focus_start_rarm.fbx in 0 ms
WARNING: Loaded resource 'c:/Program Files (x86)/Steam/steamapps/common/Amnesia The Bunker/entities/character/player/animations/player_fuel_bottle_focus_start_rarm.fbx' while the map was running.
  Loaded resource c:/Program Files (x86)/Steam/steamapps/common/Amnesia The Bunker/entities/character/player/animations/player_fuel_bottle_holster_rarm.fbx in 0 ms
WARNING: Loaded resource 'c:/Program Files (x86)/Steam/steamapps/common/Amnesia The Bunker/entities/character/player/animations/player_fuel_bottle_holster_rarm.fbx' while the map was running.
  Loaded resource c:/Program Files (x86)/Steam/steamapps/common/Amnesia The Bunker/entities/character/player/animations/player_fuel_bottle_idle_rarm.fbx in 1 ms
WARNING: Loaded resource 'c:/Program Files (x86)/Steam/steamapps/common/Amnesia The Bunker/entities/character/player/animations/player_fuel_bottle_idle_rarm.fbx' while the map was running.
  Loaded resource c:/Program Files (x86)/Steam/steamapps/common/Amnesia The Bunker/entities/character/player/animations/player_fuel_bottle_throw_rarm.fbx in 0 ms
WARNING: Loaded resource 'c:/Program Files (x86)/Steam/steamapps/common/Amnesia The Bunker/entities/character/player/animations/player_fuel_bottle_throw_rarm.fbx' while the map was running.
  Loaded resource c:/Program Files (x86)/Steam/steamapps/common/Amnesia The Bunker/entities/character/player/animations/player_flare_equip_rarm.fbx in 0 ms
WARNING: Loaded resource 'c:/Program Files (x86)/Steam/steamapps/common/Amnesia The Bunker/entities/character/player/animations/player_flare_equip_rarm.fbx' while the map was running.
  Loaded resource c:/Program Files (x86)/Steam/steamapps/common/Amnesia The Bunker/entities/character/player/animations/player_flare_idle_rarm.fbx in 0 ms
WARNING: Loaded resource 'c:/Program Files (x86)/Steam/steamapps/common/Amnesia The Bunker/entities/character/player/animations/player_flare_idle_rarm.fbx' while the map was running.
  Loaded resource c:/Program Files (x86)/Steam/steamapps/common/Amnesia The Bunker/entities/character/player/animations/player_flare_holster_rarm.fbx in 0 ms
WARNING: Loaded resource 'c:/Program Files (x86)/Steam/steamapps/common/Amnesia The Bunker/entities/character/player/animations/player_flare_holster_rarm.fbx' while the map was running.
  Loaded resource c:/Program Files (x86)/Steam/steamapps/common/Amnesia The Bunker/entities/character/player/animations/player_flare_focus_start_larm.fbx in 1 ms
WARNING: Loaded resource 'c:/Program Files (x86)/Steam/steamapps/common/Amnesia The Bunker/entities/character/player/animations/player_flare_focus_start_larm.fbx' while the map was running.
  Loaded resource c:/Program Files (x86)/Steam/steamapps/common/Amnesia The Bunker/entities/character/player/animations/player_flare_focus_start_rarm.fbx in 0 ms
WARNING: Loaded resource 'c:/Program Files (x86)/Steam/steamapps/common/Amnesia The Bunker/entities/character/player/animations/player_flare_focus_start_rarm.fbx' while the map was running.
  Loaded resource c:/Program Files (x86)/Steam/steamapps/common/Amnesia The Bunker/entities/character/player/animations/player_flare_focus_idle_larm.fbx in 0 ms
WARNING: Loaded resource 'c:/Program Files (x86)/Steam/steamapps/common/Amnesia The Bunker/entities/character/player/animations/player_flare_focus_idle_larm.fbx' while the map was running.
  Loaded resource c:/Program Files (x86)/Steam/steamapps/common/Amnesia The Bunker/entities/character/player/animations/player_flare_focus_idle_rarm.fbx in 0 ms
WARNING: Loaded resource 'c:/Program Files (x86)/Steam/steamapps/common/Amnesia The Bunker/entities/character/player/animations/player_flare_focus_idle_rarm.fbx' while the map was running.
  Loaded resource c:/Program Files (x86)/Steam/steamapps/common/Amnesia The Bunker/entities/character/player/animations/player_flare_focus_end_larm.fbx in 0 ms
WARNING: Loaded resource 'c:/Program Files (x86)/Steam/steamapps/common/Amnesia The Bunker/entities/character/player/animations/player_flare_focus_end_larm.fbx' while the map was running.
  Loaded resource c:/Program Files (x86)/Steam/steamapps/common/Amnesia The Bunker/entities/character/player/animations/player_flare_focus_end_rarm.fbx in 1 ms
WARNING: Loaded resource 'c:/Program Files (x86)/Steam/steamapps/common/Amnesia The Bunker/entities/character/player/animations/player_flare_focus_end_rarm.fbx' while the map was running.
  Loaded resource c:/Program Files (x86)/Steam/steamapps/common/Amnesia The Bunker/entities/character/player/animations/player_flare_throw_larm.fbx in 0 ms
WARNING: Loaded resource 'c:/Program Files (x86)/Steam/steamapps/common/Amnesia The Bunker/entities/character/player/animations/player_flare_throw_larm.fbx' while the map was running.
  Loaded resource c:/Program Files (x86)/Steam/steamapps/common/Amnesia The Bunker/entities/character/player/animations/player_flare_throw_rarm.fbx in 0 ms
WARNING: Loaded resource 'c:/Program Files (x86)/Steam/steamapps/common/Amnesia The Bunker/entities/character/player/animations/player_flare_throw_rarm.fbx' while the map was running.
  Loaded resource c:/Program Files (x86)/Steam/steamapps/common/Amnesia The Bunker/entities/character/player/animations/player_gas_mask_equip.fbx in 0 ms
WARNING: Loaded resource 'c:/Program Files (x86)/Steam/steamapps/common/Amnesia The Bunker/entities/character/player/animations/player_gas_mask_equip.fbx' while the map was running.
  Loaded resource c:/Program Files (x86)/Steam/steamapps/common/Amnesia The Bunker/entities/character/player/animations/player_gas_mask_unequip.fbx in 1 ms
WARNING: Loaded resource 'c:/Program Files (x86)/Steam/steamapps/common/Amnesia The Bunker/entities/character/player/animations/player_gas_mask_unequip.fbx' while the map was running.
  Loaded resource c:/Program Files (x86)/Steam/steamapps/common/Amnesia The Bunker/entities/character/player/animations/player_stopwatch_wind_and_click_larm.fbx in 0 ms
WARNING: Loaded resource 'c:/Program Files (x86)/Steam/steamapps/common/Amnesia The Bunker/entities/character/player/animations/player_stopwatch_wind_and_click_larm.fbx' while the map was running.
  Loaded resource c:/Program Files (x86)/Steam/steamapps/common/Amnesia The Bunker/entities/character/player/animations/player_stopwatch_wind_and_click_rarm.fbx in 0 ms
WARNING: Loaded resource 'c:/Program Files (x86)/Steam/steamapps/common/Amnesia The Bunker/entities/character/player/animations/player_stopwatch_wind_and_click_rarm.fbx' while the map was running.
  Loaded resource c:/Program Files (x86)/Steam/steamapps/common/Amnesia The Bunker/entities/character/player/animations/player_stopwatch_wind_and_click_all.fbx in 1 ms
WARNING: Loaded resource 'c:/Program Files (x86)/Steam/steamapps/common/Amnesia The Bunker/entities/character/player/animations/player_stopwatch_wind_and_click_all.fbx' while the map was running.
  Loaded resource c:/Program Files (x86)/Steam/steamapps/common/Amnesia The Bunker/entities/character/player/animations/player_stopwatch_equip_click_rarm.fbx in 0 ms
WARNING: Loaded resource 'c:/Program Files (x86)/Steam/steamapps/common/Amnesia The Bunker/entities/character/player/animations/player_stopwatch_equip_click_rarm.fbx' while the map was running.
  Loaded resource c:/Program Files (x86)/Steam/steamapps/common/Amnesia The Bunker/entities/character/player/animations/player_stopwatch_equip_rarm.fbx in 0 ms
WARNING: Loaded resource 'c:/Program Files (x86)/Steam/steamapps/common/Amnesia The Bunker/entities/character/player/animations/player_stopwatch_equip_rarm.fbx' while the map was running.
  Loaded resource c:/Program Files (x86)/Steam/steamapps/common/Amnesia The Bunker/entities/character/player/animations/player_stopwatch_focus_click_rarm.fbx in 0 ms
WARNING: Loaded resource 'c:/Program Files (x86)/Steam/steamapps/common/Amnesia The Bunker/entities/character/player/animations/player_stopwatch_focus_click_rarm.fbx' while the map was running.
  Loaded resource c:/Program Files (x86)/Steam/steamapps/common/Amnesia The Bunker/entities/character/player/animations/player_stopwatch_focus_end_rarm.fbx in 0 ms
WARNING: Loaded resource 'c:/Program Files (x86)/Steam/steamapps/common/Amnesia The Bunker/entities/character/player/animations/player_stopwatch_focus_end_rarm.fbx' while the map was running.
  Loaded resource c:/Program Files (x86)/Steam/steamapps/common/Amnesia The Bunker/entities/character/player/animations/player_stopwatch_focus_idle_rarm.fbx in 1 ms
WARNING: Loaded resource 'c:/Program Files (x86)/Steam/steamapps/common/Amnesia The Bunker/entities/character/player/animations/player_stopwatch_focus_idle_rarm.fbx' while the map was running.
  Loaded resource c:/Program Files (x86)/Steam/steamapps/common/Amnesia The Bunker/entities/character/player/animations/player_stopwatch_focus_start_rarm.fbx in 0 ms
WARNING: Loaded resource 'c:/Program Files (x86)/Steam/steamapps/common/Amnesia The Bunker/entities/character/player/animations/player_stopwatch_focus_start_rarm.fbx' while the map was running.
  Loaded resource c:/Program Files (x86)/Steam/steamapps/common/Amnesia The Bunker/entities/character/player/animations/player_stopwatch_holster_rarm.fbx in 0 ms
WARNING: Loaded resource 'c:/Program Files (x86)/Steam/steamapps/common/Amnesia The Bunker/entities/character/player/animations/player_stopwatch_holster_rarm.fbx' while the map was running.
  Loaded resource c:/Program Files (x86)/Steam/steamapps/common/Amnesia The Bunker/entities/character/player/animations/player_stopwatch_idle_click_rarm.fbx in 0 ms
WARNING: Loaded resource 'c:/Program Files (x86)/Steam/steamapps/common/Amnesia The Bunker/entities/character/player/animations/player_stopwatch_idle_click_rarm.fbx' while the map was running.
  Loaded resource c:/Program Files (x86)/Steam/steamapps/common/Amnesia The Bunker/entities/character/player/animations/player_stopwatch_idle_rarm.fbx in 0 ms
WARNING: Loaded resource 'c:/Program Files (x86)/Steam/steamapps/common/Amnesia The Bunker/entities/character/player/animations/player_stopwatch_idle_rarm.fbx' while the map was running.
  Loaded resource c:/Program Files (x86)/Steam/steamapps/common/Amnesia The Bunker/entities/character/player/animations/player_death_front.fbx in 1 ms
WARNING: Loaded resource 'c:/Program Files (x86)/Steam/steamapps/common/Amnesia The Bunker/entities/character/player/animations/player_death_front.fbx' while the map was running.
  Loaded resource c:/Program Files (x86)/Steam/steamapps/common/Amnesia The Bunker/entities/character/player/animations/player_death_back.fbx in 0 ms
WARNING: Loaded resource 'c:/Program Files (x86)/Steam/steamapps/common/Amnesia The Bunker/entities/character/player/animations/player_death_back.fbx' while the map was running.
  Loaded resource c:/Program Files (x86)/Steam/steamapps/common/Amnesia The Bunker/entities/character/player/animations/player_slide_back_start.fbx in 1 ms
WARNING: Loaded resource 'c:/Program Files (x86)/Steam/steamapps/common/Amnesia The Bunker/entities/character/player/animations/player_slide_back_start.fbx' while the map was running.
  Loaded resource c:/Program Files (x86)/Steam/steamapps/common/Amnesia The Bunker/entities/character/player/animations/player_slide_back_loop.fbx in 0 ms
WARNING: Loaded resource 'c:/Program Files (x86)/Steam/steamapps/common/Amnesia The Bunker/entities/character/player/animations/player_slide_back_loop.fbx' while the map was running.
  Loaded resource c:/Program Files (x86)/Steam/steamapps/common/Amnesia The Bunker/entities/character/player/animations/player_slide_back_end.fbx in 1 ms
WARNING: Loaded resource 'c:/Program Files (x86)/Steam/steamapps/common/Amnesia The Bunker/entities/character/player/animations/player_slide_back_end.fbx' while the map was running.
  Loaded resource c:/Program Files (x86)/Steam/steamapps/common/Amnesia The Bunker/entities/character/player/animations/player_slide_start.fbx in 0 ms
WARNING: Loaded resource 'c:/Program Files (x86)/Steam/steamapps/common/Amnesia The Bunker/entities/character/player/animations/player_slide_start.fbx' while the map was running.
  Loaded resource c:/Program Files (x86)/Steam/steamapps/common/Amnesia The Bunker/entities/character/player/animations/player_slide_loop.fbx in 0 ms
WARNING: Loaded resource 'c:/Program Files (x86)/Steam/steamapps/common/Amnesia The Bunker/entities/character/player/animations/player_slide_loop.fbx' while the map was running.
  Loaded resource c:/Program Files (x86)/Steam/steamapps/common/Amnesia The Bunker/entities/character/player/animations/player_slide_end.fbx in 0 ms
WARNING: Loaded resource 'c:/Program Files (x86)/Steam/steamapps/common/Amnesia The Bunker/entities/character/player/animations/player_slide_end.fbx' while the map was running.
  Loaded resource c:/Program Files (x86)/Steam/steamapps/common/Amnesia The Bunker/entities/character/player/animations/player_lighter_equip_rarm.fbx in 1 ms
WARNING: Loaded resource 'c:/Program Files (x86)/Steam/steamapps/common/Amnesia The Bunker/entities/character/player/animations/player_lighter_equip_rarm.fbx' while the map was running.
  Loaded resource c:/Program Files (x86)/Steam/steamapps/common/Amnesia The Bunker/entities/character/player/animations/player_lighter_holster_rarm.fbx in 0 ms
WARNING: Loaded resource 'c:/Program Files (x86)/Steam/steamapps/common/Amnesia The Bunker/entities/character/player/animations/player_lighter_holster_rarm.fbx' while the map was running.
  Loaded resource c:/Program Files (x86)/Steam/steamapps/common/Amnesia The Bunker/entities/character/player/animations/player_lighter_idle_closed_rarm.fbx in 0 ms
WARNING: Loaded resource 'c:/Program Files (x86)/Steam/steamapps/common/Amnesia The Bunker/entities/character/player/animations/player_lighter_idle_closed_rarm.fbx' while the map was running.
  Loaded resource c:/Program Files (x86)/Steam/steamapps/common/Amnesia The Bunker/entities/character/player/animations/player_lighter_idle_lit_rarm.fbx in 0 ms
WARNING: Loaded resource 'c:/Program Files (x86)/Steam/steamapps/common/Amnesia The Bunker/entities/character/player/animations/player_lighter_idle_lit_rarm.fbx' while the map was running.
  Loaded resource c:/Program Files (x86)/Steam/steamapps/common/Amnesia The Bunker/entities/character/player/animations/player_lighter_focus_end_rarm.fbx in 1 ms
WARNING: Loaded resource 'c:/Program Files (x86)/Steam/steamapps/common/Amnesia The Bunker/entities/character/player/animations/player_lighter_focus_end_rarm.fbx' while the map was running.
  Loaded resource c:/Program Files (x86)/Steam/steamapps/common/Amnesia The Bunker/entities/character/player/animations/player_lighter_focus_idle_rarm.fbx in 0 ms
WARNING: Loaded resource 'c:/Program Files (x86)/Steam/steamapps/common/Amnesia The Bunker/entities/character/player/animations/player_lighter_focus_idle_rarm.fbx' while the map was running.
  Loaded resource c:/Program Files (x86)/Steam/steamapps/common/Amnesia The Bunker/entities/character/player/animations/player_lighter_focus_start_rarm.fbx in 0 ms
WARNING: Loaded resource 'c:/Program Files (x86)/Steam/steamapps/common/Amnesia The Bunker/entities/character/player/animations/player_lighter_focus_start_rarm.fbx' while the map was running.
  Loaded resource c:/Program Files (x86)/Steam/steamapps/common/Amnesia The Bunker/entities/character/player/animations/player_lighter_focus_ignite_rarm.fbx in 0 ms
WARNING: Loaded resource 'c:/Program Files (x86)/Steam/steamapps/common/Amnesia The Bunker/entities/character/player/animations/player_lighter_focus_ignite_rarm.fbx' while the map was running.
  Loaded resource c:/Program Files (x86)/Steam/steamapps/common/Amnesia The Bunker/entities/character/player/animations/player_dynamite_bundle_equip_rarm.fbx in 1 ms
WARNING: Loaded resource 'c:/Program Files (x86)/Steam/steamapps/common/Amnesia The Bunker/entities/character/player/animations/player_dynamite_bundle_equip_rarm.fbx' while the map was running.
  Loaded resource c:/Program Files (x86)/Steam/steamapps/common/Amnesia The Bunker/entities/character/player/animations/player_dynamite_bundle_holster_rarm.fbx in 0 ms
WARNING: Loaded resource 'c:/Program Files (x86)/Steam/steamapps/common/Amnesia The Bunker/entities/character/player/animations/player_dynamite_bundle_holster_rarm.fbx' while the map was running.
  Loaded resource c:/Program Files (x86)/Steam/steamapps/common/Amnesia The Bunker/entities/character/player/animations/player_dynamite_bundle_idle_rarm.fbx in 0 ms
WARNING: Loaded resource 'c:/Program Files (x86)/Steam/steamapps/common/Amnesia The Bunker/entities/character/player/animations/player_dynamite_bundle_idle_rarm.fbx' while the map was running.
  Loaded resource c:/Program Files (x86)/Steam/steamapps/common/Amnesia The Bunker/entities/character/player/animations/player_dynamite_bundle_focus_start_rarm.fbx in 0 ms
WARNING: Loaded resource 'c:/Program Files (x86)/Steam/steamapps/common/Amnesia The Bunker/entities/character/player/animations/player_dynamite_bundle_focus_start_rarm.fbx' while the map was running.
  Loaded resource c:/Program Files (x86)/Steam/steamapps/common/Amnesia The Bunker/entities/character/player/animations/player_dynamite_bundle_focus_idle_rarm.fbx in 0 ms
WARNING: Loaded resource 'c:/Program Files (x86)/Steam/steamapps/common/Amnesia The Bunker/entities/character/player/animations/player_dynamite_bundle_focus_idle_rarm.fbx' while the map was running.
  Loaded resource c:/Program Files (x86)/Steam/steamapps/common/Amnesia The Bunker/entities/character/player/animations/player_dynamite_bundle_focus_end_rarm.fbx in 0 ms
WARNING: Loaded resource 'c:/Program Files (x86)/Steam/steamapps/common/Amnesia The Bunker/entities/character/player/animations/player_dynamite_bundle_focus_end_rarm.fbx' while the map was running.
  Loaded resource c:/Program Files (x86)/Steam/steamapps/common/Amnesia The Bunker/entities/character/player/animations/player_dynamite_bundle_use.fbx in 1 ms
WARNING: Loaded resource 'c:/Program Files (x86)/Steam/steamapps/common/Amnesia The Bunker/entities/character/player/animations/player_dynamite_bundle_use.fbx' while the map was running.
  Loaded resource c:/Program Files (x86)/Steam/steamapps/common/Amnesia The Bunker/entities/character/player/animations/player_key_equip_rarm.fbx in 0 ms
WARNING: Loaded resource 'c:/Program Files (x86)/Steam/steamapps/common/Amnesia The Bunker/entities/character/player/animations/player_key_equip_rarm.fbx' while the map was running.
  Loaded resource c:/Program Files (x86)/Steam/steamapps/common/Amnesia The Bunker/entities/character/player/animations/player_key_holster_rarm.fbx in 0 ms
WARNING: Loaded resource 'c:/Program Files (x86)/Steam/steamapps/common/Amnesia The Bunker/entities/character/player/animations/player_key_holster_rarm.fbx' while the map was running.
  Loaded resource c:/Program Files (x86)/Steam/steamapps/common/Amnesia The Bunker/entities/character/player/animations/player_key_idle_rarm.fbx in 1 ms
WARNING: Loaded resource 'c:/Program Files (x86)/Steam/steamapps/common/Amnesia The Bunker/entities/character/player/animations/player_key_idle_rarm.fbx' while the map was running.
  Loaded resource c:/Program Files (x86)/Steam/steamapps/common/Amnesia The Bunker/entities/character/player/animations/player_key_focus_start_rarm.fbx in 0 ms
WARNING: Loaded resource 'c:/Program Files (x86)/Steam/steamapps/common/Amnesia The Bunker/entities/character/player/animations/player_key_focus_start_rarm.fbx' while the map was running.
  Loaded resource c:/Program Files (x86)/Steam/steamapps/common/Amnesia The Bunker/entities/character/player/animations/player_key_focus_idle_rarm.fbx in 0 ms
WARNING: Loaded resource 'c:/Program Files (x86)/Steam/steamapps/common/Amnesia The Bunker/entities/character/player/animations/player_key_focus_idle_rarm.fbx' while the map was running.
  Loaded resource c:/Program Files (x86)/Steam/steamapps/common/Amnesia The Bunker/entities/character/player/animations/player_key_focus_end_rarm.fbx in 1 ms
WARNING: Loaded resource 'c:/Program Files (x86)/Steam/steamapps/common/Amnesia The Bunker/entities/character/player/animations/player_key_focus_end_rarm.fbx' while the map was running.
  Loaded resource c:/Program Files (x86)/Steam/steamapps/common/Amnesia The Bunker/entities/character/player/animations/player_key_focus_unlock.fbx in 0 ms
WARNING: Loaded resource 'c:/Program Files (x86)/Steam/steamapps/common/Amnesia The Bunker/entities/character/player/animations/player_key_focus_unlock.fbx' while the map was running.
  Loaded resource c:/Program Files (x86)/Steam/steamapps/common/Amnesia The Bunker/entities/character/player/animations/player_lockdown_wheel_equip_rarm.fbx in 1 ms
WARNING: Loaded resource 'c:/Program Files (x86)/Steam/steamapps/common/Amnesia The Bunker/entities/character/player/animations/player_lockdown_wheel_equip_rarm.fbx' while the map was running.
  Loaded resource c:/Program Files (x86)/Steam/steamapps/common/Amnesia The Bunker/entities/character/player/animations/player_lockdown_wheel_holster_rarm.fbx in 0 ms
WARNING: Loaded resource 'c:/Program Files (x86)/Steam/steamapps/common/Amnesia The Bunker/entities/character/player/animations/player_lockdown_wheel_holster_rarm.fbx' while the map was running.
  Loaded resource c:/Program Files (x86)/Steam/steamapps/common/Amnesia The Bunker/entities/character/player/animations/player_lockdown_wheel_idle_rarm.fbx in 0 ms
WARNING: Loaded resource 'c:/Program Files (x86)/Steam/steamapps/common/Amnesia The Bunker/entities/character/player/animations/player_lockdown_wheel_idle_rarm.fbx' while the map was running.
  Loaded resource c:/Program Files (x86)/Steam/steamapps/common/Amnesia The Bunker/entities/character/player/animations/player_lockdown_wheel_focus_start_rarm.fbx in 0 ms
WARNING: Loaded resource 'c:/Program Files (x86)/Steam/steamapps/common/Amnesia The Bunker/entities/character/player/animations/player_lockdown_wheel_focus_start_rarm.fbx' while the map was running.
  Loaded resource c:/Program Files (x86)/Steam/steamapps/common/Amnesia The Bunker/entities/character/player/animations/player_lockdown_wheel_focus_idle_rarm.fbx in 0 ms
WARNING: Loaded resource 'c:/Program Files (x86)/Steam/steamapps/common/Amnesia The Bunker/entities/character/player/animations/player_lockdown_wheel_focus_idle_rarm.fbx' while the map was running.
  Loaded resource c:/Program Files (x86)/Steam/steamapps/common/Amnesia The Bunker/entities/character/player/animations/player_lockdown_wheel_focus_end_rarm.fbx in 0 ms
WARNING: Loaded resource 'c:/Program Files (x86)/Steam/steamapps/common/Amnesia The Bunker/entities/character/player/animations/player_lockdown_wheel_focus_end_rarm.fbx' while the map was running.
  Loaded resource c:/Program Files (x86)/Steam/steamapps/common/Amnesia The Bunker/entities/character/player/animations/player_lockdown_wheel_focus_start_larm.fbx in 1 ms
WARNING: Loaded resource 'c:/Program Files (x86)/Steam/steamapps/common/Amnesia The Bunker/entities/character/player/animations/player_lockdown_wheel_focus_start_larm.fbx' while the map was running.
  Loaded resource c:/Program Files (x86)/Steam/steamapps/common/Amnesia The Bunker/entities/character/player/animations/player_lockdown_wheel_focus_idle_larm.fbx in 0 ms
WARNING: Loaded resource 'c:/Program Files (x86)/Steam/steamapps/common/Amnesia The Bunker/entities/character/player/animations/player_lockdown_wheel_focus_idle_larm.fbx' while the map was running.
  Loaded resource c:/Program Files (x86)/Steam/steamapps/common/Amnesia The Bunker/entities/character/player/animations/player_lockdown_wheel_focus_end_larm.fbx in 0 ms
WARNING: Loaded resource 'c:/Program Files (x86)/Steam/steamapps/common/Amnesia The Bunker/entities/character/player/animations/player_lockdown_wheel_focus_end_larm.fbx' while the map was running.
  Loaded resource c:/Program Files (x86)/Steam/steamapps/common/Amnesia The Bunker/entities/character/player/animations/player_lockdown_wheel_insert.fbx in 0 ms
WARNING: Loaded resource 'c:/Program Files (x86)/Steam/steamapps/common/Amnesia The Bunker/entities/character/player/animations/player_lockdown_wheel_insert.fbx' while the map was running.
  Loaded resource c:/Program Files (x86)/Steam/steamapps/common/Amnesia The Bunker/entities/character/player/animations/player_fuel_cannister_equip_rarm.fbx in 0 ms
WARNING: Loaded resource 'c:/Program Files (x86)/Steam/steamapps/common/Amnesia The Bunker/entities/character/player/animations/player_fuel_cannister_equip_rarm.fbx' while the map was running.
  Loaded resource c:/Program Files (x86)/Steam/steamapps/common/Amnesia The Bunker/entities/character/player/animations/player_fuel_cannister_holster_rarm.fbx in 1 ms
WARNING: Loaded resource 'c:/Program Files (x86)/Steam/steamapps/common/Amnesia The Bunker/entities/character/player/animations/player_fuel_cannister_holster_rarm.fbx' while the map was running.
  Loaded resource c:/Program Files (x86)/Steam/steamapps/common/Amnesia The Bunker/entities/character/player/animations/player_fuel_cannister_idle_rarm.fbx in 0 ms
WARNING: Loaded resource 'c:/Program Files (x86)/Steam/steamapps/common/Amnesia The Bunker/entities/character/player/animations/player_fuel_cannister_idle_rarm.fbx' while the map was running.
  Loaded resource c:/Program Files (x86)/Steam/steamapps/common/Amnesia The Bunker/entities/character/player/animations/player_fuel_cannister_focus_start_rarm.fbx in 0 ms
WARNING: Loaded resource 'c:/Program Files (x86)/Steam/steamapps/common/Amnesia The Bunker/entities/character/player/animations/player_fuel_cannister_focus_start_rarm.fbx' while the map was running.
  Loaded resource c:/Program Files (x86)/Steam/steamapps/common/Amnesia The Bunker/entities/character/player/animations/player_fuel_cannister_focus_idle_rarm.fbx in 0 ms
WARNING: Loaded resource 'c:/Program Files (x86)/Steam/steamapps/common/Amnesia The Bunker/entities/character/player/animations/player_fuel_cannister_focus_idle_rarm.fbx' while the map was running.
  Loaded resource c:/Program Files (x86)/Steam/steamapps/common/Amnesia The Bunker/entities/character/player/animations/player_fuel_cannister_focus_end_rarm.fbx in 0 ms
WARNING: Loaded resource 'c:/Program Files (x86)/Steam/steamapps/common/Amnesia The Bunker/entities/character/player/animations/player_fuel_cannister_focus_end_rarm.fbx' while the map was running.
  Loaded resource c:/Program Files (x86)/Steam/steamapps/common/Amnesia The Bunker/entities/character/player/animations/player_fuel_cannister_focus_start_larm.fbx in 0 ms
WARNING: Loaded resource 'c:/Program Files (x86)/Steam/steamapps/common/Amnesia The Bunker/entities/character/player/animations/player_fuel_cannister_focus_start_larm.fbx' while the map was running.
  Loaded resource c:/Program Files (x86)/Steam/steamapps/common/Amnesia The Bunker/entities/character/player/animations/player_fuel_cannister_focus_idle_larm.fbx in 1 ms
WARNING: Loaded resource 'c:/Program Files (x86)/Steam/steamapps/common/Amnesia The Bunker/entities/character/player/animations/player_fuel_cannister_focus_idle_larm.fbx' while the map was running.
  Loaded resource c:/Program Files (x86)/Steam/steamapps/common/Amnesia The Bunker/entities/character/player/animations/player_fuel_cannister_focus_end_larm.fbx in 0 ms
WARNING: Loaded resource 'c:/Program Files (x86)/Steam/steamapps/common/Amnesia The Bunker/entities/character/player/animations/player_fuel_cannister_focus_end_larm.fbx' while the map was running.
  Loaded resource c:/Program Files (x86)/Steam/steamapps/common/Amnesia The Bunker/entities/character/player/animations/player_fuel_cannister_throw_fuel_start_rarm.fbx in 0 ms
WARNING: Loaded resource 'c:/Program Files (x86)/Steam/steamapps/common/Amnesia The Bunker/entities/character/player/animations/player_fuel_cannister_throw_fuel_start_rarm.fbx' while the map was running.
  Loaded resource c:/Program Files (x86)/Steam/steamapps/common/Amnesia The Bunker/entities/character/player/animations/player_fuel_cannister_throw_fuel_start_larm.fbx in 0 ms
WARNING: Loaded resource 'c:/Program Files (x86)/Steam/steamapps/common/Amnesia The Bunker/entities/character/player/animations/player_fuel_cannister_throw_fuel_start_larm.fbx' while the map was running.
  Loaded resource c:/Program Files (x86)/Steam/steamapps/common/Amnesia The Bunker/entities/character/player/animations/player_head_fuel_cannister_throw_fuel_start.fbx in 0 ms
WARNING: Loaded resource 'c:/Program Files (x86)/Steam/steamapps/common/Amnesia The Bunker/entities/character/player/animations/player_head_fuel_cannister_throw_fuel_start.fbx' while the map was running.
  Loaded resource c:/Program Files (x86)/Steam/steamapps/common/Amnesia The Bunker/entities/character/player/animations/player_fuel_cannister_throw_fuel_x3_rarm.fbx in 0 ms
WARNING: Loaded resource 'c:/Program Files (x86)/Steam/steamapps/common/Amnesia The Bunker/entities/character/player/animations/player_fuel_cannister_throw_fuel_x3_rarm.fbx' while the map was running.
  Loaded resource c:/Program Files (x86)/Steam/steamapps/common/Amnesia The Bunker/entities/character/player/animations/player_fuel_cannister_throw_fuel_x3_larm.fbx in 0 ms
WARNING: Loaded resource 'c:/Program Files (x86)/Steam/steamapps/common/Amnesia The Bunker/entities/character/player/animations/player_fuel_cannister_throw_fuel_x3_larm.fbx' while the map was running.
  Loaded resource c:/Program Files (x86)/Steam/steamapps/common/Amnesia The Bunker/entities/character/player/animations/player_fuel_cannister_throw_fuel_end_rarm.fbx in 1 ms
WARNING: Loaded resource 'c:/Program Files (x86)/Steam/steamapps/common/Amnesia The Bunker/entities/character/player/animations/player_fuel_cannister_throw_fuel_end_rarm.fbx' while the map was running.
  Loaded resource c:/Program Files (x86)/Steam/steamapps/common/Amnesia The Bunker/entities/character/player/animations/player_fuel_cannister_throw_fuel_end_larm.fbx in 0 ms
WARNING: Loaded resource 'c:/Program Files (x86)/Steam/steamapps/common/Amnesia The Bunker/entities/character/player/animations/player_fuel_cannister_throw_fuel_end_larm.fbx' while the map was running.
  Loaded resource c:/Program Files (x86)/Steam/steamapps/common/Amnesia The Bunker/entities/character/player/animations/player_medkit_equip_rarm.fbx in 0 ms
WARNING: Loaded resource 'c:/Program Files (x86)/Steam/steamapps/common/Amnesia The Bunker/entities/character/player/animations/player_medkit_equip_rarm.fbx' while the map was running.
  Loaded resource c:/Program Files (x86)/Steam/steamapps/common/Amnesia The Bunker/entities/character/player/animations/player_medkit_holster_rarm.fbx in 0 ms
WARNING: Loaded resource 'c:/Program Files (x86)/Steam/steamapps/common/Amnesia The Bunker/entities/character/player/animations/player_medkit_holster_rarm.fbx' while the map was running.
  Loaded resource c:/Program Files (x86)/Steam/steamapps/common/Amnesia The Bunker/entities/character/player/animations/player_medkit_idle_rarm.fbx in 0 ms
WARNING: Loaded resource 'c:/Program Files (x86)/Steam/steamapps/common/Amnesia The Bunker/entities/character/player/animations/player_medkit_idle_rarm.fbx' while the map was running.
  Loaded resource c:/Program Files (x86)/Steam/steamapps/common/Amnesia The Bunker/entities/character/player/animations/player_medkit_focus_start_rarm.fbx in 0 ms
WARNING: Loaded resource 'c:/Program Files (x86)/Steam/steamapps/common/Amnesia The Bunker/entities/character/player/animations/player_medkit_focus_start_rarm.fbx' while the map was running.
  Loaded resource c:/Program Files (x86)/Steam/steamapps/common/Amnesia The Bunker/entities/character/player/animations/player_medkit_focus_idle_rarm.fbx in 0 ms
WARNING: Loaded resource 'c:/Program Files (x86)/Steam/steamapps/common/Amnesia The Bunker/entities/character/player/animations/player_medkit_focus_idle_rarm.fbx' while the map was running.
  Loaded resource c:/Program Files (x86)/Steam/steamapps/common/Amnesia The Bunker/entities/character/player/animations/player_medkit_focus_end_rarm.fbx in 0 ms
WARNING: Loaded resource 'c:/Program Files (x86)/Steam/steamapps/common/Amnesia The Bunker/entities/character/player/animations/player_medkit_focus_end_rarm.fbx' while the map was running.
  Loaded resource c:/Program Files (x86)/Steam/steamapps/common/Amnesia The Bunker/entities/character/player/animations/player_medkit_focus_start_larm.fbx in 0 ms
WARNING: Loaded resource 'c:/Program Files (x86)/Steam/steamapps/common/Amnesia The Bunker/entities/character/player/animations/player_medkit_focus_start_larm.fbx' while the map was running.
  Loaded resource c:/Program Files (x86)/Steam/steamapps/common/Amnesia The Bunker/entities/character/player/animations/player_medkit_focus_idle_larm.fbx in 0 ms
WARNING: Loaded resource 'c:/Program Files (x86)/Steam/steamapps/common/Amnesia The Bunker/entities/character/player/animations/player_medkit_focus_idle_larm.fbx' while the map was running.
  Loaded resource c:/Program Files (x86)/Steam/steamapps/common/Amnesia The Bunker/entities/character/player/animations/player_medkit_focus_end_larm.fbx in 1 ms
WARNING: Loaded resource 'c:/Program Files (x86)/Steam/steamapps/common/Amnesia The Bunker/entities/character/player/animations/player_medkit_focus_end_larm.fbx' while the map was running.
  Loaded resource c:/Program Files (x86)/Steam/steamapps/common/Amnesia The Bunker/entities/character/player/animations/player_medkit_usage.fbx in 1 ms
WARNING: Loaded resource 'c:/Program Files (x86)/Steam/steamapps/common/Amnesia The Bunker/entities/character/player/animations/player_medkit_usage.fbx' while the map was running.
  Loaded resource c:/Program Files (x86)/Steam/steamapps/common/Amnesia The Bunker/entities/character/player/animations/player_bandage_equip_rarm.fbx in 0 ms
WARNING: Loaded resource 'c:/Program Files (x86)/Steam/steamapps/common/Amnesia The Bunker/entities/character/player/animations/player_bandage_equip_rarm.fbx' while the map was running.
  Loaded resource c:/Program Files (x86)/Steam/steamapps/common/Amnesia The Bunker/entities/character/player/animations/player_bandage_holster_rarm.fbx in 0 ms
WARNING: Loaded resource 'c:/Program Files (x86)/Steam/steamapps/common/Amnesia The Bunker/entities/character/player/animations/player_bandage_holster_rarm.fbx' while the map was running.
  Loaded resource c:/Program Files (x86)/Steam/steamapps/common/Amnesia The Bunker/entities/character/player/animations/player_bandage_idle_rarm.fbx in 0 ms
WARNING: Loaded resource 'c:/Program Files (x86)/Steam/steamapps/common/Amnesia The Bunker/entities/character/player/animations/player_bandage_idle_rarm.fbx' while the map was running.
  Loaded resource c:/Program Files (x86)/Steam/steamapps/common/Amnesia The Bunker/entities/character/player/animations/player_bandage_focus_start_rarm.fbx in 0 ms
WARNING: Loaded resource 'c:/Program Files (x86)/Steam/steamapps/common/Amnesia The Bunker/entities/character/player/animations/player_bandage_focus_start_rarm.fbx' while the map was running.
  Loaded resource c:/Program Files (x86)/Steam/steamapps/common/Amnesia The Bunker/entities/character/player/animations/player_bandage_focus_idle_rarm.fbx in 1 ms
WARNING: Loaded resource 'c:/Program Files (x86)/Steam/steamapps/common/Amnesia The Bunker/entities/character/player/animations/player_bandage_focus_idle_rarm.fbx' while the map was running.
  Loaded resource c:/Program Files (x86)/Steam/steamapps/common/Amnesia The Bunker/entities/character/player/animations/player_bandage_focus_end_rarm.fbx in 0 ms
WARNING: Loaded resource 'c:/Program Files (x86)/Steam/steamapps/common/Amnesia The Bunker/entities/character/player/animations/player_bandage_focus_end_rarm.fbx' while the map was running.
  Loaded resource c:/Program Files (x86)/Steam/steamapps/common/Amnesia The Bunker/entities/character/player/animations/player_bandage_focus_start_larm.fbx in 0 ms
WARNING: Loaded resource 'c:/Program Files (x86)/Steam/steamapps/common/Amnesia The Bunker/entities/character/player/animations/player_bandage_focus_start_larm.fbx' while the map was running.
  Loaded resource c:/Program Files (x86)/Steam/steamapps/common/Amnesia The Bunker/entities/character/player/animations/player_bandage_focus_idle_larm.fbx in 0 ms
WARNING: Loaded resource 'c:/Program Files (x86)/Steam/steamapps/common/Amnesia The Bunker/entities/character/player/animations/player_bandage_focus_idle_larm.fbx' while the map was running.
  Loaded resource c:/Program Files (x86)/Steam/steamapps/common/Amnesia The Bunker/entities/character/player/animations/player_bandage_focus_end_larm.fbx in 0 ms
WARNING: Loaded resource 'c:/Program Files (x86)/Steam/steamapps/common/Amnesia The Bunker/entities/character/player/animations/player_bandage_focus_end_larm.fbx' while the map was running.
  Loaded resource c:/Program Files (x86)/Steam/steamapps/common/Amnesia The Bunker/entities/character/player/animations/player_bandage_application.fbx in 1 ms
WARNING: Loaded resource 'c:/Program Files (x86)/Steam/steamapps/common/Amnesia The Bunker/entities/character/player/animations/player_bandage_application.fbx' while the map was running.
  Loaded resource c:/Program Files (x86)/Steam/steamapps/common/Amnesia The Bunker/entities/character/player/animations/player_detonator_handle_equip_rarm.fbx in 0 ms
WARNING: Loaded resource 'c:/Program Files (x86)/Steam/steamapps/common/Amnesia The Bunker/entities/character/player/animations/player_detonator_handle_equip_rarm.fbx' while the map was running.
  Loaded resource c:/Program Files (x86)/Steam/steamapps/common/Amnesia The Bunker/entities/character/player/animations/player_detonator_handle_holster_rarm.fbx in 0 ms
WARNING: Loaded resource 'c:/Program Files (x86)/Steam/steamapps/common/Amnesia The Bunker/entities/character/player/animations/player_detonator_handle_holster_rarm.fbx' while the map was running.
  Loaded resource c:/Program Files (x86)/Steam/steamapps/common/Amnesia The Bunker/entities/character/player/animations/player_detonator_handle_idle_rarm.fbx in 0 ms
WARNING: Loaded resource 'c:/Program Files (x86)/Steam/steamapps/common/Amnesia The Bunker/entities/character/player/animations/player_detonator_handle_idle_rarm.fbx' while the map was running.
  Loaded resource c:/Program Files (x86)/Steam/steamapps/common/Amnesia The Bunker/entities/character/player/animations/player_detonator_handle_focus_start_rarm.fbx in 1 ms
WARNING: Loaded resource 'c:/Program Files (x86)/Steam/steamapps/common/Amnesia The Bunker/entities/character/player/animations/player_detonator_handle_focus_start_rarm.fbx' while the map was running.
  Loaded resource c:/Program Files (x86)/Steam/steamapps/common/Amnesia The Bunker/entities/character/player/animations/player_detonator_handle_focus_idle_rarm.fbx in 0 ms
WARNING: Loaded resource 'c:/Program Files (x86)/Steam/steamapps/common/Amnesia The Bunker/entities/character/player/animations/player_detonator_handle_focus_idle_rarm.fbx' while the map was running.
  Loaded resource c:/Program Files (x86)/Steam/steamapps/common/Amnesia The Bunker/entities/character/player/animations/player_detonator_handle_focus_end_rarm.fbx in 0 ms
WARNING: Loaded resource 'c:/Program Files (x86)/Steam/steamapps/common/Amnesia The Bunker/entities/character/player/animations/player_detonator_handle_focus_end_rarm.fbx' while the map was running.
  Loaded resource c:/Program Files (x86)/Steam/steamapps/common/Amnesia The Bunker/entities/character/player/animations/player_detonator_fasten_handle.fbx in 1 ms
WARNING: Loaded resource 'c:/Program Files (x86)/Steam/steamapps/common/Amnesia The Bunker/entities/character/player/animations/player_detonator_fasten_handle.fbx' while the map was running.
  Loaded resource c:/Program Files (x86)/Steam/steamapps/common/Amnesia The Bunker/entities/character/player/animations/player_throw_standing_1.fbx in 1 ms
WARNING: Loaded resource 'c:/Program Files (x86)/Steam/steamapps/common/Amnesia The Bunker/entities/character/player/animations/player_throw_standing_1.fbx' while the map was running.
  Loaded resource c:/Program Files (x86)/Steam/steamapps/common/Amnesia The Bunker/entities/character/player/animations/player_throw_standing_2.fbx in 0 ms
WARNING: Loaded resource 'c:/Program Files (x86)/Steam/steamapps/common/Amnesia The Bunker/entities/character/player/animations/player_throw_standing_2.fbx' while the map was running.
  Loaded resource c:/Program Files (x86)/Steam/steamapps/common/Amnesia The Bunker/entities/character/player/animations/player_throw_crouching_1.fbx in 1 ms
WARNING: Loaded resource 'c:/Program Files (x86)/Steam/steamapps/common/Amnesia The Bunker/entities/character/player/animations/player_throw_crouching_1.fbx' while the map was running.
  Loaded resource c:/Program Files (x86)/Steam/steamapps/common/Amnesia The Bunker/entities/character/player/animations/player_throw_crouching_2.fbx in 0 ms
WARNING: Loaded resource 'c:/Program Files (x86)/Steam/steamapps/common/Amnesia The Bunker/entities/character/player/animations/player_throw_crouching_2.fbx' while the map was running.
  Loaded resource c:/Program Files (x86)/Steam/steamapps/common/Amnesia The Bunker/entities/character/player/animations/knocked_back_by_explosion.fbx in 1 ms
WARNING: Loaded resource 'c:/Program Files (x86)/Steam/steamapps/common/Amnesia The Bunker/entities/character/player/animations/knocked_back_by_explosion.fbx' while the map was running.
  Loaded resource c:/Program Files (x86)/Steam/steamapps/common/Amnesia The Bunker/entities/character/player/animations/knocked_forward_by_explosion.fbx in 0 ms
WARNING: Loaded resource 'c:/Program Files (x86)/Steam/steamapps/common/Amnesia The Bunker/entities/character/player/animations/knocked_forward_by_explosion.fbx' while the map was running.
  Loaded resource c:/Program Files (x86)/Steam/steamapps/common/Amnesia The Bunker/entities/character/player/animations/player_check_health_damage_first_stage_start_head.fbx in 0 ms
WARNING: Loaded resource 'c:/Program Files (x86)/Steam/steamapps/common/Amnesia The Bunker/entities/character/player/animations/player_check_health_damage_first_stage_start_head.fbx' while the map was running.
  Loaded resource c:/Program Files (x86)/Steam/steamapps/common/Amnesia The Bunker/entities/character/player/animations/player_check_health_damage_first_stage_start_larm.fbx in 1 ms
WARNING: Loaded resource 'c:/Program Files (x86)/Steam/steamapps/common/Amnesia The Bunker/entities/character/player/animations/player_check_health_damage_first_stage_start_larm.fbx' while the map was running.
  Loaded resource c:/Program Files (x86)/Steam/steamapps/common/Amnesia The Bunker/entities/character/player/animations/player_check_health_damage_last_stage_start_head.fbx in 0 ms
WARNING: Loaded resource 'c:/Program Files (x86)/Steam/steamapps/common/Amnesia The Bunker/entities/character/player/animations/player_check_health_damage_last_stage_start_head.fbx' while the map was running.
  Loaded resource c:/Program Files (x86)/Steam/steamapps/common/Amnesia The Bunker/entities/character/player/animations/player_check_health_damage_last_stage_start_larm.fbx in 0 ms
WARNING: Loaded resource 'c:/Program Files (x86)/Steam/steamapps/common/Amnesia The Bunker/entities/character/player/animations/player_check_health_damage_last_stage_start_larm.fbx' while the map was running.
  Loaded resource c:/Program Files (x86)/Steam/steamapps/common/Amnesia The Bunker/entities/character/player/animations/player_check_health_damage_second_stage_start_head.fbx in 0 ms
WARNING: Loaded resource 'c:/Program Files (x86)/Steam/steamapps/common/Amnesia The Bunker/entities/character/player/animations/player_check_health_damage_second_stage_start_head.fbx' while the map was running.
  Loaded resource c:/Program Files (x86)/Steam/steamapps/common/Amnesia The Bunker/entities/character/player/animations/player_check_health_damage_second_stage_start_larm.fbx in 0 ms
WARNING: Loaded resource 'c:/Program Files (x86)/Steam/steamapps/common/Amnesia The Bunker/entities/character/player/animations/player_check_health_damage_second_stage_start_larm.fbx' while the map was running.
  Loaded resource c:/Program Files (x86)/Steam/steamapps/common/Amnesia The Bunker/entities/character/player/animations/player_check_health_end_head.fbx in 1 ms
WARNING: Loaded resource 'c:/Program Files (x86)/Steam/steamapps/common/Amnesia The Bunker/entities/character/player/animations/player_check_health_end_head.fbx' while the map was running.
  Loaded resource c:/Program Files (x86)/Steam/steamapps/common/Amnesia The Bunker/entities/character/player/animations/player_check_health_end_larm.fbx in 0 ms
WARNING: Loaded resource 'c:/Program Files (x86)/Steam/steamapps/common/Amnesia The Bunker/entities/character/player/animations/player_check_health_end_larm.fbx' while the map was running.
  Loaded resource c:/Program Files (x86)/Steam/steamapps/common/Amnesia The Bunker/entities/character/player/animations/player_check_health_full_start_head.fbx in 0 ms
WARNING: Loaded resource 'c:/Program Files (x86)/Steam/steamapps/common/Amnesia The Bunker/entities/character/player/animations/player_check_health_full_start_head.fbx' while the map was running.
  Loaded resource c:/Program Files (x86)/Steam/steamapps/common/Amnesia The Bunker/entities/character/player/animations/player_check_health_full_start_larm.fbx in 0 ms
WARNING: Loaded resource 'c:/Program Files (x86)/Steam/steamapps/common/Amnesia The Bunker/entities/character/player/animations/player_check_health_full_start_larm.fbx' while the map was running.
  Loaded resource c:/Program Files (x86)/Steam/steamapps/common/Amnesia The Bunker/entities/character/player/animations/player_check_health_idle_head.fbx in 0 ms
WARNING: Loaded resource 'c:/Program Files (x86)/Steam/steamapps/common/Amnesia The Bunker/entities/character/player/animations/player_check_health_idle_head.fbx' while the map was running.
  Loaded resource c:/Program Files (x86)/Steam/steamapps/common/Amnesia The Bunker/entities/character/player/animations/player_check_health_idle_larm.fbx in 0 ms
WARNING: Loaded resource 'c:/Program Files (x86)/Steam/steamapps/common/Amnesia The Bunker/entities/character/player/animations/player_check_health_idle_larm.fbx' while the map was running.
  Loaded resource c:/Program Files (x86)/Steam/steamapps/common/Amnesia The Bunker/entities/character/player/animations/player_detonator_ignite.fbx in 2 ms
WARNING: Loaded resource 'c:/Program Files (x86)/Steam/steamapps/common/Amnesia The Bunker/entities/character/player/animations/player_detonator_ignite.fbx' while the map was running.
  Loaded resource c:/Program Files (x86)/Steam/steamapps/common/Amnesia The Bunker/entities/character/player/animations/player_head_bottle_throw.fbx in 0 ms
WARNING: Loaded resource 'c:/Program Files (x86)/Steam/steamapps/common/Amnesia The Bunker/entities/character/player/animations/player_head_bottle_throw.fbx' while the map was running.
  Loaded resource c:/Program Files (x86)/Steam/steamapps/common/Amnesia The Bunker/entities/character/player/animations/player_head_flare_throw.fbx in 0 ms
WARNING: Loaded resource 'c:/Program Files (x86)/Steam/steamapps/common/Amnesia The Bunker/entities/character/player/animations/player_head_flare_throw.fbx' while the map was running.
  Loaded resource c:/Program Files (x86)/Steam/steamapps/common/Amnesia The Bunker/entities/character/player/animations/player_head_meat_throw.fbx in 0 ms
WARNING: Loaded resource 'c:/Program Files (x86)/Steam/steamapps/common/Amnesia The Bunker/entities/character/player/animations/player_head_meat_throw.fbx' while the map was running.
  Loaded resource c:/Program Files (x86)/Steam/steamapps/common/Amnesia The Bunker/entities/character/player/animations/player_head_molotov_throw.fbx in 0 ms
WARNING: Loaded resource 'c:/Program Files (x86)/Steam/steamapps/common/Amnesia The Bunker/entities/character/player/animations/player_head_molotov_throw.fbx' while the map was running.
  Loaded resource c:/Program Files (x86)/Steam/steamapps/common/Amnesia The Bunker/entities/character/player/animations/player_shot_centre.fbx in 1 ms
WARNING: Loaded resource 'c:/Program Files (x86)/Steam/steamapps/common/Amnesia The Bunker/entities/character/player/animations/player_shot_centre.fbx' while the map was running.
  Loaded resource c:/Program Files (x86)/Steam/steamapps/common/Amnesia The Bunker/entities/character/player/animations/player_shot_left.fbx in 0 ms
WARNING: Loaded resource 'c:/Program Files (x86)/Steam/steamapps/common/Amnesia The Bunker/entities/character/player/animations/player_shot_left.fbx' while the map was running.
  Loaded resource c:/Program Files (x86)/Steam/steamapps/common/Amnesia The Bunker/entities/character/player/animations/player_shot_right.fbx in 0 ms
WARNING: Loaded resource 'c:/Program Files (x86)/Steam/steamapps/common/Amnesia The Bunker/entities/character/player/animations/player_shot_right.fbx' while the map was running.
  Loaded resource c:/Program Files (x86)/Steam/steamapps/common/Amnesia The Bunker/entities/character/player/animations/player_medbay_wakeup.fbx in 1 ms
WARNING: Loaded resource 'c:/Program Files (x86)/Steam/steamapps/common/Amnesia The Bunker/entities/character/player/animations/player_medbay_wakeup.fbx' while the map was running.
  Loaded resource c:/Program Files (x86)/Steam/steamapps/common/Amnesia The Bunker/entities/character/player/animations/player_generator_refuelling_cannister.fbx in 1 ms
WARNING: Loaded resource 'c:/Program Files (x86)/Steam/steamapps/common/Amnesia The Bunker/entities/character/player/animations/player_generator_refuelling_cannister.fbx' while the map was running.
  Loaded resource c:/Program Files (x86)/Steam/steamapps/common/Amnesia The Bunker/entities/character/player/animations/player_generator_refuelling_bottle.fbx in 0 ms
WARNING: Loaded resource 'c:/Program Files (x86)/Steam/steamapps/common/Amnesia The Bunker/entities/character/player/animations/player_generator_refuelling_bottle.fbx' while the map was running.
  Loaded resource c:/Program Files (x86)/Steam/steamapps/common/Amnesia The Bunker/entities/character/player/animations/player_fuel_storage_refill_stand.fbx in 1 ms
WARNING: Loaded resource 'c:/Program Files (x86)/Steam/steamapps/common/Amnesia The Bunker/entities/character/player/animations/player_fuel_storage_refill_stand.fbx' while the map was running.
  Loaded resource c:/Program Files (x86)/Steam/steamapps/common/Amnesia The Bunker/entities/character/player/animations/player_fuel_storage_refill_crouched.fbx in 0 ms
WARNING: Loaded resource 'c:/Program Files (x86)/Steam/steamapps/common/Amnesia The Bunker/entities/character/player/animations/player_fuel_storage_refill_crouched.fbx' while the map was running.
  Loaded resource c:/Program Files (x86)/Steam/steamapps/common/Amnesia The Bunker/entities/character/player/animations/player_death_hole_left.fbx in 1 ms
WARNING: Loaded resource 'c:/Program Files (x86)/Steam/steamapps/common/Amnesia The Bunker/entities/character/player/animations/player_death_hole_left.fbx' while the map was running.
  Loaded resource c:/Program Files (x86)/Steam/steamapps/common/Amnesia The Bunker/entities/character/player/animations/player_death_hole_right.fbx in 1 ms
WARNING: Loaded resource 'c:/Program Files (x86)/Steam/steamapps/common/Amnesia The Bunker/entities/character/player/animations/player_death_hole_right.fbx' while the map was running.
  Loaded resource c:/Program Files (x86)/Steam/steamapps/common/Amnesia The Bunker/entities/character/player/animations/player_death_under.fbx in 1 ms
WARNING: Loaded resource 'c:/Program Files (x86)/Steam/steamapps/common/Amnesia The Bunker/entities/character/player/animations/player_death_under.fbx' while the map was running.
  Loaded resource c:/Program Files (x86)/Steam/steamapps/common/Amnesia The Bunker/entities/character/player/animations/player_death_ladder.fbx in 0 ms
WARNING: Loaded resource 'c:/Program Files (x86)/Steam/steamapps/common/Amnesia The Bunker/entities/character/player/animations/player_death_ladder.fbx' while the map was running.
  Loaded resource c:/Program Files (x86)/Steam/steamapps/common/Amnesia The Bunker/entities/character/player/animations/player_head_shotgun_aim_idle.fbx in 1 ms
WARNING: Loaded resource 'c:/Program Files (x86)/Steam/steamapps/common/Amnesia The Bunker/entities/character/player/animations/player_head_shotgun_aim_idle.fbx' while the map was running.
  Loaded resource c:/Program Files (x86)/Steam/steamapps/common/Amnesia The Bunker/entities/character/player/animations/player_head_shotgun_aim_idle_tr_idle_one_handed.fbx in 0 ms
WARNING: Loaded resource 'c:/Program Files (x86)/Steam/steamapps/common/Amnesia The Bunker/entities/character/player/animations/player_head_shotgun_aim_idle_tr_idle_one_handed.fbx' while the map was running.
  Loaded resource c:/Program Files (x86)/Steam/steamapps/common/Amnesia The Bunker/entities/character/player/animations/player_head_shotgun_aim_idle_tr_idle_two_handed.fbx in 0 ms
WARNING: Loaded resource 'c:/Program Files (x86)/Steam/steamapps/common/Amnesia The Bunker/entities/character/player/animations/player_head_shotgun_aim_idle_tr_idle_two_handed.fbx' while the map was running.
  Loaded resource c:/Program Files (x86)/Steam/steamapps/common/Amnesia The Bunker/entities/character/player/animations/player_head_shotgun_check_ammo_close.fbx in 0 ms
WARNING: Loaded resource 'c:/Program Files (x86)/Steam/steamapps/common/Amnesia The Bunker/entities/character/player/animations/player_head_shotgun_check_ammo_close.fbx' while the map was running.
  Loaded resource c:/Program Files (x86)/Steam/steamapps/common/Amnesia The Bunker/entities/character/player/animations/player_head_shotgun_check_ammo_idle.fbx in 0 ms
WARNING: Loaded resource 'c:/Program Files (x86)/Steam/steamapps/common/Amnesia The Bunker/entities/character/player/animations/player_head_shotgun_check_ammo_idle.fbx' while the map was running.
  Loaded resource c:/Program Files (x86)/Steam/steamapps/common/Amnesia The Bunker/entities/character/player/animations/player_head_shotgun_check_ammo_pump_tr_aim_idle.fbx in 0 ms
WARNING: Loaded resource 'c:/Program Files (x86)/Steam/steamapps/common/Amnesia The Bunker/entities/character/player/animations/player_head_shotgun_check_ammo_pump_tr_aim_idle.fbx' while the map was running.
  Loaded resource c:/Program Files (x86)/Steam/steamapps/common/Amnesia The Bunker/entities/character/player/animations/player_head_shotgun_check_ammo_pump_tr_idle_two_handed.fbx in 0 ms
WARNING: Loaded resource 'c:/Program Files (x86)/Steam/steamapps/common/Amnesia The Bunker/entities/character/player/animations/player_head_shotgun_check_ammo_pump_tr_idle_two_handed.fbx' while the map was running.
  Loaded resource c:/Program Files (x86)/Steam/steamapps/common/Amnesia The Bunker/entities/character/player/animations/player_head_shotgun_check_ammo_start.fbx in 0 ms
WARNING: Loaded resource 'c:/Program Files (x86)/Steam/steamapps/common/Amnesia The Bunker/entities/character/player/animations/player_head_shotgun_check_ammo_start.fbx' while the map was running.
  Loaded resource c:/Program Files (x86)/Steam/steamapps/common/Amnesia The Bunker/entities/character/player/animations/player_head_shotgun_check_ammo_tr_idle_one_handed.fbx in 1 ms
WARNING: Loaded resource 'c:/Program Files (x86)/Steam/steamapps/common/Amnesia The Bunker/entities/character/player/animations/player_head_shotgun_check_ammo_tr_idle_one_handed.fbx' while the map was running.
  Loaded resource c:/Program Files (x86)/Steam/steamapps/common/Amnesia The Bunker/entities/character/player/animations/player_head_shotgun_equip_one_handed.fbx in 0 ms
WARNING: Loaded resource 'c:/Program Files (x86)/Steam/steamapps/common/Amnesia The Bunker/entities/character/player/animations/player_head_shotgun_equip_one_handed.fbx' while the map was running.
  Loaded resource c:/Program Files (x86)/Steam/steamapps/common/Amnesia The Bunker/entities/character/player/animations/player_head_shotgun_equip_two_handed.fbx in 0 ms
WARNING: Loaded resource 'c:/Program Files (x86)/Steam/steamapps/common/Amnesia The Bunker/entities/character/player/animations/player_head_shotgun_equip_two_handed.fbx' while the map was running.
  Loaded resource c:/Program Files (x86)/Steam/steamapps/common/Amnesia The Bunker/entities/character/player/animations/player_head_shotgun_fire_empty.fbx in 0 ms
WARNING: Loaded resource 'c:/Program Files (x86)/Steam/steamapps/common/Amnesia The Bunker/entities/character/player/animations/player_head_shotgun_fire_empty.fbx' while the map was running.
  Loaded resource c:/Program Files (x86)/Steam/steamapps/common/Amnesia The Bunker/entities/character/player/animations/player_head_shotgun_fire_shell_01.fbx in 0 ms
WARNING: Loaded resource 'c:/Program Files (x86)/Steam/steamapps/common/Amnesia The Bunker/entities/character/player/animations/player_head_shotgun_fire_shell_01.fbx' while the map was running.
  Loaded resource c:/Program Files (x86)/Steam/steamapps/common/Amnesia The Bunker/entities/character/player/animations/player_head_shotgun_fire_shell_02.fbx in 0 ms
WARNING: Loaded resource 'c:/Program Files (x86)/Steam/steamapps/common/Amnesia The Bunker/entities/character/player/animations/player_head_shotgun_fire_shell_02.fbx' while the map was running.
  Loaded resource c:/Program Files (x86)/Steam/steamapps/common/Amnesia The Bunker/entities/character/player/animations/player_head_shotgun_fire_shell_03.fbx in 0 ms
WARNING: Loaded resource 'c:/Program Files (x86)/Steam/steamapps/common/Amnesia The Bunker/entities/character/player/animations/player_head_shotgun_fire_shell_03.fbx' while the map was running.
  Loaded resource c:/Program Files (x86)/Steam/steamapps/common/Amnesia The Bunker/entities/character/player/animations/player_head_shotgun_idle_one_handed.fbx in 0 ms
WARNING: Loaded resource 'c:/Program Files (x86)/Steam/steamapps/common/Amnesia The Bunker/entities/character/player/animations/player_head_shotgun_idle_one_handed.fbx' while the map was running.
  Loaded resource c:/Program Files (x86)/Steam/steamapps/common/Amnesia The Bunker/entities/character/player/animations/player_head_shotgun_idle_one_handed_tr_aim_idle.fbx in 1 ms
WARNING: Loaded resource 'c:/Program Files (x86)/Steam/steamapps/common/Amnesia The Bunker/entities/character/player/animations/player_head_shotgun_idle_one_handed_tr_aim_idle.fbx' while the map was running.
  Loaded resource c:/Program Files (x86)/Steam/steamapps/common/Amnesia The Bunker/entities/character/player/animations/player_head_shotgun_idle_one_handed_tr_reload.fbx in 0 ms
WARNING: Loaded resource 'c:/Program Files (x86)/Steam/steamapps/common/Amnesia The Bunker/entities/character/player/animations/player_head_shotgun_idle_one_handed_tr_reload.fbx' while the map was running.
  Loaded resource c:/Program Files (x86)/Steam/steamapps/common/Amnesia The Bunker/entities/character/player/animations/player_head_shotgun_idle_two_handed.fbx in 0 ms
WARNING: Loaded resource 'c:/Program Files (x86)/Steam/steamapps/common/Amnesia The Bunker/entities/character/player/animations/player_head_shotgun_idle_two_handed.fbx' while the map was running.
  Loaded resource c:/Program Files (x86)/Steam/steamapps/common/Amnesia The Bunker/entities/character/player/animations/player_head_shotgun_idle_two_handed_arm.fbx in 0 ms
WARNING: Loaded resource 'c:/Program Files (x86)/Steam/steamapps/common/Amnesia The Bunker/entities/character/player/animations/player_head_shotgun_idle_two_handed_arm.fbx' while the map was running.
  Loaded resource c:/Program Files (x86)/Steam/steamapps/common/Amnesia The Bunker/entities/character/player/animations/player_head_shotgun_idle_two_handed_tr_aim_idle.fbx in 0 ms
WARNING: Loaded resource 'c:/Program Files (x86)/Steam/steamapps/common/Amnesia The Bunker/entities/character/player/animations/player_head_shotgun_idle_two_handed_tr_aim_idle.fbx' while the map was running.
  Loaded resource c:/Program Files (x86)/Steam/steamapps/common/Amnesia The Bunker/entities/character/player/animations/player_head_shotgun_idle_two_handed_tr_reload.fbx in 0 ms
WARNING: Loaded resource 'c:/Program Files (x86)/Steam/steamapps/common/Amnesia The Bunker/entities/character/player/animations/player_head_shotgun_idle_two_handed_tr_reload.fbx' while the map was running.
  Loaded resource c:/Program Files (x86)/Steam/steamapps/common/Amnesia The Bunker/entities/character/player/animations/player_head_shotgun_reload.fbx in 0 ms
WARNING: Loaded resource 'c:/Program Files (x86)/Steam/steamapps/common/Amnesia The Bunker/entities/character/player/animations/player_head_shotgun_reload.fbx' while the map was running.
  Loaded resource c:/Program Files (x86)/Steam/steamapps/common/Amnesia The Bunker/entities/character/player/animations/player_head_shotgun_unequip_one_handed.fbx in 1 ms
WARNING: Loaded resource 'c:/Program Files (x86)/Steam/steamapps/common/Amnesia The Bunker/entities/character/player/animations/player_head_shotgun_unequip_one_handed.fbx' while the map was running.
  Loaded resource c:/Program Files (x86)/Steam/steamapps/common/Amnesia The Bunker/entities/character/player/animations/player_head_shotgun_unequip_two_handed.fbx in 0 ms
WARNING: Loaded resource 'c:/Program Files (x86)/Steam/steamapps/common/Amnesia The Bunker/entities/character/player/animations/player_head_shotgun_unequip_two_handed.fbx' while the map was running.
  Loaded resource c:/Program Files (x86)/Steam/steamapps/common/Amnesia The Bunker/entities/character/player/animations/player_head_shotgun_idle_one_handed_tr_check_ammo.fbx in 0 ms
WARNING: Loaded resource 'c:/Program Files (x86)/Steam/steamapps/common/Amnesia The Bunker/entities/character/player/animations/player_head_shotgun_idle_one_handed_tr_check_ammo.fbx' while the map was running.
  Loaded resource c:/Program Files (x86)/Steam/steamapps/common/Amnesia The Bunker/entities/character/player/animations/player_head_shotgun_reload_end.fbx in 0 ms
WARNING: Loaded resource 'c:/Program Files (x86)/Steam/steamapps/common/Amnesia The Bunker/entities/character/player/animations/player_head_shotgun_reload_end.fbx' while the map was running.
  Loaded resource c:/Program Files (x86)/Steam/steamapps/common/Amnesia The Bunker/entities/character/player/animations/player_head_shotgun_reload_start.fbx in 0 ms
WARNING: Loaded resource 'c:/Program Files (x86)/Steam/steamapps/common/Amnesia The Bunker/entities/character/player/animations/player_head_shotgun_reload_start.fbx' while the map was running.
  Loaded resource c:/Program Files (x86)/Steam/steamapps/common/Amnesia The Bunker/entities/character/player/animations/player_head_shotgun_reload_end_pump_tr_check_ammo.fbx in 0 ms
WARNING: Loaded resource 'c:/Program Files (x86)/Steam/steamapps/common/Amnesia The Bunker/entities/character/player/animations/player_head_shotgun_reload_end_pump_tr_check_ammo.fbx' while the map was running.
  Loaded resource c:/Program Files (x86)/Steam/steamapps/common/Amnesia The Bunker/entities/character/player/animations/player_shotgun_idle_one_handed_tr_check_ammo_larm.fbx in 1 ms
WARNING: Loaded resource 'c:/Program Files (x86)/Steam/steamapps/common/Amnesia The Bunker/entities/character/player/animations/player_shotgun_idle_one_handed_tr_check_ammo_larm.fbx' while the map was running.
  Loaded resource c:/Program Files (x86)/Steam/steamapps/common/Amnesia The Bunker/entities/character/player/animations/player_shotgun_idle_one_handed_tr_check_ammo_rarm.fbx in 0 ms
WARNING: Loaded resource 'c:/Program Files (x86)/Steam/steamapps/common/Amnesia The Bunker/entities/character/player/animations/player_shotgun_idle_one_handed_tr_check_ammo_rarm.fbx' while the map was running.
  Loaded resource c:/Program Files (x86)/Steam/steamapps/common/Amnesia The Bunker/entities/character/player/animations/player_shotgun_reload_end_larm.fbx in 0 ms
WARNING: Loaded resource 'c:/Program Files (x86)/Steam/steamapps/common/Amnesia The Bunker/entities/character/player/animations/player_shotgun_reload_end_larm.fbx' while the map was running.
  Loaded resource c:/Program Files (x86)/Steam/steamapps/common/Amnesia The Bunker/entities/character/player/animations/player_shotgun_reload_end_rarm.fbx in 0 ms
WARNING: Loaded resource 'c:/Program Files (x86)/Steam/steamapps/common/Amnesia The Bunker/entities/character/player/animations/player_shotgun_reload_end_rarm.fbx' while the map was running.
  Loaded resource c:/Program Files (x86)/Steam/steamapps/common/Amnesia The Bunker/entities/character/player/animations/player_shotgun_reload_end_pump_tr_check_ammo_rarm.fbx in 0 ms
WARNING: Loaded resource 'c:/Program Files (x86)/Steam/steamapps/common/Amnesia The Bunker/entities/character/player/animations/player_shotgun_reload_end_pump_tr_check_ammo_rarm.fbx' while the map was running.
  Loaded resource c:/Program Files (x86)/Steam/steamapps/common/Amnesia The Bunker/entities/character/player/animations/player_shotgun_reload_end_pump_tr_check_ammo_larm.fbx in 1 ms
WARNING: Loaded resource 'c:/Program Files (x86)/Steam/steamapps/common/Amnesia The Bunker/entities/character/player/animations/player_shotgun_reload_end_pump_tr_check_ammo_larm.fbx' while the map was running.
  Loaded resource c:/Program Files (x86)/Steam/steamapps/common/Amnesia The Bunker/entities/character/player/animations/player_shotgun_reload_start_larm.fbx in 0 ms
WARNING: Loaded resource 'c:/Program Files (x86)/Steam/steamapps/common/Amnesia The Bunker/entities/character/player/animations/player_shotgun_reload_start_larm.fbx' while the map was running.
  Loaded resource c:/Program Files (x86)/Steam/steamapps/common/Amnesia The Bunker/entities/character/player/animations/player_shotgun_reload_start_rarm.fbx in 0 ms
WARNING: Loaded resource 'c:/Program Files (x86)/Steam/steamapps/common/Amnesia The Bunker/entities/character/player/animations/player_shotgun_reload_start_rarm.fbx' while the map was running.
  Loaded resource c:/Program Files (x86)/Steam/steamapps/common/Amnesia The Bunker/entities/character/player/animations/player_shotgun_aim_idle_larm.fbx in 0 ms
WARNING: Loaded resource 'c:/Program Files (x86)/Steam/steamapps/common/Amnesia The Bunker/entities/character/player/animations/player_shotgun_aim_idle_larm.fbx' while the map was running.
  Loaded resource c:/Program Files (x86)/Steam/steamapps/common/Amnesia The Bunker/entities/character/player/animations/player_shotgun_aim_idle_rarm.fbx in 0 ms
WARNING: Loaded resource 'c:/Program Files (x86)/Steam/steamapps/common/Amnesia The Bunker/entities/character/player/animations/player_shotgun_aim_idle_rarm.fbx' while the map was running.
  Loaded resource c:/Program Files (x86)/Steam/steamapps/common/Amnesia The Bunker/entities/character/player/animations/player_shotgun_aim_idle_tr_idle_one_handed_larm.fbx in 0 ms
WARNING: Loaded resource 'c:/Program Files (x86)/Steam/steamapps/common/Amnesia The Bunker/entities/character/player/animations/player_shotgun_aim_idle_tr_idle_one_handed_larm.fbx' while the map was running.
  Loaded resource c:/Program Files (x86)/Steam/steamapps/common/Amnesia The Bunker/entities/character/player/animations/player_shotgun_aim_idle_tr_idle_one_handed_rarm.fbx in 0 ms
WARNING: Loaded resource 'c:/Program Files (x86)/Steam/steamapps/common/Amnesia The Bunker/entities/character/player/animations/player_shotgun_aim_idle_tr_idle_one_handed_rarm.fbx' while the map was running.
  Loaded resource c:/Program Files (x86)/Steam/steamapps/common/Amnesia The Bunker/entities/character/player/animations/player_shotgun_aim_idle_tr_idle_two_handed_larm.fbx in 0 ms
WARNING: Loaded resource 'c:/Program Files (x86)/Steam/steamapps/common/Amnesia The Bunker/entities/character/player/animations/player_shotgun_aim_idle_tr_idle_two_handed_larm.fbx' while the map was running.
  Loaded resource c:/Program Files (x86)/Steam/steamapps/common/Amnesia The Bunker/entities/character/player/animations/player_shotgun_aim_idle_tr_idle_two_handed_rarm.fbx in 0 ms
WARNING: Loaded resource 'c:/Program Files (x86)/Steam/steamapps/common/Amnesia The Bunker/entities/character/player/animations/player_shotgun_aim_idle_tr_idle_two_handed_rarm.fbx' while the map was running.
  Loaded resource c:/Program Files (x86)/Steam/steamapps/common/Amnesia The Bunker/entities/character/player/animations/player_shotgun_check_ammo_close_larm.fbx in 0 ms
WARNING: Loaded resource 'c:/Program Files (x86)/Steam/steamapps/common/Amnesia The Bunker/entities/character/player/animations/player_shotgun_check_ammo_close_larm.fbx' while the map was running.
  Loaded resource c:/Program Files (x86)/Steam/steamapps/common/Amnesia The Bunker/entities/character/player/animations/player_shotgun_check_ammo_close_rarm.fbx in 1 ms
WARNING: Loaded resource 'c:/Program Files (x86)/Steam/steamapps/common/Amnesia The Bunker/entities/character/player/animations/player_shotgun_check_ammo_close_rarm.fbx' while the map was running.
  Loaded resource c:/Program Files (x86)/Steam/steamapps/common/Amnesia The Bunker/entities/character/player/animations/player_shotgun_check_ammo_idle_larm.fbx in 0 ms
WARNING: Loaded resource 'c:/Program Files (x86)/Steam/steamapps/common/Amnesia The Bunker/entities/character/player/animations/player_shotgun_check_ammo_idle_larm.fbx' while the map was running.
  Loaded resource c:/Program Files (x86)/Steam/steamapps/common/Amnesia The Bunker/entities/character/player/animations/player_shotgun_check_ammo_idle_rarm.fbx in 0 ms
WARNING: Loaded resource 'c:/Program Files (x86)/Steam/steamapps/common/Amnesia The Bunker/entities/character/player/animations/player_shotgun_check_ammo_idle_rarm.fbx' while the map was running.
  Loaded resource c:/Program Files (x86)/Steam/steamapps/common/Amnesia The Bunker/entities/character/player/animations/player_shotgun_check_ammo_pump_tr_aim_idle_larm.fbx in 0 ms
WARNING: Loaded resource 'c:/Program Files (x86)/Steam/steamapps/common/Amnesia The Bunker/entities/character/player/animations/player_shotgun_check_ammo_pump_tr_aim_idle_larm.fbx' while the map was running.
  Loaded resource c:/Program Files (x86)/Steam/steamapps/common/Amnesia The Bunker/entities/character/player/animations/player_shotgun_check_ammo_pump_tr_aim_idle_rarm.fbx in 0 ms
WARNING: Loaded resource 'c:/Program Files (x86)/Steam/steamapps/common/Amnesia The Bunker/entities/character/player/animations/player_shotgun_check_ammo_pump_tr_aim_idle_rarm.fbx' while the map was running.
  Loaded resource c:/Program Files (x86)/Steam/steamapps/common/Amnesia The Bunker/entities/character/player/animations/player_shotgun_check_ammo_pump_tr_idle_two_handed_larm.fbx in 0 ms
WARNING: Loaded resource 'c:/Program Files (x86)/Steam/steamapps/common/Amnesia The Bunker/entities/character/player/animations/player_shotgun_check_ammo_pump_tr_idle_two_handed_larm.fbx' while the map was running.
  Loaded resource c:/Program Files (x86)/Steam/steamapps/common/Amnesia The Bunker/entities/character/player/animations/player_shotgun_check_ammo_pump_tr_idle_two_handed_rarm.fbx in 0 ms
WARNING: Loaded resource 'c:/Program Files (x86)/Steam/steamapps/common/Amnesia The Bunker/entities/character/player/animations/player_shotgun_check_ammo_pump_tr_idle_two_handed_rarm.fbx' while the map was running.
  Loaded resource c:/Program Files (x86)/Steam/steamapps/common/Amnesia The Bunker/entities/character/player/animations/player_shotgun_check_ammo_start_larm.fbx in 0 ms
WARNING: Loaded resource 'c:/Program Files (x86)/Steam/steamapps/common/Amnesia The Bunker/entities/character/player/animations/player_shotgun_check_ammo_start_larm.fbx' while the map was running.
  Loaded resource c:/Program Files (x86)/Steam/steamapps/common/Amnesia The Bunker/entities/character/player/animations/player_shotgun_check_ammo_start_rarm.fbx in 0 ms
WARNING: Loaded resource 'c:/Program Files (x86)/Steam/steamapps/common/Amnesia The Bunker/entities/character/player/animations/player_shotgun_check_ammo_start_rarm.fbx' while the map was running.
  Loaded resource c:/Program Files (x86)/Steam/steamapps/common/Amnesia The Bunker/entities/character/player/animations/player_shotgun_check_ammo_tr_idle_one_handed_larm.fbx in 0 ms
WARNING: Loaded resource 'c:/Program Files (x86)/Steam/steamapps/common/Amnesia The Bunker/entities/character/player/animations/player_shotgun_check_ammo_tr_idle_one_handed_larm.fbx' while the map was running.
  Loaded resource c:/Program Files (x86)/Steam/steamapps/common/Amnesia The Bunker/entities/character/player/animations/player_shotgun_check_ammo_tr_idle_one_handed_rarm.fbx in 1 ms
WARNING: Loaded resource 'c:/Program Files (x86)/Steam/steamapps/common/Amnesia The Bunker/entities/character/player/animations/player_shotgun_check_ammo_tr_idle_one_handed_rarm.fbx' while the map was running.
  Loaded resource c:/Program Files (x86)/Steam/steamapps/common/Amnesia The Bunker/entities/character/player/animations/player_shotgun_equip_one_handed_larm.fbx in 0 ms
WARNING: Loaded resource 'c:/Program Files (x86)/Steam/steamapps/common/Amnesia The Bunker/entities/character/player/animations/player_shotgun_equip_one_handed_larm.fbx' while the map was running.
  Loaded resource c:/Program Files (x86)/Steam/steamapps/common/Amnesia The Bunker/entities/character/player/animations/player_shotgun_equip_one_handed_rarm.fbx in 0 ms
WARNING: Loaded resource 'c:/Program Files (x86)/Steam/steamapps/common/Amnesia The Bunker/entities/character/player/animations/player_shotgun_equip_one_handed_rarm.fbx' while the map was running.
  Loaded resource c:/Program Files (x86)/Steam/steamapps/common/Amnesia The Bunker/entities/character/player/animations/player_shotgun_equip_two_handed_larm.fbx in 0 ms
WARNING: Loaded resource 'c:/Program Files (x86)/Steam/steamapps/common/Amnesia The Bunker/entities/character/player/animations/player_shotgun_equip_two_handed_larm.fbx' while the map was running.
  Loaded resource c:/Program Files (x86)/Steam/steamapps/common/Amnesia The Bunker/entities/character/player/animations/player_shotgun_equip_two_handed_rarm.fbx in 0 ms
WARNING: Loaded resource 'c:/Program Files (x86)/Steam/steamapps/common/Amnesia The Bunker/entities/character/player/animations/player_shotgun_equip_two_handed_rarm.fbx' while the map was running.
  Loaded resource c:/Program Files (x86)/Steam/steamapps/common/Amnesia The Bunker/entities/character/player/animations/player_shotgun_fire_empty_larm.fbx in 0 ms
WARNING: Loaded resource 'c:/Program Files (x86)/Steam/steamapps/common/Amnesia The Bunker/entities/character/player/animations/player_shotgun_fire_empty_larm.fbx' while the map was running.
  Loaded resource c:/Program Files (x86)/Steam/steamapps/common/Amnesia The Bunker/entities/character/player/animations/player_shotgun_fire_empty_rarm.fbx in 1 ms
WARNING: Loaded resource 'c:/Program Files (x86)/Steam/steamapps/common/Amnesia The Bunker/entities/character/player/animations/player_shotgun_fire_empty_rarm.fbx' while the map was running.
  Loaded resource c:/Program Files (x86)/Steam/steamapps/common/Amnesia The Bunker/entities/character/player/animations/player_shotgun_fire_shell_01_larm.fbx in 0 ms
WARNING: Loaded resource 'c:/Program Files (x86)/Steam/steamapps/common/Amnesia The Bunker/entities/character/player/animations/player_shotgun_fire_shell_01_larm.fbx' while the map was running.
  Loaded resource c:/Program Files (x86)/Steam/steamapps/common/Amnesia The Bunker/entities/character/player/animations/player_shotgun_fire_shell_01_rarm.fbx in 0 ms
WARNING: Loaded resource 'c:/Program Files (x86)/Steam/steamapps/common/Amnesia The Bunker/entities/character/player/animations/player_shotgun_fire_shell_01_rarm.fbx' while the map was running.
  Loaded resource c:/Program Files (x86)/Steam/steamapps/common/Amnesia The Bunker/entities/character/player/animations/player_shotgun_fire_shell_02_larm.fbx in 0 ms
WARNING: Loaded resource 'c:/Program Files (x86)/Steam/steamapps/common/Amnesia The Bunker/entities/character/player/animations/player_shotgun_fire_shell_02_larm.fbx' while the map was running.
  Loaded resource c:/Program Files (x86)/Steam/steamapps/common/Amnesia The Bunker/entities/character/player/animations/player_shotgun_fire_shell_02_rarm.fbx in 0 ms
WARNING: Loaded resource 'c:/Program Files (x86)/Steam/steamapps/common/Amnesia The Bunker/entities/character/player/animations/player_shotgun_fire_shell_02_rarm.fbx' while the map was running.
  Loaded resource c:/Program Files (x86)/Steam/steamapps/common/Amnesia The Bunker/entities/character/player/animations/player_shotgun_fire_shell_03_larm.fbx in 0 ms
WARNING: Loaded resource 'c:/Program Files (x86)/Steam/steamapps/common/Amnesia The Bunker/entities/character/player/animations/player_shotgun_fire_shell_03_larm.fbx' while the map was running.
  Loaded resource c:/Program Files (x86)/Steam/steamapps/common/Amnesia The Bunker/entities/character/player/animations/player_shotgun_fire_shell_03_rarm.fbx in 0 ms
WARNING: Loaded resource 'c:/Program Files (x86)/Steam/steamapps/common/Amnesia The Bunker/entities/character/player/animations/player_shotgun_fire_shell_03_rarm.fbx' while the map was running.
  Loaded resource c:/Program Files (x86)/Steam/steamapps/common/Amnesia The Bunker/entities/character/player/animations/player_shotgun_idle_one_handed_larm.fbx in 0 ms
WARNING: Loaded resource 'c:/Program Files (x86)/Steam/steamapps/common/Amnesia The Bunker/entities/character/player/animations/player_shotgun_idle_one_handed_larm.fbx' while the map was running.
  Loaded resource c:/Program Files (x86)/Steam/steamapps/common/Amnesia The Bunker/entities/character/player/animations/player_shotgun_idle_one_handed_rarm.fbx in 1 ms
WARNING: Loaded resource 'c:/Program Files (x86)/Steam/steamapps/common/Amnesia The Bunker/entities/character/player/animations/player_shotgun_idle_one_handed_rarm.fbx' while the map was running.
  Loaded resource c:/Program Files (x86)/Steam/steamapps/common/Amnesia The Bunker/entities/character/player/animations/player_shotgun_idle_one_handed_tr_aim_idle_larm.fbx in 0 ms
WARNING: Loaded resource 'c:/Program Files (x86)/Steam/steamapps/common/Amnesia The Bunker/entities/character/player/animations/player_shotgun_idle_one_handed_tr_aim_idle_larm.fbx' while the map was running.
  Loaded resource c:/Program Files (x86)/Steam/steamapps/common/Amnesia The Bunker/entities/character/player/animations/player_shotgun_idle_one_handed_tr_aim_idle_rarm.fbx in 0 ms
WARNING: Loaded resource 'c:/Program Files (x86)/Steam/steamapps/common/Amnesia The Bunker/entities/character/player/animations/player_shotgun_idle_one_handed_tr_aim_idle_rarm.fbx' while the map was running.
  Loaded resource c:/Program Files (x86)/Steam/steamapps/common/Amnesia The Bunker/entities/character/player/animations/player_shotgun_idle_one_handed_tr_reload_larm.fbx in 0 ms
WARNING: Loaded resource 'c:/Program Files (x86)/Steam/steamapps/common/Amnesia The Bunker/entities/character/player/animations/player_shotgun_idle_one_handed_tr_reload_larm.fbx' while the map was running.
  Loaded resource c:/Program Files (x86)/Steam/steamapps/common/Amnesia The Bunker/entities/character/player/animations/player_shotgun_idle_one_handed_tr_reload_rarm.fbx in 0 ms
WARNING: Loaded resource 'c:/Program Files (x86)/Steam/steamapps/common/Amnesia The Bunker/entities/character/player/animations/player_shotgun_idle_one_handed_tr_reload_rarm.fbx' while the map was running.
  Loaded resource c:/Program Files (x86)/Steam/steamapps/common/Amnesia The Bunker/entities/character/player/animations/player_shotgun_idle_two_handed_arm_larm.fbx in 1 ms
WARNING: Loaded resource 'c:/Program Files (x86)/Steam/steamapps/common/Amnesia The Bunker/entities/character/player/animations/player_shotgun_idle_two_handed_arm_larm.fbx' while the map was running.
  Loaded resource c:/Program Files (x86)/Steam/steamapps/common/Amnesia The Bunker/entities/character/player/animations/player_shotgun_idle_two_handed_arm_rarm.fbx in 0 ms
WARNING: Loaded resource 'c:/Program Files (x86)/Steam/steamapps/common/Amnesia The Bunker/entities/character/player/animations/player_shotgun_idle_two_handed_arm_rarm.fbx' while the map was running.
  Loaded resource c:/Program Files (x86)/Steam/steamapps/common/Amnesia The Bunker/entities/character/player/animations/player_shotgun_idle_two_handed_larm.fbx in 0 ms
WARNING: Loaded resource 'c:/Program Files (x86)/Steam/steamapps/common/Amnesia The Bunker/entities/character/player/animations/player_shotgun_idle_two_handed_larm.fbx' while the map was running.
  Loaded resource c:/Program Files (x86)/Steam/steamapps/common/Amnesia The Bunker/entities/character/player/animations/player_shotgun_idle_two_handed_rarm.fbx in 0 ms
WARNING: Loaded resource 'c:/Program Files (x86)/Steam/steamapps/common/Amnesia The Bunker/entities/character/player/animations/player_shotgun_idle_two_handed_rarm.fbx' while the map was running.
  Loaded resource c:/Program Files (x86)/Steam/steamapps/common/Amnesia The Bunker/entities/character/player/animations/player_shotgun_idle_two_handed_tr_aim_idle_larm.fbx in 0 ms
WARNING: Loaded resource 'c:/Program Files (x86)/Steam/steamapps/common/Amnesia The Bunker/entities/character/player/animations/player_shotgun_idle_two_handed_tr_aim_idle_larm.fbx' while the map was running.
  Loaded resource c:/Program Files (x86)/Steam/steamapps/common/Amnesia The Bunker/entities/character/player/animations/player_shotgun_idle_two_handed_tr_aim_idle_rarm.fbx in 0 ms
WARNING: Loaded resource 'c:/Program Files (x86)/Steam/steamapps/common/Amnesia The Bunker/entities/character/player/animations/player_shotgun_idle_two_handed_tr_aim_idle_rarm.fbx' while the map was running.
  Loaded resource c:/Program Files (x86)/Steam/steamapps/common/Amnesia The Bunker/entities/character/player/animations/player_shotgun_idle_two_handed_tr_reload_larm.fbx in 0 ms
WARNING: Loaded resource 'c:/Program Files (x86)/Steam/steamapps/common/Amnesia The Bunker/entities/character/player/animations/player_shotgun_idle_two_handed_tr_reload_larm.fbx' while the map was running.
  Loaded resource c:/Program Files (x86)/Steam/steamapps/common/Amnesia The Bunker/entities/character/player/animations/player_shotgun_idle_two_handed_tr_reload_rarm.fbx in 0 ms
WARNING: Loaded resource 'c:/Program Files (x86)/Steam/steamapps/common/Amnesia The Bunker/entities/character/player/animations/player_shotgun_idle_two_handed_tr_reload_rarm.fbx' while the map was running.
  Loaded resource c:/Program Files (x86)/Steam/steamapps/common/Amnesia The Bunker/entities/character/player/animations/player_shotgun_reload_larm.fbx in 0 ms
WARNING: Loaded resource 'c:/Program Files (x86)/Steam/steamapps/common/Amnesia The Bunker/entities/character/player/animations/player_shotgun_reload_larm.fbx' while the map was running.
  Loaded resource c:/Program Files (x86)/Steam/steamapps/common/Amnesia The Bunker/entities/character/player/animations/player_shotgun_reload_rarm.fbx in 0 ms
WARNING: Loaded resource 'c:/Program Files (x86)/Steam/steamapps/common/Amnesia The Bunker/entities/character/player/animations/player_shotgun_reload_rarm.fbx' while the map was running.
  Loaded resource c:/Program Files (x86)/Steam/steamapps/common/Amnesia The Bunker/entities/character/player/animations/player_shotgun_unequip_one_handed_larm.fbx in 0 ms
WARNING: Loaded resource 'c:/Program Files (x86)/Steam/steamapps/common/Amnesia The Bunker/entities/character/player/animations/player_shotgun_unequip_one_handed_larm.fbx' while the map was running.
  Loaded resource c:/Program Files (x86)/Steam/steamapps/common/Amnesia The Bunker/entities/character/player/animations/player_shotgun_unequip_one_handed_rarm.fbx in 0 ms
WARNING: Loaded resource 'c:/Program Files (x86)/Steam/steamapps/common/Amnesia The Bunker/entities/character/player/animations/player_shotgun_unequip_one_handed_rarm.fbx' while the map was running.
  Loaded resource c:/Program Files (x86)/Steam/steamapps/common/Amnesia The Bunker/entities/character/player/animations/player_shotgun_unequip_two_handed_larm.fbx in 1 ms
WARNING: Loaded resource 'c:/Program Files (x86)/Steam/steamapps/common/Amnesia The Bunker/entities/character/player/animations/player_shotgun_unequip_two_handed_larm.fbx' while the map was running.
  Loaded resource c:/Program Files (x86)/Steam/steamapps/common/Amnesia The Bunker/entities/character/player/animations/player_shotgun_unequip_two_handed_rarm.fbx in 0 ms
WARNING: Loaded resource 'c:/Program Files (x86)/Steam/steamapps/common/Amnesia The Bunker/entities/character/player/animations/player_shotgun_unequip_two_handed_rarm.fbx' while the map was running.
  Loaded resource c:/Program Files (x86)/Steam/steamapps/common/Amnesia The Bunker/entities/character/player/animations/player_death_hole_back.fbx in 1 ms
WARNING: Loaded resource 'c:/Program Files (x86)/Steam/steamapps/common/Amnesia The Bunker/entities/character/player/animations/player_death_hole_back.fbx' while the map was running.
  Loaded resource c:/Program Files (x86)/Steam/steamapps/common/Amnesia The Bunker/entities/character/player/animations/player_death_hole_front.fbx in 0 ms
WARNING: Loaded resource 'c:/Program Files (x86)/Steam/steamapps/common/Amnesia The Bunker/entities/character/player/animations/player_death_hole_front.fbx' while the map was running.
  Loaded resource c:/Program Files (x86)/Steam/steamapps/common/Amnesia The Bunker/entities/character/player/animations/player_climb_ledge.fbx in 1 ms
WARNING: Loaded resource 'c:/Program Files (x86)/Steam/steamapps/common/Amnesia The Bunker/entities/character/player/animations/player_climb_ledge.fbx' while the map was running.
  Loaded resource c:/Program Files (x86)/Steam/steamapps/common/Amnesia The Bunker/entities/character/player/animations/pick_up_and_look_at_orb_pedestal.fbx in 0 ms
WARNING: Loaded resource 'c:/Program Files (x86)/Steam/steamapps/common/Amnesia The Bunker/entities/character/player/animations/pick_up_and_look_at_orb_pedestal.fbx' while the map was running.
  Loaded resource c:/Program Files (x86)/Steam/steamapps/common/Amnesia The Bunker/entities/character/player/animations/player_shot_shotgun_01.fbx in 0 ms
WARNING: Loaded resource 'c:/Program Files (x86)/Steam/steamapps/common/Amnesia The Bunker/entities/character/player/animations/player_shot_shotgun_01.fbx' while the map was running.
  Loaded resource c:/Program Files (x86)/Steam/steamapps/common/Amnesia The Bunker/entities/character/player/animations/player_shot_shotgun_crouched_01.fbx in 1 ms
WARNING: Loaded resource 'c:/Program Files (x86)/Steam/steamapps/common/Amnesia The Bunker/entities/character/player/animations/player_shot_shotgun_crouched_01.fbx' while the map was running.
  Loaded resource c:/Program Files (x86)/Steam/steamapps/common/Amnesia The Bunker/entities/character/player/animations/player_shot_death_01.fbx in 0 ms
WARNING: Loaded resource 'c:/Program Files (x86)/Steam/steamapps/common/Amnesia The Bunker/entities/character/player/animations/player_shot_death_01.fbx' while the map was running.
  Loaded resource c:/Program Files (x86)/Steam/steamapps/common/Amnesia The Bunker/entities/character/player/animations/player_shot_death_crouched_01.fbx in 0 ms
WARNING: Loaded resource 'c:/Program Files (x86)/Steam/steamapps/common/Amnesia The Bunker/entities/character/player/animations/player_shot_death_crouched_01.fbx' while the map was running.
  Loaded resource c:/Program Files (x86)/Steam/steamapps/common/Amnesia The Bunker/entities/character/player/animations/player_magnetlampe_run_idle_larm.fbx in 1 ms
WARNING: Loaded resource 'c:/Program Files (x86)/Steam/steamapps/common/Amnesia The Bunker/entities/character/player/animations/player_magnetlampe_run_idle_larm.fbx' while the map was running.
  Loaded resource c:/Program Files (x86)/Steam/steamapps/common/Amnesia The Bunker/entities/character/player/animations/player_rabbit_equip_rarm.fbx in 0 ms
WARNING: Loaded resource 'c:/Program Files (x86)/Steam/steamapps/common/Amnesia The Bunker/entities/character/player/animations/player_rabbit_equip_rarm.fbx' while the map was running.
  Loaded resource c:/Program Files (x86)/Steam/steamapps/common/Amnesia The Bunker/entities/character/player/animations/player_rabbit_focus_end_rarm.fbx in 0 ms
WARNING: Loaded resource 'c:/Program Files (x86)/Steam/steamapps/common/Amnesia The Bunker/entities/character/player/animations/player_rabbit_focus_end_rarm.fbx' while the map was running.
  Loaded resource c:/Program Files (x86)/Steam/steamapps/common/Amnesia The Bunker/entities/character/player/animations/player_rabbit_focus_idle_rarm.fbx in 0 ms
WARNING: Loaded resource 'c:/Program Files (x86)/Steam/steamapps/common/Amnesia The Bunker/entities/character/player/animations/player_rabbit_focus_idle_rarm.fbx' while the map was running.
  Loaded resource c:/Program Files (x86)/Steam/steamapps/common/Amnesia The Bunker/entities/character/player/animations/player_rabbit_focus_start_rarm.fbx in 1 ms
WARNING: Loaded resource 'c:/Program Files (x86)/Steam/steamapps/common/Amnesia The Bunker/entities/character/player/animations/player_rabbit_focus_start_rarm.fbx' while the map was running.
  Loaded resource c:/Program Files (x86)/Steam/steamapps/common/Amnesia The Bunker/entities/character/player/animations/player_rabbit_holster_rarm.fbx in 0 ms
WARNING: Loaded resource 'c:/Program Files (x86)/Steam/steamapps/common/Amnesia The Bunker/entities/character/player/animations/player_rabbit_holster_rarm.fbx' while the map was running.
  Loaded resource c:/Program Files (x86)/Steam/steamapps/common/Amnesia The Bunker/entities/character/player/animations/player_rabbit_idle_rarm.fbx in 0 ms
WARNING: Loaded resource 'c:/Program Files (x86)/Steam/steamapps/common/Amnesia The Bunker/entities/character/player/animations/player_rabbit_idle_rarm.fbx' while the map was running.
  Loaded resource c:/Program Files (x86)/Steam/steamapps/common/Amnesia The Bunker/entities/character/player/animations/player_rabbit_throw_rarm.fbx in 0 ms
WARNING: Loaded resource 'c:/Program Files (x86)/Steam/steamapps/common/Amnesia The Bunker/entities/character/player/animations/player_rabbit_throw_rarm.fbx' while the map was running.
  Loaded resource c:/Program Files (x86)/Steam/steamapps/common/Amnesia The Bunker/entities/character/player/animations/player_end_tumble_into_trench.fbx in 4 ms
WARNING: Loaded resource 'c:/Program Files (x86)/Steam/steamapps/common/Amnesia The Bunker/entities/character/player/animations/player_end_tumble_into_trench.fbx' while the map was running.
  Loaded resource c:/Program Files (x86)/Steam/steamapps/common/Amnesia The Bunker/entities/character/player/animations/player_end_tumble_into_trench_no_stalker.fbx in 3 ms
WARNING: Loaded resource 'c:/Program Files (x86)/Steam/steamapps/common/Amnesia The Bunker/entities/character/player/animations/player_end_tumble_into_trench_no_stalker.fbx' while the map was running.
  Loaded resource c:/Program Files (x86)/Steam/steamapps/common/Amnesia The Bunker/entities/character/player/animations/player_crouched_bandage_application.fbx in 0 ms
WARNING: Loaded resource 'c:/Program Files (x86)/Steam/steamapps/common/Amnesia The Bunker/entities/character/player/animations/player_crouched_bandage_application.fbx' while the map was running.
  Loaded resource c:/Program Files (x86)/Steam/steamapps/common/Amnesia The Bunker/entities/character/player/animations/player_crouched_medkit_usage.fbx in 2 ms
WARNING: Loaded resource 'c:/Program Files (x86)/Steam/steamapps/common/Amnesia The Bunker/entities/character/player/animations/player_crouched_medkit_usage.fbx' while the map was running.
  Loaded resource c:/Program Files (x86)/Steam/steamapps/common/Amnesia The Bunker/entities/character/player/animations/player_fuse_equip_rarm.fbx in 0 ms
WARNING: Loaded resource 'c:/Program Files (x86)/Steam/steamapps/common/Amnesia The Bunker/entities/character/player/animations/player_fuse_equip_rarm.fbx' while the map was running.
  Loaded resource c:/Program Files (x86)/Steam/steamapps/common/Amnesia The Bunker/entities/character/player/animations/player_fuse_focus_end_rarm.fbx in 1 ms
WARNING: Loaded resource 'c:/Program Files (x86)/Steam/steamapps/common/Amnesia The Bunker/entities/character/player/animations/player_fuse_focus_end_rarm.fbx' while the map was running.
  Loaded resource c:/Program Files (x86)/Steam/steamapps/common/Amnesia The Bunker/entities/character/player/animations/player_fuse_focus_idle_rarm.fbx in 0 ms
WARNING: Loaded resource 'c:/Program Files (x86)/Steam/steamapps/common/Amnesia The Bunker/entities/character/player/animations/player_fuse_focus_idle_rarm.fbx' while the map was running.
  Loaded resource c:/Program Files (x86)/Steam/steamapps/common/Amnesia The Bunker/entities/character/player/animations/player_fuse_focus_start_rarm.fbx in 0 ms
WARNING: Loaded resource 'c:/Program Files (x86)/Steam/steamapps/common/Amnesia The Bunker/entities/character/player/animations/player_fuse_focus_start_rarm.fbx' while the map was running.
  Loaded resource c:/Program Files (x86)/Steam/steamapps/common/Amnesia The Bunker/entities/character/player/animations/player_fuse_holster_rarm.fbx in 0 ms
WARNING: Loaded resource 'c:/Program Files (x86)/Steam/steamapps/common/Amnesia The Bunker/entities/character/player/animations/player_fuse_holster_rarm.fbx' while the map was running.
  Loaded resource c:/Program Files (x86)/Steam/steamapps/common/Amnesia The Bunker/entities/character/player/animations/player_fuse_idle_rarm.fbx in 1 ms
WARNING: Loaded resource 'c:/Program Files (x86)/Steam/steamapps/common/Amnesia The Bunker/entities/character/player/animations/player_fuse_idle_rarm.fbx' while the map was running.
  Loaded resource c:/Program Files (x86)/Steam/steamapps/common/Amnesia The Bunker/entities/character/player/animations/player_fuse_use_medium.fbx in 0 ms
WARNING: Loaded resource 'c:/Program Files (x86)/Steam/steamapps/common/Amnesia The Bunker/entities/character/player/animations/player_fuse_use_medium.fbx' while the map was running.
  Loaded resource c:/Program Files (x86)/Steam/steamapps/common/Amnesia The Bunker/entities/bunker/gameplay/fuel_medium/fuel_medium_hand.ent in 1 ms
WARNING: Loaded resource 'fuel_medium_hand.ent' while the map was running.
      Loaded resource c:/Program Files (x86)/Steam/steamapps/common/Amnesia The Bunker/entities/bunker/gameplay/fuel_medium/fuel_medium.dds in 1 ms
WARNING: Loaded resource 'c:/Program Files (x86)/Steam/steamapps/common/Amnesia The Bunker/entities/bunker/gameplay/fuel_medium/fuel_medium.dds' while the map was running.
      Loaded resource c:/Program Files (x86)/Steam/steamapps/common/Amnesia The Bunker/entities/bunker/gameplay/fuel_medium/fuel_medium_nrm.dds in 1 ms
WARNING: Loaded resource 'c:/Program Files (x86)/Steam/steamapps/common/Amnesia The Bunker/entities/bunker/gameplay/fuel_medium/fuel_medium_nrm.dds' while the map was running.
      Loaded resource c:/Program Files (x86)/Steam/steamapps/common/Amnesia The Bunker/entities/bunker/gameplay/fuel_medium/fuel_medium_spec.dds in 1 ms
WARNING: Loaded resource 'c:/Program Files (x86)/Steam/steamapps/common/Amnesia The Bunker/entities/bunker/gameplay/fuel_medium/fuel_medium_spec.dds' while the map was running.
    Loaded resource c:/Program Files (x86)/Steam/steamapps/common/Amnesia The Bunker/entities/bunker/gameplay/fuel_medium/fuel_medium.mat in 3 ms
WARNING: Loaded resource 'entities/bunker/gameplay/fuel_medium/fuel_medium.mat' while the map was running.
  Loaded resource c:/Program Files (x86)/Steam/steamapps/common/Amnesia The Bunker/entities/bunker/gameplay/fuel_medium/fuel_cannister.fbx in 4 ms
WARNING: Loaded resource 'fuel_cannister.fbx' while the map was running.
  Loaded resource c:/Program Files (x86)/Steam/steamapps/common/Amnesia The Bunker/entities/bunker/gameplay/fuel_medium/Animations/fuel_cannister_closed.fbx in 0 ms
WARNING: Loaded resource 'c:/Program Files (x86)/Steam/steamapps/common/Amnesia The Bunker/entities/bunker/gameplay/fuel_medium/Animations/fuel_cannister_closed.fbx' while the map was running.
  Loaded resource c:/Program Files (x86)/Steam/steamapps/common/Amnesia The Bunker/entities/bunker/gameplay/fuel_medium/Animations/fuel_cannister_open.fbx in 0 ms
WARNING: Loaded resource 'c:/Program Files (x86)/Steam/steamapps/common/Amnesia The Bunker/entities/bunker/gameplay/fuel_medium/Animations/fuel_cannister_open.fbx' while the map was running.
  Loaded resource c:/Program Files (x86)/Steam/steamapps/common/Amnesia The Bunker/entities/bunker/gameplay/fuel_medium/Animations/fuel_cannister_throw_fuel_start.fbx in 0 ms
WARNING: Loaded resource 'c:/Program Files (x86)/Steam/steamapps/common/Amnesia The Bunker/entities/bunker/gameplay/fuel_medium/Animations/fuel_cannister_throw_fuel_start.fbx' while the map was running.
  Loaded resource c:/Program Files (x86)/Steam/steamapps/common/Amnesia The Bunker/entities/bunker/gameplay/fuel_medium/Animations/fuel_cannister_pour_start.fbx in 0 ms
WARNING: Loaded resource 'c:/Program Files (x86)/Steam/steamapps/common/Amnesia The Bunker/entities/bunker/gameplay/fuel_medium/Animations/fuel_cannister_pour_start.fbx' while the map was running.
  Loaded resource c:/Program Files (x86)/Steam/steamapps/common/Amnesia The Bunker/entities/bunker/gameplay/fuel_medium/Animations/fuel_cannister_refuelling_generator.fbx in 0 ms
WARNING: Loaded resource 'c:/Program Files (x86)/Steam/steamapps/common/Amnesia The Bunker/entities/bunker/gameplay/fuel_medium/Animations/fuel_cannister_refuelling_generator.fbx' while the map was running.
  Loaded resource c:/Program Files (x86)/Steam/steamapps/common/Amnesia The Bunker/entities/bunker/gameplay/fuel_medium/fuel_medium_pickup.ent in 1 ms
WARNING: Loaded resource 'fuel_medium_pickup.ent' while the map was running.
  Loaded resource c:/Program Files (x86)/Steam/steamapps/common/Amnesia The Bunker/entities/bunker/gameplay/fuel_medium/fuel_medium.DAE in 0 ms
WARNING: Loaded resource 'fuel_medium.DAE' while the map was running.
  Loaded resource c:/Program Files (x86)/Steam/steamapps/common/Amnesia The Bunker/entities/bunker/gameplay/molotov_cocktail/molotov_cocktail_empty_hand.ent in 0 ms
WARNING: Loaded resource 'molotov_cocktail_empty_hand.ent' while the map was running.
      Loaded resource c:/Program Files (x86)/Steam/steamapps/common/Amnesia The Bunker/entities/bunker/gameplay/molotov_cocktail/molotov_rag_diffuse.dds in 1 ms
WARNING: Loaded resource 'entities/bunker/gameplay/molotov_cocktail/molotov_rag_diffuse.dds' while the map was running.
      Loaded resource c:/Program Files (x86)/Steam/steamapps/common/Amnesia The Bunker/entities/bunker/gameplay/molotov_cocktail/molotov_rag_nrm.dds in 1 ms
WARNING: Loaded resource 'entities/bunker/gameplay/molotov_cocktail/molotov_rag_nrm.dds' while the map was running.
      Loaded resource c:/Program Files (x86)/Steam/steamapps/common/Amnesia The Bunker/entities/bunker/gameplay/molotov_cocktail/molotov_rag_alpha.dds in 0 ms
WARNING: Loaded resource 'entities/bunker/gameplay/molotov_cocktail/molotov_rag_alpha.dds' while the map was running.
      Loaded resource c:/Program Files (x86)/Steam/steamapps/common/Amnesia The Bunker/entities/bunker/gameplay/molotov_cocktail/molotov_rag_spec.dds in 2 ms
WARNING: Loaded resource 'entities/bunker/gameplay/molotov_cocktail/molotov_rag_spec.dds' while the map was running.
    Loaded resource c:/Program Files (x86)/Steam/steamapps/common/Amnesia The Bunker/entities/bunker/gameplay/molotov_cocktail/molotov_rag_diffuse.mat in 4 ms
WARNING: Loaded resource 'entities/bunker/gameplay/molotov_cocktail/molotov_rag_diffuse.mat' while the map was running.
      Loaded resource c:/Program Files (x86)/Steam/steamapps/common/Amnesia The Bunker/entities/bunker/gameplay/molotov_cocktail/molotov_wine.dds in 0 ms
WARNING: Loaded resource 'c:/Program Files (x86)/Steam/steamapps/common/Amnesia The Bunker/entities/bunker/gameplay/molotov_cocktail/molotov_wine.dds' while the map was running.
      Loaded resource c:/Program Files (x86)/Steam/steamapps/common/Amnesia The Bunker/entities/bunker/gameplay/molotov_cocktail/molotov_wine_nrm.dds in 1 ms
WARNING: Loaded resource 'c:/Program Files (x86)/Steam/steamapps/common/Amnesia The Bunker/entities/bunker/gameplay/molotov_cocktail/molotov_wine_nrm.dds' while the map was running.
      Loaded resource c:/Program Files (x86)/Steam/steamapps/common/Amnesia The Bunker/entities/bunker/gameplay/molotov_cocktail/molotov_wine_spec.dds in 1 ms
WARNING: Loaded resource 'c:/Program Files (x86)/Steam/steamapps/common/Amnesia The Bunker/entities/bunker/gameplay/molotov_cocktail/molotov_wine_spec.dds' while the map was running.
    Loaded resource c:/Program Files (x86)/Steam/steamapps/common/Amnesia The Bunker/entities/bunker/gameplay/molotov_cocktail/molotov_wine.mat in 2 ms
WARNING: Loaded resource 'entities/bunker/gameplay/molotov_cocktail/molotov_wine.mat' while the map was running.
  Loaded resource c:/Program Files (x86)/Steam/steamapps/common/Amnesia The Bunker/entities/bunker/gameplay/molotov_cocktail/molotov_cocktail_bottle.fbx in 6 ms
WARNING: Loaded resource 'molotov_cocktail_bottle.fbx' while the map was running.
    Loaded resource c:/Program Files (x86)/Steam/steamapps/common/Amnesia The Bunker/entities/bunker/gameplay/molotov_cocktail/molotov_wine_empty.dds in 0 ms
WARNING: Loaded resource 'entities/bunker/gameplay/molotov_cocktail/molotov_wine_empty.dds' while the map was running.
  Loaded resource c:/Program Files (x86)/Steam/steamapps/common/Amnesia The Bunker/entities/bunker/gameplay/molotov_cocktail/molotov_wine_empty.mat in 0 ms
WARNING: Loaded resource 'entities/bunker/gameplay/molotov_cocktail/molotov_wine_empty.mat' while the map was running.
  Loaded resource c:/Program Files (x86)/Steam/steamapps/common/Amnesia The Bunker/entities/bunker/gameplay/molotov_cocktail/animations/bottle_molotov_equip.fbx in 1 ms
WARNING: Loaded resource 'c:/Program Files (x86)/Steam/steamapps/common/Amnesia The Bunker/entities/bunker/gameplay/molotov_cocktail/animations/bottle_molotov_equip.fbx' while the map was running.
  Loaded resource c:/Program Files (x86)/Steam/steamapps/common/Amnesia The Bunker/entities/bunker/gameplay/molotov_cocktail/animations/bottle_molotov_holster.fbx in 0 ms
WARNING: Loaded resource 'c:/Program Files (x86)/Steam/steamapps/common/Amnesia The Bunker/entities/bunker/gameplay/molotov_cocktail/animations/bottle_molotov_holster.fbx' while the map was running.
  Loaded resource c:/Program Files (x86)/Steam/steamapps/common/Amnesia The Bunker/entities/bunker/gameplay/molotov_cocktail/animations/bottle_molotov_throw.fbx in 0 ms
WARNING: Loaded resource 'c:/Program Files (x86)/Steam/steamapps/common/Amnesia The Bunker/entities/bunker/gameplay/molotov_cocktail/animations/bottle_molotov_throw.fbx' while the map was running.
  Loaded resource c:/Program Files (x86)/Steam/steamapps/common/Amnesia The Bunker/entities/bunker/gameplay/molotov_cocktail/animations/bottle_molotov_idle.fbx in 0 ms
WARNING: Loaded resource 'c:/Program Files (x86)/Steam/steamapps/common/Amnesia The Bunker/entities/bunker/gameplay/molotov_cocktail/animations/bottle_molotov_idle.fbx' while the map was running.
  Loaded resource c:/Program Files (x86)/Steam/steamapps/common/Amnesia The Bunker/entities/bunker/gameplay/molotov_cocktail/molotov_cocktail_empty_pickup.ent in 0 ms
WARNING: Loaded resource 'molotov_cocktail_empty_pickup.ent' while the map was running.
  Loaded resource c:/Program Files (x86)/Steam/steamapps/common/Amnesia The Bunker/entities/bunker/gameplay/molotov_cocktail/molotov_cocktail_bottle_empty_hand.fbx in 0 ms
WARNING: Loaded resource 'molotov_cocktail_bottle_empty_hand.fbx' while the map was running.
  Loaded resource c:/Program Files (x86)/Steam/steamapps/common/Amnesia The Bunker/entities/bunker/gameplay/molotov_cocktail/empty_bottle_hand.ent in 0 ms
WARNING: Loaded resource 'empty_bottle_hand.ent' while the map was running.
  Loaded resource c:/Program Files (x86)/Steam/steamapps/common/Amnesia The Bunker/entities/bunker/gameplay/molotov_cocktail/molotov_wine_empty.DAE in 0 ms
WARNING: Loaded resource 'molotov_wine_empty.DAE' while the map was running.
  Loaded resource c:/Program Files (x86)/Steam/steamapps/common/Amnesia The Bunker/entities/bunker/gameplay/molotov_cocktail/empty_bottle_pickup.ent in 0 ms
WARNING: Loaded resource 'empty_bottle_pickup.ent' while the map was running.
  Loaded resource c:/Program Files (x86)/Steam/steamapps/common/Amnesia The Bunker/entities/bunker/gameplay/rag/rag_pickup.ent in 1 ms
WARNING: Loaded resource 'rag_pickup.ent' while the map was running.
    Loaded resource c:/Program Files (x86)/Steam/steamapps/common/Amnesia The Bunker/textures/decals/nonexclusive/blob_shadow.dds in 0 ms
WARNING: Loaded resource 'textures/decals/nonexclusive/blob_shadow.dds' while the map was running.
  Loaded resource c:/Program Files (x86)/Steam/steamapps/common/Amnesia The Bunker/textures/decals/nonexclusive/blob_shadow.mat in 0 ms
WARNING: Loaded resource 'D:/SVN Repositories/Bunker/redist/textures/decals/nonexclusive/blob_shadow.mat' while the map was running.
    Loaded resource c:/Program Files (x86)/Steam/steamapps/common/Amnesia The Bunker/entities/bunker/gameplay/molotov_cocktail/molotov_rag.mat in 0 ms
WARNING: Loaded resource 'entities/bunker/gameplay/rag/molotov_rag.mat' while the map was running.
  Loaded resource c:/Program Files (x86)/Steam/steamapps/common/Amnesia The Bunker/entities/bunker/gameplay/rag/rag.dae in 0 ms
WARNING: Loaded resource 'rag.dae' while the map was running.
  Loaded resource c:/Program Files (x86)/Steam/steamapps/common/Amnesia The Bunker/entities/bunker/gameplay/molotov_cocktail/full_bottle_hand.ent in 0 ms
WARNING: Loaded resource 'full_bottle_hand.ent' while the map was running.
      Loaded resource c:/Program Files (x86)/Steam/steamapps/common/Amnesia The Bunker/entities/bunker/gameplay/molotov_cocktail/cork.dds in 0 ms
WARNING: Loaded resource 'entities/bunker/gameplay/molotov_cocktail/cork.dds' while the map was running.
      Loaded resource c:/Program Files (x86)/Steam/steamapps/common/Amnesia The Bunker/entities/bunker/gameplay/molotov_cocktail/cork_nrm.dds in 0 ms
WARNING: Loaded resource 'entities/bunker/gameplay/molotov_cocktail/cork_nrm.dds' while the map was running.
      Loaded resource c:/Program Files (x86)/Steam/steamapps/common/Amnesia The Bunker/entities/bunker/gameplay/molotov_cocktail/cork_spec.dds in 0 ms
WARNING: Loaded resource 'entities/bunker/gameplay/molotov_cocktail/cork_spec.dds' while the map was running.
    Loaded resource c:/Program Files (x86)/Steam/steamapps/common/Amnesia The Bunker/entities/bunker/gameplay/molotov_cocktail/cork.mat in 0 ms
WARNING: Loaded resource 'entities/bunker/gameplay/molotov_cocktail/cork.mat' while the map was running.
  Loaded resource c:/Program Files (x86)/Steam/steamapps/common/Amnesia The Bunker/entities/bunker/gameplay/molotov_cocktail/molotov_wine_cork.dae in 1 ms
WARNING: Loaded resource 'molotov_wine_cork.dae' while the map was running.
  Loaded resource c:/Program Files (x86)/Steam/steamapps/common/Amnesia The Bunker/entities/bunker/gameplay/molotov_cocktail/full_bottle_pickup.ent in 1 ms
WARNING: Loaded resource 'full_bottle_pickup.ent' while the map was running.
  Loaded resource c:/Program Files (x86)/Steam/steamapps/common/Amnesia The Bunker/entities/bunker/gameplay/molotov_cocktail/molotov_cocktail_hand.ent in 0 ms
WARNING: Loaded resource 'molotov_cocktail_hand.ent' while the map was running.
      Loaded resource c:/Program Files (x86)/Steam/steamapps/common/Amnesia The Bunker/particles/fire/materials/fire_blurry.dds in 0 ms
WARNING: Loaded resource 'particles/fire/materials/fire_blurry.dds' while the map was running.
    Loaded resource c:/Program Files (x86)/Steam/steamapps/common/Amnesia The Bunker/particles/fire_blurry_soft.mat in 0 ms
WARNING: Loaded resource 'particles/fire_blurry_soft.mat' while the map was running.
  Loaded resource c:/Program Files (x86)/Steam/steamapps/common/Amnesia The Bunker/particles/fire/molotov_light.ps in 0 ms
WARNING: Loaded resource 'C:/_Job/Frictional/the_bunker/game/redist/particles/fire/molotov_light.ps' while the map was running.
  Loaded resource c:/Program Files (x86)/Steam/steamapps/common/Amnesia The Bunker/entities/bunker/gameplay/molotov_cocktail/molotov_cocktail_pickup.ent in 0 ms
WARNING: Loaded resource 'molotov_cocktail_pickup.ent' while the map was running.
  Loaded resource c:/Program Files (x86)/Steam/steamapps/common/Amnesia The Bunker/entities/bunker/gameplay/revolver/revolver_hand.ent in 1 ms
WARNING: Loaded resource 'revolver_hand.ent' while the map was running.
ERROR: Couldn't create material 'entities/bunker/gameplay/revolver/revolver_bunker_diffuse.mat'
ERROR: Couldn't create material 'entities/bunker/gameplay/revolver/revolver_bunker_diffuse.mat'
ERROR: Couldn't create material 'entities/bunker/gameplay/revolver/revolver_bunker_diffuse.mat'
ERROR: Couldn't create material 'entities/bunker/gameplay/revolver/revolver_bunker_diffuse.mat'
ERROR: Couldn't create material 'entities/bunker/gameplay/revolver/revolver_bunker_diffuse.mat'
ERROR: Couldn't create material 'entities/bunker/gameplay/revolver/revolver_bunker_diffuse.mat'
ERROR: Couldn't create material 'entities/bunker/gameplay/revolver/revolver_bunker_diffuse.mat'
ERROR: Couldn't create material 'entities/bunker/gameplay/revolver/revolver_bunker_diffuse.mat'
ERROR: Couldn't create material 'entities/bunker/gameplay/revolver/revolver_bunker_diffuse.mat'
ERROR: Couldn't create material 'entities/bunker/gameplay/revolver/revolver_bunker_diffuse.mat'
ERROR: Couldn't create material 'entities/bunker/gameplay/revolver/revolver_bunker_diffuse.mat'
ERROR: Couldn't create material 'entities/bunker/gameplay/revolver/revolver_bunker_diffuse.mat'
ERROR: Couldn't create material 'entities/bunker/gameplay/revolver/revolver_bunker_diffuse.mat'
ERROR: Couldn't create material 'entities/bunker/gameplay/revolver/revolver_bunker_diffuse.mat'
ERROR: Couldn't create material 'entities/bunker/gameplay/revolver/revolver_bunker_diffuse.mat'
ERROR: Couldn't create material 'entities/bunker/gameplay/revolver/revolver_bunker_diffuse.mat'
  Loaded resource c:/Program Files (x86)/Steam/steamapps/common/Amnesia The Bunker/entities/bunker/gameplay/revolver/revolver_bunker.fbx in 1 ms
WARNING: Loaded resource 'revolver_bunker.fbx' while the map was running.
    Loaded resource c:/Program Files (x86)/Steam/steamapps/common/Amnesia The Bunker/entities/bunker/gameplay/revolver/revolver_bunker_diffuse.dds in 2 ms
WARNING: Loaded resource 'mods/official_the_bunker/assets/entities/nonexclusive/gameplay/revolver/revolver_bunker_diffuse.dds' while the map was running.
    Loaded resource c:/Program Files (x86)/Steam/steamapps/common/Amnesia The Bunker/entities/bunker/gameplay/revolver/revolver_bunker_nrm.dds in 4 ms
WARNING: Loaded resource 'mods/official_the_bunker/assets/entities/nonexclusive/gameplay/revolver/revolver_bunker_nrm.dds' while the map was running.
    Loaded resource c:/Program Files (x86)/Steam/steamapps/common/Amnesia The Bunker/entities/bunker/gameplay/revolver/revolver_bunker_spec.dds in 3 ms
WARNING: Loaded resource 'mods/official_the_bunker/assets/entities/nonexclusive/gameplay/revolver/revolver_bunker_spec.dds' while the map was running.
  Loaded resource c:/Program Files (x86)/Steam/steamapps/common/Amnesia The Bunker/entities/bunker/gameplay/revolver/revolver_bunker.mat in 11 ms
WARNING: Loaded resource 'entities/bunker/gameplay/revolver/revolver_bunker.mat' while the map was running.
  Loaded resource c:/Program Files (x86)/Steam/steamapps/common/Amnesia The Bunker/entities/bunker/gameplay/revolver/animations/gun_shot_1.fbx in 0 ms
WARNING: Loaded resource 'c:/Program Files (x86)/Steam/steamapps/common/Amnesia The Bunker/entities/bunker/gameplay/revolver/animations/gun_shot_1.fbx' while the map was running.
  Loaded resource c:/Program Files (x86)/Steam/steamapps/common/Amnesia The Bunker/entities/bunker/gameplay/revolver/animations/gun_shot_2.fbx in 0 ms
WARNING: Loaded resource 'c:/Program Files (x86)/Steam/steamapps/common/Amnesia The Bunker/entities/bunker/gameplay/revolver/animations/gun_shot_2.fbx' while the map was running.
  Loaded resource c:/Program Files (x86)/Steam/steamapps/common/Amnesia The Bunker/entities/bunker/gameplay/revolver/animations/gun_shot_3.fbx in 0 ms
WARNING: Loaded resource 'c:/Program Files (x86)/Steam/steamapps/common/Amnesia The Bunker/entities/bunker/gameplay/revolver/animations/gun_shot_3.fbx' while the map was running.
  Loaded resource c:/Program Files (x86)/Steam/steamapps/common/Amnesia The Bunker/entities/bunker/gameplay/revolver/animations/gun_shot_empty.fbx in 0 ms
WARNING: Loaded resource 'c:/Program Files (x86)/Steam/steamapps/common/Amnesia The Bunker/entities/bunker/gameplay/revolver/animations/gun_shot_empty.fbx' while the map was running.
  Loaded resource c:/Program Files (x86)/Steam/steamapps/common/Amnesia The Bunker/entities/bunker/gameplay/revolver/animations/gun_bullet_check_open.fbx in 0 ms
WARNING: Loaded resource 'c:/Program Files (x86)/Steam/steamapps/common/Amnesia The Bunker/entities/bunker/gameplay/revolver/animations/gun_bullet_check_open.fbx' while the map was running.
  Loaded resource c:/Program Files (x86)/Steam/steamapps/common/Amnesia The Bunker/entities/bunker/gameplay/revolver/animations/gun_bullet_check_idle.fbx in 0 ms
WARNING: Loaded resource 'c:/Program Files (x86)/Steam/steamapps/common/Amnesia The Bunker/entities/bunker/gameplay/revolver/animations/gun_bullet_check_idle.fbx' while the map was running.
  Loaded resource c:/Program Files (x86)/Steam/steamapps/common/Amnesia The Bunker/entities/bunker/gameplay/revolver/animations/gun_bullet_check_close.fbx in 0 ms
WARNING: Loaded resource 'c:/Program Files (x86)/Steam/steamapps/common/Amnesia The Bunker/entities/bunker/gameplay/revolver/animations/gun_bullet_check_close.fbx' while the map was running.
  Loaded resource c:/Program Files (x86)/Steam/steamapps/common/Amnesia The Bunker/entities/bunker/gameplay/revolver/animations/gun_reload_add_bullet.fbx in 0 ms
WARNING: Loaded resource 'c:/Program Files (x86)/Steam/steamapps/common/Amnesia The Bunker/entities/bunker/gameplay/revolver/animations/gun_reload_add_bullet.fbx' while the map was running.
  Loaded resource c:/Program Files (x86)/Steam/steamapps/common/Amnesia The Bunker/entities/bunker/gameplay/revolver/animations/gun_reload_cylinder_spin.fbx in 0 ms
WARNING: Loaded resource 'c:/Program Files (x86)/Steam/steamapps/common/Amnesia The Bunker/entities/bunker/gameplay/revolver/animations/gun_reload_cylinder_spin.fbx' while the map was running.
  Loaded resource c:/Program Files (x86)/Steam/steamapps/common/Amnesia The Bunker/entities/bunker/gameplay/revolver/animations/gun_reload_end.fbx in 1 ms
WARNING: Loaded resource 'c:/Program Files (x86)/Steam/steamapps/common/Amnesia The Bunker/entities/bunker/gameplay/revolver/animations/gun_reload_end.fbx' while the map was running.
  Loaded resource c:/Program Files (x86)/Steam/steamapps/common/Amnesia The Bunker/entities/bunker/gameplay/revolver/animations/gun_reload_remove_bullets.fbx in 0 ms
WARNING: Loaded resource 'c:/Program Files (x86)/Steam/steamapps/common/Amnesia The Bunker/entities/bunker/gameplay/revolver/animations/gun_reload_remove_bullets.fbx' while the map was running.
  Loaded resource c:/Program Files (x86)/Steam/steamapps/common/Amnesia The Bunker/entities/bunker/gameplay/revolver/animations/gun_reload_start.fbx in 0 ms
WARNING: Loaded resource 'c:/Program Files (x86)/Steam/steamapps/common/Amnesia The Bunker/entities/bunker/gameplay/revolver/animations/gun_reload_start.fbx' while the map was running.
  Loaded resource c:/Program Files (x86)/Steam/steamapps/common/Amnesia The Bunker/mods/BunkersEdge/entities/bunker/gameplay/revolver/volley_revolver_hand.ent in 0 ms
WARNING: Loaded resource 'volley_revolver_hand.ent' while the map was running.
  Loaded resource c:/Program Files (x86)/Steam/steamapps/common/Amnesia The Bunker/entities/bunker/gameplay/trench_shotgun/trench_shotgun_body/trench_shotgun_hand.ent in 0 ms
WARNING: Loaded resource 'trench_shotgun_hand.ent' while the map was running.
      Loaded resource c:/Program Files (x86)/Steam/steamapps/common/Amnesia The Bunker/entities/character/soldier_blind_shotgun/soldier_blind_body/soldier_blind_shotgun_body.dds in 8 ms
WARNING: Loaded resource 'c:/Program Files (x86)/Steam/steamapps/common/Amnesia The Bunker/entities/character/soldier_blind_shotgun/soldier_blind_body/soldier_blind_shotgun_body.dds' while the map was running.
      Loaded resource c:/Program Files (x86)/Steam/steamapps/common/Amnesia The Bunker/entities/character/soldier_blind_shotgun/soldier_blind_body/soldier_blind_shotgun_body_nrm.dds in 17 ms
WARNING: Loaded resource 'c:/Program Files (x86)/Steam/steamapps/common/Amnesia The Bunker/entities/character/soldier_blind_shotgun/soldier_blind_body/soldier_blind_shotgun_body_nrm.dds' while the map was running.
      Loaded resource c:/Program Files (x86)/Steam/steamapps/common/Amnesia The Bunker/entities/character/soldier_blind_shotgun/soldier_blind_body/soldier_blind_shotgun_body_spec.dds in 4 ms
WARNING: Loaded resource 'c:/Program Files (x86)/Steam/steamapps/common/Amnesia The Bunker/entities/character/soldier_blind_shotgun/soldier_blind_body/soldier_blind_shotgun_body_spec.dds' while the map was running.
    Loaded resource c:/Program Files (x86)/Steam/steamapps/common/Amnesia The Bunker/entities/character/soldier_blind_shotgun/soldier_blind_body/soldier_blind_shotgun_body.mat in 29 ms
WARNING: Loaded resource 'entities/bunker/gameplay/trench_shotgun/trench_shotgun_body/soldier_blind_shotgun_body.mat' while the map was running.
      Loaded resource c:/Program Files (x86)/Steam/steamapps/common/Amnesia The Bunker/entities/bunker/gameplay/trench_shotgun/trench_shotgun_body/trench_shotgun.dds in 9 ms
WARNING: Loaded resource 'c:/Program Files (x86)/Steam/steamapps/common/Amnesia The Bunker/entities/bunker/gameplay/trench_shotgun/trench_shotgun_body/trench_shotgun.dds' while the map was running.
      Loaded resource c:/Program Files (x86)/Steam/steamapps/common/Amnesia The Bunker/entities/bunker/gameplay/trench_shotgun/trench_shotgun_body/trench_shotgun_nrm.dds in 16 ms
WARNING: Loaded resource 'c:/Program Files (x86)/Steam/steamapps/common/Amnesia The Bunker/entities/bunker/gameplay/trench_shotgun/trench_shotgun_body/trench_shotgun_nrm.dds' while the map was running.
      Loaded resource c:/Program Files (x86)/Steam/steamapps/common/Amnesia The Bunker/entities/bunker/gameplay/trench_shotgun/trench_shotgun_body/trench_shotgun_spec.dds in 17 ms
WARNING: Loaded resource 'c:/Program Files (x86)/Steam/steamapps/common/Amnesia The Bunker/entities/bunker/gameplay/trench_shotgun/trench_shotgun_body/trench_shotgun_spec.dds' while the map was running.
    Loaded resource c:/Program Files (x86)/Steam/steamapps/common/Amnesia The Bunker/entities/bunker/gameplay/trench_shotgun/trench_shotgun_body/trench_shotgun.mat in 42 ms
WARNING: Loaded resource 'entities/bunker/gameplay/trench_shotgun/trench_shotgun_body/trench_shotgun.mat' while the map was running.
  Loaded resource c:/Program Files (x86)/Steam/steamapps/common/Amnesia The Bunker/entities/bunker/gameplay/trench_shotgun/trench_shotgun_body/trench_shotgun_rig.fbx in 74 ms
WARNING: Loaded resource 'trench_shotgun_rig.fbx' while the map was running.
  Loaded resource c:/Program Files (x86)/Steam/steamapps/common/Amnesia The Bunker/entities/bunker/gameplay/trench_shotgun/animations/shotgun_aim_idle.fbx in 0 ms
WARNING: Loaded resource 'c:/Program Files (x86)/Steam/steamapps/common/Amnesia The Bunker/entities/bunker/gameplay/trench_shotgun/animations/shotgun_aim_idle.fbx' while the map was running.
  Loaded resource c:/Program Files (x86)/Steam/steamapps/common/Amnesia The Bunker/entities/bunker/gameplay/trench_shotgun/animations/shotgun_aim_idle_tr_idle_one_handed.fbx in 1 ms
WARNING: Loaded resource 'c:/Program Files (x86)/Steam/steamapps/common/Amnesia The Bunker/entities/bunker/gameplay/trench_shotgun/animations/shotgun_aim_idle_tr_idle_one_handed.fbx' while the map was running.
  Loaded resource c:/Program Files (x86)/Steam/steamapps/common/Amnesia The Bunker/entities/bunker/gameplay/trench_shotgun/animations/shotgun_aim_idle_tr_idle_two_handed.fbx in 0 ms
WARNING: Loaded resource 'c:/Program Files (x86)/Steam/steamapps/common/Amnesia The Bunker/entities/bunker/gameplay/trench_shotgun/animations/shotgun_aim_idle_tr_idle_two_handed.fbx' while the map was running.
  Loaded resource c:/Program Files (x86)/Steam/steamapps/common/Amnesia The Bunker/entities/bunker/gameplay/trench_shotgun/animations/shotgun_check_ammo_close.fbx in 0 ms
WARNING: Loaded resource 'c:/Program Files (x86)/Steam/steamapps/common/Amnesia The Bunker/entities/bunker/gameplay/trench_shotgun/animations/shotgun_check_ammo_close.fbx' while the map was running.
  Loaded resource c:/Program Files (x86)/Steam/steamapps/common/Amnesia The Bunker/entities/bunker/gameplay/trench_shotgun/animations/shotgun_check_ammo_idle.fbx in 0 ms
WARNING: Loaded resource 'c:/Program Files (x86)/Steam/steamapps/common/Amnesia The Bunker/entities/bunker/gameplay/trench_shotgun/animations/shotgun_check_ammo_idle.fbx' while the map was running.
  Loaded resource c:/Program Files (x86)/Steam/steamapps/common/Amnesia The Bunker/entities/bunker/gameplay/trench_shotgun/animations/shotgun_check_ammo_pump_tr_aim_idle.fbx in 1 ms
WARNING: Loaded resource 'c:/Program Files (x86)/Steam/steamapps/common/Amnesia The Bunker/entities/bunker/gameplay/trench_shotgun/animations/shotgun_check_ammo_pump_tr_aim_idle.fbx' while the map was running.
  Loaded resource c:/Program Files (x86)/Steam/steamapps/common/Amnesia The Bunker/entities/bunker/gameplay/trench_shotgun/animations/shotgun_check_ammo_pump_tr_idle_two_handed.fbx in 0 ms
WARNING: Loaded resource 'c:/Program Files (x86)/Steam/steamapps/common/Amnesia The Bunker/entities/bunker/gameplay/trench_shotgun/animations/shotgun_check_ammo_pump_tr_idle_two_handed.fbx' while the map was running.
  Loaded resource c:/Program Files (x86)/Steam/steamapps/common/Amnesia The Bunker/entities/bunker/gameplay/trench_shotgun/animations/shotgun_check_ammo_start.fbx in 0 ms
WARNING: Loaded resource 'c:/Program Files (x86)/Steam/steamapps/common/Amnesia The Bunker/entities/bunker/gameplay/trench_shotgun/animations/shotgun_check_ammo_start.fbx' while the map was running.
  Loaded resource c:/Program Files (x86)/Steam/steamapps/common/Amnesia The Bunker/entities/bunker/gameplay/trench_shotgun/animations/shotgun_check_ammo_tr_idle_one_handed.fbx in 0 ms
WARNING: Loaded resource 'c:/Program Files (x86)/Steam/steamapps/common/Amnesia The Bunker/entities/bunker/gameplay/trench_shotgun/animations/shotgun_check_ammo_tr_idle_one_handed.fbx' while the map was running.
  Loaded resource c:/Program Files (x86)/Steam/steamapps/common/Amnesia The Bunker/entities/bunker/gameplay/trench_shotgun/animations/shotgun_equip_one_handed.fbx in 1 ms
WARNING: Loaded resource 'c:/Program Files (x86)/Steam/steamapps/common/Amnesia The Bunker/entities/bunker/gameplay/trench_shotgun/animations/shotgun_equip_one_handed.fbx' while the map was running.
  Loaded resource c:/Program Files (x86)/Steam/steamapps/common/Amnesia The Bunker/entities/bunker/gameplay/trench_shotgun/animations/shotgun_equip_two_handed.fbx in 0 ms
WARNING: Loaded resource 'c:/Program Files (x86)/Steam/steamapps/common/Amnesia The Bunker/entities/bunker/gameplay/trench_shotgun/animations/shotgun_equip_two_handed.fbx' while the map was running.
  Loaded resource c:/Program Files (x86)/Steam/steamapps/common/Amnesia The Bunker/entities/bunker/gameplay/trench_shotgun/animations/shotgun_fire_empty.fbx in 0 ms
WARNING: Loaded resource 'c:/Program Files (x86)/Steam/steamapps/common/Amnesia The Bunker/entities/bunker/gameplay/trench_shotgun/animations/shotgun_fire_empty.fbx' while the map was running.
  Loaded resource c:/Program Files (x86)/Steam/steamapps/common/Amnesia The Bunker/entities/bunker/gameplay/trench_shotgun/animations/shotgun_fire_shell_01.fbx in 0 ms
WARNING: Loaded resource 'c:/Program Files (x86)/Steam/steamapps/common/Amnesia The Bunker/entities/bunker/gameplay/trench_shotgun/animations/shotgun_fire_shell_01.fbx' while the map was running.
  Loaded resource c:/Program Files (x86)/Steam/steamapps/common/Amnesia The Bunker/entities/bunker/gameplay/trench_shotgun/animations/shotgun_fire_shell_02.fbx in 0 ms
WARNING: Loaded resource 'c:/Program Files (x86)/Steam/steamapps/common/Amnesia The Bunker/entities/bunker/gameplay/trench_shotgun/animations/shotgun_fire_shell_02.fbx' while the map was running.
  Loaded resource c:/Program Files (x86)/Steam/steamapps/common/Amnesia The Bunker/entities/bunker/gameplay/trench_shotgun/animations/shotgun_fire_shell_03.fbx in 1 ms
WARNING: Loaded resource 'c:/Program Files (x86)/Steam/steamapps/common/Amnesia The Bunker/entities/bunker/gameplay/trench_shotgun/animations/shotgun_fire_shell_03.fbx' while the map was running.
  Loaded resource c:/Program Files (x86)/Steam/steamapps/common/Amnesia The Bunker/entities/bunker/gameplay/trench_shotgun/animations/shotgun_idle_one_handed.fbx in 0 ms
WARNING: Loaded resource 'c:/Program Files (x86)/Steam/steamapps/common/Amnesia The Bunker/entities/bunker/gameplay/trench_shotgun/animations/shotgun_idle_one_handed.fbx' while the map was running.
  Loaded resource c:/Program Files (x86)/Steam/steamapps/common/Amnesia The Bunker/entities/bunker/gameplay/trench_shotgun/animations/shotgun_idle_one_handed_tr_aim_idle.fbx in 0 ms
WARNING: Loaded resource 'c:/Program Files (x86)/Steam/steamapps/common/Amnesia The Bunker/entities/bunker/gameplay/trench_shotgun/animations/shotgun_idle_one_handed_tr_aim_idle.fbx' while the map was running.
  Loaded resource c:/Program Files (x86)/Steam/steamapps/common/Amnesia The Bunker/entities/bunker/gameplay/trench_shotgun/animations/shotgun_idle_one_handed_tr_reload.fbx in 1 ms
WARNING: Loaded resource 'c:/Program Files (x86)/Steam/steamapps/common/Amnesia The Bunker/entities/bunker/gameplay/trench_shotgun/animations/shotgun_idle_one_handed_tr_reload.fbx' while the map was running.
  Loaded resource c:/Program Files (x86)/Steam/steamapps/common/Amnesia The Bunker/entities/bunker/gameplay/trench_shotgun/animations/shotgun_idle_two_handed.fbx in 0 ms
WARNING: Loaded resource 'c:/Program Files (x86)/Steam/steamapps/common/Amnesia The Bunker/entities/bunker/gameplay/trench_shotgun/animations/shotgun_idle_two_handed.fbx' while the map was running.
  Loaded resource c:/Program Files (x86)/Steam/steamapps/common/Amnesia The Bunker/entities/bunker/gameplay/trench_shotgun/animations/shotgun_idle_two_handed_arm.fbx in 0 ms
WARNING: Loaded resource 'c:/Program Files (x86)/Steam/steamapps/common/Amnesia The Bunker/entities/bunker/gameplay/trench_shotgun/animations/shotgun_idle_two_handed_arm.fbx' while the map was running.
  Loaded resource c:/Program Files (x86)/Steam/steamapps/common/Amnesia The Bunker/entities/bunker/gameplay/trench_shotgun/animations/shotgun_idle_two_handed_tr_aim_idle.fbx in 0 ms
WARNING: Loaded resource 'c:/Program Files (x86)/Steam/steamapps/common/Amnesia The Bunker/entities/bunker/gameplay/trench_shotgun/animations/shotgun_idle_two_handed_tr_aim_idle.fbx' while the map was running.
  Loaded resource c:/Program Files (x86)/Steam/steamapps/common/Amnesia The Bunker/entities/bunker/gameplay/trench_shotgun/animations/shotgun_idle_two_handed_tr_reload.fbx in 0 ms
WARNING: Loaded resource 'c:/Program Files (x86)/Steam/steamapps/common/Amnesia The Bunker/entities/bunker/gameplay/trench_shotgun/animations/shotgun_idle_two_handed_tr_reload.fbx' while the map was running.
  Loaded resource c:/Program Files (x86)/Steam/steamapps/common/Amnesia The Bunker/entities/bunker/gameplay/trench_shotgun/animations/shotgun_reload.fbx in 1 ms
WARNING: Loaded resource 'c:/Program Files (x86)/Steam/steamapps/common/Amnesia The Bunker/entities/bunker/gameplay/trench_shotgun/animations/shotgun_reload.fbx' while the map was running.
  Loaded resource c:/Program Files (x86)/Steam/steamapps/common/Amnesia The Bunker/entities/bunker/gameplay/trench_shotgun/animations/shotgun_unequip_one_handed.fbx in 0 ms
WARNING: Loaded resource 'c:/Program Files (x86)/Steam/steamapps/common/Amnesia The Bunker/entities/bunker/gameplay/trench_shotgun/animations/shotgun_unequip_one_handed.fbx' while the map was running.
  Loaded resource c:/Program Files (x86)/Steam/steamapps/common/Amnesia The Bunker/entities/bunker/gameplay/trench_shotgun/animations/shotgun_unequip_two_handed.fbx in 0 ms
WARNING: Loaded resource 'c:/Program Files (x86)/Steam/steamapps/common/Amnesia The Bunker/entities/bunker/gameplay/trench_shotgun/animations/shotgun_unequip_two_handed.fbx' while the map was running.
  Loaded resource c:/Program Files (x86)/Steam/steamapps/common/Amnesia The Bunker/entities/bunker/gameplay/trench_shotgun/animations/shotgun_idle_one_handed_tr_check_ammo.fbx in 0 ms
WARNING: Loaded resource 'c:/Program Files (x86)/Steam/steamapps/common/Amnesia The Bunker/entities/bunker/gameplay/trench_shotgun/animations/shotgun_idle_one_handed_tr_check_ammo.fbx' while the map was running.
  Loaded resource c:/Program Files (x86)/Steam/steamapps/common/Amnesia The Bunker/entities/bunker/gameplay/trench_shotgun/animations/shotgun_reload_end.fbx in 1 ms
WARNING: Loaded resource 'c:/Program Files (x86)/Steam/steamapps/common/Amnesia The Bunker/entities/bunker/gameplay/trench_shotgun/animations/shotgun_reload_end.fbx' while the map was running.
  Loaded resource c:/Program Files (x86)/Steam/steamapps/common/Amnesia The Bunker/entities/bunker/gameplay/trench_shotgun/animations/shotgun_reload_end_pump_tr_check_ammo.fbx in 0 ms
WARNING: Loaded resource 'c:/Program Files (x86)/Steam/steamapps/common/Amnesia The Bunker/entities/bunker/gameplay/trench_shotgun/animations/shotgun_reload_end_pump_tr_check_ammo.fbx' while the map was running.
  Loaded resource c:/Program Files (x86)/Steam/steamapps/common/Amnesia The Bunker/entities/bunker/gameplay/trench_shotgun/animations/shotgun_reload_start.fbx in 0 ms
WARNING: Loaded resource 'c:/Program Files (x86)/Steam/steamapps/common/Amnesia The Bunker/entities/bunker/gameplay/trench_shotgun/animations/shotgun_reload_start.fbx' while the map was running.
  Loaded resource c:/Program Files (x86)/Steam/steamapps/common/Amnesia The Bunker/entities/bunker/gameplay/ammo_bullets/ammo_bullets.ent in 0 ms
WARNING: Loaded resource 'ammo_bullets.ent' while the map was running.
      Loaded resource c:/Program Files (x86)/Steam/steamapps/common/Amnesia The Bunker/entities/bunker/gameplay/ammo_bullets/ammo_bullets.dds in 0 ms
WARNING: Loaded resource '../../../DLC/ammo_bullets/_submit/ammo_bullets/characters/ammo_bullets/ammo_bullets.dds' while the map was running.
      Loaded resource c:/Program Files (x86)/Steam/steamapps/common/Amnesia The Bunker/entities/bunker/gameplay/ammo_bullets/ammo_bullets_nrm.dds in 1 ms
WARNING: Loaded resource '../../../DLC/ammo_bullets/_submit/ammo_bullets/characters/ammo_bullets/ammo_bullets_nrm.dds' while the map was running.
      Loaded resource c:/Program Files (x86)/Steam/steamapps/common/Amnesia The Bunker/entities/bunker/gameplay/ammo_bullets/ammo_bullets_spec.dds in 1 ms
WARNING: Loaded resource '../../../DLC/ammo_bullets/_submit/ammo_bullets/characters/ammo_bullets/ammo_bullets_spec.dds' while the map was running.
    Loaded resource c:/Program Files (x86)/Steam/steamapps/common/Amnesia The Bunker/entities/bunker/gameplay/ammo_bullets/ammo_bullets.mat in 2 ms
WARNING: Loaded resource '../../Batch_15/Ammo_Bullets/Submit/ammo_bullets/characters/ammo_bullets/ammo_bullets.mat' while the map was running.
  Loaded resource c:/Program Files (x86)/Steam/steamapps/common/Amnesia The Bunker/entities/bunker/gameplay/ammo_bullets/ammo_bullets.DAE in 3 ms
WARNING: Loaded resource 'ammo_bullets.DAE' while the map was running.
  Loaded resource c:/Program Files (x86)/Steam/steamapps/common/Amnesia The Bunker/entities/bunker/gameplay/ammo_shotgun/ammo_shotgun_box.ent in 0 ms
WARNING: Loaded resource 'ammo_shotgun_box.ent' while the map was running.
      Loaded resource c:/Program Files (x86)/Steam/steamapps/common/Amnesia The Bunker/entities/bunker/gameplay/ammo_shotgun/ammo_shotgun.dds in 2 ms
WARNING: Loaded resource '../../../../../ammo_shotgun/_submit/ammo_shotgun/prop/ammo_shotgun.dds' while the map was running.
      Loaded resource c:/Program Files (x86)/Steam/steamapps/common/Amnesia The Bunker/entities/bunker/gameplay/ammo_shotgun/ammo_shotgun_nrm.dds in 4 ms
WARNING: Loaded resource '../../../../../ammo_shotgun/_submit/ammo_shotgun/prop/ammo_shotgun_nrm.dds' while the map was running.
      Loaded resource c:/Program Files (x86)/Steam/steamapps/common/Amnesia The Bunker/entities/bunker/gameplay/ammo_shotgun/ammo_shotgun_spec.dds in 1 ms
WARNING: Loaded resource '../../../../../ammo_shotgun/_submit/ammo_shotgun/prop/ammo_shotgun_spec.dds' while the map was running.
    Loaded resource c:/Program Files (x86)/Steam/steamapps/common/Amnesia The Bunker/entities/bunker/gameplay/ammo_shotgun/ammo_shotgun.mat in 8 ms
WARNING: Loaded resource 'entities/bunker/gameplay/ammo_shotgun/ammo_shotgun.mat' while the map was running.
  Loaded resource c:/Program Files (x86)/Steam/steamapps/common/Amnesia The Bunker/entities/bunker/gameplay/ammo_shotgun/ammo_shotgun_box.DAE in 8 ms
WARNING: Loaded resource 'ammo_shotgun_box.DAE' while the map was running.
  Loaded resource c:/Program Files (x86)/Steam/steamapps/common/Amnesia The Bunker/entities/bunker/gameplay/magnetlampe/magnetlampe_hand.ent in 0 ms
WARNING: Loaded resource 'magnetlampe_hand.ent' while the map was running.
    Loaded resource c:/Program Files (x86)/Steam/steamapps/common/Amnesia The Bunker/particles/dust/materials/dust_light_tiny_add_lampefade.mat in 0 ms
WARNING: Loaded resource 'particles/dust/materials/dust_light_tiny_add_lampefade.mat' while the map was running.
  Loaded resource c:/Program Files (x86)/Steam/steamapps/common/Amnesia The Bunker/particles/dust/dust_magnetlampe.ps in 0 ms
WARNING: Loaded resource 'D:/SVN Repositories/Bunker/redist/particles/dust/dust_magnetlampe.ps' while the map was running.
    Loaded resource c:/Program Files (x86)/Steam/steamapps/common/Amnesia The Bunker/entities/bunker/gameplay/magnetlampe/spinning_element_diffuse.dds in 0 ms
WARNING: Loaded resource 'entities/bunker/gameplay/magnetlampe/spinning_element_diffuse.dds' while the map was running.
  Loaded resource c:/Program Files (x86)/Steam/steamapps/common/Amnesia The Bunker/entities/bunker/gameplay/magnetlampe/spinning_element.mat in 1 ms
WARNING: Loaded resource 'D:/Work/bunker/redist/entities/bunker/gameplay/magnetlampe/spinning_element.mat' while the map was running.
  Loaded resource c:/Program Files (x86)/Steam/steamapps/common/Amnesia The Bunker/billboards/halo/lampglow_generic.mat in 0 ms
WARNING: Loaded resource 'D:/Work/bunker/redist/billboards/halo/lampglow_generic.mat' while the map was running.
    Loaded resource c:/Program Files (x86)/Steam/steamapps/common/Amnesia The Bunker/entities/bunker/gameplay/magnetlampe/spinning_blur.dds in 0 ms
WARNING: Loaded resource 'entities/bunker/gameplay/magnetlampe/spinning_blur.dds' while the map was running.
  Loaded resource c:/Program Files (x86)/Steam/steamapps/common/Amnesia The Bunker/entities/bunker/gameplay/magnetlampe/spinning_blur.mat in 1 ms
WARNING: Loaded resource 'D:/Work/bunker/redist/entities/bunker/gameplay/magnetlampe/spinning_blur.mat' while the map was running.
    Loaded resource c:/Program Files (x86)/Steam/steamapps/common/Amnesia The Bunker/billboards/halo/lampglow_cone01_portal_beam.dds in 0 ms
WARNING: Loaded resource 'billboards/halo/lampglow_cone01_portal_beam.dds' while the map was running.
  Loaded resource c:/Program Files (x86)/Steam/steamapps/common/Amnesia The Bunker/billboards/halo/lampglow_cone01_hard_color.mat in 0 ms
WARNING: Loaded resource 'D:/Work/bunker/redist/billboards/halo/lampglow_cone01_hard_color.mat' while the map was running.
    Loaded resource c:/Program Files (x86)/Steam/steamapps/common/Amnesia The Bunker/billboards/halo/lampglow_cone02.dds in 0 ms
WARNING: Loaded resource 'billboards/halo/lampglow_cone02.dds' while the map was running.
  Loaded resource c:/Program Files (x86)/Steam/steamapps/common/Amnesia The Bunker/billboards/halo/lampglow_cone02.mat in 0 ms
WARNING: Loaded resource 'D:/Work/bunker/redist/billboards/halo/lampglow_cone02.mat' while the map was running.
    Loaded resource c:/Program Files (x86)/Steam/steamapps/common/Amnesia The Bunker/billboards/halo/lampglow_cone01.dds in 1 ms
WARNING: Loaded resource 'billboards/halo/lampglow_cone01.dds' while the map was running.
  Loaded resource c:/Program Files (x86)/Steam/steamapps/common/Amnesia The Bunker/billboards/halo/lampglow_cone01_hard_noise.mat in 1 ms
WARNING: Loaded resource 'D:/bunker/redist/billboards/halo/lampglow_cone01_hard_noise.mat' while the map was running.
      Loaded resource c:/Program Files (x86)/Steam/steamapps/common/Amnesia The Bunker/entities/bunker/gameplay/magnetlampe/magnetlampe_steel_tiling_diffuse.dds in 0 ms
WARNING: Loaded resource 'mods/official_the_bunker/assets/entities/nonexclusive/gameplay/magnetlampe/magnetlampe_steel_tiling_diffuse.dds' while the map was running.
      Loaded resource c:/Program Files (x86)/Steam/steamapps/common/Amnesia The Bunker/entities/bunker/gameplay/magnetlampe/magnetlampe_steel_tiling_nrm.dds in 0 ms
WARNING: Loaded resource 'mods/official_the_bunker/assets/entities/nonexclusive/gameplay/magnetlampe/magnetlampe_steel_tiling_nrm.dds' while the map was running.
      Loaded resource c:/Program Files (x86)/Steam/steamapps/common/Amnesia The Bunker/entities/bunker/gameplay/magnetlampe/magnetlampe_steel_tiling_spec.dds in 1 ms
WARNING: Loaded resource 'mods/official_the_bunker/assets/entities/nonexclusive/gameplay/magnetlampe/magnetlampe_steel_tiling_spec.dds' while the map was running.
    Loaded resource c:/Program Files (x86)/Steam/steamapps/common/Amnesia The Bunker/entities/bunker/gameplay/magnetlampe/magnetlampe_steel_tiling.mat in 1 ms
WARNING: Loaded resource 'entities/bunker/gameplay/magnetlampe/magnetlampe_steel_tiling.mat' while the map was running.
      Loaded resource c:/Program Files (x86)/Steam/steamapps/common/Amnesia The Bunker/entities/bunker/gameplay/magnetlampe/magnetlampe_diffuse.dds in 1 ms
WARNING: Loaded resource 'entities/bunker/gameplay/magnetlampe/magnetlampe_diffuse.dds' while the map was running.
      Loaded resource c:/Program Files (x86)/Steam/steamapps/common/Amnesia The Bunker/entities/bunker/gameplay/magnetlampe/magnetlampe_nrm.dds in 2 ms
WARNING: Loaded resource 'entities/bunker/gameplay/magnetlampe/magnetlampe_nrm.dds' while the map was running.
      Loaded resource c:/Program Files (x86)/Steam/steamapps/common/Amnesia The Bunker/entities/bunker/gameplay/magnetlampe/magnetlampe_spec.dds in 2 ms
WARNING: Loaded resource 'entities/bunker/gameplay/magnetlampe/magnetlampe_spec.dds' while the map was running.
      Loaded resource c:/Program Files (x86)/Steam/steamapps/common/Amnesia The Bunker/entities/bunker/gameplay/magnetlampe/magnetlampe_illum.dds in 1 ms
WARNING: Loaded resource 'entities/bunker/gameplay/magnetlampe/magnetlampe_illum.dds' while the map was running.
    Loaded resource c:/Program Files (x86)/Steam/steamapps/common/Amnesia The Bunker/entities/bunker/gameplay/magnetlampe/magnetlampe.mat in 6 ms
WARNING: Loaded resource 'entities/bunker/gameplay/magnetlampe/magnetlampe.mat' while the map was running.
  Loaded resource c:/Program Files (x86)/Steam/steamapps/common/Amnesia The Bunker/entities/bunker/gameplay/magnetlampe/magnetlampe.fbx in 7 ms
WARNING: Loaded resource 'magnetlampe.fbx' while the map was running.
  Loaded resource c:/Program Files (x86)/Steam/steamapps/common/Amnesia The Bunker/entities/bunker/gameplay/magnetlampe/animations/magnetlampe_equip.fbx in 0 ms
WARNING: Loaded resource 'c:/Program Files (x86)/Steam/steamapps/common/Amnesia The Bunker/entities/bunker/gameplay/magnetlampe/animations/magnetlampe_equip.fbx' while the map was running.
  Loaded resource c:/Program Files (x86)/Steam/steamapps/common/Amnesia The Bunker/entities/bunker/gameplay/magnetlampe/animations/magnetlampe_idle.fbx in 0 ms
WARNING: Loaded resource 'c:/Program Files (x86)/Steam/steamapps/common/Amnesia The Bunker/entities/bunker/gameplay/magnetlampe/animations/magnetlampe_idle.fbx' while the map was running.
  Loaded resource c:/Program Files (x86)/Steam/steamapps/common/Amnesia The Bunker/entities/bunker/gameplay/magnetlampe/animations/magnetlampe_unequip.fbx in 0 ms
WARNING: Loaded resource 'c:/Program Files (x86)/Steam/steamapps/common/Amnesia The Bunker/entities/bunker/gameplay/magnetlampe/animations/magnetlampe_unequip.fbx' while the map was running.
  Loaded resource c:/Program Files (x86)/Steam/steamapps/common/Amnesia The Bunker/entities/bunker/gameplay/magnetlampe/animations/magnetlampe_chargeup_start.fbx in 0 ms
WARNING: Loaded resource 'c:/Program Files (x86)/Steam/steamapps/common/Amnesia The Bunker/entities/bunker/gameplay/magnetlampe/animations/magnetlampe_chargeup_start.fbx' while the map was running.
  Loaded resource c:/Program Files (x86)/Steam/steamapps/common/Amnesia The Bunker/entities/bunker/gameplay/magnetlampe/animations/magnetlampe_chargeup_end.fbx in 1 ms
WARNING: Loaded resource 'c:/Program Files (x86)/Steam/steamapps/common/Amnesia The Bunker/entities/bunker/gameplay/magnetlampe/animations/magnetlampe_chargeup_end.fbx' while the map was running.
  Loaded resource c:/Program Files (x86)/Steam/steamapps/common/Amnesia The Bunker/entities/bunker/gameplay/magnetlampe/animations/magnetlampe_chargeup_pull_1.fbx in 0 ms
WARNING: Loaded resource 'c:/Program Files (x86)/Steam/steamapps/common/Amnesia The Bunker/entities/bunker/gameplay/magnetlampe/animations/magnetlampe_chargeup_pull_1.fbx' while the map was running.
  Loaded resource c:/Program Files (x86)/Steam/steamapps/common/Amnesia The Bunker/entities/bunker/gameplay/magnetlampe/animations/magnetlampe_chargeup_pull_2.fbx in 0 ms
WARNING: Loaded resource 'c:/Program Files (x86)/Steam/steamapps/common/Amnesia The Bunker/entities/bunker/gameplay/magnetlampe/animations/magnetlampe_chargeup_pull_2.fbx' while the map was running.
  Loaded resource c:/Program Files (x86)/Steam/steamapps/common/Amnesia The Bunker/entities/bunker/gameplay/magnetlampe/animations/magnetlampe_chargeup_pull_3.fbx in 0 ms
WARNING: Loaded resource 'c:/Program Files (x86)/Steam/steamapps/common/Amnesia The Bunker/entities/bunker/gameplay/magnetlampe/animations/magnetlampe_chargeup_pull_3.fbx' while the map was running.
  Loaded resource c:/Program Files (x86)/Steam/steamapps/common/Amnesia The Bunker/entities/bunker/gameplay/magnetlampe/animations/magnetlampe_chargeup_gun_pull_1.fbx in 0 ms
WARNING: Loaded resource 'c:/Program Files (x86)/Steam/steamapps/common/Amnesia The Bunker/entities/bunker/gameplay/magnetlampe/animations/magnetlampe_chargeup_gun_pull_1.fbx' while the map was running.
  Loaded resource c:/Program Files (x86)/Steam/steamapps/common/Amnesia The Bunker/entities/bunker/gameplay/magnetlampe/animations/magnetlampe_chargeup_gun_pull_2.fbx in 0 ms
WARNING: Loaded resource 'c:/Program Files (x86)/Steam/steamapps/common/Amnesia The Bunker/entities/bunker/gameplay/magnetlampe/animations/magnetlampe_chargeup_gun_pull_2.fbx' while the map was running.
  Loaded resource c:/Program Files (x86)/Steam/steamapps/common/Amnesia The Bunker/entities/bunker/gameplay/magnetlampe/animations/magnetlampe_chargeup_gun_pull_3.fbx in 0 ms
WARNING: Loaded resource 'c:/Program Files (x86)/Steam/steamapps/common/Amnesia The Bunker/entities/bunker/gameplay/magnetlampe/animations/magnetlampe_chargeup_gun_pull_3.fbx' while the map was running.
  Loaded resource c:/Program Files (x86)/Steam/steamapps/common/Amnesia The Bunker/entities/bunker/gameplay/magnetlampe/animations/magnetlampe_chargeup_gun_start.fbx in 0 ms
WARNING: Loaded resource 'c:/Program Files (x86)/Steam/steamapps/common/Amnesia The Bunker/entities/bunker/gameplay/magnetlampe/animations/magnetlampe_chargeup_gun_start.fbx' while the map was running.
  Loaded resource c:/Program Files (x86)/Steam/steamapps/common/Amnesia The Bunker/entities/bunker/gameplay/magnetlampe/animations/magnetlampe_chargeup_gun_end.fbx in 0 ms
WARNING: Loaded resource 'c:/Program Files (x86)/Steam/steamapps/common/Amnesia The Bunker/entities/bunker/gameplay/magnetlampe/animations/magnetlampe_chargeup_gun_end.fbx' while the map was running.
  Loaded resource c:/Program Files (x86)/Steam/steamapps/common/Amnesia The Bunker/entities/bunker/gameplay/torch_stick/torch_stick_pickup.ent in 1 ms
WARNING: Loaded resource 'torch_stick_pickup.ent' while the map was running.
      Loaded resource c:/Program Files (x86)/Steam/steamapps/common/Amnesia The Bunker/entities/bunker/gameplay/torch_stick/torch_stick_diffuse.dds in 0 ms
WARNING: Loaded resource 'mods/official_the_bunker/assets/entities/bunker/gameplay/torch_stick/torch_stick_diffuse.dds' while the map was running.
      Loaded resource c:/Program Files (x86)/Steam/steamapps/common/Amnesia The Bunker/entities/bunker/gameplay/torch_stick/torch_stick_nrm.dds in 1 ms
WARNING: Loaded resource 'mods/official_the_bunker/assets/entities/bunker/gameplay/torch_stick/torch_stick_nrm.dds' while the map was running.
      Loaded resource c:/Program Files (x86)/Steam/steamapps/common/Amnesia The Bunker/entities/bunker/gameplay/torch_stick/torch_stick_spec.dds in 1 ms
WARNING: Loaded resource 'mods/official_the_bunker/assets/entities/bunker/gameplay/torch_stick/torch_stick_spec.dds' while the map was running.
    Loaded resource c:/Program Files (x86)/Steam/steamapps/common/Amnesia The Bunker/entities/bunker/gameplay/torch_stick/torch_stick.mat in 3 ms
WARNING: Loaded resource 'entities/bunker/gameplay/torch_stick/torch_stick.mat' while the map was running.
  Loaded resource c:/Program Files (x86)/Steam/steamapps/common/Amnesia The Bunker/entities/bunker/gameplay/torch_stick/torch_stick.dae in 3 ms
WARNING: Loaded resource 'torch_stick.dae' while the map was running.
  Loaded resource c:/Program Files (x86)/Steam/steamapps/common/Amnesia The Bunker/entities/bunker/gameplay/torch_stick/torch_lit_hand.ent in 0 ms
WARNING: Loaded resource 'torch_lit_hand.ent' while the map was running.
      Loaded resource c:/Program Files (x86)/Steam/steamapps/common/Amnesia The Bunker/particles/fire/materials/ember.dds in 1 ms
WARNING: Loaded resource 'particles/fire/materials/ember.dds' while the map was running.
    Loaded resource c:/Program Files (x86)/Steam/steamapps/common/Amnesia The Bunker/particles/fire/materials/ember_add.mat in 1 ms
WARNING: Loaded resource 'particles/fire/materials/ember_add.mat' while the map was running.
  Loaded resource c:/Program Files (x86)/Steam/steamapps/common/Amnesia The Bunker/particles/torch_fire.ps in 1 ms
WARNING: Loaded resource 'C:/Users/aaron/Documents/Work/Amnesia2/trunk/redist/mods/official_the_bunker/assets/particles/torch_fire.ps' while the map was running.
  Loaded resource c:/Program Files (x86)/Steam/steamapps/common/Amnesia The Bunker/billboards/halo/lampglow_large_no_depth.mat in 0 ms
WARNING: Loaded resource 'C:/Users/aaron/Documents/Work/bunker/redist/billboards/halo/lampglow_large_no_depth.mat' while the map was running.
      Loaded resource c:/Program Files (x86)/Steam/steamapps/common/Amnesia The Bunker/billboards/special/torch_flame/torch_flame_001.dds in 19 ms
WARNING: Loaded resource 'billboards/special/torch_flame/torch_flame_001.dds' while the map was running.
    Loaded resource c:/Program Files (x86)/Steam/steamapps/common/Amnesia The Bunker/billboards/special/torch_flame/torch_flame.mat in 19 ms
WARNING: Loaded resource 'entities/bunker/gameplay/torch_stick/torch_flame.mat' while the map was running.
WARNING: More than 4 bones on a vertex in submesh 'm_flame_Z' in mesh 'torch_with_flame_strips.msh' !
WARNING: More than 4 bones on a vertex in submesh 'm_flame_X' in mesh 'torch_with_flame_strips.msh' !
  Loaded resource c:/Program Files (x86)/Steam/steamapps/common/Amnesia The Bunker/entities/bunker/gameplay/torch_stick/torch_with_flame_strips.fbx in 20 ms
WARNING: Loaded resource 'torch_with_flame_strips.fbx' while the map was running.
  Loaded resource c:/Program Files (x86)/Steam/steamapps/common/Amnesia The Bunker/billboards/special/torch_flame/torch_flame_sway_29fps.mat in 0 ms
WARNING: Loaded resource 'billboards/special/torch_flame/torch_flame_sway_29fps.mat' while the map was running.
  Loaded resource c:/Program Files (x86)/Steam/steamapps/common/Amnesia The Bunker/billboards/special/torch_flame/torch_flame_sway_32fps.mat in 0 ms
WARNING: Loaded resource 'billboards/special/torch_flame/torch_flame_sway_32fps.mat' while the map was running.
    Loaded resource c:/Program Files (x86)/Steam/steamapps/common/Amnesia The Bunker/entities/bunker/gameplay/torch_stick/torch_fuel_burn/torch_fuel_burn_0001.dds in 9 ms
WARNING: Loaded resource 'entities/bunker/gameplay/torch_stick/torch_fuel_burn/torch_fuel_burn_0001.dds' while the map was running.
  Loaded resource c:/Program Files (x86)/Steam/steamapps/common/Amnesia The Bunker/entities/bunker/gameplay/torch_stick/torch_stick_rag_lit.mat in 9 ms
WARNING: Loaded resource 'entities/bunker/gameplay/torch_stick/torch_stick_rag_lit.mat' while the map was running.
  Loaded resource c:/Program Files (x86)/Steam/steamapps/common/Amnesia The Bunker/entities/bunker/gameplay/torch_stick/Animations/torch_idle.fbx in 0 ms
WARNING: Loaded resource 'c:/Program Files (x86)/Steam/steamapps/common/Amnesia The Bunker/entities/bunker/gameplay/torch_stick/Animations/torch_idle.fbx' while the map was running.
  Loaded resource c:/Program Files (x86)/Steam/steamapps/common/Amnesia The Bunker/entities/bunker/gameplay/torch_stick/Animations/torch_aim.fbx in 0 ms
WARNING: Loaded resource 'c:/Program Files (x86)/Steam/steamapps/common/Amnesia The Bunker/entities/bunker/gameplay/torch_stick/Animations/torch_aim.fbx' while the map was running.
  Loaded resource c:/Program Files (x86)/Steam/steamapps/common/Amnesia The Bunker/entities/bunker/gameplay/torch_stick/Animations/torch_aim_end.fbx in 0 ms
WARNING: Loaded resource 'c:/Program Files (x86)/Steam/steamapps/common/Amnesia The Bunker/entities/bunker/gameplay/torch_stick/Animations/torch_aim_end.fbx' while the map was running.
  Loaded resource c:/Program Files (x86)/Steam/steamapps/common/Amnesia The Bunker/entities/bunker/gameplay/torch_stick/Animations/torch_aim_start.fbx in 0 ms
WARNING: Loaded resource 'c:/Program Files (x86)/Steam/steamapps/common/Amnesia The Bunker/entities/bunker/gameplay/torch_stick/Animations/torch_aim_start.fbx' while the map was running.
  Loaded resource c:/Program Files (x86)/Steam/steamapps/common/Amnesia The Bunker/entities/bunker/gameplay/torch_stick/Animations/torch_drop.fbx in 0 ms
WARNING: Loaded resource 'c:/Program Files (x86)/Steam/steamapps/common/Amnesia The Bunker/entities/bunker/gameplay/torch_stick/Animations/torch_drop.fbx' while the map was running.
  Loaded resource c:/Program Files (x86)/Steam/steamapps/common/Amnesia The Bunker/entities/bunker/gameplay/torch_stick/Animations/torch_equip.fbx in 1 ms
WARNING: Loaded resource 'c:/Program Files (x86)/Steam/steamapps/common/Amnesia The Bunker/entities/bunker/gameplay/torch_stick/Animations/torch_equip.fbx' while the map was running.
  Loaded resource c:/Program Files (x86)/Steam/steamapps/common/Amnesia The Bunker/entities/bunker/gameplay/torch_stick/Animations/torch_holster.fbx in 0 ms
WARNING: Loaded resource 'c:/Program Files (x86)/Steam/steamapps/common/Amnesia The Bunker/entities/bunker/gameplay/torch_stick/Animations/torch_holster.fbx' while the map was running.
  Loaded resource c:/Program Files (x86)/Steam/steamapps/common/Amnesia The Bunker/entities/bunker/gameplay/torch_stick/Animations/torch_wave_1.fbx in 0 ms
WARNING: Loaded resource 'c:/Program Files (x86)/Steam/steamapps/common/Amnesia The Bunker/entities/bunker/gameplay/torch_stick/Animations/torch_wave_1.fbx' while the map was running.
  Loaded resource c:/Program Files (x86)/Steam/steamapps/common/Amnesia The Bunker/entities/bunker/gameplay/torch_stick/Animations/torch_wave_2.fbx in 0 ms
WARNING: Loaded resource 'c:/Program Files (x86)/Steam/steamapps/common/Amnesia The Bunker/entities/bunker/gameplay/torch_stick/Animations/torch_wave_2.fbx' while the map was running.
  Loaded resource c:/Program Files (x86)/Steam/steamapps/common/Amnesia The Bunker/entities/bunker/gameplay/torch_stick/Animations/torch_wave_3.fbx in 0 ms
WARNING: Loaded resource 'c:/Program Files (x86)/Steam/steamapps/common/Amnesia The Bunker/entities/bunker/gameplay/torch_stick/Animations/torch_wave_3.fbx' while the map was running.
  Loaded resource c:/Program Files (x86)/Steam/steamapps/common/Amnesia The Bunker/entities/bunker/gameplay/torch_stick/Animations/torch_wave_end.fbx in 0 ms
WARNING: Loaded resource 'c:/Program Files (x86)/Steam/steamapps/common/Amnesia The Bunker/entities/bunker/gameplay/torch_stick/Animations/torch_wave_end.fbx' while the map was running.
  Loaded resource c:/Program Files (x86)/Steam/steamapps/common/Amnesia The Bunker/entities/bunker/gameplay/torch_stick/torch_pickup.ent in 0 ms
WARNING: Loaded resource 'torch_pickup.ent' while the map was running.
ERROR: Couldn't create material 'entities/bunker/gameplay/torch_stick/torch_stick_diffuse.mat'
ERROR: Couldn't create material 'entities/bunker/gameplay/torch_stick/torch_stick_diffuse.mat'
  Loaded resource c:/Program Files (x86)/Steam/steamapps/common/Amnesia The Bunker/entities/bunker/gameplay/torch_stick/torch_with_rag.fbx in 1 ms
WARNING: Loaded resource 'torch_with_rag.fbx' while the map was running.
  Loaded resource c:/Program Files (x86)/Steam/steamapps/common/Amnesia The Bunker/entities/bunker/gameplay/stopwatch/stopwatch_hand.ent in 0 ms
WARNING: Loaded resource 'stopwatch_hand.ent' while the map was running.
      Loaded resource c:/Program Files (x86)/Steam/steamapps/common/Amnesia The Bunker/entities/bunker/gameplay/stopwatch/stopwatch.dds in 1 ms
WARNING: Loaded resource 'c:/Program Files (x86)/Steam/steamapps/common/Amnesia The Bunker/entities/bunker/gameplay/stopwatch/stopwatch.dds' while the map was running.
      Loaded resource c:/Program Files (x86)/Steam/steamapps/common/Amnesia The Bunker/entities/bunker/gameplay/stopwatch/stopwatch_nrm.dds in 1 ms
WARNING: Loaded resource 'c:/Program Files (x86)/Steam/steamapps/common/Amnesia The Bunker/entities/bunker/gameplay/stopwatch/stopwatch_nrm.dds' while the map was running.
      Loaded resource c:/Program Files (x86)/Steam/steamapps/common/Amnesia The Bunker/entities/bunker/gameplay/stopwatch/stopwatch_spec.dds in 1 ms
WARNING: Loaded resource 'c:/Program Files (x86)/Steam/steamapps/common/Amnesia The Bunker/entities/bunker/gameplay/stopwatch/stopwatch_spec.dds' while the map was running.
    Loaded resource c:/Program Files (x86)/Steam/steamapps/common/Amnesia The Bunker/entities/bunker/gameplay/stopwatch/stopwatch.mat in 3 ms
WARNING: Loaded resource 'entities/bunker/gameplay/stopwatch/stopwatch.mat' while the map was running.
  Loaded resource c:/Program Files (x86)/Steam/steamapps/common/Amnesia The Bunker/entities/bunker/gameplay/stopwatch/stopwatch.fbx in 3 ms
WARNING: Loaded resource 'stopwatch.fbx' while the map was running.
  Loaded resource c:/Program Files (x86)/Steam/steamapps/common/Amnesia The Bunker/entities/bunker/gameplay/stopwatch/animations/stopwatch_equip.fbx in 0 ms
WARNING: Loaded resource 'c:/Program Files (x86)/Steam/steamapps/common/Amnesia The Bunker/entities/bunker/gameplay/stopwatch/animations/stopwatch_equip.fbx' while the map was running.
  Loaded resource c:/Program Files (x86)/Steam/steamapps/common/Amnesia The Bunker/entities/bunker/gameplay/stopwatch/animations/stopwatch_equip_click.fbx in 0 ms
WARNING: Loaded resource 'c:/Program Files (x86)/Steam/steamapps/common/Amnesia The Bunker/entities/bunker/gameplay/stopwatch/animations/stopwatch_equip_click.fbx' while the map was running.
  Loaded resource c:/Program Files (x86)/Steam/steamapps/common/Amnesia The Bunker/entities/bunker/gameplay/stopwatch/animations/stopwatch_focus_click.fbx in 0 ms
WARNING: Loaded resource 'c:/Program Files (x86)/Steam/steamapps/common/Amnesia The Bunker/entities/bunker/gameplay/stopwatch/animations/stopwatch_focus_click.fbx' while the map was running.
  Loaded resource c:/Program Files (x86)/Steam/steamapps/common/Amnesia The Bunker/entities/bunker/gameplay/stopwatch/animations/stopwatch_holster.fbx in 0 ms
WARNING: Loaded resource 'c:/Program Files (x86)/Steam/steamapps/common/Amnesia The Bunker/entities/bunker/gameplay/stopwatch/animations/stopwatch_holster.fbx' while the map was running.
  Loaded resource c:/Program Files (x86)/Steam/steamapps/common/Amnesia The Bunker/entities/bunker/gameplay/stopwatch/animations/stopwatch_idle.fbx in 0 ms
WARNING: Loaded resource 'c:/Program Files (x86)/Steam/steamapps/common/Amnesia The Bunker/entities/bunker/gameplay/stopwatch/animations/stopwatch_idle.fbx' while the map was running.
  Loaded resource c:/Program Files (x86)/Steam/steamapps/common/Amnesia The Bunker/entities/bunker/gameplay/stopwatch/animations/stopwatch_idle_click.fbx in 1 ms
WARNING: Loaded resource 'c:/Program Files (x86)/Steam/steamapps/common/Amnesia The Bunker/entities/bunker/gameplay/stopwatch/animations/stopwatch_idle_click.fbx' while the map was running.
  Loaded resource c:/Program Files (x86)/Steam/steamapps/common/Amnesia The Bunker/entities/bunker/gameplay/stopwatch/animations/stopwatch_wind_and_click.fbx in 0 ms
WARNING: Loaded resource 'c:/Program Files (x86)/Steam/steamapps/common/Amnesia The Bunker/entities/bunker/gameplay/stopwatch/animations/stopwatch_wind_and_click.fbx' while the map was running.
  Loaded resource c:/Program Files (x86)/Steam/steamapps/common/Amnesia The Bunker/entities/bunker/gameplay/grenade/grenade_hand.ent in 0 ms
WARNING: Loaded resource 'grenade_hand.ent' while the map was running.
      Loaded resource c:/Program Files (x86)/Steam/steamapps/common/Amnesia The Bunker/entities/arabic_fort/special/02_03_grenade/grenade.dds in 1 ms
WARNING: Loaded resource 'entities/arabic_fort/special/02_03_grenade/grenade.dds' while the map was running.
      Loaded resource c:/Program Files (x86)/Steam/steamapps/common/Amnesia The Bunker/entities/arabic_fort/special/02_03_grenade/grenade_nrm.dds in 1 ms
WARNING: Loaded resource 'entities/arabic_fort/special/02_03_grenade/grenade_nrm.dds' while the map was running.
      Loaded resource c:/Program Files (x86)/Steam/steamapps/common/Amnesia The Bunker/entities/arabic_fort/special/02_03_grenade/grenade_spec.dds in 1 ms
WARNING: Loaded resource 'entities/arabic_fort/special/02_03_grenade/grenade_spec.dds' while the map was running.
    Loaded resource c:/Program Files (x86)/Steam/steamapps/common/Amnesia The Bunker/entities/arabic_fort/special/02_03_grenade/grenade.mat in 3 ms
WARNING: Loaded resource 'entities/bunker/gameplay/grenade/grenade.mat' while the map was running.
      Loaded resource c:/Program Files (x86)/Steam/steamapps/common/Amnesia The Bunker/entities/bunker/gameplay/grenade_of1/grenade_of1.dds in 0 ms
WARNING: Loaded resource 'c:/Program Files (x86)/Steam/steamapps/common/Amnesia The Bunker/entities/bunker/gameplay/grenade_of1/grenade_of1.dds' while the map was running.
      Loaded resource c:/Program Files (x86)/Steam/steamapps/common/Amnesia The Bunker/entities/bunker/gameplay/grenade_of1/grenade_of1_nrm.dds in 1 ms
WARNING: Loaded resource 'c:/Program Files (x86)/Steam/steamapps/common/Amnesia The Bunker/entities/bunker/gameplay/grenade_of1/grenade_of1_nrm.dds' while the map was running.
      Loaded resource c:/Program Files (x86)/Steam/steamapps/common/Amnesia The Bunker/entities/bunker/gameplay/grenade_of1/grenade_of1_spec.dds in 0 ms
WARNING: Loaded resource 'c:/Program Files (x86)/Steam/steamapps/common/Amnesia The Bunker/entities/bunker/gameplay/grenade_of1/grenade_of1_spec.dds' while the map was running.
    Loaded resource c:/Program Files (x86)/Steam/steamapps/common/Amnesia The Bunker/entities/bunker/gameplay/grenade_of1/grenade_of1.mat in 2 ms
WARNING: Loaded resource 'entities/bunker/gameplay/grenade/grenade_of1.mat' while the map was running.
  Loaded resource c:/Program Files (x86)/Steam/steamapps/common/Amnesia The Bunker/entities/bunker/gameplay/grenade/grenade_frag.fbx in 5 ms
WARNING: Loaded resource 'grenade_frag.fbx' while the map was running.
  Loaded resource c:/Program Files (x86)/Steam/steamapps/common/Amnesia The Bunker/entities/bunker/gameplay/grenade/Animations/grenade_equip.fbx in 0 ms
WARNING: Loaded resource 'c:/Program Files (x86)/Steam/steamapps/common/Amnesia The Bunker/entities/bunker/gameplay/grenade/Animations/grenade_equip.fbx' while the map was running.
  Loaded resource c:/Program Files (x86)/Steam/steamapps/common/Amnesia The Bunker/entities/bunker/gameplay/grenade/Animations/grenade_focus_end.fbx in 0 ms
WARNING: Loaded resource 'c:/Program Files (x86)/Steam/steamapps/common/Amnesia The Bunker/entities/bunker/gameplay/grenade/Animations/grenade_focus_end.fbx' while the map was running.
  Loaded resource c:/Program Files (x86)/Steam/steamapps/common/Amnesia The Bunker/entities/bunker/gameplay/grenade/Animations/grenade_focus_idle.fbx in 1 ms
WARNING: Loaded resource 'c:/Program Files (x86)/Steam/steamapps/common/Amnesia The Bunker/entities/bunker/gameplay/grenade/Animations/grenade_focus_idle.fbx' while the map was running.
  Loaded resource c:/Program Files (x86)/Steam/steamapps/common/Amnesia The Bunker/entities/bunker/gameplay/grenade/Animations/grenade_focus_start.fbx in 0 ms
WARNING: Loaded resource 'c:/Program Files (x86)/Steam/steamapps/common/Amnesia The Bunker/entities/bunker/gameplay/grenade/Animations/grenade_focus_start.fbx' while the map was running.
  Loaded resource c:/Program Files (x86)/Steam/steamapps/common/Amnesia The Bunker/entities/bunker/gameplay/grenade/Animations/grenade_holster.fbx in 0 ms
WARNING: Loaded resource 'c:/Program Files (x86)/Steam/steamapps/common/Amnesia The Bunker/entities/bunker/gameplay/grenade/Animations/grenade_holster.fbx' while the map was running.
  Loaded resource c:/Program Files (x86)/Steam/steamapps/common/Amnesia The Bunker/entities/bunker/gameplay/grenade/Animations/grenade_idle.fbx in 0 ms
WARNING: Loaded resource 'c:/Program Files (x86)/Steam/steamapps/common/Amnesia The Bunker/entities/bunker/gameplay/grenade/Animations/grenade_idle.fbx' while the map was running.
  Loaded resource c:/Program Files (x86)/Steam/steamapps/common/Amnesia The Bunker/entities/bunker/gameplay/grenade/Animations/grenade_throw.fbx in 0 ms
WARNING: Loaded resource 'c:/Program Files (x86)/Steam/steamapps/common/Amnesia The Bunker/entities/bunker/gameplay/grenade/Animations/grenade_throw.fbx' while the map was running.
  Loaded resource c:/Program Files (x86)/Steam/steamapps/common/Amnesia The Bunker/entities/bunker/gameplay/grenade/grenade_pickup.ent in 0 ms
WARNING: Loaded resource 'grenade_pickup.ent' while the map was running.
  Loaded resource c:/Program Files (x86)/Steam/steamapps/common/Amnesia The Bunker/entities/bunker/gameplay/grenade/grenade_static.dae in 1 ms
WARNING: Loaded resource 'grenade_static.dae' while the map was running.
  Loaded resource c:/Program Files (x86)/Steam/steamapps/common/Amnesia The Bunker/entities/bunker/gameplay/gas_grenade/gas_grenade_hand.ent in 0 ms
WARNING: Loaded resource 'gas_grenade_hand.ent' while the map was running.
      Loaded resource c:/Program Files (x86)/Steam/steamapps/common/Amnesia The Bunker/entities/bunker/gameplay/gas_grenade/gas_grenade.dds in 2 ms
WARNING: Loaded resource '../../../../../Gas Grenade/gas_grenade/gas_grenade/gas_grenade/gas_grenade.dds' while the map was running.
      Loaded resource c:/Program Files (x86)/Steam/steamapps/common/Amnesia The Bunker/entities/bunker/gameplay/gas_grenade/gas_grenade_nrm.dds in 4 ms
WARNING: Loaded resource '../../../../../Gas Grenade/gas_grenade/gas_grenade/gas_grenade/gas_grenade_nrm.dds' while the map was running.
      Loaded resource c:/Program Files (x86)/Steam/steamapps/common/Amnesia The Bunker/entities/bunker/gameplay/gas_grenade/gas_grenade_Spec.dds in 4 ms
WARNING: Loaded resource '../../../../../Gas Grenade/gas_grenade/gas_grenade/gas_grenade/gas_grenade_Spec.dds' while the map was running.
    Loaded resource c:/Program Files (x86)/Steam/steamapps/common/Amnesia The Bunker/entities/bunker/gameplay/gas_grenade/gas_grenade.mat in 10 ms
WARNING: Loaded resource 'entities/bunker/gameplay/gas_grenade/gas_grenade.mat' while the map was running.
  Loaded resource c:/Program Files (x86)/Steam/steamapps/common/Amnesia The Bunker/entities/bunker/gameplay/gas_grenade/gas_grenade.fbx in 11 ms
WARNING: Loaded resource 'gas_grenade.fbx' while the map was running.
  Loaded resource c:/Program Files (x86)/Steam/steamapps/common/Amnesia The Bunker/entities/bunker/gameplay/gas_grenade/animations/gas_grenade_equip.fbx in 0 ms
WARNING: Loaded resource 'c:/Program Files (x86)/Steam/steamapps/common/Amnesia The Bunker/entities/bunker/gameplay/gas_grenade/animations/gas_grenade_equip.fbx' while the map was running.
  Loaded resource c:/Program Files (x86)/Steam/steamapps/common/Amnesia The Bunker/entities/bunker/gameplay/gas_grenade/animations/gas_grenade_holster.fbx in 0 ms
WARNING: Loaded resource 'c:/Program Files (x86)/Steam/steamapps/common/Amnesia The Bunker/entities/bunker/gameplay/gas_grenade/animations/gas_grenade_holster.fbx' while the map was running.
  Loaded resource c:/Program Files (x86)/Steam/steamapps/common/Amnesia The Bunker/entities/bunker/gameplay/gas_grenade/animations/gas_grenade_idle.fbx in 0 ms
WARNING: Loaded resource 'c:/Program Files (x86)/Steam/steamapps/common/Amnesia The Bunker/entities/bunker/gameplay/gas_grenade/animations/gas_grenade_idle.fbx' while the map was running.
  Loaded resource c:/Program Files (x86)/Steam/steamapps/common/Amnesia The Bunker/entities/bunker/gameplay/gas_grenade/animations/gas_grenade_throw.fbx in 0 ms
WARNING: Loaded resource 'c:/Program Files (x86)/Steam/steamapps/common/Amnesia The Bunker/entities/bunker/gameplay/gas_grenade/animations/gas_grenade_throw.fbx' while the map was running.
  Loaded resource c:/Program Files (x86)/Steam/steamapps/common/Amnesia The Bunker/entities/bunker/gameplay/gas_grenade/animations/gas_grenade_focus_end.fbx in 0 ms
WARNING: Loaded resource 'c:/Program Files (x86)/Steam/steamapps/common/Amnesia The Bunker/entities/bunker/gameplay/gas_grenade/animations/gas_grenade_focus_end.fbx' while the map was running.
  Loaded resource c:/Program Files (x86)/Steam/steamapps/common/Amnesia The Bunker/entities/bunker/gameplay/gas_grenade/animations/gas_grenade_focus_idle.fbx in 0 ms
WARNING: Loaded resource 'c:/Program Files (x86)/Steam/steamapps/common/Amnesia The Bunker/entities/bunker/gameplay/gas_grenade/animations/gas_grenade_focus_idle.fbx' while the map was running.
  Loaded resource c:/Program Files (x86)/Steam/steamapps/common/Amnesia The Bunker/entities/bunker/gameplay/gas_grenade/animations/gas_grenade_focus_start.fbx in 0 ms
WARNING: Loaded resource 'c:/Program Files (x86)/Steam/steamapps/common/Amnesia The Bunker/entities/bunker/gameplay/gas_grenade/animations/gas_grenade_focus_start.fbx' while the map was running.
  Loaded resource c:/Program Files (x86)/Steam/steamapps/common/Amnesia The Bunker/entities/bunker/gameplay/gas_grenade/gas_grenade_pickup.ent in 0 ms
WARNING: Loaded resource 'gas_grenade_pickup.ent' while the map was running.
  Loaded resource c:/Program Files (x86)/Steam/steamapps/common/Amnesia The Bunker/entities/bunker/gameplay/gas_grenade/gas_grenade_pickup.dae in 0 ms
WARNING: Loaded resource 'gas_grenade_pickup.dae' while the map was running.
  Loaded resource c:/Program Files (x86)/Steam/steamapps/common/Amnesia The Bunker/entities/bunker/gameplay/chain_cutters/chain_cutters_hand.ent in 0 ms
WARNING: Loaded resource 'chain_cutters_hand.ent' while the map was running.
ERROR: Couldn't create material 'entities/bunker/gameplay/chain_cutters/ArtBully_Project_.mat'
ERROR: Couldn't create material 'entities/bunker/gameplay/chain_cutters/ArtBully_Project_.mat'
  Loaded resource c:/Program Files (x86)/Steam/steamapps/common/Amnesia The Bunker/entities/bunker/gameplay/chain_cutters/cutter_model.fbx in 1 ms
WARNING: Loaded resource 'cutter_model.fbx' while the map was running.
    Loaded resource c:/Program Files (x86)/Steam/steamapps/common/Amnesia The Bunker/entities/bunker/gameplay/chain_cutters/chain_cutters.dds in 0 ms
WARNING: Loaded resource 'c:/Program Files (x86)/Steam/steamapps/common/Amnesia The Bunker/entities/bunker/gameplay/chain_cutters/chain_cutters.dds' while the map was running.
    Loaded resource c:/Program Files (x86)/Steam/steamapps/common/Amnesia The Bunker/entities/bunker/gameplay/chain_cutters/chain_cutters_nrm.dds in 1 ms
WARNING: Loaded resource 'c:/Program Files (x86)/Steam/steamapps/common/Amnesia The Bunker/entities/bunker/gameplay/chain_cutters/chain_cutters_nrm.dds' while the map was running.
    Loaded resource c:/Program Files (x86)/Steam/steamapps/common/Amnesia The Bunker/entities/bunker/gameplay/chain_cutters/chain_cutters_spec.dds in 1 ms
WARNING: Loaded resource 'c:/Program Files (x86)/Steam/steamapps/common/Amnesia The Bunker/entities/bunker/gameplay/chain_cutters/chain_cutters_spec.dds' while the map was running.
  Loaded resource c:/Program Files (x86)/Steam/steamapps/common/Amnesia The Bunker/entities/bunker/gameplay/chain_cutters/chain_cutters.mat in 2 ms
WARNING: Loaded resource 'entities/bunker/gameplay/chain_cutters/chain_cutters.mat' while the map was running.
  Loaded resource c:/Program Files (x86)/Steam/steamapps/common/Amnesia The Bunker/entities/bunker/gameplay/chain_cutters/animations/cutter_idle.fbx in 0 ms
WARNING: Loaded resource 'c:/Program Files (x86)/Steam/steamapps/common/Amnesia The Bunker/entities/bunker/gameplay/chain_cutters/animations/cutter_idle.fbx' while the map was running.
  Loaded resource c:/Program Files (x86)/Steam/steamapps/common/Amnesia The Bunker/entities/bunker/gameplay/chain_cutters/animations/cutter_cut_air.fbx in 0 ms
WARNING: Loaded resource 'c:/Program Files (x86)/Steam/steamapps/common/Amnesia The Bunker/entities/bunker/gameplay/chain_cutters/animations/cutter_cut_air.fbx' while the map was running.
  Loaded resource c:/Program Files (x86)/Steam/steamapps/common/Amnesia The Bunker/entities/bunker/gameplay/chain_cutters/animations/cutter_cut_chain_1.fbx in 0 ms
WARNING: Loaded resource 'c:/Program Files (x86)/Steam/steamapps/common/Amnesia The Bunker/entities/bunker/gameplay/chain_cutters/animations/cutter_cut_chain_1.fbx' while the map was running.
  Loaded resource c:/Program Files (x86)/Steam/steamapps/common/Amnesia The Bunker/entities/bunker/gameplay/chain_cutters/animations/cutter_cut_padlock.fbx in 0 ms
WARNING: Loaded resource 'c:/Program Files (x86)/Steam/steamapps/common/Amnesia The Bunker/entities/bunker/gameplay/chain_cutters/animations/cutter_cut_padlock.fbx' while the map was running.
  Loaded resource c:/Program Files (x86)/Steam/steamapps/common/Amnesia The Bunker/entities/bunker/gameplay/chain_cutters/chain_cutters_pickup.ent in 0 ms
WARNING: Loaded resource 'chain_cutters_pickup.ent' while the map was running.
  Loaded resource c:/Program Files (x86)/Steam/steamapps/common/Amnesia The Bunker/entities/bunker/gameplay/chain_cutters/chain_cutters.DAE in 1 ms
WARNING: Loaded resource 'chain_cutters.DAE' while the map was running.
  Loaded resource c:/Program Files (x86)/Steam/steamapps/common/Amnesia The Bunker/entities/bunker/gameplay/wrench/wrench_hand.ent in 0 ms
WARNING: Loaded resource 'wrench_hand.ent' while the map was running.
      Loaded resource c:/Program Files (x86)/Steam/steamapps/common/Amnesia The Bunker/entities/bunker/gameplay/ratchet_spanner/ratchet_spanner.dds in 1 ms
WARNING: Loaded resource '../../../../../Ratchet Spanner/submit/03092021_ratchet _spanner_blockout/ratchet_spanner/ratchet_spanner/ratchet_spanner/ratchet_spanner.dds' while the map was running.
      Loaded resource c:/Program Files (x86)/Steam/steamapps/common/Amnesia The Bunker/entities/bunker/gameplay/ratchet_spanner/ratchet_spanner_nrm.dds in 1 ms
WARNING: Loaded resource '../../../../../Ratchet Spanner/submit/03092021_ratchet _spanner_blockout/ratchet_spanner/ratchet_spanner/ratchet_spanner/ratchet_spanner_nrm.dds' while the map was running.
      Loaded resource c:/Program Files (x86)/Steam/steamapps/common/Amnesia The Bunker/entities/bunker/gameplay/ratchet_spanner/ratchet_spanner_Spec.dds in 1 ms
WARNING: Loaded resource '../../../../../Ratchet Spanner/submit/03092021_ratchet _spanner_blockout/ratchet_spanner/ratchet_spanner/ratchet_spanner/ratchet_spanner_Spec.dds' while the map was running.
    Loaded resource c:/Program Files (x86)/Steam/steamapps/common/Amnesia The Bunker/entities/bunker/gameplay/ratchet_spanner/ratchet_spanner.mat in 3 ms
WARNING: Loaded resource 'entities/bunker/gameplay/ratchet_spanner/ratchet_spanner.mat' while the map was running.
  Loaded resource c:/Program Files (x86)/Steam/steamapps/common/Amnesia The Bunker/entities/bunker/gameplay/ratchet_spanner/ratchet_spanner_hand.fbx in 3 ms
WARNING: Loaded resource 'ratchet_spanner_hand.fbx' while the map was running.
  Loaded resource c:/Program Files (x86)/Steam/steamapps/common/Amnesia The Bunker/entities/bunker/gameplay/wrench/Animations/wrench_equip.fbx in 0 ms
WARNING: Loaded resource 'c:/Program Files (x86)/Steam/steamapps/common/Amnesia The Bunker/entities/bunker/gameplay/wrench/Animations/wrench_equip.fbx' while the map was running.
  Loaded resource c:/Program Files (x86)/Steam/steamapps/common/Amnesia The Bunker/entities/bunker/gameplay/wrench/Animations/wrench_focus_end.fbx in 0 ms
WARNING: Loaded resource 'c:/Program Files (x86)/Steam/steamapps/common/Amnesia The Bunker/entities/bunker/gameplay/wrench/Animations/wrench_focus_end.fbx' while the map was running.
  Loaded resource c:/Program Files (x86)/Steam/steamapps/common/Amnesia The Bunker/entities/bunker/gameplay/wrench/Animations/wrench_focus_idle.fbx in 0 ms
WARNING: Loaded resource 'c:/Program Files (x86)/Steam/steamapps/common/Amnesia The Bunker/entities/bunker/gameplay/wrench/Animations/wrench_focus_idle.fbx' while the map was running.
  Loaded resource c:/Program Files (x86)/Steam/steamapps/common/Amnesia The Bunker/entities/bunker/gameplay/wrench/Animations/wrench_focus_start.fbx in 0 ms
WARNING: Loaded resource 'c:/Program Files (x86)/Steam/steamapps/common/Amnesia The Bunker/entities/bunker/gameplay/wrench/Animations/wrench_focus_start.fbx' while the map was running.
  Loaded resource c:/Program Files (x86)/Steam/steamapps/common/Amnesia The Bunker/entities/bunker/gameplay/wrench/Animations/wrench_holster.fbx in 1 ms
WARNING: Loaded resource 'c:/Program Files (x86)/Steam/steamapps/common/Amnesia The Bunker/entities/bunker/gameplay/wrench/Animations/wrench_holster.fbx' while the map was running.
  Loaded resource c:/Program Files (x86)/Steam/steamapps/common/Amnesia The Bunker/entities/bunker/gameplay/wrench/Animations/wrench_idle.fbx in 0 ms
WARNING: Loaded resource 'c:/Program Files (x86)/Steam/steamapps/common/Amnesia The Bunker/entities/bunker/gameplay/wrench/Animations/wrench_idle.fbx' while the map was running.
  Loaded resource c:/Program Files (x86)/Steam/steamapps/common/Amnesia The Bunker/entities/bunker/gameplay/wrench/Animations/wrench_rtu_noaction.fbx in 0 ms
WARNING: Loaded resource 'c:/Program Files (x86)/Steam/steamapps/common/Amnesia The Bunker/entities/bunker/gameplay/wrench/Animations/wrench_rtu_noaction.fbx' while the map was running.
  Loaded resource c:/Program Files (x86)/Steam/steamapps/common/Amnesia The Bunker/entities/bunker/gameplay/wrench/Animations/wrench_unscrew_x2_bolt.fbx in 0 ms
WARNING: Loaded resource 'c:/Program Files (x86)/Steam/steamapps/common/Amnesia The Bunker/entities/bunker/gameplay/wrench/Animations/wrench_unscrew_x2_bolt.fbx' while the map was running.
  Loaded resource c:/Program Files (x86)/Steam/steamapps/common/Amnesia The Bunker/entities/bunker/gameplay/wrench/Animations/wrench_unscrew_x3_bolt.fbx in 0 ms
WARNING: Loaded resource 'c:/Program Files (x86)/Steam/steamapps/common/Amnesia The Bunker/entities/bunker/gameplay/wrench/Animations/wrench_unscrew_x3_bolt.fbx' while the map was running.
  Loaded resource c:/Program Files (x86)/Steam/steamapps/common/Amnesia The Bunker/entities/bunker/gameplay/wrench/wrench.ent in 0 ms
WARNING: Loaded resource 'wrench.ent' while the map was running.
    Loaded resource c:/Program Files (x86)/Steam/steamapps/common/Amnesia The Bunker/textures/simple_grey.mat in 0 ms
WARNING: Loaded resource 'entities/bunker/gameplay/wrench/simple_grey.mat' while the map was running.
  Loaded resource c:/Program Files (x86)/Steam/steamapps/common/Amnesia The Bunker/entities/bunker/gameplay/wrench/wrench_temp.dae in 0 ms
WARNING: Loaded resource 'wrench_temp.dae' while the map was running.
  Loaded resource c:/Program Files (x86)/Steam/steamapps/common/Amnesia The Bunker/entities/bunker/gameplay/gas_mask_m2/gas_mask_pickup.ent in 1 ms
WARNING: Loaded resource 'gas_mask_pickup.ent' while the map was running.
  Loaded resource c:/Program Files (x86)/Steam/steamapps/common/Amnesia The Bunker/entities/bunker/gameplay/gas_mask_m2/gas_mask_hand.dae in 0 ms
WARNING: Loaded resource 'gas_mask_hand.dae' while the map was running.
  Loaded resource c:/Program Files (x86)/Steam/steamapps/common/Amnesia The Bunker/entities/bunker/gameplay/flare/flare_hand.ent in 0 ms
WARNING: Loaded resource 'flare_hand.ent' while the map was running.
      Loaded resource c:/Program Files (x86)/Steam/steamapps/common/Amnesia The Bunker/entities/bunker/gameplay/flare/flare.dds in 2 ms
WARNING: Loaded resource 'entities/nonexclusive/gameplay/flare/flare.dds' while the map was running.
      Loaded resource c:/Program Files (x86)/Steam/steamapps/common/Amnesia The Bunker/entities/bunker/gameplay/flare/flare_nrm.dds in 4 ms
WARNING: Loaded resource 'entities/nonexclusive/gameplay/flare/flare_nrm.dds' while the map was running.
      Loaded resource c:/Program Files (x86)/Steam/steamapps/common/Amnesia The Bunker/entities/bunker/gameplay/flare/flare_spec.dds in 4 ms
WARNING: Loaded resource 'entities/nonexclusive/gameplay/flare/flare_spec.dds' while the map was running.
    Loaded resource c:/Program Files (x86)/Steam/steamapps/common/Amnesia The Bunker/entities/bunker/gameplay/flare/flare.mat in 10 ms
WARNING: Loaded resource 'entities/bunker/gameplay/flare/flare.mat' while the map was running.
  Loaded resource c:/Program Files (x86)/Steam/steamapps/common/Amnesia The Bunker/entities/bunker/gameplay/flare/flare.fbx in 10 ms
WARNING: Loaded resource 'flare.fbx' while the map was running.
  Loaded resource c:/Program Files (x86)/Steam/steamapps/common/Amnesia The Bunker/entities/bunker/gameplay/flare/Animations/flare_static.fbx in 0 ms
WARNING: Loaded resource 'c:/Program Files (x86)/Steam/steamapps/common/Amnesia The Bunker/entities/bunker/gameplay/flare/Animations/flare_static.fbx' while the map was running.
  Loaded resource c:/Program Files (x86)/Steam/steamapps/common/Amnesia The Bunker/entities/bunker/gameplay/flare/Animations/flare_throw.fbx in 1 ms
WARNING: Loaded resource 'c:/Program Files (x86)/Steam/steamapps/common/Amnesia The Bunker/entities/bunker/gameplay/flare/Animations/flare_throw.fbx' while the map was running.
  Loaded resource c:/Program Files (x86)/Steam/steamapps/common/Amnesia The Bunker/entities/bunker/gameplay/flare/flare_pickup.ent in 0 ms
WARNING: Loaded resource 'flare_pickup.ent' while the map was running.
  Loaded resource c:/Program Files (x86)/Steam/steamapps/common/Amnesia The Bunker/entities/bunker/gameplay/flare/flare.dae in 0 ms
WARNING: Loaded resource 'flare.dae' while the map was running.
  Loaded resource c:/Program Files (x86)/Steam/steamapps/common/Amnesia The Bunker/entities/bunker/gameplay/lighter/lighter_hand_new.ent in 0 ms
WARNING: Loaded resource 'lighter_hand_new.ent' while the map was running.
    Loaded resource c:/Program Files (x86)/Steam/steamapps/common/Amnesia The Bunker/billboards/special/matchflame/matchflame_large/matchflame_large_01.dds in 20 ms
WARNING: Loaded resource 'billboards/special/matchflame/matchflame_large/matchflame_large_01.dds' while the map was running.
  Loaded resource c:/Program Files (x86)/Steam/steamapps/common/Amnesia The Bunker/billboards/special/matchflame/matchflame_large/matchflame_large.mat in 21 ms
WARNING: Loaded resource 'C:/Users/aaron/Documents/Work/Amnesia2/trunk/redist/billboards/special/matchflame/matchflame_large/matchflame_large.mat' while the map was running.
      Loaded resource c:/Program Files (x86)/Steam/steamapps/common/Amnesia The Bunker/entities/nonexclusive/gameplay/lighter/lighter.dds in 1 ms
WARNING: Loaded resource 'c:/Program Files (x86)/Steam/steamapps/common/Amnesia The Bunker/entities/nonexclusive/gameplay/lighter/lighter.dds' while the map was running.
      Loaded resource c:/Program Files (x86)/Steam/steamapps/common/Amnesia The Bunker/entities/nonexclusive/gameplay/lighter/lighter_nrm.dds in 1 ms
WARNING: Loaded resource 'c:/Program Files (x86)/Steam/steamapps/common/Amnesia The Bunker/entities/nonexclusive/gameplay/lighter/lighter_nrm.dds' while the map was running.
      Loaded resource c:/Program Files (x86)/Steam/steamapps/common/Amnesia The Bunker/entities/nonexclusive/gameplay/lighter/lighter_spec.dds in 1 ms
WARNING: Loaded resource 'c:/Program Files (x86)/Steam/steamapps/common/Amnesia The Bunker/entities/nonexclusive/gameplay/lighter/lighter_spec.dds' while the map was running.
    Loaded resource c:/Program Files (x86)/Steam/steamapps/common/Amnesia The Bunker/entities/nonexclusive/gameplay/lighter/lighter.mat in 3 ms
WARNING: Loaded resource 'entities/bunker/gameplay/lighter/lighter.mat' while the map was running.
  Loaded resource c:/Program Files (x86)/Steam/steamapps/common/Amnesia The Bunker/entities/bunker/gameplay/lighter/lighter.fbx in 4 ms
WARNING: Loaded resource 'lighter.fbx' while the map was running.
  Loaded resource c:/Program Files (x86)/Steam/steamapps/common/Amnesia The Bunker/entities/bunker/gameplay/lighter/animations/lighter_equip.fbx in 0 ms
WARNING: Loaded resource 'c:/Program Files (x86)/Steam/steamapps/common/Amnesia The Bunker/entities/bunker/gameplay/lighter/animations/lighter_equip.fbx' while the map was running.
  Loaded resource c:/Program Files (x86)/Steam/steamapps/common/Amnesia The Bunker/entities/bunker/gameplay/lighter/animations/lighter_focus_end.fbx in 0 ms
WARNING: Loaded resource 'c:/Program Files (x86)/Steam/steamapps/common/Amnesia The Bunker/entities/bunker/gameplay/lighter/animations/lighter_focus_end.fbx' while the map was running.
  Loaded resource c:/Program Files (x86)/Steam/steamapps/common/Amnesia The Bunker/entities/bunker/gameplay/lighter/animations/lighter_focus_idle.fbx in 0 ms
WARNING: Loaded resource 'c:/Program Files (x86)/Steam/steamapps/common/Amnesia The Bunker/entities/bunker/gameplay/lighter/animations/lighter_focus_idle.fbx' while the map was running.
  Loaded resource c:/Program Files (x86)/Steam/steamapps/common/Amnesia The Bunker/entities/bunker/gameplay/lighter/animations/lighter_focus_ignite.fbx in 0 ms
WARNING: Loaded resource 'c:/Program Files (x86)/Steam/steamapps/common/Amnesia The Bunker/entities/bunker/gameplay/lighter/animations/lighter_focus_ignite.fbx' while the map was running.
  Loaded resource c:/Program Files (x86)/Steam/steamapps/common/Amnesia The Bunker/entities/bunker/gameplay/lighter/animations/lighter_focus_start.fbx in 0 ms
WARNING: Loaded resource 'c:/Program Files (x86)/Steam/steamapps/common/Amnesia The Bunker/entities/bunker/gameplay/lighter/animations/lighter_focus_start.fbx' while the map was running.
  Loaded resource c:/Program Files (x86)/Steam/steamapps/common/Amnesia The Bunker/entities/bunker/gameplay/lighter/animations/lighter_holster.fbx in 0 ms
WARNING: Loaded resource 'c:/Program Files (x86)/Steam/steamapps/common/Amnesia The Bunker/entities/bunker/gameplay/lighter/animations/lighter_holster.fbx' while the map was running.
  Loaded resource c:/Program Files (x86)/Steam/steamapps/common/Amnesia The Bunker/entities/bunker/gameplay/lighter/animations/lighter_idle_closed.fbx in 1 ms
WARNING: Loaded resource 'c:/Program Files (x86)/Steam/steamapps/common/Amnesia The Bunker/entities/bunker/gameplay/lighter/animations/lighter_idle_closed.fbx' while the map was running.
  Loaded resource c:/Program Files (x86)/Steam/steamapps/common/Amnesia The Bunker/entities/bunker/gameplay/lighter/animations/lighter_idle_lit.fbx in 0 ms
WARNING: Loaded resource 'c:/Program Files (x86)/Steam/steamapps/common/Amnesia The Bunker/entities/bunker/gameplay/lighter/animations/lighter_idle_lit.fbx' while the map was running.
  Loaded resource c:/Program Files (x86)/Steam/steamapps/common/Amnesia The Bunker/entities/bunker/gameplay/lighter/animations/lighter_molotov_throw.fbx in 0 ms
WARNING: Loaded resource 'c:/Program Files (x86)/Steam/steamapps/common/Amnesia The Bunker/entities/bunker/gameplay/lighter/animations/lighter_molotov_throw.fbx' while the map was running.
  Loaded resource c:/Program Files (x86)/Steam/steamapps/common/Amnesia The Bunker/entities/bunker/gameplay/lighter/animations/lighter_molotov_focus_end.fbx in 0 ms
WARNING: Loaded resource 'c:/Program Files (x86)/Steam/steamapps/common/Amnesia The Bunker/entities/bunker/gameplay/lighter/animations/lighter_molotov_focus_end.fbx' while the map was running.
  Loaded resource c:/Program Files (x86)/Steam/steamapps/common/Amnesia The Bunker/entities/bunker/gameplay/lighter/animations/lighter_molotov_focus_idle.fbx in 0 ms
WARNING: Loaded resource 'c:/Program Files (x86)/Steam/steamapps/common/Amnesia The Bunker/entities/bunker/gameplay/lighter/animations/lighter_molotov_focus_idle.fbx' while the map was running.
  Loaded resource c:/Program Files (x86)/Steam/steamapps/common/Amnesia The Bunker/entities/bunker/gameplay/lighter/animations/lighter_molotov_focus_start.fbx in 0 ms
WARNING: Loaded resource 'c:/Program Files (x86)/Steam/steamapps/common/Amnesia The Bunker/entities/bunker/gameplay/lighter/animations/lighter_molotov_focus_start.fbx' while the map was running.
  Loaded resource c:/Program Files (x86)/Steam/steamapps/common/Amnesia The Bunker/entities/bunker/gameplay/lighter/animations/lighter_torch_equip.fbx in 0 ms
WARNING: Loaded resource 'c:/Program Files (x86)/Steam/steamapps/common/Amnesia The Bunker/entities/bunker/gameplay/lighter/animations/lighter_torch_equip.fbx' while the map was running.
  Loaded resource c:/Program Files (x86)/Steam/steamapps/common/Amnesia The Bunker/entities/bunker/gameplay/medkit/medkit_pickup.ent in 0 ms
WARNING: Loaded resource 'medkit_pickup.ent' while the map was running.
  Loaded resource c:/Program Files (x86)/Steam/steamapps/common/Amnesia The Bunker/entities/bunker/gameplay/medkit/medkit_pickup.dae in 0 ms
WARNING: Loaded resource 'medkit_pickup.dae' while the map was running.
  Loaded resource c:/Program Files (x86)/Steam/steamapps/common/Amnesia The Bunker/entities/bunker/gameplay/bandage/bandage_pickup.ent in 0 ms
WARNING: Loaded resource 'bandage_pickup.ent' while the map was running.
  Loaded resource c:/Program Files (x86)/Steam/steamapps/common/Amnesia The Bunker/entities/survivors/tech/bandages/bandages_jar.dae in 0 ms
WARNING: Loaded resource 'bandages_jar.dae' while the map was running.
  Loaded resource c:/Program Files (x86)/Steam/steamapps/common/Amnesia The Bunker/entities/bunker/gameplay/dynamite_stick/dynamite_stick_pickup.ent in 0 ms
WARNING: Loaded resource 'dynamite_stick_pickup.ent' while the map was running.
      Loaded resource c:/Program Files (x86)/Steam/steamapps/common/Amnesia The Bunker/entities/bunker/gameplay/dynamite_stick/dynamite_stick.dds in 1 ms
WARNING: Loaded resource '../../../../../dynamite_stick/_Submit/dynamite_stick/Characters/dynamite_stick/dynamite_stick.dds' while the map was running.
      Loaded resource c:/Program Files (x86)/Steam/steamapps/common/Amnesia The Bunker/entities/bunker/gameplay/dynamite_stick/dynamite_stick_nrm.dds in 1 ms
WARNING: Loaded resource '../../../../../dynamite_stick/_Submit/dynamite_stick/Characters/dynamite_stick/dynamite_stick_nrm.dds' while the map was running.
      Loaded resource c:/Program Files (x86)/Steam/steamapps/common/Amnesia The Bunker/entities/bunker/gameplay/dynamite_stick/dynamite_stick_spec.dds in 0 ms
WARNING: Loaded resource '../../../../../dynamite_stick/_Submit/dynamite_stick/Characters/dynamite_stick/dynamite_stick_spec.dds' while the map was running.
    Loaded resource c:/Program Files (x86)/Steam/steamapps/common/Amnesia The Bunker/entities/bunker/gameplay/dynamite_stick/dynamite_stick.mat in 2 ms
WARNING: Loaded resource '../../../../../Gameplay props - dynamite_stick/_Submit/dynamite_stick/Characters/dynamite_stick/dynamite_stick.mat' while the map was running.
  Loaded resource c:/Program Files (x86)/Steam/steamapps/common/Amnesia The Bunker/entities/bunker/gameplay/dynamite_stick/dynamite_stick.DAE in 2 ms
WARNING: Loaded resource 'dynamite_stick.DAE' while the map was running.
  Loaded resource c:/Program Files (x86)/Steam/steamapps/common/Amnesia The Bunker/entities/bunker/gameplay/dynamite_bundle/dynamite_bundle_hand.ent in 0 ms
WARNING: Loaded resource 'dynamite_bundle_hand.ent' while the map was running.
      Loaded resource c:/Program Files (x86)/Steam/steamapps/common/Amnesia The Bunker/entities/bunker/gameplay/dynamite_bundle/dynamite_bundle.dds in 1 ms
WARNING: Loaded resource 'c:/Program Files (x86)/Steam/steamapps/common/Amnesia The Bunker/entities/bunker/gameplay/dynamite_bundle/dynamite_bundle.dds' while the map was running.
      Loaded resource c:/Program Files (x86)/Steam/steamapps/common/Amnesia The Bunker/entities/bunker/gameplay/dynamite_bundle/dynamite_bundle_nrm.dds in 1 ms
WARNING: Loaded resource 'c:/Program Files (x86)/Steam/steamapps/common/Amnesia The Bunker/entities/bunker/gameplay/dynamite_bundle/dynamite_bundle_nrm.dds' while the map was running.
      Loaded resource c:/Program Files (x86)/Steam/steamapps/common/Amnesia The Bunker/entities/bunker/gameplay/dynamite_bundle/dynamite_bundle_spec.dds in 0 ms
WARNING: Loaded resource 'c:/Program Files (x86)/Steam/steamapps/common/Amnesia The Bunker/entities/bunker/gameplay/dynamite_bundle/dynamite_bundle_spec.dds' while the map was running.
    Loaded resource c:/Program Files (x86)/Steam/steamapps/common/Amnesia The Bunker/entities/bunker/gameplay/dynamite_bundle/dynamite_bundle.mat in 2 ms
WARNING: Loaded resource '../../../../../dynamite_bundle/xtraa/dynamite_bundle/characters/dynamite_bundle/dynamite_bundle.mat' while the map was running.
  Loaded resource c:/Program Files (x86)/Steam/steamapps/common/Amnesia The Bunker/entities/bunker/gameplay/dynamite_bundle/dynamite_bundle.DAE in 2 ms
WARNING: Loaded resource 'dynamite_bundle.DAE' while the map was running.
  Loaded resource c:/Program Files (x86)/Steam/steamapps/common/Amnesia The Bunker/entities/bunker/gameplay/meat_chunks/meat_chunk_01_inventory.ent in 0 ms
WARNING: Loaded resource 'meat_chunk_01_inventory.ent' while the map was running.
ERROR: Couldn't create material 'entities/bunker/gameplay/meat_chunks/meat_chunks_diffuse.mat'
ERROR: Couldn't create material 'entities/bunker/gameplay/meat_chunks/meat_chunks_diffuse.mat'
  Loaded resource c:/Program Files (x86)/Steam/steamapps/common/Amnesia The Bunker/entities/bunker/gameplay/meat_chunks/meat_chunk_01.fbx in 1 ms
WARNING: Loaded resource 'meat_chunk_01.fbx' while the map was running.
    Loaded resource c:/Program Files (x86)/Steam/steamapps/common/Amnesia The Bunker/entities/bunker/gameplay/meat_chunks/meat_chunks_diffuse.dds in 0 ms
WARNING: Loaded resource 'entities/bunker/gameplay/meat_chunks/meat_chunks_diffuse.dds' while the map was running.
    Loaded resource c:/Program Files (x86)/Steam/steamapps/common/Amnesia The Bunker/entities/bunker/gameplay/meat_chunks/meat_chunks_nrm.dds in 1 ms
WARNING: Loaded resource 'entities/bunker/gameplay/meat_chunks/meat_chunks_nrm.dds' while the map was running.
    Loaded resource c:/Program Files (x86)/Steam/steamapps/common/Amnesia The Bunker/entities/bunker/gameplay/meat_chunks/meat_chunks_spec.dds in 1 ms
WARNING: Loaded resource 'entities/bunker/gameplay/meat_chunks/meat_chunks_spec.dds' while the map was running.
  Loaded resource c:/Program Files (x86)/Steam/steamapps/common/Amnesia The Bunker/entities/bunker/gameplay/meat_chunks/meat_chunks.mat in 3 ms
WARNING: Loaded resource 'entities/bunker/gameplay/meat_chunks/meat_chunks.mat' while the map was running.
  Loaded resource c:/Program Files (x86)/Steam/steamapps/common/Amnesia The Bunker/entities/bunker/gameplay/meat_chunks/animations/meat_equip.fbx in 0 ms
WARNING: Loaded resource 'c:/Program Files (x86)/Steam/steamapps/common/Amnesia The Bunker/entities/bunker/gameplay/meat_chunks/animations/meat_equip.fbx' while the map was running.
  Loaded resource c:/Program Files (x86)/Steam/steamapps/common/Amnesia The Bunker/entities/bunker/gameplay/meat_chunks/animations/meat_focus_end.fbx in 0 ms
WARNING: Loaded resource 'c:/Program Files (x86)/Steam/steamapps/common/Amnesia The Bunker/entities/bunker/gameplay/meat_chunks/animations/meat_focus_end.fbx' while the map was running.
  Loaded resource c:/Program Files (x86)/Steam/steamapps/common/Amnesia The Bunker/entities/bunker/gameplay/meat_chunks/animations/meat_focus_idle.fbx in 0 ms
WARNING: Loaded resource 'c:/Program Files (x86)/Steam/steamapps/common/Amnesia The Bunker/entities/bunker/gameplay/meat_chunks/animations/meat_focus_idle.fbx' while the map was running.
  Loaded resource c:/Program Files (x86)/Steam/steamapps/common/Amnesia The Bunker/entities/bunker/gameplay/meat_chunks/animations/meat_focus_start.fbx in 0 ms
WARNING: Loaded resource 'c:/Program Files (x86)/Steam/steamapps/common/Amnesia The Bunker/entities/bunker/gameplay/meat_chunks/animations/meat_focus_start.fbx' while the map was running.
  Loaded resource c:/Program Files (x86)/Steam/steamapps/common/Amnesia The Bunker/entities/bunker/gameplay/meat_chunks/animations/meat_holster.fbx in 0 ms
WARNING: Loaded resource 'c:/Program Files (x86)/Steam/steamapps/common/Amnesia The Bunker/entities/bunker/gameplay/meat_chunks/animations/meat_holster.fbx' while the map was running.
  Loaded resource c:/Program Files (x86)/Steam/steamapps/common/Amnesia The Bunker/entities/bunker/gameplay/meat_chunks/animations/meat_idle.fbx in 0 ms
WARNING: Loaded resource 'c:/Program Files (x86)/Steam/steamapps/common/Amnesia The Bunker/entities/bunker/gameplay/meat_chunks/animations/meat_idle.fbx' while the map was running.
  Loaded resource c:/Program Files (x86)/Steam/steamapps/common/Amnesia The Bunker/entities/bunker/gameplay/meat_chunks/animations/meat_throw.fbx in 0 ms
WARNING: Loaded resource 'c:/Program Files (x86)/Steam/steamapps/common/Amnesia The Bunker/entities/bunker/gameplay/meat_chunks/animations/meat_throw.fbx' while the map was running.
  Loaded resource c:/Program Files (x86)/Steam/steamapps/common/Amnesia The Bunker/entities/bunker/gameplay/meat_chunks/meat_chunk_01_thrown.ent in 1 ms
WARNING: Loaded resource 'meat_chunk_01_thrown.ent' while the map was running.
  Loaded resource c:/Program Files (x86)/Steam/steamapps/common/Amnesia The Bunker/entities/bunker/gameplay/lockdown_wheel/lockdown_wheel_hand.ent in 0 ms
WARNING: Loaded resource 'lockdown_wheel_hand.ent' while the map was running.
      Loaded resource c:/Program Files (x86)/Steam/steamapps/common/Amnesia The Bunker/entities/bunker/gameplay/lockdown_wheel/lockdown_wheel.dds in 0 ms
WARNING: Loaded resource 'entities/bunker/gameplay/lockdown_wheel/lockdown_wheel.dds' while the map was running.
      Loaded resource c:/Program Files (x86)/Steam/steamapps/common/Amnesia The Bunker/entities/bunker/gameplay/lockdown_wheel/lockdown_wheel_nrm.dds in 1 ms
WARNING: Loaded resource 'entities/bunker/gameplay/lockdown_wheel/lockdown_wheel_nrm.dds' while the map was running.
      Loaded resource c:/Program Files (x86)/Steam/steamapps/common/Amnesia The Bunker/entities/bunker/gameplay/lockdown_wheel/lockdown_wheel_spec.dds in 1 ms
WARNING: Loaded resource 'entities/bunker/gameplay/lockdown_wheel/lockdown_wheel_spec.dds' while the map was running.
    Loaded resource c:/Program Files (x86)/Steam/steamapps/common/Amnesia The Bunker/entities/bunker/gameplay/lockdown_wheel/lockdown_wheel.mat in 2 ms
WARNING: Loaded resource 'entities/bunker/gameplay/lockdown_wheel/lockdown_wheel.mat' while the map was running.
  Loaded resource c:/Program Files (x86)/Steam/steamapps/common/Amnesia The Bunker/entities/bunker/gameplay/lockdown_wheel/lockdown_wheel_rig.fbx in 3 ms
WARNING: Loaded resource 'lockdown_wheel_rig.fbx' while the map was running.
  Loaded resource c:/Program Files (x86)/Steam/steamapps/common/Amnesia The Bunker/entities/bunker/gameplay/detonator/detonator_handle_hand.ent in 0 ms
WARNING: Loaded resource 'detonator_handle_hand.ent' while the map was running.
      Loaded resource c:/Program Files (x86)/Steam/steamapps/common/Amnesia The Bunker/entities/bunker/gameplay/detonator/detonator.dds in 0 ms
WARNING: Loaded resource '../../../Batch_15/Detonator/Submit/detonator/Characters/detonator/detonator.dds' while the map was running.
      Loaded resource c:/Program Files (x86)/Steam/steamapps/common/Amnesia The Bunker/entities/bunker/gameplay/detonator/detonator_nrm.dds in 1 ms
WARNING: Loaded resource '../../../Batch_15/Detonator/Submit/detonator/Characters/detonator/detonator_nrm.dds' while the map was running.
      Loaded resource c:/Program Files (x86)/Steam/steamapps/common/Amnesia The Bunker/entities/bunker/gameplay/detonator/detonator_spec.DDS in 1 ms
WARNING: Loaded resource '../../../Batch_15/Detonator/Submit/detonator/Characters/detonator/detonator_spec.DDS' while the map was running.
    Loaded resource c:/Program Files (x86)/Steam/steamapps/common/Amnesia The Bunker/entities/bunker/gameplay/detonator/detonator.mat in 2 ms
WARNING: Loaded resource 'entities/bunker/gameplay/detonator/detonator.mat' while the map was running.
  Loaded resource c:/Program Files (x86)/Steam/steamapps/common/Amnesia The Bunker/entities/bunker/gameplay/detonator/detonator_handle_rig.fbx in 2 ms
WARNING: Loaded resource 'detonator_handle_rig.fbx' while the map was running.
  Loaded resource c:/Program Files (x86)/Steam/steamapps/common/Amnesia The Bunker/entities/bunker/gameplay/doll_rabbit/doll_rabbit_hand.ent in 0 ms
WARNING: Loaded resource 'doll_rabbit_hand.ent' while the map was running.
      Loaded resource c:/Program Files (x86)/Steam/steamapps/common/Amnesia The Bunker/entities/bunker/gameplay/doll_rabbit/doll_rabbit.dds in 2 ms
WARNING: Loaded resource '../../../../../../../doll_rabbit/Submit/doll_rabbit/prop/doll_rabbit.dds' while the map was running.
      Loaded resource c:/Program Files (x86)/Steam/steamapps/common/Amnesia The Bunker/entities/bunker/gameplay/doll_rabbit/doll_rabbit_nrm.dds in 5 ms
WARNING: Loaded resource '../../../../../../../doll_rabbit/Submit/doll_rabbit/prop/doll_rabbit_nrm.dds' while the map was running.
      Loaded resource c:/Program Files (x86)/Steam/steamapps/common/Amnesia The Bunker/entities/bunker/gameplay/doll_rabbit/doll_rabbit_spec.dds in 1 ms
WARNING: Loaded resource '../../../../../../../doll_rabbit/Submit/doll_rabbit/prop/doll_rabbit_spec.dds' while the map was running.
    Loaded resource c:/Program Files (x86)/Steam/steamapps/common/Amnesia The Bunker/entities/bunker/gameplay/doll_rabbit/doll_rabbit.mat in 8 ms
WARNING: Loaded resource 'entities/bunker/gameplay/doll_rabbit/doll_rabbit.mat' while the map was running.
  Loaded resource c:/Program Files (x86)/Steam/steamapps/common/Amnesia The Bunker/entities/bunker/gameplay/doll_rabbit/doll_rabbit_rig.fbx in 8 ms
WARNING: Loaded resource 'doll_rabbit_rig.fbx' while the map was running.
  Loaded resource c:/Program Files (x86)/Steam/steamapps/common/Amnesia The Bunker/entities/bunker/gameplay/doll_rabbit/animations/rabbit_equip.fbx in 1 ms
WARNING: Loaded resource 'c:/Program Files (x86)/Steam/steamapps/common/Amnesia The Bunker/entities/bunker/gameplay/doll_rabbit/animations/rabbit_equip.fbx' while the map was running.
  Loaded resource c:/Program Files (x86)/Steam/steamapps/common/Amnesia The Bunker/entities/bunker/gameplay/doll_rabbit/animations/rabbit_focus_end.fbx in 0 ms
WARNING: Loaded resource 'c:/Program Files (x86)/Steam/steamapps/common/Amnesia The Bunker/entities/bunker/gameplay/doll_rabbit/animations/rabbit_focus_end.fbx' while the map was running.
  Loaded resource c:/Program Files (x86)/Steam/steamapps/common/Amnesia The Bunker/entities/bunker/gameplay/doll_rabbit/animations/rabbit_focus_start.fbx in 1 ms
WARNING: Loaded resource 'c:/Program Files (x86)/Steam/steamapps/common/Amnesia The Bunker/entities/bunker/gameplay/doll_rabbit/animations/rabbit_focus_start.fbx' while the map was running.
  Loaded resource c:/Program Files (x86)/Steam/steamapps/common/Amnesia The Bunker/entities/bunker/gameplay/doll_rabbit/animations/rabbit_holster.fbx in 0 ms
WARNING: Loaded resource 'c:/Program Files (x86)/Steam/steamapps/common/Amnesia The Bunker/entities/bunker/gameplay/doll_rabbit/animations/rabbit_holster.fbx' while the map was running.
  Loaded resource c:/Program Files (x86)/Steam/steamapps/common/Amnesia The Bunker/entities/bunker/gameplay/doll_rabbit/animations/rabbit_idle.fbx in 1 ms
WARNING: Loaded resource 'c:/Program Files (x86)/Steam/steamapps/common/Amnesia The Bunker/entities/bunker/gameplay/doll_rabbit/animations/rabbit_idle.fbx' while the map was running.
  Loaded resource c:/Program Files (x86)/Steam/steamapps/common/Amnesia The Bunker/entities/bunker/gameplay/doll_rabbit/animations/rabbit_throw.fbx in 0 ms
WARNING: Loaded resource 'c:/Program Files (x86)/Steam/steamapps/common/Amnesia The Bunker/entities/bunker/gameplay/doll_rabbit/animations/rabbit_throw.fbx' while the map was running.
  Loaded resource c:/Program Files (x86)/Steam/steamapps/common/Amnesia The Bunker/entities/bunker/gameplay/doll_rabbit/animations/rabbit_focus_idle.fbx in 1 ms
WARNING: Loaded resource 'c:/Program Files (x86)/Steam/steamapps/common/Amnesia The Bunker/entities/bunker/gameplay/doll_rabbit/animations/rabbit_focus_idle.fbx' while the map was running.
  Loaded resource c:/Program Files (x86)/Steam/steamapps/common/Amnesia The Bunker/entities/bunker/gameplay/doll_rabbit/doll_rabbit_pickup.ent in 0 ms
WARNING: Loaded resource 'doll_rabbit_pickup.ent' while the map was running.
  Loaded resource c:/Program Files (x86)/Steam/steamapps/common/Amnesia The Bunker/entities/bunker/gameplay/metal_door_lock/metal_door_key_communications_hand.ent in 0 ms
WARNING: Loaded resource 'metal_door_key_communications_hand.ent' while the map was running.
      Loaded resource c:/Program Files (x86)/Steam/steamapps/common/Amnesia The Bunker/entities/bunker/gameplay/metal_door_lock/metal_door_lock.dds in 1 ms
WARNING: Loaded resource 'entities/bunker/gameplay/metal_door_lock/metal_door_lock.dds' while the map was running.
      Loaded resource c:/Program Files (x86)/Steam/steamapps/common/Amnesia The Bunker/entities/bunker/gameplay/metal_door_lock/metal_door_lock_nrm.dds in 1 ms
WARNING: Loaded resource 'entities/bunker/gameplay/metal_door_lock/metal_door_lock_nrm.dds' while the map was running.
      Loaded resource c:/Program Files (x86)/Steam/steamapps/common/Amnesia The Bunker/entities/bunker/gameplay/metal_door_lock/metal_door_lock_spec.dds in 1 ms
WARNING: Loaded resource 'entities/bunker/gameplay/metal_door_lock/metal_door_lock_spec.dds' while the map was running.
    Loaded resource c:/Program Files (x86)/Steam/steamapps/common/Amnesia The Bunker/entities/bunker/gameplay/metal_door_lock/metal_door_lock.mat in 3 ms
WARNING: Loaded resource 'entities/bunker/gameplay/metal_door_lock/metal_door_lock.mat' while the map was running.
  Loaded resource c:/Program Files (x86)/Steam/steamapps/common/Amnesia The Bunker/entities/bunker/gameplay/metal_door_lock/metal_door_key_communications.dae in 3 ms
WARNING: Loaded resource 'metal_door_key_communications.dae' while the map was running.
  Loaded resource c:/Program Files (x86)/Steam/steamapps/common/Amnesia The Bunker/entities/bunker/gameplay/metal_door_lock/metal_door_key_pillbox_hand.ent in 0 ms
WARNING: Loaded resource 'metal_door_key_pillbox_hand.ent' while the map was running.
  Loaded resource c:/Program Files (x86)/Steam/steamapps/common/Amnesia The Bunker/entities/bunker/gameplay/metal_door_lock/metal_door_key_pillbox.dae in 1 ms
WARNING: Loaded resource 'metal_door_key_pillbox.dae' while the map was running.
  Loaded resource c:/Program Files (x86)/Steam/steamapps/common/Amnesia The Bunker/entities/bunker/gameplay/fuse/fuse_hand.ent in 0 ms
WARNING: Loaded resource 'fuse_hand.ent' while the map was running.
      Loaded resource c:/Program Files (x86)/Steam/steamapps/common/Amnesia The Bunker/entities/bunker/gameplay/fuse/fuse_diffuse.dds in 0 ms
WARNING: Loaded resource 'entities/bunker/gameplay/fuse/fuse_diffuse.dds' while the map was running.
      Loaded resource c:/Program Files (x86)/Steam/steamapps/common/Amnesia The Bunker/entities/bunker/gameplay/fuse/fuse_nrm.dds in 1 ms
WARNING: Loaded resource 'entities/bunker/gameplay/fuse/fuse_nrm.dds' while the map was running.
      Loaded resource c:/Program Files (x86)/Steam/steamapps/common/Amnesia The Bunker/entities/bunker/gameplay/fuse/fuse_spec.dds in 1 ms
WARNING: Loaded resource 'entities/bunker/gameplay/fuse/fuse_spec.dds' while the map was running.
    Loaded resource c:/Program Files (x86)/Steam/steamapps/common/Amnesia The Bunker/entities/bunker/gameplay/fuse/fuse.mat in 2 ms
WARNING: Loaded resource 'entities/bunker/gameplay/fuse/fuse.mat' while the map was running.
  Loaded resource c:/Program Files (x86)/Steam/steamapps/common/Amnesia The Bunker/entities/bunker/gameplay/fuse/fuse.dae in 3 ms
WARNING: Loaded resource 'fuse.dae' while the map was running.
  Loaded resource c:/Program Files (x86)/Steam/steamapps/common/Amnesia The Bunker/entities/bunker/gameplay/fuse/fuse_pickup.ent in 0 ms
WARNING: Loaded resource 'fuse_pickup.ent' while the map was running.
  Loaded resource c:/Program Files (x86)/Steam/steamapps/common/Amnesia The Bunker/entities/bunker/gameplay/path_area_blocker/path_area_blocker.ent in 0 ms
WARNING: Loaded resource 'path_area_blocker.ent' while the map was running.
      Loaded resource c:/Program Files (x86)/Steam/steamapps/common/Amnesia The Bunker/particles/fire/materials/spark.dds in 0 ms
WARNING: Loaded resource 'particles/level_specific/03_06_ghouls_nest/spark.dds' while the map was running.
    Loaded resource c:/Program Files (x86)/Steam/steamapps/common/Amnesia The Bunker/particles/fire/materials/spark.mat in 0 ms
WARNING: Loaded resource 'particles/level_specific/03_06_ghouls_nest/spark.mat' while the map was running.
  Loaded resource c:/Program Files (x86)/Steam/steamapps/common/Amnesia The Bunker/particles/fire/sparks_tiny.ps in 0 ms
WARNING: Loaded resource 'sparks_tiny.ps' while the map was running.
  Loaded resource c:/Program Files (x86)/Steam/steamapps/common/Amnesia The Bunker/entities/bunker/gameplay/dogtag/dogtag_auclair_3397_withstring.ent in 1 ms
WARNING: Loaded resource 'dogtag_auclair_3397_withstring.ent' while the map was running.
      Loaded resource c:/Program Files (x86)/Steam/steamapps/common/Amnesia The Bunker/entities/bunker/gameplay/dogtag/dogtag_diffuse.dds in 0 ms
WARNING: Loaded resource 'entities/bunker/gameplay/dogtag/dogtag_diffuse.dds' while the map was running.
      Loaded resource c:/Program Files (x86)/Steam/steamapps/common/Amnesia The Bunker/entities/bunker/gameplay/dogtag/dogtag_nrm.dds in 1 ms
WARNING: Loaded resource 'entities/bunker/gameplay/dogtag/dogtag_nrm.dds' while the map was running.
      Loaded resource c:/Program Files (x86)/Steam/steamapps/common/Amnesia The Bunker/entities/bunker/gameplay/dogtag/dogtag_spec.dds in 1 ms
WARNING: Loaded resource 'entities/bunker/gameplay/dogtag/dogtag_spec.dds' while the map was running.
    Loaded resource c:/Program Files (x86)/Steam/steamapps/common/Amnesia The Bunker/entities/bunker/gameplay/dogtag/dogtag.mat in 2 ms
WARNING: Loaded resource 'entities/bunker/gameplay/dogtag/dogtag.mat' while the map was running.
      Loaded resource c:/Program Files (x86)/Steam/steamapps/common/Amnesia The Bunker/entities/bunker/gameplay/dogtag/dogtag_string_diffuse.dds in 0 ms
WARNING: Loaded resource 'entities/bunker/gameplay/dogtag/dogtag_string_diffuse.dds' while the map was running.
      Loaded resource c:/Program Files (x86)/Steam/steamapps/common/Amnesia The Bunker/entities/bunker/gameplay/dogtag/dogtag_string_nrm.dds in 0 ms
WARNING: Loaded resource 'entities/bunker/gameplay/dogtag/dogtag_string_nrm.dds' while the map was running.
      Loaded resource c:/Program Files (x86)/Steam/steamapps/common/Amnesia The Bunker/entities/bunker/gameplay/dogtag/dogtag_string_illum.dds in 0 ms
WARNING: Loaded resource 'entities/bunker/gameplay/dogtag/dogtag_string_illum.dds' while the map was running.
    Loaded resource c:/Program Files (x86)/Steam/steamapps/common/Amnesia The Bunker/entities/bunker/gameplay/dogtag/dogtag_string.mat in 0 ms
WARNING: Loaded resource 'entities/bunker/gameplay/dogtag/dogtag_string.mat' while the map was running.
      Loaded resource c:/Program Files (x86)/Steam/steamapps/common/Amnesia The Bunker/entities/bunker/gameplay/dogtag/dogtag_string_shadow.dds in 0 ms
WARNING: Loaded resource 'entities/bunker/gameplay/dogtag/dogtag_string_shadow.dds' while the map was running.
    Loaded resource c:/Program Files (x86)/Steam/steamapps/common/Amnesia The Bunker/entities/bunker/gameplay/dogtag/dogtag_string_shadow.mat in 0 ms
WARNING: Loaded resource 'entities/bunker/gameplay/dogtag/dogtag_string_shadow.mat' while the map was running.
      Loaded resource c:/Program Files (x86)/Steam/steamapps/common/Amnesia The Bunker/entities/bunker/gameplay/dogtag/dogtag_alphabet_diffuse.dds in 0 ms
WARNING: Loaded resource 'entities/bunker/gameplay/dogtag/dogtag_alphabet_diffuse.dds' while the map was running.
      Loaded resource c:/Program Files (x86)/Steam/steamapps/common/Amnesia The Bunker/entities/bunker/gameplay/dogtag/dogtag_alphabet_nrm.dds in 0 ms
WARNING: Loaded resource 'entities/bunker/gameplay/dogtag/dogtag_alphabet_nrm.dds' while the map was running.
      Loaded resource c:/Program Files (x86)/Steam/steamapps/common/Amnesia The Bunker/entities/bunker/gameplay/dogtag/dogtag_alphabet_spec.dds in 0 ms
WARNING: Loaded resource 'entities/bunker/gameplay/dogtag/dogtag_alphabet_spec.dds' while the map was running.
    Loaded resource c:/Program Files (x86)/Steam/steamapps/common/Amnesia The Bunker/entities/bunker/gameplay/dogtag/dogtag_alphabet.mat in 0 ms
WARNING: Loaded resource 'entities/bunker/gameplay/dogtag/dogtag_alphabet.mat' while the map was running.
  Loaded resource c:/Program Files (x86)/Steam/steamapps/common/Amnesia The Bunker/entities/bunker/gameplay/dogtag/dogtag_auclair_3397_withstring.dae in 4 ms
WARNING: Loaded resource 'dogtag_auclair_3397_withstring.dae' while the map was running.
  Loaded resource c:/Program Files (x86)/Steam/steamapps/common/Amnesia The Bunker/entities/bunker/gameplay/dogtag/dogtag_bardin_1889_withstring.ent in 1 ms
WARNING: Loaded resource 'dogtag_bardin_1889_withstring.ent' while the map was running.
  Loaded resource c:/Program Files (x86)/Steam/steamapps/common/Amnesia The Bunker/entities/bunker/gameplay/dogtag/dogtag_bardin_1889_withstring.dae in 0 ms
WARNING: Loaded resource 'dogtag_bardin_1889_withstring.dae' while the map was running.
  Loaded resource c:/Program Files (x86)/Steam/steamapps/common/Amnesia The Bunker/entities/bunker/gameplay/dogtag/dogtag_boucher_1923_withstring.ent in 0 ms
WARNING: Loaded resource 'dogtag_boucher_1923_withstring.ent' while the map was running.
  Loaded resource c:/Program Files (x86)/Steam/steamapps/common/Amnesia The Bunker/entities/bunker/gameplay/dogtag/dogtag_boucher_1923_withstring.dae in 0 ms
WARNING: Loaded resource 'dogtag_boucher_1923_withstring.dae' while the map was running.
  Loaded resource c:/Program Files (x86)/Steam/steamapps/common/Amnesia The Bunker/entities/bunker/gameplay/dogtag/dogtag_fortin_7750_withstring.ent in 1 ms
WARNING: Loaded resource 'dogtag_fortin_7750_withstring.ent' while the map was running.
  Loaded resource c:/Program Files (x86)/Steam/steamapps/common/Amnesia The Bunker/entities/bunker/gameplay/dogtag/dogtag_fortin_7750_withstring.dae in 0 ms
WARNING: Loaded resource 'dogtag_fortin_7750_withstring.dae' while the map was running.
  Loaded resource c:/Program Files (x86)/Steam/steamapps/common/Amnesia The Bunker/entities/bunker/gameplay/dogtag/dogtag_travers_8583_withstring.ent in 0 ms
WARNING: Loaded resource 'dogtag_travers_8583_withstring.ent' while the map was running.
  Loaded resource c:/Program Files (x86)/Steam/steamapps/common/Amnesia The Bunker/entities/bunker/gameplay/dogtag/dogtag_travers_8583_withstring.dae in 0 ms
WARNING: Loaded resource 'dogtag_travers_8583_withstring.dae' while the map was running.
  Loaded resource c:/Program Files (x86)/Steam/steamapps/common/Amnesia The Bunker/entities/bunker/gameplay/dogtag/dogtag_laval_0269_withstring.ent in 1 ms
WARNING: Loaded resource 'dogtag_laval_0269_withstring.ent' while the map was running.
  Loaded resource c:/Program Files (x86)/Steam/steamapps/common/Amnesia The Bunker/entities/bunker/gameplay/dogtag/dogtag_laval_0269_withstring.dae in 0 ms
WARNING: Loaded resource 'dogtag_laval_0269_withstring.dae' while the map was running.
  Loaded resource c:/Program Files (x86)/Steam/steamapps/common/Amnesia The Bunker/entities/bunker/gameplay/dogtag/dogtag_giraud_1734_withstring.ent in 0 ms
WARNING: Loaded resource 'dogtag_giraud_1734_withstring.ent' while the map was running.
  Loaded resource c:/Program Files (x86)/Steam/steamapps/common/Amnesia The Bunker/entities/bunker/gameplay/dogtag/dogtag_giraud_1734_withstring.dae in 0 ms
WARNING: Loaded resource 'dogtag_giraud_1734_withstring.dae' while the map was running.
  Loaded resource c:/Program Files (x86)/Steam/steamapps/common/Amnesia The Bunker/entities/bunker/gameplay/dogtag/dogtag_alphonse_withstring.ent in 1 ms
WARNING: Loaded resource 'dogtag_alphonse_withstring.ent' while the map was running.
  Loaded resource c:/Program Files (x86)/Steam/steamapps/common/Amnesia The Bunker/entities/bunker/gameplay/dogtag/dogtag_alphonse_withstring.dae in 0 ms
WARNING: Loaded resource 'dogtag_alphonse_withstring.dae' while the map was running.
  Loaded resource c:/Program Files (x86)/Steam/steamapps/common/Amnesia The Bunker/entities/bunker/gameplay/dogtag/dogtag_brillant_withstring.ent in 0 ms
WARNING: Loaded resource 'dogtag_brillant_withstring.ent' while the map was running.
  Loaded resource c:/Program Files (x86)/Steam/steamapps/common/Amnesia The Bunker/entities/bunker/gameplay/dogtag/dogtag_brillant_withstring.dae in 0 ms
WARNING: Loaded resource 'dogtag_brillant_withstring.dae' while the map was running.
  Loaded resource c:/Program Files (x86)/Steam/steamapps/common/Amnesia The Bunker/entities/bunker/gameplay/dogtag/dogtag_choppin_withstring.ent in 1 ms
WARNING: Loaded resource 'dogtag_choppin_withstring.ent' while the map was running.
  Loaded resource c:/Program Files (x86)/Steam/steamapps/common/Amnesia The Bunker/entities/bunker/gameplay/dogtag/dogtag_chopin_withstring.dae in 0 ms
WARNING: Loaded resource 'dogtag_chopin_withstring.dae' while the map was running.
  Loaded resource c:/Program Files (x86)/Steam/steamapps/common/Amnesia The Bunker/entities/bunker/gameplay/dogtag/dogtag_courcy_withstring.ent in 0 ms
WARNING: Loaded resource 'dogtag_courcy_withstring.ent' while the map was running.
  Loaded resource c:/Program Files (x86)/Steam/steamapps/common/Amnesia The Bunker/entities/bunker/gameplay/dogtag/dogtag_courcy_withstring.dae in 0 ms
WARNING: Loaded resource 'dogtag_courcy_withstring.dae' while the map was running.
  Loaded resource c:/Program Files (x86)/Steam/steamapps/common/Amnesia The Bunker/entities/bunker/gameplay/dogtag/dogtag_dehay_withstring.ent in 0 ms
WARNING: Loaded resource 'dogtag_dehay_withstring.ent' while the map was running.
  Loaded resource c:/Program Files (x86)/Steam/steamapps/common/Amnesia The Bunker/entities/bunker/gameplay/dogtag/dogtag_dehay_withstring.dae in 0 ms
WARNING: Loaded resource 'dogtag_dehay_withstring.dae' while the map was running.
  Loaded resource c:/Program Files (x86)/Steam/steamapps/common/Amnesia The Bunker/entities/bunker/gameplay/dogtag/dogtag_dosier_withstring.ent in 0 ms
WARNING: Loaded resource 'dogtag_dosier_withstring.ent' while the map was running.
  Loaded resource c:/Program Files (x86)/Steam/steamapps/common/Amnesia The Bunker/entities/bunker/gameplay/dogtag/dogtag_dosier_withstring.dae in 1 ms
WARNING: Loaded resource 'dogtag_dosier_withstring.dae' while the map was running.
  Loaded resource c:/Program Files (x86)/Steam/steamapps/common/Amnesia The Bunker/entities/bunker/gameplay/dogtag/dogtag_granat_withstring.ent in 0 ms
WARNING: Loaded resource 'dogtag_granat_withstring.ent' while the map was running.
  Loaded resource c:/Program Files (x86)/Steam/steamapps/common/Amnesia The Bunker/entities/bunker/gameplay/dogtag/dogtag_granat_withstring.dae in 0 ms
WARNING: Loaded resource 'dogtag_granat_withstring.dae' while the map was running.
  Loaded resource c:/Program Files (x86)/Steam/steamapps/common/Amnesia The Bunker/entities/bunker/gameplay/dogtag/dogtag_lebert_withstring.ent in 0 ms
WARNING: Loaded resource 'dogtag_lebert_withstring.ent' while the map was running.
  Loaded resource c:/Program Files (x86)/Steam/steamapps/common/Amnesia The Bunker/entities/bunker/gameplay/dogtag/dogtag_lebert_withstring.dae in 1 ms
WARNING: Loaded resource 'dogtag_lebert_withstring.dae' while the map was running.
  Loaded resource c:/Program Files (x86)/Steam/steamapps/common/Amnesia The Bunker/particles/impacts/bullet_impact_blood.ps in 0 ms
WARNING: Loaded resource 'bullet_impact_blood.ps' while the map was running.
      Loaded resource c:/Program Files (x86)/Steam/steamapps/common/Amnesia The Bunker/particles/dust/materials/ash_flake.dds in 0 ms
WARNING: Loaded resource 'particles/dust/materials/ash_flake.dds' while the map was running.
    Loaded resource c:/Program Files (x86)/Steam/steamapps/common/Amnesia The Bunker/particles/dust/materials/ash_flake_light.mat in 0 ms
WARNING: Loaded resource 'particles/dust/materials/ash_flake_light.mat' while the map was running.
    Loaded resource c:/Program Files (x86)/Steam/steamapps/common/Amnesia The Bunker/particles/dust/materials/dust_cloud_noDof.mat in 0 ms
WARNING: Loaded resource 'particles/dust/materials/dust_cloud_noDof.mat' while the map was running.
  Loaded resource c:/Program Files (x86)/Steam/steamapps/common/Amnesia The Bunker/particles/impacts/bullet_impact_wood.ps in 0 ms
WARNING: Loaded resource 'bullet_impact_wood.ps' while the map was running.
      Loaded resource c:/Program Files (x86)/Steam/steamapps/common/Amnesia The Bunker/particles/impacts/materials/particle_dust.dds in 0 ms
WARNING: Loaded resource 'particles/impacts/materials/particle_dust.dds' while the map was running.
    Loaded resource c:/Program Files (x86)/Steam/steamapps/common/Amnesia The Bunker/particles/impacts/materials/ps_dust.mat in 0 ms
WARNING: Loaded resource 'particles/impacts/materials/ps_dust.mat' while the map was running.
      Loaded resource c:/Program Files (x86)/Steam/steamapps/common/Amnesia The Bunker/particles/impacts/materials/particle_spark.dds in 0 ms
WARNING: Loaded resource 'particles/impacts/materials/particle_spark.dds' while the map was running.
    Loaded resource c:/Program Files (x86)/Steam/steamapps/common/Amnesia The Bunker/particles/impacts/materials/ps_spark.mat in 0 ms
WARNING: Loaded resource 'particles/impacts/materials/ps_spark.mat' while the map was running.
  Loaded resource c:/Program Files (x86)/Steam/steamapps/common/Amnesia The Bunker/particles/impacts/bullet_impact_metal.ps in 1 ms
WARNING: Loaded resource 'bullet_impact_metal.ps' while the map was running.
    Loaded resource c:/Program Files (x86)/Steam/steamapps/common/Amnesia The Bunker/particles/impacts/materials/ps_dust_soft.mat in 0 ms
WARNING: Loaded resource 'particles/impacts/materials/ps_dust_soft.mat' while the map was running.
      Loaded resource c:/Program Files (x86)/Steam/steamapps/common/Amnesia The Bunker/particles/debris/materials/rock_debris.dds in 1 ms
WARNING: Loaded resource 'particles/debris/materials/rock_debris.dds' while the map was running.
      Loaded resource c:/Program Files (x86)/Steam/steamapps/common/Amnesia The Bunker/particles/debris/materials/rock_debris_nrm.dds in 1 ms
WARNING: Loaded resource 'particles/debris/materials/rock_debris_nrm.dds' while the map was running.
      Loaded resource c:/Program Files (x86)/Steam/steamapps/common/Amnesia The Bunker/particles/debris/materials/rock_debris_spec.dds in 1 ms
WARNING: Loaded resource 'particles/debris/materials/rock_debris_spec.dds' while the map was running.
    Loaded resource c:/Program Files (x86)/Steam/steamapps/common/Amnesia The Bunker/particles/debris/materials/rock_debris.mat in 4 ms
WARNING: Loaded resource 'particles/debris/materials/rock_debris.mat' while the map was running.
  Loaded resource c:/Program Files (x86)/Steam/steamapps/common/Amnesia The Bunker/particles/impacts/bullet_impact_rock.ps in 4 ms
WARNING: Loaded resource 'bullet_impact_rock.ps' while the map was running.
      Loaded resource c:/Program Files (x86)/Steam/steamapps/common/Amnesia The Bunker/particles/impacts/materials/particle_dirt.dds in 1 ms
WARNING: Loaded resource 'particles/impacts/materials/particle_dirt.dds' while the map was running.
    Loaded resource c:/Program Files (x86)/Steam/steamapps/common/Amnesia The Bunker/particles/impacts/materials/ps_dirt.mat in 1 ms
WARNING: Loaded resource 'particles/impacts/materials/ps_dirt.mat' while the map was running.
  Loaded resource c:/Program Files (x86)/Steam/steamapps/common/Amnesia The Bunker/particles/impacts/bullet_impact_dirt.ps in 1 ms
WARNING: Loaded resource 'bullet_impact_dirt.ps' while the map was running.
      Loaded resource c:/Program Files (x86)/Steam/steamapps/common/Amnesia The Bunker/particles/impacts/materials/ps_water_ripple01.dds in 0 ms
WARNING: Loaded resource 'particles/impacts/materials/ps_water_ripple01.dds' while the map was running.
      Loaded resource c:/Program Files (x86)/Steam/steamapps/common/Amnesia The Bunker/particles/impacts/materials/water_ripple_nrm.dds in 1 ms
WARNING: Loaded resource 'particles/impacts/materials/water_ripple_nrm.dds' while the map was running.
    Loaded resource c:/Program Files (x86)/Steam/steamapps/common/Amnesia The Bunker/particles/impacts/materials/ps_water_ripple01.mat in 1 ms
WARNING: Loaded resource 'particles/impacts/materials/ps_water_ripple01.mat' while the map was running.
      Loaded resource c:/Program Files (x86)/Steam/steamapps/common/Amnesia The Bunker/particles/impacts/materials/particle_water_splash.dds in 0 ms
WARNING: Loaded resource 'particles/impacts/materials/particle_water_splash.dds' while the map was running.
      Loaded resource c:/Program Files (x86)/Steam/steamapps/common/Amnesia The Bunker/particles/impacts/materials/particle_water_splash_nrm.dds in 0 ms
WARNING: Loaded resource 'particles/impacts/materials/particle_water_splash_nrm.dds' while the map was running.
    Loaded resource c:/Program Files (x86)/Steam/steamapps/common/Amnesia The Bunker/particles/impacts/materials/ps_water_splash01.mat in 0 ms
WARNING: Loaded resource 'particles/impacts/materials/ps_water_splash01.mat' while the map was running.
  Loaded resource c:/Program Files (x86)/Steam/steamapps/common/Amnesia The Bunker/particles/impacts/bullet_impact_water.ps in 1 ms
WARNING: Loaded resource 'bullet_impact_water.ps' while the map was running.
  Loaded resource c:/Program Files (x86)/Steam/steamapps/common/Amnesia The Bunker/particles/impacts/bullet_impact_blood_bright.ps in 0 ms
WARNING: Loaded resource 'bullet_impact_blood_bright.ps' while the map was running.
  Loaded resource c:/Program Files (x86)/Steam/steamapps/common/Amnesia The Bunker/particles/impacts/bullet_impact_wood_bright.ps in 0 ms
WARNING: Loaded resource 'bullet_impact_wood_bright.ps' while the map was running.
    Loaded resource c:/Program Files (x86)/Steam/steamapps/common/Amnesia The Bunker/particles/impacts/materials/ps_dust_ignore_light.mat in 1 ms
WARNING: Loaded resource 'particles/impacts/materials/ps_dust_ignore_light.mat' while the map was running.
  Loaded resource c:/Program Files (x86)/Steam/steamapps/common/Amnesia The Bunker/particles/impacts/bullet_impact_metal_bright.ps in 1 ms
WARNING: Loaded resource 'bullet_impact_metal_bright.ps' while the map was running.
  Loaded resource c:/Program Files (x86)/Steam/steamapps/common/Amnesia The Bunker/particles/impacts/bullet_impact_rock_bright.ps in 0 ms
WARNING: Loaded resource 'bullet_impact_rock_bright.ps' while the map was running.
  Loaded resource c:/Program Files (x86)/Steam/steamapps/common/Amnesia The Bunker/particles/impacts/bullet_impact_dirt_bright.ps in 0 ms
WARNING: Loaded resource 'bullet_impact_dirt_bright.ps' while the map was running.
  Loaded resource c:/Program Files (x86)/Steam/steamapps/common/Amnesia The Bunker/particles/impacts/bullet_impact_water_bright.ps in 0 ms
WARNING: Loaded resource 'bullet_impact_water_bright.ps' while the map was running.
  Loaded resource c:/Program Files (x86)/Steam/steamapps/common/Amnesia The Bunker/entities/bunker/gameplay/bullet_holes/bullet_hole.ent in 0 ms
WARNING: Loaded resource 'bullet_hole.ent' while the map was running.
    Loaded resource c:/Program Files (x86)/Steam/steamapps/common/Amnesia The Bunker/textures/decals/bunker/bullet_holes/bullet_hole_bunkerwall_diffuse.dds in 1 ms
WARNING: Loaded resource 'textures/decals/bunker/bullet_holes/bullet_hole_bunkerwall_diffuse.dds' while the map was running.
    Loaded resource c:/Program Files (x86)/Steam/steamapps/common/Amnesia The Bunker/textures/decals/bunker/bullet_holes/bullet_hole_nrm.dds in 0 ms
WARNING: Loaded resource 'textures/decals/bunker/bullet_holes/bullet_hole_nrm.dds' while the map was running.
    Loaded resource c:/Program Files (x86)/Steam/steamapps/common/Amnesia The Bunker/textures/decals/bunker/bullet_holes/bullet_hole_height.dds in 0 ms
WARNING: Loaded resource 'textures/decals/bunker/bullet_holes/bullet_hole_height.dds' while the map was running.
  Loaded resource c:/Program Files (x86)/Steam/steamapps/common/Amnesia The Bunker/textures/decals/bunker/bullet_holes/bullet_holes_bunkerwall_decal.mat in 1 ms
WARNING: Loaded resource 'textures/decals/bunker/bullet_holes/bullet_holes_bunkerwall_decal.mat' while the map was running.
      Loaded resource c:/Program Files (x86)/Steam/steamapps/common/Amnesia The Bunker/particles/dust/materials/dust_sand_long_thin.dds in 1 ms
WARNING: Loaded resource 'particles/dust/materials/dust_sand_long_thin.dds' while the map was running.
    Loaded resource c:/Program Files (x86)/Steam/steamapps/common/Amnesia The Bunker/particles/dust/materials/dust_sand_long_thin.mat in 2 ms
WARNING: Loaded resource 'particles/dust/materials/dust_sand_long_thin.mat' while the map was running.
    Loaded resource c:/Program Files (x86)/Steam/steamapps/common/Amnesia The Bunker/particles/dust/materials/dust_cloud.mat in 0 ms
WARNING: Loaded resource 'particles/dust/materials/dust_cloud.mat' while the map was running.
  Loaded resource c:/Program Files (x86)/Steam/steamapps/common/Amnesia The Bunker/particles/bombing_effect.ps in 2 ms
WARNING: Loaded resource 'bombing_effect.ps' while the map was running.
    Loaded resource c:/Program Files (x86)/Steam/steamapps/common/Amnesia The Bunker/mods/BunkersEdge/textures/pork/those_who_pork.png in 8 ms
WARNING: Loaded resource 'textures/pork/those_who_pork.png' while the map was running.
  Loaded resource c:/Program Files (x86)/Steam/steamapps/common/Amnesia The Bunker/mods/BunkersEdge/textures/pork/those_who_pork.mat in 8 ms
WARNING: Loaded resource 'textures/pork/those_who_pork.mat' while the map was running.
ERROR: Could not find fmod wave bank file 'c:/Program Files (x86)/Steam/steamapps/common/Amnesia The Bunker/mods/BunkersEdge/sounds/level_amb_shared/level_amb_shared_multi.fsb' used by project 'level_amb_shared'
ERROR: Could not find fmod wave bank file 'c:/Program Files (x86)/Steam/steamapps/common/Amnesia The Bunker/mods/BunkersEdge/sounds/Entities_Station_Theta.fsb' used by project 'entities_station'
ERROR: Could not find fmod wave bank file 'c:/Program Files (x86)/Steam/steamapps/common/Amnesia The Bunker/mods/BunkersEdge/sounds/Entities_Station_Upsilon.fsb' used by project 'entities_station'
ERROR: Could not find fmod wave bank file 'c:/Program Files (x86)/Steam/steamapps/common/Amnesia The Bunker/mods/BunkersEdge/sounds/Entities_Station_Omicron.fsb' used by project 'entities_station'
ERROR: Could not find fmod wave bank file 'c:/Program Files (x86)/Steam/steamapps/common/Amnesia The Bunker/mods/BunkersEdge/sounds/Entities_Station_Tau.fsb' used by project 'entities_station'
ERROR: Could not load physics material 'Metal Robust' for body 'Body_1' in entity ventilation_theta_1! Using 'Default'
ERROR: Could not load physics material 'Metal Robust' for body 'Body_1' in entity ventilation_theta_2! Using 'Default'
ERROR: Could not load physics material 'Metal Robust' for body 'Body_1' in entity ventilation_theta_3! Using 'Default'
ERROR: Could not load physics material 'Metal Robust' for body 'Body_1' in entity ventilation_theta_4! Using 'Default'
ERROR: Could not load physics material 'Metal Solid' for body 'Body_2' in entity swingdoor_fencing_round_locked_1! Using 'Default'
ERROR: Could not load physics material 'Metal Solid' for body 'Body_1' in entity swingdoor_fencing_round_locked_1! Using 'Default'
ERROR: Could not load physics material 'Metal Solid' for body 'Body_5' in entity swingdoor_fencing_round_locked_1! Using 'Default'
ERROR: Could not load physics material 'Metal Solid' for body 'Body_padlock' in entity swingdoor_fencing_round_locked_1! Using 'Default'
ERROR: Could not load physics material 'Metal Solid' for body 'Body_7' in entity swingdoor_fencing_round_locked_1! Using 'Default'
ERROR: Could not load physics material 'Silent' for body 'Body_door' in entity swingdoor_fencing_round_locked_1! Using 'Default'
  Loaded resource c:/Program Files (x86)/Steam/steamapps/common/Amnesia The Bunker/script/props/Prop_SwingDoor.hps in 79 ms
  Loaded resource c:/Program Files (x86)/Steam/steamapps/common/Amnesia The Bunker/script/custom/components/WoodenBreakableComponent.hps in 62 ms
ERROR: Could not load physics material 'Metal Compact' for body 'Body_1' in entity 04_02_workshop_roof_ventilation_3! Using 'Default'
ERROR: Could not load physics material 'Metal Compact' for body 'Body_1' in entity 04_02_workshop_roof_ventilation_4! Using 'Default'
ERROR: Could not load physics material 'Metal Stairs' for body 'Body_1' in entity block_box_static_stair_2! Using 'Default'
  Loaded resource c:/Program Files (x86)/Steam/steamapps/common/Amnesia The Bunker/script/props/Prop_Rigid.hps in 3 ms
ERROR: Could not load physics material 'Metal Robust' for body 'Body_1' in entity ventilation_theta_5! Using 'Default'
ERROR: Could not load physics material 'Metal Compact' for body 'Body_1' in entity hatch_vent_white_1! Using 'Default'
ERROR: Could not load physics material 'Metal Compact' for body 'Body_2' in entity hatch_vent_white_1! Using 'Default'
ERROR: Could not load physics material 'Metal Compact' for body 'Body_1' in entity generator_fan_unit_3! Using 'Default'
ERROR: Could not load physics material 'Metal Compact' for body 'Body_1' in entity generator_fan_unit_4! Using 'Default'
ERROR: Could not load physics material 'Metal Compact' for body 'Body_1' in entity generator_fan_unit_5! Using 'Default'
ERROR: Could not load physics material 'Metal Compact' for body 'Body_1' in entity generator_fan_unit_6! Using 'Default'
ERROR: Could not load physics material 'Metal Compact' for body 'Body_1' in entity generator_fan_unit_7! Using 'Default'
ERROR: Could not load physics material 'Metal Compact' for body 'Body_1' in entity generator_fan_unit_8! Using 'Default'
ERROR: Exception from module 'props/Prop_SwingDoor.hps' object: 'swingdoor_metal_flesher_door_6'
ERROR: Exception at line 126 col: 3 in 'void cScrPropSwingDoor::SetupAfterLoad(cWorld@, cResourceVarsObject@, cResourceVarsObject@)' at section 'Prop_SwingDoor.hps'
ERROR: Exception from module 'props/Prop_SwingDoor.hps' object: 'swingdoor_metal_flesher_door_7'
ERROR: Exception at line 126 col: 3 in 'void cScrPropSwingDoor::SetupAfterLoad(cWorld@, cResourceVarsObject@, cResourceVarsObject@)' at section 'Prop_SwingDoor.hps'
ERROR: Could not load physics material 'Metal Hollow' for body 'Body_1' in entity ceiling_shutter_large_white_noshutter_1! Using 'Default'
  Loaded resource c:/Program Files (x86)/Steam/steamapps/common/Amnesia The Bunker/script/props/Prop_Lamp.hps in 62 ms
  Loaded resource c:/Program Files (x86)/Steam/steamapps/common/Amnesia The Bunker/script/custom/components/LampComponent.hps in 1 ms
  Loaded resource c:/Program Files (x86)/Steam/steamapps/common/Amnesia The Bunker/script/props/Prop_Grab.hps in 42 ms
ERROR: Could not load physics material 'Metal Box Hollow' for body 'Body_1' in entity terminal_box_1! Using 'Default'
ERROR: Could not load physics material 'Plastic Box Large' for body 'prop_rigid' in entity box_clothing_closed_1! Using 'Default'
ERROR: Could not load physics material 'Plastic Box Large' for body 'prop_rigid' in entity box_clothing_open_1! Using 'Default'
ERROR: Could not load physics material 'Plastic' for body 'Body_Lid' in entity box_simulation_assets_1! Using 'Default'
ERROR: Could not load physics material 'Plastic' for body 'Body_1' in entity box_simulation_assets_1! Using 'Default'
  Loaded resource c:/Program Files (x86)/Steam/steamapps/common/Amnesia The Bunker/script/props/Prop_Lever.hps in 9 ms
ERROR: Could not load physics material 'Metal Box Hollow' for body 'Body_1' in entity box_spare_fuses_1! Using 'Default'
ERROR: Could not load physics material 'Plastic Medical Equipment Large' for body 'Body_1' in entity junk_programmers_box_1! Using 'Default'
ERROR: Could not load physics material 'Metal Robust' for body 'fusebox_theta' in entity fusebox_theta_1! Using 'Default'
ERROR: Could not load physics material 'Metal Robust' for body 'fusebox_theta' in entity fusebox_theta_2! Using 'Default'
ERROR: Could not load physics material 'Metal Robust' for body 'Body_1' in entity ventilation_theta_6! Using 'Default'
ERROR: Could not load physics material 'Metal Stairs' for body 'Body_1' in entity block_box_static_stair_3! Using 'Default'
ERROR: Could not load physics material 'Metal Stairs' for body 'Body_1' in entity block_box_static_stair_5! Using 'Default'
ERROR: Could not load physics material 'Metal Stairs' for body 'Body_1' in entity block_box_static_stair_6! Using 'Default'
ERROR: Could not load physics material 'Metal Stairs' for body 'Body_1' in entity block_box_static_stair_7! Using 'Default'
ERROR: Could not load physics material 'Metal Stairs' for body 'Body_1' in entity block_box_static_stair_8! Using 'Default'
ERROR: Could not load physics material 'Metal Stairs' for body 'Body_1' in entity block_box_static_stair_9! Using 'Default'
ERROR: Could not load physics material 'Metal Stairs' for body 'Body_1' in entity block_box_static_stair_10! Using 'Default'
ERROR: Could not load physics material 'Metal Stairs' for body 'Body_1' in entity block_box_static_stair_11! Using 'Default'
ERROR: Could not load physics material 'Metal Stairs' for body 'Body_1' in entity block_box_static_stair_12! Using 'Default'
ERROR: Could not load physics material 'Metal Stairs' for body 'Body_1' in entity block_box_static_stair_13! Using 'Default'
ERROR: Could not load physics material 'Metal Stairs' for body 'Body_1' in entity block_box_static_stair_14! Using 'Default'
ERROR: Could not load physics material 'Metal Stairs' for body 'Body_1' in entity block_box_static_stair_15! Using 'Default'
ERROR: Could not load physics material 'Metal Stairs' for body 'Body_1' in entity block_box_static_stair_16! Using 'Default'
ERROR: Could not load physics material 'Metal Compact' for body 'Body_1' in entity generator_fan_unit_9! Using 'Default'
ERROR: Could not load physics material 'Metal Compact' for body 'Body_1' in entity generator_fan_unit_10! Using 'Default'
ERROR: Could not load physics material 'Metal Compact' for body 'Body_1' in entity generator_fan_unit_11! Using 'Default'
ERROR: Could not load physics material 'Metal Stairs' for body 'Body_1' in entity block_box_static_stair_17! Using 'Default'
ERROR: Could not load physics material 'Metal Stairs' for body 'Body_1' in entity block_box_static_stair_18! Using 'Default'
ERROR: Could not load physics material 'Metal Compact' for body 'Body_1' in entity 04_02_workshop_roof_ventilation_5! Using 'Default'
ERROR: Could not load physics material 'Metal Compact' for body 'Body_1' in entity generator_fan_unit_13! Using 'Default'
ERROR: Could not load physics material 'Metal Hollow' for body 'Body_1' in entity girder_support_1! Using 'Default'
ERROR: Could not load physics material 'Metal Hollow' for body 'Body_1' in entity girder_support_2! Using 'Default'
ERROR: Could not load physics material 'Metal Robust' for body 'fusebox_theta' in entity fusebox_theta_3! Using 'Default'
ERROR: Could not load physics material 'Metal Robust' for body 'fusebox_theta' in entity fusebox_theta_4! Using 'Default'
ERROR: Could not load physics material 'Metal Robust' for body 'fusebox_theta' in entity fusebox_theta_5! Using 'Default'
ERROR: Could not load physics material 'Plastic Sign' for body 'Body_1' in entity wet_floor_sign_1! Using 'Default'
ERROR: Could not load physics material 'Metal Compact' for body 'sign_warning_nostorage' in entity sign_warning_nostorage_1! Using 'Default'
ERROR: Could not load physics material 'Metal Hollow' for body 'Body_1' in entity girder_support_3! Using 'Default'
ERROR: Could not load physics material 'Metal Hollow' for body 'Body_1' in entity girder_support_4! Using 'Default'
ERROR: Could not load physics material 'Metal Hollow' for body 'Body_1' in entity girder_support_5! Using 'Default'
ERROR: Could not load physics material 'Metal Robust' for body 'fusebox_theta' in entity fusebox_theta_6! Using 'Default'
  Loaded resource c:/Program Files (x86)/Steam/steamapps/common/Amnesia The Bunker/mods/BunkersEdge/script/custom/agents/agent_stalker.hps in 299 ms
    Loaded resource c:/Program Files (x86)/Steam/steamapps/common/Amnesia The Bunker/particles/dust/materials/dust_cloud_lightlevel.mat in 1 ms
  Loaded resource c:/Program Files (x86)/Steam/steamapps/common/Amnesia The Bunker/particles/ghoul_hole_dust_pre_emerge.ps in 2 ms
  Loaded resource c:/Program Files (x86)/Steam/steamapps/common/Amnesia The Bunker/particles/dust/dust_impact_door_hit.ps in 0 ms
  Loaded resource c:/Program Files (x86)/Steam/steamapps/common/Amnesia The Bunker/particles/ghoul_ceiling_dust.ps in 1 ms
  Loaded resource c:/Program Files (x86)/Steam/steamapps/common/Amnesia The Bunker/particles/ghoul_hole_dust_trap.ps in 0 ms
  Loaded resource c:/Program Files (x86)/Steam/steamapps/common/Amnesia The Bunker/entities/bunker/gameplay/doll_rabbit/doll_rabbit_cutscene.ent in 1 ms
  Loaded resource c:/Program Files (x86)/Steam/steamapps/common/Amnesia The Bunker/entities/bunker/gameplay/doll_rabbit/animations/rabbit_doll_stalker.fbx in 0 ms
ERROR: Could not load physics material 'Metal Bucket' for body 'Body_1' in entity bucket_1! Using 'Default'
ERROR: Could not load physics material 'Silent' for body 'Body_2' in entity bucket_1! Using 'Default'
ERROR: Could not load physics material 'Metal Solid' for body 'Body_2' in entity swingdoor_fencing_round_locked_2! Using 'Default'
ERROR: Could not load physics material 'Metal Solid' for body 'Body_1' in entity swingdoor_fencing_round_locked_2! Using 'Default'
ERROR: Could not load physics material 'Metal Solid' for body 'Body_5' in entity swingdoor_fencing_round_locked_2! Using 'Default'
ERROR: Could not load physics material 'Metal Solid' for body 'Body_padlock' in entity swingdoor_fencing_round_locked_2! Using 'Default'
ERROR: Could not load physics material 'Metal Solid' for body 'Body_7' in entity swingdoor_fencing_round_locked_2! Using 'Default'
ERROR: Could not load physics material 'Silent' for body 'Body_door' in entity swingdoor_fencing_round_locked_2! Using 'Default'
ERROR: Could not load physics material 'Plastic' for body 'Body_1' in entity table_security_office_1! Using 'Default'
ERROR: Could not load physics material 'Metal Hollow' for body 'Body_1' in entity table_lab_large_white_1! Using 'Default'
ERROR: Could not load physics material 'Plastic Office Chair' for body 'Body_base' in entity chair_work_theta_1! Using 'Default'
ERROR: Could not load physics material 'Silent Low Prio' for body 'body_chair' in entity chair_work_theta_1! Using 'Default'
ERROR: Could not load physics material 'Metal Round Canister' for body 'Body_1' in entity computer_ark_room_02_1! Using 'Default'
  Loaded resource c:/Program Files (x86)/Steam/steamapps/common/Amnesia The Bunker/script/props/Prop_Terminal.hps in 3 ms
ERROR: Could not load physics material 'Plastic Handheld Display' for body 'mouse_trackball_theta' in entity mouse_trackball_theta_1! Using 'Default'
ERROR: Could not load physics material 'Metal Hollow' for body 'Body_1' in entity table_lab_large_white_2! Using 'Default'
ERROR: Could not load physics material 'Plastic Office Chair' for body 'Body_base' in entity chair_work_theta_2! Using 'Default'
ERROR: Could not load physics material 'Silent Low Prio' for body 'body_chair' in entity chair_work_theta_2! Using 'Default'
ERROR: Could not load physics material 'Metal Hollow' for body 'Body_1' in entity computer_lab_table_1! Using 'Default'
ERROR: Could not load physics material 'Metal Hollow' for body 'Body_1' in entity computer_lab_table_2! Using 'Default'
ERROR: Could not load physics material 'Glass' for body 'Body_1' in entity fluorescent_tube_slidedoor_medium_3! Using 'Default'
ERROR: Could not load physics material 'Glass' for body 'Body_1' in entity fluorescent_tube_slidedoor_medium_4! Using 'Default'
ERROR: Could not load physics material 'Glass' for body 'Body_1' in entity fluorescent_tube_slidedoor_medium_5! Using 'Default'
ERROR: Could not load physics material 'Glass' for body 'Body_1' in entity fluorescent_tube_slidedoor_medium_7! Using 'Default'
ERROR: Could not load physics material 'Glass' for body 'Body_1' in entity fluorescent_tube_slidedoor_medium_8! Using 'Default'
ERROR: Could not load physics material 'Glass' for body 'Body_1' in entity fluorescent_tube_slidedoor_medium_9! Using 'Default'
ERROR: Could not load physics material 'Glass' for body 'Body_1' in entity fluorescent_tube_slidedoor_medium_14! Using 'Default'
ERROR: Could not load physics material 'Plastic Office Chair' for body 'Body_base' in entity chair_work_theta_3! Using 'Default'
ERROR: Could not load physics material 'Silent Low Prio' for body 'body_chair' in entity chair_work_theta_3! Using 'Default'
ERROR: Could not load physics material 'Plastic Handheld Display' for body 'mouse_trackball_theta' in entity mouse_trackball_theta_2! Using 'Default'
ERROR: Could not load physics material 'Plastic Handheld Display' for body 'mouse_trackball_theta' in entity mouse_trackball_theta_3! Using 'Default'
ERROR: Could not load physics material 'Metal Hollow' for body 'Body_1' in entity table_lab_large_white_3! Using 'Default'
ERROR: Could not load physics material 'Metal Hollow' for body 'Body_1' in entity table_lab_large_white_4! Using 'Default'
ERROR: Could not load physics material 'Metal Hollow' for body 'Body_1' in entity table_lab_large_white_5! Using 'Default'
ERROR: Could not load physics material 'Metal Hollow' for body 'Body_1' in entity table_lab_large_white_6! Using 'Default'
ERROR: Could not load physics material 'Metal Hollow' for body 'Body_1' in entity table_lab_large_white_7! Using 'Default'
ERROR: Could not load physics material 'Metal Hollow' for body 'Body_1' in entity table_lab_large_white_8! Using 'Default'
ERROR: Could not load physics material 'Metal Hollow' for body 'Body_1' in entity table_lab_large_white_9! Using 'Default'
ERROR: Could not load physics material 'Metal Hollow' for body 'Body_1' in entity table_lab_large_white_10! Using 'Default'
ERROR: Could not load physics material 'Metal Hollow' for body 'Body_1' in entity table_lab_large_white_11! Using 'Default'
ERROR: Could not load physics material 'Metal Hollow' for body 'Body_1' in entity table_lab_large_white_12! Using 'Default'
ERROR: Could not load physics material 'Metal Hollow' for body 'Body_1' in entity ventilation_airfreshener_rigid_1! Using 'Default'
ERROR: Could not load physics material 'Metal Stairs' for body 'Body_1' in entity block_box_static_stair_19! Using 'Default'
ERROR: Could not load physics material 'Metal Stairs' for body 'Body_1' in entity block_box_static_stair_20! Using 'Default'
ERROR: Could not load physics material 'Metal Stairs' for body 'Body_1' in entity block_box_static_stair_21! Using 'Default'
ERROR: Could not load physics material 'Metal Stairs' for body 'Body_1' in entity block_box_static_stair_22! Using 'Default'
ERROR: Could not load physics material 'Metal Stairs' for body 'Body_1' in entity block_box_static_stair_23! Using 'Default'
ERROR: Could not load physics material 'Plastic Office Chair' for body 'Body_base' in entity chair_work_theta_4! Using 'Default'
ERROR: Could not load physics material 'Silent Low Prio' for body 'body_chair' in entity chair_work_theta_4! Using 'Default'
ERROR: Could not load physics material 'Plastic Office Chair' for body 'Body_base' in entity chair_work_theta_5! Using 'Default'
ERROR: Could not load physics material 'Silent Low Prio' for body 'body_chair' in entity chair_work_theta_5! Using 'Default'
ERROR: Could not load physics material 'Plastic Office Chair' for body 'Body_base' in entity chair_work_theta_6! Using 'Default'
ERROR: Could not load physics material 'Silent Low Prio' for body 'body_chair' in entity chair_work_theta_6! Using 'Default'
ERROR: Could not load physics material 'Plastic Office Chair' for body 'Body_base' in entity chair_work_theta_7! Using 'Default'
ERROR: Could not load physics material 'Silent Low Prio' for body 'body_chair' in entity chair_work_theta_7! Using 'Default'
ERROR: Could not load physics material 'Plastic Office Chair' for body 'Body_base' in entity chair_work_theta_8! Using 'Default'
ERROR: Could not load physics material 'Silent Low Prio' for body 'body_chair' in entity chair_work_theta_8! Using 'Default'
ERROR: Could not load physics material 'Metal Compact' for body 'Body_1' in entity generator_fan_unit_12! Using 'Default'
ERROR: Could not load physics material 'Metal Compact' for body 'Body_1' in entity generator_fan_unit_14! Using 'Default'
ERROR: Could not load physics material 'Metal Compact' for body 'Body_1' in entity generator_fan_unit_15! Using 'Default'
ERROR: Could not load physics material 'Metal Compact' for body 'Body_1' in entity generator_fan_unit_16! Using 'Default'
ERROR: Could not load physics material 'Metal Compact' for body 'Body_1' in entity generator_fan_unit_17! Using 'Default'
ERROR: Could not load physics material 'Metal Compact' for body 'Body_1' in entity generator_fan_unit_18! Using 'Default'
ERROR: Could not load physics material 'Metal Compact' for body 'Body_1' in entity generator_fan_unit_19! Using 'Default'
ERROR: Could not load physics material 'Metal Compact' for body 'Body_1' in entity generator_fan_unit_20! Using 'Default'
ERROR: Could not load physics material 'Metal Box Hollow' for body 'Body_1' in entity box_spare_fuses_2! Using 'Default'
ERROR: Could not load physics material 'Metal Stairs' for body 'Body_1' in entity block_box_static_stair_4! Using 'Default'
ERROR: Could not load physics material 'Metal Stairs' for body 'Body_1' in entity block_box_static_stair_24! Using 'Default'
ERROR: Could not load physics material 'Metal Stairs' for body 'Body_1' in entity block_box_static_stair_25! Using 'Default'
ERROR: Could not load physics material 'Metal Stairs' for body 'Body_1' in entity block_box_static_stair_26! Using 'Default'
ERROR: Could not load physics material 'Metal Stairs' for body 'Body_1' in entity block_box_static_stair_27! Using 'Default'
ERROR: Could not load physics material 'Metal Compact' for body 'Body_1' in entity 04_02_workshop_roof_ventilation_6! Using 'Default'
ERROR: Could not load physics material 'Metal Compact' for body 'Body_1' in entity sign_emergency_exit_1! Using 'Default'
ERROR: Could not load physics material 'Metal Compact' for body 'Body_1' in entity sign_emergency_exit_2! Using 'Default'
ERROR: Could not load physics material 'Metal Compact' for body 'Body_1' in entity generator_fan_unit_21! Using 'Default'
ERROR: Could not load physics material 'Metal Compact' for body 'Body_1' in entity hatch_vent_white_2! Using 'Default'
ERROR: Could not load physics material 'Metal Compact' for body 'Body_2' in entity hatch_vent_white_2! Using 'Default'
ERROR: Could not load physics material 'Paper' for body 'Body_1' in entity poster_random_1_1! Using 'Default'
ERROR: Could not load physics material 'Metal Stairs' for body 'Body_1' in entity block_box_static_stair_28! Using 'Default'
ERROR: Could not load physics material 'Glass Breakable Window' for body 'Body_1' in entity window! Using 'Default'
ERROR: Could not load physics material 'Glass Broken Shards' for body 'Body_1' in entity window_broken! Using 'Default'
ERROR: Could not load physics material 'Glass Broken Shards' for body 'Body_2' in entity window_broken! Using 'Default'
ERROR: Could not load physics material 'Glass Broken Shards' for body 'Body_3' in entity window_broken! Using 'Default'
ERROR: Could not load physics material 'Glass Broken Shards' for body 'Body_4' in entity window_broken! Using 'Default'
ERROR: Could not load physics material 'Glass Broken Shards' for body 'Body_5' in entity window_broken! Using 'Default'
ERROR: Could not load physics material 'Glass Broken Shards' for body 'Body_6' in entity window_broken! Using 'Default'
ERROR: Could not load physics material 'Glass Broken Shards' for body 'Body_7' in entity window_broken! Using 'Default'
ERROR: Could not load physics material 'Glass Broken Shards' for body 'Body_8' in entity window_broken! Using 'Default'
ERROR: Could not load physics material 'Glass Broken Shards' for body 'Body_9' in entity window_broken! Using 'Default'
ERROR: Could not load physics material 'Glass Broken Shards' for body 'Body_10' in entity window_broken! Using 'Default'
ERROR: Could not load physics material 'Glass Broken Shards' for body 'Body_11' in entity window_broken! Using 'Default'
ERROR: Could not load physics material 'Glass Broken Shards' for body 'Body_12' in entity window_broken! Using 'Default'
ERROR: Could not load physics material 'Glass Breakable Window' for body 'Body_13' in entity window_broken! Using 'Default'
ERROR: Could not load physics material 'Glass Broken Shards' for body 'Body_14' in entity window_broken! Using 'Default'
ERROR: Could not load physics material 'Glass Broken Shards' for body 'Body_15' in entity window_broken! Using 'Default'
ERROR: Could not load physics material 'Glass Broken Shards' for body 'Body_16' in entity window_broken! Using 'Default'
ERROR: Could not load physics material 'Glass Broken Shards' for body 'Body_17' in entity window_broken! Using 'Default'
ERROR: Could not load physics material 'Glass Broken Shards' for body 'Body_18' in entity window_broken! Using 'Default'
ERROR: Could not load physics material 'Glass Broken Shards' for body 'Body_19' in entity window_broken! Using 'Default'
ERROR: Could not load physics material 'Glass Broken Shards' for body 'Body_20' in entity window_broken! Using 'Default'
ERROR: Could not load physics material 'Glass Broken Shards' for body 'Body_21' in entity window_broken! Using 'Default'
ERROR: Could not load physics material 'Glass Broken Shards' for body 'Body_22' in entity window_broken! Using 'Default'
ERROR: Could not load physics material 'Glass Broken Shards' for body 'Body_23' in entity window_broken! Using 'Default'
ERROR: Could not load physics material 'Glass Broken Shards' for body 'Body_24' in entity window_broken! Using 'Default'
ERROR: Could not load physics material 'Glass Broken Shards' for body 'Body_25' in entity window_broken! Using 'Default'
ERROR: Could not load physics material 'Glass Broken Shards' for body 'Body_26' in entity window_broken! Using 'Default'
ERROR: Could not load physics material 'Glass Broken Shards' for body 'Body_27' in entity window_broken! Using 'Default'
ERROR: Could not load physics material 'Metal Stairs' for body 'Body_1' in entity block_box_static_stair_29! Using 'Default'
ERROR: Could not load physics material 'Metal Stairs' for body 'Body_1' in entity block_box_static_stair_30! Using 'Default'
ERROR: Could not load physics material 'Metal Stairs' for body 'Body_1' in entity block_box_static_stair_31! Using 'Default'
ERROR: Could not load physics material 'Metal Stairs' for body 'Body_1' in entity block_box_static_stair_32! Using 'Default'
ERROR: Could not load physics material 'Metal Stairs' for body 'Body_1' in entity block_box_static_stair_33! Using 'Default'
ERROR: Could not load physics material 'Metal Stairs' for body 'Body_1' in entity block_box_static_stair_34! Using 'Default'
ERROR: Could not load physics material 'Metal Stairs' for body 'Body_1' in entity block_box_static_stair_35! Using 'Default'
ERROR: Could not load physics material 'Metal Stairs' for body 'Body_1' in entity block_box_static_stair_36! Using 'Default'
ERROR: Could not load physics material 'Metal Stairs' for body 'Body_1' in entity block_box_static_stair_37! Using 'Default'
ERROR: Could not load physics material 'Metal Stairs' for body 'Body_1' in entity block_box_static_stair_38! Using 'Default'
ERROR: Could not load physics material 'Metal Stairs' for body 'Body_1' in entity block_box_static_stair_39! Using 'Default'
ERROR: Could not load physics material 'Metal Stairs' for body 'Body_1' in entity block_box_static_stair_40! Using 'Default'
  Loaded resource c:/Program Files (x86)/Steam/steamapps/common/Amnesia The Bunker/mods/BunkersEdge/script/custom/areas/Area_ParkourLedge.hps in 9 ms
  Loaded resource c:/Program Files (x86)/Steam/steamapps/common/Amnesia The Bunker/mods/BunkersEdge/script/custom/areas/Area_ParkourPoleClimb.hps in 32 ms
  Loaded resource c:/Program Files (x86)/Steam/steamapps/common/Amnesia The Bunker/script/areas/Area_Trigger.hps in 2 ms
  Loaded resource c:/Program Files (x86)/Steam/steamapps/common/Amnesia The Bunker/mods/BunkersEdge/script/custom/areas/Area_ParkourPoleSwing.hps in 32 ms
  Loaded resource c:/Program Files (x86)/Steam/steamapps/common/Amnesia The Bunker/mods/BunkersEdge/script/custom/areas/Area_ParkourZipline.hps in 36 ms
  Loaded resource c:/Program Files (x86)/Steam/steamapps/common/Amnesia The Bunker/mods/BunkersEdge/script/custom/areas/Area_ParkourBeamWalk.hps in 33 ms
  Loaded resource c:/Program Files (x86)/Steam/steamapps/common/Amnesia The Bunker/script/areas/Area_DoorwayTrigger.hps in 4 ms
  Loaded resource c:/Program Files (x86)/Steam/steamapps/common/Amnesia The Bunker/mods/BunkersEdge/script/custom/areas/Area_StalkerJumpRoute.hps in 1 ms
  Loaded resource c:/Program Files (x86)/Steam/steamapps/common/Amnesia The Bunker/mods/BunkersEdge/script/custom/areas/Area_StalkerJumpRegion.hps in 1 ms
  Loaded resource c:/Program Files (x86)/Steam/steamapps/common/Amnesia The Bunker/script/areas/Area_CameraAnimationNode.hps in 28 ms
WARNING: Loaded sound 'player/ui/terror_meter_loop' while the map was running. Preload it instead
[GameStatsModule] Loading Game Stat TimesSaved for slot: base with value 0
[GameStatsModule] Loading Game Stat NumberOfDeaths for slot: base with value 4
[GameStatsModule] Loading Game Stat RatsKilled for slot: base with value 0
[GameStatsModule] Loading Game Stat BulletsFired for slot: base with value 0
[GameStatsModule] Loading Game Stat ShotgunShellsFired for slot: base with value 0
[GameStatsModule] Loading Game Stat GrenadesThrown for slot: base with value 0
[GameStatsModule] Loading Game Stat GasGrenadesThrown for slot: base with value 0
[GameStatsModule] Loading Game Stat PetrolBombsThrown for slot: base with value 0
[GameStatsModule] Loading Game Stat FlaresThrown for slot: base with value 0
[GameStatsModule] Loading Game Stat HealthItemsUsed for slot: base with value 0
[GameStatsModule] Loading Game Stat GeneratorRefills for slot: base with value 0
[GameStatsModule] Loading Game Stat Blackouts for slot: base with value 0
[GameStatsModule] Loading Game Stat TrapsTriggered for slot: base with value 0
[GameStatsModule] Loading Game Stat CorpsesBurnt for slot: base with value 0
[GameStatsModule] Loading Game Stat FiresStarted for slot: base with value 0
[GameStatsModule] Loading Game Stat DoorsDestroyed for slot: base with value 0
[GameStatsModule] Loading Game Stat TimesSpottedByStalker for slot: base with value 0
[GameStatsModule] Loading Game Stat ItemsCrafted for slot: base with value 0
[GameStatsModule] Loading Game Stat StalkerHitCount for slot: base with value 0
[GameStatsModule] Loading Game Stat RatsScaredByTorch for slot: base with value 0
  Loaded resource c:/Program Files (x86)/Steam/steamapps/common/Amnesia The Bunker/core/textures/core_bokeh.tga in 0 ms
WARNING: Loaded resource 'core_bokeh.tga' while the map was running.
  Destroyed resource 'mods/bunkersedge/static_objects/city/skyscrapers/s_bd_skyscraper_14/m_bd_rooftop.mat'
  Destroyed resource 'C:/Program Files (x86)/Steam/steamapps/common/Amnesia The Bunker/mods/BunkersEdge/static_objects/city/buildings/S_BD_Industrial/S_BD_Industrial_03/M_BD_Rooftop_spec.dds'
  Destroyed resource 'C:/Program Files (x86)/Steam/steamapps/common/Amnesia The Bunker/mods/BunkersEdge/static_objects/city/buildings/S_BD_Industrial/S_BD_Industrial_03/M_BD_Rooftop.dds'
  Loaded resource c:/Program Files (x86)/Steam/steamapps/common/Amnesia The Bunker/graphics/startmenu/icons/startmenu_button_direction2.tga in 1 ms
  Loaded resource c:/Program Files (x86)/Steam/steamapps/common/Amnesia The Bunker/graphics/startmenu/icons/startmenu_button_xbox_B.tga in 0 ms
  Loaded resource c:/Program Files (x86)/Steam/steamapps/common/Amnesia The Bunker/graphics/startmenu/icons/startmenu_button_xbox_A.tga in 0 ms
  Loaded resource c:/Program Files (x86)/Steam/steamapps/common/Amnesia The Bunker/graphics/startmenu/startmenu_vignette.dds in 3 ms
  Loaded resource c:/Program Files (x86)/Steam/steamapps/common/Amnesia The Bunker/graphics/startmenu/startmenu_bg.dds in 1 ms
  Loaded resource c:/Program Files (x86)/Steam/steamapps/common/Amnesia The Bunker/graphics/startmenu/title/startmenu_title_1k.dds in 0 ms
  Loaded resource c:/Program Files (x86)/Steam/steamapps/common/Amnesia The Bunker/textures/technical/simple_black.dds in 0 ms
  Loaded resource c:/Program Files (x86)/Steam/steamapps/common/Amnesia The Bunker/graphics/hud/bleeding_icon_background.dds in 0 ms
ERROR: Couldn't load texture 'bleeding_stopped_icon.dds'
ERROR: Could not load texture 'bleeding_stopped_icon.dds'!
  Loaded resource c:/Program Files (x86)/Steam/steamapps/common/Amnesia The Bunker/graphics/hud/bleeding_icon.dds in 0 ms
  Loaded resource c:/Program Files (x86)/Steam/steamapps/common/Amnesia The Bunker/graphics/hud/crosshair_use_torch.tga in 1 ms
  Loaded resource c:/Program Files (x86)/Steam/steamapps/common/Amnesia The Bunker/graphics/hud/crosshair_aim.tga in 0 ms
  Loaded resource c:/Program Files (x86)/Steam/steamapps/common/Amnesia The Bunker/graphics/hud/crosshair_use_lighter.tga in 0 ms
  Loaded resource c:/Program Files (x86)/Steam/steamapps/common/Amnesia The Bunker/graphics/hud/crosshair_use_wrench.tga in 0 ms
  Loaded resource c:/Program Files (x86)/Steam/steamapps/common/Amnesia The Bunker/graphics/hud/crosshair_use_cutters.tga in 0 ms
  Loaded resource c:/Program Files (x86)/Steam/steamapps/common/Amnesia The Bunker/graphics/hud/crosshair_use_empty_bottle.tga in 0 ms
  Loaded resource c:/Program Files (x86)/Steam/steamapps/common/Amnesia The Bunker/graphics/hud/crosshair_use_fuel_bottle.tga in 0 ms
  Loaded resource c:/Program Files (x86)/Steam/steamapps/common/Amnesia The Bunker/graphics/hud/crosshair_use_fuel.tga in 0 ms
  Loaded resource c:/Program Files (x86)/Steam/steamapps/common/Amnesia The Bunker/graphics/hud/crosshair_snuff.tga in 1 ms
  Loaded resource c:/Program Files (x86)/Steam/steamapps/common/Amnesia The Bunker/graphics/hud/crosshair_use_cannon.tga in 0 ms
  Loaded resource c:/Program Files (x86)/Steam/steamapps/common/Amnesia The Bunker/graphics/hud/crosshair_touch.tga in 0 ms
  Loaded resource c:/Program Files (x86)/Steam/steamapps/common/Amnesia The Bunker/graphics/hud/crosshair_nohints.tga in 0 ms
  Loaded resource c:/Program Files (x86)/Steam/steamapps/common/Amnesia The Bunker/graphics/hud/crosshair_pull_vertical.tga in 0 ms
  Loaded resource c:/Program Files (x86)/Steam/steamapps/common/Amnesia The Bunker/graphics/hud/crosshair_magnify.tga in 0 ms
  Loaded resource c:/Program Files (x86)/Steam/steamapps/common/Amnesia The Bunker/graphics/hud/crosshair_default_large.tga in 0 ms
  Loaded resource c:/Program Files (x86)/Steam/steamapps/common/Amnesia The Bunker/graphics/hud/crosshair_sit_enter.tga in 0 ms
  Loaded resource c:/Program Files (x86)/Steam/steamapps/common/Amnesia The Bunker/graphics/hud/crosshair_climb_ledge.tga in 1 ms
  Loaded resource c:/Program Files (x86)/Steam/steamapps/common/Amnesia The Bunker/graphics/hud/crosshair_door_locked.tga in 0 ms
  Loaded resource c:/Program Files (x86)/Steam/steamapps/common/Amnesia The Bunker/graphics/hud/crosshair_exit_level.tga in 0 ms
  Loaded resource c:/Program Files (x86)/Steam/steamapps/common/Amnesia The Bunker/graphics/hud/crosshair_read.tga in 0 ms
  Loaded resource c:/Program Files (x86)/Steam/steamapps/common/Amnesia The Bunker/graphics/hud/crosshair_talk.tga in 0 ms
  Loaded resource c:/Program Files (x86)/Steam/steamapps/common/Amnesia The Bunker/graphics/hud/crosshair_climb_ladder.tga in 0 ms
  Loaded resource c:/Program Files (x86)/Steam/steamapps/common/Amnesia The Bunker/graphics/hud/crosshair_pick_up_forbidden.tga in 0 ms
  Loaded resource c:/Program Files (x86)/Steam/steamapps/common/Amnesia The Bunker/graphics/hud/crosshair_pick_up.tga in 1 ms
  Loaded resource c:/Program Files (x86)/Steam/steamapps/common/Amnesia The Bunker/graphics/hud/crosshair_push_button.tga in 0 ms
  Loaded resource c:/Program Files (x86)/Steam/steamapps/common/Amnesia The Bunker/graphics/hud/crosshair_rotate_one_handed.tga in 0 ms
  Loaded resource c:/Program Files (x86)/Steam/steamapps/common/Amnesia The Bunker/graphics/hud/crosshair_rotate.tga in 0 ms
  Loaded resource c:/Program Files (x86)/Steam/steamapps/common/Amnesia The Bunker/graphics/hud/crosshair_pull_door_hatch.tga in 0 ms
  Loaded resource c:/Program Files (x86)/Steam/steamapps/common/Amnesia The Bunker/graphics/hud/crosshair_pull_door.tga in 0 ms
  Loaded resource c:/Program Files (x86)/Steam/steamapps/common/Amnesia The Bunker/graphics/hud/crosshair_pull_out.tga in 0 ms
  Loaded resource c:/Program Files (x86)/Steam/steamapps/common/Amnesia The Bunker/graphics/hud/crosshair_pull_sideways.tga in 4 ms
  Loaded resource c:/Program Files (x86)/Steam/steamapps/common/Amnesia The Bunker/graphics/hud/crosshair_pull_lever_small.tga in 0 ms
  Loaded resource c:/Program Files (x86)/Steam/steamapps/common/Amnesia The Bunker/graphics/hud/crosshair_pull_lever.tga in 0 ms
  Loaded resource c:/Program Files (x86)/Steam/steamapps/common/Amnesia The Bunker/graphics/hud/crosshair_push.tga in 0 ms
  Loaded resource c:/Program Files (x86)/Steam/steamapps/common/Amnesia The Bunker/graphics/hud/crosshair_carry_one_handed.tga in 0 ms
  Loaded resource c:/Program Files (x86)/Steam/steamapps/common/Amnesia The Bunker/graphics/hud/crosshair_default.tga in 0 ms
  Loaded resource c:/Program Files (x86)/Steam/steamapps/common/Amnesia The Bunker/graphics/general/input/ps4/but_rt.tga in 0 ms
  Loaded resource c:/Program Files (x86)/Steam/steamapps/common/Amnesia The Bunker/graphics/general/input/ps4/but_lt.tga in 0 ms
  Loaded resource c:/Program Files (x86)/Steam/steamapps/common/Amnesia The Bunker/graphics/general/input/ps4/dpad_base.tga in 1 ms
  Loaded resource c:/Program Files (x86)/Steam/steamapps/common/Amnesia The Bunker/graphics/general/input/ps4/dpad_right.tga in 0 ms
  Loaded resource c:/Program Files (x86)/Steam/steamapps/common/Amnesia The Bunker/graphics/general/input/ps4/dpad_left.tga in 0 ms
  Loaded resource c:/Program Files (x86)/Steam/steamapps/common/Amnesia The Bunker/graphics/general/input/ps4/dpad_down.tga in 0 ms
  Loaded resource c:/Program Files (x86)/Steam/steamapps/common/Amnesia The Bunker/graphics/general/input/ps4/dpad_up.tga in 0 ms
  Loaded resource c:/Program Files (x86)/Steam/steamapps/common/Amnesia The Bunker/graphics/general/input/ps4/but_rb.tga in 0 ms
  Loaded resource c:/Program Files (x86)/Steam/steamapps/common/Amnesia The Bunker/graphics/general/input/ps4/but_lb.tga in 0 ms
  Loaded resource c:/Program Files (x86)/Steam/steamapps/common/Amnesia The Bunker/graphics/general/input/ps4/stick_r.tga in 0 ms
  Loaded resource c:/Program Files (x86)/Steam/steamapps/common/Amnesia The Bunker/graphics/general/input/ps4/stick_l.tga in 0 ms
  Loaded resource c:/Program Files (x86)/Steam/steamapps/common/Amnesia The Bunker/graphics/general/input/ps4/but_start.tga in 0 ms
  Loaded resource c:/Program Files (x86)/Steam/steamapps/common/Amnesia The Bunker/graphics/general/input/ps4/but_back.tga in 0 ms
  Loaded resource c:/Program Files (x86)/Steam/steamapps/common/Amnesia The Bunker/graphics/general/input/x360/but_y.tga in 0 ms
  Loaded resource c:/Program Files (x86)/Steam/steamapps/common/Amnesia The Bunker/graphics/general/input/ps4/but_x.tga in 0 ms
  Loaded resource c:/Program Files (x86)/Steam/steamapps/common/Amnesia The Bunker/graphics/general/input/x360/but_b.tga in 1 ms
  Loaded resource c:/Program Files (x86)/Steam/steamapps/common/Amnesia The Bunker/graphics/general/input/x360/but_a.tga in 0 ms
  Loaded resource c:/Program Files (x86)/Steam/steamapps/common/Amnesia The Bunker/graphics/general/input/mousewheeldown.tga in 0 ms
  Loaded resource c:/Program Files (x86)/Steam/steamapps/common/Amnesia The Bunker/graphics/general/input/mousewheelup.tga in 0 ms
  Loaded resource c:/Program Files (x86)/Steam/steamapps/common/Amnesia The Bunker/graphics/general/input/mouseright.tga in 0 ms
  Loaded resource c:/Program Files (x86)/Steam/steamapps/common/Amnesia The Bunker/graphics/general/input/mousemiddle.tga in 0 ms
  Loaded resource c:/Program Files (x86)/Steam/steamapps/common/Amnesia The Bunker/graphics/general/input/mouseleft.tga in 0 ms
  Loaded resource c:/Program Files (x86)/Steam/steamapps/common/Amnesia The Bunker/graphics/general/input/mousebase.tga in 0 ms
  Loaded resource c:/Program Files (x86)/Steam/steamapps/common/Amnesia The Bunker/graphics/general/input/key_enter.tga in 0 ms
  Loaded resource c:/Program Files (x86)/Steam/steamapps/common/Amnesia The Bunker/graphics/general/input/key_tab.tga in 0 ms
  Loaded resource c:/Program Files (x86)/Steam/steamapps/common/Amnesia The Bunker/graphics/general/input/key.tga in 0 ms
Generate! Areas: 3
Loading node file from: c:/Program Files (x86)/Steam/steamapps/common/Amnesia The Bunker/mods/BunkersEdge/maps/parkour_level/parkour_level.gen_node_cache
ERROR: Exception from module 'props/Prop_SwingDoor.hps' object: 'swingdoor_metal_flesher_door_6'
ERROR: Exception at line 685 col: 3 in 'void cScrPropSwingDoor::_Global_GetDoorBodyID()' at section 'Prop_SwingDoor.hps'
ERROR: Exception from module 'props/Prop_SwingDoor.hps' object: 'swingdoor_metal_flesher_door_7'
ERROR: Exception at line 685 col: 3 in 'void cScrPropSwingDoor::_Global_GetDoorBodyID()' at section 'Prop_SwingDoor.hps'
Building node container: 'Stalker' 'Default'
Generate! Areas: 3
Loading node file from: c:/Program Files (x86)/Steam/steamapps/common/Amnesia The Bunker/mods/BunkersEdge/maps/parkour_level/parkour_level.gen_node_cache
ERROR: Exception from module 'props/Prop_SwingDoor.hps' object: 'swingdoor_metal_flesher_door_6'
ERROR: Exception at line 685 col: 3 in 'void cScrPropSwingDoor::_Global_GetDoorBodyID()' at section 'Prop_SwingDoor.hps'
ERROR: Exception from module 'props/Prop_SwingDoor.hps' object: 'swingdoor_metal_flesher_door_7'
ERROR: Exception at line 685 col: 3 in 'void cScrPropSwingDoor::_Global_GetDoorBodyID()' at section 'Prop_SwingDoor.hps'
      Loaded resource c:/Program Files (x86)/Steam/steamapps/common/Amnesia The Bunker/particles/water/materials/water_ripples.dds in 0 ms
WARNING: Loaded resource 'particles/water/materials/water_ripples.dds' while the map was running.
      Loaded resource c:/Program Files (x86)/Steam/steamapps/common/Amnesia The Bunker/particles/water/materials/water_ripples_nrm.dds in 1 ms
WARNING: Loaded resource 'particles/water/materials/water_ripples_nrm.dds' while the map was running.
    Loaded resource c:/Program Files (x86)/Steam/steamapps/common/Amnesia The Bunker/particles/water/materials/water_ripples.mat in 1 ms
WARNING: Loaded resource 'particles/water/materials/water_ripples.mat' while the map was running.
ERROR: Couldn't create material 'particles/level_specific/03_07_dw_factory_dream/water/water_leak_dream_small/water_micro_splash.mat'
  Loaded resource c:/Program Files (x86)/Steam/steamapps/common/Amnesia The Bunker/particles/water/swim_ripples_oneshot.ps in 2 ms
WARNING: Loaded resource 'swim_ripples_oneshot.ps' while the map was running.
      Loaded resource c:/Program Files (x86)/Steam/steamapps/common/Amnesia The Bunker/particles/dust/materials/sandmonster_movement_dust_cloud.dds in 1 ms
WARNING: Loaded resource 'particles/dust/materials/sandmonster_movement_dust_cloud.dds' while the map was running.
    Loaded resource c:/Program Files (x86)/Steam/steamapps/common/Amnesia The Bunker/particles/dust/materials/sandmonster_movement_dust_cloud.mat in 1 ms
WARNING: Loaded resource 'particles/dust/materials/sandmonster_movement_dust_cloud.mat' while the map was running.
  Loaded resource c:/Program Files (x86)/Steam/steamapps/common/Amnesia The Bunker/particles/dust/sand_slide.ps in 1 ms
WARNING: Loaded resource 'sand_slide.ps' while the map was running.
      Loaded resource c:/Program Files (x86)/Steam/steamapps/common/Amnesia The Bunker/particles/dust/sandstorm/dust_sandstorm_001.dds in 6 ms
WARNING: Loaded resource 'particles/_temp/marc/sandstorm/dust_sandstorm_001.dds' while the map was running.
    Loaded resource c:/Program Files (x86)/Steam/steamapps/common/Amnesia The Bunker/particles/smoke/materials/smoke_continous_animated.mat in 6 ms
WARNING: Loaded resource 'particles/smoke/materials/smoke_continous_animated.mat' while the map was running.
      Loaded resource c:/Program Files (x86)/Steam/steamapps/common/Amnesia The Bunker/particles/smoke/materials/fog_ambient_large.dds in 2 ms
WARNING: Loaded resource 'particles/smoke/materials/fog_ambient_large.dds' while the map was running.
    Loaded resource c:/Program Files (x86)/Steam/steamapps/common/Amnesia The Bunker/particles/smoke/materials/fog_ambient_large.mat in 2 ms
WARNING: Loaded resource 'particles/smoke/materials/fog_ambient_large.mat' while the map was running.
  Loaded resource c:/Program Files (x86)/Steam/steamapps/common/Amnesia The Bunker/particles/gameplay/revolver_fire.ps in 8 ms
WARNING: Loaded resource 'revolver_fire.ps' while the map was running.
  Loaded resource c:/Program Files (x86)/Steam/steamapps/common/Amnesia The Bunker/entities/bunker/gameplay/molotov_cocktail/full_bottle_thrown.ent in 0 ms
WARNING: Loaded resource 'full_bottle_thrown.ent' while the map was running.
  Loaded resource c:/Program Files (x86)/Steam/steamapps/common/Amnesia The Bunker/entities/bunker/gameplay/molotov_cocktail/empty_bottle_thrown.ent in 0 ms
WARNING: Loaded resource 'empty_bottle_thrown.ent' while the map was running.
  Loaded resource c:/Program Files (x86)/Steam/steamapps/common/Amnesia The Bunker/entities/bunker/gameplay/grenade/grenade_thrown.ent in 0 ms
WARNING: Loaded resource 'grenade_thrown.ent' while the map was running.
  Loaded resource c:/Program Files (x86)/Steam/steamapps/common/Amnesia The Bunker/entities/arabic_fort/special/02_03_grenade/grenade.dae in 1 ms
WARNING: Loaded resource 'grenade.dae' while the map was running.
  Loaded resource c:/Program Files (x86)/Steam/steamapps/common/Amnesia The Bunker/entities/bunker/gameplay/gas_grenade/gas_grenade_thrown.ent in 0 ms
WARNING: Loaded resource 'gas_grenade_thrown.ent' while the map was running.
ERROR: Couldn't find ent file 'flare_thrown_low.ent'
  Loaded resource c:/Program Files (x86)/Steam/steamapps/common/Amnesia The Bunker/entities/bunker/gameplay/flare/flare_thrown_med.ent in 0 ms
WARNING: Loaded resource 'flare_thrown_med.ent' while the map was running.
    Loaded resource c:/Program Files (x86)/Steam/steamapps/common/Amnesia The Bunker/particles/dust/materials/dust_cloud_softParticlesOn.mat in 0 ms
WARNING: Loaded resource 'particles/dust/materials/dust_cloud_softParticlesOn.mat' while the map was running.
  Loaded resource c:/Program Files (x86)/Steam/steamapps/common/Amnesia The Bunker/particles/flare_cloud.ps in 1 ms
WARNING: Loaded resource 'C:/Users/aaron/Documents/Work/bunker/redist/particles/flare_cloud.ps' while the map was running.
    Loaded resource c:/Program Files (x86)/Steam/steamapps/common/Amnesia The Bunker/particles/smoke/materials/smoke_continous_animated_soft.mat in 0 ms
WARNING: Loaded resource 'particles/smoke/materials/smoke_continous_animated_soft.mat' while the map was running.
  Loaded resource c:/Program Files (x86)/Steam/steamapps/common/Amnesia The Bunker/particles/flare_flame.ps in 0 ms
WARNING: Loaded resource 'C:/Users/aaron/Documents/Work/bunker/redist/particles/flare_flame.ps' while the map was running.
  Loaded resource c:/Program Files (x86)/Steam/steamapps/common/Amnesia The Bunker/billboards/halo/lampglow_large_soft.mat in 0 ms
WARNING: Loaded resource 'D:/SVN Repositories/Bunker/redist/billboards/halo/lampglow_large_soft.mat' while the map was running.
  Loaded resource c:/Program Files (x86)/Steam/steamapps/common/Amnesia The Bunker/entities/bunker/gameplay/flare/flare_thrown.dae in 1 ms
WARNING: Loaded resource 'flare_thrown.dae' while the map was running.
ERROR: Couldn't find ent file 'flare_thrown_high.ent'
  Loaded resource c:/Program Files (x86)/Steam/steamapps/common/Amnesia The Bunker/entities/bunker/gameplay/flare/flare_thrown.ent in 0 ms
WARNING: Loaded resource 'flare_thrown.ent' while the map was running.
  Loaded resource c:/Program Files (x86)/Steam/steamapps/common/Amnesia The Bunker/entities/bunker/gameplay/molotov_cocktail/molotov_cocktail_thrown.ent in 0 ms
WARNING: Loaded resource 'molotov_cocktail_thrown.ent' while the map was running.
  Loaded resource c:/Program Files (x86)/Steam/steamapps/common/Amnesia The Bunker/entities/bunker/gameplay/molotov_cocktail/animations/bottle_molotov_focus_idle.fbx in 0 ms
WARNING: Loaded resource 'c:/Program Files (x86)/Steam/steamapps/common/Amnesia The Bunker/entities/bunker/gameplay/molotov_cocktail/animations/bottle_molotov_focus_idle.fbx' while the map was running.
      Loaded resource c:/Program Files (x86)/Steam/steamapps/common/Amnesia The Bunker/particles/water/materials/particle_water_splash.dds in 0 ms
WARNING: Loaded resource 'particles/water/materials/particle_water_splash.dds' while the map was running.
      Loaded resource c:/Program Files (x86)/Steam/steamapps/common/Amnesia The Bunker/particles/water/materials/particle_water_splash_nrm.dds in 0 ms
WARNING: Loaded resource 'particles/water/materials/particle_water_splash_nrm.dds' while the map was running.
    Loaded resource c:/Program Files (x86)/Steam/steamapps/common/Amnesia The Bunker/particles/water/materials/water_splash_small.mat in 0 ms
WARNING: Loaded resource 'particles/water/materials/water_splash_small.mat' while the map was running.
  Loaded resource c:/Program Files (x86)/Steam/steamapps/common/Amnesia The Bunker/particles/gameplay/fuel_throw.ps in 1 ms
WARNING: Loaded resource 'fuel_throw.ps' while the map was running.
  Loaded resource c:/Program Files (x86)/Steam/steamapps/common/Amnesia The Bunker/entities/dynamic_decals/fuel_spill.ent in 0 ms
WARNING: Loaded resource 'fuel_spill.ent' while the map was running.
    Loaded resource c:/Program Files (x86)/Steam/steamapps/common/Amnesia The Bunker/textures/decals/bunker/fuel_splash/fuel_splash_diffuse.dds in 2 ms
WARNING: Loaded resource 'textures/decals/bunker/fuel_splash/fuel_splash_diffuse.dds' while the map was running.
    Loaded resource c:/Program Files (x86)/Steam/steamapps/common/Amnesia The Bunker/textures/decals/bunker/fuel_splash/fuel_splash_nrm.dds in 1 ms
WARNING: Loaded resource 'textures/decals/bunker/fuel_splash/fuel_splash_nrm.dds' while the map was running.
    Loaded resource c:/Program Files (x86)/Steam/steamapps/common/Amnesia The Bunker/textures/decals/bunker/fuel_splash/fuel_splash_spec.dds in 1 ms
WARNING: Loaded resource 'textures/decals/bunker/fuel_splash/fuel_splash_spec.dds' while the map was running.
    Loaded resource c:/Program Files (x86)/Steam/steamapps/common/Amnesia The Bunker/textures/environment/generic_reflection_inside.dds in 0 ms
WARNING: Loaded resource 'textures/environment/generic_reflection_inside.dds' while the map was running.
  Loaded resource c:/Program Files (x86)/Steam/steamapps/common/Amnesia The Bunker/textures/decals/bunker/fuel_splash/fuel_splash_decal.mat in 4 ms
WARNING: Loaded resource 'textures/decals/bunker/fuel_splash/fuel_splash_decal.mat' while the map was running.
  Loaded resource c:/Program Files (x86)/Steam/steamapps/common/Amnesia The Bunker/entities/bunker/gameplay/bandage/bandage_cutscene_roll.ent in 1 ms
WARNING: Loaded resource 'bandage_cutscene_roll.ent' while the map was running.
  Loaded resource c:/Program Files (x86)/Steam/steamapps/common/Amnesia The Bunker/entities/bunker/gameplay/bandage/bandage_and_roll.fbx in 0 ms
WARNING: Loaded resource 'bandage_and_roll.fbx' while the map was running.
  Loaded resource c:/Program Files (x86)/Steam/steamapps/common/Amnesia The Bunker/entities/bunker/gameplay/bandage/animations/medkit_usage_bandage.fbx in 0 ms
WARNING: Loaded resource 'c:/Program Files (x86)/Steam/steamapps/common/Amnesia The Bunker/entities/bunker/gameplay/bandage/animations/medkit_usage_bandage.fbx' while the map was running.
  Loaded resource c:/Program Files (x86)/Steam/steamapps/common/Amnesia The Bunker/entities/bunker/gameplay/bandage/animations/bandage_application_bandage.fbx in 1 ms
WARNING: Loaded resource 'c:/Program Files (x86)/Steam/steamapps/common/Amnesia The Bunker/entities/bunker/gameplay/bandage/animations/bandage_application_bandage.fbx' while the map was running.
  Loaded resource c:/Program Files (x86)/Steam/steamapps/common/Amnesia The Bunker/entities/bunker/gameplay/medkit/medkit_cutscene_no_bandage.ent in 0 ms
WARNING: Loaded resource 'medkit_cutscene_no_bandage.ent' while the map was running.
  Loaded resource c:/Program Files (x86)/Steam/steamapps/common/Amnesia The Bunker/entities/bunker/gameplay/medkit/medkit_no_bandage.fbx in 1 ms
WARNING: Loaded resource 'medkit_no_bandage.fbx' while the map was running.
  Loaded resource c:/Program Files (x86)/Steam/steamapps/common/Amnesia The Bunker/entities/bunker/gameplay/medkit/animations/medkit_usage_medkit.fbx in 0 ms
WARNING: Loaded resource 'c:/Program Files (x86)/Steam/steamapps/common/Amnesia The Bunker/entities/bunker/gameplay/medkit/animations/medkit_usage_medkit.fbx' while the map was running.
  Loaded resource c:/Program Files (x86)/Steam/steamapps/common/Amnesia The Bunker/entities/bunker/gameplay/medkit/animations/medkit_usage.fbx in 0 ms
WARNING: Loaded resource 'c:/Program Files (x86)/Steam/steamapps/common/Amnesia The Bunker/entities/bunker/gameplay/medkit/animations/medkit_usage.fbx' while the map was running.
  Loaded resource c:/Program Files (x86)/Steam/steamapps/common/Amnesia The Bunker/entities/bunker/gameplay/molotov_cocktail/molotov_cocktail_empty_thrown.ent in 0 ms
WARNING: Loaded resource 'molotov_cocktail_empty_thrown.ent' while the map was running.
[MenuHandler] Initiate mbFirstGameStart = false
ERROR: Exception from module 'props/Prop_SwingDoor.hps' object: 'swingdoor_metal_flesher_door_6'
ERROR: Exception at line 685 col: 3 in 'void cScrPropSwingDoor::_Global_GetDoorBodyID()' at section 'Prop_SwingDoor.hps'
ERROR: Exception from module 'props/Prop_SwingDoor.hps' object: 'swingdoor_metal_flesher_door_7'
ERROR: Exception at line 685 col: 3 in 'void cScrPropSwingDoor::_Global_GetDoorBodyID()' at section 'Prop_SwingDoor.hps'
[PorkHandler] Entered map 'parkour_level'. Module ready; type PORK.
ERROR: Skipping map specific voice file '', not found!
ERROR: Stalker jump route 'StalkerJumpRoute_1' has no Stalker PathNode within 1.500000 metres. Place it over a connected node or set LaunchNodeOverride.
ERROR: Stalker jump route 'StalkerJumpRoute_25' has no Stalker PathNode within 1.500000 metres. Place it over a connected node or set LaunchNodeOverride.
ERROR: Stalker jump route 'StalkerJumpRoute_ExteriorRoofVent8_1' has no Stalker PathNode within 1.500000 metres. Place it over a connected node or set LaunchNodeOverride.
ERROR: Stalker jump region 'interior_lower' cannot reach 31 region(s): exterior_roof_1.5, exterior_fence_bump, Collide_RoofFenceJump_10, Collide_RoofFenceJump_11, Collide_RoofFenceJump_12, Collide_RoofFenceJump_13, Collide_RoofFenceJump_14, Collide_RoofFenceJump_15, exterior_roof_8, exterior_roof_3, Collide_RoofFenceJump_4, Collide_RoofFenceJump_5, exterior_roof_7, Collide_RoofFenceJump_8, exterior_roof_9, exterior_roof_1, JumpRegion_YellowBuilding_1, JumpRegion_YellowBuilding_10, JumpRegion_YellowBuilding_11, JumpRegion_YellowBuilding_2, JumpRegion_YellowBuilding_3, JumpRegion_YellowBuilding_4, JumpRegion_YellowBuilding_5, JumpRegion_YellowBuilding_6, JumpRegion_YellowBuilding_7, JumpRegion_YellowBuilding_9, another_rooftop_1, another_rooftop_2, another_rooftop_3, another_rooftop_4, another_rooftop_5.
ERROR: Stalker jump region 'interior_upper_left' cannot reach 31 region(s): exterior_roof_1.5, exterior_fence_bump, Collide_RoofFenceJump_10, Collide_RoofFenceJump_11, Collide_RoofFenceJump_12, Collide_RoofFenceJump_13, Collide_RoofFenceJump_14, Collide_RoofFenceJump_15, exterior_roof_8, exterior_roof_3, Collide_RoofFenceJump_4, Collide_RoofFenceJump_5, exterior_roof_7, Collide_RoofFenceJump_8, exterior_roof_9, exterior_roof_1, JumpRegion_YellowBuilding_1, JumpRegion_YellowBuilding_10, JumpRegion_YellowBuilding_11, JumpRegion_YellowBuilding_2, JumpRegion_YellowBuilding_3, JumpRegion_YellowBuilding_4, JumpRegion_YellowBuilding_5, JumpRegion_YellowBuilding_6, JumpRegion_YellowBuilding_7, JumpRegion_YellowBuilding_9, another_rooftop_1, another_rooftop_2, another_rooftop_3, another_rooftop_4, another_rooftop_5.
ERROR: Stalker jump region 'interior_upper_right' cannot reach 31 region(s): exterior_roof_1.5, exterior_fence_bump, Collide_RoofFenceJump_10, Collide_RoofFenceJump_11, Collide_RoofFenceJump_12, Collide_RoofFenceJump_13, Collide_RoofFenceJump_14, Collide_RoofFenceJump_15, exterior_roof_8, exterior_roof_3, Collide_RoofFenceJump_4, Collide_RoofFenceJump_5, exterior_roof_7, Collide_RoofFenceJump_8, exterior_roof_9, exterior_roof_1, JumpRegion_YellowBuilding_1, JumpRegion_YellowBuilding_10, JumpRegion_YellowBuilding_11, JumpRegion_YellowBuilding_2, JumpRegion_YellowBuilding_3, JumpRegion_YellowBuilding_4, JumpRegion_YellowBuilding_5, JumpRegion_YellowBuilding_6, JumpRegion_YellowBuilding_7, JumpRegion_YellowBuilding_9, another_rooftop_1, another_rooftop_2, another_rooftop_3, another_rooftop_4, another_rooftop_5.
ERROR: Stalker jump region 'exterior_roof_1.5' cannot reach 17 region(s): interior_lower, interior_upper_left, interior_upper_right, Collide_RoofFenceJump_13, Collide_RoofFenceJump_14, Collide_RoofFenceJump_15, stairs_to_roof, JumpRegion_YellowBuilding_1, JumpRegion_YellowBuilding_10, JumpRegion_YellowBuilding_11, JumpRegion_YellowBuilding_2, JumpRegion_YellowBuilding_3, JumpRegion_YellowBuilding_4, JumpRegion_YellowBuilding_5, JumpRegion_YellowBuilding_6, JumpRegion_YellowBuilding_7, JumpRegion_YellowBuilding_9.
ERROR: Stalker jump region 'exterior_fence_bump' cannot reach 34 region(s): interior_lower, interior_upper_left, interior_upper_right, exterior_roof_1.5, Collide_RoofFenceJump_10, Collide_RoofFenceJump_11, Collide_RoofFenceJump_12, Collide_RoofFenceJump_13, Collide_RoofFenceJump_14, Collide_RoofFenceJump_15, exterior_roof_8, exterior_roof_3, Collide_RoofFenceJump_4, Collide_RoofFenceJump_5, exterior_roof_7, Collide_RoofFenceJump_8, exterior_roof_9, exterior_roof_1, stairs_to_roof, JumpRegion_YellowBuilding_1, JumpRegion_YellowBuilding_10, JumpRegion_YellowBuilding_11, JumpRegion_YellowBuilding_2, JumpRegion_YellowBuilding_3, JumpRegion_YellowBuilding_4, JumpRegion_YellowBuilding_5, JumpRegion_YellowBuilding_6, JumpRegion_YellowBuilding_7, JumpRegion_YellowBuilding_9, another_rooftop_1, another_rooftop_2, another_rooftop_3, another_rooftop_4, another_rooftop_5.
ERROR: Stalker jump region 'Collide_RoofFenceJump_10' cannot reach 33 region(s): interior_lower, interior_upper_left, interior_upper_right, exterior_roof_1.5, exterior_fence_bump, Collide_RoofFenceJump_11, Collide_RoofFenceJump_12, Collide_RoofFenceJump_13, Collide_RoofFenceJump_14, Collide_RoofFenceJump_15, exterior_roof_8, exterior_roof_3, Collide_RoofFenceJump_4, exterior_roof_7, Collide_RoofFenceJump_8, exterior_roof_9, exterior_roof_1, stairs_to_roof, JumpRegion_YellowBuilding_1, JumpRegion_YellowBuilding_10, JumpRegion_YellowBuilding_11, JumpRegion_YellowBuilding_2, JumpRegion_YellowBuilding_3, JumpRegion_YellowBuilding_4, JumpRegion_YellowBuilding_5, JumpRegion_YellowBuilding_6, JumpRegion_YellowBuilding_7, JumpRegion_YellowBuilding_9, another_rooftop_1, another_rooftop_2, another_rooftop_3, another_rooftop_4, another_rooftop_5.
ERROR: Stalker jump region 'Collide_RoofFenceJump_11' cannot reach 33 region(s): interior_lower, interior_upper_left, interior_upper_right, exterior_roof_1.5, exterior_fence_bump, Collide_RoofFenceJump_10, Collide_RoofFenceJump_12, Collide_RoofFenceJump_13, Collide_RoofFenceJump_14, Collide_RoofFenceJump_15, exterior_roof_8, exterior_roof_3, Collide_RoofFenceJump_5, exterior_roof_7, Collide_RoofFenceJump_8, exterior_roof_9, exterior_roof_1, stairs_to_roof, JumpRegion_YellowBuilding_1, JumpRegion_YellowBuilding_10, JumpRegion_YellowBuilding_11, JumpRegion_YellowBuilding_2, JumpRegion_YellowBuilding_3, JumpRegion_YellowBuilding_4, JumpRegion_YellowBuilding_5, JumpRegion_YellowBuilding_6, JumpRegion_YellowBuilding_7, JumpRegion_YellowBuilding_9, another_rooftop_1, another_rooftop_2, another_rooftop_3, another_rooftop_4, another_rooftop_5.
ERROR: Stalker jump region 'Collide_RoofFenceJump_12' cannot reach 33 region(s): interior_lower, interior_upper_left, interior_upper_right, exterior_roof_1.5, exterior_fence_bump, Collide_RoofFenceJump_10, Collide_RoofFenceJump_11, Collide_RoofFenceJump_13, Collide_RoofFenceJump_14, Collide_RoofFenceJump_15, exterior_roof_8, exterior_roof_3, Collide_RoofFenceJump_4, Collide_RoofFenceJump_5, exterior_roof_7, exterior_roof_9, exterior_roof_1, stairs_to_roof, JumpRegion_YellowBuilding_1, JumpRegion_YellowBuilding_10, JumpRegion_YellowBuilding_11, JumpRegion_YellowBuilding_2, JumpRegion_YellowBuilding_3, JumpRegion_YellowBuilding_4, JumpRegion_YellowBuilding_5, JumpRegion_YellowBuilding_6, JumpRegion_YellowBuilding_7, JumpRegion_YellowBuilding_9, another_rooftop_1, another_rooftop_2, another_rooftop_3, another_rooftop_4, another_rooftop_5.
ERROR: Stalker jump region 'Collide_RoofFenceJump_13' cannot reach 34 region(s): interior_lower, interior_upper_left, interior_upper_right, exterior_roof_1.5, exterior_fence_bump, Collide_RoofFenceJump_10, Collide_RoofFenceJump_11, Collide_RoofFenceJump_12, Collide_RoofFenceJump_14, Collide_RoofFenceJump_15, exterior_roof_8, exterior_roof_3, Collide_RoofFenceJump_4, Collide_RoofFenceJump_5, exterior_roof_7, Collide_RoofFenceJump_8, exterior_roof_9, exterior_roof_1, stairs_to_roof, JumpRegion_YellowBuilding_1, JumpRegion_YellowBuilding_10, JumpRegion_YellowBuilding_11, JumpRegion_YellowBuilding_2, JumpRegion_YellowBuilding_3, JumpRegion_YellowBuilding_4, JumpRegion_YellowBuilding_5, JumpRegion_YellowBuilding_6, JumpRegion_YellowBuilding_7, JumpRegion_YellowBuilding_9, another_rooftop_1, another_rooftop_2, another_rooftop_3, another_rooftop_4, another_rooftop_5.
ERROR: Stalker jump region 'Collide_RoofFenceJump_14' cannot reach 34 region(s): interior_lower, interior_upper_left, interior_upper_right, exterior_roof_1.5, exterior_fence_bump, Collide_RoofFenceJump_10, Collide_RoofFenceJump_11, Collide_RoofFenceJump_12, Collide_RoofFenceJump_13, Collide_RoofFenceJump_15, exterior_roof_8, exterior_roof_3, Collide_RoofFenceJump_4, Collide_RoofFenceJump_5, exterior_roof_7, Collide_RoofFenceJump_8, exterior_roof_9, exterior_roof_1, stairs_to_roof, JumpRegion_YellowBuilding_1, JumpRegion_YellowBuilding_10, JumpRegion_YellowBuilding_11, JumpRegion_YellowBuilding_2, JumpRegion_YellowBuilding_3, JumpRegion_YellowBuilding_4, JumpRegion_YellowBuilding_5, JumpRegion_YellowBuilding_6, JumpRegion_YellowBuilding_7, JumpRegion_YellowBuilding_9, another_rooftop_1, another_rooftop_2, another_rooftop_3, another_rooftop_4, another_rooftop_5.
ERROR: Stalker jump region 'Collide_RoofFenceJump_15' cannot reach 34 region(s): interior_lower, interior_upper_left, interior_upper_right, exterior_roof_1.5, exterior_fence_bump, Collide_RoofFenceJump_10, Collide_RoofFenceJump_11, Collide_RoofFenceJump_12, Collide_RoofFenceJump_13, Collide_RoofFenceJump_14, exterior_roof_8, exterior_roof_3, Collide_RoofFenceJump_4, Collide_RoofFenceJump_5, exterior_roof_7, Collide_RoofFenceJump_8, exterior_roof_9, exterior_roof_1, stairs_to_roof, JumpRegion_YellowBuilding_1, JumpRegion_YellowBuilding_10, JumpRegion_YellowBuilding_11, JumpRegion_YellowBuilding_2, JumpRegion_YellowBuilding_3, JumpRegion_YellowBuilding_4, JumpRegion_YellowBuilding_5, JumpRegion_YellowBuilding_6, JumpRegion_YellowBuilding_7, JumpRegion_YellowBuilding_9, another_rooftop_1, another_rooftop_2, another_rooftop_3, another_rooftop_4, another_rooftop_5.
ERROR: Stalker jump region 'exterior_roof_8' cannot reach 17 region(s): interior_lower, interior_upper_left, interior_upper_right, Collide_RoofFenceJump_13, Collide_RoofFenceJump_14, Collide_RoofFenceJump_15, stairs_to_roof, JumpRegion_YellowBuilding_1, JumpRegion_YellowBuilding_10, JumpRegion_YellowBuilding_11, JumpRegion_YellowBuilding_2, JumpRegion_YellowBuilding_3, JumpRegion_YellowBuilding_4, JumpRegion_YellowBuilding_5, JumpRegion_YellowBuilding_6, JumpRegion_YellowBuilding_7, JumpRegion_YellowBuilding_9.
ERROR: Stalker jump region 'exterior_roof_3' cannot reach 17 region(s): interior_lower, interior_upper_left, interior_upper_right, Collide_RoofFenceJump_13, Collide_RoofFenceJump_14, Collide_RoofFenceJump_15, stairs_to_roof, JumpRegion_YellowBuilding_1, JumpRegion_YellowBuilding_10, JumpRegion_YellowBuilding_11, JumpRegion_YellowBuilding_2, JumpRegion_YellowBuilding_3, JumpRegion_YellowBuilding_4, JumpRegion_YellowBuilding_5, JumpRegion_YellowBuilding_6, JumpRegion_YellowBuilding_7, JumpRegion_YellowBuilding_9.
ERROR: Stalker jump region 'Collide_RoofFenceJump_4' cannot reach 34 region(s): interior_lower, interior_upper_left, interior_upper_right, exterior_roof_1.5, exterior_fence_bump, Collide_RoofFenceJump_10, Collide_RoofFenceJump_11, Collide_RoofFenceJump_12, Collide_RoofFenceJump_13, Collide_RoofFenceJump_14, Collide_RoofFenceJump_15, exterior_roof_8, exterior_roof_3, Collide_RoofFenceJump_5, exterior_roof_7, Collide_RoofFenceJump_8, exterior_roof_9, exterior_roof_1, stairs_to_roof, JumpRegion_YellowBuilding_1, JumpRegion_YellowBuilding_10, JumpRegion_YellowBuilding_11, JumpRegion_YellowBuilding_2, JumpRegion_YellowBuilding_3, JumpRegion_YellowBuilding_4, JumpRegion_YellowBuilding_5, JumpRegion_YellowBuilding_6, JumpRegion_YellowBuilding_7, JumpRegion_YellowBuilding_9, another_rooftop_1, another_rooftop_2, another_rooftop_3, another_rooftop_4, another_rooftop_5.
ERROR: Stalker jump region 'Collide_RoofFenceJump_5' cannot reach 34 region(s): interior_lower, interior_upper_left, interior_upper_right, exterior_roof_1.5, exterior_fence_bump, Collide_RoofFenceJump_10, Collide_RoofFenceJump_11, Collide_RoofFenceJump_12, Collide_RoofFenceJump_13, Collide_RoofFenceJump_14, Collide_RoofFenceJump_15, exterior_roof_8, exterior_roof_3, Collide_RoofFenceJump_4, exterior_roof_7, Collide_RoofFenceJump_8, exterior_roof_9, exterior_roof_1, stairs_to_roof, JumpRegion_YellowBuilding_1, JumpRegion_YellowBuilding_10, JumpRegion_YellowBuilding_11, JumpRegion_YellowBuilding_2, JumpRegion_YellowBuilding_3, JumpRegion_YellowBuilding_4, JumpRegion_YellowBuilding_5, JumpRegion_YellowBuilding_6, JumpRegion_YellowBuilding_7, JumpRegion_YellowBuilding_9, another_rooftop_1, another_rooftop_2, another_rooftop_3, another_rooftop_4, another_rooftop_5.
ERROR: Stalker jump region 'exterior_roof_7' cannot reach 17 region(s): interior_lower, interior_upper_left, interior_upper_right, Collide_RoofFenceJump_13, Collide_RoofFenceJump_14, Collide_RoofFenceJump_15, stairs_to_roof, JumpRegion_YellowBuilding_1, JumpRegion_YellowBuilding_10, JumpRegion_YellowBuilding_11, JumpRegion_YellowBuilding_2, JumpRegion_YellowBuilding_3, JumpRegion_YellowBuilding_4, JumpRegion_YellowBuilding_5, JumpRegion_YellowBuilding_6, JumpRegion_YellowBuilding_7, JumpRegion_YellowBuilding_9.
ERROR: Stalker jump region 'Collide_RoofFenceJump_8' cannot reach 34 region(s): interior_lower, interior_upper_left, interior_upper_right, exterior_roof_1.5, exterior_fence_bump, Collide_RoofFenceJump_10, Collide_RoofFenceJump_11, Collide_RoofFenceJump_12, Collide_RoofFenceJump_13, Collide_RoofFenceJump_14, Collide_RoofFenceJump_15, exterior_roof_8, exterior_roof_3, Collide_RoofFenceJump_4, Collide_RoofFenceJump_5, exterior_roof_7, exterior_roof_9, exterior_roof_1, stairs_to_roof, JumpRegion_YellowBuilding_1, JumpRegion_YellowBuilding_10, JumpRegion_YellowBuilding_11, JumpRegion_YellowBuilding_2, JumpRegion_YellowBuilding_3, JumpRegion_YellowBuilding_4, JumpRegion_YellowBuilding_5, JumpRegion_YellowBuilding_6, JumpRegion_YellowBuilding_7, JumpRegion_YellowBuilding_9, another_rooftop_1, another_rooftop_2, another_rooftop_3, another_rooftop_4, another_rooftop_5.
ERROR: Stalker jump region 'exterior_roof_9' cannot reach 34 region(s): interior_lower, interior_upper_left, interior_upper_right, exterior_roof_1.5, exterior_fence_bump, Collide_RoofFenceJump_10, Collide_RoofFenceJump_11, Collide_RoofFenceJump_12, Collide_RoofFenceJump_13, Collide_RoofFenceJump_14, Collide_RoofFenceJump_15, exterior_roof_8, exterior_roof_3, Collide_RoofFenceJump_4, Collide_RoofFenceJump_5, exterior_roof_7, Collide_RoofFenceJump_8, exterior_roof_1, stairs_to_roof, JumpRegion_YellowBuilding_1, JumpRegion_YellowBuilding_10, JumpRegion_YellowBuilding_11, JumpRegion_YellowBuilding_2, JumpRegion_YellowBuilding_3, JumpRegion_YellowBuilding_4, JumpRegion_YellowBuilding_5, JumpRegion_YellowBuilding_6, JumpRegion_YellowBuilding_7, JumpRegion_YellowBuilding_9, another_rooftop_1, another_rooftop_2, another_rooftop_3, another_rooftop_4, another_rooftop_5.
ERROR: Stalker jump region 'exterior_roof_1' cannot reach 17 region(s): interior_lower, interior_upper_left, interior_upper_right, Collide_RoofFenceJump_13, Collide_RoofFenceJump_14, Collide_RoofFenceJump_15, stairs_to_roof, JumpRegion_YellowBuilding_1, JumpRegion_YellowBuilding_10, JumpRegion_YellowBuilding_11, JumpRegion_YellowBuilding_2, JumpRegion_YellowBuilding_3, JumpRegion_YellowBuilding_4, JumpRegion_YellowBuilding_5, JumpRegion_YellowBuilding_6, JumpRegion_YellowBuilding_7, JumpRegion_YellowBuilding_9.
ERROR: Stalker jump region 'stairs_to_roof' cannot reach 34 region(s): interior_lower, interior_upper_left, interior_upper_right, exterior_roof_1.5, exterior_fence_bump, Collide_RoofFenceJump_10, Collide_RoofFenceJump_11, Collide_RoofFenceJump_12, Collide_RoofFenceJump_13, Collide_RoofFenceJump_14, Collide_RoofFenceJump_15, exterior_roof_8, exterior_roof_3, Collide_RoofFenceJump_4, Collide_RoofFenceJump_5, exterior_roof_7, Collide_RoofFenceJump_8, exterior_roof_9, exterior_roof_1, JumpRegion_YellowBuilding_1, JumpRegion_YellowBuilding_10, JumpRegion_YellowBuilding_11, JumpRegion_YellowBuilding_2, JumpRegion_YellowBuilding_3, JumpRegion_YellowBuilding_4, JumpRegion_YellowBuilding_5, JumpRegion_YellowBuilding_6, JumpRegion_YellowBuilding_7, JumpRegion_YellowBuilding_9, another_rooftop_1, another_rooftop_2, another_rooftop_3, another_rooftop_4, another_rooftop_5.
ERROR: Stalker jump region 'JumpRegion_YellowBuilding_1' cannot reach 31 region(s): interior_lower, interior_upper_left, interior_upper_right, exterior_roof_1.5, exterior_fence_bump, Collide_RoofFenceJump_10, Collide_RoofFenceJump_11, Collide_RoofFenceJump_12, Collide_RoofFenceJump_13, Collide_RoofFenceJump_14, Collide_RoofFenceJump_15, exterior_roof_8, exterior_roof_3, Collide_RoofFenceJump_4, Collide_RoofFenceJump_5, exterior_roof_7, Collide_RoofFenceJump_8, exterior_roof_9, exterior_roof_1, stairs_to_roof, JumpRegion_YellowBuilding_10, JumpRegion_YellowBuilding_11, JumpRegion_YellowBuilding_5, JumpRegion_YellowBuilding_6, JumpRegion_YellowBuilding_7, JumpRegion_YellowBuilding_9, another_rooftop_1, another_rooftop_2, another_rooftop_3, another_rooftop_4, another_rooftop_5.
ERROR: Stalker jump region 'JumpRegion_YellowBuilding_10' cannot reach 31 region(s): interior_lower, interior_upper_left, interior_upper_right, exterior_roof_1.5, exterior_fence_bump, Collide_RoofFenceJump_10, Collide_RoofFenceJump_11, Collide_RoofFenceJump_12, Collide_RoofFenceJump_13, Collide_RoofFenceJump_14, Collide_RoofFenceJump_15, exterior_roof_8, exterior_roof_3, Collide_RoofFenceJump_4, Collide_RoofFenceJump_5, exterior_roof_7, Collide_RoofFenceJump_8, exterior_roof_9, exterior_roof_1, stairs_to_roof, JumpRegion_YellowBuilding_1, JumpRegion_YellowBuilding_2, JumpRegion_YellowBuilding_3, JumpRegion_YellowBuilding_4, JumpRegion_YellowBuilding_6, JumpRegion_YellowBuilding_7, another_rooftop_1, another_rooftop_2, another_rooftop_3, another_rooftop_4, another_rooftop_5.
ERROR: Stalker jump region 'JumpRegion_YellowBuilding_11' cannot reach 34 region(s): interior_lower, interior_upper_left, interior_upper_right, exterior_roof_1.5, exterior_fence_bump, Collide_RoofFenceJump_10, Collide_RoofFenceJump_11, Collide_RoofFenceJump_12, Collide_RoofFenceJump_13, Collide_RoofFenceJump_14, Collide_RoofFenceJump_15, exterior_roof_8, exterior_roof_3, Collide_RoofFenceJump_4, Collide_RoofFenceJump_5, exterior_roof_7, Collide_RoofFenceJump_8, exterior_roof_9, exterior_roof_1, stairs_to_roof, JumpRegion_YellowBuilding_1, JumpRegion_YellowBuilding_10, JumpRegion_YellowBuilding_2, JumpRegion_YellowBuilding_3, JumpRegion_YellowBuilding_4, JumpRegion_YellowBuilding_5, JumpRegion_YellowBuilding_6, JumpRegion_YellowBuilding_7, JumpRegion_YellowBuilding_9, another_rooftop_1, another_rooftop_2, another_rooftop_3, another_rooftop_4, another_rooftop_5.
ERROR: Stalker jump region 'JumpRegion_YellowBuilding_2' cannot reach 34 region(s): interior_lower, interior_upper_left, interior_upper_right, exterior_roof_1.5, exterior_fence_bump, Collide_RoofFenceJump_10, Collide_RoofFenceJump_11, Collide_RoofFenceJump_12, Collide_RoofFenceJump_13, Collide_RoofFenceJump_14, Collide_RoofFenceJump_15, exterior_roof_8, exterior_roof_3, Collide_RoofFenceJump_4, Collide_RoofFenceJump_5, exterior_roof_7, Collide_RoofFenceJump_8, exterior_roof_9, exterior_roof_1, stairs_to_roof, JumpRegion_YellowBuilding_1, JumpRegion_YellowBuilding_10, JumpRegion_YellowBuilding_11, JumpRegion_YellowBuilding_3, JumpRegion_YellowBuilding_4, JumpRegion_YellowBuilding_5, JumpRegion_YellowBuilding_6, JumpRegion_YellowBuilding_7, JumpRegion_YellowBuilding_9, another_rooftop_1, another_rooftop_2, another_rooftop_3, another_rooftop_4, another_rooftop_5.
ERROR: Stalker jump region 'JumpRegion_YellowBuilding_3' cannot reach 33 region(s): interior_lower, interior_upper_left, interior_upper_right, exterior_roof_1.5, exterior_fence_bump, Collide_RoofFenceJump_10, Collide_RoofFenceJump_11, Collide_RoofFenceJump_12, Collide_RoofFenceJump_13, Collide_RoofFenceJump_14, Collide_RoofFenceJump_15, exterior_roof_8, exterior_roof_3, Collide_RoofFenceJump_4, Collide_RoofFenceJump_5, exterior_roof_7, Collide_RoofFenceJump_8, exterior_roof_9, exterior_roof_1, stairs_to_roof, JumpRegion_YellowBuilding_1, JumpRegion_YellowBuilding_10, JumpRegion_YellowBuilding_11, JumpRegion_YellowBuilding_2, JumpRegion_YellowBuilding_5, JumpRegion_YellowBuilding_6, JumpRegion_YellowBuilding_7, JumpRegion_YellowBuilding_9, another_rooftop_1, another_rooftop_2, another_rooftop_3, another_rooftop_4, another_rooftop_5.
ERROR: Stalker jump region 'JumpRegion_YellowBuilding_4' cannot reach 34 region(s): interior_lower, interior_upper_left, interior_upper_right, exterior_roof_1.5, exterior_fence_bump, Collide_RoofFenceJump_10, Collide_RoofFenceJump_11, Collide_RoofFenceJump_12, Collide_RoofFenceJump_13, Collide_RoofFenceJump_14, Collide_RoofFenceJump_15, exterior_roof_8, exterior_roof_3, Collide_RoofFenceJump_4, Collide_RoofFenceJump_5, exterior_roof_7, Collide_RoofFenceJump_8, exterior_roof_9, exterior_roof_1, stairs_to_roof, JumpRegion_YellowBuilding_1, JumpRegion_YellowBuilding_10, JumpRegion_YellowBuilding_11, JumpRegion_YellowBuilding_2, JumpRegion_YellowBuilding_3, JumpRegion_YellowBuilding_5, JumpRegion_YellowBuilding_6, JumpRegion_YellowBuilding_7, JumpRegion_YellowBuilding_9, another_rooftop_1, another_rooftop_2, another_rooftop_3, another_rooftop_4, another_rooftop_5.
ERROR: Stalker jump region 'JumpRegion_YellowBuilding_5' cannot reach 33 region(s): interior_lower, interior_upper_left, interior_upper_right, exterior_roof_1.5, exterior_fence_bump, Collide_RoofFenceJump_10, Collide_RoofFenceJump_11, Collide_RoofFenceJump_12, Collide_RoofFenceJump_13, Collide_RoofFenceJump_14, Collide_RoofFenceJump_15, exterior_roof_8, exterior_roof_3, Collide_RoofFenceJump_4, Collide_RoofFenceJump_5, exterior_roof_7, Collide_RoofFenceJump_8, exterior_roof_9, exterior_roof_1, stairs_to_roof, JumpRegion_YellowBuilding_1, JumpRegion_YellowBuilding_10, JumpRegion_YellowBuilding_11, JumpRegion_YellowBuilding_2, JumpRegion_YellowBuilding_3, JumpRegion_YellowBuilding_4, JumpRegion_YellowBuilding_6, JumpRegion_YellowBuilding_7, another_rooftop_1, another_rooftop_2, another_rooftop_3, another_rooftop_4, another_rooftop_5.
ERROR: Stalker jump region 'JumpRegion_YellowBuilding_6' cannot reach 33 region(s): interior_lower, interior_upper_left, interior_upper_right, exterior_roof_1.5, exterior_fence_bump, Collide_RoofFenceJump_10, Collide_RoofFenceJump_11, Collide_RoofFenceJump_12, Collide_RoofFenceJump_13, Collide_RoofFenceJump_14, Collide_RoofFenceJump_15, exterior_roof_8, exterior_roof_3, Collide_RoofFenceJump_4, Collide_RoofFenceJump_5, exterior_roof_7, Collide_RoofFenceJump_8, exterior_roof_9, exterior_roof_1, stairs_to_roof, JumpRegion_YellowBuilding_1, JumpRegion_YellowBuilding_10, JumpRegion_YellowBuilding_11, JumpRegion_YellowBuilding_2, JumpRegion_YellowBuilding_3, JumpRegion_YellowBuilding_4, JumpRegion_YellowBuilding_5, JumpRegion_YellowBuilding_9, another_rooftop_1, another_rooftop_2, another_rooftop_3, another_rooftop_4, another_rooftop_5.
ERROR: Stalker jump region 'JumpRegion_YellowBuilding_7' cannot reach 33 region(s): interior_lower, interior_upper_left, interior_upper_right, exterior_roof_1.5, exterior_fence_bump, Collide_RoofFenceJump_10, Collide_RoofFenceJump_11, Collide_RoofFenceJump_12, Collide_RoofFenceJump_13, Collide_RoofFenceJump_14, Collide_RoofFenceJump_15, exterior_roof_8, exterior_roof_3, Collide_RoofFenceJump_4, Collide_RoofFenceJump_5, exterior_roof_7, Collide_RoofFenceJump_8, exterior_roof_9, exterior_roof_1, stairs_to_roof, JumpRegion_YellowBuilding_1, JumpRegion_YellowBuilding_10, JumpRegion_YellowBuilding_11, JumpRegion_YellowBuilding_2, JumpRegion_YellowBuilding_3, JumpRegion_YellowBuilding_4, JumpRegion_YellowBuilding_5, JumpRegion_YellowBuilding_9, another_rooftop_1, another_rooftop_2, another_rooftop_3, another_rooftop_4, another_rooftop_5.
ERROR: Stalker jump region 'JumpRegion_YellowBuilding_9' cannot reach 33 region(s): interior_lower, interior_upper_left, interior_upper_right, exterior_roof_1.5, exterior_fence_bump, Collide_RoofFenceJump_10, Collide_RoofFenceJump_11, Collide_RoofFenceJump_12, Collide_RoofFenceJump_13, Collide_RoofFenceJump_14, Collide_RoofFenceJump_15, exterior_roof_8, exterior_roof_3, Collide_RoofFenceJump_4, Collide_RoofFenceJump_5, exterior_roof_7, Collide_RoofFenceJump_8, exterior_roof_9, exterior_roof_1, stairs_to_roof, JumpRegion_YellowBuilding_1, JumpRegion_YellowBuilding_10, JumpRegion_YellowBuilding_11, JumpRegion_YellowBuilding_2, JumpRegion_YellowBuilding_3, JumpRegion_YellowBuilding_4, JumpRegion_YellowBuilding_6, JumpRegion_YellowBuilding_7, another_rooftop_1, another_rooftop_2, another_rooftop_3, another_rooftop_4, another_rooftop_5.
ERROR: Stalker jump region 'another_rooftop_1' cannot reach 30 region(s): interior_lower, interior_upper_left, interior_upper_right, exterior_roof_1.5, exterior_fence_bump, Collide_RoofFenceJump_10, Collide_RoofFenceJump_11, Collide_RoofFenceJump_12, Collide_RoofFenceJump_13, Collide_RoofFenceJump_14, Collide_RoofFenceJump_15, exterior_roof_8, exterior_roof_3, Collide_RoofFenceJump_4, Collide_RoofFenceJump_5, exterior_roof_7, Collide_RoofFenceJump_8, exterior_roof_9, exterior_roof_1, stairs_to_roof, JumpRegion_YellowBuilding_1, JumpRegion_YellowBuilding_10, JumpRegion_YellowBuilding_11, JumpRegion_YellowBuilding_2, JumpRegion_YellowBuilding_3, JumpRegion_YellowBuilding_4, JumpRegion_YellowBuilding_5, JumpRegion_YellowBuilding_6, JumpRegion_YellowBuilding_7, JumpRegion_YellowBuilding_9.
ERROR: Stalker jump region 'another_rooftop_2' cannot reach 30 region(s): interior_lower, interior_upper_left, interior_upper_right, exterior_roof_1.5, exterior_fence_bump, Collide_RoofFenceJump_10, Collide_RoofFenceJump_11, Collide_RoofFenceJump_12, Collide_RoofFenceJump_13, Collide_RoofFenceJump_14, Collide_RoofFenceJump_15, exterior_roof_8, exterior_roof_3, Collide_RoofFenceJump_4, Collide_RoofFenceJump_5, exterior_roof_7, Collide_RoofFenceJump_8, exterior_roof_9, exterior_roof_1, stairs_to_roof, JumpRegion_YellowBuilding_1, JumpRegion_YellowBuilding_10, JumpRegion_YellowBuilding_11, JumpRegion_YellowBuilding_2, JumpRegion_YellowBuilding_3, JumpRegion_YellowBuilding_4, JumpRegion_YellowBuilding_5, JumpRegion_YellowBuilding_6, JumpRegion_YellowBuilding_7, JumpRegion_YellowBuilding_9.
ERROR: Stalker jump region 'another_rooftop_3' cannot reach 30 region(s): interior_lower, interior_upper_left, interior_upper_right, exterior_roof_1.5, exterior_fence_bump, Collide_RoofFenceJump_10, Collide_RoofFenceJump_11, Collide_RoofFenceJump_12, Collide_RoofFenceJump_13, Collide_RoofFenceJump_14, Collide_RoofFenceJump_15, exterior_roof_8, exterior_roof_3, Collide_RoofFenceJump_4, Collide_RoofFenceJump_5, exterior_roof_7, Collide_RoofFenceJump_8, exterior_roof_9, exterior_roof_1, stairs_to_roof, JumpRegion_YellowBuilding_1, JumpRegion_YellowBuilding_10, JumpRegion_YellowBuilding_11, JumpRegion_YellowBuilding_2, JumpRegion_YellowBuilding_3, JumpRegion_YellowBuilding_4, JumpRegion_YellowBuilding_5, JumpRegion_YellowBuilding_6, JumpRegion_YellowBuilding_7, JumpRegion_YellowBuilding_9.
ERROR: Stalker jump region 'another_rooftop_4' cannot reach 33 region(s): interior_lower, interior_upper_left, interior_upper_right, exterior_roof_1.5, exterior_fence_bump, Collide_RoofFenceJump_10, Collide_RoofFenceJump_11, Collide_RoofFenceJump_12, Collide_RoofFenceJump_13, Collide_RoofFenceJump_14, Collide_RoofFenceJump_15, exterior_roof_8, exterior_roof_3, Collide_RoofFenceJump_4, Collide_RoofFenceJump_5, exterior_roof_7, Collide_RoofFenceJump_8, exterior_roof_9, exterior_roof_1, stairs_to_roof, JumpRegion_YellowBuilding_1, JumpRegion_YellowBuilding_10, JumpRegion_YellowBuilding_11, JumpRegion_YellowBuilding_2, JumpRegion_YellowBuilding_3, JumpRegion_YellowBuilding_4, JumpRegion_YellowBuilding_5, JumpRegion_YellowBuilding_6, JumpRegion_YellowBuilding_7, JumpRegion_YellowBuilding_9, another_rooftop_1, another_rooftop_2, another_rooftop_3.
ERROR: Stalker jump region 'another_rooftop_5' cannot reach 34 region(s): interior_lower, interior_upper_left, interior_upper_right, exterior_roof_1.5, exterior_fence_bump, Collide_RoofFenceJump_10, Collide_RoofFenceJump_11, Collide_RoofFenceJump_12, Collide_RoofFenceJump_13, Collide_RoofFenceJump_14, Collide_RoofFenceJump_15, exterior_roof_8, exterior_roof_3, Collide_RoofFenceJump_4, Collide_RoofFenceJump_5, exterior_roof_7, Collide_RoofFenceJump_8, exterior_roof_9, exterior_roof_1, stairs_to_roof, JumpRegion_YellowBuilding_1, JumpRegion_YellowBuilding_10, JumpRegion_YellowBuilding_11, JumpRegion_YellowBuilding_2, JumpRegion_YellowBuilding_3, JumpRegion_YellowBuilding_4, JumpRegion_YellowBuilding_5, JumpRegion_YellowBuilding_6, JumpRegion_YellowBuilding_7, JumpRegion_YellowBuilding_9, another_rooftop_1, another_rooftop_2, another_rooftop_3, another_rooftop_4.
[WallSlide diag2] MAP OnEnter: diagnostics loaded; state=0
ERROR: No animation direction named ''
ERROR: No animation direction named ''
ERROR: No animation direction named ''
ERROR: No animation direction named ''
ERROR: No animation direction named ''
ERROR: Mesh 'player_body_soldier.msh' has skeleton bone mismatch in the follow animations: 
- player_prone_fwd_head_bob.anm (1 missmatch): j_hair_End 
- wake_up_from_death_1_crouch.anm (21 missmatch): j_L_girdle_waist_1_1 j_L_girdle_waist_1_2 j_L_girdle_waist_1_3 j_L_girdle_waist_2_1 j_L_girdl...
- wake_up_from_death_3_crouch.anm (21 missmatch): j_L_girdle_waist_1_1 j_L_girdle_waist_1_2 j_L_girdle_waist_1_3 j_L_girdle_waist_2_1 j_L_girdl...
- lean_left.anm (21 missmatch): j_L_girdle_waist_1_1 j_L_girdle_waist_1_2 j_L_girdle_waist_1_3 j_L_girdle_waist_2_1 j_L_girdl...
- lean_right.anm (21 missmatch): j_L_girdle_waist_1_1 j_L_girdle_waist_1_2 j_L_girdle_waist_1_3 j_L_girdle_waist_2_1 j_L_girdl...
- player_death_front.anm (1 missmatch): j_hair_End 
- player_death_back.anm (1 missmatch): j_hair_End 
- player_throw_standing_1.anm (1 missmatch): j_hair_End 
- player_throw_standing_2.anm (1 missmatch): j_hair_End 
- player_throw_crouching_1.anm (1 missmatch): j_hair_End 
- player_throw_crouching_2.anm (1 missmatch): j_hair_End 
- player_death_hole_left.anm (1 missmatch): j_hair_End 
- player_death_hole_right.anm (1 missmatch): j_hair_End 
- player_death_under.anm (1 missmatch): j_hair_End 
- player_death_ladder.anm (1 missmatch): j_hair_End 
- player_death_hole_back.anm (1 missmatch): j_hair_End 
- player_death_hole_front.anm (1 missmatch): j_hair_End 
  Loaded resource c:/Program Files (x86)/Steam/steamapps/common/Amnesia The Bunker/script/props/Prop_PlayerBody.hps in 30 ms
WARNING: Loaded resource 'props/Prop_PlayerBody.hps' while the map was running.
Setting RenderLayers, Body: 0 Arms: 1Submesh: PlayerBody_0_player_body_soldier_bodySubmesh: PlayerBody_0_player_body_soldier_armsSubmesh: PlayerBody_0_player_body_soldier_shadowcasterSubmesh: PlayerBody_0_player_body_soldier_handMesh: PlayerBody_0submesh indices: body: 1 arms: 3  Loaded resource c:/Program Files (x86)/Steam/steamapps/common/Amnesia The Bunker/graphics/inventory/inventory_vignette.dds in 1 ms
WARNING: Loaded resource 'inventory_vignette.dds' while the map was running.
  Loaded resource c:/Program Files (x86)/Steam/steamapps/common/Amnesia The Bunker/fonts/work_56.fnt in 17 ms
WARNING: Loaded resource 'work_56.fnt' while the map was running.
WARNING: Loaded sound 'dw_tunnel/amb/dw_open_world' while the map was running. Preload it instead
WARNING: Loaded sound 'entities_station/doors/vent_gate/vent_gate_onmax' while the map was running. Preload it instead
    Loaded resource c:/Program Files (x86)/Steam/steamapps/common/Amnesia The Bunker/mods/BunkersEdge/entities/arabic_fort/rope/ab_interior_tileable_rope_01.dds in 5 ms
WARNING: Loaded resource 'entities/arabic_fort/rope/ab_interior_tileable_rope_01.dds' while the map was running.
    Loaded resource c:/Program Files (x86)/Steam/steamapps/common/Amnesia The Bunker/entities/arabic_fort/rope/ab_interior_tileable_rope_01_nrm.dds in 1 ms
WARNING: Loaded resource 'entities/arabic_fort/rope/ab_interior_tileable_rope_01_nrm.dds' while the map was running.
    Loaded resource c:/Program Files (x86)/Steam/steamapps/common/Amnesia The Bunker/entities/arabic_fort/rope/ab_interior_tileable_rope_01_height.dds in 0 ms
WARNING: Loaded resource 'entities/arabic_fort/rope/ab_interior_tileable_rope_01_height.dds' while the map was running.
  Loaded resource c:/Program Files (x86)/Steam/steamapps/common/Amnesia The Bunker/entities/arabic_fort/rope/ab_interior_tileable_rope_01.mat in 8 ms
WARNING: Loaded resource 'entities/arabic_fort/rope/ab_interior_tileable_rope_01.mat' while the map was running.
----- GOT FOCUS ----------
------- RECOMPILE SCRIPT BEGIN ----------
------- RECOMPILE SCRIPT END: 1ms ----------
-------------------------
-------- Debug window open!
-------- Debug window closed!
[GameStatsModule] Saving Game Stats for slot: base
-------------- SAVE THREAD INIT -----------------
-------------- SAVE THREAD COMPLETED -----------------
  Loaded resource c:/Program Files (x86)/Steam/steamapps/common/Amnesia The Bunker/graphics/imgui/default/imgui_pointer_normal.tga in 0 ms
WARNING: Loaded resource 'imgui_pointer_normal.tga' while the map was running.
  Loaded resource c:/Program Files (x86)/Steam/steamapps/common/Amnesia The Bunker/mods/BunkersEdge/fonts/orbitron_72.fnt in 10 ms
WARNING: Loaded resource 'orbitron_72.fnt' while the map was running.
WARNING: Loaded sound 'special_fx/frontend/pause' while the map was running. Preload it instead
WARNING: Loaded sound 'special_fx/frontend/frontend_menu_focus' while the map was running. Preload it instead
WARNING: Loaded sound 'special_fx/frontend/frontend_menu_select' while the map was running. Preload it instead
ERROR: Could not find sound entity MenuBGNoise in Sound_Stop
--------------------------------------------------------

Statistics
--------------------------------------------------------
 Medium framerate: 228.319933
--------------------------------------------------------

User Exit
--------------------------------------------------------
 Saving user config.
 Saving key config. 
 Deleting game modules.
   'LuxMusicHandler'
   'LoadHandler'
   'LuxInputHandler'
   'LuxHelpFuncs'
   'LuxMapHelper'
   'LuxGuiHandler'
   'LuxVoiceHandler'
   'LuxAchievementHandler'
   'LuxRichPresenceHandler'
   'LuxUsersHandler'
   'LuxHeroStatsHandler'
   'LuxDebugHandler'
   'LuxMapHandler'
  Destroyed resource 'swingdoor_metal_flesher.dds'
  Destroyed resource 'swingdoor_metal_flesher_nrm.dds'
  Destroyed resource 'swingdoor_metal_flesher_spec.dds'
  Destroyed resource 'mods/bunkersedge/entities/station/doors/swingdoor_metal_flesher/swingdoor_metal_flesher.mat'
  Destroyed resource 'swingdoor_metal_flesher_door.msh'
  Destroyed resource 'entities/station/lamp/ceiling_shutter_large/ceiling_shutter_large_white.dds'
  Destroyed resource 'entities/station/lamp/ceiling_shutter_large/ceiling_shutter_large_nrm.dds'
  Destroyed resource 'entities/station/lamp/ceiling_shutter_large/ceiling_shutter_large_spec.dds'
  Destroyed resource 'entities/station/lamp/ceiling_shutter_large/ceiling_shutter_large_illum.dds'
  Destroyed resource 'entities/station/lamp/ceiling_shutter_large/ceiling_shutter_large_white.mat'
  Destroyed resource 'ceiling_shutter_large_white_noshutter.msh'
  Destroyed resource 'Lockbox.dds'
  Destroyed resource 'Lockbox_nrm.dds'
  Destroyed resource 'Lockbox_spec.dds'
  Destroyed resource 'entities/bunker/storage/lockbox/lockbox.mat'
  Destroyed resource 'lockbox.msh'
  Destroyed resource 'telegraph_battery_box.dds'
  Destroyed resource 'telegraph_battery_box_nrm.dds'
  Destroyed resource 'telegraph_battery_box_spec.dds'
  Destroyed resource 'd:/projects-abp11/02_project_anubis/06_telegraph_battery_box/substance/texture/new4/telegraph_battery_box.mat'
  Destroyed resource 'telegraph_battery_box.msh'
  Destroyed resource 'entities/nonexclusive/storage/box_laudanum/box_laudanum.dds'
  Destroyed resource 'entities/nonexclusive/storage/box_laudanum/box_laudanum_nrm.dds'
  Destroyed resource 'entities/nonexclusive/storage/box_laudanum/box_laudanum_spec.dds'
  Destroyed resource 'entities/nonexclusive/storage/box_laudanum/box_laudanum.mat'
  Destroyed resource 'box_laudanum_base.msh'
  Destroyed resource 'entities/station/debris/terminal_box/terminal_box.dds'
  Destroyed resource 'entities/station/debris/terminal_box/terminal_box_nrm.dds'
  Destroyed resource 'entities/station/debris/terminal_box/terminal_box_spec.dds'
  Destroyed resource 'entities/station/debris/terminal_box/terminal_box.mat'
  Destroyed resource 'terminal_box.msh'
  Destroyed resource 'box_clothing_closed.msh'
  Destroyed resource 'box_clothing.dds'
  Destroyed resource 'box_clothing_nrm.dds'
  Destroyed resource 'box_clothing_spec.dds'
  Destroyed resource 'entities/station/storage/box_clothing/box_clothing.mat'
  Destroyed resource 'box_clothing_open.msh'
  Destroyed resource 'box_simulation_assets.dds'
  Destroyed resource 'box_simulation_assets_nrm.dds'
  Destroyed resource 'box_simulation_assets_spec.dds'
  Destroyed resource 'entities/station/storage/box_simulation_assets/box_simulation_assets.mat'
  Destroyed resource 'box_simulation_assets.msh'
  Destroyed resource 'entities/station_batch10/tech/junk_programmers_box/junk_programmers_box.dds'
  Destroyed resource 'entities/station_batch10/tech/junk_programmers_box/junk_programmers_box_nrm.dds'
  Destroyed resource 'entities/station_batch10/tech/junk_programmers_box/junk_programmers_box_spec.dds'
  Destroyed resource 'entities/station/tech/junk_programmers_box/junk_programmers_box.mat'
  Destroyed resource 'junk_programmers_box.msh'
  Destroyed resource 'park_bench.dds'
  Destroyed resource 'park_bench_nrm.dds'
  Destroyed resource 'park_bench_spec.dds'
  Destroyed resource 'entities/dream/park/park_bench/park_bench.mat'
  Destroyed resource 'park_bench.msh'
  Destroyed resource 'static_objects/station/roof/lab_ceiling_pipes_orange.dds'
  Destroyed resource 'static_objects/station/roof/lab_ceiling_pipes_orange.mat'
  Destroyed resource 'lab_cable_thick_posable.msh'
  Destroyed resource 'entities/station/ornaments/wet_floor_sign/wet_floor_sign.dds'
  Destroyed resource 'entities/station/ornaments/wet_floor_sign/wet_floor_sign_nrm.dds'
  Destroyed resource 'entities/station/ornaments/wet_floor_sign/wet_floor_sign_spec.dds'
  Destroyed resource 'entities/station/ornaments/wet_floor_sign/wet_floor_sign.mat'
  Destroyed resource 'wet_floor_sign.msh'
  Destroyed resource 'static_objects/station/floor/catwalk_white.dds'
  Destroyed resource 'static_objects/station/floor/catwalk_white_nrm.dds'
  Destroyed resource 'static_objects/station/floor/catwalk_white_spec.dds'
  Destroyed resource 'entities/station/ornaments/girder_support/girder_support.mat'
  Destroyed resource 'girder_support.msh'
  Destroyed resource 'entities/character/stalker/stalker_body/monster_head_nrm.dds'
  Destroyed resource 'entities/character/stalker/stalker_body/monster_head_spec.dds'
  Destroyed resource 'entities/character/stalker/stalker_body/monster_head.dds'
  Destroyed resource 'entities/character/stalker/stalker_body/monster_head.mat'
  Destroyed resource 'entities/character/stalker/stalker_body/monster_body_nrm.dds'
  Destroyed resource 'entities/character/stalker/stalker_body/monster_body_spec.dds'
  Destroyed resource 'entities/character/stalker/stalker_body/monster_body.dds'
  Destroyed resource 'entities/character/stalker/stalker_body/monster_body.mat'
  Destroyed resource 'stalker_new.msh'
  Destroyed resource '../../Props/station_batch11/bucket/bucket/tools/bucket/bucket.dds'
  Destroyed resource '../../Props/station_batch11/bucket/bucket/tools/bucket/bucket_nrm.dds'
  Destroyed resource '../../Props/station_batch11/bucket/bucket/tools/bucket/bucket_spec.dds'
  Destroyed resource 'entities/station/tools/bucket/bucket.mat'
  Destroyed resource 'bucket.msh'
  Destroyed resource 'entities/station/doors/swingdoor_fencing_round/swingdoor_fencing_round_locks_nrm.dds'
  Destroyed resource 'entities/station/doors/swingdoor_fencing_round/swingdoor_fencing_round_locks_spec.dds'
  Destroyed resource 'entities/station/doors/swingdoor_fencing_round/swingdoor_fencing_round_locks.dds'
  Destroyed resource 'entities/station/doors/swingdoor_fencing_round/swingdoor_fencing_round_locks.mat'
  Destroyed resource 'swingdoor_fencing_round_locked.msh'
  Destroyed resource 'computer_ark_room_02.dds'
  Destroyed resource 'computer_ark_room_02_nrm.dds'
  Destroyed resource 'computer_ark_room_02_spec.dds'
  Destroyed resource 'computer_ark_room_02_illum.dds'
  Destroyed resource 'entities/station/tech/computer_ark_room_02/computer_ark_room_02.mat'
  Destroyed resource 'computer_ark_room_02.msh'
  Destroyed resource 'entities/station/tech/computer_panels/computer_panels_white.dds'
  Destroyed resource 'entities/station/tech/computer_panels/computer_panels_white.mat'
  Destroyed resource 'entities/station/tech/computer_panels/computer_panels.dds'
  Destroyed resource 'entities/station/tech/computer_panels/computer_panels_nrm.dds'
  Destroyed resource 'entities/station/tech/computer_panels/computer_panels_spec.dds'
  Destroyed resource 'entities/station/tech/computer_panels/computer_panels_env_alpha.dds'
  Destroyed resource 'entities/station/tech/computer_panels/computer_panels.mat'
  Destroyed resource 'entities/station/tech/computer_panels/computer_panels_small_GUI.dds'
  Destroyed resource 'entities/station/tech/computer_panels/computer_panels_GUI_env_alpha.dds'
  Destroyed resource 'entities/station/tech/computer_panels/computer_panels_medium_gui.mat'
  Destroyed resource 'computer_panel_medium_GUI.msh'
  Destroyed resource 'entities/station/tech/lab_unit_large/lab_unit_large.dds'
  Destroyed resource 'entities/station/tech/lab_unit_large/lab_unit_large_nrm.dds'
  Destroyed resource 'entities/station/tech/lab_unit_large/lab_unit_large_spec.dds'
  Destroyed resource 'entities/station/tech/computer_lab_table/lab_unit_large.mat'
  Destroyed resource 'entities/station/tech/computer_lab_table/computer_lab_table_screen_illum.dds'
  Destroyed resource 'entities/station/tech/computer_lab_table/computer_lab_table_screen.mat'
  Destroyed resource 'computer_lab_table_large.msh'
  Destroyed resource 'entities/station/lamp/fluorescent_tube_slidedoor_medium/fluorescent_tube_slidedoor_medium.dds'
  Destroyed resource 'entities/station/lamp/fluorescent_tube_slidedoor_medium/fluorescent_tube_slidedoor_medium_nrm.dds'
  Destroyed resource 'entities/station/lamp/fluorescent_tube_slidedoor_medium/fluorescent_tube_slidedoor_medium_illum.dds'
  Destroyed resource 'entities/station/lamp/fluorescent_tube_slidedoor_medium/fluorescent_tube_slidedoor_medium.mat'
  Destroyed resource 'fluorescent_tube_slidedoor_medium.msh'
  Destroyed resource 'mouse_trackball_theta.dds'
  Destroyed resource 'mouse_trackball_theta_nrm.dds'
  Destroyed resource 'mouse_trackball_theta_spec.dds'
  Destroyed resource 'entities/station/tech/mouse_trackball_theta/mouse_trackball_theta.mat'
  Destroyed resource 'mouse_trackball_theta.msh'
  Destroyed resource 'entities/station/utility/ventilation_airfreshener/ventilation_airfreshener_nrm.dds'
  Destroyed resource 'entities/station/utility/ventilation_airfreshener/ventilation_airfreshener_spec.dds'
  Destroyed resource 'entities/station/utility/ventilation_airfreshener/ventilation_airfreshener.dds'
  Destroyed resource 'entities/station/utility/ventilation_airfreshener/ventilation_airfreshener_illum.dds'
  Destroyed resource 'entities/station/utility/ventilation_airfreshener/ventilation_airfreshener.mat'
  Destroyed resource 'ventilation_airfreshener.msh'
  Destroyed resource 'chair_work_theta.dds'
  Destroyed resource 'chair_work_theta_nrm.dds'
  Destroyed resource 'chair_work_theta_spec.dds'
  Destroyed resource 'entities/station/furniture/chair_work_theta/chair_work_theta.mat'
  Destroyed resource 'chair_work_theta.msh'
  Destroyed resource 'entities/station_batch10/tech/computer_laptop_modded/computer_laptop_modded.dds'
  Destroyed resource 'entities/station_batch10/tech/computer_laptop_modded/computer_laptop_modded_nrm.dds'
  Destroyed resource 'entities/station_batch10/tech/computer_laptop_modded/computer_laptop_modded_spec.dds'
  Destroyed resource 'entities/station_batch10/tech/computer_laptop_modded/computer_laptop_modded_illum.dds'
  Destroyed resource 'entities/station/tech/computer_laptop_modded/computer_laptop_modded.mat'
  Destroyed resource 'computer_desktop.msh'
  Destroyed resource 'entities/station/lab/algea_crate/algea_crate.dds'
  Destroyed resource 'entities/station/lab/algea_crate/algea_crate_nrm.dds'
  Destroyed resource 'entities/station/lab/algea_crate/algea_crate_spec.dds'
  Destroyed resource 'entities/station/storage/box_spare_fuses/algea_crate.mat'
  Destroyed resource 'entities/station/storage/box_spare_fuses/box_spare_fuses_label_spec.dds'
  Destroyed resource 'entities/station/storage/box_spare_fuses/box_spare_fuses_label.dds'
  Destroyed resource 'entities/station/storage/box_spare_fuses/box_spare_fuses_label.mat'
  Destroyed resource 'box_spare_fuses.msh'
  Destroyed resource 'entities/urban/lamp/flourescent_ceiling_large/flourescent_ceiling_large.DDS'
  Destroyed resource 'entities/urban/lamp/flourescent_ceiling_large/flourescent_ceiling_large_nrm.dds'
  Destroyed resource 'entities/urban/lamp/flourescent_ceiling_large/flourescent_ceiling_large_spec.dds'
  Destroyed resource 'entities/urban/lamp/flourescent_ceiling_large/flourescent_ceiling_large_illum.dds'
  Destroyed resource 'entities/urban/lamp/flourescent_ceiling_large/flourescent_ceiling_large.mat'
  Destroyed resource 'flourescent_ceiling_large.msh'
  Destroyed resource 'd:/svn/depth_trunk/redist/billboards/halo/lampglow_generic_no_depth.mat'
  Destroyed resource 'entities/station/doors/door_hatch_slide_ventilation/door_hatch_slide_ventilation_white.dds'
  Destroyed resource 'entities/station/doors/door_hatch_slide_ventilation/door_hatch_slide_ventilation_white.mat'
  Destroyed resource 'D:/Work/studio/Frictional Games/SVN REPOSITORY/application/entities/station_batch06/door/door_hatch_slide_ventilation/door_hatch_slide_ventilation.dds'
  Destroyed resource 'entities/station/doors/door_hatch_slide_ventilation/door_hatch_slide_ventilation_nrm.dds'
  Destroyed resource 'entities/station/doors/door_hatch_slide_ventilation/door_hatch_slide_ventilation_spec.dds'
  Destroyed resource 'entities/station/doors/hatch_vent/door_hatch_slide_ventilation.mat'
  Destroyed resource 'hatch_vent.msh'
  Destroyed resource 'static_objects/dream/park/foliage/flowers/park_flowers_nrm.dds'
  Destroyed resource 'static_objects/dream/park/foliage/flowers/park_flowers.dds'
  Destroyed resource 'entities/dream/park/park_grass/park_grass_planes_height.dds'
  Destroyed resource 'static_objects/dream/park/foliage/flowers/park_flowers.mat'
  Destroyed resource 'paris_flowers.msh'
  Destroyed resource 'entities/urban/lamp/waitingroom_boards_lamp/waitingroom_boards_lamp.dds'
  Destroyed resource 'entities/urban/lamp/waitingroom_boards_lamp/waitingroom_boards_lamp_nrm.dds'
  Destroyed resource 'entities/urban/lamp/waitingroom_boards_lamp/waitingroom_boards_lamp_spec.dds'
  Destroyed resource 'entities/urban/lamp/waitingroom_boards_lamp/waitingroom_boards_lamp_height.dds'
  Destroyed resource 'entities/urban/lamp/waitingroom_boards_lamp/waitingroom_boards_lamp_illum.dds'
  Destroyed resource 'entities/urban/lamp/waitingroom_boards_lamp/waitingroom_boards_lamp.mat'
  Destroyed resource 'waitingroom_boards_lamp.msh'
  Destroyed resource 'mods/bunkersedge/entities/station/special/01_01_window_breakable/01_01_window_breakable_glass_edge.mat'
  Destroyed resource '01_01_window_breakable_minor_damage.msh'
  Destroyed resource 'entities/station/special/01_01_window_breakable/01_01_window_breakable_glass.dds'
  Destroyed resource 'entities/station/special/01_01_window_breakable/01_01_window_breakable_glass_nrm.dds'
  Destroyed resource 'mods/bunkersedge/entities/station/special/01_01_window_breakable/01_01_window_breakable_glass.mat'
  Destroyed resource '01_01_window_breakable_broken.msh'
  Destroyed resource 'paris_tree_bark.dds'
  Destroyed resource 'paris_tree_bark_nrm.dds'
  Destroyed resource 'entities/paris_ending/trees/paris_tree_bark.mat'
  Destroyed resource 'entities/paris_ending/trees/paris_tree_leaf.dds'
  Destroyed resource 'entities/paris_ending/trees/paris_tree_leaf_nrm.dds'
  Destroyed resource 'entities/paris_ending/trees/paris_tree_leaf_spec.dds'
  Destroyed resource 'entities/paris_ending/trees/paris_tree_leaf_alpha.dds'
  Destroyed resource 'entities/paris_ending/trees/paris_tree_leaf.mat'
  Destroyed resource 'paris_tree_01.msh'
  Destroyed resource 'mods/BunkersEdge/static_objects/city/shard/shard.dds'
  Destroyed resource 'mods/BunkersEdge/static_objects/city/shard/shard_nrm.dds'
  Destroyed resource 'mods/BunkersEdge/static_objects/city/shard/shard_spec.dds'
  Destroyed resource 'mods/bunkersedge/static_objects/city/shard/shard.mat'
  Destroyed resource 'shard.msh'
  Destroyed resource '../ArtbullyShare/export/export/ventilation_theta.dds'
  Destroyed resource '../ArtbullyShare/export/export/ventilation_theta_nrm.dds'
  Destroyed resource '../ArtbullyShare/export/export/ventilation_theta_spec.dds'
  Destroyed resource 'entities/station/utility/ventilation_theta/ventilation_theta.mat'
  Destroyed resource 'ventilation_theta.msh'
  Destroyed resource 'sign_warning_nostorage.dds'
  Destroyed resource 'sign_warning_nostorage_nrm.dds'
  Destroyed resource 'sign_warning_nostorage_spec.dds'
  Destroyed resource 'entities/station/ornaments_wall/sign_warning/sign_warning_nostorage/sign_warning_nostorage.mat'
  Destroyed resource 'sign_warning_nostorage.msh'
  Destroyed resource 'fusebox_theta.dds'
  Destroyed resource 'fusebox_theta_nrm.dds'
  Destroyed resource 'fusebox_theta_spec.dds'
  Destroyed resource 'fusebox_theta_illum.dds'
  Destroyed resource 'entities/station/tech/fusebox_theta/fusebox_theta.mat'
  Destroyed resource 'fusebox_theta.msh'
  Destroyed resource 'static_objects/station/pplant_glass.dds'
  Destroyed resource 'mods/bunkersedge/entities/station/furniture/table_lab/table_security_office_glass.mat'
  Destroyed resource 'table_security_office.msh'
  Destroyed resource 'entities/station/tech/computer_parts_xx/computer_parts2_xx_nrm.dds'
  Destroyed resource 'entities/station/tech/computer_parts_xx/computer_parts2_xx_spec.dds'
  Destroyed resource 'entities/station/tech/computer_parts_xx/computer_parts2_xx.dds'
  Destroyed resource 'entities/station/tech/computer_parts_xx/computer_parts2_xx.mat'
  Destroyed resource 'computer_parts_keyboard_compact.msh'
  Destroyed resource 'entities/station/furniture/table_lab/table_lab_white.dds'
  Destroyed resource 'entities/station/furniture/table_lab/table_lab_white.mat'
  Destroyed resource 'entities/station/furniture/table_lab/table_lab.dds'
  Destroyed resource 'entities/station/furniture/table_lab/table_lab_nrm.dds'
  Destroyed resource 'entities/station/furniture/table_lab/table_lab_spec.dds'
  Destroyed resource 'mods/bunkersedge/entities/station/furniture/table_lab/table_lab.mat'
  Destroyed resource 'table_lab_large.msh'
  Destroyed resource 'french_gate.dds'
  Destroyed resource 'french_gate_nrm.dds'
  Destroyed resource 'french_gate_spec.dds'
  Destroyed resource 'french_gate_alpha.dds'
  Destroyed resource 'entities/french_colonization/barricades/french_gate/french_gate.mat'
  Destroyed resource 'french_gate_barb_wire.msh'
  Destroyed resource 'S_R_03_04_F.msh'
  Destroyed resource 'entities/station/special/04_02_workshop_roof_ventilation/04_02_workshop_roof_ventilation.dds'
  Destroyed resource 'entities/station/special/04_02_workshop_roof_ventilation/04_02_workshop_roof_ventilation_nrm.dds'
  Destroyed resource 'entities/station/special/04_02_workshop_roof_ventilation/04_02_workshop_roof_ventilation_spec.dds'
  Destroyed resource 'entities/station/special/04_02_workshop_roof_ventilation/04_02_workshop_roof_ventilation.mat'
  Destroyed resource '04_02_workshop_roof_ventilation.msh'
  Destroyed resource 'entities/station/ornaments_wall/sign_emergency_exit/sign_emergency_exit.dds'
  Destroyed resource 'entities/station/ornaments_wall/sign_emergency_exit/sign_emergency_exit_nrm.dds'
  Destroyed resource 'entities/station/ornaments_wall/sign_emergency_exit/sign_emergency_exit_spec.dds'
  Destroyed resource 'entities/station/ornaments_wall/sign_emergency_exit/sign_emergency_exit_illum.dds'
  Destroyed resource 'entities/station/ornaments_wall/sign_emergency_exit/sign_emergency_exit.mat'
  Destroyed resource 'sign_emergency_exit_hanging.msh'
  Destroyed resource 'Generator_Habitat.dds'
  Destroyed resource 'Generator_Habitat_nrm.dds'
  Destroyed resource 'Generator_Habitat_spec.dds'
  Destroyed resource 'Generator_Habitat_illum.dds'
  Destroyed resource 'entities/station/machines/generator_habitat/generator_habitat.mat'
  Destroyed resource 'generator_fan_unit.msh'
  Destroyed resource 'poster_random_1.dds'
  Destroyed resource 'entities/station/ornaments_wall/poster_random/poster_random_1.mat'
  Destroyed resource 'poster_random_1.msh'
  Destroyed resource 'poster_office_motivational.dds'
  Destroyed resource 'poster_office_motivational_nrm.dds'
  Destroyed resource 'poster_office_motivational_spec.dds'
  Destroyed resource 'entities/station/ornaments_wall/sign_office/poster_office_motivational/poster_office_motivational.mat'
  Destroyed resource 'poster_office_motivational.msh'
  Destroyed resource 'poster_promo_haimatsu.dds'
  Destroyed resource 'poster_promo_haimatsu_nrm.dds'
  Destroyed resource 'poster_promo_haimatsu_spec.dds'
  Destroyed resource 'entities/station/ornaments_wall/sign_office/poster_promo_haimatsu/poster_promo_haimatsu.mat'
  Destroyed resource 'poster_promo_haimatsu.msh'
  Destroyed resource 'C:/Users/Rasmus/Desktop/depth/redist/entities/station/furniture/sofa_worn_community_room/sofa_worn_community_room.dds'
  Destroyed resource 'C:/Users/Rasmus/Desktop/depth/redist/entities/station/furniture/sofa_worn_community_room/sofa_worn_community_room_nrm.dds'
  Destroyed resource 'C:/Users/Rasmus/Desktop/depth/redist/entities/station/furniture/sofa_worn_community_room/sofa_worn_community_room_spec.dds'
  Destroyed resource 'entities/station/furniture/sofa_worn_community_room/sofa_worn_community_room_height.dds'
  Destroyed resource 'entities/station/furniture/sofa_worn_community_room/sofa_worn_community_room.mat'
  Destroyed resource 'sofa_worn_community_room.msh'
  Destroyed resource 'entities/_temp/marc/tattered_cloth_rag/tattered_cloth_rag_roots_nrm.dds'
  Destroyed resource 'entities/_temp/marc/tattered_cloth_rag/tattered_cloth_rag_roots_spec.dds'
  Destroyed resource 'entities/_temp/marc/tattered_cloth_rag/tattered_cloth_rag_roots.dds'
  Destroyed resource 'entities/_temp/marc/tattered_cloth_rag/tattered_cloth_rag_roots_height.dds'
  Destroyed resource 'entities/nonexclusive/debris/tattered_cloth_rag/tattered_cloth_rag_roots.mat'
  Destroyed resource 'tattered_cloth_rag_root.msh'
  Destroyed resource 'C:/Program Files (x86)/Steam/steamapps/common/Amnesia The Bunker/textures/environment/skybox_midday.dds'
  Destroyed resource 'static_objects/station/floor/catwalk.dds'
  Destroyed resource 'static_objects/station/floor/catwalk_nrm.dds'
  Destroyed resource 'static_objects/station/floor/catwalk_spec.dds'
  Destroyed resource 'static_objects/station/floor/catwalk_height.dds'
  Destroyed resource 'mods/MinimalCustomMap/static_objects/station/special/03_02_stairs/catwalk.mat'
  Destroyed resource 'static_objects/station/pplant_glass_dirty.dds'
  Destroyed resource 'static_objects/station/pplant_glass_nrm.dds'
  Destroyed resource 'textures/environment/station_curie_env.dds'
  Destroyed resource 'static_objects/station/pplant_glass_dirty_alpha.dds'
  Destroyed resource 'static_objects/station/walls/pplant_glass_dirty.mat'
  Destroyed resource 'static_objects/station/stairs/stairs_datasite.dds'
  Destroyed resource 'static_objects/station/stairs/stairs_datasite_nrm.dds'
  Destroyed resource 'static_objects/station/stairs/stairs_datasite_spec.dds'
  Destroyed resource 'static_objects/station/stairs/stairs_datasite_height.dds'
  Destroyed resource 'mods/MinimalCustomMap/static_objects/station/special/03_02_stairs/stairs_datasite.mat'
  Destroyed resource 'static_objects/dream/paris/paris_ground/paris_path.dds'
  Destroyed resource 'static_objects/dream/paris/paris_ground/paris_grass.dds'
  Destroyed resource 'static_objects/dream/paris/paris_ground/paris_path_nrm.dds'
  Destroyed resource 'static_objects/dream/paris/paris_ground/paris_grass_nrm.dds'
  Destroyed resource 'static_objects/dream/paris/paris_ground/paris_path_spec.dds'
  Destroyed resource 'static_objects/dream/paris/paris_ground/paris_grass_spec.dds'
  Destroyed resource 'static_objects/dream/paris/paris_ground/paris_path_height.tga'
  Destroyed resource 'static_objects/dream/paris/paris_ground/paris_grass_height.tga'
  Destroyed resource 'static_objects/dream/paris/paris_ground/paris_grass.mat'
  Destroyed resource 'mods/BunkersEdge/static_objects/urban/roof/waitingroom_boards_cubemap.mat'
  Destroyed resource 'mods/BunkersEdge/static_objects/station/floor/lab_linoleum_details.dds'
  Destroyed resource 'mods/BunkersEdge/static_objects/station/floor/lab_linoleum_details_nrm.dds'
  Destroyed resource 'mods/BunkersEdge/static_objects/station/floor/lab_linoleum_details_spec.dds'
  Destroyed resource 'mods/MinimalCustomMap/static_objects/station/floor/lab_linoleum_details.mat'
  Destroyed resource 'C:/Program Files (x86)/Steam/steamapps/common/Amnesia The Bunker/mods/BunkersEdge/static_objects/city/rooftop/S_CatwalkSystem/S_CatwalkSystem_01/M_CatwalkSystem_01_ColourA.dds'
  Destroyed resource 'C:/Program Files (x86)/Steam/steamapps/common/Amnesia The Bunker/mods/BunkersEdge/static_objects/city/rooftop/S_CatwalkSystem/S_CatwalkSystem_01/M_CatwalkSystem_01_ColourA_spec.dds'
  Destroyed resource 'mods/BunkersEdge/static_objects/city/rooftop/S_CatwalkSystem/S_CatwalkSystem_01/M_CatwalkSystem_01_ColourA.mat'
  Destroyed resource 'mods/BunkersEdge/static_objects/city/buildings/B_R_03/M_R_03_03_Facade_01.dds'
  Destroyed resource 'mods/BunkersEdge/static_objects/city/buildings/B_R_03/M_R_03_03_Facade_01_nrm.dds'
  Destroyed resource 'mods/BunkersEdge/static_objects/city/buildings/B_R_03/M_R_03_03_Facade_01_spec.dds'
  Destroyed resource 'mods/BunkersEdge/static_objects/city/buildings/B_R_03/M_R_03_03_Facade_01.mat'
  Destroyed resource 'mods/BunkersEdge/static_objects/city/buildings/B_R_03/M_R_03_03_Storefront01.dds'
  Destroyed resource 'mods/BunkersEdge/static_objects/city/buildings/B_R_03/M_R_03_03_Storefront01_nrm.dds'
  Destroyed resource 'mods/BunkersEdge/static_objects/city/buildings/B_R_03/M_R_03_03_Storefront01_spec.dds'
  Destroyed resource 'mods/BunkersEdge/static_objects/city/buildings/B_R_03/M_R_03_03_Storefront01.mat'
  Destroyed resource 'static_objects/urban/special/00_03_outside_waitroom/00_03_outside_canadian_flag.dds'
  Destroyed resource 'mods/MinimalCustomMap/static_objects/urban/special/00_03_outside_waitroom/00_03_outside_canadian_flag.mat'
  Destroyed resource 'mods/BunkersEdge/static_objects/station/floor/lab_carpet_patterned.dds'
  Destroyed resource 'mods/BunkersEdge/static_objects/station/floor/lab_carpet_patterned_nrm.dds'
  Destroyed resource 'mods/BunkersEdge/static_objects/station/floor/lab_carpet_patterned.mat'
  Destroyed resource 'F:/depth/redist/static_objects/urban/roof/waitingroom_boards_damaged.dds'
  Destroyed resource 'F:/depth/redist/static_objects/urban/roof/waitingroom_boards_damaged_nrm.dds'
  Destroyed resource 'F:/depth/redist/static_objects/urban/roof/waitingroom_boards_damaged_spec.dds'
  Destroyed resource 'mods/MinimalCustomMap/static_objects/urban/roof/waitingroom_boards_damaged.mat'
  Destroyed resource 'textures/technical/advanced_black.dds'
  Destroyed resource 'textures/technical/advanced_black.mat'
  Destroyed resource 'static_objects/urban/special/00_03_outside_waitroom/00_03_toronto_tower_atlas.dds'
  Destroyed resource 'mods/BunkersEdge/static_objects/urban/special/00_03_outside_waitroom/00_03_toronto_tower_atlas.mat'
  Destroyed resource 'mods/BunkersEdge/static_objects/city/skyscrapers/S_BD_Skyscraper_14/M_BD_Rooftop.mat'
  Destroyed resource 'C:/Program Files (x86)/Steam/steamapps/common/Amnesia The Bunker/mods/BunkersEdge/static_objects/city/skyscrapers/S_BD_Skyscraper_14/M_BD_Skyscraper_14_01.dds'
  Destroyed resource 'C:/Program Files (x86)/Steam/steamapps/common/Amnesia The Bunker/mods/BunkersEdge/static_objects/city/skyscrapers/S_BD_Skyscraper_14/M_BD_Skyscraper_14_01_spec.dds'
  Destroyed resource 'mods/BunkersEdge/static_objects/city/skyscrapers/S_BD_Skyscraper_14/M_BD_Skyscraper_14_01.mat'
  Destroyed resource 'C:/Program Files (x86)/Steam/steamapps/common/Amnesia The Bunker/mods/BunkersEdge/static_objects/city/skyscrapers/S_BD_Skyscraper_14/M_BDS06_03_001.dds'
  Destroyed resource 'C:/Program Files (x86)/Steam/steamapps/common/Amnesia The Bunker/mods/BunkersEdge/static_objects/city/skyscrapers/S_BD_Skyscraper_14/M_BDS06_03_001_spec.dds'
  Destroyed resource 'mods/BunkersEdge/static_objects/city/skyscrapers/S_BD_Skyscraper_14/M_BDS06_03_001.mat'
  Destroyed resource 'mods/BunkersEdge/static_objects/city/skyscrapers/S_BD_Skyscraper_14/M_BDS06_01_001.dds'
  Destroyed resource 'mods/BunkersEdge/static_objects/city/skyscrapers/S_BD_Skyscraper_14/M_BDS06_01_001_spec.dds'
  Destroyed resource 'mods/BunkersEdge/static_objects/city/skyscrapers/S_BD_Skyscraper_14/M_BDS06_01_001.mat'
  Destroyed resource 'mods/BunkersEdge/static_objects/city/skyscrapers/S_BD_Skyscraper_14/M_BDS06_02_001.dds'
  Destroyed resource 'mods/BunkersEdge/static_objects/city/skyscrapers/S_BD_Skyscraper_14/M_BDS06_02_001_spec.dds'
  Destroyed resource 'mods/BunkersEdge/static_objects/city/skyscrapers/S_BD_Skyscraper_14/M_BDS06_02_001.mat'
  Destroyed resource 'static_objects/urban/special/00_03_outside_waitroom/00_03_outside_toronto_flag.dds'
  Destroyed resource 'static_objects/urban/special/00_03_outside_waitroom/00_03_outside_canadian_flag_sway.dds'
  Destroyed resource 'static_objects/urban/special/00_03_outside_waitroom/00_03_outside_toronto_flag.mat'
  Destroyed resource 'mods/BunkersEdge/static_objects/city/buildings/B_C_05/M_C_05_Facade.dds'
  Destroyed resource 'mods/BunkersEdge/static_objects/city/buildings/B_C_05/M_C_05_Facade_spec.dds'
  Destroyed resource 'mods/BunkersEdge/static_objects/city/buildings/B_C_05/M_C_05_Facade.mat'
  Destroyed resource 'mods/BunkersEdge/static_objects/city/buildings/B_C_05/M_C_05_Storefront.dds'
  Destroyed resource 'mods/BunkersEdge/static_objects/city/buildings/B_C_05/M_C_05_Storefront_spec.dds'
  Destroyed resource 'mods/BunkersEdge/static_objects/city/buildings/B_C_05/M_C_05_Storefront.mat'
  Destroyed resource 'C:/Program Files (x86)/Steam/steamapps/common/Amnesia The Bunker/mods/BunkersEdge/static_objects/city/buildings/B_C_05/S_C_05_04_F/M_C_05_back.dds'
  Destroyed resource 'C:/Program Files (x86)/Steam/steamapps/common/Amnesia The Bunker/mods/BunkersEdge/static_objects/city/buildings/B_C_05/S_C_05_04_F/M_C_05_back_spec.dds'
  Destroyed resource 'mods/BunkersEdge/static_objects/city/buildings/B_C_05/M_C_05_back.mat'
  Destroyed resource 'textures/decals/tth/decal_tth_vertical_lines_01.dds'
  Destroyed resource 'textures/decals/tth/decal_tth_vertical_lines_01_nrm.dds'
  Destroyed resource 'textures/decals/tth/decal_tth_vertical_lines_01_spec.dds'
  Destroyed resource 'textures/decals/tth/decal_tth_vertical_lines_01_height.dds'
  Destroyed resource 'textures/decals/tth/decal_tth_vertical_lines_01.mat'
  Destroyed resource 'textures/decals/grunge/decal_dirt_01.dds'
  Destroyed resource 'textures/decals/grunge/decal_dirt_01_spec.dds'
  Destroyed resource 'textures/decals/grunge/decal_dirt_01.mat'
  Destroyed resource 'scanroom_schedule.dds'
  Destroyed resource 'scanroom_schedule_nrm.dds'
  Destroyed resource 'scanroom_schedule_spec.dds'
  Destroyed resource 'mods/MinimalCustomMap/static_objects/urban/ornaments/scanroom_schedule/scanroom_schedule.mat'
  Destroyed resource 'C:/Program Files (x86)/Steam/steamapps/common/Amnesia The Bunker/mods/BunkersEdge/static_objects/city/generic/S_WindowPlug_01/M_WindowPlug_01.dds'
  Destroyed resource 'C:/Program Files (x86)/Steam/steamapps/common/Amnesia The Bunker/mods/BunkersEdge/static_objects/city/generic/S_WindowPlug_01/M_WindowPlug_01_spec.dds'
  Destroyed resource 'mods/BunkersEdge/static_objects/city/generic/S_WindowPlug_01/M_WindowPlug_01.mat'
  Destroyed resource 'C:/Program Files (x86)/Steam/steamapps/common/Amnesia The Bunker/mods/BunkersEdge/static_objects/city/rooftop/S_RooftopBoxes_07/M_RooftopBoxes_07.dds'
  Destroyed resource 'C:/Program Files (x86)/Steam/steamapps/common/Amnesia The Bunker/mods/BunkersEdge/static_objects/city/rooftop/S_RooftopBoxes_07/M_RooftopBoxes_07_spec.dds'
  Destroyed resource 'mods/BunkersEdge/static_objects/city/rooftop/S_RooftopBoxes_07/M_RooftopBoxes_07.mat'
  Destroyed resource 'C:/Program Files (x86)/Steam/steamapps/common/Amnesia The Bunker/mods/BunkersEdge/static_objects/city/generic/S_StairSystem_02a/M_StairSystem_02.dds'
  Destroyed resource 'C:/Program Files (x86)/Steam/steamapps/common/Amnesia The Bunker/mods/BunkersEdge/static_objects/city/generic/S_StairSystem_02a/M_StairSystem_02_spec.dds'
  Destroyed resource 'mods/BunkersEdge/static_objects/city/generic/S_StairSystem_02a/M_StairSystem_02.mat'
  Destroyed resource 'C:/Program Files (x86)/Steam/steamapps/common/Amnesia The Bunker/mods/BunkersEdge/static_objects/city/rooftop/S_BoxRooftop_01/M_BoxRooftop_01.dds'
  Destroyed resource 'C:/Program Files (x86)/Steam/steamapps/common/Amnesia The Bunker/mods/BunkersEdge/static_objects/city/rooftop/S_BoxRooftop_01/M_BoxRooftop_01_spec.dds'
  Destroyed resource 'mods/BunkersEdge/static_objects/city/rooftop/S_BoxRooftop_01/M_BoxRooftop_01.mat'
  Destroyed resource 'mods/BunkersEdge/static_objects/city/prop/S_Billboard_01/M_Billboard_01.dds'
  Destroyed resource 'mods/BunkersEdge/static_objects/city/prop/S_Billboard_01/M_Billboard_01_nrm.dds'
  Destroyed resource 'mods/BunkersEdge/static_objects/city/prop/S_Billboard_01/M_Billboard_01_spec.dds'
  Destroyed resource 'mods/BunkersEdge/static_objects/city/prop/S_Billboard_01/M_Billboard_01.mat'
  Destroyed resource 'mods/BunkersEdge/static_objects/city/prop/S_Billboard_01/MI_Ad_01_Billboard_01.dds'
  Destroyed resource 'mods/BunkersEdge/static_objects/city/prop/S_Billboard_01/MI_Ad_01_Billboard_01.mat'
  Destroyed resource 'static_objects/urban/urban_waitingroom02.dds'
  Destroyed resource 'static_objects/urban/urban_waitingroom02_nrm.dds'
  Destroyed resource 'mods/MinimalCustomMap/static_objects/urban/walls/urban_waitingroom02.mat'
  Destroyed resource 'static_objects/urban/bevelled_glass_bright.dds'
  Destroyed resource 'mods/BunkersEdge/static_objects/urban/plain_glass_waitingroom.mat'
  Destroyed resource 'mods/BunkersEdge/static_objects/urban/walls/waitingroom_white.dds'
  Destroyed resource 'mods/BunkersEdge/static_objects/urban/walls/waitingroom_white_nrm.dds'
  Destroyed resource 'mods/BunkersEdge/static_objects/urban/urban_waitingroom02_spec.dds'
  Destroyed resource 'mods/BunkersEdge/static_objects/urban/walls/waitingroom_white.mat'
  Destroyed resource 'static_objects/station/floor/lab_linoleum_plain.dds'
  Destroyed resource 'static_objects/station/floor/lab_linoleum_plain_nrm.dds'
  Destroyed resource 'static_objects/station/floor/lab_linoleum_plain_spec.dds'
  Destroyed resource 'mods/BunkersEdge/static_objects/station/floor/lab_linolium_plain_default_hard.mat'
  Destroyed resource 'static_objects/station/details/railing_pplant/railing_pplant.dds'
  Destroyed resource 'static_objects/station/details/railing_pplant/railing_pplant_nrm.dds'
  Destroyed resource 'static_objects/station/details/railing_pplant/railing_pplant_spec.dds'
  Destroyed resource 'mods/MinimalCustomMap/static_objects/station/details/fencing_pplant/railing_pplant.mat'
  Destroyed resource 'static_objects/station/details/girder_scaffold_rusty.dds'
  Destroyed resource 'static_objects/station/details/girder_scaffold_rusty.mat'
  Destroyed resource 'static_objects/station/pplant.dds'
  Destroyed resource 'static_objects/station/pplant_nrm.dds'
  Destroyed resource 'static_objects/station/pplant_spec.dds'
  Destroyed resource 'static_objects/station/roof/pplant.mat'
  Destroyed resource 'static_objects/station/walls/lab_glass_welder.dds'
  Destroyed resource 'static_objects/station/walls/lab_glass_welder_nrm.dds'
  Destroyed resource 'static_objects/station/walls/lab_glass_welder_spec.dds'
  Destroyed resource 'static_objects/station/walls/lab_glass_welder.mat'
  Destroyed resource 'mods/BunkersEdge/static_objects/city/buildings/B_R_03/M_R_03_03_Facade_02.dds'
  Destroyed resource 'mods/BunkersEdge/static_objects/city/buildings/B_R_03/M_R_03_03_Facade_02_nrm.dds'
  Destroyed resource 'mods/BunkersEdge/static_objects/city/buildings/B_R_03/M_R_03_03_Facade_02_spec.dds'
  Destroyed resource 'mods/BunkersEdge/static_objects/city/buildings/B_R_03/M_R_03_03_Facade_02.mat'
  Destroyed resource 'mods/BunkersEdge/static_objects/urban/bevelled_glass.dds'
  Destroyed resource 'mods/BunkersEdge/static_objects/urban/plain_glass_nrm.dds'
  Destroyed resource 'mods/BunkersEdge/textures/environment/skyline_day_env.dds'
  Destroyed resource 'mods/BunkersEdge/static_objects/city/runner_objects/S_Skylight_01/M_Skylight_01_Glass.mat'
  Destroyed resource 'mods/BunkersEdge/static_objects/city/runner_objects/S_Skylight_01/M_Skylight_01.dds'
  Destroyed resource 'mods/BunkersEdge/static_objects/city/runner_objects/S_Skylight_01/M_Skylight_01_nrm.dds'
  Destroyed resource 'mods/BunkersEdge/static_objects/city/runner_objects/S_Skylight_01/M_Skylight_01_spec.dds'
  Destroyed resource 'mods/BunkersEdge/static_objects/city/runner_objects/S_Skylight_01/M_Skylight_01.mat'
  Destroyed resource 'mods/BunkersEdge/static_objects/city/buildings/B_C_03/M_C_03_Facade.dds'
  Destroyed resource 'mods/BunkersEdge/static_objects/city/buildings/B_C_03/M_C_03_Facade_nrm.dds'
  Destroyed resource 'mods/BunkersEdge/static_objects/city/buildings/B_C_03/M_C_03_Facade_spec.dds'
  Destroyed resource 'mods/BunkersEdge/static_objects/city/buildings/B_C_03/M_C_03_Facade.mat'
  Destroyed resource 'mods/BunkersEdge/static_objects/city/buildings/B_C_03/M_C_03_Storefront.dds'
  Destroyed resource 'mods/BunkersEdge/static_objects/city/buildings/B_C_03/M_C_03_Storefront_nrm.dds'
  Destroyed resource 'mods/BunkersEdge/static_objects/city/buildings/B_C_03/M_C_03_Storefront_spec.dds'
  Destroyed resource 'mods/BunkersEdge/static_objects/city/buildings/B_C_03/M_C_03_Storefront.mat'
  Destroyed resource 'C:/Program Files (x86)/Steam/steamapps/common/Amnesia The Bunker/mods/BunkersEdge/static_objects/city/rooftop/prop_cluster/S_RooftoPropsCluster_01/M_RooftopPropsCluster.dds'
  Destroyed resource 'C:/Program Files (x86)/Steam/steamapps/common/Amnesia The Bunker/mods/BunkersEdge/static_objects/city/rooftop/prop_cluster/S_RooftoPropsCluster_01/M_RooftopPropsCluster_spec.dds'
  Destroyed resource 'mods/BunkersEdge/static_objects/city/rooftop/prop_cluster/M_RooftopPropsCluster.mat'
  Destroyed resource 'mods/BunkersEdge/static_objects/city/runner_objects/S_ZipLineBase_01/M_ZipLineBase_01.dds'
  Destroyed resource 'mods/BunkersEdge/static_objects/city/runner_objects/S_ZipLineBase_01/M_ZipLineBase_01_nrm.dds'
  Destroyed resource 'mods/BunkersEdge/static_objects/city/runner_objects/S_ZipLineBase_01/M_ZipLineBase_01_spec.dds'
  Destroyed resource 'mods/BunkersEdge/static_objects/city/runner_objects/S_ZipLineBase_01/M_ZipLineBase_01.mat'
  Destroyed resource 'D:/depth/redist/static_objects/station\details/scaffold_terminal.dds'
  Destroyed resource 'D:/depth/redist/static_objects/station\details/scaffold_terminal_nrm.dds'
  Destroyed resource 'D:/depth/redist/static_objects/statione\details/scaffold_terminal_spec.dds'
  Destroyed resource 'static_objects/station/details/scaffold_terminal.mat'
  Destroyed resource 'C:/Program Files (x86)/Steam/steamapps/common/Amnesia The Bunker/mods/BunkersEdge/static_objects/city/runner_objects/S_ZipLineBase_01b/M_ZipLineBase_01_001.dds'
  Destroyed resource 'C:/Program Files (x86)/Steam/steamapps/common/Amnesia The Bunker/mods/BunkersEdge/static_objects/city/runner_objects/S_ZipLineBase_01b/M_ZipLineBase_01_001_spec.dds'
  Destroyed resource 'mods/BunkersEdge/static_objects/city/runner_objects/S_ZipLineBase_01b/M_ZipLineBase_01_001.mat'
  Destroyed resource 'mods/BunkersEdge/static_objects/city/rooftop/S_RooftopBoxes_10/M_RooftopBoxes_10.dds'
  Destroyed resource 'mods/BunkersEdge/static_objects/city/rooftop/S_RooftopBoxes_10/M_RooftopBoxes_10_nrm.dds'
  Destroyed resource 'mods/BunkersEdge/static_objects/city/rooftop/S_RooftopBoxes_10/M_RooftopBoxes_10_spec.dds'
  Destroyed resource 'mods/BunkersEdge/static_objects/city/rooftop/S_RooftopBoxes_10/M_RooftopBoxes_10.mat'
  Destroyed resource 'static_objects/station/roof/roof_extruded_panel_white.dds'
  Destroyed resource 'static_objects/station/roof/roof_extruded_panel_nrm.dds'
  Destroyed resource 'static_objects/station/roof/roof_extruded_panel_spec.dds'
  Destroyed resource 'static_objects/station/roof/roof_extruded_panel_height.dds'
  Destroyed resource 'static_objects/station/roof/roof_extruded_panel_white.mat'
  Destroyed resource 'mods/BunkersEdge/static_objects/station/lab_set.dds'
  Destroyed resource 'mods/BunkersEdge/static_objects/station/lab_set_nrm.dds'
  Destroyed resource 'mods/BunkersEdge/static_objects/station/lab_set_spec.dds'
  Destroyed resource 'mods/BunkersEdge/textures/environment/parkour_env.dds'
  Destroyed resource 'mods/MinimalCustomMap/static_objects/station/roof/lab_set.mat'
  Destroyed resource 'mods/BunkersEdge/static_objects/city/rooftop_structures/S_RooftopStructure_07/M_RooftopStructure_01_Vent.mat'
  Destroyed resource 'mods/BunkersEdge/static_objects/city/runner_objects/S_RunnerSign_02_001/M_RunnerObjects_Wood_White_001.dds'
  Destroyed resource 'mods/BunkersEdge/static_objects/city/runner_objects/S_RunnerSign_02_001/M_RunnerObjects_Wood_White_001_nrm.dds'
  Destroyed resource 'mods/BunkersEdge/static_objects/city/runner_objects/S_RunnerSign_02_001/M_RunnerObjects_Wood_White_001_spec.dds'
  Destroyed resource 'mods/BunkersEdge/static_objects/city/runner_objects/S_RunnerSign_02_001/M_RunnerObjects_Wood_White_001.mat'
  Destroyed resource 'mods/BunkersEdge/static_objects/city/runner_objects/S_RunnerSign_02_001/M_RunnerObjects_Metal_White_003.dds'
  Destroyed resource 'mods/BunkersEdge/static_objects/city/runner_objects/S_RunnerSign_02_001/M_RunnerObjects_Metal_White_003_nrm.dds'
  Destroyed resource 'mods/BunkersEdge/static_objects/city/runner_objects/S_RunnerSign_02_001/M_RunnerObjects_Metal_White_003_spec.dds'
  Destroyed resource 'mods/BunkersEdge/static_objects/city/runner_objects/S_RunnerSign_02_001/M_RunnerObjects_Metal_White_003.mat'
  Destroyed resource 'static_objects/station/walls/vent_shaft.dds'
  Destroyed resource 'static_objects/station/walls/vent_shaft_nrm.dds'
  Destroyed resource 'static_objects/station/walls/vent_shaft_spec.dds'
  Destroyed resource 'mods/MinimalCustomMap/static_objects/station/walls/vent_shaft.mat'
  Destroyed resource 'F:/depth/redist/static_objects/urban/urban_apartment.dds'
  Destroyed resource 'F:/depth/redist/static_objects/urban/urban_apartment_nrm.dds'
  Destroyed resource 'F:/depth/redist/static_objects/urban/urban_apartment_spec.dds'
  Destroyed resource 'F:/depth/redist/textures/environment/urban_bathroom_env.dds'
  Destroyed resource 'F:/depth/redist/static_objects/urban/urban_apartment_env_alpha.dds'
  Destroyed resource 'mods/MinimalCustomMap/static_objects/urban/walls/urban_apartment.mat'
  Destroyed resource 'F:/depth/redist/static_objects/station/floor/floor_tunnel_grate_nrm.dds'
  Destroyed resource 'F:/depth/redist/static_objects/station/floor/floor_tunnel_grate_spec.dds'
  Destroyed resource 'F:/depth/redist/static_objects/station/floor/floor_tunnel_grate.dds'
  Destroyed resource 'static_objects/station/details/floor_tunnel_grate.mat'
  Destroyed resource 'static_objects/station/walls/girder_rusty.dds'
  Destroyed resource 'static_objects/station/walls/girder_rusty_nrm.dds'
  Destroyed resource 'static_objects/station/walls/girder_rusty_spec.dds'
  Destroyed resource 'static_objects/station/details/girder_rusty.mat'
  Destroyed resource 'static_objects/station/details/scaffold_walkway.dds'
  Destroyed resource 'static_objects/station/details/scaffold_walkway_nrm.dds'
  Destroyed resource 'static_objects/station/details/scaffold_walkway_spec.dds'
  Destroyed resource 'static_objects/station/details/scaffold_walkway.mat'
  Destroyed resource 'mods/BunkersEdge/static_objects/city/prop/Awning_01/T_Awning_01.dds'
  Destroyed resource 'mods/BunkersEdge/static_objects/city/prop/Awning_01/T_Awning_01_spec.dds'
  Destroyed resource 'mods/BunkersEdge/static_objects/city/prop/Awning_01/T_Awning_01.mat'
  Destroyed resource 'mods/BunkersEdge/static_objects/city/rooftop/S_Cistern_01/M_Cistern_01_Chrome.dds'
  Destroyed resource 'mods/BunkersEdge/static_objects/city/rooftop/S_Cistern_01/M_Cistern_01_Chrome.mat'
  Destroyed resource 'mods/BunkersEdge/static_objects/city/rooftop_structures/M_RoofMetal_01.dds'
  Destroyed resource 'mods/BunkersEdge/static_objects/city/rooftop_structures/M_RoofMetal_01.mat'
  Destroyed resource 'mods/BunkersEdge/static_objects/city/rooftop_structures/M_RooftopStructure_01.dds'
  Destroyed resource 'mods/BunkersEdge/static_objects/city/rooftop_structures/M_RooftopStructure_01_nrm.dds'
  Destroyed resource 'mods/BunkersEdge/static_objects/city/rooftop_structures/M_RooftopStructure_01_spec.dds'
  Destroyed resource 'mods/BunkersEdge/static_objects/city/rooftop_structures/S_RooftopStructure_05/M_RooftopStructure_01.mat'
  Destroyed resource 'mods/BunkersEdge/static_objects/city/rooftop_structures/M_RoofMetal_01_orange.dds'
  Destroyed resource 'mods/BunkersEdge/static_objects/city/rooftop_structures/M_RoofMetal_01_nrm.dds'
  Destroyed resource 'mods/BunkersEdge/static_objects/city/rooftop_structures/M_RoofMetal_01_spec.dds'
  Destroyed resource 'mods/BunkersEdge/static_objects/city/rooftop_structures/S_RooftopStructure_05/M_RoofMetal_01_orange.mat'
  Destroyed resource 'mods/BunkersEdge/static_objects/city/rooftop_structures/M_RooftopStructurePlug_01.dds'
  Destroyed resource 'mods/BunkersEdge/static_objects/city/rooftop_structures/M_RooftopStructurePlug_01_nrm.dds'
  Destroyed resource 'mods/BunkersEdge/static_objects/city/rooftop_structures/M_RooftopStructurePlug_01_spec.dds'
  Destroyed resource 'mods/BunkersEdge/static_objects/city/rooftop_structures/S_RooftopStructurePlug_01a/M_RooftopStructurePlug_01.mat'
  Destroyed resource 'static_objects/station/pipes/pipe_lab.DDS'
  Destroyed resource 'static_objects/station/pipes/pipe_lab_nrm.DDS'
  Destroyed resource 'static_objects/station/pipes/pipe_lab_spec.DDS'
  Destroyed resource 'static_objects/station/pipes/pipe_lab.mat'
  Destroyed resource 'C:/Program Files (x86)/Steam/steamapps/common/Amnesia The Bunker/mods/BunkersEdge/static_objects/city/runner_objects/S_RooftopBoxes_01a/M_RooftopBoxes_01.dds'
  Destroyed resource 'C:/Program Files (x86)/Steam/steamapps/common/Amnesia The Bunker/mods/BunkersEdge/static_objects/city/runner_objects/S_RooftopBoxes_01a/M_RooftopBoxes_01_spec.dds'
  Destroyed resource 'mods/BunkersEdge/static_objects/city/runner_objects/S_RooftopBoxes_01a/M_RooftopBoxes_01.mat'
  Destroyed resource 'mods/BunkersEdge/static_objects/city/rooftop/S_HatchRooftop_02/M_HatchRooftop_02.dds'
  Destroyed resource 'mods/BunkersEdge/static_objects/city/rooftop/S_HatchRooftop_02/M_HatchRooftop_02_nrm.dds'
  Destroyed resource 'mods/BunkersEdge/static_objects/city/rooftop/S_HatchRooftop_02/M_HatchRooftop_02_spec.dds'
  Destroyed resource 'mods/BunkersEdge/static_objects/city/rooftop/S_HatchRooftop_02/M_HatchRooftop_02.mat'
  Destroyed resource 'mods/BunkersEdge/static_objects/city/rooftop/S_HatchRooftop_01/M_HatchRooftop_01.dds'
  Destroyed resource 'mods/BunkersEdge/static_objects/city/rooftop/S_HatchRooftop_01/M_HatchRooftop_01_nrm.dds'
  Destroyed resource 'mods/BunkersEdge/static_objects/city/rooftop/S_HatchRooftop_01/M_HatchRooftop_01_spec.dds'
  Destroyed resource 'mods/BunkersEdge/static_objects/city/rooftop/S_HatchRooftop_01/M_HatchRooftop_01.mat'
  Destroyed resource 'mods/BunkersEdge/static_objects/city/rooftop/S_Cistern_01/M_Cistern_01.dds'
  Destroyed resource 'mods/BunkersEdge/static_objects/city/rooftop/S_Cistern_01/M_Cistern_01_nrm.dds'
  Destroyed resource 'mods/BunkersEdge/static_objects/city/rooftop/S_Cistern_01/M_Cistern_01_spec.dds'
  Destroyed resource 'mods/BunkersEdge/static_objects/city/rooftop/S_Cistern_01/M_Cistern_01.mat'
  Destroyed resource 'C:/Program Files (x86)/Steam/steamapps/common/Amnesia The Bunker/mods/BunkersEdge/static_objects/city/generic/S_Door_Residential_01/M_keypad_Lock_01.dds'
  Destroyed resource 'C:/Program Files (x86)/Steam/steamapps/common/Amnesia The Bunker/mods/BunkersEdge/static_objects/city/generic/S_Door_Residential_01/M_keypad_Lock_01_spec.dds'
  Destroyed resource 'mods/BunkersEdge/static_objects/city/generic/S_Door_Residential_01/M_keypad_Lock_01.mat'
  Destroyed resource 'C:/Program Files (x86)/Steam/steamapps/common/Amnesia The Bunker/mods/BunkersEdge/static_objects/city/generic/S_Door_Residential_01/M_Doors_Generic_01.dds'
  Destroyed resource 'C:/Program Files (x86)/Steam/steamapps/common/Amnesia The Bunker/mods/BunkersEdge/static_objects/city/generic/S_Door_Residential_01/M_Doors_Generic_01_spec.dds'
  Destroyed resource 'mods/BunkersEdge/static_objects/city/generic/S_Door_Residential_01/M_Doors_Generic_01.mat'
  Destroyed resource 'C:/Program Files (x86)/Steam/steamapps/common/Amnesia The Bunker/mods/BunkersEdge/static_objects/city/prop/S_ACRooftop_06/M_ACRooftop_06.dds'
  Destroyed resource 'C:/Program Files (x86)/Steam/steamapps/common/Amnesia The Bunker/mods/BunkersEdge/static_objects/city/prop/S_ACRooftop_06/M_ACRooftop_06_spec.dds'
  Destroyed resource 'mods/BunkersEdge/static_objects/city/prop/S_ACRooftop_06/M_ACRooftop_06.mat'
  Destroyed resource 'mods/BunkersEdge/static_objects/city/runner_objects/M_RunnerObjects_Wood_White.dds'
  Destroyed resource 'mods/BunkersEdge/static_objects/city/runner_objects/M_RunnerObjects_Wood_White_nrm.dds'
  Destroyed resource 'mods/BunkersEdge/static_objects/city/runner_objects/M_RunnerObjects_Wood_White_spec.dds'
  Destroyed resource 'mods/BunkersEdge/static_objects/city/runner_objects/S_PlankCluster_01/M_RunnerObjects_Wood_White.mat'
  Destroyed resource 'static_objects/station/roof/lab_ceiling_pipes.dds'
  Destroyed resource 'static_objects/station/roof/lab_ceiling_pipes_nrm.dds'
  Destroyed resource 'static_objects/station/floor/lab_linoleum_spec.dds'
  Destroyed resource 'static_objects/station/cables/lab_ceiling_pipes.mat'
  Destroyed resource 'scaffold_bevelled_wall.dds'
  Destroyed resource 'static_objects/station/details/scaffold_bevelled_wall_nrm.dds'
  Destroyed resource 'static_objects/station/details/scaffold_bevelled_wall_spec.dds'
  Destroyed resource 'static_objects/station/details/scaffold_bevelled_wall.mat'
  Destroyed resource 'static_objects/station/details/girder_lab_metal/girder_lab_metal.dds'
  Destroyed resource 'static_objects/station/details/girder_lab_metal/girder_lab_metal_nrm.dds'
  Destroyed resource 'static_objects/station/details/girder_lab_metal/girder_lab_metal_spec.dds'
  Destroyed resource 'mods/MinimalCustomMap/static_objects/station/details/girder_lab_metal/girder_lab_metal.mat'
  Destroyed resource 'static_objects/station/cables/electrical_dark.dds'
  Destroyed resource 'static_objects/station/cables/electrical_spec.dds'
  Destroyed resource 'mods/MinimalCustomMap/static_objects/station/cables/electrical_dark.mat'
  Destroyed resource 'static_objects/urban/special/00_03_outside_waitroom/00_03_outside_detail01.dds'
  Destroyed resource 'static_objects/urban/special/00_03_outside_waitroom/00_03_outside_detail01.mat'
  Destroyed resource 'C:/_CurrentWork/FG_SVN/application/entities/urban/special/00_01_outside_simon_apart/00_01_outside_simon_Props.dds'
  Destroyed resource 'static_objects/urban/special/00_03_outside_waitroom/00_01_outside_simon_Props.mat'
  Destroyed resource 'static_objects/station/details/fencing_pplant/fencing_pplant.dds'
  Destroyed resource 'static_objects/station/details/fencing_pplant/fencing_pplant_nrm.dds'
  Destroyed resource 'static_objects/station/details/fencing_pplant/fencing_pplant_spec.dds'
  Destroyed resource 'static_objects/station/details/fencing_pplant/fencing_pplant.mat'
  Destroyed resource 'static_objects/station/details/fencing_pplant/fencing_chainlink_pplant_nrm.dds'
  Destroyed resource 'static_objects/station/details/fencing_pplant/fencing_chainlink_pplant_spec.dds'
  Destroyed resource 'static_objects/station/details/fencing_pplant/fencing_chainlink_pplant.dds'
  Destroyed resource 'mods/MinimalCustomMap/static_objects/station/details/fencing_pplant/fencing_chainlink_pplant.mat'
  Destroyed resource 'F:/depth/redist/static_objects/urban/urban_waitingroom.dds'
  Destroyed resource 'F:/depth/redist/static_objects/urban/urban_waitingroom_nrm.dds'
  Destroyed resource 'F:/depth/redist/static_objects/urban/urban_waitingroom_spec.dds'
  Destroyed resource 'textures/environment/urban_waitingroom_env.dds'
  Destroyed resource 'static_objects/urban/urban_waitingroom_env_alpha.dds'
  Destroyed resource 'mods/MinimalCustomMap/static_objects/urban/walls/urban_waitingroom.mat'
  Destroyed resource 'mods/BunkersEdge/static_objects/city/rooftop/S_SolarPanel_01_001/M_SolarPanel_01_001.dds'
  Destroyed resource 'mods/BunkersEdge/static_objects/city/rooftop/S_SolarPanel_01_001/M_SolarPanel_01_001_nrm.dds'
  Destroyed resource 'mods/BunkersEdge/static_objects/city/rooftop/S_SolarPanel_01_001/M_SolarPanel_01_001_spec.dds'
  Destroyed resource 'mods/BunkersEdge/static_objects/city/rooftop/S_SolarPanel_01_001/M_SolarPanel_01_001.mat'
  Destroyed resource 'static_objects/urban/special/00_03_outside_waitroom/00_03_outside_groundassets.dds'
  Destroyed resource 'mods/MinimalCustomMap/static_objects/urban/special/00_03_outside_waitroom/00_03_outside_groundassets.mat'
  Destroyed resource 'static_objects/urban/special/00_03_outside_waitroom/00_03_outside_waitroom_Building4.dds'
  Destroyed resource 'static_objects/urban/special/00_03_outside_waitroom/00_03_outside_waitroom_Building4_spec.dds'
  Destroyed resource 'static_objects/urban/special/00_03_outside_waitroom/00_03_outside_waitroom_Building4.mat'
  Destroyed resource '00_01_outside_simon_StreetLamp.dds'
  Destroyed resource 'static_objects/urban/special/00_03_outside_waitroom/00_01_outside_simon_StreetLamp.mat'
  Destroyed resource 'mods/BunkersEdge/static_objects/city/buildings/B_C_06/M_C_06_03_orange.dds'
  Destroyed resource 'mods/BunkersEdge/static_objects/city/buildings/B_C_06/M_C_06_03_orange.mat'
  Destroyed resource 'C:/Program Files (x86)/Steam/steamapps/common/Amnesia The Bunker/mods/BunkersEdge/static_objects/city/buildings/B_R_05/S_R_05_03_F/M_Doors_Generic_01.dds'
  Destroyed resource 'C:/Program Files (x86)/Steam/steamapps/common/Amnesia The Bunker/mods/BunkersEdge/static_objects/city/buildings/B_R_05/S_R_05_03_F/M_Doors_Generic_01_spec.dds'
  Destroyed resource 'mods/BunkersEdge/static_objects/city/buildings/B_C_05/M_Doors_Generic_01.mat'
  Destroyed resource 'mods/BunkersEdge/static_objects/city/buildings/B_C_01/M_C_01_Storefront.dds'
  Destroyed resource 'mods/BunkersEdge/static_objects/city/buildings/B_C_01/M_C_01_Storefront_nrm.dds'
  Destroyed resource 'mods/BunkersEdge/static_objects/city/buildings/B_C_01/M_C_01_Storefront.mat'
  Destroyed resource 'mods/BunkersEdge/static_objects/city/buildings/B_C_01/M_C_01_Facade.dds'
  Destroyed resource 'mods/BunkersEdge/static_objects/city/buildings/B_C_01/M_C_01_Facade_nrm.dds'
  Destroyed resource 'mods/BunkersEdge/static_objects/city/buildings/B_C_01/M_C_01_Facade_spec.dds'
  Destroyed resource 'mods/BunkersEdge/static_objects/city/buildings/B_C_01/M_C_01_Facade.mat'
  Destroyed resource 'mods/BunkersEdge/static_objects/city/buildings/B_C_01/M_C_01_Rooftop.dds'
  Destroyed resource 'mods/BunkersEdge/static_objects/city/buildings/B_C_01/M_C_01_Rooftop_nrm.dds'
  Destroyed resource 'mods/BunkersEdge/static_objects/city/buildings/B_C_01/M_C_01_Rooftop_spec.dds'
  Destroyed resource 'mods/BunkersEdge/static_objects/city/buildings/B_C_01/M_C_01_Rooftop.mat'
  Destroyed resource 'mods/BunkersEdge/static_objects/city/rooftop/S_RooftopBoxes_14/M_RooftopBoxes_14.dds'
  Destroyed resource 'mods/BunkersEdge/static_objects/city/rooftop/S_RooftopBoxes_14/M_RooftopBoxes_14_nrm.dds'
  Destroyed resource 'mods/BunkersEdge/static_objects/city/rooftop/S_RooftopBoxes_14/M_RooftopBoxes_14_spec.dds'
  Destroyed resource 'mods/BunkersEdge/static_objects/city/rooftop/S_RooftopBoxes_14/M_RooftopBoxes_14.mat'
  Destroyed resource 'mods/BunkersEdge/static_objects/city/buildings/B_C_02/M_C_02_Facade_02.dds'
  Destroyed resource 'mods/BunkersEdge/static_objects/city/buildings/B_C_02/M_C_02_Facade_02_spec.dds'
  Destroyed resource 'mods/BunkersEdge/static_objects/city/buildings/B_C_02/M_C_02_Facade_02.mat'
  Destroyed resource 'C:/Program Files (x86)/Steam/steamapps/common/Amnesia The Bunker/mods/BunkersEdge/static_objects/city/buildings/B_C_02/S_C_02_01_F/M_C_02_storefront.dds'
  Destroyed resource 'C:/Program Files (x86)/Steam/steamapps/common/Amnesia The Bunker/mods/BunkersEdge/static_objects/city/buildings/B_C_02/S_C_02_01_F/M_C_02_storefront_spec.dds'
  Destroyed resource 'mods/BunkersEdge/static_objects/city/buildings/B_C_02/M_C_02_storefront.mat'
  Destroyed resource 'mods/BunkersEdge/static_objects/city/buildings/B_C_02/M_C_02_Back.dds'
  Destroyed resource 'mods/BunkersEdge/static_objects/city/buildings/B_C_02/M_C_02_Back_spec.dds'
  Destroyed resource 'mods/BunkersEdge/static_objects/city/buildings/B_C_02/M_C_02_Back.mat'
  Destroyed resource 'C:/Program Files (x86)/Steam/steamapps/common/Amnesia The Bunker/mods/BunkersEdge/static_objects/city/buildings/B_C_01/S_C_01_01_S/T_Doors_D.dds'
  Destroyed resource 'C:/Program Files (x86)/Steam/steamapps/common/Amnesia The Bunker/mods/BunkersEdge/static_objects/city/buildings/B_C_01/S_C_01_01_S/T_Doors_D_spec.dds'
  Destroyed resource 'mods/BunkersEdge/static_objects/city/buildings/B_C_01/T_Doors_D.mat'
  Destroyed resource 'F:/depth/redist/static_objects/urban/roof/waitingroom_boards.dds'
  Destroyed resource 'F:/depth/redist/static_objects/urban/roof/waitingroom_boards_nrm.dds'
  Destroyed resource 'F:/depth/redist/static_objects/urban/roof/waitingroom_boards_spec.dds'
  Destroyed resource 'mods/BunkersEdge/static_objects/urban/roof/waitingroom_boards.mat'
  Destroyed resource 'mods/BunkersEdge/static_objects/city/buildings/B_C_06/M_C_06_01.dds'
  Destroyed resource 'mods/BunkersEdge/static_objects/city/buildings/B_C_06/M_C_06_01_nrm.dds'
  Destroyed resource 'mods/BunkersEdge/static_objects/city/buildings/B_C_06/M_C_06_01_spec.dds'
  Destroyed resource 'mods/BunkersEdge/static_objects/city/buildings/B_C_06/M_C_06_01.mat'
  Destroyed resource 'mods/BunkersEdge/static_objects/city/buildings/B_R_06/M_R_06_Storefront_01_A.dds'
  Destroyed resource 'mods/BunkersEdge/static_objects/city/buildings/B_R_06/M_R_06_Storefront_01_A.mat'
  Destroyed resource 'mods/BunkersEdge/static_objects/city/rooftop/roof.dds'
  Destroyed resource 'mods/BunkersEdge/static_objects/city/rooftop/roof_nrm.dds'
  Destroyed resource 'mods/BunkersEdge/static_objects/city/rooftop/roof_spec.dds'
  Destroyed resource 'mods/BunkersEdge/static_objects/city/buildings/B_C_02/roof.mat'
  Destroyed resource 'mods/BunkersEdge/static_objects/city/buildings/B_R_06/M_R_06_Facade.dds'
  Destroyed resource 'mods/BunkersEdge/static_objects/city/buildings/B_R_06/M_R_06_Facade_nrm.dds'
  Destroyed resource 'mods/BunkersEdge/static_objects/city/buildings/B_R_06/M_R_06_Facade_spec.dds'
  Destroyed resource 'mods/BunkersEdge/static_objects/city/buildings/B_R_06/M_R_06_Facade.mat'
  Destroyed resource 'mods/BunkersEdge/static_objects/city/buildings/B_R_06/M_R_06_Storefront_02.dds'
  Destroyed resource 'mods/BunkersEdge/static_objects/city/buildings/B_R_06/M_R_06_Storefront_02_nrm.dds'
  Destroyed resource 'mods/BunkersEdge/static_objects/city/buildings/B_R_06/M_R_06_Storefront_02_spec.dds'
  Destroyed resource 'mods/BunkersEdge/static_objects/city/buildings/B_R_06/M_R_06_Storefront_02.mat'
  Destroyed resource 'mods/BunkersEdge/static_objects/city/buildings/B_R_06/M_R_06_Storefront_01.dds'
  Destroyed resource 'mods/BunkersEdge/static_objects/city/buildings/B_R_06/M_R_06_Storefront_01_nrm.dds'
  Destroyed resource 'mods/BunkersEdge/static_objects/city/buildings/B_R_06/M_R_06_Storefront_01_spec.dds'
  Destroyed resource 'mods/BunkersEdge/static_objects/city/buildings/B_R_06/M_R_06_Storefront_01.mat'
  Destroyed resource 'mods/BunkersEdge/static_objects/city/buildings/B_C_06/M_C_06_03.dds'
  Destroyed resource 'mods/BunkersEdge/static_objects/city/buildings/B_C_06/M_C_06_03_nrm.dds'
  Destroyed resource 'mods/BunkersEdge/static_objects/city/buildings/B_C_06/M_C_06_03_spec.dds'
  Destroyed resource 'mods/BunkersEdge/static_objects/city/buildings/B_C_06/M_C_06_03.mat'
  Destroyed resource 'mods/BunkersEdge/static_objects/city/buildings/B_C_06/M_C_06_02.dds'
  Destroyed resource 'mods/BunkersEdge/static_objects/city/buildings/B_C_06/M_C_06_02_nrm.dds'
  Destroyed resource 'mods/BunkersEdge/static_objects/city/buildings/B_C_06/M_C_06_02_spec.dds'
  Destroyed resource 'mods/BunkersEdge/static_objects/city/buildings/B_C_06/M_C_06_02.mat'
  Destroyed resource 'mods/BunkersEdge/static_objects/city/buildings/B_C_06/M_C_06_04.dds'
  Destroyed resource 'mods/BunkersEdge/static_objects/city/buildings/B_C_06/M_C_06_04_nrm.dds'
  Destroyed resource 'mods/BunkersEdge/static_objects/city/buildings/B_C_06/M_C_06_04_spec.dds'
  Destroyed resource 'mods/BunkersEdge/static_objects/city/buildings/B_C_06/M_C_06_04.mat'
  Destroyed resource '00_03_roofdetails.dds'
  Destroyed resource '00_03_roofdetails_spec.dds'
  Destroyed resource 'mods/MinimalCustomMap/static_objects/urban/special/00_03_outside_waitroom/00_03_roofdetails.mat'
  Destroyed resource 'mods/BunkersEdge/static_objects/city/skyscrapers/S_BD_Skyscraper_02/M_BD_24_02.dds'
  Destroyed resource 'mods/BunkersEdge/static_objects/city/skyscrapers/S_BD_Skyscraper_02/M_BD_24_02_spec.dds'
  Destroyed resource 'mods/BunkersEdge/static_objects/city/skyscrapers/S_BD_Skyscraper_02/M_BD_24_02.mat'
  Destroyed resource 'mods/BunkersEdge/static_objects/city/skyscrapers/S_BD_Skyscraper_02/M_BD_24_01.dds'
  Destroyed resource 'mods/BunkersEdge/static_objects/city/skyscrapers/S_BD_Skyscraper_02/M_BD_24_01_spec.dds'
  Destroyed resource 'mods/BunkersEdge/static_objects/city/skyscrapers/S_BD_Skyscraper_02/M_BD_24_01.mat'
  Destroyed resource 'C:/Program Files (x86)/Steam/steamapps/common/Amnesia The Bunker/mods/BunkersEdge/static_objects/city/skyscrapers/S_BD_Skyscraper_02/M_BD_24_04.dds'
  Destroyed resource 'C:/Program Files (x86)/Steam/steamapps/common/Amnesia The Bunker/mods/BunkersEdge/static_objects/city/skyscrapers/S_BD_Skyscraper_02/M_BD_24_04_spec.dds'
  Destroyed resource 'mods/BunkersEdge/static_objects/city/skyscrapers/S_BD_Skyscraper_02/M_BD_24_04.mat'
  Destroyed resource 'mods/BunkersEdge/static_objects/city/skyscrapers/S_BD_Skyscraper_02/M_BD_24_03.dds'
  Destroyed resource 'mods/BunkersEdge/static_objects/city/skyscrapers/S_BD_Skyscraper_02/M_BD_24_03_spec.dds'
  Destroyed resource 'mods/BunkersEdge/static_objects/city/skyscrapers/S_BD_Skyscraper_02/M_BD_24_03.mat'
  Destroyed resource 'mods/BunkersEdge/static_objects/urban/special/00_03_outside_waitroom/00_03_outside_waitroom_Building2.dds'
  Destroyed resource 'mods/BunkersEdge/static_objects/urban/special/00_03_outside_waitroom/00_03_outside_waitroom_Building2_spec.dds'
  Destroyed resource 'mods/BunkersEdge/textures/environment/skyline_city_env.dds'
  Destroyed resource 'mods/MinimalCustomMap/static_objects/urban/special/00_03_outside_waitroom/00_03_outside_waitroom_Building2.mat'
  Destroyed resource 'C:/_CurrentWork/FG_SVN/application/entities/urban/special/00_03_outside_waitroom/00_03_outside_waitroom_Antennas.dds'
  Destroyed resource 'static_objects/urban/special/00_03_outside_waitroom/00_03_outside_waitroom_Antennas.mat'
  Destroyed resource 'textures/environment/lab_env.dds'
  Destroyed resource 'static_objects/urban/special/00_03_outside_waitroom/00_03_outside_waitroom_Building1.dds'
  Destroyed resource 'static_objects/urban/special/00_03_outside_waitroom/00_03_outside_waitroom_Building1.mat'
  Destroyed resource '00_03_outside_waitroom_Building3.dds'
  Destroyed resource 'static_objects/urban/special/00_03_outside_waitroom/00_03_outside_waitroom_Building3.mat'
  Destroyed resource 'mods/MinimalCustomMap/static_objects/station/floor/floor_theta02.dds'
  Destroyed resource 'mods/MinimalCustomMap/static_objects/station/floor/floor_theta02_nrm.dds'
  Destroyed resource 'mods/MinimalCustomMap/static_objects/station/floor/floor_theta02_spec.dds'
  Destroyed resource 'mods/BunkersEdge/static_objects/station/floor/floor_theta02.mat'
  Destroyed resource 'static_objects/urban/special/00_03_outside_waitroom/00_03_outside_street_brick.dds'
  Destroyed resource 'static_objects/urban/special/00_03_outside_waitroom/00_03_outside_street_brick_spec.dds'
  Destroyed resource 'static_objects/urban/special/00_03_outside_waitroom/00_03_outside_street_brick.mat'
  Destroyed resource 'C:/Program Files (x86)/Steam/steamapps/common/Amnesia The Bunker/lights/gobo/gobo_square_soft.dds'
  Destroyed resource 'D:/Projects/depth/redist/billboards/halo/lampglow_generic_square.dds'
  Destroyed resource 'C:/Program Files (x86)/Steam/steamapps/common/Amnesia The Bunker/billboards/halo/lampglow_generic_square.mat'
  Destroyed resource 'billboards/halo/blur_test_2.dds'
  Destroyed resource 'C:/Program Files (x86)/Steam/steamapps/common/Amnesia The Bunker/billboards/halo/blur_test.mat'
  Destroyed resource 'billboards/special/darkworld_portal_refraction/darkworld_portal_refraction.dds'
  Destroyed resource 'billboards/special/darkworld_portal_refraction/darkworld_portal_refraction_nrm_01.dds'
  Destroyed resource 'C:/Program Files (x86)/Steam/steamapps/common/Amnesia The Bunker/billboards/special/darkworld_portal_refraction/darkworld_portal_refraction.mat'
  Destroyed resource 'entities/arabic_fort/rope/ab_interior_tileable_rope_01.dds'
  Destroyed resource 'entities/arabic_fort/rope/ab_interior_tileable_rope_01_nrm.dds'
  Destroyed resource 'entities/arabic_fort/rope/ab_interior_tileable_rope_01_height.dds'
  Destroyed resource 'entities/arabic_fort/rope/ab_interior_tileable_rope_01.mat'
  Destroyed resource 'mods/bunkersedge/entities/city/shard/shard.ent'
  Destroyed resource 'mods/bunkersedge/entities/station/doors/swingdoor_metal_flesher/swingdoor_metal_flesher_door.ent'
  Destroyed resource 'mods/bunkersedge/entities/station/lamp/ceiling_shutter_large/ceiling_shutter_large_white_noshutter.ent'
  Destroyed resource 'entities/bunker/storage/lockbox/lockbox.ent'
  Destroyed resource 'entities/french_colonization/tech/telegraph_battery_box/telegraph_battery_box_rigid.ent'
  Destroyed resource 'entities/nonexclusive/storage/box_laudanum/box_laudanum_base.ent'
  Destroyed resource 'mods/bunkersedge/entities/station/debris/terminal_box/terminal_box.ent'
  Destroyed resource 'mods/bunkersedge/entities/station/storage/box_clothing/box_clothing_closed.ent'
  Destroyed resource 'mods/bunkersedge/entities/station/storage/box_clothing/box_clothing_open.ent'
  Destroyed resource 'mods/bunkersedge/entities/station/storage/box_simulation_assets/box_simulation_assets.ent'
  Destroyed resource 'mods/bunkersedge/entities/station/tech/junk_programmers_box/junk_programmers_box.ent'
  Destroyed resource 'mods/bunkersedge/entities/station/utility/ventilation_theta/ventilation_theta.ent'
  Destroyed resource 'entities/dream/park/park_bench/park_bench.ent'
  Destroyed resource 'mods/bunkersedge/entities/station/cables/lab_cable_thick_posable/lab_cable_thick_posable.ent'
  Destroyed resource 'mods/bunkersedge/entities/station/ornaments/wet_floor_sign/wet_floor_sign.ent'
  Destroyed resource 'mods/bunkersedge/entities/station/ornaments_wall/sign_warning/sign_warning_nostorage/sign_warning_nostorage.ent'
  Destroyed resource 'mods/bunkersedge/entities/station/ornaments/girder_support/girder_support.ent'
  Destroyed resource 'mods/bunkersedge/entities/station/tech/fusebox_theta/fusebox_theta.ent'
  Destroyed resource 'entities/character/stalker/stalker.ent'
  Destroyed resource 'mods/bunkersedge/entities/station/tools/bucket/bucket.ent'
  Destroyed resource 'mods/bunkersedge/entities/station/doors/swingdoor_fencing_round/swingdoor_fencing_round_locked.ent'
  Destroyed resource 'mods/bunkersedge/entities/station/furniture/table_lab/table_security_office.ent'
  Destroyed resource 'mods/bunkersedge/entities/station/tech/computer_ark_room_02/computer_ark_room_02.ent'
  Destroyed resource 'mods/bunkersedge/entities/station/tech/computer_parts_xx/computer_parts_keyboard_compact.ent'
  Destroyed resource 'mods/bunkersedge/entities/station/terminals/computer_panel_terminal/computer_panel_medium_white_gui.ent'
  Destroyed resource 'mods/bunkersedge/entities/station/tech/computer_lab_table/computer_lab_table.ent'
  Destroyed resource 'mods/bunkersedge/entities/station/lamp/fluorescent_tube_slidedoor_medium/fluorescent_tube_slidedoor_medium.ent'
  Destroyed resource 'mods/bunkersedge/entities/station/tech/mouse_trackball_theta/mouse_trackball_theta.ent'
  Destroyed resource 'mods/bunkersedge/entities/station/furniture/table_lab/table_lab_large_white.ent'
  Destroyed resource 'mods/bunkersedge/entities/station/utility/ventilation_airfreshener/ventilation_airfreshener_rigid.ent'
  Destroyed resource 'mods/bunkersedge/entities/station/furniture/chair_work_theta/chair_work_theta.ent'
  Destroyed resource 'mods/bunkersedge/entities/station/tech/computer_laptop_modded/computer_desktop.ent'
  Destroyed resource 'entities/french_colonization/barricades/french_gate/french_gate_barb_wire.ent'
  Destroyed resource 'mods/bunkersedge/entities/station/storage/box_spare_fuses/box_spare_fuses.ent'
  Destroyed resource 'mods/bunkersedge/entities/city/s_r_03_04_f/s_r_03_04_f.ent'
  Destroyed resource 'mods/bunkersedge/entities/station/special/04_02_workshop_roof_ventilation/04_02_workshop_roof_ventilation.ent'
  Destroyed resource 'mods/bunkersedge/entities/urban/lamp/flourescent_ceiling_large/flourescent_ceiling_large.ent'
  Destroyed resource 'mods/bunkersedge/entities/station/ornaments_wall/sign_emergency_exit/sign_emergency_exit.ent'
  Destroyed resource 'mods/bunkersedge/entities/nonexclusive/environment/sun_outpost.ent'
  Destroyed resource 'mods/bunkersedge/entities/station/machines/generator_habitat/generator_fan_unit.ent'
  Destroyed resource 'mods/bunkersedge/entities/station/doors/hatch_vent/hatch_vent_white.ent'
  Destroyed resource 'entities/dream/park/park_flowers/paris_flowers_rigid.ent'
  Destroyed resource 'mods/bunkersedge/entities/station/ornaments_wall/poster_random/poster_random_1.ent'
  Destroyed resource 'mods/bunkersedge/entities/station/ornaments_wall/sign_office/poster_office_motivational/poster_office_motivational.ent'
  Destroyed resource 'mods/bunkersedge/entities/station/ornaments_wall/sign_office/poster_promo_haimatsu/poster_promo_haimatsu.ent'
  Destroyed resource 'mods/bunkersedge/entities/urban/lamp/waitingroom_boards_lamp/waitingroom_boards_lamp.ent'
  Destroyed resource 'mods/bunkersedge/entities/station/special/01_01_window_breakable/01_01_window_breakable_minor_damage.ent'
  Destroyed resource 'mods/bunkersedge/entities/station/special/01_01_window_breakable/01_01_window_breakable_broken.ent'
  Destroyed resource 'mods/bunkersedge/entities/station/furniture/sofa_worn_community_room/sofa_worn_community_room.ent'
  Destroyed resource 'entities/paris_ending/trees/paris_tree_01.ent'
  Destroyed resource 'entities/technical/block_box/block_box.ent'
  Destroyed resource 'entities/nonexclusive/debris/tattered_cloth_rag/tattered_cloth_rag_root.ent'
  Destroyed resource 'entities/technical/block_box/block_box_metal_stairs.ent'
  Destroyed resource 'medkit.msh'
  Destroyed resource 'bandage_tin.msh'
  Destroyed resource 'gas_mask_m2.msh'
  Destroyed resource 'player_body_soldier.msh'
  Destroyed resource 'fuel_cannister.msh'
  Destroyed resource 'fuel_medium.msh'
  Destroyed resource 'molotov_cocktail_bottle_empty_hand.msh'
  Destroyed resource 'rag.msh'
  Destroyed resource 'revolver_bunker.msh'
  Destroyed resource 'trench_shotgun_rig.msh'
  Destroyed resource 'ammo_bullets.msh'
  Destroyed resource 'ammo_shotgun_box.msh'
  Destroyed resource 'magnetlampe.msh'
  Destroyed resource 'torch_stick.msh'
  Destroyed resource 'torch_with_flame_strips.msh'
  Destroyed resource 'torch_with_rag.msh'
  Destroyed resource 'stopwatch.msh'
  Destroyed resource 'grenade_frag.msh'
  Destroyed resource 'grenade_static.msh'
  Destroyed resource 'gas_grenade.msh'
  Destroyed resource 'cutter_model.msh'
  Destroyed resource 'chain_cutters.msh'
  Destroyed resource 'ratchet_spanner_hand.msh'
  Destroyed resource 'wrench_temp.msh'
  Destroyed resource 'gas_mask_hand.msh'
  Destroyed resource 'flare.msh'
  Destroyed resource 'flare.msh'
  Destroyed resource 'lighter.msh'
  Destroyed resource 'medkit_pickup.msh'
  Destroyed resource 'bandages_jar.msh'
  Destroyed resource 'dynamite_stick.msh'
  Destroyed resource 'dynamite_bundle.msh'
  Destroyed resource 'meat_chunk_01.msh'
  Destroyed resource 'lockdown_wheel_rig.msh'
  Destroyed resource 'detonator_handle_rig.msh'
  Destroyed resource 'metal_door_key_communications.msh'
  Destroyed resource 'metal_door_key_pillbox.msh'
  Destroyed resource 'fuse.msh'
  Destroyed resource 'block_box.msh'
  Destroyed resource 'dogtag_auclair_3397_withstring.msh'
  Destroyed resource 'dogtag_bardin_1889_withstring.msh'
  Destroyed resource 'dogtag_boucher_1923_withstring.msh'
  Destroyed resource 'dogtag_fortin_7750_withstring.msh'
  Destroyed resource 'dogtag_travers_8583_withstring.msh'
  Destroyed resource 'dogtag_laval_0269_withstring.msh'
  Destroyed resource 'dogtag_giraud_1734_withstring.msh'
  Destroyed resource 'dogtag_alphonse_withstring.msh'
  Destroyed resource 'dogtag_brillant_withstring.msh'
  Destroyed resource 'dogtag_chopin_withstring.msh'
  Destroyed resource 'dogtag_courcy_withstring.msh'
  Destroyed resource 'dogtag_dehay_withstring.msh'
  Destroyed resource 'dogtag_dosier_withstring.msh'
  Destroyed resource 'dogtag_granat_withstring.msh'
  Destroyed resource 'dogtag_lebert_withstring.msh'
  Destroyed resource 'doll_rabbit_rig.msh'
  Destroyed resource 'molotov_wine_cork.msh'
  Destroyed resource 'molotov_wine_empty.msh'
  Destroyed resource 'grenade.msh'
  Destroyed resource 'gas_grenade_pickup.msh'
  Destroyed resource 'flare_thrown.msh'
  Destroyed resource 'block_out_box.msh'
  Destroyed resource 'bandage_and_roll.msh'
  Destroyed resource 'medkit_no_bandage.msh'
  Destroyed resource 'molotov_cocktail_bottle.msh'
  Destroyed resource 'c:/Program Files (x86)/Steam/steamapps/common/Amnesia The Bunker/entities/bunker/gameplay/medkit/animations/medkit_closed.anm'
  Destroyed resource 'c:/Program Files (x86)/Steam/steamapps/common/Amnesia The Bunker/entities/bunker/gameplay/medkit/animations/medkit_focus_start.anm'
  Destroyed resource 'c:/Program Files (x86)/Steam/steamapps/common/Amnesia The Bunker/entities/bunker/gameplay/medkit/animations/medkit_focus_idle.anm'
  Destroyed resource 'c:/Program Files (x86)/Steam/steamapps/common/Amnesia The Bunker/entities/bunker/gameplay/medkit/animations/medkit_focus_end.anm'
  Destroyed resource 'c:/Program Files (x86)/Steam/steamapps/common/Amnesia The Bunker/entities/bunker/gameplay/bandage/animations/bandage_tin_closed.anm'
  Destroyed resource 'c:/Program Files (x86)/Steam/steamapps/common/Amnesia The Bunker/entities/bunker/gameplay/bandage/animations/bandage_application_tin.anm'
  Destroyed resource 'c:/Program Files (x86)/Steam/steamapps/common/Amnesia The Bunker/entities/bunker/gameplay/gas_mask_m2/Animations/gas_mask_equip.anm'
  Destroyed resource 'c:/Program Files (x86)/Steam/steamapps/common/Amnesia The Bunker/entities/bunker/gameplay/gas_mask_m2/Animations/gas_mask_unequip.anm'
  Destroyed resource 'c:/Program Files (x86)/Steam/steamapps/common/Amnesia The Bunker/entities/bunker/gameplay/gas_mask_m2/Animations/gas_mask_intro_hand_over.anm'
  Destroyed resource 'c:/Program Files (x86)/Steam/steamapps/common/Amnesia The Bunker/entities/character/player/animations/walk_fwd.anm'
  Destroyed resource 'c:/Program Files (x86)/Steam/steamapps/common/Amnesia The Bunker/entities/character/player/animations/walk_fwd_larm.anm'
  Destroyed resource 'c:/Program Files (x86)/Steam/steamapps/common/Amnesia The Bunker/entities/character/player/animations/walk_fwd_rarm.anm'
  Destroyed resource 'c:/Program Files (x86)/Steam/steamapps/common/Amnesia The Bunker/entities/character/player/animations/walk_bkwd.anm'
  Destroyed resource 'c:/Program Files (x86)/Steam/steamapps/common/Amnesia The Bunker/entities/character/player/animations/walk_bkwd_larm.anm'
  Destroyed resource 'c:/Program Files (x86)/Steam/steamapps/common/Amnesia The Bunker/entities/character/player/animations/walk_bkwd_rarm.anm'
  Destroyed resource 'c:/Program Files (x86)/Steam/steamapps/common/Amnesia The Bunker/entities/character/player/animations/walk_strafe_right.anm'
  Destroyed resource 'c:/Program Files (x86)/Steam/steamapps/common/Amnesia The Bunker/entities/character/player/animations/walk_strafe_right_larm.anm'
  Destroyed resource 'c:/Program Files (x86)/Steam/steamapps/common/Amnesia The Bunker/entities/character/player/animations/walk_strafe_right_rarm.anm'
  Destroyed resource 'c:/Program Files (x86)/Steam/steamapps/common/Amnesia The Bunker/entities/character/player/animations/walk_strafe_left.anm'
  Destroyed resource 'c:/Program Files (x86)/Steam/steamapps/common/Amnesia The Bunker/entities/character/player/animations/walk_strafe_left_larm.anm'
  Destroyed resource 'c:/Program Files (x86)/Steam/steamapps/common/Amnesia The Bunker/entities/character/player/animations/walk_strafe_left_rarm.anm'
  Destroyed resource 'c:/Program Files (x86)/Steam/steamapps/common/Amnesia The Bunker/entities/character/player/animations/walk_right_fwd.anm'
  Destroyed resource 'c:/Program Files (x86)/Steam/steamapps/common/Amnesia The Bunker/entities/character/player/animations/walk_right_fwd_larm.anm'
  Destroyed resource 'c:/Program Files (x86)/Steam/steamapps/common/Amnesia The Bunker/entities/character/player/animations/walk_right_fwd_rarm.anm'
  Destroyed resource 'c:/Program Files (x86)/Steam/steamapps/common/Amnesia The Bunker/entities/character/player/animations/walk_right_bkwd.anm'
  Destroyed resource 'c:/Program Files (x86)/Steam/steamapps/common/Amnesia The Bunker/entities/character/player/animations/walk_right_bkwd_larm.anm'
  Destroyed resource 'c:/Program Files (x86)/Steam/steamapps/common/Amnesia The Bunker/entities/character/player/animations/walk_right_bkwd_rarm.anm'
  Destroyed resource 'c:/Program Files (x86)/Steam/steamapps/common/Amnesia The Bunker/entities/character/player/animations/walk_left_fwd.anm'
  Destroyed resource 'c:/Program Files (x86)/Steam/steamapps/common/Amnesia The Bunker/entities/character/player/animations/walk_left_fwd_larm.anm'
  Destroyed resource 'c:/Program Files (x86)/Steam/steamapps/common/Amnesia The Bunker/entities/character/player/animations/walk_left_fwd_rarm.anm'
  Destroyed resource 'c:/Program Files (x86)/Steam/steamapps/common/Amnesia The Bunker/entities/character/player/animations/walk_left_bkwd.anm'
  Destroyed resource 'c:/Program Files (x86)/Steam/steamapps/common/Amnesia The Bunker/entities/character/player/animations/walk_left_bkwd_larm.anm'
  Destroyed resource 'c:/Program Files (x86)/Steam/steamapps/common/Amnesia The Bunker/entities/character/player/animations/walk_left_bkwd_rarm.anm'
  Destroyed resource 'c:/Program Files (x86)/Steam/steamapps/common/Amnesia The Bunker/entities/character/player/animations/run_fwd.anm'
  Destroyed resource 'c:/Program Files (x86)/Steam/steamapps/common/Amnesia The Bunker/entities/character/player/animations/run_fwd_larm.anm'
  Destroyed resource 'c:/Program Files (x86)/Steam/steamapps/common/Amnesia The Bunker/entities/character/player/animations/run_fwd_rarm.anm'
  Destroyed resource 'c:/Program Files (x86)/Steam/steamapps/common/Amnesia The Bunker/entities/character/player/animations/run_strafe_right.anm'
  Destroyed resource 'c:/Program Files (x86)/Steam/steamapps/common/Amnesia The Bunker/entities/character/player/animations/run_strafe_right_larm.anm'
  Destroyed resource 'c:/Program Files (x86)/Steam/steamapps/common/Amnesia The Bunker/entities/character/player/animations/run_strafe_right_rarm.anm'
  Destroyed resource 'c:/Program Files (x86)/Steam/steamapps/common/Amnesia The Bunker/entities/character/player/animations/run_strafe_left.anm'
  Destroyed resource 'c:/Program Files (x86)/Steam/steamapps/common/Amnesia The Bunker/entities/character/player/animations/run_strafe_left_larm.anm'
  Destroyed resource 'c:/Program Files (x86)/Steam/steamapps/common/Amnesia The Bunker/entities/character/player/animations/run_strafe_left_rarm.anm'
  Destroyed resource 'c:/Program Files (x86)/Steam/steamapps/common/Amnesia The Bunker/entities/character/player/animations/run_fwd_right.anm'
  Destroyed resource 'c:/Program Files (x86)/Steam/steamapps/common/Amnesia The Bunker/entities/character/player/animations/run_fwd_right_larm.anm'
  Destroyed resource 'c:/Program Files (x86)/Steam/steamapps/common/Amnesia The Bunker/entities/character/player/animations/run_fwd_right_rarm.anm'
  Destroyed resource 'c:/Program Files (x86)/Steam/steamapps/common/Amnesia The Bunker/entities/character/player/animations/run_fwd_left.anm'
  Destroyed resource 'c:/Program Files (x86)/Steam/steamapps/common/Amnesia The Bunker/entities/character/player/animations/run_fwd_left_larm.anm'
  Destroyed resource 'c:/Program Files (x86)/Steam/steamapps/common/Amnesia The Bunker/entities/character/player/animations/run_fwd_left_rarm.anm'
  Destroyed resource 'c:/Program Files (x86)/Steam/steamapps/common/Amnesia The Bunker/entities/character/player/animations/idle_stand.anm'
  Destroyed resource 'c:/Program Files (x86)/Steam/steamapps/common/Amnesia The Bunker/entities/character/player/animations/idle_stand_larm.anm'
  Destroyed resource 'c:/Program Files (x86)/Steam/steamapps/common/Amnesia The Bunker/entities/character/player/animations/idle_stand_rarm.anm'
  Destroyed resource 'c:/Program Files (x86)/Steam/steamapps/common/Amnesia The Bunker/entities/character/player/animations/stand_turn_left90.anm'
  Destroyed resource 'c:/Program Files (x86)/Steam/steamapps/common/Amnesia The Bunker/entities/character/player/animations/stand_turn_left90_larm.anm'
  Destroyed resource 'c:/Program Files (x86)/Steam/steamapps/common/Amnesia The Bunker/entities/character/player/animations/stand_turn_left90_rarm.anm'
  Destroyed resource 'c:/Program Files (x86)/Steam/steamapps/common/Amnesia The Bunker/entities/character/player/animations/stand_turn_right90.anm'
  Destroyed resource 'c:/Program Files (x86)/Steam/steamapps/common/Amnesia The Bunker/entities/character/player/animations/stand_turn_right90_larm.anm'
  Destroyed resource 'c:/Program Files (x86)/Steam/steamapps/common/Amnesia The Bunker/entities/character/player/animations/stand_turn_right90_rarm.anm'
  Destroyed resource 'c:/Program Files (x86)/Steam/steamapps/common/Amnesia The Bunker/entities/character/player/animations/idle_stand_tr_crouch.anm'
  Destroyed resource 'c:/Program Files (x86)/Steam/steamapps/common/Amnesia The Bunker/entities/character/player/animations/idle_stand_tr_crouch_larm.anm'
  Destroyed resource 'c:/Program Files (x86)/Steam/steamapps/common/Amnesia The Bunker/entities/character/player/animations/idle_stand_tr_crouch_rarm.anm'
  Destroyed resource 'c:/Program Files (x86)/Steam/steamapps/common/Amnesia The Bunker/entities/character/player/animations/crouch_tr_idle_stand.anm'
  Destroyed resource 'c:/Program Files (x86)/Steam/steamapps/common/Amnesia The Bunker/entities/character/player/animations/crouch_tr_idle_stand_larm.anm'
  Destroyed resource 'c:/Program Files (x86)/Steam/steamapps/common/Amnesia The Bunker/entities/character/player/animations/crouch_tr_idle_stand_rarm.anm'
  Destroyed resource 'c:/Program Files (x86)/Steam/steamapps/common/Amnesia The Bunker/entities/character/player/animations/crouch_fwd.anm'
  Destroyed resource 'c:/Program Files (x86)/Steam/steamapps/common/Amnesia The Bunker/entities/character/player/animations/crouch_fwd_larm.anm'
  Destroyed resource 'c:/Program Files (x86)/Steam/steamapps/common/Amnesia The Bunker/entities/character/player/animations/crouch_fwd_rarm.anm'
  Destroyed resource 'c:/Program Files (x86)/Steam/steamapps/common/Amnesia The Bunker/entities/character/player/animations/crouch_bkwd.anm'
  Destroyed resource 'c:/Program Files (x86)/Steam/steamapps/common/Amnesia The Bunker/entities/character/player/animations/crouch_bkwd_larm.anm'
  Destroyed resource 'c:/Program Files (x86)/Steam/steamapps/common/Amnesia The Bunker/entities/character/player/animations/crouch_bkwd_rarm.anm'
  Destroyed resource 'c:/Program Files (x86)/Steam/steamapps/common/Amnesia The Bunker/entities/character/player/animations/crouch_strafe_right.anm'
  Destroyed resource 'c:/Program Files (x86)/Steam/steamapps/common/Amnesia The Bunker/entities/character/player/animations/crouch_strafe_right_larm.anm'
  Destroyed resource 'c:/Program Files (x86)/Steam/steamapps/common/Amnesia The Bunker/entities/character/player/animations/crouch_strafe_right_rarm.anm'
  Destroyed resource 'c:/Program Files (x86)/Steam/steamapps/common/Amnesia The Bunker/entities/character/player/animations/crouch_strafe_left.anm'
  Destroyed resource 'c:/Program Files (x86)/Steam/steamapps/common/Amnesia The Bunker/entities/character/player/animations/crouch_strafe_left_larm.anm'
  Destroyed resource 'c:/Program Files (x86)/Steam/steamapps/common/Amnesia The Bunker/entities/character/player/animations/crouch_strafe_left_rarm.anm'
  Destroyed resource 'c:/Program Files (x86)/Steam/steamapps/common/Amnesia The Bunker/entities/character/player/animations/crouch_fwd_right.anm'
  Destroyed resource 'c:/Program Files (x86)/Steam/steamapps/common/Amnesia The Bunker/entities/character/player/animations/crouch_fwd_right_larm.anm'
  Destroyed resource 'c:/Program Files (x86)/Steam/steamapps/common/Amnesia The Bunker/entities/character/player/animations/crouch_fwd_right_rarm.anm'
  Destroyed resource 'c:/Program Files (x86)/Steam/steamapps/common/Amnesia The Bunker/entities/character/player/animations/crouch_bkwd_right.anm'
  Destroyed resource 'c:/Program Files (x86)/Steam/steamapps/common/Amnesia The Bunker/entities/character/player/animations/crouch_bkwd_right_larm.anm'
  Destroyed resource 'c:/Program Files (x86)/Steam/steamapps/common/Amnesia The Bunker/entities/character/player/animations/crouch_bkwd_right_rarm.anm'
  Destroyed resource 'c:/Program Files (x86)/Steam/steamapps/common/Amnesia The Bunker/entities/character/player/animations/crouch_fwd_left.anm'
  Destroyed resource 'c:/Program Files (x86)/Steam/steamapps/common/Amnesia The Bunker/entities/character/player/animations/crouch_fwd_left_larm.anm'
  Destroyed resource 'c:/Program Files (x86)/Steam/steamapps/common/Amnesia The Bunker/entities/character/player/animations/crouch_fwd_left_rarm.anm'
  Destroyed resource 'c:/Program Files (x86)/Steam/steamapps/common/Amnesia The Bunker/entities/character/player/animations/crouch_bkwd_left.anm'
  Destroyed resource 'c:/Program Files (x86)/Steam/steamapps/common/Amnesia The Bunker/entities/character/player/animations/crouch_bkwd_left_larm.anm'
  Destroyed resource 'c:/Program Files (x86)/Steam/steamapps/common/Amnesia The Bunker/entities/character/player/animations/crouch_bkwd_left_rarm.anm'
  Destroyed resource 'c:/Program Files (x86)/Steam/steamapps/common/Amnesia The Bunker/entities/character/player/animations/crouch_idle.anm'
  Destroyed resource 'c:/Program Files (x86)/Steam/steamapps/common/Amnesia The Bunker/entities/character/player/animations/crouch_idle_larm.anm'
  Destroyed resource 'c:/Program Files (x86)/Steam/steamapps/common/Amnesia The Bunker/entities/character/player/animations/crouch_idle_rarm.anm'
  Destroyed resource 'c:/Program Files (x86)/Steam/steamapps/common/Amnesia The Bunker/entities/character/player/animations/crouch_turn_left90.anm'
  Destroyed resource 'c:/Program Files (x86)/Steam/steamapps/common/Amnesia The Bunker/entities/character/player/animations/crouch_turn_left90_larm.anm'
  Destroyed resource 'c:/Program Files (x86)/Steam/steamapps/common/Amnesia The Bunker/entities/character/player/animations/crouch_turn_left90_rarm.anm'
  Destroyed resource 'c:/Program Files (x86)/Steam/steamapps/common/Amnesia The Bunker/entities/character/player/animations/crouch_turn_right90.anm'
  Destroyed resource 'c:/Program Files (x86)/Steam/steamapps/common/Amnesia The Bunker/entities/character/player/animations/crouch_turn_right90_larm.anm'
  Destroyed resource 'c:/Program Files (x86)/Steam/steamapps/common/Amnesia The Bunker/entities/character/player/animations/crouch_turn_right90_rarm.anm'
  Destroyed resource 'c:/Program Files (x86)/Steam/steamapps/common/Amnesia The Bunker/entities/character/player/animations/player_prone_fwd_head_bob.anm'
  Destroyed resource 'c:/Program Files (x86)/Steam/steamapps/common/Amnesia The Bunker/entities/character/player/animations/player_crouch_tr_prone_idle.anm'
  Destroyed resource 'c:/Program Files (x86)/Steam/steamapps/common/Amnesia The Bunker/entities/character/player/animations/player_crouch_tr_prone_idle_larm.anm'
  Destroyed resource 'c:/Program Files (x86)/Steam/steamapps/common/Amnesia The Bunker/entities/character/player/animations/player_crouch_tr_prone_idle_rarm.anm'
  Destroyed resource 'c:/Program Files (x86)/Steam/steamapps/common/Amnesia The Bunker/entities/character/player/animations/player_prone_idle_tr_crouch.anm'
  Destroyed resource 'c:/Program Files (x86)/Steam/steamapps/common/Amnesia The Bunker/entities/character/player/animations/player_prone_idle_tr_crouch_larm.anm'
  Destroyed resource 'c:/Program Files (x86)/Steam/steamapps/common/Amnesia The Bunker/entities/character/player/animations/player_prone_idle_tr_crouch_rarm.anm'
  Destroyed resource 'c:/Program Files (x86)/Steam/steamapps/common/Amnesia The Bunker/entities/character/player/animations/jump_launch.anm'
  Destroyed resource 'c:/Program Files (x86)/Steam/steamapps/common/Amnesia The Bunker/entities/character/player/animations/jump_launch_larm.anm'
  Destroyed resource 'c:/Program Files (x86)/Steam/steamapps/common/Amnesia The Bunker/entities/character/player/animations/jump_launch_rarm.anm'
  Destroyed resource 'c:/Program Files (x86)/Steam/steamapps/common/Amnesia The Bunker/entities/character/player/animations/jump_fall.anm'
  Destroyed resource 'c:/Program Files (x86)/Steam/steamapps/common/Amnesia The Bunker/entities/character/player/animations/jump_fall_larm.anm'
  Destroyed resource 'c:/Program Files (x86)/Steam/steamapps/common/Amnesia The Bunker/entities/character/player/animations/jump_fall_rarm.anm'
  Destroyed resource 'c:/Program Files (x86)/Steam/steamapps/common/Amnesia The Bunker/entities/character/player/animations/jump_land.anm'
  Destroyed resource 'c:/Program Files (x86)/Steam/steamapps/common/Amnesia The Bunker/entities/character/player/animations/jump_land_larm.anm'
  Destroyed resource 'c:/Program Files (x86)/Steam/steamapps/common/Amnesia The Bunker/entities/character/player/animations/jump_land_rarm.anm'
  Destroyed resource 'c:/Program Files (x86)/Steam/steamapps/common/Amnesia The Bunker/entities/character/player/animations/climb_attach.anm'
  Destroyed resource 'c:/Program Files (x86)/Steam/steamapps/common/Amnesia The Bunker/entities/character/player/animations/climb_idle_left.anm'
  Destroyed resource 'c:/Program Files (x86)/Steam/steamapps/common/Amnesia The Bunker/entities/character/player/animations/climb_idle_right.anm'
  Destroyed resource 'c:/Program Files (x86)/Steam/steamapps/common/Amnesia The Bunker/entities/character/player/animations/climb_ladder_left.anm'
  Destroyed resource 'c:/Program Files (x86)/Steam/steamapps/common/Amnesia The Bunker/entities/character/player/animations/climb_ladder_right.anm'
  Destroyed resource 'c:/Program Files (x86)/Steam/steamapps/common/Amnesia The Bunker/entities/character/player/animations/climb_left_detach_bottom.anm'
  Destroyed resource 'c:/Program Files (x86)/Steam/steamapps/common/Amnesia The Bunker/entities/character/player/animations/climb_left_detach_top.anm'
  Destroyed resource 'c:/Program Files (x86)/Steam/steamapps/common/Amnesia The Bunker/entities/character/player/animations/climb_right_detach_bottom.anm'
  Destroyed resource 'c:/Program Files (x86)/Steam/steamapps/common/Amnesia The Bunker/entities/character/player/animations/climb_right_detach_top.anm'
  Destroyed resource 'c:/Program Files (x86)/Steam/steamapps/common/Amnesia The Bunker/entities/character/player/animations/tool_generic_draw_rarm.anm'
  Destroyed resource 'c:/Program Files (x86)/Steam/steamapps/common/Amnesia The Bunker/entities/character/player/animations/tool_generic_idle_rarm.anm'
  Destroyed resource 'c:/Program Files (x86)/Steam/steamapps/common/Amnesia The Bunker/entities/character/player/animations/tool_generic_holster_rarm.anm'
  Destroyed resource 'c:/Program Files (x86)/Steam/steamapps/common/Amnesia The Bunker/entities/character/player/animations/tool_lantern_draw_larm.anm'
  Destroyed resource 'c:/Program Files (x86)/Steam/steamapps/common/Amnesia The Bunker/entities/character/player/animations/tool_lantern_holster_larm.anm'
  Destroyed resource 'c:/Program Files (x86)/Steam/steamapps/common/Amnesia The Bunker/entities/character/player/animations/tool_lantern_idle_larm.anm'
  Destroyed resource 'c:/Program Files (x86)/Steam/steamapps/common/Amnesia The Bunker/entities/character/player/animations/wake_up_from_death_1a.anm'
  Destroyed resource 'c:/Program Files (x86)/Steam/steamapps/common/Amnesia The Bunker/entities/character/player/animations/wake_up_from_death_1b.anm'
  Destroyed resource 'c:/Program Files (x86)/Steam/steamapps/common/Amnesia The Bunker/entities/character/player/animations/wake_up_from_death_1c.anm'
  Destroyed resource 'c:/Program Files (x86)/Steam/steamapps/common/Amnesia The Bunker/entities/character/player/animations/wake_up_from_death_2.anm'
  Destroyed resource 'c:/Program Files (x86)/Steam/steamapps/common/Amnesia The Bunker/entities/character/player/animations/wake_up_from_death_3a.anm'
  Destroyed resource 'c:/Program Files (x86)/Steam/steamapps/common/Amnesia The Bunker/entities/character/player/animations/wake_up_from_death_3b.anm'
  Destroyed resource 'c:/Program Files (x86)/Steam/steamapps/common/Amnesia The Bunker/entities/character/player/animations/wake_up_from_death_3c.anm'
  Destroyed resource 'c:/Program Files (x86)/Steam/steamapps/common/Amnesia The Bunker/entities/character/player/animations/wake_up_from_death_4.anm'
  Destroyed resource 'c:/Program Files (x86)/Steam/steamapps/common/Amnesia The Bunker/entities/character/player/animations/wake_up_from_death_1_crouch.anm'
  Destroyed resource 'c:/Program Files (x86)/Steam/steamapps/common/Amnesia The Bunker/entities/character/player/animations/wake_up_from_death_2_crouch.anm'
  Destroyed resource 'c:/Program Files (x86)/Steam/steamapps/common/Amnesia The Bunker/entities/character/player/animations/wake_up_from_death_3_crouch.anm'
  Destroyed resource 'c:/Program Files (x86)/Steam/steamapps/common/Amnesia The Bunker/entities/character/player/animations/wake_up_from_death_4_crouch.anm'
  Destroyed resource 'c:/Program Files (x86)/Steam/steamapps/common/Amnesia The Bunker/entities/character/player/animations/lean_left.anm'
  Destroyed resource 'c:/Program Files (x86)/Steam/steamapps/common/Amnesia The Bunker/entities/character/player/animations/lean_right.anm'
  Destroyed resource 'c:/Program Files (x86)/Steam/steamapps/common/Amnesia The Bunker/entities/character/player/animations/fall_and_get_up_quickly.anm'
  Destroyed resource 'c:/Program Files (x86)/Steam/steamapps/common/Amnesia The Bunker/entities/character/player/animations/knocked_out_by_debris_in_place.anm'
  Destroyed resource 'c:/Program Files (x86)/Steam/steamapps/common/Amnesia The Bunker/entities/character/player/animations/player_exhausted.anm'
  Destroyed resource 'c:/Program Files (x86)/Steam/steamapps/common/Amnesia The Bunker/entities/character/player/animations/player_gun_aim_idle.anm'
  Destroyed resource 'c:/Program Files (x86)/Steam/steamapps/common/Amnesia The Bunker/entities/character/player/animations/player_gun_relaxed_idle.anm'
  Destroyed resource 'c:/Program Files (x86)/Steam/steamapps/common/Amnesia The Bunker/entities/character/player/animations/player_gun_relaxed_tr_aim.anm'
  Destroyed resource 'c:/Program Files (x86)/Steam/steamapps/common/Amnesia The Bunker/entities/character/player/animations/player_gun_aim_tr_relaxed.anm'
  Destroyed resource 'c:/Program Files (x86)/Steam/steamapps/common/Amnesia The Bunker/entities/character/player/animations/player_gun_equip.anm'
  Destroyed resource 'c:/Program Files (x86)/Steam/steamapps/common/Amnesia The Bunker/entities/character/player/animations/player_gun_unequip.anm'
  Destroyed resource 'c:/Program Files (x86)/Steam/steamapps/common/Amnesia The Bunker/entities/character/player/animations/player_gun_shot_1.anm'
  Destroyed resource 'c:/Program Files (x86)/Steam/steamapps/common/Amnesia The Bunker/entities/character/player/animations/player_gun_shot_2.anm'
  Destroyed resource 'c:/Program Files (x86)/Steam/steamapps/common/Amnesia The Bunker/entities/character/player/animations/player_gun_shot_3.anm'
  Destroyed resource 'c:/Program Files (x86)/Steam/steamapps/common/Amnesia The Bunker/entities/character/player/animations/player_gun_bullet_check_open.anm'
  Destroyed resource 'c:/Program Files (x86)/Steam/steamapps/common/Amnesia The Bunker/entities/character/player/animations/player_gun_bullet_check_idle.anm'
  Destroyed resource 'c:/Program Files (x86)/Steam/steamapps/common/Amnesia The Bunker/entities/character/player/animations/player_gun_bullet_check_close.anm'
  Destroyed resource 'c:/Program Files (x86)/Steam/steamapps/common/Amnesia The Bunker/entities/character/player/animations/player_gun_shot_empty.anm'
  Destroyed resource 'c:/Program Files (x86)/Steam/steamapps/common/Amnesia The Bunker/entities/character/player/animations/player_gun_reload_add_bullet_larm.anm'
  Destroyed resource 'c:/Program Files (x86)/Steam/steamapps/common/Amnesia The Bunker/entities/character/player/animations/player_gun_reload_add_bullet_rarm.anm'
  Destroyed resource 'c:/Program Files (x86)/Steam/steamapps/common/Amnesia The Bunker/entities/character/player/animations/player_gun_reload_cylinder_spin_larm.anm'
  Destroyed resource 'c:/Program Files (x86)/Steam/steamapps/common/Amnesia The Bunker/entities/character/player/animations/player_gun_reload_cylinder_spin_rarm.anm'
  Destroyed resource 'c:/Program Files (x86)/Steam/steamapps/common/Amnesia The Bunker/entities/character/player/animations/player_gun_reload_end_larm.anm'
  Destroyed resource 'c:/Program Files (x86)/Steam/steamapps/common/Amnesia The Bunker/entities/character/player/animations/player_gun_reload_end_rarm.anm'
  Destroyed resource 'c:/Program Files (x86)/Steam/steamapps/common/Amnesia The Bunker/entities/character/player/animations/player_gun_reload_remove_bullets.anm'
  Destroyed resource 'c:/Program Files (x86)/Steam/steamapps/common/Amnesia The Bunker/entities/character/player/animations/player_gun_reload_start_larm.anm'
  Destroyed resource 'c:/Program Files (x86)/Steam/steamapps/common/Amnesia The Bunker/entities/character/player/animations/player_gun_reload_start_rarm.anm'
  Destroyed resource 'c:/Program Files (x86)/Steam/steamapps/common/Amnesia The Bunker/entities/character/player/animations/player_head_gun_shot_1.anm'
  Destroyed resource 'c:/Program Files (x86)/Steam/steamapps/common/Amnesia The Bunker/entities/character/player/animations/player_head_gun_shot_2.anm'
  Destroyed resource 'c:/Program Files (x86)/Steam/steamapps/common/Amnesia The Bunker/entities/character/player/animations/player_head_gun_shot_3.anm'
  Destroyed resource 'c:/Program Files (x86)/Steam/steamapps/common/Amnesia The Bunker/entities/character/player/animations/player_head_gun_unequip.anm'
  Destroyed resource 'c:/Program Files (x86)/Steam/steamapps/common/Amnesia The Bunker/entities/character/player/animations/player_head_gun_equip.anm'
  Destroyed resource 'c:/Program Files (x86)/Steam/steamapps/common/Amnesia The Bunker/entities/character/player/animations/player_head_bullet_check_close.anm'
  Destroyed resource 'c:/Program Files (x86)/Steam/steamapps/common/Amnesia The Bunker/entities/character/player/animations/player_head_bullet_check_open.anm'
  Destroyed resource 'c:/Program Files (x86)/Steam/steamapps/common/Amnesia The Bunker/entities/character/player/animations/player_head_gun_reload_remove_bullets.anm'
  Destroyed resource 'c:/Program Files (x86)/Steam/steamapps/common/Amnesia The Bunker/entities/character/player/animations/player_gun_dual_aim_end_larm.anm'
  Destroyed resource 'c:/Program Files (x86)/Steam/steamapps/common/Amnesia The Bunker/entities/character/player/animations/player_gun_dual_aim_idle_larm.anm'
  Destroyed resource 'c:/Program Files (x86)/Steam/steamapps/common/Amnesia The Bunker/entities/character/player/animations/player_gun_dual_aim_idle_rarm.anm'
  Destroyed resource 'c:/Program Files (x86)/Steam/steamapps/common/Amnesia The Bunker/entities/character/player/animations/player_gun_dual_aim_start_larm.anm'
  Destroyed resource 'c:/Program Files (x86)/Steam/steamapps/common/Amnesia The Bunker/entities/character/player/animations/player_gun_aim_tr_relaxed_larm.anm'
  Destroyed resource 'c:/Program Files (x86)/Steam/steamapps/common/Amnesia The Bunker/entities/character/player/animations/player_gun_relaxed_tr_aim_larm.anm'
  Destroyed resource 'c:/Program Files (x86)/Steam/steamapps/common/Amnesia The Bunker/entities/character/player/animations/player_gun_shot_1_larm.anm'
  Destroyed resource 'c:/Program Files (x86)/Steam/steamapps/common/Amnesia The Bunker/entities/character/player/animations/player_gun_shot_2_larm.anm'
  Destroyed resource 'c:/Program Files (x86)/Steam/steamapps/common/Amnesia The Bunker/entities/character/player/animations/player_gun_shot_3_larm.anm'
  Destroyed resource 'c:/Program Files (x86)/Steam/steamapps/common/Amnesia The Bunker/entities/character/player/animations/player_gun_shot_empty_larm.anm'
  Destroyed resource 'c:/Program Files (x86)/Steam/steamapps/common/Amnesia The Bunker/entities/character/player/animations/player_magnetlampe_equip_larm.anm'
  Destroyed resource 'c:/Program Files (x86)/Steam/steamapps/common/Amnesia The Bunker/entities/character/player/animations/player_magnetlampe_idle_larm.anm'
  Destroyed resource 'c:/Program Files (x86)/Steam/steamapps/common/Amnesia The Bunker/entities/character/player/animations/player_magnetlampe_unequip_larm.anm'
  Destroyed resource 'c:/Program Files (x86)/Steam/steamapps/common/Amnesia The Bunker/entities/character/player/animations/player_head_magnetlampe_chargeup_pull_1.anm'
  Destroyed resource 'c:/Program Files (x86)/Steam/steamapps/common/Amnesia The Bunker/entities/character/player/animations/player_head_magnetlampe_chargeup_pull_2.anm'
  Destroyed resource 'c:/Program Files (x86)/Steam/steamapps/common/Amnesia The Bunker/entities/character/player/animations/player_head_magnetlampe_chargeup_pull_3.anm'
  Destroyed resource 'c:/Program Files (x86)/Steam/steamapps/common/Amnesia The Bunker/entities/character/player/animations/player_magnetlampe_chargeup_end_larm.anm'
  Destroyed resource 'c:/Program Files (x86)/Steam/steamapps/common/Amnesia The Bunker/entities/character/player/animations/player_magnetlampe_chargeup_end_rarm.anm'
  Destroyed resource 'c:/Program Files (x86)/Steam/steamapps/common/Amnesia The Bunker/entities/character/player/animations/player_magnetlampe_chargeup_gun_end_rarm.anm'
  Destroyed resource 'c:/Program Files (x86)/Steam/steamapps/common/Amnesia The Bunker/entities/character/player/animations/player_magnetlampe_chargeup_gun_start_rarm.anm'
  Destroyed resource 'c:/Program Files (x86)/Steam/steamapps/common/Amnesia The Bunker/entities/character/player/animations/player_magnetlampe_chargeup_gun_pull_1_rarm.anm'
  Destroyed resource 'c:/Program Files (x86)/Steam/steamapps/common/Amnesia The Bunker/entities/character/player/animations/player_magnetlampe_chargeup_gun_pull_2_rarm.anm'
  Destroyed resource 'c:/Program Files (x86)/Steam/steamapps/common/Amnesia The Bunker/entities/character/player/animations/player_magnetlampe_chargeup_gun_pull_3_rarm.anm'
  Destroyed resource 'c:/Program Files (x86)/Steam/steamapps/common/Amnesia The Bunker/entities/character/player/animations/player_magnetlampe_chargeup_pull_1_larm.anm'
  Destroyed resource 'c:/Program Files (x86)/Steam/steamapps/common/Amnesia The Bunker/entities/character/player/animations/player_magnetlampe_chargeup_pull_1_rarm.anm'
  Destroyed resource 'c:/Program Files (x86)/Steam/steamapps/common/Amnesia The Bunker/entities/character/player/animations/player_magnetlampe_chargeup_pull_2_larm.anm'
  Destroyed resource 'c:/Program Files (x86)/Steam/steamapps/common/Amnesia The Bunker/entities/character/player/animations/player_magnetlampe_chargeup_pull_2_rarm.anm'
  Destroyed resource 'c:/Program Files (x86)/Steam/steamapps/common/Amnesia The Bunker/entities/character/player/animations/player_magnetlampe_chargeup_pull_3_larm.anm'
  Destroyed resource 'c:/Program Files (x86)/Steam/steamapps/common/Amnesia The Bunker/entities/character/player/animations/player_magnetlampe_chargeup_pull_3_rarm.anm'
  Destroyed resource 'c:/Program Files (x86)/Steam/steamapps/common/Amnesia The Bunker/entities/character/player/animations/player_magnetlampe_chargeup_start_larm.anm'
  Destroyed resource 'c:/Program Files (x86)/Steam/steamapps/common/Amnesia The Bunker/entities/character/player/animations/player_magnetlampe_chargeup_start_rarm.anm'
  Destroyed resource 'c:/Program Files (x86)/Steam/steamapps/common/Amnesia The Bunker/entities/character/player/animations/player_gun_dual_aim_start_rarm.anm'
  Destroyed resource 'c:/Program Files (x86)/Steam/steamapps/common/Amnesia The Bunker/entities/character/player/animations/player_gun_dual_aim_end_rarm.anm'
  Destroyed resource 'c:/Program Files (x86)/Steam/steamapps/common/Amnesia The Bunker/entities/character/player/animations/player_deathscene_grabbed_ghoulhole.anm'
  Destroyed resource 'c:/Program Files (x86)/Steam/steamapps/common/Amnesia The Bunker/entities/character/player/animations/player_pocketwatch_equip_rarm.anm'
  Destroyed resource 'c:/Program Files (x86)/Steam/steamapps/common/Amnesia The Bunker/entities/character/player/animations/player_pocketwatch_idle_rarm.anm'
  Destroyed resource 'c:/Program Files (x86)/Steam/steamapps/common/Amnesia The Bunker/entities/character/player/animations/player_pocketwatch_holster_rarm.anm'
  Destroyed resource 'c:/Program Files (x86)/Steam/steamapps/common/Amnesia The Bunker/entities/character/player/animations/player_pocketwatch_focus_start_rarm.anm'
  Destroyed resource 'c:/Program Files (x86)/Steam/steamapps/common/Amnesia The Bunker/entities/character/player/animations/player_pocketwatch_focus_idle_rarm.anm'
  Destroyed resource 'c:/Program Files (x86)/Steam/steamapps/common/Amnesia The Bunker/entities/character/player/animations/player_pocketwatch_focus_end_rarm.anm'
  Destroyed resource 'c:/Program Files (x86)/Steam/steamapps/common/Amnesia The Bunker/entities/character/player/animations/player_pocketwatch_focus_click_rarm.anm'
  Destroyed resource 'c:/Program Files (x86)/Steam/steamapps/common/Amnesia The Bunker/entities/character/player/animations/player_cutter_cut_air_larm.anm'
  Destroyed resource 'c:/Program Files (x86)/Steam/steamapps/common/Amnesia The Bunker/entities/character/player/animations/player_cutter_cut_air_rarm.anm'
  Destroyed resource 'c:/Program Files (x86)/Steam/steamapps/common/Amnesia The Bunker/entities/character/player/animations/player_cutter_equip_rarm.anm'
  Destroyed resource 'c:/Program Files (x86)/Steam/steamapps/common/Amnesia The Bunker/entities/character/player/animations/player_cutter_focus_end_larm.anm'
  Destroyed resource 'c:/Program Files (x86)/Steam/steamapps/common/Amnesia The Bunker/entities/character/player/animations/player_cutter_focus_end_rarm.anm'
  Destroyed resource 'c:/Program Files (x86)/Steam/steamapps/common/Amnesia The Bunker/entities/character/player/animations/player_cutter_focus_idle_larm.anm'
  Destroyed resource 'c:/Program Files (x86)/Steam/steamapps/common/Amnesia The Bunker/entities/character/player/animations/player_cutter_focus_idle_rarm.anm'
  Destroyed resource 'c:/Program Files (x86)/Steam/steamapps/common/Amnesia The Bunker/entities/character/player/animations/player_cutter_focus_start_larm.anm'
  Destroyed resource 'c:/Program Files (x86)/Steam/steamapps/common/Amnesia The Bunker/entities/character/player/animations/player_cutter_focus_start_rarm.anm'
  Destroyed resource 'c:/Program Files (x86)/Steam/steamapps/common/Amnesia The Bunker/entities/character/player/animations/player_cutter_holster_rarm.anm'
  Destroyed resource 'c:/Program Files (x86)/Steam/steamapps/common/Amnesia The Bunker/entities/character/player/animations/player_cutter_idle_rarm.anm'
  Destroyed resource 'c:/Program Files (x86)/Steam/steamapps/common/Amnesia The Bunker/entities/character/player/animations/player_cutter_cut_chain_1.anm'
  Destroyed resource 'c:/Program Files (x86)/Steam/steamapps/common/Amnesia The Bunker/entities/character/player/animations/player_cutter_cut_padlock.anm'
  Destroyed resource 'c:/Program Files (x86)/Steam/steamapps/common/Amnesia The Bunker/entities/character/player/animations/player_molotov_equip_rarm.anm'
  Destroyed resource 'c:/Program Files (x86)/Steam/steamapps/common/Amnesia The Bunker/entities/character/player/animations/player_molotov_focus_end_larm.anm'
  Destroyed resource 'c:/Program Files (x86)/Steam/steamapps/common/Amnesia The Bunker/entities/character/player/animations/player_molotov_focus_end_rarm.anm'
  Destroyed resource 'c:/Program Files (x86)/Steam/steamapps/common/Amnesia The Bunker/entities/character/player/animations/player_molotov_focus_idle_larm.anm'
  Destroyed resource 'c:/Program Files (x86)/Steam/steamapps/common/Amnesia The Bunker/entities/character/player/animations/player_molotov_focus_idle_rarm.anm'
  Destroyed resource 'c:/Program Files (x86)/Steam/steamapps/common/Amnesia The Bunker/entities/character/player/animations/player_molotov_focus_start_larm.anm'
  Destroyed resource 'c:/Program Files (x86)/Steam/steamapps/common/Amnesia The Bunker/entities/character/player/animations/player_molotov_focus_start_rarm.anm'
  Destroyed resource 'c:/Program Files (x86)/Steam/steamapps/common/Amnesia The Bunker/entities/character/player/animations/player_molotov_holster_rarm.anm'
  Destroyed resource 'c:/Program Files (x86)/Steam/steamapps/common/Amnesia The Bunker/entities/character/player/animations/player_molotov_idle_rarm.anm'
  Destroyed resource 'c:/Program Files (x86)/Steam/steamapps/common/Amnesia The Bunker/entities/character/player/animations/player_molotov_throw_larm.anm'
  Destroyed resource 'c:/Program Files (x86)/Steam/steamapps/common/Amnesia The Bunker/entities/character/player/animations/player_molotov_throw_rarm.anm'
  Destroyed resource 'c:/Program Files (x86)/Steam/steamapps/common/Amnesia The Bunker/entities/character/player/animations/player_empty_molotov_equip_rarm.anm'
  Destroyed resource 'c:/Program Files (x86)/Steam/steamapps/common/Amnesia The Bunker/entities/character/player/animations/player_empty_molotov_focus_end_rarm.anm'
  Destroyed resource 'c:/Program Files (x86)/Steam/steamapps/common/Amnesia The Bunker/entities/character/player/animations/player_empty_molotov_focus_idle_rarm.anm'
  Destroyed resource 'c:/Program Files (x86)/Steam/steamapps/common/Amnesia The Bunker/entities/character/player/animations/player_empty_molotov_focus_start_rarm.anm'
  Destroyed resource 'c:/Program Files (x86)/Steam/steamapps/common/Amnesia The Bunker/entities/character/player/animations/player_empty_molotov_holster_rarm.anm'
  Destroyed resource 'c:/Program Files (x86)/Steam/steamapps/common/Amnesia The Bunker/entities/character/player/animations/player_empty_molotov_idle_rarm.anm'
  Destroyed resource 'c:/Program Files (x86)/Steam/steamapps/common/Amnesia The Bunker/entities/character/player/animations/player_empty_molotov_throw_rarm.anm'
  Destroyed resource 'c:/Program Files (x86)/Steam/steamapps/common/Amnesia The Bunker/entities/character/player/animations/player_check_health_stand_end.anm'
  Destroyed resource 'c:/Program Files (x86)/Steam/steamapps/common/Amnesia The Bunker/entities/character/player/animations/player_check_health_stand_idle.anm'
  Destroyed resource 'c:/Program Files (x86)/Steam/steamapps/common/Amnesia The Bunker/entities/character/player/animations/player_check_health_stand_start.anm'
  Destroyed resource 'c:/Program Files (x86)/Steam/steamapps/common/Amnesia The Bunker/entities/character/player/animations/player_check_health_stand_stomach_tr_idle.anm'
  Destroyed resource 'c:/Program Files (x86)/Steam/steamapps/common/Amnesia The Bunker/entities/character/player/animations/player_shoulder_bobbing_larm.anm'
  Destroyed resource 'c:/Program Files (x86)/Steam/steamapps/common/Amnesia The Bunker/entities/character/player/animations/player_shoulder_bobbing_rarm.anm'
  Destroyed resource 'c:/Program Files (x86)/Steam/steamapps/common/Amnesia The Bunker/entities/character/player/animations/player_torch_equip_larm.anm'
  Destroyed resource 'c:/Program Files (x86)/Steam/steamapps/common/Amnesia The Bunker/entities/character/player/animations/player_torch_idle_rarm.anm'
  Destroyed resource 'c:/Program Files (x86)/Steam/steamapps/common/Amnesia The Bunker/entities/character/player/animations/player_torch_holster_rarm.anm'
  Destroyed resource 'c:/Program Files (x86)/Steam/steamapps/common/Amnesia The Bunker/entities/character/player/animations/player_torch_aim_rarm.anm'
  Destroyed resource 'c:/Program Files (x86)/Steam/steamapps/common/Amnesia The Bunker/entities/character/player/animations/player_torch_equip_unlit_rarm.anm'
  Destroyed resource 'c:/Program Files (x86)/Steam/steamapps/common/Amnesia The Bunker/entities/character/player/animations/player_torch_equip_rarm.anm'
  Destroyed resource 'c:/Program Files (x86)/Steam/steamapps/common/Amnesia The Bunker/entities/character/player/animations/player_torch_wave_1_rarm.anm'
  Destroyed resource 'c:/Program Files (x86)/Steam/steamapps/common/Amnesia The Bunker/entities/character/player/animations/player_torch_wave_2_rarm.anm'
  Destroyed resource 'c:/Program Files (x86)/Steam/steamapps/common/Amnesia The Bunker/entities/character/player/animations/player_torch_wave_3_rarm.anm'
  Destroyed resource 'c:/Program Files (x86)/Steam/steamapps/common/Amnesia The Bunker/entities/character/player/animations/player_torch_wave_end_rarm.anm'
  Destroyed resource 'c:/Program Files (x86)/Steam/steamapps/common/Amnesia The Bunker/entities/character/player/animations/player_torch_aim_start_rarm.anm'
  Destroyed resource 'c:/Program Files (x86)/Steam/steamapps/common/Amnesia The Bunker/entities/character/player/animations/player_torch_aim_end_rarm.anm'
  Destroyed resource 'c:/Program Files (x86)/Steam/steamapps/common/Amnesia The Bunker/entities/character/player/animations/player_grenade_equip_rarm.anm'
  Destroyed resource 'c:/Program Files (x86)/Steam/steamapps/common/Amnesia The Bunker/entities/character/player/animations/player_grenade_focus_end_larm.anm'
  Destroyed resource 'c:/Program Files (x86)/Steam/steamapps/common/Amnesia The Bunker/entities/character/player/animations/player_grenade_focus_end_rarm.anm'
  Destroyed resource 'c:/Program Files (x86)/Steam/steamapps/common/Amnesia The Bunker/entities/character/player/animations/player_grenade_focus_idle_larm.anm'
  Destroyed resource 'c:/Program Files (x86)/Steam/steamapps/common/Amnesia The Bunker/entities/character/player/animations/player_grenade_focus_idle_rarm.anm'
  Destroyed resource 'c:/Program Files (x86)/Steam/steamapps/common/Amnesia The Bunker/entities/character/player/animations/player_grenade_focus_start_larm.anm'
  Destroyed resource 'c:/Program Files (x86)/Steam/steamapps/common/Amnesia The Bunker/entities/character/player/animations/player_grenade_focus_start_rarm.anm'
  Destroyed resource 'c:/Program Files (x86)/Steam/steamapps/common/Amnesia The Bunker/entities/character/player/animations/player_grenade_holster_rarm.anm'
  Destroyed resource 'c:/Program Files (x86)/Steam/steamapps/common/Amnesia The Bunker/entities/character/player/animations/player_grenade_idle_rarm.anm'
  Destroyed resource 'c:/Program Files (x86)/Steam/steamapps/common/Amnesia The Bunker/entities/character/player/animations/player_grenade_throw_larm.anm'
  Destroyed resource 'c:/Program Files (x86)/Steam/steamapps/common/Amnesia The Bunker/entities/character/player/animations/player_grenade_throw_rarm.anm'
  Destroyed resource 'c:/Program Files (x86)/Steam/steamapps/common/Amnesia The Bunker/entities/character/player/animations/player_gas_grenade_equip_rarm.anm'
  Destroyed resource 'c:/Program Files (x86)/Steam/steamapps/common/Amnesia The Bunker/entities/character/player/animations/player_gas_grenade_focus_end_rarm.anm'
  Destroyed resource 'c:/Program Files (x86)/Steam/steamapps/common/Amnesia The Bunker/entities/character/player/animations/player_gas_grenade_focus_idle_rarm.anm'
  Destroyed resource 'c:/Program Files (x86)/Steam/steamapps/common/Amnesia The Bunker/entities/character/player/animations/player_gas_grenade_focus_start_rarm.anm'
  Destroyed resource 'c:/Program Files (x86)/Steam/steamapps/common/Amnesia The Bunker/entities/character/player/animations/player_gas_grenade_holster_rarm.anm'
  Destroyed resource 'c:/Program Files (x86)/Steam/steamapps/common/Amnesia The Bunker/entities/character/player/animations/player_gas_grenade_idle_rarm.anm'
  Destroyed resource 'c:/Program Files (x86)/Steam/steamapps/common/Amnesia The Bunker/entities/character/player/animations/player_gas_grenade_throw_larm.anm'
  Destroyed resource 'c:/Program Files (x86)/Steam/steamapps/common/Amnesia The Bunker/entities/character/player/animations/player_gas_grenade_throw_rarm.anm'
  Destroyed resource 'c:/Program Files (x86)/Steam/steamapps/common/Amnesia The Bunker/entities/character/player/animations/player_wrench_equip_rarm.anm'
  Destroyed resource 'c:/Program Files (x86)/Steam/steamapps/common/Amnesia The Bunker/entities/character/player/animations/player_wrench_focus_end_larm.anm'
  Destroyed resource 'c:/Program Files (x86)/Steam/steamapps/common/Amnesia The Bunker/entities/character/player/animations/player_wrench_focus_end_rarm.anm'
  Destroyed resource 'c:/Program Files (x86)/Steam/steamapps/common/Amnesia The Bunker/entities/character/player/animations/player_wrench_focus_idle_larm.anm'
  Destroyed resource 'c:/Program Files (x86)/Steam/steamapps/common/Amnesia The Bunker/entities/character/player/animations/player_wrench_focus_idle_rarm.anm'
  Destroyed resource 'c:/Program Files (x86)/Steam/steamapps/common/Amnesia The Bunker/entities/character/player/animations/player_wrench_focus_start_larm.anm'
  Destroyed resource 'c:/Program Files (x86)/Steam/steamapps/common/Amnesia The Bunker/entities/character/player/animations/player_wrench_focus_start_rarm.anm'
  Destroyed resource 'c:/Program Files (x86)/Steam/steamapps/common/Amnesia The Bunker/entities/character/player/animations/player_wrench_holster_rarm.anm'
  Destroyed resource 'c:/Program Files (x86)/Steam/steamapps/common/Amnesia The Bunker/entities/character/player/animations/player_wrench_idle_rarm.anm'
  Destroyed resource 'c:/Program Files (x86)/Steam/steamapps/common/Amnesia The Bunker/entities/character/player/animations/player_wrench_rtu_noaction_larm.anm'
  Destroyed resource 'c:/Program Files (x86)/Steam/steamapps/common/Amnesia The Bunker/entities/character/player/animations/player_wrench_rtu_noaction_rarm.anm'
  Destroyed resource 'c:/Program Files (x86)/Steam/steamapps/common/Amnesia The Bunker/entities/character/player/animations/player_wrench_unscrew_x2_bolt.anm'
  Destroyed resource 'c:/Program Files (x86)/Steam/steamapps/common/Amnesia The Bunker/entities/character/player/animations/player_wrench_unscrew_x3_bolt.anm'
  Destroyed resource 'c:/Program Files (x86)/Steam/steamapps/common/Amnesia The Bunker/entities/character/player/animations/player_meat_equip_rarm.anm'
  Destroyed resource 'c:/Program Files (x86)/Steam/steamapps/common/Amnesia The Bunker/entities/character/player/animations/player_meat_focus_end_rarm.anm'
  Destroyed resource 'c:/Program Files (x86)/Steam/steamapps/common/Amnesia The Bunker/entities/character/player/animations/player_meat_focus_idle_rarm.anm'
  Destroyed resource 'c:/Program Files (x86)/Steam/steamapps/common/Amnesia The Bunker/entities/character/player/animations/player_meat_focus_start_rarm.anm'
  Destroyed resource 'c:/Program Files (x86)/Steam/steamapps/common/Amnesia The Bunker/entities/character/player/animations/player_meat_holster_rarm.anm'
  Destroyed resource 'c:/Program Files (x86)/Steam/steamapps/common/Amnesia The Bunker/entities/character/player/animations/player_meat_idle_rarm.anm'
  Destroyed resource 'c:/Program Files (x86)/Steam/steamapps/common/Amnesia The Bunker/entities/character/player/animations/player_meat_throw_rarm.anm'
  Destroyed resource 'c:/Program Files (x86)/Steam/steamapps/common/Amnesia The Bunker/entities/character/player/animations/player_bottle_equip_rarm.anm'
  Destroyed resource 'c:/Program Files (x86)/Steam/steamapps/common/Amnesia The Bunker/entities/character/player/animations/player_bottle_focus_end_rarm.anm'
  Destroyed resource 'c:/Program Files (x86)/Steam/steamapps/common/Amnesia The Bunker/entities/character/player/animations/player_bottle_focus_idle_rarm.anm'
  Destroyed resource 'c:/Program Files (x86)/Steam/steamapps/common/Amnesia The Bunker/entities/character/player/animations/player_bottle_focus_start_rarm.anm'
  Destroyed resource 'c:/Program Files (x86)/Steam/steamapps/common/Amnesia The Bunker/entities/character/player/animations/player_bottle_holster_rarm.anm'
  Destroyed resource 'c:/Program Files (x86)/Steam/steamapps/common/Amnesia The Bunker/entities/character/player/animations/player_bottle_idle_rarm.anm'
  Destroyed resource 'c:/Program Files (x86)/Steam/steamapps/common/Amnesia The Bunker/entities/character/player/animations/player_bottle_throw_rarm.anm'
  Destroyed resource 'c:/Program Files (x86)/Steam/steamapps/common/Amnesia The Bunker/entities/character/player/animations/player_fuel_bottle_equip_rarm.anm'
  Destroyed resource 'c:/Program Files (x86)/Steam/steamapps/common/Amnesia The Bunker/entities/character/player/animations/player_fuel_bottle_focus_end_rarm.anm'
  Destroyed resource 'c:/Program Files (x86)/Steam/steamapps/common/Amnesia The Bunker/entities/character/player/animations/player_fuel_bottle_focus_idle_rarm.anm'
  Destroyed resource 'c:/Program Files (x86)/Steam/steamapps/common/Amnesia The Bunker/entities/character/player/animations/player_fuel_bottle_focus_start_rarm.anm'
  Destroyed resource 'c:/Program Files (x86)/Steam/steamapps/common/Amnesia The Bunker/entities/character/player/animations/player_fuel_bottle_holster_rarm.anm'
  Destroyed resource 'c:/Program Files (x86)/Steam/steamapps/common/Amnesia The Bunker/entities/character/player/animations/player_fuel_bottle_idle_rarm.anm'
  Destroyed resource 'c:/Program Files (x86)/Steam/steamapps/common/Amnesia The Bunker/entities/character/player/animations/player_fuel_bottle_throw_rarm.anm'
  Destroyed resource 'c:/Program Files (x86)/Steam/steamapps/common/Amnesia The Bunker/entities/character/player/animations/player_flare_equip_rarm.anm'
  Destroyed resource 'c:/Program Files (x86)/Steam/steamapps/common/Amnesia The Bunker/entities/character/player/animations/player_flare_idle_rarm.anm'
  Destroyed resource 'c:/Program Files (x86)/Steam/steamapps/common/Amnesia The Bunker/entities/character/player/animations/player_flare_holster_rarm.anm'
  Destroyed resource 'c:/Program Files (x86)/Steam/steamapps/common/Amnesia The Bunker/entities/character/player/animations/player_flare_focus_start_larm.anm'
  Destroyed resource 'c:/Program Files (x86)/Steam/steamapps/common/Amnesia The Bunker/entities/character/player/animations/player_flare_focus_start_rarm.anm'
  Destroyed resource 'c:/Program Files (x86)/Steam/steamapps/common/Amnesia The Bunker/entities/character/player/animations/player_flare_focus_idle_larm.anm'
  Destroyed resource 'c:/Program Files (x86)/Steam/steamapps/common/Amnesia The Bunker/entities/character/player/animations/player_flare_focus_idle_rarm.anm'
  Destroyed resource 'c:/Program Files (x86)/Steam/steamapps/common/Amnesia The Bunker/entities/character/player/animations/player_flare_focus_end_larm.anm'
  Destroyed resource 'c:/Program Files (x86)/Steam/steamapps/common/Amnesia The Bunker/entities/character/player/animations/player_flare_focus_end_rarm.anm'
  Destroyed resource 'c:/Program Files (x86)/Steam/steamapps/common/Amnesia The Bunker/entities/character/player/animations/player_flare_throw_larm.anm'
  Destroyed resource 'c:/Program Files (x86)/Steam/steamapps/common/Amnesia The Bunker/entities/character/player/animations/player_flare_throw_rarm.anm'
  Destroyed resource 'c:/Program Files (x86)/Steam/steamapps/common/Amnesia The Bunker/entities/character/player/animations/player_gas_mask_equip.anm'
  Destroyed resource 'c:/Program Files (x86)/Steam/steamapps/common/Amnesia The Bunker/entities/character/player/animations/player_gas_mask_unequip.anm'
  Destroyed resource 'c:/Program Files (x86)/Steam/steamapps/common/Amnesia The Bunker/entities/character/player/animations/player_stopwatch_wind_and_click_larm.anm'
  Destroyed resource 'c:/Program Files (x86)/Steam/steamapps/common/Amnesia The Bunker/entities/character/player/animations/player_stopwatch_wind_and_click_rarm.anm'
  Destroyed resource 'c:/Program Files (x86)/Steam/steamapps/common/Amnesia The Bunker/entities/character/player/animations/player_stopwatch_wind_and_click_all.anm'
  Destroyed resource 'c:/Program Files (x86)/Steam/steamapps/common/Amnesia The Bunker/entities/character/player/animations/player_stopwatch_equip_click_rarm.anm'
  Destroyed resource 'c:/Program Files (x86)/Steam/steamapps/common/Amnesia The Bunker/entities/character/player/animations/player_stopwatch_equip_rarm.anm'
  Destroyed resource 'c:/Program Files (x86)/Steam/steamapps/common/Amnesia The Bunker/entities/character/player/animations/player_stopwatch_focus_click_rarm.anm'
  Destroyed resource 'c:/Program Files (x86)/Steam/steamapps/common/Amnesia The Bunker/entities/character/player/animations/player_stopwatch_focus_end_rarm.anm'
  Destroyed resource 'c:/Program Files (x86)/Steam/steamapps/common/Amnesia The Bunker/entities/character/player/animations/player_stopwatch_focus_idle_rarm.anm'
  Destroyed resource 'c:/Program Files (x86)/Steam/steamapps/common/Amnesia The Bunker/entities/character/player/animations/player_stopwatch_focus_start_rarm.anm'
  Destroyed resource 'c:/Program Files (x86)/Steam/steamapps/common/Amnesia The Bunker/entities/character/player/animations/player_stopwatch_holster_rarm.anm'
  Destroyed resource 'c:/Program Files (x86)/Steam/steamapps/common/Amnesia The Bunker/entities/character/player/animations/player_stopwatch_idle_click_rarm.anm'
  Destroyed resource 'c:/Program Files (x86)/Steam/steamapps/common/Amnesia The Bunker/entities/character/player/animations/player_stopwatch_idle_rarm.anm'
  Destroyed resource 'c:/Program Files (x86)/Steam/steamapps/common/Amnesia The Bunker/entities/character/player/animations/player_death_front.anm'
  Destroyed resource 'c:/Program Files (x86)/Steam/steamapps/common/Amnesia The Bunker/entities/character/player/animations/player_death_back.anm'
  Destroyed resource 'c:/Program Files (x86)/Steam/steamapps/common/Amnesia The Bunker/entities/character/player/animations/player_slide_back_start.anm'
  Destroyed resource 'c:/Program Files (x86)/Steam/steamapps/common/Amnesia The Bunker/entities/character/player/animations/player_slide_back_loop.anm'
  Destroyed resource 'c:/Program Files (x86)/Steam/steamapps/common/Amnesia The Bunker/entities/character/player/animations/player_slide_back_end.anm'
  Destroyed resource 'c:/Program Files (x86)/Steam/steamapps/common/Amnesia The Bunker/entities/character/player/animations/player_slide_start.anm'
  Destroyed resource 'c:/Program Files (x86)/Steam/steamapps/common/Amnesia The Bunker/entities/character/player/animations/player_slide_loop.anm'
  Destroyed resource 'c:/Program Files (x86)/Steam/steamapps/common/Amnesia The Bunker/entities/character/player/animations/player_slide_end.anm'
  Destroyed resource 'c:/Program Files (x86)/Steam/steamapps/common/Amnesia The Bunker/entities/character/player/animations/player_lighter_equip_rarm.anm'
  Destroyed resource 'c:/Program Files (x86)/Steam/steamapps/common/Amnesia The Bunker/entities/character/player/animations/player_lighter_holster_rarm.anm'
  Destroyed resource 'c:/Program Files (x86)/Steam/steamapps/common/Amnesia The Bunker/entities/character/player/animations/player_lighter_idle_closed_rarm.anm'
  Destroyed resource 'c:/Program Files (x86)/Steam/steamapps/common/Amnesia The Bunker/entities/character/player/animations/player_lighter_idle_lit_rarm.anm'
  Destroyed resource 'c:/Program Files (x86)/Steam/steamapps/common/Amnesia The Bunker/entities/character/player/animations/player_lighter_focus_end_rarm.anm'
  Destroyed resource 'c:/Program Files (x86)/Steam/steamapps/common/Amnesia The Bunker/entities/character/player/animations/player_lighter_focus_idle_rarm.anm'
  Destroyed resource 'c:/Program Files (x86)/Steam/steamapps/common/Amnesia The Bunker/entities/character/player/animations/player_lighter_focus_start_rarm.anm'
  Destroyed resource 'c:/Program Files (x86)/Steam/steamapps/common/Amnesia The Bunker/entities/character/player/animations/player_lighter_focus_ignite_rarm.anm'
  Destroyed resource 'c:/Program Files (x86)/Steam/steamapps/common/Amnesia The Bunker/entities/character/player/animations/player_dynamite_bundle_equip_rarm.anm'
  Destroyed resource 'c:/Program Files (x86)/Steam/steamapps/common/Amnesia The Bunker/entities/character/player/animations/player_dynamite_bundle_holster_rarm.anm'
  Destroyed resource 'c:/Program Files (x86)/Steam/steamapps/common/Amnesia The Bunker/entities/character/player/animations/player_dynamite_bundle_idle_rarm.anm'
  Destroyed resource 'c:/Program Files (x86)/Steam/steamapps/common/Amnesia The Bunker/entities/character/player/animations/player_dynamite_bundle_focus_start_rarm.anm'
  Destroyed resource 'c:/Program Files (x86)/Steam/steamapps/common/Amnesia The Bunker/entities/character/player/animations/player_dynamite_bundle_focus_idle_rarm.anm'
  Destroyed resource 'c:/Program Files (x86)/Steam/steamapps/common/Amnesia The Bunker/entities/character/player/animations/player_dynamite_bundle_focus_end_rarm.anm'
  Destroyed resource 'c:/Program Files (x86)/Steam/steamapps/common/Amnesia The Bunker/entities/character/player/animations/player_dynamite_bundle_use.anm'
  Destroyed resource 'c:/Program Files (x86)/Steam/steamapps/common/Amnesia The Bunker/entities/character/player/animations/player_key_equip_rarm.anm'
  Destroyed resource 'c:/Program Files (x86)/Steam/steamapps/common/Amnesia The Bunker/entities/character/player/animations/player_key_holster_rarm.anm'
  Destroyed resource 'c:/Program Files (x86)/Steam/steamapps/common/Amnesia The Bunker/entities/character/player/animations/player_key_idle_rarm.anm'
  Destroyed resource 'c:/Program Files (x86)/Steam/steamapps/common/Amnesia The Bunker/entities/character/player/animations/player_key_focus_start_rarm.anm'
  Destroyed resource 'c:/Program Files (x86)/Steam/steamapps/common/Amnesia The Bunker/entities/character/player/animations/player_key_focus_idle_rarm.anm'
  Destroyed resource 'c:/Program Files (x86)/Steam/steamapps/common/Amnesia The Bunker/entities/character/player/animations/player_key_focus_end_rarm.anm'
  Destroyed resource 'c:/Program Files (x86)/Steam/steamapps/common/Amnesia The Bunker/entities/character/player/animations/player_key_focus_unlock.anm'
  Destroyed resource 'c:/Program Files (x86)/Steam/steamapps/common/Amnesia The Bunker/entities/character/player/animations/player_lockdown_wheel_equip_rarm.anm'
  Destroyed resource 'c:/Program Files (x86)/Steam/steamapps/common/Amnesia The Bunker/entities/character/player/animations/player_lockdown_wheel_holster_rarm.anm'
  Destroyed resource 'c:/Program Files (x86)/Steam/steamapps/common/Amnesia The Bunker/entities/character/player/animations/player_lockdown_wheel_idle_rarm.anm'
  Destroyed resource 'c:/Program Files (x86)/Steam/steamapps/common/Amnesia The Bunker/entities/character/player/animations/player_lockdown_wheel_focus_start_rarm.anm'
  Destroyed resource 'c:/Program Files (x86)/Steam/steamapps/common/Amnesia The Bunker/entities/character/player/animations/player_lockdown_wheel_focus_idle_rarm.anm'
  Destroyed resource 'c:/Program Files (x86)/Steam/steamapps/common/Amnesia The Bunker/entities/character/player/animations/player_lockdown_wheel_focus_end_rarm.anm'
  Destroyed resource 'c:/Program Files (x86)/Steam/steamapps/common/Amnesia The Bunker/entities/character/player/animations/player_lockdown_wheel_focus_start_larm.anm'
  Destroyed resource 'c:/Program Files (x86)/Steam/steamapps/common/Amnesia The Bunker/entities/character/player/animations/player_lockdown_wheel_focus_idle_larm.anm'
  Destroyed resource 'c:/Program Files (x86)/Steam/steamapps/common/Amnesia The Bunker/entities/character/player/animations/player_lockdown_wheel_focus_end_larm.anm'
  Destroyed resource 'c:/Program Files (x86)/Steam/steamapps/common/Amnesia The Bunker/entities/character/player/animations/player_lockdown_wheel_insert.anm'
  Destroyed resource 'c:/Program Files (x86)/Steam/steamapps/common/Amnesia The Bunker/entities/character/player/animations/player_fuel_cannister_equip_rarm.anm'
  Destroyed resource 'c:/Program Files (x86)/Steam/steamapps/common/Amnesia The Bunker/entities/character/player/animations/player_fuel_cannister_holster_rarm.anm'
  Destroyed resource 'c:/Program Files (x86)/Steam/steamapps/common/Amnesia The Bunker/entities/character/player/animations/player_fuel_cannister_idle_rarm.anm'
  Destroyed resource 'c:/Program Files (x86)/Steam/steamapps/common/Amnesia The Bunker/entities/character/player/animations/player_fuel_cannister_focus_start_rarm.anm'
  Destroyed resource 'c:/Program Files (x86)/Steam/steamapps/common/Amnesia The Bunker/entities/character/player/animations/player_fuel_cannister_focus_idle_rarm.anm'
  Destroyed resource 'c:/Program Files (x86)/Steam/steamapps/common/Amnesia The Bunker/entities/character/player/animations/player_fuel_cannister_focus_end_rarm.anm'
  Destroyed resource 'c:/Program Files (x86)/Steam/steamapps/common/Amnesia The Bunker/entities/character/player/animations/player_fuel_cannister_focus_start_larm.anm'
  Destroyed resource 'c:/Program Files (x86)/Steam/steamapps/common/Amnesia The Bunker/entities/character/player/animations/player_fuel_cannister_focus_idle_larm.anm'
  Destroyed resource 'c:/Program Files (x86)/Steam/steamapps/common/Amnesia The Bunker/entities/character/player/animations/player_fuel_cannister_focus_end_larm.anm'
  Destroyed resource 'c:/Program Files (x86)/Steam/steamapps/common/Amnesia The Bunker/entities/character/player/animations/player_fuel_cannister_throw_fuel_start_rarm.anm'
  Destroyed resource 'c:/Program Files (x86)/Steam/steamapps/common/Amnesia The Bunker/entities/character/player/animations/player_fuel_cannister_throw_fuel_start_larm.anm'
  Destroyed resource 'c:/Program Files (x86)/Steam/steamapps/common/Amnesia The Bunker/entities/character/player/animations/player_head_fuel_cannister_throw_fuel_start.anm'
  Destroyed resource 'c:/Program Files (x86)/Steam/steamapps/common/Amnesia The Bunker/entities/character/player/animations/player_fuel_cannister_throw_fuel_x3_rarm.anm'
  Destroyed resource 'c:/Program Files (x86)/Steam/steamapps/common/Amnesia The Bunker/entities/character/player/animations/player_fuel_cannister_throw_fuel_x3_larm.anm'
  Destroyed resource 'c:/Program Files (x86)/Steam/steamapps/common/Amnesia The Bunker/entities/character/player/animations/player_fuel_cannister_throw_fuel_end_rarm.anm'
  Destroyed resource 'c:/Program Files (x86)/Steam/steamapps/common/Amnesia The Bunker/entities/character/player/animations/player_fuel_cannister_throw_fuel_end_larm.anm'
  Destroyed resource 'c:/Program Files (x86)/Steam/steamapps/common/Amnesia The Bunker/entities/character/player/animations/player_medkit_equip_rarm.anm'
  Destroyed resource 'c:/Program Files (x86)/Steam/steamapps/common/Amnesia The Bunker/entities/character/player/animations/player_medkit_holster_rarm.anm'
  Destroyed resource 'c:/Program Files (x86)/Steam/steamapps/common/Amnesia The Bunker/entities/character/player/animations/player_medkit_idle_rarm.anm'
  Destroyed resource 'c:/Program Files (x86)/Steam/steamapps/common/Amnesia The Bunker/entities/character/player/animations/player_medkit_focus_start_rarm.anm'
  Destroyed resource 'c:/Program Files (x86)/Steam/steamapps/common/Amnesia The Bunker/entities/character/player/animations/player_medkit_focus_idle_rarm.anm'
  Destroyed resource 'c:/Program Files (x86)/Steam/steamapps/common/Amnesia The Bunker/entities/character/player/animations/player_medkit_focus_end_rarm.anm'
  Destroyed resource 'c:/Program Files (x86)/Steam/steamapps/common/Amnesia The Bunker/entities/character/player/animations/player_medkit_focus_start_larm.anm'
  Destroyed resource 'c:/Program Files (x86)/Steam/steamapps/common/Amnesia The Bunker/entities/character/player/animations/player_medkit_focus_idle_larm.anm'
  Destroyed resource 'c:/Program Files (x86)/Steam/steamapps/common/Amnesia The Bunker/entities/character/player/animations/player_medkit_focus_end_larm.anm'
  Destroyed resource 'c:/Program Files (x86)/Steam/steamapps/common/Amnesia The Bunker/entities/character/player/animations/player_medkit_usage.anm'
  Destroyed resource 'c:/Program Files (x86)/Steam/steamapps/common/Amnesia The Bunker/entities/character/player/animations/player_bandage_equip_rarm.anm'
  Destroyed resource 'c:/Program Files (x86)/Steam/steamapps/common/Amnesia The Bunker/entities/character/player/animations/player_bandage_holster_rarm.anm'
  Destroyed resource 'c:/Program Files (x86)/Steam/steamapps/common/Amnesia The Bunker/entities/character/player/animations/player_bandage_idle_rarm.anm'
  Destroyed resource 'c:/Program Files (x86)/Steam/steamapps/common/Amnesia The Bunker/entities/character/player/animations/player_bandage_focus_start_rarm.anm'
  Destroyed resource 'c:/Program Files (x86)/Steam/steamapps/common/Amnesia The Bunker/entities/character/player/animations/player_bandage_focus_idle_rarm.anm'
  Destroyed resource 'c:/Program Files (x86)/Steam/steamapps/common/Amnesia The Bunker/entities/character/player/animations/player_bandage_focus_end_rarm.anm'
  Destroyed resource 'c:/Program Files (x86)/Steam/steamapps/common/Amnesia The Bunker/entities/character/player/animations/player_bandage_focus_start_larm.anm'
  Destroyed resource 'c:/Program Files (x86)/Steam/steamapps/common/Amnesia The Bunker/entities/character/player/animations/player_bandage_focus_idle_larm.anm'
  Destroyed resource 'c:/Program Files (x86)/Steam/steamapps/common/Amnesia The Bunker/entities/character/player/animations/player_bandage_focus_end_larm.anm'
  Destroyed resource 'c:/Program Files (x86)/Steam/steamapps/common/Amnesia The Bunker/entities/character/player/animations/player_bandage_application.anm'
  Destroyed resource 'c:/Program Files (x86)/Steam/steamapps/common/Amnesia The Bunker/entities/character/player/animations/player_detonator_handle_equip_rarm.anm'
  Destroyed resource 'c:/Program Files (x86)/Steam/steamapps/common/Amnesia The Bunker/entities/character/player/animations/player_detonator_handle_holster_rarm.anm'
  Destroyed resource 'c:/Program Files (x86)/Steam/steamapps/common/Amnesia The Bunker/entities/character/player/animations/player_detonator_handle_idle_rarm.anm'
  Destroyed resource 'c:/Program Files (x86)/Steam/steamapps/common/Amnesia The Bunker/entities/character/player/animations/player_detonator_handle_focus_start_rarm.anm'
  Destroyed resource 'c:/Program Files (x86)/Steam/steamapps/common/Amnesia The Bunker/entities/character/player/animations/player_detonator_handle_focus_idle_rarm.anm'
  Destroyed resource 'c:/Program Files (x86)/Steam/steamapps/common/Amnesia The Bunker/entities/character/player/animations/player_detonator_handle_focus_end_rarm.anm'
  Destroyed resource 'c:/Program Files (x86)/Steam/steamapps/common/Amnesia The Bunker/entities/character/player/animations/player_detonator_fasten_handle.anm'
  Destroyed resource 'c:/Program Files (x86)/Steam/steamapps/common/Amnesia The Bunker/entities/character/player/animations/player_throw_standing_1.anm'
  Destroyed resource 'c:/Program Files (x86)/Steam/steamapps/common/Amnesia The Bunker/entities/character/player/animations/player_throw_standing_2.anm'
  Destroyed resource 'c:/Program Files (x86)/Steam/steamapps/common/Amnesia The Bunker/entities/character/player/animations/player_throw_crouching_1.anm'
  Destroyed resource 'c:/Program Files (x86)/Steam/steamapps/common/Amnesia The Bunker/entities/character/player/animations/player_throw_crouching_2.anm'
  Destroyed resource 'c:/Program Files (x86)/Steam/steamapps/common/Amnesia The Bunker/entities/character/player/animations/knocked_back_by_explosion.anm'
  Destroyed resource 'c:/Program Files (x86)/Steam/steamapps/common/Amnesia The Bunker/entities/character/player/animations/knocked_forward_by_explosion.anm'
  Destroyed resource 'c:/Program Files (x86)/Steam/steamapps/common/Amnesia The Bunker/entities/character/player/animations/player_check_health_damage_first_stage_start_head.anm'
  Destroyed resource 'c:/Program Files (x86)/Steam/steamapps/common/Amnesia The Bunker/entities/character/player/animations/player_check_health_damage_first_stage_start_larm.anm'
  Destroyed resource 'c:/Program Files (x86)/Steam/steamapps/common/Amnesia The Bunker/entities/character/player/animations/player_check_health_damage_last_stage_start_head.anm'
  Destroyed resource 'c:/Program Files (x86)/Steam/steamapps/common/Amnesia The Bunker/entities/character/player/animations/player_check_health_damage_last_stage_start_larm.anm'
  Destroyed resource 'c:/Program Files (x86)/Steam/steamapps/common/Amnesia The Bunker/entities/character/player/animations/player_check_health_damage_second_stage_start_head.anm'
  Destroyed resource 'c:/Program Files (x86)/Steam/steamapps/common/Amnesia The Bunker/entities/character/player/animations/player_check_health_damage_second_stage_start_larm.anm'
  Destroyed resource 'c:/Program Files (x86)/Steam/steamapps/common/Amnesia The Bunker/entities/character/player/animations/player_check_health_end_head.anm'
  Destroyed resource 'c:/Program Files (x86)/Steam/steamapps/common/Amnesia The Bunker/entities/character/player/animations/player_check_health_end_larm.anm'
  Destroyed resource 'c:/Program Files (x86)/Steam/steamapps/common/Amnesia The Bunker/entities/character/player/animations/player_check_health_full_start_head.anm'
  Destroyed resource 'c:/Program Files (x86)/Steam/steamapps/common/Amnesia The Bunker/entities/character/player/animations/player_check_health_full_start_larm.anm'
  Destroyed resource 'c:/Program Files (x86)/Steam/steamapps/common/Amnesia The Bunker/entities/character/player/animations/player_check_health_idle_head.anm'
  Destroyed resource 'c:/Program Files (x86)/Steam/steamapps/common/Amnesia The Bunker/entities/character/player/animations/player_check_health_idle_larm.anm'
  Destroyed resource 'c:/Program Files (x86)/Steam/steamapps/common/Amnesia The Bunker/entities/character/player/animations/player_detonator_ignite.anm'
  Destroyed resource 'c:/Program Files (x86)/Steam/steamapps/common/Amnesia The Bunker/entities/character/player/animations/player_head_bottle_throw.anm'
  Destroyed resource 'c:/Program Files (x86)/Steam/steamapps/common/Amnesia The Bunker/entities/character/player/animations/player_head_flare_throw.anm'
  Destroyed resource 'c:/Program Files (x86)/Steam/steamapps/common/Amnesia The Bunker/entities/character/player/animations/player_head_meat_throw.anm'
  Destroyed resource 'c:/Program Files (x86)/Steam/steamapps/common/Amnesia The Bunker/entities/character/player/animations/player_head_molotov_throw.anm'
  Destroyed resource 'c:/Program Files (x86)/Steam/steamapps/common/Amnesia The Bunker/entities/character/player/animations/player_shot_centre.anm'
  Destroyed resource 'c:/Program Files (x86)/Steam/steamapps/common/Amnesia The Bunker/entities/character/player/animations/player_shot_left.anm'
  Destroyed resource 'c:/Program Files (x86)/Steam/steamapps/common/Amnesia The Bunker/entities/character/player/animations/player_shot_right.anm'
  Destroyed resource 'c:/Program Files (x86)/Steam/steamapps/common/Amnesia The Bunker/entities/character/player/animations/player_medbay_wakeup.anm'
  Destroyed resource 'c:/Program Files (x86)/Steam/steamapps/common/Amnesia The Bunker/entities/character/player/animations/player_generator_refuelling_cannister.anm'
  Destroyed resource 'c:/Program Files (x86)/Steam/steamapps/common/Amnesia The Bunker/entities/character/player/animations/player_generator_refuelling_bottle.anm'
  Destroyed resource 'c:/Program Files (x86)/Steam/steamapps/common/Amnesia The Bunker/entities/character/player/animations/player_fuel_storage_refill_stand.anm'
  Destroyed resource 'c:/Program Files (x86)/Steam/steamapps/common/Amnesia The Bunker/entities/character/player/animations/player_fuel_storage_refill_crouched.anm'
  Destroyed resource 'c:/Program Files (x86)/Steam/steamapps/common/Amnesia The Bunker/entities/character/player/animations/player_death_hole_left.anm'
  Destroyed resource 'c:/Program Files (x86)/Steam/steamapps/common/Amnesia The Bunker/entities/character/player/animations/player_death_hole_right.anm'
  Destroyed resource 'c:/Program Files (x86)/Steam/steamapps/common/Amnesia The Bunker/entities/character/player/animations/player_death_under.anm'
  Destroyed resource 'c:/Program Files (x86)/Steam/steamapps/common/Amnesia The Bunker/entities/character/player/animations/player_death_ladder.anm'
  Destroyed resource 'c:/Program Files (x86)/Steam/steamapps/common/Amnesia The Bunker/entities/character/player/animations/player_head_shotgun_aim_idle.anm'
  Destroyed resource 'c:/Program Files (x86)/Steam/steamapps/common/Amnesia The Bunker/entities/character/player/animations/player_head_shotgun_aim_idle_tr_idle_one_handed.anm'
  Destroyed resource 'c:/Program Files (x86)/Steam/steamapps/common/Amnesia The Bunker/entities/character/player/animations/player_head_shotgun_aim_idle_tr_idle_two_handed.anm'
  Destroyed resource 'c:/Program Files (x86)/Steam/steamapps/common/Amnesia The Bunker/entities/character/player/animations/player_head_shotgun_check_ammo_close.anm'
  Destroyed resource 'c:/Program Files (x86)/Steam/steamapps/common/Amnesia The Bunker/entities/character/player/animations/player_head_shotgun_check_ammo_idle.anm'
  Destroyed resource 'c:/Program Files (x86)/Steam/steamapps/common/Amnesia The Bunker/entities/character/player/animations/player_head_shotgun_check_ammo_pump_tr_aim_idle.anm'
  Destroyed resource 'c:/Program Files (x86)/Steam/steamapps/common/Amnesia The Bunker/entities/character/player/animations/player_head_shotgun_check_ammo_pump_tr_idle_two_handed.anm'
  Destroyed resource 'c:/Program Files (x86)/Steam/steamapps/common/Amnesia The Bunker/entities/character/player/animations/player_head_shotgun_check_ammo_start.anm'
  Destroyed resource 'c:/Program Files (x86)/Steam/steamapps/common/Amnesia The Bunker/entities/character/player/animations/player_head_shotgun_check_ammo_tr_idle_one_handed.anm'
  Destroyed resource 'c:/Program Files (x86)/Steam/steamapps/common/Amnesia The Bunker/entities/character/player/animations/player_head_shotgun_equip_one_handed.anm'
  Destroyed resource 'c:/Program Files (x86)/Steam/steamapps/common/Amnesia The Bunker/entities/character/player/animations/player_head_shotgun_equip_two_handed.anm'
  Destroyed resource 'c:/Program Files (x86)/Steam/steamapps/common/Amnesia The Bunker/entities/character/player/animations/player_head_shotgun_fire_empty.anm'
  Destroyed resource 'c:/Program Files (x86)/Steam/steamapps/common/Amnesia The Bunker/entities/character/player/animations/player_head_shotgun_fire_shell_01.anm'
  Destroyed resource 'c:/Program Files (x86)/Steam/steamapps/common/Amnesia The Bunker/entities/character/player/animations/player_head_shotgun_fire_shell_02.anm'
  Destroyed resource 'c:/Program Files (x86)/Steam/steamapps/common/Amnesia The Bunker/entities/character/player/animations/player_head_shotgun_fire_shell_03.anm'
  Destroyed resource 'c:/Program Files (x86)/Steam/steamapps/common/Amnesia The Bunker/entities/character/player/animations/player_head_shotgun_idle_one_handed.anm'
  Destroyed resource 'c:/Program Files (x86)/Steam/steamapps/common/Amnesia The Bunker/entities/character/player/animations/player_head_shotgun_idle_one_handed_tr_aim_idle.anm'
  Destroyed resource 'c:/Program Files (x86)/Steam/steamapps/common/Amnesia The Bunker/entities/character/player/animations/player_head_shotgun_idle_one_handed_tr_reload.anm'
  Destroyed resource 'c:/Program Files (x86)/Steam/steamapps/common/Amnesia The Bunker/entities/character/player/animations/player_head_shotgun_idle_two_handed.anm'
  Destroyed resource 'c:/Program Files (x86)/Steam/steamapps/common/Amnesia The Bunker/entities/character/player/animations/player_head_shotgun_idle_two_handed_arm.anm'
  Destroyed resource 'c:/Program Files (x86)/Steam/steamapps/common/Amnesia The Bunker/entities/character/player/animations/player_head_shotgun_idle_two_handed_tr_aim_idle.anm'
  Destroyed resource 'c:/Program Files (x86)/Steam/steamapps/common/Amnesia The Bunker/entities/character/player/animations/player_head_shotgun_idle_two_handed_tr_reload.anm'
  Destroyed resource 'c:/Program Files (x86)/Steam/steamapps/common/Amnesia The Bunker/entities/character/player/animations/player_head_shotgun_reload.anm'
  Destroyed resource 'c:/Program Files (x86)/Steam/steamapps/common/Amnesia The Bunker/entities/character/player/animations/player_head_shotgun_unequip_one_handed.anm'
  Destroyed resource 'c:/Program Files (x86)/Steam/steamapps/common/Amnesia The Bunker/entities/character/player/animations/player_head_shotgun_unequip_two_handed.anm'
  Destroyed resource 'c:/Program Files (x86)/Steam/steamapps/common/Amnesia The Bunker/entities/character/player/animations/player_head_shotgun_idle_one_handed_tr_check_ammo.anm'
  Destroyed resource 'c:/Program Files (x86)/Steam/steamapps/common/Amnesia The Bunker/entities/character/player/animations/player_head_shotgun_reload_end.anm'
  Destroyed resource 'c:/Program Files (x86)/Steam/steamapps/common/Amnesia The Bunker/entities/character/player/animations/player_head_shotgun_reload_start.anm'
  Destroyed resource 'c:/Program Files (x86)/Steam/steamapps/common/Amnesia The Bunker/entities/character/player/animations/player_head_shotgun_reload_end_pump_tr_check_ammo.anm'
  Destroyed resource 'c:/Program Files (x86)/Steam/steamapps/common/Amnesia The Bunker/entities/character/player/animations/player_shotgun_idle_one_handed_tr_check_ammo_larm.anm'
  Destroyed resource 'c:/Program Files (x86)/Steam/steamapps/common/Amnesia The Bunker/entities/character/player/animations/player_shotgun_idle_one_handed_tr_check_ammo_rarm.anm'
  Destroyed resource 'c:/Program Files (x86)/Steam/steamapps/common/Amnesia The Bunker/entities/character/player/animations/player_shotgun_reload_end_larm.anm'
  Destroyed resource 'c:/Program Files (x86)/Steam/steamapps/common/Amnesia The Bunker/entities/character/player/animations/player_shotgun_reload_end_rarm.anm'
  Destroyed resource 'c:/Program Files (x86)/Steam/steamapps/common/Amnesia The Bunker/entities/character/player/animations/player_shotgun_reload_end_pump_tr_check_ammo_rarm.anm'
  Destroyed resource 'c:/Program Files (x86)/Steam/steamapps/common/Amnesia The Bunker/entities/character/player/animations/player_shotgun_reload_end_pump_tr_check_ammo_larm.anm'
  Destroyed resource 'c:/Program Files (x86)/Steam/steamapps/common/Amnesia The Bunker/entities/character/player/animations/player_shotgun_reload_start_larm.anm'
  Destroyed resource 'c:/Program Files (x86)/Steam/steamapps/common/Amnesia The Bunker/entities/character/player/animations/player_shotgun_reload_start_rarm.anm'
  Destroyed resource 'c:/Program Files (x86)/Steam/steamapps/common/Amnesia The Bunker/entities/character/player/animations/player_shotgun_aim_idle_larm.anm'
  Destroyed resource 'c:/Program Files (x86)/Steam/steamapps/common/Amnesia The Bunker/entities/character/player/animations/player_shotgun_aim_idle_rarm.anm'
  Destroyed resource 'c:/Program Files (x86)/Steam/steamapps/common/Amnesia The Bunker/entities/character/player/animations/player_shotgun_aim_idle_tr_idle_one_handed_larm.anm'
  Destroyed resource 'c:/Program Files (x86)/Steam/steamapps/common/Amnesia The Bunker/entities/character/player/animations/player_shotgun_aim_idle_tr_idle_one_handed_rarm.anm'
  Destroyed resource 'c:/Program Files (x86)/Steam/steamapps/common/Amnesia The Bunker/entities/character/player/animations/player_shotgun_aim_idle_tr_idle_two_handed_larm.anm'
  Destroyed resource 'c:/Program Files (x86)/Steam/steamapps/common/Amnesia The Bunker/entities/character/player/animations/player_shotgun_aim_idle_tr_idle_two_handed_rarm.anm'
  Destroyed resource 'c:/Program Files (x86)/Steam/steamapps/common/Amnesia The Bunker/entities/character/player/animations/player_shotgun_check_ammo_close_larm.anm'
  Destroyed resource 'c:/Program Files (x86)/Steam/steamapps/common/Amnesia The Bunker/entities/character/player/animations/player_shotgun_check_ammo_close_rarm.anm'
  Destroyed resource 'c:/Program Files (x86)/Steam/steamapps/common/Amnesia The Bunker/entities/character/player/animations/player_shotgun_check_ammo_idle_larm.anm'
  Destroyed resource 'c:/Program Files (x86)/Steam/steamapps/common/Amnesia The Bunker/entities/character/player/animations/player_shotgun_check_ammo_idle_rarm.anm'
  Destroyed resource 'c:/Program Files (x86)/Steam/steamapps/common/Amnesia The Bunker/entities/character/player/animations/player_shotgun_check_ammo_pump_tr_aim_idle_larm.anm'
  Destroyed resource 'c:/Program Files (x86)/Steam/steamapps/common/Amnesia The Bunker/entities/character/player/animations/player_shotgun_check_ammo_pump_tr_aim_idle_rarm.anm'
  Destroyed resource 'c:/Program Files (x86)/Steam/steamapps/common/Amnesia The Bunker/entities/character/player/animations/player_shotgun_check_ammo_pump_tr_idle_two_handed_larm.anm'
  Destroyed resource 'c:/Program Files (x86)/Steam/steamapps/common/Amnesia The Bunker/entities/character/player/animations/player_shotgun_check_ammo_pump_tr_idle_two_handed_rarm.anm'
  Destroyed resource 'c:/Program Files (x86)/Steam/steamapps/common/Amnesia The Bunker/entities/character/player/animations/player_shotgun_check_ammo_start_larm.anm'
  Destroyed resource 'c:/Program Files (x86)/Steam/steamapps/common/Amnesia The Bunker/entities/character/player/animations/player_shotgun_check_ammo_start_rarm.anm'
  Destroyed resource 'c:/Program Files (x86)/Steam/steamapps/common/Amnesia The Bunker/entities/character/player/animations/player_shotgun_check_ammo_tr_idle_one_handed_larm.anm'
  Destroyed resource 'c:/Program Files (x86)/Steam/steamapps/common/Amnesia The Bunker/entities/character/player/animations/player_shotgun_check_ammo_tr_idle_one_handed_rarm.anm'
  Destroyed resource 'c:/Program Files (x86)/Steam/steamapps/common/Amnesia The Bunker/entities/character/player/animations/player_shotgun_equip_one_handed_larm.anm'
  Destroyed resource 'c:/Program Files (x86)/Steam/steamapps/common/Amnesia The Bunker/entities/character/player/animations/player_shotgun_equip_one_handed_rarm.anm'
  Destroyed resource 'c:/Program Files (x86)/Steam/steamapps/common/Amnesia The Bunker/entities/character/player/animations/player_shotgun_equip_two_handed_larm.anm'
  Destroyed resource 'c:/Program Files (x86)/Steam/steamapps/common/Amnesia The Bunker/entities/character/player/animations/player_shotgun_equip_two_handed_rarm.anm'
  Destroyed resource 'c:/Program Files (x86)/Steam/steamapps/common/Amnesia The Bunker/entities/character/player/animations/player_shotgun_fire_empty_larm.anm'
  Destroyed resource 'c:/Program Files (x86)/Steam/steamapps/common/Amnesia The Bunker/entities/character/player/animations/player_shotgun_fire_empty_rarm.anm'
  Destroyed resource 'c:/Program Files (x86)/Steam/steamapps/common/Amnesia The Bunker/entities/character/player/animations/player_shotgun_fire_shell_01_larm.anm'
  Destroyed resource 'c:/Program Files (x86)/Steam/steamapps/common/Amnesia The Bunker/entities/character/player/animations/player_shotgun_fire_shell_01_rarm.anm'
  Destroyed resource 'c:/Program Files (x86)/Steam/steamapps/common/Amnesia The Bunker/entities/character/player/animations/player_shotgun_fire_shell_02_larm.anm'
  Destroyed resource 'c:/Program Files (x86)/Steam/steamapps/common/Amnesia The Bunker/entities/character/player/animations/player_shotgun_fire_shell_02_rarm.anm'
  Destroyed resource 'c:/Program Files (x86)/Steam/steamapps/common/Amnesia The Bunker/entities/character/player/animations/player_shotgun_fire_shell_03_larm.anm'
  Destroyed resource 'c:/Program Files (x86)/Steam/steamapps/common/Amnesia The Bunker/entities/character/player/animations/player_shotgun_fire_shell_03_rarm.anm'
  Destroyed resource 'c:/Program Files (x86)/Steam/steamapps/common/Amnesia The Bunker/entities/character/player/animations/player_shotgun_idle_one_handed_larm.anm'
  Destroyed resource 'c:/Program Files (x86)/Steam/steamapps/common/Amnesia The Bunker/entities/character/player/animations/player_shotgun_idle_one_handed_rarm.anm'
  Destroyed resource 'c:/Program Files (x86)/Steam/steamapps/common/Amnesia The Bunker/entities/character/player/animations/player_shotgun_idle_one_handed_tr_aim_idle_larm.anm'
  Destroyed resource 'c:/Program Files (x86)/Steam/steamapps/common/Amnesia The Bunker/entities/character/player/animations/player_shotgun_idle_one_handed_tr_aim_idle_rarm.anm'
  Destroyed resource 'c:/Program Files (x86)/Steam/steamapps/common/Amnesia The Bunker/entities/character/player/animations/player_shotgun_idle_one_handed_tr_reload_larm.anm'
  Destroyed resource 'c:/Program Files (x86)/Steam/steamapps/common/Amnesia The Bunker/entities/character/player/animations/player_shotgun_idle_one_handed_tr_reload_rarm.anm'
  Destroyed resource 'c:/Program Files (x86)/Steam/steamapps/common/Amnesia The Bunker/entities/character/player/animations/player_shotgun_idle_two_handed_arm_larm.anm'
  Destroyed resource 'c:/Program Files (x86)/Steam/steamapps/common/Amnesia The Bunker/entities/character/player/animations/player_shotgun_idle_two_handed_arm_rarm.anm'
  Destroyed resource 'c:/Program Files (x86)/Steam/steamapps/common/Amnesia The Bunker/entities/character/player/animations/player_shotgun_idle_two_handed_larm.anm'
  Destroyed resource 'c:/Program Files (x86)/Steam/steamapps/common/Amnesia The Bunker/entities/character/player/animations/player_shotgun_idle_two_handed_rarm.anm'
  Destroyed resource 'c:/Program Files (x86)/Steam/steamapps/common/Amnesia The Bunker/entities/character/player/animations/player_shotgun_idle_two_handed_tr_aim_idle_larm.anm'
  Destroyed resource 'c:/Program Files (x86)/Steam/steamapps/common/Amnesia The Bunker/entities/character/player/animations/player_shotgun_idle_two_handed_tr_aim_idle_rarm.anm'
  Destroyed resource 'c:/Program Files (x86)/Steam/steamapps/common/Amnesia The Bunker/entities/character/player/animations/player_shotgun_idle_two_handed_tr_reload_larm.anm'
  Destroyed resource 'c:/Program Files (x86)/Steam/steamapps/common/Amnesia The Bunker/entities/character/player/animations/player_shotgun_idle_two_handed_tr_reload_rarm.anm'
  Destroyed resource 'c:/Program Files (x86)/Steam/steamapps/common/Amnesia The Bunker/entities/character/player/animations/player_shotgun_reload_larm.anm'
  Destroyed resource 'c:/Program Files (x86)/Steam/steamapps/common/Amnesia The Bunker/entities/character/player/animations/player_shotgun_reload_rarm.anm'
  Destroyed resource 'c:/Program Files (x86)/Steam/steamapps/common/Amnesia The Bunker/entities/character/player/animations/player_shotgun_unequip_one_handed_larm.anm'
  Destroyed resource 'c:/Program Files (x86)/Steam/steamapps/common/Amnesia The Bunker/entities/character/player/animations/player_shotgun_unequip_one_handed_rarm.anm'
  Destroyed resource 'c:/Program Files (x86)/Steam/steamapps/common/Amnesia The Bunker/entities/character/player/animations/player_shotgun_unequip_two_handed_larm.anm'
  Destroyed resource 'c:/Program Files (x86)/Steam/steamapps/common/Amnesia The Bunker/entities/character/player/animations/player_shotgun_unequip_two_handed_rarm.anm'
  Destroyed resource 'c:/Program Files (x86)/Steam/steamapps/common/Amnesia The Bunker/entities/character/player/animations/player_death_hole_back.anm'
  Destroyed resource 'c:/Program Files (x86)/Steam/steamapps/common/Amnesia The Bunker/entities/character/player/animations/player_death_hole_front.anm'
  Destroyed resource 'c:/Program Files (x86)/Steam/steamapps/common/Amnesia The Bunker/entities/character/player/animations/player_climb_ledge.anm'
  Destroyed resource 'c:/Program Files (x86)/Steam/steamapps/common/Amnesia The Bunker/entities/character/player/animations/pick_up_and_look_at_orb_pedestal.anm'
  Destroyed resource 'c:/Program Files (x86)/Steam/steamapps/common/Amnesia The Bunker/entities/character/player/animations/player_shot_shotgun_01.anm'
  Destroyed resource 'c:/Program Files (x86)/Steam/steamapps/common/Amnesia The Bunker/entities/character/player/animations/player_shot_shotgun_crouched_01.anm'
  Destroyed resource 'c:/Program Files (x86)/Steam/steamapps/common/Amnesia The Bunker/entities/character/player/animations/player_shot_death_01.anm'
  Destroyed resource 'c:/Program Files (x86)/Steam/steamapps/common/Amnesia The Bunker/entities/character/player/animations/player_shot_death_crouched_01.anm'
  Destroyed resource 'c:/Program Files (x86)/Steam/steamapps/common/Amnesia The Bunker/entities/character/player/animations/player_magnetlampe_run_idle_larm.anm'
  Destroyed resource 'c:/Program Files (x86)/Steam/steamapps/common/Amnesia The Bunker/entities/character/player/animations/player_rabbit_equip_rarm.anm'
  Destroyed resource 'c:/Program Files (x86)/Steam/steamapps/common/Amnesia The Bunker/entities/character/player/animations/player_rabbit_focus_end_rarm.anm'
  Destroyed resource 'c:/Program Files (x86)/Steam/steamapps/common/Amnesia The Bunker/entities/character/player/animations/player_rabbit_focus_idle_rarm.anm'
  Destroyed resource 'c:/Program Files (x86)/Steam/steamapps/common/Amnesia The Bunker/entities/character/player/animations/player_rabbit_focus_start_rarm.anm'
  Destroyed resource 'c:/Program Files (x86)/Steam/steamapps/common/Amnesia The Bunker/entities/character/player/animations/player_rabbit_holster_rarm.anm'
  Destroyed resource 'c:/Program Files (x86)/Steam/steamapps/common/Amnesia The Bunker/entities/character/player/animations/player_rabbit_idle_rarm.anm'
  Destroyed resource 'c:/Program Files (x86)/Steam/steamapps/common/Amnesia The Bunker/entities/character/player/animations/player_rabbit_throw_rarm.anm'
  Destroyed resource 'c:/Program Files (x86)/Steam/steamapps/common/Amnesia The Bunker/entities/character/player/animations/player_end_tumble_into_trench.anm'
  Destroyed resource 'c:/Program Files (x86)/Steam/steamapps/common/Amnesia The Bunker/entities/character/player/animations/player_end_tumble_into_trench_no_stalker.anm'
  Destroyed resource 'c:/Program Files (x86)/Steam/steamapps/common/Amnesia The Bunker/entities/character/player/animations/player_crouched_bandage_application.anm'
  Destroyed resource 'c:/Program Files (x86)/Steam/steamapps/common/Amnesia The Bunker/entities/character/player/animations/player_crouched_medkit_usage.anm'
  Destroyed resource 'c:/Program Files (x86)/Steam/steamapps/common/Amnesia The Bunker/entities/character/player/animations/player_fuse_equip_rarm.anm'
  Destroyed resource 'c:/Program Files (x86)/Steam/steamapps/common/Amnesia The Bunker/entities/character/player/animations/player_fuse_focus_end_rarm.anm'
  Destroyed resource 'c:/Program Files (x86)/Steam/steamapps/common/Amnesia The Bunker/entities/character/player/animations/player_fuse_focus_idle_rarm.anm'
  Destroyed resource 'c:/Program Files (x86)/Steam/steamapps/common/Amnesia The Bunker/entities/character/player/animations/player_fuse_focus_start_rarm.anm'
  Destroyed resource 'c:/Program Files (x86)/Steam/steamapps/common/Amnesia The Bunker/entities/character/player/animations/player_fuse_holster_rarm.anm'
  Destroyed resource 'c:/Program Files (x86)/Steam/steamapps/common/Amnesia The Bunker/entities/character/player/animations/player_fuse_idle_rarm.anm'
  Destroyed resource 'c:/Program Files (x86)/Steam/steamapps/common/Amnesia The Bunker/entities/character/player/animations/player_fuse_use_medium.anm'
  Destroyed resource 'c:/Program Files (x86)/Steam/steamapps/common/Amnesia The Bunker/entities/bunker/gameplay/fuel_medium/Animations/fuel_cannister_closed.anm'
  Destroyed resource 'c:/Program Files (x86)/Steam/steamapps/common/Amnesia The Bunker/entities/bunker/gameplay/fuel_medium/Animations/fuel_cannister_open.anm'
  Destroyed resource 'c:/Program Files (x86)/Steam/steamapps/common/Amnesia The Bunker/entities/bunker/gameplay/fuel_medium/Animations/fuel_cannister_throw_fuel_start.anm'
  Destroyed resource 'c:/Program Files (x86)/Steam/steamapps/common/Amnesia The Bunker/entities/bunker/gameplay/fuel_medium/Animations/fuel_cannister_pour_start.anm'
  Destroyed resource 'c:/Program Files (x86)/Steam/steamapps/common/Amnesia The Bunker/entities/bunker/gameplay/fuel_medium/Animations/fuel_cannister_refuelling_generator.anm'
  Destroyed resource 'c:/Program Files (x86)/Steam/steamapps/common/Amnesia The Bunker/entities/bunker/gameplay/molotov_cocktail/animations/bottle_molotov_equip.anm'
  Destroyed resource 'c:/Program Files (x86)/Steam/steamapps/common/Amnesia The Bunker/entities/bunker/gameplay/molotov_cocktail/animations/bottle_molotov_holster.anm'
  Destroyed resource 'c:/Program Files (x86)/Steam/steamapps/common/Amnesia The Bunker/entities/bunker/gameplay/molotov_cocktail/animations/bottle_molotov_throw.anm'
  Destroyed resource 'c:/Program Files (x86)/Steam/steamapps/common/Amnesia The Bunker/entities/bunker/gameplay/molotov_cocktail/animations/bottle_molotov_idle.anm'
  Destroyed resource 'c:/Program Files (x86)/Steam/steamapps/common/Amnesia The Bunker/entities/bunker/gameplay/revolver/animations/gun_shot_1.anm'
  Destroyed resource 'c:/Program Files (x86)/Steam/steamapps/common/Amnesia The Bunker/entities/bunker/gameplay/revolver/animations/gun_shot_2.anm'
  Destroyed resource 'c:/Program Files (x86)/Steam/steamapps/common/Amnesia The Bunker/entities/bunker/gameplay/revolver/animations/gun_shot_3.anm'
  Destroyed resource 'c:/Program Files (x86)/Steam/steamapps/common/Amnesia The Bunker/entities/bunker/gameplay/revolver/animations/gun_shot_empty.anm'
  Destroyed resource 'c:/Program Files (x86)/Steam/steamapps/common/Amnesia The Bunker/entities/bunker/gameplay/revolver/animations/gun_bullet_check_open.anm'
  Destroyed resource 'c:/Program Files (x86)/Steam/steamapps/common/Amnesia The Bunker/entities/bunker/gameplay/revolver/animations/gun_bullet_check_idle.anm'
  Destroyed resource 'c:/Program Files (x86)/Steam/steamapps/common/Amnesia The Bunker/entities/bunker/gameplay/revolver/animations/gun_bullet_check_close.anm'
  Destroyed resource 'c:/Program Files (x86)/Steam/steamapps/common/Amnesia The Bunker/entities/bunker/gameplay/revolver/animations/gun_reload_add_bullet.anm'
  Destroyed resource 'c:/Program Files (x86)/Steam/steamapps/common/Amnesia The Bunker/entities/bunker/gameplay/revolver/animations/gun_reload_cylinder_spin.anm'
  Destroyed resource 'c:/Program Files (x86)/Steam/steamapps/common/Amnesia The Bunker/entities/bunker/gameplay/revolver/animations/gun_reload_end.anm'
  Destroyed resource 'c:/Program Files (x86)/Steam/steamapps/common/Amnesia The Bunker/entities/bunker/gameplay/revolver/animations/gun_reload_remove_bullets.anm'
  Destroyed resource 'c:/Program Files (x86)/Steam/steamapps/common/Amnesia The Bunker/entities/bunker/gameplay/revolver/animations/gun_reload_start.anm'
  Destroyed resource 'c:/Program Files (x86)/Steam/steamapps/common/Amnesia The Bunker/entities/bunker/gameplay/trench_shotgun/animations/shotgun_aim_idle.anm'
  Destroyed resource 'c:/Program Files (x86)/Steam/steamapps/common/Amnesia The Bunker/entities/bunker/gameplay/trench_shotgun/animations/shotgun_aim_idle_tr_idle_one_handed.anm'
  Destroyed resource 'c:/Program Files (x86)/Steam/steamapps/common/Amnesia The Bunker/entities/bunker/gameplay/trench_shotgun/animations/shotgun_aim_idle_tr_idle_two_handed.anm'
  Destroyed resource 'c:/Program Files (x86)/Steam/steamapps/common/Amnesia The Bunker/entities/bunker/gameplay/trench_shotgun/animations/shotgun_check_ammo_close.anm'
  Destroyed resource 'c:/Program Files (x86)/Steam/steamapps/common/Amnesia The Bunker/entities/bunker/gameplay/trench_shotgun/animations/shotgun_check_ammo_idle.anm'
  Destroyed resource 'c:/Program Files (x86)/Steam/steamapps/common/Amnesia The Bunker/entities/bunker/gameplay/trench_shotgun/animations/shotgun_check_ammo_pump_tr_aim_idle.anm'
  Destroyed resource 'c:/Program Files (x86)/Steam/steamapps/common/Amnesia The Bunker/entities/bunker/gameplay/trench_shotgun/animations/shotgun_check_ammo_pump_tr_idle_two_handed.anm'
  Destroyed resource 'c:/Program Files (x86)/Steam/steamapps/common/Amnesia The Bunker/entities/bunker/gameplay/trench_shotgun/animations/shotgun_check_ammo_start.anm'
  Destroyed resource 'c:/Program Files (x86)/Steam/steamapps/common/Amnesia The Bunker/entities/bunker/gameplay/trench_shotgun/animations/shotgun_check_ammo_tr_idle_one_handed.anm'
  Destroyed resource 'c:/Program Files (x86)/Steam/steamapps/common/Amnesia The Bunker/entities/bunker/gameplay/trench_shotgun/animations/shotgun_equip_one_handed.anm'
  Destroyed resource 'c:/Program Files (x86)/Steam/steamapps/common/Amnesia The Bunker/entities/bunker/gameplay/trench_shotgun/animations/shotgun_equip_two_handed.anm'
  Destroyed resource 'c:/Program Files (x86)/Steam/steamapps/common/Amnesia The Bunker/entities/bunker/gameplay/trench_shotgun/animations/shotgun_fire_empty.anm'
  Destroyed resource 'c:/Program Files (x86)/Steam/steamapps/common/Amnesia The Bunker/entities/bunker/gameplay/trench_shotgun/animations/shotgun_fire_shell_01.anm'
  Destroyed resource 'c:/Program Files (x86)/Steam/steamapps/common/Amnesia The Bunker/entities/bunker/gameplay/trench_shotgun/animations/shotgun_fire_shell_02.anm'
  Destroyed resource 'c:/Program Files (x86)/Steam/steamapps/common/Amnesia The Bunker/entities/bunker/gameplay/trench_shotgun/animations/shotgun_fire_shell_03.anm'
  Destroyed resource 'c:/Program Files (x86)/Steam/steamapps/common/Amnesia The Bunker/entities/bunker/gameplay/trench_shotgun/animations/shotgun_idle_one_handed.anm'
  Destroyed resource 'c:/Program Files (x86)/Steam/steamapps/common/Amnesia The Bunker/entities/bunker/gameplay/trench_shotgun/animations/shotgun_idle_one_handed_tr_aim_idle.anm'
  Destroyed resource 'c:/Program Files (x86)/Steam/steamapps/common/Amnesia The Bunker/entities/bunker/gameplay/trench_shotgun/animations/shotgun_idle_one_handed_tr_reload.anm'
  Destroyed resource 'c:/Program Files (x86)/Steam/steamapps/common/Amnesia The Bunker/entities/bunker/gameplay/trench_shotgun/animations/shotgun_idle_two_handed.anm'
  Destroyed resource 'c:/Program Files (x86)/Steam/steamapps/common/Amnesia The Bunker/entities/bunker/gameplay/trench_shotgun/animations/shotgun_idle_two_handed_arm.anm'
  Destroyed resource 'c:/Program Files (x86)/Steam/steamapps/common/Amnesia The Bunker/entities/bunker/gameplay/trench_shotgun/animations/shotgun_idle_two_handed_tr_aim_idle.anm'
  Destroyed resource 'c:/Program Files (x86)/Steam/steamapps/common/Amnesia The Bunker/entities/bunker/gameplay/trench_shotgun/animations/shotgun_idle_two_handed_tr_reload.anm'
  Destroyed resource 'c:/Program Files (x86)/Steam/steamapps/common/Amnesia The Bunker/entities/bunker/gameplay/trench_shotgun/animations/shotgun_reload.anm'
  Destroyed resource 'c:/Program Files (x86)/Steam/steamapps/common/Amnesia The Bunker/entities/bunker/gameplay/trench_shotgun/animations/shotgun_unequip_one_handed.anm'
  Destroyed resource 'c:/Program Files (x86)/Steam/steamapps/common/Amnesia The Bunker/entities/bunker/gameplay/trench_shotgun/animations/shotgun_unequip_two_handed.anm'
  Destroyed resource 'c:/Program Files (x86)/Steam/steamapps/common/Amnesia The Bunker/entities/bunker/gameplay/trench_shotgun/animations/shotgun_idle_one_handed_tr_check_ammo.anm'
  Destroyed resource 'c:/Program Files (x86)/Steam/steamapps/common/Amnesia The Bunker/entities/bunker/gameplay/trench_shotgun/animations/shotgun_reload_end.anm'
  Destroyed resource 'c:/Program Files (x86)/Steam/steamapps/common/Amnesia The Bunker/entities/bunker/gameplay/trench_shotgun/animations/shotgun_reload_end_pump_tr_check_ammo.anm'
  Destroyed resource 'c:/Program Files (x86)/Steam/steamapps/common/Amnesia The Bunker/entities/bunker/gameplay/trench_shotgun/animations/shotgun_reload_start.anm'
  Destroyed resource 'c:/Program Files (x86)/Steam/steamapps/common/Amnesia The Bunker/entities/bunker/gameplay/magnetlampe/animations/magnetlampe_equip.anm'
  Destroyed resource 'c:/Program Files (x86)/Steam/steamapps/common/Amnesia The Bunker/entities/bunker/gameplay/magnetlampe/animations/magnetlampe_idle.anm'
  Destroyed resource 'c:/Program Files (x86)/Steam/steamapps/common/Amnesia The Bunker/entities/bunker/gameplay/magnetlampe/animations/magnetlampe_unequip.anm'
  Destroyed resource 'c:/Program Files (x86)/Steam/steamapps/common/Amnesia The Bunker/entities/bunker/gameplay/magnetlampe/animations/magnetlampe_chargeup_start.anm'
  Destroyed resource 'c:/Program Files (x86)/Steam/steamapps/common/Amnesia The Bunker/entities/bunker/gameplay/magnetlampe/animations/magnetlampe_chargeup_end.anm'
  Destroyed resource 'c:/Program Files (x86)/Steam/steamapps/common/Amnesia The Bunker/entities/bunker/gameplay/magnetlampe/animations/magnetlampe_chargeup_pull_1.anm'
  Destroyed resource 'c:/Program Files (x86)/Steam/steamapps/common/Amnesia The Bunker/entities/bunker/gameplay/magnetlampe/animations/magnetlampe_chargeup_pull_2.anm'
  Destroyed resource 'c:/Program Files (x86)/Steam/steamapps/common/Amnesia The Bunker/entities/bunker/gameplay/magnetlampe/animations/magnetlampe_chargeup_pull_3.anm'
  Destroyed resource 'c:/Program Files (x86)/Steam/steamapps/common/Amnesia The Bunker/entities/bunker/gameplay/magnetlampe/animations/magnetlampe_chargeup_gun_pull_1.anm'
  Destroyed resource 'c:/Program Files (x86)/Steam/steamapps/common/Amnesia The Bunker/entities/bunker/gameplay/magnetlampe/animations/magnetlampe_chargeup_gun_pull_2.anm'
  Destroyed resource 'c:/Program Files (x86)/Steam/steamapps/common/Amnesia The Bunker/entities/bunker/gameplay/magnetlampe/animations/magnetlampe_chargeup_gun_pull_3.anm'
  Destroyed resource 'c:/Program Files (x86)/Steam/steamapps/common/Amnesia The Bunker/entities/bunker/gameplay/magnetlampe/animations/magnetlampe_chargeup_gun_start.anm'
  Destroyed resource 'c:/Program Files (x86)/Steam/steamapps/common/Amnesia The Bunker/entities/bunker/gameplay/magnetlampe/animations/magnetlampe_chargeup_gun_end.anm'
  Destroyed resource 'c:/Program Files (x86)/Steam/steamapps/common/Amnesia The Bunker/entities/bunker/gameplay/torch_stick/Animations/torch_idle.anm'
  Destroyed resource 'c:/Program Files (x86)/Steam/steamapps/common/Amnesia The Bunker/entities/bunker/gameplay/torch_stick/Animations/torch_aim.anm'
  Destroyed resource 'c:/Program Files (x86)/Steam/steamapps/common/Amnesia The Bunker/entities/bunker/gameplay/torch_stick/Animations/torch_aim_end.anm'
  Destroyed resource 'c:/Program Files (x86)/Steam/steamapps/common/Amnesia The Bunker/entities/bunker/gameplay/torch_stick/Animations/torch_aim_start.anm'
  Destroyed resource 'c:/Program Files (x86)/Steam/steamapps/common/Amnesia The Bunker/entities/bunker/gameplay/torch_stick/Animations/torch_drop.anm'
  Destroyed resource 'c:/Program Files (x86)/Steam/steamapps/common/Amnesia The Bunker/entities/bunker/gameplay/torch_stick/Animations/torch_equip.anm'
  Destroyed resource 'c:/Program Files (x86)/Steam/steamapps/common/Amnesia The Bunker/entities/bunker/gameplay/torch_stick/Animations/torch_holster.anm'
  Destroyed resource 'c:/Program Files (x86)/Steam/steamapps/common/Amnesia The Bunker/entities/bunker/gameplay/torch_stick/Animations/torch_wave_1.anm'
  Destroyed resource 'c:/Program Files (x86)/Steam/steamapps/common/Amnesia The Bunker/entities/bunker/gameplay/torch_stick/Animations/torch_wave_2.anm'
  Destroyed resource 'c:/Program Files (x86)/Steam/steamapps/common/Amnesia The Bunker/entities/bunker/gameplay/torch_stick/Animations/torch_wave_3.anm'
  Destroyed resource 'c:/Program Files (x86)/Steam/steamapps/common/Amnesia The Bunker/entities/bunker/gameplay/torch_stick/Animations/torch_wave_end.anm'
  Destroyed resource 'c:/Program Files (x86)/Steam/steamapps/common/Amnesia The Bunker/entities/bunker/gameplay/stopwatch/animations/stopwatch_equip.anm'
  Destroyed resource 'c:/Program Files (x86)/Steam/steamapps/common/Amnesia The Bunker/entities/bunker/gameplay/stopwatch/animations/stopwatch_equip_click.anm'
  Destroyed resource 'c:/Program Files (x86)/Steam/steamapps/common/Amnesia The Bunker/entities/bunker/gameplay/stopwatch/animations/stopwatch_focus_click.anm'
  Destroyed resource 'c:/Program Files (x86)/Steam/steamapps/common/Amnesia The Bunker/entities/bunker/gameplay/stopwatch/animations/stopwatch_holster.anm'
  Destroyed resource 'c:/Program Files (x86)/Steam/steamapps/common/Amnesia The Bunker/entities/bunker/gameplay/stopwatch/animations/stopwatch_idle.anm'
  Destroyed resource 'c:/Program Files (x86)/Steam/steamapps/common/Amnesia The Bunker/entities/bunker/gameplay/stopwatch/animations/stopwatch_idle_click.anm'
  Destroyed resource 'c:/Program Files (x86)/Steam/steamapps/common/Amnesia The Bunker/entities/bunker/gameplay/stopwatch/animations/stopwatch_wind_and_click.anm'
  Destroyed resource 'c:/Program Files (x86)/Steam/steamapps/common/Amnesia The Bunker/entities/bunker/gameplay/grenade/Animations/grenade_equip.anm'
  Destroyed resource 'c:/Program Files (x86)/Steam/steamapps/common/Amnesia The Bunker/entities/bunker/gameplay/grenade/Animations/grenade_focus_end.anm'
  Destroyed resource 'c:/Program Files (x86)/Steam/steamapps/common/Amnesia The Bunker/entities/bunker/gameplay/grenade/Animations/grenade_focus_idle.anm'
  Destroyed resource 'c:/Program Files (x86)/Steam/steamapps/common/Amnesia The Bunker/entities/bunker/gameplay/grenade/Animations/grenade_focus_start.anm'
  Destroyed resource 'c:/Program Files (x86)/Steam/steamapps/common/Amnesia The Bunker/entities/bunker/gameplay/grenade/Animations/grenade_holster.anm'
  Destroyed resource 'c:/Program Files (x86)/Steam/steamapps/common/Amnesia The Bunker/entities/bunker/gameplay/grenade/Animations/grenade_idle.anm'
  Destroyed resource 'c:/Program Files (x86)/Steam/steamapps/common/Amnesia The Bunker/entities/bunker/gameplay/grenade/Animations/grenade_throw.anm'
  Destroyed resource 'c:/Program Files (x86)/Steam/steamapps/common/Amnesia The Bunker/entities/bunker/gameplay/gas_grenade/animations/gas_grenade_equip.anm'
  Destroyed resource 'c:/Program Files (x86)/Steam/steamapps/common/Amnesia The Bunker/entities/bunker/gameplay/gas_grenade/animations/gas_grenade_holster.anm'
  Destroyed resource 'c:/Program Files (x86)/Steam/steamapps/common/Amnesia The Bunker/entities/bunker/gameplay/gas_grenade/animations/gas_grenade_idle.anm'
  Destroyed resource 'c:/Program Files (x86)/Steam/steamapps/common/Amnesia The Bunker/entities/bunker/gameplay/gas_grenade/animations/gas_grenade_throw.anm'
  Destroyed resource 'c:/Program Files (x86)/Steam/steamapps/common/Amnesia The Bunker/entities/bunker/gameplay/gas_grenade/animations/gas_grenade_focus_end.anm'
  Destroyed resource 'c:/Program Files (x86)/Steam/steamapps/common/Amnesia The Bunker/entities/bunker/gameplay/gas_grenade/animations/gas_grenade_focus_idle.anm'
  Destroyed resource 'c:/Program Files (x86)/Steam/steamapps/common/Amnesia The Bunker/entities/bunker/gameplay/gas_grenade/animations/gas_grenade_focus_start.anm'
  Destroyed resource 'c:/Program Files (x86)/Steam/steamapps/common/Amnesia The Bunker/entities/bunker/gameplay/chain_cutters/animations/cutter_idle.anm'
  Destroyed resource 'c:/Program Files (x86)/Steam/steamapps/common/Amnesia The Bunker/entities/bunker/gameplay/chain_cutters/animations/cutter_cut_air.anm'
  Destroyed resource 'c:/Program Files (x86)/Steam/steamapps/common/Amnesia The Bunker/entities/bunker/gameplay/chain_cutters/animations/cutter_cut_chain_1.anm'
  Destroyed resource 'c:/Program Files (x86)/Steam/steamapps/common/Amnesia The Bunker/entities/bunker/gameplay/chain_cutters/animations/cutter_cut_padlock.anm'
  Destroyed resource 'c:/Program Files (x86)/Steam/steamapps/common/Amnesia The Bunker/entities/bunker/gameplay/wrench/Animations/wrench_equip.anm'
  Destroyed resource 'c:/Program Files (x86)/Steam/steamapps/common/Amnesia The Bunker/entities/bunker/gameplay/wrench/Animations/wrench_focus_end.anm'
  Destroyed resource 'c:/Program Files (x86)/Steam/steamapps/common/Amnesia The Bunker/entities/bunker/gameplay/wrench/Animations/wrench_focus_idle.anm'
  Destroyed resource 'c:/Program Files (x86)/Steam/steamapps/common/Amnesia The Bunker/entities/bunker/gameplay/wrench/Animations/wrench_focus_start.anm'
  Destroyed resource 'c:/Program Files (x86)/Steam/steamapps/common/Amnesia The Bunker/entities/bunker/gameplay/wrench/Animations/wrench_holster.anm'
  Destroyed resource 'c:/Program Files (x86)/Steam/steamapps/common/Amnesia The Bunker/entities/bunker/gameplay/wrench/Animations/wrench_idle.anm'
  Destroyed resource 'c:/Program Files (x86)/Steam/steamapps/common/Amnesia The Bunker/entities/bunker/gameplay/wrench/Animations/wrench_rtu_noaction.anm'
  Destroyed resource 'c:/Program Files (x86)/Steam/steamapps/common/Amnesia The Bunker/entities/bunker/gameplay/wrench/Animations/wrench_unscrew_x2_bolt.anm'
  Destroyed resource 'c:/Program Files (x86)/Steam/steamapps/common/Amnesia The Bunker/entities/bunker/gameplay/wrench/Animations/wrench_unscrew_x3_bolt.anm'
  Destroyed resource 'c:/Program Files (x86)/Steam/steamapps/common/Amnesia The Bunker/entities/bunker/gameplay/flare/Animations/flare_static.anm'
  Destroyed resource 'c:/Program Files (x86)/Steam/steamapps/common/Amnesia The Bunker/entities/bunker/gameplay/flare/Animations/flare_throw.anm'
  Destroyed resource 'c:/Program Files (x86)/Steam/steamapps/common/Amnesia The Bunker/entities/bunker/gameplay/lighter/animations/lighter_equip.anm'
  Destroyed resource 'c:/Program Files (x86)/Steam/steamapps/common/Amnesia The Bunker/entities/bunker/gameplay/lighter/animations/lighter_focus_end.anm'
  Destroyed resource 'c:/Program Files (x86)/Steam/steamapps/common/Amnesia The Bunker/entities/bunker/gameplay/lighter/animations/lighter_focus_idle.anm'
  Destroyed resource 'c:/Program Files (x86)/Steam/steamapps/common/Amnesia The Bunker/entities/bunker/gameplay/lighter/animations/lighter_focus_ignite.anm'
  Destroyed resource 'c:/Program Files (x86)/Steam/steamapps/common/Amnesia The Bunker/entities/bunker/gameplay/lighter/animations/lighter_focus_start.anm'
  Destroyed resource 'c:/Program Files (x86)/Steam/steamapps/common/Amnesia The Bunker/entities/bunker/gameplay/lighter/animations/lighter_holster.anm'
  Destroyed resource 'c:/Program Files (x86)/Steam/steamapps/common/Amnesia The Bunker/entities/bunker/gameplay/lighter/animations/lighter_idle_closed.anm'
  Destroyed resource 'c:/Program Files (x86)/Steam/steamapps/common/Amnesia The Bunker/entities/bunker/gameplay/lighter/animations/lighter_idle_lit.anm'
  Destroyed resource 'c:/Program Files (x86)/Steam/steamapps/common/Amnesia The Bunker/entities/bunker/gameplay/lighter/animations/lighter_molotov_throw.anm'
  Destroyed resource 'c:/Program Files (x86)/Steam/steamapps/common/Amnesia The Bunker/entities/bunker/gameplay/lighter/animations/lighter_molotov_focus_end.anm'
  Destroyed resource 'c:/Program Files (x86)/Steam/steamapps/common/Amnesia The Bunker/entities/bunker/gameplay/lighter/animations/lighter_molotov_focus_idle.anm'
  Destroyed resource 'c:/Program Files (x86)/Steam/steamapps/common/Amnesia The Bunker/entities/bunker/gameplay/lighter/animations/lighter_molotov_focus_start.anm'
  Destroyed resource 'c:/Program Files (x86)/Steam/steamapps/common/Amnesia The Bunker/entities/bunker/gameplay/lighter/animations/lighter_torch_equip.anm'
  Destroyed resource 'c:/Program Files (x86)/Steam/steamapps/common/Amnesia The Bunker/entities/bunker/gameplay/meat_chunks/animations/meat_equip.anm'
  Destroyed resource 'c:/Program Files (x86)/Steam/steamapps/common/Amnesia The Bunker/entities/bunker/gameplay/meat_chunks/animations/meat_focus_end.anm'
  Destroyed resource 'c:/Program Files (x86)/Steam/steamapps/common/Amnesia The Bunker/entities/bunker/gameplay/meat_chunks/animations/meat_focus_idle.anm'
  Destroyed resource 'c:/Program Files (x86)/Steam/steamapps/common/Amnesia The Bunker/entities/bunker/gameplay/meat_chunks/animations/meat_focus_start.anm'
  Destroyed resource 'c:/Program Files (x86)/Steam/steamapps/common/Amnesia The Bunker/entities/bunker/gameplay/meat_chunks/animations/meat_holster.anm'
  Destroyed resource 'c:/Program Files (x86)/Steam/steamapps/common/Amnesia The Bunker/entities/bunker/gameplay/meat_chunks/animations/meat_idle.anm'
  Destroyed resource 'c:/Program Files (x86)/Steam/steamapps/common/Amnesia The Bunker/entities/bunker/gameplay/meat_chunks/animations/meat_throw.anm'
  Destroyed resource 'c:/Program Files (x86)/Steam/steamapps/common/Amnesia The Bunker/entities/bunker/gameplay/doll_rabbit/animations/rabbit_equip.anm'
  Destroyed resource 'c:/Program Files (x86)/Steam/steamapps/common/Amnesia The Bunker/entities/bunker/gameplay/doll_rabbit/animations/rabbit_focus_end.anm'
  Destroyed resource 'c:/Program Files (x86)/Steam/steamapps/common/Amnesia The Bunker/entities/bunker/gameplay/doll_rabbit/animations/rabbit_focus_start.anm'
  Destroyed resource 'c:/Program Files (x86)/Steam/steamapps/common/Amnesia The Bunker/entities/bunker/gameplay/doll_rabbit/animations/rabbit_holster.anm'
  Destroyed resource 'c:/Program Files (x86)/Steam/steamapps/common/Amnesia The Bunker/entities/bunker/gameplay/doll_rabbit/animations/rabbit_idle.anm'
  Destroyed resource 'c:/Program Files (x86)/Steam/steamapps/common/Amnesia The Bunker/entities/bunker/gameplay/doll_rabbit/animations/rabbit_throw.anm'
  Destroyed resource 'c:/Program Files (x86)/Steam/steamapps/common/Amnesia The Bunker/entities/bunker/gameplay/doll_rabbit/animations/rabbit_focus_idle.anm'
  Destroyed resource 'c:/Program Files (x86)/Steam/steamapps/common/Amnesia The Bunker/entities/bunker/gameplay/doll_rabbit/animations/rabbit_doll_stalker.anm'
  Destroyed resource 'c:/Program Files (x86)/Steam/steamapps/common/Amnesia The Bunker/entities/bunker/gameplay/molotov_cocktail/animations/bottle_molotov_focus_idle.anm'
  Destroyed resource 'c:/Program Files (x86)/Steam/steamapps/common/Amnesia The Bunker/entities/bunker/gameplay/bandage/animations/medkit_usage_bandage.anm'
  Destroyed resource 'c:/Program Files (x86)/Steam/steamapps/common/Amnesia The Bunker/entities/bunker/gameplay/bandage/animations/bandage_application_bandage.anm'
  Destroyed resource 'c:/Program Files (x86)/Steam/steamapps/common/Amnesia The Bunker/entities/bunker/gameplay/medkit/animations/medkit_usage_medkit.anm'
  Destroyed resource 'c:/Program Files (x86)/Steam/steamapps/common/Amnesia The Bunker/entities/bunker/gameplay/medkit/animations/medkit_usage.anm'
  Destroyed resource 'blood_trail.ent'
  Destroyed resource 'medkit_cutscene.ent'
  Destroyed resource 'bandage_cutscene.ent'
  Destroyed resource 'gas_mask_cutscene.ent'
  Destroyed resource 'player_bunker.ent'
  Destroyed resource 'fuel_medium_hand.ent'
  Destroyed resource 'fuel_medium_pickup.ent'
  Destroyed resource 'molotov_cocktail_empty_hand.ent'
  Destroyed resource 'molotov_cocktail_empty_pickup.ent'
  Destroyed resource 'empty_bottle_hand.ent'
  Destroyed resource 'empty_bottle_pickup.ent'
  Destroyed resource 'rag_pickup.ent'
  Destroyed resource 'full_bottle_hand.ent'
  Destroyed resource 'full_bottle_pickup.ent'
  Destroyed resource 'molotov_cocktail_hand.ent'
  Destroyed resource 'molotov_cocktail_pickup.ent'
  Destroyed resource 'revolver_hand.ent'
  Destroyed resource 'volley_revolver_hand.ent'
  Destroyed resource 'trench_shotgun_hand.ent'
  Destroyed resource 'ammo_bullets.ent'
  Destroyed resource 'ammo_shotgun_box.ent'
  Destroyed resource 'magnetlampe_hand.ent'
  Destroyed resource 'torch_stick_pickup.ent'
  Destroyed resource 'torch_lit_hand.ent'
  Destroyed resource 'torch_pickup.ent'
  Destroyed resource 'stopwatch_hand.ent'
  Destroyed resource 'grenade_hand.ent'
  Destroyed resource 'grenade_pickup.ent'
  Destroyed resource 'gas_grenade_hand.ent'
  Destroyed resource 'gas_grenade_pickup.ent'
  Destroyed resource 'chain_cutters_hand.ent'
  Destroyed resource 'chain_cutters_pickup.ent'
  Destroyed resource 'wrench_hand.ent'
  Destroyed resource 'wrench.ent'
  Destroyed resource 'gas_mask_pickup.ent'
  Destroyed resource 'flare_hand.ent'
  Destroyed resource 'flare_pickup.ent'
  Destroyed resource 'lighter_hand_new.ent'
  Destroyed resource 'medkit_pickup.ent'
  Destroyed resource 'bandage_pickup.ent'
  Destroyed resource 'dynamite_stick_pickup.ent'
  Destroyed resource 'dynamite_bundle_hand.ent'
  Destroyed resource 'meat_chunk_01_inventory.ent'
  Destroyed resource 'meat_chunk_01_thrown.ent'
  Destroyed resource 'lockdown_wheel_hand.ent'
  Destroyed resource 'detonator_handle_hand.ent'
  Destroyed resource 'doll_rabbit_hand.ent'
  Destroyed resource 'doll_rabbit_pickup.ent'
  Destroyed resource 'metal_door_key_communications_hand.ent'
  Destroyed resource 'metal_door_key_pillbox_hand.ent'
  Destroyed resource 'fuse_hand.ent'
  Destroyed resource 'fuse_pickup.ent'
  Destroyed resource 'path_area_blocker.ent'
  Destroyed resource 'dogtag_auclair_3397_withstring.ent'
  Destroyed resource 'dogtag_bardin_1889_withstring.ent'
  Destroyed resource 'dogtag_boucher_1923_withstring.ent'
  Destroyed resource 'dogtag_fortin_7750_withstring.ent'
  Destroyed resource 'dogtag_travers_8583_withstring.ent'
  Destroyed resource 'dogtag_laval_0269_withstring.ent'
  Destroyed resource 'dogtag_giraud_1734_withstring.ent'
  Destroyed resource 'dogtag_alphonse_withstring.ent'
  Destroyed resource 'dogtag_brillant_withstring.ent'
  Destroyed resource 'dogtag_choppin_withstring.ent'
  Destroyed resource 'dogtag_courcy_withstring.ent'
  Destroyed resource 'dogtag_dehay_withstring.ent'
  Destroyed resource 'dogtag_dosier_withstring.ent'
  Destroyed resource 'dogtag_granat_withstring.ent'
  Destroyed resource 'dogtag_lebert_withstring.ent'
  Destroyed resource 'bullet_hole.ent'
  Destroyed resource 'doll_rabbit_cutscene.ent'
  Destroyed resource 'full_bottle_thrown.ent'
  Destroyed resource 'empty_bottle_thrown.ent'
  Destroyed resource 'grenade_thrown.ent'
  Destroyed resource 'gas_grenade_thrown.ent'
  Destroyed resource 'flare_thrown_med.ent'
  Destroyed resource 'flare_thrown.ent'
  Destroyed resource 'molotov_cocktail_thrown.ent'
  Destroyed resource 'fuel_spill.ent'
  Destroyed resource 'bandage_cutscene_roll.ent'
  Destroyed resource 'medkit_cutscene_no_bandage.ent'
  Destroyed resource 'molotov_cocktail_empty_thrown.ent'
  Destroyed resource 'textures/screeneffects/player_damage_screen_diffuse.dds'
  Destroyed resource 'textures/screeneffects/player_damage_screen_nrm.dds'
  Destroyed resource 'player_damage_screen.mat'
  Destroyed resource 'textures/screeneffects/player_damage_screen_minor.dds'
  Destroyed resource 'player_damage_screen_minor.mat'
  Destroyed resource 'textures/screeneffects/player_damage_screen_major.dds'
  Destroyed resource 'player_damage_screen_major.mat'
  Destroyed resource 'textures/screeneffects/vignette_screen_diffuse.dds'
  Destroyed resource 'vignette_screen.mat'
  Destroyed resource 'textures/screeneffects/vignette_screen_strong_diffuse.dds'
  Destroyed resource 'vignette_screen_strong.mat'
  Destroyed resource 'textures/screeneffects/vignette_screen_strongest_diffuse.dds'
  Destroyed resource 'vignette_screen_strongest.mat'
  Destroyed resource '_temp/max/graphics/gasmask_screen.dds'
  Destroyed resource 'gasmask_screen.mat'
  Destroyed resource 'textures/screeneffects/red_overlay.dds'
  Destroyed resource 'player_health_screen.mat'
  Destroyed resource 'entities/dynamic_decals/blood_trail/blood_trail.dds'
  Destroyed resource 'entities/dynamic_decals/blood_trail/blood_trail_nrm.dds'
  Destroyed resource 'entities/dynamic_decals/blood_trail/blood_trail_spec.dds'
  Destroyed resource 'entities/dynamic_decals/blood_trail/blood_trail.mat'
  Destroyed resource 'static_objects/technical/blocking_tools/block_temp.dds'
  Destroyed resource 'static_objects/technical/block_out_tools/block_temp.mat'
  Destroyed resource 'entities/_temp/marc/bandages/bandages.dds'
  Destroyed resource 'entities/_temp/marc/bandages/bandages_nrm.dds'
  Destroyed resource 'entities/_temp/marc/bandages/bandages_spec.dds'
  Destroyed resource 'entities/bunker/gameplay/medkit/bandages.mat'
  Destroyed resource 'entities/bunker/gameplay/bottle_meds/bottle_meds_diffuse.dds'
  Destroyed resource 'entities/bunker/gameplay/bottle_meds/bottle_meds_nrm.dds'
  Destroyed resource 'entities/bunker/gameplay/bottle_meds/bottle_meds_spec.dds'
  Destroyed resource 'entities/bunker/gameplay/medkit/bottle_meds.mat'
  Destroyed resource 'entities/bunker/gameplay/medkit/medkit.dds'
  Destroyed resource 'entities/bunker/gameplay/medkit/medkit_nrm.dds'
  Destroyed resource 'entities/bunker/gameplay/medkit/medkit_spec.dds'
  Destroyed resource 'entities/bunker/gameplay/medkit/medkit.mat'
  Destroyed resource 'entities/bunker/gameplay/gas_mask_m2/gas_mask_m2.dds'
  Destroyed resource 'entities/bunker/gameplay/gas_mask_m2/gas_mask_m2_nrm.dds'
  Destroyed resource 'entities/bunker/gameplay/gas_mask_m2/gas_mask_m2_spec.DDS'
  Destroyed resource 'entities/bunker/gameplay/gas_mask_m2/gas_mask_m2_alpha.dds'
  Destroyed resource 'entities/bunker/gameplay/gas_mask_m2/gas_mask_m2.mat'
  Destroyed resource 'entities/bunker/gameplay/gas_mask_m2/gas_mask_glass.dds'
  Destroyed resource 'entities/bunker/gameplay/gas_mask_m2/gas_mask_glass.mat'
  Destroyed resource 'textures/technical/blank_nrm.dds'
  Destroyed resource 'textures/technical/simple_grey.mat'
  Destroyed resource '../../../../player_body/Submit/player_body_soldier/character/player_body_soldier/player_body_soldier_body_nrm.dds'
  Destroyed resource '../../../../player_body/Submit/player_body_soldier/character/player_body_soldier/player_body_soldier_body_spec.dds'
  Destroyed resource '../../../../player_body/Submit/player_body_soldier/character/player_body_soldier/player_body_soldier_body.dds'
  Destroyed resource 'entities/character/player/player_body/player_body_soldier_body.mat'
  Destroyed resource '../../../../player_body/Submit/player_body_soldier/character/player_body_soldier/player_body_soldier_arms_nrm.dds'
  Destroyed resource '../../../../player_body/Submit/player_body_soldier/character/player_body_soldier/player_body_soldier_arms_spec.dds'
  Destroyed resource '../../../../player_body/Submit/player_body_soldier/character/player_body_soldier/player_body_soldier_arms.dds'
  Destroyed resource 'entities/character/player/player_body/player_body_soldier_arms.mat'
  Destroyed resource 'entities/character/player/player_body/player_body_soldier_hand.dds'
  Destroyed resource 'entities/character/player/player_body/player_body_soldier_hand_nrm.dds'
  Destroyed resource 'entities/character/player/player_body/player_body_soldier_hand_spec.dds'
  Destroyed resource 'entities/character/player/player_body/player_body_soldier_hand_trinkle.dds'
  Destroyed resource 'entities/character/player/player_body/player_body_soldier_hand.mat'
  Destroyed resource 'c:/Program Files (x86)/Steam/steamapps/common/Amnesia The Bunker/entities/bunker/gameplay/fuel_medium/fuel_medium.dds'
  Destroyed resource 'c:/Program Files (x86)/Steam/steamapps/common/Amnesia The Bunker/entities/bunker/gameplay/fuel_medium/fuel_medium_nrm.dds'
  Destroyed resource 'c:/Program Files (x86)/Steam/steamapps/common/Amnesia The Bunker/entities/bunker/gameplay/fuel_medium/fuel_medium_spec.dds'
  Destroyed resource 'entities/bunker/gameplay/fuel_medium/fuel_medium.mat'
  Destroyed resource 'entities/bunker/gameplay/molotov_cocktail/molotov_wine_empty.dds'
  Destroyed resource 'entities/bunker/gameplay/molotov_cocktail/molotov_wine_empty.mat'
  Destroyed resource 'entities/bunker/gameplay/molotov_cocktail/molotov_rag_diffuse.mat'
  Destroyed resource 'c:/Program Files (x86)/Steam/steamapps/common/Amnesia The Bunker/entities/bunker/gameplay/molotov_cocktail/molotov_wine.dds'
  Destroyed resource 'c:/Program Files (x86)/Steam/steamapps/common/Amnesia The Bunker/entities/bunker/gameplay/molotov_cocktail/molotov_wine_nrm.dds'
  Destroyed resource 'c:/Program Files (x86)/Steam/steamapps/common/Amnesia The Bunker/entities/bunker/gameplay/molotov_cocktail/molotov_wine_spec.dds'
  Destroyed resource 'entities/bunker/gameplay/molotov_cocktail/molotov_wine.mat'
  Destroyed resource 'textures/decals/nonexclusive/blob_shadow.dds'
  Destroyed resource 'D:/SVN Repositories/Bunker/redist/textures/decals/nonexclusive/blob_shadow.mat'
  Destroyed resource 'entities/bunker/gameplay/rag/molotov_rag.mat'
  Destroyed resource 'entities/bunker/gameplay/molotov_cocktail/cork.dds'
  Destroyed resource 'entities/bunker/gameplay/molotov_cocktail/cork_nrm.dds'
  Destroyed resource 'entities/bunker/gameplay/molotov_cocktail/cork_spec.dds'
  Destroyed resource 'entities/bunker/gameplay/molotov_cocktail/cork.mat'
  Destroyed resource 'mods/official_the_bunker/assets/entities/nonexclusive/gameplay/revolver/revolver_bunker_diffuse.dds'
  Destroyed resource 'mods/official_the_bunker/assets/entities/nonexclusive/gameplay/revolver/revolver_bunker_nrm.dds'
  Destroyed resource 'mods/official_the_bunker/assets/entities/nonexclusive/gameplay/revolver/revolver_bunker_spec.dds'
  Destroyed resource 'entities/bunker/gameplay/revolver/revolver_bunker.mat'
  Destroyed resource 'c:/Program Files (x86)/Steam/steamapps/common/Amnesia The Bunker/entities/character/soldier_blind_shotgun/soldier_blind_body/soldier_blind_shotgun_body.dds'
  Destroyed resource 'c:/Program Files (x86)/Steam/steamapps/common/Amnesia The Bunker/entities/character/soldier_blind_shotgun/soldier_blind_body/soldier_blind_shotgun_body_nrm.dds'
  Destroyed resource 'c:/Program Files (x86)/Steam/steamapps/common/Amnesia The Bunker/entities/character/soldier_blind_shotgun/soldier_blind_body/soldier_blind_shotgun_body_spec.dds'
  Destroyed resource 'entities/bunker/gameplay/trench_shotgun/trench_shotgun_body/soldier_blind_shotgun_body.mat'
  Destroyed resource 'c:/Program Files (x86)/Steam/steamapps/common/Amnesia The Bunker/entities/bunker/gameplay/trench_shotgun/trench_shotgun_body/trench_shotgun.dds'
  Destroyed resource 'c:/Program Files (x86)/Steam/steamapps/common/Amnesia The Bunker/entities/bunker/gameplay/trench_shotgun/trench_shotgun_body/trench_shotgun_nrm.dds'
  Destroyed resource 'c:/Program Files (x86)/Steam/steamapps/common/Amnesia The Bunker/entities/bunker/gameplay/trench_shotgun/trench_shotgun_body/trench_shotgun_spec.dds'
  Destroyed resource 'entities/bunker/gameplay/trench_shotgun/trench_shotgun_body/trench_shotgun.mat'
  Destroyed resource '../../../DLC/ammo_bullets/_submit/ammo_bullets/characters/ammo_bullets/ammo_bullets.dds'
  Destroyed resource '../../../DLC/ammo_bullets/_submit/ammo_bullets/characters/ammo_bullets/ammo_bullets_nrm.dds'
  Destroyed resource '../../../DLC/ammo_bullets/_submit/ammo_bullets/characters/ammo_bullets/ammo_bullets_spec.dds'
  Destroyed resource '../../Batch_15/Ammo_Bullets/Submit/ammo_bullets/characters/ammo_bullets/ammo_bullets.mat'
  Destroyed resource '../../../../../ammo_shotgun/_submit/ammo_shotgun/prop/ammo_shotgun.dds'
  Destroyed resource '../../../../../ammo_shotgun/_submit/ammo_shotgun/prop/ammo_shotgun_nrm.dds'
  Destroyed resource '../../../../../ammo_shotgun/_submit/ammo_shotgun/prop/ammo_shotgun_spec.dds'
  Destroyed resource 'entities/bunker/gameplay/ammo_shotgun/ammo_shotgun.mat'
  Destroyed resource 'entities/bunker/gameplay/magnetlampe/spinning_element_diffuse.dds'
  Destroyed resource 'D:/Work/bunker/redist/entities/bunker/gameplay/magnetlampe/spinning_element.mat'
  Destroyed resource 'entities/bunker/gameplay/magnetlampe/spinning_blur.dds'
  Destroyed resource 'D:/Work/bunker/redist/entities/bunker/gameplay/magnetlampe/spinning_blur.mat'
  Destroyed resource 'billboards/halo/lampglow_cone01_portal_beam.dds'
  Destroyed resource 'D:/Work/bunker/redist/billboards/halo/lampglow_cone01_hard_color.mat'
  Destroyed resource 'billboards/halo/lampglow_cone02.dds'
  Destroyed resource 'D:/Work/bunker/redist/billboards/halo/lampglow_cone02.mat'
  Destroyed resource 'billboards/halo/lampglow_cone01.dds'
  Destroyed resource 'D:/bunker/redist/billboards/halo/lampglow_cone01_hard_noise.mat'
  Destroyed resource 'mods/official_the_bunker/assets/entities/nonexclusive/gameplay/magnetlampe/magnetlampe_steel_tiling_diffuse.dds'
  Destroyed resource 'mods/official_the_bunker/assets/entities/nonexclusive/gameplay/magnetlampe/magnetlampe_steel_tiling_nrm.dds'
  Destroyed resource 'mods/official_the_bunker/assets/entities/nonexclusive/gameplay/magnetlampe/magnetlampe_steel_tiling_spec.dds'
  Destroyed resource 'entities/bunker/gameplay/magnetlampe/magnetlampe_steel_tiling.mat'
  Destroyed resource 'entities/bunker/gameplay/magnetlampe/magnetlampe_diffuse.dds'
  Destroyed resource 'entities/bunker/gameplay/magnetlampe/magnetlampe_nrm.dds'
  Destroyed resource 'entities/bunker/gameplay/magnetlampe/magnetlampe_spec.dds'
  Destroyed resource 'entities/bunker/gameplay/magnetlampe/magnetlampe_illum.dds'
  Destroyed resource 'entities/bunker/gameplay/magnetlampe/magnetlampe.mat'
  Destroyed resource 'mods/official_the_bunker/assets/entities/bunker/gameplay/torch_stick/torch_stick_diffuse.dds'
  Destroyed resource 'mods/official_the_bunker/assets/entities/bunker/gameplay/torch_stick/torch_stick_nrm.dds'
  Destroyed resource 'mods/official_the_bunker/assets/entities/bunker/gameplay/torch_stick/torch_stick_spec.dds'
  Destroyed resource 'entities/bunker/gameplay/torch_stick/torch_stick.mat'
  Destroyed resource 'lights/lensflare/multi_iris_simple.dds'
  Destroyed resource 'D:/Work/studio/Frictional Games/Amnesia2/trunk/redist/lights/lensflare/multi_iris_simple.mat'
  Destroyed resource 'billboards/special/torch_flame/torch_flame_sway_29fps.mat'
  Destroyed resource 'billboards/special/torch_flame/torch_flame_sway_32fps.mat'
  Destroyed resource 'entities/bunker/gameplay/molotov_cocktail/molotov_rag_diffuse.dds'
  Destroyed resource 'entities/bunker/gameplay/molotov_cocktail/molotov_rag_nrm.dds'
  Destroyed resource 'entities/bunker/gameplay/molotov_cocktail/molotov_rag_spec.dds'
  Destroyed resource 'entities/bunker/gameplay/molotov_cocktail/molotov_rag_alpha.dds'
  Destroyed resource 'entities/bunker/gameplay/torch_stick/torch_fuel_burn/torch_fuel_burn_0001.dds'
  Destroyed resource 'entities/bunker/gameplay/torch_stick/torch_stick_rag_lit.mat'
  Destroyed resource 'billboards/special/torch_flame/torch_flame_001.dds'
  Destroyed resource 'entities/bunker/gameplay/torch_stick/torch_flame.mat'
  Destroyed resource 'c:/Program Files (x86)/Steam/steamapps/common/Amnesia The Bunker/entities/bunker/gameplay/stopwatch/stopwatch.dds'
  Destroyed resource 'c:/Program Files (x86)/Steam/steamapps/common/Amnesia The Bunker/entities/bunker/gameplay/stopwatch/stopwatch_nrm.dds'
  Destroyed resource 'c:/Program Files (x86)/Steam/steamapps/common/Amnesia The Bunker/entities/bunker/gameplay/stopwatch/stopwatch_spec.dds'
  Destroyed resource 'entities/bunker/gameplay/stopwatch/stopwatch.mat'
  Destroyed resource 'entities/arabic_fort/special/02_03_grenade/grenade.dds'
  Destroyed resource 'entities/arabic_fort/special/02_03_grenade/grenade_nrm.dds'
  Destroyed resource 'entities/arabic_fort/special/02_03_grenade/grenade_spec.dds'
  Destroyed resource 'entities/bunker/gameplay/grenade/grenade.mat'
  Destroyed resource 'c:/Program Files (x86)/Steam/steamapps/common/Amnesia The Bunker/entities/bunker/gameplay/grenade_of1/grenade_of1.dds'
  Destroyed resource 'c:/Program Files (x86)/Steam/steamapps/common/Amnesia The Bunker/entities/bunker/gameplay/grenade_of1/grenade_of1_nrm.dds'
  Destroyed resource 'c:/Program Files (x86)/Steam/steamapps/common/Amnesia The Bunker/entities/bunker/gameplay/grenade_of1/grenade_of1_spec.dds'
  Destroyed resource 'entities/bunker/gameplay/grenade/grenade_of1.mat'
  Destroyed resource '../../../../../Gas Grenade/gas_grenade/gas_grenade/gas_grenade/gas_grenade.dds'
  Destroyed resource '../../../../../Gas Grenade/gas_grenade/gas_grenade/gas_grenade/gas_grenade_nrm.dds'
  Destroyed resource '../../../../../Gas Grenade/gas_grenade/gas_grenade/gas_grenade/gas_grenade_Spec.dds'
  Destroyed resource 'entities/bunker/gameplay/gas_grenade/gas_grenade.mat'
  Destroyed resource 'c:/Program Files (x86)/Steam/steamapps/common/Amnesia The Bunker/entities/bunker/gameplay/chain_cutters/chain_cutters.dds'
  Destroyed resource 'c:/Program Files (x86)/Steam/steamapps/common/Amnesia The Bunker/entities/bunker/gameplay/chain_cutters/chain_cutters_nrm.dds'
  Destroyed resource 'c:/Program Files (x86)/Steam/steamapps/common/Amnesia The Bunker/entities/bunker/gameplay/chain_cutters/chain_cutters_spec.dds'
  Destroyed resource 'entities/bunker/gameplay/chain_cutters/chain_cutters.mat'
  Destroyed resource '../../../../../Ratchet Spanner/submit/03092021_ratchet _spanner_blockout/ratchet_spanner/ratchet_spanner/ratchet_spanner/ratchet_spanner.dds'
  Destroyed resource '../../../../../Ratchet Spanner/submit/03092021_ratchet _spanner_blockout/ratchet_spanner/ratchet_spanner/ratchet_spanner/ratchet_spanner_nrm.dds'
  Destroyed resource '../../../../../Ratchet Spanner/submit/03092021_ratchet _spanner_blockout/ratchet_spanner/ratchet_spanner/ratchet_spanner/ratchet_spanner_Spec.dds'
  Destroyed resource 'entities/bunker/gameplay/ratchet_spanner/ratchet_spanner.mat'
  Destroyed resource 'textures/technical/simple_grey.dds'
  Destroyed resource 'entities/bunker/gameplay/wrench/simple_grey.mat'
  Destroyed resource 'entities/nonexclusive/gameplay/flare/flare.dds'
  Destroyed resource 'entities/nonexclusive/gameplay/flare/flare_nrm.dds'
  Destroyed resource 'entities/nonexclusive/gameplay/flare/flare_spec.dds'
  Destroyed resource 'entities/bunker/gameplay/flare/flare.mat'
  Destroyed resource 'billboards/special/matchflame/matchflame_large/matchflame_large_01.dds'
  Destroyed resource 'C:/Users/aaron/Documents/Work/Amnesia2/trunk/redist/billboards/special/matchflame/matchflame_large/matchflame_large.mat'
  Destroyed resource 'C:/Users/aaron/Documents/Work/bunker/redist/billboards/halo/lampglow_large_no_depth.mat'
  Destroyed resource 'c:/Program Files (x86)/Steam/steamapps/common/Amnesia The Bunker/entities/nonexclusive/gameplay/lighter/lighter.dds'
  Destroyed resource 'c:/Program Files (x86)/Steam/steamapps/common/Amnesia The Bunker/entities/nonexclusive/gameplay/lighter/lighter_nrm.dds'
  Destroyed resource 'c:/Program Files (x86)/Steam/steamapps/common/Amnesia The Bunker/entities/nonexclusive/gameplay/lighter/lighter_spec.dds'
  Destroyed resource 'entities/bunker/gameplay/lighter/lighter.mat'
  Destroyed resource '../../../../../dynamite_stick/_Submit/dynamite_stick/Characters/dynamite_stick/dynamite_stick.dds'
  Destroyed resource '../../../../../dynamite_stick/_Submit/dynamite_stick/Characters/dynamite_stick/dynamite_stick_nrm.dds'
  Destroyed resource '../../../../../dynamite_stick/_Submit/dynamite_stick/Characters/dynamite_stick/dynamite_stick_spec.dds'
  Destroyed resource '../../../../../Gameplay props - dynamite_stick/_Submit/dynamite_stick/Characters/dynamite_stick/dynamite_stick.mat'
  Destroyed resource 'c:/Program Files (x86)/Steam/steamapps/common/Amnesia The Bunker/entities/bunker/gameplay/dynamite_bundle/dynamite_bundle.dds'
  Destroyed resource 'c:/Program Files (x86)/Steam/steamapps/common/Amnesia The Bunker/entities/bunker/gameplay/dynamite_bundle/dynamite_bundle_nrm.dds'
  Destroyed resource 'c:/Program Files (x86)/Steam/steamapps/common/Amnesia The Bunker/entities/bunker/gameplay/dynamite_bundle/dynamite_bundle_spec.dds'
  Destroyed resource '../../../../../dynamite_bundle/xtraa/dynamite_bundle/characters/dynamite_bundle/dynamite_bundle.mat'
  Destroyed resource 'entities/bunker/gameplay/meat_chunks/meat_chunks_diffuse.dds'
  Destroyed resource 'entities/bunker/gameplay/meat_chunks/meat_chunks_nrm.dds'
  Destroyed resource 'entities/bunker/gameplay/meat_chunks/meat_chunks_spec.dds'
  Destroyed resource 'entities/bunker/gameplay/meat_chunks/meat_chunks.mat'
  Destroyed resource 'entities/bunker/gameplay/lockdown_wheel/lockdown_wheel.dds'
  Destroyed resource 'entities/bunker/gameplay/lockdown_wheel/lockdown_wheel_nrm.dds'
  Destroyed resource 'entities/bunker/gameplay/lockdown_wheel/lockdown_wheel_spec.dds'
  Destroyed resource 'entities/bunker/gameplay/lockdown_wheel/lockdown_wheel.mat'
  Destroyed resource '../../../Batch_15/Detonator/Submit/detonator/Characters/detonator/detonator.dds'
  Destroyed resource '../../../Batch_15/Detonator/Submit/detonator/Characters/detonator/detonator_nrm.dds'
  Destroyed resource '../../../Batch_15/Detonator/Submit/detonator/Characters/detonator/detonator_spec.DDS'
  Destroyed resource 'entities/bunker/gameplay/detonator/detonator.mat'
  Destroyed resource '../../../../../../../doll_rabbit/Submit/doll_rabbit/prop/doll_rabbit.dds'
  Destroyed resource '../../../../../../../doll_rabbit/Submit/doll_rabbit/prop/doll_rabbit_nrm.dds'
  Destroyed resource '../../../../../../../doll_rabbit/Submit/doll_rabbit/prop/doll_rabbit_spec.dds'
  Destroyed resource 'entities/bunker/gameplay/doll_rabbit/doll_rabbit.mat'
  Destroyed resource 'entities/bunker/gameplay/metal_door_lock/metal_door_lock.dds'
  Destroyed resource 'entities/bunker/gameplay/metal_door_lock/metal_door_lock_nrm.dds'
  Destroyed resource 'entities/bunker/gameplay/metal_door_lock/metal_door_lock_spec.dds'
  Destroyed resource 'entities/bunker/gameplay/metal_door_lock/metal_door_lock.mat'
  Destroyed resource 'entities/bunker/gameplay/fuse/fuse_diffuse.dds'
  Destroyed resource 'entities/bunker/gameplay/fuse/fuse_nrm.dds'
  Destroyed resource 'entities/bunker/gameplay/fuse/fuse_spec.dds'
  Destroyed resource 'entities/bunker/gameplay/fuse/fuse.mat'
  Destroyed resource 'D:/SVN/depth_trunk/redist/entities/technical/block_box/block_box.dds'
  Destroyed resource 'entities/technical/block_box/block_box.mat'
  Destroyed resource 'entities/bunker/gameplay/dogtag/dogtag_diffuse.dds'
  Destroyed resource 'entities/bunker/gameplay/dogtag/dogtag_nrm.dds'
  Destroyed resource 'entities/bunker/gameplay/dogtag/dogtag_spec.dds'
  Destroyed resource 'entities/bunker/gameplay/dogtag/dogtag.mat'
  Destroyed resource 'entities/bunker/gameplay/dogtag/dogtag_string_diffuse.dds'
  Destroyed resource 'entities/bunker/gameplay/dogtag/dogtag_string_nrm.dds'
  Destroyed resource 'entities/bunker/gameplay/dogtag/dogtag_string_illum.dds'
  Destroyed resource 'entities/bunker/gameplay/dogtag/dogtag_string.mat'
  Destroyed resource 'entities/bunker/gameplay/dogtag/dogtag_string_shadow.dds'
  Destroyed resource 'entities/bunker/gameplay/dogtag/dogtag_string_shadow.mat'
  Destroyed resource 'entities/bunker/gameplay/dogtag/dogtag_alphabet_diffuse.dds'
  Destroyed resource 'entities/bunker/gameplay/dogtag/dogtag_alphabet_nrm.dds'
  Destroyed resource 'entities/bunker/gameplay/dogtag/dogtag_alphabet_spec.dds'
  Destroyed resource 'entities/bunker/gameplay/dogtag/dogtag_alphabet.mat'
  Destroyed resource 'textures/decals/bunker/bullet_holes/bullet_hole_bunkerwall_diffuse.dds'
  Destroyed resource 'textures/decals/bunker/bullet_holes/bullet_hole_nrm.dds'
  Destroyed resource 'textures/decals/bunker/bullet_holes/bullet_hole_height.dds'
  Destroyed resource 'textures/decals/bunker/bullet_holes/bullet_holes_bunkerwall_decal.mat'
  Destroyed resource 'D:/Projects/depth/redist/billboards/halo/lampglow_generic.dds'
  Destroyed resource 'D:/Work/bunker/redist/billboards/halo/lampglow_generic.mat'
  Destroyed resource 'billboards/halo/lampglow_large_generic.dds'
  Destroyed resource 'D:/SVN Repositories/Bunker/redist/billboards/halo/lampglow_large_soft.mat'
  Destroyed resource 'textures/decals/bunker/fuel_splash/fuel_splash_diffuse.dds'
  Destroyed resource 'textures/decals/bunker/fuel_splash/fuel_splash_nrm.dds'
  Destroyed resource 'textures/decals/bunker/fuel_splash/fuel_splash_spec.dds'
  Destroyed resource 'textures/environment/generic_reflection_inside.dds'
  Destroyed resource 'textures/decals/bunker/fuel_splash/fuel_splash_decal.mat'
   'LuxEventDatabaseHandler'
   'LuxPlayer'
   'LuxEffectHandler'
   'LuxSoundscapeHandler'
   'LuxDialogHandler'
   'LuxCritterHandler'
   'LuxVerletAnimationHandler'
   'LuxSoundOcclusionHandler'
   'HintHandler'
   'DescriptionHandler'
   'TerrainParticleHandler'
   'LightFlashHandler'
   'MapEffectsHandler'
   'GameOverHandler'
   'HighlightEffectHandler'
   'PlayerHandsHandler'
   'CreditsHandler'
   'PlayerBodyHandler'
   'EyeTrackingHandler'
   'ModEventHandler'
   'LoadScreensHandler'
   'DebugDrawHandler'
   'VerletAnimationHandler'
   'MapTransferHandler'
   'MenuHandler'
   'ItemHandler'
   'DeathHandler'
   'SketchbookUIHandler'
   'TerrorHandler'
   'AgentBlackboardModule'
   'PlayerEmotionHandler'
   'FontHandler'
   'GeneratorModule'
   'SaveRoomHandler'
   'EnvironmentalDamageHandler'
   'RatHandler'
   'InGameMapHandler'
   'RandomizerHandler'
   'BulletHandler'
   'BombingHandler'
   'GameStatsHandler'
   'GameDifficultyHandler'
   'ParkourHandler'
   'PorkHandler'
   'LuxSaveHandler'
 Deleting config files.
--------------------------------------------------------

Exiting Script Module
--------------------------------------------------------
--------------------------------------------------------

Exiting Gui Module
--------------------------------------------------------
 Deleting all im guis
  Destroyed resource 'work_56.fnt'
  Destroyed resource 'orbitron_72.fnt'
 Deleting all sets
 Deleting all skins
 Deleting all gfx elements
  Destroyed resource 'loadscreen_startup.dds'
  Destroyed resource 'loadscreen_mask.dds'
  Destroyed resource 'loading_bar.dds'
  Destroyed resource 'loading_frame.dds'
  Destroyed resource 'loadscreen_bg_previously_on.dds'
  Destroyed resource 'loadscreen_bg.dds'
  Destroyed resource 'save_icon_layer0.dds'
  Destroyed resource 'save_icon_layer1.dds'
  Destroyed resource 'loading_stage0.dds'
  Destroyed resource 'loading_stage1.dds'
  Destroyed resource 'loading_stage2.dds'
  Destroyed resource 'loading_stage3.dds'
  Destroyed resource 'loading_stage4.dds'
  Destroyed resource 'closed_caption_directional_arrow.tga'
  Destroyed resource 'startmenu_button_direction2.tga'
  Destroyed resource 'startmenu_button_xbox_B.tga'
  Destroyed resource 'startmenu_button_xbox_A.tga'
  Destroyed resource 'startmenu_vignette.dds'
  Destroyed resource 'startmenu_bg.dds'
  Destroyed resource 'startmenu_title_1k.dds'
  Destroyed resource 'simple_black.dds'
  Destroyed resource 'bleeding_icon_background.dds'
  Destroyed resource 'bleeding_icon.dds'
  Destroyed resource 'crosshair_use_torch.tga'
  Destroyed resource 'crosshair_aim.tga'
  Destroyed resource 'crosshair_use_lighter.tga'
  Destroyed resource 'crosshair_use_wrench.tga'
  Destroyed resource 'crosshair_use_cutters.tga'
  Destroyed resource 'crosshair_use_empty_bottle.tga'
  Destroyed resource 'crosshair_use_fuel_bottle.tga'
  Destroyed resource 'crosshair_use_fuel.tga'
  Destroyed resource 'crosshair_snuff.tga'
  Destroyed resource 'crosshair_use_cannon.tga'
  Destroyed resource 'crosshair_touch.tga'
  Destroyed resource 'crosshair_nohints.tga'
  Destroyed resource 'crosshair_pull_vertical.tga'
  Destroyed resource 'crosshair_magnify.tga'
  Destroyed resource 'crosshair_default_large.tga'
  Destroyed resource 'crosshair_sit_enter.tga'
  Destroyed resource 'crosshair_climb_ledge.tga'
  Destroyed resource 'crosshair_door_locked.tga'
  Destroyed resource 'crosshair_exit_level.tga'
  Destroyed resource 'crosshair_read.tga'
  Destroyed resource 'crosshair_talk.tga'
  Destroyed resource 'crosshair_climb_ladder.tga'
  Destroyed resource 'crosshair_pick_up_forbidden.tga'
  Destroyed resource 'crosshair_pick_up.tga'
  Destroyed resource 'crosshair_push_button.tga'
  Destroyed resource 'crosshair_rotate_one_handed.tga'
  Destroyed resource 'crosshair_rotate.tga'
  Destroyed resource 'crosshair_pull_door_hatch.tga'
  Destroyed resource 'crosshair_pull_door.tga'
  Destroyed resource 'crosshair_pull_out.tga'
  Destroyed resource 'crosshair_pull_sideways.tga'
  Destroyed resource 'crosshair_pull_lever_small.tga'
  Destroyed resource 'crosshair_pull_lever.tga'
  Destroyed resource 'crosshair_push.tga'
  Destroyed resource 'crosshair_carry_one_handed.tga'
  Destroyed resource 'but_rt.tga'
  Destroyed resource 'but_lt.tga'
  Destroyed resource 'dpad_base.tga'
  Destroyed resource 'dpad_right.tga'
  Destroyed resource 'dpad_left.tga'
  Destroyed resource 'dpad_down.tga'
  Destroyed resource 'dpad_up.tga'
  Destroyed resource 'but_rb.tga'
  Destroyed resource 'but_lb.tga'
  Destroyed resource 'stick_r.tga'
  Destroyed resource 'stick_l.tga'
  Destroyed resource 'but_start.tga'
  Destroyed resource 'but_back.tga'
  Destroyed resource 'but_y.tga'
  Destroyed resource 'but_x.tga'
  Destroyed resource 'but_b.tga'
  Destroyed resource 'but_a.tga'
  Destroyed resource 'mousewheeldown.tga'
  Destroyed resource 'mousewheelup.tga'
  Destroyed resource 'mouseright.tga'
  Destroyed resource 'mousemiddle.tga'
  Destroyed resource 'mouseleft.tga'
  Destroyed resource 'mousebase.tga'
  Destroyed resource 'key_enter.tga'
  Destroyed resource 'key_tab.tga'
  Destroyed resource 'key.tga'
  Destroyed resource 'inventory_vignette.dds'
  Destroyed resource 'crosshair_default.tga'
  Destroyed resource 'imgui_pointer_normal.tga'
  Destroyed resource 'gui_def_pointer_normal.tga'
  Destroyed resource 'gui_def_pointer_text.tga'
  Destroyed resource 'gui_def_window_border_r.tga'
  Destroyed resource 'gui_def_window_border_l.tga'
  Destroyed resource 'gui_def_window_border_u.tga'
  Destroyed resource 'gui_def_window_border_d.tga'
  Destroyed resource 'gui_def_window_corner_lu.tga'
  Destroyed resource 'gui_def_window_corner_ru.tga'
  Destroyed resource 'gui_def_window_corner_rd.tga'
  Destroyed resource 'gui_def_window_corner_ld.tga'
  Destroyed resource 'gui_def_window_label.tga'
  Destroyed resource 'gui_def_window_cross.tga'
  Destroyed resource 'gui_def_frame_border_r.tga'
  Destroyed resource 'gui_def_frame_border_l.tga'
  Destroyed resource 'gui_def_frame_border_u.tga'
  Destroyed resource 'gui_def_frame_border_d.tga'
  Destroyed resource 'gui_def_frame_corner_lu.tga'
  Destroyed resource 'gui_def_frame_corner_ru.tga'
  Destroyed resource 'gui_def_frame_corner_rd.tga'
  Destroyed resource 'gui_def_frame_corner_ld.tga'
  Destroyed resource 'gui_def_checkbox_unchecked.tga'
  Destroyed resource 'gui_def_checkbox_checked.tga'
  Destroyed resource 'gui_def_textbox_marker00.tga'
  Destroyed resource 'gui_def_textbox_marker01.tga'
  Destroyed resource 'gui_def_combobox_border.tga'
  Destroyed resource 'gui_def_slider_vert_arrow_u.tga'
  Destroyed resource 'gui_def_slider_vert_arrow_d.tga'
  Destroyed resource 'gui_def_slider_handle_hori.tga'
  Destroyed resource 'gui_def_button_up_corner_ru.tga'
  Destroyed resource 'gui_def_button_up_corner_ld.tga'
  Destroyed resource 'gui_def_button_up_border_l.tga'
  Destroyed resource 'gui_def_button_up_border_r.tga'
  Destroyed resource 'gui_def_button_up_border_d.tga'
  Destroyed resource 'gui_def_button_up_border_u.tga'
  Destroyed resource 'gui_def_button_up_corner_rd.tga'
  Destroyed resource 'gui_def_button_down_corner_ru.tga'
  Destroyed resource 'gui_def_button_up_corner_lu.tga'
  Destroyed resource 'gui_def_button_down_corner_ld.tga'
  Destroyed resource 'gui_def_menu_checked.tga'
  Destroyed resource 'gui_def_menu_arrow.tga'
  Destroyed resource 'gui_def_tab_label_border_d.tga'
  Destroyed resource 'gui_def_tab_label_corner_rd.tga'
  Destroyed resource 'gui_def_tab_label_corner_ld.tga'
  Destroyed resource 'gui_def_tab_border_r.tga'
  Destroyed resource 'gui_def_tab_border_l.tga'
  Destroyed resource 'gui_def_tab_border_u.tga'
  Destroyed resource 'gui_def_tab_border_d.tga'
  Destroyed resource 'gui_def_tab_corner_lu.tga'
  Destroyed resource 'gui_def_tab_corner_ru.tga'
  Destroyed resource 'gui_def_tab_corner_rd.tga'
  Destroyed resource 'gui_def_tab_corner_ld.tga'
  Destroyed resource 'gui_def_slider_hori_arrow_u.tga'
  Destroyed resource 'gui_def_slider_hori_arrow_d.tga'
  Destroyed resource 'gui_def_group_corner_lu.tga'
  Destroyed resource 'gui_def_group_border_lr.tga'
  Destroyed resource 'gui_def_group_corner_rd.tga'
  Destroyed resource 'gui_def_group_border_ud.tga'
  Destroyed resource 'gui_def_filepicker_upbutton.tga'
  Destroyed resource 'gui_def_filepicker_newdirbutton.tga'
  Destroyed resource 'gui_def_filepicker_icon_graphics.tga'
  Destroyed resource 'gui_def_filepicker_icon_models.tga'
  Destroyed resource 'gui_def_filepicker_icon_sounds.tga'
  Destroyed resource 'gui_def_filepicker_icon_text.tga'
  Destroyed resource 'gui_def_filepicker_icon_rest.tga'
  Destroyed resource 'gui_def_filepicker_icon_folder.tga'
  Destroyed resource 'gui_def_treeview_expand.tga'
  Destroyed resource 'gui_def_treeview_collapse.tga'
  Destroyed resource 'gui_def_collapsiblepane_collapsed.tga'
  Destroyed resource 'gui_def_collapsiblepane_expanded.tga'
 Deleting all materials
--------------------------------------------------------

Exiting Generate Module
--------------------------------------------------------
--------------------------------------------------------

Exiting Scene Module
--------------------------------------------------------
--------------------------------------------------------

Exiting Input Module
--------------------------------------------------------
--------------------------------------------------------

Exiting Sound Module
--------------------------------------------------------
--------------------------------------------------------

Exiting Graphics Module
--------------------------------------------------------
  Destroyed resource 'core_dissolve.tga'

-------------------
Potential resource leaks
-------------------
  Destroyed resource 'core_blue_noise.dds'
-------------------

--------------------------------------------------------

Exiting Resources Module
--------------------------------------------------------
  Destroyed resource 'default_small.fnt'
  Destroyed resource 'default_medium_outline.fnt'
  Destroyed resource 'vera.fnt'
  Destroyed resource 'viewer.fnt'
  Destroyed resource 'special_elite_72.fnt'
  Destroyed resource 'noto_sans_28.fnt'
  Destroyed resource 'work_72.fnt'
 Done with fonts
  Destroyed resource 'player/PlayerState_Interact_Grab.hps'
  Destroyed resource 'custom/modules/RandomizerHandler.hps'
  Destroyed resource 'effects/Effect_ImageFadeFX.hps'
  Destroyed resource 'player/PlayerState_Interact_Lever.hps'
  Destroyed resource 'player/PlayerState_Interact_SwingDoor.hps'
  Destroyed resource 'custom/player/PlayerState_UsingGrenade.hps'
  Destroyed resource 'effects/Effect_Shake.hps'
  Destroyed resource 'modules/LightFlashHandler.hps'
  Destroyed resource 'custom/player/PlayerState_UsingVolleyGun_Reload.hps'
  Destroyed resource 'custom/modules/InGameMapHandler.hps'
  Destroyed resource 'effects/Effect_ChromaticAberration.hps'
  Destroyed resource 'modules/HighlightEffectHandler.hps'
  Destroyed resource 'custom/modules/AgentBlackboard.hps'
  Destroyed resource 'player/PlayerState_Interact_Read.hps'
  Destroyed resource 'base/InputHandler.hps'
  Destroyed resource 'player/PlayerState_Null.hps'
  Destroyed resource 'custom/modules/GameDifficultyHandler.hps'
  Destroyed resource 'custom/player/PlayerState_ParkourZipline.hps'
  Destroyed resource 'script/custom/components/LampComponent.hps'
  Destroyed resource 'effects/Effect_LensDistortion.hps'
  Destroyed resource 'player/PlayerState_ClimbLedge.hps'
  Destroyed resource 'props/Prop_Terminal.hps'
  Destroyed resource 'custom/player/PlayerState_ParkourClimbLedge.hps'
  Destroyed resource 'custom/player/PlayerState_Slide.hps'
  Destroyed resource 'custom/base/AchievementHandler.hps'
  Destroyed resource 'props/Prop_PlayerBody.hps'
  Destroyed resource 'player/PlayerState_Interact_Tear.hps'
  Destroyed resource 'custom/player/PlayerState_UsingShotgun_Aim.hps'
  Destroyed resource 'custom/areas/Area_ParkourPoleClimb.hps'
  Destroyed resource 'custom/player/PlayerState_UsingGun_Reload.hps'
  Destroyed resource 'custom/MoveState_Normal_Custom.hps'
  Destroyed resource 'custom/modules/BulletHandler.hps'
  Destroyed resource 'modules/GameOverHandler.hps'
  Destroyed resource 'modules/ModEventHandler.hps'
  Destroyed resource 'areas/Area_DoorwayTrigger.hps'
  Destroyed resource 'script/custom/components/WoodenBreakableComponent.hps'
  Destroyed resource 'player/PlayerState_CustomControls.hps'
  Destroyed resource 'custom/modules/BombingHandler.hps'
  Destroyed resource 'modules/DescriptionHandler.hps'
  Destroyed resource 'effects/Effect_Roll_Shake.hps'
  Destroyed resource 'custom/player/PlayerState_UsingPuzzleItem.hps'
  Destroyed resource 'custom/modules/ItemHandler.hps'
  Destroyed resource 'custom/player/PlayerState_UsingEmptyBottle.hps'
  Destroyed resource 'custom/player/PlayerState_UsingMeat.hps'
  Destroyed resource 'custom/player/PlayerState_UsingFlare.hps'
  Destroyed resource 'custom/modules/GeneratorModule.hps'
  Destroyed resource 'props/Prop_Lever.hps'
  Destroyed resource 'custom/player/PlayerState_UsingEmptyMolotovCocktail.hps'
  Destroyed resource 'custom/player/PlayerState_UsingWrench.hps'
  Destroyed resource 'effects/Effect_Screen.hps'
  Destroyed resource 'player/PlayerState_Interact_Terminal.hps'
  Destroyed resource 'custom/modules/TerrorHandler.hps'
  Destroyed resource 'effects/Effect_Sway.hps'
  Destroyed resource 'areas/Area_Trigger.hps'
  Destroyed resource 'base/EventDatabaseHandler.hps'
  Destroyed resource 'player/PlayerState_Interact_MovingButton.hps'
  Destroyed resource 'custom/agents/agent_stalker.hps'
  Destroyed resource 'custom/modules/PorkHandler.hps'
  Destroyed resource 'custom/player/PlayerState_UsingVolleyGun_Aim.hps'
  Destroyed resource 'modules/EyeTrackingHandler.hps'
  Destroyed resource 'custom/player/PlayerState_ParkourWallSlide.hps'
  Destroyed resource 'effects/Effect_Insanity.hps'
  Destroyed resource 'base/RichPresenceHandler.hps'
  Destroyed resource 'custom/player/PlayerState_UsingGun_Aim.hps'
  Destroyed resource 'props/Prop_SwingDoor.hps'
  Destroyed resource 'main/MoveState_Dead.hps'
  Destroyed resource 'custom/modules/SaveRoomHandler.hps'
  Destroyed resource 'custom/areas/Area_ParkourLedge.hps'
  Destroyed resource 'effects/Effect_Gamepad.hps'
  Destroyed resource 'custom/modules/SketchbookUIHandler.hps'
  Destroyed resource 'custom/player/PlayerState_UsingRabbitDoll.hps'
  Destroyed resource 'custom/player/PlayerState_UsingCutters.hps'
  Destroyed resource 'custom/player/PlayerState_UsingMolotovCocktail.hps'
  Destroyed resource 'custom/player/PlayerState_Normal_Custom.hps'
  Destroyed resource 'custom/player/MoveState_Swim.hps'
  Destroyed resource 'custom/player/PlayerState_UsingPocketWatch.hps'
  Destroyed resource 'custom/player/MoveState_ParkourWallScramble.hps'
  Destroyed resource 'custom/player/MoveState_ParkourWallRun.hps'
  Destroyed resource 'custom/player/PlayerState_ParkourSpeedVault.hps'
  Destroyed resource 'props/Prop_Grab.hps'
  Destroyed resource 'effects/Effect_ToneMapping.hps'
  Destroyed resource 'effects/Effect_ImageTrail.hps'
  Destroyed resource 'custom/modules/MenuHandler.hps'
  Destroyed resource 'custom/modules/GameStatsHandler.hps'
  Destroyed resource 'effects/Effect_FOV_Shake.hps'
  Destroyed resource 'custom/modules/PlayerBodyHandler_Custom.hps'
  Destroyed resource 'effects/Effect_Flash.hps'
  Destroyed resource 'effects/Effect_Blur.hps'
  Destroyed resource 'player/PlayerState_Interact_Wheel.hps'
  Destroyed resource 'custom/player/PlayerState_ParkourPoleClimb.hps'
  Destroyed resource 'custom/player/PlayerState_Thrown.hps'
  Destroyed resource 'custom/player/MoveState_ParkourBeamWalk.hps'
  Destroyed resource 'custom/player/PlayerState_ReadMemoryCylinder.hps'
  Destroyed resource 'custom/player/PlayerState_UsingKey.hps'
  Destroyed resource 'props/Prop_Lamp.hps'
  Destroyed resource 'base/HeroStatsHandler.hps'
  Destroyed resource 'modules/HintHandler.hps'
  Destroyed resource 'modules/CreditsHandler.hps'
  Destroyed resource 'custom/modules/PlayerEmotionHandler.hps'
  Destroyed resource 'player/PlayerState_Dead.hps'
  Destroyed resource 'custom/player/PlayerState_UsingFuel.hps'
  Destroyed resource 'custom/areas/Area_ParkourZipline.hps'
  Destroyed resource 'custom/player/PlayerState_UsingLantern.hps'
  Destroyed resource 'player/PlayerState_CutsceneAnimation.hps'
  Destroyed resource 'custom/areas/Area_ParkourPoleSwing.hps'
  Destroyed resource 'player/PlayerState_InteractiveCutsceneAnimation.hps'
  Destroyed resource 'parkour_level.hps'
  Destroyed resource 'custom/player/PlayerState_Interact_CombinationLock.hps'
  Destroyed resource 'custom/player/PlayerState_UsingTorch.hps'
  Destroyed resource 'custom/player/PlayerState_UsingShotgun_Reload.hps'
  Destroyed resource 'modules/PlayerHandsHandler.hps'
  Destroyed resource 'custom/player/PlayerState_UsingFuelBottle.hps'
  Destroyed resource 'custom/modules/RatHandler.hps'
  Destroyed resource 'custom/player/PlayerState_LightingTorch.hps'
  Destroyed resource 'effects/Effect_RadialBlur.hps'
  Destroyed resource 'custom/effects/Effect_DollyZoom.hps'
  Destroyed resource 'props/Prop_Rigid.hps'
  Destroyed resource 'global_init.hps'
  Destroyed resource 'custom/player/PlayerState_UsingLighter.hps'
  Destroyed resource 'effects/Effect_DoF.hps'
  Destroyed resource 'custom/player/MoveState_Animated.hps'
  Destroyed resource 'custom/player/PlayerState_ParkourPoleSwing.hps'
  Destroyed resource 'custom/player/PlayerState_UsingHealthItem.hps'
  Destroyed resource 'modules/MapEffectsHandler.hps'
  Destroyed resource 'player/PlayerState_Sit.hps'
  Destroyed resource 'player/PlayerState_Interact_ReadDogTag.hps'
  Destroyed resource 'modules/MapTransferHandler.hps'
  Destroyed resource 'custom/player/PlayerState_CheckHealth.hps'
  Destroyed resource 'player/PlayerState_Interact_Slide.hps'
  Destroyed resource 'custom/player/PlayerState_Inventory.hps'
  Destroyed resource 'modules/DebugDrawHandler.hps'
  Destroyed resource 'player/PlayerState_Interact_ZoomArea.hps'
  Destroyed resource 'custom/modules/DeathHandler.hps'
  Destroyed resource 'custom/modules/ParkourHandler.hps'
  Destroyed resource 'base/GuiHandler.hps'
  Destroyed resource 'modules/LoadScreensHandler.hps'
  Destroyed resource 'modules/TerrainParticleHandler.hps'
  Destroyed resource 'custom/player/Player_Custom.hps'
  Destroyed resource 'player/PlayerState_InteractiveCameraAnimation.hps'
  Destroyed resource 'custom/areas/Area_StalkerJumpRegion.hps'
  Destroyed resource 'areas/Area_CameraAnimationNode.hps'
  Destroyed resource 'custom/modules/EnvironmentalDamageHandler.hps'
  Destroyed resource 'main/MoveState_Climb.hps'
  Destroyed resource 'custom/player/PlayerState_Conversation_Custom.hps'
  Destroyed resource 'custom/areas/Area_ParkourBeamWalk.hps'
  Destroyed resource 'custom/modules/FontHandler.hps'
  Destroyed resource 'custom/player/PlayerState_UsingGasGrenade.hps'
  Destroyed resource 'player/PlayerState_Ladder.hps'
  Destroyed resource 'custom/areas/Area_StalkerJumpRoute.hps'
  Destroyed resource 'modules/VerletAnimationHandler.hps'
  Destroyed resource 'player/PlayerState_Interact_Push.hps'
 Done with scripts
  Destroyed resource 'bullet_impact_wood.ps'
  Destroyed resource 'particles/impacts/materials/ps_dust_soft.mat'
  Destroyed resource 'bullet_impact_rock.ps'
  Destroyed resource 'bullet_impact_dirt.ps'
  Destroyed resource 'ghoul_hole_dust_trap.ps'
  Destroyed resource 'particles/clouds/materials/clouds_midday.dds'
  Destroyed resource 'particles/clouds/materials/clouds_midday.mat'
  Destroyed resource 'C:/Program Files (x86)/Steam/steamapps/common/Amnesia The Bunker/particles/clouds/clouds_midday.ps'
  Destroyed resource 'bullet_impact_water_bright.ps'
  Destroyed resource 'particles/dust/materials/dust_light_tiny_add_lampefade.mat'
  Destroyed resource 'D:/SVN Repositories/Bunker/redist/particles/dust/dust_magnetlampe.ps'
  Destroyed resource 'D:/Projects/depth/redist/lights/lensflare/flare_star_simple.dds'
  Destroyed resource 'd:/work/studio/frictional games/amnesia2/trunk/redist/lights/lensflare/flare_star_simple.mat'
  Destroyed resource 'particles/smoke/materials/smoke_continous_animated.mat'
  Destroyed resource 'particles/smoke/materials/fog_ambient_large.dds'
  Destroyed resource 'particles/smoke/materials/fog_ambient_large.mat'
  Destroyed resource 'revolver_fire.ps'
  Destroyed resource 'particles/impacts/materials/ps_water_ripple01.dds'
  Destroyed resource 'particles/impacts/materials/water_ripple_nrm.dds'
  Destroyed resource 'particles/impacts/materials/ps_water_ripple01.mat'
  Destroyed resource 'particles/impacts/materials/particle_water_splash.dds'
  Destroyed resource 'particles/impacts/materials/particle_water_splash_nrm.dds'
  Destroyed resource 'particles/impacts/materials/ps_water_splash01.mat'
  Destroyed resource 'bullet_impact_water.ps'
  Destroyed resource 'particles/water/materials/water_ripples.dds'
  Destroyed resource 'particles/water/materials/water_ripples_nrm.dds'
  Destroyed resource 'particles/water/materials/water_ripples.mat'
  Destroyed resource 'swim_ripples_oneshot.ps'
  Destroyed resource 'particles/fire/materials/fire_blurry.dds'
  Destroyed resource 'particles/fire_blurry_soft.mat'
  Destroyed resource 'C:/_Job/Frictional/the_bunker/game/redist/particles/fire/molotov_light.ps'
  Destroyed resource 'particles/fire/materials/ember.dds'
  Destroyed resource 'particles/fire/materials/ember_add.mat'
  Destroyed resource 'C:/Users/aaron/Documents/Work/Amnesia2/trunk/redist/mods/official_the_bunker/assets/particles/torch_fire.ps'
  Destroyed resource 'ghoul_ceiling_dust.ps'
  Destroyed resource 'particles/dust/materials/ash_flake.dds'
  Destroyed resource 'particles/dust/materials/ash_flake_light.mat'
  Destroyed resource 'particles/dust/materials/dust_cloud_noDof.mat'
  Destroyed resource 'bullet_impact_wood_bright.ps'
  Destroyed resource 'particles/dark_world/materials/rift_levitating_rocks.dds'
  Destroyed resource 'particles/dark_world/materials/rift_levitating_rocks_nrm.dds'
  Destroyed resource 'particles/dark_world/materials/rift_levitating_rocks.mat'
  Destroyed resource 'C:/Program Files (x86)/Steam/steamapps/common/Amnesia The Bunker/mods/BunkersEdge/particles/dark_world/rift_tin_hinan_tomb_levitating_rocks.ps'
  Destroyed resource 'particles/dust/materials/dust_cloud_softParticlesOn.mat'
  Destroyed resource 'C:/Users/aaron/Documents/Work/bunker/redist/particles/flare_cloud.ps'
  Destroyed resource 'particles/underwater/materials/waterbubbles_small.dds'
  Destroyed resource 'particles/_temp/alex/waterbubbles_small.mat'
  Destroyed resource 'underwater.ps'
  Destroyed resource 'bullet_impact_blood_bright.ps'
  Destroyed resource 'particles/_temp/marc/sandstorm/dust_sandstorm_001.dds'
  Destroyed resource 'particles/smoke/materials/smoke_continous_animated_soft.mat'
  Destroyed resource 'C:/Users/aaron/Documents/Work/bunker/redist/particles/flare_flame.ps'
  Destroyed resource 'particles/dust/materials/dust_sand_long_thin.dds'
  Destroyed resource 'particles/dust/materials/dust_sand_long_thin.mat'
  Destroyed resource 'bombing_effect.ps'
  Destroyed resource 'particles/impacts/materials/particle_dirt.dds'
  Destroyed resource 'particles/impacts/materials/ps_dirt.mat'
  Destroyed resource 'bullet_impact_dirt_bright.ps'
  Destroyed resource 'particles/level_specific/03_06_ghouls_nest/spark.dds'
  Destroyed resource 'particles/level_specific/03_06_ghouls_nest/spark.mat'
  Destroyed resource 'sparks_tiny.ps'
  Destroyed resource 'dust_impact_door_hit.ps'
  Destroyed resource 'C:/Program Files (x86)/Steam/steamapps/common/Amnesia The Bunker/particles/smoke/smoke_steam_continuos.ps'
  Destroyed resource 'bullet_impact_blood.ps'
  Destroyed resource 'particles/dust/materials/dust_cloud_subdiv.mat'
  Destroyed resource 'C:/Program Files (x86)/Steam/steamapps/common/Amnesia The Bunker/particles/smoke/smoke_steam_continuos_short.ps'
  Destroyed resource 'particles/fire/materials/heat_refraction.dds'
  Destroyed resource 'particles/fire/materials/heat_refraction_nrm.dds'
  Destroyed resource 'particles/fire/materials/heat_refraction.mat'
  Destroyed resource 'C:/Program Files (x86)/Steam/steamapps/common/Amnesia The Bunker/mods/BunkersEdge/particles/dark_world/rift_refraction.ps'
  Destroyed resource 'particles/impacts/materials/ps_dust.mat'
  Destroyed resource 'bullet_impact_metal.ps'
  Destroyed resource 'bullet_impact_rock_bright.ps'
  Destroyed resource 'particles/fire/materials/fire_coal_tiny.dds'
  Destroyed resource 'particles/fire/materials/fire_coal_tiny.mat'
  Destroyed resource 'C:/Program Files (x86)/Steam/steamapps/common/Amnesia The Bunker/mods/BunkersEdge/particles/dark_world/rift_smoke_glow_ashes.ps'
  Destroyed resource 'particles/water/materials/particle_water_splash.dds'
  Destroyed resource 'particles/water/materials/particle_water_splash_nrm.dds'
  Destroyed resource 'particles/water/materials/water_splash_small.mat'
  Destroyed resource 'fuel_throw.ps'
  Destroyed resource 'particles/dust/materials/dust_light_tiny.dds'
  Destroyed resource 'particles/dust/materials/dust_light_tiny_add.mat'
  Destroyed resource 'C:/Program Files (x86)/Steam/steamapps/common/Amnesia The Bunker/mods/BunkersEdge/particles/dark_world/dark_world_wind_3.ps'
  Destroyed resource 'particles/dust/materials/dust_cloud_lightlevel.mat'
  Destroyed resource 'particles/debris/materials/rock_debris_nrm.dds'
  Destroyed resource 'particles/debris/materials/rock_debris_spec.dds'
  Destroyed resource 'particles/debris/materials/rock_debris.dds'
  Destroyed resource 'particles/debris/materials/rock_debris.mat'
  Destroyed resource 'particles/dust/materials/dust_cloud.dds'
  Destroyed resource 'particles/dust/materials/dust_cloud.mat'
  Destroyed resource 'ghoul_hole_dust_pre_emerge.ps'
  Destroyed resource 'particles/impacts/materials/particle_dust.dds'
  Destroyed resource 'particles/impacts/materials/ps_dust_ignore_light.mat'
  Destroyed resource 'particles/impacts/materials/particle_spark.dds'
  Destroyed resource 'particles/impacts/materials/ps_spark.mat'
  Destroyed resource 'bullet_impact_metal_bright.ps'
  Destroyed resource 'particles/dust/materials/sandmonster_movement_dust_cloud.dds'
  Destroyed resource 'particles/dust/materials/sandmonster_movement_dust_cloud.mat'
  Destroyed resource 'sand_slide.ps'
 Done with particles
 Done with sounds
 Done with meshes
  Destroyed resource 'textures/pork/those_who_pork.png'
  Destroyed resource 'textures/pork/those_who_pork.mat'
 Done with materials
 Done with Gpu programs
 Done with images
 Stopped texture stream thread
  Destroyed resource 'mods/BunkersEdge/textures/colorgrading/grading_parkour_new.dds'
  Destroyed resource 'grading_default.dds'
  Destroyed resource 'core_value_noise.dds'
  Destroyed resource 'core_dissolve_array.dds'
  Destroyed resource 'core_bokeh.tga'
 Destroyed all textures
 Done with sound entities
  Destroyed resource 'c:/Program Files (x86)/Steam/steamapps/common/Amnesia The Bunker/entities/character/stalker/animations/stalker_shot_start.anm'
  Destroyed resource 'c:/Program Files (x86)/Steam/steamapps/common/Amnesia The Bunker/entities/character/stalker/animations/stalker_alert.anm'
  Destroyed resource 'c:/Program Files (x86)/Steam/steamapps/common/Amnesia The Bunker/entities/character/stalker/animations/stalker_jump_twice_long_hanging.anm'
  Destroyed resource 'c:/Program Files (x86)/Steam/steamapps/common/Amnesia The Bunker/entities/character/stalker/animations/stalker_hole_reach_out_end_l.anm'
  Destroyed resource 'c:/Program Files (x86)/Steam/steamapps/common/Amnesia The Bunker/entities/character/stalker/animations/stalker_glimpse_left_45_start.anm'
  Destroyed resource 'c:/Program Files (x86)/Steam/steamapps/common/Amnesia The Bunker/entities/character/stalker/animations/stalker_throw_back_standing_2.anm'
  Destroyed resource 'c:/Program Files (x86)/Steam/steamapps/common/Amnesia The Bunker/entities/character/stalker/animations/stalker_walk_turn_left.anm'
  Destroyed resource 'c:/Program Files (x86)/Steam/steamapps/common/Amnesia The Bunker/entities/character/stalker/animations/stalker_rage_idle.anm'
  Destroyed resource 'c:/Program Files (x86)/Steam/steamapps/common/Amnesia The Bunker/entities/character/stalker/animations/stalker_hit_obstacle_shoulder.anm'
  Destroyed resource 'c:/Program Files (x86)/Steam/steamapps/common/Amnesia The Bunker/entities/character/stalker/animations/stalker_idle_to_fall.anm'
  Destroyed resource 'c:/Program Files (x86)/Steam/steamapps/common/Amnesia The Bunker/entities/character/stalker/animations/stalker_glimpse_ahead_loop.anm'
  Destroyed resource 'c:/Program Files (x86)/Steam/steamapps/common/Amnesia The Bunker/entities/character/stalker/animations/stalker_hole_reach_out_2.anm'
  Destroyed resource 'c:/Program Files (x86)/Steam/steamapps/common/Amnesia The Bunker/entities/character/stalker/animations/stalker_prisoner_german_death.anm'
  Destroyed resource 'c:/Program Files (x86)/Steam/steamapps/common/Amnesia The Bunker/entities/character/stalker/animations/stalker_throw_front_crouching.anm'
  Destroyed resource 'c:/Program Files (x86)/Steam/steamapps/common/Amnesia The Bunker/entities/character/stalker/animations/stalker_walk_2legs_2.anm'
  Destroyed resource 'c:/Program Files (x86)/Steam/steamapps/common/Amnesia The Bunker/entities/character/stalker/animations/stalker_head_mouth_1.anm'
  Destroyed resource 'c:/Program Files (x86)/Steam/steamapps/common/Amnesia The Bunker/entities/character/stalker/animations/stalker_fall_loop.anm'
  Destroyed resource 'c:/Program Files (x86)/Steam/steamapps/common/Amnesia The Bunker/entities/character/stalker/animations/stalker_jump_long_hanging.anm'
  Destroyed resource 'c:/Program Files (x86)/Steam/steamapps/common/Amnesia The Bunker/entities/character/stalker/animations/stalker_hole_reach_out_3.anm'
  Destroyed resource 'c:/Program Files (x86)/Steam/steamapps/common/Amnesia The Bunker/entities/character/stalker/animations/stalker_glimpse_right_45_loop.anm'
  Destroyed resource 'c:/Program Files (x86)/Steam/steamapps/common/Amnesia The Bunker/entities/character/stalker/animations/stalker_cramped_walk_loop.anm'
  Destroyed resource 'c:/Program Files (x86)/Steam/steamapps/common/Amnesia The Bunker/entities/character/stalker/animations/stalker_head_twitch_3.anm'
  Destroyed resource 'c:/Program Files (x86)/Steam/steamapps/common/Amnesia The Bunker/entities/character/stalker/animations/stalker_cramped_alert_hunched_step_back.anm'
  Destroyed resource 'c:/Program Files (x86)/Steam/steamapps/common/Amnesia The Bunker/entities/character/stalker/animations/stalker_glimpse_right_45_end.anm'
  Destroyed resource 'c:/Program Files (x86)/Steam/steamapps/common/Amnesia The Bunker/entities/character/stalker/animations/stalker_walk_2legs_1.anm'
  Destroyed resource 'c:/Program Files (x86)/Steam/steamapps/common/Amnesia The Bunker/entities/character/stalker/animations/stalker_hit_obstacle_shove.anm'
  Destroyed resource 'c:/Program Files (x86)/Steam/steamapps/common/Amnesia The Bunker/entities/character/stalker/animations/stalker_glimpse_left_45_end.anm'
  Destroyed resource 'c:/Program Files (x86)/Steam/steamapps/common/Amnesia The Bunker/entities/character/stalker/animations/stalker_head_mouth_3.anm'
  Destroyed resource 'c:/Program Files (x86)/Steam/steamapps/common/Amnesia The Bunker/entities/character/stalker/animations/stalker_climb_up_platform_1_extra_long.anm'
  Destroyed resource 'c:/Program Files (x86)/Steam/steamapps/common/Amnesia The Bunker/entities/character/stalker/animations/stalker_crawl_into_hole.anm'
  Destroyed resource 'c:/Program Files (x86)/Steam/steamapps/common/Amnesia The Bunker/entities/character/stalker/animations/stalker_throw_left_crouching.anm'
  Destroyed resource 'c:/Program Files (x86)/Steam/steamapps/common/Amnesia The Bunker/entities/character/stalker/animations/stalker_throw_back_standing_1.anm'
  Destroyed resource 'c:/Program Files (x86)/Steam/steamapps/common/Amnesia The Bunker/entities/character/stalker/animations/stalker_glimpse_left_45_loop.anm'
  Destroyed resource 'c:/Program Files (x86)/Steam/steamapps/common/Amnesia The Bunker/entities/character/stalker/animations/stalker_jump_short.anm'
  Destroyed resource 'c:/Program Files (x86)/Steam/steamapps/common/Amnesia The Bunker/entities/character/stalker/animations/stalker_cramped_alert_hunched.anm'
  Destroyed resource 'c:/Program Files (x86)/Steam/steamapps/common/Amnesia The Bunker/entities/character/stalker/animations/stalker_head_twist_5.anm'
  Destroyed resource 'c:/Program Files (x86)/Steam/steamapps/common/Amnesia The Bunker/entities/character/stalker/animations/stalker_turn_90_right.anm'
  Destroyed resource 'c:/Program Files (x86)/Steam/steamapps/common/Amnesia The Bunker/entities/character/stalker/animations/stalker_idle_patrol_extra_2.anm'
  Destroyed resource 'c:/Program Files (x86)/Steam/steamapps/common/Amnesia The Bunker/entities/character/stalker/animations/stalker_jump_fail.anm'
  Destroyed resource 'c:/Program Files (x86)/Steam/steamapps/common/Amnesia The Bunker/entities/character/stalker/animations/stalker_idle_to_fall_2.anm'
  Destroyed resource 'c:/Program Files (x86)/Steam/steamapps/common/Amnesia The Bunker/entities/character/stalker/animations/stalker_open_door_outward_right.anm'
  Destroyed resource 'c:/Program Files (x86)/Steam/steamapps/common/Amnesia The Bunker/entities/character/stalker/animations/stalker_shot_get_up_1.anm'
  Destroyed resource 'c:/Program Files (x86)/Steam/steamapps/common/Amnesia The Bunker/entities/character/stalker/animations/stalker_glimpse_right_90_end.anm'
  Destroyed resource 'c:/Program Files (x86)/Steam/steamapps/common/Amnesia The Bunker/entities/character/stalker/animations/stalker_crawl_out_hole.anm'
  Destroyed resource 'c:/Program Files (x86)/Steam/steamapps/common/Amnesia The Bunker/entities/character/stalker/animations/stalker_run_turn_left.anm'
  Destroyed resource 'c:/Program Files (x86)/Steam/steamapps/common/Amnesia The Bunker/entities/character/stalker/animations/stalker_run_loop.anm'
  Destroyed resource 'c:/Program Files (x86)/Steam/steamapps/common/Amnesia The Bunker/entities/character/stalker/animations/stalker_hit_obstacle_sweep.anm'
  Destroyed resource 'c:/Program Files (x86)/Steam/steamapps/common/Amnesia The Bunker/entities/character/stalker/animations/stalker_look_around_right.anm'
  Destroyed resource 'c:/Program Files (x86)/Steam/steamapps/common/Amnesia The Bunker/entities/character/stalker/animations/stalker_glimpse_left_90_loop.anm'
  Destroyed resource 'c:/Program Files (x86)/Steam/steamapps/common/Amnesia The Bunker/entities/character/stalker/animations/stalker_hole_reach_out_1.anm'
  Destroyed resource 'c:/Program Files (x86)/Steam/steamapps/common/Amnesia The Bunker/entities/character/stalker/animations/stalker_run_turn_right.anm'
  Destroyed resource 'c:/Program Files (x86)/Steam/steamapps/common/Amnesia The Bunker/entities/character/stalker/animations/stalker_jump_long.anm'
  Destroyed resource 'c:/Program Files (x86)/Steam/steamapps/common/Amnesia The Bunker/entities/character/stalker/animations/stalker_glimpse_left_90_end.anm'
  Destroyed resource 'c:/Program Files (x86)/Steam/steamapps/common/Amnesia The Bunker/entities/character/stalker/animations/stalker_hole_reach_out_end_r.anm'
  Destroyed resource 'c:/Program Files (x86)/Steam/steamapps/common/Amnesia The Bunker/entities/character/stalker/animations/stalker_death_back.anm'
  Destroyed resource 'c:/Program Files (x86)/Steam/steamapps/common/Amnesia The Bunker/entities/character/stalker/animations/stalker_open_door_inward_right.anm'
  Destroyed resource 'c:/Program Files (x86)/Steam/steamapps/common/Amnesia The Bunker/entities/character/stalker/animations/stalker_crouch_idle.anm'
  Destroyed resource 'c:/Program Files (x86)/Steam/steamapps/common/Amnesia The Bunker/entities/character/stalker/animations/stalker_turn_right_180_slow.anm'
  Destroyed resource 'c:/Program Files (x86)/Steam/steamapps/common/Amnesia The Bunker/entities/character/stalker/animations/stalker_walk_2legs_2_cramped.anm'
  Destroyed resource 'c:/Program Files (x86)/Steam/steamapps/common/Amnesia The Bunker/entities/character/stalker/animations/stalker_look_around.anm'
  Destroyed resource 'c:/Program Files (x86)/Steam/steamapps/common/Amnesia The Bunker/entities/character/stalker/animations/stalker_head_twist_1.anm'
  Destroyed resource 'c:/Program Files (x86)/Steam/steamapps/common/Amnesia The Bunker/entities/character/stalker/animations/stalker_rabbit_doll_end.anm'
  Destroyed resource 'c:/Program Files (x86)/Steam/steamapps/common/Amnesia The Bunker/entities/character/stalker/animations/stalker_glimpse_left_90_start.anm'
  Destroyed resource 'c:/Program Files (x86)/Steam/steamapps/common/Amnesia The Bunker/entities/character/stalker/animations/stalker_crawl_out_of_hole_ending.anm'
  Destroyed resource 'c:/Program Files (x86)/Steam/steamapps/common/Amnesia The Bunker/entities/character/stalker/animations/stalker_walk_backward_loop.anm'
  Destroyed resource 'c:/Program Files (x86)/Steam/steamapps/common/Amnesia The Bunker/entities/character/stalker/animations/stalker_head_twist_4.anm'
  Destroyed resource 'c:/Program Files (x86)/Steam/steamapps/common/Amnesia The Bunker/entities/character/stalker/animations/stalker_climb_up_platform_1.anm'
  Destroyed resource 'c:/Program Files (x86)/Steam/steamapps/common/Amnesia The Bunker/entities/character/stalker/animations/stalker_alert_shot_start.anm'
  Destroyed resource 'c:/Program Files (x86)/Steam/steamapps/common/Amnesia The Bunker/entities/character/stalker/animations/stalker_second_shot_run.anm'
  Destroyed resource 'c:/Program Files (x86)/Steam/steamapps/common/Amnesia The Bunker/entities/character/stalker/animations/stalker_hit_obstacle.anm'
  Destroyed resource 'c:/Program Files (x86)/Steam/steamapps/common/Amnesia The Bunker/entities/character/stalker/animations/stalker_cramped_rage_walk_loop.anm'
  Destroyed resource 'c:/Program Files (x86)/Steam/steamapps/common/Amnesia The Bunker/entities/character/stalker/animations/stalker_exit_hole_turn_right_90.anm'
  Destroyed resource 'c:/Program Files (x86)/Steam/steamapps/common/Amnesia The Bunker/entities/character/stalker/animations/stalker_turn_90_right_slow.anm'
  Destroyed resource 'c:/Program Files (x86)/Steam/steamapps/common/Amnesia The Bunker/entities/character/stalker/animations/stalker_throw_right_standing.anm'
  Destroyed resource 'c:/Program Files (x86)/Steam/steamapps/common/Amnesia The Bunker/entities/character/stalker/animations/stalker_glimpse_right_45_start.anm'
  Destroyed resource 'c:/Program Files (x86)/Steam/steamapps/common/Amnesia The Bunker/entities/character/stalker/animations/stalker_stalk_idle.anm'
  Destroyed resource 'c:/Program Files (x86)/Steam/steamapps/common/Amnesia The Bunker/entities/character/stalker/animations/stalker_second_shot_idle.anm'
  Destroyed resource 'c:/Program Files (x86)/Steam/steamapps/common/Amnesia The Bunker/entities/character/stalker/animations/stalker_flinch.anm'
  Destroyed resource 'c:/Program Files (x86)/Steam/steamapps/common/Amnesia The Bunker/entities/character/stalker/animations/stalker_rage_walk.anm'
  Destroyed resource 'c:/Program Files (x86)/Steam/steamapps/common/Amnesia The Bunker/entities/character/stalker/animations/stalker_fall_start_2.anm'
  Destroyed resource 'c:/Program Files (x86)/Steam/steamapps/common/Amnesia The Bunker/entities/character/stalker/animations/stalker_turn180_jump_short.anm'
  Destroyed resource 'c:/Program Files (x86)/Steam/steamapps/common/Amnesia The Bunker/entities/character/stalker/animations/stalker_head_twitch_4.anm'
  Destroyed resource 'c:/Program Files (x86)/Steam/steamapps/common/Amnesia The Bunker/entities/character/stalker/animations/stalker_throw_left_standing.anm'
  Destroyed resource 'c:/Program Files (x86)/Steam/steamapps/common/Amnesia The Bunker/entities/character/stalker/animations/stalker_sit_start.anm'
  Destroyed resource 'c:/Program Files (x86)/Steam/steamapps/common/Amnesia The Bunker/entities/character/stalker/animations/stalker_turn_90_left.anm'
  Destroyed resource 'c:/Program Files (x86)/Steam/steamapps/common/Amnesia The Bunker/entities/character/stalker/animations/stalker_idle_patrol_extra_1.anm'
  Destroyed resource 'c:/Program Files (x86)/Steam/steamapps/common/Amnesia The Bunker/entities/character/stalker/animations/stalker_shot_body.anm'
  Destroyed resource 'c:/Program Files (x86)/Steam/steamapps/common/Amnesia The Bunker/entities/character/stalker/animations/stalker_head_twitch_5.anm'
  Destroyed resource 'c:/Program Files (x86)/Steam/steamapps/common/Amnesia The Bunker/entities/character/stalker/animations/stalker_walk_turn_right.anm'
  Destroyed resource 'c:/Program Files (x86)/Steam/steamapps/common/Amnesia The Bunker/entities/character/stalker/animations/stalker_exit_hole_turn_left_90.anm'
  Destroyed resource 'c:/Program Files (x86)/Steam/steamapps/common/Amnesia The Bunker/entities/character/stalker/animations/stalker_rabbit_doll.anm'
  Destroyed resource 'c:/Program Files (x86)/Steam/steamapps/common/Amnesia The Bunker/entities/character/stalker/animations/stalker_head_twist_3.anm'
  Destroyed resource 'c:/Program Files (x86)/Steam/steamapps/common/Amnesia The Bunker/entities/character/stalker/animations/stalker_cramped_stalk_walk_loop.anm'
  Destroyed resource 'c:/Program Files (x86)/Steam/steamapps/common/Amnesia The Bunker/entities/character/stalker/animations/stalker_look_around_left.anm'
  Destroyed resource 'c:/Program Files (x86)/Steam/steamapps/common/Amnesia The Bunker/entities/character/stalker/animations/stalker_death_hole_front.anm'
  Destroyed resource 'c:/Program Files (x86)/Steam/steamapps/common/Amnesia The Bunker/entities/character/stalker/animations/stalker_cramped_alert.anm'
  Destroyed resource 'c:/Program Files (x86)/Steam/steamapps/common/Amnesia The Bunker/entities/character/stalker/animations/stalker_climb_up_platform_2.anm'
  Destroyed resource 'c:/Program Files (x86)/Steam/steamapps/common/Amnesia The Bunker/entities/character/stalker/animations/stalker_death_hole_back.anm'
  Destroyed resource 'c:/Program Files (x86)/Steam/steamapps/common/Amnesia The Bunker/entities/character/stalker/animations/stalker_turn_right_180.anm'
  Destroyed resource 'c:/Program Files (x86)/Steam/steamapps/common/Amnesia The Bunker/entities/character/stalker/animations/stalker_walk_loop.anm'
  Destroyed resource 'c:/Program Files (x86)/Steam/steamapps/common/Amnesia The Bunker/entities/character/stalker/animations/stalker_open_door_outward_left.anm'
  Destroyed resource 'c:/Program Files (x86)/Steam/steamapps/common/Amnesia The Bunker/entities/character/stalker/animations/stalker_head_twitch_2.anm'
  Destroyed resource 'c:/Program Files (x86)/Steam/steamapps/common/Amnesia The Bunker/entities/character/stalker/animations/stalker_shot_get_up_2.anm'
  Destroyed resource 'c:/Program Files (x86)/Steam/steamapps/common/Amnesia The Bunker/entities/character/stalker/animations/stalker_throw_back_crouching_1.anm'
  Destroyed resource 'c:/Program Files (x86)/Steam/steamapps/common/Amnesia The Bunker/entities/character/stalker/animations/stalker_throw_right_crouching.anm'
  Destroyed resource 'c:/Program Files (x86)/Steam/steamapps/common/Amnesia The Bunker/entities/character/stalker/animations/stalker_fall_start.anm'
  Destroyed resource 'c:/Program Files (x86)/Steam/steamapps/common/Amnesia The Bunker/entities/character/stalker/animations/stalker_head_mouth_5.anm'
  Destroyed resource 'c:/Program Files (x86)/Steam/steamapps/common/Amnesia The Bunker/entities/character/stalker/animations/stalker_second_shot_alert.anm'
  Destroyed resource 'c:/Program Files (x86)/Steam/steamapps/common/Amnesia The Bunker/entities/character/stalker/animations/stalker_go_through_vent_right.anm'
  Destroyed resource 'c:/Program Files (x86)/Steam/steamapps/common/Amnesia The Bunker/entities/character/stalker/animations/stalker_open_door_inward_left.anm'
  Destroyed resource 'c:/Program Files (x86)/Steam/steamapps/common/Amnesia The Bunker/entities/character/stalker/animations/stalker_sit_end.anm'
  Destroyed resource 'c:/Program Files (x86)/Steam/steamapps/common/Amnesia The Bunker/entities/character/stalker/animations/stalker_death_hole_right.anm'
  Destroyed resource 'c:/Program Files (x86)/Steam/steamapps/common/Amnesia The Bunker/entities/character/stalker/animations/stalker_glimpse_right_90_loop.anm'
  Destroyed resource 'c:/Program Files (x86)/Steam/steamapps/common/Amnesia The Bunker/entities/character/stalker/animations/stalker_death_under.anm'
  Destroyed resource 'c:/Program Files (x86)/Steam/steamapps/common/Amnesia The Bunker/entities/character/stalker/animations/stalker_glimpse_ahead_end.anm'
  Destroyed resource 'c:/Program Files (x86)/Steam/steamapps/common/Amnesia The Bunker/entities/character/stalker/animations/stalker_head_twitch_1.anm'
  Destroyed resource 'c:/Program Files (x86)/Steam/steamapps/common/Amnesia The Bunker/entities/character/stalker/animations/stalker_hit_obstacle_smash.anm'
  Destroyed resource 'c:/Program Files (x86)/Steam/steamapps/common/Amnesia The Bunker/entities/character/stalker/animations/stalker_head_twist_2.anm'
  Destroyed resource 'c:/Program Files (x86)/Steam/steamapps/common/Amnesia The Bunker/entities/character/stalker/animations/stalker_run_shot_start.anm'
  Destroyed resource 'c:/Program Files (x86)/Steam/steamapps/common/Amnesia The Bunker/entities/character/stalker/animations/stalker_turn_90_left_slow.anm'
  Destroyed resource 'c:/Program Files (x86)/Steam/steamapps/common/Amnesia The Bunker/entities/character/stalker/animations/stalker_death_hole_left.anm'
  Destroyed resource 'c:/Program Files (x86)/Steam/steamapps/common/Amnesia The Bunker/entities/character/stalker/animations/stalker_idle_patrol_extra_3.anm'
  Destroyed resource 'c:/Program Files (x86)/Steam/steamapps/common/Amnesia The Bunker/entities/character/stalker/animations/stalker_death_front.anm'
  Destroyed resource 'c:/Program Files (x86)/Steam/steamapps/common/Amnesia The Bunker/entities/character/stalker/animations/stalker_throw_front_standing.anm'
  Destroyed resource 'c:/Program Files (x86)/Steam/steamapps/common/Amnesia The Bunker/entities/character/stalker/animations/stalker_glimpse_ahead_start.anm'
  Destroyed resource 'c:/Program Files (x86)/Steam/steamapps/common/Amnesia The Bunker/entities/character/stalker/animations/stalker_stalk_walk.anm'
  Destroyed resource 'c:/Program Files (x86)/Steam/steamapps/common/Amnesia The Bunker/entities/character/stalker/animations/stalker_climb_up_platform_2_extra_long.anm'
  Destroyed resource 'c:/Program Files (x86)/Steam/steamapps/common/Amnesia The Bunker/entities/character/stalker/animations/stalker_shrug_off.anm'
  Destroyed resource 'c:/Program Files (x86)/Steam/steamapps/common/Amnesia The Bunker/entities/character/stalker/animations/stalker_death_ladder.anm'
  Destroyed resource 'c:/Program Files (x86)/Steam/steamapps/common/Amnesia The Bunker/entities/character/stalker/animations/stalker_glimpse_right_90_start.anm'
  Destroyed resource 'c:/Program Files (x86)/Steam/steamapps/common/Amnesia The Bunker/entities/character/stalker/animations/stalker_sit_loop.anm'
 Done with animations
 Done with ent files
 All resources deleted
--------------------------------------------------------

Exiting Physics Module
--------------------------------------------------------
--------------------------------------------------------

Exiting System Module
--------------------------------------------------------
--------------------------------------------------------

Exiting Lipsync Module
--------------------------------------------------------
--------------------------------------------------------

 Deleting game setup provided by user
- Deleting lowlevel stuff.
  Script
  Physics
  Sound
  Input
  Resources
  System
  Graphics
  Haptic
  Lipsync
HPL Exit was successful!

|--Memory Manager Report-------------------------------|
|
| No memory leaks detected. Memory left: 0
|
|------------------------------------------------------|

